[2853/4252] native | swap_t1_np_sf_ai_00003_001.cvc.smt2 -> ok  80.4527 ms  17024 KB  nodes=45
[2854/4252] pysmt | swap_t1_np_sf_ai_00003_001.cvc.smt2 -> ok  14.2565 ms  21212 KB  nodes=46
[2855/4252] jsmtlib | swap_t1_np_sf_ai_00003_001.cvc.smt2 -> ok  3176.3 ms  2048 KB  nodes=117
[2856/4252] z3 | swap_t1_np_sf_ai_00003_001.cvc.smt2 -> ok  21.98 ms  7808 KB  nodes=77
[2857/4252] antlr4 | swap_t1_np_sf_ai_00003_001.cvc.smt2 -> ok  1866.62 ms  4096 KB  nodes=1044
[2858/4252] cvc5 | swap_t1_np_sf_ai_00003_001.cvc.smt2 -> ok  6.83444 ms  16768 KB  nodes=45
[2859/4252] smt-switch | swap_t1_np_sf_ai_00003_001.cvc.smt2 -> fail  13.3969 ms  9984 KB  nodes=0
[2860/4252] native | swap_t2_np_nf_ai_00003_004.cvc.smt2 -> ok  58.5687 ms  17024 KB  nodes=1
[2861/4252] pysmt | swap_t2_np_nf_ai_00003_004.cvc.smt2 -> ok  5.10454 ms  21252 KB  nodes=18
[2862/4252] jsmtlib | swap_t2_np_nf_ai_00003_004.cvc.smt2 -> ok  3257.07 ms  2048 KB  nodes=43
[2863/4252] z3 | swap_t2_np_nf_ai_00003_004.cvc.smt2 -> ok  32.872 ms  7680 KB  nodes=18
[2864/4252] antlr4 | swap_t2_np_nf_ai_00003_004.cvc.smt2 -> ok  1239.89 ms  4096 KB  nodes=516
[2865/4252] cvc5 | swap_t2_np_nf_ai_00003_004.cvc.smt2 -> ok  3.1041 ms  16512 KB  nodes=18
[2866/4252] smt-switch | swap_t2_np_nf_ai_00003_004.cvc.smt2 -> fail  28.0635 ms  10240 KB  nodes=0
[2867/4252] native | storeinv_t3_np_nf_ai_00009_001.cvc.smt2 -> ok  65.9503 ms  17152 KB  nodes=50
[2868/4252] pysmt | storeinv_t3_np_nf_ai_00009_001.cvc.smt2 -> ok  9.80663 ms  21208 KB  nodes=51
[2869/4252] jsmtlib | storeinv_t3_np_nf_ai_00009_001.cvc.smt2 -> ok  2509.7 ms  2048 KB  nodes=98
[2870/4252] z3 | storeinv_t3_np_nf_ai_00009_001.cvc.smt2 -> ok  39.298 ms  7808 KB  nodes=52
[2871/4252] antlr4 | storeinv_t3_np_nf_ai_00009_001.cvc.smt2 -> ok  1174.39 ms  4096 KB  nodes=1192
[2872/4252] cvc5 | storeinv_t3_np_nf_ai_00009_001.cvc.smt2 -> ok  313.25 ms  17536 KB  nodes=50
[2873/4252] smt-switch | storeinv_t3_np_nf_ai_00009_001.cvc.smt2 -> fail  16.5972 ms  10112 KB  nodes=0
[2874/4252] native | swap_invalid_t1_np_nf_ai_00002_006.cvc.s -> ok  78.3778 ms  17152 KB  nodes=11
[2875/4252] pysmt | swap_invalid_t1_np_nf_ai_00002_006.cvc.s -> ok  7.81894 ms  21388 KB  nodes=18
[2876/4252] jsmtlib | swap_invalid_t1_np_nf_ai_00002_006.cvc.s -> ok  2560.85 ms  2048 KB  nodes=39
[2877/4252] z3 | swap_invalid_t1_np_nf_ai_00002_006.cvc.s -> ok  29.645 ms  7808 KB  nodes=18
[2878/4252] antlr4 | swap_invalid_t1_np_nf_ai_00002_006.cvc.s -> ok  1477.95 ms  4096 KB  nodes=491
[2879/4252] cvc5 | swap_invalid_t1_np_nf_ai_00002_006.cvc.s -> ok  10.6588 ms  16256 KB  nodes=18
[2880/4252] smt-switch | swap_invalid_t1_np_nf_ai_00002_006.cvc.s -> fail  7.41121 ms  10112 KB  nodes=0
[2881/4252] native | swap_t1_np_nf_ai_00005_005.cvc.smt2 -> ok  41.5495 ms  17024 KB  nodes=1
[2882/4252] pysmt | swap_t1_np_nf_ai_00005_005.cvc.smt2 -> ok  17.5037 ms  21384 KB  nodes=46
[2883/4252] jsmtlib | swap_t1_np_nf_ai_00005_005.cvc.smt2 -> ok  3804.18 ms  2048 KB  nodes=80
[2884/4252] z3 | swap_t1_np_nf_ai_00005_005.cvc.smt2 -> ok  79.463 ms  7808 KB  nodes=46
[2885/4252] antlr4 | swap_t1_np_nf_ai_00005_005.cvc.smt2 -> ok  2567.42 ms  4096 KB  nodes=1048
[2886/4252] cvc5 | swap_t1_np_nf_ai_00005_005.cvc.smt2 -> ok  108.678 ms  17152 KB  nodes=46
[2887/4252] smt-switch | swap_t1_np_nf_ai_00005_005.cvc.smt2 -> fail  5.63741 ms  10112 KB  nodes=0
[2888/4252] native | storeinv_t1_np_sf_ai_00002_001.cvc.smt2 -> ok  119.456 ms  17152 KB  nodes=31
[2889/4252] pysmt | storeinv_t1_np_sf_ai_00002_001.cvc.smt2 -> ok  6.11258 ms  21380 KB  nodes=32
[2890/4252] jsmtlib | storeinv_t1_np_sf_ai_00002_001.cvc.smt2 -> ok  3730.69 ms  2048 KB  nodes=82
[2891/4252] z3 | storeinv_t1_np_sf_ai_00002_001.cvc.smt2 -> ok  37.364 ms  7808 KB  nodes=51
[2892/4252] antlr4 | storeinv_t1_np_sf_ai_00002_001.cvc.smt2 -> ok  1565.03 ms  4096 KB  nodes=739
[2893/4252] cvc5 | storeinv_t1_np_sf_ai_00002_001.cvc.smt2 -> ok  4.2802 ms  16384 KB  nodes=31
[2894/4252] smt-switch | storeinv_t1_np_sf_ai_00002_001.cvc.smt2 -> fail  3.27014 ms  10112 KB  nodes=0
[2895/4252] native | swap_invalid_t1_np_nf_ai_00005_003.cvc.s -> ok  69.5788 ms  16896 KB  nodes=19
[2896/4252] pysmt | swap_invalid_t1_np_nf_ai_00005_003.cvc.s -> ok  19.1545 ms  21300 KB  nodes=33
[2897/4252] jsmtlib | swap_invalid_t1_np_nf_ai_00005_003.cvc.s -> ok  2872.77 ms  2048 KB  nodes=70
[2898/4252] z3 | swap_invalid_t1_np_nf_ai_00005_003.cvc.s -> ok  49.276 ms  7680 KB  nodes=33
[2899/4252] antlr4 | swap_invalid_t1_np_nf_ai_00005_003.cvc.s -> ok  1456.44 ms  4096 KB  nodes=877
[2900/4252] cvc5 | swap_invalid_t1_np_nf_ai_00005_003.cvc.s -> ok  5.84448 ms  16640 KB  nodes=33
[2901/4252] smt-switch | swap_invalid_t1_np_nf_ai_00005_003.cvc.s -> fail  5.70228 ms  9984 KB  nodes=0
[2902/4252] native | storeinv_invalid_t3_np_nf_ai_00006_001.c -> ok  47.4766 ms  17152 KB  nodes=33
[2903/4252] pysmt | storeinv_invalid_t3_np_nf_ai_00006_001.c -> ok  14.4486 ms  21576 KB  nodes=36
[2904/4252] jsmtlib | storeinv_invalid_t3_np_nf_ai_00006_001.c -> ok  3234.18 ms  2048 KB  nodes=71
[2905/4252] z3 | storeinv_invalid_t3_np_nf_ai_00006_001.c -> ok  64.34 ms  7808 KB  nodes=37
[2906/4252] antlr4 | storeinv_invalid_t3_np_nf_ai_00006_001.c -> ok  1988.59 ms  4096 KB  nodes=853
[2907/4252] cvc5 | storeinv_invalid_t3_np_nf_ai_00006_001.c -> ok  10.7506 ms  16896 KB  nodes=35
[2908/4252] smt-switch | storeinv_invalid_t3_np_nf_ai_00006_001.c -> fail  12.3144 ms  9728 KB  nodes=0
[2909/4252] native | swap_t1_np_nf_ai_00002_003.cvc.smt2 -> ok  72.8113 ms  17024 KB  nodes=1
[2910/4252] pysmt | swap_t1_np_nf_ai_00002_003.cvc.smt2 -> ok  7.94578 ms  21312 KB  nodes=14
[2911/4252] jsmtlib | swap_t1_np_nf_ai_00002_003.cvc.smt2 -> ok  2999.78 ms  2048 KB  nodes=34
[2912/4252] z3 | swap_t1_np_nf_ai_00002_003.cvc.smt2 -> ok  31.158 ms  7680 KB  nodes=14
[2913/4252] antlr4 | swap_t1_np_nf_ai_00002_003.cvc.smt2 -> ok  1372.4 ms  4096 KB  nodes=411
[2914/4252] cvc5 | swap_t1_np_nf_ai_00002_003.cvc.smt2 -> ok  4.29946 ms  16256 KB  nodes=14
[2915/4252] smt-switch | swap_t1_np_nf_ai_00002_003.cvc.smt2 -> fail  10.2743 ms  9984 KB  nodes=0
[2916/4252] native | swap_t2_np_nf_ai_00006_002.cvc.smt2 -> ok  78.4438 ms  17152 KB  nodes=1
[2917/4252] pysmt | swap_t2_np_nf_ai_00006_002.cvc.smt2 -> ok  24.4277 ms  21368 KB  nodes=55
[2918/4252] jsmtlib | swap_t2_np_nf_ai_00006_002.cvc.smt2 -> ok  2493.61 ms  2048 KB  nodes=94
[2919/4252] z3 | swap_t2_np_nf_ai_00006_002.cvc.smt2 -> ok  28.288 ms  7808 KB  nodes=55
[2920/4252] antlr4 | swap_t2_np_nf_ai_00006_002.cvc.smt2 -> ok  1584.34 ms  4096 KB  nodes=1235
[2921/4252] cvc5 | swap_t2_np_nf_ai_00006_002.cvc.smt2 -> ok  472.944 ms  18560 KB  nodes=55
[2922/4252] smt-switch | swap_t2_np_nf_ai_00006_002.cvc.smt2 -> fail  7.185 ms  9984 KB  nodes=0
[2923/4252] native | storeinv_invalid_t3_np_nf_ai_00008_001.c -> ok  44.2529 ms  17152 KB  nodes=43
[2924/4252] pysmt | storeinv_invalid_t3_np_nf_ai_00008_001.c -> ok  27.5269 ms  21180 KB  nodes=46
[2925/4252] jsmtlib | storeinv_invalid_t3_np_nf_ai_00008_001.c -> ok  4524.74 ms  2048 KB  nodes=89
[2926/4252] z3 | storeinv_invalid_t3_np_nf_ai_00008_001.c -> ok  40.523 ms  7808 KB  nodes=47
[2927/4252] antlr4 | storeinv_invalid_t3_np_nf_ai_00008_001.c -> ok  2025.54 ms  4096 KB  nodes=1079
[2928/4252] cvc5 | storeinv_invalid_t3_np_nf_ai_00008_001.c -> ok  32.8008 ms  16512 KB  nodes=45
[2929/4252] smt-switch | storeinv_invalid_t3_np_nf_ai_00008_001.c -> fail  24.2388 ms  10112 KB  nodes=0
[2930/4252] native | swap_invalid_t1_np_nf_ai_00006_009.cvc.s -> ok  64.3668 ms  17152 KB  nodes=27
[2931/4252] pysmt | swap_invalid_t1_np_nf_ai_00006_009.cvc.s -> ok  12.1007 ms  21560 KB  nodes=50
[2932/4252] jsmtlib | swap_invalid_t1_np_nf_ai_00006_009.cvc.s -> ok  1507.67 ms  2048 KB  nodes=89
[2933/4252] z3 | swap_invalid_t1_np_nf_ai_00006_009.cvc.s -> ok  26.845 ms  7808 KB  nodes=50
[2934/4252] antlr4 | swap_invalid_t1_np_nf_ai_00006_009.cvc.s -> ok  1586.92 ms  4096 KB  nodes=1153
[2935/4252] cvc5 | swap_invalid_t1_np_nf_ai_00006_009.cvc.s -> ok  24.8383 ms  17280 KB  nodes=50
[2936/4252] smt-switch | swap_invalid_t1_np_nf_ai_00006_009.cvc.s -> fail  7.23245 ms  10112 KB  nodes=0
[2937/4252] native | swap_t3_np_nf_ai_00005_008.cvc.smt2 -> ok  62.2073 ms  17152 KB  nodes=1
[2938/4252] pysmt | swap_t3_np_nf_ai_00005_008.cvc.smt2 -> ok  21.9364 ms  21180 KB  nodes=25
[2939/4252] jsmtlib | swap_t3_np_nf_ai_00005_008.cvc.smt2 -> ok  2746.49 ms  2048 KB  nodes=56
[2940/4252] z3 | swap_t3_np_nf_ai_00005_008.cvc.smt2 -> ok  24.865 ms  7808 KB  nodes=25
[2941/4252] antlr4 | swap_t3_np_nf_ai_00005_008.cvc.smt2 -> ok  1394.77 ms  4096 KB  nodes=692
[2942/4252] cvc5 | swap_t3_np_nf_ai_00005_008.cvc.smt2 -> ok  3.76257 ms  16640 KB  nodes=25
[2943/4252] smt-switch | swap_t3_np_nf_ai_00005_008.cvc.smt2 -> fail  16.4099 ms  9856 KB  nodes=0
[2944/4252] native | storeinv_t2_np_sf_ai_00001_001.cvc.smt2 -> ok  60.8883 ms  17024 KB  nodes=18
[2945/4252] pysmt | storeinv_t2_np_sf_ai_00001_001.cvc.smt2 -> ok  4.72355 ms  21524 KB  nodes=22
[2946/4252] jsmtlib | storeinv_t2_np_sf_ai_00001_001.cvc.smt2 -> ok  3815.16 ms  2048 KB  nodes=51
[2947/4252] z3 | storeinv_t2_np_sf_ai_00001_001.cvc.smt2 -> ok  37.2 ms  7808 KB  nodes=29
[2948/4252] antlr4 | storeinv_t2_np_sf_ai_00001_001.cvc.smt2 -> ok  1776.3 ms  4096 KB  nodes=472
[2949/4252] cvc5 | storeinv_t2_np_sf_ai_00001_001.cvc.smt2 -> ok  4.83616 ms  16128 KB  nodes=18
[2950/4252] smt-switch | storeinv_t2_np_sf_ai_00001_001.cvc.smt2 -> fail  3.30417 ms  9856 KB  nodes=0
[2951/4252] native | swap_invalid_t3_np_nf_ai_00007_007.cvc.s -> ok  158.948 ms  17024 KB  nodes=31
[2952/4252] pysmt | swap_invalid_t3_np_nf_ai_00007_007.cvc.s -> ok  16.0544 ms  21504 KB  nodes=49
[2953/4252] jsmtlib | swap_invalid_t3_np_nf_ai_00007_007.cvc.s -> ok  4354.88 ms  2048 KB  nodes=93
[2954/4252] z3 | swap_invalid_t3_np_nf_ai_00007_007.cvc.s -> ok  47.5 ms  7680 KB  nodes=49
[2955/4252] antlr4 | swap_invalid_t3_np_nf_ai_00007_007.cvc.s -> ok  1994.69 ms  4096 KB  nodes=1176
[2956/4252] cvc5 | swap_invalid_t3_np_nf_ai_00007_007.cvc.s -> ok  4.46238 ms  16768 KB  nodes=49
[2957/4252] smt-switch | swap_invalid_t3_np_nf_ai_00007_007.cvc.s -> fail  18.32 ms  10240 KB  nodes=0
[2958/4252] native | swap_t3_np_nf_ai_00007_009.cvc.smt2 -> ok  114.321 ms  17152 KB  nodes=1
[2959/4252] pysmt | swap_t3_np_nf_ai_00007_009.cvc.smt2 -> ok  15.7015 ms  21420 KB  nodes=56
[2960/4252] jsmtlib | swap_t3_np_nf_ai_00007_009.cvc.smt2 -> ok  3630.63 ms  2048 KB  nodes=96
[2961/4252] z3 | swap_t3_np_nf_ai_00007_009.cvc.smt2 -> ok  76.572 ms  7808 KB  nodes=56
[2962/4252] antlr4 | swap_t3_np_nf_ai_00007_009.cvc.smt2 -> ok  1483.96 ms  4096 KB  nodes=1250
[2963/4252] cvc5 | swap_t3_np_nf_ai_00007_009.cvc.smt2 -> ok  625.673 ms  19200 KB  nodes=56
[2964/4252] smt-switch | swap_t3_np_nf_ai_00007_009.cvc.smt2 -> fail  12.3235 ms  9856 KB  nodes=0
[2965/4252] native | swap_invalid_t3_np_nf_ai_00006_007.cvc.s -> ok  70.9645 ms  17152 KB  nodes=27
[2966/4252] pysmt | swap_invalid_t3_np_nf_ai_00006_007.cvc.s -> ok  6.88362 ms  21504 KB  nodes=51
[2967/4252] jsmtlib | swap_invalid_t3_np_nf_ai_00006_007.cvc.s -> ok  3039.9 ms  2048 KB  nodes=88
[2968/4252] z3 | swap_invalid_t3_np_nf_ai_00006_007.cvc.s -> ok  42.564 ms  7808 KB  nodes=51
[2969/4252] antlr4 | swap_invalid_t3_np_nf_ai_00006_007.cvc.s -> ok  1780.27 ms  4096 KB  nodes=1149
[2970/4252] cvc5 | swap_invalid_t3_np_nf_ai_00006_007.cvc.s -> ok  20.6212 ms  16896 KB  nodes=51
[2971/4252] smt-switch | swap_invalid_t3_np_nf_ai_00006_007.cvc.s -> fail  15.4048 ms  10240 KB  nodes=0
[2972/4252] native | swap_invalid_t3_np_nf_ai_00004_007.cvc.s -> ok  59.2678 ms  17152 KB  nodes=14
[2973/4252] pysmt | swap_invalid_t3_np_nf_ai_00004_007.cvc.s -> ok  8.49342 ms  21388 KB  nodes=27
[2974/4252] jsmtlib | swap_invalid_t3_np_nf_ai_00004_007.cvc.s -> ok  3299.26 ms  2048 KB  nodes=53
[2975/4252] z3 | swap_invalid_t3_np_nf_ai_00004_007.cvc.s -> ok  29.234 ms  7808 KB  nodes=27
[2976/4252] antlr4 | swap_invalid_t3_np_nf_ai_00004_007.cvc.s -> ok  1517.85 ms  4096 KB  nodes=678
[2977/4252] cvc5 | swap_invalid_t3_np_nf_ai_00004_007.cvc.s -> ok  7.54819 ms  16384 KB  nodes=27
[2978/4252] smt-switch | swap_invalid_t3_np_nf_ai_00004_007.cvc.s -> fail  5.76105 ms  10240 KB  nodes=0
[2979/4252] native | swap_invalid_t3_np_nf_ai_00003_002.cvc.s -> ok  74.5084 ms  17152 KB  nodes=11
[2980/4252] pysmt | swap_invalid_t3_np_nf_ai_00003_002.cvc.s -> ok  12.0678 ms  21348 KB  nodes=21
[2981/4252] jsmtlib | swap_invalid_t3_np_nf_ai_00003_002.cvc.s -> ok  2850.42 ms  2048 KB  nodes=46
[2982/4252] z3 | swap_invalid_t3_np_nf_ai_00003_002.cvc.s -> ok  43.422 ms  7808 KB  nodes=21
[2983/4252] antlr4 | swap_invalid_t3_np_nf_ai_00003_002.cvc.s -> ok  1438.9 ms  4096 KB  nodes=581
[2984/4252] cvc5 | swap_invalid_t3_np_nf_ai_00003_002.cvc.s -> ok  8.0861 ms  16384 KB  nodes=21
[2985/4252] smt-switch | swap_invalid_t3_np_nf_ai_00003_002.cvc.s -> fail  13.8774 ms  10112 KB  nodes=0
[2986/4252] native | swap_t1_np_nf_ai_00003_006.cvc.smt2 -> ok  48.6006 ms  17024 KB  nodes=1
[2987/4252] pysmt | swap_t1_np_nf_ai_00003_006.cvc.smt2 -> ok  9.88078 ms  21188 KB  nodes=24
[2988/4252] jsmtlib | swap_t1_np_nf_ai_00003_006.cvc.smt2 -> ok  2944.46 ms  2048 KB  nodes=56
[2989/4252] z3 | swap_t1_np_nf_ai_00003_006.cvc.smt2 -> ok  32.75 ms  7808 KB  nodes=24
[2990/4252] antlr4 | swap_t1_np_nf_ai_00003_006.cvc.smt2 -> ok  1552.03 ms  4096 KB  nodes=690
[2991/4252] cvc5 | swap_t1_np_nf_ai_00003_006.cvc.smt2 -> ok  15.3047 ms  16384 KB  nodes=24
[2992/4252] smt-switch | swap_t1_np_nf_ai_00003_006.cvc.smt2 -> fail  8.14946 ms  9984 KB  nodes=0
[2993/4252] native | swap_t2_np_nf_ai_00003_007.cvc.smt2 -> ok  41.9866 ms  17024 KB  nodes=1
[2994/4252] pysmt | swap_t2_np_nf_ai_00003_007.cvc.smt2 -> ok  19.7198 ms  21484 KB  nodes=19
[2995/4252] jsmtlib | swap_t2_np_nf_ai_00003_007.cvc.smt2 -> ok  3417.46 ms  2048 KB  nodes=42
[2996/4252] z3 | swap_t2_np_nf_ai_00003_007.cvc.smt2 -> ok  27.265 ms  7808 KB  nodes=19
[2997/4252] antlr4 | swap_t2_np_nf_ai_00003_007.cvc.smt2 -> ok  1329.75 ms  4096 KB  nodes=512
[2998/4252] cvc5 | swap_t2_np_nf_ai_00003_007.cvc.smt2 -> ok  3.35146 ms  16512 KB  nodes=19
[2999/4252] smt-switch | swap_t2_np_nf_ai_00003_007.cvc.smt2 -> fail  7.81401 ms  10240 KB  nodes=0
[3000/4252] native | swap_invalid_t1_np_nf_ai_00005_006.cvc.s -> ok  106.572 ms  17152 KB  nodes=22
[3001/4252] pysmt | swap_invalid_t1_np_nf_ai_00005_006.cvc.s -> ok  12.7354 ms  21296 KB  nodes=35
[3002/4252] jsmtlib | swap_invalid_t1_np_nf_ai_00005_006.cvc.s -> ok  2838.46 ms  2048 KB  nodes=71
[3003/4252] z3 | swap_invalid_t1_np_nf_ai_00005_006.cvc.s -> ok  28.266 ms  7808 KB  nodes=35
[3004/4252] antlr4 | swap_invalid_t1_np_nf_ai_00005_006.cvc.s -> ok  1619.95 ms  4096 KB  nodes=888
[3005/4252] cvc5 | swap_invalid_t1_np_nf_ai_00005_006.cvc.s -> ok  15.4562 ms  16256 KB  nodes=35
[3006/4252] smt-switch | swap_invalid_t1_np_nf_ai_00005_006.cvc.s -> fail  5.25294 ms  10112 KB  nodes=0
[3007/4252] native | swap_invalid_t1_np_sf_ai_00002_002.cvc.s -> ok  57.6149 ms  17024 KB  nodes=44
[3008/4252] pysmt | swap_invalid_t1_np_sf_ai_00002_002.cvc.s -> ok  4.28152 ms  21732 KB  nodes=45
[3009/4252] jsmtlib | swap_invalid_t1_np_sf_ai_00002_002.cvc.s -> ok  2979.44 ms  2048 KB  nodes=116
[3010/4252] z3 | swap_invalid_t1_np_sf_ai_00002_002.cvc.s -> ok  70.428 ms  7808 KB  nodes=77
[3011/4252] antlr4 | swap_invalid_t1_np_sf_ai_00002_002.cvc.s -> ok  1531.27 ms  4096 KB  nodes=1029
[3012/4252] cvc5 | swap_invalid_t1_np_sf_ai_00002_002.cvc.s -> ok  4.00879 ms  16768 KB  nodes=44
[3013/4252] smt-switch | swap_invalid_t1_np_sf_ai_00002_002.cvc.s -> fail  8.52074 ms  10240 KB  nodes=0
[3014/4252] native | swap_t1_np_nf_ai_00004_009.cvc.smt2 -> ok  59.0246 ms  17152 KB  nodes=1
[3015/4252] pysmt | swap_t1_np_nf_ai_00004_009.cvc.smt2 -> ok  9.94611 ms  21232 KB  nodes=37
[3016/4252] jsmtlib | swap_t1_np_nf_ai_00004_009.cvc.smt2 -> ok  2867.07 ms  2048 KB  nodes=66
[3017/4252] z3 | swap_t1_np_nf_ai_00004_009.cvc.smt2 -> ok  66.301 ms  7680 KB  nodes=37
[3018/4252] antlr4 | swap_t1_np_nf_ai_00004_009.cvc.smt2 -> ok  1981.06 ms  4096 KB  nodes=861
[3019/4252] cvc5 | swap_t1_np_nf_ai_00004_009.cvc.smt2 -> ok  12.8702 ms  16768 KB  nodes=37
[3020/4252] smt-switch | swap_t1_np_nf_ai_00004_009.cvc.smt2 -> fail  3.50835 ms  10112 KB  nodes=0
[3021/4252] native | swap_t1_np_nf_ai_00006_004.cvc.smt2 -> ok  48.2961 ms  17024 KB  nodes=1
[3022/4252] pysmt | swap_t1_np_nf_ai_00006_004.cvc.smt2 -> ok  17.3802 ms  21488 KB  nodes=50
[3023/4252] jsmtlib | swap_t1_np_nf_ai_00006_004.cvc.smt2 -> ok  3303.61 ms  2048 KB  nodes=96
[3024/4252] z3 | swap_t1_np_nf_ai_00006_004.cvc.smt2 -> ok  29.553 ms  7680 KB  nodes=50
[3025/4252] antlr4 | swap_t1_np_nf_ai_00006_004.cvc.smt2 -> ok  1553.32 ms  4096 KB  nodes=1236
[3026/4252] cvc5 | swap_t1_np_nf_ai_00006_004.cvc.smt2 -> ok  25.2494 ms  16896 KB  nodes=50
[3027/4252] smt-switch | swap_t1_np_nf_ai_00006_004.cvc.smt2 -> fail  18.8134 ms  9856 KB  nodes=0
[3028/4252] native | swap_t1_np_nf_ai_00004_002.cvc.smt2 -> ok  59.1032 ms  17024 KB  nodes=1
[3029/4252] pysmt | swap_t1_np_nf_ai_00004_002.cvc.smt2 -> ok  8.44002 ms  21104 KB  nodes=33
[3030/4252] jsmtlib | swap_t1_np_nf_ai_00004_002.cvc.smt2 -> ok  2992.19 ms  2048 KB  nodes=60
[3031/4252] z3 | swap_t1_np_nf_ai_00004_002.cvc.smt2 -> ok  33.882 ms  7808 KB  nodes=33
[3032/4252] antlr4 | swap_t1_np_nf_ai_00004_002.cvc.smt2 -> ok  1248.14 ms  4096 KB  nodes=775
[3033/4252] cvc5 | swap_t1_np_nf_ai_00004_002.cvc.smt2 -> ok  13.1529 ms  16896 KB  nodes=33
[3034/4252] smt-switch | swap_t1_np_nf_ai_00004_002.cvc.smt2 -> fail  8.36984 ms  9984 KB  nodes=0
[3035/4252] native | storeinv_invalid_t1_np_nf_ai_00005_001.c -> ok  44.7737 ms  17024 KB  nodes=28
[3036/4252] pysmt | storeinv_invalid_t1_np_nf_ai_00005_001.c -> ok  7.21765 ms  21276 KB  nodes=31
[3037/4252] jsmtlib | storeinv_invalid_t1_np_nf_ai_00005_001.c -> ok  2079.81 ms  2048 KB  nodes=62
[3038/4252] z3 | storeinv_invalid_t1_np_nf_ai_00005_001.c -> ok  49.785 ms  7680 KB  nodes=32
[3039/4252] antlr4 | storeinv_invalid_t1_np_nf_ai_00005_001.c -> ok  2045.98 ms  4096 KB  nodes=740
[3040/4252] cvc5 | storeinv_invalid_t1_np_nf_ai_00005_001.c -> ok  12.5373 ms  16768 KB  nodes=30
[3041/4252] smt-switch | storeinv_invalid_t1_np_nf_ai_00005_001.c -> fail  9.90616 ms  9728 KB  nodes=0
[3042/4252] native | swap_invalid_t3_np_nf_ai_00005_004.cvc.s -> ok  81.0538 ms  17024 KB  nodes=23
[3043/4252] pysmt | swap_invalid_t3_np_nf_ai_00005_004.cvc.s -> ok  17.3862 ms  21520 KB  nodes=43
[3044/4252] jsmtlib | swap_invalid_t3_np_nf_ai_00005_004.cvc.s -> ok  4268.5 ms  2048 KB  nodes=83
[3045/4252] z3 | swap_invalid_t3_np_nf_ai_00005_004.cvc.s -> ok  116.287 ms  7808 KB  nodes=43
[3046/4252] antlr4 | swap_invalid_t3_np_nf_ai_00005_004.cvc.s -> ok  2121.75 ms  4096 KB  nodes=1060
[3047/4252] cvc5 | swap_invalid_t3_np_nf_ai_00005_004.cvc.s -> ok  4.3137 ms  16768 KB  nodes=43
[3048/4252] smt-switch | swap_invalid_t3_np_nf_ai_00005_004.cvc.s -> fail  7.68829 ms  9856 KB  nodes=0
[3049/4252] native | swap_invalid_t3_np_nf_ai_00004_001.cvc.s -> ok  104.761 ms  17024 KB  nodes=18
[3050/4252] pysmt | swap_invalid_t3_np_nf_ai_00004_001.cvc.s -> ok  4.44007 ms  21600 KB  nodes=29
[3051/4252] jsmtlib | swap_invalid_t3_np_nf_ai_00004_001.cvc.s -> ok  1762.75 ms  2048 KB  nodes=64
[3052/4252] z3 | swap_invalid_t3_np_nf_ai_00004_001.cvc.s -> ok  62.846 ms  7808 KB  nodes=29
[3053/4252] antlr4 | swap_invalid_t3_np_nf_ai_00004_001.cvc.s -> ok  1518.92 ms  4096 KB  nodes=791
[3054/4252] cvc5 | swap_invalid_t3_np_nf_ai_00004_001.cvc.s -> ok  7.78888 ms  15872 KB  nodes=29
[3055/4252] smt-switch | swap_invalid_t3_np_nf_ai_00004_001.cvc.s -> fail  11.3612 ms  9984 KB  nodes=0
[3056/4252] native | swap_invalid_t1_np_nf_ai_00004_003.cvc.s -> ok  79.551 ms  17024 KB  nodes=15
[3057/4252] pysmt | swap_invalid_t1_np_nf_ai_00004_003.cvc.s -> ok  16.7115 ms  21596 KB  nodes=28
[3058/4252] jsmtlib | swap_invalid_t1_np_nf_ai_00004_003.cvc.s -> ok  3232.03 ms  2048 KB  nodes=62
[3059/4252] z3 | swap_invalid_t1_np_nf_ai_00004_003.cvc.s -> ok  19.083 ms  7808 KB  nodes=28
[3060/4252] antlr4 | swap_invalid_t1_np_nf_ai_00004_003.cvc.s -> ok  1633.8 ms  4096 KB  nodes=776
[3061/4252] cvc5 | swap_invalid_t1_np_nf_ai_00004_003.cvc.s -> ok  5.16991 ms  16384 KB  nodes=28
[3062/4252] smt-switch | swap_invalid_t1_np_nf_ai_00004_003.cvc.s -> fail  16.5178 ms  10240 KB  nodes=0
[3063/4252] native | swap_t1_np_sf_ai_00002_006.cvc.smt2 -> ok  128.721 ms  17024 KB  nodes=41
[3064/4252] pysmt | swap_t1_np_sf_ai_00002_006.cvc.smt2 -> ok  8.68201 ms  21292 KB  nodes=42
[3065/4252] jsmtlib | swap_t1_np_sf_ai_00002_006.cvc.smt2 -> ok  4455.44 ms  2048 KB  nodes=109
[3066/4252] z3 | swap_t1_np_sf_ai_00002_006.cvc.smt2 -> ok  23.648 ms  7808 KB  nodes=72
[3067/4252] antlr4 | swap_t1_np_sf_ai_00002_006.cvc.smt2 -> ok  1753.39 ms  4096 KB  nodes=975
[3068/4252] cvc5 | swap_t1_np_sf_ai_00002_006.cvc.smt2 -> ok  4.02215 ms  16512 KB  nodes=41
[3069/4252] smt-switch | swap_t1_np_sf_ai_00002_006.cvc.smt2 -> fail  17.6006 ms  9984 KB  nodes=0
[3070/4252] native | swap_t2_np_nf_ai_00006_008.cvc.smt2 -> ok  66.291 ms  17024 KB  nodes=1
[3071/4252] pysmt | swap_t2_np_nf_ai_00006_008.cvc.smt2 -> ok  9.29141 ms  21248 KB  nodes=55
[3072/4252] jsmtlib | swap_t2_np_nf_ai_00006_008.cvc.smt2 -> ok  3292.4 ms  2048 KB  nodes=94
[3073/4252] z3 | swap_t2_np_nf_ai_00006_008.cvc.smt2 -> ok  43.089 ms  7936 KB  nodes=55
[3074/4252] antlr4 | swap_t2_np_nf_ai_00006_008.cvc.smt2 -> ok  1268.05 ms  4096 KB  nodes=1235
[3075/4252] cvc5 | swap_t2_np_nf_ai_00006_008.cvc.smt2 -> ok  244.717 ms  18048 KB  nodes=55
[3076/4252] smt-switch | swap_t2_np_nf_ai_00006_008.cvc.smt2 -> fail  2.99233 ms  9984 KB  nodes=0
[3077/4252] native | swap_t1_np_nf_ai_00004_007.cvc.smt2 -> ok  61.0577 ms  17024 KB  nodes=1
[3078/4252] pysmt | swap_t1_np_nf_ai_00004_007.cvc.smt2 -> ok  10.0842 ms  21600 KB  nodes=28
[3079/4252] jsmtlib | swap_t1_np_nf_ai_00004_007.cvc.smt2 -> ok  2949.25 ms  2048 KB  nodes=52
[3080/4252] z3 | swap_t1_np_nf_ai_00004_007.cvc.smt2 -> ok  15.181 ms  7680 KB  nodes=28
[3081/4252] antlr4 | swap_t1_np_nf_ai_00004_007.cvc.smt2 -> ok  2224.73 ms  4096 KB  nodes=674
[3082/4252] cvc5 | swap_t1_np_nf_ai_00004_007.cvc.smt2 -> ok  5.24228 ms  16640 KB  nodes=28
[3083/4252] smt-switch | swap_t1_np_nf_ai_00004_007.cvc.smt2 -> fail  36.465 ms  9728 KB  nodes=0
[3084/4252] native | read5.smt2 -> ok  55.7793 ms  17024 KB  nodes=55
[3085/4252] pysmt | read5.smt2 -> ok  10.4706 ms  21532 KB  nodes=72
[3086/4252] jsmtlib | read5.smt2 -> ok  3881.35 ms  2048 KB  nodes=102
[3087/4252] z3 | read5.smt2 -> ok  24.417 ms  7936 KB  nodes=72
[3088/4252] antlr4 | read5.smt2 -> ok  1407.51 ms  4096 KB  nodes=1443
[3089/4252] cvc5 | read5.smt2 -> ok  118.652 ms  17408 KB  nodes=72
[3090/4252] smt-switch | read5.smt2 -> fail  19.8204 ms  9728 KB  nodes=0
[3091/4252] native | swap_t2_np_nf_ai_00006_007.cvc.smt2 -> ok  61.6295 ms  17024 KB  nodes=1
[3092/4252] pysmt | swap_t2_np_nf_ai_00006_007.cvc.smt2 -> ok  13.8519 ms  21512 KB  nodes=51
[3093/4252] jsmtlib | swap_t2_np_nf_ai_00006_007.cvc.smt2 -> ok  2714.31 ms  2048 KB  nodes=88
[3094/4252] z3 | swap_t2_np_nf_ai_00006_007.cvc.smt2 -> ok  36.727 ms  7808 KB  nodes=51
[3095/4252] antlr4 | swap_t2_np_nf_ai_00006_007.cvc.smt2 -> ok  1443.66 ms  4096 KB  nodes=1149
[3096/4252] cvc5 | swap_t2_np_nf_ai_00006_007.cvc.smt2 -> ok  294.73 ms  18176 KB  nodes=51
[3097/4252] smt-switch | swap_t2_np_nf_ai_00006_007.cvc.smt2 -> fail  15.0184 ms  10112 KB  nodes=0
[3098/4252] native | swap_invalid_t3_np_sf_ai_00003_007.cvc.s -> ok  57.4277 ms  17024 KB  nodes=45
[3099/4252] pysmt | swap_invalid_t3_np_sf_ai_00003_007.cvc.s -> ok  5.81193 ms  21424 KB  nodes=46
[3100/4252] jsmtlib | swap_invalid_t3_np_sf_ai_00003_007.cvc.s -> ok  3134.04 ms  2048 KB  nodes=117
[3101/4252] z3 | swap_invalid_t3_np_sf_ai_00003_007.cvc.s -> ok  65.029 ms  7808 KB  nodes=77
[3102/4252] antlr4 | swap_invalid_t3_np_sf_ai_00003_007.cvc.s -> ok  1562.23 ms  4096 KB  nodes=1044
[3103/4252] cvc5 | swap_invalid_t3_np_sf_ai_00003_007.cvc.s -> ok  13.9216 ms  16640 KB  nodes=45
[3104/4252] smt-switch | swap_invalid_t3_np_sf_ai_00003_007.cvc.s -> fail  8.62802 ms  10240 KB  nodes=0
[3105/4252] native | swap_invalid_t1_np_nf_ai_00005_002.cvc.s -> ok  56.1391 ms  17024 KB  nodes=22
[3106/4252] pysmt | swap_invalid_t1_np_nf_ai_00005_002.cvc.s -> ok  14.6332 ms  21224 KB  nodes=46
[3107/4252] jsmtlib | swap_invalid_t1_np_nf_ai_00005_002.cvc.s -> ok  3388.9 ms  2048 KB  nodes=80
[3108/4252] z3 | swap_invalid_t1_np_nf_ai_00005_002.cvc.s -> ok  46.704 ms  7808 KB  nodes=46
[3109/4252] antlr4 | swap_invalid_t1_np_nf_ai_00005_002.cvc.s -> ok  1927 ms  4096 KB  nodes=1048
[3110/4252] cvc5 | swap_invalid_t1_np_nf_ai_00005_002.cvc.s -> ok  6.6916 ms  16896 KB  nodes=46
[3111/4252] smt-switch | swap_invalid_t1_np_nf_ai_00005_002.cvc.s -> fail  6.98993 ms  9984 KB  nodes=0
[3112/4252] native | swap_invalid_t3_np_nf_ai_00007_005.cvc.s -> ok  72.0243 ms  17280 KB  nodes=27
[3113/4252] pysmt | swap_invalid_t3_np_nf_ai_00007_005.cvc.s -> ok  9.49359 ms  21528 KB  nodes=53
[3114/4252] jsmtlib | swap_invalid_t3_np_nf_ai_00007_005.cvc.s -> ok  2934.59 ms  2048 KB  nodes=96
[3115/4252] z3 | swap_invalid_t3_np_nf_ai_00007_005.cvc.s -> ok  33.605 ms  7808 KB  nodes=53
[3116/4252] antlr4 | swap_invalid_t3_np_nf_ai_00007_005.cvc.s -> ok  1931.44 ms  4096 KB  nodes=1243
[3117/4252] cvc5 | swap_invalid_t3_np_nf_ai_00007_005.cvc.s -> ok  18.2382 ms  17152 KB  nodes=53
[3118/4252] smt-switch | swap_invalid_t3_np_nf_ai_00007_005.cvc.s -> fail  17.2993 ms  9728 KB  nodes=0
[3119/4252] native | storeinv_invalid_t1_np_nf_ai_00007_001.c -> ok  72.2563 ms  17152 KB  nodes=38
[3120/4252] pysmt | storeinv_invalid_t1_np_nf_ai_00007_001.c -> ok  9.87577 ms  21512 KB  nodes=41
[3121/4252] jsmtlib | storeinv_invalid_t1_np_nf_ai_00007_001.c -> ok  3434.05 ms  2048 KB  nodes=80
[3122/4252] z3 | storeinv_invalid_t1_np_nf_ai_00007_001.c -> ok  16.26 ms  7808 KB  nodes=42
[3123/4252] antlr4 | storeinv_invalid_t1_np_nf_ai_00007_001.c -> ok  1658.7 ms  4096 KB  nodes=966
[3124/4252] cvc5 | storeinv_invalid_t1_np_nf_ai_00007_001.c -> ok  29.1134 ms  16384 KB  nodes=40
[3125/4252] smt-switch | storeinv_invalid_t1_np_nf_ai_00007_001.c -> fail  12.6998 ms  9856 KB  nodes=0
[3126/4252] native | swap_t1_np_nf_ai_00006_006.cvc.smt2 -> ok  165.053 ms  17024 KB  nodes=1
[3127/4252] pysmt | swap_t1_np_nf_ai_00006_006.cvc.smt2 -> ok  45.0294 ms  21208 KB  nodes=41
[3128/4252] jsmtlib | swap_t1_np_nf_ai_00006_006.cvc.smt2 -> ok  3159.07 ms  2048 KB  nodes=75
[3129/4252] z3 | swap_t1_np_nf_ai_00006_006.cvc.smt2 -> ok  63.051 ms  7808 KB  nodes=41
[3130/4252] antlr4 | swap_t1_np_nf_ai_00006_006.cvc.smt2 -> ok  1870.05 ms  4096 KB  nodes=966
[3131/4252] cvc5 | swap_t1_np_nf_ai_00006_006.cvc.smt2 -> ok  23.9471 ms  16768 KB  nodes=41
[3132/4252] smt-switch | swap_t1_np_nf_ai_00006_006.cvc.smt2 -> fail  7.7 ms  9984 KB  nodes=0
[3133/4252] native | storeinv_t2_np_nf_ai_00001_001.cvc.smt2 -> ok  69.594 ms  17024 KB  nodes=10
[3134/4252] pysmt | storeinv_t2_np_nf_ai_00001_001.cvc.smt2 -> ok  16.6934 ms  21444 KB  nodes=14
[3135/4252] jsmtlib | storeinv_t2_np_nf_ai_00001_001.cvc.smt2 -> ok  2789.01 ms  2048 KB  nodes=26
[3136/4252] z3 | storeinv_t2_np_nf_ai_00001_001.cvc.smt2 -> ok  57.628 ms  7808 KB  nodes=12
[3137/4252] antlr4 | storeinv_t2_np_nf_ai_00001_001.cvc.smt2 -> ok  1363.58 ms  4096 KB  nodes=288
[3138/4252] cvc5 | storeinv_t2_np_nf_ai_00001_001.cvc.smt2 -> ok  6.68963 ms  16384 KB  nodes=10
[3139/4252] smt-switch | storeinv_t2_np_nf_ai_00001_001.cvc.smt2 -> fail  8.11526 ms  9984 KB  nodes=0
[3140/4252] native | storeinv_t3_np_sf_ai_00003_001.cvc.smt2 -> ok  77.8762 ms  17152 KB  nodes=44
[3141/4252] pysmt | storeinv_t3_np_sf_ai_00003_001.cvc.smt2 -> ok  14.4243 ms  21184 KB  nodes=45
[3142/4252] jsmtlib | storeinv_t3_np_sf_ai_00003_001.cvc.smt2 -> ok  3126.59 ms  2048 KB  nodes=113
[3143/4252] z3 | storeinv_t3_np_sf_ai_00003_001.cvc.smt2 -> ok  27.483 ms  7808 KB  nodes=73
[3144/4252] antlr4 | storeinv_t3_np_sf_ai_00003_001.cvc.smt2 -> ok  1425.74 ms  4096 KB  nodes=1006
[3145/4252] cvc5 | storeinv_t3_np_sf_ai_00003_001.cvc.smt2 -> ok  5.04514 ms  16768 KB  nodes=44
[3146/4252] smt-switch | storeinv_t3_np_sf_ai_00003_001.cvc.smt2 -> fail  3.32287 ms  9856 KB  nodes=0
[3147/4252] native | swap_t2_np_sf_ai_00002_001.cvc.smt2 -> ok  93.2228 ms  17024 KB  nodes=22
[3148/4252] pysmt | swap_t2_np_sf_ai_00002_001.cvc.smt2 -> ok  16.7961 ms  21568 KB  nodes=25
[3149/4252] jsmtlib | swap_t2_np_sf_ai_00002_001.cvc.smt2 -> ok  3071.61 ms  2048 KB  nodes=62
[3150/4252] z3 | swap_t2_np_sf_ai_00002_001.cvc.smt2 -> ok  42.307 ms  7808 KB  nodes=37
[3151/4252] antlr4 | swap_t2_np_sf_ai_00002_001.cvc.smt2 -> ok  1271.08 ms  4096 KB  nodes=579
[3152/4252] cvc5 | swap_t2_np_sf_ai_00002_001.cvc.smt2 -> ok  2.38964 ms  15872 KB  nodes=23
[3153/4252] smt-switch | swap_t2_np_sf_ai_00002_001.cvc.smt2 -> fail  20.005 ms  9984 KB  nodes=0
[3154/4252] native | storeinv_t3_np_nf_ai_00006_001.cvc.smt2 -> ok  124.723 ms  17024 KB  nodes=35
[3155/4252] pysmt | storeinv_t3_np_nf_ai_00006_001.cvc.smt2 -> ok  31.7271 ms  21668 KB  nodes=36
[3156/4252] jsmtlib | storeinv_t3_np_nf_ai_00006_001.cvc.smt2 -> ok  2361.96 ms  2048 KB  nodes=71
[3157/4252] z3 | storeinv_t3_np_nf_ai_00006_001.cvc.smt2 -> ok  17.171 ms  7808 KB  nodes=37
[3158/4252] antlr4 | storeinv_t3_np_nf_ai_00006_001.cvc.smt2 -> ok  1656.07 ms  4096 KB  nodes=853
[3159/4252] cvc5 | storeinv_t3_np_nf_ai_00006_001.cvc.smt2 -> ok  104.613 ms  16768 KB  nodes=35
[3160/4252] smt-switch | storeinv_t3_np_nf_ai_00006_001.cvc.smt2 -> fail  14.2859 ms  9984 KB  nodes=0
[3161/4252] native | swap_invalid_t1_np_nf_ai_00004_006.cvc.s -> ok  66.9564 ms  17024 KB  nodes=17
[3162/4252] pysmt | swap_invalid_t1_np_nf_ai_00004_006.cvc.s -> ok  8.72898 ms  21480 KB  nodes=31
[3163/4252] jsmtlib | swap_invalid_t1_np_nf_ai_00004_006.cvc.s -> ok  2175.62 ms  2048 KB  nodes=62
[3164/4252] z3 | swap_invalid_t1_np_nf_ai_00004_006.cvc.s -> ok  57.144 ms  7808 KB  nodes=31
[3165/4252] antlr4 | swap_invalid_t1_np_nf_ai_00004_006.cvc.s -> ok  3792.84 ms  4096 KB  nodes=783
[3166/4252] cvc5 | swap_invalid_t1_np_nf_ai_00004_006.cvc.s -> ok  3.98565 ms  16384 KB  nodes=31
[3167/4252] smt-switch | swap_invalid_t1_np_nf_ai_00004_006.cvc.s -> fail  13.6504 ms  9984 KB  nodes=0
[3168/4252] native | swap_invalid_t1_np_sf_ai_00003_004.cvc.s -> ok  83.4717 ms  17152 KB  nodes=42
[3169/4252] pysmt | swap_invalid_t1_np_sf_ai_00003_004.cvc.s -> ok  8.71778 ms  21732 KB  nodes=43
[3170/4252] jsmtlib | swap_invalid_t1_np_sf_ai_00003_004.cvc.s -> ok  1937.73 ms  2048 KB  nodes=110
[3171/4252] z3 | swap_invalid_t1_np_sf_ai_00003_004.cvc.s -> ok  78.35 ms  7680 KB  nodes=72
[3172/4252] antlr4 | swap_invalid_t1_np_sf_ai_00003_004.cvc.s -> ok  1762.08 ms  4096 KB  nodes=990
[3173/4252] cvc5 | swap_invalid_t1_np_sf_ai_00003_004.cvc.s -> ok  3.42413 ms  16768 KB  nodes=42
[3174/4252] smt-switch | swap_invalid_t1_np_sf_ai_00003_004.cvc.s -> fail  3.72152 ms  9728 KB  nodes=0
[3175/4252] native | swap_invalid_t3_np_sf_ai_00002_005.cvc.s -> ok  104.598 ms  16896 KB  nodes=44
[3176/4252] pysmt | swap_invalid_t3_np_sf_ai_00002_005.cvc.s -> ok  28.1959 ms  21268 KB  nodes=45
[3177/4252] jsmtlib | swap_invalid_t3_np_sf_ai_00002_005.cvc.s -> ok  3254.9 ms  2048 KB  nodes=116
[3178/4252] z3 | swap_invalid_t3_np_sf_ai_00002_005.cvc.s -> ok  26.827 ms  7808 KB  nodes=77
[3179/4252] antlr4 | swap_invalid_t3_np_sf_ai_00002_005.cvc.s -> ok  1658.43 ms  4096 KB  nodes=1029
[3180/4252] cvc5 | swap_invalid_t3_np_sf_ai_00002_005.cvc.s -> ok  3.89654 ms  16640 KB  nodes=44
[3181/4252] smt-switch | swap_invalid_t3_np_sf_ai_00002_005.cvc.s -> fail  12.707 ms  9984 KB  nodes=0
[3182/4252] native | swap_t1_np_sf_ai_00002_009.cvc.smt2 -> ok  142.947 ms  17024 KB  nodes=32
[3183/4252] pysmt | swap_t1_np_sf_ai_00002_009.cvc.smt2 -> ok  4.90117 ms  21460 KB  nodes=33
[3184/4252] jsmtlib | swap_t1_np_sf_ai_00002_009.cvc.smt2 -> ok  3107.3 ms  2048 KB  nodes=86
[3185/4252] z3 | swap_t1_np_sf_ai_00002_009.cvc.smt2 -> ok  23.138 ms  7808 KB  nodes=55
[3186/4252] antlr4 | swap_t1_np_sf_ai_00002_009.cvc.smt2 -> ok  1635.48 ms  4096 KB  nodes=777
[3187/4252] cvc5 | swap_t1_np_sf_ai_00002_009.cvc.smt2 -> ok  3.87998 ms  16768 KB  nodes=32
[3188/4252] smt-switch | swap_t1_np_sf_ai_00002_009.cvc.smt2 -> fail  10.1031 ms  9984 KB  nodes=0
[3189/4252] native | swap_t1_np_nf_ai_00004_003.cvc.smt2 -> ok  50.7078 ms  17024 KB  nodes=1
[3190/4252] pysmt | swap_t1_np_nf_ai_00004_003.cvc.smt2 -> ok  12.8083 ms  21392 KB  nodes=29
[3191/4252] jsmtlib | swap_t1_np_nf_ai_00004_003.cvc.smt2 -> ok  5060.86 ms  2048 KB  nodes=61
[3192/4252] z3 | swap_t1_np_nf_ai_00004_003.cvc.smt2 -> ok  132.936 ms  7808 KB  nodes=29
[3193/4252] antlr4 | swap_t1_np_nf_ai_00004_003.cvc.smt2 -> ok  1987.61 ms  4096 KB  nodes=772
[3194/4252] cvc5 | swap_t1_np_nf_ai_00004_003.cvc.smt2 -> ok  15.1387 ms  16768 KB  nodes=29
[3195/4252] smt-switch | swap_t1_np_nf_ai_00004_003.cvc.smt2 -> fail  8.92775 ms  9728 KB  nodes=0
[3196/4252] native | swap_t1_np_sf_ai_00003_003.cvc.smt2 -> ok  55.8794 ms  17024 KB  nodes=38
[3197/4252] pysmt | swap_t1_np_sf_ai_00003_003.cvc.smt2 -> ok  4.88973 ms  21492 KB  nodes=40
[3198/4252] jsmtlib | swap_t1_np_sf_ai_00003_003.cvc.smt2 -> ok  2749.91 ms  2048 KB  nodes=100
[3199/4252] z3 | swap_t1_np_sf_ai_00003_003.cvc.smt2 -> ok  85.083 ms  7680 KB  nodes=64
[3200/4252] antlr4 | swap_t1_np_sf_ai_00003_003.cvc.smt2 -> ok  1389.04 ms  4096 KB  nodes=900
[3201/4252] cvc5 | swap_t1_np_sf_ai_00003_003.cvc.smt2 -> ok  2.56501 ms  15872 KB  nodes=39
[3202/4252] smt-switch | swap_t1_np_sf_ai_00003_003.cvc.smt2 -> fail  11.939 ms  9984 KB  nodes=0
[3203/4252] native | swap_t1_np_sf_ai_00005_006.cvc.smt2 -> ok  95.9798 ms  17024 KB  nodes=89
[3204/4252] pysmt | swap_t1_np_sf_ai_00005_006.cvc.smt2 -> ok  20.5491 ms  21400 KB  nodes=90
[3205/4252] jsmtlib | swap_t1_np_sf_ai_00005_006.cvc.smt2 -> ok  2921.78 ms  2048 KB  nodes=225
[3206/4252] z3 | swap_t1_np_sf_ai_00005_006.cvc.smt2 -> ok  38.674 ms  7808 KB  nodes=155
[3207/4252] antlr4 | swap_t1_np_sf_ai_00005_006.cvc.smt2 -> ok  1434.63 ms  4096 KB  nodes=1974
[3208/4252] cvc5 | swap_t1_np_sf_ai_00005_006.cvc.smt2 -> ok  8.84638 ms  16384 KB  nodes=89
[3209/4252] smt-switch | swap_t1_np_sf_ai_00005_006.cvc.smt2 -> fail  10.9133 ms  9856 KB  nodes=0
[3210/4252] native | swap_invalid_t1_np_sf_ai_00008_003.cvc.s -> ok  69.0524 ms  17280 KB  nodes=113
[3211/4252] pysmt | swap_invalid_t1_np_sf_ai_00008_003.cvc.s -> ok  12.5828 ms  21680 KB  nodes=114
[3212/4252] jsmtlib | swap_invalid_t1_np_sf_ai_00008_003.cvc.s -> ok  3166.32 ms  2048 KB  nodes=279
[3213/4252] z3 | swap_invalid_t1_np_sf_ai_00008_003.cvc.s -> ok  31.761 ms  7808 KB  nodes=192
[3214/4252] antlr4 | swap_invalid_t1_np_sf_ai_00008_003.cvc.s -> ok  1513.51 ms  5120 KB  nodes=2433
[3215/4252] cvc5 | swap_invalid_t1_np_sf_ai_00008_003.cvc.s -> ok  5.48956 ms  16768 KB  nodes=113
[3216/4252] smt-switch | swap_invalid_t1_np_sf_ai_00008_003.cvc.s -> fail  9.5548 ms  10112 KB  nodes=0
[3217/4252] native | swap_invalid_t1_np_nf_ai_00008_002.cvc.s -> ok  78.7725 ms  17152 KB  nodes=32
[3218/4252] pysmt | swap_invalid_t1_np_nf_ai_00008_002.cvc.s -> ok  18.3969 ms  21416 KB  nodes=65
[3219/4252] jsmtlib | swap_invalid_t1_np_nf_ai_00008_002.cvc.s -> ok  3130.78 ms  2048 KB  nodes=120
[3220/4252] z3 | swap_invalid_t1_np_nf_ai_00008_002.cvc.s -> ok  46.822 ms  7808 KB  nodes=65
[3221/4252] antlr4 | swap_invalid_t1_np_nf_ai_00008_002.cvc.s -> ok  1356.85 ms  4096 KB  nodes=1539
[3222/4252] cvc5 | swap_invalid_t1_np_nf_ai_00008_002.cvc.s -> ok  5.58688 ms  17152 KB  nodes=65
[3223/4252] smt-switch | swap_invalid_t1_np_nf_ai_00008_002.cvc.s -> fail  16.2984 ms  10240 KB  nodes=0
[3224/4252] native | swap_t2_np_sf_ai_00004_005.cvc.smt2 -> ok  67.8258 ms  17152 KB  nodes=97
[3225/4252] pysmt | swap_t2_np_sf_ai_00004_005.cvc.smt2 -> ok  24.2305 ms  21404 KB  nodes=98
[3226/4252] jsmtlib | swap_t2_np_sf_ai_00004_005.cvc.smt2 -> ok  3583.86 ms  2048 KB  nodes=245
[3227/4252] z3 | swap_t2_np_sf_ai_00004_005.cvc.smt2 -> ok  47.05 ms  7808 KB  nodes=170
[3228/4252] antlr4 | swap_t2_np_sf_ai_00004_005.cvc.smt2 -> ok  1670.97 ms  5120 KB  nodes=2121
[3229/4252] cvc5 | swap_t2_np_sf_ai_00004_005.cvc.smt2 -> ok  44.4738 ms  16896 KB  nodes=97
[3230/4252] smt-switch | swap_t2_np_sf_ai_00004_005.cvc.smt2 -> fail  4.33872 ms  10112 KB  nodes=0
[3231/4252] native | swap_invalid_t1_np_nf_ai_00009_004.cvc.s -> ok  64.6022 ms  17280 KB  nodes=39
[3232/4252] pysmt | swap_invalid_t1_np_nf_ai_00009_004.cvc.s -> ok  13.9198 ms  21312 KB  nodes=82
[3233/4252] jsmtlib | swap_invalid_t1_np_nf_ai_00009_004.cvc.s -> ok  3091.37 ms  2048 KB  nodes=136
[3234/4252] z3 | swap_invalid_t1_np_nf_ai_00009_004.cvc.s -> ok  51.326 ms  7552 KB  nodes=82
[3235/4252] antlr4 | swap_invalid_t1_np_nf_ai_00009_004.cvc.s -> ok  3111.01 ms  4096 KB  nodes=1796
[3236/4252] cvc5 | swap_invalid_t1_np_nf_ai_00009_004.cvc.s -> ok  422.936 ms  18560 KB  nodes=82
[3237/4252] smt-switch | swap_invalid_t1_np_nf_ai_00009_004.cvc.s -> fail  5.8986 ms  9984 KB  nodes=0
[3238/4252] native | swap_t2_np_nf_ai_00008_006.cvc.smt2 -> ok  89.5957 ms  17152 KB  nodes=1
[3239/4252] pysmt | swap_t2_np_nf_ai_00008_006.cvc.smt2 -> ok  9.39798 ms  21524 KB  nodes=71
[3240/4252] jsmtlib | swap_t2_np_nf_ai_00008_006.cvc.smt2 -> ok  3067.14 ms  2048 KB  nodes=124
[3241/4252] z3 | swap_t2_np_nf_ai_00008_006.cvc.smt2 -> ok  16.157 ms  7808 KB  nodes=71
[3242/4252] antlr4 | swap_t2_np_nf_ai_00008_006.cvc.smt2 -> ok  1619.61 ms  4096 KB  nodes=1617
[3243/4252] cvc5 | swap_t2_np_nf_ai_00008_006.cvc.smt2 -> fail  10048.8 ms  1664 KB  nodes=0
[3244/4252] smt-switch | swap_t2_np_nf_ai_00008_006.cvc.smt2 -> fail  10.335 ms  9984 KB  nodes=0
[3245/4252] native | swap_invalid_t3_np_nf_ai_00009_006.cvc.s -> ok  116.839 ms  17024 KB  nodes=36
[3246/4252] pysmt | swap_invalid_t3_np_nf_ai_00009_006.cvc.s -> ok  4.23384 ms  21260 KB  nodes=82
[3247/4252] jsmtlib | swap_invalid_t3_np_nf_ai_00009_006.cvc.s -> ok  3261.36 ms  2048 KB  nodes=136
[3248/4252] z3 | swap_invalid_t3_np_nf_ai_00009_006.cvc.s -> ok  21.896 ms  7808 KB  nodes=82
[3249/4252] antlr4 | swap_invalid_t3_np_nf_ai_00009_006.cvc.s -> ok  1957.45 ms  5120 KB  nodes=1796
[3250/4252] cvc5 | swap_invalid_t3_np_nf_ai_00009_006.cvc.s -> ok  97.5886 ms  17792 KB  nodes=82
[3251/4252] smt-switch | swap_invalid_t3_np_nf_ai_00009_006.cvc.s -> fail  2.80964 ms  9984 KB  nodes=0
[3252/4252] native | swap_invalid_t3_np_nf_ai_00008_008.cvc.s -> ok  84.5005 ms  17024 KB  nodes=29
[3253/4252] pysmt | swap_invalid_t3_np_nf_ai_00008_008.cvc.s -> ok  28.5611 ms  21496 KB  nodes=72
[3254/4252] jsmtlib | swap_invalid_t3_np_nf_ai_00008_008.cvc.s -> ok  3439.9 ms  2048 KB  nodes=123
[3255/4252] z3 | swap_invalid_t3_np_nf_ai_00008_008.cvc.s -> ok  38.27 ms  7808 KB  nodes=72
[3256/4252] antlr4 | swap_invalid_t3_np_nf_ai_00008_008.cvc.s -> ok  1782.11 ms  4096 KB  nodes=1613
[3257/4252] cvc5 | swap_invalid_t3_np_nf_ai_00008_008.cvc.s -> ok  30.6623 ms  16896 KB  nodes=72
[3258/4252] smt-switch | swap_invalid_t3_np_nf_ai_00008_008.cvc.s -> fail  11.653 ms  10240 KB  nodes=0
[3259/4252] native | swap_t2_np_sf_ai_00004_001.cvc.smt2 -> ok  46.9599 ms  17024 KB  nodes=76
[3260/4252] pysmt | swap_t2_np_sf_ai_00004_001.cvc.smt2 -> ok  21.0235 ms  20992 KB  nodes=77
[3261/4252] jsmtlib | swap_t2_np_sf_ai_00004_001.cvc.smt2 -> ok  3458.68 ms  2048 KB  nodes=194
[3262/4252] z3 | swap_t2_np_sf_ai_00004_001.cvc.smt2 -> ok  43.098 ms  7808 KB  nodes=133
[3263/4252] antlr4 | swap_t2_np_sf_ai_00004_001.cvc.smt2 -> ok  1724.21 ms  4096 KB  nodes=1707
[3264/4252] cvc5 | swap_t2_np_sf_ai_00004_001.cvc.smt2 -> ok  8.50915 ms  16768 KB  nodes=76
[3265/4252] smt-switch | swap_t2_np_sf_ai_00004_001.cvc.smt2 -> fail  11.6578 ms  9856 KB  nodes=0
[3266/4252] native | swap_t2_np_nf_ai_00010_004.cvc.smt2 -> ok  126.607 ms  17280 KB  nodes=1
[3267/4252] pysmt | swap_t2_np_nf_ai_00010_004.cvc.smt2 -> ok  10.0813 ms  21276 KB  nodes=87
[3268/4252] jsmtlib | swap_t2_np_nf_ai_00010_004.cvc.smt2 -> ok  2094.25 ms  2048 KB  nodes=148
[3269/4252] z3 | swap_t2_np_nf_ai_00010_004.cvc.smt2 -> ok  29.154 ms  7808 KB  nodes=87
[3270/4252] antlr4 | swap_t2_np_nf_ai_00010_004.cvc.smt2 -> ok  1292.59 ms  5120 KB  nodes=1961
[3271/4252] cvc5 | swap_t2_np_nf_ai_00010_004.cvc.smt2 -> fail  10041 ms  1664 KB  nodes=0
[3272/4252] smt-switch | swap_t2_np_nf_ai_00010_004.cvc.smt2 -> fail  5.79417 ms  9728 KB  nodes=0
[3273/4252] native | swap_invalid_t1_np_sf_ai_00003_002.cvc.s -> ok  107.398 ms  17024 KB  nodes=53
[3274/4252] pysmt | swap_invalid_t1_np_sf_ai_00003_002.cvc.s -> ok  4.46463 ms  21344 KB  nodes=54
[3275/4252] jsmtlib | swap_invalid_t1_np_sf_ai_00003_002.cvc.s -> ok  1440.57 ms  2048 KB  nodes=139
[3276/4252] z3 | swap_invalid_t1_np_sf_ai_00003_002.cvc.s -> ok  20.521 ms  7808 KB  nodes=94
[3277/4252] antlr4 | swap_invalid_t1_np_sf_ai_00003_002.cvc.s -> ok  1703.83 ms  4096 KB  nodes=1227
[3278/4252] cvc5 | swap_invalid_t1_np_sf_ai_00003_002.cvc.s -> ok  4.78887 ms  16256 KB  nodes=53
[3279/4252] smt-switch | swap_invalid_t1_np_sf_ai_00003_002.cvc.s -> fail  3.39657 ms  9984 KB  nodes=0
[3280/4252] native | swap_invalid_t3_np_nf_ai_00010_009.cvc.s -> ok  60.2933 ms  17280 KB  nodes=43
[3281/4252] pysmt | swap_invalid_t3_np_nf_ai_00010_009.cvc.s -> ok  21.4581 ms  21604 KB  nodes=87
[3282/4252] jsmtlib | swap_invalid_t3_np_nf_ai_00010_009.cvc.s -> ok  2062.23 ms  2048 KB  nodes=144
[3283/4252] z3 | swap_invalid_t3_np_nf_ai_00010_009.cvc.s -> ok  21.095 ms  7808 KB  nodes=87
[3284/4252] antlr4 | swap_invalid_t3_np_nf_ai_00010_009.cvc.s -> ok  2068.11 ms  5120 KB  nodes=1897
[3285/4252] cvc5 | swap_invalid_t3_np_nf_ai_00010_009.cvc.s -> ok  142.003 ms  17920 KB  nodes=87
[3286/4252] smt-switch | swap_invalid_t3_np_nf_ai_00010_009.cvc.s -> fail  12.1574 ms  9728 KB  nodes=0
[3287/4252] native | swap_t1_np_nf_ai_00010_003.cvc.smt2 -> ok  49.6249 ms  17152 KB  nodes=1
[3288/4252] pysmt | swap_t1_np_nf_ai_00010_003.cvc.smt2 -> ok  9.19127 ms  21264 KB  nodes=81
[3289/4252] jsmtlib | swap_t1_np_nf_ai_00010_003.cvc.smt2 -> ok  3040.54 ms  2048 KB  nodes=137
[3290/4252] z3 | swap_t1_np_nf_ai_00010_003.cvc.smt2 -> ok  52.852 ms  7808 KB  nodes=81
[3291/4252] antlr4 | swap_t1_np_nf_ai_00010_003.cvc.smt2 -> ok  1571.62 ms  5120 KB  nodes=1800
[3292/4252] cvc5 | swap_t1_np_nf_ai_00010_003.cvc.smt2 -> fail  10009.5 ms  1664 KB  nodes=0
[3293/4252] smt-switch | swap_t1_np_nf_ai_00010_003.cvc.smt2 -> fail  6.42702 ms  10112 KB  nodes=0
[3294/4252] native | storecomm_t1_np_nf_ai_00010_004.cvc.smt2 -> ok  87.7706 ms  17280 KB  nodes=101
[3295/4252] pysmt | storecomm_t1_np_nf_ai_00010_004.cvc.smt2 -> ok  10.1409 ms  21552 KB  nodes=133
[3296/4252] jsmtlib | storecomm_t1_np_nf_ai_00010_004.cvc.smt2 -> ok  2445.67 ms  2048 KB  nodes=300
[3297/4252] z3 | storecomm_t1_np_nf_ai_00010_004.cvc.smt2 -> ok  19.283 ms  7808 KB  nodes=222
[3298/4252] antlr4 | storecomm_t1_np_nf_ai_00010_004.cvc.smt2 -> ok  1058.31 ms  5120 KB  nodes=2381
[3299/4252] cvc5 | storecomm_t1_np_nf_ai_00010_004.cvc.smt2 -> ok  5.91833 ms  17024 KB  nodes=132
[3300/4252] smt-switch | storecomm_t1_np_nf_ai_00010_004.cvc.smt2 -> fail  16.1001 ms  9984 KB  nodes=0
[3301/4252] native | swap_t2_np_nf_ai_00009_001.cvc.smt2 -> ok  67.6923 ms  17024 KB  nodes=1
[3302/4252] pysmt | swap_t2_np_nf_ai_00009_001.cvc.smt2 -> ok  8.27336 ms  21612 KB  nodes=79
[3303/4252] jsmtlib | swap_t2_np_nf_ai_00009_001.cvc.smt2 -> ok  3485.47 ms  2048 KB  nodes=136
[3304/4252] z3 | swap_t2_np_nf_ai_00009_001.cvc.smt2 -> ok  35.137 ms  7808 KB  nodes=79
[3305/4252] antlr4 | swap_t2_np_nf_ai_00009_001.cvc.smt2 -> ok  1384.45 ms  4096 KB  nodes=1789
[3306/4252] cvc5 | swap_t2_np_nf_ai_00009_001.cvc.smt2 -> ok  963.276 ms  19584 KB  nodes=79
[3307/4252] smt-switch | swap_t2_np_nf_ai_00009_001.cvc.smt2 -> fail  14.1008 ms  9984 KB  nodes=0
[3308/4252] native | swap_t1_np_sf_ai_00005_008.cvc.smt2 -> ok  128.825 ms  17152 KB  nodes=63
[3309/4252] pysmt | swap_t1_np_sf_ai_00005_008.cvc.smt2 -> ok  13.2403 ms  21528 KB  nodes=64
[3310/4252] jsmtlib | swap_t1_np_sf_ai_00005_008.cvc.smt2 -> ok  2565.02 ms  2048 KB  nodes=163
[3311/4252] z3 | swap_t1_np_sf_ai_00005_008.cvc.smt2 -> ok  21.493 ms  7808 KB  nodes=111
[3312/4252] antlr4 | swap_t1_np_sf_ai_00005_008.cvc.smt2 -> ok  1221.66 ms  4096 KB  nodes=1440
[3313/4252] cvc5 | swap_t1_np_sf_ai_00005_008.cvc.smt2 -> ok  4.08076 ms  16512 KB  nodes=63
[3314/4252] smt-switch | swap_t1_np_sf_ai_00005_008.cvc.smt2 -> fail  25.5056 ms  9984 KB  nodes=0
[3315/4252] native | storeinv_invalid_t3_np_sf_ai_00007_001.c -> ok  52.4409 ms  17024 KB  nodes=96
[3316/4252] pysmt | storeinv_invalid_t3_np_sf_ai_00007_001.c -> ok  14.4827 ms  21556 KB  nodes=97
[3317/4252] jsmtlib | storeinv_invalid_t3_np_sf_ai_00007_001.c -> ok  3045.01 ms  2048 KB  nodes=237
[3318/4252] z3 | storeinv_invalid_t3_np_sf_ai_00007_001.c -> ok  29.37 ms  7808 KB  nodes=161
[3319/4252] antlr4 | storeinv_invalid_t3_np_sf_ai_00007_001.c -> ok  1655.36 ms  4096 KB  nodes=2074
[3320/4252] cvc5 | storeinv_invalid_t3_np_sf_ai_00007_001.c -> ok  12.1196 ms  16768 KB  nodes=96
[3321/4252] smt-switch | storeinv_invalid_t3_np_sf_ai_00007_001.c -> fail  6.94033 ms  9856 KB  nodes=0
[3322/4252] native | storecomm_invalid_t1_np_nf_ai_00010_007. -> ok  6517.35 ms  17152 KB  nodes=131
[3323/4252] pysmt | storecomm_invalid_t1_np_nf_ai_00010_007. -> ok  17.1268 ms  21496 KB  nodes=134
[3324/4252] jsmtlib | storecomm_invalid_t1_np_nf_ai_00010_007. -> ok  2868.78 ms  2048 KB  nodes=299
[3325/4252] z3 | storecomm_invalid_t1_np_nf_ai_00010_007. -> ok  36.797 ms  7808 KB  nodes=223
[3326/4252] antlr4 | storecomm_invalid_t1_np_nf_ai_00010_007. -> ok  1791.87 ms  5120 KB  nodes=2383
[3327/4252] cvc5 | storecomm_invalid_t1_np_nf_ai_00010_007. -> ok  16.0169 ms  16768 KB  nodes=133
[3328/4252] smt-switch | storecomm_invalid_t1_np_nf_ai_00010_007. -> fail  8.81013 ms  10112 KB  nodes=0
[3329/4252] native | swap_t1_np_sf_ai_00004_006.cvc.smt2 -> ok  71.1948 ms  17024 KB  nodes=79
[3330/4252] pysmt | swap_t1_np_sf_ai_00004_006.cvc.smt2 -> ok  14.2 ms  21580 KB  nodes=80
[3331/4252] jsmtlib | swap_t1_np_sf_ai_00004_006.cvc.smt2 -> ok  2615.83 ms  2048 KB  nodes=201
[3332/4252] z3 | swap_t1_np_sf_ai_00004_006.cvc.smt2 -> ok  27.656 ms  7808 KB  nodes=138
[3333/4252] antlr4 | swap_t1_np_sf_ai_00004_006.cvc.smt2 -> ok  1291.66 ms  4096 KB  nodes=1761
[3334/4252] cvc5 | swap_t1_np_sf_ai_00004_006.cvc.smt2 -> ok  13.7547 ms  16640 KB  nodes=79
[3335/4252] smt-switch | swap_t1_np_sf_ai_00004_006.cvc.smt2 -> fail  3.67314 ms  9728 KB  nodes=0
[3336/4252] native | storeinv_t1_np_sf_ai_00007_001.cvc.smt2 -> ok  63.585 ms  17024 KB  nodes=96
[3337/4252] pysmt | storeinv_t1_np_sf_ai_00007_001.cvc.smt2 -> ok  37.0963 ms  21592 KB  nodes=97
[3338/4252] jsmtlib | storeinv_t1_np_sf_ai_00007_001.cvc.smt2 -> ok  2946.38 ms  2048 KB  nodes=237
[3339/4252] z3 | storeinv_t1_np_sf_ai_00007_001.cvc.smt2 -> ok  16.22 ms  7808 KB  nodes=161
[3340/4252] antlr4 | storeinv_t1_np_sf_ai_00007_001.cvc.smt2 -> ok  1370.59 ms  5120 KB  nodes=2074
[3341/4252] cvc5 | storeinv_t1_np_sf_ai_00007_001.cvc.smt2 -> ok  126.031 ms  17024 KB  nodes=96
[3342/4252] smt-switch | storeinv_t1_np_sf_ai_00007_001.cvc.smt2 -> fail  6.04142 ms  9728 KB  nodes=0
[3343/4252] native | swap_invalid_t3_np_nf_ai_00010_008.cvc.s -> ok  51.9865 ms  17152 KB  nodes=37
[3344/4252] pysmt | swap_invalid_t3_np_nf_ai_00010_008.cvc.s -> ok  12.3451 ms  21612 KB  nodes=83
[3345/4252] jsmtlib | swap_invalid_t3_np_nf_ai_00010_008.cvc.s -> ok  3067.12 ms  2048 KB  nodes=148
[3346/4252] z3 | swap_invalid_t3_np_nf_ai_00010_008.cvc.s -> ok  21.186 ms  7808 KB  nodes=83
[3347/4252] antlr4 | swap_invalid_t3_np_nf_ai_00010_008.cvc.s -> ok  1358.22 ms  5120 KB  nodes=1913
[3348/4252] cvc5 | swap_invalid_t3_np_nf_ai_00010_008.cvc.s -> ok  45.5892 ms  16896 KB  nodes=83
[3349/4252] smt-switch | swap_invalid_t3_np_nf_ai_00010_008.cvc.s -> fail  12.2845 ms  9984 KB  nodes=0
[3350/4252] native | swap_invalid_t1_np_sf_ai_00004_009.cvc.s -> ok  6510.37 ms  17024 KB  nodes=94
[3351/4252] pysmt | swap_invalid_t1_np_sf_ai_00004_009.cvc.s -> ok  4.94957 ms  21636 KB  nodes=95
[3352/4252] jsmtlib | swap_invalid_t1_np_sf_ai_00004_009.cvc.s -> ok  3280.13 ms  2048 KB  nodes=238
[3353/4252] z3 | swap_invalid_t1_np_sf_ai_00004_009.cvc.s -> ok  79.485 ms  7808 KB  nodes=165
[3354/4252] antlr4 | swap_invalid_t1_np_sf_ai_00004_009.cvc.s -> ok  1637.79 ms  5120 KB  nodes=2067
[3355/4252] cvc5 | swap_invalid_t1_np_sf_ai_00004_009.cvc.s -> ok  12.0113 ms  16896 KB  nodes=94
[3356/4252] smt-switch | swap_invalid_t1_np_sf_ai_00004_009.cvc.s -> fail  15.0998 ms  9600 KB  nodes=0
[3357/4252] native | swap_invalid_t3_np_nf_ai_00009_005.cvc.s -> ok  45.6327 ms  17152 KB  nodes=33
[3358/4252] pysmt | swap_invalid_t3_np_nf_ai_00009_005.cvc.s -> ok  10.2005 ms  21252 KB  nodes=65
[3359/4252] jsmtlib | swap_invalid_t3_np_nf_ai_00009_005.cvc.s -> ok  2645.03 ms  2048 KB  nodes=110
[3360/4252] z3 | swap_invalid_t3_np_nf_ai_00009_005.cvc.s -> ok  16.806 ms  7808 KB  nodes=65
[3361/4252] antlr4 | swap_invalid_t3_np_nf_ai_00009_005.cvc.s -> ok  1317.48 ms  4096 KB  nodes=1437
[3362/4252] cvc5 | swap_invalid_t3_np_nf_ai_00009_005.cvc.s -> ok  96.171 ms  17920 KB  nodes=65
[3363/4252] smt-switch | swap_invalid_t3_np_nf_ai_00009_005.cvc.s -> fail  6.39427 ms  10112 KB  nodes=0
[3364/4252] native | swap_t1_np_sf_ai_00003_002.cvc.smt2 -> ok  98.3783 ms  16896 KB  nodes=50
[3365/4252] pysmt | swap_t1_np_sf_ai_00003_002.cvc.smt2 -> ok  6.181 ms  21440 KB  nodes=51
[3366/4252] jsmtlib | swap_t1_np_sf_ai_00003_002.cvc.smt2 -> ok  2510.49 ms  2048 KB  nodes=132
[3367/4252] z3 | swap_t1_np_sf_ai_00003_002.cvc.smt2 -> ok  31.069 ms  7808 KB  nodes=89
[3368/4252] antlr4 | swap_t1_np_sf_ai_00003_002.cvc.smt2 -> ok  1245.25 ms  4096 KB  nodes=1173
[3369/4252] cvc5 | swap_t1_np_sf_ai_00003_002.cvc.smt2 -> ok  3.44848 ms  16384 KB  nodes=50
[3370/4252] smt-switch | swap_t1_np_sf_ai_00003_002.cvc.smt2 -> fail  13.0943 ms  9856 KB  nodes=0
[3371/4252] native | swap_invalid_t3_np_sf_ai_00004_005.cvc.s -> ok  57.5126 ms  17024 KB  nodes=94
[3372/4252] pysmt | swap_invalid_t3_np_sf_ai_00004_005.cvc.s -> ok  6.47855 ms  21600 KB  nodes=95
[3373/4252] jsmtlib | swap_invalid_t3_np_sf_ai_00004_005.cvc.s -> ok  2517.23 ms  2048 KB  nodes=238
[3374/4252] z3 | swap_invalid_t3_np_sf_ai_00004_005.cvc.s -> ok  47.216 ms  7808 KB  nodes=165
[3375/4252] antlr4 | swap_invalid_t3_np_sf_ai_00004_005.cvc.s -> ok  1321.84 ms  4096 KB  nodes=2067
[3376/4252] cvc5 | swap_invalid_t3_np_sf_ai_00004_005.cvc.s -> ok  7.19874 ms  16512 KB  nodes=94
[3377/4252] smt-switch | swap_invalid_t3_np_sf_ai_00004_005.cvc.s -> fail  12.0596 ms  9856 KB  nodes=0
[3378/4252] native | swap_t3_np_sf_ai_00003_005.cvc.smt2 -> ok  69.1902 ms  17152 KB  nodes=65
[3379/4252] pysmt | swap_t3_np_sf_ai_00003_005.cvc.smt2 -> ok  28.2593 ms  21076 KB  nodes=66
[3380/4252] jsmtlib | swap_t3_np_sf_ai_00003_005.cvc.smt2 -> ok  4153.68 ms  2048 KB  nodes=169
[3381/4252] z3 | swap_t3_np_sf_ai_00003_005.cvc.smt2 -> ok  24.941 ms  7808 KB  nodes=116
[3382/4252] antlr4 | swap_t3_np_sf_ai_00003_005.cvc.smt2 -> ok  1981.27 ms  4096 KB  nodes=1479
[3383/4252] cvc5 | swap_t3_np_sf_ai_00003_005.cvc.smt2 -> ok  12.5269 ms  16512 KB  nodes=65
[3384/4252] smt-switch | swap_t3_np_sf_ai_00003_005.cvc.smt2 -> fail  4.04549 ms  9984 KB  nodes=0
[3385/4252] native | swap_t1_np_nf_ai_00008_002.cvc.smt2 -> ok  102.001 ms  17280 KB  nodes=1
[3386/4252] pysmt | swap_t1_np_nf_ai_00008_002.cvc.smt2 -> ok  6.27613 ms  21368 KB  nodes=65
[3387/4252] jsmtlib | swap_t1_np_nf_ai_00008_002.cvc.smt2 -> ok  1149.62 ms  2048 KB  nodes=120
[3388/4252] z3 | swap_t1_np_nf_ai_00008_002.cvc.smt2 -> ok  36.135 ms  7808 KB  nodes=65
[3389/4252] antlr4 | swap_t1_np_nf_ai_00008_002.cvc.smt2 -> ok  1423.29 ms  4096 KB  nodes=1539
[3390/4252] cvc5 | swap_t1_np_nf_ai_00008_002.cvc.smt2 -> ok  3131.54 ms  19456 KB  nodes=65
[3391/4252] smt-switch | swap_t1_np_nf_ai_00008_002.cvc.smt2 -> fail  7.65111 ms  9984 KB  nodes=0
[3392/4252] native | swap_invalid_t1_np_nf_ai_00008_001.cvc.s -> ok  56.56 ms  17152 KB  nodes=33
[3393/4252] pysmt | swap_invalid_t1_np_nf_ai_00008_001.cvc.s -> ok  10.129 ms  21036 KB  nodes=69
[3394/4252] jsmtlib | swap_invalid_t1_np_nf_ai_00008_001.cvc.s -> ok  2618.06 ms  2048 KB  nodes=116
[3395/4252] z3 | swap_invalid_t1_np_nf_ai_00008_001.cvc.s -> ok  34.215 ms  7808 KB  nodes=69
[3396/4252] antlr4 | swap_invalid_t1_np_nf_ai_00008_001.cvc.s -> ok  1405.33 ms  4096 KB  nodes=1523
[3397/4252] cvc5 | swap_invalid_t1_np_nf_ai_00008_001.cvc.s -> ok  5.34613 ms  16768 KB  nodes=69
[3398/4252] smt-switch | swap_invalid_t1_np_nf_ai_00008_001.cvc.s -> fail  6.14361 ms  10240 KB  nodes=0
[3399/4252] native | storeinv_t3_np_nf_ai_00010_001.cvc.smt2 -> ok  176.835 ms  17024 KB  nodes=55
[3400/4252] pysmt | storeinv_t3_np_nf_ai_00010_001.cvc.smt2 -> ok  52.9864 ms  20504 KB  nodes=56
[3401/4252] jsmtlib | storeinv_t3_np_nf_ai_00010_001.cvc.smt2 -> ok  2652.71 ms  2048 KB  nodes=107
[3402/4252] z3 | storeinv_t3_np_nf_ai_00010_001.cvc.smt2 -> ok  30.501 ms  7808 KB  nodes=57
[3403/4252] antlr4 | storeinv_t3_np_nf_ai_00010_001.cvc.smt2 -> ok  1465.89 ms  4096 KB  nodes=1305
[3404/4252] cvc5 | storeinv_t3_np_nf_ai_00010_001.cvc.smt2 -> ok  297.68 ms  17792 KB  nodes=55
[3405/4252] smt-switch | storeinv_t3_np_nf_ai_00010_001.cvc.smt2 -> fail  12.591 ms  10112 KB  nodes=0
[3406/4252] native | swap_invalid_t1_np_sf_ai_00006_009.cvc.s -> ok  191.024 ms  17152 KB  nodes=132
[3407/4252] pysmt | swap_invalid_t1_np_sf_ai_00006_009.cvc.s -> ok  22.8815 ms  21744 KB  nodes=133
[3408/4252] jsmtlib | swap_invalid_t1_np_sf_ai_00006_009.cvc.s -> ok  3055.63 ms  2048 KB  nodes=330
[3409/4252] z3 | swap_invalid_t1_np_sf_ai_00006_009.cvc.s -> ok  26.615 ms  7808 KB  nodes=231
[3410/4252] antlr4 | swap_invalid_t1_np_sf_ai_00006_009.cvc.s -> ok  1540.3 ms  5120 KB  nodes=2853
[3411/4252] cvc5 | swap_invalid_t1_np_sf_ai_00006_009.cvc.s -> ok  65.2465 ms  17152 KB  nodes=132
[3412/4252] smt-switch | swap_invalid_t1_np_sf_ai_00006_009.cvc.s -> fail  4.4538 ms  10112 KB  nodes=0
[3413/4252] native | swap_invalid_t1_np_nf_ai_00009_002.cvc.s -> ok  219.861 ms  17024 KB  nodes=37
[3414/4252] pysmt | swap_invalid_t1_np_nf_ai_00009_002.cvc.s -> ok  13.4861 ms  21568 KB  nodes=71
[3415/4252] jsmtlib | swap_invalid_t1_np_nf_ai_00009_002.cvc.s -> ok  3129.16 ms  2048 KB  nodes=127
[3416/4252] z3 | swap_invalid_t1_np_nf_ai_00009_002.cvc.s -> ok  132.289 ms  7680 KB  nodes=71
[3417/4252] antlr4 | swap_invalid_t1_np_nf_ai_00009_002.cvc.s -> ok  2347.14 ms  4096 KB  nodes=1636
[3418/4252] cvc5 | swap_invalid_t1_np_nf_ai_00009_002.cvc.s -> ok  61.8675 ms  17536 KB  nodes=71
[3419/4252] smt-switch | swap_invalid_t1_np_nf_ai_00009_002.cvc.s -> fail  15.8096 ms  10240 KB  nodes=0
[3420/4252] native | swap_t3_np_nf_ai_00010_007.cvc.smt2 -> ok  137.998 ms  17152 KB  nodes=1
[3421/4252] pysmt | swap_t3_np_nf_ai_00010_007.cvc.smt2 -> ok  12.995 ms  21344 KB  nodes=89
[3422/4252] jsmtlib | swap_t3_np_nf_ai_00010_007.cvc.smt2 -> ok  3495.06 ms  2048 KB  nodes=146
[3423/4252] z3 | swap_t3_np_nf_ai_00010_007.cvc.smt2 -> ok  40.655 ms  7808 KB  nodes=89
[3424/4252] antlr4 | swap_t3_np_nf_ai_00010_007.cvc.smt2 -> ok  1674.25 ms  5120 KB  nodes=1953
[3425/4252] cvc5 | swap_t3_np_nf_ai_00010_007.cvc.smt2 -> fail  10017 ms  1664 KB  nodes=0
[3426/4252] smt-switch | swap_t3_np_nf_ai_00010_007.cvc.smt2 -> fail  3.90942 ms  10240 KB  nodes=0
[3427/4252] native | storeinv_t3_np_sf_ai_00005_001.cvc.smt2 -> ok  107.235 ms  17024 KB  nodes=70
[3428/4252] pysmt | storeinv_t3_np_sf_ai_00005_001.cvc.smt2 -> ok  6.86169 ms  21580 KB  nodes=71
[3429/4252] jsmtlib | storeinv_t3_np_sf_ai_00005_001.cvc.smt2 -> ok  2590.98 ms  2048 KB  nodes=175
[3430/4252] z3 | storeinv_t3_np_sf_ai_00005_001.cvc.smt2 -> ok  29.356 ms  7808 KB  nodes=117
[3431/4252] antlr4 | storeinv_t3_np_sf_ai_00005_001.cvc.smt2 -> ok  1469.09 ms  4096 KB  nodes=1540
[3432/4252] cvc5 | storeinv_t3_np_sf_ai_00005_001.cvc.smt2 -> ok  74.6803 ms  17024 KB  nodes=70
[3433/4252] smt-switch | storeinv_t3_np_sf_ai_00005_001.cvc.smt2 -> fail  8.02607 ms  9984 KB  nodes=0
[3434/4252] native | storecomm_t3_np_nf_ai_00010_003.cvc.smt2 -> ok  246.284 ms  17024 KB  nodes=101
[3435/4252] pysmt | storecomm_t3_np_nf_ai_00010_003.cvc.smt2 -> ok  22.0654 ms  21216 KB  nodes=134
[3436/4252] jsmtlib | storecomm_t3_np_nf_ai_00010_003.cvc.smt2 -> ok  3336.39 ms  2048 KB  nodes=299
[3437/4252] z3 | storecomm_t3_np_nf_ai_00010_003.cvc.smt2 -> ok  6098.74 ms  7680 KB  nodes=223
[3438/4252] antlr4 | storecomm_t3_np_nf_ai_00010_003.cvc.smt2 -> ok  1775.46 ms  5120 KB  nodes=2383
[3439/4252] cvc5 | storecomm_t3_np_nf_ai_00010_003.cvc.smt2 -> ok  26.8868 ms  17024 KB  nodes=133
[3440/4252] smt-switch | storecomm_t3_np_nf_ai_00010_003.cvc.smt2 -> fail  6.40595 ms  9856 KB  nodes=0
[3441/4252] native | storeinv_invalid_t3_np_sf_ai_00004_001.c -> ok  62.1098 ms  17152 KB  nodes=57
[3442/4252] pysmt | storeinv_invalid_t3_np_sf_ai_00004_001.c -> ok  5.74255 ms  21556 KB  nodes=58
[3443/4252] jsmtlib | storeinv_invalid_t3_np_sf_ai_00004_001.c -> ok  2519.38 ms  2048 KB  nodes=144
[3444/4252] z3 | storeinv_invalid_t3_np_sf_ai_00004_001.c -> ok  73.837 ms  7808 KB  nodes=95
[3445/4252] antlr4 | storeinv_invalid_t3_np_sf_ai_00004_001.c -> ok  1552.75 ms  4096 KB  nodes=1273
[3446/4252] cvc5 | storeinv_invalid_t3_np_sf_ai_00004_001.c -> ok  17.9655 ms  16640 KB  nodes=57
[3447/4252] smt-switch | storeinv_invalid_t3_np_sf_ai_00004_001.c -> fail  11.4246 ms  9856 KB  nodes=0
[3448/4252] native | swap_t1_np_sf_ai_00005_009.cvc.smt2 -> ok  50.3339 ms  17152 KB  nodes=116
[3449/4252] pysmt | swap_t1_np_sf_ai_00005_009.cvc.smt2 -> ok  20.9157 ms  21472 KB  nodes=117
[3450/4252] jsmtlib | swap_t1_np_sf_ai_00005_009.cvc.smt2 -> ok  2808.14 ms  2048 KB  nodes=292
[3451/4252] z3 | swap_t1_np_sf_ai_00005_009.cvc.smt2 -> ok  31.121 ms  7936 KB  nodes=204
[3452/4252] antlr4 | swap_t1_np_sf_ai_00005_009.cvc.smt2 -> ok  1578.74 ms  5120 KB  nodes=2532
[3453/4252] cvc5 | swap_t1_np_sf_ai_00005_009.cvc.smt2 -> ok  35.585 ms  16896 KB  nodes=116
[3454/4252] smt-switch | swap_t1_np_sf_ai_00005_009.cvc.smt2 -> fail  9.51074 ms  9856 KB  nodes=0
[3455/4252] native | swap_t1_np_nf_ai_00010_009.cvc.smt2 -> ok  325.404 ms  17024 KB  nodes=1
[3456/4252] pysmt | swap_t1_np_nf_ai_00010_009.cvc.smt2 -> ok  14.2007 ms  20940 KB  nodes=87
[3457/4252] jsmtlib | swap_t1_np_nf_ai_00010_009.cvc.smt2 -> ok  2622.96 ms  2048 KB  nodes=144
[3458/4252] z3 | swap_t1_np_nf_ai_00010_009.cvc.smt2 -> ok  88.592 ms  7808 KB  nodes=87
[3459/4252] antlr4 | swap_t1_np_nf_ai_00010_009.cvc.smt2 -> ok  1767.93 ms  5120 KB  nodes=1897
[3460/4252] cvc5 | swap_t1_np_nf_ai_00010_009.cvc.smt2 -> fail  10044.8 ms  1664 KB  nodes=0
[3461/4252] smt-switch | swap_t1_np_nf_ai_00010_009.cvc.smt2 -> fail  8.58705 ms  10112 KB  nodes=0
[3462/4252] native | swap_t2_np_sf_ai_00004_008.cvc.smt2 -> ok  173.488 ms  17152 KB  nodes=96
[3463/4252] pysmt | swap_t2_np_sf_ai_00004_008.cvc.smt2 -> ok  12.1696 ms  21268 KB  nodes=97
[3464/4252] jsmtlib | swap_t2_np_sf_ai_00004_008.cvc.smt2 -> ok  2092.59 ms  2048 KB  nodes=244
[3465/4252] z3 | swap_t2_np_sf_ai_00004_008.cvc.smt2 -> ok  20.219 ms  7808 KB  nodes=170
[3466/4252] antlr4 | swap_t2_np_sf_ai_00004_008.cvc.smt2 -> ok  1103.07 ms  5120 KB  nodes=2106
[3467/4252] cvc5 | swap_t2_np_sf_ai_00004_008.cvc.smt2 -> ok  13.2579 ms  17152 KB  nodes=96
[3468/4252] smt-switch | swap_t2_np_sf_ai_00004_008.cvc.smt2 -> fail  69.1639 ms  9984 KB  nodes=0
[3469/4252] native | storecomm_t1_np_nf_ai_00010_007.cvc.smt2 -> ok  54.5773 ms  17152 KB  nodes=101
[3470/4252] pysmt | storecomm_t1_np_nf_ai_00010_007.cvc.smt2 -> ok  6.45494 ms  21556 KB  nodes=134
[3471/4252] jsmtlib | storecomm_t1_np_nf_ai_00010_007.cvc.smt2 -> ok  2327.82 ms  2048 KB  nodes=299
[3472/4252] z3 | storecomm_t1_np_nf_ai_00010_007.cvc.smt2 -> ok  48.404 ms  7680 KB  nodes=223
[3473/4252] antlr4 | storecomm_t1_np_nf_ai_00010_007.cvc.smt2 -> ok  3225.65 ms  5120 KB  nodes=2383
[3474/4252] cvc5 | storecomm_t1_np_nf_ai_00010_007.cvc.smt2 -> ok  6.22074 ms  16768 KB  nodes=133
[3475/4252] smt-switch | storecomm_t1_np_nf_ai_00010_007.cvc.smt2 -> fail  2.42638 ms  9984 KB  nodes=0
[3476/4252] native | storeinv_t1_np_sf_ai_00009_001.cvc.smt2 -> ok  98.4977 ms  16896 KB  nodes=122
[3477/4252] pysmt | storeinv_t1_np_sf_ai_00009_001.cvc.smt2 -> ok  32.639 ms  21604 KB  nodes=123
[3478/4252] jsmtlib | storeinv_t1_np_sf_ai_00009_001.cvc.smt2 -> ok  1881.06 ms  2048 KB  nodes=299
[3479/4252] z3 | storeinv_t1_np_sf_ai_00009_001.cvc.smt2 -> ok  39.512 ms  7680 KB  nodes=205
[3480/4252] antlr4 | storeinv_t1_np_sf_ai_00009_001.cvc.smt2 -> ok  1437.87 ms  5120 KB  nodes=2608
[3481/4252] cvc5 | storeinv_t1_np_sf_ai_00009_001.cvc.smt2 -> ok  314.691 ms  17792 KB  nodes=122
[3482/4252] smt-switch | storeinv_t1_np_sf_ai_00009_001.cvc.smt2 -> fail  7.53884 ms  10112 KB  nodes=0
[3483/4252] native | swap_invalid_t1_np_sf_ai_00004_006.cvc.s -> ok  167.759 ms  17024 KB  nodes=79
[3484/4252] pysmt | swap_invalid_t1_np_sf_ai_00004_006.cvc.s -> ok  15.4274 ms  21164 KB  nodes=80
[3485/4252] jsmtlib | swap_invalid_t1_np_sf_ai_00004_006.cvc.s -> ok  2163.49 ms  2048 KB  nodes=201
[3486/4252] z3 | swap_invalid_t1_np_sf_ai_00004_006.cvc.s -> ok  38.377 ms  7680 KB  nodes=138
[3487/4252] antlr4 | swap_invalid_t1_np_sf_ai_00004_006.cvc.s -> ok  1309.24 ms  4096 KB  nodes=1761
[3488/4252] cvc5 | swap_invalid_t1_np_sf_ai_00004_006.cvc.s -> ok  33.0837 ms  16640 KB  nodes=79
[3489/4252] smt-switch | swap_invalid_t1_np_sf_ai_00004_006.cvc.s -> fail  3.12345 ms  9984 KB  nodes=0
[3490/4252] native | swap_t2_np_nf_ai_00008_007.cvc.smt2 -> ok  97.2107 ms  17152 KB  nodes=1
[3491/4252] pysmt | swap_t2_np_nf_ai_00008_007.cvc.smt2 -> ok  6.57153 ms  21380 KB  nodes=63
[3492/4252] jsmtlib | swap_t2_np_nf_ai_00008_007.cvc.smt2 -> ok  2856.63 ms  2048 KB  nodes=109
[3493/4252] z3 | swap_t2_np_nf_ai_00008_007.cvc.smt2 -> ok  28.768 ms  7808 KB  nodes=63
[3494/4252] antlr4 | swap_t2_np_nf_ai_00008_007.cvc.smt2 -> ok  1363.91 ms  4096 KB  nodes=1426
[3495/4252] cvc5 | swap_t2_np_nf_ai_00008_007.cvc.smt2 -> ok  274.31 ms  18176 KB  nodes=63
[3496/4252] smt-switch | swap_t2_np_nf_ai_00008_007.cvc.smt2 -> fail  5.70885 ms  10112 KB  nodes=0
[3497/4252] native | storeinv_invalid_t1_np_sf_ai_00005_001.c -> ok  50.0876 ms  17024 KB  nodes=70
[3498/4252] pysmt | storeinv_invalid_t1_np_sf_ai_00005_001.c -> ok  6.60253 ms  21376 KB  nodes=71
[3499/4252] jsmtlib | storeinv_invalid_t1_np_sf_ai_00005_001.c -> ok  3031.47 ms  2048 KB  nodes=175
[3500/4252] z3 | storeinv_invalid_t1_np_sf_ai_00005_001.c -> ok  33.058 ms  7680 KB  nodes=117
[3501/4252] antlr4 | storeinv_invalid_t1_np_sf_ai_00005_001.c -> ok  1503.25 ms  4096 KB  nodes=1540
[3502/4252] cvc5 | storeinv_invalid_t1_np_sf_ai_00005_001.c -> ok  12.4588 ms  16896 KB  nodes=70
[3503/4252] smt-switch | storeinv_invalid_t1_np_sf_ai_00005_001.c -> fail  7.68437 ms  9984 KB  nodes=0
[3504/4252] native | swap_invalid_t1_np_nf_ai_00010_004.cvc.s -> ok  101.689 ms  17280 KB  nodes=32
[3505/4252] pysmt | swap_invalid_t1_np_nf_ai_00010_004.cvc.s -> ok  6.60896 ms  21308 KB  nodes=88
[3506/4252] jsmtlib | swap_invalid_t1_np_nf_ai_00010_004.cvc.s -> ok  2598.81 ms  2048 KB  nodes=147
[3507/4252] z3 | swap_invalid_t1_np_nf_ai_00010_004.cvc.s -> ok  25.558 ms  7808 KB  nodes=88
[3508/4252] antlr4 | swap_invalid_t1_np_nf_ai_00010_004.cvc.s -> ok  1531.17 ms  5120 KB  nodes=1957
[3509/4252] cvc5 | swap_invalid_t1_np_nf_ai_00010_004.cvc.s -> ok  34.4142 ms  17024 KB  nodes=88
[3510/4252] smt-switch | swap_invalid_t1_np_nf_ai_00010_004.cvc.s -> fail  6.98302 ms  9856 KB  nodes=0
[3511/4252] native | swap_t3_np_nf_ai_00009_004.cvc.smt2 -> ok  140.613 ms  17280 KB  nodes=1
[3512/4252] pysmt | swap_t3_np_nf_ai_00009_004.cvc.smt2 -> ok  23.0482 ms  21380 KB  nodes=82
[3513/4252] jsmtlib | swap_t3_np_nf_ai_00009_004.cvc.smt2 -> ok  2911.87 ms  2048 KB  nodes=136
[3514/4252] z3 | swap_t3_np_nf_ai_00009_004.cvc.smt2 -> ok  20.697 ms  7808 KB  nodes=82
[3515/4252] antlr4 | swap_t3_np_nf_ai_00009_004.cvc.smt2 -> ok  1529.85 ms  5120 KB  nodes=1796
[3516/4252] cvc5 | swap_t3_np_nf_ai_00009_004.cvc.smt2 -> fail  10024.3 ms  1664 KB  nodes=0
[3517/4252] smt-switch | swap_t3_np_nf_ai_00009_004.cvc.smt2 -> fail  74.0513 ms  10112 KB  nodes=0
[3518/4252] native | swap_invalid_t1_np_sf_ai_00004_002.cvc.s -> ok  110.31 ms  17152 KB  nodes=85
[3519/4252] pysmt | swap_invalid_t1_np_sf_ai_00004_002.cvc.s -> ok  5.86891 ms  21152 KB  nodes=86
[3520/4252] jsmtlib | swap_invalid_t1_np_sf_ai_00004_002.cvc.s -> ok  2871.63 ms  2048 KB  nodes=215
[3521/4252] z3 | swap_invalid_t1_np_sf_ai_00004_002.cvc.s -> ok  31.252 ms  7680 KB  nodes=148
[3522/4252] antlr4 | swap_invalid_t1_np_sf_ai_00004_002.cvc.s -> ok  1805.71 ms  4096 KB  nodes=1869
[3523/4252] cvc5 | swap_invalid_t1_np_sf_ai_00004_002.cvc.s -> ok  12.6446 ms  16512 KB  nodes=85
[3524/4252] smt-switch | swap_invalid_t1_np_sf_ai_00004_002.cvc.s -> fail  7.82608 ms  10240 KB  nodes=0
[3525/4252] native | storeinv_invalid_t1_np_sf_ai_00010_001.c -> ok  109.741 ms  17152 KB  nodes=135
[3526/4252] pysmt | storeinv_invalid_t1_np_sf_ai_00010_001.c -> ok  19.5091 ms  21292 KB  nodes=136
[3527/4252] jsmtlib | storeinv_invalid_t1_np_sf_ai_00010_001.c -> ok  2859.96 ms  2048 KB  nodes=330
[3528/4252] z3 | storeinv_invalid_t1_np_sf_ai_00010_001.c -> ok  22.938 ms  7808 KB  nodes=227
[3529/4252] antlr4 | storeinv_invalid_t1_np_sf_ai_00010_001.c -> ok  1613.47 ms  5120 KB  nodes=2875
[3530/4252] cvc5 | storeinv_invalid_t1_np_sf_ai_00010_001.c -> ok  29.6198 ms  17024 KB  nodes=135
[3531/4252] smt-switch | storeinv_invalid_t1_np_sf_ai_00010_001.c -> fail  3.58406 ms  10112 KB  nodes=0
[3532/4252] native | storeinv_invalid_t1_np_nf_ai_00010_001.c -> ok  52.2122 ms  17024 KB  nodes=53
[3533/4252] pysmt | storeinv_invalid_t1_np_nf_ai_00010_001.c -> ok  12.3029 ms  21456 KB  nodes=56
[3534/4252] jsmtlib | storeinv_invalid_t1_np_nf_ai_00010_001.c -> ok  2846 ms  2048 KB  nodes=107
[3535/4252] z3 | storeinv_invalid_t1_np_nf_ai_00010_001.c -> ok  35.51 ms  7808 KB  nodes=57
[3536/4252] antlr4 | storeinv_invalid_t1_np_nf_ai_00010_001.c -> ok  1269.91 ms  4096 KB  nodes=1305
[3537/4252] cvc5 | storeinv_invalid_t1_np_nf_ai_00010_001.c -> ok  24.2679 ms  16768 KB  nodes=55
[3538/4252] smt-switch | storeinv_invalid_t1_np_nf_ai_00010_001.c -> fail  21.9524 ms  9728 KB  nodes=0
[3539/4252] native | swap_t2_np_sf_ai_00006_009.cvc.smt2 -> ok  145.379 ms  17280 KB  nodes=132
[3540/4252] pysmt | swap_t2_np_sf_ai_00006_009.cvc.smt2 -> ok  6.99377 ms  21320 KB  nodes=133
[3541/4252] jsmtlib | swap_t2_np_sf_ai_00006_009.cvc.smt2 -> ok  3288.47 ms  2048 KB  nodes=330
[3542/4252] z3 | swap_t2_np_sf_ai_00006_009.cvc.smt2 -> ok  51.13 ms  7808 KB  nodes=231
[3543/4252] antlr4 | swap_t2_np_sf_ai_00006_009.cvc.smt2 -> ok  1347.32 ms  5120 KB  nodes=2853
[3544/4252] cvc5 | swap_t2_np_sf_ai_00006_009.cvc.smt2 -> ok  241.911 ms  17664 KB  nodes=132
[3545/4252] smt-switch | swap_t2_np_sf_ai_00006_009.cvc.smt2 -> fail  6.93904 ms  9984 KB  nodes=0
[3546/4252] native | swap_invalid_t1_np_nf_ai_00009_008.cvc.s -> ok  119.042 ms  17024 KB  nodes=31
[3547/4252] pysmt | swap_invalid_t1_np_nf_ai_00009_008.cvc.s -> ok  7.39694 ms  21460 KB  nodes=75
[3548/4252] jsmtlib | swap_invalid_t1_np_nf_ai_00009_008.cvc.s -> ok  2691.18 ms  2048 KB  nodes=130
[3549/4252] z3 | swap_invalid_t1_np_nf_ai_00009_008.cvc.s -> ok  55.536 ms  7808 KB  nodes=75
[3550/4252] antlr4 | swap_invalid_t1_np_nf_ai_00009_008.cvc.s -> ok  1555.27 ms  4096 KB  nodes=1703
[3551/4252] cvc5 | swap_invalid_t1_np_nf_ai_00009_008.cvc.s -> ok  8.5022 ms  16640 KB  nodes=75
[3552/4252] smt-switch | swap_invalid_t1_np_nf_ai_00009_008.cvc.s -> fail  6.21075 ms  9984 KB  nodes=0
[3553/4252] native | swap_t3_np_sf_ai_00006_005.cvc.smt2 -> ok  105.311 ms  17280 KB  nodes=147
[3554/4252] pysmt | swap_t3_np_sf_ai_00006_005.cvc.smt2 -> ok  24.6372 ms  21412 KB  nodes=148
[3555/4252] jsmtlib | swap_t3_np_sf_ai_00006_005.cvc.smt2 -> ok  2365.78 ms  2048 KB  nodes=367
[3556/4252] z3 | swap_t3_np_sf_ai_00006_005.cvc.smt2 -> ok  49.823 ms  7808 KB  nodes=258
[3557/4252] antlr4 | swap_t3_np_sf_ai_00006_005.cvc.smt2 -> ok  1195.4 ms  5120 KB  nodes=3159
[3558/4252] cvc5 | swap_t3_np_sf_ai_00006_005.cvc.smt2 -> ok  205.416 ms  17920 KB  nodes=147
[3559/4252] smt-switch | swap_t3_np_sf_ai_00006_005.cvc.smt2 -> fail  95.9222 ms  10112 KB  nodes=0
[3560/4252] native | swap_invalid_t1_np_sf_ai_00009_007.cvc.s -> ok  101.143 ms  17280 KB  nodes=209
[3561/4252] pysmt | swap_invalid_t1_np_sf_ai_00009_007.cvc.s -> ok  18.3654 ms  21832 KB  nodes=210
[3562/4252] jsmtlib | swap_invalid_t1_np_sf_ai_00009_007.cvc.s -> ok  3110.71 ms  2048 KB  nodes=519
[3563/4252] z3 | swap_invalid_t1_np_sf_ai_00009_007.cvc.s -> ok  19.023 ms  7936 KB  nodes=368
[3564/4252] antlr4 | swap_invalid_t1_np_sf_ai_00009_007.cvc.s -> ok  1223.93 ms  5120 KB  nodes=4449
[3565/4252] cvc5 | swap_invalid_t1_np_sf_ai_00009_007.cvc.s -> ok  13.6533 ms  16896 KB  nodes=209
[3566/4252] smt-switch | swap_invalid_t1_np_sf_ai_00009_007.cvc.s -> fail  10.1513 ms  9472 KB  nodes=0
[3567/4252] native | swap_t2_np_sf_ai_00007_002.cvc.smt2 -> ok  86.3896 ms  17280 KB  nodes=172
[3568/4252] pysmt | swap_t2_np_sf_ai_00007_002.cvc.smt2 -> ok  22.6624 ms  21656 KB  nodes=173
[3569/4252] jsmtlib | swap_t2_np_sf_ai_00007_002.cvc.smt2 -> ok  2227.46 ms  2048 KB  nodes=428
[3570/4252] z3 | swap_t2_np_sf_ai_00007_002.cvc.smt2 -> ok  64.309 ms  7936 KB  nodes=302
[3571/4252] antlr4 | swap_t2_np_sf_ai_00007_002.cvc.smt2 -> ok  1200.16 ms  5120 KB  nodes=3678
[3572/4252] cvc5 | swap_t2_np_sf_ai_00007_002.cvc.smt2 -> ok  843.202 ms  19328 KB  nodes=172
[3573/4252] smt-switch | swap_t2_np_sf_ai_00007_002.cvc.smt2 -> fail  7.0693 ms  9600 KB  nodes=0
[3574/4252] native | storecomm_invalid_t1_np_sf_ai_00010_004. -> ok  46.6748 ms  17152 KB  nodes=170
[3575/4252] pysmt | storecomm_invalid_t1_np_sf_ai_00010_004. -> ok  12.7237 ms  21856 KB  nodes=171
[3576/4252] jsmtlib | storecomm_invalid_t1_np_sf_ai_00010_004. -> ok  3058.79 ms  2048 KB  nodes=412
[3577/4252] z3 | storecomm_invalid_t1_np_sf_ai_00010_004. -> ok  72.397 ms  7808 KB  nodes=298
[3578/4252] antlr4 | storecomm_invalid_t1_np_sf_ai_00010_004. -> ok  1271.59 ms  5120 KB  nodes=3351
[3579/4252] cvc5 | storecomm_invalid_t1_np_sf_ai_00010_004. -> ok  21.9829 ms  16896 KB  nodes=170
[3580/4252] smt-switch | storecomm_invalid_t1_np_sf_ai_00010_004. -> fail  20.8478 ms  9728 KB  nodes=0
[3581/4252] native | storecomm_t1_np_sf_ai_00020_004.cvc.smt2 -> ok  77.6931 ms  17280 KB  nodes=543
[3582/4252] pysmt | storecomm_t1_np_sf_ai_00020_004.cvc.smt2 -> ok  25.3267 ms  21764 KB  nodes=544
[3583/4252] jsmtlib | storecomm_t1_np_sf_ai_00020_004.cvc.smt2 -> ok  1956.05 ms  3072 KB  nodes=1325
[3584/4252] z3 | storecomm_t1_np_sf_ai_00020_004.cvc.smt2 -> ok  36.954 ms  7936 KB  nodes=1004
[3585/4252] antlr4 | storecomm_t1_np_sf_ai_00020_004.cvc.smt2 -> ok  4021.16 ms  5120 KB  nodes=10093
[3586/4252] cvc5 | storecomm_t1_np_sf_ai_00020_004.cvc.smt2 -> ok  40.5552 ms  18048 KB  nodes=543
[3587/4252] smt-switch | storecomm_t1_np_sf_ai_00020_004.cvc.smt2 -> fail  39.2102 ms  9856 KB  nodes=0
[3588/4252] native | storecomm_t3_np_sf_ai_00020_009.cvc.smt2 -> ok  101.599 ms  17280 KB  nodes=543
[3589/4252] pysmt | storecomm_t3_np_sf_ai_00020_009.cvc.smt2 -> ok  66.0803 ms  21756 KB  nodes=544
[3590/4252] jsmtlib | storecomm_t3_np_sf_ai_00020_009.cvc.smt2 -> ok  2542.37 ms  3072 KB  nodes=1325
[3591/4252] z3 | storecomm_t3_np_sf_ai_00020_009.cvc.smt2 -> ok  36.98 ms  7680 KB  nodes=1004
[3592/4252] antlr4 | storecomm_t3_np_sf_ai_00020_009.cvc.smt2 -> ok  1495.04 ms  5120 KB  nodes=10093
[3593/4252] cvc5 | storecomm_t3_np_sf_ai_00020_009.cvc.smt2 -> ok  37.5375 ms  18560 KB  nodes=543
[3594/4252] smt-switch | storecomm_t3_np_sf_ai_00020_009.cvc.smt2 -> fail  19.1368 ms  9728 KB  nodes=0
[3595/4252] native | swap_t3_np_sf_ai_00009_004.cvc.smt2 -> ok  50.1461 ms  17152 KB  nodes=222
[3596/4252] pysmt | swap_t3_np_sf_ai_00009_004.cvc.smt2 -> ok  13.2039 ms  21628 KB  nodes=223
[3597/4252] jsmtlib | swap_t3_np_sf_ai_00009_004.cvc.smt2 -> ok  1388.93 ms  2048 KB  nodes=550
[3598/4252] z3 | swap_t3_np_sf_ai_00009_004.cvc.smt2 -> ok  55.576 ms  7808 KB  nodes=390
[3599/4252] antlr4 | swap_t3_np_sf_ai_00009_004.cvc.smt2 -> ok  1282.21 ms  5120 KB  nodes=4716
[3600/4252] cvc5 | swap_t3_np_sf_ai_00009_004.cvc.smt2 -> fail  10048.7 ms  1664 KB  nodes=0
[3601/4252] smt-switch | swap_t3_np_sf_ai_00009_004.cvc.smt2 -> fail  24.8906 ms  9216 KB  nodes=0
[3602/4252] native | swap_t2_np_sf_ai_00009_003.cvc.smt2 -> ok  324.076 ms  17152 KB  nodes=221
[3603/4252] pysmt | swap_t2_np_sf_ai_00009_003.cvc.smt2 -> ok  14.5054 ms  21364 KB  nodes=222
[3604/4252] jsmtlib | swap_t2_np_sf_ai_00009_003.cvc.smt2 -> ok  2660.69 ms  2048 KB  nodes=549
[3605/4252] z3 | swap_t2_np_sf_ai_00009_003.cvc.smt2 -> ok  43.919 ms  7680 KB  nodes=390
[3606/4252] antlr4 | swap_t2_np_sf_ai_00009_003.cvc.smt2 -> ok  1383.06 ms  5120 KB  nodes=4701
[3607/4252] cvc5 | swap_t2_np_sf_ai_00009_003.cvc.smt2 -> fail  10001.8 ms  1664 KB  nodes=0
[3608/4252] smt-switch | swap_t2_np_sf_ai_00009_003.cvc.smt2 -> fail  5.49586 ms  9344 KB  nodes=0
[3609/4252] native | storecomm_t2_np_sf_ai_00020_002.cvc.smt2 -> ok  218.551 ms  17024 KB  nodes=543
[3610/4252] pysmt | storecomm_t2_np_sf_ai_00020_002.cvc.smt2 -> ok  48.9168 ms  21640 KB  nodes=544
[3611/4252] jsmtlib | storecomm_t2_np_sf_ai_00020_002.cvc.smt2 -> ok  2530.95 ms  3072 KB  nodes=1325
[3612/4252] z3 | storecomm_t2_np_sf_ai_00020_002.cvc.smt2 -> ok  79.914 ms  7680 KB  nodes=1004
[3613/4252] antlr4 | storecomm_t2_np_sf_ai_00020_002.cvc.smt2 -> ok  1900.43 ms  5120 KB  nodes=10093
[3614/4252] cvc5 | storecomm_t2_np_sf_ai_00020_002.cvc.smt2 -> ok  35.203 ms  18816 KB  nodes=543
[3615/4252] smt-switch | storecomm_t2_np_sf_ai_00020_002.cvc.smt2 -> fail  6.90291 ms  9728 KB  nodes=0
[3616/4252] native | storecomm_t2_np_nf_ai_00020_003.cvc.smt2 -> ok  70.0613 ms  17408 KB  nodes=401
[3617/4252] pysmt | storecomm_t2_np_nf_ai_00020_003.cvc.smt2 -> ok  48.9593 ms  21440 KB  nodes=464
[3618/4252] jsmtlib | storecomm_t2_np_nf_ai_00020_003.cvc.smt2 -> ok  2846.91 ms  2048 KB  nodes=1084
[3619/4252] z3 | storecomm_t2_np_nf_ai_00020_003.cvc.smt2 -> ok  41.907 ms  7680 KB  nodes=843
[3620/4252] antlr4 | storecomm_t2_np_nf_ai_00020_003.cvc.smt2 -> ok  1384.59 ms  5120 KB  nodes=8013
[3621/4252] cvc5 | storecomm_t2_np_nf_ai_00020_003.cvc.smt2 -> ok  42.9035 ms  18304 KB  nodes=463
[3622/4252] smt-switch | storecomm_t2_np_nf_ai_00020_003.cvc.smt2 -> fail  3.37538 ms  9984 KB  nodes=0
[3623/4252] native | storecomm_invalid_t2_np_sf_ai_00020_004. -> ok  177.869 ms  17280 KB  nodes=543
[3624/4252] pysmt | storecomm_invalid_t2_np_sf_ai_00020_004. -> ok  48.4977 ms  21864 KB  nodes=544
[3625/4252] jsmtlib | storecomm_invalid_t2_np_sf_ai_00020_004. -> ok  2751.03 ms  3072 KB  nodes=1325
[3626/4252] z3 | storecomm_invalid_t2_np_sf_ai_00020_004. -> ok  62.294 ms  7936 KB  nodes=1004
[3627/4252] antlr4 | storecomm_invalid_t2_np_sf_ai_00020_004. -> ok  1314.27 ms  5120 KB  nodes=10093
[3628/4252] cvc5 | storecomm_invalid_t2_np_sf_ai_00020_004. -> ok  31.1511 ms  18304 KB  nodes=543
[3629/4252] smt-switch | storecomm_invalid_t2_np_sf_ai_00020_004. -> fail  15.2438 ms  9728 KB  nodes=0
[3630/4252] native | storecomm_t3_np_sf_ai_00020_001.cvc.smt2 -> ok  67.6094 ms  17280 KB  nodes=543
[3631/4252] pysmt | storecomm_t3_np_sf_ai_00020_001.cvc.smt2 -> ok  34.4424 ms  21556 KB  nodes=544
[3632/4252] jsmtlib | storecomm_t3_np_sf_ai_00020_001.cvc.smt2 -> ok  2637 ms  3072 KB  nodes=1325
[3633/4252] z3 | storecomm_t3_np_sf_ai_00020_001.cvc.smt2 -> ok  48.82 ms  7936 KB  nodes=1004
[3634/4252] antlr4 | storecomm_t3_np_sf_ai_00020_001.cvc.smt2 -> ok  1600.22 ms  5120 KB  nodes=10093
[3635/4252] cvc5 | storecomm_t3_np_sf_ai_00020_001.cvc.smt2 -> ok  32.7144 ms  18560 KB  nodes=543
[3636/4252] smt-switch | storecomm_t3_np_sf_ai_00020_001.cvc.smt2 -> fail  9.63491 ms  9984 KB  nodes=0
[3637/4252] native | swap_invalid_t1_np_sf_ai_00006_008.cvc.s -> ok  48.8422 ms  17280 KB  nodes=147
[3638/4252] pysmt | swap_invalid_t1_np_sf_ai_00006_008.cvc.s -> ok  18.7061 ms  21580 KB  nodes=148
[3639/4252] jsmtlib | swap_invalid_t1_np_sf_ai_00006_008.cvc.s -> ok  2737.73 ms  2048 KB  nodes=367
[3640/4252] z3 | swap_invalid_t1_np_sf_ai_00006_008.cvc.s -> ok  26.352 ms  7680 KB  nodes=258
[3641/4252] antlr4 | swap_invalid_t1_np_sf_ai_00006_008.cvc.s -> ok  1323.54 ms  5120 KB  nodes=3159
[3642/4252] cvc5 | swap_invalid_t1_np_sf_ai_00006_008.cvc.s -> ok  52.597 ms  17152 KB  nodes=147
[3643/4252] smt-switch | swap_invalid_t1_np_sf_ai_00006_008.cvc.s -> fail  9.54517 ms  9344 KB  nodes=0
[3644/4252] native | swap_invalid_t1_np_sf_ai_00007_001.cvc.s -> ok  86.3493 ms  17152 KB  nodes=160
[3645/4252] pysmt | swap_invalid_t1_np_sf_ai_00007_001.cvc.s -> ok  17.5683 ms  21028 KB  nodes=161
[3646/4252] jsmtlib | swap_invalid_t1_np_sf_ai_00007_001.cvc.s -> ok  2415.19 ms  2048 KB  nodes=398
[3647/4252] z3 | swap_invalid_t1_np_sf_ai_00007_001.cvc.s -> ok  21.321 ms  7808 KB  nodes=280
[3648/4252] antlr4 | swap_invalid_t1_np_sf_ai_00007_001.cvc.s -> ok  1305.4 ms  5120 KB  nodes=3426
[3649/4252] cvc5 | swap_invalid_t1_np_sf_ai_00007_001.cvc.s -> ok  31.1475 ms  17024 KB  nodes=160
[3650/4252] smt-switch | swap_invalid_t1_np_sf_ai_00007_001.cvc.s -> fail  7.57008 ms  9472 KB  nodes=0
[3651/4252] native | storecomm_invalid_t1_np_nf_ai_00030_007. -> ok  84.6241 ms  17664 KB  nodes=969
[3652/4252] pysmt | storecomm_invalid_t1_np_nf_ai_00030_007. -> ok  57.2078 ms  21864 KB  nodes=994
[3653/4252] jsmtlib | storecomm_invalid_t1_np_nf_ai_00030_007. -> ok  2729.45 ms  3072 KB  nodes=2369
[3654/4252] z3 | storecomm_invalid_t1_np_nf_ai_00030_007. -> ok  27.604 ms  7680 KB  nodes=1863
[3655/4252] antlr4 | storecomm_invalid_t1_np_nf_ai_00030_007. -> ok  1506.35 ms  6144 KB  nodes=17043
[3656/4252] cvc5 | storecomm_invalid_t1_np_nf_ai_00030_007. -> ok  108.846 ms  20864 KB  nodes=993
[3657/4252] smt-switch | storecomm_invalid_t1_np_nf_ai_00030_007. -> fail  13.8335 ms  9728 KB  nodes=0
[3658/4252] native | storecomm_invalid_t1_np_nf_ai_00020_005. -> ok  101.174 ms  17408 KB  nodes=450
[3659/4252] pysmt | storecomm_invalid_t1_np_nf_ai_00020_005. -> ok  30.9403 ms  21520 KB  nodes=464
[3660/4252] jsmtlib | storecomm_invalid_t1_np_nf_ai_00020_005. -> ok  2744.89 ms  2048 KB  nodes=1084
[3661/4252] z3 | storecomm_invalid_t1_np_nf_ai_00020_005. -> ok  28.284 ms  7808 KB  nodes=843
[3662/4252] antlr4 | storecomm_invalid_t1_np_nf_ai_00020_005. -> ok  1936.42 ms  5120 KB  nodes=8013
[3663/4252] cvc5 | storecomm_invalid_t1_np_nf_ai_00020_005. -> ok  33.5053 ms  18176 KB  nodes=463
[3664/4252] smt-switch | storecomm_invalid_t1_np_nf_ai_00020_005. -> fail  9.14146 ms  9856 KB  nodes=0
[3665/4252] native | storecomm_invalid_t2_np_nf_ai_00020_002. -> timeout  10000 ms  17280 KB  nodes=450
[3666/4252] pysmt | storecomm_invalid_t2_np_nf_ai_00020_002. -> ok  31.7607 ms  21572 KB  nodes=464
[3667/4252] jsmtlib | storecomm_invalid_t2_np_nf_ai_00020_002. -> ok  2624.13 ms  2048 KB  nodes=1084
[3668/4252] z3 | storecomm_invalid_t2_np_nf_ai_00020_002. -> ok  31.598 ms  7936 KB  nodes=843
[3669/4252] antlr4 | storecomm_invalid_t2_np_nf_ai_00020_002. -> ok  1451.78 ms  5120 KB  nodes=8013
[3670/4252] cvc5 | storecomm_invalid_t2_np_nf_ai_00020_002. -> ok  20.2577 ms  18176 KB  nodes=463
[3671/4252] smt-switch | storecomm_invalid_t2_np_nf_ai_00020_002. -> fail  10.5371 ms  9472 KB  nodes=0
[3672/4252] native | storecomm_invalid_t3_np_sf_ai_00020_002. -> ok  51.6842 ms  17280 KB  nodes=543
[3673/4252] pysmt | storecomm_invalid_t3_np_sf_ai_00020_002. -> ok  67.3463 ms  21588 KB  nodes=544
[3674/4252] jsmtlib | storecomm_invalid_t3_np_sf_ai_00020_002. -> ok  2559.8 ms  3072 KB  nodes=1325
[3675/4252] z3 | storecomm_invalid_t3_np_sf_ai_00020_002. -> ok  23.587 ms  7808 KB  nodes=1004
[3676/4252] antlr4 | storecomm_invalid_t3_np_sf_ai_00020_002. -> ok  1525.3 ms  5120 KB  nodes=10093
[3677/4252] cvc5 | storecomm_invalid_t3_np_sf_ai_00020_002. -> ok  31.2811 ms  18048 KB  nodes=543
[3678/4252] smt-switch | storecomm_invalid_t3_np_sf_ai_00020_002. -> fail  7.484 ms  9344 KB  nodes=0
[3679/4252] native | storecomm_invalid_t2_np_nf_ai_00020_009. -> ok  50.6934 ms  17408 KB  nodes=450
[3680/4252] pysmt | storecomm_invalid_t2_np_nf_ai_00020_009. -> ok  50.6961 ms  21420 KB  nodes=464
[3681/4252] jsmtlib | storecomm_invalid_t2_np_nf_ai_00020_009. -> ok  2756.38 ms  2048 KB  nodes=1084
[3682/4252] z3 | storecomm_invalid_t2_np_nf_ai_00020_009. -> ok  28.968 ms  7808 KB  nodes=843
[3683/4252] antlr4 | storecomm_invalid_t2_np_nf_ai_00020_009. -> ok  1871.77 ms  5120 KB  nodes=8013
[3684/4252] cvc5 | storecomm_invalid_t2_np_nf_ai_00020_009. -> ok  20.2542 ms  17792 KB  nodes=463
[3685/4252] smt-switch | storecomm_invalid_t2_np_nf_ai_00020_009. -> fail  26.7081 ms  9600 KB  nodes=0
[3686/4252] native | swap_t2_np_sf_ai_00008_006.cvc.smt2 -> ok  158.739 ms  17024 KB  nodes=191
[3687/4252] pysmt | swap_t2_np_sf_ai_00008_006.cvc.smt2 -> ok  140.515 ms  20812 KB  nodes=192
[3688/4252] jsmtlib | swap_t2_np_sf_ai_00008_006.cvc.smt2 -> ok  2572.29 ms  2048 KB  nodes=475
[3689/4252] z3 | swap_t2_np_sf_ai_00008_006.cvc.smt2 -> ok  28.214 ms  7808 KB  nodes=336
[3690/4252] antlr4 | swap_t2_np_sf_ai_00008_006.cvc.smt2 -> ok  1781.54 ms  5120 KB  nodes=4089
[3691/4252] cvc5 | swap_t2_np_sf_ai_00008_006.cvc.smt2 -> ok  7797.57 ms  20096 KB  nodes=191
[3692/4252] smt-switch | swap_t2_np_sf_ai_00008_006.cvc.smt2 -> fail  10.9115 ms  9728 KB  nodes=0
[3693/4252] native | storecomm_t1_np_sf_ai_00010_003.cvc.smt2 -> ok  52.7231 ms  17280 KB  nodes=173
[3694/4252] pysmt | storecomm_t1_np_sf_ai_00010_003.cvc.smt2 -> ok  22.1236 ms  21636 KB  nodes=174
[3695/4252] jsmtlib | storecomm_t1_np_sf_ai_00010_003.cvc.smt2 -> ok  3455.36 ms  2048 KB  nodes=420
[3696/4252] z3 | storecomm_t1_np_sf_ai_00010_003.cvc.smt2 -> ok  153.07 ms  7680 KB  nodes=304
[3697/4252] antlr4 | storecomm_t1_np_sf_ai_00010_003.cvc.smt2 -> ok  1477.99 ms  5120 KB  nodes=3423
[3698/4252] cvc5 | storecomm_t1_np_sf_ai_00010_003.cvc.smt2 -> ok  16.4137 ms  16384 KB  nodes=173
[3699/4252] smt-switch | storecomm_t1_np_sf_ai_00010_003.cvc.smt2 -> fail  16.4864 ms  9088 KB  nodes=0
[3700/4252] native | storecomm_t2_np_sf_ai_00010_004.cvc.smt2 -> ok  153.826 ms  17280 KB  nodes=170
[3701/4252] pysmt | storecomm_t2_np_sf_ai_00010_004.cvc.smt2 -> ok  18.1088 ms  21476 KB  nodes=171
[3702/4252] jsmtlib | storecomm_t2_np_sf_ai_00010_004.cvc.smt2 -> ok  2856.99 ms  2048 KB  nodes=412
[3703/4252] z3 | storecomm_t2_np_sf_ai_00010_004.cvc.smt2 -> ok  34.702 ms  7680 KB  nodes=298
[3704/4252] antlr4 | storecomm_t2_np_sf_ai_00010_004.cvc.smt2 -> ok  1739.75 ms  5120 KB  nodes=3351
[3705/4252] cvc5 | storecomm_t2_np_sf_ai_00010_004.cvc.smt2 -> ok  23.6548 ms  16512 KB  nodes=170
[3706/4252] smt-switch | storecomm_t2_np_sf_ai_00010_004.cvc.smt2 -> fail  3.17681 ms  9600 KB  nodes=0
[3707/4252] native | swap_invalid_t1_np_sf_ai_00006_007.cvc.s -> ok  181.695 ms  17152 KB  nodes=135
[3708/4252] pysmt | swap_invalid_t1_np_sf_ai_00006_007.cvc.s -> ok  19.1576 ms  21436 KB  nodes=136
[3709/4252] jsmtlib | swap_invalid_t1_np_sf_ai_00006_007.cvc.s -> ok  2659.71 ms  2048 KB  nodes=337
[3710/4252] z3 | swap_invalid_t1_np_sf_ai_00006_007.cvc.s -> ok  16.745 ms  7808 KB  nodes=236
[3711/4252] antlr4 | swap_invalid_t1_np_sf_ai_00006_007.cvc.s -> ok  1412.07 ms  5120 KB  nodes=2907
[3712/4252] cvc5 | swap_invalid_t1_np_sf_ai_00006_007.cvc.s -> ok  23.5129 ms  16768 KB  nodes=135
[3713/4252] smt-switch | swap_invalid_t1_np_sf_ai_00006_007.cvc.s -> fail  3.69224 ms  9728 KB  nodes=0
[3714/4252] native | swap_t2_np_sf_ai_00008_005.cvc.smt2 -> ok  122.893 ms  17152 KB  nodes=174
[3715/4252] pysmt | swap_t2_np_sf_ai_00008_005.cvc.smt2 -> ok  24.8437 ms  21252 KB  nodes=175
[3716/4252] jsmtlib | swap_t2_np_sf_ai_00008_005.cvc.smt2 -> ok  2763.04 ms  2048 KB  nodes=436
[3717/4252] z3 | swap_t2_np_sf_ai_00008_005.cvc.smt2 -> ok  45.434 ms  7808 KB  nodes=309
[3718/4252] antlr4 | swap_t2_np_sf_ai_00008_005.cvc.smt2 -> ok  1150.92 ms  5120 KB  nodes=3753
[3719/4252] cvc5 | swap_t2_np_sf_ai_00008_005.cvc.smt2 -> ok  271.955 ms  18048 KB  nodes=174
[3720/4252] smt-switch | swap_t2_np_sf_ai_00008_005.cvc.smt2 -> fail  3.21536 ms  9472 KB  nodes=0
[3721/4252] native | swap_t2_np_sf_ai_00010_004.cvc.smt2 -> ok  62.6123 ms  17152 KB  nodes=239
[3722/4252] pysmt | swap_t2_np_sf_ai_00010_004.cvc.smt2 -> ok  38.4657 ms  21496 KB  nodes=240
[3723/4252] jsmtlib | swap_t2_np_sf_ai_00010_004.cvc.smt2 -> ok  3292.82 ms  2048 KB  nodes=595
[3724/4252] z3 | swap_t2_np_sf_ai_00010_004.cvc.smt2 -> timeout  10000 ms  7936 KB  nodes=424
[3725/4252] antlr4 | swap_t2_np_sf_ai_00010_004.cvc.smt2 -> ok  1271.45 ms  5120 KB  nodes=5097
[3726/4252] cvc5 | swap_t2_np_sf_ai_00010_004.cvc.smt2 -> fail  10042 ms  1664 KB  nodes=0
[3727/4252] smt-switch | swap_t2_np_sf_ai_00010_004.cvc.smt2 -> fail  17.1955 ms  9216 KB  nodes=0
[3728/4252] native | swap_t3_np_sf_ai_00006_004.cvc.smt2 -> ok  58.5849 ms  17280 KB  nodes=134
[3729/4252] pysmt | swap_t3_np_sf_ai_00006_004.cvc.smt2 -> ok  11.204 ms  21084 KB  nodes=135
[3730/4252] jsmtlib | swap_t3_np_sf_ai_00006_004.cvc.smt2 -> ok  2750.95 ms  2048 KB  nodes=338
[3731/4252] z3 | swap_t3_np_sf_ai_00006_004.cvc.smt2 -> ok  39.063 ms  7680 KB  nodes=238
[3732/4252] antlr4 | swap_t3_np_sf_ai_00006_004.cvc.smt2 -> ok  1223.56 ms  5120 KB  nodes=2928
[3733/4252] cvc5 | swap_t3_np_sf_ai_00006_004.cvc.smt2 -> ok  21.1733 ms  16384 KB  nodes=134
[3734/4252] smt-switch | swap_t3_np_sf_ai_00006_004.cvc.smt2 -> fail  9.98987 ms  9472 KB  nodes=0
[3735/4252] native | swap_invalid_t3_np_sf_ai_00007_003.cvc.s -> ok  47.2198 ms  17280 KB  nodes=153
[3736/4252] pysmt | swap_invalid_t3_np_sf_ai_00007_003.cvc.s -> ok  14.6964 ms  21552 KB  nodes=154
[3737/4252] jsmtlib | swap_invalid_t3_np_sf_ai_00007_003.cvc.s -> ok  2854.41 ms  2048 KB  nodes=383
[3738/4252] z3 | swap_invalid_t3_np_sf_ai_00007_003.cvc.s -> ok  53.739 ms  7680 KB  nodes=270
[3739/4252] antlr4 | swap_invalid_t3_np_sf_ai_00007_003.cvc.s -> ok  2909.54 ms  5120 KB  nodes=3303
[3740/4252] cvc5 | swap_invalid_t3_np_sf_ai_00007_003.cvc.s -> ok  13.4057 ms  16384 KB  nodes=153
[3741/4252] smt-switch | swap_invalid_t3_np_sf_ai_00007_003.cvc.s -> fail  6.07654 ms  9472 KB  nodes=0
[3742/4252] native | swap_t1_np_sf_ai_00007_009.cvc.smt2 -> ok  100.826 ms  17152 KB  nodes=148
[3743/4252] pysmt | swap_t1_np_sf_ai_00007_009.cvc.smt2 -> ok  15.3828 ms  21564 KB  nodes=149
[3744/4252] jsmtlib | swap_t1_np_sf_ai_00007_009.cvc.smt2 -> ok  2860.83 ms  2048 KB  nodes=368
[3745/4252] z3 | swap_t1_np_sf_ai_00007_009.cvc.smt2 -> ok  27.759 ms  7808 KB  nodes=258
[3746/4252] antlr4 | swap_t1_np_sf_ai_00007_009.cvc.smt2 -> ok  1239.76 ms  5120 KB  nodes=3174
[3747/4252] cvc5 | swap_t1_np_sf_ai_00007_009.cvc.smt2 -> ok  749.077 ms  19072 KB  nodes=148
[3748/4252] smt-switch | swap_t1_np_sf_ai_00007_009.cvc.smt2 -> fail  3.47384 ms  9472 KB  nodes=0
[3749/4252] native | swap_t2_np_sf_ai_00009_002.cvc.smt2 -> ok  105.32 ms  17152 KB  nodes=189
[3750/4252] pysmt | swap_t2_np_sf_ai_00009_002.cvc.smt2 -> ok  10.2508 ms  21700 KB  nodes=190
[3751/4252] jsmtlib | swap_t2_np_sf_ai_00009_002.cvc.smt2 -> ok  2288.74 ms  2048 KB  nodes=469
[3752/4252] z3 | swap_t2_np_sf_ai_00009_002.cvc.smt2 -> ok  29.51 ms  7680 KB  nodes=331
[3753/4252] antlr4 | swap_t2_np_sf_ai_00009_002.cvc.smt2 -> ok  1425.58 ms  5120 KB  nodes=4050
[3754/4252] cvc5 | swap_t2_np_sf_ai_00009_002.cvc.smt2 -> ok  4338.68 ms  19584 KB  nodes=189
[3755/4252] smt-switch | swap_t2_np_sf_ai_00009_002.cvc.smt2 -> fail  8.87496 ms  9344 KB  nodes=0
[3756/4252] native | swap_t3_np_sf_ai_00010_009.cvc.smt2 -> ok  109.505 ms  17152 KB  nodes=235
[3757/4252] pysmt | swap_t3_np_sf_ai_00010_009.cvc.smt2 -> ok  35.9712 ms  21744 KB  nodes=236
[3758/4252] jsmtlib | swap_t3_np_sf_ai_00010_009.cvc.smt2 -> ok  4676.58 ms  2048 KB  nodes=581
[3759/4252] z3 | swap_t3_np_sf_ai_00010_009.cvc.smt2 -> ok  33.661 ms  7680 KB  nodes=412
[3760/4252] antlr4 | swap_t3_np_sf_ai_00010_009.cvc.smt2 -> ok  1713.46 ms  5120 KB  nodes=4983
[3761/4252] cvc5 | swap_t3_np_sf_ai_00010_009.cvc.smt2 -> fail  10018.9 ms  1664 KB  nodes=0
[3762/4252] smt-switch | swap_t3_np_sf_ai_00010_009.cvc.smt2 -> fail  10.1245 ms  9088 KB  nodes=0
[3763/4252] native | storecomm_t2_np_sf_ai_00020_007.cvc.smt2 -> ok  172.968 ms  17152 KB  nodes=540
[3764/4252] pysmt | storecomm_t2_np_sf_ai_00020_007.cvc.smt2 -> ok  34.8003 ms  21984 KB  nodes=541
[3765/4252] jsmtlib | storecomm_t2_np_sf_ai_00020_007.cvc.smt2 -> ok  2617.23 ms  3072 KB  nodes=1317
[3766/4252] z3 | storecomm_t2_np_sf_ai_00020_007.cvc.smt2 -> ok  51.365 ms  7936 KB  nodes=998
[3767/4252] antlr4 | storecomm_t2_np_sf_ai_00020_007.cvc.smt2 -> ok  1437.63 ms  5120 KB  nodes=10021
[3768/4252] cvc5 | storecomm_t2_np_sf_ai_00020_007.cvc.smt2 -> ok  39.9173 ms  18304 KB  nodes=540
[3769/4252] smt-switch | storecomm_t2_np_sf_ai_00020_007.cvc.smt2 -> fail  6.82037 ms  9472 KB  nodes=0
[3770/4252] native | swap_t3_np_sf_ai_00010_002.cvc.smt2 -> ok  48.0172 ms  17280 KB  nodes=247
[3771/4252] pysmt | swap_t3_np_sf_ai_00010_002.cvc.smt2 -> ok  16.5589 ms  21672 KB  nodes=248
[3772/4252] jsmtlib | swap_t3_np_sf_ai_00010_002.cvc.smt2 -> ok  5363.23 ms  2048 KB  nodes=611
[3773/4252] z3 | swap_t3_np_sf_ai_00010_002.cvc.smt2 -> ok  81.801 ms  7680 KB  nodes=434
[3774/4252] antlr4 | swap_t3_np_sf_ai_00010_002.cvc.smt2 -> ok  2002.84 ms  5120 KB  nodes=5235
[3775/4252] cvc5 | swap_t3_np_sf_ai_00010_002.cvc.smt2 -> fail  10021.3 ms  1664 KB  nodes=0
[3776/4252] smt-switch | swap_t3_np_sf_ai_00010_002.cvc.smt2 -> fail  10.7037 ms  9216 KB  nodes=0
[3777/4252] native | storecomm_t2_np_sf_ai_00020_006.cvc.smt2 -> ok  259.085 ms  17280 KB  nodes=543
[3778/4252] pysmt | storecomm_t2_np_sf_ai_00020_006.cvc.smt2 -> ok  29.0534 ms  21516 KB  nodes=544
[3779/4252] jsmtlib | storecomm_t2_np_sf_ai_00020_006.cvc.smt2 -> ok  2956.65 ms  3072 KB  nodes=1325
[3780/4252] z3 | storecomm_t2_np_sf_ai_00020_006.cvc.smt2 -> ok  170.82 ms  7680 KB  nodes=1004
[3781/4252] antlr4 | storecomm_t2_np_sf_ai_00020_006.cvc.smt2 -> ok  2173.28 ms  5120 KB  nodes=10093
[3782/4252] cvc5 | storecomm_t2_np_sf_ai_00020_006.cvc.smt2 -> ok  87.5043 ms  18304 KB  nodes=543
[3783/4252] smt-switch | storecomm_t2_np_sf_ai_00020_006.cvc.smt2 -> fail  3.5442 ms  9344 KB  nodes=0
[3784/4252] native | swap_invalid_t1_np_sf_ai_00010_009.cvc.s -> ok  78.0913 ms  17152 KB  nodes=235
[3785/4252] pysmt | swap_invalid_t1_np_sf_ai_00010_009.cvc.s -> ok  16.0673 ms  21856 KB  nodes=236
[3786/4252] jsmtlib | swap_invalid_t1_np_sf_ai_00010_009.cvc.s -> ok  2711.3 ms  2048 KB  nodes=581
[3787/4252] z3 | swap_invalid_t1_np_sf_ai_00010_009.cvc.s -> ok  23.562 ms  7680 KB  nodes=412
[3788/4252] antlr4 | swap_invalid_t1_np_sf_ai_00010_009.cvc.s -> ok  1399.83 ms  5120 KB  nodes=4983
[3789/4252] cvc5 | swap_invalid_t1_np_sf_ai_00010_009.cvc.s -> ok  283.593 ms  18688 KB  nodes=235
[3790/4252] smt-switch | swap_invalid_t1_np_sf_ai_00010_009.cvc.s -> fail  10.8714 ms  9216 KB  nodes=0
[3791/4252] native | storecomm_invalid_t1_np_nf_ai_00020_008. -> ok  188.922 ms  17280 KB  nodes=450
[3792/4252] pysmt | storecomm_invalid_t1_np_nf_ai_00020_008. -> ok  30.381 ms  21548 KB  nodes=464
[3793/4252] jsmtlib | storecomm_invalid_t1_np_nf_ai_00020_008. -> ok  3002.24 ms  2048 KB  nodes=1084
[3794/4252] z3 | storecomm_invalid_t1_np_nf_ai_00020_008. -> ok  20.848 ms  7808 KB  nodes=843
[3795/4252] antlr4 | storecomm_invalid_t1_np_nf_ai_00020_008. -> ok  1568.7 ms  5120 KB  nodes=8013
[3796/4252] cvc5 | storecomm_invalid_t1_np_nf_ai_00020_008. -> ok  29.8707 ms  18176 KB  nodes=463
[3797/4252] smt-switch | storecomm_invalid_t1_np_nf_ai_00020_008. -> fail  16.3647 ms  9472 KB  nodes=0
[3798/4252] native | swap_invalid_t1_np_sf_ai_00010_003.cvc.s -> ok  98.4098 ms  17152 KB  nodes=219
[3799/4252] pysmt | swap_invalid_t1_np_sf_ai_00010_003.cvc.s -> ok  15.7866 ms  21404 KB  nodes=220
[3800/4252] jsmtlib | swap_invalid_t1_np_sf_ai_00010_003.cvc.s -> ok  2763.83 ms  2048 KB  nodes=543
[3801/4252] z3 | swap_invalid_t1_np_sf_ai_00010_003.cvc.s -> ok  22.572 ms  7808 KB  nodes=385
[3802/4252] antlr4 | swap_invalid_t1_np_sf_ai_00010_003.cvc.s -> ok  2004.72 ms  5120 KB  nodes=4662
[3803/4252] cvc5 | swap_invalid_t1_np_sf_ai_00010_003.cvc.s -> ok  478.977 ms  18816 KB  nodes=219
[3804/4252] smt-switch | swap_invalid_t1_np_sf_ai_00010_003.cvc.s -> fail  17.7523 ms  8960 KB  nodes=0
[3805/4252] native | swap_t2_np_sf_ai_00006_007.cvc.smt2 -> ok  86.166 ms  17280 KB  nodes=135
[3806/4252] pysmt | swap_t2_np_sf_ai_00006_007.cvc.smt2 -> ok  17.478 ms  21332 KB  nodes=136
[3807/4252] jsmtlib | swap_t2_np_sf_ai_00006_007.cvc.smt2 -> ok  2993.99 ms  2048 KB  nodes=337
[3808/4252] z3 | swap_t2_np_sf_ai_00006_007.cvc.smt2 -> ok  30.138 ms  7680 KB  nodes=236
[3809/4252] antlr4 | swap_t2_np_sf_ai_00006_007.cvc.smt2 -> ok  1458.51 ms  5120 KB  nodes=2907
[3810/4252] cvc5 | swap_t2_np_sf_ai_00006_007.cvc.smt2 -> ok  406.851 ms  17792 KB  nodes=135
[3811/4252] smt-switch | swap_t2_np_sf_ai_00006_007.cvc.smt2 -> fail  4.49321 ms  9216 KB  nodes=0
[3812/4252] native | storecomm_invalid_t1_np_sf_ai_00020_003. -> ok  78.6947 ms  17152 KB  nodes=543
[3813/4252] pysmt | storecomm_invalid_t1_np_sf_ai_00020_003. -> ok  41.0848 ms  21620 KB  nodes=544
[3814/4252] jsmtlib | storecomm_invalid_t1_np_sf_ai_00020_003. -> ok  2783.08 ms  3072 KB  nodes=1325
[3815/4252] z3 | storecomm_invalid_t1_np_sf_ai_00020_003. -> ok  29.951 ms  7936 KB  nodes=1004
[3816/4252] antlr4 | storecomm_invalid_t1_np_sf_ai_00020_003. -> ok  1573.71 ms  5120 KB  nodes=10093
[3817/4252] cvc5 | storecomm_invalid_t1_np_sf_ai_00020_003. -> ok  37.5775 ms  18176 KB  nodes=543
[3818/4252] smt-switch | storecomm_invalid_t1_np_sf_ai_00020_003. -> fail  2.70144 ms  9472 KB  nodes=0
[3819/4252] native | storecomm_invalid_t2_np_sf_ai_00010_001. -> ok  65.2237 ms  17152 KB  nodes=173
[3820/4252] pysmt | storecomm_invalid_t2_np_sf_ai_00010_001. -> ok  23.8986 ms  21336 KB  nodes=174
[3821/4252] jsmtlib | storecomm_invalid_t2_np_sf_ai_00010_001. -> ok  2758.15 ms  2048 KB  nodes=420
[3822/4252] z3 | storecomm_invalid_t2_np_sf_ai_00010_001. -> ok  22.693 ms  7680 KB  nodes=304
[3823/4252] antlr4 | storecomm_invalid_t2_np_sf_ai_00010_001. -> ok  1558.42 ms  5120 KB  nodes=3423
[3824/4252] cvc5 | storecomm_invalid_t2_np_sf_ai_00010_001. -> ok  37.9794 ms  17024 KB  nodes=173
[3825/4252] smt-switch | storecomm_invalid_t2_np_sf_ai_00010_001. -> fail  17.7571 ms  9472 KB  nodes=0
[3826/4252] native | storecomm_t1_np_nf_ai_00020_001.cvc.smt2 -> ok  75.1861 ms  17408 KB  nodes=401
[3827/4252] pysmt | storecomm_t1_np_nf_ai_00020_001.cvc.smt2 -> ok  34.9743 ms  21720 KB  nodes=464
[3828/4252] jsmtlib | storecomm_t1_np_nf_ai_00020_001.cvc.smt2 -> ok  2932.94 ms  2048 KB  nodes=1084
[3829/4252] z3 | storecomm_t1_np_nf_ai_00020_001.cvc.smt2 -> ok  22.939 ms  7936 KB  nodes=843
[3830/4252] antlr4 | storecomm_t1_np_nf_ai_00020_001.cvc.smt2 -> ok  1355.71 ms  5120 KB  nodes=8013
[3831/4252] cvc5 | storecomm_t1_np_nf_ai_00020_001.cvc.smt2 -> ok  29.2303 ms  18048 KB  nodes=463
[3832/4252] smt-switch | storecomm_t1_np_nf_ai_00020_001.cvc.smt2 -> fail  5.62429 ms  9216 KB  nodes=0
[3833/4252] native | swap_invalid_t3_np_sf_ai_00008_008.cvc.s -> ok  44.4496 ms  17152 KB  nodes=194
[3834/4252] pysmt | swap_invalid_t3_np_sf_ai_00008_008.cvc.s -> ok  20.2327 ms  21552 KB  nodes=195
[3835/4252] jsmtlib | swap_invalid_t3_np_sf_ai_00008_008.cvc.s -> ok  2815.51 ms  2048 KB  nodes=482
[3836/4252] z3 | swap_invalid_t3_np_sf_ai_00008_008.cvc.s -> ok  11.299 ms  7808 KB  nodes=341
[3837/4252] antlr4 | swap_invalid_t3_np_sf_ai_00008_008.cvc.s -> ok  1484.28 ms  5120 KB  nodes=4143
[3838/4252] cvc5 | swap_invalid_t3_np_sf_ai_00008_008.cvc.s -> ok  20.2756 ms  16768 KB  nodes=194
[3839/4252] smt-switch | swap_invalid_t3_np_sf_ai_00008_008.cvc.s -> fail  4.75446 ms  9344 KB  nodes=0
[3840/4252] native | swap_invalid_t3_np_sf_ai_00009_003.cvc.s -> ok  45.8199 ms  17152 KB  nodes=221
[3841/4252] pysmt | swap_invalid_t3_np_sf_ai_00009_003.cvc.s -> ok  16.1133 ms  21424 KB  nodes=222
[3842/4252] jsmtlib | swap_invalid_t3_np_sf_ai_00009_003.cvc.s -> ok  2788.02 ms  2048 KB  nodes=549
[3843/4252] z3 | swap_invalid_t3_np_sf_ai_00009_003.cvc.s -> ok  43.867 ms  7680 KB  nodes=390
[3844/4252] antlr4 | swap_invalid_t3_np_sf_ai_00009_003.cvc.s -> ok  1592.82 ms  5120 KB  nodes=4701
[3845/4252] cvc5 | swap_invalid_t3_np_sf_ai_00009_003.cvc.s -> ok  21.011 ms  16640 KB  nodes=221
[3846/4252] smt-switch | swap_invalid_t3_np_sf_ai_00009_003.cvc.s -> fail  6.07554 ms  9472 KB  nodes=0
[3847/4252] native | swap_invalid_t1_np_sf_ai_00008_004.cvc.s -> ok  62.1546 ms  17152 KB  nodes=148
[3848/4252] pysmt | swap_invalid_t1_np_sf_ai_00008_004.cvc.s -> ok  22.6538 ms  21232 KB  nodes=149
[3849/4252] jsmtlib | swap_invalid_t1_np_sf_ai_00008_004.cvc.s -> ok  2879.27 ms  2048 KB  nodes=368
[3850/4252] z3 | swap_invalid_t1_np_sf_ai_00008_004.cvc.s -> ok  32.106 ms  7808 KB  nodes=258
[3851/4252] antlr4 | swap_invalid_t1_np_sf_ai_00008_004.cvc.s -> ok  1458.41 ms  5120 KB  nodes=3174
[3852/4252] cvc5 | swap_invalid_t1_np_sf_ai_00008_004.cvc.s -> ok  32.0306 ms  16640 KB  nodes=148
[3853/4252] smt-switch | swap_invalid_t1_np_sf_ai_00008_004.cvc.s -> fail  16.836 ms  9472 KB  nodes=0
[3854/4252] native | swap_invalid_t1_np_sf_ai_00007_009.cvc.s -> ok  78.0219 ms  17152 KB  nodes=148
[3855/4252] pysmt | swap_invalid_t1_np_sf_ai_00007_009.cvc.s -> ok  15.0633 ms  21524 KB  nodes=149
[3856/4252] jsmtlib | swap_invalid_t1_np_sf_ai_00007_009.cvc.s -> ok  3218.42 ms  2048 KB  nodes=368
[3857/4252] z3 | swap_invalid_t1_np_sf_ai_00007_009.cvc.s -> ok  6542.82 ms  7680 KB  nodes=258
[3858/4252] antlr4 | swap_invalid_t1_np_sf_ai_00007_009.cvc.s -> ok  1458.45 ms  5120 KB  nodes=3174
[3859/4252] cvc5 | swap_invalid_t1_np_sf_ai_00007_009.cvc.s -> ok  25.1723 ms  16512 KB  nodes=148
[3860/4252] smt-switch | swap_invalid_t1_np_sf_ai_00007_009.cvc.s -> fail  10.993 ms  9344 KB  nodes=0
[3861/4252] native | storecomm_t3_np_nf_ai_00020_006.cvc.smt2 -> ok  264.384 ms  17408 KB  nodes=401
[3862/4252] pysmt | storecomm_t3_np_nf_ai_00020_006.cvc.smt2 -> ok  26.8974 ms  21332 KB  nodes=464
[3863/4252] jsmtlib | storecomm_t3_np_nf_ai_00020_006.cvc.smt2 -> ok  2733.25 ms  2048 KB  nodes=1084
[3864/4252] z3 | storecomm_t3_np_nf_ai_00020_006.cvc.smt2 -> ok  20.161 ms  7808 KB  nodes=843
[3865/4252] antlr4 | storecomm_t3_np_nf_ai_00020_006.cvc.smt2 -> ok  1367.91 ms  5120 KB  nodes=8013
[3866/4252] cvc5 | storecomm_t3_np_nf_ai_00020_006.cvc.smt2 -> ok  45.663 ms  18048 KB  nodes=463
[3867/4252] smt-switch | storecomm_t3_np_nf_ai_00020_006.cvc.smt2 -> fail  6.25922 ms  8960 KB  nodes=0
[3868/4252] native | swap_t1_np_sf_ai_00009_005.cvc.smt2 -> ok  46.9012 ms  17280 KB  nodes=173
[3869/4252] pysmt | swap_t1_np_sf_ai_00009_005.cvc.smt2 -> ok  7.50542 ms  21492 KB  nodes=174
[3870/4252] jsmtlib | swap_t1_np_sf_ai_00009_005.cvc.smt2 -> ok  2550.5 ms  2048 KB  nodes=429
[3871/4252] z3 | swap_t1_np_sf_ai_00009_005.cvc.smt2 -> ok  21.237 ms  7808 KB  nodes=302
[3872/4252] antlr4 | swap_t1_np_sf_ai_00009_005.cvc.smt2 -> ok  1800.77 ms  5120 KB  nodes=3693
[3873/4252] cvc5 | swap_t1_np_sf_ai_00009_005.cvc.smt2 -> ok  702.37 ms  19200 KB  nodes=173
[3874/4252] smt-switch | swap_t1_np_sf_ai_00009_005.cvc.smt2 -> fail  18.2695 ms  9344 KB  nodes=0
[3875/4252] native | swap_t3_np_sf_ai_00006_003.cvc.smt2 -> ok  218.548 ms  17152 KB  nodes=140
[3876/4252] pysmt | swap_t3_np_sf_ai_00006_003.cvc.smt2 -> ok  41.5127 ms  21368 KB  nodes=141
[3877/4252] jsmtlib | swap_t3_np_sf_ai_00006_003.cvc.smt2 -> ok  3690.86 ms  2048 KB  nodes=352
[3878/4252] z3 | swap_t3_np_sf_ai_00006_003.cvc.smt2 -> ok  162.638 ms  7680 KB  nodes=248
[3879/4252] antlr4 | swap_t3_np_sf_ai_00006_003.cvc.smt2 -> ok  1560.24 ms  5120 KB  nodes=3036
[3880/4252] cvc5 | swap_t3_np_sf_ai_00006_003.cvc.smt2 -> ok  268.733 ms  14848 KB  nodes=140
[3881/4252] smt-switch | swap_t3_np_sf_ai_00006_003.cvc.smt2 -> fail  9.68707 ms  8832 KB  nodes=0
[3882/4252] native | swap_invalid_t1_np_sf_ai_00008_007.cvc.s -> ok  72.8617 ms  17280 KB  nodes=170
[3883/4252] pysmt | swap_invalid_t1_np_sf_ai_00008_007.cvc.s -> ok  14.2844 ms  21096 KB  nodes=171
[3884/4252] jsmtlib | swap_invalid_t1_np_sf_ai_00008_007.cvc.s -> ok  1684.36 ms  2048 KB  nodes=422
[3885/4252] z3 | swap_invalid_t1_np_sf_ai_00008_007.cvc.s -> ok  16.835 ms  7808 KB  nodes=297
[3886/4252] antlr4 | swap_invalid_t1_np_sf_ai_00008_007.cvc.s -> ok  1439.49 ms  5120 KB  nodes=3639
[3887/4252] cvc5 | swap_invalid_t1_np_sf_ai_00008_007.cvc.s -> ok  7.14832 ms  15488 KB  nodes=170
[3888/4252] smt-switch | swap_invalid_t1_np_sf_ai_00008_007.cvc.s -> fail  6.47856 ms  9216 KB  nodes=0
[3889/4252] native | swap_invalid_t3_np_sf_ai_00007_008.cvc.s -> ok  50.1696 ms  17152 KB  nodes=160
[3890/4252] pysmt | swap_invalid_t3_np_sf_ai_00007_008.cvc.s -> ok  28.7826 ms  21432 KB  nodes=161
[3891/4252] jsmtlib | swap_invalid_t3_np_sf_ai_00007_008.cvc.s -> ok  1984.8 ms  2048 KB  nodes=398
[3892/4252] z3 | swap_invalid_t3_np_sf_ai_00007_008.cvc.s -> ok  39.672 ms  7808 KB  nodes=280
[3893/4252] antlr4 | swap_invalid_t3_np_sf_ai_00007_008.cvc.s -> ok  1751.22 ms  5120 KB  nodes=3426
[3894/4252] cvc5 | swap_invalid_t3_np_sf_ai_00007_008.cvc.s -> ok  270.465 ms  16768 KB  nodes=160
[3895/4252] smt-switch | swap_invalid_t3_np_sf_ai_00007_008.cvc.s -> fail  14.444 ms  9216 KB  nodes=0
[3896/4252] native | storecomm_t3_np_sf_ai_00010_002.cvc.smt2 -> ok  6568.55 ms  17152 KB  nodes=173
[3897/4252] pysmt | storecomm_t3_np_sf_ai_00010_002.cvc.smt2 -> ok  27.5047 ms  21276 KB  nodes=174
[3898/4252] jsmtlib | storecomm_t3_np_sf_ai_00010_002.cvc.smt2 -> ok  3277.54 ms  2048 KB  nodes=420
[3899/4252] z3 | storecomm_t3_np_sf_ai_00010_002.cvc.smt2 -> ok  47.139 ms  7680 KB  nodes=304
[3900/4252] antlr4 | storecomm_t3_np_sf_ai_00010_002.cvc.smt2 -> ok  1403.31 ms  5120 KB  nodes=3423
[3901/4252] cvc5 | storecomm_t3_np_sf_ai_00010_002.cvc.smt2 -> ok  16.8473 ms  15872 KB  nodes=173
[3902/4252] smt-switch | storecomm_t3_np_sf_ai_00010_002.cvc.smt2 -> fail  9.31674 ms  9088 KB  nodes=0
[3903/4252] native | storecomm_t1_np_sf_ai_00030_008.cvc.smt2 -> ok  65.1258 ms  17536 KB  nodes=1113
[3904/4252] pysmt | storecomm_t1_np_sf_ai_00030_008.cvc.smt2 -> ok  62.608 ms  22120 KB  nodes=1114
[3905/4252] jsmtlib | storecomm_t1_np_sf_ai_00030_008.cvc.smt2 -> ok  2826.54 ms  3072 KB  nodes=2730
[3906/4252] z3 | storecomm_t1_np_sf_ai_00030_008.cvc.smt2 -> ok  48.354 ms  7936 KB  nodes=2104
[3907/4252] antlr4 | storecomm_t1_np_sf_ai_00030_008.cvc.smt2 -> ok  1469.87 ms  6144 KB  nodes=20163
[3908/4252] cvc5 | storecomm_t1_np_sf_ai_00030_008.cvc.smt2 -> ok  81.5781 ms  20096 KB  nodes=1113
[3909/4252] smt-switch | storecomm_t1_np_sf_ai_00030_008.cvc.smt2 -> fail  9.73226 ms  9088 KB  nodes=0
[3910/4252] native | storecomm_t3_np_sf_ai_00040_007.cvc.smt2 -> ok  80.0361 ms  17792 KB  nodes=1883
[3911/4252] pysmt | storecomm_t3_np_sf_ai_00040_007.cvc.smt2 -> ok  80.8737 ms  22312 KB  nodes=1884
[3912/4252] jsmtlib | storecomm_t3_np_sf_ai_00040_007.cvc.smt2 -> ok  2834.94 ms  4096 KB  nodes=4635
[3913/4252] z3 | storecomm_t3_np_sf_ai_00040_007.cvc.smt2 -> ok  46.126 ms  7936 KB  nodes=3604
[3914/4252] antlr4 | storecomm_t3_np_sf_ai_00040_007.cvc.smt2 -> ok  1242.3 ms  8192 KB  nodes=33633
[3915/4252] cvc5 | storecomm_t3_np_sf_ai_00040_007.cvc.smt2 -> ok  144.617 ms  23168 KB  nodes=1883
[3916/4252] smt-switch | storecomm_t3_np_sf_ai_00040_007.cvc.smt2 -> fail  2.20359 ms  8960 KB  nodes=0
[3917/4252] native | storecomm_invalid_t2_np_sf_ai_00060_009. -> ok  108.883 ms  18688 KB  nodes=4023
[3918/4252] pysmt | storecomm_invalid_t2_np_sf_ai_00060_009. -> ok  190.532 ms  23360 KB  nodes=4024
[3919/4252] jsmtlib | storecomm_invalid_t2_np_sf_ai_00060_009. -> ok  3523.44 ms  7168 KB  nodes=9945
[3920/4252] z3 | storecomm_invalid_t2_np_sf_ai_00060_009. -> ok  254.269 ms  7808 KB  nodes=7804
[3921/4252] antlr4 | storecomm_invalid_t2_np_sf_ai_00060_009. -> ok  1764.09 ms  12288 KB  nodes=70773
[3922/4252] cvc5 | storecomm_invalid_t2_np_sf_ai_00060_009. -> ok  407.576 ms  30080 KB  nodes=4023
[3923/4252] smt-switch | storecomm_invalid_t2_np_sf_ai_00060_009. -> fail  17.3665 ms  8832 KB  nodes=0
[3924/4252] native | storecomm_t2_np_sf_ai_00030_009.cvc.smt2 -> ok  82.0317 ms  17536 KB  nodes=1113
[3925/4252] pysmt | storecomm_t2_np_sf_ai_00030_009.cvc.smt2 -> ok  70.1706 ms  21660 KB  nodes=1114
[3926/4252] jsmtlib | storecomm_t2_np_sf_ai_00030_009.cvc.smt2 -> ok  2467.34 ms  3072 KB  nodes=2730
[3927/4252] z3 | storecomm_t2_np_sf_ai_00030_009.cvc.smt2 -> ok  28.516 ms  7936 KB  nodes=2104
[3928/4252] antlr4 | storecomm_t2_np_sf_ai_00030_009.cvc.smt2 -> ok  1310.88 ms  6144 KB  nodes=20163
[3929/4252] cvc5 | storecomm_t2_np_sf_ai_00030_009.cvc.smt2 -> ok  38.4767 ms  20096 KB  nodes=1113
[3930/4252] smt-switch | storecomm_t2_np_sf_ai_00030_009.cvc.smt2 -> fail  8.61686 ms  9216 KB  nodes=0
[3931/4252] native | storecomm_invalid_t2_np_nf_ai_00040_005. -> ok  69.2316 ms  18048 KB  nodes=1688
[3932/4252] pysmt | storecomm_invalid_t2_np_nf_ai_00040_005. -> ok  83.7893 ms  22088 KB  nodes=1724
[3933/4252] jsmtlib | storecomm_invalid_t2_np_nf_ai_00040_005. -> ok  3254.51 ms  4096 KB  nodes=4154
[3934/4252] z3 | storecomm_invalid_t2_np_nf_ai_00040_005. -> ok  190.445 ms  7936 KB  nodes=3283
[3935/4252] antlr4 | storecomm_invalid_t2_np_nf_ai_00040_005. -> ok  1563.19 ms  7168 KB  nodes=29473
[3936/4252] cvc5 | storecomm_invalid_t2_np_nf_ai_00040_005. -> ok  57.0734 ms  22656 KB  nodes=1723
[3937/4252] smt-switch | storecomm_invalid_t2_np_nf_ai_00040_005. -> fail  20.7354 ms  9216 KB  nodes=0
[3938/4252] native | storecomm_t3_np_sf_ai_00040_008.cvc.smt2 -> ok  141.106 ms  17792 KB  nodes=1883
[3939/4252] pysmt | storecomm_t3_np_sf_ai_00040_008.cvc.smt2 -> ok  132.699 ms  22340 KB  nodes=1884
[3940/4252] jsmtlib | storecomm_t3_np_sf_ai_00040_008.cvc.smt2 -> ok  2829.18 ms  4096 KB  nodes=4635
[3941/4252] z3 | storecomm_t3_np_sf_ai_00040_008.cvc.smt2 -> ok  30.967 ms  7808 KB  nodes=3604
[3942/4252] antlr4 | storecomm_t3_np_sf_ai_00040_008.cvc.smt2 -> ok  2071.95 ms  8192 KB  nodes=33633
[3943/4252] cvc5 | storecomm_t3_np_sf_ai_00040_008.cvc.smt2 -> ok  82.3368 ms  23296 KB  nodes=1883
[3944/4252] smt-switch | storecomm_t3_np_sf_ai_00040_008.cvc.smt2 -> fail  10.6429 ms  9216 KB  nodes=0
[3945/4252] native | storecomm_invalid_t1_np_sf_ai_00050_001. -> ok  98.6208 ms  18176 KB  nodes=2853
[3946/4252] pysmt | storecomm_invalid_t1_np_sf_ai_00050_001. -> ok  146.604 ms  22876 KB  nodes=2854
[3947/4252] jsmtlib | storecomm_invalid_t1_np_sf_ai_00050_001. -> ok  2888.09 ms  6144 KB  nodes=7040
[3948/4252] z3 | storecomm_invalid_t1_np_sf_ai_00050_001. -> ok  76.434 ms  8064 KB  nodes=5504
[3949/4252] antlr4 | storecomm_invalid_t1_np_sf_ai_00050_001. -> ok  1411.56 ms  10240 KB  nodes=50503
[3950/4252] cvc5 | storecomm_invalid_t1_np_sf_ai_00050_001. -> ok  264.094 ms  27264 KB  nodes=2853
[3951/4252] smt-switch | storecomm_invalid_t1_np_sf_ai_00050_001. -> fail  6.74697 ms  9088 KB  nodes=0
[3952/4252] native | storecomm_invalid_t1_np_nf_ai_00050_001. -> ok  65.4344 ms  18432 KB  nodes=2607
[3953/4252] pysmt | storecomm_invalid_t1_np_nf_ai_00050_001. -> ok  93.2088 ms  22372 KB  nodes=2654
[3954/4252] jsmtlib | storecomm_invalid_t1_np_nf_ai_00050_001. -> ok  3323.13 ms  5120 KB  nodes=6439
[3955/4252] z3 | storecomm_invalid_t1_np_nf_ai_00050_001. -> ok  31.341 ms  8064 KB  nodes=5103
[3956/4252] antlr4 | storecomm_invalid_t1_np_nf_ai_00050_001. -> ok  1799.87 ms  8192 KB  nodes=45303
[3957/4252] cvc5 | storecomm_invalid_t1_np_nf_ai_00050_001. -> ok  171.439 ms  26880 KB  nodes=2653
[3958/4252] smt-switch | storecomm_invalid_t1_np_nf_ai_00050_001. -> fail  8.69268 ms  9216 KB  nodes=0
[3959/4252] native | storecomm_t1_np_nf_ai_00050_009.cvc.smt2 -> ok  111.406 ms  18560 KB  nodes=2501
[3960/4252] pysmt | storecomm_t1_np_nf_ai_00050_009.cvc.smt2 -> ok  118.766 ms  22092 KB  nodes=2654
[3961/4252] jsmtlib | storecomm_t1_np_nf_ai_00050_009.cvc.smt2 -> ok  3125.43 ms  5120 KB  nodes=6439
[3962/4252] z3 | storecomm_t1_np_nf_ai_00050_009.cvc.smt2 -> ok  31.759 ms  8064 KB  nodes=5103
[3963/4252] antlr4 | storecomm_t1_np_nf_ai_00050_009.cvc.smt2 -> ok  1751.38 ms  9216 KB  nodes=45303
[3964/4252] cvc5 | storecomm_t1_np_nf_ai_00050_009.cvc.smt2 -> ok  144.501 ms  27264 KB  nodes=2653
[3965/4252] smt-switch | storecomm_t1_np_nf_ai_00050_009.cvc.smt2 -> fail  6.03175 ms  9088 KB  nodes=0
[3966/4252] native | storecomm_invalid_t3_np_nf_ai_00040_004. -> ok  103.421 ms  17920 KB  nodes=1688
[3967/4252] pysmt | storecomm_invalid_t3_np_nf_ai_00040_004. -> ok  104.558 ms  22060 KB  nodes=1724
[3968/4252] jsmtlib | storecomm_invalid_t3_np_nf_ai_00040_004. -> ok  3352.4 ms  4096 KB  nodes=4154
[3969/4252] z3 | storecomm_invalid_t3_np_nf_ai_00040_004. -> ok  23.855 ms  7936 KB  nodes=3283
[3970/4252] antlr4 | storecomm_invalid_t3_np_nf_ai_00040_004. -> ok  1567.61 ms  7168 KB  nodes=29473
[3971/4252] cvc5 | storecomm_invalid_t3_np_nf_ai_00040_004. -> ok  109.238 ms  23168 KB  nodes=1723
[3972/4252] smt-switch | storecomm_invalid_t3_np_nf_ai_00040_004. -> fail  4.23968 ms  9216 KB  nodes=0
[3973/4252] native | storecomm_t1_np_nf_ai_00040_004.cvc.smt2 -> ok  98.8479 ms  17920 KB  nodes=1601
[3974/4252] pysmt | storecomm_t1_np_nf_ai_00040_004.cvc.smt2 -> ok  81.5091 ms  21816 KB  nodes=1724
[3975/4252] jsmtlib | storecomm_t1_np_nf_ai_00040_004.cvc.smt2 -> ok  3033.98 ms  4096 KB  nodes=4154
[3976/4252] z3 | storecomm_t1_np_nf_ai_00040_004.cvc.smt2 -> ok  30.539 ms  7936 KB  nodes=3283
[3977/4252] antlr4 | storecomm_t1_np_nf_ai_00040_004.cvc.smt2 -> ok  1541.83 ms  7168 KB  nodes=29473
[3978/4252] cvc5 | storecomm_t1_np_nf_ai_00040_004.cvc.smt2 -> ok  169.591 ms  23168 KB  nodes=1723
[3979/4252] smt-switch | storecomm_t1_np_nf_ai_00040_004.cvc.smt2 -> fail  3.91245 ms  9216 KB  nodes=0
[3980/4252] native | storecomm_t1_np_nf_ai_00030_009.cvc.smt2 -> ok  66.8469 ms  17792 KB  nodes=901
[3981/4252] pysmt | storecomm_t1_np_nf_ai_00030_009.cvc.smt2 -> ok  34.9836 ms  21628 KB  nodes=994
[3982/4252] jsmtlib | storecomm_t1_np_nf_ai_00030_009.cvc.smt2 -> ok  2623.13 ms  3072 KB  nodes=2369
[3983/4252] z3 | storecomm_t1_np_nf_ai_00030_009.cvc.smt2 -> ok  22.861 ms  7936 KB  nodes=1863
[3984/4252] antlr4 | storecomm_t1_np_nf_ai_00030_009.cvc.smt2 -> ok  1593.98 ms  6144 KB  nodes=17043
[3985/4252] cvc5 | storecomm_t1_np_nf_ai_00030_009.cvc.smt2 -> ok  88.1623 ms  19840 KB  nodes=993
[3986/4252] smt-switch | storecomm_t1_np_nf_ai_00030_009.cvc.smt2 -> fail  10.0745 ms  8960 KB  nodes=0
[3987/4252] native | storecomm_invalid_t3_np_sf_ai_00040_005. -> ok  104.009 ms  17792 KB  nodes=1883
[3988/4252] pysmt | storecomm_invalid_t3_np_sf_ai_00040_005. -> ok  81.7888 ms  22232 KB  nodes=1884
[3989/4252] jsmtlib | storecomm_invalid_t3_np_sf_ai_00040_005. -> ok  4265.55 ms  4096 KB  nodes=4635
[3990/4252] z3 | storecomm_invalid_t3_np_sf_ai_00040_005. -> ok  45.472 ms  7936 KB  nodes=3604
[3991/4252] antlr4 | storecomm_invalid_t3_np_sf_ai_00040_005. -> ok  1535.91 ms  8192 KB  nodes=33633
[3992/4252] cvc5 | storecomm_invalid_t3_np_sf_ai_00040_005. -> ok  117.205 ms  22784 KB  nodes=1883
[3993/4252] smt-switch | storecomm_invalid_t3_np_sf_ai_00040_005. -> fail  7.71627 ms  8960 KB  nodes=0
[3994/4252] native | storecomm_invalid_t3_np_sf_ai_00040_004. -> timeout  10000 ms  17792 KB  nodes=1883
[3995/4252] pysmt | storecomm_invalid_t3_np_sf_ai_00040_004. -> ok  106.89 ms  22412 KB  nodes=1884
[3996/4252] jsmtlib | storecomm_invalid_t3_np_sf_ai_00040_004. -> ok  1491.75 ms  4096 KB  nodes=4635
[3997/4252] z3 | storecomm_invalid_t3_np_sf_ai_00040_004. -> ok  30.451 ms  7936 KB  nodes=3604
[3998/4252] antlr4 | storecomm_invalid_t3_np_sf_ai_00040_004. -> ok  1367.03 ms  8192 KB  nodes=33633
[3999/4252] cvc5 | storecomm_invalid_t3_np_sf_ai_00040_004. -> ok  121.651 ms  23424 KB  nodes=1883
[4000/4252] smt-switch | storecomm_invalid_t3_np_sf_ai_00040_004. -> fail  11.2652 ms  9088 KB  nodes=0
[4001/4252] native | storecomm_invalid_t2_np_nf_ai_00060_007. -> ok  125.504 ms  19072 KB  nodes=3726
[4002/4252] pysmt | storecomm_invalid_t2_np_nf_ai_00060_007. -> ok  185.168 ms  22896 KB  nodes=3784
[4003/4252] jsmtlib | storecomm_invalid_t2_np_nf_ai_00060_007. -> ok  2375.66 ms  6144 KB  nodes=9224
[4004/4252] z3 | storecomm_invalid_t2_np_nf_ai_00060_007. -> ok  58.652 ms  8192 KB  nodes=7323
[4005/4252] antlr4 | storecomm_invalid_t2_np_nf_ai_00060_007. -> ok  1571.53 ms  10240 KB  nodes=64533
[4006/4252] cvc5 | storecomm_invalid_t2_np_nf_ai_00060_007. -> ok  163.421 ms  29696 KB  nodes=3783
[4007/4252] smt-switch | storecomm_invalid_t2_np_nf_ai_00060_007. -> fail  20.9656 ms  9216 KB  nodes=0
[4008/4252] native | storecomm_invalid_t1_np_sf_ai_00050_006. -> ok  73.4107 ms  18176 KB  nodes=2853
[4009/4252] pysmt | storecomm_invalid_t1_np_sf_ai_00050_006. -> ok  102.832 ms  22932 KB  nodes=2854
[4010/4252] jsmtlib | storecomm_invalid_t1_np_sf_ai_00050_006. -> ok  2863.5 ms  6144 KB  nodes=7040
[4011/4252] z3 | storecomm_invalid_t1_np_sf_ai_00050_006. -> ok  47.471 ms  8064 KB  nodes=5504
[4012/4252] antlr4 | storecomm_invalid_t1_np_sf_ai_00050_006. -> ok  1526.31 ms  10240 KB  nodes=50503
[4013/4252] cvc5 | storecomm_invalid_t1_np_sf_ai_00050_006. -> ok  150.445 ms  27392 KB  nodes=2853
[4014/4252] smt-switch | storecomm_invalid_t1_np_sf_ai_00050_006. -> fail  7.51759 ms  8832 KB  nodes=0
[4015/4252] native | storecomm_t2_np_sf_ai_00050_009.cvc.smt2 -> ok  108.263 ms  18176 KB  nodes=2853
[4016/4252] pysmt | storecomm_t2_np_sf_ai_00050_009.cvc.smt2 -> ok  175.258 ms  22612 KB  nodes=2854
[4017/4252] jsmtlib | storecomm_t2_np_sf_ai_00050_009.cvc.smt2 -> ok  3012.49 ms  6144 KB  nodes=7040
[4018/4252] z3 | storecomm_t2_np_sf_ai_00050_009.cvc.smt2 -> ok  62.221 ms  8064 KB  nodes=5504
[4019/4252] antlr4 | storecomm_t2_np_sf_ai_00050_009.cvc.smt2 -> ok  1720.83 ms  10240 KB  nodes=50503
[4020/4252] cvc5 | storecomm_t2_np_sf_ai_00050_009.cvc.smt2 -> ok  316.36 ms  27136 KB  nodes=2853
[4021/4252] smt-switch | storecomm_t2_np_sf_ai_00050_009.cvc.smt2 -> fail  16.6392 ms  8704 KB  nodes=0
[4022/4252] native | storecomm_t2_np_nf_ai_00050_001.cvc.smt2 -> ok  94.3284 ms  18560 KB  nodes=2501
[4023/4252] pysmt | storecomm_t2_np_nf_ai_00050_001.cvc.smt2 -> ok  201.02 ms  22104 KB  nodes=2654
[4024/4252] jsmtlib | storecomm_t2_np_nf_ai_00050_001.cvc.smt2 -> ok  3813.16 ms  5120 KB  nodes=6439
[4025/4252] z3 | storecomm_t2_np_nf_ai_00050_001.cvc.smt2 -> ok  36.454 ms  7936 KB  nodes=5103
[4026/4252] antlr4 | storecomm_t2_np_nf_ai_00050_001.cvc.smt2 -> ok  2179.48 ms  8192 KB  nodes=45303
[4027/4252] cvc5 | storecomm_t2_np_nf_ai_00050_001.cvc.smt2 -> ok  186.812 ms  27008 KB  nodes=2653
[4028/4252] smt-switch | storecomm_t2_np_nf_ai_00050_001.cvc.smt2 -> fail  3.96538 ms  8832 KB  nodes=0
[4029/4252] native | storecomm_t1_np_sf_ai_00050_003.cvc.smt2 -> ok  69.8686 ms  18176 KB  nodes=2853
[4030/4252] pysmt | storecomm_t1_np_sf_ai_00050_003.cvc.smt2 -> ok  118.887 ms  23140 KB  nodes=2854
[4031/4252] jsmtlib | storecomm_t1_np_sf_ai_00050_003.cvc.smt2 -> ok  3072.81 ms  6144 KB  nodes=7040
[4032/4252] z3 | storecomm_t1_np_sf_ai_00050_003.cvc.smt2 -> ok  38.138 ms  8064 KB  nodes=5504
[4033/4252] antlr4 | storecomm_t1_np_sf_ai_00050_003.cvc.smt2 -> ok  1830.83 ms  10240 KB  nodes=50503
[4034/4252] cvc5 | storecomm_t1_np_sf_ai_00050_003.cvc.smt2 -> ok  273.717 ms  27264 KB  nodes=2853
[4035/4252] smt-switch | storecomm_t1_np_sf_ai_00050_003.cvc.smt2 -> fail  8.91471 ms  8832 KB  nodes=0
[4036/4252] native | storecomm_invalid_t2_np_nf_ai_00040_001. -> ok  66.8293 ms  17920 KB  nodes=1688
[4037/4252] pysmt | storecomm_invalid_t2_np_nf_ai_00040_001. -> ok  129.1 ms  21836 KB  nodes=1724
[4038/4252] jsmtlib | storecomm_invalid_t2_np_nf_ai_00040_001. -> ok  2953.86 ms  4096 KB  nodes=4154
[4039/4252] z3 | storecomm_invalid_t2_np_nf_ai_00040_001. -> ok  32.934 ms  7936 KB  nodes=3283
[4040/4252] antlr4 | storecomm_invalid_t2_np_nf_ai_00040_001. -> ok  1721.78 ms  7168 KB  nodes=29473
[4041/4252] cvc5 | storecomm_invalid_t2_np_nf_ai_00040_001. -> ok  204.762 ms  22272 KB  nodes=1723
[4042/4252] smt-switch | storecomm_invalid_t2_np_nf_ai_00040_001. -> fail  9.54257 ms  8960 KB  nodes=0
[4043/4252] native | storecomm_t2_np_sf_ai_00040_005.cvc.smt2 -> ok  73.4538 ms  17792 KB  nodes=1883
[4044/4252] pysmt | storecomm_t2_np_sf_ai_00040_005.cvc.smt2 -> ok  96.4043 ms  22368 KB  nodes=1884
[4045/4252] jsmtlib | storecomm_t2_np_sf_ai_00040_005.cvc.smt2 -> ok  3260.14 ms  4096 KB  nodes=4635
[4046/4252] z3 | storecomm_t2_np_sf_ai_00040_005.cvc.smt2 -> ok  71.221 ms  8064 KB  nodes=3604
[4047/4252] antlr4 | storecomm_t2_np_sf_ai_00040_005.cvc.smt2 -> ok  1613.24 ms  8192 KB  nodes=33633
[4048/4252] cvc5 | storecomm_t2_np_sf_ai_00040_005.cvc.smt2 -> ok  145.429 ms  23552 KB  nodes=1883
[4049/4252] smt-switch | storecomm_t2_np_sf_ai_00040_005.cvc.smt2 -> fail  5.45488 ms  8832 KB  nodes=0
[4050/4252] native | storecomm_invalid_t2_np_sf_ai_00060_005. -> ok  99.8433 ms  18688 KB  nodes=4023
[4051/4252] pysmt | storecomm_invalid_t2_np_sf_ai_00060_005. -> ok  196.13 ms  23212 KB  nodes=4024
[4052/4252] jsmtlib | storecomm_invalid_t2_np_sf_ai_00060_005. -> ok  2959.82 ms  7168 KB  nodes=9945
[4053/4252] z3 | storecomm_invalid_t2_np_sf_ai_00060_005. -> ok  50.646 ms  8192 KB  nodes=7804
[4054/4252] antlr4 | storecomm_invalid_t2_np_sf_ai_00060_005. -> ok  1372.16 ms  12288 KB  nodes=70773
[4055/4252] cvc5 | storecomm_invalid_t2_np_sf_ai_00060_005. -> ok  350.88 ms  32384 KB  nodes=4023
[4056/4252] smt-switch | storecomm_invalid_t2_np_sf_ai_00060_005. -> fail  7.39961 ms  8832 KB  nodes=0
[4057/4252] native | storecomm_t1_np_sf_ai_00050_002.cvc.smt2 -> ok  127.78 ms  18176 KB  nodes=2853
[4058/4252] pysmt | storecomm_t1_np_sf_ai_00050_002.cvc.smt2 -> ok  126.94 ms  23140 KB  nodes=2854
[4059/4252] jsmtlib | storecomm_t1_np_sf_ai_00050_002.cvc.smt2 -> ok  2902.25 ms  6144 KB  nodes=7040
[4060/4252] z3 | storecomm_t1_np_sf_ai_00050_002.cvc.smt2 -> ok  43.857 ms  8064 KB  nodes=5504
[4061/4252] antlr4 | storecomm_t1_np_sf_ai_00050_002.cvc.smt2 -> ok  1439.82 ms  10240 KB  nodes=50503
[4062/4252] cvc5 | storecomm_t1_np_sf_ai_00050_002.cvc.smt2 -> ok  254.255 ms  27392 KB  nodes=2853
[4063/4252] smt-switch | storecomm_t1_np_sf_ai_00050_002.cvc.smt2 -> fail  4.32159 ms  8960 KB  nodes=0
[4064/4252] native | storecomm_t1_np_nf_ai_00060_009.cvc.smt2 -> ok  78.4116 ms  19072 KB  nodes=3601
[4065/4252] pysmt | storecomm_t1_np_nf_ai_00060_009.cvc.smt2 -> ok  288.041 ms  22976 KB  nodes=3784
[4066/4252] jsmtlib | storecomm_t1_np_nf_ai_00060_009.cvc.smt2 -> ok  3454.56 ms  7168 KB  nodes=9224
[4067/4252] z3 | storecomm_t1_np_nf_ai_00060_009.cvc.smt2 -> ok  54.463 ms  8064 KB  nodes=7323
[4068/4252] antlr4 | storecomm_t1_np_nf_ai_00060_009.cvc.smt2 -> ok  1655.82 ms  11264 KB  nodes=64533
[4069/4252] cvc5 | storecomm_t1_np_nf_ai_00060_009.cvc.smt2 -> ok  240.548 ms  32128 KB  nodes=3783
[4070/4252] smt-switch | storecomm_t1_np_nf_ai_00060_009.cvc.smt2 -> fail  7.53594 ms  8960 KB  nodes=0
[4071/4252] native | storecomm_t1_np_nf_ai_00030_001.cvc.smt2 -> ok  67.4898 ms  17792 KB  nodes=901
[4072/4252] pysmt | storecomm_t1_np_nf_ai_00030_001.cvc.smt2 -> ok  55.6278 ms  21604 KB  nodes=994
[4073/4252] jsmtlib | storecomm_t1_np_nf_ai_00030_001.cvc.smt2 -> ok  3244.29 ms  3072 KB  nodes=2369
[4074/4252] z3 | storecomm_t1_np_nf_ai_00030_001.cvc.smt2 -> ok  24.861 ms  7936 KB  nodes=1863
[4075/4252] antlr4 | storecomm_t1_np_nf_ai_00030_001.cvc.smt2 -> ok  1628.15 ms  6144 KB  nodes=17043
[4076/4252] cvc5 | storecomm_t1_np_nf_ai_00030_001.cvc.smt2 -> ok  99.7033 ms  19712 KB  nodes=993
[4077/4252] smt-switch | storecomm_t1_np_nf_ai_00030_001.cvc.smt2 -> fail  9.27214 ms  9088 KB  nodes=0
[4078/4252] native | storecomm_invalid_t2_np_sf_ai_00030_004. -> ok  69.4979 ms  17536 KB  nodes=1113
[4079/4252] pysmt | storecomm_invalid_t2_np_sf_ai_00030_004. -> ok  69.241 ms  22060 KB  nodes=1114
[4080/4252] jsmtlib | storecomm_invalid_t2_np_sf_ai_00030_004. -> ok  2622.44 ms  3072 KB  nodes=2730
[4081/4252] z3 | storecomm_invalid_t2_np_sf_ai_00030_004. -> ok  45.341 ms  7936 KB  nodes=2104
[4082/4252] antlr4 | storecomm_invalid_t2_np_sf_ai_00030_004. -> ok  1315 ms  6144 KB  nodes=20163
[4083/4252] cvc5 | storecomm_invalid_t2_np_sf_ai_00030_004. -> ok  149.288 ms  19328 KB  nodes=1113
[4084/4252] smt-switch | storecomm_invalid_t2_np_sf_ai_00030_004. -> fail  23.6212 ms  8832 KB  nodes=0
[4085/4252] native | storecomm_invalid_t3_np_sf_ai_00040_008. -> ok  123.235 ms  17664 KB  nodes=1883
[4086/4252] pysmt | storecomm_invalid_t3_np_sf_ai_00040_008. -> ok  88.7113 ms  21980 KB  nodes=1884
[4087/4252] jsmtlib | storecomm_invalid_t3_np_sf_ai_00040_008. -> ok  2743.41 ms  4096 KB  nodes=4635
[4088/4252] z3 | storecomm_invalid_t3_np_sf_ai_00040_008. -> ok  32.476 ms  8064 KB  nodes=3604
[4089/4252] antlr4 | storecomm_invalid_t3_np_sf_ai_00040_008. -> ok  1546.92 ms  8192 KB  nodes=33633
[4090/4252] cvc5 | storecomm_invalid_t3_np_sf_ai_00040_008. -> ok  164.592 ms  22144 KB  nodes=1883
[4091/4252] smt-switch | storecomm_invalid_t3_np_sf_ai_00040_008. -> fail  3.25163 ms  8448 KB  nodes=0
[4092/4252] native | storecomm_t1_np_sf_ai_00030_002.cvc.smt2 -> ok  91.2541 ms  17536 KB  nodes=1113
[4093/4252] pysmt | storecomm_t1_np_sf_ai_00030_002.cvc.smt2 -> ok  69.5076 ms  21720 KB  nodes=1114
[4094/4252] jsmtlib | storecomm_t1_np_sf_ai_00030_002.cvc.smt2 -> ok  2401.06 ms  3072 KB  nodes=2730
[4095/4252] z3 | storecomm_t1_np_sf_ai_00030_002.cvc.smt2 -> ok  185.407 ms  7680 KB  nodes=2104
[4096/4252] antlr4 | storecomm_t1_np_sf_ai_00030_002.cvc.smt2 -> ok  1209.05 ms  6144 KB  nodes=20163
[4097/4252] cvc5 | storecomm_t1_np_sf_ai_00030_002.cvc.smt2 -> ok  198.482 ms  19328 KB  nodes=1113
[4098/4252] smt-switch | storecomm_t1_np_sf_ai_00030_002.cvc.smt2 -> fail  9.32011 ms  8832 KB  nodes=0
[4099/4252] native | storecomm_t3_np_sf_ai_00030_003.cvc.smt2 -> ok  49.7516 ms  17792 KB  nodes=1113
[4100/4252] pysmt | storecomm_t3_np_sf_ai_00030_003.cvc.smt2 -> ok  189.858 ms  21316 KB  nodes=1114
[4101/4252] jsmtlib | storecomm_t3_np_sf_ai_00030_003.cvc.smt2 -> ok  3412.02 ms  3072 KB  nodes=2730
[4102/4252] z3 | storecomm_t3_np_sf_ai_00030_003.cvc.smt2 -> ok  34.061 ms  7936 KB  nodes=2104
[4103/4252] antlr4 | storecomm_t3_np_sf_ai_00030_003.cvc.smt2 -> ok  1430.1 ms  6144 KB  nodes=20163
[4104/4252] cvc5 | storecomm_t3_np_sf_ai_00030_003.cvc.smt2 -> ok  66.3005 ms  19840 KB  nodes=1113
[4105/4252] smt-switch | storecomm_t3_np_sf_ai_00030_003.cvc.smt2 -> fail  2.85507 ms  9088 KB  nodes=0
[4106/4252] native | storecomm_t1_np_nf_ai_00050_005.cvc.smt2 -> ok  97.9105 ms  18560 KB  nodes=2501
[4107/4252] pysmt | storecomm_t1_np_nf_ai_00050_005.cvc.smt2 -> ok  140.518 ms  22400 KB  nodes=2654
[4108/4252] jsmtlib | storecomm_t1_np_nf_ai_00050_005.cvc.smt2 -> ok  1758.71 ms  5120 KB  nodes=6439
[4109/4252] z3 | storecomm_t1_np_nf_ai_00050_005.cvc.smt2 -> ok  60.585 ms  8064 KB  nodes=5103
[4110/4252] antlr4 | storecomm_t1_np_nf_ai_00050_005.cvc.smt2 -> ok  1642.77 ms  8192 KB  nodes=45303
[4111/4252] cvc5 | storecomm_t1_np_nf_ai_00050_005.cvc.smt2 -> ok  243.778 ms  27008 KB  nodes=2653
[4112/4252] smt-switch | storecomm_t1_np_nf_ai_00050_005.cvc.smt2 -> fail  6.28036 ms  9088 KB  nodes=0
[4113/4252] native | storecomm_t1_np_nf_ai_00040_005.cvc.smt2 -> ok  62.6077 ms  18176 KB  nodes=1601
[4114/4252] pysmt | storecomm_t1_np_nf_ai_00040_005.cvc.smt2 -> ok  100.841 ms  22000 KB  nodes=1724
[4115/4252] jsmtlib | storecomm_t1_np_nf_ai_00040_005.cvc.smt2 -> ok  3684.03 ms  4096 KB  nodes=4154
[4116/4252] z3 | storecomm_t1_np_nf_ai_00040_005.cvc.smt2 -> ok  35.765 ms  7936 KB  nodes=3283
[4117/4252] antlr4 | storecomm_t1_np_nf_ai_00040_005.cvc.smt2 -> ok  1745.89 ms  7168 KB  nodes=29473
[4118/4252] cvc5 | storecomm_t1_np_nf_ai_00040_005.cvc.smt2 -> ok  193.226 ms  23040 KB  nodes=1723
[4119/4252] smt-switch | storecomm_t1_np_nf_ai_00040_005.cvc.smt2 -> fail  8.95514 ms  9088 KB  nodes=0
[4120/4252] native | storecomm_t1_np_sf_ai_00060_004.cvc.smt2 -> ok  69.0408 ms  18816 KB  nodes=4023
[4121/4252] pysmt | storecomm_t1_np_sf_ai_00060_004.cvc.smt2 -> ok  167.743 ms  23524 KB  nodes=4024
[4122/4252] jsmtlib | storecomm_t1_np_sf_ai_00060_004.cvc.smt2 -> ok  2965.35 ms  7168 KB  nodes=9945
[4123/4252] z3 | storecomm_t1_np_sf_ai_00060_004.cvc.smt2 -> ok  102.947 ms  8192 KB  nodes=7804
[4124/4252] antlr4 | storecomm_t1_np_sf_ai_00060_004.cvc.smt2 -> ok  1639.87 ms  12288 KB  nodes=70773
[4125/4252] cvc5 | storecomm_t1_np_sf_ai_00060_004.cvc.smt2 -> ok  383.278 ms  32640 KB  nodes=4023
[4126/4252] smt-switch | storecomm_t1_np_sf_ai_00060_004.cvc.smt2 -> fail  8.86381 ms  9216 KB  nodes=0
[4127/4252] native | storecomm_t3_np_sf_ai_00040_001.cvc.smt2 -> ok  75.8747 ms  17664 KB  nodes=1883
[4128/4252] pysmt | storecomm_t3_np_sf_ai_00040_001.cvc.smt2 -> ok  121.111 ms  22428 KB  nodes=1884
[4129/4252] jsmtlib | storecomm_t3_np_sf_ai_00040_001.cvc.smt2 -> ok  2843.85 ms  4096 KB  nodes=4635
[4130/4252] z3 | storecomm_t3_np_sf_ai_00040_001.cvc.smt2 -> ok  52.758 ms  7936 KB  nodes=3604
[4131/4252] antlr4 | storecomm_t3_np_sf_ai_00040_001.cvc.smt2 -> ok  1353.53 ms  8192 KB  nodes=33633
[4132/4252] cvc5 | storecomm_t3_np_sf_ai_00040_001.cvc.smt2 -> ok  138.404 ms  23296 KB  nodes=1883
[4133/4252] smt-switch | storecomm_t3_np_sf_ai_00040_001.cvc.smt2 -> fail  11.4554 ms  8832 KB  nodes=0
[4134/4252] native | storecomm_t2_np_sf_ai_00050_007.cvc.smt2 -> ok  94.4539 ms  18176 KB  nodes=2853
[4135/4252] pysmt | storecomm_t2_np_sf_ai_00050_007.cvc.smt2 -> ok  183.241 ms  22416 KB  nodes=2854
[4136/4252] jsmtlib | storecomm_t2_np_sf_ai_00050_007.cvc.smt2 -> ok  3693.5 ms  6144 KB  nodes=7040
[4137/4252] z3 | storecomm_t2_np_sf_ai_00050_007.cvc.smt2 -> ok  38.949 ms  8064 KB  nodes=5504
[4138/4252] antlr4 | storecomm_t2_np_sf_ai_00050_007.cvc.smt2 -> ok  1658.35 ms  10240 KB  nodes=50503
[4139/4252] cvc5 | storecomm_t2_np_sf_ai_00050_007.cvc.smt2 -> ok  203.1 ms  27264 KB  nodes=2853
[4140/4252] smt-switch | storecomm_t2_np_sf_ai_00050_007.cvc.smt2 -> fail  8.21664 ms  9088 KB  nodes=0
[4141/4252] native | storecomm_t1_np_nf_ai_00040_008.cvc.smt2 -> ok  80.7269 ms  17920 KB  nodes=1601
[4142/4252] pysmt | storecomm_t1_np_nf_ai_00040_008.cvc.smt2 -> ok  73.4305 ms  22348 KB  nodes=1724
[4143/4252] jsmtlib | storecomm_t1_np_nf_ai_00040_008.cvc.smt2 -> ok  3181.25 ms  4096 KB  nodes=4154
[4144/4252] z3 | storecomm_t1_np_nf_ai_00040_008.cvc.smt2 -> ok  29.721 ms  7936 KB  nodes=3283
[4145/4252] antlr4 | storecomm_t1_np_nf_ai_00040_008.cvc.smt2 -> ok  1649.55 ms  7168 KB  nodes=29473
[4146/4252] cvc5 | storecomm_t1_np_nf_ai_00040_008.cvc.smt2 -> ok  149.301 ms  22784 KB  nodes=1723
[4147/4252] smt-switch | storecomm_t1_np_nf_ai_00040_008.cvc.smt2 -> fail  15.6542 ms  9088 KB  nodes=0
[4148/4252] native | storecomm_invalid_t3_np_nf_ai_00050_007. -> ok  87.0153 ms  18432 KB  nodes=2607
[4149/4252] pysmt | storecomm_invalid_t3_np_nf_ai_00050_007. -> ok  156.694 ms  22096 KB  nodes=2654
[4150/4252] jsmtlib | storecomm_invalid_t3_np_nf_ai_00050_007. -> ok  3039.2 ms  5120 KB  nodes=6439
[4151/4252] z3 | storecomm_invalid_t3_np_nf_ai_00050_007. -> ok  45.699 ms  8064 KB  nodes=5103
[4152/4252] antlr4 | storecomm_invalid_t3_np_nf_ai_00050_007. -> ok  1567.74 ms  8192 KB  nodes=45303
[4153/4252] cvc5 | storecomm_invalid_t3_np_nf_ai_00050_007. -> ok  267.36 ms  26496 KB  nodes=2653
[4154/4252] smt-switch | storecomm_invalid_t3_np_nf_ai_00050_007. -> fail  14.643 ms  8960 KB  nodes=0
[4155/4252] native | storecomm_t1_np_nf_ai_00030_003.cvc.smt2 -> ok  177.596 ms  17280 KB  nodes=901
[4156/4252] pysmt | storecomm_t1_np_nf_ai_00030_003.cvc.smt2 -> ok  56.0901 ms  21344 KB  nodes=994
[4157/4252] jsmtlib | storecomm_t1_np_nf_ai_00030_003.cvc.smt2 -> ok  3986.55 ms  3072 KB  nodes=2369
[4158/4252] z3 | storecomm_t1_np_nf_ai_00030_003.cvc.smt2 -> ok  172.09 ms  7936 KB  nodes=1863
[4159/4252] antlr4 | storecomm_t1_np_nf_ai_00030_003.cvc.smt2 -> ok  1778.37 ms  6144 KB  nodes=17043
[4160/4252] cvc5 | storecomm_t1_np_nf_ai_00030_003.cvc.smt2 -> ok  256.859 ms  18944 KB  nodes=993
[4161/4252] smt-switch | storecomm_t1_np_nf_ai_00030_003.cvc.smt2 -> fail  8.13867 ms  9088 KB  nodes=0
[4162/4252] native | storecomm_invalid_t3_np_nf_ai_00060_009. -> ok  6637.13 ms  19200 KB  nodes=3726
[4163/4252] pysmt | storecomm_invalid_t3_np_nf_ai_00060_009. -> ok  151.455 ms  23140 KB  nodes=3784
[4164/4252] jsmtlib | storecomm_invalid_t3_np_nf_ai_00060_009. -> ok  3167.4 ms  7168 KB  nodes=9224
[4165/4252] z3 | storecomm_invalid_t3_np_nf_ai_00060_009. -> ok  143.413 ms  8320 KB  nodes=7323
[4166/4252] antlr4 | storecomm_invalid_t3_np_nf_ai_00060_009. -> ok  1605.02 ms  10240 KB  nodes=64533
[4167/4252] cvc5 | storecomm_invalid_t3_np_nf_ai_00060_009. -> ok  357.6 ms  29696 KB  nodes=3783
[4168/4252] smt-switch | storecomm_invalid_t3_np_nf_ai_00060_009. -> fail  24.8004 ms  9088 KB  nodes=0
[4169/4252] native | storecomm_invalid_t3_np_nf_ai_00060_002. -> ok  97.1473 ms  18944 KB  nodes=3726
[4170/4252] pysmt | storecomm_invalid_t3_np_nf_ai_00060_002. -> ok  158.823 ms  23104 KB  nodes=3784
[4171/4252] jsmtlib | storecomm_invalid_t3_np_nf_ai_00060_002. -> ok  3126.22 ms  7168 KB  nodes=9224
[4172/4252] z3 | storecomm_invalid_t3_np_nf_ai_00060_002. -> ok  191.411 ms  8192 KB  nodes=7323
[4173/4252] antlr4 | storecomm_invalid_t3_np_nf_ai_00060_002. -> ok  1905.07 ms  10240 KB  nodes=64533
[4174/4252] cvc5 | storecomm_invalid_t3_np_nf_ai_00060_002. -> ok  564.75 ms  30720 KB  nodes=3783
[4175/4252] smt-switch | storecomm_invalid_t3_np_nf_ai_00060_002. -> fail  27.8941 ms  9216 KB  nodes=0
[4176/4252] native | storecomm_invalid_t3_np_sf_ai_00030_009. -> ok  99.4628 ms  17664 KB  nodes=1113
[4177/4252] pysmt | storecomm_invalid_t3_np_sf_ai_00030_009. -> ok  45.2664 ms  21876 KB  nodes=1114
[4178/4252] jsmtlib | storecomm_invalid_t3_np_sf_ai_00030_009. -> ok  2747.07 ms  3072 KB  nodes=2730
[4179/4252] z3 | storecomm_invalid_t3_np_sf_ai_00030_009. -> ok  47.81 ms  7936 KB  nodes=2104
[4180/4252] antlr4 | storecomm_invalid_t3_np_sf_ai_00030_009. -> ok  1508.12 ms  6144 KB  nodes=20163
[4181/4252] cvc5 | storecomm_invalid_t3_np_sf_ai_00030_009. -> ok  89.8017 ms  20224 KB  nodes=1113
[4182/4252] smt-switch | storecomm_invalid_t3_np_sf_ai_00030_009. -> fail  9.42243 ms  8960 KB  nodes=0
[4183/4252] native | storecomm_t1_np_sf_ai_00050_004.cvc.smt2 -> ok  61.5643 ms  18304 KB  nodes=2853
[4184/4252] pysmt | storecomm_t1_np_sf_ai_00050_004.cvc.smt2 -> ok  129.767 ms  22968 KB  nodes=2854
[4185/4252] jsmtlib | storecomm_t1_np_sf_ai_00050_004.cvc.smt2 -> ok  2836.64 ms  6144 KB  nodes=7040
[4186/4252] z3 | storecomm_t1_np_sf_ai_00050_004.cvc.smt2 -> ok  29.394 ms  8064 KB  nodes=5504
[4187/4252] antlr4 | storecomm_t1_np_sf_ai_00050_004.cvc.smt2 -> ok  1755.21 ms  10240 KB  nodes=50503
[4188/4252] cvc5 | storecomm_t1_np_sf_ai_00050_004.cvc.smt2 -> ok  256.812 ms  27904 KB  nodes=2853
[4189/4252] smt-switch | storecomm_t1_np_sf_ai_00050_004.cvc.smt2 -> fail  16.2473 ms  9216 KB  nodes=0
[4190/4252] native | storecomm_invalid_t2_np_nf_ai_00040_002. -> ok  180.418 ms  17920 KB  nodes=1688
[4191/4252] pysmt | storecomm_invalid_t2_np_nf_ai_00040_002. -> ok  97.9838 ms  22352 KB  nodes=1724
[4192/4252] jsmtlib | storecomm_invalid_t2_np_nf_ai_00040_002. -> ok  2775.6 ms  4096 KB  nodes=4154
[4193/4252] z3 | storecomm_invalid_t2_np_nf_ai_00040_002. -> ok  38.881 ms  7936 KB  nodes=3283
[4194/4252] antlr4 | storecomm_invalid_t2_np_nf_ai_00040_002. -> ok  1499.16 ms  7168 KB  nodes=29473
[4195/4252] cvc5 | storecomm_invalid_t2_np_nf_ai_00040_002. -> ok  111.757 ms  23040 KB  nodes=1723
[4196/4252] smt-switch | storecomm_invalid_t2_np_nf_ai_00040_002. -> fail  11.8606 ms  9216 KB  nodes=0
[4197/4252] native | storecomm_t3_np_sf_ai_00050_006.cvc.smt2 -> ok  85.3989 ms  18176 KB  nodes=2853
[4198/4252] pysmt | storecomm_t3_np_sf_ai_00050_006.cvc.smt2 -> ok  114.421 ms  23144 KB  nodes=2854
[4199/4252] jsmtlib | storecomm_t3_np_sf_ai_00050_006.cvc.smt2 -> ok  2971.65 ms  6144 KB  nodes=7040
[4200/4252] z3 | storecomm_t3_np_sf_ai_00050_006.cvc.smt2 -> ok  40.779 ms  8064 KB  nodes=5504
[4201/4252] antlr4 | storecomm_t3_np_sf_ai_00050_006.cvc.smt2 -> ok  1518.59 ms  10240 KB  nodes=50503
[4202/4252] cvc5 | storecomm_t3_np_sf_ai_00050_006.cvc.smt2 -> ok  198.574 ms  27904 KB  nodes=2853
[4203/4252] smt-switch | storecomm_t3_np_sf_ai_00050_006.cvc.smt2 -> fail  3.19758 ms  9216 KB  nodes=0
[4204/4252] native | storecomm_t3_np_nf_ai_00060_002.cvc.smt2 -> ok  111.44 ms  19072 KB  nodes=3601
[4205/4252] pysmt | storecomm_t3_np_nf_ai_00060_002.cvc.smt2 -> ok  128.547 ms  23248 KB  nodes=3784
[4206/4252] jsmtlib | storecomm_t3_np_nf_ai_00060_002.cvc.smt2 -> ok  2803.61 ms  7168 KB  nodes=9224
[4207/4252] z3 | storecomm_t3_np_nf_ai_00060_002.cvc.smt2 -> ok  273.85 ms  8064 KB  nodes=7323
[4208/4252] antlr4 | storecomm_t3_np_nf_ai_00060_002.cvc.smt2 -> ok  2603.45 ms  10240 KB  nodes=64533
[4209/4252] cvc5 | storecomm_t3_np_nf_ai_00060_002.cvc.smt2 -> ok  428.27 ms  31360 KB  nodes=3783
[4210/4252] smt-switch | storecomm_t3_np_nf_ai_00060_002.cvc.smt2 -> fail  15.1089 ms  8832 KB  nodes=0
[4211/4252] native | storecomm_t1_np_sf_ai_00060_005.cvc.smt2 -> ok  72.3422 ms  18688 KB  nodes=4023
[4212/4252] pysmt | storecomm_t1_np_sf_ai_00060_005.cvc.smt2 -> ok  153.306 ms  23096 KB  nodes=4024
[4213/4252] jsmtlib | storecomm_t1_np_sf_ai_00060_005.cvc.smt2 -> ok  2578.42 ms  7168 KB  nodes=9945
[4214/4252] z3 | storecomm_t1_np_sf_ai_00060_005.cvc.smt2 -> ok  58.233 ms  8064 KB  nodes=7804
[4215/4252] antlr4 | storecomm_t1_np_sf_ai_00060_005.cvc.smt2 -> ok  1860.36 ms  12288 KB  nodes=70773
[4216/4252] cvc5 | storecomm_t1_np_sf_ai_00060_005.cvc.smt2 -> ok  590.003 ms  31744 KB  nodes=4023
[4217/4252] smt-switch | storecomm_t1_np_sf_ai_00060_005.cvc.smt2 -> fail  11.6463 ms  8704 KB  nodes=0
[4218/4252] native | storecomm_t1_np_sf_ai_00050_001.cvc.smt2 -> ok  63.2882 ms  18176 KB  nodes=2853
[4219/4252] pysmt | storecomm_t1_np_sf_ai_00050_001.cvc.smt2 -> ok  266.508 ms  22640 KB  nodes=2854
[4220/4252] jsmtlib | storecomm_t1_np_sf_ai_00050_001.cvc.smt2 -> ok  3891.5 ms  6144 KB  nodes=7040
[4221/4252] z3 | storecomm_t1_np_sf_ai_00050_001.cvc.smt2 -> ok  188.483 ms  7808 KB  nodes=5504
[4222/4252] antlr4 | storecomm_t1_np_sf_ai_00050_001.cvc.smt2 -> ok  2018.94 ms  10240 KB  nodes=50503
[4223/4252] cvc5 | storecomm_t1_np_sf_ai_00050_001.cvc.smt2 -> ok  578.717 ms  26496 KB  nodes=2853
[4224/4252] smt-switch | storecomm_t1_np_sf_ai_00050_001.cvc.smt2 -> fail  10.2936 ms  8960 KB  nodes=0
[4225/4252] native | storecomm_invalid_t2_np_nf_ai_00050_003. -> ok  97.8344 ms  18560 KB  nodes=2607
[4226/4252] pysmt | storecomm_invalid_t2_np_nf_ai_00050_003. -> ok  188.201 ms  21740 KB  nodes=2654
[4227/4252] jsmtlib | storecomm_invalid_t2_np_nf_ai_00050_003. -> ok  2775.4 ms  5120 KB  nodes=6439
[4228/4252] z3 | storecomm_invalid_t2_np_nf_ai_00050_003. -> ok  164.732 ms  7680 KB  nodes=5103
[4229/4252] antlr4 | storecomm_invalid_t2_np_nf_ai_00050_003. -> ok  1552.31 ms  8192 KB  nodes=45303
[4230/4252] cvc5 | storecomm_invalid_t2_np_nf_ai_00050_003. -> ok  361.041 ms  25472 KB  nodes=2653
[4231/4252] smt-switch | storecomm_invalid_t2_np_nf_ai_00050_003. -> fail  8.67573 ms  8704 KB  nodes=0
[4232/4252] native | storecomm_invalid_t1_np_nf_ai_00060_006. -> ok  120.777 ms  19200 KB  nodes=3726
[4233/4252] pysmt | storecomm_invalid_t1_np_nf_ai_00060_006. -> ok  176.915 ms  22824 KB  nodes=3784
[4234/4252] jsmtlib | storecomm_invalid_t1_np_nf_ai_00060_006. -> ok  2994.75 ms  7168 KB  nodes=9224
[4235/4252] z3 | storecomm_invalid_t1_np_nf_ai_00060_006. -> ok  128.195 ms  8064 KB  nodes=7323
[4236/4252] antlr4 | storecomm_invalid_t1_np_nf_ai_00060_006. -> ok  1429.67 ms  10240 KB  nodes=64533
[4237/4252] cvc5 | storecomm_invalid_t1_np_nf_ai_00060_006. -> ok  387.952 ms  31488 KB  nodes=3783
[4238/4252] smt-switch | storecomm_invalid_t1_np_nf_ai_00060_006. -> fail  11.7694 ms  9088 KB  nodes=0
[4239/4252] native | storecomm_invalid_t1_np_sf_ai_00040_003. -> ok  178.873 ms  17664 KB  nodes=1880
[4240/4252] pysmt | storecomm_invalid_t1_np_sf_ai_00040_003. -> ok  67.2178 ms  22196 KB  nodes=1881
[4241/4252] jsmtlib | storecomm_invalid_t1_np_sf_ai_00040_003. -> ok  3046.83 ms  4096 KB  nodes=4627
[4242/4252] z3 | storecomm_invalid_t1_np_sf_ai_00040_003. -> ok  129.242 ms  8064 KB  nodes=3598
[4243/4252] antlr4 | storecomm_invalid_t1_np_sf_ai_00040_003. -> ok  1307.72 ms  8192 KB  nodes=33561
[4244/4252] cvc5 | storecomm_invalid_t1_np_sf_ai_00040_003. -> ok  282.498 ms  22656 KB  nodes=1880
[4245/4252] smt-switch | storecomm_invalid_t1_np_sf_ai_00040_003. -> fail  8.06024 ms  9088 KB  nodes=0
[4246/4252] native | storecomm_t1_np_nf_ai_00030_005.cvc.smt2 -> ok  70.9358 ms  17536 KB  nodes=901
[4247/4252] pysmt | storecomm_t1_np_nf_ai_00030_005.cvc.smt2 -> ok  38.7971 ms  21700 KB  nodes=993
[4248/4252] jsmtlib | storecomm_t1_np_nf_ai_00030_005.cvc.smt2 -> ok  4245.37 ms  3072 KB  nodes=2370
[4249/4252] z3 | storecomm_t1_np_nf_ai_00030_005.cvc.smt2 -> ok  170.935 ms  7808 KB  nodes=1862
[4250/4252] antlr4 | storecomm_t1_np_nf_ai_00030_005.cvc.smt2 -> ok  1996.73 ms  6144 KB  nodes=17041
[4251/4252] cvc5 | storecomm_t1_np_nf_ai_00030_005.cvc.smt2 -> ok  380.283 ms  18944 KB  nodes=992
[4252/4252] smt-switch | storecomm_t1_np_nf_ai_00030_005.cvc.smt2 -> fail  18.2359 ms  8960 KB  nodes=0
