[1547/7146] native | bench_2678.smt2 -> ok  76.2012 ms  17664 KB  nodes=38
[1548/7146] pysmt | bench_2678.smt2 -> ok  4.88949 ms  21640 KB  nodes=37
[1549/7146] jsmtlib | bench_2678.smt2 -> ok  1921.5 ms  2048 KB  nodes=49
[1550/7146] z3 | bench_2678.smt2 -> ok  85.962 ms  7680 KB  nodes=37
[1551/7146] antlr4 | bench_2678.smt2 -> ok  1302.04 ms  4096 KB  nodes=545
[1552/7146] cvc5 | bench_2678.smt2 -> ok  31.2823 ms  16640 KB  nodes=37
[1553/7146] smt-switch | bench_2678.smt2 -> ok  41.8422 ms  18560 KB  nodes=37
[1554/7146] native | bv-term-small-rw_1137.smt2 -> ok  101.225 ms  17024 KB  nodes=9
[1555/7146] pysmt | bv-term-small-rw_1137.smt2 -> ok  9.52935 ms  21568 KB  nodes=11
[1556/7146] jsmtlib | bv-term-small-rw_1137.smt2 -> ok  2116.3 ms  2048 KB  nodes=20
[1557/7146] z3 | bv-term-small-rw_1137.smt2 -> ok  35.309 ms  7808 KB  nodes=9
[1558/7146] antlr4 | bv-term-small-rw_1137.smt2 -> ok  1237.56 ms  4096 KB  nodes=231
[1559/7146] cvc5 | bv-term-small-rw_1137.smt2 -> ok  120.332 ms  17664 KB  nodes=9
[1560/7146] smt-switch | bv-term-small-rw_1137.smt2 -> ok  77.9648 ms  19968 KB  nodes=9
[1561/7146] native | bvadd_19096.smt2 -> ok  99.4386 ms  17664 KB  nodes=31
[1562/7146] pysmt | bvadd_19096.smt2 -> ok  4.58097 ms  21560 KB  nodes=28
[1563/7146] jsmtlib | bvadd_19096.smt2 -> ok  1929.57 ms  2048 KB  nodes=59
[1564/7146] z3 | bvadd_19096.smt2 -> ok  97.764 ms  32104 KB  nodes=38
[1565/7146] antlr4 | bvadd_19096.smt2 -> ok  1224.92 ms  4096 KB  nodes=572
[1566/7146] cvc5 | bvadd_19096.smt2 -> fail  10044.8 ms  1664 KB  nodes=0
[1567/7146] smt-switch | bvadd_19096.smt2 -> fail  10008.8 ms  1664 KB  nodes=0
[1568/7146] native | bench_6790.smt2 -> ok  139.567 ms  17792 KB  nodes=92
[1569/7146] pysmt | bench_6790.smt2 -> ok  18.9588 ms  21516 KB  nodes=92
[1570/7146] jsmtlib | bench_6790.smt2 -> ok  2128.46 ms  2048 KB  nodes=121
[1571/7146] z3 | bench_6790.smt2 -> ok  28.022 ms  7808 KB  nodes=92
[1572/7146] antlr4 | bench_6790.smt2 -> ok  1235.24 ms  4096 KB  nodes=1547
[1573/7146] cvc5 | bench_6790.smt2 -> ok  67.0152 ms  20480 KB  nodes=92
[1574/7146] smt-switch | bench_6790.smt2 -> ok  75.3522 ms  22272 KB  nodes=92
[1575/7146] native | bench_6883.smt2 -> ok  67.7644 ms  17792 KB  nodes=9
[1576/7146] pysmt | bench_6883.smt2 -> ok  3.83377 ms  21552 KB  nodes=9
[1577/7146] jsmtlib | bench_6883.smt2 -> ok  3003.06 ms  2048 KB  nodes=20
[1578/7146] z3 | bench_6883.smt2 -> ok  44.029 ms  7808 KB  nodes=9
[1579/7146] antlr4 | bench_6883.smt2 -> ok  1143.23 ms  4096 KB  nodes=206
[1580/7146] cvc5 | bench_6883.smt2 -> ok  3.06552 ms  16128 KB  nodes=9
[1581/7146] smt-switch | bench_6883.smt2 -> ok  18.9162 ms  18304 KB  nodes=9
[1582/7146] native | bench_4594.smt2 -> ok  189.552 ms  17536 KB  nodes=47
[1583/7146] pysmt | bench_4594.smt2 -> ok  19.2695 ms  21484 KB  nodes=47
[1584/7146] jsmtlib | bench_4594.smt2 -> ok  1824.59 ms  2048 KB  nodes=72
[1585/7146] z3 | bench_4594.smt2 -> ok  33.498 ms  7808 KB  nodes=47
[1586/7146] antlr4 | bench_4594.smt2 -> ok  993.358 ms  4096 KB  nodes=875
[1587/7146] cvc5 | bench_4594.smt2 -> ok  53.8245 ms  19072 KB  nodes=47
[1588/7146] smt-switch | bench_4594.smt2 -> ok  49.628 ms  21248 KB  nodes=47
[1589/7146] native | bench_5077.smt2 -> ok  80.1608 ms  17664 KB  nodes=17
[1590/7146] pysmt | bench_5077.smt2 -> ok  9.93228 ms  21528 KB  nodes=17
[1591/7146] jsmtlib | bench_5077.smt2 -> ok  1771.78 ms  2048 KB  nodes=28
[1592/7146] z3 | bench_5077.smt2 -> ok  23.618 ms  7808 KB  nodes=17
[1593/7146] antlr4 | bench_5077.smt2 -> ok  1154.86 ms  4096 KB  nodes=307
[1594/7146] cvc5 | bench_5077.smt2 -> ok  3.24078 ms  16256 KB  nodes=17
[1595/7146] smt-switch | bench_5077.smt2 -> ok  12.3646 ms  18816 KB  nodes=17
[1596/7146] native | bv-term-small-rw_1326.smt2 -> ok  80.7188 ms  17152 KB  nodes=8
[1597/7146] pysmt | bv-term-small-rw_1326.smt2 -> ok  9.82428 ms  21592 KB  nodes=11
[1598/7146] jsmtlib | bv-term-small-rw_1326.smt2 -> ok  1925.96 ms  2048 KB  nodes=19
[1599/7146] z3 | bv-term-small-rw_1326.smt2 -> ok  29.713 ms  7808 KB  nodes=8
[1600/7146] antlr4 | bv-term-small-rw_1326.smt2 -> ok  951.072 ms  4096 KB  nodes=195
[1601/7146] cvc5 | bv-term-small-rw_1326.smt2 -> ok  2.76161 ms  15872 KB  nodes=8
[1602/7146] smt-switch | bv-term-small-rw_1326.smt2 -> ok  18.7884 ms  17920 KB  nodes=8
[1603/7146] native | bench_2954.smt2 -> ok  127.423 ms  17664 KB  nodes=40
[1604/7146] pysmt | bench_2954.smt2 -> ok  4.82273 ms  21468 KB  nodes=38
[1605/7146] jsmtlib | bench_2954.smt2 -> ok  1965.61 ms  2048 KB  nodes=54
[1606/7146] z3 | bench_2954.smt2 -> ok  27.504 ms  7808 KB  nodes=38
[1607/7146] antlr4 | bench_2954.smt2 -> ok  1884.68 ms  4096 KB  nodes=662
[1608/7146] cvc5 | bench_2954.smt2 -> ok  4.16249 ms  16640 KB  nodes=38
[1609/7146] smt-switch | bench_2954.smt2 -> ok  15.8931 ms  18432 KB  nodes=38
[1610/7146] native | bench_1529.smt2 -> ok  87.7144 ms  17792 KB  nodes=68
[1611/7146] pysmt | bench_1529.smt2 -> ok  21.8239 ms  21456 KB  nodes=69
[1612/7146] jsmtlib | bench_1529.smt2 -> ok  2851.64 ms  2048 KB  nodes=91
[1613/7146] z3 | bench_1529.smt2 -> ok  22.964 ms  7808 KB  nodes=69
[1614/7146] antlr4 | bench_1529.smt2 -> ok  1350.23 ms  4096 KB  nodes=1089
[1615/7146] cvc5 | bench_1529.smt2 -> ok  6.81791 ms  16896 KB  nodes=69
[1616/7146] smt-switch | bench_1529.smt2 -> ok  17.064 ms  18688 KB  nodes=69
[1617/7146] native | bench_162.smt2 -> ok  57.5937 ms  17664 KB  nodes=56
[1618/7146] pysmt | bench_162.smt2 -> ok  18.5843 ms  21524 KB  nodes=56
[1619/7146] jsmtlib | bench_162.smt2 -> ok  2518.39 ms  2048 KB  nodes=107
[1620/7146] z3 | bench_162.smt2 -> ok  38.329 ms  7808 KB  nodes=56
[1621/7146] antlr4 | bench_162.smt2 -> ok  1190.83 ms  4096 KB  nodes=1403
[1622/7146] cvc5 | bench_162.smt2 -> ok  116.177 ms  19200 KB  nodes=56
[1623/7146] smt-switch | bench_162.smt2 -> ok  44.4694 ms  21120 KB  nodes=56
[1624/7146] native | bench_4254.smt2 -> ok  94.9271 ms  17280 KB  nodes=4
[1625/7146] pysmt | bench_4254.smt2 -> ok  6.28185 ms  21628 KB  nodes=9
[1626/7146] jsmtlib | bench_4254.smt2 -> ok  2175.91 ms  2048 KB  nodes=15
[1627/7146] z3 | bench_4254.smt2 -> ok  24.355 ms  7808 KB  nodes=6
[1628/7146] antlr4 | bench_4254.smt2 -> ok  1765.3 ms  4096 KB  nodes=148
[1629/7146] cvc5 | bench_4254.smt2 -> ok  2.63133 ms  16384 KB  nodes=6
[1630/7146] smt-switch | bench_4254.smt2 -> ok  12.6455 ms  18560 KB  nodes=6
[1631/7146] native | bv-term-small-rw_861.smt2 -> ok  183.293 ms  17024 KB  nodes=8
[1632/7146] pysmt | bv-term-small-rw_861.smt2 -> ok  10.2084 ms  21364 KB  nodes=11
[1633/7146] jsmtlib | bv-term-small-rw_861.smt2 -> ok  3037.67 ms  2048 KB  nodes=19
[1634/7146] z3 | bv-term-small-rw_861.smt2 -> ok  23.828 ms  7680 KB  nodes=8
[1635/7146] antlr4 | bv-term-small-rw_861.smt2 -> ok  1297.72 ms  4096 KB  nodes=201
[1636/7146] cvc5 | bv-term-small-rw_861.smt2 -> ok  11.4499 ms  17024 KB  nodes=8
[1637/7146] smt-switch | bv-term-small-rw_861.smt2 -> ok  32.7677 ms  18944 KB  nodes=8
[1638/7146] native | bench_3849.smt2 -> ok  67.3583 ms  17536 KB  nodes=6
[1639/7146] pysmt | bench_3849.smt2 -> ok  3.56984 ms  21744 KB  nodes=9
[1640/7146] jsmtlib | bench_3849.smt2 -> ok  1863.12 ms  2048 KB  nodes=16
[1641/7146] z3 | bench_3849.smt2 -> ok  51.898 ms  7808 KB  nodes=7
[1642/7146] antlr4 | bench_3849.smt2 -> ok  1059.89 ms  4096 KB  nodes=162
[1643/7146] cvc5 | bench_3849.smt2 -> ok  7.31151 ms  16384 KB  nodes=7
[1644/7146] smt-switch | bench_3849.smt2 -> ok  15.8063 ms  18432 KB  nodes=7
[1645/7146] native | bench_1935.smt2 -> ok  67.839 ms  17536 KB  nodes=19
[1646/7146] pysmt | bench_1935.smt2 -> ok  4.33207 ms  21648 KB  nodes=19
[1647/7146] jsmtlib | bench_1935.smt2 -> ok  1954.11 ms  2048 KB  nodes=30
[1648/7146] z3 | bench_1935.smt2 -> ok  23.57 ms  7808 KB  nodes=19
[1649/7146] antlr4 | bench_1935.smt2 -> ok  1277.78 ms  4096 KB  nodes=336
[1650/7146] cvc5 | bench_1935.smt2 -> ok  3.58205 ms  16512 KB  nodes=19
[1651/7146] smt-switch | bench_1935.smt2 -> ok  20.9741 ms  18688 KB  nodes=19
[1652/7146] native | bench_6938.smt2 -> ok  113.589 ms  17536 KB  nodes=18
[1653/7146] pysmt | bench_6938.smt2 -> ok  4.88949 ms  21344 KB  nodes=18
[1654/7146] jsmtlib | bench_6938.smt2 -> ok  2067.11 ms  2048 KB  nodes=31
[1655/7146] z3 | bench_6938.smt2 -> ok  27.678 ms  7808 KB  nodes=18
[1656/7146] antlr4 | bench_6938.smt2 -> ok  1142.09 ms  4096 KB  nodes=348
[1657/7146] cvc5 | bench_6938.smt2 -> ok  5.17711 ms  16512 KB  nodes=18
[1658/7146] smt-switch | bench_6938.smt2 -> ok  22.6305 ms  18944 KB  nodes=18
[1659/7146] native | bench_6882.smt2 -> ok  63.9172 ms  17664 KB  nodes=13
[1660/7146] pysmt | bench_6882.smt2 -> ok  11.2813 ms  21480 KB  nodes=13
[1661/7146] jsmtlib | bench_6882.smt2 -> ok  2654.17 ms  2048 KB  nodes=24
[1662/7146] z3 | bench_6882.smt2 -> timeout  10000 ms  7808 KB  nodes=13
[1663/7146] antlr4 | bench_6882.smt2 -> ok  1119.9 ms  4096 KB  nodes=250
[1664/7146] cvc5 | bench_6882.smt2 -> ok  2.90707 ms  16512 KB  nodes=13
[1665/7146] smt-switch | bench_6882.smt2 -> ok  14.9396 ms  18176 KB  nodes=13
[1666/7146] native | bench_3667.smt2 -> ok  103.514 ms  17664 KB  nodes=38
[1667/7146] pysmt | bench_3667.smt2 -> ok  8.4517 ms  21568 KB  nodes=38
[1668/7146] jsmtlib | bench_3667.smt2 -> ok  1829.16 ms  2048 KB  nodes=56
[1669/7146] z3 | bench_3667.smt2 -> ok  33.007 ms  7808 KB  nodes=38
[1670/7146] antlr4 | bench_3667.smt2 -> ok  1022.15 ms  4096 KB  nodes=707
[1671/7146] cvc5 | bench_3667.smt2 -> ok  4.24169 ms  16640 KB  nodes=38
[1672/7146] smt-switch | bench_3667.smt2 -> ok  24.7226 ms  19072 KB  nodes=38
[1673/7146] native | bench_90.smt2 -> ok  118.506 ms  17664 KB  nodes=9
[1674/7146] pysmt | bench_90.smt2 -> ok  3.72028 ms  21420 KB  nodes=9
[1675/7146] jsmtlib | bench_90.smt2 -> ok  1924.66 ms  2048 KB  nodes=20
[1676/7146] z3 | bench_90.smt2 -> ok  30.031 ms  7808 KB  nodes=9
[1677/7146] antlr4 | bench_90.smt2 -> ok  1154.27 ms  4096 KB  nodes=206
[1678/7146] cvc5 | bench_90.smt2 -> ok  7.84501 ms  16512 KB  nodes=9
[1679/7146] smt-switch | bench_90.smt2 -> ok  7.26751 ms  18560 KB  nodes=9
[1680/7146] native | bench_7054.smt2 -> ok  98.035 ms  17664 KB  nodes=7
[1681/7146] pysmt | bench_7054.smt2 -> ok  5.01823 ms  21404 KB  nodes=9
[1682/7146] jsmtlib | bench_7054.smt2 -> ok  1787.66 ms  2048 KB  nodes=17
[1683/7146] z3 | bench_7054.smt2 -> ok  15.419 ms  7808 KB  nodes=8
[1684/7146] antlr4 | bench_7054.smt2 -> ok  1326.04 ms  4096 KB  nodes=173
[1685/7146] cvc5 | bench_7054.smt2 -> ok  9.89483 ms  16384 KB  nodes=8
[1686/7146] smt-switch | bench_7054.smt2 -> ok  41.9684 ms  18688 KB  nodes=8
[1687/7146] native | bench_4668.smt2 -> ok  91.8774 ms  17664 KB  nodes=22
[1688/7146] pysmt | bench_4668.smt2 -> ok  4.85182 ms  21356 KB  nodes=22
[1689/7146] jsmtlib | bench_4668.smt2 -> ok  2062.97 ms  2048 KB  nodes=35
[1690/7146] z3 | bench_4668.smt2 -> ok  31.987 ms  7808 KB  nodes=22
[1691/7146] antlr4 | bench_4668.smt2 -> ok  1675.43 ms  4096 KB  nodes=410
[1692/7146] cvc5 | bench_4668.smt2 -> ok  11.3563 ms  16512 KB  nodes=22
[1693/7146] smt-switch | bench_4668.smt2 -> ok  51.4423 ms  18560 KB  nodes=22
[1694/7146] native | bench_3266.smt2 -> ok  84.9835 ms  17664 KB  nodes=36
[1695/7146] pysmt | bench_3266.smt2 -> ok  13.7062 ms  21428 KB  nodes=34
[1696/7146] jsmtlib | bench_3266.smt2 -> ok  2158.06 ms  2048 KB  nodes=51
[1697/7146] z3 | bench_3266.smt2 -> ok  32.442 ms  7808 KB  nodes=34
[1698/7146] antlr4 | bench_3266.smt2 -> ok  1252.15 ms  4096 KB  nodes=615
[1699/7146] cvc5 | bench_3266.smt2 -> ok  16.5589 ms  17536 KB  nodes=34
[1700/7146] smt-switch | bench_3266.smt2 -> ok  49.4525 ms  19456 KB  nodes=34
[1701/7146] native | bench_5044.smt2 -> ok  79.0707 ms  17664 KB  nodes=41
[1702/7146] pysmt | bench_5044.smt2 -> ok  11.8589 ms  21336 KB  nodes=38
[1703/7146] jsmtlib | bench_5044.smt2 -> ok  2183.09 ms  2048 KB  nodes=53
[1704/7146] z3 | bench_5044.smt2 -> ok  26.641 ms  7808 KB  nodes=38
[1705/7146] antlr4 | bench_5044.smt2 -> ok  1280.87 ms  4096 KB  nodes=584
[1706/7146] cvc5 | bench_5044.smt2 -> ok  365.341 ms  32516 KB  nodes=38
[1707/7146] smt-switch | bench_5044.smt2 -> ok  405.72 ms  34860 KB  nodes=38
[1708/7146] native | power2sum.7490.smt2 -> ok  117.886 ms  17408 KB  nodes=23
[1709/7146] pysmt | power2sum.7490.smt2 -> ok  4.37164 ms  21484 KB  nodes=28
[1710/7146] jsmtlib | power2sum.7490.smt2 -> ok  2034.24 ms  2048 KB  nodes=47
[1711/7146] z3 | power2sum.7490.smt2 -> ok  40.263 ms  12160 KB  nodes=32
[1712/7146] antlr4 | power2sum.7490.smt2 -> ok  1241.87 ms  4096 KB  nodes=496
[1713/7146] cvc5 | power2sum.7490.smt2 -> fail  10031 ms  1664 KB  nodes=0
[1714/7146] smt-switch | power2sum.7490.smt2 -> fail  10045.2 ms  1664 KB  nodes=0
[1715/7146] native | bench_2686.smt2 -> ok  136.275 ms  17792 KB  nodes=38
[1716/7146] pysmt | bench_2686.smt2 -> ok  13.0391 ms  21364 KB  nodes=37
[1717/7146] jsmtlib | bench_2686.smt2 -> ok  2672.42 ms  2048 KB  nodes=49
[1718/7146] z3 | bench_2686.smt2 -> ok  49.5 ms  7808 KB  nodes=37
[1719/7146] antlr4 | bench_2686.smt2 -> ok  1504.97 ms  4096 KB  nodes=545
[1720/7146] cvc5 | bench_2686.smt2 -> ok  15.5922 ms  15872 KB  nodes=37
[1721/7146] smt-switch | bench_2686.smt2 -> ok  16.0013 ms  18048 KB  nodes=37
[1722/7146] native | bench_3727.smt2 -> ok  86.8418 ms  17536 KB  nodes=21
[1723/7146] pysmt | bench_3727.smt2 -> ok  7.78461 ms  21312 KB  nodes=21
[1724/7146] jsmtlib | bench_3727.smt2 -> ok  2789.76 ms  2048 KB  nodes=32
[1725/7146] z3 | bench_3727.smt2 -> ok  27.519 ms  7808 KB  nodes=21
[1726/7146] antlr4 | bench_3727.smt2 -> ok  1524.75 ms  4096 KB  nodes=373
[1727/7146] cvc5 | bench_3727.smt2 -> ok  4.07477 ms  15872 KB  nodes=21
[1728/7146] smt-switch | bench_3727.smt2 -> ok  16.4613 ms  18176 KB  nodes=21
[1729/7146] native | bench_90.smt2 -> ok  90.8858 ms  17408 KB  nodes=35
[1730/7146] pysmt | bench_90.smt2 -> ok  5.08475 ms  21508 KB  nodes=33
[1731/7146] jsmtlib | bench_90.smt2 -> ok  2413.4 ms  2048 KB  nodes=49
[1732/7146] z3 | bench_90.smt2 -> ok  43.896 ms  7808 KB  nodes=33
[1733/7146] antlr4 | bench_90.smt2 -> ok  1326.7 ms  4096 KB  nodes=589
[1734/7146] cvc5 | bench_90.smt2 -> ok  4.83352 ms  16640 KB  nodes=33
[1735/7146] smt-switch | bench_90.smt2 -> ok  18.7418 ms  18432 KB  nodes=33
[1736/7146] native | bench_4487.smt2 -> ok  6437.63 ms  17792 KB  nodes=41
[1737/7146] pysmt | bench_4487.smt2 -> ok  11.6596 ms  21440 KB  nodes=38
[1738/7146] jsmtlib | bench_4487.smt2 -> ok  2075.73 ms  2048 KB  nodes=53
[1739/7146] z3 | bench_4487.smt2 -> ok  30.801 ms  7808 KB  nodes=38
[1740/7146] antlr4 | bench_4487.smt2 -> ok  1771.23 ms  4096 KB  nodes=584
[1741/7146] cvc5 | bench_4487.smt2 -> ok  440.292 ms  32508 KB  nodes=38
[1742/7146] smt-switch | bench_4487.smt2 -> ok  467.793 ms  34860 KB  nodes=38
[1743/7146] native | bench_42.smt2 -> ok  116.541 ms  17792 KB  nodes=85
[1744/7146] pysmt | bench_42.smt2 -> ok  6.02245 ms  21420 KB  nodes=80
[1745/7146] jsmtlib | bench_42.smt2 -> ok  1923.7 ms  2048 KB  nodes=92
[1746/7146] z3 | bench_42.smt2 -> ok  30.213 ms  7680 KB  nodes=80
[1747/7146] antlr4 | bench_42.smt2 -> ok  1436.65 ms  4096 KB  nodes=1085
[1748/7146] cvc5 | bench_42.smt2 -> ok  4.66198 ms  16768 KB  nodes=80
[1749/7146] smt-switch | bench_42.smt2 -> ok  25.8937 ms  18944 KB  nodes=80
[1750/7146] native | bv-term-small-rw_699.smt2 -> ok  79.653 ms  17152 KB  nodes=7
[1751/7146] pysmt | bv-term-small-rw_699.smt2 -> ok  19.6052 ms  21496 KB  nodes=11
[1752/7146] jsmtlib | bv-term-small-rw_699.smt2 -> ok  3300.46 ms  2048 KB  nodes=20
[1753/7146] z3 | bv-term-small-rw_699.smt2 -> ok  27.517 ms  7808 KB  nodes=8
[1754/7146] antlr4 | bv-term-small-rw_699.smt2 -> ok  1946.52 ms  4096 KB  nodes=201
[1755/7146] cvc5 | bv-term-small-rw_699.smt2 -> ok  2.52367 ms  15872 KB  nodes=8
[1756/7146] smt-switch | bv-term-small-rw_699.smt2 -> ok  12.8557 ms  18176 KB  nodes=8
[1757/7146] native | bench_7772.smt2 -> ok  72.505 ms  17664 KB  nodes=9
[1758/7146] pysmt | bench_7772.smt2 -> ok  6.1965 ms  21400 KB  nodes=9
[1759/7146] jsmtlib | bench_7772.smt2 -> ok  2120.64 ms  2048 KB  nodes=20
[1760/7146] z3 | bench_7772.smt2 -> ok  43.917 ms  7808 KB  nodes=9
[1761/7146] antlr4 | bench_7772.smt2 -> ok  1368.24 ms  4096 KB  nodes=206
[1762/7146] cvc5 | bench_7772.smt2 -> ok  3.17662 ms  16384 KB  nodes=9
[1763/7146] smt-switch | bench_7772.smt2 -> ok  23.6665 ms  18688 KB  nodes=9
[1764/7146] native | bench_2917.smt2 -> ok  127.195 ms  17792 KB  nodes=55
[1765/7146] pysmt | bench_2917.smt2 -> ok  9.48 ms  21548 KB  nodes=55
[1766/7146] jsmtlib | bench_2917.smt2 -> ok  2417.35 ms  2048 KB  nodes=72
[1767/7146] z3 | bench_2917.smt2 -> ok  30.872 ms  7680 KB  nodes=55
[1768/7146] antlr4 | bench_2917.smt2 -> ok  1414.47 ms  4096 KB  nodes=860
[1769/7146] cvc5 | bench_2917.smt2 -> ok  17.0082 ms  17280 KB  nodes=55
[1770/7146] smt-switch | bench_2917.smt2 -> ok  23.7908 ms  19456 KB  nodes=55
[1771/7146] native | bench_1872.smt2 -> ok  124.354 ms  17664 KB  nodes=66
[1772/7146] pysmt | bench_1872.smt2 -> ok  9.53531 ms  21736 KB  nodes=61
[1773/7146] jsmtlib | bench_1872.smt2 -> ok  2228.24 ms  2048 KB  nodes=77
[1774/7146] z3 | bench_1872.smt2 -> ok  22.564 ms  7808 KB  nodes=61
[1775/7146] antlr4 | bench_1872.smt2 -> ok  1803.4 ms  4096 KB  nodes=948
[1776/7146] cvc5 | bench_1872.smt2 -> ok  15.7424 ms  17024 KB  nodes=61
[1777/7146] smt-switch | bench_1872.smt2 -> ok  40.9626 ms  19328 KB  nodes=61
[1778/7146] native | bench_735.smt2 -> ok  113.839 ms  17664 KB  nodes=16
[1779/7146] pysmt | bench_735.smt2 -> ok  7.47299 ms  21740 KB  nodes=15
[1780/7146] jsmtlib | bench_735.smt2 -> ok  2614.16 ms  2048 KB  nodes=28
[1781/7146] z3 | bench_735.smt2 -> ok  35.414 ms  7808 KB  nodes=15
[1782/7146] antlr4 | bench_735.smt2 -> ok  1250.09 ms  4096 KB  nodes=321
[1783/7146] cvc5 | bench_735.smt2 -> ok  4.29564 ms  16512 KB  nodes=15
[1784/7146] smt-switch | bench_735.smt2 -> ok  25.2096 ms  18432 KB  nodes=15
[1785/7146] native | bench_2695.smt2 -> ok  86.7603 ms  17664 KB  nodes=35
[1786/7146] pysmt | bench_2695.smt2 -> ok  5.16653 ms  21504 KB  nodes=35
[1787/7146] jsmtlib | bench_2695.smt2 -> ok  2444.93 ms  2048 KB  nodes=47
[1788/7146] z3 | bench_2695.smt2 -> ok  51.328 ms  7808 KB  nodes=35
[1789/7146] antlr4 | bench_2695.smt2 -> ok  1265.45 ms  4096 KB  nodes=540
[1790/7146] cvc5 | bench_2695.smt2 -> ok  3.10284 ms  15872 KB  nodes=35
[1791/7146] smt-switch | bench_2695.smt2 -> ok  12.3549 ms  17920 KB  nodes=35
[1792/7146] native | bv-term-small-rw_1152.smt2 -> ok  79.0796 ms  17024 KB  nodes=9
[1793/7146] pysmt | bv-term-small-rw_1152.smt2 -> ok  7.64203 ms  21568 KB  nodes=11
[1794/7146] jsmtlib | bv-term-small-rw_1152.smt2 -> ok  2128.52 ms  2048 KB  nodes=20
[1795/7146] z3 | bv-term-small-rw_1152.smt2 -> ok  15.028 ms  7808 KB  nodes=9
[1796/7146] antlr4 | bv-term-small-rw_1152.smt2 -> ok  1118.95 ms  4096 KB  nodes=231
[1797/7146] cvc5 | bv-term-small-rw_1152.smt2 -> ok  41.1294 ms  18176 KB  nodes=9
[1798/7146] smt-switch | bv-term-small-rw_1152.smt2 -> ok  60.3826 ms  20096 KB  nodes=9
[1799/7146] native | try5_small_true_functions_flanagansaxe_v -> ok  110.053 ms  17408 KB  nodes=46
[1800/7146] pysmt | try5_small_true_functions_flanagansaxe_v -> ok  4.55546 ms  21556 KB  nodes=47
[1801/7146] jsmtlib | try5_small_true_functions_flanagansaxe_v -> ok  1959.08 ms  2048 KB  nodes=63
[1802/7146] z3 | try5_small_true_functions_flanagansaxe_v -> ok  18.806 ms  7808 KB  nodes=47
[1803/7146] antlr4 | try5_small_true_functions_flanagansaxe_v -> ok  1920.41 ms  4096 KB  nodes=973
[1804/7146] cvc5 | try5_small_true_functions_flanagansaxe_v -> ok  12.037 ms  16512 KB  nodes=47
[1805/7146] smt-switch | try5_small_true_functions_flanagansaxe_v -> ok  51.7253 ms  18816 KB  nodes=47
[1806/7146] native | bvsub_09982.smt2 -> ok  77.1116 ms  17792 KB  nodes=52
[1807/7146] pysmt | bvsub_09982.smt2 -> ok  29.5331 ms  21496 KB  nodes=49
[1808/7146] jsmtlib | bvsub_09982.smt2 -> ok  3181.49 ms  2048 KB  nodes=100
[1809/7146] z3 | bvsub_09982.smt2 -> ok  302.08 ms  15260 KB  nodes=69
[1810/7146] antlr4 | bvsub_09982.smt2 -> ok  1508.44 ms  4096 KB  nodes=978
[1811/7146] cvc5 | bvsub_09982.smt2 -> fail  10028.6 ms  1664 KB  nodes=0
[1812/7146] smt-switch | bvsub_09982.smt2 -> fail  10006.7 ms  1664 KB  nodes=0
[1813/7146] native | bench_3484.smt2 -> ok  84.7106 ms  17792 KB  nodes=75
[1814/7146] pysmt | bench_3484.smt2 -> ok  13.2804 ms  21328 KB  nodes=73
[1815/7146] jsmtlib | bench_3484.smt2 -> ok  2062.32 ms  2048 KB  nodes=97
[1816/7146] z3 | bench_3484.smt2 -> ok  35.624 ms  7808 KB  nodes=73
[1817/7146] antlr4 | bench_3484.smt2 -> ok  1325.9 ms  4096 KB  nodes=1268
[1818/7146] cvc5 | bench_3484.smt2 -> ok  15.5553 ms  17024 KB  nodes=73
[1819/7146] smt-switch | bench_3484.smt2 -> ok  39.8634 ms  19200 KB  nodes=73
[1820/7146] native | bench_5402.smt2 -> ok  144.725 ms  17664 KB  nodes=21
[1821/7146] pysmt | bench_5402.smt2 -> ok  6.59847 ms  21468 KB  nodes=21
[1822/7146] jsmtlib | bench_5402.smt2 -> ok  2883.46 ms  2048 KB  nodes=34
[1823/7146] z3 | bench_5402.smt2 -> ok  51.358 ms  7680 KB  nodes=21
[1824/7146] antlr4 | bench_5402.smt2 -> ok  1604.09 ms  4096 KB  nodes=401
[1825/7146] cvc5 | bench_5402.smt2 -> ok  3.90094 ms  16384 KB  nodes=21
[1826/7146] smt-switch | bench_5402.smt2 -> ok  29.6093 ms  18688 KB  nodes=21
[1827/7146] native | bench_1751.smt2 -> ok  238.96 ms  17664 KB  nodes=50
[1828/7146] pysmt | bench_1751.smt2 -> ok  12.6078 ms  21240 KB  nodes=48
[1829/7146] jsmtlib | bench_1751.smt2 -> ok  2318.37 ms  2048 KB  nodes=64
[1830/7146] z3 | bench_1751.smt2 -> ok  66.649 ms  7680 KB  nodes=48
[1831/7146] antlr4 | bench_1751.smt2 -> ok  1391.92 ms  4096 KB  nodes=896
[1832/7146] cvc5 | bench_1751.smt2 -> ok  14.9781 ms  16768 KB  nodes=48
[1833/7146] smt-switch | bench_1751.smt2 -> ok  312.239 ms  17664 KB  nodes=48
[1834/7146] native | bench_3721.smt2 -> ok  185.859 ms  17664 KB  nodes=46
[1835/7146] pysmt | bench_3721.smt2 -> ok  17.6101 ms  21284 KB  nodes=42
[1836/7146] jsmtlib | bench_3721.smt2 -> ok  5103.67 ms  2048 KB  nodes=57
[1837/7146] z3 | bench_3721.smt2 -> ok  280.518 ms  7808 KB  nodes=42
[1838/7146] antlr4 | bench_3721.smt2 -> ok  2647.22 ms  4096 KB  nodes=632
[1839/7146] cvc5 | bench_3721.smt2 -> ok  1057.33 ms  31736 KB  nodes=42
[1840/7146] smt-switch | bench_3721.smt2 -> ok  666.114 ms  33732 KB  nodes=42
[1841/7146] native | bv-term-small-rw_59.smt2 -> ok  237.524 ms  16896 KB  nodes=6
[1842/7146] pysmt | bv-term-small-rw_59.smt2 -> ok  4.18091 ms  21240 KB  nodes=11
[1843/7146] jsmtlib | bv-term-small-rw_59.smt2 -> ok  2841.1 ms  2048 KB  nodes=17
[1844/7146] z3 | bv-term-small-rw_59.smt2 -> ok  30.316 ms  7808 KB  nodes=6
[1845/7146] antlr4 | bv-term-small-rw_59.smt2 -> ok  2863.25 ms  4096 KB  nodes=189
[1846/7146] cvc5 | bv-term-small-rw_59.smt2 -> ok  108.452 ms  16256 KB  nodes=6
[1847/7146] smt-switch | bv-term-small-rw_59.smt2 -> ok  49.0002 ms  18944 KB  nodes=6
[1848/7146] native | bench_258.smt2 -> ok  371.184 ms  17536 KB  nodes=69
[1849/7146] pysmt | bench_258.smt2 -> ok  16.0964 ms  21688 KB  nodes=67
[1850/7146] jsmtlib | bench_258.smt2 -> ok  2811.2 ms  2048 KB  nodes=87
[1851/7146] z3 | bench_258.smt2 -> ok  33.289 ms  7808 KB  nodes=67
[1852/7146] antlr4 | bench_258.smt2 -> ok  1776.47 ms  4096 KB  nodes=1175
[1853/7146] cvc5 | bench_258.smt2 -> ok  6.59109 ms  15872 KB  nodes=67
[1854/7146] smt-switch | bench_258.smt2 -> ok  22.9551 ms  17536 KB  nodes=67
[1855/7146] native | bench_1759.smt2 -> timeout  10000 ms  17536 KB  nodes=61
[1856/7146] pysmt | bench_1759.smt2 -> ok  13.6182 ms  21344 KB  nodes=56
[1857/7146] jsmtlib | bench_1759.smt2 -> ok  3040.35 ms  2048 KB  nodes=72
[1858/7146] z3 | bench_1759.smt2 -> ok  68.661 ms  7936 KB  nodes=56
[1859/7146] antlr4 | bench_1759.smt2 -> ok  1594.9 ms  4096 KB  nodes=870
[1860/7146] cvc5 | bench_1759.smt2 -> ok  11.9679 ms  16256 KB  nodes=56
[1861/7146] smt-switch | bench_1759.smt2 -> ok  23.7999 ms  18432 KB  nodes=56
[1862/7146] native | bench_2171.smt2 -> ok  6484.93 ms  17408 KB  nodes=13
[1863/7146] pysmt | bench_2171.smt2 -> ok  8.62241 ms  20992 KB  nodes=13
[1864/7146] jsmtlib | bench_2171.smt2 -> ok  2744.05 ms  2048 KB  nodes=24
[1865/7146] z3 | bench_2171.smt2 -> ok  63.39 ms  7808 KB  nodes=13
[1866/7146] antlr4 | bench_2171.smt2 -> ok  2300.41 ms  4096 KB  nodes=263
[1867/7146] cvc5 | bench_2171.smt2 -> ok  5.16922 ms  15360 KB  nodes=13
[1868/7146] smt-switch | bench_2171.smt2 -> ok  31.933 ms  17536 KB  nodes=13
[1869/7146] native | bench_7444.smt2 -> ok  585.737 ms  17280 KB  nodes=6
[1870/7146] pysmt | bench_7444.smt2 -> ok  9.5427 ms  20748 KB  nodes=9
[1871/7146] jsmtlib | bench_7444.smt2 -> ok  5110.9 ms  2048 KB  nodes=16
[1872/7146] z3 | bench_7444.smt2 -> ok  57.483 ms  7680 KB  nodes=7
[1873/7146] antlr4 | bench_7444.smt2 -> ok  2265.89 ms  4096 KB  nodes=165
[1874/7146] cvc5 | bench_7444.smt2 -> ok  3.87683 ms  14976 KB  nodes=7
[1875/7146] smt-switch | bench_7444.smt2 -> ok  23.202 ms  16768 KB  nodes=7
[1876/7146] native | power2sum.5898.smt2 -> ok  210.821 ms  17152 KB  nodes=23
[1877/7146] pysmt | power2sum.5898.smt2 -> ok  22.5935 ms  21420 KB  nodes=28
[1878/7146] jsmtlib | power2sum.5898.smt2 -> ok  3060.39 ms  2048 KB  nodes=47
[1879/7146] z3 | power2sum.5898.smt2 -> ok  164.657 ms  10496 KB  nodes=32
[1880/7146] antlr4 | power2sum.5898.smt2 -> ok  1737.09 ms  4096 KB  nodes=496
[1881/7146] cvc5 | power2sum.5898.smt2 -> fail  10006.3 ms  1664 KB  nodes=0
[1882/7146] smt-switch | power2sum.5898.smt2 -> fail  10045.5 ms  1664 KB  nodes=0
[1883/7146] native | bv-term-small-rw_1010.smt2 -> ok  270.906 ms  17152 KB  nodes=8
[1884/7146] pysmt | bv-term-small-rw_1010.smt2 -> ok  7.22051 ms  21072 KB  nodes=11
[1885/7146] jsmtlib | bv-term-small-rw_1010.smt2 -> ok  2883.01 ms  2048 KB  nodes=19
[1886/7146] z3 | bv-term-small-rw_1010.smt2 -> ok  190.392 ms  7808 KB  nodes=8
[1887/7146] antlr4 | bv-term-small-rw_1010.smt2 -> ok  2267.35 ms  4096 KB  nodes=199
[1888/7146] cvc5 | bv-term-small-rw_1010.smt2 -> ok  122.244 ms  14336 KB  nodes=8
[1889/7146] smt-switch | bv-term-small-rw_1010.smt2 -> ok  29.2432 ms  16256 KB  nodes=8
[1890/7146] native | bench_8221.smt2 -> ok  236.422 ms  17664 KB  nodes=19
[1891/7146] pysmt | bench_8221.smt2 -> ok  18.8305 ms  21336 KB  nodes=19
[1892/7146] jsmtlib | bench_8221.smt2 -> ok  2706.35 ms  2048 KB  nodes=30
[1893/7146] z3 | bench_8221.smt2 -> ok  30.804 ms  7808 KB  nodes=19
[1894/7146] antlr4 | bench_8221.smt2 -> ok  1701.12 ms  4096 KB  nodes=322
[1895/7146] cvc5 | bench_8221.smt2 -> ok  249.408 ms  14720 KB  nodes=19
[1896/7146] smt-switch | bench_8221.smt2 -> ok  334.45 ms  16896 KB  nodes=19
[1897/7146] native | bench_997.smt2 -> ok  106.014 ms  18304 KB  nodes=1213
[1898/7146] pysmt | bench_997.smt2 -> ok  215.139 ms  17416 KB  nodes=1211
[1/5247] z3 | bench_997.smt2 -> ok  40.789 ms  8064 KB  nodes=1211
[2/5247] antlr4 | bench_997.smt2 -> ok  546.024 ms  7168 KB  nodes=24010
[3/5247] cvc5 | bench_997.smt2 -> ok  349.652 ms  60292 KB  nodes=1211
[4/5247] smt-switch | bench_997.smt2 -> ok  329.347 ms  62300 KB  nodes=1211
[5/5247] native | bench_986.smt2 -> ok  24.1665 ms  17920 KB  nodes=514
[6/5247] pysmt | bench_986.smt2 -> ok  15.7404 ms  21636 KB  nodes=518
[7/5247] jsmtlib | bench_986.smt2 -> ok  1403.28 ms  3072 KB  nodes=669
[8/5247] z3 | bench_986.smt2 -> ok  17.007 ms  7808 KB  nodes=518
[9/5247] antlr4 | bench_986.smt2 -> ok  527.421 ms  5120 KB  nodes=9641
[10/5247] cvc5 | bench_986.smt2 -> ok  71.3044 ms  15488 KB  nodes=518
[11/5247] smt-switch | bench_986.smt2 -> ok  83.4597 ms  17536 KB  nodes=518
[12/5247] native | bench_3268.smt2 -> ok  21.8095 ms  17792 KB  nodes=110
[13/5247] pysmt | bench_3268.smt2 -> ok  8.49986 ms  21600 KB  nodes=110
[14/5247] jsmtlib | bench_3268.smt2 -> ok  1402.35 ms  2048 KB  nodes=158
[15/5247] z3 | bench_3268.smt2 -> ok  15.632 ms  7680 KB  nodes=110
[16/5247] antlr4 | bench_3268.smt2 -> ok  531.844 ms  5120 KB  nodes=2118
[17/5247] cvc5 | bench_3268.smt2 -> ok  83.5336 ms  17152 KB  nodes=110
[18/5247] smt-switch | bench_3268.smt2 -> ok  98.7614 ms  19584 KB  nodes=110
[19/5247] native | bench_4458.smt2 -> ok  23.5819 ms  17792 KB  nodes=280
[20/5247] pysmt | bench_4458.smt2 -> ok  9.50933 ms  21684 KB  nodes=278
[21/5247] jsmtlib | bench_4458.smt2 -> ok  1504.48 ms  2048 KB  nodes=358
[22/5247] z3 | bench_4458.smt2 -> ok  15.275 ms  7936 KB  nodes=278
[23/5247] antlr4 | bench_4458.smt2 -> ok  579.878 ms  5120 KB  nodes=5768
[24/5247] cvc5 | bench_4458.smt2 -> ok  91.9492 ms  17920 KB  nodes=278
[25/5247] smt-switch | bench_4458.smt2 -> ok  99.7724 ms  20352 KB  nodes=278
[26/5247] native | bench_2586.smt2 -> ok  25.1292 ms  18048 KB  nodes=1043
[27/5247] pysmt | bench_2586.smt2 -> ok  24.4799 ms  22092 KB  nodes=1045
[28/5247] jsmtlib | bench_2586.smt2 -> ok  1369.66 ms  3072 KB  nodes=1326
[29/5247] z3 | bench_2586.smt2 -> ok  18.357 ms  8320 KB  nodes=1045
[30/5247] antlr4 | bench_2586.smt2 -> ok  522.505 ms  6144 KB  nodes=20118
[31/5247] cvc5 | bench_2586.smt2 -> ok  84.5797 ms  17024 KB  nodes=1045
[32/5247] smt-switch | bench_2586.smt2 -> ok  110.761 ms  18688 KB  nodes=1045
[33/5247] native | bench_379.smt2 -> ok  26.8005 ms  18304 KB  nodes=1296
[34/5247] pysmt | bench_379.smt2 -> ok  27.004 ms  21996 KB  nodes=1294
[35/5247] jsmtlib | bench_379.smt2 -> ok  1420.52 ms  4096 KB  nodes=1711
[36/5247] z3 | bench_379.smt2 -> ok  22.096 ms  8320 KB  nodes=1294
[37/5247] antlr4 | bench_379.smt2 -> ok  546.611 ms  7168 KB  nodes=25814
[38/5247] cvc5 | bench_379.smt2 -> ok  79.8412 ms  15872 KB  nodes=1294
[39/5247] smt-switch | bench_379.smt2 -> ok  116.805 ms  17408 KB  nodes=1294
[40/5247] native | bench_324.smt2 -> ok  22.935 ms  17920 KB  nodes=540
[41/5247] pysmt | bench_324.smt2 -> ok  14.5006 ms  21736 KB  nodes=541
[42/5247] jsmtlib | bench_324.smt2 -> ok  1344.08 ms  3072 KB  nodes=655
[43/5247] z3 | bench_324.smt2 -> ok  15.77 ms  7936 KB  nodes=541
[44/5247] antlr4 | bench_324.smt2 -> ok  533.525 ms  5120 KB  nodes=8353
[45/5247] cvc5 | bench_324.smt2 -> ok  96.6799 ms  19968 KB  nodes=541
[46/5247] smt-switch | bench_324.smt2 -> ok  112.847 ms  22016 KB  nodes=541
[47/5247] native | millionaires.t1.i25.7b3f9e22.smt2 -> ok  25.8333 ms  17920 KB  nodes=616
[48/5247] pysmt | millionaires.t1.i25.7b3f9e22.smt2 -> ok  16.7425 ms  22000 KB  nodes=700
[49/5247] jsmtlib | millionaires.t1.i25.7b3f9e22.smt2 -> ok  1391.21 ms  3072 KB  nodes=1410
[50/5247] z3 | millionaires.t1.i25.7b3f9e22.smt2 -> ok  14.795 ms  7808 KB  nodes=1134
[51/5247] antlr4 | millionaires.t1.i25.7b3f9e22.smt2 -> ok  445.421 ms  6144 KB  nodes=13275
[52/5247] cvc5 | millionaires.t1.i25.7b3f9e22.smt2 -> ok  74.655 ms  18176 KB  nodes=699
[53/5247] smt-switch | millionaires.t1.i25.7b3f9e22.smt2 -> ok  86.9693 ms  19968 KB  nodes=1134
[54/5247] native | bench_1304.smt2 -> ok  21.1275 ms  18048 KB  nodes=757
[55/5247] pysmt | bench_1304.smt2 -> ok  15.6009 ms  22000 KB  nodes=757
[56/5247] jsmtlib | bench_1304.smt2 -> ok  1169.08 ms  3072 KB  nodes=955
[57/5247] z3 | bench_1304.smt2 -> ok  15.022 ms  7936 KB  nodes=757
[58/5247] antlr4 | bench_1304.smt2 -> ok  447.851 ms  6144 KB  nodes=15754
[59/5247] cvc5 | bench_1304.smt2 -> ok  108.671 ms  27652 KB  nodes=757
[60/5247] smt-switch | bench_1304.smt2 -> ok  123.158 ms  29832 KB  nodes=757
[61/5247] native | bench_841.smt2 -> ok  21.5322 ms  17920 KB  nodes=462
[62/5247] pysmt | bench_841.smt2 -> ok  10.3986 ms  21608 KB  nodes=482
[63/5247] jsmtlib | bench_841.smt2 -> ok  1118.19 ms  3072 KB  nodes=542
[64/5247] z3 | bench_841.smt2 -> ok  13.146 ms  7936 KB  nodes=482
[65/5247] antlr4 | bench_841.smt2 -> ok  417.352 ms  5120 KB  nodes=8926
[66/5247] cvc5 | bench_841.smt2 -> ok  57.7536 ms  15744 KB  nodes=482
[67/5247] smt-switch | bench_841.smt2 -> ok  68.9225 ms  17792 KB  nodes=482
[68/5247] native | bench_2858.smt2 -> ok  20.1713 ms  17792 KB  nodes=101
[69/5247] pysmt | bench_2858.smt2 -> ok  5.82862 ms  21740 KB  nodes=99
[70/5247] jsmtlib | bench_2858.smt2 -> ok  1084.33 ms  2048 KB  nodes=138
[71/5247] z3 | bench_2858.smt2 -> ok  13.014 ms  7808 KB  nodes=99
[72/5247] antlr4 | bench_2858.smt2 -> ok  426.306 ms  5120 KB  nodes=1732
[73/5247] cvc5 | bench_2858.smt2 -> ok  68.8065 ms  18048 KB  nodes=99
[74/5247] smt-switch | bench_2858.smt2 -> ok  77.4752 ms  20224 KB  nodes=99
[75/5247] native | wage.t1.i36.a74d50af.smt2 -> ok  22.1057 ms  18048 KB  nodes=682
[76/5247] pysmt | wage.t1.i36.a74d50af.smt2 -> ok  15.9948 ms  22128 KB  nodes=794
[77/5247] jsmtlib | wage.t1.i36.a74d50af.smt2 -> ok  1132 ms  3072 KB  nodes=1664
[78/5247] z3 | wage.t1.i36.a74d50af.smt2 -> ok  13.946 ms  7936 KB  nodes=1314
[79/5247] antlr4 | wage.t1.i36.a74d50af.smt2 -> ok  458.309 ms  6144 KB  nodes=15609
[80/5247] cvc5 | wage.t1.i36.a74d50af.smt2 -> ok  191.106 ms  42276 KB  nodes=793
[81/5247] smt-switch | wage.t1.i36.a74d50af.smt2 -> ok  202.528 ms  44008 KB  nodes=1314
[82/5247] native | bench_964.smt2 -> ok  23.1507 ms  18176 KB  nodes=1260
[83/5247] pysmt | bench_964.smt2 -> ok  23.4888 ms  22052 KB  nodes=1258
[84/5247] jsmtlib | bench_964.smt2 -> ok  1128.07 ms  4096 KB  nodes=1668
[85/5247] z3 | bench_964.smt2 -> ok  16.945 ms  8192 KB  nodes=1258
[86/5247] antlr4 | bench_964.smt2 -> ok  461.596 ms  7168 KB  nodes=25042
[87/5247] cvc5 | bench_964.smt2 -> ok  63.8546 ms  16000 KB  nodes=1258
[88/5247] smt-switch | bench_964.smt2 -> ok  89.6831 ms  17536 KB  nodes=1258
[89/5247] native | nlzbs008.smt2 -> ok  21.8228 ms  17920 KB  nodes=138
[90/5247] pysmt | nlzbs008.smt2 -> ok  6.16932 ms  21420 KB  nodes=139
[91/5247] jsmtlib | nlzbs008.smt2 -> ok  1096.71 ms  2048 KB  nodes=197
[92/5247] z3 | nlzbs008.smt2 -> ok  11.789 ms  7936 KB  nodes=139
[93/5247] antlr4 | nlzbs008.smt2 -> ok  420.829 ms  5120 KB  nodes=2967
[94/5247] cvc5 | nlzbs008.smt2 -> ok  83.2104 ms  17280 KB  nodes=139
[95/5247] smt-switch | nlzbs008.smt2 -> ok  92.7701 ms  19328 KB  nodes=139
[96/5247] native | bench_72.smt2 -> ok  31.026 ms  17920 KB  nodes=876
[97/5247] pysmt | bench_72.smt2 -> ok  18.7602 ms  21912 KB  nodes=874
[98/5247] jsmtlib | bench_72.smt2 -> ok  1124.86 ms  3072 KB  nodes=1052
[99/5247] z3 | bench_72.smt2 -> ok  14.857 ms  8064 KB  nodes=874
[100/5247] antlr4 | bench_72.smt2 -> ok  444.768 ms  6144 KB  nodes=17408
[101/5247] cvc5 | bench_72.smt2 -> ok  58.9856 ms  15488 KB  nodes=874
[102/5247] smt-switch | bench_72.smt2 -> ok  76.3617 ms  17152 KB  nodes=874
[103/5247] native | bench_6453.smt2 -> ok  23.1111 ms  18048 KB  nodes=708
[104/5247] pysmt | bench_6453.smt2 -> ok  14.9982 ms  22124 KB  nodes=705
[105/5247] jsmtlib | bench_6453.smt2 -> ok  1162.1 ms  3072 KB  nodes=854
[106/5247] z3 | bench_6453.smt2 -> ok  17.515 ms  8448 KB  nodes=705
[107/5247] antlr4 | bench_6453.smt2 -> ok  440.963 ms  6144 KB  nodes=13216
[108/5247] cvc5 | bench_6453.smt2 -> ok  67.8828 ms  16256 KB  nodes=705
[109/5247] smt-switch | bench_6453.smt2 -> ok  75.7927 ms  17792 KB  nodes=705
[110/5247] native | bench_2764.smt2 -> ok  21.7847 ms  18048 KB  nodes=895
[111/5247] pysmt | bench_2764.smt2 -> ok  16.6671 ms  21928 KB  nodes=916
[112/5247] jsmtlib | bench_2764.smt2 -> ok  988.729 ms  3072 KB  nodes=1169
[113/5247] z3 | bench_2764.smt2 -> ok  16.822 ms  8320 KB  nodes=916
[114/5247] antlr4 | bench_2764.smt2 -> ok  428.535 ms  6144 KB  nodes=17650
[115/5247] cvc5 | bench_2764.smt2 -> ok  199.449 ms  41736 KB  nodes=916
[116/5247] smt-switch | bench_2764.smt2 -> ok  201.244 ms  43788 KB  nodes=916
[117/5247] native | bench_1573.smt2 -> ok  57.9846 ms  17792 KB  nodes=344
[118/5247] pysmt | bench_1573.smt2 -> ok  36.7405 ms  21304 KB  nodes=344
[119/5247] jsmtlib | bench_1573.smt2 -> ok  1946.6 ms  2048 KB  nodes=438
[120/5247] z3 | bench_1573.smt2 -> ok  14.55 ms  7936 KB  nodes=344
[121/5247] antlr4 | bench_1573.smt2 -> ok  463.71 ms  5120 KB  nodes=7073
[122/5247] cvc5 | bench_1573.smt2 -> ok  77.5161 ms  18432 KB  nodes=344
[123/5247] smt-switch | bench_1573.smt2 -> ok  88.0031 ms  20608 KB  nodes=344
[124/5247] native | bench_1065.smt2 -> ok  20.2817 ms  17792 KB  nodes=159
[125/5247] pysmt | bench_1065.smt2 -> ok  7.6251 ms  21688 KB  nodes=159
[126/5247] jsmtlib | bench_1065.smt2 -> ok  1193.89 ms  2048 KB  nodes=212
[127/5247] z3 | bench_1065.smt2 -> ok  15.376 ms  7936 KB  nodes=159
[128/5247] antlr4 | bench_1065.smt2 -> ok  458.515 ms  5120 KB  nodes=3468
[129/5247] cvc5 | bench_1065.smt2 -> ok  99.5867 ms  24380 KB  nodes=159
[130/5247] smt-switch | bench_1065.smt2 -> ok  107.639 ms  26240 KB  nodes=159
[131/5247] native | bench_1516.smt2 -> ok  20.9565 ms  17920 KB  nodes=306
[132/5247] pysmt | bench_1516.smt2 -> ok  14.8239 ms  21836 KB  nodes=306
[133/5247] jsmtlib | bench_1516.smt2 -> ok  1256.51 ms  3072 KB  nodes=1609
[134/5247] z3 | bench_1516.smt2 -> ok  15.19 ms  7936 KB  nodes=760
[135/5247] antlr4 | bench_1516.smt2 -> ok  495.371 ms  6144 KB  nodes=15270
[136/5247] cvc5 | bench_1516.smt2 -> fail  10038.8 ms  1664 KB  nodes=0
[137/5247] smt-switch | bench_1516.smt2 -> fail  10037.6 ms  1664 KB  nodes=0
[138/5247] native | bench_1296.smt2 -> ok  25.1518 ms  17920 KB  nodes=451
[139/5247] pysmt | bench_1296.smt2 -> ok  9.43375 ms  21912 KB  nodes=446
[140/5247] jsmtlib | bench_1296.smt2 -> ok  1130.39 ms  3072 KB  nodes=593
[141/5247] z3 | bench_1296.smt2 -> ok  12.03 ms  7936 KB  nodes=446
[142/5247] antlr4 | bench_1296.smt2 -> ok  458.509 ms  5120 KB  nodes=8442
[143/5247] cvc5 | bench_1296.smt2 -> ok  9.81659 ms  17408 KB  nodes=446
[144/5247] smt-switch | bench_1296.smt2 -> ok  16.966 ms  19072 KB  nodes=446
[145/5247] native | bench_458.smt2 -> ok  25.978 ms  17792 KB  nodes=200
[146/5247] pysmt | bench_458.smt2 -> ok  6.21223 ms  21544 KB  nodes=198
[147/5247] jsmtlib | bench_458.smt2 -> ok  1137.89 ms  2048 KB  nodes=248
[148/5247] z3 | bench_458.smt2 -> ok  10.022 ms  7936 KB  nodes=198
[149/5247] antlr4 | bench_458.smt2 -> ok  444.376 ms  5120 KB  nodes=3759
[150/5247] cvc5 | bench_458.smt2 -> ok  4.71163 ms  16000 KB  nodes=198
[151/5247] smt-switch | bench_458.smt2 -> ok  8.70738 ms  18048 KB  nodes=198
[152/5247] native | bench_1086.smt2 -> ok  21.0831 ms  17920 KB  nodes=504
[153/5247] pysmt | bench_1086.smt2 -> ok  10.6781 ms  21852 KB  nodes=505
[154/5247] jsmtlib | bench_1086.smt2 -> ok  1090.5 ms  3072 KB  nodes=656
[155/5247] z3 | bench_1086.smt2 -> ok  12.153 ms  7936 KB  nodes=505
[156/5247] antlr4 | bench_1086.smt2 -> ok  456.858 ms  5120 KB  nodes=9425
[157/5247] cvc5 | bench_1086.smt2 -> ok  16.9229 ms  18944 KB  nodes=505
[158/5247] smt-switch | bench_1086.smt2 -> ok  19.4386 ms  20992 KB  nodes=505
[159/5247] native | lfsr_008_047_016.smt2 -> ok  21.3697 ms  18176 KB  nodes=1301
[160/5247] pysmt | lfsr_008_047_016.smt2 -> ok  21.1661 ms  22040 KB  nodes=1297
[161/5247] jsmtlib | lfsr_008_047_016.smt2 -> ok  1108.49 ms  4096 KB  nodes=1458
[162/5247] z3 | lfsr_008_047_016.smt2 -> ok  13.338 ms  8064 KB  nodes=1297
[163/5247] antlr4 | lfsr_008_047_016.smt2 -> ok  456.557 ms  7168 KB  nodes=22921
[164/5247] cvc5 | lfsr_008_047_016.smt2 -> ok  640.046 ms  46680 KB  nodes=1298
[165/5247] smt-switch | lfsr_008_047_016.smt2 -> ok  678.165 ms  46888 KB  nodes=1297
[166/5247] native | bench_512.smt2 -> ok  23.7593 ms  18048 KB  nodes=683
[167/5247] pysmt | bench_512.smt2 -> ok  13.4571 ms  21684 KB  nodes=681
[168/5247] jsmtlib | bench_512.smt2 -> ok  1265.91 ms  3072 KB  nodes=871
[169/5247] z3 | bench_512.smt2 -> ok  12.476 ms  8064 KB  nodes=681
[170/5247] antlr4 | bench_512.smt2 -> ok  491.775 ms  6144 KB  nodes=13962
[171/5247] cvc5 | bench_512.smt2 -> ok  5.20052 ms  16256 KB  nodes=681
[172/5247] smt-switch | bench_512.smt2 -> ok  13.7779 ms  18048 KB  nodes=681
[173/5247] native | bench_1856.smt2 -> ok  20.5244 ms  17792 KB  nodes=138
[174/5247] pysmt | bench_1856.smt2 -> ok  6.35719 ms  21740 KB  nodes=136
[175/5247] jsmtlib | bench_1856.smt2 -> ok  1224.8 ms  2048 KB  nodes=193
[176/5247] z3 | bench_1856.smt2 -> ok  12.165 ms  7936 KB  nodes=136
[177/5247] antlr4 | bench_1856.smt2 -> ok  437.088 ms  5120 KB  nodes=2667
[178/5247] cvc5 | bench_1856.smt2 -> ok  27.0927 ms  21504 KB  nodes=136
[179/5247] smt-switch | bench_1856.smt2 -> ok  33.4948 ms  23424 KB  nodes=136
[180/5247] native | bench_6633.smt2 -> ok  22.4823 ms  17792 KB  nodes=314
[181/5247] pysmt | bench_6633.smt2 -> ok  8.36682 ms  21868 KB  nodes=309
[182/5247] jsmtlib | bench_6633.smt2 -> ok  1215.51 ms  2048 KB  nodes=378
[183/5247] z3 | bench_6633.smt2 -> ok  13.695 ms  8064 KB  nodes=309
[184/5247] antlr4 | bench_6633.smt2 -> ok  448.535 ms  5120 KB  nodes=5480
[185/5247] cvc5 | bench_6633.smt2 -> ok  54.3668 ms  26316 KB  nodes=309
[186/5247] smt-switch | bench_6633.smt2 -> ok  58.6168 ms  28400 KB  nodes=309
[187/5247] native | bench_6222.smt2 -> ok  23.6873 ms  18304 KB  nodes=1349
[188/5247] pysmt | bench_6222.smt2 -> ok  24.5442 ms  22080 KB  nodes=1352
[189/5247] jsmtlib | bench_6222.smt2 -> ok  1230.08 ms  4096 KB  nodes=1635
[190/5247] z3 | bench_6222.smt2 -> ok  18.619 ms  8704 KB  nodes=1352
[191/5247] antlr4 | bench_6222.smt2 -> ok  498.917 ms  7168 KB  nodes=26397
[192/5247] cvc5 | bench_6222.smt2 -> ok  38.1328 ms  18304 KB  nodes=1352
[193/5247] smt-switch | bench_6222.smt2 -> ok  43.8864 ms  20096 KB  nodes=1352
[194/5247] native | bench_5880.smt2 -> ok  20.6358 ms  17792 KB  nodes=216
[195/5247] pysmt | bench_5880.smt2 -> ok  18.1897 ms  21864 KB  nodes=219
[196/5247] jsmtlib | bench_5880.smt2 -> ok  1093.51 ms  4096 KB  nodes=2535
[197/5247] z3 | bench_5880.smt2 -> ok  11.025 ms  7936 KB  nodes=1172
[198/5247] antlr4 | bench_5880.smt2 -> ok  440.949 ms  7168 KB  nodes=24064
[199/5247] cvc5 | bench_5880.smt2 -> ok  3245.28 ms  33168 KB  nodes=218
[200/5247] smt-switch | bench_5880.smt2 -> ok  3738.9 ms  35128 KB  nodes=1172
[201/5247] native | bench_1980.smt2 -> ok  22.3816 ms  18304 KB  nodes=1108
[202/5247] pysmt | bench_1980.smt2 -> ok  26.0577 ms  21860 KB  nodes=1106
[203/5247] jsmtlib | bench_1980.smt2 -> ok  1146.2 ms  4096 KB  nodes=1325
[204/5247] z3 | bench_1980.smt2 -> ok  12.444 ms  8064 KB  nodes=1106
[205/5247] antlr4 | bench_1980.smt2 -> ok  469.364 ms  7168 KB  nodes=22733
[206/5247] cvc5 | bench_1980.smt2 -> ok  66.0017 ms  15232 KB  nodes=1106
[207/5247] smt-switch | bench_1980.smt2 -> ok  17.8207 ms  18304 KB  nodes=1106
[208/5247] native | nnrpd_nnrpd_vc21643.smt2 -> ok  21.6367 ms  18048 KB  nodes=814
[209/5247] pysmt | nnrpd_nnrpd_vc21643.smt2 -> ok  20.3664 ms  22132 KB  nodes=829
[210/5247] jsmtlib | nnrpd_nnrpd_vc21643.smt2 -> ok  1102.33 ms  4096 KB  nodes=1996
[211/5247] z3 | nnrpd_nnrpd_vc21643.smt2 -> ok  13.455 ms  7936 KB  nodes=1458
[212/5247] antlr4 | nnrpd_nnrpd_vc21643.smt2 -> ok  494.606 ms  6144 KB  nodes=19616
[213/5247] cvc5 | nnrpd_nnrpd_vc21643.smt2 -> ok  1331.68 ms  224944 KB  nodes=819
[214/5247] smt-switch | nnrpd_nnrpd_vc21643.smt2 -> ok  1199.74 ms  227516 KB  nodes=1458
[215/5247] native | run_03230.trace.cond_012189_0x4182b4_00. -> ok  20.9248 ms  18176 KB  nodes=717
[216/5247] pysmt | run_03230.trace.cond_012189_0x4182b4_00. -> ok  14.0777 ms  21988 KB  nodes=717
[217/5247] jsmtlib | run_03230.trace.cond_012189_0x4182b4_00. -> ok  1053.69 ms  3072 KB  nodes=832
[218/5247] z3 | run_03230.trace.cond_012189_0x4182b4_00. -> ok  11.493 ms  8192 KB  nodes=717
[219/5247] antlr4 | run_03230.trace.cond_012189_0x4182b4_00. -> ok  437.869 ms  6144 KB  nodes=14149
[220/5247] cvc5 | run_03230.trace.cond_012189_0x4182b4_00. -> ok  75.3047 ms  21504 KB  nodes=717
[221/5247] smt-switch | run_03230.trace.cond_012189_0x4182b4_00. -> ok  88.5713 ms  23680 KB  nodes=717
[222/5247] native | bench_3042.smt2 -> ok  21.6375 ms  18048 KB  nodes=743
[223/5247] pysmt | bench_3042.smt2 -> ok  14.8215 ms  21972 KB  nodes=741
[224/5247] jsmtlib | bench_3042.smt2 -> ok  1111.75 ms  3072 KB  nodes=898
[225/5247] z3 | bench_3042.smt2 -> ok  14.384 ms  7808 KB  nodes=741
[226/5247] antlr4 | bench_3042.smt2 -> ok  408.323 ms  6144 KB  nodes=14570
[227/5247] cvc5 | bench_3042.smt2 -> ok  59.263 ms  15360 KB  nodes=741
[228/5247] smt-switch | bench_3042.smt2 -> ok  71.5195 ms  17152 KB  nodes=741
[229/5247] native | bench_1178.smt2 -> ok  23.5589 ms  18304 KB  nodes=1438
[230/5247] pysmt | bench_1178.smt2 -> ok  23.298 ms  22376 KB  nodes=1440
[231/5247] jsmtlib | bench_1178.smt2 -> ok  1170.15 ms  4096 KB  nodes=1785
[232/5247] z3 | bench_1178.smt2 -> ok  14.527 ms  8448 KB  nodes=1440
[233/5247] antlr4 | bench_1178.smt2 -> ok  411.737 ms  7168 KB  nodes=27444
[234/5247] cvc5 | bench_1178.smt2 -> ok  67.535 ms  17408 KB  nodes=1440
[235/5247] smt-switch | bench_1178.smt2 -> ok  88.5505 ms  18688 KB  nodes=1440
[236/5247] native | ext_con_020_008_0128.smt2 -> ok  24.3547 ms  18432 KB  nodes=1895
[237/5247] pysmt | ext_con_020_008_0128.smt2 -> ok  27.6127 ms  22392 KB  nodes=1847
[238/5247] jsmtlib | ext_con_020_008_0128.smt2 -> ok  978.745 ms  4096 KB  nodes=1901
[239/5247] z3 | ext_con_020_008_0128.smt2 -> ok  16.069 ms  7936 KB  nodes=1847
[240/5247] antlr4 | ext_con_020_008_0128.smt2 -> ok  419.184 ms  7168 KB  nodes=29172
[241/5247] cvc5 | ext_con_020_008_0128.smt2 -> ok  200.666 ms  26368 KB  nodes=1847
[242/5247] smt-switch | ext_con_020_008_0128.smt2 -> ok  232.028 ms  28648 KB  nodes=1847
[243/5247] native | bench_620.smt2 -> ok  22.0243 ms  17920 KB  nodes=489
[244/5247] pysmt | bench_620.smt2 -> ok  12.2924 ms  21996 KB  nodes=487
[245/5247] jsmtlib | bench_620.smt2 -> ok  1029.36 ms  3072 KB  nodes=614
[246/5247] z3 | bench_620.smt2 -> ok  13.416 ms  7936 KB  nodes=487
[247/5247] antlr4 | bench_620.smt2 -> ok  395.017 ms  5120 KB  nodes=9696
[248/5247] cvc5 | bench_620.smt2 -> ok  54.0603 ms  15360 KB  nodes=487
[249/5247] smt-switch | bench_620.smt2 -> ok  66.228 ms  17024 KB  nodes=487
[250/5247] native | bench_12174.smt2 -> ok  21.4916 ms  17920 KB  nodes=148
[251/5247] pysmt | bench_12174.smt2 -> ok  13.3717 ms  21612 KB  nodes=148
[252/5247] jsmtlib | bench_12174.smt2 -> ok  1114.55 ms  3072 KB  nodes=1783
[253/5247] z3 | bench_12174.smt2 -> ok  11.766 ms  7936 KB  nodes=827
[254/5247] antlr4 | bench_12174.smt2 -> ok  424.478 ms  6144 KB  nodes=16993
[255/5247] cvc5 | bench_12174.smt2 -> ok  1986.97 ms  25180 KB  nodes=147
[256/5247] smt-switch | bench_12174.smt2 -> ok  1986.42 ms  27496 KB  nodes=827
[257/5247] native | bench_7464.smt2 -> ok  22.5969 ms  17792 KB  nodes=216
[258/5247] pysmt | bench_7464.smt2 -> ok  18.1198 ms  21864 KB  nodes=219
[259/5247] jsmtlib | bench_7464.smt2 -> ok  1212.51 ms  4096 KB  nodes=2535
[260/5247] z3 | bench_7464.smt2 -> ok  14.19 ms  7936 KB  nodes=1172
[261/5247] antlr4 | bench_7464.smt2 -> ok  439.043 ms  7168 KB  nodes=24064
[262/5247] cvc5 | bench_7464.smt2 -> ok  3712.63 ms  31972 KB  nodes=218
[263/5247] smt-switch | bench_7464.smt2 -> ok  3699.71 ms  34056 KB  nodes=1172
[264/5247] native | wage.t1.i21.dfdbc36a.smt2 -> ok  23.0137 ms  18176 KB  nodes=694
[265/5247] pysmt | wage.t1.i21.dfdbc36a.smt2 -> ok  16.2201 ms  22000 KB  nodes=776
[266/5247] jsmtlib | wage.t1.i21.dfdbc36a.smt2 -> ok  1061.62 ms  3072 KB  nodes=1854
[267/5247] z3 | wage.t1.i21.dfdbc36a.smt2 -> ok  14.372 ms  7936 KB  nodes=1458
[268/5247] antlr4 | wage.t1.i21.dfdbc36a.smt2 -> ok  411.843 ms  6144 KB  nodes=17577
[269/5247] cvc5 | wage.t1.i21.dfdbc36a.smt2 -> ok  205.507 ms  43232 KB  nodes=775
[270/5247] smt-switch | wage.t1.i21.dfdbc36a.smt2 -> ok  215.062 ms  45112 KB  nodes=1458
[271/5247] native | bench_8427.smt2 -> ok  21.7868 ms  17920 KB  nodes=294
[272/5247] pysmt | bench_8427.smt2 -> ok  9.38964 ms  21472 KB  nodes=291
[273/5247] jsmtlib | bench_8427.smt2 -> ok  1102.43 ms  2048 KB  nodes=454
[274/5247] z3 | bench_8427.smt2 -> ok  13.527 ms  7936 KB  nodes=291
[275/5247] antlr4 | bench_8427.smt2 -> ok  395.811 ms  5120 KB  nodes=6127
[276/5247] cvc5 | bench_8427.smt2 -> ok  74.864 ms  21632 KB  nodes=291
[277/5247] smt-switch | bench_8427.smt2 -> ok  84.9467 ms  23552 KB  nodes=291
[278/5247] native | bench_802.smt2 -> ok  20.4667 ms  17792 KB  nodes=182
[279/5247] pysmt | bench_802.smt2 -> ok  8.23593 ms  21724 KB  nodes=182
[280/5247] jsmtlib | bench_802.smt2 -> ok  1049.65 ms  2048 KB  nodes=241
[281/5247] z3 | bench_802.smt2 -> ok  12.031 ms  7936 KB  nodes=182
[282/5247] antlr4 | bench_802.smt2 -> ok  353.128 ms  5120 KB  nodes=4044
[283/5247] cvc5 | bench_802.smt2 -> ok  85.431 ms  25068 KB  nodes=182
[284/5247] smt-switch | bench_802.smt2 -> ok  89.1359 ms  26956 KB  nodes=182
[285/5247] native | bench_8002.smt2 -> ok  22.0618 ms  17792 KB  nodes=206
[286/5247] pysmt | bench_8002.smt2 -> ok  10.3531 ms  21716 KB  nodes=206
[287/5247] jsmtlib | bench_8002.smt2 -> ok  1074.95 ms  3072 KB  nodes=1129
[288/5247] z3 | bench_8002.smt2 -> ok  11.947 ms  7936 KB  nodes=436
[289/5247] antlr4 | bench_8002.smt2 -> ok  380.526 ms  5120 KB  nodes=11382
[290/5247] cvc5 | bench_8002.smt2 -> ok  3072.17 ms  73120 KB  nodes=205
[291/5247] smt-switch | bench_8002.smt2 -> ok  3150.4 ms  78784 KB  nodes=436
[292/5247] native | bench_4878.smt2 -> ok  22.6136 ms  17792 KB  nodes=182
[293/5247] pysmt | bench_4878.smt2 -> ok  13.5601 ms  21744 KB  nodes=185
[294/5247] jsmtlib | bench_4878.smt2 -> ok  1074.42 ms  3072 KB  nodes=1872
[295/5247] z3 | bench_4878.smt2 -> ok  12.843 ms  7936 KB  nodes=877
[296/5247] antlr4 | bench_4878.smt2 -> ok  377.456 ms  6144 KB  nodes=17684
[297/5247] cvc5 | bench_4878.smt2 -> ok  784.88 ms  24760 KB  nodes=184
[298/5247] smt-switch | bench_4878.smt2 -> ok  787.117 ms  27080 KB  nodes=877
[299/5247] native | bench_451.smt2 -> ok  22.5412 ms  18048 KB  nodes=817
[300/5247] pysmt | bench_451.smt2 -> ok  15.7156 ms  21740 KB  nodes=815
[301/5247] jsmtlib | bench_451.smt2 -> ok  1031.49 ms  3072 KB  nodes=1042
[302/5247] z3 | bench_451.smt2 -> ok  14.993 ms  8064 KB  nodes=815
[303/5247] antlr4 | bench_451.smt2 -> ok  393.532 ms  6144 KB  nodes=16410
[304/5247] cvc5 | bench_451.smt2 -> ok  56.3056 ms  16384 KB  nodes=815
[305/5247] smt-switch | bench_451.smt2 -> ok  71.3107 ms  18176 KB  nodes=815
[306/5247] native | bench_3091.smt2 -> ok  19.1279 ms  17792 KB  nodes=124
[307/5247] pysmt | bench_3091.smt2 -> ok  5.99432 ms  21528 KB  nodes=122
[308/5247] jsmtlib | bench_3091.smt2 -> ok  1010.69 ms  2048 KB  nodes=166
[309/5247] z3 | bench_3091.smt2 -> ok  12.819 ms  7808 KB  nodes=122
[310/5247] antlr4 | bench_3091.smt2 -> ok  382.968 ms  5120 KB  nodes=2150
[311/5247] cvc5 | bench_3091.smt2 -> ok  58.6544 ms  18560 KB  nodes=122
[312/5247] smt-switch | bench_3091.smt2 -> ok  67.0038 ms  20352 KB  nodes=122
[313/5247] native | bench_2884.smt2 -> ok  22.4453 ms  18048 KB  nodes=616
[314/5247] pysmt | bench_2884.smt2 -> ok  12.5864 ms  21968 KB  nodes=627
[315/5247] jsmtlib | bench_2884.smt2 -> ok  1027.61 ms  3072 KB  nodes=798
[316/5247] z3 | bench_2884.smt2 -> ok  13.766 ms  8192 KB  nodes=627
[317/5247] antlr4 | bench_2884.smt2 -> ok  406.146 ms  6144 KB  nodes=11855
[318/5247] cvc5 | bench_2884.smt2 -> ok  134.298 ms  32892 KB  nodes=627
[319/5247] smt-switch | bench_2884.smt2 -> ok  144.684 ms  34796 KB  nodes=627
[320/5247] native | bench_128.smt2 -> ok  23.1714 ms  18048 KB  nodes=826
[321/5247] pysmt | bench_128.smt2 -> ok  17.4327 ms  21824 KB  nodes=824
[322/5247] jsmtlib | bench_128.smt2 -> ok  1115.38 ms  3072 KB  nodes=995
[323/5247] z3 | bench_128.smt2 -> ok  14.598 ms  8064 KB  nodes=824
[324/5247] antlr4 | bench_128.smt2 -> ok  435.552 ms  6144 KB  nodes=16382
[325/5247] cvc5 | bench_128.smt2 -> ok  56.9292 ms  15360 KB  nodes=824
[326/5247] smt-switch | bench_128.smt2 -> ok  68.545 ms  17024 KB  nodes=824
[327/5247] native | bench_1205.smt2 -> ok  20.9624 ms  17792 KB  nodes=124
[328/5247] pysmt | bench_1205.smt2 -> ok  6.38318 ms  21488 KB  nodes=124
[329/5247] jsmtlib | bench_1205.smt2 -> ok  1077.12 ms  2048 KB  nodes=156
[330/5247] z3 | bench_1205.smt2 -> ok  13.038 ms  7680 KB  nodes=124
[331/5247] antlr4 | bench_1205.smt2 -> ok  347.467 ms  5120 KB  nodes=2223
[332/5247] cvc5 | bench_1205.smt2 -> ok  59.3499 ms  16384 KB  nodes=124
[333/5247] smt-switch | bench_1205.smt2 -> ok  69.181 ms  18432 KB  nodes=124
[334/5247] native | bench_453.smt2 -> ok  20.715 ms  17792 KB  nodes=123
[335/5247] pysmt | bench_453.smt2 -> ok  6.41203 ms  21620 KB  nodes=123
[336/5247] jsmtlib | bench_453.smt2 -> ok  1050.11 ms  2048 KB  nodes=166
[337/5247] z3 | bench_453.smt2 -> ok  12.326 ms  7808 KB  nodes=123
[338/5247] antlr4 | bench_453.smt2 -> ok  379.911 ms  5120 KB  nodes=2219
[339/5247] cvc5 | bench_453.smt2 -> ok  52.0287 ms  14848 KB  nodes=123
[340/5247] smt-switch | bench_453.smt2 -> ok  59.1358 ms  16896 KB  nodes=123
[341/5247] native | bench_571.smt2 -> ok  22.0951 ms  18048 KB  nodes=462
[342/5247] pysmt | bench_571.smt2 -> ok  11.1194 ms  21996 KB  nodes=463
[343/5247] jsmtlib | bench_571.smt2 -> ok  1316.97 ms  2048 KB  nodes=564
[344/5247] z3 | bench_571.smt2 -> ok  13.367 ms  7936 KB  nodes=463
[345/5247] antlr4 | bench_571.smt2 -> ok  369.219 ms  5120 KB  nodes=7154
[346/5247] cvc5 | bench_571.smt2 -> ok  61.59 ms  19584 KB  nodes=463
[347/5247] smt-switch | bench_571.smt2 -> ok  77.1974 ms  21504 KB  nodes=463
[348/5247] native | bench_16374.smt2 -> ok  32.4307 ms  18432 KB  nodes=1681
[349/5247] pysmt | bench_16374.smt2 -> ok  85.7015 ms  22636 KB  nodes=1665
[350/5247] jsmtlib | bench_16374.smt2 -> ok  1115.78 ms  12288 KB  nodes=14721
[351/5247] z3 | bench_16374.smt2 -> ok  26.748 ms  8704 KB  nodes=6858
[352/5247] antlr4 | bench_16374.smt2 -> ok  411.589 ms  19456 KB  nodes=142442
[353/5247] cvc5 | bench_16374.smt2 -> fail  10045.3 ms  1664 KB  nodes=0
[354/5247] smt-switch | bench_16374.smt2 -> fail  10043.6 ms  1664 KB  nodes=0
[355/5247] native | bench_1137.smt2 -> ok  31.7405 ms  19072 KB  nodes=3494
[356/5247] pysmt | bench_1137.smt2 -> ok  60.1919 ms  23168 KB  nodes=3510
[357/5247] jsmtlib | bench_1137.smt2 -> ok  1102.02 ms  7168 KB  nodes=4321
[358/5247] z3 | bench_1137.smt2 -> ok  31.191 ms  9704 KB  nodes=3510
[359/5247] antlr4 | bench_1137.smt2 -> ok  479.096 ms  11264 KB  nodes=64996
[360/5247] cvc5 | bench_1137.smt2 -> ok  115.613 ms  22272 KB  nodes=3510
[361/5247] smt-switch | bench_1137.smt2 -> ok  182.672 ms  23164 KB  nodes=3510
[362/5247] native | bench_1121.smt2 -> ok  28.4076 ms  19072 KB  nodes=3529
[363/5247] pysmt | bench_1121.smt2 -> ok  57.9321 ms  23256 KB  nodes=3547
[364/5247] jsmtlib | bench_1121.smt2 -> ok  1167.9 ms  7168 KB  nodes=4363
[365/5247] z3 | bench_1121.smt2 -> ok  31.261 ms  9952 KB  nodes=3547
[366/5247] antlr4 | bench_1121.smt2 -> ok  449.158 ms  11264 KB  nodes=65766
[367/5247] cvc5 | bench_1121.smt2 -> ok  124.987 ms  22144 KB  nodes=3547
[368/5247] smt-switch | bench_1121.smt2 -> ok  166.86 ms  23424 KB  nodes=3547
[369/5247] native | bench_269.smt2 -> ok  24.8005 ms  18432 KB  nodes=2375
[370/5247] pysmt | bench_269.smt2 -> ok  43.1285 ms  22456 KB  nodes=2377
[371/5247] jsmtlib | bench_269.smt2 -> ok  1082.24 ms  5120 KB  nodes=3011
[372/5247] z3 | bench_269.smt2 -> ok  19.286 ms  8960 KB  nodes=2377
[373/5247] antlr4 | bench_269.smt2 -> ok  475.128 ms  9216 KB  nodes=47635
[374/5247] cvc5 | bench_269.smt2 -> ok  29.5361 ms  20096 KB  nodes=2377
[375/5247] smt-switch | bench_269.smt2 -> ok  50.8916 ms  21120 KB  nodes=2377
[376/5247] native | bench_1300.smt2 -> ok  23.5077 ms  18560 KB  nodes=1956
[377/5247] pysmt | bench_1300.smt2 -> ok  30.5376 ms  22476 KB  nodes=1957
[378/5247] jsmtlib | bench_1300.smt2 -> ok  1024.18 ms  5120 KB  nodes=2434
[379/5247] z3 | bench_1300.smt2 -> ok  19.666 ms  9088 KB  nodes=1957
[380/5247] antlr4 | bench_1300.smt2 -> ok  435.1 ms  8192 KB  nodes=36488
[381/5247] cvc5 | bench_1300.smt2 -> ok  48.5785 ms  19968 KB  nodes=1957
[382/5247] smt-switch | bench_1300.smt2 -> ok  69.473 ms  21248 KB  nodes=1957
[383/5247] native | bench_10906.smt2 -> ok  24.0496 ms  18304 KB  nodes=1219
[384/5247] pysmt | bench_10906.smt2 -> ok  49.5169 ms  22188 KB  nodes=1209
[385/5247] jsmtlib | bench_10906.smt2 -> ok  1129.17 ms  7168 KB  nodes=7423
[386/5247] z3 | bench_10906.smt2 -> ok  17.846 ms  8320 KB  nodes=3678
[387/5247] antlr4 | bench_10906.smt2 -> ok  529.769 ms  12288 KB  nodes=70499
[388/5247] cvc5 | bench_10906.smt2 -> fail  10044 ms  1664 KB  nodes=0
[389/5247] smt-switch | bench_10906.smt2 -> fail  10045.8 ms  1664 KB  nodes=0
[390/5247] native | bench_8778.smt2 -> ok  21.4337 ms  17792 KB  nodes=195
[391/5247] pysmt | bench_8778.smt2 -> ok  25.285 ms  21652 KB  nodes=195
[392/5247] jsmtlib | bench_8778.smt2 -> ok  1158.79 ms  5120 KB  nodes=3223
[393/5247] z3 | bench_8778.smt2 -> ok  12.945 ms  7936 KB  nodes=1443
[394/5247] antlr4 | bench_8778.smt2 -> ok  538.028 ms  8192 KB  nodes=31290
[395/5247] cvc5 | bench_8778.smt2 -> fail  10045.8 ms  1664 KB  nodes=0
[396/5247] smt-switch | bench_8778.smt2 -> fail  10047.6 ms  1664 KB  nodes=0
[397/5247] native | bench_3214.smt2 -> ok  38.9575 ms  18816 KB  nodes=2499
[398/5247] pysmt | bench_3214.smt2 -> ok  79.6578 ms  22632 KB  nodes=2495
[399/5247] jsmtlib | bench_3214.smt2 -> ok  1598.15 ms  5120 KB  nodes=3233
[400/5247] z3 | bench_3214.smt2 -> ok  22.503 ms  8960 KB  nodes=2495
[401/5247] antlr4 | bench_3214.smt2 -> ok  586.46 ms  10240 KB  nodes=52044
[402/5247] cvc5 | bench_3214.smt2 -> ok  13.827 ms  17536 KB  nodes=2495
[403/5247] smt-switch | bench_3214.smt2 -> ok  43.7948 ms  18944 KB  nodes=2495
[404/5247] native | bench_10376.smt2 -> ok  23.7834 ms  17792 KB  nodes=195
[405/5247] pysmt | bench_10376.smt2 -> ok  21.699 ms  21636 KB  nodes=195
[406/5247] jsmtlib | bench_10376.smt2 -> ok  1280.84 ms  5120 KB  nodes=3223
[407/5247] z3 | bench_10376.smt2 -> ok  13.179 ms  8064 KB  nodes=1443
[408/5247] antlr4 | bench_10376.smt2 -> ok  532.504 ms  8192 KB  nodes=31290
[409/5247] cvc5 | bench_10376.smt2 -> fail  10002.3 ms  1664 KB  nodes=0
[410/5247] smt-switch | bench_10376.smt2 -> fail  10003.4 ms  1664 KB  nodes=0
[411/5247] native | bench_3135.smt2 -> ok  29.6946 ms  18560 KB  nodes=1918
[412/5247] pysmt | bench_3135.smt2 -> ok  39.0027 ms  22248 KB  nodes=1914
[413/5247] jsmtlib | bench_3135.smt2 -> ok  1318.93 ms  5120 KB  nodes=2493
[414/5247] z3 | bench_3135.smt2 -> ok  21.749 ms  8704 KB  nodes=1914
[415/5247] antlr4 | bench_3135.smt2 -> ok  559.679 ms  8192 KB  nodes=38153
[416/5247] cvc5 | bench_3135.smt2 -> ok  552.391 ms  82696 KB  nodes=1914
[417/5247] smt-switch | bench_3135.smt2 -> ok  564.86 ms  84884 KB  nodes=1914
[418/5247] native | bench_15694.smt2 -> ok  31.6508 ms  18432 KB  nodes=1389
[419/5247] pysmt | bench_15694.smt2 -> ok  68.8782 ms  22456 KB  nodes=1386
[420/5247] jsmtlib | bench_15694.smt2 -> ok  1374.22 ms  7168 KB  nodes=7580
[421/5247] z3 | bench_15694.smt2 -> ok  23.768 ms  8320 KB  nodes=3648
[422/5247] antlr4 | bench_15694.smt2 -> ok  585.709 ms  12288 KB  nodes=73740
[423/5247] cvc5 | bench_15694.smt2 -> ok  4135.3 ms  65324 KB  nodes=1388
[424/5247] smt-switch | bench_15694.smt2 -> ok  4129.86 ms  67032 KB  nodes=3648
[425/5247] native | bench_2761.smt2 -> ok  23.3029 ms  18432 KB  nodes=1627
[426/5247] pysmt | bench_2761.smt2 -> ok  40.8425 ms  22284 KB  nodes=1646
[427/5247] jsmtlib | bench_2761.smt2 -> ok  1156.75 ms  4096 KB  nodes=2126
[428/5247] z3 | bench_2761.smt2 -> ok  15.996 ms  8704 KB  nodes=1646
[429/5247] antlr4 | bench_2761.smt2 -> ok  476.023 ms  8192 KB  nodes=31787
[430/5247] cvc5 | bench_2761.smt2 -> ok  336.168 ms  67520 KB  nodes=1646
[431/5247] smt-switch | bench_2761.smt2 -> ok  380.4 ms  68964 KB  nodes=1646
[432/5247] native | bench_2387.smt2 -> ok  23.9324 ms  17792 KB  nodes=195
[433/5247] pysmt | bench_2387.smt2 -> ok  21.2033 ms  21868 KB  nodes=195
[434/5247] jsmtlib | bench_2387.smt2 -> ok  1140.98 ms  5120 KB  nodes=3223
[435/5247] z3 | bench_2387.smt2 -> ok  12.842 ms  7808 KB  nodes=1443
[436/5247] antlr4 | bench_2387.smt2 -> ok  471.231 ms  8192 KB  nodes=31290
[437/5247] cvc5 | bench_2387.smt2 -> fail  10033.6 ms  1664 KB  nodes=0
[438/5247] smt-switch | bench_2387.smt2 -> fail  10040.2 ms  1664 KB  nodes=0
[439/5247] native | bench_95.smt2 -> ok  27.2091 ms  18688 KB  nodes=2486
[440/5247] pysmt | bench_95.smt2 -> ok  57.5888 ms  22760 KB  nodes=2488
[441/5247] jsmtlib | bench_95.smt2 -> ok  1348.64 ms  6144 KB  nodes=3175
[442/5247] z3 | bench_95.smt2 -> ok  25.764 ms  8960 KB  nodes=2488
[443/5247] antlr4 | bench_95.smt2 -> ok  603.342 ms  10240 KB  nodes=50408
[444/5247] cvc5 | bench_95.smt2 -> ok  556.604 ms  86176 KB  nodes=2488
[445/5247] smt-switch | bench_95.smt2 -> ok  533.958 ms  88276 KB  nodes=2488
[446/5247] native | nnrpd_nnrpd_vc21243.smt2 -> ok  25.2107 ms  18176 KB  nodes=1045
[447/5247] pysmt | nnrpd_nnrpd_vc21243.smt2 -> ok  26.3493 ms  22088 KB  nodes=1064
[448/5247] jsmtlib | nnrpd_nnrpd_vc21243.smt2 -> ok  1137.03 ms  4096 KB  nodes=2567
[449/5247] z3 | nnrpd_nnrpd_vc21243.smt2 -> ok  13.392 ms  7808 KB  nodes=1878
[450/5247] antlr4 | nnrpd_nnrpd_vc21243.smt2 -> ok  475.54 ms  7168 KB  nodes=25179
[451/5247] cvc5 | nnrpd_nnrpd_vc21243.smt2 -> ok  2019.15 ms  310140 KB  nodes=1051
[452/5247] smt-switch | nnrpd_nnrpd_vc21243.smt2 -> ok  1919.67 ms  312300 KB  nodes=1878
[453/5247] native | millionaires.t1.i55.66136dd3.smt2 -> ok  23.4381 ms  18176 KB  nodes=1210
[454/5247] pysmt | millionaires.t1.i55.66136dd3.smt2 -> ok  29.4111 ms  22148 KB  nodes=1386
[455/5247] jsmtlib | millionaires.t1.i55.66136dd3.smt2 -> ok  1112 ms  4096 KB  nodes=2788
[456/5247] z3 | millionaires.t1.i55.66136dd3.smt2 -> ok  17.72 ms  8064 KB  nodes=2246
[457/5247] antlr4 | millionaires.t1.i55.66136dd3.smt2 -> ok  479.703 ms  7168 KB  nodes=26151
[458/5247] cvc5 | millionaires.t1.i55.66136dd3.smt2 -> ok  30.2364 ms  22144 KB  nodes=1385
[459/5247] smt-switch | millionaires.t1.i55.66136dd3.smt2 -> ok  45.3974 ms  24064 KB  nodes=2246
[460/5247] native | bench_472.smt2 -> ok  26.9364 ms  18432 KB  nodes=1812
[461/5247] pysmt | bench_472.smt2 -> ok  32.5091 ms  22504 KB  nodes=1808
[462/5247] jsmtlib | bench_472.smt2 -> ok  1134.71 ms  5120 KB  nodes=2346
[463/5247] z3 | bench_472.smt2 -> ok  17.249 ms  8704 KB  nodes=1808
[464/5247] antlr4 | bench_472.smt2 -> ok  550.9 ms  8192 KB  nodes=36123
[465/5247] cvc5 | bench_472.smt2 -> ok  838.771 ms  87052 KB  nodes=1808
[466/5247] smt-switch | bench_472.smt2 -> ok  840.842 ms  89116 KB  nodes=1808
[467/5247] native | millionaires.t3.i37.7eabcb40.smt2 -> ok  26.6321 ms  18432 KB  nodes=1905
[468/5247] pysmt | millionaires.t3.i37.7eabcb40.smt2 -> ok  41.0676 ms  22172 KB  nodes=2045
[469/5247] jsmtlib | millionaires.t3.i37.7eabcb40.smt2 -> ok  1209.55 ms  5120 KB  nodes=5065
[470/5247] z3 | millionaires.t3.i37.7eabcb40.smt2 -> ok  19.701 ms  8064 KB  nodes=3898
[471/5247] antlr4 | millionaires.t3.i37.7eabcb40.smt2 -> ok  548.871 ms  9216 KB  nodes=46871
[472/5247] cvc5 | millionaires.t3.i37.7eabcb40.smt2 -> ok  97.1653 ms  31208 KB  nodes=2044
[473/5247] smt-switch | millionaires.t3.i37.7eabcb40.smt2 -> ok  137.381 ms  33152 KB  nodes=3898
[474/5247] native | bench_727.smt2 -> ok  23.1508 ms  18304 KB  nodes=1554
[475/5247] pysmt | bench_727.smt2 -> ok  29.0747 ms  22512 KB  nodes=1550
[476/5247] jsmtlib | bench_727.smt2 -> ok  1110.68 ms  4096 KB  nodes=2015
[477/5247] z3 | bench_727.smt2 -> ok  15.943 ms  8448 KB  nodes=1550
[478/5247] antlr4 | bench_727.smt2 -> ok  493.191 ms  8192 KB  nodes=30854
[479/5247] cvc5 | bench_727.smt2 -> ok  323.535 ms  68864 KB  nodes=1550
[480/5247] smt-switch | bench_727.smt2 -> ok  402.148 ms  70672 KB  nodes=1550
[481/5247] native | minand128.smt2 -> ok  35.0319 ms  20096 KB  nodes=5276
[482/5247] pysmt | minand128.smt2 -> ok  110.559 ms  24280 KB  nodes=5280
[483/5247] jsmtlib | minand128.smt2 -> ok  1244.01 ms  10240 KB  nodes=8106
[484/5247] z3 | minand128.smt2 -> ok  42.499 ms  11852 KB  nodes=5280
[485/5247] antlr4 | minand128.smt2 -> ok  575.875 ms  16384 KB  nodes=110112
[486/5247] cvc5 | minand128.smt2 -> fail  10046.1 ms  1664 KB  nodes=0
[487/5247] smt-switch | minand128.smt2 -> fail  10000.7 ms  1664 KB  nodes=0
[488/5247] native | bench_2059.smt2 -> ok  48.0332 ms  18816 KB  nodes=2996
[489/5247] pysmt | bench_2059.smt2 -> ok  62.6342 ms  22796 KB  nodes=2998
[490/5247] jsmtlib | bench_2059.smt2 -> ok  1361.91 ms  7168 KB  nodes=3883
[491/5247] z3 | bench_2059.smt2 -> ok  29.677 ms  9188 KB  nodes=2998
[492/5247] antlr4 | bench_2059.smt2 -> ok  613.848 ms  11264 KB  nodes=63118
[493/5247] cvc5 | bench_2059.smt2 -> ok  718.241 ms  119016 KB  nodes=2998
[494/5247] smt-switch | bench_2059.smt2 -> ok  752.657 ms  121368 KB  nodes=2998
[495/5247] native | bench_17722.smt2 -> ok  29.267 ms  18560 KB  nodes=2175
[496/5247] pysmt | bench_17722.smt2 -> ok  91.5596 ms  22888 KB  nodes=2193
[497/5247] jsmtlib | bench_17722.smt2 -> ok  1354.99 ms  10240 KB  nodes=10386
[498/5247] z3 | bench_17722.smt2 -> ok  33.845 ms  9600 KB  nodes=4642
[499/5247] antlr4 | bench_17722.smt2 -> ok  642.423 ms  15360 KB  nodes=100786
[500/5247] cvc5 | bench_17722.smt2 -> ok  2247.99 ms  240892 KB  nodes=2192
[501/5247] smt-switch | bench_17722.smt2 -> ok  2150.86 ms  243148 KB  nodes=4642
[502/5247] native | bench_5927.smt2 -> ok  27.4266 ms  17920 KB  nodes=265
[503/5247] pysmt | bench_5927.smt2 -> ok  30.5748 ms  21584 KB  nodes=267
[504/5247] jsmtlib | bench_5927.smt2 -> ok  1366.41 ms  5120 KB  nodes=3981
[505/5247] z3 | bench_5927.smt2 -> ok  12.664 ms  7936 KB  nodes=1729
[506/5247] antlr4 | bench_5927.smt2 -> ok  530.763 ms  8192 KB  nodes=39469
[507/5247] cvc5 | bench_5927.smt2 -> ok  908.807 ms  32080 KB  nodes=266
[508/5247] smt-switch | bench_5927.smt2 -> ok  942.502 ms  34292 KB  nodes=1729
[509/5247] native | bench_9033.smt2 -> ok  22.8827 ms  17920 KB  nodes=195
[510/5247] pysmt | bench_9033.smt2 -> ok  24.4853 ms  21732 KB  nodes=195
[511/5247] jsmtlib | bench_9033.smt2 -> ok  1360.77 ms  5120 KB  nodes=3223
[512/5247] z3 | bench_9033.smt2 -> ok  11.437 ms  7936 KB  nodes=1443
[513/5247] antlr4 | bench_9033.smt2 -> ok  513.598 ms  8192 KB  nodes=31290
[514/5247] cvc5 | bench_9033.smt2 -> fail  10020.8 ms  1664 KB  nodes=0
[515/5247] smt-switch | bench_9033.smt2 -> fail  10002.7 ms  1664 KB  nodes=0
[516/5247] native | bench_6625.smt2 -> ok  26.9933 ms  18048 KB  nodes=634
[517/5247] pysmt | bench_6625.smt2 -> ok  52.6011 ms  21876 KB  nodes=636
[518/5247] jsmtlib | bench_6625.smt2 -> ok  1436.75 ms  6144 KB  nodes=5900
[519/5247] z3 | bench_6625.smt2 -> ok  17.583 ms  8192 KB  nodes=2644
[520/5247] antlr4 | bench_6625.smt2 -> ok  655.716 ms  10240 KB  nodes=57955
[521/5247] cvc5 | bench_6625.smt2 -> fail  10029.4 ms  1664 KB  nodes=0
[522/5247] smt-switch | bench_6625.smt2 -> fail  10035.6 ms  1664 KB  nodes=0
[523/5247] native | bench_4050.smt2 -> ok  47.9272 ms  18688 KB  nodes=2047
[524/5247] pysmt | bench_4050.smt2 -> ok  117.294 ms  22716 KB  nodes=2025
[525/5247] jsmtlib | bench_4050.smt2 -> ok  1535.82 ms  11264 KB  nodes=12898
[526/5247] z3 | bench_4050.smt2 -> ok  35.994 ms  8832 KB  nodes=6238
[527/5247] antlr4 | bench_4050.smt2 -> ok  713.367 ms  17408 KB  nodes=125592
[528/5247] cvc5 | bench_4050.smt2 -> ok  5047.56 ms  71008 KB  nodes=2046
[529/5247] smt-switch | bench_4050.smt2 -> ok  4998.89 ms  73164 KB  nodes=6238
[530/5247] native | bench_2196.smt2 -> ok  38.1956 ms  18944 KB  nodes=2913
[531/5247] pysmt | bench_2196.smt2 -> ok  64.4884 ms  22920 KB  nodes=2915
[532/5247] jsmtlib | bench_2196.smt2 -> ok  1580.74 ms  6144 KB  nodes=3767
[533/5247] z3 | bench_2196.smt2 -> ok  25.488 ms  9216 KB  nodes=2915
[534/5247] antlr4 | bench_2196.smt2 -> ok  689.607 ms  11264 KB  nodes=60995
[535/5247] cvc5 | bench_2196.smt2 -> ok  868.099 ms  107640 KB  nodes=2915
[536/5247] smt-switch | bench_2196.smt2 -> ok  773.927 ms  109544 KB  nodes=2915
[537/5247] native | bench_1135.smt2 -> ok  42.9541 ms  19072 KB  nodes=3504
[538/5247] pysmt | bench_1135.smt2 -> ok  74.7402 ms  23276 KB  nodes=3520
[539/5247] jsmtlib | bench_1135.smt2 -> ok  1509.38 ms  7168 KB  nodes=4332
[540/5247] z3 | bench_1135.smt2 -> ok  47.722 ms  10252 KB  nodes=3520
[541/5247] antlr4 | bench_1135.smt2 -> ok  689.924 ms  11264 KB  nodes=65178
[542/5247] cvc5 | bench_1135.smt2 -> ok  200.602 ms  22016 KB  nodes=3520
[543/5247] smt-switch | bench_1135.smt2 -> ok  228.307 ms  23552 KB  nodes=3520
[544/5247] native | bench_2556.smt2 -> ok  31.9348 ms  18816 KB  nodes=2644
[545/5247] pysmt | bench_2556.smt2 -> ok  64.8201 ms  22428 KB  nodes=2646
[546/5247] jsmtlib | bench_2556.smt2 -> ok  1419.68 ms  6144 KB  nodes=3400
[547/5247] z3 | bench_2556.smt2 -> ok  26.886 ms  9088 KB  nodes=2646
[548/5247] antlr4 | bench_2556.smt2 -> ok  650.016 ms  10240 KB  nodes=54367
[549/5247] cvc5 | bench_2556.smt2 -> ok  663.817 ms  98244 KB  nodes=2646
[550/5247] smt-switch | bench_2556.smt2 -> ok  726.638 ms  99720 KB  nodes=2646
[551/5247] native | bench_227.smt2 -> ok  28.6396 ms  18304 KB  nodes=1481
[552/5247] pysmt | bench_227.smt2 -> ok  35.7869 ms  22468 KB  nodes=1477
[553/5247] jsmtlib | bench_227.smt2 -> ok  1379.28 ms  4096 KB  nodes=1931
[554/5247] z3 | bench_227.smt2 -> ok  19.518 ms  8448 KB  nodes=1477
[555/5247] antlr4 | bench_227.smt2 -> ok  615.652 ms  7168 KB  nodes=29273
[556/5247] cvc5 | bench_227.smt2 -> ok  420.837 ms  68572 KB  nodes=1477
[557/5247] smt-switch | bench_227.smt2 -> ok  437.888 ms  70472 KB  nodes=1477
[558/5247] native | innfeed_imapfeed_vc25453.smt2 -> ok  32.6091 ms  18176 KB  nodes=1119
[559/5247] pysmt | innfeed_imapfeed_vc25453.smt2 -> ok  26.9268 ms  22164 KB  nodes=1137
[560/5247] jsmtlib | innfeed_imapfeed_vc25453.smt2 -> ok  1333.22 ms  4096 KB  nodes=2783
[561/5247] z3 | innfeed_imapfeed_vc25453.smt2 -> ok  16.607 ms  8064 KB  nodes=2046
[562/5247] antlr4 | innfeed_imapfeed_vc25453.smt2 -> ok  575.378 ms  7168 KB  nodes=27159
[563/5247] cvc5 | innfeed_imapfeed_vc25453.smt2 -> ok  3798.35 ms  362516 KB  nodes=1124
[564/5247] smt-switch | innfeed_imapfeed_vc25453.smt2 -> ok  4015.91 ms  364704 KB  nodes=2046
[565/5247] native | bench_2113.smt2 -> ok  34.8878 ms  18816 KB  nodes=2529
[566/5247] pysmt | bench_2113.smt2 -> ok  66.6974 ms  22520 KB  nodes=2525
[567/5247] jsmtlib | bench_2113.smt2 -> ok  1495.02 ms  6144 KB  nodes=3274
[568/5247] z3 | bench_2113.smt2 -> ok  27.058 ms  8960 KB  nodes=2525
[569/5247] antlr4 | bench_2113.smt2 -> ok  989.76 ms  10240 KB  nodes=52836
[570/5247] cvc5 | bench_2113.smt2 -> ok  22.8215 ms  17408 KB  nodes=2525
[571/5247] smt-switch | bench_2113.smt2 -> ok  77.5862 ms  18688 KB  nodes=2525
[572/5247] native | bin_eventlogadm_vc330967.smt2 -> ok  37.4574 ms  18688 KB  nodes=2104
[573/5247] pysmt | bin_eventlogadm_vc330967.smt2 -> ok  68.0969 ms  22648 KB  nodes=2124
[574/5247] jsmtlib | bin_eventlogadm_vc330967.smt2 -> ok  1479.82 ms  6144 KB  nodes=5617
[575/5247] z3 | bin_eventlogadm_vc330967.smt2 -> ok  20.559 ms  8192 KB  nodes=4254
[576/5247] antlr4 | bin_eventlogadm_vc330967.smt2 -> ok  652.713 ms  10240 KB  nodes=53379
[577/5247] cvc5 | bin_eventlogadm_vc330967.smt2 -> ok  2027.86 ms  178372 KB  nodes=2112
[578/5247] smt-switch | bin_eventlogadm_vc330967.smt2 -> ok  1919.6 ms  180272 KB  nodes=4254
[579/5247] native | bench_515.smt2 -> ok  24.3629 ms  18432 KB  nodes=1795
[580/5247] pysmt | bench_515.smt2 -> ok  36.2873 ms  22176 KB  nodes=1791
[581/5247] jsmtlib | bench_515.smt2 -> ok  1401.13 ms  4096 KB  nodes=2329
[582/5247] z3 | bench_515.smt2 -> ok  20.487 ms  8704 KB  nodes=1791
[583/5247] antlr4 | bench_515.smt2 -> ok  629.413 ms  8192 KB  nodes=35815
[584/5247] cvc5 | bench_515.smt2 -> ok  517.775 ms  79528 KB  nodes=1791
[585/5247] smt-switch | bench_515.smt2 -> ok  528.831 ms  81568 KB  nodes=1791
[586/5247] native | bench_5353.smt2 -> ok  47.3221 ms  20864 KB  nodes=8343
[587/5247] pysmt | bench_5353.smt2 -> ok  171.869 ms  24936 KB  nodes=8377
[588/5247] jsmtlib | bench_5353.smt2 -> ok  1452.11 ms  14336 KB  nodes=9907
[589/5247] z3 | bench_5353.smt2 -> ok  66.103 ms  11308 KB  nodes=8377
[590/5247] antlr4 | bench_5353.smt2 -> ok  650.042 ms  21504 KB  nodes=159271
[591/5247] cvc5 | bench_5353.smt2 -> ok  67.1222 ms  23168 KB  nodes=8377
[592/5247] smt-switch | bench_5353.smt2 -> ok  163.414 ms  23200 KB  nodes=8377
[593/5247] native | uum32.smt2 -> ok  32.9789 ms  19936 KB  nodes=3899
[594/5247] pysmt | uum32.smt2 -> ok  109.693 ms  25036 KB  nodes=3836
[595/5247] jsmtlib | uum32.smt2 -> fail  1582.29 ms  1664 KB  nodes=0
[596/5247] z3 | uum32.smt2 -> ok  32.884 ms  9596 KB  nodes=3836
[597/5247] antlr4 | uum32.smt2 -> ok  602.062 ms  17408 KB  nodes=122366
[598/5247] cvc5 | uum32.smt2 -> fail  10047.1 ms  1664 KB  nodes=0
[599/5247] smt-switch | uum32.smt2 -> fail  10002.6 ms  1664 KB  nodes=0
[600/5247] native | bench_5134.smt2 -> ok  82.6502 ms  22272 KB  nodes=11132
[601/5247] pysmt | bench_5134.smt2 -> ok  219.947 ms  26512 KB  nodes=11174
[602/5247] jsmtlib | bench_5134.smt2 -> ok  1478.91 ms  16384 KB  nodes=13184
[603/5247] z3 | bench_5134.smt2 -> ok  73.911 ms  12104 KB  nodes=11174
[604/5247] antlr4 | bench_5134.smt2 -> ok  815.516 ms  22072 KB  nodes=211827
[605/5247] cvc5 | bench_5134.smt2 -> ok  96.7099 ms  25088 KB  nodes=11174
[606/5247] smt-switch | bench_5134.smt2 -> ok  251.065 ms  23952 KB  nodes=11174
[607/5247] native | bench_812.smt2 -> ok  41.5477 ms  18304 KB  nodes=1544
[608/5247] pysmt | bench_812.smt2 -> ok  64.0357 ms  22268 KB  nodes=1563
[609/5247] jsmtlib | bench_812.smt2 -> ok  1604.7 ms  4096 KB  nodes=2008
[610/5247] z3 | bench_812.smt2 -> ok  21.1 ms  8576 KB  nodes=1563
[611/5247] antlr4 | bench_812.smt2 -> ok  667.862 ms  7168 KB  nodes=30047
[612/5247] cvc5 | bench_812.smt2 -> ok  483.189 ms  71248 KB  nodes=1563
[613/5247] smt-switch | bench_812.smt2 -> ok  470.568 ms  73360 KB  nodes=1563
[614/5247] native | bench_2270.smt2 -> ok  33.0477 ms  18944 KB  nodes=2842
[615/5247] pysmt | bench_2270.smt2 -> ok  68.135 ms  23016 KB  nodes=2844
[616/5247] jsmtlib | bench_2270.smt2 -> ok  1461.69 ms  6144 KB  nodes=3678
[617/5247] z3 | bench_2270.smt2 -> ok  32.556 ms  9216 KB  nodes=2844
[618/5247] antlr4 | bench_2270.smt2 -> ok  599.9 ms  11264 KB  nodes=59352
[619/5247] cvc5 | bench_2270.smt2 -> fail  10012.9 ms  1664 KB  nodes=0
[620/5247] smt-switch | bench_2270.smt2 -> fail  10018.3 ms  1664 KB  nodes=0
[621/5247] native | bench_887.smt2 -> ok  30.1623 ms  18432 KB  nodes=1808
[622/5247] pysmt | bench_887.smt2 -> ok  40.5984 ms  22280 KB  nodes=1808
[623/5247] jsmtlib | bench_887.smt2 -> ok  1339.99 ms  5120 KB  nodes=2312
[624/5247] z3 | bench_887.smt2 -> ok  17.69 ms  8704 KB  nodes=1808
[625/5247] antlr4 | bench_887.smt2 -> ok  560.692 ms  8192 KB  nodes=35498
[626/5247] cvc5 | bench_887.smt2 -> ok  28.5558 ms  19200 KB  nodes=1808
[627/5247] smt-switch | bench_887.smt2 -> ok  47.7033 ms  20608 KB  nodes=1808
[628/5247] native | bench_14632.smt2 -> ok  35.727 ms  18432 KB  nodes=1389
[629/5247] pysmt | bench_14632.smt2 -> ok  63.3166 ms  22452 KB  nodes=1386
[630/5247] jsmtlib | bench_14632.smt2 -> ok  1315.09 ms  7168 KB  nodes=7580
[631/5247] z3 | bench_14632.smt2 -> ok  22.116 ms  8448 KB  nodes=3648
[632/5247] antlr4 | bench_14632.smt2 -> ok  540.335 ms  12288 KB  nodes=73740
[633/5247] cvc5 | bench_14632.smt2 -> ok  6111.13 ms  65252 KB  nodes=1388
[634/5247] smt-switch | bench_14632.smt2 -> ok  6287.43 ms  67500 KB  nodes=3648
[635/5247] native | bench_1178.smt2 -> ok  35.0023 ms  19072 KB  nodes=3411
[636/5247] pysmt | bench_1178.smt2 -> ok  71.6734 ms  23272 KB  nodes=3423
[637/5247] jsmtlib | bench_1178.smt2 -> ok  1452.24 ms  6144 KB  nodes=4215
[638/5247] z3 | bench_1178.smt2 -> ok  53.211 ms  9728 KB  nodes=3423
[639/5247] antlr4 | bench_1178.smt2 -> ok  603.36 ms  11264 KB  nodes=63110
[640/5247] cvc5 | bench_1178.smt2 -> ok  173.135 ms  22016 KB  nodes=3423
[641/5247] smt-switch | bench_1178.smt2 -> ok  224.819 ms  23424 KB  nodes=3423
[642/5247] native | bench_775.smt2 -> ok  29.8672 ms  18304 KB  nodes=1503
[643/5247] pysmt | bench_775.smt2 -> ok  36.2554 ms  22288 KB  nodes=1499
[644/5247] jsmtlib | bench_775.smt2 -> ok  1304.67 ms  4096 KB  nodes=1956
[645/5247] z3 | bench_775.smt2 -> ok  17.631 ms  8448 KB  nodes=1499
[646/5247] antlr4 | bench_775.smt2 -> ok  530.882 ms  7168 KB  nodes=29827
[647/5247] cvc5 | bench_775.smt2 -> ok  9.83977 ms  17024 KB  nodes=1499
[648/5247] smt-switch | bench_775.smt2 -> ok  30.6266 ms  18560 KB  nodes=1499
[649/5247] native | millionaires.t1.i52.f15c3126.smt2 -> ok  29.589 ms  18048 KB  nodes=1252
[650/5247] pysmt | millionaires.t1.i52.f15c3126.smt2 -> ok  36.6035 ms  22096 KB  nodes=1422
[651/5247] jsmtlib | millionaires.t1.i52.f15c3126.smt2 -> ok  1279.6 ms  4096 KB  nodes=2866
[652/5247] z3 | millionaires.t1.i52.f15c3126.smt2 -> ok  13.281 ms  8064 KB  nodes=2318
[653/5247] antlr4 | millionaires.t1.i52.f15c3126.smt2 -> ok  541.237 ms  7168 KB  nodes=26937
[654/5247] cvc5 | millionaires.t1.i52.f15c3126.smt2 -> ok  40.6505 ms  23168 KB  nodes=1421
[655/5247] smt-switch | millionaires.t1.i52.f15c3126.smt2 -> ok  64.1686 ms  25216 KB  nodes=2318
[656/5247] native | millionaires.t1.i61.22e096a1.smt2 -> ok  29.4282 ms  18304 KB  nodes=1170
[657/5247] pysmt | millionaires.t1.i61.22e096a1.smt2 -> ok  28.8522 ms  22208 KB  nodes=1358
[658/5247] jsmtlib | millionaires.t1.i61.22e096a1.smt2 -> ok  1295.63 ms  4096 KB  nodes=2724
[659/5247] z3 | millionaires.t1.i61.22e096a1.smt2 -> ok  19.73 ms  7936 KB  nodes=2182
[660/5247] antlr4 | millionaires.t1.i61.22e096a1.smt2 -> ok  533.601 ms  7168 KB  nodes=25475
[661/5247] cvc5 | millionaires.t1.i61.22e096a1.smt2 -> ok  24.0681 ms  20608 KB  nodes=1357
[662/5247] smt-switch | millionaires.t1.i61.22e096a1.smt2 -> ok  39.0685 ms  22400 KB  nodes=2182
[663/5247] native | bench_14339.smt2 -> ok  30.0523 ms  17920 KB  nodes=463
[664/5247] pysmt | bench_14339.smt2 -> ok  28.2538 ms  21872 KB  nodes=477
[665/5247] jsmtlib | bench_14339.smt2 -> ok  1289.09 ms  4096 KB  nodes=2895
[666/5247] z3 | bench_14339.smt2 -> ok  14.911 ms  8064 KB  nodes=1331
[667/5247] antlr4 | bench_14339.smt2 -> ok  554.195 ms  7168 KB  nodes=27346
[668/5247] cvc5 | bench_14339.smt2 -> ok  2658.44 ms  49140 KB  nodes=476
[669/5247] smt-switch | bench_14339.smt2 -> ok  2639.96 ms  51184 KB  nodes=1331
[670/5247] native | run_03230.trace.cond_028751_0x4183c4_00. -> ok  29.2838 ms  18688 KB  nodes=2247
[671/5247] pysmt | run_03230.trace.cond_028751_0x4183c4_00. -> ok  55.0957 ms  22588 KB  nodes=2323
[672/5247] jsmtlib | run_03230.trace.cond_028751_0x4183c4_00. -> ok  1221.68 ms  6144 KB  nodes=2642
[673/5247] z3 | run_03230.trace.cond_028751_0x4183c4_00. -> ok  17.071 ms  8576 KB  nodes=2323
[674/5247] antlr4 | run_03230.trace.cond_028751_0x4183c4_00. -> ok  524.983 ms  9216 KB  nodes=47078
[675/5247] cvc5 | run_03230.trace.cond_028751_0x4183c4_00. -> ok  30.697 ms  20992 KB  nodes=2323
[676/5247] smt-switch | run_03230.trace.cond_028751_0x4183c4_00. -> ok  57.2693 ms  22528 KB  nodes=2323
[677/5247] native | bench_5.smt2 -> ok  25.4301 ms  18432 KB  nodes=1723
[678/5247] pysmt | bench_5.smt2 -> ok  29.639 ms  22260 KB  nodes=1720
[679/5247] jsmtlib | bench_5.smt2 -> ok  1143 ms  4096 KB  nodes=2147
[680/5247] z3 | bench_5.smt2 -> ok  23.845 ms  8832 KB  nodes=1720
[681/5247] antlr4 | bench_5.smt2 -> ok  503.345 ms  8192 KB  nodes=31639
[682/5247] cvc5 | bench_5.smt2 -> ok  463.027 ms  81964 KB  nodes=1720
[683/5247] smt-switch | bench_5.smt2 -> ok  476.563 ms  84012 KB  nodes=1720
[684/5247] native | bench_249.smt2 -> ok  23.1446 ms  18560 KB  nodes=2100
[685/5247] pysmt | bench_249.smt2 -> ok  41.6892 ms  22412 KB  nodes=2096
[686/5247] jsmtlib | bench_249.smt2 -> ok  1225.33 ms  5120 KB  nodes=2724
[687/5247] z3 | bench_249.smt2 -> ok  49.816 ms  8704 KB  nodes=2096
[688/5247] antlr4 | bench_249.smt2 -> ok  675.174 ms  9216 KB  nodes=42126
[689/5247] cvc5 | bench_249.smt2 -> ok  1757.57 ms  98004 KB  nodes=2096
[690/5247] smt-switch | bench_249.smt2 -> ok  1590.96 ms  100460 KB  nodes=2096
[691/5247] native | bench_17442.smt2 -> ok  32.8304 ms  18432 KB  nodes=1056
[692/5247] pysmt | bench_17442.smt2 -> ok  91.9986 ms  22448 KB  nodes=1056
[693/5247] jsmtlib | bench_17442.smt2 -> ok  1192.19 ms  11264 KB  nodes=12230
[694/5247] z3 | bench_17442.smt2 -> ok  21.487 ms  8448 KB  nodes=5066
[695/5247] antlr4 | bench_17442.smt2 -> ok  482.416 ms  17408 KB  nodes=124200
[696/5247] cvc5 | bench_17442.smt2 -> fail  10039.8 ms  1664 KB  nodes=0
[697/5247] smt-switch | bench_17442.smt2 -> fail  10045.7 ms  1664 KB  nodes=0
[698/5247] native | test_v7_r17_vr1_c1_s30331.smt2 -> ok  6858.85 ms  60460 KB  nodes=95172
[699/5247] pysmt | test_v7_r17_vr1_c1_s30331.smt2 -> ok  3244.78 ms  255788 KB  nodes=48675
[700/5247] jsmtlib | test_v7_r17_vr1_c1_s30331.smt2 -> ok  1950.34 ms  26974 KB  nodes=48511
[701/5247] z3 | test_v7_r17_vr1_c1_s30331.smt2 -> fail  10046.6 ms  1664 KB  nodes=0
[702/5247] antlr4 | test_v7_r17_vr1_c1_s30331.smt2 -> ok  1545.92 ms  214736 KB  nodes=1940562
[703/5247] cvc5 | test_v7_r17_vr1_c1_s30331.smt2 -> fail  10049.6 ms  1664 KB  nodes=0
[704/5247] smt-switch | test_v7_r17_vr1_c1_s30331.smt2 -> fail  10010.7 ms  1664 KB  nodes=0
[705/5247] native | bench_772.smt2 -> ok  773.631 ms  72280 KB  nodes=137457
[706/5247] pysmt | bench_772.smt2 -> ok  4123 ms  76540 KB  nodes=137601
[707/5247] jsmtlib | bench_772.smt2 -> fail  2290 ms  1664 KB  nodes=0
[708/5247] z3 | bench_772.smt2 -> ok  916.028 ms  123376 KB  nodes=137601
[709/5247] antlr4 | bench_772.smt2 -> fail  1658.1 ms  1664 KB  nodes=0
[710/5247] cvc5 | bench_772.smt2 -> ok  951.214 ms  97540 KB  nodes=137601
[711/5247] smt-switch | bench_772.smt2 -> ok  2722.3 ms  71840 KB  nodes=137601
[712/5247] native | bin_eventlogadm_vc331102.smt2 -> ok  72.4056 ms  20824 KB  nodes=7300
[713/5247] pysmt | bin_eventlogadm_vc331102.smt2 -> ok  224.93 ms  26096 KB  nodes=7321
[714/5247] jsmtlib | bin_eventlogadm_vc331102.smt2 -> ok  1714.63 ms  16384 KB  nodes=19866
[715/5247] z3 | bin_eventlogadm_vc331102.smt2 -> ok  46.53 ms  9088 KB  nodes=15181
[716/5247] antlr4 | bin_eventlogadm_vc331102.smt2 -> ok  932.146 ms  19796 KB  nodes=185601
[717/5247] cvc5 | bin_eventlogadm_vc331102.smt2 -> ok  3878.95 ms  333632 KB  nodes=7309
[718/5247] smt-switch | bin_eventlogadm_vc331102.smt2 -> ok  3711.15 ms  335136 KB  nodes=15181
[719/5247] native | bench_423.smt2 -> ok  415.223 ms  44640 KB  nodes=68417
[720/5247] pysmt | bench_423.smt2 -> ok  1487.38 ms  51388 KB  nodes=68636
[721/5247] jsmtlib | bench_423.smt2 -> fail  2199.63 ms  1664 KB  nodes=0
[722/5247] z3 | bench_423.smt2 -> ok  993.534 ms  62956 KB  nodes=68636
[723/5247] antlr4 | bench_423.smt2 -> ok  4347.12 ms  132816 KB  nodes=1185684
[724/5247] cvc5 | bench_423.smt2 -> ok  2158.72 ms  86196 KB  nodes=68636
[725/5247] smt-switch | bench_423.smt2 -> ok  2591.78 ms  69764 KB  nodes=68636
[726/5247] native | dualexecution.t1.i15.6cf4a8fe.smt2 -> ok  731.59 ms  23552 KB  nodes=5626
[727/5247] pysmt | dualexecution.t1.i15.6cf4a8fe.smt2 -> ok  2513.94 ms  34192 KB  nodes=29626
[728/5247] jsmtlib | dualexecution.t1.i15.6cf4a8fe.smt2 -> ok  2285.67 ms  42059 KB  nodes=106190
[729/5247] z3 | dualexecution.t1.i15.6cf4a8fe.smt2 -> ok  649.532 ms  14760 KB  nodes=42176
[730/5247] antlr4 | dualexecution.t1.i15.6cf4a8fe.smt2 -> ok  1613.68 ms  182469 KB  nodes=1660779
[731/5247] cvc5 | dualexecution.t1.i15.6cf4a8fe.smt2 -> ok  683.392 ms  43888 KB  nodes=29625
[732/5247] smt-switch | dualexecution.t1.i15.6cf4a8fe.smt2 -> ok  1696.38 ms  39360 KB  nodes=42176
[733/5247] native | bench_739.smt2 -> ok  795.293 ms  73304 KB  nodes=139925
[734/5247] pysmt | bench_739.smt2 -> ok  3878.15 ms  77136 KB  nodes=140069
[735/5247] jsmtlib | bench_739.smt2 -> fail  2121.77 ms  1664 KB  nodes=0
[736/5247] z3 | bench_739.smt2 -> ok  923.308 ms  123360 KB  nodes=140069
[737/5247] antlr4 | bench_739.smt2 -> fail  1580.03 ms  1664 KB  nodes=0
[738/5247] cvc5 | bench_739.smt2 -> ok  1105.62 ms  98876 KB  nodes=140069
[739/5247] smt-switch | bench_739.smt2 -> ok  3054.97 ms  72340 KB  nodes=140069
[740/5247] native | bin_eventlogadm_vc352874.smt2 -> ok  204.255 ms  29236 KB  nodes=28105
[741/5247] pysmt | bin_eventlogadm_vc352874.smt2 -> ok  1121.98 ms  37428 KB  nodes=28129
[742/5247] jsmtlib | bin_eventlogadm_vc352874.smt2 -> ok  2160.44 ms  34132 KB  nodes=80008
[743/5247] z3 | bin_eventlogadm_vc352874.smt2 -> ok  188.683 ms  21384 KB  nodes=61938
[744/5247] antlr4 | bin_eventlogadm_vc352874.smt2 -> ok  1607.69 ms  81104 KB  nodes=736614
[745/5247] cvc5 | bin_eventlogadm_vc352874.smt2 -> fail  10036.4 ms  1664 KB  nodes=0
[746/5247] smt-switch | bin_eventlogadm_vc352874.smt2 -> fail  10038 ms  1664 KB  nodes=0
[747/5247] native | bin_libsmbsharemodes_vc7118.smt2 -> ok  75.4867 ms  22184 KB  nodes=10488
[748/5247] pysmt | bin_libsmbsharemodes_vc7118.smt2 -> ok  374.341 ms  27232 KB  nodes=10510
[749/5247] jsmtlib | bin_libsmbsharemodes_vc7118.smt2 -> ok  2006.81 ms  3400 KB  nodes=28484
[750/5247] z3 | bin_libsmbsharemodes_vc7118.smt2 -> ok  62.846 ms  9708 KB  nodes=21762
[751/5247] antlr4 | bin_libsmbsharemodes_vc7118.smt2 -> ok  1108.51 ms  27856 KB  nodes=264927
[752/5247] cvc5 | bin_libsmbsharemodes_vc7118.smt2 -> ok  4714.45 ms  346616 KB  nodes=10497
[753/5247] smt-switch | bin_libsmbsharemodes_vc7118.smt2 -> ok  3967.53 ms  349416 KB  nodes=21762
[754/5247] native | bench_6926.smt2 -> ok  125.567 ms  19456 KB  nodes=2824
[755/5247] pysmt | bench_6926.smt2 -> ok  488.713 ms  23528 KB  nodes=2818
[756/5247] jsmtlib | bench_6926.smt2 -> ok  1869 ms  14656 KB  nodes=47947
[757/5247] z3 | bench_6926.smt2 -> ok  92.243 ms  9300 KB  nodes=20204
[758/5247] antlr4 | bench_6926.smt2 -> ok  1018.09 ms  52411 KB  nodes=481456
[759/5247] cvc5 | bench_6926.smt2 -> fail  10005.3 ms  1664 KB  nodes=0
[760/5247] smt-switch | bench_6926.smt2 -> fail  10046.2 ms  1664 KB  nodes=0
[761/5247] native | bench_431.smt2 -> ok  861.035 ms  76908 KB  nodes=148335
[762/5247] pysmt | bench_431.smt2 -> ok  3828.83 ms  79640 KB  nodes=148483
[763/5247] jsmtlib | bench_431.smt2 -> fail  2118.67 ms  1664 KB  nodes=0
[764/5247] z3 | bench_431.smt2 -> ok  855.022 ms  123900 KB  nodes=148483
[765/5247] antlr4 | bench_431.smt2 -> fail  1433.52 ms  1664 KB  nodes=0
[766/5247] cvc5 | bench_431.smt2 -> ok  935.894 ms  103404 KB  nodes=148483
[767/5247] smt-switch | bench_431.smt2 -> ok  2648.55 ms  74468 KB  nodes=148483
[768/5247] native | predicate_1988.smt2 -> ok  120.931 ms  25216 KB  nodes=17347
[769/5247] pysmt | predicate_1988.smt2 -> ok  498.019 ms  27808 KB  nodes=7569
[770/5247] jsmtlib | predicate_1988.smt2 -> ok  1630.93 ms  13648 KB  nodes=15611
[771/5247] z3 | predicate_1988.smt2 -> ok  12200.8 ms  253468 KB  nodes=147623
[772/5247] antlr4 | predicate_1988.smt2 -> ok  1002.73 ms  50713 KB  nodes=459779
[773/5247] cvc5 | predicate_1988.smt2 -> ok  270.669 ms  40040 KB  nodes=22945
[774/5247] smt-switch | predicate_1988.smt2 -> ok  579.892 ms  25472 KB  nodes=147623
[775/5247] native | bin_libsmbsharemodes_vc7661.smt2 -> ok  84.4032 ms  23484 KB  nodes=14241
[776/5247] pysmt | bin_libsmbsharemodes_vc7661.smt2 -> ok  413.617 ms  29652 KB  nodes=14261
[777/5247] jsmtlib | bin_libsmbsharemodes_vc7661.smt2 -> ok  1666.43 ms  10576 KB  nodes=38867
[778/5247] z3 | bin_libsmbsharemodes_vc7661.smt2 -> ok  65.241 ms  10280 KB  nodes=29765
[779/5247] antlr4 | bin_libsmbsharemodes_vc7661.smt2 -> ok  832.825 ms  39120 KB  nodes=360478
[780/5247] cvc5 | bin_libsmbsharemodes_vc7661.smt2 -> ok  5925.76 ms  489252 KB  nodes=14250
[781/5247] smt-switch | bin_libsmbsharemodes_vc7661.smt2 -> ok  6472.05 ms  492976 KB  nodes=29765
[782/5247] native | bench_10929.smt2 -> ok  68.4188 ms  19200 KB  nodes=2478
[783/5247] pysmt | bench_10929.smt2 -> ok  316.526 ms  23160 KB  nodes=2469
[784/5247] jsmtlib | bench_10929.smt2 -> ok  1622.12 ms  13676 KB  nodes=45284
[785/5247] z3 | bench_10929.smt2 -> ok  70.313 ms  9348 KB  nodes=19102
[786/5247] antlr4 | bench_10929.smt2 -> ok  902.217 ms  49360 KB  nodes=454566
[787/5247] cvc5 | bench_10929.smt2 -> fail  10048.7 ms  1664 KB  nodes=0
[788/5247] smt-switch | bench_10929.smt2 -> fail  10048.7 ms  1664 KB  nodes=0
[789/5247] native | bench_17028.smt2 -> ok  85.3186 ms  18816 KB  nodes=890
[790/5247] pysmt | bench_17028.smt2 -> ok  358.405 ms  22252 KB  nodes=922
[791/5247] jsmtlib | bench_17028.smt2 -> ok  1785.55 ms  9672 KB  nodes=42876
[792/5247] z3 | bench_17028.smt2 -> ok  69.865 ms  8660 KB  nodes=18403
[793/5247] antlr4 | bench_17028.smt2 -> ok  970.643 ms  43728 KB  nodes=400716
[794/5247] cvc5 | bench_17028.smt2 -> ok  430.044 ms  38800 KB  nodes=921
[795/5247] smt-switch | bench_17028.smt2 -> ok  637.382 ms  40696 KB  nodes=18403
[796/5247] native | bench_3631.smt2 -> ok  6399.55 ms  18432 KB  nodes=941
[797/5247] pysmt | bench_3631.smt2 -> ok  240.735 ms  22124 KB  nodes=954
[798/5247] jsmtlib | bench_3631.smt2 -> ok  1640.08 ms  3416 KB  nodes=26337
[799/5247] z3 | bench_3631.smt2 -> ok  57.925 ms  8572 KB  nodes=11341
[800/5247] antlr4 | bench_3631.smt2 -> ok  714.059 ms  26144 KB  nodes=258771
[801/5247] cvc5 | bench_3631.smt2 -> ok  7849.66 ms  118844 KB  nodes=955
[802/5247] smt-switch | bench_3631.smt2 -> ok  6841.25 ms  119200 KB  nodes=11341
[803/5247] native | bench_81.smt2 -> ok  430.137 ms  24576 KB  nodes=3715
[804/5247] pysmt | bench_81.smt2 -> timeout  10000 ms  24552 KB  nodes=3700
[805/5247] jsmtlib | bench_81.smt2 -> ok  2526.99 ms  55328 KB  nodes=353490
[806/5247] z3 | bench_81.smt2 -> ok  508.24 ms  14208 KB  nodes=131595
[807/5247] antlr4 | bench_81.smt2 -> ok  2218.11 ms  428513 KB  nodes=3906515
[808/5247] cvc5 | bench_81.smt2 -> ok  5784.2 ms  117468 KB  nodes=3710
[809/5247] smt-switch | bench_81.smt2 -> ok  7847.43 ms  119700 KB  nodes=131595
[810/5247] native | SRAI-SAFE-128-128.smt2 -> ok  74.7484 ms  24696 KB  nodes=16507
[811/5247] pysmt | SRAI-SAFE-128-128.smt2 -> ok  437.787 ms  53608 KB  nodes=8812
[812/5247] jsmtlib | SRAI-SAFE-128-128.smt2 -> ok  1513.95 ms  4440 KB  nodes=8184
[813/5247] z3 | SRAI-SAFE-128-128.smt2 -> fail  10046.3 ms  1664 KB  nodes=0
[814/5247] antlr4 | SRAI-SAFE-128-128.smt2 -> ok  795.866 ms  37072 KB  nodes=333182
[815/5247] cvc5 | SRAI-SAFE-128-128.smt2 -> fail  10048.9 ms  1664 KB  nodes=0
[816/5247] smt-switch | SRAI-SAFE-128-128.smt2 -> fail  10047.7 ms  1664 KB  nodes=0
[817/5247] native | bench_7469.smt2 -> ok  1011.36 ms  78908 KB  nodes=153627
[818/5247] pysmt | bench_7469.smt2 -> ok  4333.59 ms  81468 KB  nodes=153775
[819/5247] jsmtlib | bench_7469.smt2 -> fail  2398.17 ms  1664 KB  nodes=0
[820/5247] z3 | bench_7469.smt2 -> ok  1018.03 ms  124220 KB  nodes=153775
[821/5247] antlr4 | bench_7469.smt2 -> fail  1720.35 ms  1664 KB  nodes=0
[822/5247] cvc5 | bench_7469.smt2 -> ok  1088.87 ms  106432 KB  nodes=153775
[823/5247] smt-switch | bench_7469.smt2 -> ok  3129.18 ms  75760 KB  nodes=153775
[824/5247] native | bench_333.smt2 -> ok  1178.98 ms  77620 KB  nodes=150205
[825/5247] pysmt | bench_333.smt2 -> ok  4758.14 ms  80544 KB  nodes=150353
[826/5247] jsmtlib | bench_333.smt2 -> fail  2494.37 ms  1664 KB  nodes=0
[827/5247] z3 | bench_333.smt2 -> timeout  10000 ms  123940 KB  nodes=150353
[828/5247] antlr4 | bench_333.smt2 -> fail  1796.63 ms  1664 KB  nodes=0
[829/5247] cvc5 | bench_333.smt2 -> ok  1101.59 ms  104372 KB  nodes=150353
[830/5247] smt-switch | bench_333.smt2 -> ok  3233.37 ms  74812 KB  nodes=150353
[831/5247] native | bench_2702.smt2 -> ok  195.942 ms  30976 KB  nodes=33421
[832/5247] pysmt | bench_2702.smt2 -> ok  7353.94 ms  34856 KB  nodes=33524
[833/5247] jsmtlib | bench_2702.smt2 -> fail  2269.14 ms  1664 KB  nodes=0
[834/5247] z3 | bench_2702.smt2 -> ok  263.855 ms  31292 KB  nodes=33524
[835/5247] antlr4 | bench_2702.smt2 -> ok  1216.05 ms  71376 KB  nodes=636670
[836/5247] cvc5 | bench_2702.smt2 -> ok  194.921 ms  33212 KB  nodes=33524
[837/5247] smt-switch | bench_2702.smt2 -> ok  628.754 ms  28612 KB  nodes=33524
[838/5247] native | bench_1561.smt2 -> ok  402.436 ms  45476 KB  nodes=69672
[839/5247] pysmt | bench_1561.smt2 -> ok  1957.26 ms  49820 KB  nodes=69800
[840/5247] jsmtlib | bench_1561.smt2 -> fail  2666.26 ms  1664 KB  nodes=0
[841/5247] z3 | bench_1561.smt2 -> ok  494.043 ms  61604 KB  nodes=69800
[842/5247] antlr4 | bench_1561.smt2 -> fail  1514.95 ms  1664 KB  nodes=0
[843/5247] cvc5 | bench_1561.smt2 -> ok  584.722 ms  59144 KB  nodes=69800
[844/5247] smt-switch | bench_1561.smt2 -> ok  1510.52 ms  44520 KB  nodes=69800
[845/5247] native | bench_12388.smt2 -> ok  136.015 ms  20352 KB  nodes=3943
[846/5247] pysmt | bench_12388.smt2 -> ok  846.918 ms  24208 KB  nodes=3935
[847/5247] jsmtlib | bench_12388.smt2 -> ok  2116.82 ms  5467 KB  nodes=85311
[848/5247] z3 | bench_12388.smt2 -> ok  158.413 ms  10368 KB  nodes=35309
[849/5247] antlr4 | bench_12388.smt2 -> ok  1324.78 ms  94416 KB  nodes=860157
[850/5247] cvc5 | bench_12388.smt2 -> fail  10010.5 ms  1664 KB  nodes=0
[851/5247] smt-switch | bench_12388.smt2 -> fail  10019.5 ms  1664 KB  nodes=0
[852/5247] native | bench_296.smt2 -> ok  571.819 ms  44636 KB  nodes=68451
[853/5247] pysmt | bench_296.smt2 -> ok  2180.58 ms  51044 KB  nodes=68669
[854/5247] jsmtlib | bench_296.smt2 -> fail  2467.87 ms  1664 KB  nodes=0
[855/5247] z3 | bench_296.smt2 -> ok  514.016 ms  63400 KB  nodes=68669
[856/5247] antlr4 | bench_296.smt2 -> ok  2013.46 ms  130256 KB  nodes=1186308
[857/5247] cvc5 | bench_296.smt2 -> ok  2080.8 ms  86260 KB  nodes=68669
[858/5247] smt-switch | bench_296.smt2 -> ok  2969.3 ms  69868 KB  nodes=68669
[859/5247] native | bench_1639.smt2 -> ok  427.469 ms  44384 KB  nodes=65838
[860/5247] pysmt | bench_1639.smt2 -> ok  2459.77 ms  48684 KB  nodes=65960
[861/5247] jsmtlib | bench_1639.smt2 -> fail  2504 ms  1664 KB  nodes=0
[862/5247] z3 | bench_1639.smt2 -> ok  772.725 ms  63860 KB  nodes=65960
[863/5247] antlr4 | bench_1639.smt2 -> fail  2054.45 ms  1664 KB  nodes=0
[864/5247] cvc5 | bench_1639.smt2 -> ok  733.042 ms  57488 KB  nodes=65960
[865/5247] smt-switch | bench_1639.smt2 -> ok  2630.03 ms  43080 KB  nodes=65960
[866/5247] native | bin_libsmbclient_vc1225698.smt2 -> ok  78.0711 ms  21244 KB  nodes=8526
[867/5247] pysmt | bin_libsmbclient_vc1225698.smt2 -> ok  346.123 ms  26552 KB  nodes=8547
[868/5247] jsmtlib | bin_libsmbclient_vc1225698.smt2 -> ok  2413.4 ms  21504 KB  nodes=23638
[869/5247] z3 | bin_libsmbclient_vc1225698.smt2 -> ok  70.398 ms  9388 KB  nodes=18163
[870/5247] antlr4 | bin_libsmbclient_vc1225698.smt2 -> ok  1220.21 ms  23220 KB  nodes=221525
[871/5247] cvc5 | bin_libsmbclient_vc1225698.smt2 -> ok  3485.67 ms  306528 KB  nodes=8535
[872/5247] smt-switch | bin_libsmbclient_vc1225698.smt2 -> ok  3631.63 ms  307896 KB  nodes=18163
[873/5247] native | bench_882.smt2 -> ok  7191.39 ms  67196 KB  nodes=124139
[874/5247] pysmt | bench_882.smt2 -> ok  4168.83 ms  72084 KB  nodes=124281
[875/5247] jsmtlib | bench_882.smt2 -> fail  2880.79 ms  1664 KB  nodes=0
[876/5247] z3 | bench_882.smt2 -> ok  1048.33 ms  127176 KB  nodes=124281
[877/5247] antlr4 | bench_882.smt2 -> fail  2822.57 ms  1664 KB  nodes=0
[878/5247] cvc5 | bench_882.smt2 -> ok  1061.81 ms  90348 KB  nodes=124281
[879/5247] smt-switch | bench_882.smt2 -> ok  3171.86 ms  63804 KB  nodes=124281
[880/5247] native | bench_17560.smt2 -> ok  204.018 ms  22656 KB  nodes=10434
[881/5247] pysmt | bench_17560.smt2 -> ok  1375.19 ms  26808 KB  nodes=10475
[882/5247] jsmtlib | bench_17560.smt2 -> ok  2561.64 ms  11625 KB  nodes=89650
[883/5247] z3 | bench_17560.smt2 -> ok  255.587 ms  12000 KB  nodes=61214
[884/5247] antlr4 | bench_17560.smt2 -> ok  2128.11 ms  107728 KB  nodes=972740
[885/5247] cvc5 | bench_17560.smt2 -> fail  10045.5 ms  1664 KB  nodes=0
[886/5247] smt-switch | bench_17560.smt2 -> fail  10022 ms  1664 KB  nodes=0
[887/5247] native | laby_20_20_04.lp.smt2 -> fail  10045.8 ms  1664 KB  nodes=0
[888/5247] pysmt | laby_20_20_04.lp.smt2 -> fail  10050.3 ms  1664 KB  nodes=0
[889/5247] jsmtlib | laby_20_20_04.lp.smt2 -> fail  10000.6 ms  1664 KB  nodes=0
[890/5247] z3 | laby_20_20_04.lp.smt2 -> fail  10001.2 ms  1664 KB  nodes=0
[891/5247] antlr4 | laby_20_20_04.lp.smt2 -> fail  10015.7 ms  1664 KB  nodes=0
[892/5247] cvc5 | laby_20_20_04.lp.smt2 -> fail  10010.1 ms  1664 KB  nodes=0
[893/5247] smt-switch | laby_20_20_04.lp.smt2 -> fail  10018.9 ms  1664 KB  nodes=0
[894/5247] native | rand_80_340_1159656267_11.lp.smt2 -> ok  381.003 ms  33508 KB  nodes=39289
[895/5247] pysmt | rand_80_340_1159656267_11.lp.smt2 -> ok  1989.78 ms  39040 KB  nodes=41073
[896/5247] jsmtlib | rand_80_340_1159656267_11.lp.smt2 -> ok  4767.09 ms  32056 KB  nodes=56238
[897/5247] z3 | rand_80_340_1159656267_11.lp.smt2 -> ok  554.528 ms  25356 KB  nodes=41073
[898/5247] antlr4 | rand_80_340_1159656267_11.lp.smt2 -> ok  3478.22 ms  88436 KB  nodes=761251
[899/5247] cvc5 | rand_80_340_1159656267_11.lp.smt2 -> fail  10030.2 ms  1664 KB  nodes=0
[900/5247] smt-switch | rand_80_340_1159656267_11.lp.smt2 -> fail  10032.1 ms  1664 KB  nodes=0
[901/5247] native | bench_6769.smt2 -> ok  1474.04 ms  80104 KB  nodes=156395
[902/5247] pysmt | bench_6769.smt2 -> fail  10021.2 ms  1664 KB  nodes=0
[903/5247] jsmtlib | bench_6769.smt2 -> fail  5234.86 ms  1664 KB  nodes=0
[904/5247] z3 | bench_6769.smt2 -> ok  2463.98 ms  123760 KB  nodes=156547
[905/5247] antlr4 | bench_6769.smt2 -> fail  4195.88 ms  1664 KB  nodes=0
[906/5247] cvc5 | bench_6769.smt2 -> ok  3615.68 ms  136408 KB  nodes=156547
[907/5247] smt-switch | bench_6769.smt2 -> ok  7480.35 ms  102824 KB  nodes=156547
[908/5247] native | bench_430.smt2 -> ok  831.736 ms  44588 KB  nodes=68409
[909/5247] pysmt | bench_430.smt2 -> ok  9767.4 ms  50804 KB  nodes=68627
[910/5247] jsmtlib | bench_430.smt2 -> fail  3702.56 ms  1664 KB  nodes=0
[911/5247] z3 | bench_430.smt2 -> ok  888.233 ms  63204 KB  nodes=68627
[912/5247] antlr4 | bench_430.smt2 -> ok  3886.4 ms  131303 KB  nodes=1185574
[913/5247] cvc5 | bench_430.smt2 -> ok  2954.12 ms  86904 KB  nodes=68627
[914/5247] smt-switch | bench_430.smt2 -> ok  5064.06 ms  69308 KB  nodes=68627
[915/5247] native | bench_4426.smt2 -> ok  275.957 ms  26624 KB  nodes=22209
[916/5247] pysmt | bench_4426.smt2 -> ok  1293.68 ms  31992 KB  nodes=22271
[917/5247] jsmtlib | bench_4426.smt2 -> ok  3276.67 ms  17576 KB  nodes=26035
[918/5247] z3 | bench_4426.smt2 -> ok  421.08 ms  30668 KB  nodes=22271
[919/5247] antlr4 | bench_4426.smt2 -> ok  2322.78 ms  47824 KB  nodes=420004
[920/5247] cvc5 | bench_4426.smt2 -> ok  409.053 ms  32392 KB  nodes=22271
[921/5247] smt-switch | bench_4426.smt2 -> ok  802.693 ms  28848 KB  nodes=22271
[922/5247] native | bench_352.smt2 -> ok  615.238 ms  44532 KB  nodes=68444
[923/5247] pysmt | bench_352.smt2 -> ok  3250.87 ms  50776 KB  nodes=68663
[924/5247] jsmtlib | bench_352.smt2 -> fail  4140.46 ms  1664 KB  nodes=0
[925/5247] z3 | bench_352.smt2 -> ok  936.112 ms  63396 KB  nodes=68663
[926/5247] antlr4 | bench_352.smt2 -> ok  3633.74 ms  132816 KB  nodes=1186151
[927/5247] cvc5 | bench_352.smt2 -> ok  3193.9 ms  86924 KB  nodes=68663
[928/5247] smt-switch | bench_352.smt2 -> ok  4152.02 ms  69512 KB  nodes=68663
[929/5247] native | bench_9112.smt2 -> ok  329.937 ms  20608 KB  nodes=2269
[930/5247] pysmt | bench_9112.smt2 -> ok  2266.42 ms  23276 KB  nodes=2290
[931/5247] jsmtlib | bench_9112.smt2 -> ok  3411.44 ms  43847 KB  nodes=130507
[932/5247] z3 | bench_9112.smt2 -> ok  445.518 ms  10368 KB  nodes=52694
[933/5247] antlr4 | bench_9112.smt2 -> ok  3052.26 ms  145994 KB  nodes=1331449
[934/5247] cvc5 | bench_9112.smt2 -> fail  10043.5 ms  1664 KB  nodes=0
[935/5247] smt-switch | bench_9112.smt2 -> fail  10010.4 ms  1664 KB  nodes=0
[936/5247] native | predicate_2734.smt2 -> ok  513.563 ms  28032 KB  nodes=23749
[937/5247] pysmt | predicate_2734.smt2 -> ok  2789.71 ms  29348 KB  nodes=10398
[938/5247] jsmtlib | predicate_2734.smt2 -> ok  2927.95 ms  24908 KB  nodes=21591
[939/5247] z3 | predicate_2734.smt2 -> fail  10048.2 ms  1664 KB  nodes=0
[940/5247] antlr4 | predicate_2734.smt2 -> ok  3136.06 ms  73311 KB  nodes=646927
[941/5247] cvc5 | predicate_2734.smt2 -> ok  909.327 ms  47024 KB  nodes=31421
[942/5247] smt-switch | predicate_2734.smt2 -> ok  2341.72 ms  26240 KB  nodes=224202
[943/5247] native | bin_libmsrpc_vc1228555.smt2 -> ok  259.755 ms  22976 KB  nodes=12963
[944/5247] pysmt | bin_libmsrpc_vc1228555.smt2 -> ok  929.513 ms  28784 KB  nodes=12988
[945/5247] jsmtlib | bin_libmsrpc_vc1228555.smt2 -> ok  2720.92 ms  4428 KB  nodes=35888
[946/5247] z3 | bin_libmsrpc_vc1228555.smt2 -> ok  228.438 ms  9612 KB  nodes=27589
[947/5247] antlr4 | bin_libmsrpc_vc1228555.smt2 -> ok  2293.18 ms  36048 KB  nodes=335281
[948/5247] cvc5 | bin_libmsrpc_vc1228555.smt2 -> fail  10014.9 ms  1664 KB  nodes=0
[949/5247] smt-switch | bin_libmsrpc_vc1228555.smt2 -> fail  10021 ms  1664 KB  nodes=0
[950/5247] native | bench_18.smt2 -> ok  889.078 ms  44752 KB  nodes=68713
[951/5247] pysmt | bench_18.smt2 -> timeout  10000 ms  50672 KB  nodes=68928
[952/5247] jsmtlib | bench_18.smt2 -> fail  4306.1 ms  1664 KB  nodes=0
[953/5247] z3 | bench_18.smt2 -> ok  916.041 ms  63444 KB  nodes=68928
[954/5247] antlr4 | bench_18.smt2 -> ok  3717.17 ms  132118 KB  nodes=1190789
[955/5247] cvc5 | bench_18.smt2 -> ok  3404.66 ms  86772 KB  nodes=68928
[956/5247] smt-switch | bench_18.smt2 -> ok  4119.17 ms  69880 KB  nodes=68928
[957/5247] native | bench_4822.smt2 -> ok  193.355 ms  25600 KB  nodes=19797
[958/5247] pysmt | bench_4822.smt2 -> ok  1077.28 ms  29116 KB  nodes=19847
[959/5247] jsmtlib | bench_4822.smt2 -> ok  2816.59 ms  15108 KB  nodes=23208
[960/5247] z3 | bench_4822.smt2 -> ok  6615.35 ms  14592 KB  nodes=19847
[961/5247] antlr4 | bench_4822.smt2 -> ok  2077.86 ms  40144 KB  nodes=374259
[962/5247] cvc5 | bench_4822.smt2 -> ok  331.606 ms  28832 KB  nodes=19847
[963/5247] smt-switch | bench_4822.smt2 -> ok  736.164 ms  25988 KB  nodes=19847
[964/5247] native | bench_5009.smt2 -> ok  123.841 ms  23808 KB  nodes=15418
[965/5247] pysmt | bench_5009.smt2 -> ok  661.76 ms  27812 KB  nodes=15466
[966/5247] jsmtlib | bench_5009.smt2 -> ok  2953.61 ms  9092 KB  nodes=18141
[967/5247] z3 | bench_5009.smt2 -> ok  189.28 ms  13488 KB  nodes=15466
[968/5247] antlr4 | bench_5009.smt2 -> ok  1788.07 ms  30532 KB  nodes=292459
[969/5247] cvc5 | bench_5009.smt2 -> ok  195.362 ms  27620 KB  nodes=15466
[970/5247] smt-switch | bench_5009.smt2 -> ok  871.896 ms  25308 KB  nodes=15466
[971/5247] native | bench_196.smt2 -> ok  650.134 ms  44640 KB  nodes=68592
[972/5247] pysmt | bench_196.smt2 -> ok  3411.13 ms  51136 KB  nodes=68807
[973/5247] jsmtlib | bench_196.smt2 -> fail  3283.58 ms  1664 KB  nodes=0
[974/5247] z3 | bench_196.smt2 -> ok  849.467 ms  63260 KB  nodes=68807
[975/5247] antlr4 | bench_196.smt2 -> ok  3265.33 ms  131659 KB  nodes=1188681
[976/5247] cvc5 | bench_196.smt2 -> ok  2752.78 ms  86444 KB  nodes=68807
[977/5247] smt-switch | bench_196.smt2 -> ok  4276.79 ms  69640 KB  nodes=68807
[978/5247] native | SRLI-SAFE-112-1024.smt2 -> ok  480.103 ms  47624 KB  nodes=68511
[979/5247] pysmt | SRLI-SAFE-112-1024.smt2 -> fail  0 ms  0 KB  nodes=0
[980/5247] jsmtlib | SRLI-SAFE-112-1024.smt2 -> ok  4021.35 ms  25977 KB  nodes=34186
[981/5247] z3 | SRLI-SAFE-112-1024.smt2 -> fail  10002.3 ms  1664 KB  nodes=0
[982/5247] antlr4 | SRLI-SAFE-112-1024.smt2 -> ok  3309.79 ms  151577 KB  nodes=1356688
[983/5247] cvc5 | SRLI-SAFE-112-1024.smt2 -> fail  10044.3 ms  1664 KB  nodes=0
[984/5247] smt-switch | SRLI-SAFE-112-1024.smt2 -> fail  10030.6 ms  1664 KB  nodes=0
[985/5247] native | dualexecution_affine.t1.i2.cb5f2580.smt2 -> ok  1790 ms  25344 KB  nodes=5446
[986/5247] pysmt | dualexecution_affine.t1.i2.cb5f2580.smt2 -> fail  10036.8 ms  1664 KB  nodes=0
[987/5247] jsmtlib | dualexecution_affine.t1.i2.cb5f2580.smt2 -> fail  10036.3 ms  1664 KB  nodes=0
[988/5247] z3 | dualexecution_affine.t1.i2.cb5f2580.smt2 -> timeout  10000 ms  19512 KB  nodes=78184
[989/5247] antlr4 | dualexecution_affine.t1.i2.cb5f2580.smt2 -> ok  7174.79 ms  348666 KB  nodes=3172485
[990/5247] cvc5 | dualexecution_affine.t1.i2.cb5f2580.smt2 -> ok  3383.15 ms  57976 KB  nodes=53761
[991/5247] smt-switch | dualexecution_affine.t1.i2.cb5f2580.smt2 -> ok  8552.53 ms  47788 KB  nodes=78184
[992/5247] native | bench_3439.smt2 -> ok  435.965 ms  28764 KB  nodes=28395
[993/5247] pysmt | bench_3439.smt2 -> fail  10396.5 ms  1664 KB  nodes=0
[994/5247] jsmtlib | bench_3439.smt2 -> timeout  10000 ms   KB  nodes=
[995/5247] z3 | bench_3439.smt2 -> timeout  10000 ms   KB  nodes=
[1/4252] antlr4 | bench_3439.smt2 -> ok  1201.29 ms  60112 KB  nodes=540358
[2/4252] cvc5 | bench_3439.smt2 -> ok  225.262 ms  33904 KB  nodes=28491
[3/4252] smt-switch | bench_3439.smt2 -> ok  530.103 ms  29372 KB  nodes=28491
[4/4252] native | bench_9127.smt2 -> ok  44.0211 ms  18432 KB  nodes=706
[5/4252] pysmt | bench_9127.smt2 -> timeout  10000 ms  22056 KB  nodes=751
[6/4252] jsmtlib | bench_9127.smt2 -> ok  1436.89 ms  22528 KB  nodes=28094
[7/4252] z3 | bench_9127.smt2 -> ok  69.505 ms  8448 KB  nodes=11448
[8/4252] antlr4 | bench_9127.smt2 -> ok  616.306 ms  29044 KB  nodes=285628
[9/4252] cvc5 | bench_9127.smt2 -> ok  1180.22 ms  49168 KB  nodes=755
[10/4252] smt-switch | bench_9127.smt2 -> ok  1437.06 ms  51396 KB  nodes=11448
[11/4252] native | bench_1270.smt2 -> ok  906.952 ms  98452 KB  nodes=201162
[12/4252] pysmt | bench_1270.smt2 -> ok  4300.18 ms  106636 KB  nodes=201327
[13/4252] jsmtlib | bench_1270.smt2 -> fail  1955.08 ms  1664 KB  nodes=0
[14/4252] z3 | bench_1270.smt2 -> ok  799.863 ms  123512 KB  nodes=201327
[15/4252] antlr4 | bench_1270.smt2 -> fail  1120.02 ms  1664 KB  nodes=0
[16/4252] cvc5 | bench_1270.smt2 -> ok  939.061 ms  131668 KB  nodes=201327
[17/4252] smt-switch | bench_1270.smt2 -> ok  2848.21 ms  92092 KB  nodes=201327
[18/4252] native | bin_libmsrpc_vc1225284.smt2 -> ok  43.4909 ms  21332 KB  nodes=8401
[19/4252] pysmt | bin_libmsrpc_vc1225284.smt2 -> ok  182.159 ms  26124 KB  nodes=8419
[20/4252] jsmtlib | bin_libmsrpc_vc1225284.smt2 -> ok  1443.58 ms  20480 KB  nodes=23188
[21/4252] z3 | bin_libmsrpc_vc1225284.smt2 -> ok  37.863 ms  9388 KB  nodes=17803
[22/4252] antlr4 | bin_libmsrpc_vc1225284.smt2 -> ok  549.567 ms  23631 KB  nodes=217043
[23/4252] cvc5 | bin_libmsrpc_vc1225284.smt2 -> ok  1902.47 ms  311576 KB  nodes=8410
[24/4252] smt-switch | bin_libmsrpc_vc1225284.smt2 -> ok  1970.2 ms  313260 KB  nodes=17803
[25/4252] native | bench_4218.smt2 -> ok  79.6949 ms  26844 KB  nodes=22977
[26/4252] pysmt | bench_4218.smt2 -> ok  395.646 ms  32180 KB  nodes=23045
[27/4252] jsmtlib | bench_4218.smt2 -> ok  1433.42 ms  17636 KB  nodes=26964
[28/4252] z3 | bench_4218.smt2 -> ok  158.708 ms  30800 KB  nodes=23045
[29/4252] antlr4 | bench_4218.smt2 -> ok  622.615 ms  47312 KB  nodes=435085
[30/4252] cvc5 | bench_4218.smt2 -> ok  147.452 ms  29568 KB  nodes=23045
[31/4252] smt-switch | bench_4218.smt2 -> ok  365.307 ms  26104 KB  nodes=23045
[32/4252] native | bench_7792.smt2 -> ok  640.045 ms  78912 KB  nodes=153300
[33/4252] pysmt | bench_7792.smt2 -> ok  2909.97 ms  81468 KB  nodes=153448
[34/4252] jsmtlib | bench_7792.smt2 -> fail  1756.58 ms  1664 KB  nodes=0
[35/4252] z3 | bench_7792.smt2 -> ok  691.669 ms  123904 KB  nodes=153448
[36/4252] antlr4 | bench_7792.smt2 -> fail  1073.39 ms  1664 KB  nodes=0
[37/4252] cvc5 | bench_7792.smt2 -> ok  784.191 ms  105564 KB  nodes=153448
[38/4252] smt-switch | bench_7792.smt2 -> ok  2316.09 ms  74916 KB  nodes=153448
[39/4252] native | predicate_573.smt2 -> ok  302.091 ms  40960 KB  nodes=55220
[40/4252] pysmt | predicate_573.smt2 -> ok  2993.92 ms  711052 KB  nodes=47246
[41/4252] jsmtlib | predicate_573.smt2 -> ok  1674.53 ms  38437 KB  nodes=19392
[42/4252] z3 | predicate_573.smt2 -> fail  10036.9 ms  1664 KB  nodes=0
[43/4252] antlr4 | predicate_573.smt2 -> ok  1382.76 ms  235570 KB  nodes=2141914
[44/4252] cvc5 | predicate_573.smt2 -> fail  10037.1 ms  1664 KB  nodes=0
[45/4252] smt-switch | predicate_573.smt2 -> fail  10036.5 ms  1664 KB  nodes=0
[46/4252] native | bin_libsmbsharemodes_vc7120.smt2 -> ok  60.4508 ms  21600 KB  nodes=9527
[47/4252] pysmt | bin_libsmbsharemodes_vc7120.smt2 -> ok  202.584 ms  26944 KB  nodes=9549
[48/4252] jsmtlib | bin_libsmbsharemodes_vc7120.smt2 -> ok  1309.47 ms  1352 KB  nodes=25837
[49/4252] z3 | bin_libsmbsharemodes_vc7120.smt2 -> ok  44.341 ms  9128 KB  nodes=19720
[50/4252] antlr4 | bin_libsmbsharemodes_vc7120.smt2 -> ok  611.086 ms  24916 KB  nodes=240671
[51/4252] cvc5 | bin_libsmbsharemodes_vc7120.smt2 -> ok  2774.04 ms  329188 KB  nodes=9536
[52/4252] smt-switch | bin_libsmbsharemodes_vc7120.smt2 -> ok  2600.25 ms  332660 KB  nodes=19720
