[53/4252] native | sqrt-has-solution-17577.smt2 -> ok  22.656 ms  17280 KB  nodes=12
[54/4252] pysmt | sqrt-has-solution-17577.smt2 -> fail  0 ms  0 KB  nodes=0
[55/4252] jsmtlib | sqrt-has-solution-17577.smt2 -> ok  1101.95 ms  2048 KB  nodes=27
[56/4252] z3 | sqrt-has-solution-17577.smt2 -> ok  10.525 ms  7808 KB  nodes=14
[57/4252] antlr4 | sqrt-has-solution-17577.smt2 -> ok  463.301 ms  4096 KB  nodes=238
[58/4252] cvc5 | sqrt-has-solution-17577.smt2 -> ok  3.74498 ms  15744 KB  nodes=9
[59/4252] smt-switch | sqrt-has-solution-17577.smt2 -> fail  8.12796 ms  9984 KB  nodes=0
[60/4252] native | toIntegral-has-no-other-solution-1283.sm -> ok  21.4575 ms  17152 KB  nodes=15
[61/4252] pysmt | toIntegral-has-no-other-solution-1283.sm -> fail  0 ms  0 KB  nodes=0
[62/4252] jsmtlib | toIntegral-has-no-other-solution-1283.sm -> ok  1144.8 ms  2048 KB  nodes=30
[63/4252] z3 | toIntegral-has-no-other-solution-1283.sm -> ok  10.376 ms  7808 KB  nodes=18
[64/4252] antlr4 | toIntegral-has-no-other-solution-1283.sm -> ok  533.339 ms  4096 KB  nodes=252
[65/4252] cvc5 | toIntegral-has-no-other-solution-1283.sm -> ok  2.54768 ms  15616 KB  nodes=10
[66/4252] smt-switch | toIntegral-has-no-other-solution-1283.sm -> fail  3.57207 ms  9984 KB  nodes=0
[67/4252] native | lt-has-no-other-solution-3995.smt2 -> ok  22.5419 ms  17024 KB  nodes=14
[68/4252] pysmt | lt-has-no-other-solution-3995.smt2 -> fail  0 ms  0 KB  nodes=0
[69/4252] jsmtlib | lt-has-no-other-solution-3995.smt2 -> ok  1079.11 ms  2048 KB  nodes=31
[70/4252] z3 | lt-has-no-other-solution-3995.smt2 -> ok  10.605 ms  7808 KB  nodes=18
[71/4252] antlr4 | lt-has-no-other-solution-3995.smt2 -> ok  440.005 ms  4096 KB  nodes=253
[72/4252] cvc5 | lt-has-no-other-solution-3995.smt2 -> ok  2.95121 ms  15360 KB  nodes=10
[73/4252] smt-switch | lt-has-no-other-solution-3995.smt2 -> fail  3.84005 ms  10112 KB  nodes=0
[74/4252] native | sub-has-no-other-solution-2889.smt2 -> ok  19.5129 ms  17152 KB  nodes=16
[75/4252] pysmt | sub-has-no-other-solution-2889.smt2 -> fail  0 ms  0 KB  nodes=0
[76/4252] jsmtlib | sub-has-no-other-solution-2889.smt2 -> ok  1061.5 ms  2048 KB  nodes=34
[77/4252] z3 | sub-has-no-other-solution-2889.smt2 -> ok  11.411 ms  7808 KB  nodes=19
[78/4252] antlr4 | sub-has-no-other-solution-2889.smt2 -> ok  442.455 ms  4096 KB  nodes=302
[79/4252] cvc5 | sub-has-no-other-solution-2889.smt2 -> ok  2.6054 ms  15616 KB  nodes=13
[80/4252] smt-switch | sub-has-no-other-solution-2889.smt2 -> fail  5.17677 ms  9984 KB  nodes=0
[81/4252] native | eq-has-solution-714.smt2 -> ok  20.3095 ms  17152 KB  nodes=13
[82/4252] pysmt | eq-has-solution-714.smt2 -> fail  0 ms  0 KB  nodes=0
[83/4252] jsmtlib | eq-has-solution-714.smt2 -> ok  1033.75 ms  2048 KB  nodes=30
[84/4252] z3 | eq-has-solution-714.smt2 -> ok  9.394 ms  7808 KB  nodes=17
[85/4252] antlr4 | eq-has-solution-714.smt2 -> ok  406.149 ms  4096 KB  nodes=244
[86/4252] cvc5 | eq-has-solution-714.smt2 -> ok  2.53261 ms  15488 KB  nodes=9
[87/4252] smt-switch | eq-has-solution-714.smt2 -> fail  3.53645 ms  9856 KB  nodes=0
[88/4252] native | lt-has-no-other-solution-121.smt2 -> ok  19.2555 ms  17280 KB  nodes=12
[89/4252] pysmt | lt-has-no-other-solution-121.smt2 -> fail  0 ms  0 KB  nodes=0
[90/4252] jsmtlib | lt-has-no-other-solution-121.smt2 -> ok  1113.13 ms  2048 KB  nodes=31
[91/4252] z3 | lt-has-no-other-solution-121.smt2 -> ok  13.122 ms  7808 KB  nodes=18
[92/4252] antlr4 | lt-has-no-other-solution-121.smt2 -> ok  411.39 ms  4096 KB  nodes=253
[93/4252] cvc5 | lt-has-no-other-solution-121.smt2 -> ok  2.34783 ms  15488 KB  nodes=10
[94/4252] smt-switch | lt-has-no-other-solution-121.smt2 -> fail  3.60029 ms  9856 KB  nodes=0
[95/4252] native | lt-has-solution-7651.smt2 -> ok  19.3992 ms  17152 KB  nodes=13
[96/4252] pysmt | lt-has-solution-7651.smt2 -> fail  0 ms  0 KB  nodes=0
[97/4252] jsmtlib | lt-has-solution-7651.smt2 -> ok  1127.19 ms  2048 KB  nodes=30
[98/4252] z3 | lt-has-solution-7651.smt2 -> ok  10.824 ms  7808 KB  nodes=17
[99/4252] antlr4 | lt-has-solution-7651.smt2 -> ok  454.652 ms  4096 KB  nodes=244
[100/4252] cvc5 | lt-has-solution-7651.smt2 -> ok  2.5034 ms  15872 KB  nodes=9
[101/4252] smt-switch | lt-has-solution-7651.smt2 -> fail  4.02624 ms  9984 KB  nodes=0
[102/4252] native | gt-has-solution-16655.smt2 -> ok  19.4606 ms  17152 KB  nodes=13
[103/4252] pysmt | gt-has-solution-16655.smt2 -> fail  0 ms  0 KB  nodes=0
[104/4252] jsmtlib | gt-has-solution-16655.smt2 -> ok  1197.36 ms  2048 KB  nodes=30
[105/4252] z3 | gt-has-solution-16655.smt2 -> ok  10.849 ms  7808 KB  nodes=17
[106/4252] antlr4 | gt-has-solution-16655.smt2 -> ok  438.692 ms  4096 KB  nodes=244
[107/4252] cvc5 | gt-has-solution-16655.smt2 -> ok  2.39479 ms  15872 KB  nodes=9
[108/4252] smt-switch | gt-has-solution-16655.smt2 -> fail  3.45221 ms  9984 KB  nodes=0
[109/4252] native | sub-has-no-other-solution-10468.smt2 -> ok  18.8042 ms  17152 KB  nodes=15
[110/4252] pysmt | sub-has-no-other-solution-10468.smt2 -> fail  0 ms  0 KB  nodes=0
[111/4252] jsmtlib | sub-has-no-other-solution-10468.smt2 -> ok  1011.61 ms  2048 KB  nodes=34
[112/4252] z3 | sub-has-no-other-solution-10468.smt2 -> ok  11.857 ms  7808 KB  nodes=19
[113/4252] antlr4 | sub-has-no-other-solution-10468.smt2 -> ok  424.138 ms  4096 KB  nodes=302
[114/4252] cvc5 | sub-has-no-other-solution-10468.smt2 -> ok  2.48221 ms  15488 KB  nodes=12
[115/4252] smt-switch | sub-has-no-other-solution-10468.smt2 -> fail  3.60247 ms  10112 KB  nodes=0
[116/4252] native | toIntegral-has-solution-1271.smt2 -> ok  18.4412 ms  17280 KB  nodes=14
[117/4252] pysmt | toIntegral-has-solution-1271.smt2 -> fail  0 ms  0 KB  nodes=0
[118/4252] jsmtlib | toIntegral-has-solution-1271.smt2 -> ok  1012.73 ms  2048 KB  nodes=30
[119/4252] z3 | toIntegral-has-solution-1271.smt2 -> ok  11.906 ms  7808 KB  nodes=17
[120/4252] antlr4 | toIntegral-has-solution-1271.smt2 -> ok  417.34 ms  4096 KB  nodes=243
[121/4252] cvc5 | toIntegral-has-solution-1271.smt2 -> ok  2.11775 ms  15488 KB  nodes=9
[122/4252] smt-switch | toIntegral-has-solution-1271.smt2 -> fail  3.35522 ms  9856 KB  nodes=0
[123/4252] native | toIntegral-has-solution-1368.smt2 -> ok  18.324 ms  17152 KB  nodes=14
[124/4252] pysmt | toIntegral-has-solution-1368.smt2 -> fail  0 ms  0 KB  nodes=0
[125/4252] jsmtlib | toIntegral-has-solution-1368.smt2 -> ok  1113.58 ms  2048 KB  nodes=30
[126/4252] z3 | toIntegral-has-solution-1368.smt2 -> ok  11.259 ms  7808 KB  nodes=17
[127/4252] antlr4 | toIntegral-has-solution-1368.smt2 -> ok  408.41 ms  4096 KB  nodes=243
[128/4252] cvc5 | toIntegral-has-solution-1368.smt2 -> ok  2.42036 ms  15616 KB  nodes=9
[129/4252] smt-switch | toIntegral-has-solution-1368.smt2 -> fail  3.48902 ms  9984 KB  nodes=0
[130/4252] native | eq-has-no-other-solution-1412.smt2 -> ok  19.0897 ms  17152 KB  nodes=13
[131/4252] pysmt | eq-has-no-other-solution-1412.smt2 -> fail  0 ms  0 KB  nodes=0
[132/4252] jsmtlib | eq-has-no-other-solution-1412.smt2 -> ok  1023.38 ms  2048 KB  nodes=31
[133/4252] z3 | eq-has-no-other-solution-1412.smt2 -> ok  15.3 ms  7808 KB  nodes=18
[134/4252] antlr4 | eq-has-no-other-solution-1412.smt2 -> ok  444.874 ms  4096 KB  nodes=253
[135/4252] cvc5 | eq-has-no-other-solution-1412.smt2 -> ok  2.68657 ms  15488 KB  nodes=10
[136/4252] smt-switch | eq-has-no-other-solution-1412.smt2 -> fail  4.08697 ms  9984 KB  nodes=0
[137/4252] native | lt-has-solution-7320.smt2 -> ok  23.4242 ms  17152 KB  nodes=13
[138/4252] pysmt | lt-has-solution-7320.smt2 -> fail  0 ms  0 KB  nodes=0
[139/4252] jsmtlib | lt-has-solution-7320.smt2 -> ok  1118.6 ms  2048 KB  nodes=30
[140/4252] z3 | lt-has-solution-7320.smt2 -> ok  11.495 ms  7808 KB  nodes=17
[141/4252] antlr4 | lt-has-solution-7320.smt2 -> ok  485.851 ms  4096 KB  nodes=244
[142/4252] cvc5 | lt-has-solution-7320.smt2 -> ok  2.18664 ms  15872 KB  nodes=9
[143/4252] smt-switch | lt-has-solution-7320.smt2 -> fail  3.31231 ms  9728 KB  nodes=0
[144/4252] native | gt-has-no-other-solution-12930.smt2 -> ok  20.0551 ms  17280 KB  nodes=12
[145/4252] pysmt | gt-has-no-other-solution-12930.smt2 -> fail  0 ms  0 KB  nodes=0
[146/4252] jsmtlib | gt-has-no-other-solution-12930.smt2 -> ok  1225.74 ms  2048 KB  nodes=31
[147/4252] z3 | gt-has-no-other-solution-12930.smt2 -> ok  31.665 ms  7808 KB  nodes=18
[148/4252] antlr4 | gt-has-no-other-solution-12930.smt2 -> ok  1679.17 ms  4096 KB  nodes=253
[149/4252] cvc5 | gt-has-no-other-solution-12930.smt2 -> ok  4.36277 ms  15232 KB  nodes=10
[150/4252] smt-switch | gt-has-no-other-solution-12930.smt2 -> fail  13.2084 ms  9856 KB  nodes=0
[151/4252] native | toIntegral-has-solution-1033.smt2 -> ok  28.914 ms  17152 KB  nodes=14
[152/4252] pysmt | toIntegral-has-solution-1033.smt2 -> fail  0 ms  0 KB  nodes=0
[153/4252] jsmtlib | toIntegral-has-solution-1033.smt2 -> ok  1466.72 ms  2048 KB  nodes=28
[154/4252] z3 | toIntegral-has-solution-1033.smt2 -> ok  12.755 ms  7808 KB  nodes=17
[155/4252] antlr4 | toIntegral-has-solution-1033.smt2 -> ok  943.871 ms  4096 KB  nodes=243
[156/4252] cvc5 | toIntegral-has-solution-1033.smt2 -> ok  2.42299 ms  15616 KB  nodes=9
[157/4252] smt-switch | toIntegral-has-solution-1033.smt2 -> fail  3.89967 ms  9984 KB  nodes=0
[158/4252] native | toIntegral-has-solution-175.smt2 -> ok  41.6501 ms  17280 KB  nodes=14
[159/4252] pysmt | toIntegral-has-solution-175.smt2 -> fail  0 ms  0 KB  nodes=0
[160/4252] jsmtlib | toIntegral-has-solution-175.smt2 -> ok  605.571 ms  2048 KB  nodes=28
[161/4252] z3 | toIntegral-has-solution-175.smt2 -> ok  12.274 ms  7808 KB  nodes=17
[162/4252] antlr4 | toIntegral-has-solution-175.smt2 -> ok  494.971 ms  4096 KB  nodes=243
[163/4252] cvc5 | toIntegral-has-solution-175.smt2 -> ok  4.00519 ms  15616 KB  nodes=9
[164/4252] smt-switch | toIntegral-has-solution-175.smt2 -> fail  3.77426 ms  9728 KB  nodes=0
[165/4252] native | eq-has-solution-8178.smt2 -> ok  21.6945 ms  17152 KB  nodes=13
[166/4252] pysmt | eq-has-solution-8178.smt2 -> fail  0 ms  0 KB  nodes=0
[167/4252] jsmtlib | eq-has-solution-8178.smt2 -> ok  1004.21 ms  2048 KB  nodes=30
[168/4252] z3 | eq-has-solution-8178.smt2 -> ok  13.272 ms  7808 KB  nodes=17
[169/4252] antlr4 | eq-has-solution-8178.smt2 -> ok  541.349 ms  4096 KB  nodes=244
[170/4252] cvc5 | eq-has-solution-8178.smt2 -> ok  3.32947 ms  15616 KB  nodes=9
[171/4252] smt-switch | eq-has-solution-8178.smt2 -> fail  3.83023 ms  9728 KB  nodes=0
[172/4252] native | toIntegral-has-solution-471.smt2 -> ok  21.5474 ms  17024 KB  nodes=14
[173/4252] pysmt | toIntegral-has-solution-471.smt2 -> fail  0 ms  0 KB  nodes=0
[174/4252] jsmtlib | toIntegral-has-solution-471.smt2 -> ok  1282.44 ms  2048 KB  nodes=29
[175/4252] z3 | toIntegral-has-solution-471.smt2 -> ok  14.848 ms  7808 KB  nodes=17
[176/4252] antlr4 | toIntegral-has-solution-471.smt2 -> ok  503.054 ms  4096 KB  nodes=243
[177/4252] cvc5 | toIntegral-has-solution-471.smt2 -> ok  3.0459 ms  15616 KB  nodes=9
[178/4252] smt-switch | toIntegral-has-solution-471.smt2 -> fail  3.97088 ms  9984 KB  nodes=0
[179/4252] native | gt-has-solution-17739.smt2 -> ok  20.5559 ms  17280 KB  nodes=13
[180/4252] pysmt | gt-has-solution-17739.smt2 -> fail  0 ms  0 KB  nodes=0
[181/4252] jsmtlib | gt-has-solution-17739.smt2 -> ok  1235.46 ms  2048 KB  nodes=30
[182/4252] z3 | gt-has-solution-17739.smt2 -> ok  13.311 ms  7680 KB  nodes=17
[183/4252] antlr4 | gt-has-solution-17739.smt2 -> ok  546.855 ms  4096 KB  nodes=244
[184/4252] cvc5 | gt-has-solution-17739.smt2 -> ok  3.46127 ms  15616 KB  nodes=9
[185/4252] smt-switch | gt-has-solution-17739.smt2 -> fail  3.16561 ms  9856 KB  nodes=0
[186/4252] native | eq-has-solution-14408.smt2 -> ok  33.0161 ms  17152 KB  nodes=13
[187/4252] pysmt | eq-has-solution-14408.smt2 -> fail  0 ms  0 KB  nodes=0
[188/4252] jsmtlib | eq-has-solution-14408.smt2 -> ok  1324.7 ms  2048 KB  nodes=30
[189/4252] z3 | eq-has-solution-14408.smt2 -> ok  13.551 ms  7808 KB  nodes=17
[190/4252] antlr4 | eq-has-solution-14408.smt2 -> ok  479.36 ms  4096 KB  nodes=244
[191/4252] cvc5 | eq-has-solution-14408.smt2 -> ok  2.79396 ms  15488 KB  nodes=9
[192/4252] smt-switch | eq-has-solution-14408.smt2 -> fail  3.53275 ms  10112 KB  nodes=0
[193/4252] native | toIntegral-has-no-other-solution-91.smt2 -> ok  22.1807 ms  17152 KB  nodes=15
[194/4252] pysmt | toIntegral-has-no-other-solution-91.smt2 -> fail  0 ms  0 KB  nodes=0
[195/4252] jsmtlib | toIntegral-has-no-other-solution-91.smt2 -> ok  1252.21 ms  2048 KB  nodes=30
[196/4252] z3 | toIntegral-has-no-other-solution-91.smt2 -> ok  12.185 ms  7808 KB  nodes=18
[197/4252] antlr4 | toIntegral-has-no-other-solution-91.smt2 -> ok  473.55 ms  4096 KB  nodes=252
[198/4252] cvc5 | toIntegral-has-no-other-solution-91.smt2 -> ok  2.47367 ms  15616 KB  nodes=10
[199/4252] smt-switch | toIntegral-has-no-other-solution-91.smt2 -> fail  3.83404 ms  10112 KB  nodes=0
[200/4252] native | lt-has-solution-12454.smt2 -> ok  20.8601 ms  17152 KB  nodes=12
[201/4252] pysmt | lt-has-solution-12454.smt2 -> fail  0 ms  0 KB  nodes=0
[202/4252] jsmtlib | lt-has-solution-12454.smt2 -> ok  1285.81 ms  2048 KB  nodes=30
[203/4252] z3 | lt-has-solution-12454.smt2 -> ok  14.187 ms  7808 KB  nodes=17
[204/4252] antlr4 | lt-has-solution-12454.smt2 -> ok  521.15 ms  4096 KB  nodes=244
[205/4252] cvc5 | lt-has-solution-12454.smt2 -> ok  2.97134 ms  15616 KB  nodes=9
[206/4252] smt-switch | lt-has-solution-12454.smt2 -> fail  4.22375 ms  9856 KB  nodes=0
[207/4252] native | lt-has-solution-14468.smt2 -> ok  26.7042 ms  17152 KB  nodes=14
[208/4252] pysmt | lt-has-solution-14468.smt2 -> fail  0 ms  0 KB  nodes=0
[209/4252] jsmtlib | lt-has-solution-14468.smt2 -> ok  1308.03 ms  2048 KB  nodes=30
[210/4252] z3 | lt-has-solution-14468.smt2 -> ok  14.885 ms  7680 KB  nodes=17
[211/4252] antlr4 | lt-has-solution-14468.smt2 -> ok  523.41 ms  4096 KB  nodes=244
[212/4252] cvc5 | lt-has-solution-14468.smt2 -> ok  2.83742 ms  15488 KB  nodes=9
[213/4252] smt-switch | lt-has-solution-14468.smt2 -> fail  4.10098 ms  9984 KB  nodes=0
[214/4252] native | eq-has-solution-10905.smt2 -> ok  22.1568 ms  17152 KB  nodes=14
[215/4252] pysmt | eq-has-solution-10905.smt2 -> fail  0 ms  0 KB  nodes=0
[216/4252] jsmtlib | eq-has-solution-10905.smt2 -> ok  1219.5 ms  2048 KB  nodes=30
[217/4252] z3 | eq-has-solution-10905.smt2 -> ok  12.732 ms  7808 KB  nodes=17
[218/4252] antlr4 | eq-has-solution-10905.smt2 -> ok  485.455 ms  4096 KB  nodes=244
[219/4252] cvc5 | eq-has-solution-10905.smt2 -> ok  61.398 ms  14848 KB  nodes=9
[220/4252] smt-switch | eq-has-solution-10905.smt2 -> fail  3.56261 ms  10112 KB  nodes=0
[221/4252] native | gt-has-solution-17866.smt2 -> ok  22.3028 ms  17152 KB  nodes=12
[222/4252] pysmt | gt-has-solution-17866.smt2 -> fail  0 ms  0 KB  nodes=0
[223/4252] jsmtlib | gt-has-solution-17866.smt2 -> ok  1258.76 ms  2048 KB  nodes=30
[224/4252] z3 | gt-has-solution-17866.smt2 -> ok  19.846 ms  7808 KB  nodes=17
[225/4252] antlr4 | gt-has-solution-17866.smt2 -> ok  441.283 ms  4096 KB  nodes=244
[226/4252] cvc5 | gt-has-solution-17866.smt2 -> ok  56.5793 ms  14848 KB  nodes=9
[227/4252] smt-switch | gt-has-solution-17866.smt2 -> fail  3.68793 ms  9984 KB  nodes=0
[228/4252] native | toIntegral-has-no-other-solution-1272.sm -> ok  19.5699 ms  17280 KB  nodes=15
[229/4252] pysmt | toIntegral-has-no-other-solution-1272.sm -> fail  0 ms  0 KB  nodes=0
[230/4252] jsmtlib | toIntegral-has-no-other-solution-1272.sm -> ok  1187.22 ms  2048 KB  nodes=30
[231/4252] z3 | toIntegral-has-no-other-solution-1272.sm -> ok  12.459 ms  7808 KB  nodes=18
[232/4252] antlr4 | toIntegral-has-no-other-solution-1272.sm -> ok  427.806 ms  4096 KB  nodes=252
[233/4252] cvc5 | toIntegral-has-no-other-solution-1272.sm -> ok  54.2096 ms  14848 KB  nodes=10
[234/4252] smt-switch | toIntegral-has-no-other-solution-1272.sm -> fail  4.39333 ms  9856 KB  nodes=0
[235/4252] native | lt-has-no-other-solution-17489.smt2 -> ok  18.9893 ms  17152 KB  nodes=13
[236/4252] pysmt | lt-has-no-other-solution-17489.smt2 -> fail  0 ms  0 KB  nodes=0
[237/4252] jsmtlib | lt-has-no-other-solution-17489.smt2 -> ok  1139.67 ms  2048 KB  nodes=31
[238/4252] z3 | lt-has-no-other-solution-17489.smt2 -> ok  11.74 ms  7808 KB  nodes=18
[239/4252] antlr4 | lt-has-no-other-solution-17489.smt2 -> ok  416.441 ms  4096 KB  nodes=253
[240/4252] cvc5 | lt-has-no-other-solution-17489.smt2 -> ok  53.8843 ms  14848 KB  nodes=10
[241/4252] smt-switch | lt-has-no-other-solution-17489.smt2 -> fail  3.41658 ms  9728 KB  nodes=0
[242/4252] native | toIntegral-has-no-other-solution-460.smt -> ok  20.7918 ms  17280 KB  nodes=15
[243/4252] pysmt | toIntegral-has-no-other-solution-460.smt -> fail  0 ms  0 KB  nodes=0
[244/4252] jsmtlib | toIntegral-has-no-other-solution-460.smt -> ok  1132.66 ms  2048 KB  nodes=29
[245/4252] z3 | toIntegral-has-no-other-solution-460.smt -> ok  12.193 ms  7808 KB  nodes=18
[246/4252] antlr4 | toIntegral-has-no-other-solution-460.smt -> ok  446.073 ms  4096 KB  nodes=252
[247/4252] cvc5 | toIntegral-has-no-other-solution-460.smt -> ok  56.1475 ms  14720 KB  nodes=10
[248/4252] smt-switch | toIntegral-has-no-other-solution-460.smt -> fail  3.18047 ms  9984 KB  nodes=0
[249/4252] native | lt-has-solution-10073.smt2 -> ok  20.399 ms  17152 KB  nodes=13
[250/4252] pysmt | lt-has-solution-10073.smt2 -> fail  0 ms  0 KB  nodes=0
[251/4252] jsmtlib | lt-has-solution-10073.smt2 -> ok  1103.24 ms  2048 KB  nodes=30
[252/4252] z3 | lt-has-solution-10073.smt2 -> ok  11.316 ms  7808 KB  nodes=17
[253/4252] antlr4 | lt-has-solution-10073.smt2 -> ok  420.614 ms  4096 KB  nodes=244
[254/4252] cvc5 | lt-has-solution-10073.smt2 -> ok  59.9235 ms  15232 KB  nodes=9
[255/4252] smt-switch | lt-has-solution-10073.smt2 -> fail  3.59855 ms  9984 KB  nodes=0
[256/4252] native | sqrt-has-no-other-solution-4234.smt2 -> ok  19.4356 ms  17280 KB  nodes=13
[257/4252] pysmt | sqrt-has-no-other-solution-4234.smt2 -> fail  0 ms  0 KB  nodes=0
[258/4252] jsmtlib | sqrt-has-no-other-solution-4234.smt2 -> ok  1127.99 ms  2048 KB  nodes=28
[259/4252] z3 | sqrt-has-no-other-solution-4234.smt2 -> ok  11.064 ms  7808 KB  nodes=15
[260/4252] antlr4 | sqrt-has-no-other-solution-4234.smt2 -> ok  415.284 ms  4096 KB  nodes=247
[261/4252] cvc5 | sqrt-has-no-other-solution-4234.smt2 -> ok  60.2501 ms  14592 KB  nodes=10
[262/4252] smt-switch | sqrt-has-no-other-solution-4234.smt2 -> fail  3.55611 ms  9856 KB  nodes=0
[263/4252] native | lt-has-solution-19278.smt2 -> ok  20.6241 ms  17152 KB  nodes=13
[264/4252] pysmt | lt-has-solution-19278.smt2 -> fail  0 ms  0 KB  nodes=0
[265/4252] jsmtlib | lt-has-solution-19278.smt2 -> ok  1115.97 ms  2048 KB  nodes=30
[266/4252] z3 | lt-has-solution-19278.smt2 -> ok  12.739 ms  7808 KB  nodes=17
[267/4252] antlr4 | lt-has-solution-19278.smt2 -> ok  415.749 ms  4096 KB  nodes=244
[268/4252] cvc5 | lt-has-solution-19278.smt2 -> ok  53.2235 ms  14976 KB  nodes=9
[269/4252] smt-switch | lt-has-solution-19278.smt2 -> fail  3.88379 ms  9856 KB  nodes=0
[270/4252] native | gt-has-no-other-solution-12242.smt2 -> ok  24.4461 ms  17152 KB  nodes=13
[271/4252] pysmt | gt-has-no-other-solution-12242.smt2 -> fail  0 ms  0 KB  nodes=0
[272/4252] jsmtlib | gt-has-no-other-solution-12242.smt2 -> ok  1259.64 ms  2048 KB  nodes=31
[273/4252] z3 | gt-has-no-other-solution-12242.smt2 -> ok  13.034 ms  7808 KB  nodes=18
[274/4252] antlr4 | gt-has-no-other-solution-12242.smt2 -> ok  444.844 ms  4096 KB  nodes=253
[275/4252] cvc5 | gt-has-no-other-solution-12242.smt2 -> ok  62.5918 ms  14720 KB  nodes=10
[276/4252] smt-switch | gt-has-no-other-solution-12242.smt2 -> fail  3.37844 ms  9856 KB  nodes=0
[277/4252] native | eq-has-no-other-solution-10552.smt2 -> ok  23.5007 ms  17152 KB  nodes=13
[278/4252] pysmt | eq-has-no-other-solution-10552.smt2 -> fail  0 ms  0 KB  nodes=0
[279/4252] jsmtlib | eq-has-no-other-solution-10552.smt2 -> ok  1149.19 ms  2048 KB  nodes=31
[280/4252] z3 | eq-has-no-other-solution-10552.smt2 -> ok  10.873 ms  7808 KB  nodes=18
[281/4252] antlr4 | eq-has-no-other-solution-10552.smt2 -> ok  418.543 ms  4096 KB  nodes=253
[282/4252] cvc5 | eq-has-no-other-solution-10552.smt2 -> ok  52.5208 ms  14592 KB  nodes=10
[283/4252] smt-switch | eq-has-no-other-solution-10552.smt2 -> fail  3.3365 ms  10112 KB  nodes=0
[284/4252] native | gt-has-solution-17817.smt2 -> ok  20.801 ms  17152 KB  nodes=13
[285/4252] pysmt | gt-has-solution-17817.smt2 -> fail  0 ms  0 KB  nodes=0
[286/4252] jsmtlib | gt-has-solution-17817.smt2 -> ok  1142.41 ms  2048 KB  nodes=30
[287/4252] z3 | gt-has-solution-17817.smt2 -> ok  9.845 ms  7808 KB  nodes=17
[288/4252] antlr4 | gt-has-solution-17817.smt2 -> ok  413.579 ms  4096 KB  nodes=244
[289/4252] cvc5 | gt-has-solution-17817.smt2 -> ok  62.8275 ms  14848 KB  nodes=9
[290/4252] smt-switch | gt-has-solution-17817.smt2 -> fail  3.34687 ms  9856 KB  nodes=0
[291/4252] native | sqrt-has-no-other-solution-3386.smt2 -> ok  21.9279 ms  17152 KB  nodes=13
[292/4252] pysmt | sqrt-has-no-other-solution-3386.smt2 -> fail  0 ms  0 KB  nodes=0
[293/4252] jsmtlib | sqrt-has-no-other-solution-3386.smt2 -> ok  1157.2 ms  2048 KB  nodes=28
[294/4252] z3 | sqrt-has-no-other-solution-3386.smt2 -> ok  18.704 ms  7808 KB  nodes=15
[295/4252] antlr4 | sqrt-has-no-other-solution-3386.smt2 -> ok  441.409 ms  4096 KB  nodes=247
[296/4252] cvc5 | sqrt-has-no-other-solution-3386.smt2 -> ok  54.8559 ms  14592 KB  nodes=10
[297/4252] smt-switch | sqrt-has-no-other-solution-3386.smt2 -> fail  3.19381 ms  10112 KB  nodes=0
[298/4252] native | eq-has-solution-12237.smt2 -> ok  20.2247 ms  17280 KB  nodes=14
[299/4252] pysmt | eq-has-solution-12237.smt2 -> fail  0 ms  0 KB  nodes=0
[300/4252] jsmtlib | eq-has-solution-12237.smt2 -> ok  1213.75 ms  2048 KB  nodes=30
[301/4252] z3 | eq-has-solution-12237.smt2 -> ok  13.772 ms  7808 KB  nodes=17
[302/4252] antlr4 | eq-has-solution-12237.smt2 -> ok  472.019 ms  4096 KB  nodes=244
[303/4252] cvc5 | eq-has-solution-12237.smt2 -> ok  61.8575 ms  14976 KB  nodes=9
[304/4252] smt-switch | eq-has-solution-12237.smt2 -> fail  8.56906 ms  9472 KB  nodes=0
[305/4252] native | lt-has-no-other-solution-2080.smt2 -> ok  22.6619 ms  17152 KB  nodes=12
[306/4252] pysmt | lt-has-no-other-solution-2080.smt2 -> fail  0 ms  0 KB  nodes=0
[307/4252] jsmtlib | lt-has-no-other-solution-2080.smt2 -> ok  1091.79 ms  2048 KB  nodes=31
[308/4252] z3 | lt-has-no-other-solution-2080.smt2 -> ok  13.098 ms  7808 KB  nodes=18
[309/4252] antlr4 | lt-has-no-other-solution-2080.smt2 -> ok  391.904 ms  4096 KB  nodes=253
[310/4252] cvc5 | lt-has-no-other-solution-2080.smt2 -> ok  52.4667 ms  14720 KB  nodes=10
[311/4252] smt-switch | lt-has-no-other-solution-2080.smt2 -> fail  15.8308 ms  9472 KB  nodes=0
[312/4252] native | toIntegral-has-solution-1046.smt2 -> ok  24.4159 ms  17280 KB  nodes=14
[313/4252] pysmt | toIntegral-has-solution-1046.smt2 -> fail  0 ms  0 KB  nodes=0
[314/4252] jsmtlib | toIntegral-has-solution-1046.smt2 -> ok  763.246 ms  2048 KB  nodes=28
[315/4252] z3 | toIntegral-has-solution-1046.smt2 -> ok  13.125 ms  7936 KB  nodes=17
[316/4252] antlr4 | toIntegral-has-solution-1046.smt2 -> ok  413.438 ms  4096 KB  nodes=243
[317/4252] cvc5 | toIntegral-has-solution-1046.smt2 -> ok  50.3368 ms  15104 KB  nodes=9
[318/4252] smt-switch | toIntegral-has-solution-1046.smt2 -> fail  6.54185 ms  9344 KB  nodes=0
[319/4252] native | eq-has-solution-19064.smt2 -> ok  23.2589 ms  17152 KB  nodes=13
[320/4252] pysmt | eq-has-solution-19064.smt2 -> fail  0 ms  0 KB  nodes=0
[321/4252] jsmtlib | eq-has-solution-19064.smt2 -> ok  1121.71 ms  2048 KB  nodes=29
[322/4252] z3 | eq-has-solution-19064.smt2 -> ok  15.069 ms  7808 KB  nodes=17
[323/4252] antlr4 | eq-has-solution-19064.smt2 -> ok  399.57 ms  4096 KB  nodes=244
[324/4252] cvc5 | eq-has-solution-19064.smt2 -> ok  51.4789 ms  14976 KB  nodes=9
[325/4252] smt-switch | eq-has-solution-19064.smt2 -> fail  7.23519 ms  8960 KB  nodes=0
[326/4252] native | sqrt-has-solution-1322.smt2 -> ok  21.5522 ms  17152 KB  nodes=12
[327/4252] pysmt | sqrt-has-solution-1322.smt2 -> fail  0 ms  0 KB  nodes=0
[328/4252] jsmtlib | sqrt-has-solution-1322.smt2 -> ok  1136.19 ms  2048 KB  nodes=27
[329/4252] z3 | sqrt-has-solution-1322.smt2 -> ok  12.971 ms  7808 KB  nodes=14
[330/4252] antlr4 | sqrt-has-solution-1322.smt2 -> ok  390.512 ms  4096 KB  nodes=238
[331/4252] cvc5 | sqrt-has-solution-1322.smt2 -> ok  55.4379 ms  15104 KB  nodes=9
[332/4252] smt-switch | sqrt-has-solution-1322.smt2 -> fail  6.83281 ms  9216 KB  nodes=0
[333/4252] native | toIntegral-has-solution-817.smt2 -> ok  22.2219 ms  17280 KB  nodes=14
[334/4252] pysmt | toIntegral-has-solution-817.smt2 -> fail  0 ms  0 KB  nodes=0
[335/4252] jsmtlib | toIntegral-has-solution-817.smt2 -> ok  1119.22 ms  2048 KB  nodes=29
[336/4252] z3 | toIntegral-has-solution-817.smt2 -> ok  13.028 ms  7808 KB  nodes=17
[337/4252] antlr4 | toIntegral-has-solution-817.smt2 -> ok  417.934 ms  4096 KB  nodes=243
[338/4252] cvc5 | toIntegral-has-solution-817.smt2 -> ok  56.6272 ms  15104 KB  nodes=9
[339/4252] smt-switch | toIntegral-has-solution-817.smt2 -> fail  7.47665 ms  9344 KB  nodes=0
[340/4252] native | sqrt-has-no-other-solution-7731.smt2 -> ok  25.9648 ms  17152 KB  nodes=13
[341/4252] pysmt | sqrt-has-no-other-solution-7731.smt2 -> fail  0 ms  0 KB  nodes=0
[342/4252] jsmtlib | sqrt-has-no-other-solution-7731.smt2 -> ok  1136.9 ms  2048 KB  nodes=28
[343/4252] z3 | sqrt-has-no-other-solution-7731.smt2 -> ok  14.317 ms  7808 KB  nodes=15
[344/4252] antlr4 | sqrt-has-no-other-solution-7731.smt2 -> ok  421.592 ms  4096 KB  nodes=247
[345/4252] cvc5 | sqrt-has-no-other-solution-7731.smt2 -> ok  55.3006 ms  14720 KB  nodes=10
[346/4252] smt-switch | sqrt-has-no-other-solution-7731.smt2 -> fail  7.83891 ms  9344 KB  nodes=0
[347/4252] native | lt-has-solution-16468.smt2 -> ok  22.9629 ms  17152 KB  nodes=14
[348/4252] pysmt | lt-has-solution-16468.smt2 -> fail  0 ms  0 KB  nodes=0
[349/4252] jsmtlib | lt-has-solution-16468.smt2 -> ok  1115.25 ms  2048 KB  nodes=30
[350/4252] z3 | lt-has-solution-16468.smt2 -> ok  12.547 ms  7808 KB  nodes=17
[351/4252] antlr4 | lt-has-solution-16468.smt2 -> ok  409.442 ms  4096 KB  nodes=244
[352/4252] cvc5 | lt-has-solution-16468.smt2 -> ok  49.1106 ms  15104 KB  nodes=9
[353/4252] smt-switch | lt-has-solution-16468.smt2 -> fail  8.29493 ms  9216 KB  nodes=0
[354/4252] native | sqrt-has-solution-9361.smt2 -> ok  21.5034 ms  17152 KB  nodes=12
[355/4252] pysmt | sqrt-has-solution-9361.smt2 -> fail  0 ms  0 KB  nodes=0
[356/4252] jsmtlib | sqrt-has-solution-9361.smt2 -> ok  1178.8 ms  2048 KB  nodes=27
[357/4252] z3 | sqrt-has-solution-9361.smt2 -> ok  11.986 ms  7808 KB  nodes=14
[358/4252] antlr4 | sqrt-has-solution-9361.smt2 -> ok  391.554 ms  4096 KB  nodes=238
[359/4252] cvc5 | sqrt-has-solution-9361.smt2 -> ok  48.2302 ms  14976 KB  nodes=9
[360/4252] smt-switch | sqrt-has-solution-9361.smt2 -> fail  11.4543 ms  9216 KB  nodes=0
[361/4252] native | toIntegral-has-solution-733.smt2 -> ok  23.5525 ms  17280 KB  nodes=14
[362/4252] pysmt | toIntegral-has-solution-733.smt2 -> fail  0 ms  0 KB  nodes=0
[363/4252] jsmtlib | toIntegral-has-solution-733.smt2 -> ok  1099.98 ms  2048 KB  nodes=29
[364/4252] z3 | toIntegral-has-solution-733.smt2 -> ok  13.469 ms  7808 KB  nodes=17
[365/4252] antlr4 | toIntegral-has-solution-733.smt2 -> ok  400.344 ms  4096 KB  nodes=243
[366/4252] cvc5 | toIntegral-has-solution-733.smt2 -> ok  102.454 ms  14976 KB  nodes=9
[367/4252] smt-switch | toIntegral-has-solution-733.smt2 -> fail  26.2517 ms  9088 KB  nodes=0
[368/4252] native | toIntegral-has-no-other-solution-707.smt -> ok  44.3616 ms  17152 KB  nodes=15
[369/4252] pysmt | toIntegral-has-no-other-solution-707.smt -> fail  0 ms  0 KB  nodes=0
[370/4252] jsmtlib | toIntegral-has-no-other-solution-707.smt -> ok  1082.68 ms  2048 KB  nodes=30
[371/4252] z3 | toIntegral-has-no-other-solution-707.smt -> ok  15.044 ms  7808 KB  nodes=18
[372/4252] antlr4 | toIntegral-has-no-other-solution-707.smt -> ok  514.886 ms  4096 KB  nodes=252
[373/4252] cvc5 | toIntegral-has-no-other-solution-707.smt -> ok  56.5681 ms  14720 KB  nodes=10
[374/4252] smt-switch | toIntegral-has-no-other-solution-707.smt -> fail  8.38539 ms  9216 KB  nodes=0
[375/4252] native | eq-has-solution-12148.smt2 -> ok  24.791 ms  17152 KB  nodes=14
[376/4252] pysmt | eq-has-solution-12148.smt2 -> fail  0 ms  0 KB  nodes=0
[377/4252] jsmtlib | eq-has-solution-12148.smt2 -> ok  453.51 ms  2048 KB  nodes=30
[378/4252] z3 | eq-has-solution-12148.smt2 -> ok  14.047 ms  7808 KB  nodes=17
[379/4252] antlr4 | eq-has-solution-12148.smt2 -> ok  436.767 ms  4096 KB  nodes=244
[380/4252] cvc5 | eq-has-solution-12148.smt2 -> ok  55.5322 ms  15104 KB  nodes=9
[381/4252] smt-switch | eq-has-solution-12148.smt2 -> fail  8.99385 ms  9216 KB  nodes=0
[382/4252] native | gt-has-no-other-solution-17051.smt2 -> ok  24.1522 ms  17152 KB  nodes=13
[383/4252] pysmt | gt-has-no-other-solution-17051.smt2 -> fail  0 ms  0 KB  nodes=0
[384/4252] jsmtlib | gt-has-no-other-solution-17051.smt2 -> ok  833.586 ms  2048 KB  nodes=31
[385/4252] z3 | gt-has-no-other-solution-17051.smt2 -> ok  15.308 ms  7808 KB  nodes=18
[386/4252] antlr4 | gt-has-no-other-solution-17051.smt2 -> ok  496.735 ms  4096 KB  nodes=253
[387/4252] cvc5 | gt-has-no-other-solution-17051.smt2 -> ok  57.2674 ms  14464 KB  nodes=10
[388/4252] smt-switch | gt-has-no-other-solution-17051.smt2 -> fail  12.3859 ms  9216 KB  nodes=0
[389/4252] native | gt-has-solution-6040.smt2 -> ok  22.451 ms  17280 KB  nodes=13
[390/4252] pysmt | gt-has-solution-6040.smt2 -> fail  0 ms  0 KB  nodes=0
[391/4252] jsmtlib | gt-has-solution-6040.smt2 -> ok  1142.22 ms  2048 KB  nodes=30
[392/4252] z3 | gt-has-solution-6040.smt2 -> ok  18.583 ms  7808 KB  nodes=17
[393/4252] antlr4 | gt-has-solution-6040.smt2 -> ok  426.569 ms  4096 KB  nodes=244
[394/4252] cvc5 | gt-has-solution-6040.smt2 -> ok  58.3402 ms  15104 KB  nodes=9
[395/4252] smt-switch | gt-has-solution-6040.smt2 -> fail  8.99477 ms  9216 KB  nodes=0
[396/4252] native | toIntegral-has-solution-1123.smt2 -> ok  23.4347 ms  17152 KB  nodes=14
[397/4252] pysmt | toIntegral-has-solution-1123.smt2 -> fail  0 ms  0 KB  nodes=0
[398/4252] jsmtlib | toIntegral-has-solution-1123.smt2 -> ok  1154.11 ms  2048 KB  nodes=28
[399/4252] z3 | toIntegral-has-solution-1123.smt2 -> ok  18.382 ms  7808 KB  nodes=17
[400/4252] antlr4 | toIntegral-has-solution-1123.smt2 -> ok  423.705 ms  4096 KB  nodes=243
[401/4252] cvc5 | toIntegral-has-solution-1123.smt2 -> ok  61.728 ms  14848 KB  nodes=9
[402/4252] smt-switch | toIntegral-has-solution-1123.smt2 -> fail  10.0437 ms  9344 KB  nodes=0
[403/4252] native | sqrt-has-no-other-solution-1127.smt2 -> ok  24.2022 ms  17280 KB  nodes=15
[404/4252] pysmt | sqrt-has-no-other-solution-1127.smt2 -> fail  0 ms  0 KB  nodes=0
[405/4252] jsmtlib | sqrt-has-no-other-solution-1127.smt2 -> ok  1269.69 ms  2048 KB  nodes=31
[406/4252] z3 | sqrt-has-no-other-solution-1127.smt2 -> ok  16.556 ms  7680 KB  nodes=18
[407/4252] antlr4 | sqrt-has-no-other-solution-1127.smt2 -> ok  445.593 ms  4096 KB  nodes=252
[408/4252] cvc5 | sqrt-has-no-other-solution-1127.smt2 -> ok  53.3399 ms  14720 KB  nodes=10
[409/4252] smt-switch | sqrt-has-no-other-solution-1127.smt2 -> fail  9.08261 ms  9216 KB  nodes=0
[410/4252] native | div-has-no-other-solution-613.smt2 -> ok  31.9151 ms  17152 KB  nodes=19
[411/4252] pysmt | div-has-no-other-solution-613.smt2 -> fail  0 ms  0 KB  nodes=0
[412/4252] jsmtlib | div-has-no-other-solution-613.smt2 -> ok  1227.97 ms  2048 KB  nodes=37
[413/4252] z3 | div-has-no-other-solution-613.smt2 -> ok  21.726 ms  7808 KB  nodes=22
[414/4252] antlr4 | div-has-no-other-solution-613.smt2 -> ok  467.783 ms  4096 KB  nodes=307
[415/4252] cvc5 | div-has-no-other-solution-613.smt2 -> ok  61.8491 ms  14720 KB  nodes=13
[416/4252] smt-switch | div-has-no-other-solution-613.smt2 -> fail  7.2672 ms  9216 KB  nodes=0
[417/4252] native | eq-has-no-other-solution-11600.smt2 -> ok  25.7821 ms  17280 KB  nodes=13
[418/4252] pysmt | eq-has-no-other-solution-11600.smt2 -> fail  0 ms  0 KB  nodes=0
[419/4252] jsmtlib | eq-has-no-other-solution-11600.smt2 -> ok  1146.88 ms  2048 KB  nodes=31
[420/4252] z3 | eq-has-no-other-solution-11600.smt2 -> ok  12.246 ms  7808 KB  nodes=18
[421/4252] antlr4 | eq-has-no-other-solution-11600.smt2 -> ok  432.79 ms  4096 KB  nodes=253
[422/4252] cvc5 | eq-has-no-other-solution-11600.smt2 -> ok  55.674 ms  14720 KB  nodes=10
[423/4252] smt-switch | eq-has-no-other-solution-11600.smt2 -> fail  9.18507 ms  8960 KB  nodes=0
[424/4252] native | mul-has-solution-4430.smt2 -> ok  23.1178 ms  17152 KB  nodes=20
[425/4252] pysmt | mul-has-solution-4430.smt2 -> fail  0 ms  0 KB  nodes=0
[426/4252] jsmtlib | mul-has-solution-4430.smt2 -> ok  1141.67 ms  2048 KB  nodes=38
[427/4252] z3 | mul-has-solution-4430.smt2 -> ok  19.402 ms  7808 KB  nodes=24
[428/4252] antlr4 | mul-has-solution-4430.smt2 -> ok  426.232 ms  4096 KB  nodes=303
[429/4252] cvc5 | mul-has-solution-4430.smt2 -> ok  55.9622 ms  14976 KB  nodes=12
[430/4252] smt-switch | mul-has-solution-4430.smt2 -> fail  7.63317 ms  9216 KB  nodes=0
[431/4252] native | abs-has-no-other-solution-6207.smt2 -> ok  23.0348 ms  17152 KB  nodes=11
[432/4252] pysmt | abs-has-no-other-solution-6207.smt2 -> fail  0 ms  0 KB  nodes=0
[433/4252] jsmtlib | abs-has-no-other-solution-6207.smt2 -> ok  1121.54 ms  2048 KB  nodes=28
[434/4252] z3 | abs-has-no-other-solution-6207.smt2 -> ok  14.738 ms  7808 KB  nodes=17
[435/4252] antlr4 | abs-has-no-other-solution-6207.smt2 -> ok  426.505 ms  4096 KB  nodes=246
[436/4252] cvc5 | abs-has-no-other-solution-6207.smt2 -> ok  56.2089 ms  14720 KB  nodes=8
[437/4252] smt-switch | abs-has-no-other-solution-6207.smt2 -> fail  8.10636 ms  9472 KB  nodes=0
[438/4252] native | toIntegral-has-no-other-solution-1198.sm -> ok  26.3933 ms  17152 KB  nodes=12
[439/4252] pysmt | toIntegral-has-no-other-solution-1198.sm -> fail  0 ms  0 KB  nodes=0
[440/4252] jsmtlib | toIntegral-has-no-other-solution-1198.sm -> ok  1166.77 ms  2048 KB  nodes=31
[441/4252] z3 | toIntegral-has-no-other-solution-1198.sm -> ok  13.598 ms  7808 KB  nodes=18
[442/4252] antlr4 | toIntegral-has-no-other-solution-1198.sm -> ok  426.944 ms  4096 KB  nodes=252
[443/4252] cvc5 | toIntegral-has-no-other-solution-1198.sm -> ok  56.8663 ms  14720 KB  nodes=9
[444/4252] smt-switch | toIntegral-has-no-other-solution-1198.sm -> fail  8.6399 ms  9088 KB  nodes=0
[445/4252] native | abs-has-no-other-solution-17873.smt2 -> ok  23.4161 ms  17152 KB  nodes=13
[446/4252] pysmt | abs-has-no-other-solution-17873.smt2 -> fail  0 ms  0 KB  nodes=0
[447/4252] jsmtlib | abs-has-no-other-solution-17873.smt2 -> ok  1122.75 ms  2048 KB  nodes=30
[448/4252] z3 | abs-has-no-other-solution-17873.smt2 -> ok  17.389 ms  7808 KB  nodes=17
[449/4252] antlr4 | abs-has-no-other-solution-17873.smt2 -> ok  413.273 ms  4096 KB  nodes=246
[450/4252] cvc5 | abs-has-no-other-solution-17873.smt2 -> ok  51.5355 ms  14720 KB  nodes=9
[451/4252] smt-switch | abs-has-no-other-solution-17873.smt2 -> fail  7.57814 ms  9344 KB  nodes=0
[452/4252] native | sqrt-has-solution-8704.smt2 -> ok  22.1041 ms  17152 KB  nodes=14
[453/4252] pysmt | sqrt-has-solution-8704.smt2 -> fail  0 ms  0 KB  nodes=0
[454/4252] jsmtlib | sqrt-has-solution-8704.smt2 -> ok  1114.89 ms  2048 KB  nodes=30
[455/4252] z3 | sqrt-has-solution-8704.smt2 -> ok  12.618 ms  7808 KB  nodes=17
[456/4252] antlr4 | sqrt-has-solution-8704.smt2 -> ok  416.084 ms  4096 KB  nodes=243
[457/4252] cvc5 | sqrt-has-solution-8704.smt2 -> ok  56.3849 ms  14976 KB  nodes=9
[458/4252] smt-switch | sqrt-has-solution-8704.smt2 -> fail  7.97075 ms  9344 KB  nodes=0
[459/4252] native | rem-has-no-other-solution-7424.smt2 -> ok  21.6787 ms  17280 KB  nodes=16
[460/4252] pysmt | rem-has-no-other-solution-7424.smt2 -> fail  0 ms  0 KB  nodes=0
[461/4252] jsmtlib | rem-has-no-other-solution-7424.smt2 -> ok  1148.52 ms  2048 KB  nodes=39
[462/4252] z3 | rem-has-no-other-solution-7424.smt2 -> ok  14.565 ms  7808 KB  nodes=24
[463/4252] antlr4 | rem-has-no-other-solution-7424.smt2 -> ok  441.085 ms  4096 KB  nodes=306
[464/4252] cvc5 | rem-has-no-other-solution-7424.smt2 -> ok  57.0256 ms  14848 KB  nodes=11
[465/4252] smt-switch | rem-has-no-other-solution-7424.smt2 -> fail  8.40104 ms  9216 KB  nodes=0
[466/4252] native | sqrt-has-solution-1465.smt2 -> ok  25.6679 ms  17152 KB  nodes=14
[467/4252] pysmt | sqrt-has-solution-1465.smt2 -> fail  0 ms  0 KB  nodes=0
[468/4252] jsmtlib | sqrt-has-solution-1465.smt2 -> ok  1105.03 ms  2048 KB  nodes=30
[469/4252] z3 | sqrt-has-solution-1465.smt2 -> ok  13.375 ms  7808 KB  nodes=17
[470/4252] antlr4 | sqrt-has-solution-1465.smt2 -> ok  439.39 ms  4096 KB  nodes=243
[471/4252] cvc5 | sqrt-has-solution-1465.smt2 -> ok  60.033 ms  14848 KB  nodes=9
[472/4252] smt-switch | sqrt-has-solution-1465.smt2 -> fail  10.4044 ms  9344 KB  nodes=0
[473/4252] native | rem-has-solution-12184.smt2 -> ok  29.7464 ms  17152 KB  nodes=18
[474/4252] pysmt | rem-has-solution-12184.smt2 -> fail  0 ms  0 KB  nodes=0
[475/4252] jsmtlib | rem-has-solution-12184.smt2 -> ok  1170.45 ms  2048 KB  nodes=38
[476/4252] z3 | rem-has-solution-12184.smt2 -> ok  13.791 ms  7808 KB  nodes=23
[477/4252] antlr4 | rem-has-solution-12184.smt2 -> ok  454.581 ms  4096 KB  nodes=297
[478/4252] cvc5 | rem-has-solution-12184.smt2 -> ok  59.0212 ms  14976 KB  nodes=11
[479/4252] smt-switch | rem-has-solution-12184.smt2 -> fail  7.46236 ms  9344 KB  nodes=0
[480/4252] native | gt-has-no-other-solution-7489.smt2 -> ok  23.4038 ms  17152 KB  nodes=14
[481/4252] pysmt | gt-has-no-other-solution-7489.smt2 -> fail  0 ms  0 KB  nodes=0
[482/4252] jsmtlib | gt-has-no-other-solution-7489.smt2 -> ok  1105.73 ms  2048 KB  nodes=31
[483/4252] z3 | gt-has-no-other-solution-7489.smt2 -> ok  14.06 ms  7808 KB  nodes=18
[484/4252] antlr4 | gt-has-no-other-solution-7489.smt2 -> ok  438.082 ms  4096 KB  nodes=253
[485/4252] cvc5 | gt-has-no-other-solution-7489.smt2 -> ok  53.5904 ms  14720 KB  nodes=10
[486/4252] smt-switch | gt-has-no-other-solution-7489.smt2 -> fail  7.66085 ms  9088 KB  nodes=0
[487/4252] native | rem-has-solution-17252.smt2 -> ok  21.2431 ms  17280 KB  nodes=15
[488/4252] pysmt | rem-has-solution-17252.smt2 -> fail  0 ms  0 KB  nodes=0
[489/4252] jsmtlib | rem-has-solution-17252.smt2 -> ok  1108.89 ms  2048 KB  nodes=38
[490/4252] z3 | rem-has-solution-17252.smt2 -> ok  14.472 ms  7808 KB  nodes=23
[491/4252] antlr4 | rem-has-solution-17252.smt2 -> ok  418.345 ms  4096 KB  nodes=297
[492/4252] cvc5 | rem-has-solution-17252.smt2 -> ok  57.158 ms  15104 KB  nodes=10
[493/4252] smt-switch | rem-has-solution-17252.smt2 -> fail  10.6252 ms  9344 KB  nodes=0
[494/4252] native | eq-has-no-other-solution-16455.smt2 -> ok  22.139 ms  17280 KB  nodes=12
[495/4252] pysmt | eq-has-no-other-solution-16455.smt2 -> fail  0 ms  0 KB  nodes=0
[496/4252] jsmtlib | eq-has-no-other-solution-16455.smt2 -> ok  1138.83 ms  2048 KB  nodes=31
[497/4252] z3 | eq-has-no-other-solution-16455.smt2 -> ok  12.711 ms  7808 KB  nodes=18
[498/4252] antlr4 | eq-has-no-other-solution-16455.smt2 -> ok  416.81 ms  4096 KB  nodes=253
[499/4252] cvc5 | eq-has-no-other-solution-16455.smt2 -> ok  65.2159 ms  14976 KB  nodes=10
[500/4252] smt-switch | eq-has-no-other-solution-16455.smt2 -> fail  7.41708 ms  9472 KB  nodes=0
[501/4252] native | abs-has-solution-15527.smt2 -> ok  20.1008 ms  17152 KB  nodes=12
[502/4252] pysmt | abs-has-solution-15527.smt2 -> fail  0 ms  0 KB  nodes=0
[503/4252] jsmtlib | abs-has-solution-15527.smt2 -> ok  1103.83 ms  2048 KB  nodes=29
[504/4252] z3 | abs-has-solution-15527.smt2 -> ok  13.322 ms  7808 KB  nodes=16
[505/4252] antlr4 | abs-has-solution-15527.smt2 -> ok  404.749 ms  4096 KB  nodes=237
[506/4252] cvc5 | abs-has-solution-15527.smt2 -> ok  54.1485 ms  14976 KB  nodes=8
[507/4252] smt-switch | abs-has-solution-15527.smt2 -> fail  8.61763 ms  9216 KB  nodes=0
[508/4252] native | max-has-solution-1511.smt2 -> ok  20.8468 ms  17024 KB  nodes=13
[509/4252] pysmt | max-has-solution-1511.smt2 -> fail  0 ms  0 KB  nodes=0
[510/4252] jsmtlib | max-has-solution-1511.smt2 -> ok  1097.27 ms  2048 KB  nodes=35
[511/4252] z3 | max-has-solution-1511.smt2 -> ok  13.159 ms  7936 KB  nodes=20
[512/4252] antlr4 | max-has-solution-1511.smt2 -> ok  405.991 ms  4096 KB  nodes=292
[513/4252] cvc5 | max-has-solution-1511.smt2 -> ok  59.1182 ms  15104 KB  nodes=10
[514/4252] smt-switch | max-has-solution-1511.smt2 -> fail  8.77099 ms  9216 KB  nodes=0
[515/4252] native | abs-has-no-other-solution-10368.smt2 -> ok  21.6082 ms  17152 KB  nodes=13
[516/4252] pysmt | abs-has-no-other-solution-10368.smt2 -> fail  0 ms  0 KB  nodes=0
[517/4252] jsmtlib | abs-has-no-other-solution-10368.smt2 -> ok  1095.71 ms  2048 KB  nodes=30
[518/4252] z3 | abs-has-no-other-solution-10368.smt2 -> ok  15.108 ms  7808 KB  nodes=17
[519/4252] antlr4 | abs-has-no-other-solution-10368.smt2 -> ok  437.482 ms  4096 KB  nodes=246
[520/4252] cvc5 | abs-has-no-other-solution-10368.smt2 -> ok  53.1221 ms  14592 KB  nodes=9
[521/4252] smt-switch | abs-has-no-other-solution-10368.smt2 -> fail  9.04069 ms  9216 KB  nodes=0
[522/4252] native | sqrt-has-no-other-solution-13591.smt2 -> timeout  10000 ms  17152 KB  nodes=15
[523/4252] pysmt | sqrt-has-no-other-solution-13591.smt2 -> fail  0 ms  0 KB  nodes=0
[524/4252] jsmtlib | sqrt-has-no-other-solution-13591.smt2 -> ok  1094.16 ms  2048 KB  nodes=31
[525/4252] z3 | sqrt-has-no-other-solution-13591.smt2 -> ok  17.836 ms  7808 KB  nodes=18
[526/4252] antlr4 | sqrt-has-no-other-solution-13591.smt2 -> ok  415.847 ms  4096 KB  nodes=252
[527/4252] cvc5 | sqrt-has-no-other-solution-13591.smt2 -> ok  52.9396 ms  14720 KB  nodes=10
[528/4252] smt-switch | sqrt-has-no-other-solution-13591.smt2 -> fail  8.64389 ms  9216 KB  nodes=0
[529/4252] native | rem-has-no-other-solution-3377.smt2 -> ok  20.7824 ms  17280 KB  nodes=16
[530/4252] pysmt | rem-has-no-other-solution-3377.smt2 -> fail  0 ms  0 KB  nodes=0
[531/4252] jsmtlib | rem-has-no-other-solution-3377.smt2 -> ok  1143.38 ms  2048 KB  nodes=39
[532/4252] z3 | rem-has-no-other-solution-3377.smt2 -> ok  13.712 ms  7808 KB  nodes=24
[533/4252] antlr4 | rem-has-no-other-solution-3377.smt2 -> ok  408.069 ms  4096 KB  nodes=306
[534/4252] cvc5 | rem-has-no-other-solution-3377.smt2 -> ok  56.2808 ms  14720 KB  nodes=11
[535/4252] smt-switch | rem-has-no-other-solution-3377.smt2 -> fail  8.00207 ms  9088 KB  nodes=0
[536/4252] native | lt-has-solution-14434.smt2 -> ok  23.6724 ms  17152 KB  nodes=13
[537/4252] pysmt | lt-has-solution-14434.smt2 -> fail  0 ms  0 KB  nodes=0
[538/4252] jsmtlib | lt-has-solution-14434.smt2 -> ok  1136.68 ms  2048 KB  nodes=30
[539/4252] z3 | lt-has-solution-14434.smt2 -> ok  15.277 ms  7808 KB  nodes=17
[540/4252] antlr4 | lt-has-solution-14434.smt2 -> ok  478.542 ms  4096 KB  nodes=244
[541/4252] cvc5 | lt-has-solution-14434.smt2 -> ok  56.6928 ms  15104 KB  nodes=9
[542/4252] smt-switch | lt-has-solution-14434.smt2 -> fail  7.91982 ms  9344 KB  nodes=0
[543/4252] native | sqrt-has-solution-13282.smt2 -> ok  24.6394 ms  17152 KB  nodes=14
[544/4252] pysmt | sqrt-has-solution-13282.smt2 -> fail  0 ms  0 KB  nodes=0
[545/4252] jsmtlib | sqrt-has-solution-13282.smt2 -> ok  1080.98 ms  2048 KB  nodes=29
[546/4252] z3 | sqrt-has-solution-13282.smt2 -> ok  13.741 ms  7808 KB  nodes=17
[547/4252] antlr4 | sqrt-has-solution-13282.smt2 -> ok  413.814 ms  4096 KB  nodes=243
[548/4252] cvc5 | sqrt-has-solution-13282.smt2 -> ok  53.0551 ms  15104 KB  nodes=9
[549/4252] smt-switch | sqrt-has-solution-13282.smt2 -> fail  9.05588 ms  9344 KB  nodes=0
[550/4252] native | sub-has-no-other-solution-16629.smt2 -> ok  22.377 ms  17280 KB  nodes=18
[551/4252] pysmt | sub-has-no-other-solution-16629.smt2 -> fail  0 ms  0 KB  nodes=0
[552/4252] jsmtlib | sub-has-no-other-solution-16629.smt2 -> ok  1194.31 ms  2048 KB  nodes=38
[553/4252] z3 | sub-has-no-other-solution-16629.smt2 -> ok  12.328 ms  7808 KB  nodes=25
[554/4252] antlr4 | sub-has-no-other-solution-16629.smt2 -> ok  399.21 ms  4096 KB  nodes=312
[555/4252] cvc5 | sub-has-no-other-solution-16629.smt2 -> ok  49.8801 ms  14848 KB  nodes=12
[556/4252] smt-switch | sub-has-no-other-solution-16629.smt2 -> fail  6.80079 ms  9472 KB  nodes=0
[557/4252] native | abs-has-solution-6207.smt2 -> ok  25.8127 ms  17152 KB  nodes=10
[558/4252] pysmt | abs-has-solution-6207.smt2 -> fail  0 ms  0 KB  nodes=0
[559/4252] jsmtlib | abs-has-solution-6207.smt2 -> ok  1898.19 ms  2048 KB  nodes=27
[560/4252] z3 | abs-has-solution-6207.smt2 -> ok  21.538 ms  7680 KB  nodes=16
[561/4252] antlr4 | abs-has-solution-6207.smt2 -> ok  438.824 ms  4096 KB  nodes=237
[562/4252] cvc5 | abs-has-solution-6207.smt2 -> ok  52.8457 ms  15104 KB  nodes=7
[563/4252] smt-switch | abs-has-solution-6207.smt2 -> fail  8.37313 ms  9472 KB  nodes=0
[564/4252] native | sqrt-has-no-other-solution-17101.smt2 -> ok  21.8042 ms  17152 KB  nodes=15
[565/4252] pysmt | sqrt-has-no-other-solution-17101.smt2 -> fail  0 ms  0 KB  nodes=0
[566/4252] jsmtlib | sqrt-has-no-other-solution-17101.smt2 -> ok  467.036 ms  2048 KB  nodes=31
[567/4252] z3 | sqrt-has-no-other-solution-17101.smt2 -> ok  13.503 ms  7808 KB  nodes=18
[568/4252] antlr4 | sqrt-has-no-other-solution-17101.smt2 -> ok  402.465 ms  4096 KB  nodes=252
[569/4252] cvc5 | sqrt-has-no-other-solution-17101.smt2 -> ok  51.5163 ms  14720 KB  nodes=10
[570/4252] smt-switch | sqrt-has-no-other-solution-17101.smt2 -> fail  7.06534 ms  9472 KB  nodes=0
[571/4252] native | abs-has-solution-6616.smt2 -> ok  27.0911 ms  17152 KB  nodes=12
[572/4252] pysmt | abs-has-solution-6616.smt2 -> fail  0 ms  0 KB  nodes=0
[573/4252] jsmtlib | abs-has-solution-6616.smt2 -> ok  775.972 ms  2048 KB  nodes=29
[574/4252] z3 | abs-has-solution-6616.smt2 -> ok  13.763 ms  7808 KB  nodes=16
[575/4252] antlr4 | abs-has-solution-6616.smt2 -> ok  417.507 ms  4096 KB  nodes=237
[576/4252] cvc5 | abs-has-solution-6616.smt2 -> ok  51.1133 ms  14720 KB  nodes=8
[577/4252] smt-switch | abs-has-solution-6616.smt2 -> fail  7.99519 ms  9216 KB  nodes=0
[578/4252] native | gt-has-no-other-solution-2881.smt2 -> ok  21.7753 ms  17152 KB  nodes=13
[579/4252] pysmt | gt-has-no-other-solution-2881.smt2 -> fail  0 ms  0 KB  nodes=0
[580/4252] jsmtlib | gt-has-no-other-solution-2881.smt2 -> ok  1119.17 ms  2048 KB  nodes=31
[581/4252] z3 | gt-has-no-other-solution-2881.smt2 -> ok  12.454 ms  7808 KB  nodes=18
[582/4252] antlr4 | gt-has-no-other-solution-2881.smt2 -> ok  416.988 ms  4096 KB  nodes=253
[583/4252] cvc5 | gt-has-no-other-solution-2881.smt2 -> ok  49.5296 ms  14720 KB  nodes=10
[584/4252] smt-switch | gt-has-no-other-solution-2881.smt2 -> fail  8.15263 ms  9472 KB  nodes=0
[585/4252] native | abs-has-no-other-solution-19416.smt2 -> ok  21.9436 ms  17152 KB  nodes=11
[586/4252] pysmt | abs-has-no-other-solution-19416.smt2 -> fail  0 ms  0 KB  nodes=0
[587/4252] jsmtlib | abs-has-no-other-solution-19416.smt2 -> ok  1113.3 ms  2048 KB  nodes=30
[588/4252] z3 | abs-has-no-other-solution-19416.smt2 -> ok  12.882 ms  7808 KB  nodes=17
[589/4252] antlr4 | abs-has-no-other-solution-19416.smt2 -> ok  755.073 ms  4096 KB  nodes=246
[590/4252] cvc5 | abs-has-no-other-solution-19416.smt2 -> ok  52.4051 ms  14720 KB  nodes=8
[591/4252] smt-switch | abs-has-no-other-solution-19416.smt2 -> fail  7.55856 ms  9216 KB  nodes=0
[592/4252] native | rem-has-no-other-solution-3776.smt2 -> ok  21.9273 ms  17280 KB  nodes=20
[593/4252] pysmt | rem-has-no-other-solution-3776.smt2 -> fail  0 ms  0 KB  nodes=0
[594/4252] jsmtlib | rem-has-no-other-solution-3776.smt2 -> ok  1126.85 ms  2048 KB  nodes=39
[595/4252] z3 | rem-has-no-other-solution-3776.smt2 -> ok  14.38 ms  7808 KB  nodes=24
[596/4252] antlr4 | rem-has-no-other-solution-3776.smt2 -> ok  402.442 ms  4096 KB  nodes=306
[597/4252] cvc5 | rem-has-no-other-solution-3776.smt2 -> ok  59.6278 ms  14720 KB  nodes=12
[598/4252] smt-switch | rem-has-no-other-solution-3776.smt2 -> fail  10.0932 ms  9216 KB  nodes=0
[599/4252] native | sqrt-has-no-other-solution-11320.smt2 -> ok  24.6031 ms  17152 KB  nodes=15
[600/4252] pysmt | sqrt-has-no-other-solution-11320.smt2 -> fail  0 ms  0 KB  nodes=0
[601/4252] jsmtlib | sqrt-has-no-other-solution-11320.smt2 -> ok  1121.14 ms  2048 KB  nodes=31
[602/4252] z3 | sqrt-has-no-other-solution-11320.smt2 -> ok  13.419 ms  7808 KB  nodes=18
[603/4252] antlr4 | sqrt-has-no-other-solution-11320.smt2 -> ok  440.308 ms  4096 KB  nodes=252
[604/4252] cvc5 | sqrt-has-no-other-solution-11320.smt2 -> ok  54.2369 ms  14464 KB  nodes=10
[605/4252] smt-switch | sqrt-has-no-other-solution-11320.smt2 -> fail  7.54372 ms  9344 KB  nodes=0
[606/4252] native | lt-has-solution-7304.smt2 -> ok  22.2313 ms  17152 KB  nodes=13
[607/4252] pysmt | lt-has-solution-7304.smt2 -> fail  0 ms  0 KB  nodes=0
[608/4252] jsmtlib | lt-has-solution-7304.smt2 -> ok  1212.36 ms  2048 KB  nodes=30
[609/4252] z3 | lt-has-solution-7304.smt2 -> ok  14.081 ms  7808 KB  nodes=17
[610/4252] antlr4 | lt-has-solution-7304.smt2 -> ok  419.913 ms  4096 KB  nodes=244
[611/4252] cvc5 | lt-has-solution-7304.smt2 -> ok  55.4524 ms  14976 KB  nodes=9
[612/4252] smt-switch | lt-has-solution-7304.smt2 -> fail  8.17699 ms  9216 KB  nodes=0
[613/4252] native | abs-has-solution-11434.smt2 -> ok  22.0608 ms  17152 KB  nodes=10
[614/4252] pysmt | abs-has-solution-11434.smt2 -> fail  0 ms  0 KB  nodes=0
[615/4252] jsmtlib | abs-has-solution-11434.smt2 -> ok  1095.16 ms  2048 KB  nodes=27
[616/4252] z3 | abs-has-solution-11434.smt2 -> ok  14.671 ms  7808 KB  nodes=16
[617/4252] antlr4 | abs-has-solution-11434.smt2 -> ok  414.313 ms  4096 KB  nodes=237
[618/4252] cvc5 | abs-has-solution-11434.smt2 -> ok  52.0683 ms  14848 KB  nodes=7
[619/4252] smt-switch | abs-has-solution-11434.smt2 -> fail  7.45057 ms  9088 KB  nodes=0
[620/4252] native | mul-has-solution-9259.smt2 -> ok  20.7364 ms  17152 KB  nodes=16
[621/4252] pysmt | mul-has-solution-9259.smt2 -> fail  0 ms  0 KB  nodes=0
[622/4252] jsmtlib | mul-has-solution-9259.smt2 -> ok  1103.67 ms  2048 KB  nodes=35
[623/4252] z3 | mul-has-solution-9259.smt2 -> ok  12.9 ms  7808 KB  nodes=24
[624/4252] antlr4 | mul-has-solution-9259.smt2 -> ok  429.37 ms  4096 KB  nodes=303
[625/4252] cvc5 | mul-has-solution-9259.smt2 -> ok  57.3313 ms  14976 KB  nodes=11
[626/4252] smt-switch | mul-has-solution-9259.smt2 -> fail  8.55037 ms  9088 KB  nodes=0
[627/4252] native | toIntegral-has-solution-47.smt2 -> ok  21.3165 ms  17280 KB  nodes=11
[628/4252] pysmt | toIntegral-has-solution-47.smt2 -> fail  0 ms  0 KB  nodes=0
[629/4252] jsmtlib | toIntegral-has-solution-47.smt2 -> ok  1092.51 ms  2048 KB  nodes=30
[630/4252] z3 | toIntegral-has-solution-47.smt2 -> ok  12.59 ms  7808 KB  nodes=17
[631/4252] antlr4 | toIntegral-has-solution-47.smt2 -> ok  404.83 ms  4096 KB  nodes=243
[632/4252] cvc5 | toIntegral-has-solution-47.smt2 -> ok  51.9609 ms  14976 KB  nodes=8
[633/4252] smt-switch | toIntegral-has-solution-47.smt2 -> fail  7.95248 ms  9344 KB  nodes=0
[634/4252] native | abs-has-no-other-solution-19329.smt2 -> ok  22.2572 ms  17152 KB  nodes=11
[635/4252] pysmt | abs-has-no-other-solution-19329.smt2 -> fail  0 ms  0 KB  nodes=0
[636/4252] jsmtlib | abs-has-no-other-solution-19329.smt2 -> ok  1116.4 ms  2048 KB  nodes=30
[637/4252] z3 | abs-has-no-other-solution-19329.smt2 -> ok  12.828 ms  7808 KB  nodes=17
[638/4252] antlr4 | abs-has-no-other-solution-19329.smt2 -> ok  404.237 ms  4096 KB  nodes=246
[639/4252] cvc5 | abs-has-no-other-solution-19329.smt2 -> ok  50.2177 ms  14592 KB  nodes=8
[640/4252] smt-switch | abs-has-no-other-solution-19329.smt2 -> fail  9.58637 ms  8960 KB  nodes=0
[641/4252] native | abs-has-no-other-solution-15224.smt2 -> ok  21.497 ms  17152 KB  nodes=13
[642/4252] pysmt | abs-has-no-other-solution-15224.smt2 -> fail  0 ms  0 KB  nodes=0
[643/4252] jsmtlib | abs-has-no-other-solution-15224.smt2 -> ok  1095.75 ms  2048 KB  nodes=30
[644/4252] z3 | abs-has-no-other-solution-15224.smt2 -> ok  13.301 ms  7680 KB  nodes=17
[645/4252] antlr4 | abs-has-no-other-solution-15224.smt2 -> ok  403.578 ms  4096 KB  nodes=246
[646/4252] cvc5 | abs-has-no-other-solution-15224.smt2 -> ok  52.0229 ms  14592 KB  nodes=9
[647/4252] smt-switch | abs-has-no-other-solution-15224.smt2 -> fail  8.89967 ms  9088 KB  nodes=0
[648/4252] native | rem-has-solution-14122.smt2 -> ok  22.0486 ms  17280 KB  nodes=16
[649/4252] pysmt | rem-has-solution-14122.smt2 -> fail  0 ms  0 KB  nodes=0
[650/4252] jsmtlib | rem-has-solution-14122.smt2 -> ok  1134.56 ms  2048 KB  nodes=38
[651/4252] z3 | rem-has-solution-14122.smt2 -> ok  12.738 ms  7808 KB  nodes=23
[652/4252] antlr4 | rem-has-solution-14122.smt2 -> ok  427.527 ms  4096 KB  nodes=297
[653/4252] cvc5 | rem-has-solution-14122.smt2 -> ok  55.9773 ms  14976 KB  nodes=10
[654/4252] smt-switch | rem-has-solution-14122.smt2 -> fail  8.11628 ms  9344 KB  nodes=0
[655/4252] native | sqrt-has-solution-18369.smt2 -> ok  21.4154 ms  17152 KB  nodes=14
[656/4252] pysmt | sqrt-has-solution-18369.smt2 -> fail  0 ms  0 KB  nodes=0
[657/4252] jsmtlib | sqrt-has-solution-18369.smt2 -> ok  1094.03 ms  2048 KB  nodes=30
[658/4252] z3 | sqrt-has-solution-18369.smt2 -> ok  13.287 ms  7808 KB  nodes=17
[659/4252] antlr4 | sqrt-has-solution-18369.smt2 -> ok  397.885 ms  4096 KB  nodes=243
[660/4252] cvc5 | sqrt-has-solution-18369.smt2 -> ok  51.0767 ms  14976 KB  nodes=9
[661/4252] smt-switch | sqrt-has-solution-18369.smt2 -> fail  6.9698 ms  9344 KB  nodes=0
[662/4252] native | abs-has-solution-11177.smt2 -> ok  22.676 ms  17152 KB  nodes=12
[663/4252] pysmt | abs-has-solution-11177.smt2 -> fail  0 ms  0 KB  nodes=0
[664/4252] jsmtlib | abs-has-solution-11177.smt2 -> ok  1107.14 ms  2048 KB  nodes=29
[665/4252] z3 | abs-has-solution-11177.smt2 -> ok  12.271 ms  7808 KB  nodes=16
[666/4252] antlr4 | abs-has-solution-11177.smt2 -> ok  422.66 ms  4096 KB  nodes=237
[667/4252] cvc5 | abs-has-solution-11177.smt2 -> ok  55.6273 ms  14848 KB  nodes=8
[668/4252] smt-switch | abs-has-solution-11177.smt2 -> fail  7.03802 ms  9216 KB  nodes=0
[669/4252] native | div-has-solution-19748.smt2 -> ok  20.8405 ms  17152 KB  nodes=16
[670/4252] pysmt | div-has-solution-19748.smt2 -> fail  0 ms  0 KB  nodes=0
[671/4252] jsmtlib | div-has-solution-19748.smt2 -> ok  1109.97 ms  2048 KB  nodes=35
[672/4252] z3 | div-has-solution-19748.smt2 -> ok  13.011 ms  7808 KB  nodes=21
[673/4252] antlr4 | div-has-solution-19748.smt2 -> ok  414.04 ms  4096 KB  nodes=298
[674/4252] cvc5 | div-has-solution-19748.smt2 -> ok  52.0267 ms  14976 KB  nodes=12
[675/4252] smt-switch | div-has-solution-19748.smt2 -> fail  7.79538 ms  9216 KB  nodes=0
[676/4252] native | abs-has-solution-8881.smt2 -> ok  21.0503 ms  17024 KB  nodes=10
[677/4252] pysmt | abs-has-solution-8881.smt2 -> fail  0 ms  0 KB  nodes=0
[678/4252] jsmtlib | abs-has-solution-8881.smt2 -> ok  1197.86 ms  2048 KB  nodes=29
[679/4252] z3 | abs-has-solution-8881.smt2 -> ok  12.693 ms  7808 KB  nodes=16
[680/4252] antlr4 | abs-has-solution-8881.smt2 -> ok  423.597 ms  4096 KB  nodes=237
[681/4252] cvc5 | abs-has-solution-8881.smt2 -> ok  49.5166 ms  14976 KB  nodes=7
[682/4252] smt-switch | abs-has-solution-8881.smt2 -> fail  7.66068 ms  9088 KB  nodes=0
[683/4252] native | fma-has-no-other-solution-652.smt2 -> ok  23.9021 ms  17152 KB  nodes=21
[684/4252] pysmt | fma-has-no-other-solution-652.smt2 -> fail  0 ms  0 KB  nodes=0
[685/4252] jsmtlib | fma-has-no-other-solution-652.smt2 -> ok  1124.63 ms  2048 KB  nodes=43
[686/4252] z3 | fma-has-no-other-solution-652.smt2 -> ok  18.124 ms  7808 KB  nodes=26
[687/4252] antlr4 | fma-has-no-other-solution-652.smt2 -> ok  406.488 ms  4096 KB  nodes=362
[688/4252] cvc5 | fma-has-no-other-solution-652.smt2 -> ok  51.7775 ms  14720 KB  nodes=16
[689/4252] smt-switch | fma-has-no-other-solution-652.smt2 -> fail  9.47525 ms  9472 KB  nodes=0
[690/4252] native | gt-has-no-other-solution-16203.smt2 -> ok  23.3887 ms  17152 KB  nodes=14
[691/4252] pysmt | gt-has-no-other-solution-16203.smt2 -> fail  0 ms  0 KB  nodes=0
[692/4252] jsmtlib | gt-has-no-other-solution-16203.smt2 -> ok  1095.25 ms  2048 KB  nodes=31
[693/4252] z3 | gt-has-no-other-solution-16203.smt2 -> ok  12.782 ms  7808 KB  nodes=18
[694/4252] antlr4 | gt-has-no-other-solution-16203.smt2 -> ok  403.317 ms  4096 KB  nodes=253
[695/4252] cvc5 | gt-has-no-other-solution-16203.smt2 -> ok  51.7139 ms  14720 KB  nodes=10
[696/4252] smt-switch | gt-has-no-other-solution-16203.smt2 -> fail  7.33275 ms  9216 KB  nodes=0
[697/4252] native | rem-has-solution-12802.smt2 -> ok  22.1873 ms  17152 KB  nodes=15
[698/4252] pysmt | rem-has-solution-12802.smt2 -> fail  0 ms  0 KB  nodes=0
[699/4252] jsmtlib | rem-has-solution-12802.smt2 -> ok  1126.73 ms  2048 KB  nodes=38
[700/4252] z3 | rem-has-solution-12802.smt2 -> ok  12.583 ms  7680 KB  nodes=23
[701/4252] antlr4 | rem-has-solution-12802.smt2 -> ok  427.6 ms  4096 KB  nodes=297
[702/4252] cvc5 | rem-has-solution-12802.smt2 -> ok  54.9623 ms  15232 KB  nodes=10
[703/4252] smt-switch | rem-has-solution-12802.smt2 -> fail  7.1782 ms  9472 KB  nodes=0
[704/4252] native | eq-has-no-other-solution-4796.smt2 -> ok  21.4578 ms  17152 KB  nodes=13
[705/4252] pysmt | eq-has-no-other-solution-4796.smt2 -> fail  0 ms  0 KB  nodes=0
[706/4252] jsmtlib | eq-has-no-other-solution-4796.smt2 -> ok  1100.75 ms  2048 KB  nodes=31
[707/4252] z3 | eq-has-no-other-solution-4796.smt2 -> ok  17.184 ms  7808 KB  nodes=18
[708/4252] antlr4 | eq-has-no-other-solution-4796.smt2 -> ok  414.186 ms  4096 KB  nodes=253
[709/4252] cvc5 | eq-has-no-other-solution-4796.smt2 -> ok  49.9131 ms  14464 KB  nodes=10
[710/4252] smt-switch | eq-has-no-other-solution-4796.smt2 -> fail  6.94527 ms  9344 KB  nodes=0
[711/4252] native | rem-has-solution-15602.smt2 -> ok  21.6464 ms  17152 KB  nodes=18
[712/4252] pysmt | rem-has-solution-15602.smt2 -> fail  0 ms  0 KB  nodes=0
[713/4252] jsmtlib | rem-has-solution-15602.smt2 -> ok  1125.88 ms  2048 KB  nodes=38
[714/4252] z3 | rem-has-solution-15602.smt2 -> ok  12.64 ms  7808 KB  nodes=23
[715/4252] antlr4 | rem-has-solution-15602.smt2 -> ok  421.467 ms  4096 KB  nodes=297
[716/4252] cvc5 | rem-has-solution-15602.smt2 -> ok  58.476 ms  15232 KB  nodes=11
[717/4252] smt-switch | rem-has-solution-15602.smt2 -> fail  8.21147 ms  8960 KB  nodes=0
[718/4252] native | abs-has-no-other-solution-2608.smt2 -> ok  21.3685 ms  17024 KB  nodes=11
[719/4252] pysmt | abs-has-no-other-solution-2608.smt2 -> fail  0 ms  0 KB  nodes=0
[720/4252] jsmtlib | abs-has-no-other-solution-2608.smt2 -> ok  1114.07 ms  2048 KB  nodes=30
[721/4252] z3 | abs-has-no-other-solution-2608.smt2 -> ok  18.152 ms  7808 KB  nodes=17
[722/4252] antlr4 | abs-has-no-other-solution-2608.smt2 -> ok  418.38 ms  4096 KB  nodes=246
[723/4252] cvc5 | abs-has-no-other-solution-2608.smt2 -> ok  51.8395 ms  14848 KB  nodes=8
[724/4252] smt-switch | abs-has-no-other-solution-2608.smt2 -> fail  6.97762 ms  9344 KB  nodes=0
[725/4252] native | abs-has-solution-4779.smt2 -> ok  20.6629 ms  17152 KB  nodes=10
[726/4252] pysmt | abs-has-solution-4779.smt2 -> fail  0 ms  0 KB  nodes=0
[727/4252] jsmtlib | abs-has-solution-4779.smt2 -> ok  1127.21 ms  2048 KB  nodes=29
[728/4252] z3 | abs-has-solution-4779.smt2 -> ok  13.031 ms  7808 KB  nodes=16
[729/4252] antlr4 | abs-has-solution-4779.smt2 -> ok  454.722 ms  4096 KB  nodes=237
[730/4252] cvc5 | abs-has-solution-4779.smt2 -> ok  52.8026 ms  14976 KB  nodes=7
[731/4252] smt-switch | abs-has-solution-4779.smt2 -> fail  7.58557 ms  9216 KB  nodes=0
[732/4252] native | abs-has-solution-3038.smt2 -> ok  20.5935 ms  17152 KB  nodes=12
[733/4252] pysmt | abs-has-solution-3038.smt2 -> fail  0 ms  0 KB  nodes=0
[734/4252] jsmtlib | abs-has-solution-3038.smt2 -> ok  845.921 ms  2048 KB  nodes=29
[735/4252] z3 | abs-has-solution-3038.smt2 -> ok  12.648 ms  7808 KB  nodes=16
[736/4252] antlr4 | abs-has-solution-3038.smt2 -> ok  403.059 ms  4096 KB  nodes=237
[737/4252] cvc5 | abs-has-solution-3038.smt2 -> ok  53.645 ms  14976 KB  nodes=8
[738/4252] smt-switch | abs-has-solution-3038.smt2 -> fail  6.73976 ms  9088 KB  nodes=0
[739/4252] native | lt-has-no-other-solution-18979.smt2 -> ok  21.9407 ms  17152 KB  nodes=14
[740/4252] pysmt | lt-has-no-other-solution-18979.smt2 -> fail  0 ms  0 KB  nodes=0
[741/4252] jsmtlib | lt-has-no-other-solution-18979.smt2 -> ok  1200.81 ms  2048 KB  nodes=31
[742/4252] z3 | lt-has-no-other-solution-18979.smt2 -> ok  13.529 ms  7808 KB  nodes=18
[743/4252] antlr4 | lt-has-no-other-solution-18979.smt2 -> ok  416.314 ms  4096 KB  nodes=253
[744/4252] cvc5 | lt-has-no-other-solution-18979.smt2 -> ok  53.2404 ms  14592 KB  nodes=10
[745/4252] smt-switch | lt-has-no-other-solution-18979.smt2 -> fail  7.48425 ms  9472 KB  nodes=0
[746/4252] native | lt-has-no-other-solution-19284.smt2 -> ok  22.0671 ms  17152 KB  nodes=12
[747/4252] pysmt | lt-has-no-other-solution-19284.smt2 -> fail  0 ms  0 KB  nodes=0
[748/4252] jsmtlib | lt-has-no-other-solution-19284.smt2 -> ok  1369.59 ms  2048 KB  nodes=31
[749/4252] z3 | lt-has-no-other-solution-19284.smt2 -> ok  36.204 ms  7808 KB  nodes=18
[750/4252] antlr4 | lt-has-no-other-solution-19284.smt2 -> ok  1152.12 ms  4096 KB  nodes=253
[751/4252] cvc5 | lt-has-no-other-solution-19284.smt2 -> ok  69.4446 ms  14720 KB  nodes=10
[752/4252] smt-switch | lt-has-no-other-solution-19284.smt2 -> fail  8.15537 ms  8960 KB  nodes=0
[753/4252] native | rem-has-no-other-solution-19545.smt2 -> ok  29.0669 ms  17152 KB  nodes=17
[754/4252] pysmt | rem-has-no-other-solution-19545.smt2 -> fail  0 ms  0 KB  nodes=0
[755/4252] jsmtlib | rem-has-no-other-solution-19545.smt2 -> ok  929.876 ms  2048 KB  nodes=39
[756/4252] z3 | rem-has-no-other-solution-19545.smt2 -> ok  15.901 ms  7808 KB  nodes=24
[757/4252] antlr4 | rem-has-no-other-solution-19545.smt2 -> ok  438.7 ms  4096 KB  nodes=306
[758/4252] cvc5 | rem-has-no-other-solution-19545.smt2 -> ok  66.6376 ms  14720 KB  nodes=11
[759/4252] smt-switch | rem-has-no-other-solution-19545.smt2 -> fail  7.70163 ms  9216 KB  nodes=0
[760/4252] native | rem-has-solution-2022.smt2 -> ok  22.3298 ms  17152 KB  nodes=18
[761/4252] pysmt | rem-has-solution-2022.smt2 -> fail  0 ms  0 KB  nodes=0
[762/4252] jsmtlib | rem-has-solution-2022.smt2 -> ok  698.249 ms  2048 KB  nodes=38
[763/4252] z3 | rem-has-solution-2022.smt2 -> ok  12.684 ms  7808 KB  nodes=23
[764/4252] antlr4 | rem-has-solution-2022.smt2 -> ok  417.473 ms  4096 KB  nodes=297
[765/4252] cvc5 | rem-has-solution-2022.smt2 -> ok  57.3879 ms  15104 KB  nodes=11
[766/4252] smt-switch | rem-has-solution-2022.smt2 -> fail  9.23959 ms  9088 KB  nodes=0
[767/4252] native | max-has-no-other-solution-3016.smt2 -> ok  25.1299 ms  17152 KB  nodes=17
[768/4252] pysmt | max-has-no-other-solution-3016.smt2 -> fail  0 ms  0 KB  nodes=0
[769/4252] jsmtlib | max-has-no-other-solution-3016.smt2 -> ok  964.279 ms  2048 KB  nodes=39
[770/4252] z3 | max-has-no-other-solution-3016.smt2 -> ok  14.393 ms  7808 KB  nodes=24
[771/4252] antlr4 | max-has-no-other-solution-3016.smt2 -> ok  411.191 ms  4096 KB  nodes=306
[772/4252] cvc5 | max-has-no-other-solution-3016.smt2 -> ok  53.1203 ms  14720 KB  nodes=11
[773/4252] smt-switch | max-has-no-other-solution-3016.smt2 -> fail  7.07751 ms  9344 KB  nodes=0
[774/4252] native | max-has-no-other-solution-13186.smt2 -> ok  46.4285 ms  17152 KB  nodes=16
[775/4252] pysmt | max-has-no-other-solution-13186.smt2 -> fail  0 ms  0 KB  nodes=0
[776/4252] jsmtlib | max-has-no-other-solution-13186.smt2 -> ok  1092.34 ms  2048 KB  nodes=39
[777/4252] z3 | max-has-no-other-solution-13186.smt2 -> ok  12.525 ms  7808 KB  nodes=24
[778/4252] antlr4 | max-has-no-other-solution-13186.smt2 -> ok  426.337 ms  4096 KB  nodes=306
[779/4252] cvc5 | max-has-no-other-solution-13186.smt2 -> ok  52.0765 ms  14720 KB  nodes=11
[780/4252] smt-switch | max-has-no-other-solution-13186.smt2 -> fail  7.69694 ms  9344 KB  nodes=0
[781/4252] native | div-has-solution-18896.smt2 -> ok  21.3395 ms  17152 KB  nodes=20
[782/4252] pysmt | div-has-solution-18896.smt2 -> fail  0 ms  0 KB  nodes=0
[783/4252] jsmtlib | div-has-solution-18896.smt2 -> ok  1085.14 ms  2048 KB  nodes=39
[784/4252] z3 | div-has-solution-18896.smt2 -> ok  13.538 ms  7808 KB  nodes=24
[785/4252] antlr4 | div-has-solution-18896.smt2 -> ok  405.675 ms  4096 KB  nodes=303
[786/4252] cvc5 | div-has-solution-18896.smt2 -> ok  52.6232 ms  15104 KB  nodes=12
[787/4252] smt-switch | div-has-solution-18896.smt2 -> fail  9.19351 ms  8960 KB  nodes=0
[788/4252] native | add-has-solution-17210.smt2 -> ok  21.9776 ms  17152 KB  nodes=17
[789/4252] pysmt | add-has-solution-17210.smt2 -> fail  0 ms  0 KB  nodes=0
[790/4252] jsmtlib | add-has-solution-17210.smt2 -> ok  1109.67 ms  2048 KB  nodes=39
[791/4252] z3 | add-has-solution-17210.smt2 -> ok  12.4 ms  7808 KB  nodes=24
[792/4252] antlr4 | add-has-solution-17210.smt2 -> ok  401.865 ms  4096 KB  nodes=303
[793/4252] cvc5 | add-has-solution-17210.smt2 -> ok  52.4921 ms  15104 KB  nodes=11
[794/4252] smt-switch | add-has-solution-17210.smt2 -> fail  7.47942 ms  9472 KB  nodes=0
[795/4252] native | max-has-no-other-solution-9089.smt2 -> ok  22.1108 ms  17152 KB  nodes=16
[796/4252] pysmt | max-has-no-other-solution-9089.smt2 -> fail  0 ms  0 KB  nodes=0
[797/4252] jsmtlib | max-has-no-other-solution-9089.smt2 -> ok  1222.46 ms  2048 KB  nodes=39
[798/4252] z3 | max-has-no-other-solution-9089.smt2 -> ok  12.418 ms  7808 KB  nodes=24
[799/4252] antlr4 | max-has-no-other-solution-9089.smt2 -> ok  373.738 ms  4096 KB  nodes=306
[800/4252] cvc5 | max-has-no-other-solution-9089.smt2 -> ok  50.3959 ms  14592 KB  nodes=11
[801/4252] smt-switch | max-has-no-other-solution-9089.smt2 -> fail  11.4805 ms  9216 KB  nodes=0
[802/4252] native | max-has-solution-8654.smt2 -> ok  20.9931 ms  17152 KB  nodes=16
[803/4252] pysmt | max-has-solution-8654.smt2 -> fail  0 ms  0 KB  nodes=0
[804/4252] jsmtlib | max-has-solution-8654.smt2 -> ok  995.031 ms  2048 KB  nodes=38
[805/4252] z3 | max-has-solution-8654.smt2 -> ok  12.016 ms  7808 KB  nodes=23
[806/4252] antlr4 | max-has-solution-8654.smt2 -> ok  371.877 ms  4096 KB  nodes=297
[807/4252] cvc5 | max-has-solution-8654.smt2 -> ok  51.374 ms  14848 KB  nodes=10
[808/4252] smt-switch | max-has-solution-8654.smt2 -> fail  8.13358 ms  9344 KB  nodes=0
[809/4252] native | div-has-solution-11093.smt2 -> ok  20.5036 ms  17152 KB  nodes=19
[810/4252] pysmt | div-has-solution-11093.smt2 -> fail  0 ms  0 KB  nodes=0
[811/4252] jsmtlib | div-has-solution-11093.smt2 -> ok  1135.04 ms  2048 KB  nodes=39
[812/4252] z3 | div-has-solution-11093.smt2 -> ok  13.887 ms  7808 KB  nodes=24
[813/4252] antlr4 | div-has-solution-11093.smt2 -> ok  399.85 ms  4096 KB  nodes=303
[814/4252] cvc5 | div-has-solution-11093.smt2 -> ok  55.7834 ms  14976 KB  nodes=12
[815/4252] smt-switch | div-has-solution-11093.smt2 -> fail  6.89646 ms  9472 KB  nodes=0
[816/4252] native | mul-has-solution-18712.smt2 -> ok  20.2738 ms  17152 KB  nodes=19
[817/4252] pysmt | mul-has-solution-18712.smt2 -> fail  0 ms  0 KB  nodes=0
[818/4252] jsmtlib | mul-has-solution-18712.smt2 -> ok  1046.38 ms  2048 KB  nodes=39
[819/4252] z3 | mul-has-solution-18712.smt2 -> ok  18.048 ms  7808 KB  nodes=24
[820/4252] antlr4 | mul-has-solution-18712.smt2 -> ok  390.203 ms  4096 KB  nodes=303
[821/4252] cvc5 | mul-has-solution-18712.smt2 -> ok  58.4368 ms  14976 KB  nodes=12
[822/4252] smt-switch | mul-has-solution-18712.smt2 -> fail  8.18993 ms  9216 KB  nodes=0
[823/4252] native | max-has-solution-9336.smt2 -> ok  21.5047 ms  17280 KB  nodes=15
[824/4252] pysmt | max-has-solution-9336.smt2 -> fail  0 ms  0 KB  nodes=0
[825/4252] jsmtlib | max-has-solution-9336.smt2 -> ok  1035.58 ms  2048 KB  nodes=38
[826/4252] z3 | max-has-solution-9336.smt2 -> ok  12.464 ms  7808 KB  nodes=23
[827/4252] antlr4 | max-has-solution-9336.smt2 -> ok  371.123 ms  4096 KB  nodes=297
[828/4252] cvc5 | max-has-solution-9336.smt2 -> ok  53.4204 ms  15104 KB  nodes=10
[829/4252] smt-switch | max-has-solution-9336.smt2 -> fail  8.43299 ms  9344 KB  nodes=0
[830/4252] native | max-has-no-other-solution-14141.smt2 -> ok  19.9288 ms  17152 KB  nodes=17
[831/4252] pysmt | max-has-no-other-solution-14141.smt2 -> fail  0 ms  0 KB  nodes=0
[832/4252] jsmtlib | max-has-no-other-solution-14141.smt2 -> ok  1006.26 ms  2048 KB  nodes=39
[833/4252] z3 | max-has-no-other-solution-14141.smt2 -> ok  16.373 ms  7808 KB  nodes=24
[834/4252] antlr4 | max-has-no-other-solution-14141.smt2 -> ok  373.514 ms  4096 KB  nodes=306
[835/4252] cvc5 | max-has-no-other-solution-14141.smt2 -> ok  48.1767 ms  14720 KB  nodes=11
[836/4252] smt-switch | max-has-no-other-solution-14141.smt2 -> fail  7.87427 ms  9216 KB  nodes=0
[837/4252] native | max-has-no-other-solution-13641.smt2 -> ok  20.5538 ms  17024 KB  nodes=16
[838/4252] pysmt | max-has-no-other-solution-13641.smt2 -> fail  0 ms  0 KB  nodes=0
[839/4252] jsmtlib | max-has-no-other-solution-13641.smt2 -> ok  1003.6 ms  2048 KB  nodes=39
[840/4252] z3 | max-has-no-other-solution-13641.smt2 -> ok  12.457 ms  7936 KB  nodes=24
[841/4252] antlr4 | max-has-no-other-solution-13641.smt2 -> ok  377.143 ms  4096 KB  nodes=306
[842/4252] cvc5 | max-has-no-other-solution-13641.smt2 -> ok  49.9019 ms  14720 KB  nodes=11
[843/4252] smt-switch | max-has-no-other-solution-13641.smt2 -> fail  6.80822 ms  9216 KB  nodes=0
[844/4252] native | max-has-solution-1996.smt2 -> ok  19.7326 ms  17152 KB  nodes=15
[845/4252] pysmt | max-has-solution-1996.smt2 -> fail  0 ms  0 KB  nodes=0
[846/4252] jsmtlib | max-has-solution-1996.smt2 -> ok  1011.32 ms  2048 KB  nodes=38
[847/4252] z3 | max-has-solution-1996.smt2 -> ok  12.09 ms  7808 KB  nodes=23
[848/4252] antlr4 | max-has-solution-1996.smt2 -> ok  383.422 ms  4096 KB  nodes=297
[849/4252] cvc5 | max-has-solution-1996.smt2 -> ok  50.9475 ms  14976 KB  nodes=10
[850/4252] smt-switch | max-has-solution-1996.smt2 -> fail  7.86092 ms  9216 KB  nodes=0
[851/4252] native | add-has-solution-2387.smt2 -> ok  22.7375 ms  17152 KB  nodes=19
[852/4252] pysmt | add-has-solution-2387.smt2 -> fail  0 ms  0 KB  nodes=0
[853/4252] jsmtlib | add-has-solution-2387.smt2 -> ok  1013.19 ms  2048 KB  nodes=39
[854/4252] z3 | add-has-solution-2387.smt2 -> ok  12.79 ms  7680 KB  nodes=24
[855/4252] antlr4 | add-has-solution-2387.smt2 -> ok  378.392 ms  4096 KB  nodes=303
[856/4252] cvc5 | add-has-solution-2387.smt2 -> ok  51.2451 ms  14848 KB  nodes=12
[857/4252] smt-switch | add-has-solution-2387.smt2 -> fail  9.36534 ms  9472 KB  nodes=0
[858/4252] native | div-has-solution-4253.smt2 -> ok  20.2925 ms  17024 KB  nodes=19
[859/4252] pysmt | div-has-solution-4253.smt2 -> fail  0 ms  0 KB  nodes=0
[860/4252] jsmtlib | div-has-solution-4253.smt2 -> ok  995.132 ms  2048 KB  nodes=39
[861/4252] z3 | div-has-solution-4253.smt2 -> ok  12.221 ms  7808 KB  nodes=24
[862/4252] antlr4 | div-has-solution-4253.smt2 -> ok  394.599 ms  4096 KB  nodes=303
[863/4252] cvc5 | div-has-solution-4253.smt2 -> ok  52.3151 ms  15104 KB  nodes=12
[864/4252] smt-switch | div-has-solution-4253.smt2 -> fail  7.36092 ms  9472 KB  nodes=0
[865/4252] native | div-has-solution-15977.smt2 -> ok  22.9281 ms  17152 KB  nodes=20
[866/4252] pysmt | div-has-solution-15977.smt2 -> fail  0 ms  0 KB  nodes=0
[867/4252] jsmtlib | div-has-solution-15977.smt2 -> ok  992.263 ms  2048 KB  nodes=39
[868/4252] z3 | div-has-solution-15977.smt2 -> ok  13.313 ms  7808 KB  nodes=24
[869/4252] antlr4 | div-has-solution-15977.smt2 -> ok  372.063 ms  4096 KB  nodes=303
[870/4252] cvc5 | div-has-solution-15977.smt2 -> ok  49.5532 ms  15104 KB  nodes=12
[871/4252] smt-switch | div-has-solution-15977.smt2 -> fail  6.73709 ms  9216 KB  nodes=0
[872/4252] native | max-has-no-other-solution-7530.smt2 -> ok  19.6197 ms  17152 KB  nodes=17
[873/4252] pysmt | max-has-no-other-solution-7530.smt2 -> fail  0 ms  0 KB  nodes=0
[874/4252] jsmtlib | max-has-no-other-solution-7530.smt2 -> ok  991.776 ms  2048 KB  nodes=39
[875/4252] z3 | max-has-no-other-solution-7530.smt2 -> ok  12.481 ms  7808 KB  nodes=24
[876/4252] antlr4 | max-has-no-other-solution-7530.smt2 -> ok  365.445 ms  4096 KB  nodes=306
[877/4252] cvc5 | max-has-no-other-solution-7530.smt2 -> ok  49.4572 ms  14720 KB  nodes=11
[878/4252] smt-switch | max-has-no-other-solution-7530.smt2 -> fail  8.61861 ms  9344 KB  nodes=0
[879/4252] native | div-has-solution-6364.smt2 -> ok  23.1283 ms  17152 KB  nodes=19
[880/4252] pysmt | div-has-solution-6364.smt2 -> fail  0 ms  0 KB  nodes=0
[881/4252] jsmtlib | div-has-solution-6364.smt2 -> ok  983.481 ms  2048 KB  nodes=39
[882/4252] z3 | div-has-solution-6364.smt2 -> ok  17.058 ms  7808 KB  nodes=24
[883/4252] antlr4 | div-has-solution-6364.smt2 -> ok  368.135 ms  4096 KB  nodes=303
[884/4252] cvc5 | div-has-solution-6364.smt2 -> ok  50.9271 ms  15104 KB  nodes=12
[885/4252] smt-switch | div-has-solution-6364.smt2 -> fail  7.07546 ms  9472 KB  nodes=0
[886/4252] native | max-has-solution-7337.smt2 -> ok  20.2828 ms  17024 KB  nodes=15
[887/4252] pysmt | max-has-solution-7337.smt2 -> fail  0 ms  0 KB  nodes=0
[888/4252] jsmtlib | max-has-solution-7337.smt2 -> ok  1003.06 ms  2048 KB  nodes=38
[889/4252] z3 | max-has-solution-7337.smt2 -> ok  12.796 ms  7808 KB  nodes=23
[890/4252] antlr4 | max-has-solution-7337.smt2 -> ok  401.997 ms  4096 KB  nodes=297
[891/4252] cvc5 | max-has-solution-7337.smt2 -> ok  54.614 ms  14976 KB  nodes=10
[892/4252] smt-switch | max-has-solution-7337.smt2 -> fail  7.77591 ms  9344 KB  nodes=0
[893/4252] native | mul-has-solution-16587.smt2 -> ok  20.0824 ms  17152 KB  nodes=20
[894/4252] pysmt | mul-has-solution-16587.smt2 -> fail  0 ms  0 KB  nodes=0
[895/4252] jsmtlib | mul-has-solution-16587.smt2 -> ok  1089.82 ms  2048 KB  nodes=39
[896/4252] z3 | mul-has-solution-16587.smt2 -> ok  13.494 ms  7808 KB  nodes=24
[897/4252] antlr4 | mul-has-solution-16587.smt2 -> ok  450.658 ms  4096 KB  nodes=303
[898/4252] cvc5 | mul-has-solution-16587.smt2 -> ok  55.4739 ms  15104 KB  nodes=12
[899/4252] smt-switch | mul-has-solution-16587.smt2 -> fail  7.67904 ms  9216 KB  nodes=0
[900/4252] native | add-has-solution-1345.smt2 -> ok  20.835 ms  17152 KB  nodes=19
[901/4252] pysmt | add-has-solution-1345.smt2 -> fail  0 ms  0 KB  nodes=0
[902/4252] jsmtlib | add-has-solution-1345.smt2 -> ok  1045.72 ms  2048 KB  nodes=39
[903/4252] z3 | add-has-solution-1345.smt2 -> ok  18.463 ms  7808 KB  nodes=24
[904/4252] antlr4 | add-has-solution-1345.smt2 -> ok  400.273 ms  4096 KB  nodes=303
[905/4252] cvc5 | add-has-solution-1345.smt2 -> ok  55.1498 ms  14976 KB  nodes=12
[906/4252] smt-switch | add-has-solution-1345.smt2 -> fail  10.3962 ms  9216 KB  nodes=0
[907/4252] native | div-has-solution-18982.smt2 -> ok  22.2675 ms  17152 KB  nodes=20
[908/4252] pysmt | div-has-solution-18982.smt2 -> fail  0 ms  0 KB  nodes=0
[909/4252] jsmtlib | div-has-solution-18982.smt2 -> ok  1056.55 ms  2048 KB  nodes=39
[910/4252] z3 | div-has-solution-18982.smt2 -> ok  13.313 ms  7808 KB  nodes=24
[911/4252] antlr4 | div-has-solution-18982.smt2 -> ok  398.775 ms  4096 KB  nodes=303
[912/4252] cvc5 | div-has-solution-18982.smt2 -> ok  56.5363 ms  15104 KB  nodes=12
[913/4252] smt-switch | div-has-solution-18982.smt2 -> fail  6.76896 ms  9088 KB  nodes=0
[914/4252] native | mul-has-solution-5708.smt2 -> ok  23.2253 ms  17152 KB  nodes=20
[915/4252] pysmt | mul-has-solution-5708.smt2 -> fail  0 ms  0 KB  nodes=0
[916/4252] jsmtlib | mul-has-solution-5708.smt2 -> ok  1044.79 ms  2048 KB  nodes=39
[917/4252] z3 | mul-has-solution-5708.smt2 -> ok  12.73 ms  7808 KB  nodes=24
[918/4252] antlr4 | mul-has-solution-5708.smt2 -> ok  387.097 ms  4096 KB  nodes=303
[919/4252] cvc5 | mul-has-solution-5708.smt2 -> ok  51.8034 ms  15232 KB  nodes=12
[920/4252] smt-switch | mul-has-solution-5708.smt2 -> fail  7.83099 ms  9216 KB  nodes=0
[921/4252] native | min-has-solution-8606.smt2 -> ok  24.0619 ms  17152 KB  nodes=16
[922/4252] pysmt | min-has-solution-8606.smt2 -> fail  0 ms  0 KB  nodes=0
[923/4252] jsmtlib | min-has-solution-8606.smt2 -> ok  793.385 ms  2048 KB  nodes=38
[924/4252] z3 | min-has-solution-8606.smt2 -> ok  12.131 ms  7808 KB  nodes=23
[925/4252] antlr4 | min-has-solution-8606.smt2 -> ok  386.125 ms  4096 KB  nodes=297
[926/4252] cvc5 | min-has-solution-8606.smt2 -> ok  51.9486 ms  15104 KB  nodes=10
[927/4252] smt-switch | min-has-solution-8606.smt2 -> fail  7.18694 ms  9344 KB  nodes=0
[928/4252] native | rem-has-no-other-solution-3439.smt2 -> ok  24.569 ms  17280 KB  nodes=16
[929/4252] pysmt | rem-has-no-other-solution-3439.smt2 -> fail  0 ms  0 KB  nodes=0
[930/4252] jsmtlib | rem-has-no-other-solution-3439.smt2 -> ok  1149.64 ms  2048 KB  nodes=39
[931/4252] z3 | rem-has-no-other-solution-3439.smt2 -> ok  12.575 ms  7808 KB  nodes=24
[932/4252] antlr4 | rem-has-no-other-solution-3439.smt2 -> ok  415.121 ms  4096 KB  nodes=306
[933/4252] cvc5 | rem-has-no-other-solution-3439.smt2 -> ok  55.2819 ms  14976 KB  nodes=11
[934/4252] smt-switch | rem-has-no-other-solution-3439.smt2 -> fail  6.83263 ms  9344 KB  nodes=0
[935/4252] native | div-has-solution-9732.smt2 -> ok  26.4803 ms  17152 KB  nodes=19
[936/4252] pysmt | div-has-solution-9732.smt2 -> fail  0 ms  0 KB  nodes=0
[937/4252] jsmtlib | div-has-solution-9732.smt2 -> ok  1135.41 ms  2048 KB  nodes=39
[938/4252] z3 | div-has-solution-9732.smt2 -> ok  12.483 ms  7808 KB  nodes=24
[939/4252] antlr4 | div-has-solution-9732.smt2 -> ok  375.347 ms  4096 KB  nodes=303
[940/4252] cvc5 | div-has-solution-9732.smt2 -> ok  51.3301 ms  14976 KB  nodes=12
[941/4252] smt-switch | div-has-solution-9732.smt2 -> fail  6.87625 ms  9344 KB  nodes=0
[942/4252] native | mul-has-solution-17576.smt2 -> ok  22.0184 ms  17152 KB  nodes=20
[943/4252] pysmt | mul-has-solution-17576.smt2 -> fail  0 ms  0 KB  nodes=0
[944/4252] jsmtlib | mul-has-solution-17576.smt2 -> ok  1127.2 ms  2048 KB  nodes=39
[945/4252] z3 | mul-has-solution-17576.smt2 -> ok  11.793 ms  7808 KB  nodes=24
[946/4252] antlr4 | mul-has-solution-17576.smt2 -> ok  382.655 ms  4096 KB  nodes=303
[947/4252] cvc5 | mul-has-solution-17576.smt2 -> ok  48.4658 ms  14976 KB  nodes=12
[948/4252] smt-switch | mul-has-solution-17576.smt2 -> fail  7.01712 ms  9344 KB  nodes=0
[949/4252] native | max-has-no-other-solution-13081.smt2 -> ok  21.4457 ms  17024 KB  nodes=17
[950/4252] pysmt | max-has-no-other-solution-13081.smt2 -> fail  0 ms  0 KB  nodes=0
[951/4252] jsmtlib | max-has-no-other-solution-13081.smt2 -> ok  1118.19 ms  2048 KB  nodes=39
[952/4252] z3 | max-has-no-other-solution-13081.smt2 -> ok  13.176 ms  7808 KB  nodes=24
[953/4252] antlr4 | max-has-no-other-solution-13081.smt2 -> ok  377.371 ms  4096 KB  nodes=306
[954/4252] cvc5 | max-has-no-other-solution-13081.smt2 -> ok  49.6034 ms  14720 KB  nodes=11
[955/4252] smt-switch | max-has-no-other-solution-13081.smt2 -> fail  6.61998 ms  9216 KB  nodes=0
[956/4252] native | max-has-no-other-solution-15186.smt2 -> ok  20.0903 ms  17152 KB  nodes=16
[957/4252] pysmt | max-has-no-other-solution-15186.smt2 -> fail  0 ms  0 KB  nodes=0
[958/4252] jsmtlib | max-has-no-other-solution-15186.smt2 -> ok  1100.26 ms  2048 KB  nodes=39
[959/4252] z3 | max-has-no-other-solution-15186.smt2 -> ok  13.462 ms  7808 KB  nodes=24
[960/4252] antlr4 | max-has-no-other-solution-15186.smt2 -> ok  378.526 ms  4096 KB  nodes=306
[961/4252] cvc5 | max-has-no-other-solution-15186.smt2 -> ok  52.5332 ms  14720 KB  nodes=11
[962/4252] smt-switch | max-has-no-other-solution-15186.smt2 -> fail  10.1732 ms  9472 KB  nodes=0
[963/4252] native | min-has-solution-512.smt2 -> ok  24.5482 ms  17152 KB  nodes=15
[964/4252] pysmt | min-has-solution-512.smt2 -> fail  0 ms  0 KB  nodes=0
[965/4252] jsmtlib | min-has-solution-512.smt2 -> ok  1126.93 ms  2048 KB  nodes=38
[966/4252] z3 | min-has-solution-512.smt2 -> ok  13.435 ms  7808 KB  nodes=23
[967/4252] antlr4 | min-has-solution-512.smt2 -> ok  402.646 ms  4096 KB  nodes=297
[968/4252] cvc5 | min-has-solution-512.smt2 -> ok  51.3179 ms  14976 KB  nodes=10
[969/4252] smt-switch | min-has-solution-512.smt2 -> fail  9.5029 ms  9216 KB  nodes=0
[970/4252] native | min-has-solution-8934.smt2 -> ok  26.1797 ms  17280 KB  nodes=16
[971/4252] pysmt | min-has-solution-8934.smt2 -> fail  0 ms  0 KB  nodes=0
[972/4252] jsmtlib | min-has-solution-8934.smt2 -> ok  1123.82 ms  2048 KB  nodes=38
[973/4252] z3 | min-has-solution-8934.smt2 -> ok  11.671 ms  7808 KB  nodes=23
[974/4252] antlr4 | min-has-solution-8934.smt2 -> ok  390.381 ms  4096 KB  nodes=297
[975/4252] cvc5 | min-has-solution-8934.smt2 -> ok  50.7806 ms  14720 KB  nodes=10
[976/4252] smt-switch | min-has-solution-8934.smt2 -> fail  9.65413 ms  9472 KB  nodes=0
[977/4252] native | min-has-solution-7566.smt2 -> ok  21.5526 ms  17152 KB  nodes=16
[978/4252] pysmt | min-has-solution-7566.smt2 -> fail  0 ms  0 KB  nodes=0
[979/4252] jsmtlib | min-has-solution-7566.smt2 -> ok  1118.69 ms  2048 KB  nodes=38
[980/4252] z3 | min-has-solution-7566.smt2 -> ok  12.088 ms  7808 KB  nodes=23
[981/4252] antlr4 | min-has-solution-7566.smt2 -> ok  374.173 ms  4096 KB  nodes=297
[982/4252] cvc5 | min-has-solution-7566.smt2 -> ok  49.4709 ms  14976 KB  nodes=10
[983/4252] smt-switch | min-has-solution-7566.smt2 -> fail  7.27521 ms  9216 KB  nodes=0
[984/4252] native | min-has-solution-8520.smt2 -> ok  21.6235 ms  17152 KB  nodes=16
[985/4252] pysmt | min-has-solution-8520.smt2 -> fail  0 ms  0 KB  nodes=0
[986/4252] jsmtlib | min-has-solution-8520.smt2 -> ok  1101.39 ms  2048 KB  nodes=38
[987/4252] z3 | min-has-solution-8520.smt2 -> ok  14.232 ms  7808 KB  nodes=23
[988/4252] antlr4 | min-has-solution-8520.smt2 -> ok  372.264 ms  4096 KB  nodes=297
[989/4252] cvc5 | min-has-solution-8520.smt2 -> ok  53.1964 ms  14848 KB  nodes=10
[990/4252] smt-switch | min-has-solution-8520.smt2 -> fail  8.8151 ms  9216 KB  nodes=0
[991/4252] native | sub-has-solution-13474.smt2 -> ok  20.7939 ms  17152 KB  nodes=18
[992/4252] pysmt | sub-has-solution-13474.smt2 -> fail  0 ms  0 KB  nodes=0
[993/4252] jsmtlib | sub-has-solution-13474.smt2 -> ok  1093.83 ms  2048 KB  nodes=39
[994/4252] z3 | sub-has-solution-13474.smt2 -> ok  11.883 ms  7680 KB  nodes=24
[995/4252] antlr4 | sub-has-solution-13474.smt2 -> ok  385.141 ms  4096 KB  nodes=303
[996/4252] cvc5 | sub-has-solution-13474.smt2 -> ok  49.6136 ms  14976 KB  nodes=12
[997/4252] smt-switch | sub-has-solution-13474.smt2 -> fail  6.18909 ms  9344 KB  nodes=0
[998/4252] native | add-has-no-other-solution-19089.smt2 -> ok  22.1664 ms  17152 KB  nodes=20
[999/4252] pysmt | add-has-no-other-solution-19089.smt2 -> fail  0 ms  0 KB  nodes=0
[1000/4252] jsmtlib | add-has-no-other-solution-19089.smt2 -> ok  1108.38 ms  2048 KB  nodes=40
[1001/4252] z3 | add-has-no-other-solution-19089.smt2 -> ok  16.657 ms  7808 KB  nodes=25
[1002/4252] antlr4 | add-has-no-other-solution-19089.smt2 -> ok  376.701 ms  4096 KB  nodes=312
[1003/4252] cvc5 | add-has-no-other-solution-19089.smt2 -> ok  49.7443 ms  14720 KB  nodes=13
[1004/4252] smt-switch | add-has-no-other-solution-19089.smt2 -> fail  10.0741 ms  9216 KB  nodes=0
[1005/4252] native | div-has-solution-2533.smt2 -> ok  22.2522 ms  17152 KB  nodes=20
[1006/4252] pysmt | div-has-solution-2533.smt2 -> fail  0 ms  0 KB  nodes=0
[1007/4252] jsmtlib | div-has-solution-2533.smt2 -> ok  1139.46 ms  2048 KB  nodes=39
[1008/4252] z3 | div-has-solution-2533.smt2 -> ok  13.793 ms  7808 KB  nodes=24
[1009/4252] antlr4 | div-has-solution-2533.smt2 -> ok  387.05 ms  4096 KB  nodes=303
[1010/4252] cvc5 | div-has-solution-2533.smt2 -> ok  52.5773 ms  15104 KB  nodes=12
[1011/4252] smt-switch | div-has-solution-2533.smt2 -> fail  7.56968 ms  8960 KB  nodes=0
[1012/4252] native | min-has-no-other-solution-19726.smt2 -> ok  21.4915 ms  17280 KB  nodes=16
[1013/4252] pysmt | min-has-no-other-solution-19726.smt2 -> fail  0 ms  0 KB  nodes=0
[1014/4252] jsmtlib | min-has-no-other-solution-19726.smt2 -> ok  1146.92 ms  2048 KB  nodes=39
[1015/4252] z3 | min-has-no-other-solution-19726.smt2 -> ok  16.006 ms  7808 KB  nodes=24
[1016/4252] antlr4 | min-has-no-other-solution-19726.smt2 -> ok  380.265 ms  4096 KB  nodes=306
[1017/4252] cvc5 | min-has-no-other-solution-19726.smt2 -> ok  47.9923 ms  14720 KB  nodes=11
[1018/4252] smt-switch | min-has-no-other-solution-19726.smt2 -> fail  11.6786 ms  9216 KB  nodes=0
[1019/4252] native | mul-has-solution-8137.smt2 -> ok  22.5664 ms  17152 KB  nodes=20
[1020/4252] pysmt | mul-has-solution-8137.smt2 -> fail  0 ms  0 KB  nodes=0
[1021/4252] jsmtlib | mul-has-solution-8137.smt2 -> ok  1108.65 ms  2048 KB  nodes=39
[1022/4252] z3 | mul-has-solution-8137.smt2 -> ok  14.156 ms  7808 KB  nodes=24
[1023/4252] antlr4 | mul-has-solution-8137.smt2 -> ok  407.087 ms  4096 KB  nodes=303
[1024/4252] cvc5 | mul-has-solution-8137.smt2 -> ok  48.8382 ms  14848 KB  nodes=12
[1025/4252] smt-switch | mul-has-solution-8137.smt2 -> fail  6.95047 ms  9216 KB  nodes=0
[1026/4252] native | max-has-solution-14667.smt2 -> ok  25.8916 ms  17152 KB  nodes=15
[1027/4252] pysmt | max-has-solution-14667.smt2 -> fail  0 ms  0 KB  nodes=0
[1028/4252] jsmtlib | max-has-solution-14667.smt2 -> ok  1118.73 ms  2048 KB  nodes=38
[1029/4252] z3 | max-has-solution-14667.smt2 -> ok  12.674 ms  7808 KB  nodes=23
[1030/4252] antlr4 | max-has-solution-14667.smt2 -> ok  436.624 ms  4096 KB  nodes=297
[1031/4252] cvc5 | max-has-solution-14667.smt2 -> ok  58.1842 ms  15232 KB  nodes=10
[1032/4252] smt-switch | max-has-solution-14667.smt2 -> fail  6.73137 ms  9216 KB  nodes=0
[1033/4252] native | mul-has-solution-12598.smt2 -> ok  21.303 ms  17152 KB  nodes=20
[1034/4252] pysmt | mul-has-solution-12598.smt2 -> fail  0 ms  0 KB  nodes=0
[1035/4252] jsmtlib | mul-has-solution-12598.smt2 -> ok  1108.02 ms  2048 KB  nodes=39
[1036/4252] z3 | mul-has-solution-12598.smt2 -> ok  12.728 ms  7680 KB  nodes=24
[1037/4252] antlr4 | mul-has-solution-12598.smt2 -> ok  405.536 ms  4096 KB  nodes=303
[1038/4252] cvc5 | mul-has-solution-12598.smt2 -> ok  52.7233 ms  15104 KB  nodes=12
[1039/4252] smt-switch | mul-has-solution-12598.smt2 -> fail  7.22398 ms  9344 KB  nodes=0
[1040/4252] native | max-has-solution-11323.smt2 -> ok  21.2894 ms  17152 KB  nodes=15
[1041/4252] pysmt | max-has-solution-11323.smt2 -> fail  0 ms  0 KB  nodes=0
[1042/4252] jsmtlib | max-has-solution-11323.smt2 -> ok  1195.46 ms  2048 KB  nodes=38
[1043/4252] z3 | max-has-solution-11323.smt2 -> ok  13.192 ms  7808 KB  nodes=23
[1044/4252] antlr4 | max-has-solution-11323.smt2 -> ok  391.544 ms  4096 KB  nodes=297
[1045/4252] cvc5 | max-has-solution-11323.smt2 -> ok  45.7742 ms  14720 KB  nodes=10
[1046/4252] smt-switch | max-has-solution-11323.smt2 -> fail  7.01172 ms  9216 KB  nodes=0
[1047/4252] native | sub-has-solution-3779.smt2 -> ok  22.3432 ms  17280 KB  nodes=17
[1048/4252] pysmt | sub-has-solution-3779.smt2 -> fail  0 ms  0 KB  nodes=0
[1049/4252] jsmtlib | sub-has-solution-3779.smt2 -> ok  1119.18 ms  2048 KB  nodes=39
[1050/4252] z3 | sub-has-solution-3779.smt2 -> ok  12.539 ms  7808 KB  nodes=24
[1051/4252] antlr4 | sub-has-solution-3779.smt2 -> ok  375.405 ms  4096 KB  nodes=303
[1052/4252] cvc5 | sub-has-solution-3779.smt2 -> ok  54.1985 ms  14848 KB  nodes=11
[1053/4252] smt-switch | sub-has-solution-3779.smt2 -> fail  6.4393 ms  9216 KB  nodes=0
[1054/4252] native | min-has-no-other-solution-10665.smt2 -> ok  22.5669 ms  17152 KB  nodes=17
[1055/4252] pysmt | min-has-no-other-solution-10665.smt2 -> fail  0 ms  0 KB  nodes=0
[1056/4252] jsmtlib | min-has-no-other-solution-10665.smt2 -> ok  1093.32 ms  2048 KB  nodes=39
[1057/4252] z3 | min-has-no-other-solution-10665.smt2 -> ok  12.107 ms  7808 KB  nodes=24
[1058/4252] antlr4 | min-has-no-other-solution-10665.smt2 -> ok  398.811 ms  4096 KB  nodes=306
[1059/4252] cvc5 | min-has-no-other-solution-10665.smt2 -> ok  47.3303 ms  14720 KB  nodes=11
[1060/4252] smt-switch | min-has-no-other-solution-10665.smt2 -> fail  6.56336 ms  9216 KB  nodes=0
[1061/4252] native | mul-has-no-other-solution-2061.smt2 -> ok  21.1754 ms  17280 KB  nodes=21
[1062/4252] pysmt | mul-has-no-other-solution-2061.smt2 -> fail  0 ms  0 KB  nodes=0
[1063/4252] jsmtlib | mul-has-no-other-solution-2061.smt2 -> ok  1111.59 ms  2048 KB  nodes=40
[1064/4252] z3 | mul-has-no-other-solution-2061.smt2 -> ok  15.778 ms  7808 KB  nodes=25
[1065/4252] antlr4 | mul-has-no-other-solution-2061.smt2 -> ok  378.533 ms  4096 KB  nodes=312
[1066/4252] cvc5 | mul-has-no-other-solution-2061.smt2 -> ok  50.1329 ms  14720 KB  nodes=13
[1067/4252] smt-switch | mul-has-no-other-solution-2061.smt2 -> fail  10.2936 ms  9344 KB  nodes=0
[1068/4252] native | mul-has-no-other-solution-19467.smt2 -> ok  23.7539 ms  17152 KB  nodes=21
[1069/4252] pysmt | mul-has-no-other-solution-19467.smt2 -> fail  0 ms  0 KB  nodes=0
[1070/4252] jsmtlib | mul-has-no-other-solution-19467.smt2 -> ok  1091.16 ms  2048 KB  nodes=39
[1071/4252] z3 | mul-has-no-other-solution-19467.smt2 -> ok  12.161 ms  7808 KB  nodes=25
[1072/4252] antlr4 | mul-has-no-other-solution-19467.smt2 -> ok  371.355 ms  4096 KB  nodes=312
[1073/4252] cvc5 | mul-has-no-other-solution-19467.smt2 -> ok  49.3976 ms  14848 KB  nodes=13
[1074/4252] smt-switch | mul-has-no-other-solution-19467.smt2 -> fail  6.99733 ms  9216 KB  nodes=0
[1075/4252] native | mul-has-no-other-solution-569.smt2 -> ok  22.5874 ms  17152 KB  nodes=21
[1076/4252] pysmt | mul-has-no-other-solution-569.smt2 -> fail  0 ms  0 KB  nodes=0
[1077/4252] jsmtlib | mul-has-no-other-solution-569.smt2 -> ok  1146.13 ms  2048 KB  nodes=40
[1078/4252] z3 | mul-has-no-other-solution-569.smt2 -> ok  12.558 ms  7808 KB  nodes=25
[1079/4252] antlr4 | mul-has-no-other-solution-569.smt2 -> ok  375.803 ms  4096 KB  nodes=312
[1080/4252] cvc5 | mul-has-no-other-solution-569.smt2 -> ok  48.8945 ms  14848 KB  nodes=13
[1081/4252] smt-switch | mul-has-no-other-solution-569.smt2 -> fail  7.01782 ms  8960 KB  nodes=0
[1082/4252] native | sub-has-no-other-solution-4443.smt2 -> ok  24.8335 ms  17152 KB  nodes=19
[1083/4252] pysmt | sub-has-no-other-solution-4443.smt2 -> fail  0 ms  0 KB  nodes=0
[1084/4252] jsmtlib | sub-has-no-other-solution-4443.smt2 -> ok  1102.34 ms  2048 KB  nodes=40
[1085/4252] z3 | sub-has-no-other-solution-4443.smt2 -> ok  16.94 ms  7808 KB  nodes=25
[1086/4252] antlr4 | sub-has-no-other-solution-4443.smt2 -> ok  370.238 ms  4096 KB  nodes=312
[1087/4252] cvc5 | sub-has-no-other-solution-4443.smt2 -> ok  46.4391 ms  14720 KB  nodes=13
[1088/4252] smt-switch | sub-has-no-other-solution-4443.smt2 -> fail  7.99816 ms  9344 KB  nodes=0
[1089/4252] native | mul-has-no-other-solution-15246.smt2 -> ok  21.0907 ms  17152 KB  nodes=20
[1090/4252] pysmt | mul-has-no-other-solution-15246.smt2 -> fail  0 ms  0 KB  nodes=0
[1091/4252] jsmtlib | mul-has-no-other-solution-15246.smt2 -> ok  1070.56 ms  2048 KB  nodes=40
[1092/4252] z3 | mul-has-no-other-solution-15246.smt2 -> ok  13.038 ms  7680 KB  nodes=25
[1093/4252] antlr4 | mul-has-no-other-solution-15246.smt2 -> ok  360.65 ms  4096 KB  nodes=312
[1094/4252] cvc5 | mul-has-no-other-solution-15246.smt2 -> ok  51.376 ms  14848 KB  nodes=13
[1095/4252] smt-switch | mul-has-no-other-solution-15246.smt2 -> fail  5.6128 ms  9216 KB  nodes=0
[1096/4252] native | mul-has-solution-13484.smt2 -> ok  21.8697 ms  17152 KB  nodes=20
[1097/4252] pysmt | mul-has-solution-13484.smt2 -> fail  0 ms  0 KB  nodes=0
[1098/4252] jsmtlib | mul-has-solution-13484.smt2 -> ok  1069.64 ms  2048 KB  nodes=38
[1099/4252] z3 | mul-has-solution-13484.smt2 -> ok  14.674 ms  7808 KB  nodes=24
[1100/4252] antlr4 | mul-has-solution-13484.smt2 -> ok  384.254 ms  4096 KB  nodes=303
[1101/4252] cvc5 | mul-has-solution-13484.smt2 -> ok  55.7458 ms  15232 KB  nodes=12
[1102/4252] smt-switch | mul-has-solution-13484.smt2 -> fail  9.5615 ms  9472 KB  nodes=0
[1103/4252] native | fma-has-no-other-solution-19666.smt2 -> ok  22.9818 ms  17152 KB  nodes=25
[1104/4252] pysmt | fma-has-no-other-solution-19666.smt2 -> fail  0 ms  0 KB  nodes=0
[1105/4252] jsmtlib | fma-has-no-other-solution-19666.smt2 -> ok  1098.94 ms  2048 KB  nodes=49
[1106/4252] z3 | fma-has-no-other-solution-19666.smt2 -> ok  11.475 ms  7808 KB  nodes=32
[1107/4252] antlr4 | fma-has-no-other-solution-19666.smt2 -> ok  385.35 ms  4096 KB  nodes=372
[1108/4252] cvc5 | fma-has-no-other-solution-19666.smt2 -> ok  46.5285 ms  14720 KB  nodes=16
[1109/4252] smt-switch | fma-has-no-other-solution-19666.smt2 -> fail  7.75301 ms  9216 KB  nodes=0
[1110/4252] native | fma-has-solution-13934.smt2 -> ok  20.7876 ms  17152 KB  nodes=24
[1111/4252] pysmt | fma-has-solution-13934.smt2 -> fail  0 ms  0 KB  nodes=0
[1112/4252] jsmtlib | fma-has-solution-13934.smt2 -> ok  1008.35 ms  2048 KB  nodes=48
[1113/4252] z3 | fma-has-solution-13934.smt2 -> ok  12.844 ms  7808 KB  nodes=31
[1114/4252] antlr4 | fma-has-solution-13934.smt2 -> ok  358.364 ms  4096 KB  nodes=363
[1115/4252] cvc5 | fma-has-solution-13934.smt2 -> ok  50.4681 ms  14976 KB  nodes=15
[1116/4252] smt-switch | fma-has-solution-13934.smt2 -> fail  5.61839 ms  9344 KB  nodes=0
[1117/4252] native | div-has-solution-2618.smt2 -> ok  22.9667 ms  17152 KB  nodes=20
[1118/4252] pysmt | div-has-solution-2618.smt2 -> fail  0 ms  0 KB  nodes=0
[1119/4252] jsmtlib | div-has-solution-2618.smt2 -> ok  1060.87 ms  2048 KB  nodes=39
[1120/4252] z3 | div-has-solution-2618.smt2 -> ok  11.476 ms  7808 KB  nodes=24
[1121/4252] antlr4 | div-has-solution-2618.smt2 -> ok  383.244 ms  4096 KB  nodes=303
[1122/4252] cvc5 | div-has-solution-2618.smt2 -> ok  50.9466 ms  15104 KB  nodes=12
[1123/4252] smt-switch | div-has-solution-2618.smt2 -> fail  6.33443 ms  9472 KB  nodes=0
[1124/4252] native | add-has-no-other-solution-19463.smt2 -> ok  21.4504 ms  17152 KB  nodes=19
[1125/4252] pysmt | add-has-no-other-solution-19463.smt2 -> fail  0 ms  0 KB  nodes=0
[1126/4252] jsmtlib | add-has-no-other-solution-19463.smt2 -> ok  1057.16 ms  2048 KB  nodes=40
[1127/4252] z3 | add-has-no-other-solution-19463.smt2 -> ok  13.05 ms  7808 KB  nodes=25
[1128/4252] antlr4 | add-has-no-other-solution-19463.smt2 -> ok  422.905 ms  4096 KB  nodes=312
[1129/4252] cvc5 | add-has-no-other-solution-19463.smt2 -> ok  50.7989 ms  14848 KB  nodes=13
[1130/4252] smt-switch | add-has-no-other-solution-19463.smt2 -> fail  7.84927 ms  9216 KB  nodes=0
[1131/4252] native | add-has-no-other-solution-18334.smt2 -> ok  21.1168 ms  17280 KB  nodes=18
[1132/4252] pysmt | add-has-no-other-solution-18334.smt2 -> fail  0 ms  0 KB  nodes=0
[1133/4252] jsmtlib | add-has-no-other-solution-18334.smt2 -> ok  1169.91 ms  2048 KB  nodes=40
[1134/4252] z3 | add-has-no-other-solution-18334.smt2 -> ok  15.12 ms  7808 KB  nodes=25
[1135/4252] antlr4 | add-has-no-other-solution-18334.smt2 -> ok  361.411 ms  4096 KB  nodes=312
[1136/4252] cvc5 | add-has-no-other-solution-18334.smt2 -> ok  47.1941 ms  14592 KB  nodes=12
[1137/4252] smt-switch | add-has-no-other-solution-18334.smt2 -> fail  7.14132 ms  9344 KB  nodes=0
[1138/4252] native | mul-has-solution-13162.smt2 -> ok  20.3854 ms  17152 KB  nodes=20
[1139/4252] pysmt | mul-has-solution-13162.smt2 -> fail  0 ms  0 KB  nodes=0
[1140/4252] jsmtlib | mul-has-solution-13162.smt2 -> ok  1102.66 ms  2048 KB  nodes=39
[1141/4252] z3 | mul-has-solution-13162.smt2 -> ok  16.527 ms  7808 KB  nodes=24
[1142/4252] antlr4 | mul-has-solution-13162.smt2 -> ok  381.2 ms  4096 KB  nodes=303
[1143/4252] cvc5 | mul-has-solution-13162.smt2 -> ok  54.5851 ms  15104 KB  nodes=12
[1144/4252] smt-switch | mul-has-solution-13162.smt2 -> fail  9.11012 ms  9344 KB  nodes=0
[1145/4252] native | fma-has-no-other-solution-12936.smt2 -> ok  24.8579 ms  17152 KB  nodes=24
[1146/4252] pysmt | fma-has-no-other-solution-12936.smt2 -> fail  0 ms  0 KB  nodes=0
[1147/4252] jsmtlib | fma-has-no-other-solution-12936.smt2 -> ok  1136.67 ms  2048 KB  nodes=46
[1148/4252] z3 | fma-has-no-other-solution-12936.smt2 -> ok  12.802 ms  7808 KB  nodes=29
[1149/4252] antlr4 | fma-has-no-other-solution-12936.smt2 -> ok  397.586 ms  4096 KB  nodes=367
[1150/4252] cvc5 | fma-has-no-other-solution-12936.smt2 -> ok  45.6702 ms  14720 KB  nodes=16
[1151/4252] smt-switch | fma-has-no-other-solution-12936.smt2 -> fail  7.55979 ms  9472 KB  nodes=0
[1152/4252] native | fma-has-solution-14758.smt2 -> ok  22.8626 ms  17152 KB  nodes=22
[1153/4252] pysmt | fma-has-solution-14758.smt2 -> fail  0 ms  0 KB  nodes=0
[1154/4252] jsmtlib | fma-has-solution-14758.smt2 -> ok  1151.18 ms  2048 KB  nodes=48
[1155/4252] z3 | fma-has-solution-14758.smt2 -> ok  16.098 ms  7808 KB  nodes=31
[1156/4252] antlr4 | fma-has-solution-14758.smt2 -> ok  362.999 ms  4096 KB  nodes=363
[1157/4252] cvc5 | fma-has-solution-14758.smt2 -> ok  49.7677 ms  14976 KB  nodes=14
[1158/4252] smt-switch | fma-has-solution-14758.smt2 -> fail  8.18425 ms  9216 KB  nodes=0
[1159/4252] native | min-has-no-other-solution-9320.smt2 -> ok  23.5103 ms  17152 KB  nodes=16
[1160/4252] pysmt | min-has-no-other-solution-9320.smt2 -> fail  0 ms  0 KB  nodes=0
[1161/4252] jsmtlib | min-has-no-other-solution-9320.smt2 -> ok  1038.86 ms  2048 KB  nodes=39
[1162/4252] z3 | min-has-no-other-solution-9320.smt2 -> ok  11.281 ms  7808 KB  nodes=24
[1163/4252] antlr4 | min-has-no-other-solution-9320.smt2 -> ok  355.405 ms  4096 KB  nodes=306
[1164/4252] cvc5 | min-has-no-other-solution-9320.smt2 -> ok  44.483 ms  14336 KB  nodes=11
[1165/4252] smt-switch | min-has-no-other-solution-9320.smt2 -> fail  6.17105 ms  9216 KB  nodes=0
[1166/4252] native | div-has-solution-2890.smt2 -> ok  22.1795 ms  17152 KB  nodes=20
[1167/4252] pysmt | div-has-solution-2890.smt2 -> fail  0 ms  0 KB  nodes=0
[1168/4252] jsmtlib | div-has-solution-2890.smt2 -> ok  1085.6 ms  2048 KB  nodes=39
[1169/4252] z3 | div-has-solution-2890.smt2 -> ok  16.12 ms  7808 KB  nodes=24
[1170/4252] antlr4 | div-has-solution-2890.smt2 -> ok  402.556 ms  4096 KB  nodes=303
[1171/4252] cvc5 | div-has-solution-2890.smt2 -> ok  47.9313 ms  15232 KB  nodes=12
[1172/4252] smt-switch | div-has-solution-2890.smt2 -> fail  9.15215 ms  9088 KB  nodes=0
[1173/4252] native | mul-has-no-other-solution-18174.smt2 -> ok  27.6384 ms  17152 KB  nodes=20
[1174/4252] pysmt | mul-has-no-other-solution-18174.smt2 -> fail  0 ms  0 KB  nodes=0
[1175/4252] jsmtlib | mul-has-no-other-solution-18174.smt2 -> ok  1107.54 ms  2048 KB  nodes=40
[1176/4252] z3 | mul-has-no-other-solution-18174.smt2 -> ok  12.218 ms  7808 KB  nodes=25
[1177/4252] antlr4 | mul-has-no-other-solution-18174.smt2 -> ok  387.11 ms  4096 KB  nodes=312
[1178/4252] cvc5 | mul-has-no-other-solution-18174.smt2 -> ok  48.786 ms  14720 KB  nodes=13
[1179/4252] smt-switch | mul-has-no-other-solution-18174.smt2 -> fail  7.41387 ms  9472 KB  nodes=0
[1180/4252] native | fma-has-no-other-solution-4936.smt2 -> ok  22.3658 ms  17024 KB  nodes=22
[1181/4252] pysmt | fma-has-no-other-solution-4936.smt2 -> fail  0 ms  0 KB  nodes=0
[1182/4252] jsmtlib | fma-has-no-other-solution-4936.smt2 -> ok  1045.91 ms  2048 KB  nodes=49
[1183/4252] z3 | fma-has-no-other-solution-4936.smt2 -> ok  16.509 ms  7808 KB  nodes=32
[1184/4252] antlr4 | fma-has-no-other-solution-4936.smt2 -> ok  364.933 ms  4096 KB  nodes=372
[1185/4252] cvc5 | fma-has-no-other-solution-4936.smt2 -> ok  46.0933 ms  14848 KB  nodes=15
[1186/4252] smt-switch | fma-has-no-other-solution-4936.smt2 -> fail  8.32808 ms  8960 KB  nodes=0
[1187/4252] native | mul-has-no-other-solution-1554.smt2 -> ok  23.7693 ms  17280 KB  nodes=21
[1188/4252] pysmt | mul-has-no-other-solution-1554.smt2 -> fail  0 ms  0 KB  nodes=0
[1189/4252] jsmtlib | mul-has-no-other-solution-1554.smt2 -> ok  1034.18 ms  2048 KB  nodes=40
[1190/4252] z3 | mul-has-no-other-solution-1554.smt2 -> ok  12.026 ms  7680 KB  nodes=25
[1191/4252] antlr4 | mul-has-no-other-solution-1554.smt2 -> ok  359.714 ms  4096 KB  nodes=312
[1192/4252] cvc5 | mul-has-no-other-solution-1554.smt2 -> ok  46.788 ms  14592 KB  nodes=13
[1193/4252] smt-switch | mul-has-no-other-solution-1554.smt2 -> fail  8.2498 ms  9216 KB  nodes=0
[1194/4252] native | sub-has-solution-14645.smt2 -> ok  20.7045 ms  17152 KB  nodes=16
[1195/4252] pysmt | sub-has-solution-14645.smt2 -> fail  0 ms  0 KB  nodes=0
[1196/4252] jsmtlib | sub-has-solution-14645.smt2 -> ok  1056.5 ms  2048 KB  nodes=39
[1197/4252] z3 | sub-has-solution-14645.smt2 -> ok  13.132 ms  7808 KB  nodes=24
[1198/4252] antlr4 | sub-has-solution-14645.smt2 -> ok  367.864 ms  4096 KB  nodes=303
[1199/4252] cvc5 | sub-has-solution-14645.smt2 -> ok  48.5646 ms  14976 KB  nodes=11
[1200/4252] smt-switch | sub-has-solution-14645.smt2 -> fail  6.62673 ms  9472 KB  nodes=0
[1201/4252] native | div-has-no-other-solution-10659.smt2 -> ok  20.2404 ms  17152 KB  nodes=21
[1202/4252] pysmt | div-has-no-other-solution-10659.smt2 -> fail  0 ms  0 KB  nodes=0
[1203/4252] jsmtlib | div-has-no-other-solution-10659.smt2 -> ok  1062.54 ms  2048 KB  nodes=40
[1204/4252] z3 | div-has-no-other-solution-10659.smt2 -> ok  14.161 ms  7808 KB  nodes=25
[1205/4252] antlr4 | div-has-no-other-solution-10659.smt2 -> ok  363.138 ms  4096 KB  nodes=312
[1206/4252] cvc5 | div-has-no-other-solution-10659.smt2 -> ok  47.0016 ms  14720 KB  nodes=13
[1207/4252] smt-switch | div-has-no-other-solution-10659.smt2 -> fail  6.64968 ms  9344 KB  nodes=0
[1208/4252] native | add-has-solution-18329.smt2 -> ok  21.4119 ms  17152 KB  nodes=16
[1209/4252] pysmt | add-has-solution-18329.smt2 -> fail  0 ms  0 KB  nodes=0
[1210/4252] jsmtlib | add-has-solution-18329.smt2 -> ok  1099.24 ms  2048 KB  nodes=39
[1211/4252] z3 | add-has-solution-18329.smt2 -> ok  13.297 ms  7808 KB  nodes=24
[1212/4252] antlr4 | add-has-solution-18329.smt2 -> ok  372.352 ms  4096 KB  nodes=303
[1213/4252] cvc5 | add-has-solution-18329.smt2 -> ok  50.3515 ms  14848 KB  nodes=11
[1214/4252] smt-switch | add-has-solution-18329.smt2 -> fail  8.34081 ms  9216 KB  nodes=0
[1215/4252] native | mul-has-solution-10425.smt2 -> ok  21.8653 ms  17152 KB  nodes=20
[1216/4252] pysmt | mul-has-solution-10425.smt2 -> fail  0 ms  0 KB  nodes=0
[1217/4252] jsmtlib | mul-has-solution-10425.smt2 -> ok  1085.72 ms  2048 KB  nodes=39
[1218/4252] z3 | mul-has-solution-10425.smt2 -> ok  12.418 ms  7808 KB  nodes=24
[1219/4252] antlr4 | mul-has-solution-10425.smt2 -> ok  384.48 ms  4096 KB  nodes=303
[1220/4252] cvc5 | mul-has-solution-10425.smt2 -> ok  46.7028 ms  14976 KB  nodes=12
[1221/4252] smt-switch | mul-has-solution-10425.smt2 -> fail  5.93558 ms  9344 KB  nodes=0
[1222/4252] native | fma-has-no-other-solution-8111.smt2 -> ok  22.0447 ms  17152 KB  nodes=25
[1223/4252] pysmt | fma-has-no-other-solution-8111.smt2 -> fail  0 ms  0 KB  nodes=0
[1224/4252] jsmtlib | fma-has-no-other-solution-8111.smt2 -> ok  1023.69 ms  2048 KB  nodes=49
[1225/4252] z3 | fma-has-no-other-solution-8111.smt2 -> ok  14.097 ms  7808 KB  nodes=32
[1226/4252] antlr4 | fma-has-no-other-solution-8111.smt2 -> ok  369.194 ms  4096 KB  nodes=372
[1227/4252] cvc5 | fma-has-no-other-solution-8111.smt2 -> ok  45.2862 ms  14720 KB  nodes=16
[1228/4252] smt-switch | fma-has-no-other-solution-8111.smt2 -> fail  8.261 ms  9216 KB  nodes=0
[1229/4252] native | fma-has-solution-3963.smt2 -> ok  21.775 ms  17152 KB  nodes=22
[1230/4252] pysmt | fma-has-solution-3963.smt2 -> fail  0 ms  0 KB  nodes=0
[1231/4252] jsmtlib | fma-has-solution-3963.smt2 -> ok  1023.65 ms  2048 KB  nodes=48
[1232/4252] z3 | fma-has-solution-3963.smt2 -> ok  12.499 ms  7808 KB  nodes=31
[1233/4252] antlr4 | fma-has-solution-3963.smt2 -> ok  339.238 ms  4096 KB  nodes=363
[1234/4252] cvc5 | fma-has-solution-3963.smt2 -> ok  52.7531 ms  14848 KB  nodes=14
[1235/4252] smt-switch | fma-has-solution-3963.smt2 -> fail  8.35868 ms  9344 KB  nodes=0
[1236/4252] native | fma-has-no-other-solution-2589.smt2 -> ok  21.79 ms  17152 KB  nodes=23
[1237/4252] pysmt | fma-has-no-other-solution-2589.smt2 -> fail  0 ms  0 KB  nodes=0
[1238/4252] jsmtlib | fma-has-no-other-solution-2589.smt2 -> ok  1033.38 ms  2048 KB  nodes=46
[1239/4252] z3 | fma-has-no-other-solution-2589.smt2 -> ok  11.649 ms  7808 KB  nodes=29
[1240/4252] antlr4 | fma-has-no-other-solution-2589.smt2 -> ok  370.309 ms  4096 KB  nodes=367
[1241/4252] cvc5 | fma-has-no-other-solution-2589.smt2 -> ok  44.6408 ms  14464 KB  nodes=16
[1242/4252] smt-switch | fma-has-no-other-solution-2589.smt2 -> fail  7.72441 ms  9216 KB  nodes=0
[1243/4252] native | add-has-no-other-solution-8306.smt2 -> ok  25.8157 ms  17152 KB  nodes=20
[1244/4252] pysmt | add-has-no-other-solution-8306.smt2 -> fail  0 ms  0 KB  nodes=0
[1245/4252] jsmtlib | add-has-no-other-solution-8306.smt2 -> ok  1097.59 ms  2048 KB  nodes=40
[1246/4252] z3 | add-has-no-other-solution-8306.smt2 -> ok  17.385 ms  7680 KB  nodes=25
[1247/4252] antlr4 | add-has-no-other-solution-8306.smt2 -> ok  382.563 ms  4096 KB  nodes=312
[1248/4252] cvc5 | add-has-no-other-solution-8306.smt2 -> ok  48.4666 ms  14720 KB  nodes=13
[1249/4252] smt-switch | add-has-no-other-solution-8306.smt2 -> fail  9.23249 ms  9216 KB  nodes=0
[1250/4252] native | fma-has-no-other-solution-798.smt2 -> ok  21.8151 ms  17024 KB  nodes=23
[1251/4252] pysmt | fma-has-no-other-solution-798.smt2 -> fail  0 ms  0 KB  nodes=0
[1252/4252] jsmtlib | fma-has-no-other-solution-798.smt2 -> ok  1068.36 ms  2048 KB  nodes=49
[1253/4252] z3 | fma-has-no-other-solution-798.smt2 -> ok  12.701 ms  7808 KB  nodes=32
[1254/4252] antlr4 | fma-has-no-other-solution-798.smt2 -> ok  354.985 ms  4096 KB  nodes=372
[1255/4252] cvc5 | fma-has-no-other-solution-798.smt2 -> ok  43.7021 ms  14720 KB  nodes=15
[1256/4252] smt-switch | fma-has-no-other-solution-798.smt2 -> fail  7.52968 ms  9216 KB  nodes=0
[1257/4252] native | add-has-no-other-solution-666.smt2 -> ok  19.9612 ms  17152 KB  nodes=20
[1258/4252] pysmt | add-has-no-other-solution-666.smt2 -> fail  0 ms  0 KB  nodes=0
[1259/4252] jsmtlib | add-has-no-other-solution-666.smt2 -> ok  1059.68 ms  2048 KB  nodes=40
[1260/4252] z3 | add-has-no-other-solution-666.smt2 -> ok  14.834 ms  7808 KB  nodes=25
[1261/4252] antlr4 | add-has-no-other-solution-666.smt2 -> ok  363.936 ms  4096 KB  nodes=312
[1262/4252] cvc5 | add-has-no-other-solution-666.smt2 -> ok  47.9332 ms  14720 KB  nodes=13
[1263/4252] smt-switch | add-has-no-other-solution-666.smt2 -> fail  6.39022 ms  9472 KB  nodes=0
[1264/4252] native | sub-has-no-other-solution-1441.smt2 -> ok  22.6211 ms  17152 KB  nodes=18
[1265/4252] pysmt | sub-has-no-other-solution-1441.smt2 -> fail  0 ms  0 KB  nodes=0
[1266/4252] jsmtlib | sub-has-no-other-solution-1441.smt2 -> ok  1045.26 ms  2048 KB  nodes=40
[1267/4252] z3 | sub-has-no-other-solution-1441.smt2 -> ok  16.915 ms  7808 KB  nodes=25
[1268/4252] antlr4 | sub-has-no-other-solution-1441.smt2 -> ok  386.876 ms  4096 KB  nodes=312
[1269/4252] cvc5 | sub-has-no-other-solution-1441.smt2 -> ok  45.6166 ms  14720 KB  nodes=12
[1270/4252] smt-switch | sub-has-no-other-solution-1441.smt2 -> fail  8.10004 ms  9088 KB  nodes=0
[1271/4252] native | fma-has-no-other-solution-4312.smt2 -> ok  22.3396 ms  17152 KB  nodes=23
[1272/4252] pysmt | fma-has-no-other-solution-4312.smt2 -> fail  0 ms  0 KB  nodes=0
[1273/4252] jsmtlib | fma-has-no-other-solution-4312.smt2 -> ok  1023.36 ms  2048 KB  nodes=46
[1274/4252] z3 | fma-has-no-other-solution-4312.smt2 -> ok  12.282 ms  7808 KB  nodes=29
[1275/4252] antlr4 | fma-has-no-other-solution-4312.smt2 -> ok  371.918 ms  4096 KB  nodes=367
[1276/4252] cvc5 | fma-has-no-other-solution-4312.smt2 -> ok  50.9721 ms  14848 KB  nodes=16
[1277/4252] smt-switch | fma-has-no-other-solution-4312.smt2 -> fail  6.04022 ms  9472 KB  nodes=0
[1278/4252] native | add-has-no-other-solution-6301.smt2 -> ok  21.4961 ms  17024 KB  nodes=18
[1279/4252] pysmt | add-has-no-other-solution-6301.smt2 -> fail  0 ms  0 KB  nodes=0
[1280/4252] jsmtlib | add-has-no-other-solution-6301.smt2 -> ok  1019.6 ms  2048 KB  nodes=40
[1281/4252] z3 | add-has-no-other-solution-6301.smt2 -> ok  12.137 ms  7808 KB  nodes=25
[1282/4252] antlr4 | add-has-no-other-solution-6301.smt2 -> ok  377.972 ms  4096 KB  nodes=312
[1283/4252] cvc5 | add-has-no-other-solution-6301.smt2 -> ok  47.1222 ms  14592 KB  nodes=12
[1284/4252] smt-switch | add-has-no-other-solution-6301.smt2 -> fail  5.92338 ms  9344 KB  nodes=0
[1285/4252] native | min-has-no-other-solution-19633.smt2 -> ok  21.362 ms  17152 KB  nodes=16
[1286/4252] pysmt | min-has-no-other-solution-19633.smt2 -> fail  0 ms  0 KB  nodes=0
[1287/4252] jsmtlib | min-has-no-other-solution-19633.smt2 -> ok  1019.8 ms  2048 KB  nodes=39
[1288/4252] z3 | min-has-no-other-solution-19633.smt2 -> ok  14.388 ms  7808 KB  nodes=24
[1289/4252] antlr4 | min-has-no-other-solution-19633.smt2 -> ok  374.368 ms  4096 KB  nodes=306
[1290/4252] cvc5 | min-has-no-other-solution-19633.smt2 -> ok  46.644 ms  14592 KB  nodes=11
[1291/4252] smt-switch | min-has-no-other-solution-19633.smt2 -> fail  7.73986 ms  9344 KB  nodes=0
[1292/4252] native | sub-has-no-other-solution-13075.smt2 -> ok  23.3711 ms  17152 KB  nodes=19
[1293/4252] pysmt | sub-has-no-other-solution-13075.smt2 -> fail  0 ms  0 KB  nodes=0
[1294/4252] jsmtlib | sub-has-no-other-solution-13075.smt2 -> ok  1088.78 ms  2048 KB  nodes=40
[1295/4252] z3 | sub-has-no-other-solution-13075.smt2 -> ok  15.013 ms  7808 KB  nodes=25
[1296/4252] antlr4 | sub-has-no-other-solution-13075.smt2 -> ok  354.52 ms  4096 KB  nodes=312
[1297/4252] cvc5 | sub-has-no-other-solution-13075.smt2 -> ok  46.1989 ms  14592 KB  nodes=13
[1298/4252] smt-switch | sub-has-no-other-solution-13075.smt2 -> fail  6.37138 ms  9472 KB  nodes=0
[1299/4252] native | add-has-no-other-solution-6262.smt2 -> ok  19.4557 ms  17152 KB  nodes=19
[1300/4252] pysmt | add-has-no-other-solution-6262.smt2 -> fail  0 ms  0 KB  nodes=0
[1301/4252] jsmtlib | add-has-no-other-solution-6262.smt2 -> ok  1063.22 ms  2048 KB  nodes=40
[1302/4252] z3 | add-has-no-other-solution-6262.smt2 -> ok  15.147 ms  7808 KB  nodes=25
[1303/4252] antlr4 | add-has-no-other-solution-6262.smt2 -> ok  378.488 ms  4096 KB  nodes=312
[1304/4252] cvc5 | add-has-no-other-solution-6262.smt2 -> ok  50.988 ms  14720 KB  nodes=13
[1305/4252] smt-switch | add-has-no-other-solution-6262.smt2 -> fail  8.1669 ms  9088 KB  nodes=0
[1306/4252] native | mul-has-no-other-solution-9008.smt2 -> ok  21.7689 ms  17152 KB  nodes=21
[1307/4252] pysmt | mul-has-no-other-solution-9008.smt2 -> fail  0 ms  0 KB  nodes=0
[1308/4252] jsmtlib | mul-has-no-other-solution-9008.smt2 -> ok  1075.64 ms  2048 KB  nodes=40
[1309/4252] z3 | mul-has-no-other-solution-9008.smt2 -> ok  13.069 ms  7808 KB  nodes=25
[1310/4252] antlr4 | mul-has-no-other-solution-9008.smt2 -> ok  352.89 ms  4096 KB  nodes=312
[1311/4252] cvc5 | mul-has-no-other-solution-9008.smt2 -> ok  45.8651 ms  14848 KB  nodes=13
[1312/4252] smt-switch | mul-has-no-other-solution-9008.smt2 -> fail  5.96285 ms  9216 KB  nodes=0
[1313/4252] native | max-has-no-other-solution-8695.smt2 -> ok  22.9596 ms  17152 KB  nodes=16
[1314/4252] pysmt | max-has-no-other-solution-8695.smt2 -> fail  0 ms  0 KB  nodes=0
[1315/4252] jsmtlib | max-has-no-other-solution-8695.smt2 -> ok  1078.44 ms  2048 KB  nodes=39
[1316/4252] z3 | max-has-no-other-solution-8695.smt2 -> ok  17.384 ms  7808 KB  nodes=24
[1317/4252] antlr4 | max-has-no-other-solution-8695.smt2 -> ok  396.601 ms  4096 KB  nodes=306
[1318/4252] cvc5 | max-has-no-other-solution-8695.smt2 -> ok  52.9144 ms  14848 KB  nodes=11
[1319/4252] smt-switch | max-has-no-other-solution-8695.smt2 -> fail  7.64794 ms  9216 KB  nodes=0
[1320/4252] native | add-has-no-other-solution-19488.smt2 -> ok  20.4733 ms  17152 KB  nodes=17
[1321/4252] pysmt | add-has-no-other-solution-19488.smt2 -> fail  0 ms  0 KB  nodes=0
[1322/4252] jsmtlib | add-has-no-other-solution-19488.smt2 -> ok  1119.07 ms  2048 KB  nodes=40
[1323/4252] z3 | add-has-no-other-solution-19488.smt2 -> ok  15.849 ms  7808 KB  nodes=25
[1324/4252] antlr4 | add-has-no-other-solution-19488.smt2 -> ok  348.922 ms  4096 KB  nodes=312
[1325/4252] cvc5 | add-has-no-other-solution-19488.smt2 -> ok  48.6427 ms  14592 KB  nodes=12
[1326/4252] smt-switch | add-has-no-other-solution-19488.smt2 -> fail  10.88 ms  9216 KB  nodes=0
[1327/4252] native | div-has-solution-10577.smt2 -> ok  23.0027 ms  17152 KB  nodes=20
[1328/4252] pysmt | div-has-solution-10577.smt2 -> fail  0 ms  0 KB  nodes=0
[1329/4252] jsmtlib | div-has-solution-10577.smt2 -> ok  1118.67 ms  2048 KB  nodes=39
[1330/4252] z3 | div-has-solution-10577.smt2 -> ok  11.836 ms  7808 KB  nodes=24
[1331/4252] antlr4 | div-has-solution-10577.smt2 -> ok  389.45 ms  4096 KB  nodes=303
[1332/4252] cvc5 | div-has-solution-10577.smt2 -> ok  48.3347 ms  15104 KB  nodes=12
[1333/4252] smt-switch | div-has-solution-10577.smt2 -> fail  7.51358 ms  9216 KB  nodes=0
[1334/4252] native | fma-has-no-other-solution-9807.smt2 -> ok  21.8139 ms  17152 KB  nodes=26
[1335/4252] pysmt | fma-has-no-other-solution-9807.smt2 -> fail  0 ms  0 KB  nodes=0
[1336/4252] jsmtlib | fma-has-no-other-solution-9807.smt2 -> ok  1043.34 ms  2048 KB  nodes=49
[1337/4252] z3 | fma-has-no-other-solution-9807.smt2 -> ok  13.82 ms  7808 KB  nodes=32
[1338/4252] antlr4 | fma-has-no-other-solution-9807.smt2 -> ok  346.256 ms  4096 KB  nodes=372
[1339/4252] cvc5 | fma-has-no-other-solution-9807.smt2 -> ok  49.9836 ms  14720 KB  nodes=16
[1340/4252] smt-switch | fma-has-no-other-solution-9807.smt2 -> fail  8.29795 ms  9472 KB  nodes=0
[1341/4252] native | mul-has-no-other-solution-13158.smt2 -> ok  21.9901 ms  17280 KB  nodes=21
[1342/4252] pysmt | mul-has-no-other-solution-13158.smt2 -> fail  0 ms  0 KB  nodes=0
[1343/4252] jsmtlib | mul-has-no-other-solution-13158.smt2 -> ok  1077.89 ms  2048 KB  nodes=40
[1344/4252] z3 | mul-has-no-other-solution-13158.smt2 -> ok  12.621 ms  7808 KB  nodes=25
[1345/4252] antlr4 | mul-has-no-other-solution-13158.smt2 -> ok  351.17 ms  4096 KB  nodes=312
[1346/4252] cvc5 | mul-has-no-other-solution-13158.smt2 -> ok  53.542 ms  14720 KB  nodes=13
[1347/4252] smt-switch | mul-has-no-other-solution-13158.smt2 -> fail  7.71764 ms  9472 KB  nodes=0
[1348/4252] native | fma-has-no-other-solution-7057.smt2 -> ok  23.8403 ms  17152 KB  nodes=25
[1349/4252] pysmt | fma-has-no-other-solution-7057.smt2 -> fail  0 ms  0 KB  nodes=0
[1350/4252] jsmtlib | fma-has-no-other-solution-7057.smt2 -> ok  1045.95 ms  2048 KB  nodes=49
[1351/4252] z3 | fma-has-no-other-solution-7057.smt2 -> ok  13.701 ms  7808 KB  nodes=32
[1352/4252] antlr4 | fma-has-no-other-solution-7057.smt2 -> ok  351.091 ms  4096 KB  nodes=372
[1353/4252] cvc5 | fma-has-no-other-solution-7057.smt2 -> ok  47.5415 ms  14464 KB  nodes=16
[1354/4252] smt-switch | fma-has-no-other-solution-7057.smt2 -> fail  9.30227 ms  9216 KB  nodes=0
[1355/4252] native | sub-has-no-other-solution-11541.smt2 -> ok  22.251 ms  17152 KB  nodes=18
[1356/4252] pysmt | sub-has-no-other-solution-11541.smt2 -> fail  0 ms  0 KB  nodes=0
[1357/4252] jsmtlib | sub-has-no-other-solution-11541.smt2 -> ok  1051.72 ms  2048 KB  nodes=40
[1358/4252] z3 | sub-has-no-other-solution-11541.smt2 -> ok  12.649 ms  7808 KB  nodes=25
[1359/4252] antlr4 | sub-has-no-other-solution-11541.smt2 -> ok  355.06 ms  4096 KB  nodes=312
[1360/4252] cvc5 | sub-has-no-other-solution-11541.smt2 -> ok  46.9563 ms  14848 KB  nodes=12
[1361/4252] smt-switch | sub-has-no-other-solution-11541.smt2 -> fail  5.89554 ms  9344 KB  nodes=0
[1362/4252] native | sub-has-no-other-solution-9723.smt2 -> ok  22.5963 ms  17152 KB  nodes=17
[1363/4252] pysmt | sub-has-no-other-solution-9723.smt2 -> fail  0 ms  0 KB  nodes=0
[1364/4252] jsmtlib | sub-has-no-other-solution-9723.smt2 -> ok  1083.13 ms  2048 KB  nodes=40
[1365/4252] z3 | sub-has-no-other-solution-9723.smt2 -> ok  13.804 ms  7808 KB  nodes=25
[1366/4252] antlr4 | sub-has-no-other-solution-9723.smt2 -> ok  374.208 ms  4096 KB  nodes=312
[1367/4252] cvc5 | sub-has-no-other-solution-9723.smt2 -> ok  50.0645 ms  14848 KB  nodes=12
[1368/4252] smt-switch | sub-has-no-other-solution-9723.smt2 -> fail  9.02771 ms  9216 KB  nodes=0
[1369/4252] native | fma-has-no-other-solution-16973.smt2 -> ok  21.3929 ms  17152 KB  nodes=23
[1370/4252] pysmt | fma-has-no-other-solution-16973.smt2 -> fail  0 ms  0 KB  nodes=0
[1371/4252] jsmtlib | fma-has-no-other-solution-16973.smt2 -> ok  1057.52 ms  2048 KB  nodes=49
[1372/4252] z3 | fma-has-no-other-solution-16973.smt2 -> ok  14.81 ms  7680 KB  nodes=32
[1373/4252] antlr4 | fma-has-no-other-solution-16973.smt2 -> ok  364.681 ms  4096 KB  nodes=372
[1374/4252] cvc5 | fma-has-no-other-solution-16973.smt2 -> ok  47.0604 ms  14720 KB  nodes=15
[1375/4252] smt-switch | fma-has-no-other-solution-16973.smt2 -> fail  6.72762 ms  9472 KB  nodes=0
[1376/4252] native | mul-has-solution-10369.smt2 -> ok  22.5867 ms  17152 KB  nodes=20
[1377/4252] pysmt | mul-has-solution-10369.smt2 -> fail  0 ms  0 KB  nodes=0
[1378/4252] jsmtlib | mul-has-solution-10369.smt2 -> ok  1021.02 ms  2048 KB  nodes=39
[1379/4252] z3 | mul-has-solution-10369.smt2 -> ok  13.476 ms  7808 KB  nodes=24
[1380/4252] antlr4 | mul-has-solution-10369.smt2 -> ok  363.743 ms  4096 KB  nodes=303
[1381/4252] cvc5 | mul-has-solution-10369.smt2 -> ok  50.8839 ms  14848 KB  nodes=12
[1382/4252] smt-switch | mul-has-solution-10369.smt2 -> fail  10.6465 ms  9216 KB  nodes=0
[1383/4252] native | add-has-solution-2768.smt2 -> ok  21.6747 ms  17152 KB  nodes=18
[1384/4252] pysmt | add-has-solution-2768.smt2 -> fail  0 ms  0 KB  nodes=0
[1385/4252] jsmtlib | add-has-solution-2768.smt2 -> ok  1102.11 ms  2048 KB  nodes=39
[1386/4252] z3 | add-has-solution-2768.smt2 -> ok  12.414 ms  7808 KB  nodes=24
[1387/4252] antlr4 | add-has-solution-2768.smt2 -> ok  397.125 ms  4096 KB  nodes=303
[1388/4252] cvc5 | add-has-solution-2768.smt2 -> ok  51.5667 ms  14976 KB  nodes=12
[1389/4252] smt-switch | add-has-solution-2768.smt2 -> fail  6.53197 ms  9216 KB  nodes=0
[1390/4252] native | sub-has-solution-14500.smt2 -> ok  22.2003 ms  17152 KB  nodes=17
[1391/4252] pysmt | sub-has-solution-14500.smt2 -> fail  0 ms  0 KB  nodes=0
[1392/4252] jsmtlib | sub-has-solution-14500.smt2 -> ok  1092.28 ms  2048 KB  nodes=39
[1393/4252] z3 | sub-has-solution-14500.smt2 -> ok  14.29 ms  7808 KB  nodes=24
[1394/4252] antlr4 | sub-has-solution-14500.smt2 -> ok  382.074 ms  4096 KB  nodes=303
[1395/4252] cvc5 | sub-has-solution-14500.smt2 -> ok  52.4905 ms  15104 KB  nodes=11
[1396/4252] smt-switch | sub-has-solution-14500.smt2 -> fail  7.4179 ms  9216 KB  nodes=0
[1397/4252] native | 59645890.smt2 -> ok  22.4397 ms  17152 KB  nodes=15
[1398/4252] pysmt | 59645890.smt2 -> fail  0 ms  0 KB  nodes=0
[1399/4252] jsmtlib | 59645890.smt2 -> ok  1047.67 ms  2048 KB  nodes=26
[1400/4252] z3 | 59645890.smt2 -> ok  16.313 ms  7808 KB  nodes=15
[1401/4252] antlr4 | 59645890.smt2 -> ok  352.152 ms  4096 KB  nodes=237
[1402/4252] cvc5 | 59645890.smt2 -> ok  69.945 ms  20736 KB  nodes=11
[1403/4252] smt-switch | 59645890.smt2 -> fail  8.61338 ms  9472 KB  nodes=0
[1404/4252] native | fma-has-solution-8356.smt2 -> ok  23.1781 ms  17152 KB  nodes=22
[1405/4252] pysmt | fma-has-solution-8356.smt2 -> fail  0 ms  0 KB  nodes=0
[1406/4252] jsmtlib | fma-has-solution-8356.smt2 -> ok  1040.6 ms  2048 KB  nodes=48
[1407/4252] z3 | fma-has-solution-8356.smt2 -> ok  11.498 ms  7808 KB  nodes=31
[1408/4252] antlr4 | fma-has-solution-8356.smt2 -> ok  368.546 ms  4096 KB  nodes=363
[1409/4252] cvc5 | fma-has-solution-8356.smt2 -> ok  47.9198 ms  14976 KB  nodes=14
[1410/4252] smt-switch | fma-has-solution-8356.smt2 -> fail  6.71648 ms  8960 KB  nodes=0
[1411/4252] native | add-has-no-other-solution-7536.smt2 -> ok  21.2685 ms  17152 KB  nodes=18
[1412/4252] pysmt | add-has-no-other-solution-7536.smt2 -> fail  0 ms  0 KB  nodes=0
[1413/4252] jsmtlib | add-has-no-other-solution-7536.smt2 -> ok  1054.81 ms  2048 KB  nodes=40
[1414/4252] z3 | add-has-no-other-solution-7536.smt2 -> ok  15.33 ms  7808 KB  nodes=25
[1415/4252] antlr4 | add-has-no-other-solution-7536.smt2 -> ok  344.848 ms  4096 KB  nodes=312
[1416/4252] cvc5 | add-has-no-other-solution-7536.smt2 -> ok  49.6823 ms  14464 KB  nodes=12
[1417/4252] smt-switch | add-has-no-other-solution-7536.smt2 -> fail  8.34971 ms  9344 KB  nodes=0
[1418/4252] native | add-has-solution-16900.smt2 -> ok  22.391 ms  17152 KB  nodes=17
[1419/4252] pysmt | add-has-solution-16900.smt2 -> fail  0 ms  0 KB  nodes=0
[1420/4252] jsmtlib | add-has-solution-16900.smt2 -> ok  1077.09 ms  2048 KB  nodes=39
[1421/4252] z3 | add-has-solution-16900.smt2 -> ok  13.404 ms  7808 KB  nodes=24
[1422/4252] antlr4 | add-has-solution-16900.smt2 -> ok  363.493 ms  4096 KB  nodes=303
[1423/4252] cvc5 | add-has-solution-16900.smt2 -> ok  50.3228 ms  14976 KB  nodes=11
[1424/4252] smt-switch | add-has-solution-16900.smt2 -> fail  5.95684 ms  9216 KB  nodes=0
[1425/4252] native | div-has-no-other-solution-5256.smt2 -> ok  22.6394 ms  17152 KB  nodes=21
[1426/4252] pysmt | div-has-no-other-solution-5256.smt2 -> fail  0 ms  0 KB  nodes=0
[1427/4252] jsmtlib | div-has-no-other-solution-5256.smt2 -> ok  1027.16 ms  2048 KB  nodes=40
[1428/4252] z3 | div-has-no-other-solution-5256.smt2 -> ok  13.649 ms  7808 KB  nodes=25
[1429/4252] antlr4 | div-has-no-other-solution-5256.smt2 -> ok  354.294 ms  4096 KB  nodes=312
[1430/4252] cvc5 | div-has-no-other-solution-5256.smt2 -> ok  49.6434 ms  14720 KB  nodes=13
[1431/4252] smt-switch | div-has-no-other-solution-5256.smt2 -> fail  6.37505 ms  9344 KB  nodes=0
[1432/4252] native | sub-has-no-other-solution-6260.smt2 -> ok  21.8361 ms  17152 KB  nodes=19
[1433/4252] pysmt | sub-has-no-other-solution-6260.smt2 -> fail  0 ms  0 KB  nodes=0
[1434/4252] jsmtlib | sub-has-no-other-solution-6260.smt2 -> ok  1033.06 ms  2048 KB  nodes=40
[1435/4252] z3 | sub-has-no-other-solution-6260.smt2 -> ok  12.727 ms  7808 KB  nodes=25
[1436/4252] antlr4 | sub-has-no-other-solution-6260.smt2 -> ok  370.562 ms  4096 KB  nodes=312
[1437/4252] cvc5 | sub-has-no-other-solution-6260.smt2 -> ok  55.6718 ms  14720 KB  nodes=13
[1438/4252] smt-switch | sub-has-no-other-solution-6260.smt2 -> fail  7.67866 ms  9216 KB  nodes=0
[1439/4252] native | div-has-no-other-solution-17948.smt2 -> ok  21.4353 ms  17152 KB  nodes=21
[1440/4252] pysmt | div-has-no-other-solution-17948.smt2 -> fail  0 ms  0 KB  nodes=0
[1441/4252] jsmtlib | div-has-no-other-solution-17948.smt2 -> ok  1104.6 ms  2048 KB  nodes=40
[1442/4252] z3 | div-has-no-other-solution-17948.smt2 -> ok  12.829 ms  7808 KB  nodes=25
[1443/4252] antlr4 | div-has-no-other-solution-17948.smt2 -> ok  358.126 ms  4096 KB  nodes=312
[1444/4252] cvc5 | div-has-no-other-solution-17948.smt2 -> ok  47.9995 ms  14592 KB  nodes=13
[1445/4252] smt-switch | div-has-no-other-solution-17948.smt2 -> fail  7.81972 ms  9472 KB  nodes=0
[1446/4252] native | add-has-no-other-solution-8786.smt2 -> ok  22.0171 ms  17152 KB  nodes=20
[1447/4252] pysmt | add-has-no-other-solution-8786.smt2 -> fail  0 ms  0 KB  nodes=0
[1448/4252] jsmtlib | add-has-no-other-solution-8786.smt2 -> ok  1091.12 ms  2048 KB  nodes=40
[1449/4252] z3 | add-has-no-other-solution-8786.smt2 -> ok  12.834 ms  7808 KB  nodes=25
[1450/4252] antlr4 | add-has-no-other-solution-8786.smt2 -> ok  380.312 ms  4096 KB  nodes=312
[1451/4252] cvc5 | add-has-no-other-solution-8786.smt2 -> ok  46.2489 ms  14848 KB  nodes=13
[1452/4252] smt-switch | add-has-no-other-solution-8786.smt2 -> fail  8.04943 ms  9344 KB  nodes=0
