[329/10128] native | sin-problem-7-weak2-chunk-0006.smt2 -> ok  72.8277 ms  17664 KB  nodes=18
[330/10128] pysmt | sin-problem-7-weak2-chunk-0006.smt2 -> ok  14.466 ms  21400 KB  nodes=18
[331/10128] jsmtlib | sin-problem-7-weak2-chunk-0006.smt2 -> ok  4948.42 ms  2048 KB  nodes=33
[332/10128] z3 | sin-problem-7-weak2-chunk-0006.smt2 -> ok  54.981 ms  7808 KB  nodes=22
[333/10128] antlr4 | sin-problem-7-weak2-chunk-0006.smt2 -> ok  3502.38 ms  4096 KB  nodes=294
[334/10128] cvc5 | sin-problem-7-weak2-chunk-0006.smt2 -> ok  18.7331 ms  14592 KB  nodes=22
[335/10128] smt-switch | sin-problem-7-weak2-chunk-0006.smt2 -> ok  46.615 ms  16128 KB  nodes=22
[336/10128] native | sin-problem-7-weak-chunk-0029.smt2 -> ok  106.919 ms  17664 KB  nodes=25
[337/10128] pysmt | sin-problem-7-weak-chunk-0029.smt2 -> ok  11.0376 ms  21012 KB  nodes=25
[338/10128] jsmtlib | sin-problem-7-weak-chunk-0029.smt2 -> ok  2256.75 ms  2048 KB  nodes=42
[339/10128] z3 | sin-problem-7-weak-chunk-0029.smt2 -> ok  53.228 ms  7808 KB  nodes=31
[340/10128] antlr4 | sin-problem-7-weak-chunk-0029.smt2 -> ok  1852.88 ms  4096 KB  nodes=376
[341/10128] cvc5 | sin-problem-7-weak-chunk-0029.smt2 -> ok  10.4417 ms  14080 KB  nodes=31
[342/10128] smt-switch | sin-problem-7-weak-chunk-0029.smt2 -> ok  23.6176 ms  16256 KB  nodes=31
[343/10128] native | cbrt-problem-3-chunk-0040.smt2 -> ok  128.451 ms  17664 KB  nodes=24
[344/10128] pysmt | cbrt-problem-3-chunk-0040.smt2 -> ok  7.0138 ms  20968 KB  nodes=25
[345/10128] jsmtlib | cbrt-problem-3-chunk-0040.smt2 -> ok  3903.16 ms  2048 KB  nodes=43
[346/10128] z3 | cbrt-problem-3-chunk-0040.smt2 -> ok  44.061 ms  7808 KB  nodes=28
[347/10128] antlr4 | cbrt-problem-3-chunk-0040.smt2 -> ok  1841.52 ms  4096 KB  nodes=417
[348/10128] cvc5 | cbrt-problem-3-chunk-0040.smt2 -> ok  192.584 ms  14464 KB  nodes=28
[349/10128] smt-switch | cbrt-problem-3-chunk-0040.smt2 -> ok  129.103 ms  15872 KB  nodes=28
[350/10128] native | sin-problem-7-chunk-0013.smt2 -> ok  107.305 ms  17536 KB  nodes=25
[351/10128] pysmt | sin-problem-7-chunk-0013.smt2 -> ok  32.4974 ms  21320 KB  nodes=22
[352/10128] jsmtlib | sin-problem-7-chunk-0013.smt2 -> ok  4263 ms  2048 KB  nodes=39
[353/10128] z3 | sin-problem-7-chunk-0013.smt2 -> ok  193.996 ms  7552 KB  nodes=28
[354/10128] antlr4 | sin-problem-7-chunk-0013.smt2 -> ok  2460.36 ms  4096 KB  nodes=349
[355/10128] cvc5 | sin-problem-7-chunk-0013.smt2 -> ok  234.789 ms  14208 KB  nodes=28
[356/10128] smt-switch | sin-problem-7-chunk-0013.smt2 -> ok  294.734 ms  16384 KB  nodes=28
[357/10128] native | Chua-1-VC1-L-chunk-0142.smt2 -> ok  98.0738 ms  17536 KB  nodes=14
[358/10128] pysmt | Chua-1-VC1-L-chunk-0142.smt2 -> ok  11.1411 ms  21056 KB  nodes=15
[359/10128] jsmtlib | Chua-1-VC1-L-chunk-0142.smt2 -> ok  3288.38 ms  2048 KB  nodes=28
[360/10128] z3 | Chua-1-VC1-L-chunk-0142.smt2 -> ok  143.147 ms  7680 KB  nodes=17
[361/10128] antlr4 | Chua-1-VC1-L-chunk-0142.smt2 -> ok  1849.88 ms  4096 KB  nodes=245
[362/10128] cvc5 | Chua-1-VC1-L-chunk-0142.smt2 -> ok  233.169 ms  14336 KB  nodes=17
[363/10128] smt-switch | Chua-1-VC1-L-chunk-0142.smt2 -> ok  203.289 ms  16640 KB  nodes=17
[364/10128] native | sin-problem-8-chunk-0023.smt2 -> ok  100.437 ms  17664 KB  nodes=25
[365/10128] pysmt | sin-problem-8-chunk-0023.smt2 -> ok  17.1883 ms  21132 KB  nodes=25
[366/10128] jsmtlib | sin-problem-8-chunk-0023.smt2 -> ok  4791.79 ms  2048 KB  nodes=42
[367/10128] z3 | sin-problem-8-chunk-0023.smt2 -> ok  277.261 ms  7680 KB  nodes=31
[368/10128] antlr4 | sin-problem-8-chunk-0023.smt2 -> ok  2922.96 ms  4096 KB  nodes=376
[369/10128] cvc5 | sin-problem-8-chunk-0023.smt2 -> ok  208.409 ms  14720 KB  nodes=31
[370/10128] smt-switch | sin-problem-8-chunk-0023.smt2 -> ok  423.268 ms  16512 KB  nodes=31
[371/10128] native | polypaver-bench-exp-3d-chunk-0051.smt2 -> ok  179.784 ms  17664 KB  nodes=25
[372/10128] pysmt | polypaver-bench-exp-3d-chunk-0051.smt2 -> ok  66.6294 ms  19640 KB  nodes=25
[373/10128] jsmtlib | polypaver-bench-exp-3d-chunk-0051.smt2 -> timeout  10000 ms   KB  nodes=
[374/10128] z3 | polypaver-bench-exp-3d-chunk-0051.smt2 -> timeout  10000 ms   KB  nodes=
[1/9753] cvc5 | polypaver-bench-exp-3d-chunk-0051.smt2 -> ok  87.6072 ms  15232 KB  nodes=25
[2/9753] smt-switch | polypaver-bench-exp-3d-chunk-0051.smt2 -> ok  93.6115 ms  17152 KB  nodes=25
[3/9753] native | polypaver-bench-exp-3d-chunk-0144.smt2 -> ok  25.7034 ms  17664 KB  nodes=27
[4/9753] pysmt | polypaver-bench-exp-3d-chunk-0144.smt2 -> ok  7.58958 ms  21428 KB  nodes=27
[5/9753] jsmtlib | polypaver-bench-exp-3d-chunk-0144.smt2 -> ok  1584.5 ms  2048 KB  nodes=42
[6/9753] z3 | polypaver-bench-exp-3d-chunk-0144.smt2 -> ok  41.076 ms  7680 KB  nodes=27
[7/9753] antlr4 | polypaver-bench-exp-3d-chunk-0144.smt2 -> ok  677.5 ms  4096 KB  nodes=436
[8/9753] cvc5 | polypaver-bench-exp-3d-chunk-0144.smt2 -> ok  98.7032 ms  15360 KB  nodes=27
[9/9753] smt-switch | polypaver-bench-exp-3d-chunk-0144.smt2 -> ok  98.7333 ms  17280 KB  nodes=27
[10/9753] native | bottom-plate-mixer-chunk-0006.smt2 -> ok  25.3963 ms  17664 KB  nodes=19
[11/9753] pysmt | bottom-plate-mixer-chunk-0006.smt2 -> ok  7.05552 ms  21456 KB  nodes=14
[12/9753] jsmtlib | bottom-plate-mixer-chunk-0006.smt2 -> ok  1462.1 ms  2048 KB  nodes=31
[13/9753] z3 | bottom-plate-mixer-chunk-0006.smt2 -> ok  14.844 ms  7680 KB  nodes=20
[14/9753] antlr4 | bottom-plate-mixer-chunk-0006.smt2 -> ok  548.105 ms  4096 KB  nodes=262
[15/9753] cvc5 | bottom-plate-mixer-chunk-0006.smt2 -> ok  79.9818 ms  14976 KB  nodes=20
[16/9753] smt-switch | bottom-plate-mixer-chunk-0006.smt2 -> ok  87.2419 ms  17024 KB  nodes=20
[17/9753] native | cbrt-problem-3-chunk-0074.smt2 -> ok  23.8814 ms  17792 KB  nodes=21
[18/9753] pysmt | cbrt-problem-3-chunk-0074.smt2 -> ok  7.84349 ms  21344 KB  nodes=23
[19/9753] jsmtlib | cbrt-problem-3-chunk-0074.smt2 -> ok  1445.59 ms  2048 KB  nodes=37
[20/9753] z3 | cbrt-problem-3-chunk-0074.smt2 -> ok  16.923 ms  7680 KB  nodes=24
[21/9753] antlr4 | cbrt-problem-3-chunk-0074.smt2 -> ok  542.328 ms  4096 KB  nodes=359
[22/9753] cvc5 | cbrt-problem-3-chunk-0074.smt2 -> ok  81.3179 ms  15104 KB  nodes=24
[23/9753] smt-switch | cbrt-problem-3-chunk-0074.smt2 -> ok  91.6356 ms  17280 KB  nodes=24
[24/9753] native | sqrt-1mcosq-7-chunk-0009.smt2 -> ok  23.8477 ms  17792 KB  nodes=19
[25/9753] pysmt | sqrt-1mcosq-7-chunk-0009.smt2 -> ok  7.55429 ms  21492 KB  nodes=15
[26/9753] jsmtlib | sqrt-1mcosq-7-chunk-0009.smt2 -> ok  1525.35 ms  2048 KB  nodes=31
[27/9753] z3 | sqrt-1mcosq-7-chunk-0009.smt2 -> ok  19.721 ms  7808 KB  nodes=20
[28/9753] antlr4 | sqrt-1mcosq-7-chunk-0009.smt2 -> ok  658.243 ms  4096 KB  nodes=279
[29/9753] cvc5 | sqrt-1mcosq-7-chunk-0009.smt2 -> ok  91.8942 ms  15488 KB  nodes=20
[30/9753] smt-switch | sqrt-1mcosq-7-chunk-0009.smt2 -> ok  105.612 ms  17280 KB  nodes=20
[31/9753] native | sin-problem-7-weak-chunk-0035.smt2 -> ok  26.0336 ms  17664 KB  nodes=31
[32/9753] pysmt | sin-problem-7-weak-chunk-0035.smt2 -> ok  9.07087 ms  21588 KB  nodes=32
[33/9753] jsmtlib | sin-problem-7-weak-chunk-0035.smt2 -> ok  1503.56 ms  2048 KB  nodes=51
[34/9753] z3 | sin-problem-7-weak-chunk-0035.smt2 -> ok  16.748 ms  7808 KB  nodes=38
[35/9753] antlr4 | sin-problem-7-weak-chunk-0035.smt2 -> ok  458.215 ms  4096 KB  nodes=471
[36/9753] cvc5 | sin-problem-7-weak-chunk-0035.smt2 -> ok  66.2192 ms  15488 KB  nodes=38
[37/9753] smt-switch | sin-problem-7-weak-chunk-0035.smt2 -> ok  83.4962 ms  17152 KB  nodes=38
[38/9753] native | sin-problem-8-chunk-0032.smt2 -> ok  25.1207 ms  17792 KB  nodes=25
[39/9753] pysmt | sin-problem-8-chunk-0032.smt2 -> ok  7.44557 ms  21512 KB  nodes=24
[40/9753] jsmtlib | sin-problem-8-chunk-0032.smt2 -> ok  1185.9 ms  2048 KB  nodes=41
[41/9753] z3 | sin-problem-8-chunk-0032.smt2 -> ok  16.299 ms  7808 KB  nodes=30
[42/9753] antlr4 | sin-problem-8-chunk-0032.smt2 -> ok  471.333 ms  4096 KB  nodes=367
[43/9753] cvc5 | sin-problem-8-chunk-0032.smt2 -> ok  60.6095 ms  14848 KB  nodes=30
[44/9753] smt-switch | sin-problem-8-chunk-0032.smt2 -> fail  21.5306 ms  10368 KB  nodes=0
[45/9753] native | sin-problem-7-chunk-0041.smt2 -> ok  21.6015 ms  17664 KB  nodes=27
[46/9753] pysmt | sin-problem-7-chunk-0041.smt2 -> ok  6.04129 ms  21388 KB  nodes=24
[47/9753] jsmtlib | sin-problem-7-chunk-0041.smt2 -> ok  1164.31 ms  2048 KB  nodes=41
[48/9753] z3 | sin-problem-7-chunk-0041.smt2 -> ok  15.86 ms  7808 KB  nodes=30
[49/9753] antlr4 | sin-problem-7-chunk-0041.smt2 -> ok  438.89 ms  4096 KB  nodes=375
[50/9753] cvc5 | sin-problem-7-chunk-0041.smt2 -> ok  59.6215 ms  15232 KB  nodes=30
[51/9753] smt-switch | sin-problem-7-chunk-0041.smt2 -> ok  67.9281 ms  17152 KB  nodes=30
[52/9753] native | sqrt-1mcosq-8-chunk-0035.smt2 -> ok  23.1586 ms  17664 KB  nodes=31
[53/9753] pysmt | sqrt-1mcosq-8-chunk-0035.smt2 -> ok  7.339 ms  21412 KB  nodes=26
[54/9753] jsmtlib | sqrt-1mcosq-8-chunk-0035.smt2 -> ok  1115.24 ms  2048 KB  nodes=46
[55/9753] z3 | sqrt-1mcosq-8-chunk-0035.smt2 -> ok  16.566 ms  7808 KB  nodes=35
[56/9753] antlr4 | sqrt-1mcosq-8-chunk-0035.smt2 -> ok  489.918 ms  4096 KB  nodes=402
[57/9753] cvc5 | sqrt-1mcosq-8-chunk-0035.smt2 -> ok  62.0171 ms  15488 KB  nodes=35
[58/9753] smt-switch | sqrt-1mcosq-8-chunk-0035.smt2 -> ok  77.1002 ms  17408 KB  nodes=35
[59/9753] native | sin-problem-7-chunk-0014.smt2 -> ok  20.0162 ms  17536 KB  nodes=25
[60/9753] pysmt | sin-problem-7-chunk-0014.smt2 -> ok  6.32787 ms  21484 KB  nodes=22
[61/9753] jsmtlib | sin-problem-7-chunk-0014.smt2 -> ok  1112.2 ms  2048 KB  nodes=39
[62/9753] z3 | sin-problem-7-chunk-0014.smt2 -> ok  15.754 ms  7936 KB  nodes=28
[63/9753] antlr4 | sin-problem-7-chunk-0014.smt2 -> ok  422.602 ms  4096 KB  nodes=349
[64/9753] cvc5 | sin-problem-7-chunk-0014.smt2 -> ok  58.6979 ms  15616 KB  nodes=28
[65/9753] smt-switch | sin-problem-7-chunk-0014.smt2 -> ok  69.0103 ms  17536 KB  nodes=28
[66/9753] native | sin-problem-7-chunk-0004.smt2 -> ok  20.3579 ms  17664 KB  nodes=13
[67/9753] pysmt | sin-problem-7-chunk-0004.smt2 -> ok  5.90086 ms  21740 KB  nodes=12
[68/9753] jsmtlib | sin-problem-7-chunk-0004.smt2 -> ok  1086.79 ms  2048 KB  nodes=25
[69/9753] z3 | sin-problem-7-chunk-0004.smt2 -> ok  15.15 ms  7808 KB  nodes=14
[70/9753] antlr4 | sin-problem-7-chunk-0004.smt2 -> ok  423.209 ms  4096 KB  nodes=229
[71/9753] cvc5 | sin-problem-7-chunk-0004.smt2 -> ok  58.9598 ms  15360 KB  nodes=14
[72/9753] smt-switch | sin-problem-7-chunk-0004.smt2 -> ok  67.7931 ms  17280 KB  nodes=14
[73/9753] native | sin-problem-7-chunk-0024.smt2 -> ok  20.1684 ms  17664 KB  nodes=25
[74/9753] pysmt | sin-problem-7-chunk-0024.smt2 -> ok  5.70869 ms  21524 KB  nodes=22
[75/9753] jsmtlib | sin-problem-7-chunk-0024.smt2 -> ok  1069.69 ms  2048 KB  nodes=39
[76/9753] z3 | sin-problem-7-chunk-0024.smt2 -> ok  15.845 ms  7808 KB  nodes=28
[77/9753] antlr4 | sin-problem-7-chunk-0024.smt2 -> ok  437.079 ms  4096 KB  nodes=349
[78/9753] cvc5 | sin-problem-7-chunk-0024.smt2 -> ok  58.9405 ms  15232 KB  nodes=28
[79/9753] smt-switch | sin-problem-7-chunk-0024.smt2 -> ok  68.3616 ms  17408 KB  nodes=28
[80/9753] native | Chua-2-VC2-L-chunk-0031.smt2 -> ok  20.7903 ms  17664 KB  nodes=13
[81/9753] pysmt | Chua-2-VC2-L-chunk-0031.smt2 -> ok  6.47855 ms  21616 KB  nodes=14
[82/9753] jsmtlib | Chua-2-VC2-L-chunk-0031.smt2 -> ok  1066.95 ms  2048 KB  nodes=29
[83/9753] z3 | Chua-2-VC2-L-chunk-0031.smt2 -> ok  16.618 ms  7808 KB  nodes=16
[84/9753] antlr4 | Chua-2-VC2-L-chunk-0031.smt2 -> ok  413.164 ms  4096 KB  nodes=265
[85/9753] cvc5 | Chua-2-VC2-L-chunk-0031.smt2 -> ok  59.1939 ms  15232 KB  nodes=16
[86/9753] smt-switch | Chua-2-VC2-L-chunk-0031.smt2 -> ok  73.6 ms  17280 KB  nodes=16
[87/9753] native | cbrt-problem-3-weak-chunk-0068.smt2 -> ok  22.2384 ms  17664 KB  nodes=29
[88/9753] pysmt | cbrt-problem-3-weak-chunk-0068.smt2 -> ok  5.95403 ms  21604 KB  nodes=33
[89/9753] jsmtlib | cbrt-problem-3-weak-chunk-0068.smt2 -> ok  1108.86 ms  2048 KB  nodes=50
[90/9753] z3 | cbrt-problem-3-weak-chunk-0068.smt2 -> ok  15.415 ms  7808 KB  nodes=35
[91/9753] antlr4 | cbrt-problem-3-weak-chunk-0068.smt2 -> ok  420.469 ms  4096 KB  nodes=500
[92/9753] cvc5 | cbrt-problem-3-weak-chunk-0068.smt2 -> ok  61.58 ms  15104 KB  nodes=35
[93/9753] smt-switch | cbrt-problem-3-weak-chunk-0068.smt2 -> ok  68.9986 ms  17408 KB  nodes=35
[94/9753] native | Chua-1-VC1-L-chunk-0010.smt2 -> ok  21.0761 ms  17792 KB  nodes=16
[95/9753] pysmt | Chua-1-VC1-L-chunk-0010.smt2 -> ok  7.06649 ms  21508 KB  nodes=15
[96/9753] jsmtlib | Chua-1-VC1-L-chunk-0010.smt2 -> ok  1142.8 ms  2048 KB  nodes=30
[97/9753] z3 | Chua-1-VC1-L-chunk-0010.smt2 -> ok  16.586 ms  7808 KB  nodes=17
[98/9753] antlr4 | Chua-1-VC1-L-chunk-0010.smt2 -> ok  426.894 ms  4096 KB  nodes=273
[99/9753] cvc5 | Chua-1-VC1-L-chunk-0010.smt2 -> ok  60.4285 ms  15616 KB  nodes=17
[100/9753] smt-switch | Chua-1-VC1-L-chunk-0010.smt2 -> ok  69.0258 ms  17280 KB  nodes=17
[101/9753] native | cbrt-problem-3-weak-chunk-0055.smt2 -> ok  20.9928 ms  17664 KB  nodes=29
[102/9753] pysmt | cbrt-problem-3-weak-chunk-0055.smt2 -> ok  6.25849 ms  21612 KB  nodes=35
[103/9753] jsmtlib | cbrt-problem-3-weak-chunk-0055.smt2 -> ok  2340.03 ms  2048 KB  nodes=52
[104/9753] z3 | cbrt-problem-3-weak-chunk-0055.smt2 -> ok  71.051 ms  7680 KB  nodes=37
[105/9753] antlr4 | cbrt-problem-3-weak-chunk-0055.smt2 -> ok  587.68 ms  4096 KB  nodes=518
[106/9753] cvc5 | cbrt-problem-3-weak-chunk-0055.smt2 -> ok  72.6974 ms  15360 KB  nodes=37
[107/9753] smt-switch | cbrt-problem-3-weak-chunk-0055.smt2 -> ok  71.9796 ms  17408 KB  nodes=37
[108/9753] native | bottom-plate-mixer-chunk-0020.smt2 -> ok  19.5407 ms  17664 KB  nodes=24
[109/9753] pysmt | bottom-plate-mixer-chunk-0020.smt2 -> ok  4.59957 ms  21432 KB  nodes=19
[110/9753] jsmtlib | bottom-plate-mixer-chunk-0020.smt2 -> ok  861.3 ms  2048 KB  nodes=38
[111/9753] z3 | bottom-plate-mixer-chunk-0020.smt2 -> ok  12.424 ms  7808 KB  nodes=27
[112/9753] antlr4 | bottom-plate-mixer-chunk-0020.smt2 -> ok  416.215 ms  4096 KB  nodes=318
[113/9753] cvc5 | bottom-plate-mixer-chunk-0020.smt2 -> ok  65.5072 ms  15360 KB  nodes=27
[114/9753] smt-switch | bottom-plate-mixer-chunk-0020.smt2 -> ok  70.7876 ms  17280 KB  nodes=27
[115/9753] native | sqrt-1mcosq-7-chunk-0082.smt2 -> ok  20.5926 ms  17664 KB  nodes=21
[116/9753] pysmt | sqrt-1mcosq-7-chunk-0082.smt2 -> ok  6.63924 ms  21516 KB  nodes=22
[117/9753] jsmtlib | sqrt-1mcosq-7-chunk-0082.smt2 -> ok  1200.41 ms  2048 KB  nodes=37
[118/9753] z3 | sqrt-1mcosq-7-chunk-0082.smt2 -> ok  17.273 ms  7808 KB  nodes=26
[119/9753] antlr4 | sqrt-1mcosq-7-chunk-0082.smt2 -> ok  443.365 ms  4096 KB  nodes=329
[120/9753] cvc5 | sqrt-1mcosq-7-chunk-0082.smt2 -> ok  65.91 ms  15360 KB  nodes=26
[121/9753] smt-switch | sqrt-1mcosq-7-chunk-0082.smt2 -> ok  67.362 ms  17408 KB  nodes=26
[122/9753] native | sin-problem-7-weak-chunk-0038.smt2 -> ok  20.1304 ms  17664 KB  nodes=31
[123/9753] pysmt | sin-problem-7-weak-chunk-0038.smt2 -> ok  7.02929 ms  21748 KB  nodes=30
[124/9753] jsmtlib | sin-problem-7-weak-chunk-0038.smt2 -> ok  1237.75 ms  2048 KB  nodes=49
[125/9753] z3 | sin-problem-7-weak-chunk-0038.smt2 -> ok  17.092 ms  7808 KB  nodes=36
[126/9753] antlr4 | sin-problem-7-weak-chunk-0038.smt2 -> ok  484.69 ms  4096 KB  nodes=453
[127/9753] cvc5 | sin-problem-7-weak-chunk-0038.smt2 -> ok  67.8824 ms  15360 KB  nodes=36
[128/9753] smt-switch | sin-problem-7-weak-chunk-0038.smt2 -> ok  78.9287 ms  17280 KB  nodes=36
[129/9753] native | polypaver-bench-exp-3d-chunk-0018.smt2 -> ok  20.7369 ms  17664 KB  nodes=8
[130/9753] pysmt | polypaver-bench-exp-3d-chunk-0018.smt2 -> ok  6.6576 ms  21588 KB  nodes=11
[131/9753] jsmtlib | polypaver-bench-exp-3d-chunk-0018.smt2 -> ok  1286.05 ms  2048 KB  nodes=22
[132/9753] z3 | polypaver-bench-exp-3d-chunk-0018.smt2 -> ok  13.308 ms  7680 KB  nodes=10
[133/9753] antlr4 | polypaver-bench-exp-3d-chunk-0018.smt2 -> ok  505.163 ms  4096 KB  nodes=205
[134/9753] cvc5 | polypaver-bench-exp-3d-chunk-0018.smt2 -> ok  62.528 ms  15232 KB  nodes=10
[135/9753] smt-switch | polypaver-bench-exp-3d-chunk-0018.smt2 -> ok  73.9056 ms  17152 KB  nodes=10
[136/9753] native | sin-problem-7-weak-chunk-0047.smt2 -> ok  20.8883 ms  17664 KB  nodes=31
[137/9753] pysmt | sin-problem-7-weak-chunk-0047.smt2 -> ok  6.58631 ms  21616 KB  nodes=33
[138/9753] jsmtlib | sin-problem-7-weak-chunk-0047.smt2 -> ok  1155.42 ms  2048 KB  nodes=52
[139/9753] z3 | sin-problem-7-weak-chunk-0047.smt2 -> ok  14.286 ms  7808 KB  nodes=39
[140/9753] antlr4 | sin-problem-7-weak-chunk-0047.smt2 -> ok  389.574 ms  4096 KB  nodes=480
[141/9753] cvc5 | sin-problem-7-weak-chunk-0047.smt2 -> ok  59.0562 ms  15488 KB  nodes=39
[142/9753] smt-switch | sin-problem-7-weak-chunk-0047.smt2 -> ok  63.3507 ms  17536 KB  nodes=39
[143/9753] native | cbrt-problem-3-chunk-0036.smt2 -> ok  19.1563 ms  17664 KB  nodes=17
[144/9753] pysmt | cbrt-problem-3-chunk-0036.smt2 -> ok  4.85325 ms  21432 KB  nodes=20
[145/9753] jsmtlib | cbrt-problem-3-chunk-0036.smt2 -> ok  1110.8 ms  2048 KB  nodes=32
[146/9753] z3 | cbrt-problem-3-chunk-0036.smt2 -> ok  13.533 ms  7808 KB  nodes=20
[147/9753] antlr4 | cbrt-problem-3-chunk-0036.smt2 -> ok  415.417 ms  4096 KB  nodes=313
[148/9753] cvc5 | cbrt-problem-3-chunk-0036.smt2 -> ok  58.3009 ms  15232 KB  nodes=20
[149/9753] smt-switch | cbrt-problem-3-chunk-0036.smt2 -> ok  62.0554 ms  17408 KB  nodes=20
[150/9753] native | sin-problem-7-weak-chunk-0011.smt2 -> ok  20.1741 ms  17664 KB  nodes=27
[151/9753] pysmt | sin-problem-7-weak-chunk-0011.smt2 -> ok  6.48212 ms  21440 KB  nodes=27
[152/9753] jsmtlib | sin-problem-7-weak-chunk-0011.smt2 -> ok  1131.16 ms  2048 KB  nodes=44
[153/9753] z3 | sin-problem-7-weak-chunk-0011.smt2 -> ok  16.667 ms  7808 KB  nodes=33
[154/9753] antlr4 | sin-problem-7-weak-chunk-0011.smt2 -> ok  439.41 ms  4096 KB  nodes=402
[155/9753] cvc5 | sin-problem-7-weak-chunk-0011.smt2 -> ok  58.2377 ms  15360 KB  nodes=33
[156/9753] smt-switch | sin-problem-7-weak-chunk-0011.smt2 -> fail  17.4437 ms  10624 KB  nodes=0
[157/9753] native | bouncing-ball-simple-node1628.smt2 -> ok  18.9139 ms  17536 KB  nodes=10
[158/9753] pysmt | bouncing-ball-simple-node1628.smt2 -> ok  4.60577 ms  21616 KB  nodes=10
[159/9753] jsmtlib | bouncing-ball-simple-node1628.smt2 -> ok  1137.01 ms  2048 KB  nodes=20
[160/9753] z3 | bouncing-ball-simple-node1628.smt2 -> ok  11.43 ms  7808 KB  nodes=10
[161/9753] antlr4 | bouncing-ball-simple-node1628.smt2 -> ok  417.26 ms  4096 KB  nodes=186
[162/9753] cvc5 | bouncing-ball-simple-node1628.smt2 -> ok  54.8757 ms  14976 KB  nodes=10
[163/9753] smt-switch | bouncing-ball-simple-node1628.smt2 -> fail  15.6984 ms  10624 KB  nodes=0
[164/9753] native | polypaver-bench-exp-3d-chunk-0145.smt2 -> ok  23.319 ms  17664 KB  nodes=28
[165/9753] pysmt | polypaver-bench-exp-3d-chunk-0145.smt2 -> ok  5.50103 ms  21588 KB  nodes=28
[166/9753] jsmtlib | polypaver-bench-exp-3d-chunk-0145.smt2 -> ok  1133.51 ms  2048 KB  nodes=43
[167/9753] z3 | polypaver-bench-exp-3d-chunk-0145.smt2 -> ok  14.097 ms  7808 KB  nodes=28
[168/9753] antlr4 | polypaver-bench-exp-3d-chunk-0145.smt2 -> ok  401.521 ms  4096 KB  nodes=445
[169/9753] cvc5 | polypaver-bench-exp-3d-chunk-0145.smt2 -> ok  56.0279 ms  14976 KB  nodes=28
[170/9753] smt-switch | polypaver-bench-exp-3d-chunk-0145.smt2 -> ok  64.1852 ms  16896 KB  nodes=28
[171/9753] native | sin-problem-7-chunk-0016.smt2 -> ok  20.7716 ms  17664 KB  nodes=25
[172/9753] pysmt | sin-problem-7-chunk-0016.smt2 -> ok  6.22058 ms  21748 KB  nodes=23
[173/9753] jsmtlib | sin-problem-7-chunk-0016.smt2 -> ok  1149.26 ms  2048 KB  nodes=40
[174/9753] z3 | sin-problem-7-chunk-0016.smt2 -> ok  12.823 ms  7808 KB  nodes=29
[175/9753] antlr4 | sin-problem-7-chunk-0016.smt2 -> ok  396.392 ms  4096 KB  nodes=358
[176/9753] cvc5 | sin-problem-7-chunk-0016.smt2 -> ok  58.3611 ms  15616 KB  nodes=29
[177/9753] smt-switch | sin-problem-7-chunk-0016.smt2 -> ok  67.5786 ms  16896 KB  nodes=29
[178/9753] native | sin-problem-8-weak-chunk-0008.smt2 -> ok  21.8077 ms  17792 KB  nodes=27
[179/9753] pysmt | sin-problem-8-weak-chunk-0008.smt2 -> ok  6.50859 ms  21488 KB  nodes=24
[180/9753] jsmtlib | sin-problem-8-weak-chunk-0008.smt2 -> ok  1110.04 ms  2048 KB  nodes=43
[181/9753] z3 | sin-problem-8-weak-chunk-0008.smt2 -> ok  14.065 ms  7808 KB  nodes=32
[182/9753] antlr4 | sin-problem-8-weak-chunk-0008.smt2 -> ok  403.314 ms  4096 KB  nodes=373
[183/9753] cvc5 | sin-problem-8-weak-chunk-0008.smt2 -> ok  55.8383 ms  15360 KB  nodes=32
[184/9753] smt-switch | sin-problem-8-weak-chunk-0008.smt2 -> ok  62.1642 ms  17664 KB  nodes=32
[185/9753] native | sin-problem-7-weak-chunk-0018.smt2 -> ok  20.8959 ms  17664 KB  nodes=25
[186/9753] pysmt | sin-problem-7-weak-chunk-0018.smt2 -> ok  5.85246 ms  21632 KB  nodes=24
[187/9753] jsmtlib | sin-problem-7-weak-chunk-0018.smt2 -> ok  1126.94 ms  2048 KB  nodes=41
[188/9753] z3 | sin-problem-7-weak-chunk-0018.smt2 -> ok  15.668 ms  7808 KB  nodes=30
[189/9753] antlr4 | sin-problem-7-weak-chunk-0018.smt2 -> ok  398.068 ms  4096 KB  nodes=367
[190/9753] cvc5 | sin-problem-7-weak-chunk-0018.smt2 -> ok  54.9939 ms  15488 KB  nodes=30
[191/9753] smt-switch | sin-problem-7-weak-chunk-0018.smt2 -> ok  64.0548 ms  17536 KB  nodes=30
[192/9753] native | sqrt-1mcosq-7-chunk-0011.smt2 -> ok  21.5519 ms  17664 KB  nodes=24
[193/9753] pysmt | sqrt-1mcosq-7-chunk-0011.smt2 -> ok  5.43833 ms  21740 KB  nodes=20
[194/9753] jsmtlib | sqrt-1mcosq-7-chunk-0011.smt2 -> ok  1089.62 ms  2048 KB  nodes=38
[195/9753] z3 | sqrt-1mcosq-7-chunk-0011.smt2 -> ok  14.584 ms  7808 KB  nodes=27
[196/9753] antlr4 | sqrt-1mcosq-7-chunk-0011.smt2 -> ok  388.102 ms  4096 KB  nodes=335
[197/9753] cvc5 | sqrt-1mcosq-7-chunk-0011.smt2 -> ok  55.7001 ms  15488 KB  nodes=27
[198/9753] smt-switch | sqrt-1mcosq-7-chunk-0011.smt2 -> ok  65.1698 ms  17408 KB  nodes=27
[199/9753] native | cbrt-problem-3-weak-chunk-0080.smt2 -> ok  20.1975 ms  17664 KB  nodes=28
[200/9753] pysmt | cbrt-problem-3-weak-chunk-0080.smt2 -> ok  6.48212 ms  21700 KB  nodes=34
[201/9753] jsmtlib | cbrt-problem-3-weak-chunk-0080.smt2 -> ok  1109.25 ms  2048 KB  nodes=49
[202/9753] z3 | cbrt-problem-3-weak-chunk-0080.smt2 -> ok  13.865 ms  7808 KB  nodes=35
[203/9753] antlr4 | cbrt-problem-3-weak-chunk-0080.smt2 -> ok  432.242 ms  4096 KB  nodes=489
[204/9753] cvc5 | cbrt-problem-3-weak-chunk-0080.smt2 -> ok  64.0207 ms  15488 KB  nodes=35
[205/9753] smt-switch | cbrt-problem-3-weak-chunk-0080.smt2 -> ok  83.0169 ms  17280 KB  nodes=35
[206/9753] native | Chua-1-IL-L-chunk-0043.smt2 -> ok  24.2734 ms  17664 KB  nodes=11
[207/9753] pysmt | Chua-1-IL-L-chunk-0043.smt2 -> ok  6.13189 ms  21544 KB  nodes=11
[208/9753] jsmtlib | Chua-1-IL-L-chunk-0043.smt2 -> ok  1262.73 ms  2048 KB  nodes=25
[209/9753] z3 | Chua-1-IL-L-chunk-0043.smt2 -> ok  16.207 ms  7808 KB  nodes=14
[210/9753] antlr4 | Chua-1-IL-L-chunk-0043.smt2 -> ok  462.55 ms  4096 KB  nodes=218
[211/9753] cvc5 | Chua-1-IL-L-chunk-0043.smt2 -> ok  70.7355 ms  15488 KB  nodes=14
[212/9753] smt-switch | Chua-1-IL-L-chunk-0043.smt2 -> ok  66.8813 ms  17152 KB  nodes=14
[213/9753] native | Chua-2-IL-L-chunk-0035.smt2 -> ok  21.4365 ms  17792 KB  nodes=13
[214/9753] pysmt | Chua-2-IL-L-chunk-0035.smt2 -> ok  5.92661 ms  21472 KB  nodes=14
[215/9753] jsmtlib | Chua-2-IL-L-chunk-0035.smt2 -> ok  1131.16 ms  2048 KB  nodes=29
[216/9753] z3 | Chua-2-IL-L-chunk-0035.smt2 -> ok  15.426 ms  7808 KB  nodes=16
[217/9753] antlr4 | Chua-2-IL-L-chunk-0035.smt2 -> ok  435 ms  4096 KB  nodes=265
[218/9753] cvc5 | Chua-2-IL-L-chunk-0035.smt2 -> ok  61.2978 ms  15104 KB  nodes=16
[219/9753] smt-switch | Chua-2-IL-L-chunk-0035.smt2 -> ok  73.0507 ms  17152 KB  nodes=16
[220/9753] native | sqrt-problem-Melquiond2-chunk-0027.smt2 -> ok  20.4465 ms  17536 KB  nodes=24
[221/9753] pysmt | sqrt-problem-Melquiond2-chunk-0027.smt2 -> ok  6.68216 ms  21484 KB  nodes=27
[222/9753] jsmtlib | sqrt-problem-Melquiond2-chunk-0027.smt2 -> ok  1153.86 ms  2048 KB  nodes=41
[223/9753] z3 | sqrt-problem-Melquiond2-chunk-0027.smt2 -> ok  14.046 ms  7808 KB  nodes=30
[224/9753] antlr4 | sqrt-problem-Melquiond2-chunk-0027.smt2 -> ok  418.105 ms  4096 KB  nodes=370
[225/9753] cvc5 | sqrt-problem-Melquiond2-chunk-0027.smt2 -> ok  57.5826 ms  15232 KB  nodes=30
[226/9753] smt-switch | sqrt-problem-Melquiond2-chunk-0027.smt2 -> ok  68.8944 ms  17408 KB  nodes=30
[227/9753] native | Chua-2-VC1-L-chunk-0080.smt2 -> ok  21.323 ms  17664 KB  nodes=14
[228/9753] pysmt | Chua-2-VC1-L-chunk-0080.smt2 -> ok  6.11663 ms  21608 KB  nodes=15
[229/9753] jsmtlib | Chua-2-VC1-L-chunk-0080.smt2 -> ok  1118.17 ms  2048 KB  nodes=32
[230/9753] z3 | Chua-2-VC1-L-chunk-0080.smt2 -> ok  15.126 ms  7808 KB  nodes=17
[231/9753] antlr4 | Chua-2-VC1-L-chunk-0080.smt2 -> ok  377.205 ms  4096 KB  nodes=297
[232/9753] cvc5 | Chua-2-VC1-L-chunk-0080.smt2 -> ok  53.9822 ms  15232 KB  nodes=17
[233/9753] smt-switch | Chua-2-VC1-L-chunk-0080.smt2 -> ok  61.8378 ms  17280 KB  nodes=17
[234/9753] native | sin-problem-8-weak-chunk-0037.smt2 -> ok  20.7465 ms  17792 KB  nodes=29
[235/9753] pysmt | sin-problem-8-weak-chunk-0037.smt2 -> ok  5.89561 ms  21620 KB  nodes=26
[236/9753] jsmtlib | sin-problem-8-weak-chunk-0037.smt2 -> ok  1110.71 ms  2048 KB  nodes=45
[237/9753] z3 | sin-problem-8-weak-chunk-0037.smt2 -> ok  14.339 ms  7808 KB  nodes=34
[238/9753] antlr4 | sin-problem-8-weak-chunk-0037.smt2 -> ok  382.729 ms  4096 KB  nodes=399
[239/9753] cvc5 | sin-problem-8-weak-chunk-0037.smt2 -> ok  54.3283 ms  15488 KB  nodes=34
[240/9753] smt-switch | sin-problem-8-weak-chunk-0037.smt2 -> ok  66.2966 ms  17536 KB  nodes=34
[241/9753] native | atan-problem-2-weak2-chunk-0054.smt2 -> ok  22.3216 ms  17664 KB  nodes=13
[242/9753] pysmt | atan-problem-2-weak2-chunk-0054.smt2 -> ok  5.95355 ms  21488 KB  nodes=17
[243/9753] jsmtlib | atan-problem-2-weak2-chunk-0054.smt2 -> ok  1098.6 ms  2048 KB  nodes=28
[244/9753] z3 | atan-problem-2-weak2-chunk-0054.smt2 -> ok  15.262 ms  7808 KB  nodes=17
[245/9753] antlr4 | atan-problem-2-weak2-chunk-0054.smt2 -> ok  392.783 ms  4096 KB  nodes=280
[246/9753] cvc5 | atan-problem-2-weak2-chunk-0054.smt2 -> ok  54.1566 ms  15488 KB  nodes=17
[247/9753] smt-switch | atan-problem-2-weak2-chunk-0054.smt2 -> ok  91.1103 ms  17024 KB  nodes=17
[248/9753] native | Chua-1-IL-L-chunk-0108.smt2 -> ok  21.1162 ms  17664 KB  nodes=11
[249/9753] pysmt | Chua-1-IL-L-chunk-0108.smt2 -> ok  6.24919 ms  21580 KB  nodes=11
[250/9753] jsmtlib | Chua-1-IL-L-chunk-0108.smt2 -> ok  1145.48 ms  2048 KB  nodes=25
[251/9753] z3 | Chua-1-IL-L-chunk-0108.smt2 -> ok  14.381 ms  7808 KB  nodes=14
[252/9753] antlr4 | Chua-1-IL-L-chunk-0108.smt2 -> ok  382.503 ms  4096 KB  nodes=218
[253/9753] cvc5 | Chua-1-IL-L-chunk-0108.smt2 -> ok  52.8323 ms  15232 KB  nodes=14
[254/9753] smt-switch | Chua-1-IL-L-chunk-0108.smt2 -> ok  63.1949 ms  17152 KB  nodes=14
[255/9753] native | sin-problem-7-chunk-0026.smt2 -> ok  19.8679 ms  17664 KB  nodes=25
[256/9753] pysmt | sin-problem-7-chunk-0026.smt2 -> ok  5.86772 ms  21488 KB  nodes=23
[257/9753] jsmtlib | sin-problem-7-chunk-0026.smt2 -> ok  1120.93 ms  2048 KB  nodes=40
[258/9753] z3 | sin-problem-7-chunk-0026.smt2 -> ok  15.81 ms  7808 KB  nodes=29
[259/9753] antlr4 | sin-problem-7-chunk-0026.smt2 -> ok  405.084 ms  4096 KB  nodes=358
[260/9753] cvc5 | sin-problem-7-chunk-0026.smt2 -> ok  218.065 ms  15360 KB  nodes=29
[261/9753] smt-switch | sin-problem-7-chunk-0026.smt2 -> ok  67.2876 ms  17408 KB  nodes=29
[262/9753] native | polypaver-bench-exp-3d-chunk-0060.smt2 -> ok  19.8941 ms  17664 KB  nodes=10
[263/9753] pysmt | polypaver-bench-exp-3d-chunk-0060.smt2 -> ok  4.68564 ms  21448 KB  nodes=11
[264/9753] jsmtlib | polypaver-bench-exp-3d-chunk-0060.smt2 -> ok  1110.12 ms  2048 KB  nodes=24
[265/9753] z3 | polypaver-bench-exp-3d-chunk-0060.smt2 -> ok  13.076 ms  7808 KB  nodes=12
[266/9753] antlr4 | polypaver-bench-exp-3d-chunk-0060.smt2 -> ok  381.045 ms  4096 KB  nodes=217
[267/9753] cvc5 | polypaver-bench-exp-3d-chunk-0060.smt2 -> ok  53.3626 ms  15232 KB  nodes=12
[268/9753] smt-switch | polypaver-bench-exp-3d-chunk-0060.smt2 -> ok  65.7428 ms  17152 KB  nodes=12
[269/9753] native | Chua-1-VC2-U-chunk-0043.smt2 -> ok  20.3891 ms  17792 KB  nodes=11
[270/9753] pysmt | Chua-1-VC2-U-chunk-0043.smt2 -> ok  5.79977 ms  21696 KB  nodes=11
[271/9753] jsmtlib | Chua-1-VC2-U-chunk-0043.smt2 -> ok  1106.86 ms  2048 KB  nodes=24
[272/9753] z3 | Chua-1-VC2-U-chunk-0043.smt2 -> ok  14.92 ms  7808 KB  nodes=13
[273/9753] antlr4 | Chua-1-VC2-U-chunk-0043.smt2 -> ok  388.926 ms  4096 KB  nodes=210
[274/9753] cvc5 | Chua-1-VC2-U-chunk-0043.smt2 -> ok  175.595 ms  14848 KB  nodes=13
[275/9753] smt-switch | Chua-1-VC2-U-chunk-0043.smt2 -> ok  62.0558 ms  17152 KB  nodes=13
[276/9753] native | sqrt-1mcosq-7-chunk-0065.smt2 -> ok  19.5846 ms  17664 KB  nodes=28
[277/9753] pysmt | sqrt-1mcosq-7-chunk-0065.smt2 -> ok  4.99654 ms  21660 KB  nodes=24
[278/9753] jsmtlib | sqrt-1mcosq-7-chunk-0065.smt2 -> ok  1167.28 ms  2048 KB  nodes=42
[279/9753] z3 | sqrt-1mcosq-7-chunk-0065.smt2 -> ok  14.87 ms  7808 KB  nodes=31
[280/9753] antlr4 | sqrt-1mcosq-7-chunk-0065.smt2 -> ok  393.699 ms  4096 KB  nodes=375
[281/9753] cvc5 | sqrt-1mcosq-7-chunk-0065.smt2 -> ok  55.1108 ms  15488 KB  nodes=31
[282/9753] smt-switch | sqrt-1mcosq-7-chunk-0065.smt2 -> ok  62.2035 ms  17408 KB  nodes=31
[283/9753] native | polypaver-bench-exp-3d-chunk-0042.smt2 -> ok  20.0874 ms  17792 KB  nodes=12
[284/9753] pysmt | polypaver-bench-exp-3d-chunk-0042.smt2 -> ok  6.41274 ms  21736 KB  nodes=11
[285/9753] jsmtlib | polypaver-bench-exp-3d-chunk-0042.smt2 -> ok  1047.25 ms  2048 KB  nodes=27
[286/9753] z3 | polypaver-bench-exp-3d-chunk-0042.smt2 -> ok  13.013 ms  7808 KB  nodes=15
[287/9753] antlr4 | polypaver-bench-exp-3d-chunk-0042.smt2 -> ok  390.157 ms  4096 KB  nodes=237
[288/9753] cvc5 | polypaver-bench-exp-3d-chunk-0042.smt2 -> ok  62.3042 ms  15360 KB  nodes=15
[289/9753] smt-switch | polypaver-bench-exp-3d-chunk-0042.smt2 -> ok  64.8593 ms  17280 KB  nodes=15
[290/9753] native | atan-problem-2-weak2-chunk-0076.smt2 -> ok  20.8169 ms  17664 KB  nodes=14
[291/9753] pysmt | atan-problem-2-weak2-chunk-0076.smt2 -> ok  7.21812 ms  21532 KB  nodes=18
[292/9753] jsmtlib | atan-problem-2-weak2-chunk-0076.smt2 -> ok  992.491 ms  2048 KB  nodes=29
[293/9753] z3 | atan-problem-2-weak2-chunk-0076.smt2 -> ok  17.038 ms  7808 KB  nodes=18
[294/9753] antlr4 | atan-problem-2-weak2-chunk-0076.smt2 -> ok  377.02 ms  4096 KB  nodes=278
[295/9753] cvc5 | atan-problem-2-weak2-chunk-0076.smt2 -> ok  57.2595 ms  15360 KB  nodes=18
[296/9753] smt-switch | atan-problem-2-weak2-chunk-0076.smt2 -> fail  16.9949 ms  10496 KB  nodes=0
[297/9753] native | cbrt-problem-3-chunk-0073.smt2 -> ok  20.0451 ms  17664 KB  nodes=21
[298/9753] pysmt | cbrt-problem-3-chunk-0073.smt2 -> ok  5.08714 ms  21536 KB  nodes=25
[299/9753] jsmtlib | cbrt-problem-3-chunk-0073.smt2 -> ok  1016.01 ms  2048 KB  nodes=39
[300/9753] z3 | cbrt-problem-3-chunk-0073.smt2 -> ok  13.483 ms  7808 KB  nodes=26
[301/9753] antlr4 | cbrt-problem-3-chunk-0073.smt2 -> ok  382.198 ms  4096 KB  nodes=377
[302/9753] cvc5 | cbrt-problem-3-chunk-0073.smt2 -> ok  53.0764 ms  15488 KB  nodes=26
[303/9753] smt-switch | cbrt-problem-3-chunk-0073.smt2 -> ok  64.8613 ms  17024 KB  nodes=26
[304/9753] native | sc-21.induction.cvc.smt2 -> ok  23.254 ms  18944 KB  nodes=3084
[305/9753] pysmt | sc-21.induction.cvc.smt2 -> ok  34.4667 ms  23148 KB  nodes=3254
[306/9753] jsmtlib | sc-21.induction.cvc.smt2 -> ok  1131.14 ms  5120 KB  nodes=3952
[307/9753] z3 | sc-21.induction.cvc.smt2 -> ok  13.523 ms  8320 KB  nodes=3253
[308/9753] antlr4 | sc-21.induction.cvc.smt2 -> ok  414.467 ms  9216 KB  nodes=48482
[309/9753] cvc5 | sc-21.induction.cvc.smt2 -> ok  254.267 ms  29236 KB  nodes=3253
[310/9753] smt-switch | sc-21.induction.cvc.smt2 -> fail  24.7783 ms  11136 KB  nodes=0
[311/9753] native | fs_window.base.smt2 -> ok  23.1336 ms  18304 KB  nodes=1596
[312/9753] pysmt | fs_window.base.smt2 -> ok  19.5813 ms  22356 KB  nodes=1687
[313/9753] jsmtlib | fs_window.base.smt2 -> ok  1104.29 ms  4096 KB  nodes=2061
[314/9753] z3 | fs_window.base.smt2 -> ok  37.89 ms  7936 KB  nodes=1687
[315/9753] antlr4 | fs_window.base.smt2 -> ok  1260.67 ms  7168 KB  nodes=26042
[316/9753] cvc5 | fs_window.base.smt2 -> ok  151.842 ms  20992 KB  nodes=1687
[317/9753] smt-switch | fs_window.base.smt2 -> fail  18.5912 ms  10496 KB  nodes=0
[318/9753] native | sc-8.induction.cvc.smt2 -> ok  21.0131 ms  18048 KB  nodes=1199
[319/9753] pysmt | sc-8.induction.cvc.smt2 -> ok  17.3345 ms  22092 KB  nodes=1265
[320/9753] jsmtlib | sc-8.induction.cvc.smt2 -> ok  842.045 ms  3072 KB  nodes=1547
[321/9753] z3 | sc-8.induction.cvc.smt2 -> ok  13.873 ms  8064 KB  nodes=1264
[322/9753] antlr4 | sc-8.induction.cvc.smt2 -> ok  404.359 ms  6144 KB  nodes=18855
[323/9753] cvc5 | sc-8.induction.cvc.smt2 -> ok  123.415 ms  20864 KB  nodes=1264
[324/9753] smt-switch | sc-8.induction.cvc.smt2 -> fail  19.6746 ms  10496 KB  nodes=0
[325/9753] native | 12.smt2 -> ok  22.4442 ms  18304 KB  nodes=1086
[326/9753] pysmt | 12.smt2 -> ok  24.5044 ms  22016 KB  nodes=1087
[327/9753] jsmtlib | 12.smt2 -> ok  674.704 ms  4096 KB  nodes=2938
[328/9753] z3 | 12.smt2 -> ok  17.131 ms  8064 KB  nodes=1956
[329/9753] antlr4 | 12.smt2 -> ok  407.343 ms  7168 KB  nodes=21879
[330/9753] cvc5 | 12.smt2 -> ok  1372.28 ms  28160 KB  nodes=1098
[331/9753] smt-switch | 12.smt2 -> fail  71.6437 ms  17280 KB  nodes=0
[332/9753] native | pursuit-safety-5.smt2 -> ok  20.7919 ms  18176 KB  nodes=865
[333/9753] pysmt | pursuit-safety-5.smt2 -> ok  14.1299 ms  21868 KB  nodes=983
[334/9753] jsmtlib | pursuit-safety-5.smt2 -> ok  1007.27 ms  3072 KB  nodes=1202
[335/9753] z3 | pursuit-safety-5.smt2 -> ok  21.075 ms  7936 KB  nodes=983
[336/9753] antlr4 | pursuit-safety-5.smt2 -> ok  396.951 ms  6144 KB  nodes=15186
[337/9753] cvc5 | pursuit-safety-5.smt2 -> ok  102.384 ms  19072 KB  nodes=983
[338/9753] smt-switch | pursuit-safety-5.smt2 -> fail  16.3042 ms  10240 KB  nodes=0
[339/9753] native | pursuit-safety-15.smt2 -> ok  27.0971 ms  18816 KB  nodes=2745
[340/9753] pysmt | pursuit-safety-15.smt2 -> ok  30.8127 ms  22884 KB  nodes=2903
[341/9753] jsmtlib | pursuit-safety-15.smt2 -> ok  1015.88 ms  5120 KB  nodes=3532
[342/9753] z3 | pursuit-safety-15.smt2 -> ok  15.596 ms  8320 KB  nodes=2903
[343/9753] antlr4 | pursuit-safety-15.smt2 -> ok  427.266 ms  9216 KB  nodes=45166
[344/9753] cvc5 | pursuit-safety-15.smt2 -> ok  172.25 ms  24960 KB  nodes=2903
[345/9753] smt-switch | pursuit-safety-15.smt2 -> fail  17.043 ms  10496 KB  nodes=0
[346/9753] native | gasburner-prop3-1.smt2 -> ok  19.994 ms  17920 KB  nodes=59
[347/9753] pysmt | gasburner-prop3-1.smt2 -> ok  5.77784 ms  21492 KB  nodes=84
[348/9753] jsmtlib | gasburner-prop3-1.smt2 -> ok  1084.16 ms  2048 KB  nodes=109
[349/9753] z3 | gasburner-prop3-1.smt2 -> ok  13.051 ms  7808 KB  nodes=84
[350/9753] antlr4 | gasburner-prop3-1.smt2 -> ok  440.903 ms  4096 KB  nodes=1180
[351/9753] cvc5 | gasburner-prop3-1.smt2 -> ok  61.1977 ms  15488 KB  nodes=84
[352/9753] smt-switch | gasburner-prop3-1.smt2 -> fail  16.2056 ms  10112 KB  nodes=0
[353/9753] native | sc-15.induction2.cvc.smt2 -> ok  27.4714 ms  18688 KB  nodes=2681
[354/9753] pysmt | sc-15.induction2.cvc.smt2 -> ok  30.8692 ms  22792 KB  nodes=2788
[355/9753] jsmtlib | sc-15.induction2.cvc.smt2 -> ok  1078.94 ms  5120 KB  nodes=3341
[356/9753] z3 | sc-15.induction2.cvc.smt2 -> ok  16.46 ms  8320 KB  nodes=2787
[357/9753] antlr4 | sc-15.induction2.cvc.smt2 -> ok  437.647 ms  9216 KB  nodes=41706
[358/9753] cvc5 | sc-15.induction2.cvc.smt2 -> ok  195.281 ms  26532 KB  nodes=2787
[359/9753] smt-switch | sc-15.induction2.cvc.smt2 -> fail  28.2949 ms  11008 KB  nodes=0
[360/9753] native | gasburner-prop3-17.smt2 -> ok  21.9361 ms  18304 KB  nodes=1085
[361/9753] pysmt | gasburner-prop3-17.smt2 -> ok  15.5208 ms  22060 KB  nodes=1172
[362/9753] jsmtlib | gasburner-prop3-17.smt2 -> ok  1051.08 ms  3072 KB  nodes=1437
[363/9753] z3 | gasburner-prop3-17.smt2 -> ok  14.892 ms  8064 KB  nodes=1172
[364/9753] antlr4 | gasburner-prop3-17.smt2 -> ok  405.766 ms  6144 KB  nodes=17388
[365/9753] cvc5 | gasburner-prop3-17.smt2 -> ok  112.711 ms  20352 KB  nodes=1172
[366/9753] smt-switch | gasburner-prop3-17.smt2 -> fail  18.593 ms  10496 KB  nodes=0
[367/9753] native | constraints-tempo-depth-4.smt2 -> ok  26.7561 ms  17792 KB  nodes=177
[368/9753] pysmt | constraints-tempo-depth-4.smt2 -> ok  5.87511 ms  21592 KB  nodes=184
[369/9753] jsmtlib | constraints-tempo-depth-4.smt2 -> ok  1040.46 ms  2048 KB  nodes=282
[370/9753] z3 | constraints-tempo-depth-4.smt2 -> ok  12.311 ms  7808 KB  nodes=184
[371/9753] antlr4 | constraints-tempo-depth-4.smt2 -> ok  415.503 ms  5120 KB  nodes=3852
[372/9753] cvc5 | constraints-tempo-depth-4.smt2 -> ok  66.139 ms  16000 KB  nodes=184
[373/9753] smt-switch | constraints-tempo-depth-4.smt2 -> ok  69.6474 ms  17920 KB  nodes=184
[374/9753] native | constraints-tempo-depth-5.smt2 -> ok  19.9712 ms  17792 KB  nodes=220
[375/9753] pysmt | constraints-tempo-depth-5.smt2 -> ok  6.7997 ms  21872 KB  nodes=229
[376/9753] jsmtlib | constraints-tempo-depth-5.smt2 -> ok  1149.1 ms  2048 KB  nodes=349
[377/9753] z3 | constraints-tempo-depth-5.smt2 -> ok  19.113 ms  7936 KB  nodes=229
[378/9753] antlr4 | constraints-tempo-depth-5.smt2 -> ok  407.917 ms  5120 KB  nodes=4817
[379/9753] cvc5 | constraints-tempo-depth-5.smt2 -> ok  64.866 ms  16256 KB  nodes=229
[380/9753] smt-switch | constraints-tempo-depth-5.smt2 -> ok  73.2122 ms  18560 KB  nodes=229
[381/9753] native | uart-10.base.cvc.smt2 -> ok  25.6787 ms  18944 KB  nodes=2751
[382/9753] pysmt | uart-10.base.cvc.smt2 -> ok  31.6691 ms  22920 KB  nodes=2853
[383/9753] jsmtlib | uart-10.base.cvc.smt2 -> ok  1045.77 ms  5120 KB  nodes=3476
[384/9753] z3 | uart-10.base.cvc.smt2 -> ok  15.175 ms  8320 KB  nodes=2854
[385/9753] antlr4 | uart-10.base.cvc.smt2 -> ok  417.367 ms  9216 KB  nodes=43500
[386/9753] cvc5 | uart-10.base.cvc.smt2 -> ok  447.917 ms  27008 KB  nodes=2854
[387/9753] smt-switch | uart-10.base.cvc.smt2 -> fail  19.0305 ms  10752 KB  nodes=0
[388/9753] native | constraints-cooking08.smt2 -> ok  19.1916 ms  17920 KB  nodes=408
[389/9753] pysmt | constraints-cooking08.smt2 -> ok  8.96192 ms  21884 KB  nodes=408
[390/9753] jsmtlib | constraints-cooking08.smt2 -> ok  1019.2 ms  2048 KB  nodes=491
[391/9753] z3 | constraints-cooking08.smt2 -> ok  14.896 ms  7808 KB  nodes=408
[392/9753] antlr4 | constraints-cooking08.smt2 -> ok  394.393 ms  5120 KB  nodes=6807
[393/9753] cvc5 | constraints-cooking08.smt2 -> ok  67.2941 ms  17152 KB  nodes=408
[394/9753] smt-switch | constraints-cooking08.smt2 -> ok  77.5396 ms  19072 KB  nodes=408
[395/9753] native | uart-7.induction.cvc.smt2 -> ok  22.5394 ms  18432 KB  nodes=1951
[396/9753] pysmt | uart-7.induction.cvc.smt2 -> ok  22.9964 ms  22188 KB  nodes=2018
[397/9753] jsmtlib | uart-7.induction.cvc.smt2 -> ok  1033.07 ms  4096 KB  nodes=2463
[398/9753] z3 | uart-7.induction.cvc.smt2 -> ok  14.521 ms  8192 KB  nodes=2019
[399/9753] antlr4 | uart-7.induction.cvc.smt2 -> ok  410.022 ms  8192 KB  nodes=30709
[400/9753] cvc5 | uart-7.induction.cvc.smt2 -> ok  149.03 ms  24064 KB  nodes=2019
[401/9753] smt-switch | uart-7.induction.cvc.smt2 -> fail  18.2583 ms  10496 KB  nodes=0
[402/9753] native | clocksynchro_9clocks.main_invar.base.smt -> ok  26.0372 ms  19456 KB  nodes=3342
[403/9753] pysmt | clocksynchro_9clocks.main_invar.base.smt -> ok  42.4888 ms  22736 KB  nodes=3661
[404/9753] jsmtlib | clocksynchro_9clocks.main_invar.base.smt -> ok  1100.46 ms  5120 KB  nodes=4328
[405/9753] z3 | clocksynchro_9clocks.main_invar.base.smt -> ok  17.444 ms  8576 KB  nodes=3664
[406/9753] antlr4 | clocksynchro_9clocks.main_invar.base.smt -> ok  417.2 ms  10240 KB  nodes=54499
[407/9753] cvc5 | clocksynchro_9clocks.main_invar.base.smt -> ok  127.449 ms  24576 KB  nodes=3664
[408/9753] smt-switch | clocksynchro_9clocks.main_invar.base.smt -> fail  17.4434 ms  10496 KB  nodes=0
[409/9753] native | constraints-tempo-width-5.smt2 -> ok  20.6792 ms  17792 KB  nodes=468
[410/9753] pysmt | constraints-tempo-width-5.smt2 -> ok  10.4637 ms  21860 KB  nodes=485
[411/9753] jsmtlib | constraints-tempo-width-5.smt2 -> ok  995.625 ms  3072 KB  nodes=702
[412/9753] z3 | constraints-tempo-width-5.smt2 -> ok  12.283 ms  7936 KB  nodes=485
[413/9753] antlr4 | constraints-tempo-width-5.smt2 -> ok  425.291 ms  5120 KB  nodes=9915
[414/9753] cvc5 | constraints-tempo-width-5.smt2 -> ok  66.9798 ms  17280 KB  nodes=485
[415/9753] smt-switch | constraints-tempo-width-5.smt2 -> ok  82.4275 ms  19072 KB  nodes=485
[416/9753] native | sin-problem-7-weak-chunk-0070.smt2 -> ok  20.9963 ms  17664 KB  nodes=33
[417/9753] pysmt | sin-problem-7-weak-chunk-0070.smt2 -> ok  6.35242 ms  21360 KB  nodes=35
[418/9753] jsmtlib | sin-problem-7-weak-chunk-0070.smt2 -> ok  1018 ms  2048 KB  nodes=54
[419/9753] z3 | sin-problem-7-weak-chunk-0070.smt2 -> ok  17.446 ms  7808 KB  nodes=41
[420/9753] antlr4 | sin-problem-7-weak-chunk-0070.smt2 -> ok  441.435 ms  4096 KB  nodes=506
[421/9753] cvc5 | sin-problem-7-weak-chunk-0070.smt2 -> ok  58.4778 ms  15360 KB  nodes=41
[422/9753] smt-switch | sin-problem-7-weak-chunk-0070.smt2 -> fail  18.1633 ms  9984 KB  nodes=0
[423/9753] native | Carpark2-ausgabe-2.smt2 -> ok  30.7608 ms  18176 KB  nodes=1094
[424/9753] pysmt | Carpark2-ausgabe-2.smt2 -> ok  15.1103 ms  21844 KB  nodes=1107
[425/9753] jsmtlib | Carpark2-ausgabe-2.smt2 -> ok  1046.03 ms  3072 KB  nodes=1395
[426/9753] z3 | Carpark2-ausgabe-2.smt2 -> ok  13.629 ms  8064 KB  nodes=1107
[427/9753] antlr4 | Carpark2-ausgabe-2.smt2 -> ok  416.702 ms  6144 KB  nodes=16989
[428/9753] cvc5 | Carpark2-ausgabe-2.smt2 -> ok  55.231 ms  15616 KB  nodes=1107
[429/9753] smt-switch | Carpark2-ausgabe-2.smt2 -> fail  20.4185 ms  10624 KB  nodes=0
[430/9753] native | windowreal-no_t_deadlock-3.smt2 -> ok  22.3217 ms  18048 KB  nodes=898
[431/9753] pysmt | windowreal-no_t_deadlock-3.smt2 -> ok  15.5334 ms  21904 KB  nodes=956
[432/9753] jsmtlib | windowreal-no_t_deadlock-3.smt2 -> ok  1031.06 ms  3072 KB  nodes=1172
[433/9753] z3 | windowreal-no_t_deadlock-3.smt2 -> ok  13.419 ms  7936 KB  nodes=956
[434/9753] antlr4 | windowreal-no_t_deadlock-3.smt2 -> ok  393.607 ms  6144 KB  nodes=14643
[435/9753] cvc5 | windowreal-no_t_deadlock-3.smt2 -> ok  64.5362 ms  17152 KB  nodes=956
[436/9753] smt-switch | windowreal-no_t_deadlock-3.smt2 -> fail  16.5998 ms  10240 KB  nodes=0
[437/9753] native | sin-problem-7-weak2-chunk-0067.smt2 -> ok  21.5576 ms  17664 KB  nodes=32
[438/9753] pysmt | sin-problem-7-weak2-chunk-0067.smt2 -> ok  7.18188 ms  21608 KB  nodes=33
[439/9753] jsmtlib | sin-problem-7-weak2-chunk-0067.smt2 -> ok  1013.34 ms  2048 KB  nodes=53
[440/9753] z3 | sin-problem-7-weak2-chunk-0067.smt2 -> ok  16.061 ms  7808 KB  nodes=40
[441/9753] antlr4 | sin-problem-7-weak2-chunk-0067.smt2 -> ok  396.565 ms  4096 KB  nodes=492
[442/9753] cvc5 | sin-problem-7-weak2-chunk-0067.smt2 -> ok  55.8524 ms  15232 KB  nodes=40
[443/9753] smt-switch | sin-problem-7-weak2-chunk-0067.smt2 -> fail  17.0256 ms  10496 KB  nodes=0
[444/9753] native | sc_init_frame_gap.base.smt2 -> ok  26.6677 ms  17920 KB  nodes=629
[445/9753] pysmt | sc_init_frame_gap.base.smt2 -> ok  10.1943 ms  21744 KB  nodes=666
[446/9753] jsmtlib | sc_init_frame_gap.base.smt2 -> ok  1046.2 ms  3072 KB  nodes=822
[447/9753] z3 | sc_init_frame_gap.base.smt2 -> ok  12.833 ms  7936 KB  nodes=666
[448/9753] antlr4 | sc_init_frame_gap.base.smt2 -> ok  399.264 ms  5120 KB  nodes=10162
[449/9753] cvc5 | sc_init_frame_gap.base.smt2 -> ok  65.7016 ms  16896 KB  nodes=666
[450/9753] smt-switch | sc_init_frame_gap.base.smt2 -> fail  15.262 ms  10368 KB  nodes=0
[451/9753] native | intersection-example-simple.proof-node60 -> ok  19.6584 ms  17408 KB  nodes=40
[452/9753] pysmt | intersection-example-simple.proof-node60 -> ok  5.0149 ms  21388 KB  nodes=40
[453/9753] jsmtlib | intersection-example-simple.proof-node60 -> ok  993.082 ms  2048 KB  nodes=63
[454/9753] z3 | intersection-example-simple.proof-node60 -> ok  12.821 ms  7808 KB  nodes=40
[455/9753] antlr4 | intersection-example-simple.proof-node60 -> ok  381.365 ms  4096 KB  nodes=636
[456/9753] cvc5 | intersection-example-simple.proof-node60 -> ok  51.7702 ms  14976 KB  nodes=40
[457/9753] smt-switch | intersection-example-simple.proof-node60 -> fail  16.2763 ms  10368 KB  nodes=0
[458/9753] native | 13.smt2 -> ok  23.3716 ms  18048 KB  nodes=1084
[459/9753] pysmt | 13.smt2 -> ok  24.4064 ms  22232 KB  nodes=1085
[460/9753] jsmtlib | 13.smt2 -> ok  1046.85 ms  4096 KB  nodes=2938
[461/9753] z3 | 13.smt2 -> ok  15.664 ms  8064 KB  nodes=1956
[462/9753] antlr4 | 13.smt2 -> ok  415.069 ms  7168 KB  nodes=21879
[463/9753] cvc5 | 13.smt2 -> ok  2500.45 ms  34984 KB  nodes=1096
[464/9753] smt-switch | 13.smt2 -> fail  72.0208 ms  17408 KB  nodes=0
[465/9753] native | sc-18.base.cvc.smt2 -> ok  25.5713 ms  18688 KB  nodes=2660
[466/9753] pysmt | sc-18.base.cvc.smt2 -> ok  35.0809 ms  22796 KB  nodes=2841
[467/9753] jsmtlib | sc-18.base.cvc.smt2 -> ok  1060.18 ms  5120 KB  nodes=3424
[468/9753] z3 | sc-18.base.cvc.smt2 -> ok  14.961 ms  8320 KB  nodes=2822
[469/9753] antlr4 | sc-18.base.cvc.smt2 -> ok  407.973 ms  9216 KB  nodes=41934
[470/9753] cvc5 | sc-18.base.cvc.smt2 -> ok  8263.81 ms  33172 KB  nodes=2822
[471/9753] smt-switch | sc-18.base.cvc.smt2 -> fail  20.9773 ms  10752 KB  nodes=0
[472/9753] native | gasburner-prop3-6.smt2 -> ok  22.7705 ms  18304 KB  nodes=381
[473/9753] pysmt | gasburner-prop3-6.smt2 -> ok  8.48866 ms  21716 KB  nodes=424
[474/9753] jsmtlib | gasburner-prop3-6.smt2 -> ok  1111.11 ms  2048 KB  nodes=524
[475/9753] z3 | gasburner-prop3-6.smt2 -> ok  36.23 ms  7680 KB  nodes=424
[476/9753] antlr4 | gasburner-prop3-6.smt2 -> ok  1219.17 ms  5120 KB  nodes=6245
[477/9753] cvc5 | gasburner-prop3-6.smt2 -> ok  91.0101 ms  17152 KB  nodes=424
[478/9753] smt-switch | gasburner-prop3-6.smt2 -> fail  19.3489 ms  10240 KB  nodes=0
[479/9753] native | fs_not_sc_seen.induction.smt2 -> ok  20.7882 ms  17920 KB  nodes=584
[480/9753] pysmt | fs_not_sc_seen.induction.smt2 -> ok  12.1551 ms  21840 KB  nodes=612
[481/9753] jsmtlib | fs_not_sc_seen.induction.smt2 -> ok  887.337 ms  2048 KB  nodes=762
[482/9753] z3 | fs_not_sc_seen.induction.smt2 -> ok  13.482 ms  7936 KB  nodes=612
[483/9753] antlr4 | fs_not_sc_seen.induction.smt2 -> ok  390.242 ms  5120 KB  nodes=9381
[484/9753] cvc5 | fs_not_sc_seen.induction.smt2 -> ok  70.0148 ms  17024 KB  nodes=612
[485/9753] smt-switch | fs_not_sc_seen.induction.smt2 -> fail  16.8802 ms  10496 KB  nodes=0
[486/9753] native | Braverman-2006CAV-Ex1-int.bpl_Iteration1 -> ok  23.574 ms  18560 KB  nodes=1268
[487/9753] pysmt | Braverman-2006CAV-Ex1-int.bpl_Iteration1 -> ok  29.551 ms  22252 KB  nodes=1556
[488/9753] jsmtlib | Braverman-2006CAV-Ex1-int.bpl_Iteration1 -> ok  635.461 ms  4096 KB  nodes=2828
[489/9753] z3 | Braverman-2006CAV-Ex1-int.bpl_Iteration1 -> ok  22.037 ms  8064 KB  nodes=1941
[490/9753] antlr4 | Braverman-2006CAV-Ex1-int.bpl_Iteration1 -> ok  416.364 ms  9216 KB  nodes=45679
[491/9753] cvc5 | Braverman-2006CAV-Ex1-int.bpl_Iteration1 -> ok  6213.47 ms  27672 KB  nodes=1556
[492/9753] smt-switch | Braverman-2006CAV-Ex1-int.bpl_Iteration1 -> fail  10035.3 ms  1664 KB  nodes=0
[493/9753] native | clocksynchro_3clocks.main_invar.base.smt -> ok  27.5957 ms  18432 KB  nodes=894
[494/9753] pysmt | clocksynchro_3clocks.main_invar.base.smt -> ok  12.4087 ms  21996 KB  nodes=997
[495/9753] jsmtlib | clocksynchro_3clocks.main_invar.base.smt -> ok  1066.23 ms  3072 KB  nodes=1268
[496/9753] z3 | clocksynchro_3clocks.main_invar.base.smt -> ok  13.217 ms  8064 KB  nodes=1000
[497/9753] antlr4 | clocksynchro_3clocks.main_invar.base.smt -> ok  468.908 ms  6144 KB  nodes=15541
[498/9753] cvc5 | clocksynchro_3clocks.main_invar.base.smt -> ok  83.3082 ms  18048 KB  nodes=1000
[499/9753] smt-switch | clocksynchro_3clocks.main_invar.base.smt -> fail  8.61983 ms  11136 KB  nodes=0
[500/9753] native | sc-21.base.cvc.smt2 -> ok  24.4965 ms  18944 KB  nodes=3095
[501/9753] pysmt | sc-21.base.cvc.smt2 -> ok  37.6225 ms  23148 KB  nodes=3306
[502/9753] jsmtlib | sc-21.base.cvc.smt2 -> ok  1140.1 ms  5120 KB  nodes=3982
[503/9753] z3 | sc-21.base.cvc.smt2 -> ok  15.506 ms  8320 KB  nodes=3284
[504/9753] antlr4 | sc-21.base.cvc.smt2 -> ok  457.947 ms  9216 KB  nodes=48798
[505/9753] cvc5 | sc-21.base.cvc.smt2 -> fail  10035 ms  1664 KB  nodes=0
[506/9753] smt-switch | sc-21.base.cvc.smt2 -> fail  12.5179 ms  11520 KB  nodes=0
[507/9753] native | sc-5.induction.cvc.smt2 -> ok  23.1546 ms  18048 KB  nodes=764
[508/9753] pysmt | sc-5.induction.cvc.smt2 -> ok  11.1084 ms  21636 KB  nodes=806
[509/9753] jsmtlib | sc-5.induction.cvc.smt2 -> ok  1075.35 ms  3072 KB  nodes=992
[510/9753] z3 | sc-5.induction.cvc.smt2 -> ok  13.684 ms  7936 KB  nodes=805
[511/9753] antlr4 | sc-5.induction.cvc.smt2 -> ok  432.646 ms  6144 KB  nodes=12018
[512/9753] cvc5 | sc-5.induction.cvc.smt2 -> ok  32.6018 ms  18944 KB  nodes=805
[513/9753] smt-switch | sc-5.induction.cvc.smt2 -> fail  3.77644 ms  11648 KB  nodes=0
[514/9753] native | simple_startup_5nodes.synchro.induct.smt -> ok  25.8187 ms  18688 KB  nodes=2295
[515/9753] pysmt | simple_startup_5nodes.synchro.induct.smt -> ok  31.5747 ms  22584 KB  nodes=2527
[516/9753] jsmtlib | simple_startup_5nodes.synchro.induct.smt -> ok  1090.81 ms  4096 KB  nodes=3024
[517/9753] z3 | simple_startup_5nodes.synchro.induct.smt -> ok  14.379 ms  8064 KB  nodes=2527
[518/9753] antlr4 | simple_startup_5nodes.synchro.induct.smt -> ok  445.851 ms  8192 KB  nodes=38832
[519/9753] cvc5 | simple_startup_5nodes.synchro.induct.smt -> ok  183.531 ms  24576 KB  nodes=2527
[520/9753] smt-switch | simple_startup_5nodes.synchro.induct.smt -> fail  3.56321 ms  11008 KB  nodes=0
[521/9753] native | simple_startup_5nodes.synchro.base.smt2 -> ok  22.2467 ms  18560 KB  nodes=2252
[522/9753] pysmt | simple_startup_5nodes.synchro.base.smt2 -> ok  26.2349 ms  22488 KB  nodes=2563
[523/9753] jsmtlib | simple_startup_5nodes.synchro.base.smt2 -> ok  1088.44 ms  4096 KB  nodes=3053
[524/9753] z3 | simple_startup_5nodes.synchro.base.smt2 -> ok  12.234 ms  8320 KB  nodes=2563
[525/9753] antlr4 | simple_startup_5nodes.synchro.base.smt2 -> ok  430.49 ms  8192 KB  nodes=39107
[526/9753] cvc5 | simple_startup_5nodes.synchro.base.smt2 -> ok  90.3157 ms  20224 KB  nodes=2563
[527/9753] smt-switch | simple_startup_5nodes.synchro.base.smt2 -> fail  3.28016 ms  11136 KB  nodes=0
[528/9753] native | clocksynchro_10clocks.worst_case_skew.in -> ok  22.9967 ms  18432 KB  nodes=1812
[529/9753] pysmt | clocksynchro_10clocks.worst_case_skew.in -> ok  20.6945 ms  22332 KB  nodes=1954
[530/9753] jsmtlib | clocksynchro_10clocks.worst_case_skew.in -> ok  1095.12 ms  4096 KB  nodes=2426
[531/9753] z3 | clocksynchro_10clocks.worst_case_skew.in -> ok  13.473 ms  8320 KB  nodes=1959
[532/9753] antlr4 | clocksynchro_10clocks.worst_case_skew.in -> ok  412.906 ms  8192 KB  nodes=30303
[533/9753] cvc5 | clocksynchro_10clocks.worst_case_skew.in -> fail  10035.4 ms  1664 KB  nodes=0
[534/9753] smt-switch | clocksynchro_10clocks.worst_case_skew.in -> fail  10038.7 ms  1664 KB  nodes=0
[535/9753] native | 7.smt2 -> ok  27.95 ms  18176 KB  nodes=1088
[536/9753] pysmt | 7.smt2 -> ok  25.4629 ms  22172 KB  nodes=1090
[537/9753] jsmtlib | 7.smt2 -> ok  1255.93 ms  4096 KB  nodes=2938
[538/9753] z3 | 7.smt2 -> ok  40.767 ms  7936 KB  nodes=1956
[539/9753] antlr4 | 7.smt2 -> ok  1567.75 ms  7168 KB  nodes=21879
[540/9753] cvc5 | 7.smt2 -> ok  353.718 ms  20864 KB  nodes=1101
[541/9753] smt-switch | 7.smt2 -> fail  16.8043 ms  18304 KB  nodes=0
[542/9753] native | constraints-tms-2-3-light-08.smt2 -> ok  20.4231 ms  17920 KB  nodes=396
[543/9753] pysmt | constraints-tms-2-3-light-08.smt2 -> ok  9.21273 ms  21672 KB  nodes=396
[544/9753] jsmtlib | constraints-tms-2-3-light-08.smt2 -> ok  1012.97 ms  2048 KB  nodes=527
[545/9753] z3 | constraints-tms-2-3-light-08.smt2 -> ok  14.415 ms  7936 KB  nodes=396
[546/9753] antlr4 | constraints-tms-2-3-light-08.smt2 -> ok  453.671 ms  5120 KB  nodes=7435
[547/9753] cvc5 | constraints-tms-2-3-light-08.smt2 -> ok  67.9948 ms  16896 KB  nodes=396
[548/9753] smt-switch | constraints-tms-2-3-light-08.smt2 -> ok  21.8894 ms  19328 KB  nodes=396
[549/9753] native | clocksynchro_2clocks.worst_case_skew.bas -> ok  18.0631 ms  17664 KB  nodes=69
[550/9753] pysmt | clocksynchro_2clocks.worst_case_skew.bas -> ok  3.17526 ms  21476 KB  nodes=76
[551/9753] jsmtlib | clocksynchro_2clocks.worst_case_skew.bas -> ok  521.633 ms  2048 KB  nodes=103
[552/9753] z3 | clocksynchro_2clocks.worst_case_skew.bas -> ok  8.739 ms  7808 KB  nodes=80
[553/9753] antlr4 | clocksynchro_2clocks.worst_case_skew.bas -> ok  406.06 ms  4096 KB  nodes=1075
[554/9753] cvc5 | clocksynchro_2clocks.worst_case_skew.bas -> ok  66.0902 ms  15488 KB  nodes=80
[555/9753] smt-switch | clocksynchro_2clocks.worst_case_skew.bas -> fail  2.86459 ms  11136 KB  nodes=0
[556/9753] native | pd_not_sc_seen.induction.smt2 -> ok  19.2002 ms  17920 KB  nodes=574
[557/9753] pysmt | pd_not_sc_seen.induction.smt2 -> ok  11.39 ms  21832 KB  nodes=602
[558/9753] jsmtlib | pd_not_sc_seen.induction.smt2 -> ok  787.196 ms  2048 KB  nodes=748
[559/9753] z3 | pd_not_sc_seen.induction.smt2 -> ok  10.761 ms  7936 KB  nodes=602
[560/9753] antlr4 | pd_not_sc_seen.induction.smt2 -> ok  426.081 ms  5120 KB  nodes=9225
[561/9753] cvc5 | pd_not_sc_seen.induction.smt2 -> ok  64.0504 ms  16640 KB  nodes=602
[562/9753] smt-switch | pd_not_sc_seen.induction.smt2 -> fail  2.89603 ms  11008 KB  nodes=0
[563/9753] native | simple_startup_3nodes.synchro.base.smt2 -> ok  21.0897 ms  18176 KB  nodes=1207
[564/9753] pysmt | simple_startup_3nodes.synchro.base.smt2 -> ok  15.552 ms  22252 KB  nodes=1330
[565/9753] jsmtlib | simple_startup_3nodes.synchro.base.smt2 -> ok  1085.27 ms  3072 KB  nodes=1634
[566/9753] z3 | simple_startup_3nodes.synchro.base.smt2 -> ok  11.378 ms  8064 KB  nodes=1330
[567/9753] antlr4 | simple_startup_3nodes.synchro.base.smt2 -> ok  433.542 ms  7168 KB  nodes=20697
[568/9753] cvc5 | simple_startup_3nodes.synchro.base.smt2 -> ok  77.2895 ms  17792 KB  nodes=1330
[569/9753] smt-switch | simple_startup_3nodes.synchro.base.smt2 -> fail  2.81739 ms  11008 KB  nodes=0
[570/9753] native | simple_startup_5nodes.bug.induct.smt2 -> ok  27.4881 ms  18944 KB  nodes=3129
[571/9753] pysmt | simple_startup_5nodes.bug.induct.smt2 -> ok  37.7738 ms  23028 KB  nodes=3456
[572/9753] jsmtlib | simple_startup_5nodes.bug.induct.smt2 -> ok  1238.01 ms  5120 KB  nodes=4074
[573/9753] z3 | simple_startup_5nodes.bug.induct.smt2 -> ok  19.075 ms  8448 KB  nodes=3456
[574/9753] antlr4 | simple_startup_5nodes.bug.induct.smt2 -> ok  454.074 ms  10240 KB  nodes=52896
[575/9753] cvc5 | simple_startup_5nodes.bug.induct.smt2 -> ok  1378.59 ms  32860 KB  nodes=3456
[576/9753] smt-switch | simple_startup_5nodes.bug.induct.smt2 -> fail  4.78427 ms  11392 KB  nodes=0
[577/9753] native | sc-12.induction2.cvc.smt2 -> ok  65.9406 ms  18432 KB  nodes=2159
[578/9753] pysmt | sc-12.induction2.cvc.smt2 -> ok  36.3932 ms  22452 KB  nodes=2245
[579/9753] jsmtlib | sc-12.induction2.cvc.smt2 -> ok  1137.55 ms  4096 KB  nodes=2693
[580/9753] z3 | sc-12.induction2.cvc.smt2 -> ok  13.415 ms  8192 KB  nodes=2244
[581/9753] antlr4 | sc-12.induction2.cvc.smt2 -> ok  449.828 ms  8192 KB  nodes=33585
[582/9753] cvc5 | sc-12.induction2.cvc.smt2 -> ok  180.37 ms  23860 KB  nodes=2244
[583/9753] smt-switch | sc-12.induction2.cvc.smt2 -> fail  10.4815 ms  11776 KB  nodes=0
[584/9753] native | pursuit-safety-16.smt2 -> ok  23.2446 ms  19072 KB  nodes=2933
[585/9753] pysmt | pursuit-safety-16.smt2 -> ok  32.3532 ms  22888 KB  nodes=3095
[586/9753] jsmtlib | pursuit-safety-16.smt2 -> ok  1091.93 ms  5120 KB  nodes=3765
[587/9753] z3 | pursuit-safety-16.smt2 -> ok  15.771 ms  8320 KB  nodes=3095
[588/9753] antlr4 | pursuit-safety-16.smt2 -> ok  466.941 ms  9216 KB  nodes=48164
[589/9753] cvc5 | pursuit-safety-16.smt2 -> ok  239.671 ms  26692 KB  nodes=3095
[590/9753] smt-switch | pursuit-safety-16.smt2 -> fail  4.93702 ms  11264 KB  nodes=0
[591/9753] native | mode_cntrl.base.smt2 -> ok  24.4212 ms  17920 KB  nodes=633
[592/9753] pysmt | mode_cntrl.base.smt2 -> ok  8.64553 ms  21872 KB  nodes=668
[593/9753] jsmtlib | mode_cntrl.base.smt2 -> ok  1026.57 ms  3072 KB  nodes=827
[594/9753] z3 | mode_cntrl.base.smt2 -> ok  10.816 ms  7936 KB  nodes=668
[595/9753] antlr4 | mode_cntrl.base.smt2 -> ok  402.795 ms  5120 KB  nodes=10246
[596/9753] cvc5 | mode_cntrl.base.smt2 -> ok  68.24 ms  16896 KB  nodes=668
[597/9753] smt-switch | mode_cntrl.base.smt2 -> fail  4.94775 ms  11008 KB  nodes=0
[598/9753] native | sc-14.induction3.cvc.smt2 -> ok  64.6004 ms  18688 KB  nodes=2504
[599/9753] pysmt | sc-14.induction3.cvc.smt2 -> ok  26.6821 ms  22440 KB  nodes=2663
[600/9753] jsmtlib | sc-14.induction3.cvc.smt2 -> ok  1214.63 ms  4096 KB  nodes=3107
[601/9753] z3 | sc-14.induction3.cvc.smt2 -> ok  16.869 ms  8320 KB  nodes=2617
[602/9753] antlr4 | sc-14.induction3.cvc.smt2 -> ok  432.858 ms  8192 KB  nodes=39004
[603/9753] cvc5 | sc-14.induction3.cvc.smt2 -> ok  402.997 ms  28480 KB  nodes=2617
[604/9753] smt-switch | sc-14.induction3.cvc.smt2 -> fail  17.9758 ms  11776 KB  nodes=0
[605/9753] native | tgc_io-safe-8.smt2 -> ok  23.5221 ms  18560 KB  nodes=2154
[606/9753] pysmt | tgc_io-safe-8.smt2 -> ok  23.2723 ms  22508 KB  nodes=2214
[607/9753] jsmtlib | tgc_io-safe-8.smt2 -> ok  1052.6 ms  4096 KB  nodes=2629
[608/9753] z3 | tgc_io-safe-8.smt2 -> ok  12.884 ms  8192 KB  nodes=2214
[609/9753] antlr4 | tgc_io-safe-8.smt2 -> ok  407.14 ms  8192 KB  nodes=32957
[610/9753] cvc5 | tgc_io-safe-8.smt2 -> ok  92.1318 ms  20096 KB  nodes=2214
[611/9753] smt-switch | tgc_io-safe-8.smt2 -> fail  4.33935 ms  11392 KB  nodes=0
[612/9753] native | constraints-cooking05.smt2 -> ok  18.7806 ms  17792 KB  nodes=270
[613/9753] pysmt | constraints-cooking05.smt2 -> ok  6.07467 ms  21700 KB  nodes=270
[614/9753] jsmtlib | constraints-cooking05.smt2 -> ok  1039.91 ms  2048 KB  nodes=329
[615/9753] z3 | constraints-cooking05.smt2 -> ok  11.156 ms  7936 KB  nodes=270
[616/9753] antlr4 | constraints-cooking05.smt2 -> ok  408.853 ms  5120 KB  nodes=4476
[617/9753] cvc5 | constraints-cooking05.smt2 -> ok  65.9925 ms  16512 KB  nodes=270
[618/9753] smt-switch | constraints-cooking05.smt2 -> ok  12.8454 ms  19072 KB  nodes=270
[619/9753] native | sc-19.induction2.cvc.smt2 -> ok  22.6214 ms  18944 KB  nodes=3377
[620/9753] pysmt | sc-19.induction2.cvc.smt2 -> ok  40.1807 ms  22928 KB  nodes=3512
[621/9753] jsmtlib | sc-19.induction2.cvc.smt2 -> ok  1132 ms  5120 KB  nodes=4205
[622/9753] z3 | sc-19.induction2.cvc.smt2 -> ok  14.865 ms  8448 KB  nodes=3511
[623/9753] antlr4 | sc-19.induction2.cvc.smt2 -> ok  426.933 ms  10240 KB  nodes=52534
[624/9753] cvc5 | sc-19.induction2.cvc.smt2 -> ok  466.414 ms  30540 KB  nodes=3511
[625/9753] smt-switch | sc-19.induction2.cvc.smt2 -> fail  18.5426 ms  11392 KB  nodes=0
[626/9753] native | constraints-tempo-depth-40.smt2 -> ok  23.1018 ms  18560 KB  nodes=1725
[627/9753] pysmt | constraints-tempo-depth-40.smt2 -> ok  27.2529 ms  22496 KB  nodes=1804
[628/9753] jsmtlib | constraints-tempo-depth-40.smt2 -> ok  1050.73 ms  4096 KB  nodes=2694
[629/9753] z3 | constraints-tempo-depth-40.smt2 -> ok  16.793 ms  8448 KB  nodes=1804
[630/9753] antlr4 | constraints-tempo-depth-40.smt2 -> ok  455.934 ms  8192 KB  nodes=38592
[631/9753] cvc5 | constraints-tempo-depth-40.smt2 -> ok  137.724 ms  23368 KB  nodes=1804
[632/9753] smt-switch | constraints-tempo-depth-40.smt2 -> ok  107.529 ms  25984 KB  nodes=1804
[633/9753] native | gasburner-prop3-10.smt2 -> ok  20.0143 ms  18432 KB  nodes=637
[634/9753] pysmt | gasburner-prop3-10.smt2 -> ok  9.50432 ms  21704 KB  nodes=696
[635/9753] jsmtlib | gasburner-prop3-10.smt2 -> ok  1079.28 ms  3072 KB  nodes=856
[636/9753] z3 | gasburner-prop3-10.smt2 -> ok  11.497 ms  7936 KB  nodes=696
[637/9753] antlr4 | gasburner-prop3-10.smt2 -> ok  444.834 ms  5120 KB  nodes=10297
[638/9753] cvc5 | gasburner-prop3-10.smt2 -> ok  87.8359 ms  18176 KB  nodes=696
[639/9753] smt-switch | gasburner-prop3-10.smt2 -> fail  3.66996 ms  11264 KB  nodes=0
[640/9753] native | clocksynchro_5clocks.worst_case_skew.bas -> ok  17.5243 ms  17792 KB  nodes=84
[641/9753] pysmt | clocksynchro_5clocks.worst_case_skew.bas -> ok  4.44627 ms  21492 KB  nodes=112
[642/9753] jsmtlib | clocksynchro_5clocks.worst_case_skew.bas -> ok  1067.87 ms  2048 KB  nodes=142
[643/9753] z3 | clocksynchro_5clocks.worst_case_skew.bas -> ok  10.556 ms  7808 KB  nodes=116
[644/9753] antlr4 | clocksynchro_5clocks.worst_case_skew.bas -> ok  412.482 ms  4096 KB  nodes=1582
[645/9753] cvc5 | clocksynchro_5clocks.worst_case_skew.bas -> ok  68.2504 ms  15360 KB  nodes=116
[646/9753] smt-switch | clocksynchro_5clocks.worst_case_skew.bas -> fail  3.72978 ms  11136 KB  nodes=0
[647/9753] native | uart-12.induction.cvc.smt2 -> ok  24.1905 ms  19072 KB  nodes=3291
[648/9753] pysmt | uart-12.induction.cvc.smt2 -> ok  34.7762 ms  22780 KB  nodes=3403
[649/9753] jsmtlib | uart-12.induction.cvc.smt2 -> ok  1079.83 ms  5120 KB  nodes=4143
[650/9753] z3 | uart-12.induction.cvc.smt2 -> ok  14.203 ms  8448 KB  nodes=3404
[651/9753] antlr4 | uart-12.induction.cvc.smt2 -> ok  442.428 ms  10240 KB  nodes=51879
[652/9753] cvc5 | uart-12.induction.cvc.smt2 -> ok  253.053 ms  29440 KB  nodes=3404
[653/9753] smt-switch | uart-12.induction.cvc.smt2 -> fail  4.86025 ms  11392 KB  nodes=0
[654/9753] native | uart-20-with-lemmas.induction.cvc.smt2 -> ok  30.0788 ms  20480 KB  nodes=6854
[655/9753] pysmt | uart-20-with-lemmas.induction.cvc.smt2 -> ok  70.3456 ms  24820 KB  nodes=7206
[656/9753] jsmtlib | uart-20-with-lemmas.induction.cvc.smt2 -> ok  1115.11 ms  9216 KB  nodes=8818
[657/9753] z3 | uart-20-with-lemmas.induction.cvc.smt2 -> ok  22.454 ms  9216 KB  nodes=7208
[658/9753] antlr4 | uart-20-with-lemmas.induction.cvc.smt2 -> ok  468.616 ms  16384 KB  nodes=111066
[659/9753] cvc5 | uart-20-with-lemmas.induction.cvc.smt2 -> ok  1393.88 ms  42788 KB  nodes=7208
[660/9753] smt-switch | uart-20-with-lemmas.induction.cvc.smt2 -> fail  12.1379 ms  11648 KB  nodes=0
[661/9753] native | sc-25.induction3.cvc.smt2 -> ok  28.393 ms  19456 KB  nodes=4418
[662/9753] pysmt | sc-25.induction3.cvc.smt2 -> ok  54.955 ms  23532 KB  nodes=4698
[663/9753] jsmtlib | sc-25.induction3.cvc.smt2 -> ok  1281.48 ms  6144 KB  nodes=5472
[664/9753] z3 | sc-25.induction3.cvc.smt2 -> ok  22.295 ms  8576 KB  nodes=4619
[665/9753] antlr4 | sc-25.induction3.cvc.smt2 -> ok  447.907 ms  12288 KB  nodes=68825
[666/9753] cvc5 | sc-25.induction3.cvc.smt2 -> ok  1244.32 ms  40716 KB  nodes=4619
[667/9753] smt-switch | sc-25.induction3.cvc.smt2 -> fail  22.8428 ms  12160 KB  nodes=0
[668/9753] native | sc-37.induction2.cvc.smt2 -> ok  29.8841 ms  20096 KB  nodes=6509
[669/9753] pysmt | sc-37.induction2.cvc.smt2 -> ok  76.8964 ms  24620 KB  nodes=6770
[670/9753] jsmtlib | sc-37.induction2.cvc.smt2 -> ok  1164.36 ms  8192 KB  nodes=8093
[671/9753] z3 | sc-37.induction2.cvc.smt2 -> ok  22.506 ms  8960 KB  nodes=6769
[672/9753] antlr4 | sc-37.induction2.cvc.smt2 -> ok  473.959 ms  15360 KB  nodes=101260
[673/9753] cvc5 | sc-37.induction2.cvc.smt2 -> ok  2218.29 ms  52388 KB  nodes=6769
[674/9753] smt-switch | sc-37.induction2.cvc.smt2 -> fail  28.1405 ms  12532 KB  nodes=0
[675/9753] native | LeeJonesBen-Amram-2001POPL-Ex6_true-term -> ok  35.7321 ms  20336 KB  nodes=5225
[676/9753] pysmt | LeeJonesBen-Amram-2001POPL-Ex6_true-term -> ok  131.106 ms  24240 KB  nodes=6198
[677/9753] jsmtlib | LeeJonesBen-Amram-2001POPL-Ex6_true-term -> ok  1196.14 ms  12288 KB  nodes=11325
[678/9753] z3 | LeeJonesBen-Amram-2001POPL-Ex6_true-term -> ok  32.027 ms  9212 KB  nodes=7976
[679/9753] antlr4 | LeeJonesBen-Amram-2001POPL-Ex6_true-term -> ok  555.958 ms  23172 KB  nodes=207032
[680/9753] cvc5 | LeeJonesBen-Amram-2001POPL-Ex6_true-term -> ok  4131.91 ms  48024 KB  nodes=6199
[681/9753] smt-switch | LeeJonesBen-Amram-2001POPL-Ex6_true-term -> ok  384.459 ms  35096 KB  nodes=8032
[682/9753] native | sc-35.induction2.cvc.smt2 -> ok  33.4777 ms  19968 KB  nodes=6161
[683/9753] pysmt | sc-35.induction2.cvc.smt2 -> ok  70.7545 ms  24304 KB  nodes=6408
[684/9753] jsmtlib | sc-35.induction2.cvc.smt2 -> ok  1236.31 ms  8192 KB  nodes=7661
[685/9753] z3 | sc-35.induction2.cvc.smt2 -> ok  54.581 ms  8960 KB  nodes=6407
[686/9753] antlr4 | sc-35.induction2.cvc.smt2 -> ok  1525.08 ms  15360 KB  nodes=95846
[687/9753] cvc5 | sc-35.induction2.cvc.smt2 -> ok  1012.91 ms  44880 KB  nodes=6407
[688/9753] smt-switch | sc-35.induction2.cvc.smt2 -> fail  30.6744 ms  12416 KB  nodes=0
[689/9753] native | danoint-30.smt2 -> ok  33.0658 ms  20480 KB  nodes=5999
[690/9753] pysmt | danoint-30.smt2 -> ok  108.709 ms  24676 KB  nodes=6109
[691/9753] jsmtlib | danoint-30.smt2 -> ok  523.67 ms  10240 KB  nodes=8941
[692/9753] z3 | danoint-30.smt2 -> ok  25.019 ms  9216 KB  nodes=6127
[693/9753] antlr4 | danoint-30.smt2 -> ok  463.958 ms  17408 KB  nodes=122927
[694/9753] cvc5 | danoint-30.smt2 -> ok  288.616 ms  38608 KB  nodes=6127
[695/9753] smt-switch | danoint-30.smt2 -> fail  15.0567 ms  12032 KB  nodes=0
[696/9753] native | _standard_password_ground.i_4_2_2.bpl_11 -> ok  75.4112 ms  19328 KB  nodes=2309
[697/9753] pysmt | _standard_password_ground.i_4_2_2.bpl_11 -> ok  6151.79 ms  22956 KB  nodes=2972
[698/9753] jsmtlib | _standard_password_ground.i_4_2_2.bpl_11 -> ok  948.637 ms  3488 KB  nodes=23904
[699/9753] z3 | _standard_password_ground.i_4_2_2.bpl_11 -> ok  42.038 ms  8688 KB  nodes=6113
[700/9753] antlr4 | _standard_password_ground.i_4_2_2.bpl_11 -> ok  572.269 ms  32464 KB  nodes=295160
[701/9753] cvc5 | _standard_password_ground.i_4_2_2.bpl_11 -> fail  10035.5 ms  1664 KB  nodes=0
[702/9753] smt-switch | _standard_password_ground.i_4_2_2.bpl_11 -> fail  10036.2 ms  1664 KB  nodes=0
[703/9753] native | constraints-tempo-matrix6x6.pddl.smt2 -> ok  48.0938 ms  20224 KB  nodes=4983
[704/9753] pysmt | constraints-tempo-matrix6x6.pddl.smt2 -> ok  108.292 ms  23788 KB  nodes=5164
[705/9753] jsmtlib | constraints-tempo-matrix6x6.pddl.smt2 -> ok  1280.24 ms  8192 KB  nodes=6929
[706/9753] z3 | constraints-tempo-matrix6x6.pddl.smt2 -> ok  27.024 ms  9948 KB  nodes=5164
[707/9753] antlr4 | constraints-tempo-matrix6x6.pddl.smt2 -> ok  530.45 ms  15360 KB  nodes=103188
[708/9753] cvc5 | constraints-tempo-matrix6x6.pddl.smt2 -> ok  448.872 ms  34644 KB  nodes=5164
[709/9753] smt-switch | constraints-tempo-matrix6x6.pddl.smt2 -> ok  492.01 ms  35648 KB  nodes=5164
[710/9753] native | opt1217--11.smt2 -> ok  59.1252 ms  22400 KB  nodes=11598
[711/9753] pysmt | opt1217--11.smt2 -> ok  213.87 ms  27352 KB  nodes=13646
[712/9753] jsmtlib | opt1217--11.smt2 -> ok  1239.39 ms  15360 KB  nodes=17759
[713/9753] z3 | opt1217--11.smt2 -> ok  39.33 ms  10660 KB  nodes=13647
[714/9753] antlr4 | opt1217--11.smt2 -> ok  618.867 ms  25184 KB  nodes=232172
[715/9753] cvc5 | opt1217--11.smt2 -> ok  2541.41 ms  54336 KB  nodes=13647
[716/9753] smt-switch | opt1217--11.smt2 -> fail  19.0965 ms  12032 KB  nodes=0
[717/9753] native | HarrisLalNoriRajamani-2010SAS-Fig1_true- -> ok  47.858 ms  19456 KB  nodes=3158
[718/9753] pysmt | HarrisLalNoriRajamani-2010SAS-Fig1_true- -> ok  84.6016 ms  23264 KB  nodes=4247
[719/9753] jsmtlib | HarrisLalNoriRajamani-2010SAS-Fig1_true- -> ok  1227.21 ms  8192 KB  nodes=8837
[720/9753] z3 | HarrisLalNoriRajamani-2010SAS-Fig1_true- -> ok  22.553 ms  8576 KB  nodes=5802
[721/9753] antlr4 | HarrisLalNoriRajamani-2010SAS-Fig1_true- -> ok  539.358 ms  17408 KB  nodes=117313
[722/9753] cvc5 | HarrisLalNoriRajamani-2010SAS-Fig1_true- -> ok  3603.89 ms  32692 KB  nodes=4246
[723/9753] smt-switch | HarrisLalNoriRajamani-2010SAS-Fig1_true- -> fail  10036.2 ms  1664 KB  nodes=0
[724/9753] native | danoint-166.smt2 -> ok  59.5125 ms  20352 KB  nodes=5999
[725/9753] pysmt | danoint-166.smt2 -> ok  96.4425 ms  24680 KB  nodes=6109
[726/9753] jsmtlib | danoint-166.smt2 -> ok  1305.45 ms  10240 KB  nodes=8941
[727/9753] z3 | danoint-166.smt2 -> ok  26.192 ms  9216 KB  nodes=6127
[728/9753] antlr4 | danoint-166.smt2 -> ok  661.983 ms  17408 KB  nodes=122927
[729/9753] cvc5 | danoint-166.smt2 -> fail  10040 ms  1664 KB  nodes=0
[730/9753] smt-switch | danoint-166.smt2 -> fail  22.6325 ms  12032 KB  nodes=0
[731/9753] native | sc-20.induction2.cvc.smt2 -> ok  34.8521 ms  19072 KB  nodes=3551
[732/9753] pysmt | sc-20.induction2.cvc.smt2 -> ok  56.2005 ms  23040 KB  nodes=3693
[733/9753] jsmtlib | sc-20.induction2.cvc.smt2 -> ok  1294.5 ms  6144 KB  nodes=4421
[734/9753] z3 | sc-20.induction2.cvc.smt2 -> ok  16.519 ms  8448 KB  nodes=3692
[735/9753] antlr4 | sc-20.induction2.cvc.smt2 -> ok  602.592 ms  10240 KB  nodes=55241
[736/9753] cvc5 | sc-20.induction2.cvc.smt2 -> ok  377.277 ms  30956 KB  nodes=3692
[737/9753] smt-switch | sc-20.induction2.cvc.smt2 -> fail  20.3933 ms  11776 KB  nodes=0
[738/9753] native | sc-26.induction.cvc.smt2 -> ok  26.9121 ms  19072 KB  nodes=3809
[739/9753] pysmt | sc-26.induction.cvc.smt2 -> ok  63.201 ms  23044 KB  nodes=4019
[740/9753] jsmtlib | sc-26.induction.cvc.smt2 -> ok  2230.6 ms  5120 KB  nodes=4877
[741/9753] z3 | sc-26.induction.cvc.smt2 -> ok  43.633 ms  8448 KB  nodes=4018
[742/9753] antlr4 | sc-26.induction.cvc.smt2 -> ok  1128.29 ms  11264 KB  nodes=59877
[743/9753] cvc5 | sc-26.induction.cvc.smt2 -> ok  473.417 ms  32700 KB  nodes=4018
[744/9753] smt-switch | sc-26.induction.cvc.smt2 -> fail  17.0614 ms  11776 KB  nodes=0
[745/9753] native | uart-31.induction.cvc.smt2 -> ok  57.95 ms  21120 KB  nodes=8383
[746/9753] pysmt | uart-31.induction.cvc.smt2 -> ok  173.399 ms  24956 KB  nodes=8666
[747/9753] jsmtlib | uart-31.induction.cvc.smt2 -> ok  1738.5 ms  10240 KB  nodes=10527
[748/9753] z3 | uart-31.induction.cvc.smt2 -> ok  62.31 ms  9344 KB  nodes=8667
[749/9753] antlr4 | uart-31.induction.cvc.smt2 -> ok  1498.98 ms  18432 KB  nodes=132325
[750/9753] cvc5 | uart-31.induction.cvc.smt2 -> ok  5152.08 ms  55600 KB  nodes=8667
[751/9753] smt-switch | uart-31.induction.cvc.smt2 -> fail  13.4913 ms  11520 KB  nodes=0
[752/9753] native | uart-13.base.cvc.smt2 -> ok  39.7183 ms  19200 KB  nodes=3552
[753/9753] pysmt | uart-13.base.cvc.smt2 -> ok  54.4355 ms  22968 KB  nodes=3681
[754/9753] jsmtlib | uart-13.base.cvc.smt2 -> ok  1049.65 ms  6144 KB  nodes=4481
[755/9753] z3 | uart-13.base.cvc.smt2 -> ok  19.877 ms  8448 KB  nodes=3682
[756/9753] antlr4 | uart-13.base.cvc.smt2 -> ok  619.403 ms  10240 KB  nodes=56175
[757/9753] cvc5 | uart-13.base.cvc.smt2 -> ok  2273.15 ms  33244 KB  nodes=3682
[758/9753] smt-switch | uart-13.base.cvc.smt2 -> fail  6.22316 ms  11520 KB  nodes=0
[759/9753] native | uart-17.base.cvc.smt2 -> ok  36.9378 ms  19584 KB  nodes=4620
[760/9753] pysmt | uart-17.base.cvc.smt2 -> ok  82.9766 ms  23484 KB  nodes=4785
[761/9753] jsmtlib | uart-17.base.cvc.smt2 -> ok  1417.54 ms  7168 KB  nodes=5821
[762/9753] z3 | uart-17.base.cvc.smt2 -> ok  21.497 ms  8704 KB  nodes=4786
[763/9753] antlr4 | uart-17.base.cvc.smt2 -> ok  554.838 ms  12288 KB  nodes=73075
[764/9753] cvc5 | uart-17.base.cvc.smt2 -> ok  8259.28 ms  39924 KB  nodes=4786
[765/9753] smt-switch | uart-17.base.cvc.smt2 -> fail  8.37508 ms  11136 KB  nodes=0
[766/9753] native | GulwaniResetBranchOnly.bpl_Iteration1_La -> ok  70.3372 ms  21512 KB  nodes=8050
[767/9753] pysmt | GulwaniResetBranchOnly.bpl_Iteration1_La -> ok  289.534 ms  24856 KB  nodes=10416
[768/9753] jsmtlib | GulwaniResetBranchOnly.bpl_Iteration1_La -> ok  1459.47 ms  22528 KB  nodes=23410
[769/9753] z3 | GulwaniResetBranchOnly.bpl_Iteration1_La -> ok  54.809 ms  9372 KB  nodes=15319
[770/9753] antlr4 | GulwaniResetBranchOnly.bpl_Iteration1_La -> ok  779.034 ms  34991 KB  nodes=320768
[771/9753] cvc5 | GulwaniResetBranchOnly.bpl_Iteration1_La -> fail  10038.4 ms  1664 KB  nodes=0
[772/9753] smt-switch | GulwaniResetBranchOnly.bpl_Iteration1_La -> ok  747.866 ms  42484 KB  nodes=15487
[773/9753] native | d80.3.smt2 -> ok  60.9169 ms  20116 KB  nodes=5680
[774/9753] pysmt | d80.3.smt2 -> ok  181.339 ms  25152 KB  nodes=5650
[775/9753] jsmtlib | d80.3.smt2 -> ok  1429.39 ms  12288 KB  nodes=18877
[776/9753] z3 | d80.3.smt2 -> ok  36.665 ms  8832 KB  nodes=14403
[777/9753] antlr4 | d80.3.smt2 -> ok  605.815 ms  19456 KB  nodes=140177
[778/9753] cvc5 | d80.3.smt2 -> ok  276.821 ms  28288 KB  nodes=5692
[779/9753] smt-switch | d80.3.smt2 -> fail  107.205 ms  19712 KB  nodes=0
[780/9753] native | constraint-413064.smt2 -> ok  86.5732 ms  25556 KB  nodes=20544
[781/9753] pysmt | constraint-413064.smt2 -> ok  6293.95 ms  29848 KB  nodes=20576
[782/9753] jsmtlib | constraint-413064.smt2 -> ok  1464.72 ms  20480 KB  nodes=24807
[783/9753] z3 | constraint-413064.smt2 -> ok  65.287 ms  11308 KB  nodes=20576
[784/9753] antlr4 | constraint-413064.smt2 -> ok  719.367 ms  39084 KB  nodes=340954
[785/9753] cvc5 | constraint-413064.smt2 -> fail  10037.7 ms  1664 KB  nodes=0
[786/9753] smt-switch | constraint-413064.smt2 -> fail  10039.9 ms  1664 KB  nodes=0
[787/9753] native | Braverman-2006CAV-Ex1-int.bpl_Iteration1 -> ok  51.2149 ms  19200 KB  nodes=2756
[788/9753] pysmt | Braverman-2006CAV-Ex1-int.bpl_Iteration1 -> ok  94.0466 ms  22908 KB  nodes=3448
[789/9753] jsmtlib | Braverman-2006CAV-Ex1-int.bpl_Iteration1 -> ok  1439.38 ms  7168 KB  nodes=7639
[790/9753] z3 | Braverman-2006CAV-Ex1-int.bpl_Iteration1 -> ok  26.27 ms  8448 KB  nodes=4824
[791/9753] antlr4 | Braverman-2006CAV-Ex1-int.bpl_Iteration1 -> ok  662.377 ms  14336 KB  nodes=102401
[792/9753] cvc5 | Braverman-2006CAV-Ex1-int.bpl_Iteration1 -> fail  10000.7 ms  1664 KB  nodes=0
[793/9753] smt-switch | Braverman-2006CAV-Ex1-int.bpl_Iteration1 -> fail  10043.3 ms  1664 KB  nodes=0
[794/9753] native | constraint-556101.smt2 -> ok  135.425 ms  28296 KB  nodes=27143
[795/9753] pysmt | constraint-556101.smt2 -> ok  671.27 ms  33048 KB  nodes=27159
[796/9753] jsmtlib | constraint-556101.smt2 -> ok  1845.48 ms  12692 KB  nodes=32704
[797/9753] z3 | constraint-556101.smt2 -> ok  104.581 ms  13084 KB  nodes=27159
[798/9753] antlr4 | constraint-556101.smt2 -> ok  1013.28 ms  51920 KB  nodes=449655
[799/9753] cvc5 | constraint-556101.smt2 -> fail  10040.3 ms  1664 KB  nodes=0
[800/9753] smt-switch | constraint-556101.smt2 -> fail  10023.2 ms  1664 KB  nodes=0
[801/9753] native | vpm2-20.smt2 -> ok  51.6921 ms  19968 KB  nodes=5139
[802/9753] pysmt | vpm2-20.smt2 -> ok  149.339 ms  24472 KB  nodes=6535
[803/9753] jsmtlib | vpm2-20.smt2 -> ok  898.2 ms  9216 KB  nodes=8215
[804/9753] z3 | vpm2-20.smt2 -> ok  5976.7 ms  9088 KB  nodes=6539
[805/9753] antlr4 | vpm2-20.smt2 -> ok  869.912 ms  16384 KB  nodes=106345
[806/9753] cvc5 | vpm2-20.smt2 -> fail  10007 ms  1664 KB  nodes=0
[807/9753] smt-switch | vpm2-20.smt2 -> fail  14.3497 ms  11904 KB  nodes=0
[808/9753] native | ecoliFBAyicesTest-1875-2.smt2 -> ok  124.871 ms  22072 KB  nodes=10568
[809/9753] pysmt | ecoliFBAyicesTest-1875-2.smt2 -> ok  420.832 ms  26268 KB  nodes=10742
[810/9753] jsmtlib | ecoliFBAyicesTest-1875-2.smt2 -> ok  1632.81 ms  21504 KB  nodes=33073
[811/9753] z3 | ecoliFBAyicesTest-1875-2.smt2 -> ok  68.137 ms  9716 KB  nodes=26117
[812/9753] antlr4 | ecoliFBAyicesTest-1875-2.smt2 -> ok  949.479 ms  27212 KB  nodes=253752
[813/9753] cvc5 | ecoliFBAyicesTest-1875-2.smt2 -> fail  10046.8 ms  1664 KB  nodes=0
[814/9753] smt-switch | ecoliFBAyicesTest-1875-2.smt2 -> fail  141.071 ms  20608 KB  nodes=0
[815/9753] native | ecoliMILPglycerolYices3-300000.smt2 -> ok  138.747 ms  23204 KB  nodes=12968
[816/9753] pysmt | ecoliMILPglycerolYices3-300000.smt2 -> ok  566.223 ms  28532 KB  nodes=13138
[817/9753] jsmtlib | ecoliMILPglycerolYices3-300000.smt2 -> ok  3218.62 ms  22528 KB  nodes=34319
[818/9753] z3 | ecoliMILPglycerolYices3-300000.smt2 -> ok  171.566 ms  9956 KB  nodes=30795
[819/9753] antlr4 | ecoliMILPglycerolYices3-300000.smt2 -> ok  2214.5 ms  37576 KB  nodes=331367
[820/9753] cvc5 | ecoliMILPglycerolYices3-300000.smt2 -> fail  10024.9 ms  1664 KB  nodes=0
[821/9753] smt-switch | ecoliMILPglycerolYices3-300000.smt2 -> fail  2.35226 ms  11392 KB  nodes=0
[822/9753] native | sc-33.induction3.cvc.smt2 -> ok  81.3176 ms  19968 KB  nodes=5810
[823/9753] pysmt | sc-33.induction3.cvc.smt2 -> ok  162.692 ms  23900 KB  nodes=6178
[824/9753] jsmtlib | sc-33.induction3.cvc.smt2 -> ok  1653.49 ms  7168 KB  nodes=7192
[825/9753] z3 | sc-33.induction3.cvc.smt2 -> ok  43.684 ms  8704 KB  nodes=6075
[826/9753] antlr4 | sc-33.induction3.cvc.smt2 -> ok  1103.82 ms  14336 KB  nodes=90513
[827/9753] cvc5 | sc-33.induction3.cvc.smt2 -> fail  10011.5 ms  1664 KB  nodes=0
[828/9753] smt-switch | sc-33.induction3.cvc.smt2 -> fail  49.6551 ms  12160 KB  nodes=0
[829/9753] native | ecoliFBAyicesTest-875.smt2 -> ok  120.032 ms  22200 KB  nodes=10567
[830/9753] pysmt | ecoliFBAyicesTest-875.smt2 -> ok  442.452 ms  26340 KB  nodes=10742
[831/9753] jsmtlib | ecoliFBAyicesTest-875.smt2 -> ok  2857.5 ms  18432 KB  nodes=33071
[832/9753] z3 | ecoliFBAyicesTest-875.smt2 -> ok  89.192 ms  9716 KB  nodes=26115
[833/9753] antlr4 | ecoliFBAyicesTest-875.smt2 -> ok  1809.19 ms  27268 KB  nodes=253740
[834/9753] cvc5 | ecoliFBAyicesTest-875.smt2 -> fail  10015.7 ms  1664 KB  nodes=0
[835/9753] smt-switch | ecoliFBAyicesTest-875.smt2 -> fail  150.901 ms  20736 KB  nodes=0
[836/9753] native | 2013POPL-BenAmGen-Ex4.2.bpl_Iteration1_L -> ok  72.315 ms  19328 KB  nodes=3021
[837/9753] pysmt | 2013POPL-BenAmGen-Ex4.2.bpl_Iteration1_L -> ok  155.396 ms  23264 KB  nodes=3798
[838/9753] jsmtlib | 2013POPL-BenAmGen-Ex4.2.bpl_Iteration1_L -> ok  2375.56 ms  8192 KB  nodes=8591
[839/9753] z3 | 2013POPL-BenAmGen-Ex4.2.bpl_Iteration1_L -> ok  37.617 ms  8448 KB  nodes=5520
[840/9753] antlr4 | 2013POPL-BenAmGen-Ex4.2.bpl_Iteration1_L -> ok  1067.85 ms  17408 KB  nodes=117389
[841/9753] cvc5 | 2013POPL-BenAmGen-Ex4.2.bpl_Iteration1_L -> fail  10030.4 ms  1664 KB  nodes=0
[842/9753] smt-switch | 2013POPL-BenAmGen-Ex4.2.bpl_Iteration1_L -> fail  10019 ms  1664 KB  nodes=0
[843/9753] native | _standard_two_index_06.i_3_2_2.bpl_7.smt -> ok  68.34 ms  18560 KB  nodes=896
[844/9753] pysmt | _standard_two_index_06.i_3_2_2.bpl_7.smt -> ok  219.238 ms  21904 KB  nodes=1105
[845/9753] jsmtlib | _standard_two_index_06.i_3_2_2.bpl_7.smt -> ok  2233.07 ms  9216 KB  nodes=7407
[846/9753] z3 | _standard_two_index_06.i_3_2_2.bpl_7.smt -> ok  34.618 ms  8064 KB  nodes=1805
[847/9753] antlr4 | _standard_two_index_06.i_3_2_2.bpl_7.smt -> ok  1700.31 ms  14336 KB  nodes=93783
[848/9753] cvc5 | _standard_two_index_06.i_3_2_2.bpl_7.smt -> ok  4151.54 ms  23424 KB  nodes=1115
[849/9753] smt-switch | _standard_two_index_06.i_3_2_2.bpl_7.smt -> fail  10007.1 ms  1664 KB  nodes=0
[850/9753] native | _standard_copy4_ground.i_3_2_2.bpl_7.smt -> ok  212.415 ms  19456 KB  nodes=2607
[851/9753] pysmt | _standard_copy4_ground.i_3_2_2.bpl_7.smt -> timeout  10000 ms  21768 KB  nodes=3512
[852/9753] jsmtlib | _standard_copy4_ground.i_3_2_2.bpl_7.smt -> ok  2136.31 ms  21504 KB  nodes=24569
[853/9753] z3 | _standard_copy4_ground.i_3_2_2.bpl_7.smt -> ok  99.506 ms  8672 KB  nodes=5413
[854/9753] antlr4 | _standard_copy4_ground.i_3_2_2.bpl_7.smt -> ok  2102.25 ms  36048 KB  nodes=313060
[855/9753] cvc5 | _standard_copy4_ground.i_3_2_2.bpl_7.smt -> fail  10048.8 ms  1664 KB  nodes=0
[856/9753] smt-switch | _standard_copy4_ground.i_3_2_2.bpl_7.smt -> fail  10029.2 ms  1664 KB  nodes=0
[857/9753] native | _standard_copy5_ground.i_3_2_2.bpl_7.smt -> ok  324.092 ms  19584 KB  nodes=3273
[858/9753] pysmt | _standard_copy5_ground.i_3_2_2.bpl_7.smt -> ok  1139.19 ms  23092 KB  nodes=4414
[859/9753] jsmtlib | _standard_copy5_ground.i_3_2_2.bpl_7.smt -> ok  4111.66 ms  8528 KB  nodes=31035
[860/9753] z3 | _standard_copy5_ground.i_3_2_2.bpl_7.smt -> ok  122.197 ms  8920 KB  nodes=6784
[861/9753] antlr4 | _standard_copy5_ground.i_3_2_2.bpl_7.smt -> ok  2147.15 ms  44240 KB  nodes=395674
[862/9753] cvc5 | _standard_copy5_ground.i_3_2_2.bpl_7.smt -> fail  10006 ms  1664 KB  nodes=0
[863/9753] smt-switch | _standard_copy5_ground.i_3_2_2.bpl_7.smt -> fail  10010 ms  1664 KB  nodes=0
[864/9753] native | sc-24.base.cvc.smt2 -> ok  125.702 ms  19072 KB  nodes=3530
[865/9753] pysmt | sc-24.base.cvc.smt2 -> ok  229.091 ms  22680 KB  nodes=3771
[866/9753] jsmtlib | sc-24.base.cvc.smt2 -> ok  3666.01 ms  6144 KB  nodes=4540
[867/9753] z3 | sc-24.base.cvc.smt2 -> ok  41.467 ms  8448 KB  nodes=3746
[868/9753] antlr4 | sc-24.base.cvc.smt2 -> ok  1592.54 ms  10240 KB  nodes=55662
[869/9753] cvc5 | sc-24.base.cvc.smt2 -> fail  10038.5 ms  1664 KB  nodes=0
[870/9753] smt-switch | sc-24.base.cvc.smt2 -> fail  49.6055 ms  11776 KB  nodes=0
[871/9753] native | sc-39.induction3.cvc.smt2 -> ok  150.383 ms  20224 KB  nodes=6854
[872/9753] pysmt | sc-39.induction3.cvc.smt2 -> ok  374.702 ms  24532 KB  nodes=7288
[873/9753] jsmtlib | sc-39.induction3.cvc.smt2 -> ok  2418.62 ms  9216 KB  nodes=8482
[874/9753] z3 | sc-39.induction3.cvc.smt2 -> ok  73.598 ms  8960 KB  nodes=7167
[875/9753] antlr4 | sc-39.induction3.cvc.smt2 -> ok  1117.06 ms  16384 KB  nodes=106779
[876/9753] cvc5 | sc-39.induction3.cvc.smt2 -> fail  10009.7 ms  1664 KB  nodes=0
[877/9753] smt-switch | sc-39.induction3.cvc.smt2 -> fail  119.636 ms  12288 KB  nodes=0
[878/9753] native | sc-32.base.cvc.smt2 -> ok  86.6091 ms  19584 KB  nodes=4690
[879/9753] pysmt | sc-32.base.cvc.smt2 -> ok  250.215 ms  23528 KB  nodes=5011
[880/9753] jsmtlib | sc-32.base.cvc.smt2 -> ok  1666.66 ms  7168 KB  nodes=6028
[881/9753] z3 | sc-32.base.cvc.smt2 -> ok  49.945 ms  8320 KB  nodes=4978
[882/9753] antlr4 | sc-32.base.cvc.smt2 -> ok  1289.34 ms  12288 KB  nodes=73966
[883/9753] cvc5 | sc-32.base.cvc.smt2 -> fail  10004.9 ms  1664 KB  nodes=0
[884/9753] smt-switch | sc-32.base.cvc.smt2 -> fail  38.0167 ms  11776 KB  nodes=0
[885/9753] native | pursuit-safety-19.smt2 -> ok  6034.75 ms  19072 KB  nodes=3497
[886/9753] pysmt | pursuit-safety-19.smt2 -> ok  175.117 ms  22760 KB  nodes=3671
[887/9753] jsmtlib | pursuit-safety-19.smt2 -> ok  3403.47 ms  6144 KB  nodes=4464
[888/9753] z3 | pursuit-safety-19.smt2 -> ok  81.317 ms  8448 KB  nodes=3671
[889/9753] antlr4 | pursuit-safety-19.smt2 -> ok  1895.72 ms  10240 KB  nodes=57158
[890/9753] cvc5 | pursuit-safety-19.smt2 -> ok  556.931 ms  27392 KB  nodes=3671
[891/9753] smt-switch | pursuit-safety-19.smt2 -> fail  17.9951 ms  11520 KB  nodes=0
[892/9753] native | _standard_two_index_05.i_3_2_2.bpl_11.sm -> ok  198.363 ms  18816 KB  nodes=1707
[893/9753] pysmt | _standard_two_index_05.i_3_2_2.bpl_11.sm -> ok  426.25 ms  22188 KB  nodes=2074
[894/9753] jsmtlib | _standard_two_index_05.i_3_2_2.bpl_11.sm -> ok  3216.57 ms  16384 KB  nodes=16026
[895/9753] z3 | _standard_two_index_05.i_3_2_2.bpl_11.sm -> ok  80.898 ms  8320 KB  nodes=3625
[896/9753] antlr4 | _standard_two_index_05.i_3_2_2.bpl_11.sm -> ok  1902.73 ms  22068 KB  nodes=201398
[897/9753] cvc5 | _standard_two_index_05.i_3_2_2.bpl_11.sm -> fail  10032 ms  1664 KB  nodes=0
[898/9753] smt-switch | _standard_two_index_05.i_3_2_2.bpl_11.sm -> fail  10024.7 ms  1664 KB  nodes=0
[899/9753] native | ecoliMILPglycerolYices3-50000.smt2 -> ok  6292.51 ms  23024 KB  nodes=12968
[900/9753] pysmt | ecoliMILPglycerolYices3-50000.smt2 -> ok  1759.65 ms  28040 KB  nodes=13138
[901/9753] jsmtlib | ecoliMILPglycerolYices3-50000.smt2 -> ok  3426.93 ms  4612 KB  nodes=34319
[902/9753] z3 | ecoliMILPglycerolYices3-50000.smt2 -> ok  227.297 ms  10160 KB  nodes=30795
[903/9753] antlr4 | ecoliMILPglycerolYices3-50000.smt2 -> ok  2465.9 ms  36492 KB  nodes=331367
[904/9753] cvc5 | ecoliMILPglycerolYices3-50000.smt2 -> fail  10030.4 ms  1664 KB  nodes=0
[905/9753] smt-switch | ecoliMILPglycerolYices3-50000.smt2 -> fail  21.5087 ms  11008 KB  nodes=0
[906/9753] native | _overflow1.i_3_8_2.bpl_11.smt2 -> ok  235.135 ms  18688 KB  nodes=1360
[907/9753] pysmt | _overflow1.i_3_8_2.bpl_11.smt2 -> ok  331.533 ms  21828 KB  nodes=1671
[908/9753] jsmtlib | _overflow1.i_3_8_2.bpl_11.smt2 -> ok  3436.92 ms  13312 KB  nodes=11954
[909/9753] z3 | _overflow1.i_3_8_2.bpl_11.smt2 -> ok  67.54 ms  8064 KB  nodes=2793
[910/9753] antlr4 | _overflow1.i_3_8_2.bpl_11.smt2 -> ok  1794.21 ms  20480 KB  nodes=149762
[911/9753] cvc5 | _overflow1.i_3_8_2.bpl_11.smt2 -> fail  10016.1 ms  1664 KB  nodes=0
[912/9753] smt-switch | _overflow1.i_3_8_2.bpl_11.smt2 -> fail  10000.4 ms  1664 KB  nodes=0
[913/9753] native | constraints-tempo-depth-50.smt2 -> ok  184.13 ms  18688 KB  nodes=2155
[914/9753] pysmt | constraints-tempo-depth-50.smt2 -> ok  133.238 ms  22340 KB  nodes=2254
[915/9753] jsmtlib | constraints-tempo-depth-50.smt2 -> ok  3225.73 ms  5120 KB  nodes=3364
[916/9753] z3 | constraints-tempo-depth-50.smt2 -> ok  60.54 ms  8320 KB  nodes=2254
[917/9753] antlr4 | constraints-tempo-depth-50.smt2 -> ok  1233.29 ms  9216 KB  nodes=48242
[918/9753] cvc5 | constraints-tempo-depth-50.smt2 -> ok  665.429 ms  26352 KB  nodes=2254
[919/9753] smt-switch | constraints-tempo-depth-50.smt2 -> ok  585.217 ms  28620 KB  nodes=2254
[920/9753] native | Braverman-2006CAV-Ex1-int.bpl_Iteration1 -> ok  105.191 ms  19328 KB  nodes=2756
[921/9753] pysmt | Braverman-2006CAV-Ex1-int.bpl_Iteration1 -> ok  365.453 ms  22312 KB  nodes=3448
[922/9753] jsmtlib | Braverman-2006CAV-Ex1-int.bpl_Iteration1 -> ok  4146.97 ms  8192 KB  nodes=7639
[923/9753] z3 | Braverman-2006CAV-Ex1-int.bpl_Iteration1 -> ok  53.739 ms  8320 KB  nodes=4824
[924/9753] antlr4 | Braverman-2006CAV-Ex1-int.bpl_Iteration1 -> ok  1858.9 ms  14336 KB  nodes=102401
[925/9753] cvc5 | Braverman-2006CAV-Ex1-int.bpl_Iteration1 -> fail  10051.7 ms  1664 KB  nodes=0
[926/9753] smt-switch | Braverman-2006CAV-Ex1-int.bpl_Iteration1 -> fail  10036.3 ms  1664 KB  nodes=0
[927/9753] native | uart-25.base.cvc.smt2 -> ok  115.401 ms  20608 KB  nodes=6756
[928/9753] pysmt | uart-25.base.cvc.smt2 -> ok  264.102 ms  24528 KB  nodes=6993
[929/9753] jsmtlib | uart-25.base.cvc.smt2 -> ok  3288.09 ms  9216 KB  nodes=8501
[930/9753] z3 | uart-25.base.cvc.smt2 -> ok  87.109 ms  8960 KB  nodes=6994
[931/9753] antlr4 | uart-25.base.cvc.smt2 -> ok  1480.69 ms  16384 KB  nodes=106875
[932/9753] cvc5 | uart-25.base.cvc.smt2 -> fail  10033 ms  1664 KB  nodes=0
[933/9753] smt-switch | uart-25.base.cvc.smt2 -> fail  28.8868 ms  11264 KB  nodes=0
[934/9753] native | simple_startup_14nodes.abstract.base.smt -> ok  178.867 ms  21376 KB  nodes=9201
[935/9753] pysmt | simple_startup_14nodes.abstract.base.smt -> ok  449.777 ms  25084 KB  nodes=10557
[936/9753] jsmtlib | simple_startup_14nodes.abstract.base.smt -> ok  3182.16 ms  12288 KB  nodes=11868
[937/9753] z3 | simple_startup_14nodes.abstract.base.smt -> ok  93.524 ms  9856 KB  nodes=10557
[938/9753] antlr4 | simple_startup_14nodes.abstract.base.smt -> ok  1982.52 ms  21504 KB  nodes=156283
[939/9753] cvc5 | simple_startup_14nodes.abstract.base.smt -> ok  543.941 ms  37728 KB  nodes=10557
[940/9753] smt-switch | simple_startup_14nodes.abstract.base.smt -> fail  16.2727 ms  11648 KB  nodes=0
[941/9753] native | sc-25.base.cvc.smt2 -> ok  96.8466 ms  19200 KB  nodes=3675
[942/9753] pysmt | sc-25.base.cvc.smt2 -> timeout  10000 ms  22936 KB  nodes=3926
[943/9753] jsmtlib | sc-25.base.cvc.smt2 -> ok  3114.14 ms  6144 KB  nodes=4726
[944/9753] z3 | sc-25.base.cvc.smt2 -> ok  54.516 ms  8448 KB  nodes=3900
[945/9753] antlr4 | sc-25.base.cvc.smt2 -> ok  1573.73 ms  10240 KB  nodes=57950
[946/9753] cvc5 | sc-25.base.cvc.smt2 -> fail  10035.4 ms  1664 KB  nodes=0
[947/9753] smt-switch | sc-25.base.cvc.smt2 -> fail  56.4766 ms  11520 KB  nodes=0
[948/9753] native | p-2-bucket_s11.smt2 -> ok  207.231 ms  22788 KB  nodes=12167
[949/9753] pysmt | p-2-bucket_s11.smt2 -> ok  6684.09 ms  27864 KB  nodes=12168
[950/9753] jsmtlib | p-2-bucket_s11.smt2 -> ok  3653.43 ms  1368 KB  nodes=46354
[951/9753] z3 | p-2-bucket_s11.smt2 -> ok  213.889 ms  9484 KB  nodes=37892
[952/9753] antlr4 | p-2-bucket_s11.smt2 -> ok  2460.56 ms  37457 KB  nodes=333949
[953/9753] cvc5 | p-2-bucket_s11.smt2 -> ok  9325.16 ms  49844 KB  nodes=12167
[954/9753] smt-switch | p-2-bucket_s11.smt2 -> fail  69.2422 ms  12288 KB  nodes=0
[955/9753] native | uart-29.induction.cvc.smt2 -> ok  116.523 ms  20864 KB  nodes=7847
[956/9753] pysmt | uart-29.induction.cvc.smt2 -> ok  359.828 ms  25004 KB  nodes=8112
[957/9753] jsmtlib | uart-29.induction.cvc.smt2 -> ok  3155.02 ms  10240 KB  nodes=9855
[958/9753] z3 | uart-29.induction.cvc.smt2 -> timeout  10000 ms  9216 KB  nodes=8113
[959/9753] antlr4 | uart-29.induction.cvc.smt2 -> ok  1780.83 ms  17408 KB  nodes=123857
[960/9753] cvc5 | uart-29.induction.cvc.smt2 -> fail  10030.6 ms  1664 KB  nodes=0
[961/9753] smt-switch | uart-29.induction.cvc.smt2 -> fail  22.8678 ms  11520 KB  nodes=0
[962/9753] native | uart-16.induction.cvc.smt2 -> ok  111.293 ms  19456 KB  nodes=4363
[963/9753] pysmt | uart-16.induction.cvc.smt2 -> ok  226.883 ms  23260 KB  nodes=4511
[964/9753] jsmtlib | uart-16.induction.cvc.smt2 -> ok  2475.16 ms  6144 KB  nodes=5487
[965/9753] z3 | uart-16.induction.cvc.smt2 -> ok  47.058 ms  8576 KB  nodes=4512
[966/9753] antlr4 | uart-16.induction.cvc.smt2 -> ok  1343.72 ms  12288 KB  nodes=68815
[967/9753] cvc5 | uart-16.induction.cvc.smt2 -> ok  2617.36 ms  36480 KB  nodes=4512
[968/9753] smt-switch | uart-16.induction.cvc.smt2 -> fail  16.7193 ms  11648 KB  nodes=0
[969/9753] native | uart-18.induction.cvc.smt2 -> ok  98.9486 ms  19712 KB  nodes=4899
[970/9753] pysmt | uart-18.induction.cvc.smt2 -> ok  6198.31 ms  23296 KB  nodes=5065
[971/9753] jsmtlib | uart-18.induction.cvc.smt2 -> ok  5609.45 ms  6144 KB  nodes=6159
[972/9753] z3 | uart-18.induction.cvc.smt2 -> ok  70.036 ms  8320 KB  nodes=5066
[973/9753] antlr4 | uart-18.induction.cvc.smt2 -> ok  1534.64 ms  12288 KB  nodes=77283
[974/9753] cvc5 | uart-18.induction.cvc.smt2 -> ok  1966.72 ms  37096 KB  nodes=5066
[975/9753] smt-switch | uart-18.induction.cvc.smt2 -> fail  22.7017 ms  11520 KB  nodes=0
[976/9753] native | pp08a-12000.smt2 -> ok  77.8378 ms  19456 KB  nodes=3653
[977/9753] pysmt | pp08a-12000.smt2 -> ok  308.321 ms  23232 KB  nodes=4236
[978/9753] jsmtlib | pp08a-12000.smt2 -> ok  1834.38 ms  7168 KB  nodes=5912
[979/9753] z3 | pp08a-12000.smt2 -> ok  116.254 ms  8832 KB  nodes=4238
[980/9753] antlr4 | pp08a-12000.smt2 -> ok  1245.7 ms  12288 KB  nodes=76850
[981/9753] cvc5 | pp08a-12000.smt2 -> ok  1320.76 ms  27640 KB  nodes=4238
[982/9753] smt-switch | pp08a-12000.smt2 -> fail  24.8476 ms  11776 KB  nodes=0
[983/9753] native | windowreal-no_t_deadlock-13.smt2 -> ok  94.7254 ms  19328 KB  nodes=3988
[984/9753] pysmt | windowreal-no_t_deadlock-13.smt2 -> ok  186.028 ms  22652 KB  nodes=4056
[985/9753] jsmtlib | windowreal-no_t_deadlock-13.smt2 -> ok  2442.86 ms  5120 KB  nodes=4962
[986/9753] z3 | windowreal-no_t_deadlock-13.smt2 -> ok  52.146 ms  8448 KB  nodes=4056
[987/9753] antlr4 | windowreal-no_t_deadlock-13.smt2 -> ok  1420.23 ms  11264 KB  nodes=62843
[988/9753] cvc5 | windowreal-no_t_deadlock-13.smt2 -> ok  238.402 ms  23808 KB  nodes=4056
[989/9753] smt-switch | windowreal-no_t_deadlock-13.smt2 -> fail  37.378 ms  11136 KB  nodes=0
[990/9753] native | pk1-0.smt2 -> ok  121.184 ms  19712 KB  nodes=4630
[991/9753] pysmt | pk1-0.smt2 -> ok  327.529 ms  23340 KB  nodes=5154
[992/9753] jsmtlib | pk1-0.smt2 -> ok  2845.48 ms  7168 KB  nodes=5967
[993/9753] z3 | pk1-0.smt2 -> ok  43.972 ms  8832 KB  nodes=5154
[994/9753] antlr4 | pk1-0.smt2 -> ok  1670.68 ms  13312 KB  nodes=80148
[995/9753] cvc5 | pk1-0.smt2 -> fail  10025.3 ms  1664 KB  nodes=0
[996/9753] smt-switch | pk1-0.smt2 -> fail  30.1772 ms  11776 KB  nodes=0
[997/9753] native | p3-driverlogNumeric_s8.smt2 -> ok  142.423 ms  21288 KB  nodes=9277
[998/9753] pysmt | p3-driverlogNumeric_s8.smt2 -> ok  569.387 ms  26036 KB  nodes=9278
[999/9753] jsmtlib | p3-driverlogNumeric_s8.smt2 -> ok  3074.76 ms  1348 KB  nodes=36831
[1000/9753] z3 | p3-driverlogNumeric_s8.smt2 -> ok  124.12 ms  8960 KB  nodes=30028
[1001/9753] antlr4 | p3-driverlogNumeric_s8.smt2 -> ok  1594.89 ms  28348 KB  nodes=265956
[1002/9753] cvc5 | p3-driverlogNumeric_s8.smt2 -> ok  695.763 ms  34816 KB  nodes=9278
[1003/9753] smt-switch | p3-driverlogNumeric_s8.smt2 -> fail  106.395 ms  19200 KB  nodes=0
[1004/9753] native | fir.t2.c_Iteration4_Loop_4-pieceTemplate -> ok  614.761 ms  33536 KB  nodes=36282
[1005/9753] pysmt | fir.t2.c_Iteration4_Loop_4-pieceTemplate -> ok  5417.3 ms  36584 KB  nodes=41803
[1006/9753] jsmtlib | fir.t2.c_Iteration4_Loop_4-pieceTemplate -> ok  5069.37 ms  21902 KB  nodes=147981
[1007/9753] z3 | fir.t2.c_Iteration4_Loop_4-pieceTemplate -> ok  919.973 ms  31776 KB  nodes=87391
[1008/9753] antlr4 | fir.t2.c_Iteration4_Loop_4-pieceTemplate -> ok  4140.69 ms  241686 KB  nodes=2086480
[1009/9753] cvc5 | fir.t2.c_Iteration4_Loop_4-pieceTemplate -> fail  10026.2 ms  1664 KB  nodes=0
[1010/9753] smt-switch | fir.t2.c_Iteration4_Loop_4-pieceTemplate -> fail  10015.6 ms  1664 KB  nodes=0
[1011/9753] native | sas2.t2.c_Iteration1_Lasso_5-phaseTempla -> ok  6522.04 ms  26112 KB  nodes=18583
[1012/9753] pysmt | sas2.t2.c_Iteration1_Lasso_5-phaseTempla -> ok  2928.27 ms  31428 KB  nodes=23211
[1013/9753] jsmtlib | sas2.t2.c_Iteration1_Lasso_5-phaseTempla -> ok  3545.58 ms  31304 KB  nodes=63909
[1014/9753] z3 | sas2.t2.c_Iteration1_Lasso_5-phaseTempla -> ok  335.526 ms  12916 KB  nodes=43263
[1015/9753] antlr4 | sas2.t2.c_Iteration1_Lasso_5-phaseTempla -> ok  3058.04 ms  115328 KB  nodes=1024546
[1016/9753] cvc5 | sas2.t2.c_Iteration1_Lasso_5-phaseTempla -> fail  10031.4 ms  1664 KB  nodes=0
[1017/9753] smt-switch | sas2.t2.c_Iteration1_Lasso_5-phaseTempla -> ok  7512.44 ms  73300 KB  nodes=43551
[1018/9753] native | BradleyMannaSipma-2005ICALP-Fig1_true-te -> ok  632.875 ms  42692 KB  nodes=61026
[1019/9753] pysmt | BradleyMannaSipma-2005ICALP-Fig1_true-te -> ok  12748.1 ms  47052 KB  nodes=72180
[1020/9753] jsmtlib | BradleyMannaSipma-2005ICALP-Fig1_true-te -> ok  5003.93 ms  30065 KB  nodes=184475
[1021/9753] z3 | BradleyMannaSipma-2005ICALP-Fig1_true-te -> ok  920.893 ms  28664 KB  nodes=115600
[1022/9753] antlr4 | BradleyMannaSipma-2005ICALP-Fig1_true-te -> ok  4577.5 ms  292932 KB  nodes=2523328
[1023/9753] cvc5 | BradleyMannaSipma-2005ICALP-Fig1_true-te -> fail  10048.9 ms  1664 KB  nodes=0
[1024/9753] smt-switch | BradleyMannaSipma-2005ICALP-Fig1_true-te -> fail  10002.7 ms  1664 KB  nodes=0
[1025/9753] native | OpposedDisjuncts.bpl_Iteration1_Loop_7-p -> ok  922.274 ms  33412 KB  nodes=36879
[1026/9753] pysmt | OpposedDisjuncts.bpl_Iteration1_Loop_7-p -> ok  3712.45 ms  35568 KB  nodes=42503
[1027/9753] jsmtlib | OpposedDisjuncts.bpl_Iteration1_Loop_7-p -> ok  3658.73 ms  12667 KB  nodes=71823
[1028/9753] z3 | OpposedDisjuncts.bpl_Iteration1_Loop_7-p -> ok  600.482 ms  32696 KB  nodes=51433
[1029/9753] antlr4 | OpposedDisjuncts.bpl_Iteration1_Loop_7-p -> ok  4117.64 ms  173776 KB  nodes=1497748
[1030/9753] cvc5 | OpposedDisjuncts.bpl_Iteration1_Loop_7-p -> fail  10040.2 ms  1664 KB  nodes=0
[1031/9753] smt-switch | OpposedDisjuncts.bpl_Iteration1_Loop_7-p -> fail  10001.3 ms  1664 KB  nodes=0
[1032/9753] native | p-46.t2.c_Iteration2_Lasso_4-pieceTempla -> ok  1373.48 ms  38784 KB  nodes=46114
[1033/9753] pysmt | p-46.t2.c_Iteration2_Lasso_4-pieceTempla -> fail  10034.7 ms  1664 KB  nodes=0
[1034/9753] jsmtlib | p-46.t2.c_Iteration2_Lasso_4-pieceTempla -> ok  5025.36 ms  47494 KB  nodes=250603
[1035/9753] z3 | p-46.t2.c_Iteration2_Lasso_4-pieceTempla -> ok  1024.49 ms  31032 KB  nodes=154445
[1036/9753] antlr4 | p-46.t2.c_Iteration2_Lasso_4-pieceTempla -> ok  4861.5 ms  394960 KB  nodes=3467720
[1037/9753] cvc5 | p-46.t2.c_Iteration2_Lasso_4-pieceTempla -> fail  10018.4 ms  1664 KB  nodes=0
[1038/9753] smt-switch | p-46.t2.c_Iteration2_Lasso_4-pieceTempla -> fail  10027 ms  1664 KB  nodes=0
[1039/9753] native | Masse_true-termination.c_Iteration1_Loop -> ok  545.868 ms  27224 KB  nodes=22253
[1040/9753] pysmt | Masse_true-termination.c_Iteration1_Loop -> ok  2601.89 ms  31240 KB  nodes=26493
[1041/9753] jsmtlib | Masse_true-termination.c_Iteration1_Loop -> ok  3605.04 ms  25928 KB  nodes=62155
[1042/9753] z3 | Masse_true-termination.c_Iteration1_Loop -> ok  394.529 ms  12580 KB  nodes=39197
[1043/9753] antlr4 | Masse_true-termination.c_Iteration1_Loop -> ok  2865.98 ms  93904 KB  nodes=824342
[1044/9753] cvc5 | Masse_true-termination.c_Iteration1_Loop -> fail  10034.3 ms  1664 KB  nodes=0
[1045/9753] smt-switch | Masse_true-termination.c_Iteration1_Loop -> fail  10060.5 ms  1664 KB  nodes=0
[1046/9753] native | KroeningSharyginaTsitovichWintersteiger- -> ok  2827.52 ms  82508 KB  nodes=157162
[1047/9753] pysmt | KroeningSharyginaTsitovichWintersteiger- -> fail  10018.7 ms  1664 KB  nodes=0
[1048/9753] jsmtlib | KroeningSharyginaTsitovichWintersteiger- -> ok  7454.68 ms  56801 KB  nodes=401198
[1049/9753] z3 | KroeningSharyginaTsitovichWintersteiger- -> ok  9015.22 ms  121060 KB  nodes=254973
[1050/9753] antlr4 | KroeningSharyginaTsitovichWintersteiger- -> ok  7833.08 ms  663248 KB  nodes=5691454
[1051/9753] cvc5 | KroeningSharyginaTsitovichWintersteiger- -> fail  10011 ms  1664 KB  nodes=0
[1052/9753] smt-switch | KroeningSharyginaTsitovichWintersteiger- -> fail  10005.5 ms  1664 KB  nodes=0
[1053/9753] native | CookSeeZuleger-2013TACAS-Fig7a_true-term -> ok  1641.57 ms  58852 KB  nodes=98309
[1054/9753] pysmt | CookSeeZuleger-2013TACAS-Fig7a_true-term -> fail  10003.2 ms  1664 KB  nodes=0
[1055/9753] jsmtlib | CookSeeZuleger-2013TACAS-Fig7a_true-term -> ok  4489.79 ms  53617 KB  nodes=239459
[1056/9753] z3 | CookSeeZuleger-2013TACAS-Fig7a_true-term -> ok  1360.3 ms  54316 KB  nodes=143870
[1057/9753] antlr4 | CookSeeZuleger-2013TACAS-Fig7a_true-term -> ok  7240.71 ms  400926 KB  nodes=3483540
[1058/9753] cvc5 | CookSeeZuleger-2013TACAS-Fig7a_true-term -> fail  10006.6 ms  1664 KB  nodes=0
[1059/9753] smt-switch | CookSeeZuleger-2013TACAS-Fig7a_true-term -> fail  10010.7 ms  1664 KB  nodes=0
[1060/9753] native | dropbuf.t2.c_Iteration3_Loop_7-phaseTemp -> ok  2128.32 ms  44284 KB  nodes=56908
[1061/9753] pysmt | dropbuf.t2.c_Iteration3_Loop_7-phaseTemp -> fail  10012.5 ms  1664 KB  nodes=0
[1062/9753] jsmtlib | dropbuf.t2.c_Iteration3_Loop_7-phaseTemp -> ok  5039.6 ms  44464 KB  nodes=181828
[1063/9753] z3 | dropbuf.t2.c_Iteration3_Loop_7-phaseTemp -> ok  2084.05 ms  32452 KB  nodes=140681
[1064/9753] antlr4 | dropbuf.t2.c_Iteration3_Loop_7-phaseTemp -> ok  6727.84 ms  495312 KB  nodes=4200483
[1065/9753] cvc5 | dropbuf.t2.c_Iteration3_Loop_7-phaseTemp -> fail  10000.7 ms  1664 KB  nodes=0
[1066/9753] smt-switch | dropbuf.t2.c_Iteration3_Loop_7-phaseTemp -> fail  10035 ms  1664 KB  nodes=0
[1067/9753] native | sumit.t2.c_Iteration1_Lasso_6-phaseTempl -> ok  689.557 ms  26624 KB  nodes=20106
[1068/9753] pysmt | sumit.t2.c_Iteration1_Lasso_6-phaseTempl -> timeout  10000 ms  30988 KB  nodes=26272
[1069/9753] jsmtlib | sumit.t2.c_Iteration1_Lasso_6-phaseTempl -> ok  3951.92 ms  40800 KB  nodes=70112
[1070/9753] z3 | sumit.t2.c_Iteration1_Lasso_6-phaseTempl -> ok  387.873 ms  13536 KB  nodes=50514
[1071/9753] antlr4 | sumit.t2.c_Iteration1_Lasso_6-phaseTempl -> ok  4137.45 ms  150213 KB  nodes=1288320
[1072/9753] cvc5 | sumit.t2.c_Iteration1_Lasso_6-phaseTempl -> fail  10005.7 ms  1664 KB  nodes=0
[1073/9753] smt-switch | sumit.t2.c_Iteration1_Lasso_6-phaseTempl -> ok  7115.35 ms  76884 KB  nodes=50682
[1074/9753] native | elmhes.c.i.elmhes.pl.t2.fixed.t2.c_Itera -> ok  363.885 ms  23424 KB  nodes=12690
[1075/9753] pysmt | elmhes.c.i.elmhes.pl.t2.fixed.t2.c_Itera -> timeout  10000 ms  27592 KB  nodes=15185
[1076/9753] jsmtlib | elmhes.c.i.elmhes.pl.t2.fixed.t2.c_Itera -> ok  2998.21 ms  14808 KB  nodes=47593
[1077/9753] z3 | elmhes.c.i.elmhes.pl.t2.fixed.t2.c_Itera -> ok  330.335 ms  10688 KB  nodes=28383
[1078/9753] antlr4 | elmhes.c.i.elmhes.pl.t2.fixed.t2.c_Itera -> ok  3371.41 ms  75984 KB  nodes=667718
[1079/9753] cvc5 | elmhes.c.i.elmhes.pl.t2.fixed.t2.c_Itera -> fail  10001.1 ms  1664 KB  nodes=0
[1080/9753] smt-switch | elmhes.c.i.elmhes.pl.t2.fixed.t2.c_Itera -> ok  3263.44 ms  58240 KB  nodes=28551
[1081/9753] native | aviad_true-termination.c_Iteration1_Loop -> ok  6449.19 ms  161236 KB  nodes=343841
[1082/9753] pysmt | aviad_true-termination.c_Iteration1_Loop -> fail  10036.1 ms  1664 KB  nodes=0
[1083/9753] jsmtlib | aviad_true-termination.c_Iteration1_Loop -> fail  10022.8 ms  1664 KB  nodes=0
[1084/9753] z3 | aviad_true-termination.c_Iteration1_Loop -> ok  6289.61 ms  234820 KB  nodes=456681
[1085/9753] antlr4 | aviad_true-termination.c_Iteration1_Loop -> fail  10042.3 ms  1664 KB  nodes=0
[1086/9753] cvc5 | aviad_true-termination.c_Iteration1_Loop -> fail  10006.7 ms  1664 KB  nodes=0
[1087/9753] smt-switch | aviad_true-termination.c_Iteration1_Loop -> fail  10030.9 ms  1664 KB  nodes=0
[1088/9753] native | simple-scaled100.bpl_Iteration1_Lasso_7- -> ok  12190.4 ms  90540 KB  nodes=163670
[1089/9753] pysmt | simple-scaled100.bpl_Iteration1_Lasso_7- -> fail  10005.9 ms  1664 KB  nodes=0
[1090/9753] jsmtlib | simple-scaled100.bpl_Iteration1_Lasso_7- -> fail  10012.6 ms  1664 KB  nodes=0
[1091/9753] z3 | simple-scaled100.bpl_Iteration1_Lasso_7- -> ok  11918.1 ms  141316 KB  nodes=209670
[1092/9753] antlr4 | simple-scaled100.bpl_Iteration1_Lasso_7- -> fail  10020.7 ms  1664 KB  nodes=0
[1093/9753] cvc5 | simple-scaled100.bpl_Iteration1_Lasso_7- -> fail  10038.4 ms  1664 KB  nodes=0
[1094/9753] smt-switch | simple-scaled100.bpl_Iteration1_Lasso_7- -> fail  10003.5 ms  1664 KB  nodes=0
[1095/9753] native | p-46.t2.c_Iteration2_Lasso_7-phaseTempla -> ok  1245.85 ms  44032 KB  nodes=59685
[1096/9753] pysmt | p-46.t2.c_Iteration2_Lasso_7-phaseTempla -> fail  10005.1 ms  1664 KB  nodes=0
[1097/9753] jsmtlib | p-46.t2.c_Iteration2_Lasso_7-phaseTempla -> ok  5038.05 ms  52753 KB  nodes=152570
[1098/9753] z3 | p-46.t2.c_Iteration2_Lasso_7-phaseTempla -> ok  7478.62 ms  33992 KB  nodes=112861
[1099/9753] antlr4 | p-46.t2.c_Iteration2_Lasso_7-phaseTempla -> ok  4887.41 ms  381648 KB  nodes=3240361
[1100/9753] cvc5 | p-46.t2.c_Iteration2_Lasso_7-phaseTempla -> fail  10049.6 ms  1664 KB  nodes=0
[1101/9753] smt-switch | p-46.t2.c_Iteration2_Lasso_7-phaseTempla -> fail  10008.5 ms  1664 KB  nodes=0
[1102/9753] native | TelAviv-Amir-Minimum_true-termination.c_ -> ok  4527.43 ms  137332 KB  nodes=287944
[1103/9753] pysmt | TelAviv-Amir-Minimum_true-termination.c_ -> fail  10044.4 ms  1664 KB  nodes=0
[1104/9753] jsmtlib | TelAviv-Amir-Minimum_true-termination.c_ -> ok  9038.67 ms  26005 KB  nodes=663643
[1105/9753] z3 | TelAviv-Amir-Minimum_true-termination.c_ -> ok  5046.92 ms  242688 KB  nodes=402161
[1106/9753] antlr4 | TelAviv-Amir-Minimum_true-termination.c_ -> fail  10022.9 ms  1664 KB  nodes=0
[1107/9753] cvc5 | TelAviv-Amir-Minimum_true-termination.c_ -> fail  10011 ms  1664 KB  nodes=0
[1108/9753] smt-switch | TelAviv-Amir-Minimum_true-termination.c_ -> fail  10038.2 ms  1664 KB  nodes=0
[1109/9753] native | yPositive-SIscaled100.bpl_Iteration1_Loo -> ok  8565.6 ms  64048 KB  nodes=96318
[1110/9753] pysmt | yPositive-SIscaled100.bpl_Iteration1_Loo -> fail  10017.9 ms  1664 KB  nodes=0
[1111/9753] jsmtlib | yPositive-SIscaled100.bpl_Iteration1_Loo -> ok  6698.08 ms  59600 KB  nodes=149002
[1112/9753] z3 | yPositive-SIscaled100.bpl_Iteration1_Loo -> ok  3194.11 ms  73768 KB  nodes=116243
[1113/9753] antlr4 | yPositive-SIscaled100.bpl_Iteration1_Loo -> ok  8365.02 ms  574160 KB  nodes=4870288
[1114/9753] cvc5 | yPositive-SIscaled100.bpl_Iteration1_Loo -> fail  10049.6 ms  1664 KB  nodes=0
[1115/9753] smt-switch | yPositive-SIscaled100.bpl_Iteration1_Loo -> fail  10030.2 ms  1664 KB  nodes=0
[1116/9753] native | brp_withassume.t2.c_Iteration1_Loop_4-le -> ok  3738.93 ms  62004 KB  nodes=103568
[1117/9753] pysmt | brp_withassume.t2.c_Iteration1_Loop_4-le -> fail  10012.3 ms  1664 KB  nodes=0
[1118/9753] jsmtlib | brp_withassume.t2.c_Iteration1_Loop_4-le -> ok  6947.17 ms  37340 KB  nodes=274371
[1119/9753] z3 | brp_withassume.t2.c_Iteration1_Loop_4-le -> ok  2894 ms  55372 KB  nodes=175620
[1120/9753] antlr4 | brp_withassume.t2.c_Iteration1_Loop_4-le -> ok  6279.44 ms  495157 KB  nodes=4237876
[1121/9753] cvc5 | brp_withassume.t2.c_Iteration1_Loop_4-le -> fail  10032.3 ms  1664 KB  nodes=0
[1122/9753] smt-switch | brp_withassume.t2.c_Iteration1_Loop_4-le -> fail  10019.7 ms  1664 KB  nodes=0
[1123/9753] native | GulwaniJainKoskinen-2009PLDI-Fig1_true-t -> ok  1940.54 ms  60804 KB  nodes=103066
[1124/9753] pysmt | GulwaniJainKoskinen-2009PLDI-Fig1_true-t -> fail  10056.1 ms  1664 KB  nodes=0
[1125/9753] jsmtlib | GulwaniJainKoskinen-2009PLDI-Fig1_true-t -> ok  6057.29 ms  26036 KB  nodes=326981
[1126/9753] z3 | GulwaniJainKoskinen-2009PLDI-Fig1_true-t -> ok  2049.39 ms  55664 KB  nodes=205763
[1127/9753] antlr4 | GulwaniJainKoskinen-2009PLDI-Fig1_true-t -> ok  7631.38 ms  517712 KB  nodes=4497872
[1128/9753] cvc5 | GulwaniJainKoskinen-2009PLDI-Fig1_true-t -> fail  10028 ms  1664 KB  nodes=0
[1129/9753] smt-switch | GulwaniJainKoskinen-2009PLDI-Fig1_true-t -> fail  10011.8 ms  1664 KB  nodes=0
[1130/9753] native | sas2.t2.c_Iteration3_Lasso_4-pieceTempla -> timeout  10000 ms  41728 KB  nodes=54904
[1131/9753] pysmt | sas2.t2.c_Iteration3_Lasso_4-pieceTempla -> fail  10045.9 ms  1664 KB  nodes=0
[1132/9753] jsmtlib | sas2.t2.c_Iteration3_Lasso_4-pieceTempla -> ok  5456.05 ms  16802 KB  nodes=241352
[1133/9753] z3 | sas2.t2.c_Iteration3_Lasso_4-pieceTempla -> ok  1184.56 ms  29140 KB  nodes=150423
[1134/9753] antlr4 | sas2.t2.c_Iteration3_Lasso_4-pieceTempla -> ok  6018.02 ms  385550 KB  nodes=3353454
[1135/9753] cvc5 | sas2.t2.c_Iteration3_Lasso_4-pieceTempla -> fail  10033.8 ms  1664 KB  nodes=0
[1136/9753] smt-switch | sas2.t2.c_Iteration3_Lasso_4-pieceTempla -> fail  10000.5 ms  1664 KB  nodes=0
[1137/9753] native | ludcmp.c.i.ludcmp.pl.t2.fixed.t2.c_Itera -> ok  954.586 ms  28544 KB  nodes=21968
[1138/9753] pysmt | ludcmp.c.i.ludcmp.pl.t2.fixed.t2.c_Itera -> ok  5979.49 ms  33500 KB  nodes=30937
[1139/9753] jsmtlib | ludcmp.c.i.ludcmp.pl.t2.fixed.t2.c_Itera -> ok  3826.39 ms  37309 KB  nodes=102394
[1140/9753] z3 | ludcmp.c.i.ludcmp.pl.t2.fixed.t2.c_Itera -> ok  740.707 ms  15084 KB  nodes=75482
[1141/9753] antlr4 | ludcmp.c.i.ludcmp.pl.t2.fixed.t2.c_Itera -> ok  7313.1 ms  240721 KB  nodes=2053822
[1142/9753] cvc5 | ludcmp.c.i.ludcmp.pl.t2.fixed.t2.c_Itera -> fail  10052.8 ms  1664 KB  nodes=0
[1143/9753] smt-switch | ludcmp.c.i.ludcmp.pl.t2.fixed.t2.c_Itera -> fail  10020.8 ms  1664 KB  nodes=0
[1144/9753] native | BradleyMannaSipma-2005ICALP-Fig1_true-te -> ok  460.623 ms  25984 KB  nodes=19672
[1145/9753] pysmt | BradleyMannaSipma-2005ICALP-Fig1_true-te -> ok  8739.93 ms  31568 KB  nodes=23414
[1146/9753] jsmtlib | BradleyMannaSipma-2005ICALP-Fig1_true-te -> ok  3864.85 ms  23912 KB  nodes=59071
[1147/9753] z3 | BradleyMannaSipma-2005ICALP-Fig1_true-te -> ok  262.112 ms  12344 KB  nodes=36966
[1148/9753] antlr4 | BradleyMannaSipma-2005ICALP-Fig1_true-te -> ok  3237.27 ms  92713 KB  nodes=800868
[1149/9753] cvc5 | BradleyMannaSipma-2005ICALP-Fig1_true-te -> fail  10027.3 ms  1664 KB  nodes=0
[1150/9753] smt-switch | BradleyMannaSipma-2005ICALP-Fig1_true-te -> fail  10031.2 ms  1664 KB  nodes=0
[1151/9753] native | OpposedDisjuncts.bpl_Iteration1_Lasso_2- -> ok  639.515 ms  25344 KB  nodes=17704
[1152/9753] pysmt | OpposedDisjuncts.bpl_Iteration1_Lasso_2- -> timeout  10000 ms  29040 KB  nodes=20902
[1153/9753] jsmtlib | OpposedDisjuncts.bpl_Iteration1_Lasso_2- -> ok  3733.22 ms  16760 KB  nodes=50066
[1154/9753] z3 | OpposedDisjuncts.bpl_Iteration1_Lasso_2- -> ok  335.927 ms  11948 KB  nodes=31353
[1155/9753] antlr4 | OpposedDisjuncts.bpl_Iteration1_Lasso_2- -> ok  2750.7 ms  81104 KB  nodes=713042
[1156/9753] cvc5 | OpposedDisjuncts.bpl_Iteration1_Lasso_2- -> fail  10028.3 ms  1664 KB  nodes=0
[1157/9753] smt-switch | OpposedDisjuncts.bpl_Iteration1_Lasso_2- -> fail  10019.9 ms  1664 KB  nodes=0
[1158/9753] native | hongyi1.t2.c_Iteration9_Loop_6-phaseTemp -> ok  5997.37 ms  75244 KB  nodes=122966
[1159/9753] pysmt | hongyi1.t2.c_Iteration9_Loop_6-phaseTemp -> fail  10028.9 ms  1664 KB  nodes=0
[1160/9753] jsmtlib | hongyi1.t2.c_Iteration9_Loop_6-phaseTemp -> ok  7637.68 ms  35236 KB  nodes=412955
[1161/9753] z3 | hongyi1.t2.c_Iteration9_Loop_6-phaseTemp -> ok  8494.93 ms  63976 KB  nodes=290298
[1162/9753] antlr4 | hongyi1.t2.c_Iteration9_Loop_6-phaseTemp -> fail  10010.9 ms  1664 KB  nodes=0
[1163/9753] cvc5 | hongyi1.t2.c_Iteration9_Loop_6-phaseTemp -> fail  10006.8 ms  1664 KB  nodes=0
[1164/9753] smt-switch | hongyi1.t2.c_Iteration9_Loop_6-phaseTemp -> fail  10005.8 ms  1664 KB  nodes=0
[1165/9753] native | sas2.t2.c_Iteration1_Lasso_4-pieceTempla -> ok  1665.25 ms  39424 KB  nodes=51055
[1166/9753] pysmt | sas2.t2.c_Iteration1_Lasso_4-pieceTempla -> fail  10044.7 ms  1664 KB  nodes=0
[1167/9753] jsmtlib | sas2.t2.c_Iteration1_Lasso_4-pieceTempla -> ok  6051.45 ms  10583 KB  nodes=191874
[1168/9753] z3 | sas2.t2.c_Iteration1_Lasso_4-pieceTempla -> ok  1193.76 ms  27712 KB  nodes=118675
[1169/9753] antlr4 | sas2.t2.c_Iteration1_Lasso_4-pieceTempla -> ok  5083.75 ms  304848 KB  nodes=2650918
[1170/9753] cvc5 | sas2.t2.c_Iteration1_Lasso_4-pieceTempla -> fail  10025 ms  1664 KB  nodes=0
[1171/9753] smt-switch | sas2.t2.c_Iteration1_Lasso_4-pieceTempla -> fail  10004.9 ms  1664 KB  nodes=0
[1172/9753] native | brp_withassume.t2.c_Iteration1_Loop_3-pi -> ok  6042.69 ms  87924 KB  nodes=165794
[1173/9753] pysmt | brp_withassume.t2.c_Iteration1_Loop_3-pi -> fail  10004.7 ms  1664 KB  nodes=0
[1174/9753] jsmtlib | brp_withassume.t2.c_Iteration1_Loop_3-pi -> fail  10044.3 ms  1664 KB  nodes=0
[1175/9753] z3 | brp_withassume.t2.c_Iteration1_Loop_3-pi -> ok  11005.7 ms  115652 KB  nodes=284859
[1176/9753] antlr4 | brp_withassume.t2.c_Iteration1_Loop_3-pi -> fail  10032.7 ms  1664 KB  nodes=0
[1177/9753] cvc5 | brp_withassume.t2.c_Iteration1_Loop_3-pi -> fail  10055.5 ms  1664 KB  nodes=0
[1178/9753] smt-switch | brp_withassume.t2.c_Iteration1_Loop_3-pi -> fail  10049 ms  1664 KB  nodes=0
[1179/9753] native | eric.t2.c_Iteration1_Loop_7-phaseTemplat -> timeout  10000 ms  28688 KB  nodes=24728
[1180/9753] pysmt | eric.t2.c_Iteration1_Loop_7-phaseTemplat -> ok  9977.93 ms  32000 KB  nodes=29719
[1181/9753] jsmtlib | eric.t2.c_Iteration1_Loop_7-phaseTemplat -> ok  4556.89 ms  36260 KB  nodes=58360
[1182/9753] z3 | eric.t2.c_Iteration1_Loop_7-phaseTemplat -> ok  640.799 ms  14292 KB  nodes=43439
[1183/9753] antlr4 | eric.t2.c_Iteration1_Loop_7-phaseTemplat -> ok  3857.32 ms  149933 KB  nodes=1271722
[1184/9753] cvc5 | eric.t2.c_Iteration1_Loop_7-phaseTemplat -> fail  10005.3 ms  1664 KB  nodes=0
[1185/9753] smt-switch | eric.t2.c_Iteration1_Loop_7-phaseTemplat -> fail  10030.6 ms  1664 KB  nodes=0
[1186/9753] native | brp_withassume.t2.c_Iteration8_Loop_4-ph -> ok  2750.22 ms  54408 KB  nodes=83650
[1187/9753] pysmt | brp_withassume.t2.c_Iteration8_Loop_4-ph -> fail  10024.3 ms  1664 KB  nodes=0
[1188/9753] jsmtlib | brp_withassume.t2.c_Iteration8_Loop_4-ph -> ok  7392.66 ms  18919 KB  nodes=251523
[1189/9753] z3 | brp_withassume.t2.c_Iteration8_Loop_4-ph -> ok  2042.45 ms  55200 KB  nodes=160428
[1190/9753] antlr4 | brp_withassume.t2.c_Iteration8_Loop_4-ph -> ok  6637.52 ms  460496 KB  nodes=3968476
[1191/9753] cvc5 | brp_withassume.t2.c_Iteration8_Loop_4-ph -> fail  10003.8 ms  1664 KB  nodes=0
[1192/9753] smt-switch | brp_withassume.t2.c_Iteration8_Loop_4-ph -> fail  10014 ms  1664 KB  nodes=0
[1193/9753] native | curious4.t2.c_Iteration1_Lasso_4-pieceTe -> ok  750.559 ms  31104 KB  nodes=30928
[1194/9753] pysmt | curious4.t2.c_Iteration1_Lasso_4-pieceTe -> ok  5697.56 ms  40652 KB  nodes=43806
[1195/9753] jsmtlib | curious4.t2.c_Iteration1_Lasso_4-pieceTe -> ok  4093.7 ms  8823 KB  nodes=117396
[1196/9753] z3 | curious4.t2.c_Iteration1_Lasso_4-pieceTe -> ok  7735.04 ms  30652 KB  nodes=70982
[1197/9753] antlr4 | curious4.t2.c_Iteration1_Lasso_4-pieceTe -> ok  5148.17 ms  184352 KB  nodes=1629166
[1198/9753] cvc5 | curious4.t2.c_Iteration1_Lasso_4-pieceTe -> fail  10043.9 ms  1664 KB  nodes=0
[1199/9753] smt-switch | curious4.t2.c_Iteration1_Lasso_4-pieceTe -> fail  10069 ms  1664 KB  nodes=0
[1200/9753] native | tsp_rand_70_300_1155482584_14.lp.smt2 -> ok  659.618 ms  32164 KB  nodes=34983
[1201/9753] pysmt | tsp_rand_70_300_1155482584_14.lp.smt2 -> ok  3870.38 ms  41196 KB  nodes=34984
[1202/9753] jsmtlib | tsp_rand_70_300_1155482584_14.lp.smt2 -> ok  5147.38 ms  9551 KB  nodes=126427
[1203/9753] z3 | tsp_rand_70_300_1155482584_14.lp.smt2 -> ok  622.819 ms  22556 KB  nodes=95976
[1204/9753] antlr4 | tsp_rand_70_300_1155482584_14.lp.smt2 -> ok  3175.08 ms  106543 KB  nodes=929322
[1205/9753] cvc5 | tsp_rand_70_300_1155482584_14.lp.smt2 -> fail  10012.3 ms  1664 KB  nodes=0
[1206/9753] smt-switch | tsp_rand_70_300_1155482584_14.lp.smt2 -> fail  2231.39 ms  30488 KB  nodes=0
[1207/9753] native | simple-scaled250.bpl_Iteration1_Lasso_5- -> ok  1208.38 ms  49268 KB  nodes=77146
[1208/9753] pysmt | simple-scaled250.bpl_Iteration1_Lasso_5- -> fail  10025.5 ms  1664 KB  nodes=0
[1209/9753] jsmtlib | simple-scaled250.bpl_Iteration1_Lasso_5- -> ok  5531.91 ms  41007 KB  nodes=178426
[1210/9753] z3 | simple-scaled250.bpl_Iteration1_Lasso_5- -> ok  1496.49 ms  52780 KB  nodes=117691
[1211/9753] antlr4 | simple-scaled250.bpl_Iteration1_Lasso_5- -> fail  10010.1 ms  1664 KB  nodes=0
[1212/9753] cvc5 | simple-scaled250.bpl_Iteration1_Lasso_5- -> fail  10022.3 ms  1664 KB  nodes=0
[1213/9753] smt-switch | simple-scaled250.bpl_Iteration1_Lasso_5- -> fail  10028.5 ms  1664 KB  nodes=0
[1214/9753] native | tsp_rand_70_300_1155482584_0.lp.smt2 -> ok  563.181 ms  31836 KB  nodes=34828
[1215/9753] pysmt | tsp_rand_70_300_1155482584_0.lp.smt2 -> ok  5646.11 ms  41100 KB  nodes=34829
[1216/9753] jsmtlib | tsp_rand_70_300_1155482584_0.lp.smt2 -> ok  5731.82 ms  18781 KB  nodes=125725
[1217/9753] z3 | tsp_rand_70_300_1155482584_0.lp.smt2 -> ok  717.61 ms  22388 KB  nodes=95407
[1218/9753] antlr4 | tsp_rand_70_300_1155482584_0.lp.smt2 -> ok  4128.2 ms  105082 KB  nodes=924231
[1219/9753] cvc5 | tsp_rand_70_300_1155482584_0.lp.smt2 -> fail  10026.6 ms  1664 KB  nodes=0
[1220/9753] smt-switch | tsp_rand_70_300_1155482584_0.lp.smt2 -> fail  2473.82 ms  29896 KB  nodes=0
[1221/9753] native | ex11.t2.c_Iteration1_Lasso_7-phaseTempla -> ok  1942.1 ms  38272 KB  nodes=46204
[1222/9753] pysmt | ex11.t2.c_Iteration1_Lasso_7-phaseTempla -> fail  10013.5 ms  1664 KB  nodes=0
[1223/9753] jsmtlib | ex11.t2.c_Iteration1_Lasso_7-phaseTempla -> ok  5084.57 ms  33191 KB  nodes=144354
[1224/9753] z3 | ex11.t2.c_Iteration1_Lasso_7-phaseTempla -> ok  1531.57 ms  34436 KB  nodes=109213
[1225/9753] antlr4 | ex11.t2.c_Iteration1_Lasso_7-phaseTempla -> fail  10038.5 ms  1664 KB  nodes=0
[1226/9753] cvc5 | ex11.t2.c_Iteration1_Lasso_7-phaseTempla -> fail  10047 ms  1664 KB  nodes=0
[1227/9753] smt-switch | ex11.t2.c_Iteration1_Lasso_7-phaseTempla -> fail  10005.3 ms  1664 KB  nodes=0
[1228/9753] native | NoriSharma-2013FSE-Fig8_true-termination -> ok  863.693 ms  26896 KB  nodes=20915
[1229/9753] pysmt | NoriSharma-2013FSE-Fig8_true-termination -> ok  2550.93 ms  31480 KB  nodes=23375
[1230/9753] jsmtlib | NoriSharma-2013FSE-Fig8_true-termination -> ok  3711.69 ms  19784 KB  nodes=46353
[1231/9753] z3 | NoriSharma-2013FSE-Fig8_true-termination -> ok  358.94 ms  11848 KB  nodes=30331
[1232/9753] antlr4 | NoriSharma-2013FSE-Fig8_true-termination -> ok  4804.9 ms  86057 KB  nodes=753633
[1233/9753] cvc5 | NoriSharma-2013FSE-Fig8_true-termination -> fail  10032.4 ms  1664 KB  nodes=0
[1234/9753] smt-switch | NoriSharma-2013FSE-Fig8_true-termination -> fail  10030.5 ms  1664 KB  nodes=0
[1235/9753] native | disj_nightmare.t2.c_Iteration1_Loop_3-pi -> ok  1998.22 ms  33536 KB  nodes=36504
[1236/9753] pysmt | disj_nightmare.t2.c_Iteration1_Loop_3-pi -> ok  7270.66 ms  37576 KB  nodes=41931
[1237/9753] jsmtlib | disj_nightmare.t2.c_Iteration1_Loop_3-pi -> ok  5519.39 ms  14798 KB  nodes=132855
[1238/9753] z3 | disj_nightmare.t2.c_Iteration1_Loop_3-pi -> ok  1027.61 ms  30864 KB  nodes=78755
[1239/9753] antlr4 | disj_nightmare.t2.c_Iteration1_Loop_3-pi -> ok  8984.63 ms  229072 KB  nodes=1980580
[1240/9753] cvc5 | disj_nightmare.t2.c_Iteration1_Loop_3-pi -> fail  10020.9 ms  1664 KB  nodes=0
[1241/9753] smt-switch | disj_nightmare.t2.c_Iteration1_Loop_3-pi -> fail  10016.3 ms  1664 KB  nodes=0
[1242/9753] native | hongyi1.t2.c_Iteration9_Loop_3-pieceTemp -> ok  3788.82 ms  92352 KB  nodes=172554
[1243/9753] pysmt | hongyi1.t2.c_Iteration9_Loop_3-pieceTemp -> fail  10013.9 ms  1664 KB  nodes=0
[1244/9753] jsmtlib | hongyi1.t2.c_Iteration9_Loop_3-pieceTemp -> fail  10026.3 ms  1664 KB  nodes=0
[1245/9753] z3 | hongyi1.t2.c_Iteration9_Loop_3-pieceTemp -> ok  5181.09 ms  116676 KB  nodes=302115
[1246/9753] antlr4 | hongyi1.t2.c_Iteration9_Loop_3-pieceTemp -> fail  10036.1 ms  1664 KB  nodes=0
[1247/9753] cvc5 | hongyi1.t2.c_Iteration9_Loop_3-pieceTemp -> fail  10006.4 ms  1664 KB  nodes=0
[1248/9753] smt-switch | hongyi1.t2.c_Iteration9_Loop_3-pieceTemp -> fail  10055.1 ms  1664 KB  nodes=0
[1249/9753] native | brp_withassume.t2.c_Iteration8_Loop_6-ph -> ok  7115.01 ms  87304 KB  nodes=148988
[1250/9753] pysmt | brp_withassume.t2.c_Iteration8_Loop_6-ph -> fail  10018.4 ms  1664 KB  nodes=0
[1251/9753] jsmtlib | brp_withassume.t2.c_Iteration8_Loop_6-ph -> fail  10009.7 ms  1664 KB  nodes=0
[1252/9753] z3 | brp_withassume.t2.c_Iteration8_Loop_6-ph -> ok  1512.8 ms  129332 KB  nodes=355938
[1253/9753] antlr4 | brp_withassume.t2.c_Iteration8_Loop_6-ph -> fail  10022.1 ms  1664 KB  nodes=0
[1254/9753] cvc5 | brp_withassume.t2.c_Iteration8_Loop_6-ph -> fail  10016.6 ms  1664 KB  nodes=0
[1255/9753] smt-switch | brp_withassume.t2.c_Iteration8_Loop_6-ph -> fail  10001.5 ms  1664 KB  nodes=0
[1256/9753] native | simple-scaled250.bpl_Iteration1_Lasso_7- -> ok  2726.39 ms  60964 KB  nodes=103694
[1257/9753] pysmt | simple-scaled250.bpl_Iteration1_Lasso_7- -> fail  10044.3 ms  1664 KB  nodes=0
[1258/9753] jsmtlib | simple-scaled250.bpl_Iteration1_Lasso_7- -> ok  5997.6 ms  48671 KB  nodes=239648
[1259/9753] z3 | simple-scaled250.bpl_Iteration1_Lasso_7- -> ok  3543.4 ms  121480 KB  nodes=158337
[1260/9753] antlr4 | simple-scaled250.bpl_Iteration1_Lasso_7- -> ok  7680.27 ms  375972 KB  nodes=3320165
[1261/9753] cvc5 | simple-scaled250.bpl_Iteration1_Lasso_7- -> fail  10042.9 ms  1664 KB  nodes=0
[1262/9753] smt-switch | simple-scaled250.bpl_Iteration1_Lasso_7- -> fail  10010.9 ms  1664 KB  nodes=0
[1263/9753] native | smagillc-fail.t2.c_Iteration1_Loop_7-pha -> ok  531.035 ms  23680 KB  nodes=12917
[1264/9753] pysmt | smagillc-fail.t2.c_Iteration1_Loop_7-pha -> ok  3146.24 ms  27260 KB  nodes=17619
[1265/9753] jsmtlib | smagillc-fail.t2.c_Iteration1_Loop_7-pha -> ok  4797.16 ms  11884 KB  nodes=32730
[1266/9753] z3 | smagillc-fail.t2.c_Iteration1_Loop_7-pha -> ok  431.894 ms  11896 KB  nodes=25545
[1267/9753] antlr4 | smagillc-fail.t2.c_Iteration1_Loop_7-pha -> ok  5408.65 ms  91856 KB  nodes=780240
[1268/9753] cvc5 | smagillc-fail.t2.c_Iteration1_Loop_7-pha -> fail  10045.2 ms  1664 KB  nodes=0
[1269/9753] smt-switch | smagillc-fail.t2.c_Iteration1_Loop_7-pha -> ok  7038.92 ms  55596 KB  nodes=25657
[1270/9753] native | aviad_true-termination.c_Iteration1_Loop -> fail  10031.5 ms  1664 KB  nodes=0
[1271/9753] pysmt | aviad_true-termination.c_Iteration1_Loop -> fail  10009 ms  1664 KB  nodes=0
[1272/9753] jsmtlib | aviad_true-termination.c_Iteration1_Loop -> fail  10035 ms  1664 KB  nodes=0
[1273/9753] z3 | aviad_true-termination.c_Iteration1_Loop -> fail  10007.3 ms  1664 KB  nodes=0
[1274/9753] antlr4 | aviad_true-termination.c_Iteration1_Loop -> fail  10036.3 ms  1664 KB  nodes=0
[1275/9753] cvc5 | aviad_true-termination.c_Iteration1_Loop -> fail  10009.9 ms  1664 KB  nodes=0
[1276/9753] smt-switch | aviad_true-termination.c_Iteration1_Loop -> fail  10041.9 ms  1664 KB  nodes=0
[1277/9753] native | ludcmp.c.i.ludcmp.pl.t2.fixed.t2.c_Itera -> ok  835.085 ms  33152 KB  nodes=34026
[1278/9753] pysmt | ludcmp.c.i.ludcmp.pl.t2.fixed.t2.c_Itera -> fail  10007.8 ms  1664 KB  nodes=0
[1279/9753] jsmtlib | ludcmp.c.i.ludcmp.pl.t2.fixed.t2.c_Itera -> ok  5786.21 ms  37058 KB  nodes=183061
[1280/9753] z3 | ludcmp.c.i.ludcmp.pl.t2.fixed.t2.c_Itera -> ok  2429.01 ms  32492 KB  nodes=107295
[1281/9753] antlr4 | ludcmp.c.i.ludcmp.pl.t2.fixed.t2.c_Itera -> ok  6808.8 ms  296656 KB  nodes=2559364
[1282/9753] cvc5 | ludcmp.c.i.ludcmp.pl.t2.fixed.t2.c_Itera -> fail  10038.8 ms  1792 KB  nodes=0
[1283/9753] smt-switch | ludcmp.c.i.ludcmp.pl.t2.fixed.t2.c_Itera -> fail  10046.8 ms  1664 KB  nodes=0
[1284/9753] native | LeeJonesBen-Amram-2001POPL-Ex5_true-term -> ok  886.85 ms  23944 KB  nodes=14370
[1285/9753] pysmt | LeeJonesBen-Amram-2001POPL-Ex5_true-term -> fail  10038.9 ms  1664 KB  nodes=0
[1286/9753] jsmtlib | LeeJonesBen-Amram-2001POPL-Ex5_true-term -> timeout  10000 ms   KB  nodes=
[1287/9753] z3 | LeeJonesBen-Amram-2001POPL-Ex5_true-term -> timeout  10000 ms   KB  nodes=
[1/8465] cvc5 | LeeJonesBen-Amram-2001POPL-Ex5_true-term -> fail  10035.3 ms  1664 KB  nodes=0
[2/8465] smt-switch | LeeJonesBen-Amram-2001POPL-Ex5_true-term -> fail  10035.8 ms  1664 KB  nodes=0
[3/8465] native | sumit.t2.c_Iteration1_Lasso_3-pieceTempl -> ok  163.892 ms  27012 KB  nodes=21266
[4/8465] pysmt | sumit.t2.c_Iteration1_Lasso_3-pieceTempl -> ok  887.609 ms  32440 KB  nodes=26817
[5/8465] jsmtlib | sumit.t2.c_Iteration1_Lasso_3-pieceTempl -> ok  2044.1 ms  41304 KB  nodes=85750
[6/8465] z3 | sumit.t2.c_Iteration1_Lasso_3-pieceTempl -> ok  175.136 ms  12856 KB  nodes=53247
[7/8465] antlr4 | sumit.t2.c_Iteration1_Lasso_3-pieceTempl -> ok  1203.27 ms  134864 KB  nodes=1163828
[8/8465] cvc5 | sumit.t2.c_Iteration1_Lasso_3-pieceTempl -> fail  10035.3 ms  1664 KB  nodes=0
[9/8465] smt-switch | sumit.t2.c_Iteration1_Lasso_3-pieceTempl -> ok  1517 ms  79496 KB  nodes=53559
[10/8465] native | Lobnya-Boolean-Reordered.bpl_Iteration1_ -> ok  102.506 ms  26328 KB  nodes=19964
[11/8465] pysmt | Lobnya-Boolean-Reordered.bpl_Iteration1_ -> ok  465.919 ms  28884 KB  nodes=21604
[12/8465] jsmtlib | Lobnya-Boolean-Reordered.bpl_Iteration1_ -> ok  1495.87 ms  11704 KB  nodes=34272
[13/8465] z3 | Lobnya-Boolean-Reordered.bpl_Iteration1_ -> ok  105.105 ms  12236 KB  nodes=25675
[14/8465] antlr4 | Lobnya-Boolean-Reordered.bpl_Iteration1_ -> ok  929.478 ms  87248 KB  nodes=743093
[15/8465] cvc5 | Lobnya-Boolean-Reordered.bpl_Iteration1_ -> fail  10037 ms  1664 KB  nodes=0
[16/8465] smt-switch | Lobnya-Boolean-Reordered.bpl_Iteration1_ -> fail  10036.4 ms  1664 KB  nodes=0
[17/8465] native | yPositive-SIscaled50.bpl_Iteration1_Loop -> ok  201.685 ms  30976 KB  nodes=28012
[18/8465] pysmt | yPositive-SIscaled50.bpl_Iteration1_Loop -> ok  983.768 ms  33660 KB  nodes=30482
[19/8465] jsmtlib | yPositive-SIscaled50.bpl_Iteration1_Loop -> ok  1752.42 ms  42816 KB  nodes=49761
[20/8465] z3 | yPositive-SIscaled50.bpl_Iteration1_Loop -> ok  213.196 ms  15572 KB  nodes=36078
[21/8465] antlr4 | yPositive-SIscaled50.bpl_Iteration1_Loop -> ok  1261.15 ms  156308 KB  nodes=1328403
[22/8465] cvc5 | yPositive-SIscaled50.bpl_Iteration1_Loop -> fail  10036.1 ms  1664 KB  nodes=0
[23/8465] smt-switch | yPositive-SIscaled50.bpl_Iteration1_Loop -> fail  10037 ms  1664 KB  nodes=0
[24/8465] native | aviad_true-termination.c_Iteration1_Loop -> ok  1098.85 ms  101824 KB  nodes=196925
[25/8465] pysmt | aviad_true-termination.c_Iteration1_Loop -> ok  5038.87 ms  109388 KB  nodes=212127
[26/8465] jsmtlib | aviad_true-termination.c_Iteration1_Loop -> ok  2393.25 ms  37222 KB  nodes=424280
[27/8465] z3 | aviad_true-termination.c_Iteration1_Loop -> ok  931.979 ms  115304 KB  nodes=262169
[28/8465] antlr4 | aviad_true-termination.c_Iteration1_Loop -> ok  2328.9 ms  712751 KB  nodes=6150357
[29/8465] cvc5 | aviad_true-termination.c_Iteration1_Loop -> fail  10036.7 ms  1664 KB  nodes=0
[30/8465] smt-switch | aviad_true-termination.c_Iteration1_Loop -> fail  10036.1 ms  1664 KB  nodes=0
[31/8465] native | janne_complex.t2.c_Iteration3_Lasso_6-ph -> ok  214.465 ms  32512 KB  nodes=34137
[32/8465] pysmt | janne_complex.t2.c_Iteration3_Lasso_6-ph -> ok  1001.07 ms  35692 KB  nodes=39873
[33/8465] jsmtlib | janne_complex.t2.c_Iteration3_Lasso_6-ph -> ok  1479.16 ms  23922 KB  nodes=92886
[34/8465] z3 | janne_complex.t2.c_Iteration3_Lasso_6-ph -> ok  176.613 ms  15952 KB  nodes=64376
[35/8465] antlr4 | janne_complex.t2.c_Iteration3_Lasso_6-ph -> ok  1048.37 ms  192208 KB  nodes=1654040
[36/8465] cvc5 | janne_complex.t2.c_Iteration3_Lasso_6-ph -> fail  10035.9 ms  1664 KB  nodes=0
[37/8465] smt-switch | janne_complex.t2.c_Iteration3_Lasso_6-ph -> fail  10036.5 ms  1664 KB  nodes=0
[38/8465] native | p-1-bucket_s9.smt2 -> ok  98.1926 ms  27348 KB  nodes=23714
[39/8465] pysmt | p-1-bucket_s9.smt2 -> ok  442.419 ms  34244 KB  nodes=23715
[40/8465] jsmtlib | p-1-bucket_s9.smt2 -> ok  943.899 ms  31064 KB  nodes=100381
[41/8465] z3 | p-1-bucket_s9.smt2 -> ok  79.236 ms  11680 KB  nodes=82519
[42/8465] antlr4 | p-1-bucket_s9.smt2 -> ok  804.356 ms  80592 KB  nodes=721702
[43/8465] cvc5 | p-1-bucket_s9.smt2 -> ok  3784.89 ms  81660 KB  nodes=23714
[44/8465] smt-switch | p-1-bucket_s9.smt2 -> fail  33.143 ms  12928 KB  nodes=0
[45/8465] native | hongyi1.t2.c_Iteration9_Loop_4-phaseTemp -> ok  426.802 ms  48168 KB  nodes=69158
[46/8465] pysmt | hongyi1.t2.c_Iteration9_Loop_4-phaseTemp -> ok  2245.17 ms  51852 KB  nodes=75415
[47/8465] jsmtlib | hongyi1.t2.c_Iteration9_Loop_4-phaseTemp -> ok  1938.11 ms  32161 KB  nodes=206507
[48/8465] z3 | hongyi1.t2.c_Iteration9_Loop_4-phaseTemp -> ok  467.068 ms  60816 KB  nodes=131700
[49/8465] antlr4 | hongyi1.t2.c_Iteration9_Loop_4-phaseTemp -> ok  1749.47 ms  371801 KB  nodes=3236604
[50/8465] cvc5 | hongyi1.t2.c_Iteration9_Loop_4-phaseTemp -> fail  10037.7 ms  1536 KB  nodes=0
[51/8465] smt-switch | hongyi1.t2.c_Iteration9_Loop_4-phaseTemp -> ok  8211.95 ms  225576 KB  nodes=132460
[52/8465] native | CookSeeZuleger-2013TACAS-Fig3_true-termi -> ok  844.35 ms  68908 KB  nodes=123623
[53/8465] pysmt | CookSeeZuleger-2013TACAS-Fig3_true-termi -> ok  4008.1 ms  73468 KB  nodes=140180
[54/8465] jsmtlib | CookSeeZuleger-2013TACAS-Fig3_true-termi -> ok  2254.88 ms  15773 KB  nodes=315638
[55/8465] z3 | CookSeeZuleger-2013TACAS-Fig3_true-termi -> timeout  10000 ms  57312 KB  nodes=191258
[56/8465] antlr4 | CookSeeZuleger-2013TACAS-Fig3_true-termi -> ok  2144.52 ms  519738 KB  nodes=4495610
[57/8465] cvc5 | CookSeeZuleger-2013TACAS-Fig3_true-termi -> fail  10038.7 ms  1664 KB  nodes=0
[58/8465] smt-switch | CookSeeZuleger-2013TACAS-Fig3_true-termi -> fail  10038.4 ms  1664 KB  nodes=0
[59/8465] native | elmhes.t2.c_Iteration4_Loop_7-phaseTempl -> ok  152.073 ms  25216 KB  nodes=16281
[60/8465] pysmt | elmhes.t2.c_Iteration4_Loop_7-phaseTempl -> ok  638.486 ms  28668 KB  nodes=21675
[61/8465] jsmtlib | elmhes.t2.c_Iteration4_Loop_7-phaseTempl -> ok  1559.22 ms  24096 KB  nodes=41569
[62/8465] z3 | elmhes.t2.c_Iteration4_Loop_7-phaseTempl -> ok  201.921 ms  12676 KB  nodes=32263
[63/8465] antlr4 | elmhes.t2.c_Iteration4_Loop_7-phaseTempl -> ok  977.03 ms  115319 KB  nodes=985394
[64/8465] cvc5 | elmhes.t2.c_Iteration4_Loop_7-phaseTempl -> fail  10038.4 ms  1664 KB  nodes=0
[65/8465] smt-switch | elmhes.t2.c_Iteration4_Loop_7-phaseTempl -> ok  8561.09 ms  90476 KB  nodes=32327
