[1/11200] native | RC-01.smt2 -> ok  113.403 ms  17664 KB  nodes=74
[2/11200] pysmt | RC-01.smt2 -> ok  19.3844 ms  21080 KB  nodes=76
[3/11200] jsmtlib | RC-01.smt2 -> fail  3730.22 ms  1664 KB  nodes=0
[4/11200] z3 | RC-01.smt2 -> ok  34.695 ms  7808 KB  nodes=139
[5/11200] antlr4 | RC-01.smt2 -> ok  1729.42 ms  4096 KB  nodes=1455
[6/11200] cvc5 | RC-01.smt2 -> ok  4.45782 ms  15872 KB  nodes=75
[7/11200] smt-switch | RC-01.smt2 -> ok  23.9874 ms  17664 KB  nodes=139
[8/11200] native | RC-13.smt2 -> ok  107.686 ms  17536 KB  nodes=125
[9/11200] pysmt | RC-13.smt2 -> ok  24.7016 ms  21596 KB  nodes=127
[10/11200] jsmtlib | RC-13.smt2 -> fail  4638.37 ms  1664 KB  nodes=0
[11/11200] z3 | RC-13.smt2 -> ok  53.133 ms  7808 KB  nodes=250
[12/11200] antlr4 | RC-13.smt2 -> ok  1677.5 ms  5120 KB  nodes=2393
[13/11200] cvc5 | RC-13.smt2 -> ok  24.0511 ms  16512 KB  nodes=126
[14/11200] smt-switch | RC-13.smt2 -> ok  34.692 ms  18560 KB  nodes=250
[15/11200] native | RC-12.smt2 -> ok  96.4934 ms  17664 KB  nodes=50
[16/11200] pysmt | RC-12.smt2 -> ok  16.4516 ms  21576 KB  nodes=52
[17/11200] jsmtlib | RC-12.smt2 -> fail  3460.08 ms  1664 KB  nodes=0
[18/11200] z3 | RC-12.smt2 -> ok  46.036 ms  7808 KB  nodes=90
[19/11200] antlr4 | RC-12.smt2 -> ok  1994.15 ms  5120 KB  nodes=956
[20/11200] cvc5 | RC-12.smt2 -> ok  19.5932 ms  16256 KB  nodes=51
[21/11200] smt-switch | RC-12.smt2 -> ok  44.4422 ms  18304 KB  nodes=90
[22/11200] native | RC-02.smt2 -> ok  239.018 ms  17408 KB  nodes=137
[23/11200] pysmt | RC-02.smt2 -> ok  10.2682 ms  21092 KB  nodes=140
[24/11200] jsmtlib | RC-02.smt2 -> fail  3757.6 ms  1664 KB  nodes=0
[25/11200] z3 | RC-02.smt2 -> ok  35.099 ms  7808 KB  nodes=258
[26/11200] antlr4 | RC-02.smt2 -> ok  1830.79 ms  5120 KB  nodes=2651
[27/11200] cvc5 | RC-02.smt2 -> ok  5.1508 ms  15744 KB  nodes=139
[28/11200] smt-switch | RC-02.smt2 -> ok  28.0597 ms  17920 KB  nodes=258
[29/11200] native | RC-02.smt2 -> ok  82.5825 ms  17536 KB  nodes=78
[30/11200] pysmt | RC-02.smt2 -> ok  21.7116 ms  21528 KB  nodes=85
[31/11200] jsmtlib | RC-02.smt2 -> fail  3988.91 ms  1664 KB  nodes=0
[32/11200] z3 | RC-02.smt2 -> ok  52.998 ms  7808 KB  nodes=151
[33/11200] antlr4 | RC-02.smt2 -> ok  1857.96 ms  4096 KB  nodes=1542
[34/11200] cvc5 | RC-02.smt2 -> ok  11.0294 ms  16512 KB  nodes=84
[35/11200] smt-switch | RC-02.smt2 -> ok  27.9124 ms  18304 KB  nodes=151
[36/11200] native | RF-08.smt2 -> ok  106.026 ms  17536 KB  nodes=94
[37/11200] pysmt | RF-08.smt2 -> ok  21.2879 ms  21524 KB  nodes=96
[38/11200] jsmtlib | RF-08.smt2 -> fail  4213.68 ms  1664 KB  nodes=0
[39/11200] z3 | RF-08.smt2 -> ok  28.954 ms  7808 KB  nodes=172
[40/11200] antlr4 | RF-08.smt2 -> ok  1593.16 ms  5120 KB  nodes=1779
[41/11200] cvc5 | RF-08.smt2 -> ok  19.141 ms  16256 KB  nodes=95
[42/11200] smt-switch | RF-08.smt2 -> ok  37.1364 ms  18688 KB  nodes=172
[43/11200] native | RC-05.smt2 -> ok  151.409 ms  17536 KB  nodes=96
[44/11200] pysmt | RC-05.smt2 -> ok  14.9469 ms  21440 KB  nodes=98
[45/11200] jsmtlib | RC-05.smt2 -> fail  3851.13 ms  1664 KB  nodes=0
[46/11200] z3 | RC-05.smt2 -> ok  28.688 ms  7808 KB  nodes=176
[47/11200] antlr4 | RC-05.smt2 -> ok  2163.17 ms  5120 KB  nodes=1809
[48/11200] cvc5 | RC-05.smt2 -> ok  11.6975 ms  16640 KB  nodes=97
[49/11200] smt-switch | RC-05.smt2 -> ok  22.6506 ms  18688 KB  nodes=176
[50/11200] native | RC-06.smt2 -> ok  79.7687 ms  17792 KB  nodes=62
[51/11200] pysmt | RC-06.smt2 -> ok  12.1212 ms  21440 KB  nodes=64
[52/11200] jsmtlib | RC-06.smt2 -> fail  4653.21 ms  1664 KB  nodes=0
[53/11200] z3 | RC-06.smt2 -> ok  50.938 ms  7808 KB  nodes=105
[54/11200] antlr4 | RC-06.smt2 -> ok  2159.19 ms  4096 KB  nodes=1073
[55/11200] cvc5 | RC-06.smt2 -> ok  6.70775 ms  16256 KB  nodes=63
[56/11200] smt-switch | RC-06.smt2 -> ok  27.1924 ms  18432 KB  nodes=105
[57/11200] native | problem__005.smt2 -> ok  102.604 ms  17920 KB  nodes=371
[58/11200] pysmt | problem__005.smt2 -> ok  38.7969 ms  21604 KB  nodes=373
[59/11200] jsmtlib | problem__005.smt2 -> ok  3410.18 ms  2048 KB  nodes=456
[60/11200] z3 | problem__005.smt2 -> ok  53.244 ms  7936 KB  nodes=392
[61/11200] antlr4 | problem__005.smt2 -> ok  2039.7 ms  5120 KB  nodes=5057
[62/11200] cvc5 | problem__005.smt2 -> ok  33.4554 ms  17024 KB  nodes=392
[63/11200] smt-switch | problem__005.smt2 -> ok  213.412 ms  18432 KB  nodes=392
[64/11200] native | RC-08.smt2 -> ok  122.556 ms  17664 KB  nodes=90
[65/11200] pysmt | RC-08.smt2 -> ok  10.1898 ms  21048 KB  nodes=92
[66/11200] jsmtlib | RC-08.smt2 -> fail  3998.77 ms  1664 KB  nodes=0
[67/11200] z3 | RC-08.smt2 -> ok  74.451 ms  7936 KB  nodes=170
[68/11200] antlr4 | RC-08.smt2 -> ok  1925.62 ms  5120 KB  nodes=1693
[69/11200] cvc5 | RC-08.smt2 -> ok  8.10267 ms  16768 KB  nodes=91
[70/11200] smt-switch | RC-08.smt2 -> ok  40.0236 ms  18432 KB  nodes=170
[71/11200] native | RC-15.smt2 -> ok  89.4309 ms  17664 KB  nodes=82
[72/11200] pysmt | RC-15.smt2 -> timeout  10000 ms  21480 KB  nodes=83
[73/11200] jsmtlib | RC-15.smt2 -> fail  3830.45 ms  1664 KB  nodes=0
[74/11200] z3 | RC-15.smt2 -> ok  37.486 ms  7680 KB  nodes=157
[75/11200] antlr4 | RC-15.smt2 -> ok  1760.63 ms  5120 KB  nodes=1593
[76/11200] cvc5 | RC-15.smt2 -> ok  19.3109 ms  16512 KB  nodes=82
[77/11200] smt-switch | RC-15.smt2 -> ok  61.019 ms  18560 KB  nodes=157
[78/11200] native | RC-03.smt2 -> ok  100.029 ms  17536 KB  nodes=140
[79/11200] pysmt | RC-03.smt2 -> ok  20.4825 ms  21340 KB  nodes=143
[80/11200] jsmtlib | RC-03.smt2 -> fail  6511.8 ms  1664 KB  nodes=0
[81/11200] z3 | RC-03.smt2 -> ok  36.055 ms  7808 KB  nodes=263
[82/11200] antlr4 | RC-03.smt2 -> ok  1506.99 ms  5120 KB  nodes=2677
[83/11200] cvc5 | RC-03.smt2 -> ok  27.2032 ms  16640 KB  nodes=142
[84/11200] smt-switch | RC-03.smt2 -> ok  31.5178 ms  18816 KB  nodes=263
[85/11200] native | RF-06.smt2 -> ok  5446.57 ms  17536 KB  nodes=99
[86/11200] pysmt | RF-06.smt2 -> ok  18.2588 ms  21520 KB  nodes=100
[87/11200] jsmtlib | RF-06.smt2 -> fail  4014.48 ms  1664 KB  nodes=0
[88/11200] z3 | RF-06.smt2 -> ok  39.397 ms  7808 KB  nodes=174
[89/11200] antlr4 | RF-06.smt2 -> ok  1588.59 ms  5120 KB  nodes=1863
[90/11200] cvc5 | RF-06.smt2 -> ok  11.4379 ms  16640 KB  nodes=99
[91/11200] smt-switch | RF-06.smt2 -> ok  31.8483 ms  18688 KB  nodes=174
[92/11200] native | RF-06.smt2 -> ok  124.806 ms  17664 KB  nodes=66
[93/11200] pysmt | RF-06.smt2 -> ok  11.9524 ms  21376 KB  nodes=69
[94/11200] jsmtlib | RF-06.smt2 -> fail  3291.46 ms  1664 KB  nodes=0
[95/11200] z3 | RF-06.smt2 -> ok  32.631 ms  7808 KB  nodes=113
[96/11200] antlr4 | RF-06.smt2 -> ok  1955.95 ms  5120 KB  nodes=1296
[97/11200] cvc5 | RF-06.smt2 -> ok  12.7221 ms  16384 KB  nodes=68
[98/11200] smt-switch | RF-06.smt2 -> ok  50.5083 ms  18176 KB  nodes=113
[99/11200] native | RC-14.smt2 -> ok  105.034 ms  17536 KB  nodes=84
[100/11200] pysmt | RC-14.smt2 -> ok  13.747 ms  21632 KB  nodes=85
[101/11200] jsmtlib | RC-14.smt2 -> fail  3415.75 ms  1664 KB  nodes=0
[102/11200] z3 | RC-14.smt2 -> ok  28.27 ms  7808 KB  nodes=156
[103/11200] antlr4 | RC-14.smt2 -> ok  1414.98 ms  5120 KB  nodes=1648
[104/11200] cvc5 | RC-14.smt2 -> ok  8.30716 ms  16512 KB  nodes=86
[105/11200] smt-switch | RC-14.smt2 -> ok  25.748 ms  18432 KB  nodes=156
[106/11200] native | RC-00.smt2 -> ok  61.8269 ms  17664 KB  nodes=51
[107/11200] pysmt | RC-00.smt2 -> ok  16.4902 ms  21384 KB  nodes=53
[108/11200] jsmtlib | RC-00.smt2 -> fail  4140.21 ms  1664 KB  nodes=0
[109/11200] z3 | RC-00.smt2 -> ok  32.057 ms  7808 KB  nodes=90
[110/11200] antlr4 | RC-00.smt2 -> ok  1494.16 ms  4096 KB  nodes=958
[111/11200] cvc5 | RC-00.smt2 -> ok  9.9777 ms  16384 KB  nodes=52
[112/11200] smt-switch | RC-00.smt2 -> ok  27.7217 ms  18560 KB  nodes=90
[113/11200] native | RC-10.smt2 -> ok  63.5616 ms  17664 KB  nodes=86
[114/11200] pysmt | RC-10.smt2 -> ok  16.4187 ms  21576 KB  nodes=88
[115/11200] jsmtlib | RC-10.smt2 -> fail  3710.42 ms  1664 KB  nodes=0
[116/11200] z3 | RC-10.smt2 -> ok  78.087 ms  7552 KB  nodes=166
[117/11200] antlr4 | RC-10.smt2 -> ok  1874.89 ms  5120 KB  nodes=1665
[118/11200] cvc5 | RC-10.smt2 -> ok  18.6723 ms  16512 KB  nodes=87
[119/11200] smt-switch | RC-10.smt2 -> ok  56.3436 ms  18176 KB  nodes=166
[120/11200] native | RC-07.smt2 -> ok  167.889 ms  17792 KB  nodes=67
[121/11200] pysmt | RC-07.smt2 -> ok  17.5221 ms  21288 KB  nodes=68
[122/11200] jsmtlib | RC-07.smt2 -> fail  3508.64 ms  1664 KB  nodes=0
[123/11200] z3 | RC-07.smt2 -> ok  28.717 ms  7808 KB  nodes=112
[124/11200] antlr4 | RC-07.smt2 -> ok  1778.78 ms  5120 KB  nodes=1146
[125/11200] cvc5 | RC-07.smt2 -> ok  15.043 ms  16256 KB  nodes=67
[126/11200] smt-switch | RC-07.smt2 -> ok  24.3097 ms  18432 KB  nodes=112
[127/11200] native | RC-05.smt2 -> ok  82.7521 ms  17792 KB  nodes=87
[128/11200] pysmt | RC-05.smt2 -> ok  15.8758 ms  21524 KB  nodes=92
[129/11200] jsmtlib | RC-05.smt2 -> fail  3343 ms  1664 KB  nodes=0
[130/11200] z3 | RC-05.smt2 -> ok  69.212 ms  7680 KB  nodes=170
[131/11200] antlr4 | RC-05.smt2 -> ok  1549.15 ms  5120 KB  nodes=1701
[132/11200] cvc5 | RC-05.smt2 -> ok  12.2172 ms  16384 KB  nodes=91
[133/11200] smt-switch | RC-05.smt2 -> ok  28.9486 ms  18944 KB  nodes=170
[134/11200] native | RC-01.smt2 -> ok  162.406 ms  17664 KB  nodes=149
[135/11200] pysmt | RC-01.smt2 -> ok  45.948 ms  21604 KB  nodes=152
[136/11200] jsmtlib | RC-01.smt2 -> fail  5147.12 ms  1664 KB  nodes=0
[137/11200] z3 | RC-01.smt2 -> ok  74.286 ms  7808 KB  nodes=276
[138/11200] antlr4 | RC-01.smt2 -> ok  1910.13 ms  5120 KB  nodes=2777
[139/11200] cvc5 | RC-01.smt2 -> ok  27.7022 ms  16512 KB  nodes=151
[140/11200] smt-switch | RC-01.smt2 -> ok  37.5748 ms  18944 KB  nodes=276
[141/11200] native | RF-00.smt2 -> ok  102.362 ms  17664 KB  nodes=151
[142/11200] pysmt | RF-00.smt2 -> ok  19.3467 ms  21560 KB  nodes=154
[143/11200] jsmtlib | RF-00.smt2 -> fail  4075.02 ms  1664 KB  nodes=0
[144/11200] z3 | RF-00.smt2 -> ok  28.508 ms  7808 KB  nodes=277
[145/11200] antlr4 | RF-00.smt2 -> ok  1313.54 ms  5120 KB  nodes=2849
[146/11200] cvc5 | RF-00.smt2 -> ok  5.98653 ms  16000 KB  nodes=153
[147/11200] smt-switch | RF-00.smt2 -> ok  33.4251 ms  17664 KB  nodes=277
[148/11200] native | RC-05.smt2 -> ok  66.6096 ms  17664 KB  nodes=52
[149/11200] pysmt | RC-05.smt2 -> ok  12.7993 ms  21484 KB  nodes=54
[150/11200] jsmtlib | RC-05.smt2 -> fail  3268.01 ms  1664 KB  nodes=0
[151/11200] z3 | RC-05.smt2 -> ok  31.935 ms  7808 KB  nodes=90
[152/11200] antlr4 | RC-05.smt2 -> ok  1783.73 ms  5120 KB  nodes=956
[153/11200] cvc5 | RC-05.smt2 -> ok  5.4399 ms  16512 KB  nodes=53
[154/11200] smt-switch | RC-05.smt2 -> ok  25.4704 ms  18432 KB  nodes=90
[155/11200] native | RC-14.smt2 -> ok  157.697 ms  17536 KB  nodes=83
[156/11200] pysmt | RC-14.smt2 -> ok  16.6087 ms  21516 KB  nodes=84
[157/11200] jsmtlib | RC-14.smt2 -> fail  3284.02 ms  1664 KB  nodes=0
[158/11200] z3 | RC-14.smt2 -> ok  32.5 ms  7808 KB  nodes=153
[159/11200] antlr4 | RC-14.smt2 -> ok  1689.32 ms  5120 KB  nodes=1567
[160/11200] cvc5 | RC-14.smt2 -> ok  16.4714 ms  16512 KB  nodes=83
[161/11200] smt-switch | RC-14.smt2 -> ok  54.678 ms  18432 KB  nodes=153
[162/11200] native | RC-10.smt2 -> ok  96.9831 ms  17664 KB  nodes=94
[163/11200] pysmt | RC-10.smt2 -> ok  25.3863 ms  21312 KB  nodes=96
[164/11200] jsmtlib | RC-10.smt2 -> fail  3977.33 ms  1664 KB  nodes=0
[165/11200] z3 | RC-10.smt2 -> ok  81.233 ms  7808 KB  nodes=172
[166/11200] antlr4 | RC-10.smt2 -> ok  1463.9 ms  5120 KB  nodes=1781
[167/11200] cvc5 | RC-10.smt2 -> ok  16.5856 ms  16512 KB  nodes=95
[168/11200] smt-switch | RC-10.smt2 -> ok  29.0693 ms  18304 KB  nodes=172
[169/11200] native | RC-06.smt2 -> ok  58.3552 ms  17664 KB  nodes=38
[170/11200] pysmt | RC-06.smt2 -> ok  8.61883 ms  21556 KB  nodes=41
[171/11200] jsmtlib | RC-06.smt2 -> fail  3759.63 ms  1664 KB  nodes=0
[172/11200] z3 | RC-06.smt2 -> ok  59.6 ms  7680 KB  nodes=73
[173/11200] antlr4 | RC-06.smt2 -> ok  1527.15 ms  4096 KB  nodes=774
[174/11200] cvc5 | RC-06.smt2 -> ok  5.40421 ms  16256 KB  nodes=42
[175/11200] smt-switch | RC-06.smt2 -> ok  25.7987 ms  18176 KB  nodes=73
[176/11200] native | RF-15.smt2 -> ok  62.0018 ms  17536 KB  nodes=104
[177/11200] pysmt | RF-15.smt2 -> ok  17.9236 ms  21588 KB  nodes=107
[178/11200] jsmtlib | RF-15.smt2 -> fail  3294.44 ms  1664 KB  nodes=0
[179/11200] z3 | RF-15.smt2 -> ok  77.298 ms  7808 KB  nodes=184
[180/11200] antlr4 | RF-15.smt2 -> ok  1730.45 ms  5120 KB  nodes=2140
[181/11200] cvc5 | RF-15.smt2 -> ok  4.44303 ms  16128 KB  nodes=106
[182/11200] smt-switch | RF-15.smt2 -> ok  18.9318 ms  18048 KB  nodes=184
[183/11200] native | RC-03.smt2 -> ok  89.3287 ms  17408 KB  nodes=51
[184/11200] pysmt | RC-03.smt2 -> ok  13.1361 ms  21424 KB  nodes=58
[185/11200] jsmtlib | RC-03.smt2 -> fail  3116.62 ms  1664 KB  nodes=0
[186/11200] z3 | RC-03.smt2 -> ok  47.766 ms  7680 KB  nodes=97
[187/11200] antlr4 | RC-03.smt2 -> ok  1631.36 ms  5120 KB  nodes=1012
[188/11200] cvc5 | RC-03.smt2 -> ok  4.94699 ms  15488 KB  nodes=57
[189/11200] smt-switch | RC-03.smt2 -> ok  17.717 ms  17792 KB  nodes=97
[190/11200] native | RF-14.smt2 -> ok  140.419 ms  17664 KB  nodes=86
[191/11200] pysmt | RF-14.smt2 -> ok  11.5931 ms  21572 KB  nodes=87
[192/11200] jsmtlib | RF-14.smt2 -> fail  4358.35 ms  1664 KB  nodes=0
[193/11200] z3 | RF-14.smt2 -> ok  34.088 ms  7808 KB  nodes=164
[194/11200] antlr4 | RF-14.smt2 -> ok  1288.05 ms  5120 KB  nodes=1654
[195/11200] cvc5 | RF-14.smt2 -> ok  20.4877 ms  16384 KB  nodes=86
[196/11200] smt-switch | RF-14.smt2 -> ok  34.6526 ms  18432 KB  nodes=164
[197/11200] native | RC-15.smt2 -> ok  61.077 ms  17536 KB  nodes=74
[198/11200] pysmt | RC-15.smt2 -> ok  14.1456 ms  21612 KB  nodes=75
[199/11200] jsmtlib | RC-15.smt2 -> fail  3338.53 ms  1664 KB  nodes=0
[200/11200] z3 | RC-15.smt2 -> ok  38.166 ms  7808 KB  nodes=141
[201/11200] antlr4 | RC-15.smt2 -> ok  1819.56 ms  5120 KB  nodes=1464
[202/11200] cvc5 | RC-15.smt2 -> ok  14.8742 ms  16256 KB  nodes=76
[203/11200] smt-switch | RC-15.smt2 -> ok  23.6102 ms  18560 KB  nodes=141
[204/11200] native | RF-08.smt2 -> ok  137.337 ms  17536 KB  nodes=148
[205/11200] pysmt | RF-08.smt2 -> ok  18.188 ms  21472 KB  nodes=150
[206/11200] jsmtlib | RF-08.smt2 -> fail  3646.77 ms  1664 KB  nodes=0
[207/11200] z3 | RF-08.smt2 -> ok  46.436 ms  7808 KB  nodes=272
[208/11200] antlr4 | RF-08.smt2 -> ok  1722.29 ms  5120 KB  nodes=2763
[209/11200] cvc5 | RF-08.smt2 -> ok  11.6292 ms  16896 KB  nodes=149
[210/11200] smt-switch | RF-08.smt2 -> ok  109.703 ms  18560 KB  nodes=272
[211/11200] native | RF-01.smt2 -> ok  185.178 ms  17664 KB  nodes=127
[212/11200] pysmt | RF-01.smt2 -> ok  24.8053 ms  21516 KB  nodes=128
[213/11200] jsmtlib | RF-01.smt2 -> fail  3588.61 ms  1664 KB  nodes=0
[214/11200] z3 | RF-01.smt2 -> ok  71.059 ms  7680 KB  nodes=249
[215/11200] antlr4 | RF-01.smt2 -> ok  2169.17 ms  5120 KB  nodes=2479
[216/11200] cvc5 | RF-01.smt2 -> ok  10.0769 ms  15872 KB  nodes=127
[217/11200] smt-switch | RF-01.smt2 -> ok  26.608 ms  18304 KB  nodes=249
[218/11200] native | RF-08.smt2 -> ok  63.0515 ms  17664 KB  nodes=104
[219/11200] pysmt | RF-08.smt2 -> ok  17.2389 ms  21560 KB  nodes=106
[220/11200] jsmtlib | RF-08.smt2 -> fail  4026.89 ms  1664 KB  nodes=0
[221/11200] z3 | RF-08.smt2 -> ok  40.618 ms  7808 KB  nodes=186
[222/11200] antlr4 | RF-08.smt2 -> ok  1560.44 ms  5120 KB  nodes=1901
[223/11200] cvc5 | RF-08.smt2 -> ok  16.174 ms  16768 KB  nodes=105
[224/11200] smt-switch | RF-08.smt2 -> ok  25.8375 ms  18304 KB  nodes=186
[225/11200] native | RF-08.smt2 -> ok  71.5183 ms  17664 KB  nodes=81
[226/11200] pysmt | RF-08.smt2 -> ok  12.6812 ms  21600 KB  nodes=82
[227/11200] jsmtlib | RF-08.smt2 -> fail  3565.69 ms  1664 KB  nodes=0
[228/11200] z3 | RF-08.smt2 -> ok  35.481 ms  7808 KB  nodes=159
[229/11200] antlr4 | RF-08.smt2 -> ok  1416.93 ms  5120 KB  nodes=1611
[230/11200] cvc5 | RF-08.smt2 -> ok  30.9838 ms  16768 KB  nodes=83
[231/11200] smt-switch | RF-08.smt2 -> ok  24.0333 ms  18432 KB  nodes=159
[232/11200] native | problem_2__008.smt2 -> ok  80.4973 ms  17664 KB  nodes=42
[233/11200] pysmt | problem_2__008.smt2 -> ok  14.1885 ms  21612 KB  nodes=62
[234/11200] jsmtlib | problem_2__008.smt2 -> ok  3254.79 ms  2048 KB  nodes=111
[235/11200] z3 | problem_2__008.smt2 -> ok  48.621 ms  7808 KB  nodes=62
[236/11200] antlr4 | problem_2__008.smt2 -> ok  1945.72 ms  4096 KB  nodes=1713
[237/11200] cvc5 | problem_2__008.smt2 -> ok  10.4524 ms  16128 KB  nodes=62
[238/11200] smt-switch | problem_2__008.smt2 -> ok  31.6763 ms  18048 KB  nodes=62
[239/11200] native | unbd-sage23.smt2 -> ok  79.4685 ms  17792 KB  nodes=243
[240/11200] pysmt | unbd-sage23.smt2 -> ok  17.7982 ms  21572 KB  nodes=252
[241/11200] jsmtlib | unbd-sage23.smt2 -> ok  2606.08 ms  2048 KB  nodes=353
[242/11200] z3 | unbd-sage23.smt2 -> ok  38.694 ms  7808 KB  nodes=259
[243/11200] antlr4 | unbd-sage23.smt2 -> ok  1584.61 ms  5120 KB  nodes=3826
[244/11200] cvc5 | unbd-sage23.smt2 -> fail  10004 ms  1664 KB  nodes=0
[245/11200] smt-switch | unbd-sage23.smt2 -> fail  10033.3 ms  1664 KB  nodes=0
[246/11200] native | RF-13.smt2 -> ok  76.2518 ms  17536 KB  nodes=78
[247/11200] pysmt | RF-13.smt2 -> ok  14.5168 ms  21500 KB  nodes=79
[248/11200] jsmtlib | RF-13.smt2 -> fail  3432.8 ms  1664 KB  nodes=0
[249/11200] z3 | RF-13.smt2 -> ok  28.729 ms  7808 KB  nodes=141
[250/11200] antlr4 | RF-13.smt2 -> ok  1743.71 ms  5120 KB  nodes=1542
[251/11200] cvc5 | RF-13.smt2 -> ok  5.78454 ms  15744 KB  nodes=78
[252/11200] smt-switch | RF-13.smt2 -> ok  20.0355 ms  17664 KB  nodes=141
[253/11200] native | cut_lemma_01_003.smt2 -> ok  128.945 ms  17792 KB  nodes=160
[254/11200] pysmt | cut_lemma_01_003.smt2 -> ok  13.0653 ms  21396 KB  nodes=161
[255/11200] jsmtlib | cut_lemma_01_003.smt2 -> ok  2481.24 ms  2048 KB  nodes=209
[256/11200] z3 | cut_lemma_01_003.smt2 -> ok  36.34 ms  7808 KB  nodes=162
[257/11200] antlr4 | cut_lemma_01_003.smt2 -> ok  1605.8 ms  4096 KB  nodes=2333
[258/11200] cvc5 | cut_lemma_01_003.smt2 -> ok  57.3415 ms  17024 KB  nodes=162
[259/11200] smt-switch | cut_lemma_01_003.smt2 -> ok  78.9807 ms  18816 KB  nodes=162
[260/11200] native | RC-04.smt2 -> ok  81.7908 ms  17536 KB  nodes=91
[261/11200] pysmt | RC-04.smt2 -> ok  7.36809 ms  21556 KB  nodes=94
[262/11200] jsmtlib | RC-04.smt2 -> fail  3901.64 ms  1664 KB  nodes=0
[263/11200] z3 | RC-04.smt2 -> ok  26.47 ms  7808 KB  nodes=167
[264/11200] antlr4 | RC-04.smt2 -> ok  1690.55 ms  5120 KB  nodes=1728
[265/11200] cvc5 | RC-04.smt2 -> ok  14.4342 ms  16512 KB  nodes=93
[266/11200] smt-switch | RC-04.smt2 -> ok  20.4837 ms  18944 KB  nodes=167
[267/11200] native | RC-07.smt2 -> ok  78.0335 ms  17664 KB  nodes=140
[268/11200] pysmt | RC-07.smt2 -> ok  19.7892 ms  21408 KB  nodes=143
[269/11200] jsmtlib | RC-07.smt2 -> fail  4595.87 ms  1664 KB  nodes=0
[270/11200] z3 | RC-07.smt2 -> ok  38.144 ms  7808 KB  nodes=262
[271/11200] antlr4 | RC-07.smt2 -> ok  1514.02 ms  5120 KB  nodes=2677
[272/11200] cvc5 | RC-07.smt2 -> ok  21.0995 ms  16768 KB  nodes=142
[273/11200] smt-switch | RC-07.smt2 -> ok  41.5958 ms  18560 KB  nodes=262
[274/11200] native | RC-08.smt2 -> ok  70.5 ms  17408 KB  nodes=145
[275/11200] pysmt | RC-08.smt2 -> ok  20.6835 ms  21192 KB  nodes=147
[276/11200] jsmtlib | RC-08.smt2 -> fail  3480.87 ms  1664 KB  nodes=0
[277/11200] z3 | RC-08.smt2 -> ok  31.161 ms  7808 KB  nodes=271
[278/11200] antlr4 | RC-08.smt2 -> ok  1838.57 ms  5120 KB  nodes=2733
[279/11200] cvc5 | RC-08.smt2 -> ok  24.1396 ms  17024 KB  nodes=146
[280/11200] smt-switch | RC-08.smt2 -> ok  91.2903 ms  18688 KB  nodes=271
[281/11200] native | RF-12.smt2 -> ok  75.8337 ms  17536 KB  nodes=87
[282/11200] pysmt | RF-12.smt2 -> ok  13.047 ms  21608 KB  nodes=89
[283/11200] jsmtlib | RF-12.smt2 -> fail  3177.09 ms  1664 KB  nodes=0
[284/11200] z3 | RF-12.smt2 -> ok  26.1 ms  7808 KB  nodes=158
[285/11200] antlr4 | RF-12.smt2 -> ok  1486.01 ms  5120 KB  nodes=1663
[286/11200] cvc5 | RF-12.smt2 -> ok  10.627 ms  16384 KB  nodes=88
[287/11200] smt-switch | RF-12.smt2 -> ok  24.2104 ms  18688 KB  nodes=158
[288/11200] native | RF-05.smt2 -> ok  69.2165 ms  17664 KB  nodes=143
[289/11200] pysmt | RF-05.smt2 -> ok  30.7148 ms  21560 KB  nodes=145
[290/11200] jsmtlib | RF-05.smt2 -> fail  4108.53 ms  1664 KB  nodes=0
[291/11200] z3 | RF-05.smt2 -> ok  25.888 ms  7808 KB  nodes=268
[292/11200] antlr4 | RF-05.smt2 -> ok  1420.78 ms  5120 KB  nodes=2728
[293/11200] cvc5 | RF-05.smt2 -> ok  27.5677 ms  16640 KB  nodes=146
[294/11200] smt-switch | RF-05.smt2 -> ok  34.5626 ms  18560 KB  nodes=268
[295/11200] native | cut_lemma_02_008.smt2 -> ok  102.179 ms  17792 KB  nodes=253
[296/11200] pysmt | cut_lemma_02_008.smt2 -> ok  14.2214 ms  21716 KB  nodes=263
[297/11200] jsmtlib | cut_lemma_02_008.smt2 -> ok  2889.6 ms  2048 KB  nodes=325
[298/11200] z3 | cut_lemma_02_008.smt2 -> ok  29.619 ms  7808 KB  nodes=269
[299/11200] antlr4 | cut_lemma_02_008.smt2 -> ok  1627.48 ms  5120 KB  nodes=3610
[300/11200] cvc5 | cut_lemma_02_008.smt2 -> fail  10062.7 ms  1664 KB  nodes=0
[301/11200] smt-switch | cut_lemma_02_008.smt2 -> fail  10006.4 ms  1664 KB  nodes=0
[302/11200] native | RC-01.smt2 -> ok  105.43 ms  17664 KB  nodes=60
[303/11200] pysmt | RC-01.smt2 -> ok  12.342 ms  21364 KB  nodes=63
[304/11200] jsmtlib | RC-01.smt2 -> fail  3888.81 ms  1664 KB  nodes=0
[305/11200] z3 | RC-01.smt2 -> ok  32.196 ms  7808 KB  nodes=103
[306/11200] antlr4 | RC-01.smt2 -> ok  1950.57 ms  5120 KB  nodes=1055
[307/11200] cvc5 | RC-01.smt2 -> ok  10.5508 ms  16512 KB  nodes=62
[308/11200] smt-switch | RC-01.smt2 -> ok  27.0062 ms  18304 KB  nodes=103
[309/11200] native | prime_cone_unsat_5.smt2 -> ok  133.83 ms  17792 KB  nodes=61
[310/11200] pysmt | prime_cone_unsat_5.smt2 -> ok  14.5483 ms  21600 KB  nodes=62
[311/11200] jsmtlib | prime_cone_unsat_5.smt2 -> ok  2403.27 ms  2048 KB  nodes=134
[312/11200] z3 | prime_cone_unsat_5.smt2 -> ok  24.3 ms  7680 KB  nodes=111
[313/11200] antlr4 | prime_cone_unsat_5.smt2 -> ok  1672.96 ms  4096 KB  nodes=974
[314/11200] cvc5 | prime_cone_unsat_5.smt2 -> ok  23.7594 ms  16640 KB  nodes=65
[315/11200] smt-switch | prime_cone_unsat_5.smt2 -> ok  57.5665 ms  18560 KB  nodes=111
[316/11200] native | ring_2exp6_3vars_2ite_unsat.smt2 -> ok  72.6488 ms  17792 KB  nodes=139
[317/11200] pysmt | ring_2exp6_3vars_2ite_unsat.smt2 -> ok  21.616 ms  21596 KB  nodes=142
[318/11200] jsmtlib | ring_2exp6_3vars_2ite_unsat.smt2 -> ok  2677.22 ms  2048 KB  nodes=189
[319/11200] z3 | ring_2exp6_3vars_2ite_unsat.smt2 -> ok  46.806 ms  7808 KB  nodes=142
[320/11200] antlr4 | ring_2exp6_3vars_2ite_unsat.smt2 -> ok  1633.82 ms  5120 KB  nodes=2167
[321/11200] cvc5 | ring_2exp6_3vars_2ite_unsat.smt2 -> ok  191.895 ms  16896 KB  nodes=142
[322/11200] smt-switch | ring_2exp6_3vars_2ite_unsat.smt2 -> ok  134.638 ms  19072 KB  nodes=142
[323/11200] native | RC-06.smt2 -> ok  140.984 ms  17664 KB  nodes=93
[324/11200] pysmt | RC-06.smt2 -> ok  14.7917 ms  21596 KB  nodes=95
[325/11200] jsmtlib | RC-06.smt2 -> fail  4198.48 ms  1664 KB  nodes=0
[326/11200] z3 | RC-06.smt2 -> ok  20.775 ms  7808 KB  nodes=174
[327/11200] antlr4 | RC-06.smt2 -> ok  1465.02 ms  5120 KB  nodes=1751
[328/11200] cvc5 | RC-06.smt2 -> ok  14.9407 ms  16640 KB  nodes=94
[329/11200] smt-switch | RC-06.smt2 -> ok  38.1878 ms  18304 KB  nodes=174
[330/11200] native | ring_2exp6_4vars_0ite_unsat.smt2 -> ok  55.8635 ms  17792 KB  nodes=236
[331/11200] pysmt | ring_2exp6_4vars_0ite_unsat.smt2 -> ok  25.3625 ms  21876 KB  nodes=240
[332/11200] jsmtlib | ring_2exp6_4vars_0ite_unsat.smt2 -> ok  2920.01 ms  2048 KB  nodes=307
[333/11200] z3 | ring_2exp6_4vars_0ite_unsat.smt2 -> ok  30.654 ms  7936 KB  nodes=240
[334/11200] antlr4 | ring_2exp6_4vars_0ite_unsat.smt2 -> ok  1687.71 ms  5120 KB  nodes=3530
[335/11200] cvc5 | ring_2exp6_4vars_0ite_unsat.smt2 -> ok  26.8058 ms  16768 KB  nodes=240
[336/11200] smt-switch | ring_2exp6_4vars_0ite_unsat.smt2 -> ok  62.8732 ms  18688 KB  nodes=240
[337/11200] native | RC-01.smt2 -> ok  92.9779 ms  17536 KB  nodes=85
[338/11200] pysmt | RC-01.smt2 -> ok  17.6113 ms  21728 KB  nodes=87
[339/11200] jsmtlib | RC-01.smt2 -> fail  3706.29 ms  1664 KB  nodes=0
[340/11200] z3 | RC-01.smt2 -> ok  23.71 ms  7680 KB  nodes=155
[341/11200] antlr4 | RC-01.smt2 -> ok  1429.93 ms  5120 KB  nodes=1637
[342/11200] cvc5 | RC-01.smt2 -> ok  12.5814 ms  16384 KB  nodes=86
[343/11200] smt-switch | RC-01.smt2 -> ok  41.3749 ms  18560 KB  nodes=155
[344/11200] native | RC-05.smt2 -> ok  97.0897 ms  17664 KB  nodes=33
[345/11200] pysmt | RC-05.smt2 -> ok  11.1327 ms  21504 KB  nodes=35
[346/11200] jsmtlib | RC-05.smt2 -> fail  3112.88 ms  1664 KB  nodes=0
[347/11200] z3 | RC-05.smt2 -> ok  92.439 ms  7680 KB  nodes=63
[348/11200] antlr4 | RC-05.smt2 -> ok  1451.19 ms  4096 KB  nodes=683
[349/11200] cvc5 | RC-05.smt2 -> ok  5.06252 ms  16384 KB  nodes=34
[350/11200] smt-switch | RC-05.smt2 -> ok  21.5096 ms  18688 KB  nodes=63
[351/11200] native | RF-03.smt2 -> timeout  10000 ms  17536 KB  nodes=179
[352/11200] pysmt | RF-03.smt2 -> ok  14.2539 ms  21468 KB  nodes=180
[353/11200] jsmtlib | RF-03.smt2 -> fail  3912.31 ms  1664 KB  nodes=0
[354/11200] z3 | RF-03.smt2 -> ok  27.33 ms  7808 KB  nodes=319
[355/11200] antlr4 | RF-03.smt2 -> ok  1720.93 ms  5120 KB  nodes=3266
[356/11200] cvc5 | RF-03.smt2 -> ok  26.8043 ms  16768 KB  nodes=179
[357/11200] smt-switch | RF-03.smt2 -> ok  49.8297 ms  18688 KB  nodes=319
[358/11200] native | problem_2__009.smt2 -> ok  72.1713 ms  17792 KB  nodes=114
[359/11200] pysmt | problem_2__009.smt2 -> ok  25.4149 ms  21492 KB  nodes=174
[360/11200] jsmtlib | problem_2__009.smt2 -> ok  2894.31 ms  2048 KB  nodes=340
[361/11200] z3 | problem_2__009.smt2 -> ok  27.819 ms  7936 KB  nodes=174
[362/11200] antlr4 | problem_2__009.smt2 -> ok  1690.95 ms  5120 KB  nodes=8005
[363/11200] cvc5 | problem_2__009.smt2 -> ok  920.457 ms  18816 KB  nodes=174
[364/11200] smt-switch | problem_2__009.smt2 -> ok  637.228 ms  20224 KB  nodes=174
[365/11200] native | ring_2exp8_7vars_6ite_unsat.smt2 -> ok  82.3089 ms  18048 KB  nodes=736
[366/11200] pysmt | ring_2exp8_7vars_6ite_unsat.smt2 -> ok  40.7898 ms  21944 KB  nodes=781
[367/11200] jsmtlib | ring_2exp8_7vars_6ite_unsat.smt2 -> ok  2970.42 ms  3072 KB  nodes=1026
[368/11200] z3 | ring_2exp8_7vars_6ite_unsat.smt2 -> ok  70.367 ms  7936 KB  nodes=780
[369/11200] antlr4 | ring_2exp8_7vars_6ite_unsat.smt2 -> ok  2094.34 ms  6144 KB  nodes=11782
[370/11200] cvc5 | ring_2exp8_7vars_6ite_unsat.smt2 -> fail  10034.1 ms  1664 KB  nodes=0
[371/11200] smt-switch | ring_2exp8_7vars_6ite_unsat.smt2 -> fail  10030 ms  1664 KB  nodes=0
[372/11200] native | RF-06.smt2 -> ok  112.816 ms  17536 KB  nodes=181
[373/11200] pysmt | RF-06.smt2 -> ok  24.4231 ms  21528 KB  nodes=182
[374/11200] jsmtlib | RF-06.smt2 -> fail  3948.13 ms  1664 KB  nodes=0
[375/11200] z3 | RF-06.smt2 -> ok  75.108 ms  7808 KB  nodes=322
[376/11200] antlr4 | RF-06.smt2 -> ok  1336.07 ms  5120 KB  nodes=3249
[377/11200] cvc5 | RF-06.smt2 -> ok  22.603 ms  16768 KB  nodes=181
[378/11200] smt-switch | RF-06.smt2 -> ok  62.7053 ms  19200 KB  nodes=322
[379/11200] native | prp-5-22.smt2 -> ok  70.5974 ms  18176 KB  nodes=807
[380/11200] pysmt | prp-5-22.smt2 -> ok  5345.78 ms  21676 KB  nodes=913
[381/11200] jsmtlib | prp-5-22.smt2 -> ok  2624.07 ms  3072 KB  nodes=1281
[382/11200] z3 | prp-5-22.smt2 -> ok  34.722 ms  8064 KB  nodes=913
[383/11200] antlr4 | prp-5-22.smt2 -> ok  2041.11 ms  6144 KB  nodes=16307
[384/11200] cvc5 | prp-5-22.smt2 -> ok  6222.6 ms  32204 KB  nodes=913
[385/11200] smt-switch | prp-5-22.smt2 -> ok  2574.81 ms  33056 KB  nodes=913
[386/11200] native | MULTIPLIER_12.msat.smt2 -> ok  86.1009 ms  17920 KB  nodes=726
[387/11200] pysmt | MULTIPLIER_12.msat.smt2 -> ok  62.8114 ms  21752 KB  nodes=727
[388/11200] jsmtlib | MULTIPLIER_12.msat.smt2 -> ok  3148.28 ms  3072 KB  nodes=838
[389/11200] z3 | MULTIPLIER_12.msat.smt2 -> ok  37.272 ms  7936 KB  nodes=727
[390/11200] antlr4 | MULTIPLIER_12.msat.smt2 -> ok  1314.35 ms  5120 KB  nodes=9866
[391/11200] cvc5 | MULTIPLIER_12.msat.smt2 -> fail  10038.2 ms  1664 KB  nodes=0
[392/11200] smt-switch | MULTIPLIER_12.msat.smt2 -> fail  10033.7 ms  1664 KB  nodes=0
[393/11200] native | problem_2__010.smt2 -> ok  174.591 ms  17536 KB  nodes=114
[394/11200] pysmt | problem_2__010.smt2 -> ok  40.5421 ms  21472 KB  nodes=174
[395/11200] jsmtlib | problem_2__010.smt2 -> ok  3475.43 ms  2048 KB  nodes=339
[396/11200] z3 | problem_2__010.smt2 -> ok  38.524 ms  7936 KB  nodes=174
[397/11200] antlr4 | problem_2__010.smt2 -> ok  2084.14 ms  5120 KB  nodes=7997
[398/11200] cvc5 | problem_2__010.smt2 -> ok  780.699 ms  18944 KB  nodes=174
[399/11200] smt-switch | problem_2__010.smt2 -> ok  1028.79 ms  20224 KB  nodes=174
[400/11200] native | RF-00.smt2 -> ok  61.7022 ms  17664 KB  nodes=152
[401/11200] pysmt | RF-00.smt2 -> ok  17.6065 ms  21564 KB  nodes=156
[402/11200] jsmtlib | RF-00.smt2 -> fail  4504.56 ms  1664 KB  nodes=0
[403/11200] z3 | RF-00.smt2 -> ok  34.284 ms  7808 KB  nodes=280
[404/11200] antlr4 | RF-00.smt2 -> ok  3678.11 ms  5120 KB  nodes=2866
[405/11200] cvc5 | RF-00.smt2 -> ok  32.6716 ms  16640 KB  nodes=155
[406/11200] smt-switch | RF-00.smt2 -> ok  30.6246 ms  18688 KB  nodes=280
[407/11200] native | RF-05.smt2 -> ok  102.409 ms  17920 KB  nodes=489
[408/11200] pysmt | RF-05.smt2 -> ok  43.4198 ms  21764 KB  nodes=491
[409/11200] jsmtlib | RF-05.smt2 -> fail  5925 ms  1664 KB  nodes=0
[410/11200] z3 | RF-05.smt2 -> ok  136.722 ms  7936 KB  nodes=893
[411/11200] antlr4 | RF-05.smt2 -> ok  1471.7 ms  5120 KB  nodes=9082
[412/11200] cvc5 | RF-05.smt2 -> ok  56.1256 ms  17920 KB  nodes=490
[413/11200] smt-switch | RF-05.smt2 -> ok  120.877 ms  19712 KB  nodes=893
[414/11200] native | RF-03.smt2 -> ok  125.504 ms  17664 KB  nodes=161
[415/11200] pysmt | RF-03.smt2 -> ok  12.0296 ms  21592 KB  nodes=164
[416/11200] jsmtlib | RF-03.smt2 -> fail  4038.39 ms  1664 KB  nodes=0
[417/11200] z3 | RF-03.smt2 -> ok  50.076 ms  7808 KB  nodes=292
[418/11200] antlr4 | RF-03.smt2 -> ok  1436.12 ms  5120 KB  nodes=2980
[419/11200] cvc5 | RF-03.smt2 -> ok  24.3281 ms  16896 KB  nodes=163
[420/11200] smt-switch | RF-03.smt2 -> ok  111.161 ms  18816 KB  nodes=292
[421/11200] native | RF-07.smt2 -> ok  86.4571 ms  17664 KB  nodes=162
[422/11200] pysmt | RF-07.smt2 -> ok  9.83238 ms  21380 KB  nodes=163
[423/11200] jsmtlib | RF-07.smt2 -> fail  5204.04 ms  1664 KB  nodes=0
[424/11200] z3 | RF-07.smt2 -> ok  30.33 ms  7808 KB  nodes=288
[425/11200] antlr4 | RF-07.smt2 -> ok  1988.72 ms  5120 KB  nodes=2979
[426/11200] cvc5 | RF-07.smt2 -> ok  13.0944 ms  16640 KB  nodes=162
[427/11200] smt-switch | RF-07.smt2 -> ok  32.7352 ms  18560 KB  nodes=288
[428/11200] native | 45-4.smt2 -> ok  166.364 ms  17920 KB  nodes=436
[429/11200] pysmt | 45-4.smt2 -> ok  60.0719 ms  21892 KB  nodes=796
[430/11200] jsmtlib | 45-4.smt2 -> ok  3317.58 ms  3072 KB  nodes=1030
[431/11200] z3 | 45-4.smt2 -> ok  36.381 ms  7936 KB  nodes=796
[432/11200] antlr4 | 45-4.smt2 -> ok  1512.72 ms  6144 KB  nodes=12863
[433/11200] cvc5 | 45-4.smt2 -> ok  1701.69 ms  18944 KB  nodes=796
[434/11200] smt-switch | 45-4.smt2 -> ok  1791.62 ms  21120 KB  nodes=796
[435/11200] native | problem_2__034.smt2 -> ok  67.864 ms  17792 KB  nodes=174
[436/11200] pysmt | problem_2__034.smt2 -> ok  44.4314 ms  21620 KB  nodes=244
[437/11200] jsmtlib | problem_2__034.smt2 -> ok  2848.01 ms  3072 KB  nodes=439
[438/11200] z3 | problem_2__034.smt2 -> ok  43.184 ms  7808 KB  nodes=244
[439/11200] antlr4 | problem_2__034.smt2 -> ok  1674.53 ms  6144 KB  nodes=15012
[440/11200] cvc5 | problem_2__034.smt2 -> fail  10018.4 ms  1664 KB  nodes=0
[441/11200] smt-switch | problem_2__034.smt2 -> fail  10008.5 ms  1664 KB  nodes=0
[442/11200] native | 15-13.slack.smt2 -> ok  81.4736 ms  17792 KB  nodes=171
[443/11200] pysmt | 15-13.slack.smt2 -> ok  28.1408 ms  21540 KB  nodes=172
[444/11200] jsmtlib | 15-13.slack.smt2 -> ok  2573.97 ms  2048 KB  nodes=755
[445/11200] z3 | 15-13.slack.smt2 -> ok  41.545 ms  7808 KB  nodes=661
[446/11200] antlr4 | 15-13.slack.smt2 -> ok  1577.84 ms  5120 KB  nodes=5252
[447/11200] cvc5 | 15-13.slack.smt2 -> ok  257.394 ms  17408 KB  nodes=171
[448/11200] smt-switch | 15-13.slack.smt2 -> ok  243.91 ms  19328 KB  nodes=661
[449/11200] native | problem_2__025.smt2 -> ok  66.3624 ms  17920 KB  nodes=174
[450/11200] pysmt | problem_2__025.smt2 -> ok  42.0959 ms  21728 KB  nodes=264
[451/11200] jsmtlib | problem_2__025.smt2 -> ok  2402 ms  3072 KB  nodes=505
[452/11200] z3 | problem_2__025.smt2 -> ok  35.294 ms  7936 KB  nodes=264
[453/11200] antlr4 | problem_2__025.smt2 -> ok  1825.26 ms  6144 KB  nodes=16030
[454/11200] cvc5 | problem_2__025.smt2 -> ok  9322.76 ms  19328 KB  nodes=264
[455/11200] smt-switch | problem_2__025.smt2 -> ok  4871.95 ms  21120 KB  nodes=264
[456/11200] native | ring_2exp8_9vars_7ite_unsat.smt2 -> ok  112.906 ms  18176 KB  nodes=943
[457/11200] pysmt | ring_2exp8_9vars_7ite_unsat.smt2 -> ok  59.6189 ms  21888 KB  nodes=1006
[458/11200] jsmtlib | ring_2exp8_9vars_7ite_unsat.smt2 -> ok  2893.28 ms  3072 KB  nodes=1318
[459/11200] z3 | ring_2exp8_9vars_7ite_unsat.smt2 -> ok  75.126 ms  7936 KB  nodes=1005
[460/11200] antlr4 | ring_2exp8_9vars_7ite_unsat.smt2 -> ok  2069.28 ms  6144 KB  nodes=15189
[461/11200] cvc5 | ring_2exp8_9vars_7ite_unsat.smt2 -> fail  10003 ms  1664 KB  nodes=0
[462/11200] smt-switch | ring_2exp8_9vars_7ite_unsat.smt2 -> fail  10049.9 ms  1664 KB  nodes=0
[463/11200] native | 40-3.slack.smt2 -> ok  96.7548 ms  17920 KB  nodes=344
[464/11200] pysmt | 40-3.slack.smt2 -> ok  35.872 ms  21672 KB  nodes=345
[465/11200] jsmtlib | 40-3.slack.smt2 -> ok  3316.95 ms  3072 KB  nodes=1484
[466/11200] z3 | 40-3.slack.smt2 -> ok  25.118 ms  7808 KB  nodes=1285
[467/11200] antlr4 | 40-3.slack.smt2 -> ok  1854.4 ms  5120 KB  nodes=10479
[468/11200] cvc5 | 40-3.slack.smt2 -> ok  260.923 ms  17792 KB  nodes=344
[469/11200] smt-switch | 40-3.slack.smt2 -> ok  281.239 ms  19328 KB  nodes=1285
[470/11200] native | ring_2exp8_9vars_8ite_unsat.smt2 -> ok  96.9966 ms  18176 KB  nodes=1146
[471/11200] pysmt | ring_2exp8_9vars_8ite_unsat.smt2 -> ok  105.718 ms  21888 KB  nodes=1205
[472/11200] jsmtlib | ring_2exp8_9vars_8ite_unsat.smt2 -> ok  3194.87 ms  3072 KB  nodes=1579
[473/11200] z3 | ring_2exp8_9vars_8ite_unsat.smt2 -> ok  56.676 ms  8064 KB  nodes=1204
[474/11200] antlr4 | ring_2exp8_9vars_8ite_unsat.smt2 -> ok  1718.38 ms  6144 KB  nodes=18150
[475/11200] cvc5 | ring_2exp8_9vars_8ite_unsat.smt2 -> fail  10044.9 ms  1664 KB  nodes=0
[476/11200] smt-switch | ring_2exp8_9vars_8ite_unsat.smt2 -> fail  10002.7 ms  1664 KB  nodes=0
[477/11200] native | problem_2__013.smt2 -> ok  108.308 ms  17792 KB  nodes=124
[478/11200] pysmt | problem_2__013.smt2 -> ok  25.8107 ms  21712 KB  nodes=184
[479/11200] jsmtlib | problem_2__013.smt2 -> ok  2835.04 ms  2048 KB  nodes=353
[480/11200] z3 | problem_2__013.smt2 -> ok  29.234 ms  7936 KB  nodes=184
[481/11200] antlr4 | problem_2__013.smt2 -> ok  1708.58 ms  5120 KB  nodes=9029
[482/11200] cvc5 | problem_2__013.smt2 -> ok  1039.5 ms  18816 KB  nodes=184
[483/11200] smt-switch | problem_2__013.smt2 -> ok  3467.93 ms  20736 KB  nodes=184
[484/11200] native | ring_2exp12_5vars_0ite_unsat.smt2 -> ok  173.473 ms  17920 KB  nodes=324
[485/11200] pysmt | ring_2exp12_5vars_0ite_unsat.smt2 -> ok  28.127 ms  21428 KB  nodes=329
[486/11200] jsmtlib | ring_2exp12_5vars_0ite_unsat.smt2 -> ok  2748.09 ms  2048 KB  nodes=415
[487/11200] z3 | ring_2exp12_5vars_0ite_unsat.smt2 -> ok  36.075 ms  7808 KB  nodes=329
[488/11200] antlr4 | ring_2exp12_5vars_0ite_unsat.smt2 -> ok  1801.89 ms  5120 KB  nodes=4803
[489/11200] cvc5 | ring_2exp12_5vars_0ite_unsat.smt2 -> ok  33.7177 ms  16896 KB  nodes=329
[490/11200] smt-switch | ring_2exp12_5vars_0ite_unsat.smt2 -> ok  84.5029 ms  19200 KB  nodes=329
[491/11200] native | 40-1.smt2 -> ok  141.285 ms  17920 KB  nodes=416
[492/11200] pysmt | 40-1.smt2 -> ok  40.8607 ms  21608 KB  nodes=705
[493/11200] jsmtlib | 40-1.smt2 -> ok  2698.54 ms  3072 KB  nodes=918
[494/11200] z3 | 40-1.smt2 -> ok  31.592 ms  7936 KB  nodes=705
[495/11200] antlr4 | 40-1.smt2 -> ok  1726.95 ms  5120 KB  nodes=11456
[496/11200] cvc5 | 40-1.smt2 -> ok  1701.38 ms  19200 KB  nodes=705
[497/11200] smt-switch | 40-1.smt2 -> ok  2537.37 ms  21120 KB  nodes=705
[498/11200] native | problem_2__030.smt2 -> ok  98.5369 ms  17920 KB  nodes=144
[499/11200] pysmt | problem_2__030.smt2 -> ok  62.6643 ms  21720 KB  nodes=194
[500/11200] jsmtlib | problem_2__030.smt2 -> ok  3047.96 ms  2048 KB  nodes=334
[501/11200] z3 | problem_2__030.smt2 -> ok  45.499 ms  7936 KB  nodes=194
[502/11200] antlr4 | problem_2__030.smt2 -> ok  1669.22 ms  5120 KB  nodes=10172
[503/11200] cvc5 | problem_2__030.smt2 -> ok  785.217 ms  17920 KB  nodes=194
[504/11200] smt-switch | problem_2__030.smt2 -> ok  7141.57 ms  20736 KB  nodes=194
[505/11200] native | RF-06.smt2 -> ok  241.239 ms  17664 KB  nodes=621
[506/11200] pysmt | RF-06.smt2 -> ok  45.1021 ms  21876 KB  nodes=622
[507/11200] jsmtlib | RF-06.smt2 -> fail  6714.72 ms  1664 KB  nodes=0
[508/11200] z3 | RF-06.smt2 -> ok  66.566 ms  7936 KB  nodes=1229
[509/11200] antlr4 | RF-06.smt2 -> ok  1821.84 ms  6144 KB  nodes=12128
[510/11200] cvc5 | RF-06.smt2 -> ok  78.0196 ms  18176 KB  nodes=623
[511/11200] smt-switch | RF-06.smt2 -> ok  87.9676 ms  20096 KB  nodes=1229
[512/11200] native | RF-07.smt2 -> ok  63.0061 ms  17664 KB  nodes=176
[513/11200] pysmt | RF-07.smt2 -> ok  24.8613 ms  21576 KB  nodes=177
[514/11200] jsmtlib | RF-07.smt2 -> fail  4447.39 ms  1664 KB  nodes=0
[515/11200] z3 | RF-07.smt2 -> ok  52.485 ms  7808 KB  nodes=318
[516/11200] antlr4 | RF-07.smt2 -> ok  1997.81 ms  5120 KB  nodes=3240
[517/11200] cvc5 | RF-07.smt2 -> ok  15.9573 ms  16640 KB  nodes=178
[518/11200] smt-switch | RF-07.smt2 -> ok  42.2474 ms  18944 KB  nodes=318
[519/11200] native | ring_2exp14_4vars_1ite_unsat.smt2 -> ok  87.835 ms  17792 KB  nodes=295
[520/11200] pysmt | ring_2exp14_4vars_1ite_unsat.smt2 -> ok  25.9128 ms  21460 KB  nodes=327
[521/11200] jsmtlib | ring_2exp14_4vars_1ite_unsat.smt2 -> ok  2762.92 ms  2048 KB  nodes=421
[522/11200] z3 | ring_2exp14_4vars_1ite_unsat.smt2 -> ok  27.992 ms  7808 KB  nodes=327
[523/11200] antlr4 | ring_2exp14_4vars_1ite_unsat.smt2 -> ok  1751.28 ms  5120 KB  nodes=4753
[524/11200] cvc5 | ring_2exp14_4vars_1ite_unsat.smt2 -> ok  3251.71 ms  20480 KB  nodes=327
[525/11200] smt-switch | ring_2exp14_4vars_1ite_unsat.smt2 -> ok  3387.31 ms  22272 KB  nodes=327
[526/11200] native | problem__015.smt2 -> ok  144.348 ms  17920 KB  nodes=104
[527/11200] pysmt | problem__015.smt2 -> ok  22.1789 ms  21520 KB  nodes=144
[528/11200] jsmtlib | problem__015.smt2 -> ok  3086.75 ms  2048 KB  nodes=257
[529/11200] z3 | problem__015.smt2 -> ok  31.097 ms  7936 KB  nodes=144
[530/11200] antlr4 | problem__015.smt2 -> ok  2169.86 ms  5120 KB  nodes=6227
[531/11200] cvc5 | problem__015.smt2 -> ok  379.424 ms  17280 KB  nodes=144
[532/11200] smt-switch | problem__015.smt2 -> ok  355.603 ms  19456 KB  nodes=144
[533/11200] native | cut_lemma_01_008.smt2.slack.smt2 -> ok  90.8822 ms  17792 KB  nodes=190
[534/11200] pysmt | cut_lemma_01_008.smt2.slack.smt2 -> ok  30.0074 ms  21468 KB  nodes=191
[535/11200] jsmtlib | cut_lemma_01_008.smt2.slack.smt2 -> ok  2811.9 ms  2048 KB  nodes=848
[536/11200] z3 | cut_lemma_01_008.smt2.slack.smt2 -> ok  39.771 ms  7808 KB  nodes=636
[537/11200] antlr4 | cut_lemma_01_008.smt2.slack.smt2 -> ok  1627.45 ms  5120 KB  nodes=6486
[538/11200] cvc5 | cut_lemma_01_008.smt2.slack.smt2 -> ok  29.102 ms  16768 KB  nodes=190
[539/11200] smt-switch | cut_lemma_01_008.smt2.slack.smt2 -> ok  82.4989 ms  18688 KB  nodes=636
[540/11200] native | RF-11.smt2 -> ok  173.103 ms  17664 KB  nodes=634
[541/11200] pysmt | RF-11.smt2 -> ok  77.0209 ms  21652 KB  nodes=635
[542/11200] jsmtlib | RF-11.smt2 -> fail  6623.1 ms  1664 KB  nodes=0
[543/11200] z3 | RF-11.smt2 -> ok  46.739 ms  7808 KB  nodes=1249
[544/11200] antlr4 | RF-11.smt2 -> ok  2096.53 ms  6144 KB  nodes=12318
[545/11200] cvc5 | RF-11.smt2 -> ok  47.8437 ms  18304 KB  nodes=636
[546/11200] smt-switch | RF-11.smt2 -> ok  108.178 ms  20352 KB  nodes=1249
[547/11200] native | RF-03.smt2 -> ok  94.8249 ms  17664 KB  nodes=330
[548/11200] pysmt | RF-03.smt2 -> ok  30.587 ms  21512 KB  nodes=331
[549/11200] jsmtlib | RF-03.smt2 -> fail  4630.56 ms  1664 KB  nodes=0
[550/11200] z3 | RF-03.smt2 -> ok  34.485 ms  7936 KB  nodes=640
[551/11200] antlr4 | RF-03.smt2 -> ok  1969.78 ms  5120 KB  nodes=6357
[552/11200] cvc5 | RF-03.smt2 -> ok  47.12 ms  17152 KB  nodes=330
[553/11200] smt-switch | RF-03.smt2 -> ok  51.6314 ms  19072 KB  nodes=640
[554/11200] native | ring_2exp14_7vars_0ite_unsat.smt2 -> ok  99.8578 ms  17920 KB  nodes=518
[555/11200] pysmt | ring_2exp14_7vars_0ite_unsat.smt2 -> ok  45.8889 ms  21600 KB  nodes=525
[556/11200] jsmtlib | ring_2exp14_7vars_0ite_unsat.smt2 -> ok  2825.5 ms  2048 KB  nodes=649
[557/11200] z3 | ring_2exp14_7vars_0ite_unsat.smt2 -> ok  34.77 ms  8064 KB  nodes=525
[558/11200] antlr4 | ring_2exp14_7vars_0ite_unsat.smt2 -> ok  1724.1 ms  5120 KB  nodes=7583
[559/11200] cvc5 | ring_2exp14_7vars_0ite_unsat.smt2 -> ok  204.443 ms  17408 KB  nodes=525
[560/11200] smt-switch | ring_2exp14_7vars_0ite_unsat.smt2 -> ok  242.401 ms  19584 KB  nodes=525
[561/11200] native | ring_2exp10_8vars_0ite_unsat.smt2 -> ok  89.8997 ms  18176 KB  nodes=624
[562/11200] pysmt | ring_2exp10_8vars_0ite_unsat.smt2 -> ok  28.9242 ms  21656 KB  nodes=632
[563/11200] jsmtlib | ring_2exp10_8vars_0ite_unsat.smt2 -> ok  2636.41 ms  3072 KB  nodes=775
[564/11200] z3 | ring_2exp10_8vars_0ite_unsat.smt2 -> ok  53.71 ms  7808 KB  nodes=632
[565/11200] antlr4 | ring_2exp10_8vars_0ite_unsat.smt2 -> ok  1775.59 ms  5120 KB  nodes=9090
[566/11200] cvc5 | ring_2exp10_8vars_0ite_unsat.smt2 -> ok  70.2789 ms  17536 KB  nodes=632
[567/11200] smt-switch | ring_2exp10_8vars_0ite_unsat.smt2 -> ok  175.025 ms  19968 KB  nodes=632
[568/11200] native | 40-14.smt2 -> ok  125.436 ms  17920 KB  nodes=559
[569/11200] pysmt | 40-14.smt2 -> ok  45.754 ms  21996 KB  nodes=968
[570/11200] jsmtlib | 40-14.smt2 -> ok  2963.85 ms  3072 KB  nodes=1206
[571/11200] z3 | 40-14.smt2 -> ok  32.312 ms  7936 KB  nodes=968
[572/11200] antlr4 | 40-14.smt2 -> ok  1623.78 ms  6144 KB  nodes=15424
[573/11200] cvc5 | 40-14.smt2 -> ok  2998.8 ms  19200 KB  nodes=968
[574/11200] smt-switch | 40-14.smt2 -> ok  3181.48 ms  21760 KB  nodes=968
[575/11200] native | RF-10.smt2 -> ok  70.6659 ms  17792 KB  nodes=656
[576/11200] pysmt | RF-10.smt2 -> ok  55.6488 ms  21872 KB  nodes=657
[577/11200] jsmtlib | RF-10.smt2 -> fail  6554.8 ms  1664 KB  nodes=0
[578/11200] z3 | RF-10.smt2 -> ok  36.646 ms  7936 KB  nodes=1287
[579/11200] antlr4 | RF-10.smt2 -> ok  1675.58 ms  6144 KB  nodes=12383
[580/11200] cvc5 | RF-10.smt2 -> ok  119.669 ms  19072 KB  nodes=656
[581/11200] smt-switch | RF-10.smt2 -> ok  161.934 ms  20736 KB  nodes=1287
[582/11200] native | problem_2__029.smt2 -> ok  74.298 ms  17792 KB  nodes=134
[583/11200] pysmt | problem_2__029.smt2 -> ok  68.5968 ms  21356 KB  nodes=174
[584/11200] jsmtlib | problem_2__029.smt2 -> ok  3103.04 ms  2048 KB  nodes=292
[585/11200] z3 | problem_2__029.smt2 -> ok  34.439 ms  7936 KB  nodes=174
[586/11200] antlr4 | problem_2__029.smt2 -> ok  1750.37 ms  5120 KB  nodes=8371
[587/11200] cvc5 | problem_2__029.smt2 -> ok  7725.7 ms  19328 KB  nodes=174
[588/11200] smt-switch | problem_2__029.smt2 -> ok  1307.17 ms  19968 KB  nodes=174
[589/11200] native | ring_2exp14_7vars_5ite_unsat.smt2 -> ok  141.24 ms  18176 KB  nodes=649
[590/11200] pysmt | ring_2exp14_7vars_5ite_unsat.smt2 -> ok  101.699 ms  21860 KB  nodes=698
[591/11200] jsmtlib | ring_2exp14_7vars_5ite_unsat.smt2 -> ok  3403.76 ms  3072 KB  nodes=907
[592/11200] z3 | ring_2exp14_7vars_5ite_unsat.smt2 -> ok  112.155 ms  7808 KB  nodes=697
[593/11200] antlr4 | ring_2exp14_7vars_5ite_unsat.smt2 -> ok  1636.48 ms  5120 KB  nodes=10367
[594/11200] cvc5 | ring_2exp14_7vars_5ite_unsat.smt2 -> fail  10006.3 ms  1664 KB  nodes=0
[595/11200] smt-switch | ring_2exp14_7vars_5ite_unsat.smt2 -> fail  10011 ms  1664 KB  nodes=0
[596/11200] native | v10_problem__008.smt2.slack.smt2 -> ok  105.303 ms  17664 KB  nodes=89
[597/11200] pysmt | v10_problem__008.smt2.slack.smt2 -> ok  20.1082 ms  21176 KB  nodes=90
[598/11200] jsmtlib | v10_problem__008.smt2.slack.smt2 -> ok  2377.08 ms  2048 KB  nodes=321
[599/11200] z3 | v10_problem__008.smt2.slack.smt2 -> ok  50.051 ms  7552 KB  nodes=238
[600/11200] antlr4 | v10_problem__008.smt2.slack.smt2 -> ok  1674.83 ms  5120 KB  nodes=2423
[601/11200] cvc5 | v10_problem__008.smt2.slack.smt2 -> ok  8.56024 ms  16384 KB  nodes=89
[602/11200] smt-switch | v10_problem__008.smt2.slack.smt2 -> ok  26.2247 ms  18816 KB  nodes=238
[603/11200] native | cut_lemma_01_014.smt2.slack.smt2 -> ok  95.5524 ms  17792 KB  nodes=233
[604/11200] pysmt | cut_lemma_01_014.smt2.slack.smt2 -> ok  29.3498 ms  21484 KB  nodes=234
[605/11200] jsmtlib | cut_lemma_01_014.smt2.slack.smt2 -> ok  2995.54 ms  2048 KB  nodes=895
[606/11200] z3 | cut_lemma_01_014.smt2.slack.smt2 -> ok  24.75 ms  7808 KB  nodes=681
[607/11200] antlr4 | cut_lemma_01_014.smt2.slack.smt2 -> ok  1629.8 ms  5120 KB  nodes=6882
[608/11200] cvc5 | cut_lemma_01_014.smt2.slack.smt2 -> fail  10011.5 ms  1664 KB  nodes=0
[609/11200] smt-switch | cut_lemma_01_014.smt2.slack.smt2 -> fail  10043.9 ms  1664 KB  nodes=0
[610/11200] native | RF-15.smt2 -> ok  174.002 ms  17664 KB  nodes=398
[611/11200] pysmt | RF-15.smt2 -> ok  59.9794 ms  21472 KB  nodes=399
[612/11200] jsmtlib | RF-15.smt2 -> fail  6772.92 ms  1664 KB  nodes=0
[613/11200] z3 | RF-15.smt2 -> ok  32.471 ms  7936 KB  nodes=752
[614/11200] antlr4 | RF-15.smt2 -> ok  1581.72 ms  5120 KB  nodes=7471
[615/11200] cvc5 | RF-15.smt2 -> ok  65.9621 ms  17920 KB  nodes=400
[616/11200] smt-switch | RF-15.smt2 -> ok  116.21 ms  19584 KB  nodes=752
[617/11200] native | RC-07.smt2 -> ok  220.636 ms  17792 KB  nodes=150
[618/11200] pysmt | RC-07.smt2 -> ok  22.7985 ms  21352 KB  nodes=167
[619/11200] jsmtlib | RC-07.smt2 -> fail  4513.14 ms  1664 KB  nodes=0
[620/11200] z3 | RC-07.smt2 -> ok  40.608 ms  7808 KB  nodes=294
[621/11200] antlr4 | RC-07.smt2 -> ok  1832.89 ms  5120 KB  nodes=3011
[622/11200] cvc5 | RC-07.smt2 -> ok  4.04483 ms  16000 KB  nodes=166
[623/11200] smt-switch | RC-07.smt2 -> ok  21.5659 ms  17920 KB  nodes=294
[624/11200] native | RF-00.smt2 -> ok  101.506 ms  17664 KB  nodes=162
[625/11200] pysmt | RF-00.smt2 -> ok  21.1461 ms  21740 KB  nodes=165
[626/11200] jsmtlib | RF-00.smt2 -> fail  4109.21 ms  1664 KB  nodes=0
[627/11200] z3 | RF-00.smt2 -> ok  60.857 ms  7808 KB  nodes=290
[628/11200] antlr4 | RF-00.smt2 -> ok  1628.23 ms  5120 KB  nodes=2997
[629/11200] cvc5 | RF-00.smt2 -> ok  18.271 ms  16768 KB  nodes=164
[630/11200] smt-switch | RF-00.smt2 -> ok  31.2666 ms  18944 KB  nodes=290
[631/11200] native | cut_lemma_02_010.smt2.slack.smt2 -> ok  154.037 ms  17920 KB  nodes=264
[632/11200] pysmt | cut_lemma_02_010.smt2.slack.smt2 -> ok  25.7611 ms  21604 KB  nodes=265
[633/11200] jsmtlib | cut_lemma_02_010.smt2.slack.smt2 -> ok  2817.4 ms  2048 KB  nodes=937
[634/11200] z3 | cut_lemma_02_010.smt2.slack.smt2 -> ok  76.694 ms  7808 KB  nodes=731
[635/11200] antlr4 | cut_lemma_02_010.smt2.slack.smt2 -> ok  1699.35 ms  5120 KB  nodes=7098
[636/11200] cvc5 | cut_lemma_02_010.smt2.slack.smt2 -> fail  10006.5 ms  1664 KB  nodes=0
[637/11200] smt-switch | cut_lemma_02_010.smt2.slack.smt2 -> fail  10052 ms  1664 KB  nodes=0
[638/11200] native | RC-14.smt2 -> ok  223.563 ms  17280 KB  nodes=165
[639/11200] pysmt | RC-14.smt2 -> ok  13.9158 ms  21580 KB  nodes=166
[640/11200] jsmtlib | RC-14.smt2 -> fail  4273.68 ms  1664 KB  nodes=0
[641/11200] z3 | RC-14.smt2 -> ok  48.769 ms  7680 KB  nodes=303
[642/11200] antlr4 | RC-14.smt2 -> ok  2434.9 ms  5120 KB  nodes=3045
[643/11200] cvc5 | RC-14.smt2 -> ok  13.5343 ms  17024 KB  nodes=167
[644/11200] smt-switch | RC-14.smt2 -> ok  36.9792 ms  18560 KB  nodes=303
[645/11200] native | ring_2exp10_7vars_3ite_unsat.smt2 -> ok  109.7 ms  18176 KB  nodes=510
[646/11200] pysmt | ring_2exp10_7vars_3ite_unsat.smt2 -> ok  24.6699 ms  21660 KB  nodes=517
[647/11200] jsmtlib | ring_2exp10_7vars_3ite_unsat.smt2 -> ok  2283.12 ms  2048 KB  nodes=656
[648/11200] z3 | ring_2exp10_7vars_3ite_unsat.smt2 -> ok  52.676 ms  7808 KB  nodes=517
[649/11200] antlr4 | ring_2exp10_7vars_3ite_unsat.smt2 -> ok  1423.96 ms  5120 KB  nodes=7766
[650/11200] cvc5 | ring_2exp10_7vars_3ite_unsat.smt2 -> fail  10050 ms  1664 KB  nodes=0
[651/11200] smt-switch | ring_2exp10_7vars_3ite_unsat.smt2 -> fail  10076.4 ms  1664 KB  nodes=0
[652/11200] native | ring_2exp12_5vars_4ite_unsat.smt2 -> ok  161.47 ms  17792 KB  nodes=306
[653/11200] pysmt | ring_2exp12_5vars_4ite_unsat.smt2 -> ok  57.1644 ms  21660 KB  nodes=311
[654/11200] jsmtlib | ring_2exp12_5vars_4ite_unsat.smt2 -> ok  2665.19 ms  2048 KB  nodes=401
[655/11200] z3 | ring_2exp12_5vars_4ite_unsat.smt2 -> ok  35.885 ms  7936 KB  nodes=311
[656/11200] antlr4 | ring_2exp12_5vars_4ite_unsat.smt2 -> ok  1518.07 ms  5120 KB  nodes=4723
[657/11200] cvc5 | ring_2exp12_5vars_4ite_unsat.smt2 -> fail  10006.2 ms  1664 KB  nodes=0
[658/11200] smt-switch | ring_2exp12_5vars_4ite_unsat.smt2 -> fail  10034.3 ms  1664 KB  nodes=0
[659/11200] native | 35-32.smt2 -> ok  384.213 ms  18048 KB  nodes=776
[660/11200] pysmt | 35-32.smt2 -> ok  143.561 ms  21572 KB  nodes=1305
[661/11200] jsmtlib | 35-32.smt2 -> ok  2795.03 ms  3072 KB  nodes=1551
[662/11200] z3 | 35-32.smt2 -> ok  61.669 ms  8064 KB  nodes=1305
[663/11200] antlr4 | 35-32.smt2 -> ok  1609.14 ms  6144 KB  nodes=20315
[664/11200] cvc5 | 35-32.smt2 -> ok  5204.53 ms  19328 KB  nodes=1305
[665/11200] smt-switch | 35-32.smt2 -> fail  10013.6 ms  1664 KB  nodes=0
[666/11200] native | 35-13.smt2 -> ok  124.142 ms  17920 KB  nodes=465
[667/11200] pysmt | 35-13.smt2 -> ok  50.1683 ms  21964 KB  nodes=830
[668/11200] jsmtlib | 35-13.smt2 -> ok  3095.31 ms  3072 KB  nodes=1042
[669/11200] z3 | 35-13.smt2 -> ok  53.124 ms  7680 KB  nodes=830
[670/11200] antlr4 | 35-13.smt2 -> ok  2273.92 ms  6144 KB  nodes=13307
[671/11200] cvc5 | 35-13.smt2 -> ok  1536.21 ms  18688 KB  nodes=830
[672/11200] smt-switch | 35-13.smt2 -> ok  1656.57 ms  20736 KB  nodes=830
[673/11200] native | v10_problem_2__009.smt2.slack.smt2 -> ok  115.787 ms  17792 KB  nodes=88
[674/11200] pysmt | v10_problem_2__009.smt2.slack.smt2 -> ok  16.9563 ms  21444 KB  nodes=89
[675/11200] jsmtlib | v10_problem_2__009.smt2.slack.smt2 -> ok  2850.77 ms  2048 KB  nodes=313
[676/11200] z3 | v10_problem_2__009.smt2.slack.smt2 -> ok  31.168 ms  7808 KB  nodes=230
[677/11200] antlr4 | v10_problem_2__009.smt2.slack.smt2 -> ok  1391.03 ms  5120 KB  nodes=2363
[678/11200] cvc5 | v10_problem_2__009.smt2.slack.smt2 -> ok  14.4567 ms  16512 KB  nodes=88
[679/11200] smt-switch | v10_problem_2__009.smt2.slack.smt2 -> ok  27.5889 ms  18816 KB  nodes=230
[680/11200] native | RF-14.smt2 -> ok  90.9085 ms  17792 KB  nodes=615
[681/11200] pysmt | RF-14.smt2 -> ok  56.5484 ms  21768 KB  nodes=617
[682/11200] jsmtlib | RF-14.smt2 -> fail  6479.63 ms  1664 KB  nodes=0
[683/11200] z3 | RF-14.smt2 -> ok  111.057 ms  7808 KB  nodes=1119
[684/11200] antlr4 | RF-14.smt2 -> ok  1605.01 ms  6144 KB  nodes=11339
[685/11200] cvc5 | RF-14.smt2 -> ok  84.8821 ms  18560 KB  nodes=616
[686/11200] smt-switch | RF-14.smt2 -> ok  85.7937 ms  20352 KB  nodes=1119
[687/11200] native | v30_problem__002.smt2.slack.smt2 -> ok  392.541 ms  17792 KB  nodes=270
[688/11200] pysmt | v30_problem__002.smt2.slack.smt2 -> ok  98.16 ms  21460 KB  nodes=271
[689/11200] jsmtlib | v30_problem__002.smt2.slack.smt2 -> ok  3500.9 ms  3072 KB  nodes=1375
[690/11200] z3 | v30_problem__002.smt2.slack.smt2 -> ok  83.879 ms  7680 KB  nodes=1032
[691/11200] antlr4 | v30_problem__002.smt2.slack.smt2 -> ok  1517.67 ms  6144 KB  nodes=10677
[692/11200] cvc5 | v30_problem__002.smt2.slack.smt2 -> ok  85.1416 ms  17536 KB  nodes=270
[693/11200] smt-switch | v30_problem__002.smt2.slack.smt2 -> ok  126.369 ms  19200 KB  nodes=1032
[694/11200] native | 20-7.slack.smt2 -> ok  139.241 ms  17664 KB  nodes=221
[695/11200] pysmt | 20-7.slack.smt2 -> ok  29.8278 ms  21736 KB  nodes=222
[696/11200] jsmtlib | 20-7.slack.smt2 -> ok  2399.4 ms  2048 KB  nodes=947
[697/11200] z3 | 20-7.slack.smt2 -> ok  26.419 ms  7808 KB  nodes=831
[698/11200] antlr4 | 20-7.slack.smt2 -> ok  1758.24 ms  5120 KB  nodes=6616
[699/11200] cvc5 | 20-7.slack.smt2 -> ok  157.537 ms  17024 KB  nodes=221
[700/11200] smt-switch | 20-7.slack.smt2 -> ok  2990.1 ms  20608 KB  nodes=831
[701/11200] native | ex9220_2400_100.smt2 -> ok  246.503 ms  19200 KB  nodes=4005
[702/11200] pysmt | ex9220_2400_100.smt2 -> ok  304.355 ms  22932 KB  nodes=4005
[703/11200] jsmtlib | ex9220_2400_100.smt2 -> ok  2757.35 ms  6144 KB  nodes=4589
[704/11200] z3 | ex9220_2400_100.smt2 -> ok  58.627 ms  8576 KB  nodes=4005
[705/11200] antlr4 | ex9220_2400_100.smt2 -> ok  2008.54 ms  11264 KB  nodes=64997
[706/11200] cvc5 | ex9220_2400_100.smt2 -> ok  6849.42 ms  33624 KB  nodes=4005
[707/11200] smt-switch | ex9220_2400_100.smt2 -> ok  1058 ms  31744 KB  nodes=4005
[708/11200] native | prp-17-36.smt2 -> timeout  10000 ms  21760 KB  nodes=8685
[709/11200] pysmt | prp-17-36.smt2 -> ok  701.074 ms  25500 KB  nodes=9198
[710/11200] jsmtlib | prp-17-36.smt2 -> ok  2675.89 ms  12288 KB  nodes=12702
[711/11200] z3 | prp-17-36.smt2 -> ok  116.631 ms  11012 KB  nodes=9198
[712/11200] antlr4 | prp-17-36.smt2 -> ok  1802.09 ms  19244 KB  nodes=175761
[713/11200] cvc5 | prp-17-36.smt2 -> fail  10019.9 ms  1664 KB  nodes=0
[714/11200] smt-switch | prp-17-36.smt2 -> fail  10039 ms  1664 KB  nodes=0
[715/11200] native | ex9060_2400_100.smt2 -> ok  238.379 ms  19328 KB  nodes=4005
[716/11200] pysmt | ex9060_2400_100.smt2 -> ok  252.551 ms  23280 KB  nodes=4005
[717/11200] jsmtlib | ex9060_2400_100.smt2 -> ok  2422.74 ms  6144 KB  nodes=4589
[718/11200] z3 | ex9060_2400_100.smt2 -> ok  57.166 ms  8448 KB  nodes=4005
[719/11200] antlr4 | ex9060_2400_100.smt2 -> ok  1750.88 ms  11264 KB  nodes=64997
[720/11200] cvc5 | ex9060_2400_100.smt2 -> ok  6270.8 ms  34284 KB  nodes=4005
[721/11200] smt-switch | ex9060_2400_100.smt2 -> ok  1681.43 ms  31488 KB  nodes=4005
[722/11200] native | ex4240_2400_100.smt2 -> ok  303.329 ms  19328 KB  nodes=4005
[723/11200] pysmt | ex4240_2400_100.smt2 -> ok  325.633 ms  22984 KB  nodes=4005
[724/11200] jsmtlib | ex4240_2400_100.smt2 -> ok  3111.59 ms  6144 KB  nodes=4589
[725/11200] z3 | ex4240_2400_100.smt2 -> ok  119.185 ms  8576 KB  nodes=4005
[726/11200] antlr4 | ex4240_2400_100.smt2 -> ok  2032.27 ms  11264 KB  nodes=64997
[727/11200] cvc5 | ex4240_2400_100.smt2 -> ok  1122.64 ms  31360 KB  nodes=4005
[728/11200] smt-switch | ex4240_2400_100.smt2 -> ok  874.364 ms  30812 KB  nodes=4005
[729/11200] native | RF-04.smt2 -> ok  235.927 ms  19840 KB  nodes=5712
[730/11200] pysmt | RF-04.smt2 -> ok  493.147 ms  25240 KB  nodes=5715
[731/11200] jsmtlib | RF-04.smt2 -> fail  10018.4 ms  1664 KB  nodes=0
[732/11200] z3 | RF-04.smt2 -> ok  142.56 ms  8704 KB  nodes=11301
[733/11200] antlr4 | RF-04.smt2 -> ok  2561.17 ms  16384 KB  nodes=107453
[734/11200] cvc5 | RF-04.smt2 -> ok  980.669 ms  44080 KB  nodes=5714
[735/11200] smt-switch | RF-04.smt2 -> ok  1181.07 ms  39388 KB  nodes=11301
[736/11200] native | RF-15.smt2 -> ok  185.964 ms  18304 KB  nodes=1691
[737/11200] pysmt | RF-15.smt2 -> ok  142.925 ms  22500 KB  nodes=1692
[738/11200] jsmtlib | RF-15.smt2 -> fail  10003 ms  1664 KB  nodes=0
[739/11200] z3 | RF-15.smt2 -> ok  44.673 ms  8064 KB  nodes=3499
[740/11200] antlr4 | RF-15.smt2 -> ok  1551.57 ms  8192 KB  nodes=33013
[741/11200] cvc5 | RF-15.smt2 -> ok  265.226 ms  22272 KB  nodes=1691
[742/11200] smt-switch | RF-15.smt2 -> ok  344.443 ms  23808 KB  nodes=3499
[743/11200] native | RF-14.smt2 -> ok  122.821 ms  18176 KB  nodes=1529
[744/11200] pysmt | RF-14.smt2 -> ok  130.965 ms  22548 KB  nodes=1530
[745/11200] jsmtlib | RF-14.smt2 -> fail  9254.18 ms  1664 KB  nodes=0
[746/11200] z3 | RF-14.smt2 -> ok  72.817 ms  8064 KB  nodes=3041
[747/11200] antlr4 | RF-14.smt2 -> ok  1458.48 ms  8192 KB  nodes=29932
[748/11200] cvc5 | RF-14.smt2 -> ok  115.17 ms  21632 KB  nodes=1531
[749/11200] smt-switch | RF-14.smt2 -> ok  327.224 ms  23552 KB  nodes=3041
[750/11200] native | v35_problem_2__021.smt2.slack.smt2 -> ok  108.598 ms  17920 KB  nodes=386
[751/11200] pysmt | v35_problem_2__021.smt2.slack.smt2 -> ok  52.1994 ms  21628 KB  nodes=387
[752/11200] jsmtlib | v35_problem_2__021.smt2.slack.smt2 -> ok  2292.16 ms  3072 KB  nodes=2649
[753/11200] z3 | v35_problem_2__021.smt2.slack.smt2 -> ok  32.849 ms  7680 KB  nodes=2015
[754/11200] antlr4 | v35_problem_2__021.smt2.slack.smt2 -> ok  1499.26 ms  7168 KB  nodes=20637
[755/11200] cvc5 | v35_problem_2__021.smt2.slack.smt2 -> fail  10029.5 ms  1664 KB  nodes=0
[756/11200] smt-switch | v35_problem_2__021.smt2.slack.smt2 -> fail  10047.5 ms  1664 KB  nodes=0
[757/11200] native | prp-29-31.smt2 -> ok  175.322 ms  19200 KB  nodes=3092
[758/11200] pysmt | prp-29-31.smt2 -> ok  228.257 ms  22976 KB  nodes=3329
[759/11200] jsmtlib | prp-29-31.smt2 -> ok  2144.79 ms  6144 KB  nodes=4388
[760/11200] z3 | prp-29-31.smt2 -> ok  57.228 ms  9052 KB  nodes=3329
[761/11200] antlr4 | prp-29-31.smt2 -> ok  1575.66 ms  11264 KB  nodes=60790
[762/11200] cvc5 | prp-29-31.smt2 -> fail  10004.8 ms  1664 KB  nodes=0
[763/11200] smt-switch | prp-29-31.smt2 -> fail  10035.8 ms  1664 KB  nodes=0
[764/11200] native | FISCHER6-8-fair.smt2 -> ok  231.925 ms  23784 KB  nodes=11414
[765/11200] pysmt | FISCHER6-8-fair.smt2 -> ok  630.32 ms  26404 KB  nodes=11318
[766/11200] jsmtlib | FISCHER6-8-fair.smt2 -> fail  3509.19 ms  1664 KB  nodes=0
[767/11200] z3 | FISCHER6-8-fair.smt2 -> ok  151.211 ms  9980 KB  nodes=11420
[768/11200] antlr4 | FISCHER6-8-fair.smt2 -> ok  1643.53 ms  19324 KB  nodes=171203
[769/11200] cvc5 | FISCHER6-8-fair.smt2 -> ok  887.681 ms  29832 KB  nodes=11420
[770/11200] smt-switch | FISCHER6-8-fair.smt2 -> ok  1760.27 ms  29016 KB  nodes=11420
[771/11200] native | RC-02.smt2 -> ok  267.448 ms  19968 KB  nodes=5698
[772/11200] pysmt | RC-02.smt2 -> ok  727.56 ms  25340 KB  nodes=5701
[773/11200] jsmtlib | RC-02.smt2 -> fail  10006.8 ms  1664 KB  nodes=0
[774/11200] z3 | RC-02.smt2 -> ok  148.032 ms  8832 KB  nodes=11402
[775/11200] antlr4 | RC-02.smt2 -> ok  2685.87 ms  16384 KB  nodes=109687
[776/11200] cvc5 | RC-02.smt2 -> ok  3946.86 ms  65036 KB  nodes=5700
[777/11200] smt-switch | RC-02.smt2 -> fail  10050.1 ms  1664 KB  nodes=0
[778/11200] native | ex5740_2400_100.smt2 -> timeout  10000 ms  19456 KB  nodes=4005
[779/11200] pysmt | ex5740_2400_100.smt2 -> ok  346.026 ms  23148 KB  nodes=4005
[780/11200] jsmtlib | ex5740_2400_100.smt2 -> ok  3164.94 ms  6144 KB  nodes=4589
[781/11200] z3 | ex5740_2400_100.smt2 -> ok  69.308 ms  8448 KB  nodes=4005
[782/11200] antlr4 | ex5740_2400_100.smt2 -> ok  1741.56 ms  11264 KB  nodes=64997
[783/11200] cvc5 | ex5740_2400_100.smt2 -> fail  10012 ms  1664 KB  nodes=0
[784/11200] smt-switch | ex5740_2400_100.smt2 -> ok  6173.64 ms  33348 KB  nodes=4005
[785/11200] native | v45_problem_2__035.smt2.slack.smt2 -> ok  156.378 ms  17920 KB  nodes=500
[786/11200] pysmt | v45_problem_2__035.smt2.slack.smt2 -> ok  84.883 ms  21792 KB  nodes=501
[787/11200] jsmtlib | v45_problem_2__035.smt2.slack.smt2 -> ok  2534.65 ms  4096 KB  nodes=4058
[788/11200] z3 | v45_problem_2__035.smt2.slack.smt2 -> ok  55.406 ms  7808 KB  nodes=3108
[789/11200] antlr4 | v45_problem_2__035.smt2.slack.smt2 -> ok  1674.48 ms  8192 KB  nodes=31755
[790/11200] cvc5 | v45_problem_2__035.smt2.slack.smt2 -> fail  10004.6 ms  1664 KB  nodes=0
[791/11200] smt-switch | v45_problem_2__035.smt2.slack.smt2 -> fail  10020.8 ms  1664 KB  nodes=0
[792/11200] native | RC-15.smt2 -> ok  265.481 ms  18560 KB  nodes=2401
[793/11200] pysmt | RC-15.smt2 -> ok  372.105 ms  22856 KB  nodes=2402
[794/11200] jsmtlib | RC-15.smt2 -> fail  10012.3 ms  1664 KB  nodes=0
[795/11200] z3 | RC-15.smt2 -> ok  112.88 ms  8064 KB  nodes=4398
[796/11200] antlr4 | RC-15.smt2 -> ok  2122.08 ms  9216 KB  nodes=44456
[797/11200] cvc5 | RC-15.smt2 -> ok  403.014 ms  24448 KB  nodes=2401
[798/11200] smt-switch | RC-15.smt2 -> ok  481.709 ms  25984 KB  nodes=4398
[799/11200] native | prp-4-46.smt2 -> ok  460.749 ms  21120 KB  nodes=7151
[800/11200] pysmt | prp-4-46.smt2 -> ok  771.721 ms  24748 KB  nodes=7456
[801/11200] jsmtlib | prp-4-46.smt2 -> ok  3333.92 ms  11264 KB  nodes=10825
[802/11200] z3 | prp-4-46.smt2 -> ok  206.018 ms  12392 KB  nodes=7455
[803/11200] antlr4 | prp-4-46.smt2 -> ok  2002.06 ms  19456 KB  nodes=152085
[804/11200] cvc5 | prp-4-46.smt2 -> fail  10053.4 ms  1664 KB  nodes=0
[805/11200] smt-switch | prp-4-46.smt2 -> fail  10038.8 ms  1664 KB  nodes=0
[806/11200] native | prp-27-42.smt2 -> ok  5804.06 ms  20992 KB  nodes=7368
[807/11200] pysmt | prp-27-42.smt2 -> ok  546.397 ms  24812 KB  nodes=7765
[808/11200] jsmtlib | prp-27-42.smt2 -> ok  2613.48 ms  11264 KB  nodes=10138
[809/11200] z3 | prp-27-42.smt2 -> ok  214.229 ms  10240 KB  nodes=7765
[810/11200] antlr4 | prp-27-42.smt2 -> ok  1986.46 ms  20480 KB  nodes=144816
[811/11200] cvc5 | prp-27-42.smt2 -> fail  10012.3 ms  1664 KB  nodes=0
[812/11200] smt-switch | prp-27-42.smt2 -> fail  10002.3 ms  1664 KB  nodes=0
[813/11200] native | v40_problem__014.smt2.slack.smt2 -> ok  234.72 ms  17920 KB  nodes=385
[814/11200] pysmt | v40_problem__014.smt2.slack.smt2 -> ok  74.007 ms  21600 KB  nodes=386
[815/11200] jsmtlib | v40_problem__014.smt2.slack.smt2 -> ok  2224.51 ms  3072 KB  nodes=2379
[816/11200] z3 | v40_problem__014.smt2.slack.smt2 -> ok  49.18 ms  7808 KB  nodes=1794
[817/11200] antlr4 | v40_problem__014.smt2.slack.smt2 -> ok  2174.81 ms  6144 KB  nodes=18547
[818/11200] cvc5 | v40_problem__014.smt2.slack.smt2 -> fail  10049 ms  1664 KB  nodes=0
[819/11200] smt-switch | v40_problem__014.smt2.slack.smt2 -> fail  10034.6 ms  1664 KB  nodes=0
[820/11200] native | RF-01.smt2 -> timeout  10000 ms  17664 KB  nodes=842
[821/11200] pysmt | RF-01.smt2 -> ok  58.6157 ms  21564 KB  nodes=843
[822/11200] jsmtlib | RF-01.smt2 -> fail  7050.28 ms  1664 KB  nodes=0
[823/11200] z3 | RF-01.smt2 -> ok  58.865 ms  7936 KB  nodes=1744
[824/11200] antlr4 | RF-01.smt2 -> ok  1398.01 ms  6144 KB  nodes=16496
[825/11200] cvc5 | RF-01.smt2 -> ok  118.996 ms  19328 KB  nodes=842
[826/11200] smt-switch | RF-01.smt2 -> ok  173.819 ms  20736 KB  nodes=1744
[827/11200] native | SIMPLEBITADDER_COMPOSE_16.msat.smt2 -> ok  172.388 ms  18560 KB  nodes=1734
[828/11200] pysmt | SIMPLEBITADDER_COMPOSE_16.msat.smt2 -> ok  125.921 ms  22320 KB  nodes=1735
[829/11200] jsmtlib | SIMPLEBITADDER_COMPOSE_16.msat.smt2 -> ok  2132.24 ms  4096 KB  nodes=2031
[830/11200] z3 | SIMPLEBITADDER_COMPOSE_16.msat.smt2 -> ok  39.439 ms  8320 KB  nodes=1735
[831/11200] antlr4 | SIMPLEBITADDER_COMPOSE_16.msat.smt2 -> ok  1651.69 ms  7168 KB  nodes=24707
[832/11200] cvc5 | SIMPLEBITADDER_COMPOSE_16.msat.smt2 -> fail  10036 ms  1664 KB  nodes=0
[833/11200] smt-switch | SIMPLEBITADDER_COMPOSE_16.msat.smt2 -> fail  10013.6 ms  1664 KB  nodes=0
[834/11200] native | prp-7-50.smt2 -> ok  491.941 ms  22016 KB  nodes=9261
[835/11200] pysmt | prp-7-50.smt2 -> ok  617.354 ms  25600 KB  nodes=9623
[836/11200] jsmtlib | prp-7-50.smt2 -> ok  2591.29 ms  15360 KB  nodes=13927
[837/11200] z3 | prp-7-50.smt2 -> ok  270.761 ms  12948 KB  nodes=9622
[838/11200] antlr4 | prp-7-50.smt2 -> ok  2659.62 ms  21228 KB  nodes=196798
[839/11200] cvc5 | prp-7-50.smt2 -> fail  10018.4 ms  1664 KB  nodes=0
[840/11200] smt-switch | prp-7-50.smt2 -> fail  10025.5 ms  1664 KB  nodes=0
[841/11200] native | prp-36-31.smt2 -> ok  375.049 ms  19200 KB  nodes=3086
[842/11200] pysmt | prp-36-31.smt2 -> ok  170.969 ms  22840 KB  nodes=3324
[843/11200] jsmtlib | prp-36-31.smt2 -> ok  2212.25 ms  6144 KB  nodes=4379
[844/11200] z3 | prp-36-31.smt2 -> ok  123.791 ms  9088 KB  nodes=3324
[845/11200] antlr4 | prp-36-31.smt2 -> ok  1611.44 ms  11264 KB  nodes=60689
[846/11200] cvc5 | prp-36-31.smt2 -> fail  10027.4 ms  1664 KB  nodes=0
[847/11200] smt-switch | prp-36-31.smt2 -> fail  10035.4 ms  1664 KB  nodes=0
[848/11200] native | wisa5.smt2 -> ok  138.442 ms  19200 KB  nodes=3661
[849/11200] pysmt | wisa5.smt2 -> ok  323.816 ms  23144 KB  nodes=4009
[850/11200] jsmtlib | wisa5.smt2 -> ok  2765.85 ms  6144 KB  nodes=4465
[851/11200] z3 | wisa5.smt2 -> ok  181.341 ms  8448 KB  nodes=4009
[852/11200] antlr4 | wisa5.smt2 -> ok  2000.2 ms  10240 KB  nodes=57977
[853/11200] cvc5 | wisa5.smt2 -> fail  10012.7 ms  1664 KB  nodes=0
[854/11200] smt-switch | wisa5.smt2 -> fail  10045.3 ms  1664 KB  nodes=0
[855/11200] native | RF-09.smt2 -> ok  336.599 ms  18432 KB  nodes=1692
[856/11200] pysmt | RF-09.smt2 -> ok  257.719 ms  22372 KB  nodes=1693
[857/11200] jsmtlib | RF-09.smt2 -> fail  9497.03 ms  1664 KB  nodes=0
[858/11200] z3 | RF-09.smt2 -> ok  38.906 ms  8064 KB  nodes=3502
[859/11200] antlr4 | RF-09.smt2 -> ok  1417.5 ms  8192 KB  nodes=33040
[860/11200] cvc5 | RF-09.smt2 -> ok  190.904 ms  22656 KB  nodes=1694
[861/11200] smt-switch | RF-09.smt2 -> ok  649.649 ms  23680 KB  nodes=3502
[862/11200] native | ex3660_2400_100.smt2 -> timeout  10000 ms  18944 KB  nodes=4005
[863/11200] pysmt | ex3660_2400_100.smt2 -> ok  414.077 ms  23080 KB  nodes=4005
[864/11200] jsmtlib | ex3660_2400_100.smt2 -> ok  3239.09 ms  6144 KB  nodes=4589
[865/11200] z3 | ex3660_2400_100.smt2 -> ok  92.666 ms  8576 KB  nodes=4005
[866/11200] antlr4 | ex3660_2400_100.smt2 -> ok  1562.87 ms  11264 KB  nodes=64997
[867/11200] cvc5 | ex3660_2400_100.smt2 -> ok  1744.56 ms  31048 KB  nodes=4005
[868/11200] smt-switch | ex3660_2400_100.smt2 -> ok  1122.51 ms  30808 KB  nodes=4005
[869/11200] native | prp-47-50.smt2 -> ok  630.94 ms  22400 KB  nodes=10827
[870/11200] pysmt | prp-47-50.smt2 -> ok  779.028 ms  26716 KB  nodes=11342
[871/11200] jsmtlib | prp-47-50.smt2 -> ok  2821.58 ms  16384 KB  nodes=14970
[872/11200] z3 | prp-47-50.smt2 -> ok  246.824 ms  11216 KB  nodes=11342
[873/11200] antlr4 | prp-47-50.smt2 -> ok  2524.91 ms  23216 KB  nodes=214995
[874/11200] cvc5 | prp-47-50.smt2 -> fail  10010.5 ms  1664 KB  nodes=0
[875/11200] smt-switch | prp-47-50.smt2 -> fail  10026.6 ms  1664 KB  nodes=0
[876/11200] native | ex7680_2400_100.smt2 -> ok  507.063 ms  19072 KB  nodes=4005
[877/11200] pysmt | ex7680_2400_100.smt2 -> ok  742.059 ms  23104 KB  nodes=4005
[878/11200] jsmtlib | ex7680_2400_100.smt2 -> ok  3053.36 ms  6144 KB  nodes=4589
[879/11200] z3 | ex7680_2400_100.smt2 -> ok  112.957 ms  8576 KB  nodes=4005
[880/11200] antlr4 | ex7680_2400_100.smt2 -> ok  1469.89 ms  11264 KB  nodes=64997
[881/11200] cvc5 | ex7680_2400_100.smt2 -> fail  10028.6 ms  1664 KB  nodes=0
[882/11200] smt-switch | ex7680_2400_100.smt2 -> ok  2982.29 ms  31360 KB  nodes=4005
[883/11200] native | convert-jpg2gif-query-1179.smt2 -> ok  398.208 ms  19840 KB  nodes=4721
[884/11200] pysmt | convert-jpg2gif-query-1179.smt2 -> ok  777.399 ms  23412 KB  nodes=5399
[885/11200] jsmtlib | convert-jpg2gif-query-1179.smt2 -> ok  3036.78 ms  7168 KB  nodes=6148
[886/11200] z3 | convert-jpg2gif-query-1179.smt2 -> ok  75.003 ms  8704 KB  nodes=5408
[887/11200] antlr4 | convert-jpg2gif-query-1179.smt2 -> ok  2067.45 ms  11264 KB  nodes=67134
[888/11200] cvc5 | convert-jpg2gif-query-1179.smt2 -> fail  10029.3 ms  1664 KB  nodes=0
[889/11200] smt-switch | convert-jpg2gif-query-1179.smt2 -> fail  10041.9 ms  1664 KB  nodes=0
[890/11200] native | prp-41-46.smt2 -> ok  253.507 ms  22656 KB  nodes=10606
[891/11200] pysmt | prp-41-46.smt2 -> ok  1122.32 ms  26988 KB  nodes=11117
[892/11200] jsmtlib | prp-41-46.smt2 -> ok  5032.26 ms  16384 KB  nodes=14915
[893/11200] z3 | prp-41-46.smt2 -> ok  333.335 ms  12804 KB  nodes=11117
[894/11200] antlr4 | prp-41-46.smt2 -> ok  2308.17 ms  23240 KB  nodes=210837
[895/11200] cvc5 | prp-41-46.smt2 -> fail  10041.2 ms  1664 KB  nodes=0
[896/11200] smt-switch | prp-41-46.smt2 -> fail  10009.1 ms  1664 KB  nodes=0
[897/11200] native | prp-21-39.smt2 -> ok  1261.28 ms  22528 KB  nodes=10647
[898/11200] pysmt | prp-21-39.smt2 -> timeout  10000 ms  27140 KB  nodes=11253
[899/11200] jsmtlib | prp-21-39.smt2 -> ok  4442.87 ms  14336 KB  nodes=15539
[900/11200] z3 | prp-21-39.smt2 -> ok  247.238 ms  11432 KB  nodes=11253
[901/11200] antlr4 | prp-21-39.smt2 -> ok  2891.11 ms  23248 KB  nodes=216006
[902/11200] cvc5 | prp-21-39.smt2 -> fail  10007.9 ms  1664 KB  nodes=0
[903/11200] smt-switch | prp-21-39.smt2 -> fail  10012.1 ms  1664 KB  nodes=0
[904/11200] native | ex5360_2400_100.smt2 -> ok  392.123 ms  19200 KB  nodes=4005
[905/11200] pysmt | ex5360_2400_100.smt2 -> ok  389.441 ms  23164 KB  nodes=4005
[906/11200] jsmtlib | ex5360_2400_100.smt2 -> ok  2676.71 ms  6144 KB  nodes=4589
[907/11200] z3 | ex5360_2400_100.smt2 -> ok  101.171 ms  8576 KB  nodes=4005
[908/11200] antlr4 | ex5360_2400_100.smt2 -> ok  2937.24 ms  11264 KB  nodes=64997
[909/11200] cvc5 | ex5360_2400_100.smt2 -> fail  10013.8 ms  1664 KB  nodes=0
[910/11200] smt-switch | ex5360_2400_100.smt2 -> fail  10012.9 ms  1664 KB  nodes=0
[911/11200] native | RF-11.smt2 -> ok  229.054 ms  17664 KB  nodes=772
[912/11200] pysmt | RF-11.smt2 -> ok  49.0053 ms  21780 KB  nodes=777
[913/11200] jsmtlib | RF-11.smt2 -> fail  6634.54 ms  1664 KB  nodes=0
[914/11200] z3 | RF-11.smt2 -> ok  36.76 ms  7936 KB  nodes=1437
[915/11200] antlr4 | RF-11.smt2 -> ok  1540.27 ms  6144 KB  nodes=14568
[916/11200] cvc5 | RF-11.smt2 -> ok  62.1598 ms  18944 KB  nodes=776
[917/11200] smt-switch | RF-11.smt2 -> ok  245.538 ms  20480 KB  nodes=1437
[918/11200] native | convert-jpg2gif-query-1511.smt2 -> ok  353.333 ms  22764 KB  nodes=10891
[919/11200] pysmt | convert-jpg2gif-query-1511.smt2 -> ok  289.64 ms  26464 KB  nodes=12354
[920/11200] jsmtlib | convert-jpg2gif-query-1511.smt2 -> fail  3292.65 ms  1664 KB  nodes=0
[921/11200] z3 | convert-jpg2gif-query-1511.smt2 -> ok  151.217 ms  9984 KB  nodes=12374
[922/11200] antlr4 | convert-jpg2gif-query-1511.smt2 -> ok  3679.06 ms  21504 KB  nodes=157922
[923/11200] cvc5 | convert-jpg2gif-query-1511.smt2 -> fail  10050.1 ms  1664 KB  nodes=0
[924/11200] smt-switch | convert-jpg2gif-query-1511.smt2 -> fail  10031.7 ms  1664 KB  nodes=0
[925/11200] native | prp-22-33.smt2 -> ok  284.497 ms  20608 KB  nodes=6766
[926/11200] pysmt | prp-22-33.smt2 -> ok  625.028 ms  24756 KB  nodes=7193
[927/11200] jsmtlib | prp-22-33.smt2 -> ok  3895.83 ms  11264 KB  nodes=9921
[928/11200] z3 | prp-22-33.smt2 -> ok  116.665 ms  10464 KB  nodes=7193
[929/11200] antlr4 | prp-22-33.smt2 -> ok  3088.28 ms  19456 KB  nodes=136644
[930/11200] cvc5 | prp-22-33.smt2 -> fail  10035.4 ms  1664 KB  nodes=0
[931/11200] smt-switch | prp-22-33.smt2 -> fail  10032.8 ms  1664 KB  nodes=0
[932/11200] native | FISCHER6-9-fair.smt2 -> ok  531.995 ms  24380 KB  nodes=12791
[933/11200] pysmt | FISCHER6-9-fair.smt2 -> ok  2821.24 ms  26184 KB  nodes=12683
[934/11200] jsmtlib | FISCHER6-9-fair.smt2 -> fail  5628.09 ms  1664 KB  nodes=0
[935/11200] z3 | FISCHER6-9-fair.smt2 -> timeout  10000 ms  10220 KB  nodes=12797
[936/11200] antlr4 | FISCHER6-9-fair.smt2 -> ok  3057.86 ms  21140 KB  nodes=191828
[937/11200] cvc5 | FISCHER6-9-fair.smt2 -> ok  3092.98 ms  31156 KB  nodes=12797
[938/11200] smt-switch | FISCHER6-9-fair.smt2 -> ok  5174.17 ms  30940 KB  nodes=12797
[939/11200] native | prp-36-34.smt2 -> ok  522.656 ms  20992 KB  nodes=7373
[940/11200] pysmt | prp-36-34.smt2 -> ok  646.348 ms  25092 KB  nodes=7828
[941/11200] jsmtlib | prp-36-34.smt2 -> ok  3306.67 ms  10240 KB  nodes=10799
[942/11200] z3 | prp-36-34.smt2 -> ok  351.886 ms  10616 KB  nodes=7828
[943/11200] antlr4 | prp-36-34.smt2 -> ok  3960.47 ms  19456 KB  nodes=148968
[944/11200] cvc5 | prp-36-34.smt2 -> fail  10043.3 ms  1664 KB  nodes=0
[945/11200] smt-switch | prp-36-34.smt2 -> fail  10032.5 ms  1664 KB  nodes=0
[946/11200] native | prp-3-27.smt2 -> timeout  10000 ms  19584 KB  nodes=3748
[947/11200] pysmt | prp-3-27.smt2 -> ok  562.012 ms  23104 KB  nodes=4028
[948/11200] jsmtlib | prp-3-27.smt2 -> ok  4984.89 ms  7168 KB  nodes=5589
[949/11200] z3 | prp-3-27.smt2 -> ok  262.28 ms  9088 KB  nodes=4028
[950/11200] antlr4 | prp-3-27.smt2 -> ok  2325.8 ms  12288 KB  nodes=75377
[951/11200] cvc5 | prp-3-27.smt2 -> fail  10029 ms  1664 KB  nodes=0
[952/11200] smt-switch | prp-3-27.smt2 -> fail  10006.4 ms  1664 KB  nodes=0
[953/11200] native | ex2940_2400_100.smt2 -> ok  382.354 ms  19328 KB  nodes=4005
[954/11200] pysmt | ex2940_2400_100.smt2 -> ok  430.834 ms  22608 KB  nodes=4005
[955/11200] jsmtlib | ex2940_2400_100.smt2 -> ok  2861.84 ms  6144 KB  nodes=4589
[956/11200] z3 | ex2940_2400_100.smt2 -> ok  221.944 ms  8448 KB  nodes=4005
[957/11200] antlr4 | ex2940_2400_100.smt2 -> ok  2469.97 ms  11264 KB  nodes=64997
[958/11200] cvc5 | ex2940_2400_100.smt2 -> ok  2077.63 ms  31104 KB  nodes=4005
[959/11200] smt-switch | ex2940_2400_100.smt2 -> ok  2983.64 ms  29952 KB  nodes=4005
[960/11200] native | v45_problem__033.smt2.slack.smt2 -> ok  197.785 ms  17792 KB  nodes=484
[961/11200] pysmt | v45_problem__033.smt2.slack.smt2 -> ok  133.878 ms  21592 KB  nodes=485
[962/11200] jsmtlib | v45_problem__033.smt2.slack.smt2 -> ok  2874.5 ms  4096 KB  nodes=4115
[963/11200] z3 | v45_problem__033.smt2.slack.smt2 -> ok  167.278 ms  7808 KB  nodes=3137
[964/11200] antlr4 | v45_problem__033.smt2.slack.smt2 -> ok  2378.49 ms  8192 KB  nodes=32219
[965/11200] cvc5 | v45_problem__033.smt2.slack.smt2 -> fail  10017.6 ms  1664 KB  nodes=0
[966/11200] smt-switch | v45_problem__033.smt2.slack.smt2 -> fail  10069.5 ms  1664 KB  nodes=0
[967/11200] native | RF-07.smt2 -> ok  266.678 ms  18816 KB  nodes=3218
[968/11200] pysmt | RF-07.smt2 -> ok  473.52 ms  23556 KB  nodes=3219
[969/11200] jsmtlib | RF-07.smt2 -> fail  10011.1 ms  1664 KB  nodes=0
[970/11200] z3 | RF-07.smt2 -> ok  169.353 ms  8320 KB  nodes=6023
[971/11200] antlr4 | RF-07.smt2 -> ok  3524.98 ms  12288 KB  nodes=67744
[972/11200] cvc5 | RF-07.smt2 -> ok  264.423 ms  19200 KB  nodes=3218
[973/11200] smt-switch | RF-07.smt2 -> ok  430.976 ms  20608 KB  nodes=6023
[974/11200] native | constraint-247831.smt2 -> ok  474.527 ms  22344 KB  nodes=12474
[975/11200] pysmt | constraint-247831.smt2 -> ok  1590.21 ms  26904 KB  nodes=12528
[976/11200] jsmtlib | constraint-247831.smt2 -> ok  3586.57 ms  15360 KB  nodes=15103
[977/11200] z3 | constraint-247831.smt2 -> ok  180.943 ms  10064 KB  nodes=12528
[978/11200] antlr4 | constraint-247831.smt2 -> ok  3375.01 ms  22152 KB  nodes=204991
[979/11200] cvc5 | constraint-247831.smt2 -> fail  10027.5 ms  1664 KB  nodes=0
[980/11200] smt-switch | constraint-247831.smt2 -> fail  10040.8 ms  1664 KB  nodes=0
[981/11200] native | RC-10.smt2 -> ok  897.529 ms  17920 KB  nodes=2614
[982/11200] pysmt | RC-10.smt2 -> ok  295.134 ms  22728 KB  nodes=2615
[983/11200] jsmtlib | RC-10.smt2 -> fail  10014.8 ms  1664 KB  nodes=0
[984/11200] z3 | RC-10.smt2 -> ok  162.548 ms  8320 KB  nodes=5167
[985/11200] antlr4 | RC-10.smt2 -> ok  3044.43 ms  10240 KB  nodes=49184
[986/11200] cvc5 | RC-10.smt2 -> ok  1327.69 ms  26880 KB  nodes=2618
[987/11200] smt-switch | RC-10.smt2 -> ok  1191.64 ms  27136 KB  nodes=5167
[988/11200] native | prp-26-37.smt2 -> ok  195.754 ms  21888 KB  nodes=9284
[989/11200] pysmt | prp-26-37.smt2 -> ok  1111.9 ms  25476 KB  nodes=9826
[990/11200] jsmtlib | prp-26-37.smt2 -> ok  4263.07 ms  14336 KB  nodes=13560
[991/11200] z3 | prp-26-37.smt2 -> ok  391.521 ms  11016 KB  nodes=9826
[992/11200] antlr4 | prp-26-37.smt2 -> ok  3270.82 ms  20140 KB  nodes=188018
[993/11200] cvc5 | prp-26-37.smt2 -> fail  10058.1 ms  1664 KB  nodes=0
[994/11200] smt-switch | prp-26-37.smt2 -> fail  10040.9 ms  1664 KB  nodes=0
[995/11200] native | convert-jpg2gif-query-1598.smt2 -> ok  620.347 ms  23260 KB  nodes=13102
[996/11200] pysmt | convert-jpg2gif-query-1598.smt2 -> ok  1805.68 ms  26920 KB  nodes=14867
[997/11200] jsmtlib | convert-jpg2gif-query-1598.smt2 -> fail  5307.23 ms  1664 KB  nodes=0
[998/11200] z3 | convert-jpg2gif-query-1598.smt2 -> ok  406.975 ms  10500 KB  nodes=14887
[999/11200] antlr4 | convert-jpg2gif-query-1598.smt2 -> ok  4110.06 ms  20300 KB  nodes=190701
[1000/11200] cvc5 | convert-jpg2gif-query-1598.smt2 -> fail  10026.2 ms  1664 KB  nodes=0
[1001/11200] smt-switch | convert-jpg2gif-query-1598.smt2 -> fail  10046.9 ms  1664 KB  nodes=0
[1002/11200] native | RF-04.smt2 -> ok  491.589 ms  18432 KB  nodes=2616
[1003/11200] pysmt | RF-04.smt2 -> ok  357.126 ms  22996 KB  nodes=2617
[1004/11200] jsmtlib | RF-04.smt2 -> fail  10012.9 ms  1664 KB  nodes=0
[1005/11200] z3 | RF-04.smt2 -> ok  130.321 ms  8320 KB  nodes=5167
[1006/11200] antlr4 | RF-04.smt2 -> ok  2938.26 ms  10240 KB  nodes=49183
[1007/11200] cvc5 | RF-04.smt2 -> ok  1159.8 ms  29400 KB  nodes=2616
[1008/11200] smt-switch | RF-04.smt2 -> ok  1423.59 ms  29116 KB  nodes=5167
[1009/11200] native | RC-10.smt2 -> ok  178.963 ms  17920 KB  nodes=763
[1010/11200] pysmt | RC-10.smt2 -> ok  165.641 ms  21732 KB  nodes=764
[1011/11200] jsmtlib | RC-10.smt2 -> fail  7363.89 ms  1664 KB  nodes=0
[1012/11200] z3 | RC-10.smt2 -> ok  47.336 ms  7936 KB  nodes=1421
[1013/11200] antlr4 | RC-10.smt2 -> ok  2554.13 ms  6144 KB  nodes=14422
[1014/11200] cvc5 | RC-10.smt2 -> ok  183.349 ms  18176 KB  nodes=765
[1015/11200] smt-switch | RC-10.smt2 -> ok  251.806 ms  19968 KB  nodes=1421
[1016/11200] native | RC-02.smt2 -> ok  253.548 ms  18560 KB  nodes=2407
[1017/11200] pysmt | RC-02.smt2 -> ok  412.04 ms  22648 KB  nodes=2409
[1018/11200] jsmtlib | RC-02.smt2 -> fail  10002.4 ms  1664 KB  nodes=0
[1019/11200] z3 | RC-02.smt2 -> ok  190.576 ms  8064 KB  nodes=4414
[1020/11200] antlr4 | RC-02.smt2 -> ok  3072.03 ms  9216 KB  nodes=44578
[1021/11200] cvc5 | RC-02.smt2 -> ok  972.209 ms  24576 KB  nodes=2410
[1022/11200] smt-switch | RC-02.smt2 -> ok  922.011 ms  25600 KB  nodes=4414
[1023/11200] native | prp-31-35.smt2 -> ok  190.682 ms  19584 KB  nodes=4587
[1024/11200] pysmt | prp-31-35.smt2 -> ok  750.347 ms  23136 KB  nodes=4887
[1025/11200] jsmtlib | prp-31-35.smt2 -> ok  4174.52 ms  8192 KB  nodes=6383
[1026/11200] z3 | prp-31-35.smt2 -> ok  372.027 ms  9468 KB  nodes=4887
[1027/11200] antlr4 | prp-31-35.smt2 -> ok  3296.97 ms  14336 KB  nodes=90052
[1028/11200] cvc5 | prp-31-35.smt2 -> fail  10025.7 ms  1664 KB  nodes=0
[1029/11200] smt-switch | prp-31-35.smt2 -> fail  10006.3 ms  1664 KB  nodes=0
[1030/11200] native | ex7520_2400_100.smt2 -> ok  295.798 ms  19072 KB  nodes=4005
[1031/11200] pysmt | ex7520_2400_100.smt2 -> ok  374.204 ms  23172 KB  nodes=4005
[1032/11200] jsmtlib | ex7520_2400_100.smt2 -> ok  2780.02 ms  6144 KB  nodes=4589
[1033/11200] z3 | ex7520_2400_100.smt2 -> timeout  10000 ms  8320 KB  nodes=4005
[1034/11200] antlr4 | ex7520_2400_100.smt2 -> ok  2606.92 ms  11264 KB  nodes=64997
[1035/11200] cvc5 | ex7520_2400_100.smt2 -> fail  10021.1 ms  1664 KB  nodes=0
[1036/11200] smt-switch | ex7520_2400_100.smt2 -> ok  3187.62 ms  30464 KB  nodes=4005
[1037/11200] native | prp-17-46.smt2 -> ok  3587.99 ms  21632 KB  nodes=9138
[1038/11200] pysmt | prp-17-46.smt2 -> ok  1830.16 ms  24920 KB  nodes=9601
[1039/11200] jsmtlib | prp-17-46.smt2 -> ok  3883.29 ms  14336 KB  nodes=12642
[1040/11200] z3 | prp-17-46.smt2 -> ok  5591.23 ms  10816 KB  nodes=9601
[1041/11200] antlr4 | prp-17-46.smt2 -> ok  4583.06 ms  19384 KB  nodes=180893
[1042/11200] cvc5 | prp-17-46.smt2 -> fail  10017.9 ms  1664 KB  nodes=0
[1043/11200] smt-switch | prp-17-46.smt2 -> fail  10006.7 ms  1664 KB  nodes=0
[1044/11200] native | prp-17-39.smt2 -> ok  829.895 ms  22400 KB  nodes=10659
[1045/11200] pysmt | prp-17-39.smt2 -> timeout  10000 ms  26484 KB  nodes=11265
[1046/11200] jsmtlib | prp-17-39.smt2 -> ok  4931.43 ms  16384 KB  nodes=15559
[1047/11200] z3 | prp-17-39.smt2 -> ok  688.042 ms  11452 KB  nodes=11265
[1048/11200] antlr4 | prp-17-39.smt2 -> ok  3976.22 ms  24704 KB  nodes=216228
[1049/11200] cvc5 | prp-17-39.smt2 -> fail  10029.6 ms  1664 KB  nodes=0
[1050/11200] smt-switch | prp-17-39.smt2 -> fail  10045.3 ms  1664 KB  nodes=0
[1051/11200] native | 14.lp.smt2 -> ok  570.357 ms  21540 KB  nodes=9152
[1052/11200] pysmt | 14.lp.smt2 -> ok  2663.77 ms  26788 KB  nodes=9153
[1053/11200] jsmtlib | 14.lp.smt2 -> ok  5426.87 ms  2376 KB  nodes=35392
[1054/11200] z3 | 14.lp.smt2 -> ok  346.525 ms  9668 KB  nodes=27154
[1055/11200] antlr4 | 14.lp.smt2 -> ok  4435.94 ms  28325 KB  nodes=262941
[1056/11200] cvc5 | 14.lp.smt2 -> ok  1029.56 ms  30156 KB  nodes=9164
[1057/11200] smt-switch | 14.lp.smt2 -> ok  2257.54 ms  27392 KB  nodes=27154
[1058/11200] native | hhk2008-O0.smt2 -> ok  842.372 ms  30592 KB  nodes=32433
[1059/11200] pysmt | hhk2008-O0.smt2 -> ok  6646.74 ms  43112 KB  nodes=50022
[1060/11200] jsmtlib | hhk2008-O0.smt2 -> fail  7769.68 ms  1664 KB  nodes=0
[1061/11200] z3 | hhk2008-O0.smt2 -> ok  781.793 ms  13036 KB  nodes=34822
[1062/11200] antlr4 | hhk2008-O0.smt2 -> ok  7392.13 ms  66645 KB  nodes=584620
[1063/11200] cvc5 | hhk2008-O0.smt2 -> fail  10044.3 ms  1664 KB  nodes=0
[1064/11200] smt-switch | hhk2008-O0.smt2 -> fail  10012.5 ms  1664 KB  nodes=0
[1065/11200] native | 31.lp.smt2 -> ok  850.143 ms  20624 KB  nodes=7937
[1066/11200] pysmt | 31.lp.smt2 -> ok  1944.39 ms  26024 KB  nodes=7938
[1067/11200] jsmtlib | 31.lp.smt2 -> ok  5630.91 ms  21504 KB  nodes=31165
[1068/11200] z3 | 31.lp.smt2 -> ok  602.364 ms  8992 KB  nodes=23892
[1069/11200] antlr4 | 31.lp.smt2 -> fail  10055.3 ms  1664 KB  nodes=0
[1070/11200] cvc5 | 31.lp.smt2 -> timeout  10000 ms   KB  nodes=
[1071/11200] smt-switch | 31.lp.smt2 -> timeout  10000 ms   KB  nodes=
[1072/11200] native | dp_10.formula1-s-O2-b9.smo2.smt2 -> timeout  10000 ms   KB  nodes=
[1/10128] pysmt | dp_10.formula1-s-O2-b9.smo2.smt2 -> ok  292.713 ms  29912 KB  nodes=15147
[2/10128] jsmtlib | dp_10.formula1-s-O2-b9.smo2.smt2 -> ok  1300.81 ms  12608 KB  nodes=62160
[3/10128] z3 | dp_10.formula1-s-O2-b9.smo2.smt2 -> ok  90.01 ms  10508 KB  nodes=49314
[4/10128] antlr4 | dp_10.formula1-s-O2-b9.smo2.smt2 -> ok  656.529 ms  53456 KB  nodes=456643
[5/10128] cvc5 | dp_10.formula1-s-O2-b9.smo2.smt2 -> ok  217.533 ms  39360 KB  nodes=15158
[6/10128] smt-switch | dp_10.formula1-s-O2-b9.smo2.smt2 -> ok  416.711 ms  35392 KB  nodes=49314
[7/10128] native | prp-17-47.smt2 -> ok  62.1437 ms  23044 KB  nodes=11883
[8/10128] pysmt | prp-17-47.smt2 -> ok  162.794 ms  27028 KB  nodes=12441
[9/10128] jsmtlib | prp-17-47.smt2 -> ok  1317.19 ms  17408 KB  nodes=16732
[10/10128] z3 | prp-17-47.smt2 -> ok  57.42 ms  13468 KB  nodes=12441
[11/10128] antlr4 | prp-17-47.smt2 -> ok  565.707 ms  26240 KB  nodes=236764
[12/10128] cvc5 | prp-17-47.smt2 -> fail  10035.4 ms  1664 KB  nodes=0
[13/10128] smt-switch | prp-17-47.smt2 -> fail  10034.2 ms  1664 KB  nodes=0
[14/10128] native | prp-84-50.smt2 -> ok  188.568 ms  35048 KB  nodes=37650
[15/10128] pysmt | prp-84-50.smt2 -> ok  617.562 ms  37092 KB  nodes=39054
[16/10128] jsmtlib | prp-84-50.smt2 -> fail  1608.1 ms  1664 KB  nodes=0
[17/10128] z3 | prp-84-50.smt2 -> ok  334.028 ms  63020 KB  nodes=39054
[18/10128] antlr4 | prp-84-50.smt2 -> ok  882.184 ms  87760 KB  nodes=762757
[19/10128] cvc5 | prp-84-50.smt2 -> fail  10035.5 ms  1664 KB  nodes=0
[20/10128] smt-switch | prp-84-50.smt2 -> fail  10037 ms  1664 KB  nodes=0
[21/10128] native | prp-9-49.smt2 -> ok  120.422 ms  25856 KB  nodes=18229
[22/10128] pysmt | prp-9-49.smt2 -> ok  331.052 ms  29096 KB  nodes=18806
[23/10128] jsmtlib | prp-9-49.smt2 -> fail  1603.3 ms  1664 KB  nodes=0
[24/10128] z3 | prp-9-49.smt2 -> ok  100.438 ms  29636 KB  nodes=18806
[25/10128] antlr4 | prp-9-49.smt2 -> ok  708.094 ms  42704 KB  nodes=376409
[26/10128] cvc5 | prp-9-49.smt2 -> fail  10040.8 ms  1664 KB  nodes=0
[27/10128] smt-switch | prp-9-49.smt2 -> fail  10038.4 ms  1664 KB  nodes=0
[28/10128] native | RF-00.smt2 -> ok  200.642 ms  34016 KB  nodes=40104
[29/10128] pysmt | RF-00.smt2 -> ok  819.197 ms  44588 KB  nodes=40105
[30/10128] jsmtlib | RF-00.smt2 -> fail  10004.3 ms  1664 KB  nodes=0
[31/10128] z3 | RF-00.smt2 -> ok  184.479 ms  22696 KB  nodes=73646
[32/10128] antlr4 | RF-00.smt2 -> ok  1006.24 ms  84176 KB  nodes=742788
[33/10128] cvc5 | RF-00.smt2 -> ok  1792.65 ms  147508 KB  nodes=40104
[34/10128] smt-switch | RF-00.smt2 -> ok  1990.34 ms  134624 KB  nodes=73646
[35/10128] native | RC-13.smt2 -> ok  171.115 ms  34004 KB  nodes=40084
[36/10128] pysmt | RC-13.smt2 -> ok  864.021 ms  44352 KB  nodes=40085
[37/10128] jsmtlib | RC-13.smt2 -> fail  10000.7 ms  1664 KB  nodes=0
[38/10128] z3 | RC-13.smt2 -> ok  188.842 ms  22748 KB  nodes=73613
[39/10128] antlr4 | RC-13.smt2 -> ok  1096.15 ms  84176 KB  nodes=742498
[40/10128] cvc5 | RC-13.smt2 -> ok  1630.48 ms  146332 KB  nodes=40084
[41/10128] smt-switch | RC-13.smt2 -> ok  2108.04 ms  134868 KB  nodes=73613
[42/10128] native | prp-10-50.smt2 -> ok  171.274 ms  29040 KB  nodes=25168
[43/10128] pysmt | prp-10-50.smt2 -> ok  601.399 ms  32976 KB  nodes=26153
[44/10128] jsmtlib | prp-10-50.smt2 -> fail  1294.35 ms  1664 KB  nodes=0
[45/10128] z3 | prp-10-50.smt2 -> ok  367.92 ms  60228 KB  nodes=26153
[46/10128] antlr4 | prp-10-50.smt2 -> ok  951.218 ms  58998 KB  nodes=508296
[47/10128] cvc5 | prp-10-50.smt2 -> fail  10040 ms  1664 KB  nodes=0
[48/10128] smt-switch | prp-10-50.smt2 -> fail  10039.5 ms  1664 KB  nodes=0
[49/10128] native | RF-13.smt2 -> ok  499.473 ms  58412 KB  nodes=98191
[50/10128] pysmt | RF-13.smt2 -> ok  2579.11 ms  77740 KB  nodes=98192
[51/10128] jsmtlib | RF-13.smt2 -> fail  10002.3 ms  1664 KB  nodes=0
[52/10128] z3 | RF-13.smt2 -> ok  593.669 ms  114420 KB  nodes=194358
[53/10128] antlr4 | RF-13.smt2 -> ok  1792.32 ms  209616 KB  nodes=1843903
[54/10128] cvc5 | RF-13.smt2 -> fail  10040.6 ms  1664 KB  nodes=0
[55/10128] smt-switch | RF-13.smt2 -> fail  10046.3 ms  1664 KB  nodes=0
[56/10128] native | RF-11.smt2 -> ok  275.291 ms  37836 KB  nodes=49180
[57/10128] pysmt | RF-11.smt2 -> ok  1378.59 ms  50264 KB  nodes=49181
[58/10128] jsmtlib | RF-11.smt2 -> fail  10001.5 ms  1664 KB  nodes=0
[59/10128] z3 | RF-11.smt2 -> ok  318.622 ms  56624 KB  nodes=97345
[60/10128] antlr4 | RF-11.smt2 -> ok  1441.46 ms  104066 KB  nodes=923432
[61/10128] cvc5 | RF-11.smt2 -> fail  10042.5 ms  1664 KB  nodes=0
[62/10128] smt-switch | RF-11.smt2 -> fail  10049.2 ms  1664 KB  nodes=0
[63/10128] native | prp-72-50.smt2 -> ok  119.543 ms  25216 KB  nodes=16097
[64/10128] pysmt | prp-72-50.smt2 -> ok  429.252 ms  28772 KB  nodes=16809
[65/10128] jsmtlib | prp-72-50.smt2 -> ok  1306.88 ms  22528 KB  nodes=22649
[66/10128] z3 | prp-72-50.smt2 -> ok  133.167 ms  16180 KB  nodes=16809
[67/10128] antlr4 | prp-72-50.smt2 -> ok  850.828 ms  35024 KB  nodes=322048
[68/10128] cvc5 | prp-72-50.smt2 -> fail  10008.2 ms  1664 KB  nodes=0
[69/10128] smt-switch | prp-72-50.smt2 -> fail  10048.7 ms  1664 KB  nodes=0
[70/10128] native | rand_80_340_1159656267_10.lp.smt2 -> ok  237.218 ms  31360 KB  nodes=32937
[71/10128] pysmt | rand_80_340_1159656267_10.lp.smt2 -> ok  1369.66 ms  40660 KB  nodes=32938
[72/10128] jsmtlib | rand_80_340_1159656267_10.lp.smt2 -> ok  1989.39 ms  13692 KB  nodes=119477
[73/10128] z3 | rand_80_340_1159656267_10.lp.smt2 -> timeout  10000 ms  22124 KB  nodes=90145
[74/10128] antlr4 | rand_80_340_1159656267_10.lp.smt2 -> ok  1351.98 ms  99536 KB  nodes=879307
[75/10128] cvc5 | rand_80_340_1159656267_10.lp.smt2 -> fail  10046.6 ms  1664 KB  nodes=0
[76/10128] smt-switch | rand_80_340_1159656267_10.lp.smt2 -> ok  1511.37 ms  68824 KB  nodes=90145
[77/10128] native | prp-34-48.smt2 -> ok  6119.07 ms  27648 KB  nodes=22445
[78/10128] pysmt | prp-34-48.smt2 -> ok  677.075 ms  32128 KB  nodes=23125
[79/10128] jsmtlib | prp-34-48.smt2 -> fail  1755.32 ms  1664 KB  nodes=0
[80/10128] z3 | prp-34-48.smt2 -> ok  174.214 ms  30220 KB  nodes=23125
[81/10128] antlr4 | prp-34-48.smt2 -> ok  1149.87 ms  51920 KB  nodes=446656
[82/10128] cvc5 | prp-34-48.smt2 -> fail  10008.3 ms  1664 KB  nodes=0
[83/10128] smt-switch | prp-34-48.smt2 -> fail  10030.1 ms  1664 KB  nodes=0
[84/10128] native | prp-43-48.smt2 -> ok  228.775 ms  27392 KB  nodes=20872
[85/10128] pysmt | prp-43-48.smt2 -> ok  607.915 ms  30216 KB  nodes=21736
[86/10128] jsmtlib | prp-43-48.smt2 -> fail  2365.98 ms  1664 KB  nodes=0
[87/10128] z3 | prp-43-48.smt2 -> ok  6234.32 ms  60152 KB  nodes=21736
[88/10128] antlr4 | prp-43-48.smt2 -> ok  1622.46 ms  45776 KB  nodes=420527
[89/10128] cvc5 | prp-43-48.smt2 -> fail  10050.9 ms  1664 KB  nodes=0
[90/10128] smt-switch | prp-43-48.smt2 -> fail  10015.3 ms  1664 KB  nodes=0
[91/10128] native | prp-20-47.smt2 -> ok  242.073 ms  27264 KB  nodes=21093
[92/10128] pysmt | prp-20-47.smt2 -> ok  921.346 ms  29940 KB  nodes=21749
[93/10128] jsmtlib | prp-20-47.smt2 -> fail  3315.99 ms  1664 KB  nodes=0
[94/10128] z3 | prp-20-47.smt2 -> ok  308.175 ms  30036 KB  nodes=21749
[95/10128] antlr4 | prp-20-47.smt2 -> ok  2201.34 ms  46800 KB  nodes=419436
[96/10128] cvc5 | prp-20-47.smt2 -> fail  10032.9 ms  1664 KB  nodes=0
[97/10128] smt-switch | prp-20-47.smt2 -> fail  10004.5 ms  1664 KB  nodes=0
[98/10128] native | prp-38-46.smt2 -> ok  160.521 ms  24704 KB  nodes=15780
[99/10128] pysmt | prp-38-46.smt2 -> ok  962.786 ms  28228 KB  nodes=16642
[100/10128] jsmtlib | prp-38-46.smt2 -> ok  2680.56 ms  19456 KB  nodes=22952
[101/10128] z3 | prp-38-46.smt2 -> ok  198.507 ms  13412 KB  nodes=16642
[102/10128] antlr4 | prp-38-46.smt2 -> ok  1814.56 ms  37072 KB  nodes=321794
[103/10128] cvc5 | prp-38-46.smt2 -> fail  10030.8 ms  1664 KB  nodes=0
[104/10128] smt-switch | prp-38-46.smt2 -> fail  10021.5 ms  1664 KB  nodes=0
[105/10128] native | prp-23-47.smt2 -> ok  300.415 ms  26624 KB  nodes=20131
[106/10128] pysmt | prp-23-47.smt2 -> ok  1387.29 ms  29028 KB  nodes=21010
[107/10128] jsmtlib | prp-23-47.smt2 -> ok  2809.63 ms  12376 KB  nodes=27575
[108/10128] z3 | prp-23-47.smt2 -> ok  226.232 ms  14824 KB  nodes=21010
[109/10128] antlr4 | prp-23-47.smt2 -> ok  2553.47 ms  45264 KB  nodes=399473
[110/10128] cvc5 | prp-23-47.smt2 -> fail  10009.3 ms  1664 KB  nodes=0
[111/10128] smt-switch | prp-23-47.smt2 -> fail  10024.5 ms  1664 KB  nodes=0
[112/10128] native | insertion_sort-2-O0.smt2 -> ok  362.564 ms  28684 KB  nodes=27960
[113/10128] pysmt | insertion_sort-2-O0.smt2 -> ok  6865.71 ms  118968 KB  nodes=321059
[114/10128] jsmtlib | insertion_sort-2-O0.smt2 -> fail  4690.73 ms  1664 KB  nodes=0
[115/10128] z3 | insertion_sort-2-O0.smt2 -> ok  343.856 ms  12208 KB  nodes=31029
[116/10128] antlr4 | insertion_sort-2-O0.smt2 -> ok  3000.82 ms  54480 KB  nodes=494548
[117/10128] cvc5 | insertion_sort-2-O0.smt2 -> fail  10011.6 ms  1664 KB  nodes=0
[118/10128] smt-switch | insertion_sort-2-O0.smt2 -> ok  6253.5 ms  129228 KB  nodes=31029
[119/10128] native | prp-48-47.smt2 -> ok  6176.2 ms  30692 KB  nodes=28312
[120/10128] pysmt | prp-48-47.smt2 -> ok  1519.17 ms  34124 KB  nodes=29467
[121/10128] jsmtlib | prp-48-47.smt2 -> fail  3674.51 ms  1664 KB  nodes=0
[122/10128] z3 | prp-48-47.smt2 -> ok  679.231 ms  68456 KB  nodes=29467
[123/10128] antlr4 | prp-48-47.smt2 -> ok  2498.7 ms  65122 KB  nodes=571268
[124/10128] cvc5 | prp-48-47.smt2 -> fail  10007.4 ms  1664 KB  nodes=0
[125/10128] smt-switch | prp-48-47.smt2 -> fail  10010 ms  1664 KB  nodes=0
[126/10128] native | prp-51-44.smt2 -> ok  232.109 ms  24064 KB  nodes=14221
[127/10128] pysmt | prp-51-44.smt2 -> ok  688.537 ms  27992 KB  nodes=15002
[128/10128] jsmtlib | prp-51-44.smt2 -> ok  3036.6 ms  20480 KB  nodes=20694
[129/10128] z3 | prp-51-44.smt2 -> ok  231.532 ms  13008 KB  nodes=15002
[130/10128] antlr4 | prp-51-44.smt2 -> ok  2149.26 ms  31952 KB  nodes=289626
[131/10128] cvc5 | prp-51-44.smt2 -> fail  10008.5 ms  1664 KB  nodes=0
[132/10128] smt-switch | prp-51-44.smt2 -> fail  10013 ms  1664 KB  nodes=0
[133/10128] native | RC-11.smt2 -> ok  190.545 ms  23528 KB  nodes=15006
[134/10128] pysmt | RC-11.smt2 -> ok  848.058 ms  30564 KB  nodes=15008
[135/10128] jsmtlib | RC-11.smt2 -> fail  10021.1 ms  1664 KB  nodes=0
[136/10128] z3 | RC-11.smt2 -> ok  239.037 ms  9888 KB  nodes=27507
[137/10128] antlr4 | RC-11.smt2 -> ok  1919.65 ms  30928 KB  nodes=277619
[138/10128] cvc5 | RC-11.smt2 -> ok  1275.89 ms  65136 KB  nodes=15007
[139/10128] smt-switch | RC-11.smt2 -> ok  1739.88 ms  62248 KB  nodes=27507
[140/10128] native | prp-6-47.smt2 -> ok  510.507 ms  30816 KB  nodes=28350
[141/10128] pysmt | prp-6-47.smt2 -> ok  1464.62 ms  33624 KB  nodes=29505
[142/10128] jsmtlib | prp-6-47.smt2 -> fail  3142.58 ms  1664 KB  nodes=0
[143/10128] z3 | prp-6-47.smt2 -> ok  1456.17 ms  68408 KB  nodes=29505
[144/10128] antlr4 | prp-6-47.smt2 -> ok  2544.65 ms  66256 KB  nodes=571939
[145/10128] cvc5 | prp-6-47.smt2 -> fail  10061.2 ms  1664 KB  nodes=0
[146/10128] smt-switch | prp-6-47.smt2 -> fail  10031.7 ms  1664 KB  nodes=0
[147/10128] native | prp-50-48.smt2 -> ok  6327.08 ms  27648 KB  nodes=22429
[148/10128] pysmt | prp-50-48.smt2 -> ok  1204.81 ms  31884 KB  nodes=23109
[149/10128] jsmtlib | prp-50-48.smt2 -> fail  3807.48 ms  1664 KB  nodes=0
[150/10128] z3 | prp-50-48.smt2 -> ok  347.292 ms  30132 KB  nodes=23109
[151/10128] antlr4 | prp-50-48.smt2 -> ok  2383.43 ms  49872 KB  nodes=446376
[152/10128] cvc5 | prp-50-48.smt2 -> fail  10038.8 ms  1664 KB  nodes=0
[153/10128] smt-switch | prp-50-48.smt2 -> fail  10015.9 ms  1664 KB  nodes=0
[154/10128] native | prp-17-50.smt2 -> ok  406.72 ms  28288 KB  nodes=24197
[155/10128] pysmt | prp-17-50.smt2 -> ok  1301.97 ms  32096 KB  nodes=25221
[156/10128] jsmtlib | prp-17-50.smt2 -> fail  3851.14 ms  1664 KB  nodes=0
[157/10128] z3 | prp-17-50.smt2 -> ok  400.385 ms  30564 KB  nodes=25221
[158/10128] antlr4 | prp-17-50.smt2 -> ok  2422.25 ms  54840 KB  nodes=481916
[159/10128] cvc5 | prp-17-50.smt2 -> fail  10028.7 ms  1664 KB  nodes=0
[160/10128] smt-switch | prp-17-50.smt2 -> fail  10024.1 ms  1664 KB  nodes=0
[161/10128] native | prp-37-49.smt2 -> ok  276.77 ms  24192 KB  nodes=14606
[162/10128] pysmt | prp-37-49.smt2 -> ok  809.456 ms  27620 KB  nodes=15263
[163/10128] jsmtlib | prp-37-49.smt2 -> ok  2453.14 ms  18432 KB  nodes=20572
[164/10128] z3 | prp-37-49.smt2 -> ok  237.025 ms  15464 KB  nodes=15263
[165/10128] antlr4 | prp-37-49.smt2 -> ok  1584.97 ms  31952 KB  nodes=291786
[166/10128] cvc5 | prp-37-49.smt2 -> fail  10048.9 ms  1664 KB  nodes=0
[167/10128] smt-switch | prp-37-49.smt2 -> fail  10010.6 ms  1664 KB  nodes=0
[168/10128] native | normalized-j3041_4-unsat.smt2 -> ok  1116.43 ms  41428 KB  nodes=58285
[169/10128] pysmt | normalized-j3041_4-unsat.smt2 -> ok  5784.89 ms  48848 KB  nodes=63123
[170/10128] jsmtlib | normalized-j3041_4-unsat.smt2 -> ok  5365.42 ms  25993 KB  nodes=262520
[171/10128] z3 | normalized-j3041_4-unsat.smt2 -> ok  715.723 ms  27156 KB  nodes=217906
[172/10128] antlr4 | normalized-j3041_4-unsat.smt2 -> ok  5012.91 ms  212688 KB  nodes=1878873
[173/10128] cvc5 | normalized-j3041_4-unsat.smt2 -> fail  10038 ms  1664 KB  nodes=0
[174/10128] smt-switch | normalized-j3041_4-unsat.smt2 -> fail  10016.4 ms  1664 KB  nodes=0
[175/10128] native | prp-24-50.smt2 -> ok  335.819 ms  28800 KB  nodes=25300
[176/10128] pysmt | prp-24-50.smt2 -> ok  2412.76 ms  32756 KB  nodes=26029
[177/10128] jsmtlib | prp-24-50.smt2 -> fail  5930.79 ms  1664 KB  nodes=0
[178/10128] z3 | prp-24-50.smt2 -> ok  513.478 ms  30392 KB  nodes=26029
[179/10128] antlr4 | prp-24-50.smt2 -> ok  2705.93 ms  56469 KB  nodes=504000
[180/10128] cvc5 | prp-24-50.smt2 -> fail  10043.3 ms  1664 KB  nodes=0
[181/10128] smt-switch | prp-24-50.smt2 -> fail  10021.5 ms  1664 KB  nodes=0
[182/10128] native | prp-20-48.smt2 -> ok  651.704 ms  31872 KB  nodes=31155
[183/10128] pysmt | prp-20-48.smt2 -> ok  2767.91 ms  34940 KB  nodes=32388
[184/10128] jsmtlib | prp-20-48.smt2 -> fail  5292.76 ms  1664 KB  nodes=0
[185/10128] z3 | prp-20-48.smt2 -> ok  797.373 ms  69208 KB  nodes=32388
[186/10128] antlr4 | prp-20-48.smt2 -> ok  2924.49 ms  71888 KB  nodes=629299
[187/10128] cvc5 | prp-20-48.smt2 -> fail  10043.5 ms  1664 KB  nodes=0
[188/10128] smt-switch | prp-20-48.smt2 -> fail  10021.5 ms  1664 KB  nodes=0
[189/10128] native | constraint-901996.smt2 -> ok  549.988 ms  33976 KB  nodes=41877
[190/10128] pysmt | constraint-901996.smt2 -> ok  3146.15 ms  38036 KB  nodes=41881
[191/10128] jsmtlib | constraint-901996.smt2 -> ok  2803.56 ms  23392 KB  nodes=49962
[192/10128] z3 | constraint-901996.smt2 -> ok  1014.48 ms  23356 KB  nodes=41881
[193/10128] antlr4 | constraint-901996.smt2 -> ok  5455.88 ms  75472 KB  nodes=671306
[194/10128] cvc5 | constraint-901996.smt2 -> fail  10029.7 ms  1664 KB  nodes=0
[195/10128] smt-switch | constraint-901996.smt2 -> fail  10047.3 ms  1664 KB  nodes=0
[196/10128] native | prp-58-47.smt2 -> ok  150.304 ms  22920 KB  nodes=11865
[197/10128] pysmt | prp-58-47.smt2 -> ok  893.892 ms  26780 KB  nodes=12423
[198/10128] jsmtlib | prp-58-47.smt2 -> ok  3895.3 ms  17408 KB  nodes=16706
[199/10128] z3 | prp-58-47.smt2 -> ok  232.798 ms  13248 KB  nodes=12423
[200/10128] antlr4 | prp-58-47.smt2 -> ok  2436.16 ms  26316 KB  nodes=236461
[201/10128] cvc5 | prp-58-47.smt2 -> fail  10011.6 ms  1664 KB  nodes=0
[202/10128] smt-switch | prp-58-47.smt2 -> fail  10041.3 ms  1664 KB  nodes=0
[203/10128] native | prp-43-47.smt2 -> ok  497.343 ms  26796 KB  nodes=21077
[204/10128] pysmt | prp-43-47.smt2 -> ok  1990.58 ms  29820 KB  nodes=21733
[205/10128] jsmtlib | prp-43-47.smt2 -> fail  4496.78 ms  1664 KB  nodes=0
[206/10128] z3 | prp-43-47.smt2 -> ok  265.304 ms  30056 KB  nodes=21733
[207/10128] antlr4 | prp-43-47.smt2 -> ok  2300.09 ms  46800 KB  nodes=419156
[208/10128] cvc5 | prp-43-47.smt2 -> fail  10030.1 ms  1664 KB  nodes=0
[209/10128] smt-switch | prp-43-47.smt2 -> fail  10017.2 ms  1664 KB  nodes=0
[210/10128] native | constraint-2061672.smt2 -> ok  2485.2 ms  57832 KB  nodes=99743
[211/10128] pysmt | constraint-2061672.smt2 -> fail  10006.8 ms  1664 KB  nodes=0
[212/10128] jsmtlib | constraint-2061672.smt2 -> ok  6107.09 ms  47102 KB  nodes=120816
[213/10128] z3 | constraint-2061672.smt2 -> ok  7139.84 ms  52296 KB  nodes=99935
[214/10128] antlr4 | constraint-2061672.smt2 -> ok  5777.64 ms  193952 KB  nodes=1660600
[215/10128] cvc5 | constraint-2061672.smt2 -> fail  10039.2 ms  1664 KB  nodes=0
[216/10128] smt-switch | constraint-2061672.smt2 -> fail  10034 ms  1664 KB  nodes=0
[217/10128] native | RC-13.smt2 -> ok  240.654 ms  23412 KB  nodes=15010
[218/10128] pysmt | RC-13.smt2 -> ok  1081.33 ms  30556 KB  nodes=15011
[219/10128] jsmtlib | RC-13.smt2 -> fail  10026 ms  1664 KB  nodes=0
[220/10128] z3 | RC-13.smt2 -> ok  134.581 ms  10148 KB  nodes=27514
[221/10128] antlr4 | RC-13.smt2 -> ok  2893.81 ms  30352 KB  nodes=277675
[222/10128] cvc5 | RC-13.smt2 -> ok  2092.88 ms  65396 KB  nodes=15010
[223/10128] smt-switch | RC-13.smt2 -> ok  5318.65 ms  62308 KB  nodes=27514
[224/10128] native | prp-39-46.smt2 -> ok  508.715 ms  24576 KB  nodes=15778
[225/10128] pysmt | prp-39-46.smt2 -> ok  1509.7 ms  27836 KB  nodes=16640
[226/10128] jsmtlib | prp-39-46.smt2 -> ok  4061.59 ms  9440 KB  nodes=22948
[227/10128] z3 | prp-39-46.smt2 -> ok  440.829 ms  13364 KB  nodes=16640
[228/10128] antlr4 | prp-39-46.smt2 -> ok  2966.01 ms  36560 KB  nodes=321753
[229/10128] cvc5 | prp-39-46.smt2 -> fail  10000.6 ms  1664 KB  nodes=0
[230/10128] smt-switch | prp-39-46.smt2 -> fail  10003.7 ms  1664 KB  nodes=0
[231/10128] native | prp-0-196.smt2 -> ok  441.621 ms  22784 KB  nodes=11230
[232/10128] pysmt | prp-0-196.smt2 -> ok  541.28 ms  27528 KB  nodes=11969
[233/10128] jsmtlib | prp-0-196.smt2 -> fail  3368.62 ms  1664 KB  nodes=0
[234/10128] z3 | prp-0-196.smt2 -> ok  188.31 ms  11228 KB  nodes=11968
[235/10128] antlr4 | prp-0-196.smt2 -> ok  2890.9 ms  26332 KB  nodes=240242
[236/10128] cvc5 | prp-0-196.smt2 -> fail  10029.8 ms  1664 KB  nodes=0
[237/10128] smt-switch | prp-0-196.smt2 -> fail  10022.3 ms  1664 KB  nodes=0
[238/10128] native | 30-treeWeight-486-8leaves.smt2 -> ok  251.514 ms  19456 KB  nodes=3994
[239/10128] pysmt | 30-treeWeight-486-8leaves.smt2 -> fail  0 ms  0 KB  nodes=0
[240/10128] jsmtlib | 30-treeWeight-486-8leaves.smt2 -> ok  3376.39 ms  13312 KB  nodes=19523
[241/10128] z3 | 30-treeWeight-486-8leaves.smt2 -> ok  91.06 ms  8704 KB  nodes=16208
[242/10128] antlr4 | 30-treeWeight-486-8leaves.smt2 -> ok  1833.97 ms  20480 KB  nodes=141729
[243/10128] cvc5 | 30-treeWeight-486-8leaves.smt2 -> ok  848.968 ms  25600 KB  nodes=4022
[244/10128] smt-switch | 30-treeWeight-486-8leaves.smt2 -> ok  1131.25 ms  25796 KB  nodes=16208
[245/10128] native | prp-29-50.smt2 -> ok  1314.98 ms  35072 KB  nodes=37672
[246/10128] pysmt | prp-29-50.smt2 -> ok  3622.93 ms  36956 KB  nodes=39075
[247/10128] jsmtlib | prp-29-50.smt2 -> fail  5384.17 ms  1664 KB  nodes=0
[248/10128] z3 | prp-29-50.smt2 -> ok  953.407 ms  62984 KB  nodes=39075
[249/10128] antlr4 | prp-29-50.smt2 -> ok  5087.5 ms  86736 KB  nodes=763138
[250/10128] cvc5 | prp-29-50.smt2 -> fail  10005.6 ms  1664 KB  nodes=0
[251/10128] smt-switch | prp-29-50.smt2 -> fail  10040 ms  1664 KB  nodes=0
[252/10128] native | prp-22-50.smt2 -> ok  408.085 ms  28800 KB  nodes=25298
[253/10128] pysmt | prp-22-50.smt2 -> ok  8751.48 ms  32232 KB  nodes=26027
[254/10128] jsmtlib | prp-22-50.smt2 -> fail  6808.43 ms  1664 KB  nodes=0
[255/10128] z3 | prp-22-50.smt2 -> ok  678.246 ms  30256 KB  nodes=26027
[256/10128] antlr4 | prp-22-50.smt2 -> ok  3700.51 ms  56016 KB  nodes=503965
[257/10128] cvc5 | prp-22-50.smt2 -> fail  10038.2 ms  1664 KB  nodes=0
[258/10128] smt-switch | prp-22-50.smt2 -> fail  10009.1 ms  1664 KB  nodes=0
[259/10128] native | 0.lp.smt2 -> ok  213.118 ms  21356 KB  nodes=8992
[260/10128] pysmt | 0.lp.smt2 -> ok  1051.84 ms  26556 KB  nodes=8993
[261/10128] jsmtlib | 0.lp.smt2 -> ok  3803.08 ms  20480 KB  nodes=34782
[262/10128] z3 | 0.lp.smt2 -> ok  108 ms  9508 KB  nodes=26672
[263/10128] antlr4 | 0.lp.smt2 -> ok  3862.63 ms  28880 KB  nodes=258439
[264/10128] cvc5 | 0.lp.smt2 -> ok  411.368 ms  31616 KB  nodes=9004
[265/10128] smt-switch | 0.lp.smt2 -> ok  848.792 ms  30080 KB  nodes=26672
[266/10128] native | FISCHER10-7-fair.smt2 -> ok  426.168 ms  26624 KB  nodes=16949
[267/10128] pysmt | FISCHER10-7-fair.smt2 -> ok  2302.24 ms  27564 KB  nodes=16809
[268/10128] jsmtlib | FISCHER10-7-fair.smt2 -> fail  5491.56 ms  1664 KB  nodes=0
[269/10128] z3 | FISCHER10-7-fair.smt2 -> ok  168.147 ms  10916 KB  nodes=16959
[270/10128] antlr4 | FISCHER10-7-fair.smt2 -> fail  2390.98 ms  1664 KB  nodes=0
[271/10128] cvc5 | FISCHER10-7-fair.smt2 -> ok  1173.86 ms  35716 KB  nodes=16959
[272/10128] smt-switch | FISCHER10-7-fair.smt2 -> ok  3193.32 ms  34060 KB  nodes=16959
[273/10128] native | prp-20-48.smt2 -> ok  321.452 ms  25600 KB  nodes=17370
[274/10128] pysmt | prp-20-48.smt2 -> ok  1265.97 ms  28656 KB  nodes=18312
[275/10128] jsmtlib | prp-20-48.smt2 -> ok  3767.43 ms  11384 KB  nodes=25254
[276/10128] z3 | prp-20-48.smt2 -> ok  238.259 ms  14124 KB  nodes=18312
[277/10128] antlr4 | prp-20-48.smt2 -> ok  3866.01 ms  40910 KB  nodes=354625
[278/10128] cvc5 | prp-20-48.smt2 -> fail  10035.4 ms  1664 KB  nodes=0
[279/10128] smt-switch | prp-20-48.smt2 -> fail  10010.1 ms  1664 KB  nodes=0
[280/10128] native | prp-36-47.smt2 -> timeout  10000 ms  30416 KB  nodes=28320
[281/10128] pysmt | prp-36-47.smt2 -> ok  4739.46 ms  34000 KB  nodes=29475
[282/10128] jsmtlib | prp-36-47.smt2 -> fail  5923.3 ms  1664 KB  nodes=0
[283/10128] z3 | prp-36-47.smt2 -> ok  2404.29 ms  68592 KB  nodes=29475
[284/10128] antlr4 | prp-36-47.smt2 -> ok  3584.68 ms  66659 KB  nodes=571402
[285/10128] cvc5 | prp-36-47.smt2 -> fail  10023.8 ms  1664 KB  nodes=0
[286/10128] smt-switch | prp-36-47.smt2 -> fail  10049.6 ms  1664 KB  nodes=0
[287/10128] native | prp-42-48.smt2 -> ok  570.081 ms  23808 KB  nodes=13199
[288/10128] pysmt | prp-42-48.smt2 -> ok  1119.81 ms  27028 KB  nodes=13803
[289/10128] jsmtlib | prp-42-48.smt2 -> ok  2055.9 ms  16384 KB  nodes=18581
[290/10128] z3 | prp-42-48.smt2 -> ok  462.159 ms  15436 KB  nodes=13803
[291/10128] antlr4 | prp-42-48.smt2 -> ok  3221.57 ms  28296 KB  nodes=263305
[292/10128] cvc5 | prp-42-48.smt2 -> fail  10019.9 ms  1664 KB  nodes=0
[293/10128] smt-switch | prp-42-48.smt2 -> fail  10035.2 ms  1664 KB  nodes=0
[294/10128] native | 38_rand_cas_vs_concur-O0.smt2 -> fail  10009 ms  1664 KB  nodes=0
[295/10128] pysmt | 38_rand_cas_vs_concur-O0.smt2 -> fail  10017.3 ms  1664 KB  nodes=0
[296/10128] jsmtlib | 38_rand_cas_vs_concur-O0.smt2 -> fail  10008.2 ms  1664 KB  nodes=0
[297/10128] z3 | 38_rand_cas_vs_concur-O0.smt2 -> fail  10042.7 ms  1664 KB  nodes=0
[298/10128] antlr4 | 38_rand_cas_vs_concur-O0.smt2 -> fail  10028.7 ms  1664 KB  nodes=0
[299/10128] cvc5 | 38_rand_cas_vs_concur-O0.smt2 -> fail  10029 ms  1664 KB  nodes=0
[300/10128] smt-switch | 38_rand_cas_vs_concur-O0.smt2 -> fail  10002.4 ms  1664 KB  nodes=0
[301/10128] native | prp-66-48.smt2 -> ok  786.725 ms  23424 KB  nodes=13185
[302/10128] pysmt | prp-66-48.smt2 -> ok  1251.43 ms  27096 KB  nodes=13790
[303/10128] jsmtlib | prp-66-48.smt2 -> ok  5237.08 ms  16384 KB  nodes=18560
[304/10128] z3 | prp-66-48.smt2 -> ok  569.928 ms  15276 KB  nodes=13790
[305/10128] antlr4 | prp-66-48.smt2 -> ok  5915.3 ms  30173 KB  nodes=263064
[306/10128] cvc5 | prp-66-48.smt2 -> fail  10035.9 ms  1664 KB  nodes=0
[307/10128] smt-switch | prp-66-48.smt2 -> fail  10019.8 ms  1664 KB  nodes=0
[308/10128] native | prp-13-41.smt2 -> ok  497.094 ms  23176 KB  nodes=12026
[309/10128] pysmt | prp-13-41.smt2 -> ok  1098.53 ms  27012 KB  nodes=12697
[310/10128] jsmtlib | prp-13-41.smt2 -> ok  5182.59 ms  15360 KB  nodes=17519
[311/10128] z3 | prp-13-41.smt2 -> ok  362.385 ms  11724 KB  nodes=12697
[312/10128] antlr4 | prp-13-41.smt2 -> ok  4703.49 ms  27856 KB  nodes=244143
[313/10128] cvc5 | prp-13-41.smt2 -> fail  10041.1 ms  1664 KB  nodes=0
[314/10128] smt-switch | prp-13-41.smt2 -> fail  10044.3 ms  1664 KB  nodes=0
[315/10128] native | prp-32-49.smt2 -> ok  6946.31 ms  33404 KB  nodes=34311
[316/10128] pysmt | prp-32-49.smt2 -> ok  4311.29 ms  35612 KB  nodes=35625
[317/10128] jsmtlib | prp-32-49.smt2 -> fail  5770.87 ms  1664 KB  nodes=0
[318/10128] z3 | prp-32-49.smt2 -> timeout  10000 ms  67652 KB  nodes=35625
[319/10128] antlr4 | prp-32-49.smt2 -> ok  4783.01 ms  80080 KB  nodes=694058
[320/10128] cvc5 | prp-32-49.smt2 -> fail  10058.8 ms  1664 KB  nodes=0
[321/10128] smt-switch | prp-32-49.smt2 -> fail  10028.5 ms  1664 KB  nodes=0
[322/10128] native | seymour.sat.smt2 -> ok  458.215 ms  24128 KB  nodes=15262
[323/10128] pysmt | seymour.sat.smt2 -> ok  3446.64 ms  28936 KB  nodes=16635
[324/10128] jsmtlib | seymour.sat.smt2 -> ok  5227.67 ms  32080 KB  nodes=105971
[325/10128] z3 | seymour.sat.smt2 -> ok  579.698 ms  10776 KB  nodes=95533
[326/10128] antlr4 | seymour.sat.smt2 -> ok  4873.26 ms  99801 KB  nodes=865177
[327/10128] cvc5 | seymour.sat.smt2 -> ok  5823.98 ms  72624 KB  nodes=16634
[328/10128] smt-switch | seymour.sat.smt2 -> fail  10021.1 ms  1664 KB  nodes=0
