[147/7146] native | sin-problem-7-weak-chunk-0027.smt2 -> ok  120.337 ms  17664 KB  nodes=32
[148/7146] pysmt | sin-problem-7-weak-chunk-0027.smt2 -> ok  14.3013 ms  21520 KB  nodes=31
[149/7146] jsmtlib | sin-problem-7-weak-chunk-0027.smt2 -> ok  2237.7 ms  2048 KB  nodes=49
[150/7146] z3 | sin-problem-7-weak-chunk-0027.smt2 -> ok  62.339 ms  7808 KB  nodes=38
[151/7146] antlr4 | sin-problem-7-weak-chunk-0027.smt2 -> ok  1107.21 ms  4096 KB  nodes=448
[152/7146] cvc5 | sin-problem-7-weak-chunk-0027.smt2 -> ok  8.74017 ms  16896 KB  nodes=38
[153/7146] smt-switch | sin-problem-7-weak-chunk-0027.smt2 -> ok  21.9987 ms  18560 KB  nodes=38
[154/7146] native | Chua-2-VC1-U-chunk-0051.smt2 -> ok  61.0693 ms  17664 KB  nodes=51
[155/7146] pysmt | Chua-2-VC1-U-chunk-0051.smt2 -> ok  14.549 ms  21684 KB  nodes=39
[156/7146] jsmtlib | Chua-2-VC1-U-chunk-0051.smt2 -> ok  2075.65 ms  2048 KB  nodes=66
[157/7146] z3 | Chua-2-VC1-U-chunk-0051.smt2 -> ok  30.102 ms  7808 KB  nodes=55
[158/7146] antlr4 | Chua-2-VC1-U-chunk-0051.smt2 -> ok  1217.51 ms  4096 KB  nodes=573
[159/7146] cvc5 | Chua-2-VC1-U-chunk-0051.smt2 -> ok  5.24861 ms  17024 KB  nodes=55
[160/7146] smt-switch | Chua-2-VC1-U-chunk-0051.smt2 -> ok  24.8783 ms  19072 KB  nodes=55
[161/7146] native | sin-cos-346-b-chunk-0278.smt2 -> ok  82.107 ms  17792 KB  nodes=53
[162/7146] pysmt | sin-cos-346-b-chunk-0278.smt2 -> ok  24.1244 ms  21472 KB  nodes=49
[163/7146] jsmtlib | sin-cos-346-b-chunk-0278.smt2 -> ok  2238.71 ms  2048 KB  nodes=72
[164/7146] z3 | sin-cos-346-b-chunk-0278.smt2 -> ok  43.323 ms  7808 KB  nodes=58
[165/7146] antlr4 | sin-cos-346-b-chunk-0278.smt2 -> ok  1202.76 ms  4096 KB  nodes=715
[166/7146] cvc5 | sin-cos-346-b-chunk-0278.smt2 -> ok  4.51629 ms  16768 KB  nodes=58
[167/7146] smt-switch | sin-cos-346-b-chunk-0278.smt2 -> fail  33.7682 ms  11264 KB  nodes=0
[168/7146] native | sqrt-1mcosq-8-chunk-0731.smt2 -> ok  77.441 ms  17664 KB  nodes=23
[169/7146] pysmt | sqrt-1mcosq-8-chunk-0731.smt2 -> ok  15.8761 ms  21340 KB  nodes=20
[170/7146] jsmtlib | sqrt-1mcosq-8-chunk-0731.smt2 -> ok  2317.6 ms  2048 KB  nodes=40
[171/7146] z3 | sqrt-1mcosq-8-chunk-0731.smt2 -> ok  33.011 ms  7808 KB  nodes=28
[172/7146] antlr4 | sqrt-1mcosq-8-chunk-0731.smt2 -> ok  1180.34 ms  4096 KB  nodes=346
[173/7146] cvc5 | sqrt-1mcosq-8-chunk-0731.smt2 -> ok  5.00596 ms  16640 KB  nodes=28
[174/7146] smt-switch | sqrt-1mcosq-8-chunk-0731.smt2 -> ok  40.1853 ms  18944 KB  nodes=28
[175/7146] native | sqrt-1mcosq-7-chunk-0070.smt2 -> ok  159.351 ms  17664 KB  nodes=34
[176/7146] pysmt | sqrt-1mcosq-7-chunk-0070.smt2 -> ok  13.7122 ms  20984 KB  nodes=29
[177/7146] jsmtlib | sqrt-1mcosq-7-chunk-0070.smt2 -> ok  1940.25 ms  2048 KB  nodes=49
[178/7146] z3 | sqrt-1mcosq-7-chunk-0070.smt2 -> ok  33.623 ms  7808 KB  nodes=37
[179/7146] antlr4 | sqrt-1mcosq-7-chunk-0070.smt2 -> ok  1247.72 ms  4096 KB  nodes=459
[180/7146] cvc5 | sqrt-1mcosq-7-chunk-0070.smt2 -> ok  10.0193 ms  16640 KB  nodes=37
[181/7146] smt-switch | sqrt-1mcosq-7-chunk-0070.smt2 -> ok  28.4313 ms  19072 KB  nodes=37
[182/7146] native | atan-vega-3-weak-chunk-0205.smt2 -> ok  84.5685 ms  17664 KB  nodes=30
[183/7146] pysmt | atan-vega-3-weak-chunk-0205.smt2 -> ok  18.3587 ms  21048 KB  nodes=36
[184/7146] jsmtlib | atan-vega-3-weak-chunk-0205.smt2 -> ok  2358.89 ms  2048 KB  nodes=53
[185/7146] z3 | atan-vega-3-weak-chunk-0205.smt2 -> ok  41.588 ms  7936 KB  nodes=36
[186/7146] antlr4 | atan-vega-3-weak-chunk-0205.smt2 -> ok  1386.95 ms  4096 KB  nodes=564
[187/7146] cvc5 | atan-vega-3-weak-chunk-0205.smt2 -> ok  5.13556 ms  16896 KB  nodes=36
[188/7146] smt-switch | atan-vega-3-weak-chunk-0205.smt2 -> ok  17.2316 ms  18944 KB  nodes=36
[189/7146] native | Chua-1-VC1-L-chunk-0146.smt2 -> ok  50.4751 ms  17536 KB  nodes=33
[190/7146] pysmt | Chua-1-VC1-L-chunk-0146.smt2 -> ok  6.4373 ms  21412 KB  nodes=31
[191/7146] jsmtlib | Chua-1-VC1-L-chunk-0146.smt2 -> ok  1829.15 ms  2048 KB  nodes=52
[192/7146] z3 | Chua-1-VC1-L-chunk-0146.smt2 -> ok  33.174 ms  7808 KB  nodes=33
[193/7146] antlr4 | Chua-1-VC1-L-chunk-0146.smt2 -> ok  1016.09 ms  4096 KB  nodes=526
[194/7146] cvc5 | Chua-1-VC1-L-chunk-0146.smt2 -> ok  7 ms  16256 KB  nodes=33
[195/7146] smt-switch | Chua-1-VC1-L-chunk-0146.smt2 -> ok  15.9801 ms  18176 KB  nodes=33
[196/7146] native | Chua-1-VC1-L-chunk-0051.smt2 -> ok  58.2996 ms  17664 KB  nodes=42
[197/7146] pysmt | Chua-1-VC1-L-chunk-0051.smt2 -> ok  6.19483 ms  21480 KB  nodes=34
[198/7146] jsmtlib | Chua-1-VC1-L-chunk-0051.smt2 -> ok  1701.22 ms  2048 KB  nodes=57
[199/7146] z3 | Chua-1-VC1-L-chunk-0051.smt2 -> ok  31.291 ms  7808 KB  nodes=43
[200/7146] antlr4 | Chua-1-VC1-L-chunk-0051.smt2 -> ok  1149.66 ms  4096 KB  nodes=521
[201/7146] cvc5 | Chua-1-VC1-L-chunk-0051.smt2 -> ok  8.03188 ms  16896 KB  nodes=43
[202/7146] smt-switch | Chua-1-VC1-L-chunk-0051.smt2 -> ok  23.4012 ms  18816 KB  nodes=43
[203/7146] native | sin-problem-7-weak-chunk-0090.smt2 -> ok  46.8144 ms  17664 KB  nodes=41
[204/7146] pysmt | sin-problem-7-weak-chunk-0090.smt2 -> ok  12.8415 ms  21460 KB  nodes=39
[205/7146] jsmtlib | sin-problem-7-weak-chunk-0090.smt2 -> ok  2476.78 ms  2048 KB  nodes=63
[206/7146] z3 | sin-problem-7-weak-chunk-0090.smt2 -> ok  40.306 ms  7680 KB  nodes=47
[207/7146] antlr4 | sin-problem-7-weak-chunk-0090.smt2 -> ok  1141.3 ms  4096 KB  nodes=592
[208/7146] cvc5 | sin-problem-7-weak-chunk-0090.smt2 -> ok  17.8005 ms  16896 KB  nodes=47
[209/7146] smt-switch | sin-problem-7-weak-chunk-0090.smt2 -> ok  35.1707 ms  19328 KB  nodes=47
[210/7146] native | atan-vega-3-chunk-0434.smt2 -> ok  47.2356 ms  17664 KB  nodes=49
[211/7146] pysmt | atan-vega-3-chunk-0434.smt2 -> ok  24.6136 ms  21380 KB  nodes=55
[212/7146] jsmtlib | atan-vega-3-chunk-0434.smt2 -> ok  2095.75 ms  2048 KB  nodes=70
[213/7146] z3 | atan-vega-3-chunk-0434.smt2 -> ok  33.12 ms  7808 KB  nodes=55
[214/7146] antlr4 | atan-vega-3-chunk-0434.smt2 -> ok  1097.64 ms  4096 KB  nodes=746
[215/7146] cvc5 | atan-vega-3-chunk-0434.smt2 -> ok  13.2129 ms  17152 KB  nodes=55
[216/7146] smt-switch | atan-vega-3-chunk-0434.smt2 -> ok  53.3797 ms  19712 KB  nodes=55
[217/7146] native | sqrt-1mcosq-8-chunk-0100.smt2 -> ok  56.7318 ms  17664 KB  nodes=21
[218/7146] pysmt | sqrt-1mcosq-8-chunk-0100.smt2 -> ok  6.73127 ms  21384 KB  nodes=20
[219/7146] jsmtlib | sqrt-1mcosq-8-chunk-0100.smt2 -> ok  1963.39 ms  2048 KB  nodes=36
[220/7146] z3 | sqrt-1mcosq-8-chunk-0100.smt2 -> ok  38.007 ms  7808 KB  nodes=25
[221/7146] antlr4 | sqrt-1mcosq-8-chunk-0100.smt2 -> ok  1160.55 ms  4096 KB  nodes=318
[222/7146] cvc5 | sqrt-1mcosq-8-chunk-0100.smt2 -> ok  10.7702 ms  17024 KB  nodes=25
[223/7146] smt-switch | sqrt-1mcosq-8-chunk-0100.smt2 -> ok  28.8251 ms  19200 KB  nodes=25
[224/7146] native | exp-problem-10-3-chunk-0132.smt2 -> ok  63.3685 ms  17792 KB  nodes=42
[225/7146] pysmt | exp-problem-10-3-chunk-0132.smt2 -> ok  11.4 ms  21452 KB  nodes=47
[226/7146] jsmtlib | exp-problem-10-3-chunk-0132.smt2 -> ok  1927.24 ms  2048 KB  nodes=60
[227/7146] z3 | exp-problem-10-3-chunk-0132.smt2 -> ok  24.269 ms  7808 KB  nodes=48
[228/7146] antlr4 | exp-problem-10-3-chunk-0132.smt2 -> ok  1163.35 ms  4096 KB  nodes=610
[229/7146] cvc5 | exp-problem-10-3-chunk-0132.smt2 -> ok  33.841 ms  17408 KB  nodes=48
[230/7146] smt-switch | exp-problem-10-3-chunk-0132.smt2 -> ok  40.7368 ms  19968 KB  nodes=48
[231/7146] native | sqrt-1mcosq-8-chunk-0496.smt2 -> ok  56.1639 ms  17664 KB  nodes=47
[232/7146] pysmt | sqrt-1mcosq-8-chunk-0496.smt2 -> ok  8.64148 ms  21336 KB  nodes=40
[233/7146] jsmtlib | sqrt-1mcosq-8-chunk-0496.smt2 -> ok  2198.33 ms  2048 KB  nodes=64
[234/7146] z3 | sqrt-1mcosq-8-chunk-0496.smt2 -> ok  22.638 ms  7808 KB  nodes=51
[235/7146] antlr4 | sqrt-1mcosq-8-chunk-0496.smt2 -> ok  1477.32 ms  4096 KB  nodes=602
[236/7146] cvc5 | sqrt-1mcosq-8-chunk-0496.smt2 -> ok  16.9808 ms  17792 KB  nodes=51
[237/7146] smt-switch | sqrt-1mcosq-8-chunk-0496.smt2 -> ok  42.2942 ms  19840 KB  nodes=51
[238/7146] native | Chua-2-VC1-L-chunk-0113.smt2 -> ok  71.1917 ms  17664 KB  nodes=52
[239/7146] pysmt | Chua-2-VC1-L-chunk-0113.smt2 -> ok  18.5792 ms  21432 KB  nodes=37
[240/7146] jsmtlib | Chua-2-VC1-L-chunk-0113.smt2 -> ok  2835.27 ms  2048 KB  nodes=75
[241/7146] z3 | Chua-2-VC1-L-chunk-0113.smt2 -> ok  68.957 ms  7808 KB  nodes=62
[242/7146] antlr4 | Chua-2-VC1-L-chunk-0113.smt2 -> ok  1009.53 ms  4096 KB  nodes=623
[243/7146] cvc5 | Chua-2-VC1-L-chunk-0113.smt2 -> ok  44.177 ms  17536 KB  nodes=62
[244/7146] smt-switch | Chua-2-VC1-L-chunk-0113.smt2 -> ok  54.0838 ms  19584 KB  nodes=62
[245/7146] native | sin-problem-8-weak-chunk-0053.smt2 -> ok  61.9908 ms  17664 KB  nodes=46
[246/7146] pysmt | sin-problem-8-weak-chunk-0053.smt2 -> ok  16.5434 ms  21476 KB  nodes=46
[247/7146] jsmtlib | sin-problem-8-weak-chunk-0053.smt2 -> ok  2542.67 ms  2048 KB  nodes=69
[248/7146] z3 | sin-problem-8-weak-chunk-0053.smt2 -> ok  28.045 ms  7808 KB  nodes=53
[249/7146] antlr4 | sin-problem-8-weak-chunk-0053.smt2 -> ok  1189.47 ms  4096 KB  nodes=675
[250/7146] cvc5 | sin-problem-8-weak-chunk-0053.smt2 -> ok  27.7988 ms  17152 KB  nodes=53
[251/7146] smt-switch | sin-problem-8-weak-chunk-0053.smt2 -> ok  21.132 ms  19200 KB  nodes=53
[252/7146] native | atan-problem-2-chunk-0076.smt2 -> ok  63.6663 ms  17664 KB  nodes=39
[253/7146] pysmt | atan-problem-2-chunk-0076.smt2 -> ok  5.84006 ms  21184 KB  nodes=43
[254/7146] jsmtlib | atan-problem-2-chunk-0076.smt2 -> ok  2195.41 ms  2048 KB  nodes=61
[255/7146] z3 | atan-problem-2-chunk-0076.smt2 -> ok  47.259 ms  7808 KB  nodes=44
[256/7146] antlr4 | atan-problem-2-chunk-0076.smt2 -> ok  1626.76 ms  4096 KB  nodes=657
[257/7146] cvc5 | atan-problem-2-chunk-0076.smt2 -> ok  10.9127 ms  17152 KB  nodes=44
[258/7146] smt-switch | atan-problem-2-chunk-0076.smt2 -> fail  12.1079 ms  11136 KB  nodes=0
[259/7146] native | polypaver-sqrt43-int-4vars-chunk-0026.sm -> ok  50.3203 ms  17664 KB  nodes=43
[260/7146] pysmt | polypaver-sqrt43-int-4vars-chunk-0026.sm -> ok  5.81765 ms  21504 KB  nodes=40
[261/7146] jsmtlib | polypaver-sqrt43-int-4vars-chunk-0026.sm -> ok  2770.33 ms  2048 KB  nodes=60
[262/7146] z3 | polypaver-sqrt43-int-4vars-chunk-0026.sm -> ok  39.607 ms  7808 KB  nodes=43
[263/7146] antlr4 | polypaver-sqrt43-int-4vars-chunk-0026.sm -> ok  1226.54 ms  4096 KB  nodes=591
[264/7146] cvc5 | polypaver-sqrt43-int-4vars-chunk-0026.sm -> ok  8.02517 ms  16896 KB  nodes=43
[265/7146] smt-switch | polypaver-sqrt43-int-4vars-chunk-0026.sm -> ok  26.5751 ms  19328 KB  nodes=43
[266/7146] native | sin-problem-10-2-chunk-0015.smt2 -> ok  73.0095 ms  17664 KB  nodes=23
[267/7146] pysmt | sin-problem-10-2-chunk-0015.smt2 -> ok  6.56843 ms  21248 KB  nodes=23
[268/7146] jsmtlib | sin-problem-10-2-chunk-0015.smt2 -> ok  2213.19 ms  2048 KB  nodes=37
[269/7146] z3 | sin-problem-10-2-chunk-0015.smt2 -> ok  30.278 ms  7808 KB  nodes=25
[270/7146] antlr4 | sin-problem-10-2-chunk-0015.smt2 -> ok  1368.42 ms  4096 KB  nodes=359
[271/7146] cvc5 | sin-problem-10-2-chunk-0015.smt2 -> ok  15.2135 ms  17024 KB  nodes=25
[272/7146] smt-switch | sin-problem-10-2-chunk-0015.smt2 -> ok  48.7508 ms  19456 KB  nodes=25
[273/7146] native | atan-problem-2-weak2-chunk-0068.smt2 -> ok  54.154 ms  17664 KB  nodes=43
[274/7146] pysmt | atan-problem-2-weak2-chunk-0068.smt2 -> ok  17.0045 ms  21484 KB  nodes=43
[275/7146] jsmtlib | atan-problem-2-weak2-chunk-0068.smt2 -> ok  2062.18 ms  2048 KB  nodes=64
[276/7146] z3 | atan-problem-2-weak2-chunk-0068.smt2 -> ok  36.682 ms  7808 KB  nodes=49
[277/7146] antlr4 | atan-problem-2-weak2-chunk-0068.smt2 -> ok  1051.86 ms  4096 KB  nodes=660
[278/7146] cvc5 | atan-problem-2-weak2-chunk-0068.smt2 -> ok  32.5504 ms  16768 KB  nodes=49
[279/7146] smt-switch | atan-problem-2-weak2-chunk-0068.smt2 -> ok  34.6216 ms  19072 KB  nodes=49
[280/7146] native | ProveIneq_JSC_SUMCracker_18.smt2 -> ok  60.1182 ms  17664 KB  nodes=18
[281/7146] pysmt | ProveIneq_JSC_SUMCracker_18.smt2 -> ok  5.78856 ms  21456 KB  nodes=18
[282/7146] jsmtlib | ProveIneq_JSC_SUMCracker_18.smt2 -> ok  2339.7 ms  2048 KB  nodes=31
[283/7146] z3 | ProveIneq_JSC_SUMCracker_18.smt2 -> ok  20.89 ms  7808 KB  nodes=18
[284/7146] antlr4 | ProveIneq_JSC_SUMCracker_18.smt2 -> ok  1159.83 ms  4096 KB  nodes=343
[285/7146] cvc5 | ProveIneq_JSC_SUMCracker_18.smt2 -> ok  5.36114 ms  16768 KB  nodes=18
[286/7146] smt-switch | ProveIneq_JSC_SUMCracker_18.smt2 -> ok  32.8277 ms  19328 KB  nodes=18
[287/7146] native | exp-problem-10-3-weak-chunk-0007.smt2 -> ok  68.0144 ms  17536 KB  nodes=14
[288/7146] pysmt | exp-problem-10-3-weak-chunk-0007.smt2 -> ok  15.2392 ms  21156 KB  nodes=18
[289/7146] jsmtlib | exp-problem-10-3-weak-chunk-0007.smt2 -> ok  2343.22 ms  2048 KB  nodes=29
[290/7146] z3 | exp-problem-10-3-weak-chunk-0007.smt2 -> ok  59.458 ms  7808 KB  nodes=18
[291/7146] antlr4 | exp-problem-10-3-weak-chunk-0007.smt2 -> ok  2675.6 ms  4096 KB  nodes=284
[292/7146] cvc5 | exp-problem-10-3-weak-chunk-0007.smt2 -> ok  3.60378 ms  16768 KB  nodes=18
[293/7146] smt-switch | exp-problem-10-3-weak-chunk-0007.smt2 -> ok  32.2032 ms  18816 KB  nodes=18
[294/7146] native | sqrt-problem-Melquiond2-chunk-0021.smt2 -> ok  91.6462 ms  17792 KB  nodes=28
[295/7146] pysmt | sqrt-problem-Melquiond2-chunk-0021.smt2 -> ok  20.7453 ms  21320 KB  nodes=30
[296/7146] jsmtlib | sqrt-problem-Melquiond2-chunk-0021.smt2 -> ok  3070.25 ms  2048 KB  nodes=44
[297/7146] z3 | sqrt-problem-Melquiond2-chunk-0021.smt2 -> ok  53.738 ms  7808 KB  nodes=33
[298/7146] antlr4 | sqrt-problem-Melquiond2-chunk-0021.smt2 -> ok  1817.87 ms  4096 KB  nodes=415
[299/7146] cvc5 | sqrt-problem-Melquiond2-chunk-0021.smt2 -> ok  2.87061 ms  16000 KB  nodes=33
[300/7146] smt-switch | sqrt-problem-Melquiond2-chunk-0021.smt2 -> fail  44.8736 ms  11392 KB  nodes=0
[301/7146] native | sin-problem-7-chunk-0073.smt2 -> ok  112.269 ms  17536 KB  nodes=32
[302/7146] pysmt | sin-problem-7-chunk-0073.smt2 -> ok  11.9169 ms  21380 KB  nodes=30
[303/7146] jsmtlib | sin-problem-7-chunk-0073.smt2 -> ok  2575.44 ms  2048 KB  nodes=48
[304/7146] z3 | sin-problem-7-chunk-0073.smt2 -> ok  36.272 ms  7808 KB  nodes=37
[305/7146] antlr4 | sin-problem-7-chunk-0073.smt2 -> ok  1265.88 ms  4096 KB  nodes=445
[306/7146] cvc5 | sin-problem-7-chunk-0073.smt2 -> ok  7.35715 ms  16768 KB  nodes=37
[307/7146] smt-switch | sin-problem-7-chunk-0073.smt2 -> ok  21.0719 ms  18944 KB  nodes=37
[308/7146] native | sin-problem-10-2-chunk-0034.smt2 -> ok  63.467 ms  17664 KB  nodes=42
[309/7146] pysmt | sin-problem-10-2-chunk-0034.smt2 -> ok  21.688 ms  20928 KB  nodes=40
[310/7146] jsmtlib | sin-problem-10-2-chunk-0034.smt2 -> ok  3043.22 ms  2048 KB  nodes=59
[311/7146] z3 | sin-problem-10-2-chunk-0034.smt2 -> ok  38.874 ms  7680 KB  nodes=43
[312/7146] antlr4 | sin-problem-10-2-chunk-0034.smt2 -> ok  1405.24 ms  4096 KB  nodes=601
[313/7146] cvc5 | sin-problem-10-2-chunk-0034.smt2 -> ok  2.92456 ms  16512 KB  nodes=43
[314/7146] smt-switch | sin-problem-10-2-chunk-0034.smt2 -> ok  37.7855 ms  18560 KB  nodes=43
[315/7146] native | atan-vega-3-weak-chunk-0486.smt2 -> ok  65.6075 ms  17664 KB  nodes=37
[316/7146] pysmt | atan-vega-3-weak-chunk-0486.smt2 -> ok  22.6452 ms  21348 KB  nodes=41
[317/7146] jsmtlib | atan-vega-3-weak-chunk-0486.smt2 -> ok  2384.73 ms  2048 KB  nodes=60
[318/7146] z3 | atan-vega-3-weak-chunk-0486.smt2 -> ok  59.297 ms  7808 KB  nodes=41
[319/7146] antlr4 | atan-vega-3-weak-chunk-0486.smt2 -> ok  1513.3 ms  4096 KB  nodes=648
[320/7146] cvc5 | atan-vega-3-weak-chunk-0486.smt2 -> ok  14.8299 ms  16896 KB  nodes=41
[321/7146] smt-switch | atan-vega-3-weak-chunk-0486.smt2 -> ok  25.4456 ms  19200 KB  nodes=41
[322/7146] native | exp-problem-10-2-chunk-0177.smt2 -> ok  66.7876 ms  17664 KB  nodes=48
[323/7146] pysmt | exp-problem-10-2-chunk-0177.smt2 -> ok  11.6146 ms  21468 KB  nodes=54
[324/7146] jsmtlib | exp-problem-10-2-chunk-0177.smt2 -> ok  2109.79 ms  2048 KB  nodes=70
[325/7146] z3 | exp-problem-10-2-chunk-0177.smt2 -> ok  68.178 ms  7808 KB  nodes=58
[326/7146] antlr4 | exp-problem-10-2-chunk-0177.smt2 -> ok  1342.49 ms  4096 KB  nodes=683
[327/7146] cvc5 | exp-problem-10-2-chunk-0177.smt2 -> ok  7.74635 ms  17280 KB  nodes=58
[328/7146] smt-switch | exp-problem-10-2-chunk-0177.smt2 -> ok  29.6672 ms  19328 KB  nodes=58
[329/7146] native | sqrt-1mcosq-8-chunk-0721.smt2 -> ok  58.7365 ms  17664 KB  nodes=42
[330/7146] pysmt | sqrt-1mcosq-8-chunk-0721.smt2 -> ok  9.0673 ms  21608 KB  nodes=36
[331/7146] jsmtlib | sqrt-1mcosq-8-chunk-0721.smt2 -> ok  2086.94 ms  2048 KB  nodes=57
[332/7146] z3 | sqrt-1mcosq-8-chunk-0721.smt2 -> ok  31.871 ms  7808 KB  nodes=45
[333/7146] antlr4 | sqrt-1mcosq-8-chunk-0721.smt2 -> ok  1113.04 ms  4096 KB  nodes=551
[334/7146] cvc5 | sqrt-1mcosq-8-chunk-0721.smt2 -> ok  3.8694 ms  16896 KB  nodes=45
[335/7146] smt-switch | sqrt-1mcosq-8-chunk-0721.smt2 -> ok  19.9365 ms  19456 KB  nodes=45
[336/7146] native | atan-vega-3-chunk-0058.smt2 -> ok  63.3271 ms  17664 KB  nodes=23
[337/7146] pysmt | atan-vega-3-chunk-0058.smt2 -> ok  9.38249 ms  21208 KB  nodes=29
[338/7146] jsmtlib | atan-vega-3-chunk-0058.smt2 -> ok  3232.07 ms  2048 KB  nodes=41
[339/7146] z3 | atan-vega-3-chunk-0058.smt2 -> ok  50.288 ms  7808 KB  nodes=29
[340/7146] antlr4 | atan-vega-3-chunk-0058.smt2 -> ok  1017.17 ms  4096 KB  nodes=424
[341/7146] cvc5 | atan-vega-3-chunk-0058.smt2 -> ok  4.25647 ms  17024 KB  nodes=29
[342/7146] smt-switch | atan-vega-3-chunk-0058.smt2 -> ok  36.6461 ms  19328 KB  nodes=29
[343/7146] native | atan-problem-2-weak-chunk-0064.smt2 -> ok  54.0819 ms  17536 KB  nodes=21
[344/7146] pysmt | atan-problem-2-weak-chunk-0064.smt2 -> ok  10.4697 ms  21276 KB  nodes=28
[345/7146] jsmtlib | atan-problem-2-weak-chunk-0064.smt2 -> ok  2128.03 ms  2048 KB  nodes=40
[346/7146] z3 | atan-problem-2-weak-chunk-0064.smt2 -> ok  37.717 ms  7808 KB  nodes=28
[347/7146] antlr4 | atan-problem-2-weak-chunk-0064.smt2 -> ok  938.628 ms  4096 KB  nodes=390
[348/7146] cvc5 | atan-problem-2-weak-chunk-0064.smt2 -> ok  3.60689 ms  16896 KB  nodes=28
[349/7146] smt-switch | atan-problem-2-weak-chunk-0064.smt2 -> ok  27.1391 ms  18944 KB  nodes=28
[350/7146] native | exp-problem-10-2-chunk-0141.smt2 -> ok  85.0208 ms  17664 KB  nodes=36
[351/7146] pysmt | exp-problem-10-2-chunk-0141.smt2 -> ok  13.0403 ms  21500 KB  nodes=41
[352/7146] jsmtlib | exp-problem-10-2-chunk-0141.smt2 -> ok  2120.4 ms  2048 KB  nodes=54
[353/7146] z3 | exp-problem-10-2-chunk-0141.smt2 -> ok  42.876 ms  7680 KB  nodes=42
[354/7146] antlr4 | exp-problem-10-2-chunk-0141.smt2 -> ok  1015.3 ms  4096 KB  nodes=534
[355/7146] cvc5 | exp-problem-10-2-chunk-0141.smt2 -> ok  17.9149 ms  17152 KB  nodes=42
[356/7146] smt-switch | exp-problem-10-2-chunk-0141.smt2 -> ok  26.11 ms  19328 KB  nodes=42
[357/7146] native | atan-vega-3-chunk-0295.smt2 -> ok  50.8406 ms  17792 KB  nodes=19
[358/7146] pysmt | atan-vega-3-chunk-0295.smt2 -> ok  12.5937 ms  21480 KB  nodes=25
[359/7146] jsmtlib | atan-vega-3-chunk-0295.smt2 -> ok  2147.57 ms  2048 KB  nodes=38
[360/7146] z3 | atan-vega-3-chunk-0295.smt2 -> ok  33.855 ms  7936 KB  nodes=25
[361/7146] antlr4 | atan-vega-3-chunk-0295.smt2 -> ok  1061.06 ms  4096 KB  nodes=376
[362/7146] cvc5 | atan-vega-3-chunk-0295.smt2 -> ok  3.4665 ms  16768 KB  nodes=25
[363/7146] smt-switch | atan-vega-3-chunk-0295.smt2 -> ok  18.1967 ms  18816 KB  nodes=25
[364/7146] native | sin-problem-7-weak2-chunk-0056.smt2 -> ok  65.6852 ms  17664 KB  nodes=44
[365/7146] pysmt | sin-problem-7-weak2-chunk-0056.smt2 -> ok  15.8529 ms  21372 KB  nodes=42
[366/7146] jsmtlib | sin-problem-7-weak2-chunk-0056.smt2 -> ok  2056.91 ms  2048 KB  nodes=68
[367/7146] z3 | sin-problem-7-weak2-chunk-0056.smt2 -> ok  43.653 ms  7808 KB  nodes=50
[368/7146] antlr4 | sin-problem-7-weak2-chunk-0056.smt2 -> ok  1282.43 ms  4096 KB  nodes=664
[369/7146] cvc5 | sin-problem-7-weak2-chunk-0056.smt2 -> ok  4.83379 ms  17024 KB  nodes=50
[370/7146] smt-switch | sin-problem-7-weak2-chunk-0056.smt2 -> ok  24.6612 ms  19072 KB  nodes=50
[371/7146] native | exp-problem-10-2-chunk-0050.smt2 -> ok  70.0009 ms  17536 KB  nodes=24
[372/7146] pysmt | exp-problem-10-2-chunk-0050.smt2 -> ok  9.13525 ms  21048 KB  nodes=32
[373/7146] jsmtlib | exp-problem-10-2-chunk-0050.smt2 -> ok  2668.62 ms  2048 KB  nodes=46
[374/7146] z3 | exp-problem-10-2-chunk-0050.smt2 -> ok  32.522 ms  7808 KB  nodes=32
[375/7146] antlr4 | exp-problem-10-2-chunk-0050.smt2 -> ok  1130.15 ms  4096 KB  nodes=455
[376/7146] cvc5 | exp-problem-10-2-chunk-0050.smt2 -> ok  3.59179 ms  17024 KB  nodes=32
[377/7146] smt-switch | exp-problem-10-2-chunk-0050.smt2 -> fail  20.7601 ms  11136 KB  nodes=0
[378/7146] native | Chua-1-VC2-U-chunk-0097.smt2 -> ok  46.4581 ms  17664 KB  nodes=29
[379/7146] pysmt | Chua-1-VC2-U-chunk-0097.smt2 -> ok  12.6996 ms  21556 KB  nodes=28
[380/7146] jsmtlib | Chua-1-VC2-U-chunk-0097.smt2 -> ok  2185.54 ms  2048 KB  nodes=47
[381/7146] z3 | Chua-1-VC2-U-chunk-0097.smt2 -> ok  24.77 ms  7808 KB  nodes=30
[382/7146] antlr4 | Chua-1-VC2-U-chunk-0097.smt2 -> ok  1139.62 ms  4096 KB  nodes=471
[383/7146] cvc5 | Chua-1-VC2-U-chunk-0097.smt2 -> ok  13.032 ms  17024 KB  nodes=30
[384/7146] smt-switch | Chua-1-VC2-U-chunk-0097.smt2 -> ok  19.0118 ms  18688 KB  nodes=30
[385/7146] native | atan-problem-1-weak-chunk-0010.smt2 -> ok  49.1059 ms  17536 KB  nodes=16
[386/7146] pysmt | atan-problem-1-weak-chunk-0010.smt2 -> ok  11.2412 ms  21408 KB  nodes=17
[387/7146] jsmtlib | atan-problem-1-weak-chunk-0010.smt2 -> ok  2254.13 ms  2048 KB  nodes=28
[388/7146] z3 | atan-problem-1-weak-chunk-0010.smt2 -> ok  30.086 ms  7936 KB  nodes=17
[389/7146] antlr4 | atan-problem-1-weak-chunk-0010.smt2 -> ok  1129.96 ms  4096 KB  nodes=267
[390/7146] cvc5 | atan-problem-1-weak-chunk-0010.smt2 -> ok  6.54131 ms  17024 KB  nodes=17
[391/7146] smt-switch | atan-problem-1-weak-chunk-0010.smt2 -> fail  18.2526 ms  11392 KB  nodes=0
[392/7146] native | exp-problem-10-2-chunk-0010.smt2 -> ok  51.5282 ms  17664 KB  nodes=19
[393/7146] pysmt | exp-problem-10-2-chunk-0010.smt2 -> ok  8.55446 ms  21216 KB  nodes=24
[394/7146] jsmtlib | exp-problem-10-2-chunk-0010.smt2 -> ok  2132.04 ms  2048 KB  nodes=36
[395/7146] z3 | exp-problem-10-2-chunk-0010.smt2 -> ok  29.811 ms  7808 KB  nodes=24
[396/7146] antlr4 | exp-problem-10-2-chunk-0010.smt2 -> ok  1634.5 ms  4096 KB  nodes=346
[397/7146] cvc5 | exp-problem-10-2-chunk-0010.smt2 -> ok  6.16058 ms  17024 KB  nodes=24
[398/7146] smt-switch | exp-problem-10-2-chunk-0010.smt2 -> ok  14.4496 ms  19072 KB  nodes=24
[399/7146] native | exp-problem-10-2-chunk-0018.smt2 -> ok  6267.57 ms  17664 KB  nodes=30
[400/7146] pysmt | exp-problem-10-2-chunk-0018.smt2 -> ok  6.7544 ms  21372 KB  nodes=35
[401/7146] jsmtlib | exp-problem-10-2-chunk-0018.smt2 -> ok  2282.98 ms  2048 KB  nodes=47
[402/7146] z3 | exp-problem-10-2-chunk-0018.smt2 -> ok  28.25 ms  7808 KB  nodes=35
[403/7146] antlr4 | exp-problem-10-2-chunk-0018.smt2 -> ok  1028.26 ms  4096 KB  nodes=488
[404/7146] cvc5 | exp-problem-10-2-chunk-0018.smt2 -> ok  29.4712 ms  17408 KB  nodes=35
[405/7146] smt-switch | exp-problem-10-2-chunk-0018.smt2 -> ok  24.8479 ms  19456 KB  nodes=35
[406/7146] native | Chua-2-VC1-L-chunk-0027.smt2 -> ok  70.8029 ms  17536 KB  nodes=37
[407/7146] pysmt | Chua-2-VC1-L-chunk-0027.smt2 -> ok  6.18601 ms  21228 KB  nodes=35
[408/7146] jsmtlib | Chua-2-VC1-L-chunk-0027.smt2 -> ok  1816.21 ms  2048 KB  nodes=56
[409/7146] z3 | Chua-2-VC1-L-chunk-0027.smt2 -> ok  27.667 ms  7808 KB  nodes=39
[410/7146] antlr4 | Chua-2-VC1-L-chunk-0027.smt2 -> ok  1072.84 ms  4096 KB  nodes=553
[411/7146] cvc5 | Chua-2-VC1-L-chunk-0027.smt2 -> ok  4.92207 ms  17024 KB  nodes=39
[412/7146] smt-switch | Chua-2-VC1-L-chunk-0027.smt2 -> ok  14.7837 ms  18816 KB  nodes=39
[413/7146] native | Chua-2-IL-L-chunk-0039.smt2 -> ok  65.8436 ms  17664 KB  nodes=30
[414/7146] pysmt | Chua-2-IL-L-chunk-0039.smt2 -> ok  9.66573 ms  21296 KB  nodes=29
[415/7146] jsmtlib | Chua-2-IL-L-chunk-0039.smt2 -> ok  1808.32 ms  2048 KB  nodes=47
[416/7146] z3 | Chua-2-IL-L-chunk-0039.smt2 -> ok  27.737 ms  7808 KB  nodes=31
[417/7146] antlr4 | Chua-2-IL-L-chunk-0039.smt2 -> ok  1074.96 ms  4096 KB  nodes=463
[418/7146] cvc5 | Chua-2-IL-L-chunk-0039.smt2 -> ok  2.60887 ms  16128 KB  nodes=31
[419/7146] smt-switch | Chua-2-IL-L-chunk-0039.smt2 -> ok  24.3016 ms  18304 KB  nodes=31
[420/7146] native | atan-vega-3-chunk-0071.smt2 -> ok  63.2094 ms  17664 KB  nodes=24
[421/7146] pysmt | atan-vega-3-chunk-0071.smt2 -> ok  11.4074 ms  21548 KB  nodes=30
[422/7146] jsmtlib | atan-vega-3-chunk-0071.smt2 -> ok  1977.33 ms  2048 KB  nodes=45
[423/7146] z3 | atan-vega-3-chunk-0071.smt2 -> ok  29.026 ms  7808 KB  nodes=30
[424/7146] antlr4 | atan-vega-3-chunk-0071.smt2 -> ok  1107.28 ms  4096 KB  nodes=462
[425/7146] cvc5 | atan-vega-3-chunk-0071.smt2 -> ok  4.52995 ms  17024 KB  nodes=30
[426/7146] smt-switch | atan-vega-3-chunk-0071.smt2 -> ok  27.9449 ms  19456 KB  nodes=30
[427/7146] native | atan-problem-2-sqrt-chunk-0035.smt2 -> ok  85.3031 ms  17664 KB  nodes=21
[428/7146] pysmt | atan-problem-2-sqrt-chunk-0035.smt2 -> ok  24.6339 ms  21180 KB  nodes=25
[429/7146] jsmtlib | atan-problem-2-sqrt-chunk-0035.smt2 -> ok  2288.69 ms  2048 KB  nodes=37
[430/7146] z3 | atan-problem-2-sqrt-chunk-0035.smt2 -> ok  40.733 ms  7808 KB  nodes=26
[431/7146] antlr4 | atan-problem-2-sqrt-chunk-0035.smt2 -> ok  1318.07 ms  4096 KB  nodes=370
[432/7146] cvc5 | atan-problem-2-sqrt-chunk-0035.smt2 -> ok  11.1835 ms  16896 KB  nodes=26
[433/7146] smt-switch | atan-problem-2-sqrt-chunk-0035.smt2 -> fail  9.5987 ms  11264 KB  nodes=0
[434/7146] native | exp-problem-10-3-chunk-0143.smt2 -> ok  64.3701 ms  17664 KB  nodes=24
[435/7146] pysmt | exp-problem-10-3-chunk-0143.smt2 -> ok  18.1863 ms  21488 KB  nodes=30
[436/7146] jsmtlib | exp-problem-10-3-chunk-0143.smt2 -> ok  1799.83 ms  2048 KB  nodes=43
[437/7146] z3 | exp-problem-10-3-chunk-0143.smt2 -> ok  29.74 ms  7680 KB  nodes=31
[438/7146] antlr4 | exp-problem-10-3-chunk-0143.smt2 -> ok  892.883 ms  4096 KB  nodes=393
[439/7146] cvc5 | exp-problem-10-3-chunk-0143.smt2 -> ok  4.64746 ms  16768 KB  nodes=31
[440/7146] smt-switch | exp-problem-10-3-chunk-0143.smt2 -> ok  17.9286 ms  19072 KB  nodes=31
[441/7146] native | sqrt-problem-13-vars5-chunk-0021.smt2 -> ok  50.3064 ms  17792 KB  nodes=35
[442/7146] pysmt | sqrt-problem-13-vars5-chunk-0021.smt2 -> ok  7.73644 ms  21424 KB  nodes=35
[443/7146] jsmtlib | sqrt-problem-13-vars5-chunk-0021.smt2 -> ok  1673.54 ms  2048 KB  nodes=51
[444/7146] z3 | sqrt-problem-13-vars5-chunk-0021.smt2 -> ok  28.095 ms  7808 KB  nodes=37
[445/7146] antlr4 | sqrt-problem-13-vars5-chunk-0021.smt2 -> ok  1029.19 ms  4096 KB  nodes=506
[446/7146] cvc5 | sqrt-problem-13-vars5-chunk-0021.smt2 -> ok  12.1161 ms  17280 KB  nodes=37
[447/7146] smt-switch | sqrt-problem-13-vars5-chunk-0021.smt2 -> fail  18.8868 ms  11136 KB  nodes=0
[448/7146] native | exp-problem-10-3-weak-chunk-0071.smt2 -> ok  50.7796 ms  17664 KB  nodes=23
[449/7146] pysmt | exp-problem-10-3-weak-chunk-0071.smt2 -> ok  9.47809 ms  21420 KB  nodes=28
[450/7146] jsmtlib | exp-problem-10-3-weak-chunk-0071.smt2 -> ok  1713.06 ms  2048 KB  nodes=42
[451/7146] z3 | exp-problem-10-3-weak-chunk-0071.smt2 -> ok  31.472 ms  7808 KB  nodes=28
[452/7146] antlr4 | exp-problem-10-3-weak-chunk-0071.smt2 -> ok  1070.62 ms  4096 KB  nodes=395
[453/7146] cvc5 | exp-problem-10-3-weak-chunk-0071.smt2 -> ok  3.38853 ms  16896 KB  nodes=28
[454/7146] smt-switch | exp-problem-10-3-weak-chunk-0071.smt2 -> ok  22.2122 ms  18688 KB  nodes=28
[455/7146] native | atan-problem-2-weak-chunk-0062.smt2 -> ok  61.1448 ms  17664 KB  nodes=23
[456/7146] pysmt | atan-problem-2-weak-chunk-0062.smt2 -> ok  6.35958 ms  21144 KB  nodes=30
[457/7146] jsmtlib | atan-problem-2-weak-chunk-0062.smt2 -> ok  1776.94 ms  2048 KB  nodes=42
[458/7146] z3 | atan-problem-2-weak-chunk-0062.smt2 -> ok  31.517 ms  7808 KB  nodes=30
[459/7146] antlr4 | atan-problem-2-weak-chunk-0062.smt2 -> ok  998.02 ms  4096 KB  nodes=410
[460/7146] cvc5 | atan-problem-2-weak-chunk-0062.smt2 -> ok  4.18809 ms  16896 KB  nodes=30
[461/7146] smt-switch | atan-problem-2-weak-chunk-0062.smt2 -> ok  25.7186 ms  19456 KB  nodes=30
[462/7146] native | sqrt-problem-12vars3-chunk-0023.smt2 -> ok  48.5597 ms  17664 KB  nodes=29
[463/7146] pysmt | sqrt-problem-12vars3-chunk-0023.smt2 -> ok  8.1079 ms  21444 KB  nodes=29
[464/7146] jsmtlib | sqrt-problem-12vars3-chunk-0023.smt2 -> ok  2182.14 ms  2048 KB  nodes=42
[465/7146] z3 | sqrt-problem-12vars3-chunk-0023.smt2 -> ok  41.26 ms  7680 KB  nodes=30
[466/7146] antlr4 | sqrt-problem-12vars3-chunk-0023.smt2 -> ok  1310.06 ms  4096 KB  nodes=427
[467/7146] cvc5 | sqrt-problem-12vars3-chunk-0023.smt2 -> ok  5.73274 ms  17280 KB  nodes=30
[468/7146] smt-switch | sqrt-problem-12vars3-chunk-0023.smt2 -> ok  27.1175 ms  19584 KB  nodes=30
[469/7146] native | atan-problem-2-weak-chunk-0112.smt2 -> ok  88.052 ms  17664 KB  nodes=45
[470/7146] pysmt | atan-problem-2-weak-chunk-0112.smt2 -> ok  11.5485 ms  21304 KB  nodes=51
[471/7146] jsmtlib | atan-problem-2-weak-chunk-0112.smt2 -> ok  1814.48 ms  2048 KB  nodes=69
[472/7146] z3 | atan-problem-2-weak-chunk-0112.smt2 -> ok  30.838 ms  7808 KB  nodes=51
[473/7146] antlr4 | atan-problem-2-weak-chunk-0112.smt2 -> ok  919.623 ms  4096 KB  nodes=744
[474/7146] cvc5 | atan-problem-2-weak-chunk-0112.smt2 -> ok  5.49425 ms  16640 KB  nodes=51
[475/7146] smt-switch | atan-problem-2-weak-chunk-0112.smt2 -> fail  7.57032 ms  11264 KB  nodes=0
[476/7146] native | exp-problem-10-3-chunk-0137.smt2 -> ok  49.87 ms  17664 KB  nodes=41
[477/7146] pysmt | exp-problem-10-3-chunk-0137.smt2 -> ok  11.0528 ms  21380 KB  nodes=47
[478/7146] jsmtlib | exp-problem-10-3-chunk-0137.smt2 -> ok  1739.1 ms  2048 KB  nodes=60
[479/7146] z3 | exp-problem-10-3-chunk-0137.smt2 -> ok  31.351 ms  7808 KB  nodes=48
[480/7146] antlr4 | exp-problem-10-3-chunk-0137.smt2 -> ok  1050.33 ms  4096 KB  nodes=611
[481/7146] cvc5 | exp-problem-10-3-chunk-0137.smt2 -> ok  25.8251 ms  17408 KB  nodes=48
[482/7146] smt-switch | exp-problem-10-3-chunk-0137.smt2 -> ok  44.8558 ms  19456 KB  nodes=48
[483/7146] native | polypaver-bench-sqrt-3d-chunk-0166.smt2 -> ok  105.911 ms  17664 KB  nodes=33
[484/7146] pysmt | polypaver-bench-sqrt-3d-chunk-0166.smt2 -> ok  8.07524 ms  21556 KB  nodes=34
[485/7146] jsmtlib | polypaver-bench-sqrt-3d-chunk-0166.smt2 -> ok  2861.37 ms  2048 KB  nodes=50
[486/7146] z3 | polypaver-bench-sqrt-3d-chunk-0166.smt2 -> ok  27.581 ms  7808 KB  nodes=34
[487/7146] antlr4 | polypaver-bench-sqrt-3d-chunk-0166.smt2 -> ok  1339.68 ms  4096 KB  nodes=525
[488/7146] cvc5 | polypaver-bench-sqrt-3d-chunk-0166.smt2 -> ok  4.31505 ms  16768 KB  nodes=34
[489/7146] smt-switch | polypaver-bench-sqrt-3d-chunk-0166.smt2 -> ok  22.6729 ms  19200 KB  nodes=34
[490/7146] native | sin-cos-346-b-chunk-0317.smt2 -> ok  77.5912 ms  17664 KB  nodes=52
[491/7146] pysmt | sin-cos-346-b-chunk-0317.smt2 -> ok  9.09829 ms  21336 KB  nodes=49
[492/7146] jsmtlib | sin-cos-346-b-chunk-0317.smt2 -> ok  4622.69 ms  2048 KB  nodes=71
[493/7146] z3 | sin-cos-346-b-chunk-0317.smt2 -> ok  49.338 ms  7680 KB  nodes=59
[494/7146] antlr4 | sin-cos-346-b-chunk-0317.smt2 -> ok  2919.83 ms  4096 KB  nodes=704
[495/7146] cvc5 | sin-cos-346-b-chunk-0317.smt2 -> ok  30.3562 ms  17024 KB  nodes=59
[496/7146] smt-switch | sin-cos-346-b-chunk-0317.smt2 -> ok  41.9291 ms  19328 KB  nodes=59
[497/7146] native | sin-cos-346-b-chunk-0604.smt2 -> ok  58.7506 ms  17792 KB  nodes=100
[498/7146] pysmt | sin-cos-346-b-chunk-0604.smt2 -> ok  25.1832 ms  21432 KB  nodes=91
[499/7146] jsmtlib | sin-cos-346-b-chunk-0604.smt2 -> ok  2727.71 ms  2048 KB  nodes=120
[500/7146] z3 | sin-cos-346-b-chunk-0604.smt2 -> ok  53.634 ms  7936 KB  nodes=105
[501/7146] antlr4 | sin-cos-346-b-chunk-0604.smt2 -> ok  1620.92 ms  4096 KB  nodes=1287
[502/7146] cvc5 | sin-cos-346-b-chunk-0604.smt2 -> ok  4080.62 ms  20096 KB  nodes=105
[503/7146] smt-switch | sin-cos-346-b-chunk-0604.smt2 -> fail  17.6497 ms  11136 KB  nodes=0
[504/7146] native | sin-cos-346-b-chunk-0399.smt2 -> ok  68.5704 ms  17792 KB  nodes=54
[505/7146] pysmt | sin-cos-346-b-chunk-0399.smt2 -> ok  7.32803 ms  21472 KB  nodes=50
[506/7146] jsmtlib | sin-cos-346-b-chunk-0399.smt2 -> ok  2250.84 ms  2048 KB  nodes=73
[507/7146] z3 | sin-cos-346-b-chunk-0399.smt2 -> ok  27.881 ms  7808 KB  nodes=60
[508/7146] antlr4 | sin-cos-346-b-chunk-0399.smt2 -> ok  1006.2 ms  4096 KB  nodes=736
[509/7146] cvc5 | sin-cos-346-b-chunk-0399.smt2 -> ok  4.41121 ms  16896 KB  nodes=60
[510/7146] smt-switch | sin-cos-346-b-chunk-0399.smt2 -> ok  24.6148 ms  18816 KB  nodes=60
[511/7146] native | polypaver-bench-sqrt-3d-chunk-0366.smt2 -> ok  67.3371 ms  17536 KB  nodes=79
[512/7146] pysmt | polypaver-bench-sqrt-3d-chunk-0366.smt2 -> ok  9.56011 ms  21436 KB  nodes=79
[513/7146] jsmtlib | polypaver-bench-sqrt-3d-chunk-0366.smt2 -> ok  1791.1 ms  2048 KB  nodes=114
[514/7146] z3 | polypaver-bench-sqrt-3d-chunk-0366.smt2 -> ok  43.453 ms  7680 KB  nodes=87
[515/7146] antlr4 | polypaver-bench-sqrt-3d-chunk-0366.smt2 -> ok  1541.74 ms  4096 KB  nodes=1269
[516/7146] cvc5 | polypaver-bench-sqrt-3d-chunk-0366.smt2 -> ok  4.96091 ms  16768 KB  nodes=87
[517/7146] smt-switch | polypaver-bench-sqrt-3d-chunk-0366.smt2 -> ok  25.9212 ms  19072 KB  nodes=87
[518/7146] native | exp-problem-10-3-weak-chunk-0127.smt2 -> ok  57.7414 ms  17792 KB  nodes=78
[519/7146] pysmt | exp-problem-10-3-weak-chunk-0127.smt2 -> ok  13.2916 ms  21488 KB  nodes=83
[520/7146] jsmtlib | exp-problem-10-3-weak-chunk-0127.smt2 -> ok  2320.95 ms  2048 KB  nodes=104
[521/7146] z3 | exp-problem-10-3-weak-chunk-0127.smt2 -> ok  35.629 ms  7808 KB  nodes=89
[522/7146] antlr4 | exp-problem-10-3-weak-chunk-0127.smt2 -> ok  1215.9 ms  4096 KB  nodes=997
[523/7146] cvc5 | exp-problem-10-3-weak-chunk-0127.smt2 -> ok  29.1439 ms  17408 KB  nodes=89
[524/7146] smt-switch | exp-problem-10-3-weak-chunk-0127.smt2 -> ok  110.791 ms  19584 KB  nodes=89
[525/7146] native | sin-problem-7-weak-chunk-0178.smt2 -> ok  73.7246 ms  17792 KB  nodes=98
[526/7146] pysmt | sin-problem-7-weak-chunk-0178.smt2 -> ok  9.12857 ms  21600 KB  nodes=93
[527/7146] jsmtlib | sin-problem-7-weak-chunk-0178.smt2 -> ok  3212.44 ms  2048 KB  nodes=132
[528/7146] z3 | sin-problem-7-weak-chunk-0178.smt2 -> ok  31.882 ms  7808 KB  nodes=107
[529/7146] antlr4 | sin-problem-7-weak-chunk-0178.smt2 -> ok  1625.14 ms  4096 KB  nodes=1383
[530/7146] cvc5 | sin-problem-7-weak-chunk-0178.smt2 -> fail  10030.1 ms  1664 KB  nodes=0
[531/7146] smt-switch | sin-problem-7-weak-chunk-0178.smt2 -> fail  10023 ms  1664 KB  nodes=0
[532/7146] native | polypaver-bench-sqrt-3d-chunk-0308.smt2 -> ok  71.8252 ms  17792 KB  nodes=65
[533/7146] pysmt | polypaver-bench-sqrt-3d-chunk-0308.smt2 -> ok  7.30348 ms  21540 KB  nodes=63
[534/7146] jsmtlib | polypaver-bench-sqrt-3d-chunk-0308.smt2 -> ok  1866.64 ms  2048 KB  nodes=99
[535/7146] z3 | polypaver-bench-sqrt-3d-chunk-0308.smt2 -> ok  29.879 ms  7680 KB  nodes=73
[536/7146] antlr4 | polypaver-bench-sqrt-3d-chunk-0308.smt2 -> ok  963.213 ms  4096 KB  nodes=1079
[537/7146] cvc5 | polypaver-bench-sqrt-3d-chunk-0308.smt2 -> ok  33.0584 ms  17408 KB  nodes=73
[538/7146] smt-switch | polypaver-bench-sqrt-3d-chunk-0308.smt2 -> ok  19.5105 ms  18944 KB  nodes=73
[539/7146] native | CMOS-opamp-chunk-0284.smt2 -> ok  95.1385 ms  17792 KB  nodes=81
[540/7146] pysmt | CMOS-opamp-chunk-0284.smt2 -> ok  10.0789 ms  21268 KB  nodes=73
[541/7146] jsmtlib | CMOS-opamp-chunk-0284.smt2 -> ok  2010.2 ms  2048 KB  nodes=98
[542/7146] z3 | CMOS-opamp-chunk-0284.smt2 -> ok  24.275 ms  7808 KB  nodes=87
[543/7146] antlr4 | CMOS-opamp-chunk-0284.smt2 -> ok  1041.41 ms  4096 KB  nodes=917
[544/7146] cvc5 | CMOS-opamp-chunk-0284.smt2 -> ok  34.519 ms  17152 KB  nodes=87
[545/7146] smt-switch | CMOS-opamp-chunk-0284.smt2 -> ok  32.3946 ms  19712 KB  nodes=87
[546/7146] native | sqrt-circles-3-chunk-0021.smt2 -> ok  97.8557 ms  17664 KB  nodes=50
[547/7146] pysmt | sqrt-circles-3-chunk-0021.smt2 -> ok  6.56366 ms  21480 KB  nodes=51
[548/7146] jsmtlib | sqrt-circles-3-chunk-0021.smt2 -> ok  1811.11 ms  2048 KB  nodes=79
[549/7146] z3 | sqrt-circles-3-chunk-0021.smt2 -> ok  53.434 ms  7680 KB  nodes=52
[550/7146] antlr4 | sqrt-circles-3-chunk-0021.smt2 -> ok  1488.55 ms  4096 KB  nodes=863
[551/7146] cvc5 | sqrt-circles-3-chunk-0021.smt2 -> ok  42.7092 ms  17024 KB  nodes=52
[552/7146] smt-switch | sqrt-circles-3-chunk-0021.smt2 -> ok  64.1333 ms  19328 KB  nodes=52
[553/7146] native | sqrt-1mcosq-8-chunk-0173.smt2 -> ok  81.0108 ms  17792 KB  nodes=118
[554/7146] pysmt | sqrt-1mcosq-8-chunk-0173.smt2 -> ok  22.7628 ms  21284 KB  nodes=95
[555/7146] jsmtlib | sqrt-1mcosq-8-chunk-0173.smt2 -> ok  3342.35 ms  2048 KB  nodes=142
[556/7146] z3 | sqrt-1mcosq-8-chunk-0173.smt2 -> ok  40.827 ms  7936 KB  nodes=125
[557/7146] antlr4 | sqrt-1mcosq-8-chunk-0173.smt2 -> ok  1658.97 ms  4096 KB  nodes=1345
[558/7146] cvc5 | sqrt-1mcosq-8-chunk-0173.smt2 -> ok  67.2869 ms  18048 KB  nodes=125
[559/7146] smt-switch | sqrt-1mcosq-8-chunk-0173.smt2 -> ok  73.1396 ms  20096 KB  nodes=125
[560/7146] native | sqrt-1mcosq-8-chunk-0234.smt2 -> ok  86.8927 ms  17792 KB  nodes=112
[561/7146] pysmt | sqrt-1mcosq-8-chunk-0234.smt2 -> ok  9.38416 ms  21180 KB  nodes=87
[562/7146] jsmtlib | sqrt-1mcosq-8-chunk-0234.smt2 -> ok  2155.97 ms  2048 KB  nodes=134
[563/7146] z3 | sqrt-1mcosq-8-chunk-0234.smt2 -> ok  61.304 ms  7936 KB  nodes=121
[564/7146] antlr4 | sqrt-1mcosq-8-chunk-0234.smt2 -> ok  1166.6 ms  4096 KB  nodes=1223
[565/7146] cvc5 | sqrt-1mcosq-8-chunk-0234.smt2 -> ok  51.226 ms  18560 KB  nodes=121
[566/7146] smt-switch | sqrt-1mcosq-8-chunk-0234.smt2 -> ok  88.4528 ms  21248 KB  nodes=121
[567/7146] native | Chua-2-IL-L-chunk-0091.smt2 -> ok  55.6136 ms  17792 KB  nodes=85
[568/7146] pysmt | Chua-2-IL-L-chunk-0091.smt2 -> ok  22.6333 ms  21380 KB  nodes=58
[569/7146] jsmtlib | Chua-2-IL-L-chunk-0091.smt2 -> ok  1802.57 ms  2048 KB  nodes=109
[570/7146] z3 | Chua-2-IL-L-chunk-0091.smt2 -> ok  39.844 ms  7808 KB  nodes=96
[571/7146] antlr4 | Chua-2-IL-L-chunk-0091.smt2 -> ok  996.676 ms  4096 KB  nodes=880
[572/7146] cvc5 | Chua-2-IL-L-chunk-0091.smt2 -> ok  34.6652 ms  17792 KB  nodes=96
[573/7146] smt-switch | Chua-2-IL-L-chunk-0091.smt2 -> ok  37.8552 ms  19712 KB  nodes=96
[574/7146] native | atan-vega-3-weak-chunk-0701.smt2 -> ok  72.6344 ms  17664 KB  nodes=47
[575/7146] pysmt | atan-vega-3-weak-chunk-0701.smt2 -> ok  14.9813 ms  21200 KB  nodes=53
[576/7146] jsmtlib | atan-vega-3-weak-chunk-0701.smt2 -> ok  1947.08 ms  2048 KB  nodes=79
[577/7146] z3 | atan-vega-3-weak-chunk-0701.smt2 -> ok  21.846 ms  7808 KB  nodes=53
[578/7146] antlr4 | atan-vega-3-weak-chunk-0701.smt2 -> ok  990.081 ms  4096 KB  nodes=872
[579/7146] cvc5 | atan-vega-3-weak-chunk-0701.smt2 -> ok  7.02319 ms  16256 KB  nodes=53
[580/7146] smt-switch | atan-vega-3-weak-chunk-0701.smt2 -> ok  19.1731 ms  18304 KB  nodes=53
[581/7146] native | sin-344-3-chunk-0049.smt2 -> ok  54.1422 ms  17664 KB  nodes=69
[582/7146] pysmt | sin-344-3-chunk-0049.smt2 -> ok  6.19268 ms  21468 KB  nodes=71
[583/7146] jsmtlib | sin-344-3-chunk-0049.smt2 -> ok  2846.19 ms  2048 KB  nodes=99
[584/7146] z3 | sin-344-3-chunk-0049.smt2 -> ok  18.851 ms  7808 KB  nodes=76
[585/7146] antlr4 | sin-344-3-chunk-0049.smt2 -> ok  1262.28 ms  4096 KB  nodes=1079
[586/7146] cvc5 | sin-344-3-chunk-0049.smt2 -> ok  10.1575 ms  16768 KB  nodes=76
[587/7146] smt-switch | sin-344-3-chunk-0049.smt2 -> ok  15.9857 ms  18816 KB  nodes=76
[588/7146] native | sqrt-1mcosq-8-chunk-0607.smt2 -> ok  62.7857 ms  17792 KB  nodes=80
[589/7146] pysmt | sqrt-1mcosq-8-chunk-0607.smt2 -> ok  15.8007 ms  21564 KB  nodes=65
[590/7146] jsmtlib | sqrt-1mcosq-8-chunk-0607.smt2 -> ok  2090.9 ms  2048 KB  nodes=99
[591/7146] z3 | sqrt-1mcosq-8-chunk-0607.smt2 -> ok  23.633 ms  7808 KB  nodes=84
[592/7146] antlr4 | sqrt-1mcosq-8-chunk-0607.smt2 -> ok  974.835 ms  4096 KB  nodes=936
[593/7146] cvc5 | sqrt-1mcosq-8-chunk-0607.smt2 -> ok  12.9905 ms  17152 KB  nodes=84
[594/7146] smt-switch | sqrt-1mcosq-8-chunk-0607.smt2 -> ok  40.9245 ms  19584 KB  nodes=84
[595/7146] native | polypaver-bench-sqrt-3d-chunk-0337.smt2 -> ok  59.7062 ms  17792 KB  nodes=80
[596/7146] pysmt | polypaver-bench-sqrt-3d-chunk-0337.smt2 -> ok  9.8145 ms  21448 KB  nodes=79
[597/7146] jsmtlib | polypaver-bench-sqrt-3d-chunk-0337.smt2 -> ok  1985.35 ms  2048 KB  nodes=114
[598/7146] z3 | polypaver-bench-sqrt-3d-chunk-0337.smt2 -> ok  25.701 ms  7808 KB  nodes=88
[599/7146] antlr4 | polypaver-bench-sqrt-3d-chunk-0337.smt2 -> ok  1239.21 ms  4096 KB  nodes=1261
[600/7146] cvc5 | polypaver-bench-sqrt-3d-chunk-0337.smt2 -> ok  15.5429 ms  16384 KB  nodes=88
[601/7146] smt-switch | polypaver-bench-sqrt-3d-chunk-0337.smt2 -> fail  8.41698 ms  11136 KB  nodes=0
[602/7146] native | sin-problem-7-weak2-chunk-0100.smt2 -> ok  63.9296 ms  17664 KB  nodes=85
[603/7146] pysmt | sin-problem-7-weak2-chunk-0100.smt2 -> ok  10.0493 ms  21616 KB  nodes=81
[604/7146] jsmtlib | sin-problem-7-weak2-chunk-0100.smt2 -> ok  2434.88 ms  2048 KB  nodes=116
[605/7146] z3 | sin-problem-7-weak2-chunk-0100.smt2 -> ok  23.229 ms  7808 KB  nodes=93
[606/7146] antlr4 | sin-problem-7-weak2-chunk-0100.smt2 -> ok  1152.69 ms  4096 KB  nodes=1216
[607/7146] cvc5 | sin-problem-7-weak2-chunk-0100.smt2 -> ok  6.1886 ms  16640 KB  nodes=93
[608/7146] smt-switch | sin-problem-7-weak2-chunk-0100.smt2 -> ok  19.7127 ms  18688 KB  nodes=93
[609/7146] native | sqrt-1mcosq-8-chunk-0151.smt2 -> ok  39.6117 ms  17536 KB  nodes=66
[610/7146] pysmt | sqrt-1mcosq-8-chunk-0151.smt2 -> ok  8.46815 ms  21568 KB  nodes=55
[611/7146] jsmtlib | sqrt-1mcosq-8-chunk-0151.smt2 -> ok  1882.38 ms  2048 KB  nodes=87
[612/7146] z3 | sqrt-1mcosq-8-chunk-0151.smt2 -> ok  24.595 ms  7936 KB  nodes=74
[613/7146] antlr4 | sqrt-1mcosq-8-chunk-0151.smt2 -> ok  1621.56 ms  4096 KB  nodes=791
[614/7146] cvc5 | sqrt-1mcosq-8-chunk-0151.smt2 -> ok  10.1447 ms  17024 KB  nodes=74
[615/7146] smt-switch | sqrt-1mcosq-8-chunk-0151.smt2 -> ok  32.7556 ms  18816 KB  nodes=74
[616/7146] native | sin-problem-7-chunk-0127.smt2 -> ok  53.0805 ms  17664 KB  nodes=78
[617/7146] pysmt | sin-problem-7-chunk-0127.smt2 -> ok  7.87997 ms  21588 KB  nodes=75
[618/7146] jsmtlib | sin-problem-7-chunk-0127.smt2 -> ok  2626.63 ms  2048 KB  nodes=107
[619/7146] z3 | sin-problem-7-chunk-0127.smt2 -> ok  30.935 ms  7808 KB  nodes=85
[620/7146] antlr4 | sin-problem-7-chunk-0127.smt2 -> ok  1149.93 ms  4096 KB  nodes=1149
[621/7146] cvc5 | sin-problem-7-chunk-0127.smt2 -> ok  28.8366 ms  17280 KB  nodes=85
[622/7146] smt-switch | sin-problem-7-chunk-0127.smt2 -> ok  38.5676 ms  19328 KB  nodes=85
[623/7146] native | atan-problem-2-weak-chunk-0215.smt2 -> ok  53.9633 ms  17664 KB  nodes=51
[624/7146] pysmt | atan-problem-2-weak-chunk-0215.smt2 -> ok  5.81408 ms  21288 KB  nodes=57
[625/7146] jsmtlib | atan-problem-2-weak-chunk-0215.smt2 -> ok  2365.01 ms  2048 KB  nodes=76
[626/7146] z3 | atan-problem-2-weak-chunk-0215.smt2 -> ok  34.313 ms  7808 KB  nodes=57
[627/7146] antlr4 | atan-problem-2-weak-chunk-0215.smt2 -> ok  997.815 ms  4096 KB  nodes=842
[628/7146] cvc5 | atan-problem-2-weak-chunk-0215.smt2 -> ok  14.3043 ms  17408 KB  nodes=57
[629/7146] smt-switch | atan-problem-2-weak-chunk-0215.smt2 -> ok  44.3965 ms  19584 KB  nodes=57
[630/7146] native | atan-vega-3-chunk-0273.smt2 -> ok  49.7519 ms  17536 KB  nodes=50
[631/7146] pysmt | atan-vega-3-chunk-0273.smt2 -> ok  13.937 ms  21340 KB  nodes=56
[632/7146] jsmtlib | atan-vega-3-chunk-0273.smt2 -> ok  1977.28 ms  2048 KB  nodes=80
[633/7146] z3 | atan-vega-3-chunk-0273.smt2 -> ok  26.714 ms  7936 KB  nodes=56
[634/7146] antlr4 | atan-vega-3-chunk-0273.smt2 -> ok  1201.7 ms  4096 KB  nodes=880
[635/7146] cvc5 | atan-vega-3-chunk-0273.smt2 -> ok  9.23345 ms  16896 KB  nodes=56
[636/7146] smt-switch | atan-vega-3-chunk-0273.smt2 -> ok  19.9738 ms  19072 KB  nodes=56
[637/7146] native | exp-problem-10-2-chunk-0160.smt2 -> ok  50.2984 ms  17664 KB  nodes=52
[638/7146] pysmt | exp-problem-10-2-chunk-0160.smt2 -> ok  10.6122 ms  21216 KB  nodes=57
[639/7146] jsmtlib | exp-problem-10-2-chunk-0160.smt2 -> ok  2261.43 ms  2048 KB  nodes=70
[640/7146] z3 | exp-problem-10-2-chunk-0160.smt2 -> ok  24.855 ms  7936 KB  nodes=58
[641/7146] antlr4 | exp-problem-10-2-chunk-0160.smt2 -> ok  1317.39 ms  4096 KB  nodes=756
[642/7146] cvc5 | exp-problem-10-2-chunk-0160.smt2 -> ok  19.5321 ms  17152 KB  nodes=58
[643/7146] smt-switch | exp-problem-10-2-chunk-0160.smt2 -> ok  43.2341 ms  19456 KB  nodes=58
[644/7146] native | CMOS-opamp-chunk-0189.smt2 -> ok  62.7468 ms  17792 KB  nodes=98
[645/7146] pysmt | CMOS-opamp-chunk-0189.smt2 -> ok  12.9242 ms  21508 KB  nodes=84
[646/7146] jsmtlib | CMOS-opamp-chunk-0189.smt2 -> ok  2979.58 ms  2048 KB  nodes=119
[647/7146] z3 | CMOS-opamp-chunk-0189.smt2 -> ok  19.001 ms  7936 KB  nodes=108
[648/7146] antlr4 | CMOS-opamp-chunk-0189.smt2 -> ok  1159.84 ms  4096 KB  nodes=1092
[649/7146] cvc5 | CMOS-opamp-chunk-0189.smt2 -> ok  11.7425 ms  16896 KB  nodes=108
[650/7146] smt-switch | CMOS-opamp-chunk-0189.smt2 -> ok  35.4271 ms  18944 KB  nodes=108
[651/7146] native | Chua-2-VC1-L-chunk-0070.smt2 -> ok  54.6364 ms  17792 KB  nodes=97
[652/7146] pysmt | Chua-2-VC1-L-chunk-0070.smt2 -> ok  13.8063 ms  21508 KB  nodes=76
[653/7146] jsmtlib | Chua-2-VC1-L-chunk-0070.smt2 -> ok  2175.04 ms  2048 KB  nodes=127
[654/7146] z3 | Chua-2-VC1-L-chunk-0070.smt2 -> ok  31.801 ms  7680 KB  nodes=106
[655/7146] antlr4 | Chua-2-VC1-L-chunk-0070.smt2 -> ok  1272.7 ms  4096 KB  nodes=1136
[656/7146] cvc5 | Chua-2-VC1-L-chunk-0070.smt2 -> ok  52.8224 ms  17792 KB  nodes=106
[657/7146] smt-switch | Chua-2-VC1-L-chunk-0070.smt2 -> ok  644.543 ms  25472 KB  nodes=106
[658/7146] native | Nichols-Plot-Inverted-Pendulum-Fails-1-6 -> ok  62.6271 ms  17664 KB  nodes=64
[659/7146] pysmt | Nichols-Plot-Inverted-Pendulum-Fails-1-6 -> ok  5.23496 ms  21460 KB  nodes=59
[660/7146] jsmtlib | Nichols-Plot-Inverted-Pendulum-Fails-1-6 -> ok  2280.27 ms  2048 KB  nodes=89
[661/7146] z3 | Nichols-Plot-Inverted-Pendulum-Fails-1-6 -> ok  43.399 ms  7808 KB  nodes=67
[662/7146] antlr4 | Nichols-Plot-Inverted-Pendulum-Fails-1-6 -> ok  1092.06 ms  4096 KB  nodes=865
[663/7146] cvc5 | Nichols-Plot-Inverted-Pendulum-Fails-1-6 -> ok  34.2993 ms  17664 KB  nodes=67
[664/7146] smt-switch | Nichols-Plot-Inverted-Pendulum-Fails-1-6 -> ok  44.6859 ms  19840 KB  nodes=67
[665/7146] native | sin-problem-7-chunk-0136.smt2 -> ok  52.1032 ms  17664 KB  nodes=75
[666/7146] pysmt | sin-problem-7-chunk-0136.smt2 -> ok  9.76634 ms  21324 KB  nodes=71
[667/7146] jsmtlib | sin-problem-7-chunk-0136.smt2 -> ok  2113.06 ms  2048 KB  nodes=101
[668/7146] z3 | sin-problem-7-chunk-0136.smt2 -> ok  20.971 ms  7808 KB  nodes=81
[669/7146] antlr4 | sin-problem-7-chunk-0136.smt2 -> ok  1035.12 ms  4096 KB  nodes=1082
[670/7146] cvc5 | sin-problem-7-chunk-0136.smt2 -> ok  20.0899 ms  17408 KB  nodes=81
[671/7146] smt-switch | sin-problem-7-chunk-0136.smt2 -> ok  34.3719 ms  19456 KB  nodes=81
[672/7146] native | sin-problem-8-weak-chunk-0071.smt2 -> ok  76.7179 ms  17664 KB  nodes=59
[673/7146] pysmt | sin-problem-8-weak-chunk-0071.smt2 -> ok  28.3458 ms  21488 KB  nodes=58
[674/7146] jsmtlib | sin-problem-8-weak-chunk-0071.smt2 -> ok  3808.95 ms  2048 KB  nodes=84
[675/7146] z3 | sin-problem-8-weak-chunk-0071.smt2 -> ok  37.27 ms  7680 KB  nodes=67
[676/7146] antlr4 | sin-problem-8-weak-chunk-0071.smt2 -> ok  1220.12 ms  4096 KB  nodes=836
[677/7146] cvc5 | sin-problem-8-weak-chunk-0071.smt2 -> ok  18.3239 ms  17024 KB  nodes=67
[678/7146] smt-switch | sin-problem-8-weak-chunk-0071.smt2 -> ok  26.1973 ms  19072 KB  nodes=67
[679/7146] native | IsoRightTriangle-Bottema1_19a.smt2 -> ok  50.3067 ms  17792 KB  nodes=34
[680/7146] pysmt | IsoRightTriangle-Bottema1_19a.smt2 -> ok  4.55666 ms  21324 KB  nodes=34
[681/7146] jsmtlib | IsoRightTriangle-Bottema1_19a.smt2 -> ok  2006.1 ms  2048 KB  nodes=58
[682/7146] z3 | IsoRightTriangle-Bottema1_19a.smt2 -> ok  15.743 ms  7680 KB  nodes=35
[683/7146] antlr4 | IsoRightTriangle-Bottema1_19a.smt2 -> ok  976.678 ms  4096 KB  nodes=666
[684/7146] cvc5 | IsoRightTriangle-Bottema1_19a.smt2 -> ok  11.9098 ms  17280 KB  nodes=35
[685/7146] smt-switch | IsoRightTriangle-Bottema1_19a.smt2 -> fail  7.9611 ms  11264 KB  nodes=0
[686/7146] native | atan-vega-3-chunk-0216.smt2 -> ok  90.791 ms  17664 KB  nodes=48
[687/7146] pysmt | atan-vega-3-chunk-0216.smt2 -> ok  14.4269 ms  21212 KB  nodes=53
[688/7146] jsmtlib | atan-vega-3-chunk-0216.smt2 -> ok  2168.67 ms  2048 KB  nodes=75
[689/7146] z3 | atan-vega-3-chunk-0216.smt2 -> ok  28.933 ms  7552 KB  nodes=53
[690/7146] antlr4 | atan-vega-3-chunk-0216.smt2 -> ok  1196.45 ms  4096 KB  nodes=825
[691/7146] cvc5 | atan-vega-3-chunk-0216.smt2 -> ok  23.3044 ms  16768 KB  nodes=53
[692/7146] smt-switch | atan-vega-3-chunk-0216.smt2 -> ok  17.5423 ms  19072 KB  nodes=53
[693/7146] native | polypaver-bench-sqrt-3d-chunk-0472.smt2 -> ok  71.0047 ms  17664 KB  nodes=86
[694/7146] pysmt | polypaver-bench-sqrt-3d-chunk-0472.smt2 -> ok  14.272 ms  21236 KB  nodes=85
[695/7146] jsmtlib | polypaver-bench-sqrt-3d-chunk-0472.smt2 -> ok  2131.34 ms  2048 KB  nodes=128
[696/7146] z3 | polypaver-bench-sqrt-3d-chunk-0472.smt2 -> ok  30.634 ms  7808 KB  nodes=95
[697/7146] antlr4 | polypaver-bench-sqrt-3d-chunk-0472.smt2 -> ok  1148.8 ms  4096 KB  nodes=1427
[698/7146] cvc5 | polypaver-bench-sqrt-3d-chunk-0472.smt2 -> ok  31.9695 ms  17664 KB  nodes=95
[699/7146] smt-switch | polypaver-bench-sqrt-3d-chunk-0472.smt2 -> ok  23.4685 ms  19200 KB  nodes=95
[700/7146] native | sin-cos-346-b-chunk-0509.smt2 -> ok  77.1856 ms  17664 KB  nodes=93
[701/7146] pysmt | sin-cos-346-b-chunk-0509.smt2 -> ok  18.218 ms  21492 KB  nodes=82
[702/7146] jsmtlib | sin-cos-346-b-chunk-0509.smt2 -> ok  2929.79 ms  2048 KB  nodes=113
[703/7146] z3 | sin-cos-346-b-chunk-0509.smt2 -> ok  28.67 ms  7936 KB  nodes=98
[704/7146] antlr4 | sin-cos-346-b-chunk-0509.smt2 -> ok  1360.88 ms  4096 KB  nodes=1171
[705/7146] cvc5 | sin-cos-346-b-chunk-0509.smt2 -> fail  10017.7 ms  1664 KB  nodes=0
[706/7146] smt-switch | sin-cos-346-b-chunk-0509.smt2 -> fail  10.1242 ms  11136 KB  nodes=0
[707/7146] native | Nichols-Plot-Inverted-Pendulum-Fails-1-6 -> ok  80.5012 ms  17664 KB  nodes=64
[708/7146] pysmt | Nichols-Plot-Inverted-Pendulum-Fails-1-6 -> ok  13.1321 ms  21392 KB  nodes=58
[709/7146] jsmtlib | Nichols-Plot-Inverted-Pendulum-Fails-1-6 -> ok  1957.76 ms  2048 KB  nodes=88
[710/7146] z3 | Nichols-Plot-Inverted-Pendulum-Fails-1-6 -> ok  50.693 ms  7680 KB  nodes=66
[711/7146] antlr4 | Nichols-Plot-Inverted-Pendulum-Fails-1-6 -> ok  958.907 ms  4096 KB  nodes=856
[712/7146] cvc5 | Nichols-Plot-Inverted-Pendulum-Fails-1-6 -> ok  4.22619 ms  16896 KB  nodes=66
[713/7146] smt-switch | Nichols-Plot-Inverted-Pendulum-Fails-1-6 -> ok  16.6325 ms  19072 KB  nodes=66
[714/7146] native | exp-problem-10-3-chunk-0078.smt2 -> ok  65.5046 ms  17664 KB  nodes=41
[715/7146] pysmt | exp-problem-10-3-chunk-0078.smt2 -> ok  12.14 ms  21412 KB  nodes=49
[716/7146] jsmtlib | exp-problem-10-3-chunk-0078.smt2 -> ok  1717.32 ms  2048 KB  nodes=65
[717/7146] z3 | exp-problem-10-3-chunk-0078.smt2 -> ok  43.152 ms  7552 KB  nodes=49
[718/7146] antlr4 | exp-problem-10-3-chunk-0078.smt2 -> ok  1084.65 ms  4096 KB  nodes=685
[719/7146] cvc5 | exp-problem-10-3-chunk-0078.smt2 -> ok  4.57014 ms  16768 KB  nodes=49
[720/7146] smt-switch | exp-problem-10-3-chunk-0078.smt2 -> fail  9.24598 ms  11264 KB  nodes=0
[721/7146] native | atan-vega-3-chunk-0580.smt2 -> ok  73.2254 ms  17920 KB  nodes=88
[722/7146] pysmt | atan-vega-3-chunk-0580.smt2 -> ok  12.3317 ms  21468 KB  nodes=93
[723/7146] jsmtlib | atan-vega-3-chunk-0580.smt2 -> ok  2182.9 ms  2048 KB  nodes=119
[724/7146] z3 | atan-vega-3-chunk-0580.smt2 -> ok  52.926 ms  7680 KB  nodes=93
[725/7146] antlr4 | atan-vega-3-chunk-0580.smt2 -> ok  1120.5 ms  4096 KB  nodes=1341
[726/7146] cvc5 | atan-vega-3-chunk-0580.smt2 -> ok  89.6591 ms  17920 KB  nodes=93
[727/7146] smt-switch | atan-vega-3-chunk-0580.smt2 -> ok  41.8146 ms  19456 KB  nodes=93
[728/7146] native | sin-cos-346-b-chunk-0208.smt2 -> ok  98.9981 ms  17536 KB  nodes=60
[729/7146] pysmt | sin-cos-346-b-chunk-0208.smt2 -> ok  5.55968 ms  21368 KB  nodes=56
[730/7146] jsmtlib | sin-cos-346-b-chunk-0208.smt2 -> ok  1898.17 ms  2048 KB  nodes=81
[731/7146] z3 | sin-cos-346-b-chunk-0208.smt2 -> ok  24.875 ms  7808 KB  nodes=66
[732/7146] antlr4 | sin-cos-346-b-chunk-0208.smt2 -> ok  1122.87 ms  4096 KB  nodes=800
[733/7146] cvc5 | sin-cos-346-b-chunk-0208.smt2 -> ok  11.5744 ms  17408 KB  nodes=66
[734/7146] smt-switch | sin-cos-346-b-chunk-0208.smt2 -> ok  27.5348 ms  19328 KB  nodes=66
[735/7146] native | sin-problem-7-weak2-chunk-0120.smt2 -> ok  82.6733 ms  17536 KB  nodes=87
[736/7146] pysmt | sin-problem-7-weak2-chunk-0120.smt2 -> ok  6.84929 ms  21144 KB  nodes=81
[737/7146] jsmtlib | sin-problem-7-weak2-chunk-0120.smt2 -> ok  2134.75 ms  2048 KB  nodes=117
[738/7146] z3 | sin-problem-7-weak2-chunk-0120.smt2 -> ok  27.565 ms  7808 KB  nodes=94
[739/7146] antlr4 | sin-problem-7-weak2-chunk-0120.smt2 -> ok  1229.62 ms  4096 KB  nodes=1245
[740/7146] cvc5 | sin-problem-7-weak2-chunk-0120.smt2 -> ok  4.04098 ms  16384 KB  nodes=94
[741/7146] smt-switch | sin-problem-7-weak2-chunk-0120.smt2 -> ok  20.5609 ms  18304 KB  nodes=94
[742/7146] native | sqrt-1mcosq-8-chunk-0582.smt2 -> ok  121.452 ms  17664 KB  nodes=99
[743/7146] pysmt | sqrt-1mcosq-8-chunk-0582.smt2 -> ok  7.56836 ms  21088 KB  nodes=77
[744/7146] jsmtlib | sqrt-1mcosq-8-chunk-0582.smt2 -> ok  1997.69 ms  2048 KB  nodes=120
[745/7146] z3 | sqrt-1mcosq-8-chunk-0582.smt2 -> ok  28.849 ms  7808 KB  nodes=107
[746/7146] antlr4 | sqrt-1mcosq-8-chunk-0582.smt2 -> ok  1019.98 ms  4096 KB  nodes=1112
[747/7146] cvc5 | sqrt-1mcosq-8-chunk-0582.smt2 -> ok  59.2034 ms  18048 KB  nodes=107
[748/7146] smt-switch | sqrt-1mcosq-8-chunk-0582.smt2 -> ok  51.2605 ms  20352 KB  nodes=107
[749/7146] native | sqrt-1mcosq-8-chunk-0611.smt2 -> ok  48.899 ms  17792 KB  nodes=119
[750/7146] pysmt | sqrt-1mcosq-8-chunk-0611.smt2 -> ok  6.62494 ms  21480 KB  nodes=94
[751/7146] jsmtlib | sqrt-1mcosq-8-chunk-0611.smt2 -> ok  1865.18 ms  2048 KB  nodes=143
[752/7146] z3 | sqrt-1mcosq-8-chunk-0611.smt2 -> ok  28.849 ms  7680 KB  nodes=125
[753/7146] antlr4 | sqrt-1mcosq-8-chunk-0611.smt2 -> ok  1328.64 ms  4096 KB  nodes=1352
[754/7146] cvc5 | sqrt-1mcosq-8-chunk-0611.smt2 -> ok  74.8211 ms  18304 KB  nodes=125
[755/7146] smt-switch | sqrt-1mcosq-8-chunk-0611.smt2 -> ok  98.9234 ms  19968 KB  nodes=125
[756/7146] native | atan-vega-3-chunk-0191.smt2 -> ok  53.6748 ms  17664 KB  nodes=48
[757/7146] pysmt | atan-vega-3-chunk-0191.smt2 -> ok  12.8608 ms  21380 KB  nodes=53
[758/7146] jsmtlib | atan-vega-3-chunk-0191.smt2 -> ok  2195.37 ms  2048 KB  nodes=76
[759/7146] z3 | atan-vega-3-chunk-0191.smt2 -> ok  15.643 ms  7808 KB  nodes=53
[760/7146] antlr4 | atan-vega-3-chunk-0191.smt2 -> ok  966.763 ms  4096 KB  nodes=837
[761/7146] cvc5 | atan-vega-3-chunk-0191.smt2 -> ok  50.8966 ms  17152 KB  nodes=53
[762/7146] smt-switch | atan-vega-3-chunk-0191.smt2 -> ok  28.0506 ms  19328 KB  nodes=53
[763/7146] native | polypaver-bench-sqrt-3d-chunk-0190.smt2 -> ok  65.1975 ms  17408 KB  nodes=50
[764/7146] pysmt | polypaver-bench-sqrt-3d-chunk-0190.smt2 -> ok  12.8579 ms  21396 KB  nodes=50
[765/7146] jsmtlib | polypaver-bench-sqrt-3d-chunk-0190.smt2 -> ok  1939.73 ms  2048 KB  nodes=77
[766/7146] z3 | polypaver-bench-sqrt-3d-chunk-0190.smt2 -> ok  20.595 ms  7808 KB  nodes=53
[767/7146] antlr4 | polypaver-bench-sqrt-3d-chunk-0190.smt2 -> ok  1135.34 ms  4096 KB  nodes=839
[768/7146] cvc5 | polypaver-bench-sqrt-3d-chunk-0190.smt2 -> ok  4.22362 ms  16768 KB  nodes=53
[769/7146] smt-switch | polypaver-bench-sqrt-3d-chunk-0190.smt2 -> ok  22.8713 ms  19328 KB  nodes=53
[770/7146] native | atan-vega-3-chunk-0189.smt2 -> ok  53.4498 ms  17664 KB  nodes=93
[771/7146] pysmt | atan-vega-3-chunk-0189.smt2 -> ok  21.7354 ms  21044 KB  nodes=93
[772/7146] jsmtlib | atan-vega-3-chunk-0189.smt2 -> ok  2038.16 ms  2048 KB  nodes=128
[773/7146] z3 | atan-vega-3-chunk-0189.smt2 -> ok  29.885 ms  7808 KB  nodes=98
[774/7146] antlr4 | atan-vega-3-chunk-0189.smt2 -> ok  1146.57 ms  4096 KB  nodes=1417
[775/7146] cvc5 | atan-vega-3-chunk-0189.smt2 -> ok  44.6348 ms  17792 KB  nodes=98
[776/7146] smt-switch | atan-vega-3-chunk-0189.smt2 -> ok  20.1548 ms  19072 KB  nodes=98
[777/7146] native | sqrt-1mcosq-8-chunk-0231.smt2 -> ok  49.5784 ms  17792 KB  nodes=111
[778/7146] pysmt | sqrt-1mcosq-8-chunk-0231.smt2 -> ok  10.2396 ms  21460 KB  nodes=87
[779/7146] jsmtlib | sqrt-1mcosq-8-chunk-0231.smt2 -> ok  1942.09 ms  2048 KB  nodes=136
[780/7146] z3 | sqrt-1mcosq-8-chunk-0231.smt2 -> ok  45.98 ms  7808 KB  nodes=121
[781/7146] antlr4 | sqrt-1mcosq-8-chunk-0231.smt2 -> ok  1112.4 ms  4096 KB  nodes=1239
[782/7146] cvc5 | sqrt-1mcosq-8-chunk-0231.smt2 -> ok  27.6961 ms  17280 KB  nodes=121
[783/7146] smt-switch | sqrt-1mcosq-8-chunk-0231.smt2 -> ok  28.8394 ms  19200 KB  nodes=121
[784/7146] native | DDC_ProveIneq_Mitrinovic_3_28.smt2 -> ok  52.7933 ms  17664 KB  nodes=38
[785/7146] pysmt | DDC_ProveIneq_Mitrinovic_3_28.smt2 -> ok  9.08256 ms  21384 KB  nodes=40
[786/7146] jsmtlib | DDC_ProveIneq_Mitrinovic_3_28.smt2 -> ok  2115.54 ms  2048 KB  nodes=70
[787/7146] z3 | DDC_ProveIneq_Mitrinovic_3_28.smt2 -> ok  29.23 ms  7808 KB  nodes=40
[788/7146] antlr4 | DDC_ProveIneq_Mitrinovic_3_28.smt2 -> ok  1317.57 ms  4096 KB  nodes=788
[789/7146] cvc5 | DDC_ProveIneq_Mitrinovic_3_28.smt2 -> ok  25.3647 ms  17408 KB  nodes=40
[790/7146] smt-switch | DDC_ProveIneq_Mitrinovic_3_28.smt2 -> fail  19.2217 ms  11520 KB  nodes=0
[791/7146] native | sin-problem-7-weak-chunk-0160.smt2 -> ok  58.06 ms  17792 KB  nodes=83
[792/7146] pysmt | sin-problem-7-weak-chunk-0160.smt2 -> ok  7.15852 ms  21428 KB  nodes=76
[793/7146] jsmtlib | sin-problem-7-weak-chunk-0160.smt2 -> ok  2184.84 ms  2048 KB  nodes=113
[794/7146] z3 | sin-problem-7-weak-chunk-0160.smt2 -> ok  14.566 ms  7808 KB  nodes=90
[795/7146] antlr4 | sin-problem-7-weak-chunk-0160.smt2 -> ok  1169.09 ms  4096 KB  nodes=1147
[796/7146] cvc5 | sin-problem-7-weak-chunk-0160.smt2 -> ok  20.9459 ms  17408 KB  nodes=90
[797/7146] smt-switch | sin-problem-7-weak-chunk-0160.smt2 -> ok  33.988 ms  19584 KB  nodes=90
[798/7146] native | exp-problem-10-3-chunk-0126.smt2 -> ok  60.4927 ms  17664 KB  nodes=59
[799/7146] pysmt | exp-problem-10-3-chunk-0126.smt2 -> ok  10.9153 ms  21388 KB  nodes=61
[800/7146] jsmtlib | exp-problem-10-3-chunk-0126.smt2 -> ok  2171.08 ms  2048 KB  nodes=79
[801/7146] z3 | exp-problem-10-3-chunk-0126.smt2 -> ok  33.933 ms  7680 KB  nodes=67
[802/7146] antlr4 | exp-problem-10-3-chunk-0126.smt2 -> ok  1159.95 ms  4096 KB  nodes=781
[803/7146] cvc5 | exp-problem-10-3-chunk-0126.smt2 -> ok  28.7778 ms  17152 KB  nodes=67
[804/7146] smt-switch | exp-problem-10-3-chunk-0126.smt2 -> ok  27.92 ms  19968 KB  nodes=67
[805/7146] native | sqrt-1mcosq-8-chunk-0212.smt2 -> ok  54.6067 ms  17792 KB  nodes=104
[806/7146] pysmt | sqrt-1mcosq-8-chunk-0212.smt2 -> ok  18.3289 ms  21376 KB  nodes=81
[807/7146] jsmtlib | sqrt-1mcosq-8-chunk-0212.smt2 -> ok  2181.09 ms  2048 KB  nodes=125
[808/7146] z3 | sqrt-1mcosq-8-chunk-0212.smt2 -> ok  30.632 ms  7936 KB  nodes=111
[809/7146] antlr4 | sqrt-1mcosq-8-chunk-0212.smt2 -> ok  1055.67 ms  4096 KB  nodes=1160
[810/7146] cvc5 | sqrt-1mcosq-8-chunk-0212.smt2 -> ok  9.1217 ms  17152 KB  nodes=111
[811/7146] smt-switch | sqrt-1mcosq-8-chunk-0212.smt2 -> ok  37.0436 ms  19200 KB  nodes=111
[812/7146] native | atan-vega-3-chunk-0397.smt2 -> ok  60.7159 ms  17664 KB  nodes=54
[813/7146] pysmt | atan-vega-3-chunk-0397.smt2 -> ok  8.49247 ms  21740 KB  nodes=58
[814/7146] jsmtlib | atan-vega-3-chunk-0397.smt2 -> ok  2200.87 ms  2048 KB  nodes=81
[815/7146] z3 | atan-vega-3-chunk-0397.smt2 -> ok  27.131 ms  7680 KB  nodes=58
[816/7146] antlr4 | atan-vega-3-chunk-0397.smt2 -> ok  1094.92 ms  4096 KB  nodes=900
[817/7146] cvc5 | atan-vega-3-chunk-0397.smt2 -> ok  9.29914 ms  16896 KB  nodes=58
[818/7146] smt-switch | atan-vega-3-chunk-0397.smt2 -> ok  42.2172 ms  19584 KB  nodes=58
[819/7146] native | exp-problem-10-2-chunk-0301.smt2 -> ok  76.6248 ms  17664 KB  nodes=54
[820/7146] pysmt | exp-problem-10-2-chunk-0301.smt2 -> ok  6.3169 ms  21720 KB  nodes=61
[821/7146] jsmtlib | exp-problem-10-2-chunk-0301.smt2 -> ok  2590.94 ms  2048 KB  nodes=76
[822/7146] z3 | exp-problem-10-2-chunk-0301.smt2 -> ok  31.676 ms  7808 KB  nodes=63
[823/7146] antlr4 | exp-problem-10-2-chunk-0301.smt2 -> ok  1333.97 ms  4096 KB  nodes=730
[824/7146] cvc5 | exp-problem-10-2-chunk-0301.smt2 -> ok  21.8284 ms  17280 KB  nodes=63
[825/7146] smt-switch | exp-problem-10-2-chunk-0301.smt2 -> ok  31.4039 ms  19200 KB  nodes=63
[826/7146] native | atan-vega-3-weak-chunk-0452.smt2 -> ok  78.2351 ms  17664 KB  nodes=69
[827/7146] pysmt | atan-vega-3-weak-chunk-0452.smt2 -> ok  13.3543 ms  21460 KB  nodes=73
[828/7146] jsmtlib | atan-vega-3-weak-chunk-0452.smt2 -> ok  2244.24 ms  2048 KB  nodes=94
[829/7146] z3 | atan-vega-3-weak-chunk-0452.smt2 -> ok  40.679 ms  7680 KB  nodes=74
[830/7146] antlr4 | atan-vega-3-weak-chunk-0452.smt2 -> ok  980.048 ms  4096 KB  nodes=1047
[831/7146] cvc5 | atan-vega-3-weak-chunk-0452.smt2 -> ok  18.4708 ms  17408 KB  nodes=74
[832/7146] smt-switch | atan-vega-3-weak-chunk-0452.smt2 -> ok  43.3044 ms  19456 KB  nodes=74
[833/7146] native | exp-problem-10-2-chunk-0115.smt2 -> ok  55.8278 ms  17536 KB  nodes=47
[834/7146] pysmt | exp-problem-10-2-chunk-0115.smt2 -> ok  11.9784 ms  21272 KB  nodes=52
[835/7146] jsmtlib | exp-problem-10-2-chunk-0115.smt2 -> ok  1909.67 ms  2048 KB  nodes=65
[836/7146] z3 | exp-problem-10-2-chunk-0115.smt2 -> ok  36.704 ms  7680 KB  nodes=53
[837/7146] antlr4 | exp-problem-10-2-chunk-0115.smt2 -> ok  1174.7 ms  4096 KB  nodes=718
[838/7146] cvc5 | exp-problem-10-2-chunk-0115.smt2 -> ok  8.21257 ms  17408 KB  nodes=53
[839/7146] smt-switch | exp-problem-10-2-chunk-0115.smt2 -> ok  34.2155 ms  19456 KB  nodes=53
[840/7146] native | Chua-1-VC2-U-chunk-0100.smt2 -> ok  72.8475 ms  17792 KB  nodes=61
[841/7146] pysmt | Chua-1-VC2-U-chunk-0100.smt2 -> ok  12.3715 ms  21564 KB  nodes=48
[842/7146] jsmtlib | Chua-1-VC2-U-chunk-0100.smt2 -> ok  2112.9 ms  2048 KB  nodes=85
[843/7146] z3 | Chua-1-VC2-U-chunk-0100.smt2 -> ok  38.611 ms  7680 KB  nodes=68
[844/7146] antlr4 | Chua-1-VC2-U-chunk-0100.smt2 -> ok  1243.51 ms  4096 KB  nodes=759
[845/7146] cvc5 | Chua-1-VC2-U-chunk-0100.smt2 -> ok  18.5087 ms  17152 KB  nodes=68
[846/7146] smt-switch | Chua-1-VC2-U-chunk-0100.smt2 -> ok  18.762 ms  19200 KB  nodes=68
[847/7146] native | 1599121684761355000.smt2 -> ok  64.4416 ms  18048 KB  nodes=79
[848/7146] pysmt | 1599121684761355000.smt2 -> ok  6.62827 ms  21320 KB  nodes=70
[849/7146] jsmtlib | 1599121684761355000.smt2 -> ok  2032.05 ms  2048 KB  nodes=126
[850/7146] z3 | 1599121684761355000.smt2 -> ok  27.783 ms  7808 KB  nodes=81
[851/7146] antlr4 | 1599121684761355000.smt2 -> ok  1178.71 ms  5120 KB  nodes=1331
[852/7146] cvc5 | 1599121684761355000.smt2 -> ok  179.118 ms  18560 KB  nodes=81
[853/7146] smt-switch | 1599121684761355000.smt2 -> ok  177.716 ms  20096 KB  nodes=81
[854/7146] native | sin-problem-7-weak-chunk-0167.smt2 -> ok  54.6149 ms  17792 KB  nodes=100
[855/7146] pysmt | sin-problem-7-weak-chunk-0167.smt2 -> ok  9.09495 ms  21432 KB  nodes=95
[856/7146] jsmtlib | sin-problem-7-weak-chunk-0167.smt2 -> ok  2040.24 ms  2048 KB  nodes=138
[857/7146] z3 | sin-problem-7-weak-chunk-0167.smt2 -> ok  42.741 ms  7680 KB  nodes=109
[858/7146] antlr4 | sin-problem-7-weak-chunk-0167.smt2 -> ok  1207.25 ms  4096 KB  nodes=1447
[859/7146] cvc5 | sin-problem-7-weak-chunk-0167.smt2 -> fail  10027.9 ms  1664 KB  nodes=0
[860/7146] smt-switch | sin-problem-7-weak-chunk-0167.smt2 -> fail  10017.8 ms  1664 KB  nodes=0
[861/7146] native | ball_count_2d_plain.01.seq_lazy_linear_e -> ok  80.1614 ms  18176 KB  nodes=612
[862/7146] pysmt | ball_count_2d_plain.01.seq_lazy_linear_e -> ok  45.9871 ms  21836 KB  nodes=609
[863/7146] jsmtlib | ball_count_2d_plain.01.seq_lazy_linear_e -> ok  2374.42 ms  3072 KB  nodes=1783
[864/7146] z3 | ball_count_2d_plain.01.seq_lazy_linear_e -> ok  72.788 ms  7936 KB  nodes=609
[865/7146] antlr4 | ball_count_2d_plain.01.seq_lazy_linear_e -> ok  1253.25 ms  6144 KB  nodes=18256
[866/7146] cvc5 | ball_count_2d_plain.01.seq_lazy_linear_e -> ok  19.8079 ms  16896 KB  nodes=609
[867/7146] smt-switch | ball_count_2d_plain.01.seq_lazy_linear_e -> ok  68.6987 ms  19220 KB  nodes=612
[868/7146] native | cbrt-problem-3-weak-chunk-0095.smt2 -> ok  49.2932 ms  17792 KB  nodes=147
[869/7146] pysmt | cbrt-problem-3-weak-chunk-0095.smt2 -> ok  20.9854 ms  21252 KB  nodes=135
[870/7146] jsmtlib | cbrt-problem-3-weak-chunk-0095.smt2 -> ok  1987.34 ms  2048 KB  nodes=194
[871/7146] z3 | cbrt-problem-3-weak-chunk-0095.smt2 -> ok  22.538 ms  7808 KB  nodes=157
[872/7146] antlr4 | cbrt-problem-3-weak-chunk-0095.smt2 -> ok  1052.25 ms  5120 KB  nodes=2042
[873/7146] cvc5 | cbrt-problem-3-weak-chunk-0095.smt2 -> ok  26.648 ms  17152 KB  nodes=157
[874/7146] smt-switch | cbrt-problem-3-weak-chunk-0095.smt2 -> ok  41.8035 ms  19712 KB  nodes=157
[875/7146] native | ball_count_2d_hill.10.seq_lazy_global_3. -> ok  63.9417 ms  18176 KB  nodes=843
[876/7146] pysmt | ball_count_2d_hill.10.seq_lazy_global_3. -> ok  64.3725 ms  22156 KB  nodes=843
[877/7146] jsmtlib | ball_count_2d_hill.10.seq_lazy_global_3. -> ok  2148.13 ms  4096 KB  nodes=2524
[878/7146] z3 | ball_count_2d_hill.10.seq_lazy_global_3. -> ok  31.362 ms  8064 KB  nodes=844
[879/7146] antlr4 | ball_count_2d_hill.10.seq_lazy_global_3. -> ok  1197.75 ms  7168 KB  nodes=25817
[880/7146] cvc5 | ball_count_2d_hill.10.seq_lazy_global_3. -> ok  26.6851 ms  17792 KB  nodes=844
[881/7146] smt-switch | ball_count_2d_hill.10.seq_lazy_global_3. -> ok  90.6418 ms  19664 KB  nodes=847
[882/7146] native | 1599122165298104000.smt2 -> ok  63.0886 ms  17920 KB  nodes=82
[883/7146] pysmt | 1599122165298104000.smt2 -> ok  10.0577 ms  21000 KB  nodes=67
[884/7146] jsmtlib | 1599122165298104000.smt2 -> ok  1855.48 ms  2048 KB  nodes=123
[885/7146] z3 | 1599122165298104000.smt2 -> ok  26.876 ms  7808 KB  nodes=82
[886/7146] antlr4 | 1599122165298104000.smt2 -> ok  1078.9 ms  5120 KB  nodes=1265
[887/7146] cvc5 | 1599122165298104000.smt2 -> ok  22.9821 ms  17280 KB  nodes=82
[888/7146] smt-switch | 1599122165298104000.smt2 -> ok  28.7181 ms  19584 KB  nodes=82
[889/7146] native | sin-cos-346-b-chunk-0581.smt2 -> ok  48.2103 ms  17792 KB  nodes=113
[890/7146] pysmt | sin-cos-346-b-chunk-0581.smt2 -> ok  11.2653 ms  21176 KB  nodes=107
[891/7146] jsmtlib | sin-cos-346-b-chunk-0581.smt2 -> ok  2116.71 ms  2048 KB  nodes=134
[892/7146] z3 | sin-cos-346-b-chunk-0581.smt2 -> ok  27.708 ms  7808 KB  nodes=119
[893/7146] antlr4 | sin-cos-346-b-chunk-0581.smt2 -> ok  1388.02 ms  4096 KB  nodes=1520
[894/7146] cvc5 | sin-cos-346-b-chunk-0581.smt2 -> ok  19.1496 ms  17024 KB  nodes=119
[895/7146] smt-switch | sin-cos-346-b-chunk-0581.smt2 -> fail  13.2485 ms  11392 KB  nodes=0
[896/7146] native | matrix-5-all-01.smt2 -> ok  76.3445 ms  19200 KB  nodes=4264
[897/7146] pysmt | matrix-5-all-01.smt2 -> ok  252.387 ms  23084 KB  nodes=4310
[898/7146] jsmtlib | matrix-5-all-01.smt2 -> ok  2330.64 ms  6144 KB  nodes=4987
[899/7146] z3 | matrix-5-all-01.smt2 -> timeout  10000 ms  9856 KB  nodes=4572
[900/7146] antlr4 | matrix-5-all-01.smt2 -> ok  1473.37 ms  11264 KB  nodes=63395
[901/7146] cvc5 | matrix-5-all-01.smt2 -> fail  10003.2 ms  1664 KB  nodes=0
[902/7146] smt-switch | matrix-5-all-01.smt2 -> fail  10011.1 ms  1664 KB  nodes=0
[903/7146] native | sqrt-1mcosq-7-chunk-0175.smt2 -> ok  95.4862 ms  17792 KB  nodes=225
[904/7146] pysmt | sqrt-1mcosq-7-chunk-0175.smt2 -> ok  27.8351 ms  21644 KB  nodes=221
[905/7146] jsmtlib | sqrt-1mcosq-7-chunk-0175.smt2 -> ok  1872.45 ms  2048 KB  nodes=317
[906/7146] z3 | sqrt-1mcosq-7-chunk-0175.smt2 -> ok  29.978 ms  7936 KB  nodes=234
[907/7146] antlr4 | sqrt-1mcosq-7-chunk-0175.smt2 -> ok  1289.06 ms  5120 KB  nodes=3645
[908/7146] cvc5 | sqrt-1mcosq-7-chunk-0175.smt2 -> ok  60.6259 ms  18432 KB  nodes=234
[909/7146] smt-switch | sqrt-1mcosq-7-chunk-0175.smt2 -> ok  239.885 ms  20608 KB  nodes=234
[910/7146] native | CMOS-opamp-chunk-0169.smt2 -> ok  50.6611 ms  17792 KB  nodes=175
[911/7146] pysmt | CMOS-opamp-chunk-0169.smt2 -> ok  13.3948 ms  21492 KB  nodes=154
[912/7146] jsmtlib | CMOS-opamp-chunk-0169.smt2 -> ok  2176.19 ms  2048 KB  nodes=204
[913/7146] z3 | CMOS-opamp-chunk-0169.smt2 -> ok  61.295 ms  7936 KB  nodes=193
[914/7146] antlr4 | CMOS-opamp-chunk-0169.smt2 -> ok  1050.23 ms  5120 KB  nodes=2006
[915/7146] cvc5 | CMOS-opamp-chunk-0169.smt2 -> ok  19.2352 ms  17280 KB  nodes=193
[916/7146] smt-switch | CMOS-opamp-chunk-0169.smt2 -> ok  38.7577 ms  19200 KB  nodes=193
[917/7146] native | ball_count_2d_hill_simple.02.seq_lazy_li -> ok  63.5035 ms  18048 KB  nodes=431
[918/7146] pysmt | ball_count_2d_hill_simple.02.seq_lazy_li -> ok  35.5918 ms  22020 KB  nodes=429
[919/7146] jsmtlib | ball_count_2d_hill_simple.02.seq_lazy_li -> ok  1934.27 ms  3072 KB  nodes=1258
[920/7146] z3 | ball_count_2d_hill_simple.02.seq_lazy_li -> ok  26.685 ms  7936 KB  nodes=430
[921/7146] antlr4 | ball_count_2d_hill_simple.02.seq_lazy_li -> ok  1238.53 ms  6144 KB  nodes=12850
[922/7146] cvc5 | ball_count_2d_hill_simple.02.seq_lazy_li -> ok  25.9315 ms  17408 KB  nodes=430
[923/7146] smt-switch | ball_count_2d_hill_simple.02.seq_lazy_li -> ok  70.7387 ms  19452 KB  nodes=432
[924/7146] native | atan-vega-3-chunk-0629.smt2 -> ok  51.4798 ms  17792 KB  nodes=207
[925/7146] pysmt | atan-vega-3-chunk-0629.smt2 -> ok  14.9982 ms  21328 KB  nodes=193
[926/7146] jsmtlib | atan-vega-3-chunk-0629.smt2 -> ok  1907.47 ms  2048 KB  nodes=265
[927/7146] z3 | atan-vega-3-chunk-0629.smt2 -> ok  55.261 ms  7936 KB  nodes=215
[928/7146] antlr4 | atan-vega-3-chunk-0629.smt2 -> ok  1137.42 ms  5120 KB  nodes=2801
[929/7146] cvc5 | atan-vega-3-chunk-0629.smt2 -> fail  10019.2 ms  1664 KB  nodes=0
[930/7146] smt-switch | atan-vega-3-chunk-0629.smt2 -> fail  10016.7 ms  1664 KB  nodes=0
[931/7146] native | 1599122160984317000.smt2 -> ok  81.4752 ms  17664 KB  nodes=80
[932/7146] pysmt | 1599122160984317000.smt2 -> ok  10.222 ms  21500 KB  nodes=66
[933/7146] jsmtlib | 1599122160984317000.smt2 -> ok  2016.61 ms  2048 KB  nodes=128
[934/7146] z3 | 1599122160984317000.smt2 -> ok  23.797 ms  7936 KB  nodes=82
[935/7146] antlr4 | 1599122160984317000.smt2 -> ok  1079.45 ms  5120 KB  nodes=1307
[936/7146] cvc5 | 1599122160984317000.smt2 -> ok  30.3523 ms  17280 KB  nodes=82
[937/7146] smt-switch | 1599122160984317000.smt2 -> ok  34.7149 ms  19968 KB  nodes=82
[938/7146] native | ball_count_1d_plain.02.qfree_global_0.sm -> ok  67.6736 ms  18048 KB  nodes=71
[939/7146] pysmt | ball_count_1d_plain.02.qfree_global_0.sm -> ok  14.7583 ms  21484 KB  nodes=69
[940/7146] jsmtlib | ball_count_1d_plain.02.qfree_global_0.sm -> ok  1902.51 ms  2048 KB  nodes=195
[941/7146] z3 | ball_count_1d_plain.02.qfree_global_0.sm -> ok  25.157 ms  7808 KB  nodes=71
[942/7146] antlr4 | ball_count_1d_plain.02.qfree_global_0.sm -> ok  1045.41 ms  5120 KB  nodes=1865
[943/7146] cvc5 | ball_count_1d_plain.02.qfree_global_0.sm -> ok  4.33309 ms  16256 KB  nodes=71
[944/7146] smt-switch | ball_count_1d_plain.02.qfree_global_0.sm -> ok  17.3707 ms  18432 KB  nodes=73
[945/7146] native | ball_count_1d_plain.05.seq_lazy_linear_e -> ok  45.1016 ms  17792 KB  nodes=115
[946/7146] pysmt | ball_count_1d_plain.05.seq_lazy_linear_e -> ok  13.1247 ms  21604 KB  nodes=112
[947/7146] jsmtlib | ball_count_1d_plain.05.seq_lazy_linear_e -> ok  1864.97 ms  2048 KB  nodes=325
[948/7146] z3 | ball_count_1d_plain.05.seq_lazy_linear_e -> ok  25.747 ms  7808 KB  nodes=115
[949/7146] antlr4 | ball_count_1d_plain.05.seq_lazy_linear_e -> ok  1117.07 ms  5120 KB  nodes=3197
[950/7146] cvc5 | ball_count_1d_plain.05.seq_lazy_linear_e -> ok  4.21811 ms  16384 KB  nodes=115
[951/7146] smt-switch | ball_count_1d_plain.05.seq_lazy_linear_e -> ok  18.7816 ms  18688 KB  nodes=116
[952/7146] native | polypaver-bench-sqrt-3d-chunk-0475.smt2 -> ok  51.5062 ms  17792 KB  nodes=91
[953/7146] pysmt | polypaver-bench-sqrt-3d-chunk-0475.smt2 -> ok  13.4091 ms  21560 KB  nodes=91
[954/7146] jsmtlib | polypaver-bench-sqrt-3d-chunk-0475.smt2 -> ok  2588.24 ms  2048 KB  nodes=135
[955/7146] z3 | polypaver-bench-sqrt-3d-chunk-0475.smt2 -> ok  37.947 ms  7808 KB  nodes=100
[956/7146] antlr4 | polypaver-bench-sqrt-3d-chunk-0475.smt2 -> ok  1252.98 ms  4096 KB  nodes=1509
[957/7146] cvc5 | polypaver-bench-sqrt-3d-chunk-0475.smt2 -> ok  43.6085 ms  17920 KB  nodes=100
[958/7146] smt-switch | polypaver-bench-sqrt-3d-chunk-0475.smt2 -> ok  30.7291 ms  18944 KB  nodes=100
[959/7146] native | CMOS-opamp-chunk-0328.smt2 -> ok  50.1998 ms  17792 KB  nodes=179
[960/7146] pysmt | CMOS-opamp-chunk-0328.smt2 -> ok  17.2904 ms  21560 KB  nodes=153
[961/7146] jsmtlib | CMOS-opamp-chunk-0328.smt2 -> ok  2013.6 ms  2048 KB  nodes=209
[962/7146] z3 | CMOS-opamp-chunk-0328.smt2 -> ok  18.677 ms  7936 KB  nodes=198
[963/7146] antlr4 | CMOS-opamp-chunk-0328.smt2 -> ok  997.314 ms  5120 KB  nodes=2029
[964/7146] cvc5 | CMOS-opamp-chunk-0328.smt2 -> ok  21.585 ms  17024 KB  nodes=198
[965/7146] smt-switch | CMOS-opamp-chunk-0328.smt2 -> ok  32.3532 ms  19584 KB  nodes=198
[966/7146] native | polypaver-bench-sqrt-3d-chunk-0519.smt2 -> ok  72.045 ms  17792 KB  nodes=107
[967/7146] pysmt | polypaver-bench-sqrt-3d-chunk-0519.smt2 -> ok  12.2883 ms  21304 KB  nodes=108
[968/7146] jsmtlib | polypaver-bench-sqrt-3d-chunk-0519.smt2 -> ok  1972.98 ms  2048 KB  nodes=159
[969/7146] z3 | polypaver-bench-sqrt-3d-chunk-0519.smt2 -> ok  25.473 ms  7808 KB  nodes=117
[970/7146] antlr4 | polypaver-bench-sqrt-3d-chunk-0519.smt2 -> ok  1002.35 ms  4096 KB  nodes=1832
[971/7146] cvc5 | polypaver-bench-sqrt-3d-chunk-0519.smt2 -> ok  87.846 ms  17920 KB  nodes=117
[972/7146] smt-switch | polypaver-bench-sqrt-3d-chunk-0519.smt2 -> ok  39.5502 ms  19840 KB  nodes=117
[973/7146] native | mbo_E3.smt2 -> ok  70.4471 ms  18176 KB  nodes=924
[974/7146] pysmt | mbo_E3.smt2 -> ok  104.288 ms  21796 KB  nodes=924
[975/7146] jsmtlib | mbo_E3.smt2 -> fail  2881.95 ms  1664 KB  nodes=0
[976/7146] z3 | mbo_E3.smt2 -> ok  53.943 ms  8192 KB  nodes=924
[977/7146] antlr4 | mbo_E3.smt2 -> ok  1364.12 ms  12288 KB  nodes=75189
[978/7146] cvc5 | mbo_E3.smt2 -> ok  978.887 ms  27648 KB  nodes=924
[979/7146] smt-switch | mbo_E3.smt2 -> fail  230.905 ms  11904 KB  nodes=0
[980/7146] native | 1599121904850228000.smt2 -> ok  66.8143 ms  17664 KB  nodes=89
[981/7146] pysmt | 1599121904850228000.smt2 -> ok  24.2712 ms  21440 KB  nodes=77
[982/7146] jsmtlib | 1599121904850228000.smt2 -> ok  5582.93 ms  2048 KB  nodes=141
[983/7146] z3 | 1599121904850228000.smt2 -> ok  129.877 ms  7808 KB  nodes=92
[984/7146] antlr4 | 1599121904850228000.smt2 -> ok  1926.96 ms  5120 KB  nodes=1467
[985/7146] cvc5 | 1599121904850228000.smt2 -> fail  10032.6 ms  1664 KB  nodes=0
[986/7146] smt-switch | 1599121904850228000.smt2 -> fail  10006.1 ms  1664 KB  nodes=0
[987/7146] native | 1599121863598340000.smt2 -> ok  122.323 ms  17920 KB  nodes=79
[988/7146] pysmt | 1599121863598340000.smt2 -> ok  10.6595 ms  21360 KB  nodes=64
[989/7146] jsmtlib | 1599121863598340000.smt2 -> ok  2300.58 ms  2048 KB  nodes=121
[990/7146] z3 | 1599121863598340000.smt2 -> ok  52.15 ms  7808 KB  nodes=79
[991/7146] antlr4 | 1599121863598340000.smt2 -> ok  1052.38 ms  5120 KB  nodes=1227
[992/7146] cvc5 | 1599121863598340000.smt2 -> ok  27.188 ms  17536 KB  nodes=79
[993/7146] smt-switch | 1599121863598340000.smt2 -> ok  124.385 ms  19968 KB  nodes=79
[994/7146] native | 1599121861868864000.smt2 -> ok  55.6672 ms  18048 KB  nodes=81
[995/7146] pysmt | 1599121861868864000.smt2 -> ok  5.0559 ms  21624 KB  nodes=65
[996/7146] jsmtlib | 1599121861868864000.smt2 -> ok  1946.57 ms  2048 KB  nodes=123
[997/7146] z3 | 1599121861868864000.smt2 -> ok  34.811 ms  7808 KB  nodes=81
[998/7146] antlr4 | 1599121861868864000.smt2 -> ok  1180.44 ms  5120 KB  nodes=1251
[999/7146] cvc5 | 1599121861868864000.smt2 -> ok  31.545 ms  16896 KB  nodes=81
[1000/7146] smt-switch | 1599121861868864000.smt2 -> ok  29.8806 ms  19584 KB  nodes=81
[1001/7146] native | ball_count_1d_plain.01.qfree_global_1.sm -> ok  82.8588 ms  18048 KB  nodes=235
[1002/7146] pysmt | ball_count_1d_plain.01.qfree_global_1.sm -> ok  24.2658 ms  21556 KB  nodes=234
[1003/7146] jsmtlib | ball_count_1d_plain.01.qfree_global_1.sm -> ok  2507.33 ms  2048 KB  nodes=673
[1004/7146] z3 | ball_count_1d_plain.01.qfree_global_1.sm -> ok  37.669 ms  7680 KB  nodes=235
[1005/7146] antlr4 | ball_count_1d_plain.01.qfree_global_1.sm -> ok  1261.18 ms  5120 KB  nodes=6768
[1006/7146] cvc5 | ball_count_1d_plain.01.qfree_global_1.sm -> ok  17.1992 ms  16512 KB  nodes=235
[1007/7146] smt-switch | ball_count_1d_plain.01.qfree_global_1.sm -> ok  32.3785 ms  18944 KB  nodes=237
[1008/7146] native | polypaver-bench-sqrt-3d-chunk-0479.smt2 -> ok  55.7881 ms  17792 KB  nodes=129
[1009/7146] pysmt | polypaver-bench-sqrt-3d-chunk-0479.smt2 -> ok  12.5711 ms  21432 KB  nodes=130
[1010/7146] jsmtlib | polypaver-bench-sqrt-3d-chunk-0479.smt2 -> ok  2377.52 ms  2048 KB  nodes=177
[1011/7146] z3 | polypaver-bench-sqrt-3d-chunk-0479.smt2 -> ok  35.159 ms  7808 KB  nodes=138
[1012/7146] antlr4 | polypaver-bench-sqrt-3d-chunk-0479.smt2 -> ok  1123.28 ms  5120 KB  nodes=2079
[1013/7146] cvc5 | polypaver-bench-sqrt-3d-chunk-0479.smt2 -> ok  27.7602 ms  17152 KB  nodes=138
[1014/7146] smt-switch | polypaver-bench-sqrt-3d-chunk-0479.smt2 -> ok  48.464 ms  19456 KB  nodes=138
[1015/7146] native | sin-cos-346-b-chunk-0573.smt2 -> ok  61.0084 ms  17792 KB  nodes=101
[1016/7146] pysmt | sin-cos-346-b-chunk-0573.smt2 -> ok  5.96046 ms  21544 KB  nodes=96
[1017/7146] jsmtlib | sin-cos-346-b-chunk-0573.smt2 -> ok  2870 ms  2048 KB  nodes=123
[1018/7146] z3 | sin-cos-346-b-chunk-0573.smt2 -> ok  31.993 ms  7808 KB  nodes=107
[1019/7146] antlr4 | sin-cos-346-b-chunk-0573.smt2 -> ok  1113.44 ms  4096 KB  nodes=1364
[1020/7146] cvc5 | sin-cos-346-b-chunk-0573.smt2 -> ok  5.8085 ms  17280 KB  nodes=107
[1021/7146] smt-switch | sin-cos-346-b-chunk-0573.smt2 -> fail  9.63836 ms  11520 KB  nodes=0
[1022/7146] native | ball_count_1d_plain.04.qfree_global_1.sm -> ok  45.4329 ms  17920 KB  nodes=245
[1023/7146] pysmt | ball_count_1d_plain.04.qfree_global_1.sm -> ok  29.9857 ms  21552 KB  nodes=244
[1024/7146] jsmtlib | ball_count_1d_plain.04.qfree_global_1.sm -> ok  2761.05 ms  2048 KB  nodes=703
[1025/7146] z3 | ball_count_1d_plain.04.qfree_global_1.sm -> ok  49.584 ms  7936 KB  nodes=245
[1026/7146] antlr4 | ball_count_1d_plain.04.qfree_global_1.sm -> ok  1431.04 ms  5120 KB  nodes=7088
[1027/7146] cvc5 | ball_count_1d_plain.04.qfree_global_1.sm -> ok  5.16759 ms  16640 KB  nodes=245
[1028/7146] smt-switch | ball_count_1d_plain.04.qfree_global_1.sm -> ok  48.5697 ms  18816 KB  nodes=247
[1029/7146] native | matrix-2-all-23.smt2 -> ok  92.1899 ms  17792 KB  nodes=175
[1030/7146] pysmt | matrix-2-all-23.smt2 -> ok  21.8413 ms  21480 KB  nodes=176
[1031/7146] jsmtlib | matrix-2-all-23.smt2 -> ok  2332.17 ms  2048 KB  nodes=324
[1032/7146] z3 | matrix-2-all-23.smt2 -> ok  27.778 ms  7808 KB  nodes=238
[1033/7146] antlr4 | matrix-2-all-23.smt2 -> ok  1624.35 ms  5120 KB  nodes=2989
[1034/7146] cvc5 | matrix-2-all-23.smt2 -> ok  36.5301 ms  17664 KB  nodes=175
[1035/7146] smt-switch | matrix-2-all-23.smt2 -> ok  52.7657 ms  20224 KB  nodes=238
[1036/7146] native | Chua-2-IL-U-chunk-0103.smt2 -> ok  51.4051 ms  17792 KB  nodes=210
[1037/7146] pysmt | Chua-2-IL-U-chunk-0103.smt2 -> ok  19.7706 ms  21540 KB  nodes=136
[1038/7146] jsmtlib | Chua-2-IL-U-chunk-0103.smt2 -> ok  2462.89 ms  2048 KB  nodes=243
[1039/7146] z3 | Chua-2-IL-U-chunk-0103.smt2 -> ok  56.135 ms  7680 KB  nodes=232
[1040/7146] antlr4 | Chua-2-IL-U-chunk-0103.smt2 -> ok  1234.42 ms  5120 KB  nodes=1955
[1041/7146] cvc5 | Chua-2-IL-U-chunk-0103.smt2 -> ok  1536.85 ms  22016 KB  nodes=232
[1042/7146] smt-switch | Chua-2-IL-U-chunk-0103.smt2 -> ok  685.008 ms  22400 KB  nodes=232
[1043/7146] native | ball_count_1d_plain.04.seq_lazy_lemmas_g -> ok  209.834 ms  18176 KB  nodes=500
[1044/7146] pysmt | ball_count_1d_plain.04.seq_lazy_lemmas_g -> ok  61.0008 ms  21660 KB  nodes=497
[1045/7146] jsmtlib | ball_count_1d_plain.04.seq_lazy_lemmas_g -> ok  3266.25 ms  3072 KB  nodes=1460
[1046/7146] z3 | ball_count_1d_plain.04.seq_lazy_lemmas_g -> ok  50.709 ms  7808 KB  nodes=499
[1047/7146] antlr4 | ball_count_1d_plain.04.seq_lazy_lemmas_g -> ok  1806.14 ms  6144 KB  nodes=14847
[1048/7146] cvc5 | ball_count_1d_plain.04.seq_lazy_lemmas_g -> ok  30.3969 ms  17536 KB  nodes=499
[1049/7146] smt-switch | ball_count_1d_plain.04.seq_lazy_lemmas_g -> ok  60.8432 ms  19528 KB  nodes=501
[1050/7146] native | matrix-1-all-4.smt2 -> ok  60.0859 ms  17664 KB  nodes=160
[1051/7146] pysmt | matrix-1-all-4.smt2 -> ok  22.716 ms  21572 KB  nodes=161
[1052/7146] jsmtlib | matrix-1-all-4.smt2 -> ok  2188.75 ms  2048 KB  nodes=271
[1053/7146] z3 | matrix-1-all-4.smt2 -> ok  35.071 ms  7808 KB  nodes=192
[1054/7146] antlr4 | matrix-1-all-4.smt2 -> ok  1089.15 ms  5120 KB  nodes=2857
[1055/7146] cvc5 | matrix-1-all-4.smt2 -> ok  154.536 ms  18688 KB  nodes=160
[1056/7146] smt-switch | matrix-1-all-4.smt2 -> ok  179.867 ms  21248 KB  nodes=192
[1057/7146] native | ball_count_2d_hill.04.seq_lazy_linear_en -> ok  58.771 ms  18048 KB  nodes=366
[1058/7146] pysmt | ball_count_2d_hill.04.seq_lazy_linear_en -> ok  33.0343 ms  21872 KB  nodes=364
[1059/7146] jsmtlib | ball_count_2d_hill.04.seq_lazy_linear_en -> ok  2129.95 ms  3072 KB  nodes=1075
[1060/7146] z3 | ball_count_2d_hill.04.seq_lazy_linear_en -> ok  21.785 ms  7936 KB  nodes=365
[1061/7146] antlr4 | ball_count_2d_hill.04.seq_lazy_linear_en -> ok  1221.22 ms  6144 KB  nodes=10897
[1062/7146] cvc5 | ball_count_2d_hill.04.seq_lazy_linear_en -> ok  10.5345 ms  16768 KB  nodes=365
[1063/7146] smt-switch | ball_count_2d_hill.04.seq_lazy_linear_en -> ok  47.8827 ms  19020 KB  nodes=368
[1064/7146] native | Chua-2-VC1-U-chunk-0027.smt2 -> ok  55.2302 ms  17792 KB  nodes=153
[1065/7146] pysmt | Chua-2-VC1-U-chunk-0027.smt2 -> ok  23.19 ms  21436 KB  nodes=115
[1066/7146] jsmtlib | Chua-2-VC1-U-chunk-0027.smt2 -> ok  2367 ms  2048 KB  nodes=166
[1067/7146] z3 | Chua-2-VC1-U-chunk-0027.smt2 -> ok  81.816 ms  7808 KB  nodes=154
[1068/7146] antlr4 | Chua-2-VC1-U-chunk-0027.smt2 -> ok  2528.74 ms  4096 KB  nodes=1633
[1069/7146] cvc5 | Chua-2-VC1-U-chunk-0027.smt2 -> ok  63.093 ms  17664 KB  nodes=154
[1070/7146] smt-switch | Chua-2-VC1-U-chunk-0027.smt2 -> ok  166.725 ms  20992 KB  nodes=154
[1071/7146] native | ball_count_1d_plain.04.seq_lazy_lemmas_g -> ok  138.984 ms  17792 KB  nodes=112
[1072/7146] pysmt | ball_count_1d_plain.04.seq_lazy_lemmas_g -> ok  46.7579 ms  21928 KB  nodes=109
[1073/7146] jsmtlib | ball_count_1d_plain.04.seq_lazy_lemmas_g -> ok  2739.68 ms  2048 KB  nodes=316
[1074/7146] z3 | ball_count_1d_plain.04.seq_lazy_lemmas_g -> ok  49.331 ms  7808 KB  nodes=112
[1075/7146] antlr4 | ball_count_1d_plain.04.seq_lazy_lemmas_g -> ok  1550.9 ms  5120 KB  nodes=3101
[1076/7146] cvc5 | ball_count_1d_plain.04.seq_lazy_lemmas_g -> ok  11.7025 ms  16640 KB  nodes=112
[1077/7146] smt-switch | ball_count_1d_plain.04.seq_lazy_lemmas_g -> ok  20.3184 ms  18304 KB  nodes=113
[1078/7146] native | sqrt-1mcosq-8-chunk-0294.smt2 -> ok  6309.02 ms  17792 KB  nodes=192
[1079/7146] pysmt | sqrt-1mcosq-8-chunk-0294.smt2 -> ok  19.9065 ms  21548 KB  nodes=151
[1080/7146] jsmtlib | sqrt-1mcosq-8-chunk-0294.smt2 -> ok  2105.72 ms  2048 KB  nodes=224
[1081/7146] z3 | sqrt-1mcosq-8-chunk-0294.smt2 -> ok  27.239 ms  8064 KB  nodes=202
[1082/7146] antlr4 | sqrt-1mcosq-8-chunk-0294.smt2 -> ok  1181.24 ms  5120 KB  nodes=2135
[1083/7146] cvc5 | sqrt-1mcosq-8-chunk-0294.smt2 -> ok  47.3514 ms  17664 KB  nodes=202
[1084/7146] smt-switch | sqrt-1mcosq-8-chunk-0294.smt2 -> ok  54.947 ms  19456 KB  nodes=202
[1085/7146] native | standard_copy5_ground.i_3_2_2.bpl_3.smt2 -> ok  88.4584 ms  18176 KB  nodes=727
[1086/7146] pysmt | standard_copy5_ground.i_3_2_2.bpl_3.smt2 -> ok  53.5188 ms  21780 KB  nodes=794
[1087/7146] jsmtlib | standard_copy5_ground.i_3_2_2.bpl_3.smt2 -> ok  2307.69 ms  3072 KB  nodes=1496
[1088/7146] z3 | standard_copy5_ground.i_3_2_2.bpl_3.smt2 -> ok  38.907 ms  7808 KB  nodes=957
[1089/7146] antlr4 | standard_copy5_ground.i_3_2_2.bpl_3.smt2 -> ok  1179.68 ms  6144 KB  nodes=17926
[1090/7146] cvc5 | standard_copy5_ground.i_3_2_2.bpl_3.smt2 -> fail  10043.2 ms  1664 KB  nodes=0
[1091/7146] smt-switch | standard_copy5_ground.i_3_2_2.bpl_3.smt2 -> fail  10007.1 ms  1664 KB  nodes=0
[1092/7146] native | 1599121977052667000.smt2 -> ok  55.8615 ms  17792 KB  nodes=78
[1093/7146] pysmt | 1599121977052667000.smt2 -> ok  19.4778 ms  21504 KB  nodes=66
[1094/7146] jsmtlib | 1599121977052667000.smt2 -> ok  2234.95 ms  2048 KB  nodes=124
[1095/7146] z3 | 1599121977052667000.smt2 -> ok  22.561 ms  7808 KB  nodes=80
[1096/7146] antlr4 | 1599121977052667000.smt2 -> ok  1481.4 ms  5120 KB  nodes=1283
[1097/7146] cvc5 | 1599121977052667000.smt2 -> ok  193.247 ms  17664 KB  nodes=80
[1098/7146] smt-switch | 1599121977052667000.smt2 -> ok  21.6273 ms  19456 KB  nodes=80
[1099/7146] native | CONVOI2-chunk-0054.smt2 -> ok  58.5207 ms  17664 KB  nodes=227
[1100/7146] pysmt | CONVOI2-chunk-0054.smt2 -> ok  15.4614 ms  21668 KB  nodes=154
[1101/7146] jsmtlib | CONVOI2-chunk-0054.smt2 -> ok  2092.16 ms  2048 KB  nodes=251
[1102/7146] z3 | CONVOI2-chunk-0054.smt2 -> ok  37.56 ms  7808 KB  nodes=239
[1103/7146] antlr4 | CONVOI2-chunk-0054.smt2 -> ok  1794.62 ms  5120 KB  nodes=2188
[1104/7146] cvc5 | CONVOI2-chunk-0054.smt2 -> ok  84.7182 ms  18176 KB  nodes=239
[1105/7146] smt-switch | CONVOI2-chunk-0054.smt2 -> ok  103.981 ms  20480 KB  nodes=239
[1106/7146] native | ball_count_1d_plain.04.qfree_global_6.sm -> ok  97.6831 ms  18432 KB  nodes=1050
[1107/7146] pysmt | ball_count_1d_plain.04.qfree_global_6.sm -> ok  142.042 ms  22412 KB  nodes=1054
[1108/7146] jsmtlib | ball_count_1d_plain.04.qfree_global_6.sm -> ok  2858.2 ms  4096 KB  nodes=3113
[1109/7146] z3 | ball_count_1d_plain.04.qfree_global_6.sm -> ok  40.028 ms  8064 KB  nodes=1055
[1110/7146] antlr4 | ball_count_1d_plain.04.qfree_global_6.sm -> ok  1256.69 ms  8192 KB  nodes=31903
[1111/7146] cvc5 | ball_count_1d_plain.04.qfree_global_6.sm -> ok  62.4801 ms  18560 KB  nodes=1055
[1112/7146] smt-switch | ball_count_1d_plain.04.qfree_global_6.sm -> ok  104.018 ms  20220 KB  nodes=1057
[1113/7146] native | ball_count_1d_plain.05.redlog_global_1.s -> ok  117.648 ms  18176 KB  nodes=302
[1114/7146] pysmt | ball_count_1d_plain.05.redlog_global_1.s -> ok  24.9629 ms  21392 KB  nodes=309
[1115/7146] jsmtlib | ball_count_1d_plain.05.redlog_global_1.s -> ok  2502.63 ms  3072 KB  nodes=897
[1116/7146] z3 | ball_count_1d_plain.05.redlog_global_1.s -> ok  17.917 ms  7936 KB  nodes=310
[1117/7146] antlr4 | ball_count_1d_plain.05.redlog_global_1.s -> ok  1139.09 ms  5120 KB  nodes=9058
[1118/7146] cvc5 | ball_count_1d_plain.05.redlog_global_1.s -> ok  6.55612 ms  16640 KB  nodes=310
[1119/7146] smt-switch | ball_count_1d_plain.05.redlog_global_1.s -> ok  40.2187 ms  18816 KB  nodes=312
[1120/7146] native | flipflop.t2.c_Iteration1_Loop_2-pieceTem -> ok  62.7542 ms  18048 KB  nodes=715
[1121/7146] pysmt | flipflop.t2.c_Iteration1_Loop_2-pieceTem -> ok  116.507 ms  21628 KB  nodes=799
[1122/7146] jsmtlib | flipflop.t2.c_Iteration1_Loop_2-pieceTem -> ok  3273.92 ms  3072 KB  nodes=1399
[1123/7146] z3 | flipflop.t2.c_Iteration1_Loop_2-pieceTem -> ok  32.77 ms  7936 KB  nodes=1037
[1124/7146] antlr4 | flipflop.t2.c_Iteration1_Loop_2-pieceTem -> ok  1330.09 ms  6144 KB  nodes=16691
[1125/7146] cvc5 | flipflop.t2.c_Iteration1_Loop_2-pieceTem -> ok  279.274 ms  23296 KB  nodes=799
[1126/7146] smt-switch | flipflop.t2.c_Iteration1_Loop_2-pieceTem -> ok  490.262 ms  23680 KB  nodes=1058
[1127/7146] native | ball_count_1d_plain.02.seq_lazy_linear_e -> ok  95.8966 ms  17920 KB  nodes=399
[1128/7146] pysmt | ball_count_1d_plain.02.seq_lazy_linear_e -> ok  40.6229 ms  21760 KB  nodes=396
[1129/7146] jsmtlib | ball_count_1d_plain.02.seq_lazy_linear_e -> ok  4711.3 ms  3072 KB  nodes=1157
[1130/7146] z3 | ball_count_1d_plain.02.seq_lazy_linear_e -> ok  78.838 ms  7936 KB  nodes=398
[1131/7146] antlr4 | ball_count_1d_plain.02.seq_lazy_linear_e -> ok  2305.83 ms  6144 KB  nodes=11767
[1132/7146] cvc5 | ball_count_1d_plain.02.seq_lazy_linear_e -> ok  10.3857 ms  17280 KB  nodes=398
[1133/7146] smt-switch | ball_count_1d_plain.02.seq_lazy_linear_e -> ok  85.6693 ms  19260 KB  nodes=400
[1134/7146] native | ball_count_2d_plain.10.seq_lazy_linear_e -> ok  88.5469 ms  18176 KB  nodes=336
[1135/7146] pysmt | ball_count_2d_plain.10.seq_lazy_linear_e -> ok  40.2925 ms  21860 KB  nodes=333
[1136/7146] jsmtlib | ball_count_2d_plain.10.seq_lazy_linear_e -> ok  5647.21 ms  3072 KB  nodes=973
[1137/7146] z3 | ball_count_2d_plain.10.seq_lazy_linear_e -> ok  51.414 ms  7936 KB  nodes=333
[1138/7146] antlr4 | ball_count_2d_plain.10.seq_lazy_linear_e -> ok  2058.55 ms  5120 KB  nodes=9849
[1139/7146] cvc5 | ball_count_2d_plain.10.seq_lazy_linear_e -> ok  8.86449 ms  16896 KB  nodes=333
[1140/7146] smt-switch | ball_count_2d_plain.10.seq_lazy_linear_e -> ok  48.9481 ms  18676 KB  nodes=336
[1141/7146] native | sin-cos-346-b-chunk-0106.smt2 -> ok  77.8679 ms  17920 KB  nodes=240
[1142/7146] pysmt | sin-cos-346-b-chunk-0106.smt2 -> ok  23.1133 ms  21336 KB  nodes=230
[1143/7146] jsmtlib | sin-cos-346-b-chunk-0106.smt2 -> ok  5110.24 ms  2048 KB  nodes=268
[1144/7146] z3 | sin-cos-346-b-chunk-0106.smt2 -> ok  31.667 ms  7936 KB  nodes=246
[1145/7146] antlr4 | sin-cos-346-b-chunk-0106.smt2 -> ok  2622.33 ms  5120 KB  nodes=3268
[1146/7146] cvc5 | sin-cos-346-b-chunk-0106.smt2 -> ok  36.8607 ms  17152 KB  nodes=246
[1147/7146] smt-switch | sin-cos-346-b-chunk-0106.smt2 -> fail  20.7188 ms  11264 KB  nodes=0
[1148/7146] native | ball_count_2d_hill.03.redlog_global_0.sm -> ok  121.184 ms  18176 KB  nodes=323
[1149/7146] pysmt | ball_count_2d_hill.03.redlog_global_0.sm -> ok  35.7821 ms  21492 KB  nodes=329
[1150/7146] jsmtlib | ball_count_2d_hill.03.redlog_global_0.sm -> ok  3561.58 ms  3072 KB  nodes=957
[1151/7146] z3 | ball_count_2d_hill.03.redlog_global_0.sm -> ok  80.856 ms  8064 KB  nodes=329
[1152/7146] antlr4 | ball_count_2d_hill.03.redlog_global_0.sm -> ok  1397.86 ms  5120 KB  nodes=9620
[1153/7146] cvc5 | ball_count_2d_hill.03.redlog_global_0.sm -> ok  18.0236 ms  16640 KB  nodes=329
[1154/7146] smt-switch | ball_count_2d_hill.03.redlog_global_0.sm -> ok  66.2113 ms  19176 KB  nodes=332
[1155/7146] native | sqrt-1mcosq-7-chunk-0235.smt2 -> ok  110.062 ms  17664 KB  nodes=158
[1156/7146] pysmt | sqrt-1mcosq-7-chunk-0235.smt2 -> ok  43.714 ms  21508 KB  nodes=151
[1157/7146] jsmtlib | sqrt-1mcosq-7-chunk-0235.smt2 -> ok  3127.24 ms  2048 KB  nodes=216
[1158/7146] z3 | sqrt-1mcosq-7-chunk-0235.smt2 -> ok  54.932 ms  7936 KB  nodes=164
[1159/7146] antlr4 | sqrt-1mcosq-7-chunk-0235.smt2 -> ok  2624.97 ms  5120 KB  nodes=2398
[1160/7146] cvc5 | sqrt-1mcosq-7-chunk-0235.smt2 -> ok  53.0902 ms  17920 KB  nodes=164
[1161/7146] smt-switch | sqrt-1mcosq-7-chunk-0235.smt2 -> ok  80.0684 ms  20352 KB  nodes=164
[1162/7146] native | Chua-1-IL-L-chunk-0151.smt2 -> ok  74.4092 ms  17664 KB  nodes=144
[1163/7146] pysmt | Chua-1-IL-L-chunk-0151.smt2 -> ok  16.9389 ms  21348 KB  nodes=107
[1164/7146] jsmtlib | Chua-1-IL-L-chunk-0151.smt2 -> ok  3885.57 ms  2048 KB  nodes=165
[1165/7146] z3 | Chua-1-IL-L-chunk-0151.smt2 -> ok  140.87 ms  7680 KB  nodes=147
[1166/7146] antlr4 | Chua-1-IL-L-chunk-0151.smt2 -> ok  1791.22 ms  5120 KB  nodes=1575
[1167/7146] cvc5 | Chua-1-IL-L-chunk-0151.smt2 -> ok  27.0547 ms  17536 KB  nodes=147
[1168/7146] smt-switch | Chua-1-IL-L-chunk-0151.smt2 -> ok  68.9589 ms  19456 KB  nodes=147
[1169/7146] native | ball_count_2d_plain.10.seq_lazy_global_0 -> ok  69.3081 ms  17920 KB  nodes=89
[1170/7146] pysmt | ball_count_2d_plain.10.seq_lazy_global_0 -> ok  21.3277 ms  21388 KB  nodes=86
[1171/7146] jsmtlib | ball_count_2d_plain.10.seq_lazy_global_0 -> ok  2452.51 ms  2048 KB  nodes=245
[1172/7146] z3 | ball_count_2d_plain.10.seq_lazy_global_0 -> ok  26.533 ms  7936 KB  nodes=87
[1173/7146] antlr4 | ball_count_2d_plain.10.seq_lazy_global_0 -> ok  1959.08 ms  5120 KB  nodes=2382
[1174/7146] cvc5 | ball_count_2d_plain.10.seq_lazy_global_0 -> ok  3.49943 ms  16256 KB  nodes=87
[1175/7146] smt-switch | ball_count_2d_plain.10.seq_lazy_global_0 -> ok  25.8794 ms  18560 KB  nodes=90
[1176/7146] native | atan-vega-3-chunk-0380.smt2 -> ok  56.6997 ms  17792 KB  nodes=107
[1177/7146] pysmt | atan-vega-3-chunk-0380.smt2 -> ok  18.9476 ms  21608 KB  nodes=111
[1178/7146] jsmtlib | atan-vega-3-chunk-0380.smt2 -> ok  2545.99 ms  2048 KB  nodes=141
[1179/7146] z3 | atan-vega-3-chunk-0380.smt2 -> ok  42.629 ms  7808 KB  nodes=113
[1180/7146] antlr4 | atan-vega-3-chunk-0380.smt2 -> ok  1269.59 ms  4096 KB  nodes=1583
[1181/7146] cvc5 | atan-vega-3-chunk-0380.smt2 -> ok  85.2446 ms  18816 KB  nodes=113
[1182/7146] smt-switch | atan-vega-3-chunk-0380.smt2 -> ok  100.298 ms  20480 KB  nodes=113
[1183/7146] native | ball_count_2d_plain.04.seq_lazy_global_5 -> ok  74.3438 ms  18560 KB  nodes=993
[1184/7146] pysmt | ball_count_2d_plain.04.seq_lazy_global_5 -> ok  107.454 ms  22392 KB  nodes=990
[1185/7146] jsmtlib | ball_count_2d_plain.04.seq_lazy_global_5 -> ok  3027.32 ms  4096 KB  nodes=2909
[1186/7146] z3 | ball_count_2d_plain.04.seq_lazy_global_5 -> ok  37.994 ms  7808 KB  nodes=990
[1187/7146] antlr4 | ball_count_2d_plain.04.seq_lazy_global_5 -> ok  1546.89 ms  7168 KB  nodes=29934
[1188/7146] cvc5 | ball_count_2d_plain.04.seq_lazy_global_5 -> ok  57.1184 ms  18304 KB  nodes=990
[1189/7146] smt-switch | ball_count_2d_plain.04.seq_lazy_global_5 -> ok  130.933 ms  20220 KB  nodes=993
[1190/7146] native | ball_count_2d_hill_simple.03.seq_lazy_gl -> ok  85.3293 ms  18176 KB  nodes=444
[1191/7146] pysmt | ball_count_2d_hill_simple.03.seq_lazy_gl -> ok  61.4221 ms  21636 KB  nodes=442
[1192/7146] jsmtlib | ball_count_2d_hill_simple.03.seq_lazy_gl -> ok  3985.25 ms  3072 KB  nodes=1298
[1193/7146] z3 | ball_count_2d_hill_simple.03.seq_lazy_gl -> ok  32.05 ms  8064 KB  nodes=443
[1194/7146] antlr4 | ball_count_2d_hill_simple.03.seq_lazy_gl -> ok  1688.33 ms  6144 KB  nodes=13278
[1195/7146] cvc5 | ball_count_2d_hill_simple.03.seq_lazy_gl -> ok  28.7749 ms  17408 KB  nodes=443
[1196/7146] smt-switch | ball_count_2d_hill_simple.03.seq_lazy_gl -> ok  58.8835 ms  19400 KB  nodes=445
[1197/7146] native | ball_count_1d_plain.10.seq_lazy_linear_e -> ok  94.1069 ms  19800 KB  nodes=2904
[1198/7146] pysmt | ball_count_1d_plain.10.seq_lazy_linear_e -> ok  298.623 ms  24448 KB  nodes=2901
[1199/7146] jsmtlib | ball_count_1d_plain.10.seq_lazy_linear_e -> fail  4218.97 ms  1664 KB  nodes=0
[1200/7146] z3 | ball_count_1d_plain.10.seq_lazy_linear_e -> ok  92.971 ms  8576 KB  nodes=2903
[1201/7146] antlr4 | ball_count_1d_plain.10.seq_lazy_linear_e -> ok  1362.35 ms  13312 KB  nodes=88226
[1202/7146] cvc5 | ball_count_1d_plain.10.seq_lazy_linear_e -> ok  149.48 ms  20840 KB  nodes=2903
[1203/7146] smt-switch | ball_count_1d_plain.10.seq_lazy_linear_e -> ok  356.924 ms  21952 KB  nodes=2905
[1204/7146] native | ball_count_1d_plain.10.redlog_global_13. -> ok  172.766 ms  19200 KB  nodes=2447
[1205/7146] pysmt | ball_count_1d_plain.10.redlog_global_13. -> ok  308.301 ms  23528 KB  nodes=2514
[1206/7146] jsmtlib | ball_count_1d_plain.10.redlog_global_13. -> fail  4994.02 ms  1664 KB  nodes=0
[1207/7146] z3 | ball_count_1d_plain.10.redlog_global_13. -> ok  61.824 ms  8448 KB  nodes=2515
[1208/7146] antlr4 | ball_count_1d_plain.10.redlog_global_13. -> ok  1673.53 ms  12288 KB  nodes=76474
[1209/7146] cvc5 | ball_count_1d_plain.10.redlog_global_13. -> ok  99.4074 ms  20296 KB  nodes=2515
[1210/7146] smt-switch | ball_count_1d_plain.10.redlog_global_13. -> ok  361.05 ms  21672 KB  nodes=2517
[1211/7146] native | GulwaniJainKoskinen-2009PLDI-Fig1_true-t -> ok  2440.4 ms  45388 KB  nodes=68703
[1212/7146] pysmt | GulwaniJainKoskinen-2009PLDI-Fig1_true-t -> ok  6658.41 ms  47448 KB  nodes=69779
[1213/7146] jsmtlib | GulwaniJainKoskinen-2009PLDI-Fig1_true-t -> ok  4469.01 ms  38276 KB  nodes=136684
[1214/7146] z3 | GulwaniJainKoskinen-2009PLDI-Fig1_true-t -> ok  908.579 ms  59424 KB  nodes=101567
[1215/7146] antlr4 | GulwaniJainKoskinen-2009PLDI-Fig1_true-t -> ok  4894.53 ms  197688 KB  nodes=1703794
[1216/7146] cvc5 | GulwaniJainKoskinen-2009PLDI-Fig1_true-t -> fail  10026.4 ms  1664 KB  nodes=0
[1217/7146] smt-switch | GulwaniJainKoskinen-2009PLDI-Fig1_true-t -> fail  10018.6 ms  1664 KB  nodes=0
[1218/7146] native | sas2.t2.c_Iteration7_Lasso_4-pieceTempla -> ok  1347.71 ms  46256 KB  nodes=70582
[1219/7146] pysmt | sas2.t2.c_Iteration7_Lasso_4-pieceTempla -> fail  10038.3 ms  1664 KB  nodes=0
[1220/7146] jsmtlib | sas2.t2.c_Iteration7_Lasso_4-pieceTempla -> ok  6204.33 ms  10684 KB  nodes=152884
[1221/7146] z3 | sas2.t2.c_Iteration7_Lasso_4-pieceTempla -> ok  938.409 ms  60776 KB  nodes=124331
[1222/7146] antlr4 | sas2.t2.c_Iteration7_Lasso_4-pieceTempla -> ok  3192.27 ms  218174 KB  nodes=1903978
[1223/7146] cvc5 | sas2.t2.c_Iteration7_Lasso_4-pieceTempla -> fail  10029.3 ms  1664 KB  nodes=0
[1224/7146] smt-switch | sas2.t2.c_Iteration7_Lasso_4-pieceTempla -> fail  10018.7 ms  1664 KB  nodes=0
[1225/7146] native | ball_count_2d_plain.01.seq_lazy_linear_e -> ok  118.514 ms  18816 KB  nodes=1575
[1226/7146] pysmt | ball_count_2d_plain.01.seq_lazy_linear_e -> ok  136.838 ms  23040 KB  nodes=1572
[1227/7146] jsmtlib | ball_count_2d_plain.01.seq_lazy_linear_e -> ok  3019.39 ms  6144 KB  nodes=4636
[1228/7146] z3 | ball_count_2d_plain.01.seq_lazy_linear_e -> ok  74.136 ms  7936 KB  nodes=1572
[1229/7146] antlr4 | ball_count_2d_plain.01.seq_lazy_linear_e -> ok  1411.82 ms  9216 KB  nodes=47607
[1230/7146] cvc5 | ball_count_2d_plain.01.seq_lazy_linear_e -> ok  44.9662 ms  18688 KB  nodes=1572
[1231/7146] smt-switch | ball_count_2d_plain.01.seq_lazy_linear_e -> ok  163.343 ms  19768 KB  nodes=1575
[1232/7146] native | OpposedDisjuncts.bpl_Iteration1_Loop_3-p -> timeout  10000 ms  29312 KB  nodes=28743
[1233/7146] pysmt | OpposedDisjuncts.bpl_Iteration1_Loop_3-p -> ok  2141.72 ms  33808 KB  nodes=29200
[1234/7146] jsmtlib | OpposedDisjuncts.bpl_Iteration1_Loop_3-p -> ok  3009.58 ms  18768 KB  nodes=50950
[1235/7146] z3 | OpposedDisjuncts.bpl_Iteration1_Loop_3-p -> ok  261.39 ms  12444 KB  nodes=36247
[1236/7146] antlr4 | OpposedDisjuncts.bpl_Iteration1_Loop_3-p -> ok  2427.09 ms  72400 KB  nodes=645790
[1237/7146] cvc5 | OpposedDisjuncts.bpl_Iteration1_Loop_3-p -> fail  10051.9 ms  1664 KB  nodes=0
[1238/7146] smt-switch | OpposedDisjuncts.bpl_Iteration1_Loop_3-p -> fail  10022 ms  1664 KB  nodes=0
[1239/7146] native | CookSeeZuleger-2013TACAS-Fig7b.bpl_Itera -> ok  442.526 ms  27380 KB  nodes=23727
[1240/7146] pysmt | CookSeeZuleger-2013TACAS-Fig7b.bpl_Itera -> ok  2076.83 ms  32548 KB  nodes=24239
[1241/7146] jsmtlib | CookSeeZuleger-2013TACAS-Fig7b.bpl_Itera -> ok  2882.46 ms  13648 KB  nodes=43374
[1242/7146] z3 | CookSeeZuleger-2013TACAS-Fig7b.bpl_Itera -> ok  204.873 ms  11932 KB  nodes=30721
[1243/7146] antlr4 | CookSeeZuleger-2013TACAS-Fig7b.bpl_Itera -> ok  2184.38 ms  62043 KB  nodes=538792
[1244/7146] cvc5 | CookSeeZuleger-2013TACAS-Fig7b.bpl_Itera -> fail  10042 ms  1664 KB  nodes=0
[1245/7146] smt-switch | CookSeeZuleger-2013TACAS-Fig7b.bpl_Itera -> fail  10049.1 ms  1664 KB  nodes=0
[1246/7146] native | ball_count_2d_plain.05.redlog_global_9.s -> ok  110.334 ms  19456 KB  nodes=2373
[1247/7146] pysmt | ball_count_2d_plain.05.redlog_global_9.s -> ok  187.347 ms  23908 KB  nodes=2443
[1248/7146] jsmtlib | ball_count_2d_plain.05.redlog_global_9.s -> fail  4119.76 ms  1664 KB  nodes=0
[1249/7146] z3 | ball_count_2d_plain.05.redlog_global_9.s -> ok  52.429 ms  8320 KB  nodes=2443
[1250/7146] antlr4 | ball_count_2d_plain.05.redlog_global_9.s -> ok  2155.66 ms  12288 KB  nodes=74717
[1251/7146] cvc5 | ball_count_2d_plain.05.redlog_global_9.s -> ok  124.462 ms  21632 KB  nodes=2443
[1252/7146] smt-switch | ball_count_2d_plain.05.redlog_global_9.s -> ok  573.01 ms  22800 KB  nodes=2446
[1253/7146] native | yPositive-MixedIntReal.bpl_Iteration1_Lo -> ok  72.1364 ms  18560 KB  nodes=2079
[1254/7146] pysmt | yPositive-MixedIntReal.bpl_Iteration1_Lo -> ok  184.055 ms  22380 KB  nodes=2234
[1255/7146] jsmtlib | yPositive-MixedIntReal.bpl_Iteration1_Lo -> ok  2877.84 ms  5120 KB  nodes=3898
[1256/7146] z3 | yPositive-MixedIntReal.bpl_Iteration1_Lo -> ok  41.979 ms  8192 KB  nodes=2865
[1257/7146] antlr4 | yPositive-MixedIntReal.bpl_Iteration1_Lo -> ok  2467.37 ms  10240 KB  nodes=48354
[1258/7146] cvc5 | yPositive-MixedIntReal.bpl_Iteration1_Lo -> ok  2847.41 ms  31512 KB  nodes=2234
[1259/7146] smt-switch | yPositive-MixedIntReal.bpl_Iteration1_Lo -> fail  10023.6 ms  1664 KB  nodes=0
[1260/7146] native | collatz.t2.c_Iteration3_Lasso_3-pieceTem -> ok  212.66 ms  21128 KB  nodes=8710
[1261/7146] pysmt | collatz.t2.c_Iteration3_Lasso_3-pieceTem -> ok  850.978 ms  24624 KB  nodes=9653
[1262/7146] jsmtlib | collatz.t2.c_Iteration3_Lasso_3-pieceTem -> ok  2406.26 ms  14336 KB  nodes=18956
[1263/7146] z3 | collatz.t2.c_Iteration3_Lasso_3-pieceTem -> ok  98.039 ms  9388 KB  nodes=15445
[1264/7146] antlr4 | collatz.t2.c_Iteration3_Lasso_3-pieceTem -> ok  1821.01 ms  25288 KB  nodes=227424
[1265/7146] cvc5 | collatz.t2.c_Iteration3_Lasso_3-pieceTem -> fail  10042.7 ms  1664 KB  nodes=0
[1266/7146] smt-switch | collatz.t2.c_Iteration3_Lasso_3-pieceTem -> fail  10046.2 ms  1664 KB  nodes=0
[1267/7146] native | polyrank3.t2.c_Iteration8_Loop_3-pieceTe -> ok  97.3308 ms  18816 KB  nodes=2329
[1268/7146] pysmt | polyrank3.t2.c_Iteration8_Loop_3-pieceTe -> ok  290.703 ms  22416 KB  nodes=2538
[1269/7146] jsmtlib | polyrank3.t2.c_Iteration8_Loop_3-pieceTe -> ok  3275.92 ms  6144 KB  nodes=4632
[1270/7146] z3 | polyrank3.t2.c_Iteration8_Loop_3-pieceTe -> ok  86.004 ms  8320 KB  nodes=3471
[1271/7146] antlr4 | polyrank3.t2.c_Iteration8_Loop_3-pieceTe -> ok  1698.11 ms  10240 KB  nodes=56918
[1272/7146] cvc5 | polyrank3.t2.c_Iteration8_Loop_3-pieceTe -> fail  10037.6 ms  1664 KB  nodes=0
[1273/7146] smt-switch | polyrank3.t2.c_Iteration8_Loop_3-pieceTe -> fail  10046.3 ms  1664 KB  nodes=0
[1274/7146] native | ball_count_2d_slope.05.seq_lazy_lemmas_g -> ok  276.65 ms  22368 KB  nodes=6968
[1275/7146] pysmt | ball_count_2d_slope.05.seq_lazy_lemmas_g -> ok  704.255 ms  28056 KB  nodes=6978
[1276/7146] jsmtlib | ball_count_2d_slope.05.seq_lazy_lemmas_g -> fail  3031.46 ms  1664 KB  nodes=0
[1277/7146] z3 | ball_count_2d_slope.05.seq_lazy_lemmas_g -> ok  141.256 ms  9396 KB  nodes=6981
[1278/7146] antlr4 | ball_count_2d_slope.05.seq_lazy_lemmas_g -> fail  2094.44 ms  1664 KB  nodes=0
[1279/7146] cvc5 | ball_count_2d_slope.05.seq_lazy_lemmas_g -> ok  353.928 ms  31120 KB  nodes=6981
[1280/7146] smt-switch | ball_count_2d_slope.05.seq_lazy_lemmas_g -> ok  1779.83 ms  37540 KB  nodes=6985
[1281/7146] native | ball_count_2d_hill_simple.10.seq_lazy_le -> ok  84.1426 ms  18816 KB  nodes=1699
[1282/7146] pysmt | ball_count_2d_hill_simple.10.seq_lazy_le -> ok  161.255 ms  23268 KB  nodes=1697
[1283/7146] jsmtlib | ball_count_2d_hill_simple.10.seq_lazy_le -> ok  2255.51 ms  6144 KB  nodes=5023
[1284/7146] z3 | ball_count_2d_hill_simple.10.seq_lazy_le -> ok  33.68 ms  8192 KB  nodes=1698
[1285/7146] antlr4 | ball_count_2d_hill_simple.10.seq_lazy_le -> ok  1657.11 ms  9216 KB  nodes=51692
[1286/7146] cvc5 | ball_count_2d_hill_simple.10.seq_lazy_le -> ok  71.5685 ms  18944 KB  nodes=1698
[1287/7146] smt-switch | ball_count_2d_hill_simple.10.seq_lazy_le -> ok  230.83 ms  20300 KB  nodes=1700
[1288/7146] native | ball_count_2d_plain.02.qfree_global_10.s -> ok  117.739 ms  18944 KB  nodes=1976
[1289/7146] pysmt | ball_count_2d_plain.02.qfree_global_10.s -> ok  6480.03 ms  23312 KB  nodes=1986
[1290/7146] jsmtlib | ball_count_2d_plain.02.qfree_global_10.s -> ok  2383.92 ms  6144 KB  nodes=5861
[1291/7146] z3 | ball_count_2d_plain.02.qfree_global_10.s -> ok  46.494 ms  8320 KB  nodes=1986
[1292/7146] antlr4 | ball_count_2d_plain.02.qfree_global_10.s -> ok  1236.73 ms  11264 KB  nodes=60233
[1293/7146] cvc5 | ball_count_2d_plain.02.qfree_global_10.s -> fail  10025.8 ms  1664 KB  nodes=0
[1294/7146] smt-switch | ball_count_2d_plain.02.qfree_global_10.s -> ok  1646.49 ms  24540 KB  nodes=1989
[1295/7146] native | ball_count_1d_plain.02.seq_lazy_linear_e -> ok  163.432 ms  18944 KB  nodes=1821
[1296/7146] pysmt | ball_count_1d_plain.02.seq_lazy_linear_e -> ok  194.376 ms  23204 KB  nodes=1818
[1297/7146] jsmtlib | ball_count_1d_plain.02.seq_lazy_linear_e -> ok  2251.44 ms  6144 KB  nodes=5378
[1298/7146] z3 | ball_count_1d_plain.02.seq_lazy_linear_e -> ok  48.147 ms  8320 KB  nodes=1820
[1299/7146] antlr4 | ball_count_1d_plain.02.seq_lazy_linear_e -> ok  1523.53 ms  9216 KB  nodes=55255
[1300/7146] cvc5 | ball_count_1d_plain.02.seq_lazy_linear_e -> ok  158.457 ms  18688 KB  nodes=1820
[1301/7146] smt-switch | ball_count_1d_plain.02.seq_lazy_linear_e -> ok  165.164 ms  20396 KB  nodes=1822
[1302/7146] native | ball_count_2d_plain.02.seq_lazy_global_1 -> ok  163.148 ms  18944 KB  nodes=2006
[1303/7146] pysmt | ball_count_2d_plain.02.seq_lazy_global_1 -> ok  174.148 ms  23056 KB  nodes=2003
[1304/7146] jsmtlib | ball_count_2d_plain.02.seq_lazy_global_1 -> ok  2937.79 ms  7168 KB  nodes=5894
[1305/7146] z3 | ball_count_2d_plain.02.seq_lazy_global_1 -> ok  140.683 ms  8064 KB  nodes=2003
[1306/7146] antlr4 | ball_count_2d_plain.02.seq_lazy_global_1 -> ok  1460.54 ms  11264 KB  nodes=60766
[1307/7146] cvc5 | ball_count_2d_plain.02.seq_lazy_global_1 -> ok  52.7766 ms  19328 KB  nodes=2003
[1308/7146] smt-switch | ball_count_2d_plain.02.seq_lazy_global_1 -> ok  166.617 ms  20520 KB  nodes=2006
[1309/7146] native | BradleyMannaSipma-2005ICALP-Fig1_true-te -> ok  809.13 ms  41016 KB  nodes=57573
[1310/7146] pysmt | BradleyMannaSipma-2005ICALP-Fig1_true-te -> ok  5071.2 ms  44940 KB  nodes=59321
[1311/7146] jsmtlib | BradleyMannaSipma-2005ICALP-Fig1_true-te -> ok  3400.55 ms  29018 KB  nodes=112514
[1312/7146] z3 | BradleyMannaSipma-2005ICALP-Fig1_true-te -> ok  589.381 ms  26484 KB  nodes=84998
[1313/7146] antlr4 | BradleyMannaSipma-2005ICALP-Fig1_true-te -> ok  3626.25 ms  157392 KB  nodes=1375692
[1314/7146] cvc5 | BradleyMannaSipma-2005ICALP-Fig1_true-te -> fail  10046.8 ms  1664 KB  nodes=0
[1315/7146] smt-switch | BradleyMannaSipma-2005ICALP-Fig1_true-te -> fail  10029.2 ms  1664 KB  nodes=0
[1316/7146] native | ball_count_2d_slope.02.seq_lazy_linear_e -> ok  161.519 ms  20352 KB  nodes=4085
[1317/7146] pysmt | ball_count_2d_slope.02.seq_lazy_linear_e -> ok  458.823 ms  25204 KB  nodes=4095
[1318/7146] jsmtlib | ball_count_2d_slope.02.seq_lazy_linear_e -> fail  3904.1 ms  1664 KB  nodes=0
[1319/7146] z3 | ball_count_2d_slope.02.seq_lazy_linear_e -> ok  107.27 ms  8800 KB  nodes=4099
[1320/7146] antlr4 | ball_count_2d_slope.02.seq_lazy_linear_e -> ok  2192.23 ms  17408 KB  nodes=126075
[1321/7146] cvc5 | ball_count_2d_slope.02.seq_lazy_linear_e -> ok  285.433 ms  22080 KB  nodes=4099
[1322/7146] smt-switch | ball_count_2d_slope.02.seq_lazy_linear_e -> ok  1079.5 ms  23220 KB  nodes=4103
[1323/7146] native | ball_count_2d_slope.03.seq_lazy_linear_e -> ok  329.201 ms  19584 KB  nodes=2916
[1324/7146] pysmt | ball_count_2d_slope.03.seq_lazy_linear_e -> ok  287.694 ms  24328 KB  nodes=2928
[1325/7146] jsmtlib | ball_count_2d_slope.03.seq_lazy_linear_e -> fail  3340.74 ms  1664 KB  nodes=0
[1326/7146] z3 | ball_count_2d_slope.03.seq_lazy_linear_e -> ok  37.419 ms  8576 KB  nodes=2931
[1327/7146] antlr4 | ball_count_2d_slope.03.seq_lazy_linear_e -> ok  1435.76 ms  14336 KB  nodes=89541
[1328/7146] cvc5 | ball_count_2d_slope.03.seq_lazy_linear_e -> ok  208.99 ms  22764 KB  nodes=2931
[1329/7146] smt-switch | ball_count_2d_slope.03.seq_lazy_linear_e -> ok  812.992 ms  26484 KB  nodes=2935
[1330/7146] native | ball_count_2d_plain.04.seq_lazy_global_1 -> ok  88.1268 ms  19456 KB  nodes=2425
[1331/7146] pysmt | ball_count_2d_plain.04.seq_lazy_global_1 -> ok  287.091 ms  23472 KB  nodes=2422
[1332/7146] jsmtlib | ball_count_2d_plain.04.seq_lazy_global_1 -> fail  3399.09 ms  1664 KB  nodes=0
[1333/7146] z3 | ball_count_2d_plain.04.seq_lazy_global_1 -> ok  40.292 ms  8448 KB  nodes=2422
[1334/7146] antlr4 | ball_count_2d_plain.04.seq_lazy_global_1 -> ok  1787.53 ms  12288 KB  nodes=73646
[1335/7146] cvc5 | ball_count_2d_plain.04.seq_lazy_global_1 -> ok  79.8344 ms  21360 KB  nodes=2422
[1336/7146] smt-switch | ball_count_2d_plain.04.seq_lazy_global_1 -> ok  301.297 ms  22288 KB  nodes=2425
[1337/7146] native | etcs_braking_2.01.qfree_global_8.smt2 -> ok  169.571 ms  19968 KB  nodes=3459
[1338/7146] pysmt | etcs_braking_2.01.qfree_global_8.smt2 -> ok  421.882 ms  24932 KB  nodes=3473
[1339/7146] jsmtlib | etcs_braking_2.01.qfree_global_8.smt2 -> fail  3957.36 ms  1664 KB  nodes=0
[1340/7146] z3 | etcs_braking_2.01.qfree_global_8.smt2 -> ok  93.592 ms  8392 KB  nodes=3478
[1341/7146] antlr4 | etcs_braking_2.01.qfree_global_8.smt2 -> ok  1698.08 ms  16384 KB  nodes=107840
[1342/7146] cvc5 | etcs_braking_2.01.qfree_global_8.smt2 -> ok  868.555 ms  24680 KB  nodes=3478
[1343/7146] smt-switch | etcs_braking_2.01.qfree_global_8.smt2 -> ok  656.768 ms  26256 KB  nodes=3483
[1344/7146] native | mbo_E3E24.smt2 -> ok  525.525 ms  22912 KB  nodes=8787
[1345/7146] pysmt | mbo_E3E24.smt2 -> ok  7630.93 ms  25192 KB  nodes=8787
[1346/7146] jsmtlib | mbo_E3E24.smt2 -> fail  4541.98 ms  1664 KB  nodes=0
[1347/7146] z3 | mbo_E3E24.smt2 -> ok  424.506 ms  11432 KB  nodes=8787
[1348/7146] antlr4 | mbo_E3E24.smt2 -> ok  3213.89 ms  103120 KB  nodes=886894
[1349/7146] cvc5 | mbo_E3E24.smt2 -> fail  10031.5 ms  1664 KB  nodes=0
[1350/7146] smt-switch | mbo_E3E24.smt2 -> fail  1525.39 ms  15600 KB  nodes=0
[1351/7146] native | OpposedDisjuncts.bpl_Iteration1_Loop_7-p -> ok  250.814 ms  24968 KB  nodes=18515
[1352/7146] pysmt | OpposedDisjuncts.bpl_Iteration1_Loop_7-p -> ok  1641.06 ms  29376 KB  nodes=18841
[1353/7146] jsmtlib | OpposedDisjuncts.bpl_Iteration1_Loop_7-p -> ok  3455.43 ms  4448 KB  nodes=33908
[1354/7146] z3 | OpposedDisjuncts.bpl_Iteration1_Loop_7-p -> ok  214.505 ms  11008 KB  nodes=24211
[1355/7146] antlr4 | OpposedDisjuncts.bpl_Iteration1_Loop_7-p -> ok  2372.06 ms  49871 KB  nodes=426376
[1356/7146] cvc5 | OpposedDisjuncts.bpl_Iteration1_Loop_7-p -> fail  10020.5 ms  1664 KB  nodes=0
[1357/7146] smt-switch | OpposedDisjuncts.bpl_Iteration1_Loop_7-p -> ok  6574.94 ms  89368 KB  nodes=24595
[1358/7146] native | Lobnya-Boolean-Reordered.bpl_Iteration1_ -> ok  339.505 ms  25340 KB  nodes=19027
[1359/7146] pysmt | Lobnya-Boolean-Reordered.bpl_Iteration1_ -> ok  1802.66 ms  29604 KB  nodes=19475
[1360/7146] jsmtlib | Lobnya-Boolean-Reordered.bpl_Iteration1_ -> ok  3750.34 ms  8548 KB  nodes=35244
[1361/7146] z3 | Lobnya-Boolean-Reordered.bpl_Iteration1_ -> timeout  10000 ms  10916 KB  nodes=25157
[1362/7146] antlr4 | Lobnya-Boolean-Reordered.bpl_Iteration1_ -> ok  2800.01 ms  47085 KB  nodes=435284
[1363/7146] cvc5 | Lobnya-Boolean-Reordered.bpl_Iteration1_ -> fail  10013.9 ms  1664 KB  nodes=0
[1364/7146] smt-switch | Lobnya-Boolean-Reordered.bpl_Iteration1_ -> fail  10025.3 ms  1664 KB  nodes=0
[1365/7146] native | ball_count_2d_plain.05.seq_lazy_lemmas_g -> ok  194.409 ms  18944 KB  nodes=1762
[1366/7146] pysmt | ball_count_2d_plain.05.seq_lazy_lemmas_g -> ok  176.869 ms  22936 KB  nodes=1759
[1367/7146] jsmtlib | ball_count_2d_plain.05.seq_lazy_lemmas_g -> ok  2210.1 ms  6144 KB  nodes=5198
[1368/7146] z3 | ball_count_2d_plain.05.seq_lazy_lemmas_g -> ok  41.588 ms  8192 KB  nodes=1759
[1369/7146] antlr4 | ball_count_2d_plain.05.seq_lazy_lemmas_g -> ok  1296.88 ms  9216 KB  nodes=53517
[1370/7146] cvc5 | ball_count_2d_plain.05.seq_lazy_lemmas_g -> ok  107.374 ms  20076 KB  nodes=1759
[1371/7146] smt-switch | ball_count_2d_plain.05.seq_lazy_lemmas_g -> ok  259.894 ms  21140 KB  nodes=1762
[1372/7146] native | ball_count_2d_hill.04.seq_lazy_global_5. -> ok  70.4807 ms  18816 KB  nodes=1336
[1373/7146] pysmt | ball_count_2d_hill.04.seq_lazy_global_5. -> ok  113.33 ms  22428 KB  nodes=1338
[1374/7146] jsmtlib | ball_count_2d_hill.04.seq_lazy_global_5. -> ok  2261.13 ms  5120 KB  nodes=4017
[1375/7146] z3 | ball_count_2d_hill.04.seq_lazy_global_5. -> ok  39.398 ms  8064 KB  nodes=1339
[1376/7146] antlr4 | ball_count_2d_hill.04.seq_lazy_global_5. -> ok  1409.58 ms  9216 KB  nodes=41225
[1377/7146] cvc5 | ball_count_2d_hill.04.seq_lazy_global_5. -> ok  73.1043 ms  19456 KB  nodes=1339
[1378/7146] smt-switch | ball_count_2d_hill.04.seq_lazy_global_5. -> ok  190.632 ms  20900 KB  nodes=1342
[1379/7146] native | p-46.t2.c_Iteration2_Lasso_4-pieceTempla -> ok  1286.06 ms  43200 KB  nodes=62941
[1380/7146] pysmt | p-46.t2.c_Iteration2_Lasso_4-pieceTempla -> ok  5102.52 ms  45852 KB  nodes=66957
[1381/7146] jsmtlib | p-46.t2.c_Iteration2_Lasso_4-pieceTempla -> ok  3515.6 ms  39376 KB  nodes=138566
[1382/7146] z3 | p-46.t2.c_Iteration2_Lasso_4-pieceTempla -> ok  826.214 ms  61636 KB  nodes=111665
[1383/7146] antlr4 | p-46.t2.c_Iteration2_Lasso_4-pieceTempla -> ok  4281.08 ms  197328 KB  nodes=1701226
[1384/7146] cvc5 | p-46.t2.c_Iteration2_Lasso_4-pieceTempla -> fail  10023.4 ms  1664 KB  nodes=0
[1385/7146] smt-switch | p-46.t2.c_Iteration2_Lasso_4-pieceTempla -> fail  10029.2 ms  1664 KB  nodes=0
[1386/7146] native | ball_count_2d_hill.01.redlog_global_4.sm -> ok  104.923 ms  19200 KB  nodes=2007
[1387/7146] pysmt | ball_count_2d_hill.01.redlog_global_4.sm -> ok  207.452 ms  23188 KB  nodes=2049
[1388/7146] jsmtlib | ball_count_2d_hill.01.redlog_global_4.sm -> ok  2877.98 ms  7168 KB  nodes=6162
[1389/7146] z3 | ball_count_2d_hill.01.redlog_global_4.sm -> ok  55.072 ms  8576 KB  nodes=2049
[1390/7146] antlr4 | ball_count_2d_hill.01.redlog_global_4.sm -> ok  1205.85 ms  11264 KB  nodes=63436
[1391/7146] cvc5 | ball_count_2d_hill.01.redlog_global_4.sm -> fail  10029.6 ms  1664 KB  nodes=0
[1392/7146] smt-switch | ball_count_2d_hill.01.redlog_global_4.sm -> ok  1350.26 ms  24892 KB  nodes=2052
[1393/7146] native | ball_count_2d_slope.10.seq_lazy_global_1 -> ok  6642.31 ms  20440 KB  nodes=4563
[1394/7146] pysmt | ball_count_2d_slope.10.seq_lazy_global_1 -> ok  621.767 ms  25676 KB  nodes=4572
[1395/7146] jsmtlib | ball_count_2d_slope.10.seq_lazy_global_1 -> fail  3993.02 ms  1664 KB  nodes=0
[1396/7146] z3 | ball_count_2d_slope.10.seq_lazy_global_1 -> ok  88.139 ms  8768 KB  nodes=4575
[1397/7146] antlr4 | ball_count_2d_slope.10.seq_lazy_global_1 -> ok  1591.03 ms  19456 KB  nodes=142147
[1398/7146] cvc5 | ball_count_2d_slope.10.seq_lazy_global_1 -> ok  220.787 ms  26776 KB  nodes=4575
[1399/7146] smt-switch | ball_count_2d_slope.10.seq_lazy_global_1 -> ok  912.989 ms  30148 KB  nodes=4579
[1400/7146] native | ball_count_2d_plain.04.seq_lazy_linear_e -> ok  87.0368 ms  18944 KB  nodes=1698
[1401/7146] pysmt | ball_count_2d_plain.04.seq_lazy_linear_e -> ok  149.743 ms  23168 KB  nodes=1695
[1402/7146] jsmtlib | ball_count_2d_plain.04.seq_lazy_linear_e -> ok  2406.37 ms  6144 KB  nodes=4987
[1403/7146] z3 | ball_count_2d_plain.04.seq_lazy_linear_e -> ok  106.129 ms  8192 KB  nodes=1695
[1404/7146] antlr4 | ball_count_2d_plain.04.seq_lazy_linear_e -> ok  1193.09 ms  9216 KB  nodes=51412
[1405/7146] cvc5 | ball_count_2d_plain.04.seq_lazy_linear_e -> ok  157.574 ms  19712 KB  nodes=1695
[1406/7146] smt-switch | ball_count_2d_plain.04.seq_lazy_linear_e -> ok  335.936 ms  21252 KB  nodes=1698
[1407/7146] native | ball_count_2d_plain.05.seq_lazy_linear_e -> ok  130.148 ms  19072 KB  nodes=1920
[1408/7146] pysmt | ball_count_2d_plain.05.seq_lazy_linear_e -> ok  176.333 ms  23140 KB  nodes=1917
[1409/7146] jsmtlib | ball_count_2d_plain.05.seq_lazy_linear_e -> ok  2215.89 ms  6144 KB  nodes=5644
[1410/7146] z3 | ball_count_2d_plain.05.seq_lazy_linear_e -> ok  74.832 ms  8192 KB  nodes=1917
[1411/7146] antlr4 | ball_count_2d_plain.05.seq_lazy_linear_e -> ok  1459.33 ms  9216 KB  nodes=58250
[1412/7146] cvc5 | ball_count_2d_plain.05.seq_lazy_linear_e -> ok  1143.8 ms  23036 KB  nodes=1917
[1413/7146] smt-switch | ball_count_2d_plain.05.seq_lazy_linear_e -> ok  490.318 ms  23972 KB  nodes=1920
[1414/7146] native | ball_count_2d_hill_simple.04.seq_lazy_li -> ok  137.597 ms  19456 KB  nodes=2595
[1415/7146] pysmt | ball_count_2d_hill_simple.04.seq_lazy_li -> ok  221.393 ms  24040 KB  nodes=2593
[1416/7146] jsmtlib | ball_count_2d_hill_simple.04.seq_lazy_li -> fail  2679.16 ms  1664 KB  nodes=0
[1417/7146] z3 | ball_count_2d_hill_simple.04.seq_lazy_li -> ok  47 ms  8448 KB  nodes=2594
[1418/7146] antlr4 | ball_count_2d_hill_simple.04.seq_lazy_li -> ok  1131.06 ms  13312 KB  nodes=79038
[1419/7146] cvc5 | ball_count_2d_hill_simple.04.seq_lazy_li -> fail  10013.8 ms  1664 KB  nodes=0
[1420/7146] smt-switch | ball_count_2d_hill_simple.04.seq_lazy_li -> fail  10046.4 ms  1664 KB  nodes=0
[1421/7146] native | ball_count_1d_plain.04.seq_lazy_linear_e -> ok  105.471 ms  19328 KB  nodes=2397
[1422/7146] pysmt | ball_count_1d_plain.04.seq_lazy_linear_e -> ok  269.921 ms  23692 KB  nodes=2394
[1423/7146] jsmtlib | ball_count_1d_plain.04.seq_lazy_linear_e -> fail  3775 ms  1664 KB  nodes=0
[1424/7146] z3 | ball_count_1d_plain.04.seq_lazy_linear_e -> ok  90.521 ms  8320 KB  nodes=2396
[1425/7146] antlr4 | ball_count_1d_plain.04.seq_lazy_linear_e -> ok  1275.35 ms  12288 KB  nodes=72821
[1426/7146] cvc5 | ball_count_1d_plain.04.seq_lazy_linear_e -> fail  10008.5 ms  1664 KB  nodes=0
[1427/7146] smt-switch | ball_count_1d_plain.04.seq_lazy_linear_e -> fail  10045.4 ms  1664 KB  nodes=0
[1428/7146] native | BradleyMannaSipma-2005ICALP-Fig1_true-te -> ok  296.783 ms  22220 KB  nodes=10840
[1429/7146] pysmt | BradleyMannaSipma-2005ICALP-Fig1_true-te -> ok  827.967 ms  26552 KB  nodes=11193
[1430/7146] jsmtlib | BradleyMannaSipma-2005ICALP-Fig1_true-te -> ok  3601.98 ms  16384 KB  nodes=21135
[1431/7146] z3 | BradleyMannaSipma-2005ICALP-Fig1_true-te -> ok  420.403 ms  9768 KB  nodes=15807
[1432/7146] antlr4 | BradleyMannaSipma-2005ICALP-Fig1_true-te -> ok  3494.19 ms  28368 KB  nodes=258259
[1433/7146] cvc5 | BradleyMannaSipma-2005ICALP-Fig1_true-te -> fail  10040.1 ms  1664 KB  nodes=0
[1434/7146] smt-switch | BradleyMannaSipma-2005ICALP-Fig1_true-te -> ok  6666.35 ms  73200 KB  nodes=16111
[1435/7146] native | ball_count_2d_hill.01.seq_lazy_lemmas_gl -> ok  108.896 ms  19584 KB  nodes=2753
[1436/7146] pysmt | ball_count_2d_hill.01.seq_lazy_lemmas_gl -> ok  265.368 ms  24276 KB  nodes=2757
[1437/7146] jsmtlib | ball_count_2d_hill.01.seq_lazy_lemmas_gl -> fail  2784.62 ms  1664 KB  nodes=0
[1438/7146] z3 | ball_count_2d_hill.01.seq_lazy_lemmas_gl -> ok  38.394 ms  8448 KB  nodes=2759
[1439/7146] antlr4 | ball_count_2d_hill.01.seq_lazy_lemmas_gl -> ok  1203.88 ms  13312 KB  nodes=85437
[1440/7146] cvc5 | ball_count_2d_hill.01.seq_lazy_lemmas_gl -> ok  192.213 ms  20408 KB  nodes=2759
[1441/7146] smt-switch | ball_count_2d_hill.01.seq_lazy_lemmas_gl -> ok  251.764 ms  21112 KB  nodes=2763
[1442/7146] native | ball_count_2d_hill.03.seq_lazy_linear_en -> ok  104.605 ms  19456 KB  nodes=2201
[1443/7146] pysmt | ball_count_2d_hill.03.seq_lazy_linear_en -> ok  206.202 ms  23680 KB  nodes=2207
[1444/7146] jsmtlib | ball_count_2d_hill.03.seq_lazy_linear_en -> fail  2983.36 ms  1664 KB  nodes=0
[1445/7146] z3 | ball_count_2d_hill.03.seq_lazy_linear_en -> ok  66.233 ms  8320 KB  nodes=2208
[1446/7146] antlr4 | ball_count_2d_hill.03.seq_lazy_linear_en -> ok  1652.59 ms  11264 KB  nodes=68049
[1447/7146] cvc5 | ball_count_2d_hill.03.seq_lazy_linear_en -> ok  186.602 ms  21144 KB  nodes=2208
[1448/7146] smt-switch | ball_count_2d_hill.03.seq_lazy_linear_en -> ok  416.781 ms  22988 KB  nodes=2211
[1449/7146] native | Collatz.bpl_Iteration1_Lasso_4-nestedTem -> ok  10365.3 ms  101888 KB  nodes=200746
[1450/7146] pysmt | Collatz.bpl_Iteration1_Lasso_4-nestedTem -> fail  10013.3 ms  1664 KB  nodes=0
[1451/7146] jsmtlib | Collatz.bpl_Iteration1_Lasso_4-nestedTem -> ok  6005.7 ms  21872 KB  nodes=350717
[1452/7146] z3 | Collatz.bpl_Iteration1_Lasso_4-nestedTem -> ok  2740.77 ms  111852 KB  nodes=237747
[1453/7146] antlr4 | Collatz.bpl_Iteration1_Lasso_4-nestedTem -> ok  7761.34 ms  503356 KB  nodes=4332834
[1454/7146] cvc5 | Collatz.bpl_Iteration1_Lasso_4-nestedTem -> fail  10023.5 ms  1664 KB  nodes=0
[1455/7146] smt-switch | Collatz.bpl_Iteration1_Lasso_4-nestedTem -> fail  10034.9 ms  1664 KB  nodes=0
[1456/7146] native | Masse_true-termination.c_Iteration1_Loop -> ok  467.869 ms  27216 KB  nodes=23463
[1457/7146] pysmt | Masse_true-termination.c_Iteration1_Loop -> ok  1768.2 ms  32056 KB  nodes=23902
[1458/7146] jsmtlib | Masse_true-termination.c_Iteration1_Loop -> ok  3161.66 ms  12624 KB  nodes=44572
[1459/7146] z3 | Masse_true-termination.c_Iteration1_Loop -> timeout  10000 ms  11608 KB  nodes=31928
[1460/7146] antlr4 | Masse_true-termination.c_Iteration1_Loop -> ok  2947.94 ms  60048 KB  nodes=522692
[1461/7146] cvc5 | Masse_true-termination.c_Iteration1_Loop -> fail  10038.4 ms  1664 KB  nodes=0
[1462/7146] smt-switch | Masse_true-termination.c_Iteration1_Loop -> fail  10029.2 ms  1664 KB  nodes=0
[1463/7146] native | etcs_braking_2.01.seq_lazy_lemmas_global -> ok  313.011 ms  23976 KB  nodes=9114
[1464/7146] pysmt | etcs_braking_2.01.seq_lazy_lemmas_global -> ok  1146.91 ms  30100 KB  nodes=9172
[1465/7146] jsmtlib | etcs_braking_2.01.seq_lazy_lemmas_global -> fail  4423.28 ms  1664 KB  nodes=0
[1466/7146] z3 | etcs_braking_2.01.seq_lazy_lemmas_global -> ok  158.227 ms  9792 KB  nodes=9179
[1467/7146] antlr4 | etcs_braking_2.01.seq_lazy_lemmas_global -> fail  2623.91 ms  1664 KB  nodes=0
[1468/7146] cvc5 | etcs_braking_2.01.seq_lazy_lemmas_global -> ok  1670.15 ms  37140 KB  nodes=9179
[1469/7146] smt-switch | etcs_braking_2.01.seq_lazy_lemmas_global -> ok  1942.9 ms  34860 KB  nodes=9183
[1470/7146] native | KroeningSharyginaTsitovichWintersteiger- -> ok  3561.99 ms  76808 KB  nodes=144423
[1471/7146] pysmt | KroeningSharyginaTsitovichWintersteiger- -> fail  10008.6 ms  1664 KB  nodes=0
[1472/7146] jsmtlib | KroeningSharyginaTsitovichWintersteiger- -> ok  5854.36 ms  55667 KB  nodes=268846
[1473/7146] z3 | KroeningSharyginaTsitovichWintersteiger- -> ok  1876.99 ms  115148 KB  nodes=194367
[1474/7146] antlr4 | KroeningSharyginaTsitovichWintersteiger- -> ok  6274.3 ms  370790 KB  nodes=3277246
[1475/7146] cvc5 | KroeningSharyginaTsitovichWintersteiger- -> fail  10040.4 ms  1664 KB  nodes=0
[1476/7146] smt-switch | KroeningSharyginaTsitovichWintersteiger- -> fail  10035.6 ms  1664 KB  nodes=0
[1477/7146] native | simple_ballistics_reach.01.seq_lazy_line -> ok  223.99 ms  19840 KB  nodes=3088
[1478/7146] pysmt | simple_ballistics_reach.01.seq_lazy_line -> ok  399.971 ms  24672 KB  nodes=3086
[1479/7146] jsmtlib | simple_ballistics_reach.01.seq_lazy_line -> fail  2891.59 ms  1664 KB  nodes=0
[1480/7146] z3 | simple_ballistics_reach.01.seq_lazy_line -> ok  71.842 ms  8704 KB  nodes=3093
[1481/7146] antlr4 | simple_ballistics_reach.01.seq_lazy_line -> ok  1457.8 ms  14336 KB  nodes=96240
[1482/7146] cvc5 | simple_ballistics_reach.01.seq_lazy_line -> ok  295.777 ms  23988 KB  nodes=3093
[1483/7146] smt-switch | simple_ballistics_reach.01.seq_lazy_line -> ok  609.464 ms  25092 KB  nodes=3095
[1484/7146] native | ball_count_2d_hill_simple.10.seq_lazy_li -> ok  81.8106 ms  18688 KB  nodes=1136
[1485/7146] pysmt | ball_count_2d_hill_simple.10.seq_lazy_li -> ok  124.549 ms  22656 KB  nodes=1134
[1486/7146] jsmtlib | ball_count_2d_hill_simple.10.seq_lazy_li -> ok  2459.03 ms  5120 KB  nodes=3341
[1487/7146] z3 | ball_count_2d_hill_simple.10.seq_lazy_li -> ok  46.501 ms  8064 KB  nodes=1135
[1488/7146] antlr4 | ball_count_2d_hill_simple.10.seq_lazy_li -> ok  1378.06 ms  8192 KB  nodes=34390
[1489/7146] cvc5 | ball_count_2d_hill_simple.10.seq_lazy_li -> ok  48.7815 ms  18560 KB  nodes=1135
[1490/7146] smt-switch | ball_count_2d_hill_simple.10.seq_lazy_li -> ok  130.712 ms  20596 KB  nodes=1137
[1491/7146] native | mbo_E12E28.smt2 -> ok  499.662 ms  22016 KB  nodes=7502
[1492/7146] pysmt | mbo_E12E28.smt2 -> ok  1300.45 ms  24744 KB  nodes=7502
[1493/7146] jsmtlib | mbo_E12E28.smt2 -> fail  3758.78 ms  1664 KB  nodes=0
[1494/7146] z3 | mbo_E12E28.smt2 -> ok  293.373 ms  10932 KB  nodes=7502
[1495/7146] antlr4 | mbo_E12E28.smt2 -> ok  3409.05 ms  87760 KB  nodes=752684
[1496/7146] cvc5 | mbo_E12E28.smt2 -> fail  10040.7 ms  1664 KB  nodes=0
[1497/7146] smt-switch | mbo_E12E28.smt2 -> fail  1943.2 ms  15288 KB  nodes=0
[1498/7146] native | ball_count_2d_plain.01.seq_lazy_global_1 -> ok  142.582 ms  19540 KB  nodes=2717
[1499/7146] pysmt | ball_count_2d_plain.01.seq_lazy_global_1 -> ok  262.153 ms  23832 KB  nodes=2714
[1500/7146] jsmtlib | ball_count_2d_plain.01.seq_lazy_global_1 -> fail  3186.11 ms  1664 KB  nodes=0
[1501/7146] z3 | ball_count_2d_plain.01.seq_lazy_global_1 -> ok  70.249 ms  8448 KB  nodes=2714
[1502/7146] antlr4 | ball_count_2d_plain.01.seq_lazy_global_1 -> ok  1760.58 ms  13312 KB  nodes=82462
[1503/7146] cvc5 | ball_count_2d_plain.01.seq_lazy_global_1 -> ok  97.655 ms  20260 KB  nodes=2714
[1504/7146] smt-switch | ball_count_2d_plain.01.seq_lazy_global_1 -> ok  413.1 ms  20944 KB  nodes=2717
[1505/7146] native | polyrank3.t2.c_Iteration4_Loop_4-pieceTe -> ok  156.346 ms  18944 KB  nodes=2787
[1506/7146] pysmt | polyrank3.t2.c_Iteration4_Loop_4-pieceTe -> ok  288.493 ms  22676 KB  nodes=3035
[1507/7146] jsmtlib | polyrank3.t2.c_Iteration4_Loop_4-pieceTe -> ok  4441.15 ms  6144 KB  nodes=5631
[1508/7146] z3 | polyrank3.t2.c_Iteration4_Loop_4-pieceTe -> ok  120.923 ms  8320 KB  nodes=4341
[1509/7146] antlr4 | polyrank3.t2.c_Iteration4_Loop_4-pieceTe -> ok  3005.43 ms  12288 KB  nodes=67729
[1510/7146] cvc5 | polyrank3.t2.c_Iteration4_Loop_4-pieceTe -> fail  10046.8 ms  1664 KB  nodes=0
[1511/7146] smt-switch | polyrank3.t2.c_Iteration4_Loop_4-pieceTe -> fail  10044.6 ms  1664 KB  nodes=0
[1512/7146] native | ball_count_2d_plain.03.qfree_global_7.sm -> ok  134.188 ms  18816 KB  nodes=1439
[1513/7146] pysmt | ball_count_2d_plain.03.qfree_global_7.sm -> ok  156.105 ms  22828 KB  nodes=1446
[1514/7146] jsmtlib | ball_count_2d_plain.03.qfree_global_7.sm -> ok  3063.53 ms  5120 KB  nodes=4265
[1515/7146] z3 | ball_count_2d_plain.03.qfree_global_7.sm -> ok  44.904 ms  8192 KB  nodes=1446
[1516/7146] antlr4 | ball_count_2d_plain.03.qfree_global_7.sm -> ok  1288.2 ms  9216 KB  nodes=43805
[1517/7146] cvc5 | ball_count_2d_plain.03.qfree_global_7.sm -> ok  43.3333 ms  19584 KB  nodes=1446
[1518/7146] smt-switch | ball_count_2d_plain.03.qfree_global_7.sm -> ok  138.587 ms  20908 KB  nodes=1449
[1519/7146] native | mbo_E5E8.smt2 -> ok  496.003 ms  25856 KB  nodes=13600
[1520/7146] pysmt | mbo_E5E8.smt2 -> ok  1763.46 ms  27432 KB  nodes=13600
[1521/7146] jsmtlib | mbo_E5E8.smt2 -> fail  4298.22 ms  1664 KB  nodes=0
[1522/7146] z3 | mbo_E5E8.smt2 -> ok  383.925 ms  13484 KB  nodes=13600
[1523/7146] antlr4 | mbo_E5E8.smt2 -> ok  4128.45 ms  157392 KB  nodes=1351112
[1524/7146] cvc5 | mbo_E5E8.smt2 -> fail  10039 ms  1664 KB  nodes=0
[1525/7146] smt-switch | mbo_E5E8.smt2 -> fail  3742.16 ms  17580 KB  nodes=0
[1526/7146] native | CookSeeZuleger-2013TACAS-Fig7a_true-term -> ok  1966.94 ms  59920 KB  nodes=100446
[1527/7146] pysmt | CookSeeZuleger-2013TACAS-Fig7a_true-term -> fail  10033.8 ms  1664 KB  nodes=0
[1528/7146] jsmtlib | CookSeeZuleger-2013TACAS-Fig7a_true-term -> ok  4362.83 ms  30081 KB  nodes=173754
[1529/7146] z3 | CookSeeZuleger-2013TACAS-Fig7a_true-term -> ok  948.344 ms  52456 KB  nodes=120534
[1530/7146] antlr4 | CookSeeZuleger-2013TACAS-Fig7a_true-term -> ok  5196.77 ms  249920 KB  nodes=2199270
[1531/7146] cvc5 | CookSeeZuleger-2013TACAS-Fig7a_true-term -> fail  10001.7 ms  1664 KB  nodes=0
[1532/7146] smt-switch | CookSeeZuleger-2013TACAS-Fig7a_true-term -> fail  10042.5 ms  1664 KB  nodes=0
[1533/7146] native | ball_count_2d_plain.03.seq_lazy_global_1 -> ok  167.916 ms  18944 KB  nodes=1865
[1534/7146] pysmt | ball_count_2d_plain.03.seq_lazy_global_1 -> ok  374.472 ms  23188 KB  nodes=1862
[1535/7146] jsmtlib | ball_count_2d_plain.03.seq_lazy_global_1 -> ok  3801.64 ms  6144 KB  nodes=5480
[1536/7146] z3 | ball_count_2d_plain.03.seq_lazy_global_1 -> ok  195.062 ms  8060 KB  nodes=1862
[1537/7146] antlr4 | ball_count_2d_plain.03.seq_lazy_global_1 -> ok  3387.44 ms  9216 KB  nodes=56518
[1538/7146] cvc5 | ball_count_2d_plain.03.seq_lazy_global_1 -> fail  10038.7 ms  1664 KB  nodes=0
[1539/7146] smt-switch | ball_count_2d_plain.03.seq_lazy_global_1 -> fail  10008.4 ms  1664 KB  nodes=0
[1540/7146] native | ball_count_2d_plain.03.seq_lazy_lemmas_g -> ok  127.598 ms  18944 KB  nodes=1713
[1541/7146] pysmt | ball_count_2d_plain.03.seq_lazy_lemmas_g -> ok  152.561 ms  22948 KB  nodes=1710
[1542/7146] jsmtlib | ball_count_2d_plain.03.seq_lazy_lemmas_g -> ok  3217.65 ms  6144 KB  nodes=5051
[1543/7146] z3 | ball_count_2d_plain.03.seq_lazy_lemmas_g -> ok  81.574 ms  8064 KB  nodes=1710
[1544/7146] antlr4 | ball_count_2d_plain.03.seq_lazy_lemmas_g -> ok  2068.07 ms  10240 KB  nodes=51949
[1545/7146] cvc5 | ball_count_2d_plain.03.seq_lazy_lemmas_g -> ok  82.5811 ms  19840 KB  nodes=1710
[1546/7146] smt-switch | ball_count_2d_plain.03.seq_lazy_lemmas_g -> ok  295.378 ms  21308 KB  nodes=1713
