[66/8465] native | From_T2__consts3nt.t2_fixed__p18149_term -> ok  27.4883 ms  17792 KB  nodes=287
[67/8465] pysmt | From_T2__consts3nt.t2_fixed__p18149_term -> ok  8.78859 ms  21752 KB  nodes=317
[68/8465] jsmtlib | From_T2__consts3nt.t2_fixed__p18149_term -> ok  1255.1 ms  2048 KB  nodes=547
[69/8465] z3 | From_T2__consts3nt.t2_fixed__p18149_term -> ok  19.278 ms  7936 KB  nodes=421
[70/8465] antlr4 | From_T2__consts3nt.t2_fixed__p18149_term -> ok  501.276 ms  5120 KB  nodes=6302
[71/8465] cvc5 | From_T2__consts3nt.t2_fixed__p18149_term -> fail  10040.1 ms  1664 KB  nodes=0
[72/8465] smt-switch | From_T2__consts3nt.t2_fixed__p18149_term -> fail  10041.5 ms  1664 KB  nodes=0
[73/8465] native | STC_0241.smt2 -> ok  25.4926 ms  17664 KB  nodes=9
[74/8465] pysmt | STC_0241.smt2 -> ok  3.68452 ms  21568 KB  nodes=12
[75/8465] jsmtlib | STC_0241.smt2 -> ok  1465.74 ms  2048 KB  nodes=21
[76/8465] z3 | STC_0241.smt2 -> ok  13.846 ms  7680 KB  nodes=9
[77/8465] antlr4 | STC_0241.smt2 -> ok  560.714 ms  4096 KB  nodes=233
[78/8465] cvc5 | STC_0241.smt2 -> fail  10043.2 ms  1664 KB  nodes=0
[79/8465] smt-switch | STC_0241.smt2 -> fail  10040.9 ms  1664 KB  nodes=0
[80/8465] native | From_T2__s1.t2__p19672_safety_0.smt2 -> ok  29.5368 ms  17920 KB  nodes=264
[81/8465] pysmt | From_T2__s1.t2__p19672_safety_0.smt2 -> ok  16.8827 ms  21636 KB  nodes=311
[82/8465] jsmtlib | From_T2__s1.t2__p19672_safety_0.smt2 -> ok  1660.69 ms  2048 KB  nodes=627
[83/8465] z3 | From_T2__s1.t2__p19672_safety_0.smt2 -> ok  14.606 ms  7936 KB  nodes=456
[84/8465] antlr4 | From_T2__s1.t2__p19672_safety_0.smt2 -> ok  759.104 ms  5120 KB  nodes=7349
[85/8465] cvc5 | From_T2__s1.t2__p19672_safety_0.smt2 -> fail  10041.4 ms  1664 KB  nodes=0
[86/8465] smt-switch | From_T2__s1.t2__p19672_safety_0.smt2 -> fail  10042 ms  1664 KB  nodes=0
[87/8465] native | ps5-ll.c_2.smt2 -> ok  42.2061 ms  17536 KB  nodes=22
[88/8465] pysmt | ps5-ll.c_2.smt2 -> fail  0 ms  0 KB  nodes=0
[89/8465] jsmtlib | ps5-ll.c_2.smt2 -> fail  1948.46 ms  1664 KB  nodes=0
[90/8465] z3 | ps5-ll.c_2.smt2 -> ok  15.149 ms  7808 KB  nodes=25
[91/8465] antlr4 | ps5-ll.c_2.smt2 -> ok  648.068 ms  4096 KB  nodes=399
[92/8465] cvc5 | ps5-ll.c_2.smt2 -> fail  10047.4 ms  1664 KB  nodes=0
[93/8465] smt-switch | ps5-ll.c_2.smt2 -> fail  10030.1 ms  1664 KB  nodes=0
[94/8465] native | aproveSMT5889197465032143917.smt2 -> ok  48.3275 ms  17920 KB  nodes=511
[95/8465] pysmt | aproveSMT5889197465032143917.smt2 -> ok  23.0255 ms  21376 KB  nodes=520
[96/8465] jsmtlib | aproveSMT5889197465032143917.smt2 -> ok  2173.97 ms  3072 KB  nodes=876
[97/8465] z3 | aproveSMT5889197465032143917.smt2 -> ok  18.101 ms  7808 KB  nodes=520
[98/8465] antlr4 | aproveSMT5889197465032143917.smt2 -> ok  902.01 ms  6144 KB  nodes=13422
[99/8465] cvc5 | aproveSMT5889197465032143917.smt2 -> fail  10027.1 ms  1664 KB  nodes=0
[100/8465] smt-switch | aproveSMT5889197465032143917.smt2 -> ok  124.507 ms  22272 KB  nodes=520
[101/8465] native | From_AProVE_2014__ex04_rec.jar-obl-8__te -> ok  44.7408 ms  17920 KB  nodes=241
[102/8465] pysmt | From_AProVE_2014__ex04_rec.jar-obl-8__te -> ok  16.4163 ms  21876 KB  nodes=277
[103/8465] jsmtlib | From_AProVE_2014__ex04_rec.jar-obl-8__te -> ok  2377.68 ms  2048 KB  nodes=408
[104/8465] z3 | From_AProVE_2014__ex04_rec.jar-obl-8__te -> ok  17.127 ms  7936 KB  nodes=296
[105/8465] antlr4 | From_AProVE_2014__ex04_rec.jar-obl-8__te -> ok  865.446 ms  5120 KB  nodes=4837
[106/8465] cvc5 | From_AProVE_2014__ex04_rec.jar-obl-8__te -> ok  216.218 ms  20864 KB  nodes=276
[107/8465] smt-switch | From_AProVE_2014__ex04_rec.jar-obl-8__te -> ok  215.881 ms  22656 KB  nodes=296
[108/8465] native | aproveSMT4058092432546625627.smt2 -> ok  70.1765 ms  17920 KB  nodes=80
[109/8465] pysmt | aproveSMT4058092432546625627.smt2 -> ok  5.99766 ms  21576 KB  nodes=80
[110/8465] jsmtlib | aproveSMT4058092432546625627.smt2 -> ok  1948.35 ms  2048 KB  nodes=133
[111/8465] z3 | aproveSMT4058092432546625627.smt2 -> ok  19.339 ms  7808 KB  nodes=80
[112/8465] antlr4 | aproveSMT4058092432546625627.smt2 -> ok  671.164 ms  4096 KB  nodes=1899
[113/8465] cvc5 | aproveSMT4058092432546625627.smt2 -> ok  119.221 ms  19840 KB  nodes=80
[114/8465] smt-switch | aproveSMT4058092432546625627.smt2 -> ok  74.4078 ms  22016 KB  nodes=80
[115/8465] native | From_T2__ex36.t2__p31596_safety_0.smt2 -> ok  43.152 ms  17920 KB  nodes=336
[116/8465] pysmt | From_T2__ex36.t2__p31596_safety_0.smt2 -> ok  12.8024 ms  21744 KB  nodes=380
[117/8465] jsmtlib | From_T2__ex36.t2__p31596_safety_0.smt2 -> ok  1408.19 ms  2048 KB  nodes=687
[118/8465] z3 | From_T2__ex36.t2__p31596_safety_0.smt2 -> ok  10.752 ms  7936 KB  nodes=503
[119/8465] antlr4 | From_T2__ex36.t2__p31596_safety_0.smt2 -> ok  613.88 ms  5120 KB  nodes=8241
[120/8465] cvc5 | From_T2__ex36.t2__p31596_safety_0.smt2 -> ok  845.115 ms  24832 KB  nodes=379
[121/8465] smt-switch | From_T2__ex36.t2__p31596_safety_0.smt2 -> ok  1420.81 ms  29696 KB  nodes=503
[122/8465] native | From_T2__ex2.t2__p22461_terminationG_0.s -> ok  23.1987 ms  17792 KB  nodes=150
[123/8465] pysmt | From_T2__ex2.t2__p22461_terminationG_0.s -> ok  7.19285 ms  21748 KB  nodes=159
[124/8465] jsmtlib | From_T2__ex2.t2__p22461_terminationG_0.s -> ok  1304.31 ms  2048 KB  nodes=284
[125/8465] z3 | From_T2__ex2.t2__p22461_terminationG_0.s -> ok  12.848 ms  7808 KB  nodes=196
[126/8465] antlr4 | From_T2__ex2.t2__p22461_terminationG_0.s -> ok  601.861 ms  5120 KB  nodes=3283
[127/8465] cvc5 | From_T2__ex2.t2__p22461_terminationG_0.s -> ok  163.96 ms  20352 KB  nodes=174
[128/8465] smt-switch | From_T2__ex2.t2__p22461_terminationG_0.s -> ok  206.078 ms  23296 KB  nodes=196
[129/8465] native | From_T2__zlib-adler32.c.t2_fixed__p25836 -> ok  25.6078 ms  17792 KB  nodes=230
[130/8465] pysmt | From_T2__zlib-adler32.c.t2_fixed__p25836 -> ok  12.7327 ms  21396 KB  nodes=303
[131/8465] jsmtlib | From_T2__zlib-adler32.c.t2_fixed__p25836 -> ok  1442.11 ms  2048 KB  nodes=640
[132/8465] z3 | From_T2__zlib-adler32.c.t2_fixed__p25836 -> ok  11.023 ms  7936 KB  nodes=483
[133/8465] antlr4 | From_T2__zlib-adler32.c.t2_fixed__p25836 -> ok  515.776 ms  5120 KB  nodes=7726
[134/8465] cvc5 | From_T2__zlib-adler32.c.t2_fixed__p25836 -> fail  10046.6 ms  1664 KB  nodes=0
[135/8465] smt-switch | From_T2__zlib-adler32.c.t2_fixed__p25836 -> fail  10011.5 ms  1664 KB  nodes=0
[136/8465] native | aproveSMT9210028560755653130.smt2 -> ok  30.3005 ms  17792 KB  nodes=36
[137/8465] pysmt | aproveSMT9210028560755653130.smt2 -> ok  10.4387 ms  21628 KB  nodes=37
[138/8465] jsmtlib | aproveSMT9210028560755653130.smt2 -> ok  1359.29 ms  2048 KB  nodes=64
[139/8465] z3 | aproveSMT9210028560755653130.smt2 -> ok  11.312 ms  7680 KB  nodes=37
[140/8465] antlr4 | aproveSMT9210028560755653130.smt2 -> ok  667.757 ms  4096 KB  nodes=803
[141/8465] cvc5 | aproveSMT9210028560755653130.smt2 -> ok  26.5724 ms  17536 KB  nodes=37
[142/8465] smt-switch | aproveSMT9210028560755653130.smt2 -> ok  52.4495 ms  20352 KB  nodes=37
[143/8465] native | 208.smt2 -> ok  34.0265 ms  17920 KB  nodes=416
[144/8465] pysmt | 208.smt2 -> ok  12.0027 ms  21864 KB  nodes=428
[145/8465] jsmtlib | 208.smt2 -> ok  1480.79 ms  2048 KB  nodes=635
[146/8465] z3 | 208.smt2 -> ok  13.076 ms  7936 KB  nodes=428
[147/8465] antlr4 | 208.smt2 -> ok  616.11 ms  5120 KB  nodes=7714
[148/8465] cvc5 | 208.smt2 -> ok  138.897 ms  20608 KB  nodes=428
[149/8465] smt-switch | 208.smt2 -> ok  32.7393 ms  20224 KB  nodes=428
[150/8465] native | From_T2__tqli.c.i.tqli.pl.t2.fixed.t2__p -> ok  28.4141 ms  17792 KB  nodes=336
[151/8465] pysmt | From_T2__tqli.c.i.tqli.pl.t2.fixed.t2__p -> ok  15.8141 ms  21548 KB  nodes=372
[152/8465] jsmtlib | From_T2__tqli.c.i.tqli.pl.t2.fixed.t2__p -> ok  1195.98 ms  2048 KB  nodes=766
[153/8465] z3 | From_T2__tqli.c.i.tqli.pl.t2.fixed.t2__p -> ok  12.313 ms  7936 KB  nodes=640
[154/8465] antlr4 | From_T2__tqli.c.i.tqli.pl.t2.fixed.t2__p -> ok  536.116 ms  5120 KB  nodes=9180
[155/8465] cvc5 | From_T2__tqli.c.i.tqli.pl.t2.fixed.t2__p -> fail  10003.7 ms  1664 KB  nodes=0
[156/8465] smt-switch | From_T2__tqli.c.i.tqli.pl.t2.fixed.t2__p -> ok  274.122 ms  24704 KB  nodes=640
[157/8465] native | STC_0683.smt2 -> ok  99.9582 ms  17792 KB  nodes=9
[158/8465] pysmt | STC_0683.smt2 -> ok  3.72791 ms  21620 KB  nodes=12
[159/8465] jsmtlib | STC_0683.smt2 -> ok  1675.51 ms  2048 KB  nodes=21
[160/8465] z3 | STC_0683.smt2 -> ok  15.999 ms  7808 KB  nodes=9
[161/8465] antlr4 | STC_0683.smt2 -> ok  758.337 ms  4096 KB  nodes=233
[162/8465] cvc5 | STC_0683.smt2 -> fail  10012.1 ms  1664 KB  nodes=0
[163/8465] smt-switch | STC_0683.smt2 -> fail  10009.6 ms  1664 KB  nodes=0
[164/8465] native | aproveSMT4756624273989261035.smt2 -> ok  65.1202 ms  17664 KB  nodes=182
[165/8465] pysmt | aproveSMT4756624273989261035.smt2 -> ok  11.482 ms  21440 KB  nodes=182
[166/8465] jsmtlib | aproveSMT4756624273989261035.smt2 -> ok  1965.09 ms  2048 KB  nodes=273
[167/8465] z3 | aproveSMT4756624273989261035.smt2 -> ok  18.965 ms  7808 KB  nodes=182
[168/8465] antlr4 | aproveSMT4756624273989261035.smt2 -> ok  921.127 ms  5120 KB  nodes=3707
[169/8465] cvc5 | aproveSMT4756624273989261035.smt2 -> ok  709.498 ms  23808 KB  nodes=182
[170/8465] smt-switch | aproveSMT4756624273989261035.smt2 -> ok  1174.57 ms  30964 KB  nodes=182
[171/8465] native | From_T2__small15.t2__p23770_terminationG -> ok  57.8929 ms  17792 KB  nodes=333
[172/8465] pysmt | From_T2__small15.t2__p23770_terminationG -> ok  31.8015 ms  21736 KB  nodes=389
[173/8465] jsmtlib | From_T2__small15.t2__p23770_terminationG -> ok  1912.16 ms  2048 KB  nodes=598
[174/8465] z3 | From_T2__small15.t2__p23770_terminationG -> ok  6103.62 ms  7808 KB  nodes=420
[175/8465] antlr4 | From_T2__small15.t2__p23770_terminationG -> ok  879.778 ms  5120 KB  nodes=7263
[176/8465] cvc5 | From_T2__small15.t2__p23770_terminationG -> ok  770.612 ms  23680 KB  nodes=391
[177/8465] smt-switch | From_T2__small15.t2__p23770_terminationG -> ok  753.731 ms  25600 KB  nodes=420
[178/8465] native | STC_0903.smt2 -> ok  81.6194 ms  17536 KB  nodes=9
[179/8465] pysmt | STC_0903.smt2 -> ok  5.87845 ms  21308 KB  nodes=12
[180/8465] jsmtlib | STC_0903.smt2 -> ok  1849.41 ms  2048 KB  nodes=21
[181/8465] z3 | STC_0903.smt2 -> ok  31.393 ms  7680 KB  nodes=9
[182/8465] antlr4 | STC_0903.smt2 -> ok  1144.47 ms  4096 KB  nodes=233
[183/8465] cvc5 | STC_0903.smt2 -> fail  10006.7 ms  1664 KB  nodes=0
[184/8465] smt-switch | STC_0903.smt2 -> fail  10005.3 ms  1664 KB  nodes=0
[185/8465] native | From_T2__n-15.t2__p3603_terminationG_0.s -> ok  58.6192 ms  17664 KB  nodes=345
[186/8465] pysmt | From_T2__n-15.t2__p3603_terminationG_0.s -> ok  30.9896 ms  21524 KB  nodes=394
[187/8465] jsmtlib | From_T2__n-15.t2__p3603_terminationG_0.s -> ok  1691.58 ms  2048 KB  nodes=735
[188/8465] z3 | From_T2__n-15.t2__p3603_terminationG_0.s -> ok  19.52 ms  7936 KB  nodes=579
[189/8465] antlr4 | From_T2__n-15.t2__p3603_terminationG_0.s -> ok  961.031 ms  5120 KB  nodes=8431
[190/8465] cvc5 | From_T2__n-15.t2__p3603_terminationG_0.s -> fail  10039.7 ms  1664 KB  nodes=0
[191/8465] smt-switch | From_T2__n-15.t2__p3603_terminationG_0.s -> fail  10024.9 ms  1664 KB  nodes=0
[192/8465] native | From_T2__s1-striped.t2_fixed__p10686_saf -> ok  119.253 ms  17536 KB  nodes=234
[193/8465] pysmt | From_T2__s1-striped.t2_fixed__p10686_saf -> ok  24.0738 ms  21552 KB  nodes=281
[194/8465] jsmtlib | From_T2__s1-striped.t2_fixed__p10686_saf -> ok  1664.79 ms  2048 KB  nodes=564
[195/8465] z3 | From_T2__s1-striped.t2_fixed__p10686_saf -> ok  22.267 ms  7936 KB  nodes=411
[196/8465] antlr4 | From_T2__s1-striped.t2_fixed__p10686_saf -> ok  901.871 ms  5120 KB  nodes=6644
[197/8465] cvc5 | From_T2__s1-striped.t2_fixed__p10686_saf -> fail  10014.6 ms  1664 KB  nodes=0
[198/8465] smt-switch | From_T2__s1-striped.t2_fixed__p10686_saf -> fail  10034.6 ms  1664 KB  nodes=0
[199/8465] native | 23.smt2 -> ok  118.624 ms  17664 KB  nodes=364
[200/8465] pysmt | 23.smt2 -> ok  21.0469 ms  21396 KB  nodes=379
[201/8465] jsmtlib | 23.smt2 -> ok  1978.92 ms  2048 KB  nodes=543
[202/8465] z3 | 23.smt2 -> ok  27.375 ms  7680 KB  nodes=383
[203/8465] antlr4 | 23.smt2 -> ok  839.792 ms  5120 KB  nodes=6469
[204/8465] cvc5 | 23.smt2 -> ok  285.948 ms  21504 KB  nodes=383
[205/8465] smt-switch | 23.smt2 -> ok  85.1685 ms  20736 KB  nodes=383
[206/8465] native | From_T2__s1.t2__p19637_safety_0.smt2 -> ok  71.3354 ms  17792 KB  nodes=211
[207/8465] pysmt | From_T2__s1.t2__p19637_safety_0.smt2 -> ok  18.8243 ms  21696 KB  nodes=242
[208/8465] jsmtlib | From_T2__s1.t2__p19637_safety_0.smt2 -> ok  1918.73 ms  2048 KB  nodes=482
[209/8465] z3 | From_T2__s1.t2__p19637_safety_0.smt2 -> ok  26.468 ms  7680 KB  nodes=347
[210/8465] antlr4 | From_T2__s1.t2__p19637_safety_0.smt2 -> ok  885.914 ms  5120 KB  nodes=5526
[211/8465] cvc5 | From_T2__s1.t2__p19637_safety_0.smt2 -> ok  2939.66 ms  24576 KB  nodes=256
[212/8465] smt-switch | From_T2__s1.t2__p19637_safety_0.smt2 -> ok  3456.88 ms  28160 KB  nodes=347
[213/8465] native | STC_0887.smt2 -> ok  71.6767 ms  17536 KB  nodes=9
[214/8465] pysmt | STC_0887.smt2 -> ok  3.16 ms  21480 KB  nodes=12
[215/8465] jsmtlib | STC_0887.smt2 -> ok  1689.91 ms  2048 KB  nodes=21
[216/8465] z3 | STC_0887.smt2 -> ok  22.647 ms  7680 KB  nodes=9
[217/8465] antlr4 | STC_0887.smt2 -> ok  917.868 ms  4096 KB  nodes=233
[218/8465] cvc5 | STC_0887.smt2 -> fail  10034.6 ms  1664 KB  nodes=0
[219/8465] smt-switch | STC_0887.smt2 -> fail  10029.9 ms  1664 KB  nodes=0
[220/8465] native | STC_0791.smt2 -> ok  80.4673 ms  17664 KB  nodes=9
[221/8465] pysmt | STC_0791.smt2 -> ok  2.67625 ms  21324 KB  nodes=12
[222/8465] jsmtlib | STC_0791.smt2 -> ok  1575.68 ms  2048 KB  nodes=21
[223/8465] z3 | STC_0791.smt2 -> ok  30.372 ms  7808 KB  nodes=9
[224/8465] antlr4 | STC_0791.smt2 -> ok  958.865 ms  4096 KB  nodes=233
[225/8465] cvc5 | STC_0791.smt2 -> fail  10045.5 ms  1664 KB  nodes=0
[226/8465] smt-switch | STC_0791.smt2 -> fail  10012.6 ms  1664 KB  nodes=0
[227/8465] native | From_T2__s1-striped.t2_fixed__p10723_saf -> ok  94.2337 ms  17792 KB  nodes=237
[228/8465] pysmt | From_T2__s1-striped.t2_fixed__p10723_saf -> ok  23.3195 ms  21612 KB  nodes=278
[229/8465] jsmtlib | From_T2__s1-striped.t2_fixed__p10723_saf -> ok  1684.99 ms  2048 KB  nodes=572
[230/8465] z3 | From_T2__s1-striped.t2_fixed__p10723_saf -> ok  27.805 ms  7936 KB  nodes=409
[231/8465] antlr4 | From_T2__s1-striped.t2_fixed__p10723_saf -> ok  1022.07 ms  5120 KB  nodes=6722
[232/8465] cvc5 | From_T2__s1-striped.t2_fixed__p10723_saf -> fail  10024.3 ms  1664 KB  nodes=0
[233/8465] smt-switch | From_T2__s1-striped.t2_fixed__p10723_saf -> fail  10017.7 ms  1664 KB  nodes=0
[234/8465] native | Ton_Chanh_15__2Nested_false-termination. -> ok  66.353 ms  17792 KB  nodes=166
[235/8465] pysmt | Ton_Chanh_15__2Nested_false-termination. -> ok  10.3378 ms  21428 KB  nodes=181
[236/8465] jsmtlib | Ton_Chanh_15__2Nested_false-termination. -> ok  1604.99 ms  2048 KB  nodes=287
[237/8465] z3 | Ton_Chanh_15__2Nested_false-termination. -> ok  26.392 ms  7808 KB  nodes=196
[238/8465] antlr4 | Ton_Chanh_15__2Nested_false-termination. -> ok  1027.48 ms  5120 KB  nodes=3265
[239/8465] cvc5 | Ton_Chanh_15__2Nested_false-termination. -> ok  250.852 ms  19456 KB  nodes=184
[240/8465] smt-switch | Ton_Chanh_15__2Nested_false-termination. -> ok  131.658 ms  21888 KB  nodes=196
[241/8465] native | From_T2__n-6.t2__p4807_terminationG_0.sm -> ok  70.0411 ms  17664 KB  nodes=317
[242/8465] pysmt | From_T2__n-6.t2__p4807_terminationG_0.sm -> ok  24.451 ms  21860 KB  nodes=373
[243/8465] jsmtlib | From_T2__n-6.t2__p4807_terminationG_0.sm -> ok  1625.05 ms  2048 KB  nodes=539
[244/8465] z3 | From_T2__n-6.t2__p4807_terminationG_0.sm -> ok  29.279 ms  7936 KB  nodes=401
[245/8465] antlr4 | From_T2__n-6.t2__p4807_terminationG_0.sm -> ok  889.896 ms  5120 KB  nodes=6363
[246/8465] cvc5 | From_T2__n-6.t2__p4807_terminationG_0.sm -> ok  1389.02 ms  23680 KB  nodes=373
[247/8465] smt-switch | From_T2__n-6.t2__p4807_terminationG_0.sm -> ok  1449.3 ms  27008 KB  nodes=401
[248/8465] native | Stroeder_15__NO_12.c__terminationS_0_0.s -> ok  56.77 ms  17664 KB  nodes=286
[249/8465] pysmt | Stroeder_15__NO_12.c__terminationS_0_0.s -> ok  15.712 ms  21644 KB  nodes=317
[250/8465] jsmtlib | Stroeder_15__NO_12.c__terminationS_0_0.s -> ok  1763.5 ms  2048 KB  nodes=563
[251/8465] z3 | Stroeder_15__NO_12.c__terminationS_0_0.s -> ok  29.662 ms  7680 KB  nodes=417
[252/8465] antlr4 | Stroeder_15__NO_12.c__terminationS_0_0.s -> ok  1074.68 ms  5120 KB  nodes=6621
[253/8465] cvc5 | Stroeder_15__NO_12.c__terminationS_0_0.s -> ok  4309.58 ms  29568 KB  nodes=316
[254/8465] smt-switch | Stroeder_15__NO_12.c__terminationS_0_0.s -> ok  1376.49 ms  27764 KB  nodes=417
[255/8465] native | From_AProVE_2014__NO_12.jar-obl-8__termi -> ok  82.8602 ms  17792 KB  nodes=310
[256/8465] pysmt | From_AProVE_2014__NO_12.jar-obl-8__termi -> ok  23.0684 ms  21484 KB  nodes=341
[257/8465] jsmtlib | From_AProVE_2014__NO_12.jar-obl-8__termi -> ok  1917.63 ms  2048 KB  nodes=604
[258/8465] z3 | From_AProVE_2014__NO_12.jar-obl-8__termi -> ok  26.781 ms  7936 KB  nodes=445
[259/8465] antlr4 | From_AProVE_2014__NO_12.jar-obl-8__termi -> ok  958.582 ms  5120 KB  nodes=7145
[260/8465] cvc5 | From_AProVE_2014__NO_12.jar-obl-8__termi -> ok  792.531 ms  22528 KB  nodes=340
[261/8465] smt-switch | From_AProVE_2014__NO_12.jar-obl-8__termi -> ok  516.566 ms  23936 KB  nodes=445
[262/8465] native | aproveSMT2807471946702649636.smt2 -> ok  55.2605 ms  17792 KB  nodes=109
[263/8465] pysmt | aproveSMT2807471946702649636.smt2 -> ok  16.8777 ms  21576 KB  nodes=109
[264/8465] jsmtlib | aproveSMT2807471946702649636.smt2 -> ok  1770.2 ms  2048 KB  nodes=194
[265/8465] z3 | aproveSMT2807471946702649636.smt2 -> ok  24.127 ms  7808 KB  nodes=109
[266/8465] antlr4 | aproveSMT2807471946702649636.smt2 -> ok  914.888 ms  5120 KB  nodes=2880
[267/8465] cvc5 | aproveSMT2807471946702649636.smt2 -> ok  220.519 ms  21376 KB  nodes=109
[268/8465] smt-switch | aproveSMT2807471946702649636.smt2 -> ok  506.436 ms  24832 KB  nodes=109
[269/8465] native | aproveSMT1556711866414050380.smt2 -> ok  87.7909 ms  17664 KB  nodes=33
[270/8465] pysmt | aproveSMT1556711866414050380.smt2 -> ok  6.41537 ms  21408 KB  nodes=34
[271/8465] jsmtlib | aproveSMT1556711866414050380.smt2 -> ok  1687.34 ms  2048 KB  nodes=58
[272/8465] z3 | aproveSMT1556711866414050380.smt2 -> ok  17.042 ms  7808 KB  nodes=34
[273/8465] antlr4 | aproveSMT1556711866414050380.smt2 -> ok  854.364 ms  4096 KB  nodes=690
[274/8465] cvc5 | aproveSMT1556711866414050380.smt2 -> ok  6.17981 ms  17280 KB  nodes=34
[275/8465] smt-switch | aproveSMT1556711866414050380.smt2 -> ok  17.1226 ms  19200 KB  nodes=34
[276/8465] native | STC_0386.smt2 -> ok  59.5826 ms  17536 KB  nodes=9
[277/8465] pysmt | STC_0386.smt2 -> ok  7.18856 ms  21536 KB  nodes=12
[278/8465] jsmtlib | STC_0386.smt2 -> ok  2030.31 ms  2048 KB  nodes=21
[279/8465] z3 | STC_0386.smt2 -> ok  21.969 ms  7808 KB  nodes=9
[280/8465] antlr4 | STC_0386.smt2 -> ok  959.759 ms  4096 KB  nodes=233
[281/8465] cvc5 | STC_0386.smt2 -> ok  6365.09 ms  28288 KB  nodes=9
[282/8465] smt-switch | STC_0386.smt2 -> ok  973.991 ms  24704 KB  nodes=9
[283/8465] native | aproveSMT522772885303483707.smt2 -> ok  64.9599 ms  17792 KB  nodes=89
[284/8465] pysmt | aproveSMT522772885303483707.smt2 -> ok  8.46601 ms  21668 KB  nodes=90
[285/8465] jsmtlib | aproveSMT522772885303483707.smt2 -> ok  1538.78 ms  2048 KB  nodes=161
[286/8465] z3 | aproveSMT522772885303483707.smt2 -> ok  24.857 ms  7808 KB  nodes=90
[287/8465] antlr4 | aproveSMT522772885303483707.smt2 -> ok  902.838 ms  5120 KB  nodes=2385
[288/8465] cvc5 | aproveSMT522772885303483707.smt2 -> fail  10017.6 ms  1664 KB  nodes=0
[289/8465] smt-switch | aproveSMT522772885303483707.smt2 -> ok  602.012 ms  28160 KB  nodes=90
[290/8465] native | Stroeder_15__Middle.c__p24282_terminatio -> ok  62.3035 ms  17792 KB  nodes=276
[291/8465] pysmt | Stroeder_15__Middle.c__p24282_terminatio -> ok  18.5533 ms  21344 KB  nodes=303
[292/8465] jsmtlib | Stroeder_15__Middle.c__p24282_terminatio -> ok  1673.08 ms  2048 KB  nodes=529
[293/8465] z3 | Stroeder_15__Middle.c__p24282_terminatio -> ok  40.979 ms  7936 KB  nodes=415
[294/8465] antlr4 | Stroeder_15__Middle.c__p24282_terminatio -> ok  987.384 ms  5120 KB  nodes=6155
[295/8465] cvc5 | Stroeder_15__Middle.c__p24282_terminatio -> fail  10027.1 ms  1664 KB  nodes=0
[296/8465] smt-switch | Stroeder_15__Middle.c__p24282_terminatio -> fail  10027.5 ms  1664 KB  nodes=0
[297/8465] native | aproveSMT488438745922383984.smt2 -> ok  88.6119 ms  17792 KB  nodes=161
[298/8465] pysmt | aproveSMT488438745922383984.smt2 -> ok  14.9381 ms  21396 KB  nodes=163
[299/8465] jsmtlib | aproveSMT488438745922383984.smt2 -> ok  1697.8 ms  2048 KB  nodes=271
[300/8465] z3 | aproveSMT488438745922383984.smt2 -> ok  27.982 ms  7936 KB  nodes=163
[301/8465] antlr4 | aproveSMT488438745922383984.smt2 -> ok  878.529 ms  5120 KB  nodes=3945
[302/8465] cvc5 | aproveSMT488438745922383984.smt2 -> ok  601.589 ms  23424 KB  nodes=163
[303/8465] smt-switch | aproveSMT488438745922383984.smt2 -> fail  10038.2 ms  1664 KB  nodes=0
[304/8465] native | aproveSMT5478202504589687670.smt2 -> ok  75.0875 ms  17664 KB  nodes=86
[305/8465] pysmt | aproveSMT5478202504589687670.smt2 -> ok  6.08897 ms  21500 KB  nodes=86
[306/8465] jsmtlib | aproveSMT5478202504589687670.smt2 -> ok  1877.11 ms  2048 KB  nodes=136
[307/8465] z3 | aproveSMT5478202504589687670.smt2 -> ok  12.894 ms  7808 KB  nodes=86
[308/8465] antlr4 | aproveSMT5478202504589687670.smt2 -> ok  1037.99 ms  4096 KB  nodes=1825
[309/8465] cvc5 | aproveSMT5478202504589687670.smt2 -> ok  109.348 ms  18944 KB  nodes=86
[310/8465] smt-switch | aproveSMT5478202504589687670.smt2 -> ok  125.008 ms  22144 KB  nodes=86
[311/8465] native | From_AProVE_2014__Velroyen08-ex01.jar-ob -> ok  95.2741 ms  17792 KB  nodes=135
[312/8465] pysmt | From_AProVE_2014__Velroyen08-ex01.jar-ob -> ok  14.1439 ms  21484 KB  nodes=148
[313/8465] jsmtlib | From_AProVE_2014__Velroyen08-ex01.jar-ob -> ok  1778.21 ms  2048 KB  nodes=230
[314/8465] z3 | From_AProVE_2014__Velroyen08-ex01.jar-ob -> ok  23.249 ms  7808 KB  nodes=160
[315/8465] antlr4 | From_AProVE_2014__Velroyen08-ex01.jar-ob -> ok  1030.65 ms  5120 KB  nodes=2585
[316/8465] cvc5 | From_AProVE_2014__Velroyen08-ex01.jar-ob -> ok  198.634 ms  20096 KB  nodes=157
[317/8465] smt-switch | From_AProVE_2014__Velroyen08-ex01.jar-ob -> ok  238.45 ms  21632 KB  nodes=160
[318/8465] native | Stroeder_15__ChenFlurMukhopadhyay-SAS201 -> ok  143.344 ms  17664 KB  nodes=208
[319/8465] pysmt | Stroeder_15__ChenFlurMukhopadhyay-SAS201 -> ok  19.197 ms  21724 KB  nodes=247
[320/8465] jsmtlib | Stroeder_15__ChenFlurMukhopadhyay-SAS201 -> ok  1748.73 ms  2048 KB  nodes=364
[321/8465] z3 | Stroeder_15__ChenFlurMukhopadhyay-SAS201 -> ok  23.327 ms  7808 KB  nodes=262
[322/8465] antlr4 | Stroeder_15__ChenFlurMukhopadhyay-SAS201 -> ok  953.99 ms  5120 KB  nodes=4427
[323/8465] cvc5 | Stroeder_15__ChenFlurMukhopadhyay-SAS201 -> ok  594.315 ms  20992 KB  nodes=250
[324/8465] smt-switch | Stroeder_15__ChenFlurMukhopadhyay-SAS201 -> ok  667.467 ms  23680 KB  nodes=262
[325/8465] native | Stroeder_15__Ex04.c__p22755_terminationG -> ok  81.0896 ms  17792 KB  nodes=105
[326/8465] pysmt | Stroeder_15__Ex04.c__p22755_terminationG -> ok  17.8304 ms  21588 KB  nodes=115
[327/8465] jsmtlib | Stroeder_15__Ex04.c__p22755_terminationG -> ok  2080.91 ms  2048 KB  nodes=166
[328/8465] z3 | Stroeder_15__Ex04.c__p22755_terminationG -> ok  25.135 ms  7808 KB  nodes=127
[329/8465] antlr4 | Stroeder_15__Ex04.c__p22755_terminationG -> ok  1227.93 ms  5120 KB  nodes=1816
[330/8465] cvc5 | Stroeder_15__Ex04.c__p22755_terminationG -> ok  86.7172 ms  18304 KB  nodes=115
[331/8465] smt-switch | Stroeder_15__Ex04.c__p22755_terminationG -> ok  89.7432 ms  20352 KB  nodes=127
[332/8465] native | STC_0579.smt2 -> ok  74.6544 ms  17536 KB  nodes=9
[333/8465] pysmt | STC_0579.smt2 -> ok  5.78547 ms  21360 KB  nodes=12
[334/8465] jsmtlib | STC_0579.smt2 -> ok  1719.59 ms  2048 KB  nodes=21
[335/8465] z3 | STC_0579.smt2 -> ok  23.065 ms  7808 KB  nodes=9
[336/8465] antlr4 | STC_0579.smt2 -> ok  864.94 ms  4096 KB  nodes=233
[337/8465] cvc5 | STC_0579.smt2 -> fail  10021.6 ms  1664 KB  nodes=0
[338/8465] smt-switch | STC_0579.smt2 -> fail  10042.3 ms  1664 KB  nodes=0
[339/8465] native | Ton_Chanh_15__Cairo_step2_false-terminat -> ok  95.7582 ms  17536 KB  nodes=146
[340/8465] pysmt | Ton_Chanh_15__Cairo_step2_false-terminat -> ok  10.8557 ms  21472 KB  nodes=163
[341/8465] jsmtlib | Ton_Chanh_15__Cairo_step2_false-terminat -> ok  1793.93 ms  2048 KB  nodes=243
[342/8465] z3 | Ton_Chanh_15__Cairo_step2_false-terminat -> ok  23.533 ms  7808 KB  nodes=193
[343/8465] antlr4 | Ton_Chanh_15__Cairo_step2_false-terminat -> ok  908.126 ms  5120 KB  nodes=2634
[344/8465] cvc5 | Ton_Chanh_15__Cairo_step2_false-terminat -> ok  917.512 ms  21760 KB  nodes=162
[345/8465] smt-switch | Ton_Chanh_15__Cairo_step2_false-terminat -> ok  3214.82 ms  30928 KB  nodes=193
[346/8465] native | From_AProVE_2014__Velroyen08-fib.jar-obl -> ok  110.056 ms  17920 KB  nodes=416
[347/8465] pysmt | From_AProVE_2014__Velroyen08-fib.jar-obl -> ok  27.1518 ms  21716 KB  nodes=495
[348/8465] jsmtlib | From_AProVE_2014__Velroyen08-fib.jar-obl -> ok  1705.17 ms  3072 KB  nodes=770
[349/8465] z3 | From_AProVE_2014__Velroyen08-fib.jar-obl -> ok  33.48 ms  7936 KB  nodes=544
[350/8465] antlr4 | From_AProVE_2014__Velroyen08-fib.jar-obl -> ok  941.148 ms  5120 KB  nodes=9259
[351/8465] cvc5 | From_AProVE_2014__Velroyen08-fib.jar-obl -> ok  4121.11 ms  26708 KB  nodes=502
[352/8465] smt-switch | From_AProVE_2014__Velroyen08-fib.jar-obl -> ok  3507.33 ms  30208 KB  nodes=544
[353/8465] native | From_T2__prime.t2__p8293_terminationG_0. -> ok  66.6067 ms  17920 KB  nodes=195
[354/8465] pysmt | From_T2__prime.t2__p8293_terminationG_0. -> ok  17.7567 ms  21432 KB  nodes=209
[355/8465] jsmtlib | From_T2__prime.t2__p8293_terminationG_0. -> ok  1690.49 ms  2048 KB  nodes=336
[356/8465] z3 | From_T2__prime.t2__p8293_terminationG_0. -> ok  24.015 ms  7808 KB  nodes=250
[357/8465] antlr4 | From_T2__prime.t2__p8293_terminationG_0. -> ok  1191.59 ms  5120 KB  nodes=3747
[358/8465] cvc5 | From_T2__prime.t2__p8293_terminationG_0. -> fail  10029.6 ms  1664 KB  nodes=0
[359/8465] smt-switch | From_T2__prime.t2__p8293_terminationG_0. -> fail  10027 ms  1664 KB  nodes=0
[360/8465] native | aproveSMT1472683388595273634.smt2 -> ok  96.2795 ms  17792 KB  nodes=70
[361/8465] pysmt | aproveSMT1472683388595273634.smt2 -> ok  7.0703 ms  21552 KB  nodes=70
[362/8465] jsmtlib | aproveSMT1472683388595273634.smt2 -> ok  2126.3 ms  2048 KB  nodes=100
[363/8465] z3 | aproveSMT1472683388595273634.smt2 -> ok  24.077 ms  7680 KB  nodes=70
[364/8465] antlr4 | aproveSMT1472683388595273634.smt2 -> ok  865.295 ms  4096 KB  nodes=1510
[365/8465] cvc5 | aproveSMT1472683388595273634.smt2 -> ok  33.8217 ms  17408 KB  nodes=70
[366/8465] smt-switch | aproveSMT1472683388595273634.smt2 -> ok  49.8299 ms  19200 KB  nodes=70
[367/8465] native | STC_0533.smt2 -> ok  63.5312 ms  17536 KB  nodes=9
[368/8465] pysmt | STC_0533.smt2 -> ok  2.37131 ms  21492 KB  nodes=12
[369/8465] jsmtlib | STC_0533.smt2 -> ok  1592.12 ms  2048 KB  nodes=21
[370/8465] z3 | STC_0533.smt2 -> ok  22.579 ms  7808 KB  nodes=9
[371/8465] antlr4 | STC_0533.smt2 -> ok  1168.78 ms  4096 KB  nodes=233
[372/8465] cvc5 | STC_0533.smt2 -> fail  10042.1 ms  1664 KB  nodes=0
[373/8465] smt-switch | STC_0533.smt2 -> fail  10041 ms  1664 KB  nodes=0
[374/8465] native | Stroeder_15__NO_13.c__terminationQ_0_0.s -> ok  92.803 ms  17792 KB  nodes=297
[375/8465] pysmt | Stroeder_15__NO_13.c__terminationQ_0_0.s -> ok  18.0547 ms  21868 KB  nodes=332
[376/8465] jsmtlib | Stroeder_15__NO_13.c__terminationQ_0_0.s -> ok  1847.4 ms  2048 KB  nodes=509
[377/8465] z3 | Stroeder_15__NO_13.c__terminationQ_0_0.s -> ok  23.706 ms  7680 KB  nodes=364
[378/8465] antlr4 | Stroeder_15__NO_13.c__terminationQ_0_0.s -> ok  1479.71 ms  5120 KB  nodes=5977
[379/8465] cvc5 | Stroeder_15__NO_13.c__terminationQ_0_0.s -> fail  10015.1 ms  1664 KB  nodes=0
[380/8465] smt-switch | Stroeder_15__NO_13.c__terminationQ_0_0.s -> ok  2590.62 ms  28800 KB  nodes=364
[381/8465] native | Stroeder_15__ChenFlurMukhopadhyay-SAS201 -> ok  97.7413 ms  17536 KB  nodes=117
[382/8465] pysmt | Stroeder_15__ChenFlurMukhopadhyay-SAS201 -> ok  8.95762 ms  21276 KB  nodes=128
[383/8465] jsmtlib | Stroeder_15__ChenFlurMukhopadhyay-SAS201 -> ok  1757.66 ms  2048 KB  nodes=189
[384/8465] z3 | Stroeder_15__ChenFlurMukhopadhyay-SAS201 -> ok  12.178 ms  7808 KB  nodes=143
[385/8465] antlr4 | Stroeder_15__ChenFlurMukhopadhyay-SAS201 -> ok  916.773 ms  5120 KB  nodes=2052
[386/8465] cvc5 | Stroeder_15__ChenFlurMukhopadhyay-SAS201 -> fail  10050.2 ms  1664 KB  nodes=0
[387/8465] smt-switch | Stroeder_15__ChenFlurMukhopadhyay-SAS201 -> fail  10039.1 ms  1664 KB  nodes=0
[388/8465] native | ps5-ll.c_11.smt2 -> ok  89.2679 ms  17536 KB  nodes=20
[389/8465] pysmt | ps5-ll.c_11.smt2 -> fail  0 ms  0 KB  nodes=0
[390/8465] jsmtlib | ps5-ll.c_11.smt2 -> fail  2251.79 ms  1664 KB  nodes=0
[391/8465] z3 | ps5-ll.c_11.smt2 -> ok  16.739 ms  7808 KB  nodes=20
[392/8465] antlr4 | ps5-ll.c_11.smt2 -> ok  1237.47 ms  4096 KB  nodes=343
[393/8465] cvc5 | ps5-ll.c_11.smt2 -> fail  10030.5 ms  1664 KB  nodes=0
[394/8465] smt-switch | ps5-ll.c_11.smt2 -> fail  10040.4 ms  1664 KB  nodes=0
[395/8465] native | aproveSMT8974058796519161738.smt2 -> ok  124.833 ms  17792 KB  nodes=123
[396/8465] pysmt | aproveSMT8974058796519161738.smt2 -> ok  4.75955 ms  21540 KB  nodes=124
[397/8465] jsmtlib | aproveSMT8974058796519161738.smt2 -> ok  1586.74 ms  2048 KB  nodes=180
[398/8465] z3 | aproveSMT8974058796519161738.smt2 -> ok  20.575 ms  7808 KB  nodes=124
[399/8465] antlr4 | aproveSMT8974058796519161738.smt2 -> ok  954.733 ms  5120 KB  nodes=2730
[400/8465] cvc5 | aproveSMT8974058796519161738.smt2 -> ok  94.4813 ms  19328 KB  nodes=124
[401/8465] smt-switch | aproveSMT8974058796519161738.smt2 -> ok  143.96 ms  22528 KB  nodes=124
[402/8465] native | From_T2__s1-striped.t2_fixed__p11282_saf -> ok  86.167 ms  17792 KB  nodes=183
[403/8465] pysmt | From_T2__s1-striped.t2_fixed__p11282_saf -> ok  23.1888 ms  21576 KB  nodes=216
[404/8465] jsmtlib | From_T2__s1-striped.t2_fixed__p11282_saf -> ok  1769.61 ms  2048 KB  nodes=549
[405/8465] z3 | From_T2__s1-striped.t2_fixed__p11282_saf -> ok  26.033 ms  7936 KB  nodes=311
[406/8465] antlr4 | From_T2__s1-striped.t2_fixed__p11282_saf -> ok  934.001 ms  5120 KB  nodes=6705
[407/8465] cvc5 | From_T2__s1-striped.t2_fixed__p11282_saf -> fail  10043.4 ms  1664 KB  nodes=0
[408/8465] smt-switch | From_T2__s1-striped.t2_fixed__p11282_saf -> fail  10016.8 ms  1664 KB  nodes=0
[409/8465] native | From_T2__edn.t2__p20837_safety_0.smt2 -> ok  89.5072 ms  17792 KB  nodes=295
[410/8465] pysmt | From_T2__edn.t2__p20837_safety_0.smt2 -> ok  18.9717 ms  21524 KB  nodes=343
[411/8465] jsmtlib | From_T2__edn.t2__p20837_safety_0.smt2 -> ok  1786.86 ms  2048 KB  nodes=556
[412/8465] z3 | From_T2__edn.t2__p20837_safety_0.smt2 -> ok  29.791 ms  7936 KB  nodes=432
[413/8465] antlr4 | From_T2__edn.t2__p20837_safety_0.smt2 -> ok  1131.19 ms  5120 KB  nodes=6405
[414/8465] cvc5 | From_T2__edn.t2__p20837_safety_0.smt2 -> ok  820.577 ms  21504 KB  nodes=343
[415/8465] smt-switch | From_T2__edn.t2__p20837_safety_0.smt2 -> ok  539.915 ms  23040 KB  nodes=432
[416/8465] native | From_T2__ex36.t2__p31189_safety_0.smt2 -> ok  111.979 ms  17920 KB  nodes=431
[417/8465] pysmt | From_T2__ex36.t2__p31189_safety_0.smt2 -> ok  35.7184 ms  21868 KB  nodes=545
[418/8465] jsmtlib | From_T2__ex36.t2__p31189_safety_0.smt2 -> ok  1762.23 ms  3072 KB  nodes=1044
[419/8465] z3 | From_T2__ex36.t2__p31189_safety_0.smt2 -> ok  20.937 ms  7936 KB  nodes=799
[420/8465] antlr4 | From_T2__ex36.t2__p31189_safety_0.smt2 -> ok  991.826 ms  6144 KB  nodes=12641
[421/8465] cvc5 | From_T2__ex36.t2__p31189_safety_0.smt2 -> fail  10031.6 ms  1664 KB  nodes=0
[422/8465] smt-switch | From_T2__ex36.t2__p31189_safety_0.smt2 -> fail  10048.3 ms  1664 KB  nodes=0
[423/8465] native | 71.smt2 -> ok  96.8326 ms  18432 KB  nodes=1370
[424/8465] pysmt | 71.smt2 -> ok  63.5626 ms  22088 KB  nodes=1385
[425/8465] jsmtlib | 71.smt2 -> ok  2119.48 ms  4096 KB  nodes=2092
[426/8465] z3 | 71.smt2 -> ok  37.822 ms  8064 KB  nodes=1388
[427/8465] antlr4 | 71.smt2 -> ok  1001.9 ms  7168 KB  nodes=25662
[428/8465] cvc5 | 71.smt2 -> ok  1117.86 ms  25856 KB  nodes=1388
[429/8465] smt-switch | 71.smt2 -> ok  890.326 ms  24960 KB  nodes=1388
[430/8465] native | From_T2__ex36.t2__p31769_safety_0.smt2 -> ok  97.0514 ms  17920 KB  nodes=473
[431/8465] pysmt | From_T2__ex36.t2__p31769_safety_0.smt2 -> ok  31.7328 ms  21780 KB  nodes=524
[432/8465] jsmtlib | From_T2__ex36.t2__p31769_safety_0.smt2 -> ok  1795.65 ms  3072 KB  nodes=954
[433/8465] z3 | From_T2__ex36.t2__p31769_safety_0.smt2 -> ok  41.875 ms  7936 KB  nodes=765
[434/8465] antlr4 | From_T2__ex36.t2__p31769_safety_0.smt2 -> ok  1106.18 ms  6144 KB  nodes=11366
[435/8465] cvc5 | From_T2__ex36.t2__p31769_safety_0.smt2 -> ok  8417.55 ms  31096 KB  nodes=523
[436/8465] smt-switch | From_T2__ex36.t2__p31769_safety_0.smt2 -> fail  10037.2 ms  1664 KB  nodes=0
[437/8465] native | 130.smt2 -> ok  126.169 ms  18048 KB  nodes=764
[438/8465] pysmt | 130.smt2 -> ok  84.554 ms  21984 KB  nodes=776
[439/8465] jsmtlib | 130.smt2 -> ok  1984.38 ms  3072 KB  nodes=1163
[440/8465] z3 | 130.smt2 -> ok  40.524 ms  7936 KB  nodes=777
[441/8465] antlr4 | 130.smt2 -> ok  1098.57 ms  6144 KB  nodes=14198
[442/8465] cvc5 | 130.smt2 -> ok  549.318 ms  22400 KB  nodes=777
[443/8465] smt-switch | 130.smt2 -> ok  176.952 ms  22144 KB  nodes=777
[444/8465] native | From_T2__consts4.t2__p18338_terminationG -> ok  114.831 ms  17792 KB  nodes=409
[445/8465] pysmt | From_T2__consts4.t2__p18338_terminationG -> ok  28.6872 ms  21860 KB  nodes=472
[446/8465] jsmtlib | From_T2__consts4.t2__p18338_terminationG -> ok  1841.51 ms  2048 KB  nodes=826
[447/8465] z3 | From_T2__consts4.t2__p18338_terminationG -> ok  58.719 ms  7808 KB  nodes=634
[448/8465] antlr4 | From_T2__consts4.t2__p18338_terminationG -> ok  1423.47 ms  5120 KB  nodes=10032
[449/8465] cvc5 | From_T2__consts4.t2__p18338_terminationG -> fail  10028.2 ms  1664 KB  nodes=0
[450/8465] smt-switch | From_T2__consts4.t2__p18338_terminationG -> fail  10011.2 ms  1664 KB  nodes=0
[451/8465] native | From_T2__ex36.t2__p29338_safety_0.smt2 -> ok  143.816 ms  17664 KB  nodes=457
[452/8465] pysmt | From_T2__ex36.t2__p29338_safety_0.smt2 -> ok  37.4532 ms  21408 KB  nodes=514
[453/8465] jsmtlib | From_T2__ex36.t2__p29338_safety_0.smt2 -> ok  2140.86 ms  3072 KB  nodes=986
[454/8465] z3 | From_T2__ex36.t2__p29338_safety_0.smt2 -> ok  24.373 ms  7936 KB  nodes=742
[455/8465] antlr4 | From_T2__ex36.t2__p29338_safety_0.smt2 -> ok  969.001 ms  6144 KB  nodes=11974
[456/8465] cvc5 | From_T2__ex36.t2__p29338_safety_0.smt2 -> ok  523.506 ms  22528 KB  nodes=513
[457/8465] smt-switch | From_T2__ex36.t2__p29338_safety_0.smt2 -> fail  10044.4 ms  1664 KB  nodes=0
[458/8465] native | From_AProVE_2014__FlattenTreeRec.jar-obl -> ok  146.748 ms  18048 KB  nodes=914
[459/8465] pysmt | From_AProVE_2014__FlattenTreeRec.jar-obl -> ok  58.1629 ms  22080 KB  nodes=1000
[460/8465] jsmtlib | From_AProVE_2014__FlattenTreeRec.jar-obl -> ok  1770.31 ms  3072 KB  nodes=1906
[461/8465] z3 | From_AProVE_2014__FlattenTreeRec.jar-obl -> ok  25.334 ms  7936 KB  nodes=1463
[462/8465] antlr4 | From_AProVE_2014__FlattenTreeRec.jar-obl -> ok  1009.32 ms  7168 KB  nodes=23209
[463/8465] cvc5 | From_AProVE_2014__FlattenTreeRec.jar-obl -> fail  10003.6 ms  1664 KB  nodes=0
[464/8465] smt-switch | From_AProVE_2014__FlattenTreeRec.jar-obl -> fail  10009.1 ms  1664 KB  nodes=0
[465/8465] native | From_T2__mc91.t2__p2801_terminationG_0.s -> ok  92.0177 ms  18304 KB  nodes=1012
[466/8465] pysmt | From_T2__mc91.t2__p2801_terminationG_0.s -> ok  123.864 ms  22008 KB  nodes=1160
[467/8465] jsmtlib | From_T2__mc91.t2__p2801_terminationG_0.s -> ok  2153.19 ms  4096 KB  nodes=2626
[468/8465] z3 | From_T2__mc91.t2__p2801_terminationG_0.s -> ok  49.165 ms  8064 KB  nodes=1644
[469/8465] antlr4 | From_T2__mc91.t2__p2801_terminationG_0.s -> ok  1211.96 ms  8192 KB  nodes=33095
[470/8465] cvc5 | From_T2__mc91.t2__p2801_terminationG_0.s -> fail  10006.9 ms  1664 KB  nodes=0
[471/8465] smt-switch | From_T2__mc91.t2__p2801_terminationG_0.s -> fail  10044.1 ms  1664 KB  nodes=0
[472/8465] native | aproveSMT6761189929823789229.smt2 -> ok  92.6493 ms  18432 KB  nodes=1899
[473/8465] pysmt | aproveSMT6761189929823789229.smt2 -> ok  150.059 ms  22160 KB  nodes=1925
[474/8465] jsmtlib | aproveSMT6761189929823789229.smt2 -> ok  1850.23 ms  5120 KB  nodes=3387
[475/8465] z3 | aproveSMT6761189929823789229.smt2 -> ok  53.631 ms  8192 KB  nodes=1925
[476/8465] antlr4 | aproveSMT6761189929823789229.smt2 -> ok  1035.57 ms  10240 KB  nodes=53590
[477/8465] cvc5 | aproveSMT6761189929823789229.smt2 -> fail  10013 ms  1664 KB  nodes=0
[478/8465] smt-switch | aproveSMT6761189929823789229.smt2 -> fail  10027.6 ms  1664 KB  nodes=0
[479/8465] native | From_T2__consts5nt.t2__p18420_terminatio -> ok  140.131 ms  17920 KB  nodes=538
[480/8465] pysmt | From_T2__consts5nt.t2__p18420_terminatio -> ok  50.9157 ms  21920 KB  nodes=609
[481/8465] jsmtlib | From_T2__consts5nt.t2__p18420_terminatio -> ok  1888.2 ms  3072 KB  nodes=1072
[482/8465] z3 | From_T2__consts5nt.t2__p18420_terminatio -> ok  36.854 ms  7808 KB  nodes=829
[483/8465] antlr4 | From_T2__consts5nt.t2__p18420_terminatio -> ok  1360.68 ms  6144 KB  nodes=13100
[484/8465] cvc5 | From_T2__consts5nt.t2__p18420_terminatio -> ok  2806.52 ms  28288 KB  nodes=614
[485/8465] smt-switch | From_T2__consts5nt.t2__p18420_terminatio -> ok  2233.13 ms  27008 KB  nodes=829
[486/8465] native | From_T2__n-5.t2__p4681_terminationG_0.sm -> ok  104.464 ms  18176 KB  nodes=873
[487/8465] pysmt | From_T2__n-5.t2__p4681_terminationG_0.sm -> ok  67.9474 ms  21832 KB  nodes=1028
[488/8465] jsmtlib | From_T2__n-5.t2__p4681_terminationG_0.sm -> ok  1896.22 ms  3072 KB  nodes=1797
[489/8465] z3 | From_T2__n-5.t2__p4681_terminationG_0.sm -> ok  34.911 ms  7936 KB  nodes=1347
[490/8465] antlr4 | From_T2__n-5.t2__p4681_terminationG_0.sm -> ok  1061.09 ms  7168 KB  nodes=21394
[491/8465] cvc5 | From_T2__n-5.t2__p4681_terminationG_0.sm -> fail  10026.7 ms  1664 KB  nodes=0
[492/8465] smt-switch | From_T2__n-5.t2__p4681_terminationG_0.sm -> fail  10022.3 ms  1664 KB  nodes=0
[493/8465] native | From_AProVE_2014__cousot_rec.jar-obl-8__ -> ok  152.108 ms  18048 KB  nodes=912
[494/8465] pysmt | From_AProVE_2014__cousot_rec.jar-obl-8__ -> ok  104.337 ms  22032 KB  nodes=1061
[495/8465] jsmtlib | From_AProVE_2014__cousot_rec.jar-obl-8__ -> ok  1778.44 ms  4096 KB  nodes=2038
[496/8465] z3 | From_AProVE_2014__cousot_rec.jar-obl-8__ -> ok  32.319 ms  8064 KB  nodes=1312
[497/8465] antlr4 | From_AProVE_2014__cousot_rec.jar-obl-8__ -> ok  1005.34 ms  7168 KB  nodes=25653
[498/8465] cvc5 | From_AProVE_2014__cousot_rec.jar-obl-8__ -> fail  10037.7 ms  1664 KB  nodes=0
[499/8465] smt-switch | From_AProVE_2014__cousot_rec.jar-obl-8__ -> fail  10024.4 ms  1664 KB  nodes=0
[500/8465] native | From_AProVE_2014__juHashMapCreateSize.ja -> ok  146.79 ms  18176 KB  nodes=1104
[501/8465] pysmt | From_AProVE_2014__juHashMapCreateSize.ja -> ok  94.0573 ms  22024 KB  nodes=1262
[502/8465] jsmtlib | From_AProVE_2014__juHashMapCreateSize.ja -> ok  1737.38 ms  4096 KB  nodes=2272
[503/8465] z3 | From_AProVE_2014__juHashMapCreateSize.ja -> ok  29.285 ms  8064 KB  nodes=1648
[504/8465] antlr4 | From_AProVE_2014__juHashMapCreateSize.ja -> ok  1185.58 ms  7168 KB  nodes=27387
[505/8465] cvc5 | From_AProVE_2014__juHashMapCreateSize.ja -> fail  10000.6 ms  1664 KB  nodes=0
[506/8465] smt-switch | From_AProVE_2014__juHashMapCreateSize.ja -> fail  10037.3 ms  1664 KB  nodes=0
[507/8465] native | From_T2__ex36.t2_fixed__p23592_safety_0. -> ok  150.163 ms  18048 KB  nodes=639
[508/8465] pysmt | From_T2__ex36.t2_fixed__p23592_safety_0. -> ok  65.7675 ms  22004 KB  nodes=714
[509/8465] jsmtlib | From_T2__ex36.t2_fixed__p23592_safety_0. -> ok  2222.43 ms  3072 KB  nodes=1553
[510/8465] z3 | From_T2__ex36.t2_fixed__p23592_safety_0. -> ok  26.692 ms  7936 KB  nodes=1100
[511/8465] antlr4 | From_T2__ex36.t2_fixed__p23592_safety_0. -> ok  1104.55 ms  6144 KB  nodes=18661
[512/8465] cvc5 | From_T2__ex36.t2_fixed__p23592_safety_0. -> fail  10016.8 ms  1664 KB  nodes=0
[513/8465] smt-switch | From_T2__ex36.t2_fixed__p23592_safety_0. -> fail  10028.1 ms  1664 KB  nodes=0
[514/8465] native | From_T2__n-7.t2_fixed__p4939_termination -> ok  124.068 ms  18048 KB  nodes=478
[515/8465] pysmt | From_T2__n-7.t2_fixed__p4939_termination -> ok  83.9062 ms  21684 KB  nodes=553
[516/8465] jsmtlib | From_T2__n-7.t2_fixed__p4939_termination -> ok  1712.15 ms  3072 KB  nodes=904
[517/8465] z3 | From_T2__n-7.t2_fixed__p4939_termination -> ok  32.717 ms  7936 KB  nodes=629
[518/8465] antlr4 | From_T2__n-7.t2_fixed__p4939_termination -> ok  1078.53 ms  6144 KB  nodes=11319
[519/8465] cvc5 | From_T2__n-7.t2_fixed__p4939_termination -> fail  10047.8 ms  1664 KB  nodes=0
[520/8465] smt-switch | From_T2__n-7.t2_fixed__p4939_termination -> fail  10028.2 ms  1664 KB  nodes=0
[521/8465] native | 1918.smt2 -> ok  193.391 ms  18176 KB  nodes=995
[522/8465] pysmt | 1918.smt2 -> ok  93.5886 ms  22092 KB  nodes=1044
[523/8465] jsmtlib | 1918.smt2 -> ok  2103.18 ms  3072 KB  nodes=1603
[524/8465] z3 | 1918.smt2 -> ok  23.689 ms  7808 KB  nodes=1044
[525/8465] antlr4 | 1918.smt2 -> ok  1247.39 ms  7168 KB  nodes=19931
[526/8465] cvc5 | 1918.smt2 -> ok  1890.15 ms  24832 KB  nodes=1044
[527/8465] smt-switch | 1918.smt2 -> ok  383.445 ms  22400 KB  nodes=1044
[528/8465] native | From_T2__n-6.t2__p4845_terminationG_0.sm -> ok  171.607 ms  18048 KB  nodes=818
[529/8465] pysmt | From_T2__n-6.t2__p4845_terminationG_0.sm -> ok  77.9963 ms  21956 KB  nodes=914
[530/8465] jsmtlib | From_T2__n-6.t2__p4845_terminationG_0.sm -> ok  2001.84 ms  3072 KB  nodes=1575
[531/8465] z3 | From_T2__n-6.t2__p4845_terminationG_0.sm -> ok  25.991 ms  7936 KB  nodes=1176
[532/8465] antlr4 | From_T2__n-6.t2__p4845_terminationG_0.sm -> ok  1247.79 ms  6144 KB  nodes=19385
[533/8465] cvc5 | From_T2__n-6.t2__p4845_terminationG_0.sm -> fail  10028.9 ms  1664 KB  nodes=0
[534/8465] smt-switch | From_T2__n-6.t2__p4845_terminationG_0.sm -> fail  10017.9 ms  1664 KB  nodes=0
[535/8465] native | From_AProVE_2014__FibSLR.jar-obl-8__p293 -> ok  272.496 ms  18048 KB  nodes=738
[536/8465] pysmt | From_AProVE_2014__FibSLR.jar-obl-8__p293 -> ok  126.371 ms  21584 KB  nodes=826
[537/8465] jsmtlib | From_AProVE_2014__FibSLR.jar-obl-8__p293 -> ok  2985.31 ms  3072 KB  nodes=1587
[538/8465] z3 | From_AProVE_2014__FibSLR.jar-obl-8__p293 -> ok  52.315 ms  7936 KB  nodes=1223
[539/8465] antlr4 | From_AProVE_2014__FibSLR.jar-obl-8__p293 -> ok  3170.65 ms  6144 KB  nodes=18972
[540/8465] cvc5 | From_AProVE_2014__FibSLR.jar-obl-8__p293 -> fail  10002.9 ms  1664 KB  nodes=0
[541/8465] smt-switch | From_AProVE_2014__FibSLR.jar-obl-8__p293 -> fail  10033.6 ms  1664 KB  nodes=0
[542/8465] native | From_T2__mc91.t2__p2835_terminationG_0.s -> ok  210.381 ms  18048 KB  nodes=771
[543/8465] pysmt | From_T2__mc91.t2__p2835_terminationG_0.s -> ok  80.0087 ms  21916 KB  nodes=906
[544/8465] jsmtlib | From_T2__mc91.t2__p2835_terminationG_0.s -> ok  3678.75 ms  4096 KB  nodes=1898
[545/8465] z3 | From_T2__mc91.t2__p2835_terminationG_0.s -> ok  23.037 ms  8064 KB  nodes=1013
[546/8465] antlr4 | From_T2__mc91.t2__p2835_terminationG_0.s -> ok  2388.64 ms  7168 KB  nodes=24240
[547/8465] cvc5 | From_T2__mc91.t2__p2835_terminationG_0.s -> fail  10026.4 ms  1664 KB  nodes=0
[548/8465] smt-switch | From_T2__mc91.t2__p2835_terminationG_0.s -> fail  10042 ms  1664 KB  nodes=0
[549/8465] native | From_T2__edn.t2__p19867_safety_0.smt2 -> ok  144.041 ms  17920 KB  nodes=501
[550/8465] pysmt | From_T2__edn.t2__p19867_safety_0.smt2 -> ok  106.725 ms  21872 KB  nodes=587
[551/8465] jsmtlib | From_T2__edn.t2__p19867_safety_0.smt2 -> ok  3709.1 ms  3072 KB  nodes=1018
[552/8465] z3 | From_T2__edn.t2__p19867_safety_0.smt2 -> ok  66.779 ms  7936 KB  nodes=818
[553/8465] antlr4 | From_T2__edn.t2__p19867_safety_0.smt2 -> ok  2306.8 ms  6144 KB  nodes=12031
[554/8465] cvc5 | From_T2__edn.t2__p19867_safety_0.smt2 -> fail  10025.3 ms  1664 KB  nodes=0
[555/8465] smt-switch | From_T2__edn.t2__p19867_safety_0.smt2 -> fail  10037.8 ms  1664 KB  nodes=0
[556/8465] native | 1759.smt2 -> ok  194.828 ms  18304 KB  nodes=1453
[557/8465] pysmt | 1759.smt2 -> ok  89.9241 ms  22252 KB  nodes=1494
[558/8465] jsmtlib | 1759.smt2 -> ok  3691.26 ms  4096 KB  nodes=2366
[559/8465] z3 | 1759.smt2 -> ok  33.119 ms  8064 KB  nodes=1494
[560/8465] antlr4 | 1759.smt2 -> ok  2573.66 ms  8192 KB  nodes=29550
[561/8465] cvc5 | 1759.smt2 -> fail  10006.4 ms  1664 KB  nodes=0
[562/8465] smt-switch | 1759.smt2 -> ok  544.103 ms  23424 KB  nodes=1494
[563/8465] native | From_T2__destroy_seg_leak.t2__p18873_ter -> ok  140.597 ms  17920 KB  nodes=738
[564/8465] pysmt | From_T2__destroy_seg_leak.t2__p18873_ter -> ok  128.139 ms  21980 KB  nodes=896
[565/8465] jsmtlib | From_T2__destroy_seg_leak.t2__p18873_ter -> ok  4279.37 ms  3072 KB  nodes=1433
[566/8465] z3 | From_T2__destroy_seg_leak.t2__p18873_ter -> ok  36.411 ms  7936 KB  nodes=1055
[567/8465] antlr4 | From_T2__destroy_seg_leak.t2__p18873_ter -> ok  2003.84 ms  6144 KB  nodes=16805
[568/8465] cvc5 | From_T2__destroy_seg_leak.t2__p18873_ter -> fail  10021.7 ms  1664 KB  nodes=0
[569/8465] smt-switch | From_T2__destroy_seg_leak.t2__p18873_ter -> fail  10049.9 ms  1664 KB  nodes=0
[570/8465] native | term-9mUXbx.smt2 -> ok  177.43 ms  17664 KB  nodes=538
[571/8465] pysmt | term-9mUXbx.smt2 -> ok  38.1465 ms  21984 KB  nodes=544
[572/8465] jsmtlib | term-9mUXbx.smt2 -> ok  2904.43 ms  3072 KB  nodes=1310
[573/8465] z3 | term-9mUXbx.smt2 -> ok  63.543 ms  7936 KB  nodes=925
[574/8465] antlr4 | term-9mUXbx.smt2 -> ok  1820.31 ms  5120 KB  nodes=9988
[575/8465] cvc5 | term-9mUXbx.smt2 -> fail  10002.9 ms  1664 KB  nodes=0
[576/8465] smt-switch | term-9mUXbx.smt2 -> fail  10002.9 ms  1664 KB  nodes=0
[577/8465] native | 53.smt2 -> ok  297.63 ms  18688 KB  nodes=2660
[578/8465] pysmt | 53.smt2 -> ok  165.342 ms  22496 KB  nodes=2661
[579/8465] jsmtlib | 53.smt2 -> ok  3459.72 ms  6144 KB  nodes=4322
[580/8465] z3 | 53.smt2 -> ok  38.811 ms  8320 KB  nodes=3026
[581/8465] antlr4 | 53.smt2 -> ok  1920.26 ms  11264 KB  nodes=62798
[582/8465] cvc5 | 53.smt2 -> fail  10007.9 ms  1664 KB  nodes=0
[583/8465] smt-switch | 53.smt2 -> fail  10006.1 ms  1664 KB  nodes=0
[584/8465] native | Stroeder_15__MirrorInterv.c__p24399_term -> ok  189.668 ms  17920 KB  nodes=384
[585/8465] pysmt | Stroeder_15__MirrorInterv.c__p24399_term -> ok  56.4237 ms  21560 KB  nodes=429
[586/8465] jsmtlib | Stroeder_15__MirrorInterv.c__p24399_term -> ok  3402.5 ms  2048 KB  nodes=734
[587/8465] z3 | Stroeder_15__MirrorInterv.c__p24399_term -> ok  37.23 ms  7936 KB  nodes=557
[588/8465] antlr4 | Stroeder_15__MirrorInterv.c__p24399_term -> ok  1745.16 ms  5120 KB  nodes=8852
[589/8465] cvc5 | Stroeder_15__MirrorInterv.c__p24399_term -> fail  10017.9 ms  1664 KB  nodes=0
[590/8465] smt-switch | Stroeder_15__MirrorInterv.c__p24399_term -> fail  10045.6 ms  1664 KB  nodes=0
[591/8465] native | Stroeder_15__Factorial.c__p22847_termina -> ok  390.773 ms  17792 KB  nodes=442
[592/8465] pysmt | Stroeder_15__Factorial.c__p22847_termina -> ok  63.6342 ms  21352 KB  nodes=499
[593/8465] jsmtlib | Stroeder_15__Factorial.c__p22847_termina -> ok  3628.11 ms  3072 KB  nodes=833
[594/8465] z3 | Stroeder_15__Factorial.c__p22847_termina -> ok  109.1 ms  7936 KB  nodes=578
[595/8465] antlr4 | Stroeder_15__Factorial.c__p22847_termina -> ok  2505.56 ms  5120 KB  nodes=10123
[596/8465] cvc5 | Stroeder_15__Factorial.c__p22847_termina -> ok  2152.12 ms  23936 KB  nodes=507
[597/8465] smt-switch | Stroeder_15__Factorial.c__p22847_termina -> ok  1488.65 ms  28288 KB  nodes=578
[598/8465] native | 1750.smt2 -> ok  437.479 ms  18304 KB  nodes=1284
[599/8465] pysmt | 1750.smt2 -> ok  120.975 ms  22156 KB  nodes=1325
[600/8465] jsmtlib | 1750.smt2 -> ok  3059.55 ms  4096 KB  nodes=2077
[601/8465] z3 | 1750.smt2 -> ok  30.654 ms  8064 KB  nodes=1325
[602/8465] antlr4 | 1750.smt2 -> ok  1926.58 ms  7168 KB  nodes=25914
[603/8465] cvc5 | 1750.smt2 -> ok  5543.09 ms  26624 KB  nodes=1325
[604/8465] smt-switch | 1750.smt2 -> ok  271.428 ms  22912 KB  nodes=1325
[605/8465] native | From_T2__pentagon.t2__p7025_edge_closing -> ok  289.289 ms  17920 KB  nodes=885
[606/8465] pysmt | From_T2__pentagon.t2__p7025_edge_closing -> ok  143.641 ms  21992 KB  nodes=985
[607/8465] jsmtlib | From_T2__pentagon.t2__p7025_edge_closing -> ok  3087.71 ms  3072 KB  nodes=1653
[608/8465] z3 | From_T2__pentagon.t2__p7025_edge_closing -> ok  70.821 ms  7936 KB  nodes=1196
[609/8465] antlr4 | From_T2__pentagon.t2__p7025_edge_closing -> ok  2559.02 ms  6144 KB  nodes=18859
[610/8465] cvc5 | From_T2__pentagon.t2__p7025_edge_closing -> ok  9445.41 ms  37156 KB  nodes=990
[611/8465] smt-switch | From_T2__pentagon.t2__p7025_edge_closing -> fail  10025.6 ms  1664 KB  nodes=0
[612/8465] native | From_T2__florian_sumit.t2__p32428_termin -> ok  97.037 ms  18048 KB  nodes=745
[613/8465] pysmt | From_T2__florian_sumit.t2__p32428_termin -> ok  70.914 ms  21796 KB  nodes=844
[614/8465] jsmtlib | From_T2__florian_sumit.t2__p32428_termin -> ok  3915.03 ms  3072 KB  nodes=1496
[615/8465] z3 | From_T2__florian_sumit.t2__p32428_termin -> ok  53.298 ms  7936 KB  nodes=1140
[616/8465] antlr4 | From_T2__florian_sumit.t2__p32428_termin -> ok  1565.55 ms  6144 KB  nodes=18233
[617/8465] cvc5 | From_T2__florian_sumit.t2__p32428_termin -> fail  10030.8 ms  1664 KB  nodes=0
[618/8465] smt-switch | From_T2__florian_sumit.t2__p32428_termin -> fail  10010.1 ms  1664 KB  nodes=0
[619/8465] native | From_T2__n-7.t2__p5110_terminationG_0.sm -> ok  138.15 ms  17792 KB  nodes=829
[620/8465] pysmt | From_T2__n-7.t2__p5110_terminationG_0.sm -> ok  82.0298 ms  21936 KB  nodes=982
[621/8465] jsmtlib | From_T2__n-7.t2__p5110_terminationG_0.sm -> ok  3127.46 ms  3072 KB  nodes=1698
[622/8465] z3 | From_T2__n-7.t2__p5110_terminationG_0.sm -> ok  34.731 ms  7936 KB  nodes=1078
[623/8465] antlr4 | From_T2__n-7.t2__p5110_terminationG_0.sm -> ok  2759.76 ms  7168 KB  nodes=21856
[624/8465] cvc5 | From_T2__n-7.t2__p5110_terminationG_0.sm -> fail  10026.5 ms  1664 KB  nodes=0
[625/8465] smt-switch | From_T2__n-7.t2__p5110_terminationG_0.sm -> fail  10031.1 ms  1664 KB  nodes=0
[626/8465] native | From_AProVE_2014__KnapsackDP.jar-obl-11_ -> ok  221.681 ms  17920 KB  nodes=938
[627/8465] pysmt | From_AProVE_2014__KnapsackDP.jar-obl-11_ -> ok  67.4107 ms  21128 KB  nodes=1059
[628/8465] jsmtlib | From_AProVE_2014__KnapsackDP.jar-obl-11_ -> ok  4561.86 ms  3072 KB  nodes=1639
[629/8465] z3 | From_AProVE_2014__KnapsackDP.jar-obl-11_ -> ok  71.919 ms  8064 KB  nodes=1121
[630/8465] antlr4 | From_AProVE_2014__KnapsackDP.jar-obl-11_ -> ok  1642.05 ms  6144 KB  nodes=19982
[631/8465] cvc5 | From_AProVE_2014__KnapsackDP.jar-obl-11_ -> fail  10034.5 ms  1664 KB  nodes=0
[632/8465] smt-switch | From_AProVE_2014__KnapsackDP.jar-obl-11_ -> fail  10024.2 ms  1664 KB  nodes=0
[633/8465] native | From_AProVE_2014__cousot_rec.jar-obl-8__ -> ok  129.411 ms  18048 KB  nodes=984
[634/8465] pysmt | From_AProVE_2014__cousot_rec.jar-obl-8__ -> ok  130.14 ms  22096 KB  nodes=1163
[635/8465] jsmtlib | From_AProVE_2014__cousot_rec.jar-obl-8__ -> ok  3281.11 ms  4096 KB  nodes=2131
[636/8465] z3 | From_AProVE_2014__cousot_rec.jar-obl-8__ -> ok  100.806 ms  8064 KB  nodes=1189
[637/8465] antlr4 | From_AProVE_2014__cousot_rec.jar-obl-8__ -> ok  2011.21 ms  7168 KB  nodes=27697
[638/8465] cvc5 | From_AProVE_2014__cousot_rec.jar-obl-8__ -> fail  10018.7 ms  1664 KB  nodes=0
[639/8465] smt-switch | From_AProVE_2014__cousot_rec.jar-obl-8__ -> fail  10021.6 ms  1664 KB  nodes=0
[640/8465] native | Stroeder_15__NonTermination2_false-termi -> ok  78.8892 ms  18048 KB  nodes=696
[641/8465] pysmt | Stroeder_15__NonTermination2_false-termi -> ok  107.264 ms  21672 KB  nodes=741
[642/8465] jsmtlib | Stroeder_15__NonTermination2_false-termi -> ok  2936.17 ms  3072 KB  nodes=1299
[643/8465] z3 | Stroeder_15__NonTermination2_false-termi -> ok  24.956 ms  7936 KB  nodes=1032
[644/8465] antlr4 | Stroeder_15__NonTermination2_false-termi -> ok  2385.26 ms  6144 KB  nodes=14839
[645/8465] cvc5 | Stroeder_15__NonTermination2_false-termi -> fail  10003.5 ms  1664 KB  nodes=0
[646/8465] smt-switch | Stroeder_15__NonTermination2_false-termi -> fail  10010.7 ms  1664 KB  nodes=0
[647/8465] native | 694.smt2 -> ok  177.461 ms  18048 KB  nodes=716
[648/8465] pysmt | 694.smt2 -> ok  110.492 ms  21672 KB  nodes=765
[649/8465] jsmtlib | 694.smt2 -> ok  3547.36 ms  3072 KB  nodes=1220
[650/8465] z3 | 694.smt2 -> ok  34.779 ms  7936 KB  nodes=766
[651/8465] antlr4 | 694.smt2 -> ok  2655.19 ms  6144 KB  nodes=15211
[652/8465] cvc5 | 694.smt2 -> ok  1933.73 ms  21760 KB  nodes=766
[653/8465] smt-switch | 694.smt2 -> ok  121.733 ms  21376 KB  nodes=766
[654/8465] native | From_T2__randomwalk.t2__p8410_terminatio -> ok  90.2166 ms  18176 KB  nodes=1232
[655/8465] pysmt | From_T2__randomwalk.t2__p8410_terminatio -> ok  234.411 ms  21904 KB  nodes=1431
[656/8465] jsmtlib | From_T2__randomwalk.t2__p8410_terminatio -> ok  4668.93 ms  4096 KB  nodes=2193
[657/8465] z3 | From_T2__randomwalk.t2__p8410_terminatio -> ok  49.615 ms  8064 KB  nodes=1546
[658/8465] antlr4 | From_T2__randomwalk.t2__p8410_terminatio -> ok  2342.97 ms  7168 KB  nodes=26695
[659/8465] cvc5 | From_T2__randomwalk.t2__p8410_terminatio -> fail  10009.6 ms  1664 KB  nodes=0
[660/8465] smt-switch | From_T2__randomwalk.t2__p8410_terminatio -> fail  10033.1 ms  1664 KB  nodes=0
[661/8465] native | 1721.smt2 -> ok  110.67 ms  18048 KB  nodes=737
[662/8465] pysmt | 1721.smt2 -> ok  48.3811 ms  21880 KB  nodes=778
[663/8465] jsmtlib | 1721.smt2 -> ok  1747.8 ms  3072 KB  nodes=1190
[664/8465] z3 | 1721.smt2 -> ok  85.634 ms  7936 KB  nodes=778
[665/8465] antlr4 | 1721.smt2 -> ok  3673.8 ms  6144 KB  nodes=14786
[666/8465] cvc5 | 1721.smt2 -> ok  925.784 ms  22272 KB  nodes=778
[667/8465] smt-switch | 1721.smt2 -> ok  399.204 ms  21504 KB  nodes=778
[668/8465] native | aproveSMT3514907592231801006.smt2 -> ok  349.495 ms  18048 KB  nodes=875
[669/8465] pysmt | aproveSMT3514907592231801006.smt2 -> ok  156.158 ms  21856 KB  nodes=900
[670/8465] jsmtlib | aproveSMT3514907592231801006.smt2 -> ok  3713.8 ms  3072 KB  nodes=1564
[671/8465] z3 | aproveSMT3514907592231801006.smt2 -> ok  46.683 ms  7936 KB  nodes=900
[672/8465] antlr4 | aproveSMT3514907592231801006.smt2 -> ok  2762.98 ms  7168 KB  nodes=24789
[673/8465] cvc5 | aproveSMT3514907592231801006.smt2 -> fail  10036 ms  1664 KB  nodes=0
[674/8465] smt-switch | aproveSMT3514907592231801006.smt2 -> fail  10017.3 ms  1664 KB  nodes=0
[675/8465] native | From_T2__magic.t2__term_unfeasibility_2_ -> ok  273.539 ms  18048 KB  nodes=424
[676/8465] pysmt | From_T2__magic.t2__term_unfeasibility_2_ -> ok  37.0948 ms  21764 KB  nodes=473
[677/8465] jsmtlib | From_T2__magic.t2__term_unfeasibility_2_ -> ok  4051.98 ms  3072 KB  nodes=975
[678/8465] z3 | From_T2__magic.t2__term_unfeasibility_2_ -> ok  43.535 ms  7808 KB  nodes=816
[679/8465] antlr4 | From_T2__magic.t2__term_unfeasibility_2_ -> ok  1644.17 ms  6144 KB  nodes=11537
[680/8465] cvc5 | From_T2__magic.t2__term_unfeasibility_2_ -> ok  2594.21 ms  23296 KB  nodes=472
[681/8465] smt-switch | From_T2__magic.t2__term_unfeasibility_2_ -> ok  2808.05 ms  27008 KB  nodes=816
[682/8465] native | From_AProVE_2014__alternDivWidening_rec. -> ok  632.994 ms  18048 KB  nodes=494
[683/8465] pysmt | From_AProVE_2014__alternDivWidening_rec. -> ok  31.3408 ms  21512 KB  nodes=569
[684/8465] jsmtlib | From_AProVE_2014__alternDivWidening_rec. -> ok  3699.04 ms  3072 KB  nodes=975
[685/8465] z3 | From_AProVE_2014__alternDivWidening_rec. -> ok  62.504 ms  7936 KB  nodes=605
[686/8465] antlr4 | From_AProVE_2014__alternDivWidening_rec. -> ok  3772.28 ms  6144 KB  nodes=11898
[687/8465] cvc5 | From_AProVE_2014__alternDivWidening_rec. -> ok  7504.46 ms  28392 KB  nodes=574
[688/8465] smt-switch | From_AProVE_2014__alternDivWidening_rec. -> ok  770.602 ms  25088 KB  nodes=605
[689/8465] native | From_AProVE_2014__MainFind.jar-obl-10__p -> ok  213.071 ms  17792 KB  nodes=517
[690/8465] pysmt | From_AProVE_2014__MainFind.jar-obl-10__p -> ok  69.6623 ms  21620 KB  nodes=611
[691/8465] jsmtlib | From_AProVE_2014__MainFind.jar-obl-10__p -> ok  4194.86 ms  3072 KB  nodes=1138
[692/8465] z3 | From_AProVE_2014__MainFind.jar-obl-10__p -> ok  357.719 ms  7936 KB  nodes=658
[693/8465] antlr4 | From_AProVE_2014__MainFind.jar-obl-10__p -> ok  1649.94 ms  6144 KB  nodes=14004
[694/8465] cvc5 | From_AProVE_2014__MainFind.jar-obl-10__p -> ok  762.177 ms  23552 KB  nodes=671
[695/8465] smt-switch | From_AProVE_2014__MainFind.jar-obl-10__p -> ok  3363.09 ms  25344 KB  nodes=658
[696/8465] native | aproveSMT3865563053193426677.smt2 -> ok  174.308 ms  18048 KB  nodes=1316
[697/8465] pysmt | aproveSMT3865563053193426677.smt2 -> ok  94.7618 ms  21956 KB  nodes=1358
[698/8465] jsmtlib | aproveSMT3865563053193426677.smt2 -> ok  3181.43 ms  4096 KB  nodes=2250
[699/8465] z3 | aproveSMT3865563053193426677.smt2 -> ok  48.562 ms  8064 KB  nodes=1358
[700/8465] antlr4 | aproveSMT3865563053193426677.smt2 -> ok  1908.89 ms  8192 KB  nodes=34851
[701/8465] cvc5 | aproveSMT3865563053193426677.smt2 -> fail  10047.1 ms  1664 KB  nodes=0
[702/8465] smt-switch | aproveSMT3865563053193426677.smt2 -> fail  10027.4 ms  1664 KB  nodes=0
[703/8465] native | From_T2__afagp-fail.t2_fixed__p15438_edg -> ok  286.479 ms  18048 KB  nodes=726
[704/8465] pysmt | From_T2__afagp-fail.t2_fixed__p15438_edg -> ok  66.6316 ms  21816 KB  nodes=796
[705/8465] jsmtlib | From_T2__afagp-fail.t2_fixed__p15438_edg -> ok  1591.36 ms  3072 KB  nodes=1740
[706/8465] z3 | From_T2__afagp-fail.t2_fixed__p15438_edg -> ok  26.351 ms  7936 KB  nodes=1395
[707/8465] antlr4 | From_T2__afagp-fail.t2_fixed__p15438_edg -> ok  2328.64 ms  7168 KB  nodes=19704
[708/8465] cvc5 | From_T2__afagp-fail.t2_fixed__p15438_edg -> fail  10046.3 ms  1664 KB  nodes=0
[709/8465] smt-switch | From_T2__afagp-fail.t2_fixed__p15438_edg -> fail  10049.3 ms  1664 KB  nodes=0
[710/8465] native | From_AProVE_2014__Test13Loops.jar-obl-10 -> ok  890.342 ms  18176 KB  nodes=1029
[711/8465] pysmt | From_AProVE_2014__Test13Loops.jar-obl-10 -> ok  47.5988 ms  22112 KB  nodes=1146
[712/8465] jsmtlib | From_AProVE_2014__Test13Loops.jar-obl-10 -> ok  3757.18 ms  3072 KB  nodes=1728
[713/8465] z3 | From_AProVE_2014__Test13Loops.jar-obl-10 -> ok  29.288 ms  7808 KB  nodes=1316
[714/8465] antlr4 | From_AProVE_2014__Test13Loops.jar-obl-10 -> ok  3133.52 ms  7168 KB  nodes=20381
[715/8465] cvc5 | From_AProVE_2014__Test13Loops.jar-obl-10 -> fail  10026.3 ms  1664 KB  nodes=0
[716/8465] smt-switch | From_AProVE_2014__Test13Loops.jar-obl-10 -> fail  10045.1 ms  1664 KB  nodes=0
[717/8465] native | 55.smt2 -> ok  920.47 ms  18304 KB  nodes=2151
[718/8465] pysmt | 55.smt2 -> ok  333.35 ms  21892 KB  nodes=2152
[719/8465] jsmtlib | 55.smt2 -> ok  3887.58 ms  5120 KB  nodes=3421
[720/8465] z3 | 55.smt2 -> ok  819.773 ms  8192 KB  nodes=2479
[721/8465] antlr4 | 55.smt2 -> ok  2586.93 ms  10240 KB  nodes=49237
[722/8465] cvc5 | 55.smt2 -> fail  10008.5 ms  1664 KB  nodes=0
[723/8465] smt-switch | 55.smt2 -> fail  10004.6 ms  1664 KB  nodes=0
[724/8465] native | From_T2__florian_sumit.t2__terminationS_ -> ok  301.978 ms  17664 KB  nodes=517
[725/8465] pysmt | From_T2__florian_sumit.t2__terminationS_ -> ok  92.8712 ms  21452 KB  nodes=593
[726/8465] jsmtlib | From_T2__florian_sumit.t2__terminationS_ -> ok  4967.63 ms  3072 KB  nodes=1180
[727/8465] z3 | From_T2__florian_sumit.t2__terminationS_ -> ok  402.141 ms  7936 KB  nodes=805
[728/8465] antlr4 | From_T2__florian_sumit.t2__terminationS_ -> ok  2197.02 ms  6144 KB  nodes=14510
[729/8465] cvc5 | From_T2__florian_sumit.t2__terminationS_ -> ok  1801.94 ms  22400 KB  nodes=592
[730/8465] smt-switch | From_T2__florian_sumit.t2__terminationS_ -> ok  1970.1 ms  24320 KB  nodes=805
[731/8465] native | From_T2__walk.t2__p25540_terminationG_0. -> ok  903.462 ms  18048 KB  nodes=851
[732/8465] pysmt | From_T2__walk.t2__p25540_terminationG_0. -> ok  115.897 ms  21536 KB  nodes=918
[733/8465] jsmtlib | From_T2__walk.t2__p25540_terminationG_0. -> ok  5616.47 ms  4096 KB  nodes=2193
[734/8465] z3 | From_T2__walk.t2__p25540_terminationG_0. -> ok  117.417 ms  7936 KB  nodes=1208
[735/8465] antlr4 | From_T2__walk.t2__p25540_terminationG_0. -> ok  3597.99 ms  7168 KB  nodes=27466
[736/8465] cvc5 | From_T2__walk.t2__p25540_terminationG_0. -> fail  10022.5 ms  1664 KB  nodes=0
[737/8465] smt-switch | From_T2__walk.t2__p25540_terminationG_0. -> fail  10043.6 ms  1664 KB  nodes=0
[738/8465] native | Ton_Chanh_15__Hanoi_plus_false-terminati -> ok  898.463 ms  17664 KB  nodes=1102
[739/8465] pysmt | Ton_Chanh_15__Hanoi_plus_false-terminati -> ok  526.855 ms  21856 KB  nodes=1285
[740/8465] jsmtlib | Ton_Chanh_15__Hanoi_plus_false-terminati -> ok  4991.34 ms  4096 KB  nodes=2864
[741/8465] z3 | Ton_Chanh_15__Hanoi_plus_false-terminati -> ok  740.851 ms  7680 KB  nodes=1575
[742/8465] antlr4 | Ton_Chanh_15__Hanoi_plus_false-terminati -> ok  2313.23 ms  8192 KB  nodes=36134
[743/8465] cvc5 | Ton_Chanh_15__Hanoi_plus_false-terminati -> fail  10051.1 ms  1664 KB  nodes=0
[744/8465] smt-switch | Ton_Chanh_15__Hanoi_plus_false-terminati -> fail  10026.3 ms  1664 KB  nodes=0
[745/8465] native | From_T2__ex36.t2__p32075_safety_0.smt2 -> ok  728.972 ms  17536 KB  nodes=428
[746/8465] pysmt | From_T2__ex36.t2__p32075_safety_0.smt2 -> ok  102.641 ms  21296 KB  nodes=487
[747/8465] jsmtlib | From_T2__ex36.t2__p32075_safety_0.smt2 -> ok  4824.05 ms  3072 KB  nodes=884
[748/8465] z3 | From_T2__ex36.t2__p32075_safety_0.smt2 -> ok  99.189 ms  7936 KB  nodes=699
[749/8465] antlr4 | From_T2__ex36.t2__p32075_safety_0.smt2 -> ok  5110.39 ms  6144 KB  nodes=10676
[750/8465] cvc5 | From_T2__ex36.t2__p32075_safety_0.smt2 -> fail  10022.2 ms  1664 KB  nodes=0
[751/8465] smt-switch | From_T2__ex36.t2__p32075_safety_0.smt2 -> fail  10043.7 ms  1664 KB  nodes=0
[752/8465] native | From_T2__ex36.t2__p29643_safety_0.smt2 -> ok  739.041 ms  17536 KB  nodes=382
[753/8465] pysmt | From_T2__ex36.t2__p29643_safety_0.smt2 -> ok  108.972 ms  21308 KB  nodes=486
[754/8465] jsmtlib | From_T2__ex36.t2__p29643_safety_0.smt2 -> fail  10050.8 ms  1664 KB  nodes=0
[755/8465] z3 | From_T2__ex36.t2__p29643_safety_0.smt2 -> ok  310.062 ms  7936 KB  nodes=706
[756/8465] antlr4 | From_T2__ex36.t2__p29643_safety_0.smt2 -> ok  3275.44 ms  6144 KB  nodes=10440
[757/8465] cvc5 | From_T2__ex36.t2__p29643_safety_0.smt2 -> fail  10024.8 ms  1664 KB  nodes=0
[758/8465] smt-switch | From_T2__ex36.t2__p29643_safety_0.smt2 -> fail  10024.6 ms  1664 KB  nodes=0
[759/8465] native | aproveSMT8211259659113423333.smt2 -> ok  142.762 ms  17920 KB  nodes=676
[760/8465] pysmt | aproveSMT8211259659113423333.smt2 -> ok  141.341 ms  21536 KB  nodes=680
[761/8465] jsmtlib | aproveSMT8211259659113423333.smt2 -> ok  3159.1 ms  3072 KB  nodes=1086
[762/8465] z3 | aproveSMT8211259659113423333.smt2 -> ok  320.081 ms  7808 KB  nodes=680
[763/8465] antlr4 | aproveSMT8211259659113423333.smt2 -> ok  2085.39 ms  6144 KB  nodes=16357
[764/8465] cvc5 | aproveSMT8211259659113423333.smt2 -> fail  10027.3 ms  1664 KB  nodes=0
[765/8465] smt-switch | aproveSMT8211259659113423333.smt2 -> ok  4085.61 ms  29696 KB  nodes=680
[766/8465] native | From_AProVE_2014__juHashMapCreateIsEmpty -> ok  6336.72 ms  18432 KB  nodes=2157
[767/8465] pysmt | From_AProVE_2014__juHashMapCreateIsEmpty -> ok  668.215 ms  22088 KB  nodes=2436
[768/8465] jsmtlib | From_AProVE_2014__juHashMapCreateIsEmpty -> ok  5111.87 ms  6144 KB  nodes=5349
[769/8465] z3 | From_AProVE_2014__juHashMapCreateIsEmpty -> ok  138.83 ms  8064 KB  nodes=4179
[770/8465] antlr4 | From_AProVE_2014__juHashMapCreateIsEmpty -> ok  3677.45 ms  11264 KB  nodes=65637
[771/8465] cvc5 | From_AProVE_2014__juHashMapCreateIsEmpty -> fail  10046 ms  1664 KB  nodes=0
[772/8465] smt-switch | From_AProVE_2014__juHashMapCreateIsEmpty -> fail  10014.7 ms  1664 KB  nodes=0
[773/8465] native | aproveSMT5946204959908618536.smt2 -> ok  352.499 ms  18816 KB  nodes=2540
[774/8465] pysmt | aproveSMT5946204959908618536.smt2 -> ok  750.62 ms  22084 KB  nodes=2571
[775/8465] jsmtlib | aproveSMT5946204959908618536.smt2 -> ok  4017.35 ms  6144 KB  nodes=4516
[776/8465] z3 | aproveSMT5946204959908618536.smt2 -> ok  460.967 ms  8448 KB  nodes=2571
[777/8465] antlr4 | aproveSMT5946204959908618536.smt2 -> ok  4762.55 ms  11264 KB  nodes=72655
[778/8465] cvc5 | aproveSMT5946204959908618536.smt2 -> fail  10039.5 ms  1664 KB  nodes=0
[779/8465] smt-switch | aproveSMT5946204959908618536.smt2 -> fail  10014 ms  1664 KB  nodes=0
[780/8465] native | From_AProVE_2014__juLinkedListCreateAddA -> ok  519.337 ms  18944 KB  nodes=2924
[781/8465] pysmt | From_AProVE_2014__juLinkedListCreateAddA -> ok  1207.94 ms  22460 KB  nodes=3545
[782/8465] jsmtlib | From_AProVE_2014__juLinkedListCreateAddA -> ok  5429.51 ms  7168 KB  nodes=6665
[783/8465] z3 | From_AProVE_2014__juLinkedListCreateAddA -> ok  314.666 ms  8064 KB  nodes=5494
[784/8465] antlr4 | From_AProVE_2014__juLinkedListCreateAddA -> ok  3718.22 ms  13312 KB  nodes=82211
[785/8465] cvc5 | From_AProVE_2014__juLinkedListCreateAddA -> fail  10044.6 ms  1664 KB  nodes=0
[786/8465] smt-switch | From_AProVE_2014__juLinkedListCreateAddA -> fail  10019.1 ms  1664 KB  nodes=0
[787/8465] native | From_AProVE_2014__juHashMapCreateContain -> ok  354.565 ms  18688 KB  nodes=2115
[788/8465] pysmt | From_AProVE_2014__juHashMapCreateContain -> ok  499.577 ms  21924 KB  nodes=2386
[789/8465] jsmtlib | From_AProVE_2014__juHashMapCreateContain -> ok  2918.06 ms  6144 KB  nodes=5258
[790/8465] z3 | From_AProVE_2014__juHashMapCreateContain -> ok  277.366 ms  7936 KB  nodes=4133
[791/8465] antlr4 | From_AProVE_2014__juHashMapCreateContain -> ok  3186.58 ms  11264 KB  nodes=64481
[792/8465] cvc5 | From_AProVE_2014__juHashMapCreateContain -> fail  10040.2 ms  1664 KB  nodes=0
[793/8465] smt-switch | From_AProVE_2014__juHashMapCreateContain -> fail  10038.7 ms  1792 KB  nodes=0
[794/8465] native | From_AProVE_2014__juHashMapCreateIsEmpty -> ok  654.874 ms  18048 KB  nodes=1939
[795/8465] pysmt | From_AProVE_2014__juHashMapCreateIsEmpty -> ok  733.317 ms  22028 KB  nodes=2248
[796/8465] jsmtlib | From_AProVE_2014__juHashMapCreateIsEmpty -> ok  5450.78 ms  6144 KB  nodes=4614
[797/8465] z3 | From_AProVE_2014__juHashMapCreateIsEmpty -> ok  372.999 ms  7808 KB  nodes=3482
[798/8465] antlr4 | From_AProVE_2014__juHashMapCreateIsEmpty -> ok  5426.22 ms  11264 KB  nodes=57941
[799/8465] cvc5 | From_AProVE_2014__juHashMapCreateIsEmpty -> fail  10027.9 ms  1664 KB  nodes=0
[800/8465] smt-switch | From_AProVE_2014__juHashMapCreateIsEmpty -> fail  10110 ms  1664 KB  nodes=0
[801/8465] native | From_AProVE_2014__juHashMapCreateClear.j -> ok  764.995 ms  18560 KB  nodes=2671
[802/8465] pysmt | From_AProVE_2014__juHashMapCreateClear.j -> ok  1270.58 ms  22192 KB  nodes=3056
[803/8465] jsmtlib | From_AProVE_2014__juHashMapCreateClear.j -> ok  4651.72 ms  8192 KB  nodes=6919
[804/8465] z3 | From_AProVE_2014__juHashMapCreateClear.j -> ok  293.728 ms  7936 KB  nodes=5685
[805/8465] antlr4 | From_AProVE_2014__juHashMapCreateClear.j -> ok  3489.37 ms  13312 KB  nodes=86034
[806/8465] cvc5 | From_AProVE_2014__juHashMapCreateClear.j -> fail  10022.4 ms  1664 KB  nodes=0
[807/8465] smt-switch | From_AProVE_2014__juHashMapCreateClear.j -> fail  10043.1 ms  1664 KB  nodes=0
[808/8465] native | From_AProVE_2014__juHashMapCreateContain -> ok  257.099 ms  18560 KB  nodes=1851
[809/8465] pysmt | From_AProVE_2014__juHashMapCreateContain -> ok  6618.51 ms  21596 KB  nodes=2103
[810/8465] jsmtlib | From_AProVE_2014__juHashMapCreateContain -> ok  4203.14 ms  6144 KB  nodes=5096
[811/8465] z3 | From_AProVE_2014__juHashMapCreateContain -> ok  344.553 ms  8064 KB  nodes=3888
[812/8465] antlr4 | From_AProVE_2014__juHashMapCreateContain -> ok  3335.93 ms  11264 KB  nodes=62996
[813/8465] cvc5 | From_AProVE_2014__juHashMapCreateContain -> fail  10026 ms  1664 KB  nodes=0
[814/8465] smt-switch | From_AProVE_2014__juHashMapCreateContain -> fail  10008.5 ms  1664 KB  nodes=0
[815/8465] native | From_AProVE_2014__juHashMapCreateRemove. -> ok  305.219 ms  18304 KB  nodes=1581
[816/8465] pysmt | From_AProVE_2014__juHashMapCreateRemove. -> ok  647.529 ms  21624 KB  nodes=1787
[817/8465] jsmtlib | From_AProVE_2014__juHashMapCreateRemove. -> ok  4210.68 ms  5120 KB  nodes=3818
[818/8465] z3 | From_AProVE_2014__juHashMapCreateRemove. -> ok  195.471 ms  7680 KB  nodes=2858
[819/8465] antlr4 | From_AProVE_2014__juHashMapCreateRemove. -> ok  2356.53 ms  9216 KB  nodes=46732
[820/8465] cvc5 | From_AProVE_2014__juHashMapCreateRemove. -> fail  10050.2 ms  1664 KB  nodes=0
[821/8465] smt-switch | From_AProVE_2014__juHashMapCreateRemove. -> fail  10007.5 ms  1664 KB  nodes=0
[822/8465] native | From_AProVE_2014__juHashMapCreateClear.j -> ok  199.023 ms  18560 KB  nodes=2036
[823/8465] pysmt | From_AProVE_2014__juHashMapCreateClear.j -> ok  646.732 ms  21812 KB  nodes=2311
[824/8465] jsmtlib | From_AProVE_2014__juHashMapCreateClear.j -> ok  3470.58 ms  6144 KB  nodes=4898
[825/8465] z3 | From_AProVE_2014__juHashMapCreateClear.j -> ok  341.485 ms  7808 KB  nodes=4091
[826/8465] antlr4 | From_AProVE_2014__juHashMapCreateClear.j -> ok  3103.85 ms  11264 KB  nodes=59915
[827/8465] cvc5 | From_AProVE_2014__juHashMapCreateClear.j -> fail  10027.9 ms  1664 KB  nodes=0
[828/8465] smt-switch | From_AProVE_2014__juHashMapCreateClear.j -> fail  10048.7 ms  1664 KB  nodes=0
[829/8465] native | From_AProVE_2014__juHashMapCreateIsEmpty -> ok  468.36 ms  18304 KB  nodes=1831
[830/8465] pysmt | From_AProVE_2014__juHashMapCreateIsEmpty -> ok  578.528 ms  21960 KB  nodes=2077
[831/8465] jsmtlib | From_AProVE_2014__juHashMapCreateIsEmpty -> ok  3991.7 ms  6144 KB  nodes=5056
[832/8465] z3 | From_AProVE_2014__juHashMapCreateIsEmpty -> ok  211.049 ms  7936 KB  nodes=3876
[833/8465] antlr4 | From_AProVE_2014__juHashMapCreateIsEmpty -> ok  3238.92 ms  11264 KB  nodes=62429
[834/8465] cvc5 | From_AProVE_2014__juHashMapCreateIsEmpty -> fail  10034.3 ms  1664 KB  nodes=0
[835/8465] smt-switch | From_AProVE_2014__juHashMapCreateIsEmpty -> fail  10036.2 ms  1664 KB  nodes=0
[836/8465] native | From_AProVE_2014__juHashMapCreate.jar-ob -> ok  155.82 ms  18432 KB  nodes=1873
[837/8465] pysmt | From_AProVE_2014__juHashMapCreate.jar-ob -> ok  748.475 ms  21836 KB  nodes=2120
[838/8465] jsmtlib | From_AProVE_2014__juHashMapCreate.jar-ob -> ok  3578.86 ms  6144 KB  nodes=5056
[839/8465] z3 | From_AProVE_2014__juHashMapCreate.jar-ob -> ok  450.061 ms  7808 KB  nodes=3808
[840/8465] antlr4 | From_AProVE_2014__juHashMapCreate.jar-ob -> ok  3226.22 ms  11264 KB  nodes=62631
[841/8465] cvc5 | From_AProVE_2014__juHashMapCreate.jar-ob -> fail  10017.3 ms  1664 KB  nodes=0
[842/8465] smt-switch | From_AProVE_2014__juHashMapCreate.jar-ob -> fail  10030.4 ms  1664 KB  nodes=0
[843/8465] native | From_AProVE_2014__TriTas.jar-obl-12__p13 -> ok  6658.93 ms  18048 KB  nodes=1489
[844/8465] pysmt | From_AProVE_2014__TriTas.jar-obl-12__p13 -> ok  428.061 ms  21120 KB  nodes=1633
[845/8465] jsmtlib | From_AProVE_2014__TriTas.jar-obl-12__p13 -> ok  4942.27 ms  4096 KB  nodes=2803
[846/8465] z3 | From_AProVE_2014__TriTas.jar-obl-12__p13 -> ok  512.796 ms  7680 KB  nodes=2063
[847/8465] antlr4 | From_AProVE_2014__TriTas.jar-obl-12__p13 -> ok  4251.14 ms  8192 KB  nodes=34703
[848/8465] cvc5 | From_AProVE_2014__TriTas.jar-obl-12__p13 -> fail  10045.5 ms  1664 KB  nodes=0
[849/8465] smt-switch | From_AProVE_2014__TriTas.jar-obl-12__p13 -> fail  10005.2 ms  1664 KB  nodes=0
[1/7615] pysmt | From_T2__broydn.t2_fixed__term_unfeasibi -> ok  50.6735 ms  22188 KB  nodes=2578
[2/7615] jsmtlib | From_T2__broydn.t2_fixed__term_unfeasibi -> ok  589.845 ms  6144 KB  nodes=5305
[3/7615] z3 | From_T2__broydn.t2_fixed__term_unfeasibi -> ok  48.939 ms  8192 KB  nodes=4358
[4/7615] antlr4 | From_T2__broydn.t2_fixed__term_unfeasibi -> ok  616.218 ms  11264 KB  nodes=62165
[5/7615] cvc5 | From_T2__broydn.t2_fixed__term_unfeasibi -> ok  7944.1 ms  47736 KB  nodes=2579
[6/7615] smt-switch | From_T2__broydn.t2_fixed__term_unfeasibi -> ok  8865.15 ms  52192 KB  nodes=4358
[7/7615] native | 547.smt2 -> ok  28.6081 ms  18432 KB  nodes=1788
[8/7615] pysmt | 547.smt2 -> ok  29.7723 ms  22324 KB  nodes=1843
[9/7615] jsmtlib | 547.smt2 -> ok  1401.05 ms  4096 KB  nodes=2874
[10/7615] z3 | 547.smt2 -> ok  19.359 ms  8192 KB  nodes=1843
[11/7615] antlr4 | 547.smt2 -> ok  549.693 ms  8192 KB  nodes=35908
[12/7615] cvc5 | 547.smt2 -> ok  459.019 ms  25600 KB  nodes=1843
[13/7615] smt-switch | 547.smt2 -> ok  208.96 ms  23808 KB  nodes=1843
[14/7615] native | From_T2__s1.t2__p20206_safety_0.smt2 -> ok  30.4612 ms  18304 KB  nodes=2040
[15/7615] pysmt | From_T2__s1.t2__p20206_safety_0.smt2 -> ok  45.9299 ms  22508 KB  nodes=2450
[16/7615] jsmtlib | From_T2__s1.t2__p20206_safety_0.smt2 -> ok  1539.61 ms  6144 KB  nodes=5321
[17/7615] z3 | From_T2__s1.t2__p20206_safety_0.smt2 -> ok  23.403 ms  8320 KB  nodes=3200
[18/7615] antlr4 | From_T2__s1.t2__p20206_safety_0.smt2 -> ok  609.456 ms  11264 KB  nodes=65026
[19/7615] cvc5 | From_T2__s1.t2__p20206_safety_0.smt2 -> ok  1455.84 ms  35616 KB  nodes=2449
[20/7615] smt-switch | From_T2__s1.t2__p20206_safety_0.smt2 -> ok  3912.63 ms  41768 KB  nodes=3200
[21/7615] native | From_AProVE_2014__FlattenRTA.jar-obl-10_ -> ok  26.7312 ms  18304 KB  nodes=1634
[22/7615] pysmt | From_AProVE_2014__FlattenRTA.jar-obl-10_ -> ok  34.8165 ms  22512 KB  nodes=1884
[23/7615] jsmtlib | From_AProVE_2014__FlattenRTA.jar-obl-10_ -> ok  1115.02 ms  5120 KB  nodes=4068
[24/7615] z3 | From_AProVE_2014__FlattenRTA.jar-obl-10_ -> ok  18.219 ms  8192 KB  nodes=3046
[25/7615] antlr4 | From_AProVE_2014__FlattenRTA.jar-obl-10_ -> ok  467.285 ms  10240 KB  nodes=49472
[26/7615] cvc5 | From_AProVE_2014__FlattenRTA.jar-obl-10_ -> fail  10030.7 ms  1664 KB  nodes=0
[27/7615] smt-switch | From_AProVE_2014__FlattenRTA.jar-obl-10_ -> fail  10022.6 ms  1664 KB  nodes=0
[28/7615] native | From_T2__fun9.t2__p1336_edge_closing_0.s -> ok  54.9116 ms  18432 KB  nodes=1840
[29/7615] pysmt | From_T2__fun9.t2__p1336_edge_closing_0.s -> ok  77.2033 ms  22260 KB  nodes=2031
[30/7615] jsmtlib | From_T2__fun9.t2__p1336_edge_closing_0.s -> ok  2161.77 ms  5120 KB  nodes=4375
[31/7615] z3 | From_T2__fun9.t2__p1336_edge_closing_0.s -> ok  17.083 ms  8192 KB  nodes=2763
[32/7615] antlr4 | From_T2__fun9.t2__p1336_edge_closing_0.s -> ok  600.325 ms  10240 KB  nodes=53570
[33/7615] cvc5 | From_T2__fun9.t2__p1336_edge_closing_0.s -> fail  10010.7 ms  1664 KB  nodes=0
[34/7615] smt-switch | From_T2__fun9.t2__p1336_edge_closing_0.s -> fail  10041.4 ms  1664 KB  nodes=0
[35/7615] native | From_T2__s1-striped.t2__p14356_safety_0. -> ok  38.7383 ms  18560 KB  nodes=2039
[36/7615] pysmt | From_T2__s1-striped.t2__p14356_safety_0. -> ok  57.0319 ms  22448 KB  nodes=2421
[37/7615] jsmtlib | From_T2__s1-striped.t2__p14356_safety_0. -> ok  1272.24 ms  6144 KB  nodes=5293
[38/7615] z3 | From_T2__s1-striped.t2__p14356_safety_0. -> ok  17.56 ms  8320 KB  nodes=3158
[39/7615] antlr4 | From_T2__s1-striped.t2__p14356_safety_0. -> ok  569.259 ms  11264 KB  nodes=64586
[40/7615] cvc5 | From_T2__s1-striped.t2__p14356_safety_0. -> ok  1159.66 ms  33152 KB  nodes=2420
[41/7615] smt-switch | From_T2__s1-striped.t2__p14356_safety_0. -> ok  3986.17 ms  42080 KB  nodes=3158
[42/7615] native | From_AProVE_2014__juHashMapCreate.jar-ob -> ok  33.8862 ms  18560 KB  nodes=2234
[43/7615] pysmt | From_AProVE_2014__juHashMapCreate.jar-ob -> ok  49.2547 ms  22504 KB  nodes=2578
[44/7615] jsmtlib | From_AProVE_2014__juHashMapCreate.jar-ob -> ok  1331.55 ms  5120 KB  nodes=5006
[45/7615] z3 | From_AProVE_2014__juHashMapCreate.jar-ob -> ok  18.028 ms  8320 KB  nodes=4117
[46/7615] antlr4 | From_AProVE_2014__juHashMapCreate.jar-ob -> ok  543.114 ms  11264 KB  nodes=60794
[47/7615] cvc5 | From_AProVE_2014__juHashMapCreate.jar-ob -> fail  10014.4 ms  1664 KB  nodes=0
[48/7615] smt-switch | From_AProVE_2014__juHashMapCreate.jar-ob -> fail  10002.7 ms  1664 KB  nodes=0
[49/7615] native | From_T2__fun9.t2__p1362_edge_closing_0.s -> ok  37.7551 ms  18304 KB  nodes=1548
[50/7615] pysmt | From_T2__fun9.t2__p1362_edge_closing_0.s -> ok  39.5091 ms  22404 KB  nodes=1714
[51/7615] jsmtlib | From_T2__fun9.t2__p1362_edge_closing_0.s -> ok  1322.53 ms  5120 KB  nodes=3511
[52/7615] z3 | From_T2__fun9.t2__p1362_edge_closing_0.s -> ok  14.808 ms  8064 KB  nodes=2149
[53/7615] antlr4 | From_T2__fun9.t2__p1362_edge_closing_0.s -> ok  516.616 ms  9216 KB  nodes=42472
[54/7615] cvc5 | From_T2__fun9.t2__p1362_edge_closing_0.s -> fail  10046.4 ms  1664 KB  nodes=0
[55/7615] smt-switch | From_T2__fun9.t2__p1362_edge_closing_0.s -> fail  10027 ms  1664 KB  nodes=0
[56/7615] native | aproveSMT1713177946507536090.smt2 -> ok  48.3435 ms  19072 KB  nodes=3105
[57/7615] pysmt | aproveSMT1713177946507536090.smt2 -> ok  70.1318 ms  22900 KB  nodes=3167
[58/7615] jsmtlib | aproveSMT1713177946507536090.smt2 -> ok  1492.13 ms  7168 KB  nodes=5643
[59/7615] z3 | aproveSMT1713177946507536090.smt2 -> ok  22.596 ms  8448 KB  nodes=3167
[60/7615] antlr4 | aproveSMT1713177946507536090.smt2 -> ok  665.271 ms  14336 KB  nodes=90444
[61/7615] cvc5 | aproveSMT1713177946507536090.smt2 -> fail  10046.7 ms  1664 KB  nodes=0
[62/7615] smt-switch | aproveSMT1713177946507536090.smt2 -> fail  10009.9 ms  1664 KB  nodes=0
[63/7615] native | aproveSMT3962764605825983796.smt2 -> ok  48.7693 ms  19072 KB  nodes=3393
[64/7615] pysmt | aproveSMT3962764605825983796.smt2 -> ok  82.1815 ms  22996 KB  nodes=3467
[65/7615] jsmtlib | aproveSMT3962764605825983796.smt2 -> ok  1518.46 ms  8192 KB  nodes=5859
[66/7615] z3 | aproveSMT3962764605825983796.smt2 -> ok  32.665 ms  8576 KB  nodes=3467
[67/7615] antlr4 | aproveSMT3962764605825983796.smt2 -> ok  688.134 ms  14336 KB  nodes=92003
[68/7615] cvc5 | aproveSMT3962764605825983796.smt2 -> fail  10001 ms  1664 KB  nodes=0
[69/7615] smt-switch | aproveSMT3962764605825983796.smt2 -> fail  10006.5 ms  1664 KB  nodes=0
[70/7615] native | From_AProVE_2014__juHashMapCreateIterato -> ok  50.701 ms  18432 KB  nodes=1948
[71/7615] pysmt | From_AProVE_2014__juHashMapCreateIterato -> ok  66.7732 ms  22488 KB  nodes=2210
[72/7615] jsmtlib | From_AProVE_2014__juHashMapCreateIterato -> ok  1831.22 ms  6144 KB  nodes=4672
[73/7615] z3 | From_AProVE_2014__juHashMapCreateIterato -> ok  19.245 ms  8192 KB  nodes=3946
[74/7615] antlr4 | From_AProVE_2014__juHashMapCreateIterato -> ok  839.452 ms  10240 KB  nodes=56888
[75/7615] cvc5 | From_AProVE_2014__juHashMapCreateIterato -> ok  3709.16 ms  36608 KB  nodes=2211
[76/7615] smt-switch | From_AProVE_2014__juHashMapCreateIterato -> fail  10005.7 ms  1664 KB  nodes=0
[77/7615] native | From_AProVE_2014__juLinkedListCreateAddA -> ok  52.5628 ms  18944 KB  nodes=2918
[78/7615] pysmt | From_AProVE_2014__juLinkedListCreateAddA -> ok  91.5706 ms  23024 KB  nodes=3538
[79/7615] jsmtlib | From_AProVE_2014__juLinkedListCreateAddA -> ok  1903.63 ms  7168 KB  nodes=6719
[80/7615] z3 | From_AProVE_2014__juLinkedListCreateAddA -> ok  36.348 ms  8448 KB  nodes=5492
[81/7615] antlr4 | From_AProVE_2014__juLinkedListCreateAddA -> ok  888.438 ms  13312 KB  nodes=82962
[82/7615] cvc5 | From_AProVE_2014__juLinkedListCreateAddA -> fail  10029.7 ms  1664 KB  nodes=0
[83/7615] smt-switch | From_AProVE_2014__juLinkedListCreateAddA -> fail  10037 ms  1664 KB  nodes=0
[84/7615] native | From_AProVE_2014__juHashMapCreatePut.jar -> ok  73.6389 ms  18304 KB  nodes=1519
[85/7615] pysmt | From_AProVE_2014__juHashMapCreatePut.jar -> ok  81.0332 ms  22348 KB  nodes=1723
[86/7615] jsmtlib | From_AProVE_2014__juHashMapCreatePut.jar -> ok  3513.14 ms  5120 KB  nodes=3424
[87/7615] z3 | From_AProVE_2014__juHashMapCreatePut.jar -> ok  50.339 ms  8064 KB  nodes=2806
[88/7615] antlr4 | From_AProVE_2014__juHashMapCreatePut.jar -> ok  1903.77 ms  9216 KB  nodes=41554
[89/7615] cvc5 | From_AProVE_2014__juHashMapCreatePut.jar -> fail  10036.6 ms  1664 KB  nodes=0
[90/7615] smt-switch | From_AProVE_2014__juHashMapCreatePut.jar -> fail  10041 ms  1664 KB  nodes=0
[91/7615] native | From_AProVE_2014__juHashMapCreatePut.jar -> ok  91.0715 ms  18176 KB  nodes=1639
[92/7615] pysmt | From_AProVE_2014__juHashMapCreatePut.jar -> ok  114.939 ms  22308 KB  nodes=1852
[93/7615] jsmtlib | From_AProVE_2014__juHashMapCreatePut.jar -> ok  2743.95 ms  5120 KB  nodes=3845
[94/7615] z3 | From_AProVE_2014__juHashMapCreatePut.jar -> ok  40.137 ms  8192 KB  nodes=2939
[95/7615] antlr4 | From_AProVE_2014__juHashMapCreatePut.jar -> ok  1353.06 ms  9216 KB  nodes=46909
[96/7615] cvc5 | From_AProVE_2014__juHashMapCreatePut.jar -> fail  10000.8 ms  1664 KB  nodes=0
[97/7615] smt-switch | From_AProVE_2014__juHashMapCreatePut.jar -> fail  10027.5 ms  1664 KB  nodes=0
[98/7615] native | From_AProVE_2014__juHashMapCreatePut.jar -> ok  176.153 ms  18688 KB  nodes=2307
[99/7615] pysmt | From_AProVE_2014__juHashMapCreatePut.jar -> ok  161.524 ms  22252 KB  nodes=2591
[100/7615] jsmtlib | From_AProVE_2014__juHashMapCreatePut.jar -> ok  3148.34 ms  6144 KB  nodes=5663
[101/7615] z3 | From_AProVE_2014__juHashMapCreatePut.jar -> ok  46.076 ms  8192 KB  nodes=4405
[102/7615] antlr4 | From_AProVE_2014__juHashMapCreatePut.jar -> ok  1446.85 ms  12288 KB  nodes=69407
[103/7615] cvc5 | From_AProVE_2014__juHashMapCreatePut.jar -> ok  8150.59 ms  36992 KB  nodes=2592
[104/7615] smt-switch | From_AProVE_2014__juHashMapCreatePut.jar -> fail  10000.6 ms  1664 KB  nodes=0
[105/7615] native | From_AProVE_2014__juHashMapCreateIsEmpty -> ok  98.5458 ms  18432 KB  nodes=2053
[106/7615] pysmt | From_AProVE_2014__juHashMapCreateIsEmpty -> ok  176.066 ms  22372 KB  nodes=2332
[107/7615] jsmtlib | From_AProVE_2014__juHashMapCreateIsEmpty -> ok  3094.59 ms  6144 KB  nodes=4984
[108/7615] z3 | From_AProVE_2014__juHashMapCreateIsEmpty -> ok  77.688 ms  8192 KB  nodes=4107
[109/7615] antlr4 | From_AProVE_2014__juHashMapCreateIsEmpty -> ok  2521.08 ms  11264 KB  nodes=61034
[110/7615] cvc5 | From_AProVE_2014__juHashMapCreateIsEmpty -> fail  10020.1 ms  1664 KB  nodes=0
[111/7615] smt-switch | From_AProVE_2014__juHashMapCreateIsEmpty -> fail  10034.5 ms  1664 KB  nodes=0
[112/7615] native | From_AProVE_2014__juHashMapCreateContain -> ok  134.39 ms  18048 KB  nodes=1462
[113/7615] pysmt | From_AProVE_2014__juHashMapCreateContain -> ok  114.142 ms  22384 KB  nodes=1666
[114/7615] jsmtlib | From_AProVE_2014__juHashMapCreateContain -> ok  2497.83 ms  5120 KB  nodes=3321
[115/7615] z3 | From_AProVE_2014__juHashMapCreateContain -> ok  50.099 ms  8064 KB  nodes=2769
[116/7615] antlr4 | From_AProVE_2014__juHashMapCreateContain -> ok  1282.82 ms  9216 KB  nodes=40356
[117/7615] cvc5 | From_AProVE_2014__juHashMapCreateContain -> fail  10024.9 ms  1664 KB  nodes=0
[118/7615] smt-switch | From_AProVE_2014__juHashMapCreateContain -> fail  10011 ms  1664 KB  nodes=0
[119/7615] native | From_AProVE_2014__juHashMapCreateIsEmpty -> ok  100.458 ms  18432 KB  nodes=1509
[120/7615] pysmt | From_AProVE_2014__juHashMapCreateIsEmpty -> ok  123.222 ms  22132 KB  nodes=1703
[121/7615] jsmtlib | From_AProVE_2014__juHashMapCreateIsEmpty -> ok  3076.37 ms  5120 KB  nodes=3584
[122/7615] z3 | From_AProVE_2014__juHashMapCreateIsEmpty -> ok  51.37 ms  8064 KB  nodes=2743
[123/7615] antlr4 | From_AProVE_2014__juHashMapCreateIsEmpty -> ok  1939.58 ms  9216 KB  nodes=43608
[124/7615] cvc5 | From_AProVE_2014__juHashMapCreateIsEmpty -> fail  10018.4 ms  1664 KB  nodes=0
[125/7615] smt-switch | From_AProVE_2014__juHashMapCreateIsEmpty -> fail  10030 ms  1664 KB  nodes=0
[126/7615] native | From_AProVE_2014__juHashMapCreateRemove. -> ok  241.65 ms  18176 KB  nodes=1515
[127/7615] pysmt | From_AProVE_2014__juHashMapCreateRemove. -> ok  163.786 ms  22076 KB  nodes=1711
[128/7615] jsmtlib | From_AProVE_2014__juHashMapCreateRemove. -> ok  3704.83 ms  5120 KB  nodes=3598
[129/7615] z3 | From_AProVE_2014__juHashMapCreateRemove. -> ok  54.817 ms  8064 KB  nodes=2754
[130/7615] antlr4 | From_AProVE_2014__juHashMapCreateRemove. -> ok  1484.14 ms  9216 KB  nodes=43820
[131/7615] cvc5 | From_AProVE_2014__juHashMapCreateRemove. -> fail  10024.1 ms  1664 KB  nodes=0
[132/7615] smt-switch | From_AProVE_2014__juHashMapCreateRemove. -> fail  10049.8 ms  1664 KB  nodes=0
[133/7615] native | From_AProVE_2014__juHashMapCreateIterato -> ok  99.8118 ms  18304 KB  nodes=1526
[134/7615] pysmt | From_AProVE_2014__juHashMapCreateIterato -> ok  157.187 ms  22112 KB  nodes=1719
[135/7615] jsmtlib | From_AProVE_2014__juHashMapCreateIterato -> ok  2528.9 ms  5120 KB  nodes=3615
[136/7615] z3 | From_AProVE_2014__juHashMapCreateIterato -> ok  34.842 ms  8064 KB  nodes=2790
[137/7615] antlr4 | From_AProVE_2014__juHashMapCreateIterato -> ok  1609.02 ms  9216 KB  nodes=43896
[138/7615] cvc5 | From_AProVE_2014__juHashMapCreateIterato -> fail  10008.6 ms  1664 KB  nodes=0
[139/7615] smt-switch | From_AProVE_2014__juHashMapCreateIterato -> fail  10022.9 ms  1664 KB  nodes=0
[140/7615] native | From_AProVE_2014__Matrix.jar-obl-16__p10 -> ok  205.907 ms  18432 KB  nodes=1883
[141/7615] pysmt | From_AProVE_2014__Matrix.jar-obl-16__p10 -> ok  140.49 ms  22220 KB  nodes=2164
[142/7615] jsmtlib | From_AProVE_2014__Matrix.jar-obl-16__p10 -> ok  3385.33 ms  5120 KB  nodes=3511
[143/7615] z3 | From_AProVE_2014__Matrix.jar-obl-16__p10 -> ok  39.016 ms  8192 KB  nodes=2365
[144/7615] antlr4 | From_AProVE_2014__Matrix.jar-obl-16__p10 -> ok  1325.07 ms  9216 KB  nodes=43064
[145/7615] cvc5 | From_AProVE_2014__Matrix.jar-obl-16__p10 -> fail  10046.9 ms  1664 KB  nodes=0
[146/7615] smt-switch | From_AProVE_2014__Matrix.jar-obl-16__p10 -> fail  10058.3 ms  1664 KB  nodes=0
[147/7615] native | From_AProVE_2014__juHashMapCreateContain -> ok  159.446 ms  18304 KB  nodes=2043
[148/7615] pysmt | From_AProVE_2014__juHashMapCreateContain -> ok  133.945 ms  22288 KB  nodes=2322
[149/7615] jsmtlib | From_AProVE_2014__juHashMapCreateContain -> ok  2684.99 ms  6144 KB  nodes=4958
[150/7615] z3 | From_AProVE_2014__juHashMapCreateContain -> ok  64.612 ms  8192 KB  nodes=4164
[151/7615] antlr4 | From_AProVE_2014__juHashMapCreateContain -> ok  1532.76 ms  11264 KB  nodes=60564
[152/7615] cvc5 | From_AProVE_2014__juHashMapCreateContain -> fail  10030.7 ms  1664 KB  nodes=0
[153/7615] smt-switch | From_AProVE_2014__juHashMapCreateContain -> fail  10047.6 ms  1664 KB  nodes=0
[154/7615] native | From_AProVE_2014__juHashMapCreate.jar-ob -> ok  128.223 ms  18432 KB  nodes=1955
[155/7615] pysmt | From_AProVE_2014__juHashMapCreate.jar-ob -> ok  186.734 ms  22444 KB  nodes=2277
[156/7615] jsmtlib | From_AProVE_2014__juHashMapCreate.jar-ob -> ok  2808.86 ms  6144 KB  nodes=4728
[157/7615] z3 | From_AProVE_2014__juHashMapCreate.jar-ob -> ok  43.354 ms  8192 KB  nodes=3515
[158/7615] antlr4 | From_AProVE_2014__juHashMapCreate.jar-ob -> ok  1725.95 ms  11264 KB  nodes=59246
[159/7615] cvc5 | From_AProVE_2014__juHashMapCreate.jar-ob -> fail  10036 ms  1664 KB  nodes=0
[160/7615] smt-switch | From_AProVE_2014__juHashMapCreate.jar-ob -> fail  10020 ms  1664 KB  nodes=0
[161/7615] native | aproveSMT9054136929086877877.smt2 -> ok  316.883 ms  18688 KB  nodes=2207
[162/7615] pysmt | aproveSMT9054136929086877877.smt2 -> ok  185.904 ms  21904 KB  nodes=2237
[163/7615] jsmtlib | aproveSMT9054136929086877877.smt2 -> ok  3398.91 ms  6144 KB  nodes=3831
[164/7615] z3 | aproveSMT9054136929086877877.smt2 -> ok  70.658 ms  8320 KB  nodes=2237
[165/7615] antlr4 | aproveSMT9054136929086877877.smt2 -> ok  2280.78 ms  11264 KB  nodes=61066
[166/7615] cvc5 | aproveSMT9054136929086877877.smt2 -> fail  10029.3 ms  1664 KB  nodes=0
[167/7615] smt-switch | aproveSMT9054136929086877877.smt2 -> fail  10023.3 ms  1664 KB  nodes=0
[168/7615] native | From_AProVE_2014__juHashMapCreateContain -> ok  154.627 ms  18304 KB  nodes=1553
[169/7615] pysmt | From_AProVE_2014__juHashMapCreateContain -> ok  150.929 ms  22148 KB  nodes=1752
[170/7615] jsmtlib | From_AProVE_2014__juHashMapCreateContain -> ok  5165.21 ms  5120 KB  nodes=3742
[171/7615] z3 | From_AProVE_2014__juHashMapCreateContain -> ok  145.067 ms  8064 KB  nodes=2807
[172/7615] antlr4 | From_AProVE_2014__juHashMapCreateContain -> ok  2842.81 ms  9216 KB  nodes=45772
[173/7615] cvc5 | From_AProVE_2014__juHashMapCreateContain -> fail  10004.1 ms  1664 KB  nodes=0
[174/7615] smt-switch | From_AProVE_2014__juHashMapCreateContain -> fail  10039.9 ms  1664 KB  nodes=0
[175/7615] native | 804.smt2 -> ok  282.085 ms  18688 KB  nodes=2381
[176/7615] pysmt | 804.smt2 -> ok  198.57 ms  22708 KB  nodes=2906
[177/7615] jsmtlib | 804.smt2 -> ok  3942.65 ms  6144 KB  nodes=4106
[178/7615] z3 | 804.smt2 -> ok  73.508 ms  8192 KB  nodes=2907
[179/7615] antlr4 | 804.smt2 -> ok  1400.12 ms  10240 KB  nodes=55603
[180/7615] cvc5 | 804.smt2 -> ok  1331.1 ms  26624 KB  nodes=2907
[181/7615] smt-switch | 804.smt2 -> ok  427.103 ms  26240 KB  nodes=2907
[182/7615] native | From_AProVE_2014__juHashMapCreate.jar-ob -> ok  86.8003 ms  18560 KB  nodes=1847
[183/7615] pysmt | From_AProVE_2014__juHashMapCreate.jar-ob -> ok  169.461 ms  22248 KB  nodes=2090
[184/7615] jsmtlib | From_AProVE_2014__juHashMapCreate.jar-ob -> ok  4309.48 ms  6144 KB  nodes=4974
[185/7615] z3 | From_AProVE_2014__juHashMapCreate.jar-ob -> ok  51.572 ms  8192 KB  nodes=3759
[186/7615] antlr4 | From_AProVE_2014__juHashMapCreate.jar-ob -> ok  1862.13 ms  11264 KB  nodes=61637
[187/7615] cvc5 | From_AProVE_2014__juHashMapCreate.jar-ob -> fail  10018 ms  1664 KB  nodes=0
[188/7615] smt-switch | From_AProVE_2014__juHashMapCreate.jar-ob -> fail  10039.4 ms  1664 KB  nodes=0
[189/7615] native | 1785.smt2 -> ok  6281.15 ms  18432 KB  nodes=1943
[190/7615] pysmt | 1785.smt2 -> ok  147.571 ms  22048 KB  nodes=1984
[191/7615] jsmtlib | 1785.smt2 -> ok  3251.59 ms  5120 KB  nodes=3166
[192/7615] z3 | 1785.smt2 -> ok  62.958 ms  8192 KB  nodes=1984
[193/7615] antlr4 | 1785.smt2 -> ok  1597.43 ms  9216 KB  nodes=39592
[194/7615] cvc5 | 1785.smt2 -> ok  1562.29 ms  27904 KB  nodes=1984
[195/7615] smt-switch | 1785.smt2 -> ok  453.482 ms  24576 KB  nodes=1984
[196/7615] native | From_T2__zlib-adler32.c.t2__p26305_termi -> ok  164.26 ms  18432 KB  nodes=1775
[197/7615] pysmt | From_T2__zlib-adler32.c.t2__p26305_termi -> ok  239.174 ms  22476 KB  nodes=2209
[198/7615] jsmtlib | From_T2__zlib-adler32.c.t2__p26305_termi -> ok  3583.66 ms  5120 KB  nodes=3810
[199/7615] z3 | From_T2__zlib-adler32.c.t2__p26305_termi -> ok  57.509 ms  8192 KB  nodes=2828
[200/7615] antlr4 | From_T2__zlib-adler32.c.t2__p26305_termi -> ok  1927.57 ms  9216 KB  nodes=45383
[201/7615] cvc5 | From_T2__zlib-adler32.c.t2__p26305_termi -> fail  10023.6 ms  1664 KB  nodes=0
[202/7615] smt-switch | From_T2__zlib-adler32.c.t2__p26305_termi -> fail  10002.5 ms  1664 KB  nodes=0
[203/7615] native | From_AProVE_2014__juHashMapCreateContain -> ok  207.715 ms  18304 KB  nodes=1487
[204/7615] pysmt | From_AProVE_2014__juHashMapCreateContain -> ok  178.994 ms  21996 KB  nodes=1685
[205/7615] jsmtlib | From_AProVE_2014__juHashMapCreateContain -> ok  2338.13 ms  5120 KB  nodes=3548
[206/7615] z3 | From_AProVE_2014__juHashMapCreateContain -> ok  41.928 ms  8064 KB  nodes=2728
[207/7615] antlr4 | From_AProVE_2014__juHashMapCreateContain -> ok  1542.9 ms  9216 KB  nodes=43186
[208/7615] cvc5 | From_AProVE_2014__juHashMapCreateContain -> fail  10004.1 ms  1664 KB  nodes=0
[209/7615] smt-switch | From_AProVE_2014__juHashMapCreateContain -> fail  10006.7 ms  1664 KB  nodes=0
[210/7615] native | From_AProVE_2014__juHashMapCreateClear.j -> ok  146.751 ms  18176 KB  nodes=1437
[211/7615] pysmt | From_AProVE_2014__juHashMapCreateClear.j -> ok  136.283 ms  22228 KB  nodes=1629
[212/7615] jsmtlib | From_AProVE_2014__juHashMapCreateClear.j -> ok  2068.47 ms  5120 KB  nodes=3293
[213/7615] z3 | From_AProVE_2014__juHashMapCreateClear.j -> ok  31.21 ms  8064 KB  nodes=2687
[214/7615] antlr4 | From_AProVE_2014__juHashMapCreateClear.j -> ok  1523.82 ms  9216 KB  nodes=39917
[215/7615] cvc5 | From_AProVE_2014__juHashMapCreateClear.j -> fail  10005.3 ms  1664 KB  nodes=0
[216/7615] smt-switch | From_AProVE_2014__juHashMapCreateClear.j -> fail  10038.3 ms  1664 KB  nodes=0
[217/7615] native | From_AProVE_2014__juHashMapCreatePut.jar -> ok  145.528 ms  18432 KB  nodes=1696
[218/7615] pysmt | From_AProVE_2014__juHashMapCreatePut.jar -> ok  121.165 ms  21940 KB  nodes=1913
[219/7615] jsmtlib | From_AProVE_2014__juHashMapCreatePut.jar -> ok  2725.28 ms  5120 KB  nodes=4030
[220/7615] z3 | From_AProVE_2014__juHashMapCreatePut.jar -> ok  39.571 ms  8192 KB  nodes=3031
[221/7615] antlr4 | From_AProVE_2014__juHashMapCreatePut.jar -> ok  1907 ms  10240 KB  nodes=49176
[222/7615] cvc5 | From_AProVE_2014__juHashMapCreatePut.jar -> fail  10010.2 ms  1664 KB  nodes=0
[223/7615] smt-switch | From_AProVE_2014__juHashMapCreatePut.jar -> fail  10015.2 ms  1664 KB  nodes=0
[224/7615] native | From_AProVE_2014__juHashMapCreateIterato -> ok  183.533 ms  18688 KB  nodes=2165
[225/7615] pysmt | From_AProVE_2014__juHashMapCreateIterato -> ok  202.078 ms  22236 KB  nodes=2450
[226/7615] jsmtlib | From_AProVE_2014__juHashMapCreateIterato -> ok  2717.33 ms  6144 KB  nodes=5435
[227/7615] z3 | From_AProVE_2014__juHashMapCreateIterato -> ok  87.861 ms  8064 KB  nodes=4196
[228/7615] antlr4 | From_AProVE_2014__juHashMapCreateIterato -> ok  2305.88 ms  12288 KB  nodes=66792
[229/7615] cvc5 | From_AProVE_2014__juHashMapCreateIterato -> ok  9446.99 ms  33920 KB  nodes=2450
[230/7615] smt-switch | From_AProVE_2014__juHashMapCreateIterato -> fail  10034 ms  1664 KB  nodes=0
[231/7615] native | From_AProVE_2014__juHashMapCreateClear.j -> ok  208.095 ms  18560 KB  nodes=2002
[232/7615] pysmt | From_AProVE_2014__juHashMapCreateClear.j -> ok  213.861 ms  22332 KB  nodes=2266
[233/7615] jsmtlib | From_AProVE_2014__juHashMapCreateClear.j -> ok  2641.66 ms  6144 KB  nodes=4832
[234/7615] z3 | From_AProVE_2014__juHashMapCreateClear.j -> ok  35.119 ms  7936 KB  nodes=4025
[235/7615] antlr4 | From_AProVE_2014__juHashMapCreateClear.j -> ok  1453.16 ms  11264 KB  nodes=58981
[236/7615] cvc5 | From_AProVE_2014__juHashMapCreateClear.j -> ok  6532.72 ms  33920 KB  nodes=2266
[237/7615] smt-switch | From_AProVE_2014__juHashMapCreateClear.j -> fail  10024.2 ms  1664 KB  nodes=0
[238/7615] native | 1637.smt2 -> ok  169.354 ms  18688 KB  nodes=2150
[239/7615] pysmt | 1637.smt2 -> ok  178.044 ms  22624 KB  nodes=2410
[240/7615] jsmtlib | 1637.smt2 -> ok  2164.99 ms  6144 KB  nodes=4085
[241/7615] z3 | 1637.smt2 -> ok  43.611 ms  8320 KB  nodes=2411
[242/7615] antlr4 | 1637.smt2 -> ok  1227.84 ms  10240 KB  nodes=53721
[243/7615] cvc5 | 1637.smt2 -> fail  10012.4 ms  1664 KB  nodes=0
[244/7615] smt-switch | 1637.smt2 -> ok  1318.73 ms  27776 KB  nodes=2411
[245/7615] native | From_T2__bakery.t2__p17208_terminationG_ -> ok  6291.9 ms  18432 KB  nodes=1382
[246/7615] pysmt | From_T2__bakery.t2__p17208_terminationG_ -> ok  124.697 ms  22372 KB  nodes=1641
[247/7615] jsmtlib | From_T2__bakery.t2__p17208_terminationG_ -> ok  2516.19 ms  5120 KB  nodes=3375
[248/7615] z3 | From_T2__bakery.t2__p17208_terminationG_ -> ok  6239.22 ms  8192 KB  nodes=1691
[249/7615] antlr4 | From_T2__bakery.t2__p17208_terminationG_ -> ok  1365.64 ms  9216 KB  nodes=44092
[250/7615] cvc5 | From_T2__bakery.t2__p17208_terminationG_ -> fail  10020.2 ms  1664 KB  nodes=0
[251/7615] smt-switch | From_T2__bakery.t2__p17208_terminationG_ -> fail  10033.7 ms  1664 KB  nodes=0
[252/7615] native | From_AProVE_2014__juHashMapCreatePut.jar -> ok  148.168 ms  18176 KB  nodes=1575
[253/7615] pysmt | From_AProVE_2014__juHashMapCreatePut.jar -> ok  130.512 ms  22092 KB  nodes=1788
[254/7615] jsmtlib | From_AProVE_2014__juHashMapCreatePut.jar -> ok  2767.49 ms  5120 KB  nodes=3594
[255/7615] z3 | From_AProVE_2014__juHashMapCreatePut.jar -> ok  39.065 ms  8064 KB  nodes=2904
[256/7615] antlr4 | From_AProVE_2014__juHashMapCreatePut.jar -> ok  1268.45 ms  9216 KB  nodes=43691
[257/7615] cvc5 | From_AProVE_2014__juHashMapCreatePut.jar -> fail  10019.4 ms  1664 KB  nodes=0
[258/7615] smt-switch | From_AProVE_2014__juHashMapCreatePut.jar -> fail  10044.8 ms  1664 KB  nodes=0
[259/7615] native | From_AProVE_2014__juHashMapCreateIsEmpty -> ok  216.379 ms  18432 KB  nodes=1588
[260/7615] pysmt | From_AProVE_2014__juHashMapCreateIsEmpty -> ok  158.734 ms  22308 KB  nodes=1796
[261/7615] jsmtlib | From_AProVE_2014__juHashMapCreateIsEmpty -> ok  2197.79 ms  5120 KB  nodes=3835
[262/7615] z3 | From_AProVE_2014__juHashMapCreateIsEmpty -> ok  40.163 ms  8192 KB  nodes=2868
[263/7615] antlr4 | From_AProVE_2014__juHashMapCreateIsEmpty -> ok  1851.93 ms  9216 KB  nodes=46920
[264/7615] cvc5 | From_AProVE_2014__juHashMapCreateIsEmpty -> fail  10000.8 ms  1664 KB  nodes=0
[265/7615] smt-switch | From_AProVE_2014__juHashMapCreateIsEmpty -> fail  10021.8 ms  1664 KB  nodes=0
[266/7615] native | From_T2__slayer-3-filtered.t2__p21544_te -> ok  344.112 ms  19840 KB  nodes=4874
[267/7615] pysmt | From_T2__slayer-3-filtered.t2__p21544_te -> ok  735.113 ms  25020 KB  nodes=5536
[268/7615] jsmtlib | From_T2__slayer-3-filtered.t2__p21544_te -> ok  3102.99 ms  13312 KB  nodes=12394
[269/7615] z3 | From_T2__slayer-3-filtered.t2__p21544_te -> ok  92.618 ms  8832 KB  nodes=7392
[270/7615] antlr4 | From_T2__slayer-3-filtered.t2__p21544_te -> ok  2013.41 ms  21504 KB  nodes=157654
[271/7615] cvc5 | From_T2__slayer-3-filtered.t2__p21544_te -> fail  10034.1 ms  1664 KB  nodes=0
[272/7615] smt-switch | From_T2__slayer-3-filtered.t2__p21544_te -> fail  10017.1 ms  1664 KB  nodes=0
[273/7615] native | From_AProVE_2014__juHashMapCreateIsEmpty -> ok  202.525 ms  18944 KB  nodes=2853
[274/7615] pysmt | From_AProVE_2014__juHashMapCreateIsEmpty -> ok  478.756 ms  23020 KB  nodes=3271
[275/7615] jsmtlib | From_AProVE_2014__juHashMapCreateIsEmpty -> ok  3194.09 ms  8192 KB  nodes=7159
[276/7615] z3 | From_AProVE_2014__juHashMapCreateIsEmpty -> ok  75.084 ms  8320 KB  nodes=5823
[277/7615] antlr4 | From_AProVE_2014__juHashMapCreateIsEmpty -> ok  2961.08 ms  14336 KB  nodes=88850
[278/7615] cvc5 | From_AProVE_2014__juHashMapCreateIsEmpty -> fail  10041.4 ms  1664 KB  nodes=0
[279/7615] smt-switch | From_AProVE_2014__juHashMapCreateIsEmpty -> fail  10019.3 ms  1664 KB  nodes=0
[280/7615] native | geo3-ll_unwindbound5-O0.smt2 -> ok  310.455 ms  19712 KB  nodes=5362
[281/7615] pysmt | geo3-ll_unwindbound5-O0.smt2 -> ok  1660.21 ms  32728 KB  nodes=31685
[282/7615] jsmtlib | geo3-ll_unwindbound5-O0.smt2 -> fail  3526.48 ms  1664 KB  nodes=0
[283/7615] z3 | geo3-ll_unwindbound5-O0.smt2 -> ok  117.329 ms  8704 KB  nodes=6219
[284/7615] antlr4 | geo3-ll_unwindbound5-O0.smt2 -> ok  1815.8 ms  14336 KB  nodes=94740
[285/7615] cvc5 | geo3-ll_unwindbound5-O0.smt2 -> ok  880.47 ms  27392 KB  nodes=5601
[286/7615] smt-switch | geo3-ll_unwindbound5-O0.smt2 -> ok  873.068 ms  27128 KB  nodes=6219
[287/7615] native | From_T2__apchildlive-succeed.t2_fixed__p -> ok  1493.41 ms  32300 KB  nodes=36797
[288/7615] pysmt | From_T2__apchildlive-succeed.t2_fixed__p -> timeout  10000 ms  35564 KB  nodes=39619
[289/7615] jsmtlib | From_T2__apchildlive-succeed.t2_fixed__p -> ok  3919.35 ms  39264 KB  nodes=73203
[290/7615] z3 | From_T2__apchildlive-succeed.t2_fixed__p -> ok  453.958 ms  14308 KB  nodes=61513
[291/7615] antlr4 | From_T2__apchildlive-succeed.t2_fixed__p -> ok  3122.83 ms  104656 KB  nodes=904153
[292/7615] cvc5 | From_T2__apchildlive-succeed.t2_fixed__p -> fail  10003.1 ms  1664 KB  nodes=0
[293/7615] smt-switch | From_T2__apchildlive-succeed.t2_fixed__p -> fail  10057.7 ms  1664 KB  nodes=0
[294/7615] native | From_T2__apchild-accepted-fail.t2_fixed_ -> ok  252.251 ms  22572 KB  nodes=12538
[295/7615] pysmt | From_T2__apchild-accepted-fail.t2_fixed_ -> ok  2377.83 ms  28044 KB  nodes=15128
[296/7615] jsmtlib | From_T2__apchild-accepted-fail.t2_fixed_ -> ok  4128.26 ms  9888 KB  nodes=30492
[297/7615] z3 | From_T2__apchild-accepted-fail.t2_fixed_ -> ok  251.413 ms  10296 KB  nodes=21891
[298/7615] antlr4 | From_T2__apchild-accepted-fail.t2_fixed_ -> ok  2828.53 ms  40656 KB  nodes=361676
[299/7615] cvc5 | From_T2__apchild-accepted-fail.t2_fixed_ -> fail  10017.8 ms  1664 KB  nodes=0
[300/7615] smt-switch | From_T2__apchild-accepted-fail.t2_fixed_ -> fail  10018.8 ms  1664 KB  nodes=0
[301/7615] native | Ton_Chanh_15__Hanoi_plus_false-terminati -> ok  228.166 ms  18944 KB  nodes=2650
[302/7615] pysmt | Ton_Chanh_15__Hanoi_plus_false-terminati -> ok  648.457 ms  22888 KB  nodes=2997
[303/7615] jsmtlib | Ton_Chanh_15__Hanoi_plus_false-terminati -> ok  4342.35 ms  9216 KB  nodes=8142
[304/7615] z3 | Ton_Chanh_15__Hanoi_plus_false-terminati -> ok  121.523 ms  8320 KB  nodes=5340
[305/7615] antlr4 | Ton_Chanh_15__Hanoi_plus_false-terminati -> ok  2138.5 ms  15360 KB  nodes=102168
[306/7615] cvc5 | Ton_Chanh_15__Hanoi_plus_false-terminati -> fail  10044.4 ms  1664 KB  nodes=0
[307/7615] smt-switch | Ton_Chanh_15__Hanoi_plus_false-terminati -> fail  10011.1 ms  1664 KB  nodes=0
[308/7615] native | From_AProVE_2014__juLinkedListCreateAddA -> ok  388.48 ms  19936 KB  nodes=5262
[309/7615] pysmt | From_AProVE_2014__juLinkedListCreateAddA -> ok  1041.79 ms  24496 KB  nodes=6156
[310/7615] jsmtlib | From_AProVE_2014__juLinkedListCreateAddA -> ok  3740.61 ms  14336 KB  nodes=13581
[311/7615] z3 | From_AProVE_2014__juLinkedListCreateAddA -> ok  88.502 ms  8832 KB  nodes=11247
[312/7615] antlr4 | From_AProVE_2014__juLinkedListCreateAddA -> ok  2537.46 ms  19084 KB  nodes=170756
[313/7615] cvc5 | From_AProVE_2014__juLinkedListCreateAddA -> fail  10013.3 ms  1664 KB  nodes=0
[314/7615] smt-switch | From_AProVE_2014__juLinkedListCreateAddA -> fail  10037.7 ms  1664 KB  nodes=0
[315/7615] native | From_T2__fun6.t2_fixed__p1075_edge_closi -> ok  768.197 ms  20608 KB  nodes=7005
[316/7615] pysmt | From_T2__fun6.t2_fixed__p1075_edge_closi -> ok  1250.33 ms  24684 KB  nodes=7585
[317/7615] jsmtlib | From_T2__fun6.t2_fixed__p1075_edge_closi -> ok  4377.65 ms  11264 KB  nodes=13114
[318/7615] z3 | From_T2__fun6.t2_fixed__p1075_edge_closi -> ok  237.485 ms  8960 KB  nodes=10978
[319/7615] antlr4 | From_T2__fun6.t2_fixed__p1075_edge_closi -> ok  3762.99 ms  21504 KB  nodes=151418
[320/7615] cvc5 | From_T2__fun6.t2_fixed__p1075_edge_closi -> fail  10008.4 ms  1664 KB  nodes=0
[321/7615] smt-switch | From_T2__fun6.t2_fixed__p1075_edge_closi -> fail  10017.5 ms  1664 KB  nodes=0
[322/7615] native | From_T2__hqr.c.i.hqr.pl.t2.fixed.t2_fixe -> ok  226.872 ms  20676 KB  nodes=7239
[323/7615] pysmt | From_T2__hqr.c.i.hqr.pl.t2.fixed.t2_fixe -> ok  998.907 ms  24596 KB  nodes=8091
[324/7615] jsmtlib | From_T2__hqr.c.i.hqr.pl.t2.fixed.t2_fixe -> ok  3669.06 ms  18432 KB  nodes=19210
[325/7615] z3 | From_T2__hqr.c.i.hqr.pl.t2.fixed.t2_fixe -> ok  83.384 ms  9472 KB  nodes=12415
[326/7615] antlr4 | From_T2__hqr.c.i.hqr.pl.t2.fixed.t2_fixe -> ok  2575.56 ms  25204 KB  nodes=231882
[327/7615] cvc5 | From_T2__hqr.c.i.hqr.pl.t2.fixed.t2_fixe -> fail  10010.7 ms  1664 KB  nodes=0
[328/7615] smt-switch | From_T2__hqr.c.i.hqr.pl.t2.fixed.t2_fixe -> fail  10027.6 ms  1664 KB  nodes=0
[329/7615] native | From_T2__cover.t2__p18606_edge_closing_0 -> fail  10013 ms  1664 KB  nodes=0
[330/7615] pysmt | From_T2__cover.t2__p18606_edge_closing_0 -> fail  10049.1 ms  1664 KB  nodes=0
[331/7615] jsmtlib | From_T2__cover.t2__p18606_edge_closing_0 -> fail  10021.9 ms  1664 KB  nodes=0
[332/7615] z3 | From_T2__cover.t2__p18606_edge_closing_0 -> ok  7781.11 ms  249244 KB  nodes=833531
[333/7615] antlr4 | From_T2__cover.t2__p18606_edge_closing_0 -> fail  10008.9 ms  1664 KB  nodes=0
[334/7615] cvc5 | From_T2__cover.t2__p18606_edge_closing_0 -> fail  10006.8 ms  1664 KB  nodes=0
[335/7615] smt-switch | From_T2__cover.t2__p18606_edge_closing_0 -> fail  10045 ms  1664 KB  nodes=0
[336/7615] native | From_T2__slayer-4-filtered.t2__p22619_sa -> ok  283.131 ms  19072 KB  nodes=3557
[337/7615] pysmt | From_T2__slayer-4-filtered.t2__p22619_sa -> ok  440.936 ms  23480 KB  nodes=4369
[338/7615] jsmtlib | From_T2__slayer-4-filtered.t2__p22619_sa -> ok  3026.92 ms  10240 KB  nodes=9084
[339/7615] z3 | From_T2__slayer-4-filtered.t2__p22619_sa -> ok  71.986 ms  8704 KB  nodes=5672
[340/7615] antlr4 | From_T2__slayer-4-filtered.t2__p22619_sa -> ok  1948.27 ms  16384 KB  nodes=109182
[341/7615] cvc5 | From_T2__slayer-4-filtered.t2__p22619_sa -> fail  10012.7 ms  1664 KB  nodes=0
[342/7615] smt-switch | From_T2__slayer-4-filtered.t2__p22619_sa -> fail  10031.4 ms  1664 KB  nodes=0
[343/7615] native | From_T2__s1-striped.t2__p12020_terminati -> ok  430.572 ms  21744 KB  nodes=10056
[344/7615] pysmt | From_T2__s1-striped.t2__p12020_terminati -> ok  1441.21 ms  26884 KB  nodes=10950
[345/7615] jsmtlib | From_T2__s1-striped.t2__p12020_terminati -> ok  3103.49 ms  21504 KB  nodes=23216
[346/7615] z3 | From_T2__s1-striped.t2__p12020_terminati -> timeout  10000 ms  9516 KB  nodes=18658
[347/7615] antlr4 | From_T2__s1-striped.t2__p12020_terminati -> ok  2114.68 ms  30416 KB  nodes=282841
[348/7615] cvc5 | From_T2__s1-striped.t2__p12020_terminati -> fail  10008 ms  1664 KB  nodes=0
[349/7615] smt-switch | From_T2__s1-striped.t2__p12020_terminati -> fail  10047.8 ms  1664 KB  nodes=0
[350/7615] native | From_AProVE_2014__juLinkedListCreateAddA -> timeout  10000 ms  20592 KB  nodes=7823
[351/7615] pysmt | From_AProVE_2014__juLinkedListCreateAddA -> ok  1842.88 ms  25140 KB  nodes=9107
[352/7615] jsmtlib | From_AProVE_2014__juLinkedListCreateAddA -> ok  5889.84 ms  19456 KB  nodes=19273
[353/7615] z3 | From_AProVE_2014__juLinkedListCreateAddA -> ok  227.531 ms  9088 KB  nodes=15485
[354/7615] antlr4 | From_AProVE_2014__juLinkedListCreateAddA -> ok  3773.96 ms  26192 KB  nodes=245123
[355/7615] cvc5 | From_AProVE_2014__juLinkedListCreateAddA -> fail  10035.9 ms  1664 KB  nodes=0
[356/7615] smt-switch | From_AProVE_2014__juLinkedListCreateAddA -> fail  10006 ms  1664 KB  nodes=0
[357/7615] native | From_T2__s1.t2__p18725_safety_0.smt2 -> ok  318.324 ms  19072 KB  nodes=3455
[358/7615] pysmt | From_T2__s1.t2__p18725_safety_0.smt2 -> ok  452.097 ms  23376 KB  nodes=4094
[359/7615] jsmtlib | From_T2__s1.t2__p18725_safety_0.smt2 -> ok  3170.7 ms  10240 KB  nodes=9105
[360/7615] z3 | From_T2__s1.t2__p18725_safety_0.smt2 -> ok  133.366 ms  8448 KB  nodes=5759
[361/7615] antlr4 | From_T2__s1.t2__p18725_safety_0.smt2 -> ok  1753.68 ms  16384 KB  nodes=111052
[362/7615] cvc5 | From_T2__s1.t2__p18725_safety_0.smt2 -> fail  10012.7 ms  1664 KB  nodes=0
[363/7615] smt-switch | From_T2__s1.t2__p18725_safety_0.smt2 -> fail  10010.5 ms  1664 KB  nodes=0
[364/7615] native | From_T2__db2.t2_fixed__terminationS_1_0. -> ok  525.373 ms  19456 KB  nodes=4278
[365/7615] pysmt | From_T2__db2.t2_fixed__terminationS_1_0. -> ok  862.236 ms  23536 KB  nodes=5220
[366/7615] jsmtlib | From_T2__db2.t2_fixed__terminationS_1_0. -> ok  2400.66 ms  13312 KB  nodes=13557
[367/7615] z3 | From_T2__db2.t2_fixed__terminationS_1_0. -> ok  196.412 ms  8944 KB  nodes=7302
[368/7615] antlr4 | From_T2__db2.t2_fixed__terminationS_1_0. -> ok  1853.44 ms  22528 KB  nodes=164448
[369/7615] cvc5 | From_T2__db2.t2_fixed__terminationS_1_0. -> fail  10009.9 ms  1664 KB  nodes=0
[370/7615] smt-switch | From_T2__db2.t2_fixed__terminationS_1_0. -> fail  10027.9 ms  1664 KB  nodes=0
[371/7615] native | From_T2__slayer-3.t2__p22273_termination -> ok  527.457 ms  20552 KB  nodes=6697
[372/7615] pysmt | From_T2__slayer-3.t2__p22273_termination -> ok  863.122 ms  24700 KB  nodes=7726
[373/7615] jsmtlib | From_T2__slayer-3.t2__p22273_termination -> ok  3704.92 ms  15360 KB  nodes=14484
[374/7615] z3 | From_T2__slayer-3.t2__p22273_termination -> ok  145.963 ms  9088 KB  nodes=8316
[375/7615] antlr4 | From_T2__slayer-3.t2__p22273_termination -> ok  1857.71 ms  20092 KB  nodes=182672
[376/7615] cvc5 | From_T2__slayer-3.t2__p22273_termination -> fail  10043.7 ms  1664 KB  nodes=0
[377/7615] smt-switch | From_T2__slayer-3.t2__p22273_termination -> fail  10009.5 ms  1664 KB  nodes=0
[378/7615] native | From_AProVE_2014__juLinkedListCreateAddA -> ok  391.323 ms  20864 KB  nodes=7907
[379/7615] pysmt | From_AProVE_2014__juLinkedListCreateAddA -> ok  1609.12 ms  25232 KB  nodes=9282
[380/7615] jsmtlib | From_AProVE_2014__juLinkedListCreateAddA -> ok  4210.92 ms  22528 KB  nodes=23737
[381/7615] z3 | From_AProVE_2014__juLinkedListCreateAddA -> ok  279.038 ms  9208 KB  nodes=18575
[382/7615] antlr4 | From_AProVE_2014__juLinkedListCreateAddA -> ok  4709.91 ms  33329 KB  nodes=302706
[383/7615] cvc5 | From_AProVE_2014__juLinkedListCreateAddA -> fail  10052.4 ms  1664 KB  nodes=0
[384/7615] smt-switch | From_AProVE_2014__juLinkedListCreateAddA -> fail  10015.7 ms  1664 KB  nodes=0
[385/7615] native | aproveSMT1974177102832544503.smt2 -> ok  908.961 ms  19456 KB  nodes=4629
[386/7615] pysmt | aproveSMT1974177102832544503.smt2 -> ok  642.926 ms  23064 KB  nodes=4716
[387/7615] jsmtlib | aproveSMT1974177102832544503.smt2 -> ok  2970.35 ms  10240 KB  nodes=8050
[388/7615] z3 | aproveSMT1974177102832544503.smt2 -> ok  98.536 ms  8704 KB  nodes=4716
[389/7615] antlr4 | aproveSMT1974177102832544503.smt2 -> ok  2852.96 ms  18432 KB  nodes=127572
[390/7615] cvc5 | aproveSMT1974177102832544503.smt2 -> fail  10023.9 ms  1664 KB  nodes=0
[391/7615] smt-switch | aproveSMT1974177102832544503.smt2 -> fail  10012.3 ms  1664 KB  nodes=0
[392/7615] native | From_T2__hqr.t2__p1765_terminationG_0.sm -> timeout  10000 ms  49256 KB  nodes=78031
[393/7615] pysmt | From_T2__hqr.t2__p1765_terminationG_0.sm -> fail  10048.4 ms  1664 KB  nodes=0
[394/7615] jsmtlib | From_T2__hqr.t2__p1765_terminationG_0.sm -> fail  10011 ms  1664 KB  nodes=0
[395/7615] z3 | From_T2__hqr.t2__p1765_terminationG_0.sm -> ok  1154.54 ms  28552 KB  nodes=132836
[396/7615] antlr4 | From_T2__hqr.t2__p1765_terminationG_0.sm -> fail  10002.4 ms  1664 KB  nodes=0
[397/7615] cvc5 | From_T2__hqr.t2__p1765_terminationG_0.sm -> fail  10028.4 ms  1664 KB  nodes=0
[398/7615] smt-switch | From_T2__hqr.t2__p1765_terminationG_0.sm -> fail  10001.2 ms  1664 KB  nodes=0
[399/7615] native | From_T2__apchild-live.t2_fixed__p16589_t -> ok  542.079 ms  21532 KB  nodes=9656
[400/7615] pysmt | From_T2__apchild-live.t2_fixed__p16589_t -> ok  1542.64 ms  26260 KB  nodes=11055
[401/7615] jsmtlib | From_T2__apchild-live.t2_fixed__p16589_t -> ok  4404.94 ms  17408 KB  nodes=17620
[402/7615] z3 | From_T2__apchild-live.t2_fixed__p16589_t -> ok  1279.91 ms  9344 KB  nodes=13186
[403/7615] antlr4 | From_T2__apchild-live.t2_fixed__p16589_t -> ok  4086.18 ms  23056 KB  nodes=208833
[404/7615] cvc5 | From_T2__apchild-live.t2_fixed__p16589_t -> fail  10066.3 ms  1664 KB  nodes=0
[405/7615] smt-switch | From_T2__apchild-live.t2_fixed__p16589_t -> fail  10036.7 ms  1664 KB  nodes=0
[406/7615] native | From_AProVE_2014__MysteriousProgram.jar- -> ok  237.423 ms  19456 KB  nodes=4407
[407/7615] pysmt | From_AProVE_2014__MysteriousProgram.jar- -> ok  1009.18 ms  23168 KB  nodes=5239
[408/7615] jsmtlib | From_AProVE_2014__MysteriousProgram.jar- -> ok  3471.47 ms  11264 KB  nodes=10111
[409/7615] z3 | From_AProVE_2014__MysteriousProgram.jar- -> ok  328.925 ms  8192 KB  nodes=7346
[410/7615] antlr4 | From_AProVE_2014__MysteriousProgram.jar- -> ok  2250.57 ms  17408 KB  nodes=123233
[411/7615] cvc5 | From_AProVE_2014__MysteriousProgram.jar- -> fail  10063.2 ms  1664 KB  nodes=0
[412/7615] smt-switch | From_AProVE_2014__MysteriousProgram.jar- -> fail  10020.9 ms  1664 KB  nodes=0
[413/7615] native | From_AProVE_2014__juLinkedListCreateCont -> ok  924.869 ms  27904 KB  nodes=25125
[414/7615] pysmt | From_AProVE_2014__juLinkedListCreateCont -> ok  3752.2 ms  33100 KB  nodes=29487
[415/7615] jsmtlib | From_AProVE_2014__juLinkedListCreateCont -> ok  4699.5 ms  28192 KB  nodes=58933
[416/7615] z3 | From_AProVE_2014__juLinkedListCreateCont -> timeout  10000 ms  12408 KB  nodes=43432
[417/7615] antlr4 | From_AProVE_2014__juLinkedListCreateCont -> ok  4057.01 ms  85200 KB  nodes=743195
[418/7615] cvc5 | From_AProVE_2014__juLinkedListCreateCont -> fail  10039.7 ms  1664 KB  nodes=0
[419/7615] smt-switch | From_AProVE_2014__juLinkedListCreateCont -> fail  10009.8 ms  1664 KB  nodes=0
[420/7615] native | From_T2__fun1.t2__p818_terminationG_0.sm -> ok  1790.44 ms  31572 KB  nodes=35626
[421/7615] pysmt | From_T2__fun1.t2__p818_terminationG_0.sm -> timeout  10000 ms  38112 KB  nodes=43074
[422/7615] jsmtlib | From_T2__fun1.t2__p818_terminationG_0.sm -> ok  4844.68 ms  39156 KB  nodes=66321
[423/7615] z3 | From_T2__fun1.t2__p818_terminationG_0.sm -> ok  650.169 ms  23628 KB  nodes=43892
[424/7615] antlr4 | From_T2__fun1.t2__p818_terminationG_0.sm -> ok  5240.26 ms  92393 KB  nodes=814435
[425/7615] cvc5 | From_T2__fun1.t2__p818_terminationG_0.sm -> fail  10055.3 ms  1664 KB  nodes=0
[426/7615] smt-switch | From_T2__fun1.t2__p818_terminationG_0.sm -> fail  10016.8 ms  1664 KB  nodes=0
[427/7615] native | gauss_sum.i.v+cfa-reducer-O0.smt2 -> ok  670.228 ms  22052 KB  nodes=10987
[428/7615] pysmt | gauss_sum.i.v+cfa-reducer-O0.smt2 -> ok  6411.71 ms  43264 KB  nodes=66348
[429/7615] jsmtlib | gauss_sum.i.v+cfa-reducer-O0.smt2 -> fail  6466.34 ms  1664 KB  nodes=0
[430/7615] z3 | gauss_sum.i.v+cfa-reducer-O0.smt2 -> ok  174.664 ms  9396 KB  nodes=12391
[431/7615] antlr4 | gauss_sum.i.v+cfa-reducer-O0.smt2 -> ok  3050.66 ms  20940 KB  nodes=196092
[432/7615] cvc5 | gauss_sum.i.v+cfa-reducer-O0.smt2 -> ok  1553.67 ms  30720 KB  nodes=11360
[433/7615] smt-switch | gauss_sum.i.v+cfa-reducer-O0.smt2 -> ok  1996.93 ms  30096 KB  nodes=12391
[434/7615] native | From_AProVE_2014__juHashMapCreate.jar-ob -> ok  423.89 ms  19328 KB  nodes=4485
[435/7615] pysmt | From_AProVE_2014__juHashMapCreate.jar-ob -> ok  685.906 ms  23260 KB  nodes=5138
[436/7615] jsmtlib | From_AProVE_2014__juHashMapCreate.jar-ob -> ok  3255.18 ms  11264 KB  nodes=11984
[437/7615] z3 | From_AProVE_2014__juHashMapCreate.jar-ob -> ok  62.041 ms  8704 KB  nodes=9696
[438/7615] antlr4 | From_AProVE_2014__juHashMapCreate.jar-ob -> ok  2324.83 ms  20480 KB  nodes=150045
[439/7615] cvc5 | From_AProVE_2014__juHashMapCreate.jar-ob -> fail  10047.9 ms  1664 KB  nodes=0
[440/7615] smt-switch | From_AProVE_2014__juHashMapCreate.jar-ob -> fail  10008.5 ms  1664 KB  nodes=0
[441/7615] native | From_T2__apchild-live.t2__terminationS_3 -> ok  1049.15 ms  20732 KB  nodes=7983
[442/7615] pysmt | From_T2__apchild-live.t2__terminationS_3 -> ok  1454.87 ms  24824 KB  nodes=9220
[443/7615] jsmtlib | From_T2__apchild-live.t2__terminationS_3 -> ok  4046.41 ms  18432 KB  nodes=18869
[444/7615] z3 | From_T2__apchild-live.t2__terminationS_3 -> ok  149.483 ms  9344 KB  nodes=13811
[445/7615] antlr4 | From_T2__apchild-live.t2__terminationS_3 -> ok  2927.72 ms  24272 KB  nodes=223047
[446/7615] cvc5 | From_T2__apchild-live.t2__terminationS_3 -> fail  10019.1 ms  1664 KB  nodes=0
[447/7615] smt-switch | From_T2__apchild-live.t2__terminationS_3 -> fail  10014.9 ms  1664 KB  nodes=0
[448/7615] native | From_T2__s1-striped.t2__p12281_safety_0. -> ok  7208.18 ms  18816 KB  nodes=3201
[449/7615] pysmt | From_T2__s1-striped.t2__p12281_safety_0. -> ok  695.287 ms  23060 KB  nodes=3861
[450/7615] jsmtlib | From_T2__s1-striped.t2__p12281_safety_0. -> ok  3158.08 ms  9216 KB  nodes=8267
[451/7615] z3 | From_T2__s1-striped.t2__p12281_safety_0. -> ok  62.271 ms  8576 KB  nodes=5398
[452/7615] antlr4 | From_T2__s1-striped.t2__p12281_safety_0. -> ok  2401.93 ms  15360 KB  nodes=100391
[453/7615] cvc5 | From_T2__s1-striped.t2__p12281_safety_0. -> fail  10017.4 ms  1664 KB  nodes=0
[454/7615] smt-switch | From_T2__s1-striped.t2__p12281_safety_0. -> fail  10034.8 ms  1664 KB  nodes=0
[455/7615] native | From_AProVE_2014__juLinkedListCreateAddA -> ok  234.853 ms  19072 KB  nodes=3805
[456/7615] pysmt | From_AProVE_2014__juLinkedListCreateAddA -> ok  722.276 ms  22804 KB  nodes=4547
[457/7615] jsmtlib | From_AProVE_2014__juLinkedListCreateAddA -> ok  3053.84 ms  8192 KB  nodes=8394
[458/7615] z3 | From_AProVE_2014__juLinkedListCreateAddA -> ok  278.354 ms  8192 KB  nodes=6809
[459/7615] antlr4 | From_AProVE_2014__juLinkedListCreateAddA -> fail  10062.7 ms  1536 KB  nodes=0
[460/7615] cvc5 | From_AProVE_2014__juLinkedListCreateAddA -> fail  10067.6 ms  1536 KB  nodes=0
[461/7615] smt-switch | From_AProVE_2014__juLinkedListCreateAddA -> timeout  10000 ms   KB  nodes=
[462/7615] native | From_T2__db3.t2__p18773_terminationG_0.s -> timeout  10000 ms   KB  nodes=
[463/7615] pysmt | From_T2__db3.t2__p18773_terminationG_0.s -> timeout  10000 ms   KB  nodes=
[464/7615] jsmtlib | From_T2__db3.t2__p18773_terminationG_0.s -> timeout  10000 ms   KB  nodes=
[465/7615] z3 | From_T2__db3.t2__p18773_terminationG_0.s -> timeout  10000 ms   KB  nodes=
[466/7615] antlr4 | From_T2__db3.t2__p18773_terminationG_0.s -> timeout  10000 ms   KB  nodes=
[467/7615] cvc5 | From_T2__db3.t2__p18773_terminationG_0.s -> timeout  10000 ms   KB  nodes=
[468/7615] smt-switch | From_T2__db3.t2__p18773_terminationG_0.s -> timeout  10000 ms   KB  nodes=
[469/7615] native | From_AProVE_2014__juHashMapCreateRemove. -> ok  423.988 ms  18176 KB  nodes=2948
[1/7146] pysmt | From_AProVE_2014__juHashMapCreateRemove. -> ok  57.5421 ms  23272 KB  nodes=3385
[2/7146] jsmtlib | From_AProVE_2014__juHashMapCreateRemove. -> ok  1128.05 ms  7168 KB  nodes=7337
[3/7146] z3 | From_AProVE_2014__juHashMapCreateRemove. -> ok  43.685 ms  8320 KB  nodes=5985
[4/7146] antlr4 | From_AProVE_2014__juHashMapCreateRemove. -> ok  477.988 ms  14336 KB  nodes=91403
[5/7146] cvc5 | From_AProVE_2014__juHashMapCreateRemove. -> ok  2541.46 ms  40736 KB  nodes=3384
[6/7146] smt-switch | From_AProVE_2014__juHashMapCreateRemove. -> fail  10044.3 ms  1664 KB  nodes=0
[7/7146] native | From_T2__slayer-3.t2_fixed__terminationS -> ok  60.5684 ms  21412 KB  nodes=9253
[8/7146] pysmt | From_T2__slayer-3.t2_fixed__terminationS -> ok  166.891 ms  25968 KB  nodes=10653
[9/7146] jsmtlib | From_T2__slayer-3.t2_fixed__terminationS -> ok  1081.81 ms  18432 KB  nodes=23271
[10/7146] z3 | From_T2__slayer-3.t2_fixed__terminationS -> timeout  10000 ms  9856 KB  nodes=15917
[11/7146] antlr4 | From_T2__slayer-3.t2_fixed__terminationS -> ok  556.698 ms  30416 KB  nodes=278926
[12/7146] cvc5 | From_T2__slayer-3.t2_fixed__terminationS -> fail  10042.7 ms  1664 KB  nodes=0
[13/7146] smt-switch | From_T2__slayer-3.t2_fixed__terminationS -> ok  9757.62 ms  82484 KB  nodes=15917
[14/7146] native | From_T2__hqr.c.i.hqr.pl.t2.nor.t2.rlgfix -> ok  44.4545 ms  20396 KB  nodes=7080
[15/7146] pysmt | From_T2__hqr.c.i.hqr.pl.t2.nor.t2.rlgfix -> ok  146.451 ms  24820 KB  nodes=7908
[16/7146] jsmtlib | From_T2__hqr.c.i.hqr.pl.t2.nor.t2.rlgfix -> ok  1138.04 ms  15360 KB  nodes=18869
[17/7146] z3 | From_T2__hqr.c.i.hqr.pl.t2.nor.t2.rlgfix -> ok  28.706 ms  9336 KB  nodes=12162
[18/7146] antlr4 | From_T2__hqr.c.i.hqr.pl.t2.nor.t2.rlgfix -> ok  510.472 ms  25140 KB  nodes=228110
[19/7146] cvc5 | From_T2__hqr.c.i.hqr.pl.t2.nor.t2.rlgfix -> fail  10044 ms  1664 KB  nodes=0
[20/7146] smt-switch | From_T2__hqr.c.i.hqr.pl.t2.nor.t2.rlgfix -> ok  995.945 ms  50032 KB  nodes=12162
[21/7146] native | From_T2__fun1b.t2__term_unfeasibility_0_ -> ok  35.7726 ms  19584 KB  nodes=4654
[22/7146] pysmt | From_T2__fun1b.t2__term_unfeasibility_0_ -> ok  98.0196 ms  24560 KB  nodes=5559
[23/7146] jsmtlib | From_T2__fun1b.t2__term_unfeasibility_0_ -> ok  1310.06 ms  12288 KB  nodes=11843
[24/7146] z3 | From_T2__fun1b.t2__term_unfeasibility_0_ -> ok  22.473 ms  8832 KB  nodes=8983
[25/7146] antlr4 | From_T2__fun1b.t2__term_unfeasibility_0_ -> ok  548.923 ms  19456 KB  nodes=140190
[26/7146] cvc5 | From_T2__fun1b.t2__term_unfeasibility_0_ -> fail  10042.6 ms  1664 KB  nodes=0
[27/7146] smt-switch | From_T2__fun1b.t2__term_unfeasibility_0_ -> fail  10043.9 ms  1664 KB  nodes=0
[28/7146] native | From_T2__slayer-3.t2_fixed__p22168_edge_ -> ok  488.486 ms  51580 KB  nodes=83769
[29/7146] pysmt | From_T2__slayer-3.t2_fixed__p22168_edge_ -> ok  2128.77 ms  60656 KB  nodes=89455
[30/7146] jsmtlib | From_T2__slayer-3.t2_fixed__p22168_edge_ -> ok  1890.89 ms  18935 KB  nodes=253773
[31/7146] z3 | From_T2__slayer-3.t2_fixed__p22168_edge_ -> ok  430.469 ms  60384 KB  nodes=214527
[32/7146] antlr4 | From_T2__slayer-3.t2_fixed__p22168_edge_ -> ok  1402.7 ms  287794 KB  nodes=2503788
[33/7146] cvc5 | From_T2__slayer-3.t2_fixed__p22168_edge_ -> fail  10042.6 ms  1664 KB  nodes=0
[34/7146] smt-switch | From_T2__slayer-3.t2_fixed__p22168_edge_ -> fail  10040.5 ms  1664 KB  nodes=0
[35/7146] native | term-l6cqQI.smt2 -> ok  41.0159 ms  20480 KB  nodes=7300
[36/7146] pysmt | term-l6cqQI.smt2 -> ok  115.129 ms  25784 KB  nodes=7329
[37/7146] jsmtlib | term-l6cqQI.smt2 -> ok  1163.33 ms  12288 KB  nodes=17438
[38/7146] z3 | term-l6cqQI.smt2 -> ok  26.652 ms  9088 KB  nodes=12374
[39/7146] antlr4 | term-l6cqQI.smt2 -> ok  551.817 ms  18432 KB  nodes=133497
[40/7146] cvc5 | term-l6cqQI.smt2 -> fail  10043.3 ms  1664 KB  nodes=0
[41/7146] smt-switch | term-l6cqQI.smt2 -> fail  10041 ms  1664 KB  nodes=0
[42/7146] native | From_AProVE_2014__juHashMapCreateContain -> ok  49.8525 ms  19328 KB  nodes=4472
[43/7146] pysmt | From_AProVE_2014__juHashMapCreateContain -> ok  112.195 ms  23292 KB  nodes=5071
[44/7146] jsmtlib | From_AProVE_2014__juHashMapCreateContain -> ok  1269.48 ms  12288 KB  nodes=11901
[45/7146] z3 | From_AProVE_2014__juHashMapCreateContain -> ok  23.329 ms  8704 KB  nodes=9798
[46/7146] antlr4 | From_AProVE_2014__juHashMapCreateContain -> ok  581.349 ms  20480 KB  nodes=149078
[47/7146] cvc5 | From_AProVE_2014__juHashMapCreateContain -> fail  10042.3 ms  1664 KB  nodes=0
[48/7146] smt-switch | From_AProVE_2014__juHashMapCreateContain -> fail  10044.2 ms  1664 KB  nodes=0
[49/7146] native | geo3-ll_unwindbound50-O0.smt2 -> ok  54.422 ms  19968 KB  nodes=5362
[50/7146] pysmt | geo3-ll_unwindbound50-O0.smt2 -> ok  286.117 ms  32708 KB  nodes=31685
[51/7146] jsmtlib | geo3-ll_unwindbound50-O0.smt2 -> fail  1708.21 ms  1664 KB  nodes=0
[52/7146] z3 | geo3-ll_unwindbound50-O0.smt2 -> ok  29.411 ms  8704 KB  nodes=6219
[53/7146] antlr4 | geo3-ll_unwindbound50-O0.smt2 -> ok  890.559 ms  14336 KB  nodes=94740
[54/7146] cvc5 | geo3-ll_unwindbound50-O0.smt2 -> ok  181.078 ms  27392 KB  nodes=5601
[55/7146] smt-switch | geo3-ll_unwindbound50-O0.smt2 -> ok  165.593 ms  26728 KB  nodes=6219
[56/7146] native | From_T2__db3.t2__terminationS_10_0.smt2 -> ok  67.6999 ms  20616 KB  nodes=7261
[57/7146] pysmt | From_T2__db3.t2__terminationS_10_0.smt2 -> ok  238.28 ms  25076 KB  nodes=8674
[58/7146] jsmtlib | From_T2__db3.t2__terminationS_10_0.smt2 -> ok  1442.86 ms  18432 KB  nodes=22441
[59/7146] z3 | From_T2__db3.t2__terminationS_10_0.smt2 -> ok  46.499 ms  9676 KB  nodes=12652
[60/7146] antlr4 | From_T2__db3.t2__terminationS_10_0.smt2 -> ok  691.716 ms  29316 KB  nodes=274708
[61/7146] cvc5 | From_T2__db3.t2__terminationS_10_0.smt2 -> fail  10044.8 ms  1664 KB  nodes=0
[62/7146] smt-switch | From_T2__db3.t2__terminationS_10_0.smt2 -> ok  5841.11 ms  69948 KB  nodes=12652
[63/7146] native | From_T2__s1.t2__p18085_safety_0.smt2 -> ok  35.9954 ms  18560 KB  nodes=1742
[64/7146] pysmt | From_T2__s1.t2__p18085_safety_0.smt2 -> ok  75.3667 ms  22636 KB  nodes=2025
[65/7146] jsmtlib | From_T2__s1.t2__p18085_safety_0.smt2 -> ok  1491.74 ms  8192 KB  nodes=6698
[66/7146] z3 | From_T2__s1.t2__p18085_safety_0.smt2 -> ok  18.815 ms  8320 KB  nodes=3667
[67/7146] antlr4 | From_T2__s1.t2__p18085_safety_0.smt2 -> ok  611.454 ms  13312 KB  nodes=84267
[68/7146] cvc5 | From_T2__s1.t2__p18085_safety_0.smt2 -> fail  10047 ms  1664 KB  nodes=0
[69/7146] smt-switch | From_T2__s1.t2__p18085_safety_0.smt2 -> fail  10047.9 ms  1664 KB  nodes=0
[70/7146] native | From_T2__slayer-4-filtered.t2__p22686_te -> ok  48.7327 ms  19968 KB  nodes=5578
[71/7146] pysmt | From_T2__slayer-4-filtered.t2__p22686_te -> ok  125.543 ms  24944 KB  nodes=6800
[72/7146] jsmtlib | From_T2__slayer-4-filtered.t2__p22686_te -> ok  1390.65 ms  12288 KB  nodes=11062
[73/7146] z3 | From_T2__slayer-4-filtered.t2__p22686_te -> ok  32.192 ms  8960 KB  nodes=7174
[74/7146] antlr4 | From_T2__slayer-4-filtered.t2__p22686_te -> ok  802.339 ms  18432 KB  nodes=133479
[75/7146] cvc5 | From_T2__slayer-4-filtered.t2__p22686_te -> fail  10046 ms  1664 KB  nodes=0
[76/7146] smt-switch | From_T2__slayer-4-filtered.t2__p22686_te -> fail  10046.6 ms  1664 KB  nodes=0
[77/7146] native | From_T2__fourn.c.i.fourn.pl.t2.fixed.t2_ -> ok  80.902 ms  21372 KB  nodes=8751
[78/7146] pysmt | From_T2__fourn.c.i.fourn.pl.t2.fixed.t2_ -> ok  209.706 ms  25204 KB  nodes=9445
[79/7146] jsmtlib | From_T2__fourn.c.i.fourn.pl.t2.fixed.t2_ -> ok  1537.04 ms  15360 KB  nodes=19140
[80/7146] z3 | From_T2__fourn.c.i.fourn.pl.t2.fixed.t2_ -> ok  46.39 ms  9216 KB  nodes=16960
[81/7146] antlr4 | From_T2__fourn.c.i.fourn.pl.t2.fixed.t2_ -> ok  777.811 ms  25128 KB  nodes=225799
[82/7146] cvc5 | From_T2__fourn.c.i.fourn.pl.t2.fixed.t2_ -> fail  10045.5 ms  1664 KB  nodes=0
[83/7146] smt-switch | From_T2__fourn.c.i.fourn.pl.t2.fixed.t2_ -> fail  10046.7 ms  1664 KB  nodes=0
[84/7146] native | From_T2__s1.t2_fixed__p15883_safety_0.sm -> ok  43.3173 ms  19072 KB  nodes=3283
[85/7146] pysmt | From_T2__s1.t2_fixed__p15883_safety_0.sm -> ok  99.8452 ms  23404 KB  nodes=3940
[86/7146] jsmtlib | From_T2__s1.t2_fixed__p15883_safety_0.sm -> ok  1599.74 ms  9216 KB  nodes=8522
[87/7146] z3 | From_T2__s1.t2_fixed__p15883_safety_0.sm -> ok  24.943 ms  8576 KB  nodes=5510
[88/7146] antlr4 | From_T2__s1.t2_fixed__p15883_safety_0.sm -> ok  659.824 ms  15360 KB  nodes=104129
[89/7146] cvc5 | From_T2__s1.t2_fixed__p15883_safety_0.sm -> ok  5609.18 ms  41540 KB  nodes=3940
[90/7146] smt-switch | From_T2__s1.t2_fixed__p15883_safety_0.sm -> fail  10047.6 ms  1664 KB  nodes=0
[91/7146] native | 1081.smt2 -> ok  68.1072 ms  19328 KB  nodes=3902
[92/7146] pysmt | 1081.smt2 -> ok  118.932 ms  23668 KB  nodes=4824
[93/7146] jsmtlib | 1081.smt2 -> ok  1495.72 ms  9216 KB  nodes=7498
[94/7146] z3 | 1081.smt2 -> ok  26.637 ms  8832 KB  nodes=4831
[95/7146] antlr4 | 1081.smt2 -> ok  712.843 ms  15360 KB  nodes=102569
[96/7146] cvc5 | 1081.smt2 -> ok  2666.24 ms  44216 KB  nodes=4831
[97/7146] smt-switch | 1081.smt2 -> ok  1007.79 ms  37248 KB  nodes=4831
[98/7146] native | From_T2__slayer-3-new.t2_fixed__terminat -> ok  96.8687 ms  21576 KB  nodes=9748
[99/7146] pysmt | From_T2__slayer-3-new.t2_fixed__terminat -> ok  308.626 ms  27000 KB  nodes=11176
[100/7146] jsmtlib | From_T2__slayer-3-new.t2_fixed__terminat -> ok  1857.19 ms  22528 KB  nodes=23810
[101/7146] z3 | From_T2__slayer-3-new.t2_fixed__terminat -> ok  59.803 ms  9728 KB  nodes=17053
[102/7146] antlr4 | From_T2__slayer-3-new.t2_fixed__terminat -> ok  855.937 ms  31440 KB  nodes=285807
[103/7146] cvc5 | From_T2__slayer-3-new.t2_fixed__terminat -> fail  10048 ms  1664 KB  nodes=0
[104/7146] smt-switch | From_T2__slayer-3-new.t2_fixed__terminat -> fail  10001.4 ms  1664 KB  nodes=0
[105/7146] native | From_T2__hqr.c.i.hqr.pl.t2.fixed.t2_fixe -> ok  93.8469 ms  20480 KB  nodes=7061
[106/7146] pysmt | From_T2__hqr.c.i.hqr.pl.t2.fixed.t2_fixe -> timeout  10000 ms  24940 KB  nodes=7887
[107/7146] jsmtlib | From_T2__hqr.c.i.hqr.pl.t2.fixed.t2_fixe -> ok  1803.24 ms  18432 KB  nodes=18962
[108/7146] z3 | From_T2__hqr.c.i.hqr.pl.t2.fixed.t2_fixe -> ok  49.673 ms  9344 KB  nodes=12143
[109/7146] antlr4 | From_T2__hqr.c.i.hqr.pl.t2.fixed.t2_fixe -> ok  896.365 ms  25208 KB  nodes=228900
[110/7146] cvc5 | From_T2__hqr.c.i.hqr.pl.t2.fixed.t2_fixe -> fail  10048.5 ms  1664 KB  nodes=0
[111/7146] smt-switch | From_T2__hqr.c.i.hqr.pl.t2.fixed.t2_fixe -> fail  10002.2 ms  1664 KB  nodes=0
[112/7146] native | From_T2__apchildlive-succeed.t2__termina -> ok  210.837 ms  25192 KB  nodes=18715
[113/7146] pysmt | From_T2__apchildlive-succeed.t2__termina -> ok  764.775 ms  28532 KB  nodes=20861
[114/7146] jsmtlib | From_T2__apchildlive-succeed.t2__termina -> ok  2689.05 ms  10004 KB  nodes=33382
[115/7146] z3 | From_T2__apchildlive-succeed.t2__termina -> ok  90.217 ms  11428 KB  nodes=23799
[116/7146] antlr4 | From_T2__apchildlive-succeed.t2__termina -> ok  1457.06 ms  45776 KB  nodes=406927
[117/7146] cvc5 | From_T2__apchildlive-succeed.t2__termina -> fail  10003.6 ms  1664 KB  nodes=0
[118/7146] smt-switch | From_T2__apchildlive-succeed.t2__termina -> fail  10007.4 ms  1664 KB  nodes=0
[119/7146] native | From_AProVE_2014__juLinkedListCreateAddA -> ok  133.984 ms  20832 KB  nodes=7444
[120/7146] pysmt | From_AProVE_2014__juLinkedListCreateAddA -> ok  662.39 ms  25204 KB  nodes=8666
[121/7146] jsmtlib | From_AProVE_2014__juLinkedListCreateAddA -> ok  3266.99 ms  16384 KB  nodes=20172
[122/7146] z3 | From_AProVE_2014__juLinkedListCreateAddA -> ok  113.484 ms  9164 KB  nodes=17121
[123/7146] antlr4 | From_AProVE_2014__juLinkedListCreateAddA -> ok  3565.67 ms  28200 KB  nodes=255044
[124/7146] cvc5 | From_AProVE_2014__juLinkedListCreateAddA -> fail  10044.4 ms  1664 KB  nodes=0
[125/7146] smt-switch | From_AProVE_2014__juLinkedListCreateAddA -> fail  10045.7 ms  1664 KB  nodes=0
[126/7146] native | From_AProVE_2014__Matrix.jar-obl-16__p10 -> ok  260.406 ms  20096 KB  nodes=5860
[127/7146] pysmt | From_AProVE_2014__Matrix.jar-obl-16__p10 -> ok  6696.16 ms  24056 KB  nodes=6444
[128/7146] jsmtlib | From_AProVE_2014__Matrix.jar-obl-16__p10 -> ok  3427.04 ms  10240 KB  nodes=11058
[129/7146] z3 | From_AProVE_2014__Matrix.jar-obl-16__p10 -> ok  75.007 ms  8832 KB  nodes=8856
[130/7146] antlr4 | From_AProVE_2014__Matrix.jar-obl-16__p10 -> ok  1723.02 ms  19456 KB  nodes=135618
[131/7146] cvc5 | From_AProVE_2014__Matrix.jar-obl-16__p10 -> fail  10041.2 ms  1664 KB  nodes=0
[132/7146] smt-switch | From_AProVE_2014__Matrix.jar-obl-16__p10 -> fail  10042.9 ms  1664 KB  nodes=0
[133/7146] native | From_T2__hqr.c.i.hqr.pl.t2.fixed.t2__ter -> ok  520.259 ms  22468 KB  nodes=12625
[134/7146] pysmt | From_T2__hqr.c.i.hqr.pl.t2.fixed.t2__ter -> ok  1439.69 ms  26972 KB  nodes=14046
[135/7146] jsmtlib | From_T2__hqr.c.i.hqr.pl.t2.fixed.t2__ter -> ok  4242.05 ms  12500 KB  nodes=33695
[136/7146] z3 | From_T2__hqr.c.i.hqr.pl.t2.fixed.t2__ter -> ok  209.053 ms  10324 KB  nodes=21853
[137/7146] antlr4 | From_T2__hqr.c.i.hqr.pl.t2.fixed.t2__ter -> ok  2462.41 ms  45264 KB  nodes=410299
[138/7146] cvc5 | From_T2__hqr.c.i.hqr.pl.t2.fixed.t2__ter -> fail  10046.8 ms  1664 KB  nodes=0
[139/7146] smt-switch | From_T2__hqr.c.i.hqr.pl.t2.fixed.t2__ter -> fail  10022.9 ms  1664 KB  nodes=0
[140/7146] native | From_AProVE_2014__juHashMapCreateSize.ja -> ok  161.057 ms  20096 KB  nodes=6162
[141/7146] pysmt | From_AProVE_2014__juHashMapCreateSize.ja -> ok  451.82 ms  24740 KB  nodes=7392
[142/7146] jsmtlib | From_AProVE_2014__juHashMapCreateSize.ja -> ok  2846.07 ms  14336 KB  nodes=13518
[143/7146] z3 | From_AProVE_2014__juHashMapCreateSize.ja -> ok  61.496 ms  8832 KB  nodes=10060
[144/7146] antlr4 | From_AProVE_2014__juHashMapCreateSize.ja -> ok  1497.56 ms  19092 KB  nodes=171167
[145/7146] cvc5 | From_AProVE_2014__juHashMapCreateSize.ja -> fail  10014.6 ms  1664 KB  nodes=0
[146/7146] smt-switch | From_AProVE_2014__juHashMapCreateSize.ja -> fail  10040.4 ms  1664 KB  nodes=0
