[1453/4252] native | instance02416.smt2 -> ok  22.4703 ms  17024 KB  nodes=5
[1454/4252] pysmt | instance02416.smt2 -> fail  0 ms  0 KB  nodes=0
[1455/4252] jsmtlib | instance02416.smt2 -> fail  1170.35 ms  1664 KB  nodes=0
[1456/4252] z3 | instance02416.smt2 -> ok  11.129 ms  7808 KB  nodes=5
[1457/4252] antlr4 | instance02416.smt2 -> ok  360.685 ms  4096 KB  nodes=138
[1458/4252] cvc5 | instance02416.smt2 -> ok  61.7814 ms  16384 KB  nodes=5
[1459/4252] smt-switch | instance02416.smt2 -> fail  9.02369 ms  9600 KB  nodes=0
[1460/4252] native | instance02774.smt2 -> ok  21.3848 ms  17536 KB  nodes=24
[1461/4252] pysmt | instance02774.smt2 -> fail  0 ms  0 KB  nodes=0
[1462/4252] jsmtlib | instance02774.smt2 -> fail  1169.25 ms  1664 KB  nodes=0
[1463/4252] z3 | instance02774.smt2 -> ok  12.554 ms  7808 KB  nodes=27
[1464/4252] antlr4 | instance02774.smt2 -> ok  387.279 ms  4096 KB  nodes=255
[1465/4252] cvc5 | instance02774.smt2 -> ok  59.877 ms  16512 KB  nodes=23
[1466/4252] smt-switch | instance02774.smt2 -> fail  14.7488 ms  9856 KB  nodes=0
[1467/4252] native | instance04202.smt2 -> ok  21.7588 ms  17024 KB  nodes=11
[1468/4252] pysmt | instance04202.smt2 -> fail  0 ms  0 KB  nodes=0
[1469/4252] jsmtlib | instance04202.smt2 -> fail  1186.43 ms  1664 KB  nodes=0
[1470/4252] z3 | instance04202.smt2 -> ok  12.335 ms  7808 KB  nodes=12
[1471/4252] antlr4 | instance04202.smt2 -> ok  349.03 ms  4096 KB  nodes=177
[1472/4252] cvc5 | instance04202.smt2 -> ok  63.5587 ms  17280 KB  nodes=11
[1473/4252] smt-switch | instance04202.smt2 -> fail  9.05892 ms  9600 KB  nodes=0
[1474/4252] native | instance00663.smt2 -> ok  20.1658 ms  17024 KB  nodes=20
[1475/4252] pysmt | instance00663.smt2 -> fail  0 ms  0 KB  nodes=0
[1476/4252] jsmtlib | instance00663.smt2 -> fail  1194.64 ms  1664 KB  nodes=0
[1477/4252] z3 | instance00663.smt2 -> ok  9.982 ms  7808 KB  nodes=24
[1478/4252] antlr4 | instance00663.smt2 -> ok  366.586 ms  4096 KB  nodes=234
[1479/4252] cvc5 | instance00663.smt2 -> ok  56.5611 ms  16512 KB  nodes=20
[1480/4252] smt-switch | instance00663.smt2 -> fail  8.74109 ms  9856 KB  nodes=0
[1481/4252] native | query4932.smt2 -> ok  21.8455 ms  17024 KB  nodes=26
[1482/4252] pysmt | query4932.smt2 -> fail  0 ms  0 KB  nodes=0
[1483/4252] jsmtlib | query4932.smt2 -> ok  1006.29 ms  2048 KB  nodes=48
[1484/4252] z3 | query4932.smt2 -> ok  16.095 ms  7936 KB  nodes=46
[1485/4252] antlr4 | query4932.smt2 -> ok  361.072 ms  4096 KB  nodes=599
[1486/4252] cvc5 | query4932.smt2 -> ok  68.9455 ms  17536 KB  nodes=34
[1487/4252] smt-switch | query4932.smt2 -> ok  10.4983 ms  9216 KB  nodes=0
[1488/4252] native | instance05577.smt2 -> ok  21.1667 ms  16896 KB  nodes=12
[1489/4252] pysmt | instance05577.smt2 -> fail  0 ms  0 KB  nodes=0
[1490/4252] jsmtlib | instance05577.smt2 -> fail  1158.76 ms  1664 KB  nodes=0
[1491/4252] z3 | instance05577.smt2 -> ok  10.369 ms  7808 KB  nodes=12
[1492/4252] antlr4 | instance05577.smt2 -> ok  410.436 ms  4096 KB  nodes=177
[1493/4252] cvc5 | instance05577.smt2 -> ok  61.8217 ms  17024 KB  nodes=12
[1494/4252] smt-switch | instance05577.smt2 -> fail  10.1233 ms  9728 KB  nodes=0
[1495/4252] native | slog_stranger_1491_sink.smt2 -> ok  21.2624 ms  17024 KB  nodes=10
[1496/4252] pysmt | slog_stranger_1491_sink.smt2 -> fail  0 ms  0 KB  nodes=0
[1497/4252] jsmtlib | slog_stranger_1491_sink.smt2 -> ok  1003.86 ms  2048 KB  nodes=24
[1498/4252] z3 | slog_stranger_1491_sink.smt2 -> ok  11.892 ms  7808 KB  nodes=11
[1499/4252] antlr4 | slog_stranger_1491_sink.smt2 -> ok  374.443 ms  4096 KB  nodes=213
[1500/4252] cvc5 | slog_stranger_1491_sink.smt2 -> ok  50.9176 ms  15232 KB  nodes=11
[1501/4252] smt-switch | slog_stranger_1491_sink.smt2 -> ok  63.773 ms  16128 KB  nodes=3
[1502/4252] native | query3255.smt2 -> ok  22.5173 ms  17024 KB  nodes=15
[1503/4252] pysmt | query3255.smt2 -> fail  0 ms  0 KB  nodes=0
[1504/4252] jsmtlib | query3255.smt2 -> ok  1020.33 ms  2048 KB  nodes=30
[1505/4252] z3 | query3255.smt2 -> ok  12.948 ms  7808 KB  nodes=23
[1506/4252] antlr4 | query3255.smt2 -> ok  357.834 ms  4096 KB  nodes=348
[1507/4252] cvc5 | query3255.smt2 -> ok  67.2095 ms  17408 KB  nodes=15
[1508/4252] smt-switch | query3255.smt2 -> ok  6.5084 ms  9344 KB  nodes=0
[1509/4252] native | 03_track_1.smt2 -> ok  20.0909 ms  16896 KB  nodes=18
[1510/4252] pysmt | 03_track_1.smt2 -> ok  5.52726 ms  21460 KB  nodes=18
[1511/4252] jsmtlib | 03_track_1.smt2 -> ok  988.585 ms  2048 KB  nodes=32
[1512/4252] z3 | 03_track_1.smt2 -> ok  11.992 ms  7680 KB  nodes=48
[1513/4252] antlr4 | 03_track_1.smt2 -> ok  371.011 ms  4096 KB  nodes=369
[1514/4252] cvc5 | 03_track_1.smt2 -> ok  52.4232 ms  15616 KB  nodes=18
[1515/4252] smt-switch | 03_track_1.smt2 -> ok  71.3002 ms  17280 KB  nodes=18
[1516/4252] native | instance01993.smt2 -> ok  19.7752 ms  16896 KB  nodes=15
[1517/4252] pysmt | instance01993.smt2 -> fail  0 ms  0 KB  nodes=0
[1518/4252] jsmtlib | instance01993.smt2 -> fail  1116.88 ms  1664 KB  nodes=0
[1519/4252] z3 | instance01993.smt2 -> ok  11.455 ms  7808 KB  nodes=16
[1520/4252] antlr4 | instance01993.smt2 -> ok  355.455 ms  4096 KB  nodes=197
[1521/4252] cvc5 | instance01993.smt2 -> ok  56.437 ms  17024 KB  nodes=15
[1522/4252] smt-switch | instance01993.smt2 -> fail  11.8658 ms  9728 KB  nodes=0
[1523/4252] native | slog_stranger_5472_sink.smt2 -> ok  21.461 ms  17024 KB  nodes=15
[1524/4252] pysmt | slog_stranger_5472_sink.smt2 -> fail  0 ms  0 KB  nodes=0
[1525/4252] jsmtlib | slog_stranger_5472_sink.smt2 -> ok  1029.27 ms  2048 KB  nodes=32
[1526/4252] z3 | slog_stranger_5472_sink.smt2 -> ok  15.981 ms  7808 KB  nodes=17
[1527/4252] antlr4 | slog_stranger_5472_sink.smt2 -> ok  404.563 ms  4096 KB  nodes=281
[1528/4252] cvc5 | slog_stranger_5472_sink.smt2 -> ok  68.9589 ms  16768 KB  nodes=15
[1529/4252] smt-switch | slog_stranger_5472_sink.smt2 -> ok  66.1918 ms  16128 KB  nodes=9
[1530/4252] native | instance03047.smt2 -> ok  21.75 ms  17024 KB  nodes=11
[1531/4252] pysmt | instance03047.smt2 -> fail  0 ms  0 KB  nodes=0
[1532/4252] jsmtlib | instance03047.smt2 -> fail  1202.48 ms  1664 KB  nodes=0
[1533/4252] z3 | instance03047.smt2 -> ok  11.632 ms  7936 KB  nodes=12
[1534/4252] antlr4 | instance03047.smt2 -> ok  385.021 ms  4096 KB  nodes=174
[1535/4252] cvc5 | instance03047.smt2 -> ok  57.6764 ms  16768 KB  nodes=11
[1536/4252] smt-switch | instance03047.smt2 -> fail  9.41716 ms  9856 KB  nodes=0
[1537/4252] native | instance02021.smt2 -> ok  21.0701 ms  17024 KB  nodes=20
[1538/4252] pysmt | instance02021.smt2 -> fail  0 ms  0 KB  nodes=0
[1539/4252] jsmtlib | instance02021.smt2 -> fail  1113.76 ms  1664 KB  nodes=0
[1540/4252] z3 | instance02021.smt2 -> ok  10.702 ms  7808 KB  nodes=25
[1541/4252] antlr4 | instance02021.smt2 -> ok  390.457 ms  4096 KB  nodes=232
[1542/4252] cvc5 | instance02021.smt2 -> ok  54.0513 ms  16512 KB  nodes=20
[1543/4252] smt-switch | instance02021.smt2 -> fail  12.2419 ms  9600 KB  nodes=0
[1544/4252] native | instance00891.smt2 -> ok  21.8501 ms  17024 KB  nodes=13
[1545/4252] pysmt | instance00891.smt2 -> fail  0 ms  0 KB  nodes=0
[1546/4252] jsmtlib | instance00891.smt2 -> fail  1112.78 ms  1664 KB  nodes=0
[1547/4252] z3 | instance00891.smt2 -> ok  12.941 ms  7808 KB  nodes=14
[1548/4252] antlr4 | instance00891.smt2 -> ok  367.404 ms  4096 KB  nodes=213
[1549/4252] cvc5 | instance00891.smt2 -> ok  63.7216 ms  16896 KB  nodes=13
[1550/4252] smt-switch | instance00891.smt2 -> fail  10.3279 ms  9856 KB  nodes=0
[1551/4252] native | slog_stranger_1423_sink.smt2 -> ok  22.3232 ms  17152 KB  nodes=10
[1552/4252] pysmt | slog_stranger_1423_sink.smt2 -> fail  0 ms  0 KB  nodes=0
[1553/4252] jsmtlib | slog_stranger_1423_sink.smt2 -> ok  976.054 ms  2048 KB  nodes=23
[1554/4252] z3 | slog_stranger_1423_sink.smt2 -> ok  13.17 ms  7808 KB  nodes=11
[1555/4252] antlr4 | slog_stranger_1423_sink.smt2 -> ok  387.966 ms  4096 KB  nodes=198
[1556/4252] cvc5 | slog_stranger_1423_sink.smt2 -> ok  48.9592 ms  15232 KB  nodes=10
[1557/4252] smt-switch | slog_stranger_1423_sink.smt2 -> ok  60.5641 ms  16256 KB  nodes=3
[1558/4252] native | instance03007.smt2 -> ok  21.4735 ms  17024 KB  nodes=5
[1559/4252] pysmt | instance03007.smt2 -> fail  0 ms  0 KB  nodes=0
[1560/4252] jsmtlib | instance03007.smt2 -> fail  1171.96 ms  1664 KB  nodes=0
[1561/4252] z3 | instance03007.smt2 -> ok  11.98 ms  7808 KB  nodes=5
[1562/4252] antlr4 | instance03007.smt2 -> ok  349.46 ms  4096 KB  nodes=138
[1563/4252] cvc5 | instance03007.smt2 -> ok  58.9482 ms  16640 KB  nodes=5
[1564/4252] smt-switch | instance03007.smt2 -> fail  8.682 ms  9600 KB  nodes=0
[1565/4252] native | 04_track_196.smt2 -> ok  21.5872 ms  16896 KB  nodes=13
[1566/4252] pysmt | 04_track_196.smt2 -> ok  4.78148 ms  21740 KB  nodes=13
[1567/4252] jsmtlib | 04_track_196.smt2 -> ok  968.508 ms  2048 KB  nodes=26
[1568/4252] z3 | 04_track_196.smt2 -> ok  12.857 ms  7808 KB  nodes=23
[1569/4252] antlr4 | 04_track_196.smt2 -> ok  343.032 ms  4096 KB  nodes=246
[1570/4252] cvc5 | 04_track_196.smt2 -> ok  60.6247 ms  16768 KB  nodes=13
[1571/4252] smt-switch | 04_track_196.smt2 -> ok  81.1278 ms  18560 KB  nodes=13
[1572/4252] native | instance04531.smt2 -> ok  20.7713 ms  17024 KB  nodes=19
[1573/4252] pysmt | instance04531.smt2 -> fail  0 ms  0 KB  nodes=0
[1574/4252] jsmtlib | instance04531.smt2 -> fail  1129.41 ms  1664 KB  nodes=0
[1575/4252] z3 | instance04531.smt2 -> ok  10.484 ms  7808 KB  nodes=22
[1576/4252] antlr4 | instance04531.smt2 -> ok  338.831 ms  4096 KB  nodes=225
[1577/4252] cvc5 | instance04531.smt2 -> ok  73.7025 ms  17152 KB  nodes=19
[1578/4252] smt-switch | instance04531.smt2 -> fail  8.75835 ms  9856 KB  nodes=0
[1579/4252] native | instance00522.smt2 -> ok  21.6799 ms  17024 KB  nodes=14
[1580/4252] pysmt | instance00522.smt2 -> fail  0 ms  0 KB  nodes=0
[1581/4252] jsmtlib | instance00522.smt2 -> fail  1151.15 ms  1664 KB  nodes=0
[1582/4252] z3 | instance00522.smt2 -> ok  11.632 ms  7936 KB  nodes=15
[1583/4252] antlr4 | instance00522.smt2 -> ok  354.561 ms  4096 KB  nodes=214
[1584/4252] cvc5 | instance00522.smt2 -> ok  58.2977 ms  16256 KB  nodes=14
[1585/4252] smt-switch | instance00522.smt2 -> fail  10.2343 ms  9600 KB  nodes=0
[1586/4252] native | diseq-1-3-6-103.smt2 -> ok  21.4577 ms  16896 KB  nodes=13
[1587/4252] pysmt | diseq-1-3-6-103.smt2 -> fail  0 ms  0 KB  nodes=0
[1588/4252] jsmtlib | diseq-1-3-6-103.smt2 -> fail  1093.5 ms  1664 KB  nodes=0
[1589/4252] z3 | diseq-1-3-6-103.smt2 -> ok  12.241 ms  7808 KB  nodes=22
[1590/4252] antlr4 | diseq-1-3-6-103.smt2 -> ok  365.907 ms  4096 KB  nodes=350
[1591/4252] cvc5 | diseq-1-3-6-103.smt2 -> fail  10044.5 ms  1664 KB  nodes=0
[1592/4252] smt-switch | diseq-1-3-6-103.smt2 -> fail  7.33792 ms  9856 KB  nodes=0
[1593/4252] native | instance01098.smt2 -> ok  22.1111 ms  17024 KB  nodes=11
[1594/4252] pysmt | instance01098.smt2 -> fail  0 ms  0 KB  nodes=0
[1595/4252] jsmtlib | instance01098.smt2 -> fail  1011.75 ms  1664 KB  nodes=0
[1596/4252] z3 | instance01098.smt2 -> ok  11.029 ms  7808 KB  nodes=12
[1597/4252] antlr4 | instance01098.smt2 -> ok  345.521 ms  4096 KB  nodes=173
[1598/4252] cvc5 | instance01098.smt2 -> ok  4.83614 ms  17536 KB  nodes=11
[1599/4252] smt-switch | instance01098.smt2 -> fail  8.6924 ms  9728 KB  nodes=0
[1600/4252] native | instance01244.smt2 -> ok  16.8684 ms  17536 KB  nodes=19
[1601/4252] pysmt | instance01244.smt2 -> fail  0 ms  0 KB  nodes=0
[1602/4252] jsmtlib | instance01244.smt2 -> fail  1045.28 ms  1664 KB  nodes=0
[1603/4252] z3 | instance01244.smt2 -> ok  9.313 ms  7808 KB  nodes=19
[1604/4252] antlr4 | instance01244.smt2 -> ok  350.314 ms  4096 KB  nodes=231
[1605/4252] cvc5 | instance01244.smt2 -> ok  5.45213 ms  17792 KB  nodes=17
[1606/4252] smt-switch | instance01244.smt2 -> fail  7.85211 ms  9600 KB  nodes=0
[1607/4252] native | instance13612.smt2 -> ok  17.5973 ms  17024 KB  nodes=16
[1608/4252] pysmt | instance13612.smt2 -> fail  0 ms  0 KB  nodes=0
[1609/4252] jsmtlib | instance13612.smt2 -> fail  1079.2 ms  1664 KB  nodes=0
[1610/4252] z3 | instance13612.smt2 -> ok  9.589 ms  7936 KB  nodes=18
[1611/4252] antlr4 | instance13612.smt2 -> ok  359.886 ms  4096 KB  nodes=226
[1612/4252] cvc5 | instance13612.smt2 -> ok  2.85772 ms  17536 KB  nodes=16
[1613/4252] smt-switch | instance13612.smt2 -> fail  7.36602 ms  9856 KB  nodes=0
[1614/4252] native | instance02726.smt2 -> ok  18.9153 ms  17664 KB  nodes=9
[1615/4252] pysmt | instance02726.smt2 -> fail  0 ms  0 KB  nodes=0
[1616/4252] jsmtlib | instance02726.smt2 -> fail  1083.59 ms  1664 KB  nodes=0
[1617/4252] z3 | instance02726.smt2 -> ok  8.712 ms  7808 KB  nodes=9
[1618/4252] antlr4 | instance02726.smt2 -> ok  363.191 ms  4096 KB  nodes=174
[1619/4252] cvc5 | instance02726.smt2 -> ok  3.80076 ms  17408 KB  nodes=8
[1620/4252] smt-switch | instance02726.smt2 -> fail  9.37452 ms  9600 KB  nodes=0
[1621/4252] native | query3558.smt2 -> ok  19.2737 ms  17024 KB  nodes=24
[1622/4252] pysmt | query3558.smt2 -> fail  0 ms  0 KB  nodes=0
[1623/4252] jsmtlib | query3558.smt2 -> ok  935.107 ms  2048 KB  nodes=52
[1624/4252] z3 | query3558.smt2 -> ok  11.176 ms  7808 KB  nodes=38
[1625/4252] antlr4 | query3558.smt2 -> ok  352.247 ms  4096 KB  nodes=581
[1626/4252] cvc5 | query3558.smt2 -> ok  13.5454 ms  18304 KB  nodes=27
[1627/4252] smt-switch | query3558.smt2 -> ok  8.30264 ms  9472 KB  nodes=0
[1628/4252] native | instance05312.smt2 -> ok  17.6036 ms  17024 KB  nodes=4
[1629/4252] pysmt | instance05312.smt2 -> fail  0 ms  0 KB  nodes=0
[1630/4252] jsmtlib | instance05312.smt2 -> fail  1027.88 ms  1664 KB  nodes=0
[1631/4252] z3 | instance05312.smt2 -> ok  9.465 ms  7808 KB  nodes=4
[1632/4252] antlr4 | instance05312.smt2 -> ok  364.585 ms  4096 KB  nodes=129
[1633/4252] cvc5 | instance05312.smt2 -> ok  2.31118 ms  16640 KB  nodes=4
[1634/4252] smt-switch | instance05312.smt2 -> fail  8.9189 ms  9600 KB  nodes=0
[1635/4252] native | instance11211.smt2 -> ok  17.5797 ms  17024 KB  nodes=8
[1636/4252] pysmt | instance11211.smt2 -> fail  0 ms  0 KB  nodes=0
[1637/4252] jsmtlib | instance11211.smt2 -> fail  999.075 ms  1664 KB  nodes=0
[1638/4252] z3 | instance11211.smt2 -> ok  9.911 ms  7808 KB  nodes=9
[1639/4252] antlr4 | instance11211.smt2 -> ok  382.083 ms  4096 KB  nodes=169
[1640/4252] cvc5 | instance11211.smt2 -> ok  3.13053 ms  16768 KB  nodes=8
[1641/4252] smt-switch | instance11211.smt2 -> fail  9.08395 ms  9600 KB  nodes=0
[1642/4252] native | instance09335.smt2 -> ok  20.6372 ms  17024 KB  nodes=16
[1643/4252] pysmt | instance09335.smt2 -> fail  0 ms  0 KB  nodes=0
[1644/4252] jsmtlib | instance09335.smt2 -> fail  1070.6 ms  1664 KB  nodes=0
[1645/4252] z3 | instance09335.smt2 -> ok  16.202 ms  7936 KB  nodes=25
[1646/4252] antlr4 | instance09335.smt2 -> ok  368.651 ms  4096 KB  nodes=265
[1647/4252] cvc5 | instance09335.smt2 -> ok  4.14952 ms  17536 KB  nodes=16
[1648/4252] smt-switch | instance09335.smt2 -> fail  8.80283 ms  9600 KB  nodes=0
[1649/4252] native | 03_track_102.smt2 -> ok  20.3193 ms  16896 KB  nodes=11
[1650/4252] pysmt | 03_track_102.smt2 -> ok  3.46136 ms  21868 KB  nodes=14
[1651/4252] jsmtlib | 03_track_102.smt2 -> ok  914.563 ms  2048 KB  nodes=25
[1652/4252] z3 | 03_track_102.smt2 -> ok  9.79 ms  7808 KB  nodes=20
[1653/4252] antlr4 | 03_track_102.smt2 -> ok  384.158 ms  4096 KB  nodes=259
[1654/4252] cvc5 | 03_track_102.smt2 -> ok  8.06767 ms  17792 KB  nodes=11
[1655/4252] smt-switch | 03_track_102.smt2 -> ok  76.662 ms  18304 KB  nodes=11
[1656/4252] native | instance00660.smt2 -> ok  17.9442 ms  17024 KB  nodes=5
[1657/4252] pysmt | instance00660.smt2 -> fail  0 ms  0 KB  nodes=0
[1658/4252] jsmtlib | instance00660.smt2 -> fail  1101.66 ms  1664 KB  nodes=0
[1659/4252] z3 | instance00660.smt2 -> ok  13.088 ms  7936 KB  nodes=5
[1660/4252] antlr4 | instance00660.smt2 -> ok  471.74 ms  4096 KB  nodes=138
[1661/4252] cvc5 | instance00660.smt2 -> ok  3.80903 ms  16896 KB  nodes=5
[1662/4252] smt-switch | instance00660.smt2 -> fail  10.0503 ms  9856 KB  nodes=0
[1663/4252] native | instance04137.smt2 -> ok  18.9718 ms  17024 KB  nodes=23
[1664/4252] pysmt | instance04137.smt2 -> fail  0 ms  0 KB  nodes=0
[1665/4252] jsmtlib | instance04137.smt2 -> fail  1118.87 ms  1664 KB  nodes=0
[1666/4252] z3 | instance04137.smt2 -> ok  11.086 ms  7808 KB  nodes=29
[1667/4252] antlr4 | instance04137.smt2 -> ok  398.244 ms  4096 KB  nodes=251
[1668/4252] cvc5 | instance04137.smt2 -> ok  6.57761 ms  17280 KB  nodes=23
[1669/4252] smt-switch | instance04137.smt2 -> fail  10.7338 ms  9600 KB  nodes=0
[1670/4252] native | diseq-1-3-5-111.smt2 -> ok  20.4352 ms  17152 KB  nodes=13
[1671/4252] pysmt | diseq-1-3-5-111.smt2 -> fail  0 ms  0 KB  nodes=0
[1672/4252] jsmtlib | diseq-1-3-5-111.smt2 -> fail  988.004 ms  1664 KB  nodes=0
[1673/4252] z3 | diseq-1-3-5-111.smt2 -> ok  8.918 ms  7808 KB  nodes=20
[1674/4252] antlr4 | diseq-1-3-5-111.smt2 -> ok  372.184 ms  4096 KB  nodes=338
[1675/4252] cvc5 | diseq-1-3-5-111.smt2 -> fail  10042.1 ms  1664 KB  nodes=0
[1676/4252] smt-switch | diseq-1-3-5-111.smt2 -> fail  8.44024 ms  9600 KB  nodes=0
[1677/4252] native | instance09051.smt2 -> ok  22.3032 ms  17024 KB  nodes=16
[1678/4252] pysmt | instance09051.smt2 -> fail  0 ms  0 KB  nodes=0
[1679/4252] jsmtlib | instance09051.smt2 -> fail  1056.97 ms  1664 KB  nodes=0
[1680/4252] z3 | instance09051.smt2 -> ok  9.609 ms  7808 KB  nodes=25
[1681/4252] antlr4 | instance09051.smt2 -> ok  422.635 ms  4096 KB  nodes=265
[1682/4252] cvc5 | instance09051.smt2 -> ok  3.95544 ms  17152 KB  nodes=16
[1683/4252] smt-switch | instance09051.smt2 -> fail  9.53626 ms  9600 KB  nodes=0
[1684/4252] native | instance02888.smt2 -> ok  21.4117 ms  17024 KB  nodes=4
[1685/4252] pysmt | instance02888.smt2 -> fail  0 ms  0 KB  nodes=0
[1686/4252] jsmtlib | instance02888.smt2 -> fail  1071.81 ms  1664 KB  nodes=0
[1687/4252] z3 | instance02888.smt2 -> ok  9.739 ms  7808 KB  nodes=4
[1688/4252] antlr4 | instance02888.smt2 -> ok  401.635 ms  4096 KB  nodes=129
[1689/4252] cvc5 | instance02888.smt2 -> ok  2.39492 ms  16640 KB  nodes=4
[1690/4252] smt-switch | instance02888.smt2 -> fail  8.9399 ms  9600 KB  nodes=0
[1691/4252] native | query7904.smt2 -> ok  19.583 ms  17024 KB  nodes=26
[1692/4252] pysmt | query7904.smt2 -> fail  0 ms  0 KB  nodes=0
[1693/4252] jsmtlib | query7904.smt2 -> ok  982.372 ms  2048 KB  nodes=47
[1694/4252] z3 | query7904.smt2 -> ok  12.343 ms  7808 KB  nodes=45
[1695/4252] antlr4 | query7904.smt2 -> ok  377.646 ms  4096 KB  nodes=587
[1696/4252] cvc5 | query7904.smt2 -> ok  50.2114 ms  19456 KB  nodes=33
[1697/4252] smt-switch | query7904.smt2 -> ok  5.45983 ms  9344 KB  nodes=0
[1698/4252] native | slog_stranger_2263_sink.smt2 -> ok  19.3863 ms  17152 KB  nodes=10
[1699/4252] pysmt | slog_stranger_2263_sink.smt2 -> fail  0 ms  0 KB  nodes=0
[1700/4252] jsmtlib | slog_stranger_2263_sink.smt2 -> ok  908.28 ms  2048 KB  nodes=23
[1701/4252] z3 | slog_stranger_2263_sink.smt2 -> ok  14.089 ms  7808 KB  nodes=11
[1702/4252] antlr4 | slog_stranger_2263_sink.smt2 -> ok  413.015 ms  4096 KB  nodes=198
[1703/4252] cvc5 | slog_stranger_2263_sink.smt2 -> ok  2.51466 ms  16384 KB  nodes=10
[1704/4252] smt-switch | slog_stranger_2263_sink.smt2 -> ok  55.9612 ms  16000 KB  nodes=3
[1705/4252] native | slog_stranger_301_sink.smt2 -> ok  18.1164 ms  17024 KB  nodes=10
[1706/4252] pysmt | slog_stranger_301_sink.smt2 -> fail  0 ms  0 KB  nodes=0
[1707/4252] jsmtlib | slog_stranger_301_sink.smt2 -> ok  896.846 ms  2048 KB  nodes=24
[1708/4252] z3 | slog_stranger_301_sink.smt2 -> ok  12.428 ms  7808 KB  nodes=11
[1709/4252] antlr4 | slog_stranger_301_sink.smt2 -> ok  367.335 ms  4096 KB  nodes=213
[1710/4252] cvc5 | slog_stranger_301_sink.smt2 -> ok  2.21196 ms  16512 KB  nodes=11
[1711/4252] smt-switch | slog_stranger_301_sink.smt2 -> ok  50.2358 ms  16000 KB  nodes=3
[1712/4252] native | query3532.smt2 -> ok  19.1762 ms  17024 KB  nodes=24
[1713/4252] pysmt | query3532.smt2 -> fail  0 ms  0 KB  nodes=0
[1714/4252] jsmtlib | query3532.smt2 -> ok  1097.96 ms  2048 KB  nodes=51
[1715/4252] z3 | query3532.smt2 -> ok  13.633 ms  7808 KB  nodes=36
[1716/4252] antlr4 | query3532.smt2 -> ok  434.397 ms  4096 KB  nodes=567
[1717/4252] cvc5 | query3532.smt2 -> ok  12.0209 ms  18304 KB  nodes=25
[1718/4252] smt-switch | query3532.smt2 -> ok  6.68877 ms  9472 KB  nodes=0
[1719/4252] native | instance05582.smt2 -> ok  20.6198 ms  17024 KB  nodes=11
[1720/4252] pysmt | instance05582.smt2 -> fail  0 ms  0 KB  nodes=0
[1721/4252] jsmtlib | instance05582.smt2 -> fail  1167.15 ms  1664 KB  nodes=0
[1722/4252] z3 | instance05582.smt2 -> ok  9.454 ms  7808 KB  nodes=12
[1723/4252] antlr4 | instance05582.smt2 -> ok  398.34 ms  4096 KB  nodes=177
[1724/4252] cvc5 | instance05582.smt2 -> ok  3.57728 ms  17408 KB  nodes=11
[1725/4252] smt-switch | instance05582.smt2 -> fail  8.91922 ms  9600 KB  nodes=0
[1726/4252] native | instance04914.smt2 -> ok  17.7555 ms  16896 KB  nodes=4
[1727/4252] pysmt | instance04914.smt2 -> fail  0 ms  0 KB  nodes=0
[1728/4252] jsmtlib | instance04914.smt2 -> fail  1043.02 ms  1664 KB  nodes=0
[1729/4252] z3 | instance04914.smt2 -> ok  9.369 ms  7808 KB  nodes=4
[1730/4252] antlr4 | instance04914.smt2 -> ok  389.054 ms  4096 KB  nodes=129
[1731/4252] cvc5 | instance04914.smt2 -> ok  2.9133 ms  16768 KB  nodes=4
[1732/4252] smt-switch | instance04914.smt2 -> fail  8.66571 ms  9472 KB  nodes=0
[1733/4252] native | instance05412.smt2 -> ok  18.5329 ms  17024 KB  nodes=4
[1734/4252] pysmt | instance05412.smt2 -> fail  0 ms  0 KB  nodes=0
[1735/4252] jsmtlib | instance05412.smt2 -> fail  1035.6 ms  1664 KB  nodes=0
[1736/4252] z3 | instance05412.smt2 -> ok  13.634 ms  7808 KB  nodes=4
[1737/4252] antlr4 | instance05412.smt2 -> ok  369.412 ms  4096 KB  nodes=129
[1738/4252] cvc5 | instance05412.smt2 -> ok  2.21226 ms  16768 KB  nodes=4
[1739/4252] smt-switch | instance05412.smt2 -> fail  8.08494 ms  9728 KB  nodes=0
[1740/4252] native | instance02628.smt2 -> ok  17.6873 ms  17536 KB  nodes=26
[1741/4252] pysmt | instance02628.smt2 -> fail  0 ms  0 KB  nodes=0
[1742/4252] jsmtlib | instance02628.smt2 -> fail  1139.36 ms  1664 KB  nodes=0
[1743/4252] z3 | instance02628.smt2 -> ok  10.55 ms  7808 KB  nodes=29
[1744/4252] antlr4 | instance02628.smt2 -> ok  358.025 ms  4096 KB  nodes=276
[1745/4252] cvc5 | instance02628.smt2 -> ok  4.63067 ms  17152 KB  nodes=24
[1746/4252] smt-switch | instance02628.smt2 -> fail  11.1657 ms  9600 KB  nodes=0
[1747/4252] native | slog_stranger_338_sink.smt2 -> ok  20.0718 ms  17024 KB  nodes=15
[1748/4252] pysmt | slog_stranger_338_sink.smt2 -> fail  0 ms  0 KB  nodes=0
[1749/4252] jsmtlib | slog_stranger_338_sink.smt2 -> ok  901.037 ms  2048 KB  nodes=32
[1750/4252] z3 | slog_stranger_338_sink.smt2 -> ok  11.173 ms  7808 KB  nodes=16
[1751/4252] antlr4 | slog_stranger_338_sink.smt2 -> ok  375.359 ms  4096 KB  nodes=282
[1752/4252] cvc5 | slog_stranger_338_sink.smt2 -> ok  4.32819 ms  17408 KB  nodes=15
[1753/4252] smt-switch | slog_stranger_338_sink.smt2 -> ok  67.4779 ms  16256 KB  nodes=8
[1754/4252] native | query5511.smt2 -> ok  21.4481 ms  17024 KB  nodes=28
[1755/4252] pysmt | query5511.smt2 -> fail  0 ms  0 KB  nodes=0
[1756/4252] jsmtlib | query5511.smt2 -> ok  1158.59 ms  2048 KB  nodes=49
[1757/4252] z3 | query5511.smt2 -> ok  11.067 ms  7808 KB  nodes=47
[1758/4252] antlr4 | query5511.smt2 -> ok  473.096 ms  4096 KB  nodes=601
[1759/4252] cvc5 | query5511.smt2 -> ok  25.526 ms  19328 KB  nodes=33
[1760/4252] smt-switch | query5511.smt2 -> ok  4.57183 ms  9472 KB  nodes=0
[1761/4252] native | 01_track_28.smt2 -> ok  22.5153 ms  17024 KB  nodes=13
[1762/4252] pysmt | 01_track_28.smt2 -> ok  3.39651 ms  21580 KB  nodes=13
[1763/4252] jsmtlib | 01_track_28.smt2 -> ok  930.295 ms  2048 KB  nodes=25
[1764/4252] z3 | 01_track_28.smt2 -> ok  11.887 ms  7808 KB  nodes=21
[1765/4252] antlr4 | 01_track_28.smt2 -> ok  381.815 ms  4096 KB  nodes=217
[1766/4252] cvc5 | 01_track_28.smt2 -> ok  7.54427 ms  18432 KB  nodes=13
[1767/4252] smt-switch | 01_track_28.smt2 -> ok  70.2016 ms  18816 KB  nodes=13
[1768/4252] native | instance02311.smt2 -> ok  20.0512 ms  17664 KB  nodes=19
[1769/4252] pysmt | instance02311.smt2 -> fail  0 ms  0 KB  nodes=0
[1770/4252] jsmtlib | instance02311.smt2 -> fail  1093.98 ms  1664 KB  nodes=0
[1771/4252] z3 | instance02311.smt2 -> ok  11.217 ms  7808 KB  nodes=22
[1772/4252] antlr4 | instance02311.smt2 -> ok  398.545 ms  4096 KB  nodes=228
[1773/4252] cvc5 | instance02311.smt2 -> ok  5.63569 ms  18048 KB  nodes=18
[1774/4252] smt-switch | instance02311.smt2 -> fail  9.81545 ms  9600 KB  nodes=0
[1775/4252] native | instance03011.smt2 -> ok  19.5342 ms  17024 KB  nodes=9
[1776/4252] pysmt | instance03011.smt2 -> fail  0 ms  0 KB  nodes=0
[1777/4252] jsmtlib | instance03011.smt2 -> fail  1079.91 ms  1664 KB  nodes=0
[1778/4252] z3 | instance03011.smt2 -> ok  12.319 ms  7808 KB  nodes=9
[1779/4252] antlr4 | instance03011.smt2 -> ok  392.963 ms  4096 KB  nodes=162
[1780/4252] cvc5 | instance03011.smt2 -> ok  5.54174 ms  17152 KB  nodes=9
[1781/4252] smt-switch | instance03011.smt2 -> fail  10.7237 ms  9600 KB  nodes=0
[1782/4252] native | instance05813.smt2 -> ok  20.855 ms  17024 KB  nodes=12
[1783/4252] pysmt | instance05813.smt2 -> fail  0 ms  0 KB  nodes=0
[1784/4252] jsmtlib | instance05813.smt2 -> fail  1075.86 ms  1664 KB  nodes=0
[1785/4252] z3 | instance05813.smt2 -> ok  10.445 ms  7808 KB  nodes=13
[1786/4252] antlr4 | instance05813.smt2 -> ok  370.971 ms  4096 KB  nodes=186
[1787/4252] cvc5 | instance05813.smt2 -> ok  4.4328 ms  17536 KB  nodes=12
[1788/4252] smt-switch | instance05813.smt2 -> fail  9.03373 ms  9600 KB  nodes=0
[1789/4252] native | instance03063.smt2 -> ok  19.6853 ms  16896 KB  nodes=14
[1790/4252] pysmt | instance03063.smt2 -> fail  0 ms  0 KB  nodes=0
[1791/4252] jsmtlib | instance03063.smt2 -> fail  1088.21 ms  1664 KB  nodes=0
[1792/4252] z3 | instance03063.smt2 -> ok  15.537 ms  7552 KB  nodes=16
[1793/4252] antlr4 | instance03063.smt2 -> ok  377.017 ms  4096 KB  nodes=193
[1794/4252] cvc5 | instance03063.smt2 -> ok  4.89366 ms  17536 KB  nodes=14
[1795/4252] smt-switch | instance03063.smt2 -> fail  9.83239 ms  9856 KB  nodes=0
[1796/4252] native | instance05843.smt2 -> ok  19.0983 ms  17536 KB  nodes=13
[1797/4252] pysmt | instance05843.smt2 -> fail  0 ms  0 KB  nodes=0
[1798/4252] jsmtlib | instance05843.smt2 -> fail  1200.7 ms  1664 KB  nodes=0
[1799/4252] z3 | instance05843.smt2 -> ok  9.443 ms  7808 KB  nodes=13
[1800/4252] antlr4 | instance05843.smt2 -> ok  420.55 ms  4096 KB  nodes=190
[1801/4252] cvc5 | instance05843.smt2 -> ok  6.07165 ms  18048 KB  nodes=12
[1802/4252] smt-switch | instance05843.smt2 -> fail  9.76841 ms  9472 KB  nodes=0
[1803/4252] native | instance06530.smt2 -> ok  19.8257 ms  17664 KB  nodes=40
[1804/4252] pysmt | instance06530.smt2 -> fail  0 ms  0 KB  nodes=0
[1805/4252] jsmtlib | instance06530.smt2 -> fail  1169.69 ms  1664 KB  nodes=0
[1806/4252] z3 | instance06530.smt2 -> ok  10.922 ms  7808 KB  nodes=49
[1807/4252] antlr4 | instance06530.smt2 -> ok  393.655 ms  4096 KB  nodes=522
[1808/4252] cvc5 | instance06530.smt2 -> ok  4.17612 ms  17152 KB  nodes=38
[1809/4252] smt-switch | instance06530.smt2 -> fail  8.81143 ms  9728 KB  nodes=0
[1810/4252] native | instance01084.smt2 -> ok  18.5652 ms  17024 KB  nodes=28
[1811/4252] pysmt | instance01084.smt2 -> fail  0 ms  0 KB  nodes=0
[1812/4252] jsmtlib | instance01084.smt2 -> fail  1109.92 ms  1664 KB  nodes=0
[1813/4252] z3 | instance01084.smt2 -> ok  9.892 ms  7808 KB  nodes=40
[1814/4252] antlr4 | instance01084.smt2 -> ok  400.289 ms  4096 KB  nodes=437
[1815/4252] cvc5 | instance01084.smt2 -> ok  5.64285 ms  17792 KB  nodes=28
[1816/4252] smt-switch | instance01084.smt2 -> fail  11.6914 ms  9600 KB  nodes=0
[1817/4252] native | instance10977.smt2 -> ok  18.3151 ms  17664 KB  nodes=39
[1818/4252] pysmt | instance10977.smt2 -> fail  0 ms  0 KB  nodes=0
[1819/4252] jsmtlib | instance10977.smt2 -> fail  1067.77 ms  1664 KB  nodes=0
[1820/4252] z3 | instance10977.smt2 -> ok  10.74 ms  7936 KB  nodes=44
[1821/4252] antlr4 | instance10977.smt2 -> ok  419.38 ms  4096 KB  nodes=389
[1822/4252] cvc5 | instance10977.smt2 -> ok  11.6262 ms  19072 KB  nodes=37
[1823/4252] smt-switch | instance10977.smt2 -> fail  15.6376 ms  9344 KB  nodes=0
[1824/4252] native | instance01007.smt2 -> ok  21.2423 ms  17664 KB  nodes=45
[1825/4252] pysmt | instance01007.smt2 -> fail  0 ms  0 KB  nodes=0
[1826/4252] jsmtlib | instance01007.smt2 -> fail  1243.39 ms  1664 KB  nodes=0
[1827/4252] z3 | instance01007.smt2 -> ok  10.281 ms  7808 KB  nodes=55
[1828/4252] antlr4 | instance01007.smt2 -> ok  471.074 ms  4096 KB  nodes=497
[1829/4252] cvc5 | instance01007.smt2 -> ok  4.28372 ms  17920 KB  nodes=43
[1830/4252] smt-switch | instance01007.smt2 -> fail  9.5927 ms  9600 KB  nodes=0
[1831/4252] native | benchmark_0119.smt2 -> fail  34.4091 ms  1664 KB  nodes=0
[1832/4252] pysmt | benchmark_0119.smt2 -> fail  0 ms  0 KB  nodes=0
[1833/4252] jsmtlib | benchmark_0119.smt2 -> fail  1186.16 ms  1664 KB  nodes=0
[1834/4252] z3 | benchmark_0119.smt2 -> ok  12.528 ms  7808 KB  nodes=33
[1835/4252] antlr4 | benchmark_0119.smt2 -> ok  436.241 ms  4096 KB  nodes=411
[1836/4252] cvc5 | benchmark_0119.smt2 -> fail  10042.4 ms  1664 KB  nodes=0
[1837/4252] smt-switch | benchmark_0119.smt2 -> fail  10044 ms  1664 KB  nodes=0
[1838/4252] native | instance11348.smt2 -> ok  21.9796 ms  17024 KB  nodes=26
[1839/4252] pysmt | instance11348.smt2 -> fail  0 ms  0 KB  nodes=0
[1840/4252] jsmtlib | instance11348.smt2 -> fail  1163.73 ms  1664 KB  nodes=0
[1841/4252] z3 | instance11348.smt2 -> ok  14.334 ms  7808 KB  nodes=32
[1842/4252] antlr4 | instance11348.smt2 -> ok  430.377 ms  4096 KB  nodes=300
[1843/4252] cvc5 | instance11348.smt2 -> ok  6.98351 ms  18048 KB  nodes=26
[1844/4252] smt-switch | instance11348.smt2 -> fail  4.93095 ms  10624 KB  nodes=0
[1845/4252] native | instance10134.smt2 -> ok  19.2819 ms  17664 KB  nodes=45
[1846/4252] pysmt | instance10134.smt2 -> fail  0 ms  0 KB  nodes=0
[1847/4252] jsmtlib | instance10134.smt2 -> fail  1134.48 ms  1664 KB  nodes=0
[1848/4252] z3 | instance10134.smt2 -> ok  10.474 ms  7808 KB  nodes=50
[1849/4252] antlr4 | instance10134.smt2 -> ok  464.163 ms  4096 KB  nodes=519
[1850/4252] cvc5 | instance10134.smt2 -> ok  3.03026 ms  17280 KB  nodes=43
[1851/4252] smt-switch | instance10134.smt2 -> fail  3.36618 ms  10112 KB  nodes=0
[1852/4252] native | instance02247.smt2 -> ok  24.7028 ms  17536 KB  nodes=29
[1853/4252] pysmt | instance02247.smt2 -> fail  0 ms  0 KB  nodes=0
[1854/4252] jsmtlib | instance02247.smt2 -> fail  1133.25 ms  1664 KB  nodes=0
[1855/4252] z3 | instance02247.smt2 -> ok  11.893 ms  7808 KB  nodes=29
[1856/4252] antlr4 | instance02247.smt2 -> ok  407.148 ms  4096 KB  nodes=528
[1857/4252] cvc5 | instance02247.smt2 -> ok  5.55312 ms  17408 KB  nodes=27
[1858/4252] smt-switch | instance02247.smt2 -> fail  2.54528 ms  10368 KB  nodes=0
[1859/4252] native | instance03990.smt2 -> ok  23.6211 ms  17536 KB  nodes=24
[1860/4252] pysmt | instance03990.smt2 -> fail  0 ms  0 KB  nodes=0
[1861/4252] jsmtlib | instance03990.smt2 -> fail  1126.65 ms  1664 KB  nodes=0
[1862/4252] z3 | instance03990.smt2 -> ok  9.683 ms  7808 KB  nodes=22
[1863/4252] antlr4 | instance03990.smt2 -> ok  416.791 ms  4096 KB  nodes=311
[1864/4252] cvc5 | instance03990.smt2 -> ok  3.98011 ms  17536 KB  nodes=20
[1865/4252] smt-switch | instance03990.smt2 -> fail  2.64138 ms  10240 KB  nodes=0
[1866/4252] native | instance01982.smt2 -> ok  22.3541 ms  17024 KB  nodes=21
[1867/4252] pysmt | instance01982.smt2 -> fail  0 ms  0 KB  nodes=0
[1868/4252] jsmtlib | instance01982.smt2 -> fail  1153.36 ms  1664 KB  nodes=0
[1869/4252] z3 | instance01982.smt2 -> ok  9.841 ms  7808 KB  nodes=27
[1870/4252] antlr4 | instance01982.smt2 -> ok  456.53 ms  4096 KB  nodes=313
[1871/4252] cvc5 | instance01982.smt2 -> ok  7.35516 ms  17536 KB  nodes=21
[1872/4252] smt-switch | instance01982.smt2 -> fail  3.18592 ms  10240 KB  nodes=0
[1873/4252] native | instance10918.smt2 -> ok  18.9541 ms  17024 KB  nodes=28
[1874/4252] pysmt | instance10918.smt2 -> fail  0 ms  0 KB  nodes=0
[1875/4252] jsmtlib | instance10918.smt2 -> fail  1159.94 ms  1664 KB  nodes=0
[1876/4252] z3 | instance10918.smt2 -> ok  11.463 ms  7936 KB  nodes=35
[1877/4252] antlr4 | instance10918.smt2 -> ok  437.92 ms  4096 KB  nodes=300
[1878/4252] cvc5 | instance10918.smt2 -> ok  3.23696 ms  17664 KB  nodes=28
[1879/4252] smt-switch | instance10918.smt2 -> fail  2.51342 ms  10368 KB  nodes=0
[1880/4252] native | instance02126.smt2 -> ok  18.9568 ms  17664 KB  nodes=21
[1881/4252] pysmt | instance02126.smt2 -> fail  0 ms  0 KB  nodes=0
[1882/4252] jsmtlib | instance02126.smt2 -> fail  1171.07 ms  1664 KB  nodes=0
[1883/4252] z3 | instance02126.smt2 -> ok  19.048 ms  7680 KB  nodes=32
[1884/4252] antlr4 | instance02126.smt2 -> ok  437.536 ms  4096 KB  nodes=424
[1885/4252] cvc5 | instance02126.smt2 -> ok  4.21224 ms  17536 KB  nodes=19
[1886/4252] smt-switch | instance02126.smt2 -> fail  2.83897 ms  10240 KB  nodes=0
[1887/4252] native | slog_stranger_377_sink.smt2 -> ok  19.3337 ms  17024 KB  nodes=10
[1888/4252] pysmt | slog_stranger_377_sink.smt2 -> fail  0 ms  0 KB  nodes=0
[1889/4252] jsmtlib | slog_stranger_377_sink.smt2 -> ok  1023.39 ms  2048 KB  nodes=24
[1890/4252] z3 | slog_stranger_377_sink.smt2 -> ok  13.632 ms  7808 KB  nodes=11
[1891/4252] antlr4 | slog_stranger_377_sink.smt2 -> ok  423.641 ms  4096 KB  nodes=213
[1892/4252] cvc5 | slog_stranger_377_sink.smt2 -> ok  2.62721 ms  16512 KB  nodes=11
[1893/4252] smt-switch | slog_stranger_377_sink.smt2 -> ok  4.91673 ms  17664 KB  nodes=3
[1894/4252] native | instance04999.smt2 -> ok  22.2742 ms  17664 KB  nodes=14
[1895/4252] pysmt | instance04999.smt2 -> fail  0 ms  0 KB  nodes=0
[1896/4252] jsmtlib | instance04999.smt2 -> fail  1283.26 ms  1664 KB  nodes=0
[1897/4252] z3 | instance04999.smt2 -> ok  11.227 ms  7808 KB  nodes=25
[1898/4252] antlr4 | instance04999.smt2 -> ok  458.238 ms  4096 KB  nodes=364
[1899/4252] cvc5 | instance04999.smt2 -> ok  3.94692 ms  17408 KB  nodes=12
[1900/4252] smt-switch | instance04999.smt2 -> fail  2.46532 ms  10240 KB  nodes=0
[1901/4252] native | instance00546.smt2 -> ok  18.2182 ms  17024 KB  nodes=24
[1902/4252] pysmt | instance00546.smt2 -> fail  0 ms  0 KB  nodes=0
[1903/4252] jsmtlib | instance00546.smt2 -> fail  1337.31 ms  1664 KB  nodes=0
[1904/4252] z3 | instance00546.smt2 -> ok  13.818 ms  7808 KB  nodes=34
[1905/4252] antlr4 | instance00546.smt2 -> ok  521.736 ms  4096 KB  nodes=346
[1906/4252] cvc5 | instance00546.smt2 -> ok  4.90458 ms  17664 KB  nodes=24
[1907/4252] smt-switch | instance00546.smt2 -> fail  3.5931 ms  10240 KB  nodes=0
[1908/4252] native | instance06807.smt2 -> ok  20.4871 ms  17024 KB  nodes=37
[1909/4252] pysmt | instance06807.smt2 -> fail  0 ms  0 KB  nodes=0
[1910/4252] jsmtlib | instance06807.smt2 -> fail  1271.54 ms  1664 KB  nodes=0
[1911/4252] z3 | instance06807.smt2 -> ok  9.091 ms  7936 KB  nodes=46
[1912/4252] antlr4 | instance06807.smt2 -> ok  470.206 ms  4096 KB  nodes=355
[1913/4252] cvc5 | instance06807.smt2 -> ok  6.51764 ms  18048 KB  nodes=37
[1914/4252] smt-switch | instance06807.smt2 -> fail  3.25362 ms  10368 KB  nodes=0
[1915/4252] native | instance03385.smt2 -> ok  18.8256 ms  17024 KB  nodes=26
[1916/4252] pysmt | instance03385.smt2 -> fail  0 ms  0 KB  nodes=0
[1917/4252] jsmtlib | instance03385.smt2 -> fail  1179.5 ms  1664 KB  nodes=0
[1918/4252] z3 | instance03385.smt2 -> ok  11.006 ms  7808 KB  nodes=32
[1919/4252] antlr4 | instance03385.smt2 -> ok  424.018 ms  4096 KB  nodes=270
[1920/4252] cvc5 | instance03385.smt2 -> ok  3.36523 ms  17152 KB  nodes=26
[1921/4252] smt-switch | instance03385.smt2 -> fail  2.44767 ms  10240 KB  nodes=0
[1922/4252] native | benchmark_0407.smt2 -> fail  44.053 ms  1664 KB  nodes=0
[1923/4252] pysmt | benchmark_0407.smt2 -> fail  0 ms  0 KB  nodes=0
[1924/4252] jsmtlib | benchmark_0407.smt2 -> fail  1234.25 ms  1664 KB  nodes=0
[1925/4252] z3 | benchmark_0407.smt2 -> ok  8.073 ms  7808 KB  nodes=33
[1926/4252] antlr4 | benchmark_0407.smt2 -> ok  449.525 ms  4096 KB  nodes=411
[1927/4252] cvc5 | benchmark_0407.smt2 -> fail  10043.5 ms  1664 KB  nodes=0
[1928/4252] smt-switch | benchmark_0407.smt2 -> fail  10043.2 ms  1664 KB  nodes=0
[1929/4252] native | instance07567.smt2 -> ok  37.4173 ms  17664 KB  nodes=39
[1930/4252] pysmt | instance07567.smt2 -> fail  0 ms  0 KB  nodes=0
[1931/4252] jsmtlib | instance07567.smt2 -> fail  1337.53 ms  1664 KB  nodes=0
[1932/4252] z3 | instance07567.smt2 -> ok  20.825 ms  7808 KB  nodes=50
[1933/4252] antlr4 | instance07567.smt2 -> ok  481.136 ms  4096 KB  nodes=422
[1934/4252] cvc5 | instance07567.smt2 -> ok  6.08274 ms  18176 KB  nodes=37
[1935/4252] smt-switch | instance07567.smt2 -> fail  3.13678 ms  10496 KB  nodes=0
[1936/4252] native | slog_stranger_2687_sink.smt2 -> ok  27.2233 ms  17024 KB  nodes=10
[1937/4252] pysmt | slog_stranger_2687_sink.smt2 -> fail  0 ms  0 KB  nodes=0
[1938/4252] jsmtlib | slog_stranger_2687_sink.smt2 -> ok  1243.29 ms  2048 KB  nodes=24
[1939/4252] z3 | slog_stranger_2687_sink.smt2 -> ok  12.076 ms  7808 KB  nodes=11
[1940/4252] antlr4 | slog_stranger_2687_sink.smt2 -> ok  479.685 ms  4096 KB  nodes=213
[1941/4252] cvc5 | slog_stranger_2687_sink.smt2 -> ok  2.77865 ms  16768 KB  nodes=11
[1942/4252] smt-switch | slog_stranger_2687_sink.smt2 -> ok  4.7987 ms  17408 KB  nodes=3
[1943/4252] native | instance13474.smt2 -> ok  21.6182 ms  17664 KB  nodes=52
[1944/4252] pysmt | instance13474.smt2 -> fail  0 ms  0 KB  nodes=0
[1945/4252] jsmtlib | instance13474.smt2 -> fail  1399.59 ms  1664 KB  nodes=0
[1946/4252] z3 | instance13474.smt2 -> ok  15.386 ms  7808 KB  nodes=65
[1947/4252] antlr4 | instance13474.smt2 -> ok  505.741 ms  4096 KB  nodes=560
[1948/4252] cvc5 | instance13474.smt2 -> ok  6.1374 ms  17792 KB  nodes=50
[1949/4252] smt-switch | instance13474.smt2 -> fail  2.93462 ms  10368 KB  nodes=0
[1950/4252] native | slog_stranger_1577_sink.smt2 -> ok  24.3572 ms  17152 KB  nodes=10
[1951/4252] pysmt | slog_stranger_1577_sink.smt2 -> fail  0 ms  0 KB  nodes=0
[1952/4252] jsmtlib | slog_stranger_1577_sink.smt2 -> ok  1125.24 ms  2048 KB  nodes=24
[1953/4252] z3 | slog_stranger_1577_sink.smt2 -> ok  12.54 ms  7936 KB  nodes=11
[1954/4252] antlr4 | slog_stranger_1577_sink.smt2 -> ok  473.607 ms  4096 KB  nodes=213
[1955/4252] cvc5 | slog_stranger_1577_sink.smt2 -> ok  2.59408 ms  16768 KB  nodes=11
[1956/4252] smt-switch | slog_stranger_1577_sink.smt2 -> ok  5.09053 ms  17408 KB  nodes=3
[1957/4252] native | instance13805.smt2 -> ok  21.1608 ms  17536 KB  nodes=37
[1958/4252] pysmt | instance13805.smt2 -> fail  0 ms  0 KB  nodes=0
[1959/4252] jsmtlib | instance13805.smt2 -> fail  1293.12 ms  1664 KB  nodes=0
[1960/4252] z3 | instance13805.smt2 -> ok  13.73 ms  7808 KB  nodes=47
[1961/4252] antlr4 | instance13805.smt2 -> ok  481.05 ms  4096 KB  nodes=444
[1962/4252] cvc5 | instance13805.smt2 -> ok  4.42401 ms  17792 KB  nodes=34
[1963/4252] smt-switch | instance13805.smt2 -> fail  3.05003 ms  10496 KB  nodes=0
[1964/4252] native | benchmark_0286.smt2 -> fail  45.2822 ms  1664 KB  nodes=0
[1965/4252] pysmt | benchmark_0286.smt2 -> fail  0 ms  0 KB  nodes=0
[1966/4252] jsmtlib | benchmark_0286.smt2 -> fail  1386.95 ms  1664 KB  nodes=0
[1967/4252] z3 | benchmark_0286.smt2 -> ok  12.375 ms  7808 KB  nodes=33
[1968/4252] antlr4 | benchmark_0286.smt2 -> ok  518.663 ms  4096 KB  nodes=411
[1969/4252] cvc5 | benchmark_0286.smt2 -> fail  10045.9 ms  1664 KB  nodes=0
[1970/4252] smt-switch | benchmark_0286.smt2 -> fail  10048.1 ms  1664 KB  nodes=0
[1971/4252] native | instance01503.smt2 -> ok  26.0028 ms  17024 KB  nodes=21
[1972/4252] pysmt | instance01503.smt2 -> fail  0 ms  0 KB  nodes=0
[1973/4252] jsmtlib | instance01503.smt2 -> fail  1537.97 ms  1664 KB  nodes=0
[1974/4252] z3 | instance01503.smt2 -> ok  11.999 ms  7808 KB  nodes=28
[1975/4252] antlr4 | instance01503.smt2 -> ok  570.413 ms  4096 KB  nodes=381
[1976/4252] cvc5 | instance01503.smt2 -> ok  6.61199 ms  17792 KB  nodes=21
[1977/4252] smt-switch | instance01503.smt2 -> fail  3.67213 ms  10240 KB  nodes=0
[1978/4252] native | benchmark_0237.smt2 -> fail  41.173 ms  1664 KB  nodes=0
[1979/4252] pysmt | benchmark_0237.smt2 -> fail  0 ms  0 KB  nodes=0
[1980/4252] jsmtlib | benchmark_0237.smt2 -> fail  1506.55 ms  1664 KB  nodes=0
[1981/4252] z3 | benchmark_0237.smt2 -> ok  12.987 ms  7808 KB  nodes=33
[1982/4252] antlr4 | benchmark_0237.smt2 -> ok  627.566 ms  4096 KB  nodes=411
[1983/4252] cvc5 | benchmark_0237.smt2 -> fail  10047.2 ms  1664 KB  nodes=0
[1984/4252] smt-switch | benchmark_0237.smt2 -> fail  10049.7 ms  1664 KB  nodes=0
[1985/4252] native | instance03550.smt2 -> ok  169.727 ms  17024 KB  nodes=29
[1986/4252] pysmt | instance03550.smt2 -> fail  0 ms  0 KB  nodes=0
[1987/4252] jsmtlib | instance03550.smt2 -> fail  1896.92 ms  1664 KB  nodes=0
[1988/4252] z3 | instance03550.smt2 -> ok  15.238 ms  7808 KB  nodes=37
[1989/4252] antlr4 | instance03550.smt2 -> ok  701.023 ms  4096 KB  nodes=317
[1990/4252] cvc5 | instance03550.smt2 -> ok  10.3177 ms  18432 KB  nodes=29
[1991/4252] smt-switch | instance03550.smt2 -> fail  3.75582 ms  10368 KB  nodes=0
[1992/4252] native | muzzle_sat_non_incre_equiv_init_0_6.smt2 -> ok  31.0724 ms  17024 KB  nodes=28
[1993/4252] pysmt | muzzle_sat_non_incre_equiv_init_0_6.smt2 -> fail  0 ms  0 KB  nodes=0
[1994/4252] jsmtlib | muzzle_sat_non_incre_equiv_init_0_6.smt2 -> ok  1543.87 ms  2048 KB  nodes=76
[1995/4252] z3 | muzzle_sat_non_incre_equiv_init_0_6.smt2 -> ok  11.565 ms  7936 KB  nodes=44
[1996/4252] antlr4 | muzzle_sat_non_incre_equiv_init_0_6.smt2 -> ok  760.598 ms  5120 KB  nodes=621
[1997/4252] cvc5 | muzzle_sat_non_incre_equiv_init_0_6.smt2 -> ok  38.1808 ms  16768 KB  nodes=28
[1998/4252] smt-switch | muzzle_sat_non_incre_equiv_init_0_6.smt2 -> fail  7.7845 ms  10368 KB  nodes=0
[1999/4252] native | instance14112.smt2 -> ok  30.5251 ms  17664 KB  nodes=48
[2000/4252] pysmt | instance14112.smt2 -> fail  0 ms  0 KB  nodes=0
[2001/4252] jsmtlib | instance14112.smt2 -> fail  1665.47 ms  1664 KB  nodes=0
[2002/4252] z3 | instance14112.smt2 -> ok  12.406 ms  7808 KB  nodes=49
[2003/4252] antlr4 | instance14112.smt2 -> ok  678.754 ms  4096 KB  nodes=509
[2004/4252] cvc5 | instance14112.smt2 -> ok  14.5433 ms  18432 KB  nodes=43
[2005/4252] smt-switch | instance14112.smt2 -> fail  3.904 ms  10240 KB  nodes=0
[2006/4252] native | instance15511.smt2 -> ok  35.1397 ms  17024 KB  nodes=34
[2007/4252] pysmt | instance15511.smt2 -> fail  0 ms  0 KB  nodes=0
[2008/4252] jsmtlib | instance15511.smt2 -> fail  1697.1 ms  1664 KB  nodes=0
[2009/4252] z3 | instance15511.smt2 -> ok  13.312 ms  7808 KB  nodes=51
[2010/4252] antlr4 | instance15511.smt2 -> ok  592.77 ms  4096 KB  nodes=414
[2011/4252] cvc5 | instance15511.smt2 -> ok  2.84935 ms  16512 KB  nodes=34
[2012/4252] smt-switch | instance15511.smt2 -> fail  3.69539 ms  10496 KB  nodes=0
[2013/4252] native | slog_stranger_2633_sink.smt2 -> ok  28.0593 ms  17024 KB  nodes=10
[2014/4252] pysmt | slog_stranger_2633_sink.smt2 -> fail  0 ms  0 KB  nodes=0
[2015/4252] jsmtlib | slog_stranger_2633_sink.smt2 -> ok  1377.8 ms  2048 KB  nodes=24
[2016/4252] z3 | slog_stranger_2633_sink.smt2 -> ok  13.038 ms  7808 KB  nodes=11
[2017/4252] antlr4 | slog_stranger_2633_sink.smt2 -> ok  605.008 ms  4096 KB  nodes=213
[2018/4252] cvc5 | slog_stranger_2633_sink.smt2 -> ok  3.17655 ms  16384 KB  nodes=11
[2019/4252] smt-switch | slog_stranger_2633_sink.smt2 -> ok  5.68707 ms  17664 KB  nodes=3
[2020/4252] native | instance09398.smt2 -> ok  27.1919 ms  17152 KB  nodes=22
[2021/4252] pysmt | instance09398.smt2 -> fail  0 ms  0 KB  nodes=0
[2022/4252] jsmtlib | instance09398.smt2 -> fail  1680.63 ms  1664 KB  nodes=0
[2023/4252] z3 | instance09398.smt2 -> ok  11.994 ms  7936 KB  nodes=37
[2024/4252] antlr4 | instance09398.smt2 -> ok  636.075 ms  4096 KB  nodes=328
[2025/4252] cvc5 | instance09398.smt2 -> ok  2.7893 ms  16512 KB  nodes=22
[2026/4252] smt-switch | instance09398.smt2 -> fail  3.92686 ms  10240 KB  nodes=0
[2027/4252] native | instance13977.smt2 -> ok  76.0736 ms  17152 KB  nodes=22
[2028/4252] pysmt | instance13977.smt2 -> fail  0 ms  0 KB  nodes=0
[2029/4252] jsmtlib | instance13977.smt2 -> fail  1819.61 ms  1664 KB  nodes=0
[2030/4252] z3 | instance13977.smt2 -> ok  14.622 ms  7808 KB  nodes=25
[2031/4252] antlr4 | instance13977.smt2 -> ok  767.112 ms  4096 KB  nodes=253
[2032/4252] cvc5 | instance13977.smt2 -> ok  8.88607 ms  17792 KB  nodes=22
[2033/4252] smt-switch | instance13977.smt2 -> fail  4.39673 ms  10368 KB  nodes=0
[2034/4252] native | instance13348.smt2 -> ok  34.0423 ms  17536 KB  nodes=29
[2035/4252] pysmt | instance13348.smt2 -> fail  0 ms  0 KB  nodes=0
[2036/4252] jsmtlib | instance13348.smt2 -> fail  1758.34 ms  1664 KB  nodes=0
[2037/4252] z3 | instance13348.smt2 -> ok  13.165 ms  7808 KB  nodes=32
[2038/4252] antlr4 | instance13348.smt2 -> ok  642.295 ms  4096 KB  nodes=301
[2039/4252] cvc5 | instance13348.smt2 -> ok  4.76311 ms  17536 KB  nodes=28
[2040/4252] smt-switch | instance13348.smt2 -> fail  3.55068 ms  10240 KB  nodes=0
[2041/4252] native | instance05584.smt2 -> ok  25.531 ms  16896 KB  nodes=29
[2042/4252] pysmt | instance05584.smt2 -> fail  0 ms  0 KB  nodes=0
[2043/4252] jsmtlib | instance05584.smt2 -> fail  1572.64 ms  1664 KB  nodes=0
[2044/4252] z3 | instance05584.smt2 -> ok  11.317 ms  7808 KB  nodes=37
[2045/4252] antlr4 | instance05584.smt2 -> ok  595.861 ms  4096 KB  nodes=317
[2046/4252] cvc5 | instance05584.smt2 -> ok  6.25188 ms  17920 KB  nodes=29
[2047/4252] smt-switch | instance05584.smt2 -> fail  3.76514 ms  10368 KB  nodes=0
[2048/4252] native | instance11394.smt2 -> ok  29.581 ms  17024 KB  nodes=27
[2049/4252] pysmt | instance11394.smt2 -> fail  0 ms  0 KB  nodes=0
[2050/4252] jsmtlib | instance11394.smt2 -> fail  1587.23 ms  1664 KB  nodes=0
[2051/4252] z3 | instance11394.smt2 -> ok  13.23 ms  7808 KB  nodes=35
[2052/4252] antlr4 | instance11394.smt2 -> ok  616.815 ms  4096 KB  nodes=359
[2053/4252] cvc5 | instance11394.smt2 -> ok  53.736 ms  19200 KB  nodes=27
[2054/4252] smt-switch | instance11394.smt2 -> fail  3.98713 ms  10240 KB  nodes=0
[2055/4252] native | instance03959.smt2 -> ok  25.6696 ms  17152 KB  nodes=29
[2056/4252] pysmt | instance03959.smt2 -> fail  0 ms  0 KB  nodes=0
[2057/4252] jsmtlib | instance03959.smt2 -> fail  1590.17 ms  1664 KB  nodes=0
[2058/4252] z3 | instance03959.smt2 -> ok  11.813 ms  7808 KB  nodes=37
[2059/4252] antlr4 | instance03959.smt2 -> ok  612.278 ms  4096 KB  nodes=330
[2060/4252] cvc5 | instance03959.smt2 -> ok  4.76047 ms  17408 KB  nodes=29
[2061/4252] smt-switch | instance03959.smt2 -> fail  3.83913 ms  10368 KB  nodes=0
[2062/4252] native | instance06170.smt2 -> ok  27.624 ms  17152 KB  nodes=27
[2063/4252] pysmt | instance06170.smt2 -> fail  0 ms  0 KB  nodes=0
[2064/4252] jsmtlib | instance06170.smt2 -> fail  1425.29 ms  1664 KB  nodes=0
[2065/4252] z3 | instance06170.smt2 -> ok  13.106 ms  7808 KB  nodes=35
[2066/4252] antlr4 | instance06170.smt2 -> ok  654.586 ms  4096 KB  nodes=304
[2067/4252] cvc5 | instance06170.smt2 -> ok  4.30077 ms  17152 KB  nodes=27
[2068/4252] smt-switch | instance06170.smt2 -> fail  3.95121 ms  10368 KB  nodes=0
[2069/4252] native | instance05901.smt2 -> ok  30.5716 ms  17536 KB  nodes=34
[2070/4252] pysmt | instance05901.smt2 -> fail  0 ms  0 KB  nodes=0
[2071/4252] jsmtlib | instance05901.smt2 -> fail  1586.47 ms  1664 KB  nodes=0
[2072/4252] z3 | instance05901.smt2 -> ok  22.964 ms  7808 KB  nodes=32
[2073/4252] antlr4 | instance05901.smt2 -> ok  612.762 ms  4096 KB  nodes=472
[2074/4252] cvc5 | instance05901.smt2 -> ok  13.0988 ms  18816 KB  nodes=31
[2075/4252] smt-switch | instance05901.smt2 -> fail  3.531 ms  10240 KB  nodes=0
[2076/4252] native | instance11474.smt2 -> ok  25.6938 ms  17024 KB  nodes=27
[2077/4252] pysmt | instance11474.smt2 -> fail  0 ms  0 KB  nodes=0
[2078/4252] jsmtlib | instance11474.smt2 -> fail  1648.82 ms  1664 KB  nodes=0
[2079/4252] z3 | instance11474.smt2 -> ok  11.187 ms  7808 KB  nodes=35
[2080/4252] antlr4 | instance11474.smt2 -> ok  586.085 ms  4096 KB  nodes=304
[2081/4252] cvc5 | instance11474.smt2 -> ok  3.87021 ms  17408 KB  nodes=27
[2082/4252] smt-switch | instance11474.smt2 -> fail  3.46603 ms  10240 KB  nodes=0
[2083/4252] native | slog_stranger_845_sink.smt2 -> ok  39.6022 ms  17024 KB  nodes=10
[2084/4252] pysmt | slog_stranger_845_sink.smt2 -> fail  0 ms  0 KB  nodes=0
[2085/4252] jsmtlib | slog_stranger_845_sink.smt2 -> ok  1436.46 ms  2048 KB  nodes=24
[2086/4252] z3 | slog_stranger_845_sink.smt2 -> ok  33.784 ms  7808 KB  nodes=11
[2087/4252] antlr4 | slog_stranger_845_sink.smt2 -> ok  797.879 ms  4096 KB  nodes=213
[2088/4252] cvc5 | slog_stranger_845_sink.smt2 -> ok  3.15695 ms  16512 KB  nodes=11
[2089/4252] smt-switch | slog_stranger_845_sink.smt2 -> ok  6.86264 ms  17792 KB  nodes=3
[2090/4252] native | slog_stranger_899_sink.smt2 -> ok  25.1277 ms  17024 KB  nodes=10
[2091/4252] pysmt | slog_stranger_899_sink.smt2 -> fail  0 ms  0 KB  nodes=0
[2092/4252] jsmtlib | slog_stranger_899_sink.smt2 -> ok  1555.35 ms  2048 KB  nodes=25
[2093/4252] z3 | slog_stranger_899_sink.smt2 -> ok  12.788 ms  7808 KB  nodes=11
[2094/4252] antlr4 | slog_stranger_899_sink.smt2 -> ok  651.465 ms  4096 KB  nodes=228
[2095/4252] cvc5 | slog_stranger_899_sink.smt2 -> ok  2.74769 ms  16256 KB  nodes=12
[2096/4252] smt-switch | slog_stranger_899_sink.smt2 -> ok  11.9129 ms  17408 KB  nodes=3
[2097/4252] native | instance05915.smt2 -> ok  63.271 ms  17536 KB  nodes=32
[2098/4252] pysmt | instance05915.smt2 -> fail  0 ms  0 KB  nodes=0
[2099/4252] jsmtlib | instance05915.smt2 -> fail  1551.31 ms  1664 KB  nodes=0
[2100/4252] z3 | instance05915.smt2 -> ok  14.163 ms  7808 KB  nodes=38
[2101/4252] antlr4 | instance05915.smt2 -> ok  580.918 ms  4096 KB  nodes=440
[2102/4252] cvc5 | instance05915.smt2 -> ok  33.0408 ms  19328 KB  nodes=28
[2103/4252] smt-switch | instance05915.smt2 -> fail  3.86937 ms  10368 KB  nodes=0
[2104/4252] native | instance11376.smt2 -> ok  30.2808 ms  17024 KB  nodes=22
[2105/4252] pysmt | instance11376.smt2 -> fail  0 ms  0 KB  nodes=0
[2106/4252] jsmtlib | instance11376.smt2 -> fail  1596.24 ms  1664 KB  nodes=0
[2107/4252] z3 | instance11376.smt2 -> ok  11.419 ms  7808 KB  nodes=27
[2108/4252] antlr4 | instance11376.smt2 -> ok  587.568 ms  4096 KB  nodes=256
[2109/4252] cvc5 | instance11376.smt2 -> ok  2.63572 ms  16512 KB  nodes=22
[2110/4252] smt-switch | instance11376.smt2 -> fail  3.28984 ms  10368 KB  nodes=0
[2111/4252] native | instance08737.smt2 -> ok  25.2391 ms  17536 KB  nodes=50
[2112/4252] pysmt | instance08737.smt2 -> fail  0 ms  0 KB  nodes=0
[2113/4252] jsmtlib | instance08737.smt2 -> fail  1641.51 ms  1664 KB  nodes=0
[2114/4252] z3 | instance08737.smt2 -> ok  11.121 ms  7808 KB  nodes=63
[2115/4252] antlr4 | instance08737.smt2 -> ok  621.827 ms  4096 KB  nodes=579
[2116/4252] cvc5 | instance08737.smt2 -> ok  18.6255 ms  18432 KB  nodes=47
[2117/4252] smt-switch | instance08737.smt2 -> fail  4.05268 ms  10368 KB  nodes=0
[2118/4252] native | instance12159.smt2 -> ok  26.157 ms  17664 KB  nodes=43
[2119/4252] pysmt | instance12159.smt2 -> fail  0 ms  0 KB  nodes=0
[2120/4252] jsmtlib | instance12159.smt2 -> fail  1594.37 ms  1664 KB  nodes=0
[2121/4252] z3 | instance12159.smt2 -> ok  12.536 ms  7808 KB  nodes=50
[2122/4252] antlr4 | instance12159.smt2 -> ok  594.921 ms  4096 KB  nodes=507
[2123/4252] cvc5 | instance12159.smt2 -> ok  45.5832 ms  18816 KB  nodes=39
[2124/4252] smt-switch | instance12159.smt2 -> fail  4.17577 ms  10496 KB  nodes=0
[2125/4252] native | instance01103.smt2 -> ok  26.0208 ms  17024 KB  nodes=24
[2126/4252] pysmt | instance01103.smt2 -> fail  0 ms  0 KB  nodes=0
[2127/4252] jsmtlib | instance01103.smt2 -> fail  1662.21 ms  1664 KB  nodes=0
[2128/4252] z3 | instance01103.smt2 -> ok  13.469 ms  7808 KB  nodes=30
[2129/4252] antlr4 | instance01103.smt2 -> ok  602.679 ms  4096 KB  nodes=253
[2130/4252] cvc5 | instance01103.smt2 -> ok  17.2569 ms  17792 KB  nodes=24
[2131/4252] smt-switch | instance01103.smt2 -> fail  3.60116 ms  10240 KB  nodes=0
[2132/4252] native | benchmark_0410.smt2 -> fail  53.5892 ms  1664 KB  nodes=0
[2133/4252] pysmt | benchmark_0410.smt2 -> fail  0 ms  0 KB  nodes=0
[2134/4252] jsmtlib | benchmark_0410.smt2 -> fail  1661.46 ms  1664 KB  nodes=0
[2135/4252] z3 | benchmark_0410.smt2 -> ok  11.251 ms  7808 KB  nodes=33
[2136/4252] antlr4 | benchmark_0410.smt2 -> ok  607.12 ms  4096 KB  nodes=411
[2137/4252] cvc5 | benchmark_0410.smt2 -> fail  10048.5 ms  1664 KB  nodes=0
[2138/4252] smt-switch | benchmark_0410.smt2 -> fail  10049.3 ms  1664 KB  nodes=0
[2139/4252] native | instance10873.smt2 -> ok  30.0712 ms  17024 KB  nodes=28
[2140/4252] pysmt | instance10873.smt2 -> fail  0 ms  0 KB  nodes=0
[2141/4252] jsmtlib | instance10873.smt2 -> fail  1688.81 ms  1664 KB  nodes=0
[2142/4252] z3 | instance10873.smt2 -> ok  10.289 ms  7808 KB  nodes=38
[2143/4252] antlr4 | instance10873.smt2 -> ok  720.3 ms  4096 KB  nodes=332
[2144/4252] cvc5 | instance10873.smt2 -> ok  4.68243 ms  17408 KB  nodes=28
[2145/4252] smt-switch | instance10873.smt2 -> fail  5.12373 ms  10368 KB  nodes=0
[2146/4252] native | instance03787.smt2 -> ok  25.2991 ms  17536 KB  nodes=34
[2147/4252] pysmt | instance03787.smt2 -> fail  0 ms  0 KB  nodes=0
[2148/4252] jsmtlib | instance03787.smt2 -> fail  1965.54 ms  1664 KB  nodes=0
[2149/4252] z3 | instance03787.smt2 -> ok  13.887 ms  7808 KB  nodes=35
[2150/4252] antlr4 | instance03787.smt2 -> ok  795.899 ms  4096 KB  nodes=383
[2151/4252] cvc5 | instance03787.smt2 -> ok  10.1258 ms  17280 KB  nodes=32
[2152/4252] smt-switch | instance03787.smt2 -> fail  3.48125 ms  10240 KB  nodes=0
[2153/4252] native | instance00621.smt2 -> ok  47.7478 ms  17792 KB  nodes=35
[2154/4252] pysmt | instance00621.smt2 -> fail  0 ms  0 KB  nodes=0
[2155/4252] jsmtlib | instance00621.smt2 -> fail  2180.49 ms  1664 KB  nodes=0
[2156/4252] z3 | instance00621.smt2 -> ok  32.988 ms  7936 KB  nodes=45
[2157/4252] antlr4 | instance00621.smt2 -> ok  1023.93 ms  4096 KB  nodes=646
[2158/4252] cvc5 | instance00621.smt2 -> ok  5.66384 ms  18048 KB  nodes=32
[2159/4252] smt-switch | instance00621.smt2 -> fail  5.40993 ms  10368 KB  nodes=0
[2160/4252] native | instance12326.smt2 -> ok  44.934 ms  17536 KB  nodes=81
[2161/4252] pysmt | instance12326.smt2 -> fail  0 ms  0 KB  nodes=0
[2162/4252] jsmtlib | instance12326.smt2 -> fail  2606.37 ms  1664 KB  nodes=0
[2163/4252] z3 | instance12326.smt2 -> ok  27.642 ms  7808 KB  nodes=98
[2164/4252] antlr4 | instance12326.smt2 -> ok  805.522 ms  5120 KB  nodes=953
[2165/4252] cvc5 | instance12326.smt2 -> ok  16.6671 ms  18560 KB  nodes=74
[2166/4252] smt-switch | instance12326.smt2 -> fail  4.28392 ms  10368 KB  nodes=0
[2167/4252] native | bakery_sat_non_incre_equiv_init_0_2.smt2 -> ok  27.3802 ms  17024 KB  nodes=42
[2168/4252] pysmt | bakery_sat_non_incre_equiv_init_0_2.smt2 -> fail  0 ms  0 KB  nodes=0
[2169/4252] jsmtlib | bakery_sat_non_incre_equiv_init_0_2.smt2 -> ok  2099.12 ms  2048 KB  nodes=112
[2170/4252] z3 | bakery_sat_non_incre_equiv_init_0_2.smt2 -> ok  30.618 ms  7808 KB  nodes=63
[2171/4252] antlr4 | bakery_sat_non_incre_equiv_init_0_2.smt2 -> ok  952.898 ms  5120 KB  nodes=564
[2172/4252] cvc5 | bakery_sat_non_incre_equiv_init_0_2.smt2 -> ok  61.5738 ms  19200 KB  nodes=42
[2173/4252] smt-switch | bakery_sat_non_incre_equiv_init_0_2.smt2 -> fail  63.7997 ms  10368 KB  nodes=0
[2174/4252] native | slog_stranger_4036_sink.smt2 -> ok  37.3009 ms  17024 KB  nodes=20
[2175/4252] pysmt | slog_stranger_4036_sink.smt2 -> fail  0 ms  0 KB  nodes=0
[2176/4252] jsmtlib | slog_stranger_4036_sink.smt2 -> ok  1920.29 ms  2048 KB  nodes=43
[2177/4252] z3 | slog_stranger_4036_sink.smt2 -> ok  17.368 ms  7808 KB  nodes=24
[2178/4252] antlr4 | slog_stranger_4036_sink.smt2 -> ok  823.896 ms  4096 KB  nodes=359
[2179/4252] cvc5 | slog_stranger_4036_sink.smt2 -> ok  5.42817 ms  17664 KB  nodes=20
[2180/4252] smt-switch | slog_stranger_4036_sink.smt2 -> ok  8.60475 ms  17536 KB  nodes=16
[2181/4252] native | instance13544.smt2 -> ok  33.8378 ms  17024 KB  nodes=38
[2182/4252] pysmt | instance13544.smt2 -> fail  0 ms  0 KB  nodes=0
[2183/4252] jsmtlib | instance13544.smt2 -> fail  1885.54 ms  1664 KB  nodes=0
[2184/4252] z3 | instance13544.smt2 -> ok  59.859 ms  7808 KB  nodes=70
[2185/4252] antlr4 | instance13544.smt2 -> ok  598.753 ms  4096 KB  nodes=511
[2186/4252] cvc5 | instance13544.smt2 -> ok  10.3974 ms  17152 KB  nodes=38
[2187/4252] smt-switch | instance13544.smt2 -> fail  5.05989 ms  10496 KB  nodes=0
[2188/4252] native | instance12931.smt2 -> ok  37.5406 ms  16896 KB  nodes=65
[2189/4252] pysmt | instance12931.smt2 -> fail  0 ms  0 KB  nodes=0
[2190/4252] jsmtlib | instance12931.smt2 -> fail  1789.31 ms  1664 KB  nodes=0
[2191/4252] z3 | instance12931.smt2 -> ok  17.418 ms  7808 KB  nodes=83
[2192/4252] antlr4 | instance12931.smt2 -> ok  781.585 ms  5120 KB  nodes=741
[2193/4252] cvc5 | instance12931.smt2 -> ok  132.743 ms  22400 KB  nodes=65
[2194/4252] smt-switch | instance12931.smt2 -> fail  3.17207 ms  10368 KB  nodes=0
[2195/4252] native | instance00262.smt2 -> ok  28.6523 ms  17536 KB  nodes=62
[2196/4252] pysmt | instance00262.smt2 -> fail  0 ms  0 KB  nodes=0
[2197/4252] jsmtlib | instance00262.smt2 -> fail  1864.04 ms  1664 KB  nodes=0
[2198/4252] z3 | instance00262.smt2 -> ok  12.828 ms  7808 KB  nodes=80
[2199/4252] antlr4 | instance00262.smt2 -> ok  721.777 ms  5120 KB  nodes=1012
[2200/4252] cvc5 | instance00262.smt2 -> ok  5.41265 ms  17792 KB  nodes=61
[2201/4252] smt-switch | instance00262.smt2 -> fail  4.73582 ms  10240 KB  nodes=0
[2202/4252] native | instance15816.smt2 -> ok  53.7206 ms  17408 KB  nodes=52
[2203/4252] pysmt | instance15816.smt2 -> fail  0 ms  0 KB  nodes=0
[2204/4252] jsmtlib | instance15816.smt2 -> fail  3485.28 ms  1664 KB  nodes=0
[2205/4252] z3 | instance15816.smt2 -> ok  94.57 ms  7936 KB  nodes=75
[2206/4252] antlr4 | instance15816.smt2 -> ok  2560.8 ms  4096 KB  nodes=674
[2207/4252] cvc5 | instance15816.smt2 -> ok  7.55193 ms  17664 KB  nodes=47
[2208/4252] smt-switch | instance15816.smt2 -> fail  23.8952 ms  9856 KB  nodes=0
[2209/4252] native | instance06386.smt2 -> ok  108.263 ms  17664 KB  nodes=71
[2210/4252] pysmt | instance06386.smt2 -> fail  0 ms  0 KB  nodes=0
[2211/4252] jsmtlib | instance06386.smt2 -> fail  2250.58 ms  1664 KB  nodes=0
[2212/4252] z3 | instance06386.smt2 -> ok  23.313 ms  7808 KB  nodes=96
[2213/4252] antlr4 | instance06386.smt2 -> ok  1031.51 ms  5120 KB  nodes=800
[2214/4252] cvc5 | instance06386.smt2 -> ok  14.0311 ms  18816 KB  nodes=67
[2215/4252] smt-switch | instance06386.smt2 -> fail  4.85272 ms  10368 KB  nodes=0
[2216/4252] native | instance08351.smt2 -> ok  37.2305 ms  17152 KB  nodes=52
[2217/4252] pysmt | instance08351.smt2 -> fail  0 ms  0 KB  nodes=0
[2218/4252] jsmtlib | instance08351.smt2 -> fail  1200.25 ms  1664 KB  nodes=0
[2219/4252] z3 | instance08351.smt2 -> ok  14.973 ms  7936 KB  nodes=67
[2220/4252] antlr4 | instance08351.smt2 -> ok  894.51 ms  4096 KB  nodes=556
[2221/4252] cvc5 | instance08351.smt2 -> ok  3.22494 ms  16640 KB  nodes=52
[2222/4252] smt-switch | instance08351.smt2 -> fail  5.10656 ms  10240 KB  nodes=0
[2223/4252] native | unsolved_pcp_instance_375.smt2 -> ok  43.7756 ms  17024 KB  nodes=50
[2224/4252] pysmt | unsolved_pcp_instance_375.smt2 -> fail  0 ms  0 KB  nodes=0
[2225/4252] jsmtlib | unsolved_pcp_instance_375.smt2 -> ok  1438.88 ms  2048 KB  nodes=114
[2226/4252] z3 | unsolved_pcp_instance_375.smt2 -> ok  18.195 ms  7808 KB  nodes=74
[2227/4252] antlr4 | unsolved_pcp_instance_375.smt2 -> ok  857.39 ms  4096 KB  nodes=882
[2228/4252] cvc5 | unsolved_pcp_instance_375.smt2 -> fail  10017.6 ms  1664 KB  nodes=0
[2229/4252] smt-switch | unsolved_pcp_instance_375.smt2 -> fail  11.0426 ms  17664 KB  nodes=0
[2230/4252] native | pcp_instance_382.smt2 -> ok  66.5146 ms  17024 KB  nodes=50
[2231/4252] pysmt | pcp_instance_382.smt2 -> fail  0 ms  0 KB  nodes=0
[2232/4252] jsmtlib | pcp_instance_382.smt2 -> ok  2241.18 ms  2048 KB  nodes=114
[2233/4252] z3 | pcp_instance_382.smt2 -> ok  22.233 ms  7808 KB  nodes=74
[2234/4252] antlr4 | pcp_instance_382.smt2 -> ok  1130.17 ms  4096 KB  nodes=882
[2235/4252] cvc5 | pcp_instance_382.smt2 -> fail  10023.1 ms  1664 KB  nodes=0
[2236/4252] smt-switch | pcp_instance_382.smt2 -> fail  4.16041 ms  17920 KB  nodes=0
[2237/4252] native | slog_stranger_4261_sink.smt2 -> ok  62.8135 ms  17024 KB  nodes=40
[2238/4252] pysmt | slog_stranger_4261_sink.smt2 -> fail  0 ms  0 KB  nodes=0
[2239/4252] jsmtlib | slog_stranger_4261_sink.smt2 -> ok  2749.87 ms  2048 KB  nodes=83
[2240/4252] z3 | slog_stranger_4261_sink.smt2 -> ok  17.96 ms  7808 KB  nodes=50
[2241/4252] antlr4 | slog_stranger_4261_sink.smt2 -> ok  1329.36 ms  4096 KB  nodes=681
[2242/4252] cvc5 | slog_stranger_4261_sink.smt2 -> ok  8.58902 ms  17536 KB  nodes=40
[2243/4252] smt-switch | slog_stranger_4261_sink.smt2 -> ok  13.4215 ms  17792 KB  nodes=42
[2244/4252] native | instance01299.smt2 -> ok  31.1352 ms  17536 KB  nodes=60
[2245/4252] pysmt | instance01299.smt2 -> fail  0 ms  0 KB  nodes=0
[2246/4252] jsmtlib | instance01299.smt2 -> fail  3452.52 ms  1664 KB  nodes=0
[2247/4252] z3 | instance01299.smt2 -> ok  72.35 ms  7936 KB  nodes=82
[2248/4252] antlr4 | instance01299.smt2 -> ok  1908.23 ms  4096 KB  nodes=639
[2249/4252] cvc5 | instance01299.smt2 -> ok  40.1593 ms  19456 KB  nodes=58
[2250/4252] smt-switch | instance01299.smt2 -> fail  10.2768 ms  10368 KB  nodes=0
[2251/4252] native | Israeli-Jalfon_sat_non_incre_equiv_init_ -> ok  34.181 ms  17152 KB  nodes=32
[2252/4252] pysmt | Israeli-Jalfon_sat_non_incre_equiv_init_ -> fail  0 ms  0 KB  nodes=0
[2253/4252] jsmtlib | Israeli-Jalfon_sat_non_incre_equiv_init_ -> ok  2657.06 ms  2048 KB  nodes=89
[2254/4252] z3 | Israeli-Jalfon_sat_non_incre_equiv_init_ -> ok  19.509 ms  7808 KB  nodes=44
[2255/4252] antlr4 | Israeli-Jalfon_sat_non_incre_equiv_init_ -> ok  1356.81 ms  5120 KB  nodes=740
[2256/4252] cvc5 | Israeli-Jalfon_sat_non_incre_equiv_init_ -> ok  3.77424 ms  16512 KB  nodes=32
[2257/4252] smt-switch | Israeli-Jalfon_sat_non_incre_equiv_init_ -> fail  4.19362 ms  10496 KB  nodes=0
[2258/4252] native | pcp_instance_2.smt2 -> ok  51.6764 ms  17152 KB  nodes=50
[2259/4252] pysmt | pcp_instance_2.smt2 -> fail  0 ms  0 KB  nodes=0
[2260/4252] jsmtlib | pcp_instance_2.smt2 -> ok  2780.8 ms  2048 KB  nodes=114
[2261/4252] z3 | pcp_instance_2.smt2 -> ok  18.356 ms  7936 KB  nodes=74
[2262/4252] antlr4 | pcp_instance_2.smt2 -> ok  1177.91 ms  4096 KB  nodes=882
[2263/4252] cvc5 | pcp_instance_2.smt2 -> fail  10032.9 ms  1664 KB  nodes=0
[2264/4252] smt-switch | pcp_instance_2.smt2 -> fail  11.4358 ms  17920 KB  nodes=0
[2265/4252] native | pcp_instance_159.smt2 -> ok  71.4804 ms  17152 KB  nodes=50
[2266/4252] pysmt | pcp_instance_159.smt2 -> fail  0 ms  0 KB  nodes=0
[2267/4252] jsmtlib | pcp_instance_159.smt2 -> ok  3113.98 ms  2048 KB  nodes=114
[2268/4252] z3 | pcp_instance_159.smt2 -> ok  43.987 ms  7808 KB  nodes=74
[2269/4252] antlr4 | pcp_instance_159.smt2 -> ok  2415.86 ms  4096 KB  nodes=882
[2270/4252] cvc5 | pcp_instance_159.smt2 -> fail  10041.1 ms  1664 KB  nodes=0
[2271/4252] smt-switch | pcp_instance_159.smt2 -> fail  4.5677 ms  18048 KB  nodes=0
[2272/4252] native | slog_stranger_531_sink.smt2 -> ok  92.0778 ms  17024 KB  nodes=26
[2273/4252] pysmt | slog_stranger_531_sink.smt2 -> fail  0 ms  0 KB  nodes=0
[2274/4252] jsmtlib | slog_stranger_531_sink.smt2 -> ok  2529.22 ms  2048 KB  nodes=57
[2275/4252] z3 | slog_stranger_531_sink.smt2 -> ok  25.506 ms  7936 KB  nodes=30
[2276/4252] antlr4 | slog_stranger_531_sink.smt2 -> ok  1420.24 ms  4096 KB  nodes=505
[2277/4252] cvc5 | slog_stranger_531_sink.smt2 -> ok  4.77843 ms  17536 KB  nodes=31
[2278/4252] smt-switch | slog_stranger_531_sink.smt2 -> ok  11.8617 ms  17408 KB  nodes=22
[2279/4252] native | instance07847.smt2 -> ok  53.8114 ms  17024 KB  nodes=50
[2280/4252] pysmt | instance07847.smt2 -> fail  0 ms  0 KB  nodes=0
[2281/4252] jsmtlib | instance07847.smt2 -> fail  4313.09 ms  1664 KB  nodes=0
[2282/4252] z3 | instance07847.smt2 -> ok  51.432 ms  7808 KB  nodes=81
[2283/4252] antlr4 | instance07847.smt2 -> ok  2075.88 ms  4096 KB  nodes=593
[2284/4252] cvc5 | instance07847.smt2 -> ok  828.284 ms  25216 KB  nodes=50
[2285/4252] smt-switch | instance07847.smt2 -> fail  13.6607 ms  10368 KB  nodes=0
[2286/4252] native | instance00697.smt2 -> ok  67.8351 ms  16768 KB  nodes=51
[2287/4252] pysmt | instance00697.smt2 -> fail  0 ms  0 KB  nodes=0
[2288/4252] jsmtlib | instance00697.smt2 -> fail  3151.77 ms  1664 KB  nodes=0
[2289/4252] z3 | instance00697.smt2 -> ok  26.028 ms  7808 KB  nodes=66
[2290/4252] antlr4 | instance00697.smt2 -> ok  1515.71 ms  4096 KB  nodes=830
[2291/4252] cvc5 | instance00697.smt2 -> ok  18.8179 ms  18048 KB  nodes=51
[2292/4252] smt-switch | instance00697.smt2 -> fail  19.4715 ms  10496 KB  nodes=0
[2293/4252] native | instance01033.smt2 -> ok  42.2495 ms  17792 KB  nodes=77
[2294/4252] pysmt | instance01033.smt2 -> fail  0 ms  0 KB  nodes=0
[2295/4252] jsmtlib | instance01033.smt2 -> fail  3212.01 ms  1664 KB  nodes=0
[2296/4252] z3 | instance01033.smt2 -> ok  107.631 ms  7936 KB  nodes=103
[2297/4252] antlr4 | instance01033.smt2 -> ok  1477.24 ms  4096 KB  nodes=607
[2298/4252] cvc5 | instance01033.smt2 -> ok  140.577 ms  19840 KB  nodes=75
[2299/4252] smt-switch | instance01033.smt2 -> fail  19.7134 ms  10496 KB  nodes=0
[2300/4252] native | instance13685.smt2 -> ok  53.005 ms  17024 KB  nodes=72
[2301/4252] pysmt | instance13685.smt2 -> fail  0 ms  0 KB  nodes=0
[2302/4252] jsmtlib | instance13685.smt2 -> fail  2510.58 ms  1664 KB  nodes=0
[2303/4252] z3 | instance13685.smt2 -> ok  31.6 ms  7936 KB  nodes=104
[2304/4252] antlr4 | instance13685.smt2 -> ok  1144.16 ms  5120 KB  nodes=920
[2305/4252] cvc5 | instance13685.smt2 -> ok  5.85535 ms  17664 KB  nodes=72
[2306/4252] smt-switch | instance13685.smt2 -> fail  13.2347 ms  10240 KB  nodes=0
[2307/4252] native | instance08376.smt2 -> ok  88.4971 ms  17536 KB  nodes=54
[2308/4252] pysmt | instance08376.smt2 -> fail  0 ms  0 KB  nodes=0
[2309/4252] jsmtlib | instance08376.smt2 -> fail  2642.37 ms  1664 KB  nodes=0
[2310/4252] z3 | instance08376.smt2 -> ok  30.917 ms  7808 KB  nodes=70
[2311/4252] antlr4 | instance08376.smt2 -> ok  913.907 ms  4096 KB  nodes=560
[2312/4252] cvc5 | instance08376.smt2 -> ok  46.5393 ms  18560 KB  nodes=53
[2313/4252] smt-switch | instance08376.smt2 -> fail  14.7927 ms  10240 KB  nodes=0
[2314/4252] native | pcp_instance_321.smt2 -> ok  39.1691 ms  17024 KB  nodes=50
[2315/4252] pysmt | pcp_instance_321.smt2 -> fail  0 ms  0 KB  nodes=0
[2316/4252] jsmtlib | pcp_instance_321.smt2 -> ok  2020.16 ms  2048 KB  nodes=114
[2317/4252] z3 | pcp_instance_321.smt2 -> ok  20.091 ms  7808 KB  nodes=74
[2318/4252] antlr4 | pcp_instance_321.smt2 -> ok  1082.73 ms  4096 KB  nodes=882
[2319/4252] cvc5 | pcp_instance_321.smt2 -> fail  10027.8 ms  1664 KB  nodes=0
[2320/4252] smt-switch | pcp_instance_321.smt2 -> fail  7.41485 ms  17536 KB  nodes=0
[2321/4252] native | instance12286.smt2 -> ok  105.355 ms  17536 KB  nodes=44
[2322/4252] pysmt | instance12286.smt2 -> fail  0 ms  0 KB  nodes=0
[2323/4252] jsmtlib | instance12286.smt2 -> fail  2294.41 ms  1664 KB  nodes=0
[2324/4252] z3 | instance12286.smt2 -> ok  27.069 ms  7808 KB  nodes=58
[2325/4252] antlr4 | instance12286.smt2 -> ok  1146.32 ms  5120 KB  nodes=582
[2326/4252] cvc5 | instance12286.smt2 -> ok  6.9667 ms  16640 KB  nodes=42
[2327/4252] smt-switch | instance12286.smt2 -> fail  14.3333 ms  10368 KB  nodes=0
[2328/4252] native | instance12532.smt2 -> ok  79.3354 ms  17664 KB  nodes=59
[2329/4252] pysmt | instance12532.smt2 -> fail  0 ms  0 KB  nodes=0
[2330/4252] jsmtlib | instance12532.smt2 -> fail  3005.88 ms  1664 KB  nodes=0
[2331/4252] z3 | instance12532.smt2 -> ok  33.599 ms  7808 KB  nodes=74
[2332/4252] antlr4 | instance12532.smt2 -> ok  1203.16 ms  5120 KB  nodes=678
[2333/4252] cvc5 | instance12532.smt2 -> ok  9.41856 ms  16640 KB  nodes=54
[2334/4252] smt-switch | instance12532.smt2 -> fail  12.7482 ms  10368 KB  nodes=0
[2335/4252] native | instance09374.smt2 -> ok  44.0879 ms  17024 KB  nodes=51
[2336/4252] pysmt | instance09374.smt2 -> fail  0 ms  0 KB  nodes=0
[2337/4252] jsmtlib | instance09374.smt2 -> fail  2506.51 ms  1664 KB  nodes=0
[2338/4252] z3 | instance09374.smt2 -> ok  33.892 ms  7808 KB  nodes=88
[2339/4252] antlr4 | instance09374.smt2 -> ok  930.159 ms  5120 KB  nodes=911
[2340/4252] cvc5 | instance09374.smt2 -> ok  18.8725 ms  18048 KB  nodes=51
[2341/4252] smt-switch | instance09374.smt2 -> fail  17.7523 ms  10368 KB  nodes=0
[2342/4252] native | unsolved_pcp_instance_285.smt2 -> ok  59.5705 ms  17024 KB  nodes=51
[2343/4252] pysmt | unsolved_pcp_instance_285.smt2 -> fail  0 ms  0 KB  nodes=0
[2344/4252] jsmtlib | unsolved_pcp_instance_285.smt2 -> ok  1808.87 ms  2048 KB  nodes=114
[2345/4252] z3 | unsolved_pcp_instance_285.smt2 -> ok  115.052 ms  7808 KB  nodes=74
[2346/4252] antlr4 | unsolved_pcp_instance_285.smt2 -> ok  954.284 ms  4096 KB  nodes=882
[2347/4252] cvc5 | unsolved_pcp_instance_285.smt2 -> fail  10039.4 ms  1664 KB  nodes=0
[2348/4252] smt-switch | unsolved_pcp_instance_285.smt2 -> fail  10.2352 ms  17792 KB  nodes=0
[2349/4252] native | pcp_instance_395.smt2 -> ok  47.1379 ms  17024 KB  nodes=49
[2350/4252] pysmt | pcp_instance_395.smt2 -> fail  0 ms  0 KB  nodes=0
[2351/4252] jsmtlib | pcp_instance_395.smt2 -> ok  2750.28 ms  2048 KB  nodes=114
[2352/4252] z3 | pcp_instance_395.smt2 -> ok  26.758 ms  7808 KB  nodes=74
[2353/4252] antlr4 | pcp_instance_395.smt2 -> ok  1025.41 ms  4096 KB  nodes=882
[2354/4252] cvc5 | pcp_instance_395.smt2 -> fail  10024.2 ms  1664 KB  nodes=0
[2355/4252] smt-switch | pcp_instance_395.smt2 -> fail  14.7132 ms  17664 KB  nodes=0
[2356/4252] native | instance08727.smt2 -> ok  77.5408 ms  17664 KB  nodes=52
[2357/4252] pysmt | instance08727.smt2 -> fail  0 ms  0 KB  nodes=0
[2358/4252] jsmtlib | instance08727.smt2 -> fail  2124.17 ms  1664 KB  nodes=0
[2359/4252] z3 | instance08727.smt2 -> ok  25.514 ms  7680 KB  nodes=64
[2360/4252] antlr4 | instance08727.smt2 -> ok  1524.11 ms  5120 KB  nodes=900
[2361/4252] cvc5 | instance08727.smt2 -> ok  40.9345 ms  18432 KB  nodes=49
[2362/4252] smt-switch | instance08727.smt2 -> fail  4.0514 ms  10240 KB  nodes=0
[2363/4252] native | pcp_instance_314.smt2 -> ok  53.9332 ms  17152 KB  nodes=49
[2364/4252] pysmt | pcp_instance_314.smt2 -> fail  0 ms  0 KB  nodes=0
[2365/4252] jsmtlib | pcp_instance_314.smt2 -> ok  1824.08 ms  2048 KB  nodes=114
[2366/4252] z3 | pcp_instance_314.smt2 -> ok  15.222 ms  7808 KB  nodes=74
[2367/4252] antlr4 | pcp_instance_314.smt2 -> ok  1064.18 ms  4096 KB  nodes=882
[2368/4252] cvc5 | pcp_instance_314.smt2 -> fail  10017.2 ms  1664 KB  nodes=0
[2369/4252] smt-switch | pcp_instance_314.smt2 -> fail  10.3096 ms  17536 KB  nodes=0
[2370/4252] native | instance10174.smt2 -> ok  81.9851 ms  17664 KB  nodes=61
[2371/4252] pysmt | instance10174.smt2 -> fail  0 ms  0 KB  nodes=0
[2372/4252] jsmtlib | instance10174.smt2 -> fail  2473.71 ms  1664 KB  nodes=0
[2373/4252] z3 | instance10174.smt2 -> ok  12.828 ms  7808 KB  nodes=100
[2374/4252] antlr4 | instance10174.smt2 -> ok  1383.22 ms  5120 KB  nodes=845
[2375/4252] cvc5 | instance10174.smt2 -> ok  6.11311 ms  16768 KB  nodes=59
[2376/4252] smt-switch | instance10174.smt2 -> fail  11.6333 ms  10368 KB  nodes=0
[2377/4252] native | instance07276.smt2 -> ok  46.9847 ms  17536 KB  nodes=63
[2378/4252] pysmt | instance07276.smt2 -> fail  0 ms  0 KB  nodes=0
[2379/4252] jsmtlib | instance07276.smt2 -> fail  2673.47 ms  1664 KB  nodes=0
[2380/4252] z3 | instance07276.smt2 -> ok  57.803 ms  7808 KB  nodes=91
[2381/4252] antlr4 | instance07276.smt2 -> ok  1131.61 ms  4096 KB  nodes=1031
[2382/4252] cvc5 | instance07276.smt2 -> ok  12.6203 ms  18048 KB  nodes=60
[2383/4252] smt-switch | instance07276.smt2 -> fail  3.00852 ms  10496 KB  nodes=0
[2384/4252] native | instance03016.smt2 -> ok  77.5687 ms  17024 KB  nodes=39
[2385/4252] pysmt | instance03016.smt2 -> fail  0 ms  0 KB  nodes=0
[2386/4252] jsmtlib | instance03016.smt2 -> fail  2417.34 ms  1664 KB  nodes=0
[2387/4252] z3 | instance03016.smt2 -> ok  30.902 ms  7808 KB  nodes=56
[2388/4252] antlr4 | instance03016.smt2 -> ok  2065.88 ms  4096 KB  nodes=678
[2389/4252] cvc5 | instance03016.smt2 -> ok  4.67654 ms  17280 KB  nodes=39
[2390/4252] smt-switch | instance03016.smt2 -> fail  11.8514 ms  10368 KB  nodes=0
[2391/4252] native | instance07176.smt2 -> ok  245.969 ms  17536 KB  nodes=66
[2392/4252] pysmt | instance07176.smt2 -> fail  0 ms  0 KB  nodes=0
[2393/4252] jsmtlib | instance07176.smt2 -> fail  2436.05 ms  1664 KB  nodes=0
[2394/4252] z3 | instance07176.smt2 -> ok  23.982 ms  7808 KB  nodes=93
[2395/4252] antlr4 | instance07176.smt2 -> ok  992.587 ms  5120 KB  nodes=830
[2396/4252] cvc5 | instance07176.smt2 -> ok  56.812 ms  18944 KB  nodes=62
[2397/4252] smt-switch | instance07176.smt2 -> fail  9.87138 ms  10368 KB  nodes=0
[2398/4252] native | instance15444.smt2 -> ok  96.6732 ms  17664 KB  nodes=91
[2399/4252] pysmt | instance15444.smt2 -> fail  0 ms  0 KB  nodes=0
[2400/4252] jsmtlib | instance15444.smt2 -> fail  2497.57 ms  1664 KB  nodes=0
[2401/4252] z3 | instance15444.smt2 -> ok  28.109 ms  7808 KB  nodes=131
[2402/4252] antlr4 | instance15444.smt2 -> ok  970.683 ms  5120 KB  nodes=1008
[2403/4252] cvc5 | instance15444.smt2 -> ok  3.48802 ms  16768 KB  nodes=90
[2404/4252] smt-switch | instance15444.smt2 -> fail  10.508 ms  10240 KB  nodes=0
[2405/4252] native | instance08985.smt2 -> ok  70.5115 ms  17536 KB  nodes=74
[2406/4252] pysmt | instance08985.smt2 -> fail  0 ms  0 KB  nodes=0
[2407/4252] jsmtlib | instance08985.smt2 -> fail  2297.56 ms  1664 KB  nodes=0
[2408/4252] z3 | instance08985.smt2 -> ok  34.092 ms  7808 KB  nodes=108
[2409/4252] antlr4 | instance08985.smt2 -> ok  1168.39 ms  5120 KB  nodes=943
[2410/4252] cvc5 | instance08985.smt2 -> ok  3.10127 ms  16640 KB  nodes=71
[2411/4252] smt-switch | instance08985.smt2 -> fail  6.93529 ms  10368 KB  nodes=0
[2412/4252] native | pcp_instance_158.smt2 -> ok  43.31 ms  17024 KB  nodes=49
[2413/4252] pysmt | pcp_instance_158.smt2 -> fail  0 ms  0 KB  nodes=0
[2414/4252] jsmtlib | pcp_instance_158.smt2 -> ok  2005.63 ms  2048 KB  nodes=114
[2415/4252] z3 | pcp_instance_158.smt2 -> ok  26.139 ms  7936 KB  nodes=74
[2416/4252] antlr4 | pcp_instance_158.smt2 -> ok  991.511 ms  4096 KB  nodes=882
[2417/4252] cvc5 | pcp_instance_158.smt2 -> fail  10027.6 ms  1664 KB  nodes=0
[2418/4252] smt-switch | pcp_instance_158.smt2 -> fail  9.91157 ms  17664 KB  nodes=0
[2419/4252] native | instance06648.smt2 -> ok  119.966 ms  17792 KB  nodes=75
[2420/4252] pysmt | instance06648.smt2 -> fail  0 ms  0 KB  nodes=0
[2421/4252] jsmtlib | instance06648.smt2 -> fail  2306.07 ms  1664 KB  nodes=0
[2422/4252] z3 | instance06648.smt2 -> ok  28.689 ms  7808 KB  nodes=92
[2423/4252] antlr4 | instance06648.smt2 -> ok  1068.72 ms  5120 KB  nodes=742
[2424/4252] cvc5 | instance06648.smt2 -> ok  12.8896 ms  18304 KB  nodes=74
[2425/4252] smt-switch | instance06648.smt2 -> fail  3.15079 ms  10368 KB  nodes=0
[2426/4252] native | instance12117.smt2 -> ok  38.5309 ms  17664 KB  nodes=74
[2427/4252] pysmt | instance12117.smt2 -> fail  0 ms  0 KB  nodes=0
[2428/4252] jsmtlib | instance12117.smt2 -> fail  2162.76 ms  1664 KB  nodes=0
[2429/4252] z3 | instance12117.smt2 -> ok  23.914 ms  7936 KB  nodes=93
[2430/4252] antlr4 | instance12117.smt2 -> ok  1047.57 ms  5120 KB  nodes=624
[2431/4252] cvc5 | instance12117.smt2 -> ok  6.65956 ms  18048 KB  nodes=73
[2432/4252] smt-switch | instance12117.smt2 -> fail  9.30839 ms  10368 KB  nodes=0
[2433/4252] native | pcp_instance_247.smt2 -> ok  96.5796 ms  17024 KB  nodes=51
[2434/4252] pysmt | pcp_instance_247.smt2 -> fail  0 ms  0 KB  nodes=0
[2435/4252] jsmtlib | pcp_instance_247.smt2 -> ok  1775.96 ms  2048 KB  nodes=114
[2436/4252] z3 | pcp_instance_247.smt2 -> ok  20.469 ms  7936 KB  nodes=74
[2437/4252] antlr4 | pcp_instance_247.smt2 -> ok  1530.91 ms  4096 KB  nodes=882
[2438/4252] cvc5 | pcp_instance_247.smt2 -> fail  10027.7 ms  1664 KB  nodes=0
[2439/4252] smt-switch | pcp_instance_247.smt2 -> fail  9.98523 ms  17920 KB  nodes=0
[2440/4252] native | instance07743.smt2 -> ok  53.9266 ms  17536 KB  nodes=45
[2441/4252] pysmt | instance07743.smt2 -> fail  0 ms  0 KB  nodes=0
[2442/4252] jsmtlib | instance07743.smt2 -> fail  2453.7 ms  1664 KB  nodes=0
[2443/4252] z3 | instance07743.smt2 -> ok  23.024 ms  7808 KB  nodes=84
[2444/4252] antlr4 | instance07743.smt2 -> ok  1082.41 ms  4096 KB  nodes=728
[2445/4252] cvc5 | instance07743.smt2 -> ok  28.558 ms  18944 KB  nodes=42
[2446/4252] smt-switch | instance07743.smt2 -> fail  7.72253 ms  10624 KB  nodes=0
[2447/4252] native | instance12581.smt2 -> ok  45.5463 ms  17664 KB  nodes=64
[2448/4252] pysmt | instance12581.smt2 -> fail  0 ms  0 KB  nodes=0
[2449/4252] jsmtlib | instance12581.smt2 -> fail  2293.49 ms  1664 KB  nodes=0
[2450/4252] z3 | instance12581.smt2 -> ok  16.53 ms  7808 KB  nodes=92
[2451/4252] antlr4 | instance12581.smt2 -> ok  1209.55 ms  5120 KB  nodes=870
[2452/4252] cvc5 | instance12581.smt2 -> ok  17.4961 ms  18304 KB  nodes=63
[2453/4252] smt-switch | instance12581.smt2 -> fail  17.4325 ms  10368 KB  nodes=0
[2454/4252] native | instance09924.smt2 -> ok  62.4046 ms  17664 KB  nodes=66
[2455/4252] pysmt | instance09924.smt2 -> fail  0 ms  0 KB  nodes=0
[2456/4252] jsmtlib | instance09924.smt2 -> fail  2222.07 ms  1664 KB  nodes=0
[2457/4252] z3 | instance09924.smt2 -> ok  22.226 ms  7808 KB  nodes=85
[2458/4252] antlr4 | instance09924.smt2 -> ok  895.265 ms  5120 KB  nodes=670
[2459/4252] cvc5 | instance09924.smt2 -> ok  12.4088 ms  18176 KB  nodes=62
[2460/4252] smt-switch | instance09924.smt2 -> fail  7.10962 ms  10368 KB  nodes=0
[2461/4252] native | instance10333.smt2 -> ok  49.2098 ms  17664 KB  nodes=56
[2462/4252] pysmt | instance10333.smt2 -> fail  0 ms  0 KB  nodes=0
[2463/4252] jsmtlib | instance10333.smt2 -> fail  2098.7 ms  1664 KB  nodes=0
[2464/4252] z3 | instance10333.smt2 -> ok  35.306 ms  7680 KB  nodes=74
[2465/4252] antlr4 | instance10333.smt2 -> ok  1065.95 ms  4096 KB  nodes=624
[2466/4252] cvc5 | instance10333.smt2 -> ok  57.5125 ms  18944 KB  nodes=54
[2467/4252] smt-switch | instance10333.smt2 -> fail  26.4619 ms  10368 KB  nodes=0
[2468/4252] native | instance04386.smt2 -> ok  67.8969 ms  16896 KB  nodes=66
[2469/4252] pysmt | instance04386.smt2 -> fail  0 ms  0 KB  nodes=0
[2470/4252] jsmtlib | instance04386.smt2 -> fail  2149.19 ms  1664 KB  nodes=0
[2471/4252] z3 | instance04386.smt2 -> ok  18.16 ms  7808 KB  nodes=91
[2472/4252] antlr4 | instance04386.smt2 -> ok  1034.39 ms  4096 KB  nodes=730
[2473/4252] cvc5 | instance04386.smt2 -> ok  26.6375 ms  18176 KB  nodes=66
[2474/4252] smt-switch | instance04386.smt2 -> fail  3.5346 ms  10368 KB  nodes=0
[2475/4252] native | unsolved_pcp_instance_485.smt2 -> ok  45.0303 ms  16896 KB  nodes=50
[2476/4252] pysmt | unsolved_pcp_instance_485.smt2 -> fail  0 ms  0 KB  nodes=0
[2477/4252] jsmtlib | unsolved_pcp_instance_485.smt2 -> ok  1777.66 ms  2048 KB  nodes=114
[2478/4252] z3 | unsolved_pcp_instance_485.smt2 -> ok  20.944 ms  7808 KB  nodes=74
[2479/4252] antlr4 | unsolved_pcp_instance_485.smt2 -> ok  973.282 ms  4096 KB  nodes=882
[2480/4252] cvc5 | unsolved_pcp_instance_485.smt2 -> fail  10030.4 ms  1664 KB  nodes=0
[2481/4252] smt-switch | unsolved_pcp_instance_485.smt2 -> fail  12.9111 ms  18176 KB  nodes=0
[2482/4252] native | instance13073.smt2 -> ok  43.4718 ms  17664 KB  nodes=56
[2483/4252] pysmt | instance13073.smt2 -> fail  0 ms  0 KB  nodes=0
[2484/4252] jsmtlib | instance13073.smt2 -> fail  2350.57 ms  1664 KB  nodes=0
[2485/4252] z3 | instance13073.smt2 -> ok  32.013 ms  7808 KB  nodes=81
[2486/4252] antlr4 | instance13073.smt2 -> ok  896.91 ms  5120 KB  nodes=627
[2487/4252] cvc5 | instance13073.smt2 -> ok  44.1578 ms  17920 KB  nodes=54
[2488/4252] smt-switch | instance13073.smt2 -> fail  8.46203 ms  10368 KB  nodes=0
[2489/4252] native | pcp_instance_335.smt2 -> ok  79.7757 ms  17024 KB  nodes=50
[2490/4252] pysmt | pcp_instance_335.smt2 -> fail  0 ms  0 KB  nodes=0
[2491/4252] jsmtlib | pcp_instance_335.smt2 -> ok  2575.53 ms  2048 KB  nodes=114
[2492/4252] z3 | pcp_instance_335.smt2 -> ok  30.392 ms  7808 KB  nodes=74
[2493/4252] antlr4 | pcp_instance_335.smt2 -> ok  1323.79 ms  4096 KB  nodes=882
[2494/4252] cvc5 | pcp_instance_335.smt2 -> fail  10024.4 ms  1664 KB  nodes=0
[2495/4252] smt-switch | pcp_instance_335.smt2 -> fail  10.8235 ms  18176 KB  nodes=0
[2496/4252] native | unsolved_pcp_instance_480.smt2 -> ok  84.6871 ms  16896 KB  nodes=50
[2497/4252] pysmt | unsolved_pcp_instance_480.smt2 -> fail  0 ms  0 KB  nodes=0
[2498/4252] jsmtlib | unsolved_pcp_instance_480.smt2 -> ok  2183.81 ms  2048 KB  nodes=114
[2499/4252] z3 | unsolved_pcp_instance_480.smt2 -> ok  23.901 ms  7808 KB  nodes=74
[2500/4252] antlr4 | unsolved_pcp_instance_480.smt2 -> ok  1042.31 ms  4096 KB  nodes=882
[2501/4252] cvc5 | unsolved_pcp_instance_480.smt2 -> fail  10035.8 ms  1664 KB  nodes=0
[2502/4252] smt-switch | unsolved_pcp_instance_480.smt2 -> fail  11.5402 ms  17792 KB  nodes=0
[2503/4252] native | instance08332.smt2 -> ok  68.2516 ms  17792 KB  nodes=60
[2504/4252] pysmt | instance08332.smt2 -> fail  0 ms  0 KB  nodes=0
[2505/4252] jsmtlib | instance08332.smt2 -> fail  2288.06 ms  1664 KB  nodes=0
[2506/4252] z3 | instance08332.smt2 -> ok  48.955 ms  7808 KB  nodes=104
[2507/4252] antlr4 | instance08332.smt2 -> ok  969.148 ms  5120 KB  nodes=1303
[2508/4252] cvc5 | instance08332.smt2 -> ok  18.0141 ms  18304 KB  nodes=55
[2509/4252] smt-switch | instance08332.smt2 -> fail  6.56237 ms  10368 KB  nodes=0
[2510/4252] native | 04_track_52.smt2 -> ok  46.4964 ms  17280 KB  nodes=461
[2511/4252] pysmt | 04_track_52.smt2 -> ok  93.4322 ms  21992 KB  nodes=505
[2512/4252] jsmtlib | 04_track_52.smt2 -> ok  2260.86 ms  2048 KB  nodes=776
[2513/4252] z3 | 04_track_52.smt2 -> ok  94.767 ms  8576 KB  nodes=772
[2514/4252] antlr4 | 04_track_52.smt2 -> ok  1188.65 ms  6144 KB  nodes=4887
[2515/4252] cvc5 | 04_track_52.smt2 -> ok  76.8056 ms  19968 KB  nodes=504
[2516/4252] smt-switch | 04_track_52.smt2 -> ok  98.7195 ms  21632 KB  nodes=646
[2517/4252] native | sub-matching-unsat-19.smt2 -> ok  45.0609 ms  17280 KB  nodes=83
[2518/4252] pysmt | sub-matching-unsat-19.smt2 -> ok  26.5393 ms  21776 KB  nodes=85
[2519/4252] jsmtlib | sub-matching-unsat-19.smt2 -> ok  1984.66 ms  2048 KB  nodes=242
[2520/4252] z3 | sub-matching-unsat-19.smt2 -> ok  145.327 ms  8064 KB  nodes=1749
[2521/4252] antlr4 | sub-matching-unsat-19.smt2 -> ok  1768.01 ms  6144 KB  nodes=11130
[2522/4252] cvc5 | sub-matching-unsat-19.smt2 -> ok  7435.64 ms  680584 KB  nodes=83
[2523/4252] smt-switch | sub-matching-unsat-19.smt2 -> ok  9228.21 ms  682032 KB  nodes=157
[2524/4252] native | instance07223.smt2 -> ok  61.2343 ms  17792 KB  nodes=457
[2525/4252] pysmt | instance07223.smt2 -> fail  0 ms  0 KB  nodes=0
[2526/4252] jsmtlib | instance07223.smt2 -> fail  2510.1 ms  1664 KB  nodes=0
[2527/4252] z3 | instance07223.smt2 -> ok  31.302 ms  8192 KB  nodes=647
[2528/4252] antlr4 | instance07223.smt2 -> ok  974.322 ms  5120 KB  nodes=5180
[2529/4252] cvc5 | instance07223.smt2 -> ok  119.221 ms  21504 KB  nodes=453
[2530/4252] smt-switch | instance07223.smt2 -> fail  18.7614 ms  10496 KB  nodes=0
[2531/4252] native | instance04749.smt2 -> ok  59.0533 ms  17664 KB  nodes=81
[2532/4252] pysmt | instance04749.smt2 -> fail  0 ms  0 KB  nodes=0
[2533/4252] jsmtlib | instance04749.smt2 -> fail  2386.66 ms  1664 KB  nodes=0
[2534/4252] z3 | instance04749.smt2 -> ok  32.688 ms  7808 KB  nodes=124
[2535/4252] antlr4 | instance04749.smt2 -> ok  1009.63 ms  5120 KB  nodes=2304
[2536/4252] cvc5 | instance04749.smt2 -> ok  67.2767 ms  19072 KB  nodes=80
[2537/4252] smt-switch | instance04749.smt2 -> fail  12.7745 ms  10496 KB  nodes=0
[2538/4252] native | eqdist_lstar_non_incre_equiv_bad_0_21.sm -> ok  64.0302 ms  17280 KB  nodes=124
[2539/4252] pysmt | eqdist_lstar_non_incre_equiv_bad_0_21.sm -> fail  0 ms  0 KB  nodes=0
[2540/4252] jsmtlib | eqdist_lstar_non_incre_equiv_bad_0_21.sm -> ok  1943.38 ms  2048 KB  nodes=410
[2541/4252] z3 | eqdist_lstar_non_incre_equiv_bad_0_21.sm -> ok  20.646 ms  7936 KB  nodes=150
[2542/4252] antlr4 | eqdist_lstar_non_incre_equiv_bad_0_21.sm -> ok  1207.7 ms  6144 KB  nodes=4089
[2543/4252] cvc5 | eqdist_lstar_non_incre_equiv_bad_0_21.sm -> fail  10035.2 ms  1664 KB  nodes=0
[2544/4252] smt-switch | eqdist_lstar_non_incre_equiv_bad_0_21.sm -> fail  7.84426 ms  10496 KB  nodes=0
[2545/4252] native | instance12190.smt2 -> ok  45.3019 ms  17664 KB  nodes=100
[2546/4252] pysmt | instance12190.smt2 -> fail  0 ms  0 KB  nodes=0
[2547/4252] jsmtlib | instance12190.smt2 -> fail  2018.19 ms  1664 KB  nodes=0
[2548/4252] z3 | instance12190.smt2 -> ok  33.186 ms  7808 KB  nodes=134
[2549/4252] antlr4 | instance12190.smt2 -> ok  869.006 ms  5120 KB  nodes=1779
[2550/4252] cvc5 | instance12190.smt2 -> ok  188.412 ms  20352 KB  nodes=99
[2551/4252] smt-switch | instance12190.smt2 -> fail  7.70877 ms  10496 KB  nodes=0
[2552/4252] native | instance11433.smt2 -> ok  49.7852 ms  17024 KB  nodes=72
[2553/4252] pysmt | instance11433.smt2 -> fail  0 ms  0 KB  nodes=0
[2554/4252] jsmtlib | instance11433.smt2 -> fail  2322.38 ms  1664 KB  nodes=0
[2555/4252] z3 | instance11433.smt2 -> ok  89.79 ms  7808 KB  nodes=100
[2556/4252] antlr4 | instance11433.smt2 -> ok  1136.64 ms  5120 KB  nodes=971
[2557/4252] cvc5 | instance11433.smt2 -> ok  24.6842 ms  18688 KB  nodes=72
[2558/4252] smt-switch | instance11433.smt2 -> fail  8.04722 ms  10368 KB  nodes=0
[2559/4252] native | instance11579.smt2 -> ok  58.3053 ms  17536 KB  nodes=91
[2560/4252] pysmt | instance11579.smt2 -> fail  0 ms  0 KB  nodes=0
[2561/4252] jsmtlib | instance11579.smt2 -> fail  2029.44 ms  1664 KB  nodes=0
[2562/4252] z3 | instance11579.smt2 -> ok  24.674 ms  7808 KB  nodes=148
[2563/4252] antlr4 | instance11579.smt2 -> ok  926.967 ms  5120 KB  nodes=1372
[2564/4252] cvc5 | instance11579.smt2 -> ok  45.5478 ms  19456 KB  nodes=86
[2565/4252] smt-switch | instance11579.smt2 -> fail  7.98737 ms  10496 KB  nodes=0
[2566/4252] native | coffee-can_sat_non_incre_equiv_bad_0_1.s -> ok  53.0105 ms  17024 KB  nodes=71
[2567/4252] pysmt | coffee-can_sat_non_incre_equiv_bad_0_1.s -> fail  0 ms  0 KB  nodes=0
[2568/4252] jsmtlib | coffee-can_sat_non_incre_equiv_bad_0_1.s -> ok  4050.22 ms  2048 KB  nodes=203
[2569/4252] z3 | coffee-can_sat_non_incre_equiv_bad_0_1.s -> ok  20.756 ms  7808 KB  nodes=118
[2570/4252] antlr4 | coffee-can_sat_non_incre_equiv_bad_0_1.s -> ok  1609.4 ms  6144 KB  nodes=1723
[2571/4252] cvc5 | coffee-can_sat_non_incre_equiv_bad_0_1.s -> ok  183.684 ms  20480 KB  nodes=72
[2572/4252] smt-switch | coffee-can_sat_non_incre_equiv_bad_0_1.s -> fail  9.6192 ms  10496 KB  nodes=0
[2573/4252] native | instance11941.smt2 -> ok  31.1381 ms  17664 KB  nodes=73
[2574/4252] pysmt | instance11941.smt2 -> fail  0 ms  0 KB  nodes=0
[2575/4252] jsmtlib | instance11941.smt2 -> fail  2280.49 ms  1664 KB  nodes=0
[2576/4252] z3 | instance11941.smt2 -> ok  20.543 ms  7808 KB  nodes=137
[2577/4252] antlr4 | instance11941.smt2 -> ok  988.567 ms  5120 KB  nodes=1716
[2578/4252] cvc5 | instance11941.smt2 -> ok  17.503 ms  18304 KB  nodes=70
[2579/4252] smt-switch | instance11941.smt2 -> fail  14.4292 ms  10368 KB  nodes=0
[2580/4252] native | instance10875.smt2 -> ok  40.3925 ms  17536 KB  nodes=68
[2581/4252] pysmt | instance10875.smt2 -> fail  0 ms  0 KB  nodes=0
[2582/4252] jsmtlib | instance10875.smt2 -> fail  2240.9 ms  1664 KB  nodes=0
[2583/4252] z3 | instance10875.smt2 -> ok  14.64 ms  7808 KB  nodes=120
[2584/4252] antlr4 | instance10875.smt2 -> ok  995.928 ms  5120 KB  nodes=1632
[2585/4252] cvc5 | instance10875.smt2 -> ok  36.6386 ms  18432 KB  nodes=66
[2586/4252] smt-switch | instance10875.smt2 -> fail  3.668 ms  10368 KB  nodes=0
[2587/4252] native | slog_stranger_3541_sink.smt2 -> ok  38.7847 ms  17280 KB  nodes=114
[2588/4252] pysmt | slog_stranger_3541_sink.smt2 -> fail  0 ms  0 KB  nodes=0
[2589/4252] jsmtlib | slog_stranger_3541_sink.smt2 -> ok  1690.84 ms  2048 KB  nodes=246
[2590/4252] z3 | slog_stranger_3541_sink.smt2 -> ok  26.912 ms  7808 KB  nodes=159
[2591/4252] antlr4 | slog_stranger_3541_sink.smt2 -> ok  1085.38 ms  5120 KB  nodes=2009
[2592/4252] cvc5 | slog_stranger_3541_sink.smt2 -> ok  36.722 ms  18816 KB  nodes=114
[2593/4252] smt-switch | slog_stranger_3541_sink.smt2 -> ok  22.2752 ms  17792 KB  nodes=151
[2594/4252] native | 04_track_49.smt2 -> ok  65.7936 ms  16896 KB  nodes=108
[2595/4252] pysmt | 04_track_49.smt2 -> ok  23.6356 ms  21656 KB  nodes=109
[2596/4252] jsmtlib | 04_track_49.smt2 -> ok  2242.18 ms  2048 KB  nodes=142
[2597/4252] z3 | 04_track_49.smt2 -> ok  35.517 ms  8192 KB  nodes=320
[2598/4252] antlr4 | 04_track_49.smt2 -> ok  1602.81 ms  5120 KB  nodes=1449
[2599/4252] cvc5 | 04_track_49.smt2 -> ok  222.093 ms  23168 KB  nodes=108
[2600/4252] smt-switch | 04_track_49.smt2 -> ok  124.594 ms  24832 KB  nodes=124
[2601/4252] native | slog_stranger_4346_sink.smt2 -> ok  50.9053 ms  17152 KB  nodes=58
[2602/4252] pysmt | slog_stranger_4346_sink.smt2 -> fail  0 ms  0 KB  nodes=0
[2603/4252] jsmtlib | slog_stranger_4346_sink.smt2 -> ok  3093.04 ms  2048 KB  nodes=122
[2604/4252] z3 | slog_stranger_4346_sink.smt2 -> ok  26.034 ms  7808 KB  nodes=77
[2605/4252] antlr4 | slog_stranger_4346_sink.smt2 -> ok  1179.03 ms  5120 KB  nodes=963
[2606/4252] cvc5 | slog_stranger_4346_sink.smt2 -> ok  5.23721 ms  17792 KB  nodes=58
[2607/4252] smt-switch | slog_stranger_4346_sink.smt2 -> ok  17.968 ms  17280 KB  nodes=69
[2608/4252] native | instance07943.smt2 -> ok  61.9309 ms  17664 KB  nodes=72
[2609/4252] pysmt | instance07943.smt2 -> fail  0 ms  0 KB  nodes=0
[2610/4252] jsmtlib | instance07943.smt2 -> fail  2518.6 ms  1664 KB  nodes=0
[2611/4252] z3 | instance07943.smt2 -> ok  24.374 ms  7808 KB  nodes=104
[2612/4252] antlr4 | instance07943.smt2 -> ok  1085.64 ms  5120 KB  nodes=1244
[2613/4252] cvc5 | instance07943.smt2 -> ok  294.987 ms  22912 KB  nodes=67
[2614/4252] smt-switch | instance07943.smt2 -> fail  13.2246 ms  10240 KB  nodes=0
[2615/4252] native | instance08374.smt2 -> ok  56.654 ms  17664 KB  nodes=86
[2616/4252] pysmt | instance08374.smt2 -> fail  0 ms  0 KB  nodes=0
[2617/4252] jsmtlib | instance08374.smt2 -> fail  6346.67 ms  1664 KB  nodes=0
[2618/4252] z3 | instance08374.smt2 -> ok  114.333 ms  7808 KB  nodes=122
[2619/4252] antlr4 | instance08374.smt2 -> ok  7662.52 ms  5120 KB  nodes=1761
[2620/4252] cvc5 | instance08374.smt2 -> ok  36.2455 ms  18176 KB  nodes=81
[2621/4252] smt-switch | instance08374.smt2 -> fail  17.3782 ms  10368 KB  nodes=0
[2622/4252] native | instance14784.smt2 -> ok  47.1622 ms  17536 KB  nodes=89
[2623/4252] pysmt | instance14784.smt2 -> fail  0 ms  0 KB  nodes=0
[2624/4252] jsmtlib | instance14784.smt2 -> fail  3316.64 ms  1664 KB  nodes=0
[2625/4252] z3 | instance14784.smt2 -> ok  86.19 ms  7808 KB  nodes=111
[2626/4252] antlr4 | instance14784.smt2 -> ok  1724.63 ms  5120 KB  nodes=1245
[2627/4252] cvc5 | instance14784.smt2 -> ok  12.6931 ms  18176 KB  nodes=87
[2628/4252] smt-switch | instance14784.smt2 -> fail  9.58723 ms  10368 KB  nodes=0
[2629/4252] native | slog_stranger_2233_sink.smt2 -> ok  54.4812 ms  16896 KB  nodes=10
[2630/4252] pysmt | slog_stranger_2233_sink.smt2 -> fail  0 ms  0 KB  nodes=0
[2631/4252] jsmtlib | slog_stranger_2233_sink.smt2 -> ok  1871.11 ms  2048 KB  nodes=26
[2632/4252] z3 | slog_stranger_2233_sink.smt2 -> ok  40.898 ms  7808 KB  nodes=11
[2633/4252] antlr4 | slog_stranger_2233_sink.smt2 -> ok  1408.66 ms  4096 KB  nodes=243
[2634/4252] cvc5 | slog_stranger_2233_sink.smt2 -> ok  11.9973 ms  16768 KB  nodes=13
[2635/4252] smt-switch | slog_stranger_2233_sink.smt2 -> ok  23.12 ms  17408 KB  nodes=3
[2636/4252] native | instance13184.smt2 -> ok  71.9221 ms  17664 KB  nodes=75
[2637/4252] pysmt | instance13184.smt2 -> fail  0 ms  0 KB  nodes=0
[2638/4252] jsmtlib | instance13184.smt2 -> fail  3664.8 ms  1664 KB  nodes=0
[2639/4252] z3 | instance13184.smt2 -> ok  111.195 ms  7680 KB  nodes=145
[2640/4252] antlr4 | instance13184.smt2 -> ok  1698.15 ms  5120 KB  nodes=969
[2641/4252] cvc5 | instance13184.smt2 -> ok  11.2218 ms  18048 KB  nodes=73
[2642/4252] smt-switch | instance13184.smt2 -> fail  9.2222 ms  10368 KB  nodes=0
[2643/4252] native | instance15886.smt2 -> ok  60.5458 ms  17920 KB  nodes=125
[2644/4252] pysmt | instance15886.smt2 -> fail  0 ms  0 KB  nodes=0
[2645/4252] jsmtlib | instance15886.smt2 -> fail  3827.78 ms  1664 KB  nodes=0
[2646/4252] z3 | instance15886.smt2 -> ok  28.557 ms  7808 KB  nodes=189
[2647/4252] antlr4 | instance15886.smt2 -> ok  1528.77 ms  5120 KB  nodes=2856
[2648/4252] cvc5 | instance15886.smt2 -> ok  123.32 ms  19840 KB  nodes=124
[2649/4252] smt-switch | instance15886.smt2 -> fail  17.0484 ms  10368 KB  nodes=0
[2650/4252] native | instance12642.smt2 -> ok  69.8738 ms  17792 KB  nodes=79
[2651/4252] pysmt | instance12642.smt2 -> fail  0 ms  0 KB  nodes=0
[2652/4252] jsmtlib | instance12642.smt2 -> fail  3352.06 ms  1664 KB  nodes=0
[2653/4252] z3 | instance12642.smt2 -> ok  25.391 ms  7808 KB  nodes=100
[2654/4252] antlr4 | instance12642.smt2 -> ok  1194.79 ms  5120 KB  nodes=1200
[2655/4252] cvc5 | instance12642.smt2 -> ok  4.34704 ms  16896 KB  nodes=74
[2656/4252] smt-switch | instance12642.smt2 -> fail  5.28271 ms  10368 KB  nodes=0
[2657/4252] native | instance11762.smt2 -> ok  76.4816 ms  17536 KB  nodes=71
[2658/4252] pysmt | instance11762.smt2 -> fail  0 ms  0 KB  nodes=0
[2659/4252] jsmtlib | instance11762.smt2 -> fail  3393.14 ms  1664 KB  nodes=0
[2660/4252] z3 | instance11762.smt2 -> ok  23.995 ms  7808 KB  nodes=112
[2661/4252] antlr4 | instance11762.smt2 -> ok  2153.96 ms  5120 KB  nodes=1203
[2662/4252] cvc5 | instance11762.smt2 -> ok  95.5751 ms  19072 KB  nodes=66
[2663/4252] smt-switch | instance11762.smt2 -> fail  12.2785 ms  10496 KB  nodes=0
[2664/4252] native | instance14900.smt2 -> ok  63.3523 ms  17152 KB  nodes=168
[2665/4252] pysmt | instance14900.smt2 -> fail  0 ms  0 KB  nodes=0
[2666/4252] jsmtlib | instance14900.smt2 -> fail  3597.89 ms  1664 KB  nodes=0
[2667/4252] z3 | instance14900.smt2 -> ok  70.903 ms  8192 KB  nodes=408
[2668/4252] antlr4 | instance14900.smt2 -> ok  1573.97 ms  5120 KB  nodes=4222
[2669/4252] cvc5 | instance14900.smt2 -> ok  139.555 ms  19840 KB  nodes=168
[2670/4252] smt-switch | instance14900.smt2 -> fail  12.8145 ms  10496 KB  nodes=0
[2671/4252] native | instance12516.smt2 -> ok  57.7084 ms  18048 KB  nodes=624
[2672/4252] pysmt | instance12516.smt2 -> fail  0 ms  0 KB  nodes=0
[2673/4252] jsmtlib | instance12516.smt2 -> fail  3941.26 ms  1664 KB  nodes=0
[2674/4252] z3 | instance12516.smt2 -> timeout  10000 ms  9088 KB  nodes=931
[2675/4252] antlr4 | instance12516.smt2 -> ok  1353.94 ms  5120 KB  nodes=4840
[2676/4252] cvc5 | instance12516.smt2 -> ok  18.2694 ms  16768 KB  nodes=620
[2677/4252] smt-switch | instance12516.smt2 -> fail  13.0214 ms  10240 KB  nodes=0
[2678/4252] native | instance07504.smt2 -> ok  87.3352 ms  17792 KB  nodes=109
[2679/4252] pysmt | instance07504.smt2 -> fail  0 ms  0 KB  nodes=0
[2680/4252] jsmtlib | instance07504.smt2 -> fail  4077.11 ms  1664 KB  nodes=0
[2681/4252] z3 | instance07504.smt2 -> ok  105.303 ms  7936 KB  nodes=174
[2682/4252] antlr4 | instance07504.smt2 -> ok  1757.04 ms  5120 KB  nodes=1519
[2683/4252] cvc5 | instance07504.smt2 -> ok  228.862 ms  20608 KB  nodes=106
[2684/4252] smt-switch | instance07504.smt2 -> fail  30.0762 ms  10624 KB  nodes=0
[2685/4252] native | sub-matching-unsat-26.smt2 -> ok  60.9001 ms  17152 KB  nodes=11
[2686/4252] pysmt | sub-matching-unsat-26.smt2 -> ok  14.7243 ms  21508 KB  nodes=13
[2687/4252] jsmtlib | sub-matching-unsat-26.smt2 -> ok  3477.77 ms  2048 KB  nodes=26
[2688/4252] z3 | sub-matching-unsat-26.smt2 -> ok  33.571 ms  8192 KB  nodes=1573
[2689/4252] antlr4 | sub-matching-unsat-26.smt2 -> ok  1620.92 ms  5120 KB  nodes=9570
[2690/4252] cvc5 | sub-matching-unsat-26.smt2 -> ok  4799.76 ms  432412 KB  nodes=11
[2691/4252] smt-switch | sub-matching-unsat-26.smt2 -> ok  3153.29 ms  439612 KB  nodes=13
[2692/4252] native | resource-allocator_sat_non_incre_equiv_b -> ok  59.9403 ms  17024 KB  nodes=43
[2693/4252] pysmt | resource-allocator_sat_non_incre_equiv_b -> fail  0 ms  0 KB  nodes=0
[2694/4252] jsmtlib | resource-allocator_sat_non_incre_equiv_b -> ok  2742.82 ms  2048 KB  nodes=130
[2695/4252] z3 | resource-allocator_sat_non_incre_equiv_b -> ok  65.746 ms  7808 KB  nodes=67
[2696/4252] antlr4 | resource-allocator_sat_non_incre_equiv_b -> ok  1530.59 ms  5120 KB  nodes=1096
[2697/4252] cvc5 | resource-allocator_sat_non_incre_equiv_b -> fail  10042.6 ms  1664 KB  nodes=0
[2698/4252] smt-switch | resource-allocator_sat_non_incre_equiv_b -> fail  9.00189 ms  10496 KB  nodes=0
[2699/4252] native | 04_track_37.smt2 -> ok  82.4028 ms  17664 KB  nodes=1138
[2700/4252] pysmt | 04_track_37.smt2 -> ok  62.3937 ms  22332 KB  nodes=1142
[2701/4252] jsmtlib | 04_track_37.smt2 -> ok  3081.02 ms  3072 KB  nodes=1743
[2702/4252] z3 | 04_track_37.smt2 -> ok  163.816 ms  10112 KB  nodes=3717
[2703/4252] antlr4 | 04_track_37.smt2 -> ok  1534.22 ms  7168 KB  nodes=16577
[2704/4252] cvc5 | 04_track_37.smt2 -> ok  2501.47 ms  36864 KB  nodes=1141
[2705/4252] smt-switch | 04_track_37.smt2 -> ok  2297.91 ms  38144 KB  nodes=1619
[2706/4252] native | slog_stranger_3799_sink.smt2 -> ok  94.2613 ms  17024 KB  nodes=34
[2707/4252] pysmt | slog_stranger_3799_sink.smt2 -> fail  0 ms  0 KB  nodes=0
[2708/4252] jsmtlib | slog_stranger_3799_sink.smt2 -> ok  2943.47 ms  2048 KB  nodes=72
[2709/4252] z3 | slog_stranger_3799_sink.smt2 -> ok  36.515 ms  7808 KB  nodes=43
[2710/4252] antlr4 | slog_stranger_3799_sink.smt2 -> ok  1856.94 ms  5120 KB  nodes=579
[2711/4252] cvc5 | slog_stranger_3799_sink.smt2 -> ok  5.42546 ms  17792 KB  nodes=34
[2712/4252] smt-switch | slog_stranger_3799_sink.smt2 -> ok  28.7122 ms  17536 KB  nodes=35
[2713/4252] native | instance06296.smt2 -> ok  65.4231 ms  18048 KB  nodes=628
[2714/4252] pysmt | instance06296.smt2 -> fail  0 ms  0 KB  nodes=0
[2715/4252] jsmtlib | instance06296.smt2 -> fail  3708.16 ms  1664 KB  nodes=0
[2716/4252] z3 | instance06296.smt2 -> ok  357.96 ms  9088 KB  nodes=945
[2717/4252] antlr4 | instance06296.smt2 -> ok  4621.07 ms  5120 KB  nodes=4933
[2718/4252] cvc5 | instance06296.smt2 -> ok  203.965 ms  22656 KB  nodes=623
[2719/4252] smt-switch | instance06296.smt2 -> fail  17.4833 ms  10240 KB  nodes=0
[2720/4252] native | instance06560.smt2 -> ok  50.102 ms  17664 KB  nodes=92
[2721/4252] pysmt | instance06560.smt2 -> fail  0 ms  0 KB  nodes=0
[2722/4252] jsmtlib | instance06560.smt2 -> fail  3567.02 ms  1664 KB  nodes=0
[2723/4252] z3 | instance06560.smt2 -> ok  42.362 ms  7936 KB  nodes=151
[2724/4252] antlr4 | instance06560.smt2 -> ok  1339.45 ms  5120 KB  nodes=1491
[2725/4252] cvc5 | instance06560.smt2 -> ok  18.4368 ms  17664 KB  nodes=86
[2726/4252] smt-switch | instance06560.smt2 -> fail  27.2253 ms  10240 KB  nodes=0
[2727/4252] native | instance14810.smt2 -> ok  55.8346 ms  17792 KB  nodes=147
[2728/4252] pysmt | instance14810.smt2 -> fail  0 ms  0 KB  nodes=0
[2729/4252] jsmtlib | instance14810.smt2 -> fail  2759.45 ms  1664 KB  nodes=0
[2730/4252] z3 | instance14810.smt2 -> ok  53.452 ms  7936 KB  nodes=211
[2731/4252] antlr4 | instance14810.smt2 -> ok  1764.92 ms  5120 KB  nodes=1851
[2732/4252] cvc5 | instance14810.smt2 -> ok  61.4636 ms  19712 KB  nodes=144
[2733/4252] smt-switch | instance14810.smt2 -> fail  6.89356 ms  10368 KB  nodes=0
[2734/4252] native | instance15948.smt2 -> ok  94.1637 ms  17664 KB  nodes=54
[2735/4252] pysmt | instance15948.smt2 -> fail  0 ms  0 KB  nodes=0
[2736/4252] jsmtlib | instance15948.smt2 -> fail  3706.65 ms  1664 KB  nodes=0
[2737/4252] z3 | instance15948.smt2 -> ok  40.219 ms  7808 KB  nodes=68
[2738/4252] antlr4 | instance15948.smt2 -> ok  1878.84 ms  5120 KB  nodes=1222
[2739/4252] cvc5 | instance15948.smt2 -> ok  6.24063 ms  17536 KB  nodes=53
[2740/4252] smt-switch | instance15948.smt2 -> fail  10.3202 ms  10368 KB  nodes=0
[2741/4252] native | eqdist_lstar_non_incre_equiv_bad_0_9.smt -> ok  60.9763 ms  17024 KB  nodes=80
[2742/4252] pysmt | eqdist_lstar_non_incre_equiv_bad_0_9.smt -> fail  0 ms  0 KB  nodes=0
[2743/4252] jsmtlib | eqdist_lstar_non_incre_equiv_bad_0_9.smt -> ok  2462.53 ms  2048 KB  nodes=253
[2744/4252] z3 | eqdist_lstar_non_incre_equiv_bad_0_9.smt -> ok  28.088 ms  7808 KB  nodes=106
[2745/4252] antlr4 | eqdist_lstar_non_incre_equiv_bad_0_9.smt -> ok  1463.92 ms  6144 KB  nodes=2390
[2746/4252] cvc5 | eqdist_lstar_non_incre_equiv_bad_0_9.smt -> fail  10030.6 ms  1664 KB  nodes=0
[2747/4252] smt-switch | eqdist_lstar_non_incre_equiv_bad_0_9.smt -> fail  7.16267 ms  10240 KB  nodes=0
[2748/4252] native | muzzle_sat_non_incre_equiv_trans_0_15.sm -> ok  177.076 ms  16896 KB  nodes=69
[2749/4252] pysmt | muzzle_sat_non_incre_equiv_trans_0_15.sm -> fail  0 ms  0 KB  nodes=0
[2750/4252] jsmtlib | muzzle_sat_non_incre_equiv_trans_0_15.sm -> ok  3728.74 ms  2048 KB  nodes=257
[2751/4252] z3 | muzzle_sat_non_incre_equiv_trans_0_15.sm -> ok  29.646 ms  7808 KB  nodes=117
[2752/4252] antlr4 | muzzle_sat_non_incre_equiv_trans_0_15.sm -> ok  1502.2 ms  6144 KB  nodes=2383
[2753/4252] cvc5 | muzzle_sat_non_incre_equiv_trans_0_15.sm -> fail  10006.6 ms  1664 KB  nodes=0
[2754/4252] smt-switch | muzzle_sat_non_incre_equiv_trans_0_15.sm -> fail  2.44629 ms  10240 KB  nodes=0
[2755/4252] native | instance09179.smt2 -> ok  54.1787 ms  17664 KB  nodes=131
[2756/4252] pysmt | instance09179.smt2 -> fail  0 ms  0 KB  nodes=0
[2757/4252] jsmtlib | instance09179.smt2 -> fail  3968.22 ms  1664 KB  nodes=0
[2758/4252] z3 | instance09179.smt2 -> ok  61.946 ms  7808 KB  nodes=171
[2759/4252] antlr4 | instance09179.smt2 -> ok  1673.99 ms  5120 KB  nodes=2276
[2760/4252] cvc5 | instance09179.smt2 -> ok  19.3549 ms  17920 KB  nodes=129
[2761/4252] smt-switch | instance09179.smt2 -> fail  8.98995 ms  10368 KB  nodes=0
[2762/4252] native | instance07178.smt2 -> ok  58.3057 ms  17664 KB  nodes=133
[2763/4252] pysmt | instance07178.smt2 -> fail  0 ms  0 KB  nodes=0
[2764/4252] jsmtlib | instance07178.smt2 -> fail  3221.75 ms  1664 KB  nodes=0
[2765/4252] z3 | instance07178.smt2 -> ok  30.108 ms  7808 KB  nodes=185
[2766/4252] antlr4 | instance07178.smt2 -> ok  1345.62 ms  5120 KB  nodes=2015
[2767/4252] cvc5 | instance07178.smt2 -> ok  46.4078 ms  18560 KB  nodes=132
[2768/4252] smt-switch | instance07178.smt2 -> fail  3.2958 ms  10240 KB  nodes=0
[2769/4252] native | instance09524.smt2 -> ok  53.358 ms  17792 KB  nodes=106
[2770/4252] pysmt | instance09524.smt2 -> fail  0 ms  0 KB  nodes=0
[2771/4252] jsmtlib | instance09524.smt2 -> fail  3751.53 ms  1664 KB  nodes=0
[2772/4252] z3 | instance09524.smt2 -> ok  20.837 ms  8064 KB  nodes=163
[2773/4252] antlr4 | instance09524.smt2 -> ok  1652.09 ms  5120 KB  nodes=2708
[2774/4252] cvc5 | instance09524.smt2 -> ok  3.81816 ms  16768 KB  nodes=100
[2775/4252] smt-switch | instance09524.smt2 -> fail  8.14338 ms  10368 KB  nodes=0
[2776/4252] native | instance12843.smt2 -> ok  141.375 ms  17408 KB  nodes=94
[2777/4252] pysmt | instance12843.smt2 -> fail  0 ms  0 KB  nodes=0
[2778/4252] jsmtlib | instance12843.smt2 -> fail  3880.15 ms  1664 KB  nodes=0
[2779/4252] z3 | instance12843.smt2 -> ok  29.924 ms  7808 KB  nodes=149
[2780/4252] antlr4 | instance12843.smt2 -> ok  1761.13 ms  5120 KB  nodes=1944
[2781/4252] cvc5 | instance12843.smt2 -> ok  19.5758 ms  18048 KB  nodes=90
[2782/4252] smt-switch | instance12843.smt2 -> fail  31.4012 ms  10496 KB  nodes=0
[2783/4252] native | instance10988.smt2 -> ok  53.1149 ms  17024 KB  nodes=77
[2784/4252] pysmt | instance10988.smt2 -> fail  0 ms  0 KB  nodes=0
[2785/4252] jsmtlib | instance10988.smt2 -> fail  6281.28 ms  1664 KB  nodes=0
[2786/4252] z3 | instance10988.smt2 -> ok  22.829 ms  7808 KB  nodes=109
[2787/4252] antlr4 | instance10988.smt2 -> ok  1500.19 ms  5120 KB  nodes=1057
[2788/4252] cvc5 | instance10988.smt2 -> ok  39.4193 ms  18304 KB  nodes=77
[2789/4252] smt-switch | instance10988.smt2 -> fail  10.7206 ms  10368 KB  nodes=0
[2790/4252] native | instance14195.smt2 -> ok  137.833 ms  17536 KB  nodes=62
[2791/4252] pysmt | instance14195.smt2 -> fail  0 ms  0 KB  nodes=0
[2792/4252] jsmtlib | instance14195.smt2 -> fail  3480.06 ms  1664 KB  nodes=0
[2793/4252] z3 | instance14195.smt2 -> ok  38.641 ms  7808 KB  nodes=83
[2794/4252] antlr4 | instance14195.smt2 -> ok  1310.46 ms  5120 KB  nodes=1066
[2795/4252] cvc5 | instance14195.smt2 -> ok  3.59525 ms  17024 KB  nodes=58
[2796/4252] smt-switch | instance14195.smt2 -> fail  11.9412 ms  10368 KB  nodes=0
[2797/4252] native | instance01224.smt2 -> ok  55.034 ms  17664 KB  nodes=169
[2798/4252] pysmt | instance01224.smt2 -> fail  0 ms  0 KB  nodes=0
[2799/4252] jsmtlib | instance01224.smt2 -> fail  3512.2 ms  1664 KB  nodes=0
[2800/4252] z3 | instance01224.smt2 -> ok  25.361 ms  7936 KB  nodes=229
[2801/4252] antlr4 | instance01224.smt2 -> ok  1385.08 ms  5120 KB  nodes=7213
[2802/4252] cvc5 | instance01224.smt2 -> ok  46.806 ms  19200 KB  nodes=162
[2803/4252] smt-switch | instance01224.smt2 -> fail  7.31244 ms  10368 KB  nodes=0
[2804/4252] native | instance13556.smt2 -> ok  47.7193 ms  17792 KB  nodes=156
[2805/4252] pysmt | instance13556.smt2 -> fail  0 ms  0 KB  nodes=0
[2806/4252] jsmtlib | instance13556.smt2 -> fail  3636.44 ms  1664 KB  nodes=0
[2807/4252] z3 | instance13556.smt2 -> ok  31.87 ms  7936 KB  nodes=236
[2808/4252] antlr4 | instance13556.smt2 -> ok  1319.36 ms  5120 KB  nodes=4355
[2809/4252] cvc5 | instance13556.smt2 -> ok  103.959 ms  23040 KB  nodes=152
[2810/4252] smt-switch | instance13556.smt2 -> fail  3.08533 ms  10368 KB  nodes=0
[2811/4252] native | Lehmann-Rabin_sat_non_incre_equiv_bad_0_ -> ok  43.5608 ms  17024 KB  nodes=69
[2812/4252] pysmt | Lehmann-Rabin_sat_non_incre_equiv_bad_0_ -> fail  0 ms  0 KB  nodes=0
[2813/4252] jsmtlib | Lehmann-Rabin_sat_non_incre_equiv_bad_0_ -> ok  2172.64 ms  2048 KB  nodes=219
[2814/4252] z3 | Lehmann-Rabin_sat_non_incre_equiv_bad_0_ -> ok  25.577 ms  7936 KB  nodes=121
[2815/4252] antlr4 | Lehmann-Rabin_sat_non_incre_equiv_bad_0_ -> ok  1158 ms  6144 KB  nodes=1896
[2816/4252] cvc5 | Lehmann-Rabin_sat_non_incre_equiv_bad_0_ -> fail  10044.2 ms  1664 KB  nodes=0
[2817/4252] smt-switch | Lehmann-Rabin_sat_non_incre_equiv_bad_0_ -> fail  13.3368 ms  10496 KB  nodes=0
[2818/4252] native | eqdist_sat_non_incre_equiv_trans_0_0.smt -> ok  61.8682 ms  17024 KB  nodes=63
[2819/4252] pysmt | eqdist_sat_non_incre_equiv_trans_0_0.smt -> fail  0 ms  0 KB  nodes=0
[2820/4252] jsmtlib | eqdist_sat_non_incre_equiv_trans_0_0.smt -> ok  1783.07 ms  2048 KB  nodes=201
[2821/4252] z3 | eqdist_sat_non_incre_equiv_trans_0_0.smt -> ok  55.279 ms  7808 KB  nodes=109
[2822/4252] antlr4 | eqdist_sat_non_incre_equiv_trans_0_0.smt -> ok  1983.62 ms  5120 KB  nodes=1804
[2823/4252] cvc5 | eqdist_sat_non_incre_equiv_trans_0_0.smt -> ok  5600.38 ms  30208 KB  nodes=64
[2824/4252] smt-switch | eqdist_sat_non_incre_equiv_trans_0_0.smt -> fail  9.23502 ms  10368 KB  nodes=0
[2825/4252] native | instance04905.smt2 -> ok  108.912 ms  17664 KB  nodes=91
[2826/4252] pysmt | instance04905.smt2 -> fail  0 ms  0 KB  nodes=0
[2827/4252] jsmtlib | instance04905.smt2 -> fail  3575.44 ms  1664 KB  nodes=0
[2828/4252] z3 | instance04905.smt2 -> ok  23.629 ms  7808 KB  nodes=120
[2829/4252] antlr4 | instance04905.smt2 -> ok  1664.59 ms  5120 KB  nodes=2462
[2830/4252] cvc5 | instance04905.smt2 -> ok  14.5797 ms  17792 KB  nodes=87
[2831/4252] smt-switch | instance04905.smt2 -> fail  11.3664 ms  10496 KB  nodes=0
[2832/4252] native | instance09532.smt2 -> ok  62.8796 ms  17792 KB  nodes=133
[2833/4252] pysmt | instance09532.smt2 -> fail  0 ms  0 KB  nodes=0
[2834/4252] jsmtlib | instance09532.smt2 -> fail  3484.6 ms  1664 KB  nodes=0
[2835/4252] z3 | instance09532.smt2 -> ok  26.153 ms  8064 KB  nodes=237
[2836/4252] antlr4 | instance09532.smt2 -> ok  1327.18 ms  5120 KB  nodes=3011
[2837/4252] cvc5 | instance09532.smt2 -> ok  1523.07 ms  23680 KB  nodes=130
[2838/4252] smt-switch | instance09532.smt2 -> fail  3.06217 ms  10240 KB  nodes=0
[2839/4252] native | instance14677.smt2 -> ok  50.7157 ms  17792 KB  nodes=115
[2840/4252] pysmt | instance14677.smt2 -> fail  0 ms  0 KB  nodes=0
[2841/4252] jsmtlib | instance14677.smt2 -> fail  4172.34 ms  1664 KB  nodes=0
[2842/4252] z3 | instance14677.smt2 -> ok  16.997 ms  7936 KB  nodes=155
[2843/4252] antlr4 | instance14677.smt2 -> ok  1246.21 ms  5120 KB  nodes=1398
[2844/4252] cvc5 | instance14677.smt2 -> ok  13.0396 ms  18432 KB  nodes=111
[2845/4252] smt-switch | instance14677.smt2 -> fail  7.5817 ms  10368 KB  nodes=0
[2846/4252] native | instance11588.smt2 -> ok  91.4767 ms  17664 KB  nodes=63
[2847/4252] pysmt | instance11588.smt2 -> fail  0 ms  0 KB  nodes=0
[2848/4252] jsmtlib | instance11588.smt2 -> fail  3162.07 ms  1664 KB  nodes=0
[2849/4252] z3 | instance11588.smt2 -> ok  30.648 ms  7808 KB  nodes=84
[2850/4252] antlr4 | instance11588.smt2 -> ok  1770.68 ms  5120 KB  nodes=2223
[2851/4252] cvc5 | instance11588.smt2 -> ok  60.9662 ms  18176 KB  nodes=59
[2852/4252] smt-switch | instance11588.smt2 -> fail  15.6159 ms  10496 KB  nodes=0
