文件名,解析时间(ms),内存使用(KB),AST节点数量,结果
/pub/data/jiafq/iscas/Parser_Comparison/../benchmarks/part44/non-incremental/QF_LIA/20220307-SMPT/ERK-PT-000100/RC-11.smt2,5.96635,0,85,成功
/pub/data/jiafq/iscas/Parser_Comparison/../benchmarks/part44/non-incremental/QF_LIA/20220307-SMPT/ERK-PT-000100/RC-12.smt2,2.78647,0,81,成功
/pub/data/jiafq/iscas/Parser_Comparison/../benchmarks/part44/non-incremental/QF_LIA/20220307-SMPT/ERK-PT-000100/RC-13.smt2,2.917,0,75,成功
/pub/data/jiafq/iscas/Parser_Comparison/../benchmarks/part44/non-incremental/QF_LIA/20220307-SMPT/ERK-PT-000100/RC-14.smt2,3.47908,0,74,成功
/pub/data/jiafq/iscas/Parser_Comparison/../benchmarks/part44/non-incremental/QF_LIA/20220307-SMPT/ERK-PT-000100/RC-15.smt2,2.97245,0,74,成功
/pub/data/jiafq/iscas/Parser_Comparison/../benchmarks/part44/non-incremental/QF_LIA/20220307-SMPT/ERK-PT-000100/RF-00.smt2,3.35243,0,90,成功
/pub/data/jiafq/iscas/Parser_Comparison/../benchmarks/part44/non-incremental/QF_LIA/20220307-SMPT/ERK-PT-000100/RF-01.smt2,3.12539,0,86,成功
/pub/data/jiafq/iscas/Parser_Comparison/../benchmarks/part44/non-incremental/QF_LIA/20220307-SMPT/ERK-PT-000100/RF-02.smt2,2.71825,0,80,成功
/pub/data/jiafq/iscas/Parser_Comparison/../benchmarks/part44/non-incremental/QF_LIA/20220307-SMPT/ERK-PT-000100/RF-03.smt2,3.26945,0,91,成功
/pub/data/jiafq/iscas/Parser_Comparison/../benchmarks/part44/non-incremental/QF_LIA/20220307-SMPT/ERK-PT-000100/RF-04.smt2,7.0185,0,94,成功
/pub/data/jiafq/iscas/Parser_Comparison/../benchmarks/part44/non-incremental/QF_LIA/20220307-SMPT/ERK-PT-000100/RF-05.smt2,2.94809,0,78,成功
/pub/data/jiafq/iscas/Parser_Comparison/../benchmarks/part44/non-incremental/QF_LIA/20220307-SMPT/ERK-PT-000100/RF-06.smt2,6.51253,0,94,成功
/pub/data/jiafq/iscas/Parser_Comparison/../benchmarks/part44/non-incremental/QF_LIA/20220307-SMPT/ERK-PT-000100/RF-07.smt2,2.74884,0,78,成功
/pub/data/jiafq/iscas/Parser_Comparison/../benchmarks/part44/non-incremental/QF_LIA/20220307-SMPT/ERK-PT-000100/RF-08.smt2,5.81047,0,91,成功
/pub/data/jiafq/iscas/Parser_Comparison/../benchmarks/part44/non-incremental/QF_LIA/20220307-SMPT/ERK-PT-000100/RF-09.smt2,4.98614,0,80,成功
/pub/data/jiafq/iscas/Parser_Comparison/../benchmarks/part44/non-incremental/QF_LIA/20220307-SMPT/ERK-PT-000100/RF-10.smt2,3.38409,0,89,成功
/pub/data/jiafq/iscas/Parser_Comparison/../benchmarks/part44/non-incremental/QF_LIA/20220307-SMPT/ERK-PT-000100/RF-11.smt2,4.29105,0,84,成功
/pub/data/jiafq/iscas/Parser_Comparison/../benchmarks/part44/non-incremental/QF_LIA/20220307-SMPT/ERK-PT-000100/RF-12.smt2,3.21777,0,95,成功
/pub/data/jiafq/iscas/Parser_Comparison/../benchmarks/part44/non-incremental/QF_LIA/20220307-SMPT/ERK-PT-000100/RF-13.smt2,3.5051,0,81,成功
/pub/data/jiafq/iscas/Parser_Comparison/../benchmarks/part44/non-incremental/QF_LIA/20220307-SMPT/ERK-PT-000100/RF-15.smt2,3.56028,0,83,成功
/pub/data/jiafq/iscas/Parser_Comparison/../benchmarks/part44/non-incremental/QF_LIA/20220307-SMPT/ERK-PT-001000/RC-00.smt2,2.7498,0,75,成功
/pub/data/jiafq/iscas/Parser_Comparison/../benchmarks/part44/non-incremental/QF_LIA/20220307-SMPT/ERK-PT-001000/RC-01.smt2,3.12881,0,83,成功
/pub/data/jiafq/iscas/Parser_Comparison/../benchmarks/part44/non-incremental/QF_LIA/20220307-SMPT/ERK-PT-001000/RC-02.smt2,4.11956,0,74,成功
/pub/data/jiafq/iscas/Parser_Comparison/../benchmarks/part44/non-incremental/QF_LIA/20220307-SMPT/ERK-PT-001000/RC-03.smt2,4.82214,0,81,成功
/pub/data/jiafq/iscas/Parser_Comparison/../benchmarks/part44/non-incremental/QF_LIA/20220307-SMPT/ERK-PT-001000/RC-04.smt2,4.28817,0,74,成功
/pub/data/jiafq/iscas/Parser_Comparison/../benchmarks/part44/non-incremental/QF_LIA/20220307-SMPT/ERK-PT-001000/RC-05.smt2,2.91318,0,83,成功
/pub/data/jiafq/iscas/Parser_Comparison/../benchmarks/part44/non-incremental/QF_LIA/20220307-SMPT/ERK-PT-001000/RC-06.smt2,2.89036,0,78,成功
/pub/data/jiafq/iscas/Parser_Comparison/../benchmarks/part44/non-incremental/QF_LIA/20220307-SMPT/ERK-PT-001000/RC-07.smt2,2.95658,0,88,成功
/pub/data/jiafq/iscas/Parser_Comparison/../benchmarks/part44/non-incremental/QF_LIA/20220307-SMPT/ERK-PT-001000/RC-08.smt2,3.17085,0,84,成功
/pub/data/jiafq/iscas/Parser_Comparison/../benchmarks/part44/non-incremental/QF_LIA/20220307-SMPT/ERK-PT-001000/RC-09.smt2,2.71827,0,74,成功
/pub/data/jiafq/iscas/Parser_Comparison/../benchmarks/part44/non-incremental/QF_LIA/20220307-SMPT/ERK-PT-001000/RC-10.smt2,3.40228,0,78,成功
/pub/data/jiafq/iscas/Parser_Comparison/../benchmarks/part44/non-incremental/QF_LIA/20220307-SMPT/ERK-PT-001000/RC-11.smt2,3.5037,0,74,成功
/pub/data/jiafq/iscas/Parser_Comparison/../benchmarks/part44/non-incremental/QF_LIA/20220307-SMPT/ERK-PT-001000/RC-12.smt2,2.85978,0,79,成功
/pub/data/jiafq/iscas/Parser_Comparison/../benchmarks/part44/non-incremental/QF_LIA/20220307-SMPT/ERK-PT-001000/RC-13.smt2,3.4861,0,79,成功
/pub/data/jiafq/iscas/Parser_Comparison/../benchmarks/part44/non-incremental/QF_LIA/20220307-SMPT/ERK-PT-001000/RC-14.smt2,3.29168,0,74,成功
/pub/data/jiafq/iscas/Parser_Comparison/../benchmarks/part44/non-incremental/QF_LIA/20220307-SMPT/ERK-PT-001000/RC-15.smt2,2.956,0,83,成功
/pub/data/jiafq/iscas/Parser_Comparison/../benchmarks/part44/non-incremental/QF_LIA/20220307-SMPT/ERK-PT-001000/RF-00.smt2,3.45051,0,80,成功
/pub/data/jiafq/iscas/Parser_Comparison/../benchmarks/part44/non-incremental/QF_LIA/20220307-SMPT/ERK-PT-001000/RF-01.smt2,4.46189,224,93,成功
/pub/data/jiafq/iscas/Parser_Comparison/../benchmarks/part44/non-incremental/QF_LIA/20220307-SMPT/ERK-PT-001000/RF-02.smt2,4.51226,0,78,成功
/pub/data/jiafq/iscas/Parser_Comparison/../benchmarks/part44/non-incremental/QF_LIA/20220307-SMPT/ERK-PT-001000/RF-03.smt2,7.75799,0,85,成功
/pub/data/jiafq/iscas/Parser_Comparison/../benchmarks/part44/non-incremental/QF_LIA/20220307-SMPT/ERK-PT-001000/RF-04.smt2,6.95813,220,91,成功
/pub/data/jiafq/iscas/Parser_Comparison/../benchmarks/part44/non-incremental/QF_LIA/20220307-SMPT/ERK-PT-001000/RF-05.smt2,3.61924,0,90,成功
/pub/data/jiafq/iscas/Parser_Comparison/../benchmarks/part44/non-incremental/QF_LIA/20220307-SMPT/ERK-PT-001000/RF-06.smt2,2.84539,0,78,成功
/pub/data/jiafq/iscas/Parser_Comparison/../benchmarks/part44/non-incremental/QF_LIA/20220307-SMPT/ERK-PT-001000/RF-07.smt2,3.28194,0,82,成功
/pub/data/jiafq/iscas/Parser_Comparison/../benchmarks/part44/non-incremental/QF_LIA/20220307-SMPT/ERK-PT-001000/RF-08.smt2,2.87809,0,80,成功
/pub/data/jiafq/iscas/Parser_Comparison/../benchmarks/part44/non-incremental/QF_LIA/20220307-SMPT/ERK-PT-001000/RF-09.smt2,3.39136,0,90,成功
/pub/data/jiafq/iscas/Parser_Comparison/../benchmarks/part44/non-incremental/QF_LIA/20220307-SMPT/ERK-PT-001000/RF-10.smt2,3.0759,0,92,成功
/pub/data/jiafq/iscas/Parser_Comparison/../benchmarks/part44/non-incremental/QF_LIA/20220307-SMPT/ERK-PT-001000/RF-11.smt2,3.87672,0,98,成功
/pub/data/jiafq/iscas/Parser_Comparison/../benchmarks/part44/non-incremental/QF_LIA/20220307-SMPT/ERK-PT-001000/RF-12.smt2,3.44598,0,78,成功
/pub/data/jiafq/iscas/Parser_Comparison/../benchmarks/part44/non-incremental/QF_LIA/20220307-SMPT/ERK-PT-001000/RF-13.smt2,5.31199,0,91,成功
/pub/data/jiafq/iscas/Parser_Comparison/../benchmarks/part44/non-incremental/QF_LIA/20220307-SMPT/ERK-PT-001000/RF-15.smt2,2.97555,252,83,成功
/pub/data/jiafq/iscas/Parser_Comparison/../benchmarks/part44/non-incremental/QF_LIA/20220307-SMPT/ERK-PT-010000/RC-00.smt2,2.65444,0,74,成功
/pub/data/jiafq/iscas/Parser_Comparison/../benchmarks/part44/non-incremental/QF_LIA/20220307-SMPT/ERK-PT-010000/RC-01.smt2,3.42617,0,74,成功
/pub/data/jiafq/iscas/Parser_Comparison/../benchmarks/part44/non-incremental/QF_LIA/20220307-SMPT/ERK-PT-010000/RC-02.smt2,2.74032,0,81,成功
/pub/data/jiafq/iscas/Parser_Comparison/../benchmarks/part44/non-incremental/QF_LIA/20220307-SMPT/ERK-PT-010000/RC-03.smt2,2.76206,0,74,成功
/pub/data/jiafq/iscas/Parser_Comparison/../benchmarks/part44/non-incremental/QF_LIA/20220307-SMPT/ERK-PT-010000/RC-04.smt2,2.8323,0,82,成功
/pub/data/jiafq/iscas/Parser_Comparison/../benchmarks/part44/non-incremental/QF_LIA/20220307-SMPT/ERK-PT-010000/RC-05.smt2,3.07581,0,77,成功
/pub/data/jiafq/iscas/Parser_Comparison/../benchmarks/part44/non-incremental/QF_LIA/20220307-SMPT/ERK-PT-010000/RC-06.smt2,4.45277,0,74,成功
/pub/data/jiafq/iscas/Parser_Comparison/../benchmarks/part44/non-incremental/QF_LIA/20220307-SMPT/ERK-PT-010000/RC-07.smt2,2.67951,0,75,成功
/pub/data/jiafq/iscas/Parser_Comparison/../benchmarks/part44/non-incremental/QF_LIA/20220307-SMPT/ERK-PT-010000/RC-08.smt2,3.36024,224,74,成功
/pub/data/jiafq/iscas/Parser_Comparison/../benchmarks/part44/non-incremental/QF_LIA/20220307-SMPT/ERK-PT-010000/RC-09.smt2,2.55815,0,75,成功
/pub/data/jiafq/iscas/Parser_Comparison/../benchmarks/part44/non-incremental/QF_LIA/20220307-SMPT/ERK-PT-010000/RC-10.smt2,2.54729,0,74,成功
/pub/data/jiafq/iscas/Parser_Comparison/../benchmarks/part44/non-incremental/QF_LIA/20220307-SMPT/ERK-PT-010000/RC-11.smt2,2.87455,0,81,成功
/pub/data/jiafq/iscas/Parser_Comparison/../benchmarks/part44/non-incremental/QF_LIA/20220307-SMPT/ERK-PT-010000/RC-12.smt2,4.58582,0,75,成功
/pub/data/jiafq/iscas/Parser_Comparison/../benchmarks/part44/non-incremental/QF_LIA/20220307-SMPT/ERK-PT-010000/RC-13.smt2,2.98944,0,77,成功
/pub/data/jiafq/iscas/Parser_Comparison/../benchmarks/part44/non-incremental/QF_LIA/20220307-SMPT/ERK-PT-010000/RC-14.smt2,4.71356,0,77,成功
/pub/data/jiafq/iscas/Parser_Comparison/../benchmarks/part44/non-incremental/QF_LIA/20220307-SMPT/ERK-PT-010000/RC-15.smt2,2.73905,0,74,成功
/pub/data/jiafq/iscas/Parser_Comparison/../benchmarks/part44/non-incremental/QF_LIA/20220307-SMPT/ERK-PT-010000/RF-00.smt2,4.04641,0,94,成功
/pub/data/jiafq/iscas/Parser_Comparison/../benchmarks/part44/non-incremental/QF_LIA/20220307-SMPT/ERK-PT-010000/RF-01.smt2,2.86334,0,78,成功
/pub/data/jiafq/iscas/Parser_Comparison/../benchmarks/part44/non-incremental/QF_LIA/20220307-SMPT/ERK-PT-010000/RF-02.smt2,4.05196,0,97,成功
/pub/data/jiafq/iscas/Parser_Comparison/../benchmarks/part44/non-incremental/QF_LIA/20220307-SMPT/ERK-PT-010000/RF-03.smt2,4.84481,0,80,成功
/pub/data/jiafq/iscas/Parser_Comparison/../benchmarks/part44/non-incremental/QF_LIA/20220307-SMPT/ERK-PT-010000/RF-05.smt2,2.79054,0,78,成功
/pub/data/jiafq/iscas/Parser_Comparison/../benchmarks/part44/non-incremental/QF_LIA/20220307-SMPT/ERK-PT-010000/RF-07.smt2,4.0011,0,88,成功
/pub/data/jiafq/iscas/Parser_Comparison/../benchmarks/part44/non-incremental/QF_LIA/20220307-SMPT/ERK-PT-010000/RF-09.smt2,5.23412,0,93,成功
/pub/data/jiafq/iscas/Parser_Comparison/../benchmarks/part44/non-incremental/QF_LIA/20220307-SMPT/ERK-PT-010000/RF-10.smt2,3.19735,0,90,成功
/pub/data/jiafq/iscas/Parser_Comparison/../benchmarks/part44/non-incremental/QF_LIA/20220307-SMPT/ERK-PT-010000/RF-11.smt2,3.13826,0,87,成功
/pub/data/jiafq/iscas/Parser_Comparison/../benchmarks/part44/non-incremental/QF_LIA/20220307-SMPT/ERK-PT-010000/RF-12.smt2,2.83368,0,83,成功
/pub/data/jiafq/iscas/Parser_Comparison/../benchmarks/part44/non-incremental/QF_LIA/20220307-SMPT/ERK-PT-010000/RF-14.smt2,6.8014,0,89,成功
/pub/data/jiafq/iscas/Parser_Comparison/../benchmarks/part44/non-incremental/QF_LIA/20220307-SMPT/ERK-PT-100000/RC-00.smt2,4.48805,0,76,成功
/pub/data/jiafq/iscas/Parser_Comparison/../benchmarks/part44/non-incremental/QF_LIA/20220307-SMPT/ERK-PT-100000/RC-01.smt2,2.97303,0,83,成功
/pub/data/jiafq/iscas/Parser_Comparison/../benchmarks/part44/non-incremental/QF_LIA/20220307-SMPT/ERK-PT-100000/RC-02.smt2,3.02659,0,80,成功
/pub/data/jiafq/iscas/Parser_Comparison/../benchmarks/part44/non-incremental/QF_LIA/20220307-SMPT/ERK-PT-100000/RC-03.smt2,2.67937,0,75,成功
/pub/data/jiafq/iscas/Parser_Comparison/../benchmarks/part44/non-incremental/QF_LIA/20220307-SMPT/ERK-PT-100000/RC-04.smt2,2.79809,0,76,成功
/pub/data/jiafq/iscas/Parser_Comparison/../benchmarks/part44/non-incremental/QF_LIA/20220307-SMPT/ERK-PT-100000/RC-05.smt2,4.21687,0,75,成功
/pub/data/jiafq/iscas/Parser_Comparison/../benchmarks/part44/non-incremental/QF_LIA/20220307-SMPT/ERK-PT-100000/RC-06.smt2,2.89596,0,80,成功
/pub/data/jiafq/iscas/Parser_Comparison/../benchmarks/part44/non-incremental/QF_LIA/20220307-SMPT/ERK-PT-100000/RC-07.smt2,3.50368,0,84,成功
/pub/data/jiafq/iscas/Parser_Comparison/../benchmarks/part44/non-incremental/QF_LIA/20220307-SMPT/ERK-PT-100000/RC-08.smt2,2.75812,0,81,成功
/pub/data/jiafq/iscas/Parser_Comparison/../benchmarks/part44/non-incremental/QF_LIA/20220307-SMPT/ERK-PT-100000/RC-09.smt2,2.63304,0,75,成功
/pub/data/jiafq/iscas/Parser_Comparison/../benchmarks/part44/non-incremental/QF_LIA/20220307-SMPT/ERK-PT-100000/RC-10.smt2,3.55855,0,74,成功
/pub/data/jiafq/iscas/Parser_Comparison/../benchmarks/part44/non-incremental/QF_LIA/20220307-SMPT/ERK-PT-100000/RC-11.smt2,2.76001,0,78,成功
/pub/data/jiafq/iscas/Parser_Comparison/../benchmarks/part44/non-incremental/QF_LIA/20220307-SMPT/ERK-PT-100000/RC-12.smt2,2.65908,0,74,成功
/pub/data/jiafq/iscas/Parser_Comparison/../benchmarks/part44/non-incremental/QF_LIA/20220307-SMPT/ERK-PT-100000/RC-13.smt2,2.66839,0,77,成功
/pub/data/jiafq/iscas/Parser_Comparison/../benchmarks/part44/non-incremental/QF_LIA/20220307-SMPT/ERK-PT-100000/RC-14.smt2,2.61468,0,75,成功
/pub/data/jiafq/iscas/Parser_Comparison/../benchmarks/part44/non-incremental/QF_LIA/20220307-SMPT/ERK-PT-100000/RC-15.smt2,3.11673,0,75,成功
/pub/data/jiafq/iscas/Parser_Comparison/../benchmarks/part44/non-incremental/QF_LIA/20220307-SMPT/ERK-PT-100000/RF-00.smt2,3.22033,0,78,成功
/pub/data/jiafq/iscas/Parser_Comparison/../benchmarks/part44/non-incremental/QF_LIA/20220307-SMPT/ERK-PT-100000/RF-01.smt2,4.1327,0,88,成功
/pub/data/jiafq/iscas/Parser_Comparison/../benchmarks/part44/non-incremental/QF_LIA/20220307-SMPT/ERK-PT-100000/RF-02.smt2,3.31503,0,92,成功
/pub/data/jiafq/iscas/Parser_Comparison/../benchmarks/part44/non-incremental/QF_LIA/20220307-SMPT/ERK-PT-100000/RF-03.smt2,3.56077,0,96,成功
/pub/data/jiafq/iscas/Parser_Comparison/../benchmarks/part44/non-incremental/QF_LIA/20220307-SMPT/ERK-PT-100000/RF-05.smt2,3.33695,0,89,成功
/pub/data/jiafq/iscas/Parser_Comparison/../benchmarks/part44/non-incremental/QF_LIA/20220307-SMPT/ERK-PT-100000/RF-06.smt2,7.48093,228,94,成功
/pub/data/jiafq/iscas/Parser_Comparison/../benchmarks/part44/non-incremental/QF_LIA/20220307-SMPT/ERK-PT-100000/RF-07.smt2,3.90551,0,83,成功
/pub/data/jiafq/iscas/Parser_Comparison/../benchmarks/part44/non-incremental/QF_LIA/20220307-SMPT/ERK-PT-100000/RF-08.smt2,3.64195,0,92,成功
/pub/data/jiafq/iscas/Parser_Comparison/../benchmarks/part44/non-incremental/QF_LIA/20220307-SMPT/ERK-PT-100000/RF-09.smt2,2.91505,0,87,成功
/pub/data/jiafq/iscas/Parser_Comparison/../benchmarks/part44/non-incremental/QF_LIA/20220307-SMPT/ERK-PT-100000/RF-10.smt2,3.04638,0,89,成功
/pub/data/jiafq/iscas/Parser_Comparison/../benchmarks/part44/non-incremental/QF_LIA/20220307-SMPT/ERK-PT-100000/RF-11.smt2,3.09799,0,82,成功
/pub/data/jiafq/iscas/Parser_Comparison/../benchmarks/part44/non-incremental/QF_LIA/20220307-SMPT/ERK-PT-100000/RF-12.smt2,4.71605,0,94,成功
/pub/data/jiafq/iscas/Parser_Comparison/../benchmarks/part44/non-incremental/QF_LIA/20220307-SMPT/ERK-PT-100000/RF-13.smt2,3.13482,0,85,成功
/pub/data/jiafq/iscas/Parser_Comparison/../benchmarks/part44/non-incremental/QF_LIA/20220307-SMPT/ERK-PT-100000/RF-14.smt2,5.03317,0,100,成功
/pub/data/jiafq/iscas/Parser_Comparison/../benchmarks/part44/non-incremental/QF_LIA/20220307-SMPT/ERK-PT-100000/RF-15.smt2,3.66148,0,83,成功
/pub/data/jiafq/iscas/Parser_Comparison/../benchmarks/part44/non-incremental/QF_LIA/20220307-SMPT/FMS-PT-00002/RC-00.smt2,4.06633,0,124,成功
/pub/data/jiafq/iscas/Parser_Comparison/../benchmarks/part44/non-incremental/QF_LIA/20220307-SMPT/FMS-PT-00002/RC-01.smt2,3.50699,0,114,成功
/pub/data/jiafq/iscas/Parser_Comparison/../benchmarks/part44/non-incremental/QF_LIA/20220307-SMPT/FMS-PT-00002/RC-02.smt2,3.78282,0,125,成功
/pub/data/jiafq/iscas/Parser_Comparison/../benchmarks/part44/non-incremental/QF_LIA/20220307-SMPT/FMS-PT-00002/RC-03.smt2,3.61661,0,113,成功
/pub/data/jiafq/iscas/Parser_Comparison/../benchmarks/part44/non-incremental/QF_LIA/20220307-SMPT/FMS-PT-00002/RC-04.smt2,5.94621,0,122,成功
/pub/data/jiafq/iscas/Parser_Comparison/../benchmarks/part44/non-incremental/QF_LIA/20220307-SMPT/FMS-PT-00002/RC-05.smt2,5.74888,0,123,成功
/pub/data/jiafq/iscas/Parser_Comparison/../benchmarks/part44/non-incremental/QF_LIA/20220307-SMPT/FMS-PT-00002/RC-06.smt2,6.24401,0,119,成功
/pub/data/jiafq/iscas/Parser_Comparison/../benchmarks/part44/non-incremental/QF_LIA/20220307-SMPT/FMS-PT-00002/RC-07.smt2,3.50825,0,116,成功
/pub/data/jiafq/iscas/Parser_Comparison/../benchmarks/part44/non-incremental/QF_LIA/20220307-SMPT/FMS-PT-00002/RC-08.smt2,3.82489,0,116,成功
/pub/data/jiafq/iscas/Parser_Comparison/../benchmarks/part44/non-incremental/QF_LIA/20220307-SMPT/FMS-PT-00002/RC-09.smt2,3.5175,0,113,成功
/pub/data/jiafq/iscas/Parser_Comparison/../benchmarks/part44/non-incremental/QF_LIA/20220307-SMPT/FMS-PT-00002/RC-10.smt2,3.89637,240,117,成功
/pub/data/jiafq/iscas/Parser_Comparison/../benchmarks/part44/non-incremental/QF_LIA/20220307-SMPT/FMS-PT-00002/RC-11.smt2,3.79048,0,123,成功
/pub/data/jiafq/iscas/Parser_Comparison/../benchmarks/part44/non-incremental/QF_LIA/20220307-SMPT/FMS-PT-00002/RC-12.smt2,3.58643,0,120,成功
/pub/data/jiafq/iscas/Parser_Comparison/../benchmarks/part44/non-incremental/QF_LIA/20220307-SMPT/FMS-PT-00002/RC-13.smt2,3.50388,0,115,成功
/pub/data/jiafq/iscas/Parser_Comparison/../benchmarks/part44/non-incremental/QF_LIA/20220307-SMPT/FMS-PT-00002/RC-14.smt2,5.7907,0,120,成功
/pub/data/jiafq/iscas/Parser_Comparison/../benchmarks/part44/non-incremental/QF_LIA/20220307-SMPT/FMS-PT-00002/RC-15.smt2,3.37123,220,113,成功
/pub/data/jiafq/iscas/Parser_Comparison/../benchmarks/part44/non-incremental/QF_LIA/20220307-SMPT/FMS-PT-00002/RF-00.smt2,4.24007,0,129,成功
/pub/data/jiafq/iscas/Parser_Comparison/../benchmarks/part44/non-incremental/QF_LIA/20220307-SMPT/FMS-PT-00002/RF-01.smt2,3.86188,0,125,成功
/pub/data/jiafq/iscas/Parser_Comparison/../benchmarks/part44/non-incremental/QF_LIA/20220307-SMPT/FMS-PT-00002/RF-02.smt2,4.74786,0,134,成功
/pub/data/jiafq/iscas/Parser_Comparison/../benchmarks/part44/non-incremental/QF_LIA/20220307-SMPT/FMS-PT-00002/RF-03.smt2,5.38936,0,117,成功
/pub/data/jiafq/iscas/Parser_Comparison/../benchmarks/part44/non-incremental/QF_LIA/20220307-SMPT/FMS-PT-00002/RF-04.smt2,5.79626,0,133,成功
/pub/data/jiafq/iscas/Parser_Comparison/../benchmarks/part44/non-incremental/QF_LIA/20220307-SMPT/FMS-PT-00002/RF-05.smt2,3.71993,0,124,成功
/pub/data/jiafq/iscas/Parser_Comparison/../benchmarks/part44/non-incremental/QF_LIA/20220307-SMPT/FMS-PT-00002/RF-06.smt2,3.6364,0,122,成功
/pub/data/jiafq/iscas/Parser_Comparison/../benchmarks/part44/non-incremental/QF_LIA/20220307-SMPT/FMS-PT-00002/RF-07.smt2,4.25281,0,125,成功
/pub/data/jiafq/iscas/Parser_Comparison/../benchmarks/part44/non-incremental/QF_LIA/20220307-SMPT/FMS-PT-00002/RF-08.smt2,3.68794,0,118,成功
/pub/data/jiafq/iscas/Parser_Comparison/../benchmarks/part44/non-incremental/QF_LIA/20220307-SMPT/FMS-PT-00002/RF-09.smt2,4.20449,0,135,成功
/pub/data/jiafq/iscas/Parser_Comparison/../benchmarks/part44/non-incremental/QF_LIA/20220307-SMPT/FMS-PT-00002/RF-10.smt2,8.17565,0,141,成功
/pub/data/jiafq/iscas/Parser_Comparison/../benchmarks/part44/non-incremental/QF_LIA/20220307-SMPT/FMS-PT-00002/RF-11.smt2,5.71691,0,139,成功
/pub/data/jiafq/iscas/Parser_Comparison/../benchmarks/part44/non-incremental/QF_LIA/20220307-SMPT/FMS-PT-00002/RF-12.smt2,4.51032,0,120,成功
/pub/data/jiafq/iscas/Parser_Comparison/../benchmarks/part44/non-incremental/QF_LIA/20220307-SMPT/FMS-PT-00002/RF-13.smt2,5.95144,0,135,成功
/pub/data/jiafq/iscas/Parser_Comparison/../benchmarks/part44/non-incremental/QF_LIA/20220307-SMPT/FMS-PT-00002/RF-14.smt2,4.32409,0,132,成功
/pub/data/jiafq/iscas/Parser_Comparison/../benchmarks/part44/non-incremental/QF_LIA/20220307-SMPT/FMS-PT-00002/RF-15.smt2,3.8639,0,118,成功
/pub/data/jiafq/iscas/Parser_Comparison/../benchmarks/part44/non-incremental/QF_LIA/20220307-SMPT/FMS-PT-00005/RC-00.smt2,3.01126,0,96,成功
/pub/data/jiafq/iscas/Parser_Comparison/../benchmarks/part44/non-incremental/QF_LIA/20220307-SMPT/FMS-PT-00005/RC-01.smt2,4.79846,0,100,成功
/pub/data/jiafq/iscas/Parser_Comparison/../benchmarks/part44/non-incremental/QF_LIA/20220307-SMPT/FMS-PT-00005/RC-02.smt2,3.1696,0,102,成功
/pub/data/jiafq/iscas/Parser_Comparison/../benchmarks/part44/non-incremental/QF_LIA/20220307-SMPT/FMS-PT-00005/RC-03.smt2,3.05575,0,98,成功
/pub/data/jiafq/iscas/Parser_Comparison/../benchmarks/part44/non-incremental/QF_LIA/20220307-SMPT/FMS-PT-00005/RC-04.smt2,5.60769,0,103,成功
/pub/data/jiafq/iscas/Parser_Comparison/../benchmarks/part44/non-incremental/QF_LIA/20220307-SMPT/FMS-PT-00005/RC-05.smt2,6.2207,0,94,成功
/pub/data/jiafq/iscas/Parser_Comparison/../benchmarks/part44/non-incremental/QF_LIA/20220307-SMPT/FMS-PT-00005/RC-06.smt2,3.77434,0,94,成功
/pub/data/jiafq/iscas/Parser_Comparison/../benchmarks/part44/non-incremental/QF_LIA/20220307-SMPT/FMS-PT-00005/RC-07.smt2,9.71416,0,98,成功
/pub/data/jiafq/iscas/Parser_Comparison/../benchmarks/part44/non-incremental/QF_LIA/20220307-SMPT/FMS-PT-00005/RC-08.smt2,5.02993,0,94,成功
/pub/data/jiafq/iscas/Parser_Comparison/../benchmarks/part44/non-incremental/QF_LIA/20220307-SMPT/FMS-PT-00005/RC-09.smt2,5.00117,0,94,成功
/pub/data/jiafq/iscas/Parser_Comparison/../benchmarks/part44/non-incremental/QF_LIA/20220307-SMPT/FMS-PT-00005/RC-10.smt2,3.02959,0,94,成功
/pub/data/jiafq/iscas/Parser_Comparison/../benchmarks/part44/non-incremental/QF_LIA/20220307-SMPT/FMS-PT-00005/RC-11.smt2,3.34117,0,102,成功
/pub/data/jiafq/iscas/Parser_Comparison/../benchmarks/part44/non-incremental/QF_LIA/20220307-SMPT/FMS-PT-00005/RC-12.smt2,3.12362,0,98,成功
/pub/data/jiafq/iscas/Parser_Comparison/../benchmarks/part44/non-incremental/QF_LIA/20220307-SMPT/FMS-PT-00005/RC-13.smt2,4.01197,0,96,成功
/pub/data/jiafq/iscas/Parser_Comparison/../benchmarks/part44/non-incremental/QF_LIA/20220307-SMPT/FMS-PT-00005/RC-14.smt2,3.26311,0,106,成功
/pub/data/jiafq/iscas/Parser_Comparison/../benchmarks/part44/non-incremental/QF_LIA/20220307-SMPT/FMS-PT-00005/RC-15.smt2,4.64278,0,94,成功
/pub/data/jiafq/iscas/Parser_Comparison/../benchmarks/part44/non-incremental/QF_LIA/20220307-SMPT/FMS-PT-00005/RF-00.smt2,3.24168,0,100,成功
/pub/data/jiafq/iscas/Parser_Comparison/../benchmarks/part44/non-incremental/QF_LIA/20220307-SMPT/FMS-PT-00005/RF-01.smt2,3.75956,0,101,成功
/pub/data/jiafq/iscas/Parser_Comparison/../benchmarks/part44/non-incremental/QF_LIA/20220307-SMPT/FMS-PT-00005/RF-02.smt2,5.2095,0,103,成功
/pub/data/jiafq/iscas/Parser_Comparison/../benchmarks/part44/non-incremental/QF_LIA/20220307-SMPT/FMS-PT-00005/RF-03.smt2,4.37895,0,105,成功
/pub/data/jiafq/iscas/Parser_Comparison/../benchmarks/part44/non-incremental/QF_LIA/20220307-SMPT/FMS-PT-00005/RF-04.smt2,3.17888,0,98,成功
/pub/data/jiafq/iscas/Parser_Comparison/../benchmarks/part44/non-incremental/QF_LIA/20220307-SMPT/FMS-PT-00005/RF-05.smt2,5.70056,0,104,成功
/pub/data/jiafq/iscas/Parser_Comparison/../benchmarks/part44/non-incremental/QF_LIA/20220307-SMPT/FMS-PT-00005/RF-06.smt2,4.76983,0,100,成功
/pub/data/jiafq/iscas/Parser_Comparison/../benchmarks/part44/non-incremental/QF_LIA/20220307-SMPT/FMS-PT-00005/RF-07.smt2,4.23604,0,97,成功
/pub/data/jiafq/iscas/Parser_Comparison/../benchmarks/part44/non-incremental/QF_LIA/20220307-SMPT/FMS-PT-00005/RF-08.smt2,3.57073,0,109,成功
/pub/data/jiafq/iscas/Parser_Comparison/../benchmarks/part44/non-incremental/QF_LIA/20220307-SMPT/FMS-PT-00005/RF-09.smt2,3.05021,0,96,成功
/pub/data/jiafq/iscas/Parser_Comparison/../benchmarks/part44/non-incremental/QF_LIA/20220307-SMPT/FMS-PT-00005/RF-10.smt2,2.9442,0,94,成功
/pub/data/jiafq/iscas/Parser_Comparison/../benchmarks/part44/non-incremental/QF_LIA/20220307-SMPT/FMS-PT-00005/RF-11.smt2,4.44516,0,111,成功
/pub/data/jiafq/iscas/Parser_Comparison/../benchmarks/part44/non-incremental/QF_LIA/20220307-SMPT/FMS-PT-00005/RF-12.smt2,4.54838,0,114,成功
/pub/data/jiafq/iscas/Parser_Comparison/../benchmarks/part44/non-incremental/QF_LIA/20220307-SMPT/FMS-PT-00005/RF-13.smt2,4.21256,0,113,成功
/pub/data/jiafq/iscas/Parser_Comparison/../benchmarks/part44/non-incremental/QF_LIA/20220307-SMPT/FMS-PT-00005/RF-14.smt2,4.21022,0,116,成功
/pub/data/jiafq/iscas/Parser_Comparison/../benchmarks/part44/non-incremental/QF_LIA/20220307-SMPT/FMS-PT-00005/RF-15.smt2,4.7111,0,122,成功
/pub/data/jiafq/iscas/Parser_Comparison/../benchmarks/part44/non-incremental/QF_LIA/20220307-SMPT/FMS-PT-00010/RC-00.smt2,3.45036,0,94,成功
/pub/data/jiafq/iscas/Parser_Comparison/../benchmarks/part44/non-incremental/QF_LIA/20220307-SMPT/FMS-PT-00010/RC-01.smt2,2.9595,0,94,成功
/pub/data/jiafq/iscas/Parser_Comparison/../benchmarks/part44/non-incremental/QF_LIA/20220307-SMPT/FMS-PT-00010/RC-02.smt2,7.32665,0,101,成功
/pub/data/jiafq/iscas/Parser_Comparison/../benchmarks/part44/non-incremental/QF_LIA/20220307-SMPT/FMS-PT-00010/RC-03.smt2,3.86149,0,103,成功
/pub/data/jiafq/iscas/Parser_Comparison/../benchmarks/part44/non-incremental/QF_LIA/20220307-SMPT/FMS-PT-00010/RC-04.smt2,3.13829,0,99,成功
/pub/data/jiafq/iscas/Parser_Comparison/../benchmarks/part44/non-incremental/QF_LIA/20220307-SMPT/FMS-PT-00010/RC-05.smt2,6.27105,0,100,成功
/pub/data/jiafq/iscas/Parser_Comparison/../benchmarks/part44/non-incremental/QF_LIA/20220307-SMPT/FMS-PT-00010/RC-06.smt2,4.11009,0,94,成功
/pub/data/jiafq/iscas/Parser_Comparison/../benchmarks/part44/non-incremental/QF_LIA/20220307-SMPT/FMS-PT-00010/RC-07.smt2,3.57284,0,106,成功
/pub/data/jiafq/iscas/Parser_Comparison/../benchmarks/part44/non-incremental/QF_LIA/20220307-SMPT/FMS-PT-00010/RC-08.smt2,3.08261,0,103,成功
/pub/data/jiafq/iscas/Parser_Comparison/../benchmarks/part44/non-incremental/QF_LIA/20220307-SMPT/FMS-PT-00010/RC-09.smt2,3.93302,0,101,成功
/pub/data/jiafq/iscas/Parser_Comparison/../benchmarks/part44/non-incremental/QF_LIA/20220307-SMPT/FMS-PT-00010/RC-10.smt2,3.09481,0,97,成功
/pub/data/jiafq/iscas/Parser_Comparison/../benchmarks/part44/non-incremental/QF_LIA/20220307-SMPT/FMS-PT-00010/RC-11.smt2,3.42908,0,94,成功
/pub/data/jiafq/iscas/Parser_Comparison/../benchmarks/part44/non-incremental/QF_LIA/20220307-SMPT/FMS-PT-00010/RC-12.smt2,3.04912,0,98,成功
/pub/data/jiafq/iscas/Parser_Comparison/../benchmarks/part44/non-incremental/QF_LIA/20220307-SMPT/FMS-PT-00010/RC-14.smt2,3.0931,0,94,成功
/pub/data/jiafq/iscas/Parser_Comparison/../benchmarks/part44/non-incremental/QF_LIA/20220307-SMPT/FMS-PT-00010/RC-15.smt2,3.04953,0,97,成功
/pub/data/jiafq/iscas/Parser_Comparison/../benchmarks/part44/non-incremental/QF_LIA/20220307-SMPT/FMS-PT-00010/RF-00.smt2,3.56898,0,94,成功
/pub/data/jiafq/iscas/Parser_Comparison/../benchmarks/part44/non-incremental/QF_LIA/20220307-SMPT/FMS-PT-00010/RF-01.smt2,2.93986,0,94,成功
/pub/data/jiafq/iscas/Parser_Comparison/../benchmarks/part44/non-incremental/QF_LIA/20220307-SMPT/FMS-PT-00010/RF-02.smt2,3.07683,0,94,成功
/pub/data/jiafq/iscas/Parser_Comparison/../benchmarks/part44/non-incremental/QF_LIA/20220307-SMPT/FMS-PT-00010/RF-03.smt2,4.42167,0,105,成功
/pub/data/jiafq/iscas/Parser_Comparison/../benchmarks/part44/non-incremental/QF_LIA/20220307-SMPT/FMS-PT-00010/RF-04.smt2,3.29388,0,104,成功
/pub/data/jiafq/iscas/Parser_Comparison/../benchmarks/part44/non-incremental/QF_LIA/20220307-SMPT/FMS-PT-00010/RF-05.smt2,3.16844,0,103,成功
/pub/data/jiafq/iscas/Parser_Comparison/../benchmarks/part44/non-incremental/QF_LIA/20220307-SMPT/FMS-PT-00010/RF-06.smt2,3.10167,220,98,成功
/pub/data/jiafq/iscas/Parser_Comparison/../benchmarks/part44/non-incremental/QF_LIA/20220307-SMPT/FMS-PT-00010/RF-07.smt2,3.13156,0,96,成功
/pub/data/jiafq/iscas/Parser_Comparison/../benchmarks/part44/non-incremental/QF_LIA/20220307-SMPT/FMS-PT-00010/RF-08.smt2,3.05182,0,94,成功
/pub/data/jiafq/iscas/Parser_Comparison/../benchmarks/part44/non-incremental/QF_LIA/20220307-SMPT/FMS-PT-00010/RF-10.smt2,3.1346,232,94,成功
/pub/data/jiafq/iscas/Parser_Comparison/../benchmarks/part44/non-incremental/QF_LIA/20220307-SMPT/FMS-PT-00010/RF-11.smt2,4.16333,232,110,成功
/pub/data/jiafq/iscas/Parser_Comparison/../benchmarks/part44/non-incremental/QF_LIA/20220307-SMPT/FMS-PT-00010/RF-12.smt2,3.61918,0,117,成功
/pub/data/jiafq/iscas/Parser_Comparison/../benchmarks/part44/non-incremental/QF_LIA/20220307-SMPT/FMS-PT-00010/RF-13.smt2,3.71562,0,97,成功
/pub/data/jiafq/iscas/Parser_Comparison/../benchmarks/part44/non-incremental/QF_LIA/20220307-SMPT/FMS-PT-00010/RF-15.smt2,3.59493,0,111,成功
/pub/data/jiafq/iscas/Parser_Comparison/../benchmarks/part44/non-incremental/QF_LIA/20220307-SMPT/FMS-PT-00020/RC-00.smt2,6.08759,0,94,成功
/pub/data/jiafq/iscas/Parser_Comparison/../benchmarks/part44/non-incremental/QF_LIA/20220307-SMPT/FMS-PT-00020/RC-01.smt2,6.44282,0,99,成功
/pub/data/jiafq/iscas/Parser_Comparison/../benchmarks/part44/non-incremental/QF_LIA/20220307-SMPT/FMS-PT-00020/RC-02.smt2,6.30284,0,94,成功
/pub/data/jiafq/iscas/Parser_Comparison/../benchmarks/part44/non-incremental/QF_LIA/20220307-SMPT/FMS-PT-00020/RC-03.smt2,6.17847,0,97,成功
/pub/data/jiafq/iscas/Parser_Comparison/../benchmarks/part44/non-incremental/QF_LIA/20220307-SMPT/FMS-PT-00020/RC-04.smt2,6.44788,0,103,成功
/pub/data/jiafq/iscas/Parser_Comparison/../benchmarks/part44/non-incremental/QF_LIA/20220307-SMPT/FMS-PT-00020/RC-05.smt2,2.98703,0,96,成功
/pub/data/jiafq/iscas/Parser_Comparison/../benchmarks/part44/non-incremental/QF_LIA/20220307-SMPT/FMS-PT-00020/RC-06.smt2,3.03684,0,94,成功
/pub/data/jiafq/iscas/Parser_Comparison/../benchmarks/part44/non-incremental/QF_LIA/20220307-SMPT/FMS-PT-00020/RC-07.smt2,3.1985,0,94,成功
/pub/data/jiafq/iscas/Parser_Comparison/../benchmarks/part44/non-incremental/QF_LIA/20220307-SMPT/FMS-PT-00020/RC-08.smt2,3.06028,0,99,成功
/pub/data/jiafq/iscas/Parser_Comparison/../benchmarks/part44/non-incremental/QF_LIA/20220307-SMPT/FMS-PT-00020/RC-09.smt2,3.38362,0,103,成功
/pub/data/jiafq/iscas/Parser_Comparison/../benchmarks/part44/non-incremental/QF_LIA/20220307-SMPT/FMS-PT-00020/RC-10.smt2,4.69098,0,105,成功
/pub/data/jiafq/iscas/Parser_Comparison/../benchmarks/part44/non-incremental/QF_LIA/20220307-SMPT/FMS-PT-00020/RC-11.smt2,3.46582,220,104,成功
/pub/data/jiafq/iscas/Parser_Comparison/../benchmarks/part44/non-incremental/QF_LIA/20220307-SMPT/FMS-PT-00020/RC-12.smt2,3.02235,0,94,成功
/pub/data/jiafq/iscas/Parser_Comparison/../benchmarks/part44/non-incremental/QF_LIA/20220307-SMPT/FMS-PT-00020/RC-13.smt2,4.27747,0,99,成功
/pub/data/jiafq/iscas/Parser_Comparison/../benchmarks/part44/non-incremental/QF_LIA/20220307-SMPT/FMS-PT-00020/RC-14.smt2,3.34708,0,103,成功
/pub/data/jiafq/iscas/Parser_Comparison/../benchmarks/part44/non-incremental/QF_LIA/20220307-SMPT/FMS-PT-00020/RC-15.smt2,3.53987,0,101,成功
/pub/data/jiafq/iscas/Parser_Comparison/../benchmarks/part44/non-incremental/QF_LIA/20220307-SMPT/FMS-PT-00020/RF-00.smt2,3.09068,0,94,成功
/pub/data/jiafq/iscas/Parser_Comparison/../benchmarks/part44/non-incremental/QF_LIA/20220307-SMPT/FMS-PT-00020/RF-01.smt2,3.17943,0,94,成功
/pub/data/jiafq/iscas/Parser_Comparison/../benchmarks/part44/non-incremental/QF_LIA/20220307-SMPT/FMS-PT-00020/RF-02.smt2,3.04008,0,96,成功
/pub/data/jiafq/iscas/Parser_Comparison/../benchmarks/part44/non-incremental/QF_LIA/20220307-SMPT/FMS-PT-00020/RF-03.smt2,3.22092,0,103,成功
/pub/data/jiafq/iscas/Parser_Comparison/../benchmarks/part44/non-incremental/QF_LIA/20220307-SMPT/FMS-PT-00020/RF-04.smt2,3.17888,0,101,成功
/pub/data/jiafq/iscas/Parser_Comparison/../benchmarks/part44/non-incremental/QF_LIA/20220307-SMPT/FMS-PT-00020/RF-05.smt2,3.46027,0,107,成功
/pub/data/jiafq/iscas/Parser_Comparison/../benchmarks/part44/non-incremental/QF_LIA/20220307-SMPT/FMS-PT-00020/RF-06.smt2,3.21882,0,102,成功
/pub/data/jiafq/iscas/Parser_Comparison/../benchmarks/part44/non-incremental/QF_LIA/20220307-SMPT/FMS-PT-00020/RF-07.smt2,4.79748,0,105,成功
/pub/data/jiafq/iscas/Parser_Comparison/../benchmarks/part44/non-incremental/QF_LIA/20220307-SMPT/FMS-PT-00020/RF-08.smt2,4.71112,228,96,成功
/pub/data/jiafq/iscas/Parser_Comparison/../benchmarks/part44/non-incremental/QF_LIA/20220307-SMPT/FMS-PT-00020/RF-09.smt2,3.45663,0,108,成功
/pub/data/jiafq/iscas/Parser_Comparison/../benchmarks/part44/non-incremental/QF_LIA/20220307-SMPT/FMS-PT-00020/RF-10.smt2,5.75421,0,100,成功
/pub/data/jiafq/iscas/Parser_Comparison/../benchmarks/part44/non-incremental/QF_LIA/20220307-SMPT/FMS-PT-00020/RF-11.smt2,3.20238,0,101,成功
/pub/data/jiafq/iscas/Parser_Comparison/../benchmarks/part44/non-incremental/QF_LIA/20220307-SMPT/FMS-PT-00020/RF-12.smt2,3.22481,0,94,成功
/pub/data/jiafq/iscas/Parser_Comparison/../benchmarks/part44/non-incremental/QF_LIA/20220307-SMPT/FMS-PT-00020/RF-13.smt2,3.35063,0,104,成功
/pub/data/jiafq/iscas/Parser_Comparison/../benchmarks/part44/non-incremental/QF_LIA/20220307-SMPT/FMS-PT-00020/RF-14.smt2,3.16289,0,104,成功
/pub/data/jiafq/iscas/Parser_Comparison/../benchmarks/part44/non-incremental/QF_LIA/20220307-SMPT/FMS-PT-00020/RF-15.smt2,6.67534,0,98,成功
/pub/data/jiafq/iscas/Parser_Comparison/../benchmarks/part44/non-incremental/QF_LIA/20220307-SMPT/FMS-PT-00050/RC-00.smt2,3.59359,0,99,成功
/pub/data/jiafq/iscas/Parser_Comparison/../benchmarks/part44/non-incremental/QF_LIA/20220307-SMPT/FMS-PT-00050/RC-01.smt2,2.86388,0,94,成功
/pub/data/jiafq/iscas/Parser_Comparison/../benchmarks/part44/non-incremental/QF_LIA/20220307-SMPT/FMS-PT-00050/RC-02.smt2,4.21093,228,101,成功
/pub/data/jiafq/iscas/Parser_Comparison/../benchmarks/part44/non-incremental/QF_LIA/20220307-SMPT/FMS-PT-00050/RC-03.smt2,4.41931,0,101,成功
/pub/data/jiafq/iscas/Parser_Comparison/../benchmarks/part44/non-incremental/QF_LIA/20220307-SMPT/FMS-PT-00050/RC-04.smt2,3.57201,0,94,成功
/pub/data/jiafq/iscas/Parser_Comparison/../benchmarks/part44/non-incremental/QF_LIA/20220307-SMPT/FMS-PT-00050/RC-05.smt2,5.74963,0,103,成功
/pub/data/jiafq/iscas/Parser_Comparison/../benchmarks/part44/non-incremental/QF_LIA/20220307-SMPT/FMS-PT-00050/RC-06.smt2,3.1493,0,98,成功
/pub/data/jiafq/iscas/Parser_Comparison/../benchmarks/part44/non-incremental/QF_LIA/20220307-SMPT/FMS-PT-00050/RC-07.smt2,3.26493,0,100,成功
/pub/data/jiafq/iscas/Parser_Comparison/../benchmarks/part44/non-incremental/QF_LIA/20220307-SMPT/FMS-PT-00050/RC-08.smt2,4.69878,220,97,成功
/pub/data/jiafq/iscas/Parser_Comparison/../benchmarks/part44/non-incremental/QF_LIA/20220307-SMPT/FMS-PT-00050/RC-09.smt2,4.00312,0,98,成功
/pub/data/jiafq/iscas/Parser_Comparison/../benchmarks/part44/non-incremental/QF_LIA/20220307-SMPT/FMS-PT-00050/RC-10.smt2,3.27235,0,102,成功
/pub/data/jiafq/iscas/Parser_Comparison/../benchmarks/part44/non-incremental/QF_LIA/20220307-SMPT/FMS-PT-00050/RC-11.smt2,4.10906,0,103,成功
/pub/data/jiafq/iscas/Parser_Comparison/../benchmarks/part44/non-incremental/QF_LIA/20220307-SMPT/FMS-PT-00050/RC-12.smt2,3.11001,0,104,成功
/pub/data/jiafq/iscas/Parser_Comparison/../benchmarks/part44/non-incremental/QF_LIA/20220307-SMPT/FMS-PT-00050/RC-13.smt2,3.49575,0,94,成功
/pub/data/jiafq/iscas/Parser_Comparison/../benchmarks/part44/non-incremental/QF_LIA/20220307-SMPT/FMS-PT-00050/RC-14.smt2,4.87246,0,101,成功
/pub/data/jiafq/iscas/Parser_Comparison/../benchmarks/part44/non-incremental/QF_LIA/20220307-SMPT/FMS-PT-00050/RC-15.smt2,3.34084,0,100,成功
/pub/data/jiafq/iscas/Parser_Comparison/../benchmarks/part44/non-incremental/QF_LIA/20220307-SMPT/FMS-PT-00050/RF-00.smt2,6.25595,0,94,成功
/pub/data/jiafq/iscas/Parser_Comparison/../benchmarks/part44/non-incremental/QF_LIA/20220307-SMPT/FMS-PT-00050/RF-01.smt2,4.12568,228,100,成功
/pub/data/jiafq/iscas/Parser_Comparison/../benchmarks/part44/non-incremental/QF_LIA/20220307-SMPT/FMS-PT-00050/RF-02.smt2,3.21269,0,99,成功
/pub/data/jiafq/iscas/Parser_Comparison/../benchmarks/part44/non-incremental/QF_LIA/20220307-SMPT/FMS-PT-00050/RF-03.smt2,4.38091,0,102,成功
/pub/data/jiafq/iscas/Parser_Comparison/../benchmarks/part44/non-incremental/QF_LIA/20220307-SMPT/FMS-PT-00050/RF-04.smt2,4.79618,0,104,成功
/pub/data/jiafq/iscas/Parser_Comparison/../benchmarks/part44/non-incremental/QF_LIA/20220307-SMPT/FMS-PT-00050/RF-05.smt2,3.62637,0,115,成功
/pub/data/jiafq/iscas/Parser_Comparison/../benchmarks/part44/non-incremental/QF_LIA/20220307-SMPT/FMS-PT-00050/RF-06.smt2,4.01577,0,103,成功
/pub/data/jiafq/iscas/Parser_Comparison/../benchmarks/part44/non-incremental/QF_LIA/20220307-SMPT/FMS-PT-00050/RF-07.smt2,3.65558,0,109,成功
/pub/data/jiafq/iscas/Parser_Comparison/../benchmarks/part44/non-incremental/QF_LIA/20220307-SMPT/FMS-PT-00050/RF-08.smt2,2.99026,0,94,成功
/pub/data/jiafq/iscas/Parser_Comparison/../benchmarks/part44/non-incremental/QF_LIA/20220307-SMPT/FMS-PT-00050/RF-09.smt2,3.1406,0,96,成功
/pub/data/jiafq/iscas/Parser_Comparison/../benchmarks/part44/non-incremental/QF_LIA/20220307-SMPT/FMS-PT-00050/RF-10.smt2,5.56003,0,103,成功
/pub/data/jiafq/iscas/Parser_Comparison/../benchmarks/part44/non-incremental/QF_LIA/20220307-SMPT/FMS-PT-00050/RF-11.smt2,3.21559,0,105,成功
/pub/data/jiafq/iscas/Parser_Comparison/../benchmarks/part44/non-incremental/QF_LIA/20220307-SMPT/FMS-PT-00050/RF-12.smt2,3.31304,224,97,成功
/pub/data/jiafq/iscas/Parser_Comparison/../benchmarks/part44/non-incremental/QF_LIA/20220307-SMPT/FMS-PT-00050/RF-13.smt2,6.07568,0,102,成功
/pub/data/jiafq/iscas/Parser_Comparison/../benchmarks/part44/non-incremental/QF_LIA/20220307-SMPT/FMS-PT-00050/RF-14.smt2,3.33491,0,99,成功
/pub/data/jiafq/iscas/Parser_Comparison/../benchmarks/part44/non-incremental/QF_LIA/20220307-SMPT/FMS-PT-00050/RF-15.smt2,3.29331,228,101,成功
/pub/data/jiafq/iscas/Parser_Comparison/../benchmarks/part44/non-incremental/QF_LIA/20220307-SMPT/FMS-PT-00100/RC-00.smt2,3.11347,220,94,成功
/pub/data/jiafq/iscas/Parser_Comparison/../benchmarks/part44/non-incremental/QF_LIA/20220307-SMPT/FMS-PT-00100/RC-01.smt2,3.0778,0,98,成功
/pub/data/jiafq/iscas/Parser_Comparison/../benchmarks/part44/non-incremental/QF_LIA/20220307-SMPT/FMS-PT-00100/RC-02.smt2,4.19998,0,99,成功
/pub/data/jiafq/iscas/Parser_Comparison/../benchmarks/part44/non-incremental/QF_LIA/20220307-SMPT/FMS-PT-00100/RC-03.smt2,3.2705,0,100,成功
/pub/data/jiafq/iscas/Parser_Comparison/../benchmarks/part44/non-incremental/QF_LIA/20220307-SMPT/FMS-PT-00100/RC-04.smt2,4.02114,224,94,成功
/pub/data/jiafq/iscas/Parser_Comparison/../benchmarks/part44/non-incremental/QF_LIA/20220307-SMPT/FMS-PT-00100/RC-05.smt2,5.18799,0,94,成功
/pub/data/jiafq/iscas/Parser_Comparison/../benchmarks/part44/non-incremental/QF_LIA/20220307-SMPT/FMS-PT-00100/RC-06.smt2,3.11969,0,101,成功
/pub/data/jiafq/iscas/Parser_Comparison/../benchmarks/part44/non-incremental/QF_LIA/20220307-SMPT/FMS-PT-00100/RC-07.smt2,4.98902,0,98,成功
/pub/data/jiafq/iscas/Parser_Comparison/../benchmarks/part44/non-incremental/QF_LIA/20220307-SMPT/FMS-PT-00100/RC-08.smt2,3.07617,0,94,成功
/pub/data/jiafq/iscas/Parser_Comparison/../benchmarks/part44/non-incremental/QF_LIA/20220307-SMPT/FMS-PT-00100/RC-09.smt2,4.04779,0,96,成功
/pub/data/jiafq/iscas/Parser_Comparison/../benchmarks/part44/non-incremental/QF_LIA/20220307-SMPT/FMS-PT-00100/RC-10.smt2,3.11907,0,94,成功
/pub/data/jiafq/iscas/Parser_Comparison/../benchmarks/part44/non-incremental/QF_LIA/20220307-SMPT/FMS-PT-00100/RC-11.smt2,3.11854,0,100,成功
/pub/data/jiafq/iscas/Parser_Comparison/../benchmarks/part44/non-incremental/QF_LIA/20220307-SMPT/FMS-PT-00100/RC-12.smt2,2.8773,0,94,成功
/pub/data/jiafq/iscas/Parser_Comparison/../benchmarks/part44/non-incremental/QF_LIA/20220307-SMPT/FMS-PT-00100/RC-14.smt2,3.1358,0,96,成功
/pub/data/jiafq/iscas/Parser_Comparison/../benchmarks/part44/non-incremental/QF_LIA/20220307-SMPT/FMS-PT-00100/RC-15.smt2,6.27345,0,94,成功
/pub/data/jiafq/iscas/Parser_Comparison/../benchmarks/part44/non-incremental/QF_LIA/20220307-SMPT/FMS-PT-00100/RF-00.smt2,4.44369,0,94,成功
/pub/data/jiafq/iscas/Parser_Comparison/../benchmarks/part44/non-incremental/QF_LIA/20220307-SMPT/FMS-PT-00100/RF-01.smt2,3.28373,0,94,成功
/pub/data/jiafq/iscas/Parser_Comparison/../benchmarks/part44/non-incremental/QF_LIA/20220307-SMPT/FMS-PT-00100/RF-02.smt2,3.9478,0,100,成功
/pub/data/jiafq/iscas/Parser_Comparison/../benchmarks/part44/non-incremental/QF_LIA/20220307-SMPT/FMS-PT-00100/RF-03.smt2,6.67917,0,102,成功
/pub/data/jiafq/iscas/Parser_Comparison/../benchmarks/part44/non-incremental/QF_LIA/20220307-SMPT/FMS-PT-00100/RF-04.smt2,3.5528,0,102,成功
/pub/data/jiafq/iscas/Parser_Comparison/../benchmarks/part44/non-incremental/QF_LIA/20220307-SMPT/FMS-PT-00100/RF-06.smt2,3.5706,0,110,成功
/pub/data/jiafq/iscas/Parser_Comparison/../benchmarks/part44/non-incremental/QF_LIA/20220307-SMPT/FMS-PT-00100/RF-07.smt2,6.30611,0,96,成功
/pub/data/jiafq/iscas/Parser_Comparison/../benchmarks/part44/non-incremental/QF_LIA/20220307-SMPT/FMS-PT-00100/RF-08.smt2,2.88924,0,94,成功
/pub/data/jiafq/iscas/Parser_Comparison/../benchmarks/part44/non-incremental/QF_LIA/20220307-SMPT/FMS-PT-00100/RF-09.smt2,3.00165,0,94,成功
/pub/data/jiafq/iscas/Parser_Comparison/../benchmarks/part44/non-incremental/QF_LIA/20220307-SMPT/FMS-PT-00100/RF-10.smt2,3.92228,0,104,成功
/pub/data/jiafq/iscas/Parser_Comparison/../benchmarks/part44/non-incremental/QF_LIA/20220307-SMPT/FMS-PT-00100/RF-11.smt2,3.13848,0,94,成功
/pub/data/jiafq/iscas/Parser_Comparison/../benchmarks/part44/non-incremental/QF_LIA/20220307-SMPT/FMS-PT-00100/RF-12.smt2,3.83199,0,112,成功
/pub/data/jiafq/iscas/Parser_Comparison/../benchmarks/part44/non-incremental/QF_LIA/20220307-SMPT/FMS-PT-00100/RF-13.smt2,4.41185,228,110,成功
/pub/data/jiafq/iscas/Parser_Comparison/../benchmarks/part44/non-incremental/QF_LIA/20220307-SMPT/FMS-PT-00100/RF-14.smt2,3.30942,0,101,成功
/pub/data/jiafq/iscas/Parser_Comparison/../benchmarks/part44/non-incremental/QF_LIA/20220307-SMPT/FMS-PT-00100/RF-15.smt2,3.81947,0,117,成功
/pub/data/jiafq/iscas/Parser_Comparison/../benchmarks/part44/non-incremental/QF_LIA/20220307-SMPT/FMS-PT-00200/RC-00.smt2,3.028,0,94,成功
/pub/data/jiafq/iscas/Parser_Comparison/../benchmarks/part44/non-incremental/QF_LIA/20220307-SMPT/FMS-PT-00200/RC-01.smt2,3.04079,0,96,成功
/pub/data/jiafq/iscas/Parser_Comparison/../benchmarks/part44/non-incremental/QF_LIA/20220307-SMPT/FMS-PT-00200/RC-02.smt2,3.72969,0,100,成功
/pub/data/jiafq/iscas/Parser_Comparison/../benchmarks/part44/non-incremental/QF_LIA/20220307-SMPT/FMS-PT-00200/RC-03.smt2,3.16041,0,94,成功
/pub/data/jiafq/iscas/Parser_Comparison/../benchmarks/part44/non-incremental/QF_LIA/20220307-SMPT/FMS-PT-00200/RC-04.smt2,3.13594,0,94,成功
/pub/data/jiafq/iscas/Parser_Comparison/../benchmarks/part44/non-incremental/QF_LIA/20220307-SMPT/FMS-PT-00200/RC-05.smt2,3.75266,0,94,成功
/pub/data/jiafq/iscas/Parser_Comparison/../benchmarks/part44/non-incremental/QF_LIA/20220307-SMPT/FMS-PT-00200/RC-06.smt2,4.07029,0,99,成功
/pub/data/jiafq/iscas/Parser_Comparison/../benchmarks/part44/non-incremental/QF_LIA/20220307-SMPT/FMS-PT-00200/RC-07.smt2,4.2565,0,96,成功
/pub/data/jiafq/iscas/Parser_Comparison/../benchmarks/part44/non-incremental/QF_LIA/20220307-SMPT/FMS-PT-00200/RC-08.smt2,3.0884,0,94,成功
/pub/data/jiafq/iscas/Parser_Comparison/../benchmarks/part44/non-incremental/QF_LIA/20220307-SMPT/FMS-PT-00200/RC-09.smt2,3.45169,0,98,成功
/pub/data/jiafq/iscas/Parser_Comparison/../benchmarks/part44/non-incremental/QF_LIA/20220307-SMPT/FMS-PT-00200/RC-10.smt2,4.16245,0,103,成功
/pub/data/jiafq/iscas/Parser_Comparison/../benchmarks/part44/non-incremental/QF_LIA/20220307-SMPT/FMS-PT-00200/RC-11.smt2,3.09547,0,97,成功
/pub/data/jiafq/iscas/Parser_Comparison/../benchmarks/part44/non-incremental/QF_LIA/20220307-SMPT/FMS-PT-00200/RC-12.smt2,3.3333,0,97,成功
/pub/data/jiafq/iscas/Parser_Comparison/../benchmarks/part44/non-incremental/QF_LIA/20220307-SMPT/FMS-PT-00200/RC-13.smt2,7.18145,0,101,成功
/pub/data/jiafq/iscas/Parser_Comparison/../benchmarks/part44/non-incremental/QF_LIA/20220307-SMPT/FMS-PT-00200/RC-14.smt2,3.91829,0,96,成功
/pub/data/jiafq/iscas/Parser_Comparison/../benchmarks/part44/non-incremental/QF_LIA/20220307-SMPT/FMS-PT-00200/RC-15.smt2,3.87123,0,104,成功
/pub/data/jiafq/iscas/Parser_Comparison/../benchmarks/part44/non-incremental/QF_LIA/20220307-SMPT/FMS-PT-00200/RF-00.smt2,3.08484,0,94,成功
/pub/data/jiafq/iscas/Parser_Comparison/../benchmarks/part44/non-incremental/QF_LIA/20220307-SMPT/FMS-PT-00200/RF-01.smt2,5.68942,0,97,成功
/pub/data/jiafq/iscas/Parser_Comparison/../benchmarks/part44/non-incremental/QF_LIA/20220307-SMPT/FMS-PT-00200/RF-02.smt2,3.11907,0,94,成功
/pub/data/jiafq/iscas/Parser_Comparison/../benchmarks/part44/non-incremental/QF_LIA/20220307-SMPT/FMS-PT-00200/RF-03.smt2,5.09432,0,107,成功
/pub/data/jiafq/iscas/Parser_Comparison/../benchmarks/part44/non-incremental/QF_LIA/20220307-SMPT/FMS-PT-00200/RF-04.smt2,3.03413,0,94,成功
/pub/data/jiafq/iscas/Parser_Comparison/../benchmarks/part44/non-incremental/QF_LIA/20220307-SMPT/FMS-PT-00200/RF-05.smt2,3.29955,0,94,成功
/pub/data/jiafq/iscas/Parser_Comparison/../benchmarks/part44/non-incremental/QF_LIA/20220307-SMPT/FMS-PT-00200/RF-06.smt2,6.22376,0,96,成功
/pub/data/jiafq/iscas/Parser_Comparison/../benchmarks/part44/non-incremental/QF_LIA/20220307-SMPT/FMS-PT-00200/RF-07.smt2,3.65525,0,94,成功
/pub/data/jiafq/iscas/Parser_Comparison/../benchmarks/part44/non-incremental/QF_LIA/20220307-SMPT/FMS-PT-00200/RF-08.smt2,4.71075,0,110,成功
/pub/data/jiafq/iscas/Parser_Comparison/../benchmarks/part44/non-incremental/QF_LIA/20220307-SMPT/FMS-PT-00200/RF-09.smt2,3.36854,0,105,成功
/pub/data/jiafq/iscas/Parser_Comparison/../benchmarks/part44/non-incremental/QF_LIA/20220307-SMPT/FMS-PT-00200/RF-10.smt2,3.56466,0,113,成功
/pub/data/jiafq/iscas/Parser_Comparison/../benchmarks/part44/non-incremental/QF_LIA/20220307-SMPT/FMS-PT-00200/RF-11.smt2,3.23414,0,108,成功
/pub/data/jiafq/iscas/Parser_Comparison/../benchmarks/part44/non-incremental/QF_LIA/20220307-SMPT/FMS-PT-00200/RF-12.smt2,3.9922,0,110,成功
/pub/data/jiafq/iscas/Parser_Comparison/../benchmarks/part44/non-incremental/QF_LIA/20220307-SMPT/FMS-PT-00200/RF-14.smt2,3.37832,0,97,成功
/pub/data/jiafq/iscas/Parser_Comparison/../benchmarks/part44/non-incremental/QF_LIA/20220307-SMPT/FMS-PT-00200/RF-15.smt2,3.72956,0,117,成功
/pub/data/jiafq/iscas/Parser_Comparison/../benchmarks/part44/non-incremental/QF_LIA/20220307-SMPT/FMS-PT-00500/RC-00.smt2,3.79959,0,94,成功
/pub/data/jiafq/iscas/Parser_Comparison/../benchmarks/part44/non-incremental/QF_LIA/20220307-SMPT/FMS-PT-00500/RC-01.smt2,3.04624,0,99,成功
/pub/data/jiafq/iscas/Parser_Comparison/../benchmarks/part44/non-incremental/QF_LIA/20220307-SMPT/FMS-PT-00500/RC-02.smt2,3.19492,0,94,成功
/pub/data/jiafq/iscas/Parser_Comparison/../benchmarks/part44/non-incremental/QF_LIA/20220307-SMPT/FMS-PT-00500/RC-03.smt2,3.27071,0,104,成功
/pub/data/jiafq/iscas/Parser_Comparison/../benchmarks/part44/non-incremental/QF_LIA/20220307-SMPT/FMS-PT-00500/RC-05.smt2,4.02009,0,101,成功
/pub/data/jiafq/iscas/Parser_Comparison/../benchmarks/part44/non-incremental/QF_LIA/20220307-SMPT/FMS-PT-00500/RC-06.smt2,4.2188,0,94,成功
/pub/data/jiafq/iscas/Parser_Comparison/../benchmarks/part44/non-incremental/QF_LIA/20220307-SMPT/FMS-PT-00500/RC-07.smt2,4.43714,0,97,成功
/pub/data/jiafq/iscas/Parser_Comparison/../benchmarks/part44/non-incremental/QF_LIA/20220307-SMPT/FMS-PT-00500/RC-08.smt2,2.9777,0,94,成功
/pub/data/jiafq/iscas/Parser_Comparison/../benchmarks/part44/non-incremental/QF_LIA/20220307-SMPT/FMS-PT-00500/RC-09.smt2,3.73186,0,94,成功
/pub/data/jiafq/iscas/Parser_Comparison/../benchmarks/part44/non-incremental/QF_LIA/20220307-SMPT/FMS-PT-00500/RC-10.smt2,3.90612,0,107,成功
/pub/data/jiafq/iscas/Parser_Comparison/../benchmarks/part44/non-incremental/QF_LIA/20220307-SMPT/FMS-PT-00500/RC-11.smt2,4.32584,0,108,成功
/pub/data/jiafq/iscas/Parser_Comparison/../benchmarks/part44/non-incremental/QF_LIA/20220307-SMPT/FMS-PT-00500/RC-12.smt2,3.93621,0,94,成功
/pub/data/jiafq/iscas/Parser_Comparison/../benchmarks/part44/non-incremental/QF_LIA/20220307-SMPT/FMS-PT-00500/RC-13.smt2,3.14466,0,99,成功
/pub/data/jiafq/iscas/Parser_Comparison/../benchmarks/part44/non-incremental/QF_LIA/20220307-SMPT/FMS-PT-00500/RC-14.smt2,3.01976,0,96,成功
/pub/data/jiafq/iscas/Parser_Comparison/../benchmarks/part44/non-incremental/QF_LIA/20220307-SMPT/FMS-PT-00500/RC-15.smt2,4.63067,0,101,成功
/pub/data/jiafq/iscas/Parser_Comparison/../benchmarks/part44/non-incremental/QF_LIA/20220307-SMPT/FMS-PT-00500/RF-00.smt2,3.19149,0,96,成功
/pub/data/jiafq/iscas/Parser_Comparison/../benchmarks/part44/non-incremental/QF_LIA/20220307-SMPT/FMS-PT-00500/RF-01.smt2,5.57179,0,100,成功
/pub/data/jiafq/iscas/Parser_Comparison/../benchmarks/part44/non-incremental/QF_LIA/20220307-SMPT/FMS-PT-00500/RF-02.smt2,5.3119,0,117,成功
/pub/data/jiafq/iscas/Parser_Comparison/../benchmarks/part44/non-incremental/QF_LIA/20220307-SMPT/FMS-PT-00500/RF-03.smt2,3.22467,0,99,成功
/pub/data/jiafq/iscas/Parser_Comparison/../benchmarks/part44/non-incremental/QF_LIA/20220307-SMPT/FMS-PT-00500/RF-04.smt2,2.90156,0,94,成功
/pub/data/jiafq/iscas/Parser_Comparison/../benchmarks/part44/non-incremental/QF_LIA/20220307-SMPT/FMS-PT-00500/RF-06.smt2,4.80119,0,103,成功
/pub/data/jiafq/iscas/Parser_Comparison/../benchmarks/part44/non-incremental/QF_LIA/20220307-SMPT/FMS-PT-00500/RF-07.smt2,3.57228,0,117,成功
/pub/data/jiafq/iscas/Parser_Comparison/../benchmarks/part44/non-incremental/QF_LIA/20220307-SMPT/FMS-PT-00500/RF-08.smt2,3.2653,0,101,成功
/pub/data/jiafq/iscas/Parser_Comparison/../benchmarks/part44/non-incremental/QF_LIA/20220307-SMPT/FMS-PT-00500/RF-09.smt2,3.67146,0,109,成功
/pub/data/jiafq/iscas/Parser_Comparison/../benchmarks/part44/non-incremental/QF_LIA/20220307-SMPT/FMS-PT-00500/RF-10.smt2,3.11174,0,102,成功
/pub/data/jiafq/iscas/Parser_Comparison/../benchmarks/part44/non-incremental/QF_LIA/20220307-SMPT/FMS-PT-00500/RF-11.smt2,4.27566,0,94,成功
/pub/data/jiafq/iscas/Parser_Comparison/../benchmarks/part44/non-incremental/QF_LIA/20220307-SMPT/FMS-PT-00500/RF-13.smt2,4.32091,0,119,成功
/pub/data/jiafq/iscas/Parser_Comparison/../benchmarks/part44/non-incremental/QF_LIA/20220307-SMPT/FMS-PT-00500/RF-14.smt2,3.34157,0,103,成功
/pub/data/jiafq/iscas/Parser_Comparison/../benchmarks/part44/non-incremental/QF_LIA/20220307-SMPT/FMS-PT-01000/RC-00.smt2,6.67308,0,100,成功
/pub/data/jiafq/iscas/Parser_Comparison/../benchmarks/part44/non-incremental/QF_LIA/20220307-SMPT/FMS-PT-01000/RC-01.smt2,4.37991,0,99,成功
/pub/data/jiafq/iscas/Parser_Comparison/../benchmarks/part44/non-incremental/QF_LIA/20220307-SMPT/FMS-PT-01000/RC-02.smt2,3.27295,0,102,成功
/pub/data/jiafq/iscas/Parser_Comparison/../benchmarks/part44/non-incremental/QF_LIA/20220307-SMPT/FMS-PT-01000/RC-03.smt2,6.52059,0,102,成功
/pub/data/jiafq/iscas/Parser_Comparison/../benchmarks/part44/non-incremental/QF_LIA/20220307-SMPT/FMS-PT-01000/RC-04.smt2,4.19707,0,100,成功
/pub/data/jiafq/iscas/Parser_Comparison/../benchmarks/part44/non-incremental/QF_LIA/20220307-SMPT/FMS-PT-01000/RC-05.smt2,3.11678,0,94,成功
/pub/data/jiafq/iscas/Parser_Comparison/../benchmarks/part44/non-incremental/QF_LIA/20220307-SMPT/FMS-PT-01000/RC-06.smt2,4.01742,0,97,成功
/pub/data/jiafq/iscas/Parser_Comparison/../benchmarks/part44/non-incremental/QF_LIA/20220307-SMPT/FMS-PT-01000/RC-07.smt2,3.30265,0,94,成功
/pub/data/jiafq/iscas/Parser_Comparison/../benchmarks/part44/non-incremental/QF_LIA/20220307-SMPT/FMS-PT-01000/RC-08.smt2,4.07123,0,101,成功
/pub/data/jiafq/iscas/Parser_Comparison/../benchmarks/part44/non-incremental/QF_LIA/20220307-SMPT/FMS-PT-01000/RC-09.smt2,5.74364,0,103,成功
/pub/data/jiafq/iscas/Parser_Comparison/../benchmarks/part44/non-incremental/QF_LIA/20220307-SMPT/FMS-PT-01000/RC-10.smt2,5.67765,0,103,成功
/pub/data/jiafq/iscas/Parser_Comparison/../benchmarks/part44/non-incremental/QF_LIA/20220307-SMPT/FMS-PT-01000/RC-11.smt2,3.05022,236,94,成功
/pub/data/jiafq/iscas/Parser_Comparison/../benchmarks/part44/non-incremental/QF_LIA/20220307-SMPT/FMS-PT-01000/RC-12.smt2,5.64821,0,104,成功
/pub/data/jiafq/iscas/Parser_Comparison/../benchmarks/part44/non-incremental/QF_LIA/20220307-SMPT/FMS-PT-01000/RC-13.smt2,3.08986,0,96,成功
/pub/data/jiafq/iscas/Parser_Comparison/../benchmarks/part44/non-incremental/QF_LIA/20220307-SMPT/FMS-PT-01000/RC-14.smt2,6.28874,0,94,成功
/pub/data/jiafq/iscas/Parser_Comparison/../benchmarks/part44/non-incremental/QF_LIA/20220307-SMPT/FMS-PT-01000/RC-15.smt2,3.51897,0,94,成功
/pub/data/jiafq/iscas/Parser_Comparison/../benchmarks/part44/non-incremental/QF_LIA/20220307-SMPT/FMS-PT-01000/RF-00.smt2,2.96474,0,96,成功
/pub/data/jiafq/iscas/Parser_Comparison/../benchmarks/part44/non-incremental/QF_LIA/20220307-SMPT/FMS-PT-01000/RF-01.smt2,3.11876,0,94,成功
/pub/data/jiafq/iscas/Parser_Comparison/../benchmarks/part44/non-incremental/QF_LIA/20220307-SMPT/FMS-PT-01000/RF-02.smt2,3.52682,0,107,成功
/pub/data/jiafq/iscas/Parser_Comparison/../benchmarks/part44/non-incremental/QF_LIA/20220307-SMPT/FMS-PT-01000/RF-03.smt2,3.30653,0,104,成功
/pub/data/jiafq/iscas/Parser_Comparison/../benchmarks/part44/non-incremental/QF_LIA/20220307-SMPT/FMS-PT-01000/RF-04.smt2,3.97764,0,96,成功
/pub/data/jiafq/iscas/Parser_Comparison/../benchmarks/part44/non-incremental/QF_LIA/20220307-SMPT/FMS-PT-01000/RF-05.smt2,2.95127,0,94,成功
/pub/data/jiafq/iscas/Parser_Comparison/../benchmarks/part44/non-incremental/QF_LIA/20220307-SMPT/FMS-PT-01000/RF-06.smt2,2.93801,0,97,成功
/pub/data/jiafq/iscas/Parser_Comparison/../benchmarks/part44/non-incremental/QF_LIA/20220307-SMPT/FMS-PT-01000/RF-07.smt2,3.5447,220,98,成功
/pub/data/jiafq/iscas/Parser_Comparison/../benchmarks/part44/non-incremental/QF_LIA/20220307-SMPT/FMS-PT-01000/RF-08.smt2,3.67244,0,120,成功
/pub/data/jiafq/iscas/Parser_Comparison/../benchmarks/part44/non-incremental/QF_LIA/20220307-SMPT/FMS-PT-01000/RF-09.smt2,3.22352,248,104,成功
/pub/data/jiafq/iscas/Parser_Comparison/../benchmarks/part44/non-incremental/QF_LIA/20220307-SMPT/FMS-PT-01000/RF-10.smt2,3.42527,0,105,成功
/pub/data/jiafq/iscas/Parser_Comparison/../benchmarks/part44/non-incremental/QF_LIA/20220307-SMPT/FMS-PT-01000/RF-11.smt2,3.55008,224,106,成功
/pub/data/jiafq/iscas/Parser_Comparison/../benchmarks/part44/non-incremental/QF_LIA/20220307-SMPT/FMS-PT-01000/RF-12.smt2,3.90022,224,111,成功
/pub/data/jiafq/iscas/Parser_Comparison/../benchmarks/part44/non-incremental/QF_LIA/20220307-SMPT/FMS-PT-01000/RF-13.smt2,3.34689,0,96,成功
/pub/data/jiafq/iscas/Parser_Comparison/../benchmarks/part44/non-incremental/QF_LIA/20220307-SMPT/FMS-PT-01000/RF-14.smt2,3.4805,0,99,成功
/pub/data/jiafq/iscas/Parser_Comparison/../benchmarks/part44/non-incremental/QF_LIA/20220307-SMPT/FMS-PT-01000/RF-15.smt2,6.00034,0,116,成功
/pub/data/jiafq/iscas/Parser_Comparison/../benchmarks/part44/non-incremental/QF_LIA/20220307-SMPT/FMS-PT-02000/RC-00.smt2,6.18002,0,94,成功
/pub/data/jiafq/iscas/Parser_Comparison/../benchmarks/part44/non-incremental/QF_LIA/20220307-SMPT/FMS-PT-02000/RC-01.smt2,3.02436,0,94,成功
/pub/data/jiafq/iscas/Parser_Comparison/../benchmarks/part44/non-incremental/QF_LIA/20220307-SMPT/FMS-PT-02000/RC-02.smt2,4.04662,0,101,成功
/pub/data/jiafq/iscas/Parser_Comparison/../benchmarks/part44/non-incremental/QF_LIA/20220307-SMPT/FMS-PT-02000/RC-03.smt2,3.59877,0,100,成功
/pub/data/jiafq/iscas/Parser_Comparison/../benchmarks/part44/non-incremental/QF_LIA/20220307-SMPT/FMS-PT-02000/RC-04.smt2,3.49277,0,94,成功
/pub/data/jiafq/iscas/Parser_Comparison/../benchmarks/part44/non-incremental/QF_LIA/20220307-SMPT/FMS-PT-02000/RC-05.smt2,3.51729,0,106,成功
/pub/data/jiafq/iscas/Parser_Comparison/../benchmarks/part44/non-incremental/QF_LIA/20220307-SMPT/FMS-PT-02000/RC-06.smt2,3.73502,0,96,成功
/pub/data/jiafq/iscas/Parser_Comparison/../benchmarks/part44/non-incremental/QF_LIA/20220307-SMPT/FMS-PT-02000/RC-07.smt2,3.20144,0,103,成功
/pub/data/jiafq/iscas/Parser_Comparison/../benchmarks/part44/non-incremental/QF_LIA/20220307-SMPT/FMS-PT-02000/RC-08.smt2,3.45732,0,104,成功
/pub/data/jiafq/iscas/Parser_Comparison/../benchmarks/part44/non-incremental/QF_LIA/20220307-SMPT/FMS-PT-02000/RC-09.smt2,3.29013,228,96,成功
/pub/data/jiafq/iscas/Parser_Comparison/../benchmarks/part44/non-incremental/QF_LIA/20220307-SMPT/FMS-PT-02000/RC-10.smt2,3.41457,0,101,成功
/pub/data/jiafq/iscas/Parser_Comparison/../benchmarks/part44/non-incremental/QF_LIA/20220307-SMPT/FMS-PT-02000/RC-11.smt2,4.42686,224,106,成功
/pub/data/jiafq/iscas/Parser_Comparison/../benchmarks/part44/non-incremental/QF_LIA/20220307-SMPT/FMS-PT-02000/RC-12.smt2,3.05011,0,94,成功
/pub/data/jiafq/iscas/Parser_Comparison/../benchmarks/part44/non-incremental/QF_LIA/20220307-SMPT/FMS-PT-02000/RC-13.smt2,6.74808,0,102,成功
/pub/data/jiafq/iscas/Parser_Comparison/../benchmarks/part44/non-incremental/QF_LIA/20220307-SMPT/FMS-PT-02000/RC-14.smt2,5.08206,0,97,成功
/pub/data/jiafq/iscas/Parser_Comparison/../benchmarks/part44/non-incremental/QF_LIA/20220307-SMPT/FMS-PT-02000/RC-15.smt2,3.12911,0,100,成功
/pub/data/jiafq/iscas/Parser_Comparison/../benchmarks/part44/non-incremental/QF_LIA/20220307-SMPT/FMS-PT-02000/RF-00.smt2,3.54162,0,103,成功
/pub/data/jiafq/iscas/Parser_Comparison/../benchmarks/part44/non-incremental/QF_LIA/20220307-SMPT/FMS-PT-02000/RF-01.smt2,3.46495,0,94,成功
/pub/data/jiafq/iscas/Parser_Comparison/../benchmarks/part44/non-incremental/QF_LIA/20220307-SMPT/FMS-PT-02000/RF-02.smt2,6.4654,0,99,成功
/pub/data/jiafq/iscas/Parser_Comparison/../benchmarks/part44/non-incremental/QF_LIA/20220307-SMPT/FMS-PT-02000/RF-03.smt2,3.42864,0,109,成功
/pub/data/jiafq/iscas/Parser_Comparison/../benchmarks/part44/non-incremental/QF_LIA/20220307-SMPT/FMS-PT-02000/RF-04.smt2,6.82006,0,98,成功
/pub/data/jiafq/iscas/Parser_Comparison/../benchmarks/part44/non-incremental/QF_LIA/20220307-SMPT/FMS-PT-02000/RF-05.smt2,4.32658,0,116,成功
/pub/data/jiafq/iscas/Parser_Comparison/../benchmarks/part44/non-incremental/QF_LIA/20220307-SMPT/FMS-PT-02000/RF-06.smt2,3.00007,0,94,成功
/pub/data/jiafq/iscas/Parser_Comparison/../benchmarks/part44/non-incremental/QF_LIA/20220307-SMPT/FMS-PT-02000/RF-07.smt2,3.00617,0,94,成功
/pub/data/jiafq/iscas/Parser_Comparison/../benchmarks/part44/non-incremental/QF_LIA/20220307-SMPT/FMS-PT-02000/RF-08.smt2,3.29653,0,104,成功
/pub/data/jiafq/iscas/Parser_Comparison/../benchmarks/part44/non-incremental/QF_LIA/20220307-SMPT/FMS-PT-02000/RF-09.smt2,4.04279,0,112,成功
/pub/data/jiafq/iscas/Parser_Comparison/../benchmarks/part44/non-incremental/QF_LIA/20220307-SMPT/FMS-PT-02000/RF-10.smt2,5.06371,0,94,成功
/pub/data/jiafq/iscas/Parser_Comparison/../benchmarks/part44/non-incremental/QF_LIA/20220307-SMPT/FMS-PT-02000/RF-11.smt2,3.4421,0,99,成功
/pub/data/jiafq/iscas/Parser_Comparison/../benchmarks/part44/non-incremental/QF_LIA/20220307-SMPT/FMS-PT-02000/RF-12.smt2,4.01389,0,101,成功
/pub/data/jiafq/iscas/Parser_Comparison/../benchmarks/part44/non-incremental/QF_LIA/20220307-SMPT/FMS-PT-02000/RF-13.smt2,7.26333,0,112,成功
/pub/data/jiafq/iscas/Parser_Comparison/../benchmarks/part44/non-incremental/QF_LIA/20220307-SMPT/FMS-PT-02000/RF-14.smt2,3.65436,0,108,成功
/pub/data/jiafq/iscas/Parser_Comparison/../benchmarks/part44/non-incremental/QF_LIA/20220307-SMPT/FMS-PT-02000/RF-15.smt2,3.2718,0,96,成功
/pub/data/jiafq/iscas/Parser_Comparison/../benchmarks/part44/non-incremental/QF_LIA/20220307-SMPT/FMS-PT-05000/RC-00.smt2,3.54232,0,102,成功
/pub/data/jiafq/iscas/Parser_Comparison/../benchmarks/part44/non-incremental/QF_LIA/20220307-SMPT/FMS-PT-05000/RC-01.smt2,3.1642,0,94,成功
/pub/data/jiafq/iscas/Parser_Comparison/../benchmarks/part44/non-incremental/QF_LIA/20220307-SMPT/FMS-PT-05000/RC-02.smt2,3.0034,0,94,成功
/pub/data/jiafq/iscas/Parser_Comparison/../benchmarks/part44/non-incremental/QF_LIA/20220307-SMPT/FMS-PT-05000/RC-03.smt2,5.75209,0,98,成功
/pub/data/jiafq/iscas/Parser_Comparison/../benchmarks/part44/non-incremental/QF_LIA/20220307-SMPT/FMS-PT-05000/RC-04.smt2,3.10549,0,101,成功
/pub/data/jiafq/iscas/Parser_Comparison/../benchmarks/part44/non-incremental/QF_LIA/20220307-SMPT/FMS-PT-05000/RC-05.smt2,4.38193,0,98,成功
/pub/data/jiafq/iscas/Parser_Comparison/../benchmarks/part44/non-incremental/QF_LIA/20220307-SMPT/FMS-PT-05000/RC-06.smt2,4.08068,0,102,成功
/pub/data/jiafq/iscas/Parser_Comparison/../benchmarks/part44/non-incremental/QF_LIA/20220307-SMPT/FMS-PT-05000/RC-07.smt2,2.99315,0,94,成功
/pub/data/jiafq/iscas/Parser_Comparison/../benchmarks/part44/non-incremental/QF_LIA/20220307-SMPT/FMS-PT-05000/RC-08.smt2,2.95612,0,94,成功
/pub/data/jiafq/iscas/Parser_Comparison/../benchmarks/part44/non-incremental/QF_LIA/20220307-SMPT/FMS-PT-05000/RC-09.smt2,2.88928,0,94,成功
/pub/data/jiafq/iscas/Parser_Comparison/../benchmarks/part44/non-incremental/QF_LIA/20220307-SMPT/FMS-PT-05000/RC-10.smt2,3.59981,0,94,成功
/pub/data/jiafq/iscas/Parser_Comparison/../benchmarks/part44/non-incremental/QF_LIA/20220307-SMPT/FMS-PT-05000/RC-11.smt2,7.30092,0,99,成功
/pub/data/jiafq/iscas/Parser_Comparison/../benchmarks/part44/non-incremental/QF_LIA/20220307-SMPT/FMS-PT-05000/RC-12.smt2,2.95561,0,94,成功
/pub/data/jiafq/iscas/Parser_Comparison/../benchmarks/part44/non-incremental/QF_LIA/20220307-SMPT/FMS-PT-05000/RC-13.smt2,3.32196,0,98,成功
/pub/data/jiafq/iscas/Parser_Comparison/../benchmarks/part44/non-incremental/QF_LIA/20220307-SMPT/FMS-PT-05000/RC-14.smt2,6.18019,0,94,成功
/pub/data/jiafq/iscas/Parser_Comparison/../benchmarks/part44/non-incremental/QF_LIA/20220307-SMPT/FMS-PT-05000/RC-15.smt2,6.98668,0,104,成功
/pub/data/jiafq/iscas/Parser_Comparison/../benchmarks/part44/non-incremental/QF_LIA/20220307-SMPT/FMS-PT-05000/RF-00.smt2,3.829,0,109,成功
/pub/data/jiafq/iscas/Parser_Comparison/../benchmarks/part44/non-incremental/QF_LIA/20220307-SMPT/FMS-PT-05000/RF-01.smt2,7.2357,224,113,成功
/pub/data/jiafq/iscas/Parser_Comparison/../benchmarks/part44/non-incremental/QF_LIA/20220307-SMPT/FMS-PT-05000/RF-02.smt2,3.12206,0,99,成功
/pub/data/jiafq/iscas/Parser_Comparison/../benchmarks/part44/non-incremental/QF_LIA/20220307-SMPT/FMS-PT-05000/RF-03.smt2,4.64331,0,110,成功
/pub/data/jiafq/iscas/Parser_Comparison/../benchmarks/part44/non-incremental/QF_LIA/20220307-SMPT/FMS-PT-05000/RF-04.smt2,5.63292,0,98,成功
/pub/data/jiafq/iscas/Parser_Comparison/../benchmarks/part44/non-incremental/QF_LIA/20220307-SMPT/FMS-PT-05000/RF-05.smt2,4.12745,0,111,成功
/pub/data/jiafq/iscas/Parser_Comparison/../benchmarks/part44/non-incremental/QF_LIA/20220307-SMPT/FMS-PT-05000/RF-06.smt2,4.0077,0,99,成功
/pub/data/jiafq/iscas/Parser_Comparison/../benchmarks/part44/non-incremental/QF_LIA/20220307-SMPT/FMS-PT-05000/RF-07.smt2,3.68408,0,105,成功
/pub/data/jiafq/iscas/Parser_Comparison/../benchmarks/part44/non-incremental/QF_LIA/20220307-SMPT/FMS-PT-05000/RF-08.smt2,3.77822,0,94,成功
/pub/data/jiafq/iscas/Parser_Comparison/../benchmarks/part44/non-incremental/QF_LIA/20220307-SMPT/FMS-PT-05000/RF-09.smt2,7.26962,0,109,成功
/pub/data/jiafq/iscas/Parser_Comparison/../benchmarks/part44/non-incremental/QF_LIA/20220307-SMPT/FMS-PT-05000/RF-10.smt2,3.42197,0,101,成功
/pub/data/jiafq/iscas/Parser_Comparison/../benchmarks/part44/non-incremental/QF_LIA/20220307-SMPT/FMS-PT-05000/RF-11.smt2,3.15197,0,104,成功
/pub/data/jiafq/iscas/Parser_Comparison/../benchmarks/part44/non-incremental/QF_LIA/20220307-SMPT/FMS-PT-05000/RF-12.smt2,5.08001,0,108,成功
/pub/data/jiafq/iscas/Parser_Comparison/../benchmarks/part44/non-incremental/QF_LIA/20220307-SMPT/FMS-PT-05000/RF-13.smt2,5.07498,0,94,成功
/pub/data/jiafq/iscas/Parser_Comparison/../benchmarks/part44/non-incremental/QF_LIA/20220307-SMPT/FMS-PT-05000/RF-14.smt2,3.11354,0,96,成功
/pub/data/jiafq/iscas/Parser_Comparison/../benchmarks/part44/non-incremental/QF_LIA/20220307-SMPT/FMS-PT-10000/RC-00.smt2,4.17291,0,105,成功
/pub/data/jiafq/iscas/Parser_Comparison/../benchmarks/part44/non-incremental/QF_LIA/20220307-SMPT/FMS-PT-10000/RC-01.smt2,3.95159,0,94,成功
/pub/data/jiafq/iscas/Parser_Comparison/../benchmarks/part44/non-incremental/QF_LIA/20220307-SMPT/FMS-PT-10000/RC-02.smt2,3.23391,0,106,成功
/pub/data/jiafq/iscas/Parser_Comparison/../benchmarks/part44/non-incremental/QF_LIA/20220307-SMPT/FMS-PT-10000/RC-03.smt2,3.1879,0,96,成功
/pub/data/jiafq/iscas/Parser_Comparison/../benchmarks/part44/non-incremental/QF_LIA/20220307-SMPT/FMS-PT-10000/RC-04.smt2,2.9152,0,94,成功
/pub/data/jiafq/iscas/Parser_Comparison/../benchmarks/part44/non-incremental/QF_LIA/20220307-SMPT/FMS-PT-10000/RC-05.smt2,4.18972,0,103,成功
/pub/data/jiafq/iscas/Parser_Comparison/../benchmarks/part44/non-incremental/QF_LIA/20220307-SMPT/FMS-PT-10000/RC-06.smt2,3.23534,0,104,成功
/pub/data/jiafq/iscas/Parser_Comparison/../benchmarks/part44/non-incremental/QF_LIA/20220307-SMPT/FMS-PT-10000/RC-07.smt2,3.24352,0,94,成功
/pub/data/jiafq/iscas/Parser_Comparison/../benchmarks/part44/non-incremental/QF_LIA/20220307-SMPT/FMS-PT-10000/RC-08.smt2,3.26492,0,102,成功
/pub/data/jiafq/iscas/Parser_Comparison/../benchmarks/part44/non-incremental/QF_LIA/20220307-SMPT/FMS-PT-10000/RC-09.smt2,2.87349,0,94,成功
/pub/data/jiafq/iscas/Parser_Comparison/../benchmarks/part44/non-incremental/QF_LIA/20220307-SMPT/FMS-PT-10000/RC-10.smt2,3.64047,0,94,成功
/pub/data/jiafq/iscas/Parser_Comparison/../benchmarks/part44/non-incremental/QF_LIA/20220307-SMPT/FMS-PT-10000/RC-11.smt2,4.22444,0,99,成功
/pub/data/jiafq/iscas/Parser_Comparison/../benchmarks/part44/non-incremental/QF_LIA/20220307-SMPT/FMS-PT-10000/RC-12.smt2,3.31624,0,102,成功
/pub/data/jiafq/iscas/Parser_Comparison/../benchmarks/part44/non-incremental/QF_LIA/20220307-SMPT/FMS-PT-10000/RC-13.smt2,3.794,0,96,成功
/pub/data/jiafq/iscas/Parser_Comparison/../benchmarks/part44/non-incremental/QF_LIA/20220307-SMPT/FMS-PT-10000/RC-14.smt2,2.89416,0,94,成功
/pub/data/jiafq/iscas/Parser_Comparison/../benchmarks/part44/non-incremental/QF_LIA/20220307-SMPT/FMS-PT-10000/RC-15.smt2,3.31693,0,94,成功
/pub/data/jiafq/iscas/Parser_Comparison/../benchmarks/part44/non-incremental/QF_LIA/20220307-SMPT/FMS-PT-10000/RF-00.smt2,3.07817,0,94,成功
/pub/data/jiafq/iscas/Parser_Comparison/../benchmarks/part44/non-incremental/QF_LIA/20220307-SMPT/FMS-PT-10000/RF-01.smt2,3.92494,0,99,成功
/pub/data/jiafq/iscas/Parser_Comparison/../benchmarks/part44/non-incremental/QF_LIA/20220307-SMPT/FMS-PT-10000/RF-02.smt2,6.03126,0,96,成功
/pub/data/jiafq/iscas/Parser_Comparison/../benchmarks/part44/non-incremental/QF_LIA/20220307-SMPT/FMS-PT-10000/RF-03.smt2,4.25349,0,115,成功
/pub/data/jiafq/iscas/Parser_Comparison/../benchmarks/part44/non-incremental/QF_LIA/20220307-SMPT/FMS-PT-10000/RF-04.smt2,6.92126,0,118,成功
/pub/data/jiafq/iscas/Parser_Comparison/../benchmarks/part44/non-incremental/QF_LIA/20220307-SMPT/FMS-PT-10000/RF-05.smt2,4.53304,0,94,成功
/pub/data/jiafq/iscas/Parser_Comparison/../benchmarks/part44/non-incremental/QF_LIA/20220307-SMPT/FMS-PT-10000/RF-06.smt2,4.38913,0,105,成功
/pub/data/jiafq/iscas/Parser_Comparison/../benchmarks/part44/non-incremental/QF_LIA/20220307-SMPT/FMS-PT-10000/RF-07.smt2,4.33257,228,118,成功
/pub/data/jiafq/iscas/Parser_Comparison/../benchmarks/part44/non-incremental/QF_LIA/20220307-SMPT/FMS-PT-10000/RF-08.smt2,3.45191,0,99,成功
/pub/data/jiafq/iscas/Parser_Comparison/../benchmarks/part44/non-incremental/QF_LIA/20220307-SMPT/FMS-PT-10000/RF-09.smt2,3.23595,224,102,成功
/pub/data/jiafq/iscas/Parser_Comparison/../benchmarks/part44/non-incremental/QF_LIA/20220307-SMPT/FMS-PT-10000/RF-10.smt2,3.86766,0,109,成功
/pub/data/jiafq/iscas/Parser_Comparison/../benchmarks/part44/non-incremental/QF_LIA/20220307-SMPT/FMS-PT-10000/RF-11.smt2,3.48543,0,109,成功
/pub/data/jiafq/iscas/Parser_Comparison/../benchmarks/part44/non-incremental/QF_LIA/20220307-SMPT/FMS-PT-10000/RF-12.smt2,3.07801,0,101,成功
/pub/data/jiafq/iscas/Parser_Comparison/../benchmarks/part44/non-incremental/QF_LIA/20220307-SMPT/FMS-PT-10000/RF-13.smt2,4.61468,0,94,成功
/pub/data/jiafq/iscas/Parser_Comparison/../benchmarks/part44/non-incremental/QF_LIA/20220307-SMPT/FMS-PT-10000/RF-14.smt2,3.70177,0,102,成功
/pub/data/jiafq/iscas/Parser_Comparison/../benchmarks/part44/non-incremental/QF_LIA/20220307-SMPT/FMS-PT-10000/RF-15.smt2,3.92329,0,101,成功
/pub/data/jiafq/iscas/Parser_Comparison/../benchmarks/part44/non-incremental/QF_LIA/20220307-SMPT/FMS-PT-20000/RC-00.smt2,6.26708,0,96,成功
/pub/data/jiafq/iscas/Parser_Comparison/../benchmarks/part44/non-incremental/QF_LIA/20220307-SMPT/FMS-PT-20000/RC-01.smt2,3.0423,0,99,成功
/pub/data/jiafq/iscas/Parser_Comparison/../benchmarks/part44/non-incremental/QF_LIA/20220307-SMPT/FMS-PT-20000/RC-02.smt2,6.51109,0,98,成功
/pub/data/jiafq/iscas/Parser_Comparison/../benchmarks/part44/non-incremental/QF_LIA/20220307-SMPT/FMS-PT-20000/RC-03.smt2,3.0633,0,94,成功
/pub/data/jiafq/iscas/Parser_Comparison/../benchmarks/part44/non-incremental/QF_LIA/20220307-SMPT/FMS-PT-20000/RC-04.smt2,3.45442,0,99,成功
/pub/data/jiafq/iscas/Parser_Comparison/../benchmarks/part44/non-incremental/QF_LIA/20220307-SMPT/FMS-PT-20000/RC-05.smt2,3.07508,0,94,成功
/pub/data/jiafq/iscas/Parser_Comparison/../benchmarks/part44/non-incremental/QF_LIA/20220307-SMPT/FMS-PT-20000/RC-06.smt2,3.04784,0,94,成功
/pub/data/jiafq/iscas/Parser_Comparison/../benchmarks/part44/non-incremental/QF_LIA/20220307-SMPT/FMS-PT-20000/RC-07.smt2,6.04246,0,94,成功
/pub/data/jiafq/iscas/Parser_Comparison/../benchmarks/part44/non-incremental/QF_LIA/20220307-SMPT/FMS-PT-20000/RC-08.smt2,5.39728,0,96,成功
/pub/data/jiafq/iscas/Parser_Comparison/../benchmarks/part44/non-incremental/QF_LIA/20220307-SMPT/FMS-PT-20000/RC-09.smt2,3.91045,0,94,成功
/pub/data/jiafq/iscas/Parser_Comparison/../benchmarks/part44/non-incremental/QF_LIA/20220307-SMPT/FMS-PT-20000/RC-10.smt2,3.11469,0,99,成功
/pub/data/jiafq/iscas/Parser_Comparison/../benchmarks/part44/non-incremental/QF_LIA/20220307-SMPT/FMS-PT-20000/RC-11.smt2,5.69585,228,94,成功
/pub/data/jiafq/iscas/Parser_Comparison/../benchmarks/part44/non-incremental/QF_LIA/20220307-SMPT/FMS-PT-20000/RC-12.smt2,3.10926,0,94,成功
/pub/data/jiafq/iscas/Parser_Comparison/../benchmarks/part44/non-incremental/QF_LIA/20220307-SMPT/FMS-PT-20000/RC-14.smt2,3.26909,0,99,成功
/pub/data/jiafq/iscas/Parser_Comparison/../benchmarks/part44/non-incremental/QF_LIA/20220307-SMPT/FMS-PT-20000/RC-15.smt2,3.44979,0,94,成功
/pub/data/jiafq/iscas/Parser_Comparison/../benchmarks/part44/non-incremental/QF_LIA/20220307-SMPT/FMS-PT-20000/RF-00.smt2,3.56946,0,108,成功
/pub/data/jiafq/iscas/Parser_Comparison/../benchmarks/part44/non-incremental/QF_LIA/20220307-SMPT/FMS-PT-20000/RF-01.smt2,3.2427,228,101,成功
/pub/data/jiafq/iscas/Parser_Comparison/../benchmarks/part44/non-incremental/QF_LIA/20220307-SMPT/FMS-PT-20000/RF-02.smt2,2.98845,0,94,成功
/pub/data/jiafq/iscas/Parser_Comparison/../benchmarks/part44/non-incremental/QF_LIA/20220307-SMPT/FMS-PT-20000/RF-03.smt2,3.46674,0,105,成功
/pub/data/jiafq/iscas/Parser_Comparison/../benchmarks/part44/non-incremental/QF_LIA/20220307-SMPT/FMS-PT-20000/RF-04.smt2,3.43859,0,109,成功
/pub/data/jiafq/iscas/Parser_Comparison/../benchmarks/part44/non-incremental/QF_LIA/20220307-SMPT/FMS-PT-20000/RF-05.smt2,3.70155,0,102,成功
/pub/data/jiafq/iscas/Parser_Comparison/../benchmarks/part44/non-incremental/QF_LIA/20220307-SMPT/FMS-PT-20000/RF-06.smt2,3.29204,0,96,成功
/pub/data/jiafq/iscas/Parser_Comparison/../benchmarks/part44/non-incremental/QF_LIA/20220307-SMPT/FMS-PT-20000/RF-07.smt2,3.46192,0,103,成功
/pub/data/jiafq/iscas/Parser_Comparison/../benchmarks/part44/non-incremental/QF_LIA/20220307-SMPT/FMS-PT-20000/RF-08.smt2,3.58706,0,106,成功
/pub/data/jiafq/iscas/Parser_Comparison/../benchmarks/part44/non-incremental/QF_LIA/20220307-SMPT/FMS-PT-20000/RF-09.smt2,3.4914,0,106,成功
/pub/data/jiafq/iscas/Parser_Comparison/../benchmarks/part44/non-incremental/QF_LIA/20220307-SMPT/FMS-PT-20000/RF-10.smt2,3.20083,0,94,成功
/pub/data/jiafq/iscas/Parser_Comparison/../benchmarks/part44/non-incremental/QF_LIA/20220307-SMPT/FMS-PT-20000/RF-11.smt2,3.57117,0,107,成功
/pub/data/jiafq/iscas/Parser_Comparison/../benchmarks/part44/non-incremental/QF_LIA/20220307-SMPT/FMS-PT-20000/RF-12.smt2,3.67649,0,116,成功
/pub/data/jiafq/iscas/Parser_Comparison/../benchmarks/part44/non-incremental/QF_LIA/20220307-SMPT/FMS-PT-20000/RF-13.smt2,3.13912,0,100,成功
/pub/data/jiafq/iscas/Parser_Comparison/../benchmarks/part44/non-incremental/QF_LIA/20220307-SMPT/FMS-PT-20000/RF-14.smt2,3.94199,0,114,成功
/pub/data/jiafq/iscas/Parser_Comparison/../benchmarks/part44/non-incremental/QF_LIA/20220307-SMPT/FMS-PT-20000/RF-15.smt2,3.27743,0,97,成功
/pub/data/jiafq/iscas/Parser_Comparison/../benchmarks/part44/non-incremental/QF_LIA/20220307-SMPT/FMS-PT-50000/RC-00.smt2,2.97167,0,94,成功
/pub/data/jiafq/iscas/Parser_Comparison/../benchmarks/part44/non-incremental/QF_LIA/20220307-SMPT/FMS-PT-50000/RC-01.smt2,5.4965,216,94,成功
/pub/data/jiafq/iscas/Parser_Comparison/../benchmarks/part44/non-incremental/QF_LIA/20220307-SMPT/FMS-PT-50000/RC-02.smt2,4.42877,0,94,成功
/pub/data/jiafq/iscas/Parser_Comparison/../benchmarks/part44/non-incremental/QF_LIA/20220307-SMPT/FMS-PT-50000/RC-03.smt2,3.13853,0,99,成功
/pub/data/jiafq/iscas/Parser_Comparison/../benchmarks/part44/non-incremental/QF_LIA/20220307-SMPT/FMS-PT-50000/RC-04.smt2,4.20847,0,105,成功
/pub/data/jiafq/iscas/Parser_Comparison/../benchmarks/part44/non-incremental/QF_LIA/20220307-SMPT/FMS-PT-50000/RC-05.smt2,3.77458,0,94,成功
/pub/data/jiafq/iscas/Parser_Comparison/../benchmarks/part44/non-incremental/QF_LIA/20220307-SMPT/FMS-PT-50000/RC-06.smt2,4.24355,0,101,成功
/pub/data/jiafq/iscas/Parser_Comparison/../benchmarks/part44/non-incremental/QF_LIA/20220307-SMPT/FMS-PT-50000/RC-07.smt2,3.76348,0,103,成功
/pub/data/jiafq/iscas/Parser_Comparison/../benchmarks/part44/non-incremental/QF_LIA/20220307-SMPT/FMS-PT-50000/RC-08.smt2,3.27937,0,99,成功
/pub/data/jiafq/iscas/Parser_Comparison/../benchmarks/part44/non-incremental/QF_LIA/20220307-SMPT/FMS-PT-50000/RC-09.smt2,3.08771,0,99,成功
/pub/data/jiafq/iscas/Parser_Comparison/../benchmarks/part44/non-incremental/QF_LIA/20220307-SMPT/FMS-PT-50000/RC-10.smt2,3.19161,0,94,成功
/pub/data/jiafq/iscas/Parser_Comparison/../benchmarks/part44/non-incremental/QF_LIA/20220307-SMPT/FMS-PT-50000/RC-11.smt2,4.14029,220,94,成功
/pub/data/jiafq/iscas/Parser_Comparison/../benchmarks/part44/non-incremental/QF_LIA/20220307-SMPT/FMS-PT-50000/RC-12.smt2,2.94253,0,94,成功
/pub/data/jiafq/iscas/Parser_Comparison/../benchmarks/part44/non-incremental/QF_LIA/20220307-SMPT/FMS-PT-50000/RC-13.smt2,3.1959,0,106,成功
/pub/data/jiafq/iscas/Parser_Comparison/../benchmarks/part44/non-incremental/QF_LIA/20220307-SMPT/FMS-PT-50000/RC-14.smt2,5.36012,0,103,成功
/pub/data/jiafq/iscas/Parser_Comparison/../benchmarks/part44/non-incremental/QF_LIA/20220307-SMPT/FMS-PT-50000/RC-15.smt2,3.13909,0,94,成功
/pub/data/jiafq/iscas/Parser_Comparison/../benchmarks/part44/non-incremental/QF_LIA/20220307-SMPT/FMS-PT-50000/RF-00.smt2,3.32629,0,102,成功
/pub/data/jiafq/iscas/Parser_Comparison/../benchmarks/part44/non-incremental/QF_LIA/20220307-SMPT/FMS-PT-50000/RF-01.smt2,3.72492,0,109,成功
/pub/data/jiafq/iscas/Parser_Comparison/../benchmarks/part44/non-incremental/QF_LIA/20220307-SMPT/FMS-PT-50000/RF-02.smt2,3.38454,0,108,成功
/pub/data/jiafq/iscas/Parser_Comparison/../benchmarks/part44/non-incremental/QF_LIA/20220307-SMPT/FMS-PT-50000/RF-03.smt2,6.7783,0,102,成功
/pub/data/jiafq/iscas/Parser_Comparison/../benchmarks/part44/non-incremental/QF_LIA/20220307-SMPT/FMS-PT-50000/RF-04.smt2,6.60662,0,101,成功
/pub/data/jiafq/iscas/Parser_Comparison/../benchmarks/part44/non-incremental/QF_LIA/20220307-SMPT/FMS-PT-50000/RF-05.smt2,3.5528,0,111,成功
/pub/data/jiafq/iscas/Parser_Comparison/../benchmarks/part44/non-incremental/QF_LIA/20220307-SMPT/FMS-PT-50000/RF-06.smt2,4.67094,0,118,成功
/pub/data/jiafq/iscas/Parser_Comparison/../benchmarks/part44/non-incremental/QF_LIA/20220307-SMPT/FMS-PT-50000/RF-07.smt2,3.24184,0,108,成功
/pub/data/jiafq/iscas/Parser_Comparison/../benchmarks/part44/non-incremental/QF_LIA/20220307-SMPT/FMS-PT-50000/RF-08.smt2,3.14768,0,94,成功
/pub/data/jiafq/iscas/Parser_Comparison/../benchmarks/part44/non-incremental/QF_LIA/20220307-SMPT/FMS-PT-50000/RF-09.smt2,5.33048,0,107,成功
/pub/data/jiafq/iscas/Parser_Comparison/../benchmarks/part44/non-incremental/QF_LIA/20220307-SMPT/FMS-PT-50000/RF-10.smt2,3.28411,0,111,成功
/pub/data/jiafq/iscas/Parser_Comparison/../benchmarks/part44/non-incremental/QF_LIA/20220307-SMPT/FMS-PT-50000/RF-12.smt2,3.16322,204,94,成功
/pub/data/jiafq/iscas/Parser_Comparison/../benchmarks/part44/non-incremental/QF_LIA/20220307-SMPT/FMS-PT-50000/RF-13.smt2,3.46116,0,105,成功
/pub/data/jiafq/iscas/Parser_Comparison/../benchmarks/part44/non-incremental/QF_LIA/20220307-SMPT/FMS-PT-50000/RF-14.smt2,3.54701,0,107,成功
/pub/data/jiafq/iscas/Parser_Comparison/../benchmarks/part44/non-incremental/QF_LIA/20220307-SMPT/FMS-PT-50000/RF-15.smt2,3.09792,0,103,成功
/pub/data/jiafq/iscas/Parser_Comparison/../benchmarks/part44/non-incremental/QF_LIA/20220307-SMPT/FamilyReunion-PT-L00400M0040C020P020G001/RC-00.smt2,15181.9,0,1075432,成功
/pub/data/jiafq/iscas/Parser_Comparison/../benchmarks/part44/non-incremental/QF_LIA/20220307-SMPT/FamilyReunion-PT-L00400M0040C020P020G001/RC-01.smt2,14987.6,0,1075437,成功
/pub/data/jiafq/iscas/Parser_Comparison/../benchmarks/part44/non-incremental/QF_LIA/20220307-SMPT/FamilyReunion-PT-L00400M0040C020P020G001/RC-02.smt2,13840.6,0,1075429,成功
/pub/data/jiafq/iscas/Parser_Comparison/../benchmarks/part44/non-incremental/QF_LIA/20220307-SMPT/FamilyReunion-PT-L00400M0040C020P020G001/RC-03.smt2,13515,0,1075424,成功
/pub/data/jiafq/iscas/Parser_Comparison/../benchmarks/part44/non-incremental/QF_LIA/20220307-SMPT/FamilyReunion-PT-L00400M0040C020P020G001/RC-04.smt2,12195.5,0,1075428,成功
/pub/data/jiafq/iscas/Parser_Comparison/../benchmarks/part44/non-incremental/QF_LIA/20220307-SMPT/FamilyReunion-PT-L00400M0040C020P020G001/RC-05.smt2,12147.2,0,1075420,成功
/pub/data/jiafq/iscas/Parser_Comparison/../benchmarks/part44/non-incremental/QF_LIA/20220307-SMPT/FamilyReunion-PT-L00400M0040C020P020G001/RC-06.smt2,13022.3,0,1075431,成功
/pub/data/jiafq/iscas/Parser_Comparison/../benchmarks/part44/non-incremental/QF_LIA/20220307-SMPT/FamilyReunion-PT-L00400M0040C020P020G001/RC-07.smt2,13807.7,0,1075429,成功
/pub/data/jiafq/iscas/Parser_Comparison/../benchmarks/part44/non-incremental/QF_LIA/20220307-SMPT/FamilyReunion-PT-L00400M0040C020P020G001/RC-08.smt2,11957.5,0,1075429,成功
/pub/data/jiafq/iscas/Parser_Comparison/../benchmarks/part44/non-incremental/QF_LIA/20220307-SMPT/FamilyReunion-PT-L00400M0040C020P020G001/RC-09.smt2,11687.3,0,1075422,成功
/pub/data/jiafq/iscas/Parser_Comparison/../benchmarks/part44/non-incremental/QF_LIA/20220307-SMPT/FamilyReunion-PT-L00400M0040C020P020G001/RC-10.smt2,11968.4,0,1075431,成功
/pub/data/jiafq/iscas/Parser_Comparison/../benchmarks/part44/non-incremental/QF_LIA/20220307-SMPT/FamilyReunion-PT-L00400M0040C020P020G001/RC-11.smt2,11861.1,0,1075419,成功
/pub/data/jiafq/iscas/Parser_Comparison/../benchmarks/part44/non-incremental/QF_LIA/20220307-SMPT/FamilyReunion-PT-L00400M0040C020P020G001/RC-12.smt2,11759.7,0,1075435,成功
/pub/data/jiafq/iscas/Parser_Comparison/../benchmarks/part44/non-incremental/QF_LIA/20220307-SMPT/FamilyReunion-PT-L00400M0040C020P020G001/RC-13.smt2,11594.4,0,1075426,成功
/pub/data/jiafq/iscas/Parser_Comparison/../benchmarks/part44/non-incremental/QF_LIA/20220307-SMPT/FamilyReunion-PT-L00400M0040C020P020G001/RC-14.smt2,11872,0,1075429,成功
/pub/data/jiafq/iscas/Parser_Comparison/../benchmarks/part44/non-incremental/QF_LIA/20220307-SMPT/FamilyReunion-PT-L00400M0040C020P020G001/RC-15.smt2,11747.8,0,1075426,成功
/pub/data/jiafq/iscas/Parser_Comparison/../benchmarks/part44/non-incremental/QF_LIA/20220307-SMPT/FamilyReunion-PT-L00400M0040C020P020G001/RF-00.smt2,13610.5,0,1091860,成功
/pub/data/jiafq/iscas/Parser_Comparison/../benchmarks/part44/non-incremental/QF_LIA/20220307-SMPT/FamilyReunion-PT-L00400M0040C020P020G001/RF-01.smt2,11655.8,0,1075820,成功
/pub/data/jiafq/iscas/Parser_Comparison/../benchmarks/part44/non-incremental/QF_LIA/20220307-SMPT/FamilyReunion-PT-L00400M0040C020P020G001/RF-02.smt2,12623.6,0,1084243,成功
/pub/data/jiafq/iscas/Parser_Comparison/../benchmarks/part44/non-incremental/QF_LIA/20220307-SMPT/FamilyReunion-PT-L00400M0040C020P020G001/RF-03.smt2,15616.2,0,1119144,成功
/pub/data/jiafq/iscas/Parser_Comparison/../benchmarks/part44/non-incremental/QF_LIA/20220307-SMPT/FamilyReunion-PT-L00400M0040C020P020G001/RF-04.smt2,13631.8,0,1089496,成功
/pub/data/jiafq/iscas/Parser_Comparison/../benchmarks/part44/non-incremental/QF_LIA/20220307-SMPT/FamilyReunion-PT-L00400M0040C020P020G001/RF-05.smt2,13780.6,0,1084667,成功
/pub/data/jiafq/iscas/Parser_Comparison/../benchmarks/part44/non-incremental/QF_LIA/20220307-SMPT/FamilyReunion-PT-L00400M0040C020P020G001/RF-06.smt2,16050.6,0,1097118,成功
/pub/data/jiafq/iscas/Parser_Comparison/../benchmarks/part44/non-incremental/QF_LIA/20220307-SMPT/FamilyReunion-PT-L00400M0040C020P020G001/RF-07.smt2,14901.5,0,1108303,成功
/pub/data/jiafq/iscas/Parser_Comparison/../benchmarks/part44/non-incremental/QF_LIA/20220307-SMPT/FamilyReunion-PT-L00400M0040C020P020G001/RF-08.smt2,11760.5,0,1075431,成功
/pub/data/jiafq/iscas/Parser_Comparison/../benchmarks/part44/non-incremental/QF_LIA/20220307-SMPT/FamilyReunion-PT-L00400M0040C020P020G001/RF-09.smt2,11835.4,0,1075421,成功
/pub/data/jiafq/iscas/Parser_Comparison/../benchmarks/part44/non-incremental/QF_LIA/20220307-SMPT/FamilyReunion-PT-L00400M0040C020P020G001/RF-10.smt2,11688.3,0,1075442,成功
/pub/data/jiafq/iscas/Parser_Comparison/../benchmarks/part44/non-incremental/QF_LIA/20220307-SMPT/FamilyReunion-PT-L00400M0040C020P020G001/RF-11.smt2,11618.9,0,1075435,成功
/pub/data/jiafq/iscas/Parser_Comparison/../benchmarks/part44/non-incremental/QF_LIA/20220307-SMPT/FamilyReunion-PT-L00400M0040C020P020G001/RF-12.smt2,11782.5,0,1075444,成功
/pub/data/jiafq/iscas/Parser_Comparison/../benchmarks/part44/non-incremental/QF_LIA/20220307-SMPT/FamilyReunion-PT-L00400M0040C020P020G001/RF-13.smt2,11590.8,0,1075421,成功
/pub/data/jiafq/iscas/Parser_Comparison/../benchmarks/part44/non-incremental/QF_LIA/20220307-SMPT/FamilyReunion-PT-L00400M0040C020P020G001/RF-14.smt2,11738.7,0,1075419,成功
/pub/data/jiafq/iscas/Parser_Comparison/../benchmarks/part44/non-incremental/QF_LIA/20220307-SMPT/FamilyReunion-PT-L00400M0040C020P020G001/RF-15.smt2,11780.3,0,1075427,成功
/pub/data/jiafq/iscas/Parser_Comparison/../benchmarks/part44/non-incremental/QF_LIA/20220307-SMPT/HouseConstruction-PT-00002/RC-00.smt2,4.87696,0,141,成功
/pub/data/jiafq/iscas/Parser_Comparison/../benchmarks/part44/non-incremental/QF_LIA/20220307-SMPT/HouseConstruction-PT-00002/RC-01.smt2,7.1968,0,142,成功
/pub/data/jiafq/iscas/Parser_Comparison/../benchmarks/part44/non-incremental/QF_LIA/20220307-SMPT/HouseConstruction-PT-00002/RC-02.smt2,7.5204,0,144,成功
/pub/data/jiafq/iscas/Parser_Comparison/../benchmarks/part44/non-incremental/QF_LIA/20220307-SMPT/HouseConstruction-PT-00002/RC-03.smt2,7.31161,0,144,成功
/pub/data/jiafq/iscas/Parser_Comparison/../benchmarks/part44/non-incremental/QF_LIA/20220307-SMPT/HouseConstruction-PT-00002/RC-04.smt2,7.74348,0,137,成功
/pub/data/jiafq/iscas/Parser_Comparison/../benchmarks/part44/non-incremental/QF_LIA/20220307-SMPT/HouseConstruction-PT-00002/RC-05.smt2,7.59825,0,143,成功
/pub/data/jiafq/iscas/Parser_Comparison/../benchmarks/part44/non-incremental/QF_LIA/20220307-SMPT/HouseConstruction-PT-00002/RC-06.smt2,7.67028,0,140,成功
/pub/data/jiafq/iscas/Parser_Comparison/../benchmarks/part44/non-incremental/QF_LIA/20220307-SMPT/HouseConstruction-PT-00002/RC-07.smt2,7.37226,0,144,成功
/pub/data/jiafq/iscas/Parser_Comparison/../benchmarks/part44/non-incremental/QF_LIA/20220307-SMPT/HouseConstruction-PT-00002/RC-08.smt2,7.05768,0,145,成功
/pub/data/jiafq/iscas/Parser_Comparison/../benchmarks/part44/non-incremental/QF_LIA/20220307-SMPT/HouseConstruction-PT-00002/RC-09.smt2,5.93001,0,138,成功
/pub/data/jiafq/iscas/Parser_Comparison/../benchmarks/part44/non-incremental/QF_LIA/20220307-SMPT/HouseConstruction-PT-00002/RC-10.smt2,7.64845,0,147,成功
/pub/data/jiafq/iscas/Parser_Comparison/../benchmarks/part44/non-incremental/QF_LIA/20220307-SMPT/HouseConstruction-PT-00002/RC-11.smt2,7.59415,0,148,成功
/pub/data/jiafq/iscas/Parser_Comparison/../benchmarks/part44/non-incremental/QF_LIA/20220307-SMPT/HouseConstruction-PT-00002/RC-12.smt2,7.83097,0,144,成功
/pub/data/jiafq/iscas/Parser_Comparison/../benchmarks/part44/non-incremental/QF_LIA/20220307-SMPT/HouseConstruction-PT-00002/RC-13.smt2,5.7046,0,137,成功
/pub/data/jiafq/iscas/Parser_Comparison/../benchmarks/part44/non-incremental/QF_LIA/20220307-SMPT/HouseConstruction-PT-00002/RC-14.smt2,6.38947,0,138,成功
/pub/data/jiafq/iscas/Parser_Comparison/../benchmarks/part44/non-incremental/QF_LIA/20220307-SMPT/HouseConstruction-PT-00002/RC-15.smt2,7.34052,0,142,成功
/pub/data/jiafq/iscas/Parser_Comparison/../benchmarks/part44/non-incremental/QF_LIA/20220307-SMPT/HouseConstruction-PT-00002/RF-00.smt2,7.06812,0,138,成功
/pub/data/jiafq/iscas/Parser_Comparison/../benchmarks/part44/non-incremental/QF_LIA/20220307-SMPT/HouseConstruction-PT-00002/RF-01.smt2,7.2653,0,138,成功
/pub/data/jiafq/iscas/Parser_Comparison/../benchmarks/part44/non-incremental/QF_LIA/20220307-SMPT/HouseConstruction-PT-00002/RF-02.smt2,6.17562,0,138,成功
/pub/data/jiafq/iscas/Parser_Comparison/../benchmarks/part44/non-incremental/QF_LIA/20220307-SMPT/HouseConstruction-PT-00002/RF-03.smt2,6.99064,0,156,成功
/pub/data/jiafq/iscas/Parser_Comparison/../benchmarks/part44/non-incremental/QF_LIA/20220307-SMPT/HouseConstruction-PT-00002/RF-04.smt2,8.28208,0,150,成功
/pub/data/jiafq/iscas/Parser_Comparison/../benchmarks/part44/non-incremental/QF_LIA/20220307-SMPT/HouseConstruction-PT-00002/RF-05.smt2,5.64428,0,148,成功
/pub/data/jiafq/iscas/Parser_Comparison/../benchmarks/part44/non-incremental/QF_LIA/20220307-SMPT/HouseConstruction-PT-00002/RF-06.smt2,5.11202,0,153,成功
/pub/data/jiafq/iscas/Parser_Comparison/../benchmarks/part44/non-incremental/QF_LIA/20220307-SMPT/HouseConstruction-PT-00002/RF-07.smt2,5.74563,0,145,成功
/pub/data/jiafq/iscas/Parser_Comparison/../benchmarks/part44/non-incremental/QF_LIA/20220307-SMPT/HouseConstruction-PT-00002/RF-08.smt2,5.91943,0,138,成功
/pub/data/jiafq/iscas/Parser_Comparison/../benchmarks/part44/non-incremental/QF_LIA/20220307-SMPT/HouseConstruction-PT-00002/RF-09.smt2,6.50702,0,152,成功
/pub/data/jiafq/iscas/Parser_Comparison/../benchmarks/part44/non-incremental/QF_LIA/20220307-SMPT/HouseConstruction-PT-00002/RF-11.smt2,8.37728,0,159,成功
/pub/data/jiafq/iscas/Parser_Comparison/../benchmarks/part44/non-incremental/QF_LIA/20220307-SMPT/HouseConstruction-PT-00002/RF-12.smt2,7.57453,0,141,成功
/pub/data/jiafq/iscas/Parser_Comparison/../benchmarks/part44/non-incremental/QF_LIA/20220307-SMPT/HouseConstruction-PT-00002/RF-13.smt2,7.66916,0,141,成功
/pub/data/jiafq/iscas/Parser_Comparison/../benchmarks/part44/non-incremental/QF_LIA/20220307-SMPT/HouseConstruction-PT-00002/RF-14.smt2,7.884,0,155,成功
/pub/data/jiafq/iscas/Parser_Comparison/../benchmarks/part44/non-incremental/QF_LIA/20220307-SMPT/HouseConstruction-PT-00002/RF-15.smt2,7.47771,0,141,成功
/pub/data/jiafq/iscas/Parser_Comparison/../benchmarks/part44/non-incremental/QF_LIA/20220307-SMPT/HouseConstruction-PT-00005/RC-00.smt2,4.80786,0,148,成功
/pub/data/jiafq/iscas/Parser_Comparison/../benchmarks/part44/non-incremental/QF_LIA/20220307-SMPT/HouseConstruction-PT-00005/RC-01.smt2,5.41708,0,143,成功
/pub/data/jiafq/iscas/Parser_Comparison/../benchmarks/part44/non-incremental/QF_LIA/20220307-SMPT/HouseConstruction-PT-00005/RC-02.smt2,4.60221,0,138,成功
/pub/data/jiafq/iscas/Parser_Comparison/../benchmarks/part44/non-incremental/QF_LIA/20220307-SMPT/HouseConstruction-PT-00005/RC-03.smt2,5.37088,0,150,成功
/pub/data/jiafq/iscas/Parser_Comparison/../benchmarks/part44/non-incremental/QF_LIA/20220307-SMPT/HouseConstruction-PT-00005/RC-04.smt2,7.13271,0,143,成功
/pub/data/jiafq/iscas/Parser_Comparison/../benchmarks/part44/non-incremental/QF_LIA/20220307-SMPT/HouseConstruction-PT-00005/RC-05.smt2,3.87775,0,144,成功
/pub/data/jiafq/iscas/Parser_Comparison/../benchmarks/part44/non-incremental/QF_LIA/20220307-SMPT/HouseConstruction-PT-00005/RC-06.smt2,7.2255,0,145,成功
/pub/data/jiafq/iscas/Parser_Comparison/../benchmarks/part44/non-incremental/QF_LIA/20220307-SMPT/HouseConstruction-PT-00005/RC-07.smt2,7.12289,0,140,成功
/pub/data/jiafq/iscas/Parser_Comparison/../benchmarks/part44/non-incremental/QF_LIA/20220307-SMPT/HouseConstruction-PT-00005/RC-08.smt2,4.7226,0,137,成功
/pub/data/jiafq/iscas/Parser_Comparison/../benchmarks/part44/non-incremental/QF_LIA/20220307-SMPT/HouseConstruction-PT-00005/RC-09.smt2,8.14341,0,143,成功
/pub/data/jiafq/iscas/Parser_Comparison/../benchmarks/part44/non-incremental/QF_LIA/20220307-SMPT/HouseConstruction-PT-00005/RC-10.smt2,3.55538,0,141,成功
/pub/data/jiafq/iscas/Parser_Comparison/../benchmarks/part44/non-incremental/QF_LIA/20220307-SMPT/HouseConstruction-PT-00005/RC-11.smt2,3.41524,0,140,成功
/pub/data/jiafq/iscas/Parser_Comparison/../benchmarks/part44/non-incremental/QF_LIA/20220307-SMPT/HouseConstruction-PT-00005/RC-12.smt2,3.59395,0,145,成功
/pub/data/jiafq/iscas/Parser_Comparison/../benchmarks/part44/non-incremental/QF_LIA/20220307-SMPT/HouseConstruction-PT-00005/RC-13.smt2,8.53227,0,149,成功
/pub/data/jiafq/iscas/Parser_Comparison/../benchmarks/part44/non-incremental/QF_LIA/20220307-SMPT/HouseConstruction-PT-00005/RC-14.smt2,3.73348,0,142,成功
/pub/data/jiafq/iscas/Parser_Comparison/../benchmarks/part44/non-incremental/QF_LIA/20220307-SMPT/HouseConstruction-PT-00005/RC-15.smt2,8.0806,0,150,成功
/pub/data/jiafq/iscas/Parser_Comparison/../benchmarks/part44/non-incremental/QF_LIA/20220307-SMPT/HouseConstruction-PT-00005/RF-00.smt2,3.96553,0,158,成功
/pub/data/jiafq/iscas/Parser_Comparison/../benchmarks/part44/non-incremental/QF_LIA/20220307-SMPT/HouseConstruction-PT-00005/RF-01.smt2,3.74818,0,151,成功
/pub/data/jiafq/iscas/Parser_Comparison/../benchmarks/part44/non-incremental/QF_LIA/20220307-SMPT/HouseConstruction-PT-00005/RF-02.smt2,4.39135,0,153,成功
/pub/data/jiafq/iscas/Parser_Comparison/../benchmarks/part44/non-incremental/QF_LIA/20220307-SMPT/HouseConstruction-PT-00005/RF-03.smt2,9.42681,0,156,成功
/pub/data/jiafq/iscas/Parser_Comparison/../benchmarks/part44/non-incremental/QF_LIA/20220307-SMPT/HouseConstruction-PT-00005/RF-04.smt2,8.46846,0,163,成功
/pub/data/jiafq/iscas/Parser_Comparison/../benchmarks/part44/non-incremental/QF_LIA/20220307-SMPT/HouseConstruction-PT-00005/RF-05.smt2,8.04474,0,144,成功
/pub/data/jiafq/iscas/Parser_Comparison/../benchmarks/part44/non-incremental/QF_LIA/20220307-SMPT/HouseConstruction-PT-00005/RF-06.smt2,7.39552,0,159,成功
/pub/data/jiafq/iscas/Parser_Comparison/../benchmarks/part44/non-incremental/QF_LIA/20220307-SMPT/HouseConstruction-PT-00005/RF-07.smt2,5.44483,0,142,成功
/pub/data/jiafq/iscas/Parser_Comparison/../benchmarks/part44/non-incremental/QF_LIA/20220307-SMPT/HouseConstruction-PT-00005/RF-08.smt2,7.98983,0,148,成功
/pub/data/jiafq/iscas/Parser_Comparison/../benchmarks/part44/non-incremental/QF_LIA/20220307-SMPT/HouseConstruction-PT-00005/RF-09.smt2,9.06898,0,155,成功
/pub/data/jiafq/iscas/Parser_Comparison/../benchmarks/part44/non-incremental/QF_LIA/20220307-SMPT/HouseConstruction-PT-00005/RF-10.smt2,5.71911,0,153,成功
/pub/data/jiafq/iscas/Parser_Comparison/../benchmarks/part44/non-incremental/QF_LIA/20220307-SMPT/HouseConstruction-PT-00005/RF-11.smt2,7.56745,0,157,成功
/pub/data/jiafq/iscas/Parser_Comparison/../benchmarks/part44/non-incremental/QF_LIA/20220307-SMPT/HouseConstruction-PT-00005/RF-12.smt2,8.80985,0,156,成功
/pub/data/jiafq/iscas/Parser_Comparison/../benchmarks/part44/non-incremental/QF_LIA/20220307-SMPT/HouseConstruction-PT-00005/RF-13.smt2,5.9282,0,152,成功
/pub/data/jiafq/iscas/Parser_Comparison/../benchmarks/part44/non-incremental/QF_LIA/20220307-SMPT/HouseConstruction-PT-00005/RF-14.smt2,6.18204,0,152,成功
/pub/data/jiafq/iscas/Parser_Comparison/../benchmarks/part44/non-incremental/QF_LIA/20220307-SMPT/HouseConstruction-PT-00005/RF-15.smt2,5.57615,0,148,成功
/pub/data/jiafq/iscas/Parser_Comparison/../benchmarks/part44/non-incremental/QF_LIA/20220307-SMPT/HouseConstruction-PT-00010/RC-00.smt2,7.94353,0,150,成功
/pub/data/jiafq/iscas/Parser_Comparison/../benchmarks/part44/non-incremental/QF_LIA/20220307-SMPT/HouseConstruction-PT-00010/RC-01.smt2,6.93463,0,145,成功
/pub/data/jiafq/iscas/Parser_Comparison/../benchmarks/part44/non-incremental/QF_LIA/20220307-SMPT/HouseConstruction-PT-00010/RC-02.smt2,7.18874,0,138,成功
/pub/data/jiafq/iscas/Parser_Comparison/../benchmarks/part44/non-incremental/QF_LIA/20220307-SMPT/HouseConstruction-PT-00010/RC-03.smt2,6.27655,0,143,成功
/pub/data/jiafq/iscas/Parser_Comparison/../benchmarks/part44/non-incremental/QF_LIA/20220307-SMPT/HouseConstruction-PT-00010/RC-04.smt2,6.40777,0,140,成功
/pub/data/jiafq/iscas/Parser_Comparison/../benchmarks/part44/non-incremental/QF_LIA/20220307-SMPT/HouseConstruction-PT-00010/RC-05.smt2,6.45129,0,139,成功
/pub/data/jiafq/iscas/Parser_Comparison/../benchmarks/part44/non-incremental/QF_LIA/20220307-SMPT/HouseConstruction-PT-00010/RC-06.smt2,7.43068,0,143,成功
/pub/data/jiafq/iscas/Parser_Comparison/../benchmarks/part44/non-incremental/QF_LIA/20220307-SMPT/HouseConstruction-PT-00010/RC-07.smt2,8.07775,0,153,成功
/pub/data/jiafq/iscas/Parser_Comparison/../benchmarks/part44/non-incremental/QF_LIA/20220307-SMPT/HouseConstruction-PT-00010/RC-08.smt2,6.6053,0,142,成功
/pub/data/jiafq/iscas/Parser_Comparison/../benchmarks/part44/non-incremental/QF_LIA/20220307-SMPT/HouseConstruction-PT-00010/RC-09.smt2,6.1326,0,148,成功
/pub/data/jiafq/iscas/Parser_Comparison/../benchmarks/part44/non-incremental/QF_LIA/20220307-SMPT/HouseConstruction-PT-00010/RC-10.smt2,6.60317,0,150,成功
/pub/data/jiafq/iscas/Parser_Comparison/../benchmarks/part44/non-incremental/QF_LIA/20220307-SMPT/HouseConstruction-PT-00010/RC-11.smt2,7.23794,0,140,成功
/pub/data/jiafq/iscas/Parser_Comparison/../benchmarks/part44/non-incremental/QF_LIA/20220307-SMPT/HouseConstruction-PT-00010/RC-12.smt2,7.90749,0,150,成功
/pub/data/jiafq/iscas/Parser_Comparison/../benchmarks/part44/non-incremental/QF_LIA/20220307-SMPT/HouseConstruction-PT-00010/RC-13.smt2,4.64118,0,138,成功
/pub/data/jiafq/iscas/Parser_Comparison/../benchmarks/part44/non-incremental/QF_LIA/20220307-SMPT/HouseConstruction-PT-00010/RC-14.smt2,3.68207,0,146,成功
/pub/data/jiafq/iscas/Parser_Comparison/../benchmarks/part44/non-incremental/QF_LIA/20220307-SMPT/HouseConstruction-PT-00010/RC-15.smt2,3.73082,0,140,成功
/pub/data/jiafq/iscas/Parser_Comparison/../benchmarks/part44/non-incremental/QF_LIA/20220307-SMPT/HouseConstruction-PT-00010/RF-00.smt2,9.74081,0,164,成功
/pub/data/jiafq/iscas/Parser_Comparison/../benchmarks/part44/non-incremental/QF_LIA/20220307-SMPT/HouseConstruction-PT-00010/RF-01.smt2,4.41532,0,149,成功
/pub/data/jiafq/iscas/Parser_Comparison/../benchmarks/part44/non-incremental/QF_LIA/20220307-SMPT/HouseConstruction-PT-00010/RF-02.smt2,4.31735,0,157,成功
/pub/data/jiafq/iscas/Parser_Comparison/../benchmarks/part44/non-incremental/QF_LIA/20220307-SMPT/HouseConstruction-PT-00010/RF-03.smt2,3.98728,0,161,成功
/pub/data/jiafq/iscas/Parser_Comparison/../benchmarks/part44/non-incremental/QF_LIA/20220307-SMPT/HouseConstruction-PT-00010/RF-04.smt2,3.67641,0,155,成功
/pub/data/jiafq/iscas/Parser_Comparison/../benchmarks/part44/non-incremental/QF_LIA/20220307-SMPT/HouseConstruction-PT-00010/RF-05.smt2,3.58009,0,151,成功
/pub/data/jiafq/iscas/Parser_Comparison/../benchmarks/part44/non-incremental/QF_LIA/20220307-SMPT/HouseConstruction-PT-00010/RF-06.smt2,3.89025,0,158,成功
/pub/data/jiafq/iscas/Parser_Comparison/../benchmarks/part44/non-incremental/QF_LIA/20220307-SMPT/HouseConstruction-PT-00010/RF-07.smt2,3.93493,0,156,成功
/pub/data/jiafq/iscas/Parser_Comparison/../benchmarks/part44/non-incremental/QF_LIA/20220307-SMPT/HouseConstruction-PT-00010/RF-08.smt2,4.00566,0,159,成功
/pub/data/jiafq/iscas/Parser_Comparison/../benchmarks/part44/non-incremental/QF_LIA/20220307-SMPT/HouseConstruction-PT-00010/RF-09.smt2,3.73775,0,146,成功
/pub/data/jiafq/iscas/Parser_Comparison/../benchmarks/part44/non-incremental/QF_LIA/20220307-SMPT/HouseConstruction-PT-00010/RF-10.smt2,3.29174,0,140,成功
/pub/data/jiafq/iscas/Parser_Comparison/../benchmarks/part44/non-incremental/QF_LIA/20220307-SMPT/HouseConstruction-PT-00010/RF-11.smt2,3.6206,0,141,成功
/pub/data/jiafq/iscas/Parser_Comparison/../benchmarks/part44/non-incremental/QF_LIA/20220307-SMPT/HouseConstruction-PT-00010/RF-12.smt2,4.00274,0,154,成功
/pub/data/jiafq/iscas/Parser_Comparison/../benchmarks/part44/non-incremental/QF_LIA/20220307-SMPT/HouseConstruction-PT-00010/RF-13.smt2,3.75471,0,153,成功
/pub/data/jiafq/iscas/Parser_Comparison/../benchmarks/part44/non-incremental/QF_LIA/20220307-SMPT/HouseConstruction-PT-00010/RF-14.smt2,3.38339,0,141,成功
/pub/data/jiafq/iscas/Parser_Comparison/../benchmarks/part44/non-incremental/QF_LIA/20220307-SMPT/HouseConstruction-PT-00010/RF-15.smt2,3.80097,0,148,成功
/pub/data/jiafq/iscas/Parser_Comparison/../benchmarks/part44/non-incremental/QF_LIA/20220307-SMPT/HouseConstruction-PT-00020/RC-00.smt2,3.46418,0,147,成功
/pub/data/jiafq/iscas/Parser_Comparison/../benchmarks/part44/non-incremental/QF_LIA/20220307-SMPT/HouseConstruction-PT-00020/RC-01.smt2,3.58311,0,150,成功
/pub/data/jiafq/iscas/Parser_Comparison/../benchmarks/part44/non-incremental/QF_LIA/20220307-SMPT/HouseConstruction-PT-00020/RC-02.smt2,3.33511,0,138,成功
/pub/data/jiafq/iscas/Parser_Comparison/../benchmarks/part44/non-incremental/QF_LIA/20220307-SMPT/HouseConstruction-PT-00020/RC-03.smt2,3.53518,0,146,成功
/pub/data/jiafq/iscas/Parser_Comparison/../benchmarks/part44/non-incremental/QF_LIA/20220307-SMPT/HouseConstruction-PT-00020/RC-04.smt2,3.54151,0,142,成功
/pub/data/jiafq/iscas/Parser_Comparison/../benchmarks/part44/non-incremental/QF_LIA/20220307-SMPT/HouseConstruction-PT-00020/RC-05.smt2,3.47723,0,142,成功
/pub/data/jiafq/iscas/Parser_Comparison/../benchmarks/part44/non-incremental/QF_LIA/20220307-SMPT/HouseConstruction-PT-00020/RC-06.smt2,3.60676,0,155,成功
/pub/data/jiafq/iscas/Parser_Comparison/../benchmarks/part44/non-incremental/QF_LIA/20220307-SMPT/HouseConstruction-PT-00020/RC-07.smt2,3.35167,0,140,成功
/pub/data/jiafq/iscas/Parser_Comparison/../benchmarks/part44/non-incremental/QF_LIA/20220307-SMPT/HouseConstruction-PT-00020/RC-08.smt2,3.62678,0,140,成功
/pub/data/jiafq/iscas/Parser_Comparison/../benchmarks/part44/non-incremental/QF_LIA/20220307-SMPT/HouseConstruction-PT-00020/RC-09.smt2,3.41038,0,138,成功
/pub/data/jiafq/iscas/Parser_Comparison/../benchmarks/part44/non-incremental/QF_LIA/20220307-SMPT/HouseConstruction-PT-00020/RC-10.smt2,3.76853,0,137,成功
/pub/data/jiafq/iscas/Parser_Comparison/../benchmarks/part44/non-incremental/QF_LIA/20220307-SMPT/HouseConstruction-PT-00020/RC-11.smt2,3.61316,0,145,成功
/pub/data/jiafq/iscas/Parser_Comparison/../benchmarks/part44/non-incremental/QF_LIA/20220307-SMPT/HouseConstruction-PT-00020/RC-12.smt2,3.60075,0,146,成功
/pub/data/jiafq/iscas/Parser_Comparison/../benchmarks/part44/non-incremental/QF_LIA/20220307-SMPT/HouseConstruction-PT-00020/RC-13.smt2,3.45216,0,144,成功
/pub/data/jiafq/iscas/Parser_Comparison/../benchmarks/part44/non-incremental/QF_LIA/20220307-SMPT/HouseConstruction-PT-00020/RC-14.smt2,3.45427,0,144,成功
/pub/data/jiafq/iscas/Parser_Comparison/../benchmarks/part44/non-incremental/QF_LIA/20220307-SMPT/HouseConstruction-PT-00020/RF-00.smt2,3.31684,0,138,成功
/pub/data/jiafq/iscas/Parser_Comparison/../benchmarks/part44/non-incremental/QF_LIA/20220307-SMPT/HouseConstruction-PT-00020/RF-01.smt2,3.75001,0,151,成功
/pub/data/jiafq/iscas/Parser_Comparison/../benchmarks/part44/non-incremental/QF_LIA/20220307-SMPT/HouseConstruction-PT-00020/RF-02.smt2,3.52746,0,147,成功
/pub/data/jiafq/iscas/Parser_Comparison/../benchmarks/part44/non-incremental/QF_LIA/20220307-SMPT/HouseConstruction-PT-00020/RF-03.smt2,4.09178,0,155,成功
/pub/data/jiafq/iscas/Parser_Comparison/../benchmarks/part44/non-incremental/QF_LIA/20220307-SMPT/HouseConstruction-PT-00020/RF-04.smt2,3.50871,0,143,成功
/pub/data/jiafq/iscas/Parser_Comparison/../benchmarks/part44/non-incremental/QF_LIA/20220307-SMPT/HouseConstruction-PT-00020/RF-05.smt2,3.33641,0,141,成功
/pub/data/jiafq/iscas/Parser_Comparison/../benchmarks/part44/non-incremental/QF_LIA/20220307-SMPT/HouseConstruction-PT-00020/RF-06.smt2,3.75442,0,154,成功
/pub/data/jiafq/iscas/Parser_Comparison/../benchmarks/part44/non-incremental/QF_LIA/20220307-SMPT/HouseConstruction-PT-00020/RF-08.smt2,3.41557,0,141,成功
/pub/data/jiafq/iscas/Parser_Comparison/../benchmarks/part44/non-incremental/QF_LIA/20220307-SMPT/HouseConstruction-PT-00020/RF-09.smt2,3.62115,0,141,成功
/pub/data/jiafq/iscas/Parser_Comparison/../benchmarks/part44/non-incremental/QF_LIA/20220307-SMPT/HouseConstruction-PT-00020/RF-10.smt2,3.93893,0,153,成功
/pub/data/jiafq/iscas/Parser_Comparison/../benchmarks/part44/non-incremental/QF_LIA/20220307-SMPT/HouseConstruction-PT-00020/RF-11.smt2,7.54466,0,146,成功
/pub/data/jiafq/iscas/Parser_Comparison/../benchmarks/part44/non-incremental/QF_LIA/20220307-SMPT/HouseConstruction-PT-00020/RF-12.smt2,5.20924,0,151,成功
/pub/data/jiafq/iscas/Parser_Comparison/../benchmarks/part44/non-incremental/QF_LIA/20220307-SMPT/HouseConstruction-PT-00020/RF-13.smt2,4.24994,0,147,成功
/pub/data/jiafq/iscas/Parser_Comparison/../benchmarks/part44/non-incremental/QF_LIA/20220307-SMPT/HouseConstruction-PT-00020/RF-15.smt2,3.58305,0,148,成功
/pub/data/jiafq/iscas/Parser_Comparison/../benchmarks/part44/non-incremental/QF_LIA/20220307-SMPT/HouseConstruction-PT-00050/RC-00.smt2,3.39537,0,138,成功
/pub/data/jiafq/iscas/Parser_Comparison/../benchmarks/part44/non-incremental/QF_LIA/20220307-SMPT/HouseConstruction-PT-00050/RC-01.smt2,3.62616,0,145,成功
/pub/data/jiafq/iscas/Parser_Comparison/../benchmarks/part44/non-incremental/QF_LIA/20220307-SMPT/HouseConstruction-PT-00050/RC-02.smt2,3.36174,0,137,成功
/pub/data/jiafq/iscas/Parser_Comparison/../benchmarks/part44/non-incremental/QF_LIA/20220307-SMPT/HouseConstruction-PT-00050/RC-03.smt2,3.38329,0,143,成功
/pub/data/jiafq/iscas/Parser_Comparison/../benchmarks/part44/non-incremental/QF_LIA/20220307-SMPT/HouseConstruction-PT-00050/RC-04.smt2,3.27135,0,138,成功
/pub/data/jiafq/iscas/Parser_Comparison/../benchmarks/part44/non-incremental/QF_LIA/20220307-SMPT/HouseConstruction-PT-00050/RC-05.smt2,3.532,0,149,成功
/pub/data/jiafq/iscas/Parser_Comparison/../benchmarks/part44/non-incremental/QF_LIA/20220307-SMPT/HouseConstruction-PT-00050/RC-07.smt2,3.50275,0,141,成功
/pub/data/jiafq/iscas/Parser_Comparison/../benchmarks/part44/non-incremental/QF_LIA/20220307-SMPT/HouseConstruction-PT-00050/RC-08.smt2,3.55571,0,147,成功
/pub/data/jiafq/iscas/Parser_Comparison/../benchmarks/part44/non-incremental/QF_LIA/20220307-SMPT/HouseConstruction-PT-00050/RC-09.smt2,3.49872,0,146,成功
/pub/data/jiafq/iscas/Parser_Comparison/../benchmarks/part44/non-incremental/QF_LIA/20220307-SMPT/HouseConstruction-PT-00050/RC-10.smt2,3.47317,0,144,成功
/pub/data/jiafq/iscas/Parser_Comparison/../benchmarks/part44/non-incremental/QF_LIA/20220307-SMPT/HouseConstruction-PT-00050/RC-11.smt2,8.17543,0,141,成功
/pub/data/jiafq/iscas/Parser_Comparison/../benchmarks/part44/non-incremental/QF_LIA/20220307-SMPT/HouseConstruction-PT-00050/RC-12.smt2,4.34298,0,137,成功
/pub/data/jiafq/iscas/Parser_Comparison/../benchmarks/part44/non-incremental/QF_LIA/20220307-SMPT/HouseConstruction-PT-00050/RC-13.smt2,3.79653,0,140,成功
/pub/data/jiafq/iscas/Parser_Comparison/../benchmarks/part44/non-incremental/QF_LIA/20220307-SMPT/HouseConstruction-PT-00050/RC-14.smt2,3.51016,0,146,成功
/pub/data/jiafq/iscas/Parser_Comparison/../benchmarks/part44/non-incremental/QF_LIA/20220307-SMPT/HouseConstruction-PT-00050/RF-00.smt2,3.30927,0,138,成功
/pub/data/jiafq/iscas/Parser_Comparison/../benchmarks/part44/non-incremental/QF_LIA/20220307-SMPT/HouseConstruction-PT-00050/RF-01.smt2,3.38147,0,141,成功
/pub/data/jiafq/iscas/Parser_Comparison/../benchmarks/part44/non-incremental/QF_LIA/20220307-SMPT/HouseConstruction-PT-00050/RF-03.smt2,3.91364,0,149,成功
/pub/data/jiafq/iscas/Parser_Comparison/../benchmarks/part44/non-incremental/QF_LIA/20220307-SMPT/HouseConstruction-PT-00050/RF-04.smt2,3.59003,0,147,成功
/pub/data/jiafq/iscas/Parser_Comparison/../benchmarks/part44/non-incremental/QF_LIA/20220307-SMPT/HouseConstruction-PT-00050/RF-05.smt2,3.59976,0,149,成功
/pub/data/jiafq/iscas/Parser_Comparison/../benchmarks/part44/non-incremental/QF_LIA/20220307-SMPT/HouseConstruction-PT-00050/RF-06.smt2,3.47267,0,143,成功
/pub/data/jiafq/iscas/Parser_Comparison/../benchmarks/part44/non-incremental/QF_LIA/20220307-SMPT/HouseConstruction-PT-00050/RF-07.smt2,4.91168,0,147,成功
/pub/data/jiafq/iscas/Parser_Comparison/../benchmarks/part44/non-incremental/QF_LIA/20220307-SMPT/HouseConstruction-PT-00050/RF-08.smt2,5.04418,0,147,成功
/pub/data/jiafq/iscas/Parser_Comparison/../benchmarks/part44/non-incremental/QF_LIA/20220307-SMPT/HouseConstruction-PT-00050/RF-09.smt2,3.78824,0,154,成功
/pub/data/jiafq/iscas/Parser_Comparison/../benchmarks/part44/non-incremental/QF_LIA/20220307-SMPT/HouseConstruction-PT-00050/RF-10.smt2,3.8845,0,153,成功
/pub/data/jiafq/iscas/Parser_Comparison/../benchmarks/part44/non-incremental/QF_LIA/20220307-SMPT/HouseConstruction-PT-00050/RF-11.smt2,3.64169,0,145,成功
/pub/data/jiafq/iscas/Parser_Comparison/../benchmarks/part44/non-incremental/QF_LIA/20220307-SMPT/HouseConstruction-PT-00050/RF-15.smt2,4.00421,0,159,成功
/pub/data/jiafq/iscas/Parser_Comparison/../benchmarks/part44/non-incremental/QF_LIA/20220307-SMPT/HouseConstruction-PT-00100/RC-00.smt2,3.44368,0,140,成功
/pub/data/jiafq/iscas/Parser_Comparison/../benchmarks/part44/non-incremental/QF_LIA/20220307-SMPT/HouseConstruction-PT-00100/RC-01.smt2,3.37706,0,138,成功
/pub/data/jiafq/iscas/Parser_Comparison/../benchmarks/part44/non-incremental/QF_LIA/20220307-SMPT/HouseConstruction-PT-00100/RC-02.smt2,3.35253,0,137,成功
/pub/data/jiafq/iscas/Parser_Comparison/../benchmarks/part44/non-incremental/QF_LIA/20220307-SMPT/HouseConstruction-PT-00100/RC-03.smt2,3.45836,0,144,成功
/pub/data/jiafq/iscas/Parser_Comparison/../benchmarks/part44/non-incremental/QF_LIA/20220307-SMPT/HouseConstruction-PT-00100/RC-04.smt2,3.59965,0,145,成功
/pub/data/jiafq/iscas/Parser_Comparison/../benchmarks/part44/non-incremental/QF_LIA/20220307-SMPT/HouseConstruction-PT-00100/RC-05.smt2,3.4791,0,137,成功
/pub/data/jiafq/iscas/Parser_Comparison/../benchmarks/part44/non-incremental/QF_LIA/20220307-SMPT/HouseConstruction-PT-00100/RC-06.smt2,3.62617,0,146,成功
/pub/data/jiafq/iscas/Parser_Comparison/../benchmarks/part44/non-incremental/QF_LIA/20220307-SMPT/HouseConstruction-PT-00100/RC-07.smt2,3.53329,0,137,成功
/pub/data/jiafq/iscas/Parser_Comparison/../benchmarks/part44/non-incremental/QF_LIA/20220307-SMPT/HouseConstruction-PT-00100/RC-08.smt2,3.51034,0,144,成功
/pub/data/jiafq/iscas/Parser_Comparison/../benchmarks/part44/non-incremental/QF_LIA/20220307-SMPT/HouseConstruction-PT-00100/RC-09.smt2,3.6899,0,151,成功
/pub/data/jiafq/iscas/Parser_Comparison/../benchmarks/part44/non-incremental/QF_LIA/20220307-SMPT/HouseConstruction-PT-00100/RC-10.smt2,3.55162,0,147,成功
/pub/data/jiafq/iscas/Parser_Comparison/../benchmarks/part44/non-incremental/QF_LIA/20220307-SMPT/HouseConstruction-PT-00100/RC-11.smt2,3.31157,0,138,成功
/pub/data/jiafq/iscas/Parser_Comparison/../benchmarks/part44/non-incremental/QF_LIA/20220307-SMPT/HouseConstruction-PT-00100/RC-12.smt2,3.60543,0,148,成功
/pub/data/jiafq/iscas/Parser_Comparison/../benchmarks/part44/non-incremental/QF_LIA/20220307-SMPT/HouseConstruction-PT-00100/RC-13.smt2,3.49685,0,147,成功
/pub/data/jiafq/iscas/Parser_Comparison/../benchmarks/part44/non-incremental/QF_LIA/20220307-SMPT/HouseConstruction-PT-00100/RC-14.smt2,3.50161,0,144,成功
/pub/data/jiafq/iscas/Parser_Comparison/../benchmarks/part44/non-incremental/QF_LIA/20220307-SMPT/HouseConstruction-PT-00100/RC-15.smt2,7.86754,0,138,成功
/pub/data/jiafq/iscas/Parser_Comparison/../benchmarks/part44/non-incremental/QF_LIA/20220307-SMPT/HouseConstruction-PT-00100/RF-00.smt2,7.8294,0,145,成功
/pub/data/jiafq/iscas/Parser_Comparison/../benchmarks/part44/non-incremental/QF_LIA/20220307-SMPT/HouseConstruction-PT-00100/RF-01.smt2,6.15421,0,138,成功
/pub/data/jiafq/iscas/Parser_Comparison/../benchmarks/part44/non-incremental/QF_LIA/20220307-SMPT/HouseConstruction-PT-00100/RF-02.smt2,8.6423,0,149,成功
/pub/data/jiafq/iscas/Parser_Comparison/../benchmarks/part44/non-incremental/QF_LIA/20220307-SMPT/HouseConstruction-PT-00100/RF-04.smt2,3.58267,0,141,成功
/pub/data/jiafq/iscas/Parser_Comparison/../benchmarks/part44/non-incremental/QF_LIA/20220307-SMPT/HouseConstruction-PT-00100/RF-05.smt2,4.27336,0,153,成功
/pub/data/jiafq/iscas/Parser_Comparison/../benchmarks/part44/non-incremental/QF_LIA/20220307-SMPT/HouseConstruction-PT-00100/RF-06.smt2,3.81065,0,159,成功
/pub/data/jiafq/iscas/Parser_Comparison/../benchmarks/part44/non-incremental/QF_LIA/20220307-SMPT/HouseConstruction-PT-00100/RF-07.smt2,4.20371,0,162,成功
/pub/data/jiafq/iscas/Parser_Comparison/../benchmarks/part44/non-incremental/QF_LIA/20220307-SMPT/HouseConstruction-PT-00100/RF-08.smt2,3.52523,0,149,成功
/pub/data/jiafq/iscas/Parser_Comparison/../benchmarks/part44/non-incremental/QF_LIA/20220307-SMPT/HouseConstruction-PT-00100/RF-09.smt2,3.85438,0,158,成功
/pub/data/jiafq/iscas/Parser_Comparison/../benchmarks/part44/non-incremental/QF_LIA/20220307-SMPT/HouseConstruction-PT-00100/RF-11.smt2,3.35327,0,142,成功
/pub/data/jiafq/iscas/Parser_Comparison/../benchmarks/part44/non-incremental/QF_LIA/20220307-SMPT/HouseConstruction-PT-00100/RF-13.smt2,4.0687,0,159,成功
/pub/data/jiafq/iscas/Parser_Comparison/../benchmarks/part44/non-incremental/QF_LIA/20220307-SMPT/HouseConstruction-PT-00100/RF-14.smt2,3.96127,0,156,成功
/pub/data/jiafq/iscas/Parser_Comparison/../benchmarks/part44/non-incremental/QF_LIA/20220307-SMPT/HouseConstruction-PT-00100/RF-15.smt2,4.04294,0,166,成功
/pub/data/jiafq/iscas/Parser_Comparison/../benchmarks/part44/non-incremental/QF_LIA/20220307-SMPT/HouseConstruction-PT-00200/RC-00.smt2,3.34372,0,140,成功
/pub/data/jiafq/iscas/Parser_Comparison/../benchmarks/part44/non-incremental/QF_LIA/20220307-SMPT/HouseConstruction-PT-00200/RC-01.smt2,3.33308,0,138,成功
/pub/data/jiafq/iscas/Parser_Comparison/../benchmarks/part44/non-incremental/QF_LIA/20220307-SMPT/HouseConstruction-PT-00200/RC-02.smt2,3.47902,0,141,成功
/pub/data/jiafq/iscas/Parser_Comparison/../benchmarks/part44/non-incremental/QF_LIA/20220307-SMPT/HouseConstruction-PT-00200/RC-03.smt2,3.55387,0,150,成功
/pub/data/jiafq/iscas/Parser_Comparison/../benchmarks/part44/non-incremental/QF_LIA/20220307-SMPT/HouseConstruction-PT-00200/RC-04.smt2,3.36134,0,140,成功
/pub/data/jiafq/iscas/Parser_Comparison/../benchmarks/part44/non-incremental/QF_LIA/20220307-SMPT/HouseConstruction-PT-00200/RC-05.smt2,3.37894,0,137,成功
/pub/data/jiafq/iscas/Parser_Comparison/../benchmarks/part44/non-incremental/QF_LIA/20220307-SMPT/HouseConstruction-PT-00200/RC-06.smt2,3.53849,0,143,成功
/pub/data/jiafq/iscas/Parser_Comparison/../benchmarks/part44/non-incremental/QF_LIA/20220307-SMPT/HouseConstruction-PT-00200/RC-07.smt2,3.48991,0,145,成功
/pub/data/jiafq/iscas/Parser_Comparison/../benchmarks/part44/non-incremental/QF_LIA/20220307-SMPT/HouseConstruction-PT-00200/RC-08.smt2,3.47166,0,141,成功
/pub/data/jiafq/iscas/Parser_Comparison/../benchmarks/part44/non-incremental/QF_LIA/20220307-SMPT/HouseConstruction-PT-00200/RC-09.smt2,3.64186,0,146,成功
/pub/data/jiafq/iscas/Parser_Comparison/../benchmarks/part44/non-incremental/QF_LIA/20220307-SMPT/HouseConstruction-PT-00200/RC-10.smt2,3.47855,0,142,成功
/pub/data/jiafq/iscas/Parser_Comparison/../benchmarks/part44/non-incremental/QF_LIA/20220307-SMPT/HouseConstruction-PT-00200/RC-11.smt2,3.50644,0,142,成功
/pub/data/jiafq/iscas/Parser_Comparison/../benchmarks/part44/non-incremental/QF_LIA/20220307-SMPT/HouseConstruction-PT-00200/RC-12.smt2,3.3791,0,140,成功
/pub/data/jiafq/iscas/Parser_Comparison/../benchmarks/part44/non-incremental/QF_LIA/20220307-SMPT/HouseConstruction-PT-00200/RC-13.smt2,3.31512,0,137,成功
/pub/data/jiafq/iscas/Parser_Comparison/../benchmarks/part44/non-incremental/QF_LIA/20220307-SMPT/HouseConstruction-PT-00200/RC-14.smt2,3.39356,0,137,成功
/pub/data/jiafq/iscas/Parser_Comparison/../benchmarks/part44/non-incremental/QF_LIA/20220307-SMPT/HouseConstruction-PT-00200/RC-15.smt2,3.32269,0,137,成功
/pub/data/jiafq/iscas/Parser_Comparison/../benchmarks/part44/non-incremental/QF_LIA/20220307-SMPT/HouseConstruction-PT-00200/RF-00.smt2,3.59518,0,154,成功
/pub/data/jiafq/iscas/Parser_Comparison/../benchmarks/part44/non-incremental/QF_LIA/20220307-SMPT/HouseConstruction-PT-00200/RF-01.smt2,3.58411,0,144,成功
/pub/data/jiafq/iscas/Parser_Comparison/../benchmarks/part44/non-incremental/QF_LIA/20220307-SMPT/HouseConstruction-PT-00200/RF-02.smt2,3.42248,0,138,成功
/pub/data/jiafq/iscas/Parser_Comparison/../benchmarks/part44/non-incremental/QF_LIA/20220307-SMPT/HouseConstruction-PT-00200/RF-03.smt2,3.40483,0,141,成功
/pub/data/jiafq/iscas/Parser_Comparison/../benchmarks/part44/non-incremental/QF_LIA/20220307-SMPT/HouseConstruction-PT-00200/RF-04.smt2,3.80799,0,159,成功
/pub/data/jiafq/iscas/Parser_Comparison/../benchmarks/part44/non-incremental/QF_LIA/20220307-SMPT/HouseConstruction-PT-00200/RF-05.smt2,3.70703,0,152,成功
/pub/data/jiafq/iscas/Parser_Comparison/../benchmarks/part44/non-incremental/QF_LIA/20220307-SMPT/HouseConstruction-PT-00200/RF-06.smt2,3.52213,0,149,成功
/pub/data/jiafq/iscas/Parser_Comparison/../benchmarks/part44/non-incremental/QF_LIA/20220307-SMPT/HouseConstruction-PT-00200/RF-08.smt2,3.78791,0,146,成功
/pub/data/jiafq/iscas/Parser_Comparison/../benchmarks/part44/non-incremental/QF_LIA/20220307-SMPT/HouseConstruction-PT-00200/RF-09.smt2,3.5836,0,151,成功
/pub/data/jiafq/iscas/Parser_Comparison/../benchmarks/part44/non-incremental/QF_LIA/20220307-SMPT/HouseConstruction-PT-00200/RF-10.smt2,3.83727,0,160,成功
/pub/data/jiafq/iscas/Parser_Comparison/../benchmarks/part44/non-incremental/QF_LIA/20220307-SMPT/HouseConstruction-PT-00200/RF-11.smt2,3.88403,0,156,成功
/pub/data/jiafq/iscas/Parser_Comparison/../benchmarks/part44/non-incremental/QF_LIA/20220307-SMPT/HouseConstruction-PT-00200/RF-12.smt2,3.42493,0,141,成功
/pub/data/jiafq/iscas/Parser_Comparison/../benchmarks/part44/non-incremental/QF_LIA/20220307-SMPT/HouseConstruction-PT-00200/RF-13.smt2,3.66879,0,153,成功
/pub/data/jiafq/iscas/Parser_Comparison/../benchmarks/part44/non-incremental/QF_LIA/20220307-SMPT/HouseConstruction-PT-00200/RF-14.smt2,3.71182,0,154,成功
/pub/data/jiafq/iscas/Parser_Comparison/../benchmarks/part44/non-incremental/QF_LIA/20220307-SMPT/HouseConstruction-PT-00200/RF-15.smt2,3.68474,0,152,成功
/pub/data/jiafq/iscas/Parser_Comparison/../benchmarks/part44/non-incremental/QF_LIA/20220307-SMPT/HouseConstruction-PT-00500/RC-00.smt2,3.29769,0,138,成功
/pub/data/jiafq/iscas/Parser_Comparison/../benchmarks/part44/non-incremental/QF_LIA/20220307-SMPT/HouseConstruction-PT-00500/RC-01.smt2,3.53206,0,149,成功
/pub/data/jiafq/iscas/Parser_Comparison/../benchmarks/part44/non-incremental/QF_LIA/20220307-SMPT/HouseConstruction-PT-00500/RC-02.smt2,3.44084,0,138,成功
/pub/data/jiafq/iscas/Parser_Comparison/../benchmarks/part44/non-incremental/QF_LIA/20220307-SMPT/HouseConstruction-PT-00500/RC-03.smt2,3.61924,0,146,成功
/pub/data/jiafq/iscas/Parser_Comparison/../benchmarks/part44/non-incremental/QF_LIA/20220307-SMPT/HouseConstruction-PT-00500/RC-04.smt2,3.45394,0,144,成功
/pub/data/jiafq/iscas/Parser_Comparison/../benchmarks/part44/non-incremental/QF_LIA/20220307-SMPT/HouseConstruction-PT-00500/RC-05.smt2,3.63146,0,147,成功
/pub/data/jiafq/iscas/Parser_Comparison/../benchmarks/part44/non-incremental/QF_LIA/20220307-SMPT/HouseConstruction-PT-00500/RC-06.smt2,3.32235,0,141,成功
/pub/data/jiafq/iscas/Parser_Comparison/../benchmarks/part44/non-incremental/QF_LIA/20220307-SMPT/HouseConstruction-PT-00500/RC-07.smt2,3.50346,0,148,成功
/pub/data/jiafq/iscas/Parser_Comparison/../benchmarks/part44/non-incremental/QF_LIA/20220307-SMPT/HouseConstruction-PT-00500/RC-08.smt2,3.45561,0,137,成功
/pub/data/jiafq/iscas/Parser_Comparison/../benchmarks/part44/non-incremental/QF_LIA/20220307-SMPT/HouseConstruction-PT-00500/RC-09.smt2,3.49982,0,144,成功
/pub/data/jiafq/iscas/Parser_Comparison/../benchmarks/part44/non-incremental/QF_LIA/20220307-SMPT/HouseConstruction-PT-00500/RC-10.smt2,3.50247,0,146,成功
/pub/data/jiafq/iscas/Parser_Comparison/../benchmarks/part44/non-incremental/QF_LIA/20220307-SMPT/HouseConstruction-PT-00500/RC-11.smt2,3.53306,0,149,成功
/pub/data/jiafq/iscas/Parser_Comparison/../benchmarks/part44/non-incremental/QF_LIA/20220307-SMPT/HouseConstruction-PT-00500/RC-12.smt2,3.43919,0,143,成功
/pub/data/jiafq/iscas/Parser_Comparison/../benchmarks/part44/non-incremental/QF_LIA/20220307-SMPT/HouseConstruction-PT-00500/RC-13.smt2,3.5547,0,153,成功
/pub/data/jiafq/iscas/Parser_Comparison/../benchmarks/part44/non-incremental/QF_LIA/20220307-SMPT/HouseConstruction-PT-00500/RC-14.smt2,3.40846,0,145,成功
/pub/data/jiafq/iscas/Parser_Comparison/../benchmarks/part44/non-incremental/QF_LIA/20220307-SMPT/HouseConstruction-PT-00500/RC-15.smt2,3.33231,0,138,成功
/pub/data/jiafq/iscas/Parser_Comparison/../benchmarks/part44/non-incremental/QF_LIA/20220307-SMPT/HouseConstruction-PT-00500/RF-00.smt2,3.88855,0,154,成功
/pub/data/jiafq/iscas/Parser_Comparison/../benchmarks/part44/non-incremental/QF_LIA/20220307-SMPT/HouseConstruction-PT-00500/RF-01.smt2,3.48415,0,140,成功
/pub/data/jiafq/iscas/Parser_Comparison/../benchmarks/part44/non-incremental/QF_LIA/20220307-SMPT/HouseConstruction-PT-00500/RF-02.smt2,3.65004,0,147,成功
/pub/data/jiafq/iscas/Parser_Comparison/../benchmarks/part44/non-incremental/QF_LIA/20220307-SMPT/HouseConstruction-PT-00500/RF-03.smt2,3.84349,0,159,成功
/pub/data/jiafq/iscas/Parser_Comparison/../benchmarks/part44/non-incremental/QF_LIA/20220307-SMPT/HouseConstruction-PT-00500/RF-04.smt2,3.5263,0,144,成功
/pub/data/jiafq/iscas/Parser_Comparison/../benchmarks/part44/non-incremental/QF_LIA/20220307-SMPT/HouseConstruction-PT-00500/RF-05.smt2,3.93078,0,156,成功
/pub/data/jiafq/iscas/Parser_Comparison/../benchmarks/part44/non-incremental/QF_LIA/20220307-SMPT/HouseConstruction-PT-00500/RF-06.smt2,3.94546,0,152,成功
/pub/data/jiafq/iscas/Parser_Comparison/../benchmarks/part44/non-incremental/QF_LIA/20220307-SMPT/HouseConstruction-PT-00500/RF-07.smt2,6.79252,0,163,成功
/pub/data/jiafq/iscas/Parser_Comparison/../benchmarks/part44/non-incremental/QF_LIA/20220307-SMPT/HouseConstruction-PT-00500/RF-08.smt2,3.71088,0,142,成功
/pub/data/jiafq/iscas/Parser_Comparison/../benchmarks/part44/non-incremental/QF_LIA/20220307-SMPT/HouseConstruction-PT-00500/RF-09.smt2,3.29211,0,138,成功
/pub/data/jiafq/iscas/Parser_Comparison/../benchmarks/part44/non-incremental/QF_LIA/20220307-SMPT/HouseConstruction-PT-00500/RF-10.smt2,4.26678,0,168,成功
/pub/data/jiafq/iscas/Parser_Comparison/../benchmarks/part44/non-incremental/QF_LIA/20220307-SMPT/HouseConstruction-PT-00500/RF-11.smt2,6.82346,0,165,成功
/pub/data/jiafq/iscas/Parser_Comparison/../benchmarks/part44/non-incremental/QF_LIA/20220307-SMPT/HouseConstruction-PT-00500/RF-12.smt2,6.76898,0,147,成功
/pub/data/jiafq/iscas/Parser_Comparison/../benchmarks/part44/non-incremental/QF_LIA/20220307-SMPT/HouseConstruction-PT-00500/RF-13.smt2,4.19797,0,158,成功
/pub/data/jiafq/iscas/Parser_Comparison/../benchmarks/part44/non-incremental/QF_LIA/20220307-SMPT/HouseConstruction-PT-00500/RF-14.smt2,3.84781,0,156,成功
/pub/data/jiafq/iscas/Parser_Comparison/../benchmarks/part44/non-incremental/QF_LIA/20220307-SMPT/HouseConstruction-PT-00500/RF-15.smt2,3.68951,0,153,成功
/pub/data/jiafq/iscas/Parser_Comparison/../benchmarks/part44/non-incremental/QF_LIA/20220307-SMPT/HouseConstruction-PT-01000/RC-00.smt2,3.51505,0,148,成功
/pub/data/jiafq/iscas/Parser_Comparison/../benchmarks/part44/non-incremental/QF_LIA/20220307-SMPT/HouseConstruction-PT-01000/RC-01.smt2,3.55757,0,146,成功
/pub/data/jiafq/iscas/Parser_Comparison/../benchmarks/part44/non-incremental/QF_LIA/20220307-SMPT/HouseConstruction-PT-01000/RC-02.smt2,3.63668,0,144,成功
/pub/data/jiafq/iscas/Parser_Comparison/../benchmarks/part44/non-incremental/QF_LIA/20220307-SMPT/HouseConstruction-PT-01000/RC-03.smt2,3.76896,0,149,成功
/pub/data/jiafq/iscas/Parser_Comparison/../benchmarks/part44/non-incremental/QF_LIA/20220307-SMPT/HouseConstruction-PT-01000/RC-04.smt2,3.46498,0,138,成功
/pub/data/jiafq/iscas/Parser_Comparison/../benchmarks/part44/non-incremental/QF_LIA/20220307-SMPT/HouseConstruction-PT-01000/RC-05.smt2,3.67453,0,152,成功
/pub/data/jiafq/iscas/Parser_Comparison/../benchmarks/part44/non-incremental/QF_LIA/20220307-SMPT/HouseConstruction-PT-01000/RC-06.smt2,3.65515,0,144,成功
/pub/data/jiafq/iscas/Parser_Comparison/../benchmarks/part44/non-incremental/QF_LIA/20220307-SMPT/HouseConstruction-PT-01000/RC-07.smt2,3.59154,0,143,成功
/pub/data/jiafq/iscas/Parser_Comparison/../benchmarks/part44/non-incremental/QF_LIA/20220307-SMPT/HouseConstruction-PT-01000/RC-08.smt2,3.71665,0,146,成功
/pub/data/jiafq/iscas/Parser_Comparison/../benchmarks/part44/non-incremental/QF_LIA/20220307-SMPT/HouseConstruction-PT-01000/RC-09.smt2,3.7249,0,144,成功
/pub/data/jiafq/iscas/Parser_Comparison/../benchmarks/part44/non-incremental/QF_LIA/20220307-SMPT/HouseConstruction-PT-01000/RC-10.smt2,3.6452,0,141,成功
/pub/data/jiafq/iscas/Parser_Comparison/../benchmarks/part44/non-incremental/QF_LIA/20220307-SMPT/HouseConstruction-PT-01000/RC-11.smt2,3.34245,0,138,成功
/pub/data/jiafq/iscas/Parser_Comparison/../benchmarks/part44/non-incremental/QF_LIA/20220307-SMPT/HouseConstruction-PT-01000/RC-12.smt2,7.99764,0,147,成功
/pub/data/jiafq/iscas/Parser_Comparison/../benchmarks/part44/non-incremental/QF_LIA/20220307-SMPT/HouseConstruction-PT-01000/RC-13.smt2,3.9559,0,138,成功
/pub/data/jiafq/iscas/Parser_Comparison/../benchmarks/part44/non-incremental/QF_LIA/20220307-SMPT/HouseConstruction-PT-01000/RC-14.smt2,3.54123,0,149,成功
/pub/data/jiafq/iscas/Parser_Comparison/../benchmarks/part44/non-incremental/QF_LIA/20220307-SMPT/HouseConstruction-PT-01000/RC-15.smt2,3.48604,0,138,成功
/pub/data/jiafq/iscas/Parser_Comparison/../benchmarks/part44/non-incremental/QF_LIA/20220307-SMPT/HouseConstruction-PT-01000/RF-00.smt2,3.92531,0,153,成功
/pub/data/jiafq/iscas/Parser_Comparison/../benchmarks/part44/non-incremental/QF_LIA/20220307-SMPT/HouseConstruction-PT-01000/RF-01.smt2,3.73705,0,148,成功
/pub/data/jiafq/iscas/Parser_Comparison/../benchmarks/part44/non-incremental/QF_LIA/20220307-SMPT/HouseConstruction-PT-01000/RF-02.smt2,3.91523,0,163,成功
/pub/data/jiafq/iscas/Parser_Comparison/../benchmarks/part44/non-incremental/QF_LIA/20220307-SMPT/HouseConstruction-PT-01000/RF-03.smt2,3.50474,0,147,成功
/pub/data/jiafq/iscas/Parser_Comparison/../benchmarks/part44/non-incremental/QF_LIA/20220307-SMPT/HouseConstruction-PT-01000/RF-04.smt2,4.08033,0,161,成功
/pub/data/jiafq/iscas/Parser_Comparison/../benchmarks/part44/non-incremental/QF_LIA/20220307-SMPT/HouseConstruction-PT-01000/RF-05.smt2,3.35094,0,138,成功
/pub/data/jiafq/iscas/Parser_Comparison/../benchmarks/part44/non-incremental/QF_LIA/20220307-SMPT/HouseConstruction-PT-01000/RF-06.smt2,3.48318,0,141,成功
/pub/data/jiafq/iscas/Parser_Comparison/../benchmarks/part44/non-incremental/QF_LIA/20220307-SMPT/HouseConstruction-PT-01000/RF-07.smt2,3.95828,0,153,成功
/pub/data/jiafq/iscas/Parser_Comparison/../benchmarks/part44/non-incremental/QF_LIA/20220307-SMPT/HouseConstruction-PT-01000/RF-08.smt2,3.83897,0,163,成功
/pub/data/jiafq/iscas/Parser_Comparison/../benchmarks/part44/non-incremental/QF_LIA/20220307-SMPT/HouseConstruction-PT-01000/RF-09.smt2,3.55732,0,145,成功
/pub/data/jiafq/iscas/Parser_Comparison/../benchmarks/part44/non-incremental/QF_LIA/20220307-SMPT/HouseConstruction-PT-01000/RF-10.smt2,3.63859,0,148,成功
/pub/data/jiafq/iscas/Parser_Comparison/../benchmarks/part44/non-incremental/QF_LIA/20220307-SMPT/HouseConstruction-PT-01000/RF-11.smt2,3.53439,0,147,成功
/pub/data/jiafq/iscas/Parser_Comparison/../benchmarks/part44/non-incremental/QF_LIA/20220307-SMPT/HouseConstruction-PT-01000/RF-12.smt2,3.44663,0,141,成功
/pub/data/jiafq/iscas/Parser_Comparison/../benchmarks/part44/non-incremental/QF_LIA/20220307-SMPT/HouseConstruction-PT-01000/RF-13.smt2,3.6963,0,151,成功
/pub/data/jiafq/iscas/Parser_Comparison/../benchmarks/part44/non-incremental/QF_LIA/20220307-SMPT/HouseConstruction-PT-01000/RF-14.smt2,3.66284,0,151,成功
/pub/data/jiafq/iscas/Parser_Comparison/../benchmarks/part44/non-incremental/QF_LIA/20220307-SMPT/HouseConstruction-PT-02000/RC-00.smt2,3.46772,0,143,成功
/pub/data/jiafq/iscas/Parser_Comparison/../benchmarks/part44/non-incremental/QF_LIA/20220307-SMPT/HouseConstruction-PT-02000/RC-01.smt2,3.5481,0,149,成功
/pub/data/jiafq/iscas/Parser_Comparison/../benchmarks/part44/non-incremental/QF_LIA/20220307-SMPT/HouseConstruction-PT-02000/RC-02.smt2,3.60157,0,150,成功
/pub/data/jiafq/iscas/Parser_Comparison/../benchmarks/part44/non-incremental/QF_LIA/20220307-SMPT/HouseConstruction-PT-02000/RC-03.smt2,3.45355,0,138,成功
/pub/data/jiafq/iscas/Parser_Comparison/../benchmarks/part44/non-incremental/QF_LIA/20220307-SMPT/HouseConstruction-PT-02000/RC-04.smt2,3.77121,0,144,成功
/pub/data/jiafq/iscas/Parser_Comparison/../benchmarks/part44/non-incremental/QF_LIA/20220307-SMPT/HouseConstruction-PT-02000/RC-05.smt2,3.50426,0,144,成功
/pub/data/jiafq/iscas/Parser_Comparison/../benchmarks/part44/non-incremental/QF_LIA/20220307-SMPT/HouseConstruction-PT-02000/RC-06.smt2,3.48535,0,143,成功
/pub/data/jiafq/iscas/Parser_Comparison/../benchmarks/part44/non-incremental/QF_LIA/20220307-SMPT/HouseConstruction-PT-02000/RC-07.smt2,3.51021,0,145,成功
/pub/data/jiafq/iscas/Parser_Comparison/../benchmarks/part44/non-incremental/QF_LIA/20220307-SMPT/HouseConstruction-PT-02000/RC-08.smt2,3.4011,0,137,成功
/pub/data/jiafq/iscas/Parser_Comparison/../benchmarks/part44/non-incremental/QF_LIA/20220307-SMPT/HouseConstruction-PT-02000/RC-09.smt2,3.36178,0,138,成功
/pub/data/jiafq/iscas/Parser_Comparison/../benchmarks/part44/non-incremental/QF_LIA/20220307-SMPT/HouseConstruction-PT-02000/RC-10.smt2,3.5048,0,140,成功
/pub/data/jiafq/iscas/Parser_Comparison/../benchmarks/part44/non-incremental/QF_LIA/20220307-SMPT/HouseConstruction-PT-02000/RC-11.smt2,3.53213,0,144,成功
/pub/data/jiafq/iscas/Parser_Comparison/../benchmarks/part44/non-incremental/QF_LIA/20220307-SMPT/HouseConstruction-PT-02000/RC-12.smt2,3.51747,0,138,成功
/pub/data/jiafq/iscas/Parser_Comparison/../benchmarks/part44/non-incremental/QF_LIA/20220307-SMPT/HouseConstruction-PT-02000/RC-13.smt2,3.41338,0,138,成功
/pub/data/jiafq/iscas/Parser_Comparison/../benchmarks/part44/non-incremental/QF_LIA/20220307-SMPT/HouseConstruction-PT-02000/RC-14.smt2,3.50371,0,137,成功
/pub/data/jiafq/iscas/Parser_Comparison/../benchmarks/part44/non-incremental/QF_LIA/20220307-SMPT/HouseConstruction-PT-02000/RC-15.smt2,3.37275,0,138,成功
/pub/data/jiafq/iscas/Parser_Comparison/../benchmarks/part44/non-incremental/QF_LIA/20220307-SMPT/HouseConstruction-PT-02000/RF-00.smt2,3.44129,0,141,成功
/pub/data/jiafq/iscas/Parser_Comparison/../benchmarks/part44/non-incremental/QF_LIA/20220307-SMPT/HouseConstruction-PT-02000/RF-01.smt2,3.56392,0,151,成功
/pub/data/jiafq/iscas/Parser_Comparison/../benchmarks/part44/non-incremental/QF_LIA/20220307-SMPT/HouseConstruction-PT-02000/RF-02.smt2,3.96167,0,158,成功
/pub/data/jiafq/iscas/Parser_Comparison/../benchmarks/part44/non-incremental/QF_LIA/20220307-SMPT/HouseConstruction-PT-02000/RF-03.smt2,3.87754,0,164,成功
/pub/data/jiafq/iscas/Parser_Comparison/../benchmarks/part44/non-incremental/QF_LIA/20220307-SMPT/HouseConstruction-PT-02000/RF-04.smt2,4.00551,0,152,成功
/pub/data/jiafq/iscas/Parser_Comparison/../benchmarks/part44/non-incremental/QF_LIA/20220307-SMPT/HouseConstruction-PT-02000/RF-05.smt2,3.36262,0,138,成功
/pub/data/jiafq/iscas/Parser_Comparison/../benchmarks/part44/non-incremental/QF_LIA/20220307-SMPT/HouseConstruction-PT-02000/RF-06.smt2,3.94941,0,155,成功
/pub/data/jiafq/iscas/Parser_Comparison/../benchmarks/part44/non-incremental/QF_LIA/20220307-SMPT/HouseConstruction-PT-02000/RF-07.smt2,3.70728,0,149,成功
/pub/data/jiafq/iscas/Parser_Comparison/../benchmarks/part44/non-incremental/QF_LIA/20220307-SMPT/HouseConstruction-PT-02000/RF-08.smt2,3.71951,0,149,成功
/pub/data/jiafq/iscas/Parser_Comparison/../benchmarks/part44/non-incremental/QF_LIA/20220307-SMPT/HouseConstruction-PT-02000/RF-09.smt2,4.71434,0,170,成功
/pub/data/jiafq/iscas/Parser_Comparison/../benchmarks/part44/non-incremental/QF_LIA/20220307-SMPT/HouseConstruction-PT-02000/RF-10.smt2,3.81551,0,149,成功
/pub/data/jiafq/iscas/Parser_Comparison/../benchmarks/part44/non-incremental/QF_LIA/20220307-SMPT/HouseConstruction-PT-02000/RF-11.smt2,6.52839,0,153,成功
/pub/data/jiafq/iscas/Parser_Comparison/../benchmarks/part44/non-incremental/QF_LIA/20220307-SMPT/HouseConstruction-PT-02000/RF-12.smt2,4.07088,0,152,成功
/pub/data/jiafq/iscas/Parser_Comparison/../benchmarks/part44/non-incremental/QF_LIA/20220307-SMPT/HouseConstruction-PT-02000/RF-13.smt2,5.40183,0,158,成功
/pub/data/jiafq/iscas/Parser_Comparison/../benchmarks/part44/non-incremental/QF_LIA/20220307-SMPT/HouseConstruction-PT-02000/RF-14.smt2,3.57949,0,146,成功
/pub/data/jiafq/iscas/Parser_Comparison/../benchmarks/part44/non-incremental/QF_LIA/20220307-SMPT/HouseConstruction-PT-02000/RF-15.smt2,4.18673,0,141,成功
/pub/data/jiafq/iscas/Parser_Comparison/../benchmarks/part44/non-incremental/QF_LIA/20220307-SMPT/HouseConstruction-PT-04000/RC-00.smt2,3.20115,0,138,成功
/pub/data/jiafq/iscas/Parser_Comparison/../benchmarks/part44/non-incremental/QF_LIA/20220307-SMPT/HouseConstruction-PT-04000/RC-01.smt2,3.64725,0,152,成功
/pub/data/jiafq/iscas/Parser_Comparison/../benchmarks/part44/non-incremental/QF_LIA/20220307-SMPT/HouseConstruction-PT-04000/RC-02.smt2,8.3696,0,145,成功
/pub/data/jiafq/iscas/Parser_Comparison/../benchmarks/part44/non-incremental/QF_LIA/20220307-SMPT/HouseConstruction-PT-04000/RC-03.smt2,7.6958,0,143,成功
/pub/data/jiafq/iscas/Parser_Comparison/../benchmarks/part44/non-incremental/QF_LIA/20220307-SMPT/HouseConstruction-PT-04000/RC-04.smt2,3.53429,0,144,成功
/pub/data/jiafq/iscas/Parser_Comparison/../benchmarks/part44/non-incremental/QF_LIA/20220307-SMPT/HouseConstruction-PT-04000/RC-05.smt2,3.53354,0,144,成功
/pub/data/jiafq/iscas/Parser_Comparison/../benchmarks/part44/non-incremental/QF_LIA/20220307-SMPT/HouseConstruction-PT-04000/RC-06.smt2,3.73719,0,141,成功
/pub/data/jiafq/iscas/Parser_Comparison/../benchmarks/part44/non-incremental/QF_LIA/20220307-SMPT/HouseConstruction-PT-04000/RC-07.smt2,3.75229,0,150,成功
/pub/data/jiafq/iscas/Parser_Comparison/../benchmarks/part44/non-incremental/QF_LIA/20220307-SMPT/HouseConstruction-PT-04000/RC-08.smt2,3.44174,0,140,成功
/pub/data/jiafq/iscas/Parser_Comparison/../benchmarks/part44/non-incremental/QF_LIA/20220307-SMPT/HouseConstruction-PT-04000/RC-09.smt2,3.8198,0,145,成功
/pub/data/jiafq/iscas/Parser_Comparison/../benchmarks/part44/non-incremental/QF_LIA/20220307-SMPT/HouseConstruction-PT-04000/RC-10.smt2,3.52893,0,142,成功
/pub/data/jiafq/iscas/Parser_Comparison/../benchmarks/part44/non-incremental/QF_LIA/20220307-SMPT/HouseConstruction-PT-04000/RC-11.smt2,3.65826,0,146,成功
/pub/data/jiafq/iscas/Parser_Comparison/../benchmarks/part44/non-incremental/QF_LIA/20220307-SMPT/HouseConstruction-PT-04000/RC-12.smt2,3.33655,0,138,成功
/pub/data/jiafq/iscas/Parser_Comparison/../benchmarks/part44/non-incremental/QF_LIA/20220307-SMPT/HouseConstruction-PT-04000/RC-13.smt2,3.49834,0,146,成功
/pub/data/jiafq/iscas/Parser_Comparison/../benchmarks/part44/non-incremental/QF_LIA/20220307-SMPT/HouseConstruction-PT-04000/RC-14.smt2,3.5523,0,138,成功
/pub/data/jiafq/iscas/Parser_Comparison/../benchmarks/part44/non-incremental/QF_LIA/20220307-SMPT/HouseConstruction-PT-04000/RC-15.smt2,3.50593,0,141,成功
/pub/data/jiafq/iscas/Parser_Comparison/../benchmarks/part44/non-incremental/QF_LIA/20220307-SMPT/HouseConstruction-PT-04000/RF-00.smt2,3.40597,0,141,成功
/pub/data/jiafq/iscas/Parser_Comparison/../benchmarks/part44/non-incremental/QF_LIA/20220307-SMPT/HouseConstruction-PT-04000/RF-01.smt2,3.82561,0,152,成功
/pub/data/jiafq/iscas/Parser_Comparison/../benchmarks/part44/non-incremental/QF_LIA/20220307-SMPT/HouseConstruction-PT-04000/RF-02.smt2,3.69439,0,155,成功
/pub/data/jiafq/iscas/Parser_Comparison/../benchmarks/part44/non-incremental/QF_LIA/20220307-SMPT/HouseConstruction-PT-04000/RF-03.smt2,3.67489,0,147,成功
/pub/data/jiafq/iscas/Parser_Comparison/../benchmarks/part44/non-incremental/QF_LIA/20220307-SMPT/HouseConstruction-PT-04000/RF-04.smt2,4.12506,0,158,成功
/pub/data/jiafq/iscas/Parser_Comparison/../benchmarks/part44/non-incremental/QF_LIA/20220307-SMPT/HouseConstruction-PT-04000/RF-05.smt2,3.48809,0,143,成功
/pub/data/jiafq/iscas/Parser_Comparison/../benchmarks/part44/non-incremental/QF_LIA/20220307-SMPT/HouseConstruction-PT-04000/RF-06.smt2,3.91454,0,155,成功
/pub/data/jiafq/iscas/Parser_Comparison/../benchmarks/part44/non-incremental/QF_LIA/20220307-SMPT/HouseConstruction-PT-04000/RF-07.smt2,3.99643,0,162,成功
/pub/data/jiafq/iscas/Parser_Comparison/../benchmarks/part44/non-incremental/QF_LIA/20220307-SMPT/HouseConstruction-PT-04000/RF-08.smt2,3.80301,0,156,成功
/pub/data/jiafq/iscas/Parser_Comparison/../benchmarks/part44/non-incremental/QF_LIA/20220307-SMPT/HouseConstruction-PT-04000/RF-09.smt2,3.47615,0,142,成功
/pub/data/jiafq/iscas/Parser_Comparison/../benchmarks/part44/non-incremental/QF_LIA/20220307-SMPT/HouseConstruction-PT-04000/RF-10.smt2,3.53494,0,143,成功
/pub/data/jiafq/iscas/Parser_Comparison/../benchmarks/part44/non-incremental/QF_LIA/20220307-SMPT/HouseConstruction-PT-04000/RF-11.smt2,3.77181,0,141,成功
/pub/data/jiafq/iscas/Parser_Comparison/../benchmarks/part44/non-incremental/QF_LIA/20220307-SMPT/HouseConstruction-PT-04000/RF-12.smt2,4.3338,0,157,成功
/pub/data/jiafq/iscas/Parser_Comparison/../benchmarks/part44/non-incremental/QF_LIA/20220307-SMPT/HouseConstruction-PT-04000/RF-13.smt2,3.59187,0,149,成功
/pub/data/jiafq/iscas/Parser_Comparison/../benchmarks/part44/non-incremental/QF_LIA/20220307-SMPT/HouseConstruction-PT-04000/RF-14.smt2,4.01394,0,158,成功
/pub/data/jiafq/iscas/Parser_Comparison/../benchmarks/part44/non-incremental/QF_LIA/20220307-SMPT/HouseConstruction-PT-04000/RF-15.smt2,3.67201,0,153,成功
/pub/data/jiafq/iscas/Parser_Comparison/../benchmarks/part44/non-incremental/QF_LIA/20220307-SMPT/HouseConstruction-PT-08000/RC-00.smt2,3.36127,0,138,成功
/pub/data/jiafq/iscas/Parser_Comparison/../benchmarks/part44/non-incremental/QF_LIA/20220307-SMPT/HouseConstruction-PT-08000/RC-01.smt2,3.48367,0,138,成功
/pub/data/jiafq/iscas/Parser_Comparison/../benchmarks/part44/non-incremental/QF_LIA/20220307-SMPT/HouseConstruction-PT-08000/RC-02.smt2,3.57207,0,146,成功
/pub/data/jiafq/iscas/Parser_Comparison/../benchmarks/part44/non-incremental/QF_LIA/20220307-SMPT/HouseConstruction-PT-08000/RC-03.smt2,3.43512,0,140,成功
/pub/data/jiafq/iscas/Parser_Comparison/../benchmarks/part44/non-incremental/QF_LIA/20220307-SMPT/HouseConstruction-PT-08000/RC-04.smt2,3.47958,0,145,成功
/pub/data/jiafq/iscas/Parser_Comparison/../benchmarks/part44/non-incremental/QF_LIA/20220307-SMPT/HouseConstruction-PT-08000/RC-05.smt2,3.48779,0,138,成功
/pub/data/jiafq/iscas/Parser_Comparison/../benchmarks/part44/non-incremental/QF_LIA/20220307-SMPT/HouseConstruction-PT-08000/RC-06.smt2,3.59383,0,152,成功
/pub/data/jiafq/iscas/Parser_Comparison/../benchmarks/part44/non-incremental/QF_LIA/20220307-SMPT/HouseConstruction-PT-08000/RC-07.smt2,3.36804,0,137,成功
/pub/data/jiafq/iscas/Parser_Comparison/../benchmarks/part44/non-incremental/QF_LIA/20220307-SMPT/HouseConstruction-PT-08000/RC-08.smt2,3.5311,0,144,成功
/pub/data/jiafq/iscas/Parser_Comparison/../benchmarks/part44/non-incremental/QF_LIA/20220307-SMPT/HouseConstruction-PT-08000/RC-09.smt2,7.60603,0,141,成功
/pub/data/jiafq/iscas/Parser_Comparison/../benchmarks/part44/non-incremental/QF_LIA/20220307-SMPT/HouseConstruction-PT-08000/RC-10.smt2,5.26843,0,147,成功
/pub/data/jiafq/iscas/Parser_Comparison/../benchmarks/part44/non-incremental/QF_LIA/20220307-SMPT/HouseConstruction-PT-08000/RC-11.smt2,4.35179,0,150,成功
/pub/data/jiafq/iscas/Parser_Comparison/../benchmarks/part44/non-incremental/QF_LIA/20220307-SMPT/HouseConstruction-PT-08000/RC-12.smt2,3.53458,0,147,成功
/pub/data/jiafq/iscas/Parser_Comparison/../benchmarks/part44/non-incremental/QF_LIA/20220307-SMPT/HouseConstruction-PT-08000/RC-13.smt2,3.4738,0,144,成功
/pub/data/jiafq/iscas/Parser_Comparison/../benchmarks/part44/non-incremental/QF_LIA/20220307-SMPT/HouseConstruction-PT-08000/RC-14.smt2,3.62235,0,145,成功
/pub/data/jiafq/iscas/Parser_Comparison/../benchmarks/part44/non-incremental/QF_LIA/20220307-SMPT/HouseConstruction-PT-08000/RC-15.smt2,3.40231,0,142,成功
/pub/data/jiafq/iscas/Parser_Comparison/../benchmarks/part44/non-incremental/QF_LIA/20220307-SMPT/HouseConstruction-PT-08000/RF-00.smt2,3.28615,0,138,成功
/pub/data/jiafq/iscas/Parser_Comparison/../benchmarks/part44/non-incremental/QF_LIA/20220307-SMPT/HouseConstruction-PT-08000/RF-02.smt2,3.75772,0,160,成功
/pub/data/jiafq/iscas/Parser_Comparison/../benchmarks/part44/non-incremental/QF_LIA/20220307-SMPT/HouseConstruction-PT-08000/RF-03.smt2,3.75716,0,147,成功
/pub/data/jiafq/iscas/Parser_Comparison/../benchmarks/part44/non-incremental/QF_LIA/20220307-SMPT/HouseConstruction-PT-08000/RF-04.smt2,4.05877,0,159,成功
/pub/data/jiafq/iscas/Parser_Comparison/../benchmarks/part44/non-incremental/QF_LIA/20220307-SMPT/HouseConstruction-PT-08000/RF-05.smt2,3.77821,0,160,成功
/pub/data/jiafq/iscas/Parser_Comparison/../benchmarks/part44/non-incremental/QF_LIA/20220307-SMPT/HouseConstruction-PT-08000/RF-07.smt2,4.12948,0,154,成功
/pub/data/jiafq/iscas/Parser_Comparison/../benchmarks/part44/non-incremental/QF_LIA/20220307-SMPT/HouseConstruction-PT-08000/RF-08.smt2,3.60839,0,154,成功
/pub/data/jiafq/iscas/Parser_Comparison/../benchmarks/part44/non-incremental/QF_LIA/20220307-SMPT/HouseConstruction-PT-08000/RF-09.smt2,3.63146,0,148,成功
/pub/data/jiafq/iscas/Parser_Comparison/../benchmarks/part44/non-incremental/QF_LIA/20220307-SMPT/HouseConstruction-PT-08000/RF-10.smt2,3.61784,0,148,成功
/pub/data/jiafq/iscas/Parser_Comparison/../benchmarks/part44/non-incremental/QF_LIA/20220307-SMPT/HouseConstruction-PT-08000/RF-11.smt2,3.41153,0,142,成功
/pub/data/jiafq/iscas/Parser_Comparison/../benchmarks/part44/non-incremental/QF_LIA/20220307-SMPT/HouseConstruction-PT-08000/RF-12.smt2,3.55915,0,148,成功
/pub/data/jiafq/iscas/Parser_Comparison/../benchmarks/part44/non-incremental/QF_LIA/20220307-SMPT/HouseConstruction-PT-08000/RF-13.smt2,3.35812,0,141,成功
/pub/data/jiafq/iscas/Parser_Comparison/../benchmarks/part44/non-incremental/QF_LIA/20220307-SMPT/HouseConstruction-PT-08000/RF-14.smt2,3.83122,0,158,成功
/pub/data/jiafq/iscas/Parser_Comparison/../benchmarks/part44/non-incremental/QF_LIA/20220307-SMPT/HouseConstruction-PT-08000/RF-15.smt2,4.27415,0,161,成功
/pub/data/jiafq/iscas/Parser_Comparison/../benchmarks/part44/non-incremental/QF_LIA/20220307-SMPT/HouseConstruction-PT-16000/RC-00.smt2,3.46456,0,138,成功
/pub/data/jiafq/iscas/Parser_Comparison/../benchmarks/part44/non-incremental/QF_LIA/20220307-SMPT/HouseConstruction-PT-16000/RC-01.smt2,3.93985,0,149,成功
/pub/data/jiafq/iscas/Parser_Comparison/../benchmarks/part44/non-incremental/QF_LIA/20220307-SMPT/HouseConstruction-PT-16000/RC-02.smt2,3.54977,0,143,成功
/pub/data/jiafq/iscas/Parser_Comparison/../benchmarks/part44/non-incremental/QF_LIA/20220307-SMPT/HouseConstruction-PT-16000/RC-03.smt2,3.40105,0,140,成功
/pub/data/jiafq/iscas/Parser_Comparison/../benchmarks/part44/non-incremental/QF_LIA/20220307-SMPT/HouseConstruction-PT-16000/RC-04.smt2,3.33113,0,137,成功
/pub/data/jiafq/iscas/Parser_Comparison/../benchmarks/part44/non-incremental/QF_LIA/20220307-SMPT/HouseConstruction-PT-16000/RC-05.smt2,3.4329,0,145,成功
/pub/data/jiafq/iscas/Parser_Comparison/../benchmarks/part44/non-incremental/QF_LIA/20220307-SMPT/HouseConstruction-PT-16000/RC-06.smt2,3.33043,0,137,成功
/pub/data/jiafq/iscas/Parser_Comparison/../benchmarks/part44/non-incremental/QF_LIA/20220307-SMPT/HouseConstruction-PT-16000/RC-07.smt2,3.59103,0,152,成功
/pub/data/jiafq/iscas/Parser_Comparison/../benchmarks/part44/non-incremental/QF_LIA/20220307-SMPT/HouseConstruction-PT-16000/RC-08.smt2,3.58062,0,146,成功
/pub/data/jiafq/iscas/Parser_Comparison/../benchmarks/part44/non-incremental/QF_LIA/20220307-SMPT/HouseConstruction-PT-16000/RC-09.smt2,3.64517,0,147,成功
/pub/data/jiafq/iscas/Parser_Comparison/../benchmarks/part44/non-incremental/QF_LIA/20220307-SMPT/HouseConstruction-PT-16000/RC-10.smt2,4.81744,0,148,成功
/pub/data/jiafq/iscas/Parser_Comparison/../benchmarks/part44/non-incremental/QF_LIA/20220307-SMPT/HouseConstruction-PT-16000/RC-11.smt2,3.53207,0,146,成功
/pub/data/jiafq/iscas/Parser_Comparison/../benchmarks/part44/non-incremental/QF_LIA/20220307-SMPT/HouseConstruction-PT-16000/RC-12.smt2,4.13685,0,141,成功
/pub/data/jiafq/iscas/Parser_Comparison/../benchmarks/part44/non-incremental/QF_LIA/20220307-SMPT/HouseConstruction-PT-16000/RC-13.smt2,3.31875,0,137,成功
/pub/data/jiafq/iscas/Parser_Comparison/../benchmarks/part44/non-incremental/QF_LIA/20220307-SMPT/HouseConstruction-PT-16000/RC-14.smt2,3.43628,0,138,成功
/pub/data/jiafq/iscas/Parser_Comparison/../benchmarks/part44/non-incremental/QF_LIA/20220307-SMPT/HouseConstruction-PT-16000/RC-15.smt2,3.61289,0,145,成功
/pub/data/jiafq/iscas/Parser_Comparison/../benchmarks/part44/non-incremental/QF_LIA/20220307-SMPT/HouseConstruction-PT-16000/RF-00.smt2,3.7258,0,154,成功
/pub/data/jiafq/iscas/Parser_Comparison/../benchmarks/part44/non-incremental/QF_LIA/20220307-SMPT/HouseConstruction-PT-16000/RF-01.smt2,3.53774,0,143,成功
/pub/data/jiafq/iscas/Parser_Comparison/../benchmarks/part44/non-incremental/QF_LIA/20220307-SMPT/HouseConstruction-PT-16000/RF-02.smt2,3.74176,0,154,成功
/pub/data/jiafq/iscas/Parser_Comparison/../benchmarks/part44/non-incremental/QF_LIA/20220307-SMPT/HouseConstruction-PT-16000/RF-03.smt2,9.17334,0,150,成功
/pub/data/jiafq/iscas/Parser_Comparison/../benchmarks/part44/non-incremental/QF_LIA/20220307-SMPT/HouseConstruction-PT-16000/RF-04.smt2,4.81543,0,141,成功
/pub/data/jiafq/iscas/Parser_Comparison/../benchmarks/part44/non-incremental/QF_LIA/20220307-SMPT/HouseConstruction-PT-16000/RF-05.smt2,4.0305,0,148,成功
/pub/data/jiafq/iscas/Parser_Comparison/../benchmarks/part44/non-incremental/QF_LIA/20220307-SMPT/HouseConstruction-PT-16000/RF-06.smt2,7.57536,0,141,成功
/pub/data/jiafq/iscas/Parser_Comparison/../benchmarks/part44/non-incremental/QF_LIA/20220307-SMPT/HouseConstruction-PT-16000/RF-07.smt2,8.15957,0,152,成功
/pub/data/jiafq/iscas/Parser_Comparison/../benchmarks/part44/non-incremental/QF_LIA/20220307-SMPT/HouseConstruction-PT-16000/RF-08.smt2,7.18714,0,155,成功
/pub/data/jiafq/iscas/Parser_Comparison/../benchmarks/part44/non-incremental/QF_LIA/20220307-SMPT/HouseConstruction-PT-16000/RF-09.smt2,7.86654,0,148,成功
/pub/data/jiafq/iscas/Parser_Comparison/../benchmarks/part44/non-incremental/QF_LIA/20220307-SMPT/HouseConstruction-PT-16000/RF-10.smt2,11.7312,0,165,成功
/pub/data/jiafq/iscas/Parser_Comparison/../benchmarks/part44/non-incremental/QF_LIA/20220307-SMPT/HouseConstruction-PT-16000/RF-11.smt2,5.30736,0,143,成功
/pub/data/jiafq/iscas/Parser_Comparison/../benchmarks/part44/non-incremental/QF_LIA/20220307-SMPT/HouseConstruction-PT-16000/RF-12.smt2,7.55058,0,148,成功
/pub/data/jiafq/iscas/Parser_Comparison/../benchmarks/part44/non-incremental/QF_LIA/20220307-SMPT/HouseConstruction-PT-16000/RF-13.smt2,7.59894,0,145,成功
/pub/data/jiafq/iscas/Parser_Comparison/../benchmarks/part44/non-incremental/QF_LIA/20220307-SMPT/HouseConstruction-PT-16000/RF-14.smt2,7.76154,0,143,成功
/pub/data/jiafq/iscas/Parser_Comparison/../benchmarks/part44/non-incremental/QF_LIA/20220307-SMPT/HouseConstruction-PT-16000/RF-15.smt2,6.61592,0,146,成功
/pub/data/jiafq/iscas/Parser_Comparison/../benchmarks/part44/non-incremental/QF_LIA/20220307-SMPT/HouseConstruction-PT-32000/RC-00.smt2,5.58441,0,137,成功
/pub/data/jiafq/iscas/Parser_Comparison/../benchmarks/part44/non-incremental/QF_LIA/20220307-SMPT/HouseConstruction-PT-32000/RC-01.smt2,7.44967,0,147,成功
/pub/data/jiafq/iscas/Parser_Comparison/../benchmarks/part44/non-incremental/QF_LIA/20220307-SMPT/HouseConstruction-PT-32000/RC-02.smt2,7.50904,0,137,成功
/pub/data/jiafq/iscas/Parser_Comparison/../benchmarks/part44/non-incremental/QF_LIA/20220307-SMPT/HouseConstruction-PT-32000/RC-03.smt2,7.0621,0,139,成功
/pub/data/jiafq/iscas/Parser_Comparison/../benchmarks/part44/non-incremental/QF_LIA/20220307-SMPT/HouseConstruction-PT-32000/RC-04.smt2,6.52165,0,151,成功
/pub/data/jiafq/iscas/Parser_Comparison/../benchmarks/part44/non-incremental/QF_LIA/20220307-SMPT/HouseConstruction-PT-32000/RC-05.smt2,5.49801,0,138,成功
/pub/data/jiafq/iscas/Parser_Comparison/../benchmarks/part44/non-incremental/QF_LIA/20220307-SMPT/HouseConstruction-PT-32000/RC-06.smt2,6.54114,0,152,成功
/pub/data/jiafq/iscas/Parser_Comparison/../benchmarks/part44/non-incremental/QF_LIA/20220307-SMPT/HouseConstruction-PT-32000/RC-07.smt2,5.78127,0,138,成功
/pub/data/jiafq/iscas/Parser_Comparison/../benchmarks/part44/non-incremental/QF_LIA/20220307-SMPT/HouseConstruction-PT-32000/RC-08.smt2,7.45833,0,150,成功
/pub/data/jiafq/iscas/Parser_Comparison/../benchmarks/part44/non-incremental/QF_LIA/20220307-SMPT/HouseConstruction-PT-32000/RC-09.smt2,7.45448,0,143,成功
/pub/data/jiafq/iscas/Parser_Comparison/../benchmarks/part44/non-incremental/QF_LIA/20220307-SMPT/HouseConstruction-PT-32000/RC-10.smt2,7.85852,0,152,成功
/pub/data/jiafq/iscas/Parser_Comparison/../benchmarks/part44/non-incremental/QF_LIA/20220307-SMPT/HouseConstruction-PT-32000/RC-11.smt2,5.63328,0,139,成功
/pub/data/jiafq/iscas/Parser_Comparison/../benchmarks/part44/non-incremental/QF_LIA/20220307-SMPT/HouseConstruction-PT-32000/RC-12.smt2,6.4101,0,147,成功
/pub/data/jiafq/iscas/Parser_Comparison/../benchmarks/part44/non-incremental/QF_LIA/20220307-SMPT/HouseConstruction-PT-32000/RC-13.smt2,5.86237,0,140,成功
/pub/data/jiafq/iscas/Parser_Comparison/../benchmarks/part44/non-incremental/QF_LIA/20220307-SMPT/HouseConstruction-PT-32000/RC-14.smt2,4.32227,0,142,成功
/pub/data/jiafq/iscas/Parser_Comparison/../benchmarks/part44/non-incremental/QF_LIA/20220307-SMPT/HouseConstruction-PT-32000/RC-15.smt2,4.02813,0,141,成功
/pub/data/jiafq/iscas/Parser_Comparison/../benchmarks/part44/non-incremental/QF_LIA/20220307-SMPT/HouseConstruction-PT-32000/RF-00.smt2,3.8826,0,151,成功
/pub/data/jiafq/iscas/Parser_Comparison/../benchmarks/part44/non-incremental/QF_LIA/20220307-SMPT/HouseConstruction-PT-32000/RF-01.smt2,3.75072,0,151,成功
/pub/data/jiafq/iscas/Parser_Comparison/../benchmarks/part44/non-incremental/QF_LIA/20220307-SMPT/HouseConstruction-PT-32000/RF-02.smt2,7.96028,0,141,成功
/pub/data/jiafq/iscas/Parser_Comparison/../benchmarks/part44/non-incremental/QF_LIA/20220307-SMPT/HouseConstruction-PT-32000/RF-03.smt2,4.02878,0,142,成功
/pub/data/jiafq/iscas/Parser_Comparison/../benchmarks/part44/non-incremental/QF_LIA/20220307-SMPT/HouseConstruction-PT-32000/RF-04.smt2,4.49506,0,155,成功
/pub/data/jiafq/iscas/Parser_Comparison/../benchmarks/part44/non-incremental/QF_LIA/20220307-SMPT/HouseConstruction-PT-32000/RF-05.smt2,7.60396,0,143,成功
/pub/data/jiafq/iscas/Parser_Comparison/../benchmarks/part44/non-incremental/QF_LIA/20220307-SMPT/HouseConstruction-PT-32000/RF-06.smt2,9.11102,0,158,成功
/pub/data/jiafq/iscas/Parser_Comparison/../benchmarks/part44/non-incremental/QF_LIA/20220307-SMPT/HouseConstruction-PT-32000/RF-07.smt2,8.63056,0,160,成功
/pub/data/jiafq/iscas/Parser_Comparison/../benchmarks/part44/non-incremental/QF_LIA/20220307-SMPT/HouseConstruction-PT-32000/RF-08.smt2,5.64099,0,141,成功
/pub/data/jiafq/iscas/Parser_Comparison/../benchmarks/part44/non-incremental/QF_LIA/20220307-SMPT/HouseConstruction-PT-32000/RF-09.smt2,6.64358,0,154,成功
/pub/data/jiafq/iscas/Parser_Comparison/../benchmarks/part44/non-incremental/QF_LIA/20220307-SMPT/HouseConstruction-PT-32000/RF-10.smt2,8.27939,0,148,成功
/pub/data/jiafq/iscas/Parser_Comparison/../benchmarks/part44/non-incremental/QF_LIA/20220307-SMPT/HouseConstruction-PT-32000/RF-11.smt2,8.9323,0,160,成功
/pub/data/jiafq/iscas/Parser_Comparison/../benchmarks/part44/non-incremental/QF_LIA/20220307-SMPT/HouseConstruction-PT-32000/RF-12.smt2,8.72354,0,151,成功
/pub/data/jiafq/iscas/Parser_Comparison/../benchmarks/part44/non-incremental/QF_LIA/20220307-SMPT/HouseConstruction-PT-32000/RF-13.smt2,6.99489,0,152,成功
/pub/data/jiafq/iscas/Parser_Comparison/../benchmarks/part44/non-incremental/QF_LIA/20220307-SMPT/HouseConstruction-PT-32000/RF-14.smt2,7.43857,0,138,成功
/pub/data/jiafq/iscas/Parser_Comparison/../benchmarks/part44/non-incremental/QF_LIA/20220307-SMPT/HouseConstruction-PT-32000/RF-15.smt2,8.23308,0,152,成功
/pub/data/jiafq/iscas/Parser_Comparison/../benchmarks/part44/non-incremental/QF_LIA/20220307-SMPT/HypertorusGrid-PT-d2k1p8b00/RC-00.smt2,4.15131,0,82,成功
/pub/data/jiafq/iscas/Parser_Comparison/../benchmarks/part44/non-incremental/QF_LIA/20220307-SMPT/HypertorusGrid-PT-d2k1p8b00/RC-01.smt2,3.83357,0,81,成功
/pub/data/jiafq/iscas/Parser_Comparison/../benchmarks/part44/non-incremental/QF_LIA/20220307-SMPT/HypertorusGrid-PT-d2k1p8b00/RC-02.smt2,4.86876,0,81,成功
/pub/data/jiafq/iscas/Parser_Comparison/../benchmarks/part44/non-incremental/QF_LIA/20220307-SMPT/HypertorusGrid-PT-d2k1p8b00/RC-03.smt2,2.61627,0,85,成功
/pub/data/jiafq/iscas/Parser_Comparison/../benchmarks/part44/non-incremental/QF_LIA/20220307-SMPT/HypertorusGrid-PT-d2k1p8b00/RC-04.smt2,5.32988,0,81,成功
/pub/data/jiafq/iscas/Parser_Comparison/../benchmarks/part44/non-incremental/QF_LIA/20220307-SMPT/HypertorusGrid-PT-d2k1p8b00/RC-05.smt2,5.46996,0,81,成功
/pub/data/jiafq/iscas/Parser_Comparison/../benchmarks/part44/non-incremental/QF_LIA/20220307-SMPT/HypertorusGrid-PT-d2k1p8b00/RC-06.smt2,5.23905,0,82,成功
/pub/data/jiafq/iscas/Parser_Comparison/../benchmarks/part44/non-incremental/QF_LIA/20220307-SMPT/HypertorusGrid-PT-d2k1p8b00/RC-07.smt2,2.88266,0,88,成功
/pub/data/jiafq/iscas/Parser_Comparison/../benchmarks/part44/non-incremental/QF_LIA/20220307-SMPT/HypertorusGrid-PT-d2k1p8b00/RC-08.smt2,2.39629,0,81,成功
/pub/data/jiafq/iscas/Parser_Comparison/../benchmarks/part44/non-incremental/QF_LIA/20220307-SMPT/HypertorusGrid-PT-d2k1p8b00/RC-09.smt2,6.09927,0,92,成功
/pub/data/jiafq/iscas/Parser_Comparison/../benchmarks/part44/non-incremental/QF_LIA/20220307-SMPT/HypertorusGrid-PT-d2k1p8b00/RC-10.smt2,4.74307,0,87,成功
/pub/data/jiafq/iscas/Parser_Comparison/../benchmarks/part44/non-incremental/QF_LIA/20220307-SMPT/HypertorusGrid-PT-d2k1p8b00/RC-11.smt2,5.53397,0,81,成功
/pub/data/jiafq/iscas/Parser_Comparison/../benchmarks/part44/non-incremental/QF_LIA/20220307-SMPT/HypertorusGrid-PT-d2k1p8b00/RC-12.smt2,5.79827,0,86,成功
/pub/data/jiafq/iscas/Parser_Comparison/../benchmarks/part44/non-incremental/QF_LIA/20220307-SMPT/HypertorusGrid-PT-d2k1p8b00/RC-13.smt2,6.23245,0,96,成功
/pub/data/jiafq/iscas/Parser_Comparison/../benchmarks/part44/non-incremental/QF_LIA/20220307-SMPT/HypertorusGrid-PT-d2k1p8b00/RC-14.smt2,5.36174,0,82,成功
/pub/data/jiafq/iscas/Parser_Comparison/../benchmarks/part44/non-incremental/QF_LIA/20220307-SMPT/HypertorusGrid-PT-d2k1p8b00/RC-15.smt2,6.20009,0,93,成功
/pub/data/jiafq/iscas/Parser_Comparison/../benchmarks/part44/non-incremental/QF_LIA/20220307-SMPT/HypertorusGrid-PT-d2k1p8b00/RF-00.smt2,6.16097,0,88,成功
/pub/data/jiafq/iscas/Parser_Comparison/../benchmarks/part44/non-incremental/QF_LIA/20220307-SMPT/HypertorusGrid-PT-d2k1p8b00/RF-01.smt2,7.03395,0,100,成功
/pub/data/jiafq/iscas/Parser_Comparison/../benchmarks/part44/non-incremental/QF_LIA/20220307-SMPT/HypertorusGrid-PT-d2k1p8b00/RF-02.smt2,4.32882,0,90,成功
/pub/data/jiafq/iscas/Parser_Comparison/../benchmarks/part44/non-incremental/QF_LIA/20220307-SMPT/HypertorusGrid-PT-d2k1p8b00/RF-03.smt2,5.22592,0,87,成功
/pub/data/jiafq/iscas/Parser_Comparison/../benchmarks/part44/non-incremental/QF_LIA/20220307-SMPT/HypertorusGrid-PT-d2k1p8b00/RF-04.smt2,7.02147,0,98,成功
/pub/data/jiafq/iscas/Parser_Comparison/../benchmarks/part44/non-incremental/QF_LIA/20220307-SMPT/HypertorusGrid-PT-d2k1p8b00/RF-05.smt2,6.10375,0,86,成功
/pub/data/jiafq/iscas/Parser_Comparison/../benchmarks/part44/non-incremental/QF_LIA/20220307-SMPT/HypertorusGrid-PT-d2k1p8b00/RF-06.smt2,6.59953,0,99,成功
/pub/data/jiafq/iscas/Parser_Comparison/../benchmarks/part44/non-incremental/QF_LIA/20220307-SMPT/HypertorusGrid-PT-d2k1p8b00/RF-07.smt2,7.36485,0,90,成功
/pub/data/jiafq/iscas/Parser_Comparison/../benchmarks/part44/non-incremental/QF_LIA/20220307-SMPT/HypertorusGrid-PT-d2k1p8b00/RF-08.smt2,9.19362,0,109,成功
/pub/data/jiafq/iscas/Parser_Comparison/../benchmarks/part44/non-incremental/QF_LIA/20220307-SMPT/HypertorusGrid-PT-d2k1p8b00/RF-09.smt2,5.23163,0,99,成功
/pub/data/jiafq/iscas/Parser_Comparison/../benchmarks/part44/non-incremental/QF_LIA/20220307-SMPT/HypertorusGrid-PT-d2k1p8b00/RF-10.smt2,8.13292,0,99,成功
/pub/data/jiafq/iscas/Parser_Comparison/../benchmarks/part44/non-incremental/QF_LIA/20220307-SMPT/HypertorusGrid-PT-d2k1p8b00/RF-11.smt2,9.42541,0,104,成功
/pub/data/jiafq/iscas/Parser_Comparison/../benchmarks/part44/non-incremental/QF_LIA/20220307-SMPT/HypertorusGrid-PT-d2k1p8b00/RF-12.smt2,6.46375,0,101,成功
/pub/data/jiafq/iscas/Parser_Comparison/../benchmarks/part44/non-incremental/QF_LIA/20220307-SMPT/HypertorusGrid-PT-d2k1p8b00/RF-13.smt2,6.11653,0,101,成功
/pub/data/jiafq/iscas/Parser_Comparison/../benchmarks/part44/non-incremental/QF_LIA/20220307-SMPT/HypertorusGrid-PT-d2k1p8b00/RF-14.smt2,4.73562,0,86,成功
/pub/data/jiafq/iscas/Parser_Comparison/../benchmarks/part44/non-incremental/QF_LIA/20220307-SMPT/HypertorusGrid-PT-d2k1p8b00/RF-15.smt2,9.75468,0,106,成功
/pub/data/jiafq/iscas/Parser_Comparison/../benchmarks/part44/non-incremental/QF_LIA/20220307-SMPT/IOTPpurchase-PT-C01M01P01D01/RC-00.smt2,26.3856,0,483,成功
/pub/data/jiafq/iscas/Parser_Comparison/../benchmarks/part44/non-incremental/QF_LIA/20220307-SMPT/IOTPpurchase-PT-C01M01P01D01/RC-01.smt2,24.9021,0,489,成功
/pub/data/jiafq/iscas/Parser_Comparison/../benchmarks/part44/non-incremental/QF_LIA/20220307-SMPT/IOTPpurchase-PT-C01M01P01D01/RC-02.smt2,23.8716,0,490,成功
/pub/data/jiafq/iscas/Parser_Comparison/../benchmarks/part44/non-incremental/QF_LIA/20220307-SMPT/IOTPpurchase-PT-C01M01P01D01/RC-03.smt2,21.9713,0,483,成功
/pub/data/jiafq/iscas/Parser_Comparison/../benchmarks/part44/non-incremental/QF_LIA/20220307-SMPT/IOTPpurchase-PT-C01M01P01D01/RC-04.smt2,18.5661,0,483,成功
/pub/data/jiafq/iscas/Parser_Comparison/../benchmarks/part44/non-incremental/QF_LIA/20220307-SMPT/IOTPpurchase-PT-C01M01P01D01/RC-05.smt2,19.5533,0,484,成功
/pub/data/jiafq/iscas/Parser_Comparison/../benchmarks/part44/non-incremental/QF_LIA/20220307-SMPT/IOTPpurchase-PT-C01M01P01D01/RC-06.smt2,23.5426,0,490,成功
/pub/data/jiafq/iscas/Parser_Comparison/../benchmarks/part44/non-incremental/QF_LIA/20220307-SMPT/IOTPpurchase-PT-C01M01P01D01/RC-07.smt2,25.7468,0,483,成功
/pub/data/jiafq/iscas/Parser_Comparison/../benchmarks/part44/non-incremental/QF_LIA/20220307-SMPT/IOTPpurchase-PT-C01M01P01D01/RC-08.smt2,25.9735,0,483,成功
/pub/data/jiafq/iscas/Parser_Comparison/../benchmarks/part44/non-incremental/QF_LIA/20220307-SMPT/IOTPpurchase-PT-C01M01P01D01/RC-09.smt2,20.0857,0,487,成功
/pub/data/jiafq/iscas/Parser_Comparison/../benchmarks/part44/non-incremental/QF_LIA/20220307-SMPT/IOTPpurchase-PT-C01M01P01D01/RC-10.smt2,20.7347,0,483,成功
/pub/data/jiafq/iscas/Parser_Comparison/../benchmarks/part44/non-incremental/QF_LIA/20220307-SMPT/IOTPpurchase-PT-C01M01P01D01/RC-11.smt2,21.1389,0,484,成功
/pub/data/jiafq/iscas/Parser_Comparison/../benchmarks/part44/non-incremental/QF_LIA/20220307-SMPT/IOTPpurchase-PT-C01M01P01D01/RC-12.smt2,20.6356,0,489,成功
/pub/data/jiafq/iscas/Parser_Comparison/../benchmarks/part44/non-incremental/QF_LIA/20220307-SMPT/IOTPpurchase-PT-C01M01P01D01/RC-13.smt2,24.3761,0,484,成功
/pub/data/jiafq/iscas/Parser_Comparison/../benchmarks/part44/non-incremental/QF_LIA/20220307-SMPT/IOTPpurchase-PT-C01M01P01D01/RC-14.smt2,24.1018,0,486,成功
/pub/data/jiafq/iscas/Parser_Comparison/../benchmarks/part44/non-incremental/QF_LIA/20220307-SMPT/IOTPpurchase-PT-C01M01P01D01/RC-15.smt2,23.3163,0,500,成功
/pub/data/jiafq/iscas/Parser_Comparison/../benchmarks/part44/non-incremental/QF_LIA/20220307-SMPT/IOTPpurchase-PT-C01M01P01D01/RF-00.smt2,21.471,0,507,成功
/pub/data/jiafq/iscas/Parser_Comparison/../benchmarks/part44/non-incremental/QF_LIA/20220307-SMPT/IOTPpurchase-PT-C01M01P01D01/RF-01.smt2,22.4007,0,510,成功
/pub/data/jiafq/iscas/Parser_Comparison/../benchmarks/part44/non-incremental/QF_LIA/20220307-SMPT/IOTPpurchase-PT-C01M01P01D01/RF-02.smt2,21.412,0,507,成功
/pub/data/jiafq/iscas/Parser_Comparison/../benchmarks/part44/non-incremental/QF_LIA/20220307-SMPT/IOTPpurchase-PT-C01M01P01D01/RF-03.smt2,24.118,0,487,成功
/pub/data/jiafq/iscas/Parser_Comparison/../benchmarks/part44/non-incremental/QF_LIA/20220307-SMPT/IOTPpurchase-PT-C01M01P01D01/RF-04.smt2,21.5575,0,486,成功
/pub/data/jiafq/iscas/Parser_Comparison/../benchmarks/part44/non-incremental/QF_LIA/20220307-SMPT/IOTPpurchase-PT-C01M01P01D01/RF-05.smt2,20.9775,0,490,成功
/pub/data/jiafq/iscas/Parser_Comparison/../benchmarks/part44/non-incremental/QF_LIA/20220307-SMPT/IOTPpurchase-PT-C01M01P01D01/RF-06.smt2,18.2725,0,494,成功
/pub/data/jiafq/iscas/Parser_Comparison/../benchmarks/part44/non-incremental/QF_LIA/20220307-SMPT/IOTPpurchase-PT-C01M01P01D01/RF-07.smt2,21.4079,0,483,成功
/pub/data/jiafq/iscas/Parser_Comparison/../benchmarks/part44/non-incremental/QF_LIA/20220307-SMPT/IOTPpurchase-PT-C01M01P01D01/RF-08.smt2,20.1852,0,489,成功
/pub/data/jiafq/iscas/Parser_Comparison/../benchmarks/part44/non-incremental/QF_LIA/20220307-SMPT/IOTPpurchase-PT-C01M01P01D01/RF-09.smt2,20.4682,0,516,成功
/pub/data/jiafq/iscas/Parser_Comparison/../benchmarks/part44/non-incremental/QF_LIA/20220307-SMPT/IOTPpurchase-PT-C01M01P01D01/RF-10.smt2,21.89,0,505,成功
/pub/data/jiafq/iscas/Parser_Comparison/../benchmarks/part44/non-incremental/QF_LIA/20220307-SMPT/IOTPpurchase-PT-C01M01P01D01/RF-11.smt2,20.094,0,494,成功
/pub/data/jiafq/iscas/Parser_Comparison/../benchmarks/part44/non-incremental/QF_LIA/20220307-SMPT/IOTPpurchase-PT-C01M01P01D01/RF-12.smt2,22.4628,0,487,成功
/pub/data/jiafq/iscas/Parser_Comparison/../benchmarks/part44/non-incremental/QF_LIA/20220307-SMPT/IOTPpurchase-PT-C01M01P01D01/RF-13.smt2,18.9798,0,503,成功
/pub/data/jiafq/iscas/Parser_Comparison/../benchmarks/part44/non-incremental/QF_LIA/20220307-SMPT/IOTPpurchase-PT-C01M01P01D01/RF-14.smt2,21.5625,0,487,成功
/pub/data/jiafq/iscas/Parser_Comparison/../benchmarks/part44/non-incremental/QF_LIA/20220307-SMPT/IOTPpurchase-PT-C01M01P01D01/RF-15.smt2,19.2924,0,500,成功
/pub/data/jiafq/iscas/Parser_Comparison/../benchmarks/part44/non-incremental/QF_LIA/20220307-SMPT/IOTPpurchase-PT-C03M03P03D03/RC-00.smt2,17.5432,0,392,成功
/pub/data/jiafq/iscas/Parser_Comparison/../benchmarks/part44/non-incremental/QF_LIA/20220307-SMPT/IOTPpurchase-PT-C03M03P03D03/RC-01.smt2,12.4835,0,392,成功
/pub/data/jiafq/iscas/Parser_Comparison/../benchmarks/part44/non-incremental/QF_LIA/20220307-SMPT/IOTPpurchase-PT-C03M03P03D03/RC-02.smt2,13.3318,0,386,成功
/pub/data/jiafq/iscas/Parser_Comparison/../benchmarks/part44/non-incremental/QF_LIA/20220307-SMPT/IOTPpurchase-PT-C03M03P03D03/RC-03.smt2,17.2408,0,392,成功
/pub/data/jiafq/iscas/Parser_Comparison/../benchmarks/part44/non-incremental/QF_LIA/20220307-SMPT/IOTPpurchase-PT-C03M03P03D03/RC-04.smt2,16.2628,0,394,成功
/pub/data/jiafq/iscas/Parser_Comparison/../benchmarks/part44/non-incremental/QF_LIA/20220307-SMPT/IOTPpurchase-PT-C03M03P03D03/RC-05.smt2,19.9281,0,391,成功
/pub/data/jiafq/iscas/Parser_Comparison/../benchmarks/part44/non-incremental/QF_LIA/20220307-SMPT/IOTPpurchase-PT-C03M03P03D03/RC-06.smt2,17.1161,0,386,成功
/pub/data/jiafq/iscas/Parser_Comparison/../benchmarks/part44/non-incremental/QF_LIA/20220307-SMPT/IOTPpurchase-PT-C03M03P03D03/RC-07.smt2,12.4126,0,390,成功
/pub/data/jiafq/iscas/Parser_Comparison/../benchmarks/part44/non-incremental/QF_LIA/20220307-SMPT/IOTPpurchase-PT-C03M03P03D03/RC-08.smt2,17.7302,0,386,成功
/pub/data/jiafq/iscas/Parser_Comparison/../benchmarks/part44/non-incremental/QF_LIA/20220307-SMPT/IOTPpurchase-PT-C03M03P03D03/RC-09.smt2,16.3968,0,386,成功
/pub/data/jiafq/iscas/Parser_Comparison/../benchmarks/part44/non-incremental/QF_LIA/20220307-SMPT/IOTPpurchase-PT-C03M03P03D03/RC-10.smt2,11.9876,0,398,成功
/pub/data/jiafq/iscas/Parser_Comparison/../benchmarks/part44/non-incremental/QF_LIA/20220307-SMPT/IOTPpurchase-PT-C03M03P03D03/RC-11.smt2,12.8125,0,394,成功
/pub/data/jiafq/iscas/Parser_Comparison/../benchmarks/part44/non-incremental/QF_LIA/20220307-SMPT/IOTPpurchase-PT-C03M03P03D03/RC-12.smt2,14.7155,0,397,成功
/pub/data/jiafq/iscas/Parser_Comparison/../benchmarks/part44/non-incremental/QF_LIA/20220307-SMPT/IOTPpurchase-PT-C03M03P03D03/RC-13.smt2,17.2106,0,393,成功
/pub/data/jiafq/iscas/Parser_Comparison/../benchmarks/part44/non-incremental/QF_LIA/20220307-SMPT/IOTPpurchase-PT-C03M03P03D03/RC-14.smt2,12.7145,0,396,成功
/pub/data/jiafq/iscas/Parser_Comparison/../benchmarks/part44/non-incremental/QF_LIA/20220307-SMPT/IOTPpurchase-PT-C03M03P03D03/RC-15.smt2,13.4623,0,387,成功
/pub/data/jiafq/iscas/Parser_Comparison/../benchmarks/part44/non-incremental/QF_LIA/20220307-SMPT/IOTPpurchase-PT-C03M03P03D03/RF-00.smt2,13.5547,0,412,成功
/pub/data/jiafq/iscas/Parser_Comparison/../benchmarks/part44/non-incremental/QF_LIA/20220307-SMPT/IOTPpurchase-PT-C03M03P03D03/RF-01.smt2,18.7291,0,418,成功
/pub/data/jiafq/iscas/Parser_Comparison/../benchmarks/part44/non-incremental/QF_LIA/20220307-SMPT/IOTPpurchase-PT-C03M03P03D03/RF-02.smt2,16.1227,0,398,成功
/pub/data/jiafq/iscas/Parser_Comparison/../benchmarks/part44/non-incremental/QF_LIA/20220307-SMPT/IOTPpurchase-PT-C03M03P03D03/RF-03.smt2,12.1532,0,394,成功
/pub/data/jiafq/iscas/Parser_Comparison/../benchmarks/part44/non-incremental/QF_LIA/20220307-SMPT/IOTPpurchase-PT-C03M03P03D03/RF-04.smt2,17.5405,0,409,成功
/pub/data/jiafq/iscas/Parser_Comparison/../benchmarks/part44/non-incremental/QF_LIA/20220307-SMPT/IOTPpurchase-PT-C03M03P03D03/RF-05.smt2,13.842,0,388,成功
/pub/data/jiafq/iscas/Parser_Comparison/../benchmarks/part44/non-incremental/QF_LIA/20220307-SMPT/IOTPpurchase-PT-C03M03P03D03/RF-06.smt2,11.944,0,431,成功
/pub/data/jiafq/iscas/Parser_Comparison/../benchmarks/part44/non-incremental/QF_LIA/20220307-SMPT/IOTPpurchase-PT-C03M03P03D03/RF-07.smt2,12.6746,0,387,成功
/pub/data/jiafq/iscas/Parser_Comparison/../benchmarks/part44/non-incremental/QF_LIA/20220307-SMPT/IOTPpurchase-PT-C03M03P03D03/RF-08.smt2,10.1633,0,396,成功
/pub/data/jiafq/iscas/Parser_Comparison/../benchmarks/part44/non-incremental/QF_LIA/20220307-SMPT/IOTPpurchase-PT-C03M03P03D03/RF-09.smt2,12.6648,0,387,成功
/pub/data/jiafq/iscas/Parser_Comparison/../benchmarks/part44/non-incremental/QF_LIA/20220307-SMPT/IOTPpurchase-PT-C03M03P03D03/RF-10.smt2,10.9408,0,413,成功
/pub/data/jiafq/iscas/Parser_Comparison/../benchmarks/part44/non-incremental/QF_LIA/20220307-SMPT/IOTPpurchase-PT-C03M03P03D03/RF-11.smt2,18.7792,0,420,成功
/pub/data/jiafq/iscas/Parser_Comparison/../benchmarks/part44/non-incremental/QF_LIA/20220307-SMPT/IOTPpurchase-PT-C03M03P03D03/RF-12.smt2,12.8975,0,413,成功
/pub/data/jiafq/iscas/Parser_Comparison/../benchmarks/part44/non-incremental/QF_LIA/20220307-SMPT/IOTPpurchase-PT-C03M03P03D03/RF-13.smt2,16.3007,0,430,成功
/pub/data/jiafq/iscas/Parser_Comparison/../benchmarks/part44/non-incremental/QF_LIA/20220307-SMPT/IOTPpurchase-PT-C03M03P03D03/RF-14.smt2,12.3164,0,389,成功
/pub/data/jiafq/iscas/Parser_Comparison/../benchmarks/part44/non-incremental/QF_LIA/20220307-SMPT/IOTPpurchase-PT-C03M03P03D03/RF-15.smt2,14.124,0,398,成功
/pub/data/jiafq/iscas/Parser_Comparison/../benchmarks/part44/non-incremental/QF_LIA/20220307-SMPT/IOTPpurchase-PT-C05M04P03D02/RC-00.smt2,16.7055,0,389,成功
/pub/data/jiafq/iscas/Parser_Comparison/../benchmarks/part44/non-incremental/QF_LIA/20220307-SMPT/IOTPpurchase-PT-C05M04P03D02/RC-01.smt2,9.87899,0,392,成功
/pub/data/jiafq/iscas/Parser_Comparison/../benchmarks/part44/non-incremental/QF_LIA/20220307-SMPT/IOTPpurchase-PT-C05M04P03D02/RC-02.smt2,12.7997,0,391,成功
/pub/data/jiafq/iscas/Parser_Comparison/../benchmarks/part44/non-incremental/QF_LIA/20220307-SMPT/IOTPpurchase-PT-C05M04P03D02/RC-03.smt2,9.73236,0,394,成功
/pub/data/jiafq/iscas/Parser_Comparison/../benchmarks/part44/non-incremental/QF_LIA/20220307-SMPT/IOTPpurchase-PT-C05M04P03D02/RC-04.smt2,12.4771,0,387,成功
/pub/data/jiafq/iscas/Parser_Comparison/../benchmarks/part44/non-incremental/QF_LIA/20220307-SMPT/IOTPpurchase-PT-C05M04P03D02/RC-05.smt2,10.738,0,394,成功
/pub/data/jiafq/iscas/Parser_Comparison/../benchmarks/part44/non-incremental/QF_LIA/20220307-SMPT/IOTPpurchase-PT-C05M04P03D02/RC-06.smt2,12.2745,0,395,成功
/pub/data/jiafq/iscas/Parser_Comparison/../benchmarks/part44/non-incremental/QF_LIA/20220307-SMPT/IOTPpurchase-PT-C05M04P03D02/RC-07.smt2,10.6311,0,387,成功
/pub/data/jiafq/iscas/Parser_Comparison/../benchmarks/part44/non-incremental/QF_LIA/20220307-SMPT/IOTPpurchase-PT-C05M04P03D02/RC-08.smt2,18.1863,0,387,成功
/pub/data/jiafq/iscas/Parser_Comparison/../benchmarks/part44/non-incremental/QF_LIA/20220307-SMPT/IOTPpurchase-PT-C05M04P03D02/RC-09.smt2,13.5387,0,394,成功
/pub/data/jiafq/iscas/Parser_Comparison/../benchmarks/part44/non-incremental/QF_LIA/20220307-SMPT/IOTPpurchase-PT-C05M04P03D02/RC-10.smt2,13.0359,0,389,成功
/pub/data/jiafq/iscas/Parser_Comparison/../benchmarks/part44/non-incremental/QF_LIA/20220307-SMPT/IOTPpurchase-PT-C05M04P03D02/RC-11.smt2,17.8894,0,392,成功
/pub/data/jiafq/iscas/Parser_Comparison/../benchmarks/part44/non-incremental/QF_LIA/20220307-SMPT/IOTPpurchase-PT-C05M04P03D02/RC-12.smt2,16.0405,0,395,成功
/pub/data/jiafq/iscas/Parser_Comparison/../benchmarks/part44/non-incremental/QF_LIA/20220307-SMPT/IOTPpurchase-PT-C05M04P03D02/RC-13.smt2,13.0895,0,390,成功
/pub/data/jiafq/iscas/Parser_Comparison/../benchmarks/part44/non-incremental/QF_LIA/20220307-SMPT/IOTPpurchase-PT-C05M04P03D02/RC-14.smt2,9.93552,0,389,成功
/pub/data/jiafq/iscas/Parser_Comparison/../benchmarks/part44/non-incremental/QF_LIA/20220307-SMPT/IOTPpurchase-PT-C05M04P03D02/RC-15.smt2,12.4853,0,387,成功
/pub/data/jiafq/iscas/Parser_Comparison/../benchmarks/part44/non-incremental/QF_LIA/20220307-SMPT/IOTPpurchase-PT-C05M04P03D02/RF-00.smt2,9.95853,0,394,成功
/pub/data/jiafq/iscas/Parser_Comparison/../benchmarks/part44/non-incremental/QF_LIA/20220307-SMPT/IOTPpurchase-PT-C05M04P03D02/RF-01.smt2,13.3398,0,418,成功
/pub/data/jiafq/iscas/Parser_Comparison/../benchmarks/part44/non-incremental/QF_LIA/20220307-SMPT/IOTPpurchase-PT-C05M04P03D02/RF-02.smt2,9.9046,0,391,成功
/pub/data/jiafq/iscas/Parser_Comparison/../benchmarks/part44/non-incremental/QF_LIA/20220307-SMPT/IOTPpurchase-PT-C05M04P03D02/RF-03.smt2,9.88094,0,393,成功
/pub/data/jiafq/iscas/Parser_Comparison/../benchmarks/part44/non-incremental/QF_LIA/20220307-SMPT/IOTPpurchase-PT-C05M04P03D02/RF-04.smt2,15.6647,0,399,成功
/pub/data/jiafq/iscas/Parser_Comparison/../benchmarks/part44/non-incremental/QF_LIA/20220307-SMPT/IOTPpurchase-PT-C05M04P03D02/RF-05.smt2,12.4895,0,402,成功
/pub/data/jiafq/iscas/Parser_Comparison/../benchmarks/part44/non-incremental/QF_LIA/20220307-SMPT/IOTPpurchase-PT-C05M04P03D02/RF-06.smt2,14.6639,0,393,成功
/pub/data/jiafq/iscas/Parser_Comparison/../benchmarks/part44/non-incremental/QF_LIA/20220307-SMPT/IOTPpurchase-PT-C05M04P03D02/RF-07.smt2,14.2919,0,387,成功
/pub/data/jiafq/iscas/Parser_Comparison/../benchmarks/part44/non-incremental/QF_LIA/20220307-SMPT/IOTPpurchase-PT-C05M04P03D02/RF-08.smt2,16.6742,0,404,成功
/pub/data/jiafq/iscas/Parser_Comparison/../benchmarks/part44/non-incremental/QF_LIA/20220307-SMPT/IOTPpurchase-PT-C05M04P03D02/RF-09.smt2,13.1055,0,410,成功
/pub/data/jiafq/iscas/Parser_Comparison/../benchmarks/part44/non-incremental/QF_LIA/20220307-SMPT/IOTPpurchase-PT-C05M04P03D02/RF-10.smt2,16.1745,0,408,成功
/pub/data/jiafq/iscas/Parser_Comparison/../benchmarks/part44/non-incremental/QF_LIA/20220307-SMPT/IOTPpurchase-PT-C05M04P03D02/RF-11.smt2,12.45,0,393,成功
/pub/data/jiafq/iscas/Parser_Comparison/../benchmarks/part44/non-incremental/QF_LIA/20220307-SMPT/IOTPpurchase-PT-C05M04P03D02/RF-12.smt2,14.8698,0,387,成功
/pub/data/jiafq/iscas/Parser_Comparison/../benchmarks/part44/non-incremental/QF_LIA/20220307-SMPT/IOTPpurchase-PT-C05M04P03D02/RF-13.smt2,15.9958,0,413,成功
/pub/data/jiafq/iscas/Parser_Comparison/../benchmarks/part44/non-incremental/QF_LIA/20220307-SMPT/IOTPpurchase-PT-C05M04P03D02/RF-14.smt2,12.8374,0,404,成功
/pub/data/jiafq/iscas/Parser_Comparison/../benchmarks/part44/non-incremental/QF_LIA/20220307-SMPT/IOTPpurchase-PT-C05M04P03D02/RF-15.smt2,15.4184,0,420,成功
/pub/data/jiafq/iscas/Parser_Comparison/../benchmarks/part44/non-incremental/QF_LIA/20220307-SMPT/IOTPpurchase-PT-C12M10P15D17/RC-00.smt2,16.4733,0,388,成功
/pub/data/jiafq/iscas/Parser_Comparison/../benchmarks/part44/non-incremental/QF_LIA/20220307-SMPT/IOTPpurchase-PT-C12M10P15D17/RC-01.smt2,17.0206,0,389,成功
/pub/data/jiafq/iscas/Parser_Comparison/../benchmarks/part44/non-incremental/QF_LIA/20220307-SMPT/IOTPpurchase-PT-C12M10P15D17/RC-02.smt2,18.4033,0,395,成功
/pub/data/jiafq/iscas/Parser_Comparison/../benchmarks/part44/non-incremental/QF_LIA/20220307-SMPT/IOTPpurchase-PT-C12M10P15D17/RC-03.smt2,12.3185,0,399,成功
/pub/data/jiafq/iscas/Parser_Comparison/../benchmarks/part44/non-incremental/QF_LIA/20220307-SMPT/IOTPpurchase-PT-C12M10P15D17/RC-04.smt2,12.8333,0,388,成功
/pub/data/jiafq/iscas/Parser_Comparison/../benchmarks/part44/non-incremental/QF_LIA/20220307-SMPT/IOTPpurchase-PT-C12M10P15D17/RC-05.smt2,15.0992,0,392,成功
/pub/data/jiafq/iscas/Parser_Comparison/../benchmarks/part44/non-incremental/QF_LIA/20220307-SMPT/IOTPpurchase-PT-C12M10P15D17/RC-06.smt2,14.9443,0,388,成功
/pub/data/jiafq/iscas/Parser_Comparison/../benchmarks/part44/non-incremental/QF_LIA/20220307-SMPT/IOTPpurchase-PT-C12M10P15D17/RC-07.smt2,13.8878,0,392,成功
/pub/data/jiafq/iscas/Parser_Comparison/../benchmarks/part44/non-incremental/QF_LIA/20220307-SMPT/IOTPpurchase-PT-C12M10P15D17/RC-08.smt2,15.2231,0,394,成功
/pub/data/jiafq/iscas/Parser_Comparison/../benchmarks/part44/non-incremental/QF_LIA/20220307-SMPT/IOTPpurchase-PT-C12M10P15D17/RC-09.smt2,16.478,0,391,成功
/pub/data/jiafq/iscas/Parser_Comparison/../benchmarks/part44/non-incremental/QF_LIA/20220307-SMPT/IOTPpurchase-PT-C12M10P15D17/RC-10.smt2,12.1682,0,391,成功
/pub/data/jiafq/iscas/Parser_Comparison/../benchmarks/part44/non-incremental/QF_LIA/20220307-SMPT/IOTPpurchase-PT-C12M10P15D17/RC-11.smt2,15.586,0,389,成功
/pub/data/jiafq/iscas/Parser_Comparison/../benchmarks/part44/non-incremental/QF_LIA/20220307-SMPT/IOTPpurchase-PT-C12M10P15D17/RC-12.smt2,13.3029,0,392,成功
/pub/data/jiafq/iscas/Parser_Comparison/../benchmarks/part44/non-incremental/QF_LIA/20220307-SMPT/IOTPpurchase-PT-C12M10P15D17/RC-13.smt2,14.6428,0,394,成功
/pub/data/jiafq/iscas/Parser_Comparison/../benchmarks/part44/non-incremental/QF_LIA/20220307-SMPT/IOTPpurchase-PT-C12M10P15D17/RC-14.smt2,14.755,0,395,成功
/pub/data/jiafq/iscas/Parser_Comparison/../benchmarks/part44/non-incremental/QF_LIA/20220307-SMPT/IOTPpurchase-PT-C12M10P15D17/RC-15.smt2,14.8108,0,394,成功
/pub/data/jiafq/iscas/Parser_Comparison/../benchmarks/part44/non-incremental/QF_LIA/20220307-SMPT/IOTPpurchase-PT-C12M10P15D17/RF-00.smt2,13.7269,0,411,成功
/pub/data/jiafq/iscas/Parser_Comparison/../benchmarks/part44/non-incremental/QF_LIA/20220307-SMPT/IOTPpurchase-PT-C12M10P15D17/RF-01.smt2,12.0503,0,407,成功
/pub/data/jiafq/iscas/Parser_Comparison/../benchmarks/part44/non-incremental/QF_LIA/20220307-SMPT/IOTPpurchase-PT-C12M10P15D17/RF-02.smt2,12.0217,0,409,成功
/pub/data/jiafq/iscas/Parser_Comparison/../benchmarks/part44/non-incremental/QF_LIA/20220307-SMPT/IOTPpurchase-PT-C12M10P15D17/RF-03.smt2,12.0339,0,390,成功
/pub/data/jiafq/iscas/Parser_Comparison/../benchmarks/part44/non-incremental/QF_LIA/20220307-SMPT/IOTPpurchase-PT-C12M10P15D17/RF-04.smt2,14.3502,0,417,成功
/pub/data/jiafq/iscas/Parser_Comparison/../benchmarks/part44/non-incremental/QF_LIA/20220307-SMPT/IOTPpurchase-PT-C12M10P15D17/RF-05.smt2,13.259,0,393,成功
/pub/data/jiafq/iscas/Parser_Comparison/../benchmarks/part44/non-incremental/QF_LIA/20220307-SMPT/IOTPpurchase-PT-C12M10P15D17/RF-06.smt2,15.7806,0,421,成功
/pub/data/jiafq/iscas/Parser_Comparison/../benchmarks/part44/non-incremental/QF_LIA/20220307-SMPT/IOTPpurchase-PT-C12M10P15D17/RF-07.smt2,13.4005,0,402,成功
/pub/data/jiafq/iscas/Parser_Comparison/../benchmarks/part44/non-incremental/QF_LIA/20220307-SMPT/IOTPpurchase-PT-C12M10P15D17/RF-08.smt2,15.878,0,408,成功
/pub/data/jiafq/iscas/Parser_Comparison/../benchmarks/part44/non-incremental/QF_LIA/20220307-SMPT/IOTPpurchase-PT-C12M10P15D17/RF-09.smt2,12.1258,0,388,成功
/pub/data/jiafq/iscas/Parser_Comparison/../benchmarks/part44/non-incremental/QF_LIA/20220307-SMPT/IOTPpurchase-PT-C12M10P15D17/RF-10.smt2,14.8417,0,393,成功
/pub/data/jiafq/iscas/Parser_Comparison/../benchmarks/part44/non-incremental/QF_LIA/20220307-SMPT/IOTPpurchase-PT-C12M10P15D17/RF-11.smt2,15.5716,0,396,成功
/pub/data/jiafq/iscas/Parser_Comparison/../benchmarks/part44/non-incremental/QF_LIA/20220307-SMPT/IOTPpurchase-PT-C12M10P15D17/RF-12.smt2,16.8488,0,390,成功
/pub/data/jiafq/iscas/Parser_Comparison/../benchmarks/part44/non-incremental/QF_LIA/20220307-SMPT/IOTPpurchase-PT-C12M10P15D17/RF-13.smt2,12.0971,0,393,成功
/pub/data/jiafq/iscas/Parser_Comparison/../benchmarks/part44/non-incremental/QF_LIA/20220307-SMPT/IOTPpurchase-PT-C12M10P15D17/RF-14.smt2,12.8074,0,392,成功
/pub/data/jiafq/iscas/Parser_Comparison/../benchmarks/part44/non-incremental/QF_LIA/20220307-SMPT/IOTPpurchase-PT-C12M10P15D17/RF-15.smt2,14.7154,0,393,成功
/pub/data/jiafq/iscas/Parser_Comparison/../benchmarks/part44/non-incremental/QF_LIA/20220307-SMPT/Kanban-PT-00005/RC-00.smt2,2.92261,0,85,成功
/pub/data/jiafq/iscas/Parser_Comparison/../benchmarks/part44/non-incremental/QF_LIA/20220307-SMPT/Kanban-PT-00005/RC-01.smt2,5.22858,0,84,成功
/pub/data/jiafq/iscas/Parser_Comparison/../benchmarks/part44/non-incremental/QF_LIA/20220307-SMPT/Kanban-PT-00005/RC-02.smt2,5.37254,0,90,成功
/pub/data/jiafq/iscas/Parser_Comparison/../benchmarks/part44/non-incremental/QF_LIA/20220307-SMPT/Kanban-PT-00005/RC-03.smt2,5.50714,0,93,成功
/pub/data/jiafq/iscas/Parser_Comparison/../benchmarks/part44/non-incremental/QF_LIA/20220307-SMPT/Kanban-PT-00005/RC-04.smt2,5.62345,0,95,成功
/pub/data/jiafq/iscas/Parser_Comparison/../benchmarks/part44/non-incremental/QF_LIA/20220307-SMPT/Kanban-PT-00005/RC-05.smt2,5.04068,0,85,成功
/pub/data/jiafq/iscas/Parser_Comparison/../benchmarks/part44/non-incremental/QF_LIA/20220307-SMPT/Kanban-PT-00005/RC-06.smt2,5.26122,0,87,成功
/pub/data/jiafq/iscas/Parser_Comparison/../benchmarks/part44/non-incremental/QF_LIA/20220307-SMPT/Kanban-PT-00005/RC-07.smt2,5.6394,0,97,成功
/pub/data/jiafq/iscas/Parser_Comparison/../benchmarks/part44/non-incremental/QF_LIA/20220307-SMPT/Kanban-PT-00005/RC-08.smt2,4.99689,0,85,成功
/pub/data/jiafq/iscas/Parser_Comparison/../benchmarks/part44/non-incremental/QF_LIA/20220307-SMPT/Kanban-PT-00005/RC-09.smt2,5.56087,0,92,成功
/pub/data/jiafq/iscas/Parser_Comparison/../benchmarks/part44/non-incremental/QF_LIA/20220307-SMPT/Kanban-PT-00005/RC-10.smt2,5.25408,0,85,成功
/pub/data/jiafq/iscas/Parser_Comparison/../benchmarks/part44/non-incremental/QF_LIA/20220307-SMPT/Kanban-PT-00005/RC-11.smt2,5.3406,0,90,成功
/pub/data/jiafq/iscas/Parser_Comparison/../benchmarks/part44/non-incremental/QF_LIA/20220307-SMPT/Kanban-PT-00005/RC-12.smt2,5.62033,0,95,成功
/pub/data/jiafq/iscas/Parser_Comparison/../benchmarks/part44/non-incremental/QF_LIA/20220307-SMPT/Kanban-PT-00005/RC-13.smt2,5.41346,0,92,成功
/pub/data/jiafq/iscas/Parser_Comparison/../benchmarks/part44/non-incremental/QF_LIA/20220307-SMPT/Kanban-PT-00005/RC-14.smt2,5.32309,0,84,成功
/pub/data/jiafq/iscas/Parser_Comparison/../benchmarks/part44/non-incremental/QF_LIA/20220307-SMPT/Kanban-PT-00005/RC-15.smt2,5.5207,0,92,成功
/pub/data/jiafq/iscas/Parser_Comparison/../benchmarks/part44/non-incremental/QF_LIA/20220307-SMPT/Kanban-PT-00005/RF-00.smt2,5.60832,0,92,成功
/pub/data/jiafq/iscas/Parser_Comparison/../benchmarks/part44/non-incremental/QF_LIA/20220307-SMPT/Kanban-PT-00005/RF-01.smt2,5.07751,0,93,成功
/pub/data/jiafq/iscas/Parser_Comparison/../benchmarks/part44/non-incremental/QF_LIA/20220307-SMPT/Kanban-PT-00005/RF-02.smt2,3.32446,0,93,成功
/pub/data/jiafq/iscas/Parser_Comparison/../benchmarks/part44/non-incremental/QF_LIA/20220307-SMPT/Kanban-PT-00005/RF-03.smt2,2.73163,0,94,成功
/pub/data/jiafq/iscas/Parser_Comparison/../benchmarks/part44/non-incremental/QF_LIA/20220307-SMPT/Kanban-PT-00005/RF-04.smt2,2.63625,0,94,成功
/pub/data/jiafq/iscas/Parser_Comparison/../benchmarks/part44/non-incremental/QF_LIA/20220307-SMPT/Kanban-PT-00005/RF-05.smt2,2.7778,0,92,成功
/pub/data/jiafq/iscas/Parser_Comparison/../benchmarks/part44/non-incremental/QF_LIA/20220307-SMPT/Kanban-PT-00005/RF-06.smt2,3.70635,0,91,成功
/pub/data/jiafq/iscas/Parser_Comparison/../benchmarks/part44/non-incremental/QF_LIA/20220307-SMPT/Kanban-PT-00005/RF-07.smt2,2.83878,0,92,成功
/pub/data/jiafq/iscas/Parser_Comparison/../benchmarks/part44/non-incremental/QF_LIA/20220307-SMPT/Kanban-PT-00005/RF-08.smt2,2.85417,0,93,成功
/pub/data/jiafq/iscas/Parser_Comparison/../benchmarks/part44/non-incremental/QF_LIA/20220307-SMPT/Kanban-PT-00005/RF-09.smt2,3.12233,0,97,成功
/pub/data/jiafq/iscas/Parser_Comparison/../benchmarks/part44/non-incremental/QF_LIA/20220307-SMPT/Kanban-PT-00005/RF-10.smt2,2.83709,0,94,成功
/pub/data/jiafq/iscas/Parser_Comparison/../benchmarks/part44/non-incremental/QF_LIA/20220307-SMPT/Kanban-PT-00005/RF-11.smt2,4.62812,0,98,成功
/pub/data/jiafq/iscas/Parser_Comparison/../benchmarks/part44/non-incremental/QF_LIA/20220307-SMPT/Kanban-PT-00005/RF-12.smt2,3.37857,0,92,成功
/pub/data/jiafq/iscas/Parser_Comparison/../benchmarks/part44/non-incremental/QF_LIA/20220307-SMPT/Kanban-PT-00005/RF-13.smt2,2.73744,0,94,成功
/pub/data/jiafq/iscas/Parser_Comparison/../benchmarks/part44/non-incremental/QF_LIA/20220307-SMPT/Kanban-PT-00005/RF-14.smt2,2.83938,0,88,成功
/pub/data/jiafq/iscas/Parser_Comparison/../benchmarks/part44/non-incremental/QF_LIA/20220307-SMPT/Kanban-PT-00005/RF-15.smt2,2.98968,0,95,成功
/pub/data/jiafq/iscas/Parser_Comparison/../benchmarks/part44/non-incremental/QF_LIA/20220307-SMPT/Kanban-PT-00010/RC-00.smt2,2.74489,0,97,成功
平均值,346.115,6.59667,28947.6,100%
