文件名,解析时间(ms),内存使用(KB),AST节点数量,结果
/pub/data/jiafq/iscas/Parser_Comparison/../benchmarks/part6/non-incremental/QF_BV/20221214-p4dfa-XiaoqiChen/StringMatching/string4x8.6._bit8_na6_nr3_paired.smt2,2158.89,0,55834,成功
/pub/data/jiafq/iscas/Parser_Comparison/../benchmarks/part6/non-incremental/QF_BV/20221214-p4dfa-XiaoqiChen/StringMatching/string4x8.7._bit16_na6_nr4_paired.smt2,5564.52,0,140174,成功
/pub/data/jiafq/iscas/Parser_Comparison/../benchmarks/part6/non-incremental/QF_BV/20221214-p4dfa-XiaoqiChen/StringMatching/string4x8.7._bit8_na6_nr3_paired.smt2,4160.65,0,105027,成功
/pub/data/jiafq/iscas/Parser_Comparison/../benchmarks/part6/non-incremental/QF_BV/20221214-p4dfa-XiaoqiChen/StringMatching/string4x8.8._bit16_na6_nr4_paired.smt2,2307.63,0,60023,成功
/pub/data/jiafq/iscas/Parser_Comparison/../benchmarks/part6/non-incremental/QF_BV/20221214-p4dfa-XiaoqiChen/StringMatching/string4x8.8._bit8_na6_nr3_paired.smt2,1724.14,0,45074,成功
/pub/data/jiafq/iscas/Parser_Comparison/../benchmarks/part6/non-incremental/QF_BV/20221214-p4dfa-XiaoqiChen/StringMatching/string4x8.9._bit16_na6_nr4_paired.smt2,3646.62,0,94328,成功
/pub/data/jiafq/iscas/Parser_Comparison/../benchmarks/part6/non-incremental/QF_BV/20221214-p4dfa-XiaoqiChen/StringMatching/string4x8.9._bit8_na6_nr3_paired.smt2,2741.78,0,70743,成功
/pub/data/jiafq/iscas/Parser_Comparison/../benchmarks/part6/non-incremental/QF_BV/20221214-p4dfa-XiaoqiChen/TCP/tcp_full_bit16_na13_nr4_paired.smt2,5025.65,0,104593,成功
/pub/data/jiafq/iscas/Parser_Comparison/../benchmarks/part6/non-incremental/QF_BV/20221214-p4dfa-XiaoqiChen/TCP/tcp_full_bit8_na6_nr3_paired.smt2,1889,0,48146,成功
/pub/data/jiafq/iscas/Parser_Comparison/../benchmarks/part6/non-incremental/QF_BV/20221214-p4dfa-XiaoqiChen/TCP/tcp_full_bit8_na6_nr4_paired.smt2,2504.9,0,64017,成功
/pub/data/jiafq/iscas/Parser_Comparison/../benchmarks/part6/non-incremental/QF_BV/20221214-p4dfa-XiaoqiChen/TCP/tcp_full_split4_bit8_na6_nr4_paired.smt2,3218.71,0,80109,成功
/pub/data/jiafq/iscas/Parser_Comparison/../benchmarks/part6/non-incremental/QF_BV/20221214-p4dfa-XiaoqiChen/TCP/tcp_open_bit8_na6_nr3_paired.smt2,598.702,0,15581,成功
/pub/data/jiafq/iscas/Parser_Comparison/../benchmarks/part6/non-incremental/QF_BV/20221214-p4dfa-XiaoqiChen/TCP/tcp_open_bit8_na6_nr4_paired.smt2,786.786,0,20712,成功
/pub/data/jiafq/iscas/Parser_Comparison/../benchmarks/part6/non-incremental/QF_BV/20221214-p4dfa-XiaoqiChen/VideoConf/videoconf_full_bit16_na13_nr4_paired.smt2,1298.19,0,34465,成功
/pub/data/jiafq/iscas/Parser_Comparison/../benchmarks/part6/non-incremental/QF_BV/20221214-p4dfa-XiaoqiChen/VideoConf/videoconf_full_bit8_na6_nr3_paired.smt2,979.798,0,25932,成功
/pub/data/jiafq/iscas/Parser_Comparison/../benchmarks/part6/non-incremental/QF_BV/20221214-p4dfa-XiaoqiChen/VideoConf/videoconf_full_bit8_na6_nr4_paired.smt2,1287.5,0,34465,成功
/pub/data/jiafq/iscas/Parser_Comparison/../benchmarks/part6/non-incremental/QF_BV/20221214-p4dfa-XiaoqiChen/VideoConf/videoconf_simple_bit8_na6_nr3_paired.smt2,653.766,0,17552,成功
/pub/data/jiafq/iscas/Parser_Comparison/../benchmarks/part6/non-incremental/QF_BV/20221214-p4dfa-XiaoqiChen/VideoConf/videoconf_split4_full_bit16_na13_nr4_paired.smt2,1645.96,0,43336,成功
/pub/data/jiafq/iscas/Parser_Comparison/../benchmarks/part6/non-incremental/QF_BV/20230221-oisc-gurtner/AND-NESTED-12-32-src-sp-not-excluded.smt2,24263.1,0,1054940,成功
/pub/data/jiafq/iscas/Parser_Comparison/../benchmarks/part6/non-incremental/QF_BV/20230221-oisc-gurtner/AND-NESTED-12-32.smt2,24821.2,224,1054948,成功
/pub/data/jiafq/iscas/Parser_Comparison/../benchmarks/part6/non-incremental/QF_BV/20230221-oisc-gurtner/AND-NESTED-16-32-src-sp-not-excluded.smt2,31686.4,0,1404644,成功
/pub/data/jiafq/iscas/Parser_Comparison/../benchmarks/part6/non-incremental/QF_BV/20230221-oisc-gurtner/AND-NESTED-16-32.smt2,31280.7,0,1404652,成功
/pub/data/jiafq/iscas/Parser_Comparison/../benchmarks/part6/non-incremental/QF_BV/20230221-oisc-gurtner/AND-NESTED-20-32-src-sp-not-excluded.smt2,38535.1,0,1754348,成功
/pub/data/jiafq/iscas/Parser_Comparison/../benchmarks/part6/non-incremental/QF_BV/20230221-oisc-gurtner/AND-NESTED-20-32.smt2,38865.4,224,1754356,成功
/pub/data/jiafq/iscas/Parser_Comparison/../benchmarks/part6/non-incremental/QF_BV/20230221-oisc-gurtner/AND-NESTED-24-32-src-sp-not-excluded.smt2,46103.4,0,2104052,成功
/pub/data/jiafq/iscas/Parser_Comparison/../benchmarks/part6/non-incremental/QF_BV/20230221-oisc-gurtner/AND-NESTED-28-32-src-sp-not-excluded.smt2,54776,0,2453756,成功
/pub/data/jiafq/iscas/Parser_Comparison/../benchmarks/part6/non-incremental/QF_BV/20230221-oisc-gurtner/AND-NESTED-28-32.smt2,53717.9,0,2453764,成功
/pub/data/jiafq/iscas/Parser_Comparison/../benchmarks/part6/non-incremental/QF_BV/20230221-oisc-gurtner/AND-NESTED-32-32-src-sp-not-excluded.smt2,0,0,0,失败
/pub/data/jiafq/iscas/Parser_Comparison/../benchmarks/part6/non-incremental/QF_BV/20230221-oisc-gurtner/AND-NESTED-32-32.smt2,0,0,0,失败
/pub/data/jiafq/iscas/Parser_Comparison/../benchmarks/part6/non-incremental/QF_BV/20230221-oisc-gurtner/AND-NESTED-8-32-src-sp-not-excluded.smt2,15316.6,0,705236,成功
/pub/data/jiafq/iscas/Parser_Comparison/../benchmarks/part6/non-incremental/QF_BV/20230221-oisc-gurtner/AND-NESTED-8-32.smt2,15071.3,0,705244,成功
/pub/data/jiafq/iscas/Parser_Comparison/../benchmarks/part6/non-incremental/QF_BV/20230221-oisc-gurtner/SLL-NESTED-12-32.smt2,23584.6,224,1075905,成功
/pub/data/jiafq/iscas/Parser_Comparison/../benchmarks/part6/non-incremental/QF_BV/20230221-oisc-gurtner/SLL-NESTED-20-32-src-sp-not-excluded.smt2,38296.4,0,1775305,成功
/pub/data/jiafq/iscas/Parser_Comparison/../benchmarks/part6/non-incremental/QF_BV/20230221-oisc-gurtner/SLL-NESTED-32-32-src-sp-not-excluded.smt2,0,0,0,失败
/pub/data/jiafq/iscas/Parser_Comparison/../benchmarks/part6/non-incremental/QF_BV/20230221-oisc-gurtner/SLL-NESTED-8-32-sp-not-excluded.smt2,15966.4,0,726193,成功
/pub/data/jiafq/iscas/Parser_Comparison/../benchmarks/part6/non-incremental/QF_BV/20230221-oisc-gurtner/SLL-NESTED-8-32-src-sp-not-excluded.smt2,16384.9,0,726193,成功
/pub/data/jiafq/iscas/Parser_Comparison/../benchmarks/part6/non-incremental/QF_BV/20230221-oisc-gurtner/SLL-NESTED-8-32.smt2,15693.6,0,726201,成功
/pub/data/jiafq/iscas/Parser_Comparison/../benchmarks/part6/non-incremental/QF_BV/20230221-oisc-gurtner/SRAI-SAFE-1024-1024.smt2,1861.21,0,111356,成功
/pub/data/jiafq/iscas/Parser_Comparison/../benchmarks/part6/non-incremental/QF_BV/20230221-oisc-gurtner/SRAI-SAFE-112-1024.smt2,1753.65,0,111473,成功
/pub/data/jiafq/iscas/Parser_Comparison/../benchmarks/part6/non-incremental/QF_BV/20230221-oisc-gurtner/SRAI-SAFE-112-112.smt2,279.606,0,14803,成功
/pub/data/jiafq/iscas/Parser_Comparison/../benchmarks/part6/non-incremental/QF_BV/20230221-oisc-gurtner/SRAI-SAFE-12-1024.smt2,1801.27,0,111473,成功
/pub/data/jiafq/iscas/Parser_Comparison/../benchmarks/part6/non-incremental/QF_BV/20230221-oisc-gurtner/SRAI-SAFE-12-12.smt2,119.96,0,4251,成功
/pub/data/jiafq/iscas/Parser_Comparison/../benchmarks/part6/non-incremental/QF_BV/20230221-oisc-gurtner/SRAI-SAFE-128-1024.smt2,1814.46,0,111473,成功
/pub/data/jiafq/iscas/Parser_Comparison/../benchmarks/part6/non-incremental/QF_BV/20230221-oisc-gurtner/SRAI-SAFE-128-128.smt2,309.978,0,16499,成功
/pub/data/jiafq/iscas/Parser_Comparison/../benchmarks/part6/non-incremental/QF_BV/20230221-oisc-gurtner/SRAI-SAFE-16-1024.smt2,1766.71,0,111473,成功
/pub/data/jiafq/iscas/Parser_Comparison/../benchmarks/part6/non-incremental/QF_BV/20230221-oisc-gurtner/SRAI-SAFE-16-16.smt2,129.257,0,4667,成功
/pub/data/jiafq/iscas/Parser_Comparison/../benchmarks/part6/non-incremental/QF_BV/20230221-oisc-gurtner/SRAI-SAFE-20-1024.smt2,1776.68,0,111473,成功
/pub/data/jiafq/iscas/Parser_Comparison/../benchmarks/part6/non-incremental/QF_BV/20230221-oisc-gurtner/SRAI-SAFE-20-20.smt2,132.45,0,5083,成功
/pub/data/jiafq/iscas/Parser_Comparison/../benchmarks/part6/non-incremental/QF_BV/20230221-oisc-gurtner/SRAI-SAFE-24-1024.smt2,1745.23,0,111473,成功
/pub/data/jiafq/iscas/Parser_Comparison/../benchmarks/part6/non-incremental/QF_BV/20230221-oisc-gurtner/SRAI-SAFE-24-24.smt2,141.177,0,5499,成功
/pub/data/jiafq/iscas/Parser_Comparison/../benchmarks/part6/non-incremental/QF_BV/20230221-oisc-gurtner/SRAI-SAFE-256-1024.smt2,1818.15,0,111473,成功
/pub/data/jiafq/iscas/Parser_Comparison/../benchmarks/part6/non-incremental/QF_BV/20230221-oisc-gurtner/SRAI-SAFE-256-256.smt2,509.767,224,30067,成功
/pub/data/jiafq/iscas/Parser_Comparison/../benchmarks/part6/non-incremental/QF_BV/20230221-oisc-gurtner/SRAI-SAFE-28-1024.smt2,1741.69,0,111473,成功
/pub/data/jiafq/iscas/Parser_Comparison/../benchmarks/part6/non-incremental/QF_BV/20230221-oisc-gurtner/SRAI-SAFE-28-28.smt2,142.302,0,5915,成功
/pub/data/jiafq/iscas/Parser_Comparison/../benchmarks/part6/non-incremental/QF_BV/20230221-oisc-gurtner/SRAI-SAFE-32-1024.smt2,1799.63,224,111473,成功
/pub/data/jiafq/iscas/Parser_Comparison/../benchmarks/part6/non-incremental/QF_BV/20230221-oisc-gurtner/SRAI-SAFE-32-32.smt2,157.199,0,6331,成功
/pub/data/jiafq/iscas/Parser_Comparison/../benchmarks/part6/non-incremental/QF_BV/20230221-oisc-gurtner/SRAI-SAFE-48-1024.smt2,1774.15,224,111473,成功
/pub/data/jiafq/iscas/Parser_Comparison/../benchmarks/part6/non-incremental/QF_BV/20230221-oisc-gurtner/SRAI-SAFE-48-48.smt2,178.956,0,8019,成功
/pub/data/jiafq/iscas/Parser_Comparison/../benchmarks/part6/non-incremental/QF_BV/20230221-oisc-gurtner/SRAI-SAFE-512-1024.smt2,1779.15,0,111473,成功
/pub/data/jiafq/iscas/Parser_Comparison/../benchmarks/part6/non-incremental/QF_BV/20230221-oisc-gurtner/SRAI-SAFE-512-512.smt2,940.878,0,57203,成功
/pub/data/jiafq/iscas/Parser_Comparison/../benchmarks/part6/non-incremental/QF_BV/20230221-oisc-gurtner/SRAI-SAFE-64-1024.smt2,1759.54,0,111473,成功
/pub/data/jiafq/iscas/Parser_Comparison/../benchmarks/part6/non-incremental/QF_BV/20230221-oisc-gurtner/SRAI-SAFE-64-64.smt2,210.269,224,9715,成功
/pub/data/jiafq/iscas/Parser_Comparison/../benchmarks/part6/non-incremental/QF_BV/20230221-oisc-gurtner/SRAI-SAFE-8-1024.smt2,1649.6,0,103657,成功
/pub/data/jiafq/iscas/Parser_Comparison/../benchmarks/part6/non-incremental/QF_BV/20230221-oisc-gurtner/SRAI-SAFE-8-8.smt2,108.91,224,3835,成功
/pub/data/jiafq/iscas/Parser_Comparison/../benchmarks/part6/non-incremental/QF_BV/20230221-oisc-gurtner/SRAI-SAFE-80-1024.smt2,1756.12,0,111473,成功
/pub/data/jiafq/iscas/Parser_Comparison/../benchmarks/part6/non-incremental/QF_BV/20230221-oisc-gurtner/SRAI-SAFE-80-80.smt2,225.475,0,11411,成功
/pub/data/jiafq/iscas/Parser_Comparison/../benchmarks/part6/non-incremental/QF_BV/20230221-oisc-gurtner/SRAI-SAFE-96-1024.smt2,1749.06,0,111473,成功
/pub/data/jiafq/iscas/Parser_Comparison/../benchmarks/part6/non-incremental/QF_BV/20230221-oisc-gurtner/SRAI-SAFE-96-96.smt2,243.798,0,13107,成功
/pub/data/jiafq/iscas/Parser_Comparison/../benchmarks/part6/non-incremental/QF_BV/20230221-oisc-gurtner/SRL-SAFE-1024-1024.smt2,1127.69,0,68818,成功
/pub/data/jiafq/iscas/Parser_Comparison/../benchmarks/part6/non-incremental/QF_BV/20230221-oisc-gurtner/SRL-SAFE-112-1024.smt2,1089.01,0,68816,成功
/pub/data/jiafq/iscas/Parser_Comparison/../benchmarks/part6/non-incremental/QF_BV/20230221-oisc-gurtner/SRL-SAFE-112-112.smt2,215.529,0,10450,成功
/pub/data/jiafq/iscas/Parser_Comparison/../benchmarks/part6/non-incremental/QF_BV/20230221-oisc-gurtner/SRL-SAFE-12-1024.smt2,1121.18,224,68816,成功
/pub/data/jiafq/iscas/Parser_Comparison/../benchmarks/part6/non-incremental/QF_BV/20230221-oisc-gurtner/SRL-SAFE-12-12.smt2,119.637,224,4098,成功
/pub/data/jiafq/iscas/Parser_Comparison/../benchmarks/part6/non-incremental/QF_BV/20230221-oisc-gurtner/SRL-SAFE-128-1024.smt2,1108.63,0,68816,成功
/pub/data/jiafq/iscas/Parser_Comparison/../benchmarks/part6/non-incremental/QF_BV/20230221-oisc-gurtner/SRL-SAFE-128-128.smt2,233.036,0,11474,成功
/pub/data/jiafq/iscas/Parser_Comparison/../benchmarks/part6/non-incremental/QF_BV/20230221-oisc-gurtner/SRL-SAFE-16-1024.smt2,1100.46,224,68816,成功
/pub/data/jiafq/iscas/Parser_Comparison/../benchmarks/part6/non-incremental/QF_BV/20230221-oisc-gurtner/SRL-SAFE-16-16.smt2,125.353,0,4346,成功
/pub/data/jiafq/iscas/Parser_Comparison/../benchmarks/part6/non-incremental/QF_BV/20230221-oisc-gurtner/SRL-SAFE-20-1024.smt2,1104.61,0,68816,成功
/pub/data/jiafq/iscas/Parser_Comparison/../benchmarks/part6/non-incremental/QF_BV/20230221-oisc-gurtner/SRL-SAFE-20-20.smt2,133.362,0,4594,成功
/pub/data/jiafq/iscas/Parser_Comparison/../benchmarks/part6/non-incremental/QF_BV/20230221-oisc-gurtner/SRL-SAFE-24-1024.smt2,1107.82,0,68816,成功
/pub/data/jiafq/iscas/Parser_Comparison/../benchmarks/part6/non-incremental/QF_BV/20230221-oisc-gurtner/SRL-SAFE-24-24.smt2,135.481,0,4842,成功
/pub/data/jiafq/iscas/Parser_Comparison/../benchmarks/part6/non-incremental/QF_BV/20230221-oisc-gurtner/SRL-SAFE-256-1024.smt2,1139.03,0,68816,成功
/pub/data/jiafq/iscas/Parser_Comparison/../benchmarks/part6/non-incremental/QF_BV/20230221-oisc-gurtner/SRL-SAFE-256-256.smt2,351.683,0,19666,成功
/pub/data/jiafq/iscas/Parser_Comparison/../benchmarks/part6/non-incremental/QF_BV/20230221-oisc-gurtner/SRL-SAFE-28-1024.smt2,1095.83,0,68816,成功
/pub/data/jiafq/iscas/Parser_Comparison/../benchmarks/part6/non-incremental/QF_BV/20230221-oisc-gurtner/SRL-SAFE-28-28.smt2,136.968,0,5090,成功
/pub/data/jiafq/iscas/Parser_Comparison/../benchmarks/part6/non-incremental/QF_BV/20230221-oisc-gurtner/SRL-SAFE-32-1024.smt2,1091.84,0,68816,成功
/pub/data/jiafq/iscas/Parser_Comparison/../benchmarks/part6/non-incremental/QF_BV/20230221-oisc-gurtner/SRL-SAFE-32-32.smt2,139.261,224,5338,成功
/pub/data/jiafq/iscas/Parser_Comparison/../benchmarks/part6/non-incremental/QF_BV/20230221-oisc-gurtner/SRL-SAFE-48-1024.smt2,1107.44,0,68816,成功
/pub/data/jiafq/iscas/Parser_Comparison/../benchmarks/part6/non-incremental/QF_BV/20230221-oisc-gurtner/SRL-SAFE-48-48.smt2,159.765,0,6354,成功
/pub/data/jiafq/iscas/Parser_Comparison/../benchmarks/part6/non-incremental/QF_BV/20230221-oisc-gurtner/SRL-SAFE-512-1024.smt2,1126.8,224,68816,成功
/pub/data/jiafq/iscas/Parser_Comparison/../benchmarks/part6/non-incremental/QF_BV/20230221-oisc-gurtner/SRL-SAFE-512-512.smt2,605.585,0,36050,成功
/pub/data/jiafq/iscas/Parser_Comparison/../benchmarks/part6/non-incremental/QF_BV/20230221-oisc-gurtner/SRL-SAFE-64-1024.smt2,1110.35,0,68816,成功
/pub/data/jiafq/iscas/Parser_Comparison/../benchmarks/part6/non-incremental/QF_BV/20230221-oisc-gurtner/SRL-SAFE-64-64.smt2,172.655,224,7378,成功
/pub/data/jiafq/iscas/Parser_Comparison/../benchmarks/part6/non-incremental/QF_BV/20230221-oisc-gurtner/SRL-SAFE-8-1024.smt2,1049.51,0,64071,成功
/pub/data/jiafq/iscas/Parser_Comparison/../benchmarks/part6/non-incremental/QF_BV/20230221-oisc-gurtner/SRL-SAFE-8-8.smt2,117.595,0,3850,成功
/pub/data/jiafq/iscas/Parser_Comparison/../benchmarks/part6/non-incremental/QF_BV/20230221-oisc-gurtner/SRL-SAFE-80-1024.smt2,1081.94,0,68816,成功
/pub/data/jiafq/iscas/Parser_Comparison/../benchmarks/part6/non-incremental/QF_BV/20230221-oisc-gurtner/SRL-SAFE-80-80.smt2,190.827,0,8402,成功
/pub/data/jiafq/iscas/Parser_Comparison/../benchmarks/part6/non-incremental/QF_BV/20230221-oisc-gurtner/SRL-SAFE-96-1024.smt2,1080.78,224,68816,成功
/pub/data/jiafq/iscas/Parser_Comparison/../benchmarks/part6/non-incremental/QF_BV/20230221-oisc-gurtner/SRL-SAFE-96-96.smt2,207.865,224,9426,成功
/pub/data/jiafq/iscas/Parser_Comparison/../benchmarks/part6/non-incremental/QF_BV/20230221-oisc-gurtner/SRLI-SAFE-1024-1024.smt2,1159.77,0,68386,成功
/pub/data/jiafq/iscas/Parser_Comparison/../benchmarks/part6/non-incremental/QF_BV/20230221-oisc-gurtner/SRLI-SAFE-112-1024.smt2,1115.76,0,68503,成功
/pub/data/jiafq/iscas/Parser_Comparison/../benchmarks/part6/non-incremental/QF_BV/20230221-oisc-gurtner/SRLI-SAFE-112-112.smt2,210.493,0,10137,成功
/pub/data/jiafq/iscas/Parser_Comparison/../benchmarks/part6/non-incremental/QF_BV/20230221-oisc-gurtner/SRLI-SAFE-12-1024.smt2,1100.56,0,68503,成功
/pub/data/jiafq/iscas/Parser_Comparison/../benchmarks/part6/non-incremental/QF_BV/20230221-oisc-gurtner/SRLI-SAFE-12-12.smt2,116.372,0,3785,成功
/pub/data/jiafq/iscas/Parser_Comparison/../benchmarks/part6/non-incremental/QF_BV/20230221-oisc-gurtner/SRLI-SAFE-128-1024.smt2,1090.52,0,68503,成功
/pub/data/jiafq/iscas/Parser_Comparison/../benchmarks/part6/non-incremental/QF_BV/20230221-oisc-gurtner/SRLI-SAFE-128-128.smt2,224.24,224,11161,成功
/pub/data/jiafq/iscas/Parser_Comparison/../benchmarks/part6/non-incremental/QF_BV/20230221-oisc-gurtner/SRLI-SAFE-16-1024.smt2,1091.18,0,68503,成功
/pub/data/jiafq/iscas/Parser_Comparison/../benchmarks/part6/non-incremental/QF_BV/20230221-oisc-gurtner/SRLI-SAFE-16-16.smt2,114.804,0,4033,成功
/pub/data/jiafq/iscas/Parser_Comparison/../benchmarks/part6/non-incremental/QF_BV/20230221-oisc-gurtner/SRLI-SAFE-20-1024.smt2,1075.01,0,68503,成功
/pub/data/jiafq/iscas/Parser_Comparison/../benchmarks/part6/non-incremental/QF_BV/20230221-oisc-gurtner/SRLI-SAFE-20-20.smt2,120.988,0,4281,成功
/pub/data/jiafq/iscas/Parser_Comparison/../benchmarks/part6/non-incremental/QF_BV/20230221-oisc-gurtner/SRLI-SAFE-24-1024.smt2,1086.8,0,68503,成功
/pub/data/jiafq/iscas/Parser_Comparison/../benchmarks/part6/non-incremental/QF_BV/20230221-oisc-gurtner/SRLI-SAFE-24-24.smt2,141.579,0,4529,成功
/pub/data/jiafq/iscas/Parser_Comparison/../benchmarks/part6/non-incremental/QF_BV/20230221-oisc-gurtner/SRLI-SAFE-256-1024.smt2,1092.14,0,68503,成功
/pub/data/jiafq/iscas/Parser_Comparison/../benchmarks/part6/non-incremental/QF_BV/20230221-oisc-gurtner/SRLI-SAFE-256-256.smt2,339.507,0,19353,成功
/pub/data/jiafq/iscas/Parser_Comparison/../benchmarks/part6/non-incremental/QF_BV/20230221-oisc-gurtner/SRLI-SAFE-28-1024.smt2,1102.33,0,68503,成功
/pub/data/jiafq/iscas/Parser_Comparison/../benchmarks/part6/non-incremental/QF_BV/20230221-oisc-gurtner/SRLI-SAFE-28-28.smt2,132.584,0,4777,成功
/pub/data/jiafq/iscas/Parser_Comparison/../benchmarks/part6/non-incremental/QF_BV/20230221-oisc-gurtner/SRLI-SAFE-32-1024.smt2,1086.83,0,68503,成功
/pub/data/jiafq/iscas/Parser_Comparison/../benchmarks/part6/non-incremental/QF_BV/20230221-oisc-gurtner/SRLI-SAFE-32-32.smt2,135.341,0,5025,成功
/pub/data/jiafq/iscas/Parser_Comparison/../benchmarks/part6/non-incremental/QF_BV/20230221-oisc-gurtner/SRLI-SAFE-48-1024.smt2,1081.5,0,68503,成功
/pub/data/jiafq/iscas/Parser_Comparison/../benchmarks/part6/non-incremental/QF_BV/20230221-oisc-gurtner/SRLI-SAFE-48-48.smt2,149.182,224,6041,成功
/pub/data/jiafq/iscas/Parser_Comparison/../benchmarks/part6/non-incremental/QF_BV/20230221-oisc-gurtner/SRLI-SAFE-512-1024.smt2,1095.47,0,68503,成功
/pub/data/jiafq/iscas/Parser_Comparison/../benchmarks/part6/non-incremental/QF_BV/20230221-oisc-gurtner/SRLI-SAFE-512-512.smt2,598.617,0,35737,成功
/pub/data/jiafq/iscas/Parser_Comparison/../benchmarks/part6/non-incremental/QF_BV/20230221-oisc-gurtner/SRLI-SAFE-64-1024.smt2,1095.28,0,68503,成功
/pub/data/jiafq/iscas/Parser_Comparison/../benchmarks/part6/non-incremental/QF_BV/20230221-oisc-gurtner/SRLI-SAFE-64-64.smt2,162.722,224,7065,成功
/pub/data/jiafq/iscas/Parser_Comparison/../benchmarks/part6/non-incremental/QF_BV/20230221-oisc-gurtner/SRLI-SAFE-8-1024.smt2,1045.56,0,63759,成功
/pub/data/jiafq/iscas/Parser_Comparison/../benchmarks/part6/non-incremental/QF_BV/20230221-oisc-gurtner/SRLI-SAFE-8-8.smt2,107.728,0,3537,成功
/pub/data/jiafq/iscas/Parser_Comparison/../benchmarks/part6/non-incremental/QF_BV/20230221-oisc-gurtner/SRLI-SAFE-80-1024.smt2,1069.02,0,68503,成功
/pub/data/jiafq/iscas/Parser_Comparison/../benchmarks/part6/non-incremental/QF_BV/20230221-oisc-gurtner/SRLI-SAFE-80-80.smt2,186.768,0,8089,成功
/pub/data/jiafq/iscas/Parser_Comparison/../benchmarks/part6/non-incremental/QF_BV/20230221-oisc-gurtner/SRLI-SAFE-96-1024.smt2,1099.53,0,68503,成功
/pub/data/jiafq/iscas/Parser_Comparison/../benchmarks/part6/non-incremental/QF_BV/20230221-oisc-gurtner/SRLI-SAFE-96-96.smt2,220.436,224,9113,成功
/pub/data/jiafq/iscas/Parser_Comparison/../benchmarks/part6/non-incremental/QF_BV/20230224-grsbits-truby/grs-128-128.smt2,239.119,0,4523,成功
/pub/data/jiafq/iscas/Parser_Comparison/../benchmarks/part6/non-incremental/QF_BV/20230224-grsbits-truby/grs-128-16.smt2,54.7151,0,1163,成功
/pub/data/jiafq/iscas/Parser_Comparison/../benchmarks/part6/non-incremental/QF_BV/20230224-grsbits-truby/grs-128-32.smt2,81.9655,0,1643,成功
/pub/data/jiafq/iscas/Parser_Comparison/../benchmarks/part6/non-incremental/QF_BV/20230224-grsbits-truby/grs-128-64.smt2,131.41,0,2603,成功
/pub/data/jiafq/iscas/Parser_Comparison/../benchmarks/part6/non-incremental/QF_BV/20230224-grsbits-truby/grs-128-96.smt2,180.909,0,3563,成功
/pub/data/jiafq/iscas/Parser_Comparison/../benchmarks/part6/non-incremental/QF_BV/20230224-grsbits-truby/grs-32-128.smt2,232.401,0,4524,成功
/pub/data/jiafq/iscas/Parser_Comparison/../benchmarks/part6/non-incremental/QF_BV/20230224-grsbits-truby/grs-32-16.smt2,52.3659,0,1163,成功
/pub/data/jiafq/iscas/Parser_Comparison/../benchmarks/part6/non-incremental/QF_BV/20230224-grsbits-truby/grs-32-32.smt2,80.3197,0,1643,成功
/pub/data/jiafq/iscas/Parser_Comparison/../benchmarks/part6/non-incremental/QF_BV/20230224-grsbits-truby/grs-32-64.smt2,132.508,0,2604,成功
/pub/data/jiafq/iscas/Parser_Comparison/../benchmarks/part6/non-incremental/QF_BV/20230224-grsbits-truby/grs-32-96.smt2,185.046,0,3564,成功
/pub/data/jiafq/iscas/Parser_Comparison/../benchmarks/part6/non-incremental/QF_BV/20230224-grsbits-truby/grs-64-128.smt2,231.755,0,4524,成功
/pub/data/jiafq/iscas/Parser_Comparison/../benchmarks/part6/non-incremental/QF_BV/20230224-grsbits-truby/grs-64-16.smt2,52.7232,0,1163,成功
/pub/data/jiafq/iscas/Parser_Comparison/../benchmarks/part6/non-incremental/QF_BV/20230224-grsbits-truby/grs-64-32.smt2,77.6907,0,1643,成功
/pub/data/jiafq/iscas/Parser_Comparison/../benchmarks/part6/non-incremental/QF_BV/20230224-grsbits-truby/grs-64-64.smt2,129.699,0,2603,成功
/pub/data/jiafq/iscas/Parser_Comparison/../benchmarks/part6/non-incremental/QF_BV/20230224-grsbits-truby/grs-64-96.smt2,179.909,0,3564,成功
/pub/data/jiafq/iscas/Parser_Comparison/../benchmarks/part6/non-incremental/QF_BV/20230224-grsbits-truby/grs-96-128.smt2,237.452,0,4524,成功
/pub/data/jiafq/iscas/Parser_Comparison/../benchmarks/part6/non-incremental/QF_BV/20230224-grsbits-truby/grs-96-16.smt2,50.3882,0,1163,成功
/pub/data/jiafq/iscas/Parser_Comparison/../benchmarks/part6/non-incremental/QF_BV/20230224-grsbits-truby/grs-96-32.smt2,81.4142,0,1643,成功
/pub/data/jiafq/iscas/Parser_Comparison/../benchmarks/part6/non-incremental/QF_BV/20230224-grsbits-truby/grs-96-64.smt2,136.327,0,2603,成功
/pub/data/jiafq/iscas/Parser_Comparison/../benchmarks/part6/non-incremental/QF_BV/20230224-grsbits-truby/grs-96-96.smt2,181.906,0,3563,成功
/pub/data/jiafq/iscas/Parser_Comparison/../benchmarks/part6/non-incremental/QF_BV/20230321-UltimateAutomizerSvcomp2023/cohencu.c_0.smt2,2.04879,0,28,成功
/pub/data/jiafq/iscas/Parser_Comparison/../benchmarks/part6/non-incremental/QF_BV/20230321-UltimateAutomizerSvcomp2023/cohencu.c_1.smt2,2.95711,0,27,成功
/pub/data/jiafq/iscas/Parser_Comparison/../benchmarks/part6/non-incremental/QF_BV/20230321-UltimateAutomizerSvcomp2023/cohencu.c_2.smt2,3.80656,0,33,成功
/pub/data/jiafq/iscas/Parser_Comparison/../benchmarks/part6/non-incremental/QF_BV/20230321-UltimateAutomizerSvcomp2023/cohencu.c_3.smt2,3.96189,0,32,成功
/pub/data/jiafq/iscas/Parser_Comparison/../benchmarks/part6/non-incremental/QF_BV/20230321-UltimateAutomizerSvcomp2023/cohencu.c_4.smt2,4.49678,0,41,成功
/pub/data/jiafq/iscas/Parser_Comparison/../benchmarks/part6/non-incremental/QF_BV/20230321-UltimateAutomizerSvcomp2023/geo3.c_5.smt2,4.08098,0,33,成功
/pub/data/jiafq/iscas/Parser_Comparison/../benchmarks/part6/non-incremental/QF_BV/asp/15Puzzle/15-puzzle.init10.smt2,9961.29,0,174592,成功
/pub/data/jiafq/iscas/Parser_Comparison/../benchmarks/part6/non-incremental/QF_BV/asp/15Puzzle/15-puzzle.init11.smt2,9860.38,0,174595,成功
/pub/data/jiafq/iscas/Parser_Comparison/../benchmarks/part6/non-incremental/QF_BV/asp/15Puzzle/15-puzzle.init12.smt2,10113.7,0,174595,成功
/pub/data/jiafq/iscas/Parser_Comparison/../benchmarks/part6/non-incremental/QF_BV/asp/15Puzzle/15-puzzle.init13.smt2,10198.3,0,174595,成功
/pub/data/jiafq/iscas/Parser_Comparison/../benchmarks/part6/non-incremental/QF_BV/asp/15Puzzle/15-puzzle.init14.smt2,10031.8,0,174595,成功
/pub/data/jiafq/iscas/Parser_Comparison/../benchmarks/part6/non-incremental/QF_BV/asp/15Puzzle/15-puzzle.init15.smt2,9920.84,0,174592,成功
/pub/data/jiafq/iscas/Parser_Comparison/../benchmarks/part6/non-incremental/QF_BV/asp/15Puzzle/15-puzzle.init2.smt2,8517.64,0,152800,成功
/pub/data/jiafq/iscas/Parser_Comparison/../benchmarks/part6/non-incremental/QF_BV/asp/15Puzzle/15-puzzle.init3.smt2,8824.28,0,152797,成功
/pub/data/jiafq/iscas/Parser_Comparison/../benchmarks/part6/non-incremental/QF_BV/asp/15Puzzle/15-puzzle.init4.smt2,9012.18,0,152803,成功
/pub/data/jiafq/iscas/Parser_Comparison/../benchmarks/part6/non-incremental/QF_BV/asp/15Puzzle/15-puzzle.init5.smt2,8535.81,0,152797,成功
/pub/data/jiafq/iscas/Parser_Comparison/../benchmarks/part6/non-incremental/QF_BV/asp/15Puzzle/15-puzzle.init6.smt2,9021.2,0,157159,成功
/pub/data/jiafq/iscas/Parser_Comparison/../benchmarks/part6/non-incremental/QF_BV/asp/15Puzzle/15-puzzle.init7.smt2,8912.24,0,157159,成功
/pub/data/jiafq/iscas/Parser_Comparison/../benchmarks/part6/non-incremental/QF_BV/asp/15Puzzle/15-puzzle.init8.smt2,9224.67,0,157162,成功
/pub/data/jiafq/iscas/Parser_Comparison/../benchmarks/part6/non-incremental/QF_BV/asp/15Puzzle/15-puzzle.init9.smt2,9829.66,0,165874,成功
/pub/data/jiafq/iscas/Parser_Comparison/../benchmarks/part6/non-incremental/QF_BV/asp/15Puzzle/15puzzle_ins.lp.smt2,8687.36,0,152800,成功
/pub/data/jiafq/iscas/Parser_Comparison/../benchmarks/part6/non-incremental/QF_BV/asp/BlockedNQueens/156.48.1960.36.1721246615.dat.smt2,1254.45,0,22476,成功
/pub/data/jiafq/iscas/Parser_Comparison/../benchmarks/part6/non-incremental/QF_BV/asp/BlockedNQueens/156.48.1960.36.1721259656.dat.smt2,1317.86,0,22406,成功
/pub/data/jiafq/iscas/Parser_Comparison/../benchmarks/part6/non-incremental/QF_BV/asp/BlockedNQueens/156.48.1960.36.1721262093.dat.smt2,1258.78,0,22408,成功
/pub/data/jiafq/iscas/Parser_Comparison/../benchmarks/part6/non-incremental/QF_BV/asp/BlockedNQueens/156.48.1960.36.1721277539.dat.smt2,1257.27,0,22408,成功
/pub/data/jiafq/iscas/Parser_Comparison/../benchmarks/part6/non-incremental/QF_BV/asp/BlockedNQueens/156.48.1960.36.1721284464.dat.smt2,1232.79,0,22472,成功
/pub/data/jiafq/iscas/Parser_Comparison/../benchmarks/part6/non-incremental/QF_BV/asp/BlockedNQueens/156.48.1960.36.1721286911.dat.smt2,1260.29,0,22464,成功
/pub/data/jiafq/iscas/Parser_Comparison/../benchmarks/part6/non-incremental/QF_BV/asp/BlockedNQueens/156.48.1960.36.1721297189.dat.smt2,1340.29,0,22490,成功
/pub/data/jiafq/iscas/Parser_Comparison/../benchmarks/part6/non-incremental/QF_BV/asp/BlockedNQueens/156.48.1960.36.1721301641.dat.smt2,1343.11,0,22476,成功
/pub/data/jiafq/iscas/Parser_Comparison/../benchmarks/part6/non-incremental/QF_BV/asp/BlockedNQueens/156.48.1960.36.1721303981.dat.smt2,1249.56,0,22402,成功
/pub/data/jiafq/iscas/Parser_Comparison/../benchmarks/part6/non-incremental/QF_BV/asp/BlockedNQueens/156.48.1960.36.1721310106.dat.smt2,1288.49,0,22484,成功
/pub/data/jiafq/iscas/Parser_Comparison/../benchmarks/part6/non-incremental/QF_BV/asp/BlockedNQueens/156.48.1960.36.1721310593.dat.smt2,1313.35,0,22476,成功
/pub/data/jiafq/iscas/Parser_Comparison/../benchmarks/part6/non-incremental/QF_BV/asp/BlockedNQueens/156.48.1960.36.1721315836.dat.smt2,1339.83,0,22418,成功
/pub/data/jiafq/iscas/Parser_Comparison/../benchmarks/part6/non-incremental/QF_BV/asp/BlockedNQueens/156.48.1960.36.1721319768.dat.smt2,1317.1,0,22470,成功
/pub/data/jiafq/iscas/Parser_Comparison/../benchmarks/part6/non-incremental/QF_BV/asp/BlockedNQueens/156.48.1960.36.1721325133.dat.smt2,1248.26,0,22464,成功
/pub/data/jiafq/iscas/Parser_Comparison/../benchmarks/part6/non-incremental/QF_BV/asp/BlockedNQueens/156.48.1960.36.1721325287.dat.smt2,1282.41,0,22438,成功
/pub/data/jiafq/iscas/Parser_Comparison/../benchmarks/part6/non-incremental/QF_BV/asp/BlockedNQueens/156.48.1960.36.1721325949.dat.smt2,1288.18,0,22334,成功
/pub/data/jiafq/iscas/Parser_Comparison/../benchmarks/part6/non-incremental/QF_BV/asp/BlockedNQueens/156.48.1960.36.1721326070.dat.smt2,1272.19,0,22430,成功
/pub/data/jiafq/iscas/Parser_Comparison/../benchmarks/part6/non-incremental/QF_BV/asp/BlockedNQueens/156.48.1960.36.1721326970.dat.smt2,1238.37,0,22460,成功
/pub/data/jiafq/iscas/Parser_Comparison/../benchmarks/part6/non-incremental/QF_BV/asp/BlockedNQueens/156.48.1960.36.1721327521.dat.smt2,1328.51,0,22478,成功
/pub/data/jiafq/iscas/Parser_Comparison/../benchmarks/part6/non-incremental/QF_BV/asp/BlockedNQueens/156.48.1960.36.1721328612.dat.smt2,1327.44,0,22382,成功
/pub/data/jiafq/iscas/Parser_Comparison/../benchmarks/part6/non-incremental/QF_BV/asp/BlockedNQueens/156.48.1960.36.1721329185.dat.smt2,1301.42,0,22296,成功
/pub/data/jiafq/iscas/Parser_Comparison/../benchmarks/part6/non-incremental/QF_BV/asp/BlockedNQueens/156.48.1960.36.1721330060.dat.smt2,1272.87,0,22410,成功
/pub/data/jiafq/iscas/Parser_Comparison/../benchmarks/part6/non-incremental/QF_BV/asp/BlockedNQueens/156.48.1960.36.1721332568.dat.smt2,1268.69,0,22292,成功
/pub/data/jiafq/iscas/Parser_Comparison/../benchmarks/part6/non-incremental/QF_BV/asp/BlockedNQueens/156.48.1960.36.1721343626.dat.smt2,1281.44,0,22432,成功
/pub/data/jiafq/iscas/Parser_Comparison/../benchmarks/part6/non-incremental/QF_BV/asp/BlockedNQueens/156.48.1960.36.1721345259.dat.smt2,1346.17,0,22484,成功
/pub/data/jiafq/iscas/Parser_Comparison/../benchmarks/part6/non-incremental/QF_BV/asp/BlockedNQueens/156.48.1960.36.1721347806.dat.smt2,1309.27,0,22476,成功
/pub/data/jiafq/iscas/Parser_Comparison/../benchmarks/part6/non-incremental/QF_BV/asp/BlockedNQueens/156.48.1960.36.1721349794.dat.smt2,1325.02,0,22368,成功
/pub/data/jiafq/iscas/Parser_Comparison/../benchmarks/part6/non-incremental/QF_BV/asp/BlockedNQueens/156.48.1960.36.1721350404.dat.smt2,1231.28,0,22396,成功
/pub/data/jiafq/iscas/Parser_Comparison/../benchmarks/part6/non-incremental/QF_BV/asp/BlockedNQueens/156.48.1960.36.1721351180.dat.smt2,1268.86,0,22414,成功
/pub/data/jiafq/iscas/Parser_Comparison/../benchmarks/part6/non-incremental/QF_BV/asp/ChannelRouting/channelRoute.in1.smt2,135.538,0,2609,成功
/pub/data/jiafq/iscas/Parser_Comparison/../benchmarks/part6/non-incremental/QF_BV/asp/ChannelRouting/channelRoute.in10.smt2,11488.6,0,137406,成功
/pub/data/jiafq/iscas/Parser_Comparison/../benchmarks/part6/non-incremental/QF_BV/asp/ChannelRouting/channelRoute.in2.smt2,85.6676,0,1752,成功
/pub/data/jiafq/iscas/Parser_Comparison/../benchmarks/part6/non-incremental/QF_BV/asp/ChannelRouting/channelRoute.in3.smt2,26137.5,0,308442,成功
/pub/data/jiafq/iscas/Parser_Comparison/../benchmarks/part6/non-incremental/QF_BV/asp/ChannelRouting/channelRoute.in4.smt2,24617,0,292854,成功
/pub/data/jiafq/iscas/Parser_Comparison/../benchmarks/part6/non-incremental/QF_BV/asp/ChannelRouting/channelRoute.in5.smt2,13671.7,0,158466,成功
/pub/data/jiafq/iscas/Parser_Comparison/../benchmarks/part6/non-incremental/QF_BV/asp/ChannelRouting/channelRoute.in7.smt2,13142.8,0,155100,成功
/pub/data/jiafq/iscas/Parser_Comparison/../benchmarks/part6/non-incremental/QF_BV/asp/ChannelRouting/channelRoute.in8.smt2,10954.1,0,130449,成功
/pub/data/jiafq/iscas/Parser_Comparison/../benchmarks/part6/non-incremental/QF_BV/asp/ChannelRouting/channelRoute.in9.smt2,11542.2,0,140916,成功
/pub/data/jiafq/iscas/Parser_Comparison/../benchmarks/part6/non-incremental/QF_BV/asp/ChannelRouting/channrlRoute.in6.smt2,11419.3,0,139926,成功
/pub/data/jiafq/iscas/Parser_Comparison/../benchmarks/part6/non-incremental/QF_BV/asp/ConnectedDominatingSet/rand_150_500_1235354638_0_k=15_unsat.gph.smt2,1565.43,0,16614,成功
/pub/data/jiafq/iscas/Parser_Comparison/../benchmarks/part6/non-incremental/QF_BV/asp/ConnectedDominatingSet/rand_40_200_1235844018_0_k=4_unsat.gph.smt2,311.031,0,5776,成功
/pub/data/jiafq/iscas/Parser_Comparison/../benchmarks/part6/non-incremental/QF_BV/asp/ConnectedDominatingSet/rand_40_200_1235844018_0_k=5_sat.gph.smt2,300.358,0,5776,成功
/pub/data/jiafq/iscas/Parser_Comparison/../benchmarks/part6/non-incremental/QF_BV/asp/ConnectedDominatingSet/rand_45_250_1235855661_0_k=4_unsat.gph.smt2,377.668,0,6996,成功
/pub/data/jiafq/iscas/Parser_Comparison/../benchmarks/part6/non-incremental/QF_BV/asp/ConnectedDominatingSet/rand_45_250_1235855661_0_k=5_sat.gph.smt2,383.547,0,6996,成功
/pub/data/jiafq/iscas/Parser_Comparison/../benchmarks/part6/non-incremental/QF_BV/asp/ConnectedDominatingSet/rand_50_250_1235336870_0_k=8_sat.gph.smt2,389.872,0,6950,成功
/pub/data/jiafq/iscas/Parser_Comparison/../benchmarks/part6/non-incremental/QF_BV/asp/ConnectedDominatingSet/rand_50_250_1235345753_0_k=6_unsat.gph.smt2,404.18,0,7216,成功
/pub/data/jiafq/iscas/Parser_Comparison/../benchmarks/part6/non-incremental/QF_BV/asp/ConnectedDominatingSet/rand_50_250_1235842610_0_k=6_unsat.gph.smt2,389.741,0,7026,成功
/pub/data/jiafq/iscas/Parser_Comparison/../benchmarks/part6/non-incremental/QF_BV/asp/ConnectedDominatingSet/rand_50_250_1235842610_0_k=7_sat.gph.smt2,384.329,0,7026,成功
/pub/data/jiafq/iscas/Parser_Comparison/../benchmarks/part6/non-incremental/QF_BV/asp/ConnectedDominatingSet/rand_55_250_1235855873_0_k=7_unsat.gph.smt2,438.548,0,7436,成功
/pub/data/jiafq/iscas/Parser_Comparison/../benchmarks/part6/non-incremental/QF_BV/asp/ConnectedDominatingSet/rand_55_250_1235855873_0_k=8_sat.gph.smt2,429.367,0,7436,成功
/pub/data/jiafq/iscas/Parser_Comparison/../benchmarks/part6/non-incremental/QF_BV/asp/ConnectedDominatingSet/rand_60_400_1235843083_0_k=5_unsat.gph.smt2,610.719,0,10656,成功
/pub/data/jiafq/iscas/Parser_Comparison/../benchmarks/part6/non-incremental/QF_BV/asp/ConnectedDominatingSet/rand_60_400_1235843083_0_k=7_sat.gph.smt2,614.128,0,10656,成功
/pub/data/jiafq/iscas/Parser_Comparison/../benchmarks/part6/non-incremental/QF_BV/asp/ConnectedDominatingSet/rand_65_500_1235857888_0_k=5_unsat.gph.smt2,739.27,0,12876,成功
/pub/data/jiafq/iscas/Parser_Comparison/../benchmarks/part6/non-incremental/QF_BV/asp/ConnectedDominatingSet/rand_65_500_1235857888_0_k=6_sat.gph.smt2,730.768,0,12876,成功
/pub/data/jiafq/iscas/Parser_Comparison/../benchmarks/part6/non-incremental/QF_BV/asp/ConnectedDominatingSet/rand_70_250_1235844252_0_k=10_unsat.gph.smt2,499.867,0,8096,成功
/pub/data/jiafq/iscas/Parser_Comparison/../benchmarks/part6/non-incremental/QF_BV/asp/ConnectedDominatingSet/rand_70_250_1235844252_0_k=13_sat.gph.smt2,507.357,0,8096,成功
/pub/data/jiafq/iscas/Parser_Comparison/../benchmarks/part6/non-incremental/QF_BV/asp/ConnectedDominatingSet/rand_80_500_1235848939_0_k=6_unsat.gph.smt2,831.999,0,13536,成功
/pub/data/jiafq/iscas/Parser_Comparison/../benchmarks/part6/non-incremental/QF_BV/asp/ConnectedDominatingSet/rand_80_500_1235848939_0_k=9_sat.gph.smt2,859.902,0,13536,成功
/pub/data/jiafq/iscas/Parser_Comparison/../benchmarks/part6/non-incremental/QF_BV/asp/ConnectedDominatingSet/rand_90_600_1235859689_0_k=10_sat.gph.smt2,1099.03,0,15976,成功
/pub/data/jiafq/iscas/Parser_Comparison/../benchmarks/part6/non-incremental/QF_BV/asp/ConnectedDominatingSet/rand_90_600_1235859689_0_k=6_unsat.gph.smt2,1075.12,0,15976,成功
/pub/data/jiafq/iscas/Parser_Comparison/../benchmarks/part6/non-incremental/QF_BV/asp/DisjunctiveScheduling/disjunctiveScheduling.in1.smt2,0,0,0,失败
/pub/data/jiafq/iscas/Parser_Comparison/../benchmarks/part6/non-incremental/QF_BV/asp/DisjunctiveScheduling/disjunctiveScheduling.in7.smt2,0,0,0,失败
/pub/data/jiafq/iscas/Parser_Comparison/../benchmarks/part6/non-incremental/QF_BV/asp/DisjunctiveScheduling/disjunctiveScheduling.in8.smt2,0,0,0,失败
/pub/data/jiafq/iscas/Parser_Comparison/../benchmarks/part6/non-incremental/QF_BV/asp/DisjunctiveScheduling/disjunctiveScheduling.in9.smt2,0,0,0,失败
/pub/data/jiafq/iscas/Parser_Comparison/../benchmarks/part6/non-incremental/QF_BV/asp/EdgeMatching/edge-matching-width=10-height=10-colours=10.smt2,54004.6,0,721062,成功
/pub/data/jiafq/iscas/Parser_Comparison/../benchmarks/part6/non-incremental/QF_BV/asp/EdgeMatching/edge-matching-width=10-height=10-colours=11.smt2,55534.6,0,733063,成功
/pub/data/jiafq/iscas/Parser_Comparison/../benchmarks/part6/non-incremental/QF_BV/asp/EdgeMatching/edge-matching-width=10-height=10-colours=12.smt2,55304,0,746144,成功
/pub/data/jiafq/iscas/Parser_Comparison/../benchmarks/part6/non-incremental/QF_BV/asp/EdgeMatching/edge-matching-width=10-height=10-colours=13.smt2,55893.1,0,760305,成功
/pub/data/jiafq/iscas/Parser_Comparison/../benchmarks/part6/non-incremental/QF_BV/asp/EdgeMatching/edge-matching-width=10-height=10-colours=15.smt2,56580.1,0,791867,成功
/pub/data/jiafq/iscas/Parser_Comparison/../benchmarks/part6/non-incremental/QF_BV/asp/EdgeMatching/edge-matching-width=10-height=10-colours=5.smt2,50987.5,0,677257,成功
/pub/data/jiafq/iscas/Parser_Comparison/../benchmarks/part6/non-incremental/QF_BV/asp/EdgeMatching/edge-matching-width=10-height=10-colours=7.smt2,50187.9,0,691539,成功
/pub/data/jiafq/iscas/Parser_Comparison/../benchmarks/part6/non-incremental/QF_BV/asp/EdgeMatching/edge-matching-width=10-height=10-colours=8.smt2,50616.8,0,700300,成功
/pub/data/jiafq/iscas/Parser_Comparison/../benchmarks/part6/non-incremental/QF_BV/asp/EdgeMatching/edge-matching-width=10-height=10-colours=9.smt2,52784,0,710141,成功
/pub/data/jiafq/iscas/Parser_Comparison/../benchmarks/part6/non-incremental/QF_BV/asp/EdgeMatching/edge-matching-width=7-height=7-colours=11.smt2,12631.7,0,195406,成功
/pub/data/jiafq/iscas/Parser_Comparison/../benchmarks/part6/non-incremental/QF_BV/asp/EdgeMatching/edge-matching-width=7-height=7-colours=12.smt2,13738.8,0,201245,成功
/pub/data/jiafq/iscas/Parser_Comparison/../benchmarks/part6/non-incremental/QF_BV/asp/EdgeMatching/edge-matching-width=7-height=7-colours=13.smt2,14244.1,0,208176,成功
/pub/data/jiafq/iscas/Parser_Comparison/../benchmarks/part6/non-incremental/QF_BV/asp/EdgeMatching/edge-matching-width=7-height=7-colours=14.smt2,13634.9,0,215317,成功
/pub/data/jiafq/iscas/Parser_Comparison/../benchmarks/part6/non-incremental/QF_BV/asp/EdgeMatching/edge-matching-width=7-height=7-colours=15.smt2,14917.3,0,222962,成功
/pub/data/jiafq/iscas/Parser_Comparison/../benchmarks/part6/non-incremental/QF_BV/asp/EdgeMatching/edge-matching-width=8-height=8-colours=11.smt2,21793.9,0,318363,成功
/pub/data/jiafq/iscas/Parser_Comparison/../benchmarks/part6/non-incremental/QF_BV/asp/EdgeMatching/edge-matching-width=8-height=8-colours=12.smt2,23096.9,0,326524,成功
/pub/data/jiafq/iscas/Parser_Comparison/../benchmarks/part6/non-incremental/QF_BV/asp/EdgeMatching/edge-matching-width=8-height=8-colours=13.smt2,24176.1,0,335357,成功
/pub/data/jiafq/iscas/Parser_Comparison/../benchmarks/part6/non-incremental/QF_BV/asp/EdgeMatching/edge-matching-width=8-height=8-colours=14.smt2,23386.9,0,344862,成功
/pub/data/jiafq/iscas/Parser_Comparison/../benchmarks/part6/non-incremental/QF_BV/asp/EdgeMatching/edge-matching-width=8-height=8-colours=15.smt2,24095.4,0,355039,成功
/pub/data/jiafq/iscas/Parser_Comparison/../benchmarks/part6/non-incremental/QF_BV/asp/EdgeMatching/edge-matching-width=9-height=9-colours=10.smt2,33200.4,0,483549,成功
/pub/data/jiafq/iscas/Parser_Comparison/../benchmarks/part6/non-incremental/QF_BV/asp/EdgeMatching/edge-matching-width=9-height=9-colours=11.smt2,37018.8,0,493162,成功
/pub/data/jiafq/iscas/Parser_Comparison/../benchmarks/part6/non-incremental/QF_BV/asp/EdgeMatching/edge-matching-width=9-height=9-colours=12.smt2,35016.9,0,503639,成功
/pub/data/jiafq/iscas/Parser_Comparison/../benchmarks/part6/non-incremental/QF_BV/asp/EdgeMatching/edge-matching-width=9-height=9-colours=13.smt2,37437.6,0,514980,成功
/pub/data/jiafq/iscas/Parser_Comparison/../benchmarks/part6/non-incremental/QF_BV/asp/EdgeMatching/edge-matching-width=9-height=9-colours=14.smt2,37210.1,0,527185,成功
/pub/data/jiafq/iscas/Parser_Comparison/../benchmarks/part6/non-incremental/QF_BV/asp/EdgeMatching/edge-matching-width=9-height=9-colours=15.smt2,39469.3,0,540254,成功
/pub/data/jiafq/iscas/Parser_Comparison/../benchmarks/part6/non-incremental/QF_BV/asp/EdgeMatching/edge-matching-width=9-height=9-colours=6.smt2,31102.2,0,453737,成功
/pub/data/jiafq/iscas/Parser_Comparison/../benchmarks/part6/non-incremental/QF_BV/asp/EdgeMatching/edge-matching-width=9-height=9-colours=7.smt2,33151.9,0,459894,成功
/pub/data/jiafq/iscas/Parser_Comparison/../benchmarks/part6/non-incremental/QF_BV/asp/EdgeMatching/edge-matching-width=9-height=9-colours=8.smt2,33705.2,0,466915,成功
/pub/data/jiafq/iscas/Parser_Comparison/../benchmarks/part6/non-incremental/QF_BV/asp/EdgeMatching/edge-matching-width=9-height=9-colours=9.smt2,32497.2,0,474800,成功
/pub/data/jiafq/iscas/Parser_Comparison/../benchmarks/part6/non-incremental/QF_BV/asp/Fastfood/a2.9.38.asp.smt2,1945.93,0,34076,成功
/pub/data/jiafq/iscas/Parser_Comparison/../benchmarks/part6/non-incremental/QF_BV/asp/Fastfood/a3.3.0.asp.smt2,8743.54,0,129936,成功
/pub/data/jiafq/iscas/Parser_Comparison/../benchmarks/part6/non-incremental/QF_BV/asp/Fastfood/a3.3.2.asp.smt2,8892.5,0,129936,成功
/pub/data/jiafq/iscas/Parser_Comparison/../benchmarks/part6/non-incremental/QF_BV/asp/Fastfood/a5.8.80.asp.smt2,1863.08,0,33891,成功
/pub/data/jiafq/iscas/Parser_Comparison/../benchmarks/part6/non-incremental/QF_BV/asp/Fastfood/a7.3.0.tweaked.3.asp.smt2,12876.6,0,178332,成功
/pub/data/jiafq/iscas/Parser_Comparison/../benchmarks/part6/non-incremental/QF_BV/asp/Fastfood/a7.3.0.tweaked.5.asp.smt2,11863.5,0,178332,成功
/pub/data/jiafq/iscas/Parser_Comparison/../benchmarks/part6/non-incremental/QF_BV/asp/Fastfood/a7.3.1.tweaked.5.asp.smt2,12146.7,0,178332,成功
/pub/data/jiafq/iscas/Parser_Comparison/../benchmarks/part6/non-incremental/QF_BV/asp/Fastfood/a7.3.3.asp.smt2,12239.9,0,178332,成功
/pub/data/jiafq/iscas/Parser_Comparison/../benchmarks/part6/non-incremental/QF_BV/asp/Fastfood/a7.3.3.tweaked.3.asp.smt2,12433.6,0,178332,成功
/pub/data/jiafq/iscas/Parser_Comparison/../benchmarks/part6/non-incremental/QF_BV/asp/Fastfood/a7.3.4.tweaked.4.asp.smt2,12245,0,178332,成功
/pub/data/jiafq/iscas/Parser_Comparison/../benchmarks/part6/non-incremental/QF_BV/asp/Fastfood/a7.3.4.tweaked.5.asp.smt2,12806.8,0,178332,成功
/pub/data/jiafq/iscas/Parser_Comparison/../benchmarks/part6/non-incremental/QF_BV/asp/Fastfood/a7.3.5.tweaked.2.asp.smt2,12113.3,0,178332,成功
/pub/data/jiafq/iscas/Parser_Comparison/../benchmarks/part6/non-incremental/QF_BV/asp/Fastfood/a7.3.5.tweaked.4.asp.smt2,12458.4,0,178332,成功
/pub/data/jiafq/iscas/Parser_Comparison/../benchmarks/part6/non-incremental/QF_BV/asp/Fastfood/a7.3.5.tweaked.5.asp.smt2,13259,0,178332,成功
/pub/data/jiafq/iscas/Parser_Comparison/../benchmarks/part6/non-incremental/QF_BV/asp/Fastfood/a7.3.8.tweaked.1.asp.smt2,11881.6,0,178332,成功
/pub/data/jiafq/iscas/Parser_Comparison/../benchmarks/part6/non-incremental/QF_BV/asp/Fastfood/a8.7.5.asp.smt2,1249.3,0,21623,成功
/pub/data/jiafq/iscas/Parser_Comparison/../benchmarks/part6/non-incremental/QF_BV/asp/Fastfood/a9.8.11.asp.smt2,1022.14,0,18533,成功
/pub/data/jiafq/iscas/Parser_Comparison/../benchmarks/part6/non-incremental/QF_BV/asp/GeneralizedSlitherlink/altair1.10.asp.smt2,25316.3,0,63927,成功
/pub/data/jiafq/iscas/Parser_Comparison/../benchmarks/part6/non-incremental/QF_BV/asp/GeneralizedSlitherlink/altair1.16.asp.smt2,25016.6,0,63173,成功
/pub/data/jiafq/iscas/Parser_Comparison/../benchmarks/part6/non-incremental/QF_BV/asp/GeneralizedSlitherlink/altair1.20.asp.smt2,24852.4,0,63629,成功
/pub/data/jiafq/iscas/Parser_Comparison/../benchmarks/part6/non-incremental/QF_BV/asp/GeneralizedSlitherlink/altair1.37.asp.smt2,25726.1,0,64112,成功
/pub/data/jiafq/iscas/Parser_Comparison/../benchmarks/part6/non-incremental/QF_BV/asp/GeneralizedSlitherlink/altair1.42.asp.smt2,25077.1,0,63692,成功
/pub/data/jiafq/iscas/Parser_Comparison/../benchmarks/part6/non-incremental/QF_BV/asp/GeneralizedSlitherlink/altair1.48.asp.smt2,24832.1,224,63720,成功
/pub/data/jiafq/iscas/Parser_Comparison/../benchmarks/part6/non-incremental/QF_BV/asp/GeneralizedSlitherlink/altair1.54.asp.smt2,24962.1,224,63471,成功
/pub/data/jiafq/iscas/Parser_Comparison/../benchmarks/part6/non-incremental/QF_BV/asp/GeneralizedSlitherlink/altair1.9.asp.smt2,26331.9,0,63270,成功
/pub/data/jiafq/iscas/Parser_Comparison/../benchmarks/part6/non-incremental/QF_BV/asp/GeneralizedSlitherlink/penrose.11.asp.smt2,9051.23,0,38638,成功
/pub/data/jiafq/iscas/Parser_Comparison/../benchmarks/part6/non-incremental/QF_BV/asp/GeneralizedSlitherlink/penrose.12.asp.smt2,8968.89,0,39619,成功
/pub/data/jiafq/iscas/Parser_Comparison/../benchmarks/part6/non-incremental/QF_BV/asp/GeneralizedSlitherlink/penrose.31.asp.smt2,9087.27,0,38677,成功
/pub/data/jiafq/iscas/Parser_Comparison/../benchmarks/part6/non-incremental/QF_BV/asp/GeneralizedSlitherlink/penrose.34.asp.smt2,8986.38,0,39250,成功
/pub/data/jiafq/iscas/Parser_Comparison/../benchmarks/part6/non-incremental/QF_BV/asp/GeneralizedSlitherlink/penrose.35.asp.smt2,8821.98,0,39337,成功
/pub/data/jiafq/iscas/Parser_Comparison/../benchmarks/part6/non-incremental/QF_BV/asp/GeneralizedSlitherlink/penrose.44.asp.smt2,9044.23,0,39091,成功
/pub/data/jiafq/iscas/Parser_Comparison/../benchmarks/part6/non-incremental/QF_BV/asp/GeneralizedSlitherlink/penrose.45.asp.smt2,8879.41,0,38824,成功
/pub/data/jiafq/iscas/Parser_Comparison/../benchmarks/part6/non-incremental/QF_BV/asp/GeneralizedSlitherlink/penrose.48.asp.smt2,8906.08,0,39298,成功
/pub/data/jiafq/iscas/Parser_Comparison/../benchmarks/part6/non-incremental/QF_BV/asp/GeneralizedSlitherlink/penrose.50.asp.smt2,9326.03,0,39616,成功
/pub/data/jiafq/iscas/Parser_Comparison/../benchmarks/part6/non-incremental/QF_BV/asp/GeneralizedSlitherlink/penrose.60.asp.smt2,9205.2,0,39484,成功
/pub/data/jiafq/iscas/Parser_Comparison/../benchmarks/part6/non-incremental/QF_BV/asp/GeneralizedSlitherlink/penrosesmall.5.asp.smt2,586.003,0,7458,成功
/pub/data/jiafq/iscas/Parser_Comparison/../benchmarks/part6/non-incremental/QF_BV/asp/GeneralizedSlitherlink/trisquares.11.asp.smt2,24850.2,0,70737,成功
/pub/data/jiafq/iscas/Parser_Comparison/../benchmarks/part6/non-incremental/QF_BV/asp/GeneralizedSlitherlink/trisquares.19.asp.smt2,25187.4,0,69726,成功
/pub/data/jiafq/iscas/Parser_Comparison/../benchmarks/part6/non-incremental/QF_BV/asp/GeneralizedSlitherlink/trisquares.35.asp.smt2,25175.6,0,70368,成功
/pub/data/jiafq/iscas/Parser_Comparison/../benchmarks/part6/non-incremental/QF_BV/asp/GeneralizedSlitherlink/trisquares.40.asp.smt2,25355.6,0,70482,成功
/pub/data/jiafq/iscas/Parser_Comparison/../benchmarks/part6/non-incremental/QF_BV/asp/GeneralizedSlitherlink/trisquares.41.asp.smt2,24699.5,0,70275,成功
/pub/data/jiafq/iscas/Parser_Comparison/../benchmarks/part6/non-incremental/QF_BV/asp/GeneralizedSlitherlink/trisquares.43.asp.smt2,25288.2,224,70326,成功
/pub/data/jiafq/iscas/Parser_Comparison/../benchmarks/part6/non-incremental/QF_BV/asp/GeneralizedSlitherlink/trisquares.47.asp.smt2,24833.6,0,70173,成功
/pub/data/jiafq/iscas/Parser_Comparison/../benchmarks/part6/non-incremental/QF_BV/asp/GeneralizedSlitherlink/trisquares.49.asp.smt2,25159.9,0,70416,成功
/pub/data/jiafq/iscas/Parser_Comparison/../benchmarks/part6/non-incremental/QF_BV/asp/GeneralizedSlitherlink/trisquares.54.asp.smt2,25217.4,0,70389,成功
/pub/data/jiafq/iscas/Parser_Comparison/../benchmarks/part6/non-incremental/QF_BV/asp/GeneralizedSlitherlink/trisquares.59.asp.smt2,25883.4,0,70113,成功
/pub/data/jiafq/iscas/Parser_Comparison/../benchmarks/part6/non-incremental/QF_BV/asp/GraphColouring/graph-colouring-nodes=125-density=0.1-instance=2.smt2,1422.1,0,24991,成功
/pub/data/jiafq/iscas/Parser_Comparison/../benchmarks/part6/non-incremental/QF_BV/asp/GraphColouring/graph-colouring-nodes=125-density=0.1-instance=3.smt2,1478.88,0,25773,成功
/pub/data/jiafq/iscas/Parser_Comparison/../benchmarks/part6/non-incremental/QF_BV/asp/GraphColouring/graph-colouring-nodes=125-density=0.1-instance=4.smt2,1474.43,0,25450,成功
/pub/data/jiafq/iscas/Parser_Comparison/../benchmarks/part6/non-incremental/QF_BV/asp/GraphColouring/graph-colouring-nodes=125-density=0.1-instance=5.smt2,1445.08,0,25637,成功
/pub/data/jiafq/iscas/Parser_Comparison/../benchmarks/part6/non-incremental/QF_BV/asp/GraphColouring/graph-colouring-nodes=125-density=0.1-instance=7.smt2,1469.71,0,25688,成功
/pub/data/jiafq/iscas/Parser_Comparison/../benchmarks/part6/non-incremental/QF_BV/asp/GraphColouring/graph-colouring-nodes=125-density=0.1-instance=9.smt2,1383.19,0,24855,成功
/pub/data/jiafq/iscas/Parser_Comparison/../benchmarks/part6/non-incremental/QF_BV/asp/GraphColouring/graph-colouring-nodes=130-density=0.1-instance=10.smt2,1429.76,0,26851,成功
/pub/data/jiafq/iscas/Parser_Comparison/../benchmarks/part6/non-incremental/QF_BV/asp/GraphColouring/graph-colouring-nodes=130-density=0.1-instance=2.smt2,1467.15,0,26460,成功
/pub/data/jiafq/iscas/Parser_Comparison/../benchmarks/part6/non-incremental/QF_BV/asp/GraphColouring/graph-colouring-nodes=130-density=0.1-instance=3.smt2,1507.14,0,27701,成功
/pub/data/jiafq/iscas/Parser_Comparison/../benchmarks/part6/non-incremental/QF_BV/asp/GraphColouring/graph-colouring-nodes=130-density=0.1-instance=4.smt2,1548.93,0,27718,成功
/pub/data/jiafq/iscas/Parser_Comparison/../benchmarks/part6/non-incremental/QF_BV/asp/GraphColouring/graph-colouring-nodes=130-density=0.1-instance=5.smt2,1550.27,0,27990,成功
/pub/data/jiafq/iscas/Parser_Comparison/../benchmarks/part6/non-incremental/QF_BV/asp/GraphColouring/graph-colouring-nodes=130-density=0.1-instance=7.smt2,1503.52,0,27463,成功
/pub/data/jiafq/iscas/Parser_Comparison/../benchmarks/part6/non-incremental/QF_BV/asp/GraphColouring/graph-colouring-nodes=135-density=0.1-instance=2.smt2,1591.92,0,28235,成功
/pub/data/jiafq/iscas/Parser_Comparison/../benchmarks/part6/non-incremental/QF_BV/asp/GraphColouring/graph-colouring-nodes=135-density=0.1-instance=7.smt2,1669.2,0,28660,成功
/pub/data/jiafq/iscas/Parser_Comparison/../benchmarks/part6/non-incremental/QF_BV/asp/GraphColouring/graph-colouring-nodes=140-density=0.1-instance=2.smt2,1668.21,0,31183,成功
/pub/data/jiafq/iscas/Parser_Comparison/../benchmarks/part6/non-incremental/QF_BV/asp/GraphColouring/graph-colouring-nodes=140-density=0.1-instance=4.smt2,1652.87,0,29959,成功
/pub/data/jiafq/iscas/Parser_Comparison/../benchmarks/part6/non-incremental/QF_BV/asp/GraphColouring/graph-colouring-nodes=140-density=0.1-instance=7.smt2,1792.05,0,30299,成功
/pub/data/jiafq/iscas/Parser_Comparison/../benchmarks/part6/non-incremental/QF_BV/asp/GraphColouring/graph-colouring-nodes=140-density=0.1-instance=8.smt2,1922.82,0,31285,成功
/pub/data/jiafq/iscas/Parser_Comparison/../benchmarks/part6/non-incremental/QF_BV/asp/GraphColouring/graph-colouring-nodes=140-density=0.1-instance=9.smt2,1739.12,0,31625,成功
/pub/data/jiafq/iscas/Parser_Comparison/../benchmarks/part6/non-incremental/QF_BV/asp/GraphColouring/graph-colouring-nodes=145-density=0.1-instance=10.smt2,1828.26,0,32278,成功
/pub/data/jiafq/iscas/Parser_Comparison/../benchmarks/part6/non-incremental/QF_BV/asp/GraphColouring/graph-colouring-nodes=145-density=0.1-instance=2.smt2,1795.7,0,32652,成功
/pub/data/jiafq/iscas/Parser_Comparison/../benchmarks/part6/non-incremental/QF_BV/asp/GraphColouring/graph-colouring-nodes=145-density=0.1-instance=4.smt2,1809.2,0,32346,成功
/pub/data/jiafq/iscas/Parser_Comparison/../benchmarks/part6/non-incremental/QF_BV/asp/GraphColouring/graph-colouring-nodes=145-density=0.1-instance=5.smt2,1956.08,0,33196,成功
/pub/data/jiafq/iscas/Parser_Comparison/../benchmarks/part6/non-incremental/QF_BV/asp/GraphColouring/graph-colouring-nodes=145-density=0.1-instance=7.smt2,1865.38,0,32244,成功
/pub/data/jiafq/iscas/Parser_Comparison/../benchmarks/part6/non-incremental/QF_BV/asp/GraphColouring/graph-colouring-nodes=145-density=0.1-instance=8.smt2,1890.88,0,33111,成功
/pub/data/jiafq/iscas/Parser_Comparison/../benchmarks/part6/non-incremental/QF_BV/asp/GraphColouring/graph-colouring-nodes=150-density=0.1-instance=10.smt2,1892.71,0,33169,成功
/pub/data/jiafq/iscas/Parser_Comparison/../benchmarks/part6/non-incremental/QF_BV/asp/GraphColouring/graph-colouring-nodes=150-density=0.1-instance=2.smt2,2032.93,0,34189,成功
/pub/data/jiafq/iscas/Parser_Comparison/../benchmarks/part6/non-incremental/QF_BV/asp/GraphColouring/graph-colouring-nodes=150-density=0.1-instance=3.smt2,2059.65,0,34070,成功
/pub/data/jiafq/iscas/Parser_Comparison/../benchmarks/part6/non-incremental/QF_BV/asp/GraphColouring/graph-colouring-nodes=150-density=0.1-instance=5.smt2,1859.13,0,32863,成功
/pub/data/jiafq/iscas/Parser_Comparison/../benchmarks/part6/non-incremental/QF_BV/asp/GraphPartitioning/rand_15_75_1235849326_0_k=3_v=7_e=20_unsat.gph.smt2,418.729,0,10009,成功
/pub/data/jiafq/iscas/Parser_Comparison/../benchmarks/part6/non-incremental/QF_BV/asp/GraphPartitioning/rand_15_75_1235849326_0_k=3_v=7_e=30_sat.gph.smt2,408.411,0,10009,成功
/pub/data/jiafq/iscas/Parser_Comparison/../benchmarks/part6/non-incremental/QF_BV/asp/GraphPartitioning/rand_20_100_1235402004_0_k=6_v=4_e=4_sat.gph.smt2,1741.39,0,40506,成功
/pub/data/jiafq/iscas/Parser_Comparison/../benchmarks/part6/non-incremental/QF_BV/asp/GraphPartitioning/rand_20_100_1235851242_0_k=3_v=10_e=20_unsat.gph.smt2,577.209,0,13324,成功
/pub/data/jiafq/iscas/Parser_Comparison/../benchmarks/part6/non-incremental/QF_BV/asp/GraphPartitioning/rand_20_100_1235851242_0_k=3_v=15_e=25_sat.gph.smt2,565.087,0,13324,成功
/pub/data/jiafq/iscas/Parser_Comparison/../benchmarks/part6/non-incremental/QF_BV/asp/GraphPartitioning/rand_21_150_1235870252_0_k=3_v=10_e=20_unsat.gph.smt2,809.109,0,18217,成功
/pub/data/jiafq/iscas/Parser_Comparison/../benchmarks/part6/non-incremental/QF_BV/asp/GraphPartitioning/rand_21_150_1235870252_0_k=6_v=5_e=25_sat.gph.smt2,2704.26,0,57283,成功
/pub/data/jiafq/iscas/Parser_Comparison/../benchmarks/part6/non-incremental/QF_BV/asp/GraphPartitioning/rand_24_250_1235873539_0_k=3_v=9_e=15_unsat.gph.smt2,1292.36,0,28196,成功
/pub/data/jiafq/iscas/Parser_Comparison/../benchmarks/part6/non-incremental/QF_BV/asp/GraphPartitioning/rand_24_250_1235873539_0_k=6_v=9_e=25_sat.gph.smt2,4267.14,0,91211,成功
/pub/data/jiafq/iscas/Parser_Comparison/../benchmarks/part6/non-incremental/QF_BV/asp/GraphPartitioning/rand_25_200_1235404333_0_k=5_v=5_e=4_unsat.gph.smt2,2696.53,0,54813,成功
/pub/data/jiafq/iscas/Parser_Comparison/../benchmarks/part6/non-incremental/QF_BV/asp/GraphPartitioning/rand_25_300_1235843609_0_k=3_v=8_e=15_unsat.gph.smt2,1581.88,0,33089,成功
/pub/data/jiafq/iscas/Parser_Comparison/../benchmarks/part6/non-incremental/QF_BV/asp/GraphPartitioning/rand_25_300_1235843609_0_k=5_v=7_e=40_sat.gph.smt2,4038.66,0,78213,成功
/pub/data/jiafq/iscas/Parser_Comparison/../benchmarks/part6/non-incremental/QF_BV/asp/GraphPartitioning/rand_30_300_1235855358_0_k=6_v=6_e=30_sat.gph.smt2,5274.85,0,109867,成功
/pub/data/jiafq/iscas/Parser_Comparison/../benchmarks/part6/non-incremental/QF_BV/asp/HamiltonianPath/gryzzles.12.lp.smt2,693.988,0,15123,成功
/pub/data/jiafq/iscas/Parser_Comparison/../benchmarks/part6/non-incremental/QF_BV/asp/HamiltonianPath/gryzzles.15.lp.smt2,1149.49,0,23123,成功
/pub/data/jiafq/iscas/Parser_Comparison/../benchmarks/part6/non-incremental/QF_BV/asp/HamiltonianPath/gryzzles.16.lp.smt2,764.072,0,16251,成功
/pub/data/jiafq/iscas/Parser_Comparison/../benchmarks/part6/non-incremental/QF_BV/asp/HamiltonianPath/gryzzles.18.lp.smt2,1030.1,0,20656,成功
/pub/data/jiafq/iscas/Parser_Comparison/../benchmarks/part6/non-incremental/QF_BV/asp/HamiltonianPath/gryzzles.19.lp.smt2,1065.11,0,22062,成功
/pub/data/jiafq/iscas/Parser_Comparison/../benchmarks/part6/non-incremental/QF_BV/asp/HamiltonianPath/gryzzles.2.lp.smt2,750.652,0,15391,成功
/pub/data/jiafq/iscas/Parser_Comparison/../benchmarks/part6/non-incremental/QF_BV/asp/HamiltonianPath/gryzzles.20.lp.smt2,1065.95,0,21880,成功
/pub/data/jiafq/iscas/Parser_Comparison/../benchmarks/part6/non-incremental/QF_BV/asp/HamiltonianPath/gryzzles.21.lp.smt2,1040.04,0,20559,成功
/pub/data/jiafq/iscas/Parser_Comparison/../benchmarks/part6/non-incremental/QF_BV/asp/HamiltonianPath/gryzzles.22.lp.smt2,901.94,0,19286,成功
/pub/data/jiafq/iscas/Parser_Comparison/../benchmarks/part6/non-incremental/QF_BV/asp/HamiltonianPath/gryzzles.23.lp.smt2,975.28,0,21033,成功
/pub/data/jiafq/iscas/Parser_Comparison/../benchmarks/part6/non-incremental/QF_BV/asp/HamiltonianPath/gryzzles.26.lp.smt2,974.145,0,20357,成功
/pub/data/jiafq/iscas/Parser_Comparison/../benchmarks/part6/non-incremental/QF_BV/asp/HamiltonianPath/gryzzles.30.lp.smt2,1034.15,0,21092,成功
/pub/data/jiafq/iscas/Parser_Comparison/../benchmarks/part6/non-incremental/QF_BV/asp/HamiltonianPath/gryzzles.31.lp.smt2,924.06,0,20185,成功
/pub/data/jiafq/iscas/Parser_Comparison/../benchmarks/part6/non-incremental/QF_BV/asp/HamiltonianPath/gryzzles.32.lp.smt2,862.997,0,19078,成功
/pub/data/jiafq/iscas/Parser_Comparison/../benchmarks/part6/non-incremental/QF_BV/asp/HamiltonianPath/gryzzles.33.lp.smt2,787.26,0,17533,成功
/pub/data/jiafq/iscas/Parser_Comparison/../benchmarks/part6/non-incremental/QF_BV/asp/HamiltonianPath/gryzzles.37.lp.smt2,1025.78,0,21149,成功
/pub/data/jiafq/iscas/Parser_Comparison/../benchmarks/part6/non-incremental/QF_BV/asp/HamiltonianPath/gryzzles.39.lp.smt2,925.778,0,19152,成功
/pub/data/jiafq/iscas/Parser_Comparison/../benchmarks/part6/non-incremental/QF_BV/asp/HamiltonianPath/gryzzles.40.lp.smt2,858.746,0,18140,成功
/pub/data/jiafq/iscas/Parser_Comparison/../benchmarks/part6/non-incremental/QF_BV/asp/HamiltonianPath/gryzzles.41.lp.smt2,888.115,0,20175,成功
/pub/data/jiafq/iscas/Parser_Comparison/../benchmarks/part6/non-incremental/QF_BV/asp/HamiltonianPath/gryzzles.42.lp.smt2,791.142,0,18262,成功
/pub/data/jiafq/iscas/Parser_Comparison/../benchmarks/part6/non-incremental/QF_BV/asp/HamiltonianPath/gryzzles.44.lp.smt2,826.634,0,18818,成功
/pub/data/jiafq/iscas/Parser_Comparison/../benchmarks/part6/non-incremental/QF_BV/asp/HamiltonianPath/gryzzles.46.lp.smt2,1078.28,0,22542,成功
/pub/data/jiafq/iscas/Parser_Comparison/../benchmarks/part6/non-incremental/QF_BV/asp/HamiltonianPath/gryzzles.48.lp.smt2,1100.44,0,23428,成功
/pub/data/jiafq/iscas/Parser_Comparison/../benchmarks/part6/non-incremental/QF_BV/asp/HamiltonianPath/gryzzles.6.lp.smt2,837.937,0,17220,成功
/pub/data/jiafq/iscas/Parser_Comparison/../benchmarks/part6/non-incremental/QF_BV/asp/HamiltonianPath/gryzzles.7.lp.smt2,889.222,0,18515,成功
/pub/data/jiafq/iscas/Parser_Comparison/../benchmarks/part6/non-incremental/QF_BV/asp/HamiltonianPath/gryzzles.8.lp.smt2,772.913,0,17225,成功
/pub/data/jiafq/iscas/Parser_Comparison/../benchmarks/part6/non-incremental/QF_BV/asp/HamiltonianPath/random.2.lp.smt2,1736.85,0,35089,成功
/pub/data/jiafq/iscas/Parser_Comparison/../benchmarks/part6/non-incremental/QF_BV/asp/HamiltonianPath/random.5.lp.smt2,1670.02,0,35439,成功
/pub/data/jiafq/iscas/Parser_Comparison/../benchmarks/part6/non-incremental/QF_BV/asp/HamiltonianPath/random.8.lp.smt2,1623.7,0,35404,成功
/pub/data/jiafq/iscas/Parser_Comparison/../benchmarks/part6/non-incremental/QF_BV/asp/Hanoi/mgs_towers-hanoi.110_7.smt2,15611.7,0,271372,成功
/pub/data/jiafq/iscas/Parser_Comparison/../benchmarks/part6/non-incremental/QF_BV/asp/Hanoi/mgs_towers-hanoi.113_7.smt2,16644.3,0,278858,成功
/pub/data/jiafq/iscas/Parser_Comparison/../benchmarks/part6/non-incremental/QF_BV/asp/Hanoi/mgs_towers-hanoi.120_7.smt2,16988.3,0,296070,成功
/pub/data/jiafq/iscas/Parser_Comparison/../benchmarks/part6/non-incremental/QF_BV/asp/Hanoi/mgs_towers-hanoi.127_7.smt2,18640.2,0,313410,成功
/pub/data/jiafq/iscas/Parser_Comparison/../benchmarks/part6/non-incremental/QF_BV/asp/Hanoi/mgs_towers-hanoi.30_7.smt2,3629.26,0,74260,成功
/pub/data/jiafq/iscas/Parser_Comparison/../benchmarks/part6/non-incremental/QF_BV/asp/Hanoi/mgs_towers-hanoi.32_7.smt2,3943.41,0,79052,成功
/pub/data/jiafq/iscas/Parser_Comparison/../benchmarks/part6/non-incremental/QF_BV/asp/Hanoi/mgs_towers-hanoi.70_7.smt2,9194.4,0,172768,成功
/pub/data/jiafq/iscas/Parser_Comparison/../benchmarks/part6/non-incremental/QF_BV/asp/Hanoi/mgs_towers-hanoi.73_7.smt2,10017.9,0,180119,成功
/pub/data/jiafq/iscas/Parser_Comparison/../benchmarks/part6/non-incremental/QF_BV/asp/Hanoi/mgs_towers-hanoi.77_7.smt2,10759.3,0,190117,成功
/pub/data/jiafq/iscas/Parser_Comparison/../benchmarks/part6/non-incremental/QF_BV/asp/Hanoi/mgs_towers-hanoi.80_7.smt2,11139.3,0,197372,成功
/pub/data/jiafq/iscas/Parser_Comparison/../benchmarks/part6/non-incremental/QF_BV/asp/Hanoi/mgs_towers-hanoi.83_7.smt2,11710.3,0,204673,成功
/pub/data/jiafq/iscas/Parser_Comparison/../benchmarks/part6/non-incremental/QF_BV/asp/Hanoi/mgs_towers-hanoi.87_7.smt2,12551.8,0,214719,成功
/pub/data/jiafq/iscas/Parser_Comparison/../benchmarks/part6/non-incremental/QF_BV/asp/Hanoi/mgs_towers-hanoi.90_7.smt2,13315.6,0,222116,成功
/pub/data/jiafq/iscas/Parser_Comparison/../benchmarks/part6/non-incremental/QF_BV/asp/Hanoi/mgs_towers-hanoi.93_7.smt2,12831.2,0,229513,成功
/pub/data/jiafq/iscas/Parser_Comparison/../benchmarks/part6/non-incremental/QF_BV/asp/Hanoi/mgs_towers-hanoi.97_7.smt2,13236.3,0,239323,成功
/pub/data/jiafq/iscas/Parser_Comparison/../benchmarks/part6/non-incremental/QF_BV/asp/HierarchicalClustering/xy.10.x.10.r.2.565627391.127944.data_k=4_l=6_unsat.gph.smt2,2156.53,0,41633,成功
/pub/data/jiafq/iscas/Parser_Comparison/../benchmarks/part6/non-incremental/QF_BV/asp/HierarchicalClustering/xy.10.x.10.r.3.1268203948.99614.data_k=2_l=5_sat.gph.smt2,3812.5,0,67943,成功
/pub/data/jiafq/iscas/Parser_Comparison/../benchmarks/part6/non-incremental/QF_BV/asp/HierarchicalClustering/xy.10.x.10.r.3.1268203948.99614.data_k=4_l=7_sat.gph.smt2,5443.6,0,93782,成功
/pub/data/jiafq/iscas/Parser_Comparison/../benchmarks/part6/non-incremental/QF_BV/asp/HierarchicalClustering/xy.11.x.11.r.3.712566045.949579.data_k=3_l=3_unsat.gph.smt2,1233.49,0,24012,成功
/pub/data/jiafq/iscas/Parser_Comparison/../benchmarks/part6/non-incremental/QF_BV/asp/HierarchicalClustering/xy.12.x.12.r.3.274440616.806497.data_k=3_l=4_sat.gph.smt2,3057.72,0,56014,成功
/pub/data/jiafq/iscas/Parser_Comparison/../benchmarks/part6/non-incremental/QF_BV/asp/HierarchicalClustering/xy.12.x.12.r.3.274440616.806497.data_k=4_l=3_unsat.gph.smt2,2257.59,0,43075,成功
/pub/data/jiafq/iscas/Parser_Comparison/../benchmarks/part6/non-incremental/QF_BV/asp/HierarchicalClustering/xy.12.x.12.r.4.274529373.784913.data_k=3_l=3_unsat.gph.smt2,3357.92,0,59263,成功
/pub/data/jiafq/iscas/Parser_Comparison/../benchmarks/part6/non-incremental/QF_BV/asp/HierarchicalClustering/xy.12.x.12.r.4.274529373.784913.data_k=4_l=4_sat.gph.smt2,4574.31,0,77294,成功
/pub/data/jiafq/iscas/Parser_Comparison/../benchmarks/part6/non-incremental/QF_BV/asp/HierarchicalClustering/xy.13.x.13.r.3.541669225.993881.data_k=2_l=6_sat.gph.smt2,5789.35,0,101703,成功
/pub/data/jiafq/iscas/Parser_Comparison/../benchmarks/part6/non-incremental/QF_BV/asp/HierarchicalClustering/xy.14.x.14.r.3.886831626.391915.data_k=2_l=6_sat.gph.smt2,10697,0,176526,成功
/pub/data/jiafq/iscas/Parser_Comparison/../benchmarks/part6/non-incremental/QF_BV/asp/HierarchicalClustering/xy.14.x.14.r.3.886831626.391915.data_k=3_l=5_sat.gph.smt2,8801.4,0,149569,成功
/pub/data/jiafq/iscas/Parser_Comparison/../benchmarks/part6/non-incremental/QF_BV/asp/HierarchicalClustering/xy.15.x.15.r.4.10790636.1242605.data_k=4_l=4_sat.gph.smt2,10179,0,167369,成功
/pub/data/jiafq/iscas/Parser_Comparison/../benchmarks/part6/non-incremental/QF_BV/asp/KnightTour/knightTour.in01.smt2,824.221,0,17480,成功
/pub/data/jiafq/iscas/Parser_Comparison/../benchmarks/part6/non-incremental/QF_BV/asp/KnightTour/knightTour.in02.smt2,1472.24,0,29605,成功
/pub/data/jiafq/iscas/Parser_Comparison/../benchmarks/part6/non-incremental/QF_BV/asp/KnightTour/knightTour.in03.smt2,2385.89,0,45111,成功
/pub/data/jiafq/iscas/Parser_Comparison/../benchmarks/part6/non-incremental/QF_BV/asp/KnightTour/knightTour.in04.smt2,3335.2,0,63902,成功
/pub/data/jiafq/iscas/Parser_Comparison/../benchmarks/part6/non-incremental/QF_BV/asp/KnightTour/knightTour.in05.smt2,4519.14,0,85792,成功
/pub/data/jiafq/iscas/Parser_Comparison/../benchmarks/part6/non-incremental/QF_BV/asp/KnightTour/knightTour.in06.smt2,7382.23,0,139280,成功
/pub/data/jiafq/iscas/Parser_Comparison/../benchmarks/part6/non-incremental/QF_BV/asp/KnightTour/knightTour.in07.smt2,18799.5,0,329262,成功
/pub/data/jiafq/iscas/Parser_Comparison/../benchmarks/part6/non-incremental/QF_BV/asp/KnightTour/knightTour.in08.smt2,34594,0,599584,成功
/pub/data/jiafq/iscas/Parser_Comparison/../benchmarks/part6/non-incremental/QF_BV/asp/KnightTour/knightTour.in09.smt2,48148.5,0,800398,成功
/pub/data/jiafq/iscas/Parser_Comparison/../benchmarks/part6/non-incremental/QF_BV/asp/KnightTour/knightTour.in10.smt2,55162.2,0,950273,成功
/pub/data/jiafq/iscas/Parser_Comparison/../benchmarks/part6/non-incremental/QF_BV/asp/Labyrinth/laby_17_17_02.lp.smt2,0,0,0,失败
/pub/data/jiafq/iscas/Parser_Comparison/../benchmarks/part6/non-incremental/QF_BV/asp/Labyrinth/laby_17_17_07.lp.smt2,0,0,0,失败
/pub/data/jiafq/iscas/Parser_Comparison/../benchmarks/part6/non-incremental/QF_BV/asp/Labyrinth/laby_17_17_09.lp.smt2,0,0,0,失败
/pub/data/jiafq/iscas/Parser_Comparison/../benchmarks/part6/non-incremental/QF_BV/asp/Labyrinth/laby_18_18_04.lp.smt2,0,0,0,失败
/pub/data/jiafq/iscas/Parser_Comparison/../benchmarks/part6/non-incremental/QF_BV/asp/Labyrinth/laby_18_18_11.lp.smt2,0,0,0,失败
/pub/data/jiafq/iscas/Parser_Comparison/../benchmarks/part6/non-incremental/QF_BV/asp/Labyrinth/laby_18_18_13.lp.smt2,0,0,0,失败
/pub/data/jiafq/iscas/Parser_Comparison/../benchmarks/part6/non-incremental/QF_BV/asp/Labyrinth/laby_18_18_14.lp.smt2,0,0,0,失败
/pub/data/jiafq/iscas/Parser_Comparison/../benchmarks/part6/non-incremental/QF_BV/asp/Labyrinth/laby_19_19_14.lp.smt2,0,0,0,失败
/pub/data/jiafq/iscas/Parser_Comparison/../benchmarks/part6/non-incremental/QF_BV/asp/Labyrinth/laby_19_19_15.lp.smt2,0,0,0,失败
/pub/data/jiafq/iscas/Parser_Comparison/../benchmarks/part6/non-incremental/QF_BV/asp/Labyrinth/laby_19_19_16.lp.smt2,0,0,0,失败
/pub/data/jiafq/iscas/Parser_Comparison/../benchmarks/part6/non-incremental/QF_BV/asp/Labyrinth/laby_19_19_17.lp.smt2,0,0,0,失败
/pub/data/jiafq/iscas/Parser_Comparison/../benchmarks/part6/non-incremental/QF_BV/asp/Labyrinth/laby_19_19_19.lp.smt2,0,0,0,失败
/pub/data/jiafq/iscas/Parser_Comparison/../benchmarks/part6/non-incremental/QF_BV/asp/Labyrinth/laby_20_20_04.lp.smt2,0,0,0,失败
/pub/data/jiafq/iscas/Parser_Comparison/../benchmarks/part6/non-incremental/QF_BV/asp/Labyrinth/laby_20_20_15.lp.smt2,0,0,0,失败
/pub/data/jiafq/iscas/Parser_Comparison/../benchmarks/part6/non-incremental/QF_BV/asp/Labyrinth/laby_20_20_16.lp.smt2,0,0,0,失败
/pub/data/jiafq/iscas/Parser_Comparison/../benchmarks/part6/non-incremental/QF_BV/asp/Labyrinth/laby_21_21_01.lp.smt2,0,0,0,失败
/pub/data/jiafq/iscas/Parser_Comparison/../benchmarks/part6/non-incremental/QF_BV/asp/Labyrinth/laby_21_21_05.lp.smt2,0,0,0,失败
/pub/data/jiafq/iscas/Parser_Comparison/../benchmarks/part6/non-incremental/QF_BV/asp/Labyrinth/laby_21_21_07.lp.smt2,0,0,0,失败
/pub/data/jiafq/iscas/Parser_Comparison/../benchmarks/part6/non-incremental/QF_BV/asp/Labyrinth/laby_21_21_12.lp.smt2,0,0,0,失败
/pub/data/jiafq/iscas/Parser_Comparison/../benchmarks/part6/non-incremental/QF_BV/asp/Labyrinth/laby_21_21_15.lp.smt2,0,0,0,失败
/pub/data/jiafq/iscas/Parser_Comparison/../benchmarks/part6/non-incremental/QF_BV/asp/Labyrinth/laby_21_21_16.lp.smt2,0,0,0,失败
/pub/data/jiafq/iscas/Parser_Comparison/../benchmarks/part6/non-incremental/QF_BV/asp/Labyrinth/laby_21_21_18.lp.smt2,0,0,0,失败
/pub/data/jiafq/iscas/Parser_Comparison/../benchmarks/part6/non-incremental/QF_BV/asp/Labyrinth/laby_21_21_19.lp.smt2,0,0,0,失败
/pub/data/jiafq/iscas/Parser_Comparison/../benchmarks/part6/non-incremental/QF_BV/asp/Labyrinth/laby_22_22_08.lp.smt2,0,0,0,失败
/pub/data/jiafq/iscas/Parser_Comparison/../benchmarks/part6/non-incremental/QF_BV/asp/Labyrinth/laby_22_22_09.lp.smt2,0,0,0,失败
/pub/data/jiafq/iscas/Parser_Comparison/../benchmarks/part6/non-incremental/QF_BV/asp/Labyrinth/laby_22_22_11.lp.smt2,0,0,0,失败
/pub/data/jiafq/iscas/Parser_Comparison/../benchmarks/part6/non-incremental/QF_BV/asp/Labyrinth/laby_22_22_13.lp.smt2,0,0,0,失败
/pub/data/jiafq/iscas/Parser_Comparison/../benchmarks/part6/non-incremental/QF_BV/asp/Labyrinth/laby_22_22_17.lp.smt2,0,0,0,失败
/pub/data/jiafq/iscas/Parser_Comparison/../benchmarks/part6/non-incremental/QF_BV/asp/Labyrinth/laby_22_22_19.lp.smt2,0,0,0,失败
/pub/data/jiafq/iscas/Parser_Comparison/../benchmarks/part6/non-incremental/QF_BV/asp/MazeGeneration/maze-generation-width=10-height=10-density=0.01-run=1.smt2,232.04,0,4793,成功
/pub/data/jiafq/iscas/Parser_Comparison/../benchmarks/part6/non-incremental/QF_BV/asp/MazeGeneration/maze-generation-width=10-height=10-density=0.01-run=2.smt2,233.399,0,4712,成功
/pub/data/jiafq/iscas/Parser_Comparison/../benchmarks/part6/non-incremental/QF_BV/asp/MazeGeneration/maze-generation-width=10-height=10-density=0.01-run=3.smt2,208.998,0,4715,成功
/pub/data/jiafq/iscas/Parser_Comparison/../benchmarks/part6/non-incremental/QF_BV/asp/MazeGeneration/maze-generation-width=10-height=10-density=0.01-run=4.smt2,216.741,0,4717,成功
/pub/data/jiafq/iscas/Parser_Comparison/../benchmarks/part6/non-incremental/QF_BV/asp/MazeGeneration/maze-generation-width=12-height=12-density=0.01-run=1.smt2,354.622,0,7432,成功
/pub/data/jiafq/iscas/Parser_Comparison/../benchmarks/part6/non-incremental/QF_BV/asp/MazeGeneration/maze-generation-width=12-height=12-density=0.01-run=3.smt2,348.083,0,7349,成功
/pub/data/jiafq/iscas/Parser_Comparison/../benchmarks/part6/non-incremental/QF_BV/asp/MazeGeneration/maze-generation-width=12-height=12-density=0.01-run=5.smt2,353.734,0,7436,成功
/pub/data/jiafq/iscas/Parser_Comparison/../benchmarks/part6/non-incremental/QF_BV/asp/MazeGeneration/maze-generation-width=14-height=14-density=0.01-run=3.smt2,530.834,0,10581,成功
/pub/data/jiafq/iscas/Parser_Comparison/../benchmarks/part6/non-incremental/QF_BV/asp/MazeGeneration/maze-generation-width=15-height=15-density=0.01-run=1.smt2,625.071,0,12413,成功
/pub/data/jiafq/iscas/Parser_Comparison/../benchmarks/part6/non-incremental/QF_BV/asp/MazeGeneration/maze-generation-width=15-height=15-density=0.01-run=2.smt2,621.935,0,12463,成功
/pub/data/jiafq/iscas/Parser_Comparison/../benchmarks/part6/non-incremental/QF_BV/asp/MazeGeneration/maze-generation-width=15-height=15-density=0.01-run=3.smt2,618.276,0,12373,成功
/pub/data/jiafq/iscas/Parser_Comparison/../benchmarks/part6/non-incremental/QF_BV/asp/MazeGeneration/maze-generation-width=15-height=15-density=0.01-run=4.smt2,626.156,0,12462,成功
/pub/data/jiafq/iscas/Parser_Comparison/../benchmarks/part6/non-incremental/QF_BV/asp/MazeGeneration/maze-generation-width=15-height=15-density=0.01-run=5.smt2,601.738,0,12325,成功
/pub/data/jiafq/iscas/Parser_Comparison/../benchmarks/part6/non-incremental/QF_BV/asp/MazeGeneration/maze-generation-width=16-height=16-density=0.01-run=1.smt2,725.206,0,14385,成功
/pub/data/jiafq/iscas/Parser_Comparison/../benchmarks/part6/non-incremental/QF_BV/asp/MazeGeneration/maze-generation-width=16-height=16-density=0.01-run=3.smt2,702.055,0,14465,成功
/pub/data/jiafq/iscas/Parser_Comparison/../benchmarks/part6/non-incremental/QF_BV/asp/MazeGeneration/maze-generation-width=16-height=16-density=0.01-run=4.smt2,747.726,0,14390,成功
/pub/data/jiafq/iscas/Parser_Comparison/../benchmarks/part6/non-incremental/QF_BV/asp/MazeGeneration/maze-generation-width=16-height=16-density=0.01-run=5.smt2,719.46,0,14321,成功
/pub/data/jiafq/iscas/Parser_Comparison/../benchmarks/part6/non-incremental/QF_BV/asp/MazeGeneration/maze-generation-width=17-height=17-density=0.01-run=1.smt2,842.438,0,16512,成功
/pub/data/jiafq/iscas/Parser_Comparison/../benchmarks/part6/non-incremental/QF_BV/asp/MazeGeneration/maze-generation-width=17-height=17-density=0.01-run=3.smt2,809.205,0,16506,成功
/pub/data/jiafq/iscas/Parser_Comparison/../benchmarks/part6/non-incremental/QF_BV/asp/MazeGeneration/maze-generation-width=18-height=18-density=0.01-run=2.smt2,931.955,0,18860,成功
/pub/data/jiafq/iscas/Parser_Comparison/../benchmarks/part6/non-incremental/QF_BV/asp/MazeGeneration/maze-generation-width=18-height=18-density=0.01-run=3.smt2,954.861,0,18781,成功
/pub/data/jiafq/iscas/Parser_Comparison/../benchmarks/part6/non-incremental/QF_BV/asp/MazeGeneration/maze-generation-width=18-height=18-density=0.01-run=4.smt2,990.696,0,18858,成功
/pub/data/jiafq/iscas/Parser_Comparison/../benchmarks/part6/non-incremental/QF_BV/asp/MazeGeneration/maze-generation-width=19-height=19-density=0.01-run=1.smt2,1092.64,0,20940,成功
/pub/data/jiafq/iscas/Parser_Comparison/../benchmarks/part6/non-incremental/QF_BV/asp/MazeGeneration/maze-generation-width=19-height=19-density=0.01-run=3.smt2,1088.36,0,21029,成功
/pub/data/jiafq/iscas/Parser_Comparison/../benchmarks/part6/non-incremental/QF_BV/asp/MazeGeneration/maze-generation-width=19-height=19-density=0.01-run=4.smt2,1184.89,0,21084,成功
/pub/data/jiafq/iscas/Parser_Comparison/../benchmarks/part6/non-incremental/QF_BV/asp/MazeGeneration/maze-generation-width=19-height=19-density=0.01-run=5.smt2,1107.61,0,21196,成功
/pub/data/jiafq/iscas/Parser_Comparison/../benchmarks/part6/non-incremental/QF_BV/asp/MazeGeneration/maze-generation-width=21-height=21-density=0.01-run=1.smt2,1368.18,0,26383,成功
/pub/data/jiafq/iscas/Parser_Comparison/../benchmarks/part6/non-incremental/QF_BV/asp/MazeGeneration/maze-generation-width=21-height=21-density=0.01-run=2.smt2,1384.82,0,26442,成功
/pub/data/jiafq/iscas/Parser_Comparison/../benchmarks/part6/non-incremental/QF_BV/asp/MazeGeneration/maze-generation-width=21-height=21-density=0.01-run=4.smt2,1388.86,0,26381,成功
/pub/data/jiafq/iscas/Parser_Comparison/../benchmarks/part6/non-incremental/QF_BV/asp/SchurNumbers/15.1.schur.lp.smt2,4891.37,0,75870,成功
/pub/data/jiafq/iscas/Parser_Comparison/../benchmarks/part6/non-incremental/QF_BV/asp/SchurNumbers/15.10.schur.lp.smt2,5035.02,0,75869,成功
/pub/data/jiafq/iscas/Parser_Comparison/../benchmarks/part6/non-incremental/QF_BV/asp/SchurNumbers/15.13.schur.lp.smt2,4957.7,0,75873,成功
/pub/data/jiafq/iscas/Parser_Comparison/../benchmarks/part6/non-incremental/QF_BV/asp/SchurNumbers/15.14.schur.lp.smt2,5012.04,0,75865,成功
/pub/data/jiafq/iscas/Parser_Comparison/../benchmarks/part6/non-incremental/QF_BV/asp/SchurNumbers/15.16.schur.lp.smt2,4964.53,0,75871,成功
/pub/data/jiafq/iscas/Parser_Comparison/../benchmarks/part6/non-incremental/QF_BV/asp/SchurNumbers/15.17.schur.lp.smt2,5050.74,0,75866,成功
/pub/data/jiafq/iscas/Parser_Comparison/../benchmarks/part6/non-incremental/QF_BV/asp/SchurNumbers/15.19.schur.lp.smt2,4959.87,0,75872,成功
/pub/data/jiafq/iscas/Parser_Comparison/../benchmarks/part6/non-incremental/QF_BV/asp/SchurNumbers/15.20.schur.lp.smt2,4941.1,0,75870,成功
/pub/data/jiafq/iscas/Parser_Comparison/../benchmarks/part6/non-incremental/QF_BV/asp/SchurNumbers/15.3.schur.lp.smt2,5027.32,0,75866,成功
/pub/data/jiafq/iscas/Parser_Comparison/../benchmarks/part6/non-incremental/QF_BV/asp/SchurNumbers/15.4.schur.lp.smt2,5041.76,0,75874,成功
/pub/data/jiafq/iscas/Parser_Comparison/../benchmarks/part6/non-incremental/QF_BV/asp/SchurNumbers/15.5.schur.lp.smt2,4989.71,0,75872,成功
/pub/data/jiafq/iscas/Parser_Comparison/../benchmarks/part6/non-incremental/QF_BV/asp/SchurNumbers/15.6.schur.lp.smt2,5250.09,0,75870,成功
/pub/data/jiafq/iscas/Parser_Comparison/../benchmarks/part6/non-incremental/QF_BV/asp/SchurNumbers/15.8.schur.lp.smt2,4907.22,0,75840,成功
/pub/data/jiafq/iscas/Parser_Comparison/../benchmarks/part6/non-incremental/QF_BV/asp/SchurNumbers/20.1.schur.lp.smt2,5025.07,0,75673,成功
/pub/data/jiafq/iscas/Parser_Comparison/../benchmarks/part6/non-incremental/QF_BV/asp/SchurNumbers/20.10.schur.lp.smt2,5078.25,0,75676,成功
/pub/data/jiafq/iscas/Parser_Comparison/../benchmarks/part6/non-incremental/QF_BV/asp/SchurNumbers/20.11.schur.lp.smt2,5129.6,0,75674,成功
/pub/data/jiafq/iscas/Parser_Comparison/../benchmarks/part6/non-incremental/QF_BV/asp/SchurNumbers/20.12.schur.lp.smt2,5039.2,0,75665,成功
/pub/data/jiafq/iscas/Parser_Comparison/../benchmarks/part6/non-incremental/QF_BV/asp/SchurNumbers/20.13.schur.lp.smt2,4908.03,0,75678,成功
/pub/data/jiafq/iscas/Parser_Comparison/../benchmarks/part6/non-incremental/QF_BV/asp/SchurNumbers/20.14.schur.lp.smt2,5083.69,0,75676,成功
/pub/data/jiafq/iscas/Parser_Comparison/../benchmarks/part6/non-incremental/QF_BV/asp/SchurNumbers/20.17.schur.lp.smt2,5285,0,75678,成功
/pub/data/jiafq/iscas/Parser_Comparison/../benchmarks/part6/non-incremental/QF_BV/asp/SchurNumbers/20.18.schur.lp.smt2,5076.85,0,75668,成功
/pub/data/jiafq/iscas/Parser_Comparison/../benchmarks/part6/non-incremental/QF_BV/asp/SchurNumbers/20.2.schur.lp.smt2,5047.09,0,75676,成功
/pub/data/jiafq/iscas/Parser_Comparison/../benchmarks/part6/non-incremental/QF_BV/asp/SchurNumbers/20.20.schur.lp.smt2,4880.05,0,75674,成功
/pub/data/jiafq/iscas/Parser_Comparison/../benchmarks/part6/non-incremental/QF_BV/asp/SchurNumbers/20.3.schur.lp.smt2,5127.61,0,75675,成功
/pub/data/jiafq/iscas/Parser_Comparison/../benchmarks/part6/non-incremental/QF_BV/asp/SchurNumbers/20.5.schur.lp.smt2,5049.74,0,75669,成功
/pub/data/jiafq/iscas/Parser_Comparison/../benchmarks/part6/non-incremental/QF_BV/asp/SchurNumbers/20.6.schur.lp.smt2,5303.77,0,75679,成功
/pub/data/jiafq/iscas/Parser_Comparison/../benchmarks/part6/non-incremental/QF_BV/asp/SchurNumbers/20.7.schur.lp.smt2,4982.12,0,75669,成功
/pub/data/jiafq/iscas/Parser_Comparison/../benchmarks/part6/non-incremental/QF_BV/asp/SchurNumbers/20.8.schur.lp.smt2,4979.25,0,75660,成功
/pub/data/jiafq/iscas/Parser_Comparison/../benchmarks/part6/non-incremental/QF_BV/asp/SchurNumbers/20.9.schur.lp.smt2,5044.93,0,75677,成功
/pub/data/jiafq/iscas/Parser_Comparison/../benchmarks/part6/non-incremental/QF_BV/asp/Sokoban/dimitri_yorick.51.steps.11.asp.smt2,3339.68,0,64694,成功
/pub/data/jiafq/iscas/Parser_Comparison/../benchmarks/part6/non-incremental/QF_BV/asp/Sokoban/dimitri_yorick.54.steps.12.asp.smt2,2498.2,0,52610,成功
/pub/data/jiafq/iscas/Parser_Comparison/../benchmarks/part6/non-incremental/QF_BV/asp/Sokoban/dimitri_yorick.55.steps.9.asp.smt2,2548.82,0,53050,成功
/pub/data/jiafq/iscas/Parser_Comparison/../benchmarks/part6/non-incremental/QF_BV/asp/Sokoban/dimitri_yorick.57.steps.7.asp.smt2,3547.74,0,70356,成功
/pub/data/jiafq/iscas/Parser_Comparison/../benchmarks/part6/non-incremental/QF_BV/asp/Sokoban/dimitri_yorick.59.steps.8.asp.smt2,1823.37,0,38250,成功
/pub/data/jiafq/iscas/Parser_Comparison/../benchmarks/part6/non-incremental/QF_BV/asp/Sokoban/duthen-990602.29.steps.11.asp.smt2,2205.81,0,45425,成功
/pub/data/jiafq/iscas/Parser_Comparison/../benchmarks/part6/non-incremental/QF_BV/asp/Sokoban/duthen-990602.34.steps.14.asp.smt2,2984.32,0,60578,成功
/pub/data/jiafq/iscas/Parser_Comparison/../benchmarks/part6/non-incremental/QF_BV/asp/Sokoban/duthen-990602.36.steps.10.asp.smt2,2700.01,0,54879,成功
/pub/data/jiafq/iscas/Parser_Comparison/../benchmarks/part6/non-incremental/QF_BV/asp/Sokoban/duthen-990602.37.steps.10.asp.smt2,2384.82,0,49836,成功
/pub/data/jiafq/iscas/Parser_Comparison/../benchmarks/part6/non-incremental/QF_BV/asp/Sokoban/duthen-990602.37.steps.13.asp.smt2,3216.05,0,65436,成功
/pub/data/jiafq/iscas/Parser_Comparison/../benchmarks/part6/non-incremental/QF_BV/asp/Sokoban/duthen-990602.37.steps.14.asp.smt2,3554.77,0,70636,成功
/pub/data/jiafq/iscas/Parser_Comparison/../benchmarks/part6/non-incremental/QF_BV/asp/Sokoban/duthen-990602.40.steps.14.asp.smt2,3041.64,0,62238,成功
/pub/data/jiafq/iscas/Parser_Comparison/../benchmarks/part6/non-incremental/QF_BV/asp/Sokoban/duthen-990602.45.steps.12.asp.smt2,2461.56,0,50615,成功
/pub/data/jiafq/iscas/Parser_Comparison/../benchmarks/part6/non-incremental/QF_BV/asp/Sokoban/duthen-990602.49.steps.13.asp.smt2,2519.9,0,52190,成功
/pub/data/jiafq/iscas/Parser_Comparison/../benchmarks/part6/non-incremental/QF_BV/asp/Sokoban/duthen-990602.50.steps.10.asp.smt2,2901,0,57593,成功
/pub/data/jiafq/iscas/Parser_Comparison/../benchmarks/part6/non-incremental/QF_BV/asp/Sokoban/duthen-990602.50.steps.9.asp.smt2,2648.42,0,51584,成功
/pub/data/jiafq/iscas/Parser_Comparison/../benchmarks/part6/non-incremental/QF_BV/asp/Sokoban/duthen-990602.51.steps.12.asp.smt2,2607.86,0,51610,成功
/pub/data/jiafq/iscas/Parser_Comparison/../benchmarks/part6/non-incremental/QF_BV/asp/Sokoban/duthen-990602.52.steps.15.asp.smt2,3303.13,0,65901,成功
/pub/data/jiafq/iscas/Parser_Comparison/../benchmarks/part6/non-incremental/QF_BV/asp/Sokoban/duthen-990602.57.steps.12.asp.smt2,2678.1,0,51594,成功
/pub/data/jiafq/iscas/Parser_Comparison/../benchmarks/part6/non-incremental/QF_BV/asp/Sokoban/duthen-990602.57.steps.15.asp.smt2,3258.74,0,64983,成功
/pub/data/jiafq/iscas/Parser_Comparison/../benchmarks/part6/non-incremental/QF_BV/asp/Sokoban/duthen-990602.63.steps.14.asp.smt2,3174.35,0,62238,成功
/pub/data/jiafq/iscas/Parser_Comparison/../benchmarks/part6/non-incremental/QF_BV/asp/Sokoban/duthen-990602.67.steps.10.asp.smt2,2979.28,0,60985,成功
/pub/data/jiafq/iscas/Parser_Comparison/../benchmarks/part6/non-incremental/QF_BV/asp/Sokoban/duthen-990602.69.steps.14.asp.smt2,3490.27,0,69334,成功
/pub/data/jiafq/iscas/Parser_Comparison/../benchmarks/part6/non-incremental/QF_BV/asp/Sokoban/duthen-990602.70.steps.13.asp.smt2,2540.33,0,51671,成功
/pub/data/jiafq/iscas/Parser_Comparison/../benchmarks/part6/non-incremental/QF_BV/asp/Sokoban/duthen-990602.73.steps.9.asp.smt2,2589.12,0,51664,成功
/pub/data/jiafq/iscas/Parser_Comparison/../benchmarks/part6/non-incremental/QF_BV/asp/Sokoban/duthen-990602.74.steps.13.asp.smt2,2870.65,0,56696,成功
/pub/data/jiafq/iscas/Parser_Comparison/../benchmarks/part6/non-incremental/QF_BV/asp/Sokoban/duthen-990602.75.steps.10.asp.smt2,2601.01,0,53243,成功
/pub/data/jiafq/iscas/Parser_Comparison/../benchmarks/part6/non-incremental/QF_BV/asp/Sokoban/duthen-990602.76.steps.13.asp.smt2,4257.25,0,84147,成功
/pub/data/jiafq/iscas/Parser_Comparison/../benchmarks/part6/non-incremental/QF_BV/asp/Sokoban/duthen-990602.77.steps.9.asp.smt2,2531.89,0,52568,成功
/pub/data/jiafq/iscas/Parser_Comparison/../benchmarks/part6/non-incremental/QF_BV/asp/Solitaire/solitaire-asymmetric-time=24.smt2,3577.67,0,70591,成功
/pub/data/jiafq/iscas/Parser_Comparison/../benchmarks/part6/non-incremental/QF_BV/asp/Solitaire/solitaire-asymmetric-time=25.smt2,3852.85,0,73548,成功
/pub/data/jiafq/iscas/Parser_Comparison/../benchmarks/part6/non-incremental/QF_BV/asp/Solitaire/solitaire-asymmetric-time=26.smt2,4135,0,76505,成功
/pub/data/jiafq/iscas/Parser_Comparison/../benchmarks/part6/non-incremental/QF_BV/asp/Solitaire/solitaire-asymmetric-time=27.smt2,4201.32,0,79462,成功
/pub/data/jiafq/iscas/Parser_Comparison/../benchmarks/part6/non-incremental/QF_BV/asp/Solitaire/solitaire-asymmetric-time=28.smt2,4406.57,0,82419,成功
/pub/data/jiafq/iscas/Parser_Comparison/../benchmarks/part6/non-incremental/QF_BV/asp/Solitaire/solitaire-asymmetric-time=29.smt2,4536.2,0,85376,成功
/pub/data/jiafq/iscas/Parser_Comparison/../benchmarks/part6/non-incremental/QF_BV/asp/Solitaire/solitaire-asymmetric-time=30.smt2,4867.52,0,88333,成功
/pub/data/jiafq/iscas/Parser_Comparison/../benchmarks/part6/non-incremental/QF_BV/asp/Solitaire/solitaire-asymmetric-time=31.smt2,4960.87,0,91290,成功
/pub/data/jiafq/iscas/Parser_Comparison/../benchmarks/part6/non-incremental/QF_BV/asp/Solitaire/solitaire-asymmetric-time=32.smt2,4925.21,0,94247,成功
/pub/data/jiafq/iscas/Parser_Comparison/../benchmarks/part6/non-incremental/QF_BV/asp/Solitaire/solitaire-center-time=24.smt2,3577.64,0,70591,成功
/pub/data/jiafq/iscas/Parser_Comparison/../benchmarks/part6/non-incremental/QF_BV/asp/Solitaire/solitaire-center-time=25.smt2,3976.1,0,73548,成功
/pub/data/jiafq/iscas/Parser_Comparison/../benchmarks/part6/non-incremental/QF_BV/asp/Solitaire/solitaire-center-time=26.smt2,4085.86,0,76505,成功
/pub/data/jiafq/iscas/Parser_Comparison/../benchmarks/part6/non-incremental/QF_BV/asp/Solitaire/solitaire-center-time=27.smt2,4294.36,0,79462,成功
/pub/data/jiafq/iscas/Parser_Comparison/../benchmarks/part6/non-incremental/QF_BV/asp/Solitaire/solitaire-center-time=28.smt2,4342.21,0,82419,成功
/pub/data/jiafq/iscas/Parser_Comparison/../benchmarks/part6/non-incremental/QF_BV/asp/Solitaire/solitaire-center-time=29.smt2,4639.17,0,85376,成功
/pub/data/jiafq/iscas/Parser_Comparison/../benchmarks/part6/non-incremental/QF_BV/asp/Solitaire/solitaire-center-time=30.smt2,4640.02,0,88333,成功
/pub/data/jiafq/iscas/Parser_Comparison/../benchmarks/part6/non-incremental/QF_BV/asp/Solitaire/solitaire-center-time=31.smt2,4874.03,0,91290,成功
/pub/data/jiafq/iscas/Parser_Comparison/../benchmarks/part6/non-incremental/QF_BV/asp/Solitaire/solitaire-center-time=32.smt2,5028.79,0,94247,成功
/pub/data/jiafq/iscas/Parser_Comparison/../benchmarks/part6/non-incremental/QF_BV/asp/Solitaire/solitaire-edge-time=24.smt2,3776.72,0,70587,成功
/pub/data/jiafq/iscas/Parser_Comparison/../benchmarks/part6/non-incremental/QF_BV/asp/Solitaire/solitaire-edge-time=25.smt2,4137.07,0,73544,成功
/pub/data/jiafq/iscas/Parser_Comparison/../benchmarks/part6/non-incremental/QF_BV/asp/Solitaire/solitaire-edge-time=26.smt2,4283.58,0,76501,成功
/pub/data/jiafq/iscas/Parser_Comparison/../benchmarks/part6/non-incremental/QF_BV/asp/Solitaire/solitaire-edge-time=27.smt2,4293.38,0,79458,成功
/pub/data/jiafq/iscas/Parser_Comparison/../benchmarks/part6/non-incremental/QF_BV/asp/Solitaire/solitaire-edge-time=28.smt2,4515.72,0,82415,成功
/pub/data/jiafq/iscas/Parser_Comparison/../benchmarks/part6/non-incremental/QF_BV/asp/Solitaire/solitaire-edge-time=29.smt2,4586.59,0,85372,成功
/pub/data/jiafq/iscas/Parser_Comparison/../benchmarks/part6/non-incremental/QF_BV/asp/Solitaire/solitaire-edge-time=30.smt2,4789.06,0,88329,成功
/pub/data/jiafq/iscas/Parser_Comparison/../benchmarks/part6/non-incremental/QF_BV/asp/Solitaire/solitaire-edge-time=31.smt2,4853.44,0,91286,成功
/pub/data/jiafq/iscas/Parser_Comparison/../benchmarks/part6/non-incremental/QF_BV/asp/Solitaire/solitaire-edge-time=32.smt2,5042.56,0,94243,成功
/pub/data/jiafq/iscas/Parser_Comparison/../benchmarks/part6/non-incremental/QF_BV/asp/Sudoku/sudoku.in1.smt2,1206.51,0,26032,成功
/pub/data/jiafq/iscas/Parser_Comparison/../benchmarks/part6/non-incremental/QF_BV/asp/Sudoku/sudoku.in10.smt2,31190.5,0,539690,成功
/pub/data/jiafq/iscas/Parser_Comparison/../benchmarks/part6/non-incremental/QF_BV/asp/Sudoku/sudoku.in2.smt2,1191.37,0,26086,成功
/pub/data/jiafq/iscas/Parser_Comparison/../benchmarks/part6/non-incremental/QF_BV/asp/Sudoku/sudoku.in3.smt2,30091.9,0,520490,成功
/pub/data/jiafq/iscas/Parser_Comparison/../benchmarks/part6/non-incremental/QF_BV/asp/Sudoku/sudoku.in4.smt2,29576.2,0,537140,成功
/pub/data/jiafq/iscas/Parser_Comparison/../benchmarks/part6/non-incremental/QF_BV/asp/Sudoku/sudoku.in5.smt2,29843.1,0,538640,成功
/pub/data/jiafq/iscas/Parser_Comparison/../benchmarks/part6/non-incremental/QF_BV/asp/Sudoku/sudoku.in6.smt2,30236.6,0,521240,成功
/pub/data/jiafq/iscas/Parser_Comparison/../benchmarks/part6/non-incremental/QF_BV/asp/Sudoku/sudoku.in7.smt2,31275.9,0,537290,成功
/pub/data/jiafq/iscas/Parser_Comparison/../benchmarks/part6/non-incremental/QF_BV/asp/Sudoku/sudoku.in8.smt2,31231,0,538940,成功
/pub/data/jiafq/iscas/Parser_Comparison/../benchmarks/part6/non-incremental/QF_BV/asp/Sudoku/sudoku.in9.smt2,30958.4,0,539390,成功
/pub/data/jiafq/iscas/Parser_Comparison/../benchmarks/part6/non-incremental/QF_BV/asp/TravellingSalesperson/dom_rand_70_300_1155482584_3.lp.smt2,1659.79,0,34560,成功
/pub/data/jiafq/iscas/Parser_Comparison/../benchmarks/part6/non-incremental/QF_BV/asp/TravellingSalesperson/rand_70_300_1155482584_11.lp.smt2,1672.46,0,34749,成功
/pub/data/jiafq/iscas/Parser_Comparison/../benchmarks/part6/non-incremental/QF_BV/asp/TravellingSalesperson/rand_70_300_1155482584_12.lp.smt2,1696.1,0,34551,成功
/pub/data/jiafq/iscas/Parser_Comparison/../benchmarks/part6/non-incremental/QF_BV/asp/TravellingSalesperson/rand_70_300_1155482584_14.lp.smt2,1643.05,0,34551,成功
/pub/data/jiafq/iscas/Parser_Comparison/../benchmarks/part6/non-incremental/QF_BV/asp/TravellingSalesperson/rand_70_300_1155482584_3.lp.smt2,1664.44,0,34560,成功
/pub/data/jiafq/iscas/Parser_Comparison/../benchmarks/part6/non-incremental/QF_BV/asp/TravellingSalesperson/rand_70_300_1155482584_4.lp.smt2,1657.27,0,34560,成功
/pub/data/jiafq/iscas/Parser_Comparison/../benchmarks/part6/non-incremental/QF_BV/asp/TravellingSalesperson/rand_70_300_1155482584_5.lp.smt2,1666.74,0,34581,成功
/pub/data/jiafq/iscas/Parser_Comparison/../benchmarks/part6/non-incremental/QF_BV/asp/TravellingSalesperson/rand_70_300_1155482584_7.lp.smt2,1660,0,34551,成功
/pub/data/jiafq/iscas/Parser_Comparison/../benchmarks/part6/non-incremental/QF_BV/asp/TravellingSalesperson/rand_70_300_1155482584_8.lp.smt2,1645.66,0,34554,成功
/pub/data/jiafq/iscas/Parser_Comparison/../benchmarks/part6/non-incremental/QF_BV/asp/TravellingSalesperson/rand_70_300_1155482584_9.lp.smt2,1745.29,0,34560,成功
/pub/data/jiafq/iscas/Parser_Comparison/../benchmarks/part6/non-incremental/QF_BV/asp/TravellingSalesperson/rand_80_340_1159656267_0.lp.smt2,1980.33,0,39190,成功
/pub/data/jiafq/iscas/Parser_Comparison/../benchmarks/part6/non-incremental/QF_BV/asp/TravellingSalesperson/rand_80_340_1159656267_10.lp.smt2,1910.34,0,39226,成功
/pub/data/jiafq/iscas/Parser_Comparison/../benchmarks/part6/non-incremental/QF_BV/asp/TravellingSalesperson/rand_80_340_1159656267_11.lp.smt2,1926.25,0,39289,成功
/pub/data/jiafq/iscas/Parser_Comparison/../benchmarks/part6/non-incremental/QF_BV/asp/TravellingSalesperson/rand_80_340_1159656267_13.lp.smt2,1903.2,0,39289,成功
/pub/data/jiafq/iscas/Parser_Comparison/../benchmarks/part6/non-incremental/QF_BV/asp/TravellingSalesperson/rand_80_340_1159656267_15.lp.smt2,1997.29,0,39226,成功
/pub/data/jiafq/iscas/Parser_Comparison/../benchmarks/part6/non-incremental/QF_BV/asp/TravellingSalesperson/rand_80_340_1159656267_16.lp.smt2,1931.26,0,39211,成功
/pub/data/jiafq/iscas/Parser_Comparison/../benchmarks/part6/non-incremental/QF_BV/asp/TravellingSalesperson/rand_80_340_1159656267_17.lp.smt2,1902.08,0,39226,成功
/pub/data/jiafq/iscas/Parser_Comparison/../benchmarks/part6/non-incremental/QF_BV/asp/TravellingSalesperson/rand_80_340_1159656267_18.lp.smt2,1947.72,0,39199,成功
/pub/data/jiafq/iscas/Parser_Comparison/../benchmarks/part6/non-incremental/QF_BV/asp/TravellingSalesperson/rand_80_340_1159656267_4.lp.smt2,1915.52,0,39211,成功
/pub/data/jiafq/iscas/Parser_Comparison/../benchmarks/part6/non-incremental/QF_BV/asp/TravellingSalesperson/rand_80_340_1159656267_6.lp.smt2,1891.35,0,39181,成功
/pub/data/jiafq/iscas/Parser_Comparison/../benchmarks/part6/non-incremental/QF_BV/asp/TravellingSalesperson/tsp_rand_70_300_1155482584_0.lp.smt2,1710.04,0,34560,成功
/pub/data/jiafq/iscas/Parser_Comparison/../benchmarks/part6/non-incremental/QF_BV/asp/TravellingSalesperson/tsp_rand_70_300_1155482584_11.lp.smt2,1675.74,0,34749,成功
/pub/data/jiafq/iscas/Parser_Comparison/../benchmarks/part6/non-incremental/QF_BV/asp/TravellingSalesperson/tsp_rand_70_300_1155482584_12.lp.smt2,1692.9,0,34551,成功
/pub/data/jiafq/iscas/Parser_Comparison/../benchmarks/part6/non-incremental/QF_BV/asp/TravellingSalesperson/tsp_rand_70_300_1155482584_14.lp.smt2,1703.17,0,34551,成功
/pub/data/jiafq/iscas/Parser_Comparison/../benchmarks/part6/non-incremental/QF_BV/asp/TravellingSalesperson/tsp_rand_70_300_1155482584_4.lp.smt2,1616.7,0,34560,成功
/pub/data/jiafq/iscas/Parser_Comparison/../benchmarks/part6/non-incremental/QF_BV/asp/TravellingSalesperson/tsp_rand_70_300_1155482584_5.lp.smt2,1710.05,0,34581,成功
/pub/data/jiafq/iscas/Parser_Comparison/../benchmarks/part6/non-incremental/QF_BV/asp/TravellingSalesperson/tsp_rand_70_300_1155482584_7.lp.smt2,1638.72,0,34551,成功
/pub/data/jiafq/iscas/Parser_Comparison/../benchmarks/part6/non-incremental/QF_BV/asp/TravellingSalesperson/tsp_rand_70_300_1155482584_8.lp.smt2,1596.64,0,34554,成功
/pub/data/jiafq/iscas/Parser_Comparison/../benchmarks/part6/non-incremental/QF_BV/asp/TravellingSalesperson/tsp_rand_70_300_1155482584_9.lp.smt2,1596.87,0,34560,成功
/pub/data/jiafq/iscas/Parser_Comparison/../benchmarks/part6/non-incremental/QF_BV/asp/WeightBoundedDominatingSet/rand_100_400_1159666138_1.lp.smt2,400.412,0,8235,成功
/pub/data/jiafq/iscas/Parser_Comparison/../benchmarks/part6/non-incremental/QF_BV/asp/WeightBoundedDominatingSet/rand_100_400_1159666138_13.lp.smt2,389.594,0,8218,成功
/pub/data/jiafq/iscas/Parser_Comparison/../benchmarks/part6/non-incremental/QF_BV/asp/WeightBoundedDominatingSet/rand_100_400_1159666138_19.lp.smt2,392.831,0,8317,成功
/pub/data/jiafq/iscas/Parser_Comparison/../benchmarks/part6/non-incremental/QF_BV/asp/WeightBoundedDominatingSet/rand_100_400_1159666138_2.lp.smt2,393.961,0,8233,成功
/pub/data/jiafq/iscas/Parser_Comparison/../benchmarks/part6/non-incremental/QF_BV/asp/WeightBoundedDominatingSet/rand_100_400_1159666138_3.lp.smt2,375.78,0,8194,成功
/pub/data/jiafq/iscas/Parser_Comparison/../benchmarks/part6/non-incremental/QF_BV/asp/WeightBoundedDominatingSet/rand_100_400_1159666138_5.lp.smt2,389.07,0,8200,成功
/pub/data/jiafq/iscas/Parser_Comparison/../benchmarks/part6/non-incremental/QF_BV/asp/WeightBoundedDominatingSet/rand_100_400_1159666138_6.lp.smt2,372.234,0,8109,成功
/pub/data/jiafq/iscas/Parser_Comparison/../benchmarks/part6/non-incremental/QF_BV/asp/WeightBoundedDominatingSet/rand_100_400_1159666138_7.lp.smt2,389.24,0,8287,成功
/pub/data/jiafq/iscas/Parser_Comparison/../benchmarks/part6/non-incremental/QF_BV/asp/WeightBoundedDominatingSet/rand_100_400_1159666138_8.lp.smt2,375.64,0,8175,成功
/pub/data/jiafq/iscas/Parser_Comparison/../benchmarks/part6/non-incremental/QF_BV/asp/WeightBoundedDominatingSet/rand_100_400_1159666138_9.lp.smt2,389.967,0,8082,成功
/pub/data/jiafq/iscas/Parser_Comparison/../benchmarks/part6/non-incremental/QF_BV/asp/WeightBoundedDominatingSet/rand_150_600_1159731678_11.lp.smt2,603.287,0,12380,成功
/pub/data/jiafq/iscas/Parser_Comparison/../benchmarks/part6/non-incremental/QF_BV/asp/WeightBoundedDominatingSet/rand_150_600_1159731678_12.lp.smt2,611.844,0,12343,成功
/pub/data/jiafq/iscas/Parser_Comparison/../benchmarks/part6/non-incremental/QF_BV/asp/WeightBoundedDominatingSet/rand_150_600_1159731678_14.lp.smt2,598.77,0,12516,成功
/pub/data/jiafq/iscas/Parser_Comparison/../benchmarks/part6/non-incremental/QF_BV/asp/WeightBoundedDominatingSet/rand_150_600_1159731678_15.lp.smt2,573.905,0,12188,成功
/pub/data/jiafq/iscas/Parser_Comparison/../benchmarks/part6/non-incremental/QF_BV/asp/WeightBoundedDominatingSet/rand_150_600_1159731678_17.lp.smt2,580.729,0,12175,成功
/pub/data/jiafq/iscas/Parser_Comparison/../benchmarks/part6/non-incremental/QF_BV/asp/WeightBoundedDominatingSet/rand_150_600_1159731678_3.lp.smt2,594.287,0,12422,成功
/pub/data/jiafq/iscas/Parser_Comparison/../benchmarks/part6/non-incremental/QF_BV/asp/WeightBoundedDominatingSet/rand_150_600_1159731678_5.lp.smt2,544.291,0,12172,成功
/pub/data/jiafq/iscas/Parser_Comparison/../benchmarks/part6/non-incremental/QF_BV/asp/WeightBoundedDominatingSet/rand_150_600_1159731678_6.lp.smt2,592.771,0,12499,成功
/pub/data/jiafq/iscas/Parser_Comparison/../benchmarks/part6/non-incremental/QF_BV/asp/WeightBoundedDominatingSet/rand_150_600_1159731678_7.lp.smt2,596.732,0,12327,成功
/pub/data/jiafq/iscas/Parser_Comparison/../benchmarks/part6/non-incremental/QF_BV/asp/WeightBoundedDominatingSet/rand_150_600_1159731678_8.lp.smt2,583.526,0,12381,成功
/pub/data/jiafq/iscas/Parser_Comparison/../benchmarks/part6/non-incremental/QF_BV/asp/WeightBoundedDominatingSet/rand_200_800_1159728969_10.lp.smt2,874.931,0,16726,成功
/pub/data/jiafq/iscas/Parser_Comparison/../benchmarks/part6/non-incremental/QF_BV/asp/WeightBoundedDominatingSet/rand_200_800_1159728969_11.lp.smt2,844.85,0,16464,成功
/pub/data/jiafq/iscas/Parser_Comparison/../benchmarks/part6/non-incremental/QF_BV/asp/WeightBoundedDominatingSet/rand_200_800_1159728969_14.lp.smt2,840.016,0,16657,成功
/pub/data/jiafq/iscas/Parser_Comparison/../benchmarks/part6/non-incremental/QF_BV/asp/WeightBoundedDominatingSet/rand_200_800_1159728969_2.lp.smt2,817.571,0,16519,成功
/pub/data/jiafq/iscas/Parser_Comparison/../benchmarks/part6/non-incremental/QF_BV/asp/WeightBoundedDominatingSet/rand_200_800_1159728969_4.lp.smt2,797.534,0,16359,成功
/pub/data/jiafq/iscas/Parser_Comparison/../benchmarks/part6/non-incremental/QF_BV/asp/WeightBoundedDominatingSet/rand_200_800_1159728969_6.lp.smt2,795.675,0,16388,成功
/pub/data/jiafq/iscas/Parser_Comparison/../benchmarks/part6/non-incremental/QF_BV/asp/WeightBoundedDominatingSet/rand_200_800_1159728969_7.lp.smt2,803.136,0,16514,成功
/pub/data/jiafq/iscas/Parser_Comparison/../benchmarks/part6/non-incremental/QF_BV/asp/WeightBoundedDominatingSet/rand_200_800_1159728969_8.lp.smt2,793.534,0,16436,成功
/pub/data/jiafq/iscas/Parser_Comparison/../benchmarks/part6/non-incremental/QF_BV/asp/WeightBoundedDominatingSet/rand_200_800_1159728969_9.lp.smt2,796.62,0,16544,成功
/pub/data/jiafq/iscas/Parser_Comparison/../benchmarks/part6/non-incremental/QF_BV/asp/WireRouting/wire.10.x.10.b.5.a.20_unsat.data.smt2,5437.79,0,107462,成功
/pub/data/jiafq/iscas/Parser_Comparison/../benchmarks/part6/non-incremental/QF_BV/asp/WireRouting/wire.10.x.10.b.5.a.25_sat.data.smt2,5585.96,0,107656,成功
/pub/data/jiafq/iscas/Parser_Comparison/../benchmarks/part6/non-incremental/QF_BV/asp/WireRouting/wire.10.x.10.b.5.a.35_sat.data.smt2,5306.33,0,107394,成功
/pub/data/jiafq/iscas/Parser_Comparison/../benchmarks/part6/non-incremental/QF_BV/asp/WireRouting/wire.12.x.12.b.5.a.15_unsat.data.smt2,10416.7,0,195956,成功
/pub/data/jiafq/iscas/Parser_Comparison/../benchmarks/part6/non-incremental/QF_BV/asp/WireRouting/wire.12.x.12.b.5.a.20_unsat.data.smt2,10886.8,0,195178,成功
/pub/data/jiafq/iscas/Parser_Comparison/../benchmarks/part6/non-incremental/QF_BV/asp/WireRouting/wire.13.x.13.b.5.a.15_sat.data.smt2,13380.4,0,232696,成功
/pub/data/jiafq/iscas/Parser_Comparison/../benchmarks/part6/non-incremental/QF_BV/asp/WireRouting/wire.13.x.13.b.5.a.30_sat.data.smt2,12201.6,0,231622,成功
/pub/data/jiafq/iscas/Parser_Comparison/../benchmarks/part6/non-incremental/QF_BV/asp/WireRouting/wire.13.x.13.b.7.a.10_unsat.data.smt2,11907.3,0,222186,成功
/pub/data/jiafq/iscas/Parser_Comparison/../benchmarks/part6/non-incremental/QF_BV/asp/WireRouting/wire.13.x.13.b.7.a.15_sat.data.smt2,12545.5,0,223082,成功
/pub/data/jiafq/iscas/Parser_Comparison/../benchmarks/part6/non-incremental/QF_BV/asp/WireRouting/wire.13.x.13.b.7.a.30_sat.data.smt2,11860.7,0,223158,成功
/pub/data/jiafq/iscas/Parser_Comparison/../benchmarks/part6/non-incremental/QF_BV/asp/WireRouting/wire.14.x.14.b.8.a.20_unsat.data.smt2,17135.6,0,303510,成功
/pub/data/jiafq/iscas/Parser_Comparison/../benchmarks/part6/non-incremental/QF_BV/asp/WireRouting/wire.14.x.14.b.8.a.30_unsat.data.smt2,16099.6,0,304352,成功
/pub/data/jiafq/iscas/Parser_Comparison/../benchmarks/part6/non-incremental/QF_BV/asp/WireRouting/wire.14.x.14.b.8.a.40_unsat.data.smt2,17205.8,0,302333,成功
/pub/data/jiafq/iscas/Parser_Comparison/../benchmarks/part6/non-incremental/QF_BV/asp/WireRouting/wire.15.x.15.b.10.a.10_unsat.data.smt2,19009.7,0,336042,成功
/pub/data/jiafq/iscas/Parser_Comparison/../benchmarks/part6/non-incremental/QF_BV/asp/WireRouting/wire.15.x.15.b.10.a.20_sat.data.smt2,19365.5,0,335709,成功
/pub/data/jiafq/iscas/Parser_Comparison/../benchmarks/part6/non-incremental/QF_BV/asp/WireRouting/wire.15.x.15.b.10.a.30_sat.data.smt2,18684.2,0,336097,成功
/pub/data/jiafq/iscas/Parser_Comparison/../benchmarks/part6/non-incremental/QF_BV/asp/WireRouting/wire.15.x.15.b.11.25.a.45_sat.data.smt2,20357.5,0,371683,成功
/pub/data/jiafq/iscas/Parser_Comparison/../benchmarks/part6/non-incremental/QF_BV/asp/WireRouting/wire.15.x.15.b.2.a.25_sat.data.smt2,22390.1,0,397222,成功
/pub/data/jiafq/iscas/Parser_Comparison/../benchmarks/part6/non-incremental/QF_BV/asp/WireRouting/wire.16.x.16.b.10.a.20_unsat.data.smt2,26415.8,0,445771,成功
/pub/data/jiafq/iscas/Parser_Comparison/../benchmarks/part6/non-incremental/QF_BV/asp/WireRouting/wire.16.x.16.b.10.a.25_unsat.data.smt2,26933.7,0,453807,成功
/pub/data/jiafq/iscas/Parser_Comparison/../benchmarks/part6/non-incremental/QF_BV/asp/WireRouting/wire.16.x.16.b.5.a.25_sat.data.smt2,29403.4,0,500080,成功
/pub/data/jiafq/iscas/Parser_Comparison/../benchmarks/part6/non-incremental/QF_BV/asp/WireRouting/wire.16.x.16.b.5.a.30_sat.data.smt2,30067.8,0,498942,成功
/pub/data/jiafq/iscas/Parser_Comparison/../benchmarks/part6/non-incremental/QF_BV/asp/WireRouting/wire.17.x.17.b.10.a.25_unsat.data.smt2,28620.7,0,505569,成功
/pub/data/jiafq/iscas/Parser_Comparison/../benchmarks/part6/non-incremental/QF_BV/bench_ab/a100test0001.smt2,1.40139,0,3,成功
/pub/data/jiafq/iscas/Parser_Comparison/../benchmarks/part6/non-incremental/QF_BV/bench_ab/a101test0002.smt2,1.62764,0,4,成功
/pub/data/jiafq/iscas/Parser_Comparison/../benchmarks/part6/non-incremental/QF_BV/bench_ab/a115test0002.smt2,2.49261,0,5,成功
/pub/data/jiafq/iscas/Parser_Comparison/../benchmarks/part6/non-incremental/QF_BV/bench_ab/a121test0001.smt2,2.26323,0,4,成功
/pub/data/jiafq/iscas/Parser_Comparison/../benchmarks/part6/non-incremental/QF_BV/bench_ab/a122test0002.smt2,2.38851,0,7,成功
/pub/data/jiafq/iscas/Parser_Comparison/../benchmarks/part6/non-incremental/QF_BV/bench_ab/a123test0003.smt2,2.38165,0,8,成功
/pub/data/jiafq/iscas/Parser_Comparison/../benchmarks/part6/non-incremental/QF_BV/bench_ab/a124test0004.smt2,2.22324,0,6,成功
/pub/data/jiafq/iscas/Parser_Comparison/../benchmarks/part6/non-incremental/QF_BV/bench_ab/a127test0009.smt2,3.45307,0,26,成功
/pub/data/jiafq/iscas/Parser_Comparison/../benchmarks/part6/non-incremental/QF_BV/bench_ab/a128test0016.smt2,7.43504,0,37,成功
/pub/data/jiafq/iscas/Parser_Comparison/../benchmarks/part6/non-incremental/QF_BV/bench_ab/a12test0001.smt2,1.77713,0,3,成功
/pub/data/jiafq/iscas/Parser_Comparison/../benchmarks/part6/non-incremental/QF_BV/bench_ab/a13test0002.smt2,2.06813,0,4,成功
/pub/data/jiafq/iscas/Parser_Comparison/../benchmarks/part6/non-incremental/QF_BV/bench_ab/a163test0021.smt2,2.42307,0,13,成功
/pub/data/jiafq/iscas/Parser_Comparison/../benchmarks/part6/non-incremental/QF_BV/bench_ab/a164test0005.smt2,3.38254,0,27,成功
/pub/data/jiafq/iscas/Parser_Comparison/../benchmarks/part6/non-incremental/QF_BV/bench_ab/a165test0010.smt2,2.86617,0,17,成功
/pub/data/jiafq/iscas/Parser_Comparison/../benchmarks/part6/non-incremental/QF_BV/bench_ab/a166test0014.smt2,11.2811,0,45,成功
/pub/data/jiafq/iscas/Parser_Comparison/../benchmarks/part6/non-incremental/QF_BV/bench_ab/a167test0001.smt2,1.91243,0,8,成功
/pub/data/jiafq/iscas/Parser_Comparison/../benchmarks/part6/non-incremental/QF_BV/bench_ab/a168test0018.smt2,4.60827,0,29,成功
/pub/data/jiafq/iscas/Parser_Comparison/../benchmarks/part6/non-incremental/QF_BV/bench_ab/a169test0012.smt2,15.4496,0,54,成功
/pub/data/jiafq/iscas/Parser_Comparison/../benchmarks/part6/non-incremental/QF_BV/bench_ab/a170test0017.smt2,5.92476,0,33,成功
/pub/data/jiafq/iscas/Parser_Comparison/../benchmarks/part6/non-incremental/QF_BV/bench_ab/a171test0019.smt2,3.86257,0,25,成功
/pub/data/jiafq/iscas/Parser_Comparison/../benchmarks/part6/non-incremental/QF_BV/bench_ab/a172test0002.smt2,3.00608,0,23,成功
/pub/data/jiafq/iscas/Parser_Comparison/../benchmarks/part6/non-incremental/QF_BV/bench_ab/a173test0011.smt2,12.2979,0,49,成功
/pub/data/jiafq/iscas/Parser_Comparison/../benchmarks/part6/non-incremental/QF_BV/bench_ab/a174test0003.smt2,2.19536,0,32,成功
/pub/data/jiafq/iscas/Parser_Comparison/../benchmarks/part6/non-incremental/QF_BV/bench_ab/a175test0013.smt2,15.6243,0,53,成功
/pub/data/jiafq/iscas/Parser_Comparison/../benchmarks/part6/non-incremental/QF_BV/bench_ab/a176test0022.smt2,1.28623,0,4,成功
/pub/data/jiafq/iscas/Parser_Comparison/../benchmarks/part6/non-incremental/QF_BV/bench_ab/a177test0006.smt2,2.84674,0,22,成功
/pub/data/jiafq/iscas/Parser_Comparison/../benchmarks/part6/non-incremental/QF_BV/bench_ab/a178test0007.smt2,4.1204,0,31,成功
/pub/data/jiafq/iscas/Parser_Comparison/../benchmarks/part6/non-incremental/QF_BV/bench_ab/a179test0008.smt2,4.05079,0,30,成功
/pub/data/jiafq/iscas/Parser_Comparison/../benchmarks/part6/non-incremental/QF_BV/bench_ab/a180test0004.smt2,4.06614,0,31,成功
/pub/data/jiafq/iscas/Parser_Comparison/../benchmarks/part6/non-incremental/QF_BV/bench_ab/a181test0020.smt2,3.20861,0,21,成功
/pub/data/jiafq/iscas/Parser_Comparison/../benchmarks/part6/non-incremental/QF_BV/bench_ab/a182test0015.smt2,9.01355,0,41,成功
/pub/data/jiafq/iscas/Parser_Comparison/../benchmarks/part6/non-incremental/QF_BV/bench_ab/a185test0001.smt2,1.94046,0,8,成功
/pub/data/jiafq/iscas/Parser_Comparison/../benchmarks/part6/non-incremental/QF_BV/bench_ab/a186test0002.smt2,2.27729,0,9,成功
/pub/data/jiafq/iscas/Parser_Comparison/../benchmarks/part6/non-incremental/QF_BV/bench_ab/a187test0009.smt2,4.26686,0,37,成功
/pub/data/jiafq/iscas/Parser_Comparison/../benchmarks/part6/non-incremental/QF_BV/bench_ab/a188test0016.smt2,4.26047,0,31,成功
/pub/data/jiafq/iscas/Parser_Comparison/../benchmarks/part6/non-incremental/QF_BV/bench_ab/a208test0005.smt2,2.96539,0,16,成功
/pub/data/jiafq/iscas/Parser_Comparison/../benchmarks/part6/non-incremental/QF_BV/bench_ab/a209test0010.smt2,4.71145,0,41,成功
/pub/data/jiafq/iscas/Parser_Comparison/../benchmarks/part6/non-incremental/QF_BV/bench_ab/a210test0014.smt2,6.12818,0,57,成功
/pub/data/jiafq/iscas/Parser_Comparison/../benchmarks/part6/non-incremental/QF_BV/bench_ab/a211test0001.smt2,3.70313,0,23,成功
/pub/data/jiafq/iscas/Parser_Comparison/../benchmarks/part6/non-incremental/QF_BV/bench_ab/a212test0018.smt2,2.59874,0,9,成功
/pub/data/jiafq/iscas/Parser_Comparison/../benchmarks/part6/non-incremental/QF_BV/bench_ab/a213test0012.smt2,5.81386,0,53,成功
/pub/data/jiafq/iscas/Parser_Comparison/../benchmarks/part6/non-incremental/QF_BV/bench_ab/a214test0017.smt2,2.90018,0,19,成功
/pub/data/jiafq/iscas/Parser_Comparison/../benchmarks/part6/non-incremental/QF_BV/bench_ab/a215test0019.smt2,2.26435,0,5,成功
/pub/data/jiafq/iscas/Parser_Comparison/../benchmarks/part6/non-incremental/QF_BV/bench_ab/a216test0002.smt2,3.21841,0,24,成功
/pub/data/jiafq/iscas/Parser_Comparison/../benchmarks/part6/non-incremental/QF_BV/bench_ab/a217test0011.smt2,4.87244,0,45,成功
/pub/data/jiafq/iscas/Parser_Comparison/../benchmarks/part6/non-incremental/QF_BV/bench_ab/a218test0003.smt2,2.85866,0,20,成功
/pub/data/jiafq/iscas/Parser_Comparison/../benchmarks/part6/non-incremental/QF_BV/bench_ab/a219test0013.smt2,6.18461,0,58,成功
/pub/data/jiafq/iscas/Parser_Comparison/../benchmarks/part6/non-incremental/QF_BV/bench_ab/a220test0006.smt2,3.23336,0,23,成功
/pub/data/jiafq/iscas/Parser_Comparison/../benchmarks/part6/non-incremental/QF_BV/bench_ab/a221test0007.smt2,3.48922,0,27,成功
/pub/data/jiafq/iscas/Parser_Comparison/../benchmarks/part6/non-incremental/QF_BV/bench_ab/a222test0008.smt2,3.88319,0,33,成功
/pub/data/jiafq/iscas/Parser_Comparison/../benchmarks/part6/non-incremental/QF_BV/bench_ab/a223test0004.smt2,2.86335,0,17,成功
/pub/data/jiafq/iscas/Parser_Comparison/../benchmarks/part6/non-incremental/QF_BV/bench_ab/a224test0015.smt2,5.3366,0,49,成功
/pub/data/jiafq/iscas/Parser_Comparison/../benchmarks/part6/non-incremental/QF_BV/bench_ab/a240test0001.smt2,2.20772,0,3,成功
/pub/data/jiafq/iscas/Parser_Comparison/../benchmarks/part6/non-incremental/QF_BV/bench_ab/a241test0002.smt2,2.21653,0,7,成功
/pub/data/jiafq/iscas/Parser_Comparison/../benchmarks/part6/non-incremental/QF_BV/bench_ab/a242test0003.smt2,2.19959,0,6,成功
/pub/data/jiafq/iscas/Parser_Comparison/../benchmarks/part6/non-incremental/QF_BV/bench_ab/a30test0009.smt2,2.89618,0,18,成功
/pub/data/jiafq/iscas/Parser_Comparison/../benchmarks/part6/non-incremental/QF_BV/bench_ab/a311test0009.smt2,3.81928,0,28,成功
/pub/data/jiafq/iscas/Parser_Comparison/../benchmarks/part6/non-incremental/QF_BV/bench_ab/a31test0016.smt2,2.85169,0,15,成功
/pub/data/jiafq/iscas/Parser_Comparison/../benchmarks/part6/non-incremental/QF_BV/bench_ab/a323test0005.smt2,3.2747,0,23,成功
/pub/data/jiafq/iscas/Parser_Comparison/../benchmarks/part6/non-incremental/QF_BV/bench_ab/a324test0010.smt2,2.88499,0,18,成功
/pub/data/jiafq/iscas/Parser_Comparison/../benchmarks/part6/non-incremental/QF_BV/bench_ab/a325test0001.smt2,3.25392,0,22,成功
/pub/data/jiafq/iscas/Parser_Comparison/../benchmarks/part6/non-incremental/QF_BV/bench_ab/a326test0002.smt2,3.28619,0,23,成功
/pub/data/jiafq/iscas/Parser_Comparison/../benchmarks/part6/non-incremental/QF_BV/bench_ab/a327test0011.smt2,2.53059,0,13,成功
/pub/data/jiafq/iscas/Parser_Comparison/../benchmarks/part6/non-incremental/QF_BV/bench_ab/a328test0003.smt2,2.84624,0,17,成功
/pub/data/jiafq/iscas/Parser_Comparison/../benchmarks/part6/non-incremental/QF_BV/bench_ab/a329test0006.smt2,4.13349,0,33,成功
/pub/data/jiafq/iscas/Parser_Comparison/../benchmarks/part6/non-incremental/QF_BV/bench_ab/a330test0007.smt2,4.76087,0,38,成功
/pub/data/jiafq/iscas/Parser_Comparison/../benchmarks/part6/non-incremental/QF_BV/bench_ab/a331test0008.smt2,4.87546,0,39,成功
/pub/data/jiafq/iscas/Parser_Comparison/../benchmarks/part6/non-incremental/QF_BV/bench_ab/a332test0004.smt2,2.50035,0,12,成功
/pub/data/jiafq/iscas/Parser_Comparison/../benchmarks/part6/non-incremental/QF_BV/bench_ab/a333test0009.smt2,3.99212,0,33,成功
/pub/data/jiafq/iscas/Parser_Comparison/../benchmarks/part6/non-incremental/QF_BV/bench_ab/a334test0016.smt2,5.31319,0,52,成功
/pub/data/jiafq/iscas/Parser_Comparison/../benchmarks/part6/non-incremental/QF_BV/bench_ab/a335test0041.smt2,2.9511,0,19,成功
/pub/data/jiafq/iscas/Parser_Comparison/../benchmarks/part6/non-incremental/QF_BV/bench_ab/a388test0040.smt2,3.29905,0,26,成功
/pub/data/jiafq/iscas/Parser_Comparison/../benchmarks/part6/non-incremental/QF_BV/bench_ab/a389test0021.smt2,5.17549,0,38,成功
/pub/data/jiafq/iscas/Parser_Comparison/../benchmarks/part6/non-incremental/QF_BV/bench_ab/a390test0005.smt2,5.57939,0,51,成功
/pub/data/jiafq/iscas/Parser_Comparison/../benchmarks/part6/non-incremental/QF_BV/bench_ab/a391test0010.smt2,4.43314,0,37,成功
/pub/data/jiafq/iscas/Parser_Comparison/../benchmarks/part6/non-incremental/QF_BV/bench_ab/a392test0051.smt2,3.16308,0,24,成功
/pub/data/jiafq/iscas/Parser_Comparison/../benchmarks/part6/non-incremental/QF_BV/bench_ab/a393test0014.smt2,4.45738,0,42,成功
/pub/data/jiafq/iscas/Parser_Comparison/../benchmarks/part6/non-incremental/QF_BV/bench_ab/a394test0036.smt2,4.1165,0,36,成功
/pub/data/jiafq/iscas/Parser_Comparison/../benchmarks/part6/non-incremental/QF_BV/bench_ab/a395test0001.smt2,3.74294,0,31,成功
/pub/data/jiafq/iscas/Parser_Comparison/../benchmarks/part6/non-incremental/QF_BV/bench_ab/a396test0018.smt2,6.03867,0,58,成功
/pub/data/jiafq/iscas/Parser_Comparison/../benchmarks/part6/non-incremental/QF_BV/bench_ab/a397test0029.smt2,4.55499,0,41,成功
/pub/data/jiafq/iscas/Parser_Comparison/../benchmarks/part6/non-incremental/QF_BV/bench_ab/a398test0035.smt2,3.63691,0,31,成功
/pub/data/jiafq/iscas/Parser_Comparison/../benchmarks/part6/non-incremental/QF_BV/bench_ab/a399test0012.smt2,3.80445,0,32,成功
/pub/data/jiafq/iscas/Parser_Comparison/../benchmarks/part6/non-incremental/QF_BV/bench_ab/a400test0025.smt2,4.02062,0,34,成功
/pub/data/jiafq/iscas/Parser_Comparison/../benchmarks/part6/non-incremental/QF_BV/bench_ab/a401test0052.smt2,2.58985,0,13,成功
/pub/data/jiafq/iscas/Parser_Comparison/../benchmarks/part6/non-incremental/QF_BV/bench_ab/a402test0032.smt2,5.37683,0,52,成功
/pub/data/jiafq/iscas/Parser_Comparison/../benchmarks/part6/non-incremental/QF_BV/bench_ab/a403test0043.smt2,3.70845,0,30,成功
/pub/data/jiafq/iscas/Parser_Comparison/../benchmarks/part6/non-incremental/QF_BV/bench_ab/a404test0017.smt2,5.8798,0,57,成功
/pub/data/jiafq/iscas/Parser_Comparison/../benchmarks/part6/non-incremental/QF_BV/bench_ab/a405test0019.smt2,3.65645,0,30,成功
/pub/data/jiafq/iscas/Parser_Comparison/../benchmarks/part6/non-incremental/QF_BV/bench_ab/a406test0030.smt2,4.97273,0,46,成功
/pub/data/jiafq/iscas/Parser_Comparison/../benchmarks/part6/non-incremental/QF_BV/bench_ab/a407test0024.smt2,3.87305,0,33,成功
/pub/data/jiafq/iscas/Parser_Comparison/../benchmarks/part6/non-incremental/QF_BV/bench_ab/a408test0044.smt2,3.39716,0,24,成功
/pub/data/jiafq/iscas/Parser_Comparison/../benchmarks/part6/non-incremental/QF_BV/bench_ab/a409test0002.smt2,4.06548,0,36,成功
/pub/data/jiafq/iscas/Parser_Comparison/../benchmarks/part6/non-incremental/QF_BV/bench_ab/a410test0042.smt2,3.66113,0,29,成功
/pub/data/jiafq/iscas/Parser_Comparison/../benchmarks/part6/non-incremental/QF_BV/bench_ab/a411test0047.smt2,4.62666,0,38,成功
/pub/data/jiafq/iscas/Parser_Comparison/../benchmarks/part6/non-incremental/QF_BV/bench_ab/a412test0023.smt2,3.53284,0,28,成功
/pub/data/jiafq/iscas/Parser_Comparison/../benchmarks/part6/non-incremental/QF_BV/bench_ab/a413test0011.smt2,4.42762,0,38,成功
/pub/data/jiafq/iscas/Parser_Comparison/../benchmarks/part6/non-incremental/QF_BV/bench_ab/a414test0003.smt2,4.66883,0,41,成功
/pub/data/jiafq/iscas/Parser_Comparison/../benchmarks/part6/non-incremental/QF_BV/bench_ab/a415test0026.smt2,3.42462,0,24,成功
/pub/data/jiafq/iscas/Parser_Comparison/../benchmarks/part6/non-incremental/QF_BV/bench_ab/a416test0038.smt2,5.04714,0,46,成功
/pub/data/jiafq/iscas/Parser_Comparison/../benchmarks/part6/non-incremental/QF_BV/bench_ab/a417test0013.smt2,4.07535,0,37,成功
/pub/data/jiafq/iscas/Parser_Comparison/../benchmarks/part6/non-incremental/QF_BV/bench_ab/a418test0022.smt2,4.47813,0,39,成功
/pub/data/jiafq/iscas/Parser_Comparison/../benchmarks/part6/non-incremental/QF_BV/bench_ab/a419test0045.smt2,3.26394,0,23,成功
/pub/data/jiafq/iscas/Parser_Comparison/../benchmarks/part6/non-incremental/QF_BV/bench_ab/a420test0006.smt2,5.78361,0,56,成功
/pub/data/jiafq/iscas/Parser_Comparison/../benchmarks/part6/non-incremental/QF_BV/bench_ab/a421test0007.smt2,5.81001,0,57,成功
/pub/data/jiafq/iscas/Parser_Comparison/../benchmarks/part6/non-incremental/QF_BV/bench_ab/a422test0046.smt2,4.17942,0,33,成功
/pub/data/jiafq/iscas/Parser_Comparison/../benchmarks/part6/non-incremental/QF_BV/bench_ab/a423test0008.smt2,3.70414,0,29,成功
/pub/data/jiafq/iscas/Parser_Comparison/../benchmarks/part6/non-incremental/QF_BV/bench_ab/a424test0004.smt2,4.81189,0,46,成功
/pub/data/jiafq/iscas/Parser_Comparison/../benchmarks/part6/non-incremental/QF_BV/bench_ab/a425test0037.smt2,4.58217,0,41,成功
/pub/data/jiafq/iscas/Parser_Comparison/../benchmarks/part6/non-incremental/QF_BV/bench_ab/a426test0049.smt2,3.81887,0,28,成功
/pub/data/jiafq/iscas/Parser_Comparison/../benchmarks/part6/non-incremental/QF_BV/bench_ab/a427test0048.smt2,4.67012,0,39,成功
/pub/data/jiafq/iscas/Parser_Comparison/../benchmarks/part6/non-incremental/QF_BV/bench_ab/a428test0033.smt2,3.54214,0,26,成功
/pub/data/jiafq/iscas/Parser_Comparison/../benchmarks/part6/non-incremental/QF_BV/bench_ab/a429test0020.smt2,4.09204,0,34,成功
/pub/data/jiafq/iscas/Parser_Comparison/../benchmarks/part6/non-incremental/QF_BV/bench_ab/a430test0028.smt2,3.99498,0,36,成功
/pub/data/jiafq/iscas/Parser_Comparison/../benchmarks/part6/non-incremental/QF_BV/bench_ab/a431test0034.smt2,3.09913,0,21,成功
/pub/data/jiafq/iscas/Parser_Comparison/../benchmarks/part6/non-incremental/QF_BV/bench_ab/a432test0031.smt2,5.47527,0,51,成功
/pub/data/jiafq/iscas/Parser_Comparison/../benchmarks/part6/non-incremental/QF_BV/bench_ab/a433test0015.smt2,4.90159,0,47,成功
/pub/data/jiafq/iscas/Parser_Comparison/../benchmarks/part6/non-incremental/QF_BV/bench_ab/a434test0027.smt2,3.72768,0,31,成功
/pub/data/jiafq/iscas/Parser_Comparison/../benchmarks/part6/non-incremental/QF_BV/bench_ab/a435test0039.smt2,5.07177,0,47,成功
/pub/data/jiafq/iscas/Parser_Comparison/../benchmarks/part6/non-incremental/QF_BV/bench_ab/a436test0050.smt2,3.16156,0,25,成功
/pub/data/jiafq/iscas/Parser_Comparison/../benchmarks/part6/non-incremental/QF_BV/bench_ab/a445test0005.smt2,2.85075,0,8,成功
/pub/data/jiafq/iscas/Parser_Comparison/../benchmarks/part6/non-incremental/QF_BV/bench_ab/a446test0001.smt2,2.36629,0,6,成功
/pub/data/jiafq/iscas/Parser_Comparison/../benchmarks/part6/non-incremental/QF_BV/bench_ab/a447test0002.smt2,2.35787,0,7,成功
/pub/data/jiafq/iscas/Parser_Comparison/../benchmarks/part6/non-incremental/QF_BV/bench_ab/a448test0003.smt2,2.11061,0,6,成功
/pub/data/jiafq/iscas/Parser_Comparison/../benchmarks/part6/non-incremental/QF_BV/bench_ab/a449test0006.smt2,2.23044,0,7,成功
/pub/data/jiafq/iscas/Parser_Comparison/../benchmarks/part6/non-incremental/QF_BV/bench_ab/a450test0004.smt2,2.16152,0,7,成功
/pub/data/jiafq/iscas/Parser_Comparison/../benchmarks/part6/non-incremental/QF_BV/bench_ab/a451test0009.smt2,2.31203,0,10,成功
/pub/data/jiafq/iscas/Parser_Comparison/../benchmarks/part6/non-incremental/QF_BV/bench_ab/a452test0016.smt2,2.32558,0,11,成功
/pub/data/jiafq/iscas/Parser_Comparison/../benchmarks/part6/non-incremental/QF_BV/bench_ab/a477test0021.smt2,2.30764,0,11,成功
/pub/data/jiafq/iscas/Parser_Comparison/../benchmarks/part6/non-incremental/QF_BV/bench_ab/a478test0005.smt2,2.42128,0,11,成功
/pub/data/jiafq/iscas/Parser_Comparison/../benchmarks/part6/non-incremental/QF_BV/bench_ab/a479test0010.smt2,2.54569,0,10,成功
/pub/data/jiafq/iscas/Parser_Comparison/../benchmarks/part6/non-incremental/QF_BV/bench_ab/a480test0014.smt2,2.54228,0,12,成功
/pub/data/jiafq/iscas/Parser_Comparison/../benchmarks/part6/non-incremental/QF_BV/bench_ab/a481test0001.smt2,2.24084,0,9,成功
/pub/data/jiafq/iscas/Parser_Comparison/../benchmarks/part6/non-incremental/QF_BV/bench_ab/a482test0018.smt2,2.37899,0,12,成功
/pub/data/jiafq/iscas/Parser_Comparison/../benchmarks/part6/non-incremental/QF_BV/bench_ab/a483test0012.smt2,2.20179,0,9,成功
/pub/data/jiafq/iscas/Parser_Comparison/../benchmarks/part6/non-incremental/QF_BV/bench_ab/a484test0017.smt2,2.36596,0,12,成功
/pub/data/jiafq/iscas/Parser_Comparison/../benchmarks/part6/non-incremental/QF_BV/bench_ab/a485test0019.smt2,2.38498,0,13,成功
/pub/data/jiafq/iscas/Parser_Comparison/../benchmarks/part6/non-incremental/QF_BV/bench_ab/a486test0024.smt2,2.27402,0,10,成功
/pub/data/jiafq/iscas/Parser_Comparison/../benchmarks/part6/non-incremental/QF_BV/bench_ab/a487test0002.smt2,2.29329,0,11,成功
/pub/data/jiafq/iscas/Parser_Comparison/../benchmarks/part6/non-incremental/QF_BV/bench_ab/a488test0023.smt2,2.55653,0,12,成功
/pub/data/jiafq/iscas/Parser_Comparison/../benchmarks/part6/non-incremental/QF_BV/bench_ab/a489test0011.smt2,2.39926,0,11,成功
/pub/data/jiafq/iscas/Parser_Comparison/../benchmarks/part6/non-incremental/QF_BV/bench_ab/a48test0005.smt2,2.69546,0,18,成功
/pub/data/jiafq/iscas/Parser_Comparison/../benchmarks/part6/non-incremental/QF_BV/bench_ab/a490test0003.smt2,2.3172,0,10,成功
/pub/data/jiafq/iscas/Parser_Comparison/../benchmarks/part6/non-incremental/QF_BV/bench_ab/a491test0013.smt2,2.22988,0,10,成功
/pub/data/jiafq/iscas/Parser_Comparison/../benchmarks/part6/non-incremental/QF_BV/bench_ab/a492test0022.smt2,2.38106,0,11,成功
/pub/data/jiafq/iscas/Parser_Comparison/../benchmarks/part6/non-incremental/QF_BV/bench_ab/a493test0006.smt2,2.389,0,11,成功
/pub/data/jiafq/iscas/Parser_Comparison/../benchmarks/part6/non-incremental/QF_BV/bench_ab/a494test0007.smt2,2.36858,0,12,成功
/pub/data/jiafq/iscas/Parser_Comparison/../benchmarks/part6/non-incremental/QF_BV/bench_ab/a495test0008.smt2,2.27467,0,10,成功
/pub/data/jiafq/iscas/Parser_Comparison/../benchmarks/part6/non-incremental/QF_BV/bench_ab/a496test0004.smt2,2.23376,0,10,成功
/pub/data/jiafq/iscas/Parser_Comparison/../benchmarks/part6/non-incremental/QF_BV/bench_ab/a497test0020.smt2,2.30732,0,11,成功
/pub/data/jiafq/iscas/Parser_Comparison/../benchmarks/part6/non-incremental/QF_BV/bench_ab/a498test0015.smt2,2.32012,0,11,成功
/pub/data/jiafq/iscas/Parser_Comparison/../benchmarks/part6/non-incremental/QF_BV/bench_ab/a499test0009.smt2,6.65847,0,67,成功
/pub/data/jiafq/iscas/Parser_Comparison/../benchmarks/part6/non-incremental/QF_BV/bench_ab/a49test0010.smt2,2.76748,0,17,成功
/pub/data/jiafq/iscas/Parser_Comparison/../benchmarks/part6/non-incremental/QF_BV/bench_ab/a4test0001.smt2,2.0252,0,3,成功
/pub/data/jiafq/iscas/Parser_Comparison/../benchmarks/part6/non-incremental/QF_BV/bench_ab/a500test0072.smt2,4.69402,0,46,成功
/pub/data/jiafq/iscas/Parser_Comparison/../benchmarks/part6/non-incremental/QF_BV/bench_ab/a501test0016.smt2,3.71982,0,34,成功
/pub/data/jiafq/iscas/Parser_Comparison/../benchmarks/part6/non-incremental/QF_BV/bench_ab/a502test0041.smt2,4.07609,0,38,成功
/pub/data/jiafq/iscas/Parser_Comparison/../benchmarks/part6/non-incremental/QF_BV/bench_ab/a503test0089.smt2,6.30691,0,61,成功
/pub/data/jiafq/iscas/Parser_Comparison/../benchmarks/part6/non-incremental/QF_BV/bench_ab/a50test0014.smt2,2.71277,0,16,成功
/pub/data/jiafq/iscas/Parser_Comparison/../benchmarks/part6/non-incremental/QF_BV/bench_ab/a51test0001.smt2,2.70154,0,19,成功
/pub/data/jiafq/iscas/Parser_Comparison/../benchmarks/part6/non-incremental/QF_BV/bench_ab/a52test0012.smt2,2.8884,0,16,成功
/pub/data/jiafq/iscas/Parser_Comparison/../benchmarks/part6/non-incremental/QF_BV/bench_ab/a53test0002.smt2,2.88521,0,18,成功
/pub/data/jiafq/iscas/Parser_Comparison/../benchmarks/part6/non-incremental/QF_BV/bench_ab/a54test0011.smt2,2.72523,0,17,成功
/pub/data/jiafq/iscas/Parser_Comparison/../benchmarks/part6/non-incremental/QF_BV/bench_ab/a55test0003.smt2,2.78289,0,18,成功
/pub/data/jiafq/iscas/Parser_Comparison/../benchmarks/part6/non-incremental/QF_BV/bench_ab/a56test0013.smt2,2.71654,0,17,成功
/pub/data/jiafq/iscas/Parser_Comparison/../benchmarks/part6/non-incremental/QF_BV/bench_ab/a57test0006.smt2,2.68755,0,17,成功
/pub/data/jiafq/iscas/Parser_Comparison/../benchmarks/part6/non-incremental/QF_BV/bench_ab/a58test0007.smt2,2.69155,0,17,成功
/pub/data/jiafq/iscas/Parser_Comparison/../benchmarks/part6/non-incremental/QF_BV/bench_ab/a599test0082.smt2,5.8277,0,56,成功
/pub/data/jiafq/iscas/Parser_Comparison/../benchmarks/part6/non-incremental/QF_BV/bench_ab/a59test0008.smt2,3.27476,0,16,成功
/pub/data/jiafq/iscas/Parser_Comparison/../benchmarks/part6/non-incremental/QF_BV/bench_ab/a5test0002.smt2,2.2972,0,4,成功
/pub/data/jiafq/iscas/Parser_Comparison/../benchmarks/part6/non-incremental/QF_BV/bench_ab/a600test0040.smt2,3.84318,0,34,成功
/pub/data/jiafq/iscas/Parser_Comparison/../benchmarks/part6/non-incremental/QF_BV/bench_ab/a601test0056.smt2,8.52626,0,86,成功
/pub/data/jiafq/iscas/Parser_Comparison/../benchmarks/part6/non-incremental/QF_BV/bench_ab/a602test0097.smt2,5.16152,0,52,成功
/pub/data/jiafq/iscas/Parser_Comparison/../benchmarks/part6/non-incremental/QF_BV/bench_ab/a603test0055.smt2,5.67303,0,63,成功
/pub/data/jiafq/iscas/Parser_Comparison/../benchmarks/part6/non-incremental/QF_BV/bench_ab/a604test0102.smt2,3.35999,0,25,成功
/pub/data/jiafq/iscas/Parser_Comparison/../benchmarks/part6/non-incremental/QF_BV/bench_ab/a605test0062.smt2,14.3653,0,116,成功
/pub/data/jiafq/iscas/Parser_Comparison/../benchmarks/part6/non-incremental/QF_BV/bench_ab/a606test0021.smt2,1.8387,0,27,成功
/pub/data/jiafq/iscas/Parser_Comparison/../benchmarks/part6/non-incremental/QF_BV/bench_ab/a607test0005.smt2,4.40928,0,43,成功
/pub/data/jiafq/iscas/Parser_Comparison/../benchmarks/part6/non-incremental/QF_BV/bench_ab/a608test0010.smt2,6.31034,0,63,成功
/pub/data/jiafq/iscas/Parser_Comparison/../benchmarks/part6/non-incremental/QF_BV/bench_ab/a609test0051.smt2,6.18184,0,65,成功
/pub/data/jiafq/iscas/Parser_Comparison/../benchmarks/part6/non-incremental/QF_BV/bench_ab/a60test0004.smt2,2.76355,0,17,成功
/pub/data/jiafq/iscas/Parser_Comparison/../benchmarks/part6/non-incremental/QF_BV/bench_ab/a610test0104.smt2,3.43384,0,29,成功
/pub/data/jiafq/iscas/Parser_Comparison/../benchmarks/part6/non-incremental/QF_BV/bench_ab/a611test0014.smt2,3.5162,0,30,成功
/pub/data/jiafq/iscas/Parser_Comparison/../benchmarks/part6/non-incremental/QF_BV/bench_ab/a612test0036.smt2,5.79596,0,60,成功
/pub/data/jiafq/iscas/Parser_Comparison/../benchmarks/part6/non-incremental/QF_BV/bench_ab/a613test0087.smt2,6.86135,0,67,成功
/pub/data/jiafq/iscas/Parser_Comparison/../benchmarks/part6/non-incremental/QF_BV/bench_ab/a614test0091.smt2,6.63618,0,66,成功
/pub/data/jiafq/iscas/Parser_Comparison/../benchmarks/part6/non-incremental/QF_BV/bench_ab/a615test0093.smt2,6.16288,0,60,成功
/pub/data/jiafq/iscas/Parser_Comparison/../benchmarks/part6/non-incremental/QF_BV/bench_ab/a616test0001.smt2,3.41576,0,26,成功
/pub/data/jiafq/iscas/Parser_Comparison/../benchmarks/part6/non-incremental/QF_BV/bench_ab/a617test0018.smt2,3.10439,0,20,成功
/pub/data/jiafq/iscas/Parser_Comparison/../benchmarks/part6/non-incremental/QF_BV/bench_ab/a618test0075.smt2,5.05908,0,51,成功
/pub/data/jiafq/iscas/Parser_Comparison/../benchmarks/part6/non-incremental/QF_BV/bench_ab/a619test0065.smt2,5.60777,0,60,成功
/pub/data/jiafq/iscas/Parser_Comparison/../benchmarks/part6/non-incremental/QF_BV/bench_ab/a61test0015.smt2,2.72703,0,16,成功
/pub/data/jiafq/iscas/Parser_Comparison/../benchmarks/part6/non-incremental/QF_BV/bench_ab/a620test0100.smt2,4.16782,0,41,成功
/pub/data/jiafq/iscas/Parser_Comparison/../benchmarks/part6/non-incremental/QF_BV/bench_ab/a621test0086.smt2,6.78217,0,68,成功
/pub/data/jiafq/iscas/Parser_Comparison/../benchmarks/part6/non-incremental/QF_BV/bench_ab/a622test0029.smt2,4.68704,0,49,成功
/pub/data/jiafq/iscas/Parser_Comparison/../benchmarks/part6/non-incremental/QF_BV/bench_ab/a623test0035.smt2,4.92586,0,52,成功
/pub/data/jiafq/iscas/Parser_Comparison/../benchmarks/part6/non-incremental/QF_BV/bench_ab/a624test0012.smt2,4.72065,0,47,成功
/pub/data/jiafq/iscas/Parser_Comparison/../benchmarks/part6/non-incremental/QF_BV/bench_ab/a625test0095.smt2,5.74069,0,59,成功
/pub/data/jiafq/iscas/Parser_Comparison/../benchmarks/part6/non-incremental/QF_BV/bench_ab/a626test0025.smt2,4.43196,0,45,成功
/pub/data/jiafq/iscas/Parser_Comparison/../benchmarks/part6/non-incremental/QF_BV/bench_ab/a627test0061.smt2,17.6429,0,128,成功
/pub/data/jiafq/iscas/Parser_Comparison/../benchmarks/part6/non-incremental/QF_BV/bench_ab/a628test0066.smt2,3.07698,0,70,成功
/pub/data/jiafq/iscas/Parser_Comparison/../benchmarks/part6/non-incremental/QF_BV/bench_ab/a629test0052.smt2,4.78018,0,66,成功
/pub/data/jiafq/iscas/Parser_Comparison/../benchmarks/part6/non-incremental/QF_BV/bench_ab/a630test0067.smt2,6.55672,0,69,成功
/pub/data/jiafq/iscas/Parser_Comparison/../benchmarks/part6/non-incremental/QF_BV/bench_ab/a631test0073.smt2,4.48312,0,40,成功
/pub/data/jiafq/iscas/Parser_Comparison/../benchmarks/part6/non-incremental/QF_BV/bench_ab/a632test0083.smt2,5.92899,0,59,成功
/pub/data/jiafq/iscas/Parser_Comparison/../benchmarks/part6/non-incremental/QF_BV/bench_ab/a633test0076.smt2,4.84116,0,47,成功
/pub/data/jiafq/iscas/Parser_Comparison/../benchmarks/part6/non-incremental/QF_BV/bench_ab/a634test0059.smt2,19.5777,0,141,成功
/pub/data/jiafq/iscas/Parser_Comparison/../benchmarks/part6/non-incremental/QF_BV/bench_ab/a635test0032.smt2,3.98758,0,36,成功
/pub/data/jiafq/iscas/Parser_Comparison/../benchmarks/part6/non-incremental/QF_BV/bench_ab/a636test0058.smt2,12.2978,0,105,成功
/pub/data/jiafq/iscas/Parser_Comparison/../benchmarks/part6/non-incremental/QF_BV/bench_ab/a637test0068.smt2,2.63814,0,46,成功
/pub/data/jiafq/iscas/Parser_Comparison/../benchmarks/part6/non-incremental/QF_BV/bench_ab/a638test0043.smt2,7.82815,0,69,成功
/pub/data/jiafq/iscas/Parser_Comparison/../benchmarks/part6/non-incremental/QF_BV/bench_ab/a639test0017.smt2,2.6407,0,27,成功
/pub/data/jiafq/iscas/Parser_Comparison/../benchmarks/part6/non-incremental/QF_BV/bench_ab/a640test0019.smt2,2.78397,0,17,成功
/pub/data/jiafq/iscas/Parser_Comparison/../benchmarks/part6/non-incremental/QF_BV/bench_ab/a641test0030.smt2,3.43503,0,31,成功
/pub/data/jiafq/iscas/Parser_Comparison/../benchmarks/part6/non-incremental/QF_BV/bench_ab/a642test0024.smt2,4.07668,0,41,成功
/pub/data/jiafq/iscas/Parser_Comparison/../benchmarks/part6/non-incremental/QF_BV/bench_ab/a643test0044.smt2,12.3523,0,90,成功
/pub/data/jiafq/iscas/Parser_Comparison/../benchmarks/part6/non-incremental/QF_BV/bench_ab/a644test0002.smt2,1.9354,0,29,成功
/pub/data/jiafq/iscas/Parser_Comparison/../benchmarks/part6/non-incremental/QF_BV/bench_ab/a645test0042.smt2,5.04938,0,52,成功
/pub/data/jiafq/iscas/Parser_Comparison/../benchmarks/part6/non-incremental/QF_BV/bench_ab/a646test0105.smt2,3.10173,0,22,成功
/pub/data/jiafq/iscas/Parser_Comparison/../benchmarks/part6/non-incremental/QF_BV/bench_ab/a647test0101.smt2,3.83131,0,34,成功
/pub/data/jiafq/iscas/Parser_Comparison/../benchmarks/part6/non-incremental/QF_BV/bench_ab/a648test0099.smt2,4.18501,0,40,成功
/pub/data/jiafq/iscas/Parser_Comparison/../benchmarks/part6/non-incremental/QF_BV/bench_ab/a649test0047.smt2,23.2064,0,128,成功
/pub/data/jiafq/iscas/Parser_Comparison/../benchmarks/part6/non-incremental/QF_BV/bench_ab/a650test0074.smt2,2.92568,0,50,成功
/pub/data/jiafq/iscas/Parser_Comparison/../benchmarks/part6/non-incremental/QF_BV/bench_ab/a651test0090.smt2,6.57569,0,67,成功
/pub/data/jiafq/iscas/Parser_Comparison/../benchmarks/part6/non-incremental/QF_BV/bench_ab/a652test0070.smt2,4.11931,0,43,成功
/pub/data/jiafq/iscas/Parser_Comparison/../benchmarks/part6/non-incremental/QF_BV/bench_ab/a653test0023.smt2,3.76873,0,37,成功
/pub/data/jiafq/iscas/Parser_Comparison/../benchmarks/part6/non-incremental/QF_BV/bench_ab/a654test0011.smt2,5.46845,0,55,成功
/pub/data/jiafq/iscas/Parser_Comparison/../benchmarks/part6/non-incremental/QF_BV/bench_ab/a655test0003.smt2,3.64137,0,33,成功
/pub/data/jiafq/iscas/Parser_Comparison/../benchmarks/part6/non-incremental/QF_BV/bench_ab/a656test0092.smt2,6.43034,0,63,成功
/pub/data/jiafq/iscas/Parser_Comparison/../benchmarks/part6/non-incremental/QF_BV/bench_ab/a657test0107.smt2,2.2465,0,5,成功
/pub/data/jiafq/iscas/Parser_Comparison/../benchmarks/part6/non-incremental/QF_BV/bench_ab/a658test0026.smt2,5.02271,0,53,成功
/pub/data/jiafq/iscas/Parser_Comparison/../benchmarks/part6/non-incremental/QF_BV/bench_ab/a659test0071.smt2,4.67445,0,47,成功
/pub/data/jiafq/iscas/Parser_Comparison/../benchmarks/part6/non-incremental/QF_BV/bench_ab/a660test0054.smt2,5.38953,0,58,成功
/pub/data/jiafq/iscas/Parser_Comparison/../benchmarks/part6/non-incremental/QF_BV/bench_ab/a661test0057.smt2,9.86622,0,95,成功
/pub/data/jiafq/iscas/Parser_Comparison/../benchmarks/part6/non-incremental/QF_BV/bench_ab/a662test0038.smt2,3.78548,0,56,成功
/pub/data/jiafq/iscas/Parser_Comparison/../benchmarks/part6/non-incremental/QF_BV/bench_ab/a663test0096.smt2,5.52021,0,55,成功
/pub/data/jiafq/iscas/Parser_Comparison/../benchmarks/part6/non-incremental/QF_BV/bench_ab/a664test0013.smt2,4.21566,0,41,成功
/pub/data/jiafq/iscas/Parser_Comparison/../benchmarks/part6/non-incremental/QF_BV/bench_ab/a665test0064.smt2,6.41995,0,68,成功
/pub/data/jiafq/iscas/Parser_Comparison/../benchmarks/part6/non-incremental/QF_BV/bench_ab/a666test0088.smt2,6.54394,0,64,成功
/pub/data/jiafq/iscas/Parser_Comparison/../benchmarks/part6/non-incremental/QF_BV/bench_ab/a667test0022.smt2,3.59508,0,33,成功
/pub/data/jiafq/iscas/Parser_Comparison/../benchmarks/part6/non-incremental/QF_BV/bench_ab/a668test0098.smt2,4.11039,0,37,成功
/pub/data/jiafq/iscas/Parser_Comparison/../benchmarks/part6/non-incremental/QF_BV/bench_ab/a669test0063.smt2,7.29852,0,78,成功
/pub/data/jiafq/iscas/Parser_Comparison/../benchmarks/part6/non-incremental/QF_BV/bench_ab/a670test0045.smt2,14.1626,0,102,成功
/pub/data/jiafq/iscas/Parser_Comparison/../benchmarks/part6/non-incremental/QF_BV/bench_ab/a671test0006.smt2,2.94013,0,51,成功
/pub/data/jiafq/iscas/Parser_Comparison/../benchmarks/part6/non-incremental/QF_BV/bench_ab/a672test0007.smt2,5.53196,0,59,成功
/pub/data/jiafq/iscas/Parser_Comparison/../benchmarks/part6/non-incremental/QF_BV/bench_ab/a673test0046.smt2,22.1494,0,129,成功
/pub/data/jiafq/iscas/Parser_Comparison/../benchmarks/part6/non-incremental/QF_BV/bench_ab/a674test0008.smt2,3.80702,0,68,成功
/pub/data/jiafq/iscas/Parser_Comparison/../benchmarks/part6/non-incremental/QF_BV/bench_ab/a675test0084.smt2,5.18978,0,63,成功
/pub/data/jiafq/iscas/Parser_Comparison/../benchmarks/part6/non-incremental/QF_BV/bench_ab/a676test0004.smt2,3.91822,0,37,成功
/pub/data/jiafq/iscas/Parser_Comparison/../benchmarks/part6/non-incremental/QF_BV/bench_ab/a677test0037.smt2,5.73553,0,61,成功
/pub/data/jiafq/iscas/Parser_Comparison/../benchmarks/part6/non-incremental/QF_BV/bench_ab/a678test0078.smt2,5.07979,0,48,成功
/pub/data/jiafq/iscas/Parser_Comparison/../benchmarks/part6/non-incremental/QF_BV/bench_ab/a679test0060.smt2,18.4226,0,140,成功
/pub/data/jiafq/iscas/Parser_Comparison/../benchmarks/part6/non-incremental/QF_BV/bench_ab/a680test0049.smt2,6.18393,0,79,成功
/pub/data/jiafq/iscas/Parser_Comparison/../benchmarks/part6/non-incremental/QF_BV/bench_ab/a681test0048.smt2,13.7553,0,115,成功
/pub/data/jiafq/iscas/Parser_Comparison/../benchmarks/part6/non-incremental/QF_BV/bench_ab/a682test0085.smt2,6.22835,0,62,成功
/pub/data/jiafq/iscas/Parser_Comparison/../benchmarks/part6/non-incremental/QF_BV/bench_ab/a683test0094.smt2,5.84867,0,58,成功
/pub/data/jiafq/iscas/Parser_Comparison/../benchmarks/part6/non-incremental/QF_BV/bench_ab/a684test0079.smt2,5.19259,0,51,成功
/pub/data/jiafq/iscas/Parser_Comparison/../benchmarks/part6/non-incremental/QF_BV/bench_ab/a685test0080.smt2,5.37419,0,55,成功
/pub/data/jiafq/iscas/Parser_Comparison/../benchmarks/part6/non-incremental/QF_BV/bench_ab/a686test0033.smt2,4.07601,0,40,成功
/pub/data/jiafq/iscas/Parser_Comparison/../benchmarks/part6/non-incremental/QF_BV/bench_ab/a687test0020.smt2,2.7459,0,16,成功
/pub/data/jiafq/iscas/Parser_Comparison/../benchmarks/part6/non-incremental/QF_BV/bench_ab/a688test0103.smt2,3.54263,0,28,成功
/pub/data/jiafq/iscas/Parser_Comparison/../benchmarks/part6/non-incremental/QF_BV/bench_ab/a689test0069.smt2,4.04999,0,37,成功
/pub/data/jiafq/iscas/Parser_Comparison/../benchmarks/part6/non-incremental/QF_BV/bench_ab/a690test0028.smt2,5.36336,0,57,成功
/pub/data/jiafq/iscas/Parser_Comparison/../benchmarks/part6/non-incremental/QF_BV/bench_ab/a691test0106.smt2,2.42627,0,9,成功
/pub/data/jiafq/iscas/Parser_Comparison/../benchmarks/part6/non-incremental/QF_BV/bench_ab/a692test0034.smt2,4.27665,0,44,成功
/pub/data/jiafq/iscas/Parser_Comparison/../benchmarks/part6/non-incremental/QF_BV/bench_ab/a693test0031.smt2,3.47261,0,30,成功
/pub/data/jiafq/iscas/Parser_Comparison/../benchmarks/part6/non-incremental/QF_BV/bench_ab/a694test0081.smt2,5.41137,0,54,成功
/pub/data/jiafq/iscas/Parser_Comparison/../benchmarks/part6/non-incremental/QF_BV/bench_ab/a695test0015.smt2,3.69847,0,33,成功
/pub/data/jiafq/iscas/Parser_Comparison/../benchmarks/part6/non-incremental/QF_BV/bench_ab/a696test0053.smt2,5.48746,0,56,成功
/pub/data/jiafq/iscas/Parser_Comparison/../benchmarks/part6/non-incremental/QF_BV/bench_ab/a697test0077.smt2,4.7186,0,44,成功
/pub/data/jiafq/iscas/Parser_Comparison/../benchmarks/part6/non-incremental/QF_BV/bench_ab/a698test0027.smt2,5.41933,0,58,成功
/pub/data/jiafq/iscas/Parser_Comparison/../benchmarks/part6/non-incremental/QF_BV/bench_ab/a699test0039.smt2,4.62871,0,48,成功
/pub/data/jiafq/iscas/Parser_Comparison/../benchmarks/part6/non-incremental/QF_BV/bench_ab/a700test0050.smt2,6.23102,0,60,成功
/pub/data/jiafq/iscas/Parser_Comparison/../benchmarks/part6/non-incremental/QF_BV/bench_ab/a77test0001.smt2,2.09558,0,3,成功
/pub/data/jiafq/iscas/Parser_Comparison/../benchmarks/part6/non-incremental/QF_BV/bench_ab/a78test0002.smt2,2.28951,0,7,成功
/pub/data/jiafq/iscas/Parser_Comparison/../benchmarks/part6/non-incremental/QF_BV/bench_ab/a79test0003.smt2,2.29932,0,8,成功
/pub/data/jiafq/iscas/Parser_Comparison/../benchmarks/part6/non-incremental/QF_BV/bench_ab/a8test0001.smt2,1.97573,0,3,成功
/pub/data/jiafq/iscas/Parser_Comparison/../benchmarks/part6/non-incremental/QF_BV/bench_ab/a94test0001.smt2,2.27173,0,8,成功
/pub/data/jiafq/iscas/Parser_Comparison/../benchmarks/part6/non-incremental/QF_BV/bench_ab/a95test0002.smt2,2.24947,0,7,成功
/pub/data/jiafq/iscas/Parser_Comparison/../benchmarks/part6/non-incremental/QF_BV/bench_ab/a97test0001.smt2,2.0346,0,3,成功
/pub/data/jiafq/iscas/Parser_Comparison/../benchmarks/part6/non-incremental/QF_BV/bench_ab/a9test0002.smt2,2.03492,0,4,成功
/pub/data/jiafq/iscas/Parser_Comparison/../benchmarks/part6/non-incremental/QF_BV/bench_ab/b187test0001.smt2,2.06942,0,5,成功
/pub/data/jiafq/iscas/Parser_Comparison/../benchmarks/part6/non-incremental/QF_BV/bench_ab/b188test0002.smt2,2.11921,0,6,成功
/pub/data/jiafq/iscas/Parser_Comparison/../benchmarks/part6/non-incremental/QF_BV/bench_ab/b265test0001.smt2,1.66648,0,0,成功
/pub/data/jiafq/iscas/Parser_Comparison/../benchmarks/part6/non-incremental/QF_BV/bench_ab/b26test0001.smt2,2.24659,0,8,成功
/pub/data/jiafq/iscas/Parser_Comparison/../benchmarks/part6/non-incremental/QF_BV/bmc-bv-svcomp14/byte_add_1_true.c.17.smt2,6230.96,0,1336,成功
/pub/data/jiafq/iscas/Parser_Comparison/../benchmarks/part6/non-incremental/QF_BV/bmc-bv-svcomp14/byte_add_1_true.c.21.smt2,12373.4,0,1632,成功
/pub/data/jiafq/iscas/Parser_Comparison/../benchmarks/part6/non-incremental/QF_BV/bmc-bv-svcomp14/byte_add_2_true.c.17.smt2,6195.02,0,1359,成功
/pub/data/jiafq/iscas/Parser_Comparison/../benchmarks/part6/non-incremental/QF_BV/bmc-bv-svcomp14/byte_add_2_true.c.21.smt2,12185.9,0,1655,成功
/pub/data/jiafq/iscas/Parser_Comparison/../benchmarks/part6/non-incremental/QF_BV/bmc-bv-svcomp14/byte_add_false.c.17.smt2,15817.6,0,1675,成功
/pub/data/jiafq/iscas/Parser_Comparison/../benchmarks/part6/non-incremental/QF_BV/bmc-bv-svcomp14/byte_add_false.c.21.smt2,28256.8,0,2019,成功
/pub/data/jiafq/iscas/Parser_Comparison/../benchmarks/part6/non-incremental/QF_BV/bmc-bv-svcomp14/gcd_1_true.c.17.smt2,50.1023,0,337,成功
/pub/data/jiafq/iscas/Parser_Comparison/../benchmarks/part6/non-incremental/QF_BV/bmc-bv-svcomp14/gcd_1_true.c.21.smt2,63.7797,0,405,成功
/pub/data/jiafq/iscas/Parser_Comparison/../benchmarks/part6/non-incremental/QF_BV/bmc-bv-svcomp14/gcd_2_true.c.17.smt2,37.2881,0,317,成功
/pub/data/jiafq/iscas/Parser_Comparison/../benchmarks/part6/non-incremental/QF_BV/bmc-bv-svcomp14/gcd_2_true.c.21.smt2,52.7416,0,381,成功
/pub/data/jiafq/iscas/Parser_Comparison/../benchmarks/part6/non-incremental/QF_BV/bmc-bv-svcomp14/gcd_3_true.c.17.smt2,36.2571,0,317,成功
/pub/data/jiafq/iscas/Parser_Comparison/../benchmarks/part6/non-incremental/QF_BV/bmc-bv-svcomp14/gcd_3_true.c.21.smt2,51.5564,0,381,成功
/pub/data/jiafq/iscas/Parser_Comparison/../benchmarks/part6/non-incremental/QF_BV/bmc-bv-svcomp14/interleave_bits_true.c.17.smt2,13.5681,0,269,成功
/pub/data/jiafq/iscas/Parser_Comparison/../benchmarks/part6/non-incremental/QF_BV/bmc-bv-svcomp14/interleave_bits_true.c.21.smt2,16.5886,0,321,成功
/pub/data/jiafq/iscas/Parser_Comparison/../benchmarks/part6/non-incremental/QF_BV/bmc-bv-svcomp14/jain_1_true.c.17.smt2,696.537,0,937,成功
/pub/data/jiafq/iscas/Parser_Comparison/../benchmarks/part6/non-incremental/QF_BV/bmc-bv-svcomp14/jain_1_true.c.21.smt2,1620.45,0,1371,成功
/pub/data/jiafq/iscas/Parser_Comparison/../benchmarks/part6/non-incremental/QF_BV/bmc-bv-svcomp14/jain_2_true.c.17.smt2,733.595,0,1141,成功
/pub/data/jiafq/iscas/Parser_Comparison/../benchmarks/part6/non-incremental/QF_BV/bmc-bv-svcomp14/jain_2_true.c.21.smt2,1526.99,0,1665,成功
/pub/data/jiafq/iscas/Parser_Comparison/../benchmarks/part6/non-incremental/QF_BV/bmc-bv-svcomp14/jain_4_true.c.17.smt2,776.384,0,1345,成功
/pub/data/jiafq/iscas/Parser_Comparison/../benchmarks/part6/non-incremental/QF_BV/bmc-bv-svcomp14/jain_4_true.c.21.smt2,1696.52,0,1959,成功
/pub/data/jiafq/iscas/Parser_Comparison/../benchmarks/part6/non-incremental/QF_BV/bmc-bv-svcomp14/jain_6_true.c.17.smt2,863.043,0,1348,成功
/pub/data/jiafq/iscas/Parser_Comparison/../benchmarks/part6/non-incremental/QF_BV/bmc-bv-svcomp14/jain_6_true.c.21.smt2,1809.12,0,1970,成功
/pub/data/jiafq/iscas/Parser_Comparison/../benchmarks/part6/non-incremental/QF_BV/bmc-bv-svcomp14/jain_7_true.c.17.smt2,794.365,0,1383,成功
/pub/data/jiafq/iscas/Parser_Comparison/../benchmarks/part6/non-incremental/QF_BV/bmc-bv-svcomp14/jain_7_true.c.21.smt2,1735.68,0,2009,成功
/pub/data/jiafq/iscas/Parser_Comparison/../benchmarks/part6/non-incremental/QF_BV/bmc-bv-svcomp14/modulus_true.c.17.smt2,1390.05,0,3432,成功
/pub/data/jiafq/iscas/Parser_Comparison/../benchmarks/part6/non-incremental/QF_BV/bmc-bv-svcomp14/modulus_true.c.21.smt2,2708.41,0,5156,成功
/pub/data/jiafq/iscas/Parser_Comparison/../benchmarks/part6/non-incremental/QF_BV/bmc-bv-svcomp14/num_conversion_2_true.c.17.smt2,8.47469,0,173,成功
/pub/data/jiafq/iscas/Parser_Comparison/../benchmarks/part6/non-incremental/QF_BV/bmc-bv-svcomp14/num_conversion_2_true.c.21.smt2,11.2267,0,181,成功
/pub/data/jiafq/iscas/Parser_Comparison/../benchmarks/part6/non-incremental/QF_BV/bmc-bv-svcomp14/parity_true.c.17.smt2,32.0699,0,239,成功
/pub/data/jiafq/iscas/Parser_Comparison/../benchmarks/part6/non-incremental/QF_BV/bmc-bv-svcomp14/parity_true.c.21.smt2,46.4055,0,287,成功
/pub/data/jiafq/iscas/Parser_Comparison/../benchmarks/part6/non-incremental/QF_BV/bmc-bv-svcomp14/s3_clnt_1_false.BV.c.cil.c.17.smt2,0,0,0,失败
/pub/data/jiafq/iscas/Parser_Comparison/../benchmarks/part6/non-incremental/QF_BV/bmc-bv-svcomp14/s3_clnt_1_false.BV.c.cil.c.21.smt2,0,0,0,失败
/pub/data/jiafq/iscas/Parser_Comparison/../benchmarks/part6/non-incremental/QF_BV/bmc-bv-svcomp14/s3_clnt_1_true.BV.c.cil.c.17.smt2,0,0,0,失败
/pub/data/jiafq/iscas/Parser_Comparison/../benchmarks/part6/non-incremental/QF_BV/bmc-bv-svcomp14/s3_clnt_1_true.BV.c.cil.c.21.smt2,0,0,0,失败
/pub/data/jiafq/iscas/Parser_Comparison/../benchmarks/part6/non-incremental/QF_BV/bmc-bv-svcomp14/s3_clnt_2_false.BV.c.cil.c.17.smt2,0,0,0,失败
/pub/data/jiafq/iscas/Parser_Comparison/../benchmarks/part6/non-incremental/QF_BV/bmc-bv-svcomp14/s3_clnt_2_false.BV.c.cil.c.21.smt2,0,0,0,失败
/pub/data/jiafq/iscas/Parser_Comparison/../benchmarks/part6/non-incremental/QF_BV/bmc-bv-svcomp14/s3_clnt_2_true.BV.c.cil.c.17.smt2,0,0,0,失败
/pub/data/jiafq/iscas/Parser_Comparison/../benchmarks/part6/non-incremental/QF_BV/bmc-bv-svcomp14/s3_clnt_2_true.BV.c.cil.c.21.smt2,0,0,0,失败
/pub/data/jiafq/iscas/Parser_Comparison/../benchmarks/part6/non-incremental/QF_BV/bmc-bv-svcomp14/s3_clnt_3_false.BV.c.cil.c.17.smt2,0,0,0,失败
/pub/data/jiafq/iscas/Parser_Comparison/../benchmarks/part6/non-incremental/QF_BV/bmc-bv-svcomp14/s3_clnt_3_false.BV.c.cil.c.21.smt2,0,0,0,失败
/pub/data/jiafq/iscas/Parser_Comparison/../benchmarks/part6/non-incremental/QF_BV/bmc-bv-svcomp14/s3_clnt_3_true.BV.c.cil.c.17.smt2,0,0,0,失败
/pub/data/jiafq/iscas/Parser_Comparison/../benchmarks/part6/non-incremental/QF_BV/bmc-bv-svcomp14/s3_clnt_3_true.BV.c.cil.c.21.smt2,0,0,0,失败
/pub/data/jiafq/iscas/Parser_Comparison/../benchmarks/part6/non-incremental/QF_BV/bmc-bv-svcomp14/s3_srvr_1_alt_true.BV.c.cil.c.17.smt2,0,0,0,失败
/pub/data/jiafq/iscas/Parser_Comparison/../benchmarks/part6/non-incremental/QF_BV/bmc-bv-svcomp14/s3_srvr_1_alt_true.BV.c.cil.c.21.smt2,0,0,0,失败
/pub/data/jiafq/iscas/Parser_Comparison/../benchmarks/part6/non-incremental/QF_BV/bmc-bv-svcomp14/s3_srvr_1_true.BV.c.cil.c.17.smt2,0,0,0,失败
/pub/data/jiafq/iscas/Parser_Comparison/../benchmarks/part6/non-incremental/QF_BV/bmc-bv-svcomp14/s3_srvr_1_true.BV.c.cil.c.21.smt2,0,0,0,失败
/pub/data/jiafq/iscas/Parser_Comparison/../benchmarks/part6/non-incremental/QF_BV/bmc-bv-svcomp14/s3_srvr_2_alt_true.BV.c.cil.c.17.smt2,0,0,0,失败
/pub/data/jiafq/iscas/Parser_Comparison/../benchmarks/part6/non-incremental/QF_BV/bmc-bv-svcomp14/s3_srvr_2_alt_true.BV.c.cil.c.21.smt2,0,0,0,失败
/pub/data/jiafq/iscas/Parser_Comparison/../benchmarks/part6/non-incremental/QF_BV/bmc-bv-svcomp14/s3_srvr_2_true.BV.c.cil.c.17.smt2,0,0,0,失败
/pub/data/jiafq/iscas/Parser_Comparison/../benchmarks/part6/non-incremental/QF_BV/bmc-bv-svcomp14/s3_srvr_2_true.BV.c.cil.c.21.smt2,0,0,0,失败
/pub/data/jiafq/iscas/Parser_Comparison/../benchmarks/part6/non-incremental/QF_BV/bmc-bv-svcomp14/s3_srvr_3_alt_true.BV.c.cil.c.17.smt2,0,0,0,失败
/pub/data/jiafq/iscas/Parser_Comparison/../benchmarks/part6/non-incremental/QF_BV/bmc-bv-svcomp14/s3_srvr_3_alt_true.BV.c.cil.c.21.smt2,0,0,0,失败
/pub/data/jiafq/iscas/Parser_Comparison/../benchmarks/part6/non-incremental/QF_BV/bmc-bv-svcomp14/s3_srvr_3_true.BV.c.cil.c.17.smt2,0,0,0,失败
/pub/data/jiafq/iscas/Parser_Comparison/../benchmarks/part6/non-incremental/QF_BV/bmc-bv-svcomp14/s3_srvr_3_true.BV.c.cil.c.21.smt2,0,0,0,失败
/pub/data/jiafq/iscas/Parser_Comparison/../benchmarks/part6/non-incremental/QF_BV/bmc-bv-svcomp14/soft_float_1_true.c.cil.c.17.smt2,0,0,0,失败
/pub/data/jiafq/iscas/Parser_Comparison/../benchmarks/part6/non-incremental/QF_BV/bmc-bv-svcomp14/soft_float_1_true.c.cil.c.21.smt2,0,0,0,失败
/pub/data/jiafq/iscas/Parser_Comparison/../benchmarks/part6/non-incremental/QF_BV/bmc-bv-svcomp14/soft_float_2_true.c.cil.c.17.smt2,0,0,0,失败
/pub/data/jiafq/iscas/Parser_Comparison/../benchmarks/part6/non-incremental/QF_BV/bmc-bv-svcomp14/soft_float_2_true.c.cil.c.21.smt2,0,0,0,失败
/pub/data/jiafq/iscas/Parser_Comparison/../benchmarks/part6/non-incremental/QF_BV/bmc-bv-svcomp14/soft_float_3_true.c.cil.c.17.smt2,0,0,0,失败
/pub/data/jiafq/iscas/Parser_Comparison/../benchmarks/part6/non-incremental/QF_BV/bmc-bv-svcomp14/soft_float_3_true.c.cil.c.21.smt2,0,0,0,失败
/pub/data/jiafq/iscas/Parser_Comparison/../benchmarks/part6/non-incremental/QF_BV/bmc-bv-svcomp14/soft_float_4_true.c.cil.c.17.smt2,0,0,0,失败
/pub/data/jiafq/iscas/Parser_Comparison/../benchmarks/part6/non-incremental/QF_BV/bmc-bv-svcomp14/soft_float_4_true.c.cil.c.21.smt2,0,0,0,失败
/pub/data/jiafq/iscas/Parser_Comparison/../benchmarks/part6/non-incremental/QF_BV/bmc-bv-svcomp14/soft_float_5_true.c.cil.c.17.smt2,0,0,0,失败
/pub/data/jiafq/iscas/Parser_Comparison/../benchmarks/part6/non-incremental/QF_BV/bmc-bv-svcomp14/soft_float_5_true.c.cil.c.21.smt2,0,0,0,失败
/pub/data/jiafq/iscas/Parser_Comparison/../benchmarks/part6/non-incremental/QF_BV/bmc-bv-svcomp14/sum02_true.c.17.smt2,30.4341,0,177,成功
/pub/data/jiafq/iscas/Parser_Comparison/../benchmarks/part6/non-incremental/QF_BV/bmc-bv-svcomp14/sum02_true.c.21.smt2,34.12,0,217,成功
/pub/data/jiafq/iscas/Parser_Comparison/../benchmarks/part6/non-incremental/QF_BV/bmc-bv/Prim_4.smt2,2.36282,0,2,成功
/pub/data/jiafq/iscas/Parser_Comparison/../benchmarks/part6/non-incremental/QF_BV/bmc-bv/adpcm.smt2,1.67283,0,4,成功
/pub/data/jiafq/iscas/Parser_Comparison/../benchmarks/part6/non-incremental/QF_BV/bmc-bv/bitcount16.smt2,12281.2,0,1,成功
/pub/data/jiafq/iscas/Parser_Comparison/../benchmarks/part6/non-incremental/QF_BV/bmc-bv/bitcount32.smt2,14.7331,0,1,成功
/pub/data/jiafq/iscas/Parser_Comparison/../benchmarks/part6/non-incremental/QF_BV/bmc-bv/ex10.smt2,2.46548,0,8,成功
/pub/data/jiafq/iscas/Parser_Comparison/../benchmarks/part6/non-incremental/QF_BV/bmc-bv/ex13.smt2,4.72687,0,61,成功
/pub/data/jiafq/iscas/Parser_Comparison/../benchmarks/part6/non-incremental/QF_BV/bmc-bv/ex19.smt2,22513.7,0,84045,成功
/pub/data/jiafq/iscas/Parser_Comparison/../benchmarks/part6/non-incremental/QF_BV/bmc-bv/ex23.smt2,49.6417,0,1787,成功
/pub/data/jiafq/iscas/Parser_Comparison/../benchmarks/part6/non-incremental/QF_BV/bmc-bv/ex2_prime.smt2,40.3249,0,2255,成功
/pub/data/jiafq/iscas/Parser_Comparison/../benchmarks/part6/non-incremental/QF_BV/bmc-bv/ex30.smt2,1426.67,0,29641,成功
/pub/data/jiafq/iscas/Parser_Comparison/../benchmarks/part6/non-incremental/QF_BV/bmc-bv/ex33.smt2,3.64803,0,92,成功
/pub/data/jiafq/iscas/Parser_Comparison/../benchmarks/part6/non-incremental/QF_BV/bmc-bv/ex34.smt2,13.9659,0,353,成功
/pub/data/jiafq/iscas/Parser_Comparison/../benchmarks/part6/non-incremental/QF_BV/bmc-bv/ex37.smt2,8.34425,0,1,成功
/pub/data/jiafq/iscas/Parser_Comparison/../benchmarks/part6/non-incremental/QF_BV/bmc-bv/ex49.smt2,253.214,0,15942,成功
/pub/data/jiafq/iscas/Parser_Comparison/../benchmarks/part6/non-incremental/QF_BV/bmc-bv/ex7_prime.smt2,351.449,0,22059,成功
/pub/data/jiafq/iscas/Parser_Comparison/../benchmarks/part6/non-incremental/QF_BV/bmc-bv/fermat.smt2,2.29054,0,40,成功
/pub/data/jiafq/iscas/Parser_Comparison/../benchmarks/part6/non-incremental/QF_BV/bmc-bv/graycode.smt2,28.7397,0,1087,成功
/pub/data/jiafq/iscas/Parser_Comparison/../benchmarks/part6/non-incremental/QF_BV/bmc-bv/inf1.smt2,2.92027,0,70,成功
/pub/data/jiafq/iscas/Parser_Comparison/../benchmarks/part6/non-incremental/QF_BV/bmc-bv/inf5.smt2,13.1408,0,328,成功
/pub/data/jiafq/iscas/Parser_Comparison/../benchmarks/part6/non-incremental/QF_BV/bmc-bv/inf6.smt2,2.2693,0,46,成功
/pub/data/jiafq/iscas/Parser_Comparison/../benchmarks/part6/non-incremental/QF_BV/bmc-bv/inf8.smt2,9.1397,0,173,成功
/pub/data/jiafq/iscas/Parser_Comparison/../benchmarks/part6/non-incremental/QF_BV/bmc-bv/intSqRoot.smt2,6.95826,0,1,成功
/pub/data/jiafq/iscas/Parser_Comparison/../benchmarks/part6/non-incremental/QF_BV/bmc-bv/loop_on_input.smt2,17.0292,0,256,成功
/pub/data/jiafq/iscas/Parser_Comparison/../benchmarks/part6/non-incremental/QF_BV/bmc-bv/magic.smt2,40.1483,0,1655,成功
/pub/data/jiafq/iscas/Parser_Comparison/../benchmarks/part6/non-incremental/QF_BV/bmc-bv/matrixsqrt.smt2,5.24342,0,63,成功
/pub/data/jiafq/iscas/Parser_Comparison/../benchmarks/part6/non-incremental/QF_BV/bmc-bv/queens.smt2,70.6495,0,2049,成功
/pub/data/jiafq/iscas/Parser_Comparison/../benchmarks/part6/non-incremental/QF_BV/bmc-bv/send-more-money.smt2,15.9184,0,293,成功
/pub/data/jiafq/iscas/Parser_Comparison/../benchmarks/part6/non-incremental/QF_BV/bmc-bv/simpleWhile.smt2,240.885,0,14087,成功
/pub/data/jiafq/iscas/Parser_Comparison/../benchmarks/part6/non-incremental/QF_BV/bmc-bv/sort.smt2,25.9842,0,1200,成功
/pub/data/jiafq/iscas/Parser_Comparison/../benchmarks/part6/non-incremental/QF_BV/bmc-bv/sudoku.smt2,211.983,0,10705,成功
/pub/data/jiafq/iscas/Parser_Comparison/../benchmarks/part6/non-incremental/QF_BV/brummayerbiere/bitrev0032.smt2,3.84047,0,89,成功
/pub/data/jiafq/iscas/Parser_Comparison/../benchmarks/part6/non-incremental/QF_BV/brummayerbiere/bitrev0064.smt2,7.41831,0,105,成功
/pub/data/jiafq/iscas/Parser_Comparison/../benchmarks/part6/non-incremental/QF_BV/brummayerbiere/bitrev0128.smt2,8.4718,0,121,成功
/pub/data/jiafq/iscas/Parser_Comparison/../benchmarks/part6/non-incremental/QF_BV/brummayerbiere/bitrev0256.smt2,8.78266,0,137,成功
/pub/data/jiafq/iscas/Parser_Comparison/../benchmarks/part6/non-incremental/QF_BV/brummayerbiere/bitrev0512.smt2,13.1929,0,153,成功
/pub/data/jiafq/iscas/Parser_Comparison/../benchmarks/part6/non-incremental/QF_BV/brummayerbiere/bitrev1024.smt2,22.8951,0,169,成功
/pub/data/jiafq/iscas/Parser_Comparison/../benchmarks/part6/non-incremental/QF_BV/brummayerbiere/bitrev2048.smt2,50.7558,0,185,成功
/pub/data/jiafq/iscas/Parser_Comparison/../benchmarks/part6/non-incremental/QF_BV/brummayerbiere/bitrev4096.smt2,166.008,0,201,成功
/pub/data/jiafq/iscas/Parser_Comparison/../benchmarks/part6/non-incremental/QF_BV/brummayerbiere/bitrev8192.smt2,671.411,0,217,成功
/pub/data/jiafq/iscas/Parser_Comparison/../benchmarks/part6/non-incremental/QF_BV/brummayerbiere/countbits016.smt2,8.35072,0,215,成功
/pub/data/jiafq/iscas/Parser_Comparison/../benchmarks/part6/non-incremental/QF_BV/brummayerbiere/countbits032.smt2,15.9235,0,423,成功
/pub/data/jiafq/iscas/Parser_Comparison/../benchmarks/part6/non-incremental/QF_BV/brummayerbiere/countbits064.smt2,22.8519,0,839,成功
/pub/data/jiafq/iscas/Parser_Comparison/../benchmarks/part6/non-incremental/QF_BV/brummayerbiere/countbits1024.smt2,381.984,0,13319,成功
/pub/data/jiafq/iscas/Parser_Comparison/../benchmarks/part6/non-incremental/QF_BV/brummayerbiere/countbits128.smt2,42.0346,0,1671,成功
/pub/data/jiafq/iscas/Parser_Comparison/../benchmarks/part6/non-incremental/QF_BV/brummayerbiere/countbits256.smt2,80.5156,0,3335,成功
/pub/data/jiafq/iscas/Parser_Comparison/../benchmarks/part6/non-incremental/QF_BV/brummayerbiere/countbits512.smt2,176.655,0,6663,成功
/pub/data/jiafq/iscas/Parser_Comparison/../benchmarks/part6/non-incremental/QF_BV/brummayerbiere/countbitsrotate008.smt2,4.50737,0,123,成功
/pub/data/jiafq/iscas/Parser_Comparison/../benchmarks/part6/non-incremental/QF_BV/brummayerbiere/countbitsrotate016.smt2,9.37893,0,243,成功
/pub/data/jiafq/iscas/Parser_Comparison/../benchmarks/part6/non-incremental/QF_BV/brummayerbiere/countbitsrotate032.smt2,15.1462,0,483,成功
/pub/data/jiafq/iscas/Parser_Comparison/../benchmarks/part6/non-incremental/QF_BV/brummayerbiere/countbitsrotate064.smt2,23.2825,0,963,成功
/pub/data/jiafq/iscas/Parser_Comparison/../benchmarks/part6/non-incremental/QF_BV/brummayerbiere/countbitsrotate128.smt2,39.4665,0,1923,成功
/pub/data/jiafq/iscas/Parser_Comparison/../benchmarks/part6/non-incremental/QF_BV/brummayerbiere/countbitsrotate256.smt2,75.9008,0,3843,成功
/pub/data/jiafq/iscas/Parser_Comparison/../benchmarks/part6/non-incremental/QF_BV/brummayerbiere/countbitssrl008.smt2,5.49449,0,175,成功
/pub/data/jiafq/iscas/Parser_Comparison/../benchmarks/part6/non-incremental/QF_BV/brummayerbiere/countbitssrl016.smt2,13.5431,0,343,成功
/pub/data/jiafq/iscas/Parser_Comparison/../benchmarks/part6/non-incremental/QF_BV/brummayerbiere/countbitssrl032.smt2,20.2131,0,679,成功
/pub/data/jiafq/iscas/Parser_Comparison/../benchmarks/part6/non-incremental/QF_BV/brummayerbiere/countbitssrl064.smt2,33.5598,0,1351,成功
/pub/data/jiafq/iscas/Parser_Comparison/../benchmarks/part6/non-incremental/QF_BV/brummayerbiere/countbitssrl128.smt2,63.5201,0,2695,成功
/pub/data/jiafq/iscas/Parser_Comparison/../benchmarks/part6/non-incremental/QF_BV/brummayerbiere/countbitssrl256.smt2,116.306,0,5383,成功
/pub/data/jiafq/iscas/Parser_Comparison/../benchmarks/part6/non-incremental/QF_BV/brummayerbiere/nextpoweroftwo016.smt2,11.7367,0,1,成功
/pub/data/jiafq/iscas/Parser_Comparison/../benchmarks/part6/non-incremental/QF_BV/brummayerbiere/nextpoweroftwo032.smt2,10.1793,0,1,成功
/pub/data/jiafq/iscas/Parser_Comparison/../benchmarks/part6/non-incremental/QF_BV/brummayerbiere/nextpoweroftwo064.smt2,16.7639,0,1,成功
/pub/data/jiafq/iscas/Parser_Comparison/../benchmarks/part6/non-incremental/QF_BV/brummayerbiere/nextpoweroftwo128.smt2,29.3502,0,1,成功
/pub/data/jiafq/iscas/Parser_Comparison/../benchmarks/part6/non-incremental/QF_BV/brummayerbiere/nextpoweroftwo256.smt2,54.279,0,1,成功
/pub/data/jiafq/iscas/Parser_Comparison/../benchmarks/part6/non-incremental/QF_BV/brummayerbiere/nextpoweroftwo512.smt2,156.94,0,1,成功
/pub/data/jiafq/iscas/Parser_Comparison/../benchmarks/part6/non-incremental/QF_BV/brummayerbiere/nlzbe008.smt2,11.411,0,205,成功
/pub/data/jiafq/iscas/Parser_Comparison/../benchmarks/part6/non-incremental/QF_BV/brummayerbiere/nlzbe016.smt2,18.4897,0,393,成功
/pub/data/jiafq/iscas/Parser_Comparison/../benchmarks/part6/non-incremental/QF_BV/brummayerbiere/nlzbe032.smt2,20.6107,0,769,成功
/pub/data/jiafq/iscas/Parser_Comparison/../benchmarks/part6/non-incremental/QF_BV/brummayerbiere/nlzbe064.smt2,34.954,0,1521,成功
/pub/data/jiafq/iscas/Parser_Comparison/../benchmarks/part6/non-incremental/QF_BV/brummayerbiere/nlzbe128.smt2,69.6458,0,3025,成功
/pub/data/jiafq/iscas/Parser_Comparison/../benchmarks/part6/non-incremental/QF_BV/brummayerbiere/nlzbe256.smt2,137.874,0,6033,成功
/pub/data/jiafq/iscas/Parser_Comparison/../benchmarks/part6/non-incremental/QF_BV/brummayerbiere/nlzbs008.smt2,5.45343,0,157,成功
/pub/data/jiafq/iscas/Parser_Comparison/../benchmarks/part6/non-incremental/QF_BV/brummayerbiere/nlzbs016.smt2,11.347,0,289,成功
/pub/data/jiafq/iscas/Parser_Comparison/../benchmarks/part6/non-incremental/QF_BV/brummayerbiere/nlzbs032.smt2,15.8798,0,541,成功
/pub/data/jiafq/iscas/Parser_Comparison/../benchmarks/part6/non-incremental/QF_BV/brummayerbiere/nlzbs064.smt2,26.5084,0,1033,成功
/pub/data/jiafq/iscas/Parser_Comparison/../benchmarks/part6/non-incremental/QF_BV/brummayerbiere/nlzbs128.smt2,47.2024,0,2005,成功
/pub/data/jiafq/iscas/Parser_Comparison/../benchmarks/part6/non-incremental/QF_BV/brummayerbiere/nlzbs256.smt2,87.4948,0,3937,成功
/pub/data/jiafq/iscas/Parser_Comparison/../benchmarks/part6/non-incremental/QF_BV/brummayerbiere/nlzbsdown008.smt2,5.921,0,163,成功
/pub/data/jiafq/iscas/Parser_Comparison/../benchmarks/part6/non-incremental/QF_BV/brummayerbiere/nlzbsdown016.smt2,9.51144,0,295,成功
/pub/data/jiafq/iscas/Parser_Comparison/../benchmarks/part6/non-incremental/QF_BV/brummayerbiere/nlzbsdown032.smt2,17.3021,0,547,成功
/pub/data/jiafq/iscas/Parser_Comparison/../benchmarks/part6/non-incremental/QF_BV/brummayerbiere/nlzbsdown064.smt2,25.6166,0,1039,成功
/pub/data/jiafq/iscas/Parser_Comparison/../benchmarks/part6/non-incremental/QF_BV/brummayerbiere/nlzbsdown128.smt2,46.0724,0,2011,成功
/pub/data/jiafq/iscas/Parser_Comparison/../benchmarks/part6/non-incremental/QF_BV/brummayerbiere/nlzbsdown256.smt2,87.3297,0,3943,成功
/pub/data/jiafq/iscas/Parser_Comparison/../benchmarks/part6/non-incremental/QF_BV/brummayerbiere2/smulov1bw04.smt2,2.17295,0,1,成功
/pub/data/jiafq/iscas/Parser_Comparison/../benchmarks/part6/non-incremental/QF_BV/brummayerbiere2/smulov1bw08.smt2,2.8782,0,1,成功
/pub/data/jiafq/iscas/Parser_Comparison/../benchmarks/part6/non-incremental/QF_BV/brummayerbiere2/smulov1bw12.smt2,3.53633,0,1,成功
/pub/data/jiafq/iscas/Parser_Comparison/../benchmarks/part6/non-incremental/QF_BV/brummayerbiere2/smulov1bw16.smt2,3.50387,0,1,成功
/pub/data/jiafq/iscas/Parser_Comparison/../benchmarks/part6/non-incremental/QF_BV/brummayerbiere2/smulov1bw24.smt2,3.56175,0,1,成功
/pub/data/jiafq/iscas/Parser_Comparison/../benchmarks/part6/non-incremental/QF_BV/brummayerbiere2/smulov1bw32.smt2,3.57534,0,1,成功
/pub/data/jiafq/iscas/Parser_Comparison/../benchmarks/part6/non-incremental/QF_BV/brummayerbiere2/smulov1bw48.smt2,3.62502,0,1,成功
/pub/data/jiafq/iscas/Parser_Comparison/../benchmarks/part6/non-incremental/QF_BV/brummayerbiere2/smulov2bw016.smt2,12.2222,0,272,成功
/pub/data/jiafq/iscas/Parser_Comparison/../benchmarks/part6/non-incremental/QF_BV/brummayerbiere2/smulov2bw032.smt2,13.6489,0,512,成功
/pub/data/jiafq/iscas/Parser_Comparison/../benchmarks/part6/non-incremental/QF_BV/brummayerbiere2/smulov2bw048.smt2,17.4262,0,752,成功
/pub/data/jiafq/iscas/Parser_Comparison/../benchmarks/part6/non-incremental/QF_BV/brummayerbiere2/smulov2bw064.smt2,22.1501,0,992,成功
/pub/data/jiafq/iscas/Parser_Comparison/../benchmarks/part6/non-incremental/QF_BV/brummayerbiere2/smulov2bw080.smt2,26.5094,0,1232,成功
/pub/data/jiafq/iscas/Parser_Comparison/../benchmarks/part6/non-incremental/QF_BV/brummayerbiere2/smulov2bw096.smt2,30.237,0,1472,成功
/pub/data/jiafq/iscas/Parser_Comparison/../benchmarks/part6/non-incremental/QF_BV/brummayerbiere2/smulov2bw112.smt2,34.2171,0,1712,成功
/pub/data/jiafq/iscas/Parser_Comparison/../benchmarks/part6/non-incremental/QF_BV/brummayerbiere2/smulov2bw128.smt2,37.7754,0,1952,成功
/pub/data/jiafq/iscas/Parser_Comparison/../benchmarks/part6/non-incremental/QF_BV/brummayerbiere2/smulov2bw160.smt2,47.8897,0,2432,成功
/pub/data/jiafq/iscas/Parser_Comparison/../benchmarks/part6/non-incremental/QF_BV/brummayerbiere2/smulov2bw192.smt2,55.8671,0,2912,成功
/pub/data/jiafq/iscas/Parser_Comparison/../benchmarks/part6/non-incremental/QF_BV/brummayerbiere2/smulov2bw224.smt2,63.9267,0,3392,成功
/pub/data/jiafq/iscas/Parser_Comparison/../benchmarks/part6/non-incremental/QF_BV/brummayerbiere2/smulov2bw256.smt2,74.9786,0,3872,成功
/pub/data/jiafq/iscas/Parser_Comparison/../benchmarks/part6/non-incremental/QF_BV/brummayerbiere2/smulov2bw320.smt2,91.0529,0,4832,成功
/pub/data/jiafq/iscas/Parser_Comparison/../benchmarks/part6/non-incremental/QF_BV/brummayerbiere2/smulov2bw384.smt2,107.666,0,5792,成功
/pub/data/jiafq/iscas/Parser_Comparison/../benchmarks/part6/non-incremental/QF_BV/brummayerbiere2/smulov2bw448.smt2,120.151,0,6752,成功
/pub/data/jiafq/iscas/Parser_Comparison/../benchmarks/part6/non-incremental/QF_BV/brummayerbiere2/smulov2bw512.smt2,138.596,0,7712,成功
/pub/data/jiafq/iscas/Parser_Comparison/../benchmarks/part6/non-incremental/QF_BV/brummayerbiere2/smulov3bw0032.smt2,9.91718,0,356,成功
/pub/data/jiafq/iscas/Parser_Comparison/../benchmarks/part6/non-incremental/QF_BV/brummayerbiere2/smulov3bw0064.smt2,19.8184,0,676,成功
/pub/data/jiafq/iscas/Parser_Comparison/../benchmarks/part6/non-incremental/QF_BV/brummayerbiere2/smulov3bw0128.smt2,33.3751,0,1316,成功
/pub/data/jiafq/iscas/Parser_Comparison/../benchmarks/part6/non-incremental/QF_BV/brummayerbiere2/smulov3bw0256.smt2,55.0119,0,2596,成功
/pub/data/jiafq/iscas/Parser_Comparison/../benchmarks/part6/non-incremental/QF_BV/brummayerbiere2/smulov3bw0384.smt2,75.5622,0,3876,成功
/pub/data/jiafq/iscas/Parser_Comparison/../benchmarks/part6/non-incremental/QF_BV/brummayerbiere2/smulov3bw0512.smt2,95.8795,0,5156,成功
/pub/data/jiafq/iscas/Parser_Comparison/../benchmarks/part6/non-incremental/QF_BV/brummayerbiere2/smulov3bw0640.smt2,112.854,0,6436,成功
/pub/data/jiafq/iscas/Parser_Comparison/../benchmarks/part6/non-incremental/QF_BV/brummayerbiere2/smulov3bw0768.smt2,137.267,0,7716,成功
/pub/data/jiafq/iscas/Parser_Comparison/../benchmarks/part6/non-incremental/QF_BV/brummayerbiere2/smulov3bw0896.smt2,160.743,0,8996,成功
/pub/data/jiafq/iscas/Parser_Comparison/../benchmarks/part6/non-incremental/QF_BV/brummayerbiere2/smulov3bw1024.smt2,177.593,0,10276,成功
/pub/data/jiafq/iscas/Parser_Comparison/../benchmarks/part6/non-incremental/QF_BV/brummayerbiere2/smulov4bw0032.smt2,11.4291,0,356,成功
/pub/data/jiafq/iscas/Parser_Comparison/../benchmarks/part6/non-incremental/QF_BV/brummayerbiere2/smulov4bw0064.smt2,15.4693,0,676,成功
/pub/data/jiafq/iscas/Parser_Comparison/../benchmarks/part6/non-incremental/QF_BV/brummayerbiere2/smulov4bw0128.smt2,26.4234,0,1316,成功
/pub/data/jiafq/iscas/Parser_Comparison/../benchmarks/part6/non-incremental/QF_BV/brummayerbiere2/smulov4bw0256.smt2,48.7932,0,2596,成功
/pub/data/jiafq/iscas/Parser_Comparison/../benchmarks/part6/non-incremental/QF_BV/brummayerbiere2/smulov4bw0384.smt2,72.3694,0,3876,成功
/pub/data/jiafq/iscas/Parser_Comparison/../benchmarks/part6/non-incremental/QF_BV/brummayerbiere2/smulov4bw0512.smt2,91.7766,0,5156,成功
/pub/data/jiafq/iscas/Parser_Comparison/../benchmarks/part6/non-incremental/QF_BV/brummayerbiere2/smulov4bw0640.smt2,113.327,0,6436,成功
/pub/data/jiafq/iscas/Parser_Comparison/../benchmarks/part6/non-incremental/QF_BV/brummayerbiere2/smulov4bw0768.smt2,135.664,0,7716,成功
/pub/data/jiafq/iscas/Parser_Comparison/../benchmarks/part6/non-incremental/QF_BV/brummayerbiere2/smulov4bw0896.smt2,155.346,0,8996,成功
/pub/data/jiafq/iscas/Parser_Comparison/../benchmarks/part6/non-incremental/QF_BV/brummayerbiere2/smulov4bw1024.smt2,187.973,0,10276,成功
/pub/data/jiafq/iscas/Parser_Comparison/../benchmarks/part6/non-incremental/QF_BV/brummayerbiere2/umulov1bw016.smt2,9.90068,0,172,成功
/pub/data/jiafq/iscas/Parser_Comparison/../benchmarks/part6/non-incremental/QF_BV/brummayerbiere2/umulov1bw032.smt2,11.0268,0,332,成功
/pub/data/jiafq/iscas/Parser_Comparison/../benchmarks/part6/non-incremental/QF_BV/brummayerbiere2/umulov1bw048.smt2,12.2323,0,492,成功
/pub/data/jiafq/iscas/Parser_Comparison/../benchmarks/part6/non-incremental/QF_BV/brummayerbiere2/umulov1bw064.smt2,15.4567,0,652,成功
/pub/data/jiafq/iscas/Parser_Comparison/../benchmarks/part6/non-incremental/QF_BV/brummayerbiere2/umulov1bw080.smt2,18.713,0,812,成功
/pub/data/jiafq/iscas/Parser_Comparison/../benchmarks/part6/non-incremental/QF_BV/brummayerbiere2/umulov1bw096.smt2,20.5242,0,972,成功
/pub/data/jiafq/iscas/Parser_Comparison/../benchmarks/part6/non-incremental/QF_BV/brummayerbiere2/umulov1bw112.smt2,26.6441,0,1132,成功
/pub/data/jiafq/iscas/Parser_Comparison/../benchmarks/part6/non-incremental/QF_BV/brummayerbiere2/umulov1bw128.smt2,31.7338,0,1292,成功
/pub/data/jiafq/iscas/Parser_Comparison/../benchmarks/part6/non-incremental/QF_BV/brummayerbiere2/umulov1bw160.smt2,35.5454,0,1612,成功
/pub/data/jiafq/iscas/Parser_Comparison/../benchmarks/part6/non-incremental/QF_BV/brummayerbiere2/umulov1bw192.smt2,38.7953,0,1932,成功
/pub/data/jiafq/iscas/Parser_Comparison/../benchmarks/part6/non-incremental/QF_BV/brummayerbiere2/umulov1bw224.smt2,42.0517,0,2252,成功
/pub/data/jiafq/iscas/Parser_Comparison/../benchmarks/part6/non-incremental/QF_BV/brummayerbiere2/umulov1bw256.smt2,48.7496,0,2572,成功
/pub/data/jiafq/iscas/Parser_Comparison/../benchmarks/part6/non-incremental/QF_BV/brummayerbiere2/umulov2bw0032.smt2,9.53376,0,329,成功
/pub/data/jiafq/iscas/Parser_Comparison/../benchmarks/part6/non-incremental/QF_BV/brummayerbiere2/umulov2bw0064.smt2,20.9174,0,649,成功
/pub/data/jiafq/iscas/Parser_Comparison/../benchmarks/part6/non-incremental/QF_BV/brummayerbiere2/umulov2bw0128.smt2,39.9014,0,1289,成功
/pub/data/jiafq/iscas/Parser_Comparison/../benchmarks/part6/non-incremental/QF_BV/brummayerbiere2/umulov2bw0256.smt2,54.1677,0,2569,成功
/pub/data/jiafq/iscas/Parser_Comparison/../benchmarks/part6/non-incremental/QF_BV/brummayerbiere2/umulov2bw0384.smt2,68.322,0,3849,成功
/pub/data/jiafq/iscas/Parser_Comparison/../benchmarks/part6/non-incremental/QF_BV/brummayerbiere2/umulov2bw0512.smt2,90.3564,0,5129,成功
/pub/data/jiafq/iscas/Parser_Comparison/../benchmarks/part6/non-incremental/QF_BV/brummayerbiere2/umulov2bw0640.smt2,113.996,0,6409,成功
/pub/data/jiafq/iscas/Parser_Comparison/../benchmarks/part6/non-incremental/QF_BV/brummayerbiere2/umulov2bw0768.smt2,140.721,0,7689,成功
/pub/data/jiafq/iscas/Parser_Comparison/../benchmarks/part6/non-incremental/QF_BV/brummayerbiere2/umulov2bw0896.smt2,164.757,0,8969,成功
/pub/data/jiafq/iscas/Parser_Comparison/../benchmarks/part6/non-incremental/QF_BV/brummayerbiere2/umulov2bw1024.smt2,175.92,0,10249,成功
/pub/data/jiafq/iscas/Parser_Comparison/../benchmarks/part6/non-incremental/QF_BV/brummayerbiere3/icbrt.smt2,8.29228,0,212,成功
/pub/data/jiafq/iscas/Parser_Comparison/../benchmarks/part6/non-incremental/QF_BV/brummayerbiere3/icbrteqcheck.smt2,11.5534,0,360,成功
/pub/data/jiafq/iscas/Parser_Comparison/../benchmarks/part6/non-incremental/QF_BV/brummayerbiere3/icbrtinvalidvc.smt2,12.8533,0,207,成功
/pub/data/jiafq/iscas/Parser_Comparison/../benchmarks/part6/non-incremental/QF_BV/brummayerbiere3/icbrtor.smt2,13.4236,0,210,成功
/pub/data/jiafq/iscas/Parser_Comparison/../benchmarks/part6/non-incremental/QF_BV/brummayerbiere3/icbrtorinvalidvc.smt2,9.66077,0,205,成功
/pub/data/jiafq/iscas/Parser_Comparison/../benchmarks/part6/non-incremental/QF_BV/brummayerbiere3/isqrt.smt2,9.25082,0,235,成功
/pub/data/jiafq/iscas/Parser_Comparison/../benchmarks/part6/non-incremental/QF_BV/brummayerbiere3/isqrtadd.smt2,7.97931,0,235,成功
/pub/data/jiafq/iscas/Parser_Comparison/../benchmarks/part6/non-incremental/QF_BV/brummayerbiere3/isqrtaddeqcheck.smt2,16.5215,0,418,成功
/pub/data/jiafq/iscas/Parser_Comparison/../benchmarks/part6/non-incremental/QF_BV/brummayerbiere3/isqrtaddinvalidvc.smt2,7.44614,0,230,成功
/pub/data/jiafq/iscas/Parser_Comparison/../benchmarks/part6/non-incremental/QF_BV/brummayerbiere3/isqrtaddnoif.smt2,8.70576,0,251,成功
/pub/data/jiafq/iscas/Parser_Comparison/../benchmarks/part6/non-incremental/QF_BV/brummayerbiere3/isqrtaddnoifinvalidvc.smt2,8.05841,0,246,成功
/pub/data/jiafq/iscas/Parser_Comparison/../benchmarks/part6/non-incremental/QF_BV/brummayerbiere3/isqrteqcheck.smt2,16.6526,0,418,成功
/pub/data/jiafq/iscas/Parser_Comparison/../benchmarks/part6/non-incremental/QF_BV/brummayerbiere3/isqrtinvalidvc.smt2,7.38585,0,230,成功
/pub/data/jiafq/iscas/Parser_Comparison/../benchmarks/part6/non-incremental/QF_BV/brummayerbiere3/isqrtnoif.smt2,8.92567,0,251,成功
/pub/data/jiafq/iscas/Parser_Comparison/../benchmarks/part6/non-incremental/QF_BV/brummayerbiere3/isqrtnoifinvalidvc.smt2,8.20476,0,246,成功
/pub/data/jiafq/iscas/Parser_Comparison/../benchmarks/part6/non-incremental/QF_BV/brummayerbiere3/maxand008.smt2,14.7914,0,370,成功
/pub/data/jiafq/iscas/Parser_Comparison/../benchmarks/part6/non-incremental/QF_BV/brummayerbiere3/maxand016.smt2,21.3379,0,706,成功
/pub/data/jiafq/iscas/Parser_Comparison/../benchmarks/part6/non-incremental/QF_BV/brummayerbiere3/maxand032.smt2,31.508,0,1378,成功
/pub/data/jiafq/iscas/Parser_Comparison/../benchmarks/part6/non-incremental/QF_BV/brummayerbiere3/maxand064.smt2,59.9956,0,2722,成功
/pub/data/jiafq/iscas/Parser_Comparison/../benchmarks/part6/non-incremental/QF_BV/brummayerbiere3/maxand128.smt2,115.486,0,5410,成功
/pub/data/jiafq/iscas/Parser_Comparison/../benchmarks/part6/non-incremental/QF_BV/brummayerbiere3/maxand256.smt2,233.128,0,10786,成功
/pub/data/jiafq/iscas/Parser_Comparison/../benchmarks/part6/non-incremental/QF_BV/brummayerbiere3/maxandminor008.smt2,17.4296,0,649,成功
/pub/data/jiafq/iscas/Parser_Comparison/../benchmarks/part6/non-incremental/QF_BV/brummayerbiere3/maxandminor016.smt2,30.2795,0,1289,成功
/pub/data/jiafq/iscas/Parser_Comparison/../benchmarks/part6/non-incremental/QF_BV/brummayerbiere3/maxandminor032.smt2,58.5661,0,2569,成功
/pub/data/jiafq/iscas/Parser_Comparison/../benchmarks/part6/non-incremental/QF_BV/brummayerbiere3/maxandminor064.smt2,109.98,0,5129,成功
/pub/data/jiafq/iscas/Parser_Comparison/../benchmarks/part6/non-incremental/QF_BV/brummayerbiere3/maxandminor128.smt2,218.429,0,10249,成功
/pub/data/jiafq/iscas/Parser_Comparison/../benchmarks/part6/non-incremental/QF_BV/brummayerbiere3/maxandminor256.smt2,440.523,0,20489,成功
/pub/data/jiafq/iscas/Parser_Comparison/../benchmarks/part6/non-incremental/QF_BV/brummayerbiere3/maxor008.smt2,12.5241,0,424,成功
/pub/data/jiafq/iscas/Parser_Comparison/../benchmarks/part6/non-incremental/QF_BV/brummayerbiere3/maxor016.smt2,22.4492,0,816,成功
/pub/data/jiafq/iscas/Parser_Comparison/../benchmarks/part6/non-incremental/QF_BV/brummayerbiere3/maxor032.smt2,37.8907,0,1600,成功
/pub/data/jiafq/iscas/Parser_Comparison/../benchmarks/part6/non-incremental/QF_BV/brummayerbiere3/maxor064.smt2,68.5655,0,3168,成功
/pub/data/jiafq/iscas/Parser_Comparison/../benchmarks/part6/non-incremental/QF_BV/brummayerbiere3/maxor128.smt2,131.007,0,6304,成功
/pub/data/jiafq/iscas/Parser_Comparison/../benchmarks/part6/non-incremental/QF_BV/brummayerbiere3/maxor256.smt2,260.611,0,12576,成功
/pub/data/jiafq/iscas/Parser_Comparison/../benchmarks/part6/non-incremental/QF_BV/brummayerbiere3/maxxor008.smt2,10.5174,0,334,成功
/pub/data/jiafq/iscas/Parser_Comparison/../benchmarks/part6/non-incremental/QF_BV/brummayerbiere3/maxxor016.smt2,22.2929,0,622,成功
/pub/data/jiafq/iscas/Parser_Comparison/../benchmarks/part6/non-incremental/QF_BV/brummayerbiere3/maxxor032.smt2,35.6382,0,1198,成功
/pub/data/jiafq/iscas/Parser_Comparison/../benchmarks/part6/non-incremental/QF_BV/brummayerbiere3/maxxor064.smt2,50.6672,0,2350,成功
/pub/data/jiafq/iscas/Parser_Comparison/../benchmarks/part6/non-incremental/QF_BV/brummayerbiere3/maxxor128.smt2,97.8727,0,4654,成功
/pub/data/jiafq/iscas/Parser_Comparison/../benchmarks/part6/non-incremental/QF_BV/brummayerbiere3/maxxor256.smt2,198.259,0,9262,成功
/pub/data/jiafq/iscas/Parser_Comparison/../benchmarks/part6/non-incremental/QF_BV/brummayerbiere3/maxxormaxorand008.smt2,28.1895,0,1253,成功
/pub/data/jiafq/iscas/Parser_Comparison/../benchmarks/part6/non-incremental/QF_BV/brummayerbiere3/maxxormaxorand016.smt2,57.0737,0,2477,成功
/pub/data/jiafq/iscas/Parser_Comparison/../benchmarks/part6/non-incremental/QF_BV/brummayerbiere3/maxxormaxorand032.smt2,103.328,0,4925,成功
/pub/data/jiafq/iscas/Parser_Comparison/../benchmarks/part6/non-incremental/QF_BV/brummayerbiere3/maxxormaxorand064.smt2,205.592,0,9821,成功
/pub/data/jiafq/iscas/Parser_Comparison/../benchmarks/part6/non-incremental/QF_BV/brummayerbiere3/maxxormaxorand128.smt2,417.736,0,19613,成功
/pub/data/jiafq/iscas/Parser_Comparison/../benchmarks/part6/non-incremental/QF_BV/brummayerbiere3/maxxormaxorand256.smt2,833.181,0,39197,成功
/pub/data/jiafq/iscas/Parser_Comparison/../benchmarks/part6/non-incremental/QF_BV/brummayerbiere3/minand008.smt2,14.6706,0,412,成功
/pub/data/jiafq/iscas/Parser_Comparison/../benchmarks/part6/non-incremental/QF_BV/brummayerbiere3/minand016.smt2,20.6365,0,796,成功
/pub/data/jiafq/iscas/Parser_Comparison/../benchmarks/part6/non-incremental/QF_BV/brummayerbiere3/minand032.smt2,37.7107,0,1564,成功
/pub/data/jiafq/iscas/Parser_Comparison/../benchmarks/part6/non-incremental/QF_BV/brummayerbiere3/minand064.smt2,71.7831,0,3100,成功
/pub/data/jiafq/iscas/Parser_Comparison/../benchmarks/part6/non-incremental/QF_BV/brummayerbiere3/minand128.smt2,140.335,0,6172,成功
平均值,3880.99,4.55929,70383.1,94.1667%
