文件名,解析时间(ms),内存使用(KB),AST节点数量,结果
/pub/data/jiafq/iscas/Parser_Comparison/../benchmarks/part39/non-incremental/QF_BV/VS3/VS3-benchmark-A10.smt2,79.7007,0,2467,成功
/pub/data/jiafq/iscas/Parser_Comparison/../benchmarks/part39/non-incremental/QF_BV/VS3/VS3-benchmark-A11.smt2,76.107,0,2406,成功
/pub/data/jiafq/iscas/Parser_Comparison/../benchmarks/part39/non-incremental/QF_BV/VS3/VS3-benchmark-A12.smt2,71.9604,0,2467,成功
/pub/data/jiafq/iscas/Parser_Comparison/../benchmarks/part39/non-incremental/QF_BV/VS3/VS3-benchmark-A13.smt2,89.7146,212,2821,成功
/pub/data/jiafq/iscas/Parser_Comparison/../benchmarks/part39/non-incremental/QF_BV/VS3/VS3-benchmark-A6.smt2,66.6875,0,2244,成功
/pub/data/jiafq/iscas/Parser_Comparison/../benchmarks/part39/non-incremental/QF_BV/VS3/VS3-benchmark-A7.smt2,67.2521,220,2323,成功
/pub/data/jiafq/iscas/Parser_Comparison/../benchmarks/part39/non-incremental/QF_BV/VS3/VS3-benchmark-A8.smt2,78.577,0,2635,成功
/pub/data/jiafq/iscas/Parser_Comparison/../benchmarks/part39/non-incremental/QF_BV/VS3/VS3-benchmark-A9.smt2,73.5361,0,2428,成功
/pub/data/jiafq/iscas/Parser_Comparison/../benchmarks/part39/non-incremental/QF_BV/VS3/VS3-benchmark-S1.smt2,175.557,0,2895,成功
/pub/data/jiafq/iscas/Parser_Comparison/../benchmarks/part39/non-incremental/QF_BV/VS3/VS3-benchmark-S2.smt2,155.321,0,2505,成功
/pub/data/jiafq/iscas/Parser_Comparison/../benchmarks/part39/non-incremental/QF_BV/VS3/VS3-benchmark-S3.smt2,4433.33,0,67329,成功
/pub/data/jiafq/iscas/Parser_Comparison/../benchmarks/part39/non-incremental/QF_BV/stp_samples/run_03230.trace.cond_028964_0x4183dc_00.smt2,81.5516,0,3021,成功
/pub/data/jiafq/iscas/Parser_Comparison/../benchmarks/part39/non-incremental/QF_BV/stp_samples/run_03230.trace.cond_028966_0x4183e1_00.smt2,80.8252,0,3033,成功
/pub/data/jiafq/iscas/Parser_Comparison/../benchmarks/part39/non-incremental/QF_BV/stp_samples/run_03230.trace.cond_028975_0x4183c4_00.smt2,89.6595,0,3049,成功
/pub/data/jiafq/iscas/Parser_Comparison/../benchmarks/part39/non-incremental/QF_BV/stp_samples/run_03230.trace.cond_028978_0x4183c8_00.smt2,79.9826,0,3057,成功
/pub/data/jiafq/iscas/Parser_Comparison/../benchmarks/part39/non-incremental/QF_BV/stp_samples/run_03230.trace.cond_028980_0x4183cd_00.smt2,81.0332,0,3065,成功
/pub/data/jiafq/iscas/Parser_Comparison/../benchmarks/part39/non-incremental/QF_BV/stp_samples/run_03230.trace.cond_028982_0x4183d2_00.smt2,80.2331,0,3073,成功
/pub/data/jiafq/iscas/Parser_Comparison/../benchmarks/part39/non-incremental/QF_BV/stp_samples/run_03230.trace.cond_028984_0x4183d7_00.smt2,80.5805,0,3081,成功
/pub/data/jiafq/iscas/Parser_Comparison/../benchmarks/part39/non-incremental/QF_BV/stp_samples/run_03230.trace.cond_028986_0x4183dc_00.smt2,83.966,0,3089,成功
/pub/data/jiafq/iscas/Parser_Comparison/../benchmarks/part39/non-incremental/QF_BV/stp_samples/run_03230.trace.cond_028988_0x4183e1_00.smt2,80.6805,0,3101,成功
/pub/data/jiafq/iscas/Parser_Comparison/../benchmarks/part39/non-incremental/QF_BV/stp_samples/run_03230.trace.cond_028997_0x4183c4_00.smt2,90.1197,0,3117,成功
/pub/data/jiafq/iscas/Parser_Comparison/../benchmarks/part39/non-incremental/QF_BV/stp_samples/run_03230.trace.cond_029000_0x4183c8_00.smt2,83.6187,0,3125,成功
/pub/data/jiafq/iscas/Parser_Comparison/../benchmarks/part39/non-incremental/QF_BV/stp_samples/run_03230.trace.cond_029002_0x4183cd_00.smt2,81.8645,0,3133,成功
/pub/data/jiafq/iscas/Parser_Comparison/../benchmarks/part39/non-incremental/QF_BV/stp_samples/run_03230.trace.cond_029004_0x4183d2_00.smt2,88.4464,0,3141,成功
/pub/data/jiafq/iscas/Parser_Comparison/../benchmarks/part39/non-incremental/QF_BV/stp_samples/run_03230.trace.cond_029006_0x4183d7_00.smt2,84.7912,0,3149,成功
/pub/data/jiafq/iscas/Parser_Comparison/../benchmarks/part39/non-incremental/QF_BV/stp_samples/run_03230.trace.cond_029008_0x4183dc_00.smt2,84.2377,0,3157,成功
/pub/data/jiafq/iscas/Parser_Comparison/../benchmarks/part39/non-incremental/QF_BV/stp_samples/run_03230.trace.cond_029010_0x4183e1_00.smt2,86.3484,0,3168,成功
/pub/data/jiafq/iscas/Parser_Comparison/../benchmarks/part39/non-incremental/QF_BV/stp_samples/run_03230.trace.cond_029012_0x4183e6_00.smt2,83.2102,0,3174,成功
/pub/data/jiafq/iscas/Parser_Comparison/../benchmarks/part39/non-incremental/QF_BV/stp_samples/run_03230.trace.cond_029021_0x4183c4_00.smt2,83.5775,0,3192,成功
/pub/data/jiafq/iscas/Parser_Comparison/../benchmarks/part39/non-incremental/QF_BV/stp_samples/run_03230.trace.cond_029024_0x4183c8_00.smt2,91.9226,0,3200,成功
/pub/data/jiafq/iscas/Parser_Comparison/../benchmarks/part39/non-incremental/QF_BV/stp_samples/run_03230.trace.cond_029026_0x4183cd_00.smt2,86.4694,224,3208,成功
/pub/data/jiafq/iscas/Parser_Comparison/../benchmarks/part39/non-incremental/QF_BV/stp_samples/run_03230.trace.cond_029028_0x4183d2_00.smt2,85.574,0,3216,成功
/pub/data/jiafq/iscas/Parser_Comparison/../benchmarks/part39/non-incremental/QF_BV/stp_samples/run_03230.trace.cond_029030_0x4183d7_00.smt2,88.1304,0,3224,成功
/pub/data/jiafq/iscas/Parser_Comparison/../benchmarks/part39/non-incremental/QF_BV/stp_samples/run_03230.trace.cond_029032_0x4183dc_00.smt2,83.6902,0,3232,成功
/pub/data/jiafq/iscas/Parser_Comparison/../benchmarks/part39/non-incremental/QF_BV/stp_samples/run_03230.trace.cond_029034_0x4183e1_00.smt2,86.2851,0,3244,成功
/pub/data/jiafq/iscas/Parser_Comparison/../benchmarks/part39/non-incremental/QF_BV/stp_samples/run_03230.trace.cond_029043_0x4183c4_00.smt2,86.2155,224,3260,成功
/pub/data/jiafq/iscas/Parser_Comparison/../benchmarks/part39/non-incremental/QF_BV/stp_samples/run_03230.trace.cond_029046_0x4183c8_00.smt2,85.5625,0,3268,成功
/pub/data/jiafq/iscas/Parser_Comparison/../benchmarks/part39/non-incremental/QF_BV/stp_samples/run_03230.trace.cond_029048_0x4183cd_00.smt2,89.237,0,3276,成功
/pub/data/jiafq/iscas/Parser_Comparison/../benchmarks/part39/non-incremental/QF_BV/stp_samples/run_03230.trace.cond_029050_0x4183d2_00.smt2,90.2418,0,3284,成功
/pub/data/jiafq/iscas/Parser_Comparison/../benchmarks/part39/non-incremental/QF_BV/stp_samples/run_03230.trace.cond_029052_0x4183d7_00.smt2,92.2788,0,3292,成功
/pub/data/jiafq/iscas/Parser_Comparison/../benchmarks/part39/non-incremental/QF_BV/stp_samples/run_03230.trace.cond_029054_0x4183dc_00.smt2,92.4729,0,3300,成功
/pub/data/jiafq/iscas/Parser_Comparison/../benchmarks/part39/non-incremental/QF_BV/stp_samples/run_03230.trace.cond_029056_0x4183e1_00.smt2,88.0184,0,3312,成功
/pub/data/jiafq/iscas/Parser_Comparison/../benchmarks/part39/non-incremental/QF_BV/stp_samples/run_03230.trace.cond_029065_0x4183c4_00.smt2,90.9671,0,3328,成功
/pub/data/jiafq/iscas/Parser_Comparison/../benchmarks/part39/non-incremental/QF_BV/stp_samples/run_03230.trace.cond_029068_0x4183c8_00.smt2,86.602,0,3336,成功
/pub/data/jiafq/iscas/Parser_Comparison/../benchmarks/part39/non-incremental/QF_BV/stp_samples/run_03230.trace.cond_029070_0x4183cd_00.smt2,89.4201,0,3344,成功
/pub/data/jiafq/iscas/Parser_Comparison/../benchmarks/part39/non-incremental/QF_BV/stp_samples/run_03230.trace.cond_029072_0x4183d2_00.smt2,92.4759,0,3352,成功
/pub/data/jiafq/iscas/Parser_Comparison/../benchmarks/part39/non-incremental/QF_BV/stp_samples/run_03230.trace.cond_029074_0x4183d7_00.smt2,87.9533,0,3360,成功
/pub/data/jiafq/iscas/Parser_Comparison/../benchmarks/part39/non-incremental/QF_BV/stp_samples/run_03230.trace.cond_029076_0x4183dc_00.smt2,90.6206,0,3368,成功
/pub/data/jiafq/iscas/Parser_Comparison/../benchmarks/part39/non-incremental/QF_BV/stp_samples/run_03230.trace.cond_029078_0x4183e1_00.smt2,89.8644,0,3380,成功
/pub/data/jiafq/iscas/Parser_Comparison/../benchmarks/part39/non-incremental/QF_BV/stp_samples/run_03230.trace.cond_029087_0x4183c4_00.smt2,92.0537,0,3396,成功
/pub/data/jiafq/iscas/Parser_Comparison/../benchmarks/part39/non-incremental/QF_BV/stp_samples/run_03230.trace.cond_029090_0x4183c8_00.smt2,87.0049,264,3404,成功
/pub/data/jiafq/iscas/Parser_Comparison/../benchmarks/part39/non-incremental/QF_BV/stp_samples/run_03230.trace.cond_029092_0x4183cd_00.smt2,94.2718,0,3412,成功
/pub/data/jiafq/iscas/Parser_Comparison/../benchmarks/part39/non-incremental/QF_BV/stp_samples/run_03230.trace.cond_029094_0x4183d2_00.smt2,87.9107,0,3420,成功
/pub/data/jiafq/iscas/Parser_Comparison/../benchmarks/part39/non-incremental/QF_BV/stp_samples/run_03230.trace.cond_029096_0x4183d7_00.smt2,91.2296,224,3428,成功
/pub/data/jiafq/iscas/Parser_Comparison/../benchmarks/part39/non-incremental/QF_BV/stp_samples/run_03230.trace.cond_029098_0x4183dc_00.smt2,89.1058,0,3436,成功
/pub/data/jiafq/iscas/Parser_Comparison/../benchmarks/part39/non-incremental/QF_BV/stp_samples/run_03230.trace.cond_029100_0x4183e1_00.smt2,91.3868,0,3447,成功
/pub/data/jiafq/iscas/Parser_Comparison/../benchmarks/part39/non-incremental/QF_BV/stp_samples/run_03230.trace.cond_029102_0x4183e6_00.smt2,91.5306,0,3453,成功
/pub/data/jiafq/iscas/Parser_Comparison/../benchmarks/part39/non-incremental/QF_BV/stp_samples/run_03230.trace.cond_029111_0x4183c4_00.smt2,98.4783,0,3471,成功
/pub/data/jiafq/iscas/Parser_Comparison/../benchmarks/part39/non-incremental/QF_BV/stp_samples/run_03230.trace.cond_029114_0x4183c8_00.smt2,96.1202,0,3479,成功
/pub/data/jiafq/iscas/Parser_Comparison/../benchmarks/part39/non-incremental/QF_BV/stp_samples/run_03230.trace.cond_029116_0x4183cd_00.smt2,89.2176,0,3487,成功
/pub/data/jiafq/iscas/Parser_Comparison/../benchmarks/part39/non-incremental/QF_BV/stp_samples/run_03230.trace.cond_029118_0x4183d2_00.smt2,93.2149,0,3495,成功
/pub/data/jiafq/iscas/Parser_Comparison/../benchmarks/part39/non-incremental/QF_BV/stp_samples/run_03230.trace.cond_029120_0x4183d7_00.smt2,90.9634,0,3503,成功
/pub/data/jiafq/iscas/Parser_Comparison/../benchmarks/part39/non-incremental/QF_BV/stp_samples/run_03230.trace.cond_029122_0x4183dc_00.smt2,98.31,0,3511,成功
/pub/data/jiafq/iscas/Parser_Comparison/../benchmarks/part39/non-incremental/QF_BV/stp_samples/run_03230.trace.cond_029124_0x4183e1_00.smt2,91.4883,0,3523,成功
/pub/data/jiafq/iscas/Parser_Comparison/../benchmarks/part39/non-incremental/QF_BV/stp_samples/run_03230.trace.cond_029133_0x4183c4_00.smt2,94.002,0,3539,成功
/pub/data/jiafq/iscas/Parser_Comparison/../benchmarks/part39/non-incremental/QF_BV/stp_samples/run_03230.trace.cond_029136_0x4183c8_00.smt2,91.809,0,3547,成功
/pub/data/jiafq/iscas/Parser_Comparison/../benchmarks/part39/non-incremental/QF_BV/stp_samples/run_03230.trace.cond_029138_0x4183cd_00.smt2,95.6671,0,3555,成功
/pub/data/jiafq/iscas/Parser_Comparison/../benchmarks/part39/non-incremental/QF_BV/stp_samples/run_03230.trace.cond_029140_0x4183d2_00.smt2,92.0755,0,3563,成功
/pub/data/jiafq/iscas/Parser_Comparison/../benchmarks/part39/non-incremental/QF_BV/stp_samples/run_03230.trace.cond_029142_0x4183d7_00.smt2,91.4789,236,3571,成功
/pub/data/jiafq/iscas/Parser_Comparison/../benchmarks/part39/non-incremental/QF_BV/stp_samples/run_03230.trace.cond_029144_0x4183dc_00.smt2,97.704,0,3579,成功
/pub/data/jiafq/iscas/Parser_Comparison/../benchmarks/part39/non-incremental/QF_BV/stp_samples/run_03230.trace.cond_029146_0x4183e1_00.smt2,94.9328,224,3591,成功
/pub/data/jiafq/iscas/Parser_Comparison/../benchmarks/part39/non-incremental/QF_BV/stp_samples/run_03230.trace.cond_029155_0x4183c4_00.smt2,93.9069,0,3607,成功
/pub/data/jiafq/iscas/Parser_Comparison/../benchmarks/part39/non-incremental/QF_BV/stp_samples/run_03230.trace.cond_029158_0x4183c8_00.smt2,94.1322,0,3615,成功
/pub/data/jiafq/iscas/Parser_Comparison/../benchmarks/part39/non-incremental/QF_BV/stp_samples/run_03230.trace.cond_029160_0x4183cd_00.smt2,94.3603,0,3623,成功
/pub/data/jiafq/iscas/Parser_Comparison/../benchmarks/part39/non-incremental/QF_BV/stp_samples/run_03230.trace.cond_029162_0x4183d2_00.smt2,93.1214,0,3631,成功
/pub/data/jiafq/iscas/Parser_Comparison/../benchmarks/part39/non-incremental/QF_BV/stp_samples/run_03230.trace.cond_029164_0x4183d7_00.smt2,101.649,0,3639,成功
/pub/data/jiafq/iscas/Parser_Comparison/../benchmarks/part39/non-incremental/QF_BV/stp_samples/run_03230.trace.cond_029166_0x4183dc_00.smt2,97.4767,0,3647,成功
/pub/data/jiafq/iscas/Parser_Comparison/../benchmarks/part39/non-incremental/QF_BV/stp_samples/run_03230.trace.cond_029168_0x4183e1_00.smt2,97.7062,220,3659,成功
/pub/data/jiafq/iscas/Parser_Comparison/../benchmarks/part39/non-incremental/QF_BV/stp_samples/run_03230.trace.cond_029177_0x4183c4_00.smt2,94.0391,0,3675,成功
/pub/data/jiafq/iscas/Parser_Comparison/../benchmarks/part39/non-incremental/QF_BV/stp_samples/run_03230.trace.cond_029180_0x4183c8_00.smt2,99.4091,0,3683,成功
/pub/data/jiafq/iscas/Parser_Comparison/../benchmarks/part39/non-incremental/QF_BV/stp_samples/run_03230.trace.cond_029182_0x4183cd_00.smt2,96.0885,0,3691,成功
/pub/data/jiafq/iscas/Parser_Comparison/../benchmarks/part39/non-incremental/QF_BV/stp_samples/run_03230.trace.cond_029184_0x4183d2_00.smt2,97.1012,228,3699,成功
/pub/data/jiafq/iscas/Parser_Comparison/../benchmarks/part39/non-incremental/QF_BV/stp_samples/run_03230.trace.cond_029186_0x4183d7_00.smt2,96.2205,224,3707,成功
/pub/data/jiafq/iscas/Parser_Comparison/../benchmarks/part39/non-incremental/QF_BV/stp_samples/run_03230.trace.cond_029188_0x4183dc_00.smt2,97.6169,0,3715,成功
/pub/data/jiafq/iscas/Parser_Comparison/../benchmarks/part39/non-incremental/QF_BV/stp_samples/run_03230.trace.cond_029190_0x4183e1_00.smt2,95.905,0,3726,成功
/pub/data/jiafq/iscas/Parser_Comparison/../benchmarks/part39/non-incremental/QF_BV/stp_samples/run_03230.trace.cond_029192_0x4183e6_00.smt2,95.007,0,3732,成功
/pub/data/jiafq/iscas/Parser_Comparison/../benchmarks/part39/non-incremental/QF_BV/stp_samples/run_03230.trace.cond_029201_0x4183c4_00.smt2,97.5237,0,3750,成功
/pub/data/jiafq/iscas/Parser_Comparison/../benchmarks/part39/non-incremental/QF_BV/stp_samples/run_03230.trace.cond_029204_0x4183c8_00.smt2,94.764,0,3758,成功
/pub/data/jiafq/iscas/Parser_Comparison/../benchmarks/part39/non-incremental/QF_BV/stp_samples/run_03230.trace.cond_029206_0x4183cd_00.smt2,103.942,0,3766,成功
/pub/data/jiafq/iscas/Parser_Comparison/../benchmarks/part39/non-incremental/QF_BV/stp_samples/run_03230.trace.cond_029208_0x4183d2_00.smt2,97.1764,0,3774,成功
/pub/data/jiafq/iscas/Parser_Comparison/../benchmarks/part39/non-incremental/QF_BV/stp_samples/run_03230.trace.cond_029210_0x4183d7_00.smt2,104.667,0,3782,成功
/pub/data/jiafq/iscas/Parser_Comparison/../benchmarks/part39/non-incremental/QF_BV/stp_samples/run_03230.trace.cond_029212_0x4183dc_00.smt2,97.5138,0,3790,成功
/pub/data/jiafq/iscas/Parser_Comparison/../benchmarks/part39/non-incremental/QF_BV/stp_samples/run_03230.trace.cond_029214_0x4183e1_00.smt2,101.077,0,3801,成功
/pub/data/jiafq/iscas/Parser_Comparison/../benchmarks/part39/non-incremental/QF_BV/stp_samples/run_03230.trace.cond_029216_0x4183e6_00.smt2,103.586,0,3807,成功
/pub/data/jiafq/iscas/Parser_Comparison/../benchmarks/part39/non-incremental/QF_BV/stp_samples/run_03230.trace.cond_029225_0x4183c4_00.smt2,103.017,0,3825,成功
/pub/data/jiafq/iscas/Parser_Comparison/../benchmarks/part39/non-incremental/QF_BV/stp_samples/run_03230.trace.cond_029228_0x4183c8_00.smt2,107.261,0,3833,成功
/pub/data/jiafq/iscas/Parser_Comparison/../benchmarks/part39/non-incremental/QF_BV/stp_samples/run_03230.trace.cond_029230_0x4183cd_00.smt2,100.678,0,3841,成功
/pub/data/jiafq/iscas/Parser_Comparison/../benchmarks/part39/non-incremental/QF_BV/stp_samples/run_03230.trace.cond_029232_0x4183d2_00.smt2,104.916,0,3849,成功
/pub/data/jiafq/iscas/Parser_Comparison/../benchmarks/part39/non-incremental/QF_BV/stp_samples/run_03230.trace.cond_029234_0x4183d7_00.smt2,102.993,0,3857,成功
/pub/data/jiafq/iscas/Parser_Comparison/../benchmarks/part39/non-incremental/QF_BV/stp_samples/run_03230.trace.cond_029236_0x4183dc_00.smt2,101.792,0,3865,成功
/pub/data/jiafq/iscas/Parser_Comparison/../benchmarks/part39/non-incremental/QF_BV/stp_samples/run_03230.trace.cond_029238_0x4183e1_00.smt2,110.353,0,3876,成功
/pub/data/jiafq/iscas/Parser_Comparison/../benchmarks/part39/non-incremental/QF_BV/stp_samples/run_03230.trace.cond_029240_0x4183e6_00.smt2,100.869,0,3883,成功
/pub/data/jiafq/iscas/Parser_Comparison/../benchmarks/part39/non-incremental/QF_BV/stp_samples/run_03230.trace.cond_030257_0x4181f2_00.smt2,101.709,0,3895,成功
/pub/data/jiafq/iscas/Parser_Comparison/../benchmarks/part39/non-incremental/QF_BV/stp_samples/run_03230.trace.cond_030264_0x41821d_00.smt2,105.173,0,3908,成功
/pub/data/jiafq/iscas/Parser_Comparison/../benchmarks/part39/non-incremental/QF_BV/stp_samples/run_03230.trace.cond_030272_0x4181f2_00.smt2,100.47,224,3909,成功
/pub/data/jiafq/iscas/Parser_Comparison/../benchmarks/part39/non-incremental/QF_BV/stp_samples/run_03230.trace.cond_030279_0x41821d_00.smt2,104.28,0,3910,成功
/pub/data/jiafq/iscas/Parser_Comparison/../benchmarks/part39/non-incremental/QF_BV/stp_samples/run_03230.trace.cond_030287_0x4181f2_00.smt2,100.957,0,3911,成功
/pub/data/jiafq/iscas/Parser_Comparison/../benchmarks/part39/non-incremental/QF_BV/stp_samples/run_03230.trace.cond_030294_0x41821d_00.smt2,102.648,0,3912,成功
/pub/data/jiafq/iscas/Parser_Comparison/../benchmarks/part39/non-incremental/QF_BV/stp_samples/run_03230.trace.cond_030302_0x4181f2_00.smt2,100.505,0,3912,成功
/pub/data/jiafq/iscas/Parser_Comparison/../benchmarks/part39/non-incremental/QF_BV/stp_samples/run_03230.trace.cond_030304_0x4181f7_00.smt2,103.269,0,3913,成功
/pub/data/jiafq/iscas/Parser_Comparison/../benchmarks/part39/non-incremental/QF_BV/stp_samples/run_03230.trace.cond_030313_0x41821d_00.smt2,108.31,0,3915,成功
/pub/data/jiafq/iscas/Parser_Comparison/../benchmarks/part39/non-incremental/QF_BV/stp_samples/run_03230.trace.cond_030321_0x4181f2_00.smt2,103.902,0,3916,成功
/pub/data/jiafq/iscas/Parser_Comparison/../benchmarks/part39/non-incremental/QF_BV/stp_samples/run_03230.trace.cond_030328_0x41821d_00.smt2,100.166,0,3917,成功
/pub/data/jiafq/iscas/Parser_Comparison/../benchmarks/part39/non-incremental/QF_BV/stp_samples/run_03230.trace.cond_030336_0x4181f2_00.smt2,101.788,0,3918,成功
/pub/data/jiafq/iscas/Parser_Comparison/../benchmarks/part39/non-incremental/QF_BV/stp_samples/run_03230.trace.cond_030343_0x41821d_00.smt2,102.462,0,3919,成功
/pub/data/jiafq/iscas/Parser_Comparison/../benchmarks/part39/non-incremental/QF_BV/stp_samples/run_03230.trace.cond_030351_0x4181f2_00.smt2,104.816,0,3920,成功
/pub/data/jiafq/iscas/Parser_Comparison/../benchmarks/part39/non-incremental/QF_BV/stp_samples/run_03230.trace.cond_030358_0x41821d_00.smt2,108.87,0,3921,成功
/pub/data/jiafq/iscas/Parser_Comparison/../benchmarks/part39/non-incremental/QF_BV/stp_samples/run_03230.trace.cond_030366_0x4181f2_00.smt2,103.34,0,3921,成功
/pub/data/jiafq/iscas/Parser_Comparison/../benchmarks/part39/non-incremental/QF_BV/stp_samples/run_03230.trace.cond_030368_0x4181f7_00.smt2,100.934,0,3922,成功
/pub/data/jiafq/iscas/Parser_Comparison/../benchmarks/part39/non-incremental/QF_BV/stp_samples/run_03230.trace.cond_030377_0x41821d_00.smt2,102.284,0,3924,成功
/pub/data/jiafq/iscas/Parser_Comparison/../benchmarks/part39/non-incremental/QF_BV/stp_samples/run_03230.trace.cond_030385_0x4181f2_00.smt2,100.633,0,3925,成功
/pub/data/jiafq/iscas/Parser_Comparison/../benchmarks/part39/non-incremental/QF_BV/stp_samples/run_03230.trace.cond_030392_0x41821d_00.smt2,101.837,0,3926,成功
/pub/data/jiafq/iscas/Parser_Comparison/../benchmarks/part39/non-incremental/QF_BV/stp_samples/run_03230.trace.cond_030400_0x4181f2_00.smt2,100.356,0,3927,成功
/pub/data/jiafq/iscas/Parser_Comparison/../benchmarks/part39/non-incremental/QF_BV/stp_samples/run_03230.trace.cond_030407_0x41821d_00.smt2,101.006,0,3928,成功
/pub/data/jiafq/iscas/Parser_Comparison/../benchmarks/part39/non-incremental/QF_BV/stp_samples/run_03230.trace.cond_030415_0x4181f2_00.smt2,102.373,0,3929,成功
/pub/data/jiafq/iscas/Parser_Comparison/../benchmarks/part39/non-incremental/QF_BV/stp_samples/run_03230.trace.cond_030422_0x41821d_00.smt2,102.299,0,3930,成功
/pub/data/jiafq/iscas/Parser_Comparison/../benchmarks/part39/non-incremental/QF_BV/stp_samples/run_03230.trace.cond_030430_0x4181f2_00.smt2,109.334,224,3930,成功
/pub/data/jiafq/iscas/Parser_Comparison/../benchmarks/part39/non-incremental/QF_BV/stp_samples/run_03230.trace.cond_030432_0x4181f7_00.smt2,105.621,0,3931,成功
/pub/data/jiafq/iscas/Parser_Comparison/../benchmarks/part39/non-incremental/QF_BV/stp_samples/run_03230.trace.cond_030441_0x41821d_00.smt2,101.042,0,3933,成功
/pub/data/jiafq/iscas/Parser_Comparison/../benchmarks/part39/non-incremental/QF_BV/stp_samples/run_03230.trace.cond_030449_0x4181f2_00.smt2,100.717,0,3934,成功
/pub/data/jiafq/iscas/Parser_Comparison/../benchmarks/part39/non-incremental/QF_BV/stp_samples/run_03230.trace.cond_030456_0x41821d_00.smt2,105.025,0,3935,成功
/pub/data/jiafq/iscas/Parser_Comparison/../benchmarks/part39/non-incremental/QF_BV/stp_samples/run_03230.trace.cond_030464_0x4181f2_00.smt2,101.042,0,3936,成功
/pub/data/jiafq/iscas/Parser_Comparison/../benchmarks/part39/non-incremental/QF_BV/stp_samples/run_03230.trace.cond_030471_0x41821d_00.smt2,102.062,0,3937,成功
/pub/data/jiafq/iscas/Parser_Comparison/../benchmarks/part39/non-incremental/QF_BV/stp_samples/run_03230.trace.cond_030479_0x4181f2_00.smt2,103.119,220,3938,成功
/pub/data/jiafq/iscas/Parser_Comparison/../benchmarks/part39/non-incremental/QF_BV/stp_samples/run_03230.trace.cond_030486_0x41821d_00.smt2,105.26,0,3939,成功
/pub/data/jiafq/iscas/Parser_Comparison/../benchmarks/part39/non-incremental/QF_BV/stp_samples/run_03230.trace.cond_030494_0x4181f2_00.smt2,101.955,0,3939,成功
/pub/data/jiafq/iscas/Parser_Comparison/../benchmarks/part39/non-incremental/QF_BV/stp_samples/run_03230.trace.cond_030496_0x4181f7_00.smt2,102.478,0,3940,成功
/pub/data/jiafq/iscas/Parser_Comparison/../benchmarks/part39/non-incremental/QF_BV/tacas07/BBB-32.smt2,18.2482,0,1,成功
/pub/data/jiafq/iscas/Parser_Comparison/../benchmarks/part39/non-incremental/QF_BV/tacas07/Y86_btnft.smt2,6.69541,0,1,成功
/pub/data/jiafq/iscas/Parser_Comparison/../benchmarks/part39/non-incremental/QF_BV/tacas07/Y86_std.smt2,2.70754,0,1,成功
/pub/data/jiafq/iscas/Parser_Comparison/../benchmarks/part39/non-incremental/QF_BV/tacas07/rfunit_flat-64.smt2,29.4275,0,1,成功
/pub/data/jiafq/iscas/Parser_Comparison/../benchmarks/part39/non-incremental/QF_BV/tacas07/s-40-50-bv.smt2,2.09186,0,1,成功
/pub/data/jiafq/iscas/Parser_Comparison/../benchmarks/part39/non-incremental/QF_BV/uclid/catchconv/catchconv-15803.smt2,1235.88,0,1,成功
/pub/data/jiafq/iscas/Parser_Comparison/../benchmarks/part39/non-incremental/QF_BV/uclid/catchconv/convert-jpg2gif-query-1139.smt2,455.915,0,22572,成功
/pub/data/jiafq/iscas/Parser_Comparison/../benchmarks/part39/non-incremental/QF_BV/uclid/catchconv/convert-jpg2gif-query-1140.smt2,457.877,0,22578,成功
/pub/data/jiafq/iscas/Parser_Comparison/../benchmarks/part39/non-incremental/QF_BV/uclid/catchconv/convert-jpg2gif-query-1141.smt2,460.38,0,22605,成功
/pub/data/jiafq/iscas/Parser_Comparison/../benchmarks/part39/non-incremental/QF_BV/uclid/catchconv/convert-jpg2gif-query-1142.smt2,472.352,0,22893,成功
/pub/data/jiafq/iscas/Parser_Comparison/../benchmarks/part39/non-incremental/QF_BV/uclid/catchconv/convert-jpg2gif-query-1143.smt2,474.604,0,22912,成功
/pub/data/jiafq/iscas/Parser_Comparison/../benchmarks/part39/non-incremental/QF_BV/uclid/catchconv/convert-jpg2gif-query-1144.smt2,482.465,0,22956,成功
/pub/data/jiafq/iscas/Parser_Comparison/../benchmarks/part39/non-incremental/QF_BV/uclid/catchconv/convert-jpg2gif-query-1145.smt2,466.357,220,22968,成功
/pub/data/jiafq/iscas/Parser_Comparison/../benchmarks/part39/non-incremental/QF_BV/uclid/catchconv/convert-jpg2gif-query-1146.smt2,490.311,0,23024,成功
/pub/data/jiafq/iscas/Parser_Comparison/../benchmarks/part39/non-incremental/QF_BV/uclid/catchconv/convert-jpg2gif-query-1147.smt2,482.764,0,23266,成功
/pub/data/jiafq/iscas/Parser_Comparison/../benchmarks/part39/non-incremental/QF_BV/uclid/catchconv/convert-jpg2gif-query-1148.smt2,489.086,228,23293,成功
/pub/data/jiafq/iscas/Parser_Comparison/../benchmarks/part39/non-incremental/QF_BV/uclid/catchconv/convert-jpg2gif-query-1149.smt2,487.105,0,23346,成功
/pub/data/jiafq/iscas/Parser_Comparison/../benchmarks/part39/non-incremental/QF_BV/uclid/catchconv/convert-jpg2gif-query-1150.smt2,476.088,0,23395,成功
/pub/data/jiafq/iscas/Parser_Comparison/../benchmarks/part39/non-incremental/QF_BV/uclid/catchconv/convert-jpg2gif-query-1151.smt2,484.738,0,23401,成功
/pub/data/jiafq/iscas/Parser_Comparison/../benchmarks/part39/non-incremental/QF_BV/uclid/catchconv/convert-jpg2gif-query-1152.smt2,491.721,0,23428,成功
/pub/data/jiafq/iscas/Parser_Comparison/../benchmarks/part39/non-incremental/QF_BV/uclid/catchconv/convert-jpg2gif-query-1153.smt2,486.22,0,23707,成功
/pub/data/jiafq/iscas/Parser_Comparison/../benchmarks/part39/non-incremental/QF_BV/uclid/catchconv/convert-jpg2gif-query-1154.smt2,498.247,0,23730,成功
/pub/data/jiafq/iscas/Parser_Comparison/../benchmarks/part39/non-incremental/QF_BV/uclid/catchconv/convert-jpg2gif-query-1155.smt2,501.267,0,23773,成功
/pub/data/jiafq/iscas/Parser_Comparison/../benchmarks/part39/non-incremental/QF_BV/uclid/catchconv/convert-jpg2gif-query-1156.smt2,484.661,0,23785,成功
/pub/data/jiafq/iscas/Parser_Comparison/../benchmarks/part39/non-incremental/QF_BV/uclid/catchconv/convert-jpg2gif-query-1157.smt2,499.367,0,23830,成功
/pub/data/jiafq/iscas/Parser_Comparison/../benchmarks/part39/non-incremental/QF_BV/uclid/catchconv/convert-jpg2gif-query-1158.smt2,502.192,0,24085,成功
/pub/data/jiafq/iscas/Parser_Comparison/../benchmarks/part39/non-incremental/QF_BV/uclid/catchconv/convert-jpg2gif-query-1159.smt2,489.873,0,24153,成功
/pub/data/jiafq/iscas/Parser_Comparison/../benchmarks/part39/non-incremental/QF_BV/uclid/catchconv/convert-jpg2gif-query-1160.smt2,503.52,0,24165,成功
/pub/data/jiafq/iscas/Parser_Comparison/../benchmarks/part39/non-incremental/QF_BV/uclid/catchconv/convert-jpg2gif-query-1161.smt2,494.93,0,24216,成功
/pub/data/jiafq/iscas/Parser_Comparison/../benchmarks/part39/non-incremental/QF_BV/uclid/catchconv/convert-jpg2gif-query-1162.smt2,478.754,0,24222,成功
/pub/data/jiafq/iscas/Parser_Comparison/../benchmarks/part39/non-incremental/QF_BV/uclid/catchconv/convert-jpg2gif-query-1163.smt2,503.456,0,24247,成功
/pub/data/jiafq/iscas/Parser_Comparison/../benchmarks/part39/non-incremental/QF_BV/uclid/catchconv/convert-jpg2gif-query-1164.smt2,538.219,0,24539,成功
/pub/data/jiafq/iscas/Parser_Comparison/../benchmarks/part39/non-incremental/QF_BV/uclid/catchconv/convert-jpg2gif-query-1165.smt2,502.17,0,24566,成功
/pub/data/jiafq/iscas/Parser_Comparison/../benchmarks/part39/non-incremental/QF_BV/uclid/catchconv/convert-jpg2gif-query-1166.smt2,503.412,0,24583,成功
/pub/data/jiafq/iscas/Parser_Comparison/../benchmarks/part39/non-incremental/QF_BV/uclid/catchconv/convert-jpg2gif-query-1167.smt2,512.955,0,24625,成功
/pub/data/jiafq/iscas/Parser_Comparison/../benchmarks/part39/non-incremental/QF_BV/uclid/catchconv/convert-jpg2gif-query-1168.smt2,495.764,0,24637,成功
/pub/data/jiafq/iscas/Parser_Comparison/../benchmarks/part39/non-incremental/QF_BV/uclid/catchconv/convert-jpg2gif-query-1169.smt2,526.837,0,24682,成功
/pub/data/jiafq/iscas/Parser_Comparison/../benchmarks/part39/non-incremental/QF_BV/uclid/catchconv/convert-jpg2gif-query-1170.smt2,508.165,0,24940,成功
/pub/data/jiafq/iscas/Parser_Comparison/../benchmarks/part39/non-incremental/QF_BV/uclid/catchconv/convert-jpg2gif-query-1171.smt2,493.887,0,24962,成功
/pub/data/jiafq/iscas/Parser_Comparison/../benchmarks/part39/non-incremental/QF_BV/uclid/catchconv/convert-jpg2gif-query-1172.smt2,514.285,0,25004,成功
/pub/data/jiafq/iscas/Parser_Comparison/../benchmarks/part39/non-incremental/QF_BV/uclid/catchconv/convert-jpg2gif-query-1173.smt2,508.019,0,25051,成功
/pub/data/jiafq/iscas/Parser_Comparison/../benchmarks/part39/non-incremental/QF_BV/uclid/catchconv/convert-jpg2gif-query-1174.smt2,540.198,0,25325,成功
/pub/data/jiafq/iscas/Parser_Comparison/../benchmarks/part39/non-incremental/QF_BV/uclid/catchconv/convert-jpg2gif-query-1175.smt2,518.062,0,25334,成功
/pub/data/jiafq/iscas/Parser_Comparison/../benchmarks/part39/non-incremental/QF_BV/uclid/catchconv/convert-jpg2gif-query-1176.smt2,525.857,0,25350,成功
/pub/data/jiafq/iscas/Parser_Comparison/../benchmarks/part39/non-incremental/QF_BV/uclid/catchconv/convert-jpg2gif-query-1177.smt2,540.706,0,25632,成功
/pub/data/jiafq/iscas/Parser_Comparison/../benchmarks/part39/non-incremental/QF_BV/uclid/catchconv/convert-jpg2gif-query-1178.smt2,526.067,0,26057,成功
/pub/data/jiafq/iscas/Parser_Comparison/../benchmarks/part39/non-incremental/QF_BV/uclid/catchconv/convert-jpg2gif-query-1179.smt2,541.209,0,26480,成功
/pub/data/jiafq/iscas/Parser_Comparison/../benchmarks/part39/non-incremental/QF_BV/uclid/catchconv/convert-jpg2gif-query-1180.smt2,557.938,0,26903,成功
/pub/data/jiafq/iscas/Parser_Comparison/../benchmarks/part39/non-incremental/QF_BV/uclid/catchconv/convert-jpg2gif-query-1181.smt2,553.039,0,27326,成功
/pub/data/jiafq/iscas/Parser_Comparison/../benchmarks/part39/non-incremental/QF_BV/uclid/catchconv/convert-jpg2gif-query-1182.smt2,582.942,0,27749,成功
/pub/data/jiafq/iscas/Parser_Comparison/../benchmarks/part39/non-incremental/QF_BV/uclid/catchconv/convert-jpg2gif-query-1183.smt2,562.448,0,28172,成功
/pub/data/jiafq/iscas/Parser_Comparison/../benchmarks/part39/non-incremental/QF_BV/uclid/catchconv/convert-jpg2gif-query-1184.smt2,584.409,0,28595,成功
/pub/data/jiafq/iscas/Parser_Comparison/../benchmarks/part39/non-incremental/QF_BV/uclid/catchconv/convert-jpg2gif-query-1185.smt2,594.093,0,29135,成功
/pub/data/jiafq/iscas/Parser_Comparison/../benchmarks/part39/non-incremental/QF_BV/uclid/catchconv/convert-jpg2gif-query-1188.smt2,610.665,0,29352,成功
/pub/data/jiafq/iscas/Parser_Comparison/../benchmarks/part39/non-incremental/QF_BV/uclid/catchconv/convert-jpg2gif-query-1189.smt2,593.718,0,29400,成功
/pub/data/jiafq/iscas/Parser_Comparison/../benchmarks/part39/non-incremental/QF_BV/uclid/catchconv/convert-jpg2gif-query-1190.smt2,601.569,0,29435,成功
/pub/data/jiafq/iscas/Parser_Comparison/../benchmarks/part39/non-incremental/QF_BV/uclid/catchconv/convert-jpg2gif-query-1191.smt2,595.051,0,29470,成功
/pub/data/jiafq/iscas/Parser_Comparison/../benchmarks/part39/non-incremental/QF_BV/uclid/catchconv/convert-jpg2gif-query-1192.smt2,605.916,0,29475,成功
/pub/data/jiafq/iscas/Parser_Comparison/../benchmarks/part39/non-incremental/QF_BV/uclid/catchconv/convert-jpg2gif-query-1193.smt2,620.927,0,29537,成功
/pub/data/jiafq/iscas/Parser_Comparison/../benchmarks/part39/non-incremental/QF_BV/uclid/catchconv/convert-jpg2gif-query-1194.smt2,594.447,0,29572,成功
/pub/data/jiafq/iscas/Parser_Comparison/../benchmarks/part39/non-incremental/QF_BV/uclid/catchconv/convert-jpg2gif-query-1195.smt2,618.414,0,29607,成功
/pub/data/jiafq/iscas/Parser_Comparison/../benchmarks/part39/non-incremental/QF_BV/uclid/catchconv/convert-jpg2gif-query-1196.smt2,605.829,0,29612,成功
/pub/data/jiafq/iscas/Parser_Comparison/../benchmarks/part39/non-incremental/QF_BV/uclid/catchconv/convert-jpg2gif-query-1197.smt2,602.276,0,29665,成功
/pub/data/jiafq/iscas/Parser_Comparison/../benchmarks/part39/non-incremental/QF_BV/uclid/catchconv/convert-jpg2gif-query-1198.smt2,603.43,0,29700,成功
/pub/data/jiafq/iscas/Parser_Comparison/../benchmarks/part39/non-incremental/QF_BV/uclid/catchconv/convert-jpg2gif-query-1199.smt2,602.666,0,29735,成功
/pub/data/jiafq/iscas/Parser_Comparison/../benchmarks/part39/non-incremental/QF_BV/uclid/catchconv/convert-jpg2gif-query-1200.smt2,621.753,0,29770,成功
/pub/data/jiafq/iscas/Parser_Comparison/../benchmarks/part39/non-incremental/QF_BV/uclid/catchconv/convert-jpg2gif-query-1201.smt2,598.29,0,29775,成功
/pub/data/jiafq/iscas/Parser_Comparison/../benchmarks/part39/non-incremental/QF_BV/uclid/catchconv/convert-jpg2gif-query-1202.smt2,578.305,0,29828,成功
/pub/data/jiafq/iscas/Parser_Comparison/../benchmarks/part39/non-incremental/QF_BV/uclid/catchconv/convert-jpg2gif-query-1203.smt2,605.949,0,29833,成功
/pub/data/jiafq/iscas/Parser_Comparison/../benchmarks/part39/non-incremental/QF_BV/uclid/catchconv/convert-jpg2gif-query-1204.smt2,592.385,0,29871,成功
/pub/data/jiafq/iscas/Parser_Comparison/../benchmarks/part39/non-incremental/QF_BV/uclid/catchconv/convert-jpg2gif-query-1205.smt2,620.723,0,29891,成功
/pub/data/jiafq/iscas/Parser_Comparison/../benchmarks/part39/non-incremental/QF_BV/uclid/catchconv/convert-jpg2gif-query-1206.smt2,609.333,0,29911,成功
/pub/data/jiafq/iscas/Parser_Comparison/../benchmarks/part39/non-incremental/QF_BV/uclid/catchconv/convert-jpg2gif-query-1207.smt2,621.168,0,29931,成功
/pub/data/jiafq/iscas/Parser_Comparison/../benchmarks/part39/non-incremental/QF_BV/uclid/catchconv/convert-jpg2gif-query-1208.smt2,611.93,0,29951,成功
/pub/data/jiafq/iscas/Parser_Comparison/../benchmarks/part39/non-incremental/QF_BV/uclid/catchconv/convert-jpg2gif-query-1209.smt2,614.349,0,29996,成功
/pub/data/jiafq/iscas/Parser_Comparison/../benchmarks/part39/non-incremental/QF_BV/uclid/catchconv/convert-jpg2gif-query-1210.smt2,606.747,0,30016,成功
/pub/data/jiafq/iscas/Parser_Comparison/../benchmarks/part39/non-incremental/QF_BV/uclid/catchconv/convert-jpg2gif-query-1211.smt2,594.933,0,30036,成功
/pub/data/jiafq/iscas/Parser_Comparison/../benchmarks/part39/non-incremental/QF_BV/uclid/catchconv/convert-jpg2gif-query-1212.smt2,594.638,0,30056,成功
/pub/data/jiafq/iscas/Parser_Comparison/../benchmarks/part39/non-incremental/QF_BV/uclid/catchconv/convert-jpg2gif-query-1213.smt2,617.971,0,30076,成功
/pub/data/jiafq/iscas/Parser_Comparison/../benchmarks/part39/non-incremental/QF_BV/uclid/catchconv/convert-jpg2gif-query-1214.smt2,596.265,0,30121,成功
/pub/data/jiafq/iscas/Parser_Comparison/../benchmarks/part39/non-incremental/QF_BV/uclid/catchconv/convert-jpg2gif-query-1215.smt2,592.833,0,30141,成功
/pub/data/jiafq/iscas/Parser_Comparison/../benchmarks/part39/non-incremental/QF_BV/uclid/catchconv/convert-jpg2gif-query-1216.smt2,604.132,0,30161,成功
/pub/data/jiafq/iscas/Parser_Comparison/../benchmarks/part39/non-incremental/QF_BV/uclid/catchconv/convert-jpg2gif-query-1217.smt2,606.17,0,30181,成功
/pub/data/jiafq/iscas/Parser_Comparison/../benchmarks/part39/non-incremental/QF_BV/uclid/catchconv/convert-jpg2gif-query-1218.smt2,592.687,0,30201,成功
/pub/data/jiafq/iscas/Parser_Comparison/../benchmarks/part39/non-incremental/QF_BV/uclid/catchconv/convert-jpg2gif-query-1219.smt2,619.521,0,30246,成功
/pub/data/jiafq/iscas/Parser_Comparison/../benchmarks/part39/non-incremental/QF_BV/uclid/catchconv/convert-jpg2gif-query-1221.smt2,618.921,0,30286,成功
/pub/data/jiafq/iscas/Parser_Comparison/../benchmarks/part39/non-incremental/QF_BV/uclid/catchconv/convert-jpg2gif-query-1222.smt2,618.915,0,30306,成功
/pub/data/jiafq/iscas/Parser_Comparison/../benchmarks/part39/non-incremental/QF_BV/uclid/catchconv/convert-jpg2gif-query-1223.smt2,629.334,0,30326,成功
/pub/data/jiafq/iscas/Parser_Comparison/../benchmarks/part39/non-incremental/QF_BV/uclid/catchconv/convert-jpg2gif-query-1224.smt2,616.133,0,30371,成功
/pub/data/jiafq/iscas/Parser_Comparison/../benchmarks/part39/non-incremental/QF_BV/uclid/catchconv/convert-jpg2gif-query-1225.smt2,627.49,0,30391,成功
/pub/data/jiafq/iscas/Parser_Comparison/../benchmarks/part39/non-incremental/QF_BV/uclid/catchconv/convert-jpg2gif-query-1226.smt2,604.999,0,30411,成功
/pub/data/jiafq/iscas/Parser_Comparison/../benchmarks/part39/non-incremental/QF_BV/uclid/catchconv/convert-jpg2gif-query-1227.smt2,577.744,0,30431,成功
/pub/data/jiafq/iscas/Parser_Comparison/../benchmarks/part39/non-incremental/QF_BV/uclid/catchconv/convert-jpg2gif-query-1228.smt2,611.489,0,30451,成功
/pub/data/jiafq/iscas/Parser_Comparison/../benchmarks/part39/non-incremental/QF_BV/uclid/catchconv/convert-jpg2gif-query-1229.smt2,601.552,0,30496,成功
/pub/data/jiafq/iscas/Parser_Comparison/../benchmarks/part39/non-incremental/QF_BV/uclid/catchconv/convert-jpg2gif-query-1230.smt2,608.832,0,30516,成功
/pub/data/jiafq/iscas/Parser_Comparison/../benchmarks/part39/non-incremental/QF_BV/uclid/catchconv/convert-jpg2gif-query-1231.smt2,614.368,0,30536,成功
/pub/data/jiafq/iscas/Parser_Comparison/../benchmarks/part39/non-incremental/QF_BV/uclid/catchconv/convert-jpg2gif-query-1232.smt2,632.074,0,30556,成功
/pub/data/jiafq/iscas/Parser_Comparison/../benchmarks/part39/non-incremental/QF_BV/uclid/catchconv/convert-jpg2gif-query-1233.smt2,630.413,0,30576,成功
/pub/data/jiafq/iscas/Parser_Comparison/../benchmarks/part39/non-incremental/QF_BV/uclid/catchconv/convert-jpg2gif-query-1234.smt2,609.83,0,30621,成功
/pub/data/jiafq/iscas/Parser_Comparison/../benchmarks/part39/non-incremental/QF_BV/uclid/catchconv/convert-jpg2gif-query-1235.smt2,639.081,0,30641,成功
/pub/data/jiafq/iscas/Parser_Comparison/../benchmarks/part39/non-incremental/QF_BV/uclid/catchconv/convert-jpg2gif-query-1236.smt2,641.331,0,30661,成功
/pub/data/jiafq/iscas/Parser_Comparison/../benchmarks/part39/non-incremental/QF_BV/uclid/catchconv/convert-jpg2gif-query-1237.smt2,612.603,0,30681,成功
/pub/data/jiafq/iscas/Parser_Comparison/../benchmarks/part39/non-incremental/QF_BV/uclid/catchconv/convert-jpg2gif-query-1238.smt2,615.242,0,30701,成功
/pub/data/jiafq/iscas/Parser_Comparison/../benchmarks/part39/non-incremental/QF_BV/uclid/catchconv/convert-jpg2gif-query-1239.smt2,607.941,0,30746,成功
/pub/data/jiafq/iscas/Parser_Comparison/../benchmarks/part39/non-incremental/QF_BV/uclid/catchconv/convert-jpg2gif-query-1240.smt2,595.815,0,30766,成功
/pub/data/jiafq/iscas/Parser_Comparison/../benchmarks/part39/non-incremental/QF_BV/uclid/catchconv/convert-jpg2gif-query-1241.smt2,640.409,0,30786,成功
/pub/data/jiafq/iscas/Parser_Comparison/../benchmarks/part39/non-incremental/QF_BV/uclid/catchconv/convert-jpg2gif-query-1242.smt2,650.593,0,30806,成功
/pub/data/jiafq/iscas/Parser_Comparison/../benchmarks/part39/non-incremental/QF_BV/uclid/catchconv/convert-jpg2gif-query-1243.smt2,627.677,0,30826,成功
/pub/data/jiafq/iscas/Parser_Comparison/../benchmarks/part39/non-incremental/QF_BV/uclid/catchconv/convert-jpg2gif-query-1246.smt2,630.441,0,30917,成功
/pub/data/jiafq/iscas/Parser_Comparison/../benchmarks/part39/non-incremental/QF_BV/uclid/catchconv/convert-jpg2gif-query-1247.smt2,604.833,0,30973,成功
/pub/data/jiafq/iscas/Parser_Comparison/../benchmarks/part39/non-incremental/QF_BV/uclid/catchconv/convert-jpg2gif-query-1274.smt2,612.368,0,31094,成功
/pub/data/jiafq/iscas/Parser_Comparison/../benchmarks/part39/non-incremental/QF_BV/uclid/catchconv/convert-jpg2gif-query-1275.smt2,653.424,0,31150,成功
/pub/data/jiafq/iscas/Parser_Comparison/../benchmarks/part39/non-incremental/QF_BV/uclid/catchconv/convert-jpg2gif-query-1283.smt2,632.487,0,31259,成功
/pub/data/jiafq/iscas/Parser_Comparison/../benchmarks/part39/non-incremental/QF_BV/uclid/catchconv/convert-jpg2gif-query-1284.smt2,633.395,0,31315,成功
/pub/data/jiafq/iscas/Parser_Comparison/../benchmarks/part39/non-incremental/QF_BV/uclid/catchconv/convert-jpg2gif-query-1292.smt2,629.487,0,31424,成功
/pub/data/jiafq/iscas/Parser_Comparison/../benchmarks/part39/non-incremental/QF_BV/uclid/catchconv/convert-jpg2gif-query-1293.smt2,640.189,0,31480,成功
/pub/data/jiafq/iscas/Parser_Comparison/../benchmarks/part39/non-incremental/QF_BV/uclid/catchconv/convert-jpg2gif-query-1301.smt2,654.891,0,31589,成功
/pub/data/jiafq/iscas/Parser_Comparison/../benchmarks/part39/non-incremental/QF_BV/uclid/catchconv/convert-jpg2gif-query-1302.smt2,672.731,0,31645,成功
/pub/data/jiafq/iscas/Parser_Comparison/../benchmarks/part39/non-incremental/QF_BV/uclid/catchconv/convert-jpg2gif-query-1310.smt2,652.515,0,31754,成功
/pub/data/jiafq/iscas/Parser_Comparison/../benchmarks/part39/non-incremental/QF_BV/uclid/catchconv/convert-jpg2gif-query-1311.smt2,647.409,0,31810,成功
/pub/data/jiafq/iscas/Parser_Comparison/../benchmarks/part39/non-incremental/QF_BV/uclid/catchconv/convert-jpg2gif-query-1319.smt2,653.775,0,31919,成功
/pub/data/jiafq/iscas/Parser_Comparison/../benchmarks/part39/non-incremental/QF_BV/uclid/catchconv/convert-jpg2gif-query-1320.smt2,639.853,0,31975,成功
/pub/data/jiafq/iscas/Parser_Comparison/../benchmarks/part39/non-incremental/QF_BV/uclid/catchconv/convert-jpg2gif-query-1328.smt2,637.508,0,32084,成功
/pub/data/jiafq/iscas/Parser_Comparison/../benchmarks/part39/non-incremental/QF_BV/uclid/catchconv/convert-jpg2gif-query-1329.smt2,626.587,0,32140,成功
/pub/data/jiafq/iscas/Parser_Comparison/../benchmarks/part39/non-incremental/QF_BV/uclid/catchconv/convert-jpg2gif-query-1337.smt2,614.553,0,32394,成功
/pub/data/jiafq/iscas/Parser_Comparison/../benchmarks/part39/non-incremental/QF_BV/uclid/catchconv/convert-jpg2gif-query-1338.smt2,638.675,0,32492,成功
/pub/data/jiafq/iscas/Parser_Comparison/../benchmarks/part39/non-incremental/QF_BV/uclid/catchconv/convert-jpg2gif-query-1339.smt2,635.801,0,32594,成功
/pub/data/jiafq/iscas/Parser_Comparison/../benchmarks/part39/non-incremental/QF_BV/uclid/catchconv/convert-jpg2gif-query-1340.smt2,631.253,0,32667,成功
/pub/data/jiafq/iscas/Parser_Comparison/../benchmarks/part39/non-incremental/QF_BV/uclid/catchconv/convert-jpg2gif-query-1342.smt2,638.88,0,32822,成功
/pub/data/jiafq/iscas/Parser_Comparison/../benchmarks/part39/non-incremental/QF_BV/uclid/catchconv/convert-jpg2gif-query-1343.smt2,658.148,0,32896,成功
/pub/data/jiafq/iscas/Parser_Comparison/../benchmarks/part39/non-incremental/QF_BV/uclid/catchconv/convert-jpg2gif-query-1344.smt2,678.965,0,32962,成功
/pub/data/jiafq/iscas/Parser_Comparison/../benchmarks/part39/non-incremental/QF_BV/uclid/catchconv/convert-jpg2gif-query-1345.smt2,678.64,0,33036,成功
/pub/data/jiafq/iscas/Parser_Comparison/../benchmarks/part39/non-incremental/QF_BV/uclid/catchconv/convert-jpg2gif-query-1347.smt2,669.078,0,33184,成功
/pub/data/jiafq/iscas/Parser_Comparison/../benchmarks/part39/non-incremental/QF_BV/uclid/catchconv/convert-jpg2gif-query-1348.smt2,659.284,0,33257,成功
/pub/data/jiafq/iscas/Parser_Comparison/../benchmarks/part39/non-incremental/QF_BV/uclid/catchconv/convert-jpg2gif-query-1349.smt2,656.576,0,33331,成功
/pub/data/jiafq/iscas/Parser_Comparison/../benchmarks/part39/non-incremental/QF_BV/uclid/catchconv/convert-jpg2gif-query-1351.smt2,653.076,0,33480,成功
/pub/data/jiafq/iscas/Parser_Comparison/../benchmarks/part39/non-incremental/QF_BV/uclid/catchconv/convert-jpg2gif-query-1352.smt2,655.34,0,33547,成功
/pub/data/jiafq/iscas/Parser_Comparison/../benchmarks/part39/non-incremental/QF_BV/uclid/catchconv/convert-jpg2gif-query-1353.smt2,661.616,0,33614,成功
/pub/data/jiafq/iscas/Parser_Comparison/../benchmarks/part39/non-incremental/QF_BV/uclid/catchconv/convert-jpg2gif-query-1354.smt2,662.049,0,33717,成功
/pub/data/jiafq/iscas/Parser_Comparison/../benchmarks/part39/non-incremental/QF_BV/uclid/catchconv/convert-jpg2gif-query-1355.smt2,676.15,0,33784,成功
/pub/data/jiafq/iscas/Parser_Comparison/../benchmarks/part39/non-incremental/QF_BV/uclid/catchconv/convert-jpg2gif-query-1356.smt2,682.139,0,33851,成功
/pub/data/jiafq/iscas/Parser_Comparison/../benchmarks/part39/non-incremental/QF_BV/uclid/catchconv/convert-jpg2gif-query-1358.smt2,679.356,0,33999,成功
/pub/data/jiafq/iscas/Parser_Comparison/../benchmarks/part39/non-incremental/QF_BV/uclid/catchconv/convert-jpg2gif-query-1359.smt2,660.841,0,34073,成功
/pub/data/jiafq/iscas/Parser_Comparison/../benchmarks/part39/non-incremental/QF_BV/uclid/catchconv/convert-jpg2gif-query-1360.smt2,667.477,0,34139,成功
/pub/data/jiafq/iscas/Parser_Comparison/../benchmarks/part39/non-incremental/QF_BV/uclid/catchconv/convert-jpg2gif-query-1361.smt2,670.15,0,34213,成功
/pub/data/jiafq/iscas/Parser_Comparison/../benchmarks/part39/non-incremental/QF_BV/uclid/catchconv/convert-jpg2gif-query-1363.smt2,669.851,0,34361,成功
/pub/data/jiafq/iscas/Parser_Comparison/../benchmarks/part39/non-incremental/QF_BV/uclid/catchconv/convert-jpg2gif-query-1364.smt2,681.384,0,34435,成功
/pub/data/jiafq/iscas/Parser_Comparison/../benchmarks/part39/non-incremental/QF_BV/uclid/catchconv/convert-jpg2gif-query-1365.smt2,667.431,0,34501,成功
/pub/data/jiafq/iscas/Parser_Comparison/../benchmarks/part39/non-incremental/QF_BV/uclid/catchconv/convert-jpg2gif-query-1366.smt2,668.927,0,34575,成功
/pub/data/jiafq/iscas/Parser_Comparison/../benchmarks/part39/non-incremental/QF_BV/uclid/catchconv/convert-jpg2gif-query-1368.smt2,683.84,0,34724,成功
/pub/data/jiafq/iscas/Parser_Comparison/../benchmarks/part39/non-incremental/QF_BV/uclid/catchconv/convert-jpg2gif-query-1369.smt2,669.168,0,34791,成功
/pub/data/jiafq/iscas/Parser_Comparison/../benchmarks/part39/non-incremental/QF_BV/uclid/catchconv/convert-jpg2gif-query-1370.smt2,695.394,0,34857,成功
/pub/data/jiafq/iscas/Parser_Comparison/../benchmarks/part39/non-incremental/QF_BV/uclid/catchconv/convert-jpg2gif-query-1371.smt2,684.278,0,34931,成功
/pub/data/jiafq/iscas/Parser_Comparison/../benchmarks/part39/non-incremental/QF_BV/uclid/catchconv/convert-jpg2gif-query-1372.smt2,762.904,0,34997,成功
/pub/data/jiafq/iscas/Parser_Comparison/../benchmarks/part39/non-incremental/QF_BV/uclid/catchconv/convert-jpg2gif-query-1373.smt2,716.04,0,35106,成功
/pub/data/jiafq/iscas/Parser_Comparison/../benchmarks/part39/non-incremental/QF_BV/uclid/catchconv/convert-jpg2gif-query-1374.smt2,724.411,0,35179,成功
/pub/data/jiafq/iscas/Parser_Comparison/../benchmarks/part39/non-incremental/QF_BV/uclid/catchconv/convert-jpg2gif-query-1375.smt2,712.98,0,35253,成功
/pub/data/jiafq/iscas/Parser_Comparison/../benchmarks/part39/non-incremental/QF_BV/uclid/catchconv/convert-jpg2gif-query-1376.smt2,703.509,0,35319,成功
/pub/data/jiafq/iscas/Parser_Comparison/../benchmarks/part39/non-incremental/QF_BV/uclid/catchconv/convert-jpg2gif-query-1377.smt2,710.441,0,35388,成功
/pub/data/jiafq/iscas/Parser_Comparison/../benchmarks/part39/non-incremental/QF_BV/uclid/catchconv/convert-jpg2gif-query-1379.smt2,683.484,0,35537,成功
/pub/data/jiafq/iscas/Parser_Comparison/../benchmarks/part39/non-incremental/QF_BV/uclid/catchconv/convert-jpg2gif-query-1380.smt2,691.477,0,35603,成功
/pub/data/jiafq/iscas/Parser_Comparison/../benchmarks/part39/non-incremental/QF_BV/uclid/catchconv/convert-jpg2gif-query-1381.smt2,685.688,0,35676,成功
/pub/data/jiafq/iscas/Parser_Comparison/../benchmarks/part39/non-incremental/QF_BV/uclid/catchconv/convert-jpg2gif-query-1382.smt2,696.857,0,35750,成功
/pub/data/jiafq/iscas/Parser_Comparison/../benchmarks/part39/non-incremental/QF_BV/uclid/catchconv/convert-jpg2gif-query-1383.smt2,707.1,0,35811,成功
/pub/data/jiafq/iscas/Parser_Comparison/../benchmarks/part39/non-incremental/QF_BV/uclid/catchconv/convert-jpg2gif-query-1385.smt2,698.662,0,35967,成功
/pub/data/jiafq/iscas/Parser_Comparison/../benchmarks/part39/non-incremental/QF_BV/uclid/catchconv/convert-jpg2gif-query-1386.smt2,708.743,0,36033,成功
/pub/data/jiafq/iscas/Parser_Comparison/../benchmarks/part39/non-incremental/QF_BV/uclid/catchconv/convert-jpg2gif-query-1387.smt2,719.5,0,36107,成功
/pub/data/jiafq/iscas/Parser_Comparison/../benchmarks/part39/non-incremental/QF_BV/uclid/catchconv/convert-jpg2gif-query-1388.smt2,722.874,0,36174,成功
/pub/data/jiafq/iscas/Parser_Comparison/../benchmarks/part39/non-incremental/QF_BV/uclid/catchconv/convert-jpg2gif-query-1389.smt2,691.405,0,36241,成功
/pub/data/jiafq/iscas/Parser_Comparison/../benchmarks/part39/non-incremental/QF_BV/uclid/catchconv/convert-jpg2gif-query-1391.smt2,716.121,0,36389,成功
/pub/data/jiafq/iscas/Parser_Comparison/../benchmarks/part39/non-incremental/QF_BV/uclid/catchconv/convert-jpg2gif-query-1392.smt2,731.374,0,36462,成功
/pub/data/jiafq/iscas/Parser_Comparison/../benchmarks/part39/non-incremental/QF_BV/uclid/catchconv/convert-jpg2gif-query-1393.smt2,705.359,0,36536,成功
/pub/data/jiafq/iscas/Parser_Comparison/../benchmarks/part39/non-incremental/QF_BV/uclid/catchconv/convert-jpg2gif-query-1394.smt2,725.621,0,36602,成功
/pub/data/jiafq/iscas/Parser_Comparison/../benchmarks/part39/non-incremental/QF_BV/uclid/catchconv/convert-jpg2gif-query-1395.smt2,708.372,0,36676,成功
/pub/data/jiafq/iscas/Parser_Comparison/../benchmarks/part39/non-incremental/QF_BV/uclid/catchconv/convert-jpg2gif-query-1396.smt2,705.071,0,36779,成功
/pub/data/jiafq/iscas/Parser_Comparison/../benchmarks/part39/non-incremental/QF_BV/uclid/catchconv/convert-jpg2gif-query-1397.smt2,723.483,0,36846,成功
/pub/data/jiafq/iscas/Parser_Comparison/../benchmarks/part39/non-incremental/QF_BV/uclid/catchconv/convert-jpg2gif-query-1398.smt2,725.607,0,36912,成功
/pub/data/jiafq/iscas/Parser_Comparison/../benchmarks/part39/non-incremental/QF_BV/uclid/catchconv/convert-jpg2gif-query-1399.smt2,733.633,0,36985,成功
/pub/data/jiafq/iscas/Parser_Comparison/../benchmarks/part39/non-incremental/QF_BV/uclid/catchconv/convert-jpg2gif-query-1400.smt2,730.25,0,37053,成功
/pub/data/jiafq/iscas/Parser_Comparison/../benchmarks/part39/non-incremental/QF_BV/uclid/catchconv/convert-jpg2gif-query-1402.smt2,715.635,0,37208,成功
/pub/data/jiafq/iscas/Parser_Comparison/../benchmarks/part39/non-incremental/QF_BV/uclid/catchconv/convert-jpg2gif-query-1404.smt2,735.324,0,37319,成功
/pub/data/jiafq/iscas/Parser_Comparison/../benchmarks/part39/non-incremental/QF_BV/uclid/catchconv/convert-jpg2gif-query-1405.smt2,730.861,0,37354,成功
/pub/data/jiafq/iscas/Parser_Comparison/../benchmarks/part39/non-incremental/QF_BV/uclid/catchconv/convert-jpg2gif-query-1406.smt2,710.759,0,37407,成功
/pub/data/jiafq/iscas/Parser_Comparison/../benchmarks/part39/non-incremental/QF_BV/uclid/catchconv/convert-jpg2gif-query-1407.smt2,718.079,0,37419,成功
/pub/data/jiafq/iscas/Parser_Comparison/../benchmarks/part39/non-incremental/QF_BV/uclid/catchconv/convert-jpg2gif-query-1408.smt2,741.192,0,37464,成功
/pub/data/jiafq/iscas/Parser_Comparison/../benchmarks/part39/non-incremental/QF_BV/uclid/catchconv/convert-jpg2gif-query-1409.smt2,712.499,0,37470,成功
/pub/data/jiafq/iscas/Parser_Comparison/../benchmarks/part39/non-incremental/QF_BV/uclid/catchconv/convert-jpg2gif-query-1410.smt2,718.686,0,37497,成功
/pub/data/jiafq/iscas/Parser_Comparison/../benchmarks/part39/non-incremental/QF_BV/uclid/catchconv/convert-jpg2gif-query-1411.smt2,727.443,0,37776,成功
/pub/data/jiafq/iscas/Parser_Comparison/../benchmarks/part39/non-incremental/QF_BV/uclid/catchconv/convert-jpg2gif-query-1412.smt2,726.018,0,37815,成功
/pub/data/jiafq/iscas/Parser_Comparison/../benchmarks/part39/non-incremental/QF_BV/uclid/catchconv/convert-jpg2gif-query-1413.smt2,728.365,0,37825,成功
/pub/data/jiafq/iscas/Parser_Comparison/../benchmarks/part39/non-incremental/QF_BV/uclid/catchconv/convert-jpg2gif-query-1414.smt2,717.754,0,37866,成功
/pub/data/jiafq/iscas/Parser_Comparison/../benchmarks/part39/non-incremental/QF_BV/uclid/catchconv/convert-jpg2gif-query-1415.smt2,742.161,0,37878,成功
/pub/data/jiafq/iscas/Parser_Comparison/../benchmarks/part39/non-incremental/QF_BV/uclid/catchconv/convert-jpg2gif-query-1416.smt2,730.533,0,37927,成功
/pub/data/jiafq/iscas/Parser_Comparison/../benchmarks/part39/non-incremental/QF_BV/uclid/catchconv/convert-jpg2gif-query-1417.smt2,762.973,0,37933,成功
/pub/data/jiafq/iscas/Parser_Comparison/../benchmarks/part39/non-incremental/QF_BV/uclid/catchconv/convert-jpg2gif-query-1418.smt2,732.017,0,37958,成功
/pub/data/jiafq/iscas/Parser_Comparison/../benchmarks/part39/non-incremental/QF_BV/uclid/catchconv/convert-jpg2gif-query-1419.smt2,783.297,0,38249,成功
/pub/data/jiafq/iscas/Parser_Comparison/../benchmarks/part39/non-incremental/QF_BV/uclid/catchconv/convert-jpg2gif-query-1420.smt2,732.668,0,38292,成功
/pub/data/jiafq/iscas/Parser_Comparison/../benchmarks/part39/non-incremental/QF_BV/uclid/catchconv/convert-jpg2gif-query-1421.smt2,750.06,0,38302,成功
/pub/data/jiafq/iscas/Parser_Comparison/../benchmarks/part39/non-incremental/QF_BV/uclid/catchconv/convert-jpg2gif-query-1422.smt2,747.291,0,38317,成功
/pub/data/jiafq/iscas/Parser_Comparison/../benchmarks/part39/non-incremental/QF_BV/uclid/catchconv/convert-jpg2gif-query-1423.smt2,760.601,0,38361,成功
/pub/data/jiafq/iscas/Parser_Comparison/../benchmarks/part39/non-incremental/QF_BV/uclid/catchconv/convert-jpg2gif-query-1424.smt2,735.383,0,38375,成功
/pub/data/jiafq/iscas/Parser_Comparison/../benchmarks/part39/non-incremental/QF_BV/uclid/catchconv/convert-jpg2gif-query-1425.smt2,734.606,0,38424,成功
/pub/data/jiafq/iscas/Parser_Comparison/../benchmarks/part39/non-incremental/QF_BV/uclid/catchconv/convert-jpg2gif-query-1426.smt2,737.52,0,38430,成功
/pub/data/jiafq/iscas/Parser_Comparison/../benchmarks/part39/non-incremental/QF_BV/uclid/catchconv/convert-jpg2gif-query-1427.smt2,754.006,0,38457,成功
/pub/data/jiafq/iscas/Parser_Comparison/../benchmarks/part39/non-incremental/QF_BV/uclid/catchconv/convert-jpg2gif-query-1428.smt2,743.833,0,38748,成功
/pub/data/jiafq/iscas/Parser_Comparison/../benchmarks/part39/non-incremental/QF_BV/uclid/catchconv/convert-jpg2gif-query-1429.smt2,744.562,0,38787,成功
/pub/data/jiafq/iscas/Parser_Comparison/../benchmarks/part39/non-incremental/QF_BV/uclid/catchconv/convert-jpg2gif-query-1430.smt2,764.219,0,38797,成功
/pub/data/jiafq/iscas/Parser_Comparison/../benchmarks/part39/non-incremental/QF_BV/uclid/catchconv/convert-jpg2gif-query-1431.smt2,747.302,0,38812,成功
/pub/data/jiafq/iscas/Parser_Comparison/../benchmarks/part39/non-incremental/QF_BV/uclid/catchconv/convert-jpg2gif-query-1432.smt2,747.824,0,38854,成功
/pub/data/jiafq/iscas/Parser_Comparison/../benchmarks/part39/non-incremental/QF_BV/uclid/catchconv/convert-jpg2gif-query-1433.smt2,740.621,0,38866,成功
/pub/data/jiafq/iscas/Parser_Comparison/../benchmarks/part39/non-incremental/QF_BV/uclid/catchconv/convert-jpg2gif-query-1434.smt2,738.076,0,38915,成功
/pub/data/jiafq/iscas/Parser_Comparison/../benchmarks/part39/non-incremental/QF_BV/uclid/catchconv/convert-jpg2gif-query-1435.smt2,735.784,0,38921,成功
/pub/data/jiafq/iscas/Parser_Comparison/../benchmarks/part39/non-incremental/QF_BV/uclid/catchconv/convert-jpg2gif-query-1436.smt2,765.649,0,39223,成功
/pub/data/jiafq/iscas/Parser_Comparison/../benchmarks/part39/non-incremental/QF_BV/uclid/catchconv/convert-jpg2gif-query-1437.smt2,752.204,0,39262,成功
/pub/data/jiafq/iscas/Parser_Comparison/../benchmarks/part39/non-incremental/QF_BV/uclid/catchconv/convert-jpg2gif-query-1438.smt2,756.197,0,39281,成功
/pub/data/jiafq/iscas/Parser_Comparison/../benchmarks/part39/non-incremental/QF_BV/uclid/catchconv/convert-jpg2gif-query-1439.smt2,776.037,0,39323,成功
/pub/data/jiafq/iscas/Parser_Comparison/../benchmarks/part39/non-incremental/QF_BV/uclid/catchconv/convert-jpg2gif-query-1440.smt2,775.21,0,39335,成功
/pub/data/jiafq/iscas/Parser_Comparison/../benchmarks/part39/non-incremental/QF_BV/uclid/catchconv/convert-jpg2gif-query-1441.smt2,762.968,0,39386,成功
/pub/data/jiafq/iscas/Parser_Comparison/../benchmarks/part39/non-incremental/QF_BV/uclid/catchconv/convert-jpg2gif-query-1442.smt2,759.099,0,39392,成功
/pub/data/jiafq/iscas/Parser_Comparison/../benchmarks/part39/non-incremental/QF_BV/uclid/catchconv/convert-jpg2gif-query-1443.smt2,763.9,0,39417,成功
/pub/data/jiafq/iscas/Parser_Comparison/../benchmarks/part39/non-incremental/QF_BV/uclid/catchconv/convert-jpg2gif-query-1444.smt2,781.883,0,39708,成功
/pub/data/jiafq/iscas/Parser_Comparison/../benchmarks/part39/non-incremental/QF_BV/uclid/catchconv/convert-jpg2gif-query-1445.smt2,769.442,0,39747,成功
/pub/data/jiafq/iscas/Parser_Comparison/../benchmarks/part39/non-incremental/QF_BV/uclid/catchconv/convert-jpg2gif-query-1446.smt2,834.346,0,39764,成功
/pub/data/jiafq/iscas/Parser_Comparison/../benchmarks/part39/non-incremental/QF_BV/uclid/catchconv/convert-jpg2gif-query-1447.smt2,769.129,0,39806,成功
/pub/data/jiafq/iscas/Parser_Comparison/../benchmarks/part39/non-incremental/QF_BV/uclid/catchconv/convert-jpg2gif-query-1448.smt2,792.923,0,39818,成功
/pub/data/jiafq/iscas/Parser_Comparison/../benchmarks/part39/non-incremental/QF_BV/uclid/catchconv/convert-jpg2gif-query-1449.smt2,763.382,0,39863,成功
/pub/data/jiafq/iscas/Parser_Comparison/../benchmarks/part39/non-incremental/QF_BV/uclid/catchconv/convert-jpg2gif-query-1450.smt2,777.461,0,39869,成功
/pub/data/jiafq/iscas/Parser_Comparison/../benchmarks/part39/non-incremental/QF_BV/uclid/catchconv/convert-jpg2gif-query-1451.smt2,783.839,0,39894,成功
/pub/data/jiafq/iscas/Parser_Comparison/../benchmarks/part39/non-incremental/QF_BV/uclid/catchconv/convert-jpg2gif-query-1452.smt2,777.556,0,40173,成功
/pub/data/jiafq/iscas/Parser_Comparison/../benchmarks/part39/non-incremental/QF_BV/uclid/catchconv/convert-jpg2gif-query-1453.smt2,787.632,0,40216,成功
/pub/data/jiafq/iscas/Parser_Comparison/../benchmarks/part39/non-incremental/QF_BV/uclid/catchconv/convert-jpg2gif-query-1454.smt2,771.448,0,40226,成功
/pub/data/jiafq/iscas/Parser_Comparison/../benchmarks/part39/non-incremental/QF_BV/uclid/catchconv/convert-jpg2gif-query-1455.smt2,774.178,0,40243,成功
/pub/data/jiafq/iscas/Parser_Comparison/../benchmarks/part39/non-incremental/QF_BV/uclid/catchconv/convert-jpg2gif-query-1456.smt2,774.245,0,40285,成功
/pub/data/jiafq/iscas/Parser_Comparison/../benchmarks/part39/non-incremental/QF_BV/uclid/catchconv/convert-jpg2gif-query-1457.smt2,786.53,0,40297,成功
/pub/data/jiafq/iscas/Parser_Comparison/../benchmarks/part39/non-incremental/QF_BV/uclid/catchconv/convert-jpg2gif-query-1458.smt2,770.791,0,40346,成功
/pub/data/jiafq/iscas/Parser_Comparison/../benchmarks/part39/non-incremental/QF_BV/uclid/catchconv/convert-jpg2gif-query-1459.smt2,786.555,0,40352,成功
/pub/data/jiafq/iscas/Parser_Comparison/../benchmarks/part39/non-incremental/QF_BV/uclid/catchconv/convert-jpg2gif-query-1460.smt2,771.667,0,40377,成功
/pub/data/jiafq/iscas/Parser_Comparison/../benchmarks/part39/non-incremental/QF_BV/uclid/catchconv/convert-jpg2gif-query-1461.smt2,773.634,0,40670,成功
/pub/data/jiafq/iscas/Parser_Comparison/../benchmarks/part39/non-incremental/QF_BV/uclid/catchconv/convert-jpg2gif-query-1462.smt2,800.95,0,40705,成功
/pub/data/jiafq/iscas/Parser_Comparison/../benchmarks/part39/non-incremental/QF_BV/uclid/catchconv/convert-jpg2gif-query-1463.smt2,798.566,0,40715,成功
/pub/data/jiafq/iscas/Parser_Comparison/../benchmarks/part39/non-incremental/QF_BV/uclid/catchconv/convert-jpg2gif-query-1464.smt2,802.12,0,40730,成功
/pub/data/jiafq/iscas/Parser_Comparison/../benchmarks/part39/non-incremental/QF_BV/uclid/catchconv/convert-jpg2gif-query-1465.smt2,820.48,0,40772,成功
/pub/data/jiafq/iscas/Parser_Comparison/../benchmarks/part39/non-incremental/QF_BV/uclid/catchconv/convert-jpg2gif-query-1466.smt2,786.999,0,40784,成功
/pub/data/jiafq/iscas/Parser_Comparison/../benchmarks/part39/non-incremental/QF_BV/uclid/catchconv/convert-jpg2gif-query-1467.smt2,803.852,0,40833,成功
/pub/data/jiafq/iscas/Parser_Comparison/../benchmarks/part39/non-incremental/QF_BV/uclid/catchconv/convert-jpg2gif-query-1468.smt2,817.306,0,40854,成功
/pub/data/jiafq/iscas/Parser_Comparison/../benchmarks/part39/non-incremental/QF_BV/uclid/catchconv/convert-jpg2gif-query-1469.smt2,789.255,0,41123,成功
/pub/data/jiafq/iscas/Parser_Comparison/../benchmarks/part39/non-incremental/QF_BV/uclid/catchconv/convert-jpg2gif-query-1470.smt2,823.69,0,41546,成功
/pub/data/jiafq/iscas/Parser_Comparison/../benchmarks/part39/non-incremental/QF_BV/uclid/catchconv/convert-jpg2gif-query-1471.smt2,821.09,0,41969,成功
/pub/data/jiafq/iscas/Parser_Comparison/../benchmarks/part39/non-incremental/QF_BV/uclid/catchconv/convert-jpg2gif-query-1472.smt2,804.081,0,42392,成功
/pub/data/jiafq/iscas/Parser_Comparison/../benchmarks/part39/non-incremental/QF_BV/uclid/catchconv/convert-jpg2gif-query-1473.smt2,832.178,0,42815,成功
/pub/data/jiafq/iscas/Parser_Comparison/../benchmarks/part39/non-incremental/QF_BV/uclid/catchconv/convert-jpg2gif-query-1474.smt2,830.259,0,43238,成功
/pub/data/jiafq/iscas/Parser_Comparison/../benchmarks/part39/non-incremental/QF_BV/uclid/catchconv/convert-jpg2gif-query-1475.smt2,863.193,0,43661,成功
/pub/data/jiafq/iscas/Parser_Comparison/../benchmarks/part39/non-incremental/QF_BV/uclid/catchconv/convert-jpg2gif-query-1476.smt2,868.385,0,44084,成功
/pub/data/jiafq/iscas/Parser_Comparison/../benchmarks/part39/non-incremental/QF_BV/uclid/catchconv/convert-jpg2gif-query-1477.smt2,872.768,0,44623,成功
/pub/data/jiafq/iscas/Parser_Comparison/../benchmarks/part39/non-incremental/QF_BV/uclid/catchconv/convert-jpg2gif-query-1478.smt2,885.944,0,44719,成功
/pub/data/jiafq/iscas/Parser_Comparison/../benchmarks/part39/non-incremental/QF_BV/uclid/catchconv/convert-jpg2gif-query-1480.smt2,880.898,0,44874,成功
/pub/data/jiafq/iscas/Parser_Comparison/../benchmarks/part39/non-incremental/QF_BV/uclid/catchconv/convert-jpg2gif-query-1481.smt2,865.835,0,44948,成功
/pub/data/jiafq/iscas/Parser_Comparison/../benchmarks/part39/non-incremental/QF_BV/uclid/catchconv/convert-jpg2gif-query-1483.smt2,870.86,0,45096,成功
/pub/data/jiafq/iscas/Parser_Comparison/../benchmarks/part39/non-incremental/QF_BV/uclid/catchconv/convert-jpg2gif-query-1484.smt2,897.476,0,45170,成功
/pub/data/jiafq/iscas/Parser_Comparison/../benchmarks/part39/non-incremental/QF_BV/uclid/catchconv/convert-jpg2gif-query-1485.smt2,906.713,0,45236,成功
/pub/data/jiafq/iscas/Parser_Comparison/../benchmarks/part39/non-incremental/QF_BV/uclid/catchconv/convert-jpg2gif-query-1486.smt2,874.551,0,45345,成功
/pub/data/jiafq/iscas/Parser_Comparison/../benchmarks/part39/non-incremental/QF_BV/uclid/catchconv/convert-jpg2gif-query-1487.smt2,912.634,0,45418,成功
/pub/data/jiafq/iscas/Parser_Comparison/../benchmarks/part39/non-incremental/QF_BV/uclid/catchconv/convert-jpg2gif-query-1488.smt2,912.873,0,45491,成功
/pub/data/jiafq/iscas/Parser_Comparison/../benchmarks/part39/non-incremental/QF_BV/uclid/catchconv/convert-jpg2gif-query-1489.smt2,887.526,0,45565,成功
/pub/data/jiafq/iscas/Parser_Comparison/../benchmarks/part39/non-incremental/QF_BV/uclid/catchconv/convert-jpg2gif-query-1491.smt2,897.868,0,45714,成功
/pub/data/jiafq/iscas/Parser_Comparison/../benchmarks/part39/non-incremental/QF_BV/uclid/catchconv/convert-jpg2gif-query-1492.smt2,873.171,0,45781,成功
/pub/data/jiafq/iscas/Parser_Comparison/../benchmarks/part39/non-incremental/QF_BV/uclid/catchconv/convert-jpg2gif-query-1493.smt2,875.305,0,45847,成功
/pub/data/jiafq/iscas/Parser_Comparison/../benchmarks/part39/non-incremental/QF_BV/uclid/catchconv/convert-jpg2gif-query-1494.smt2,901.621,0,45921,成功
/pub/data/jiafq/iscas/Parser_Comparison/../benchmarks/part39/non-incremental/QF_BV/uclid/catchconv/convert-jpg2gif-query-1496.smt2,884.502,0,46065,成功
/pub/data/jiafq/iscas/Parser_Comparison/../benchmarks/part39/non-incremental/QF_BV/uclid/catchconv/convert-jpg2gif-query-1497.smt2,917.19,0,46132,成功
/pub/data/jiafq/iscas/Parser_Comparison/../benchmarks/part39/non-incremental/QF_BV/uclid/catchconv/convert-jpg2gif-query-1498.smt2,883.231,0,46199,成功
/pub/data/jiafq/iscas/Parser_Comparison/../benchmarks/part39/non-incremental/QF_BV/uclid/catchconv/convert-jpg2gif-query-1499.smt2,896.469,0,46265,成功
/pub/data/jiafq/iscas/Parser_Comparison/../benchmarks/part39/non-incremental/QF_BV/uclid/catchconv/convert-jpg2gif-query-1501.smt2,891.138,0,46421,成功
/pub/data/jiafq/iscas/Parser_Comparison/../benchmarks/part39/non-incremental/QF_BV/uclid/catchconv/convert-jpg2gif-query-1502.smt2,889.434,0,46487,成功
/pub/data/jiafq/iscas/Parser_Comparison/../benchmarks/part39/non-incremental/QF_BV/uclid/catchconv/convert-jpg2gif-query-1503.smt2,891.66,0,46560,成功
/pub/data/jiafq/iscas/Parser_Comparison/../benchmarks/part39/non-incremental/QF_BV/uclid/catchconv/convert-jpg2gif-query-1504.smt2,894.343,0,46633,成功
/pub/data/jiafq/iscas/Parser_Comparison/../benchmarks/part39/non-incremental/QF_BV/uclid/catchconv/convert-jpg2gif-query-1505.smt2,918.609,0,46742,成功
/pub/data/jiafq/iscas/Parser_Comparison/../benchmarks/part39/non-incremental/QF_BV/uclid/catchconv/convert-jpg2gif-query-1506.smt2,912.519,0,46815,成功
/pub/data/jiafq/iscas/Parser_Comparison/../benchmarks/part39/non-incremental/QF_BV/uclid/catchconv/convert-jpg2gif-query-1507.smt2,936.474,0,46889,成功
/pub/data/jiafq/iscas/Parser_Comparison/../benchmarks/part39/non-incremental/QF_BV/uclid/catchconv/convert-jpg2gif-query-1508.smt2,934.731,0,46956,成功
/pub/data/jiafq/iscas/Parser_Comparison/../benchmarks/part39/non-incremental/QF_BV/uclid/catchconv/convert-jpg2gif-query-1509.smt2,920.707,0,47022,成功
/pub/data/jiafq/iscas/Parser_Comparison/../benchmarks/part39/non-incremental/QF_BV/uclid/catchconv/convert-jpg2gif-query-1511.smt2,920.382,0,47178,成功
/pub/data/jiafq/iscas/Parser_Comparison/../benchmarks/part39/non-incremental/QF_BV/uclid/catchconv/convert-jpg2gif-query-1512.smt2,939.877,0,47244,成功
/pub/data/jiafq/iscas/Parser_Comparison/../benchmarks/part39/non-incremental/QF_BV/uclid/catchconv/convert-jpg2gif-query-1513.smt2,931.548,0,47317,成功
/pub/data/jiafq/iscas/Parser_Comparison/../benchmarks/part39/non-incremental/QF_BV/uclid/catchconv/convert-jpg2gif-query-1514.smt2,910.776,0,47391,成功
/pub/data/jiafq/iscas/Parser_Comparison/../benchmarks/part39/non-incremental/QF_BV/uclid/catchconv/convert-jpg2gif-query-1516.smt2,923.717,0,47539,成功
/pub/data/jiafq/iscas/Parser_Comparison/../benchmarks/part39/non-incremental/QF_BV/uclid/catchconv/convert-jpg2gif-query-1517.smt2,915.567,0,47613,成功
/pub/data/jiafq/iscas/Parser_Comparison/../benchmarks/part39/non-incremental/QF_BV/uclid/catchconv/convert-jpg2gif-query-1518.smt2,923.858,0,47679,成功
/pub/data/jiafq/iscas/Parser_Comparison/../benchmarks/part39/non-incremental/QF_BV/uclid/catchconv/convert-jpg2gif-query-1519.smt2,917.343,0,47753,成功
/pub/data/jiafq/iscas/Parser_Comparison/../benchmarks/part39/non-incremental/QF_BV/uclid/catchconv/convert-jpg2gif-query-1520.smt2,941.938,0,47819,成功
/pub/data/jiafq/iscas/Parser_Comparison/../benchmarks/part39/non-incremental/QF_BV/uclid/catchconv/convert-jpg2gif-query-1522.smt2,922.273,0,47975,成功
/pub/data/jiafq/iscas/Parser_Comparison/../benchmarks/part39/non-incremental/QF_BV/uclid/catchconv/convert-jpg2gif-query-1523.smt2,959.135,0,48041,成功
/pub/data/jiafq/iscas/Parser_Comparison/../benchmarks/part39/non-incremental/QF_BV/uclid/catchconv/convert-jpg2gif-query-1524.smt2,937.972,0,48114,成功
/pub/data/jiafq/iscas/Parser_Comparison/../benchmarks/part39/non-incremental/QF_BV/uclid/catchconv/convert-jpg2gif-query-1525.smt2,940.21,0,48187,成功
/pub/data/jiafq/iscas/Parser_Comparison/../benchmarks/part39/non-incremental/QF_BV/uclid/catchconv/convert-jpg2gif-query-1526.smt2,948.539,0,48296,成功
/pub/data/jiafq/iscas/Parser_Comparison/../benchmarks/part39/non-incremental/QF_BV/uclid/catchconv/convert-jpg2gif-query-1527.smt2,1015.82,0,48369,成功
/pub/data/jiafq/iscas/Parser_Comparison/../benchmarks/part39/non-incremental/QF_BV/uclid/catchconv/convert-jpg2gif-query-1528.smt2,920.99,0,48442,成功
/pub/data/jiafq/iscas/Parser_Comparison/../benchmarks/part39/non-incremental/QF_BV/uclid/catchconv/convert-jpg2gif-query-1529.smt2,934.322,0,48515,成功
/pub/data/jiafq/iscas/Parser_Comparison/../benchmarks/part39/non-incremental/QF_BV/uclid/catchconv/convert-jpg2gif-query-1530.smt2,962.505,0,48588,成功
/pub/data/jiafq/iscas/Parser_Comparison/../benchmarks/part39/non-incremental/QF_BV/uclid/catchconv/convert-jpg2gif-query-1532.smt2,954.316,0,48743,成功
/pub/data/jiafq/iscas/Parser_Comparison/../benchmarks/part39/non-incremental/QF_BV/uclid/catchconv/convert-jpg2gif-query-1533.smt2,950.968,0,48816,成功
/pub/data/jiafq/iscas/Parser_Comparison/../benchmarks/part39/non-incremental/QF_BV/uclid/catchconv/convert-jpg2gif-query-1534.smt2,980.955,0,48890,成功
/pub/data/jiafq/iscas/Parser_Comparison/../benchmarks/part39/non-incremental/QF_BV/uclid/catchconv/convert-jpg2gif-query-1535.smt2,954.182,0,48956,成功
/pub/data/jiafq/iscas/Parser_Comparison/../benchmarks/part39/non-incremental/QF_BV/uclid/catchconv/convert-jpg2gif-query-1536.smt2,950.945,0,49029,成功
/pub/data/jiafq/iscas/Parser_Comparison/../benchmarks/part39/non-incremental/QF_BV/uclid/catchconv/convert-jpg2gif-query-1538.smt2,994.442,0,49184,成功
/pub/data/jiafq/iscas/Parser_Comparison/../benchmarks/part39/non-incremental/QF_BV/uclid/catchconv/convert-jpg2gif-query-1539.smt2,976.612,0,49258,成功
/pub/data/jiafq/iscas/Parser_Comparison/../benchmarks/part39/non-incremental/QF_BV/uclid/catchconv/convert-jpg2gif-query-1540.smt2,1024.43,0,49324,成功
/pub/data/jiafq/iscas/Parser_Comparison/../benchmarks/part39/non-incremental/QF_BV/uclid/catchconv/convert-jpg2gif-query-1541.smt2,950.951,0,49397,成功
/pub/data/jiafq/iscas/Parser_Comparison/../benchmarks/part39/non-incremental/QF_BV/uclid/catchconv/convert-jpg2gif-query-1543.smt2,971.682,0,49506,成功
/pub/data/jiafq/iscas/Parser_Comparison/../benchmarks/part39/non-incremental/QF_BV/uclid/catchconv/convert-jpg2gif-query-1544.smt2,979.325,0,49541,成功
/pub/data/jiafq/iscas/Parser_Comparison/../benchmarks/part39/non-incremental/QF_BV/uclid/catchconv/convert-jpg2gif-query-1545.smt2,1012.46,0,49551,成功
/pub/data/jiafq/iscas/Parser_Comparison/../benchmarks/part39/non-incremental/QF_BV/uclid/catchconv/convert-jpg2gif-query-1546.smt2,996.914,0,49566,成功
/pub/data/jiafq/iscas/Parser_Comparison/../benchmarks/part39/non-incremental/QF_BV/uclid/catchconv/convert-jpg2gif-query-1547.smt2,971.263,0,49610,成功
/pub/data/jiafq/iscas/Parser_Comparison/../benchmarks/part39/non-incremental/QF_BV/uclid/catchconv/convert-jpg2gif-query-1548.smt2,993.205,0,49661,成功
/pub/data/jiafq/iscas/Parser_Comparison/../benchmarks/part39/non-incremental/QF_BV/uclid/catchconv/convert-jpg2gif-query-1549.smt2,972.59,0,49667,成功
/pub/data/jiafq/iscas/Parser_Comparison/../benchmarks/part39/non-incremental/QF_BV/uclid/catchconv/convert-jpg2gif-query-1550.smt2,971.007,0,49694,成功
/pub/data/jiafq/iscas/Parser_Comparison/../benchmarks/part39/non-incremental/QF_BV/uclid/catchconv/convert-jpg2gif-query-1551.smt2,972.994,0,49985,成功
/pub/data/jiafq/iscas/Parser_Comparison/../benchmarks/part39/non-incremental/QF_BV/uclid/catchconv/convert-jpg2gif-query-1552.smt2,1001.32,0,50028,成功
/pub/data/jiafq/iscas/Parser_Comparison/../benchmarks/part39/non-incremental/QF_BV/uclid/catchconv/convert-jpg2gif-query-1553.smt2,983.827,0,50038,成功
/pub/data/jiafq/iscas/Parser_Comparison/../benchmarks/part39/non-incremental/QF_BV/uclid/catchconv/convert-jpg2gif-query-1554.smt2,978.787,0,50053,成功
/pub/data/jiafq/iscas/Parser_Comparison/../benchmarks/part39/non-incremental/QF_BV/uclid/catchconv/convert-jpg2gif-query-1555.smt2,1024.87,0,50095,成功
/pub/data/jiafq/iscas/Parser_Comparison/../benchmarks/part39/non-incremental/QF_BV/uclid/catchconv/convert-jpg2gif-query-1556.smt2,1005.74,0,50107,成功
/pub/data/jiafq/iscas/Parser_Comparison/../benchmarks/part39/non-incremental/QF_BV/uclid/catchconv/convert-jpg2gif-query-1557.smt2,983.852,0,50156,成功
/pub/data/jiafq/iscas/Parser_Comparison/../benchmarks/part39/non-incremental/QF_BV/uclid/catchconv/convert-jpg2gif-query-1558.smt2,967.853,0,50162,成功
/pub/data/jiafq/iscas/Parser_Comparison/../benchmarks/part39/non-incremental/QF_BV/uclid/catchconv/convert-jpg2gif-query-1559.smt2,1025.64,0,50187,成功
/pub/data/jiafq/iscas/Parser_Comparison/../benchmarks/part39/non-incremental/QF_BV/uclid/catchconv/convert-jpg2gif-query-1560.smt2,1004.43,0,50478,成功
/pub/data/jiafq/iscas/Parser_Comparison/../benchmarks/part39/non-incremental/QF_BV/uclid/catchconv/convert-jpg2gif-query-1561.smt2,1019.11,0,50521,成功
/pub/data/jiafq/iscas/Parser_Comparison/../benchmarks/part39/non-incremental/QF_BV/uclid/catchconv/convert-jpg2gif-query-1562.smt2,1004.5,0,50531,成功
/pub/data/jiafq/iscas/Parser_Comparison/../benchmarks/part39/non-incremental/QF_BV/uclid/catchconv/convert-jpg2gif-query-1563.smt2,1023.78,0,50546,成功
/pub/data/jiafq/iscas/Parser_Comparison/../benchmarks/part39/non-incremental/QF_BV/uclid/catchconv/convert-jpg2gif-query-1564.smt2,999.795,0,50590,成功
/pub/data/jiafq/iscas/Parser_Comparison/../benchmarks/part39/non-incremental/QF_BV/uclid/catchconv/convert-jpg2gif-query-1565.smt2,1022.92,0,50604,成功
/pub/data/jiafq/iscas/Parser_Comparison/../benchmarks/part39/non-incremental/QF_BV/uclid/catchconv/convert-jpg2gif-query-1566.smt2,990.938,0,50653,成功
/pub/data/jiafq/iscas/Parser_Comparison/../benchmarks/part39/non-incremental/QF_BV/uclid/catchconv/convert-jpg2gif-query-1567.smt2,1025.77,0,50659,成功
/pub/data/jiafq/iscas/Parser_Comparison/../benchmarks/part39/non-incremental/QF_BV/uclid/catchconv/convert-jpg2gif-query-1568.smt2,985.276,0,50686,成功
/pub/data/jiafq/iscas/Parser_Comparison/../benchmarks/part39/non-incremental/QF_BV/uclid/catchconv/convert-jpg2gif-query-1569.smt2,1045.19,212,50977,成功
/pub/data/jiafq/iscas/Parser_Comparison/../benchmarks/part39/non-incremental/QF_BV/uclid/catchconv/convert-jpg2gif-query-1570.smt2,1027.32,0,51020,成功
/pub/data/jiafq/iscas/Parser_Comparison/../benchmarks/part39/non-incremental/QF_BV/uclid/catchconv/convert-jpg2gif-query-1571.smt2,1020.85,0,51030,成功
/pub/data/jiafq/iscas/Parser_Comparison/../benchmarks/part39/non-incremental/QF_BV/uclid/catchconv/convert-jpg2gif-query-1572.smt2,1049.71,0,51045,成功
/pub/data/jiafq/iscas/Parser_Comparison/../benchmarks/part39/non-incremental/QF_BV/uclid/catchconv/convert-jpg2gif-query-1573.smt2,1017.35,0,51087,成功
/pub/data/jiafq/iscas/Parser_Comparison/../benchmarks/part39/non-incremental/QF_BV/uclid/catchconv/convert-jpg2gif-query-1574.smt2,1037.32,0,51099,成功
/pub/data/jiafq/iscas/Parser_Comparison/../benchmarks/part39/non-incremental/QF_BV/uclid/catchconv/convert-jpg2gif-query-1575.smt2,1013.45,0,51148,成功
/pub/data/jiafq/iscas/Parser_Comparison/../benchmarks/part39/non-incremental/QF_BV/uclid/catchconv/convert-jpg2gif-query-1576.smt2,995.105,0,51154,成功
/pub/data/jiafq/iscas/Parser_Comparison/../benchmarks/part39/non-incremental/QF_BV/uclid/catchconv/convert-jpg2gif-query-1577.smt2,992.504,0,51179,成功
/pub/data/jiafq/iscas/Parser_Comparison/../benchmarks/part39/non-incremental/QF_BV/uclid/catchconv/convert-jpg2gif-query-1578.smt2,1047.4,0,51470,成功
/pub/data/jiafq/iscas/Parser_Comparison/../benchmarks/part39/non-incremental/QF_BV/uclid/catchconv/convert-jpg2gif-query-1579.smt2,1034.44,0,51513,成功
/pub/data/jiafq/iscas/Parser_Comparison/../benchmarks/part39/non-incremental/QF_BV/uclid/catchconv/convert-jpg2gif-query-1580.smt2,1005.26,0,51523,成功
/pub/data/jiafq/iscas/Parser_Comparison/../benchmarks/part39/non-incremental/QF_BV/uclid/catchconv/convert-jpg2gif-query-1581.smt2,1047,0,51540,成功
/pub/data/jiafq/iscas/Parser_Comparison/../benchmarks/part39/non-incremental/QF_BV/uclid/catchconv/convert-jpg2gif-query-1582.smt2,997.062,0,51584,成功
/pub/data/jiafq/iscas/Parser_Comparison/../benchmarks/part39/non-incremental/QF_BV/uclid/catchconv/convert-jpg2gif-query-1583.smt2,1020.11,0,51635,成功
/pub/data/jiafq/iscas/Parser_Comparison/../benchmarks/part39/non-incremental/QF_BV/uclid/catchconv/convert-jpg2gif-query-1584.smt2,1027.43,0,51641,成功
/pub/data/jiafq/iscas/Parser_Comparison/../benchmarks/part39/non-incremental/QF_BV/uclid/catchconv/convert-jpg2gif-query-1585.smt2,1056.79,0,51666,成功
/pub/data/jiafq/iscas/Parser_Comparison/../benchmarks/part39/non-incremental/QF_BV/uclid/catchconv/convert-jpg2gif-query-1586.smt2,1042.77,0,51957,成功
/pub/data/jiafq/iscas/Parser_Comparison/../benchmarks/part39/non-incremental/QF_BV/uclid/catchconv/convert-jpg2gif-query-1587.smt2,1002.09,0,52000,成功
/pub/data/jiafq/iscas/Parser_Comparison/../benchmarks/part39/non-incremental/QF_BV/uclid/catchconv/convert-jpg2gif-query-1588.smt2,1001.08,0,52010,成功
/pub/data/jiafq/iscas/Parser_Comparison/../benchmarks/part39/non-incremental/QF_BV/uclid/catchconv/convert-jpg2gif-query-1589.smt2,1030.83,0,52025,成功
/pub/data/jiafq/iscas/Parser_Comparison/../benchmarks/part39/non-incremental/QF_BV/uclid/catchconv/convert-jpg2gif-query-1590.smt2,1028.27,0,52067,成功
/pub/data/jiafq/iscas/Parser_Comparison/../benchmarks/part39/non-incremental/QF_BV/uclid/catchconv/convert-jpg2gif-query-1591.smt2,1043.18,0,52079,成功
/pub/data/jiafq/iscas/Parser_Comparison/../benchmarks/part39/non-incremental/QF_BV/uclid/catchconv/convert-jpg2gif-query-1592.smt2,1046.33,0,52128,成功
/pub/data/jiafq/iscas/Parser_Comparison/../benchmarks/part39/non-incremental/QF_BV/uclid/catchconv/convert-jpg2gif-query-1593.smt2,1026.39,0,52134,成功
/pub/data/jiafq/iscas/Parser_Comparison/../benchmarks/part39/non-incremental/QF_BV/uclid/catchconv/convert-jpg2gif-query-1594.smt2,1025.45,0,52159,成功
/pub/data/jiafq/iscas/Parser_Comparison/../benchmarks/part39/non-incremental/QF_BV/uclid/catchconv/convert-jpg2gif-query-1595.smt2,1045.93,0,52450,成功
/pub/data/jiafq/iscas/Parser_Comparison/../benchmarks/part39/non-incremental/QF_BV/uclid/catchconv/convert-jpg2gif-query-1596.smt2,1054.49,0,52481,成功
/pub/data/jiafq/iscas/Parser_Comparison/../benchmarks/part39/non-incremental/QF_BV/uclid/catchconv/convert-jpg2gif-query-1597.smt2,1092.09,0,52500,成功
/pub/data/jiafq/iscas/Parser_Comparison/../benchmarks/part39/non-incremental/QF_BV/uclid/catchconv/convert-jpg2gif-query-1598.smt2,1035.76,0,52542,成功
/pub/data/jiafq/iscas/Parser_Comparison/../benchmarks/part39/non-incremental/QF_BV/uclid/catchconv/convert-jpg2gif-query-1599.smt2,1045.87,0,52554,成功
/pub/data/jiafq/iscas/Parser_Comparison/../benchmarks/part39/non-incremental/QF_BV/uclid/catchconv/convert-jpg2gif-query-1600.smt2,1016.52,0,52599,成功
/pub/data/jiafq/iscas/Parser_Comparison/../benchmarks/part39/non-incremental/QF_BV/uclid/catchconv/convert-jpg2gif-query-1601.smt2,1023.45,0,52620,成功
/pub/data/jiafq/iscas/Parser_Comparison/../benchmarks/part39/non-incremental/QF_BV/uclid/catchconv/convert-jpg2gif-query-1602.smt2,1044.69,0,52888,成功
/pub/data/jiafq/iscas/Parser_Comparison/../benchmarks/part39/non-incremental/QF_BV/uclid/catchconv/convert-jpg2gif-query-1603.smt2,1143.92,0,52922,成功
/pub/data/jiafq/iscas/Parser_Comparison/../benchmarks/part39/non-incremental/QF_BV/uclid/catchconv/convert-jpg2gif-query-1604.smt2,1084.89,0,52961,成功
/pub/data/jiafq/iscas/Parser_Comparison/../benchmarks/part39/non-incremental/QF_BV/uclid/catchconv/convert-jpg2gif-query-1605.smt2,1034.96,0,52971,成功
/pub/data/jiafq/iscas/Parser_Comparison/../benchmarks/part39/non-incremental/QF_BV/uclid/catchconv/convert-jpg2gif-query-1606.smt2,1025.4,0,52986,成功
/pub/data/jiafq/iscas/Parser_Comparison/../benchmarks/part39/non-incremental/QF_BV/uclid/catchconv/convert-jpg2gif-query-1607.smt2,1024.69,0,53028,成功
/pub/data/jiafq/iscas/Parser_Comparison/../benchmarks/part39/non-incremental/QF_BV/uclid/catchconv/convert-jpg2gif-query-1608.smt2,1060.79,0,53040,成功
/pub/data/jiafq/iscas/Parser_Comparison/../benchmarks/part39/non-incremental/QF_BV/uclid/catchconv/convert-jpg2gif-query-1609.smt2,1052.28,0,53089,成功
/pub/data/jiafq/iscas/Parser_Comparison/../benchmarks/part39/non-incremental/QF_BV/uclid/catchconv/convert-jpg2gif-query-1610.smt2,1066.76,0,53095,成功
/pub/data/jiafq/iscas/Parser_Comparison/../benchmarks/part39/non-incremental/QF_BV/uclid/catchconv/convert-jpg2gif-query-1611.smt2,1039.76,0,53124,成功
/pub/data/jiafq/iscas/Parser_Comparison/../benchmarks/part39/non-incremental/QF_BV/uclid/catchconv/convert-jpg2gif-query-1612.smt2,1035.53,0,53401,成功
/pub/data/jiafq/iscas/Parser_Comparison/../benchmarks/part39/non-incremental/QF_BV/uclid/catchconv/convert-jpg2gif-query-1613.smt2,1057.4,0,53824,成功
/pub/data/jiafq/iscas/Parser_Comparison/../benchmarks/part39/non-incremental/QF_BV/uclid/catchconv/convert-jpg2gif-query-1614.smt2,1088.03,0,54247,成功
/pub/data/jiafq/iscas/Parser_Comparison/../benchmarks/part39/non-incremental/QF_BV/uclid/catchconv/convert-jpg2gif-query-1615.smt2,1076.4,0,54670,成功
/pub/data/jiafq/iscas/Parser_Comparison/../benchmarks/part39/non-incremental/QF_BV/uclid/catchconv/convert-jpg2gif-query-1616.smt2,1089.34,0,55093,成功
/pub/data/jiafq/iscas/Parser_Comparison/../benchmarks/part39/non-incremental/QF_BV/uclid/catchconv/convert-jpg2gif-query-1617.smt2,1086.3,0,55516,成功
/pub/data/jiafq/iscas/Parser_Comparison/../benchmarks/part39/non-incremental/QF_BV/uclid/catchconv/convert-jpg2gif-query-1618.smt2,1121.22,0,55939,成功
/pub/data/jiafq/iscas/Parser_Comparison/../benchmarks/part39/non-incremental/QF_BV/uclid/catchconv/convert-jpg2gif-query-1619.smt2,1085.42,0,56362,成功
/pub/data/jiafq/iscas/Parser_Comparison/../benchmarks/part39/non-incremental/QF_BV/uclid/catchconv/convert-jpg2gif-query-1621.smt2,1114,0,56819,成功
/pub/data/jiafq/iscas/Parser_Comparison/../benchmarks/part39/non-incremental/QF_BV/uclid/catchconv/convert-jpg2gif-query-1622.smt2,1152.19,0,56875,成功
/pub/data/jiafq/iscas/Parser_Comparison/../benchmarks/part39/non-incremental/QF_BV/uclid/catchconv/convert-jpg2gif-query-1630.smt2,1129.03,0,56984,成功
/pub/data/jiafq/iscas/Parser_Comparison/../benchmarks/part39/non-incremental/QF_BV/uclid/catchconv/convert-jpg2gif-query-1631.smt2,1118.36,0,57040,成功
/pub/data/jiafq/iscas/Parser_Comparison/../benchmarks/part39/non-incremental/QF_BV/uclid/catchconv/convert-jpg2gif-query-1639.smt2,1147.53,0,57149,成功
/pub/data/jiafq/iscas/Parser_Comparison/../benchmarks/part39/non-incremental/QF_BV/uclid/catchconv/convert-jpg2gif-query-1640.smt2,1182.63,0,57205,成功
/pub/data/jiafq/iscas/Parser_Comparison/../benchmarks/part39/non-incremental/QF_BV/uclid/catchconv/convert-jpg2gif-query-1648.smt2,1120.07,0,57314,成功
/pub/data/jiafq/iscas/Parser_Comparison/../benchmarks/part39/non-incremental/QF_BV/uclid/catchconv/convert-jpg2gif-query-1649.smt2,1172.44,0,57370,成功
/pub/data/jiafq/iscas/Parser_Comparison/../benchmarks/part39/non-incremental/QF_BV/uclid/catchconv/convert-jpg2gif-query-1657.smt2,1158.2,0,57479,成功
/pub/data/jiafq/iscas/Parser_Comparison/../benchmarks/part39/non-incremental/QF_BV/uclid/catchconv/convert-jpg2gif-query-1658.smt2,1154.99,0,57535,成功
/pub/data/jiafq/iscas/Parser_Comparison/../benchmarks/part39/non-incremental/QF_BV/uclid/catchconv/convert-jpg2gif-query-1666.smt2,1176.06,0,57644,成功
/pub/data/jiafq/iscas/Parser_Comparison/../benchmarks/part39/non-incremental/QF_BV/uclid/catchconv/convert-jpg2gif-query-1667.smt2,1123.97,0,57700,成功
/pub/data/jiafq/iscas/Parser_Comparison/../benchmarks/part39/non-incremental/QF_BV/uclid/catchconv/convert-jpg2gif-query-1675.smt2,1144.03,0,57809,成功
/pub/data/jiafq/iscas/Parser_Comparison/../benchmarks/part39/non-incremental/QF_BV/uclid/catchconv/convert-jpg2gif-query-1676.smt2,1141.44,0,57865,成功
/pub/data/jiafq/iscas/Parser_Comparison/../benchmarks/part39/non-incremental/QF_BV/uclid/catchconv/convert-jpg2gif-query-1684.smt2,1138.87,0,57974,成功
/pub/data/jiafq/iscas/Parser_Comparison/../benchmarks/part39/non-incremental/QF_BV/uclid/catchconv/convert-jpg2gif-query-1685.smt2,1159.87,0,58030,成功
/pub/data/jiafq/iscas/Parser_Comparison/../benchmarks/part39/non-incremental/QF_BV/uclid/catchconv/convert-jpg2gif-query-2120.smt2,169.945,0,8821,成功
/pub/data/jiafq/iscas/Parser_Comparison/../benchmarks/part39/non-incremental/QF_BV/uclid/catchconv/convert-jpg2gif-query-2121.smt2,175.782,0,8841,成功
/pub/data/jiafq/iscas/Parser_Comparison/../benchmarks/part39/non-incremental/QF_BV/uclid/catchconv/convert-jpg2gif-query-2122.smt2,174.682,0,8944,成功
/pub/data/jiafq/iscas/Parser_Comparison/../benchmarks/part39/non-incremental/QF_BV/uclid/catchconv/convert-jpg2gif-query-2124.smt2,169.186,0,9004,成功
/pub/data/jiafq/iscas/Parser_Comparison/../benchmarks/part39/non-incremental/QF_BV/uclid/catchconv/convert-jpg2gif-query-2126.smt2,169.992,0,9067,成功
/pub/data/jiafq/iscas/Parser_Comparison/../benchmarks/part39/non-incremental/QF_BV/uclid/catchconv/convert-jpg2gif-query-2127.smt2,169.469,0,9087,成功
/pub/data/jiafq/iscas/Parser_Comparison/../benchmarks/part39/non-incremental/QF_BV/uclid/catchconv/convert-jpg2gif-query-2130.smt2,172.675,0,9250,成功
/pub/data/jiafq/iscas/Parser_Comparison/../benchmarks/part39/non-incremental/QF_BV/uclid/catchconv/convert-jpg2gif-query-2132.smt2,171.591,0,9313,成功
/pub/data/jiafq/iscas/Parser_Comparison/../benchmarks/part39/non-incremental/QF_BV/uclid/catchconv/convert-jpg2gif-query-2133.smt2,171.282,0,9333,成功
/pub/data/jiafq/iscas/Parser_Comparison/../benchmarks/part39/non-incremental/QF_BV/uclid/catchconv/convert-jpg2gif-query-2134.smt2,178.73,0,9436,成功
/pub/data/jiafq/iscas/Parser_Comparison/../benchmarks/part39/non-incremental/QF_BV/uclid/catchconv/convert-jpg2gif-query-2136.smt2,184.299,0,9496,成功
/pub/data/jiafq/iscas/Parser_Comparison/../benchmarks/part39/non-incremental/QF_BV/uclid/catchconv/convert-jpg2gif-query-2138.smt2,184.475,0,9559,成功
/pub/data/jiafq/iscas/Parser_Comparison/../benchmarks/part39/non-incremental/QF_BV/uclid/catchconv/convert-jpg2gif-query-2139.smt2,186.951,0,9579,成功
/pub/data/jiafq/iscas/Parser_Comparison/../benchmarks/part39/non-incremental/QF_BV/uclid/catchconv/convert-jpg2gif-query-2140.smt2,177.554,0,9683,成功
/pub/data/jiafq/iscas/Parser_Comparison/../benchmarks/part39/non-incremental/QF_BV/uclid/catchconv/convert-jpg2gif-query-2141.smt2,184.093,0,9716,成功
/pub/data/jiafq/iscas/Parser_Comparison/../benchmarks/part39/non-incremental/QF_BV/uclid/catchconv/convert-jpg2gif-query-901.smt2,42.224,0,2114,成功
/pub/data/jiafq/iscas/Parser_Comparison/../benchmarks/part39/non-incremental/QF_BV/uclid/catchconv/convert-tiff2jpg-query-1831.smt2,113.509,0,5828,成功
/pub/data/jiafq/iscas/Parser_Comparison/../benchmarks/part39/non-incremental/QF_BV/uclid/catchconv/mplayer-mp3-query-15803-snippet3.mp3.smt2,1104.87,0,1,成功
/pub/data/jiafq/iscas/Parser_Comparison/../benchmarks/part39/non-incremental/QF_BV/uclid/tcas/tcas45_k_0.smt2,1.66819,0,1,成功
/pub/data/jiafq/iscas/Parser_Comparison/../benchmarks/part39/non-incremental/QF_BV/uclid/tcas/tcas60_k_0.smt2,1.92365,0,1,成功
/pub/data/jiafq/iscas/Parser_Comparison/../benchmarks/part39/non-incremental/QF_BV/uclid_contrib_smtcomp09/btfnt_bv_formula.smt2,2.33047,0,1,成功
/pub/data/jiafq/iscas/Parser_Comparison/../benchmarks/part39/non-incremental/QF_BV/uclid_contrib_smtcomp09/full_bv_formula.smt2,2.61478,0,1,成功
/pub/data/jiafq/iscas/Parser_Comparison/../benchmarks/part39/non-incremental/QF_BV/uclid_contrib_smtcomp09/lf_bv_formula.smt2,3.10592,0,1,成功
/pub/data/jiafq/iscas/Parser_Comparison/../benchmarks/part39/non-incremental/QF_BV/uclid_contrib_smtcomp09/nt_bv_formula.smt2,2.16926,0,1,成功
/pub/data/jiafq/iscas/Parser_Comparison/../benchmarks/part39/non-incremental/QF_BV/uclid_contrib_smtcomp09/stall_bv_formula.smt2,4.72233,0,1,成功
/pub/data/jiafq/iscas/Parser_Comparison/../benchmarks/part39/non-incremental/QF_BV/uclid_contrib_smtcomp09/std_bv_formula.smt2,2.55086,0,1,成功
/pub/data/jiafq/iscas/Parser_Comparison/../benchmarks/part39/non-incremental/QF_BV/uclid_contrib_smtcomp09/sw_bv_formula.smt2,2.37469,0,1,成功
/pub/data/jiafq/iscas/Parser_Comparison/../benchmarks/part39/non-incremental/QF_BV/uum/uum12.smt2,53.3906,0,2769,成功
/pub/data/jiafq/iscas/Parser_Comparison/../benchmarks/part39/non-incremental/QF_BV/uum/uum16.smt2,69.5194,0,3681,成功
/pub/data/jiafq/iscas/Parser_Comparison/../benchmarks/part39/non-incremental/QF_BV/uum/uum20.smt2,92.1462,0,4593,成功
/pub/data/jiafq/iscas/Parser_Comparison/../benchmarks/part39/non-incremental/QF_BV/uum/uum24.smt2,110.376,0,5505,成功
/pub/data/jiafq/iscas/Parser_Comparison/../benchmarks/part39/non-incremental/QF_BV/uum/uum28.smt2,127.749,0,6417,成功
/pub/data/jiafq/iscas/Parser_Comparison/../benchmarks/part39/non-incremental/QF_BV/uum/uum32.smt2,146.435,0,7329,成功
/pub/data/jiafq/iscas/Parser_Comparison/../benchmarks/part39/non-incremental/QF_BV/uum/uum4.smt2,18.952,0,945,成功
/pub/data/jiafq/iscas/Parser_Comparison/../benchmarks/part39/non-incremental/QF_BV/uum/uum8.smt2,35.6307,0,1857,成功
/pub/data/jiafq/iscas/Parser_Comparison/../benchmarks/part39/non-incremental/QF_BV/wienand-cav2008/Booth/mult_ub_16x16_1.sf.smt2,77.7644,0,4919,成功
/pub/data/jiafq/iscas/Parser_Comparison/../benchmarks/part39/non-incremental/QF_BV/wienand-cav2008/Booth/mult_ub_32x32_1.sf.smt2,299.228,0,19039,成功
/pub/data/jiafq/iscas/Parser_Comparison/../benchmarks/part39/non-incremental/QF_BV/wienand-cav2008/Booth/mult_ub_48x48_1.sf.smt2,694.425,0,42375,成功
/pub/data/jiafq/iscas/Parser_Comparison/../benchmarks/part39/non-incremental/QF_BV/wienand-cav2008/Booth/mult_ub_4x4_1.sf.smt2,11.8635,0,377,成功
/pub/data/jiafq/iscas/Parser_Comparison/../benchmarks/part39/non-incremental/QF_BV/wienand-cav2008/Booth/mult_ub_64x64_1.sf.smt2,1253.05,0,74927,成功
/pub/data/jiafq/iscas/Parser_Comparison/../benchmarks/part39/non-incremental/QF_BV/wienand-cav2008/Booth/mult_ub_8x8_1.sf.smt2,28.9219,0,1315,成功
/pub/data/jiafq/iscas/Parser_Comparison/../benchmarks/part39/non-incremental/QF_BV/wienand-cav2008/Commute/commute04.sf.smt2,2.18386,0,46,成功
/pub/data/jiafq/iscas/Parser_Comparison/../benchmarks/part39/non-incremental/QF_BV/wienand-cav2008/Commute/commute08.sf.smt2,2.27509,0,46,成功
/pub/data/jiafq/iscas/Parser_Comparison/../benchmarks/part39/non-incremental/QF_BV/wienand-cav2008/Commute/commute16.sf.smt2,2.51366,0,46,成功
/pub/data/jiafq/iscas/Parser_Comparison/../benchmarks/part39/non-incremental/QF_BV/wienand-cav2008/Commute/commute32.sf.smt2,2.15051,0,46,成功
/pub/data/jiafq/iscas/Parser_Comparison/../benchmarks/part39/non-incremental/QF_BV/wienand-cav2008/Commute/commute48.sf.smt2,2.2378,0,46,成功
/pub/data/jiafq/iscas/Parser_Comparison/../benchmarks/part39/non-incremental/QF_BV/wienand-cav2008/Commute/commute64.sf.smt2,2.11139,0,46,成功
/pub/data/jiafq/iscas/Parser_Comparison/../benchmarks/part39/non-incremental/QF_BV/wienand-cav2008/Distrib/distrib04.sf.smt2,2.17069,0,49,成功
/pub/data/jiafq/iscas/Parser_Comparison/../benchmarks/part39/non-incremental/QF_BV/wienand-cav2008/Distrib/distrib08.sf.smt2,2.12952,0,49,成功
/pub/data/jiafq/iscas/Parser_Comparison/../benchmarks/part39/non-incremental/QF_BV/wienand-cav2008/Distrib/distrib16.sf.smt2,2.15106,0,49,成功
/pub/data/jiafq/iscas/Parser_Comparison/../benchmarks/part39/non-incremental/QF_BV/wienand-cav2008/Distrib/distrib32.sf.smt2,2.17285,0,49,成功
/pub/data/jiafq/iscas/Parser_Comparison/../benchmarks/part39/non-incremental/QF_BV/wienand-cav2008/Distrib/distrib48.sf.smt2,2.15919,0,49,成功
/pub/data/jiafq/iscas/Parser_Comparison/../benchmarks/part39/non-incremental/QF_BV/wienand-cav2008/Distrib/distrib64.sf.smt2,2.1852,0,49,成功
/pub/data/jiafq/iscas/Parser_Comparison/../benchmarks/part39/non-incremental/QF_IDL/20210312-Bouvier/vlsat3_c00.smt2,61.2957,0,2181,成功
/pub/data/jiafq/iscas/Parser_Comparison/../benchmarks/part39/non-incremental/QF_IDL/20210312-Bouvier/vlsat3_c01.smt2,111.033,0,4035,成功
/pub/data/jiafq/iscas/Parser_Comparison/../benchmarks/part39/non-incremental/QF_IDL/20210312-Bouvier/vlsat3_c02.smt2,485.517,0,21125,成功
/pub/data/jiafq/iscas/Parser_Comparison/../benchmarks/part39/non-incremental/QF_IDL/20210312-Bouvier/vlsat3_c03.smt2,2069.62,0,47301,成功
/pub/data/jiafq/iscas/Parser_Comparison/../benchmarks/part39/non-incremental/QF_IDL/20210312-Bouvier/vlsat3_c04.smt2,63.7144,0,2225,成功
/pub/data/jiafq/iscas/Parser_Comparison/../benchmarks/part39/non-incremental/QF_IDL/20210312-Bouvier/vlsat3_c05.smt2,110.848,0,4104,成功
/pub/data/jiafq/iscas/Parser_Comparison/../benchmarks/part39/non-incremental/QF_IDL/20210312-Bouvier/vlsat3_c06.smt2,114.29,0,4172,成功
/pub/data/jiafq/iscas/Parser_Comparison/../benchmarks/part39/non-incremental/QF_IDL/20210312-Bouvier/vlsat3_c07.smt2,703.617,0,24644,成功
/pub/data/jiafq/iscas/Parser_Comparison/../benchmarks/part39/non-incremental/QF_IDL/20210312-Bouvier/vlsat3_c08.smt2,91.9354,0,3072,成功
/pub/data/jiafq/iscas/Parser_Comparison/../benchmarks/part39/non-incremental/QF_IDL/20210312-Bouvier/vlsat3_c09.smt2,118.005,0,4239,成功
/pub/data/jiafq/iscas/Parser_Comparison/../benchmarks/part39/non-incremental/QF_IDL/20210312-Bouvier/vlsat3_c10.smt2,218.429,0,7560,成功
/pub/data/jiafq/iscas/Parser_Comparison/../benchmarks/part39/non-incremental/QF_IDL/20210312-Bouvier/vlsat3_c11.smt2,728.62,0,24971,成功
/pub/data/jiafq/iscas/Parser_Comparison/../benchmarks/part39/non-incremental/QF_IDL/20210312-Bouvier/vlsat3_c12.smt2,72.5792,0,2268,成功
/pub/data/jiafq/iscas/Parser_Comparison/../benchmarks/part39/non-incremental/QF_IDL/20210312-Bouvier/vlsat3_c13.smt2,196.674,0,7666,成功
/pub/data/jiafq/iscas/Parser_Comparison/../benchmarks/part39/non-incremental/QF_IDL/20210312-Bouvier/vlsat3_c14.smt2,269.439,0,10095,成功
/pub/data/jiafq/iscas/Parser_Comparison/../benchmarks/part39/non-incremental/QF_IDL/20210312-Bouvier/vlsat3_c15.smt2,396.254,0,15554,成功
/pub/data/jiafq/iscas/Parser_Comparison/../benchmarks/part39/non-incremental/QF_IDL/20210312-Bouvier/vlsat3_c16.smt2,71.9495,0,2351,成功
/pub/data/jiafq/iscas/Parser_Comparison/../benchmarks/part39/non-incremental/QF_IDL/20210312-Bouvier/vlsat3_c17.smt2,358.295,0,12164,成功
/pub/data/jiafq/iscas/Parser_Comparison/../benchmarks/part39/non-incremental/QF_IDL/20210312-Bouvier/vlsat3_c18.smt2,956.883,0,37785,成功
/pub/data/jiafq/iscas/Parser_Comparison/../benchmarks/part39/non-incremental/QF_IDL/20210312-Bouvier/vlsat3_c19.smt2,932.527,0,37566,成功
/pub/data/jiafq/iscas/Parser_Comparison/../benchmarks/part39/non-incremental/QF_IDL/20210312-Bouvier/vlsat3_c20.smt2,76.7409,0,2310,成功
/pub/data/jiafq/iscas/Parser_Comparison/../benchmarks/part39/non-incremental/QF_IDL/20210312-Bouvier/vlsat3_c21.smt2,134.198,0,4554,成功
/pub/data/jiafq/iscas/Parser_Comparison/../benchmarks/part39/non-incremental/QF_IDL/20210312-Bouvier/vlsat3_c22.smt2,209.389,0,7832,成功
/pub/data/jiafq/iscas/Parser_Comparison/../benchmarks/part39/non-incremental/QF_IDL/20210312-Bouvier/vlsat3_c23.smt2,230.721,0,8525,成功
/pub/data/jiafq/iscas/Parser_Comparison/../benchmarks/part39/non-incremental/QF_IDL/20210312-Bouvier/vlsat3_c24.smt2,82.382,0,2848,成功
/pub/data/jiafq/iscas/Parser_Comparison/../benchmarks/part39/non-incremental/QF_IDL/20210312-Bouvier/vlsat3_c25.smt2,245.15,0,9794,成功
/pub/data/jiafq/iscas/Parser_Comparison/../benchmarks/part39/non-incremental/QF_IDL/20210312-Bouvier/vlsat3_c26.smt2,389.001,0,15919,成功
/pub/data/jiafq/iscas/Parser_Comparison/../benchmarks/part39/non-incremental/QF_IDL/20210312-Bouvier/vlsat3_c27.smt2,499.672,0,19502,成功
/pub/data/jiafq/iscas/Parser_Comparison/../benchmarks/part39/non-incremental/QF_IDL/20210312-Bouvier/vlsat3_c28.smt2,102.637,0,3142,成功
/pub/data/jiafq/iscas/Parser_Comparison/../benchmarks/part39/non-incremental/QF_IDL/20210312-Bouvier/vlsat3_c29.smt2,483.562,0,19251,成功
/pub/data/jiafq/iscas/Parser_Comparison/../benchmarks/part39/non-incremental/QF_IDL/20210312-Bouvier/vlsat3_c30.smt2,935.576,0,38141,成功
/pub/data/jiafq/iscas/Parser_Comparison/../benchmarks/part39/non-incremental/QF_IDL/20210312-Bouvier/vlsat3_c31.smt2,924.271,0,37816,成功
/pub/data/jiafq/iscas/Parser_Comparison/../benchmarks/part39/non-incremental/QF_IDL/20210312-Bouvier/vlsat3_c32.smt2,126.48,0,4305,成功
/pub/data/jiafq/iscas/Parser_Comparison/../benchmarks/part39/non-incremental/QF_IDL/20210312-Bouvier/vlsat3_c33.smt2,298.69,0,11575,成功
/pub/data/jiafq/iscas/Parser_Comparison/../benchmarks/part39/non-incremental/QF_IDL/20210312-Bouvier/vlsat3_c34.smt2,658.796,0,27131,成功
/pub/data/jiafq/iscas/Parser_Comparison/../benchmarks/part39/non-incremental/QF_IDL/20210312-Bouvier/vlsat3_c35.smt2,710.752,0,29004,成功
/pub/data/jiafq/iscas/Parser_Comparison/../benchmarks/part39/non-incremental/QF_IDL/20210312-Bouvier/vlsat3_c36.smt2,250.781,0,9920,成功
/pub/data/jiafq/iscas/Parser_Comparison/../benchmarks/part39/non-incremental/QF_IDL/20210312-Bouvier/vlsat3_c37.smt2,298.655,0,10655,成功
/pub/data/jiafq/iscas/Parser_Comparison/../benchmarks/part39/non-incremental/QF_IDL/20210312-Bouvier/vlsat3_c38.smt2,604.259,0,24086,成功
/pub/data/jiafq/iscas/Parser_Comparison/../benchmarks/part39/non-incremental/QF_IDL/20210312-Bouvier/vlsat3_c39.smt2,724.454,0,29219,成功
/pub/data/jiafq/iscas/Parser_Comparison/../benchmarks/part39/non-incremental/QF_IDL/20210312-Bouvier/vlsat3_c40.smt2,439.929,0,17109,成功
/pub/data/jiafq/iscas/Parser_Comparison/../benchmarks/part39/non-incremental/QF_IDL/20210312-Bouvier/vlsat3_c41.smt2,566.89,0,21821,成功
/pub/data/jiafq/iscas/Parser_Comparison/../benchmarks/part39/non-incremental/QF_IDL/20210312-Bouvier/vlsat3_c42.smt2,619.228,0,24360,成功
/pub/data/jiafq/iscas/Parser_Comparison/../benchmarks/part39/non-incremental/QF_IDL/20210312-Bouvier/vlsat3_c43.smt2,613.655,0,24923,成功
/pub/data/jiafq/iscas/Parser_Comparison/../benchmarks/part39/non-incremental/QF_IDL/20210312-Bouvier/vlsat3_c44.smt2,224.427,0,7674,成功
/pub/data/jiafq/iscas/Parser_Comparison/../benchmarks/part39/non-incremental/QF_IDL/20210312-Bouvier/vlsat3_c45.smt2,208.855,0,7765,成功
/pub/data/jiafq/iscas/Parser_Comparison/../benchmarks/part39/non-incremental/QF_IDL/20210312-Bouvier/vlsat3_c46.smt2,525.039,0,21037,成功
/pub/data/jiafq/iscas/Parser_Comparison/../benchmarks/part39/non-incremental/QF_IDL/20210312-Bouvier/vlsat3_c47.smt2,632.489,0,25201,成功
/pub/data/jiafq/iscas/Parser_Comparison/../benchmarks/part39/non-incremental/QF_IDL/20210312-Bouvier/vlsat3_c48.smt2,73.1216,0,2367,成功
/pub/data/jiafq/iscas/Parser_Comparison/../benchmarks/part39/non-incremental/QF_IDL/20210312-Bouvier/vlsat3_c49.smt2,404.158,0,15705,成功
/pub/data/jiafq/iscas/Parser_Comparison/../benchmarks/part39/non-incremental/QF_IDL/20210312-Bouvier/vlsat3_c50.smt2,554.117,0,22185,成功
/pub/data/jiafq/iscas/Parser_Comparison/../benchmarks/part39/non-incremental/QF_IDL/20210312-Bouvier/vlsat3_c51.smt2,682.04,0,26775,成功
/pub/data/jiafq/iscas/Parser_Comparison/../benchmarks/part39/non-incremental/QF_IDL/20210312-Bouvier/vlsat3_c52.smt2,128.695,0,4370,成功
/pub/data/jiafq/iscas/Parser_Comparison/../benchmarks/part39/non-incremental/QF_IDL/20210312-Bouvier/vlsat3_c53.smt2,248.307,0,8910,成功
/pub/data/jiafq/iscas/Parser_Comparison/../benchmarks/part39/non-incremental/QF_IDL/20210312-Bouvier/vlsat3_c54.smt2,366.003,0,12275,成功
/pub/data/jiafq/iscas/Parser_Comparison/../benchmarks/part39/non-incremental/QF_IDL/20210312-Bouvier/vlsat3_c55.smt2,494.645,0,19138,成功
/pub/data/jiafq/iscas/Parser_Comparison/../benchmarks/part39/non-incremental/QF_IDL/20210312-Bouvier/vlsat3_c56.smt2,70.1921,0,1935,成功
/pub/data/jiafq/iscas/Parser_Comparison/../benchmarks/part39/non-incremental/QF_IDL/20210312-Bouvier/vlsat3_c57.smt2,197.98,0,6999,成功
/pub/data/jiafq/iscas/Parser_Comparison/../benchmarks/part39/non-incremental/QF_IDL/20210312-Bouvier/vlsat3_c58.smt2,259.113,0,10045,成功
/pub/data/jiafq/iscas/Parser_Comparison/../benchmarks/part39/non-incremental/QF_IDL/20210312-Bouvier/vlsat3_c59.smt2,367.284,0,14068,成功
/pub/data/jiafq/iscas/Parser_Comparison/../benchmarks/part39/non-incremental/QF_IDL/20210312-Bouvier/vlsat3_c60.smt2,48.9091,0,1414,成功
/pub/data/jiafq/iscas/Parser_Comparison/../benchmarks/part39/non-incremental/QF_IDL/20210312-Bouvier/vlsat3_c61.smt2,327.627,0,11616,成功
/pub/data/jiafq/iscas/Parser_Comparison/../benchmarks/part39/non-incremental/QF_IDL/20210312-Bouvier/vlsat3_c62.smt2,455.727,0,17446,成功
/pub/data/jiafq/iscas/Parser_Comparison/../benchmarks/part39/non-incremental/QF_IDL/20210312-Bouvier/vlsat3_c63.smt2,722.396,0,28442,成功
/pub/data/jiafq/iscas/Parser_Comparison/../benchmarks/part39/non-incremental/QF_IDL/20210312-Bouvier/vlsat3_c64.smt2,41.0727,0,1235,成功
/pub/data/jiafq/iscas/Parser_Comparison/../benchmarks/part39/non-incremental/QF_IDL/20210312-Bouvier/vlsat3_c65.smt2,47.4758,0,1399,成功
/pub/data/jiafq/iscas/Parser_Comparison/../benchmarks/part39/non-incremental/QF_IDL/20210312-Bouvier/vlsat3_c66.smt2,190.592,0,6840,成功
/pub/data/jiafq/iscas/Parser_Comparison/../benchmarks/part39/non-incremental/QF_IDL/20210312-Bouvier/vlsat3_c67.smt2,300.729,0,11704,成功
/pub/data/jiafq/iscas/Parser_Comparison/../benchmarks/part39/non-incremental/QF_IDL/20210312-Bouvier/vlsat3_c68.smt2,94.8468,0,3059,成功
/pub/data/jiafq/iscas/Parser_Comparison/../benchmarks/part39/non-incremental/QF_IDL/20210312-Bouvier/vlsat3_c69.smt2,245.499,0,8674,成功
/pub/data/jiafq/iscas/Parser_Comparison/../benchmarks/part39/non-incremental/QF_IDL/20210312-Bouvier/vlsat3_c70.smt2,423.042,0,16072,成功
/pub/data/jiafq/iscas/Parser_Comparison/../benchmarks/part39/non-incremental/QF_IDL/20210312-Bouvier/vlsat3_c71.smt2,495.698,0,19484,成功
/pub/data/jiafq/iscas/Parser_Comparison/../benchmarks/part39/non-incremental/QF_IDL/20210312-Bouvier/vlsat3_c72.smt2,681.084,0,27385,成功
/pub/data/jiafq/iscas/Parser_Comparison/../benchmarks/part39/non-incremental/QF_IDL/20210312-Bouvier/vlsat3_c73.smt2,100.948,0,3035,成功
/pub/data/jiafq/iscas/Parser_Comparison/../benchmarks/part39/non-incremental/QF_IDL/20210312-Bouvier/vlsat3_c74.smt2,121.909,0,3898,成功
/pub/data/jiafq/iscas/Parser_Comparison/../benchmarks/part39/non-incremental/QF_IDL/20210312-Bouvier/vlsat3_c75.smt2,225.824,0,7873,成功
/pub/data/jiafq/iscas/Parser_Comparison/../benchmarks/part39/non-incremental/QF_IDL/20210312-Bouvier/vlsat3_c76.smt2,537.011,0,20129,成功
/pub/data/jiafq/iscas/Parser_Comparison/../benchmarks/part39/non-incremental/QF_IDL/20210312-Bouvier/vlsat3_c77.smt2,1319.67,0,55889,成功
/pub/data/jiafq/iscas/Parser_Comparison/../benchmarks/part39/non-incremental/QF_IDL/20210312-Bouvier/vlsat3_c78.smt2,27.1894,0,566,成功
/pub/data/jiafq/iscas/Parser_Comparison/../benchmarks/part39/non-incremental/QF_IDL/20210312-Bouvier/vlsat3_c79.smt2,63.4688,0,1808,成功
/pub/data/jiafq/iscas/Parser_Comparison/../benchmarks/part39/non-incremental/QF_IDL/20210312-Bouvier/vlsat3_c80.smt2,141.593,0,4472,成功
/pub/data/jiafq/iscas/Parser_Comparison/../benchmarks/part39/non-incremental/QF_IDL/20210312-Bouvier/vlsat3_c81.smt2,209.209,0,7555,成功
/pub/data/jiafq/iscas/Parser_Comparison/../benchmarks/part39/non-incremental/QF_IDL/20210312-Bouvier/vlsat3_c82.smt2,350.474,0,13294,成功
/pub/data/jiafq/iscas/Parser_Comparison/../benchmarks/part39/non-incremental/QF_IDL/20210312-Bouvier/vlsat3_c83.smt2,56.0782,0,1498,成功
/pub/data/jiafq/iscas/Parser_Comparison/../benchmarks/part39/non-incremental/QF_IDL/20210312-Bouvier/vlsat3_c84.smt2,513.57,0,19877,成功
/pub/data/jiafq/iscas/Parser_Comparison/../benchmarks/part39/non-incremental/QF_IDL/20210312-Bouvier/vlsat3_c85.smt2,1156.48,0,49781,成功
/pub/data/jiafq/iscas/Parser_Comparison/../benchmarks/part39/non-incremental/QF_IDL/20210312-Bouvier/vlsat3_c86.smt2,1304.67,0,54340,成功
/pub/data/jiafq/iscas/Parser_Comparison/../benchmarks/part39/non-incremental/QF_IDL/20210312-Bouvier/vlsat3_c87.smt2,4652.61,0,199798,成功
/pub/data/jiafq/iscas/Parser_Comparison/../benchmarks/part39/non-incremental/QF_IDL/20210312-Bouvier/vlsat3_c88.smt2,65.3469,0,2083,成功
/pub/data/jiafq/iscas/Parser_Comparison/../benchmarks/part39/non-incremental/QF_IDL/20210312-Bouvier/vlsat3_c89.smt2,175.863,0,5924,成功
/pub/data/jiafq/iscas/Parser_Comparison/../benchmarks/part39/non-incremental/QF_IDL/20210312-Bouvier/vlsat3_c90.smt2,146.733,0,4813,成功
/pub/data/jiafq/iscas/Parser_Comparison/../benchmarks/part39/non-incremental/QF_IDL/20210312-Bouvier/vlsat3_c91.smt2,362.742,0,12855,成功
/pub/data/jiafq/iscas/Parser_Comparison/../benchmarks/part39/non-incremental/QF_IDL/20210312-Bouvier/vlsat3_c92.smt2,74.2824,0,2271,成功
/pub/data/jiafq/iscas/Parser_Comparison/../benchmarks/part39/non-incremental/QF_IDL/20210312-Bouvier/vlsat3_c93.smt2,2463.64,0,97891,成功
/pub/data/jiafq/iscas/Parser_Comparison/../benchmarks/part39/non-incremental/QF_IDL/20210312-Bouvier/vlsat3_c94.smt2,13153.2,0,271957,成功
/pub/data/jiafq/iscas/Parser_Comparison/../benchmarks/part39/non-incremental/QF_IDL/20210312-Bouvier/vlsat3_c95.smt2,67.2931,0,2173,成功
/pub/data/jiafq/iscas/Parser_Comparison/../benchmarks/part39/non-incremental/QF_IDL/20210312-Bouvier/vlsat3_c96.smt2,44.1916,0,1417,成功
/pub/data/jiafq/iscas/Parser_Comparison/../benchmarks/part39/non-incremental/QF_IDL/20210312-Bouvier/vlsat3_c97.smt2,166.702,0,5470,成功
/pub/data/jiafq/iscas/Parser_Comparison/../benchmarks/part39/non-incremental/QF_IDL/20210312-Bouvier/vlsat3_c98.smt2,82.5177,0,2382,成功
/pub/data/jiafq/iscas/Parser_Comparison/../benchmarks/part39/non-incremental/QF_IDL/20210312-Bouvier/vlsat3_c99.smt2,208.12,0,7412,成功
/pub/data/jiafq/iscas/Parser_Comparison/../benchmarks/part39/non-incremental/QF_IDL/20210312-Bouvier/vlsat3_i00.smt2,522.934,0,21542,成功
/pub/data/jiafq/iscas/Parser_Comparison/../benchmarks/part39/non-incremental/QF_IDL/20210312-Bouvier/vlsat3_i01.smt2,493.186,0,21126,成功
/pub/data/jiafq/iscas/Parser_Comparison/../benchmarks/part39/non-incremental/QF_IDL/20210312-Bouvier/vlsat3_i02.smt2,1300.79,0,34013,成功
/pub/data/jiafq/iscas/Parser_Comparison/../benchmarks/part39/non-incremental/QF_IDL/20210312-Bouvier/vlsat3_i03.smt2,1361.04,0,34974,成功
/pub/data/jiafq/iscas/Parser_Comparison/../benchmarks/part39/non-incremental/QF_IDL/20210312-Bouvier/vlsat3_i04.smt2,737.975,0,20740,成功
/pub/data/jiafq/iscas/Parser_Comparison/../benchmarks/part39/non-incremental/QF_IDL/20210312-Bouvier/vlsat3_i05.smt2,1417.52,0,43132,成功
/pub/data/jiafq/iscas/Parser_Comparison/../benchmarks/part39/non-incremental/QF_IDL/20210312-Bouvier/vlsat3_i06.smt2,620.209,0,17649,成功
/pub/data/jiafq/iscas/Parser_Comparison/../benchmarks/part39/non-incremental/QF_IDL/20210312-Bouvier/vlsat3_i07.smt2,415.358,0,15778,成功
/pub/data/jiafq/iscas/Parser_Comparison/../benchmarks/part39/non-incremental/QF_IDL/20210312-Bouvier/vlsat3_i08.smt2,1430.55,0,35325,成功
/pub/data/jiafq/iscas/Parser_Comparison/../benchmarks/part39/non-incremental/QF_IDL/20210312-Bouvier/vlsat3_i09.smt2,737.246,0,19989,成功
/pub/data/jiafq/iscas/Parser_Comparison/../benchmarks/part39/non-incremental/QF_IDL/20210312-Bouvier/vlsat3_i10.smt2,882.237,0,23246,成功
/pub/data/jiafq/iscas/Parser_Comparison/../benchmarks/part39/non-incremental/QF_IDL/20210312-Bouvier/vlsat3_i11.smt2,2216.3,0,55205,成功
/pub/data/jiafq/iscas/Parser_Comparison/../benchmarks/part39/non-incremental/QF_IDL/20210312-Bouvier/vlsat3_i12.smt2,543.875,0,21903,成功
/pub/data/jiafq/iscas/Parser_Comparison/../benchmarks/part39/non-incremental/QF_IDL/20210312-Bouvier/vlsat3_i13.smt2,2711.38,0,75150,成功
/pub/data/jiafq/iscas/Parser_Comparison/../benchmarks/part39/non-incremental/QF_IDL/20210312-Bouvier/vlsat3_i14.smt2,2629.26,0,79647,成功
/pub/data/jiafq/iscas/Parser_Comparison/../benchmarks/part39/non-incremental/QF_IDL/20210312-Bouvier/vlsat3_i15.smt2,393.927,0,10725,成功
/pub/data/jiafq/iscas/Parser_Comparison/../benchmarks/part39/non-incremental/QF_IDL/20210312-Bouvier/vlsat3_i16.smt2,342.468,0,11523,成功
/pub/data/jiafq/iscas/Parser_Comparison/../benchmarks/part39/non-incremental/QF_IDL/20210312-Bouvier/vlsat3_i17.smt2,971.815,0,24107,成功
/pub/data/jiafq/iscas/Parser_Comparison/../benchmarks/part39/non-incremental/QF_IDL/20210312-Bouvier/vlsat3_i18.smt2,1370.42,0,43258,成功
/pub/data/jiafq/iscas/Parser_Comparison/../benchmarks/part39/non-incremental/QF_IDL/20210312-Bouvier/vlsat3_i19.smt2,3809.82,0,118812,成功
/pub/data/jiafq/iscas/Parser_Comparison/../benchmarks/part39/non-incremental/QF_IDL/20210312-Bouvier/vlsat3_i20.smt2,5104.76,0,143441,成功
/pub/data/jiafq/iscas/Parser_Comparison/../benchmarks/part39/non-incremental/QF_IDL/20210312-Bouvier/vlsat3_i21.smt2,4086.76,0,120810,成功
/pub/data/jiafq/iscas/Parser_Comparison/../benchmarks/part39/non-incremental/QF_IDL/20210312-Bouvier/vlsat3_i22.smt2,4527.85,0,126475,成功
/pub/data/jiafq/iscas/Parser_Comparison/../benchmarks/part39/non-incremental/QF_IDL/20210312-Bouvier/vlsat3_i23.smt2,2416.56,0,99659,成功
/pub/data/jiafq/iscas/Parser_Comparison/../benchmarks/part39/non-incremental/QF_IDL/20210312-Bouvier/vlsat3_i24.smt2,1606.67,0,41857,成功
/pub/data/jiafq/iscas/Parser_Comparison/../benchmarks/part39/non-incremental/QF_IDL/20210312-Bouvier/vlsat3_i25.smt2,2851.85,0,86498,成功
/pub/data/jiafq/iscas/Parser_Comparison/../benchmarks/part39/non-incremental/QF_IDL/20210312-Bouvier/vlsat3_i26.smt2,3922.12,0,119180,成功
/pub/data/jiafq/iscas/Parser_Comparison/../benchmarks/part39/non-incremental/QF_IDL/20210312-Bouvier/vlsat3_i27.smt2,3834.2,0,112407,成功
/pub/data/jiafq/iscas/Parser_Comparison/../benchmarks/part39/non-incremental/QF_IDL/20210312-Bouvier/vlsat3_i28.smt2,3725.42,0,111753,成功
/pub/data/jiafq/iscas/Parser_Comparison/../benchmarks/part39/non-incremental/QF_IDL/20210312-Bouvier/vlsat3_i29.smt2,5163.14,0,144534,成功
/pub/data/jiafq/iscas/Parser_Comparison/../benchmarks/part39/non-incremental/QF_IDL/20210312-Bouvier/vlsat3_i30.smt2,591.698,0,18239,成功
/pub/data/jiafq/iscas/Parser_Comparison/../benchmarks/part39/non-incremental/QF_IDL/20210312-Bouvier/vlsat3_i31.smt2,2050.31,0,68235,成功
/pub/data/jiafq/iscas/Parser_Comparison/../benchmarks/part39/non-incremental/QF_IDL/20210312-Bouvier/vlsat3_i32.smt2,5033.47,0,143988,成功
/pub/data/jiafq/iscas/Parser_Comparison/../benchmarks/part39/non-incremental/QF_IDL/20210312-Bouvier/vlsat3_i33.smt2,1469.39,0,40425,成功
/pub/data/jiafq/iscas/Parser_Comparison/../benchmarks/part39/non-incremental/QF_IDL/20210312-Bouvier/vlsat3_i34.smt2,11968.6,0,248414,成功
/pub/data/jiafq/iscas/Parser_Comparison/../benchmarks/part39/non-incremental/QF_IDL/20210312-Bouvier/vlsat3_i35.smt2,12011.5,0,248546,成功
/pub/data/jiafq/iscas/Parser_Comparison/../benchmarks/part39/non-incremental/QF_IDL/20210312-Bouvier/vlsat3_i36.smt2,2763.97,0,64675,成功
/pub/data/jiafq/iscas/Parser_Comparison/../benchmarks/part39/non-incremental/QF_IDL/20210312-Bouvier/vlsat3_i37.smt2,1332.48,0,44281,成功
/pub/data/jiafq/iscas/Parser_Comparison/../benchmarks/part39/non-incremental/QF_IDL/20210312-Bouvier/vlsat3_i38.smt2,4865.52,0,140850,成功
/pub/data/jiafq/iscas/Parser_Comparison/../benchmarks/part39/non-incremental/QF_IDL/20210312-Bouvier/vlsat3_i39.smt2,4934.82,0,141397,成功
/pub/data/jiafq/iscas/Parser_Comparison/../benchmarks/part39/non-incremental/QF_IDL/20210312-Bouvier/vlsat3_i40.smt2,11971.4,0,249446,成功
/pub/data/jiafq/iscas/Parser_Comparison/../benchmarks/part39/non-incremental/QF_IDL/20210312-Bouvier/vlsat3_i41.smt2,12663.7,0,271163,成功
/pub/data/jiafq/iscas/Parser_Comparison/../benchmarks/part39/non-incremental/QF_IDL/20210312-Bouvier/vlsat3_i42.smt2,6967.46,0,151566,成功
/pub/data/jiafq/iscas/Parser_Comparison/../benchmarks/part39/non-incremental/QF_IDL/20210312-Bouvier/vlsat3_i43.smt2,5330.8,0,153292,成功
/pub/data/jiafq/iscas/Parser_Comparison/../benchmarks/part39/non-incremental/QF_IDL/20210312-Bouvier/vlsat3_i44.smt2,5591.52,0,154981,成功
/pub/data/jiafq/iscas/Parser_Comparison/../benchmarks/part39/non-incremental/QF_IDL/20210312-Bouvier/vlsat3_i45.smt2,1226.37,0,36039,成功
/pub/data/jiafq/iscas/Parser_Comparison/../benchmarks/part39/non-incremental/QF_IDL/20210312-Bouvier/vlsat3_i46.smt2,3121.63,0,97942,成功
/pub/data/jiafq/iscas/Parser_Comparison/../benchmarks/part39/non-incremental/QF_IDL/20210312-Bouvier/vlsat3_i47.smt2,4653.95,0,137738,成功
/pub/data/jiafq/iscas/Parser_Comparison/../benchmarks/part39/non-incremental/QF_IDL/20210312-Bouvier/vlsat3_i48.smt2,987.001,0,25179,成功
/pub/data/jiafq/iscas/Parser_Comparison/../benchmarks/part39/non-incremental/QF_IDL/20210312-Bouvier/vlsat3_i49.smt2,17574.1,0,363482,成功
/pub/data/jiafq/iscas/Parser_Comparison/../benchmarks/part39/non-incremental/QF_IDL/20210312-Bouvier/vlsat3_i50.smt2,22091.9,0,466263,成功
/pub/data/jiafq/iscas/Parser_Comparison/../benchmarks/part39/non-incremental/QF_IDL/20210312-Bouvier/vlsat3_i51.smt2,26001.6,0,560279,成功
/pub/data/jiafq/iscas/Parser_Comparison/../benchmarks/part39/non-incremental/QF_IDL/20210312-Bouvier/vlsat3_i52.smt2,30534,0,600132,成功
/pub/data/jiafq/iscas/Parser_Comparison/../benchmarks/part39/non-incremental/QF_IDL/20210312-Bouvier/vlsat3_i53.smt2,2163.94,0,54438,成功
/pub/data/jiafq/iscas/Parser_Comparison/../benchmarks/part39/non-incremental/QF_IDL/20210312-Bouvier/vlsat3_i54.smt2,12548.9,0,262311,成功
/pub/data/jiafq/iscas/Parser_Comparison/../benchmarks/part39/non-incremental/QF_IDL/20210312-Bouvier/vlsat3_i55.smt2,5795.97,0,233304,成功
/pub/data/jiafq/iscas/Parser_Comparison/../benchmarks/part39/non-incremental/QF_IDL/20210312-Bouvier/vlsat3_i56.smt2,30100.1,0,597991,成功
/pub/data/jiafq/iscas/Parser_Comparison/../benchmarks/part39/non-incremental/QF_IDL/20210312-Bouvier/vlsat3_i57.smt2,34139.3,0,709900,成功
/pub/data/jiafq/iscas/Parser_Comparison/../benchmarks/part39/non-incremental/QF_IDL/20210312-Bouvier/vlsat3_i58.smt2,1481.81,0,40283,成功
/pub/data/jiafq/iscas/Parser_Comparison/../benchmarks/part39/non-incremental/QF_IDL/20210312-Bouvier/vlsat3_i59.smt2,11890.9,0,250497,成功
/pub/data/jiafq/iscas/Parser_Comparison/../benchmarks/part39/non-incremental/QF_IDL/20210312-Bouvier/vlsat3_i60.smt2,17776.4,0,363583,成功
/pub/data/jiafq/iscas/Parser_Comparison/../benchmarks/part39/non-incremental/QF_IDL/20210312-Bouvier/vlsat3_i61.smt2,2184.77,0,67615,成功
/pub/data/jiafq/iscas/Parser_Comparison/../benchmarks/part39/non-incremental/QF_IDL/20210312-Bouvier/vlsat3_i62.smt2,30366,0,611797,成功
/pub/data/jiafq/iscas/Parser_Comparison/../benchmarks/part39/non-incremental/QF_IDL/20210312-Bouvier/vlsat3_i63.smt2,28293.6,0,585087,成功
/pub/data/jiafq/iscas/Parser_Comparison/../benchmarks/part39/non-incremental/QF_IDL/20210312-Bouvier/vlsat3_i64.smt2,1945.47,0,51099,成功
/pub/data/jiafq/iscas/Parser_Comparison/../benchmarks/part39/non-incremental/QF_IDL/20210312-Bouvier/vlsat3_i65.smt2,8043.97,0,223489,成功
/pub/data/jiafq/iscas/Parser_Comparison/../benchmarks/part39/non-incremental/QF_IDL/20210312-Bouvier/vlsat3_i66.smt2,24939.6,0,511704,成功
/pub/data/jiafq/iscas/Parser_Comparison/../benchmarks/part39/non-incremental/QF_IDL/20210312-Bouvier/vlsat3_i67.smt2,27677.7,0,555893,成功
/pub/data/jiafq/iscas/Parser_Comparison/../benchmarks/part39/non-incremental/QF_IDL/20210312-Bouvier/vlsat3_i68.smt2,9928.4,0,350287,成功
/pub/data/jiafq/iscas/Parser_Comparison/../benchmarks/part39/non-incremental/QF_IDL/20210312-Bouvier/vlsat3_i69.smt2,7399.55,0,198948,成功
/pub/data/jiafq/iscas/Parser_Comparison/../benchmarks/part39/non-incremental/QF_IDL/20210312-Bouvier/vlsat3_i70.smt2,17833,0,375269,成功
/pub/data/jiafq/iscas/Parser_Comparison/../benchmarks/part39/non-incremental/QF_IDL/20210312-Bouvier/vlsat3_i71.smt2,29176.6,0,582403,成功
/pub/data/jiafq/iscas/Parser_Comparison/../benchmarks/part39/non-incremental/QF_IDL/20210312-Bouvier/vlsat3_i72.smt2,32455.9,0,666427,成功
/pub/data/jiafq/iscas/Parser_Comparison/../benchmarks/part39/non-incremental/QF_IDL/20210312-Bouvier/vlsat3_i73.smt2,17709.4,0,501678,成功
/pub/data/jiafq/iscas/Parser_Comparison/../benchmarks/part39/non-incremental/QF_IDL/20210312-Bouvier/vlsat3_i74.smt2,11611.5,0,248459,成功
/pub/data/jiafq/iscas/Parser_Comparison/../benchmarks/part39/non-incremental/QF_IDL/20210312-Bouvier/vlsat3_i75.smt2,11777.6,0,251499,成功
/pub/data/jiafq/iscas/Parser_Comparison/../benchmarks/part39/non-incremental/QF_IDL/20210312-Bouvier/vlsat3_i76.smt2,12873.7,0,271959,成功
/pub/data/jiafq/iscas/Parser_Comparison/../benchmarks/part39/non-incremental/QF_IDL/20210312-Bouvier/vlsat3_i77.smt2,34729.6,0,689002,成功
/pub/data/jiafq/iscas/Parser_Comparison/../benchmarks/part39/non-incremental/QF_IDL/20210312-Bouvier/vlsat3_i78.smt2,12618.5,0,259437,成功
/pub/data/jiafq/iscas/Parser_Comparison/../benchmarks/part39/non-incremental/QF_IDL/20210312-Bouvier/vlsat3_i79.smt2,31010.7,0,649570,成功
/pub/data/jiafq/iscas/Parser_Comparison/../benchmarks/part39/non-incremental/QF_IDL/20210312-Bouvier/vlsat3_i80.smt2,7859.18,0,224149,成功
/pub/data/jiafq/iscas/Parser_Comparison/../benchmarks/part39/non-incremental/QF_IDL/20210312-Bouvier/vlsat3_i81.smt2,32125.8,0,645203,成功
/pub/data/jiafq/iscas/Parser_Comparison/../benchmarks/part39/non-incremental/QF_IDL/20210312-Bouvier/vlsat3_i82.smt2,30675.3,0,621900,成功
/pub/data/jiafq/iscas/Parser_Comparison/../benchmarks/part39/non-incremental/QF_IDL/20210312-Bouvier/vlsat3_i83.smt2,1343.94,0,42656,成功
/pub/data/jiafq/iscas/Parser_Comparison/../benchmarks/part39/non-incremental/QF_IDL/20210312-Bouvier/vlsat3_i84.smt2,28143.6,0,567063,成功
/pub/data/jiafq/iscas/Parser_Comparison/../benchmarks/part39/non-incremental/QF_IDL/20210312-Bouvier/vlsat3_i85.smt2,1306.09,0,36072,成功
/pub/data/jiafq/iscas/Parser_Comparison/../benchmarks/part39/non-incremental/QF_IDL/20210312-Bouvier/vlsat3_i86.smt2,35864.5,0,697485,成功
/pub/data/jiafq/iscas/Parser_Comparison/../benchmarks/part39/non-incremental/QF_IDL/20210312-Bouvier/vlsat3_i87.smt2,9321.83,0,255720,成功
/pub/data/jiafq/iscas/Parser_Comparison/../benchmarks/part39/non-incremental/QF_IDL/20210312-Bouvier/vlsat3_i88.smt2,3329.38,0,100448,成功
/pub/data/jiafq/iscas/Parser_Comparison/../benchmarks/part39/non-incremental/QF_IDL/20210312-Bouvier/vlsat3_i89.smt2,15835.6,0,332315,成功
/pub/data/jiafq/iscas/Parser_Comparison/../benchmarks/part39/non-incremental/QF_IDL/20210312-Bouvier/vlsat3_i90.smt2,2395.36,0,77805,成功
/pub/data/jiafq/iscas/Parser_Comparison/../benchmarks/part39/non-incremental/QF_IDL/20210312-Bouvier/vlsat3_i91.smt2,8990.27,0,339740,成功
/pub/data/jiafq/iscas/Parser_Comparison/../benchmarks/part39/non-incremental/QF_IDL/20210312-Bouvier/vlsat3_i92.smt2,3575.77,0,107705,成功
/pub/data/jiafq/iscas/Parser_Comparison/../benchmarks/part39/non-incremental/QF_IDL/20210312-Bouvier/vlsat3_i93.smt2,18951.4,0,459809,成功
/pub/data/jiafq/iscas/Parser_Comparison/../benchmarks/part39/non-incremental/QF_IDL/20210312-Bouvier/vlsat3_i94.smt2,11767.8,0,241569,成功
/pub/data/jiafq/iscas/Parser_Comparison/../benchmarks/part39/non-incremental/QF_IDL/20210312-Bouvier/vlsat3_i95.smt2,705.708,0,20640,成功
/pub/data/jiafq/iscas/Parser_Comparison/../benchmarks/part39/non-incremental/QF_IDL/20210312-Bouvier/vlsat3_i96.smt2,10772.8,0,457595,成功
/pub/data/jiafq/iscas/Parser_Comparison/../benchmarks/part39/non-incremental/QF_IDL/20210312-Bouvier/vlsat3_i97.smt2,12368.3,0,517048,成功
/pub/data/jiafq/iscas/Parser_Comparison/../benchmarks/part39/non-incremental/QF_IDL/20210312-Bouvier/vlsat3_i98.smt2,13187.4,0,294603,成功
/pub/data/jiafq/iscas/Parser_Comparison/../benchmarks/part39/non-incremental/QF_IDL/20210312-Bouvier/vlsat3_i99.smt2,12066.9,0,503740,成功
/pub/data/jiafq/iscas/Parser_Comparison/../benchmarks/part39/non-incremental/QF_IDL/20220214-RVpredict-BohanLi/RVpredict_1.smt2,2506.32,0,67272,成功
/pub/data/jiafq/iscas/Parser_Comparison/../benchmarks/part39/non-incremental/QF_IDL/20220214-RVpredict-BohanLi/RVpredict_10.smt2,2410.31,0,67256,成功
/pub/data/jiafq/iscas/Parser_Comparison/../benchmarks/part39/non-incremental/QF_IDL/20220214-RVpredict-BohanLi/RVpredict_11.smt2,13.9986,0,334,成功
/pub/data/jiafq/iscas/Parser_Comparison/../benchmarks/part39/non-incremental/QF_IDL/20220214-RVpredict-BohanLi/RVpredict_12.smt2,648.217,0,9699,成功
/pub/data/jiafq/iscas/Parser_Comparison/../benchmarks/part39/non-incremental/QF_IDL/20220214-RVpredict-BohanLi/RVpredict_13.smt2,662.21,0,9869,成功
/pub/data/jiafq/iscas/Parser_Comparison/../benchmarks/part39/non-incremental/QF_IDL/20220214-RVpredict-BohanLi/RVpredict_14.smt2,652.819,0,9703,成功
/pub/data/jiafq/iscas/Parser_Comparison/../benchmarks/part39/non-incremental/QF_IDL/20220214-RVpredict-BohanLi/RVpredict_15.smt2,670.873,0,9703,成功
/pub/data/jiafq/iscas/Parser_Comparison/../benchmarks/part39/non-incremental/QF_IDL/20220214-RVpredict-BohanLi/RVpredict_2.smt2,2485.32,0,67272,成功
/pub/data/jiafq/iscas/Parser_Comparison/../benchmarks/part39/non-incremental/QF_IDL/20220214-RVpredict-BohanLi/RVpredict_3.smt2,2381.02,0,67268,成功
/pub/data/jiafq/iscas/Parser_Comparison/../benchmarks/part39/non-incremental/QF_IDL/20220214-RVpredict-BohanLi/RVpredict_4.smt2,2437.27,0,67275,成功
/pub/data/jiafq/iscas/Parser_Comparison/../benchmarks/part39/non-incremental/QF_IDL/20220214-RVpredict-BohanLi/RVpredict_5.smt2,2452.56,0,67272,成功
/pub/data/jiafq/iscas/Parser_Comparison/../benchmarks/part39/non-incremental/QF_IDL/20220214-RVpredict-BohanLi/RVpredict_6.smt2,2432.46,0,67264,成功
/pub/data/jiafq/iscas/Parser_Comparison/../benchmarks/part39/non-incremental/QF_IDL/20220214-RVpredict-BohanLi/RVpredict_7.smt2,2460.18,0,67272,成功
/pub/data/jiafq/iscas/Parser_Comparison/../benchmarks/part39/non-incremental/QF_IDL/20220214-RVpredict-BohanLi/RVpredict_8.smt2,2548.89,0,67267,成功
/pub/data/jiafq/iscas/Parser_Comparison/../benchmarks/part39/non-incremental/QF_IDL/20220214-RVpredict-BohanLi/RVpredict_9.smt2,2470.69,0,67272,成功
/pub/data/jiafq/iscas/Parser_Comparison/../benchmarks/part39/non-incremental/QF_IDL/20220214-jobshop-BohanLi/jobshop10-2-5-5-2-4-12.smt2,53.8991,0,1428,成功
/pub/data/jiafq/iscas/Parser_Comparison/../benchmarks/part39/non-incremental/QF_IDL/20220214-jobshop-BohanLi/jobshop10-2-5-5-4-4-16.smt2,53.4824,0,1425,成功
/pub/data/jiafq/iscas/Parser_Comparison/../benchmarks/part39/non-incremental/QF_IDL/20220214-jobshop-BohanLi/jobshop10-4-5-5-2-4-24.smt2,179.53,0,5348,成功
/pub/data/jiafq/iscas/Parser_Comparison/../benchmarks/part39/non-incremental/QF_IDL/20220214-jobshop-BohanLi/jobshop10-4-5-5-4-4-32.smt2,183.754,0,5345,成功
/pub/data/jiafq/iscas/Parser_Comparison/../benchmarks/part39/non-incremental/QF_IDL/20220214-jobshop-BohanLi/jobshop12-2-6-6-2-4-12.smt2,69.0801,0,2050,成功
/pub/data/jiafq/iscas/Parser_Comparison/../benchmarks/part39/non-incremental/QF_IDL/20220214-jobshop-BohanLi/jobshop12-2-6-6-4-4-16.smt2,68.7676,0,2046,成功
/pub/data/jiafq/iscas/Parser_Comparison/../benchmarks/part39/non-incremental/QF_IDL/20220214-jobshop-BohanLi/jobshop12-4-6-6-2-4-24.smt2,267.183,0,7762,成功
/pub/data/jiafq/iscas/Parser_Comparison/../benchmarks/part39/non-incremental/QF_IDL/20220214-jobshop-BohanLi/jobshop12-4-6-6-4-4-32.smt2,262.449,0,7758,成功
/pub/data/jiafq/iscas/Parser_Comparison/../benchmarks/part39/non-incremental/QF_IDL/20220214-jobshop-BohanLi/jobshop14-2-7-7-2-4-12.smt2,101.764,0,2782,成功
/pub/data/jiafq/iscas/Parser_Comparison/../benchmarks/part39/non-incremental/QF_IDL/20220214-jobshop-BohanLi/jobshop14-2-7-7-4-4-16.smt2,94.038,0,2778,成功
/pub/data/jiafq/iscas/Parser_Comparison/../benchmarks/part39/non-incremental/QF_IDL/20220214-jobshop-BohanLi/jobshop14-4-7-7-2-4-24.smt2,379.086,0,10622,成功
/pub/data/jiafq/iscas/Parser_Comparison/../benchmarks/part39/non-incremental/QF_IDL/20220214-jobshop-BohanLi/jobshop14-4-7-7-4-4-32.smt2,363.463,0,10618,成功
/pub/data/jiafq/iscas/Parser_Comparison/../benchmarks/part39/non-incremental/QF_IDL/20220214-jobshop-BohanLi/jobshop16-2-8-8-2-4-12.smt2,122.265,0,3626,成功
/pub/data/jiafq/iscas/Parser_Comparison/../benchmarks/part39/non-incremental/QF_IDL/20220214-jobshop-BohanLi/jobshop16-2-8-8-4-4-16.smt2,118.176,0,3622,成功
/pub/data/jiafq/iscas/Parser_Comparison/../benchmarks/part39/non-incremental/QF_IDL/20220214-jobshop-BohanLi/jobshop16-4-8-8-2-4-24.smt2,495.635,0,13930,成功
/pub/data/jiafq/iscas/Parser_Comparison/../benchmarks/part39/non-incremental/QF_IDL/20220214-jobshop-BohanLi/jobshop16-4-8-8-4-4-32.smt2,484.081,0,13926,成功
/pub/data/jiafq/iscas/Parser_Comparison/../benchmarks/part39/non-incremental/QF_IDL/20220214-jobshop-BohanLi/jobshop18-2-9-9-2-4-12.smt2,152.846,0,4581,成功
/pub/data/jiafq/iscas/Parser_Comparison/../benchmarks/part39/non-incremental/QF_IDL/20220214-jobshop-BohanLi/jobshop18-2-9-9-4-4-16.smt2,149.403,0,4578,成功
/pub/data/jiafq/iscas/Parser_Comparison/../benchmarks/part39/non-incremental/QF_IDL/20220214-jobshop-BohanLi/jobshop18-4-9-9-2-4-24.smt2,627.519,0,17686,成功
/pub/data/jiafq/iscas/Parser_Comparison/../benchmarks/part39/non-incremental/QF_IDL/20220214-jobshop-BohanLi/jobshop18-4-9-9-4-4-32.smt2,625.441,0,17682,成功
/pub/data/jiafq/iscas/Parser_Comparison/../benchmarks/part39/non-incremental/QF_IDL/20220214-jobshop-BohanLi/jobshop2-2-1-1-2-4-12.smt2,5.42949,0,66,成功
/pub/data/jiafq/iscas/Parser_Comparison/../benchmarks/part39/non-incremental/QF_IDL/20220214-jobshop-BohanLi/jobshop2-2-1-1-4-4-16.smt2,3.63155,0,65,成功
/pub/data/jiafq/iscas/Parser_Comparison/../benchmarks/part39/non-incremental/QF_IDL/20220214-jobshop-BohanLi/jobshop2-4-1-1-2-4-24.smt2,9.41183,0,180,成功
/pub/data/jiafq/iscas/Parser_Comparison/../benchmarks/part39/non-incremental/QF_IDL/20220214-jobshop-BohanLi/jobshop2-4-1-1-4-4-32.smt2,6.67488,0,177,成功
/pub/data/jiafq/iscas/Parser_Comparison/../benchmarks/part39/non-incremental/QF_IDL/20220214-jobshop-BohanLi/jobshop20-2-10-10-2-4-12.smt2,192.029,0,5649,成功
/pub/data/jiafq/iscas/Parser_Comparison/../benchmarks/part39/non-incremental/QF_IDL/20220214-jobshop-BohanLi/jobshop20-2-10-10-4-4-16.smt2,191.693,0,5646,成功
/pub/data/jiafq/iscas/Parser_Comparison/../benchmarks/part39/non-incremental/QF_IDL/20220214-jobshop-BohanLi/jobshop20-4-10-10-2-4-24.smt2,757.453,0,21890,成功
/pub/data/jiafq/iscas/Parser_Comparison/../benchmarks/part39/non-incremental/QF_IDL/20220214-jobshop-BohanLi/jobshop20-4-10-10-4-4-32.smt2,803.82,0,21886,成功
/pub/data/jiafq/iscas/Parser_Comparison/../benchmarks/part39/non-incremental/QF_IDL/20220214-jobshop-BohanLi/jobshop22-2-11-11-2-4-12.smt2,236.087,0,6829,成功
/pub/data/jiafq/iscas/Parser_Comparison/../benchmarks/part39/non-incremental/QF_IDL/20220214-jobshop-BohanLi/jobshop22-2-11-11-4-4-16.smt2,232.411,0,6826,成功
/pub/data/jiafq/iscas/Parser_Comparison/../benchmarks/part39/non-incremental/QF_IDL/20220214-jobshop-BohanLi/jobshop22-4-11-11-2-4-24.smt2,943.03,0,26542,成功
/pub/data/jiafq/iscas/Parser_Comparison/../benchmarks/part39/non-incremental/QF_IDL/20220214-jobshop-BohanLi/jobshop22-4-11-11-4-4-32.smt2,951.752,0,26538,成功
/pub/data/jiafq/iscas/Parser_Comparison/../benchmarks/part39/non-incremental/QF_IDL/20220214-jobshop-BohanLi/jobshop24-2-12-12-2-4-12.smt2,274.834,0,8122,成功
/pub/data/jiafq/iscas/Parser_Comparison/../benchmarks/part39/non-incremental/QF_IDL/20220214-jobshop-BohanLi/jobshop24-2-12-12-4-4-16.smt2,270.047,0,8118,成功
/pub/data/jiafq/iscas/Parser_Comparison/../benchmarks/part39/non-incremental/QF_IDL/20220214-jobshop-BohanLi/jobshop24-4-12-12-2-4-24.smt2,1186.27,0,31642,成功
/pub/data/jiafq/iscas/Parser_Comparison/../benchmarks/part39/non-incremental/QF_IDL/20220214-jobshop-BohanLi/jobshop24-4-12-12-4-4-32.smt2,1116,0,31638,成功
/pub/data/jiafq/iscas/Parser_Comparison/../benchmarks/part39/non-incremental/QF_IDL/20220214-jobshop-BohanLi/jobshop26-2-13-13-2-4-12.smt2,329.79,0,9526,成功
/pub/data/jiafq/iscas/Parser_Comparison/../benchmarks/part39/non-incremental/QF_IDL/20220214-jobshop-BohanLi/jobshop26-2-13-13-4-4-16.smt2,326.913,0,9521,成功
/pub/data/jiafq/iscas/Parser_Comparison/../benchmarks/part39/non-incremental/QF_IDL/20220214-jobshop-BohanLi/jobshop26-4-13-13-2-4-24.smt2,1422.07,0,37190,成功
/pub/data/jiafq/iscas/Parser_Comparison/../benchmarks/part39/non-incremental/QF_IDL/20220214-jobshop-BohanLi/jobshop26-4-13-13-4-4-32.smt2,1338.95,0,37186,成功
/pub/data/jiafq/iscas/Parser_Comparison/../benchmarks/part39/non-incremental/QF_IDL/20220214-jobshop-BohanLi/jobshop28-2-14-14-2-4-12.smt2,376.925,0,11042,成功
/pub/data/jiafq/iscas/Parser_Comparison/../benchmarks/part39/non-incremental/QF_IDL/20220214-jobshop-BohanLi/jobshop28-2-14-14-4-4-16.smt2,378.102,0,11038,成功
/pub/data/jiafq/iscas/Parser_Comparison/../benchmarks/part39/non-incremental/QF_IDL/20220214-jobshop-BohanLi/jobshop28-4-14-14-2-4-24.smt2,1569.6,0,43186,成功
/pub/data/jiafq/iscas/Parser_Comparison/../benchmarks/part39/non-incremental/QF_IDL/20220214-jobshop-BohanLi/jobshop28-4-14-14-4-4-32.smt2,1575.78,0,43182,成功
/pub/data/jiafq/iscas/Parser_Comparison/../benchmarks/part39/non-incremental/QF_IDL/20220214-jobshop-BohanLi/jobshop30-2-15-15-2-4-12.smt2,458.78,0,12670,成功
/pub/data/jiafq/iscas/Parser_Comparison/../benchmarks/part39/non-incremental/QF_IDL/20220214-jobshop-BohanLi/jobshop30-2-15-15-4-4-16.smt2,456.926,0,12666,成功
/pub/data/jiafq/iscas/Parser_Comparison/../benchmarks/part39/non-incremental/QF_IDL/20220214-jobshop-BohanLi/jobshop30-4-15-15-2-4-24.smt2,1789.09,0,49630,成功
/pub/data/jiafq/iscas/Parser_Comparison/../benchmarks/part39/non-incremental/QF_IDL/20220214-jobshop-BohanLi/jobshop30-4-15-15-4-4-32.smt2,1875.23,0,49626,成功
/pub/data/jiafq/iscas/Parser_Comparison/../benchmarks/part39/non-incremental/QF_IDL/20220214-jobshop-BohanLi/jobshop32-2-16-16-2-4-12.smt2,492.406,0,14410,成功
/pub/data/jiafq/iscas/Parser_Comparison/../benchmarks/part39/non-incremental/QF_IDL/20220214-jobshop-BohanLi/jobshop32-2-16-16-4-4-16.smt2,484.678,0,14406,成功
/pub/data/jiafq/iscas/Parser_Comparison/../benchmarks/part39/non-incremental/QF_IDL/20220214-jobshop-BohanLi/jobshop32-4-16-16-2-4-24.smt2,2069.07,0,56522,成功
/pub/data/jiafq/iscas/Parser_Comparison/../benchmarks/part39/non-incremental/QF_IDL/20220214-jobshop-BohanLi/jobshop32-4-16-16-4-4-32.smt2,2134.49,0,56518,成功
/pub/data/jiafq/iscas/Parser_Comparison/../benchmarks/part39/non-incremental/QF_IDL/20220214-jobshop-BohanLi/jobshop34-2-17-17-2-4-12.smt2,558.193,0,16262,成功
/pub/data/jiafq/iscas/Parser_Comparison/../benchmarks/part39/non-incremental/QF_IDL/20220214-jobshop-BohanLi/jobshop34-2-17-17-4-4-16.smt2,560.402,0,16258,成功
/pub/data/jiafq/iscas/Parser_Comparison/../benchmarks/part39/non-incremental/QF_IDL/20220214-jobshop-BohanLi/jobshop34-4-17-17-2-4-24.smt2,2454.44,0,63862,成功
/pub/data/jiafq/iscas/Parser_Comparison/../benchmarks/part39/non-incremental/QF_IDL/20220214-jobshop-BohanLi/jobshop34-4-17-17-4-4-32.smt2,2347.67,0,63858,成功
/pub/data/jiafq/iscas/Parser_Comparison/../benchmarks/part39/non-incremental/QF_IDL/20220214-jobshop-BohanLi/jobshop36-2-18-18-2-4-12.smt2,606.75,0,18226,成功
/pub/data/jiafq/iscas/Parser_Comparison/../benchmarks/part39/non-incremental/QF_IDL/20220214-jobshop-BohanLi/jobshop36-2-18-18-4-4-16.smt2,647.962,0,18222,成功
/pub/data/jiafq/iscas/Parser_Comparison/../benchmarks/part39/non-incremental/QF_IDL/20220214-jobshop-BohanLi/jobshop36-4-18-18-2-4-24.smt2,2828.55,0,71650,成功
/pub/data/jiafq/iscas/Parser_Comparison/../benchmarks/part39/non-incremental/QF_IDL/20220214-jobshop-BohanLi/jobshop36-4-18-18-4-4-32.smt2,2926.49,0,71646,成功
/pub/data/jiafq/iscas/Parser_Comparison/../benchmarks/part39/non-incremental/QF_IDL/20220214-jobshop-BohanLi/jobshop38-2-19-19-2-4-12.smt2,708.494,0,20302,成功
/pub/data/jiafq/iscas/Parser_Comparison/../benchmarks/part39/non-incremental/QF_IDL/20220214-jobshop-BohanLi/jobshop38-2-19-19-4-4-16.smt2,727.548,0,20298,成功
/pub/data/jiafq/iscas/Parser_Comparison/../benchmarks/part39/non-incremental/QF_IDL/20220214-jobshop-BohanLi/jobshop38-4-19-19-2-4-24.smt2,2948.6,0,79886,成功
/pub/data/jiafq/iscas/Parser_Comparison/../benchmarks/part39/non-incremental/QF_IDL/20220214-jobshop-BohanLi/jobshop38-4-19-19-4-4-32.smt2,2940.78,0,79882,成功
/pub/data/jiafq/iscas/Parser_Comparison/../benchmarks/part39/non-incremental/QF_IDL/20220214-jobshop-BohanLi/jobshop4-2-2-2-2-4-12.smt2,11.45,0,241,成功
/pub/data/jiafq/iscas/Parser_Comparison/../benchmarks/part39/non-incremental/QF_IDL/20220214-jobshop-BohanLi/jobshop4-2-2-2-4-4-16.smt2,11.066,0,238,成功
/pub/data/jiafq/iscas/Parser_Comparison/../benchmarks/part39/non-incremental/QF_IDL/20220214-jobshop-BohanLi/jobshop4-4-2-2-2-4-24.smt2,26.3995,0,801,成功
/pub/data/jiafq/iscas/Parser_Comparison/../benchmarks/part39/non-incremental/QF_IDL/20220214-jobshop-BohanLi/jobshop4-4-2-2-4-4-32.smt2,26.9265,0,798,成功
/pub/data/jiafq/iscas/Parser_Comparison/../benchmarks/part39/non-incremental/QF_IDL/20220214-jobshop-BohanLi/jobshop40-2-20-20-2-4-12.smt2,786.949,0,22490,成功
/pub/data/jiafq/iscas/Parser_Comparison/../benchmarks/part39/non-incremental/QF_IDL/20220214-jobshop-BohanLi/jobshop40-2-20-20-4-4-16.smt2,812.079,0,22486,成功
/pub/data/jiafq/iscas/Parser_Comparison/../benchmarks/part39/non-incremental/QF_IDL/20220214-jobshop-BohanLi/jobshop40-4-20-20-2-4-24.smt2,3393.53,0,88570,成功
/pub/data/jiafq/iscas/Parser_Comparison/../benchmarks/part39/non-incremental/QF_IDL/20220214-jobshop-BohanLi/jobshop40-4-20-20-4-4-32.smt2,3446.85,0,88566,成功
/pub/data/jiafq/iscas/Parser_Comparison/../benchmarks/part39/non-incremental/QF_IDL/20220214-jobshop-BohanLi/jobshop42-2-21-21-2-4-12.smt2,873.739,0,24790,成功
/pub/data/jiafq/iscas/Parser_Comparison/../benchmarks/part39/non-incremental/QF_IDL/20220214-jobshop-BohanLi/jobshop42-2-21-21-4-4-16.smt2,855.472,0,24786,成功
/pub/data/jiafq/iscas/Parser_Comparison/../benchmarks/part39/non-incremental/QF_IDL/20220214-jobshop-BohanLi/jobshop42-4-21-21-2-4-24.smt2,3584.85,0,97701,成功
/pub/data/jiafq/iscas/Parser_Comparison/../benchmarks/part39/non-incremental/QF_IDL/20220214-jobshop-BohanLi/jobshop42-4-21-21-4-4-32.smt2,3698.94,0,97698,成功
/pub/data/jiafq/iscas/Parser_Comparison/../benchmarks/part39/non-incremental/QF_IDL/20220214-jobshop-BohanLi/jobshop44-2-22-22-2-4-12.smt2,994.914,0,27202,成功
/pub/data/jiafq/iscas/Parser_Comparison/../benchmarks/part39/non-incremental/QF_IDL/20220214-jobshop-BohanLi/jobshop44-2-22-22-4-4-16.smt2,950.083,0,27198,成功
/pub/data/jiafq/iscas/Parser_Comparison/../benchmarks/part39/non-incremental/QF_IDL/20220214-jobshop-BohanLi/jobshop44-4-22-22-2-4-24.smt2,4080.74,0,107281,成功
/pub/data/jiafq/iscas/Parser_Comparison/../benchmarks/part39/non-incremental/QF_IDL/20220214-jobshop-BohanLi/jobshop44-4-22-22-4-4-32.smt2,3992.15,0,107278,成功
/pub/data/jiafq/iscas/Parser_Comparison/../benchmarks/part39/non-incremental/QF_IDL/20220214-jobshop-BohanLi/jobshop46-2-23-23-2-4-12.smt2,1096.79,0,29726,成功
/pub/data/jiafq/iscas/Parser_Comparison/../benchmarks/part39/non-incremental/QF_IDL/20220214-jobshop-BohanLi/jobshop46-2-23-23-4-4-16.smt2,1070.81,0,29722,成功
/pub/data/jiafq/iscas/Parser_Comparison/../benchmarks/part39/non-incremental/QF_IDL/20220214-jobshop-BohanLi/jobshop46-4-23-23-2-4-24.smt2,4512.63,0,117309,成功
/pub/data/jiafq/iscas/Parser_Comparison/../benchmarks/part39/non-incremental/QF_IDL/20220214-jobshop-BohanLi/jobshop46-4-23-23-4-4-32.smt2,4474.4,0,117306,成功
/pub/data/jiafq/iscas/Parser_Comparison/../benchmarks/part39/non-incremental/QF_IDL/20220214-jobshop-BohanLi/jobshop48-2-24-24-2-4-12.smt2,1151.61,0,32362,成功
/pub/data/jiafq/iscas/Parser_Comparison/../benchmarks/part39/non-incremental/QF_IDL/20220214-jobshop-BohanLi/jobshop48-2-24-24-4-4-16.smt2,1140.49,0,32358,成功
/pub/data/jiafq/iscas/Parser_Comparison/../benchmarks/part39/non-incremental/QF_IDL/20220214-jobshop-BohanLi/jobshop48-4-24-24-2-4-24.smt2,5167.45,0,127786,成功
/pub/data/jiafq/iscas/Parser_Comparison/../benchmarks/part39/non-incremental/QF_IDL/20220214-jobshop-BohanLi/jobshop48-4-24-24-4-4-32.smt2,4983.33,0,127782,成功
/pub/data/jiafq/iscas/Parser_Comparison/../benchmarks/part39/non-incremental/QF_IDL/20220214-jobshop-BohanLi/jobshop50-2-25-25-2-4-12.smt2,1318.15,0,35110,成功
/pub/data/jiafq/iscas/Parser_Comparison/../benchmarks/part39/non-incremental/QF_IDL/20220214-jobshop-BohanLi/jobshop50-2-25-25-4-4-16.smt2,1231.36,0,35106,成功
/pub/data/jiafq/iscas/Parser_Comparison/../benchmarks/part39/non-incremental/QF_IDL/20220214-jobshop-BohanLi/jobshop50-4-25-25-2-4-24.smt2,5345.51,0,138710,成功
/pub/data/jiafq/iscas/Parser_Comparison/../benchmarks/part39/non-incremental/QF_IDL/20220214-jobshop-BohanLi/jobshop50-4-25-25-4-4-32.smt2,5775.67,0,138706,成功
/pub/data/jiafq/iscas/Parser_Comparison/../benchmarks/part39/non-incremental/QF_IDL/20220214-jobshop-BohanLi/jobshop52-2-26-26-2-4-12.smt2,1353.74,0,37970,成功
/pub/data/jiafq/iscas/Parser_Comparison/../benchmarks/part39/non-incremental/QF_IDL/20220214-jobshop-BohanLi/jobshop52-2-26-26-4-4-16.smt2,1350.45,0,37966,成功
/pub/data/jiafq/iscas/Parser_Comparison/../benchmarks/part39/non-incremental/QF_IDL/20220214-jobshop-BohanLi/jobshop52-4-26-26-2-4-24.smt2,5797.27,0,150082,成功
/pub/data/jiafq/iscas/Parser_Comparison/../benchmarks/part39/non-incremental/QF_IDL/20220214-jobshop-BohanLi/jobshop52-4-26-26-4-4-32.smt2,5899.95,0,150078,成功
/pub/data/jiafq/iscas/Parser_Comparison/../benchmarks/part39/non-incremental/QF_IDL/20220214-jobshop-BohanLi/jobshop54-2-27-27-2-4-12.smt2,1454.44,0,40942,成功
/pub/data/jiafq/iscas/Parser_Comparison/../benchmarks/part39/non-incremental/QF_IDL/20220214-jobshop-BohanLi/jobshop54-2-27-27-4-4-16.smt2,1676.93,0,40938,成功
/pub/data/jiafq/iscas/Parser_Comparison/../benchmarks/part39/non-incremental/QF_IDL/20220214-jobshop-BohanLi/jobshop54-4-27-27-2-4-24.smt2,6453.64,0,161902,成功
/pub/data/jiafq/iscas/Parser_Comparison/../benchmarks/part39/non-incremental/QF_IDL/20220214-jobshop-BohanLi/jobshop54-4-27-27-4-4-32.smt2,6339.81,0,161898,成功
/pub/data/jiafq/iscas/Parser_Comparison/../benchmarks/part39/non-incremental/QF_IDL/20220214-jobshop-BohanLi/jobshop56-2-28-28-2-4-12.smt2,1632.86,0,44026,成功
/pub/data/jiafq/iscas/Parser_Comparison/../benchmarks/part39/non-incremental/QF_IDL/20220214-jobshop-BohanLi/jobshop56-2-28-28-4-4-16.smt2,1634.76,0,44022,成功
/pub/data/jiafq/iscas/Parser_Comparison/../benchmarks/part39/non-incremental/QF_IDL/20220214-jobshop-BohanLi/jobshop56-4-28-28-2-4-24.smt2,6678.35,0,174170,成功
/pub/data/jiafq/iscas/Parser_Comparison/../benchmarks/part39/non-incremental/QF_IDL/20220214-jobshop-BohanLi/jobshop56-4-28-28-4-4-32.smt2,6790.04,0,174166,成功
/pub/data/jiafq/iscas/Parser_Comparison/../benchmarks/part39/non-incremental/QF_IDL/20220214-jobshop-BohanLi/jobshop58-2-29-29-2-4-12.smt2,1724.81,0,47222,成功
/pub/data/jiafq/iscas/Parser_Comparison/../benchmarks/part39/non-incremental/QF_IDL/20220214-jobshop-BohanLi/jobshop58-2-29-29-4-4-16.smt2,1685.86,0,47218,成功
/pub/data/jiafq/iscas/Parser_Comparison/../benchmarks/part39/non-incremental/QF_IDL/20220214-jobshop-BohanLi/jobshop58-4-29-29-2-4-24.smt2,7809.53,0,186886,成功
/pub/data/jiafq/iscas/Parser_Comparison/../benchmarks/part39/non-incremental/QF_IDL/20220214-jobshop-BohanLi/jobshop58-4-29-29-4-4-32.smt2,7183.84,0,186881,成功
/pub/data/jiafq/iscas/Parser_Comparison/../benchmarks/part39/non-incremental/QF_IDL/20220214-jobshop-BohanLi/jobshop6-2-3-3-2-4-12.smt2,20.2473,0,524,成功
/pub/data/jiafq/iscas/Parser_Comparison/../benchmarks/part39/non-incremental/QF_IDL/20220214-jobshop-BohanLi/jobshop6-2-3-3-4-4-16.smt2,18.8587,0,522,成功
/pub/data/jiafq/iscas/Parser_Comparison/../benchmarks/part39/non-incremental/QF_IDL/20220214-jobshop-BohanLi/jobshop6-4-3-3-2-4-24.smt2,61.5406,0,1868,成功
/pub/data/jiafq/iscas/Parser_Comparison/../benchmarks/part39/non-incremental/QF_IDL/20220214-jobshop-BohanLi/jobshop6-4-3-3-4-4-32.smt2,64.2781,0,1866,成功
/pub/data/jiafq/iscas/Parser_Comparison/../benchmarks/part39/non-incremental/QF_IDL/20220214-jobshop-BohanLi/jobshop60-2-30-30-2-4-12.smt2,1818.94,0,50530,成功
/pub/data/jiafq/iscas/Parser_Comparison/../benchmarks/part39/non-incremental/QF_IDL/20220214-jobshop-BohanLi/jobshop60-2-30-30-4-4-16.smt2,1871.79,0,50526,成功
/pub/data/jiafq/iscas/Parser_Comparison/../benchmarks/part39/non-incremental/QF_IDL/20220214-jobshop-BohanLi/jobshop60-4-30-30-2-4-24.smt2,7897.15,0,200050,成功
/pub/data/jiafq/iscas/Parser_Comparison/../benchmarks/part39/non-incremental/QF_IDL/20220214-jobshop-BohanLi/jobshop60-4-30-30-4-4-32.smt2,7730.51,0,200046,成功
/pub/data/jiafq/iscas/Parser_Comparison/../benchmarks/part39/non-incremental/QF_IDL/20220214-jobshop-BohanLi/jobshop8-2-4-4-2-4-12.smt2,35.1828,0,920,成功
/pub/data/jiafq/iscas/Parser_Comparison/../benchmarks/part39/non-incremental/QF_IDL/20220214-jobshop-BohanLi/jobshop8-2-4-4-4-4-16.smt2,32.7309,0,918,成功
/pub/data/jiafq/iscas/Parser_Comparison/../benchmarks/part39/non-incremental/QF_IDL/20220214-jobshop-BohanLi/jobshop8-4-4-4-2-4-24.smt2,111.787,0,3384,成功
/pub/data/jiafq/iscas/Parser_Comparison/../benchmarks/part39/non-incremental/QF_IDL/20220214-jobshop-BohanLi/jobshop8-4-4-4-4-4-32.smt2,115.286,0,3382,成功
/pub/data/jiafq/iscas/Parser_Comparison/../benchmarks/part39/non-incremental/QF_IDL/asp/15Puzzle/15-puzzle.init10.smt2,5164.49,0,94177,成功
/pub/data/jiafq/iscas/Parser_Comparison/../benchmarks/part39/non-incremental/QF_IDL/asp/15Puzzle/15-puzzle.init11.smt2,5103.73,0,92956,成功
/pub/data/jiafq/iscas/Parser_Comparison/../benchmarks/part39/non-incremental/QF_IDL/asp/15Puzzle/15-puzzle.init12.smt2,4933.14,0,92956,成功
/pub/data/jiafq/iscas/Parser_Comparison/../benchmarks/part39/non-incremental/QF_IDL/asp/15Puzzle/15-puzzle.init13.smt2,4839.95,0,92700,成功
/pub/data/jiafq/iscas/Parser_Comparison/../benchmarks/part39/non-incremental/QF_IDL/asp/15Puzzle/15-puzzle.init14.smt2,5136.17,0,92956,成功
/pub/data/jiafq/iscas/Parser_Comparison/../benchmarks/part39/non-incremental/QF_IDL/asp/15Puzzle/15-puzzle.init15.smt2,5077.5,0,94446,成功
/pub/data/jiafq/iscas/Parser_Comparison/../benchmarks/part39/non-incremental/QF_IDL/asp/15Puzzle/15-puzzle.init2.smt2,4231.26,0,79994,成功
/pub/data/jiafq/iscas/Parser_Comparison/../benchmarks/part39/non-incremental/QF_IDL/asp/15Puzzle/15-puzzle.init3.smt2,4564.59,0,81722,成功
/pub/data/jiafq/iscas/Parser_Comparison/../benchmarks/part39/non-incremental/QF_IDL/asp/15Puzzle/15-puzzle.init4.smt2,4362.17,0,78427,成功
/pub/data/jiafq/iscas/Parser_Comparison/../benchmarks/part39/non-incremental/QF_IDL/asp/15Puzzle/15-puzzle.init5.smt2,4448.06,0,81722,成功
/pub/data/jiafq/iscas/Parser_Comparison/../benchmarks/part39/non-incremental/QF_IDL/asp/15Puzzle/15-puzzle.init6.smt2,4491.06,0,82428,成功
/pub/data/jiafq/iscas/Parser_Comparison/../benchmarks/part39/non-incremental/QF_IDL/asp/15Puzzle/15-puzzle.init7.smt2,4669.36,0,82684,成功
/pub/data/jiafq/iscas/Parser_Comparison/../benchmarks/part39/non-incremental/QF_IDL/asp/15Puzzle/15-puzzle.init8.smt2,4457.44,0,80869,成功
/pub/data/jiafq/iscas/Parser_Comparison/../benchmarks/part39/non-incremental/QF_IDL/asp/15Puzzle/15-puzzle.init9.smt2,4732.47,0,89041,成功
/pub/data/jiafq/iscas/Parser_Comparison/../benchmarks/part39/non-incremental/QF_IDL/asp/15Puzzle/15puzzle_ins.lp.smt2,4441,0,79721,成功
/pub/data/jiafq/iscas/Parser_Comparison/../benchmarks/part39/non-incremental/QF_IDL/asp/BlockedNQueens/156.48.1960.36.1721246615.dat.smt2,1706.03,0,22613,成功
/pub/data/jiafq/iscas/Parser_Comparison/../benchmarks/part39/non-incremental/QF_IDL/asp/BlockedNQueens/156.48.1960.36.1721259656.dat.smt2,1813.55,0,22539,成功
/pub/data/jiafq/iscas/Parser_Comparison/../benchmarks/part39/non-incremental/QF_IDL/asp/BlockedNQueens/156.48.1960.36.1721262093.dat.smt2,1670.7,0,21599,成功
/pub/data/jiafq/iscas/Parser_Comparison/../benchmarks/part39/non-incremental/QF_IDL/asp/BlockedNQueens/156.48.1960.36.1721277539.dat.smt2,1700.64,0,22543,成功
/pub/data/jiafq/iscas/Parser_Comparison/../benchmarks/part39/non-incremental/QF_IDL/asp/BlockedNQueens/156.48.1960.36.1721284464.dat.smt2,1740.32,0,22611,成功
/pub/data/jiafq/iscas/Parser_Comparison/../benchmarks/part39/non-incremental/QF_IDL/asp/BlockedNQueens/156.48.1960.36.1721286911.dat.smt2,1763.79,0,22598,成功
/pub/data/jiafq/iscas/Parser_Comparison/../benchmarks/part39/non-incremental/QF_IDL/asp/BlockedNQueens/156.48.1960.36.1721297189.dat.smt2,1760.37,0,22629,成功
/pub/data/jiafq/iscas/Parser_Comparison/../benchmarks/part39/non-incremental/QF_IDL/asp/BlockedNQueens/156.48.1960.36.1721301641.dat.smt2,1711.55,0,22616,成功
/pub/data/jiafq/iscas/Parser_Comparison/../benchmarks/part39/non-incremental/QF_IDL/asp/BlockedNQueens/156.48.1960.36.1721303981.dat.smt2,1704.88,0,22537,成功
/pub/data/jiafq/iscas/Parser_Comparison/../benchmarks/part39/non-incremental/QF_IDL/asp/BlockedNQueens/156.48.1960.36.1721310106.dat.smt2,1714.68,0,22623,成功
/pub/data/jiafq/iscas/Parser_Comparison/../benchmarks/part39/non-incremental/QF_IDL/asp/BlockedNQueens/156.48.1960.36.1721310593.dat.smt2,1713.41,0,22616,成功
/pub/data/jiafq/iscas/Parser_Comparison/../benchmarks/part39/non-incremental/QF_IDL/asp/BlockedNQueens/156.48.1960.36.1721315836.dat.smt2,1791.04,0,22551,成功
/pub/data/jiafq/iscas/Parser_Comparison/../benchmarks/part39/non-incremental/QF_IDL/asp/BlockedNQueens/156.48.1960.36.1721319768.dat.smt2,1876.43,0,22610,成功
/pub/data/jiafq/iscas/Parser_Comparison/../benchmarks/part39/non-incremental/QF_IDL/asp/BlockedNQueens/156.48.1960.36.1721325133.dat.smt2,1717.53,0,20881,成功
/pub/data/jiafq/iscas/Parser_Comparison/../benchmarks/part39/non-incremental/QF_IDL/asp/BlockedNQueens/156.48.1960.36.1721325287.dat.smt2,1728.49,0,22576,成功
/pub/data/jiafq/iscas/Parser_Comparison/../benchmarks/part39/non-incremental/QF_IDL/asp/BlockedNQueens/156.48.1960.36.1721325949.dat.smt2,1674.64,0,21068,成功
/pub/data/jiafq/iscas/Parser_Comparison/../benchmarks/part39/non-incremental/QF_IDL/asp/BlockedNQueens/156.48.1960.36.1721326070.dat.smt2,1796.75,0,22566,成功
/pub/data/jiafq/iscas/Parser_Comparison/../benchmarks/part39/non-incremental/QF_IDL/asp/BlockedNQueens/156.48.1960.36.1721326970.dat.smt2,1750.4,0,22599,成功
/pub/data/jiafq/iscas/Parser_Comparison/../benchmarks/part39/non-incremental/QF_IDL/asp/BlockedNQueens/156.48.1960.36.1721327521.dat.smt2,1744.3,0,22617,成功
/pub/data/jiafq/iscas/Parser_Comparison/../benchmarks/part39/non-incremental/QF_IDL/asp/BlockedNQueens/156.48.1960.36.1721328612.dat.smt2,1692.21,0,21690,成功
/pub/data/jiafq/iscas/Parser_Comparison/../benchmarks/part39/non-incremental/QF_IDL/asp/BlockedNQueens/156.48.1960.36.1721329185.dat.smt2,1820.4,0,21874,成功
/pub/data/jiafq/iscas/Parser_Comparison/../benchmarks/part39/non-incremental/QF_IDL/asp/BlockedNQueens/156.48.1960.36.1721330060.dat.smt2,1738.59,0,22547,成功
/pub/data/jiafq/iscas/Parser_Comparison/../benchmarks/part39/non-incremental/QF_IDL/asp/BlockedNQueens/156.48.1960.36.1721332568.dat.smt2,1700.51,0,21089,成功
/pub/data/jiafq/iscas/Parser_Comparison/../benchmarks/part39/non-incremental/QF_IDL/asp/BlockedNQueens/156.48.1960.36.1721343626.dat.smt2,1736.73,0,22570,成功
/pub/data/jiafq/iscas/Parser_Comparison/../benchmarks/part39/non-incremental/QF_IDL/asp/BlockedNQueens/156.48.1960.36.1721345259.dat.smt2,1803.5,0,22623,成功
/pub/data/jiafq/iscas/Parser_Comparison/../benchmarks/part39/non-incremental/QF_IDL/asp/BlockedNQueens/156.48.1960.36.1721347806.dat.smt2,1731.34,0,22616,成功
/pub/data/jiafq/iscas/Parser_Comparison/../benchmarks/part39/non-incremental/QF_IDL/asp/BlockedNQueens/156.48.1960.36.1721349794.dat.smt2,1745.62,0,21592,成功
/pub/data/jiafq/iscas/Parser_Comparison/../benchmarks/part39/non-incremental/QF_IDL/asp/BlockedNQueens/156.48.1960.36.1721350404.dat.smt2,1779.64,0,22531,成功
/pub/data/jiafq/iscas/Parser_Comparison/../benchmarks/part39/non-incremental/QF_IDL/asp/BlockedNQueens/156.48.1960.36.1721351180.dat.smt2,1821.75,0,22546,成功
/pub/data/jiafq/iscas/Parser_Comparison/../benchmarks/part39/non-incremental/QF_IDL/asp/ChannelRouting/channelRoute.in1.smt2,134.521,0,2609,成功
/pub/data/jiafq/iscas/Parser_Comparison/../benchmarks/part39/non-incremental/QF_IDL/asp/ChannelRouting/channelRoute.in10.smt2,12408.8,0,137406,成功
/pub/data/jiafq/iscas/Parser_Comparison/../benchmarks/part39/non-incremental/QF_IDL/asp/ChannelRouting/channelRoute.in2.smt2,94.9625,0,1752,成功
/pub/data/jiafq/iscas/Parser_Comparison/../benchmarks/part39/non-incremental/QF_IDL/asp/ChannelRouting/channelRoute.in3.smt2,27042.8,0,308442,成功
/pub/data/jiafq/iscas/Parser_Comparison/../benchmarks/part39/non-incremental/QF_IDL/asp/ChannelRouting/channelRoute.in4.smt2,24918.9,0,292854,成功
/pub/data/jiafq/iscas/Parser_Comparison/../benchmarks/part39/non-incremental/QF_IDL/asp/ChannelRouting/channelRoute.in5.smt2,13480.7,0,158466,成功
/pub/data/jiafq/iscas/Parser_Comparison/../benchmarks/part39/non-incremental/QF_IDL/asp/ChannelRouting/channelRoute.in7.smt2,13522.4,0,155100,成功
/pub/data/jiafq/iscas/Parser_Comparison/../benchmarks/part39/non-incremental/QF_IDL/asp/ChannelRouting/channelRoute.in8.smt2,11143.4,0,130449,成功
/pub/data/jiafq/iscas/Parser_Comparison/../benchmarks/part39/non-incremental/QF_IDL/asp/ChannelRouting/channelRoute.in9.smt2,12339.7,0,140916,成功
/pub/data/jiafq/iscas/Parser_Comparison/../benchmarks/part39/non-incremental/QF_IDL/asp/ChannelRouting/channrlRoute.in6.smt2,11842.1,0,139926,成功
/pub/data/jiafq/iscas/Parser_Comparison/../benchmarks/part39/non-incremental/QF_IDL/asp/ConnectedDominatingSet/rand_150_500_1235354638_0_k=15_unsat.gph.smt2,1526.54,0,16162,成功
/pub/data/jiafq/iscas/Parser_Comparison/../benchmarks/part39/non-incremental/QF_IDL/asp/ConnectedDominatingSet/rand_40_200_1235844018_0_k=4_unsat.gph.smt2,308.752,0,5654,成功
/pub/data/jiafq/iscas/Parser_Comparison/../benchmarks/part39/non-incremental/QF_IDL/asp/ConnectedDominatingSet/rand_40_200_1235844018_0_k=5_sat.gph.smt2,322.002,0,5654,成功
/pub/data/jiafq/iscas/Parser_Comparison/../benchmarks/part39/non-incremental/QF_IDL/asp/ConnectedDominatingSet/rand_45_250_1235855661_0_k=4_unsat.gph.smt2,397.535,0,6859,成功
/pub/data/jiafq/iscas/Parser_Comparison/../benchmarks/part39/non-incremental/QF_IDL/asp/ConnectedDominatingSet/rand_45_250_1235855661_0_k=5_sat.gph.smt2,412.373,0,6859,成功
/pub/data/jiafq/iscas/Parser_Comparison/../benchmarks/part39/non-incremental/QF_IDL/asp/ConnectedDominatingSet/rand_50_250_1235336870_0_k=8_sat.gph.smt2,419.37,0,6798,成功
/pub/data/jiafq/iscas/Parser_Comparison/../benchmarks/part39/non-incremental/QF_IDL/asp/ConnectedDominatingSet/rand_50_250_1235345753_0_k=6_unsat.gph.smt2,437.179,0,7064,成功
/pub/data/jiafq/iscas/Parser_Comparison/../benchmarks/part39/non-incremental/QF_IDL/asp/ConnectedDominatingSet/rand_50_250_1235842610_0_k=6_unsat.gph.smt2,408.393,0,6874,成功
/pub/data/jiafq/iscas/Parser_Comparison/../benchmarks/part39/non-incremental/QF_IDL/asp/ConnectedDominatingSet/rand_50_250_1235842610_0_k=7_sat.gph.smt2,399.317,0,6874,成功
/pub/data/jiafq/iscas/Parser_Comparison/../benchmarks/part39/non-incremental/QF_IDL/asp/ConnectedDominatingSet/rand_55_250_1235855873_0_k=7_unsat.gph.smt2,451.585,0,7269,成功
/pub/data/jiafq/iscas/Parser_Comparison/../benchmarks/part39/non-incremental/QF_IDL/asp/ConnectedDominatingSet/rand_55_250_1235855873_0_k=8_sat.gph.smt2,461.693,0,7269,成功
/pub/data/jiafq/iscas/Parser_Comparison/../benchmarks/part39/non-incremental/QF_IDL/asp/ConnectedDominatingSet/rand_60_400_1235843083_0_k=5_unsat.gph.smt2,639.391,0,10474,成功
/pub/data/jiafq/iscas/Parser_Comparison/../benchmarks/part39/non-incremental/QF_IDL/asp/ConnectedDominatingSet/rand_60_400_1235843083_0_k=7_sat.gph.smt2,643.758,0,10474,成功
/pub/data/jiafq/iscas/Parser_Comparison/../benchmarks/part39/non-incremental/QF_IDL/asp/ConnectedDominatingSet/rand_65_500_1235857888_0_k=5_unsat.gph.smt2,806.73,0,12679,成功
/pub/data/jiafq/iscas/Parser_Comparison/../benchmarks/part39/non-incremental/QF_IDL/asp/ConnectedDominatingSet/rand_65_500_1235857888_0_k=6_sat.gph.smt2,816.885,0,12679,成功
/pub/data/jiafq/iscas/Parser_Comparison/../benchmarks/part39/non-incremental/QF_IDL/asp/ConnectedDominatingSet/rand_70_250_1235844252_0_k=10_unsat.gph.smt2,526.82,0,7884,成功
/pub/data/jiafq/iscas/Parser_Comparison/../benchmarks/part39/non-incremental/QF_IDL/asp/ConnectedDominatingSet/rand_70_250_1235844252_0_k=13_sat.gph.smt2,529.698,0,7884,成功
/pub/data/jiafq/iscas/Parser_Comparison/../benchmarks/part39/non-incremental/QF_IDL/asp/ConnectedDominatingSet/rand_80_500_1235848939_0_k=6_unsat.gph.smt2,921.167,0,13294,成功
/pub/data/jiafq/iscas/Parser_Comparison/../benchmarks/part39/non-incremental/QF_IDL/asp/ConnectedDominatingSet/rand_80_500_1235848939_0_k=9_sat.gph.smt2,926.841,0,13294,成功
/pub/data/jiafq/iscas/Parser_Comparison/../benchmarks/part39/non-incremental/QF_IDL/asp/ConnectedDominatingSet/rand_90_600_1235859689_0_k=10_sat.gph.smt2,1090.9,0,15704,成功
/pub/data/jiafq/iscas/Parser_Comparison/../benchmarks/part39/non-incremental/QF_IDL/asp/ConnectedDominatingSet/rand_90_600_1235859689_0_k=6_unsat.gph.smt2,1138.59,0,15704,成功
/pub/data/jiafq/iscas/Parser_Comparison/../benchmarks/part39/non-incremental/QF_IDL/asp/DisjunctiveScheduling/disjunctiveScheduling.in1.smt2,0,0,0,失败
/pub/data/jiafq/iscas/Parser_Comparison/../benchmarks/part39/non-incremental/QF_IDL/asp/DisjunctiveScheduling/disjunctiveScheduling.in7.smt2,0,0,0,失败
/pub/data/jiafq/iscas/Parser_Comparison/../benchmarks/part39/non-incremental/QF_IDL/asp/DisjunctiveScheduling/disjunctiveScheduling.in8.smt2,0,0,0,失败
/pub/data/jiafq/iscas/Parser_Comparison/../benchmarks/part39/non-incremental/QF_IDL/asp/DisjunctiveScheduling/disjunctiveScheduling.in9.smt2,0,0,0,失败
/pub/data/jiafq/iscas/Parser_Comparison/../benchmarks/part39/non-incremental/QF_IDL/asp/EdgeMatching/edge-matching-width=10-height=10-colours=10.smt2,49785.6,0,721062,成功
/pub/data/jiafq/iscas/Parser_Comparison/../benchmarks/part39/non-incremental/QF_IDL/asp/EdgeMatching/edge-matching-width=10-height=10-colours=11.smt2,54319.1,0,733063,成功
/pub/data/jiafq/iscas/Parser_Comparison/../benchmarks/part39/non-incremental/QF_IDL/asp/EdgeMatching/edge-matching-width=10-height=10-colours=12.smt2,52282,0,746144,成功
/pub/data/jiafq/iscas/Parser_Comparison/../benchmarks/part39/non-incremental/QF_IDL/asp/EdgeMatching/edge-matching-width=10-height=10-colours=13.smt2,53693.9,0,760305,成功
/pub/data/jiafq/iscas/Parser_Comparison/../benchmarks/part39/non-incremental/QF_IDL/asp/EdgeMatching/edge-matching-width=10-height=10-colours=15.smt2,55386.7,0,791867,成功
/pub/data/jiafq/iscas/Parser_Comparison/../benchmarks/part39/non-incremental/QF_IDL/asp/EdgeMatching/edge-matching-width=10-height=10-colours=5.smt2,48414.2,0,677257,成功
/pub/data/jiafq/iscas/Parser_Comparison/../benchmarks/part39/non-incremental/QF_IDL/asp/EdgeMatching/edge-matching-width=10-height=10-colours=7.smt2,49070.9,0,691539,成功
/pub/data/jiafq/iscas/Parser_Comparison/../benchmarks/part39/non-incremental/QF_IDL/asp/EdgeMatching/edge-matching-width=10-height=10-colours=8.smt2,50076.1,0,700300,成功
/pub/data/jiafq/iscas/Parser_Comparison/../benchmarks/part39/non-incremental/QF_IDL/asp/EdgeMatching/edge-matching-width=10-height=10-colours=9.smt2,51524,0,710141,成功
/pub/data/jiafq/iscas/Parser_Comparison/../benchmarks/part39/non-incremental/QF_IDL/asp/EdgeMatching/edge-matching-width=7-height=7-colours=11.smt2,13034,0,195406,成功
/pub/data/jiafq/iscas/Parser_Comparison/../benchmarks/part39/non-incremental/QF_IDL/asp/EdgeMatching/edge-matching-width=7-height=7-colours=12.smt2,13488.8,0,201245,成功
/pub/data/jiafq/iscas/Parser_Comparison/../benchmarks/part39/non-incremental/QF_IDL/asp/EdgeMatching/edge-matching-width=7-height=7-colours=13.smt2,14224.1,0,208176,成功
/pub/data/jiafq/iscas/Parser_Comparison/../benchmarks/part39/non-incremental/QF_IDL/asp/EdgeMatching/edge-matching-width=7-height=7-colours=14.smt2,14902.6,0,215317,成功
/pub/data/jiafq/iscas/Parser_Comparison/../benchmarks/part39/non-incremental/QF_IDL/asp/EdgeMatching/edge-matching-width=7-height=7-colours=15.smt2,14361.8,0,222962,成功
/pub/data/jiafq/iscas/Parser_Comparison/../benchmarks/part39/non-incremental/QF_IDL/asp/EdgeMatching/edge-matching-width=8-height=8-colours=11.smt2,22539.5,0,318363,成功
/pub/data/jiafq/iscas/Parser_Comparison/../benchmarks/part39/non-incremental/QF_IDL/asp/EdgeMatching/edge-matching-width=8-height=8-colours=12.smt2,23246.5,0,326524,成功
/pub/data/jiafq/iscas/Parser_Comparison/../benchmarks/part39/non-incremental/QF_IDL/asp/EdgeMatching/edge-matching-width=8-height=8-colours=13.smt2,23250.7,0,335357,成功
/pub/data/jiafq/iscas/Parser_Comparison/../benchmarks/part39/non-incremental/QF_IDL/asp/EdgeMatching/edge-matching-width=8-height=8-colours=14.smt2,23655.4,0,344862,成功
/pub/data/jiafq/iscas/Parser_Comparison/../benchmarks/part39/non-incremental/QF_IDL/asp/EdgeMatching/edge-matching-width=8-height=8-colours=15.smt2,24013.5,0,355039,成功
/pub/data/jiafq/iscas/Parser_Comparison/../benchmarks/part39/non-incremental/QF_IDL/asp/EdgeMatching/edge-matching-width=9-height=9-colours=10.smt2,33189.3,0,483549,成功
/pub/data/jiafq/iscas/Parser_Comparison/../benchmarks/part39/non-incremental/QF_IDL/asp/EdgeMatching/edge-matching-width=9-height=9-colours=11.smt2,34726.7,0,493162,成功
/pub/data/jiafq/iscas/Parser_Comparison/../benchmarks/part39/non-incremental/QF_IDL/asp/EdgeMatching/edge-matching-width=9-height=9-colours=12.smt2,34188.6,0,503639,成功
/pub/data/jiafq/iscas/Parser_Comparison/../benchmarks/part39/non-incremental/QF_IDL/asp/EdgeMatching/edge-matching-width=9-height=9-colours=13.smt2,37301.7,0,514980,成功
/pub/data/jiafq/iscas/Parser_Comparison/../benchmarks/part39/non-incremental/QF_IDL/asp/EdgeMatching/edge-matching-width=9-height=9-colours=14.smt2,36780,0,527185,成功
/pub/data/jiafq/iscas/Parser_Comparison/../benchmarks/part39/non-incremental/QF_IDL/asp/EdgeMatching/edge-matching-width=9-height=9-colours=15.smt2,37014.1,0,540254,成功
/pub/data/jiafq/iscas/Parser_Comparison/../benchmarks/part39/non-incremental/QF_IDL/asp/EdgeMatching/edge-matching-width=9-height=9-colours=6.smt2,31243.9,0,453737,成功
/pub/data/jiafq/iscas/Parser_Comparison/../benchmarks/part39/non-incremental/QF_IDL/asp/EdgeMatching/edge-matching-width=9-height=9-colours=7.smt2,33281.9,0,459894,成功
/pub/data/jiafq/iscas/Parser_Comparison/../benchmarks/part39/non-incremental/QF_IDL/asp/EdgeMatching/edge-matching-width=9-height=9-colours=8.smt2,31940.1,0,466915,成功
/pub/data/jiafq/iscas/Parser_Comparison/../benchmarks/part39/non-incremental/QF_IDL/asp/EdgeMatching/edge-matching-width=9-height=9-colours=9.smt2,33626.5,0,474800,成功
/pub/data/jiafq/iscas/Parser_Comparison/../benchmarks/part39/non-incremental/QF_IDL/asp/Fastfood/a2.9.38.asp.smt2,1909.06,0,33109,成功
/pub/data/jiafq/iscas/Parser_Comparison/../benchmarks/part39/non-incremental/QF_IDL/asp/Fastfood/a3.3.0.asp.smt2,8777.19,0,129933,成功
/pub/data/jiafq/iscas/Parser_Comparison/../benchmarks/part39/non-incremental/QF_IDL/asp/Fastfood/a3.3.2.asp.smt2,8565.2,0,129933,成功
/pub/data/jiafq/iscas/Parser_Comparison/../benchmarks/part39/non-incremental/QF_IDL/asp/Fastfood/a5.8.80.asp.smt2,1982.57,0,33386,成功
/pub/data/jiafq/iscas/Parser_Comparison/../benchmarks/part39/non-incremental/QF_IDL/asp/Fastfood/a7.3.0.tweaked.3.asp.smt2,13050.9,0,178329,成功
/pub/data/jiafq/iscas/Parser_Comparison/../benchmarks/part39/non-incremental/QF_IDL/asp/Fastfood/a7.3.0.tweaked.5.asp.smt2,12775.5,0,178329,成功
/pub/data/jiafq/iscas/Parser_Comparison/../benchmarks/part39/non-incremental/QF_IDL/asp/Fastfood/a7.3.1.tweaked.5.asp.smt2,12862.5,0,178329,成功
/pub/data/jiafq/iscas/Parser_Comparison/../benchmarks/part39/non-incremental/QF_IDL/asp/Fastfood/a7.3.3.asp.smt2,12543.4,0,178329,成功
/pub/data/jiafq/iscas/Parser_Comparison/../benchmarks/part39/non-incremental/QF_IDL/asp/Fastfood/a7.3.3.tweaked.3.asp.smt2,12317,0,178329,成功
/pub/data/jiafq/iscas/Parser_Comparison/../benchmarks/part39/non-incremental/QF_IDL/asp/Fastfood/a7.3.4.tweaked.4.asp.smt2,13393.4,0,178329,成功
/pub/data/jiafq/iscas/Parser_Comparison/../benchmarks/part39/non-incremental/QF_IDL/asp/Fastfood/a7.3.4.tweaked.5.asp.smt2,13170.5,0,178329,成功
/pub/data/jiafq/iscas/Parser_Comparison/../benchmarks/part39/non-incremental/QF_IDL/asp/Fastfood/a7.3.5.tweaked.2.asp.smt2,13169.7,0,178329,成功
/pub/data/jiafq/iscas/Parser_Comparison/../benchmarks/part39/non-incremental/QF_IDL/asp/Fastfood/a7.3.5.tweaked.4.asp.smt2,12861,0,178329,成功
/pub/data/jiafq/iscas/Parser_Comparison/../benchmarks/part39/non-incremental/QF_IDL/asp/Fastfood/a7.3.5.tweaked.5.asp.smt2,12736.1,0,178329,成功
/pub/data/jiafq/iscas/Parser_Comparison/../benchmarks/part39/non-incremental/QF_IDL/asp/Fastfood/a7.3.8.tweaked.1.asp.smt2,13511.3,0,178329,成功
/pub/data/jiafq/iscas/Parser_Comparison/../benchmarks/part39/non-incremental/QF_IDL/asp/Fastfood/a8.7.5.asp.smt2,1203.65,0,21158,成功
/pub/data/jiafq/iscas/Parser_Comparison/../benchmarks/part39/non-incremental/QF_IDL/asp/Fastfood/a9.8.11.asp.smt2,966.617,0,17523,成功
/pub/data/jiafq/iscas/Parser_Comparison/../benchmarks/part39/non-incremental/QF_IDL/asp/GeneralizedSlitherlink/altair1.10.asp.smt2,10236.5,224,60833,成功
/pub/data/jiafq/iscas/Parser_Comparison/../benchmarks/part39/non-incremental/QF_IDL/asp/GeneralizedSlitherlink/altair1.16.asp.smt2,25741,0,64788,成功
/pub/data/jiafq/iscas/Parser_Comparison/../benchmarks/part39/non-incremental/QF_IDL/asp/GeneralizedSlitherlink/altair1.20.asp.smt2,3366.84,0,60726,成功
/pub/data/jiafq/iscas/Parser_Comparison/../benchmarks/part39/non-incremental/QF_IDL/asp/GeneralizedSlitherlink/altair1.37.asp.smt2,3358.26,0,61733,成功
/pub/data/jiafq/iscas/Parser_Comparison/../benchmarks/part39/non-incremental/QF_IDL/asp/GeneralizedSlitherlink/altair1.42.asp.smt2,25765.3,0,64237,成功
/pub/data/jiafq/iscas/Parser_Comparison/../benchmarks/part39/non-incremental/QF_IDL/asp/GeneralizedSlitherlink/altair1.48.asp.smt2,25094.3,0,63195,成功
/pub/data/jiafq/iscas/Parser_Comparison/../benchmarks/part39/non-incremental/QF_IDL/asp/GeneralizedSlitherlink/altair1.54.asp.smt2,3168.37,0,58050,成功
/pub/data/jiafq/iscas/Parser_Comparison/../benchmarks/part39/non-incremental/QF_IDL/asp/GeneralizedSlitherlink/altair1.9.asp.smt2,14568,0,62155,成功
/pub/data/jiafq/iscas/Parser_Comparison/../benchmarks/part39/non-incremental/QF_IDL/asp/GeneralizedSlitherlink/penrose.11.asp.smt2,1902.59,224,34644,成功
/pub/data/jiafq/iscas/Parser_Comparison/../benchmarks/part39/non-incremental/QF_IDL/asp/GeneralizedSlitherlink/penrose.12.asp.smt2,3997.15,0,37650,成功
/pub/data/jiafq/iscas/Parser_Comparison/../benchmarks/part39/non-incremental/QF_IDL/asp/GeneralizedSlitherlink/penrose.31.asp.smt2,1751.66,0,32996,成功
/pub/data/jiafq/iscas/Parser_Comparison/../benchmarks/part39/non-incremental/QF_IDL/asp/GeneralizedSlitherlink/penrose.34.asp.smt2,1609.16,224,31109,成功
/pub/data/jiafq/iscas/Parser_Comparison/../benchmarks/part39/non-incremental/QF_IDL/asp/GeneralizedSlitherlink/penrose.35.asp.smt2,1688.14,0,30274,成功
/pub/data/jiafq/iscas/Parser_Comparison/../benchmarks/part39/non-incremental/QF_IDL/asp/GeneralizedSlitherlink/penrose.44.asp.smt2,1789.93,0,33664,成功
/pub/data/jiafq/iscas/Parser_Comparison/../benchmarks/part39/non-incremental/QF_IDL/asp/GeneralizedSlitherlink/penrose.45.asp.smt2,1781.23,0,33458,成功
/pub/data/jiafq/iscas/Parser_Comparison/../benchmarks/part39/non-incremental/QF_IDL/asp/GeneralizedSlitherlink/penrose.48.asp.smt2,1962.79,0,32342,成功
/pub/data/jiafq/iscas/Parser_Comparison/../benchmarks/part39/non-incremental/QF_IDL/asp/GeneralizedSlitherlink/penrose.50.asp.smt2,1479.51,0,30611,成功
/pub/data/jiafq/iscas/Parser_Comparison/../benchmarks/part39/non-incremental/QF_IDL/asp/GeneralizedSlitherlink/penrose.60.asp.smt2,1684.54,0,33563,成功
/pub/data/jiafq/iscas/Parser_Comparison/../benchmarks/part39/non-incremental/QF_IDL/asp/GeneralizedSlitherlink/penrosesmall.5.asp.smt2,270.273,224,6281,成功
/pub/data/jiafq/iscas/Parser_Comparison/../benchmarks/part39/non-incremental/QF_IDL/asp/GeneralizedSlitherlink/trisquares.11.asp.smt2,2868.95,0,54618,成功
/pub/data/jiafq/iscas/Parser_Comparison/../benchmarks/part39/non-incremental/QF_IDL/asp/GeneralizedSlitherlink/trisquares.19.asp.smt2,2813.72,224,52263,成功
/pub/data/jiafq/iscas/Parser_Comparison/../benchmarks/part39/non-incremental/QF_IDL/asp/GeneralizedSlitherlink/trisquares.35.asp.smt2,3141.66,0,51321,成功
/pub/data/jiafq/iscas/Parser_Comparison/../benchmarks/part39/non-incremental/QF_IDL/asp/GeneralizedSlitherlink/trisquares.40.asp.smt2,3121.44,0,55662,成功
/pub/data/jiafq/iscas/Parser_Comparison/../benchmarks/part39/non-incremental/QF_IDL/asp/GeneralizedSlitherlink/trisquares.41.asp.smt2,2694.99,0,48405,成功
/pub/data/jiafq/iscas/Parser_Comparison/../benchmarks/part39/non-incremental/QF_IDL/asp/GeneralizedSlitherlink/trisquares.43.asp.smt2,3184.94,0,54693,成功
/pub/data/jiafq/iscas/Parser_Comparison/../benchmarks/part39/non-incremental/QF_IDL/asp/GeneralizedSlitherlink/trisquares.47.asp.smt2,2582.54,0,50481,成功
/pub/data/jiafq/iscas/Parser_Comparison/../benchmarks/part39/non-incremental/QF_IDL/asp/GeneralizedSlitherlink/trisquares.49.asp.smt2,3002.78,0,51582,成功
/pub/data/jiafq/iscas/Parser_Comparison/../benchmarks/part39/non-incremental/QF_IDL/asp/GeneralizedSlitherlink/trisquares.54.asp.smt2,2845.94,224,51310,成功
/pub/data/jiafq/iscas/Parser_Comparison/../benchmarks/part39/non-incremental/QF_IDL/asp/GeneralizedSlitherlink/trisquares.59.asp.smt2,2932.04,0,49557,成功
/pub/data/jiafq/iscas/Parser_Comparison/../benchmarks/part39/non-incremental/QF_IDL/asp/GraphColouring/graph-colouring-nodes=125-density=0.1-instance=2.smt2,1473.41,0,24991,成功
/pub/data/jiafq/iscas/Parser_Comparison/../benchmarks/part39/non-incremental/QF_IDL/asp/GraphColouring/graph-colouring-nodes=125-density=0.1-instance=3.smt2,1468.87,0,25773,成功
/pub/data/jiafq/iscas/Parser_Comparison/../benchmarks/part39/non-incremental/QF_IDL/asp/GraphColouring/graph-colouring-nodes=125-density=0.1-instance=4.smt2,1580.54,0,25450,成功
/pub/data/jiafq/iscas/Parser_Comparison/../benchmarks/part39/non-incremental/QF_IDL/asp/GraphColouring/graph-colouring-nodes=125-density=0.1-instance=5.smt2,1521.43,0,25637,成功
/pub/data/jiafq/iscas/Parser_Comparison/../benchmarks/part39/non-incremental/QF_IDL/asp/GraphColouring/graph-colouring-nodes=125-density=0.1-instance=7.smt2,1527.46,0,25688,成功
/pub/data/jiafq/iscas/Parser_Comparison/../benchmarks/part39/non-incremental/QF_IDL/asp/GraphColouring/graph-colouring-nodes=125-density=0.1-instance=9.smt2,1547.45,0,24855,成功
/pub/data/jiafq/iscas/Parser_Comparison/../benchmarks/part39/non-incremental/QF_IDL/asp/GraphColouring/graph-colouring-nodes=130-density=0.1-instance=10.smt2,1674.05,0,26851,成功
/pub/data/jiafq/iscas/Parser_Comparison/../benchmarks/part39/non-incremental/QF_IDL/asp/GraphColouring/graph-colouring-nodes=130-density=0.1-instance=2.smt2,1704.47,0,26460,成功
/pub/data/jiafq/iscas/Parser_Comparison/../benchmarks/part39/non-incremental/QF_IDL/asp/GraphColouring/graph-colouring-nodes=130-density=0.1-instance=3.smt2,1681.34,0,27701,成功
/pub/data/jiafq/iscas/Parser_Comparison/../benchmarks/part39/non-incremental/QF_IDL/asp/GraphColouring/graph-colouring-nodes=130-density=0.1-instance=4.smt2,1726.76,0,27718,成功
/pub/data/jiafq/iscas/Parser_Comparison/../benchmarks/part39/non-incremental/QF_IDL/asp/GraphColouring/graph-colouring-nodes=130-density=0.1-instance=5.smt2,1684.21,0,27990,成功
/pub/data/jiafq/iscas/Parser_Comparison/../benchmarks/part39/non-incremental/QF_IDL/asp/GraphColouring/graph-colouring-nodes=130-density=0.1-instance=7.smt2,1640.38,0,27463,成功
/pub/data/jiafq/iscas/Parser_Comparison/../benchmarks/part39/non-incremental/QF_IDL/asp/GraphColouring/graph-colouring-nodes=135-density=0.1-instance=2.smt2,1747.23,0,28235,成功
/pub/data/jiafq/iscas/Parser_Comparison/../benchmarks/part39/non-incremental/QF_IDL/asp/GraphColouring/graph-colouring-nodes=135-density=0.1-instance=7.smt2,1744.65,0,28660,成功
/pub/data/jiafq/iscas/Parser_Comparison/../benchmarks/part39/non-incremental/QF_IDL/asp/GraphColouring/graph-colouring-nodes=140-density=0.1-instance=2.smt2,1915.4,0,31183,成功
/pub/data/jiafq/iscas/Parser_Comparison/../benchmarks/part39/non-incremental/QF_IDL/asp/GraphColouring/graph-colouring-nodes=140-density=0.1-instance=4.smt2,1777.77,0,29959,成功
/pub/data/jiafq/iscas/Parser_Comparison/../benchmarks/part39/non-incremental/QF_IDL/asp/GraphColouring/graph-colouring-nodes=140-density=0.1-instance=7.smt2,1735.41,0,30299,成功
/pub/data/jiafq/iscas/Parser_Comparison/../benchmarks/part39/non-incremental/QF_IDL/asp/GraphColouring/graph-colouring-nodes=140-density=0.1-instance=8.smt2,1954.92,0,31285,成功
/pub/data/jiafq/iscas/Parser_Comparison/../benchmarks/part39/non-incremental/QF_IDL/asp/GraphColouring/graph-colouring-nodes=140-density=0.1-instance=9.smt2,1940.98,0,31625,成功
/pub/data/jiafq/iscas/Parser_Comparison/../benchmarks/part39/non-incremental/QF_IDL/asp/GraphColouring/graph-colouring-nodes=145-density=0.1-instance=10.smt2,1880.5,0,32278,成功
/pub/data/jiafq/iscas/Parser_Comparison/../benchmarks/part39/non-incremental/QF_IDL/asp/GraphColouring/graph-colouring-nodes=145-density=0.1-instance=2.smt2,1889.58,0,32652,成功
/pub/data/jiafq/iscas/Parser_Comparison/../benchmarks/part39/non-incremental/QF_IDL/asp/GraphColouring/graph-colouring-nodes=145-density=0.1-instance=4.smt2,1910.05,0,32346,成功
/pub/data/jiafq/iscas/Parser_Comparison/../benchmarks/part39/non-incremental/QF_IDL/asp/GraphColouring/graph-colouring-nodes=145-density=0.1-instance=5.smt2,1946.97,0,33196,成功
/pub/data/jiafq/iscas/Parser_Comparison/../benchmarks/part39/non-incremental/QF_IDL/asp/GraphColouring/graph-colouring-nodes=145-density=0.1-instance=7.smt2,1864.1,0,32244,成功
/pub/data/jiafq/iscas/Parser_Comparison/../benchmarks/part39/non-incremental/QF_IDL/asp/GraphColouring/graph-colouring-nodes=145-density=0.1-instance=8.smt2,2027.93,0,33111,成功
/pub/data/jiafq/iscas/Parser_Comparison/../benchmarks/part39/non-incremental/QF_IDL/asp/GraphColouring/graph-colouring-nodes=150-density=0.1-instance=10.smt2,1960.12,0,33169,成功
/pub/data/jiafq/iscas/Parser_Comparison/../benchmarks/part39/non-incremental/QF_IDL/asp/GraphColouring/graph-colouring-nodes=150-density=0.1-instance=2.smt2,2155.23,0,34189,成功
/pub/data/jiafq/iscas/Parser_Comparison/../benchmarks/part39/non-incremental/QF_IDL/asp/GraphColouring/graph-colouring-nodes=150-density=0.1-instance=3.smt2,2046.38,0,34070,成功
/pub/data/jiafq/iscas/Parser_Comparison/../benchmarks/part39/non-incremental/QF_IDL/asp/GraphColouring/graph-colouring-nodes=150-density=0.1-instance=5.smt2,1906.68,0,32863,成功
/pub/data/jiafq/iscas/Parser_Comparison/../benchmarks/part39/non-incremental/QF_IDL/asp/GraphPartitioning/rand_15_75_1235849326_0_k=3_v=7_e=20_unsat.gph.smt2,425.463,0,10002,成功
/pub/data/jiafq/iscas/Parser_Comparison/../benchmarks/part39/non-incremental/QF_IDL/asp/GraphPartitioning/rand_15_75_1235849326_0_k=3_v=7_e=30_sat.gph.smt2,427.851,0,10002,成功
/pub/data/jiafq/iscas/Parser_Comparison/../benchmarks/part39/non-incremental/QF_IDL/asp/GraphPartitioning/rand_20_100_1235402004_0_k=6_v=4_e=4_sat.gph.smt2,1800.6,0,40475,成功
/pub/data/jiafq/iscas/Parser_Comparison/../benchmarks/part39/non-incremental/QF_IDL/asp/GraphPartitioning/rand_20_100_1235851242_0_k=3_v=10_e=20_unsat.gph.smt2,607.909,0,13317,成功
/pub/data/jiafq/iscas/Parser_Comparison/../benchmarks/part39/non-incremental/QF_IDL/asp/GraphPartitioning/rand_20_100_1235851242_0_k=3_v=15_e=25_sat.gph.smt2,654.35,0,13317,成功
/pub/data/jiafq/iscas/Parser_Comparison/../benchmarks/part39/non-incremental/QF_IDL/asp/GraphPartitioning/rand_21_150_1235870252_0_k=3_v=10_e=20_unsat.gph.smt2,837.302,0,18210,成功
/pub/data/jiafq/iscas/Parser_Comparison/../benchmarks/part39/non-incremental/QF_IDL/asp/GraphPartitioning/rand_21_150_1235870252_0_k=6_v=5_e=25_sat.gph.smt2,2657.02,0,57252,成功
/pub/data/jiafq/iscas/Parser_Comparison/../benchmarks/part39/non-incremental/QF_IDL/asp/GraphPartitioning/rand_24_250_1235873539_0_k=3_v=9_e=15_unsat.gph.smt2,1340.19,0,28189,成功
/pub/data/jiafq/iscas/Parser_Comparison/../benchmarks/part39/non-incremental/QF_IDL/asp/GraphPartitioning/rand_24_250_1235873539_0_k=6_v=9_e=25_sat.gph.smt2,4178.96,0,91180,成功
/pub/data/jiafq/iscas/Parser_Comparison/../benchmarks/part39/non-incremental/QF_IDL/asp/GraphPartitioning/rand_25_200_1235404333_0_k=5_v=5_e=4_unsat.gph.smt2,2712.28,0,54792,成功
/pub/data/jiafq/iscas/Parser_Comparison/../benchmarks/part39/non-incremental/QF_IDL/asp/GraphPartitioning/rand_25_300_1235843609_0_k=3_v=8_e=15_unsat.gph.smt2,1618.63,0,33082,成功
/pub/data/jiafq/iscas/Parser_Comparison/../benchmarks/part39/non-incremental/QF_IDL/asp/GraphPartitioning/rand_25_300_1235843609_0_k=5_v=7_e=40_sat.gph.smt2,3660.53,0,78192,成功
/pub/data/jiafq/iscas/Parser_Comparison/../benchmarks/part39/non-incremental/QF_IDL/asp/GraphPartitioning/rand_30_300_1235855358_0_k=6_v=6_e=30_sat.gph.smt2,5356.75,0,109836,成功
/pub/data/jiafq/iscas/Parser_Comparison/../benchmarks/part39/non-incremental/QF_IDL/asp/HamiltonianPath/gryzzles.12.lp.smt2,711.684,0,15275,成功
/pub/data/jiafq/iscas/Parser_Comparison/../benchmarks/part39/non-incremental/QF_IDL/asp/HamiltonianPath/gryzzles.15.lp.smt2,1052.42,0,23570,成功
/pub/data/jiafq/iscas/Parser_Comparison/../benchmarks/part39/non-incremental/QF_IDL/asp/HamiltonianPath/gryzzles.16.lp.smt2,758.884,0,16475,成功
/pub/data/jiafq/iscas/Parser_Comparison/../benchmarks/part39/non-incremental/QF_IDL/asp/HamiltonianPath/gryzzles.18.lp.smt2,926.877,0,21054,成功
/pub/data/jiafq/iscas/Parser_Comparison/../benchmarks/part39/non-incremental/QF_IDL/asp/HamiltonianPath/gryzzles.19.lp.smt2,1022.69,0,22474,成功
/pub/data/jiafq/iscas/Parser_Comparison/../benchmarks/part39/non-incremental/QF_IDL/asp/HamiltonianPath/gryzzles.2.lp.smt2,692.508,0,15599,成功
/pub/data/jiafq/iscas/Parser_Comparison/../benchmarks/part39/non-incremental/QF_IDL/asp/HamiltonianPath/gryzzles.20.lp.smt2,1013.44,0,22288,成功
/pub/data/jiafq/iscas/Parser_Comparison/../benchmarks/part39/non-incremental/QF_IDL/asp/HamiltonianPath/gryzzles.21.lp.smt2,930.582,0,20939,成功
/pub/data/jiafq/iscas/Parser_Comparison/../benchmarks/part39/non-incremental/QF_IDL/asp/HamiltonianPath/gryzzles.22.lp.smt2,885.486,0,19600,成功
/pub/data/jiafq/iscas/Parser_Comparison/../benchmarks/part39/non-incremental/QF_IDL/asp/HamiltonianPath/gryzzles.23.lp.smt2,960.489,0,21411,成功
/pub/data/jiafq/iscas/Parser_Comparison/../benchmarks/part39/non-incremental/QF_IDL/asp/HamiltonianPath/gryzzles.26.lp.smt2,907.215,0,20715,成功
/pub/data/jiafq/iscas/Parser_Comparison/../benchmarks/part39/non-incremental/QF_IDL/asp/HamiltonianPath/gryzzles.30.lp.smt2,988.846,0,21456,成功
/pub/data/jiafq/iscas/Parser_Comparison/../benchmarks/part39/non-incremental/QF_IDL/asp/HamiltonianPath/gryzzles.31.lp.smt2,916.47,0,20529,成功
/pub/data/jiafq/iscas/Parser_Comparison/../benchmarks/part39/non-incremental/QF_IDL/asp/HamiltonianPath/gryzzles.32.lp.smt2,878.939,0,19403,成功
/pub/data/jiafq/iscas/Parser_Comparison/../benchmarks/part39/non-incremental/QF_IDL/asp/HamiltonianPath/gryzzles.33.lp.smt2,833.635,0,17783,成功
/pub/data/jiafq/iscas/Parser_Comparison/../benchmarks/part39/non-incremental/QF_IDL/asp/HamiltonianPath/gryzzles.37.lp.smt2,960.981,0,21510,成功
/pub/data/jiafq/iscas/Parser_Comparison/../benchmarks/part39/non-incremental/QF_IDL/asp/HamiltonianPath/gryzzles.39.lp.smt2,898.117,0,19469,成功
/pub/data/jiafq/iscas/Parser_Comparison/../benchmarks/part39/non-incremental/QF_IDL/asp/HamiltonianPath/gryzzles.40.lp.smt2,855.463,0,18464,成功
/pub/data/jiafq/iscas/Parser_Comparison/../benchmarks/part39/non-incremental/QF_IDL/asp/HamiltonianPath/gryzzles.41.lp.smt2,967.135,0,20510,成功
/pub/data/jiafq/iscas/Parser_Comparison/../benchmarks/part39/non-incremental/QF_IDL/asp/HamiltonianPath/gryzzles.42.lp.smt2,850.81,0,18520,成功
/pub/data/jiafq/iscas/Parser_Comparison/../benchmarks/part39/non-incremental/QF_IDL/asp/HamiltonianPath/gryzzles.44.lp.smt2,868.001,0,19116,成功
/pub/data/jiafq/iscas/Parser_Comparison/../benchmarks/part39/non-incremental/QF_IDL/asp/HamiltonianPath/gryzzles.46.lp.smt2,1069.95,0,22968,成功
/pub/data/jiafq/iscas/Parser_Comparison/../benchmarks/part39/non-incremental/QF_IDL/asp/HamiltonianPath/gryzzles.48.lp.smt2,1089.7,0,23886,成功
/pub/data/jiafq/iscas/Parser_Comparison/../benchmarks/part39/non-incremental/QF_IDL/asp/HamiltonianPath/gryzzles.6.lp.smt2,791.541,0,17506,成功
/pub/data/jiafq/iscas/Parser_Comparison/../benchmarks/part39/non-incremental/QF_IDL/asp/HamiltonianPath/gryzzles.7.lp.smt2,883.153,0,18829,成功
/pub/data/jiafq/iscas/Parser_Comparison/../benchmarks/part39/non-incremental/QF_IDL/asp/HamiltonianPath/gryzzles.8.lp.smt2,785.607,0,17475,成功
/pub/data/jiafq/iscas/Parser_Comparison/../benchmarks/part39/non-incremental/QF_IDL/asp/HamiltonianPath/random.2.lp.smt2,1752.43,0,35371,成功
/pub/data/jiafq/iscas/Parser_Comparison/../benchmarks/part39/non-incremental/QF_IDL/asp/HamiltonianPath/random.5.lp.smt2,1717.6,0,36079,成功
/pub/data/jiafq/iscas/Parser_Comparison/../benchmarks/part39/non-incremental/QF_IDL/asp/HamiltonianPath/random.8.lp.smt2,1727.66,0,35816,成功
/pub/data/jiafq/iscas/Parser_Comparison/../benchmarks/part39/non-incremental/QF_IDL/asp/Hanoi/mgs_towers-hanoi.110_7.smt2,14831.1,0,259109,成功
/pub/data/jiafq/iscas/Parser_Comparison/../benchmarks/part39/non-incremental/QF_IDL/asp/Hanoi/mgs_towers-hanoi.113_7.smt2,15267.3,0,265172,成功
/pub/data/jiafq/iscas/Parser_Comparison/../benchmarks/part39/non-incremental/QF_IDL/asp/Hanoi/mgs_towers-hanoi.120_7.smt2,17073.2,0,282087,成功
/pub/data/jiafq/iscas/Parser_Comparison/../benchmarks/part39/non-incremental/QF_IDL/asp/Hanoi/mgs_towers-hanoi.127_7.smt2,16712.8,0,297156,成功
/pub/data/jiafq/iscas/Parser_Comparison/../benchmarks/part39/non-incremental/QF_IDL/asp/Hanoi/mgs_towers-hanoi.30_7.smt2,3540.46,0,65861,成功
/pub/data/jiafq/iscas/Parser_Comparison/../benchmarks/part39/non-incremental/QF_IDL/asp/Hanoi/mgs_towers-hanoi.32_7.smt2,3549.03,0,71139,成功
/pub/data/jiafq/iscas/Parser_Comparison/../benchmarks/part39/non-incremental/QF_IDL/asp/Hanoi/mgs_towers-hanoi.70_7.smt2,8815.03,0,162819,成功
/pub/data/jiafq/iscas/Parser_Comparison/../benchmarks/part39/non-incremental/QF_IDL/asp/Hanoi/mgs_towers-hanoi.73_7.smt2,9218.25,0,170189,成功
/pub/data/jiafq/iscas/Parser_Comparison/../benchmarks/part39/non-incremental/QF_IDL/asp/Hanoi/mgs_towers-hanoi.77_7.smt2,9741.38,0,179279,成功
/pub/data/jiafq/iscas/Parser_Comparison/../benchmarks/part39/non-incremental/QF_IDL/asp/Hanoi/mgs_towers-hanoi.80_7.smt2,10386.8,0,187101,成功
/pub/data/jiafq/iscas/Parser_Comparison/../benchmarks/part39/non-incremental/QF_IDL/asp/Hanoi/mgs_towers-hanoi.83_7.smt2,10656,0,194367,成功
/pub/data/jiafq/iscas/Parser_Comparison/../benchmarks/part39/non-incremental/QF_IDL/asp/Hanoi/mgs_towers-hanoi.87_7.smt2,11342.9,0,203458,成功
/pub/data/jiafq/iscas/Parser_Comparison/../benchmarks/part39/non-incremental/QF_IDL/asp/Hanoi/mgs_towers-hanoi.90_7.smt2,11807.5,0,211253,成功
/pub/data/jiafq/iscas/Parser_Comparison/../benchmarks/part39/non-incremental/QF_IDL/asp/Hanoi/mgs_towers-hanoi.93_7.smt2,11568.1,0,217958,成功
/pub/data/jiafq/iscas/Parser_Comparison/../benchmarks/part39/non-incremental/QF_IDL/asp/Hanoi/mgs_towers-hanoi.97_7.smt2,12799.3,0,227446,成功
/pub/data/jiafq/iscas/Parser_Comparison/../benchmarks/part39/non-incremental/QF_IDL/asp/HierarchicalClustering/xy.10.x.10.r.2.565627391.127944.data_k=4_l=6_unsat.gph.smt2,2260.56,0,42555,成功
/pub/data/jiafq/iscas/Parser_Comparison/../benchmarks/part39/non-incremental/QF_IDL/asp/HierarchicalClustering/xy.10.x.10.r.3.1268203948.99614.data_k=2_l=5_sat.gph.smt2,3734.9,0,68627,成功
/pub/data/jiafq/iscas/Parser_Comparison/../benchmarks/part39/non-incremental/QF_IDL/asp/HierarchicalClustering/xy.10.x.10.r.3.1268203948.99614.data_k=4_l=7_sat.gph.smt2,5271.29,0,94862,成功
/pub/data/jiafq/iscas/Parser_Comparison/../benchmarks/part39/non-incremental/QF_IDL/asp/HierarchicalClustering/xy.11.x.11.r.3.712566045.949579.data_k=3_l=3_unsat.gph.smt2,1187.5,0,24256,成功
/pub/data/jiafq/iscas/Parser_Comparison/../benchmarks/part39/non-incremental/QF_IDL/asp/HierarchicalClustering/xy.12.x.12.r.3.274440616.806497.data_k=3_l=4_sat.gph.smt2,2928.56,0,56614,成功
/pub/data/jiafq/iscas/Parser_Comparison/../benchmarks/part39/non-incremental/QF_IDL/asp/HierarchicalClustering/xy.12.x.12.r.3.274440616.806497.data_k=4_l=3_unsat.gph.smt2,2244.42,0,43437,成功
/pub/data/jiafq/iscas/Parser_Comparison/../benchmarks/part39/non-incremental/QF_IDL/asp/HierarchicalClustering/xy.12.x.12.r.4.274529373.784913.data_k=3_l=3_unsat.gph.smt2,3238,0,59621,成功
/pub/data/jiafq/iscas/Parser_Comparison/../benchmarks/part39/non-incremental/QF_IDL/asp/HierarchicalClustering/xy.12.x.12.r.4.274529373.784913.data_k=4_l=4_sat.gph.smt2,4287.56,0,77892,成功
/pub/data/jiafq/iscas/Parser_Comparison/../benchmarks/part39/non-incremental/QF_IDL/asp/HierarchicalClustering/xy.13.x.13.r.3.541669225.993881.data_k=2_l=6_sat.gph.smt2,5883.97,0,102963,成功
/pub/data/jiafq/iscas/Parser_Comparison/../benchmarks/part39/non-incremental/QF_IDL/asp/HierarchicalClustering/xy.14.x.14.r.3.886831626.391915.data_k=2_l=6_sat.gph.smt2,10344.9,0,178324,成功
/pub/data/jiafq/iscas/Parser_Comparison/../benchmarks/part39/non-incremental/QF_IDL/asp/HierarchicalClustering/xy.14.x.14.r.3.886831626.391915.data_k=3_l=5_sat.gph.smt2,8584.5,0,150967,成功
/pub/data/jiafq/iscas/Parser_Comparison/../benchmarks/part39/non-incremental/QF_IDL/asp/HierarchicalClustering/xy.15.x.15.r.4.10790636.1242605.data_k=4_l=4_sat.gph.smt2,10400,0,168367,成功
/pub/data/jiafq/iscas/Parser_Comparison/../benchmarks/part39/non-incremental/QF_IDL/asp/KnightTour/knightTour.in01.smt2,743.688,0,16586,成功
/pub/data/jiafq/iscas/Parser_Comparison/../benchmarks/part39/non-incremental/QF_IDL/asp/KnightTour/knightTour.in02.smt2,1364.81,0,27607,成功
/pub/data/jiafq/iscas/Parser_Comparison/../benchmarks/part39/non-incremental/QF_IDL/asp/KnightTour/knightTour.in03.smt2,2244.83,0,43315,成功
/pub/data/jiafq/iscas/Parser_Comparison/../benchmarks/part39/non-incremental/QF_IDL/asp/KnightTour/knightTour.in04.smt2,3153.6,0,62456,成功
/pub/data/jiafq/iscas/Parser_Comparison/../benchmarks/part39/non-incremental/QF_IDL/asp/KnightTour/knightTour.in05.smt2,4363.76,0,84010,成功
/pub/data/jiafq/iscas/Parser_Comparison/../benchmarks/part39/non-incremental/QF_IDL/asp/KnightTour/knightTour.in06.smt2,7121.95,0,137144,成功
/pub/data/jiafq/iscas/Parser_Comparison/../benchmarks/part39/non-incremental/QF_IDL/asp/KnightTour/knightTour.in07.smt2,18678.8,0,325704,成功
/pub/data/jiafq/iscas/Parser_Comparison/../benchmarks/part39/non-incremental/QF_IDL/asp/KnightTour/knightTour.in08.smt2,35823.6,0,593614,成功
/pub/data/jiafq/iscas/Parser_Comparison/../benchmarks/part39/non-incremental/QF_IDL/asp/KnightTour/knightTour.in09.smt2,48754.8,0,792880,成功
/pub/data/jiafq/iscas/Parser_Comparison/../benchmarks/part39/non-incremental/QF_IDL/asp/KnightTour/knightTour.in10.smt2,58003.9,0,941175,成功
/pub/data/jiafq/iscas/Parser_Comparison/../benchmarks/part39/non-incremental/QF_IDL/asp/Labyrinth/laby_17_17_02.lp.smt2,48653.1,0,879029,成功
/pub/data/jiafq/iscas/Parser_Comparison/../benchmarks/part39/non-incremental/QF_IDL/asp/Labyrinth/laby_17_17_07.lp.smt2,53377.9,0,878573,成功
/pub/data/jiafq/iscas/Parser_Comparison/../benchmarks/part39/non-incremental/QF_IDL/asp/Labyrinth/laby_17_17_09.lp.smt2,51871.6,0,844839,成功
/pub/data/jiafq/iscas/Parser_Comparison/../benchmarks/part39/non-incremental/QF_IDL/asp/Labyrinth/laby_18_18_04.lp.smt2,0,0,0,失败
/pub/data/jiafq/iscas/Parser_Comparison/../benchmarks/part39/non-incremental/QF_IDL/asp/Labyrinth/laby_18_18_11.lp.smt2,0,0,0,失败
/pub/data/jiafq/iscas/Parser_Comparison/../benchmarks/part39/non-incremental/QF_IDL/asp/Labyrinth/laby_18_18_13.lp.smt2,0,0,0,失败
/pub/data/jiafq/iscas/Parser_Comparison/../benchmarks/part39/non-incremental/QF_IDL/asp/Labyrinth/laby_18_18_14.lp.smt2,0,0,0,失败
/pub/data/jiafq/iscas/Parser_Comparison/../benchmarks/part39/non-incremental/QF_IDL/asp/Labyrinth/laby_19_19_14.lp.smt2,0,0,0,失败
/pub/data/jiafq/iscas/Parser_Comparison/../benchmarks/part39/non-incremental/QF_IDL/asp/Labyrinth/laby_19_19_15.lp.smt2,0,0,0,失败
/pub/data/jiafq/iscas/Parser_Comparison/../benchmarks/part39/non-incremental/QF_IDL/asp/Labyrinth/laby_19_19_16.lp.smt2,0,0,0,失败
/pub/data/jiafq/iscas/Parser_Comparison/../benchmarks/part39/non-incremental/QF_IDL/asp/Labyrinth/laby_19_19_17.lp.smt2,0,0,0,失败
/pub/data/jiafq/iscas/Parser_Comparison/../benchmarks/part39/non-incremental/QF_IDL/asp/Labyrinth/laby_19_19_19.lp.smt2,0,0,0,失败
平均值,3248.74,4.3572,67849.8,98.9167%
