文件名,解析时间(ms),内存使用(KB),AST节点数量,结果
/pub/data/jiafq/iscas/Parser_Comparison/../benchmarks/part31/non-incremental/QF_BV/Sage2/bench_10036.smt2,712.403,0,6587,成功
/pub/data/jiafq/iscas/Parser_Comparison/../benchmarks/part31/non-incremental/QF_BV/Sage2/bench_1004.smt2,1470.3,0,11060,成功
/pub/data/jiafq/iscas/Parser_Comparison/../benchmarks/part31/non-incremental/QF_BV/Sage2/bench_10044.smt2,204.16,0,1789,成功
/pub/data/jiafq/iscas/Parser_Comparison/../benchmarks/part31/non-incremental/QF_BV/Sage2/bench_10046.smt2,383.333,0,6244,成功
/pub/data/jiafq/iscas/Parser_Comparison/../benchmarks/part31/non-incremental/QF_BV/Sage2/bench_10048.smt2,160.007,232,2582,成功
/pub/data/jiafq/iscas/Parser_Comparison/../benchmarks/part31/non-incremental/QF_BV/Sage2/bench_10050.smt2,55.1639,0,766,成功
/pub/data/jiafq/iscas/Parser_Comparison/../benchmarks/part31/non-incremental/QF_BV/Sage2/bench_10051.smt2,686.283,0,4313,成功
/pub/data/jiafq/iscas/Parser_Comparison/../benchmarks/part31/non-incremental/QF_BV/Sage2/bench_10053.smt2,201.759,0,1789,成功
/pub/data/jiafq/iscas/Parser_Comparison/../benchmarks/part31/non-incremental/QF_BV/Sage2/bench_10054.smt2,197.519,0,1789,成功
/pub/data/jiafq/iscas/Parser_Comparison/../benchmarks/part31/non-incremental/QF_BV/Sage2/bench_10055.smt2,0,0,0,失败
/pub/data/jiafq/iscas/Parser_Comparison/../benchmarks/part31/non-incremental/QF_BV/Sage2/bench_10056.smt2,163.001,0,2308,成功
/pub/data/jiafq/iscas/Parser_Comparison/../benchmarks/part31/non-incremental/QF_BV/Sage2/bench_10057.smt2,150.755,0,2582,成功
/pub/data/jiafq/iscas/Parser_Comparison/../benchmarks/part31/non-incremental/QF_BV/Sage2/bench_10058.smt2,191.657,0,1789,成功
/pub/data/jiafq/iscas/Parser_Comparison/../benchmarks/part31/non-incremental/QF_BV/Sage2/bench_1006.smt2,53.9903,0,1011,成功
/pub/data/jiafq/iscas/Parser_Comparison/../benchmarks/part31/non-incremental/QF_BV/Sage2/bench_10060.smt2,195.015,0,1789,成功
/pub/data/jiafq/iscas/Parser_Comparison/../benchmarks/part31/non-incremental/QF_BV/Sage2/bench_10062.smt2,143.03,0,2582,成功
/pub/data/jiafq/iscas/Parser_Comparison/../benchmarks/part31/non-incremental/QF_BV/Sage2/bench_10063.smt2,86.5109,0,1748,成功
/pub/data/jiafq/iscas/Parser_Comparison/../benchmarks/part31/non-incremental/QF_BV/Sage2/bench_10064.smt2,195.688,0,1789,成功
/pub/data/jiafq/iscas/Parser_Comparison/../benchmarks/part31/non-incremental/QF_BV/Sage2/bench_10066.smt2,199.762,0,1789,成功
/pub/data/jiafq/iscas/Parser_Comparison/../benchmarks/part31/non-incremental/QF_BV/Sage2/bench_10067.smt2,1582.45,0,13209,成功
/pub/data/jiafq/iscas/Parser_Comparison/../benchmarks/part31/non-incremental/QF_BV/Sage2/bench_10068.smt2,11.2783,0,240,成功
/pub/data/jiafq/iscas/Parser_Comparison/../benchmarks/part31/non-incremental/QF_BV/Sage2/bench_10072.smt2,0,0,0,失败
/pub/data/jiafq/iscas/Parser_Comparison/../benchmarks/part31/non-incremental/QF_BV/Sage2/bench_10076.smt2,2154.81,0,26275,成功
/pub/data/jiafq/iscas/Parser_Comparison/../benchmarks/part31/non-incremental/QF_BV/Sage2/bench_1008.smt2,0,0,0,失败
/pub/data/jiafq/iscas/Parser_Comparison/../benchmarks/part31/non-incremental/QF_BV/Sage2/bench_10084.smt2,59.6828,0,767,成功
/pub/data/jiafq/iscas/Parser_Comparison/../benchmarks/part31/non-incremental/QF_BV/Sage2/bench_10085.smt2,7714.71,0,16052,成功
/pub/data/jiafq/iscas/Parser_Comparison/../benchmarks/part31/non-incremental/QF_BV/Sage2/bench_10086.smt2,191.475,0,1789,成功
/pub/data/jiafq/iscas/Parser_Comparison/../benchmarks/part31/non-incremental/QF_BV/Sage2/bench_10087.smt2,137.561,0,2582,成功
/pub/data/jiafq/iscas/Parser_Comparison/../benchmarks/part31/non-incremental/QF_BV/Sage2/bench_10088.smt2,402.282,0,4426,成功
/pub/data/jiafq/iscas/Parser_Comparison/../benchmarks/part31/non-incremental/QF_BV/Sage2/bench_10090.smt2,57.5446,0,766,成功
/pub/data/jiafq/iscas/Parser_Comparison/../benchmarks/part31/non-incremental/QF_BV/Sage2/bench_10091.smt2,28.5045,0,604,成功
/pub/data/jiafq/iscas/Parser_Comparison/../benchmarks/part31/non-incremental/QF_BV/Sage2/bench_10092.smt2,13670.1,0,57875,成功
/pub/data/jiafq/iscas/Parser_Comparison/../benchmarks/part31/non-incremental/QF_BV/Sage2/bench_10094.smt2,19.7511,0,634,成功
/pub/data/jiafq/iscas/Parser_Comparison/../benchmarks/part31/non-incremental/QF_BV/Sage2/bench_10095.smt2,25.1071,0,877,成功
/pub/data/jiafq/iscas/Parser_Comparison/../benchmarks/part31/non-incremental/QF_BV/Sage2/bench_10096.smt2,185.864,0,7108,成功
/pub/data/jiafq/iscas/Parser_Comparison/../benchmarks/part31/non-incremental/QF_BV/Sage2/bench_10098.smt2,191.699,0,1789,成功
/pub/data/jiafq/iscas/Parser_Comparison/../benchmarks/part31/non-incremental/QF_BV/Sage2/bench_101.smt2,22.8664,0,834,成功
/pub/data/jiafq/iscas/Parser_Comparison/../benchmarks/part31/non-incremental/QF_BV/Sage2/bench_1010.smt2,0,0,0,失败
/pub/data/jiafq/iscas/Parser_Comparison/../benchmarks/part31/non-incremental/QF_BV/Sage2/bench_10100.smt2,190.142,0,1789,成功
/pub/data/jiafq/iscas/Parser_Comparison/../benchmarks/part31/non-incremental/QF_BV/Sage2/bench_10102.smt2,138.969,0,2582,成功
/pub/data/jiafq/iscas/Parser_Comparison/../benchmarks/part31/non-incremental/QF_BV/Sage2/bench_10103.smt2,52.9275,0,755,成功
/pub/data/jiafq/iscas/Parser_Comparison/../benchmarks/part31/non-incremental/QF_BV/Sage2/bench_10105.smt2,393.389,0,3230,成功
/pub/data/jiafq/iscas/Parser_Comparison/../benchmarks/part31/non-incremental/QF_BV/Sage2/bench_10107.smt2,629.905,0,12360,成功
/pub/data/jiafq/iscas/Parser_Comparison/../benchmarks/part31/non-incremental/QF_BV/Sage2/bench_10109.smt2,186.958,0,1789,成功
/pub/data/jiafq/iscas/Parser_Comparison/../benchmarks/part31/non-incremental/QF_BV/Sage2/bench_1011.smt2,213.264,0,7694,成功
/pub/data/jiafq/iscas/Parser_Comparison/../benchmarks/part31/non-incremental/QF_BV/Sage2/bench_10110.smt2,189.265,0,1789,成功
/pub/data/jiafq/iscas/Parser_Comparison/../benchmarks/part31/non-incremental/QF_BV/Sage2/bench_10111.smt2,26.1719,0,742,成功
/pub/data/jiafq/iscas/Parser_Comparison/../benchmarks/part31/non-incremental/QF_BV/Sage2/bench_10114.smt2,138.153,0,2582,成功
/pub/data/jiafq/iscas/Parser_Comparison/../benchmarks/part31/non-incremental/QF_BV/Sage2/bench_10115.smt2,6776.78,0,37982,成功
/pub/data/jiafq/iscas/Parser_Comparison/../benchmarks/part31/non-incremental/QF_BV/Sage2/bench_10116.smt2,3221.04,0,7322,成功
/pub/data/jiafq/iscas/Parser_Comparison/../benchmarks/part31/non-incremental/QF_BV/Sage2/bench_10118.smt2,232.566,0,3510,成功
/pub/data/jiafq/iscas/Parser_Comparison/../benchmarks/part31/non-incremental/QF_BV/Sage2/bench_10119.smt2,188.811,0,1789,成功
/pub/data/jiafq/iscas/Parser_Comparison/../benchmarks/part31/non-incremental/QF_BV/Sage2/bench_10120.smt2,2068.99,0,22980,成功
/pub/data/jiafq/iscas/Parser_Comparison/../benchmarks/part31/non-incremental/QF_BV/Sage2/bench_10121.smt2,23.673,0,787,成功
/pub/data/jiafq/iscas/Parser_Comparison/../benchmarks/part31/non-incremental/QF_BV/Sage2/bench_10122.smt2,11881.5,0,28640,成功
/pub/data/jiafq/iscas/Parser_Comparison/../benchmarks/part31/non-incremental/QF_BV/Sage2/bench_10124.smt2,4088.85,0,22154,成功
/pub/data/jiafq/iscas/Parser_Comparison/../benchmarks/part31/non-incremental/QF_BV/Sage2/bench_10125.smt2,195.954,0,1789,成功
/pub/data/jiafq/iscas/Parser_Comparison/../benchmarks/part31/non-incremental/QF_BV/Sage2/bench_10126.smt2,160.747,0,2582,成功
/pub/data/jiafq/iscas/Parser_Comparison/../benchmarks/part31/non-incremental/QF_BV/Sage2/bench_10127.smt2,291.149,0,3968,成功
/pub/data/jiafq/iscas/Parser_Comparison/../benchmarks/part31/non-incremental/QF_BV/Sage2/bench_10128.smt2,0,0,0,失败
/pub/data/jiafq/iscas/Parser_Comparison/../benchmarks/part31/non-incremental/QF_BV/Sage2/bench_1013.smt2,27.0265,0,956,成功
/pub/data/jiafq/iscas/Parser_Comparison/../benchmarks/part31/non-incremental/QF_BV/Sage2/bench_10130.smt2,0,0,0,失败
/pub/data/jiafq/iscas/Parser_Comparison/../benchmarks/part31/non-incremental/QF_BV/Sage2/bench_10131.smt2,2002.25,0,19705,成功
/pub/data/jiafq/iscas/Parser_Comparison/../benchmarks/part31/non-incremental/QF_BV/Sage2/bench_10133.smt2,155.785,0,5768,成功
/pub/data/jiafq/iscas/Parser_Comparison/../benchmarks/part31/non-incremental/QF_BV/Sage2/bench_10134.smt2,8243.02,0,96148,成功
/pub/data/jiafq/iscas/Parser_Comparison/../benchmarks/part31/non-incremental/QF_BV/Sage2/bench_10135.smt2,194.699,0,1789,成功
/pub/data/jiafq/iscas/Parser_Comparison/../benchmarks/part31/non-incremental/QF_BV/Sage2/bench_10136.smt2,187.12,0,1789,成功
/pub/data/jiafq/iscas/Parser_Comparison/../benchmarks/part31/non-incremental/QF_BV/Sage2/bench_10137.smt2,8207.97,0,96148,成功
/pub/data/jiafq/iscas/Parser_Comparison/../benchmarks/part31/non-incremental/QF_BV/Sage2/bench_10138.smt2,30.5476,0,934,成功
/pub/data/jiafq/iscas/Parser_Comparison/../benchmarks/part31/non-incremental/QF_BV/Sage2/bench_10141.smt2,137.21,0,2582,成功
/pub/data/jiafq/iscas/Parser_Comparison/../benchmarks/part31/non-incremental/QF_BV/Sage2/bench_10142.smt2,2256.11,0,20452,成功
/pub/data/jiafq/iscas/Parser_Comparison/../benchmarks/part31/non-incremental/QF_BV/Sage2/bench_10143.smt2,7192.43,0,45886,成功
/pub/data/jiafq/iscas/Parser_Comparison/../benchmarks/part31/non-incremental/QF_BV/Sage2/bench_10144.smt2,355.975,0,13429,成功
/pub/data/jiafq/iscas/Parser_Comparison/../benchmarks/part31/non-incremental/QF_BV/Sage2/bench_10145.smt2,188.271,0,1789,成功
/pub/data/jiafq/iscas/Parser_Comparison/../benchmarks/part31/non-incremental/QF_BV/Sage2/bench_10146.smt2,190.708,0,1789,成功
/pub/data/jiafq/iscas/Parser_Comparison/../benchmarks/part31/non-incremental/QF_BV/Sage2/bench_10147.smt2,183.889,0,1789,成功
/pub/data/jiafq/iscas/Parser_Comparison/../benchmarks/part31/non-incremental/QF_BV/Sage2/bench_10149.smt2,70.3519,0,2923,成功
/pub/data/jiafq/iscas/Parser_Comparison/../benchmarks/part31/non-incremental/QF_BV/Sage2/bench_1015.smt2,103.307,0,1922,成功
/pub/data/jiafq/iscas/Parser_Comparison/../benchmarks/part31/non-incremental/QF_BV/Sage2/bench_10150.smt2,40.9059,0,1826,成功
/pub/data/jiafq/iscas/Parser_Comparison/../benchmarks/part31/non-incremental/QF_BV/Sage2/bench_10155.smt2,193.144,0,1789,成功
/pub/data/jiafq/iscas/Parser_Comparison/../benchmarks/part31/non-incremental/QF_BV/Sage2/bench_10158.smt2,55.9497,0,766,成功
/pub/data/jiafq/iscas/Parser_Comparison/../benchmarks/part31/non-incremental/QF_BV/Sage2/bench_1016.smt2,0,0,0,失败
/pub/data/jiafq/iscas/Parser_Comparison/../benchmarks/part31/non-incremental/QF_BV/Sage2/bench_10161.smt2,131.743,0,2179,成功
/pub/data/jiafq/iscas/Parser_Comparison/../benchmarks/part31/non-incremental/QF_BV/Sage2/bench_10171.smt2,192.232,0,1789,成功
/pub/data/jiafq/iscas/Parser_Comparison/../benchmarks/part31/non-incremental/QF_BV/Sage2/bench_1018.smt2,4299.57,0,14549,成功
/pub/data/jiafq/iscas/Parser_Comparison/../benchmarks/part31/non-incremental/QF_BV/Sage2/bench_10186.smt2,185.295,0,1789,成功
/pub/data/jiafq/iscas/Parser_Comparison/../benchmarks/part31/non-incremental/QF_BV/Sage2/bench_10188.smt2,37.377,0,723,成功
/pub/data/jiafq/iscas/Parser_Comparison/../benchmarks/part31/non-incremental/QF_BV/Sage2/bench_10190.smt2,0,0,0,失败
/pub/data/jiafq/iscas/Parser_Comparison/../benchmarks/part31/non-incremental/QF_BV/Sage2/bench_10194.smt2,191.287,0,1789,成功
/pub/data/jiafq/iscas/Parser_Comparison/../benchmarks/part31/non-incremental/QF_BV/Sage2/bench_10196.smt2,146.402,0,2582,成功
/pub/data/jiafq/iscas/Parser_Comparison/../benchmarks/part31/non-incremental/QF_BV/Sage2/bench_102.smt2,3886,0,13946,成功
/pub/data/jiafq/iscas/Parser_Comparison/../benchmarks/part31/non-incremental/QF_BV/Sage2/bench_1020.smt2,69.0153,0,2798,成功
/pub/data/jiafq/iscas/Parser_Comparison/../benchmarks/part31/non-incremental/QF_BV/Sage2/bench_10200.smt2,2214.02,0,27566,成功
/pub/data/jiafq/iscas/Parser_Comparison/../benchmarks/part31/non-incremental/QF_BV/Sage2/bench_10202.smt2,137.549,0,2582,成功
/pub/data/jiafq/iscas/Parser_Comparison/../benchmarks/part31/non-incremental/QF_BV/Sage2/bench_10204.smt2,195.315,0,1789,成功
/pub/data/jiafq/iscas/Parser_Comparison/../benchmarks/part31/non-incremental/QF_BV/Sage2/bench_10207.smt2,610.257,0,6377,成功
/pub/data/jiafq/iscas/Parser_Comparison/../benchmarks/part31/non-incremental/QF_BV/Sage2/bench_10209.smt2,80.2076,0,1003,成功
/pub/data/jiafq/iscas/Parser_Comparison/../benchmarks/part31/non-incremental/QF_BV/Sage2/bench_10211.smt2,0,0,0,失败
/pub/data/jiafq/iscas/Parser_Comparison/../benchmarks/part31/non-incremental/QF_BV/Sage2/bench_10213.smt2,2621.82,0,24247,成功
/pub/data/jiafq/iscas/Parser_Comparison/../benchmarks/part31/non-incremental/QF_BV/Sage2/bench_10215.smt2,73.8952,0,1486,成功
/pub/data/jiafq/iscas/Parser_Comparison/../benchmarks/part31/non-incremental/QF_BV/Sage2/bench_10218.smt2,179.53,0,1789,成功
/pub/data/jiafq/iscas/Parser_Comparison/../benchmarks/part31/non-incremental/QF_BV/Sage2/bench_1022.smt2,1057.02,0,9126,成功
/pub/data/jiafq/iscas/Parser_Comparison/../benchmarks/part31/non-incremental/QF_BV/Sage2/bench_10221.smt2,59351.3,0,56043,成功
/pub/data/jiafq/iscas/Parser_Comparison/../benchmarks/part31/non-incremental/QF_BV/Sage2/bench_10223.smt2,2019.99,0,22120,成功
/pub/data/jiafq/iscas/Parser_Comparison/../benchmarks/part31/non-incremental/QF_BV/Sage2/bench_10225.smt2,7.99602,0,256,成功
/pub/data/jiafq/iscas/Parser_Comparison/../benchmarks/part31/non-incremental/QF_BV/Sage2/bench_10226.smt2,183.941,0,1782,成功
/pub/data/jiafq/iscas/Parser_Comparison/../benchmarks/part31/non-incremental/QF_BV/Sage2/bench_10228.smt2,39.4797,0,1797,成功
/pub/data/jiafq/iscas/Parser_Comparison/../benchmarks/part31/non-incremental/QF_BV/Sage2/bench_10229.smt2,182.542,0,1789,成功
/pub/data/jiafq/iscas/Parser_Comparison/../benchmarks/part31/non-incremental/QF_BV/Sage2/bench_10230.smt2,181.34,0,1789,成功
/pub/data/jiafq/iscas/Parser_Comparison/../benchmarks/part31/non-incremental/QF_BV/Sage2/bench_10232.smt2,80.6163,0,1486,成功
/pub/data/jiafq/iscas/Parser_Comparison/../benchmarks/part31/non-incremental/QF_BV/Sage2/bench_10233.smt2,188.92,0,1789,成功
/pub/data/jiafq/iscas/Parser_Comparison/../benchmarks/part31/non-incremental/QF_BV/Sage2/bench_10235.smt2,186.352,0,1789,成功
/pub/data/jiafq/iscas/Parser_Comparison/../benchmarks/part31/non-incremental/QF_BV/Sage2/bench_10236.smt2,4403.08,0,23410,成功
/pub/data/jiafq/iscas/Parser_Comparison/../benchmarks/part31/non-incremental/QF_BV/Sage2/bench_10238.smt2,76.2716,0,1486,成功
/pub/data/jiafq/iscas/Parser_Comparison/../benchmarks/part31/non-incremental/QF_BV/Sage2/bench_1024.smt2,58.1908,0,1604,成功
/pub/data/jiafq/iscas/Parser_Comparison/../benchmarks/part31/non-incremental/QF_BV/Sage2/bench_10240.smt2,143.577,0,2669,成功
/pub/data/jiafq/iscas/Parser_Comparison/../benchmarks/part31/non-incremental/QF_BV/Sage2/bench_10241.smt2,162.105,0,2797,成功
/pub/data/jiafq/iscas/Parser_Comparison/../benchmarks/part31/non-incremental/QF_BV/Sage2/bench_10242.smt2,193.157,0,1789,成功
/pub/data/jiafq/iscas/Parser_Comparison/../benchmarks/part31/non-incremental/QF_BV/Sage2/bench_10243.smt2,189.126,0,1789,成功
/pub/data/jiafq/iscas/Parser_Comparison/../benchmarks/part31/non-incremental/QF_BV/Sage2/bench_10248.smt2,136.641,0,3244,成功
/pub/data/jiafq/iscas/Parser_Comparison/../benchmarks/part31/non-incremental/QF_BV/Sage2/bench_10249.smt2,189.383,0,1789,成功
/pub/data/jiafq/iscas/Parser_Comparison/../benchmarks/part31/non-incremental/QF_BV/Sage2/bench_1025.smt2,43543.3,0,91424,成功
/pub/data/jiafq/iscas/Parser_Comparison/../benchmarks/part31/non-incremental/QF_BV/Sage2/bench_10252.smt2,2325.68,0,26293,成功
/pub/data/jiafq/iscas/Parser_Comparison/../benchmarks/part31/non-incremental/QF_BV/Sage2/bench_10253.smt2,188.185,0,1789,成功
/pub/data/jiafq/iscas/Parser_Comparison/../benchmarks/part31/non-incremental/QF_BV/Sage2/bench_10255.smt2,0,0,0,失败
/pub/data/jiafq/iscas/Parser_Comparison/../benchmarks/part31/non-incremental/QF_BV/Sage2/bench_10257.smt2,1309.81,0,15135,成功
/pub/data/jiafq/iscas/Parser_Comparison/../benchmarks/part31/non-incremental/QF_BV/Sage2/bench_10258.smt2,186.103,0,1789,成功
/pub/data/jiafq/iscas/Parser_Comparison/../benchmarks/part31/non-incremental/QF_BV/Sage2/bench_1026.smt2,46.6087,0,2066,成功
/pub/data/jiafq/iscas/Parser_Comparison/../benchmarks/part31/non-incremental/QF_BV/Sage2/bench_10266.smt2,518.507,0,3738,成功
/pub/data/jiafq/iscas/Parser_Comparison/../benchmarks/part31/non-incremental/QF_BV/Sage2/bench_1027.smt2,8826.97,0,44674,成功
/pub/data/jiafq/iscas/Parser_Comparison/../benchmarks/part31/non-incremental/QF_BV/Sage2/bench_10273.smt2,0,0,0,失败
/pub/data/jiafq/iscas/Parser_Comparison/../benchmarks/part31/non-incremental/QF_BV/Sage2/bench_10275.smt2,104.729,0,1946,成功
/pub/data/jiafq/iscas/Parser_Comparison/../benchmarks/part31/non-incremental/QF_BV/Sage2/bench_10277.smt2,4596,0,10277,成功
/pub/data/jiafq/iscas/Parser_Comparison/../benchmarks/part31/non-incremental/QF_BV/Sage2/bench_10279.smt2,192.548,0,1789,成功
/pub/data/jiafq/iscas/Parser_Comparison/../benchmarks/part31/non-incremental/QF_BV/Sage2/bench_1028.smt2,340.416,0,3003,成功
/pub/data/jiafq/iscas/Parser_Comparison/../benchmarks/part31/non-incremental/QF_BV/Sage2/bench_10281.smt2,0,0,0,失败
/pub/data/jiafq/iscas/Parser_Comparison/../benchmarks/part31/non-incremental/QF_BV/Sage2/bench_10282.smt2,73.2662,0,1486,成功
/pub/data/jiafq/iscas/Parser_Comparison/../benchmarks/part31/non-incremental/QF_BV/Sage2/bench_10285.smt2,145.733,0,2669,成功
/pub/data/jiafq/iscas/Parser_Comparison/../benchmarks/part31/non-incremental/QF_BV/Sage2/bench_10287.smt2,12779.6,0,56588,成功
/pub/data/jiafq/iscas/Parser_Comparison/../benchmarks/part31/non-incremental/QF_BV/Sage2/bench_10289.smt2,186.976,0,1789,成功
/pub/data/jiafq/iscas/Parser_Comparison/../benchmarks/part31/non-incremental/QF_BV/Sage2/bench_1029.smt2,0,0,0,失败
/pub/data/jiafq/iscas/Parser_Comparison/../benchmarks/part31/non-incremental/QF_BV/Sage2/bench_10291.smt2,190.654,0,1789,成功
/pub/data/jiafq/iscas/Parser_Comparison/../benchmarks/part31/non-incremental/QF_BV/Sage2/bench_10293.smt2,29102.4,0,38635,成功
/pub/data/jiafq/iscas/Parser_Comparison/../benchmarks/part31/non-incremental/QF_BV/Sage2/bench_10295.smt2,81.4762,0,1445,成功
/pub/data/jiafq/iscas/Parser_Comparison/../benchmarks/part31/non-incremental/QF_BV/Sage2/bench_10297.smt2,3996.96,0,22154,成功
/pub/data/jiafq/iscas/Parser_Comparison/../benchmarks/part31/non-incremental/QF_BV/Sage2/bench_10298.smt2,192.344,0,1789,成功
/pub/data/jiafq/iscas/Parser_Comparison/../benchmarks/part31/non-incremental/QF_BV/Sage2/bench_10299.smt2,190.503,0,1789,成功
/pub/data/jiafq/iscas/Parser_Comparison/../benchmarks/part31/non-incremental/QF_BV/Sage2/bench_10302.smt2,224.942,0,4626,成功
/pub/data/jiafq/iscas/Parser_Comparison/../benchmarks/part31/non-incremental/QF_BV/Sage2/bench_10303.smt2,182.806,0,1789,成功
/pub/data/jiafq/iscas/Parser_Comparison/../benchmarks/part31/non-incremental/QF_BV/Sage2/bench_10305.smt2,1514.65,0,13571,成功
/pub/data/jiafq/iscas/Parser_Comparison/../benchmarks/part31/non-incremental/QF_BV/Sage2/bench_10306.smt2,17.1477,0,585,成功
/pub/data/jiafq/iscas/Parser_Comparison/../benchmarks/part31/non-incremental/QF_BV/Sage2/bench_10307.smt2,14780.7,0,35976,成功
/pub/data/jiafq/iscas/Parser_Comparison/../benchmarks/part31/non-incremental/QF_BV/Sage2/bench_10308.smt2,416.641,0,4507,成功
/pub/data/jiafq/iscas/Parser_Comparison/../benchmarks/part31/non-incremental/QF_BV/Sage2/bench_10309.smt2,192.566,0,1789,成功
/pub/data/jiafq/iscas/Parser_Comparison/../benchmarks/part31/non-incremental/QF_BV/Sage2/bench_1031.smt2,267.362,0,3826,成功
/pub/data/jiafq/iscas/Parser_Comparison/../benchmarks/part31/non-incremental/QF_BV/Sage2/bench_10310.smt2,185.638,0,1789,成功
/pub/data/jiafq/iscas/Parser_Comparison/../benchmarks/part31/non-incremental/QF_BV/Sage2/bench_10311.smt2,185.866,0,1789,成功
/pub/data/jiafq/iscas/Parser_Comparison/../benchmarks/part31/non-incremental/QF_BV/Sage2/bench_10312.smt2,73.1756,0,1445,成功
/pub/data/jiafq/iscas/Parser_Comparison/../benchmarks/part31/non-incremental/QF_BV/Sage2/bench_10313.smt2,1381.86,0,13028,成功
/pub/data/jiafq/iscas/Parser_Comparison/../benchmarks/part31/non-incremental/QF_BV/Sage2/bench_10314.smt2,84.81,0,998,成功
/pub/data/jiafq/iscas/Parser_Comparison/../benchmarks/part31/non-incremental/QF_BV/Sage2/bench_10315.smt2,2791.5,0,7042,成功
/pub/data/jiafq/iscas/Parser_Comparison/../benchmarks/part31/non-incremental/QF_BV/Sage2/bench_10316.smt2,767.703,0,7353,成功
/pub/data/jiafq/iscas/Parser_Comparison/../benchmarks/part31/non-incremental/QF_BV/Sage2/bench_10317.smt2,57.9139,0,756,成功
/pub/data/jiafq/iscas/Parser_Comparison/../benchmarks/part31/non-incremental/QF_BV/Sage2/bench_10319.smt2,124.019,0,1369,成功
/pub/data/jiafq/iscas/Parser_Comparison/../benchmarks/part31/non-incremental/QF_BV/Sage2/bench_10320.smt2,104.958,0,1946,成功
/pub/data/jiafq/iscas/Parser_Comparison/../benchmarks/part31/non-incremental/QF_BV/Sage2/bench_10322.smt2,2113.59,0,20912,成功
/pub/data/jiafq/iscas/Parser_Comparison/../benchmarks/part31/non-incremental/QF_BV/Sage2/bench_10323.smt2,41.9008,0,889,成功
/pub/data/jiafq/iscas/Parser_Comparison/../benchmarks/part31/non-incremental/QF_BV/Sage2/bench_10324.smt2,182.011,0,1782,成功
/pub/data/jiafq/iscas/Parser_Comparison/../benchmarks/part31/non-incremental/QF_BV/Sage2/bench_10326.smt2,7779.27,0,71749,成功
/pub/data/jiafq/iscas/Parser_Comparison/../benchmarks/part31/non-incremental/QF_BV/Sage2/bench_10327.smt2,127.498,0,1347,成功
/pub/data/jiafq/iscas/Parser_Comparison/../benchmarks/part31/non-incremental/QF_BV/Sage2/bench_10328.smt2,0,0,0,失败
/pub/data/jiafq/iscas/Parser_Comparison/../benchmarks/part31/non-incremental/QF_BV/Sage2/bench_1033.smt2,776.444,0,7591,成功
/pub/data/jiafq/iscas/Parser_Comparison/../benchmarks/part31/non-incremental/QF_BV/Sage2/bench_10331.smt2,8527.2,0,136935,成功
/pub/data/jiafq/iscas/Parser_Comparison/../benchmarks/part31/non-incremental/QF_BV/Sage2/bench_10333.smt2,128.677,0,1369,成功
/pub/data/jiafq/iscas/Parser_Comparison/../benchmarks/part31/non-incremental/QF_BV/Sage2/bench_10336.smt2,13659.4,0,16747,成功
/pub/data/jiafq/iscas/Parser_Comparison/../benchmarks/part31/non-incremental/QF_BV/Sage2/bench_10339.smt2,49.6698,0,909,成功
/pub/data/jiafq/iscas/Parser_Comparison/../benchmarks/part31/non-incremental/QF_BV/Sage2/bench_10341.smt2,76.8137,0,1687,成功
/pub/data/jiafq/iscas/Parser_Comparison/../benchmarks/part31/non-incremental/QF_BV/Sage2/bench_10343.smt2,185.849,0,1789,成功
/pub/data/jiafq/iscas/Parser_Comparison/../benchmarks/part31/non-incremental/QF_BV/Sage2/bench_10346.smt2,14422.5,0,33240,成功
/pub/data/jiafq/iscas/Parser_Comparison/../benchmarks/part31/non-incremental/QF_BV/Sage2/bench_10348.smt2,2558.97,0,24071,成功
/pub/data/jiafq/iscas/Parser_Comparison/../benchmarks/part31/non-incremental/QF_BV/Sage2/bench_1035.smt2,38266.4,0,124061,成功
/pub/data/jiafq/iscas/Parser_Comparison/../benchmarks/part31/non-incremental/QF_BV/Sage2/bench_10351.smt2,189.503,0,1789,成功
/pub/data/jiafq/iscas/Parser_Comparison/../benchmarks/part31/non-incremental/QF_BV/Sage2/bench_10353.smt2,0,0,0,失败
/pub/data/jiafq/iscas/Parser_Comparison/../benchmarks/part31/non-incremental/QF_BV/Sage2/bench_10355.smt2,190.849,0,1789,成功
/pub/data/jiafq/iscas/Parser_Comparison/../benchmarks/part31/non-incremental/QF_BV/Sage2/bench_10357.smt2,403.398,0,3378,成功
/pub/data/jiafq/iscas/Parser_Comparison/../benchmarks/part31/non-incremental/QF_BV/Sage2/bench_10359.smt2,11458.7,0,27488,成功
/pub/data/jiafq/iscas/Parser_Comparison/../benchmarks/part31/non-incremental/QF_BV/Sage2/bench_10361.smt2,137.279,0,3244,成功
/pub/data/jiafq/iscas/Parser_Comparison/../benchmarks/part31/non-incremental/QF_BV/Sage2/bench_10362.smt2,182.687,0,1789,成功
/pub/data/jiafq/iscas/Parser_Comparison/../benchmarks/part31/non-incremental/QF_BV/Sage2/bench_10364.smt2,185.564,0,1789,成功
/pub/data/jiafq/iscas/Parser_Comparison/../benchmarks/part31/non-incremental/QF_BV/Sage2/bench_10367.smt2,734.002,0,7426,成功
/pub/data/jiafq/iscas/Parser_Comparison/../benchmarks/part31/non-incremental/QF_BV/Sage2/bench_1037.smt2,15.3759,0,459,成功
/pub/data/jiafq/iscas/Parser_Comparison/../benchmarks/part31/non-incremental/QF_BV/Sage2/bench_10372.smt2,181.281,0,1789,成功
/pub/data/jiafq/iscas/Parser_Comparison/../benchmarks/part31/non-incremental/QF_BV/Sage2/bench_10373.smt2,0,0,0,失败
/pub/data/jiafq/iscas/Parser_Comparison/../benchmarks/part31/non-incremental/QF_BV/Sage2/bench_10374.smt2,201.953,0,1789,成功
/pub/data/jiafq/iscas/Parser_Comparison/../benchmarks/part31/non-incremental/QF_BV/Sage2/bench_10376.smt2,191.406,0,1789,成功
/pub/data/jiafq/iscas/Parser_Comparison/../benchmarks/part31/non-incremental/QF_BV/Sage2/bench_10378.smt2,58603.7,0,150654,成功
/pub/data/jiafq/iscas/Parser_Comparison/../benchmarks/part31/non-incremental/QF_BV/Sage2/bench_10381.smt2,186.189,0,1789,成功
/pub/data/jiafq/iscas/Parser_Comparison/../benchmarks/part31/non-incremental/QF_BV/Sage2/bench_10382.smt2,187.171,0,3678,成功
/pub/data/jiafq/iscas/Parser_Comparison/../benchmarks/part31/non-incremental/QF_BV/Sage2/bench_10383.smt2,144.27,0,2669,成功
/pub/data/jiafq/iscas/Parser_Comparison/../benchmarks/part31/non-incremental/QF_BV/Sage2/bench_10385.smt2,645.52,0,3582,成功
/pub/data/jiafq/iscas/Parser_Comparison/../benchmarks/part31/non-incremental/QF_BV/Sage2/bench_10386.smt2,143.526,0,2669,成功
/pub/data/jiafq/iscas/Parser_Comparison/../benchmarks/part31/non-incremental/QF_BV/Sage2/bench_10387.smt2,196.072,0,1789,成功
/pub/data/jiafq/iscas/Parser_Comparison/../benchmarks/part31/non-incremental/QF_BV/Sage2/bench_10389.smt2,106.991,0,1946,成功
/pub/data/jiafq/iscas/Parser_Comparison/../benchmarks/part31/non-incremental/QF_BV/Sage2/bench_10390.smt2,90.1452,0,1072,成功
/pub/data/jiafq/iscas/Parser_Comparison/../benchmarks/part31/non-incremental/QF_BV/Sage2/bench_10392.smt2,46.6305,0,909,成功
/pub/data/jiafq/iscas/Parser_Comparison/../benchmarks/part31/non-incremental/QF_BV/Sage2/bench_10393.smt2,70.1275,0,1445,成功
/pub/data/jiafq/iscas/Parser_Comparison/../benchmarks/part31/non-incremental/QF_BV/Sage2/bench_10394.smt2,192.582,0,1789,成功
/pub/data/jiafq/iscas/Parser_Comparison/../benchmarks/part31/non-incremental/QF_BV/Sage2/bench_10396.smt2,414.834,0,4478,成功
/pub/data/jiafq/iscas/Parser_Comparison/../benchmarks/part31/non-incremental/QF_BV/Sage2/bench_10397.smt2,0,0,0,失败
/pub/data/jiafq/iscas/Parser_Comparison/../benchmarks/part31/non-incremental/QF_BV/Sage2/bench_104.smt2,2669.55,0,29312,成功
/pub/data/jiafq/iscas/Parser_Comparison/../benchmarks/part31/non-incremental/QF_BV/Sage2/bench_1040.smt2,1327.71,0,11060,成功
/pub/data/jiafq/iscas/Parser_Comparison/../benchmarks/part31/non-incremental/QF_BV/Sage2/bench_10400.smt2,56655.9,0,28794,成功
/pub/data/jiafq/iscas/Parser_Comparison/../benchmarks/part31/non-incremental/QF_BV/Sage2/bench_10401.smt2,0,0,0,失败
/pub/data/jiafq/iscas/Parser_Comparison/../benchmarks/part31/non-incremental/QF_BV/Sage2/bench_10403.smt2,142.966,0,2582,成功
/pub/data/jiafq/iscas/Parser_Comparison/../benchmarks/part31/non-incremental/QF_BV/Sage2/bench_10405.smt2,140.378,0,5915,成功
/pub/data/jiafq/iscas/Parser_Comparison/../benchmarks/part31/non-incremental/QF_BV/Sage2/bench_10406.smt2,185.478,0,1789,成功
/pub/data/jiafq/iscas/Parser_Comparison/../benchmarks/part31/non-incremental/QF_BV/Sage2/bench_10408.smt2,126.342,0,1369,成功
/pub/data/jiafq/iscas/Parser_Comparison/../benchmarks/part31/non-incremental/QF_BV/Sage2/bench_10412.smt2,81.9733,0,1678,成功
/pub/data/jiafq/iscas/Parser_Comparison/../benchmarks/part31/non-incremental/QF_BV/Sage2/bench_10415.smt2,4551.3,0,15141,成功
/pub/data/jiafq/iscas/Parser_Comparison/../benchmarks/part31/non-incremental/QF_BV/Sage2/bench_10417.smt2,186.444,0,1789,成功
/pub/data/jiafq/iscas/Parser_Comparison/../benchmarks/part31/non-incremental/QF_BV/Sage2/bench_10423.smt2,182.752,0,1789,成功
/pub/data/jiafq/iscas/Parser_Comparison/../benchmarks/part31/non-incremental/QF_BV/Sage2/bench_10424.smt2,801.744,0,26851,成功
/pub/data/jiafq/iscas/Parser_Comparison/../benchmarks/part31/non-incremental/QF_BV/Sage2/bench_10426.smt2,124.464,0,1358,成功
/pub/data/jiafq/iscas/Parser_Comparison/../benchmarks/part31/non-incremental/QF_BV/Sage2/bench_10432.smt2,276.101,0,3401,成功
/pub/data/jiafq/iscas/Parser_Comparison/../benchmarks/part31/non-incremental/QF_BV/Sage2/bench_10437.smt2,181.899,0,1789,成功
/pub/data/jiafq/iscas/Parser_Comparison/../benchmarks/part31/non-incremental/QF_BV/Sage2/bench_10439.smt2,0,0,0,失败
/pub/data/jiafq/iscas/Parser_Comparison/../benchmarks/part31/non-incremental/QF_BV/Sage2/bench_1044.smt2,0,0,0,失败
/pub/data/jiafq/iscas/Parser_Comparison/../benchmarks/part31/non-incremental/QF_BV/Sage2/bench_10442.smt2,1631.28,0,14420,成功
/pub/data/jiafq/iscas/Parser_Comparison/../benchmarks/part31/non-incremental/QF_BV/Sage2/bench_10444.smt2,192.38,0,1789,成功
/pub/data/jiafq/iscas/Parser_Comparison/../benchmarks/part31/non-incremental/QF_BV/Sage2/bench_10446.smt2,188.151,0,1789,成功
/pub/data/jiafq/iscas/Parser_Comparison/../benchmarks/part31/non-incremental/QF_BV/Sage2/bench_10448.smt2,3475,0,13842,成功
/pub/data/jiafq/iscas/Parser_Comparison/../benchmarks/part31/non-incremental/QF_BV/Sage2/bench_10449.smt2,188.488,0,1789,成功
/pub/data/jiafq/iscas/Parser_Comparison/../benchmarks/part31/non-incremental/QF_BV/Sage2/bench_10451.smt2,3467.65,0,13840,成功
/pub/data/jiafq/iscas/Parser_Comparison/../benchmarks/part31/non-incremental/QF_BV/Sage2/bench_10453.smt2,1558.27,0,13175,成功
/pub/data/jiafq/iscas/Parser_Comparison/../benchmarks/part31/non-incremental/QF_BV/Sage2/bench_10454.smt2,197.949,0,1789,成功
/pub/data/jiafq/iscas/Parser_Comparison/../benchmarks/part31/non-incremental/QF_BV/Sage2/bench_10455.smt2,28823,0,38635,成功
/pub/data/jiafq/iscas/Parser_Comparison/../benchmarks/part31/non-incremental/QF_BV/Sage2/bench_10456.smt2,6182.59,0,78149,成功
/pub/data/jiafq/iscas/Parser_Comparison/../benchmarks/part31/non-incremental/QF_BV/Sage2/bench_10458.smt2,137.353,0,3299,成功
/pub/data/jiafq/iscas/Parser_Comparison/../benchmarks/part31/non-incremental/QF_BV/Sage2/bench_10459.smt2,183.529,0,1789,成功
/pub/data/jiafq/iscas/Parser_Comparison/../benchmarks/part31/non-incremental/QF_BV/Sage2/bench_1046.smt2,101.154,0,1661,成功
/pub/data/jiafq/iscas/Parser_Comparison/../benchmarks/part31/non-incremental/QF_BV/Sage2/bench_10461.smt2,183.35,0,1789,成功
/pub/data/jiafq/iscas/Parser_Comparison/../benchmarks/part31/non-incremental/QF_BV/Sage2/bench_10462.smt2,1256.31,0,12611,成功
/pub/data/jiafq/iscas/Parser_Comparison/../benchmarks/part31/non-incremental/QF_BV/Sage2/bench_10465.smt2,1498.76,0,8697,成功
/pub/data/jiafq/iscas/Parser_Comparison/../benchmarks/part31/non-incremental/QF_BV/Sage2/bench_10466.smt2,185.987,0,1789,成功
/pub/data/jiafq/iscas/Parser_Comparison/../benchmarks/part31/non-incremental/QF_BV/Sage2/bench_10467.smt2,440.127,0,11620,成功
/pub/data/jiafq/iscas/Parser_Comparison/../benchmarks/part31/non-incremental/QF_BV/Sage2/bench_10468.smt2,185.296,0,1789,成功
/pub/data/jiafq/iscas/Parser_Comparison/../benchmarks/part31/non-incremental/QF_BV/Sage2/bench_10469.smt2,144.404,0,2669,成功
/pub/data/jiafq/iscas/Parser_Comparison/../benchmarks/part31/non-incremental/QF_BV/Sage2/bench_10471.smt2,143.916,0,2669,成功
/pub/data/jiafq/iscas/Parser_Comparison/../benchmarks/part31/non-incremental/QF_BV/Sage2/bench_10472.smt2,43.1734,0,909,成功
/pub/data/jiafq/iscas/Parser_Comparison/../benchmarks/part31/non-incremental/QF_BV/Sage2/bench_10474.smt2,0,0,0,失败
/pub/data/jiafq/iscas/Parser_Comparison/../benchmarks/part31/non-incremental/QF_BV/Sage2/bench_10476.smt2,1286.45,0,7098,成功
/pub/data/jiafq/iscas/Parser_Comparison/../benchmarks/part31/non-incremental/QF_BV/Sage2/bench_10478.smt2,21964.3,0,67164,成功
/pub/data/jiafq/iscas/Parser_Comparison/../benchmarks/part31/non-incremental/QF_BV/Sage2/bench_1048.smt2,1009.44,0,10011,成功
/pub/data/jiafq/iscas/Parser_Comparison/../benchmarks/part31/non-incremental/QF_BV/Sage2/bench_10480.smt2,126.091,0,1327,成功
/pub/data/jiafq/iscas/Parser_Comparison/../benchmarks/part31/non-incremental/QF_BV/Sage2/bench_10482.smt2,0,0,0,失败
/pub/data/jiafq/iscas/Parser_Comparison/../benchmarks/part31/non-incremental/QF_BV/Sage2/bench_10483.smt2,1204.17,0,7636,成功
/pub/data/jiafq/iscas/Parser_Comparison/../benchmarks/part31/non-incremental/QF_BV/Sage2/bench_10487.smt2,188.741,0,1789,成功
/pub/data/jiafq/iscas/Parser_Comparison/../benchmarks/part31/non-incremental/QF_BV/Sage2/bench_10491.smt2,182.663,0,1789,成功
/pub/data/jiafq/iscas/Parser_Comparison/../benchmarks/part31/non-incremental/QF_BV/Sage2/bench_10493.smt2,1622.85,0,14357,成功
/pub/data/jiafq/iscas/Parser_Comparison/../benchmarks/part31/non-incremental/QF_BV/Sage2/bench_105.smt2,17.4972,0,449,成功
/pub/data/jiafq/iscas/Parser_Comparison/../benchmarks/part31/non-incremental/QF_BV/Sage2/bench_1050.smt2,37.111,0,1128,成功
/pub/data/jiafq/iscas/Parser_Comparison/../benchmarks/part31/non-incremental/QF_BV/Sage2/bench_10504.smt2,4865.58,0,24541,成功
/pub/data/jiafq/iscas/Parser_Comparison/../benchmarks/part31/non-incremental/QF_BV/Sage2/bench_10509.smt2,110.793,0,1946,成功
/pub/data/jiafq/iscas/Parser_Comparison/../benchmarks/part31/non-incremental/QF_BV/Sage2/bench_10511.smt2,394.395,0,3230,成功
/pub/data/jiafq/iscas/Parser_Comparison/../benchmarks/part31/non-incremental/QF_BV/Sage2/bench_10515.smt2,137.53,0,2582,成功
/pub/data/jiafq/iscas/Parser_Comparison/../benchmarks/part31/non-incremental/QF_BV/Sage2/bench_10517.smt2,122.485,0,1364,成功
/pub/data/jiafq/iscas/Parser_Comparison/../benchmarks/part31/non-incremental/QF_BV/Sage2/bench_10519.smt2,12457.5,0,36721,成功
/pub/data/jiafq/iscas/Parser_Comparison/../benchmarks/part31/non-incremental/QF_BV/Sage2/bench_1052.smt2,661.684,0,3228,成功
/pub/data/jiafq/iscas/Parser_Comparison/../benchmarks/part31/non-incremental/QF_BV/Sage2/bench_10529.smt2,25.197,0,771,成功
/pub/data/jiafq/iscas/Parser_Comparison/../benchmarks/part31/non-incremental/QF_BV/Sage2/bench_10531.smt2,170.067,0,2070,成功
/pub/data/jiafq/iscas/Parser_Comparison/../benchmarks/part31/non-incremental/QF_BV/Sage2/bench_10533.smt2,68.5742,0,1804,成功
/pub/data/jiafq/iscas/Parser_Comparison/../benchmarks/part31/non-incremental/QF_BV/Sage2/bench_10537.smt2,205.935,0,8856,成功
/pub/data/jiafq/iscas/Parser_Comparison/../benchmarks/part31/non-incremental/QF_BV/Sage2/bench_1054.smt2,28.2044,0,930,成功
/pub/data/jiafq/iscas/Parser_Comparison/../benchmarks/part31/non-incremental/QF_BV/Sage2/bench_10540.smt2,7442.83,0,44168,成功
/pub/data/jiafq/iscas/Parser_Comparison/../benchmarks/part31/non-incremental/QF_BV/Sage2/bench_10542.smt2,0,0,0,失败
/pub/data/jiafq/iscas/Parser_Comparison/../benchmarks/part31/non-incremental/QF_BV/Sage2/bench_10544.smt2,2181.86,0,20235,成功
/pub/data/jiafq/iscas/Parser_Comparison/../benchmarks/part31/non-incremental/QF_BV/Sage2/bench_10546.smt2,139.602,0,2582,成功
/pub/data/jiafq/iscas/Parser_Comparison/../benchmarks/part31/non-incremental/QF_BV/Sage2/bench_10547.smt2,78.8031,0,1003,成功
/pub/data/jiafq/iscas/Parser_Comparison/../benchmarks/part31/non-incremental/QF_BV/Sage2/bench_10549.smt2,1059.77,0,6914,成功
/pub/data/jiafq/iscas/Parser_Comparison/../benchmarks/part31/non-incremental/QF_BV/Sage2/bench_10551.smt2,11950.4,0,25831,成功
/pub/data/jiafq/iscas/Parser_Comparison/../benchmarks/part31/non-incremental/QF_BV/Sage2/bench_10553.smt2,40627.5,0,88371,成功
/pub/data/jiafq/iscas/Parser_Comparison/../benchmarks/part31/non-incremental/QF_BV/Sage2/bench_10555.smt2,818.682,0,6717,成功
/pub/data/jiafq/iscas/Parser_Comparison/../benchmarks/part31/non-incremental/QF_BV/Sage2/bench_10556.smt2,146.303,0,2582,成功
/pub/data/jiafq/iscas/Parser_Comparison/../benchmarks/part31/non-incremental/QF_BV/Sage2/bench_10559.smt2,4.32835,0,123,成功
/pub/data/jiafq/iscas/Parser_Comparison/../benchmarks/part31/non-incremental/QF_BV/Sage2/bench_1056.smt2,30.7755,0,925,成功
/pub/data/jiafq/iscas/Parser_Comparison/../benchmarks/part31/non-incremental/QF_BV/Sage2/bench_10560.smt2,3869.23,0,22154,成功
/pub/data/jiafq/iscas/Parser_Comparison/../benchmarks/part31/non-incremental/QF_BV/Sage2/bench_10564.smt2,127.591,0,1369,成功
/pub/data/jiafq/iscas/Parser_Comparison/../benchmarks/part31/non-incremental/QF_BV/Sage2/bench_10566.smt2,51.4144,0,755,成功
/pub/data/jiafq/iscas/Parser_Comparison/../benchmarks/part31/non-incremental/QF_BV/Sage2/bench_10568.smt2,4586.73,0,24599,成功
/pub/data/jiafq/iscas/Parser_Comparison/../benchmarks/part31/non-incremental/QF_BV/Sage2/bench_10570.smt2,43.9071,0,909,成功
/pub/data/jiafq/iscas/Parser_Comparison/../benchmarks/part31/non-incremental/QF_BV/Sage2/bench_10573.smt2,61.2358,0,2718,成功
/pub/data/jiafq/iscas/Parser_Comparison/../benchmarks/part31/non-incremental/QF_BV/Sage2/bench_10575.smt2,122.156,0,1364,成功
/pub/data/jiafq/iscas/Parser_Comparison/../benchmarks/part31/non-incremental/QF_BV/Sage2/bench_10579.smt2,1436.22,0,14137,成功
/pub/data/jiafq/iscas/Parser_Comparison/../benchmarks/part31/non-incremental/QF_BV/Sage2/bench_1058.smt2,21.4339,0,738,成功
/pub/data/jiafq/iscas/Parser_Comparison/../benchmarks/part31/non-incremental/QF_BV/Sage2/bench_10580.smt2,0,0,0,失败
/pub/data/jiafq/iscas/Parser_Comparison/../benchmarks/part31/non-incremental/QF_BV/Sage2/bench_10581.smt2,31732.5,0,37123,成功
/pub/data/jiafq/iscas/Parser_Comparison/../benchmarks/part31/non-incremental/QF_BV/Sage2/bench_10582.smt2,3307.82,0,13842,成功
/pub/data/jiafq/iscas/Parser_Comparison/../benchmarks/part31/non-incremental/QF_BV/Sage2/bench_10584.smt2,73.8126,0,1445,成功
/pub/data/jiafq/iscas/Parser_Comparison/../benchmarks/part31/non-incremental/QF_BV/Sage2/bench_10587.smt2,182.32,0,1782,成功
/pub/data/jiafq/iscas/Parser_Comparison/../benchmarks/part31/non-incremental/QF_BV/Sage2/bench_10589.smt2,50368.3,0,99372,成功
/pub/data/jiafq/iscas/Parser_Comparison/../benchmarks/part31/non-incremental/QF_BV/Sage2/bench_10590.smt2,0,0,0,失败
/pub/data/jiafq/iscas/Parser_Comparison/../benchmarks/part31/non-incremental/QF_BV/Sage2/bench_10591.smt2,682.027,0,3846,成功
/pub/data/jiafq/iscas/Parser_Comparison/../benchmarks/part31/non-incremental/QF_BV/Sage2/bench_10592.smt2,0,0,0,失败
/pub/data/jiafq/iscas/Parser_Comparison/../benchmarks/part31/non-incremental/QF_BV/Sage2/bench_10593.smt2,31906.4,0,78183,成功
/pub/data/jiafq/iscas/Parser_Comparison/../benchmarks/part31/non-incremental/QF_BV/Sage2/bench_10594.smt2,12256.9,0,31605,成功
/pub/data/jiafq/iscas/Parser_Comparison/../benchmarks/part31/non-incremental/QF_BV/Sage2/bench_10595.smt2,81.7952,0,3498,成功
/pub/data/jiafq/iscas/Parser_Comparison/../benchmarks/part31/non-incremental/QF_BV/Sage2/bench_10597.smt2,0,0,0,失败
/pub/data/jiafq/iscas/Parser_Comparison/../benchmarks/part31/non-incremental/QF_BV/Sage2/bench_10598.smt2,963.7,0,6988,成功
/pub/data/jiafq/iscas/Parser_Comparison/../benchmarks/part31/non-incremental/QF_BV/Sage2/bench_10599.smt2,109.352,0,2006,成功
/pub/data/jiafq/iscas/Parser_Comparison/../benchmarks/part31/non-incremental/QF_BV/Sage2/bench_1060.smt2,70.2902,0,1620,成功
/pub/data/jiafq/iscas/Parser_Comparison/../benchmarks/part31/non-incremental/QF_BV/Sage2/bench_10600.smt2,2148.49,0,21582,成功
/pub/data/jiafq/iscas/Parser_Comparison/../benchmarks/part31/non-incremental/QF_BV/Sage2/bench_10602.smt2,0,0,0,失败
/pub/data/jiafq/iscas/Parser_Comparison/../benchmarks/part31/non-incremental/QF_BV/Sage2/bench_10604.smt2,395.403,0,3194,成功
/pub/data/jiafq/iscas/Parser_Comparison/../benchmarks/part31/non-incremental/QF_BV/Sage2/bench_10606.smt2,620.182,0,7308,成功
/pub/data/jiafq/iscas/Parser_Comparison/../benchmarks/part31/non-incremental/QF_BV/Sage2/bench_10608.smt2,11868.6,0,25900,成功
/pub/data/jiafq/iscas/Parser_Comparison/../benchmarks/part31/non-incremental/QF_BV/Sage2/bench_10611.smt2,56.3239,0,767,成功
/pub/data/jiafq/iscas/Parser_Comparison/../benchmarks/part31/non-incremental/QF_BV/Sage2/bench_10614.smt2,200.967,0,4110,成功
/pub/data/jiafq/iscas/Parser_Comparison/../benchmarks/part31/non-incremental/QF_BV/Sage2/bench_10616.smt2,829.737,0,7973,成功
/pub/data/jiafq/iscas/Parser_Comparison/../benchmarks/part31/non-incremental/QF_BV/Sage2/bench_1062.smt2,37.8415,0,1088,成功
/pub/data/jiafq/iscas/Parser_Comparison/../benchmarks/part31/non-incremental/QF_BV/Sage2/bench_10621.smt2,0,0,0,失败
/pub/data/jiafq/iscas/Parser_Comparison/../benchmarks/part31/non-incremental/QF_BV/Sage2/bench_10622.smt2,61.4293,0,1992,成功
/pub/data/jiafq/iscas/Parser_Comparison/../benchmarks/part31/non-incremental/QF_BV/Sage2/bench_10624.smt2,0,0,0,失败
/pub/data/jiafq/iscas/Parser_Comparison/../benchmarks/part31/non-incremental/QF_BV/Sage2/bench_10625.smt2,160.312,0,3149,成功
/pub/data/jiafq/iscas/Parser_Comparison/../benchmarks/part31/non-incremental/QF_BV/Sage2/bench_10626.smt2,0,0,0,失败
/pub/data/jiafq/iscas/Parser_Comparison/../benchmarks/part31/non-incremental/QF_BV/Sage2/bench_10627.smt2,2210.93,0,10146,成功
/pub/data/jiafq/iscas/Parser_Comparison/../benchmarks/part31/non-incremental/QF_BV/Sage2/bench_10628.smt2,63.1881,0,1658,成功
/pub/data/jiafq/iscas/Parser_Comparison/../benchmarks/part31/non-incremental/QF_BV/Sage2/bench_10630.smt2,2306.2,0,28046,成功
/pub/data/jiafq/iscas/Parser_Comparison/../benchmarks/part31/non-incremental/QF_BV/Sage2/bench_10633.smt2,185.429,0,1782,成功
/pub/data/jiafq/iscas/Parser_Comparison/../benchmarks/part31/non-incremental/QF_BV/Sage2/bench_10635.smt2,104.789,0,1946,成功
/pub/data/jiafq/iscas/Parser_Comparison/../benchmarks/part31/non-incremental/QF_BV/Sage2/bench_1064.smt2,25.0968,0,929,成功
/pub/data/jiafq/iscas/Parser_Comparison/../benchmarks/part31/non-incremental/QF_BV/Sage2/bench_10640.smt2,3380.56,0,13842,成功
/pub/data/jiafq/iscas/Parser_Comparison/../benchmarks/part31/non-incremental/QF_BV/Sage2/bench_10642.smt2,358.669,0,9397,成功
/pub/data/jiafq/iscas/Parser_Comparison/../benchmarks/part31/non-incremental/QF_BV/Sage2/bench_10645.smt2,13199.6,0,89837,成功
/pub/data/jiafq/iscas/Parser_Comparison/../benchmarks/part31/non-incremental/QF_BV/Sage2/bench_10646.smt2,4731.31,0,47337,成功
/pub/data/jiafq/iscas/Parser_Comparison/../benchmarks/part31/non-incremental/QF_BV/Sage2/bench_10647.smt2,13925.6,0,92925,成功
/pub/data/jiafq/iscas/Parser_Comparison/../benchmarks/part31/non-incremental/QF_BV/Sage2/bench_10649.smt2,182.15,0,1782,成功
/pub/data/jiafq/iscas/Parser_Comparison/../benchmarks/part31/non-incremental/QF_BV/Sage2/bench_1065.smt2,34.6953,0,1076,成功
/pub/data/jiafq/iscas/Parser_Comparison/../benchmarks/part31/non-incremental/QF_BV/Sage2/bench_10652.smt2,2215.29,0,20942,成功
/pub/data/jiafq/iscas/Parser_Comparison/../benchmarks/part31/non-incremental/QF_BV/Sage2/bench_10659.smt2,391.062,0,4478,成功
/pub/data/jiafq/iscas/Parser_Comparison/../benchmarks/part31/non-incremental/QF_BV/Sage2/bench_10661.smt2,92.8425,0,1069,成功
/pub/data/jiafq/iscas/Parser_Comparison/../benchmarks/part31/non-incremental/QF_BV/Sage2/bench_1067.smt2,231.692,0,5314,成功
/pub/data/jiafq/iscas/Parser_Comparison/../benchmarks/part31/non-incremental/QF_BV/Sage2/bench_10673.smt2,380.146,0,3910,成功
/pub/data/jiafq/iscas/Parser_Comparison/../benchmarks/part31/non-incremental/QF_BV/Sage2/bench_10678.smt2,47.6999,0,1004,成功
/pub/data/jiafq/iscas/Parser_Comparison/../benchmarks/part31/non-incremental/QF_BV/Sage2/bench_1068.smt2,703.285,0,7076,成功
/pub/data/jiafq/iscas/Parser_Comparison/../benchmarks/part31/non-incremental/QF_BV/Sage2/bench_10689.smt2,144.161,0,2582,成功
/pub/data/jiafq/iscas/Parser_Comparison/../benchmarks/part31/non-incremental/QF_BV/Sage2/bench_10693.smt2,2206.8,0,26778,成功
/pub/data/jiafq/iscas/Parser_Comparison/../benchmarks/part31/non-incremental/QF_BV/Sage2/bench_10696.smt2,2160.83,0,20388,成功
/pub/data/jiafq/iscas/Parser_Comparison/../benchmarks/part31/non-incremental/QF_BV/Sage2/bench_10699.smt2,921.567,0,6095,成功
/pub/data/jiafq/iscas/Parser_Comparison/../benchmarks/part31/non-incremental/QF_BV/Sage2/bench_107.smt2,0,0,0,失败
/pub/data/jiafq/iscas/Parser_Comparison/../benchmarks/part31/non-incremental/QF_BV/Sage2/bench_10701.smt2,28.5918,0,722,成功
/pub/data/jiafq/iscas/Parser_Comparison/../benchmarks/part31/non-incremental/QF_BV/Sage2/bench_10702.smt2,0,0,0,失败
/pub/data/jiafq/iscas/Parser_Comparison/../benchmarks/part31/non-incremental/QF_BV/Sage2/bench_10703.smt2,144.785,0,2582,成功
/pub/data/jiafq/iscas/Parser_Comparison/../benchmarks/part31/non-incremental/QF_BV/Sage2/bench_10704.smt2,141.958,0,2582,成功
/pub/data/jiafq/iscas/Parser_Comparison/../benchmarks/part31/non-incremental/QF_BV/Sage2/bench_10706.smt2,793.438,0,4815,成功
/pub/data/jiafq/iscas/Parser_Comparison/../benchmarks/part31/non-incremental/QF_BV/Sage2/bench_10707.smt2,4282.24,0,23234,成功
/pub/data/jiafq/iscas/Parser_Comparison/../benchmarks/part31/non-incremental/QF_BV/Sage2/bench_10709.smt2,6018.83,0,28920,成功
/pub/data/jiafq/iscas/Parser_Comparison/../benchmarks/part31/non-incremental/QF_BV/Sage2/bench_1071.smt2,36.6582,0,1000,成功
/pub/data/jiafq/iscas/Parser_Comparison/../benchmarks/part31/non-incremental/QF_BV/Sage2/bench_10710.smt2,134.08,0,3291,成功
/pub/data/jiafq/iscas/Parser_Comparison/../benchmarks/part31/non-incremental/QF_BV/Sage2/bench_10711.smt2,2466.11,0,24112,成功
/pub/data/jiafq/iscas/Parser_Comparison/../benchmarks/part31/non-incremental/QF_BV/Sage2/bench_10712.smt2,0,0,0,失败
/pub/data/jiafq/iscas/Parser_Comparison/../benchmarks/part31/non-incremental/QF_BV/Sage2/bench_10714.smt2,49.792,0,1810,成功
/pub/data/jiafq/iscas/Parser_Comparison/../benchmarks/part31/non-incremental/QF_BV/Sage2/bench_10715.smt2,16303.9,0,138680,成功
/pub/data/jiafq/iscas/Parser_Comparison/../benchmarks/part31/non-incremental/QF_BV/Sage2/bench_10716.smt2,436.8,0,14831,成功
/pub/data/jiafq/iscas/Parser_Comparison/../benchmarks/part31/non-incremental/QF_BV/Sage2/bench_10717.smt2,3439.91,0,13842,成功
/pub/data/jiafq/iscas/Parser_Comparison/../benchmarks/part31/non-incremental/QF_BV/Sage2/bench_10718.smt2,1087.99,0,7169,成功
/pub/data/jiafq/iscas/Parser_Comparison/../benchmarks/part31/non-incremental/QF_BV/Sage2/bench_10719.smt2,0,0,0,失败
/pub/data/jiafq/iscas/Parser_Comparison/../benchmarks/part31/non-incremental/QF_BV/Sage2/bench_10720.smt2,3905.04,0,12231,成功
/pub/data/jiafq/iscas/Parser_Comparison/../benchmarks/part31/non-incremental/QF_BV/Sage2/bench_10721.smt2,7684.55,0,70398,成功
/pub/data/jiafq/iscas/Parser_Comparison/../benchmarks/part31/non-incremental/QF_BV/Sage2/bench_10722.smt2,4110.69,0,22154,成功
/pub/data/jiafq/iscas/Parser_Comparison/../benchmarks/part31/non-incremental/QF_BV/Sage2/bench_10724.smt2,1071.61,0,6914,成功
/pub/data/jiafq/iscas/Parser_Comparison/../benchmarks/part31/non-incremental/QF_BV/Sage2/bench_10726.smt2,43.0031,0,1862,成功
/pub/data/jiafq/iscas/Parser_Comparison/../benchmarks/part31/non-incremental/QF_BV/Sage2/bench_10727.smt2,0,0,0,失败
/pub/data/jiafq/iscas/Parser_Comparison/../benchmarks/part31/non-incremental/QF_BV/Sage2/bench_1073.smt2,4563.83,0,15096,成功
/pub/data/jiafq/iscas/Parser_Comparison/../benchmarks/part31/non-incremental/QF_BV/Sage2/bench_10732.smt2,0,0,0,失败
/pub/data/jiafq/iscas/Parser_Comparison/../benchmarks/part31/non-incremental/QF_BV/Sage2/bench_10734.smt2,182.357,0,1782,成功
/pub/data/jiafq/iscas/Parser_Comparison/../benchmarks/part31/non-incremental/QF_BV/Sage2/bench_10737.smt2,2751.59,0,17921,成功
/pub/data/jiafq/iscas/Parser_Comparison/../benchmarks/part31/non-incremental/QF_BV/Sage2/bench_10739.smt2,1540.98,0,21965,成功
/pub/data/jiafq/iscas/Parser_Comparison/../benchmarks/part31/non-incremental/QF_BV/Sage2/bench_10741.smt2,133.652,0,2582,成功
/pub/data/jiafq/iscas/Parser_Comparison/../benchmarks/part31/non-incremental/QF_BV/Sage2/bench_1075.smt2,26.6256,0,895,成功
/pub/data/jiafq/iscas/Parser_Comparison/../benchmarks/part31/non-incremental/QF_BV/Sage2/bench_10751.smt2,289.706,0,3769,成功
/pub/data/jiafq/iscas/Parser_Comparison/../benchmarks/part31/non-incremental/QF_BV/Sage2/bench_10754.smt2,0,0,0,失败
/pub/data/jiafq/iscas/Parser_Comparison/../benchmarks/part31/non-incremental/QF_BV/Sage2/bench_10755.smt2,59055.1,0,120688,成功
/pub/data/jiafq/iscas/Parser_Comparison/../benchmarks/part31/non-incremental/QF_BV/Sage2/bench_1076.smt2,33.0314,0,910,成功
/pub/data/jiafq/iscas/Parser_Comparison/../benchmarks/part31/non-incremental/QF_BV/Sage2/bench_10760.smt2,121.452,0,1369,成功
/pub/data/jiafq/iscas/Parser_Comparison/../benchmarks/part31/non-incremental/QF_BV/Sage2/bench_10764.smt2,119.773,0,1364,成功
/pub/data/jiafq/iscas/Parser_Comparison/../benchmarks/part31/non-incremental/QF_BV/Sage2/bench_10766.smt2,1170.5,0,4929,成功
/pub/data/jiafq/iscas/Parser_Comparison/../benchmarks/part31/non-incremental/QF_BV/Sage2/bench_10771.smt2,13812,0,93311,成功
/pub/data/jiafq/iscas/Parser_Comparison/../benchmarks/part31/non-incremental/QF_BV/Sage2/bench_10773.smt2,2953.55,0,18392,成功
/pub/data/jiafq/iscas/Parser_Comparison/../benchmarks/part31/non-incremental/QF_BV/Sage2/bench_10775.smt2,4213,0,31105,成功
/pub/data/jiafq/iscas/Parser_Comparison/../benchmarks/part31/non-incremental/QF_BV/Sage2/bench_10777.smt2,192.098,0,1789,成功
/pub/data/jiafq/iscas/Parser_Comparison/../benchmarks/part31/non-incremental/QF_BV/Sage2/bench_10782.smt2,170.534,0,3659,成功
/pub/data/jiafq/iscas/Parser_Comparison/../benchmarks/part31/non-incremental/QF_BV/Sage2/bench_10783.smt2,85.1933,0,1071,成功
/pub/data/jiafq/iscas/Parser_Comparison/../benchmarks/part31/non-incremental/QF_BV/Sage2/bench_10784.smt2,20.0857,0,925,成功
/pub/data/jiafq/iscas/Parser_Comparison/../benchmarks/part31/non-incremental/QF_BV/Sage2/bench_10785.smt2,69.3436,0,1615,成功
/pub/data/jiafq/iscas/Parser_Comparison/../benchmarks/part31/non-incremental/QF_BV/Sage2/bench_10788.smt2,3081.93,0,9453,成功
/pub/data/jiafq/iscas/Parser_Comparison/../benchmarks/part31/non-incremental/QF_BV/Sage2/bench_1079.smt2,29.9894,0,836,成功
/pub/data/jiafq/iscas/Parser_Comparison/../benchmarks/part31/non-incremental/QF_BV/Sage2/bench_10790.smt2,2663.67,0,25027,成功
/pub/data/jiafq/iscas/Parser_Comparison/../benchmarks/part31/non-incremental/QF_BV/Sage2/bench_10791.smt2,281.218,0,11601,成功
/pub/data/jiafq/iscas/Parser_Comparison/../benchmarks/part31/non-incremental/QF_BV/Sage2/bench_10793.smt2,103.373,0,1946,成功
/pub/data/jiafq/iscas/Parser_Comparison/../benchmarks/part31/non-incremental/QF_BV/Sage2/bench_10795.smt2,15811.6,0,77864,成功
/pub/data/jiafq/iscas/Parser_Comparison/../benchmarks/part31/non-incremental/QF_BV/Sage2/bench_10797.smt2,2035.91,0,12494,成功
/pub/data/jiafq/iscas/Parser_Comparison/../benchmarks/part31/non-incremental/QF_BV/Sage2/bench_10799.smt2,7709.18,0,69767,成功
/pub/data/jiafq/iscas/Parser_Comparison/../benchmarks/part31/non-incremental/QF_BV/Sage2/bench_10800.smt2,96.6563,0,1891,成功
/pub/data/jiafq/iscas/Parser_Comparison/../benchmarks/part31/non-incremental/QF_BV/Sage2/bench_10801.smt2,9613.98,0,75134,成功
/pub/data/jiafq/iscas/Parser_Comparison/../benchmarks/part31/non-incremental/QF_BV/Sage2/bench_10802.smt2,0,0,0,失败
/pub/data/jiafq/iscas/Parser_Comparison/../benchmarks/part31/non-incremental/QF_BV/Sage2/bench_10803.smt2,3041.84,0,9453,成功
/pub/data/jiafq/iscas/Parser_Comparison/../benchmarks/part31/non-incremental/QF_BV/Sage2/bench_10804.smt2,89.1858,0,1071,成功
/pub/data/jiafq/iscas/Parser_Comparison/../benchmarks/part31/non-incremental/QF_BV/Sage2/bench_10807.smt2,32888.7,0,103866,成功
/pub/data/jiafq/iscas/Parser_Comparison/../benchmarks/part31/non-incremental/QF_BV/Sage2/bench_1081.smt2,38.4685,0,1044,成功
/pub/data/jiafq/iscas/Parser_Comparison/../benchmarks/part31/non-incremental/QF_BV/Sage2/bench_10810.smt2,2141.9,0,27112,成功
/pub/data/jiafq/iscas/Parser_Comparison/../benchmarks/part31/non-incremental/QF_BV/Sage2/bench_10815.smt2,78.4131,0,2958,成功
/pub/data/jiafq/iscas/Parser_Comparison/../benchmarks/part31/non-incremental/QF_BV/Sage2/bench_10817.smt2,184.074,0,1782,成功
/pub/data/jiafq/iscas/Parser_Comparison/../benchmarks/part31/non-incremental/QF_BV/Sage2/bench_10819.smt2,84.0647,0,3617,成功
/pub/data/jiafq/iscas/Parser_Comparison/../benchmarks/part31/non-incremental/QF_BV/Sage2/bench_10824.smt2,151.508,0,3237,成功
/pub/data/jiafq/iscas/Parser_Comparison/../benchmarks/part31/non-incremental/QF_BV/Sage2/bench_10826.smt2,0,0,0,失败
/pub/data/jiafq/iscas/Parser_Comparison/../benchmarks/part31/non-incremental/QF_BV/Sage2/bench_10830.smt2,31674.1,0,29829,成功
/pub/data/jiafq/iscas/Parser_Comparison/../benchmarks/part31/non-incremental/QF_BV/Sage2/bench_10832.smt2,86.4743,0,3498,成功
/pub/data/jiafq/iscas/Parser_Comparison/../benchmarks/part31/non-incremental/QF_BV/Sage2/bench_10834.smt2,621.692,0,6503,成功
/pub/data/jiafq/iscas/Parser_Comparison/../benchmarks/part31/non-incremental/QF_BV/Sage2/bench_10836.smt2,32066.2,0,37123,成功
/pub/data/jiafq/iscas/Parser_Comparison/../benchmarks/part31/non-incremental/QF_BV/Sage2/bench_10838.smt2,4083.94,0,22154,成功
/pub/data/jiafq/iscas/Parser_Comparison/../benchmarks/part31/non-incremental/QF_BV/Sage2/bench_10841.smt2,1376.09,0,16090,成功
/pub/data/jiafq/iscas/Parser_Comparison/../benchmarks/part31/non-incremental/QF_BV/Sage2/bench_10846.smt2,125.192,0,1369,成功
/pub/data/jiafq/iscas/Parser_Comparison/../benchmarks/part31/non-incremental/QF_BV/Sage2/bench_10847.smt2,79.0085,0,3498,成功
/pub/data/jiafq/iscas/Parser_Comparison/../benchmarks/part31/non-incremental/QF_BV/Sage2/bench_10848.smt2,770.438,0,7421,成功
/pub/data/jiafq/iscas/Parser_Comparison/../benchmarks/part31/non-incremental/QF_BV/Sage2/bench_1085.smt2,41.0491,0,1113,成功
/pub/data/jiafq/iscas/Parser_Comparison/../benchmarks/part31/non-incremental/QF_BV/Sage2/bench_10850.smt2,3560.27,0,9356,成功
/pub/data/jiafq/iscas/Parser_Comparison/../benchmarks/part31/non-incremental/QF_BV/Sage2/bench_10851.smt2,0,0,0,失败
/pub/data/jiafq/iscas/Parser_Comparison/../benchmarks/part31/non-incremental/QF_BV/Sage2/bench_10855.smt2,0,0,0,失败
/pub/data/jiafq/iscas/Parser_Comparison/../benchmarks/part31/non-incremental/QF_BV/Sage2/bench_10856.smt2,2955.3,0,9175,成功
/pub/data/jiafq/iscas/Parser_Comparison/../benchmarks/part31/non-incremental/QF_BV/Sage2/bench_10857.smt2,187.636,0,1782,成功
/pub/data/jiafq/iscas/Parser_Comparison/../benchmarks/part31/non-incremental/QF_BV/Sage2/bench_10859.smt2,0,0,0,失败
/pub/data/jiafq/iscas/Parser_Comparison/../benchmarks/part31/non-incremental/QF_BV/Sage2/bench_10862.smt2,2361.14,0,27435,成功
/pub/data/jiafq/iscas/Parser_Comparison/../benchmarks/part31/non-incremental/QF_BV/Sage2/bench_10863.smt2,335.113,0,3655,成功
/pub/data/jiafq/iscas/Parser_Comparison/../benchmarks/part31/non-incremental/QF_BV/Sage2/bench_10865.smt2,17341.7,0,31194,成功
/pub/data/jiafq/iscas/Parser_Comparison/../benchmarks/part31/non-incremental/QF_BV/Sage2/bench_10867.smt2,22801.4,0,102203,成功
/pub/data/jiafq/iscas/Parser_Comparison/../benchmarks/part31/non-incremental/QF_BV/Sage2/bench_10869.smt2,123.865,0,5331,成功
/pub/data/jiafq/iscas/Parser_Comparison/../benchmarks/part31/non-incremental/QF_BV/Sage2/bench_1087.smt2,28.2802,0,930,成功
/pub/data/jiafq/iscas/Parser_Comparison/../benchmarks/part31/non-incremental/QF_BV/Sage2/bench_10871.smt2,12279.2,0,25984,成功
/pub/data/jiafq/iscas/Parser_Comparison/../benchmarks/part31/non-incremental/QF_BV/Sage2/bench_10873.smt2,83.999,0,1071,成功
/pub/data/jiafq/iscas/Parser_Comparison/../benchmarks/part31/non-incremental/QF_BV/Sage2/bench_10877.smt2,0,0,0,失败
/pub/data/jiafq/iscas/Parser_Comparison/../benchmarks/part31/non-incremental/QF_BV/Sage2/bench_10879.smt2,14030.5,0,92925,成功
/pub/data/jiafq/iscas/Parser_Comparison/../benchmarks/part31/non-incremental/QF_BV/Sage2/bench_10881.smt2,0,0,0,失败
/pub/data/jiafq/iscas/Parser_Comparison/../benchmarks/part31/non-incremental/QF_BV/Sage2/bench_10887.smt2,7287.26,0,44237,成功
/pub/data/jiafq/iscas/Parser_Comparison/../benchmarks/part31/non-incremental/QF_BV/Sage2/bench_1089.smt2,43.8999,0,1158,成功
/pub/data/jiafq/iscas/Parser_Comparison/../benchmarks/part31/non-incremental/QF_BV/Sage2/bench_10893.smt2,8217.49,0,98851,成功
/pub/data/jiafq/iscas/Parser_Comparison/../benchmarks/part31/non-incremental/QF_BV/Sage2/bench_10895.smt2,0,0,0,失败
/pub/data/jiafq/iscas/Parser_Comparison/../benchmarks/part31/non-incremental/QF_BV/Sage2/bench_10897.smt2,46.9658,0,1750,成功
/pub/data/jiafq/iscas/Parser_Comparison/../benchmarks/part31/non-incremental/QF_BV/Sage2/bench_10899.smt2,176.899,0,1789,成功
/pub/data/jiafq/iscas/Parser_Comparison/../benchmarks/part31/non-incremental/QF_BV/Sage2/bench_109.smt2,43120.8,0,99113,成功
/pub/data/jiafq/iscas/Parser_Comparison/../benchmarks/part31/non-incremental/QF_BV/Sage2/bench_10900.smt2,137.957,0,4214,成功
/pub/data/jiafq/iscas/Parser_Comparison/../benchmarks/part31/non-incremental/QF_BV/Sage2/bench_10902.smt2,0,0,0,失败
/pub/data/jiafq/iscas/Parser_Comparison/../benchmarks/part31/non-incremental/QF_BV/Sage2/bench_10903.smt2,11869.4,0,25891,成功
/pub/data/jiafq/iscas/Parser_Comparison/../benchmarks/part31/non-incremental/QF_BV/Sage2/bench_10906.smt2,176.081,0,3337,成功
/pub/data/jiafq/iscas/Parser_Comparison/../benchmarks/part31/non-incremental/QF_BV/Sage2/bench_10907.smt2,0,0,0,失败
/pub/data/jiafq/iscas/Parser_Comparison/../benchmarks/part31/non-incremental/QF_BV/Sage2/bench_10909.smt2,11155.2,0,49917,成功
/pub/data/jiafq/iscas/Parser_Comparison/../benchmarks/part31/non-incremental/QF_BV/Sage2/bench_1091.smt2,36.427,0,979,成功
/pub/data/jiafq/iscas/Parser_Comparison/../benchmarks/part31/non-incremental/QF_BV/Sage2/bench_10911.smt2,19.5944,0,542,成功
/pub/data/jiafq/iscas/Parser_Comparison/../benchmarks/part31/non-incremental/QF_BV/Sage2/bench_10912.smt2,493.941,0,3738,成功
/pub/data/jiafq/iscas/Parser_Comparison/../benchmarks/part31/non-incremental/QF_BV/Sage2/bench_10914.smt2,3270.88,0,13617,成功
/pub/data/jiafq/iscas/Parser_Comparison/../benchmarks/part31/non-incremental/QF_BV/Sage2/bench_10915.smt2,0,0,0,失败
/pub/data/jiafq/iscas/Parser_Comparison/../benchmarks/part31/non-incremental/QF_BV/Sage2/bench_10917.smt2,272.924,0,6424,成功
/pub/data/jiafq/iscas/Parser_Comparison/../benchmarks/part31/non-incremental/QF_BV/Sage2/bench_10918.smt2,27956.7,0,38729,成功
/pub/data/jiafq/iscas/Parser_Comparison/../benchmarks/part31/non-incremental/QF_BV/Sage2/bench_10924.smt2,32231.2,0,103999,成功
/pub/data/jiafq/iscas/Parser_Comparison/../benchmarks/part31/non-incremental/QF_BV/Sage2/bench_10926.smt2,2015.84,0,21573,成功
/pub/data/jiafq/iscas/Parser_Comparison/../benchmarks/part31/non-incremental/QF_BV/Sage2/bench_10928.smt2,2009.71,0,21573,成功
/pub/data/jiafq/iscas/Parser_Comparison/../benchmarks/part31/non-incremental/QF_BV/Sage2/bench_10929.smt2,12094.1,0,25639,成功
/pub/data/jiafq/iscas/Parser_Comparison/../benchmarks/part31/non-incremental/QF_BV/Sage2/bench_1093.smt2,37.2839,0,1103,成功
/pub/data/jiafq/iscas/Parser_Comparison/../benchmarks/part31/non-incremental/QF_BV/Sage2/bench_10931.smt2,3891.37,0,22154,成功
/pub/data/jiafq/iscas/Parser_Comparison/../benchmarks/part31/non-incremental/QF_BV/Sage2/bench_10933.smt2,28.7707,0,1320,成功
/pub/data/jiafq/iscas/Parser_Comparison/../benchmarks/part31/non-incremental/QF_BV/Sage2/bench_10935.smt2,7763.07,0,64590,成功
/pub/data/jiafq/iscas/Parser_Comparison/../benchmarks/part31/non-incremental/QF_BV/Sage2/bench_10936.smt2,817.47,0,27500,成功
/pub/data/jiafq/iscas/Parser_Comparison/../benchmarks/part31/non-incremental/QF_BV/Sage2/bench_10938.smt2,8280.34,0,149309,成功
/pub/data/jiafq/iscas/Parser_Comparison/../benchmarks/part31/non-incremental/QF_BV/Sage2/bench_10939.smt2,2692.64,0,8805,成功
/pub/data/jiafq/iscas/Parser_Comparison/../benchmarks/part31/non-incremental/QF_BV/Sage2/bench_10940.smt2,146.449,0,5728,成功
/pub/data/jiafq/iscas/Parser_Comparison/../benchmarks/part31/non-incremental/QF_BV/Sage2/bench_10942.smt2,63.3766,0,1106,成功
/pub/data/jiafq/iscas/Parser_Comparison/../benchmarks/part31/non-incremental/QF_BV/Sage2/bench_10944.smt2,27840.6,0,38729,成功
/pub/data/jiafq/iscas/Parser_Comparison/../benchmarks/part31/non-incremental/QF_BV/Sage2/bench_10946.smt2,138.48,0,3291,成功
/pub/data/jiafq/iscas/Parser_Comparison/../benchmarks/part31/non-incremental/QF_BV/Sage2/bench_10948.smt2,56.4222,0,755,成功
/pub/data/jiafq/iscas/Parser_Comparison/../benchmarks/part31/non-incremental/QF_BV/Sage2/bench_10949.smt2,121.566,0,1358,成功
/pub/data/jiafq/iscas/Parser_Comparison/../benchmarks/part31/non-incremental/QF_BV/Sage2/bench_1095.smt2,0,0,0,失败
/pub/data/jiafq/iscas/Parser_Comparison/../benchmarks/part31/non-incremental/QF_BV/Sage2/bench_10950.smt2,117.205,0,1369,成功
/pub/data/jiafq/iscas/Parser_Comparison/../benchmarks/part31/non-incremental/QF_BV/Sage2/bench_10951.smt2,58014.1,0,120786,成功
/pub/data/jiafq/iscas/Parser_Comparison/../benchmarks/part31/non-incremental/QF_BV/Sage2/bench_10953.smt2,14730,0,50081,成功
/pub/data/jiafq/iscas/Parser_Comparison/../benchmarks/part31/non-incremental/QF_BV/Sage2/bench_10954.smt2,683.106,0,7212,成功
/pub/data/jiafq/iscas/Parser_Comparison/../benchmarks/part31/non-incremental/QF_BV/Sage2/bench_10955.smt2,384.184,0,4426,成功
/pub/data/jiafq/iscas/Parser_Comparison/../benchmarks/part31/non-incremental/QF_BV/Sage2/bench_10956.smt2,4492.91,0,23642,成功
/pub/data/jiafq/iscas/Parser_Comparison/../benchmarks/part31/non-incremental/QF_BV/Sage2/bench_1097.smt2,29.5348,0,875,成功
/pub/data/jiafq/iscas/Parser_Comparison/../benchmarks/part31/non-incremental/QF_BV/Sage2/bench_10973.smt2,11989.6,0,28721,成功
/pub/data/jiafq/iscas/Parser_Comparison/../benchmarks/part31/non-incremental/QF_BV/Sage2/bench_10977.smt2,624.733,0,6769,成功
/pub/data/jiafq/iscas/Parser_Comparison/../benchmarks/part31/non-incremental/QF_BV/Sage2/bench_10979.smt2,1057.59,0,6912,成功
/pub/data/jiafq/iscas/Parser_Comparison/../benchmarks/part31/non-incremental/QF_BV/Sage2/bench_10982.smt2,155.01,0,6305,成功
/pub/data/jiafq/iscas/Parser_Comparison/../benchmarks/part31/non-incremental/QF_BV/Sage2/bench_10984.smt2,0,0,0,失败
/pub/data/jiafq/iscas/Parser_Comparison/../benchmarks/part31/non-incremental/QF_BV/Sage2/bench_10986.smt2,706.719,0,10092,成功
/pub/data/jiafq/iscas/Parser_Comparison/../benchmarks/part31/non-incremental/QF_BV/Sage2/bench_10989.smt2,1314.68,0,13936,成功
/pub/data/jiafq/iscas/Parser_Comparison/../benchmarks/part31/non-incremental/QF_BV/Sage2/bench_1099.smt2,34.5325,0,980,成功
/pub/data/jiafq/iscas/Parser_Comparison/../benchmarks/part31/non-incremental/QF_BV/Sage2/bench_11002.smt2,10928.6,0,50331,成功
/pub/data/jiafq/iscas/Parser_Comparison/../benchmarks/part31/non-incremental/QF_BV/Sage2/bench_11003.smt2,162.473,0,3659,成功
/pub/data/jiafq/iscas/Parser_Comparison/../benchmarks/part31/non-incremental/QF_BV/Sage2/bench_11005.smt2,179.202,0,1782,成功
/pub/data/jiafq/iscas/Parser_Comparison/../benchmarks/part31/non-incremental/QF_BV/Sage2/bench_11006.smt2,44.4484,0,1443,成功
/pub/data/jiafq/iscas/Parser_Comparison/../benchmarks/part31/non-incremental/QF_BV/Sage2/bench_11008.smt2,774.153,0,7421,成功
/pub/data/jiafq/iscas/Parser_Comparison/../benchmarks/part31/non-incremental/QF_BV/Sage2/bench_11009.smt2,13236.1,0,89451,成功
/pub/data/jiafq/iscas/Parser_Comparison/../benchmarks/part31/non-incremental/QF_BV/Sage2/bench_1101.smt2,25.29,0,786,成功
/pub/data/jiafq/iscas/Parser_Comparison/../benchmarks/part31/non-incremental/QF_BV/Sage2/bench_11010.smt2,0,0,0,失败
/pub/data/jiafq/iscas/Parser_Comparison/../benchmarks/part31/non-incremental/QF_BV/Sage2/bench_11013.smt2,12241,0,38038,成功
/pub/data/jiafq/iscas/Parser_Comparison/../benchmarks/part31/non-incremental/QF_BV/Sage2/bench_11014.smt2,326.478,0,6718,成功
/pub/data/jiafq/iscas/Parser_Comparison/../benchmarks/part31/non-incremental/QF_BV/Sage2/bench_11016.smt2,4122.69,0,57913,成功
/pub/data/jiafq/iscas/Parser_Comparison/../benchmarks/part31/non-incremental/QF_BV/Sage2/bench_11017.smt2,178.889,0,1782,成功
/pub/data/jiafq/iscas/Parser_Comparison/../benchmarks/part31/non-incremental/QF_BV/Sage2/bench_11019.smt2,544.495,0,4236,成功
/pub/data/jiafq/iscas/Parser_Comparison/../benchmarks/part31/non-incremental/QF_BV/Sage2/bench_11020.smt2,0,0,0,失败
/pub/data/jiafq/iscas/Parser_Comparison/../benchmarks/part31/non-incremental/QF_BV/Sage2/bench_11022.smt2,4420.1,0,12786,成功
/pub/data/jiafq/iscas/Parser_Comparison/../benchmarks/part31/non-incremental/QF_BV/Sage2/bench_11024.smt2,1511.66,0,7719,成功
/pub/data/jiafq/iscas/Parser_Comparison/../benchmarks/part31/non-incremental/QF_BV/Sage2/bench_11025.smt2,0,0,0,失败
/pub/data/jiafq/iscas/Parser_Comparison/../benchmarks/part31/non-incremental/QF_BV/Sage2/bench_11027.smt2,44.6621,0,1797,成功
/pub/data/jiafq/iscas/Parser_Comparison/../benchmarks/part31/non-incremental/QF_BV/Sage2/bench_11029.smt2,3998.17,0,22710,成功
/pub/data/jiafq/iscas/Parser_Comparison/../benchmarks/part31/non-incremental/QF_BV/Sage2/bench_1103.smt2,4756.21,0,10766,成功
/pub/data/jiafq/iscas/Parser_Comparison/../benchmarks/part31/non-incremental/QF_BV/Sage2/bench_11030.smt2,0,0,0,失败
/pub/data/jiafq/iscas/Parser_Comparison/../benchmarks/part31/non-incremental/QF_BV/Sage2/bench_11032.smt2,124.532,0,5403,成功
/pub/data/jiafq/iscas/Parser_Comparison/../benchmarks/part31/non-incremental/QF_BV/Sage2/bench_11033.smt2,494.797,0,13149,成功
/pub/data/jiafq/iscas/Parser_Comparison/../benchmarks/part31/non-incremental/QF_BV/Sage2/bench_11036.smt2,386.511,0,4491,成功
/pub/data/jiafq/iscas/Parser_Comparison/../benchmarks/part31/non-incremental/QF_BV/Sage2/bench_11038.smt2,32535.9,0,103949,成功
/pub/data/jiafq/iscas/Parser_Comparison/../benchmarks/part31/non-incremental/QF_BV/Sage2/bench_11048.smt2,1280.07,0,11919,成功
/pub/data/jiafq/iscas/Parser_Comparison/../benchmarks/part31/non-incremental/QF_BV/Sage2/bench_11049.smt2,1796.03,0,8811,成功
/pub/data/jiafq/iscas/Parser_Comparison/../benchmarks/part31/non-incremental/QF_BV/Sage2/bench_1105.smt2,34.7357,0,1144,成功
/pub/data/jiafq/iscas/Parser_Comparison/../benchmarks/part31/non-incremental/QF_BV/Sage2/bench_11053.smt2,0,0,0,失败
/pub/data/jiafq/iscas/Parser_Comparison/../benchmarks/part31/non-incremental/QF_BV/Sage2/bench_11054.smt2,2447.92,0,17604,成功
/pub/data/jiafq/iscas/Parser_Comparison/../benchmarks/part31/non-incremental/QF_BV/Sage2/bench_11055.smt2,181.276,0,1782,成功
/pub/data/jiafq/iscas/Parser_Comparison/../benchmarks/part31/non-incremental/QF_BV/Sage2/bench_11057.smt2,1126.18,0,15746,成功
/pub/data/jiafq/iscas/Parser_Comparison/../benchmarks/part31/non-incremental/QF_BV/Sage2/bench_11058.smt2,71.7214,0,2484,成功
/pub/data/jiafq/iscas/Parser_Comparison/../benchmarks/part31/non-incremental/QF_BV/Sage2/bench_11059.smt2,126.159,0,5614,成功
/pub/data/jiafq/iscas/Parser_Comparison/../benchmarks/part31/non-incremental/QF_BV/Sage2/bench_11061.smt2,1861.76,0,17269,成功
/pub/data/jiafq/iscas/Parser_Comparison/../benchmarks/part31/non-incremental/QF_BV/Sage2/bench_11062.smt2,2199.72,0,19564,成功
/pub/data/jiafq/iscas/Parser_Comparison/../benchmarks/part31/non-incremental/QF_BV/Sage2/bench_11064.smt2,13275.9,0,90030,成功
/pub/data/jiafq/iscas/Parser_Comparison/../benchmarks/part31/non-incremental/QF_BV/Sage2/bench_11065.smt2,7322.59,0,70012,成功
/pub/data/jiafq/iscas/Parser_Comparison/../benchmarks/part31/non-incremental/QF_BV/Sage2/bench_1107.smt2,32.7194,0,994,成功
/pub/data/jiafq/iscas/Parser_Comparison/../benchmarks/part31/non-incremental/QF_BV/Sage2/bench_11070.smt2,3921.9,0,22154,成功
/pub/data/jiafq/iscas/Parser_Comparison/../benchmarks/part31/non-incremental/QF_BV/Sage2/bench_11071.smt2,3934.13,0,22154,成功
/pub/data/jiafq/iscas/Parser_Comparison/../benchmarks/part31/non-incremental/QF_BV/Sage2/bench_11072.smt2,11495.7,0,111760,成功
/pub/data/jiafq/iscas/Parser_Comparison/../benchmarks/part31/non-incremental/QF_BV/Sage2/bench_11073.smt2,0,0,0,失败
/pub/data/jiafq/iscas/Parser_Comparison/../benchmarks/part31/non-incremental/QF_BV/Sage2/bench_11074.smt2,41.955,0,1600,成功
/pub/data/jiafq/iscas/Parser_Comparison/../benchmarks/part31/non-incremental/QF_BV/Sage2/bench_11076.smt2,86.8548,0,1076,成功
/pub/data/jiafq/iscas/Parser_Comparison/../benchmarks/part31/non-incremental/QF_BV/Sage2/bench_11077.smt2,49.9078,0,767,成功
/pub/data/jiafq/iscas/Parser_Comparison/../benchmarks/part31/non-incremental/QF_BV/Sage2/bench_11079.smt2,173.214,0,1706,成功
/pub/data/jiafq/iscas/Parser_Comparison/../benchmarks/part31/non-incremental/QF_BV/Sage2/bench_11083.smt2,163.643,0,3646,成功
/pub/data/jiafq/iscas/Parser_Comparison/../benchmarks/part31/non-incremental/QF_BV/Sage2/bench_1109.smt2,37.0254,0,1073,成功
/pub/data/jiafq/iscas/Parser_Comparison/../benchmarks/part31/non-incremental/QF_BV/Sage2/bench_11092.smt2,8196.07,0,78859,成功
/pub/data/jiafq/iscas/Parser_Comparison/../benchmarks/part31/non-incremental/QF_BV/Sage2/bench_11093.smt2,122.479,0,1369,成功
/pub/data/jiafq/iscas/Parser_Comparison/../benchmarks/part31/non-incremental/QF_BV/Sage2/bench_11094.smt2,1284.38,0,13595,成功
/pub/data/jiafq/iscas/Parser_Comparison/../benchmarks/part31/non-incremental/QF_BV/Sage2/bench_11097.smt2,3663.67,0,14502,成功
/pub/data/jiafq/iscas/Parser_Comparison/../benchmarks/part31/non-incremental/QF_BV/Sage2/bench_11099.smt2,2071.58,0,24915,成功
/pub/data/jiafq/iscas/Parser_Comparison/../benchmarks/part31/non-incremental/QF_BV/Sage2/bench_111.smt2,586.985,0,6377,成功
/pub/data/jiafq/iscas/Parser_Comparison/../benchmarks/part31/non-incremental/QF_BV/Sage2/bench_11100.smt2,0,0,0,失败
/pub/data/jiafq/iscas/Parser_Comparison/../benchmarks/part31/non-incremental/QF_BV/Sage2/bench_11101.smt2,75.1324,0,1611,成功
/pub/data/jiafq/iscas/Parser_Comparison/../benchmarks/part31/non-incremental/QF_BV/Sage2/bench_11103.smt2,3955.94,0,22154,成功
/pub/data/jiafq/iscas/Parser_Comparison/../benchmarks/part31/non-incremental/QF_BV/Sage2/bench_11104.smt2,620.546,0,6502,成功
/pub/data/jiafq/iscas/Parser_Comparison/../benchmarks/part31/non-incremental/QF_BV/Sage2/bench_11105.smt2,81.1422,0,2748,成功
/pub/data/jiafq/iscas/Parser_Comparison/../benchmarks/part31/non-incremental/QF_BV/Sage2/bench_11108.smt2,52.3869,0,767,成功
/pub/data/jiafq/iscas/Parser_Comparison/../benchmarks/part31/non-incremental/QF_BV/Sage2/bench_11109.smt2,90.8667,0,3394,成功
/pub/data/jiafq/iscas/Parser_Comparison/../benchmarks/part31/non-incremental/QF_BV/Sage2/bench_11110.smt2,1395.12,0,17726,成功
/pub/data/jiafq/iscas/Parser_Comparison/../benchmarks/part31/non-incremental/QF_BV/Sage2/bench_11112.smt2,4615.72,0,23861,成功
/pub/data/jiafq/iscas/Parser_Comparison/../benchmarks/part31/non-incremental/QF_BV/Sage2/bench_11113.smt2,28067.3,0,38777,成功
/pub/data/jiafq/iscas/Parser_Comparison/../benchmarks/part31/non-incremental/QF_BV/Sage2/bench_11115.smt2,7154.18,0,69819,成功
/pub/data/jiafq/iscas/Parser_Comparison/../benchmarks/part31/non-incremental/QF_BV/Sage2/bench_11116.smt2,125.068,0,1369,成功
/pub/data/jiafq/iscas/Parser_Comparison/../benchmarks/part31/non-incremental/QF_BV/Sage2/bench_11117.smt2,4560.16,0,23734,成功
/pub/data/jiafq/iscas/Parser_Comparison/../benchmarks/part31/non-incremental/QF_BV/Sage2/bench_11118.smt2,1053.27,0,20188,成功
/pub/data/jiafq/iscas/Parser_Comparison/../benchmarks/part31/non-incremental/QF_BV/Sage2/bench_11121.smt2,51.1695,0,755,成功
/pub/data/jiafq/iscas/Parser_Comparison/../benchmarks/part31/non-incremental/QF_BV/Sage2/bench_11123.smt2,8054.84,0,96080,成功
/pub/data/jiafq/iscas/Parser_Comparison/../benchmarks/part31/non-incremental/QF_BV/Sage2/bench_11124.smt2,67.7572,0,2842,成功
/pub/data/jiafq/iscas/Parser_Comparison/../benchmarks/part31/non-incremental/QF_BV/Sage2/bench_11126.smt2,43.9785,0,974,成功
/pub/data/jiafq/iscas/Parser_Comparison/../benchmarks/part31/non-incremental/QF_BV/Sage2/bench_1113.smt2,23.3052,0,870,成功
/pub/data/jiafq/iscas/Parser_Comparison/../benchmarks/part31/non-incremental/QF_BV/Sage2/bench_11130.smt2,175.732,0,1782,成功
/pub/data/jiafq/iscas/Parser_Comparison/../benchmarks/part31/non-incremental/QF_BV/Sage2/bench_11132.smt2,1550.06,0,9622,成功
/pub/data/jiafq/iscas/Parser_Comparison/../benchmarks/part31/non-incremental/QF_BV/Sage2/bench_11134.smt2,423.307,0,3861,成功
/pub/data/jiafq/iscas/Parser_Comparison/../benchmarks/part31/non-incremental/QF_BV/Sage2/bench_11135.smt2,303.79,0,2480,成功
/pub/data/jiafq/iscas/Parser_Comparison/../benchmarks/part31/non-incremental/QF_BV/Sage2/bench_11136.smt2,2183.87,0,20235,成功
/pub/data/jiafq/iscas/Parser_Comparison/../benchmarks/part31/non-incremental/QF_BV/Sage2/bench_11137.smt2,813.004,0,6904,成功
/pub/data/jiafq/iscas/Parser_Comparison/../benchmarks/part31/non-incremental/QF_BV/Sage2/bench_11138.smt2,307.446,0,6467,成功
/pub/data/jiafq/iscas/Parser_Comparison/../benchmarks/part31/non-incremental/QF_BV/Sage2/bench_1114.smt2,30.3825,0,1040,成功
/pub/data/jiafq/iscas/Parser_Comparison/../benchmarks/part31/non-incremental/QF_BV/Sage2/bench_11142.smt2,1445.06,0,16137,成功
/pub/data/jiafq/iscas/Parser_Comparison/../benchmarks/part31/non-incremental/QF_BV/Sage2/bench_11143.smt2,55.64,0,755,成功
/pub/data/jiafq/iscas/Parser_Comparison/../benchmarks/part31/non-incremental/QF_BV/Sage2/bench_11144.smt2,80.0195,0,997,成功
/pub/data/jiafq/iscas/Parser_Comparison/../benchmarks/part31/non-incremental/QF_BV/Sage2/bench_11146.smt2,55.0702,0,767,成功
/pub/data/jiafq/iscas/Parser_Comparison/../benchmarks/part31/non-incremental/QF_BV/Sage2/bench_11147.smt2,158.647,0,2148,成功
/pub/data/jiafq/iscas/Parser_Comparison/../benchmarks/part31/non-incremental/QF_BV/Sage2/bench_11149.smt2,103.813,0,1946,成功
/pub/data/jiafq/iscas/Parser_Comparison/../benchmarks/part31/non-incremental/QF_BV/Sage2/bench_11150.smt2,0,0,0,失败
/pub/data/jiafq/iscas/Parser_Comparison/../benchmarks/part31/non-incremental/QF_BV/Sage2/bench_11151.smt2,271.785,0,10418,成功
/pub/data/jiafq/iscas/Parser_Comparison/../benchmarks/part31/non-incremental/QF_BV/Sage2/bench_11153.smt2,446.935,0,3371,成功
/pub/data/jiafq/iscas/Parser_Comparison/../benchmarks/part31/non-incremental/QF_BV/Sage2/bench_11154.smt2,68.6976,0,1486,成功
/pub/data/jiafq/iscas/Parser_Comparison/../benchmarks/part31/non-incremental/QF_BV/Sage2/bench_11155.smt2,66.5855,0,815,成功
/pub/data/jiafq/iscas/Parser_Comparison/../benchmarks/part31/non-incremental/QF_BV/Sage2/bench_11157.smt2,433.328,0,3373,成功
/pub/data/jiafq/iscas/Parser_Comparison/../benchmarks/part31/non-incremental/QF_BV/Sage2/bench_11158.smt2,1055.91,0,6902,成功
/pub/data/jiafq/iscas/Parser_Comparison/../benchmarks/part31/non-incremental/QF_BV/Sage2/bench_11159.smt2,60.879,0,815,成功
/pub/data/jiafq/iscas/Parser_Comparison/../benchmarks/part31/non-incremental/QF_BV/Sage2/bench_1116.smt2,0,0,0,失败
/pub/data/jiafq/iscas/Parser_Comparison/../benchmarks/part31/non-incremental/QF_BV/Sage2/bench_11160.smt2,0,0,0,失败
/pub/data/jiafq/iscas/Parser_Comparison/../benchmarks/part31/non-incremental/QF_BV/Sage2/bench_11161.smt2,12.7049,0,240,成功
/pub/data/jiafq/iscas/Parser_Comparison/../benchmarks/part31/non-incremental/QF_BV/Sage2/bench_11163.smt2,6496.29,0,39200,成功
/pub/data/jiafq/iscas/Parser_Comparison/../benchmarks/part31/non-incremental/QF_BV/Sage2/bench_11169.smt2,95.3575,0,1805,成功
/pub/data/jiafq/iscas/Parser_Comparison/../benchmarks/part31/non-incremental/QF_BV/Sage2/bench_11172.smt2,176.344,0,1782,成功
/pub/data/jiafq/iscas/Parser_Comparison/../benchmarks/part31/non-incremental/QF_BV/Sage2/bench_11176.smt2,174.667,0,1782,成功
/pub/data/jiafq/iscas/Parser_Comparison/../benchmarks/part31/non-incremental/QF_BV/Sage2/bench_1118.smt2,32.0426,0,1020,成功
/pub/data/jiafq/iscas/Parser_Comparison/../benchmarks/part31/non-incremental/QF_BV/Sage2/bench_11180.smt2,600.124,0,7277,成功
/pub/data/jiafq/iscas/Parser_Comparison/../benchmarks/part31/non-incremental/QF_BV/Sage2/bench_11182.smt2,127.138,0,1369,成功
/pub/data/jiafq/iscas/Parser_Comparison/../benchmarks/part31/non-incremental/QF_BV/Sage2/bench_11192.smt2,2182.71,0,20825,成功
/pub/data/jiafq/iscas/Parser_Comparison/../benchmarks/part31/non-incremental/QF_BV/Sage2/bench_11193.smt2,12.8004,0,338,成功
/pub/data/jiafq/iscas/Parser_Comparison/../benchmarks/part31/non-incremental/QF_BV/Sage2/bench_11194.smt2,49.8498,0,755,成功
/pub/data/jiafq/iscas/Parser_Comparison/../benchmarks/part31/non-incremental/QF_BV/Sage2/bench_11195.smt2,164.938,0,2304,成功
/pub/data/jiafq/iscas/Parser_Comparison/../benchmarks/part31/non-incremental/QF_BV/Sage2/bench_11198.smt2,1614.92,0,7742,成功
/pub/data/jiafq/iscas/Parser_Comparison/../benchmarks/part31/non-incremental/QF_BV/Sage2/bench_11199.smt2,303.71,0,2700,成功
/pub/data/jiafq/iscas/Parser_Comparison/../benchmarks/part31/non-incremental/QF_BV/Sage2/bench_1120.smt2,36.4843,0,1044,成功
/pub/data/jiafq/iscas/Parser_Comparison/../benchmarks/part31/non-incremental/QF_BV/Sage2/bench_11200.smt2,12164.1,0,27230,成功
/pub/data/jiafq/iscas/Parser_Comparison/../benchmarks/part31/non-incremental/QF_BV/Sage2/bench_11201.smt2,8545.23,0,64743,成功
/pub/data/jiafq/iscas/Parser_Comparison/../benchmarks/part31/non-incremental/QF_BV/Sage2/bench_11208.smt2,12055.3,0,25972,成功
/pub/data/jiafq/iscas/Parser_Comparison/../benchmarks/part31/non-incremental/QF_BV/Sage2/bench_11214.smt2,184.969,0,1782,成功
/pub/data/jiafq/iscas/Parser_Comparison/../benchmarks/part31/non-incremental/QF_BV/Sage2/bench_1122.smt2,30.8895,0,979,成功
/pub/data/jiafq/iscas/Parser_Comparison/../benchmarks/part31/non-incremental/QF_BV/Sage2/bench_11221.smt2,120.305,0,1369,成功
/pub/data/jiafq/iscas/Parser_Comparison/../benchmarks/part31/non-incremental/QF_BV/Sage2/bench_11229.smt2,41.2605,0,723,成功
/pub/data/jiafq/iscas/Parser_Comparison/../benchmarks/part31/non-incremental/QF_BV/Sage2/bench_11232.smt2,1163.81,0,15281,成功
/pub/data/jiafq/iscas/Parser_Comparison/../benchmarks/part31/non-incremental/QF_BV/Sage2/bench_11234.smt2,44447.8,0,53599,成功
/pub/data/jiafq/iscas/Parser_Comparison/../benchmarks/part31/non-incremental/QF_BV/Sage2/bench_11235.smt2,28244.7,0,39582,成功
/pub/data/jiafq/iscas/Parser_Comparison/../benchmarks/part31/non-incremental/QF_BV/Sage2/bench_1124.smt2,0,0,0,失败
/pub/data/jiafq/iscas/Parser_Comparison/../benchmarks/part31/non-incremental/QF_BV/Sage2/bench_11242.smt2,13466.6,0,91381,成功
/pub/data/jiafq/iscas/Parser_Comparison/../benchmarks/part31/non-incremental/QF_BV/Sage2/bench_11246.smt2,0,0,0,失败
/pub/data/jiafq/iscas/Parser_Comparison/../benchmarks/part31/non-incremental/QF_BV/Sage2/bench_11248.smt2,128.039,0,1358,成功
/pub/data/jiafq/iscas/Parser_Comparison/../benchmarks/part31/non-incremental/QF_BV/Sage2/bench_11249.smt2,776.877,0,27514,成功
/pub/data/jiafq/iscas/Parser_Comparison/../benchmarks/part31/non-incremental/QF_BV/Sage2/bench_1126.smt2,42.3854,0,1158,成功
/pub/data/jiafq/iscas/Parser_Comparison/../benchmarks/part31/non-incremental/QF_BV/Sage2/bench_11260.smt2,291.756,0,2480,成功
/pub/data/jiafq/iscas/Parser_Comparison/../benchmarks/part31/non-incremental/QF_BV/Sage2/bench_11263.smt2,1277.4,0,11060,成功
/pub/data/jiafq/iscas/Parser_Comparison/../benchmarks/part31/non-incremental/QF_BV/Sage2/bench_11266.smt2,123.373,0,1358,成功
/pub/data/jiafq/iscas/Parser_Comparison/../benchmarks/part31/non-incremental/QF_BV/Sage2/bench_11268.smt2,35.3494,0,756,成功
/pub/data/jiafq/iscas/Parser_Comparison/../benchmarks/part31/non-incremental/QF_BV/Sage2/bench_1127.smt2,8857.34,0,40701,成功
/pub/data/jiafq/iscas/Parser_Comparison/../benchmarks/part31/non-incremental/QF_BV/Sage2/bench_11270.smt2,89.5005,0,1076,成功
/pub/data/jiafq/iscas/Parser_Comparison/../benchmarks/part31/non-incremental/QF_BV/Sage2/bench_11272.smt2,0,0,0,失败
/pub/data/jiafq/iscas/Parser_Comparison/../benchmarks/part31/non-incremental/QF_BV/Sage2/bench_11275.smt2,0,0,0,失败
/pub/data/jiafq/iscas/Parser_Comparison/../benchmarks/part31/non-incremental/QF_BV/Sage2/bench_11278.smt2,173.243,0,1706,成功
/pub/data/jiafq/iscas/Parser_Comparison/../benchmarks/part31/non-incremental/QF_BV/Sage2/bench_11284.smt2,5378.77,0,26065,成功
/pub/data/jiafq/iscas/Parser_Comparison/../benchmarks/part31/non-incremental/QF_BV/Sage2/bench_11287.smt2,12651.7,0,67429,成功
/pub/data/jiafq/iscas/Parser_Comparison/../benchmarks/part31/non-incremental/QF_BV/Sage2/bench_11291.smt2,94.3136,0,1076,成功
/pub/data/jiafq/iscas/Parser_Comparison/../benchmarks/part31/non-incremental/QF_BV/Sage2/bench_11293.smt2,89.6867,0,3295,成功
/pub/data/jiafq/iscas/Parser_Comparison/../benchmarks/part31/non-incremental/QF_BV/Sage2/bench_11295.smt2,4135.74,0,23404,成功
/pub/data/jiafq/iscas/Parser_Comparison/../benchmarks/part31/non-incremental/QF_BV/Sage2/bench_11296.smt2,68.397,0,815,成功
/pub/data/jiafq/iscas/Parser_Comparison/../benchmarks/part31/non-incremental/QF_BV/Sage2/bench_11299.smt2,88.4208,0,1076,成功
/pub/data/jiafq/iscas/Parser_Comparison/../benchmarks/part31/non-incremental/QF_BV/Sage2/bench_11300.smt2,58.9625,0,815,成功
/pub/data/jiafq/iscas/Parser_Comparison/../benchmarks/part31/non-incremental/QF_BV/Sage2/bench_11302.smt2,2211.62,0,20856,成功
/pub/data/jiafq/iscas/Parser_Comparison/../benchmarks/part31/non-incremental/QF_BV/Sage2/bench_11303.smt2,323.921,0,2590,成功
/pub/data/jiafq/iscas/Parser_Comparison/../benchmarks/part31/non-incremental/QF_BV/Sage2/bench_11306.smt2,65.3465,0,815,成功
/pub/data/jiafq/iscas/Parser_Comparison/../benchmarks/part31/non-incremental/QF_BV/Sage2/bench_11307.smt2,180.946,0,3416,成功
/pub/data/jiafq/iscas/Parser_Comparison/../benchmarks/part31/non-incremental/QF_BV/Sage2/bench_11308.smt2,131.718,0,3267,成功
/pub/data/jiafq/iscas/Parser_Comparison/../benchmarks/part31/non-incremental/QF_BV/Sage2/bench_11310.smt2,7356.88,0,70205,成功
/pub/data/jiafq/iscas/Parser_Comparison/../benchmarks/part31/non-incremental/QF_BV/Sage2/bench_11311.smt2,13093.3,0,90030,成功
/pub/data/jiafq/iscas/Parser_Comparison/../benchmarks/part31/non-incremental/QF_BV/Sage2/bench_11313.smt2,6086.08,0,48576,成功
/pub/data/jiafq/iscas/Parser_Comparison/../benchmarks/part31/non-incremental/QF_BV/Sage2/bench_11316.smt2,8657.78,0,64744,成功
/pub/data/jiafq/iscas/Parser_Comparison/../benchmarks/part31/non-incremental/QF_BV/Sage2/bench_11317.smt2,7868.73,0,96148,成功
/pub/data/jiafq/iscas/Parser_Comparison/../benchmarks/part31/non-incremental/QF_BV/Sage2/bench_11319.smt2,31.4938,0,743,成功
/pub/data/jiafq/iscas/Parser_Comparison/../benchmarks/part31/non-incremental/QF_BV/Sage2/bench_11320.smt2,36.5462,0,590,成功
/pub/data/jiafq/iscas/Parser_Comparison/../benchmarks/part31/non-incremental/QF_BV/Sage2/bench_11321.smt2,3910.59,0,22154,成功
/pub/data/jiafq/iscas/Parser_Comparison/../benchmarks/part31/non-incremental/QF_BV/Sage2/bench_1133.smt2,25.326,0,920,成功
/pub/data/jiafq/iscas/Parser_Comparison/../benchmarks/part31/non-incremental/QF_BV/Sage2/bench_11338.smt2,0,0,0,失败
/pub/data/jiafq/iscas/Parser_Comparison/../benchmarks/part31/non-incremental/QF_BV/Sage2/bench_11339.smt2,106.173,0,1946,成功
/pub/data/jiafq/iscas/Parser_Comparison/../benchmarks/part31/non-incremental/QF_BV/Sage2/bench_1134.smt2,25.6294,0,930,成功
/pub/data/jiafq/iscas/Parser_Comparison/../benchmarks/part31/non-incremental/QF_BV/Sage2/bench_11340.smt2,119.608,0,1346,成功
/pub/data/jiafq/iscas/Parser_Comparison/../benchmarks/part31/non-incremental/QF_BV/Sage2/bench_11341.smt2,124.548,0,5560,成功
/pub/data/jiafq/iscas/Parser_Comparison/../benchmarks/part31/non-incremental/QF_BV/Sage2/bench_11342.smt2,87.1728,0,3309,成功
/pub/data/jiafq/iscas/Parser_Comparison/../benchmarks/part31/non-incremental/QF_BV/Sage2/bench_11343.smt2,99.1252,0,1946,成功
/pub/data/jiafq/iscas/Parser_Comparison/../benchmarks/part31/non-incremental/QF_BV/Sage2/bench_11349.smt2,57.8911,0,815,成功
/pub/data/jiafq/iscas/Parser_Comparison/../benchmarks/part31/non-incremental/QF_BV/Sage2/bench_11351.smt2,2319.13,0,24614,成功
/pub/data/jiafq/iscas/Parser_Comparison/../benchmarks/part31/non-incremental/QF_BV/Sage2/bench_11352.smt2,60.374,0,815,成功
/pub/data/jiafq/iscas/Parser_Comparison/../benchmarks/part31/non-incremental/QF_BV/Sage2/bench_11353.smt2,299.29,0,2645,成功
/pub/data/jiafq/iscas/Parser_Comparison/../benchmarks/part31/non-incremental/QF_BV/Sage2/bench_11357.smt2,3306.27,0,13842,成功
/pub/data/jiafq/iscas/Parser_Comparison/../benchmarks/part31/non-incremental/QF_BV/Sage2/bench_11358.smt2,12879.2,0,48546,成功
/pub/data/jiafq/iscas/Parser_Comparison/../benchmarks/part31/non-incremental/QF_BV/Sage2/bench_11359.smt2,1108.53,0,7157,成功
/pub/data/jiafq/iscas/Parser_Comparison/../benchmarks/part31/non-incremental/QF_BV/Sage2/bench_11360.smt2,765.94,0,6676,成功
/pub/data/jiafq/iscas/Parser_Comparison/../benchmarks/part31/non-incremental/QF_BV/Sage2/bench_11361.smt2,63.567,0,880,成功
/pub/data/jiafq/iscas/Parser_Comparison/../benchmarks/part31/non-incremental/QF_BV/Sage2/bench_11365.smt2,120.098,0,2956,成功
/pub/data/jiafq/iscas/Parser_Comparison/../benchmarks/part31/non-incremental/QF_BV/Sage2/bench_11366.smt2,95.6766,0,3381,成功
/pub/data/jiafq/iscas/Parser_Comparison/../benchmarks/part31/non-incremental/QF_BV/Sage2/bench_11367.smt2,175.323,0,3659,成功
/pub/data/jiafq/iscas/Parser_Comparison/../benchmarks/part31/non-incremental/QF_BV/Sage2/bench_11369.smt2,58.5014,0,815,成功
/pub/data/jiafq/iscas/Parser_Comparison/../benchmarks/part31/non-incremental/QF_BV/Sage2/bench_1137.smt2,25.1587,0,826,成功
/pub/data/jiafq/iscas/Parser_Comparison/../benchmarks/part31/non-incremental/QF_BV/Sage2/bench_11377.smt2,59.5583,0,815,成功
/pub/data/jiafq/iscas/Parser_Comparison/../benchmarks/part31/non-incremental/QF_BV/Sage2/bench_11378.smt2,1336.15,0,6002,成功
/pub/data/jiafq/iscas/Parser_Comparison/../benchmarks/part31/non-incremental/QF_BV/Sage2/bench_11380.smt2,88.9497,0,1076,成功
/pub/data/jiafq/iscas/Parser_Comparison/../benchmarks/part31/non-incremental/QF_BV/Sage2/bench_11381.smt2,0,0,0,失败
/pub/data/jiafq/iscas/Parser_Comparison/../benchmarks/part31/non-incremental/QF_BV/Sage2/bench_11382.smt2,60.4959,0,815,成功
/pub/data/jiafq/iscas/Parser_Comparison/../benchmarks/part31/non-incremental/QF_BV/Sage2/bench_11383.smt2,17.2879,0,562,成功
/pub/data/jiafq/iscas/Parser_Comparison/../benchmarks/part31/non-incremental/QF_BV/Sage2/bench_11385.smt2,119.712,0,4932,成功
/pub/data/jiafq/iscas/Parser_Comparison/../benchmarks/part31/non-incremental/QF_BV/Sage2/bench_11386.smt2,59.3018,0,815,成功
/pub/data/jiafq/iscas/Parser_Comparison/../benchmarks/part31/non-incremental/QF_BV/Sage2/bench_11387.smt2,58381.3,0,113238,成功
/pub/data/jiafq/iscas/Parser_Comparison/../benchmarks/part31/non-incremental/QF_BV/Sage2/bench_11389.smt2,11884.7,0,31841,成功
/pub/data/jiafq/iscas/Parser_Comparison/../benchmarks/part31/non-incremental/QF_BV/Sage2/bench_1139.smt2,38.8405,0,1024,成功
/pub/data/jiafq/iscas/Parser_Comparison/../benchmarks/part31/non-incremental/QF_BV/Sage2/bench_11391.smt2,79.9347,0,3488,成功
/pub/data/jiafq/iscas/Parser_Comparison/../benchmarks/part31/non-incremental/QF_BV/Sage2/bench_11393.smt2,225.088,0,2075,成功
/pub/data/jiafq/iscas/Parser_Comparison/../benchmarks/part31/non-incremental/QF_BV/Sage2/bench_11395.smt2,6255.26,0,49416,成功
/pub/data/jiafq/iscas/Parser_Comparison/../benchmarks/part31/non-incremental/QF_BV/Sage2/bench_11397.smt2,32056.8,0,103866,成功
/pub/data/jiafq/iscas/Parser_Comparison/../benchmarks/part31/non-incremental/QF_BV/Sage2/bench_11398.smt2,1205.87,0,11919,成功
/pub/data/jiafq/iscas/Parser_Comparison/../benchmarks/part31/non-incremental/QF_BV/Sage2/bench_114.smt2,56.0492,0,1569,成功
/pub/data/jiafq/iscas/Parser_Comparison/../benchmarks/part31/non-incremental/QF_BV/Sage2/bench_11400.smt2,12043.6,0,24452,成功
/pub/data/jiafq/iscas/Parser_Comparison/../benchmarks/part31/non-incremental/QF_BV/Sage2/bench_11402.smt2,2202.91,0,20932,成功
/pub/data/jiafq/iscas/Parser_Comparison/../benchmarks/part31/non-incremental/QF_BV/Sage2/bench_11406.smt2,40.3486,0,590,成功
/pub/data/jiafq/iscas/Parser_Comparison/../benchmarks/part31/non-incremental/QF_BV/Sage2/bench_11408.smt2,608.506,0,3545,成功
/pub/data/jiafq/iscas/Parser_Comparison/../benchmarks/part31/non-incremental/QF_BV/Sage2/bench_1141.smt2,0,0,0,失败
/pub/data/jiafq/iscas/Parser_Comparison/../benchmarks/part31/non-incremental/QF_BV/Sage2/bench_11411.smt2,20.0655,0,324,成功
/pub/data/jiafq/iscas/Parser_Comparison/../benchmarks/part31/non-incremental/QF_BV/Sage2/bench_11413.smt2,122.084,0,3789,成功
/pub/data/jiafq/iscas/Parser_Comparison/../benchmarks/part31/non-incremental/QF_BV/Sage2/bench_11418.smt2,82.6491,0,3617,成功
/pub/data/jiafq/iscas/Parser_Comparison/../benchmarks/part31/non-incremental/QF_BV/Sage2/bench_11425.smt2,297.283,0,2480,成功
/pub/data/jiafq/iscas/Parser_Comparison/../benchmarks/part31/non-incremental/QF_BV/Sage2/bench_11429.smt2,139.523,0,2582,成功
/pub/data/jiafq/iscas/Parser_Comparison/../benchmarks/part31/non-incremental/QF_BV/Sage2/bench_11432.smt2,38.9112,0,590,成功
/pub/data/jiafq/iscas/Parser_Comparison/../benchmarks/part31/non-incremental/QF_BV/Sage2/bench_11433.smt2,119.2,0,1369,成功
/pub/data/jiafq/iscas/Parser_Comparison/../benchmarks/part31/non-incremental/QF_BV/Sage2/bench_11435.smt2,39.6915,0,590,成功
/pub/data/jiafq/iscas/Parser_Comparison/../benchmarks/part31/non-incremental/QF_BV/Sage2/bench_11436.smt2,752.888,0,6148,成功
/pub/data/jiafq/iscas/Parser_Comparison/../benchmarks/part31/non-incremental/QF_BV/Sage2/bench_11440.smt2,40.1061,0,590,成功
/pub/data/jiafq/iscas/Parser_Comparison/../benchmarks/part31/non-incremental/QF_BV/Sage2/bench_11443.smt2,39.287,0,590,成功
/pub/data/jiafq/iscas/Parser_Comparison/../benchmarks/part31/non-incremental/QF_BV/Sage2/bench_1145.smt2,34.5209,0,1063,成功
/pub/data/jiafq/iscas/Parser_Comparison/../benchmarks/part31/non-incremental/QF_BV/Sage2/bench_11450.smt2,986.62,0,12070,成功
/pub/data/jiafq/iscas/Parser_Comparison/../benchmarks/part31/non-incremental/QF_BV/Sage2/bench_11454.smt2,175.962,0,1790,成功
/pub/data/jiafq/iscas/Parser_Comparison/../benchmarks/part31/non-incremental/QF_BV/Sage2/bench_11455.smt2,58.7086,0,815,成功
/pub/data/jiafq/iscas/Parser_Comparison/../benchmarks/part31/non-incremental/QF_BV/Sage2/bench_11456.smt2,13070.5,0,89644,成功
/pub/data/jiafq/iscas/Parser_Comparison/../benchmarks/part31/non-incremental/QF_BV/Sage2/bench_11458.smt2,299.184,0,2480,成功
/pub/data/jiafq/iscas/Parser_Comparison/../benchmarks/part31/non-incremental/QF_BV/Sage2/bench_11459.smt2,79.3663,0,2748,成功
/pub/data/jiafq/iscas/Parser_Comparison/../benchmarks/part31/non-incremental/QF_BV/Sage2/bench_1146.smt2,32.5958,0,999,成功
/pub/data/jiafq/iscas/Parser_Comparison/../benchmarks/part31/non-incremental/QF_BV/Sage2/bench_11460.smt2,61.7473,0,815,成功
/pub/data/jiafq/iscas/Parser_Comparison/../benchmarks/part31/non-incremental/QF_BV/Sage2/bench_11461.smt2,90.9744,0,3387,成功
/pub/data/jiafq/iscas/Parser_Comparison/../benchmarks/part31/non-incremental/QF_BV/Sage2/bench_11462.smt2,37.4421,0,898,成功
/pub/data/jiafq/iscas/Parser_Comparison/../benchmarks/part31/non-incremental/QF_BV/Sage2/bench_11463.smt2,1025.49,0,4755,成功
/pub/data/jiafq/iscas/Parser_Comparison/../benchmarks/part31/non-incremental/QF_BV/Sage2/bench_11464.smt2,113.923,0,3779,成功
/pub/data/jiafq/iscas/Parser_Comparison/../benchmarks/part31/non-incremental/QF_BV/Sage2/bench_11465.smt2,305.717,0,2700,成功
/pub/data/jiafq/iscas/Parser_Comparison/../benchmarks/part31/non-incremental/QF_BV/Sage2/bench_11466.smt2,0,0,0,失败
/pub/data/jiafq/iscas/Parser_Comparison/../benchmarks/part31/non-incremental/QF_BV/Sage2/bench_11467.smt2,148.945,0,5229,成功
/pub/data/jiafq/iscas/Parser_Comparison/../benchmarks/part31/non-incremental/QF_BV/Sage2/bench_11468.smt2,424.472,0,3884,成功
/pub/data/jiafq/iscas/Parser_Comparison/../benchmarks/part31/non-incremental/QF_BV/Sage2/bench_11469.smt2,10.0492,0,440,成功
/pub/data/jiafq/iscas/Parser_Comparison/../benchmarks/part31/non-incremental/QF_BV/Sage2/bench_11470.smt2,176.357,0,1790,成功
/pub/data/jiafq/iscas/Parser_Comparison/../benchmarks/part31/non-incremental/QF_BV/Sage2/bench_11472.smt2,11900.3,0,112767,成功
/pub/data/jiafq/iscas/Parser_Comparison/../benchmarks/part31/non-incremental/QF_BV/Sage2/bench_11473.smt2,44.1627,0,1830,成功
/pub/data/jiafq/iscas/Parser_Comparison/../benchmarks/part31/non-incremental/QF_BV/Sage2/bench_11474.smt2,116.714,0,1325,成功
/pub/data/jiafq/iscas/Parser_Comparison/../benchmarks/part31/non-incremental/QF_BV/Sage2/bench_11475.smt2,0,0,0,失败
/pub/data/jiafq/iscas/Parser_Comparison/../benchmarks/part31/non-incremental/QF_BV/Sage2/bench_11476.smt2,309.838,0,2480,成功
/pub/data/jiafq/iscas/Parser_Comparison/../benchmarks/part31/non-incremental/QF_BV/Sage2/bench_11477.smt2,51.9698,0,755,成功
/pub/data/jiafq/iscas/Parser_Comparison/../benchmarks/part31/non-incremental/QF_BV/Sage2/bench_11478.smt2,59.8189,0,815,成功
/pub/data/jiafq/iscas/Parser_Comparison/../benchmarks/part31/non-incremental/QF_BV/Sage2/bench_1148.smt2,640.431,0,6713,成功
/pub/data/jiafq/iscas/Parser_Comparison/../benchmarks/part31/non-incremental/QF_BV/Sage2/bench_11480.smt2,56168.6,0,113214,成功
/pub/data/jiafq/iscas/Parser_Comparison/../benchmarks/part31/non-incremental/QF_BV/Sage2/bench_11481.smt2,230.654,0,2075,成功
/pub/data/jiafq/iscas/Parser_Comparison/../benchmarks/part31/non-incremental/QF_BV/Sage2/bench_11482.smt2,62.9081,0,1700,成功
/pub/data/jiafq/iscas/Parser_Comparison/../benchmarks/part31/non-incremental/QF_BV/Sage2/bench_11484.smt2,186.458,0,3394,成功
/pub/data/jiafq/iscas/Parser_Comparison/../benchmarks/part31/non-incremental/QF_BV/Sage2/bench_11487.smt2,178.651,0,1790,成功
/pub/data/jiafq/iscas/Parser_Comparison/../benchmarks/part31/non-incremental/QF_BV/Sage2/bench_11489.smt2,120.082,0,1369,成功
/pub/data/jiafq/iscas/Parser_Comparison/../benchmarks/part31/non-incremental/QF_BV/Sage2/bench_11491.smt2,297.196,0,2535,成功
/pub/data/jiafq/iscas/Parser_Comparison/../benchmarks/part31/non-incremental/QF_BV/Sage2/bench_11496.smt2,10.1671,0,346,成功
/pub/data/jiafq/iscas/Parser_Comparison/../benchmarks/part31/non-incremental/QF_BV/Sage2/bench_1150.smt2,28.2869,0,930,成功
/pub/data/jiafq/iscas/Parser_Comparison/../benchmarks/part31/non-incremental/QF_BV/Sage2/bench_11500.smt2,7749.22,0,72135,成功
/pub/data/jiafq/iscas/Parser_Comparison/../benchmarks/part31/non-incremental/QF_BV/Sage2/bench_11506.smt2,131.042,0,1373,成功
/pub/data/jiafq/iscas/Parser_Comparison/../benchmarks/part31/non-incremental/QF_BV/Sage2/bench_11514.smt2,2889.95,0,32398,成功
/pub/data/jiafq/iscas/Parser_Comparison/../benchmarks/part31/non-incremental/QF_BV/Sage2/bench_11517.smt2,109.946,0,4983,成功
/pub/data/jiafq/iscas/Parser_Comparison/../benchmarks/part31/non-incremental/QF_BV/Sage2/bench_1152.smt2,27.8175,0,930,成功
/pub/data/jiafq/iscas/Parser_Comparison/../benchmarks/part31/non-incremental/QF_BV/Sage2/bench_11521.smt2,177.386,0,1782,成功
/pub/data/jiafq/iscas/Parser_Comparison/../benchmarks/part31/non-incremental/QF_BV/Sage2/bench_11527.smt2,3832.73,0,22154,成功
/pub/data/jiafq/iscas/Parser_Comparison/../benchmarks/part31/non-incremental/QF_BV/Sage2/bench_11530.smt2,2180.12,0,19333,成功
/pub/data/jiafq/iscas/Parser_Comparison/../benchmarks/part31/non-incremental/QF_BV/Sage2/bench_11539.smt2,299.945,0,2590,成功
/pub/data/jiafq/iscas/Parser_Comparison/../benchmarks/part31/non-incremental/QF_BV/Sage2/bench_1154.smt2,38.3065,0,1158,成功
/pub/data/jiafq/iscas/Parser_Comparison/../benchmarks/part31/non-incremental/QF_BV/Sage2/bench_11540.smt2,69.8625,0,1616,成功
/pub/data/jiafq/iscas/Parser_Comparison/../benchmarks/part31/non-incremental/QF_BV/Sage2/bench_11541.smt2,317.133,0,2949,成功
/pub/data/jiafq/iscas/Parser_Comparison/../benchmarks/part31/non-incremental/QF_BV/Sage2/bench_11542.smt2,0,0,0,失败
/pub/data/jiafq/iscas/Parser_Comparison/../benchmarks/part31/non-incremental/QF_BV/Sage2/bench_11543.smt2,301.744,0,2590,成功
/pub/data/jiafq/iscas/Parser_Comparison/../benchmarks/part31/non-incremental/QF_BV/Sage2/bench_11544.smt2,210.696,0,2186,成功
/pub/data/jiafq/iscas/Parser_Comparison/../benchmarks/part31/non-incremental/QF_BV/Sage2/bench_11547.smt2,7813.08,0,96080,成功
/pub/data/jiafq/iscas/Parser_Comparison/../benchmarks/part31/non-incremental/QF_BV/Sage2/bench_11549.smt2,7828.39,0,96105,成功
/pub/data/jiafq/iscas/Parser_Comparison/../benchmarks/part31/non-incremental/QF_BV/Sage2/bench_11551.smt2,7233.06,0,44219,成功
/pub/data/jiafq/iscas/Parser_Comparison/../benchmarks/part31/non-incremental/QF_BV/Sage2/bench_11553.smt2,643.045,0,6587,成功
/pub/data/jiafq/iscas/Parser_Comparison/../benchmarks/part31/non-incremental/QF_BV/Sage2/bench_11555.smt2,814.538,0,27652,成功
/pub/data/jiafq/iscas/Parser_Comparison/../benchmarks/part31/non-incremental/QF_BV/Sage2/bench_11557.smt2,8783.87,0,47311,成功
/pub/data/jiafq/iscas/Parser_Comparison/../benchmarks/part31/non-incremental/QF_BV/Sage2/bench_11558.smt2,317.905,0,2645,成功
/pub/data/jiafq/iscas/Parser_Comparison/../benchmarks/part31/non-incremental/QF_BV/Sage2/bench_1156.smt2,24.4523,0,805,成功
/pub/data/jiafq/iscas/Parser_Comparison/../benchmarks/part31/non-incremental/QF_BV/Sage2/bench_11560.smt2,58.6171,0,2079,成功
/pub/data/jiafq/iscas/Parser_Comparison/../benchmarks/part31/non-incremental/QF_BV/Sage2/bench_11562.smt2,63.7585,0,815,成功
/pub/data/jiafq/iscas/Parser_Comparison/../benchmarks/part31/non-incremental/QF_BV/Sage2/bench_11570.smt2,8767.61,0,64716,成功
/pub/data/jiafq/iscas/Parser_Comparison/../benchmarks/part31/non-incremental/QF_BV/Sage2/bench_11572.smt2,60.6882,0,815,成功
/pub/data/jiafq/iscas/Parser_Comparison/../benchmarks/part31/non-incremental/QF_BV/Sage2/bench_11575.smt2,12502.1,0,58895,成功
/pub/data/jiafq/iscas/Parser_Comparison/../benchmarks/part31/non-incremental/QF_BV/Sage2/bench_11577.smt2,7266.8,0,69819,成功
/pub/data/jiafq/iscas/Parser_Comparison/../benchmarks/part31/non-incremental/QF_BV/Sage2/bench_11578.smt2,7631.84,0,72521,成功
/pub/data/jiafq/iscas/Parser_Comparison/../benchmarks/part31/non-incremental/QF_BV/Sage2/bench_11579.smt2,37.6336,0,780,成功
/pub/data/jiafq/iscas/Parser_Comparison/../benchmarks/part31/non-incremental/QF_BV/Sage2/bench_1158.smt2,37.4427,0,1158,成功
/pub/data/jiafq/iscas/Parser_Comparison/../benchmarks/part31/non-incremental/QF_BV/Sage2/bench_11580.smt2,2447.81,0,24197,成功
/pub/data/jiafq/iscas/Parser_Comparison/../benchmarks/part31/non-incremental/QF_BV/Sage2/bench_11581.smt2,12036.6,0,31631,成功
/pub/data/jiafq/iscas/Parser_Comparison/../benchmarks/part31/non-incremental/QF_BV/Sage2/bench_11582.smt2,961.615,0,8860,成功
/pub/data/jiafq/iscas/Parser_Comparison/../benchmarks/part31/non-incremental/QF_BV/Sage2/bench_11583.smt2,125.804,0,1373,成功
/pub/data/jiafq/iscas/Parser_Comparison/../benchmarks/part31/non-incremental/QF_BV/Sage2/bench_11584.smt2,500.873,0,3657,成功
/pub/data/jiafq/iscas/Parser_Comparison/../benchmarks/part31/non-incremental/QF_BV/Sage2/bench_11585.smt2,50.5509,0,755,成功
/pub/data/jiafq/iscas/Parser_Comparison/../benchmarks/part31/non-incremental/QF_BV/Sage2/bench_11586.smt2,3158.83,0,7309,成功
/pub/data/jiafq/iscas/Parser_Comparison/../benchmarks/part31/non-incremental/QF_BV/Sage2/bench_11587.smt2,63.5657,0,815,成功
/pub/data/jiafq/iscas/Parser_Comparison/../benchmarks/part31/non-incremental/QF_BV/Sage2/bench_11588.smt2,3353.51,0,13842,成功
/pub/data/jiafq/iscas/Parser_Comparison/../benchmarks/part31/non-incremental/QF_BV/Sage2/bench_11589.smt2,13947.3,0,73929,成功
/pub/data/jiafq/iscas/Parser_Comparison/../benchmarks/part31/non-incremental/QF_BV/Sage2/bench_11591.smt2,12826.4,0,27439,成功
/pub/data/jiafq/iscas/Parser_Comparison/../benchmarks/part31/non-incremental/QF_BV/Sage2/bench_11592.smt2,59203.2,0,121043,成功
/pub/data/jiafq/iscas/Parser_Comparison/../benchmarks/part31/non-incremental/QF_BV/Sage2/bench_11593.smt2,112.642,0,1946,成功
/pub/data/jiafq/iscas/Parser_Comparison/../benchmarks/part31/non-incremental/QF_BV/Sage2/bench_11594.smt2,1771.99,0,19450,成功
/pub/data/jiafq/iscas/Parser_Comparison/../benchmarks/part31/non-incremental/QF_BV/Sage2/bench_11596.smt2,390.03,0,3428,成功
/pub/data/jiafq/iscas/Parser_Comparison/../benchmarks/part31/non-incremental/QF_BV/Sage2/bench_11597.smt2,334.216,0,12443,成功
/pub/data/jiafq/iscas/Parser_Comparison/../benchmarks/part31/non-incremental/QF_BV/Sage2/bench_1160.smt2,0,0,0,失败
/pub/data/jiafq/iscas/Parser_Comparison/../benchmarks/part31/non-incremental/QF_BV/Sage2/bench_11600.smt2,49252.9,0,87263,成功
/pub/data/jiafq/iscas/Parser_Comparison/../benchmarks/part31/non-incremental/QF_BV/Sage2/bench_11604.smt2,316.955,0,2645,成功
/pub/data/jiafq/iscas/Parser_Comparison/../benchmarks/part31/non-incremental/QF_BV/Sage2/bench_11606.smt2,187.51,0,1782,成功
/pub/data/jiafq/iscas/Parser_Comparison/../benchmarks/part31/non-incremental/QF_BV/Sage2/bench_11610.smt2,303.478,0,2480,成功
/pub/data/jiafq/iscas/Parser_Comparison/../benchmarks/part31/non-incremental/QF_BV/Sage2/bench_11612.smt2,123.315,0,1358,成功
/pub/data/jiafq/iscas/Parser_Comparison/../benchmarks/part31/non-incremental/QF_BV/Sage2/bench_11616.smt2,508.9,0,3738,成功
/pub/data/jiafq/iscas/Parser_Comparison/../benchmarks/part31/non-incremental/QF_BV/Sage2/bench_11618.smt2,89.6963,0,2012,成功
/pub/data/jiafq/iscas/Parser_Comparison/../benchmarks/part31/non-incremental/QF_BV/Sage2/bench_11620.smt2,118.717,0,1358,成功
/pub/data/jiafq/iscas/Parser_Comparison/../benchmarks/part31/non-incremental/QF_BV/Sage2/bench_11622.smt2,0,0,0,失败
/pub/data/jiafq/iscas/Parser_Comparison/../benchmarks/part31/non-incremental/QF_BV/Sage2/bench_11627.smt2,522.265,0,3693,成功
/pub/data/jiafq/iscas/Parser_Comparison/../benchmarks/part31/non-incremental/QF_BV/Sage2/bench_11630.smt2,180.562,0,1782,成功
/pub/data/jiafq/iscas/Parser_Comparison/../benchmarks/part31/non-incremental/QF_BV/Sage2/bench_11633.smt2,71.6983,0,2484,成功
/pub/data/jiafq/iscas/Parser_Comparison/../benchmarks/part31/non-incremental/QF_BV/Sage2/bench_11634.smt2,91.0438,0,3295,成功
/pub/data/jiafq/iscas/Parser_Comparison/../benchmarks/part31/non-incremental/QF_BV/Sage2/bench_11638.smt2,58901.4,0,120728,成功
/pub/data/jiafq/iscas/Parser_Comparison/../benchmarks/part31/non-incremental/QF_BV/Sage2/bench_1164.smt2,20.2845,0,643,成功
/pub/data/jiafq/iscas/Parser_Comparison/../benchmarks/part31/non-incremental/QF_BV/Sage2/bench_11643.smt2,0,0,0,失败
/pub/data/jiafq/iscas/Parser_Comparison/../benchmarks/part31/non-incremental/QF_BV/Sage2/bench_11644.smt2,158.052,0,2854,成功
/pub/data/jiafq/iscas/Parser_Comparison/../benchmarks/part31/non-incremental/QF_BV/Sage2/bench_11645.smt2,8624.05,0,64840,成功
/pub/data/jiafq/iscas/Parser_Comparison/../benchmarks/part31/non-incremental/QF_BV/Sage2/bench_11646.smt2,9341.28,0,82531,成功
/pub/data/jiafq/iscas/Parser_Comparison/../benchmarks/part31/non-incremental/QF_BV/Sage2/bench_11647.smt2,39795.7,0,45732,成功
/pub/data/jiafq/iscas/Parser_Comparison/../benchmarks/part31/non-incremental/QF_BV/Sage2/bench_11648.smt2,287.126,0,3431,成功
/pub/data/jiafq/iscas/Parser_Comparison/../benchmarks/part31/non-incremental/QF_BV/Sage2/bench_11650.smt2,1604.83,0,14489,成功
/pub/data/jiafq/iscas/Parser_Comparison/../benchmarks/part31/non-incremental/QF_BV/Sage2/bench_11651.smt2,89.2759,0,1076,成功
/pub/data/jiafq/iscas/Parser_Comparison/../benchmarks/part31/non-incremental/QF_BV/Sage2/bench_11652.smt2,7385.13,0,70205,成功
/pub/data/jiafq/iscas/Parser_Comparison/../benchmarks/part31/non-incremental/QF_BV/Sage2/bench_11653.smt2,8202.66,0,16910,成功
/pub/data/jiafq/iscas/Parser_Comparison/../benchmarks/part31/non-incremental/QF_BV/Sage2/bench_11654.smt2,805.112,0,9075,成功
/pub/data/jiafq/iscas/Parser_Comparison/../benchmarks/part31/non-incremental/QF_BV/Sage2/bench_11655.smt2,93.8062,0,3387,成功
/pub/data/jiafq/iscas/Parser_Comparison/../benchmarks/part31/non-incremental/QF_BV/Sage2/bench_11657.smt2,56.2547,0,815,成功
/pub/data/jiafq/iscas/Parser_Comparison/../benchmarks/part31/non-incremental/QF_BV/Sage2/bench_11658.smt2,1039.6,0,6925,成功
/pub/data/jiafq/iscas/Parser_Comparison/../benchmarks/part31/non-incremental/QF_BV/Sage2/bench_11659.smt2,4014.86,0,22154,成功
/pub/data/jiafq/iscas/Parser_Comparison/../benchmarks/part31/non-incremental/QF_BV/Sage2/bench_1166.smt2,40.1935,0,1118,成功
/pub/data/jiafq/iscas/Parser_Comparison/../benchmarks/part31/non-incremental/QF_BV/Sage2/bench_11660.smt2,176.925,0,1770,成功
/pub/data/jiafq/iscas/Parser_Comparison/../benchmarks/part31/non-incremental/QF_BV/Sage2/bench_11662.smt2,31205.2,0,100535,成功
/pub/data/jiafq/iscas/Parser_Comparison/../benchmarks/part31/non-incremental/QF_BV/Sage2/bench_11663.smt2,783.454,0,8025,成功
/pub/data/jiafq/iscas/Parser_Comparison/../benchmarks/part31/non-incremental/QF_BV/Sage2/bench_11666.smt2,15493,0,50633,成功
/pub/data/jiafq/iscas/Parser_Comparison/../benchmarks/part31/non-incremental/QF_BV/Sage2/bench_11667.smt2,12026.8,0,28695,成功
/pub/data/jiafq/iscas/Parser_Comparison/../benchmarks/part31/non-incremental/QF_BV/Sage2/bench_11668.smt2,41.8008,0,1443,成功
/pub/data/jiafq/iscas/Parser_Comparison/../benchmarks/part31/non-incremental/QF_BV/Sage2/bench_11670.smt2,323.983,0,8025,成功
/pub/data/jiafq/iscas/Parser_Comparison/../benchmarks/part31/non-incremental/QF_BV/Sage2/bench_11671.smt2,95.1921,0,3309,成功
/pub/data/jiafq/iscas/Parser_Comparison/../benchmarks/part31/non-incremental/QF_BV/Sage2/bench_11672.smt2,727.789,0,7426,成功
/pub/data/jiafq/iscas/Parser_Comparison/../benchmarks/part31/non-incremental/QF_BV/Sage2/bench_11676.smt2,11.6017,0,197,成功
/pub/data/jiafq/iscas/Parser_Comparison/../benchmarks/part31/non-incremental/QF_BV/Sage2/bench_11677.smt2,165.523,0,2070,成功
/pub/data/jiafq/iscas/Parser_Comparison/../benchmarks/part31/non-incremental/QF_BV/Sage2/bench_1168.smt2,70.1035,0,2573,成功
/pub/data/jiafq/iscas/Parser_Comparison/../benchmarks/part31/non-incremental/QF_BV/Sage2/bench_11680.smt2,2602.68,0,6988,成功
/pub/data/jiafq/iscas/Parser_Comparison/../benchmarks/part31/non-incremental/QF_BV/Sage2/bench_11685.smt2,5131.46,0,39453,成功
/pub/data/jiafq/iscas/Parser_Comparison/../benchmarks/part31/non-incremental/QF_BV/Sage2/bench_11686.smt2,10920.2,0,47080,成功
/pub/data/jiafq/iscas/Parser_Comparison/../benchmarks/part31/non-incremental/QF_BV/Sage2/bench_11692.smt2,60.0619,0,2004,成功
/pub/data/jiafq/iscas/Parser_Comparison/../benchmarks/part31/non-incremental/QF_BV/Sage2/bench_11694.smt2,79.6828,0,2748,成功
/pub/data/jiafq/iscas/Parser_Comparison/../benchmarks/part31/non-incremental/QF_BV/Sage2/bench_11696.smt2,3737.15,0,15445,成功
/pub/data/jiafq/iscas/Parser_Comparison/../benchmarks/part31/non-incremental/QF_BV/Sage2/bench_11697.smt2,7831.47,0,92684,成功
/pub/data/jiafq/iscas/Parser_Comparison/../benchmarks/part31/non-incremental/QF_BV/Sage2/bench_117.smt2,0,0,0,失败
/pub/data/jiafq/iscas/Parser_Comparison/../benchmarks/part31/non-incremental/QF_BV/Sage2/bench_1170.smt2,13.2617,0,154,成功
/pub/data/jiafq/iscas/Parser_Comparison/../benchmarks/part31/non-incremental/QF_BV/Sage2/bench_11701.smt2,7502.53,0,72135,成功
/pub/data/jiafq/iscas/Parser_Comparison/../benchmarks/part31/non-incremental/QF_BV/Sage2/bench_11703.smt2,7054.31,0,44382,成功
/pub/data/jiafq/iscas/Parser_Comparison/../benchmarks/part31/non-incremental/QF_BV/Sage2/bench_11708.smt2,320.48,0,7179,成功
/pub/data/jiafq/iscas/Parser_Comparison/../benchmarks/part31/non-incremental/QF_BV/Sage2/bench_1171.smt2,26.7681,0,776,成功
/pub/data/jiafq/iscas/Parser_Comparison/../benchmarks/part31/non-incremental/QF_BV/Sage2/bench_11714.smt2,217.505,0,6926,成功
/pub/data/jiafq/iscas/Parser_Comparison/../benchmarks/part31/non-incremental/QF_BV/Sage2/bench_11715.smt2,4175.89,0,22530,成功
/pub/data/jiafq/iscas/Parser_Comparison/../benchmarks/part31/non-incremental/QF_BV/Sage2/bench_11717.smt2,63.4985,0,1312,成功
/pub/data/jiafq/iscas/Parser_Comparison/../benchmarks/part31/non-incremental/QF_BV/Sage2/bench_11719.smt2,68.9546,0,1587,成功
/pub/data/jiafq/iscas/Parser_Comparison/../benchmarks/part31/non-incremental/QF_BV/Sage2/bench_11722.smt2,27414.7,0,38385,成功
/pub/data/jiafq/iscas/Parser_Comparison/../benchmarks/part31/non-incremental/QF_BV/Sage2/bench_11724.smt2,625.82,0,6587,成功
/pub/data/jiafq/iscas/Parser_Comparison/../benchmarks/part31/non-incremental/QF_BV/Sage2/bench_11725.smt2,38.9858,0,590,成功
/pub/data/jiafq/iscas/Parser_Comparison/../benchmarks/part31/non-incremental/QF_BV/Sage2/bench_1173.smt2,35.9831,0,1083,成功
/pub/data/jiafq/iscas/Parser_Comparison/../benchmarks/part31/non-incremental/QF_BV/Sage2/bench_11732.smt2,21842.7,0,56085,成功
/pub/data/jiafq/iscas/Parser_Comparison/../benchmarks/part31/non-incremental/QF_BV/Sage2/bench_11736.smt2,17.5181,0,625,成功
/pub/data/jiafq/iscas/Parser_Comparison/../benchmarks/part31/non-incremental/QF_BV/Sage2/bench_11738.smt2,150.872,0,2897,成功
/pub/data/jiafq/iscas/Parser_Comparison/../benchmarks/part31/non-incremental/QF_BV/Sage2/bench_11740.smt2,12817.4,0,33947,成功
/pub/data/jiafq/iscas/Parser_Comparison/../benchmarks/part31/non-incremental/QF_BV/Sage2/bench_11744.smt2,26513.2,0,61223,成功
/pub/data/jiafq/iscas/Parser_Comparison/../benchmarks/part31/non-incremental/QF_BV/Sage2/bench_11746.smt2,490.603,0,3957,成功
/pub/data/jiafq/iscas/Parser_Comparison/../benchmarks/part31/non-incremental/QF_BV/Sage2/bench_11751.smt2,0,0,0,失败
/pub/data/jiafq/iscas/Parser_Comparison/../benchmarks/part31/non-incremental/QF_BV/Sage2/bench_11753.smt2,0,0,0,失败
/pub/data/jiafq/iscas/Parser_Comparison/../benchmarks/part31/non-incremental/QF_BV/Sage2/bench_11754.smt2,2534.5,0,24265,成功
/pub/data/jiafq/iscas/Parser_Comparison/../benchmarks/part31/non-incremental/QF_BV/Sage2/bench_11755.smt2,6372.33,0,27611,成功
/pub/data/jiafq/iscas/Parser_Comparison/../benchmarks/part31/non-incremental/QF_BV/Sage2/bench_11756.smt2,137.972,0,2013,成功
/pub/data/jiafq/iscas/Parser_Comparison/../benchmarks/part31/non-incremental/QF_BV/Sage2/bench_11758.smt2,959.208,0,4676,成功
/pub/data/jiafq/iscas/Parser_Comparison/../benchmarks/part31/non-incremental/QF_BV/Sage2/bench_11760.smt2,2373.47,0,24704,成功
/pub/data/jiafq/iscas/Parser_Comparison/../benchmarks/part31/non-incremental/QF_BV/Sage2/bench_11762.smt2,2690.05,0,8854,成功
/pub/data/jiafq/iscas/Parser_Comparison/../benchmarks/part31/non-incremental/QF_BV/Sage2/bench_11764.smt2,9783.59,0,37671,成功
/pub/data/jiafq/iscas/Parser_Comparison/../benchmarks/part31/non-incremental/QF_BV/Sage2/bench_11769.smt2,124.496,0,5403,成功
/pub/data/jiafq/iscas/Parser_Comparison/../benchmarks/part31/non-incremental/QF_BV/Sage2/bench_1177.smt2,33.3701,0,944,成功
/pub/data/jiafq/iscas/Parser_Comparison/../benchmarks/part31/non-incremental/QF_BV/Sage2/bench_11773.smt2,0,0,0,失败
/pub/data/jiafq/iscas/Parser_Comparison/../benchmarks/part31/non-incremental/QF_BV/Sage2/bench_11775.smt2,1264.08,0,15135,成功
/pub/data/jiafq/iscas/Parser_Comparison/../benchmarks/part31/non-incremental/QF_BV/Sage2/bench_11777.smt2,2164.85,0,20550,成功
/pub/data/jiafq/iscas/Parser_Comparison/../benchmarks/part31/non-incremental/QF_BV/Sage2/bench_11779.smt2,71.5002,0,815,成功
/pub/data/jiafq/iscas/Parser_Comparison/../benchmarks/part31/non-incremental/QF_BV/Sage2/bench_11781.smt2,92.7316,0,1076,成功
/pub/data/jiafq/iscas/Parser_Comparison/../benchmarks/part31/non-incremental/QF_BV/Sage2/bench_11782.smt2,84.5857,0,1076,成功
/pub/data/jiafq/iscas/Parser_Comparison/../benchmarks/part31/non-incremental/QF_BV/Sage2/bench_11783.smt2,27585.4,0,38635,成功
/pub/data/jiafq/iscas/Parser_Comparison/../benchmarks/part31/non-incremental/QF_BV/Sage2/bench_11786.smt2,657.028,0,6587,成功
/pub/data/jiafq/iscas/Parser_Comparison/../benchmarks/part31/non-incremental/QF_BV/Sage2/bench_11788.smt2,304.841,0,3596,成功
/pub/data/jiafq/iscas/Parser_Comparison/../benchmarks/part31/non-incremental/QF_BV/Sage2/bench_11790.smt2,7459.78,0,70205,成功
/pub/data/jiafq/iscas/Parser_Comparison/../benchmarks/part31/non-incremental/QF_BV/Sage2/bench_11792.smt2,350.177,0,9392,成功
/pub/data/jiafq/iscas/Parser_Comparison/../benchmarks/part31/non-incremental/QF_BV/Sage2/bench_11793.smt2,90.1666,0,3387,成功
/pub/data/jiafq/iscas/Parser_Comparison/../benchmarks/part31/non-incremental/QF_BV/Sage2/bench_11794.smt2,7801.74,0,72135,成功
/pub/data/jiafq/iscas/Parser_Comparison/../benchmarks/part31/non-incremental/QF_BV/Sage2/bench_11796.smt2,128.31,0,1369,成功
/pub/data/jiafq/iscas/Parser_Comparison/../benchmarks/part31/non-incremental/QF_BV/Sage2/bench_11799.smt2,221.689,0,3434,成功
/pub/data/jiafq/iscas/Parser_Comparison/../benchmarks/part31/non-incremental/QF_BV/Sage2/bench_1180.smt2,36.0268,0,1123,成功
/pub/data/jiafq/iscas/Parser_Comparison/../benchmarks/part31/non-incremental/QF_BV/Sage2/bench_11801.smt2,980.6,0,12005,成功
/pub/data/jiafq/iscas/Parser_Comparison/../benchmarks/part31/non-incremental/QF_BV/Sage2/bench_11802.smt2,8767.73,0,97587,成功
/pub/data/jiafq/iscas/Parser_Comparison/../benchmarks/part31/non-incremental/QF_BV/Sage2/bench_11803.smt2,23883.7,0,129633,成功
/pub/data/jiafq/iscas/Parser_Comparison/../benchmarks/part31/non-incremental/QF_BV/Sage2/bench_11804.smt2,0,0,0,失败
/pub/data/jiafq/iscas/Parser_Comparison/../benchmarks/part31/non-incremental/QF_BV/Sage2/bench_11807.smt2,8888.98,0,64889,成功
/pub/data/jiafq/iscas/Parser_Comparison/../benchmarks/part31/non-incremental/QF_BV/Sage2/bench_11809.smt2,3911.57,0,22154,成功
/pub/data/jiafq/iscas/Parser_Comparison/../benchmarks/part31/non-incremental/QF_BV/Sage2/bench_11811.smt2,87.7239,0,3617,成功
/pub/data/jiafq/iscas/Parser_Comparison/../benchmarks/part31/non-incremental/QF_BV/Sage2/bench_11812.smt2,123.41,0,1355,成功
/pub/data/jiafq/iscas/Parser_Comparison/../benchmarks/part31/non-incremental/QF_BV/Sage2/bench_11814.smt2,119.954,0,1369,成功
/pub/data/jiafq/iscas/Parser_Comparison/../benchmarks/part31/non-incremental/QF_BV/Sage2/bench_11815.smt2,3951.1,0,22900,成功
/pub/data/jiafq/iscas/Parser_Comparison/../benchmarks/part31/non-incremental/QF_BV/Sage2/bench_11816.smt2,244.519,0,5242,成功
/pub/data/jiafq/iscas/Parser_Comparison/../benchmarks/part31/non-incremental/QF_BV/Sage2/bench_11818.smt2,7294.76,0,44312,成功
/pub/data/jiafq/iscas/Parser_Comparison/../benchmarks/part31/non-incremental/QF_BV/Sage2/bench_1182.smt2,35.0031,0,959,成功
/pub/data/jiafq/iscas/Parser_Comparison/../benchmarks/part31/non-incremental/QF_BV/Sage2/bench_11820.smt2,306.331,0,5566,成功
/pub/data/jiafq/iscas/Parser_Comparison/../benchmarks/part31/non-incremental/QF_BV/Sage2/bench_11821.smt2,7821.74,0,53889,成功
/pub/data/jiafq/iscas/Parser_Comparison/../benchmarks/part31/non-incremental/QF_BV/Sage2/bench_11822.smt2,1581.02,0,14114,成功
/pub/data/jiafq/iscas/Parser_Comparison/../benchmarks/part31/non-incremental/QF_BV/Sage2/bench_11823.smt2,6611.95,0,29248,成功
/pub/data/jiafq/iscas/Parser_Comparison/../benchmarks/part31/non-incremental/QF_BV/Sage2/bench_11826.smt2,16.2318,0,277,成功
/pub/data/jiafq/iscas/Parser_Comparison/../benchmarks/part31/non-incremental/QF_BV/Sage2/bench_11827.smt2,3999.82,0,22150,成功
/pub/data/jiafq/iscas/Parser_Comparison/../benchmarks/part31/non-incremental/QF_BV/Sage2/bench_11828.smt2,136.756,0,3291,成功
/pub/data/jiafq/iscas/Parser_Comparison/../benchmarks/part31/non-incremental/QF_BV/Sage2/bench_11829.smt2,11957.1,0,112768,成功
/pub/data/jiafq/iscas/Parser_Comparison/../benchmarks/part31/non-incremental/QF_BV/Sage2/bench_11830.smt2,58117.4,0,120782,成功
/pub/data/jiafq/iscas/Parser_Comparison/../benchmarks/part31/non-incremental/QF_BV/Sage2/bench_11831.smt2,95.4084,0,3295,成功
/pub/data/jiafq/iscas/Parser_Comparison/../benchmarks/part31/non-incremental/QF_BV/Sage2/bench_11832.smt2,7571.48,0,71749,成功
/pub/data/jiafq/iscas/Parser_Comparison/../benchmarks/part31/non-incremental/QF_BV/Sage2/bench_11833.smt2,13062.4,0,90030,成功
/pub/data/jiafq/iscas/Parser_Comparison/../benchmarks/part31/non-incremental/QF_BV/Sage2/bench_11834.smt2,10569.4,0,48217,成功
/pub/data/jiafq/iscas/Parser_Comparison/../benchmarks/part31/non-incremental/QF_BV/Sage2/bench_11835.smt2,183.079,0,1779,成功
/pub/data/jiafq/iscas/Parser_Comparison/../benchmarks/part31/non-incremental/QF_BV/Sage2/bench_11838.smt2,683.06,0,3562,成功
/pub/data/jiafq/iscas/Parser_Comparison/../benchmarks/part31/non-incremental/QF_BV/Sage2/bench_11839.smt2,165.99,0,3659,成功
/pub/data/jiafq/iscas/Parser_Comparison/../benchmarks/part31/non-incremental/QF_BV/Sage2/bench_1184.smt2,38.9489,0,1133,成功
/pub/data/jiafq/iscas/Parser_Comparison/../benchmarks/part31/non-incremental/QF_BV/Sage2/bench_11840.smt2,2281.25,0,20791,成功
/pub/data/jiafq/iscas/Parser_Comparison/../benchmarks/part31/non-incremental/QF_BV/Sage2/bench_11842.smt2,619,0,3777,成功
/pub/data/jiafq/iscas/Parser_Comparison/../benchmarks/part31/non-incremental/QF_BV/Sage2/bench_11843.smt2,184.672,0,3133,成功
/pub/data/jiafq/iscas/Parser_Comparison/../benchmarks/part31/non-incremental/QF_BV/Sage2/bench_11845.smt2,2343.61,0,27976,成功
/pub/data/jiafq/iscas/Parser_Comparison/../benchmarks/part31/non-incremental/QF_BV/Sage2/bench_11846.smt2,2696.63,0,7001,成功
/pub/data/jiafq/iscas/Parser_Comparison/../benchmarks/part31/non-incremental/QF_BV/Sage2/bench_11854.smt2,5422.14,0,16578,成功
/pub/data/jiafq/iscas/Parser_Comparison/../benchmarks/part31/non-incremental/QF_BV/Sage2/bench_1186.smt2,31.0567,0,915,成功
/pub/data/jiafq/iscas/Parser_Comparison/../benchmarks/part31/non-incremental/QF_BV/Sage2/bench_11865.smt2,3896.11,0,22154,成功
/pub/data/jiafq/iscas/Parser_Comparison/../benchmarks/part31/non-incremental/QF_BV/Sage2/bench_11874.smt2,26701.5,0,36103,成功
/pub/data/jiafq/iscas/Parser_Comparison/../benchmarks/part31/non-incremental/QF_BV/Sage2/bench_11878.smt2,0,0,0,失败
/pub/data/jiafq/iscas/Parser_Comparison/../benchmarks/part31/non-incremental/QF_BV/Sage2/bench_1188.smt2,37.1593,0,1029,成功
/pub/data/jiafq/iscas/Parser_Comparison/../benchmarks/part31/non-incremental/QF_BV/Sage2/bench_11880.smt2,725.979,0,7408,成功
/pub/data/jiafq/iscas/Parser_Comparison/../benchmarks/part31/non-incremental/QF_BV/Sage2/bench_11885.smt2,334.284,0,4175,成功
/pub/data/jiafq/iscas/Parser_Comparison/../benchmarks/part31/non-incremental/QF_BV/Sage2/bench_11887.smt2,1100.67,0,7169,成功
/pub/data/jiafq/iscas/Parser_Comparison/../benchmarks/part31/non-incremental/QF_BV/Sage2/bench_11889.smt2,523.465,0,3734,成功
/pub/data/jiafq/iscas/Parser_Comparison/../benchmarks/part31/non-incremental/QF_BV/Sage2/bench_11891.smt2,80.3622,0,1003,成功
/pub/data/jiafq/iscas/Parser_Comparison/../benchmarks/part31/non-incremental/QF_BV/Sage2/bench_11895.smt2,90.4206,0,3381,成功
/pub/data/jiafq/iscas/Parser_Comparison/../benchmarks/part31/non-incremental/QF_BV/Sage2/bench_11897.smt2,52.85,0,755,成功
/pub/data/jiafq/iscas/Parser_Comparison/../benchmarks/part31/non-incremental/QF_BV/Sage2/bench_119.smt2,59006.1,0,120453,成功
/pub/data/jiafq/iscas/Parser_Comparison/../benchmarks/part31/non-incremental/QF_BV/Sage2/bench_11900.smt2,138.336,0,3247,成功
/pub/data/jiafq/iscas/Parser_Comparison/../benchmarks/part31/non-incremental/QF_BV/Sage2/bench_11903.smt2,4855.83,0,25113,成功
/pub/data/jiafq/iscas/Parser_Comparison/../benchmarks/part31/non-incremental/QF_BV/Sage2/bench_11905.smt2,0,0,0,失败
/pub/data/jiafq/iscas/Parser_Comparison/../benchmarks/part31/non-incremental/QF_BV/Sage2/bench_11907.smt2,2608.98,0,24144,成功
/pub/data/jiafq/iscas/Parser_Comparison/../benchmarks/part31/non-incremental/QF_BV/Sage2/bench_11911.smt2,12217.8,0,111686,成功
/pub/data/jiafq/iscas/Parser_Comparison/../benchmarks/part31/non-incremental/QF_BV/Sage2/bench_11913.smt2,786.203,0,13336,成功
/pub/data/jiafq/iscas/Parser_Comparison/../benchmarks/part31/non-incremental/QF_BV/Sage2/bench_11915.smt2,5474.17,0,32440,成功
/pub/data/jiafq/iscas/Parser_Comparison/../benchmarks/part31/non-incremental/QF_BV/Sage2/bench_1192.smt2,27.3669,0,850,成功
/pub/data/jiafq/iscas/Parser_Comparison/../benchmarks/part31/non-incremental/QF_BV/Sage2/bench_11923.smt2,356.294,0,5699,成功
/pub/data/jiafq/iscas/Parser_Comparison/../benchmarks/part31/non-incremental/QF_BV/Sage2/bench_11925.smt2,2541.29,0,24261,成功
/pub/data/jiafq/iscas/Parser_Comparison/../benchmarks/part31/non-incremental/QF_BV/Sage2/bench_11928.smt2,2094.33,0,26759,成功
/pub/data/jiafq/iscas/Parser_Comparison/../benchmarks/part31/non-incremental/QF_BV/Sage2/bench_11930.smt2,1973.56,0,12084,成功
/pub/data/jiafq/iscas/Parser_Comparison/../benchmarks/part31/non-incremental/QF_BV/Sage2/bench_11931.smt2,3382.28,0,13842,成功
/pub/data/jiafq/iscas/Parser_Comparison/../benchmarks/part31/non-incremental/QF_BV/Sage2/bench_11932.smt2,949.209,0,4564,成功
/pub/data/jiafq/iscas/Parser_Comparison/../benchmarks/part31/non-incremental/QF_BV/Sage2/bench_11935.smt2,1563.93,0,9902,成功
/pub/data/jiafq/iscas/Parser_Comparison/../benchmarks/part31/non-incremental/QF_BV/Sage2/bench_11936.smt2,43678.8,0,52695,成功
/pub/data/jiafq/iscas/Parser_Comparison/../benchmarks/part31/non-incremental/QF_BV/Sage2/bench_11937.smt2,73.0076,0,1612,成功
/pub/data/jiafq/iscas/Parser_Comparison/../benchmarks/part31/non-incremental/QF_BV/Sage2/bench_11938.smt2,173.08,0,1782,成功
/pub/data/jiafq/iscas/Parser_Comparison/../benchmarks/part31/non-incremental/QF_BV/Sage2/bench_11939.smt2,7800.96,0,96147,成功
/pub/data/jiafq/iscas/Parser_Comparison/../benchmarks/part31/non-incremental/QF_BV/Sage2/bench_1194.smt2,36.3801,0,1010,成功
/pub/data/jiafq/iscas/Parser_Comparison/../benchmarks/part31/non-incremental/QF_BV/Sage2/bench_11940.smt2,3603.77,0,7436,成功
/pub/data/jiafq/iscas/Parser_Comparison/../benchmarks/part31/non-incremental/QF_BV/Sage2/bench_11943.smt2,3885.74,0,22154,成功
/pub/data/jiafq/iscas/Parser_Comparison/../benchmarks/part31/non-incremental/QF_BV/Sage2/bench_11945.smt2,3934.87,0,22154,成功
/pub/data/jiafq/iscas/Parser_Comparison/../benchmarks/part31/non-incremental/QF_BV/Sage2/bench_11946.smt2,3745.86,0,15364,成功
/pub/data/jiafq/iscas/Parser_Comparison/../benchmarks/part31/non-incremental/QF_BV/Sage2/bench_11949.smt2,108.15,0,1946,成功
/pub/data/jiafq/iscas/Parser_Comparison/../benchmarks/part31/non-incremental/QF_BV/Sage2/bench_11951.smt2,178.154,0,1782,成功
/pub/data/jiafq/iscas/Parser_Comparison/../benchmarks/part31/non-incremental/QF_BV/Sage2/bench_11952.smt2,1294.35,0,13561,成功
/pub/data/jiafq/iscas/Parser_Comparison/../benchmarks/part31/non-incremental/QF_BV/Sage2/bench_11954.smt2,58088.4,0,120380,成功
/pub/data/jiafq/iscas/Parser_Comparison/../benchmarks/part31/non-incremental/QF_BV/Sage2/bench_11955.smt2,182.699,0,1793,成功
/pub/data/jiafq/iscas/Parser_Comparison/../benchmarks/part31/non-incremental/QF_BV/Sage2/bench_11956.smt2,2484.88,0,24106,成功
/pub/data/jiafq/iscas/Parser_Comparison/../benchmarks/part31/non-incremental/QF_BV/Sage2/bench_11957.smt2,12638.5,0,31775,成功
/pub/data/jiafq/iscas/Parser_Comparison/../benchmarks/part31/non-incremental/QF_BV/Sage2/bench_11958.smt2,31779.4,0,74037,成功
/pub/data/jiafq/iscas/Parser_Comparison/../benchmarks/part31/non-incremental/QF_BV/Sage2/bench_11959.smt2,1354.4,0,16305,成功
/pub/data/jiafq/iscas/Parser_Comparison/../benchmarks/part31/non-incremental/QF_BV/Sage2/bench_1196.smt2,26.6967,0,925,成功
/pub/data/jiafq/iscas/Parser_Comparison/../benchmarks/part31/non-incremental/QF_BV/Sage2/bench_11960.smt2,3869.08,0,22154,成功
/pub/data/jiafq/iscas/Parser_Comparison/../benchmarks/part31/non-incremental/QF_BV/Sage2/bench_11963.smt2,1512.13,0,13613,成功
/pub/data/jiafq/iscas/Parser_Comparison/../benchmarks/part31/non-incremental/QF_BV/Sage2/bench_11964.smt2,122.361,0,1354,成功
/pub/data/jiafq/iscas/Parser_Comparison/../benchmarks/part31/non-incremental/QF_BV/Sage2/bench_11965.smt2,7415.97,0,70205,成功
/pub/data/jiafq/iscas/Parser_Comparison/../benchmarks/part31/non-incremental/QF_BV/Sage2/bench_11966.smt2,7473.17,0,69819,成功
/pub/data/jiafq/iscas/Parser_Comparison/../benchmarks/part31/non-incremental/QF_BV/Sage2/bench_11968.smt2,14355,0,50315,成功
/pub/data/jiafq/iscas/Parser_Comparison/../benchmarks/part31/non-incremental/QF_BV/Sage2/bench_11969.smt2,8004.94,0,93014,成功
/pub/data/jiafq/iscas/Parser_Comparison/../benchmarks/part31/non-incremental/QF_BV/Sage2/bench_11970.smt2,204.636,0,8766,成功
/pub/data/jiafq/iscas/Parser_Comparison/../benchmarks/part31/non-incremental/QF_BV/Sage2/bench_11971.smt2,19.8305,0,893,成功
/pub/data/jiafq/iscas/Parser_Comparison/../benchmarks/part31/non-incremental/QF_BV/Sage2/bench_11972.smt2,181.121,0,1789,成功
/pub/data/jiafq/iscas/Parser_Comparison/../benchmarks/part31/non-incremental/QF_BV/Sage2/bench_11973.smt2,46.7896,0,1044,成功
/pub/data/jiafq/iscas/Parser_Comparison/../benchmarks/part31/non-incremental/QF_BV/Sage2/bench_11974.smt2,32.8017,0,827,成功
/pub/data/jiafq/iscas/Parser_Comparison/../benchmarks/part31/non-incremental/QF_BV/Sage2/bench_11979.smt2,598.888,0,6503,成功
/pub/data/jiafq/iscas/Parser_Comparison/../benchmarks/part31/non-incremental/QF_BV/Sage2/bench_1198.smt2,31.619,0,995,成功
/pub/data/jiafq/iscas/Parser_Comparison/../benchmarks/part31/non-incremental/QF_BV/Sage2/bench_11981.smt2,1083.87,0,6579,成功
/pub/data/jiafq/iscas/Parser_Comparison/../benchmarks/part31/non-incremental/QF_BV/Sage2/bench_11983.smt2,12.8894,0,272,成功
/pub/data/jiafq/iscas/Parser_Comparison/../benchmarks/part31/non-incremental/QF_BV/Sage2/bench_11984.smt2,8777.53,0,64840,成功
/pub/data/jiafq/iscas/Parser_Comparison/../benchmarks/part31/non-incremental/QF_BV/Sage2/bench_11985.smt2,37.4162,0,1074,成功
/pub/data/jiafq/iscas/Parser_Comparison/../benchmarks/part31/non-incremental/QF_BV/Sage2/bench_11986.smt2,3002.24,0,27371,成功
/pub/data/jiafq/iscas/Parser_Comparison/../benchmarks/part31/non-incremental/QF_BV/Sage2/bench_11987.smt2,171.646,0,3659,成功
/pub/data/jiafq/iscas/Parser_Comparison/../benchmarks/part31/non-incremental/QF_BV/Sage2/bench_11989.smt2,261.932,0,4653,成功
/pub/data/jiafq/iscas/Parser_Comparison/../benchmarks/part31/non-incremental/QF_BV/Sage2/bench_11993.smt2,3886.15,0,22154,成功
/pub/data/jiafq/iscas/Parser_Comparison/../benchmarks/part31/non-incremental/QF_BV/Sage2/bench_11994.smt2,3857.31,0,22154,成功
/pub/data/jiafq/iscas/Parser_Comparison/../benchmarks/part31/non-incremental/QF_BV/Sage2/bench_11995.smt2,298.448,0,6198,成功
/pub/data/jiafq/iscas/Parser_Comparison/../benchmarks/part31/non-incremental/QF_BV/Sage2/bench_11997.smt2,2051.84,0,27300,成功
/pub/data/jiafq/iscas/Parser_Comparison/../benchmarks/part31/non-incremental/QF_BV/Sage2/bench_12.smt2,0,0,0,失败
/pub/data/jiafq/iscas/Parser_Comparison/../benchmarks/part31/non-incremental/QF_BV/Sage2/bench_1200.smt2,41.2775,0,1158,成功
/pub/data/jiafq/iscas/Parser_Comparison/../benchmarks/part31/non-incremental/QF_BV/Sage2/bench_12005.smt2,2021.65,0,26444,成功
/pub/data/jiafq/iscas/Parser_Comparison/../benchmarks/part31/non-incremental/QF_BV/Sage2/bench_12006.smt2,1933.39,0,21226,成功
/pub/data/jiafq/iscas/Parser_Comparison/../benchmarks/part31/non-incremental/QF_BV/Sage2/bench_12018.smt2,169.556,0,3745,成功
/pub/data/jiafq/iscas/Parser_Comparison/../benchmarks/part31/non-incremental/QF_BV/Sage2/bench_12019.smt2,161.476,0,2070,成功
/pub/data/jiafq/iscas/Parser_Comparison/../benchmarks/part31/non-incremental/QF_BV/Sage2/bench_1202.smt2,52.3395,0,2243,成功
/pub/data/jiafq/iscas/Parser_Comparison/../benchmarks/part31/non-incremental/QF_BV/Sage2/bench_12020.smt2,11579.1,0,30945,成功
/pub/data/jiafq/iscas/Parser_Comparison/../benchmarks/part31/non-incremental/QF_BV/Sage2/bench_12025.smt2,132.482,0,5790,成功
/pub/data/jiafq/iscas/Parser_Comparison/../benchmarks/part31/non-incremental/QF_BV/Sage2/bench_12028.smt2,340.66,0,12476,成功
/pub/data/jiafq/iscas/Parser_Comparison/../benchmarks/part31/non-incremental/QF_BV/Sage2/bench_12030.smt2,11873.8,0,27780,成功
/pub/data/jiafq/iscas/Parser_Comparison/../benchmarks/part31/non-incremental/QF_BV/Sage2/bench_12031.smt2,9727.89,0,19058,成功
/pub/data/jiafq/iscas/Parser_Comparison/../benchmarks/part31/non-incremental/QF_BV/Sage2/bench_12032.smt2,217.032,0,7844,成功
/pub/data/jiafq/iscas/Parser_Comparison/../benchmarks/part31/non-incremental/QF_BV/Sage2/bench_12034.smt2,7819.36,0,96080,成功
/pub/data/jiafq/iscas/Parser_Comparison/../benchmarks/part31/non-incremental/QF_BV/Sage2/bench_12035.smt2,49446,0,104482,成功
/pub/data/jiafq/iscas/Parser_Comparison/../benchmarks/part31/non-incremental/QF_BV/Sage2/bench_12036.smt2,12978.2,0,89644,成功
/pub/data/jiafq/iscas/Parser_Comparison/../benchmarks/part31/non-incremental/QF_BV/Sage2/bench_1204.smt2,33.8916,0,1044,成功
/pub/data/jiafq/iscas/Parser_Comparison/../benchmarks/part31/non-incremental/QF_BV/Sage2/bench_12040.smt2,2641.06,0,8854,成功
/pub/data/jiafq/iscas/Parser_Comparison/../benchmarks/part31/non-incremental/QF_BV/Sage2/bench_12041.smt2,176.394,0,1789,成功
/pub/data/jiafq/iscas/Parser_Comparison/../benchmarks/part31/non-incremental/QF_BV/Sage2/bench_12044.smt2,81.4417,0,974,成功
/pub/data/jiafq/iscas/Parser_Comparison/../benchmarks/part31/non-incremental/QF_BV/Sage2/bench_12045.smt2,4036.58,0,11365,成功
/pub/data/jiafq/iscas/Parser_Comparison/../benchmarks/part31/non-incremental/QF_BV/Sage2/bench_12046.smt2,313.888,0,2946,成功
/pub/data/jiafq/iscas/Parser_Comparison/../benchmarks/part31/non-incremental/QF_BV/Sage2/bench_12048.smt2,3214.66,0,7282,成功
/pub/data/jiafq/iscas/Parser_Comparison/../benchmarks/part31/non-incremental/QF_BV/Sage2/bench_12050.smt2,2049.21,0,27280,成功
/pub/data/jiafq/iscas/Parser_Comparison/../benchmarks/part31/non-incremental/QF_BV/Sage2/bench_12052.smt2,335.083,0,2983,成功
/pub/data/jiafq/iscas/Parser_Comparison/../benchmarks/part31/non-incremental/QF_BV/Sage2/bench_12054.smt2,337.845,0,2983,成功
/pub/data/jiafq/iscas/Parser_Comparison/../benchmarks/part31/non-incremental/QF_BV/Sage2/bench_12055.smt2,3151.73,0,15400,成功
/pub/data/jiafq/iscas/Parser_Comparison/../benchmarks/part31/non-incremental/QF_BV/Sage2/bench_12057.smt2,764.605,0,27492,成功
/pub/data/jiafq/iscas/Parser_Comparison/../benchmarks/part31/non-incremental/QF_BV/Sage2/bench_12059.smt2,8.30524,0,236,成功
/pub/data/jiafq/iscas/Parser_Comparison/../benchmarks/part31/non-incremental/QF_BV/Sage2/bench_12061.smt2,7633.88,0,71942,成功
/pub/data/jiafq/iscas/Parser_Comparison/../benchmarks/part31/non-incremental/QF_BV/Sage2/bench_12063.smt2,4028.5,0,14504,成功
/pub/data/jiafq/iscas/Parser_Comparison/../benchmarks/part31/non-incremental/QF_BV/Sage2/bench_12065.smt2,338.528,0,2983,成功
/pub/data/jiafq/iscas/Parser_Comparison/../benchmarks/part31/non-incremental/QF_BV/Sage2/bench_12067.smt2,336.927,0,2983,成功
/pub/data/jiafq/iscas/Parser_Comparison/../benchmarks/part31/non-incremental/QF_BV/Sage2/bench_12069.smt2,564.905,0,3347,成功
/pub/data/jiafq/iscas/Parser_Comparison/../benchmarks/part31/non-incremental/QF_BV/Sage2/bench_12070.smt2,1810.06,0,6380,成功
/pub/data/jiafq/iscas/Parser_Comparison/../benchmarks/part31/non-incremental/QF_BV/Sage2/bench_1208.smt2,34.1136,0,1059,成功
/pub/data/jiafq/iscas/Parser_Comparison/../benchmarks/part31/non-incremental/QF_BV/Sage2/bench_12085.smt2,120.015,0,1369,成功
/pub/data/jiafq/iscas/Parser_Comparison/../benchmarks/part31/non-incremental/QF_BV/Sage2/bench_12088.smt2,4175.47,0,30977,成功
/pub/data/jiafq/iscas/Parser_Comparison/../benchmarks/part31/non-incremental/QF_BV/Sage2/bench_12090.smt2,74.1928,0,2484,成功
/pub/data/jiafq/iscas/Parser_Comparison/../benchmarks/part31/non-incremental/QF_BV/Sage2/bench_12095.smt2,0,0,0,失败
/pub/data/jiafq/iscas/Parser_Comparison/../benchmarks/part31/non-incremental/QF_BV/Sage2/bench_12096.smt2,125.776,0,1369,成功
/pub/data/jiafq/iscas/Parser_Comparison/../benchmarks/part31/non-incremental/QF_BV/Sage2/bench_12099.smt2,186.617,0,2902,成功
/pub/data/jiafq/iscas/Parser_Comparison/../benchmarks/part31/non-incremental/QF_BV/Sage2/bench_121.smt2,52.6068,0,1106,成功
/pub/data/jiafq/iscas/Parser_Comparison/../benchmarks/part31/non-incremental/QF_BV/Sage2/bench_1210.smt2,23.4147,0,846,成功
/pub/data/jiafq/iscas/Parser_Comparison/../benchmarks/part31/non-incremental/QF_BV/Sage2/bench_12101.smt2,3905.24,0,22154,成功
/pub/data/jiafq/iscas/Parser_Comparison/../benchmarks/part31/non-incremental/QF_BV/Sage2/bench_12107.smt2,59.0455,0,1312,成功
/pub/data/jiafq/iscas/Parser_Comparison/../benchmarks/part31/non-incremental/QF_BV/Sage2/bench_12117.smt2,2188.79,0,27730,成功
/pub/data/jiafq/iscas/Parser_Comparison/../benchmarks/part31/non-incremental/QF_BV/Sage2/bench_1212.smt2,55.3501,0,1557,成功
/pub/data/jiafq/iscas/Parser_Comparison/../benchmarks/part31/non-incremental/QF_BV/Sage2/bench_12120.smt2,4237.82,0,35145,成功
/pub/data/jiafq/iscas/Parser_Comparison/../benchmarks/part31/non-incremental/QF_BV/Sage2/bench_12128.smt2,182.055,0,1782,成功
/pub/data/jiafq/iscas/Parser_Comparison/../benchmarks/part31/non-incremental/QF_BV/Sage2/bench_12132.smt2,0,0,0,失败
/pub/data/jiafq/iscas/Parser_Comparison/../benchmarks/part31/non-incremental/QF_BV/Sage2/bench_12136.smt2,2149.1,0,27248,成功
/pub/data/jiafq/iscas/Parser_Comparison/../benchmarks/part31/non-incremental/QF_BV/Sage2/bench_12141.smt2,143.634,0,3402,成功
/pub/data/jiafq/iscas/Parser_Comparison/../benchmarks/part31/non-incremental/QF_BV/Sage2/bench_12145.smt2,27400.5,0,38729,成功
/pub/data/jiafq/iscas/Parser_Comparison/../benchmarks/part31/non-incremental/QF_BV/Sage2/bench_12150.smt2,93.4544,0,1076,成功
/pub/data/jiafq/iscas/Parser_Comparison/../benchmarks/part31/non-incremental/QF_BV/Sage2/bench_12152.smt2,0,0,0,失败
/pub/data/jiafq/iscas/Parser_Comparison/../benchmarks/part31/non-incremental/QF_BV/Sage2/bench_12155.smt2,0,0,0,失败
/pub/data/jiafq/iscas/Parser_Comparison/../benchmarks/part31/non-incremental/QF_BV/Sage2/bench_12157.smt2,2181.09,0,19632,成功
/pub/data/jiafq/iscas/Parser_Comparison/../benchmarks/part31/non-incremental/QF_BV/Sage2/bench_12158.smt2,11.8213,0,335,成功
/pub/data/jiafq/iscas/Parser_Comparison/../benchmarks/part31/non-incremental/QF_BV/Sage2/bench_1216.smt2,43.0568,0,1158,成功
/pub/data/jiafq/iscas/Parser_Comparison/../benchmarks/part31/non-incremental/QF_BV/Sage2/bench_12161.smt2,55.6039,0,1992,成功
/pub/data/jiafq/iscas/Parser_Comparison/../benchmarks/part31/non-incremental/QF_BV/Sage2/bench_12162.smt2,11643.2,0,29359,成功
/pub/data/jiafq/iscas/Parser_Comparison/../benchmarks/part31/non-incremental/QF_BV/Sage2/bench_12164.smt2,11611.3,0,24452,成功
/pub/data/jiafq/iscas/Parser_Comparison/../benchmarks/part31/non-incremental/QF_BV/Sage2/bench_12167.smt2,52327.2,0,124363,成功
/pub/data/jiafq/iscas/Parser_Comparison/../benchmarks/part31/non-incremental/QF_BV/Sage2/bench_12168.smt2,316.285,0,12775,成功
/pub/data/jiafq/iscas/Parser_Comparison/../benchmarks/part31/non-incremental/QF_BV/Sage2/bench_12170.smt2,58.9701,0,815,成功
/pub/data/jiafq/iscas/Parser_Comparison/../benchmarks/part31/non-incremental/QF_BV/Sage2/bench_12172.smt2,78.525,0,977,成功
/pub/data/jiafq/iscas/Parser_Comparison/../benchmarks/part31/non-incremental/QF_BV/Sage2/bench_12174.smt2,81.0999,0,974,成功
/pub/data/jiafq/iscas/Parser_Comparison/../benchmarks/part31/non-incremental/QF_BV/Sage2/bench_12175.smt2,0,0,0,失败
/pub/data/jiafq/iscas/Parser_Comparison/../benchmarks/part31/non-incremental/QF_BV/Sage2/bench_12179.smt2,0,0,0,失败
/pub/data/jiafq/iscas/Parser_Comparison/../benchmarks/part31/non-incremental/QF_BV/Sage2/bench_1218.smt2,37.4837,0,1053,成功
/pub/data/jiafq/iscas/Parser_Comparison/../benchmarks/part31/non-incremental/QF_BV/Sage2/bench_12183.smt2,49438.2,0,102267,成功
/pub/data/jiafq/iscas/Parser_Comparison/../benchmarks/part31/non-incremental/QF_BV/Sage2/bench_12190.smt2,390.596,0,3402,成功
/pub/data/jiafq/iscas/Parser_Comparison/../benchmarks/part31/non-incremental/QF_BV/Sage2/bench_12191.smt2,224.629,0,3295,成功
/pub/data/jiafq/iscas/Parser_Comparison/../benchmarks/part31/non-incremental/QF_BV/Sage2/bench_12193.smt2,1862.91,0,21759,成功
/pub/data/jiafq/iscas/Parser_Comparison/../benchmarks/part31/non-incremental/QF_BV/Sage2/bench_12194.smt2,118.032,0,1316,成功
/pub/data/jiafq/iscas/Parser_Comparison/../benchmarks/part31/non-incremental/QF_BV/Sage2/bench_12195.smt2,953.382,0,10249,成功
/pub/data/jiafq/iscas/Parser_Comparison/../benchmarks/part31/non-incremental/QF_BV/Sage2/bench_12196.smt2,307.123,0,12437,成功
/pub/data/jiafq/iscas/Parser_Comparison/../benchmarks/part31/non-incremental/QF_BV/Sage2/bench_12198.smt2,58.3944,0,815,成功
/pub/data/jiafq/iscas/Parser_Comparison/../benchmarks/part31/non-incremental/QF_BV/Sage2/bench_1220.smt2,1461.29,0,9443,成功
/pub/data/jiafq/iscas/Parser_Comparison/../benchmarks/part31/non-incremental/QF_BV/Sage2/bench_12200.smt2,0,0,0,失败
/pub/data/jiafq/iscas/Parser_Comparison/../benchmarks/part31/non-incremental/QF_BV/Sage2/bench_12202.smt2,622.787,0,4313,成功
/pub/data/jiafq/iscas/Parser_Comparison/../benchmarks/part31/non-incremental/QF_BV/Sage2/bench_12204.smt2,257.055,0,8497,成功
/pub/data/jiafq/iscas/Parser_Comparison/../benchmarks/part31/non-incremental/QF_BV/Sage2/bench_12206.smt2,420.038,0,12779,成功
/pub/data/jiafq/iscas/Parser_Comparison/../benchmarks/part31/non-incremental/QF_BV/Sage2/bench_12208.smt2,45.0987,0,1048,成功
/pub/data/jiafq/iscas/Parser_Comparison/../benchmarks/part31/non-incremental/QF_BV/Sage2/bench_12210.smt2,8490.44,0,64743,成功
/pub/data/jiafq/iscas/Parser_Comparison/../benchmarks/part31/non-incremental/QF_BV/Sage2/bench_12212.smt2,318.469,0,2946,成功
/pub/data/jiafq/iscas/Parser_Comparison/../benchmarks/part31/non-incremental/QF_BV/Sage2/bench_12213.smt2,147.324,0,2885,成功
/pub/data/jiafq/iscas/Parser_Comparison/../benchmarks/part31/non-incremental/QF_BV/Sage2/bench_12216.smt2,0,0,0,失败
/pub/data/jiafq/iscas/Parser_Comparison/../benchmarks/part31/non-incremental/QF_BV/Sage2/bench_12217.smt2,110.203,0,1946,成功
/pub/data/jiafq/iscas/Parser_Comparison/../benchmarks/part31/non-incremental/QF_BV/Sage2/bench_1222.smt2,35.6804,0,970,成功
/pub/data/jiafq/iscas/Parser_Comparison/../benchmarks/part31/non-incremental/QF_BV/Sage2/bench_12224.smt2,2165.05,0,20584,成功
/pub/data/jiafq/iscas/Parser_Comparison/../benchmarks/part31/non-incremental/QF_BV/Sage2/bench_12226.smt2,6437.48,0,49692,成功
/pub/data/jiafq/iscas/Parser_Comparison/../benchmarks/part31/non-incremental/QF_BV/Sage2/bench_12227.smt2,490.205,0,6677,成功
/pub/data/jiafq/iscas/Parser_Comparison/../benchmarks/part31/non-incremental/QF_BV/Sage2/bench_12233.smt2,288.143,0,4860,成功
/pub/data/jiafq/iscas/Parser_Comparison/../benchmarks/part31/non-incremental/QF_BV/Sage2/bench_12238.smt2,189.97,0,3520,成功
/pub/data/jiafq/iscas/Parser_Comparison/../benchmarks/part31/non-incremental/QF_BV/Sage2/bench_12239.smt2,365.257,0,5832,成功
/pub/data/jiafq/iscas/Parser_Comparison/../benchmarks/part31/non-incremental/QF_BV/Sage2/bench_1224.smt2,30.044,0,930,成功
/pub/data/jiafq/iscas/Parser_Comparison/../benchmarks/part31/non-incremental/QF_BV/Sage2/bench_12240.smt2,8631.58,0,64743,成功
/pub/data/jiafq/iscas/Parser_Comparison/../benchmarks/part31/non-incremental/QF_BV/Sage2/bench_12243.smt2,119.275,0,1316,成功
/pub/data/jiafq/iscas/Parser_Comparison/../benchmarks/part31/non-incremental/QF_BV/Sage2/bench_12246.smt2,1854.84,0,18892,成功
/pub/data/jiafq/iscas/Parser_Comparison/../benchmarks/part31/non-incremental/QF_BV/Sage2/bench_12251.smt2,336.843,0,17152,成功
/pub/data/jiafq/iscas/Parser_Comparison/../benchmarks/part31/non-incremental/QF_BV/Sage2/bench_12254.smt2,336.063,0,2983,成功
/pub/data/jiafq/iscas/Parser_Comparison/../benchmarks/part31/non-incremental/QF_BV/Sage2/bench_12256.smt2,36.4802,0,590,成功
/pub/data/jiafq/iscas/Parser_Comparison/../benchmarks/part31/non-incremental/QF_BV/Sage2/bench_1226.smt2,35.8707,0,1163,成功
/pub/data/jiafq/iscas/Parser_Comparison/../benchmarks/part31/non-incremental/QF_BV/Sage2/bench_12260.smt2,37.3217,0,590,成功
/pub/data/jiafq/iscas/Parser_Comparison/../benchmarks/part31/non-incremental/QF_BV/Sage2/bench_12264.smt2,36.6725,0,590,成功
/pub/data/jiafq/iscas/Parser_Comparison/../benchmarks/part31/non-incremental/QF_BV/Sage2/bench_12265.smt2,338.16,0,2983,成功
/pub/data/jiafq/iscas/Parser_Comparison/../benchmarks/part31/non-incremental/QF_BV/Sage2/bench_12268.smt2,42.94,0,590,成功
/pub/data/jiafq/iscas/Parser_Comparison/../benchmarks/part31/non-incremental/QF_BV/Sage2/bench_12274.smt2,87.8029,0,3077,成功
/pub/data/jiafq/iscas/Parser_Comparison/../benchmarks/part31/non-incremental/QF_BV/Sage2/bench_12277.smt2,336.149,0,2983,成功
/pub/data/jiafq/iscas/Parser_Comparison/../benchmarks/part31/non-incremental/QF_BV/Sage2/bench_1228.smt2,0,0,0,失败
/pub/data/jiafq/iscas/Parser_Comparison/../benchmarks/part31/non-incremental/QF_BV/Sage2/bench_12280.smt2,756.07,0,8684,成功
/pub/data/jiafq/iscas/Parser_Comparison/../benchmarks/part31/non-incremental/QF_BV/Sage2/bench_12283.smt2,125.358,0,1369,成功
/pub/data/jiafq/iscas/Parser_Comparison/../benchmarks/part31/non-incremental/QF_BV/Sage2/bench_12284.smt2,12174.8,0,31775,成功
/pub/data/jiafq/iscas/Parser_Comparison/../benchmarks/part31/non-incremental/QF_BV/Sage2/bench_12285.smt2,13392.6,0,64872,成功
/pub/data/jiafq/iscas/Parser_Comparison/../benchmarks/part31/non-incremental/QF_BV/Sage2/bench_12286.smt2,0,0,0,失败
/pub/data/jiafq/iscas/Parser_Comparison/../benchmarks/part31/non-incremental/QF_BV/Sage2/bench_12287.smt2,356.995,0,2983,成功
/pub/data/jiafq/iscas/Parser_Comparison/../benchmarks/part31/non-incremental/QF_BV/Sage2/bench_12288.smt2,181.655,0,1782,成功
/pub/data/jiafq/iscas/Parser_Comparison/../benchmarks/part31/non-incremental/QF_BV/Sage2/bench_12289.smt2,58214.6,0,120786,成功
/pub/data/jiafq/iscas/Parser_Comparison/../benchmarks/part31/non-incremental/QF_BV/Sage2/bench_12291.smt2,0,0,0,失败
/pub/data/jiafq/iscas/Parser_Comparison/../benchmarks/part31/non-incremental/QF_BV/Sage2/bench_12292.smt2,123.013,0,1369,成功
/pub/data/jiafq/iscas/Parser_Comparison/../benchmarks/part31/non-incremental/QF_BV/Sage2/bench_12293.smt2,84.7782,0,1103,成功
/pub/data/jiafq/iscas/Parser_Comparison/../benchmarks/part31/non-incremental/QF_BV/Sage2/bench_12294.smt2,237.913,0,2844,成功
/pub/data/jiafq/iscas/Parser_Comparison/../benchmarks/part31/non-incremental/QF_BV/Sage2/bench_12297.smt2,4444.24,0,39750,成功
/pub/data/jiafq/iscas/Parser_Comparison/../benchmarks/part31/non-incremental/QF_BV/Sage2/bench_12298.smt2,2301.41,0,28069,成功
/pub/data/jiafq/iscas/Parser_Comparison/../benchmarks/part31/non-incremental/QF_BV/Sage2/bench_123.smt2,0,0,0,失败
/pub/data/jiafq/iscas/Parser_Comparison/../benchmarks/part31/non-incremental/QF_BV/Sage2/bench_1230.smt2,0,0,0,失败
/pub/data/jiafq/iscas/Parser_Comparison/../benchmarks/part31/non-incremental/QF_BV/Sage2/bench_12300.smt2,125.212,0,2194,成功
/pub/data/jiafq/iscas/Parser_Comparison/../benchmarks/part31/non-incremental/QF_BV/Sage2/bench_12302.smt2,462.081,0,7215,成功
/pub/data/jiafq/iscas/Parser_Comparison/../benchmarks/part31/non-incremental/QF_BV/Sage2/bench_12303.smt2,172.171,0,3687,成功
/pub/data/jiafq/iscas/Parser_Comparison/../benchmarks/part31/non-incremental/QF_BV/Sage2/bench_12304.smt2,126.548,0,1369,成功
/pub/data/jiafq/iscas/Parser_Comparison/../benchmarks/part31/non-incremental/QF_BV/Sage2/bench_12305.smt2,165.051,0,3659,成功
/pub/data/jiafq/iscas/Parser_Comparison/../benchmarks/part31/non-incremental/QF_BV/Sage2/bench_12306.smt2,137.681,0,3291,成功
/pub/data/jiafq/iscas/Parser_Comparison/../benchmarks/part31/non-incremental/QF_BV/Sage2/bench_12313.smt2,1010.15,0,10016,成功
/pub/data/jiafq/iscas/Parser_Comparison/../benchmarks/part31/non-incremental/QF_BV/Sage2/bench_12316.smt2,124.952,0,1369,成功
/pub/data/jiafq/iscas/Parser_Comparison/../benchmarks/part31/non-incremental/QF_BV/Sage2/bench_12317.smt2,2718.05,0,24859,成功
/pub/data/jiafq/iscas/Parser_Comparison/../benchmarks/part31/non-incremental/QF_BV/Sage2/bench_12318.smt2,8497.01,0,64716,成功
/pub/data/jiafq/iscas/Parser_Comparison/../benchmarks/part31/non-incremental/QF_BV/Sage2/bench_1232.smt2,39.2085,0,1154,成功
/pub/data/jiafq/iscas/Parser_Comparison/../benchmarks/part31/non-incremental/QF_BV/Sage2/bench_12320.smt2,117.119,0,1369,成功
/pub/data/jiafq/iscas/Parser_Comparison/../benchmarks/part31/non-incremental/QF_BV/Sage2/bench_12325.smt2,9345.78,0,75143,成功
/pub/data/jiafq/iscas/Parser_Comparison/../benchmarks/part31/non-incremental/QF_BV/Sage2/bench_12327.smt2,0,0,0,失败
/pub/data/jiafq/iscas/Parser_Comparison/../benchmarks/part31/non-incremental/QF_BV/Sage2/bench_12328.smt2,1117.3,0,7188,成功
/pub/data/jiafq/iscas/Parser_Comparison/../benchmarks/part31/non-incremental/QF_BV/Sage2/bench_12329.smt2,11847.1,0,31631,成功
/pub/data/jiafq/iscas/Parser_Comparison/../benchmarks/part31/non-incremental/QF_BV/Sage2/bench_12330.smt2,6800.48,0,10523,成功
/pub/data/jiafq/iscas/Parser_Comparison/../benchmarks/part31/non-incremental/QF_BV/Sage2/bench_12334.smt2,7443.38,0,71556,成功
/pub/data/jiafq/iscas/Parser_Comparison/../benchmarks/part31/non-incremental/QF_BV/Sage2/bench_12335.smt2,7326.06,0,70012,成功
/pub/data/jiafq/iscas/Parser_Comparison/../benchmarks/part31/non-incremental/QF_BV/Sage2/bench_12338.smt2,2187.34,0,27564,成功
/pub/data/jiafq/iscas/Parser_Comparison/../benchmarks/part31/non-incremental/QF_BV/Sage2/bench_12339.smt2,137.148,0,1450,成功
/pub/data/jiafq/iscas/Parser_Comparison/../benchmarks/part31/non-incremental/QF_BV/Sage2/bench_1234.smt2,29.3265,0,932,成功
/pub/data/jiafq/iscas/Parser_Comparison/../benchmarks/part31/non-incremental/QF_BV/Sage2/bench_12342.smt2,0,0,0,失败
/pub/data/jiafq/iscas/Parser_Comparison/../benchmarks/part31/non-incremental/QF_BV/Sage2/bench_12344.smt2,393.305,0,3230,成功
/pub/data/jiafq/iscas/Parser_Comparison/../benchmarks/part31/non-incremental/QF_BV/Sage2/bench_12346.smt2,0,0,0,失败
/pub/data/jiafq/iscas/Parser_Comparison/../benchmarks/part31/non-incremental/QF_BV/Sage2/bench_12354.smt2,308.402,0,6630,成功
/pub/data/jiafq/iscas/Parser_Comparison/../benchmarks/part31/non-incremental/QF_BV/Sage2/bench_12357.smt2,339.449,0,2983,成功
/pub/data/jiafq/iscas/Parser_Comparison/../benchmarks/part31/non-incremental/QF_BV/Sage2/bench_1236.smt2,128.176,0,2165,成功
/pub/data/jiafq/iscas/Parser_Comparison/../benchmarks/part31/non-incremental/QF_BV/Sage2/bench_12362.smt2,347.405,0,2983,成功
/pub/data/jiafq/iscas/Parser_Comparison/../benchmarks/part31/non-incremental/QF_BV/Sage2/bench_12371.smt2,125.428,0,1369,成功
/pub/data/jiafq/iscas/Parser_Comparison/../benchmarks/part31/non-incremental/QF_BV/Sage2/bench_12376.smt2,0,0,0,失败
/pub/data/jiafq/iscas/Parser_Comparison/../benchmarks/part31/non-incremental/QF_BV/Sage2/bench_1238.smt2,75.335,0,1619,成功
/pub/data/jiafq/iscas/Parser_Comparison/../benchmarks/part31/non-incremental/QF_BV/Sage2/bench_12380.smt2,0,0,0,失败
/pub/data/jiafq/iscas/Parser_Comparison/../benchmarks/part31/non-incremental/QF_BV/Sage2/bench_12382.smt2,1644.71,0,14357,成功
/pub/data/jiafq/iscas/Parser_Comparison/../benchmarks/part31/non-incremental/QF_BV/Sage2/bench_12384.smt2,59062.5,0,135289,成功
/pub/data/jiafq/iscas/Parser_Comparison/../benchmarks/part31/non-incremental/QF_BV/Sage2/bench_12386.smt2,0,0,0,失败
/pub/data/jiafq/iscas/Parser_Comparison/../benchmarks/part31/non-incremental/QF_BV/Sage2/bench_12388.smt2,14547.8,0,49387,成功
/pub/data/jiafq/iscas/Parser_Comparison/../benchmarks/part31/non-incremental/QF_BV/Sage2/bench_12392.smt2,119.004,0,1305,成功
/pub/data/jiafq/iscas/Parser_Comparison/../benchmarks/part31/non-incremental/QF_BV/Sage2/bench_12394.smt2,1193.58,0,5876,成功
/pub/data/jiafq/iscas/Parser_Comparison/../benchmarks/part31/non-incremental/QF_BV/Sage2/bench_12395.smt2,180.441,0,1782,成功
/pub/data/jiafq/iscas/Parser_Comparison/../benchmarks/part31/non-incremental/QF_BV/Sage2/bench_12397.smt2,1028.2,0,6912,成功
/pub/data/jiafq/iscas/Parser_Comparison/../benchmarks/part31/non-incremental/QF_BV/Sage2/bench_12398.smt2,2405.02,0,14673,成功
/pub/data/jiafq/iscas/Parser_Comparison/../benchmarks/part31/non-incremental/QF_BV/Sage2/bench_12399.smt2,27002.1,0,38635,成功
/pub/data/jiafq/iscas/Parser_Comparison/../benchmarks/part31/non-incremental/QF_BV/Sage2/bench_12403.smt2,93.8083,0,3295,成功
/pub/data/jiafq/iscas/Parser_Comparison/../benchmarks/part31/non-incremental/QF_BV/Sage2/bench_12404.smt2,0,0,0,失败
/pub/data/jiafq/iscas/Parser_Comparison/../benchmarks/part31/non-incremental/QF_BV/Sage2/bench_12406.smt2,38.9576,0,858,成功
/pub/data/jiafq/iscas/Parser_Comparison/../benchmarks/part31/non-incremental/QF_BV/Sage2/bench_12407.smt2,5290.85,0,105431,成功
/pub/data/jiafq/iscas/Parser_Comparison/../benchmarks/part31/non-incremental/QF_BV/Sage2/bench_12408.smt2,8317.55,0,45714,成功
/pub/data/jiafq/iscas/Parser_Comparison/../benchmarks/part31/non-incremental/QF_BV/Sage2/bench_12409.smt2,62.9502,0,815,成功
/pub/data/jiafq/iscas/Parser_Comparison/../benchmarks/part31/non-incremental/QF_BV/Sage2/bench_12410.smt2,3823.23,0,22154,成功
/pub/data/jiafq/iscas/Parser_Comparison/../benchmarks/part31/non-incremental/QF_BV/Sage2/bench_12411.smt2,129.004,0,1369,成功
/pub/data/jiafq/iscas/Parser_Comparison/../benchmarks/part31/non-incremental/QF_BV/Sage2/bench_12413.smt2,75.3476,0,1674,成功
/pub/data/jiafq/iscas/Parser_Comparison/../benchmarks/part31/non-incremental/QF_BV/Sage2/bench_12414.smt2,628.223,0,6713,成功
/pub/data/jiafq/iscas/Parser_Comparison/../benchmarks/part31/non-incremental/QF_BV/Sage2/bench_12415.smt2,26973.8,0,38729,成功
/pub/data/jiafq/iscas/Parser_Comparison/../benchmarks/part31/non-incremental/QF_BV/Sage2/bench_12417.smt2,1544.48,0,14004,成功
/pub/data/jiafq/iscas/Parser_Comparison/../benchmarks/part31/non-incremental/QF_BV/Sage2/bench_12420.smt2,8737.79,0,64744,成功
/pub/data/jiafq/iscas/Parser_Comparison/../benchmarks/part31/non-incremental/QF_BV/Sage2/bench_12421.smt2,0,0,0,失败
/pub/data/jiafq/iscas/Parser_Comparison/../benchmarks/part31/non-incremental/QF_BV/Sage2/bench_12422.smt2,272.065,0,8469,成功
/pub/data/jiafq/iscas/Parser_Comparison/../benchmarks/part31/non-incremental/QF_BV/Sage2/bench_12426.smt2,50.7837,0,1577,成功
/pub/data/jiafq/iscas/Parser_Comparison/../benchmarks/part31/non-incremental/QF_BV/Sage2/bench_12427.smt2,4720.54,0,24150,成功
/pub/data/jiafq/iscas/Parser_Comparison/../benchmarks/part31/non-incremental/QF_BV/Sage2/bench_1243.smt2,38.7866,0,1034,成功
/pub/data/jiafq/iscas/Parser_Comparison/../benchmarks/part31/non-incremental/QF_BV/Sage2/bench_12431.smt2,12020.4,0,38038,成功
/pub/data/jiafq/iscas/Parser_Comparison/../benchmarks/part31/non-incremental/QF_BV/Sage2/bench_12433.smt2,171.086,0,2304,成功
/pub/data/jiafq/iscas/Parser_Comparison/../benchmarks/part31/non-incremental/QF_BV/Sage2/bench_12435.smt2,0,0,0,失败
/pub/data/jiafq/iscas/Parser_Comparison/../benchmarks/part31/non-incremental/QF_BV/Sage2/bench_12437.smt2,11806.2,0,25535,成功
/pub/data/jiafq/iscas/Parser_Comparison/../benchmarks/part31/non-incremental/QF_BV/Sage2/bench_12440.smt2,0,0,0,失败
/pub/data/jiafq/iscas/Parser_Comparison/../benchmarks/part31/non-incremental/QF_BV/Sage2/bench_12445.smt2,56.1607,0,766,成功
/pub/data/jiafq/iscas/Parser_Comparison/../benchmarks/part31/non-incremental/QF_BV/Sage2/bench_1245.smt2,94.7919,0,1922,成功
/pub/data/jiafq/iscas/Parser_Comparison/../benchmarks/part31/non-incremental/QF_BV/Sage2/bench_12454.smt2,37.9055,0,854,成功
/pub/data/jiafq/iscas/Parser_Comparison/../benchmarks/part31/non-incremental/QF_BV/Sage2/bench_12456.smt2,11803.9,0,24137,成功
/pub/data/jiafq/iscas/Parser_Comparison/../benchmarks/part31/non-incremental/QF_BV/Sage2/bench_12457.smt2,388.796,0,13030,成功
/pub/data/jiafq/iscas/Parser_Comparison/../benchmarks/part31/non-incremental/QF_BV/Sage2/bench_12460.smt2,16.2817,0,568,成功
/pub/data/jiafq/iscas/Parser_Comparison/../benchmarks/part31/non-incremental/QF_BV/Sage2/bench_12462.smt2,178.71,0,1782,成功
平均值,3853.87,0.211872,16767.3,91.25%
