文件名,解析时间(ms),内存使用(KB),AST节点数量,结果
/pub/data/jiafq/iscas/Parser_Comparison/../benchmarks/part52/non-incremental/QF_LIA/RTCL/b04_tf_15/ckt_PROP0_tf_15.smt2,19.62,0,769,成功
/pub/data/jiafq/iscas/Parser_Comparison/../benchmarks/part52/non-incremental/QF_LIA/RTCL/b04_tf_20/ckt_PROP0_tf_20.smt2,25.2702,0,1049,成功
/pub/data/jiafq/iscas/Parser_Comparison/../benchmarks/part52/non-incremental/QF_LIA/RWS/Example_1.txt.smt2,366.412,0,2478,成功
/pub/data/jiafq/iscas/Parser_Comparison/../benchmarks/part52/non-incremental/QF_LIA/RWS/Example_10.txt.smt2,1092.64,0,7392,成功
/pub/data/jiafq/iscas/Parser_Comparison/../benchmarks/part52/non-incremental/QF_LIA/RWS/Example_11.txt.smt2,1137.27,0,8215,成功
/pub/data/jiafq/iscas/Parser_Comparison/../benchmarks/part52/non-incremental/QF_LIA/RWS/Example_12.txt.smt2,607.639,224,4221,成功
/pub/data/jiafq/iscas/Parser_Comparison/../benchmarks/part52/non-incremental/QF_LIA/RWS/Example_13.txt.smt2,867.364,0,6241,成功
/pub/data/jiafq/iscas/Parser_Comparison/../benchmarks/part52/non-incremental/QF_LIA/RWS/Example_14.txt.smt2,557.682,0,3846,成功
/pub/data/jiafq/iscas/Parser_Comparison/../benchmarks/part52/non-incremental/QF_LIA/RWS/Example_15.txt.smt2,2821.71,0,19289,成功
/pub/data/jiafq/iscas/Parser_Comparison/../benchmarks/part52/non-incremental/QF_LIA/RWS/Example_16.txt.smt2,1104.47,0,7941,成功
/pub/data/jiafq/iscas/Parser_Comparison/../benchmarks/part52/non-incremental/QF_LIA/RWS/Example_17.txt.smt2,988.413,0,6952,成功
/pub/data/jiafq/iscas/Parser_Comparison/../benchmarks/part52/non-incremental/QF_LIA/RWS/Example_18.txt.smt2,2119.4,0,14489,成功
/pub/data/jiafq/iscas/Parser_Comparison/../benchmarks/part52/non-incremental/QF_LIA/RWS/Example_19.txt.smt2,4641.36,0,32780,成功
/pub/data/jiafq/iscas/Parser_Comparison/../benchmarks/part52/non-incremental/QF_LIA/RWS/Example_2.txt.smt2,400.372,0,2666,成功
/pub/data/jiafq/iscas/Parser_Comparison/../benchmarks/part52/non-incremental/QF_LIA/RWS/Example_20.txt.smt2,7388.56,0,49089,成功
/pub/data/jiafq/iscas/Parser_Comparison/../benchmarks/part52/non-incremental/QF_LIA/RWS/Example_3.txt.smt2,688.662,0,4664,成功
/pub/data/jiafq/iscas/Parser_Comparison/../benchmarks/part52/non-incremental/QF_LIA/RWS/Example_4.txt.smt2,587.458,0,3934,成功
/pub/data/jiafq/iscas/Parser_Comparison/../benchmarks/part52/non-incremental/QF_LIA/RWS/Example_5.txt.smt2,500.098,0,3333,成功
/pub/data/jiafq/iscas/Parser_Comparison/../benchmarks/part52/non-incremental/QF_LIA/RWS/Example_6.txt.smt2,322.614,0,2129,成功
/pub/data/jiafq/iscas/Parser_Comparison/../benchmarks/part52/non-incremental/QF_LIA/RWS/Example_7.txt.smt2,1196.41,0,7937,成功
/pub/data/jiafq/iscas/Parser_Comparison/../benchmarks/part52/non-incremental/QF_LIA/RWS/Example_8.txt.smt2,625.141,0,4391,成功
/pub/data/jiafq/iscas/Parser_Comparison/../benchmarks/part52/non-incremental/QF_LIA/RWS/Example_9.txt.smt2,1847.63,0,12525,成功
/pub/data/jiafq/iscas/Parser_Comparison/../benchmarks/part52/non-incremental/QF_LIA/rings/ring_2exp16_8vars_2ite_unsat.smt2,21.2177,0,667,成功
/pub/data/jiafq/iscas/Parser_Comparison/../benchmarks/part52/non-incremental/QF_LIA/rings/ring_2exp16_8vars_3ite_unsat.smt2,23.5102,0,673,成功
/pub/data/jiafq/iscas/Parser_Comparison/../benchmarks/part52/non-incremental/QF_LIA/rings/ring_2exp16_8vars_4ite_unsat.smt2,21.8289,0,670,成功
/pub/data/jiafq/iscas/Parser_Comparison/../benchmarks/part52/non-incremental/QF_LIA/rings/ring_2exp16_8vars_5ite_unsat.smt2,17.2736,0,673,成功
/pub/data/jiafq/iscas/Parser_Comparison/../benchmarks/part52/non-incremental/QF_LIA/rings/ring_2exp16_8vars_6ite_unsat.smt2,21.8951,0,684,成功
/pub/data/jiafq/iscas/Parser_Comparison/../benchmarks/part52/non-incremental/QF_LIA/rings/ring_2exp16_8vars_7ite_unsat.smt2,23.0323,0,684,成功
/pub/data/jiafq/iscas/Parser_Comparison/../benchmarks/part52/non-incremental/QF_LIA/rings/ring_2exp16_9vars_0ite_unsat.smt2,21.0443,0,785,成功
/pub/data/jiafq/iscas/Parser_Comparison/../benchmarks/part52/non-incremental/QF_LIA/rings/ring_2exp16_9vars_1ite_unsat.smt2,20.2536,0,798,成功
/pub/data/jiafq/iscas/Parser_Comparison/../benchmarks/part52/non-incremental/QF_LIA/rings/ring_2exp16_9vars_2ite_unsat.smt2,19.0649,0,788,成功
/pub/data/jiafq/iscas/Parser_Comparison/../benchmarks/part52/non-incremental/QF_LIA/rings/ring_2exp16_9vars_3ite_unsat.smt2,24.3455,0,797,成功
/pub/data/jiafq/iscas/Parser_Comparison/../benchmarks/part52/non-incremental/QF_LIA/rings/ring_2exp16_9vars_4ite_unsat.smt2,26.3546,0,794,成功
/pub/data/jiafq/iscas/Parser_Comparison/../benchmarks/part52/non-incremental/QF_LIA/rings/ring_2exp16_9vars_5ite_unsat.smt2,18.8277,0,800,成功
/pub/data/jiafq/iscas/Parser_Comparison/../benchmarks/part52/non-incremental/QF_LIA/rings/ring_2exp16_9vars_6ite_unsat.smt2,25.17,0,811,成功
/pub/data/jiafq/iscas/Parser_Comparison/../benchmarks/part52/non-incremental/QF_LIA/rings/ring_2exp16_9vars_7ite_unsat.smt2,26.4673,0,814,成功
/pub/data/jiafq/iscas/Parser_Comparison/../benchmarks/part52/non-incremental/QF_LIA/rings/ring_2exp16_9vars_8ite_unsat.smt2,26.5746,0,853,成功
/pub/data/jiafq/iscas/Parser_Comparison/../benchmarks/part52/non-incremental/QF_LIA/rings/ring_2exp4_3vars_0ite_unsat.smt2,6.0829,0,167,成功
/pub/data/jiafq/iscas/Parser_Comparison/../benchmarks/part52/non-incremental/QF_LIA/rings/ring_2exp4_3vars_1ite_unsat.smt2,5.29908,0,162,成功
/pub/data/jiafq/iscas/Parser_Comparison/../benchmarks/part52/non-incremental/QF_LIA/rings/ring_2exp4_3vars_2ite_unsat.smt2,11.1964,0,152,成功
/pub/data/jiafq/iscas/Parser_Comparison/../benchmarks/part52/non-incremental/QF_LIA/rings/ring_2exp4_4vars_0ite_unsat.smt2,8.58937,0,255,成功
/pub/data/jiafq/iscas/Parser_Comparison/../benchmarks/part52/non-incremental/QF_LIA/rings/ring_2exp4_4vars_1ite_unsat.smt2,12.3466,0,253,成功
/pub/data/jiafq/iscas/Parser_Comparison/../benchmarks/part52/non-incremental/QF_LIA/rings/ring_2exp4_4vars_2ite_unsat.smt2,13.4012,0,243,成功
/pub/data/jiafq/iscas/Parser_Comparison/../benchmarks/part52/non-incremental/QF_LIA/rings/ring_2exp4_4vars_3ite_unsat.smt2,11.463,0,237,成功
/pub/data/jiafq/iscas/Parser_Comparison/../benchmarks/part52/non-incremental/QF_LIA/rings/ring_2exp4_5vars_0ite_unsat.smt2,9.0297,0,348,成功
/pub/data/jiafq/iscas/Parser_Comparison/../benchmarks/part52/non-incremental/QF_LIA/rings/ring_2exp4_5vars_1ite_unsat.smt2,13.3882,0,349,成功
/pub/data/jiafq/iscas/Parser_Comparison/../benchmarks/part52/non-incremental/QF_LIA/rings/ring_2exp4_5vars_2ite_unsat.smt2,17.537,0,339,成功
/pub/data/jiafq/iscas/Parser_Comparison/../benchmarks/part52/non-incremental/QF_LIA/rings/ring_2exp4_5vars_3ite_unsat.smt2,16.3702,0,336,成功
/pub/data/jiafq/iscas/Parser_Comparison/../benchmarks/part52/non-incremental/QF_LIA/rings/ring_2exp4_5vars_4ite_unsat.smt2,14.536,0,333,成功
/pub/data/jiafq/iscas/Parser_Comparison/../benchmarks/part52/non-incremental/QF_LIA/rings/ring_2exp4_6vars_0ite_unsat.smt2,13.375,0,447,成功
/pub/data/jiafq/iscas/Parser_Comparison/../benchmarks/part52/non-incremental/QF_LIA/rings/ring_2exp4_6vars_1ite_unsat.smt2,17.7489,0,451,成功
/pub/data/jiafq/iscas/Parser_Comparison/../benchmarks/part52/non-incremental/QF_LIA/rings/ring_2exp4_6vars_2ite_unsat.smt2,17.2827,0,441,成功
/pub/data/jiafq/iscas/Parser_Comparison/../benchmarks/part52/non-incremental/QF_LIA/rings/ring_2exp4_6vars_3ite_unsat.smt2,14.9241,0,441,成功
/pub/data/jiafq/iscas/Parser_Comparison/../benchmarks/part52/non-incremental/QF_LIA/rings/ring_2exp4_6vars_4ite_unsat.smt2,15.5503,0,438,成功
/pub/data/jiafq/iscas/Parser_Comparison/../benchmarks/part52/non-incremental/QF_LIA/rings/ring_2exp4_6vars_5ite_unsat.smt2,13.2701,0,435,成功
/pub/data/jiafq/iscas/Parser_Comparison/../benchmarks/part52/non-incremental/QF_LIA/rings/ring_2exp4_7vars_0ite_unsat.smt2,21.0431,0,552,成功
/pub/data/jiafq/iscas/Parser_Comparison/../benchmarks/part52/non-incremental/QF_LIA/rings/ring_2exp4_7vars_1ite_unsat.smt2,19.825,0,559,成功
/pub/data/jiafq/iscas/Parser_Comparison/../benchmarks/part52/non-incremental/QF_LIA/rings/ring_2exp4_7vars_2ite_unsat.smt2,14.5892,0,549,成功
/pub/data/jiafq/iscas/Parser_Comparison/../benchmarks/part52/non-incremental/QF_LIA/rings/ring_2exp4_7vars_3ite_unsat.smt2,15.1952,0,552,成功
/pub/data/jiafq/iscas/Parser_Comparison/../benchmarks/part52/non-incremental/QF_LIA/rings/ring_2exp4_7vars_4ite_unsat.smt2,19.9146,0,549,成功
/pub/data/jiafq/iscas/Parser_Comparison/../benchmarks/part52/non-incremental/QF_LIA/rings/ring_2exp4_7vars_5ite_unsat.smt2,16.484,0,549,成功
/pub/data/jiafq/iscas/Parser_Comparison/../benchmarks/part52/non-incremental/QF_LIA/rings/ring_2exp4_7vars_6ite_unsat.smt2,13.1321,0,560,成功
/pub/data/jiafq/iscas/Parser_Comparison/../benchmarks/part52/non-incremental/QF_LIA/rings/ring_2exp4_8vars_0ite_unsat.smt2,17.5471,0,663,成功
/pub/data/jiafq/iscas/Parser_Comparison/../benchmarks/part52/non-incremental/QF_LIA/rings/ring_2exp4_8vars_1ite_unsat.smt2,23.6631,0,673,成功
/pub/data/jiafq/iscas/Parser_Comparison/../benchmarks/part52/non-incremental/QF_LIA/rings/ring_2exp4_8vars_2ite_unsat.smt2,15.6159,0,663,成功
/pub/data/jiafq/iscas/Parser_Comparison/../benchmarks/part52/non-incremental/QF_LIA/rings/ring_2exp4_8vars_3ite_unsat.smt2,15.8998,0,669,成功
/pub/data/jiafq/iscas/Parser_Comparison/../benchmarks/part52/non-incremental/QF_LIA/rings/ring_2exp4_8vars_4ite_unsat.smt2,15.5806,0,666,成功
/pub/data/jiafq/iscas/Parser_Comparison/../benchmarks/part52/non-incremental/QF_LIA/rings/ring_2exp4_8vars_5ite_unsat.smt2,24.34,0,669,成功
/pub/data/jiafq/iscas/Parser_Comparison/../benchmarks/part52/non-incremental/QF_LIA/rings/ring_2exp4_8vars_6ite_unsat.smt2,23.9879,0,680,成功
/pub/data/jiafq/iscas/Parser_Comparison/../benchmarks/part52/non-incremental/QF_LIA/rings/ring_2exp4_8vars_7ite_unsat.smt2,16.0579,0,680,成功
/pub/data/jiafq/iscas/Parser_Comparison/../benchmarks/part52/non-incremental/QF_LIA/rings/ring_2exp4_9vars_0ite_unsat.smt2,24.7347,0,780,成功
/pub/data/jiafq/iscas/Parser_Comparison/../benchmarks/part52/non-incremental/QF_LIA/rings/ring_2exp4_9vars_1ite_unsat.smt2,18.2972,0,793,成功
/pub/data/jiafq/iscas/Parser_Comparison/../benchmarks/part52/non-incremental/QF_LIA/rings/ring_2exp4_9vars_2ite_unsat.smt2,18.8568,0,783,成功
/pub/data/jiafq/iscas/Parser_Comparison/../benchmarks/part52/non-incremental/QF_LIA/rings/ring_2exp4_9vars_3ite_unsat.smt2,24.3229,0,792,成功
/pub/data/jiafq/iscas/Parser_Comparison/../benchmarks/part52/non-incremental/QF_LIA/rings/ring_2exp4_9vars_4ite_unsat.smt2,26.7876,0,789,成功
/pub/data/jiafq/iscas/Parser_Comparison/../benchmarks/part52/non-incremental/QF_LIA/rings/ring_2exp4_9vars_5ite_unsat.smt2,25.5747,0,795,成功
/pub/data/jiafq/iscas/Parser_Comparison/../benchmarks/part52/non-incremental/QF_LIA/rings/ring_2exp4_9vars_6ite_unsat.smt2,21.4448,0,806,成功
/pub/data/jiafq/iscas/Parser_Comparison/../benchmarks/part52/non-incremental/QF_LIA/rings/ring_2exp4_9vars_7ite_unsat.smt2,18.7948,0,809,成功
/pub/data/jiafq/iscas/Parser_Comparison/../benchmarks/part52/non-incremental/QF_LIA/rings/ring_2exp4_9vars_8ite_unsat.smt2,20.2925,0,848,成功
/pub/data/jiafq/iscas/Parser_Comparison/../benchmarks/part52/non-incremental/QF_LIA/rings/ring_2exp6_3vars_0ite_unsat.smt2,10.2462,0,167,成功
/pub/data/jiafq/iscas/Parser_Comparison/../benchmarks/part52/non-incremental/QF_LIA/rings/ring_2exp6_3vars_1ite_unsat.smt2,10.9179,0,162,成功
/pub/data/jiafq/iscas/Parser_Comparison/../benchmarks/part52/non-incremental/QF_LIA/rings/ring_2exp6_3vars_2ite_unsat.smt2,6.4009,0,152,成功
/pub/data/jiafq/iscas/Parser_Comparison/../benchmarks/part52/non-incremental/QF_LIA/rings/ring_2exp6_4vars_0ite_unsat.smt2,7.88835,0,255,成功
/pub/data/jiafq/iscas/Parser_Comparison/../benchmarks/part52/non-incremental/QF_LIA/rings/ring_2exp6_4vars_1ite_unsat.smt2,10.9939,0,253,成功
/pub/data/jiafq/iscas/Parser_Comparison/../benchmarks/part52/non-incremental/QF_LIA/rings/ring_2exp6_4vars_2ite_unsat.smt2,6.79716,0,243,成功
/pub/data/jiafq/iscas/Parser_Comparison/../benchmarks/part52/non-incremental/QF_LIA/rings/ring_2exp6_4vars_3ite_unsat.smt2,6.49272,0,237,成功
/pub/data/jiafq/iscas/Parser_Comparison/../benchmarks/part52/non-incremental/QF_LIA/rings/ring_2exp6_5vars_0ite_unsat.smt2,9.3482,0,349,成功
/pub/data/jiafq/iscas/Parser_Comparison/../benchmarks/part52/non-incremental/QF_LIA/rings/ring_2exp6_5vars_1ite_unsat.smt2,11.8239,224,350,成功
/pub/data/jiafq/iscas/Parser_Comparison/../benchmarks/part52/non-incremental/QF_LIA/rings/ring_2exp6_5vars_2ite_unsat.smt2,8.69614,0,340,成功
/pub/data/jiafq/iscas/Parser_Comparison/../benchmarks/part52/non-incremental/QF_LIA/rings/ring_2exp6_5vars_3ite_unsat.smt2,10.8302,0,337,成功
/pub/data/jiafq/iscas/Parser_Comparison/../benchmarks/part52/non-incremental/QF_LIA/rings/ring_2exp6_5vars_4ite_unsat.smt2,16.4703,0,334,成功
/pub/data/jiafq/iscas/Parser_Comparison/../benchmarks/part52/non-incremental/QF_LIA/rings/ring_2exp6_6vars_0ite_unsat.smt2,15.1651,0,449,成功
/pub/data/jiafq/iscas/Parser_Comparison/../benchmarks/part52/non-incremental/QF_LIA/rings/ring_2exp6_6vars_1ite_unsat.smt2,17.9195,0,453,成功
/pub/data/jiafq/iscas/Parser_Comparison/../benchmarks/part52/non-incremental/QF_LIA/rings/ring_2exp6_6vars_2ite_unsat.smt2,11.1501,0,443,成功
/pub/data/jiafq/iscas/Parser_Comparison/../benchmarks/part52/non-incremental/QF_LIA/rings/ring_2exp6_6vars_3ite_unsat.smt2,17.5006,0,443,成功
/pub/data/jiafq/iscas/Parser_Comparison/../benchmarks/part52/non-incremental/QF_LIA/rings/ring_2exp6_6vars_4ite_unsat.smt2,18.7292,0,440,成功
/pub/data/jiafq/iscas/Parser_Comparison/../benchmarks/part52/non-incremental/QF_LIA/rings/ring_2exp6_6vars_5ite_unsat.smt2,16.318,0,437,成功
/pub/data/jiafq/iscas/Parser_Comparison/../benchmarks/part52/non-incremental/QF_LIA/rings/ring_2exp6_7vars_0ite_unsat.smt2,18.4819,0,554,成功
/pub/data/jiafq/iscas/Parser_Comparison/../benchmarks/part52/non-incremental/QF_LIA/rings/ring_2exp6_7vars_1ite_unsat.smt2,21.5787,0,561,成功
/pub/data/jiafq/iscas/Parser_Comparison/../benchmarks/part52/non-incremental/QF_LIA/rings/ring_2exp6_7vars_2ite_unsat.smt2,20.628,0,551,成功
/pub/data/jiafq/iscas/Parser_Comparison/../benchmarks/part52/non-incremental/QF_LIA/rings/ring_2exp6_7vars_3ite_unsat.smt2,17.7493,0,554,成功
/pub/data/jiafq/iscas/Parser_Comparison/../benchmarks/part52/non-incremental/QF_LIA/rings/ring_2exp6_7vars_4ite_unsat.smt2,15.2319,0,551,成功
/pub/data/jiafq/iscas/Parser_Comparison/../benchmarks/part52/non-incremental/QF_LIA/rings/ring_2exp6_7vars_5ite_unsat.smt2,13.4961,0,551,成功
/pub/data/jiafq/iscas/Parser_Comparison/../benchmarks/part52/non-incremental/QF_LIA/rings/ring_2exp6_7vars_6ite_unsat.smt2,21.6717,0,562,成功
/pub/data/jiafq/iscas/Parser_Comparison/../benchmarks/part52/non-incremental/QF_LIA/rings/ring_2exp6_8vars_0ite_unsat.smt2,23.8805,0,665,成功
/pub/data/jiafq/iscas/Parser_Comparison/../benchmarks/part52/non-incremental/QF_LIA/rings/ring_2exp6_8vars_1ite_unsat.smt2,20.0835,0,675,成功
/pub/data/jiafq/iscas/Parser_Comparison/../benchmarks/part52/non-incremental/QF_LIA/rings/ring_2exp6_8vars_2ite_unsat.smt2,22.4405,0,665,成功
/pub/data/jiafq/iscas/Parser_Comparison/../benchmarks/part52/non-incremental/QF_LIA/rings/ring_2exp6_8vars_3ite_unsat.smt2,21.6115,0,671,成功
/pub/data/jiafq/iscas/Parser_Comparison/../benchmarks/part52/non-incremental/QF_LIA/rings/ring_2exp6_8vars_4ite_unsat.smt2,21.1668,0,668,成功
/pub/data/jiafq/iscas/Parser_Comparison/../benchmarks/part52/non-incremental/QF_LIA/rings/ring_2exp6_8vars_5ite_unsat.smt2,24.8515,0,671,成功
/pub/data/jiafq/iscas/Parser_Comparison/../benchmarks/part52/non-incremental/QF_LIA/rings/ring_2exp6_8vars_6ite_unsat.smt2,21.5495,0,682,成功
/pub/data/jiafq/iscas/Parser_Comparison/../benchmarks/part52/non-incremental/QF_LIA/rings/ring_2exp6_8vars_7ite_unsat.smt2,17.3714,0,682,成功
/pub/data/jiafq/iscas/Parser_Comparison/../benchmarks/part52/non-incremental/QF_LIA/rings/ring_2exp6_9vars_0ite_unsat.smt2,20.6007,0,782,成功
/pub/data/jiafq/iscas/Parser_Comparison/../benchmarks/part52/non-incremental/QF_LIA/rings/ring_2exp6_9vars_1ite_unsat.smt2,26.8618,0,795,成功
/pub/data/jiafq/iscas/Parser_Comparison/../benchmarks/part52/non-incremental/QF_LIA/rings/ring_2exp6_9vars_2ite_unsat.smt2,19.7531,0,785,成功
/pub/data/jiafq/iscas/Parser_Comparison/../benchmarks/part52/non-incremental/QF_LIA/rings/ring_2exp6_9vars_3ite_unsat.smt2,18.6165,0,794,成功
/pub/data/jiafq/iscas/Parser_Comparison/../benchmarks/part52/non-incremental/QF_LIA/rings/ring_2exp6_9vars_4ite_unsat.smt2,21.6721,0,791,成功
/pub/data/jiafq/iscas/Parser_Comparison/../benchmarks/part52/non-incremental/QF_LIA/rings/ring_2exp6_9vars_5ite_unsat.smt2,18.5997,0,797,成功
/pub/data/jiafq/iscas/Parser_Comparison/../benchmarks/part52/non-incremental/QF_LIA/rings/ring_2exp6_9vars_6ite_unsat.smt2,20.9413,0,808,成功
/pub/data/jiafq/iscas/Parser_Comparison/../benchmarks/part52/non-incremental/QF_LIA/rings/ring_2exp6_9vars_7ite_unsat.smt2,25.462,0,811,成功
/pub/data/jiafq/iscas/Parser_Comparison/../benchmarks/part52/non-incremental/QF_LIA/rings/ring_2exp6_9vars_8ite_unsat.smt2,19.6774,0,850,成功
/pub/data/jiafq/iscas/Parser_Comparison/../benchmarks/part52/non-incremental/QF_LIA/rings/ring_2exp8_3vars_0ite_unsat.smt2,5.71803,0,167,成功
/pub/data/jiafq/iscas/Parser_Comparison/../benchmarks/part52/non-incremental/QF_LIA/rings/ring_2exp8_3vars_1ite_unsat.smt2,10.519,0,162,成功
/pub/data/jiafq/iscas/Parser_Comparison/../benchmarks/part52/non-incremental/QF_LIA/rings/ring_2exp8_3vars_2ite_unsat.smt2,9.88396,0,152,成功
/pub/data/jiafq/iscas/Parser_Comparison/../benchmarks/part52/non-incremental/QF_LIA/rings/ring_2exp8_4vars_0ite_unsat.smt2,11.5382,0,255,成功
/pub/data/jiafq/iscas/Parser_Comparison/../benchmarks/part52/non-incremental/QF_LIA/rings/ring_2exp8_4vars_1ite_unsat.smt2,7.03463,0,253,成功
/pub/data/jiafq/iscas/Parser_Comparison/../benchmarks/part52/non-incremental/QF_LIA/rings/ring_2exp8_4vars_2ite_unsat.smt2,8.19647,0,243,成功
/pub/data/jiafq/iscas/Parser_Comparison/../benchmarks/part52/non-incremental/QF_LIA/rings/ring_2exp8_4vars_3ite_unsat.smt2,14.0436,0,237,成功
/pub/data/jiafq/iscas/Parser_Comparison/../benchmarks/part52/non-incremental/QF_LIA/rings/ring_2exp8_5vars_0ite_unsat.smt2,10.8181,0,349,成功
/pub/data/jiafq/iscas/Parser_Comparison/../benchmarks/part52/non-incremental/QF_LIA/rings/ring_2exp8_5vars_1ite_unsat.smt2,15.176,0,350,成功
/pub/data/jiafq/iscas/Parser_Comparison/../benchmarks/part52/non-incremental/QF_LIA/rings/ring_2exp8_5vars_2ite_unsat.smt2,15.8107,0,340,成功
/pub/data/jiafq/iscas/Parser_Comparison/../benchmarks/part52/non-incremental/QF_LIA/rings/ring_2exp8_5vars_3ite_unsat.smt2,9.92991,0,337,成功
/pub/data/jiafq/iscas/Parser_Comparison/../benchmarks/part52/non-incremental/QF_LIA/rings/ring_2exp8_5vars_4ite_unsat.smt2,14.6969,0,334,成功
/pub/data/jiafq/iscas/Parser_Comparison/../benchmarks/part52/non-incremental/QF_LIA/rings/ring_2exp8_6vars_0ite_unsat.smt2,12.6326,0,449,成功
/pub/data/jiafq/iscas/Parser_Comparison/../benchmarks/part52/non-incremental/QF_LIA/rings/ring_2exp8_6vars_1ite_unsat.smt2,11.5329,0,453,成功
/pub/data/jiafq/iscas/Parser_Comparison/../benchmarks/part52/non-incremental/QF_LIA/rings/ring_2exp8_6vars_2ite_unsat.smt2,11.5191,0,443,成功
/pub/data/jiafq/iscas/Parser_Comparison/../benchmarks/part52/non-incremental/QF_LIA/rings/ring_2exp8_6vars_3ite_unsat.smt2,18.737,0,443,成功
/pub/data/jiafq/iscas/Parser_Comparison/../benchmarks/part52/non-incremental/QF_LIA/rings/ring_2exp8_6vars_4ite_unsat.smt2,17.4927,0,440,成功
/pub/data/jiafq/iscas/Parser_Comparison/../benchmarks/part52/non-incremental/QF_LIA/rings/ring_2exp8_6vars_5ite_unsat.smt2,16.7519,0,437,成功
/pub/data/jiafq/iscas/Parser_Comparison/../benchmarks/part52/non-incremental/QF_LIA/rings/ring_2exp8_7vars_0ite_unsat.smt2,15.3938,0,555,成功
/pub/data/jiafq/iscas/Parser_Comparison/../benchmarks/part52/non-incremental/QF_LIA/rings/ring_2exp8_7vars_1ite_unsat.smt2,19.9752,0,562,成功
/pub/data/jiafq/iscas/Parser_Comparison/../benchmarks/part52/non-incremental/QF_LIA/rings/ring_2exp8_7vars_2ite_unsat.smt2,17.1977,0,552,成功
/pub/data/jiafq/iscas/Parser_Comparison/../benchmarks/part52/non-incremental/QF_LIA/rings/ring_2exp8_7vars_3ite_unsat.smt2,13.4713,0,555,成功
/pub/data/jiafq/iscas/Parser_Comparison/../benchmarks/part52/non-incremental/QF_LIA/rings/ring_2exp8_7vars_4ite_unsat.smt2,13.641,0,552,成功
/pub/data/jiafq/iscas/Parser_Comparison/../benchmarks/part52/non-incremental/QF_LIA/rings/ring_2exp8_7vars_5ite_unsat.smt2,20.71,0,552,成功
/pub/data/jiafq/iscas/Parser_Comparison/../benchmarks/part52/non-incremental/QF_LIA/rings/ring_2exp8_7vars_6ite_unsat.smt2,15.9812,0,563,成功
/pub/data/jiafq/iscas/Parser_Comparison/../benchmarks/part52/non-incremental/QF_LIA/rings/ring_2exp8_8vars_0ite_unsat.smt2,18.7386,0,667,成功
/pub/data/jiafq/iscas/Parser_Comparison/../benchmarks/part52/non-incremental/QF_LIA/rings/ring_2exp8_8vars_1ite_unsat.smt2,18.3583,0,677,成功
/pub/data/jiafq/iscas/Parser_Comparison/../benchmarks/part52/non-incremental/QF_LIA/rings/ring_2exp8_8vars_2ite_unsat.smt2,21.8665,0,667,成功
/pub/data/jiafq/iscas/Parser_Comparison/../benchmarks/part52/non-incremental/QF_LIA/rings/ring_2exp8_8vars_3ite_unsat.smt2,23.3152,0,673,成功
/pub/data/jiafq/iscas/Parser_Comparison/../benchmarks/part52/non-incremental/QF_LIA/rings/ring_2exp8_8vars_4ite_unsat.smt2,24.8497,0,670,成功
/pub/data/jiafq/iscas/Parser_Comparison/../benchmarks/part52/non-incremental/QF_LIA/rings/ring_2exp8_8vars_5ite_unsat.smt2,22.8649,0,673,成功
/pub/data/jiafq/iscas/Parser_Comparison/../benchmarks/part52/non-incremental/QF_LIA/rings/ring_2exp8_8vars_6ite_unsat.smt2,19.9041,0,684,成功
/pub/data/jiafq/iscas/Parser_Comparison/../benchmarks/part52/non-incremental/QF_LIA/rings/ring_2exp8_8vars_7ite_unsat.smt2,24.4868,0,684,成功
/pub/data/jiafq/iscas/Parser_Comparison/../benchmarks/part52/non-incremental/QF_LIA/rings/ring_2exp8_9vars_0ite_unsat.smt2,20.6168,0,784,成功
/pub/data/jiafq/iscas/Parser_Comparison/../benchmarks/part52/non-incremental/QF_LIA/rings/ring_2exp8_9vars_1ite_unsat.smt2,27.3037,0,797,成功
/pub/data/jiafq/iscas/Parser_Comparison/../benchmarks/part52/non-incremental/QF_LIA/rings/ring_2exp8_9vars_2ite_unsat.smt2,24.5303,0,787,成功
/pub/data/jiafq/iscas/Parser_Comparison/../benchmarks/part52/non-incremental/QF_LIA/rings/ring_2exp8_9vars_3ite_unsat.smt2,25.563,0,796,成功
/pub/data/jiafq/iscas/Parser_Comparison/../benchmarks/part52/non-incremental/QF_LIA/rings/ring_2exp8_9vars_4ite_unsat.smt2,19.1625,0,793,成功
/pub/data/jiafq/iscas/Parser_Comparison/../benchmarks/part52/non-incremental/QF_LIA/rings/ring_2exp8_9vars_5ite_unsat.smt2,25.2656,0,799,成功
/pub/data/jiafq/iscas/Parser_Comparison/../benchmarks/part52/non-incremental/QF_LIA/rings/ring_2exp8_9vars_6ite_unsat.smt2,20.5402,0,810,成功
/pub/data/jiafq/iscas/Parser_Comparison/../benchmarks/part52/non-incremental/QF_LIA/rings/ring_2exp8_9vars_7ite_unsat.smt2,20.7921,0,813,成功
/pub/data/jiafq/iscas/Parser_Comparison/../benchmarks/part52/non-incremental/QF_LIA/rings/ring_2exp8_9vars_8ite_unsat.smt2,27.7743,0,852,成功
/pub/data/jiafq/iscas/Parser_Comparison/../benchmarks/part52/non-incremental/QF_LIA/rings_preprocessed/ring_2exp10_3vars_0ite_unsat.smt2,5.85517,0,190,成功
/pub/data/jiafq/iscas/Parser_Comparison/../benchmarks/part52/non-incremental/QF_LIA/rings_preprocessed/ring_2exp10_3vars_1ite_unsat.smt2,6.41231,0,204,成功
/pub/data/jiafq/iscas/Parser_Comparison/../benchmarks/part52/non-incremental/QF_LIA/rings_preprocessed/ring_2exp10_3vars_2ite_unsat.smt2,11.5786,0,216,成功
/pub/data/jiafq/iscas/Parser_Comparison/../benchmarks/part52/non-incremental/QF_LIA/rings_preprocessed/ring_2exp10_4vars_0ite_unsat.smt2,9.74231,0,296,成功
/pub/data/jiafq/iscas/Parser_Comparison/../benchmarks/part52/non-incremental/QF_LIA/rings_preprocessed/ring_2exp10_4vars_1ite_unsat.smt2,16.9569,0,308,成功
/pub/data/jiafq/iscas/Parser_Comparison/../benchmarks/part52/non-incremental/QF_LIA/rings_preprocessed/ring_2exp10_4vars_2ite_unsat.smt2,9.79178,0,321,成功
/pub/data/jiafq/iscas/Parser_Comparison/../benchmarks/part52/non-incremental/QF_LIA/rings_preprocessed/ring_2exp10_4vars_3ite_unsat.smt2,9.58996,0,318,成功
/pub/data/jiafq/iscas/Parser_Comparison/../benchmarks/part52/non-incremental/QF_LIA/rings_preprocessed/ring_2exp10_5vars_0ite_unsat.smt2,19.4242,0,408,成功
/pub/data/jiafq/iscas/Parser_Comparison/../benchmarks/part52/non-incremental/QF_LIA/rings_preprocessed/ring_2exp10_5vars_1ite_unsat.smt2,11.499,0,422,成功
/pub/data/jiafq/iscas/Parser_Comparison/../benchmarks/part52/non-incremental/QF_LIA/rings_preprocessed/ring_2exp10_5vars_2ite_unsat.smt2,17.5217,0,433,成功
/pub/data/jiafq/iscas/Parser_Comparison/../benchmarks/part52/non-incremental/QF_LIA/rings_preprocessed/ring_2exp10_5vars_3ite_unsat.smt2,13.1842,0,426,成功
/pub/data/jiafq/iscas/Parser_Comparison/../benchmarks/part52/non-incremental/QF_LIA/rings_preprocessed/ring_2exp10_5vars_4ite_unsat.smt2,17.1687,0,463,成功
/pub/data/jiafq/iscas/Parser_Comparison/../benchmarks/part52/non-incremental/QF_LIA/rings_preprocessed/ring_2exp10_6vars_0ite_unsat.smt2,22.5441,0,528,成功
/pub/data/jiafq/iscas/Parser_Comparison/../benchmarks/part52/non-incremental/QF_LIA/rings_preprocessed/ring_2exp10_6vars_1ite_unsat.smt2,20.5946,0,540,成功
/pub/data/jiafq/iscas/Parser_Comparison/../benchmarks/part52/non-incremental/QF_LIA/rings_preprocessed/ring_2exp10_6vars_2ite_unsat.smt2,19.7457,0,551,成功
/pub/data/jiafq/iscas/Parser_Comparison/../benchmarks/part52/non-incremental/QF_LIA/rings_preprocessed/ring_2exp10_6vars_3ite_unsat.smt2,21.8079,0,537,成功
/pub/data/jiafq/iscas/Parser_Comparison/../benchmarks/part52/non-incremental/QF_LIA/rings_preprocessed/ring_2exp10_6vars_4ite_unsat.smt2,14.7106,0,575,成功
/pub/data/jiafq/iscas/Parser_Comparison/../benchmarks/part52/non-incremental/QF_LIA/rings_preprocessed/ring_2exp10_6vars_5ite_unsat.smt2,14.7075,0,567,成功
/pub/data/jiafq/iscas/Parser_Comparison/../benchmarks/part52/non-incremental/QF_LIA/rings_preprocessed/ring_2exp10_7vars_0ite_unsat.smt2,23.6762,0,655,成功
/pub/data/jiafq/iscas/Parser_Comparison/../benchmarks/part52/non-incremental/QF_LIA/rings_preprocessed/ring_2exp10_7vars_1ite_unsat.smt2,19.6326,0,669,成功
/pub/data/jiafq/iscas/Parser_Comparison/../benchmarks/part52/non-incremental/QF_LIA/rings_preprocessed/ring_2exp10_7vars_2ite_unsat.smt2,25.15,0,677,成功
/pub/data/jiafq/iscas/Parser_Comparison/../benchmarks/part52/non-incremental/QF_LIA/rings_preprocessed/ring_2exp10_7vars_3ite_unsat.smt2,20.4505,0,659,成功
/pub/data/jiafq/iscas/Parser_Comparison/../benchmarks/part52/non-incremental/QF_LIA/rings_preprocessed/ring_2exp10_7vars_4ite_unsat.smt2,25.0527,0,692,成功
/pub/data/jiafq/iscas/Parser_Comparison/../benchmarks/part52/non-incremental/QF_LIA/rings_preprocessed/ring_2exp10_7vars_5ite_unsat.smt2,24.0896,0,679,成功
/pub/data/jiafq/iscas/Parser_Comparison/../benchmarks/part52/non-incremental/QF_LIA/rings_preprocessed/ring_2exp10_7vars_6ite_unsat.smt2,26.4844,0,774,成功
/pub/data/jiafq/iscas/Parser_Comparison/../benchmarks/part52/non-incremental/QF_LIA/rings_preprocessed/ring_2exp10_8vars_0ite_unsat.smt2,27.9122,0,786,成功
/pub/data/jiafq/iscas/Parser_Comparison/../benchmarks/part52/non-incremental/QF_LIA/rings_preprocessed/ring_2exp10_8vars_1ite_unsat.smt2,26.3732,0,799,成功
/pub/data/jiafq/iscas/Parser_Comparison/../benchmarks/part52/non-incremental/QF_LIA/rings_preprocessed/ring_2exp10_8vars_2ite_unsat.smt2,23.5707,0,807,成功
/pub/data/jiafq/iscas/Parser_Comparison/../benchmarks/part52/non-incremental/QF_LIA/rings_preprocessed/ring_2exp10_8vars_3ite_unsat.smt2,27.6669,0,782,成功
/pub/data/jiafq/iscas/Parser_Comparison/../benchmarks/part52/non-incremental/QF_LIA/rings_preprocessed/ring_2exp10_8vars_4ite_unsat.smt2,20.7601,0,820,成功
/pub/data/jiafq/iscas/Parser_Comparison/../benchmarks/part52/non-incremental/QF_LIA/rings_preprocessed/ring_2exp10_8vars_5ite_unsat.smt2,28.4466,0,800,成功
/pub/data/jiafq/iscas/Parser_Comparison/../benchmarks/part52/non-incremental/QF_LIA/rings_preprocessed/ring_2exp10_8vars_6ite_unsat.smt2,22.8858,0,896,成功
/pub/data/jiafq/iscas/Parser_Comparison/../benchmarks/part52/non-incremental/QF_LIA/rings_preprocessed/ring_2exp10_8vars_7ite_unsat.smt2,28.4353,0,882,成功
/pub/data/jiafq/iscas/Parser_Comparison/../benchmarks/part52/non-incremental/QF_LIA/rings_preprocessed/ring_2exp10_9vars_0ite_unsat.smt2,26.7494,0,922,成功
/pub/data/jiafq/iscas/Parser_Comparison/../benchmarks/part52/non-incremental/QF_LIA/rings_preprocessed/ring_2exp10_9vars_1ite_unsat.smt2,30.1487,0,936,成功
/pub/data/jiafq/iscas/Parser_Comparison/../benchmarks/part52/non-incremental/QF_LIA/rings_preprocessed/ring_2exp10_9vars_2ite_unsat.smt2,26.1597,0,942,成功
/pub/data/jiafq/iscas/Parser_Comparison/../benchmarks/part52/non-incremental/QF_LIA/rings_preprocessed/ring_2exp10_9vars_3ite_unsat.smt2,28.6855,0,911,成功
/pub/data/jiafq/iscas/Parser_Comparison/../benchmarks/part52/non-incremental/QF_LIA/rings_preprocessed/ring_2exp10_9vars_4ite_unsat.smt2,27.8438,0,944,成功
/pub/data/jiafq/iscas/Parser_Comparison/../benchmarks/part52/non-incremental/QF_LIA/rings_preprocessed/ring_2exp10_9vars_5ite_unsat.smt2,28.8499,0,917,成功
/pub/data/jiafq/iscas/Parser_Comparison/../benchmarks/part52/non-incremental/QF_LIA/rings_preprocessed/ring_2exp10_9vars_6ite_unsat.smt2,25.7773,0,1012,成功
/pub/data/jiafq/iscas/Parser_Comparison/../benchmarks/part52/non-incremental/QF_LIA/rings_preprocessed/ring_2exp10_9vars_7ite_unsat.smt2,25.0434,0,993,成功
/pub/data/jiafq/iscas/Parser_Comparison/../benchmarks/part52/non-incremental/QF_LIA/rings_preprocessed/ring_2exp10_9vars_8ite_unsat.smt2,29.0985,0,1198,成功
/pub/data/jiafq/iscas/Parser_Comparison/../benchmarks/part52/non-incremental/QF_LIA/rings_preprocessed/ring_2exp12_3vars_0ite_unsat.smt2,11.7926,0,190,成功
/pub/data/jiafq/iscas/Parser_Comparison/../benchmarks/part52/non-incremental/QF_LIA/rings_preprocessed/ring_2exp12_3vars_1ite_unsat.smt2,6.50788,0,204,成功
/pub/data/jiafq/iscas/Parser_Comparison/../benchmarks/part52/non-incremental/QF_LIA/rings_preprocessed/ring_2exp12_3vars_2ite_unsat.smt2,12.2701,0,216,成功
/pub/data/jiafq/iscas/Parser_Comparison/../benchmarks/part52/non-incremental/QF_LIA/rings_preprocessed/ring_2exp12_4vars_0ite_unsat.smt2,13.8321,0,296,成功
/pub/data/jiafq/iscas/Parser_Comparison/../benchmarks/part52/non-incremental/QF_LIA/rings_preprocessed/ring_2exp12_4vars_1ite_unsat.smt2,10.1581,0,308,成功
/pub/data/jiafq/iscas/Parser_Comparison/../benchmarks/part52/non-incremental/QF_LIA/rings_preprocessed/ring_2exp12_4vars_2ite_unsat.smt2,17.0207,0,321,成功
/pub/data/jiafq/iscas/Parser_Comparison/../benchmarks/part52/non-incremental/QF_LIA/rings_preprocessed/ring_2exp12_4vars_3ite_unsat.smt2,16.0283,0,318,成功
/pub/data/jiafq/iscas/Parser_Comparison/../benchmarks/part52/non-incremental/QF_LIA/rings_preprocessed/ring_2exp12_5vars_0ite_unsat.smt2,11.0103,0,408,成功
/pub/data/jiafq/iscas/Parser_Comparison/../benchmarks/part52/non-incremental/QF_LIA/rings_preprocessed/ring_2exp12_5vars_1ite_unsat.smt2,13.1438,0,422,成功
/pub/data/jiafq/iscas/Parser_Comparison/../benchmarks/part52/non-incremental/QF_LIA/rings_preprocessed/ring_2exp12_5vars_2ite_unsat.smt2,13.2797,0,433,成功
/pub/data/jiafq/iscas/Parser_Comparison/../benchmarks/part52/non-incremental/QF_LIA/rings_preprocessed/ring_2exp12_5vars_3ite_unsat.smt2,11.5322,0,426,成功
/pub/data/jiafq/iscas/Parser_Comparison/../benchmarks/part52/non-incremental/QF_LIA/rings_preprocessed/ring_2exp12_5vars_4ite_unsat.smt2,19.0938,0,463,成功
/pub/data/jiafq/iscas/Parser_Comparison/../benchmarks/part52/non-incremental/QF_LIA/rings_preprocessed/ring_2exp12_6vars_0ite_unsat.smt2,14.8392,0,529,成功
/pub/data/jiafq/iscas/Parser_Comparison/../benchmarks/part52/non-incremental/QF_LIA/rings_preprocessed/ring_2exp12_6vars_1ite_unsat.smt2,16.6367,0,541,成功
/pub/data/jiafq/iscas/Parser_Comparison/../benchmarks/part52/non-incremental/QF_LIA/rings_preprocessed/ring_2exp12_6vars_2ite_unsat.smt2,17.2967,0,552,成功
/pub/data/jiafq/iscas/Parser_Comparison/../benchmarks/part52/non-incremental/QF_LIA/rings_preprocessed/ring_2exp12_6vars_3ite_unsat.smt2,13.9876,0,538,成功
/pub/data/jiafq/iscas/Parser_Comparison/../benchmarks/part52/non-incremental/QF_LIA/rings_preprocessed/ring_2exp12_6vars_4ite_unsat.smt2,21.316,0,576,成功
/pub/data/jiafq/iscas/Parser_Comparison/../benchmarks/part52/non-incremental/QF_LIA/rings_preprocessed/ring_2exp12_6vars_5ite_unsat.smt2,14.4836,0,568,成功
/pub/data/jiafq/iscas/Parser_Comparison/../benchmarks/part52/non-incremental/QF_LIA/rings_preprocessed/ring_2exp12_7vars_0ite_unsat.smt2,24.2929,0,657,成功
/pub/data/jiafq/iscas/Parser_Comparison/../benchmarks/part52/non-incremental/QF_LIA/rings_preprocessed/ring_2exp12_7vars_1ite_unsat.smt2,22.5924,0,671,成功
/pub/data/jiafq/iscas/Parser_Comparison/../benchmarks/part52/non-incremental/QF_LIA/rings_preprocessed/ring_2exp12_7vars_2ite_unsat.smt2,24.3851,0,680,成功
/pub/data/jiafq/iscas/Parser_Comparison/../benchmarks/part52/non-incremental/QF_LIA/rings_preprocessed/ring_2exp12_7vars_3ite_unsat.smt2,20.4023,0,662,成功
/pub/data/jiafq/iscas/Parser_Comparison/../benchmarks/part52/non-incremental/QF_LIA/rings_preprocessed/ring_2exp12_7vars_4ite_unsat.smt2,24.3576,0,695,成功
/pub/data/jiafq/iscas/Parser_Comparison/../benchmarks/part52/non-incremental/QF_LIA/rings_preprocessed/ring_2exp12_7vars_5ite_unsat.smt2,25.4649,0,681,成功
/pub/data/jiafq/iscas/Parser_Comparison/../benchmarks/part52/non-incremental/QF_LIA/rings_preprocessed/ring_2exp12_7vars_6ite_unsat.smt2,25.8373,0,776,成功
/pub/data/jiafq/iscas/Parser_Comparison/../benchmarks/part52/non-incremental/QF_LIA/rings_preprocessed/ring_2exp12_8vars_0ite_unsat.smt2,24.9737,0,788,成功
/pub/data/jiafq/iscas/Parser_Comparison/../benchmarks/part52/non-incremental/QF_LIA/rings_preprocessed/ring_2exp12_8vars_1ite_unsat.smt2,28.172,0,801,成功
/pub/data/jiafq/iscas/Parser_Comparison/../benchmarks/part52/non-incremental/QF_LIA/rings_preprocessed/ring_2exp12_8vars_2ite_unsat.smt2,28.6104,0,809,成功
/pub/data/jiafq/iscas/Parser_Comparison/../benchmarks/part52/non-incremental/QF_LIA/rings_preprocessed/ring_2exp12_8vars_3ite_unsat.smt2,25.4445,0,784,成功
/pub/data/jiafq/iscas/Parser_Comparison/../benchmarks/part52/non-incremental/QF_LIA/rings_preprocessed/ring_2exp12_8vars_4ite_unsat.smt2,22.9587,0,822,成功
/pub/data/jiafq/iscas/Parser_Comparison/../benchmarks/part52/non-incremental/QF_LIA/rings_preprocessed/ring_2exp12_8vars_5ite_unsat.smt2,19.95,0,803,成功
/pub/data/jiafq/iscas/Parser_Comparison/../benchmarks/part52/non-incremental/QF_LIA/rings_preprocessed/ring_2exp12_8vars_6ite_unsat.smt2,29.0919,0,900,成功
/pub/data/jiafq/iscas/Parser_Comparison/../benchmarks/part52/non-incremental/QF_LIA/rings_preprocessed/ring_2exp12_8vars_7ite_unsat.smt2,24.1268,0,885,成功
/pub/data/jiafq/iscas/Parser_Comparison/../benchmarks/part52/non-incremental/QF_LIA/rings_preprocessed/ring_2exp12_9vars_0ite_unsat.smt2,22.4536,0,924,成功
/pub/data/jiafq/iscas/Parser_Comparison/../benchmarks/part52/non-incremental/QF_LIA/rings_preprocessed/ring_2exp12_9vars_1ite_unsat.smt2,30.1281,0,938,成功
/pub/data/jiafq/iscas/Parser_Comparison/../benchmarks/part52/non-incremental/QF_LIA/rings_preprocessed/ring_2exp12_9vars_2ite_unsat.smt2,31.5796,0,944,成功
/pub/data/jiafq/iscas/Parser_Comparison/../benchmarks/part52/non-incremental/QF_LIA/rings_preprocessed/ring_2exp12_9vars_3ite_unsat.smt2,23.2412,0,913,成功
/pub/data/jiafq/iscas/Parser_Comparison/../benchmarks/part52/non-incremental/QF_LIA/rings_preprocessed/ring_2exp12_9vars_4ite_unsat.smt2,31.2031,0,947,成功
/pub/data/jiafq/iscas/Parser_Comparison/../benchmarks/part52/non-incremental/QF_LIA/rings_preprocessed/ring_2exp12_9vars_5ite_unsat.smt2,22.6969,0,920,成功
/pub/data/jiafq/iscas/Parser_Comparison/../benchmarks/part52/non-incremental/QF_LIA/rings_preprocessed/ring_2exp12_9vars_6ite_unsat.smt2,25.5131,0,1016,成功
/pub/data/jiafq/iscas/Parser_Comparison/../benchmarks/part52/non-incremental/QF_LIA/rings_preprocessed/ring_2exp12_9vars_7ite_unsat.smt2,24.2396,0,997,成功
/pub/data/jiafq/iscas/Parser_Comparison/../benchmarks/part52/non-incremental/QF_LIA/rings_preprocessed/ring_2exp12_9vars_8ite_unsat.smt2,29.1462,0,1202,成功
/pub/data/jiafq/iscas/Parser_Comparison/../benchmarks/part52/non-incremental/QF_LIA/rings_preprocessed/ring_2exp14_3vars_0ite_unsat.smt2,7.03224,0,190,成功
/pub/data/jiafq/iscas/Parser_Comparison/../benchmarks/part52/non-incremental/QF_LIA/rings_preprocessed/ring_2exp14_3vars_1ite_unsat.smt2,10.0755,0,204,成功
/pub/data/jiafq/iscas/Parser_Comparison/../benchmarks/part52/non-incremental/QF_LIA/rings_preprocessed/ring_2exp14_3vars_2ite_unsat.smt2,10.0118,0,216,成功
/pub/data/jiafq/iscas/Parser_Comparison/../benchmarks/part52/non-incremental/QF_LIA/rings_preprocessed/ring_2exp14_4vars_0ite_unsat.smt2,9.03192,0,296,成功
/pub/data/jiafq/iscas/Parser_Comparison/../benchmarks/part52/non-incremental/QF_LIA/rings_preprocessed/ring_2exp14_4vars_1ite_unsat.smt2,15.4248,0,308,成功
/pub/data/jiafq/iscas/Parser_Comparison/../benchmarks/part52/non-incremental/QF_LIA/rings_preprocessed/ring_2exp14_4vars_2ite_unsat.smt2,9.64054,0,321,成功
/pub/data/jiafq/iscas/Parser_Comparison/../benchmarks/part52/non-incremental/QF_LIA/rings_preprocessed/ring_2exp14_4vars_3ite_unsat.smt2,9.06587,0,318,成功
/pub/data/jiafq/iscas/Parser_Comparison/../benchmarks/part52/non-incremental/QF_LIA/rings_preprocessed/ring_2exp14_5vars_0ite_unsat.smt2,17.0322,0,408,成功
/pub/data/jiafq/iscas/Parser_Comparison/../benchmarks/part52/non-incremental/QF_LIA/rings_preprocessed/ring_2exp14_5vars_1ite_unsat.smt2,11.8197,0,422,成功
/pub/data/jiafq/iscas/Parser_Comparison/../benchmarks/part52/non-incremental/QF_LIA/rings_preprocessed/ring_2exp14_5vars_2ite_unsat.smt2,14.8667,0,433,成功
/pub/data/jiafq/iscas/Parser_Comparison/../benchmarks/part52/non-incremental/QF_LIA/rings_preprocessed/ring_2exp14_5vars_3ite_unsat.smt2,11.5868,0,426,成功
/pub/data/jiafq/iscas/Parser_Comparison/../benchmarks/part52/non-incremental/QF_LIA/rings_preprocessed/ring_2exp14_5vars_4ite_unsat.smt2,15.0372,0,463,成功
/pub/data/jiafq/iscas/Parser_Comparison/../benchmarks/part52/non-incremental/QF_LIA/rings_preprocessed/ring_2exp14_6vars_0ite_unsat.smt2,15.9189,0,529,成功
/pub/data/jiafq/iscas/Parser_Comparison/../benchmarks/part52/non-incremental/QF_LIA/rings_preprocessed/ring_2exp14_6vars_1ite_unsat.smt2,14.3018,0,541,成功
/pub/data/jiafq/iscas/Parser_Comparison/../benchmarks/part52/non-incremental/QF_LIA/rings_preprocessed/ring_2exp14_6vars_2ite_unsat.smt2,22.52,0,552,成功
/pub/data/jiafq/iscas/Parser_Comparison/../benchmarks/part52/non-incremental/QF_LIA/rings_preprocessed/ring_2exp14_6vars_3ite_unsat.smt2,14.3072,0,538,成功
/pub/data/jiafq/iscas/Parser_Comparison/../benchmarks/part52/non-incremental/QF_LIA/rings_preprocessed/ring_2exp14_6vars_4ite_unsat.smt2,17.8097,0,576,成功
/pub/data/jiafq/iscas/Parser_Comparison/../benchmarks/part52/non-incremental/QF_LIA/rings_preprocessed/ring_2exp14_6vars_5ite_unsat.smt2,20.148,0,568,成功
/pub/data/jiafq/iscas/Parser_Comparison/../benchmarks/part52/non-incremental/QF_LIA/rings_preprocessed/ring_2exp14_7vars_0ite_unsat.smt2,22.0529,0,658,成功
/pub/data/jiafq/iscas/Parser_Comparison/../benchmarks/part52/non-incremental/QF_LIA/rings_preprocessed/ring_2exp14_7vars_1ite_unsat.smt2,25.7551,0,672,成功
/pub/data/jiafq/iscas/Parser_Comparison/../benchmarks/part52/non-incremental/QF_LIA/rings_preprocessed/ring_2exp14_7vars_2ite_unsat.smt2,24.8713,0,681,成功
/pub/data/jiafq/iscas/Parser_Comparison/../benchmarks/part52/non-incremental/QF_LIA/rings_preprocessed/ring_2exp14_7vars_3ite_unsat.smt2,19.8446,0,663,成功
/pub/data/jiafq/iscas/Parser_Comparison/../benchmarks/part52/non-incremental/QF_LIA/rings_preprocessed/ring_2exp14_7vars_4ite_unsat.smt2,17.8535,0,696,成功
/pub/data/jiafq/iscas/Parser_Comparison/../benchmarks/part52/non-incremental/QF_LIA/rings_preprocessed/ring_2exp14_7vars_5ite_unsat.smt2,24.6526,0,682,成功
/pub/data/jiafq/iscas/Parser_Comparison/../benchmarks/part52/non-incremental/QF_LIA/rings_preprocessed/ring_2exp14_7vars_6ite_unsat.smt2,25.9519,0,777,成功
/pub/data/jiafq/iscas/Parser_Comparison/../benchmarks/part52/non-incremental/QF_LIA/rings_preprocessed/ring_2exp14_8vars_0ite_unsat.smt2,22.7037,0,790,成功
/pub/data/jiafq/iscas/Parser_Comparison/../benchmarks/part52/non-incremental/QF_LIA/rings_preprocessed/ring_2exp14_8vars_1ite_unsat.smt2,27.9317,0,803,成功
/pub/data/jiafq/iscas/Parser_Comparison/../benchmarks/part52/non-incremental/QF_LIA/rings_preprocessed/ring_2exp14_8vars_2ite_unsat.smt2,27.0898,0,812,成功
/pub/data/jiafq/iscas/Parser_Comparison/../benchmarks/part52/non-incremental/QF_LIA/rings_preprocessed/ring_2exp14_8vars_3ite_unsat.smt2,20.1246,0,787,成功
/pub/data/jiafq/iscas/Parser_Comparison/../benchmarks/part52/non-incremental/QF_LIA/rings_preprocessed/ring_2exp14_8vars_4ite_unsat.smt2,25.3365,0,825,成功
/pub/data/jiafq/iscas/Parser_Comparison/../benchmarks/part52/non-incremental/QF_LIA/rings_preprocessed/ring_2exp14_8vars_5ite_unsat.smt2,25.8047,0,805,成功
/pub/data/jiafq/iscas/Parser_Comparison/../benchmarks/part52/non-incremental/QF_LIA/rings_preprocessed/ring_2exp14_8vars_6ite_unsat.smt2,27.1993,0,902,成功
/pub/data/jiafq/iscas/Parser_Comparison/../benchmarks/part52/non-incremental/QF_LIA/rings_preprocessed/ring_2exp14_8vars_7ite_unsat.smt2,24.7161,0,887,成功
/pub/data/jiafq/iscas/Parser_Comparison/../benchmarks/part52/non-incremental/QF_LIA/rings_preprocessed/ring_2exp14_9vars_0ite_unsat.smt2,23.3882,0,926,成功
/pub/data/jiafq/iscas/Parser_Comparison/../benchmarks/part52/non-incremental/QF_LIA/rings_preprocessed/ring_2exp14_9vars_1ite_unsat.smt2,28.9942,0,940,成功
/pub/data/jiafq/iscas/Parser_Comparison/../benchmarks/part52/non-incremental/QF_LIA/rings_preprocessed/ring_2exp14_9vars_2ite_unsat.smt2,32.1936,0,946,成功
/pub/data/jiafq/iscas/Parser_Comparison/../benchmarks/part52/non-incremental/QF_LIA/rings_preprocessed/ring_2exp14_9vars_3ite_unsat.smt2,26.0083,0,915,成功
/pub/data/jiafq/iscas/Parser_Comparison/../benchmarks/part52/non-incremental/QF_LIA/rings_preprocessed/ring_2exp14_9vars_4ite_unsat.smt2,24.0613,0,949,成功
/pub/data/jiafq/iscas/Parser_Comparison/../benchmarks/part52/non-incremental/QF_LIA/rings_preprocessed/ring_2exp14_9vars_5ite_unsat.smt2,23.0171,0,923,成功
/pub/data/jiafq/iscas/Parser_Comparison/../benchmarks/part52/non-incremental/QF_LIA/rings_preprocessed/ring_2exp14_9vars_6ite_unsat.smt2,29.1723,0,1019,成功
/pub/data/jiafq/iscas/Parser_Comparison/../benchmarks/part52/non-incremental/QF_LIA/rings_preprocessed/ring_2exp14_9vars_7ite_unsat.smt2,25.0226,0,1000,成功
/pub/data/jiafq/iscas/Parser_Comparison/../benchmarks/part52/non-incremental/QF_LIA/rings_preprocessed/ring_2exp14_9vars_8ite_unsat.smt2,36.2716,0,1205,成功
/pub/data/jiafq/iscas/Parser_Comparison/../benchmarks/part52/non-incremental/QF_LIA/rings_preprocessed/ring_2exp16_3vars_0ite_unsat.smt2,7.01162,0,190,成功
/pub/data/jiafq/iscas/Parser_Comparison/../benchmarks/part52/non-incremental/QF_LIA/rings_preprocessed/ring_2exp16_3vars_1ite_unsat.smt2,12.7707,0,204,成功
/pub/data/jiafq/iscas/Parser_Comparison/../benchmarks/part52/non-incremental/QF_LIA/rings_preprocessed/ring_2exp16_3vars_2ite_unsat.smt2,12.984,0,216,成功
/pub/data/jiafq/iscas/Parser_Comparison/../benchmarks/part52/non-incremental/QF_LIA/rings_preprocessed/ring_2exp16_4vars_0ite_unsat.smt2,8.68592,0,296,成功
/pub/data/jiafq/iscas/Parser_Comparison/../benchmarks/part52/non-incremental/QF_LIA/rings_preprocessed/ring_2exp16_4vars_1ite_unsat.smt2,8.75703,0,308,成功
/pub/data/jiafq/iscas/Parser_Comparison/../benchmarks/part52/non-incremental/QF_LIA/rings_preprocessed/ring_2exp16_4vars_2ite_unsat.smt2,17.5054,0,321,成功
/pub/data/jiafq/iscas/Parser_Comparison/../benchmarks/part52/non-incremental/QF_LIA/rings_preprocessed/ring_2exp16_4vars_3ite_unsat.smt2,9.05786,0,318,成功
/pub/data/jiafq/iscas/Parser_Comparison/../benchmarks/part52/non-incremental/QF_LIA/rings_preprocessed/ring_2exp16_5vars_0ite_unsat.smt2,16.9866,0,408,成功
/pub/data/jiafq/iscas/Parser_Comparison/../benchmarks/part52/non-incremental/QF_LIA/rings_preprocessed/ring_2exp16_5vars_1ite_unsat.smt2,17.9078,0,422,成功
/pub/data/jiafq/iscas/Parser_Comparison/../benchmarks/part52/non-incremental/QF_LIA/rings_preprocessed/ring_2exp16_5vars_2ite_unsat.smt2,12.0797,0,433,成功
/pub/data/jiafq/iscas/Parser_Comparison/../benchmarks/part52/non-incremental/QF_LIA/rings_preprocessed/ring_2exp16_5vars_3ite_unsat.smt2,11.8149,0,426,成功
/pub/data/jiafq/iscas/Parser_Comparison/../benchmarks/part52/non-incremental/QF_LIA/rings_preprocessed/ring_2exp16_5vars_4ite_unsat.smt2,12.4377,0,463,成功
/pub/data/jiafq/iscas/Parser_Comparison/../benchmarks/part52/non-incremental/QF_LIA/rings_preprocessed/ring_2exp16_6vars_0ite_unsat.smt2,14.288,0,529,成功
/pub/data/jiafq/iscas/Parser_Comparison/../benchmarks/part52/non-incremental/QF_LIA/rings_preprocessed/ring_2exp16_6vars_1ite_unsat.smt2,17.8929,0,541,成功
/pub/data/jiafq/iscas/Parser_Comparison/../benchmarks/part52/non-incremental/QF_LIA/rings_preprocessed/ring_2exp16_6vars_2ite_unsat.smt2,15.019,0,552,成功
/pub/data/jiafq/iscas/Parser_Comparison/../benchmarks/part52/non-incremental/QF_LIA/rings_preprocessed/ring_2exp16_6vars_3ite_unsat.smt2,14.3487,0,538,成功
/pub/data/jiafq/iscas/Parser_Comparison/../benchmarks/part52/non-incremental/QF_LIA/rings_preprocessed/ring_2exp16_6vars_4ite_unsat.smt2,16.7551,0,576,成功
/pub/data/jiafq/iscas/Parser_Comparison/../benchmarks/part52/non-incremental/QF_LIA/rings_preprocessed/ring_2exp16_6vars_5ite_unsat.smt2,21.7334,0,568,成功
/pub/data/jiafq/iscas/Parser_Comparison/../benchmarks/part52/non-incremental/QF_LIA/rings_preprocessed/ring_2exp16_7vars_0ite_unsat.smt2,16.9898,0,658,成功
/pub/data/jiafq/iscas/Parser_Comparison/../benchmarks/part52/non-incremental/QF_LIA/rings_preprocessed/ring_2exp16_7vars_1ite_unsat.smt2,23.1345,0,672,成功
/pub/data/jiafq/iscas/Parser_Comparison/../benchmarks/part52/non-incremental/QF_LIA/rings_preprocessed/ring_2exp16_7vars_2ite_unsat.smt2,23.8591,0,681,成功
/pub/data/jiafq/iscas/Parser_Comparison/../benchmarks/part52/non-incremental/QF_LIA/rings_preprocessed/ring_2exp16_7vars_3ite_unsat.smt2,24.9305,0,663,成功
/pub/data/jiafq/iscas/Parser_Comparison/../benchmarks/part52/non-incremental/QF_LIA/rings_preprocessed/ring_2exp16_7vars_4ite_unsat.smt2,19.1464,0,696,成功
/pub/data/jiafq/iscas/Parser_Comparison/../benchmarks/part52/non-incremental/QF_LIA/rings_preprocessed/ring_2exp16_7vars_5ite_unsat.smt2,18.2068,0,682,成功
/pub/data/jiafq/iscas/Parser_Comparison/../benchmarks/part52/non-incremental/QF_LIA/rings_preprocessed/ring_2exp16_7vars_6ite_unsat.smt2,19.811,0,777,成功
/pub/data/jiafq/iscas/Parser_Comparison/../benchmarks/part52/non-incremental/QF_LIA/rings_preprocessed/ring_2exp16_8vars_0ite_unsat.smt2,20.2633,0,791,成功
/pub/data/jiafq/iscas/Parser_Comparison/../benchmarks/part52/non-incremental/QF_LIA/rings_preprocessed/ring_2exp16_8vars_1ite_unsat.smt2,21.0904,0,804,成功
/pub/data/jiafq/iscas/Parser_Comparison/../benchmarks/part52/non-incremental/QF_LIA/rings_preprocessed/ring_2exp16_8vars_2ite_unsat.smt2,23.0342,0,813,成功
/pub/data/jiafq/iscas/Parser_Comparison/../benchmarks/part52/non-incremental/QF_LIA/rings_preprocessed/ring_2exp16_8vars_3ite_unsat.smt2,20.4643,0,788,成功
/pub/data/jiafq/iscas/Parser_Comparison/../benchmarks/part52/non-incremental/QF_LIA/rings_preprocessed/ring_2exp16_8vars_4ite_unsat.smt2,26.9953,0,826,成功
/pub/data/jiafq/iscas/Parser_Comparison/../benchmarks/part52/non-incremental/QF_LIA/rings_preprocessed/ring_2exp16_8vars_5ite_unsat.smt2,21.8303,0,806,成功
/pub/data/jiafq/iscas/Parser_Comparison/../benchmarks/part52/non-incremental/QF_LIA/rings_preprocessed/ring_2exp16_8vars_6ite_unsat.smt2,22.5599,0,903,成功
/pub/data/jiafq/iscas/Parser_Comparison/../benchmarks/part52/non-incremental/QF_LIA/rings_preprocessed/ring_2exp16_8vars_7ite_unsat.smt2,22.1136,0,888,成功
/pub/data/jiafq/iscas/Parser_Comparison/../benchmarks/part52/non-incremental/QF_LIA/rings_preprocessed/ring_2exp16_9vars_0ite_unsat.smt2,29.2533,0,928,成功
/pub/data/jiafq/iscas/Parser_Comparison/../benchmarks/part52/non-incremental/QF_LIA/rings_preprocessed/ring_2exp16_9vars_1ite_unsat.smt2,30.9714,0,942,成功
/pub/data/jiafq/iscas/Parser_Comparison/../benchmarks/part52/non-incremental/QF_LIA/rings_preprocessed/ring_2exp16_9vars_2ite_unsat.smt2,31.9145,0,949,成功
/pub/data/jiafq/iscas/Parser_Comparison/../benchmarks/part52/non-incremental/QF_LIA/rings_preprocessed/ring_2exp16_9vars_3ite_unsat.smt2,23.5297,0,918,成功
/pub/data/jiafq/iscas/Parser_Comparison/../benchmarks/part52/non-incremental/QF_LIA/rings_preprocessed/ring_2exp16_9vars_4ite_unsat.smt2,24.0495,0,952,成功
/pub/data/jiafq/iscas/Parser_Comparison/../benchmarks/part52/non-incremental/QF_LIA/rings_preprocessed/ring_2exp16_9vars_5ite_unsat.smt2,26.1369,0,925,成功
/pub/data/jiafq/iscas/Parser_Comparison/../benchmarks/part52/non-incremental/QF_LIA/rings_preprocessed/ring_2exp16_9vars_6ite_unsat.smt2,29.4616,0,1021,成功
/pub/data/jiafq/iscas/Parser_Comparison/../benchmarks/part52/non-incremental/QF_LIA/rings_preprocessed/ring_2exp16_9vars_7ite_unsat.smt2,24.3183,0,1002,成功
/pub/data/jiafq/iscas/Parser_Comparison/../benchmarks/part52/non-incremental/QF_LIA/rings_preprocessed/ring_2exp16_9vars_8ite_unsat.smt2,31.1946,0,1207,成功
/pub/data/jiafq/iscas/Parser_Comparison/../benchmarks/part52/non-incremental/QF_LIA/rings_preprocessed/ring_2exp4_3vars_0ite_unsat.smt2,11.281,0,189,成功
/pub/data/jiafq/iscas/Parser_Comparison/../benchmarks/part52/non-incremental/QF_LIA/rings_preprocessed/ring_2exp4_3vars_1ite_unsat.smt2,6.71585,0,203,成功
/pub/data/jiafq/iscas/Parser_Comparison/../benchmarks/part52/non-incremental/QF_LIA/rings_preprocessed/ring_2exp4_3vars_2ite_unsat.smt2,6.51495,0,215,成功
/pub/data/jiafq/iscas/Parser_Comparison/../benchmarks/part52/non-incremental/QF_LIA/rings_preprocessed/ring_2exp4_4vars_0ite_unsat.smt2,8.65091,0,293,成功
/pub/data/jiafq/iscas/Parser_Comparison/../benchmarks/part52/non-incremental/QF_LIA/rings_preprocessed/ring_2exp4_4vars_1ite_unsat.smt2,14.4828,0,305,成功
/pub/data/jiafq/iscas/Parser_Comparison/../benchmarks/part52/non-incremental/QF_LIA/rings_preprocessed/ring_2exp4_4vars_2ite_unsat.smt2,14.0695,0,316,成功
/pub/data/jiafq/iscas/Parser_Comparison/../benchmarks/part52/non-incremental/QF_LIA/rings_preprocessed/ring_2exp4_4vars_3ite_unsat.smt2,14.6345,0,314,成功
/pub/data/jiafq/iscas/Parser_Comparison/../benchmarks/part52/non-incremental/QF_LIA/rings_preprocessed/ring_2exp4_5vars_0ite_unsat.smt2,11.9614,0,401,成功
/pub/data/jiafq/iscas/Parser_Comparison/../benchmarks/part52/non-incremental/QF_LIA/rings_preprocessed/ring_2exp4_5vars_1ite_unsat.smt2,16.7134,0,415,成功
/pub/data/jiafq/iscas/Parser_Comparison/../benchmarks/part52/non-incremental/QF_LIA/rings_preprocessed/ring_2exp4_5vars_2ite_unsat.smt2,11.6491,0,424,成功
/pub/data/jiafq/iscas/Parser_Comparison/../benchmarks/part52/non-incremental/QF_LIA/rings_preprocessed/ring_2exp4_5vars_3ite_unsat.smt2,17.8599,0,417,成功
/pub/data/jiafq/iscas/Parser_Comparison/../benchmarks/part52/non-incremental/QF_LIA/rings_preprocessed/ring_2exp4_5vars_4ite_unsat.smt2,12.3221,0,455,成功
/pub/data/jiafq/iscas/Parser_Comparison/../benchmarks/part52/non-incremental/QF_LIA/rings_preprocessed/ring_2exp4_6vars_0ite_unsat.smt2,14.5009,0,517,成功
/pub/data/jiafq/iscas/Parser_Comparison/../benchmarks/part52/non-incremental/QF_LIA/rings_preprocessed/ring_2exp4_6vars_1ite_unsat.smt2,14.4376,0,528,成功
/pub/data/jiafq/iscas/Parser_Comparison/../benchmarks/part52/non-incremental/QF_LIA/rings_preprocessed/ring_2exp4_6vars_2ite_unsat.smt2,14.6595,0,540,成功
/pub/data/jiafq/iscas/Parser_Comparison/../benchmarks/part52/non-incremental/QF_LIA/rings_preprocessed/ring_2exp4_6vars_3ite_unsat.smt2,13.8369,0,526,成功
/pub/data/jiafq/iscas/Parser_Comparison/../benchmarks/part52/non-incremental/QF_LIA/rings_preprocessed/ring_2exp4_6vars_4ite_unsat.smt2,21.6976,0,564,成功
/pub/data/jiafq/iscas/Parser_Comparison/../benchmarks/part52/non-incremental/QF_LIA/rings_preprocessed/ring_2exp4_6vars_5ite_unsat.smt2,20.9136,0,557,成功
/pub/data/jiafq/iscas/Parser_Comparison/../benchmarks/part52/non-incremental/QF_LIA/rings_preprocessed/ring_2exp4_7vars_0ite_unsat.smt2,23.9074,0,643,成功
/pub/data/jiafq/iscas/Parser_Comparison/../benchmarks/part52/non-incremental/QF_LIA/rings_preprocessed/ring_2exp4_7vars_1ite_unsat.smt2,22.6767,0,657,成功
/pub/data/jiafq/iscas/Parser_Comparison/../benchmarks/part52/non-incremental/QF_LIA/rings_preprocessed/ring_2exp4_7vars_2ite_unsat.smt2,25.5535,0,667,成功
/pub/data/jiafq/iscas/Parser_Comparison/../benchmarks/part52/non-incremental/QF_LIA/rings_preprocessed/ring_2exp4_7vars_3ite_unsat.smt2,22.4629,0,649,成功
/pub/data/jiafq/iscas/Parser_Comparison/../benchmarks/part52/non-incremental/QF_LIA/rings_preprocessed/ring_2exp4_7vars_4ite_unsat.smt2,21.0533,0,682,成功
/pub/data/jiafq/iscas/Parser_Comparison/../benchmarks/part52/non-incremental/QF_LIA/rings_preprocessed/ring_2exp4_7vars_5ite_unsat.smt2,23.0711,0,668,成功
/pub/data/jiafq/iscas/Parser_Comparison/../benchmarks/part52/non-incremental/QF_LIA/rings_preprocessed/ring_2exp4_7vars_6ite_unsat.smt2,26.7332,0,764,成功
/pub/data/jiafq/iscas/Parser_Comparison/../benchmarks/part52/non-incremental/QF_LIA/rings_preprocessed/ring_2exp4_8vars_0ite_unsat.smt2,19.9188,0,765,成功
/pub/data/jiafq/iscas/Parser_Comparison/../benchmarks/part52/non-incremental/QF_LIA/rings_preprocessed/ring_2exp4_8vars_1ite_unsat.smt2,28.2306,0,779,成功
/pub/data/jiafq/iscas/Parser_Comparison/../benchmarks/part52/non-incremental/QF_LIA/rings_preprocessed/ring_2exp4_8vars_2ite_unsat.smt2,20.3179,0,790,成功
/pub/data/jiafq/iscas/Parser_Comparison/../benchmarks/part52/non-incremental/QF_LIA/rings_preprocessed/ring_2exp4_8vars_3ite_unsat.smt2,26.7206,0,765,成功
/pub/data/jiafq/iscas/Parser_Comparison/../benchmarks/part52/non-incremental/QF_LIA/rings_preprocessed/ring_2exp4_8vars_4ite_unsat.smt2,23.6625,0,803,成功
/pub/data/jiafq/iscas/Parser_Comparison/../benchmarks/part52/non-incremental/QF_LIA/rings_preprocessed/ring_2exp4_8vars_5ite_unsat.smt2,20.072,0,783,成功
/pub/data/jiafq/iscas/Parser_Comparison/../benchmarks/part52/non-incremental/QF_LIA/rings_preprocessed/ring_2exp4_8vars_6ite_unsat.smt2,22.4473,0,880,成功
/pub/data/jiafq/iscas/Parser_Comparison/../benchmarks/part52/non-incremental/QF_LIA/rings_preprocessed/ring_2exp4_8vars_7ite_unsat.smt2,27.1776,0,866,成功
/pub/data/jiafq/iscas/Parser_Comparison/../benchmarks/part52/non-incremental/QF_LIA/rings_preprocessed/ring_2exp4_9vars_0ite_unsat.smt2,30.3915,0,904,成功
/pub/data/jiafq/iscas/Parser_Comparison/../benchmarks/part52/non-incremental/QF_LIA/rings_preprocessed/ring_2exp4_9vars_1ite_unsat.smt2,24.1407,0,918,成功
/pub/data/jiafq/iscas/Parser_Comparison/../benchmarks/part52/non-incremental/QF_LIA/rings_preprocessed/ring_2exp4_9vars_2ite_unsat.smt2,28.1227,0,929,成功
/pub/data/jiafq/iscas/Parser_Comparison/../benchmarks/part52/non-incremental/QF_LIA/rings_preprocessed/ring_2exp4_9vars_3ite_unsat.smt2,23.3607,0,899,成功
/pub/data/jiafq/iscas/Parser_Comparison/../benchmarks/part52/non-incremental/QF_LIA/rings_preprocessed/ring_2exp4_9vars_4ite_unsat.smt2,23.8631,0,933,成功
/pub/data/jiafq/iscas/Parser_Comparison/../benchmarks/part52/non-incremental/QF_LIA/rings_preprocessed/ring_2exp4_9vars_5ite_unsat.smt2,22.4894,0,907,成功
/pub/data/jiafq/iscas/Parser_Comparison/../benchmarks/part52/non-incremental/QF_LIA/rings_preprocessed/ring_2exp4_9vars_6ite_unsat.smt2,35.1481,0,1003,成功
/pub/data/jiafq/iscas/Parser_Comparison/../benchmarks/part52/non-incremental/QF_LIA/rings_preprocessed/ring_2exp4_9vars_7ite_unsat.smt2,31.1503,0,984,成功
/pub/data/jiafq/iscas/Parser_Comparison/../benchmarks/part52/non-incremental/QF_LIA/rings_preprocessed/ring_2exp4_9vars_8ite_unsat.smt2,29.1202,0,1192,成功
/pub/data/jiafq/iscas/Parser_Comparison/../benchmarks/part52/non-incremental/QF_LIA/rings_preprocessed/ring_2exp6_3vars_0ite_unsat.smt2,5.85149,0,190,成功
/pub/data/jiafq/iscas/Parser_Comparison/../benchmarks/part52/non-incremental/QF_LIA/rings_preprocessed/ring_2exp6_3vars_1ite_unsat.smt2,6.09498,0,204,成功
/pub/data/jiafq/iscas/Parser_Comparison/../benchmarks/part52/non-incremental/QF_LIA/rings_preprocessed/ring_2exp6_3vars_2ite_unsat.smt2,8.96105,0,216,成功
/pub/data/jiafq/iscas/Parser_Comparison/../benchmarks/part52/non-incremental/QF_LIA/rings_preprocessed/ring_2exp6_4vars_0ite_unsat.smt2,9.12049,0,295,成功
/pub/data/jiafq/iscas/Parser_Comparison/../benchmarks/part52/non-incremental/QF_LIA/rings_preprocessed/ring_2exp6_4vars_1ite_unsat.smt2,15.2687,0,307,成功
/pub/data/jiafq/iscas/Parser_Comparison/../benchmarks/part52/non-incremental/QF_LIA/rings_preprocessed/ring_2exp6_4vars_2ite_unsat.smt2,17.2495,0,320,成功
/pub/data/jiafq/iscas/Parser_Comparison/../benchmarks/part52/non-incremental/QF_LIA/rings_preprocessed/ring_2exp6_4vars_3ite_unsat.smt2,10.0504,0,317,成功
/pub/data/jiafq/iscas/Parser_Comparison/../benchmarks/part52/non-incremental/QF_LIA/rings_preprocessed/ring_2exp6_5vars_0ite_unsat.smt2,11.1282,0,405,成功
/pub/data/jiafq/iscas/Parser_Comparison/../benchmarks/part52/non-incremental/QF_LIA/rings_preprocessed/ring_2exp6_5vars_1ite_unsat.smt2,19.3865,0,419,成功
/pub/data/jiafq/iscas/Parser_Comparison/../benchmarks/part52/non-incremental/QF_LIA/rings_preprocessed/ring_2exp6_5vars_2ite_unsat.smt2,12.6525,0,429,成功
/pub/data/jiafq/iscas/Parser_Comparison/../benchmarks/part52/non-incremental/QF_LIA/rings_preprocessed/ring_2exp6_5vars_3ite_unsat.smt2,17.6434,0,422,成功
/pub/data/jiafq/iscas/Parser_Comparison/../benchmarks/part52/non-incremental/QF_LIA/rings_preprocessed/ring_2exp6_5vars_4ite_unsat.smt2,19.0393,0,459,成功
/pub/data/jiafq/iscas/Parser_Comparison/../benchmarks/part52/non-incremental/QF_LIA/rings_preprocessed/ring_2exp6_6vars_0ite_unsat.smt2,21.44,0,524,成功
/pub/data/jiafq/iscas/Parser_Comparison/../benchmarks/part52/non-incremental/QF_LIA/rings_preprocessed/ring_2exp6_6vars_1ite_unsat.smt2,14.7942,0,536,成功
/pub/data/jiafq/iscas/Parser_Comparison/../benchmarks/part52/non-incremental/QF_LIA/rings_preprocessed/ring_2exp6_6vars_2ite_unsat.smt2,13.6221,0,545,成功
/pub/data/jiafq/iscas/Parser_Comparison/../benchmarks/part52/non-incremental/QF_LIA/rings_preprocessed/ring_2exp6_6vars_3ite_unsat.smt2,21.7285,0,531,成功
/pub/data/jiafq/iscas/Parser_Comparison/../benchmarks/part52/non-incremental/QF_LIA/rings_preprocessed/ring_2exp6_6vars_4ite_unsat.smt2,15.0499,0,568,成功
/pub/data/jiafq/iscas/Parser_Comparison/../benchmarks/part52/non-incremental/QF_LIA/rings_preprocessed/ring_2exp6_6vars_5ite_unsat.smt2,20.6436,0,561,成功
/pub/data/jiafq/iscas/Parser_Comparison/../benchmarks/part52/non-incremental/QF_LIA/rings_preprocessed/ring_2exp6_7vars_0ite_unsat.smt2,17.1483,0,649,成功
/pub/data/jiafq/iscas/Parser_Comparison/../benchmarks/part52/non-incremental/QF_LIA/rings_preprocessed/ring_2exp6_7vars_1ite_unsat.smt2,19.1001,0,663,成功
/pub/data/jiafq/iscas/Parser_Comparison/../benchmarks/part52/non-incremental/QF_LIA/rings_preprocessed/ring_2exp6_7vars_2ite_unsat.smt2,22.995,0,670,成功
/pub/data/jiafq/iscas/Parser_Comparison/../benchmarks/part52/non-incremental/QF_LIA/rings_preprocessed/ring_2exp6_7vars_3ite_unsat.smt2,21.487,0,652,成功
/pub/data/jiafq/iscas/Parser_Comparison/../benchmarks/part52/non-incremental/QF_LIA/rings_preprocessed/ring_2exp6_7vars_4ite_unsat.smt2,24.4409,0,685,成功
/pub/data/jiafq/iscas/Parser_Comparison/../benchmarks/part52/non-incremental/QF_LIA/rings_preprocessed/ring_2exp6_7vars_5ite_unsat.smt2,25.0842,0,670,成功
/pub/data/jiafq/iscas/Parser_Comparison/../benchmarks/part52/non-incremental/QF_LIA/rings_preprocessed/ring_2exp6_7vars_6ite_unsat.smt2,21.4221,0,766,成功
/pub/data/jiafq/iscas/Parser_Comparison/../benchmarks/part52/non-incremental/QF_LIA/rings_preprocessed/ring_2exp6_8vars_0ite_unsat.smt2,21.4307,0,777,成功
/pub/data/jiafq/iscas/Parser_Comparison/../benchmarks/part52/non-incremental/QF_LIA/rings_preprocessed/ring_2exp6_8vars_1ite_unsat.smt2,25.344,0,789,成功
/pub/data/jiafq/iscas/Parser_Comparison/../benchmarks/part52/non-incremental/QF_LIA/rings_preprocessed/ring_2exp6_8vars_2ite_unsat.smt2,22.4761,0,799,成功
/pub/data/jiafq/iscas/Parser_Comparison/../benchmarks/part52/non-incremental/QF_LIA/rings_preprocessed/ring_2exp6_8vars_3ite_unsat.smt2,19.8634,0,774,成功
/pub/data/jiafq/iscas/Parser_Comparison/../benchmarks/part52/non-incremental/QF_LIA/rings_preprocessed/ring_2exp6_8vars_4ite_unsat.smt2,20.9697,0,811,成功
/pub/data/jiafq/iscas/Parser_Comparison/../benchmarks/part52/non-incremental/QF_LIA/rings_preprocessed/ring_2exp6_8vars_5ite_unsat.smt2,19.7078,0,792,成功
/pub/data/jiafq/iscas/Parser_Comparison/../benchmarks/part52/non-incremental/QF_LIA/rings_preprocessed/ring_2exp6_8vars_6ite_unsat.smt2,21.7959,0,889,成功
/pub/data/jiafq/iscas/Parser_Comparison/../benchmarks/part52/non-incremental/QF_LIA/rings_preprocessed/ring_2exp6_8vars_7ite_unsat.smt2,28.8744,0,874,成功
/pub/data/jiafq/iscas/Parser_Comparison/../benchmarks/part52/non-incremental/QF_LIA/rings_preprocessed/ring_2exp6_9vars_0ite_unsat.smt2,24.6859,0,911,成功
/pub/data/jiafq/iscas/Parser_Comparison/../benchmarks/part52/non-incremental/QF_LIA/rings_preprocessed/ring_2exp6_9vars_1ite_unsat.smt2,23.9254,0,925,成功
/pub/data/jiafq/iscas/Parser_Comparison/../benchmarks/part52/non-incremental/QF_LIA/rings_preprocessed/ring_2exp6_9vars_2ite_unsat.smt2,26.0638,0,934,成功
/pub/data/jiafq/iscas/Parser_Comparison/../benchmarks/part52/non-incremental/QF_LIA/rings_preprocessed/ring_2exp6_9vars_3ite_unsat.smt2,24.1853,0,903,成功
/pub/data/jiafq/iscas/Parser_Comparison/../benchmarks/part52/non-incremental/QF_LIA/rings_preprocessed/ring_2exp6_9vars_4ite_unsat.smt2,23.9213,0,936,成功
/pub/data/jiafq/iscas/Parser_Comparison/../benchmarks/part52/non-incremental/QF_LIA/rings_preprocessed/ring_2exp6_9vars_5ite_unsat.smt2,22.8726,0,909,成功
/pub/data/jiafq/iscas/Parser_Comparison/../benchmarks/part52/non-incremental/QF_LIA/rings_preprocessed/ring_2exp6_9vars_6ite_unsat.smt2,31.8652,0,1005,成功
/pub/data/jiafq/iscas/Parser_Comparison/../benchmarks/part52/non-incremental/QF_LIA/rings_preprocessed/ring_2exp6_9vars_7ite_unsat.smt2,24.8504,0,987,成功
/pub/data/jiafq/iscas/Parser_Comparison/../benchmarks/part52/non-incremental/QF_LIA/rings_preprocessed/ring_2exp6_9vars_8ite_unsat.smt2,27.8401,0,1193,成功
/pub/data/jiafq/iscas/Parser_Comparison/../benchmarks/part52/non-incremental/QF_LIA/rings_preprocessed/ring_2exp8_3vars_0ite_unsat.smt2,13.0368,0,190,成功
/pub/data/jiafq/iscas/Parser_Comparison/../benchmarks/part52/non-incremental/QF_LIA/rings_preprocessed/ring_2exp8_3vars_1ite_unsat.smt2,11.9524,0,204,成功
/pub/data/jiafq/iscas/Parser_Comparison/../benchmarks/part52/non-incremental/QF_LIA/rings_preprocessed/ring_2exp8_3vars_2ite_unsat.smt2,9.60986,0,216,成功
/pub/data/jiafq/iscas/Parser_Comparison/../benchmarks/part52/non-incremental/QF_LIA/rings_preprocessed/ring_2exp8_4vars_0ite_unsat.smt2,8.70452,0,296,成功
/pub/data/jiafq/iscas/Parser_Comparison/../benchmarks/part52/non-incremental/QF_LIA/rings_preprocessed/ring_2exp8_4vars_1ite_unsat.smt2,9.46093,0,308,成功
/pub/data/jiafq/iscas/Parser_Comparison/../benchmarks/part52/non-incremental/QF_LIA/rings_preprocessed/ring_2exp8_4vars_2ite_unsat.smt2,9.28538,0,321,成功
/pub/data/jiafq/iscas/Parser_Comparison/../benchmarks/part52/non-incremental/QF_LIA/rings_preprocessed/ring_2exp8_4vars_3ite_unsat.smt2,9.31443,0,318,成功
/pub/data/jiafq/iscas/Parser_Comparison/../benchmarks/part52/non-incremental/QF_LIA/rings_preprocessed/ring_2exp8_5vars_0ite_unsat.smt2,11.6584,0,407,成功
/pub/data/jiafq/iscas/Parser_Comparison/../benchmarks/part52/non-incremental/QF_LIA/rings_preprocessed/ring_2exp8_5vars_1ite_unsat.smt2,13.9829,0,421,成功
/pub/data/jiafq/iscas/Parser_Comparison/../benchmarks/part52/non-incremental/QF_LIA/rings_preprocessed/ring_2exp8_5vars_2ite_unsat.smt2,14.1917,0,432,成功
/pub/data/jiafq/iscas/Parser_Comparison/../benchmarks/part52/non-incremental/QF_LIA/rings_preprocessed/ring_2exp8_5vars_3ite_unsat.smt2,11.8024,0,425,成功
/pub/data/jiafq/iscas/Parser_Comparison/../benchmarks/part52/non-incremental/QF_LIA/rings_preprocessed/ring_2exp8_5vars_4ite_unsat.smt2,14.4295,0,462,成功
/pub/data/jiafq/iscas/Parser_Comparison/../benchmarks/part52/non-incremental/QF_LIA/rings_preprocessed/ring_2exp8_6vars_0ite_unsat.smt2,14.3325,0,526,成功
/pub/data/jiafq/iscas/Parser_Comparison/../benchmarks/part52/non-incremental/QF_LIA/rings_preprocessed/ring_2exp8_6vars_1ite_unsat.smt2,21.8876,0,538,成功
/pub/data/jiafq/iscas/Parser_Comparison/../benchmarks/part52/non-incremental/QF_LIA/rings_preprocessed/ring_2exp8_6vars_2ite_unsat.smt2,20.8032,0,548,成功
/pub/data/jiafq/iscas/Parser_Comparison/../benchmarks/part52/non-incremental/QF_LIA/rings_preprocessed/ring_2exp8_6vars_3ite_unsat.smt2,14.1374,0,534,成功
/pub/data/jiafq/iscas/Parser_Comparison/../benchmarks/part52/non-incremental/QF_LIA/rings_preprocessed/ring_2exp8_6vars_4ite_unsat.smt2,21.1491,0,572,成功
/pub/data/jiafq/iscas/Parser_Comparison/../benchmarks/part52/non-incremental/QF_LIA/rings_preprocessed/ring_2exp8_6vars_5ite_unsat.smt2,16.3805,0,565,成功
/pub/data/jiafq/iscas/Parser_Comparison/../benchmarks/part52/non-incremental/QF_LIA/rings_preprocessed/ring_2exp8_7vars_0ite_unsat.smt2,23.8331,0,653,成功
/pub/data/jiafq/iscas/Parser_Comparison/../benchmarks/part52/non-incremental/QF_LIA/rings_preprocessed/ring_2exp8_7vars_1ite_unsat.smt2,22.8214,0,667,成功
/pub/data/jiafq/iscas/Parser_Comparison/../benchmarks/part52/non-incremental/QF_LIA/rings_preprocessed/ring_2exp8_7vars_2ite_unsat.smt2,24.1359,0,675,成功
/pub/data/jiafq/iscas/Parser_Comparison/../benchmarks/part52/non-incremental/QF_LIA/rings_preprocessed/ring_2exp8_7vars_3ite_unsat.smt2,19.839,0,657,成功
/pub/data/jiafq/iscas/Parser_Comparison/../benchmarks/part52/non-incremental/QF_LIA/rings_preprocessed/ring_2exp8_7vars_4ite_unsat.smt2,18.2561,0,689,成功
/pub/data/jiafq/iscas/Parser_Comparison/../benchmarks/part52/non-incremental/QF_LIA/rings_preprocessed/ring_2exp8_7vars_5ite_unsat.smt2,18.6609,0,675,成功
/pub/data/jiafq/iscas/Parser_Comparison/../benchmarks/part52/non-incremental/QF_LIA/rings_preprocessed/ring_2exp8_7vars_6ite_unsat.smt2,26.9646,0,770,成功
/pub/data/jiafq/iscas/Parser_Comparison/../benchmarks/part52/non-incremental/QF_LIA/rings_preprocessed/ring_2exp8_8vars_0ite_unsat.smt2,20.6302,0,784,成功
/pub/data/jiafq/iscas/Parser_Comparison/../benchmarks/part52/non-incremental/QF_LIA/rings_preprocessed/ring_2exp8_8vars_1ite_unsat.smt2,27.4915,0,797,成功
/pub/data/jiafq/iscas/Parser_Comparison/../benchmarks/part52/non-incremental/QF_LIA/rings_preprocessed/ring_2exp8_8vars_2ite_unsat.smt2,29.7653,0,804,成功
/pub/data/jiafq/iscas/Parser_Comparison/../benchmarks/part52/non-incremental/QF_LIA/rings_preprocessed/ring_2exp8_8vars_3ite_unsat.smt2,27.0527,0,779,成功
/pub/data/jiafq/iscas/Parser_Comparison/../benchmarks/part52/non-incremental/QF_LIA/rings_preprocessed/ring_2exp8_8vars_4ite_unsat.smt2,20.7043,0,816,成功
/pub/data/jiafq/iscas/Parser_Comparison/../benchmarks/part52/non-incremental/QF_LIA/rings_preprocessed/ring_2exp8_8vars_5ite_unsat.smt2,22.6532,0,796,成功
/pub/data/jiafq/iscas/Parser_Comparison/../benchmarks/part52/non-incremental/QF_LIA/rings_preprocessed/ring_2exp8_8vars_6ite_unsat.smt2,22.7301,0,892,成功
/pub/data/jiafq/iscas/Parser_Comparison/../benchmarks/part52/non-incremental/QF_LIA/rings_preprocessed/ring_2exp8_8vars_7ite_unsat.smt2,28.1948,0,878,成功
/pub/data/jiafq/iscas/Parser_Comparison/../benchmarks/part52/non-incremental/QF_LIA/rings_preprocessed/ring_2exp8_9vars_0ite_unsat.smt2,25.8313,0,918,成功
/pub/data/jiafq/iscas/Parser_Comparison/../benchmarks/part52/non-incremental/QF_LIA/rings_preprocessed/ring_2exp8_9vars_1ite_unsat.smt2,25.9919,0,932,成功
/pub/data/jiafq/iscas/Parser_Comparison/../benchmarks/part52/non-incremental/QF_LIA/rings_preprocessed/ring_2exp8_9vars_2ite_unsat.smt2,27.6177,0,937,成功
/pub/data/jiafq/iscas/Parser_Comparison/../benchmarks/part52/non-incremental/QF_LIA/rings_preprocessed/ring_2exp8_9vars_3ite_unsat.smt2,31.2526,0,906,成功
/pub/data/jiafq/iscas/Parser_Comparison/../benchmarks/part52/non-incremental/QF_LIA/rings_preprocessed/ring_2exp8_9vars_4ite_unsat.smt2,27.2298,0,940,成功
/pub/data/jiafq/iscas/Parser_Comparison/../benchmarks/part52/non-incremental/QF_LIA/rings_preprocessed/ring_2exp8_9vars_5ite_unsat.smt2,25.6456,0,912,成功
/pub/data/jiafq/iscas/Parser_Comparison/../benchmarks/part52/non-incremental/QF_LIA/rings_preprocessed/ring_2exp8_9vars_6ite_unsat.smt2,33.6083,0,1008,成功
/pub/data/jiafq/iscas/Parser_Comparison/../benchmarks/part52/non-incremental/QF_LIA/rings_preprocessed/ring_2exp8_9vars_7ite_unsat.smt2,24.6888,0,988,成功
/pub/data/jiafq/iscas/Parser_Comparison/../benchmarks/part52/non-incremental/QF_LIA/rings_preprocessed/ring_2exp8_9vars_8ite_unsat.smt2,31.1896,0,1194,成功
/pub/data/jiafq/iscas/Parser_Comparison/../benchmarks/part52/non-incremental/QF_LIA/slacks/10-12.slack.smt2,6.39072,0,70,成功
/pub/data/jiafq/iscas/Parser_Comparison/../benchmarks/part52/non-incremental/QF_LIA/slacks/10-13.slack.smt2,3.43052,0,68,成功
/pub/data/jiafq/iscas/Parser_Comparison/../benchmarks/part52/non-incremental/QF_LIA/slacks/10-20.slack.smt2,4.15637,0,72,成功
/pub/data/jiafq/iscas/Parser_Comparison/../benchmarks/part52/non-incremental/QF_LIA/slacks/10-21.slack.smt2,4.62981,0,82,成功
/pub/data/jiafq/iscas/Parser_Comparison/../benchmarks/part52/non-incremental/QF_LIA/slacks/10-28.slack.smt2,9.52938,0,92,成功
/pub/data/jiafq/iscas/Parser_Comparison/../benchmarks/part52/non-incremental/QF_LIA/slacks/10-29.slack.smt2,4.79313,0,91,成功
/pub/data/jiafq/iscas/Parser_Comparison/../benchmarks/part52/non-incremental/QF_LIA/slacks/10-30.slack.smt2,11.0996,0,92,成功
/pub/data/jiafq/iscas/Parser_Comparison/../benchmarks/part52/non-incremental/QF_LIA/slacks/10-31.slack.smt2,5.83828,0,89,成功
/pub/data/jiafq/iscas/Parser_Comparison/../benchmarks/part52/non-incremental/QF_LIA/slacks/10-34.slack.smt2,7.5389,0,108,成功
/pub/data/jiafq/iscas/Parser_Comparison/../benchmarks/part52/non-incremental/QF_LIA/slacks/10-35.slack.smt2,5.97241,0,104,成功
/pub/data/jiafq/iscas/Parser_Comparison/../benchmarks/part52/non-incremental/QF_LIA/slacks/10-36.slack.smt2,7.10295,0,101,成功
/pub/data/jiafq/iscas/Parser_Comparison/../benchmarks/part52/non-incremental/QF_LIA/slacks/10-37.slack.smt2,11.0754,0,105,成功
/pub/data/jiafq/iscas/Parser_Comparison/../benchmarks/part52/non-incremental/QF_LIA/slacks/10-4.slack.smt2,3.06193,0,63,成功
/pub/data/jiafq/iscas/Parser_Comparison/../benchmarks/part52/non-incremental/QF_LIA/slacks/10-40.slack.smt2,7.87316,0,127,成功
/pub/data/jiafq/iscas/Parser_Comparison/../benchmarks/part52/non-incremental/QF_LIA/slacks/10-41.slack.smt2,12.016,0,118,成功
/pub/data/jiafq/iscas/Parser_Comparison/../benchmarks/part52/non-incremental/QF_LIA/slacks/10-45.slack.smt2,9.88639,0,138,成功
/pub/data/jiafq/iscas/Parser_Comparison/../benchmarks/part52/non-incremental/QF_LIA/slacks/15-1.slack.smt2,8.80191,0,146,成功
/pub/data/jiafq/iscas/Parser_Comparison/../benchmarks/part52/non-incremental/QF_LIA/slacks/15-10.slack.smt2,10.2878,0,166,成功
/pub/data/jiafq/iscas/Parser_Comparison/../benchmarks/part52/non-incremental/QF_LIA/slacks/15-11.slack.smt2,19.3869,0,175,成功
/pub/data/jiafq/iscas/Parser_Comparison/../benchmarks/part52/non-incremental/QF_LIA/slacks/15-12.slack.smt2,17.1542,0,169,成功
/pub/data/jiafq/iscas/Parser_Comparison/../benchmarks/part52/non-incremental/QF_LIA/slacks/15-13.slack.smt2,15.0558,0,171,成功
/pub/data/jiafq/iscas/Parser_Comparison/../benchmarks/part52/non-incremental/QF_LIA/slacks/15-14.slack.smt2,21.6673,0,176,成功
/pub/data/jiafq/iscas/Parser_Comparison/../benchmarks/part52/non-incremental/QF_LIA/slacks/15-15.slack.smt2,15.3626,0,171,成功
/pub/data/jiafq/iscas/Parser_Comparison/../benchmarks/part52/non-incremental/QF_LIA/slacks/15-17.slack.smt2,16.7596,0,177,成功
/pub/data/jiafq/iscas/Parser_Comparison/../benchmarks/part52/non-incremental/QF_LIA/slacks/15-18.slack.smt2,18.8064,0,164,成功
/pub/data/jiafq/iscas/Parser_Comparison/../benchmarks/part52/non-incremental/QF_LIA/slacks/15-19.slack.smt2,18.4726,0,187,成功
/pub/data/jiafq/iscas/Parser_Comparison/../benchmarks/part52/non-incremental/QF_LIA/slacks/15-2.slack.smt2,14.2711,0,133,成功
/pub/data/jiafq/iscas/Parser_Comparison/../benchmarks/part52/non-incremental/QF_LIA/slacks/15-20.slack.smt2,15.6224,0,177,成功
/pub/data/jiafq/iscas/Parser_Comparison/../benchmarks/part52/non-incremental/QF_LIA/slacks/15-21.slack.smt2,17.9801,0,198,成功
/pub/data/jiafq/iscas/Parser_Comparison/../benchmarks/part52/non-incremental/QF_LIA/slacks/15-3.slack.smt2,7.74088,0,136,成功
/pub/data/jiafq/iscas/Parser_Comparison/../benchmarks/part52/non-incremental/QF_LIA/slacks/15-4.slack.smt2,9.78443,0,149,成功
/pub/data/jiafq/iscas/Parser_Comparison/../benchmarks/part52/non-incremental/QF_LIA/slacks/15-5.slack.smt2,8.33163,0,147,成功
/pub/data/jiafq/iscas/Parser_Comparison/../benchmarks/part52/non-incremental/QF_LIA/slacks/15-6.slack.smt2,14.4325,0,166,成功
/pub/data/jiafq/iscas/Parser_Comparison/../benchmarks/part52/non-incremental/QF_LIA/slacks/15-7.slack.smt2,17.6105,0,157,成功
/pub/data/jiafq/iscas/Parser_Comparison/../benchmarks/part52/non-incremental/QF_LIA/slacks/15-8.slack.smt2,12.3511,0,147,成功
/pub/data/jiafq/iscas/Parser_Comparison/../benchmarks/part52/non-incremental/QF_LIA/slacks/15-9.slack.smt2,14.3836,0,167,成功
/pub/data/jiafq/iscas/Parser_Comparison/../benchmarks/part52/non-incremental/QF_LIA/slacks/20-1.slack.smt2,14.979,0,193,成功
/pub/data/jiafq/iscas/Parser_Comparison/../benchmarks/part52/non-incremental/QF_LIA/slacks/20-10.slack.smt2,17.9193,0,217,成功
/pub/data/jiafq/iscas/Parser_Comparison/../benchmarks/part52/non-incremental/QF_LIA/slacks/20-11.slack.smt2,28.0943,0,224,成功
/pub/data/jiafq/iscas/Parser_Comparison/../benchmarks/part52/non-incremental/QF_LIA/slacks/20-12.slack.smt2,22.6611,0,223,成功
/pub/data/jiafq/iscas/Parser_Comparison/../benchmarks/part52/non-incremental/QF_LIA/slacks/20-13.slack.smt2,20.024,0,213,成功
/pub/data/jiafq/iscas/Parser_Comparison/../benchmarks/part52/non-incremental/QF_LIA/slacks/20-14.slack.smt2,21.1094,0,229,成功
/pub/data/jiafq/iscas/Parser_Comparison/../benchmarks/part52/non-incremental/QF_LIA/slacks/20-15.slack.smt2,24.8586,0,221,成功
/pub/data/jiafq/iscas/Parser_Comparison/../benchmarks/part52/non-incremental/QF_LIA/slacks/20-16.slack.smt2,20.8654,0,226,成功
/pub/data/jiafq/iscas/Parser_Comparison/../benchmarks/part52/non-incremental/QF_LIA/slacks/20-17.slack.smt2,27.3051,0,237,成功
/pub/data/jiafq/iscas/Parser_Comparison/../benchmarks/part52/non-incremental/QF_LIA/slacks/20-19.slack.smt2,30.1316,0,243,成功
/pub/data/jiafq/iscas/Parser_Comparison/../benchmarks/part52/non-incremental/QF_LIA/slacks/20-2.slack.smt2,14.9368,0,193,成功
/pub/data/jiafq/iscas/Parser_Comparison/../benchmarks/part52/non-incremental/QF_LIA/slacks/20-20.slack.smt2,27.0662,0,241,成功
/pub/data/jiafq/iscas/Parser_Comparison/../benchmarks/part52/non-incremental/QF_LIA/slacks/20-21.slack.smt2,28.5405,0,259,成功
/pub/data/jiafq/iscas/Parser_Comparison/../benchmarks/part52/non-incremental/QF_LIA/slacks/20-22.slack.smt2,27.9812,0,231,成功
/pub/data/jiafq/iscas/Parser_Comparison/../benchmarks/part52/non-incremental/QF_LIA/slacks/20-24.slack.smt2,35.082,0,255,成功
/pub/data/jiafq/iscas/Parser_Comparison/../benchmarks/part52/non-incremental/QF_LIA/slacks/20-26.slack.smt2,32.0712,0,247,成功
/pub/data/jiafq/iscas/Parser_Comparison/../benchmarks/part52/non-incremental/QF_LIA/slacks/20-28.slack.smt2,33.8582,0,253,成功
/pub/data/jiafq/iscas/Parser_Comparison/../benchmarks/part52/non-incremental/QF_LIA/slacks/20-3.slack.smt2,21.0306,0,190,成功
/pub/data/jiafq/iscas/Parser_Comparison/../benchmarks/part52/non-incremental/QF_LIA/slacks/20-30.slack.smt2,29.8148,0,265,成功
/pub/data/jiafq/iscas/Parser_Comparison/../benchmarks/part52/non-incremental/QF_LIA/slacks/20-4.slack.smt2,22.5109,0,194,成功
/pub/data/jiafq/iscas/Parser_Comparison/../benchmarks/part52/non-incremental/QF_LIA/slacks/20-5.slack.smt2,23.3221,0,194,成功
/pub/data/jiafq/iscas/Parser_Comparison/../benchmarks/part52/non-incremental/QF_LIA/slacks/20-6.slack.smt2,17.3671,0,209,成功
/pub/data/jiafq/iscas/Parser_Comparison/../benchmarks/part52/non-incremental/QF_LIA/slacks/20-7.slack.smt2,20.8919,0,221,成功
/pub/data/jiafq/iscas/Parser_Comparison/../benchmarks/part52/non-incremental/QF_LIA/slacks/20-8.slack.smt2,15.2691,0,191,成功
/pub/data/jiafq/iscas/Parser_Comparison/../benchmarks/part52/non-incremental/QF_LIA/slacks/20-9.slack.smt2,25.8565,0,221,成功
/pub/data/jiafq/iscas/Parser_Comparison/../benchmarks/part52/non-incremental/QF_LIA/slacks/25-1.slack.smt2,20.6023,0,227,成功
/pub/data/jiafq/iscas/Parser_Comparison/../benchmarks/part52/non-incremental/QF_LIA/slacks/25-10.slack.smt2,29.5905,0,260,成功
/pub/data/jiafq/iscas/Parser_Comparison/../benchmarks/part52/non-incremental/QF_LIA/slacks/25-11.slack.smt2,25.4774,0,273,成功
/pub/data/jiafq/iscas/Parser_Comparison/../benchmarks/part52/non-incremental/QF_LIA/slacks/25-12.slack.smt2,34.7898,0,275,成功
/pub/data/jiafq/iscas/Parser_Comparison/../benchmarks/part52/non-incremental/QF_LIA/slacks/25-13.slack.smt2,31.5404,0,258,成功
/pub/data/jiafq/iscas/Parser_Comparison/../benchmarks/part52/non-incremental/QF_LIA/slacks/25-14.slack.smt2,27.6309,0,263,成功
/pub/data/jiafq/iscas/Parser_Comparison/../benchmarks/part52/non-incremental/QF_LIA/slacks/25-15.slack.smt2,35.8541,0,269,成功
/pub/data/jiafq/iscas/Parser_Comparison/../benchmarks/part52/non-incremental/QF_LIA/slacks/25-16.slack.smt2,29.3128,0,279,成功
/pub/data/jiafq/iscas/Parser_Comparison/../benchmarks/part52/non-incremental/QF_LIA/slacks/25-17.slack.smt2,33.4456,0,277,成功
/pub/data/jiafq/iscas/Parser_Comparison/../benchmarks/part52/non-incremental/QF_LIA/slacks/25-18.slack.smt2,34.0866,0,283,成功
/pub/data/jiafq/iscas/Parser_Comparison/../benchmarks/part52/non-incremental/QF_LIA/slacks/25-19.slack.smt2,39.3177,0,281,成功
/pub/data/jiafq/iscas/Parser_Comparison/../benchmarks/part52/non-incremental/QF_LIA/slacks/25-2.slack.smt2,22.6812,0,221,成功
/pub/data/jiafq/iscas/Parser_Comparison/../benchmarks/part52/non-incremental/QF_LIA/slacks/25-20.slack.smt2,30.9254,0,287,成功
/pub/data/jiafq/iscas/Parser_Comparison/../benchmarks/part52/non-incremental/QF_LIA/slacks/25-21.slack.smt2,38.625,0,303,成功
/pub/data/jiafq/iscas/Parser_Comparison/../benchmarks/part52/non-incremental/QF_LIA/slacks/25-22.slack.smt2,38.0222,0,295,成功
/pub/data/jiafq/iscas/Parser_Comparison/../benchmarks/part52/non-incremental/QF_LIA/slacks/25-23.slack.smt2,37.7476,0,291,成功
/pub/data/jiafq/iscas/Parser_Comparison/../benchmarks/part52/non-incremental/QF_LIA/slacks/25-24.slack.smt2,36.1191,0,307,成功
/pub/data/jiafq/iscas/Parser_Comparison/../benchmarks/part52/non-incremental/QF_LIA/slacks/25-25.slack.smt2,43.8209,0,297,成功
/pub/data/jiafq/iscas/Parser_Comparison/../benchmarks/part52/non-incremental/QF_LIA/slacks/25-26.slack.smt2,44.3733,0,307,成功
/pub/data/jiafq/iscas/Parser_Comparison/../benchmarks/part52/non-incremental/QF_LIA/slacks/25-27.slack.smt2,38.5659,0,315,成功
/pub/data/jiafq/iscas/Parser_Comparison/../benchmarks/part52/non-incremental/QF_LIA/slacks/25-28.slack.smt2,41.8447,0,313,成功
/pub/data/jiafq/iscas/Parser_Comparison/../benchmarks/part52/non-incremental/QF_LIA/slacks/25-29.slack.smt2,42.6737,0,313,成功
/pub/data/jiafq/iscas/Parser_Comparison/../benchmarks/part52/non-incremental/QF_LIA/slacks/25-3.slack.smt2,22.97,0,229,成功
/pub/data/jiafq/iscas/Parser_Comparison/../benchmarks/part52/non-incremental/QF_LIA/slacks/25-30.slack.smt2,36.8835,0,301,成功
/pub/data/jiafq/iscas/Parser_Comparison/../benchmarks/part52/non-incremental/QF_LIA/slacks/25-31.slack.smt2,50.8305,0,331,成功
/pub/data/jiafq/iscas/Parser_Comparison/../benchmarks/part52/non-incremental/QF_LIA/slacks/25-33.slack.smt2,50.5017,0,335,成功
/pub/data/jiafq/iscas/Parser_Comparison/../benchmarks/part52/non-incremental/QF_LIA/slacks/25-35.slack.smt2,49.832,0,315,成功
/pub/data/jiafq/iscas/Parser_Comparison/../benchmarks/part52/non-incremental/QF_LIA/slacks/25-4.slack.smt2,25.0707,0,229,成功
/pub/data/jiafq/iscas/Parser_Comparison/../benchmarks/part52/non-incremental/QF_LIA/slacks/25-5.slack.smt2,25.3387,0,229,成功
/pub/data/jiafq/iscas/Parser_Comparison/../benchmarks/part52/non-incremental/QF_LIA/slacks/25-6.slack.smt2,27.3906,0,257,成功
/pub/data/jiafq/iscas/Parser_Comparison/../benchmarks/part52/non-incremental/QF_LIA/slacks/25-7.slack.smt2,25.0159,0,250,成功
/pub/data/jiafq/iscas/Parser_Comparison/../benchmarks/part52/non-incremental/QF_LIA/slacks/25-8.slack.smt2,22.5798,0,244,成功
/pub/data/jiafq/iscas/Parser_Comparison/../benchmarks/part52/non-incremental/QF_LIA/slacks/25-9.slack.smt2,24.6763,0,253,成功
/pub/data/jiafq/iscas/Parser_Comparison/../benchmarks/part52/non-incremental/QF_LIA/slacks/30-1.slack.smt2,23.729,0,268,成功
/pub/data/jiafq/iscas/Parser_Comparison/../benchmarks/part52/non-incremental/QF_LIA/slacks/30-10.slack.smt2,27.3624,0,279,成功
/pub/data/jiafq/iscas/Parser_Comparison/../benchmarks/part52/non-incremental/QF_LIA/slacks/30-11.slack.smt2,35.6755,0,309,成功
/pub/data/jiafq/iscas/Parser_Comparison/../benchmarks/part52/non-incremental/QF_LIA/slacks/30-12.slack.smt2,35.6758,0,325,成功
/pub/data/jiafq/iscas/Parser_Comparison/../benchmarks/part52/non-incremental/QF_LIA/slacks/30-13.slack.smt2,32.6468,0,316,成功
/pub/data/jiafq/iscas/Parser_Comparison/../benchmarks/part52/non-incremental/QF_LIA/slacks/30-14.slack.smt2,39.2521,0,309,成功
/pub/data/jiafq/iscas/Parser_Comparison/../benchmarks/part52/non-incremental/QF_LIA/slacks/30-15.slack.smt2,33.7517,0,301,成功
/pub/data/jiafq/iscas/Parser_Comparison/../benchmarks/part52/non-incremental/QF_LIA/slacks/30-16.slack.smt2,45.2846,0,335,成功
/pub/data/jiafq/iscas/Parser_Comparison/../benchmarks/part52/non-incremental/QF_LIA/slacks/30-17.slack.smt2,36.964,0,313,成功
/pub/data/jiafq/iscas/Parser_Comparison/../benchmarks/part52/non-incremental/QF_LIA/slacks/30-18.slack.smt2,36.7225,0,318,成功
/pub/data/jiafq/iscas/Parser_Comparison/../benchmarks/part52/non-incremental/QF_LIA/slacks/30-19.slack.smt2,39.9903,0,339,成功
/pub/data/jiafq/iscas/Parser_Comparison/../benchmarks/part52/non-incremental/QF_LIA/slacks/30-2.slack.smt2,28.6695,0,272,成功
/pub/data/jiafq/iscas/Parser_Comparison/../benchmarks/part52/non-incremental/QF_LIA/slacks/30-20.slack.smt2,36.22,0,323,成功
/pub/data/jiafq/iscas/Parser_Comparison/../benchmarks/part52/non-incremental/QF_LIA/slacks/30-21.slack.smt2,47.7518,0,335,成功
/pub/data/jiafq/iscas/Parser_Comparison/../benchmarks/part52/non-incremental/QF_LIA/slacks/30-22.slack.smt2,51.9075,0,359,成功
/pub/data/jiafq/iscas/Parser_Comparison/../benchmarks/part52/non-incremental/QF_LIA/slacks/30-23.slack.smt2,52.1528,0,341,成功
/pub/data/jiafq/iscas/Parser_Comparison/../benchmarks/part52/non-incremental/QF_LIA/slacks/30-24.slack.smt2,43.0855,0,341,成功
/pub/data/jiafq/iscas/Parser_Comparison/../benchmarks/part52/non-incremental/QF_LIA/slacks/30-25.slack.smt2,54.0645,0,345,成功
/pub/data/jiafq/iscas/Parser_Comparison/../benchmarks/part52/non-incremental/QF_LIA/slacks/30-26.slack.smt2,57.5803,0,363,成功
/pub/data/jiafq/iscas/Parser_Comparison/../benchmarks/part52/non-incremental/QF_LIA/slacks/30-27.slack.smt2,52.1776,224,347,成功
/pub/data/jiafq/iscas/Parser_Comparison/../benchmarks/part52/non-incremental/QF_LIA/slacks/30-28.slack.smt2,54.8901,0,353,成功
/pub/data/jiafq/iscas/Parser_Comparison/../benchmarks/part52/non-incremental/QF_LIA/slacks/30-29.slack.smt2,50.4673,0,336,成功
/pub/data/jiafq/iscas/Parser_Comparison/../benchmarks/part52/non-incremental/QF_LIA/slacks/30-3.slack.smt2,25.8104,0,266,成功
/pub/data/jiafq/iscas/Parser_Comparison/../benchmarks/part52/non-incremental/QF_LIA/slacks/30-30.slack.smt2,55.0761,0,353,成功
/pub/data/jiafq/iscas/Parser_Comparison/../benchmarks/part52/non-incremental/QF_LIA/slacks/30-31.slack.smt2,62.0801,0,365,成功
/pub/data/jiafq/iscas/Parser_Comparison/../benchmarks/part52/non-incremental/QF_LIA/slacks/30-33.slack.smt2,53.2936,0,371,成功
/pub/data/jiafq/iscas/Parser_Comparison/../benchmarks/part52/non-incremental/QF_LIA/slacks/30-34.slack.smt2,55.9493,0,381,成功
/pub/data/jiafq/iscas/Parser_Comparison/../benchmarks/part52/non-incremental/QF_LIA/slacks/30-35.slack.smt2,58.3744,0,367,成功
/pub/data/jiafq/iscas/Parser_Comparison/../benchmarks/part52/non-incremental/QF_LIA/slacks/30-4.slack.smt2,29.6411,0,269,成功
/pub/data/jiafq/iscas/Parser_Comparison/../benchmarks/part52/non-incremental/QF_LIA/slacks/30-5.slack.smt2,22.9778,0,263,成功
/pub/data/jiafq/iscas/Parser_Comparison/../benchmarks/part52/non-incremental/QF_LIA/slacks/30-6.slack.smt2,27.1063,0,287,成功
/pub/data/jiafq/iscas/Parser_Comparison/../benchmarks/part52/non-incremental/QF_LIA/slacks/30-7.slack.smt2,35.9245,0,291,成功
/pub/data/jiafq/iscas/Parser_Comparison/../benchmarks/part52/non-incremental/QF_LIA/slacks/30-8.slack.smt2,37.3086,0,284,成功
/pub/data/jiafq/iscas/Parser_Comparison/../benchmarks/part52/non-incremental/QF_LIA/slacks/30-9.slack.smt2,25.3484,0,284,成功
/pub/data/jiafq/iscas/Parser_Comparison/../benchmarks/part52/non-incremental/QF_LIA/slacks/35-1.slack.smt2,25.1322,0,292,成功
/pub/data/jiafq/iscas/Parser_Comparison/../benchmarks/part52/non-incremental/QF_LIA/slacks/35-10.slack.smt2,40.3214,0,331,成功
/pub/data/jiafq/iscas/Parser_Comparison/../benchmarks/part52/non-incremental/QF_LIA/slacks/35-11.slack.smt2,48.3934,0,341,成功
/pub/data/jiafq/iscas/Parser_Comparison/../benchmarks/part52/non-incremental/QF_LIA/slacks/35-12.slack.smt2,69.1812,0,332,成功
/pub/data/jiafq/iscas/Parser_Comparison/../benchmarks/part52/non-incremental/QF_LIA/slacks/35-13.slack.smt2,45.3499,0,337,成功
/pub/data/jiafq/iscas/Parser_Comparison/../benchmarks/part52/non-incremental/QF_LIA/slacks/35-14.slack.smt2,43.6175,0,349,成功
/pub/data/jiafq/iscas/Parser_Comparison/../benchmarks/part52/non-incremental/QF_LIA/slacks/35-15.slack.smt2,47.236,0,337,成功
/pub/data/jiafq/iscas/Parser_Comparison/../benchmarks/part52/non-incremental/QF_LIA/slacks/35-16.slack.smt2,49.0991,0,369,成功
/pub/data/jiafq/iscas/Parser_Comparison/../benchmarks/part52/non-incremental/QF_LIA/slacks/35-17.slack.smt2,53.4591,0,371,成功
/pub/data/jiafq/iscas/Parser_Comparison/../benchmarks/part52/non-incremental/QF_LIA/slacks/35-18.slack.smt2,54.7638,0,381,成功
/pub/data/jiafq/iscas/Parser_Comparison/../benchmarks/part52/non-incremental/QF_LIA/slacks/35-19.slack.smt2,46.6717,0,364,成功
/pub/data/jiafq/iscas/Parser_Comparison/../benchmarks/part52/non-incremental/QF_LIA/slacks/35-2.slack.smt2,32.3503,0,303,成功
/pub/data/jiafq/iscas/Parser_Comparison/../benchmarks/part52/non-incremental/QF_LIA/slacks/35-20.slack.smt2,46.8577,0,359,成功
/pub/data/jiafq/iscas/Parser_Comparison/../benchmarks/part52/non-incremental/QF_LIA/slacks/35-21.slack.smt2,60.4662,0,377,成功
/pub/data/jiafq/iscas/Parser_Comparison/../benchmarks/part52/non-incremental/QF_LIA/slacks/35-22.slack.smt2,58.0664,0,367,成功
/pub/data/jiafq/iscas/Parser_Comparison/../benchmarks/part52/non-incremental/QF_LIA/slacks/35-23.slack.smt2,53.9866,0,387,成功
/pub/data/jiafq/iscas/Parser_Comparison/../benchmarks/part52/non-incremental/QF_LIA/slacks/35-24.slack.smt2,55.5433,0,399,成功
/pub/data/jiafq/iscas/Parser_Comparison/../benchmarks/part52/non-incremental/QF_LIA/slacks/35-25.slack.smt2,56.7909,0,387,成功
/pub/data/jiafq/iscas/Parser_Comparison/../benchmarks/part52/non-incremental/QF_LIA/slacks/35-26.slack.smt2,65.2328,0,391,成功
/pub/data/jiafq/iscas/Parser_Comparison/../benchmarks/part52/non-incremental/QF_LIA/slacks/35-27.slack.smt2,64.5196,0,403,成功
/pub/data/jiafq/iscas/Parser_Comparison/../benchmarks/part52/non-incremental/QF_LIA/slacks/35-28.slack.smt2,65.1443,0,398,成功
/pub/data/jiafq/iscas/Parser_Comparison/../benchmarks/part52/non-incremental/QF_LIA/slacks/35-29.slack.smt2,58.4312,0,407,成功
/pub/data/jiafq/iscas/Parser_Comparison/../benchmarks/part52/non-incremental/QF_LIA/slacks/35-3.slack.smt2,28.7952,0,316,成功
/pub/data/jiafq/iscas/Parser_Comparison/../benchmarks/part52/non-incremental/QF_LIA/slacks/35-30.slack.smt2,62.2126,0,395,成功
/pub/data/jiafq/iscas/Parser_Comparison/../benchmarks/part52/non-incremental/QF_LIA/slacks/35-31.slack.smt2,65.6859,0,413,成功
/pub/data/jiafq/iscas/Parser_Comparison/../benchmarks/part52/non-incremental/QF_LIA/slacks/35-32.slack.smt2,75.4325,0,421,成功
/pub/data/jiafq/iscas/Parser_Comparison/../benchmarks/part52/non-incremental/QF_LIA/slacks/35-33.slack.smt2,65.1562,0,413,成功
/pub/data/jiafq/iscas/Parser_Comparison/../benchmarks/part52/non-incremental/QF_LIA/slacks/35-34.slack.smt2,69.3835,0,423,成功
/pub/data/jiafq/iscas/Parser_Comparison/../benchmarks/part52/non-incremental/QF_LIA/slacks/35-35.slack.smt2,66.3362,0,407,成功
/pub/data/jiafq/iscas/Parser_Comparison/../benchmarks/part52/non-incremental/QF_LIA/slacks/35-4.slack.smt2,32.424,0,296,成功
/pub/data/jiafq/iscas/Parser_Comparison/../benchmarks/part52/non-incremental/QF_LIA/slacks/35-5.slack.smt2,36.2625,0,309,成功
/pub/data/jiafq/iscas/Parser_Comparison/../benchmarks/part52/non-incremental/QF_LIA/slacks/35-6.slack.smt2,39.5132,0,306,成功
/pub/data/jiafq/iscas/Parser_Comparison/../benchmarks/part52/non-incremental/QF_LIA/slacks/35-7.slack.smt2,55.9983,0,331,成功
/pub/data/jiafq/iscas/Parser_Comparison/../benchmarks/part52/non-incremental/QF_LIA/slacks/35-8.slack.smt2,39.5898,0,327,成功
/pub/data/jiafq/iscas/Parser_Comparison/../benchmarks/part52/non-incremental/QF_LIA/slacks/35-9.slack.smt2,30.1014,0,329,成功
/pub/data/jiafq/iscas/Parser_Comparison/../benchmarks/part52/non-incremental/QF_LIA/slacks/40-1.slack.smt2,37.4267,0,345,成功
/pub/data/jiafq/iscas/Parser_Comparison/../benchmarks/part52/non-incremental/QF_LIA/slacks/40-10.slack.smt2,40.3464,0,340,成功
/pub/data/jiafq/iscas/Parser_Comparison/../benchmarks/part52/non-incremental/QF_LIA/slacks/40-11.slack.smt2,51.4291,0,383,成功
/pub/data/jiafq/iscas/Parser_Comparison/../benchmarks/part52/non-incremental/QF_LIA/slacks/40-12.slack.smt2,52.1393,0,387,成功
/pub/data/jiafq/iscas/Parser_Comparison/../benchmarks/part52/non-incremental/QF_LIA/slacks/40-13.slack.smt2,50.0189,0,394,成功
/pub/data/jiafq/iscas/Parser_Comparison/../benchmarks/part52/non-incremental/QF_LIA/slacks/40-14.slack.smt2,51.2853,0,380,成功
/pub/data/jiafq/iscas/Parser_Comparison/../benchmarks/part52/non-incremental/QF_LIA/slacks/40-15.slack.smt2,52.5561,0,377,成功
/pub/data/jiafq/iscas/Parser_Comparison/../benchmarks/part52/non-incremental/QF_LIA/slacks/40-16.slack.smt2,55.4921,0,397,成功
/pub/data/jiafq/iscas/Parser_Comparison/../benchmarks/part52/non-incremental/QF_LIA/slacks/40-17.slack.smt2,55.8579,0,427,成功
/pub/data/jiafq/iscas/Parser_Comparison/../benchmarks/part52/non-incremental/QF_LIA/slacks/40-18.slack.smt2,52.0079,0,411,成功
/pub/data/jiafq/iscas/Parser_Comparison/../benchmarks/part52/non-incremental/QF_LIA/slacks/40-19.slack.smt2,61.9298,0,401,成功
/pub/data/jiafq/iscas/Parser_Comparison/../benchmarks/part52/non-incremental/QF_LIA/slacks/40-2.slack.smt2,36.7127,0,347,成功
/pub/data/jiafq/iscas/Parser_Comparison/../benchmarks/part52/non-incremental/QF_LIA/slacks/40-20.slack.smt2,56.8195,0,403,成功
/pub/data/jiafq/iscas/Parser_Comparison/../benchmarks/part52/non-incremental/QF_LIA/slacks/40-21.slack.smt2,59.144,0,415,成功
/pub/data/jiafq/iscas/Parser_Comparison/../benchmarks/part52/non-incremental/QF_LIA/slacks/40-22.slack.smt2,70.746,0,441,成功
/pub/data/jiafq/iscas/Parser_Comparison/../benchmarks/part52/non-incremental/QF_LIA/slacks/40-23.slack.smt2,65.9695,0,427,成功
/pub/data/jiafq/iscas/Parser_Comparison/../benchmarks/part52/non-incremental/QF_LIA/slacks/40-24.slack.smt2,62.4681,0,423,成功
/pub/data/jiafq/iscas/Parser_Comparison/../benchmarks/part52/non-incremental/QF_LIA/slacks/40-25.slack.smt2,63.9213,0,409,成功
/pub/data/jiafq/iscas/Parser_Comparison/../benchmarks/part52/non-incremental/QF_LIA/slacks/40-26.slack.smt2,67.2736,0,453,成功
/pub/data/jiafq/iscas/Parser_Comparison/../benchmarks/part52/non-incremental/QF_LIA/slacks/40-27.slack.smt2,73.7782,0,447,成功
/pub/data/jiafq/iscas/Parser_Comparison/../benchmarks/part52/non-incremental/QF_LIA/slacks/40-28.slack.smt2,73.5896,0,441,成功
/pub/data/jiafq/iscas/Parser_Comparison/../benchmarks/part52/non-incremental/QF_LIA/slacks/40-29.slack.smt2,69.9657,0,443,成功
/pub/data/jiafq/iscas/Parser_Comparison/../benchmarks/part52/non-incremental/QF_LIA/slacks/40-3.slack.smt2,35.1306,0,344,成功
/pub/data/jiafq/iscas/Parser_Comparison/../benchmarks/part52/non-incremental/QF_LIA/slacks/40-30.slack.smt2,75.5108,0,437,成功
/pub/data/jiafq/iscas/Parser_Comparison/../benchmarks/part52/non-incremental/QF_LIA/slacks/40-31.slack.smt2,72.0941,0,470,成功
/pub/data/jiafq/iscas/Parser_Comparison/../benchmarks/part52/non-incremental/QF_LIA/slacks/40-32.slack.smt2,76.5263,0,457,成功
/pub/data/jiafq/iscas/Parser_Comparison/../benchmarks/part52/non-incremental/QF_LIA/slacks/40-33.slack.smt2,87.4693,0,465,成功
/pub/data/jiafq/iscas/Parser_Comparison/../benchmarks/part52/non-incremental/QF_LIA/slacks/40-34.slack.smt2,75.0518,0,457,成功
/pub/data/jiafq/iscas/Parser_Comparison/../benchmarks/part52/non-incremental/QF_LIA/slacks/40-35.slack.smt2,83.4441,0,463,成功
/pub/data/jiafq/iscas/Parser_Comparison/../benchmarks/part52/non-incremental/QF_LIA/slacks/40-4.slack.smt2,37.0926,0,340,成功
/pub/data/jiafq/iscas/Parser_Comparison/../benchmarks/part52/non-incremental/QF_LIA/slacks/40-5.slack.smt2,38.3591,0,330,成功
/pub/data/jiafq/iscas/Parser_Comparison/../benchmarks/part52/non-incremental/QF_LIA/slacks/40-6.slack.smt2,38.2076,0,370,成功
/pub/data/jiafq/iscas/Parser_Comparison/../benchmarks/part52/non-incremental/QF_LIA/slacks/40-7.slack.smt2,42.7028,0,366,成功
/pub/data/jiafq/iscas/Parser_Comparison/../benchmarks/part52/non-incremental/QF_LIA/slacks/40-8.slack.smt2,37.7926,0,373,成功
/pub/data/jiafq/iscas/Parser_Comparison/../benchmarks/part52/non-incremental/QF_LIA/slacks/40-9.slack.smt2,42.3002,0,363,成功
/pub/data/jiafq/iscas/Parser_Comparison/../benchmarks/part52/non-incremental/QF_LIA/slacks/45-1.slack.smt2,38.893,0,391,成功
/pub/data/jiafq/iscas/Parser_Comparison/../benchmarks/part52/non-incremental/QF_LIA/slacks/45-10.slack.smt2,48.906,0,415,成功
/pub/data/jiafq/iscas/Parser_Comparison/../benchmarks/part52/non-incremental/QF_LIA/slacks/45-11.slack.smt2,53.4626,0,424,成功
/pub/data/jiafq/iscas/Parser_Comparison/../benchmarks/part52/non-incremental/QF_LIA/slacks/45-12.slack.smt2,54.1823,0,419,成功
/pub/data/jiafq/iscas/Parser_Comparison/../benchmarks/part52/non-incremental/QF_LIA/slacks/45-13.slack.smt2,52.9625,0,431,成功
/pub/data/jiafq/iscas/Parser_Comparison/../benchmarks/part52/non-incremental/QF_LIA/slacks/45-14.slack.smt2,51.4408,0,423,成功
/pub/data/jiafq/iscas/Parser_Comparison/../benchmarks/part52/non-incremental/QF_LIA/slacks/45-15.slack.smt2,49.0253,0,409,成功
/pub/data/jiafq/iscas/Parser_Comparison/../benchmarks/part52/non-incremental/QF_LIA/slacks/45-16.slack.smt2,61.0117,0,442,成功
/pub/data/jiafq/iscas/Parser_Comparison/../benchmarks/part52/non-incremental/QF_LIA/slacks/45-17.slack.smt2,63.0958,0,451,成功
/pub/data/jiafq/iscas/Parser_Comparison/../benchmarks/part52/non-incremental/QF_LIA/slacks/45-18.slack.smt2,62.1785,0,457,成功
/pub/data/jiafq/iscas/Parser_Comparison/../benchmarks/part52/non-incremental/QF_LIA/slacks/45-19.slack.smt2,58.3533,0,433,成功
/pub/data/jiafq/iscas/Parser_Comparison/../benchmarks/part52/non-incremental/QF_LIA/slacks/45-2.slack.smt2,35.1576,0,380,成功
/pub/data/jiafq/iscas/Parser_Comparison/../benchmarks/part52/non-incremental/QF_LIA/slacks/45-20.slack.smt2,63.5953,0,441,成功
/pub/data/jiafq/iscas/Parser_Comparison/../benchmarks/part52/non-incremental/QF_LIA/slacks/45-21.slack.smt2,65.5432,0,477,成功
/pub/data/jiafq/iscas/Parser_Comparison/../benchmarks/part52/non-incremental/QF_LIA/slacks/45-22.slack.smt2,68.9225,0,483,成功
/pub/data/jiafq/iscas/Parser_Comparison/../benchmarks/part52/non-incremental/QF_LIA/slacks/45-23.slack.smt2,72.1285,0,457,成功
/pub/data/jiafq/iscas/Parser_Comparison/../benchmarks/part52/non-incremental/QF_LIA/slacks/45-24.slack.smt2,62.8775,0,455,成功
/pub/data/jiafq/iscas/Parser_Comparison/../benchmarks/part52/non-incremental/QF_LIA/slacks/45-25.slack.smt2,66.8047,0,464,成功
/pub/data/jiafq/iscas/Parser_Comparison/../benchmarks/part52/non-incremental/QF_LIA/slacks/45-26.slack.smt2,72.819,0,489,成功
/pub/data/jiafq/iscas/Parser_Comparison/../benchmarks/part52/non-incremental/QF_LIA/slacks/45-27.slack.smt2,77.7128,0,485,成功
/pub/data/jiafq/iscas/Parser_Comparison/../benchmarks/part52/non-incremental/QF_LIA/slacks/45-28.slack.smt2,81.2237,0,497,成功
/pub/data/jiafq/iscas/Parser_Comparison/../benchmarks/part52/non-incremental/QF_LIA/slacks/45-29.slack.smt2,77.5906,0,507,成功
/pub/data/jiafq/iscas/Parser_Comparison/../benchmarks/part52/non-incremental/QF_LIA/slacks/45-3.slack.smt2,34.5255,0,374,成功
/pub/data/jiafq/iscas/Parser_Comparison/../benchmarks/part52/non-incremental/QF_LIA/slacks/45-30.slack.smt2,72.6799,0,470,成功
/pub/data/jiafq/iscas/Parser_Comparison/../benchmarks/part52/non-incremental/QF_LIA/slacks/45-31.slack.smt2,87.2666,0,509,成功
/pub/data/jiafq/iscas/Parser_Comparison/../benchmarks/part52/non-incremental/QF_LIA/slacks/45-32.slack.smt2,89.6864,0,517,成功
/pub/data/jiafq/iscas/Parser_Comparison/../benchmarks/part52/non-incremental/QF_LIA/slacks/45-33.slack.smt2,86.0599,0,497,成功
/pub/data/jiafq/iscas/Parser_Comparison/../benchmarks/part52/non-incremental/QF_LIA/slacks/45-34.slack.smt2,91.3494,0,505,成功
/pub/data/jiafq/iscas/Parser_Comparison/../benchmarks/part52/non-incremental/QF_LIA/slacks/45-35.slack.smt2,78.6817,0,489,成功
/pub/data/jiafq/iscas/Parser_Comparison/../benchmarks/part52/non-incremental/QF_LIA/slacks/45-4.slack.smt2,41.1654,0,373,成功
/pub/data/jiafq/iscas/Parser_Comparison/../benchmarks/part52/non-incremental/QF_LIA/slacks/45-5.slack.smt2,39.2449,0,393,成功
/pub/data/jiafq/iscas/Parser_Comparison/../benchmarks/part52/non-incremental/QF_LIA/slacks/45-6.slack.smt2,41.9831,0,401,成功
/pub/data/jiafq/iscas/Parser_Comparison/../benchmarks/part52/non-incremental/QF_LIA/slacks/45-7.slack.smt2,45.668,0,412,成功
/pub/data/jiafq/iscas/Parser_Comparison/../benchmarks/part52/non-incremental/QF_LIA/slacks/45-8.slack.smt2,45.142,0,413,成功
/pub/data/jiafq/iscas/Parser_Comparison/../benchmarks/part52/non-incremental/QF_LIA/slacks/45-9.slack.smt2,48.4891,0,396,成功
/pub/data/jiafq/iscas/Parser_Comparison/../benchmarks/part52/non-incremental/QF_LIA/tightrhombus/tightrhombus-273-245-0.smt2,2.47385,0,21,成功
/pub/data/jiafq/iscas/Parser_Comparison/../benchmarks/part52/non-incremental/QF_LIA/tightrhombus/tightrhombus-273-245-1.smt2,2.37307,0,21,成功
/pub/data/jiafq/iscas/Parser_Comparison/../benchmarks/part52/non-incremental/QF_LIA/tightrhombus/tightrhombus-273-245-10.smt2,4.26218,0,21,成功
/pub/data/jiafq/iscas/Parser_Comparison/../benchmarks/part52/non-incremental/QF_LIA/tightrhombus/tightrhombus-273-245-2.smt2,2.91142,0,21,成功
/pub/data/jiafq/iscas/Parser_Comparison/../benchmarks/part52/non-incremental/QF_LIA/tightrhombus/tightrhombus-273-245-3.smt2,2.83066,0,21,成功
/pub/data/jiafq/iscas/Parser_Comparison/../benchmarks/part52/non-incremental/QF_LIA/tightrhombus/tightrhombus-273-245-4.smt2,2.05538,0,21,成功
/pub/data/jiafq/iscas/Parser_Comparison/../benchmarks/part52/non-incremental/QF_LIA/tightrhombus/tightrhombus-273-245-5.smt2,4.29905,0,21,成功
/pub/data/jiafq/iscas/Parser_Comparison/../benchmarks/part52/non-incremental/QF_LIA/tightrhombus/tightrhombus-273-245-6.smt2,4.27484,0,21,成功
/pub/data/jiafq/iscas/Parser_Comparison/../benchmarks/part52/non-incremental/QF_LIA/tightrhombus/tightrhombus-273-245-7.smt2,2.81863,0,21,成功
/pub/data/jiafq/iscas/Parser_Comparison/../benchmarks/part52/non-incremental/QF_LIA/tightrhombus/tightrhombus-273-245-8.smt2,3.84357,0,21,成功
/pub/data/jiafq/iscas/Parser_Comparison/../benchmarks/part52/non-incremental/QF_LIA/tightrhombus/tightrhombus-273-245-9.smt2,2.04484,0,21,成功
/pub/data/jiafq/iscas/Parser_Comparison/../benchmarks/part52/non-incremental/QF_LIA/tightrhombus/tightrhombus-283-245-0.smt2,2.29093,0,21,成功
/pub/data/jiafq/iscas/Parser_Comparison/../benchmarks/part52/non-incremental/QF_LIA/tightrhombus/tightrhombus-283-245-1.smt2,3.955,0,21,成功
/pub/data/jiafq/iscas/Parser_Comparison/../benchmarks/part52/non-incremental/QF_LIA/tightrhombus/tightrhombus-283-245-10.smt2,2.26856,0,21,成功
/pub/data/jiafq/iscas/Parser_Comparison/../benchmarks/part52/non-incremental/QF_LIA/tightrhombus/tightrhombus-283-245-2.smt2,4.48379,0,21,成功
/pub/data/jiafq/iscas/Parser_Comparison/../benchmarks/part52/non-incremental/QF_LIA/tightrhombus/tightrhombus-283-245-3.smt2,4.06402,0,21,成功
/pub/data/jiafq/iscas/Parser_Comparison/../benchmarks/part52/non-incremental/QF_LIA/tightrhombus/tightrhombus-283-245-4.smt2,4.12926,0,21,成功
/pub/data/jiafq/iscas/Parser_Comparison/../benchmarks/part52/non-incremental/QF_LIA/tightrhombus/tightrhombus-283-245-5.smt2,4.01908,0,21,成功
/pub/data/jiafq/iscas/Parser_Comparison/../benchmarks/part52/non-incremental/QF_LIA/tightrhombus/tightrhombus-283-245-6.smt2,4.07169,0,21,成功
/pub/data/jiafq/iscas/Parser_Comparison/../benchmarks/part52/non-incremental/QF_LIA/tightrhombus/tightrhombus-283-245-7.smt2,2.21173,0,21,成功
/pub/data/jiafq/iscas/Parser_Comparison/../benchmarks/part52/non-incremental/QF_LIA/tightrhombus/tightrhombus-283-245-8.smt2,2.16802,0,21,成功
/pub/data/jiafq/iscas/Parser_Comparison/../benchmarks/part52/non-incremental/QF_LIA/tightrhombus/tightrhombus-283-245-9.smt2,4.15707,0,21,成功
/pub/data/jiafq/iscas/Parser_Comparison/../benchmarks/part52/non-incremental/QF_LIA/tropical-matrix/constraint-1015084.smt2,1970.34,0,48824,成功
/pub/data/jiafq/iscas/Parser_Comparison/../benchmarks/part52/non-incremental/QF_LIA/tropical-matrix/constraint-1072007.smt2,2034.56,0,51545,成功
/pub/data/jiafq/iscas/Parser_Comparison/../benchmarks/part52/non-incremental/QF_LIA/tropical-matrix/constraint-1138192.smt2,2229.51,0,55045,成功
/pub/data/jiafq/iscas/Parser_Comparison/../benchmarks/part52/non-incremental/QF_LIA/tropical-matrix/constraint-1192684.smt2,2224.25,0,54500,成功
/pub/data/jiafq/iscas/Parser_Comparison/../benchmarks/part52/non-incremental/QF_LIA/tropical-matrix/constraint-1206577.smt2,2286.33,0,57302,成功
/pub/data/jiafq/iscas/Parser_Comparison/../benchmarks/part52/non-incremental/QF_LIA/tropical-matrix/constraint-1262176.smt2,2365.39,0,60101,成功
/pub/data/jiafq/iscas/Parser_Comparison/../benchmarks/part52/non-incremental/QF_LIA/tropical-matrix/constraint-1265513.smt2,2421.62,0,60339,成功
/pub/data/jiafq/iscas/Parser_Comparison/../benchmarks/part52/non-incremental/QF_LIA/tropical-matrix/constraint-1268455.smt2,2466.26,0,60061,成功
/pub/data/jiafq/iscas/Parser_Comparison/../benchmarks/part52/non-incremental/QF_LIA/tropical-matrix/constraint-1270163.smt2,2443.27,0,60854,成功
/pub/data/jiafq/iscas/Parser_Comparison/../benchmarks/part52/non-incremental/QF_LIA/tropical-matrix/constraint-1270998.smt2,2516.69,0,60878,成功
/pub/data/jiafq/iscas/Parser_Comparison/../benchmarks/part52/non-incremental/QF_LIA/tropical-matrix/constraint-1285151.smt2,2485.99,0,63041,成功
/pub/data/jiafq/iscas/Parser_Comparison/../benchmarks/part52/non-incremental/QF_LIA/tropical-matrix/constraint-1290859.smt2,2299.21,0,59633,成功
/pub/data/jiafq/iscas/Parser_Comparison/../benchmarks/part52/non-incremental/QF_LIA/tropical-matrix/constraint-1317230.smt2,2453.26,0,63002,成功
/pub/data/jiafq/iscas/Parser_Comparison/../benchmarks/part52/non-incremental/QF_LIA/tropical-matrix/constraint-1330141.smt2,2635.7,0,65306,成功
/pub/data/jiafq/iscas/Parser_Comparison/../benchmarks/part52/non-incremental/QF_LIA/tropical-matrix/constraint-1333327.smt2,2468.69,0,61555,成功
/pub/data/jiafq/iscas/Parser_Comparison/../benchmarks/part52/non-incremental/QF_LIA/tropical-matrix/constraint-1345233.smt2,2436.08,0,63890,成功
/pub/data/jiafq/iscas/Parser_Comparison/../benchmarks/part52/non-incremental/QF_LIA/tropical-matrix/constraint-1361831.smt2,2470.58,0,64405,成功
/pub/data/jiafq/iscas/Parser_Comparison/../benchmarks/part52/non-incremental/QF_LIA/tropical-matrix/constraint-1452366.smt2,2638.44,0,69027,成功
/pub/data/jiafq/iscas/Parser_Comparison/../benchmarks/part52/non-incremental/QF_LIA/tropical-matrix/constraint-1495125.smt2,2923.78,0,72528,成功
/pub/data/jiafq/iscas/Parser_Comparison/../benchmarks/part52/non-incremental/QF_LIA/tropical-matrix/constraint-1635444.smt2,3053.12,0,77477,成功
/pub/data/jiafq/iscas/Parser_Comparison/../benchmarks/part52/non-incremental/QF_LIA/tropical-matrix/constraint-1682901.smt2,3139.7,0,79727,成功
/pub/data/jiafq/iscas/Parser_Comparison/../benchmarks/part52/non-incremental/QF_LIA/tropical-matrix/constraint-170961.smt2,305.295,0,8332,成功
/pub/data/jiafq/iscas/Parser_Comparison/../benchmarks/part52/non-incremental/QF_LIA/tropical-matrix/constraint-178902.smt2,324.835,0,8890,成功
/pub/data/jiafq/iscas/Parser_Comparison/../benchmarks/part52/non-incremental/QF_LIA/tropical-matrix/constraint-1791895.smt2,3451.29,0,85535,成功
/pub/data/jiafq/iscas/Parser_Comparison/../benchmarks/part52/non-incremental/QF_LIA/tropical-matrix/constraint-187292.smt2,313.805,0,9070,成功
/pub/data/jiafq/iscas/Parser_Comparison/../benchmarks/part52/non-incremental/QF_LIA/tropical-matrix/constraint-1908553.smt2,3657.07,0,92376,成功
/pub/data/jiafq/iscas/Parser_Comparison/../benchmarks/part52/non-incremental/QF_LIA/tropical-matrix/constraint-1915015.smt2,3837.13,0,89254,成功
/pub/data/jiafq/iscas/Parser_Comparison/../benchmarks/part52/non-incremental/QF_LIA/tropical-matrix/constraint-206132.smt2,366.133,0,10435,成功
/pub/data/jiafq/iscas/Parser_Comparison/../benchmarks/part52/non-incremental/QF_LIA/tropical-matrix/constraint-2061672.smt2,3846.26,0,99752,成功
/pub/data/jiafq/iscas/Parser_Comparison/../benchmarks/part52/non-incremental/QF_LIA/tropical-matrix/constraint-2085483.smt2,3942.29,0,97093,成功
/pub/data/jiafq/iscas/Parser_Comparison/../benchmarks/part52/non-incremental/QF_LIA/tropical-matrix/constraint-2121292.smt2,3844.97,0,98764,成功
/pub/data/jiafq/iscas/Parser_Comparison/../benchmarks/part52/non-incremental/QF_LIA/tropical-matrix/constraint-2186643.smt2,4333.8,0,106610,成功
/pub/data/jiafq/iscas/Parser_Comparison/../benchmarks/part52/non-incremental/QF_LIA/tropical-matrix/constraint-221609.smt2,388.777,0,11153,成功
/pub/data/jiafq/iscas/Parser_Comparison/../benchmarks/part52/non-incremental/QF_LIA/tropical-matrix/constraint-2306960.smt2,4303.08,0,107715,成功
/pub/data/jiafq/iscas/Parser_Comparison/../benchmarks/part52/non-incremental/QF_LIA/tropical-matrix/constraint-244431.smt2,444.781,0,12251,成功
/pub/data/jiafq/iscas/Parser_Comparison/../benchmarks/part52/non-incremental/QF_LIA/tropical-matrix/constraint-2465898.smt2,4827.06,0,118029,成功
/pub/data/jiafq/iscas/Parser_Comparison/../benchmarks/part52/non-incremental/QF_LIA/tropical-matrix/constraint-247831.smt2,434.842,0,12481,成功
/pub/data/jiafq/iscas/Parser_Comparison/../benchmarks/part52/non-incremental/QF_LIA/tropical-matrix/constraint-255468.smt2,458.976,0,13101,成功
/pub/data/jiafq/iscas/Parser_Comparison/../benchmarks/part52/non-incremental/QF_LIA/tropical-matrix/constraint-269353.smt2,467.08,0,13464,成功
/pub/data/jiafq/iscas/Parser_Comparison/../benchmarks/part52/non-incremental/QF_LIA/tropical-matrix/constraint-2783581.smt2,5497.56,0,132948,成功
/pub/data/jiafq/iscas/Parser_Comparison/../benchmarks/part52/non-incremental/QF_LIA/tropical-matrix/constraint-278378.smt2,507.961,0,14068,成功
/pub/data/jiafq/iscas/Parser_Comparison/../benchmarks/part52/non-incremental/QF_LIA/tropical-matrix/constraint-283008.smt2,517.669,0,14148,成功
/pub/data/jiafq/iscas/Parser_Comparison/../benchmarks/part52/non-incremental/QF_LIA/tropical-matrix/constraint-285271.smt2,548.423,0,14755,成功
/pub/data/jiafq/iscas/Parser_Comparison/../benchmarks/part52/non-incremental/QF_LIA/tropical-matrix/constraint-2876125.smt2,5536.83,0,132513,成功
/pub/data/jiafq/iscas/Parser_Comparison/../benchmarks/part52/non-incremental/QF_LIA/tropical-matrix/constraint-299856.smt2,517.841,0,14891,成功
/pub/data/jiafq/iscas/Parser_Comparison/../benchmarks/part52/non-incremental/QF_LIA/tropical-matrix/constraint-3055292.smt2,5878.1,0,145482,成功
/pub/data/jiafq/iscas/Parser_Comparison/../benchmarks/part52/non-incremental/QF_LIA/tropical-matrix/constraint-319990.smt2,568.897,0,16138,成功
/pub/data/jiafq/iscas/Parser_Comparison/../benchmarks/part52/non-incremental/QF_LIA/tropical-matrix/constraint-321761.smt2,564.312,0,15992,成功
/pub/data/jiafq/iscas/Parser_Comparison/../benchmarks/part52/non-incremental/QF_LIA/tropical-matrix/constraint-329386.smt2,571.111,0,15727,成功
/pub/data/jiafq/iscas/Parser_Comparison/../benchmarks/part52/non-incremental/QF_LIA/tropical-matrix/constraint-3427750.smt2,6677.93,0,159763,成功
/pub/data/jiafq/iscas/Parser_Comparison/../benchmarks/part52/non-incremental/QF_LIA/tropical-matrix/constraint-343499.smt2,589.948,0,16382,成功
/pub/data/jiafq/iscas/Parser_Comparison/../benchmarks/part52/non-incremental/QF_LIA/tropical-matrix/constraint-368069.smt2,651.694,0,18156,成功
/pub/data/jiafq/iscas/Parser_Comparison/../benchmarks/part52/non-incremental/QF_LIA/tropical-matrix/constraint-369883.smt2,643.826,0,18228,成功
/pub/data/jiafq/iscas/Parser_Comparison/../benchmarks/part52/non-incremental/QF_LIA/tropical-matrix/constraint-373262.smt2,674.919,0,18702,成功
/pub/data/jiafq/iscas/Parser_Comparison/../benchmarks/part52/non-incremental/QF_LIA/tropical-matrix/constraint-390915.smt2,672.329,0,18482,成功
/pub/data/jiafq/iscas/Parser_Comparison/../benchmarks/part52/non-incremental/QF_LIA/tropical-matrix/constraint-394532.smt2,702.623,0,19292,成功
/pub/data/jiafq/iscas/Parser_Comparison/../benchmarks/part52/non-incremental/QF_LIA/tropical-matrix/constraint-3956027.smt2,7650.4,0,182886,成功
/pub/data/jiafq/iscas/Parser_Comparison/../benchmarks/part52/non-incremental/QF_LIA/tropical-matrix/constraint-396616.smt2,682.367,0,18840,成功
/pub/data/jiafq/iscas/Parser_Comparison/../benchmarks/part52/non-incremental/QF_LIA/tropical-matrix/constraint-4033959.smt2,7706.11,0,186368,成功
/pub/data/jiafq/iscas/Parser_Comparison/../benchmarks/part52/non-incremental/QF_LIA/tropical-matrix/constraint-413904.smt2,734.52,0,19704,成功
/pub/data/jiafq/iscas/Parser_Comparison/../benchmarks/part52/non-incremental/QF_LIA/tropical-matrix/constraint-416752.smt2,717.046,0,20469,成功
/pub/data/jiafq/iscas/Parser_Comparison/../benchmarks/part52/non-incremental/QF_LIA/tropical-matrix/constraint-463860.smt2,787.692,0,22014,成功
/pub/data/jiafq/iscas/Parser_Comparison/../benchmarks/part52/non-incremental/QF_LIA/tropical-matrix/constraint-479884.smt2,856.01,0,23221,成功
/pub/data/jiafq/iscas/Parser_Comparison/../benchmarks/part52/non-incremental/QF_LIA/tropical-matrix/constraint-495717.smt2,877.749,0,24213,成功
/pub/data/jiafq/iscas/Parser_Comparison/../benchmarks/part52/non-incremental/QF_LIA/tropical-matrix/constraint-495763.smt2,863.629,0,23464,成功
/pub/data/jiafq/iscas/Parser_Comparison/../benchmarks/part52/non-incremental/QF_LIA/tropical-matrix/constraint-496324.smt2,883.033,0,24287,成功
/pub/data/jiafq/iscas/Parser_Comparison/../benchmarks/part52/non-incremental/QF_LIA/tropical-matrix/constraint-496502.smt2,849.827,0,23492,成功
/pub/data/jiafq/iscas/Parser_Comparison/../benchmarks/part52/non-incremental/QF_LIA/tropical-matrix/constraint-497601.smt2,839.072,0,23308,成功
/pub/data/jiafq/iscas/Parser_Comparison/../benchmarks/part52/non-incremental/QF_LIA/tropical-matrix/constraint-505409.smt2,893.385,0,24446,成功
/pub/data/jiafq/iscas/Parser_Comparison/../benchmarks/part52/non-incremental/QF_LIA/tropical-matrix/constraint-515686.smt2,890.283,0,24308,成功
/pub/data/jiafq/iscas/Parser_Comparison/../benchmarks/part52/non-incremental/QF_LIA/tropical-matrix/constraint-517804.smt2,904.959,0,25015,成功
/pub/data/jiafq/iscas/Parser_Comparison/../benchmarks/part52/non-incremental/QF_LIA/tropical-matrix/constraint-523123.smt2,913.85,0,24724,成功
/pub/data/jiafq/iscas/Parser_Comparison/../benchmarks/part52/non-incremental/QF_LIA/tropical-matrix/constraint-526870.smt2,962.668,0,24765,成功
/pub/data/jiafq/iscas/Parser_Comparison/../benchmarks/part52/non-incremental/QF_LIA/tropical-matrix/constraint-527358.smt2,914.403,0,24765,成功
/pub/data/jiafq/iscas/Parser_Comparison/../benchmarks/part52/non-incremental/QF_LIA/tropical-matrix/constraint-556171.smt2,1020.39,0,27434,成功
/pub/data/jiafq/iscas/Parser_Comparison/../benchmarks/part52/non-incremental/QF_LIA/tropical-matrix/constraint-570196.smt2,973.658,0,26733,成功
/pub/data/jiafq/iscas/Parser_Comparison/../benchmarks/part52/non-incremental/QF_LIA/tropical-matrix/constraint-579281.smt2,1061.76,0,28406,成功
/pub/data/jiafq/iscas/Parser_Comparison/../benchmarks/part52/non-incremental/QF_LIA/tropical-matrix/constraint-603294.smt2,1117.13,0,29759,成功
/pub/data/jiafq/iscas/Parser_Comparison/../benchmarks/part52/non-incremental/QF_LIA/tropical-matrix/constraint-614657.smt2,1080.96,0,29483,成功
/pub/data/jiafq/iscas/Parser_Comparison/../benchmarks/part52/non-incremental/QF_LIA/tropical-matrix/constraint-642278.smt2,1147.39,0,30000,成功
/pub/data/jiafq/iscas/Parser_Comparison/../benchmarks/part52/non-incremental/QF_LIA/tropical-matrix/constraint-645054.smt2,1132.87,0,30361,成功
/pub/data/jiafq/iscas/Parser_Comparison/../benchmarks/part52/non-incremental/QF_LIA/tropical-matrix/constraint-645855.smt2,1183.64,0,31467,成功
/pub/data/jiafq/iscas/Parser_Comparison/../benchmarks/part52/non-incremental/QF_LIA/tropical-matrix/constraint-649834.smt2,1152.94,0,31142,成功
/pub/data/jiafq/iscas/Parser_Comparison/../benchmarks/part52/non-incremental/QF_LIA/tropical-matrix/constraint-651478.smt2,1113.81,0,30420,成功
/pub/data/jiafq/iscas/Parser_Comparison/../benchmarks/part52/non-incremental/QF_LIA/tropical-matrix/constraint-658040.smt2,1175.28,0,31738,成功
/pub/data/jiafq/iscas/Parser_Comparison/../benchmarks/part52/non-incremental/QF_LIA/tropical-matrix/constraint-679470.smt2,1172.27,0,31704,成功
/pub/data/jiafq/iscas/Parser_Comparison/../benchmarks/part52/non-incremental/QF_LIA/tropical-matrix/constraint-687179.smt2,1218.07,0,33133,成功
/pub/data/jiafq/iscas/Parser_Comparison/../benchmarks/part52/non-incremental/QF_LIA/tropical-matrix/constraint-696340.smt2,1298.41,0,35172,成功
/pub/data/jiafq/iscas/Parser_Comparison/../benchmarks/part52/non-incremental/QF_LIA/tropical-matrix/constraint-703279.smt2,1243.12,0,32946,成功
/pub/data/jiafq/iscas/Parser_Comparison/../benchmarks/part52/non-incremental/QF_LIA/tropical-matrix/constraint-704423.smt2,1269.63,0,32922,成功
/pub/data/jiafq/iscas/Parser_Comparison/../benchmarks/part52/non-incremental/QF_LIA/tropical-matrix/constraint-705295.smt2,1231.68,0,32900,成功
/pub/data/jiafq/iscas/Parser_Comparison/../benchmarks/part52/non-incremental/QF_LIA/tropical-matrix/constraint-715402.smt2,1345.58,0,35510,成功
/pub/data/jiafq/iscas/Parser_Comparison/../benchmarks/part52/non-incremental/QF_LIA/tropical-matrix/constraint-729964.smt2,1307.52,0,34907,成功
/pub/data/jiafq/iscas/Parser_Comparison/../benchmarks/part52/non-incremental/QF_LIA/tropical-matrix/constraint-735583.smt2,1325.35,0,35502,成功
/pub/data/jiafq/iscas/Parser_Comparison/../benchmarks/part52/non-incremental/QF_LIA/tropical-matrix/constraint-737829.smt2,1385.82,0,36416,成功
/pub/data/jiafq/iscas/Parser_Comparison/../benchmarks/part52/non-incremental/QF_LIA/tropical-matrix/constraint-740637.smt2,1415.42,0,36328,成功
/pub/data/jiafq/iscas/Parser_Comparison/../benchmarks/part52/non-incremental/QF_LIA/tropical-matrix/constraint-758897.smt2,1300.09,0,34974,成功
/pub/data/jiafq/iscas/Parser_Comparison/../benchmarks/part52/non-incremental/QF_LIA/tropical-matrix/constraint-762853.smt2,1416.47,0,36710,成功
/pub/data/jiafq/iscas/Parser_Comparison/../benchmarks/part52/non-incremental/QF_LIA/tropical-matrix/constraint-794687.smt2,1439.38,0,38513,成功
/pub/data/jiafq/iscas/Parser_Comparison/../benchmarks/part52/non-incremental/QF_LIA/tropical-matrix/constraint-797738.smt2,1456.75,0,38320,成功
/pub/data/jiafq/iscas/Parser_Comparison/../benchmarks/part52/non-incremental/QF_LIA/tropical-matrix/constraint-851594.smt2,1573.81,0,41234,成功
/pub/data/jiafq/iscas/Parser_Comparison/../benchmarks/part52/non-incremental/QF_LIA/tropical-matrix/constraint-861420.smt2,1647.25,0,43610,成功
/pub/data/jiafq/iscas/Parser_Comparison/../benchmarks/part52/non-incremental/QF_LIA/tropical-matrix/constraint-901996.smt2,1645.48,0,41880,成功
/pub/data/jiafq/iscas/Parser_Comparison/../benchmarks/part52/non-incremental/QF_LIA/tropical-matrix/constraint-906586.smt2,1598.44,0,42090,成功
/pub/data/jiafq/iscas/Parser_Comparison/../benchmarks/part52/non-incremental/QF_LIA/tropical-matrix/constraint-916807.smt2,1638.09,0,42140,成功
/pub/data/jiafq/iscas/Parser_Comparison/../benchmarks/part52/non-incremental/QF_LIA/tropical-matrix/constraint-917322.smt2,1691.39,0,43607,成功
/pub/data/jiafq/iscas/Parser_Comparison/../benchmarks/part52/non-incremental/QF_LIA/tropical-matrix/constraint-983194.smt2,1770,0,47021,成功
/pub/data/jiafq/iscas/Parser_Comparison/../benchmarks/part52/non-incremental/QF_LIA/tropical-matrix/constraint-989891.smt2,1889.93,0,49066,成功
/pub/data/jiafq/iscas/Parser_Comparison/../benchmarks/part52/non-incremental/QF_LIA/wisa/wisa1.smt2,85.0606,0,2868,成功
/pub/data/jiafq/iscas/Parser_Comparison/../benchmarks/part52/non-incremental/QF_LIA/wisa/wisa2.smt2,80.3919,0,2868,成功
/pub/data/jiafq/iscas/Parser_Comparison/../benchmarks/part52/non-incremental/QF_LIA/wisa/wisa3.smt2,138.408,0,5143,成功
/pub/data/jiafq/iscas/Parser_Comparison/../benchmarks/part52/non-incremental/QF_LIA/wisa/wisa4.smt2,100.901,0,3689,成功
/pub/data/jiafq/iscas/Parser_Comparison/../benchmarks/part52/non-incremental/QF_LIA/wisa/wisa5.smt2,104.182,0,3689,成功
/pub/data/jiafq/iscas/Parser_Comparison/../benchmarks/part52/non-incremental/QF_LRA/2017-Heizmann-UltimateInvariantSynthesis/_array1.i_3_2_2.bpl_11.smt2,287.605,0,1156,成功
/pub/data/jiafq/iscas/Parser_Comparison/../benchmarks/part52/non-incremental/QF_LRA/2017-Heizmann-UltimateInvariantSynthesis/_array_monotonic.i_3_2_2.bpl_11.smt2,376.143,0,1369,成功
/pub/data/jiafq/iscas/Parser_Comparison/../benchmarks/part52/non-incremental/QF_LRA/2017-Heizmann-UltimateInvariantSynthesis/_array_ptr_single_elem_init.i_4_2_2.bpl_7.smt2,541.785,0,2189,成功
/pub/data/jiafq/iscas/Parser_Comparison/../benchmarks/part52/non-incremental/QF_LRA/2017-Heizmann-UltimateInvariantSynthesis/_array_single_elem_init.i_4_2_2.bpl_7.smt2,616.997,0,2596,成功
/pub/data/jiafq/iscas/Parser_Comparison/../benchmarks/part52/non-incremental/QF_LRA/2017-Heizmann-UltimateInvariantSynthesis/_avg60.i_5_5_4.bpl_5.smt2,1073.82,0,5718,成功
/pub/data/jiafq/iscas/Parser_Comparison/../benchmarks/part52/non-incremental/QF_LRA/2017-Heizmann-UltimateInvariantSynthesis/_const1.i_3_6_2.bpl_11.smt2,356.298,0,1895,成功
/pub/data/jiafq/iscas/Parser_Comparison/../benchmarks/part52/non-incremental/QF_LRA/2017-Heizmann-UltimateInvariantSynthesis/_count_by_2.i_3_2_2.bpl_11.smt2,236.845,0,1049,成功
/pub/data/jiafq/iscas/Parser_Comparison/../benchmarks/part52/non-incremental/QF_LRA/2017-Heizmann-UltimateInvariantSynthesis/_count_by_k.i_3_3_2.bpl_11.smt2,263.629,0,1624,成功
/pub/data/jiafq/iscas/Parser_Comparison/../benchmarks/part52/non-incremental/QF_LRA/2017-Heizmann-UltimateInvariantSynthesis/_count_by_k.i_3_3_2.bpl_7.smt2,100.486,0,825,成功
/pub/data/jiafq/iscas/Parser_Comparison/../benchmarks/part52/non-incremental/QF_LRA/2017-Heizmann-UltimateInvariantSynthesis/_count_up_down.i_3_11_2.bpl_13.smt2,2664.8,0,6403,成功
/pub/data/jiafq/iscas/Parser_Comparison/../benchmarks/part52/non-incremental/QF_LRA/2017-Heizmann-UltimateInvariantSynthesis/_fragtest_simple.i_4_5_4.bpl_7.smt2,1486.19,0,5663,成功
/pub/data/jiafq/iscas/Parser_Comparison/../benchmarks/part52/non-incremental/QF_LRA/2017-Heizmann-UltimateInvariantSynthesis/_functions1.i_3_5_2.bpl_11.smt2,394.301,0,1386,成功
/pub/data/jiafq/iscas/Parser_Comparison/../benchmarks/part52/non-incremental/QF_LRA/2017-Heizmann-UltimateInvariantSynthesis/_gj2007.c.i_4_3_3.bpl_11.smt2,1055.6,0,3654,成功
/pub/data/jiafq/iscas/Parser_Comparison/../benchmarks/part52/non-incremental/QF_LRA/2017-Heizmann-UltimateInvariantSynthesis/_gj2007.c.i_4_3_3.bpl_7.smt2,396.295,0,1880,成功
/pub/data/jiafq/iscas/Parser_Comparison/../benchmarks/part52/non-incremental/QF_LRA/2017-Heizmann-UltimateInvariantSynthesis/_gr2006.c.i_4_4_3.bpl_11.smt2,922.451,0,3145,成功
/pub/data/jiafq/iscas/Parser_Comparison/../benchmarks/part52/non-incremental/QF_LRA/2017-Heizmann-UltimateInvariantSynthesis/_gr2006.c.i_4_4_3.bpl_7.smt2,351.113,224,1634,成功
/pub/data/jiafq/iscas/Parser_Comparison/../benchmarks/part52/non-incremental/QF_LRA/2017-Heizmann-UltimateInvariantSynthesis/_half_2.i_3_6_2.bpl_7.smt2,171.837,0,1121,成功
/pub/data/jiafq/iscas/Parser_Comparison/../benchmarks/part52/non-incremental/QF_LRA/2017-Heizmann-UltimateInvariantSynthesis/_hhk2008.c.i_3_3_2.bpl_7.smt2,194.4,0,1536,成功
/pub/data/jiafq/iscas/Parser_Comparison/../benchmarks/part52/non-incremental/QF_LRA/2017-Heizmann-UltimateInvariantSynthesis/_hhk2008.c.i_3_3_2.bpl_8.smt2,192.18,0,1542,成功
/pub/data/jiafq/iscas/Parser_Comparison/../benchmarks/part52/non-incremental/QF_LRA/2017-Heizmann-UltimateInvariantSynthesis/_jain_5.i_2_4_3.bpl_7.smt2,1065.93,0,3356,成功
/pub/data/jiafq/iscas/Parser_Comparison/../benchmarks/part52/non-incremental/QF_LRA/2017-Heizmann-UltimateInvariantSynthesis/_nested9.i_5_6_6.bpl_7.smt2,1684.78,0,7103,成功
/pub/data/jiafq/iscas/Parser_Comparison/../benchmarks/part52/non-incremental/QF_LRA/2017-Heizmann-UltimateInvariantSynthesis/_overflow1.i_3_8_2.bpl_11.smt2,300.995,0,1360,成功
/pub/data/jiafq/iscas/Parser_Comparison/../benchmarks/part52/non-incremental/QF_LRA/2017-Heizmann-UltimateInvariantSynthesis/_overflow1.i_3_8_2.bpl_7.smt2,132.124,0,698,成功
/pub/data/jiafq/iscas/Parser_Comparison/../benchmarks/part52/non-incremental/QF_LRA/2017-Heizmann-UltimateInvariantSynthesis/_relax.i_11_7_4.bpl_11.smt2,6454.58,0,28172,成功
/pub/data/jiafq/iscas/Parser_Comparison/../benchmarks/part52/non-incremental/QF_LRA/2017-Heizmann-UltimateInvariantSynthesis/_sanfoundry_10_ground.i_6_3_3.bpl_13.smt2,9320.38,0,23157,成功
/pub/data/jiafq/iscas/Parser_Comparison/../benchmarks/part52/non-incremental/QF_LRA/2017-Heizmann-UltimateInvariantSynthesis/_simple1.i_3_6_2.bpl_11.smt2,264.86,0,1194,成功
/pub/data/jiafq/iscas/Parser_Comparison/../benchmarks/part52/non-incremental/QF_LRA/2017-Heizmann-UltimateInvariantSynthesis/_simple4.i_3_4_2.bpl_11.smt2,308.325,0,1362,成功
/pub/data/jiafq/iscas/Parser_Comparison/../benchmarks/part52/non-incremental/QF_LRA/2017-Heizmann-UltimateInvariantSynthesis/_sorting_bubblesort_ground.i_4_3_3.bpl_11.smt2,2901.31,0,7016,成功
/pub/data/jiafq/iscas/Parser_Comparison/../benchmarks/part52/non-incremental/QF_LRA/2017-Heizmann-UltimateInvariantSynthesis/_sorting_bubblesort_ground.i_4_3_3.bpl_7.smt2,955.807,0,3299,成功
/pub/data/jiafq/iscas/Parser_Comparison/../benchmarks/part52/non-incremental/QF_LRA/2017-Heizmann-UltimateInvariantSynthesis/_standard_allDiff2_ground.i_4_4_3.bpl_7.smt2,1809.09,0,5439,成功
/pub/data/jiafq/iscas/Parser_Comparison/../benchmarks/part52/non-incremental/QF_LRA/2017-Heizmann-UltimateInvariantSynthesis/_standard_compareModified_ground.i_4_2_2.bpl_11.smt2,498.949,0,2309,成功
/pub/data/jiafq/iscas/Parser_Comparison/../benchmarks/part52/non-incremental/QF_LRA/2017-Heizmann-UltimateInvariantSynthesis/_standard_copy1_ground.i_3_2_2.bpl_11.smt2,233.985,0,1165,成功
/pub/data/jiafq/iscas/Parser_Comparison/../benchmarks/part52/non-incremental/QF_LRA/2017-Heizmann-UltimateInvariantSynthesis/_standard_copy3_ground.i_3_2_2.bpl_7.smt2,327.085,0,1941,成功
/pub/data/jiafq/iscas/Parser_Comparison/../benchmarks/part52/non-incremental/QF_LRA/2017-Heizmann-UltimateInvariantSynthesis/_standard_copy4_ground.i_3_2_2.bpl_7.smt2,448.48,0,2607,成功
/pub/data/jiafq/iscas/Parser_Comparison/../benchmarks/part52/non-incremental/QF_LRA/2017-Heizmann-UltimateInvariantSynthesis/_standard_copy5_ground.i_3_2_2.bpl_7.smt2,551.851,0,3273,成功
/pub/data/jiafq/iscas/Parser_Comparison/../benchmarks/part52/non-incremental/QF_LRA/2017-Heizmann-UltimateInvariantSynthesis/_standard_copy7_ground.i_3_2_2.bpl_7.smt2,788.205,0,4605,成功
/pub/data/jiafq/iscas/Parser_Comparison/../benchmarks/part52/non-incremental/QF_LRA/2017-Heizmann-UltimateInvariantSynthesis/_standard_copyInitSum2_ground.i_3_2_2.bpl_7.smt2,323.322,0,1943,成功
/pub/data/jiafq/iscas/Parser_Comparison/../benchmarks/part52/non-incremental/QF_LRA/2017-Heizmann-UltimateInvariantSynthesis/_standard_copyInitSum3_ground.i_3_2_2.bpl_7.smt2,445.332,0,2605,成功
/pub/data/jiafq/iscas/Parser_Comparison/../benchmarks/part52/non-incremental/QF_LRA/2017-Heizmann-UltimateInvariantSynthesis/_standard_copyInit_ground.i_3_2_2.bpl_7.smt2,213.469,0,1276,成功
/pub/data/jiafq/iscas/Parser_Comparison/../benchmarks/part52/non-incremental/QF_LRA/2017-Heizmann-UltimateInvariantSynthesis/_standard_init1_ground.i_3_2_2.bpl_11.smt2,234.923,0,1165,成功
/pub/data/jiafq/iscas/Parser_Comparison/../benchmarks/part52/non-incremental/QF_LRA/2017-Heizmann-UltimateInvariantSynthesis/_standard_init5_ground.i_3_2_2.bpl_7.smt2,560.742,0,3274,成功
/pub/data/jiafq/iscas/Parser_Comparison/../benchmarks/part52/non-incremental/QF_LRA/2017-Heizmann-UltimateInvariantSynthesis/_standard_init6_ground.i_3_2_2.bpl_7.smt2,666.352,0,3940,成功
/pub/data/jiafq/iscas/Parser_Comparison/../benchmarks/part52/non-incremental/QF_LRA/2017-Heizmann-UltimateInvariantSynthesis/_standard_init7_ground.i_3_2_2.bpl_7.smt2,783.198,0,4606,成功
/pub/data/jiafq/iscas/Parser_Comparison/../benchmarks/part52/non-incremental/QF_LRA/2017-Heizmann-UltimateInvariantSynthesis/_standard_init9_ground.i_3_2_2.bpl_7.smt2,992.01,0,5938,成功
/pub/data/jiafq/iscas/Parser_Comparison/../benchmarks/part52/non-incremental/QF_LRA/2017-Heizmann-UltimateInvariantSynthesis/_standard_maxInArray_ground.i_3_2_2.bpl_11.smt2,415.986,0,1501,成功
/pub/data/jiafq/iscas/Parser_Comparison/../benchmarks/part52/non-incremental/QF_LRA/2017-Heizmann-UltimateInvariantSynthesis/_standard_partial_init_ground.i_3_2_2.bpl_11.smt2,511.229,0,1671,成功
/pub/data/jiafq/iscas/Parser_Comparison/../benchmarks/part52/non-incremental/QF_LRA/2017-Heizmann-UltimateInvariantSynthesis/_standard_password_ground.i_4_2_2.bpl_11.smt2,510.994,0,2309,成功
/pub/data/jiafq/iscas/Parser_Comparison/../benchmarks/part52/non-incremental/QF_LRA/2017-Heizmann-UltimateInvariantSynthesis/_standard_running.i_4_2_2.bpl_7.smt2,326.86,0,1553,成功
/pub/data/jiafq/iscas/Parser_Comparison/../benchmarks/part52/non-incremental/QF_LRA/2017-Heizmann-UltimateInvariantSynthesis/_standard_strcmp_ground.i_4_2_2.bpl_11.smt2,2009.73,0,12013,成功
/pub/data/jiafq/iscas/Parser_Comparison/../benchmarks/part52/non-incremental/QF_LRA/2017-Heizmann-UltimateInvariantSynthesis/_standard_strcpy_original.i_3_3_2.bpl_11.smt2,456.705,0,1831,成功
/pub/data/jiafq/iscas/Parser_Comparison/../benchmarks/part52/non-incremental/QF_LRA/2017-Heizmann-UltimateInvariantSynthesis/_standard_two_index_01.i_3_2_2.bpl_11.smt2,362.169,0,1517,成功
/pub/data/jiafq/iscas/Parser_Comparison/../benchmarks/part52/non-incremental/QF_LRA/2017-Heizmann-UltimateInvariantSynthesis/_standard_two_index_04.i_3_2_2.bpl_11.smt2,398.175,0,1707,成功
/pub/data/jiafq/iscas/Parser_Comparison/../benchmarks/part52/non-incremental/QF_LRA/2017-Heizmann-UltimateInvariantSynthesis/_standard_two_index_04.i_3_2_2.bpl_7.smt2,164.119,0,896,成功
/pub/data/jiafq/iscas/Parser_Comparison/../benchmarks/part52/non-incremental/QF_LRA/2017-Heizmann-UltimateInvariantSynthesis/_standard_two_index_05.i_3_2_2.bpl_11.smt2,394.211,0,1707,成功
/pub/data/jiafq/iscas/Parser_Comparison/../benchmarks/part52/non-incremental/QF_LRA/2017-Heizmann-UltimateInvariantSynthesis/_standard_two_index_05.i_3_2_2.bpl_7.smt2,169.249,0,896,成功
/pub/data/jiafq/iscas/Parser_Comparison/../benchmarks/part52/non-incremental/QF_LRA/2017-Heizmann-UltimateInvariantSynthesis/_standard_two_index_06.i_3_2_2.bpl_11.smt2,386.661,0,1707,成功
/pub/data/jiafq/iscas/Parser_Comparison/../benchmarks/part52/non-incremental/QF_LRA/2017-Heizmann-UltimateInvariantSynthesis/_standard_two_index_06.i_3_2_2.bpl_7.smt2,168.07,0,896,成功
/pub/data/jiafq/iscas/Parser_Comparison/../benchmarks/part52/non-incremental/QF_LRA/2017-Heizmann-UltimateInvariantSynthesis/_sum60.i_5_6_5.bpl_5.smt2,984.16,0,5430,成功
/pub/data/jiafq/iscas/Parser_Comparison/../benchmarks/part52/non-incremental/QF_LRA/2019-ezsmt/Labyrinth/SCC_Strong/0003-labyrinth-11-0.smt2,11970.8,0,306597,成功
/pub/data/jiafq/iscas/Parser_Comparison/../benchmarks/part52/non-incremental/QF_LRA/2019-ezsmt/Labyrinth/SCC_Strong/0011-labyrinth-12-0.smt2,15848.9,0,409288,成功
/pub/data/jiafq/iscas/Parser_Comparison/../benchmarks/part52/non-incremental/QF_LRA/2019-ezsmt/Labyrinth/SCC_Strong/0018-labyrinth-11-0.smt2,11848.1,0,307378,成功
/pub/data/jiafq/iscas/Parser_Comparison/../benchmarks/part52/non-incremental/QF_LRA/2019-ezsmt/Labyrinth/SCC_Strong/0028-labyrinth-12-0.smt2,16070.4,0,410592,成功
/pub/data/jiafq/iscas/Parser_Comparison/../benchmarks/part52/non-incremental/QF_LRA/2019-ezsmt/Labyrinth/SCC_Strong/0036-labyrinth-17-0.smt2,49423.4,0,1287621,成功
/pub/data/jiafq/iscas/Parser_Comparison/../benchmarks/part52/non-incremental/QF_LRA/2019-ezsmt/Labyrinth/SCC_Strong/0043-labyrinth-13-0.smt2,21111.1,0,535341,成功
/pub/data/jiafq/iscas/Parser_Comparison/../benchmarks/part52/non-incremental/QF_LRA/2019-ezsmt/Labyrinth/SCC_Strong/0051-labyrinth-12-0.smt2,15767.3,0,411016,成功
/pub/data/jiafq/iscas/Parser_Comparison/../benchmarks/part52/non-incremental/QF_LRA/2019-ezsmt/Labyrinth/SCC_Strong/0059-labyrinth-13-0.smt2,21065.2,0,535955,成功
/pub/data/jiafq/iscas/Parser_Comparison/../benchmarks/part52/non-incremental/QF_LRA/2019-ezsmt/Labyrinth/SCC_Strong/0067-labyrinth-18-0.smt2,0,0,0,失败
/pub/data/jiafq/iscas/Parser_Comparison/../benchmarks/part52/non-incremental/QF_LRA/2019-ezsmt/Labyrinth/SCC_Strong/0075-labyrinth-13-0.smt2,20472.9,0,536427,成功
/pub/data/jiafq/iscas/Parser_Comparison/../benchmarks/part52/non-incremental/QF_LRA/2019-ezsmt/Labyrinth/SCC_Strong/0084-labyrinth-17-0.smt2,51011.1,0,1287103,成功
/pub/data/jiafq/iscas/Parser_Comparison/../benchmarks/part52/non-incremental/QF_LRA/2019-ezsmt/Labyrinth/SCC_Strong/0092-labyrinth-17-0.smt2,49756,0,1285419,成功
/pub/data/jiafq/iscas/Parser_Comparison/../benchmarks/part52/non-incremental/QF_LRA/2019-ezsmt/Labyrinth/SCC_Strong/0100-labyrinth-17-0.smt2,49227.9,0,1287108,成功
/pub/data/jiafq/iscas/Parser_Comparison/../benchmarks/part52/non-incremental/QF_LRA/2019-ezsmt/Labyrinth/SCC_Strong/0110-labyrinth-16-0.smt2,40816.8,0,1058580,成功
/pub/data/jiafq/iscas/Parser_Comparison/../benchmarks/part52/non-incremental/QF_LRA/2019-ezsmt/Labyrinth/SCC_Strong/0132-labyrinth-12-0.smt2,15954,0,411514,成功
/pub/data/jiafq/iscas/Parser_Comparison/../benchmarks/part52/non-incremental/QF_LRA/2019-ezsmt/Labyrinth/SCC_Strong/0143-labyrinth-14-0.smt2,26961.6,0,685363,成功
/pub/data/jiafq/iscas/Parser_Comparison/../benchmarks/part52/non-incremental/QF_LRA/2019-ezsmt/Labyrinth/SCC_Strong/0150-labyrinth-16-0.smt2,41788.8,0,1058666,成功
/pub/data/jiafq/iscas/Parser_Comparison/../benchmarks/part52/non-incremental/QF_LRA/2019-ezsmt/Labyrinth/SCC_Strong/0159-labyrinth-20-0.smt2,0,0,0,失败
/pub/data/jiafq/iscas/Parser_Comparison/../benchmarks/part52/non-incremental/QF_LRA/2019-ezsmt/Labyrinth/SCC_Strong/0165-labyrinth-13-0.smt2,20559,0,534979,成功
/pub/data/jiafq/iscas/Parser_Comparison/../benchmarks/part52/non-incremental/QF_LRA/2019-ezsmt/Labyrinth/SCC_Strong/0175-labyrinth-15-0.smt2,33714.3,0,855045,成功
/pub/data/jiafq/iscas/Parser_Comparison/../benchmarks/part52/non-incremental/QF_LRA/2019-ezsmt/Labyrinth/SCC_Strong/0198-labyrinth-19-0.smt2,0,0,0,失败
/pub/data/jiafq/iscas/Parser_Comparison/../benchmarks/part52/non-incremental/QF_LRA/2019-ezsmt/Labyrinth/SCC_Strong/0206-labyrinth-20-0.smt2,0,0,0,失败
/pub/data/jiafq/iscas/Parser_Comparison/../benchmarks/part52/non-incremental/QF_LRA/2019-ezsmt/blending/1.smt2,26.4346,0,1085,成功
/pub/data/jiafq/iscas/Parser_Comparison/../benchmarks/part52/non-incremental/QF_LRA/2019-ezsmt/blending/10.smt2,27.5131,0,1091,成功
/pub/data/jiafq/iscas/Parser_Comparison/../benchmarks/part52/non-incremental/QF_LRA/2019-ezsmt/blending/11.smt2,23.3393,0,1087,成功
/pub/data/jiafq/iscas/Parser_Comparison/../benchmarks/part52/non-incremental/QF_LRA/2019-ezsmt/blending/12.smt2,24.2317,0,1086,成功
/pub/data/jiafq/iscas/Parser_Comparison/../benchmarks/part52/non-incremental/QF_LRA/2019-ezsmt/blending/13.smt2,24.2055,0,1084,成功
/pub/data/jiafq/iscas/Parser_Comparison/../benchmarks/part52/non-incremental/QF_LRA/2019-ezsmt/blending/14.smt2,23.94,0,1088,成功
/pub/data/jiafq/iscas/Parser_Comparison/../benchmarks/part52/non-incremental/QF_LRA/2019-ezsmt/blending/15.smt2,23.8402,0,1085,成功
/pub/data/jiafq/iscas/Parser_Comparison/../benchmarks/part52/non-incremental/QF_LRA/2019-ezsmt/blending/16.smt2,23.3258,0,1091,成功
/pub/data/jiafq/iscas/Parser_Comparison/../benchmarks/part52/non-incremental/QF_LRA/2019-ezsmt/blending/17.smt2,27.7625,0,1086,成功
/pub/data/jiafq/iscas/Parser_Comparison/../benchmarks/part52/non-incremental/QF_LRA/2019-ezsmt/blending/18.smt2,25.5899,0,1085,成功
/pub/data/jiafq/iscas/Parser_Comparison/../benchmarks/part52/non-incremental/QF_LRA/2019-ezsmt/blending/19.smt2,21.3432,0,1089,成功
/pub/data/jiafq/iscas/Parser_Comparison/../benchmarks/part52/non-incremental/QF_LRA/2019-ezsmt/blending/2.smt2,23.066,0,1086,成功
/pub/data/jiafq/iscas/Parser_Comparison/../benchmarks/part52/non-incremental/QF_LRA/2019-ezsmt/blending/20.smt2,20.4682,0,1083,成功
/pub/data/jiafq/iscas/Parser_Comparison/../benchmarks/part52/non-incremental/QF_LRA/2019-ezsmt/blending/21.smt2,20.8635,0,1091,成功
/pub/data/jiafq/iscas/Parser_Comparison/../benchmarks/part52/non-incremental/QF_LRA/2019-ezsmt/blending/22.smt2,22.1098,0,1088,成功
/pub/data/jiafq/iscas/Parser_Comparison/../benchmarks/part52/non-incremental/QF_LRA/2019-ezsmt/blending/23.smt2,22.1019,0,1088,成功
/pub/data/jiafq/iscas/Parser_Comparison/../benchmarks/part52/non-incremental/QF_LRA/2019-ezsmt/blending/24.smt2,20.3819,0,1092,成功
/pub/data/jiafq/iscas/Parser_Comparison/../benchmarks/part52/non-incremental/QF_LRA/2019-ezsmt/blending/25.smt2,21.5194,0,1094,成功
/pub/data/jiafq/iscas/Parser_Comparison/../benchmarks/part52/non-incremental/QF_LRA/2019-ezsmt/blending/26.smt2,23.7858,0,1089,成功
/pub/data/jiafq/iscas/Parser_Comparison/../benchmarks/part52/non-incremental/QF_LRA/2019-ezsmt/blending/27.smt2,21.8121,0,1087,成功
/pub/data/jiafq/iscas/Parser_Comparison/../benchmarks/part52/non-incremental/QF_LRA/2019-ezsmt/blending/28.smt2,20.0467,0,1087,成功
/pub/data/jiafq/iscas/Parser_Comparison/../benchmarks/part52/non-incremental/QF_LRA/2019-ezsmt/blending/29.smt2,23.1385,0,1086,成功
/pub/data/jiafq/iscas/Parser_Comparison/../benchmarks/part52/non-incremental/QF_LRA/2019-ezsmt/blending/3.smt2,27.3577,0,1088,成功
/pub/data/jiafq/iscas/Parser_Comparison/../benchmarks/part52/non-incremental/QF_LRA/2019-ezsmt/blending/4.smt2,26.715,0,1085,成功
/pub/data/jiafq/iscas/Parser_Comparison/../benchmarks/part52/non-incremental/QF_LRA/2019-ezsmt/blending/5.smt2,23.8624,0,1086,成功
/pub/data/jiafq/iscas/Parser_Comparison/../benchmarks/part52/non-incremental/QF_LRA/2019-ezsmt/blending/6.smt2,22.7677,0,1090,成功
/pub/data/jiafq/iscas/Parser_Comparison/../benchmarks/part52/non-incremental/QF_LRA/2019-ezsmt/blending/7.smt2,20.5576,0,1088,成功
/pub/data/jiafq/iscas/Parser_Comparison/../benchmarks/part52/non-incremental/QF_LRA/2019-ezsmt/blending/8.smt2,25.4697,0,1084,成功
/pub/data/jiafq/iscas/Parser_Comparison/../benchmarks/part52/non-incremental/QF_LRA/2019-ezsmt/blending/9.smt2,21.0449,0,1089,成功
/pub/data/jiafq/iscas/Parser_Comparison/../benchmarks/part52/non-incremental/QF_LRA/2019-ezsmt/blending/input01.txt.smt2,26.7343,0,1090,成功
/pub/data/jiafq/iscas/Parser_Comparison/../benchmarks/part52/non-incremental/QF_LRA/2019-ezsmt/robotics/1_1.smt2,5.38142,0,278,成功
/pub/data/jiafq/iscas/Parser_Comparison/../benchmarks/part52/non-incremental/QF_LRA/2019-ezsmt/robotics/1_3.smt2,7.96465,0,265,成功
/pub/data/jiafq/iscas/Parser_Comparison/../benchmarks/part52/non-incremental/QF_LRA/2019-ezsmt/robotics/1_4.smt2,8.14007,0,275,成功
/pub/data/jiafq/iscas/Parser_Comparison/../benchmarks/part52/non-incremental/QF_LRA/2019-ezsmt/robotics/2_1.smt2,11.9177,0,614,成功
/pub/data/jiafq/iscas/Parser_Comparison/../benchmarks/part52/non-incremental/QF_LRA/2019-ezsmt/robotics/2_3.smt2,8.69721,0,601,成功
/pub/data/jiafq/iscas/Parser_Comparison/../benchmarks/part52/non-incremental/QF_LRA/2019-ezsmt/robotics/2_4.smt2,14.9758,0,611,成功
/pub/data/jiafq/iscas/Parser_Comparison/../benchmarks/part52/non-incremental/QF_LRA/2019-ezsmt/robotics/3_1.smt2,10.823,0,710,成功
/pub/data/jiafq/iscas/Parser_Comparison/../benchmarks/part52/non-incremental/QF_LRA/2019-ezsmt/robotics/3_3.smt2,13.6741,0,697,成功
/pub/data/jiafq/iscas/Parser_Comparison/../benchmarks/part52/non-incremental/QF_LRA/2019-ezsmt/robotics/3_4.smt2,10.4809,0,707,成功
/pub/data/jiafq/iscas/Parser_Comparison/../benchmarks/part52/non-incremental/QF_LRA/2019-ezsmt/robotics/4_1.smt2,12.0403,0,758,成功
/pub/data/jiafq/iscas/Parser_Comparison/../benchmarks/part52/non-incremental/QF_LRA/2019-ezsmt/robotics/4_3.smt2,9.92034,0,745,成功
/pub/data/jiafq/iscas/Parser_Comparison/../benchmarks/part52/non-incremental/QF_LRA/2019-ezsmt/robotics/4_4.smt2,13.0194,0,755,成功
/pub/data/jiafq/iscas/Parser_Comparison/../benchmarks/part52/non-incremental/QF_LRA/2019-ezsmt/routingMax/SCC_strong/p50.56.smt2,168.339,0,5674,成功
/pub/data/jiafq/iscas/Parser_Comparison/../benchmarks/part52/non-incremental/QF_LRA/2019-ezsmt/routingMin/SCC_strong/d100.3.smt2,193.605,0,5687,成功
/pub/data/jiafq/iscas/Parser_Comparison/../benchmarks/part52/non-incremental/QF_LRA/2019-ezsmt/routingMin/SCC_strong/d110.6.smt2,184.684,0,5694,成功
/pub/data/jiafq/iscas/Parser_Comparison/../benchmarks/part52/non-incremental/QF_LRA/2019-ezsmt/routingMin/SCC_strong/d120.7.smt2,185.954,0,5693,成功
/pub/data/jiafq/iscas/Parser_Comparison/../benchmarks/part52/non-incremental/QF_LRA/2019-ezsmt/routingMin/SCC_strong/d130.1.smt2,177.877,0,5694,成功
/pub/data/jiafq/iscas/Parser_Comparison/../benchmarks/part52/non-incremental/QF_LRA/2019-ezsmt/routingMin/SCC_strong/d40.5.smt2,180.677,0,5651,成功
/pub/data/jiafq/iscas/Parser_Comparison/../benchmarks/part52/non-incremental/QF_LRA/2019-ezsmt/routingMin/SCC_strong/d50.9.smt2,185.468,0,5661,成功
/pub/data/jiafq/iscas/Parser_Comparison/../benchmarks/part52/non-incremental/QF_LRA/2019-ezsmt/routingMin/SCC_strong/d60.2.smt2,182.299,0,5668,成功
/pub/data/jiafq/iscas/Parser_Comparison/../benchmarks/part52/non-incremental/QF_LRA/2019-ezsmt/routingMin/SCC_strong/d70.3.smt2,178.59,0,5672,成功
/pub/data/jiafq/iscas/Parser_Comparison/../benchmarks/part52/non-incremental/QF_LRA/2019-ezsmt/routingMin/SCC_strong/d80.3.smt2,180.547,0,5680,成功
/pub/data/jiafq/iscas/Parser_Comparison/../benchmarks/part52/non-incremental/QF_LRA/2019-ezsmt/routingMin/SCC_strong/d90.7.smt2,180.709,0,5686,成功
/pub/data/jiafq/iscas/Parser_Comparison/../benchmarks/part52/non-incremental/QF_LRA/2019-ezsmt/travellingSalesperson/dom_rand_70_300_1155482584_3.lp.smt2,1285.35,0,35030,成功
/pub/data/jiafq/iscas/Parser_Comparison/../benchmarks/part52/non-incremental/QF_LRA/2019-ezsmt/travellingSalesperson/rand_70_300_1155482584_0.lp.smt2,1193.22,0,34828,成功
/pub/data/jiafq/iscas/Parser_Comparison/../benchmarks/part52/non-incremental/QF_LRA/2019-ezsmt/travellingSalesperson/rand_70_300_1155482584_11.lp.smt2,1293.48,0,34635,成功
/pub/data/jiafq/iscas/Parser_Comparison/../benchmarks/part52/non-incremental/QF_LRA/2019-ezsmt/travellingSalesperson/rand_70_300_1155482584_12.lp.smt2,1242.42,0,34987,成功
/pub/data/jiafq/iscas/Parser_Comparison/../benchmarks/part52/non-incremental/QF_LRA/2019-ezsmt/travellingSalesperson/rand_70_300_1155482584_14.lp.smt2,1242.02,0,34983,成功
/pub/data/jiafq/iscas/Parser_Comparison/../benchmarks/part52/non-incremental/QF_LRA/2019-ezsmt/travellingSalesperson/rand_70_300_1155482584_3.lp.smt2,1244.22,0,35030,成功
/pub/data/jiafq/iscas/Parser_Comparison/../benchmarks/part52/non-incremental/QF_LRA/2019-ezsmt/travellingSalesperson/rand_70_300_1155482584_4.lp.smt2,1275.07,0,34828,成功
/pub/data/jiafq/iscas/Parser_Comparison/../benchmarks/part52/non-incremental/QF_LRA/2019-ezsmt/travellingSalesperson/rand_70_300_1155482584_5.lp.smt2,1207.8,0,34745,成功
/pub/data/jiafq/iscas/Parser_Comparison/../benchmarks/part52/non-incremental/QF_LRA/2019-ezsmt/travellingSalesperson/rand_70_300_1155482584_7.lp.smt2,1197.93,0,34873,成功
/pub/data/jiafq/iscas/Parser_Comparison/../benchmarks/part52/non-incremental/QF_LRA/2019-ezsmt/travellingSalesperson/rand_70_300_1155482584_8.lp.smt2,1209.62,0,35000,成功
/pub/data/jiafq/iscas/Parser_Comparison/../benchmarks/part52/non-incremental/QF_LRA/2019-ezsmt/travellingSalesperson/rand_70_300_1155482584_9.lp.smt2,1192.16,0,34850,成功
/pub/data/jiafq/iscas/Parser_Comparison/../benchmarks/part52/non-incremental/QF_LRA/2019-ezsmt/travellingSalesperson/rand_80_340_1159656267_0.lp.smt2,1369.35,0,39484,成功
/pub/data/jiafq/iscas/Parser_Comparison/../benchmarks/part52/non-incremental/QF_LRA/2019-ezsmt/travellingSalesperson/rand_80_340_1159656267_10.lp.smt2,1375.95,0,39290,成功
/pub/data/jiafq/iscas/Parser_Comparison/../benchmarks/part52/non-incremental/QF_LRA/2019-ezsmt/travellingSalesperson/rand_80_340_1159656267_11.lp.smt2,1398.21,0,39311,成功
/pub/data/jiafq/iscas/Parser_Comparison/../benchmarks/part52/non-incremental/QF_LRA/2019-ezsmt/travellingSalesperson/rand_80_340_1159656267_13.lp.smt2,1361.9,0,39285,成功
/pub/data/jiafq/iscas/Parser_Comparison/../benchmarks/part52/non-incremental/QF_LRA/2019-ezsmt/travellingSalesperson/rand_80_340_1159656267_15.lp.smt2,1369.44,0,39358,成功
/pub/data/jiafq/iscas/Parser_Comparison/../benchmarks/part52/non-incremental/QF_LRA/2019-ezsmt/travellingSalesperson/rand_80_340_1159656267_16.lp.smt2,1397.9,0,39469,成功
/pub/data/jiafq/iscas/Parser_Comparison/../benchmarks/part52/non-incremental/QF_LRA/2019-ezsmt/travellingSalesperson/rand_80_340_1159656267_17.lp.smt2,1374.11,0,39374,成功
/pub/data/jiafq/iscas/Parser_Comparison/../benchmarks/part52/non-incremental/QF_LRA/2019-ezsmt/travellingSalesperson/rand_80_340_1159656267_18.lp.smt2,1368.35,0,39515,成功
/pub/data/jiafq/iscas/Parser_Comparison/../benchmarks/part52/non-incremental/QF_LRA/2019-ezsmt/travellingSalesperson/rand_80_340_1159656267_4.lp.smt2,1377.8,0,39475,成功
/pub/data/jiafq/iscas/Parser_Comparison/../benchmarks/part52/non-incremental/QF_LRA/2019-ezsmt/travellingSalesperson/rand_80_340_1159656267_6.lp.smt2,1359.73,0,39553,成功
/pub/data/jiafq/iscas/Parser_Comparison/../benchmarks/part52/non-incremental/QF_LRA/2019-ezsmt/travellingSalesperson/tsp_rand_70_300_1155482584_0.lp.smt2,1234.4,0,34828,成功
/pub/data/jiafq/iscas/Parser_Comparison/../benchmarks/part52/non-incremental/QF_LRA/2019-ezsmt/travellingSalesperson/tsp_rand_70_300_1155482584_11.lp.smt2,1229.75,0,34635,成功
/pub/data/jiafq/iscas/Parser_Comparison/../benchmarks/part52/non-incremental/QF_LRA/2019-ezsmt/travellingSalesperson/tsp_rand_70_300_1155482584_12.lp.smt2,1215.44,0,34987,成功
/pub/data/jiafq/iscas/Parser_Comparison/../benchmarks/part52/non-incremental/QF_LRA/2019-ezsmt/travellingSalesperson/tsp_rand_70_300_1155482584_14.lp.smt2,1224.9,0,34983,成功
/pub/data/jiafq/iscas/Parser_Comparison/../benchmarks/part52/non-incremental/QF_LRA/2019-ezsmt/travellingSalesperson/tsp_rand_70_300_1155482584_4.lp.smt2,1214.93,0,34828,成功
/pub/data/jiafq/iscas/Parser_Comparison/../benchmarks/part52/non-incremental/QF_LRA/2019-ezsmt/travellingSalesperson/tsp_rand_70_300_1155482584_5.lp.smt2,1209.21,0,34745,成功
/pub/data/jiafq/iscas/Parser_Comparison/../benchmarks/part52/non-incremental/QF_LRA/2019-ezsmt/travellingSalesperson/tsp_rand_70_300_1155482584_7.lp.smt2,1221.33,0,34873,成功
/pub/data/jiafq/iscas/Parser_Comparison/../benchmarks/part52/non-incremental/QF_LRA/2019-ezsmt/travellingSalesperson/tsp_rand_70_300_1155482584_8.lp.smt2,1236.68,0,35000,成功
/pub/data/jiafq/iscas/Parser_Comparison/../benchmarks/part52/non-incremental/QF_LRA/2019-ezsmt/travellingSalesperson/tsp_rand_70_300_1155482584_9.lp.smt2,1224.5,0,34850,成功
/pub/data/jiafq/iscas/Parser_Comparison/../benchmarks/part52/non-incremental/QF_LRA/DTP-Scheduling/constraints-cooking01.smt2,5.92588,0,88,成功
/pub/data/jiafq/iscas/Parser_Comparison/../benchmarks/part52/non-incremental/QF_LRA/DTP-Scheduling/constraints-cooking02.smt2,12.062,0,134,成功
/pub/data/jiafq/iscas/Parser_Comparison/../benchmarks/part52/non-incremental/QF_LRA/DTP-Scheduling/constraints-cooking03.smt2,10.9983,0,180,成功
/pub/data/jiafq/iscas/Parser_Comparison/../benchmarks/part52/non-incremental/QF_LRA/DTP-Scheduling/constraints-cooking04.smt2,11.6531,0,226,成功
/pub/data/jiafq/iscas/Parser_Comparison/../benchmarks/part52/non-incremental/QF_LRA/DTP-Scheduling/constraints-cooking05.smt2,13.9594,0,272,成功
/pub/data/jiafq/iscas/Parser_Comparison/../benchmarks/part52/non-incremental/QF_LRA/DTP-Scheduling/constraints-cooking06.smt2,16.3678,0,318,成功
/pub/data/jiafq/iscas/Parser_Comparison/../benchmarks/part52/non-incremental/QF_LRA/DTP-Scheduling/constraints-cooking07.smt2,18.2858,0,364,成功
/pub/data/jiafq/iscas/Parser_Comparison/../benchmarks/part52/non-incremental/QF_LRA/DTP-Scheduling/constraints-cooking08.smt2,21.4986,0,410,成功
/pub/data/jiafq/iscas/Parser_Comparison/../benchmarks/part52/non-incremental/QF_LRA/DTP-Scheduling/constraints-cooking09.smt2,21.701,0,456,成功
/pub/data/jiafq/iscas/Parser_Comparison/../benchmarks/part52/non-incremental/QF_LRA/DTP-Scheduling/constraints-cooking10.smt2,23.559,0,502,成功
/pub/data/jiafq/iscas/Parser_Comparison/../benchmarks/part52/non-incremental/QF_LRA/DTP-Scheduling/constraints-cooking11.smt2,28.3307,0,548,成功
/pub/data/jiafq/iscas/Parser_Comparison/../benchmarks/part52/non-incremental/QF_LRA/DTP-Scheduling/constraints-cooking12.smt2,27.9136,0,594,成功
/pub/data/jiafq/iscas/Parser_Comparison/../benchmarks/part52/non-incremental/QF_LRA/DTP-Scheduling/constraints-cooking13.smt2,29.64,0,640,成功
/pub/data/jiafq/iscas/Parser_Comparison/../benchmarks/part52/non-incremental/QF_LRA/DTP-Scheduling/constraints-cooking14.smt2,34.417,0,686,成功
/pub/data/jiafq/iscas/Parser_Comparison/../benchmarks/part52/non-incremental/QF_LRA/DTP-Scheduling/constraints-cooking15.smt2,36.7332,0,732,成功
/pub/data/jiafq/iscas/Parser_Comparison/../benchmarks/part52/non-incremental/QF_LRA/DTP-Scheduling/constraints-cooking16.smt2,40.1207,0,778,成功
/pub/data/jiafq/iscas/Parser_Comparison/../benchmarks/part52/non-incremental/QF_LRA/DTP-Scheduling/constraints-cooking17.smt2,38.6476,0,824,成功
/pub/data/jiafq/iscas/Parser_Comparison/../benchmarks/part52/non-incremental/QF_LRA/DTP-Scheduling/constraints-cooking18.smt2,42.3089,0,870,成功
/pub/data/jiafq/iscas/Parser_Comparison/../benchmarks/part52/non-incremental/QF_LRA/DTP-Scheduling/constraints-cooking19.smt2,43.5158,0,916,成功
/pub/data/jiafq/iscas/Parser_Comparison/../benchmarks/part52/non-incremental/QF_LRA/DTP-Scheduling/constraints-cooking20.smt2,47.0861,0,962,成功
/pub/data/jiafq/iscas/Parser_Comparison/../benchmarks/part52/non-incremental/QF_LRA/DTP-Scheduling/constraints-cooking21.smt2,50.1875,0,1008,成功
/pub/data/jiafq/iscas/Parser_Comparison/../benchmarks/part52/non-incremental/QF_LRA/DTP-Scheduling/constraints-cooking22.smt2,51.7285,0,1054,成功
/pub/data/jiafq/iscas/Parser_Comparison/../benchmarks/part52/non-incremental/QF_LRA/DTP-Scheduling/constraints-cooking23.smt2,50.8108,0,1100,成功
/pub/data/jiafq/iscas/Parser_Comparison/../benchmarks/part52/non-incremental/QF_LRA/DTP-Scheduling/constraints-tempo-depth-10.smt2,25.2375,0,477,成功
/pub/data/jiafq/iscas/Parser_Comparison/../benchmarks/part52/non-incremental/QF_LRA/DTP-Scheduling/constraints-tempo-depth-100.smt2,306.97,0,4707,成功
/pub/data/jiafq/iscas/Parser_Comparison/../benchmarks/part52/non-incremental/QF_LRA/DTP-Scheduling/constraints-tempo-depth-150.smt2,471.452,0,7057,成功
/pub/data/jiafq/iscas/Parser_Comparison/../benchmarks/part52/non-incremental/QF_LRA/DTP-Scheduling/constraints-tempo-depth-2.smt2,7.40442,0,101,成功
/pub/data/jiafq/iscas/Parser_Comparison/../benchmarks/part52/non-incremental/QF_LRA/DTP-Scheduling/constraints-tempo-depth-20.smt2,53.4476,0,947,成功
/pub/data/jiafq/iscas/Parser_Comparison/../benchmarks/part52/non-incremental/QF_LRA/DTP-Scheduling/constraints-tempo-depth-3.smt2,8.15215,0,148,成功
/pub/data/jiafq/iscas/Parser_Comparison/../benchmarks/part52/non-incremental/QF_LRA/DTP-Scheduling/constraints-tempo-depth-30.smt2,89.0347,0,1417,成功
/pub/data/jiafq/iscas/Parser_Comparison/../benchmarks/part52/non-incremental/QF_LRA/DTP-Scheduling/constraints-tempo-depth-4.smt2,11.8017,0,195,成功
/pub/data/jiafq/iscas/Parser_Comparison/../benchmarks/part52/non-incremental/QF_LRA/DTP-Scheduling/constraints-tempo-depth-40.smt2,113.571,0,1887,成功
/pub/data/jiafq/iscas/Parser_Comparison/../benchmarks/part52/non-incremental/QF_LRA/DTP-Scheduling/constraints-tempo-depth-5.smt2,17.8742,0,242,成功
/pub/data/jiafq/iscas/Parser_Comparison/../benchmarks/part52/non-incremental/QF_LRA/DTP-Scheduling/constraints-tempo-depth-50.smt2,149.146,0,2357,成功
/pub/data/jiafq/iscas/Parser_Comparison/../benchmarks/part52/non-incremental/QF_LRA/DTP-Scheduling/constraints-tempo-depth-6.smt2,16.7395,0,289,成功
/pub/data/jiafq/iscas/Parser_Comparison/../benchmarks/part52/non-incremental/QF_LRA/DTP-Scheduling/constraints-tempo-depth-7.smt2,20.8607,0,336,成功
/pub/data/jiafq/iscas/Parser_Comparison/../benchmarks/part52/non-incremental/QF_LRA/DTP-Scheduling/constraints-tempo-depth-8.smt2,23.7163,0,383,成功
/pub/data/jiafq/iscas/Parser_Comparison/../benchmarks/part52/non-incremental/QF_LRA/DTP-Scheduling/constraints-tempo-depth-9.smt2,26.069,0,430,成功
/pub/data/jiafq/iscas/Parser_Comparison/../benchmarks/part52/non-incremental/QF_LRA/DTP-Scheduling/constraints-tempo-matrix1x1.pddl.smt2,3.71501,0,53,成功
/pub/data/jiafq/iscas/Parser_Comparison/../benchmarks/part52/non-incremental/QF_LRA/DTP-Scheduling/constraints-tempo-matrix2x2.pddl.smt2,20.2597,0,267,成功
/pub/data/jiafq/iscas/Parser_Comparison/../benchmarks/part52/non-incremental/QF_LRA/DTP-Scheduling/constraints-tempo-matrix3x3.pddl.smt2,46.3792,0,785,成功
/pub/data/jiafq/iscas/Parser_Comparison/../benchmarks/part52/non-incremental/QF_LRA/DTP-Scheduling/constraints-tempo-matrix4x4.pddl.smt2,106.254,0,1726,成功
/pub/data/jiafq/iscas/Parser_Comparison/../benchmarks/part52/non-incremental/QF_LRA/DTP-Scheduling/constraints-tempo-matrix5x5.pddl.smt2,199.87,0,3209,成功
/pub/data/jiafq/iscas/Parser_Comparison/../benchmarks/part52/non-incremental/QF_LRA/DTP-Scheduling/constraints-tempo-matrix6x6.pddl.smt2,327.935,0,5354,成功
/pub/data/jiafq/iscas/Parser_Comparison/../benchmarks/part52/non-incremental/QF_LRA/DTP-Scheduling/constraints-tempo-matrix7x7.pddl.smt2,555.531,0,8281,成功
/pub/data/jiafq/iscas/Parser_Comparison/../benchmarks/part52/non-incremental/QF_LRA/DTP-Scheduling/constraints-tempo-matrix8x8.pddl.smt2,777.755,0,12110,成功
/pub/data/jiafq/iscas/Parser_Comparison/../benchmarks/part52/non-incremental/QF_LRA/DTP-Scheduling/constraints-tempo-width-1.smt2,3.53745,0,53,成功
/pub/data/jiafq/iscas/Parser_Comparison/../benchmarks/part52/non-incremental/QF_LRA/DTP-Scheduling/constraints-tempo-width-10.smt2,93.2366,0,1732,成功
/pub/data/jiafq/iscas/Parser_Comparison/../benchmarks/part52/non-incremental/QF_LRA/DTP-Scheduling/constraints-tempo-width-2.smt2,8.357,0,125,成功
/pub/data/jiafq/iscas/Parser_Comparison/../benchmarks/part52/non-incremental/QF_LRA/DTP-Scheduling/constraints-tempo-width-20.smt2,339.197,0,6262,成功
/pub/data/jiafq/iscas/Parser_Comparison/../benchmarks/part52/non-incremental/QF_LRA/DTP-Scheduling/constraints-tempo-width-3.smt2,15.9707,0,227,成功
/pub/data/jiafq/iscas/Parser_Comparison/../benchmarks/part52/non-incremental/QF_LRA/DTP-Scheduling/constraints-tempo-width-30.smt2,776.702,0,13592,成功
/pub/data/jiafq/iscas/Parser_Comparison/../benchmarks/part52/non-incremental/QF_LRA/DTP-Scheduling/constraints-tempo-width-4.smt2,22.6834,0,358,成功
/pub/data/jiafq/iscas/Parser_Comparison/../benchmarks/part52/non-incremental/QF_LRA/DTP-Scheduling/constraints-tempo-width-40.smt2,1400.07,0,23722,成功
/pub/data/jiafq/iscas/Parser_Comparison/../benchmarks/part52/non-incremental/QF_LRA/DTP-Scheduling/constraints-tempo-width-5.smt2,28.9584,0,517,成功
/pub/data/jiafq/iscas/Parser_Comparison/../benchmarks/part52/non-incremental/QF_LRA/DTP-Scheduling/constraints-tempo-width-50.smt2,2228.12,0,36652,成功
/pub/data/jiafq/iscas/Parser_Comparison/../benchmarks/part52/non-incremental/QF_LRA/DTP-Scheduling/constraints-tempo-width-6.smt2,35.7124,0,704,成功
/pub/data/jiafq/iscas/Parser_Comparison/../benchmarks/part52/non-incremental/QF_LRA/DTP-Scheduling/constraints-tempo-width-60.smt2,3129.08,0,52382,成功
/pub/data/jiafq/iscas/Parser_Comparison/../benchmarks/part52/non-incremental/QF_LRA/DTP-Scheduling/constraints-tempo-width-7.smt2,47.9839,0,919,成功
/pub/data/jiafq/iscas/Parser_Comparison/../benchmarks/part52/non-incremental/QF_LRA/DTP-Scheduling/constraints-tempo-width-70.smt2,4559.65,0,70912,成功
/pub/data/jiafq/iscas/Parser_Comparison/../benchmarks/part52/non-incremental/QF_LRA/DTP-Scheduling/constraints-tempo-width-8.smt2,66.0622,0,1162,成功
/pub/data/jiafq/iscas/Parser_Comparison/../benchmarks/part52/non-incremental/QF_LRA/DTP-Scheduling/constraints-tempo-width-9.smt2,76.8805,0,1433,成功
/pub/data/jiafq/iscas/Parser_Comparison/../benchmarks/part52/non-incremental/QF_LRA/DTP-Scheduling/constraints-temporal-machine-shop-2-3-A03.smt2,8.1987,0,171,成功
/pub/data/jiafq/iscas/Parser_Comparison/../benchmarks/part52/non-incremental/QF_LRA/DTP-Scheduling/constraints-temporal-machine-shop-2-3-A04.smt2,14.1956,0,306,成功
/pub/data/jiafq/iscas/Parser_Comparison/../benchmarks/part52/non-incremental/QF_LRA/DTP-Scheduling/constraints-temporal-machine-shop-2-3-A05.smt2,15.1271,0,318,成功
/pub/data/jiafq/iscas/Parser_Comparison/../benchmarks/part52/non-incremental/QF_LRA/DTP-Scheduling/constraints-temporal-machine-shop-2-3-A06.smt2,21.0376,0,441,成功
/pub/data/jiafq/iscas/Parser_Comparison/../benchmarks/part52/non-incremental/QF_LRA/DTP-Scheduling/constraints-temporal-machine-shop-2-3-A07.smt2,25.0673,0,456,成功
/pub/data/jiafq/iscas/Parser_Comparison/../benchmarks/part52/non-incremental/QF_LRA/DTP-Scheduling/constraints-temporal-machine-shop-2-3-A08.smt2,31.1924,0,575,成功
/pub/data/jiafq/iscas/Parser_Comparison/../benchmarks/part52/non-incremental/QF_LRA/DTP-Scheduling/constraints-temporal-machine-shop-2-3-A09.smt2,28.4363,0,586,成功
/pub/data/jiafq/iscas/Parser_Comparison/../benchmarks/part52/non-incremental/QF_LRA/DTP-Scheduling/constraints-temporal-machine-shop-2-3-A10.smt2,40.9409,0,683,成功
/pub/data/jiafq/iscas/Parser_Comparison/../benchmarks/part52/non-incremental/QF_LRA/DTP-Scheduling/constraints-temporal-machine-shop-2-3-A20.smt2,92.8965,0,1393,成功
/pub/data/jiafq/iscas/Parser_Comparison/../benchmarks/part52/non-incremental/QF_LRA/DTP-Scheduling/constraints-temporal-machine-shop-2-3-A30.smt2,179.385,0,2128,成功
/pub/data/jiafq/iscas/Parser_Comparison/../benchmarks/part52/non-incremental/QF_LRA/DTP-Scheduling/constraints-temporal-machine-shop-2-3-A40.smt2,299.023,0,2833,成功
/pub/data/jiafq/iscas/Parser_Comparison/../benchmarks/part52/non-incremental/QF_LRA/DTP-Scheduling/constraints-temporal-machine-shop-2-3-A60.smt2,598.039,0,4279,成功
/pub/data/jiafq/iscas/Parser_Comparison/../benchmarks/part52/non-incremental/QF_LRA/DTP-Scheduling/constraints-temporal-machine-shop-2-3-A70.smt2,800.889,0,5008,成功
/pub/data/jiafq/iscas/Parser_Comparison/../benchmarks/part52/non-incremental/QF_LRA/DTP-Scheduling/constraints-temporal-machine-shop-2-3-A80.smt2,1088.23,0,5749,成功
/pub/data/jiafq/iscas/Parser_Comparison/../benchmarks/part52/non-incremental/QF_LRA/DTP-Scheduling/constraints-tms-2-3-light-03.smt2,5.64663,0,101,成功
/pub/data/jiafq/iscas/Parser_Comparison/../benchmarks/part52/non-incremental/QF_LRA/DTP-Scheduling/constraints-tms-2-3-light-04.smt2,15.798,0,222,成功
/pub/data/jiafq/iscas/Parser_Comparison/../benchmarks/part52/non-incremental/QF_LRA/DTP-Scheduling/constraints-tms-2-3-light-05.smt2,15.5977,0,209,成功
/pub/data/jiafq/iscas/Parser_Comparison/../benchmarks/part52/non-incremental/QF_LRA/DTP-Scheduling/constraints-tms-2-3-light-06.smt2,21.4782,0,321,成功
/pub/data/jiafq/iscas/Parser_Comparison/../benchmarks/part52/non-incremental/QF_LRA/DTP-Scheduling/constraints-tms-2-3-light-07.smt2,24.1942,0,336,成功
/pub/data/jiafq/iscas/Parser_Comparison/../benchmarks/part52/non-incremental/QF_LRA/DTP-Scheduling/constraints-tms-2-3-light-08.smt2,20.6606,0,419,成功
/pub/data/jiafq/iscas/Parser_Comparison/../benchmarks/part52/non-incremental/QF_LRA/DTP-Scheduling/constraints-tms-2-3-light-09.smt2,26.6658,0,404,成功
/pub/data/jiafq/iscas/Parser_Comparison/../benchmarks/part52/non-incremental/QF_LRA/DTP-Scheduling/constraints-tms-2-3-light-10.smt2,19.1695,0,345,成功
/pub/data/jiafq/iscas/Parser_Comparison/../benchmarks/part52/non-incremental/QF_LRA/DTP-Scheduling/constraints-tms-2-3-light-20.smt2,66.8735,0,1004,成功
/pub/data/jiafq/iscas/Parser_Comparison/../benchmarks/part52/non-incremental/QF_LRA/DTP-Scheduling/constraints-tms-2-3-light-30.smt2,103.922,0,1339,成功
/pub/data/jiafq/iscas/Parser_Comparison/../benchmarks/part52/non-incremental/QF_LRA/DTP-Scheduling/constraints-tms-2-3-light-40.smt2,189.535,0,1994,成功
/pub/data/jiafq/iscas/Parser_Comparison/../benchmarks/part52/non-incremental/QF_LRA/DTP-Scheduling/constraints-tms-2-3-light-60.smt2,372.154,0,3042,成功
/pub/data/jiafq/iscas/Parser_Comparison/../benchmarks/part52/non-incremental/QF_LRA/DTP-Scheduling/constraints-tms-2-3-light-70.smt2,486.216,0,3377,成功
/pub/data/jiafq/iscas/Parser_Comparison/../benchmarks/part52/non-incremental/QF_LRA/DTP-Scheduling/constraints-tms-2-3-light-80.smt2,589.12,0,3800,成功
/pub/data/jiafq/iscas/Parser_Comparison/../benchmarks/part52/non-incremental/QF_LRA/DTP-Scheduling/constraints-tms-2-3-light-90.smt2,723.961,0,4440,成功
/pub/data/jiafq/iscas/Parser_Comparison/../benchmarks/part52/non-incremental/QF_LRA/LassoRanker/CooperatingT2/afagp-fail.t2.c_Iteration1_Lasso_3-pieceTemplate.smt2,676.201,0,12849,成功
/pub/data/jiafq/iscas/Parser_Comparison/../benchmarks/part52/non-incremental/QF_LRA/LassoRanker/CooperatingT2/afagp-fail.t2.c_Iteration1_Lasso_4-pieceTemplate.smt2,1147.35,0,21397,成功
/pub/data/jiafq/iscas/Parser_Comparison/../benchmarks/part52/non-incremental/QF_LRA/LassoRanker/CooperatingT2/afagp-fail.t2.c_Iteration1_Lasso_7-phaseTemplate.smt2,2638.84,0,19570,成功
/pub/data/jiafq/iscas/Parser_Comparison/../benchmarks/part52/non-incremental/QF_LRA/LassoRanker/CooperatingT2/agafp.t2.c_Iteration1_Lasso_4-pieceTemplate.smt2,239.39,0,5641,成功
/pub/data/jiafq/iscas/Parser_Comparison/../benchmarks/part52/non-incremental/QF_LRA/LassoRanker/CooperatingT2/broydn.c.i.broydn.pl.t2.fixed.t2.c_Iteration8_Loop_7-phaseTemplate.smt2,2624.03,0,13927,成功
/pub/data/jiafq/iscas/Parser_Comparison/../benchmarks/part52/non-incremental/QF_LRA/LassoRanker/CooperatingT2/brp_withassume.t2.c_Iteration1_Loop_2-pieceTemplate.smt2,7507.47,0,100847,成功
/pub/data/jiafq/iscas/Parser_Comparison/../benchmarks/part52/non-incremental/QF_LRA/LassoRanker/CooperatingT2/brp_withassume.t2.c_Iteration1_Loop_3-pieceTemplate.smt2,14606.6,0,193775,成功
/pub/data/jiafq/iscas/Parser_Comparison/../benchmarks/part52/non-incremental/QF_LRA/LassoRanker/CooperatingT2/brp_withassume.t2.c_Iteration1_Loop_4-lexTemplate.smt2,9361.41,0,112872,成功
/pub/data/jiafq/iscas/Parser_Comparison/../benchmarks/part52/non-incremental/QF_LRA/LassoRanker/CooperatingT2/brp_withassume.t2.c_Iteration1_Loop_4-pieceTemplate.smt2,24076.1,0,319585,成功
/pub/data/jiafq/iscas/Parser_Comparison/../benchmarks/part52/non-incremental/QF_LRA/LassoRanker/CooperatingT2/brp_withassume.t2.c_Iteration1_Loop_5-phaseTemplate.smt2,12329.9,0,96407,成功
/pub/data/jiafq/iscas/Parser_Comparison/../benchmarks/part52/non-incremental/QF_LRA/LassoRanker/CooperatingT2/brp_withassume.t2.c_Iteration1_Loop_6-phaseTemplate.smt2,21884.2,0,127856,成功
/pub/data/jiafq/iscas/Parser_Comparison/../benchmarks/part52/non-incremental/QF_LRA/LassoRanker/CooperatingT2/brp_withassume.t2.c_Iteration1_Loop_7-phaseTemplate.smt2,44739.9,0,176337,成功
/pub/data/jiafq/iscas/Parser_Comparison/../benchmarks/part52/non-incremental/QF_LRA/LassoRanker/CooperatingT2/brp_withassume.t2.c_Iteration8_Loop_2-pieceTemplate.smt2,10092.7,0,126619,成功
/pub/data/jiafq/iscas/Parser_Comparison/../benchmarks/part52/non-incremental/QF_LRA/LassoRanker/CooperatingT2/brp_withassume.t2.c_Iteration8_Loop_3-pieceTemplate.smt2,19583.3,0,243731,成功
/pub/data/jiafq/iscas/Parser_Comparison/../benchmarks/part52/non-incremental/QF_LRA/LassoRanker/CooperatingT2/brp_withassume.t2.c_Iteration8_Loop_4-lexTemplate.smt2,12182.2,0,141498,成功
/pub/data/jiafq/iscas/Parser_Comparison/../benchmarks/part52/non-incremental/QF_LRA/LassoRanker/CooperatingT2/brp_withassume.t2.c_Iteration8_Loop_4-phaseTemplate.smt2,9687.74,0,93406,成功
/pub/data/jiafq/iscas/Parser_Comparison/../benchmarks/part52/non-incremental/QF_LRA/LassoRanker/CooperatingT2/brp_withassume.t2.c_Iteration8_Loop_4-pieceTemplate.smt2,33065.5,0,402429,成功
/pub/data/jiafq/iscas/Parser_Comparison/../benchmarks/part52/non-incremental/QF_LRA/LassoRanker/CooperatingT2/brp_withassume.t2.c_Iteration8_Loop_5-phaseTemplate.smt2,15998.6,0,123652,成功
/pub/data/jiafq/iscas/Parser_Comparison/../benchmarks/part52/non-incremental/QF_LRA/LassoRanker/CooperatingT2/brp_withassume.t2.c_Iteration8_Loop_6-phaseTemplate.smt2,29382.3,0,166474,成功
/pub/data/jiafq/iscas/Parser_Comparison/../benchmarks/part52/non-incremental/QF_LRA/LassoRanker/CooperatingT2/brp_withassume.t2.c_Iteration8_Loop_7-phaseTemplate.smt2,58565.6,0,234000,成功
/pub/data/jiafq/iscas/Parser_Comparison/../benchmarks/part52/non-incremental/QF_LRA/LassoRanker/CooperatingT2/bsort100.t2.c_Iteration13_Loop_4-pieceTemplate.smt2,870.484,0,14354,成功
/pub/data/jiafq/iscas/Parser_Comparison/../benchmarks/part52/non-incremental/QF_LRA/LassoRanker/CooperatingT2/bubbleSort.t2.c_Iteration3_Loop_4-pieceTemplate.smt2,951.133,0,14912,成功
/pub/data/jiafq/iscas/Parser_Comparison/../benchmarks/part52/non-incremental/QF_LRA/LassoRanker/CooperatingT2/byron-2.t2.c_Iteration2_Loop_4-pieceTemplate.smt2,2282.18,0,33230,成功
/pub/data/jiafq/iscas/Parser_Comparison/../benchmarks/part52/non-incremental/QF_LRA/LassoRanker/CooperatingT2/byron-2.t2.c_Iteration2_Loop_7-phaseTemplate.smt2,7091.43,0,27297,成功
/pub/data/jiafq/iscas/Parser_Comparison/../benchmarks/part52/non-incremental/QF_LRA/LassoRanker/CooperatingT2/collatz.t2.c_Iteration1_Loop_4-pieceTemplate.smt2,739.918,0,12541,成功
/pub/data/jiafq/iscas/Parser_Comparison/../benchmarks/part52/non-incremental/QF_LRA/LassoRanker/CooperatingT2/collatz.t2.c_Iteration3_Lasso_7-phaseTemplate.smt2,1942.3,0,20392,成功
/pub/data/jiafq/iscas/Parser_Comparison/../benchmarks/part52/non-incremental/QF_LRA/LassoRanker/CooperatingT2/collatz.t2.c_Iteration3_Loop_7-phaseTemplate.smt2,2477.06,0,11810,成功
/pub/data/jiafq/iscas/Parser_Comparison/../benchmarks/part52/non-incremental/QF_LRA/LassoRanker/CooperatingT2/consts1.t2.c_Iteration1_Lasso_4-pieceTemplate.smt2,441.428,0,9021,成功
/pub/data/jiafq/iscas/Parser_Comparison/../benchmarks/part52/non-incremental/QF_LRA/LassoRanker/CooperatingT2/curious4.t2.c_Iteration1_Lasso_4-pieceTemplate.smt2,2301.79,0,38463,成功
/pub/data/jiafq/iscas/Parser_Comparison/../benchmarks/part52/non-incremental/QF_LRA/LassoRanker/CooperatingT2/disj_nightmare.t2.c_Iteration1_Loop_3-pieceTemplate.smt2,3757.32,0,45651,成功
/pub/data/jiafq/iscas/Parser_Comparison/../benchmarks/part52/non-incremental/QF_LRA/LassoRanker/CooperatingT2/disj_nightmare.t2.c_Iteration1_Loop_4-pieceTemplate.smt2,6362.99,0,77539,成功
/pub/data/jiafq/iscas/Parser_Comparison/../benchmarks/part52/non-incremental/QF_LRA/LassoRanker/CooperatingT2/disj_nightmare.t2.c_Iteration1_Loop_7-phaseTemplate.smt2,13053.5,0,69203,成功
/pub/data/jiafq/iscas/Parser_Comparison/../benchmarks/part52/non-incremental/QF_LRA/LassoRanker/CooperatingT2/disj_nightmare.t2.c_Iteration2_Loop_3-pieceTemplate.smt2,3852.22,0,46514,成功
/pub/data/jiafq/iscas/Parser_Comparison/../benchmarks/part52/non-incremental/QF_LRA/LassoRanker/CooperatingT2/disj_nightmare.t2.c_Iteration2_Loop_4-pieceTemplate.smt2,6705.87,0,79003,成功
/pub/data/jiafq/iscas/Parser_Comparison/../benchmarks/part52/non-incremental/QF_LRA/LassoRanker/CooperatingT2/disj_nightmare.t2.c_Iteration2_Loop_7-phaseTemplate.smt2,14453.9,0,69927,成功
/pub/data/jiafq/iscas/Parser_Comparison/../benchmarks/part52/non-incremental/QF_LRA/LassoRanker/CooperatingT2/dropbuf.t2.c_Iteration3_Loop_4-pieceTemplate.smt2,5137.26,0,80755,成功
/pub/data/jiafq/iscas/Parser_Comparison/../benchmarks/part52/non-incremental/QF_LRA/LassoRanker/CooperatingT2/dropbuf.t2.c_Iteration3_Loop_7-phaseTemplate.smt2,12734,0,62607,成功
/pub/data/jiafq/iscas/Parser_Comparison/../benchmarks/part52/non-incremental/QF_LRA/LassoRanker/CooperatingT2/efegp.t2.c_Iteration1_Lasso_3-pieceTemplate.smt2,645.264,0,12353,成功
/pub/data/jiafq/iscas/Parser_Comparison/../benchmarks/part52/non-incremental/QF_LRA/LassoRanker/CooperatingT2/efegp.t2.c_Iteration1_Lasso_4-pieceTemplate.smt2,1107.61,0,20597,成功
/pub/data/jiafq/iscas/Parser_Comparison/../benchmarks/part52/non-incremental/QF_LRA/LassoRanker/CooperatingT2/elmhes.c.i.elmhes.pl.t2.fixed.t2.c_Iteration4_Loop_4-pieceTemplate.smt2,967.202,224,16625,成功
/pub/data/jiafq/iscas/Parser_Comparison/../benchmarks/part52/non-incremental/QF_LRA/LassoRanker/CooperatingT2/elmhes.c.i.elmhes.pl.t2.fixed.t2.c_Iteration4_Loop_7-phaseTemplate.smt2,2511.3,0,17684,成功
/pub/data/jiafq/iscas/Parser_Comparison/../benchmarks/part52/non-incremental/QF_LRA/LassoRanker/CooperatingT2/elmhes.c.i.elmhes.pl.t2.fixed.t2.c_Iteration5_Loop_4-pieceTemplate.smt2,3258.61,0,50039,成功
/pub/data/jiafq/iscas/Parser_Comparison/../benchmarks/part52/non-incremental/QF_LRA/LassoRanker/CooperatingT2/elmhes.c.i.elmhes.pl.t2.fixed.t2.c_Iteration5_Loop_6-phaseTemplate.smt2,3917.68,0,26649,成功
/pub/data/jiafq/iscas/Parser_Comparison/../benchmarks/part52/non-incremental/QF_LRA/LassoRanker/CooperatingT2/elmhes.c.i.elmhes.pl.t2.nor.t2.rlgfixed.t2.c_Iteration5_Loop_7-phaseTemplate.smt2,7977.58,228,42586,成功
/pub/data/jiafq/iscas/Parser_Comparison/../benchmarks/part52/non-incremental/QF_LRA/LassoRanker/CooperatingT2/elmhes.t2.c_Iteration2_Loop_7-phaseTemplate.smt2,3091.45,0,16387,成功
/pub/data/jiafq/iscas/Parser_Comparison/../benchmarks/part52/non-incremental/QF_LRA/LassoRanker/CooperatingT2/elmhes.t2.c_Iteration4_Loop_7-phaseTemplate.smt2,2517.01,0,17678,成功
/pub/data/jiafq/iscas/Parser_Comparison/../benchmarks/part52/non-incremental/QF_LRA/LassoRanker/CooperatingT2/elmhes.t2.c_Iteration5_Loop_4-pieceTemplate.smt2,3267.41,0,50191,成功
/pub/data/jiafq/iscas/Parser_Comparison/../benchmarks/part52/non-incremental/QF_LRA/LassoRanker/CooperatingT2/elmhes.t2.c_Iteration5_Loop_7-phaseTemplate.smt2,7960.45,0,42598,成功
/pub/data/jiafq/iscas/Parser_Comparison/../benchmarks/part52/non-incremental/QF_LRA/LassoRanker/CooperatingT2/eric.t2.c_Iteration1_Lasso_2-pieceTemplate.smt2,572.953,0,12502,成功
/pub/data/jiafq/iscas/Parser_Comparison/../benchmarks/part52/non-incremental/QF_LRA/LassoRanker/CooperatingT2/eric.t2.c_Iteration1_Lasso_3-pieceTemplate.smt2,1131.93,0,24066,成功
/pub/data/jiafq/iscas/Parser_Comparison/../benchmarks/part52/non-incremental/QF_LRA/LassoRanker/CooperatingT2/eric.t2.c_Iteration1_Lasso_4-pieceTemplate.smt2,1826.63,0,39790,成功
/pub/data/jiafq/iscas/Parser_Comparison/../benchmarks/part52/non-incremental/QF_LRA/LassoRanker/CooperatingT2/eric.t2.c_Iteration1_Lasso_7-phaseTemplate.smt2,2925.96,0,30186,成功
/pub/data/jiafq/iscas/Parser_Comparison/../benchmarks/part52/non-incremental/QF_LRA/LassoRanker/CooperatingT2/eric.t2.c_Iteration1_Loop_4-pieceTemplate.smt2,1556.08,0,30913,成功
/pub/data/jiafq/iscas/Parser_Comparison/../benchmarks/part52/non-incremental/QF_LRA/LassoRanker/CooperatingT2/eric.t2.c_Iteration1_Loop_7-phaseTemplate.smt2,2767,0,26810,成功
/pub/data/jiafq/iscas/Parser_Comparison/../benchmarks/part52/non-incremental/QF_LRA/LassoRanker/CooperatingT2/eric2.t2.c_Iteration3_Loop_7-phaseTemplate.smt2,945.656,0,10164,成功
/pub/data/jiafq/iscas/Parser_Comparison/../benchmarks/part52/non-incremental/QF_LRA/LassoRanker/CooperatingT2/ex11.t2.c_Iteration1_Lasso_2-pieceTemplate.smt2,1232.57,0,22629,成功
/pub/data/jiafq/iscas/Parser_Comparison/../benchmarks/part52/non-incremental/QF_LRA/LassoRanker/CooperatingT2/ex11.t2.c_Iteration1_Lasso_3-pieceTemplate.smt2,2417.41,0,43520,成功
/pub/data/jiafq/iscas/Parser_Comparison/../benchmarks/part52/non-incremental/QF_LRA/LassoRanker/CooperatingT2/ex11.t2.c_Iteration1_Lasso_4-pieceTemplate.smt2,3949.14,0,71859,成功
/pub/data/jiafq/iscas/Parser_Comparison/../benchmarks/part52/non-incremental/QF_LRA/LassoRanker/CooperatingT2/ex11.t2.c_Iteration1_Lasso_7-phaseTemplate.smt2,7904.39,0,51318,成功
/pub/data/jiafq/iscas/Parser_Comparison/../benchmarks/part52/non-incremental/QF_LRA/LassoRanker/CooperatingT2/fir.t2.c_Iteration4_Loop_4-pieceTemplate.smt2,3273,0,48651,成功
/pub/data/jiafq/iscas/Parser_Comparison/../benchmarks/part52/non-incremental/QF_LRA/LassoRanker/CooperatingT2/fir.t2.c_Iteration4_Loop_6-phaseTemplate.smt2,3983.04,0,24962,成功
/pub/data/jiafq/iscas/Parser_Comparison/../benchmarks/part52/non-incremental/QF_LRA/LassoRanker/CooperatingT2/fir.t2.c_Iteration4_Loop_7-phaseTemplate.smt2,8165.21,0,39449,成功
/pub/data/jiafq/iscas/Parser_Comparison/../benchmarks/part52/non-incremental/QF_LRA/check/bignum_lra1.smt2,4.99518,0,63,成功
/pub/data/jiafq/iscas/Parser_Comparison/../benchmarks/part52/non-incremental/QF_LRA/check/bignum_lra2.smt2,5.23979,0,63,成功
/pub/data/jiafq/iscas/Parser_Comparison/../benchmarks/part52/non-incremental/QF_LRA/clock_synchro/clocksynchro_10clocks.main_invar.base.smt2,95.5009,0,3914,成功
/pub/data/jiafq/iscas/Parser_Comparison/../benchmarks/part52/non-incremental/QF_LRA/clock_synchro/clocksynchro_10clocks.main_invar.induct.smt2,153.499,0,6288,成功
/pub/data/jiafq/iscas/Parser_Comparison/../benchmarks/part52/non-incremental/QF_LRA/clock_synchro/clocksynchro_10clocks.worst_case_skew.base.smt2,9.08152,0,210,成功
/pub/data/jiafq/iscas/Parser_Comparison/../benchmarks/part52/non-incremental/QF_LRA/clock_synchro/clocksynchro_10clocks.worst_case_skew.induct.smt2,45.6918,0,1828,成功
/pub/data/jiafq/iscas/Parser_Comparison/../benchmarks/part52/non-incremental/QF_LRA/clock_synchro/clocksynchro_2clocks.main_invar.base.smt2,17.5411,0,634,成功
/pub/data/jiafq/iscas/Parser_Comparison/../benchmarks/part52/non-incremental/QF_LRA/clock_synchro/clocksynchro_2clocks.main_invar.induct.smt2,23.7382,0,912,成功
/pub/data/jiafq/iscas/Parser_Comparison/../benchmarks/part52/non-incremental/QF_LRA/clock_synchro/clocksynchro_2clocks.worst_case_skew.base.smt2,3.35534,0,74,成功
/pub/data/jiafq/iscas/Parser_Comparison/../benchmarks/part52/non-incremental/QF_LRA/clock_synchro/clocksynchro_2clocks.worst_case_skew.induct.smt2,9.6907,0,340,成功
/pub/data/jiafq/iscas/Parser_Comparison/../benchmarks/part52/non-incremental/QF_LRA/clock_synchro/clocksynchro_3clocks.main_invar.base.smt2,24.3211,0,918,成功
/pub/data/jiafq/iscas/Parser_Comparison/../benchmarks/part52/non-incremental/QF_LRA/clock_synchro/clocksynchro_3clocks.main_invar.induct.smt2,37.0026,0,1395,成功
/pub/data/jiafq/iscas/Parser_Comparison/../benchmarks/part52/non-incremental/QF_LRA/clock_synchro/clocksynchro_3clocks.worst_case_skew.base.smt2,6.85565,0,84,成功
/pub/data/jiafq/iscas/Parser_Comparison/../benchmarks/part52/non-incremental/QF_LRA/clock_synchro/clocksynchro_3clocks.worst_case_skew.induct.smt2,21.3773,0,484,成功
/pub/data/jiafq/iscas/Parser_Comparison/../benchmarks/part52/non-incremental/QF_LRA/clock_synchro/clocksynchro_4clocks.main_invar.base.smt2,33.5511,0,1238,成功
/pub/data/jiafq/iscas/Parser_Comparison/../benchmarks/part52/non-incremental/QF_LRA/clock_synchro/clocksynchro_4clocks.main_invar.induct.smt2,51.4843,0,1932,成功
/pub/data/jiafq/iscas/Parser_Comparison/../benchmarks/part52/non-incremental/QF_LRA/clock_synchro/clocksynchro_4clocks.worst_case_skew.base.smt2,3.80441,0,96,成功
/pub/data/jiafq/iscas/Parser_Comparison/../benchmarks/part52/non-incremental/QF_LRA/clock_synchro/clocksynchro_4clocks.worst_case_skew.induct.smt2,17.198,0,640,成功
/pub/data/jiafq/iscas/Parser_Comparison/../benchmarks/part52/non-incremental/QF_LRA/clock_synchro/clocksynchro_5clocks.main_invar.base.smt2,41.7161,0,1594,成功
/pub/data/jiafq/iscas/Parser_Comparison/../benchmarks/part52/non-incremental/QF_LRA/clock_synchro/clocksynchro_5clocks.main_invar.induct.smt2,63.6678,0,2523,成功
/pub/data/jiafq/iscas/Parser_Comparison/../benchmarks/part52/non-incremental/QF_LRA/clock_synchro/clocksynchro_5clocks.worst_case_skew.base.smt2,3.74262,0,110,成功
/pub/data/jiafq/iscas/Parser_Comparison/../benchmarks/part52/non-incremental/QF_LRA/clock_synchro/clocksynchro_5clocks.worst_case_skew.induct.smt2,22.223,0,808,成功
/pub/data/jiafq/iscas/Parser_Comparison/../benchmarks/part52/non-incremental/QF_LRA/clock_synchro/clocksynchro_6clocks.main_invar.base.smt2,52.0561,0,1986,成功
/pub/data/jiafq/iscas/Parser_Comparison/../benchmarks/part52/non-incremental/QF_LRA/clock_synchro/clocksynchro_6clocks.main_invar.induct.smt2,78.6775,0,3168,成功
/pub/data/jiafq/iscas/Parser_Comparison/../benchmarks/part52/non-incremental/QF_LRA/clock_synchro/clocksynchro_6clocks.worst_case_skew.base.smt2,4.09377,0,126,成功
/pub/data/jiafq/iscas/Parser_Comparison/../benchmarks/part52/non-incremental/QF_LRA/clock_synchro/clocksynchro_6clocks.worst_case_skew.induct.smt2,25.8072,0,988,成功
/pub/data/jiafq/iscas/Parser_Comparison/../benchmarks/part52/non-incremental/QF_LRA/clock_synchro/clocksynchro_7clocks.main_invar.base.smt2,59.9965,0,2414,成功
/pub/data/jiafq/iscas/Parser_Comparison/../benchmarks/part52/non-incremental/QF_LRA/clock_synchro/clocksynchro_7clocks.main_invar.induct.smt2,96.8142,0,3867,成功
/pub/data/jiafq/iscas/Parser_Comparison/../benchmarks/part52/non-incremental/QF_LRA/clock_synchro/clocksynchro_7clocks.worst_case_skew.base.smt2,5.52343,0,144,成功
/pub/data/jiafq/iscas/Parser_Comparison/../benchmarks/part52/non-incremental/QF_LRA/clock_synchro/clocksynchro_7clocks.worst_case_skew.induct.smt2,38.1957,0,1180,成功
/pub/data/jiafq/iscas/Parser_Comparison/../benchmarks/part52/non-incremental/QF_LRA/clock_synchro/clocksynchro_8clocks.main_invar.base.smt2,71.5311,0,2878,成功
/pub/data/jiafq/iscas/Parser_Comparison/../benchmarks/part52/non-incremental/QF_LRA/clock_synchro/clocksynchro_8clocks.main_invar.induct.smt2,114.69,0,4620,成功
/pub/data/jiafq/iscas/Parser_Comparison/../benchmarks/part52/non-incremental/QF_LRA/clock_synchro/clocksynchro_8clocks.worst_case_skew.base.smt2,4.86466,0,164,成功
/pub/data/jiafq/iscas/Parser_Comparison/../benchmarks/part52/non-incremental/QF_LRA/clock_synchro/clocksynchro_8clocks.worst_case_skew.induct.smt2,36.1377,0,1384,成功
/pub/data/jiafq/iscas/Parser_Comparison/../benchmarks/part52/non-incremental/QF_LRA/clock_synchro/clocksynchro_9clocks.main_invar.base.smt2,84.4828,0,3378,成功
/pub/data/jiafq/iscas/Parser_Comparison/../benchmarks/part52/non-incremental/QF_LRA/clock_synchro/clocksynchro_9clocks.main_invar.induct.smt2,133.132,0,5427,成功
/pub/data/jiafq/iscas/Parser_Comparison/../benchmarks/part52/non-incremental/QF_LRA/clock_synchro/clocksynchro_9clocks.worst_case_skew.base.smt2,5.60313,0,186,成功
/pub/data/jiafq/iscas/Parser_Comparison/../benchmarks/part52/non-incremental/QF_LRA/clock_synchro/clocksynchro_9clocks.worst_case_skew.induct.smt2,39.9255,0,1600,成功
/pub/data/jiafq/iscas/Parser_Comparison/../benchmarks/part52/non-incremental/QF_LRA/keymaera/bouncing-ball-inv-node1886.smt2,2.33477,0,21,成功
/pub/data/jiafq/iscas/Parser_Comparison/../benchmarks/part52/non-incremental/QF_LRA/keymaera/bouncing-ball-inv-node1935.smt2,2.64347,0,21,成功
/pub/data/jiafq/iscas/Parser_Comparison/../benchmarks/part52/non-incremental/QF_LRA/keymaera/bouncing-ball-simple-node1628.smt2,1.54057,0,10,成功
/pub/data/jiafq/iscas/Parser_Comparison/../benchmarks/part52/non-incremental/QF_LRA/keymaera/bouncing-ball-simple-node1629.smt2,1.49053,0,10,成功
/pub/data/jiafq/iscas/Parser_Comparison/../benchmarks/part52/non-incremental/QF_LRA/keymaera/division_dijkstra-node701.smt2,1.23795,0,2,成功
/pub/data/jiafq/iscas/Parser_Comparison/../benchmarks/part52/non-incremental/QF_LRA/keymaera/integer_cubic_root_knuth-node1362.smt2,1.45908,0,11,成功
/pub/data/jiafq/iscas/Parser_Comparison/../benchmarks/part52/non-incremental/QF_LRA/keymaera/intersection-example-onelane.proof-node846.smt2,1.86665,0,38,成功
/pub/data/jiafq/iscas/Parser_Comparison/../benchmarks/part52/non-incremental/QF_LRA/keymaera/intersection-example-simple.proof-node606.smt2,1.90417,0,41,成功
/pub/data/jiafq/iscas/Parser_Comparison/../benchmarks/part52/non-incremental/QF_LRA/keymaera/intersection-example-simple.proof-node634.smt2,1.93619,0,46,成功
/pub/data/jiafq/iscas/Parser_Comparison/../benchmarks/part52/non-incremental/QF_LRA/keymaera/simple_example_1-node2318.smt2,1.56411,0,19,成功
/pub/data/jiafq/iscas/Parser_Comparison/../benchmarks/part52/non-incremental/QF_LRA/keymaera/simple_example_2-node2074.smt2,1.75286,0,26,成功
/pub/data/jiafq/iscas/Parser_Comparison/../benchmarks/part52/non-incremental/QF_LRA/keymaera/simple_example_2-node2406.smt2,1.79731,0,25,成功
/pub/data/jiafq/iscas/Parser_Comparison/../benchmarks/part52/non-incremental/QF_LRA/keymaera/square_root_zuse-node902.smt2,1.39461,0,5,成功
/pub/data/jiafq/iscas/Parser_Comparison/../benchmarks/part52/non-incremental/QF_LRA/keymaera/water_tank-node15243.smt2,1.70859,0,25,成功
/pub/data/jiafq/iscas/Parser_Comparison/../benchmarks/part52/non-incremental/QF_LRA/keymaera/water_tank-node17126.smt2,1.69205,0,23,成功
/pub/data/jiafq/iscas/Parser_Comparison/../benchmarks/part52/non-incremental/QF_LRA/keymaera/water_tank-node21443.smt2,1.69058,0,26,成功
/pub/data/jiafq/iscas/Parser_Comparison/../benchmarks/part52/non-incremental/QF_LRA/keymaera/water_tank-node23593.smt2,1.68187,0,25,成功
/pub/data/jiafq/iscas/Parser_Comparison/../benchmarks/part52/non-incremental/QF_LRA/keymaera/water_tank-node28604.smt2,1.6555,0,23,成功
/pub/data/jiafq/iscas/Parser_Comparison/../benchmarks/part52/non-incremental/QF_LRA/keymaera/water_tank-node28718.smt2,1.82292,0,24,成功
/pub/data/jiafq/iscas/Parser_Comparison/../benchmarks/part52/non-incremental/QF_LRA/keymaera/water_tank-node4029.smt2,1.63448,0,21,成功
/pub/data/jiafq/iscas/Parser_Comparison/../benchmarks/part52/non-incremental/QF_LRA/keymaera/water_tank-node5964.smt2,2.95729,0,21,成功
平均值,1146.45,1.12709,20755.1,99.6667%
