文件名,解析时间(ms),内存使用(KB),AST节点数量,结果
/pub/data/jiafq/iscas/Parser_Comparison/../benchmarks/part27/non-incremental/QF_BV/sage/app8/bench_302.smt2,1.59118,0,6,成功
/pub/data/jiafq/iscas/Parser_Comparison/../benchmarks/part27/non-incremental/QF_BV/sage/app8/bench_3022.smt2,12.8529,0,332,成功
/pub/data/jiafq/iscas/Parser_Comparison/../benchmarks/part27/non-incremental/QF_BV/sage/app8/bench_3023.smt2,12.5085,0,328,成功
/pub/data/jiafq/iscas/Parser_Comparison/../benchmarks/part27/non-incremental/QF_BV/sage/app8/bench_3024.smt2,14.611,0,324,成功
/pub/data/jiafq/iscas/Parser_Comparison/../benchmarks/part27/non-incremental/QF_BV/sage/app8/bench_3025.smt2,60.977,0,1390,成功
/pub/data/jiafq/iscas/Parser_Comparison/../benchmarks/part27/non-incremental/QF_BV/sage/app8/bench_3028.smt2,12.4031,0,322,成功
/pub/data/jiafq/iscas/Parser_Comparison/../benchmarks/part27/non-incremental/QF_BV/sage/app8/bench_3029.smt2,12.1168,0,321,成功
/pub/data/jiafq/iscas/Parser_Comparison/../benchmarks/part27/non-incremental/QF_BV/sage/app8/bench_303.smt2,1.97053,0,31,成功
/pub/data/jiafq/iscas/Parser_Comparison/../benchmarks/part27/non-incremental/QF_BV/sage/app8/bench_3030.smt2,14.1484,0,319,成功
/pub/data/jiafq/iscas/Parser_Comparison/../benchmarks/part27/non-incremental/QF_BV/sage/app8/bench_3031.smt2,12.915,0,318,成功
/pub/data/jiafq/iscas/Parser_Comparison/../benchmarks/part27/non-incremental/QF_BV/sage/app8/bench_3032.smt2,11.5156,0,318,成功
/pub/data/jiafq/iscas/Parser_Comparison/../benchmarks/part27/non-incremental/QF_BV/sage/app8/bench_3033.smt2,11.3003,0,299,成功
/pub/data/jiafq/iscas/Parser_Comparison/../benchmarks/part27/non-incremental/QF_BV/sage/app8/bench_3034.smt2,10.5649,0,297,成功
/pub/data/jiafq/iscas/Parser_Comparison/../benchmarks/part27/non-incremental/QF_BV/sage/app8/bench_3035.smt2,10.4371,0,279,成功
/pub/data/jiafq/iscas/Parser_Comparison/../benchmarks/part27/non-incremental/QF_BV/sage/app8/bench_3036.smt2,50.6798,0,1389,成功
/pub/data/jiafq/iscas/Parser_Comparison/../benchmarks/part27/non-incremental/QF_BV/sage/app8/bench_3037.smt2,11.6042,0,275,成功
/pub/data/jiafq/iscas/Parser_Comparison/../benchmarks/part27/non-incremental/QF_BV/sage/app8/bench_3038.smt2,10.5327,0,271,成功
/pub/data/jiafq/iscas/Parser_Comparison/../benchmarks/part27/non-incremental/QF_BV/sage/app8/bench_304.smt2,2.28564,0,32,成功
/pub/data/jiafq/iscas/Parser_Comparison/../benchmarks/part27/non-incremental/QF_BV/sage/app8/bench_3041.smt2,14.2829,0,269,成功
/pub/data/jiafq/iscas/Parser_Comparison/../benchmarks/part27/non-incremental/QF_BV/sage/app8/bench_3042.smt2,12.94,0,268,成功
/pub/data/jiafq/iscas/Parser_Comparison/../benchmarks/part27/non-incremental/QF_BV/sage/app8/bench_3047.smt2,53.1537,0,1387,成功
/pub/data/jiafq/iscas/Parser_Comparison/../benchmarks/part27/non-incremental/QF_BV/sage/app8/bench_3049.smt2,9.58551,0,247,成功
/pub/data/jiafq/iscas/Parser_Comparison/../benchmarks/part27/non-incremental/QF_BV/sage/app8/bench_305.smt2,1.68938,0,25,成功
/pub/data/jiafq/iscas/Parser_Comparison/../benchmarks/part27/non-incremental/QF_BV/sage/app8/bench_3050.smt2,8.98577,0,243,成功
/pub/data/jiafq/iscas/Parser_Comparison/../benchmarks/part27/non-incremental/QF_BV/sage/app8/bench_3051.smt2,8.95519,0,240,成功
/pub/data/jiafq/iscas/Parser_Comparison/../benchmarks/part27/non-incremental/QF_BV/sage/app8/bench_3054.smt2,8.71769,0,239,成功
/pub/data/jiafq/iscas/Parser_Comparison/../benchmarks/part27/non-incremental/QF_BV/sage/app8/bench_3055.smt2,10.8775,0,238,成功
/pub/data/jiafq/iscas/Parser_Comparison/../benchmarks/part27/non-incremental/QF_BV/sage/app8/bench_3058.smt2,5.0557,0,145,成功
/pub/data/jiafq/iscas/Parser_Comparison/../benchmarks/part27/non-incremental/QF_BV/sage/app8/bench_306.smt2,1.95502,220,25,成功
/pub/data/jiafq/iscas/Parser_Comparison/../benchmarks/part27/non-incremental/QF_BV/sage/app8/bench_3061.smt2,8.41474,0,216,成功
/pub/data/jiafq/iscas/Parser_Comparison/../benchmarks/part27/non-incremental/QF_BV/sage/app8/bench_3062.smt2,12.0384,0,212,成功
/pub/data/jiafq/iscas/Parser_Comparison/../benchmarks/part27/non-incremental/QF_BV/sage/app8/bench_3063.smt2,14.0836,0,208,成功
/pub/data/jiafq/iscas/Parser_Comparison/../benchmarks/part27/non-incremental/QF_BV/sage/app8/bench_3066.smt2,10.451,0,206,成功
/pub/data/jiafq/iscas/Parser_Comparison/../benchmarks/part27/non-incremental/QF_BV/sage/app8/bench_3067.smt2,7.56495,0,205,成功
/pub/data/jiafq/iscas/Parser_Comparison/../benchmarks/part27/non-incremental/QF_BV/sage/app8/bench_3068.smt2,5.80995,0,145,成功
/pub/data/jiafq/iscas/Parser_Comparison/../benchmarks/part27/non-incremental/QF_BV/sage/app8/bench_3069.smt2,5.76024,0,143,成功
/pub/data/jiafq/iscas/Parser_Comparison/../benchmarks/part27/non-incremental/QF_BV/sage/app8/bench_307.smt2,1.8287,0,25,成功
/pub/data/jiafq/iscas/Parser_Comparison/../benchmarks/part27/non-incremental/QF_BV/sage/app8/bench_3070.smt2,6.07573,0,144,成功
/pub/data/jiafq/iscas/Parser_Comparison/../benchmarks/part27/non-incremental/QF_BV/sage/app8/bench_3071.smt2,5.72559,0,139,成功
/pub/data/jiafq/iscas/Parser_Comparison/../benchmarks/part27/non-incremental/QF_BV/sage/app8/bench_3072.smt2,5.52762,0,133,成功
/pub/data/jiafq/iscas/Parser_Comparison/../benchmarks/part27/non-incremental/QF_BV/sage/app8/bench_3074.smt2,5.56541,0,126,成功
/pub/data/jiafq/iscas/Parser_Comparison/../benchmarks/part27/non-incremental/QF_BV/sage/app8/bench_3075.smt2,5.67915,0,125,成功
/pub/data/jiafq/iscas/Parser_Comparison/../benchmarks/part27/non-incremental/QF_BV/sage/app8/bench_3076.smt2,6.97283,0,122,成功
/pub/data/jiafq/iscas/Parser_Comparison/../benchmarks/part27/non-incremental/QF_BV/sage/app8/bench_3077.smt2,6.0593,0,120,成功
/pub/data/jiafq/iscas/Parser_Comparison/../benchmarks/part27/non-incremental/QF_BV/sage/app8/bench_3078.smt2,5.12067,0,116,成功
/pub/data/jiafq/iscas/Parser_Comparison/../benchmarks/part27/non-incremental/QF_BV/sage/app8/bench_308.smt2,1.9044,0,25,成功
/pub/data/jiafq/iscas/Parser_Comparison/../benchmarks/part27/non-incremental/QF_BV/sage/app8/bench_3080.smt2,4.42024,0,133,成功
/pub/data/jiafq/iscas/Parser_Comparison/../benchmarks/part27/non-incremental/QF_BV/sage/app8/bench_3081.smt2,8.56103,0,115,成功
/pub/data/jiafq/iscas/Parser_Comparison/../benchmarks/part27/non-incremental/QF_BV/sage/app8/bench_3082.smt2,4.91371,0,114,成功
/pub/data/jiafq/iscas/Parser_Comparison/../benchmarks/part27/non-incremental/QF_BV/sage/app8/bench_3083.smt2,4.68326,0,111,成功
/pub/data/jiafq/iscas/Parser_Comparison/../benchmarks/part27/non-incremental/QF_BV/sage/app8/bench_3084.smt2,9.85244,0,109,成功
/pub/data/jiafq/iscas/Parser_Comparison/../benchmarks/part27/non-incremental/QF_BV/sage/app8/bench_3085.smt2,4.50304,0,105,成功
/pub/data/jiafq/iscas/Parser_Comparison/../benchmarks/part27/non-incremental/QF_BV/sage/app8/bench_3087.smt2,4.55661,0,104,成功
/pub/data/jiafq/iscas/Parser_Comparison/../benchmarks/part27/non-incremental/QF_BV/sage/app8/bench_3088.smt2,5.85171,0,103,成功
/pub/data/jiafq/iscas/Parser_Comparison/../benchmarks/part27/non-incremental/QF_BV/sage/app8/bench_3089.smt2,5.72518,0,101,成功
/pub/data/jiafq/iscas/Parser_Comparison/../benchmarks/part27/non-incremental/QF_BV/sage/app8/bench_309.smt2,29.614,0,749,成功
/pub/data/jiafq/iscas/Parser_Comparison/../benchmarks/part27/non-incremental/QF_BV/sage/app8/bench_3090.smt2,4.30851,0,98,成功
/pub/data/jiafq/iscas/Parser_Comparison/../benchmarks/part27/non-incremental/QF_BV/sage/app8/bench_3091.smt2,4.65784,0,129,成功
/pub/data/jiafq/iscas/Parser_Comparison/../benchmarks/part27/non-incremental/QF_BV/sage/app8/bench_3092.smt2,4.10012,0,94,成功
/pub/data/jiafq/iscas/Parser_Comparison/../benchmarks/part27/non-incremental/QF_BV/sage/app8/bench_31.smt2,10.2186,0,227,成功
/pub/data/jiafq/iscas/Parser_Comparison/../benchmarks/part27/non-incremental/QF_BV/sage/app8/bench_310.smt2,88.0939,0,2161,成功
/pub/data/jiafq/iscas/Parser_Comparison/../benchmarks/part27/non-incremental/QF_BV/sage/app8/bench_3102.smt2,5.87792,0,117,成功
/pub/data/jiafq/iscas/Parser_Comparison/../benchmarks/part27/non-incremental/QF_BV/sage/app8/bench_3105.smt2,3.99514,0,94,成功
/pub/data/jiafq/iscas/Parser_Comparison/../benchmarks/part27/non-incremental/QF_BV/sage/app8/bench_3106.smt2,4.16697,0,93,成功
/pub/data/jiafq/iscas/Parser_Comparison/../benchmarks/part27/non-incremental/QF_BV/sage/app8/bench_3107.smt2,6.44498,232,91,成功
/pub/data/jiafq/iscas/Parser_Comparison/../benchmarks/part27/non-incremental/QF_BV/sage/app8/bench_3108.smt2,3.99199,0,90,成功
/pub/data/jiafq/iscas/Parser_Comparison/../benchmarks/part27/non-incremental/QF_BV/sage/app8/bench_3109.smt2,7.52426,0,86,成功
/pub/data/jiafq/iscas/Parser_Comparison/../benchmarks/part27/non-incremental/QF_BV/sage/app8/bench_311.smt2,89.6564,0,2160,成功
/pub/data/jiafq/iscas/Parser_Comparison/../benchmarks/part27/non-incremental/QF_BV/sage/app8/bench_3113.smt2,17.2667,0,325,成功
/pub/data/jiafq/iscas/Parser_Comparison/../benchmarks/part27/non-incremental/QF_BV/sage/app8/bench_3114.smt2,3.99956,0,113,成功
/pub/data/jiafq/iscas/Parser_Comparison/../benchmarks/part27/non-incremental/QF_BV/sage/app8/bench_312.smt2,93.2505,0,2159,成功
/pub/data/jiafq/iscas/Parser_Comparison/../benchmarks/part27/non-incremental/QF_BV/sage/app8/bench_3123.smt2,4.44435,0,85,成功
/pub/data/jiafq/iscas/Parser_Comparison/../benchmarks/part27/non-incremental/QF_BV/sage/app8/bench_3124.smt2,3.6187,0,84,成功
/pub/data/jiafq/iscas/Parser_Comparison/../benchmarks/part27/non-incremental/QF_BV/sage/app8/bench_3125.smt2,3.6004,0,101,成功
/pub/data/jiafq/iscas/Parser_Comparison/../benchmarks/part27/non-incremental/QF_BV/sage/app8/bench_3126.smt2,6.78623,0,80,成功
/pub/data/jiafq/iscas/Parser_Comparison/../benchmarks/part27/non-incremental/QF_BV/sage/app8/bench_3127.smt2,3.41008,0,75,成功
/pub/data/jiafq/iscas/Parser_Comparison/../benchmarks/part27/non-incremental/QF_BV/sage/app8/bench_3128.smt2,3.32819,0,73,成功
/pub/data/jiafq/iscas/Parser_Comparison/../benchmarks/part27/non-incremental/QF_BV/sage/app8/bench_3129.smt2,3.08751,0,71,成功
/pub/data/jiafq/iscas/Parser_Comparison/../benchmarks/part27/non-incremental/QF_BV/sage/app8/bench_313.smt2,89.3166,0,2157,成功
/pub/data/jiafq/iscas/Parser_Comparison/../benchmarks/part27/non-incremental/QF_BV/sage/app8/bench_3130.smt2,5.15847,0,69,成功
/pub/data/jiafq/iscas/Parser_Comparison/../benchmarks/part27/non-incremental/QF_BV/sage/app8/bench_3131.smt2,2.84647,0,65,成功
/pub/data/jiafq/iscas/Parser_Comparison/../benchmarks/part27/non-incremental/QF_BV/sage/app8/bench_3132.smt2,3.96265,0,63,成功
/pub/data/jiafq/iscas/Parser_Comparison/../benchmarks/part27/non-incremental/QF_BV/sage/app8/bench_3133.smt2,2.90024,0,60,成功
/pub/data/jiafq/iscas/Parser_Comparison/../benchmarks/part27/non-incremental/QF_BV/sage/app8/bench_3134.smt2,2.6463,0,57,成功
/pub/data/jiafq/iscas/Parser_Comparison/../benchmarks/part27/non-incremental/QF_BV/sage/app8/bench_3135.smt2,2.5732,0,53,成功
/pub/data/jiafq/iscas/Parser_Comparison/../benchmarks/part27/non-incremental/QF_BV/sage/app8/bench_3136.smt2,79.1378,0,1883,成功
/pub/data/jiafq/iscas/Parser_Comparison/../benchmarks/part27/non-incremental/QF_BV/sage/app8/bench_3137.smt2,2.74345,0,43,成功
/pub/data/jiafq/iscas/Parser_Comparison/../benchmarks/part27/non-incremental/QF_BV/sage/app8/bench_3138.smt2,2.06897,220,32,成功
/pub/data/jiafq/iscas/Parser_Comparison/../benchmarks/part27/non-incremental/QF_BV/sage/app8/bench_3139.smt2,2.18523,228,20,成功
/pub/data/jiafq/iscas/Parser_Comparison/../benchmarks/part27/non-incremental/QF_BV/sage/app8/bench_314.smt2,4.70809,0,134,成功
/pub/data/jiafq/iscas/Parser_Comparison/../benchmarks/part27/non-incremental/QF_BV/sage/app8/bench_3140.smt2,3.17111,0,61,成功
/pub/data/jiafq/iscas/Parser_Comparison/../benchmarks/part27/non-incremental/QF_BV/sage/app8/bench_3141.smt2,1.90595,0,24,成功
/pub/data/jiafq/iscas/Parser_Comparison/../benchmarks/part27/non-incremental/QF_BV/sage/app8/bench_3142.smt2,2.60418,0,23,成功
/pub/data/jiafq/iscas/Parser_Comparison/../benchmarks/part27/non-incremental/QF_BV/sage/app8/bench_3143.smt2,2.63409,0,42,成功
/pub/data/jiafq/iscas/Parser_Comparison/../benchmarks/part27/non-incremental/QF_BV/sage/app8/bench_3144.smt2,1.78581,0,21,成功
/pub/data/jiafq/iscas/Parser_Comparison/../benchmarks/part27/non-incremental/QF_BV/sage/app8/bench_3145.smt2,1.72308,0,21,成功
/pub/data/jiafq/iscas/Parser_Comparison/../benchmarks/part27/non-incremental/QF_BV/sage/app8/bench_3146.smt2,2.92517,0,40,成功
/pub/data/jiafq/iscas/Parser_Comparison/../benchmarks/part27/non-incremental/QF_BV/sage/app8/bench_3147.smt2,77.0904,0,1869,成功
/pub/data/jiafq/iscas/Parser_Comparison/../benchmarks/part27/non-incremental/QF_BV/sage/app8/bench_3148.smt2,3.94248,0,39,成功
/pub/data/jiafq/iscas/Parser_Comparison/../benchmarks/part27/non-incremental/QF_BV/sage/app8/bench_3149.smt2,1.86229,0,24,成功
/pub/data/jiafq/iscas/Parser_Comparison/../benchmarks/part27/non-incremental/QF_BV/sage/app8/bench_315.smt2,92.5443,0,2156,成功
/pub/data/jiafq/iscas/Parser_Comparison/../benchmarks/part27/non-incremental/QF_BV/sage/app8/bench_3150.smt2,2.24259,0,37,成功
/pub/data/jiafq/iscas/Parser_Comparison/../benchmarks/part27/non-incremental/QF_BV/sage/app8/bench_3151.smt2,2.40884,224,36,成功
/pub/data/jiafq/iscas/Parser_Comparison/../benchmarks/part27/non-incremental/QF_BV/sage/app8/bench_3152.smt2,2.95373,0,34,成功
/pub/data/jiafq/iscas/Parser_Comparison/../benchmarks/part27/non-incremental/QF_BV/sage/app8/bench_3153.smt2,1.98108,0,30,成功
/pub/data/jiafq/iscas/Parser_Comparison/../benchmarks/part27/non-incremental/QF_BV/sage/app8/bench_3154.smt2,2.04812,0,27,成功
/pub/data/jiafq/iscas/Parser_Comparison/../benchmarks/part27/non-incremental/QF_BV/sage/app8/bench_3155.smt2,1.79822,0,25,成功
/pub/data/jiafq/iscas/Parser_Comparison/../benchmarks/part27/non-incremental/QF_BV/sage/app8/bench_3156.smt2,1.82038,0,23,成功
/pub/data/jiafq/iscas/Parser_Comparison/../benchmarks/part27/non-incremental/QF_BV/sage/app8/bench_3157.smt2,2.19738,0,21,成功
/pub/data/jiafq/iscas/Parser_Comparison/../benchmarks/part27/non-incremental/QF_BV/sage/app8/bench_3158.smt2,1.51864,0,11,成功
/pub/data/jiafq/iscas/Parser_Comparison/../benchmarks/part27/non-incremental/QF_BV/sage/app8/bench_3159.smt2,2.31242,0,22,成功
/pub/data/jiafq/iscas/Parser_Comparison/../benchmarks/part27/non-incremental/QF_BV/sage/app8/bench_316.smt2,92.7558,0,2155,成功
/pub/data/jiafq/iscas/Parser_Comparison/../benchmarks/part27/non-incremental/QF_BV/sage/app8/bench_3160.smt2,2.28989,0,21,成功
/pub/data/jiafq/iscas/Parser_Comparison/../benchmarks/part27/non-incremental/QF_BV/sage/app8/bench_3163.smt2,53.7963,0,1382,成功
/pub/data/jiafq/iscas/Parser_Comparison/../benchmarks/part27/non-incremental/QF_BV/sage/app8/bench_3164.smt2,56.4672,0,1381,成功
/pub/data/jiafq/iscas/Parser_Comparison/../benchmarks/part27/non-incremental/QF_BV/sage/app8/bench_3165.smt2,52.7314,0,1379,成功
/pub/data/jiafq/iscas/Parser_Comparison/../benchmarks/part27/non-incremental/QF_BV/sage/app8/bench_3166.smt2,13.8603,0,322,成功
/pub/data/jiafq/iscas/Parser_Comparison/../benchmarks/part27/non-incremental/QF_BV/sage/app8/bench_3167.smt2,77.1603,0,1861,成功
/pub/data/jiafq/iscas/Parser_Comparison/../benchmarks/part27/non-incremental/QF_BV/sage/app8/bench_3168.smt2,78.4074,0,1845,成功
/pub/data/jiafq/iscas/Parser_Comparison/../benchmarks/part27/non-incremental/QF_BV/sage/app8/bench_3169.smt2,77.0624,0,1844,成功
/pub/data/jiafq/iscas/Parser_Comparison/../benchmarks/part27/non-incremental/QF_BV/sage/app8/bench_317.smt2,86.6074,0,2153,成功
/pub/data/jiafq/iscas/Parser_Comparison/../benchmarks/part27/non-incremental/QF_BV/sage/app8/bench_3170.smt2,82.6699,0,1842,成功
/pub/data/jiafq/iscas/Parser_Comparison/../benchmarks/part27/non-incremental/QF_BV/sage/app8/bench_3171.smt2,76.183,0,1838,成功
/pub/data/jiafq/iscas/Parser_Comparison/../benchmarks/part27/non-incremental/QF_BV/sage/app8/bench_3172.smt2,5.06089,0,108,成功
/pub/data/jiafq/iscas/Parser_Comparison/../benchmarks/part27/non-incremental/QF_BV/sage/app8/bench_3173.smt2,3.8706,0,106,成功
/pub/data/jiafq/iscas/Parser_Comparison/../benchmarks/part27/non-incremental/QF_BV/sage/app8/bench_3174.smt2,125.778,0,2655,成功
/pub/data/jiafq/iscas/Parser_Comparison/../benchmarks/part27/non-incremental/QF_BV/sage/app8/bench_3175.smt2,122.399,220,2653,成功
/pub/data/jiafq/iscas/Parser_Comparison/../benchmarks/part27/non-incremental/QF_BV/sage/app8/bench_3176.smt2,122.41,0,2650,成功
/pub/data/jiafq/iscas/Parser_Comparison/../benchmarks/part27/non-incremental/QF_BV/sage/app8/bench_3177.smt2,7.8843,0,246,成功
/pub/data/jiafq/iscas/Parser_Comparison/../benchmarks/part27/non-incremental/QF_BV/sage/app8/bench_3178.smt2,11.9298,0,311,成功
/pub/data/jiafq/iscas/Parser_Comparison/../benchmarks/part27/non-incremental/QF_BV/sage/app8/bench_3179.smt2,122.876,0,2647,成功
/pub/data/jiafq/iscas/Parser_Comparison/../benchmarks/part27/non-incremental/QF_BV/sage/app8/bench_318.smt2,98.7226,0,2152,成功
/pub/data/jiafq/iscas/Parser_Comparison/../benchmarks/part27/non-incremental/QF_BV/sage/app8/bench_3180.smt2,116.779,0,2647,成功
/pub/data/jiafq/iscas/Parser_Comparison/../benchmarks/part27/non-incremental/QF_BV/sage/app8/bench_3181.smt2,121.392,0,2645,成功
/pub/data/jiafq/iscas/Parser_Comparison/../benchmarks/part27/non-incremental/QF_BV/sage/app8/bench_3182.smt2,116.957,0,2643,成功
/pub/data/jiafq/iscas/Parser_Comparison/../benchmarks/part27/non-incremental/QF_BV/sage/app8/bench_3183.smt2,120.977,0,2640,成功
/pub/data/jiafq/iscas/Parser_Comparison/../benchmarks/part27/non-incremental/QF_BV/sage/app8/bench_3184.smt2,119.663,220,2636,成功
/pub/data/jiafq/iscas/Parser_Comparison/../benchmarks/part27/non-incremental/QF_BV/sage/app8/bench_3185.smt2,122.994,0,2635,成功
/pub/data/jiafq/iscas/Parser_Comparison/../benchmarks/part27/non-incremental/QF_BV/sage/app8/bench_3186.smt2,117.032,220,2633,成功
/pub/data/jiafq/iscas/Parser_Comparison/../benchmarks/part27/non-incremental/QF_BV/sage/app8/bench_3187.smt2,120.879,0,2632,成功
/pub/data/jiafq/iscas/Parser_Comparison/../benchmarks/part27/non-incremental/QF_BV/sage/app8/bench_3188.smt2,120.883,0,2630,成功
/pub/data/jiafq/iscas/Parser_Comparison/../benchmarks/part27/non-incremental/QF_BV/sage/app8/bench_3189.smt2,12.4422,0,309,成功
/pub/data/jiafq/iscas/Parser_Comparison/../benchmarks/part27/non-incremental/QF_BV/sage/app8/bench_319.smt2,93.9394,0,2151,成功
/pub/data/jiafq/iscas/Parser_Comparison/../benchmarks/part27/non-incremental/QF_BV/sage/app8/bench_3190.smt2,119.823,0,2628,成功
/pub/data/jiafq/iscas/Parser_Comparison/../benchmarks/part27/non-incremental/QF_BV/sage/app8/bench_3191.smt2,121.863,0,2626,成功
/pub/data/jiafq/iscas/Parser_Comparison/../benchmarks/part27/non-incremental/QF_BV/sage/app8/bench_3192.smt2,122.212,228,2623,成功
/pub/data/jiafq/iscas/Parser_Comparison/../benchmarks/part27/non-incremental/QF_BV/sage/app8/bench_3193.smt2,115.232,0,2618,成功
/pub/data/jiafq/iscas/Parser_Comparison/../benchmarks/part27/non-incremental/QF_BV/sage/app8/bench_3194.smt2,123.309,0,2614,成功
/pub/data/jiafq/iscas/Parser_Comparison/../benchmarks/part27/non-incremental/QF_BV/sage/app8/bench_3195.smt2,126.752,0,2612,成功
/pub/data/jiafq/iscas/Parser_Comparison/../benchmarks/part27/non-incremental/QF_BV/sage/app8/bench_3196.smt2,122.653,0,2610,成功
/pub/data/jiafq/iscas/Parser_Comparison/../benchmarks/part27/non-incremental/QF_BV/sage/app8/bench_3197.smt2,128.186,0,2608,成功
/pub/data/jiafq/iscas/Parser_Comparison/../benchmarks/part27/non-incremental/QF_BV/sage/app8/bench_3198.smt2,125.769,0,2606,成功
/pub/data/jiafq/iscas/Parser_Comparison/../benchmarks/part27/non-incremental/QF_BV/sage/app8/bench_3199.smt2,121.553,0,2604,成功
/pub/data/jiafq/iscas/Parser_Comparison/../benchmarks/part27/non-incremental/QF_BV/sage/app8/bench_32.smt2,33.8413,220,911,成功
/pub/data/jiafq/iscas/Parser_Comparison/../benchmarks/part27/non-incremental/QF_BV/sage/app8/bench_320.smt2,89.9864,0,2149,成功
/pub/data/jiafq/iscas/Parser_Comparison/../benchmarks/part27/non-incremental/QF_BV/sage/app8/bench_3200.smt2,10.9211,0,307,成功
/pub/data/jiafq/iscas/Parser_Comparison/../benchmarks/part27/non-incremental/QF_BV/sage/app8/bench_3201.smt2,121.846,0,2602,成功
/pub/data/jiafq/iscas/Parser_Comparison/../benchmarks/part27/non-incremental/QF_BV/sage/app8/bench_3202.smt2,115.894,0,2599,成功
/pub/data/jiafq/iscas/Parser_Comparison/../benchmarks/part27/non-incremental/QF_BV/sage/app8/bench_3203.smt2,124.765,0,2595,成功
/pub/data/jiafq/iscas/Parser_Comparison/../benchmarks/part27/non-incremental/QF_BV/sage/app8/bench_3204.smt2,2.44648,0,11,成功
/pub/data/jiafq/iscas/Parser_Comparison/../benchmarks/part27/non-incremental/QF_BV/sage/app8/bench_3207.smt2,55.5315,248,1374,成功
/pub/data/jiafq/iscas/Parser_Comparison/../benchmarks/part27/non-incremental/QF_BV/sage/app8/bench_3208.smt2,51.7295,0,1372,成功
/pub/data/jiafq/iscas/Parser_Comparison/../benchmarks/part27/non-incremental/QF_BV/sage/app8/bench_3209.smt2,57.5161,0,1371,成功
/pub/data/jiafq/iscas/Parser_Comparison/../benchmarks/part27/non-incremental/QF_BV/sage/app8/bench_321.smt2,88.8256,228,2148,成功
/pub/data/jiafq/iscas/Parser_Comparison/../benchmarks/part27/non-incremental/QF_BV/sage/app8/bench_3210.smt2,6.14276,0,123,成功
/pub/data/jiafq/iscas/Parser_Comparison/../benchmarks/part27/non-incremental/QF_BV/sage/app8/bench_3211.smt2,9.61175,0,304,成功
/pub/data/jiafq/iscas/Parser_Comparison/../benchmarks/part27/non-incremental/QF_BV/sage/app8/bench_3212.smt2,4.57288,0,122,成功
/pub/data/jiafq/iscas/Parser_Comparison/../benchmarks/part27/non-incremental/QF_BV/sage/app8/bench_3213.smt2,3.89265,0,106,成功
/pub/data/jiafq/iscas/Parser_Comparison/../benchmarks/part27/non-incremental/QF_BV/sage/app8/bench_3214.smt2,7.90557,0,104,成功
/pub/data/jiafq/iscas/Parser_Comparison/../benchmarks/part27/non-incremental/QF_BV/sage/app8/bench_3215.smt2,117.8,0,2596,成功
/pub/data/jiafq/iscas/Parser_Comparison/../benchmarks/part27/non-incremental/QF_BV/sage/app8/bench_3216.smt2,125.11,0,2595,成功
/pub/data/jiafq/iscas/Parser_Comparison/../benchmarks/part27/non-incremental/QF_BV/sage/app8/bench_3217.smt2,122.557,228,2594,成功
/pub/data/jiafq/iscas/Parser_Comparison/../benchmarks/part27/non-incremental/QF_BV/sage/app8/bench_3218.smt2,118.76,0,2592,成功
/pub/data/jiafq/iscas/Parser_Comparison/../benchmarks/part27/non-incremental/QF_BV/sage/app8/bench_3219.smt2,123.686,0,2591,成功
/pub/data/jiafq/iscas/Parser_Comparison/../benchmarks/part27/non-incremental/QF_BV/sage/app8/bench_322.smt2,85.2858,0,2144,成功
/pub/data/jiafq/iscas/Parser_Comparison/../benchmarks/part27/non-incremental/QF_BV/sage/app8/bench_3220.smt2,118.608,0,2590,成功
/pub/data/jiafq/iscas/Parser_Comparison/../benchmarks/part27/non-incremental/QF_BV/sage/app8/bench_3221.smt2,120.56,0,2589,成功
/pub/data/jiafq/iscas/Parser_Comparison/../benchmarks/part27/non-incremental/QF_BV/sage/app8/bench_3222.smt2,11.8251,0,301,成功
/pub/data/jiafq/iscas/Parser_Comparison/../benchmarks/part27/non-incremental/QF_BV/sage/app8/bench_3223.smt2,114.616,224,2588,成功
/pub/data/jiafq/iscas/Parser_Comparison/../benchmarks/part27/non-incremental/QF_BV/sage/app8/bench_3224.smt2,113.963,0,2586,成功
/pub/data/jiafq/iscas/Parser_Comparison/../benchmarks/part27/non-incremental/QF_BV/sage/app8/bench_3225.smt2,1.86677,0,11,成功
/pub/data/jiafq/iscas/Parser_Comparison/../benchmarks/part27/non-incremental/QF_BV/sage/app8/bench_3228.smt2,60.4309,0,1364,成功
/pub/data/jiafq/iscas/Parser_Comparison/../benchmarks/part27/non-incremental/QF_BV/sage/app8/bench_3229.smt2,55.7169,0,1362,成功
/pub/data/jiafq/iscas/Parser_Comparison/../benchmarks/part27/non-incremental/QF_BV/sage/app8/bench_323.smt2,99.8861,0,2140,成功
/pub/data/jiafq/iscas/Parser_Comparison/../benchmarks/part27/non-incremental/QF_BV/sage/app8/bench_3230.smt2,60.4844,0,1361,成功
/pub/data/jiafq/iscas/Parser_Comparison/../benchmarks/part27/non-incremental/QF_BV/sage/app8/bench_3231.smt2,9.63857,0,143,成功
/pub/data/jiafq/iscas/Parser_Comparison/../benchmarks/part27/non-incremental/QF_BV/sage/app8/bench_3232.smt2,6.52506,0,142,成功
/pub/data/jiafq/iscas/Parser_Comparison/../benchmarks/part27/non-incremental/QF_BV/sage/app8/bench_3233.smt2,14.3871,0,298,成功
/pub/data/jiafq/iscas/Parser_Comparison/../benchmarks/part27/non-incremental/QF_BV/sage/app8/bench_3234.smt2,6.73733,0,140,成功
/pub/data/jiafq/iscas/Parser_Comparison/../benchmarks/part27/non-incremental/QF_BV/sage/app8/bench_3235.smt2,4.59295,0,137,成功
/pub/data/jiafq/iscas/Parser_Comparison/../benchmarks/part27/non-incremental/QF_BV/sage/app8/bench_3236.smt2,5.13837,0,126,成功
/pub/data/jiafq/iscas/Parser_Comparison/../benchmarks/part27/non-incremental/QF_BV/sage/app8/bench_3237.smt2,5.74621,0,125,成功
/pub/data/jiafq/iscas/Parser_Comparison/../benchmarks/part27/non-incremental/QF_BV/sage/app8/bench_3238.smt2,5.18952,0,123,成功
/pub/data/jiafq/iscas/Parser_Comparison/../benchmarks/part27/non-incremental/QF_BV/sage/app8/bench_3239.smt2,6.20734,0,120,成功
/pub/data/jiafq/iscas/Parser_Comparison/../benchmarks/part27/non-incremental/QF_BV/sage/app8/bench_324.smt2,87.6907,0,2133,成功
/pub/data/jiafq/iscas/Parser_Comparison/../benchmarks/part27/non-incremental/QF_BV/sage/app8/bench_3240.smt2,2.68517,0,55,成功
/pub/data/jiafq/iscas/Parser_Comparison/../benchmarks/part27/non-incremental/QF_BV/sage/app8/bench_3241.smt2,4.36613,0,49,成功
/pub/data/jiafq/iscas/Parser_Comparison/../benchmarks/part27/non-incremental/QF_BV/sage/app8/bench_3242.smt2,3.67097,0,47,成功
/pub/data/jiafq/iscas/Parser_Comparison/../benchmarks/part27/non-incremental/QF_BV/sage/app8/bench_3243.smt2,51.9968,0,1354,成功
/pub/data/jiafq/iscas/Parser_Comparison/../benchmarks/part27/non-incremental/QF_BV/sage/app8/bench_3244.smt2,8.88376,0,285,成功
/pub/data/jiafq/iscas/Parser_Comparison/../benchmarks/part27/non-incremental/QF_BV/sage/app8/bench_3245.smt2,53.8348,0,1352,成功
/pub/data/jiafq/iscas/Parser_Comparison/../benchmarks/part27/non-incremental/QF_BV/sage/app8/bench_3246.smt2,56.3676,0,1351,成功
/pub/data/jiafq/iscas/Parser_Comparison/../benchmarks/part27/non-incremental/QF_BV/sage/app8/bench_3247.smt2,6.15887,0,180,成功
/pub/data/jiafq/iscas/Parser_Comparison/../benchmarks/part27/non-incremental/QF_BV/sage/app8/bench_3248.smt2,6.06392,0,179,成功
/pub/data/jiafq/iscas/Parser_Comparison/../benchmarks/part27/non-incremental/QF_BV/sage/app8/bench_3249.smt2,7.58449,0,177,成功
/pub/data/jiafq/iscas/Parser_Comparison/../benchmarks/part27/non-incremental/QF_BV/sage/app8/bench_325.smt2,4.78146,0,135,成功
/pub/data/jiafq/iscas/Parser_Comparison/../benchmarks/part27/non-incremental/QF_BV/sage/app8/bench_3250.smt2,5.67754,0,174,成功
/pub/data/jiafq/iscas/Parser_Comparison/../benchmarks/part27/non-incremental/QF_BV/sage/app8/bench_3251.smt2,5.58097,0,163,成功
/pub/data/jiafq/iscas/Parser_Comparison/../benchmarks/part27/non-incremental/QF_BV/sage/app8/bench_3252.smt2,5.37145,220,162,成功
/pub/data/jiafq/iscas/Parser_Comparison/../benchmarks/part27/non-incremental/QF_BV/sage/app8/bench_3253.smt2,5.24665,0,158,成功
/pub/data/jiafq/iscas/Parser_Comparison/../benchmarks/part27/non-incremental/QF_BV/sage/app8/bench_3254.smt2,5.39201,0,148,成功
/pub/data/jiafq/iscas/Parser_Comparison/../benchmarks/part27/non-incremental/QF_BV/sage/app8/bench_3255.smt2,14.1094,0,284,成功
/pub/data/jiafq/iscas/Parser_Comparison/../benchmarks/part27/non-incremental/QF_BV/sage/app8/bench_3256.smt2,5.67819,0,145,成功
/pub/data/jiafq/iscas/Parser_Comparison/../benchmarks/part27/non-incremental/QF_BV/sage/app8/bench_3257.smt2,6.50758,0,137,成功
/pub/data/jiafq/iscas/Parser_Comparison/../benchmarks/part27/non-incremental/QF_BV/sage/app8/bench_3258.smt2,4.85942,0,129,成功
/pub/data/jiafq/iscas/Parser_Comparison/../benchmarks/part27/non-incremental/QF_BV/sage/app8/bench_3259.smt2,9.37746,0,120,成功
/pub/data/jiafq/iscas/Parser_Comparison/../benchmarks/part27/non-incremental/QF_BV/sage/app8/bench_326.smt2,88.5502,0,2134,成功
/pub/data/jiafq/iscas/Parser_Comparison/../benchmarks/part27/non-incremental/QF_BV/sage/app8/bench_3260.smt2,4.29867,0,118,成功
/pub/data/jiafq/iscas/Parser_Comparison/../benchmarks/part27/non-incremental/QF_BV/sage/app8/bench_3261.smt2,5.62684,0,77,成功
/pub/data/jiafq/iscas/Parser_Comparison/../benchmarks/part27/non-incremental/QF_BV/sage/app8/bench_3262.smt2,6.27779,0,189,成功
/pub/data/jiafq/iscas/Parser_Comparison/../benchmarks/part27/non-incremental/QF_BV/sage/app8/bench_3263.smt2,10.2838,0,187,成功
/pub/data/jiafq/iscas/Parser_Comparison/../benchmarks/part27/non-incremental/QF_BV/sage/app8/bench_3264.smt2,6.63627,236,183,成功
/pub/data/jiafq/iscas/Parser_Comparison/../benchmarks/part27/non-incremental/QF_BV/sage/app8/bench_3265.smt2,6.09926,0,176,成功
/pub/data/jiafq/iscas/Parser_Comparison/../benchmarks/part27/non-incremental/QF_BV/sage/app8/bench_3266.smt2,14.8487,0,282,成功
/pub/data/jiafq/iscas/Parser_Comparison/../benchmarks/part27/non-incremental/QF_BV/sage/app8/bench_3267.smt2,115.695,228,2584,成功
/pub/data/jiafq/iscas/Parser_Comparison/../benchmarks/part27/non-incremental/QF_BV/sage/app8/bench_3268.smt2,113.502,0,2582,成功
/pub/data/jiafq/iscas/Parser_Comparison/../benchmarks/part27/non-incremental/QF_BV/sage/app8/bench_3269.smt2,116.369,0,2581,成功
/pub/data/jiafq/iscas/Parser_Comparison/../benchmarks/part27/non-incremental/QF_BV/sage/app8/bench_327.smt2,86.7123,0,2135,成功
/pub/data/jiafq/iscas/Parser_Comparison/../benchmarks/part27/non-incremental/QF_BV/sage/app8/bench_3270.smt2,116.567,0,2579,成功
/pub/data/jiafq/iscas/Parser_Comparison/../benchmarks/part27/non-incremental/QF_BV/sage/app8/bench_3271.smt2,114.881,0,2578,成功
/pub/data/jiafq/iscas/Parser_Comparison/../benchmarks/part27/non-incremental/QF_BV/sage/app8/bench_3272.smt2,116.044,0,2576,成功
/pub/data/jiafq/iscas/Parser_Comparison/../benchmarks/part27/non-incremental/QF_BV/sage/app8/bench_3273.smt2,120.498,0,2574,成功
/pub/data/jiafq/iscas/Parser_Comparison/../benchmarks/part27/non-incremental/QF_BV/sage/app8/bench_3274.smt2,117.599,0,2573,成功
/pub/data/jiafq/iscas/Parser_Comparison/../benchmarks/part27/non-incremental/QF_BV/sage/app8/bench_3275.smt2,120.408,0,2571,成功
/pub/data/jiafq/iscas/Parser_Comparison/../benchmarks/part27/non-incremental/QF_BV/sage/app8/bench_3276.smt2,113.462,0,2569,成功
/pub/data/jiafq/iscas/Parser_Comparison/../benchmarks/part27/non-incremental/QF_BV/sage/app8/bench_3277.smt2,9.04575,0,280,成功
/pub/data/jiafq/iscas/Parser_Comparison/../benchmarks/part27/non-incremental/QF_BV/sage/app8/bench_3278.smt2,111.074,0,2567,成功
/pub/data/jiafq/iscas/Parser_Comparison/../benchmarks/part27/non-incremental/QF_BV/sage/app8/bench_3279.smt2,111.985,0,2564,成功
/pub/data/jiafq/iscas/Parser_Comparison/../benchmarks/part27/non-incremental/QF_BV/sage/app8/bench_328.smt2,89.134,0,2129,成功
/pub/data/jiafq/iscas/Parser_Comparison/../benchmarks/part27/non-incremental/QF_BV/sage/app8/bench_3280.smt2,113.368,0,2561,成功
/pub/data/jiafq/iscas/Parser_Comparison/../benchmarks/part27/non-incremental/QF_BV/sage/app8/bench_3281.smt2,112.71,0,2560,成功
/pub/data/jiafq/iscas/Parser_Comparison/../benchmarks/part27/non-incremental/QF_BV/sage/app8/bench_3282.smt2,118.425,224,2558,成功
/pub/data/jiafq/iscas/Parser_Comparison/../benchmarks/part27/non-incremental/QF_BV/sage/app8/bench_3283.smt2,114.584,0,2557,成功
/pub/data/jiafq/iscas/Parser_Comparison/../benchmarks/part27/non-incremental/QF_BV/sage/app8/bench_3284.smt2,117.259,0,2555,成功
/pub/data/jiafq/iscas/Parser_Comparison/../benchmarks/part27/non-incremental/QF_BV/sage/app8/bench_3285.smt2,114.005,0,2554,成功
/pub/data/jiafq/iscas/Parser_Comparison/../benchmarks/part27/non-incremental/QF_BV/sage/app8/bench_3286.smt2,119.994,0,2552,成功
/pub/data/jiafq/iscas/Parser_Comparison/../benchmarks/part27/non-incremental/QF_BV/sage/app8/bench_3287.smt2,111.302,0,2550,成功
/pub/data/jiafq/iscas/Parser_Comparison/../benchmarks/part27/non-incremental/QF_BV/sage/app8/bench_3288.smt2,8.30202,0,244,成功
/pub/data/jiafq/iscas/Parser_Comparison/../benchmarks/part27/non-incremental/QF_BV/sage/app8/bench_3289.smt2,12.6653,0,277,成功
/pub/data/jiafq/iscas/Parser_Comparison/../benchmarks/part27/non-incremental/QF_BV/sage/app8/bench_329.smt2,89.522,0,2140,成功
/pub/data/jiafq/iscas/Parser_Comparison/../benchmarks/part27/non-incremental/QF_BV/sage/app8/bench_3290.smt2,116.212,0,2549,成功
/pub/data/jiafq/iscas/Parser_Comparison/../benchmarks/part27/non-incremental/QF_BV/sage/app8/bench_3291.smt2,116.944,0,2548,成功
/pub/data/jiafq/iscas/Parser_Comparison/../benchmarks/part27/non-incremental/QF_BV/sage/app8/bench_3292.smt2,113.919,0,2547,成功
/pub/data/jiafq/iscas/Parser_Comparison/../benchmarks/part27/non-incremental/QF_BV/sage/app8/bench_3293.smt2,120.799,0,2545,成功
/pub/data/jiafq/iscas/Parser_Comparison/../benchmarks/part27/non-incremental/QF_BV/sage/app8/bench_3294.smt2,119.401,0,2544,成功
/pub/data/jiafq/iscas/Parser_Comparison/../benchmarks/part27/non-incremental/QF_BV/sage/app8/bench_3295.smt2,114.764,0,2542,成功
/pub/data/jiafq/iscas/Parser_Comparison/../benchmarks/part27/non-incremental/QF_BV/sage/app8/bench_3296.smt2,113.485,0,2540,成功
/pub/data/jiafq/iscas/Parser_Comparison/../benchmarks/part27/non-incremental/QF_BV/sage/app8/bench_3297.smt2,111.833,0,2537,成功
/pub/data/jiafq/iscas/Parser_Comparison/../benchmarks/part27/non-incremental/QF_BV/sage/app8/bench_3298.smt2,110.961,0,2532,成功
/pub/data/jiafq/iscas/Parser_Comparison/../benchmarks/part27/non-incremental/QF_BV/sage/app8/bench_3299.smt2,109.035,0,2533,成功
/pub/data/jiafq/iscas/Parser_Comparison/../benchmarks/part27/non-incremental/QF_BV/sage/app8/bench_33.smt2,35.253,232,910,成功
/pub/data/jiafq/iscas/Parser_Comparison/../benchmarks/part27/non-incremental/QF_BV/sage/app8/bench_330.smt2,97.0099,0,2131,成功
/pub/data/jiafq/iscas/Parser_Comparison/../benchmarks/part27/non-incremental/QF_BV/sage/app8/bench_3300.smt2,11.3693,0,274,成功
/pub/data/jiafq/iscas/Parser_Comparison/../benchmarks/part27/non-incremental/QF_BV/sage/app8/bench_3301.smt2,114.591,0,2532,成功
/pub/data/jiafq/iscas/Parser_Comparison/../benchmarks/part27/non-incremental/QF_BV/sage/app8/bench_3302.smt2,117.098,0,2531,成功
/pub/data/jiafq/iscas/Parser_Comparison/../benchmarks/part27/non-incremental/QF_BV/sage/app8/bench_3303.smt2,113.412,0,2530,成功
/pub/data/jiafq/iscas/Parser_Comparison/../benchmarks/part27/non-incremental/QF_BV/sage/app8/bench_3304.smt2,110.441,0,2529,成功
/pub/data/jiafq/iscas/Parser_Comparison/../benchmarks/part27/non-incremental/QF_BV/sage/app8/bench_3305.smt2,113.596,0,2528,成功
/pub/data/jiafq/iscas/Parser_Comparison/../benchmarks/part27/non-incremental/QF_BV/sage/app8/bench_3306.smt2,111.227,0,2526,成功
/pub/data/jiafq/iscas/Parser_Comparison/../benchmarks/part27/non-incremental/QF_BV/sage/app8/bench_3307.smt2,4.66887,0,60,成功
/pub/data/jiafq/iscas/Parser_Comparison/../benchmarks/part27/non-incremental/QF_BV/sage/app8/bench_3308.smt2,3.19331,0,54,成功
/pub/data/jiafq/iscas/Parser_Comparison/../benchmarks/part27/non-incremental/QF_BV/sage/app8/bench_3309.smt2,3.12646,0,52,成功
/pub/data/jiafq/iscas/Parser_Comparison/../benchmarks/part27/non-incremental/QF_BV/sage/app8/bench_331.smt2,88.9726,0,2129,成功
/pub/data/jiafq/iscas/Parser_Comparison/../benchmarks/part27/non-incremental/QF_BV/sage/app8/bench_3310.smt2,51.7101,0,1344,成功
/pub/data/jiafq/iscas/Parser_Comparison/../benchmarks/part27/non-incremental/QF_BV/sage/app8/bench_3311.smt2,8.23696,0,271,成功
/pub/data/jiafq/iscas/Parser_Comparison/../benchmarks/part27/non-incremental/QF_BV/sage/app8/bench_3312.smt2,51.2364,0,1342,成功
/pub/data/jiafq/iscas/Parser_Comparison/../benchmarks/part27/non-incremental/QF_BV/sage/app8/bench_3313.smt2,53.2622,0,1341,成功
/pub/data/jiafq/iscas/Parser_Comparison/../benchmarks/part27/non-incremental/QF_BV/sage/app8/bench_3314.smt2,5.96974,0,170,成功
/pub/data/jiafq/iscas/Parser_Comparison/../benchmarks/part27/non-incremental/QF_BV/sage/app8/bench_3315.smt2,8.06034,0,167,成功
/pub/data/jiafq/iscas/Parser_Comparison/../benchmarks/part27/non-incremental/QF_BV/sage/app8/bench_3316.smt2,5.34874,0,160,成功
/pub/data/jiafq/iscas/Parser_Comparison/../benchmarks/part27/non-incremental/QF_BV/sage/app8/bench_3317.smt2,11.4199,0,154,成功
/pub/data/jiafq/iscas/Parser_Comparison/../benchmarks/part27/non-incremental/QF_BV/sage/app8/bench_3318.smt2,4.94167,0,148,成功
/pub/data/jiafq/iscas/Parser_Comparison/../benchmarks/part27/non-incremental/QF_BV/sage/app8/bench_3319.smt2,5.37002,240,141,成功
/pub/data/jiafq/iscas/Parser_Comparison/../benchmarks/part27/non-incremental/QF_BV/sage/app8/bench_332.smt2,94.0001,0,2128,成功
/pub/data/jiafq/iscas/Parser_Comparison/../benchmarks/part27/non-incremental/QF_BV/sage/app8/bench_3320.smt2,4.91228,0,136,成功
/pub/data/jiafq/iscas/Parser_Comparison/../benchmarks/part27/non-incremental/QF_BV/sage/app8/bench_3321.smt2,5.01966,0,129,成功
/pub/data/jiafq/iscas/Parser_Comparison/../benchmarks/part27/non-incremental/QF_BV/sage/app8/bench_3322.smt2,13.6658,0,267,成功
/pub/data/jiafq/iscas/Parser_Comparison/../benchmarks/part27/non-incremental/QF_BV/sage/app8/bench_3323.smt2,6.42025,0,121,成功
/pub/data/jiafq/iscas/Parser_Comparison/../benchmarks/part27/non-incremental/QF_BV/sage/app8/bench_3324.smt2,4.21106,0,118,成功
/pub/data/jiafq/iscas/Parser_Comparison/../benchmarks/part27/non-incremental/QF_BV/sage/app8/bench_3325.smt2,3.15349,0,77,成功
/pub/data/jiafq/iscas/Parser_Comparison/../benchmarks/part27/non-incremental/QF_BV/sage/app8/bench_3326.smt2,76.5736,0,1828,成功
/pub/data/jiafq/iscas/Parser_Comparison/../benchmarks/part27/non-incremental/QF_BV/sage/app8/bench_3327.smt2,85.2201,0,1826,成功
/pub/data/jiafq/iscas/Parser_Comparison/../benchmarks/part27/non-incremental/QF_BV/sage/app8/bench_3328.smt2,78.2861,0,1824,成功
/pub/data/jiafq/iscas/Parser_Comparison/../benchmarks/part27/non-incremental/QF_BV/sage/app8/bench_3329.smt2,81.1995,0,1820,成功
/pub/data/jiafq/iscas/Parser_Comparison/../benchmarks/part27/non-incremental/QF_BV/sage/app8/bench_333.smt2,90.6885,0,2127,成功
/pub/data/jiafq/iscas/Parser_Comparison/../benchmarks/part27/non-incremental/QF_BV/sage/app8/bench_3330.smt2,76.7653,0,1812,成功
/pub/data/jiafq/iscas/Parser_Comparison/../benchmarks/part27/non-incremental/QF_BV/sage/app8/bench_3331.smt2,77.2125,0,1808,成功
/pub/data/jiafq/iscas/Parser_Comparison/../benchmarks/part27/non-incremental/QF_BV/sage/app8/bench_3332.smt2,79.2813,0,1806,成功
/pub/data/jiafq/iscas/Parser_Comparison/../benchmarks/part27/non-incremental/QF_BV/sage/app8/bench_3333.smt2,126.662,0,2707,成功
/pub/data/jiafq/iscas/Parser_Comparison/../benchmarks/part27/non-incremental/QF_BV/sage/app8/bench_3334.smt2,77.5276,0,1798,成功
/pub/data/jiafq/iscas/Parser_Comparison/../benchmarks/part27/non-incremental/QF_BV/sage/app8/bench_3335.smt2,110.349,0,2526,成功
/pub/data/jiafq/iscas/Parser_Comparison/../benchmarks/part27/non-incremental/QF_BV/sage/app8/bench_3336.smt2,110.702,0,2524,成功
/pub/data/jiafq/iscas/Parser_Comparison/../benchmarks/part27/non-incremental/QF_BV/sage/app8/bench_3337.smt2,117.371,0,2522,成功
/pub/data/jiafq/iscas/Parser_Comparison/../benchmarks/part27/non-incremental/QF_BV/sage/app8/bench_3338.smt2,111.822,228,2521,成功
/pub/data/jiafq/iscas/Parser_Comparison/../benchmarks/part27/non-incremental/QF_BV/sage/app8/bench_3339.smt2,115.882,0,2519,成功
/pub/data/jiafq/iscas/Parser_Comparison/../benchmarks/part27/non-incremental/QF_BV/sage/app8/bench_334.smt2,97.5303,0,2125,成功
/pub/data/jiafq/iscas/Parser_Comparison/../benchmarks/part27/non-incremental/QF_BV/sage/app8/bench_3340.smt2,115.701,0,2518,成功
/pub/data/jiafq/iscas/Parser_Comparison/../benchmarks/part27/non-incremental/QF_BV/sage/app8/bench_3341.smt2,115.011,0,2516,成功
/pub/data/jiafq/iscas/Parser_Comparison/../benchmarks/part27/non-incremental/QF_BV/sage/app8/bench_3342.smt2,114.29,0,2515,成功
/pub/data/jiafq/iscas/Parser_Comparison/../benchmarks/part27/non-incremental/QF_BV/sage/app8/bench_3343.smt2,114.378,0,2513,成功
/pub/data/jiafq/iscas/Parser_Comparison/../benchmarks/part27/non-incremental/QF_BV/sage/app8/bench_3344.smt2,6.67898,0,223,成功
/pub/data/jiafq/iscas/Parser_Comparison/../benchmarks/part27/non-incremental/QF_BV/sage/app8/bench_3345.smt2,109.714,0,2511,成功
/pub/data/jiafq/iscas/Parser_Comparison/../benchmarks/part27/non-incremental/QF_BV/sage/app8/bench_3346.smt2,109.673,0,2508,成功
/pub/data/jiafq/iscas/Parser_Comparison/../benchmarks/part27/non-incremental/QF_BV/sage/app8/bench_3347.smt2,111.719,0,2505,成功
/pub/data/jiafq/iscas/Parser_Comparison/../benchmarks/part27/non-incremental/QF_BV/sage/app8/bench_3348.smt2,3.79874,0,60,成功
/pub/data/jiafq/iscas/Parser_Comparison/../benchmarks/part27/non-incremental/QF_BV/sage/app8/bench_3349.smt2,2.82906,0,54,成功
/pub/data/jiafq/iscas/Parser_Comparison/../benchmarks/part27/non-incremental/QF_BV/sage/app8/bench_335.smt2,95.753,0,2123,成功
/pub/data/jiafq/iscas/Parser_Comparison/../benchmarks/part27/non-incremental/QF_BV/sage/app8/bench_3350.smt2,2.65171,0,52,成功
/pub/data/jiafq/iscas/Parser_Comparison/../benchmarks/part27/non-incremental/QF_BV/sage/app8/bench_3351.smt2,49.8388,0,1334,成功
/pub/data/jiafq/iscas/Parser_Comparison/../benchmarks/part27/non-incremental/QF_BV/sage/app8/bench_3352.smt2,49.4703,0,1332,成功
/pub/data/jiafq/iscas/Parser_Comparison/../benchmarks/part27/non-incremental/QF_BV/sage/app8/bench_3353.smt2,49.2406,0,1331,成功
/pub/data/jiafq/iscas/Parser_Comparison/../benchmarks/part27/non-incremental/QF_BV/sage/app8/bench_3354.smt2,78.1857,0,1791,成功
/pub/data/jiafq/iscas/Parser_Comparison/../benchmarks/part27/non-incremental/QF_BV/sage/app8/bench_3355.smt2,8.65989,0,221,成功
/pub/data/jiafq/iscas/Parser_Comparison/../benchmarks/part27/non-incremental/QF_BV/sage/app8/bench_3356.smt2,74.392,0,1789,成功
/pub/data/jiafq/iscas/Parser_Comparison/../benchmarks/part27/non-incremental/QF_BV/sage/app8/bench_3357.smt2,78.1715,0,1782,成功
/pub/data/jiafq/iscas/Parser_Comparison/../benchmarks/part27/non-incremental/QF_BV/sage/app8/bench_3358.smt2,75.2576,0,1777,成功
/pub/data/jiafq/iscas/Parser_Comparison/../benchmarks/part27/non-incremental/QF_BV/sage/app8/bench_3359.smt2,74.7565,0,1773,成功
/pub/data/jiafq/iscas/Parser_Comparison/../benchmarks/part27/non-incremental/QF_BV/sage/app8/bench_336.smt2,4.98252,0,134,成功
/pub/data/jiafq/iscas/Parser_Comparison/../benchmarks/part27/non-incremental/QF_BV/sage/app8/bench_3360.smt2,88.2382,0,1771,成功
/pub/data/jiafq/iscas/Parser_Comparison/../benchmarks/part27/non-incremental/QF_BV/sage/app8/bench_3361.smt2,77.0823,0,1764,成功
/pub/data/jiafq/iscas/Parser_Comparison/../benchmarks/part27/non-incremental/QF_BV/sage/app8/bench_3362.smt2,82.8323,0,1758,成功
/pub/data/jiafq/iscas/Parser_Comparison/../benchmarks/part27/non-incremental/QF_BV/sage/app8/bench_3363.smt2,78.7455,0,1754,成功
/pub/data/jiafq/iscas/Parser_Comparison/../benchmarks/part27/non-incremental/QF_BV/sage/app8/bench_3364.smt2,72.8889,0,1750,成功
/pub/data/jiafq/iscas/Parser_Comparison/../benchmarks/part27/non-incremental/QF_BV/sage/app8/bench_3365.smt2,80.2654,0,1742,成功
/pub/data/jiafq/iscas/Parser_Comparison/../benchmarks/part27/non-incremental/QF_BV/sage/app8/bench_3366.smt2,61.3535,0,1432,成功
/pub/data/jiafq/iscas/Parser_Comparison/../benchmarks/part27/non-incremental/QF_BV/sage/app8/bench_3367.smt2,6.49886,228,188,成功
/pub/data/jiafq/iscas/Parser_Comparison/../benchmarks/part27/non-incremental/QF_BV/sage/app8/bench_3368.smt2,6.47365,0,186,成功
/pub/data/jiafq/iscas/Parser_Comparison/../benchmarks/part27/non-incremental/QF_BV/sage/app8/bench_3369.smt2,6.59017,0,182,成功
/pub/data/jiafq/iscas/Parser_Comparison/../benchmarks/part27/non-incremental/QF_BV/sage/app8/bench_337.smt2,3.41037,0,31,成功
/pub/data/jiafq/iscas/Parser_Comparison/../benchmarks/part27/non-incremental/QF_BV/sage/app8/bench_3370.smt2,5.97748,0,175,成功
/pub/data/jiafq/iscas/Parser_Comparison/../benchmarks/part27/non-incremental/QF_BV/sage/app8/bench_3371.smt2,7.32042,0,168,成功
/pub/data/jiafq/iscas/Parser_Comparison/../benchmarks/part27/non-incremental/QF_BV/sage/app8/bench_3372.smt2,11.2788,0,167,成功
/pub/data/jiafq/iscas/Parser_Comparison/../benchmarks/part27/non-incremental/QF_BV/sage/app8/bench_3373.smt2,7.56754,0,165,成功
/pub/data/jiafq/iscas/Parser_Comparison/../benchmarks/part27/non-incremental/QF_BV/sage/app8/bench_3374.smt2,6.70085,0,163,成功
/pub/data/jiafq/iscas/Parser_Comparison/../benchmarks/part27/non-incremental/QF_BV/sage/app8/bench_3375.smt2,12.0587,0,161,成功
/pub/data/jiafq/iscas/Parser_Comparison/../benchmarks/part27/non-incremental/QF_BV/sage/app8/bench_3376.smt2,10.5692,0,158,成功
/pub/data/jiafq/iscas/Parser_Comparison/../benchmarks/part27/non-incremental/QF_BV/sage/app8/bench_3377.smt2,59.3095,0,1431,成功
/pub/data/jiafq/iscas/Parser_Comparison/../benchmarks/part27/non-incremental/QF_BV/sage/app8/bench_3378.smt2,6.48104,0,151,成功
/pub/data/jiafq/iscas/Parser_Comparison/../benchmarks/part27/non-incremental/QF_BV/sage/app8/bench_3379.smt2,111.54,0,2503,成功
/pub/data/jiafq/iscas/Parser_Comparison/../benchmarks/part27/non-incremental/QF_BV/sage/app8/bench_338.smt2,85.4548,0,2121,成功
/pub/data/jiafq/iscas/Parser_Comparison/../benchmarks/part27/non-incremental/QF_BV/sage/app8/bench_3380.smt2,115.129,0,2502,成功
/pub/data/jiafq/iscas/Parser_Comparison/../benchmarks/part27/non-incremental/QF_BV/sage/app8/bench_3381.smt2,110.8,0,2500,成功
/pub/data/jiafq/iscas/Parser_Comparison/../benchmarks/part27/non-incremental/QF_BV/sage/app8/bench_3382.smt2,112.242,0,2498,成功
/pub/data/jiafq/iscas/Parser_Comparison/../benchmarks/part27/non-incremental/QF_BV/sage/app8/bench_3383.smt2,114.784,0,2496,成功
/pub/data/jiafq/iscas/Parser_Comparison/../benchmarks/part27/non-incremental/QF_BV/sage/app8/bench_3384.smt2,110.995,0,2495,成功
/pub/data/jiafq/iscas/Parser_Comparison/../benchmarks/part27/non-incremental/QF_BV/sage/app8/bench_3385.smt2,109.651,0,2493,成功
/pub/data/jiafq/iscas/Parser_Comparison/../benchmarks/part27/non-incremental/QF_BV/sage/app8/bench_3386.smt2,105.999,0,2492,成功
/pub/data/jiafq/iscas/Parser_Comparison/../benchmarks/part27/non-incremental/QF_BV/sage/app8/bench_3387.smt2,111.001,0,2490,成功
/pub/data/jiafq/iscas/Parser_Comparison/../benchmarks/part27/non-incremental/QF_BV/sage/app8/bench_3388.smt2,7.84887,0,255,成功
/pub/data/jiafq/iscas/Parser_Comparison/../benchmarks/part27/non-incremental/QF_BV/sage/app8/bench_3389.smt2,113.496,0,2488,成功
/pub/data/jiafq/iscas/Parser_Comparison/../benchmarks/part27/non-incremental/QF_BV/sage/app8/bench_339.smt2,93.8243,0,2120,成功
/pub/data/jiafq/iscas/Parser_Comparison/../benchmarks/part27/non-incremental/QF_BV/sage/app8/bench_3390.smt2,113.139,0,2486,成功
/pub/data/jiafq/iscas/Parser_Comparison/../benchmarks/part27/non-incremental/QF_BV/sage/app8/bench_3391.smt2,7.87548,0,142,成功
/pub/data/jiafq/iscas/Parser_Comparison/../benchmarks/part27/non-incremental/QF_BV/sage/app8/bench_3392.smt2,6.89583,0,138,成功
/pub/data/jiafq/iscas/Parser_Comparison/../benchmarks/part27/non-incremental/QF_BV/sage/app8/bench_3393.smt2,10.2016,0,136,成功
/pub/data/jiafq/iscas/Parser_Comparison/../benchmarks/part27/non-incremental/QF_BV/sage/app8/bench_3394.smt2,52.2216,0,1324,成功
/pub/data/jiafq/iscas/Parser_Comparison/../benchmarks/part27/non-incremental/QF_BV/sage/app8/bench_3395.smt2,59.417,0,1322,成功
/pub/data/jiafq/iscas/Parser_Comparison/../benchmarks/part27/non-incremental/QF_BV/sage/app8/bench_3396.smt2,56.8675,0,1321,成功
/pub/data/jiafq/iscas/Parser_Comparison/../benchmarks/part27/non-incremental/QF_BV/sage/app8/bench_3397.smt2,7.08941,0,136,成功
/pub/data/jiafq/iscas/Parser_Comparison/../benchmarks/part27/non-incremental/QF_BV/sage/app8/bench_3398.smt2,7.0177,0,132,成功
/pub/data/jiafq/iscas/Parser_Comparison/../benchmarks/part27/non-incremental/QF_BV/sage/app8/bench_3399.smt2,53.4509,0,1440,成功
/pub/data/jiafq/iscas/Parser_Comparison/../benchmarks/part27/non-incremental/QF_BV/sage/app8/bench_34.smt2,13.3616,0,221,成功
/pub/data/jiafq/iscas/Parser_Comparison/../benchmarks/part27/non-incremental/QF_BV/sage/app8/bench_340.smt2,92.4914,0,2119,成功
/pub/data/jiafq/iscas/Parser_Comparison/../benchmarks/part27/non-incremental/QF_BV/sage/app8/bench_3400.smt2,13.4838,0,253,成功
/pub/data/jiafq/iscas/Parser_Comparison/../benchmarks/part27/non-incremental/QF_BV/sage/app8/bench_3401.smt2,8.23634,0,129,成功
/pub/data/jiafq/iscas/Parser_Comparison/../benchmarks/part27/non-incremental/QF_BV/sage/app8/bench_3402.smt2,8.85722,0,125,成功
/pub/data/jiafq/iscas/Parser_Comparison/../benchmarks/part27/non-incremental/QF_BV/sage/app8/bench_3403.smt2,8.42151,0,118,成功
/pub/data/jiafq/iscas/Parser_Comparison/../benchmarks/part27/non-incremental/QF_BV/sage/app8/bench_3404.smt2,4.94114,0,110,成功
/pub/data/jiafq/iscas/Parser_Comparison/../benchmarks/part27/non-incremental/QF_BV/sage/app8/bench_3405.smt2,5.37505,0,106,成功
/pub/data/jiafq/iscas/Parser_Comparison/../benchmarks/part27/non-incremental/QF_BV/sage/app8/bench_3406.smt2,3.16254,0,69,成功
/pub/data/jiafq/iscas/Parser_Comparison/../benchmarks/part27/non-incremental/QF_BV/sage/app8/bench_3407.smt2,13.3424,0,207,成功
/pub/data/jiafq/iscas/Parser_Comparison/../benchmarks/part27/non-incremental/QF_BV/sage/app8/bench_3408.smt2,6.75284,0,203,成功
/pub/data/jiafq/iscas/Parser_Comparison/../benchmarks/part27/non-incremental/QF_BV/sage/app8/bench_3409.smt2,12.4059,0,196,成功
/pub/data/jiafq/iscas/Parser_Comparison/../benchmarks/part27/non-incremental/QF_BV/sage/app8/bench_341.smt2,90.1209,0,2117,成功
/pub/data/jiafq/iscas/Parser_Comparison/../benchmarks/part27/non-incremental/QF_BV/sage/app8/bench_3410.smt2,7.2206,0,191,成功
/pub/data/jiafq/iscas/Parser_Comparison/../benchmarks/part27/non-incremental/QF_BV/sage/app8/bench_3411.smt2,14.0396,0,249,成功
/pub/data/jiafq/iscas/Parser_Comparison/../benchmarks/part27/non-incremental/QF_BV/sage/app8/bench_3412.smt2,12.2356,0,187,成功
/pub/data/jiafq/iscas/Parser_Comparison/../benchmarks/part27/non-incremental/QF_BV/sage/app8/bench_3413.smt2,13.3991,0,184,成功
/pub/data/jiafq/iscas/Parser_Comparison/../benchmarks/part27/non-incremental/QF_BV/sage/app8/bench_3414.smt2,8.71276,0,181,成功
/pub/data/jiafq/iscas/Parser_Comparison/../benchmarks/part27/non-incremental/QF_BV/sage/app8/bench_3415.smt2,7.79781,0,177,成功
/pub/data/jiafq/iscas/Parser_Comparison/../benchmarks/part27/non-incremental/QF_BV/sage/app8/bench_3416.smt2,10.3848,0,170,成功
/pub/data/jiafq/iscas/Parser_Comparison/../benchmarks/part27/non-incremental/QF_BV/sage/app8/bench_3417.smt2,7.70575,224,164,成功
/pub/data/jiafq/iscas/Parser_Comparison/../benchmarks/part27/non-incremental/QF_BV/sage/app8/bench_3418.smt2,5.71204,0,160,成功
/pub/data/jiafq/iscas/Parser_Comparison/../benchmarks/part27/non-incremental/QF_BV/sage/app8/bench_3419.smt2,10.0785,0,153,成功
/pub/data/jiafq/iscas/Parser_Comparison/../benchmarks/part27/non-incremental/QF_BV/sage/app8/bench_342.smt2,96.1312,0,2115,成功
/pub/data/jiafq/iscas/Parser_Comparison/../benchmarks/part27/non-incremental/QF_BV/sage/app8/bench_3420.smt2,56.4336,0,1314,成功
/pub/data/jiafq/iscas/Parser_Comparison/../benchmarks/part27/non-incremental/QF_BV/sage/app8/bench_3421.smt2,54.6313,0,1313,成功
/pub/data/jiafq/iscas/Parser_Comparison/../benchmarks/part27/non-incremental/QF_BV/sage/app8/bench_3422.smt2,8.67444,0,246,成功
/pub/data/jiafq/iscas/Parser_Comparison/../benchmarks/part27/non-incremental/QF_BV/sage/app8/bench_3423.smt2,5.08389,0,144,成功
/pub/data/jiafq/iscas/Parser_Comparison/../benchmarks/part27/non-incremental/QF_BV/sage/app8/bench_3424.smt2,10.6599,0,143,成功
/pub/data/jiafq/iscas/Parser_Comparison/../benchmarks/part27/non-incremental/QF_BV/sage/app8/bench_3425.smt2,10.339,0,140,成功
/pub/data/jiafq/iscas/Parser_Comparison/../benchmarks/part27/non-incremental/QF_BV/sage/app8/bench_3426.smt2,8.86127,0,136,成功
/pub/data/jiafq/iscas/Parser_Comparison/../benchmarks/part27/non-incremental/QF_BV/sage/app8/bench_3427.smt2,6.17007,0,129,成功
/pub/data/jiafq/iscas/Parser_Comparison/../benchmarks/part27/non-incremental/QF_BV/sage/app8/bench_3428.smt2,48.4884,0,1306,成功
/pub/data/jiafq/iscas/Parser_Comparison/../benchmarks/part27/non-incremental/QF_BV/sage/app8/bench_3429.smt2,55.6164,0,1305,成功
/pub/data/jiafq/iscas/Parser_Comparison/../benchmarks/part27/non-incremental/QF_BV/sage/app8/bench_343.smt2,92.4419,0,2113,成功
/pub/data/jiafq/iscas/Parser_Comparison/../benchmarks/part27/non-incremental/QF_BV/sage/app8/bench_3430.smt2,113.605,0,2482,成功
/pub/data/jiafq/iscas/Parser_Comparison/../benchmarks/part27/non-incremental/QF_BV/sage/app8/bench_3431.smt2,106.942,0,2481,成功
/pub/data/jiafq/iscas/Parser_Comparison/../benchmarks/part27/non-incremental/QF_BV/sage/app8/bench_3432.smt2,105.447,0,2479,成功
/pub/data/jiafq/iscas/Parser_Comparison/../benchmarks/part27/non-incremental/QF_BV/sage/app8/bench_3433.smt2,9.91227,0,243,成功
/pub/data/jiafq/iscas/Parser_Comparison/../benchmarks/part27/non-incremental/QF_BV/sage/app8/bench_3434.smt2,110.961,0,2478,成功
/pub/data/jiafq/iscas/Parser_Comparison/../benchmarks/part27/non-incremental/QF_BV/sage/app8/bench_3435.smt2,105.397,0,2477,成功
/pub/data/jiafq/iscas/Parser_Comparison/../benchmarks/part27/non-incremental/QF_BV/sage/app8/bench_3436.smt2,107.519,0,2475,成功
/pub/data/jiafq/iscas/Parser_Comparison/../benchmarks/part27/non-incremental/QF_BV/sage/app8/bench_3437.smt2,109.286,0,2473,成功
/pub/data/jiafq/iscas/Parser_Comparison/../benchmarks/part27/non-incremental/QF_BV/sage/app8/bench_3438.smt2,112.578,0,2472,成功
/pub/data/jiafq/iscas/Parser_Comparison/../benchmarks/part27/non-incremental/QF_BV/sage/app8/bench_3439.smt2,117.102,0,2470,成功
/pub/data/jiafq/iscas/Parser_Comparison/../benchmarks/part27/non-incremental/QF_BV/sage/app8/bench_344.smt2,90.8028,0,2111,成功
/pub/data/jiafq/iscas/Parser_Comparison/../benchmarks/part27/non-incremental/QF_BV/sage/app8/bench_3440.smt2,115.586,0,2468,成功
/pub/data/jiafq/iscas/Parser_Comparison/../benchmarks/part27/non-incremental/QF_BV/sage/app8/bench_3441.smt2,114.337,0,2467,成功
/pub/data/jiafq/iscas/Parser_Comparison/../benchmarks/part27/non-incremental/QF_BV/sage/app8/bench_3442.smt2,117.06,0,2465,成功
/pub/data/jiafq/iscas/Parser_Comparison/../benchmarks/part27/non-incremental/QF_BV/sage/app8/bench_3443.smt2,107.205,0,2462,成功
/pub/data/jiafq/iscas/Parser_Comparison/../benchmarks/part27/non-incremental/QF_BV/sage/app8/bench_3444.smt2,13.3075,0,238,成功
/pub/data/jiafq/iscas/Parser_Comparison/../benchmarks/part27/non-incremental/QF_BV/sage/app8/bench_3445.smt2,114.164,0,2458,成功
/pub/data/jiafq/iscas/Parser_Comparison/../benchmarks/part27/non-incremental/QF_BV/sage/app8/bench_3446.smt2,5.6127,0,120,成功
/pub/data/jiafq/iscas/Parser_Comparison/../benchmarks/part27/non-incremental/QF_BV/sage/app8/bench_3447.smt2,4.14013,0,116,成功
/pub/data/jiafq/iscas/Parser_Comparison/../benchmarks/part27/non-incremental/QF_BV/sage/app8/bench_3448.smt2,4.11617,0,114,成功
/pub/data/jiafq/iscas/Parser_Comparison/../benchmarks/part27/non-incremental/QF_BV/sage/app8/bench_3449.smt2,48.2148,224,1298,成功
/pub/data/jiafq/iscas/Parser_Comparison/../benchmarks/part27/non-incremental/QF_BV/sage/app8/bench_345.smt2,90.4857,0,2110,成功
/pub/data/jiafq/iscas/Parser_Comparison/../benchmarks/part27/non-incremental/QF_BV/sage/app8/bench_3450.smt2,52.9967,0,1296,成功
/pub/data/jiafq/iscas/Parser_Comparison/../benchmarks/part27/non-incremental/QF_BV/sage/app8/bench_3451.smt2,55.9064,0,1295,成功
/pub/data/jiafq/iscas/Parser_Comparison/../benchmarks/part27/non-incremental/QF_BV/sage/app8/bench_3452.smt2,6.97823,0,113,成功
/pub/data/jiafq/iscas/Parser_Comparison/../benchmarks/part27/non-incremental/QF_BV/sage/app8/bench_3453.smt2,4.20189,0,109,成功
/pub/data/jiafq/iscas/Parser_Comparison/../benchmarks/part27/non-incremental/QF_BV/sage/app8/bench_3454.smt2,5.54702,0,69,成功
/pub/data/jiafq/iscas/Parser_Comparison/../benchmarks/part27/non-incremental/QF_BV/sage/app8/bench_3455.smt2,5.60483,0,165,成功
/pub/data/jiafq/iscas/Parser_Comparison/../benchmarks/part27/non-incremental/QF_BV/sage/app8/bench_3456.smt2,48.318,0,1289,成功
/pub/data/jiafq/iscas/Parser_Comparison/../benchmarks/part27/non-incremental/QF_BV/sage/app8/bench_3457.smt2,54.2767,0,1287,成功
/pub/data/jiafq/iscas/Parser_Comparison/../benchmarks/part27/non-incremental/QF_BV/sage/app8/bench_3458.smt2,12.5682,0,202,成功
/pub/data/jiafq/iscas/Parser_Comparison/../benchmarks/part27/non-incremental/QF_BV/sage/app8/bench_3459.smt2,7.89966,0,201,成功
/pub/data/jiafq/iscas/Parser_Comparison/../benchmarks/part27/non-incremental/QF_BV/sage/app8/bench_346.smt2,89.6508,0,2107,成功
/pub/data/jiafq/iscas/Parser_Comparison/../benchmarks/part27/non-incremental/QF_BV/sage/app8/bench_3460.smt2,7.51086,0,198,成功
/pub/data/jiafq/iscas/Parser_Comparison/../benchmarks/part27/non-incremental/QF_BV/sage/app8/bench_3461.smt2,8.18185,0,195,成功
/pub/data/jiafq/iscas/Parser_Comparison/../benchmarks/part27/non-incremental/QF_BV/sage/app8/bench_3462.smt2,8.13585,0,189,成功
/pub/data/jiafq/iscas/Parser_Comparison/../benchmarks/part27/non-incremental/QF_BV/sage/app8/bench_3463.smt2,46.7915,0,1282,成功
/pub/data/jiafq/iscas/Parser_Comparison/../benchmarks/part27/non-incremental/QF_BV/sage/app8/bench_3464.smt2,55.0845,0,1281,成功
/pub/data/jiafq/iscas/Parser_Comparison/../benchmarks/part27/non-incremental/QF_BV/sage/app8/bench_3465.smt2,13.0579,0,181,成功
/pub/data/jiafq/iscas/Parser_Comparison/../benchmarks/part27/non-incremental/QF_BV/sage/app8/bench_3466.smt2,7.33052,0,164,成功
/pub/data/jiafq/iscas/Parser_Comparison/../benchmarks/part27/non-incremental/QF_BV/sage/app8/bench_3467.smt2,13.3475,0,180,成功
/pub/data/jiafq/iscas/Parser_Comparison/../benchmarks/part27/non-incremental/QF_BV/sage/app8/bench_3468.smt2,7.73345,0,176,成功
/pub/data/jiafq/iscas/Parser_Comparison/../benchmarks/part27/non-incremental/QF_BV/sage/app8/bench_3469.smt2,11.8316,0,169,成功
/pub/data/jiafq/iscas/Parser_Comparison/../benchmarks/part27/non-incremental/QF_BV/sage/app8/bench_347.smt2,92.7826,0,2106,成功
/pub/data/jiafq/iscas/Parser_Comparison/../benchmarks/part27/non-incremental/QF_BV/sage/app8/bench_3470.smt2,55.7595,0,1274,成功
/pub/data/jiafq/iscas/Parser_Comparison/../benchmarks/part27/non-incremental/QF_BV/sage/app8/bench_3471.smt2,48.2146,0,1273,成功
/pub/data/jiafq/iscas/Parser_Comparison/../benchmarks/part27/non-incremental/QF_BV/sage/app8/bench_3472.smt2,7.53814,0,165,成功
/pub/data/jiafq/iscas/Parser_Comparison/../benchmarks/part27/non-incremental/QF_BV/sage/app8/bench_3473.smt2,11.8509,0,161,成功
/pub/data/jiafq/iscas/Parser_Comparison/../benchmarks/part27/non-incremental/QF_BV/sage/app8/bench_3474.smt2,9.28946,0,153,成功
/pub/data/jiafq/iscas/Parser_Comparison/../benchmarks/part27/non-incremental/QF_BV/sage/app8/bench_3475.smt2,51.0898,0,1266,成功
/pub/data/jiafq/iscas/Parser_Comparison/../benchmarks/part27/non-incremental/QF_BV/sage/app8/bench_3476.smt2,52.1877,0,1265,成功
/pub/data/jiafq/iscas/Parser_Comparison/../benchmarks/part27/non-incremental/QF_BV/sage/app8/bench_3477.smt2,5.31063,0,159,成功
/pub/data/jiafq/iscas/Parser_Comparison/../benchmarks/part27/non-incremental/QF_BV/sage/app8/bench_3478.smt2,7.88767,0,146,成功
/pub/data/jiafq/iscas/Parser_Comparison/../benchmarks/part27/non-incremental/QF_BV/sage/app8/bench_3479.smt2,10.7553,0,138,成功
/pub/data/jiafq/iscas/Parser_Comparison/../benchmarks/part27/non-incremental/QF_BV/sage/app8/bench_348.smt2,3.74291,0,31,成功
/pub/data/jiafq/iscas/Parser_Comparison/../benchmarks/part27/non-incremental/QF_BV/sage/app8/bench_3480.smt2,53.0813,0,1258,成功
/pub/data/jiafq/iscas/Parser_Comparison/../benchmarks/part27/non-incremental/QF_BV/sage/app8/bench_3481.smt2,54.5391,0,1257,成功
/pub/data/jiafq/iscas/Parser_Comparison/../benchmarks/part27/non-incremental/QF_BV/sage/app8/bench_3482.smt2,6.02995,0,130,成功
/pub/data/jiafq/iscas/Parser_Comparison/../benchmarks/part27/non-incremental/QF_BV/sage/app8/bench_3483.smt2,8.24647,0,127,成功
/pub/data/jiafq/iscas/Parser_Comparison/../benchmarks/part27/non-incremental/QF_BV/sage/app8/bench_3484.smt2,4.53116,0,77,成功
/pub/data/jiafq/iscas/Parser_Comparison/../benchmarks/part27/non-incremental/QF_BV/sage/app8/bench_3485.smt2,51.0978,0,1251,成功
/pub/data/jiafq/iscas/Parser_Comparison/../benchmarks/part27/non-incremental/QF_BV/sage/app8/bench_3486.smt2,52.6286,0,1249,成功
/pub/data/jiafq/iscas/Parser_Comparison/../benchmarks/part27/non-incremental/QF_BV/sage/app8/bench_3487.smt2,106.28,0,2456,成功
/pub/data/jiafq/iscas/Parser_Comparison/../benchmarks/part27/non-incremental/QF_BV/sage/app8/bench_3488.smt2,5.83838,0,153,成功
/pub/data/jiafq/iscas/Parser_Comparison/../benchmarks/part27/non-incremental/QF_BV/sage/app8/bench_3489.smt2,113.106,0,2455,成功
/pub/data/jiafq/iscas/Parser_Comparison/../benchmarks/part27/non-incremental/QF_BV/sage/app8/bench_349.smt2,89.5058,0,2103,成功
/pub/data/jiafq/iscas/Parser_Comparison/../benchmarks/part27/non-incremental/QF_BV/sage/app8/bench_3490.smt2,106.709,0,2454,成功
/pub/data/jiafq/iscas/Parser_Comparison/../benchmarks/part27/non-incremental/QF_BV/sage/app8/bench_3491.smt2,107.034,0,2452,成功
/pub/data/jiafq/iscas/Parser_Comparison/../benchmarks/part27/non-incremental/QF_BV/sage/app8/bench_3492.smt2,114.461,0,2451,成功
/pub/data/jiafq/iscas/Parser_Comparison/../benchmarks/part27/non-incremental/QF_BV/sage/app8/bench_3493.smt2,113.602,224,2449,成功
/pub/data/jiafq/iscas/Parser_Comparison/../benchmarks/part27/non-incremental/QF_BV/sage/app8/bench_3494.smt2,111.554,0,2447,成功
/pub/data/jiafq/iscas/Parser_Comparison/../benchmarks/part27/non-incremental/QF_BV/sage/app8/bench_3495.smt2,111.694,0,2446,成功
/pub/data/jiafq/iscas/Parser_Comparison/../benchmarks/part27/non-incremental/QF_BV/sage/app8/bench_3496.smt2,112.711,0,2444,成功
/pub/data/jiafq/iscas/Parser_Comparison/../benchmarks/part27/non-incremental/QF_BV/sage/app8/bench_3497.smt2,113.14,0,2442,成功
/pub/data/jiafq/iscas/Parser_Comparison/../benchmarks/part27/non-incremental/QF_BV/sage/app8/bench_3498.smt2,109.84,0,2441,成功
/pub/data/jiafq/iscas/Parser_Comparison/../benchmarks/part27/non-incremental/QF_BV/sage/app8/bench_3499.smt2,10.4657,0,145,成功
/pub/data/jiafq/iscas/Parser_Comparison/../benchmarks/part27/non-incremental/QF_BV/sage/app8/bench_35.smt2,13.4894,0,220,成功
/pub/data/jiafq/iscas/Parser_Comparison/../benchmarks/part27/non-incremental/QF_BV/sage/app8/bench_350.smt2,86.4138,0,2101,成功
/pub/data/jiafq/iscas/Parser_Comparison/../benchmarks/part27/non-incremental/QF_BV/sage/app8/bench_3500.smt2,2.77964,0,60,成功
/pub/data/jiafq/iscas/Parser_Comparison/../benchmarks/part27/non-incremental/QF_BV/sage/app8/bench_3501.smt2,2.69641,0,54,成功
/pub/data/jiafq/iscas/Parser_Comparison/../benchmarks/part27/non-incremental/QF_BV/sage/app8/bench_3502.smt2,4.32928,0,52,成功
/pub/data/jiafq/iscas/Parser_Comparison/../benchmarks/part27/non-incremental/QF_BV/sage/app8/bench_3503.smt2,53.8617,0,1244,成功
/pub/data/jiafq/iscas/Parser_Comparison/../benchmarks/part27/non-incremental/QF_BV/sage/app8/bench_3504.smt2,46.9194,0,1242,成功
/pub/data/jiafq/iscas/Parser_Comparison/../benchmarks/part27/non-incremental/QF_BV/sage/app8/bench_3505.smt2,48.72,0,1241,成功
/pub/data/jiafq/iscas/Parser_Comparison/../benchmarks/part27/non-incremental/QF_BV/sage/app8/bench_3506.smt2,74.5436,0,1738,成功
/pub/data/jiafq/iscas/Parser_Comparison/../benchmarks/part27/non-incremental/QF_BV/sage/app8/bench_3507.smt2,52.5789,0,1235,成功
/pub/data/jiafq/iscas/Parser_Comparison/../benchmarks/part27/non-incremental/QF_BV/sage/app8/bench_3508.smt2,54.7833,0,1233,成功
/pub/data/jiafq/iscas/Parser_Comparison/../benchmarks/part27/non-incremental/QF_BV/sage/app8/bench_3509.smt2,48.8927,0,1232,成功
/pub/data/jiafq/iscas/Parser_Comparison/../benchmarks/part27/non-incremental/QF_BV/sage/app8/bench_351.smt2,89.3287,0,2099,成功
/pub/data/jiafq/iscas/Parser_Comparison/../benchmarks/part27/non-incremental/QF_BV/sage/app8/bench_3510.smt2,63.0954,0,1439,成功
/pub/data/jiafq/iscas/Parser_Comparison/../benchmarks/part27/non-incremental/QF_BV/sage/app8/bench_3511.smt2,11.0545,224,144,成功
/pub/data/jiafq/iscas/Parser_Comparison/../benchmarks/part27/non-incremental/QF_BV/sage/app8/bench_3512.smt2,51.4854,0,1229,成功
/pub/data/jiafq/iscas/Parser_Comparison/../benchmarks/part27/non-incremental/QF_BV/sage/app8/bench_3513.smt2,12.9947,0,204,成功
/pub/data/jiafq/iscas/Parser_Comparison/../benchmarks/part27/non-incremental/QF_BV/sage/app8/bench_3514.smt2,11.3092,0,198,成功
/pub/data/jiafq/iscas/Parser_Comparison/../benchmarks/part27/non-incremental/QF_BV/sage/app8/bench_3515.smt2,58.0537,0,1217,成功
/pub/data/jiafq/iscas/Parser_Comparison/../benchmarks/part27/non-incremental/QF_BV/sage/app8/bench_3516.smt2,51.71,0,1216,成功
/pub/data/jiafq/iscas/Parser_Comparison/../benchmarks/part27/non-incremental/QF_BV/sage/app8/bench_3517.smt2,8.66916,0,191,成功
/pub/data/jiafq/iscas/Parser_Comparison/../benchmarks/part27/non-incremental/QF_BV/sage/app8/bench_3518.smt2,12.224,0,189,成功
/pub/data/jiafq/iscas/Parser_Comparison/../benchmarks/part27/non-incremental/QF_BV/sage/app8/bench_3519.smt2,8.79193,0,184,成功
/pub/data/jiafq/iscas/Parser_Comparison/../benchmarks/part27/non-incremental/QF_BV/sage/app8/bench_352.smt2,81.2796,0,2104,成功
/pub/data/jiafq/iscas/Parser_Comparison/../benchmarks/part27/non-incremental/QF_BV/sage/app8/bench_3520.smt2,11.0848,0,177,成功
/pub/data/jiafq/iscas/Parser_Comparison/../benchmarks/part27/non-incremental/QF_BV/sage/app8/bench_3521.smt2,52.7731,0,1209,成功
/pub/data/jiafq/iscas/Parser_Comparison/../benchmarks/part27/non-incremental/QF_BV/sage/app8/bench_3522.smt2,9.88953,0,143,成功
/pub/data/jiafq/iscas/Parser_Comparison/../benchmarks/part27/non-incremental/QF_BV/sage/app8/bench_3523.smt2,52.5418,0,1208,成功
/pub/data/jiafq/iscas/Parser_Comparison/../benchmarks/part27/non-incremental/QF_BV/sage/app8/bench_3524.smt2,6.57581,0,171,成功
/pub/data/jiafq/iscas/Parser_Comparison/../benchmarks/part27/non-incremental/QF_BV/sage/app8/bench_3525.smt2,11.4455,0,170,成功
/pub/data/jiafq/iscas/Parser_Comparison/../benchmarks/part27/non-incremental/QF_BV/sage/app8/bench_3526.smt2,5.97061,0,166,成功
/pub/data/jiafq/iscas/Parser_Comparison/../benchmarks/part27/non-incremental/QF_BV/sage/app8/bench_3527.smt2,5.43117,0,158,成功
/pub/data/jiafq/iscas/Parser_Comparison/../benchmarks/part27/non-incremental/QF_BV/sage/app8/bench_3528.smt2,52.0878,0,1201,成功
/pub/data/jiafq/iscas/Parser_Comparison/../benchmarks/part27/non-incremental/QF_BV/sage/app8/bench_3529.smt2,52.2896,0,1200,成功
/pub/data/jiafq/iscas/Parser_Comparison/../benchmarks/part27/non-incremental/QF_BV/sage/app8/bench_353.smt2,95.6202,0,2101,成功
/pub/data/jiafq/iscas/Parser_Comparison/../benchmarks/part27/non-incremental/QF_BV/sage/app8/bench_3530.smt2,10.3852,0,151,成功
/pub/data/jiafq/iscas/Parser_Comparison/../benchmarks/part27/non-incremental/QF_BV/sage/app8/bench_3531.smt2,7.6515,0,150,成功
/pub/data/jiafq/iscas/Parser_Comparison/../benchmarks/part27/non-incremental/QF_BV/sage/app8/bench_3532.smt2,6.97697,0,147,成功
/pub/data/jiafq/iscas/Parser_Comparison/../benchmarks/part27/non-incremental/QF_BV/sage/app8/bench_3533.smt2,7.22032,0,141,成功
/pub/data/jiafq/iscas/Parser_Comparison/../benchmarks/part27/non-incremental/QF_BV/sage/app8/bench_3534.smt2,5.57422,0,140,成功
/pub/data/jiafq/iscas/Parser_Comparison/../benchmarks/part27/non-incremental/QF_BV/sage/app8/bench_3535.smt2,44.5312,0,1193,成功
/pub/data/jiafq/iscas/Parser_Comparison/../benchmarks/part27/non-incremental/QF_BV/sage/app8/bench_3536.smt2,50.4147,0,1192,成功
/pub/data/jiafq/iscas/Parser_Comparison/../benchmarks/part27/non-incremental/QF_BV/sage/app8/bench_3537.smt2,10.8881,0,132,成功
/pub/data/jiafq/iscas/Parser_Comparison/../benchmarks/part27/non-incremental/QF_BV/sage/app8/bench_3538.smt2,10.0438,0,130,成功
/pub/data/jiafq/iscas/Parser_Comparison/../benchmarks/part27/non-incremental/QF_BV/sage/app8/bench_3539.smt2,6.80354,0,77,成功
/pub/data/jiafq/iscas/Parser_Comparison/../benchmarks/part27/non-incremental/QF_BV/sage/app8/bench_354.smt2,93.1445,0,2099,成功
/pub/data/jiafq/iscas/Parser_Comparison/../benchmarks/part27/non-incremental/QF_BV/sage/app8/bench_3540.smt2,49.4364,0,1186,成功
/pub/data/jiafq/iscas/Parser_Comparison/../benchmarks/part27/non-incremental/QF_BV/sage/app8/bench_3541.smt2,49.9626,0,1184,成功
/pub/data/jiafq/iscas/Parser_Comparison/../benchmarks/part27/non-incremental/QF_BV/sage/app8/bench_3542.smt2,45.3982,0,1179,成功
/pub/data/jiafq/iscas/Parser_Comparison/../benchmarks/part27/non-incremental/QF_BV/sage/app8/bench_3543.smt2,4.2779,0,111,成功
/pub/data/jiafq/iscas/Parser_Comparison/../benchmarks/part27/non-incremental/QF_BV/sage/app8/bench_3544.smt2,6.21703,0,139,成功
/pub/data/jiafq/iscas/Parser_Comparison/../benchmarks/part27/non-incremental/QF_BV/sage/app8/bench_3545.smt2,6.84354,0,109,成功
/pub/data/jiafq/iscas/Parser_Comparison/../benchmarks/part27/non-incremental/QF_BV/sage/app8/bench_3546.smt2,4.5675,0,106,成功
/pub/data/jiafq/iscas/Parser_Comparison/../benchmarks/part27/non-incremental/QF_BV/sage/app8/bench_3547.smt2,7.66502,0,104,成功
/pub/data/jiafq/iscas/Parser_Comparison/../benchmarks/part27/non-incremental/QF_BV/sage/app8/bench_3548.smt2,6.86416,0,88,成功
/pub/data/jiafq/iscas/Parser_Comparison/../benchmarks/part27/non-incremental/QF_BV/sage/app8/bench_3549.smt2,1.40946,0,7,成功
/pub/data/jiafq/iscas/Parser_Comparison/../benchmarks/part27/non-incremental/QF_BV/sage/app8/bench_355.smt2,30.497,0,738,成功
/pub/data/jiafq/iscas/Parser_Comparison/../benchmarks/part27/non-incremental/QF_BV/sage/app8/bench_3550.smt2,3.93973,0,35,成功
/pub/data/jiafq/iscas/Parser_Comparison/../benchmarks/part27/non-incremental/QF_BV/sage/app8/bench_3551.smt2,44.3126,0,1174,成功
/pub/data/jiafq/iscas/Parser_Comparison/../benchmarks/part27/non-incremental/QF_BV/sage/app8/bench_3552.smt2,45.3353,0,1172,成功
/pub/data/jiafq/iscas/Parser_Comparison/../benchmarks/part27/non-incremental/QF_BV/sage/app8/bench_3553.smt2,45.8103,0,1171,成功
/pub/data/jiafq/iscas/Parser_Comparison/../benchmarks/part27/non-incremental/QF_BV/sage/app8/bench_3554.smt2,2.64017,0,15,成功
/pub/data/jiafq/iscas/Parser_Comparison/../benchmarks/part27/non-incremental/QF_BV/sage/app8/bench_3555.smt2,10.0054,0,137,成功
/pub/data/jiafq/iscas/Parser_Comparison/../benchmarks/part27/non-incremental/QF_BV/sage/app8/bench_3556.smt2,42.1266,0,1165,成功
/pub/data/jiafq/iscas/Parser_Comparison/../benchmarks/part27/non-incremental/QF_BV/sage/app8/bench_3557.smt2,3.77823,0,77,成功
/pub/data/jiafq/iscas/Parser_Comparison/../benchmarks/part27/non-incremental/QF_BV/sage/app8/bench_3558.smt2,2.24473,0,15,成功
/pub/data/jiafq/iscas/Parser_Comparison/../benchmarks/part27/non-incremental/QF_BV/sage/app8/bench_3559.smt2,1.82106,0,6,成功
/pub/data/jiafq/iscas/Parser_Comparison/../benchmarks/part27/non-incremental/QF_BV/sage/app8/bench_356.smt2,93.7524,0,2097,成功
/pub/data/jiafq/iscas/Parser_Comparison/../benchmarks/part27/non-incremental/QF_BV/sage/app8/bench_3560.smt2,2.89783,0,32,成功
/pub/data/jiafq/iscas/Parser_Comparison/../benchmarks/part27/non-incremental/QF_BV/sage/app8/bench_3561.smt2,4.08756,0,34,成功
/pub/data/jiafq/iscas/Parser_Comparison/../benchmarks/part27/non-incremental/QF_BV/sage/app8/bench_3562.smt2,2.29288,0,35,成功
/pub/data/jiafq/iscas/Parser_Comparison/../benchmarks/part27/non-incremental/QF_BV/sage/app8/bench_3563.smt2,3.98402,0,34,成功
/pub/data/jiafq/iscas/Parser_Comparison/../benchmarks/part27/non-incremental/QF_BV/sage/app8/bench_3564.smt2,2.63115,0,35,成功
/pub/data/jiafq/iscas/Parser_Comparison/../benchmarks/part27/non-incremental/QF_BV/sage/app8/bench_3565.smt2,2.15369,0,25,成功
/pub/data/jiafq/iscas/Parser_Comparison/../benchmarks/part27/non-incremental/QF_BV/sage/app8/bench_3566.smt2,8.02595,0,135,成功
/pub/data/jiafq/iscas/Parser_Comparison/../benchmarks/part27/non-incremental/QF_BV/sage/app8/bench_3567.smt2,2.79271,0,15,成功
/pub/data/jiafq/iscas/Parser_Comparison/../benchmarks/part27/non-incremental/QF_BV/sage/app8/bench_3568.smt2,2.67288,0,6,成功
/pub/data/jiafq/iscas/Parser_Comparison/../benchmarks/part27/non-incremental/QF_BV/sage/app8/bench_3569.smt2,48.7768,0,1161,成功
/pub/data/jiafq/iscas/Parser_Comparison/../benchmarks/part27/non-incremental/QF_BV/sage/app8/bench_357.smt2,92.6306,0,2094,成功
/pub/data/jiafq/iscas/Parser_Comparison/../benchmarks/part27/non-incremental/QF_BV/sage/app8/bench_3570.smt2,10.5837,0,230,成功
/pub/data/jiafq/iscas/Parser_Comparison/../benchmarks/part27/non-incremental/QF_BV/sage/app8/bench_3571.smt2,14.5265,0,229,成功
/pub/data/jiafq/iscas/Parser_Comparison/../benchmarks/part27/non-incremental/QF_BV/sage/app8/bench_3572.smt2,8.27775,0,227,成功
/pub/data/jiafq/iscas/Parser_Comparison/../benchmarks/part27/non-incremental/QF_BV/sage/app8/bench_3573.smt2,10.0438,0,225,成功
/pub/data/jiafq/iscas/Parser_Comparison/../benchmarks/part27/non-incremental/QF_BV/sage/app8/bench_3574.smt2,15.6575,0,222,成功
/pub/data/jiafq/iscas/Parser_Comparison/../benchmarks/part27/non-incremental/QF_BV/sage/app8/bench_3575.smt2,14.7076,0,216,成功
/pub/data/jiafq/iscas/Parser_Comparison/../benchmarks/part27/non-incremental/QF_BV/sage/app8/bench_3576.smt2,43.9561,0,1149,成功
/pub/data/jiafq/iscas/Parser_Comparison/../benchmarks/part27/non-incremental/QF_BV/sage/app8/bench_3577.smt2,5.43538,0,133,成功
/pub/data/jiafq/iscas/Parser_Comparison/../benchmarks/part27/non-incremental/QF_BV/sage/app8/bench_3578.smt2,46.803,0,1148,成功
/pub/data/jiafq/iscas/Parser_Comparison/../benchmarks/part27/non-incremental/QF_BV/sage/app8/bench_3579.smt2,102.399,0,2438,成功
/pub/data/jiafq/iscas/Parser_Comparison/../benchmarks/part27/non-incremental/QF_BV/sage/app8/bench_358.smt2,90.6374,0,2089,成功
/pub/data/jiafq/iscas/Parser_Comparison/../benchmarks/part27/non-incremental/QF_BV/sage/app8/bench_3580.smt2,105.459,0,2437,成功
/pub/data/jiafq/iscas/Parser_Comparison/../benchmarks/part27/non-incremental/QF_BV/sage/app8/bench_3581.smt2,112.537,0,2436,成功
/pub/data/jiafq/iscas/Parser_Comparison/../benchmarks/part27/non-incremental/QF_BV/sage/app8/bench_3582.smt2,102.937,0,2434,成功
/pub/data/jiafq/iscas/Parser_Comparison/../benchmarks/part27/non-incremental/QF_BV/sage/app8/bench_3583.smt2,111.331,0,2432,成功
/pub/data/jiafq/iscas/Parser_Comparison/../benchmarks/part27/non-incremental/QF_BV/sage/app8/bench_3584.smt2,106.71,0,2430,成功
/pub/data/jiafq/iscas/Parser_Comparison/../benchmarks/part27/non-incremental/QF_BV/sage/app8/bench_3585.smt2,107.769,0,2428,成功
/pub/data/jiafq/iscas/Parser_Comparison/../benchmarks/part27/non-incremental/QF_BV/sage/app8/bench_3586.smt2,104.753,0,2427,成功
/pub/data/jiafq/iscas/Parser_Comparison/../benchmarks/part27/non-incremental/QF_BV/sage/app8/bench_3587.smt2,111.007,0,2425,成功
/pub/data/jiafq/iscas/Parser_Comparison/../benchmarks/part27/non-incremental/QF_BV/sage/app8/bench_3588.smt2,4.87286,0,131,成功
/pub/data/jiafq/iscas/Parser_Comparison/../benchmarks/part27/non-incremental/QF_BV/sage/app8/bench_3589.smt2,114.064,0,2423,成功
/pub/data/jiafq/iscas/Parser_Comparison/../benchmarks/part27/non-incremental/QF_BV/sage/app8/bench_359.smt2,7.57758,0,134,成功
/pub/data/jiafq/iscas/Parser_Comparison/../benchmarks/part27/non-incremental/QF_BV/sage/app8/bench_3590.smt2,111.162,0,2421,成功
/pub/data/jiafq/iscas/Parser_Comparison/../benchmarks/part27/non-incremental/QF_BV/sage/app8/bench_3591.smt2,104.766,0,2418,成功
/pub/data/jiafq/iscas/Parser_Comparison/../benchmarks/part27/non-incremental/QF_BV/sage/app8/bench_3592.smt2,104.678,0,2414,成功
/pub/data/jiafq/iscas/Parser_Comparison/../benchmarks/part27/non-incremental/QF_BV/sage/app8/bench_3593.smt2,104.83,0,2415,成功
/pub/data/jiafq/iscas/Parser_Comparison/../benchmarks/part27/non-incremental/QF_BV/sage/app8/bench_3594.smt2,105.418,0,2414,成功
/pub/data/jiafq/iscas/Parser_Comparison/../benchmarks/part27/non-incremental/QF_BV/sage/app8/bench_3595.smt2,104.372,0,2412,成功
/pub/data/jiafq/iscas/Parser_Comparison/../benchmarks/part27/non-incremental/QF_BV/sage/app8/bench_3596.smt2,100.14,0,2411,成功
/pub/data/jiafq/iscas/Parser_Comparison/../benchmarks/part27/non-incremental/QF_BV/sage/app8/bench_3597.smt2,113.21,0,2410,成功
/pub/data/jiafq/iscas/Parser_Comparison/../benchmarks/part27/non-incremental/QF_BV/sage/app8/bench_3598.smt2,111.524,0,2409,成功
/pub/data/jiafq/iscas/Parser_Comparison/../benchmarks/part27/non-incremental/QF_BV/sage/app8/bench_3599.smt2,4.76013,0,129,成功
/pub/data/jiafq/iscas/Parser_Comparison/../benchmarks/part27/non-incremental/QF_BV/sage/app8/bench_36.smt2,12.8834,228,217,成功
/pub/data/jiafq/iscas/Parser_Comparison/../benchmarks/part27/non-incremental/QF_BV/sage/app8/bench_360.smt2,37.3197,0,736,成功
/pub/data/jiafq/iscas/Parser_Comparison/../benchmarks/part27/non-incremental/QF_BV/sage/app8/bench_3600.smt2,101.914,0,2407,成功
/pub/data/jiafq/iscas/Parser_Comparison/../benchmarks/part27/non-incremental/QF_BV/sage/app8/bench_3601.smt2,106.337,0,2406,成功
/pub/data/jiafq/iscas/Parser_Comparison/../benchmarks/part27/non-incremental/QF_BV/sage/app8/bench_3602.smt2,104.258,0,2404,成功
/pub/data/jiafq/iscas/Parser_Comparison/../benchmarks/part27/non-incremental/QF_BV/sage/app8/bench_3603.smt2,112.858,0,2403,成功
/pub/data/jiafq/iscas/Parser_Comparison/../benchmarks/part27/non-incremental/QF_BV/sage/app8/bench_3604.smt2,102.201,0,2404,成功
/pub/data/jiafq/iscas/Parser_Comparison/../benchmarks/part27/non-incremental/QF_BV/sage/app8/bench_3605.smt2,108.523,0,2402,成功
/pub/data/jiafq/iscas/Parser_Comparison/../benchmarks/part27/non-incremental/QF_BV/sage/app8/bench_3606.smt2,114.567,0,2400,成功
/pub/data/jiafq/iscas/Parser_Comparison/../benchmarks/part27/non-incremental/QF_BV/sage/app8/bench_3607.smt2,98.9471,0,2399,成功
/pub/data/jiafq/iscas/Parser_Comparison/../benchmarks/part27/non-incremental/QF_BV/sage/app8/bench_3608.smt2,103.219,0,2397,成功
/pub/data/jiafq/iscas/Parser_Comparison/../benchmarks/part27/non-incremental/QF_BV/sage/app8/bench_3609.smt2,108.634,0,2396,成功
/pub/data/jiafq/iscas/Parser_Comparison/../benchmarks/part27/non-incremental/QF_BV/sage/app8/bench_3610.smt2,4.84498,0,130,成功
/pub/data/jiafq/iscas/Parser_Comparison/../benchmarks/part27/non-incremental/QF_BV/sage/app8/bench_3611.smt2,100.219,0,2394,成功
/pub/data/jiafq/iscas/Parser_Comparison/../benchmarks/part27/non-incremental/QF_BV/sage/app8/bench_3612.smt2,107.56,0,2392,成功
/pub/data/jiafq/iscas/Parser_Comparison/../benchmarks/part27/non-incremental/QF_BV/sage/app8/bench_3613.smt2,107.265,0,2390,成功
/pub/data/jiafq/iscas/Parser_Comparison/../benchmarks/part27/non-incremental/QF_BV/sage/app8/bench_3614.smt2,110.585,0,2389,成功
/pub/data/jiafq/iscas/Parser_Comparison/../benchmarks/part27/non-incremental/QF_BV/sage/app8/bench_3615.smt2,97.2642,0,2387,成功
/pub/data/jiafq/iscas/Parser_Comparison/../benchmarks/part27/non-incremental/QF_BV/sage/app8/bench_3616.smt2,99.685,0,2384,成功
/pub/data/jiafq/iscas/Parser_Comparison/../benchmarks/part27/non-incremental/QF_BV/sage/app8/bench_3617.smt2,97.3706,0,2382,成功
/pub/data/jiafq/iscas/Parser_Comparison/../benchmarks/part27/non-incremental/QF_BV/sage/app8/bench_3618.smt2,98.6402,0,2379,成功
/pub/data/jiafq/iscas/Parser_Comparison/../benchmarks/part27/non-incremental/QF_BV/sage/app8/bench_3619.smt2,3.41847,0,60,成功
/pub/data/jiafq/iscas/Parser_Comparison/../benchmarks/part27/non-incremental/QF_BV/sage/app8/bench_362.smt2,89.9703,0,2101,成功
/pub/data/jiafq/iscas/Parser_Comparison/../benchmarks/part27/non-incremental/QF_BV/sage/app8/bench_3620.smt2,5.36703,0,54,成功
/pub/data/jiafq/iscas/Parser_Comparison/../benchmarks/part27/non-incremental/QF_BV/sage/app8/bench_3621.smt2,5.6559,0,133,成功
/pub/data/jiafq/iscas/Parser_Comparison/../benchmarks/part27/non-incremental/QF_BV/sage/app8/bench_3622.smt2,3.73339,0,31,成功
/pub/data/jiafq/iscas/Parser_Comparison/../benchmarks/part27/non-incremental/QF_BV/sage/app8/bench_3623.smt2,3.5392,0,52,成功
/pub/data/jiafq/iscas/Parser_Comparison/../benchmarks/part27/non-incremental/QF_BV/sage/app8/bench_3624.smt2,46.6104,0,1141,成功
/pub/data/jiafq/iscas/Parser_Comparison/../benchmarks/part27/non-incremental/QF_BV/sage/app8/bench_3625.smt2,51.388,0,1139,成功
/pub/data/jiafq/iscas/Parser_Comparison/../benchmarks/part27/non-incremental/QF_BV/sage/app8/bench_3626.smt2,42.2852,0,1138,成功
/pub/data/jiafq/iscas/Parser_Comparison/../benchmarks/part27/non-incremental/QF_BV/sage/app8/bench_3627.smt2,12.8893,0,209,成功
/pub/data/jiafq/iscas/Parser_Comparison/../benchmarks/part27/non-incremental/QF_BV/sage/app8/bench_3628.smt2,7.62814,0,208,成功
/pub/data/jiafq/iscas/Parser_Comparison/../benchmarks/part27/non-incremental/QF_BV/sage/app8/bench_3629.smt2,7.20058,0,206,成功
/pub/data/jiafq/iscas/Parser_Comparison/../benchmarks/part27/non-incremental/QF_BV/sage/app8/bench_363.smt2,88.8622,0,2100,成功
/pub/data/jiafq/iscas/Parser_Comparison/../benchmarks/part27/non-incremental/QF_BV/sage/app8/bench_3630.smt2,11.2478,0,198,成功
/pub/data/jiafq/iscas/Parser_Comparison/../benchmarks/part27/non-incremental/QF_BV/sage/app8/bench_3631.smt2,45.1986,0,1131,成功
/pub/data/jiafq/iscas/Parser_Comparison/../benchmarks/part27/non-incremental/QF_BV/sage/app8/bench_3632.smt2,43.598,0,1130,成功
/pub/data/jiafq/iscas/Parser_Comparison/../benchmarks/part27/non-incremental/QF_BV/sage/app8/bench_3633.smt2,2.18876,0,31,成功
/pub/data/jiafq/iscas/Parser_Comparison/../benchmarks/part27/non-incremental/QF_BV/sage/app8/bench_3634.smt2,10.5757,0,191,成功
/pub/data/jiafq/iscas/Parser_Comparison/../benchmarks/part27/non-incremental/QF_BV/sage/app8/bench_3635.smt2,8.94482,0,188,成功
/pub/data/jiafq/iscas/Parser_Comparison/../benchmarks/part27/non-incremental/QF_BV/sage/app8/bench_3636.smt2,6.372,0,180,成功
/pub/data/jiafq/iscas/Parser_Comparison/../benchmarks/part27/non-incremental/QF_BV/sage/app8/bench_3637.smt2,46.8934,0,1123,成功
/pub/data/jiafq/iscas/Parser_Comparison/../benchmarks/part27/non-incremental/QF_BV/sage/app8/bench_3638.smt2,41.8743,0,1122,成功
/pub/data/jiafq/iscas/Parser_Comparison/../benchmarks/part27/non-incremental/QF_BV/sage/app8/bench_3639.smt2,5.88055,0,172,成功
/pub/data/jiafq/iscas/Parser_Comparison/../benchmarks/part27/non-incremental/QF_BV/sage/app8/bench_364.smt2,85.791,0,2102,成功
/pub/data/jiafq/iscas/Parser_Comparison/../benchmarks/part27/non-incremental/QF_BV/sage/app8/bench_3640.smt2,7.13154,0,171,成功
/pub/data/jiafq/iscas/Parser_Comparison/../benchmarks/part27/non-incremental/QF_BV/sage/app8/bench_3641.smt2,13.0425,0,169,成功
/pub/data/jiafq/iscas/Parser_Comparison/../benchmarks/part27/non-incremental/QF_BV/sage/app8/bench_3642.smt2,11.0441,0,166,成功
/pub/data/jiafq/iscas/Parser_Comparison/../benchmarks/part27/non-incremental/QF_BV/sage/app8/bench_3643.smt2,12.4781,0,159,成功
/pub/data/jiafq/iscas/Parser_Comparison/../benchmarks/part27/non-incremental/QF_BV/sage/app8/bench_3644.smt2,9.91136,0,130,成功
/pub/data/jiafq/iscas/Parser_Comparison/../benchmarks/part27/non-incremental/QF_BV/sage/app8/bench_3645.smt2,49.13,0,1115,成功
/pub/data/jiafq/iscas/Parser_Comparison/../benchmarks/part27/non-incremental/QF_BV/sage/app8/bench_3646.smt2,49.4122,0,1114,成功
/pub/data/jiafq/iscas/Parser_Comparison/../benchmarks/part27/non-incremental/QF_BV/sage/app8/bench_3647.smt2,9.31495,0,152,成功
/pub/data/jiafq/iscas/Parser_Comparison/../benchmarks/part27/non-incremental/QF_BV/sage/app8/bench_3648.smt2,5.77914,0,151,成功
/pub/data/jiafq/iscas/Parser_Comparison/../benchmarks/part27/non-incremental/QF_BV/sage/app8/bench_3649.smt2,5.10244,0,149,成功
/pub/data/jiafq/iscas/Parser_Comparison/../benchmarks/part27/non-incremental/QF_BV/sage/app8/bench_365.smt2,81.7626,0,2098,成功
/pub/data/jiafq/iscas/Parser_Comparison/../benchmarks/part27/non-incremental/QF_BV/sage/app8/bench_3650.smt2,5.41999,0,147,成功
/pub/data/jiafq/iscas/Parser_Comparison/../benchmarks/part27/non-incremental/QF_BV/sage/app8/bench_3651.smt2,5.46633,0,143,成功
/pub/data/jiafq/iscas/Parser_Comparison/../benchmarks/part27/non-incremental/QF_BV/sage/app8/bench_3652.smt2,4.33167,0,82,成功
/pub/data/jiafq/iscas/Parser_Comparison/../benchmarks/part27/non-incremental/QF_BV/sage/app8/bench_3653.smt2,39.985,0,1108,成功
/pub/data/jiafq/iscas/Parser_Comparison/../benchmarks/part27/non-incremental/QF_BV/sage/app8/bench_3654.smt2,47.81,0,1106,成功
/pub/data/jiafq/iscas/Parser_Comparison/../benchmarks/part27/non-incremental/QF_BV/sage/app8/bench_3655.smt2,4.91695,0,131,成功
/pub/data/jiafq/iscas/Parser_Comparison/../benchmarks/part27/non-incremental/QF_BV/sage/app8/bench_3656.smt2,2.98504,0,56,成功
/pub/data/jiafq/iscas/Parser_Comparison/../benchmarks/part27/non-incremental/QF_BV/sage/app8/bench_3657.smt2,3.09971,0,22,成功
/pub/data/jiafq/iscas/Parser_Comparison/../benchmarks/part27/non-incremental/QF_BV/sage/app8/bench_3658.smt2,42.2493,0,1101,成功
/pub/data/jiafq/iscas/Parser_Comparison/../benchmarks/part27/non-incremental/QF_BV/sage/app8/bench_3659.smt2,2.19026,0,35,成功
/pub/data/jiafq/iscas/Parser_Comparison/../benchmarks/part27/non-incremental/QF_BV/sage/app8/bench_366.smt2,84.3817,0,2095,成功
/pub/data/jiafq/iscas/Parser_Comparison/../benchmarks/part27/non-incremental/QF_BV/sage/app8/bench_3660.smt2,4.22368,0,111,成功
/pub/data/jiafq/iscas/Parser_Comparison/../benchmarks/part27/non-incremental/QF_BV/sage/app8/bench_3661.smt2,8.33585,0,109,成功
/pub/data/jiafq/iscas/Parser_Comparison/../benchmarks/part27/non-incremental/QF_BV/sage/app8/bench_3662.smt2,8.12257,0,106,成功
/pub/data/jiafq/iscas/Parser_Comparison/../benchmarks/part27/non-incremental/QF_BV/sage/app8/bench_3663.smt2,4.27131,0,104,成功
/pub/data/jiafq/iscas/Parser_Comparison/../benchmarks/part27/non-incremental/QF_BV/sage/app8/bench_3664.smt2,7.07339,0,88,成功
/pub/data/jiafq/iscas/Parser_Comparison/../benchmarks/part27/non-incremental/QF_BV/sage/app8/bench_3665.smt2,1.67677,0,7,成功
/pub/data/jiafq/iscas/Parser_Comparison/../benchmarks/part27/non-incremental/QF_BV/sage/app8/bench_3666.smt2,2.0198,0,31,成功
/pub/data/jiafq/iscas/Parser_Comparison/../benchmarks/part27/non-incremental/QF_BV/sage/app8/bench_3667.smt2,3.61778,0,35,成功
/pub/data/jiafq/iscas/Parser_Comparison/../benchmarks/part27/non-incremental/QF_BV/sage/app8/bench_3668.smt2,42.9403,0,1096,成功
/pub/data/jiafq/iscas/Parser_Comparison/../benchmarks/part27/non-incremental/QF_BV/sage/app8/bench_3669.smt2,40.9543,0,1094,成功
/pub/data/jiafq/iscas/Parser_Comparison/../benchmarks/part27/non-incremental/QF_BV/sage/app8/bench_367.smt2,82.5411,0,2093,成功
/pub/data/jiafq/iscas/Parser_Comparison/../benchmarks/part27/non-incremental/QF_BV/sage/app8/bench_3670.smt2,46.3926,0,1093,成功
/pub/data/jiafq/iscas/Parser_Comparison/../benchmarks/part27/non-incremental/QF_BV/sage/app8/bench_3671.smt2,1.9377,0,15,成功
/pub/data/jiafq/iscas/Parser_Comparison/../benchmarks/part27/non-incremental/QF_BV/sage/app8/bench_3672.smt2,46.1044,0,1087,成功
/pub/data/jiafq/iscas/Parser_Comparison/../benchmarks/part27/non-incremental/QF_BV/sage/app8/bench_3673.smt2,1.95998,0,32,成功
/pub/data/jiafq/iscas/Parser_Comparison/../benchmarks/part27/non-incremental/QF_BV/sage/app8/bench_3674.smt2,4.98468,0,104,成功
/pub/data/jiafq/iscas/Parser_Comparison/../benchmarks/part27/non-incremental/QF_BV/sage/app8/bench_3675.smt2,3.87927,0,105,成功
/pub/data/jiafq/iscas/Parser_Comparison/../benchmarks/part27/non-incremental/QF_BV/sage/app8/bench_3676.smt2,3.50419,0,104,成功
/pub/data/jiafq/iscas/Parser_Comparison/../benchmarks/part27/non-incremental/QF_BV/sage/app8/bench_3677.smt2,3.70546,0,31,成功
/pub/data/jiafq/iscas/Parser_Comparison/../benchmarks/part27/non-incremental/QF_BV/sage/app8/bench_3678.smt2,4.71471,0,105,成功
/pub/data/jiafq/iscas/Parser_Comparison/../benchmarks/part27/non-incremental/QF_BV/sage/app8/bench_3679.smt2,2.93755,0,41,成功
/pub/data/jiafq/iscas/Parser_Comparison/../benchmarks/part27/non-incremental/QF_BV/sage/app8/bench_368.smt2,92.3121,0,2091,成功
/pub/data/jiafq/iscas/Parser_Comparison/../benchmarks/part27/non-incremental/QF_BV/sage/app8/bench_3680.smt2,2.10159,0,15,成功
/pub/data/jiafq/iscas/Parser_Comparison/../benchmarks/part27/non-incremental/QF_BV/sage/app8/bench_3681.smt2,1.69572,0,6,成功
/pub/data/jiafq/iscas/Parser_Comparison/../benchmarks/part27/non-incremental/QF_BV/sage/app8/bench_3682.smt2,3.67108,0,32,成功
/pub/data/jiafq/iscas/Parser_Comparison/../benchmarks/part27/non-incremental/QF_BV/sage/app8/bench_3683.smt2,3.2922,0,25,成功
/pub/data/jiafq/iscas/Parser_Comparison/../benchmarks/part27/non-incremental/QF_BV/sage/app8/bench_3684.smt2,3.5619,0,25,成功
/pub/data/jiafq/iscas/Parser_Comparison/../benchmarks/part27/non-incremental/QF_BV/sage/app8/bench_3685.smt2,3.60662,0,25,成功
/pub/data/jiafq/iscas/Parser_Comparison/../benchmarks/part27/non-incremental/QF_BV/sage/app8/bench_3686.smt2,3.39709,0,25,成功
/pub/data/jiafq/iscas/Parser_Comparison/../benchmarks/part27/non-incremental/QF_BV/sage/app8/bench_3687.smt2,42.68,0,1083,成功
/pub/data/jiafq/iscas/Parser_Comparison/../benchmarks/part27/non-incremental/QF_BV/sage/app8/bench_3688.smt2,4.81589,0,129,成功
/pub/data/jiafq/iscas/Parser_Comparison/../benchmarks/part27/non-incremental/QF_BV/sage/app8/bench_3689.smt2,71.8329,0,1727,成功
/pub/data/jiafq/iscas/Parser_Comparison/../benchmarks/part27/non-incremental/QF_BV/sage/app8/bench_369.smt2,92.9467,0,2089,成功
/pub/data/jiafq/iscas/Parser_Comparison/../benchmarks/part27/non-incremental/QF_BV/sage/app8/bench_3690.smt2,68.5819,0,1726,成功
/pub/data/jiafq/iscas/Parser_Comparison/../benchmarks/part27/non-incremental/QF_BV/sage/app8/bench_3691.smt2,77.0486,0,1724,成功
/pub/data/jiafq/iscas/Parser_Comparison/../benchmarks/part27/non-incremental/QF_BV/sage/app8/bench_3692.smt2,72.4023,0,1721,成功
/pub/data/jiafq/iscas/Parser_Comparison/../benchmarks/part27/non-incremental/QF_BV/sage/app8/bench_3693.smt2,78.7044,0,1716,成功
/pub/data/jiafq/iscas/Parser_Comparison/../benchmarks/part27/non-incremental/QF_BV/sage/app8/bench_3694.smt2,41.1646,220,1071,成功
/pub/data/jiafq/iscas/Parser_Comparison/../benchmarks/part27/non-incremental/QF_BV/sage/app8/bench_3695.smt2,38.9119,0,1070,成功
/pub/data/jiafq/iscas/Parser_Comparison/../benchmarks/part27/non-incremental/QF_BV/sage/app8/bench_3696.smt2,98.6142,0,2375,成功
/pub/data/jiafq/iscas/Parser_Comparison/../benchmarks/part27/non-incremental/QF_BV/sage/app8/bench_3697.smt2,103.129,0,2374,成功
/pub/data/jiafq/iscas/Parser_Comparison/../benchmarks/part27/non-incremental/QF_BV/sage/app8/bench_3698.smt2,105.855,0,2372,成功
/pub/data/jiafq/iscas/Parser_Comparison/../benchmarks/part27/non-incremental/QF_BV/sage/app8/bench_3699.smt2,8.3403,0,130,成功
/pub/data/jiafq/iscas/Parser_Comparison/../benchmarks/part27/non-incremental/QF_BV/sage/app8/bench_37.smt2,7.40792,0,238,成功
/pub/data/jiafq/iscas/Parser_Comparison/../benchmarks/part27/non-incremental/QF_BV/sage/app8/bench_370.smt2,10.1502,0,135,成功
/pub/data/jiafq/iscas/Parser_Comparison/../benchmarks/part27/non-incremental/QF_BV/sage/app8/bench_3700.smt2,108.054,0,2371,成功
/pub/data/jiafq/iscas/Parser_Comparison/../benchmarks/part27/non-incremental/QF_BV/sage/app8/bench_3701.smt2,104.242,0,2369,成功
/pub/data/jiafq/iscas/Parser_Comparison/../benchmarks/part27/non-incremental/QF_BV/sage/app8/bench_3702.smt2,102.013,0,2367,成功
/pub/data/jiafq/iscas/Parser_Comparison/../benchmarks/part27/non-incremental/QF_BV/sage/app8/bench_3703.smt2,110.489,0,2366,成功
/pub/data/jiafq/iscas/Parser_Comparison/../benchmarks/part27/non-incremental/QF_BV/sage/app8/bench_3704.smt2,101.233,0,2365,成功
/pub/data/jiafq/iscas/Parser_Comparison/../benchmarks/part27/non-incremental/QF_BV/sage/app8/bench_3705.smt2,103.12,0,2363,成功
/pub/data/jiafq/iscas/Parser_Comparison/../benchmarks/part27/non-incremental/QF_BV/sage/app8/bench_3706.smt2,99.3519,0,2361,成功
/pub/data/jiafq/iscas/Parser_Comparison/../benchmarks/part27/non-incremental/QF_BV/sage/app8/bench_3707.smt2,99.2249,0,2359,成功
/pub/data/jiafq/iscas/Parser_Comparison/../benchmarks/part27/non-incremental/QF_BV/sage/app8/bench_3708.smt2,104.767,0,2357,成功
/pub/data/jiafq/iscas/Parser_Comparison/../benchmarks/part27/non-incremental/QF_BV/sage/app8/bench_3709.smt2,108.069,220,2353,成功
/pub/data/jiafq/iscas/Parser_Comparison/../benchmarks/part27/non-incremental/QF_BV/sage/app8/bench_371.smt2,84.5842,0,2089,成功
/pub/data/jiafq/iscas/Parser_Comparison/../benchmarks/part27/non-incremental/QF_BV/sage/app8/bench_3710.smt2,3.01658,0,31,成功
/pub/data/jiafq/iscas/Parser_Comparison/../benchmarks/part27/non-incremental/QF_BV/sage/app8/bench_3711.smt2,3.09333,0,65,成功
/pub/data/jiafq/iscas/Parser_Comparison/../benchmarks/part27/non-incremental/QF_BV/sage/app8/bench_3712.smt2,5.60317,0,60,成功
/pub/data/jiafq/iscas/Parser_Comparison/../benchmarks/part27/non-incremental/QF_BV/sage/app8/bench_3713.smt2,5.37101,0,58,成功
/pub/data/jiafq/iscas/Parser_Comparison/../benchmarks/part27/non-incremental/QF_BV/sage/app8/bench_3714.smt2,48.517,0,1063,成功
/pub/data/jiafq/iscas/Parser_Comparison/../benchmarks/part27/non-incremental/QF_BV/sage/app8/bench_3715.smt2,43.7879,0,1061,成功
/pub/data/jiafq/iscas/Parser_Comparison/../benchmarks/part27/non-incremental/QF_BV/sage/app8/bench_3716.smt2,48.1363,0,1060,成功
/pub/data/jiafq/iscas/Parser_Comparison/../benchmarks/part27/non-incremental/QF_BV/sage/app8/bench_3717.smt2,78.1049,0,1709,成功
/pub/data/jiafq/iscas/Parser_Comparison/../benchmarks/part27/non-incremental/QF_BV/sage/app8/bench_3718.smt2,72.3795,0,1708,成功
/pub/data/jiafq/iscas/Parser_Comparison/../benchmarks/part27/non-incremental/QF_BV/sage/app8/bench_3719.smt2,73.8034,0,1705,成功
/pub/data/jiafq/iscas/Parser_Comparison/../benchmarks/part27/non-incremental/QF_BV/sage/app8/bench_372.smt2,87.159,0,2088,成功
/pub/data/jiafq/iscas/Parser_Comparison/../benchmarks/part27/non-incremental/QF_BV/sage/app8/bench_3720.smt2,73.4105,0,1699,成功
/pub/data/jiafq/iscas/Parser_Comparison/../benchmarks/part27/non-incremental/QF_BV/sage/app8/bench_3721.smt2,2.05077,0,31,成功
/pub/data/jiafq/iscas/Parser_Comparison/../benchmarks/part27/non-incremental/QF_BV/sage/app8/bench_3722.smt2,46.4004,0,1053,成功
/pub/data/jiafq/iscas/Parser_Comparison/../benchmarks/part27/non-incremental/QF_BV/sage/app8/bench_3723.smt2,42.8891,0,1052,成功
/pub/data/jiafq/iscas/Parser_Comparison/../benchmarks/part27/non-incremental/QF_BV/sage/app8/bench_3724.smt2,64.9952,0,1690,成功
/pub/data/jiafq/iscas/Parser_Comparison/../benchmarks/part27/non-incremental/QF_BV/sage/app8/bench_3725.smt2,80.0504,0,1689,成功
/pub/data/jiafq/iscas/Parser_Comparison/../benchmarks/part27/non-incremental/QF_BV/sage/app8/bench_3726.smt2,77.1399,0,1686,成功
/pub/data/jiafq/iscas/Parser_Comparison/../benchmarks/part27/non-incremental/QF_BV/sage/app8/bench_3727.smt2,76.309,0,1681,成功
/pub/data/jiafq/iscas/Parser_Comparison/../benchmarks/part27/non-incremental/QF_BV/sage/app8/bench_3728.smt2,46.7518,0,1045,成功
/pub/data/jiafq/iscas/Parser_Comparison/../benchmarks/part27/non-incremental/QF_BV/sage/app8/bench_3729.smt2,39.0513,0,1044,成功
/pub/data/jiafq/iscas/Parser_Comparison/../benchmarks/part27/non-incremental/QF_BV/sage/app8/bench_373.smt2,81.626,0,2081,成功
/pub/data/jiafq/iscas/Parser_Comparison/../benchmarks/part27/non-incremental/QF_BV/sage/app8/bench_3730.smt2,67.971,0,1673,成功
/pub/data/jiafq/iscas/Parser_Comparison/../benchmarks/part27/non-incremental/QF_BV/sage/app8/bench_3731.smt2,75.7962,0,1672,成功
/pub/data/jiafq/iscas/Parser_Comparison/../benchmarks/part27/non-incremental/QF_BV/sage/app8/bench_3732.smt2,10.1853,0,134,成功
/pub/data/jiafq/iscas/Parser_Comparison/../benchmarks/part27/non-incremental/QF_BV/sage/app8/bench_3733.smt2,7.02584,0,128,成功
/pub/data/jiafq/iscas/Parser_Comparison/../benchmarks/part27/non-incremental/QF_BV/sage/app8/bench_3734.smt2,68.9006,0,1671,成功
/pub/data/jiafq/iscas/Parser_Comparison/../benchmarks/part27/non-incremental/QF_BV/sage/app8/bench_3735.smt2,69.6327,0,1669,成功
/pub/data/jiafq/iscas/Parser_Comparison/../benchmarks/part27/non-incremental/QF_BV/sage/app8/bench_3736.smt2,75.3086,0,1666,成功
/pub/data/jiafq/iscas/Parser_Comparison/../benchmarks/part27/non-incremental/QF_BV/sage/app8/bench_3737.smt2,82.6415,0,1659,成功
/pub/data/jiafq/iscas/Parser_Comparison/../benchmarks/part27/non-incremental/QF_BV/sage/app8/bench_3738.smt2,46.5832,0,1037,成功
/pub/data/jiafq/iscas/Parser_Comparison/../benchmarks/part27/non-incremental/QF_BV/sage/app8/bench_3739.smt2,47.1929,224,1036,成功
/pub/data/jiafq/iscas/Parser_Comparison/../benchmarks/part27/non-incremental/QF_BV/sage/app8/bench_374.smt2,85.9946,0,2080,成功
/pub/data/jiafq/iscas/Parser_Comparison/../benchmarks/part27/non-incremental/QF_BV/sage/app8/bench_3740.smt2,2.76314,0,56,成功
/pub/data/jiafq/iscas/Parser_Comparison/../benchmarks/part27/non-incremental/QF_BV/sage/app8/bench_3741.smt2,3.49491,0,22,成功
/pub/data/jiafq/iscas/Parser_Comparison/../benchmarks/part27/non-incremental/QF_BV/sage/app8/bench_3742.smt2,48.3777,0,1029,成功
/pub/data/jiafq/iscas/Parser_Comparison/../benchmarks/part27/non-incremental/QF_BV/sage/app8/bench_3743.smt2,4.74763,0,35,成功
/pub/data/jiafq/iscas/Parser_Comparison/../benchmarks/part27/non-incremental/QF_BV/sage/app8/bench_3744.smt2,7.89048,0,129,成功
/pub/data/jiafq/iscas/Parser_Comparison/../benchmarks/part27/non-incremental/QF_BV/sage/app8/bench_3745.smt2,5.9464,0,111,成功
/pub/data/jiafq/iscas/Parser_Comparison/../benchmarks/part27/non-incremental/QF_BV/sage/app8/bench_3746.smt2,7.10446,0,109,成功
/pub/data/jiafq/iscas/Parser_Comparison/../benchmarks/part27/non-incremental/QF_BV/sage/app8/bench_3747.smt2,3.97451,0,106,成功
/pub/data/jiafq/iscas/Parser_Comparison/../benchmarks/part27/non-incremental/QF_BV/sage/app8/bench_3748.smt2,7.27515,0,104,成功
/pub/data/jiafq/iscas/Parser_Comparison/../benchmarks/part27/non-incremental/QF_BV/sage/app8/bench_3749.smt2,4.85716,0,88,成功
/pub/data/jiafq/iscas/Parser_Comparison/../benchmarks/part27/non-incremental/QF_BV/sage/app8/bench_375.smt2,34.3164,0,734,成功
/pub/data/jiafq/iscas/Parser_Comparison/../benchmarks/part27/non-incremental/QF_BV/sage/app8/bench_3750.smt2,2.51333,0,7,成功
/pub/data/jiafq/iscas/Parser_Comparison/../benchmarks/part27/non-incremental/QF_BV/sage/app8/bench_3751.smt2,3.21289,0,35,成功
/pub/data/jiafq/iscas/Parser_Comparison/../benchmarks/part27/non-incremental/QF_BV/sage/app8/bench_3752.smt2,37.0346,0,1024,成功
/pub/data/jiafq/iscas/Parser_Comparison/../benchmarks/part27/non-incremental/QF_BV/sage/app8/bench_3753.smt2,47.3723,0,1022,成功
/pub/data/jiafq/iscas/Parser_Comparison/../benchmarks/part27/non-incremental/QF_BV/sage/app8/bench_3754.smt2,42.7094,0,1021,成功
/pub/data/jiafq/iscas/Parser_Comparison/../benchmarks/part27/non-incremental/QF_BV/sage/app8/bench_3755.smt2,1.86062,0,31,成功
/pub/data/jiafq/iscas/Parser_Comparison/../benchmarks/part27/non-incremental/QF_BV/sage/app8/bench_3756.smt2,3.28903,0,15,成功
/pub/data/jiafq/iscas/Parser_Comparison/../benchmarks/part27/non-incremental/QF_BV/sage/app8/bench_3757.smt2,38.0296,220,1015,成功
/pub/data/jiafq/iscas/Parser_Comparison/../benchmarks/part27/non-incremental/QF_BV/sage/app8/bench_3758.smt2,2.69057,0,32,成功
/pub/data/jiafq/iscas/Parser_Comparison/../benchmarks/part27/non-incremental/QF_BV/sage/app8/bench_3759.smt2,5.25606,0,92,成功
/pub/data/jiafq/iscas/Parser_Comparison/../benchmarks/part27/non-incremental/QF_BV/sage/app8/bench_376.smt2,85.0062,0,2078,成功
/pub/data/jiafq/iscas/Parser_Comparison/../benchmarks/part27/non-incremental/QF_BV/sage/app8/bench_3760.smt2,4.87074,0,93,成功
/pub/data/jiafq/iscas/Parser_Comparison/../benchmarks/part27/non-incremental/QF_BV/sage/app8/bench_3761.smt2,3.48276,0,92,成功
/pub/data/jiafq/iscas/Parser_Comparison/../benchmarks/part27/non-incremental/QF_BV/sage/app8/bench_3762.smt2,3.40953,0,93,成功
/pub/data/jiafq/iscas/Parser_Comparison/../benchmarks/part27/non-incremental/QF_BV/sage/app8/bench_3763.smt2,2.11501,0,29,成功
/pub/data/jiafq/iscas/Parser_Comparison/../benchmarks/part27/non-incremental/QF_BV/sage/app8/bench_3764.smt2,3.04051,0,15,成功
/pub/data/jiafq/iscas/Parser_Comparison/../benchmarks/part27/non-incremental/QF_BV/sage/app8/bench_3765.smt2,1.62909,0,6,成功
/pub/data/jiafq/iscas/Parser_Comparison/../benchmarks/part27/non-incremental/QF_BV/sage/app8/bench_3766.smt2,2.2744,0,31,成功
/pub/data/jiafq/iscas/Parser_Comparison/../benchmarks/part27/non-incremental/QF_BV/sage/app8/bench_3767.smt2,2.38109,0,32,成功
/pub/data/jiafq/iscas/Parser_Comparison/../benchmarks/part27/non-incremental/QF_BV/sage/app8/bench_3768.smt2,3.3898,0,25,成功
/pub/data/jiafq/iscas/Parser_Comparison/../benchmarks/part27/non-incremental/QF_BV/sage/app8/bench_3769.smt2,1.86803,0,25,成功
/pub/data/jiafq/iscas/Parser_Comparison/../benchmarks/part27/non-incremental/QF_BV/sage/app8/bench_377.smt2,92.3655,0,2076,成功
/pub/data/jiafq/iscas/Parser_Comparison/../benchmarks/part27/non-incremental/QF_BV/sage/app8/bench_3770.smt2,3.48813,0,25,成功
/pub/data/jiafq/iscas/Parser_Comparison/../benchmarks/part27/non-incremental/QF_BV/sage/app8/bench_3771.smt2,3.43129,0,25,成功
/pub/data/jiafq/iscas/Parser_Comparison/../benchmarks/part27/non-incremental/QF_BV/sage/app8/bench_3772.smt2,44.8293,0,1012,成功
/pub/data/jiafq/iscas/Parser_Comparison/../benchmarks/part27/non-incremental/QF_BV/sage/app8/bench_3773.smt2,73.9288,0,1652,成功
/pub/data/jiafq/iscas/Parser_Comparison/../benchmarks/part27/non-incremental/QF_BV/sage/app8/bench_3774.smt2,69.7199,0,1651,成功
/pub/data/jiafq/iscas/Parser_Comparison/../benchmarks/part27/non-incremental/QF_BV/sage/app8/bench_3775.smt2,74.9913,0,1649,成功
/pub/data/jiafq/iscas/Parser_Comparison/../benchmarks/part27/non-incremental/QF_BV/sage/app8/bench_3776.smt2,72.4539,0,1646,成功
/pub/data/jiafq/iscas/Parser_Comparison/../benchmarks/part27/non-incremental/QF_BV/sage/app8/bench_3777.smt2,6.36095,0,127,成功
/pub/data/jiafq/iscas/Parser_Comparison/../benchmarks/part27/non-incremental/QF_BV/sage/app8/bench_3778.smt2,68.9753,0,1638,成功
/pub/data/jiafq/iscas/Parser_Comparison/../benchmarks/part27/non-incremental/QF_BV/sage/app8/bench_3779.smt2,40.2872,0,1005,成功
/pub/data/jiafq/iscas/Parser_Comparison/../benchmarks/part27/non-incremental/QF_BV/sage/app8/bench_3780.smt2,44.6383,0,1003,成功
/pub/data/jiafq/iscas/Parser_Comparison/../benchmarks/part27/non-incremental/QF_BV/sage/app8/bench_3781.smt2,42.6476,0,999,成功
/pub/data/jiafq/iscas/Parser_Comparison/../benchmarks/part27/non-incremental/QF_BV/sage/app8/bench_3782.smt2,43.2826,0,997,成功
/pub/data/jiafq/iscas/Parser_Comparison/../benchmarks/part27/non-incremental/QF_BV/sage/app8/bench_3783.smt2,43.8036,0,995,成功
/pub/data/jiafq/iscas/Parser_Comparison/../benchmarks/part27/non-incremental/QF_BV/sage/app8/bench_3784.smt2,15.6031,0,223,成功
/pub/data/jiafq/iscas/Parser_Comparison/../benchmarks/part27/non-incremental/QF_BV/sage/app8/bench_3785.smt2,14.8133,0,221,成功
/pub/data/jiafq/iscas/Parser_Comparison/../benchmarks/part27/non-incremental/QF_BV/sage/app8/bench_3786.smt2,11.5318,0,213,成功
/pub/data/jiafq/iscas/Parser_Comparison/../benchmarks/part27/non-incremental/QF_BV/sage/app8/bench_3787.smt2,42.9974,0,989,成功
/pub/data/jiafq/iscas/Parser_Comparison/../benchmarks/part27/non-incremental/QF_BV/sage/app8/bench_3788.smt2,9.30531,0,123,成功
/pub/data/jiafq/iscas/Parser_Comparison/../benchmarks/part27/non-incremental/QF_BV/sage/app8/bench_3789.smt2,37.5042,0,988,成功
/pub/data/jiafq/iscas/Parser_Comparison/../benchmarks/part27/non-incremental/QF_BV/sage/app8/bench_379.smt2,86.3632,0,2068,成功
/pub/data/jiafq/iscas/Parser_Comparison/../benchmarks/part27/non-incremental/QF_BV/sage/app8/bench_3790.smt2,7.51035,0,207,成功
/pub/data/jiafq/iscas/Parser_Comparison/../benchmarks/part27/non-incremental/QF_BV/sage/app8/bench_3791.smt2,8.4004,0,206,成功
/pub/data/jiafq/iscas/Parser_Comparison/../benchmarks/part27/non-incremental/QF_BV/sage/app8/bench_3792.smt2,7.22825,0,204,成功
/pub/data/jiafq/iscas/Parser_Comparison/../benchmarks/part27/non-incremental/QF_BV/sage/app8/bench_3793.smt2,7.20711,0,202,成功
/pub/data/jiafq/iscas/Parser_Comparison/../benchmarks/part27/non-incremental/QF_BV/sage/app8/bench_3794.smt2,6.67811,0,200,成功
/pub/data/jiafq/iscas/Parser_Comparison/../benchmarks/part27/non-incremental/QF_BV/sage/app8/bench_3795.smt2,8.16824,0,198,成功
/pub/data/jiafq/iscas/Parser_Comparison/../benchmarks/part27/non-incremental/QF_BV/sage/app8/bench_3796.smt2,13.3255,0,194,成功
/pub/data/jiafq/iscas/Parser_Comparison/../benchmarks/part27/non-incremental/QF_BV/sage/app8/bench_3797.smt2,6.58115,0,186,成功
/pub/data/jiafq/iscas/Parser_Comparison/../benchmarks/part27/non-incremental/QF_BV/sage/app8/bench_3798.smt2,38.9916,0,981,成功
/pub/data/jiafq/iscas/Parser_Comparison/../benchmarks/part27/non-incremental/QF_BV/sage/app8/bench_3799.smt2,5.13333,0,118,成功
/pub/data/jiafq/iscas/Parser_Comparison/../benchmarks/part27/non-incremental/QF_BV/sage/app8/bench_38.smt2,10.4671,0,215,成功
/pub/data/jiafq/iscas/Parser_Comparison/../benchmarks/part27/non-incremental/QF_BV/sage/app8/bench_380.smt2,84.4649,0,2067,成功
/pub/data/jiafq/iscas/Parser_Comparison/../benchmarks/part27/non-incremental/QF_BV/sage/app8/bench_3800.smt2,36.7186,0,980,成功
/pub/data/jiafq/iscas/Parser_Comparison/../benchmarks/part27/non-incremental/QF_BV/sage/app8/bench_3801.smt2,103.315,0,2349,成功
/pub/data/jiafq/iscas/Parser_Comparison/../benchmarks/part27/non-incremental/QF_BV/sage/app8/bench_3802.smt2,100.413,0,2347,成功
/pub/data/jiafq/iscas/Parser_Comparison/../benchmarks/part27/non-incremental/QF_BV/sage/app8/bench_3803.smt2,98.4656,0,2344,成功
/pub/data/jiafq/iscas/Parser_Comparison/../benchmarks/part27/non-incremental/QF_BV/sage/app8/bench_3804.smt2,97.0575,0,2342,成功
/pub/data/jiafq/iscas/Parser_Comparison/../benchmarks/part27/non-incremental/QF_BV/sage/app8/bench_3805.smt2,12.1594,0,176,成功
/pub/data/jiafq/iscas/Parser_Comparison/../benchmarks/part27/non-incremental/QF_BV/sage/app8/bench_3806.smt2,8.83932,0,174,成功
/pub/data/jiafq/iscas/Parser_Comparison/../benchmarks/part27/non-incremental/QF_BV/sage/app8/bench_3807.smt2,6.20528,0,169,成功
/pub/data/jiafq/iscas/Parser_Comparison/../benchmarks/part27/non-incremental/QF_BV/sage/app8/bench_3808.smt2,37.5758,0,973,成功
/pub/data/jiafq/iscas/Parser_Comparison/../benchmarks/part27/non-incremental/QF_BV/sage/app8/bench_3809.smt2,38.5948,0,971,成功
/pub/data/jiafq/iscas/Parser_Comparison/../benchmarks/part27/non-incremental/QF_BV/sage/app8/bench_381.smt2,3.82415,0,31,成功
/pub/data/jiafq/iscas/Parser_Comparison/../benchmarks/part27/non-incremental/QF_BV/sage/app8/bench_3810.smt2,13.1937,0,250,成功
/pub/data/jiafq/iscas/Parser_Comparison/../benchmarks/part27/non-incremental/QF_BV/sage/app8/bench_3811.smt2,35.7406,0,970,成功
/pub/data/jiafq/iscas/Parser_Comparison/../benchmarks/part27/non-incremental/QF_BV/sage/app8/bench_3812.smt2,11.8311,0,169,成功
/pub/data/jiafq/iscas/Parser_Comparison/../benchmarks/part27/non-incremental/QF_BV/sage/app8/bench_3813.smt2,12.3306,0,168,成功
/pub/data/jiafq/iscas/Parser_Comparison/../benchmarks/part27/non-incremental/QF_BV/sage/app8/bench_3814.smt2,10.7787,0,166,成功
/pub/data/jiafq/iscas/Parser_Comparison/../benchmarks/part27/non-incremental/QF_BV/sage/app8/bench_3815.smt2,8.03134,0,163,成功
/pub/data/jiafq/iscas/Parser_Comparison/../benchmarks/part27/non-incremental/QF_BV/sage/app8/bench_3816.smt2,11.5705,0,157,成功
/pub/data/jiafq/iscas/Parser_Comparison/../benchmarks/part27/non-incremental/QF_BV/sage/app8/bench_3817.smt2,44.5669,0,963,成功
/pub/data/jiafq/iscas/Parser_Comparison/../benchmarks/part27/non-incremental/QF_BV/sage/app8/bench_3818.smt2,35.9372,0,962,成功
/pub/data/jiafq/iscas/Parser_Comparison/../benchmarks/part27/non-incremental/QF_BV/sage/app8/bench_3819.smt2,11.1674,0,150,成功
/pub/data/jiafq/iscas/Parser_Comparison/../benchmarks/part27/non-incremental/QF_BV/sage/app8/bench_382.smt2,89.691,0,2068,成功
/pub/data/jiafq/iscas/Parser_Comparison/../benchmarks/part27/non-incremental/QF_BV/sage/app8/bench_3820.smt2,11.5868,0,148,成功
/pub/data/jiafq/iscas/Parser_Comparison/../benchmarks/part27/non-incremental/QF_BV/sage/app8/bench_3821.smt2,9.21537,0,251,成功
/pub/data/jiafq/iscas/Parser_Comparison/../benchmarks/part27/non-incremental/QF_BV/sage/app8/bench_3822.smt2,7.01182,0,139,成功
/pub/data/jiafq/iscas/Parser_Comparison/../benchmarks/part27/non-incremental/QF_BV/sage/app8/bench_3823.smt2,38.0177,0,956,成功
/pub/data/jiafq/iscas/Parser_Comparison/../benchmarks/part27/non-incremental/QF_BV/sage/app8/bench_3824.smt2,39.0283,0,954,成功
/pub/data/jiafq/iscas/Parser_Comparison/../benchmarks/part27/non-incremental/QF_BV/sage/app8/bench_3825.smt2,3.11482,0,56,成功
/pub/data/jiafq/iscas/Parser_Comparison/../benchmarks/part27/non-incremental/QF_BV/sage/app8/bench_3826.smt2,3.54747,0,22,成功
/pub/data/jiafq/iscas/Parser_Comparison/../benchmarks/part27/non-incremental/QF_BV/sage/app8/bench_3827.smt2,37.3727,0,949,成功
/pub/data/jiafq/iscas/Parser_Comparison/../benchmarks/part27/non-incremental/QF_BV/sage/app8/bench_3828.smt2,2.78499,0,35,成功
/pub/data/jiafq/iscas/Parser_Comparison/../benchmarks/part27/non-incremental/QF_BV/sage/app8/bench_3829.smt2,4.77386,0,111,成功
/pub/data/jiafq/iscas/Parser_Comparison/../benchmarks/part27/non-incremental/QF_BV/sage/app8/bench_383.smt2,84.756,0,2065,成功
/pub/data/jiafq/iscas/Parser_Comparison/../benchmarks/part27/non-incremental/QF_BV/sage/app8/bench_3830.smt2,8.34021,0,109,成功
/pub/data/jiafq/iscas/Parser_Comparison/../benchmarks/part27/non-incremental/QF_BV/sage/app8/bench_3831.smt2,5.13592,0,106,成功
/pub/data/jiafq/iscas/Parser_Comparison/../benchmarks/part27/non-incremental/QF_BV/sage/app8/bench_3832.smt2,5.02642,0,116,成功
/pub/data/jiafq/iscas/Parser_Comparison/../benchmarks/part27/non-incremental/QF_BV/sage/app8/bench_3833.smt2,7.92261,0,104,成功
/pub/data/jiafq/iscas/Parser_Comparison/../benchmarks/part27/non-incremental/QF_BV/sage/app8/bench_3834.smt2,6.6841,0,88,成功
/pub/data/jiafq/iscas/Parser_Comparison/../benchmarks/part27/non-incremental/QF_BV/sage/app8/bench_3835.smt2,1.36956,0,7,成功
/pub/data/jiafq/iscas/Parser_Comparison/../benchmarks/part27/non-incremental/QF_BV/sage/app8/bench_3836.smt2,3.6106,0,35,成功
/pub/data/jiafq/iscas/Parser_Comparison/../benchmarks/part27/non-incremental/QF_BV/sage/app8/bench_3837.smt2,41.7912,0,944,成功
/pub/data/jiafq/iscas/Parser_Comparison/../benchmarks/part27/non-incremental/QF_BV/sage/app8/bench_3838.smt2,46.2194,0,942,成功
/pub/data/jiafq/iscas/Parser_Comparison/../benchmarks/part27/non-incremental/QF_BV/sage/app8/bench_3839.smt2,37.8639,0,941,成功
/pub/data/jiafq/iscas/Parser_Comparison/../benchmarks/part27/non-incremental/QF_BV/sage/app8/bench_384.smt2,80.1937,0,2063,成功
/pub/data/jiafq/iscas/Parser_Comparison/../benchmarks/part27/non-incremental/QF_BV/sage/app8/bench_3840.smt2,2.77456,0,15,成功
/pub/data/jiafq/iscas/Parser_Comparison/../benchmarks/part27/non-incremental/QF_BV/sage/app8/bench_3841.smt2,33.7554,0,935,成功
/pub/data/jiafq/iscas/Parser_Comparison/../benchmarks/part27/non-incremental/QF_BV/sage/app8/bench_3842.smt2,3.81963,0,32,成功
/pub/data/jiafq/iscas/Parser_Comparison/../benchmarks/part27/non-incremental/QF_BV/sage/app8/bench_385.smt2,81.9073,0,2061,成功
/pub/data/jiafq/iscas/Parser_Comparison/../benchmarks/part27/non-incremental/QF_BV/sage/app8/bench_386.smt2,89.838,0,2058,成功
/pub/data/jiafq/iscas/Parser_Comparison/../benchmarks/part27/non-incremental/QF_BV/sage/app8/bench_387.smt2,83.9298,0,2056,成功
/pub/data/jiafq/iscas/Parser_Comparison/../benchmarks/part27/non-incremental/QF_BV/sage/app8/bench_388.smt2,86.4141,0,2053,成功
/pub/data/jiafq/iscas/Parser_Comparison/../benchmarks/part27/non-incremental/QF_BV/sage/app8/bench_389.smt2,85.3874,0,2051,成功
/pub/data/jiafq/iscas/Parser_Comparison/../benchmarks/part27/non-incremental/QF_BV/sage/app8/bench_39.smt2,11.0635,0,212,成功
/pub/data/jiafq/iscas/Parser_Comparison/../benchmarks/part27/non-incremental/QF_BV/sage/app8/bench_390.smt2,83.9072,0,2049,成功
/pub/data/jiafq/iscas/Parser_Comparison/../benchmarks/part27/non-incremental/QF_BV/sage/app8/bench_391.smt2,81.7264,0,2049,成功
/pub/data/jiafq/iscas/Parser_Comparison/../benchmarks/part27/non-incremental/QF_BV/sage/app8/bench_392.smt2,3.37658,0,31,成功
/pub/data/jiafq/iscas/Parser_Comparison/../benchmarks/part27/non-incremental/QF_BV/sage/app8/bench_393.smt2,84.3015,0,2048,成功
/pub/data/jiafq/iscas/Parser_Comparison/../benchmarks/part27/non-incremental/QF_BV/sage/app8/bench_394.smt2,89.3376,0,2041,成功
/pub/data/jiafq/iscas/Parser_Comparison/../benchmarks/part27/non-incremental/QF_BV/sage/app8/bench_395.smt2,88.0923,0,2040,成功
/pub/data/jiafq/iscas/Parser_Comparison/../benchmarks/part27/non-incremental/QF_BV/sage/app8/bench_396.smt2,28.1586,0,732,成功
/pub/data/jiafq/iscas/Parser_Comparison/../benchmarks/part27/non-incremental/QF_BV/sage/app8/bench_397.smt2,84.0205,0,2038,成功
/pub/data/jiafq/iscas/Parser_Comparison/../benchmarks/part27/non-incremental/QF_BV/sage/app8/bench_398.smt2,86.2809,0,2037,成功
/pub/data/jiafq/iscas/Parser_Comparison/../benchmarks/part27/non-incremental/QF_BV/sage/app8/bench_4.smt2,4.17978,0,114,成功
/pub/data/jiafq/iscas/Parser_Comparison/../benchmarks/part27/non-incremental/QF_BV/sage/app8/bench_40.smt2,10.0214,0,204,成功
/pub/data/jiafq/iscas/Parser_Comparison/../benchmarks/part27/non-incremental/QF_BV/sage/app8/bench_400.smt2,88.7496,0,2028,成功
/pub/data/jiafq/iscas/Parser_Comparison/../benchmarks/part27/non-incremental/QF_BV/sage/app8/bench_401.smt2,88.531,0,2027,成功
/pub/data/jiafq/iscas/Parser_Comparison/../benchmarks/part27/non-incremental/QF_BV/sage/app8/bench_402.smt2,88.8329,0,2028,成功
/pub/data/jiafq/iscas/Parser_Comparison/../benchmarks/part27/non-incremental/QF_BV/sage/app8/bench_403.smt2,8.33781,0,134,成功
/pub/data/jiafq/iscas/Parser_Comparison/../benchmarks/part27/non-incremental/QF_BV/sage/app8/bench_404.smt2,81.3754,0,2024,成功
/pub/data/jiafq/iscas/Parser_Comparison/../benchmarks/part27/non-incremental/QF_BV/sage/app8/bench_405.smt2,102.861,0,2021,成功
/pub/data/jiafq/iscas/Parser_Comparison/../benchmarks/part27/non-incremental/QF_BV/sage/app8/bench_406.smt2,86.3983,0,2018,成功
/pub/data/jiafq/iscas/Parser_Comparison/../benchmarks/part27/non-incremental/QF_BV/sage/app8/bench_407.smt2,88.3455,0,2016,成功
/pub/data/jiafq/iscas/Parser_Comparison/../benchmarks/part27/non-incremental/QF_BV/sage/app8/bench_408.smt2,88.7531,0,2013,成功
/pub/data/jiafq/iscas/Parser_Comparison/../benchmarks/part27/non-incremental/QF_BV/sage/app8/bench_409.smt2,81.7498,0,2013,成功
/pub/data/jiafq/iscas/Parser_Comparison/../benchmarks/part27/non-incremental/QF_BV/sage/app8/bench_41.smt2,41.4055,0,903,成功
/pub/data/jiafq/iscas/Parser_Comparison/../benchmarks/part27/non-incremental/QF_BV/sage/app8/bench_410.smt2,81.0335,0,2013,成功
/pub/data/jiafq/iscas/Parser_Comparison/../benchmarks/part27/non-incremental/QF_BV/sage/app8/bench_411.smt2,87.1763,0,2007,成功
/pub/data/jiafq/iscas/Parser_Comparison/../benchmarks/part27/non-incremental/QF_BV/sage/app8/bench_412.smt2,84.2469,0,2004,成功
/pub/data/jiafq/iscas/Parser_Comparison/../benchmarks/part27/non-incremental/QF_BV/sage/app8/bench_413.smt2,35.7993,0,730,成功
/pub/data/jiafq/iscas/Parser_Comparison/../benchmarks/part27/non-incremental/QF_BV/sage/app8/bench_414.smt2,4.98346,0,135,成功
/pub/data/jiafq/iscas/Parser_Comparison/../benchmarks/part27/non-incremental/QF_BV/sage/app8/bench_415.smt2,78.8993,0,2003,成功
/pub/data/jiafq/iscas/Parser_Comparison/../benchmarks/part27/non-incremental/QF_BV/sage/app8/bench_416.smt2,84.2302,0,2001,成功
/pub/data/jiafq/iscas/Parser_Comparison/../benchmarks/part27/non-incremental/QF_BV/sage/app8/bench_418.smt2,83.182,0,1991,成功
/pub/data/jiafq/iscas/Parser_Comparison/../benchmarks/part27/non-incremental/QF_BV/sage/app8/bench_419.smt2,80.2304,0,1992,成功
/pub/data/jiafq/iscas/Parser_Comparison/../benchmarks/part27/non-incremental/QF_BV/sage/app8/bench_42.smt2,42.0424,0,902,成功
/pub/data/jiafq/iscas/Parser_Comparison/../benchmarks/part27/non-incremental/QF_BV/sage/app8/bench_420.smt2,75.8659,0,1989,成功
/pub/data/jiafq/iscas/Parser_Comparison/../benchmarks/part27/non-incremental/QF_BV/sage/app8/bench_421.smt2,85.1426,0,1987,成功
/pub/data/jiafq/iscas/Parser_Comparison/../benchmarks/part27/non-incremental/QF_BV/sage/app8/bench_422.smt2,84.3991,0,1984,成功
/pub/data/jiafq/iscas/Parser_Comparison/../benchmarks/part27/non-incremental/QF_BV/sage/app8/bench_423.smt2,86.1647,0,1981,成功
/pub/data/jiafq/iscas/Parser_Comparison/../benchmarks/part27/non-incremental/QF_BV/sage/app8/bench_424.smt2,82.5213,0,1978,成功
/pub/data/jiafq/iscas/Parser_Comparison/../benchmarks/part27/non-incremental/QF_BV/sage/app8/bench_425.smt2,3.4932,0,31,成功
/pub/data/jiafq/iscas/Parser_Comparison/../benchmarks/part27/non-incremental/QF_BV/sage/app8/bench_426.smt2,81.0909,0,1975,成功
/pub/data/jiafq/iscas/Parser_Comparison/../benchmarks/part27/non-incremental/QF_BV/sage/app8/bench_427.smt2,80.4866,0,1974,成功
/pub/data/jiafq/iscas/Parser_Comparison/../benchmarks/part27/non-incremental/QF_BV/sage/app8/bench_428.smt2,86.5408,0,1973,成功
/pub/data/jiafq/iscas/Parser_Comparison/../benchmarks/part27/non-incremental/QF_BV/sage/app8/bench_429.smt2,82.7657,0,1968,成功
/pub/data/jiafq/iscas/Parser_Comparison/../benchmarks/part27/non-incremental/QF_BV/sage/app8/bench_43.smt2,13.431,0,195,成功
/pub/data/jiafq/iscas/Parser_Comparison/../benchmarks/part27/non-incremental/QF_BV/sage/app8/bench_430.smt2,87.258,0,1965,成功
/pub/data/jiafq/iscas/Parser_Comparison/../benchmarks/part27/non-incremental/QF_BV/sage/app8/bench_431.smt2,28.1003,0,727,成功
/pub/data/jiafq/iscas/Parser_Comparison/../benchmarks/part27/non-incremental/QF_BV/sage/app8/bench_432.smt2,86.2348,0,1965,成功
/pub/data/jiafq/iscas/Parser_Comparison/../benchmarks/part27/non-incremental/QF_BV/sage/app8/bench_433.smt2,84.1056,0,1959,成功
/pub/data/jiafq/iscas/Parser_Comparison/../benchmarks/part27/non-incremental/QF_BV/sage/app8/bench_435.smt2,80.936,0,1949,成功
/pub/data/jiafq/iscas/Parser_Comparison/../benchmarks/part27/non-incremental/QF_BV/sage/app8/bench_436.smt2,3.82653,0,31,成功
/pub/data/jiafq/iscas/Parser_Comparison/../benchmarks/part27/non-incremental/QF_BV/sage/app8/bench_437.smt2,76.9395,0,1949,成功
/pub/data/jiafq/iscas/Parser_Comparison/../benchmarks/part27/non-incremental/QF_BV/sage/app8/bench_438.smt2,83.3943,0,1945,成功
/pub/data/jiafq/iscas/Parser_Comparison/../benchmarks/part27/non-incremental/QF_BV/sage/app8/bench_439.smt2,82.5294,0,1941,成功
/pub/data/jiafq/iscas/Parser_Comparison/../benchmarks/part27/non-incremental/QF_BV/sage/app8/bench_44.smt2,14.3293,0,194,成功
/pub/data/jiafq/iscas/Parser_Comparison/../benchmarks/part27/non-incremental/QF_BV/sage/app8/bench_440.smt2,81.6346,0,1938,成功
/pub/data/jiafq/iscas/Parser_Comparison/../benchmarks/part27/non-incremental/QF_BV/sage/app8/bench_441.smt2,73.4152,0,1936,成功
/pub/data/jiafq/iscas/Parser_Comparison/../benchmarks/part27/non-incremental/QF_BV/sage/app8/bench_442.smt2,76.2069,0,1935,成功
/pub/data/jiafq/iscas/Parser_Comparison/../benchmarks/part27/non-incremental/QF_BV/sage/app8/bench_443.smt2,77.0797,0,1933,成功
/pub/data/jiafq/iscas/Parser_Comparison/../benchmarks/part27/non-incremental/QF_BV/sage/app8/bench_444.smt2,82.3112,0,1931,成功
/pub/data/jiafq/iscas/Parser_Comparison/../benchmarks/part27/non-incremental/QF_BV/sage/app8/bench_445.smt2,82.404,0,1929,成功
/pub/data/jiafq/iscas/Parser_Comparison/../benchmarks/part27/non-incremental/QF_BV/sage/app8/bench_446.smt2,77.7893,0,1927,成功
/pub/data/jiafq/iscas/Parser_Comparison/../benchmarks/part27/non-incremental/QF_BV/sage/app8/bench_447.smt2,3.72807,0,41,成功
/pub/data/jiafq/iscas/Parser_Comparison/../benchmarks/part27/non-incremental/QF_BV/sage/app8/bench_448.smt2,9.1712,0,134,成功
/pub/data/jiafq/iscas/Parser_Comparison/../benchmarks/part27/non-incremental/QF_BV/sage/app8/bench_449.smt2,83.3713,0,1925,成功
/pub/data/jiafq/iscas/Parser_Comparison/../benchmarks/part27/non-incremental/QF_BV/sage/app8/bench_45.smt2,13.8263,0,191,成功
/pub/data/jiafq/iscas/Parser_Comparison/../benchmarks/part27/non-incremental/QF_BV/sage/app8/bench_450.smt2,73.3073,0,1923,成功
/pub/data/jiafq/iscas/Parser_Comparison/../benchmarks/part27/non-incremental/QF_BV/sage/app8/bench_451.smt2,76.6718,0,1921,成功
/pub/data/jiafq/iscas/Parser_Comparison/../benchmarks/part27/non-incremental/QF_BV/sage/app8/bench_452.smt2,82.7843,0,1919,成功
/pub/data/jiafq/iscas/Parser_Comparison/../benchmarks/part27/non-incremental/QF_BV/sage/app8/bench_453.smt2,79.6737,0,1917,成功
/pub/data/jiafq/iscas/Parser_Comparison/../benchmarks/part27/non-incremental/QF_BV/sage/app8/bench_454.smt2,78.4374,0,1915,成功
/pub/data/jiafq/iscas/Parser_Comparison/../benchmarks/part27/non-incremental/QF_BV/sage/app8/bench_455.smt2,77.5558,0,1913,成功
/pub/data/jiafq/iscas/Parser_Comparison/../benchmarks/part27/non-incremental/QF_BV/sage/app8/bench_456.smt2,33.9172,0,725,成功
/pub/data/jiafq/iscas/Parser_Comparison/../benchmarks/part27/non-incremental/QF_BV/sage/app8/bench_457.smt2,78.4388,0,1912,成功
/pub/data/jiafq/iscas/Parser_Comparison/../benchmarks/part27/non-incremental/QF_BV/sage/app8/bench_458.smt2,76.9685,0,1913,成功
/pub/data/jiafq/iscas/Parser_Comparison/../benchmarks/part27/non-incremental/QF_BV/sage/app8/bench_459.smt2,10.222,0,135,成功
/pub/data/jiafq/iscas/Parser_Comparison/../benchmarks/part27/non-incremental/QF_BV/sage/app8/bench_46.smt2,6.78706,0,189,成功
/pub/data/jiafq/iscas/Parser_Comparison/../benchmarks/part27/non-incremental/QF_BV/sage/app8/bench_460.smt2,76.6702,0,1917,成功
/pub/data/jiafq/iscas/Parser_Comparison/../benchmarks/part27/non-incremental/QF_BV/sage/app8/bench_461.smt2,83.7894,0,1918,成功
/pub/data/jiafq/iscas/Parser_Comparison/../benchmarks/part27/non-incremental/QF_BV/sage/app8/bench_462.smt2,77.5926,0,1912,成功
/pub/data/jiafq/iscas/Parser_Comparison/../benchmarks/part27/non-incremental/QF_BV/sage/app8/bench_463.smt2,80.5369,0,1913,成功
/pub/data/jiafq/iscas/Parser_Comparison/../benchmarks/part27/non-incremental/QF_BV/sage/app8/bench_464.smt2,76.5904,0,1917,成功
/pub/data/jiafq/iscas/Parser_Comparison/../benchmarks/part27/non-incremental/QF_BV/sage/app8/bench_465.smt2,79.1326,0,1918,成功
/pub/data/jiafq/iscas/Parser_Comparison/../benchmarks/part27/non-incremental/QF_BV/sage/app8/bench_466.smt2,78.3072,0,1912,成功
/pub/data/jiafq/iscas/Parser_Comparison/../benchmarks/part27/non-incremental/QF_BV/sage/app8/bench_467.smt2,77.5462,0,1913,成功
/pub/data/jiafq/iscas/Parser_Comparison/../benchmarks/part27/non-incremental/QF_BV/sage/app8/bench_468.smt2,80.9376,0,1917,成功
/pub/data/jiafq/iscas/Parser_Comparison/../benchmarks/part27/non-incremental/QF_BV/sage/app8/bench_469.smt2,78.7678,0,1918,成功
/pub/data/jiafq/iscas/Parser_Comparison/../benchmarks/part27/non-incremental/QF_BV/sage/app8/bench_47.smt2,12.732,0,187,成功
/pub/data/jiafq/iscas/Parser_Comparison/../benchmarks/part27/non-incremental/QF_BV/sage/app8/bench_470.smt2,3.67225,0,31,成功
/pub/data/jiafq/iscas/Parser_Comparison/../benchmarks/part27/non-incremental/QF_BV/sage/app8/bench_471.smt2,74.5158,0,1911,成功
/pub/data/jiafq/iscas/Parser_Comparison/../benchmarks/part27/non-incremental/QF_BV/sage/app8/bench_472.smt2,77.8343,0,1912,成功
/pub/data/jiafq/iscas/Parser_Comparison/../benchmarks/part27/non-incremental/QF_BV/sage/app8/bench_473.smt2,78.776,0,1917,成功
/pub/data/jiafq/iscas/Parser_Comparison/../benchmarks/part27/non-incremental/QF_BV/sage/app8/bench_474.smt2,81.5268,0,1918,成功
/pub/data/jiafq/iscas/Parser_Comparison/../benchmarks/part27/non-incremental/QF_BV/sage/app8/bench_475.smt2,84.9667,0,1911,成功
/pub/data/jiafq/iscas/Parser_Comparison/../benchmarks/part27/non-incremental/QF_BV/sage/app8/bench_476.smt2,75.0313,0,1912,成功
/pub/data/jiafq/iscas/Parser_Comparison/../benchmarks/part27/non-incremental/QF_BV/sage/app8/bench_477.smt2,79.1231,0,1917,成功
/pub/data/jiafq/iscas/Parser_Comparison/../benchmarks/part27/non-incremental/QF_BV/sage/app8/bench_478.smt2,81.8093,0,1918,成功
/pub/data/jiafq/iscas/Parser_Comparison/../benchmarks/part27/non-incremental/QF_BV/sage/app8/bench_479.smt2,72.0023,0,1911,成功
/pub/data/jiafq/iscas/Parser_Comparison/../benchmarks/part27/non-incremental/QF_BV/sage/app8/bench_48.smt2,15.5554,0,235,成功
/pub/data/jiafq/iscas/Parser_Comparison/../benchmarks/part27/non-incremental/QF_BV/sage/app8/bench_480.smt2,74.3936,0,1912,成功
/pub/data/jiafq/iscas/Parser_Comparison/../benchmarks/part27/non-incremental/QF_BV/sage/app8/bench_481.smt2,3.66325,0,31,成功
/pub/data/jiafq/iscas/Parser_Comparison/../benchmarks/part27/non-incremental/QF_BV/sage/app8/bench_482.smt2,79.8748,0,1917,成功
/pub/data/jiafq/iscas/Parser_Comparison/../benchmarks/part27/non-incremental/QF_BV/sage/app8/bench_483.smt2,84.5371,0,1918,成功
/pub/data/jiafq/iscas/Parser_Comparison/../benchmarks/part27/non-incremental/QF_BV/sage/app8/bench_484.smt2,79.8186,0,1911,成功
/pub/data/jiafq/iscas/Parser_Comparison/../benchmarks/part27/non-incremental/QF_BV/sage/app8/bench_485.smt2,76.3706,0,1912,成功
/pub/data/jiafq/iscas/Parser_Comparison/../benchmarks/part27/non-incremental/QF_BV/sage/app8/bench_486.smt2,86.6135,0,1917,成功
/pub/data/jiafq/iscas/Parser_Comparison/../benchmarks/part27/non-incremental/QF_BV/sage/app8/bench_487.smt2,73.9589,0,1918,成功
/pub/data/jiafq/iscas/Parser_Comparison/../benchmarks/part27/non-incremental/QF_BV/sage/app8/bench_488.smt2,81.7928,0,1911,成功
/pub/data/jiafq/iscas/Parser_Comparison/../benchmarks/part27/non-incremental/QF_BV/sage/app8/bench_489.smt2,76.1121,0,1912,成功
/pub/data/jiafq/iscas/Parser_Comparison/../benchmarks/part27/non-incremental/QF_BV/sage/app8/bench_49.smt2,9.19791,0,183,成功
/pub/data/jiafq/iscas/Parser_Comparison/../benchmarks/part27/non-incremental/QF_BV/sage/app8/bench_490.smt2,82.1666,0,1917,成功
/pub/data/jiafq/iscas/Parser_Comparison/../benchmarks/part27/non-incremental/QF_BV/sage/app8/bench_491.smt2,76.8624,0,1918,成功
/pub/data/jiafq/iscas/Parser_Comparison/../benchmarks/part27/non-incremental/QF_BV/sage/app8/bench_492.smt2,6.09107,0,134,成功
/pub/data/jiafq/iscas/Parser_Comparison/../benchmarks/part27/non-incremental/QF_BV/sage/app8/bench_493.smt2,84.1286,0,1911,成功
/pub/data/jiafq/iscas/Parser_Comparison/../benchmarks/part27/non-incremental/QF_BV/sage/app8/bench_494.smt2,79.4361,0,1912,成功
/pub/data/jiafq/iscas/Parser_Comparison/../benchmarks/part27/non-incremental/QF_BV/sage/app8/bench_495.smt2,81.6513,0,1917,成功
/pub/data/jiafq/iscas/Parser_Comparison/../benchmarks/part27/non-incremental/QF_BV/sage/app8/bench_496.smt2,76.1103,0,1918,成功
/pub/data/jiafq/iscas/Parser_Comparison/../benchmarks/part27/non-incremental/QF_BV/sage/app8/bench_497.smt2,73.7413,0,1910,成功
/pub/data/jiafq/iscas/Parser_Comparison/../benchmarks/part27/non-incremental/QF_BV/sage/app8/bench_498.smt2,83.6088,0,1911,成功
/pub/data/jiafq/iscas/Parser_Comparison/../benchmarks/part27/non-incremental/QF_BV/sage/app8/bench_499.smt2,85.3893,0,1917,成功
/pub/data/jiafq/iscas/Parser_Comparison/../benchmarks/part27/non-incremental/QF_BV/sage/app8/bench_5.smt2,6.47657,0,92,成功
/pub/data/jiafq/iscas/Parser_Comparison/../benchmarks/part27/non-incremental/QF_BV/sage/app8/bench_50.smt2,13.1186,0,177,成功
/pub/data/jiafq/iscas/Parser_Comparison/../benchmarks/part27/non-incremental/QF_BV/sage/app8/bench_500.smt2,80.3433,0,1918,成功
/pub/data/jiafq/iscas/Parser_Comparison/../benchmarks/part27/non-incremental/QF_BV/sage/app8/bench_501.smt2,85.4995,0,1911,成功
/pub/data/jiafq/iscas/Parser_Comparison/../benchmarks/part27/non-incremental/QF_BV/sage/app8/bench_502.smt2,80.6573,0,1906,成功
/pub/data/jiafq/iscas/Parser_Comparison/../benchmarks/part27/non-incremental/QF_BV/sage/app8/bench_503.smt2,7.85906,0,135,成功
/pub/data/jiafq/iscas/Parser_Comparison/../benchmarks/part27/non-incremental/QF_BV/sage/app8/bench_504.smt2,78.8885,0,1903,成功
/pub/data/jiafq/iscas/Parser_Comparison/../benchmarks/part27/non-incremental/QF_BV/sage/app8/bench_505.smt2,81.184,0,1904,成功
/pub/data/jiafq/iscas/Parser_Comparison/../benchmarks/part27/non-incremental/QF_BV/sage/app8/bench_506.smt2,80.128,0,1905,成功
/pub/data/jiafq/iscas/Parser_Comparison/../benchmarks/part27/non-incremental/QF_BV/sage/app8/bench_507.smt2,79.9262,0,1904,成功
/pub/data/jiafq/iscas/Parser_Comparison/../benchmarks/part27/non-incremental/QF_BV/sage/app8/bench_508.smt2,74.007,0,1905,成功
/pub/data/jiafq/iscas/Parser_Comparison/../benchmarks/part27/non-incremental/QF_BV/sage/app8/bench_509.smt2,76.4658,0,1904,成功
/pub/data/jiafq/iscas/Parser_Comparison/../benchmarks/part27/non-incremental/QF_BV/sage/app8/bench_51.smt2,38.6882,0,895,成功
/pub/data/jiafq/iscas/Parser_Comparison/../benchmarks/part27/non-incremental/QF_BV/sage/app8/bench_510.smt2,76.1165,0,1905,成功
/pub/data/jiafq/iscas/Parser_Comparison/../benchmarks/part27/non-incremental/QF_BV/sage/app8/bench_511.smt2,83.6314,0,1901,成功
/pub/data/jiafq/iscas/Parser_Comparison/../benchmarks/part27/non-incremental/QF_BV/sage/app8/bench_512.smt2,80.3833,0,1899,成功
/pub/data/jiafq/iscas/Parser_Comparison/../benchmarks/part27/non-incremental/QF_BV/sage/app8/bench_513.smt2,75.827,0,1898,成功
/pub/data/jiafq/iscas/Parser_Comparison/../benchmarks/part27/non-incremental/QF_BV/sage/app8/bench_514.smt2,3.59521,0,31,成功
/pub/data/jiafq/iscas/Parser_Comparison/../benchmarks/part27/non-incremental/QF_BV/sage/app8/bench_515.smt2,76.2173,0,1896,成功
/pub/data/jiafq/iscas/Parser_Comparison/../benchmarks/part27/non-incremental/QF_BV/sage/app8/bench_52.smt2,40.6181,0,894,成功
/pub/data/jiafq/iscas/Parser_Comparison/../benchmarks/part27/non-incremental/QF_BV/sage/app8/bench_520.smt2,32.9287,0,722,成功
/pub/data/jiafq/iscas/Parser_Comparison/../benchmarks/part27/non-incremental/QF_BV/sage/app8/bench_521.smt2,29.7034,0,720,成功
/pub/data/jiafq/iscas/Parser_Comparison/../benchmarks/part27/non-incremental/QF_BV/sage/app8/bench_522.smt2,31.6384,0,719,成功
/pub/data/jiafq/iscas/Parser_Comparison/../benchmarks/part27/non-incremental/QF_BV/sage/app8/bench_524.smt2,30.6405,0,713,成功
/pub/data/jiafq/iscas/Parser_Comparison/../benchmarks/part27/non-incremental/QF_BV/sage/app8/bench_525.smt2,2.28362,0,31,成功
/pub/data/jiafq/iscas/Parser_Comparison/../benchmarks/part27/non-incremental/QF_BV/sage/app8/bench_527.smt2,5.37219,0,65,成功
/pub/data/jiafq/iscas/Parser_Comparison/../benchmarks/part27/non-incremental/QF_BV/sage/app8/bench_528.smt2,5.39377,0,66,成功
/pub/data/jiafq/iscas/Parser_Comparison/../benchmarks/part27/non-incremental/QF_BV/sage/app8/bench_529.smt2,5.27762,0,65,成功
/pub/data/jiafq/iscas/Parser_Comparison/../benchmarks/part27/non-incremental/QF_BV/sage/app8/bench_53.smt2,97.5272,0,2337,成功
/pub/data/jiafq/iscas/Parser_Comparison/../benchmarks/part27/non-incremental/QF_BV/sage/app8/bench_530.smt2,3.24928,0,66,成功
/pub/data/jiafq/iscas/Parser_Comparison/../benchmarks/part27/non-incremental/QF_BV/sage/app8/bench_532.smt2,1.95838,0,25,成功
/pub/data/jiafq/iscas/Parser_Comparison/../benchmarks/part27/non-incremental/QF_BV/sage/app8/bench_533.smt2,3.34751,0,25,成功
/pub/data/jiafq/iscas/Parser_Comparison/../benchmarks/part27/non-incremental/QF_BV/sage/app8/bench_536.smt2,6.13502,0,133,成功
/pub/data/jiafq/iscas/Parser_Comparison/../benchmarks/part27/non-incremental/QF_BV/sage/app8/bench_537.smt2,32.7855,0,709,成功
/pub/data/jiafq/iscas/Parser_Comparison/../benchmarks/part27/non-incremental/QF_BV/sage/app8/bench_538.smt2,72.6727,0,1898,成功
/pub/data/jiafq/iscas/Parser_Comparison/../benchmarks/part27/non-incremental/QF_BV/sage/app8/bench_539.smt2,81.3109,0,1897,成功
/pub/data/jiafq/iscas/Parser_Comparison/../benchmarks/part27/non-incremental/QF_BV/sage/app8/bench_54.smt2,107.544,0,2338,成功
/pub/data/jiafq/iscas/Parser_Comparison/../benchmarks/part27/non-incremental/QF_BV/sage/app8/bench_540.smt2,80.0623,0,1898,成功
/pub/data/jiafq/iscas/Parser_Comparison/../benchmarks/part27/non-incremental/QF_BV/sage/app8/bench_541.smt2,84.2898,0,1896,成功
/pub/data/jiafq/iscas/Parser_Comparison/../benchmarks/part27/non-incremental/QF_BV/sage/app8/bench_542.smt2,79.6584,0,1894,成功
/pub/data/jiafq/iscas/Parser_Comparison/../benchmarks/part27/non-incremental/QF_BV/sage/app8/bench_543.smt2,80.297,0,1892,成功
/pub/data/jiafq/iscas/Parser_Comparison/../benchmarks/part27/non-incremental/QF_BV/sage/app8/bench_544.smt2,75.2891,0,1890,成功
/pub/data/jiafq/iscas/Parser_Comparison/../benchmarks/part27/non-incremental/QF_BV/sage/app8/bench_545.smt2,76.07,0,1888,成功
/pub/data/jiafq/iscas/Parser_Comparison/../benchmarks/part27/non-incremental/QF_BV/sage/app8/bench_546.smt2,72.4142,0,1885,成功
/pub/data/jiafq/iscas/Parser_Comparison/../benchmarks/part27/non-incremental/QF_BV/sage/app8/bench_547.smt2,9.78677,0,134,成功
/pub/data/jiafq/iscas/Parser_Comparison/../benchmarks/part27/non-incremental/QF_BV/sage/app8/bench_548.smt2,78.999,0,1883,成功
/pub/data/jiafq/iscas/Parser_Comparison/../benchmarks/part27/non-incremental/QF_BV/sage/app8/bench_549.smt2,77.4653,0,1883,成功
/pub/data/jiafq/iscas/Parser_Comparison/../benchmarks/part27/non-incremental/QF_BV/sage/app8/bench_55.smt2,98.5637,0,2337,成功
/pub/data/jiafq/iscas/Parser_Comparison/../benchmarks/part27/non-incremental/QF_BV/sage/app8/bench_550.smt2,75.6665,0,1882,成功
/pub/data/jiafq/iscas/Parser_Comparison/../benchmarks/part27/non-incremental/QF_BV/sage/app8/bench_551.smt2,68.9909,0,1877,成功
/pub/data/jiafq/iscas/Parser_Comparison/../benchmarks/part27/non-incremental/QF_BV/sage/app8/bench_552.smt2,80.2591,0,1874,成功
/pub/data/jiafq/iscas/Parser_Comparison/../benchmarks/part27/non-incremental/QF_BV/sage/app8/bench_554.smt2,79.8173,0,1873,成功
/pub/data/jiafq/iscas/Parser_Comparison/../benchmarks/part27/non-incremental/QF_BV/sage/app8/bench_555.smt2,81.0907,0,1871,成功
/pub/data/jiafq/iscas/Parser_Comparison/../benchmarks/part27/non-incremental/QF_BV/sage/app8/bench_557.smt2,71.962,0,1864,成功
/pub/data/jiafq/iscas/Parser_Comparison/../benchmarks/part27/non-incremental/QF_BV/sage/app8/bench_558.smt2,2.34942,0,42,成功
/pub/data/jiafq/iscas/Parser_Comparison/../benchmarks/part27/non-incremental/QF_BV/sage/app8/bench_559.smt2,1.99576,0,31,成功
/pub/data/jiafq/iscas/Parser_Comparison/../benchmarks/part27/non-incremental/QF_BV/sage/app8/bench_56.smt2,104.576,0,2336,成功
/pub/data/jiafq/iscas/Parser_Comparison/../benchmarks/part27/non-incremental/QF_BV/sage/app8/bench_560.smt2,75.378,0,1863,成功
/pub/data/jiafq/iscas/Parser_Comparison/../benchmarks/part27/non-incremental/QF_BV/sage/app8/bench_561.smt2,77.3677,0,1858,成功
/pub/data/jiafq/iscas/Parser_Comparison/../benchmarks/part27/non-incremental/QF_BV/sage/app8/bench_562.smt2,74.5838,0,1860,成功
/pub/data/jiafq/iscas/Parser_Comparison/../benchmarks/part27/non-incremental/QF_BV/sage/app8/bench_563.smt2,75.3824,0,1859,成功
/pub/data/jiafq/iscas/Parser_Comparison/../benchmarks/part27/non-incremental/QF_BV/sage/app8/bench_564.smt2,72.7386,0,1854,成功
/pub/data/jiafq/iscas/Parser_Comparison/../benchmarks/part27/non-incremental/QF_BV/sage/app8/bench_565.smt2,80.4645,0,1856,成功
/pub/data/jiafq/iscas/Parser_Comparison/../benchmarks/part27/non-incremental/QF_BV/sage/app8/bench_566.smt2,74.018,0,1855,成功
/pub/data/jiafq/iscas/Parser_Comparison/../benchmarks/part27/non-incremental/QF_BV/sage/app8/bench_567.smt2,75.7786,0,1850,成功
/pub/data/jiafq/iscas/Parser_Comparison/../benchmarks/part27/non-incremental/QF_BV/sage/app8/bench_568.smt2,72.5797,0,1850,成功
/pub/data/jiafq/iscas/Parser_Comparison/../benchmarks/part27/non-incremental/QF_BV/sage/app8/bench_569.smt2,78.8487,0,1848,成功
/pub/data/jiafq/iscas/Parser_Comparison/../benchmarks/part27/non-incremental/QF_BV/sage/app8/bench_57.smt2,102.531,0,2335,成功
/pub/data/jiafq/iscas/Parser_Comparison/../benchmarks/part27/non-incremental/QF_BV/sage/app8/bench_570.smt2,2.11558,0,31,成功
/pub/data/jiafq/iscas/Parser_Comparison/../benchmarks/part27/non-incremental/QF_BV/sage/app8/bench_571.smt2,79.0403,0,1847,成功
/pub/data/jiafq/iscas/Parser_Comparison/../benchmarks/part27/non-incremental/QF_BV/sage/app8/bench_572.smt2,75.6625,0,1846,成功
/pub/data/jiafq/iscas/Parser_Comparison/../benchmarks/part27/non-incremental/QF_BV/sage/app8/bench_573.smt2,76.1186,0,1845,成功
/pub/data/jiafq/iscas/Parser_Comparison/../benchmarks/part27/non-incremental/QF_BV/sage/app8/bench_574.smt2,78.9634,0,1843,成功
/pub/data/jiafq/iscas/Parser_Comparison/../benchmarks/part27/non-incremental/QF_BV/sage/app8/bench_575.smt2,79.6751,0,1841,成功
/pub/data/jiafq/iscas/Parser_Comparison/../benchmarks/part27/non-incremental/QF_BV/sage/app8/bench_576.smt2,72.4404,0,1839,成功
/pub/data/jiafq/iscas/Parser_Comparison/../benchmarks/part27/non-incremental/QF_BV/sage/app8/bench_577.smt2,72.9626,0,1838,成功
/pub/data/jiafq/iscas/Parser_Comparison/../benchmarks/part27/non-incremental/QF_BV/sage/app8/bench_578.smt2,79.2356,0,1836,成功
/pub/data/jiafq/iscas/Parser_Comparison/../benchmarks/part27/non-incremental/QF_BV/sage/app8/bench_579.smt2,81.7402,0,1835,成功
/pub/data/jiafq/iscas/Parser_Comparison/../benchmarks/part27/non-incremental/QF_BV/sage/app8/bench_58.smt2,101.993,0,2334,成功
/pub/data/jiafq/iscas/Parser_Comparison/../benchmarks/part27/non-incremental/QF_BV/sage/app8/bench_580.smt2,73.7715,0,1833,成功
/pub/data/jiafq/iscas/Parser_Comparison/../benchmarks/part27/non-incremental/QF_BV/sage/app8/bench_581.smt2,4.91227,0,132,成功
/pub/data/jiafq/iscas/Parser_Comparison/../benchmarks/part27/non-incremental/QF_BV/sage/app8/bench_582.smt2,74.6651,0,1831,成功
/pub/data/jiafq/iscas/Parser_Comparison/../benchmarks/part27/non-incremental/QF_BV/sage/app8/bench_583.smt2,77.5477,0,1829,成功
/pub/data/jiafq/iscas/Parser_Comparison/../benchmarks/part27/non-incremental/QF_BV/sage/app8/bench_584.smt2,75.9057,0,1826,成功
/pub/data/jiafq/iscas/Parser_Comparison/../benchmarks/part27/non-incremental/QF_BV/sage/app8/bench_585.smt2,79.941,0,1825,成功
/pub/data/jiafq/iscas/Parser_Comparison/../benchmarks/part27/non-incremental/QF_BV/sage/app8/bench_586.smt2,77.1189,0,1822,成功
/pub/data/jiafq/iscas/Parser_Comparison/../benchmarks/part27/non-incremental/QF_BV/sage/app8/bench_587.smt2,68.0818,0,1820,成功
/pub/data/jiafq/iscas/Parser_Comparison/../benchmarks/part27/non-incremental/QF_BV/sage/app8/bench_588.smt2,74.5882,0,1817,成功
/pub/data/jiafq/iscas/Parser_Comparison/../benchmarks/part27/non-incremental/QF_BV/sage/app8/bench_589.smt2,72.3389,0,1816,成功
/pub/data/jiafq/iscas/Parser_Comparison/../benchmarks/part27/non-incremental/QF_BV/sage/app8/bench_59.smt2,14.3284,0,232,成功
/pub/data/jiafq/iscas/Parser_Comparison/../benchmarks/part27/non-incremental/QF_BV/sage/app8/bench_590.smt2,73.1523,0,1814,成功
/pub/data/jiafq/iscas/Parser_Comparison/../benchmarks/part27/non-incremental/QF_BV/sage/app8/bench_591.smt2,74.4657,0,1809,成功
/pub/data/jiafq/iscas/Parser_Comparison/../benchmarks/part27/non-incremental/QF_BV/sage/app8/bench_592.smt2,9.80113,0,133,成功
/pub/data/jiafq/iscas/Parser_Comparison/../benchmarks/part27/non-incremental/QF_BV/sage/app8/bench_593.smt2,70.9683,0,1811,成功
/pub/data/jiafq/iscas/Parser_Comparison/../benchmarks/part27/non-incremental/QF_BV/sage/app8/bench_594.smt2,67.672,0,1810,成功
/pub/data/jiafq/iscas/Parser_Comparison/../benchmarks/part27/non-incremental/QF_BV/sage/app8/bench_595.smt2,78.6296,0,1805,成功
/pub/data/jiafq/iscas/Parser_Comparison/../benchmarks/part27/non-incremental/QF_BV/sage/app8/bench_596.smt2,74.951,0,1804,成功
/pub/data/jiafq/iscas/Parser_Comparison/../benchmarks/part27/non-incremental/QF_BV/sage/app8/bench_597.smt2,75.3994,0,1803,成功
/pub/data/jiafq/iscas/Parser_Comparison/../benchmarks/part27/non-incremental/QF_BV/sage/app8/bench_598.smt2,66.6742,0,1800,成功
/pub/data/jiafq/iscas/Parser_Comparison/../benchmarks/part27/non-incremental/QF_BV/sage/app8/bench_599.smt2,73.4353,0,1798,成功
/pub/data/jiafq/iscas/Parser_Comparison/../benchmarks/part27/non-incremental/QF_BV/sage/app8/bench_6.smt2,3.78037,0,93,成功
/pub/data/jiafq/iscas/Parser_Comparison/../benchmarks/part27/non-incremental/QF_BV/sage/app8/bench_60.smt2,101.785,0,2333,成功
/pub/data/jiafq/iscas/Parser_Comparison/../benchmarks/part27/non-incremental/QF_BV/sage/app8/bench_601.smt2,74.4626,0,1796,成功
/pub/data/jiafq/iscas/Parser_Comparison/../benchmarks/part27/non-incremental/QF_BV/sage/app8/bench_602.smt2,70.4135,0,1793,成功
/pub/data/jiafq/iscas/Parser_Comparison/../benchmarks/part27/non-incremental/QF_BV/sage/app8/bench_603.smt2,3.70545,220,31,成功
/pub/data/jiafq/iscas/Parser_Comparison/../benchmarks/part27/non-incremental/QF_BV/sage/app8/bench_604.smt2,75.0228,0,1789,成功
/pub/data/jiafq/iscas/Parser_Comparison/../benchmarks/part27/non-incremental/QF_BV/sage/app8/bench_607.smt2,74.6277,0,1803,成功
/pub/data/jiafq/iscas/Parser_Comparison/../benchmarks/part27/non-incremental/QF_BV/sage/app8/bench_608.smt2,75.3894,0,1802,成功
/pub/data/jiafq/iscas/Parser_Comparison/../benchmarks/part27/non-incremental/QF_BV/sage/app8/bench_609.smt2,73.1754,0,1803,成功
/pub/data/jiafq/iscas/Parser_Comparison/../benchmarks/part27/non-incremental/QF_BV/sage/app8/bench_61.smt2,98.9059,0,2332,成功
/pub/data/jiafq/iscas/Parser_Comparison/../benchmarks/part27/non-incremental/QF_BV/sage/app8/bench_610.smt2,73.7297,0,1800,成功
/pub/data/jiafq/iscas/Parser_Comparison/../benchmarks/part27/non-incremental/QF_BV/sage/app8/bench_611.smt2,73.7404,0,1798,成功
/pub/data/jiafq/iscas/Parser_Comparison/../benchmarks/part27/non-incremental/QF_BV/sage/app8/bench_612.smt2,63.6837,0,1795,成功
/pub/data/jiafq/iscas/Parser_Comparison/../benchmarks/part27/non-incremental/QF_BV/sage/app8/bench_613.smt2,75.8919,0,1792,成功
/pub/data/jiafq/iscas/Parser_Comparison/../benchmarks/part27/non-incremental/QF_BV/sage/app8/bench_614.smt2,3.71445,0,31,成功
/pub/data/jiafq/iscas/Parser_Comparison/../benchmarks/part27/non-incremental/QF_BV/sage/app8/bench_615.smt2,73.8583,0,1790,成功
/pub/data/jiafq/iscas/Parser_Comparison/../benchmarks/part27/non-incremental/QF_BV/sage/app8/bench_616.smt2,76.1151,0,1788,成功
/pub/data/jiafq/iscas/Parser_Comparison/../benchmarks/part27/non-incremental/QF_BV/sage/app8/bench_617.smt2,76.1257,0,1788,成功
/pub/data/jiafq/iscas/Parser_Comparison/../benchmarks/part27/non-incremental/QF_BV/sage/app8/bench_618.smt2,72.9869,0,1786,成功
/pub/data/jiafq/iscas/Parser_Comparison/../benchmarks/part27/non-incremental/QF_BV/sage/app8/bench_619.smt2,71.7807,0,1779,成功
/pub/data/jiafq/iscas/Parser_Comparison/../benchmarks/part27/non-incremental/QF_BV/sage/app8/bench_62.smt2,102.389,0,2331,成功
/pub/data/jiafq/iscas/Parser_Comparison/../benchmarks/part27/non-incremental/QF_BV/sage/app8/bench_620.smt2,70.8908,0,1779,成功
/pub/data/jiafq/iscas/Parser_Comparison/../benchmarks/part27/non-incremental/QF_BV/sage/app8/bench_622.smt2,75.9122,0,1776,成功
/pub/data/jiafq/iscas/Parser_Comparison/../benchmarks/part27/non-incremental/QF_BV/sage/app8/bench_623.smt2,75.8105,0,1774,成功
/pub/data/jiafq/iscas/Parser_Comparison/../benchmarks/part27/non-incremental/QF_BV/sage/app8/bench_625.smt2,6.9657,0,131,成功
/pub/data/jiafq/iscas/Parser_Comparison/../benchmarks/part27/non-incremental/QF_BV/sage/app8/bench_626.smt2,74.4246,0,1764,成功
/pub/data/jiafq/iscas/Parser_Comparison/../benchmarks/part27/non-incremental/QF_BV/sage/app8/bench_627.smt2,72.8584,0,1763,成功
/pub/data/jiafq/iscas/Parser_Comparison/../benchmarks/part27/non-incremental/QF_BV/sage/app8/bench_628.smt2,72.6092,0,1763,成功
/pub/data/jiafq/iscas/Parser_Comparison/../benchmarks/part27/non-incremental/QF_BV/sage/app8/bench_629.smt2,75.1776,0,1761,成功
/pub/data/jiafq/iscas/Parser_Comparison/../benchmarks/part27/non-incremental/QF_BV/sage/app8/bench_63.smt2,101.249,0,2329,成功
/pub/data/jiafq/iscas/Parser_Comparison/../benchmarks/part27/non-incremental/QF_BV/sage/app8/bench_630.smt2,71.3342,0,1759,成功
/pub/data/jiafq/iscas/Parser_Comparison/../benchmarks/part27/non-incremental/QF_BV/sage/app8/bench_631.smt2,71.4548,0,1756,成功
/pub/data/jiafq/iscas/Parser_Comparison/../benchmarks/part27/non-incremental/QF_BV/sage/app8/bench_632.smt2,71.2876,0,1753,成功
/pub/data/jiafq/iscas/Parser_Comparison/../benchmarks/part27/non-incremental/QF_BV/sage/app8/bench_633.smt2,68.7149,0,1750,成功
/pub/data/jiafq/iscas/Parser_Comparison/../benchmarks/part27/non-incremental/QF_BV/sage/app8/bench_634.smt2,73.1729,0,1747,成功
/pub/data/jiafq/iscas/Parser_Comparison/../benchmarks/part27/non-incremental/QF_BV/sage/app8/bench_635.smt2,70.6074,0,1744,成功
/pub/data/jiafq/iscas/Parser_Comparison/../benchmarks/part27/non-incremental/QF_BV/sage/app8/bench_636.smt2,9.11433,0,127,成功
/pub/data/jiafq/iscas/Parser_Comparison/../benchmarks/part27/non-incremental/QF_BV/sage/app8/bench_637.smt2,71.4097,0,1744,成功
/pub/data/jiafq/iscas/Parser_Comparison/../benchmarks/part27/non-incremental/QF_BV/sage/app8/bench_638.smt2,66.2843,0,1746,成功
/pub/data/jiafq/iscas/Parser_Comparison/../benchmarks/part27/non-incremental/QF_BV/sage/app8/bench_639.smt2,73.9053,0,1738,成功
/pub/data/jiafq/iscas/Parser_Comparison/../benchmarks/part27/non-incremental/QF_BV/sage/app8/bench_64.smt2,106.965,0,2327,成功
/pub/data/jiafq/iscas/Parser_Comparison/../benchmarks/part27/non-incremental/QF_BV/sage/app8/bench_640.smt2,70.9368,0,1735,成功
/pub/data/jiafq/iscas/Parser_Comparison/../benchmarks/part27/non-incremental/QF_BV/sage/app8/bench_642.smt2,72.77,0,1736,成功
/pub/data/jiafq/iscas/Parser_Comparison/../benchmarks/part27/non-incremental/QF_BV/sage/app8/bench_643.smt2,67.6187,0,1735,成功
/pub/data/jiafq/iscas/Parser_Comparison/../benchmarks/part27/non-incremental/QF_BV/sage/app8/bench_645.smt2,77.6437,0,1722,成功
/pub/data/jiafq/iscas/Parser_Comparison/../benchmarks/part27/non-incremental/QF_BV/sage/app8/bench_646.smt2,72.6776,0,1721,成功
/pub/data/jiafq/iscas/Parser_Comparison/../benchmarks/part27/non-incremental/QF_BV/sage/app8/bench_647.smt2,5.84626,0,122,成功
/pub/data/jiafq/iscas/Parser_Comparison/../benchmarks/part27/non-incremental/QF_BV/sage/app8/bench_648.smt2,65.9591,0,1723,成功
/pub/data/jiafq/iscas/Parser_Comparison/../benchmarks/part27/non-incremental/QF_BV/sage/app8/bench_649.smt2,65.3853,0,1719,成功
/pub/data/jiafq/iscas/Parser_Comparison/../benchmarks/part27/non-incremental/QF_BV/sage/app8/bench_65.smt2,97.8524,0,2326,成功
/pub/data/jiafq/iscas/Parser_Comparison/../benchmarks/part27/non-incremental/QF_BV/sage/app8/bench_650.smt2,70.6593,0,1717,成功
/pub/data/jiafq/iscas/Parser_Comparison/../benchmarks/part27/non-incremental/QF_BV/sage/app8/bench_651.smt2,66.423,0,1717,成功
/pub/data/jiafq/iscas/Parser_Comparison/../benchmarks/part27/non-incremental/QF_BV/sage/app8/bench_652.smt2,64.1383,0,1717,成功
/pub/data/jiafq/iscas/Parser_Comparison/../benchmarks/part27/non-incremental/QF_BV/sage/app8/bench_653.smt2,64.0142,0,1713,成功
/pub/data/jiafq/iscas/Parser_Comparison/../benchmarks/part27/non-incremental/QF_BV/sage/app8/bench_654.smt2,70.2998,0,1708,成功
/pub/data/jiafq/iscas/Parser_Comparison/../benchmarks/part27/non-incremental/QF_BV/sage/app8/bench_656.smt2,69.4174,0,1710,成功
/pub/data/jiafq/iscas/Parser_Comparison/../benchmarks/part27/non-incremental/QF_BV/sage/app8/bench_657.smt2,69.1626,0,1705,成功
/pub/data/jiafq/iscas/Parser_Comparison/../benchmarks/part27/non-incremental/QF_BV/sage/app8/bench_658.smt2,13.635,0,227,成功
/pub/data/jiafq/iscas/Parser_Comparison/../benchmarks/part27/non-incremental/QF_BV/sage/app8/bench_66.smt2,13.3005,0,169,成功
/pub/data/jiafq/iscas/Parser_Comparison/../benchmarks/part27/non-incremental/QF_BV/sage/app8/bench_660.smt2,70.8943,0,1696,成功
/pub/data/jiafq/iscas/Parser_Comparison/../benchmarks/part27/non-incremental/QF_BV/sage/app8/bench_661.smt2,70.4233,0,1695,成功
/pub/data/jiafq/iscas/Parser_Comparison/../benchmarks/part27/non-incremental/QF_BV/sage/app8/bench_662.smt2,68.993,0,1696,成功
/pub/data/jiafq/iscas/Parser_Comparison/../benchmarks/part27/non-incremental/QF_BV/sage/app8/bench_663.smt2,71.2996,0,1692,成功
/pub/data/jiafq/iscas/Parser_Comparison/../benchmarks/part27/non-incremental/QF_BV/sage/app8/bench_664.smt2,64.6959,0,1689,成功
/pub/data/jiafq/iscas/Parser_Comparison/../benchmarks/part27/non-incremental/QF_BV/sage/app8/bench_665.smt2,66.0939,0,1688,成功
/pub/data/jiafq/iscas/Parser_Comparison/../benchmarks/part27/non-incremental/QF_BV/sage/app8/bench_666.smt2,65.9672,0,1685,成功
/pub/data/jiafq/iscas/Parser_Comparison/../benchmarks/part27/non-incremental/QF_BV/sage/app8/bench_667.smt2,62.3658,0,1682,成功
/pub/data/jiafq/iscas/Parser_Comparison/../benchmarks/part27/non-incremental/QF_BV/sage/app8/bench_668.smt2,61.7311,0,1679,成功
/pub/data/jiafq/iscas/Parser_Comparison/../benchmarks/part27/non-incremental/QF_BV/sage/app8/bench_669.smt2,5.02204,0,132,成功
/pub/data/jiafq/iscas/Parser_Comparison/../benchmarks/part27/non-incremental/QF_BV/sage/app8/bench_67.smt2,7.96346,0,167,成功
/pub/data/jiafq/iscas/Parser_Comparison/../benchmarks/part27/non-incremental/QF_BV/sage/app8/bench_670.smt2,11.3564,0,228,成功
/pub/data/jiafq/iscas/Parser_Comparison/../benchmarks/part27/non-incremental/QF_BV/sage/app8/bench_672.smt2,59.753,0,1678,成功
/pub/data/jiafq/iscas/Parser_Comparison/../benchmarks/part27/non-incremental/QF_BV/sage/app8/bench_673.smt2,69.2668,0,1672,成功
/pub/data/jiafq/iscas/Parser_Comparison/../benchmarks/part27/non-incremental/QF_BV/sage/app8/bench_68.smt2,8.79367,0,162,成功
/pub/data/jiafq/iscas/Parser_Comparison/../benchmarks/part27/non-incremental/QF_BV/sage/app8/bench_681.smt2,9.19197,0,120,成功
/pub/data/jiafq/iscas/Parser_Comparison/../benchmarks/part27/non-incremental/QF_BV/sage/app8/bench_682.smt2,3.03033,0,43,成功
/pub/data/jiafq/iscas/Parser_Comparison/../benchmarks/part27/non-incremental/QF_BV/sage/app8/bench_683.smt2,4.1209,0,43,成功
/pub/data/jiafq/iscas/Parser_Comparison/../benchmarks/part27/non-incremental/QF_BV/sage/app8/bench_69.smt2,39.737,0,887,成功
/pub/data/jiafq/iscas/Parser_Comparison/../benchmarks/part27/non-incremental/QF_BV/sage/app8/bench_691.smt2,66.515,0,1667,成功
/pub/data/jiafq/iscas/Parser_Comparison/../benchmarks/part27/non-incremental/QF_BV/sage/app8/bench_692.smt2,8.67758,0,119,成功
/pub/data/jiafq/iscas/Parser_Comparison/../benchmarks/part27/non-incremental/QF_BV/sage/app8/bench_693.smt2,66.8168,0,1667,成功
/pub/data/jiafq/iscas/Parser_Comparison/../benchmarks/part27/non-incremental/QF_BV/sage/app8/bench_694.smt2,68.3387,0,1663,成功
/pub/data/jiafq/iscas/Parser_Comparison/../benchmarks/part27/non-incremental/QF_BV/sage/app8/bench_695.smt2,67.2588,0,1659,成功
/pub/data/jiafq/iscas/Parser_Comparison/../benchmarks/part27/non-incremental/QF_BV/sage/app8/bench_696.smt2,66.3801,0,1654,成功
/pub/data/jiafq/iscas/Parser_Comparison/../benchmarks/part27/non-incremental/QF_BV/sage/app8/bench_697.smt2,66.3252,0,1653,成功
/pub/data/jiafq/iscas/Parser_Comparison/../benchmarks/part27/non-incremental/QF_BV/sage/app8/bench_698.smt2,72.1035,0,1652,成功
/pub/data/jiafq/iscas/Parser_Comparison/../benchmarks/part27/non-incremental/QF_BV/sage/app8/bench_699.smt2,66.1916,0,1650,成功
/pub/data/jiafq/iscas/Parser_Comparison/../benchmarks/part27/non-incremental/QF_BV/sage/app8/bench_7.smt2,6.76116,0,92,成功
/pub/data/jiafq/iscas/Parser_Comparison/../benchmarks/part27/non-incremental/QF_BV/sage/app8/bench_70.smt2,11.6569,0,229,成功
/pub/data/jiafq/iscas/Parser_Comparison/../benchmarks/part27/non-incremental/QF_BV/sage/app8/bench_700.smt2,67.0382,0,1648,成功
/pub/data/jiafq/iscas/Parser_Comparison/../benchmarks/part27/non-incremental/QF_BV/sage/app8/bench_701.smt2,67.8622,0,1647,成功
/pub/data/jiafq/iscas/Parser_Comparison/../benchmarks/part27/non-incremental/QF_BV/sage/app8/bench_702.smt2,69.9718,0,1645,成功
/pub/data/jiafq/iscas/Parser_Comparison/../benchmarks/part27/non-incremental/QF_BV/sage/app8/bench_703.smt2,4.06793,0,114,成功
/pub/data/jiafq/iscas/Parser_Comparison/../benchmarks/part27/non-incremental/QF_BV/sage/app8/bench_704.smt2,61.4695,0,1643,成功
/pub/data/jiafq/iscas/Parser_Comparison/../benchmarks/part27/non-incremental/QF_BV/sage/app8/bench_705.smt2,70.423,0,1641,成功
/pub/data/jiafq/iscas/Parser_Comparison/../benchmarks/part27/non-incremental/QF_BV/sage/app8/bench_706.smt2,63.4344,0,1639,成功
/pub/data/jiafq/iscas/Parser_Comparison/../benchmarks/part27/non-incremental/QF_BV/sage/app8/bench_707.smt2,66.6946,0,1637,成功
/pub/data/jiafq/iscas/Parser_Comparison/../benchmarks/part27/non-incremental/QF_BV/sage/app8/bench_708.smt2,70.4497,0,1635,成功
/pub/data/jiafq/iscas/Parser_Comparison/../benchmarks/part27/non-incremental/QF_BV/sage/app8/bench_709.smt2,65.3683,0,1633,成功
/pub/data/jiafq/iscas/Parser_Comparison/../benchmarks/part27/non-incremental/QF_BV/sage/app8/bench_71.smt2,39.4113,0,885,成功
/pub/data/jiafq/iscas/Parser_Comparison/../benchmarks/part27/non-incremental/QF_BV/sage/app8/bench_711.smt2,64.2543,0,1630,成功
/pub/data/jiafq/iscas/Parser_Comparison/../benchmarks/part27/non-incremental/QF_BV/sage/app8/bench_712.smt2,69.0945,0,1631,成功
/pub/data/jiafq/iscas/Parser_Comparison/../benchmarks/part27/non-incremental/QF_BV/sage/app8/bench_713.smt2,68.6148,0,1631,成功
/pub/data/jiafq/iscas/Parser_Comparison/../benchmarks/part27/non-incremental/QF_BV/sage/app8/bench_714.smt2,6.65356,0,111,成功
/pub/data/jiafq/iscas/Parser_Comparison/../benchmarks/part27/non-incremental/QF_BV/sage/app8/bench_715.smt2,66.7109,0,1632,成功
/pub/data/jiafq/iscas/Parser_Comparison/../benchmarks/part27/non-incremental/QF_BV/sage/app8/bench_716.smt2,64.4893,0,1630,成功
/pub/data/jiafq/iscas/Parser_Comparison/../benchmarks/part27/non-incremental/QF_BV/sage/app8/bench_717.smt2,62.6801,0,1631,成功
/pub/data/jiafq/iscas/Parser_Comparison/../benchmarks/part27/non-incremental/QF_BV/sage/app8/bench_718.smt2,69.5412,0,1631,成功
/pub/data/jiafq/iscas/Parser_Comparison/../benchmarks/part27/non-incremental/QF_BV/sage/app8/bench_719.smt2,66.8623,0,1632,成功
/pub/data/jiafq/iscas/Parser_Comparison/../benchmarks/part27/non-incremental/QF_BV/sage/app8/bench_72.smt2,39.8698,0,884,成功
/pub/data/jiafq/iscas/Parser_Comparison/../benchmarks/part27/non-incremental/QF_BV/sage/app8/bench_720.smt2,64.9703,0,1630,成功
/pub/data/jiafq/iscas/Parser_Comparison/../benchmarks/part27/non-incremental/QF_BV/sage/app8/bench_721.smt2,71.7837,0,1631,成功
/pub/data/jiafq/iscas/Parser_Comparison/../benchmarks/part27/non-incremental/QF_BV/sage/app8/bench_722.smt2,63.0393,0,1631,成功
/pub/data/jiafq/iscas/Parser_Comparison/../benchmarks/part27/non-incremental/QF_BV/sage/app8/bench_723.smt2,69.9821,0,1632,成功
平均值,49.5645,6.02,1146.87,100%
