文件名,解析时间(ms),内存使用(KB),AST节点数量,结果
/pub/data/jiafq/iscas/Parser_Comparison/../benchmarks/part3/non-incremental/QF_BV/20210312-Bouvier/vlsat3_g85.smt2,2550.62,0,74987,成功
/pub/data/jiafq/iscas/Parser_Comparison/../benchmarks/part3/non-incremental/QF_BV/20210312-Bouvier/vlsat3_g86.smt2,1788.34,0,45214,成功
/pub/data/jiafq/iscas/Parser_Comparison/../benchmarks/part3/non-incremental/QF_BV/20210312-Bouvier/vlsat3_g87.smt2,5760.89,0,151691,成功
/pub/data/jiafq/iscas/Parser_Comparison/../benchmarks/part3/non-incremental/QF_BV/20210312-Bouvier/vlsat3_g88.smt2,1145.08,0,33990,成功
/pub/data/jiafq/iscas/Parser_Comparison/../benchmarks/part3/non-incremental/QF_BV/20210312-Bouvier/vlsat3_g89.smt2,1998.03,0,60894,成功
/pub/data/jiafq/iscas/Parser_Comparison/../benchmarks/part3/non-incremental/QF_BV/20210312-Bouvier/vlsat3_g90.smt2,1839.94,0,39667,成功
/pub/data/jiafq/iscas/Parser_Comparison/../benchmarks/part3/non-incremental/QF_BV/20210312-Bouvier/vlsat3_g91.smt2,3448.52,0,68375,成功
/pub/data/jiafq/iscas/Parser_Comparison/../benchmarks/part3/non-incremental/QF_BV/20210312-Bouvier/vlsat3_g92.smt2,7094.1,0,167129,成功
/pub/data/jiafq/iscas/Parser_Comparison/../benchmarks/part3/non-incremental/QF_BV/20210312-Bouvier/vlsat3_g93.smt2,5967.79,0,89566,成功
/pub/data/jiafq/iscas/Parser_Comparison/../benchmarks/part3/non-incremental/QF_BV/20210312-Bouvier/vlsat3_g94.smt2,2048.9,0,61913,成功
/pub/data/jiafq/iscas/Parser_Comparison/../benchmarks/part3/non-incremental/QF_BV/20210312-Bouvier/vlsat3_g95.smt2,3327.62,0,70642,成功
/pub/data/jiafq/iscas/Parser_Comparison/../benchmarks/part3/non-incremental/QF_BV/20210312-Bouvier/vlsat3_g96.smt2,868.718,0,27583,成功
/pub/data/jiafq/iscas/Parser_Comparison/../benchmarks/part3/non-incremental/QF_BV/20210312-Bouvier/vlsat3_g97.smt2,3244.29,0,84654,成功
/pub/data/jiafq/iscas/Parser_Comparison/../benchmarks/part3/non-incremental/QF_BV/20210312-Bouvier/vlsat3_g98.smt2,7057.6,0,168765,成功
/pub/data/jiafq/iscas/Parser_Comparison/../benchmarks/part3/non-incremental/QF_BV/20210312-Bouvier/vlsat3_g99.smt2,4177.95,0,89998,成功
/pub/data/jiafq/iscas/Parser_Comparison/../benchmarks/part3/non-incremental/QF_BV/20220315-ecrw/rw_rule_candidate_vmcai_2022_bw512_1.smt2,2.85719,0,9,成功
/pub/data/jiafq/iscas/Parser_Comparison/../benchmarks/part3/non-incremental/QF_BV/20220315-ecrw/rw_rule_candidate_vmcai_2022_bw512_10.smt2,1.73135,0,9,成功
/pub/data/jiafq/iscas/Parser_Comparison/../benchmarks/part3/non-incremental/QF_BV/20220315-ecrw/rw_rule_candidate_vmcai_2022_bw512_11.smt2,2.2696,0,9,成功
/pub/data/jiafq/iscas/Parser_Comparison/../benchmarks/part3/non-incremental/QF_BV/20220315-ecrw/rw_rule_candidate_vmcai_2022_bw512_12.smt2,2.54063,0,7,成功
/pub/data/jiafq/iscas/Parser_Comparison/../benchmarks/part3/non-incremental/QF_BV/20220315-ecrw/rw_rule_candidate_vmcai_2022_bw512_13.smt2,2.94898,0,8,成功
/pub/data/jiafq/iscas/Parser_Comparison/../benchmarks/part3/non-incremental/QF_BV/20220315-ecrw/rw_rule_candidate_vmcai_2022_bw512_14.smt2,2.76874,0,8,成功
/pub/data/jiafq/iscas/Parser_Comparison/../benchmarks/part3/non-incremental/QF_BV/20220315-ecrw/rw_rule_candidate_vmcai_2022_bw512_15.smt2,1.6418,0,9,成功
/pub/data/jiafq/iscas/Parser_Comparison/../benchmarks/part3/non-incremental/QF_BV/20220315-ecrw/rw_rule_candidate_vmcai_2022_bw512_16.smt2,1.83685,0,9,成功
/pub/data/jiafq/iscas/Parser_Comparison/../benchmarks/part3/non-incremental/QF_BV/20220315-ecrw/rw_rule_candidate_vmcai_2022_bw512_17.smt2,2.0464,0,8,成功
/pub/data/jiafq/iscas/Parser_Comparison/../benchmarks/part3/non-incremental/QF_BV/20220315-ecrw/rw_rule_candidate_vmcai_2022_bw512_18.smt2,2.87492,0,9,成功
/pub/data/jiafq/iscas/Parser_Comparison/../benchmarks/part3/non-incremental/QF_BV/20220315-ecrw/rw_rule_candidate_vmcai_2022_bw512_19.smt2,2.7963,0,9,成功
/pub/data/jiafq/iscas/Parser_Comparison/../benchmarks/part3/non-incremental/QF_BV/20220315-ecrw/rw_rule_candidate_vmcai_2022_bw512_2.smt2,2.80225,0,9,成功
/pub/data/jiafq/iscas/Parser_Comparison/../benchmarks/part3/non-incremental/QF_BV/20220315-ecrw/rw_rule_candidate_vmcai_2022_bw512_20.smt2,2.95341,0,7,成功
/pub/data/jiafq/iscas/Parser_Comparison/../benchmarks/part3/non-incremental/QF_BV/20220315-ecrw/rw_rule_candidate_vmcai_2022_bw512_21.smt2,2.71588,0,8,成功
/pub/data/jiafq/iscas/Parser_Comparison/../benchmarks/part3/non-incremental/QF_BV/20220315-ecrw/rw_rule_candidate_vmcai_2022_bw512_22.smt2,2.32745,0,7,成功
/pub/data/jiafq/iscas/Parser_Comparison/../benchmarks/part3/non-incremental/QF_BV/20220315-ecrw/rw_rule_candidate_vmcai_2022_bw512_3.smt2,2.87341,0,6,成功
/pub/data/jiafq/iscas/Parser_Comparison/../benchmarks/part3/non-incremental/QF_BV/20220315-ecrw/rw_rule_candidate_vmcai_2022_bw512_4.smt2,2.9976,0,6,成功
/pub/data/jiafq/iscas/Parser_Comparison/../benchmarks/part3/non-incremental/QF_BV/20220315-ecrw/rw_rule_candidate_vmcai_2022_bw512_5.smt2,2.73751,0,8,成功
/pub/data/jiafq/iscas/Parser_Comparison/../benchmarks/part3/non-incremental/QF_BV/20220315-ecrw/rw_rule_candidate_vmcai_2022_bw512_6.smt2,1.38574,0,9,成功
/pub/data/jiafq/iscas/Parser_Comparison/../benchmarks/part3/non-incremental/QF_BV/20220315-ecrw/rw_rule_candidate_vmcai_2022_bw512_7.smt2,2.52226,0,10,成功
/pub/data/jiafq/iscas/Parser_Comparison/../benchmarks/part3/non-incremental/QF_BV/20220315-ecrw/rw_rule_candidate_vmcai_2022_bw512_8.smt2,2.71958,0,7,成功
/pub/data/jiafq/iscas/Parser_Comparison/../benchmarks/part3/non-incremental/QF_BV/20220315-ecrw/rw_rule_candidate_vmcai_2022_bw512_9.smt2,2.73932,0,8,成功
/pub/data/jiafq/iscas/Parser_Comparison/../benchmarks/part3/non-incremental/QF_BV/20221012-MCMPC/dualexecution/dualexecution.t1.i10.13c6c358.smt2,360.462,0,1,成功
/pub/data/jiafq/iscas/Parser_Comparison/../benchmarks/part3/non-incremental/QF_BV/20221012-MCMPC/dualexecution/dualexecution.t1.i10.1479bec4.smt2,348.235,0,1,成功
/pub/data/jiafq/iscas/Parser_Comparison/../benchmarks/part3/non-incremental/QF_BV/20221012-MCMPC/dualexecution/dualexecution.t1.i10.336e8419.smt2,351.549,0,1,成功
/pub/data/jiafq/iscas/Parser_Comparison/../benchmarks/part3/non-incremental/QF_BV/20221012-MCMPC/dualexecution/dualexecution.t1.i10.33c9241b.smt2,355.352,0,1,成功
/pub/data/jiafq/iscas/Parser_Comparison/../benchmarks/part3/non-incremental/QF_BV/20221012-MCMPC/dualexecution/dualexecution.t1.i10.50b187c8.smt2,341.484,0,1,成功
/pub/data/jiafq/iscas/Parser_Comparison/../benchmarks/part3/non-incremental/QF_BV/20221012-MCMPC/dualexecution/dualexecution.t1.i10.64a535ef.smt2,346.21,0,1,成功
/pub/data/jiafq/iscas/Parser_Comparison/../benchmarks/part3/non-incremental/QF_BV/20221012-MCMPC/dualexecution/dualexecution.t1.i10.6dca7079.smt2,346.831,0,1,成功
/pub/data/jiafq/iscas/Parser_Comparison/../benchmarks/part3/non-incremental/QF_BV/20221012-MCMPC/dualexecution/dualexecution.t1.i10.9111eb5f.smt2,349.755,224,1,成功
/pub/data/jiafq/iscas/Parser_Comparison/../benchmarks/part3/non-incremental/QF_BV/20221012-MCMPC/dualexecution/dualexecution.t1.i10.9a104991.smt2,359.889,0,1,成功
/pub/data/jiafq/iscas/Parser_Comparison/../benchmarks/part3/non-incremental/QF_BV/20221012-MCMPC/dualexecution/dualexecution.t1.i10.a8534f4c.smt2,355.252,0,1,成功
/pub/data/jiafq/iscas/Parser_Comparison/../benchmarks/part3/non-incremental/QF_BV/20221012-MCMPC/dualexecution/dualexecution.t1.i10.a963392d.smt2,346.939,0,1,成功
/pub/data/jiafq/iscas/Parser_Comparison/../benchmarks/part3/non-incremental/QF_BV/20221012-MCMPC/dualexecution/dualexecution.t1.i10.bf0c907c.smt2,346.947,0,1,成功
/pub/data/jiafq/iscas/Parser_Comparison/../benchmarks/part3/non-incremental/QF_BV/20221012-MCMPC/dualexecution/dualexecution.t1.i10.cc96b9c8.smt2,342.538,0,1,成功
/pub/data/jiafq/iscas/Parser_Comparison/../benchmarks/part3/non-incremental/QF_BV/20221012-MCMPC/dualexecution/dualexecution.t1.i10.d5ba239f.smt2,339.178,0,1,成功
/pub/data/jiafq/iscas/Parser_Comparison/../benchmarks/part3/non-incremental/QF_BV/20221012-MCMPC/dualexecution/dualexecution.t1.i10.e88f6290.smt2,344.927,0,1,成功
/pub/data/jiafq/iscas/Parser_Comparison/../benchmarks/part3/non-incremental/QF_BV/20221012-MCMPC/dualexecution/dualexecution.t1.i10.fc9b643d.smt2,339.545,0,1,成功
/pub/data/jiafq/iscas/Parser_Comparison/../benchmarks/part3/non-incremental/QF_BV/20221012-MCMPC/dualexecution/dualexecution.t1.i11.0fed9409.smt2,337.955,0,1,成功
/pub/data/jiafq/iscas/Parser_Comparison/../benchmarks/part3/non-incremental/QF_BV/20221012-MCMPC/dualexecution/dualexecution.t1.i11.18662ad5.smt2,338.915,0,1,成功
/pub/data/jiafq/iscas/Parser_Comparison/../benchmarks/part3/non-incremental/QF_BV/20221012-MCMPC/dualexecution/dualexecution.t1.i11.1a3f0606.smt2,347.217,0,1,成功
/pub/data/jiafq/iscas/Parser_Comparison/../benchmarks/part3/non-incremental/QF_BV/20221012-MCMPC/dualexecution/dualexecution.t1.i11.1b9f6db9.smt2,361.007,0,1,成功
/pub/data/jiafq/iscas/Parser_Comparison/../benchmarks/part3/non-incremental/QF_BV/20221012-MCMPC/dualexecution/dualexecution.t1.i11.26656444.smt2,344.142,0,1,成功
/pub/data/jiafq/iscas/Parser_Comparison/../benchmarks/part3/non-incremental/QF_BV/20221012-MCMPC/dualexecution/dualexecution.t1.i11.29ee72e0.smt2,345.536,0,1,成功
/pub/data/jiafq/iscas/Parser_Comparison/../benchmarks/part3/non-incremental/QF_BV/20221012-MCMPC/dualexecution/dualexecution.t1.i11.a8fb1bbe.smt2,350.552,0,1,成功
/pub/data/jiafq/iscas/Parser_Comparison/../benchmarks/part3/non-incremental/QF_BV/20221012-MCMPC/dualexecution/dualexecution.t1.i11.d7c8a784.smt2,351.994,0,1,成功
/pub/data/jiafq/iscas/Parser_Comparison/../benchmarks/part3/non-incremental/QF_BV/20221012-MCMPC/dualexecution/dualexecution.t1.i11.f011a21b.smt2,343.551,0,1,成功
/pub/data/jiafq/iscas/Parser_Comparison/../benchmarks/part3/non-incremental/QF_BV/20221012-MCMPC/dualexecution/dualexecution.t1.i12.1b1ab8e0.smt2,349.701,0,1,成功
/pub/data/jiafq/iscas/Parser_Comparison/../benchmarks/part3/non-incremental/QF_BV/20221012-MCMPC/dualexecution/dualexecution.t1.i12.1e395345.smt2,360.892,0,3928,成功
/pub/data/jiafq/iscas/Parser_Comparison/../benchmarks/part3/non-incremental/QF_BV/20221012-MCMPC/dualexecution/dualexecution.t1.i12.2917aa78.smt2,352.699,0,1,成功
/pub/data/jiafq/iscas/Parser_Comparison/../benchmarks/part3/non-incremental/QF_BV/20221012-MCMPC/dualexecution/dualexecution.t1.i12.2eec77a5.smt2,342.641,0,1,成功
/pub/data/jiafq/iscas/Parser_Comparison/../benchmarks/part3/non-incremental/QF_BV/20221012-MCMPC/dualexecution/dualexecution.t1.i12.3074a3ca.smt2,345.863,0,1,成功
/pub/data/jiafq/iscas/Parser_Comparison/../benchmarks/part3/non-incremental/QF_BV/20221012-MCMPC/dualexecution/dualexecution.t1.i12.44123f01.smt2,346.787,0,1,成功
/pub/data/jiafq/iscas/Parser_Comparison/../benchmarks/part3/non-incremental/QF_BV/20221012-MCMPC/dualexecution/dualexecution.t1.i12.5120b8fc.smt2,349.825,0,1,成功
/pub/data/jiafq/iscas/Parser_Comparison/../benchmarks/part3/non-incremental/QF_BV/20221012-MCMPC/dualexecution/dualexecution.t1.i12.6b4f91e1.smt2,345.54,0,1,成功
/pub/data/jiafq/iscas/Parser_Comparison/../benchmarks/part3/non-incremental/QF_BV/20221012-MCMPC/dualexecution/dualexecution.t1.i12.8a76cee6.smt2,345.945,0,1,成功
/pub/data/jiafq/iscas/Parser_Comparison/../benchmarks/part3/non-incremental/QF_BV/20221012-MCMPC/dualexecution/dualexecution.t1.i12.9139fb97.smt2,353.377,0,1,成功
/pub/data/jiafq/iscas/Parser_Comparison/../benchmarks/part3/non-incremental/QF_BV/20221012-MCMPC/dualexecution/dualexecution.t1.i12.91c627f2.smt2,352.694,0,1,成功
/pub/data/jiafq/iscas/Parser_Comparison/../benchmarks/part3/non-incremental/QF_BV/20221012-MCMPC/dualexecution/dualexecution.t1.i12.a9d008cf.smt2,359.035,0,1,成功
/pub/data/jiafq/iscas/Parser_Comparison/../benchmarks/part3/non-incremental/QF_BV/20221012-MCMPC/dualexecution/dualexecution.t1.i12.aa9d4366.smt2,343.242,0,1,成功
/pub/data/jiafq/iscas/Parser_Comparison/../benchmarks/part3/non-incremental/QF_BV/20221012-MCMPC/dualexecution/dualexecution.t1.i12.bb0d4ae4.smt2,340.479,0,1,成功
/pub/data/jiafq/iscas/Parser_Comparison/../benchmarks/part3/non-incremental/QF_BV/20221012-MCMPC/dualexecution/dualexecution.t1.i12.d1320fdd.smt2,355.983,0,1,成功
/pub/data/jiafq/iscas/Parser_Comparison/../benchmarks/part3/non-incremental/QF_BV/20221012-MCMPC/dualexecution/dualexecution.t1.i12.d97961d5.smt2,346.84,0,1,成功
/pub/data/jiafq/iscas/Parser_Comparison/../benchmarks/part3/non-incremental/QF_BV/20221012-MCMPC/dualexecution/dualexecution.t1.i12.f44f985e.smt2,338.372,0,1,成功
/pub/data/jiafq/iscas/Parser_Comparison/../benchmarks/part3/non-incremental/QF_BV/20221012-MCMPC/dualexecution/dualexecution.t1.i14.1628dca9.smt2,947.128,0,1,成功
/pub/data/jiafq/iscas/Parser_Comparison/../benchmarks/part3/non-incremental/QF_BV/20221012-MCMPC/dualexecution/dualexecution.t1.i14.2ad5b925.smt2,940.875,0,1,成功
/pub/data/jiafq/iscas/Parser_Comparison/../benchmarks/part3/non-incremental/QF_BV/20221012-MCMPC/dualexecution/dualexecution.t1.i14.4c1944ca.smt2,924.267,0,1,成功
/pub/data/jiafq/iscas/Parser_Comparison/../benchmarks/part3/non-incremental/QF_BV/20221012-MCMPC/dualexecution/dualexecution.t1.i14.58af63df.smt2,948.041,0,1,成功
/pub/data/jiafq/iscas/Parser_Comparison/../benchmarks/part3/non-incremental/QF_BV/20221012-MCMPC/dualexecution/dualexecution.t1.i14.610f960a.smt2,938.18,0,1,成功
/pub/data/jiafq/iscas/Parser_Comparison/../benchmarks/part3/non-incremental/QF_BV/20221012-MCMPC/dualexecution/dualexecution.t1.i14.76ffa302.smt2,930.696,0,1,成功
/pub/data/jiafq/iscas/Parser_Comparison/../benchmarks/part3/non-incremental/QF_BV/20221012-MCMPC/dualexecution/dualexecution.t1.i14.7871bd1f.smt2,977.204,0,1,成功
/pub/data/jiafq/iscas/Parser_Comparison/../benchmarks/part3/non-incremental/QF_BV/20221012-MCMPC/dualexecution/dualexecution.t1.i14.8585dcb1.smt2,976.958,0,1,成功
/pub/data/jiafq/iscas/Parser_Comparison/../benchmarks/part3/non-incremental/QF_BV/20221012-MCMPC/dualexecution/dualexecution.t1.i14.8bc2556c.smt2,978.832,0,1,成功
/pub/data/jiafq/iscas/Parser_Comparison/../benchmarks/part3/non-incremental/QF_BV/20221012-MCMPC/dualexecution/dualexecution.t1.i14.8cbee5dd.smt2,976.986,0,1,成功
/pub/data/jiafq/iscas/Parser_Comparison/../benchmarks/part3/non-incremental/QF_BV/20221012-MCMPC/dualexecution/dualexecution.t1.i14.977a94e6.smt2,965.288,0,1,成功
/pub/data/jiafq/iscas/Parser_Comparison/../benchmarks/part3/non-incremental/QF_BV/20221012-MCMPC/dualexecution/dualexecution.t1.i14.98d7e166.smt2,908.154,0,1,成功
/pub/data/jiafq/iscas/Parser_Comparison/../benchmarks/part3/non-incremental/QF_BV/20221012-MCMPC/dualexecution/dualexecution.t1.i14.9fe6d38d.smt2,926.277,0,1,成功
/pub/data/jiafq/iscas/Parser_Comparison/../benchmarks/part3/non-incremental/QF_BV/20221012-MCMPC/dualexecution/dualexecution.t1.i14.a38f07ea.smt2,929.907,0,1,成功
/pub/data/jiafq/iscas/Parser_Comparison/../benchmarks/part3/non-incremental/QF_BV/20221012-MCMPC/dualexecution/dualexecution.t1.i14.b16b6a0b.smt2,925.362,0,1,成功
/pub/data/jiafq/iscas/Parser_Comparison/../benchmarks/part3/non-incremental/QF_BV/20221012-MCMPC/dualexecution/dualexecution.t1.i14.b47b750a.smt2,935.928,0,1,成功
/pub/data/jiafq/iscas/Parser_Comparison/../benchmarks/part3/non-incremental/QF_BV/20221012-MCMPC/dualexecution/dualexecution.t1.i14.ea2d4fbc.smt2,920.316,0,1,成功
/pub/data/jiafq/iscas/Parser_Comparison/../benchmarks/part3/non-incremental/QF_BV/20221012-MCMPC/dualexecution/dualexecution.t1.i14.f8c9329b.smt2,927.639,0,1,成功
/pub/data/jiafq/iscas/Parser_Comparison/../benchmarks/part3/non-incremental/QF_BV/20221012-MCMPC/dualexecution/dualexecution.t1.i15.0062fef9.smt2,910.748,0,1,成功
/pub/data/jiafq/iscas/Parser_Comparison/../benchmarks/part3/non-incremental/QF_BV/20221012-MCMPC/dualexecution/dualexecution.t1.i15.012f6e6a.smt2,926.069,0,1,成功
/pub/data/jiafq/iscas/Parser_Comparison/../benchmarks/part3/non-incremental/QF_BV/20221012-MCMPC/dualexecution/dualexecution.t1.i15.0367e6a0.smt2,910.687,0,1,成功
/pub/data/jiafq/iscas/Parser_Comparison/../benchmarks/part3/non-incremental/QF_BV/20221012-MCMPC/dualexecution/dualexecution.t1.i15.04178108.smt2,905.542,0,1,成功
/pub/data/jiafq/iscas/Parser_Comparison/../benchmarks/part3/non-incremental/QF_BV/20221012-MCMPC/dualexecution/dualexecution.t1.i15.0695c39b.smt2,976.906,0,1,成功
/pub/data/jiafq/iscas/Parser_Comparison/../benchmarks/part3/non-incremental/QF_BV/20221012-MCMPC/dualexecution/dualexecution.t1.i15.078fbd76.smt2,965.464,0,1,成功
/pub/data/jiafq/iscas/Parser_Comparison/../benchmarks/part3/non-incremental/QF_BV/20221012-MCMPC/dualexecution/dualexecution.t1.i15.09d49320.smt2,953.02,0,1,成功
/pub/data/jiafq/iscas/Parser_Comparison/../benchmarks/part3/non-incremental/QF_BV/20221012-MCMPC/dualexecution/dualexecution.t1.i15.1023f4eb.smt2,935.021,0,1,成功
/pub/data/jiafq/iscas/Parser_Comparison/../benchmarks/part3/non-incremental/QF_BV/20221012-MCMPC/dualexecution/dualexecution.t1.i15.158e3a61.smt2,939.346,0,1,成功
/pub/data/jiafq/iscas/Parser_Comparison/../benchmarks/part3/non-incremental/QF_BV/20221012-MCMPC/dualexecution/dualexecution.t1.i15.22a92ffd.smt2,947.73,0,1,成功
/pub/data/jiafq/iscas/Parser_Comparison/../benchmarks/part3/non-incremental/QF_BV/20221012-MCMPC/dualexecution/dualexecution.t1.i15.27b9b83b.smt2,939.848,0,1,成功
/pub/data/jiafq/iscas/Parser_Comparison/../benchmarks/part3/non-incremental/QF_BV/20221012-MCMPC/dualexecution/dualexecution.t1.i15.2a500d27.smt2,913.07,0,1,成功
/pub/data/jiafq/iscas/Parser_Comparison/../benchmarks/part3/non-incremental/QF_BV/20221012-MCMPC/dualexecution/dualexecution.t1.i15.3663f71c.smt2,920.42,0,1,成功
/pub/data/jiafq/iscas/Parser_Comparison/../benchmarks/part3/non-incremental/QF_BV/20221012-MCMPC/dualexecution/dualexecution.t1.i15.371da25d.smt2,914.13,0,1,成功
/pub/data/jiafq/iscas/Parser_Comparison/../benchmarks/part3/non-incremental/QF_BV/20221012-MCMPC/dualexecution/dualexecution.t1.i15.37fe63c0.smt2,909.376,0,1,成功
/pub/data/jiafq/iscas/Parser_Comparison/../benchmarks/part3/non-incremental/QF_BV/20221012-MCMPC/dualexecution/dualexecution.t1.i15.3ba0b655.smt2,913.959,0,1,成功
/pub/data/jiafq/iscas/Parser_Comparison/../benchmarks/part3/non-incremental/QF_BV/20221012-MCMPC/dualexecution/dualexecution.t1.i15.3c908a86.smt2,941.723,0,1,成功
/pub/data/jiafq/iscas/Parser_Comparison/../benchmarks/part3/non-incremental/QF_BV/20221012-MCMPC/dualexecution/dualexecution.t1.i15.3db2df79.smt2,934.231,0,1,成功
/pub/data/jiafq/iscas/Parser_Comparison/../benchmarks/part3/non-incremental/QF_BV/20221012-MCMPC/dualexecution/dualexecution.t1.i15.44406686.smt2,901.522,0,1,成功
/pub/data/jiafq/iscas/Parser_Comparison/../benchmarks/part3/non-incremental/QF_BV/20221012-MCMPC/dualexecution/dualexecution.t1.i15.46f14cde.smt2,959.236,0,1,成功
/pub/data/jiafq/iscas/Parser_Comparison/../benchmarks/part3/non-incremental/QF_BV/20221012-MCMPC/dualexecution/dualexecution.t1.i15.49db1cad.smt2,912.983,0,1,成功
/pub/data/jiafq/iscas/Parser_Comparison/../benchmarks/part3/non-incremental/QF_BV/20221012-MCMPC/dualexecution/dualexecution.t1.i15.4b6032db.smt2,915.323,0,1,成功
/pub/data/jiafq/iscas/Parser_Comparison/../benchmarks/part3/non-incremental/QF_BV/20221012-MCMPC/dualexecution/dualexecution.t1.i15.56ba179e.smt2,925.188,0,1,成功
/pub/data/jiafq/iscas/Parser_Comparison/../benchmarks/part3/non-incremental/QF_BV/20221012-MCMPC/dualexecution/dualexecution.t1.i15.5b9ec15a.smt2,909.784,0,1,成功
/pub/data/jiafq/iscas/Parser_Comparison/../benchmarks/part3/non-incremental/QF_BV/20221012-MCMPC/dualexecution/dualexecution.t1.i15.67a3fad9.smt2,930.343,0,1,成功
/pub/data/jiafq/iscas/Parser_Comparison/../benchmarks/part3/non-incremental/QF_BV/20221012-MCMPC/dualexecution/dualexecution.t1.i15.6cf4a8fe.smt2,937.177,0,1,成功
/pub/data/jiafq/iscas/Parser_Comparison/../benchmarks/part3/non-incremental/QF_BV/20221012-MCMPC/dualexecution/dualexecution.t1.i15.6e8fc75e.smt2,908.465,0,1,成功
/pub/data/jiafq/iscas/Parser_Comparison/../benchmarks/part3/non-incremental/QF_BV/20221012-MCMPC/dualexecution/dualexecution.t1.i15.79ba505f.smt2,957.293,0,1,成功
/pub/data/jiafq/iscas/Parser_Comparison/../benchmarks/part3/non-incremental/QF_BV/20221012-MCMPC/dualexecution/dualexecution.t1.i15.7a01dfbb.smt2,921.335,0,1,成功
/pub/data/jiafq/iscas/Parser_Comparison/../benchmarks/part3/non-incremental/QF_BV/20221012-MCMPC/dualexecution/dualexecution.t1.i15.7e4effaf.smt2,913.267,0,1,成功
/pub/data/jiafq/iscas/Parser_Comparison/../benchmarks/part3/non-incremental/QF_BV/20221012-MCMPC/dualexecution/dualexecution.t1.i15.7edaecb4.smt2,928.351,0,1,成功
/pub/data/jiafq/iscas/Parser_Comparison/../benchmarks/part3/non-incremental/QF_BV/20221012-MCMPC/dualexecution/dualexecution.t1.i15.8c2f11bd.smt2,916.875,0,1,成功
/pub/data/jiafq/iscas/Parser_Comparison/../benchmarks/part3/non-incremental/QF_BV/20221012-MCMPC/dualexecution/dualexecution.t1.i15.8cf8ddf5.smt2,899.022,0,1,成功
/pub/data/jiafq/iscas/Parser_Comparison/../benchmarks/part3/non-incremental/QF_BV/20221012-MCMPC/dualexecution/dualexecution.t1.i15.8e78387b.smt2,906.848,0,1,成功
/pub/data/jiafq/iscas/Parser_Comparison/../benchmarks/part3/non-incremental/QF_BV/20221012-MCMPC/dualexecution/dualexecution.t1.i15.9ccfc51d.smt2,914.545,0,1,成功
/pub/data/jiafq/iscas/Parser_Comparison/../benchmarks/part3/non-incremental/QF_BV/20221012-MCMPC/dualexecution/dualexecution.t1.i15.9dd29887.smt2,901.843,0,1,成功
/pub/data/jiafq/iscas/Parser_Comparison/../benchmarks/part3/non-incremental/QF_BV/20221012-MCMPC/dualexecution/dualexecution.t1.i15.a0457f2f.smt2,921.718,0,1,成功
/pub/data/jiafq/iscas/Parser_Comparison/../benchmarks/part3/non-incremental/QF_BV/20221012-MCMPC/dualexecution/dualexecution.t1.i15.adfeb215.smt2,930.88,0,1,成功
/pub/data/jiafq/iscas/Parser_Comparison/../benchmarks/part3/non-incremental/QF_BV/20221012-MCMPC/dualexecution/dualexecution.t1.i15.b38d4a76.smt2,941.845,0,1,成功
/pub/data/jiafq/iscas/Parser_Comparison/../benchmarks/part3/non-incremental/QF_BV/20221012-MCMPC/dualexecution/dualexecution.t1.i15.b4a9e67c.smt2,900.272,0,1,成功
/pub/data/jiafq/iscas/Parser_Comparison/../benchmarks/part3/non-incremental/QF_BV/20221012-MCMPC/dualexecution/dualexecution.t1.i15.b5969292.smt2,908.788,0,1,成功
/pub/data/jiafq/iscas/Parser_Comparison/../benchmarks/part3/non-incremental/QF_BV/20221012-MCMPC/dualexecution/dualexecution.t1.i15.bd077eae.smt2,928.38,0,1,成功
/pub/data/jiafq/iscas/Parser_Comparison/../benchmarks/part3/non-incremental/QF_BV/20221012-MCMPC/dualexecution/dualexecution.t1.i15.c263bae8.smt2,921.907,0,1,成功
/pub/data/jiafq/iscas/Parser_Comparison/../benchmarks/part3/non-incremental/QF_BV/20221012-MCMPC/dualexecution/dualexecution.t1.i15.cb59be00.smt2,914.414,0,1,成功
/pub/data/jiafq/iscas/Parser_Comparison/../benchmarks/part3/non-incremental/QF_BV/20221012-MCMPC/dualexecution/dualexecution.t1.i15.cbbd31d8.smt2,902.212,0,1,成功
/pub/data/jiafq/iscas/Parser_Comparison/../benchmarks/part3/non-incremental/QF_BV/20221012-MCMPC/dualexecution/dualexecution.t1.i15.d25b2588.smt2,915.075,0,1,成功
/pub/data/jiafq/iscas/Parser_Comparison/../benchmarks/part3/non-incremental/QF_BV/20221012-MCMPC/dualexecution/dualexecution.t1.i15.da005adc.smt2,917.601,0,1,成功
/pub/data/jiafq/iscas/Parser_Comparison/../benchmarks/part3/non-incremental/QF_BV/20221012-MCMPC/dualexecution/dualexecution.t1.i15.dbc690d3.smt2,919.247,0,1,成功
/pub/data/jiafq/iscas/Parser_Comparison/../benchmarks/part3/non-incremental/QF_BV/20221012-MCMPC/dualexecution/dualexecution.t1.i15.e677ca3b.smt2,896.921,0,1,成功
/pub/data/jiafq/iscas/Parser_Comparison/../benchmarks/part3/non-incremental/QF_BV/20221012-MCMPC/dualexecution/dualexecution.t1.i15.e916a96b.smt2,920.191,0,1,成功
/pub/data/jiafq/iscas/Parser_Comparison/../benchmarks/part3/non-incremental/QF_BV/20221012-MCMPC/dualexecution/dualexecution.t1.i15.ecf498ca.smt2,904.973,0,1,成功
/pub/data/jiafq/iscas/Parser_Comparison/../benchmarks/part3/non-incremental/QF_BV/20221012-MCMPC/dualexecution/dualexecution.t1.i15.ee376b59.smt2,915.933,0,1,成功
/pub/data/jiafq/iscas/Parser_Comparison/../benchmarks/part3/non-incremental/QF_BV/20221012-MCMPC/dualexecution/dualexecution.t1.i15.f1f4b352.smt2,926.546,0,1,成功
/pub/data/jiafq/iscas/Parser_Comparison/../benchmarks/part3/non-incremental/QF_BV/20221012-MCMPC/dualexecution/dualexecution.t1.i15.f55a00e1.smt2,926.232,0,1,成功
/pub/data/jiafq/iscas/Parser_Comparison/../benchmarks/part3/non-incremental/QF_BV/20221012-MCMPC/dualexecution/dualexecution.t1.i15.fb1699bf.smt2,917.965,0,1,成功
/pub/data/jiafq/iscas/Parser_Comparison/../benchmarks/part3/non-incremental/QF_BV/20221012-MCMPC/dualexecution/dualexecution.t1.i15.fd310001.smt2,906.052,0,1,成功
/pub/data/jiafq/iscas/Parser_Comparison/../benchmarks/part3/non-incremental/QF_BV/20221012-MCMPC/dualexecution/dualexecution.t1.i16.028e5fb0.smt2,915.776,0,1,成功
/pub/data/jiafq/iscas/Parser_Comparison/../benchmarks/part3/non-incremental/QF_BV/20221012-MCMPC/dualexecution/dualexecution.t1.i16.2f311bab.smt2,908.974,0,1,成功
/pub/data/jiafq/iscas/Parser_Comparison/../benchmarks/part3/non-incremental/QF_BV/20221012-MCMPC/dualexecution/dualexecution.t1.i16.3a476658.smt2,924.357,0,1,成功
/pub/data/jiafq/iscas/Parser_Comparison/../benchmarks/part3/non-incremental/QF_BV/20221012-MCMPC/dualexecution/dualexecution.t1.i16.6f4cdea3.smt2,918.885,0,1,成功
/pub/data/jiafq/iscas/Parser_Comparison/../benchmarks/part3/non-incremental/QF_BV/20221012-MCMPC/dualexecution/dualexecution.t1.i16.ccba053b.smt2,908.355,0,1,成功
/pub/data/jiafq/iscas/Parser_Comparison/../benchmarks/part3/non-incremental/QF_BV/20221012-MCMPC/dualexecution/dualexecution.t1.i16.e7c172b6.smt2,911.703,0,6894,成功
/pub/data/jiafq/iscas/Parser_Comparison/../benchmarks/part3/non-incremental/QF_BV/20221012-MCMPC/dualexecution/dualexecution.t1.i2.13cb4514.smt2,334.098,0,1,成功
/pub/data/jiafq/iscas/Parser_Comparison/../benchmarks/part3/non-incremental/QF_BV/20221012-MCMPC/dualexecution/dualexecution.t1.i2.4a42c922.smt2,334.364,0,1,成功
/pub/data/jiafq/iscas/Parser_Comparison/../benchmarks/part3/non-incremental/QF_BV/20221012-MCMPC/dualexecution/dualexecution.t1.i2.9493a999.smt2,345.376,0,1,成功
/pub/data/jiafq/iscas/Parser_Comparison/../benchmarks/part3/non-incremental/QF_BV/20221012-MCMPC/dualexecution/dualexecution.t1.i2.b0c2b1e6.smt2,336.139,0,1,成功
/pub/data/jiafq/iscas/Parser_Comparison/../benchmarks/part3/non-incremental/QF_BV/20221012-MCMPC/dualexecution/dualexecution.t1.i28.4c3d51fa.smt2,12268.1,0,1,成功
/pub/data/jiafq/iscas/Parser_Comparison/../benchmarks/part3/non-incremental/QF_BV/20221012-MCMPC/dualexecution/dualexecution.t1.i28.55510fcf.smt2,12086.5,0,1,成功
/pub/data/jiafq/iscas/Parser_Comparison/../benchmarks/part3/non-incremental/QF_BV/20221012-MCMPC/dualexecution/dualexecution.t1.i28.56bafbbd.smt2,12217,0,1,成功
/pub/data/jiafq/iscas/Parser_Comparison/../benchmarks/part3/non-incremental/QF_BV/20221012-MCMPC/dualexecution/dualexecution.t1.i28.62d1ce89.smt2,12216.2,0,1,成功
/pub/data/jiafq/iscas/Parser_Comparison/../benchmarks/part3/non-incremental/QF_BV/20221012-MCMPC/dualexecution/dualexecution.t1.i28.972bf285.smt2,12092.4,0,1,成功
/pub/data/jiafq/iscas/Parser_Comparison/../benchmarks/part3/non-incremental/QF_BV/20221012-MCMPC/dualexecution/dualexecution.t1.i28.c10ae890.smt2,12010.7,0,1,成功
/pub/data/jiafq/iscas/Parser_Comparison/../benchmarks/part3/non-incremental/QF_BV/20221012-MCMPC/dualexecution/dualexecution.t1.i28.e7c7849e.smt2,12245.6,0,1,成功
/pub/data/jiafq/iscas/Parser_Comparison/../benchmarks/part3/non-incremental/QF_BV/20221012-MCMPC/dualexecution/dualexecution.t1.i28.f4ae65b3.smt2,11938,0,1,成功
/pub/data/jiafq/iscas/Parser_Comparison/../benchmarks/part3/non-incremental/QF_BV/20221012-MCMPC/dualexecution/dualexecution.t1.i28.fe53a86a.smt2,12075.9,0,1,成功
/pub/data/jiafq/iscas/Parser_Comparison/../benchmarks/part3/non-incremental/QF_BV/20221012-MCMPC/dualexecution/dualexecution.t1.i29.a91c1738.smt2,11967.5,0,1,成功
/pub/data/jiafq/iscas/Parser_Comparison/../benchmarks/part3/non-incremental/QF_BV/20221012-MCMPC/dualexecution/dualexecution.t1.i29.db81d33b.smt2,12048.3,0,1,成功
/pub/data/jiafq/iscas/Parser_Comparison/../benchmarks/part3/non-incremental/QF_BV/20221012-MCMPC/dualexecution/dualexecution.t1.i32.10562c7c.smt2,12083.2,0,1,成功
/pub/data/jiafq/iscas/Parser_Comparison/../benchmarks/part3/non-incremental/QF_BV/20221012-MCMPC/dualexecution/dualexecution.t1.i32.1516ac01.smt2,12017.5,0,27084,成功
/pub/data/jiafq/iscas/Parser_Comparison/../benchmarks/part3/non-incremental/QF_BV/20221012-MCMPC/dualexecution/dualexecution.t1.i32.2633c0c7.smt2,12192.2,0,1,成功
/pub/data/jiafq/iscas/Parser_Comparison/../benchmarks/part3/non-incremental/QF_BV/20221012-MCMPC/dualexecution/dualexecution.t1.i32.519f270c.smt2,12196.2,0,1,成功
/pub/data/jiafq/iscas/Parser_Comparison/../benchmarks/part3/non-incremental/QF_BV/20221012-MCMPC/dualexecution/dualexecution.t1.i32.5dc0062f.smt2,11914.8,0,1,成功
/pub/data/jiafq/iscas/Parser_Comparison/../benchmarks/part3/non-incremental/QF_BV/20221012-MCMPC/dualexecution/dualexecution.t1.i32.b5c3c4db.smt2,12165.3,0,1,成功
/pub/data/jiafq/iscas/Parser_Comparison/../benchmarks/part3/non-incremental/QF_BV/20221012-MCMPC/dualexecution/dualexecution.t1.i32.c384558c.smt2,12056.9,0,1,成功
/pub/data/jiafq/iscas/Parser_Comparison/../benchmarks/part3/non-incremental/QF_BV/20221012-MCMPC/dualexecution/dualexecution.t1.i32.c655f8b4.smt2,12109.8,0,1,成功
/pub/data/jiafq/iscas/Parser_Comparison/../benchmarks/part3/non-incremental/QF_BV/20221012-MCMPC/dualexecution/dualexecution.t1.i32.cf414a2b.smt2,11892.5,0,1,成功
/pub/data/jiafq/iscas/Parser_Comparison/../benchmarks/part3/non-incremental/QF_BV/20221012-MCMPC/dualexecution/dualexecution.t1.i32.e2c16b40.smt2,11949.6,0,1,成功
/pub/data/jiafq/iscas/Parser_Comparison/../benchmarks/part3/non-incremental/QF_BV/20221012-MCMPC/dualexecution/dualexecution.t1.i32.e3ba0737.smt2,12130.4,0,1,成功
/pub/data/jiafq/iscas/Parser_Comparison/../benchmarks/part3/non-incremental/QF_BV/20221012-MCMPC/dualexecution/dualexecution.t1.i32.ebb02498.smt2,11954.2,0,1,成功
/pub/data/jiafq/iscas/Parser_Comparison/../benchmarks/part3/non-incremental/QF_BV/20221012-MCMPC/dualexecution/dualexecution.t1.i32.eca126a1.smt2,12093.5,0,1,成功
/pub/data/jiafq/iscas/Parser_Comparison/../benchmarks/part3/non-incremental/QF_BV/20221012-MCMPC/dualexecution/dualexecution.t1.i32.f5d3b983.smt2,13419,0,1,成功
/pub/data/jiafq/iscas/Parser_Comparison/../benchmarks/part3/non-incremental/QF_BV/20221012-MCMPC/dualexecution/dualexecution.t1.i4.a5a277eb.smt2,333.133,0,1,成功
/pub/data/jiafq/iscas/Parser_Comparison/../benchmarks/part3/non-incremental/QF_BV/20221012-MCMPC/dualexecution/dualexecution.t1.i4.f659fcc3.smt2,337.609,0,1,成功
/pub/data/jiafq/iscas/Parser_Comparison/../benchmarks/part3/non-incremental/QF_BV/20221012-MCMPC/dualexecution/dualexecution.t1.i4.f734459a.smt2,336.234,0,1,成功
/pub/data/jiafq/iscas/Parser_Comparison/../benchmarks/part3/non-incremental/QF_BV/20221012-MCMPC/dualexecution/dualexecution.t1.i6.22256b5f.smt2,326.368,0,1,成功
/pub/data/jiafq/iscas/Parser_Comparison/../benchmarks/part3/non-incremental/QF_BV/20221012-MCMPC/dualexecution/dualexecution.t1.i6.3394b5b0.smt2,329.536,0,1,成功
/pub/data/jiafq/iscas/Parser_Comparison/../benchmarks/part3/non-incremental/QF_BV/20221012-MCMPC/dualexecution/dualexecution.t1.i6.4f66bb1b.smt2,331.268,0,1,成功
/pub/data/jiafq/iscas/Parser_Comparison/../benchmarks/part3/non-incremental/QF_BV/20221012-MCMPC/dualexecution/dualexecution.t1.i6.643d65a4.smt2,333.604,0,1,成功
/pub/data/jiafq/iscas/Parser_Comparison/../benchmarks/part3/non-incremental/QF_BV/20221012-MCMPC/dualexecution/dualexecution.t1.i6.6f9933ea.smt2,328.121,0,1,成功
/pub/data/jiafq/iscas/Parser_Comparison/../benchmarks/part3/non-incremental/QF_BV/20221012-MCMPC/dualexecution/dualexecution.t1.i6.76caae98.smt2,339.899,0,1,成功
/pub/data/jiafq/iscas/Parser_Comparison/../benchmarks/part3/non-incremental/QF_BV/20221012-MCMPC/dualexecution/dualexecution.t1.i6.78f7c8f8.smt2,327.988,0,1,成功
/pub/data/jiafq/iscas/Parser_Comparison/../benchmarks/part3/non-incremental/QF_BV/20221012-MCMPC/dualexecution/dualexecution.t1.i6.842faa4d.smt2,336.206,0,1,成功
/pub/data/jiafq/iscas/Parser_Comparison/../benchmarks/part3/non-incremental/QF_BV/20221012-MCMPC/dualexecution/dualexecution.t1.i6.84fe1d6d.smt2,332.701,0,1,成功
/pub/data/jiafq/iscas/Parser_Comparison/../benchmarks/part3/non-incremental/QF_BV/20221012-MCMPC/dualexecution/dualexecution.t1.i6.85dac36f.smt2,331.382,0,1,成功
/pub/data/jiafq/iscas/Parser_Comparison/../benchmarks/part3/non-incremental/QF_BV/20221012-MCMPC/dualexecution/dualexecution.t1.i6.88fd098e.smt2,335.61,0,1,成功
/pub/data/jiafq/iscas/Parser_Comparison/../benchmarks/part3/non-incremental/QF_BV/20221012-MCMPC/dualexecution/dualexecution.t1.i6.8cd9a2ab.smt2,327.344,0,1,成功
/pub/data/jiafq/iscas/Parser_Comparison/../benchmarks/part3/non-incremental/QF_BV/20221012-MCMPC/dualexecution/dualexecution.t1.i6.8ef8799e.smt2,330.211,0,1,成功
/pub/data/jiafq/iscas/Parser_Comparison/../benchmarks/part3/non-incremental/QF_BV/20221012-MCMPC/dualexecution/dualexecution.t1.i6.931b20b1.smt2,335.049,0,1,成功
/pub/data/jiafq/iscas/Parser_Comparison/../benchmarks/part3/non-incremental/QF_BV/20221012-MCMPC/dualexecution/dualexecution.t1.i6.96e30d59.smt2,332.804,0,1,成功
/pub/data/jiafq/iscas/Parser_Comparison/../benchmarks/part3/non-incremental/QF_BV/20221012-MCMPC/dualexecution/dualexecution.t1.i6.9b8eed0f.smt2,330.054,0,1,成功
/pub/data/jiafq/iscas/Parser_Comparison/../benchmarks/part3/non-incremental/QF_BV/20221012-MCMPC/dualexecution/dualexecution.t1.i6.aa2c6a9f.smt2,334.632,0,1,成功
/pub/data/jiafq/iscas/Parser_Comparison/../benchmarks/part3/non-incremental/QF_BV/20221012-MCMPC/dualexecution/dualexecution.t1.i6.aa6fd2e2.smt2,325.515,0,1,成功
/pub/data/jiafq/iscas/Parser_Comparison/../benchmarks/part3/non-incremental/QF_BV/20221012-MCMPC/dualexecution/dualexecution.t1.i6.ae4e9d98.smt2,331.326,0,1,成功
/pub/data/jiafq/iscas/Parser_Comparison/../benchmarks/part3/non-incremental/QF_BV/20221012-MCMPC/dualexecution/dualexecution.t1.i6.b7aee1b4.smt2,337.452,0,1,成功
/pub/data/jiafq/iscas/Parser_Comparison/../benchmarks/part3/non-incremental/QF_BV/20221012-MCMPC/dualexecution/dualexecution.t1.i6.b9e28b2a.smt2,332.076,0,1,成功
/pub/data/jiafq/iscas/Parser_Comparison/../benchmarks/part3/non-incremental/QF_BV/20221012-MCMPC/dualexecution/dualexecution.t1.i6.befb614a.smt2,334.711,0,1,成功
/pub/data/jiafq/iscas/Parser_Comparison/../benchmarks/part3/non-incremental/QF_BV/20221012-MCMPC/dualexecution/dualexecution.t1.i6.c14db5eb.smt2,325.99,0,1,成功
/pub/data/jiafq/iscas/Parser_Comparison/../benchmarks/part3/non-incremental/QF_BV/20221012-MCMPC/dualexecution/dualexecution.t1.i6.d2262ffa.smt2,329.803,0,1,成功
/pub/data/jiafq/iscas/Parser_Comparison/../benchmarks/part3/non-incremental/QF_BV/20221012-MCMPC/dualexecution/dualexecution.t1.i6.e57e39b7.smt2,330.973,0,1,成功
/pub/data/jiafq/iscas/Parser_Comparison/../benchmarks/part3/non-incremental/QF_BV/20221012-MCMPC/dualexecution/dualexecution.t1.i6.f3039dc0.smt2,339.611,0,1,成功
/pub/data/jiafq/iscas/Parser_Comparison/../benchmarks/part3/non-incremental/QF_BV/20221012-MCMPC/dualexecution/dualexecution.t1.i6.f442e4cf.smt2,332.217,0,1,成功
/pub/data/jiafq/iscas/Parser_Comparison/../benchmarks/part3/non-incremental/QF_BV/20221012-MCMPC/dualexecution/dualexecution.t1.i6.fe6e9375.smt2,333.349,0,1,成功
/pub/data/jiafq/iscas/Parser_Comparison/../benchmarks/part3/non-incremental/QF_BV/20221012-MCMPC/dualexecution/dualexecution.t1.i7.bf59fc41.smt2,332.982,0,1,成功
/pub/data/jiafq/iscas/Parser_Comparison/../benchmarks/part3/non-incremental/QF_BV/20221012-MCMPC/dualexecution/dualexecution.t1.i9.07c5305a.smt2,331.413,0,1,成功
/pub/data/jiafq/iscas/Parser_Comparison/../benchmarks/part3/non-incremental/QF_BV/20221012-MCMPC/dualexecution/dualexecution.t1.i9.0ad5a449.smt2,331.495,0,1,成功
/pub/data/jiafq/iscas/Parser_Comparison/../benchmarks/part3/non-incremental/QF_BV/20221012-MCMPC/dualexecution/dualexecution.t1.i9.164504ab.smt2,328.517,0,1,成功
/pub/data/jiafq/iscas/Parser_Comparison/../benchmarks/part3/non-incremental/QF_BV/20221012-MCMPC/dualexecution/dualexecution.t1.i9.1d1e81d2.smt2,326.527,0,1,成功
/pub/data/jiafq/iscas/Parser_Comparison/../benchmarks/part3/non-incremental/QF_BV/20221012-MCMPC/dualexecution/dualexecution.t1.i9.23c0e794.smt2,327.433,0,1,成功
/pub/data/jiafq/iscas/Parser_Comparison/../benchmarks/part3/non-incremental/QF_BV/20221012-MCMPC/dualexecution/dualexecution.t1.i9.27f41470.smt2,329.669,0,1,成功
/pub/data/jiafq/iscas/Parser_Comparison/../benchmarks/part3/non-incremental/QF_BV/20221012-MCMPC/dualexecution/dualexecution.t1.i9.55186bc7.smt2,333.707,0,1,成功
/pub/data/jiafq/iscas/Parser_Comparison/../benchmarks/part3/non-incremental/QF_BV/20221012-MCMPC/dualexecution/dualexecution.t1.i9.57544142.smt2,330.459,0,1,成功
/pub/data/jiafq/iscas/Parser_Comparison/../benchmarks/part3/non-incremental/QF_BV/20221012-MCMPC/dualexecution/dualexecution.t1.i9.66f516d1.smt2,340.63,0,1,成功
/pub/data/jiafq/iscas/Parser_Comparison/../benchmarks/part3/non-incremental/QF_BV/20221012-MCMPC/dualexecution/dualexecution.t1.i9.6be21bb7.smt2,329.335,0,1,成功
/pub/data/jiafq/iscas/Parser_Comparison/../benchmarks/part3/non-incremental/QF_BV/20221012-MCMPC/dualexecution/dualexecution.t1.i9.6fc32ac9.smt2,330.015,0,1,成功
/pub/data/jiafq/iscas/Parser_Comparison/../benchmarks/part3/non-incremental/QF_BV/20221012-MCMPC/dualexecution/dualexecution.t1.i9.785cdd8b.smt2,335.853,0,1,成功
/pub/data/jiafq/iscas/Parser_Comparison/../benchmarks/part3/non-incremental/QF_BV/20221012-MCMPC/dualexecution/dualexecution.t1.i9.7d6be4fb.smt2,335.241,0,1,成功
/pub/data/jiafq/iscas/Parser_Comparison/../benchmarks/part3/non-incremental/QF_BV/20221012-MCMPC/dualexecution/dualexecution.t1.i9.8d1b6088.smt2,332.032,0,1,成功
/pub/data/jiafq/iscas/Parser_Comparison/../benchmarks/part3/non-incremental/QF_BV/20221012-MCMPC/dualexecution/dualexecution.t1.i9.8f50e88b.smt2,327.122,0,1,成功
/pub/data/jiafq/iscas/Parser_Comparison/../benchmarks/part3/non-incremental/QF_BV/20221012-MCMPC/dualexecution/dualexecution.t1.i9.90709274.smt2,360.498,0,1,成功
/pub/data/jiafq/iscas/Parser_Comparison/../benchmarks/part3/non-incremental/QF_BV/20221012-MCMPC/dualexecution/dualexecution.t1.i9.9cb9560f.smt2,332.412,0,1,成功
/pub/data/jiafq/iscas/Parser_Comparison/../benchmarks/part3/non-incremental/QF_BV/20221012-MCMPC/dualexecution/dualexecution.t1.i9.d6efd606.smt2,333.186,0,1,成功
/pub/data/jiafq/iscas/Parser_Comparison/../benchmarks/part3/non-incremental/QF_BV/20221012-MCMPC/dualexecution/dualexecution.t1.i9.d824efa8.smt2,327.937,0,1,成功
/pub/data/jiafq/iscas/Parser_Comparison/../benchmarks/part3/non-incremental/QF_BV/20221012-MCMPC/dualexecution/dualexecution.t1.i9.ea1343c2.smt2,332.593,0,1,成功
/pub/data/jiafq/iscas/Parser_Comparison/../benchmarks/part3/non-incremental/QF_BV/20221012-MCMPC/dualexecution_affine/dualexecution.t1.i10.13c6c358.smt2,329.885,0,1,成功
/pub/data/jiafq/iscas/Parser_Comparison/../benchmarks/part3/non-incremental/QF_BV/20221012-MCMPC/dualexecution_affine/dualexecution.t1.i10.1479bec4.smt2,341.129,0,1,成功
/pub/data/jiafq/iscas/Parser_Comparison/../benchmarks/part3/non-incremental/QF_BV/20221012-MCMPC/dualexecution_affine/dualexecution.t1.i10.336e8419.smt2,333.163,0,1,成功
/pub/data/jiafq/iscas/Parser_Comparison/../benchmarks/part3/non-incremental/QF_BV/20221012-MCMPC/dualexecution_affine/dualexecution.t1.i10.33c9241b.smt2,336.964,0,1,成功
/pub/data/jiafq/iscas/Parser_Comparison/../benchmarks/part3/non-incremental/QF_BV/20221012-MCMPC/dualexecution_affine/dualexecution.t1.i10.50b187c8.smt2,330.669,0,1,成功
/pub/data/jiafq/iscas/Parser_Comparison/../benchmarks/part3/non-incremental/QF_BV/20221012-MCMPC/dualexecution_affine/dualexecution.t1.i10.64a535ef.smt2,333.127,0,1,成功
/pub/data/jiafq/iscas/Parser_Comparison/../benchmarks/part3/non-incremental/QF_BV/20221012-MCMPC/dualexecution_affine/dualexecution.t1.i10.6dca7079.smt2,332.632,0,1,成功
/pub/data/jiafq/iscas/Parser_Comparison/../benchmarks/part3/non-incremental/QF_BV/20221012-MCMPC/dualexecution_affine/dualexecution.t1.i10.9111eb5f.smt2,327.72,0,1,成功
/pub/data/jiafq/iscas/Parser_Comparison/../benchmarks/part3/non-incremental/QF_BV/20221012-MCMPC/dualexecution_affine/dualexecution.t1.i10.9a104991.smt2,330.968,0,1,成功
/pub/data/jiafq/iscas/Parser_Comparison/../benchmarks/part3/non-incremental/QF_BV/20221012-MCMPC/dualexecution_affine/dualexecution.t1.i10.a8534f4c.smt2,335.898,0,1,成功
/pub/data/jiafq/iscas/Parser_Comparison/../benchmarks/part3/non-incremental/QF_BV/20221012-MCMPC/dualexecution_affine/dualexecution.t1.i10.a963392d.smt2,338.51,0,1,成功
/pub/data/jiafq/iscas/Parser_Comparison/../benchmarks/part3/non-incremental/QF_BV/20221012-MCMPC/dualexecution_affine/dualexecution.t1.i10.bf0c907c.smt2,336.46,0,1,成功
/pub/data/jiafq/iscas/Parser_Comparison/../benchmarks/part3/non-incremental/QF_BV/20221012-MCMPC/dualexecution_affine/dualexecution.t1.i10.cc96b9c8.smt2,335.378,0,1,成功
/pub/data/jiafq/iscas/Parser_Comparison/../benchmarks/part3/non-incremental/QF_BV/20221012-MCMPC/dualexecution_affine/dualexecution.t1.i10.d5ba239f.smt2,334.956,0,1,成功
/pub/data/jiafq/iscas/Parser_Comparison/../benchmarks/part3/non-incremental/QF_BV/20221012-MCMPC/dualexecution_affine/dualexecution.t1.i10.e88f6290.smt2,328.492,0,1,成功
/pub/data/jiafq/iscas/Parser_Comparison/../benchmarks/part3/non-incremental/QF_BV/20221012-MCMPC/dualexecution_affine/dualexecution.t1.i10.fc9b643d.smt2,337.365,0,1,成功
/pub/data/jiafq/iscas/Parser_Comparison/../benchmarks/part3/non-incremental/QF_BV/20221012-MCMPC/dualexecution_affine/dualexecution.t1.i11.0fed9409.smt2,332.117,0,1,成功
/pub/data/jiafq/iscas/Parser_Comparison/../benchmarks/part3/non-incremental/QF_BV/20221012-MCMPC/dualexecution_affine/dualexecution.t1.i11.18662ad5.smt2,332.194,0,1,成功
/pub/data/jiafq/iscas/Parser_Comparison/../benchmarks/part3/non-incremental/QF_BV/20221012-MCMPC/dualexecution_affine/dualexecution.t1.i11.1a3f0606.smt2,330.206,0,1,成功
/pub/data/jiafq/iscas/Parser_Comparison/../benchmarks/part3/non-incremental/QF_BV/20221012-MCMPC/dualexecution_affine/dualexecution.t1.i11.1b9f6db9.smt2,325.31,0,1,成功
/pub/data/jiafq/iscas/Parser_Comparison/../benchmarks/part3/non-incremental/QF_BV/20221012-MCMPC/dualexecution_affine/dualexecution.t1.i11.26656444.smt2,340.385,0,1,成功
/pub/data/jiafq/iscas/Parser_Comparison/../benchmarks/part3/non-incremental/QF_BV/20221012-MCMPC/dualexecution_affine/dualexecution.t1.i11.29ee72e0.smt2,332.373,0,1,成功
/pub/data/jiafq/iscas/Parser_Comparison/../benchmarks/part3/non-incremental/QF_BV/20221012-MCMPC/dualexecution_affine/dualexecution.t1.i11.a8fb1bbe.smt2,335.136,0,1,成功
/pub/data/jiafq/iscas/Parser_Comparison/../benchmarks/part3/non-incremental/QF_BV/20221012-MCMPC/dualexecution_affine/dualexecution.t1.i11.d7c8a784.smt2,329.382,0,1,成功
/pub/data/jiafq/iscas/Parser_Comparison/../benchmarks/part3/non-incremental/QF_BV/20221012-MCMPC/dualexecution_affine/dualexecution.t1.i11.f011a21b.smt2,332.986,0,1,成功
/pub/data/jiafq/iscas/Parser_Comparison/../benchmarks/part3/non-incremental/QF_BV/20221012-MCMPC/dualexecution_affine/dualexecution.t1.i12.1b1ab8e0.smt2,329.814,0,1,成功
/pub/data/jiafq/iscas/Parser_Comparison/../benchmarks/part3/non-incremental/QF_BV/20221012-MCMPC/dualexecution_affine/dualexecution.t1.i12.2917aa78.smt2,329.499,0,1,成功
/pub/data/jiafq/iscas/Parser_Comparison/../benchmarks/part3/non-incremental/QF_BV/20221012-MCMPC/dualexecution_affine/dualexecution.t1.i12.2eec77a5.smt2,338.171,0,1,成功
/pub/data/jiafq/iscas/Parser_Comparison/../benchmarks/part3/non-incremental/QF_BV/20221012-MCMPC/dualexecution_affine/dualexecution.t1.i12.3074a3ca.smt2,324.444,0,1,成功
/pub/data/jiafq/iscas/Parser_Comparison/../benchmarks/part3/non-incremental/QF_BV/20221012-MCMPC/dualexecution_affine/dualexecution.t1.i12.44123f01.smt2,330.464,0,1,成功
/pub/data/jiafq/iscas/Parser_Comparison/../benchmarks/part3/non-incremental/QF_BV/20221012-MCMPC/dualexecution_affine/dualexecution.t1.i12.5120b8fc.smt2,328.852,0,1,成功
/pub/data/jiafq/iscas/Parser_Comparison/../benchmarks/part3/non-incremental/QF_BV/20221012-MCMPC/dualexecution_affine/dualexecution.t1.i12.6b4f91e1.smt2,337.958,0,1,成功
/pub/data/jiafq/iscas/Parser_Comparison/../benchmarks/part3/non-incremental/QF_BV/20221012-MCMPC/dualexecution_affine/dualexecution.t1.i12.8a76cee6.smt2,325.517,0,1,成功
/pub/data/jiafq/iscas/Parser_Comparison/../benchmarks/part3/non-incremental/QF_BV/20221012-MCMPC/dualexecution_affine/dualexecution.t1.i12.9139fb97.smt2,328.327,0,1,成功
/pub/data/jiafq/iscas/Parser_Comparison/../benchmarks/part3/non-incremental/QF_BV/20221012-MCMPC/dualexecution_affine/dualexecution.t1.i12.91c627f2.smt2,370.487,0,1,成功
/pub/data/jiafq/iscas/Parser_Comparison/../benchmarks/part3/non-incremental/QF_BV/20221012-MCMPC/dualexecution_affine/dualexecution.t1.i12.a9d008cf.smt2,366.17,0,1,成功
/pub/data/jiafq/iscas/Parser_Comparison/../benchmarks/part3/non-incremental/QF_BV/20221012-MCMPC/dualexecution_affine/dualexecution.t1.i12.aa9d4366.smt2,366.642,0,1,成功
/pub/data/jiafq/iscas/Parser_Comparison/../benchmarks/part3/non-incremental/QF_BV/20221012-MCMPC/dualexecution_affine/dualexecution.t1.i12.bb0d4ae4.smt2,321.789,0,1,成功
/pub/data/jiafq/iscas/Parser_Comparison/../benchmarks/part3/non-incremental/QF_BV/20221012-MCMPC/dualexecution_affine/dualexecution.t1.i12.d1320fdd.smt2,338.649,0,1,成功
/pub/data/jiafq/iscas/Parser_Comparison/../benchmarks/part3/non-incremental/QF_BV/20221012-MCMPC/dualexecution_affine/dualexecution.t1.i12.d97961d5.smt2,336.871,0,1,成功
/pub/data/jiafq/iscas/Parser_Comparison/../benchmarks/part3/non-incremental/QF_BV/20221012-MCMPC/dualexecution_affine/dualexecution.t1.i12.f44f985e.smt2,332.24,0,1,成功
/pub/data/jiafq/iscas/Parser_Comparison/../benchmarks/part3/non-incremental/QF_BV/20221012-MCMPC/dualexecution_affine/dualexecution.t1.i14.1628dca9.smt2,908.005,0,1,成功
/pub/data/jiafq/iscas/Parser_Comparison/../benchmarks/part3/non-incremental/QF_BV/20221012-MCMPC/dualexecution_affine/dualexecution.t1.i14.2ad5b925.smt2,929.332,0,1,成功
/pub/data/jiafq/iscas/Parser_Comparison/../benchmarks/part3/non-incremental/QF_BV/20221012-MCMPC/dualexecution_affine/dualexecution.t1.i14.4c1944ca.smt2,921.56,0,1,成功
/pub/data/jiafq/iscas/Parser_Comparison/../benchmarks/part3/non-incremental/QF_BV/20221012-MCMPC/dualexecution_affine/dualexecution.t1.i14.58af63df.smt2,914.266,0,1,成功
/pub/data/jiafq/iscas/Parser_Comparison/../benchmarks/part3/non-incremental/QF_BV/20221012-MCMPC/dualexecution_affine/dualexecution.t1.i14.610f960a.smt2,924.904,0,1,成功
/pub/data/jiafq/iscas/Parser_Comparison/../benchmarks/part3/non-incremental/QF_BV/20221012-MCMPC/dualexecution_affine/dualexecution.t1.i14.76ffa302.smt2,904.371,0,1,成功
/pub/data/jiafq/iscas/Parser_Comparison/../benchmarks/part3/non-incremental/QF_BV/20221012-MCMPC/dualexecution_affine/dualexecution.t1.i14.7871bd1f.smt2,899.755,0,1,成功
/pub/data/jiafq/iscas/Parser_Comparison/../benchmarks/part3/non-incremental/QF_BV/20221012-MCMPC/dualexecution_affine/dualexecution.t1.i14.8585dcb1.smt2,911.396,0,1,成功
/pub/data/jiafq/iscas/Parser_Comparison/../benchmarks/part3/non-incremental/QF_BV/20221012-MCMPC/dualexecution_affine/dualexecution.t1.i14.8bc2556c.smt2,944.593,0,1,成功
/pub/data/jiafq/iscas/Parser_Comparison/../benchmarks/part3/non-incremental/QF_BV/20221012-MCMPC/dualexecution_affine/dualexecution.t1.i14.8cbee5dd.smt2,933.423,0,1,成功
/pub/data/jiafq/iscas/Parser_Comparison/../benchmarks/part3/non-incremental/QF_BV/20221012-MCMPC/dualexecution_affine/dualexecution.t1.i14.977a94e6.smt2,917.71,0,1,成功
/pub/data/jiafq/iscas/Parser_Comparison/../benchmarks/part3/non-incremental/QF_BV/20221012-MCMPC/dualexecution_affine/dualexecution.t1.i14.98d7e166.smt2,925.983,0,1,成功
/pub/data/jiafq/iscas/Parser_Comparison/../benchmarks/part3/non-incremental/QF_BV/20221012-MCMPC/dualexecution_affine/dualexecution.t1.i14.9fe6d38d.smt2,910.633,0,1,成功
/pub/data/jiafq/iscas/Parser_Comparison/../benchmarks/part3/non-incremental/QF_BV/20221012-MCMPC/dualexecution_affine/dualexecution.t1.i14.a38f07ea.smt2,913.609,0,1,成功
/pub/data/jiafq/iscas/Parser_Comparison/../benchmarks/part3/non-incremental/QF_BV/20221012-MCMPC/dualexecution_affine/dualexecution.t1.i14.b16b6a0b.smt2,920.651,0,1,成功
/pub/data/jiafq/iscas/Parser_Comparison/../benchmarks/part3/non-incremental/QF_BV/20221012-MCMPC/dualexecution_affine/dualexecution.t1.i14.b47b750a.smt2,895.117,0,1,成功
/pub/data/jiafq/iscas/Parser_Comparison/../benchmarks/part3/non-incremental/QF_BV/20221012-MCMPC/dualexecution_affine/dualexecution.t1.i14.ea2d4fbc.smt2,915.131,0,1,成功
/pub/data/jiafq/iscas/Parser_Comparison/../benchmarks/part3/non-incremental/QF_BV/20221012-MCMPC/dualexecution_affine/dualexecution.t1.i14.f8c9329b.smt2,910.736,0,1,成功
/pub/data/jiafq/iscas/Parser_Comparison/../benchmarks/part3/non-incremental/QF_BV/20221012-MCMPC/dualexecution_affine/dualexecution.t1.i15.0062fef9.smt2,890.777,0,1,成功
/pub/data/jiafq/iscas/Parser_Comparison/../benchmarks/part3/non-incremental/QF_BV/20221012-MCMPC/dualexecution_affine/dualexecution.t1.i15.012f6e6a.smt2,900.82,0,1,成功
/pub/data/jiafq/iscas/Parser_Comparison/../benchmarks/part3/non-incremental/QF_BV/20221012-MCMPC/dualexecution_affine/dualexecution.t1.i15.0367e6a0.smt2,916.337,0,1,成功
/pub/data/jiafq/iscas/Parser_Comparison/../benchmarks/part3/non-incremental/QF_BV/20221012-MCMPC/dualexecution_affine/dualexecution.t1.i15.04178108.smt2,912.885,0,1,成功
/pub/data/jiafq/iscas/Parser_Comparison/../benchmarks/part3/non-incremental/QF_BV/20221012-MCMPC/dualexecution_affine/dualexecution.t1.i15.0695c39b.smt2,916.049,0,1,成功
/pub/data/jiafq/iscas/Parser_Comparison/../benchmarks/part3/non-incremental/QF_BV/20221012-MCMPC/dualexecution_affine/dualexecution.t1.i15.078fbd76.smt2,907.046,0,1,成功
/pub/data/jiafq/iscas/Parser_Comparison/../benchmarks/part3/non-incremental/QF_BV/20221012-MCMPC/dualexecution_affine/dualexecution.t1.i15.09d49320.smt2,922.351,0,1,成功
/pub/data/jiafq/iscas/Parser_Comparison/../benchmarks/part3/non-incremental/QF_BV/20221012-MCMPC/dualexecution_affine/dualexecution.t1.i15.1023f4eb.smt2,906.45,0,1,成功
/pub/data/jiafq/iscas/Parser_Comparison/../benchmarks/part3/non-incremental/QF_BV/20221012-MCMPC/dualexecution_affine/dualexecution.t1.i15.158e3a61.smt2,908.603,0,1,成功
/pub/data/jiafq/iscas/Parser_Comparison/../benchmarks/part3/non-incremental/QF_BV/20221012-MCMPC/dualexecution_affine/dualexecution.t1.i15.22a92ffd.smt2,916.363,0,1,成功
/pub/data/jiafq/iscas/Parser_Comparison/../benchmarks/part3/non-incremental/QF_BV/20221012-MCMPC/dualexecution_affine/dualexecution.t1.i15.27b9b83b.smt2,904.693,0,1,成功
/pub/data/jiafq/iscas/Parser_Comparison/../benchmarks/part3/non-incremental/QF_BV/20221012-MCMPC/dualexecution_affine/dualexecution.t1.i15.2a500d27.smt2,908.158,0,1,成功
/pub/data/jiafq/iscas/Parser_Comparison/../benchmarks/part3/non-incremental/QF_BV/20221012-MCMPC/dualexecution_affine/dualexecution.t1.i15.3663f71c.smt2,895.678,0,1,成功
/pub/data/jiafq/iscas/Parser_Comparison/../benchmarks/part3/non-incremental/QF_BV/20221012-MCMPC/dualexecution_affine/dualexecution.t1.i15.371da25d.smt2,917.608,228,1,成功
/pub/data/jiafq/iscas/Parser_Comparison/../benchmarks/part3/non-incremental/QF_BV/20221012-MCMPC/dualexecution_affine/dualexecution.t1.i15.37fe63c0.smt2,905.663,0,1,成功
/pub/data/jiafq/iscas/Parser_Comparison/../benchmarks/part3/non-incremental/QF_BV/20221012-MCMPC/dualexecution_affine/dualexecution.t1.i15.3ba0b655.smt2,900.078,0,1,成功
/pub/data/jiafq/iscas/Parser_Comparison/../benchmarks/part3/non-incremental/QF_BV/20221012-MCMPC/dualexecution_affine/dualexecution.t1.i15.3c908a86.smt2,922.037,0,1,成功
/pub/data/jiafq/iscas/Parser_Comparison/../benchmarks/part3/non-incremental/QF_BV/20221012-MCMPC/dualexecution_affine/dualexecution.t1.i15.3db2df79.smt2,915.12,0,1,成功
/pub/data/jiafq/iscas/Parser_Comparison/../benchmarks/part3/non-incremental/QF_BV/20221012-MCMPC/dualexecution_affine/dualexecution.t1.i15.44406686.smt2,906.669,0,1,成功
/pub/data/jiafq/iscas/Parser_Comparison/../benchmarks/part3/non-incremental/QF_BV/20221012-MCMPC/dualexecution_affine/dualexecution.t1.i15.46f14cde.smt2,897.465,0,1,成功
/pub/data/jiafq/iscas/Parser_Comparison/../benchmarks/part3/non-incremental/QF_BV/20221012-MCMPC/dualexecution_affine/dualexecution.t1.i15.49db1cad.smt2,917.064,0,1,成功
/pub/data/jiafq/iscas/Parser_Comparison/../benchmarks/part3/non-incremental/QF_BV/20221012-MCMPC/dualexecution_affine/dualexecution.t1.i15.4b6032db.smt2,910.071,0,1,成功
/pub/data/jiafq/iscas/Parser_Comparison/../benchmarks/part3/non-incremental/QF_BV/20221012-MCMPC/dualexecution_affine/dualexecution.t1.i15.56ba179e.smt2,920.32,0,1,成功
/pub/data/jiafq/iscas/Parser_Comparison/../benchmarks/part3/non-incremental/QF_BV/20221012-MCMPC/dualexecution_affine/dualexecution.t1.i15.5b9ec15a.smt2,899.261,0,1,成功
/pub/data/jiafq/iscas/Parser_Comparison/../benchmarks/part3/non-incremental/QF_BV/20221012-MCMPC/dualexecution_affine/dualexecution.t1.i15.67a3fad9.smt2,897.779,0,1,成功
/pub/data/jiafq/iscas/Parser_Comparison/../benchmarks/part3/non-incremental/QF_BV/20221012-MCMPC/dualexecution_affine/dualexecution.t1.i15.6cf4a8fe.smt2,940.576,0,1,成功
/pub/data/jiafq/iscas/Parser_Comparison/../benchmarks/part3/non-incremental/QF_BV/20221012-MCMPC/dualexecution_affine/dualexecution.t1.i15.6e8fc75e.smt2,924.219,0,1,成功
/pub/data/jiafq/iscas/Parser_Comparison/../benchmarks/part3/non-incremental/QF_BV/20221012-MCMPC/dualexecution_affine/dualexecution.t1.i15.79ba505f.smt2,913.994,0,1,成功
/pub/data/jiafq/iscas/Parser_Comparison/../benchmarks/part3/non-incremental/QF_BV/20221012-MCMPC/dualexecution_affine/dualexecution.t1.i15.7a01dfbb.smt2,910.279,0,1,成功
/pub/data/jiafq/iscas/Parser_Comparison/../benchmarks/part3/non-incremental/QF_BV/20221012-MCMPC/dualexecution_affine/dualexecution.t1.i15.7e4effaf.smt2,919.566,0,1,成功
/pub/data/jiafq/iscas/Parser_Comparison/../benchmarks/part3/non-incremental/QF_BV/20221012-MCMPC/dualexecution_affine/dualexecution.t1.i15.7edaecb4.smt2,915.631,0,1,成功
/pub/data/jiafq/iscas/Parser_Comparison/../benchmarks/part3/non-incremental/QF_BV/20221012-MCMPC/dualexecution_affine/dualexecution.t1.i15.8c2f11bd.smt2,891.851,0,1,成功
/pub/data/jiafq/iscas/Parser_Comparison/../benchmarks/part3/non-incremental/QF_BV/20221012-MCMPC/dualexecution_affine/dualexecution.t1.i15.8cf8ddf5.smt2,896.185,0,1,成功
/pub/data/jiafq/iscas/Parser_Comparison/../benchmarks/part3/non-incremental/QF_BV/20221012-MCMPC/dualexecution_affine/dualexecution.t1.i15.8e78387b.smt2,908.04,0,1,成功
/pub/data/jiafq/iscas/Parser_Comparison/../benchmarks/part3/non-incremental/QF_BV/20221012-MCMPC/dualexecution_affine/dualexecution.t1.i15.9ccfc51d.smt2,909.58,0,1,成功
/pub/data/jiafq/iscas/Parser_Comparison/../benchmarks/part3/non-incremental/QF_BV/20221012-MCMPC/dualexecution_affine/dualexecution.t1.i15.9dd29887.smt2,898.263,0,1,成功
/pub/data/jiafq/iscas/Parser_Comparison/../benchmarks/part3/non-incremental/QF_BV/20221012-MCMPC/dualexecution_affine/dualexecution.t1.i15.a0457f2f.smt2,911.229,0,1,成功
/pub/data/jiafq/iscas/Parser_Comparison/../benchmarks/part3/non-incremental/QF_BV/20221012-MCMPC/dualexecution_affine/dualexecution.t1.i15.adfeb215.smt2,899.55,0,1,成功
/pub/data/jiafq/iscas/Parser_Comparison/../benchmarks/part3/non-incremental/QF_BV/20221012-MCMPC/dualexecution_affine/dualexecution.t1.i15.b38d4a76.smt2,928.297,0,1,成功
/pub/data/jiafq/iscas/Parser_Comparison/../benchmarks/part3/non-incremental/QF_BV/20221012-MCMPC/dualexecution_affine/dualexecution.t1.i15.b4a9e67c.smt2,899.839,0,1,成功
/pub/data/jiafq/iscas/Parser_Comparison/../benchmarks/part3/non-incremental/QF_BV/20221012-MCMPC/dualexecution_affine/dualexecution.t1.i15.b5969292.smt2,918.119,0,1,成功
/pub/data/jiafq/iscas/Parser_Comparison/../benchmarks/part3/non-incremental/QF_BV/20221012-MCMPC/dualexecution_affine/dualexecution.t1.i15.bd077eae.smt2,904.429,0,1,成功
/pub/data/jiafq/iscas/Parser_Comparison/../benchmarks/part3/non-incremental/QF_BV/20221012-MCMPC/dualexecution_affine/dualexecution.t1.i15.c263bae8.smt2,960.841,0,1,成功
/pub/data/jiafq/iscas/Parser_Comparison/../benchmarks/part3/non-incremental/QF_BV/20221012-MCMPC/dualexecution_affine/dualexecution.t1.i15.cb59be00.smt2,924.716,0,1,成功
/pub/data/jiafq/iscas/Parser_Comparison/../benchmarks/part3/non-incremental/QF_BV/20221012-MCMPC/dualexecution_affine/dualexecution.t1.i15.cbbd31d8.smt2,896.965,0,1,成功
/pub/data/jiafq/iscas/Parser_Comparison/../benchmarks/part3/non-incremental/QF_BV/20221012-MCMPC/dualexecution_affine/dualexecution.t1.i15.d25b2588.smt2,913.03,0,1,成功
/pub/data/jiafq/iscas/Parser_Comparison/../benchmarks/part3/non-incremental/QF_BV/20221012-MCMPC/dualexecution_affine/dualexecution.t1.i15.da005adc.smt2,902.414,0,1,成功
/pub/data/jiafq/iscas/Parser_Comparison/../benchmarks/part3/non-incremental/QF_BV/20221012-MCMPC/dualexecution_affine/dualexecution.t1.i15.dbc690d3.smt2,909.426,0,1,成功
/pub/data/jiafq/iscas/Parser_Comparison/../benchmarks/part3/non-incremental/QF_BV/20221012-MCMPC/dualexecution_affine/dualexecution.t1.i15.e677ca3b.smt2,888.308,0,1,成功
/pub/data/jiafq/iscas/Parser_Comparison/../benchmarks/part3/non-incremental/QF_BV/20221012-MCMPC/dualexecution_affine/dualexecution.t1.i15.e916a96b.smt2,904.295,0,1,成功
/pub/data/jiafq/iscas/Parser_Comparison/../benchmarks/part3/non-incremental/QF_BV/20221012-MCMPC/dualexecution_affine/dualexecution.t1.i15.ecf498ca.smt2,919.696,0,1,成功
/pub/data/jiafq/iscas/Parser_Comparison/../benchmarks/part3/non-incremental/QF_BV/20221012-MCMPC/dualexecution_affine/dualexecution.t1.i15.ee376b59.smt2,928.204,0,1,成功
/pub/data/jiafq/iscas/Parser_Comparison/../benchmarks/part3/non-incremental/QF_BV/20221012-MCMPC/dualexecution_affine/dualexecution.t1.i15.f1f4b352.smt2,913.801,0,1,成功
/pub/data/jiafq/iscas/Parser_Comparison/../benchmarks/part3/non-incremental/QF_BV/20221012-MCMPC/dualexecution_affine/dualexecution.t1.i15.f55a00e1.smt2,890.524,0,1,成功
/pub/data/jiafq/iscas/Parser_Comparison/../benchmarks/part3/non-incremental/QF_BV/20221012-MCMPC/dualexecution_affine/dualexecution.t1.i15.fb1699bf.smt2,937.361,0,1,成功
/pub/data/jiafq/iscas/Parser_Comparison/../benchmarks/part3/non-incremental/QF_BV/20221012-MCMPC/dualexecution_affine/dualexecution.t1.i15.fd310001.smt2,924.653,0,1,成功
/pub/data/jiafq/iscas/Parser_Comparison/../benchmarks/part3/non-incremental/QF_BV/20221012-MCMPC/dualexecution_affine/dualexecution.t1.i16.028e5fb0.smt2,911.53,0,1,成功
/pub/data/jiafq/iscas/Parser_Comparison/../benchmarks/part3/non-incremental/QF_BV/20221012-MCMPC/dualexecution_affine/dualexecution.t1.i16.2f311bab.smt2,911.291,0,1,成功
/pub/data/jiafq/iscas/Parser_Comparison/../benchmarks/part3/non-incremental/QF_BV/20221012-MCMPC/dualexecution_affine/dualexecution.t1.i16.3a476658.smt2,891.3,0,1,成功
/pub/data/jiafq/iscas/Parser_Comparison/../benchmarks/part3/non-incremental/QF_BV/20221012-MCMPC/dualexecution_affine/dualexecution.t1.i16.6f4cdea3.smt2,908.744,0,1,成功
/pub/data/jiafq/iscas/Parser_Comparison/../benchmarks/part3/non-incremental/QF_BV/20221012-MCMPC/dualexecution_affine/dualexecution.t1.i16.ccba053b.smt2,927.511,0,1,成功
/pub/data/jiafq/iscas/Parser_Comparison/../benchmarks/part3/non-incremental/QF_BV/20221012-MCMPC/dualexecution_affine/dualexecution.t1.i16.e7c172b6.smt2,943.36,0,6894,成功
/pub/data/jiafq/iscas/Parser_Comparison/../benchmarks/part3/non-incremental/QF_BV/20221012-MCMPC/dualexecution_affine/dualexecution.t1.i2.13cb4514.smt2,338.453,0,1,成功
/pub/data/jiafq/iscas/Parser_Comparison/../benchmarks/part3/non-incremental/QF_BV/20221012-MCMPC/dualexecution_affine/dualexecution.t1.i2.4a42c922.smt2,328.336,0,1,成功
/pub/data/jiafq/iscas/Parser_Comparison/../benchmarks/part3/non-incremental/QF_BV/20221012-MCMPC/dualexecution_affine/dualexecution.t1.i2.9493a999.smt2,340.44,0,1,成功
/pub/data/jiafq/iscas/Parser_Comparison/../benchmarks/part3/non-incremental/QF_BV/20221012-MCMPC/dualexecution_affine/dualexecution.t1.i2.b0c2b1e6.smt2,333.504,0,1,成功
/pub/data/jiafq/iscas/Parser_Comparison/../benchmarks/part3/non-incremental/QF_BV/20221012-MCMPC/dualexecution_affine/dualexecution.t1.i28.4c3d51fa.smt2,12067.9,0,1,成功
/pub/data/jiafq/iscas/Parser_Comparison/../benchmarks/part3/non-incremental/QF_BV/20221012-MCMPC/dualexecution_affine/dualexecution.t1.i28.55510fcf.smt2,12073.5,0,1,成功
/pub/data/jiafq/iscas/Parser_Comparison/../benchmarks/part3/non-incremental/QF_BV/20221012-MCMPC/dualexecution_affine/dualexecution.t1.i28.56bafbbd.smt2,12077.9,0,1,成功
/pub/data/jiafq/iscas/Parser_Comparison/../benchmarks/part3/non-incremental/QF_BV/20221012-MCMPC/dualexecution_affine/dualexecution.t1.i28.62d1ce89.smt2,12411.5,0,1,成功
/pub/data/jiafq/iscas/Parser_Comparison/../benchmarks/part3/non-incremental/QF_BV/20221012-MCMPC/dualexecution_affine/dualexecution.t1.i28.972bf285.smt2,12188,0,1,成功
/pub/data/jiafq/iscas/Parser_Comparison/../benchmarks/part3/non-incremental/QF_BV/20221012-MCMPC/dualexecution_affine/dualexecution.t1.i28.c10ae890.smt2,12282,0,1,成功
/pub/data/jiafq/iscas/Parser_Comparison/../benchmarks/part3/non-incremental/QF_BV/20221012-MCMPC/dualexecution_affine/dualexecution.t1.i28.e7c7849e.smt2,12256.3,0,1,成功
/pub/data/jiafq/iscas/Parser_Comparison/../benchmarks/part3/non-incremental/QF_BV/20221012-MCMPC/dualexecution_affine/dualexecution.t1.i28.f4ae65b3.smt2,12068.4,0,1,成功
/pub/data/jiafq/iscas/Parser_Comparison/../benchmarks/part3/non-incremental/QF_BV/20221012-MCMPC/dualexecution_affine/dualexecution.t1.i28.fe53a86a.smt2,12065.6,0,1,成功
/pub/data/jiafq/iscas/Parser_Comparison/../benchmarks/part3/non-incremental/QF_BV/20221012-MCMPC/dualexecution_affine/dualexecution.t1.i29.a91c1738.smt2,12175,0,1,成功
/pub/data/jiafq/iscas/Parser_Comparison/../benchmarks/part3/non-incremental/QF_BV/20221012-MCMPC/dualexecution_affine/dualexecution.t1.i29.db81d33b.smt2,12369.5,0,1,成功
/pub/data/jiafq/iscas/Parser_Comparison/../benchmarks/part3/non-incremental/QF_BV/20221012-MCMPC/dualexecution_affine/dualexecution.t1.i32.10562c7c.smt2,12199.7,0,1,成功
/pub/data/jiafq/iscas/Parser_Comparison/../benchmarks/part3/non-incremental/QF_BV/20221012-MCMPC/dualexecution_affine/dualexecution.t1.i32.1516ac01.smt2,11949.2,0,27084,成功
/pub/data/jiafq/iscas/Parser_Comparison/../benchmarks/part3/non-incremental/QF_BV/20221012-MCMPC/dualexecution_affine/dualexecution.t1.i32.2633c0c7.smt2,11939.2,0,1,成功
/pub/data/jiafq/iscas/Parser_Comparison/../benchmarks/part3/non-incremental/QF_BV/20221012-MCMPC/dualexecution_affine/dualexecution.t1.i32.519f270c.smt2,12058.3,0,1,成功
/pub/data/jiafq/iscas/Parser_Comparison/../benchmarks/part3/non-incremental/QF_BV/20221012-MCMPC/dualexecution_affine/dualexecution.t1.i32.5dc0062f.smt2,12268.2,0,1,成功
/pub/data/jiafq/iscas/Parser_Comparison/../benchmarks/part3/non-incremental/QF_BV/20221012-MCMPC/dualexecution_affine/dualexecution.t1.i32.b5c3c4db.smt2,12013.3,0,1,成功
/pub/data/jiafq/iscas/Parser_Comparison/../benchmarks/part3/non-incremental/QF_BV/20221012-MCMPC/dualexecution_affine/dualexecution.t1.i32.c384558c.smt2,12171.3,0,1,成功
/pub/data/jiafq/iscas/Parser_Comparison/../benchmarks/part3/non-incremental/QF_BV/20221012-MCMPC/dualexecution_affine/dualexecution.t1.i32.c655f8b4.smt2,12226.8,0,1,成功
/pub/data/jiafq/iscas/Parser_Comparison/../benchmarks/part3/non-incremental/QF_BV/20221012-MCMPC/dualexecution_affine/dualexecution.t1.i32.cf414a2b.smt2,12074.5,0,1,成功
/pub/data/jiafq/iscas/Parser_Comparison/../benchmarks/part3/non-incremental/QF_BV/20221012-MCMPC/dualexecution_affine/dualexecution.t1.i32.e2c16b40.smt2,12065.3,0,1,成功
/pub/data/jiafq/iscas/Parser_Comparison/../benchmarks/part3/non-incremental/QF_BV/20221012-MCMPC/dualexecution_affine/dualexecution.t1.i32.e3ba0737.smt2,12230.1,0,1,成功
/pub/data/jiafq/iscas/Parser_Comparison/../benchmarks/part3/non-incremental/QF_BV/20221012-MCMPC/dualexecution_affine/dualexecution.t1.i32.ebb02498.smt2,12145.5,0,1,成功
/pub/data/jiafq/iscas/Parser_Comparison/../benchmarks/part3/non-incremental/QF_BV/20221012-MCMPC/dualexecution_affine/dualexecution.t1.i32.eca126a1.smt2,11921.9,0,1,成功
/pub/data/jiafq/iscas/Parser_Comparison/../benchmarks/part3/non-incremental/QF_BV/20221012-MCMPC/dualexecution_affine/dualexecution.t1.i32.f5d3b983.smt2,11853.6,0,1,成功
/pub/data/jiafq/iscas/Parser_Comparison/../benchmarks/part3/non-incremental/QF_BV/20221012-MCMPC/dualexecution_affine/dualexecution.t1.i4.a5a277eb.smt2,345.177,0,1,成功
/pub/data/jiafq/iscas/Parser_Comparison/../benchmarks/part3/non-incremental/QF_BV/20221012-MCMPC/dualexecution_affine/dualexecution.t1.i4.f659fcc3.smt2,336.918,0,1,成功
/pub/data/jiafq/iscas/Parser_Comparison/../benchmarks/part3/non-incremental/QF_BV/20221012-MCMPC/dualexecution_affine/dualexecution.t1.i4.f734459a.smt2,329.619,0,1,成功
/pub/data/jiafq/iscas/Parser_Comparison/../benchmarks/part3/non-incremental/QF_BV/20221012-MCMPC/dualexecution_affine/dualexecution.t1.i6.22256b5f.smt2,342.524,0,1,成功
/pub/data/jiafq/iscas/Parser_Comparison/../benchmarks/part3/non-incremental/QF_BV/20221012-MCMPC/dualexecution_affine/dualexecution.t1.i6.3394b5b0.smt2,332.496,0,1,成功
/pub/data/jiafq/iscas/Parser_Comparison/../benchmarks/part3/non-incremental/QF_BV/20221012-MCMPC/dualexecution_affine/dualexecution.t1.i6.4f66bb1b.smt2,333.618,0,1,成功
/pub/data/jiafq/iscas/Parser_Comparison/../benchmarks/part3/non-incremental/QF_BV/20221012-MCMPC/dualexecution_affine/dualexecution.t1.i6.643d65a4.smt2,331.329,0,1,成功
/pub/data/jiafq/iscas/Parser_Comparison/../benchmarks/part3/non-incremental/QF_BV/20221012-MCMPC/dualexecution_affine/dualexecution.t1.i6.6f9933ea.smt2,333.558,0,1,成功
/pub/data/jiafq/iscas/Parser_Comparison/../benchmarks/part3/non-incremental/QF_BV/20221012-MCMPC/dualexecution_affine/dualexecution.t1.i6.76caae98.smt2,331.846,0,1,成功
/pub/data/jiafq/iscas/Parser_Comparison/../benchmarks/part3/non-incremental/QF_BV/20221012-MCMPC/dualexecution_affine/dualexecution.t1.i6.78f7c8f8.smt2,336.891,0,1,成功
/pub/data/jiafq/iscas/Parser_Comparison/../benchmarks/part3/non-incremental/QF_BV/20221012-MCMPC/dualexecution_affine/dualexecution.t1.i6.842faa4d.smt2,332.92,0,1,成功
/pub/data/jiafq/iscas/Parser_Comparison/../benchmarks/part3/non-incremental/QF_BV/20221012-MCMPC/dualexecution_affine/dualexecution.t1.i6.84fe1d6d.smt2,328.161,0,1,成功
/pub/data/jiafq/iscas/Parser_Comparison/../benchmarks/part3/non-incremental/QF_BV/20221012-MCMPC/dualexecution_affine/dualexecution.t1.i6.85dac36f.smt2,331.638,0,1,成功
/pub/data/jiafq/iscas/Parser_Comparison/../benchmarks/part3/non-incremental/QF_BV/20221012-MCMPC/dualexecution_affine/dualexecution.t1.i6.88fd098e.smt2,335.521,0,1,成功
/pub/data/jiafq/iscas/Parser_Comparison/../benchmarks/part3/non-incremental/QF_BV/20221012-MCMPC/dualexecution_affine/dualexecution.t1.i6.8cd9a2ab.smt2,329.193,0,1,成功
/pub/data/jiafq/iscas/Parser_Comparison/../benchmarks/part3/non-incremental/QF_BV/20221012-MCMPC/dualexecution_affine/dualexecution.t1.i6.8ef8799e.smt2,345.028,0,1,成功
/pub/data/jiafq/iscas/Parser_Comparison/../benchmarks/part3/non-incremental/QF_BV/20221012-MCMPC/dualexecution_affine/dualexecution.t1.i6.931b20b1.smt2,329.979,0,1,成功
/pub/data/jiafq/iscas/Parser_Comparison/../benchmarks/part3/non-incremental/QF_BV/20221012-MCMPC/dualexecution_affine/dualexecution.t1.i6.96e30d59.smt2,333.76,0,1,成功
/pub/data/jiafq/iscas/Parser_Comparison/../benchmarks/part3/non-incremental/QF_BV/20221012-MCMPC/dualexecution_affine/dualexecution.t1.i6.9b8eed0f.smt2,332.693,0,1,成功
/pub/data/jiafq/iscas/Parser_Comparison/../benchmarks/part3/non-incremental/QF_BV/20221012-MCMPC/dualexecution_affine/dualexecution.t1.i6.aa2c6a9f.smt2,335.995,0,1,成功
/pub/data/jiafq/iscas/Parser_Comparison/../benchmarks/part3/non-incremental/QF_BV/20221012-MCMPC/dualexecution_affine/dualexecution.t1.i6.aa6fd2e2.smt2,333.842,0,1,成功
/pub/data/jiafq/iscas/Parser_Comparison/../benchmarks/part3/non-incremental/QF_BV/20221012-MCMPC/dualexecution_affine/dualexecution.t1.i6.ae4e9d98.smt2,333.872,0,1,成功
/pub/data/jiafq/iscas/Parser_Comparison/../benchmarks/part3/non-incremental/QF_BV/20221012-MCMPC/dualexecution_affine/dualexecution.t1.i6.b7aee1b4.smt2,330.375,0,1,成功
/pub/data/jiafq/iscas/Parser_Comparison/../benchmarks/part3/non-incremental/QF_BV/20221012-MCMPC/dualexecution_affine/dualexecution.t1.i6.b9e28b2a.smt2,329.803,0,1,成功
/pub/data/jiafq/iscas/Parser_Comparison/../benchmarks/part3/non-incremental/QF_BV/20221012-MCMPC/dualexecution_affine/dualexecution.t1.i6.befb614a.smt2,334.056,0,1,成功
/pub/data/jiafq/iscas/Parser_Comparison/../benchmarks/part3/non-incremental/QF_BV/20221012-MCMPC/dualexecution_affine/dualexecution.t1.i6.c14db5eb.smt2,332.342,0,1,成功
/pub/data/jiafq/iscas/Parser_Comparison/../benchmarks/part3/non-incremental/QF_BV/20221012-MCMPC/dualexecution_affine/dualexecution.t1.i6.d2262ffa.smt2,330.287,0,1,成功
/pub/data/jiafq/iscas/Parser_Comparison/../benchmarks/part3/non-incremental/QF_BV/20221012-MCMPC/dualexecution_affine/dualexecution.t1.i6.e57e39b7.smt2,333.359,0,1,成功
/pub/data/jiafq/iscas/Parser_Comparison/../benchmarks/part3/non-incremental/QF_BV/20221012-MCMPC/dualexecution_affine/dualexecution.t1.i6.f3039dc0.smt2,326.965,0,1,成功
/pub/data/jiafq/iscas/Parser_Comparison/../benchmarks/part3/non-incremental/QF_BV/20221012-MCMPC/dualexecution_affine/dualexecution.t1.i6.f442e4cf.smt2,327.796,0,1,成功
/pub/data/jiafq/iscas/Parser_Comparison/../benchmarks/part3/non-incremental/QF_BV/20221012-MCMPC/dualexecution_affine/dualexecution.t1.i6.fe6e9375.smt2,336.168,0,1,成功
/pub/data/jiafq/iscas/Parser_Comparison/../benchmarks/part3/non-incremental/QF_BV/20221012-MCMPC/dualexecution_affine/dualexecution.t1.i7.bf59fc41.smt2,329.443,0,1,成功
/pub/data/jiafq/iscas/Parser_Comparison/../benchmarks/part3/non-incremental/QF_BV/20221012-MCMPC/dualexecution_affine/dualexecution.t1.i9.07c5305a.smt2,331.707,0,1,成功
/pub/data/jiafq/iscas/Parser_Comparison/../benchmarks/part3/non-incremental/QF_BV/20221012-MCMPC/dualexecution_affine/dualexecution.t1.i9.0ad5a449.smt2,327.308,0,1,成功
/pub/data/jiafq/iscas/Parser_Comparison/../benchmarks/part3/non-incremental/QF_BV/20221012-MCMPC/dualexecution_affine/dualexecution.t1.i9.164504ab.smt2,326.49,0,1,成功
/pub/data/jiafq/iscas/Parser_Comparison/../benchmarks/part3/non-incremental/QF_BV/20221012-MCMPC/dualexecution_affine/dualexecution.t1.i9.1d1e81d2.smt2,327.491,0,1,成功
/pub/data/jiafq/iscas/Parser_Comparison/../benchmarks/part3/non-incremental/QF_BV/20221012-MCMPC/dualexecution_affine/dualexecution.t1.i9.23c0e794.smt2,331.732,0,1,成功
/pub/data/jiafq/iscas/Parser_Comparison/../benchmarks/part3/non-incremental/QF_BV/20221012-MCMPC/dualexecution_affine/dualexecution.t1.i9.27f41470.smt2,333.036,0,1,成功
/pub/data/jiafq/iscas/Parser_Comparison/../benchmarks/part3/non-incremental/QF_BV/20221012-MCMPC/dualexecution_affine/dualexecution.t1.i9.55186bc7.smt2,326.668,0,1,成功
/pub/data/jiafq/iscas/Parser_Comparison/../benchmarks/part3/non-incremental/QF_BV/20221012-MCMPC/dualexecution_affine/dualexecution.t1.i9.57544142.smt2,332.768,0,1,成功
/pub/data/jiafq/iscas/Parser_Comparison/../benchmarks/part3/non-incremental/QF_BV/20221012-MCMPC/dualexecution_affine/dualexecution.t1.i9.66f516d1.smt2,335.748,0,1,成功
/pub/data/jiafq/iscas/Parser_Comparison/../benchmarks/part3/non-incremental/QF_BV/20221012-MCMPC/dualexecution_affine/dualexecution.t1.i9.6be21bb7.smt2,328.863,0,1,成功
/pub/data/jiafq/iscas/Parser_Comparison/../benchmarks/part3/non-incremental/QF_BV/20221012-MCMPC/dualexecution_affine/dualexecution.t1.i9.6fc32ac9.smt2,330.99,0,1,成功
/pub/data/jiafq/iscas/Parser_Comparison/../benchmarks/part3/non-incremental/QF_BV/20221012-MCMPC/dualexecution_affine/dualexecution.t1.i9.785cdd8b.smt2,332.424,0,1,成功
/pub/data/jiafq/iscas/Parser_Comparison/../benchmarks/part3/non-incremental/QF_BV/20221012-MCMPC/dualexecution_affine/dualexecution.t1.i9.7d6be4fb.smt2,338.231,0,1,成功
/pub/data/jiafq/iscas/Parser_Comparison/../benchmarks/part3/non-incremental/QF_BV/20221012-MCMPC/dualexecution_affine/dualexecution.t1.i9.8d1b6088.smt2,336.73,0,1,成功
/pub/data/jiafq/iscas/Parser_Comparison/../benchmarks/part3/non-incremental/QF_BV/20221012-MCMPC/dualexecution_affine/dualexecution.t1.i9.8f50e88b.smt2,333.117,0,1,成功
/pub/data/jiafq/iscas/Parser_Comparison/../benchmarks/part3/non-incremental/QF_BV/20221012-MCMPC/dualexecution_affine/dualexecution.t1.i9.90709274.smt2,327.014,0,1,成功
/pub/data/jiafq/iscas/Parser_Comparison/../benchmarks/part3/non-incremental/QF_BV/20221012-MCMPC/dualexecution_affine/dualexecution.t1.i9.9cb9560f.smt2,334.555,0,1,成功
/pub/data/jiafq/iscas/Parser_Comparison/../benchmarks/part3/non-incremental/QF_BV/20221012-MCMPC/dualexecution_affine/dualexecution.t1.i9.d6efd606.smt2,330.796,0,1,成功
/pub/data/jiafq/iscas/Parser_Comparison/../benchmarks/part3/non-incremental/QF_BV/20221012-MCMPC/dualexecution_affine/dualexecution.t1.i9.d824efa8.smt2,327.249,0,1,成功
/pub/data/jiafq/iscas/Parser_Comparison/../benchmarks/part3/non-incremental/QF_BV/20221012-MCMPC/dualexecution_affine/dualexecution.t1.i9.ea1343c2.smt2,336.34,0,1,成功
/pub/data/jiafq/iscas/Parser_Comparison/../benchmarks/part3/non-incremental/QF_BV/20221012-MCMPC/dualexecution_affine/dualexecution_affine.t1.i10.002bbd58.smt2,332.934,0,1,成功
/pub/data/jiafq/iscas/Parser_Comparison/../benchmarks/part3/non-incremental/QF_BV/20221012-MCMPC/dualexecution_affine/dualexecution_affine.t1.i10.09466a6d.smt2,334.704,0,1,成功
/pub/data/jiafq/iscas/Parser_Comparison/../benchmarks/part3/non-incremental/QF_BV/20221012-MCMPC/dualexecution_affine/dualexecution_affine.t1.i10.0e5ef22b.smt2,344.522,0,1,成功
/pub/data/jiafq/iscas/Parser_Comparison/../benchmarks/part3/non-incremental/QF_BV/20221012-MCMPC/dualexecution_affine/dualexecution_affine.t1.i10.10b3b8a9.smt2,334.52,0,1,成功
/pub/data/jiafq/iscas/Parser_Comparison/../benchmarks/part3/non-incremental/QF_BV/20221012-MCMPC/dualexecution_affine/dualexecution_affine.t1.i10.1342e8d3.smt2,331.476,0,1,成功
/pub/data/jiafq/iscas/Parser_Comparison/../benchmarks/part3/non-incremental/QF_BV/20221012-MCMPC/dualexecution_affine/dualexecution_affine.t1.i10.1ad68aa7.smt2,340.841,0,1,成功
/pub/data/jiafq/iscas/Parser_Comparison/../benchmarks/part3/non-incremental/QF_BV/20221012-MCMPC/dualexecution_affine/dualexecution_affine.t1.i10.338a2013.smt2,340.799,0,1,成功
/pub/data/jiafq/iscas/Parser_Comparison/../benchmarks/part3/non-incremental/QF_BV/20221012-MCMPC/dualexecution_affine/dualexecution_affine.t1.i10.3396fbe4.smt2,340.735,0,1,成功
/pub/data/jiafq/iscas/Parser_Comparison/../benchmarks/part3/non-incremental/QF_BV/20221012-MCMPC/dualexecution_affine/dualexecution_affine.t1.i10.3ba00455.smt2,331.193,0,1,成功
/pub/data/jiafq/iscas/Parser_Comparison/../benchmarks/part3/non-incremental/QF_BV/20221012-MCMPC/dualexecution_affine/dualexecution_affine.t1.i10.3fa5dbbe.smt2,334.516,0,1,成功
/pub/data/jiafq/iscas/Parser_Comparison/../benchmarks/part3/non-incremental/QF_BV/20221012-MCMPC/dualexecution_affine/dualexecution_affine.t1.i10.40062874.smt2,334.947,0,1,成功
/pub/data/jiafq/iscas/Parser_Comparison/../benchmarks/part3/non-incremental/QF_BV/20221012-MCMPC/dualexecution_affine/dualexecution_affine.t1.i10.40161fa0.smt2,326.675,0,1,成功
/pub/data/jiafq/iscas/Parser_Comparison/../benchmarks/part3/non-incremental/QF_BV/20221012-MCMPC/dualexecution_affine/dualexecution_affine.t1.i10.430d768b.smt2,331.665,0,1,成功
/pub/data/jiafq/iscas/Parser_Comparison/../benchmarks/part3/non-incremental/QF_BV/20221012-MCMPC/dualexecution_affine/dualexecution_affine.t1.i10.465a6c27.smt2,335.584,0,1,成功
/pub/data/jiafq/iscas/Parser_Comparison/../benchmarks/part3/non-incremental/QF_BV/20221012-MCMPC/dualexecution_affine/dualexecution_affine.t1.i10.4baf2949.smt2,332.187,0,1,成功
/pub/data/jiafq/iscas/Parser_Comparison/../benchmarks/part3/non-incremental/QF_BV/20221012-MCMPC/dualexecution_affine/dualexecution_affine.t1.i10.4d5c7841.smt2,329.148,0,1,成功
/pub/data/jiafq/iscas/Parser_Comparison/../benchmarks/part3/non-incremental/QF_BV/20221012-MCMPC/dualexecution_affine/dualexecution_affine.t1.i10.4e5c9624.smt2,330.171,0,1,成功
/pub/data/jiafq/iscas/Parser_Comparison/../benchmarks/part3/non-incremental/QF_BV/20221012-MCMPC/dualexecution_affine/dualexecution_affine.t1.i10.594541d1.smt2,336.478,0,1,成功
/pub/data/jiafq/iscas/Parser_Comparison/../benchmarks/part3/non-incremental/QF_BV/20221012-MCMPC/dualexecution_affine/dualexecution_affine.t1.i10.5ce95369.smt2,332.652,0,1,成功
/pub/data/jiafq/iscas/Parser_Comparison/../benchmarks/part3/non-incremental/QF_BV/20221012-MCMPC/dualexecution_affine/dualexecution_affine.t1.i10.5d7265aa.smt2,329.37,0,1,成功
/pub/data/jiafq/iscas/Parser_Comparison/../benchmarks/part3/non-incremental/QF_BV/20221012-MCMPC/dualexecution_affine/dualexecution_affine.t1.i10.65834263.smt2,331.282,0,1,成功
/pub/data/jiafq/iscas/Parser_Comparison/../benchmarks/part3/non-incremental/QF_BV/20221012-MCMPC/dualexecution_affine/dualexecution_affine.t1.i10.723d8c2d.smt2,334.938,0,1,成功
/pub/data/jiafq/iscas/Parser_Comparison/../benchmarks/part3/non-incremental/QF_BV/20221012-MCMPC/dualexecution_affine/dualexecution_affine.t1.i10.742231d5.smt2,332.042,0,1,成功
/pub/data/jiafq/iscas/Parser_Comparison/../benchmarks/part3/non-incremental/QF_BV/20221012-MCMPC/dualexecution_affine/dualexecution_affine.t1.i10.84dd54fd.smt2,338.662,0,1,成功
/pub/data/jiafq/iscas/Parser_Comparison/../benchmarks/part3/non-incremental/QF_BV/20221012-MCMPC/dualexecution_affine/dualexecution_affine.t1.i10.8698d75f.smt2,334.879,0,1,成功
/pub/data/jiafq/iscas/Parser_Comparison/../benchmarks/part3/non-incremental/QF_BV/20221012-MCMPC/dualexecution_affine/dualexecution_affine.t1.i10.89373099.smt2,332.012,0,1,成功
/pub/data/jiafq/iscas/Parser_Comparison/../benchmarks/part3/non-incremental/QF_BV/20221012-MCMPC/dualexecution_affine/dualexecution_affine.t1.i10.8c019578.smt2,339.421,0,1,成功
/pub/data/jiafq/iscas/Parser_Comparison/../benchmarks/part3/non-incremental/QF_BV/20221012-MCMPC/dualexecution_affine/dualexecution_affine.t1.i10.8e2e3b59.smt2,339.296,0,1,成功
/pub/data/jiafq/iscas/Parser_Comparison/../benchmarks/part3/non-incremental/QF_BV/20221012-MCMPC/dualexecution_affine/dualexecution_affine.t1.i10.8f4007f8.smt2,335.479,0,1,成功
/pub/data/jiafq/iscas/Parser_Comparison/../benchmarks/part3/non-incremental/QF_BV/20221012-MCMPC/dualexecution_affine/dualexecution_affine.t1.i10.9e4391e8.smt2,332.698,0,1,成功
/pub/data/jiafq/iscas/Parser_Comparison/../benchmarks/part3/non-incremental/QF_BV/20221012-MCMPC/dualexecution_affine/dualexecution_affine.t1.i10.9f2240bc.smt2,330.143,0,1,成功
/pub/data/jiafq/iscas/Parser_Comparison/../benchmarks/part3/non-incremental/QF_BV/20221012-MCMPC/dualexecution_affine/dualexecution_affine.t1.i10.a3c65b7b.smt2,332.082,0,1,成功
/pub/data/jiafq/iscas/Parser_Comparison/../benchmarks/part3/non-incremental/QF_BV/20221012-MCMPC/dualexecution_affine/dualexecution_affine.t1.i10.a54f15ff.smt2,329.419,0,1,成功
/pub/data/jiafq/iscas/Parser_Comparison/../benchmarks/part3/non-incremental/QF_BV/20221012-MCMPC/dualexecution_affine/dualexecution_affine.t1.i10.a94a1bd1.smt2,337.14,0,1,成功
/pub/data/jiafq/iscas/Parser_Comparison/../benchmarks/part3/non-incremental/QF_BV/20221012-MCMPC/dualexecution_affine/dualexecution_affine.t1.i10.aa3b530e.smt2,326.837,0,1,成功
/pub/data/jiafq/iscas/Parser_Comparison/../benchmarks/part3/non-incremental/QF_BV/20221012-MCMPC/dualexecution_affine/dualexecution_affine.t1.i10.b180acbb.smt2,331.214,0,1,成功
/pub/data/jiafq/iscas/Parser_Comparison/../benchmarks/part3/non-incremental/QF_BV/20221012-MCMPC/dualexecution_affine/dualexecution_affine.t1.i10.b1ae4bcd.smt2,333.239,0,1,成功
/pub/data/jiafq/iscas/Parser_Comparison/../benchmarks/part3/non-incremental/QF_BV/20221012-MCMPC/dualexecution_affine/dualexecution_affine.t1.i10.b80ee897.smt2,332.73,0,1,成功
/pub/data/jiafq/iscas/Parser_Comparison/../benchmarks/part3/non-incremental/QF_BV/20221012-MCMPC/dualexecution_affine/dualexecution_affine.t1.i10.bb5c17e2.smt2,338.703,0,1,成功
/pub/data/jiafq/iscas/Parser_Comparison/../benchmarks/part3/non-incremental/QF_BV/20221012-MCMPC/dualexecution_affine/dualexecution_affine.t1.i10.c560506c.smt2,332.799,0,1,成功
/pub/data/jiafq/iscas/Parser_Comparison/../benchmarks/part3/non-incremental/QF_BV/20221012-MCMPC/dualexecution_affine/dualexecution_affine.t1.i10.c7fd9101.smt2,326.256,0,1,成功
/pub/data/jiafq/iscas/Parser_Comparison/../benchmarks/part3/non-incremental/QF_BV/20221012-MCMPC/dualexecution_affine/dualexecution_affine.t1.i10.caf548a2.smt2,332.345,0,1,成功
/pub/data/jiafq/iscas/Parser_Comparison/../benchmarks/part3/non-incremental/QF_BV/20221012-MCMPC/dualexecution_affine/dualexecution_affine.t1.i10.cb4bd753.smt2,333.817,0,1,成功
/pub/data/jiafq/iscas/Parser_Comparison/../benchmarks/part3/non-incremental/QF_BV/20221012-MCMPC/dualexecution_affine/dualexecution_affine.t1.i10.cb9e4216.smt2,330.179,0,1,成功
/pub/data/jiafq/iscas/Parser_Comparison/../benchmarks/part3/non-incremental/QF_BV/20221012-MCMPC/dualexecution_affine/dualexecution_affine.t1.i10.cd09b446.smt2,329.629,0,1,成功
/pub/data/jiafq/iscas/Parser_Comparison/../benchmarks/part3/non-incremental/QF_BV/20221012-MCMPC/dualexecution_affine/dualexecution_affine.t1.i10.d195eedc.smt2,336.359,0,1,成功
/pub/data/jiafq/iscas/Parser_Comparison/../benchmarks/part3/non-incremental/QF_BV/20221012-MCMPC/dualexecution_affine/dualexecution_affine.t1.i10.d3ba7c3b.smt2,333.865,0,1,成功
/pub/data/jiafq/iscas/Parser_Comparison/../benchmarks/part3/non-incremental/QF_BV/20221012-MCMPC/dualexecution_affine/dualexecution_affine.t1.i10.d3d5074b.smt2,327.093,0,1,成功
/pub/data/jiafq/iscas/Parser_Comparison/../benchmarks/part3/non-incremental/QF_BV/20221012-MCMPC/dualexecution_affine/dualexecution_affine.t1.i10.d77a4975.smt2,334.58,0,1,成功
/pub/data/jiafq/iscas/Parser_Comparison/../benchmarks/part3/non-incremental/QF_BV/20221012-MCMPC/dualexecution_affine/dualexecution_affine.t1.i10.db5c27d6.smt2,332.751,0,1,成功
/pub/data/jiafq/iscas/Parser_Comparison/../benchmarks/part3/non-incremental/QF_BV/20221012-MCMPC/dualexecution_affine/dualexecution_affine.t1.i10.de6fa687.smt2,341.507,0,1,成功
/pub/data/jiafq/iscas/Parser_Comparison/../benchmarks/part3/non-incremental/QF_BV/20221012-MCMPC/dualexecution_affine/dualexecution_affine.t1.i10.dee88059.smt2,336.098,0,1,成功
/pub/data/jiafq/iscas/Parser_Comparison/../benchmarks/part3/non-incremental/QF_BV/20221012-MCMPC/dualexecution_affine/dualexecution_affine.t1.i10.e2137a7c.smt2,337.058,0,1,成功
/pub/data/jiafq/iscas/Parser_Comparison/../benchmarks/part3/non-incremental/QF_BV/20221012-MCMPC/dualexecution_affine/dualexecution_affine.t1.i10.e5ba642b.smt2,334.888,0,1,成功
/pub/data/jiafq/iscas/Parser_Comparison/../benchmarks/part3/non-incremental/QF_BV/20221012-MCMPC/dualexecution_affine/dualexecution_affine.t1.i10.e5e2fd01.smt2,337.35,0,1,成功
/pub/data/jiafq/iscas/Parser_Comparison/../benchmarks/part3/non-incremental/QF_BV/20221012-MCMPC/dualexecution_affine/dualexecution_affine.t1.i10.ed38b6ee.smt2,330.768,0,1,成功
/pub/data/jiafq/iscas/Parser_Comparison/../benchmarks/part3/non-incremental/QF_BV/20221012-MCMPC/dualexecution_affine/dualexecution_affine.t1.i10.f04735d9.smt2,329.118,0,1,成功
/pub/data/jiafq/iscas/Parser_Comparison/../benchmarks/part3/non-incremental/QF_BV/20221012-MCMPC/dualexecution_affine/dualexecution_affine.t1.i10.f2774f19.smt2,331.077,0,1,成功
/pub/data/jiafq/iscas/Parser_Comparison/../benchmarks/part3/non-incremental/QF_BV/20221012-MCMPC/dualexecution_affine/dualexecution_affine.t1.i10.f2c7dc73.smt2,328.927,0,1,成功
/pub/data/jiafq/iscas/Parser_Comparison/../benchmarks/part3/non-incremental/QF_BV/20221012-MCMPC/dualexecution_affine/dualexecution_affine.t1.i10.f57865d3.smt2,334.445,0,1,成功
/pub/data/jiafq/iscas/Parser_Comparison/../benchmarks/part3/non-incremental/QF_BV/20221012-MCMPC/dualexecution_affine/dualexecution_affine.t1.i10.fc2e2e26.smt2,336.629,0,1,成功
/pub/data/jiafq/iscas/Parser_Comparison/../benchmarks/part3/non-incremental/QF_BV/20221012-MCMPC/dualexecution_affine/dualexecution_affine.t1.i11.0193dbd8.smt2,329.739,0,1,成功
/pub/data/jiafq/iscas/Parser_Comparison/../benchmarks/part3/non-incremental/QF_BV/20221012-MCMPC/dualexecution_affine/dualexecution_affine.t1.i11.01bbe0fd.smt2,331.622,0,1,成功
/pub/data/jiafq/iscas/Parser_Comparison/../benchmarks/part3/non-incremental/QF_BV/20221012-MCMPC/dualexecution_affine/dualexecution_affine.t1.i11.262dbb43.smt2,331.954,0,1,成功
/pub/data/jiafq/iscas/Parser_Comparison/../benchmarks/part3/non-incremental/QF_BV/20221012-MCMPC/dualexecution_affine/dualexecution_affine.t1.i11.342f1017.smt2,336.935,0,1,成功
/pub/data/jiafq/iscas/Parser_Comparison/../benchmarks/part3/non-incremental/QF_BV/20221012-MCMPC/dualexecution_affine/dualexecution_affine.t1.i11.4aa465e9.smt2,333.039,0,1,成功
/pub/data/jiafq/iscas/Parser_Comparison/../benchmarks/part3/non-incremental/QF_BV/20221012-MCMPC/dualexecution_affine/dualexecution_affine.t1.i11.53e7ee95.smt2,332.665,0,1,成功
/pub/data/jiafq/iscas/Parser_Comparison/../benchmarks/part3/non-incremental/QF_BV/20221012-MCMPC/dualexecution_affine/dualexecution_affine.t1.i11.5931da64.smt2,331.833,0,1,成功
/pub/data/jiafq/iscas/Parser_Comparison/../benchmarks/part3/non-incremental/QF_BV/20221012-MCMPC/dualexecution_affine/dualexecution_affine.t1.i11.62d3249b.smt2,328.56,0,1,成功
/pub/data/jiafq/iscas/Parser_Comparison/../benchmarks/part3/non-incremental/QF_BV/20221012-MCMPC/dualexecution_affine/dualexecution_affine.t1.i11.73feedb0.smt2,330.679,0,1,成功
/pub/data/jiafq/iscas/Parser_Comparison/../benchmarks/part3/non-incremental/QF_BV/20221012-MCMPC/dualexecution_affine/dualexecution_affine.t1.i11.78d42db1.smt2,330.194,0,1,成功
/pub/data/jiafq/iscas/Parser_Comparison/../benchmarks/part3/non-incremental/QF_BV/20221012-MCMPC/dualexecution_affine/dualexecution_affine.t1.i11.796eba70.smt2,338.672,0,1,成功
/pub/data/jiafq/iscas/Parser_Comparison/../benchmarks/part3/non-incremental/QF_BV/20221012-MCMPC/dualexecution_affine/dualexecution_affine.t1.i11.7a8cbc9c.smt2,331.235,0,1,成功
/pub/data/jiafq/iscas/Parser_Comparison/../benchmarks/part3/non-incremental/QF_BV/20221012-MCMPC/dualexecution_affine/dualexecution_affine.t1.i11.7e05bdf9.smt2,334.426,0,1,成功
/pub/data/jiafq/iscas/Parser_Comparison/../benchmarks/part3/non-incremental/QF_BV/20221012-MCMPC/dualexecution_affine/dualexecution_affine.t1.i11.83e16a72.smt2,328.373,0,1,成功
/pub/data/jiafq/iscas/Parser_Comparison/../benchmarks/part3/non-incremental/QF_BV/20221012-MCMPC/dualexecution_affine/dualexecution_affine.t1.i11.b5a5cce2.smt2,329.109,0,1,成功
/pub/data/jiafq/iscas/Parser_Comparison/../benchmarks/part3/non-incremental/QF_BV/20221012-MCMPC/dualexecution_affine/dualexecution_affine.t1.i11.ba6e10e4.smt2,329.483,0,1,成功
/pub/data/jiafq/iscas/Parser_Comparison/../benchmarks/part3/non-incremental/QF_BV/20221012-MCMPC/dualexecution_affine/dualexecution_affine.t1.i11.c043d92b.smt2,332.322,0,1,成功
/pub/data/jiafq/iscas/Parser_Comparison/../benchmarks/part3/non-incremental/QF_BV/20221012-MCMPC/dualexecution_affine/dualexecution_affine.t1.i11.c756d3f3.smt2,334.542,0,1,成功
/pub/data/jiafq/iscas/Parser_Comparison/../benchmarks/part3/non-incremental/QF_BV/20221012-MCMPC/dualexecution_affine/dualexecution_affine.t1.i11.d2465ad8.smt2,325.965,0,1,成功
/pub/data/jiafq/iscas/Parser_Comparison/../benchmarks/part3/non-incremental/QF_BV/20221012-MCMPC/dualexecution_affine/dualexecution_affine.t1.i11.eae3a9af.smt2,341.25,0,1,成功
/pub/data/jiafq/iscas/Parser_Comparison/../benchmarks/part3/non-incremental/QF_BV/20221012-MCMPC/dualexecution_affine/dualexecution_affine.t1.i11.f5a568c9.smt2,338.758,0,1,成功
/pub/data/jiafq/iscas/Parser_Comparison/../benchmarks/part3/non-incremental/QF_BV/20221012-MCMPC/dualexecution_affine/dualexecution_affine.t1.i11.fa44c810.smt2,328.114,0,1,成功
/pub/data/jiafq/iscas/Parser_Comparison/../benchmarks/part3/non-incremental/QF_BV/20221012-MCMPC/dualexecution_affine/dualexecution_affine.t1.i11.fa8348e1.smt2,337.476,0,1,成功
/pub/data/jiafq/iscas/Parser_Comparison/../benchmarks/part3/non-incremental/QF_BV/20221012-MCMPC/dualexecution_affine/dualexecution_affine.t1.i11.fe92a3fd.smt2,324.681,0,1,成功
/pub/data/jiafq/iscas/Parser_Comparison/../benchmarks/part3/non-incremental/QF_BV/20221012-MCMPC/dualexecution_affine/dualexecution_affine.t1.i12.046bfa3b.smt2,332.835,0,1,成功
/pub/data/jiafq/iscas/Parser_Comparison/../benchmarks/part3/non-incremental/QF_BV/20221012-MCMPC/dualexecution_affine/dualexecution_affine.t1.i12.079c32be.smt2,327.2,0,1,成功
/pub/data/jiafq/iscas/Parser_Comparison/../benchmarks/part3/non-incremental/QF_BV/20221012-MCMPC/dualexecution_affine/dualexecution_affine.t1.i12.0d4c43a9.smt2,325.848,0,1,成功
/pub/data/jiafq/iscas/Parser_Comparison/../benchmarks/part3/non-incremental/QF_BV/20221012-MCMPC/dualexecution_affine/dualexecution_affine.t1.i12.10783b13.smt2,333.181,0,1,成功
/pub/data/jiafq/iscas/Parser_Comparison/../benchmarks/part3/non-incremental/QF_BV/20221012-MCMPC/dualexecution_affine/dualexecution_affine.t1.i12.118fd2c0.smt2,339.194,0,1,成功
/pub/data/jiafq/iscas/Parser_Comparison/../benchmarks/part3/non-incremental/QF_BV/20221012-MCMPC/dualexecution_affine/dualexecution_affine.t1.i12.148415ab.smt2,330.506,0,1,成功
/pub/data/jiafq/iscas/Parser_Comparison/../benchmarks/part3/non-incremental/QF_BV/20221012-MCMPC/dualexecution_affine/dualexecution_affine.t1.i12.14c28be9.smt2,331.933,0,1,成功
/pub/data/jiafq/iscas/Parser_Comparison/../benchmarks/part3/non-incremental/QF_BV/20221012-MCMPC/dualexecution_affine/dualexecution_affine.t1.i12.15e2a0a5.smt2,325.236,0,1,成功
/pub/data/jiafq/iscas/Parser_Comparison/../benchmarks/part3/non-incremental/QF_BV/20221012-MCMPC/dualexecution_affine/dualexecution_affine.t1.i12.186371f3.smt2,327.446,0,1,成功
/pub/data/jiafq/iscas/Parser_Comparison/../benchmarks/part3/non-incremental/QF_BV/20221012-MCMPC/dualexecution_affine/dualexecution_affine.t1.i12.18d32465.smt2,332.812,0,1,成功
/pub/data/jiafq/iscas/Parser_Comparison/../benchmarks/part3/non-incremental/QF_BV/20221012-MCMPC/dualexecution_affine/dualexecution_affine.t1.i12.1cb14226.smt2,328.484,0,1,成功
/pub/data/jiafq/iscas/Parser_Comparison/../benchmarks/part3/non-incremental/QF_BV/20221012-MCMPC/dualexecution_affine/dualexecution_affine.t1.i12.1e1d4b3d.smt2,332.292,0,1,成功
/pub/data/jiafq/iscas/Parser_Comparison/../benchmarks/part3/non-incremental/QF_BV/20221012-MCMPC/dualexecution_affine/dualexecution_affine.t1.i12.241b8ba8.smt2,326.249,0,1,成功
/pub/data/jiafq/iscas/Parser_Comparison/../benchmarks/part3/non-incremental/QF_BV/20221012-MCMPC/dualexecution_affine/dualexecution_affine.t1.i12.26577143.smt2,338.489,0,1,成功
/pub/data/jiafq/iscas/Parser_Comparison/../benchmarks/part3/non-incremental/QF_BV/20221012-MCMPC/dualexecution_affine/dualexecution_affine.t1.i12.280cf01b.smt2,339.653,0,1,成功
/pub/data/jiafq/iscas/Parser_Comparison/../benchmarks/part3/non-incremental/QF_BV/20221012-MCMPC/dualexecution_affine/dualexecution_affine.t1.i12.2afca700.smt2,329.327,0,1,成功
/pub/data/jiafq/iscas/Parser_Comparison/../benchmarks/part3/non-incremental/QF_BV/20221012-MCMPC/dualexecution_affine/dualexecution_affine.t1.i12.2c9db664.smt2,327.793,0,1,成功
/pub/data/jiafq/iscas/Parser_Comparison/../benchmarks/part3/non-incremental/QF_BV/20221012-MCMPC/dualexecution_affine/dualexecution_affine.t1.i12.2f79db14.smt2,328.127,0,1,成功
/pub/data/jiafq/iscas/Parser_Comparison/../benchmarks/part3/non-incremental/QF_BV/20221012-MCMPC/dualexecution_affine/dualexecution_affine.t1.i12.3100f5c6.smt2,333.74,0,1,成功
/pub/data/jiafq/iscas/Parser_Comparison/../benchmarks/part3/non-incremental/QF_BV/20221012-MCMPC/dualexecution_affine/dualexecution_affine.t1.i12.3167010e.smt2,337.325,0,1,成功
/pub/data/jiafq/iscas/Parser_Comparison/../benchmarks/part3/non-incremental/QF_BV/20221012-MCMPC/dualexecution_affine/dualexecution_affine.t1.i12.3307826b.smt2,339.201,0,1,成功
/pub/data/jiafq/iscas/Parser_Comparison/../benchmarks/part3/non-incremental/QF_BV/20221012-MCMPC/dualexecution_affine/dualexecution_affine.t1.i12.3847f371.smt2,326.535,0,1,成功
/pub/data/jiafq/iscas/Parser_Comparison/../benchmarks/part3/non-incremental/QF_BV/20221012-MCMPC/dualexecution_affine/dualexecution_affine.t1.i12.393d3860.smt2,332.297,0,1,成功
/pub/data/jiafq/iscas/Parser_Comparison/../benchmarks/part3/non-incremental/QF_BV/20221012-MCMPC/dualexecution_affine/dualexecution_affine.t1.i12.3f617ca7.smt2,331.75,0,1,成功
/pub/data/jiafq/iscas/Parser_Comparison/../benchmarks/part3/non-incremental/QF_BV/20221012-MCMPC/dualexecution_affine/dualexecution_affine.t1.i12.3fa4da03.smt2,333.108,0,1,成功
/pub/data/jiafq/iscas/Parser_Comparison/../benchmarks/part3/non-incremental/QF_BV/20221012-MCMPC/dualexecution_affine/dualexecution_affine.t1.i12.4094bcff.smt2,327.668,0,1,成功
/pub/data/jiafq/iscas/Parser_Comparison/../benchmarks/part3/non-incremental/QF_BV/20221012-MCMPC/dualexecution_affine/dualexecution_affine.t1.i12.40a4840a.smt2,329.728,0,1,成功
/pub/data/jiafq/iscas/Parser_Comparison/../benchmarks/part3/non-incremental/QF_BV/20221012-MCMPC/dualexecution_affine/dualexecution_affine.t1.i12.40bb1449.smt2,333.868,0,1,成功
/pub/data/jiafq/iscas/Parser_Comparison/../benchmarks/part3/non-incremental/QF_BV/20221012-MCMPC/dualexecution_affine/dualexecution_affine.t1.i12.422033ef.smt2,334.58,0,1,成功
/pub/data/jiafq/iscas/Parser_Comparison/../benchmarks/part3/non-incremental/QF_BV/20221012-MCMPC/dualexecution_affine/dualexecution_affine.t1.i12.499a1897.smt2,334.977,0,1,成功
/pub/data/jiafq/iscas/Parser_Comparison/../benchmarks/part3/non-incremental/QF_BV/20221012-MCMPC/dualexecution_affine/dualexecution_affine.t1.i12.4a0a29e2.smt2,329.693,0,1,成功
/pub/data/jiafq/iscas/Parser_Comparison/../benchmarks/part3/non-incremental/QF_BV/20221012-MCMPC/dualexecution_affine/dualexecution_affine.t1.i12.4c625f4d.smt2,336.409,0,1,成功
/pub/data/jiafq/iscas/Parser_Comparison/../benchmarks/part3/non-incremental/QF_BV/20221012-MCMPC/dualexecution_affine/dualexecution_affine.t1.i12.4e37e0e2.smt2,332.551,0,1,成功
/pub/data/jiafq/iscas/Parser_Comparison/../benchmarks/part3/non-incremental/QF_BV/20221012-MCMPC/dualexecution_affine/dualexecution_affine.t1.i12.4f054363.smt2,326.223,0,1,成功
/pub/data/jiafq/iscas/Parser_Comparison/../benchmarks/part3/non-incremental/QF_BV/20221012-MCMPC/dualexecution_affine/dualexecution_affine.t1.i12.5495515d.smt2,332.822,0,1,成功
/pub/data/jiafq/iscas/Parser_Comparison/../benchmarks/part3/non-incremental/QF_BV/20221012-MCMPC/dualexecution_affine/dualexecution_affine.t1.i12.54ae4901.smt2,330.752,0,1,成功
/pub/data/jiafq/iscas/Parser_Comparison/../benchmarks/part3/non-incremental/QF_BV/20221012-MCMPC/dualexecution_affine/dualexecution_affine.t1.i12.54b703c5.smt2,331.656,0,1,成功
/pub/data/jiafq/iscas/Parser_Comparison/../benchmarks/part3/non-incremental/QF_BV/20221012-MCMPC/dualexecution_affine/dualexecution_affine.t1.i12.585c5d44.smt2,333.667,0,1,成功
/pub/data/jiafq/iscas/Parser_Comparison/../benchmarks/part3/non-incremental/QF_BV/20221012-MCMPC/dualexecution_affine/dualexecution_affine.t1.i12.58b861da.smt2,333.949,0,1,成功
/pub/data/jiafq/iscas/Parser_Comparison/../benchmarks/part3/non-incremental/QF_BV/20221012-MCMPC/dualexecution_affine/dualexecution_affine.t1.i12.59b0f381.smt2,335.117,0,1,成功
/pub/data/jiafq/iscas/Parser_Comparison/../benchmarks/part3/non-incremental/QF_BV/20221012-MCMPC/dualexecution_affine/dualexecution_affine.t1.i12.5c236883.smt2,329.88,0,1,成功
/pub/data/jiafq/iscas/Parser_Comparison/../benchmarks/part3/non-incremental/QF_BV/20221012-MCMPC/dualexecution_affine/dualexecution_affine.t1.i12.5ceb08bd.smt2,337.651,0,1,成功
/pub/data/jiafq/iscas/Parser_Comparison/../benchmarks/part3/non-incremental/QF_BV/20221012-MCMPC/dualexecution_affine/dualexecution_affine.t1.i12.5f08e1fc.smt2,337.908,0,1,成功
/pub/data/jiafq/iscas/Parser_Comparison/../benchmarks/part3/non-incremental/QF_BV/20221012-MCMPC/dualexecution_affine/dualexecution_affine.t1.i12.610f06b3.smt2,333.967,0,1,成功
/pub/data/jiafq/iscas/Parser_Comparison/../benchmarks/part3/non-incremental/QF_BV/20221012-MCMPC/dualexecution_affine/dualexecution_affine.t1.i12.642f7d83.smt2,333.712,0,1,成功
/pub/data/jiafq/iscas/Parser_Comparison/../benchmarks/part3/non-incremental/QF_BV/20221012-MCMPC/dualexecution_affine/dualexecution_affine.t1.i12.6bf4e1d8.smt2,331.946,0,1,成功
/pub/data/jiafq/iscas/Parser_Comparison/../benchmarks/part3/non-incremental/QF_BV/20221012-MCMPC/dualexecution_affine/dualexecution_affine.t1.i12.6c0d0f5a.smt2,331.123,0,1,成功
/pub/data/jiafq/iscas/Parser_Comparison/../benchmarks/part3/non-incremental/QF_BV/20221012-MCMPC/dualexecution_affine/dualexecution_affine.t1.i12.6ce6ef89.smt2,335.007,0,1,成功
/pub/data/jiafq/iscas/Parser_Comparison/../benchmarks/part3/non-incremental/QF_BV/20221012-MCMPC/dualexecution_affine/dualexecution_affine.t1.i12.712db201.smt2,336.166,0,1,成功
/pub/data/jiafq/iscas/Parser_Comparison/../benchmarks/part3/non-incremental/QF_BV/20221012-MCMPC/dualexecution_affine/dualexecution_affine.t1.i12.78f3f3e7.smt2,327.431,0,1,成功
/pub/data/jiafq/iscas/Parser_Comparison/../benchmarks/part3/non-incremental/QF_BV/20221012-MCMPC/dualexecution_affine/dualexecution_affine.t1.i12.79e1e96e.smt2,325.116,0,1,成功
/pub/data/jiafq/iscas/Parser_Comparison/../benchmarks/part3/non-incremental/QF_BV/20221012-MCMPC/dualexecution_affine/dualexecution_affine.t1.i12.7a00e734.smt2,332.259,0,1,成功
/pub/data/jiafq/iscas/Parser_Comparison/../benchmarks/part3/non-incremental/QF_BV/20221012-MCMPC/dualexecution_affine/dualexecution_affine.t1.i12.7a853b26.smt2,333.999,0,1,成功
/pub/data/jiafq/iscas/Parser_Comparison/../benchmarks/part3/non-incremental/QF_BV/20221012-MCMPC/dualexecution_affine/dualexecution_affine.t1.i12.800263ec.smt2,335.474,0,1,成功
/pub/data/jiafq/iscas/Parser_Comparison/../benchmarks/part3/non-incremental/QF_BV/20221012-MCMPC/dualexecution_affine/dualexecution_affine.t1.i12.80449b23.smt2,340.42,0,1,成功
/pub/data/jiafq/iscas/Parser_Comparison/../benchmarks/part3/non-incremental/QF_BV/20221012-MCMPC/dualexecution_affine/dualexecution_affine.t1.i12.848d9d1f.smt2,329.204,0,1,成功
/pub/data/jiafq/iscas/Parser_Comparison/../benchmarks/part3/non-incremental/QF_BV/20221012-MCMPC/dualexecution_affine/dualexecution_affine.t1.i12.85f1e2c6.smt2,339.058,0,1,成功
/pub/data/jiafq/iscas/Parser_Comparison/../benchmarks/part3/non-incremental/QF_BV/20221012-MCMPC/dualexecution_affine/dualexecution_affine.t1.i12.87732fc9.smt2,331.771,0,1,成功
/pub/data/jiafq/iscas/Parser_Comparison/../benchmarks/part3/non-incremental/QF_BV/20221012-MCMPC/dualexecution_affine/dualexecution_affine.t1.i12.87b946f4.smt2,335.288,0,1,成功
/pub/data/jiafq/iscas/Parser_Comparison/../benchmarks/part3/non-incremental/QF_BV/20221012-MCMPC/dualexecution_affine/dualexecution_affine.t1.i12.89eb304d.smt2,332.988,0,1,成功
/pub/data/jiafq/iscas/Parser_Comparison/../benchmarks/part3/non-incremental/QF_BV/20221012-MCMPC/dualexecution_affine/dualexecution_affine.t1.i12.8a9517c2.smt2,339.517,0,1,成功
/pub/data/jiafq/iscas/Parser_Comparison/../benchmarks/part3/non-incremental/QF_BV/20221012-MCMPC/dualexecution_affine/dualexecution_affine.t1.i12.8d377dc5.smt2,337.065,0,1,成功
/pub/data/jiafq/iscas/Parser_Comparison/../benchmarks/part3/non-incremental/QF_BV/20221012-MCMPC/dualexecution_affine/dualexecution_affine.t1.i12.8fce7689.smt2,332.676,0,1,成功
/pub/data/jiafq/iscas/Parser_Comparison/../benchmarks/part3/non-incremental/QF_BV/20221012-MCMPC/dualexecution_affine/dualexecution_affine.t1.i12.955644ef.smt2,330.953,0,1,成功
/pub/data/jiafq/iscas/Parser_Comparison/../benchmarks/part3/non-incremental/QF_BV/20221012-MCMPC/dualexecution_affine/dualexecution_affine.t1.i12.98ca9c33.smt2,334.656,0,1,成功
/pub/data/jiafq/iscas/Parser_Comparison/../benchmarks/part3/non-incremental/QF_BV/20221012-MCMPC/dualexecution_affine/dualexecution_affine.t1.i12.9af6c196.smt2,326.744,0,1,成功
/pub/data/jiafq/iscas/Parser_Comparison/../benchmarks/part3/non-incremental/QF_BV/20221012-MCMPC/dualexecution_affine/dualexecution_affine.t1.i12.9c5ad362.smt2,342.472,0,1,成功
/pub/data/jiafq/iscas/Parser_Comparison/../benchmarks/part3/non-incremental/QF_BV/20221012-MCMPC/dualexecution_affine/dualexecution_affine.t1.i12.9c933790.smt2,336.831,0,1,成功
/pub/data/jiafq/iscas/Parser_Comparison/../benchmarks/part3/non-incremental/QF_BV/20221012-MCMPC/dualexecution_affine/dualexecution_affine.t1.i12.9e2c7ae4.smt2,335.588,0,1,成功
/pub/data/jiafq/iscas/Parser_Comparison/../benchmarks/part3/non-incremental/QF_BV/20221012-MCMPC/dualexecution_affine/dualexecution_affine.t1.i12.9e6bfb66.smt2,336.222,0,1,成功
/pub/data/jiafq/iscas/Parser_Comparison/../benchmarks/part3/non-incremental/QF_BV/20221012-MCMPC/dualexecution_affine/dualexecution_affine.t1.i12.a2cdff90.smt2,333.494,0,1,成功
/pub/data/jiafq/iscas/Parser_Comparison/../benchmarks/part3/non-incremental/QF_BV/20221012-MCMPC/dualexecution_affine/dualexecution_affine.t1.i12.a2df55e7.smt2,333.657,0,1,成功
/pub/data/jiafq/iscas/Parser_Comparison/../benchmarks/part3/non-incremental/QF_BV/20221012-MCMPC/dualexecution_affine/dualexecution_affine.t1.i12.a44161c0.smt2,328.531,0,1,成功
/pub/data/jiafq/iscas/Parser_Comparison/../benchmarks/part3/non-incremental/QF_BV/20221012-MCMPC/dualexecution_affine/dualexecution_affine.t1.i12.a608dae1.smt2,337.8,0,1,成功
/pub/data/jiafq/iscas/Parser_Comparison/../benchmarks/part3/non-incremental/QF_BV/20221012-MCMPC/dualexecution_affine/dualexecution_affine.t1.i12.a71785a9.smt2,328.42,0,1,成功
/pub/data/jiafq/iscas/Parser_Comparison/../benchmarks/part3/non-incremental/QF_BV/20221012-MCMPC/dualexecution_affine/dualexecution_affine.t1.i12.a94c790d.smt2,330.569,0,1,成功
/pub/data/jiafq/iscas/Parser_Comparison/../benchmarks/part3/non-incremental/QF_BV/20221012-MCMPC/dualexecution_affine/dualexecution_affine.t1.i12.ab8a594c.smt2,334.34,0,1,成功
/pub/data/jiafq/iscas/Parser_Comparison/../benchmarks/part3/non-incremental/QF_BV/20221012-MCMPC/dualexecution_affine/dualexecution_affine.t1.i12.aba3b1b5.smt2,328.257,0,1,成功
/pub/data/jiafq/iscas/Parser_Comparison/../benchmarks/part3/non-incremental/QF_BV/20221012-MCMPC/dualexecution_affine/dualexecution_affine.t1.i12.ad67035c.smt2,332.762,0,1,成功
/pub/data/jiafq/iscas/Parser_Comparison/../benchmarks/part3/non-incremental/QF_BV/20221012-MCMPC/dualexecution_affine/dualexecution_affine.t1.i12.ade0ce24.smt2,333.532,0,1,成功
/pub/data/jiafq/iscas/Parser_Comparison/../benchmarks/part3/non-incremental/QF_BV/20221012-MCMPC/dualexecution_affine/dualexecution_affine.t1.i12.b04ca261.smt2,334.735,0,1,成功
/pub/data/jiafq/iscas/Parser_Comparison/../benchmarks/part3/non-incremental/QF_BV/20221012-MCMPC/dualexecution_affine/dualexecution_affine.t1.i12.b2b3e1df.smt2,339.616,0,1,成功
/pub/data/jiafq/iscas/Parser_Comparison/../benchmarks/part3/non-incremental/QF_BV/20221012-MCMPC/dualexecution_affine/dualexecution_affine.t1.i12.b2b76da9.smt2,327.497,0,1,成功
/pub/data/jiafq/iscas/Parser_Comparison/../benchmarks/part3/non-incremental/QF_BV/20221012-MCMPC/dualexecution_affine/dualexecution_affine.t1.i12.b3126e44.smt2,333.347,0,1,成功
/pub/data/jiafq/iscas/Parser_Comparison/../benchmarks/part3/non-incremental/QF_BV/20221012-MCMPC/dualexecution_affine/dualexecution_affine.t1.i12.b973fe5a.smt2,329.151,0,1,成功
/pub/data/jiafq/iscas/Parser_Comparison/../benchmarks/part3/non-incremental/QF_BV/20221012-MCMPC/dualexecution_affine/dualexecution_affine.t1.i12.bf374590.smt2,335.08,0,1,成功
/pub/data/jiafq/iscas/Parser_Comparison/../benchmarks/part3/non-incremental/QF_BV/20221012-MCMPC/dualexecution_affine/dualexecution_affine.t1.i12.bff7f097.smt2,328.814,0,1,成功
/pub/data/jiafq/iscas/Parser_Comparison/../benchmarks/part3/non-incremental/QF_BV/20221012-MCMPC/dualexecution_affine/dualexecution_affine.t1.i12.c40152fc.smt2,334.177,0,1,成功
/pub/data/jiafq/iscas/Parser_Comparison/../benchmarks/part3/non-incremental/QF_BV/20221012-MCMPC/dualexecution_affine/dualexecution_affine.t1.i12.c83b577a.smt2,330.02,0,1,成功
/pub/data/jiafq/iscas/Parser_Comparison/../benchmarks/part3/non-incremental/QF_BV/20221012-MCMPC/dualexecution_affine/dualexecution_affine.t1.i12.d1adf852.smt2,324.829,0,1,成功
/pub/data/jiafq/iscas/Parser_Comparison/../benchmarks/part3/non-incremental/QF_BV/20221012-MCMPC/dualexecution_affine/dualexecution_affine.t1.i12.d3692013.smt2,329.898,0,1,成功
/pub/data/jiafq/iscas/Parser_Comparison/../benchmarks/part3/non-incremental/QF_BV/20221012-MCMPC/dualexecution_affine/dualexecution_affine.t1.i12.dbd09da2.smt2,331.46,0,1,成功
/pub/data/jiafq/iscas/Parser_Comparison/../benchmarks/part3/non-incremental/QF_BV/20221012-MCMPC/dualexecution_affine/dualexecution_affine.t1.i12.dff6abdb.smt2,327.209,0,1,成功
/pub/data/jiafq/iscas/Parser_Comparison/../benchmarks/part3/non-incremental/QF_BV/20221012-MCMPC/dualexecution_affine/dualexecution_affine.t1.i12.e105223b.smt2,340.257,0,1,成功
/pub/data/jiafq/iscas/Parser_Comparison/../benchmarks/part3/non-incremental/QF_BV/20221012-MCMPC/dualexecution_affine/dualexecution_affine.t1.i12.e3bb594a.smt2,334.402,0,1,成功
/pub/data/jiafq/iscas/Parser_Comparison/../benchmarks/part3/non-incremental/QF_BV/20221012-MCMPC/dualexecution_affine/dualexecution_affine.t1.i12.e59a5d27.smt2,329.597,0,1,成功
/pub/data/jiafq/iscas/Parser_Comparison/../benchmarks/part3/non-incremental/QF_BV/20221012-MCMPC/dualexecution_affine/dualexecution_affine.t1.i12.e844755d.smt2,334.256,0,1,成功
/pub/data/jiafq/iscas/Parser_Comparison/../benchmarks/part3/non-incremental/QF_BV/20221012-MCMPC/dualexecution_affine/dualexecution_affine.t1.i12.eaa84819.smt2,336.105,0,1,成功
/pub/data/jiafq/iscas/Parser_Comparison/../benchmarks/part3/non-incremental/QF_BV/20221012-MCMPC/dualexecution_affine/dualexecution_affine.t1.i12.ef2eeb84.smt2,328.005,0,1,成功
/pub/data/jiafq/iscas/Parser_Comparison/../benchmarks/part3/non-incremental/QF_BV/20221012-MCMPC/dualexecution_affine/dualexecution_affine.t1.i12.f1fe5192.smt2,330.067,0,1,成功
/pub/data/jiafq/iscas/Parser_Comparison/../benchmarks/part3/non-incremental/QF_BV/20221012-MCMPC/dualexecution_affine/dualexecution_affine.t1.i12.fd15021c.smt2,334.44,0,1,成功
/pub/data/jiafq/iscas/Parser_Comparison/../benchmarks/part3/non-incremental/QF_BV/20221012-MCMPC/dualexecution_affine/dualexecution_affine.t1.i2.10c53392.smt2,333.677,0,1,成功
/pub/data/jiafq/iscas/Parser_Comparison/../benchmarks/part3/non-incremental/QF_BV/20221012-MCMPC/dualexecution_affine/dualexecution_affine.t1.i2.1507c4bc.smt2,333.887,0,1,成功
/pub/data/jiafq/iscas/Parser_Comparison/../benchmarks/part3/non-incremental/QF_BV/20221012-MCMPC/dualexecution_affine/dualexecution_affine.t1.i2.1d4188ba.smt2,330.864,0,1,成功
/pub/data/jiafq/iscas/Parser_Comparison/../benchmarks/part3/non-incremental/QF_BV/20221012-MCMPC/dualexecution_affine/dualexecution_affine.t1.i2.2bf8b5bd.smt2,340.148,0,1,成功
/pub/data/jiafq/iscas/Parser_Comparison/../benchmarks/part3/non-incremental/QF_BV/20221012-MCMPC/dualexecution_affine/dualexecution_affine.t1.i2.316c0d15.smt2,328.176,0,1,成功
/pub/data/jiafq/iscas/Parser_Comparison/../benchmarks/part3/non-incremental/QF_BV/20221012-MCMPC/dualexecution_affine/dualexecution_affine.t1.i2.316d8e22.smt2,338.092,0,1,成功
/pub/data/jiafq/iscas/Parser_Comparison/../benchmarks/part3/non-incremental/QF_BV/20221012-MCMPC/dualexecution_affine/dualexecution_affine.t1.i2.415883a9.smt2,332.479,0,1,成功
/pub/data/jiafq/iscas/Parser_Comparison/../benchmarks/part3/non-incremental/QF_BV/20221012-MCMPC/dualexecution_affine/dualexecution_affine.t1.i2.42c77027.smt2,337.18,0,1,成功
/pub/data/jiafq/iscas/Parser_Comparison/../benchmarks/part3/non-incremental/QF_BV/20221012-MCMPC/dualexecution_affine/dualexecution_affine.t1.i2.481ed89b.smt2,339.708,0,1,成功
/pub/data/jiafq/iscas/Parser_Comparison/../benchmarks/part3/non-incremental/QF_BV/20221012-MCMPC/dualexecution_affine/dualexecution_affine.t1.i2.4b13cfc7.smt2,330.063,0,1,成功
/pub/data/jiafq/iscas/Parser_Comparison/../benchmarks/part3/non-incremental/QF_BV/20221012-MCMPC/dualexecution_affine/dualexecution_affine.t1.i2.4b4f5144.smt2,332.32,0,1,成功
/pub/data/jiafq/iscas/Parser_Comparison/../benchmarks/part3/non-incremental/QF_BV/20221012-MCMPC/dualexecution_affine/dualexecution_affine.t1.i2.5021b6bb.smt2,336.026,0,1,成功
/pub/data/jiafq/iscas/Parser_Comparison/../benchmarks/part3/non-incremental/QF_BV/20221012-MCMPC/dualexecution_affine/dualexecution_affine.t1.i2.561eab5c.smt2,331.215,0,1,成功
/pub/data/jiafq/iscas/Parser_Comparison/../benchmarks/part3/non-incremental/QF_BV/20221012-MCMPC/dualexecution_affine/dualexecution_affine.t1.i2.57286c80.smt2,338.211,0,1,成功
/pub/data/jiafq/iscas/Parser_Comparison/../benchmarks/part3/non-incremental/QF_BV/20221012-MCMPC/dualexecution_affine/dualexecution_affine.t1.i2.5bd5c650.smt2,334.558,0,1,成功
/pub/data/jiafq/iscas/Parser_Comparison/../benchmarks/part3/non-incremental/QF_BV/20221012-MCMPC/dualexecution_affine/dualexecution_affine.t1.i2.5cfbe59b.smt2,349.794,0,1,成功
/pub/data/jiafq/iscas/Parser_Comparison/../benchmarks/part3/non-incremental/QF_BV/20221012-MCMPC/dualexecution_affine/dualexecution_affine.t1.i2.60520d20.smt2,345.787,0,1,成功
/pub/data/jiafq/iscas/Parser_Comparison/../benchmarks/part3/non-incremental/QF_BV/20221012-MCMPC/dualexecution_affine/dualexecution_affine.t1.i2.65492ad3.smt2,329.77,0,1,成功
/pub/data/jiafq/iscas/Parser_Comparison/../benchmarks/part3/non-incremental/QF_BV/20221012-MCMPC/dualexecution_affine/dualexecution_affine.t1.i2.6c4787f3.smt2,334.753,0,1,成功
/pub/data/jiafq/iscas/Parser_Comparison/../benchmarks/part3/non-incremental/QF_BV/20221012-MCMPC/dualexecution_affine/dualexecution_affine.t1.i2.747daa6f.smt2,335.062,0,1,成功
/pub/data/jiafq/iscas/Parser_Comparison/../benchmarks/part3/non-incremental/QF_BV/20221012-MCMPC/dualexecution_affine/dualexecution_affine.t1.i2.76ed57fd.smt2,333.932,0,1,成功
/pub/data/jiafq/iscas/Parser_Comparison/../benchmarks/part3/non-incremental/QF_BV/20221012-MCMPC/dualexecution_affine/dualexecution_affine.t1.i2.7946e042.smt2,336.084,0,1,成功
/pub/data/jiafq/iscas/Parser_Comparison/../benchmarks/part3/non-incremental/QF_BV/20221012-MCMPC/dualexecution_affine/dualexecution_affine.t1.i2.7f9a2f61.smt2,342.998,0,1,成功
/pub/data/jiafq/iscas/Parser_Comparison/../benchmarks/part3/non-incremental/QF_BV/20221012-MCMPC/dualexecution_affine/dualexecution_affine.t1.i2.82427433.smt2,339.166,0,1,成功
/pub/data/jiafq/iscas/Parser_Comparison/../benchmarks/part3/non-incremental/QF_BV/20221012-MCMPC/dualexecution_affine/dualexecution_affine.t1.i2.84aec99a.smt2,334.528,0,1,成功
/pub/data/jiafq/iscas/Parser_Comparison/../benchmarks/part3/non-incremental/QF_BV/20221012-MCMPC/dualexecution_affine/dualexecution_affine.t1.i2.8b5d6be9.smt2,337.472,0,1,成功
/pub/data/jiafq/iscas/Parser_Comparison/../benchmarks/part3/non-incremental/QF_BV/20221012-MCMPC/dualexecution_affine/dualexecution_affine.t1.i2.9b6eea5d.smt2,334.962,0,1,成功
/pub/data/jiafq/iscas/Parser_Comparison/../benchmarks/part3/non-incremental/QF_BV/20221012-MCMPC/dualexecution_affine/dualexecution_affine.t1.i2.a1587c7b.smt2,327.341,0,1,成功
/pub/data/jiafq/iscas/Parser_Comparison/../benchmarks/part3/non-incremental/QF_BV/20221012-MCMPC/dualexecution_affine/dualexecution_affine.t1.i2.a2315b83.smt2,333.687,0,1,成功
/pub/data/jiafq/iscas/Parser_Comparison/../benchmarks/part3/non-incremental/QF_BV/20221012-MCMPC/dualexecution_affine/dualexecution_affine.t1.i2.a3653a3f.smt2,336.732,0,1,成功
/pub/data/jiafq/iscas/Parser_Comparison/../benchmarks/part3/non-incremental/QF_BV/20221012-MCMPC/dualexecution_affine/dualexecution_affine.t1.i2.a5cae3de.smt2,327.4,0,1,成功
/pub/data/jiafq/iscas/Parser_Comparison/../benchmarks/part3/non-incremental/QF_BV/20221012-MCMPC/dualexecution_affine/dualexecution_affine.t1.i2.a8d43f50.smt2,329.89,0,1,成功
/pub/data/jiafq/iscas/Parser_Comparison/../benchmarks/part3/non-incremental/QF_BV/20221012-MCMPC/dualexecution_affine/dualexecution_affine.t1.i2.aa3bd8a1.smt2,329.735,0,1,成功
/pub/data/jiafq/iscas/Parser_Comparison/../benchmarks/part3/non-incremental/QF_BV/20221012-MCMPC/dualexecution_affine/dualexecution_affine.t1.i2.ac8305c9.smt2,327.862,0,1,成功
/pub/data/jiafq/iscas/Parser_Comparison/../benchmarks/part3/non-incremental/QF_BV/20221012-MCMPC/dualexecution_affine/dualexecution_affine.t1.i2.b0168adc.smt2,335.307,0,1,成功
/pub/data/jiafq/iscas/Parser_Comparison/../benchmarks/part3/non-incremental/QF_BV/20221012-MCMPC/dualexecution_affine/dualexecution_affine.t1.i2.b113aed4.smt2,340.396,0,1,成功
/pub/data/jiafq/iscas/Parser_Comparison/../benchmarks/part3/non-incremental/QF_BV/20221012-MCMPC/dualexecution_affine/dualexecution_affine.t1.i2.b2bbec3a.smt2,336.265,0,1,成功
/pub/data/jiafq/iscas/Parser_Comparison/../benchmarks/part3/non-incremental/QF_BV/20221012-MCMPC/dualexecution_affine/dualexecution_affine.t1.i2.b35677d8.smt2,332.731,0,1,成功
/pub/data/jiafq/iscas/Parser_Comparison/../benchmarks/part3/non-incremental/QF_BV/20221012-MCMPC/dualexecution_affine/dualexecution_affine.t1.i2.b87204b4.smt2,334.438,0,1,成功
/pub/data/jiafq/iscas/Parser_Comparison/../benchmarks/part3/non-incremental/QF_BV/20221012-MCMPC/dualexecution_affine/dualexecution_affine.t1.i2.c6c32648.smt2,339.05,0,1,成功
/pub/data/jiafq/iscas/Parser_Comparison/../benchmarks/part3/non-incremental/QF_BV/20221012-MCMPC/dualexecution_affine/dualexecution_affine.t1.i2.c88f4e36.smt2,336.226,0,1,成功
/pub/data/jiafq/iscas/Parser_Comparison/../benchmarks/part3/non-incremental/QF_BV/20221012-MCMPC/dualexecution_affine/dualexecution_affine.t1.i2.c9f2bf39.smt2,330.462,0,1,成功
/pub/data/jiafq/iscas/Parser_Comparison/../benchmarks/part3/non-incremental/QF_BV/20221012-MCMPC/dualexecution_affine/dualexecution_affine.t1.i2.ca12dded.smt2,332.903,0,1,成功
/pub/data/jiafq/iscas/Parser_Comparison/../benchmarks/part3/non-incremental/QF_BV/20221012-MCMPC/dualexecution_affine/dualexecution_affine.t1.i2.cb5f2580.smt2,335.725,0,1,成功
/pub/data/jiafq/iscas/Parser_Comparison/../benchmarks/part3/non-incremental/QF_BV/20221012-MCMPC/dualexecution_affine/dualexecution_affine.t1.i2.dbb339d4.smt2,341.754,0,1,成功
/pub/data/jiafq/iscas/Parser_Comparison/../benchmarks/part3/non-incremental/QF_BV/20221012-MCMPC/dualexecution_affine/dualexecution_affine.t1.i2.de3ff833.smt2,332.343,0,1,成功
/pub/data/jiafq/iscas/Parser_Comparison/../benchmarks/part3/non-incremental/QF_BV/20221012-MCMPC/dualexecution_affine/dualexecution_affine.t1.i2.e186d19a.smt2,333.052,0,1,成功
/pub/data/jiafq/iscas/Parser_Comparison/../benchmarks/part3/non-incremental/QF_BV/20221012-MCMPC/dualexecution_affine/dualexecution_affine.t1.i2.e299dbd0.smt2,334.128,0,1,成功
/pub/data/jiafq/iscas/Parser_Comparison/../benchmarks/part3/non-incremental/QF_BV/20221012-MCMPC/dualexecution_affine/dualexecution_affine.t1.i2.e672b68c.smt2,331.31,0,1,成功
/pub/data/jiafq/iscas/Parser_Comparison/../benchmarks/part3/non-incremental/QF_BV/20221012-MCMPC/dualexecution_affine/dualexecution_affine.t1.i2.e870ec32.smt2,334.878,0,1,成功
/pub/data/jiafq/iscas/Parser_Comparison/../benchmarks/part3/non-incremental/QF_BV/20221012-MCMPC/dualexecution_affine/dualexecution_affine.t1.i2.eaf4ef12.smt2,332.961,0,1,成功
/pub/data/jiafq/iscas/Parser_Comparison/../benchmarks/part3/non-incremental/QF_BV/20221012-MCMPC/dualexecution_affine/dualexecution_affine.t1.i2.eb1c0387.smt2,341.349,0,1,成功
/pub/data/jiafq/iscas/Parser_Comparison/../benchmarks/part3/non-incremental/QF_BV/20221012-MCMPC/dualexecution_affine/dualexecution_affine.t1.i2.ec556c2c.smt2,340.814,0,1,成功
/pub/data/jiafq/iscas/Parser_Comparison/../benchmarks/part3/non-incremental/QF_BV/20221012-MCMPC/dualexecution_affine/dualexecution_affine.t1.i2.ee349265.smt2,336.462,0,1,成功
/pub/data/jiafq/iscas/Parser_Comparison/../benchmarks/part3/non-incremental/QF_BV/20221012-MCMPC/dualexecution_affine/dualexecution_affine.t1.i2.f67cbe2e.smt2,334.945,0,1,成功
/pub/data/jiafq/iscas/Parser_Comparison/../benchmarks/part3/non-incremental/QF_BV/20221012-MCMPC/dualexecution_affine/dualexecution_affine.t1.i2.fa8e30a3.smt2,336.802,0,1,成功
/pub/data/jiafq/iscas/Parser_Comparison/../benchmarks/part3/non-incremental/QF_BV/20221012-MCMPC/dualexecution_affine/dualexecution_affine.t1.i4.08000cb8.smt2,331.143,0,1,成功
/pub/data/jiafq/iscas/Parser_Comparison/../benchmarks/part3/non-incremental/QF_BV/20221012-MCMPC/dualexecution_affine/dualexecution_affine.t1.i4.1c6697fd.smt2,328.862,0,1,成功
/pub/data/jiafq/iscas/Parser_Comparison/../benchmarks/part3/non-incremental/QF_BV/20221012-MCMPC/dualexecution_affine/dualexecution_affine.t1.i4.2aea4159.smt2,332.67,0,1,成功
/pub/data/jiafq/iscas/Parser_Comparison/../benchmarks/part3/non-incremental/QF_BV/20221012-MCMPC/dualexecution_affine/dualexecution_affine.t1.i4.2cbcedda.smt2,334.642,0,1,成功
/pub/data/jiafq/iscas/Parser_Comparison/../benchmarks/part3/non-incremental/QF_BV/20221012-MCMPC/dualexecution_affine/dualexecution_affine.t1.i4.6f3c5da2.smt2,332.48,0,1,成功
/pub/data/jiafq/iscas/Parser_Comparison/../benchmarks/part3/non-incremental/QF_BV/20221012-MCMPC/dualexecution_affine/dualexecution_affine.t1.i4.7c41db76.smt2,333.983,0,1,成功
/pub/data/jiafq/iscas/Parser_Comparison/../benchmarks/part3/non-incremental/QF_BV/20221012-MCMPC/dualexecution_affine/dualexecution_affine.t1.i4.85d15727.smt2,329.971,0,1,成功
/pub/data/jiafq/iscas/Parser_Comparison/../benchmarks/part3/non-incremental/QF_BV/20221012-MCMPC/dualexecution_affine/dualexecution_affine.t1.i4.86579d78.smt2,331.585,0,1,成功
/pub/data/jiafq/iscas/Parser_Comparison/../benchmarks/part3/non-incremental/QF_BV/20221012-MCMPC/dualexecution_affine/dualexecution_affine.t1.i4.8873db34.smt2,334.204,0,1,成功
/pub/data/jiafq/iscas/Parser_Comparison/../benchmarks/part3/non-incremental/QF_BV/20221012-MCMPC/dualexecution_affine/dualexecution_affine.t1.i4.8fb320f7.smt2,332.517,0,1,成功
/pub/data/jiafq/iscas/Parser_Comparison/../benchmarks/part3/non-incremental/QF_BV/20221012-MCMPC/dualexecution_affine/dualexecution_affine.t1.i4.90f656de.smt2,332.925,0,1,成功
/pub/data/jiafq/iscas/Parser_Comparison/../benchmarks/part3/non-incremental/QF_BV/20221012-MCMPC/dualexecution_affine/dualexecution_affine.t1.i4.9b734f09.smt2,333.115,0,1,成功
/pub/data/jiafq/iscas/Parser_Comparison/../benchmarks/part3/non-incremental/QF_BV/20221012-MCMPC/dualexecution_affine/dualexecution_affine.t1.i4.9d3edbd9.smt2,331.028,0,1,成功
/pub/data/jiafq/iscas/Parser_Comparison/../benchmarks/part3/non-incremental/QF_BV/20221012-MCMPC/dualexecution_affine/dualexecution_affine.t1.i4.9ec80e6c.smt2,336.424,0,1,成功
/pub/data/jiafq/iscas/Parser_Comparison/../benchmarks/part3/non-incremental/QF_BV/20221012-MCMPC/dualexecution_affine/dualexecution_affine.t1.i4.c9ed8e3e.smt2,335.649,0,1,成功
/pub/data/jiafq/iscas/Parser_Comparison/../benchmarks/part3/non-incremental/QF_BV/20221012-MCMPC/dualexecution_affine/dualexecution_affine.t1.i4.d0f24488.smt2,338.67,0,1,成功
/pub/data/jiafq/iscas/Parser_Comparison/../benchmarks/part3/non-incremental/QF_BV/20221012-MCMPC/dualexecution_affine/dualexecution_affine.t1.i4.d456b8a5.smt2,331.368,0,1,成功
/pub/data/jiafq/iscas/Parser_Comparison/../benchmarks/part3/non-incremental/QF_BV/20221012-MCMPC/dualexecution_affine/dualexecution_affine.t1.i4.d7b5faa1.smt2,335.317,0,1,成功
/pub/data/jiafq/iscas/Parser_Comparison/../benchmarks/part3/non-incremental/QF_BV/20221012-MCMPC/dualexecution_affine/dualexecution_affine.t1.i4.e2b68b41.smt2,331.034,0,1,成功
/pub/data/jiafq/iscas/Parser_Comparison/../benchmarks/part3/non-incremental/QF_BV/20221012-MCMPC/dualexecution_affine/dualexecution_affine.t1.i4.e4543409.smt2,329.485,0,1,成功
/pub/data/jiafq/iscas/Parser_Comparison/../benchmarks/part3/non-incremental/QF_BV/20221012-MCMPC/dualexecution_affine/dualexecution_affine.t1.i4.ed54c462.smt2,329.807,0,1,成功
/pub/data/jiafq/iscas/Parser_Comparison/../benchmarks/part3/non-incremental/QF_BV/20221012-MCMPC/dualexecution_affine/dualexecution_affine.t1.i4.eeaf3fc0.smt2,333.429,0,1,成功
/pub/data/jiafq/iscas/Parser_Comparison/../benchmarks/part3/non-incremental/QF_BV/20221012-MCMPC/dualexecution_affine/dualexecution_affine.t1.i4.f13c315b.smt2,341.152,0,1,成功
/pub/data/jiafq/iscas/Parser_Comparison/../benchmarks/part3/non-incremental/QF_BV/20221012-MCMPC/dualexecution_affine/dualexecution_affine.t1.i4.f79b0dfd.smt2,325.208,0,1,成功
/pub/data/jiafq/iscas/Parser_Comparison/../benchmarks/part3/non-incremental/QF_BV/20221012-MCMPC/dualexecution_affine/dualexecution_affine.t1.i5.d104ba9d.smt2,330.02,0,1,成功
/pub/data/jiafq/iscas/Parser_Comparison/../benchmarks/part3/non-incremental/QF_BV/20221012-MCMPC/dualexecution_affine/dualexecution_affine.t1.i6.029f0459.smt2,335.539,0,1,成功
/pub/data/jiafq/iscas/Parser_Comparison/../benchmarks/part3/non-incremental/QF_BV/20221012-MCMPC/dualexecution_affine/dualexecution_affine.t1.i6.0383662a.smt2,341.731,0,1,成功
/pub/data/jiafq/iscas/Parser_Comparison/../benchmarks/part3/non-incremental/QF_BV/20221012-MCMPC/dualexecution_affine/dualexecution_affine.t1.i6.0538c849.smt2,339.102,0,1,成功
/pub/data/jiafq/iscas/Parser_Comparison/../benchmarks/part3/non-incremental/QF_BV/20221012-MCMPC/dualexecution_affine/dualexecution_affine.t1.i6.08f79d82.smt2,335.528,0,1,成功
/pub/data/jiafq/iscas/Parser_Comparison/../benchmarks/part3/non-incremental/QF_BV/20221012-MCMPC/dualexecution_affine/dualexecution_affine.t1.i6.0d2e55ad.smt2,332.095,0,1,成功
/pub/data/jiafq/iscas/Parser_Comparison/../benchmarks/part3/non-incremental/QF_BV/20221012-MCMPC/dualexecution_affine/dualexecution_affine.t1.i6.0db2bbf0.smt2,334.694,0,1,成功
/pub/data/jiafq/iscas/Parser_Comparison/../benchmarks/part3/non-incremental/QF_BV/20221012-MCMPC/dualexecution_affine/dualexecution_affine.t1.i6.127fac8d.smt2,331.335,0,1,成功
/pub/data/jiafq/iscas/Parser_Comparison/../benchmarks/part3/non-incremental/QF_BV/20221012-MCMPC/dualexecution_affine/dualexecution_affine.t1.i6.17a992c9.smt2,338.308,0,1,成功
/pub/data/jiafq/iscas/Parser_Comparison/../benchmarks/part3/non-incremental/QF_BV/20221012-MCMPC/dualexecution_affine/dualexecution_affine.t1.i6.20708767.smt2,332.265,0,1,成功
/pub/data/jiafq/iscas/Parser_Comparison/../benchmarks/part3/non-incremental/QF_BV/20221012-MCMPC/dualexecution_affine/dualexecution_affine.t1.i6.23547bfb.smt2,331.222,0,1,成功
/pub/data/jiafq/iscas/Parser_Comparison/../benchmarks/part3/non-incremental/QF_BV/20221012-MCMPC/dualexecution_affine/dualexecution_affine.t1.i6.2af4c4d9.smt2,327.51,0,1,成功
/pub/data/jiafq/iscas/Parser_Comparison/../benchmarks/part3/non-incremental/QF_BV/20221012-MCMPC/dualexecution_affine/dualexecution_affine.t1.i6.2d353769.smt2,337.178,0,1,成功
/pub/data/jiafq/iscas/Parser_Comparison/../benchmarks/part3/non-incremental/QF_BV/20221012-MCMPC/dualexecution_affine/dualexecution_affine.t1.i6.30e8f1e3.smt2,330.778,0,1,成功
/pub/data/jiafq/iscas/Parser_Comparison/../benchmarks/part3/non-incremental/QF_BV/20221012-MCMPC/dualexecution_affine/dualexecution_affine.t1.i6.31b3950e.smt2,333.83,0,1,成功
/pub/data/jiafq/iscas/Parser_Comparison/../benchmarks/part3/non-incremental/QF_BV/20221012-MCMPC/dualexecution_affine/dualexecution_affine.t1.i6.3a3292d0.smt2,334.024,0,1,成功
/pub/data/jiafq/iscas/Parser_Comparison/../benchmarks/part3/non-incremental/QF_BV/20221012-MCMPC/dualexecution_affine/dualexecution_affine.t1.i6.3b8feca0.smt2,345.364,0,1,成功
/pub/data/jiafq/iscas/Parser_Comparison/../benchmarks/part3/non-incremental/QF_BV/20221012-MCMPC/dualexecution_affine/dualexecution_affine.t1.i6.3d636bd3.smt2,337.211,0,1,成功
/pub/data/jiafq/iscas/Parser_Comparison/../benchmarks/part3/non-incremental/QF_BV/20221012-MCMPC/dualexecution_affine/dualexecution_affine.t1.i6.41fa1e97.smt2,331.576,0,1,成功
/pub/data/jiafq/iscas/Parser_Comparison/../benchmarks/part3/non-incremental/QF_BV/20221012-MCMPC/dualexecution_affine/dualexecution_affine.t1.i6.4261b4b3.smt2,336.892,0,1,成功
/pub/data/jiafq/iscas/Parser_Comparison/../benchmarks/part3/non-incremental/QF_BV/20221012-MCMPC/dualexecution_affine/dualexecution_affine.t1.i6.4e02fa89.smt2,337.164,0,1,成功
/pub/data/jiafq/iscas/Parser_Comparison/../benchmarks/part3/non-incremental/QF_BV/20221012-MCMPC/dualexecution_affine/dualexecution_affine.t1.i6.4ff6c25b.smt2,333.585,0,1,成功
/pub/data/jiafq/iscas/Parser_Comparison/../benchmarks/part3/non-incremental/QF_BV/20221012-MCMPC/dualexecution_affine/dualexecution_affine.t1.i6.5ab5523b.smt2,334.546,0,1,成功
/pub/data/jiafq/iscas/Parser_Comparison/../benchmarks/part3/non-incremental/QF_BV/20221012-MCMPC/dualexecution_affine/dualexecution_affine.t1.i6.5c3cf86d.smt2,338.105,0,1,成功
/pub/data/jiafq/iscas/Parser_Comparison/../benchmarks/part3/non-incremental/QF_BV/20221012-MCMPC/dualexecution_affine/dualexecution_affine.t1.i6.5fdd1dc1.smt2,330.385,0,1,成功
/pub/data/jiafq/iscas/Parser_Comparison/../benchmarks/part3/non-incremental/QF_BV/20221012-MCMPC/dualexecution_affine/dualexecution_affine.t1.i6.663179c5.smt2,338.445,0,1,成功
/pub/data/jiafq/iscas/Parser_Comparison/../benchmarks/part3/non-incremental/QF_BV/20221012-MCMPC/dualexecution_affine/dualexecution_affine.t1.i6.67cb3dbb.smt2,332.299,0,1,成功
/pub/data/jiafq/iscas/Parser_Comparison/../benchmarks/part3/non-incremental/QF_BV/20221012-MCMPC/dualexecution_affine/dualexecution_affine.t1.i6.6dafa397.smt2,336.843,0,1,成功
/pub/data/jiafq/iscas/Parser_Comparison/../benchmarks/part3/non-incremental/QF_BV/20221012-MCMPC/dualexecution_affine/dualexecution_affine.t1.i6.73ed0127.smt2,337.898,0,1,成功
/pub/data/jiafq/iscas/Parser_Comparison/../benchmarks/part3/non-incremental/QF_BV/20221012-MCMPC/dualexecution_affine/dualexecution_affine.t1.i6.77df4f9c.smt2,331.327,0,1,成功
/pub/data/jiafq/iscas/Parser_Comparison/../benchmarks/part3/non-incremental/QF_BV/20221012-MCMPC/dualexecution_affine/dualexecution_affine.t1.i6.787cd8c1.smt2,342.94,0,1,成功
/pub/data/jiafq/iscas/Parser_Comparison/../benchmarks/part3/non-incremental/QF_BV/20221012-MCMPC/dualexecution_affine/dualexecution_affine.t1.i6.7adf2ca8.smt2,326.951,0,1,成功
/pub/data/jiafq/iscas/Parser_Comparison/../benchmarks/part3/non-incremental/QF_BV/20221012-MCMPC/dualexecution_affine/dualexecution_affine.t1.i6.7af15689.smt2,336.379,0,1,成功
/pub/data/jiafq/iscas/Parser_Comparison/../benchmarks/part3/non-incremental/QF_BV/20221012-MCMPC/dualexecution_affine/dualexecution_affine.t1.i6.7c58eeb5.smt2,341.47,0,1,成功
/pub/data/jiafq/iscas/Parser_Comparison/../benchmarks/part3/non-incremental/QF_BV/20221012-MCMPC/dualexecution_affine/dualexecution_affine.t1.i6.7dbbf438.smt2,353.102,0,1,成功
/pub/data/jiafq/iscas/Parser_Comparison/../benchmarks/part3/non-incremental/QF_BV/20221012-MCMPC/dualexecution_affine/dualexecution_affine.t1.i6.81a126ad.smt2,327.888,0,1,成功
/pub/data/jiafq/iscas/Parser_Comparison/../benchmarks/part3/non-incremental/QF_BV/20221012-MCMPC/dualexecution_affine/dualexecution_affine.t1.i6.86720762.smt2,333.055,0,1,成功
/pub/data/jiafq/iscas/Parser_Comparison/../benchmarks/part3/non-incremental/QF_BV/20221012-MCMPC/dualexecution_affine/dualexecution_affine.t1.i6.88fed41f.smt2,330.996,0,1,成功
/pub/data/jiafq/iscas/Parser_Comparison/../benchmarks/part3/non-incremental/QF_BV/20221012-MCMPC/dualexecution_affine/dualexecution_affine.t1.i6.8cb301e2.smt2,340.996,0,1,成功
/pub/data/jiafq/iscas/Parser_Comparison/../benchmarks/part3/non-incremental/QF_BV/20221012-MCMPC/dualexecution_affine/dualexecution_affine.t1.i6.8d953e77.smt2,339.04,0,1,成功
/pub/data/jiafq/iscas/Parser_Comparison/../benchmarks/part3/non-incremental/QF_BV/20221012-MCMPC/dualexecution_affine/dualexecution_affine.t1.i6.8db3705c.smt2,336.883,0,1,成功
/pub/data/jiafq/iscas/Parser_Comparison/../benchmarks/part3/non-incremental/QF_BV/20221012-MCMPC/dualexecution_affine/dualexecution_affine.t1.i6.8db94900.smt2,329.053,0,1,成功
/pub/data/jiafq/iscas/Parser_Comparison/../benchmarks/part3/non-incremental/QF_BV/20221012-MCMPC/dualexecution_affine/dualexecution_affine.t1.i6.93901180.smt2,338.763,0,1,成功
/pub/data/jiafq/iscas/Parser_Comparison/../benchmarks/part3/non-incremental/QF_BV/20221012-MCMPC/dualexecution_affine/dualexecution_affine.t1.i6.9586cae9.smt2,331.706,0,1,成功
/pub/data/jiafq/iscas/Parser_Comparison/../benchmarks/part3/non-incremental/QF_BV/20221012-MCMPC/dualexecution_affine/dualexecution_affine.t1.i6.9aff8485.smt2,329.755,0,1,成功
/pub/data/jiafq/iscas/Parser_Comparison/../benchmarks/part3/non-incremental/QF_BV/20221012-MCMPC/dualexecution_affine/dualexecution_affine.t1.i6.9b7b4925.smt2,336.541,0,1,成功
/pub/data/jiafq/iscas/Parser_Comparison/../benchmarks/part3/non-incremental/QF_BV/20221012-MCMPC/dualexecution_affine/dualexecution_affine.t1.i6.a43618c4.smt2,337.21,0,1,成功
/pub/data/jiafq/iscas/Parser_Comparison/../benchmarks/part3/non-incremental/QF_BV/20221012-MCMPC/dualexecution_affine/dualexecution_affine.t1.i6.ae22e42a.smt2,328.848,0,1,成功
/pub/data/jiafq/iscas/Parser_Comparison/../benchmarks/part3/non-incremental/QF_BV/20221012-MCMPC/dualexecution_affine/dualexecution_affine.t1.i6.b197abce.smt2,334.389,0,1,成功
/pub/data/jiafq/iscas/Parser_Comparison/../benchmarks/part3/non-incremental/QF_BV/20221012-MCMPC/dualexecution_affine/dualexecution_affine.t1.i6.b2c481bb.smt2,335.706,0,1,成功
/pub/data/jiafq/iscas/Parser_Comparison/../benchmarks/part3/non-incremental/QF_BV/20221012-MCMPC/dualexecution_affine/dualexecution_affine.t1.i6.b537f435.smt2,333.516,0,1,成功
/pub/data/jiafq/iscas/Parser_Comparison/../benchmarks/part3/non-incremental/QF_BV/20221012-MCMPC/dualexecution_affine/dualexecution_affine.t1.i6.b94a1452.smt2,331.234,0,1,成功
/pub/data/jiafq/iscas/Parser_Comparison/../benchmarks/part3/non-incremental/QF_BV/20221012-MCMPC/dualexecution_affine/dualexecution_affine.t1.i6.c0b7bf6b.smt2,332.136,0,1,成功
/pub/data/jiafq/iscas/Parser_Comparison/../benchmarks/part3/non-incremental/QF_BV/20221012-MCMPC/dualexecution_affine/dualexecution_affine.t1.i6.c819c744.smt2,331.678,0,1,成功
/pub/data/jiafq/iscas/Parser_Comparison/../benchmarks/part3/non-incremental/QF_BV/20221012-MCMPC/dualexecution_affine/dualexecution_affine.t1.i6.ce53ec99.smt2,338.192,0,1,成功
/pub/data/jiafq/iscas/Parser_Comparison/../benchmarks/part3/non-incremental/QF_BV/20221012-MCMPC/dualexecution_affine/dualexecution_affine.t1.i6.d29a87dc.smt2,336.033,0,1,成功
/pub/data/jiafq/iscas/Parser_Comparison/../benchmarks/part3/non-incremental/QF_BV/20221012-MCMPC/dualexecution_affine/dualexecution_affine.t1.i6.d2be5fe8.smt2,330.747,0,1,成功
/pub/data/jiafq/iscas/Parser_Comparison/../benchmarks/part3/non-incremental/QF_BV/20221012-MCMPC/dualexecution_affine/dualexecution_affine.t1.i6.d3a15daa.smt2,336.751,0,1,成功
/pub/data/jiafq/iscas/Parser_Comparison/../benchmarks/part3/non-incremental/QF_BV/20221012-MCMPC/dualexecution_affine/dualexecution_affine.t1.i6.d5fb0c06.smt2,331.851,0,1,成功
/pub/data/jiafq/iscas/Parser_Comparison/../benchmarks/part3/non-incremental/QF_BV/20221012-MCMPC/dualexecution_affine/dualexecution_affine.t1.i6.e2e188b1.smt2,337.204,0,1,成功
/pub/data/jiafq/iscas/Parser_Comparison/../benchmarks/part3/non-incremental/QF_BV/20221012-MCMPC/dualexecution_affine/dualexecution_affine.t1.i6.ebb98090.smt2,334.014,0,1,成功
/pub/data/jiafq/iscas/Parser_Comparison/../benchmarks/part3/non-incremental/QF_BV/20221012-MCMPC/dualexecution_affine/dualexecution_affine.t1.i6.eec4135d.smt2,329.876,0,1,成功
/pub/data/jiafq/iscas/Parser_Comparison/../benchmarks/part3/non-incremental/QF_BV/20221012-MCMPC/dualexecution_affine/dualexecution_affine.t1.i6.f1f2b1bf.smt2,337.961,0,1,成功
/pub/data/jiafq/iscas/Parser_Comparison/../benchmarks/part3/non-incremental/QF_BV/20221012-MCMPC/dualexecution_affine/dualexecution_affine.t1.i6.f2f35b78.smt2,332.129,0,1,成功
/pub/data/jiafq/iscas/Parser_Comparison/../benchmarks/part3/non-incremental/QF_BV/20221012-MCMPC/dualexecution_affine/dualexecution_affine.t1.i6.feb11d87.smt2,334.293,0,1,成功
/pub/data/jiafq/iscas/Parser_Comparison/../benchmarks/part3/non-incremental/QF_BV/20221012-MCMPC/dualexecution_affine/dualexecution_affine.t1.i6.ff49f528.smt2,325.908,0,1,成功
/pub/data/jiafq/iscas/Parser_Comparison/../benchmarks/part3/non-incremental/QF_BV/20221012-MCMPC/dualexecution_affine/dualexecution_affine.t1.i6.ff60c803.smt2,330.658,0,1,成功
/pub/data/jiafq/iscas/Parser_Comparison/../benchmarks/part3/non-incremental/QF_BV/20221012-MCMPC/dualexecution_affine/dualexecution_affine.t1.i7.0e2b8af0.smt2,338.383,0,1,成功
/pub/data/jiafq/iscas/Parser_Comparison/../benchmarks/part3/non-incremental/QF_BV/20221012-MCMPC/dualexecution_affine/dualexecution_affine.t1.i7.106f317e.smt2,334.171,0,1,成功
/pub/data/jiafq/iscas/Parser_Comparison/../benchmarks/part3/non-incremental/QF_BV/20221012-MCMPC/dualexecution_affine/dualexecution_affine.t1.i7.11d45131.smt2,329.765,0,1,成功
/pub/data/jiafq/iscas/Parser_Comparison/../benchmarks/part3/non-incremental/QF_BV/20221012-MCMPC/dualexecution_affine/dualexecution_affine.t1.i7.12b38976.smt2,329.626,0,1,成功
/pub/data/jiafq/iscas/Parser_Comparison/../benchmarks/part3/non-incremental/QF_BV/20221012-MCMPC/dualexecution_affine/dualexecution_affine.t1.i7.1a2f6abe.smt2,336.544,0,1,成功
/pub/data/jiafq/iscas/Parser_Comparison/../benchmarks/part3/non-incremental/QF_BV/20221012-MCMPC/dualexecution_affine/dualexecution_affine.t1.i7.1ab369c2.smt2,340.248,0,1,成功
/pub/data/jiafq/iscas/Parser_Comparison/../benchmarks/part3/non-incremental/QF_BV/20221012-MCMPC/dualexecution_affine/dualexecution_affine.t1.i7.1abb0ce3.smt2,329.61,0,1,成功
/pub/data/jiafq/iscas/Parser_Comparison/../benchmarks/part3/non-incremental/QF_BV/20221012-MCMPC/dualexecution_affine/dualexecution_affine.t1.i7.1efb6fe8.smt2,325.74,0,1,成功
/pub/data/jiafq/iscas/Parser_Comparison/../benchmarks/part3/non-incremental/QF_BV/20221012-MCMPC/dualexecution_affine/dualexecution_affine.t1.i7.221c2402.smt2,327.353,0,1,成功
/pub/data/jiafq/iscas/Parser_Comparison/../benchmarks/part3/non-incremental/QF_BV/20221012-MCMPC/dualexecution_affine/dualexecution_affine.t1.i7.26847deb.smt2,332.738,0,1,成功
/pub/data/jiafq/iscas/Parser_Comparison/../benchmarks/part3/non-incremental/QF_BV/20221012-MCMPC/dualexecution_affine/dualexecution_affine.t1.i7.392c3443.smt2,324.348,0,1,成功
/pub/data/jiafq/iscas/Parser_Comparison/../benchmarks/part3/non-incremental/QF_BV/20221012-MCMPC/dualexecution_affine/dualexecution_affine.t1.i7.4968cbc2.smt2,335.539,0,1,成功
/pub/data/jiafq/iscas/Parser_Comparison/../benchmarks/part3/non-incremental/QF_BV/20221012-MCMPC/dualexecution_affine/dualexecution_affine.t1.i7.4e8e52d7.smt2,326.588,0,1,成功
/pub/data/jiafq/iscas/Parser_Comparison/../benchmarks/part3/non-incremental/QF_BV/20221012-MCMPC/dualexecution_affine/dualexecution_affine.t1.i7.58be02df.smt2,331.238,0,1,成功
/pub/data/jiafq/iscas/Parser_Comparison/../benchmarks/part3/non-incremental/QF_BV/20221012-MCMPC/dualexecution_affine/dualexecution_affine.t1.i7.5fc16b36.smt2,327.456,0,1,成功
/pub/data/jiafq/iscas/Parser_Comparison/../benchmarks/part3/non-incremental/QF_BV/20221012-MCMPC/dualexecution_affine/dualexecution_affine.t1.i7.68af19fd.smt2,335.612,0,1,成功
/pub/data/jiafq/iscas/Parser_Comparison/../benchmarks/part3/non-incremental/QF_BV/20221012-MCMPC/dualexecution_affine/dualexecution_affine.t1.i7.79728700.smt2,333.957,0,1,成功
/pub/data/jiafq/iscas/Parser_Comparison/../benchmarks/part3/non-incremental/QF_BV/20221012-MCMPC/dualexecution_affine/dualexecution_affine.t1.i7.7dbf6b97.smt2,334.509,0,1,成功
/pub/data/jiafq/iscas/Parser_Comparison/../benchmarks/part3/non-incremental/QF_BV/20221012-MCMPC/dualexecution_affine/dualexecution_affine.t1.i7.80bd3b1f.smt2,331.052,0,1,成功
/pub/data/jiafq/iscas/Parser_Comparison/../benchmarks/part3/non-incremental/QF_BV/20221012-MCMPC/dualexecution_affine/dualexecution_affine.t1.i7.834e8871.smt2,336.157,0,1,成功
/pub/data/jiafq/iscas/Parser_Comparison/../benchmarks/part3/non-incremental/QF_BV/20221012-MCMPC/dualexecution_affine/dualexecution_affine.t1.i7.84db6fdd.smt2,336.596,0,1,成功
/pub/data/jiafq/iscas/Parser_Comparison/../benchmarks/part3/non-incremental/QF_BV/20221012-MCMPC/dualexecution_affine/dualexecution_affine.t1.i7.9ad73f45.smt2,338.683,0,1,成功
/pub/data/jiafq/iscas/Parser_Comparison/../benchmarks/part3/non-incremental/QF_BV/20221012-MCMPC/dualexecution_affine/dualexecution_affine.t1.i7.aa7c6a9f.smt2,335.606,0,1,成功
/pub/data/jiafq/iscas/Parser_Comparison/../benchmarks/part3/non-incremental/QF_BV/20221012-MCMPC/dualexecution_affine/dualexecution_affine.t1.i7.b20c1da7.smt2,330.146,0,1,成功
/pub/data/jiafq/iscas/Parser_Comparison/../benchmarks/part3/non-incremental/QF_BV/20221012-MCMPC/dualexecution_affine/dualexecution_affine.t1.i7.b59bc1e6.smt2,330.06,0,1,成功
/pub/data/jiafq/iscas/Parser_Comparison/../benchmarks/part3/non-incremental/QF_BV/20221012-MCMPC/dualexecution_affine/dualexecution_affine.t1.i7.b6fba73c.smt2,332.514,0,1,成功
/pub/data/jiafq/iscas/Parser_Comparison/../benchmarks/part3/non-incremental/QF_BV/20221012-MCMPC/dualexecution_affine/dualexecution_affine.t1.i7.c2b1687d.smt2,332.288,0,1,成功
/pub/data/jiafq/iscas/Parser_Comparison/../benchmarks/part3/non-incremental/QF_BV/20221012-MCMPC/dualexecution_affine/dualexecution_affine.t1.i7.c8bcc779.smt2,334.368,0,1,成功
/pub/data/jiafq/iscas/Parser_Comparison/../benchmarks/part3/non-incremental/QF_BV/20221012-MCMPC/dualexecution_affine/dualexecution_affine.t1.i7.ca4ba3fc.smt2,326.924,0,1,成功
/pub/data/jiafq/iscas/Parser_Comparison/../benchmarks/part3/non-incremental/QF_BV/20221012-MCMPC/dualexecution_affine/dualexecution_affine.t1.i7.d1358b4d.smt2,333.774,0,1,成功
/pub/data/jiafq/iscas/Parser_Comparison/../benchmarks/part3/non-incremental/QF_BV/20221012-MCMPC/dualexecution_affine/dualexecution_affine.t1.i7.d8f83f3b.smt2,334.876,0,1,成功
/pub/data/jiafq/iscas/Parser_Comparison/../benchmarks/part3/non-incremental/QF_BV/20221012-MCMPC/dualexecution_affine/dualexecution_affine.t1.i7.d9f05e35.smt2,337.315,0,1,成功
/pub/data/jiafq/iscas/Parser_Comparison/../benchmarks/part3/non-incremental/QF_BV/20221012-MCMPC/dualexecution_affine/dualexecution_affine.t1.i7.da670742.smt2,333.152,0,1,成功
/pub/data/jiafq/iscas/Parser_Comparison/../benchmarks/part3/non-incremental/QF_BV/20221012-MCMPC/dualexecution_affine/dualexecution_affine.t1.i7.e6854a79.smt2,334.196,0,1,成功
/pub/data/jiafq/iscas/Parser_Comparison/../benchmarks/part3/non-incremental/QF_BV/20221012-MCMPC/dualexecution_affine/dualexecution_affine.t1.i7.f20696fd.smt2,332.201,0,1,成功
/pub/data/jiafq/iscas/Parser_Comparison/../benchmarks/part3/non-incremental/QF_BV/20221012-MCMPC/dualexecution_affine/dualexecution_affine.t1.i7.fb70b8c6.smt2,336.343,0,1,成功
/pub/data/jiafq/iscas/Parser_Comparison/../benchmarks/part3/non-incremental/QF_BV/20221012-MCMPC/dualexecution_affine/dualexecution_affine.t1.i7.fbceaf5c.smt2,338.224,0,1,成功
/pub/data/jiafq/iscas/Parser_Comparison/../benchmarks/part3/non-incremental/QF_BV/20221012-MCMPC/dualexecution_affine/dualexecution_affine.t1.i8.02b9d8d8.smt2,330.297,0,1,成功
/pub/data/jiafq/iscas/Parser_Comparison/../benchmarks/part3/non-incremental/QF_BV/20221012-MCMPC/dualexecution_affine/dualexecution_affine.t1.i8.02f8aa1d.smt2,328.139,0,1,成功
/pub/data/jiafq/iscas/Parser_Comparison/../benchmarks/part3/non-incremental/QF_BV/20221012-MCMPC/dualexecution_affine/dualexecution_affine.t1.i8.08126063.smt2,331.174,0,1,成功
/pub/data/jiafq/iscas/Parser_Comparison/../benchmarks/part3/non-incremental/QF_BV/20221012-MCMPC/dualexecution_affine/dualexecution_affine.t1.i8.0d40abd2.smt2,330.104,0,1,成功
/pub/data/jiafq/iscas/Parser_Comparison/../benchmarks/part3/non-incremental/QF_BV/20221012-MCMPC/dualexecution_affine/dualexecution_affine.t1.i8.15e2e91e.smt2,334.763,0,1,成功
/pub/data/jiafq/iscas/Parser_Comparison/../benchmarks/part3/non-incremental/QF_BV/20221012-MCMPC/dualexecution_affine/dualexecution_affine.t1.i8.186fc2fe.smt2,333.25,0,1,成功
/pub/data/jiafq/iscas/Parser_Comparison/../benchmarks/part3/non-incremental/QF_BV/20221012-MCMPC/dualexecution_affine/dualexecution_affine.t1.i8.1c40cb71.smt2,335.314,0,1,成功
/pub/data/jiafq/iscas/Parser_Comparison/../benchmarks/part3/non-incremental/QF_BV/20221012-MCMPC/dualexecution_affine/dualexecution_affine.t1.i8.1cb05991.smt2,328.29,0,1,成功
/pub/data/jiafq/iscas/Parser_Comparison/../benchmarks/part3/non-incremental/QF_BV/20221012-MCMPC/dualexecution_affine/dualexecution_affine.t1.i8.1d3e97a0.smt2,328.974,0,1,成功
/pub/data/jiafq/iscas/Parser_Comparison/../benchmarks/part3/non-incremental/QF_BV/20221012-MCMPC/dualexecution_affine/dualexecution_affine.t1.i8.1d4141cb.smt2,337.955,0,1,成功
/pub/data/jiafq/iscas/Parser_Comparison/../benchmarks/part3/non-incremental/QF_BV/20221012-MCMPC/dualexecution_affine/dualexecution_affine.t1.i8.1e80616b.smt2,326.968,0,1,成功
/pub/data/jiafq/iscas/Parser_Comparison/../benchmarks/part3/non-incremental/QF_BV/20221012-MCMPC/dualexecution_affine/dualexecution_affine.t1.i8.22d1dc7b.smt2,335.985,0,1,成功
/pub/data/jiafq/iscas/Parser_Comparison/../benchmarks/part3/non-incremental/QF_BV/20221012-MCMPC/dualexecution_affine/dualexecution_affine.t1.i8.25aa27a1.smt2,336.518,0,1,成功
/pub/data/jiafq/iscas/Parser_Comparison/../benchmarks/part3/non-incremental/QF_BV/20221012-MCMPC/dualexecution_affine/dualexecution_affine.t1.i8.2986141a.smt2,333.523,0,1,成功
/pub/data/jiafq/iscas/Parser_Comparison/../benchmarks/part3/non-incremental/QF_BV/20221012-MCMPC/dualexecution_affine/dualexecution_affine.t1.i8.29be8db4.smt2,336.282,0,1,成功
/pub/data/jiafq/iscas/Parser_Comparison/../benchmarks/part3/non-incremental/QF_BV/20221012-MCMPC/dualexecution_affine/dualexecution_affine.t1.i8.2f90b176.smt2,343.614,0,1,成功
/pub/data/jiafq/iscas/Parser_Comparison/../benchmarks/part3/non-incremental/QF_BV/20221012-MCMPC/dualexecution_affine/dualexecution_affine.t1.i8.2ff2e049.smt2,335.577,0,1,成功
/pub/data/jiafq/iscas/Parser_Comparison/../benchmarks/part3/non-incremental/QF_BV/20221012-MCMPC/dualexecution_affine/dualexecution_affine.t1.i8.3217f7e9.smt2,330.744,0,1,成功
/pub/data/jiafq/iscas/Parser_Comparison/../benchmarks/part3/non-incremental/QF_BV/20221012-MCMPC/dualexecution_affine/dualexecution_affine.t1.i8.33a10e03.smt2,332.56,0,1,成功
/pub/data/jiafq/iscas/Parser_Comparison/../benchmarks/part3/non-incremental/QF_BV/20221012-MCMPC/dualexecution_affine/dualexecution_affine.t1.i8.345549b6.smt2,327.138,0,1,成功
/pub/data/jiafq/iscas/Parser_Comparison/../benchmarks/part3/non-incremental/QF_BV/20221012-MCMPC/dualexecution_affine/dualexecution_affine.t1.i8.38eab49c.smt2,326.037,0,1,成功
/pub/data/jiafq/iscas/Parser_Comparison/../benchmarks/part3/non-incremental/QF_BV/20221012-MCMPC/dualexecution_affine/dualexecution_affine.t1.i8.3b7de825.smt2,337.215,0,1,成功
/pub/data/jiafq/iscas/Parser_Comparison/../benchmarks/part3/non-incremental/QF_BV/20221012-MCMPC/dualexecution_affine/dualexecution_affine.t1.i8.3de85091.smt2,336.678,0,1,成功
/pub/data/jiafq/iscas/Parser_Comparison/../benchmarks/part3/non-incremental/QF_BV/20221012-MCMPC/dualexecution_affine/dualexecution_affine.t1.i8.4700c72f.smt2,329.866,0,1,成功
/pub/data/jiafq/iscas/Parser_Comparison/../benchmarks/part3/non-incremental/QF_BV/20221012-MCMPC/dualexecution_affine/dualexecution_affine.t1.i8.4bfbf719.smt2,334.878,0,1,成功
/pub/data/jiafq/iscas/Parser_Comparison/../benchmarks/part3/non-incremental/QF_BV/20221012-MCMPC/dualexecution_affine/dualexecution_affine.t1.i8.4f29919c.smt2,331.574,0,1,成功
/pub/data/jiafq/iscas/Parser_Comparison/../benchmarks/part3/non-incremental/QF_BV/20221012-MCMPC/dualexecution_affine/dualexecution_affine.t1.i8.5630a313.smt2,326.685,0,1,成功
/pub/data/jiafq/iscas/Parser_Comparison/../benchmarks/part3/non-incremental/QF_BV/20221012-MCMPC/dualexecution_affine/dualexecution_affine.t1.i8.5638c27a.smt2,331.668,0,1,成功
/pub/data/jiafq/iscas/Parser_Comparison/../benchmarks/part3/non-incremental/QF_BV/20221012-MCMPC/dualexecution_affine/dualexecution_affine.t1.i8.57a12e7a.smt2,330.793,0,1,成功
/pub/data/jiafq/iscas/Parser_Comparison/../benchmarks/part3/non-incremental/QF_BV/20221012-MCMPC/dualexecution_affine/dualexecution_affine.t1.i8.5802b423.smt2,329.783,0,1,成功
/pub/data/jiafq/iscas/Parser_Comparison/../benchmarks/part3/non-incremental/QF_BV/20221012-MCMPC/dualexecution_affine/dualexecution_affine.t1.i8.5e43b804.smt2,337.971,0,1,成功
/pub/data/jiafq/iscas/Parser_Comparison/../benchmarks/part3/non-incremental/QF_BV/20221012-MCMPC/dualexecution_affine/dualexecution_affine.t1.i8.5eb5f664.smt2,339.272,0,1,成功
/pub/data/jiafq/iscas/Parser_Comparison/../benchmarks/part3/non-incremental/QF_BV/20221012-MCMPC/dualexecution_affine/dualexecution_affine.t1.i8.612f6548.smt2,335.76,0,1,成功
/pub/data/jiafq/iscas/Parser_Comparison/../benchmarks/part3/non-incremental/QF_BV/20221012-MCMPC/dualexecution_affine/dualexecution_affine.t1.i8.6770a31e.smt2,334.343,0,1,成功
/pub/data/jiafq/iscas/Parser_Comparison/../benchmarks/part3/non-incremental/QF_BV/20221012-MCMPC/dualexecution_affine/dualexecution_affine.t1.i8.6b602a88.smt2,331.577,0,1,成功
/pub/data/jiafq/iscas/Parser_Comparison/../benchmarks/part3/non-incremental/QF_BV/20221012-MCMPC/dualexecution_affine/dualexecution_affine.t1.i8.7030113f.smt2,327.176,0,1,成功
/pub/data/jiafq/iscas/Parser_Comparison/../benchmarks/part3/non-incremental/QF_BV/20221012-MCMPC/dualexecution_affine/dualexecution_affine.t1.i8.77bd7948.smt2,336.391,0,1,成功
/pub/data/jiafq/iscas/Parser_Comparison/../benchmarks/part3/non-incremental/QF_BV/20221012-MCMPC/dualexecution_affine/dualexecution_affine.t1.i8.7a565690.smt2,333.187,0,1,成功
/pub/data/jiafq/iscas/Parser_Comparison/../benchmarks/part3/non-incremental/QF_BV/20221012-MCMPC/dualexecution_affine/dualexecution_affine.t1.i8.7ec69665.smt2,338.368,0,1,成功
/pub/data/jiafq/iscas/Parser_Comparison/../benchmarks/part3/non-incremental/QF_BV/20221012-MCMPC/dualexecution_affine/dualexecution_affine.t1.i8.82eae281.smt2,330.743,0,1,成功
/pub/data/jiafq/iscas/Parser_Comparison/../benchmarks/part3/non-incremental/QF_BV/20221012-MCMPC/dualexecution_affine/dualexecution_affine.t1.i8.83ba836d.smt2,328.886,0,1,成功
/pub/data/jiafq/iscas/Parser_Comparison/../benchmarks/part3/non-incremental/QF_BV/20221012-MCMPC/dualexecution_affine/dualexecution_affine.t1.i8.8d00003d.smt2,338.591,0,1,成功
/pub/data/jiafq/iscas/Parser_Comparison/../benchmarks/part3/non-incremental/QF_BV/20221012-MCMPC/dualexecution_affine/dualexecution_affine.t1.i8.8dda8798.smt2,333.136,0,1,成功
/pub/data/jiafq/iscas/Parser_Comparison/../benchmarks/part3/non-incremental/QF_BV/20221012-MCMPC/dualexecution_affine/dualexecution_affine.t1.i8.8ed2b40f.smt2,329.345,0,1,成功
/pub/data/jiafq/iscas/Parser_Comparison/../benchmarks/part3/non-incremental/QF_BV/20221012-MCMPC/dualexecution_affine/dualexecution_affine.t1.i8.8f1e92c3.smt2,328.568,0,1,成功
/pub/data/jiafq/iscas/Parser_Comparison/../benchmarks/part3/non-incremental/QF_BV/20221012-MCMPC/dualexecution_affine/dualexecution_affine.t1.i8.90ba20b3.smt2,329.829,0,1,成功
/pub/data/jiafq/iscas/Parser_Comparison/../benchmarks/part3/non-incremental/QF_BV/20221012-MCMPC/dualexecution_affine/dualexecution_affine.t1.i8.91e9d54a.smt2,336.219,0,1,成功
/pub/data/jiafq/iscas/Parser_Comparison/../benchmarks/part3/non-incremental/QF_BV/20221012-MCMPC/dualexecution_affine/dualexecution_affine.t1.i8.94ccb22d.smt2,333.826,0,1,成功
/pub/data/jiafq/iscas/Parser_Comparison/../benchmarks/part3/non-incremental/QF_BV/20221012-MCMPC/dualexecution_affine/dualexecution_affine.t1.i8.9c6c526f.smt2,329.012,0,1,成功
/pub/data/jiafq/iscas/Parser_Comparison/../benchmarks/part3/non-incremental/QF_BV/20221012-MCMPC/dualexecution_affine/dualexecution_affine.t1.i8.a26219f5.smt2,339.262,0,1,成功
/pub/data/jiafq/iscas/Parser_Comparison/../benchmarks/part3/non-incremental/QF_BV/20221012-MCMPC/dualexecution_affine/dualexecution_affine.t1.i8.a4822098.smt2,330.434,0,1,成功
/pub/data/jiafq/iscas/Parser_Comparison/../benchmarks/part3/non-incremental/QF_BV/20221012-MCMPC/dualexecution_affine/dualexecution_affine.t1.i8.aa8cff37.smt2,334.762,0,1,成功
/pub/data/jiafq/iscas/Parser_Comparison/../benchmarks/part3/non-incremental/QF_BV/20221012-MCMPC/dualexecution_affine/dualexecution_affine.t1.i8.b078af35.smt2,327.799,0,1,成功
/pub/data/jiafq/iscas/Parser_Comparison/../benchmarks/part3/non-incremental/QF_BV/20221012-MCMPC/dualexecution_affine/dualexecution_affine.t1.i8.b25473ca.smt2,327.605,0,1,成功
/pub/data/jiafq/iscas/Parser_Comparison/../benchmarks/part3/non-incremental/QF_BV/20221012-MCMPC/dualexecution_affine/dualexecution_affine.t1.i8.b3664446.smt2,331.565,0,1,成功
/pub/data/jiafq/iscas/Parser_Comparison/../benchmarks/part3/non-incremental/QF_BV/20221012-MCMPC/dualexecution_affine/dualexecution_affine.t1.i8.b58e0bf9.smt2,335.128,0,1,成功
/pub/data/jiafq/iscas/Parser_Comparison/../benchmarks/part3/non-incremental/QF_BV/20221012-MCMPC/dualexecution_affine/dualexecution_affine.t1.i8.bb3fc97d.smt2,328.134,0,1,成功
/pub/data/jiafq/iscas/Parser_Comparison/../benchmarks/part3/non-incremental/QF_BV/20221012-MCMPC/dualexecution_affine/dualexecution_affine.t1.i8.c231af27.smt2,334.951,0,1,成功
/pub/data/jiafq/iscas/Parser_Comparison/../benchmarks/part3/non-incremental/QF_BV/20221012-MCMPC/dualexecution_affine/dualexecution_affine.t1.i8.c34030a2.smt2,341.987,0,1,成功
/pub/data/jiafq/iscas/Parser_Comparison/../benchmarks/part3/non-incremental/QF_BV/20221012-MCMPC/dualexecution_affine/dualexecution_affine.t1.i8.c3492ddc.smt2,332.242,0,1,成功
/pub/data/jiafq/iscas/Parser_Comparison/../benchmarks/part3/non-incremental/QF_BV/20221012-MCMPC/dualexecution_affine/dualexecution_affine.t1.i8.ccd7ef3a.smt2,329.803,0,1,成功
/pub/data/jiafq/iscas/Parser_Comparison/../benchmarks/part3/non-incremental/QF_BV/20221012-MCMPC/dualexecution_affine/dualexecution_affine.t1.i8.cd42a1bc.smt2,336.185,0,1,成功
/pub/data/jiafq/iscas/Parser_Comparison/../benchmarks/part3/non-incremental/QF_BV/20221012-MCMPC/dualexecution_affine/dualexecution_affine.t1.i8.ced5ba60.smt2,328.86,0,1,成功
/pub/data/jiafq/iscas/Parser_Comparison/../benchmarks/part3/non-incremental/QF_BV/20221012-MCMPC/dualexecution_affine/dualexecution_affine.t1.i8.dcf9da36.smt2,327.919,0,1,成功
/pub/data/jiafq/iscas/Parser_Comparison/../benchmarks/part3/non-incremental/QF_BV/20221012-MCMPC/dualexecution_affine/dualexecution_affine.t1.i8.e3ed1361.smt2,338.774,0,1,成功
/pub/data/jiafq/iscas/Parser_Comparison/../benchmarks/part3/non-incremental/QF_BV/20221012-MCMPC/dualexecution_affine/dualexecution_affine.t1.i8.e506da26.smt2,331.514,0,1,成功
/pub/data/jiafq/iscas/Parser_Comparison/../benchmarks/part3/non-incremental/QF_BV/20221012-MCMPC/dualexecution_affine/dualexecution_affine.t1.i8.e861d36b.smt2,328.326,0,1,成功
/pub/data/jiafq/iscas/Parser_Comparison/../benchmarks/part3/non-incremental/QF_BV/20221012-MCMPC/dualexecution_affine/dualexecution_affine.t1.i8.ea8dc99c.smt2,332.416,0,1,成功
/pub/data/jiafq/iscas/Parser_Comparison/../benchmarks/part3/non-incremental/QF_BV/20221012-MCMPC/dualexecution_affine/dualexecution_affine.t1.i8.eb9ae661.smt2,332.378,0,1,成功
/pub/data/jiafq/iscas/Parser_Comparison/../benchmarks/part3/non-incremental/QF_BV/20221012-MCMPC/dualexecution_affine/dualexecution_affine.t1.i8.ecf1e576.smt2,326.224,0,1,成功
/pub/data/jiafq/iscas/Parser_Comparison/../benchmarks/part3/non-incremental/QF_BV/20221012-MCMPC/dualexecution_affine/dualexecution_affine.t1.i8.f0303076.smt2,332.634,0,1,成功
/pub/data/jiafq/iscas/Parser_Comparison/../benchmarks/part3/non-incremental/QF_BV/20221012-MCMPC/dualexecution_affine/dualexecution_affine.t1.i8.f267f136.smt2,336.054,0,1,成功
/pub/data/jiafq/iscas/Parser_Comparison/../benchmarks/part3/non-incremental/QF_BV/20221012-MCMPC/dualexecution_affine/dualexecution_affine.t1.i8.f4d43426.smt2,327.503,0,1,成功
/pub/data/jiafq/iscas/Parser_Comparison/../benchmarks/part3/non-incremental/QF_BV/20221012-MCMPC/dualexecution_affine/dualexecution_affine.t1.i8.f7bbc48b.smt2,333.685,0,1,成功
/pub/data/jiafq/iscas/Parser_Comparison/../benchmarks/part3/non-incremental/QF_BV/20221012-MCMPC/dualexecution_affine/dualexecution_affine.t1.i8.f9278b88.smt2,337.508,0,1,成功
/pub/data/jiafq/iscas/Parser_Comparison/../benchmarks/part3/non-incremental/QF_BV/20221012-MCMPC/dualexecution_affine/dualexecution_affine.t1.i8.f9a39e2a.smt2,327.417,0,1,成功
/pub/data/jiafq/iscas/Parser_Comparison/../benchmarks/part3/non-incremental/QF_BV/20221012-MCMPC/dualexecution_affine/dualexecution_affine.t1.i8.fac2ea9b.smt2,330.375,0,1,成功
/pub/data/jiafq/iscas/Parser_Comparison/../benchmarks/part3/non-incremental/QF_BV/20221012-MCMPC/dualexecution_affine/dualexecution_affine.t1.i8.fc0744e4.smt2,336.63,0,1,成功
/pub/data/jiafq/iscas/Parser_Comparison/../benchmarks/part3/non-incremental/QF_BV/20221012-MCMPC/dualexecution_affine/dualexecution_affine.t1.i8.fd8ab9f3.smt2,335.768,0,1,成功
/pub/data/jiafq/iscas/Parser_Comparison/../benchmarks/part3/non-incremental/QF_BV/20221012-MCMPC/dualexecution_affine/dualexecution_affine.t1.i8.febac029.smt2,331.693,0,1,成功
/pub/data/jiafq/iscas/Parser_Comparison/../benchmarks/part3/non-incremental/QF_BV/20221012-MCMPC/dualexecution_affine/dualexecution_affine.t1.i9.0316107f.smt2,335.84,0,1,成功
/pub/data/jiafq/iscas/Parser_Comparison/../benchmarks/part3/non-incremental/QF_BV/20221012-MCMPC/dualexecution_affine/dualexecution_affine.t1.i9.04b5845b.smt2,324.943,0,1,成功
/pub/data/jiafq/iscas/Parser_Comparison/../benchmarks/part3/non-incremental/QF_BV/20221012-MCMPC/dualexecution_affine/dualexecution_affine.t1.i9.0757d6b2.smt2,327.709,0,1,成功
/pub/data/jiafq/iscas/Parser_Comparison/../benchmarks/part3/non-incremental/QF_BV/20221012-MCMPC/dualexecution_affine/dualexecution_affine.t1.i9.124a6c94.smt2,325.371,0,1,成功
/pub/data/jiafq/iscas/Parser_Comparison/../benchmarks/part3/non-incremental/QF_BV/20221012-MCMPC/dualexecution_affine/dualexecution_affine.t1.i9.12a661b2.smt2,329.545,0,1,成功
/pub/data/jiafq/iscas/Parser_Comparison/../benchmarks/part3/non-incremental/QF_BV/20221012-MCMPC/dualexecution_affine/dualexecution_affine.t1.i9.171a9a86.smt2,326.336,0,1,成功
/pub/data/jiafq/iscas/Parser_Comparison/../benchmarks/part3/non-incremental/QF_BV/20221012-MCMPC/dualexecution_affine/dualexecution_affine.t1.i9.18dc5225.smt2,332.126,0,1,成功
/pub/data/jiafq/iscas/Parser_Comparison/../benchmarks/part3/non-incremental/QF_BV/20221012-MCMPC/dualexecution_affine/dualexecution_affine.t1.i9.1c90fa1e.smt2,331.216,0,1,成功
/pub/data/jiafq/iscas/Parser_Comparison/../benchmarks/part3/non-incremental/QF_BV/20221012-MCMPC/dualexecution_affine/dualexecution_affine.t1.i9.2484a2b0.smt2,333.143,0,1,成功
/pub/data/jiafq/iscas/Parser_Comparison/../benchmarks/part3/non-incremental/QF_BV/20221012-MCMPC/dualexecution_affine/dualexecution_affine.t1.i9.2564f6bd.smt2,334.217,0,1,成功
/pub/data/jiafq/iscas/Parser_Comparison/../benchmarks/part3/non-incremental/QF_BV/20221012-MCMPC/dualexecution_affine/dualexecution_affine.t1.i9.29a981cc.smt2,330.133,0,1,成功
/pub/data/jiafq/iscas/Parser_Comparison/../benchmarks/part3/non-incremental/QF_BV/20221012-MCMPC/dualexecution_affine/dualexecution_affine.t1.i9.2a5a748b.smt2,333.436,0,1,成功
/pub/data/jiafq/iscas/Parser_Comparison/../benchmarks/part3/non-incremental/QF_BV/20221012-MCMPC/dualexecution_affine/dualexecution_affine.t1.i9.2cb67afb.smt2,332.243,0,1,成功
/pub/data/jiafq/iscas/Parser_Comparison/../benchmarks/part3/non-incremental/QF_BV/20221012-MCMPC/dualexecution_affine/dualexecution_affine.t1.i9.2d8cd7d0.smt2,332.982,0,1,成功
/pub/data/jiafq/iscas/Parser_Comparison/../benchmarks/part3/non-incremental/QF_BV/20221012-MCMPC/dualexecution_affine/dualexecution_affine.t1.i9.34776e20.smt2,332.294,0,1,成功
/pub/data/jiafq/iscas/Parser_Comparison/../benchmarks/part3/non-incremental/QF_BV/20221012-MCMPC/dualexecution_affine/dualexecution_affine.t1.i9.4538b984.smt2,333.711,0,1,成功
/pub/data/jiafq/iscas/Parser_Comparison/../benchmarks/part3/non-incremental/QF_BV/20221012-MCMPC/dualexecution_affine/dualexecution_affine.t1.i9.4666d9e8.smt2,332.2,0,1,成功
/pub/data/jiafq/iscas/Parser_Comparison/../benchmarks/part3/non-incremental/QF_BV/20221012-MCMPC/dualexecution_affine/dualexecution_affine.t1.i9.46eb10db.smt2,330.513,0,1,成功
/pub/data/jiafq/iscas/Parser_Comparison/../benchmarks/part3/non-incremental/QF_BV/20221012-MCMPC/dualexecution_affine/dualexecution_affine.t1.i9.59819314.smt2,328.354,0,1,成功
/pub/data/jiafq/iscas/Parser_Comparison/../benchmarks/part3/non-incremental/QF_BV/20221012-MCMPC/dualexecution_affine/dualexecution_affine.t1.i9.5ac1cd86.smt2,338.778,0,1,成功
/pub/data/jiafq/iscas/Parser_Comparison/../benchmarks/part3/non-incremental/QF_BV/20221012-MCMPC/dualexecution_affine/dualexecution_affine.t1.i9.665b3405.smt2,340.416,0,1,成功
/pub/data/jiafq/iscas/Parser_Comparison/../benchmarks/part3/non-incremental/QF_BV/20221012-MCMPC/dualexecution_affine/dualexecution_affine.t1.i9.6ab22df8.smt2,329.052,0,1,成功
/pub/data/jiafq/iscas/Parser_Comparison/../benchmarks/part3/non-incremental/QF_BV/20221012-MCMPC/dualexecution_affine/dualexecution_affine.t1.i9.6ad14c79.smt2,336.22,0,1,成功
/pub/data/jiafq/iscas/Parser_Comparison/../benchmarks/part3/non-incremental/QF_BV/20221012-MCMPC/dualexecution_affine/dualexecution_affine.t1.i9.6e455fa9.smt2,333.065,0,1,成功
/pub/data/jiafq/iscas/Parser_Comparison/../benchmarks/part3/non-incremental/QF_BV/20221012-MCMPC/dualexecution_affine/dualexecution_affine.t1.i9.720ab51e.smt2,336.273,0,1,成功
/pub/data/jiafq/iscas/Parser_Comparison/../benchmarks/part3/non-incremental/QF_BV/20221012-MCMPC/dualexecution_affine/dualexecution_affine.t1.i9.7bd47fd9.smt2,336.912,0,1,成功
/pub/data/jiafq/iscas/Parser_Comparison/../benchmarks/part3/non-incremental/QF_BV/20221012-MCMPC/dualexecution_affine/dualexecution_affine.t1.i9.7f632361.smt2,327.406,0,1,成功
/pub/data/jiafq/iscas/Parser_Comparison/../benchmarks/part3/non-incremental/QF_BV/20221012-MCMPC/dualexecution_affine/dualexecution_affine.t1.i9.81ccb6a1.smt2,330.472,0,1,成功
/pub/data/jiafq/iscas/Parser_Comparison/../benchmarks/part3/non-incremental/QF_BV/20221012-MCMPC/dualexecution_affine/dualexecution_affine.t1.i9.85c218fb.smt2,335.294,0,1,成功
/pub/data/jiafq/iscas/Parser_Comparison/../benchmarks/part3/non-incremental/QF_BV/20221012-MCMPC/dualexecution_affine/dualexecution_affine.t1.i9.8f732459.smt2,329.772,0,1,成功
/pub/data/jiafq/iscas/Parser_Comparison/../benchmarks/part3/non-incremental/QF_BV/20221012-MCMPC/dualexecution_affine/dualexecution_affine.t1.i9.944afd78.smt2,331.372,0,1,成功
/pub/data/jiafq/iscas/Parser_Comparison/../benchmarks/part3/non-incremental/QF_BV/20221012-MCMPC/dualexecution_affine/dualexecution_affine.t1.i9.9e379372.smt2,327.105,0,1,成功
/pub/data/jiafq/iscas/Parser_Comparison/../benchmarks/part3/non-incremental/QF_BV/20221012-MCMPC/dualexecution_affine/dualexecution_affine.t1.i9.a0facd65.smt2,332.669,0,1,成功
/pub/data/jiafq/iscas/Parser_Comparison/../benchmarks/part3/non-incremental/QF_BV/20221012-MCMPC/dualexecution_affine/dualexecution_affine.t1.i9.aa532c37.smt2,329.63,0,1,成功
/pub/data/jiafq/iscas/Parser_Comparison/../benchmarks/part3/non-incremental/QF_BV/20221012-MCMPC/dualexecution_affine/dualexecution_affine.t1.i9.ad6ee5d7.smt2,328.947,0,1,成功
/pub/data/jiafq/iscas/Parser_Comparison/../benchmarks/part3/non-incremental/QF_BV/20221012-MCMPC/dualexecution_affine/dualexecution_affine.t1.i9.af52ba5e.smt2,337.563,0,1,成功
/pub/data/jiafq/iscas/Parser_Comparison/../benchmarks/part3/non-incremental/QF_BV/20221012-MCMPC/dualexecution_affine/dualexecution_affine.t1.i9.afce459c.smt2,335.523,0,1,成功
/pub/data/jiafq/iscas/Parser_Comparison/../benchmarks/part3/non-incremental/QF_BV/20221012-MCMPC/dualexecution_affine/dualexecution_affine.t1.i9.b119d8bc.smt2,329.431,0,1,成功
/pub/data/jiafq/iscas/Parser_Comparison/../benchmarks/part3/non-incremental/QF_BV/20221012-MCMPC/dualexecution_affine/dualexecution_affine.t1.i9.b63d2d90.smt2,334.03,0,1,成功
/pub/data/jiafq/iscas/Parser_Comparison/../benchmarks/part3/non-incremental/QF_BV/20221012-MCMPC/dualexecution_affine/dualexecution_affine.t1.i9.b72d40bb.smt2,333.926,0,1,成功
/pub/data/jiafq/iscas/Parser_Comparison/../benchmarks/part3/non-incremental/QF_BV/20221012-MCMPC/dualexecution_affine/dualexecution_affine.t1.i9.b783bced.smt2,328.119,0,1,成功
/pub/data/jiafq/iscas/Parser_Comparison/../benchmarks/part3/non-incremental/QF_BV/20221012-MCMPC/dualexecution_affine/dualexecution_affine.t1.i9.b81683f7.smt2,330.205,0,1,成功
/pub/data/jiafq/iscas/Parser_Comparison/../benchmarks/part3/non-incremental/QF_BV/20221012-MCMPC/dualexecution_affine/dualexecution_affine.t1.i9.bcbdea7d.smt2,331.376,0,1,成功
/pub/data/jiafq/iscas/Parser_Comparison/../benchmarks/part3/non-incremental/QF_BV/20221012-MCMPC/dualexecution_affine/dualexecution_affine.t1.i9.bfe4e4c8.smt2,333.319,0,1,成功
/pub/data/jiafq/iscas/Parser_Comparison/../benchmarks/part3/non-incremental/QF_BV/20221012-MCMPC/dualexecution_affine/dualexecution_affine.t1.i9.c043dcc5.smt2,334.167,0,1,成功
/pub/data/jiafq/iscas/Parser_Comparison/../benchmarks/part3/non-incremental/QF_BV/20221012-MCMPC/dualexecution_affine/dualexecution_affine.t1.i9.c0bbdd6b.smt2,334.214,0,1,成功
/pub/data/jiafq/iscas/Parser_Comparison/../benchmarks/part3/non-incremental/QF_BV/20221012-MCMPC/dualexecution_affine/dualexecution_affine.t1.i9.ccb69aab.smt2,331.258,0,1,成功
/pub/data/jiafq/iscas/Parser_Comparison/../benchmarks/part3/non-incremental/QF_BV/20221012-MCMPC/dualexecution_affine/dualexecution_affine.t1.i9.ccf6fdc3.smt2,332.925,0,1,成功
/pub/data/jiafq/iscas/Parser_Comparison/../benchmarks/part3/non-incremental/QF_BV/20221012-MCMPC/dualexecution_affine/dualexecution_affine.t1.i9.ceb18a73.smt2,338.054,0,1,成功
/pub/data/jiafq/iscas/Parser_Comparison/../benchmarks/part3/non-incremental/QF_BV/20221012-MCMPC/dualexecution_affine/dualexecution_affine.t1.i9.d89862a0.smt2,325.074,0,1,成功
/pub/data/jiafq/iscas/Parser_Comparison/../benchmarks/part3/non-incremental/QF_BV/20221012-MCMPC/dualexecution_affine/dualexecution_affine.t1.i9.da1b1b38.smt2,328.993,0,1,成功
/pub/data/jiafq/iscas/Parser_Comparison/../benchmarks/part3/non-incremental/QF_BV/20221012-MCMPC/dualexecution_affine/dualexecution_affine.t1.i9.dcebe9dc.smt2,334.172,0,1,成功
/pub/data/jiafq/iscas/Parser_Comparison/../benchmarks/part3/non-incremental/QF_BV/20221012-MCMPC/dualexecution_affine/dualexecution_affine.t1.i9.e5217c99.smt2,328.733,0,1,成功
/pub/data/jiafq/iscas/Parser_Comparison/../benchmarks/part3/non-incremental/QF_BV/20221012-MCMPC/dualexecution_affine/dualexecution_affine.t1.i9.ea9363bb.smt2,326.255,0,1,成功
/pub/data/jiafq/iscas/Parser_Comparison/../benchmarks/part3/non-incremental/QF_BV/20221012-MCMPC/dualexecution_affine/dualexecution_affine.t1.i9.f0e6ed73.smt2,334.865,0,1,成功
/pub/data/jiafq/iscas/Parser_Comparison/../benchmarks/part3/non-incremental/QF_BV/20221012-MCMPC/dualexecution_affine/dualexecution_affine.t1.i9.f4bcc47d.smt2,324.823,0,1,成功
/pub/data/jiafq/iscas/Parser_Comparison/../benchmarks/part3/non-incremental/QF_BV/20221012-MCMPC/dualexecution_affine/dualexecution_affine.t1.i9.f962b4d0.smt2,331.776,0,1,成功
/pub/data/jiafq/iscas/Parser_Comparison/../benchmarks/part3/non-incremental/QF_BV/20221012-MCMPC/dualexecution_affine/dualexecution_affine.t1.i9.fcdeed70.smt2,328.261,0,1,成功
/pub/data/jiafq/iscas/Parser_Comparison/../benchmarks/part3/non-incremental/QF_BV/20221012-MCMPC/dualexecution_affine/dualexecution_affine.t1.i9.fd465d88.smt2,327.712,0,1,成功
/pub/data/jiafq/iscas/Parser_Comparison/../benchmarks/part3/non-incremental/QF_BV/20221012-MCMPC/mean/mean.t1.i2.8e526d7d.smt2,53.988,0,2920,成功
/pub/data/jiafq/iscas/Parser_Comparison/../benchmarks/part3/non-incremental/QF_BV/20221012-MCMPC/mean/mean.t1.i2.8e86eb28.smt2,55.5881,0,2952,成功
/pub/data/jiafq/iscas/Parser_Comparison/../benchmarks/part3/non-incremental/QF_BV/20221012-MCMPC/mean/mean.t1.i2.c496f580.smt2,55.055,0,2920,成功
/pub/data/jiafq/iscas/Parser_Comparison/../benchmarks/part3/non-incremental/QF_BV/20221012-MCMPC/mean/mean.t1.i2.dd5e5629.smt2,63.9442,0,3449,成功
/pub/data/jiafq/iscas/Parser_Comparison/../benchmarks/part3/non-incremental/QF_BV/20221012-MCMPC/mean/mean.t1.i2.f42b66b2.smt2,64.445,0,3300,成功
/pub/data/jiafq/iscas/Parser_Comparison/../benchmarks/part3/non-incremental/QF_BV/20221012-MCMPC/mean/mean.t1.i3.345b59e2.smt2,63.5684,0,3310,成功
/pub/data/jiafq/iscas/Parser_Comparison/../benchmarks/part3/non-incremental/QF_BV/20221012-MCMPC/mean/mean.t1.i3.8fe54af0.smt2,64.9514,0,3378,成功
/pub/data/jiafq/iscas/Parser_Comparison/../benchmarks/part3/non-incremental/QF_BV/20221012-MCMPC/mean/mean.t1.i3.a0511717.smt2,69.9835,0,3676,成功
/pub/data/jiafq/iscas/Parser_Comparison/../benchmarks/part3/non-incremental/QF_BV/20221012-MCMPC/mean/mean.t1.i3.d482157a.smt2,59.5216,0,3124,成功
/pub/data/jiafq/iscas/Parser_Comparison/../benchmarks/part3/non-incremental/QF_BV/20221012-MCMPC/mean/mean.t1.i8.026d46b3.smt2,124.764,0,6636,成功
/pub/data/jiafq/iscas/Parser_Comparison/../benchmarks/part3/non-incremental/QF_BV/20221012-MCMPC/mean/mean.t1.i8.06a68ba7.smt2,64.7838,0,3220,成功
/pub/data/jiafq/iscas/Parser_Comparison/../benchmarks/part3/non-incremental/QF_BV/20221012-MCMPC/mean/mean.t1.i8.949fcbb4.smt2,121.27,0,6636,成功
/pub/data/jiafq/iscas/Parser_Comparison/../benchmarks/part3/non-incremental/QF_BV/20221012-MCMPC/mean/simplemean.t1.i3.09acff25.smt2,66.5544,0,3414,成功
/pub/data/jiafq/iscas/Parser_Comparison/../benchmarks/part3/non-incremental/QF_BV/20221012-MCMPC/mean/simplemean.t1.i3.0d33140e.smt2,7.70659,0,256,成功
/pub/data/jiafq/iscas/Parser_Comparison/../benchmarks/part3/non-incremental/QF_BV/20221012-MCMPC/mean/simplemean.t1.i3.6dd3026a.smt2,65.7992,0,3378,成功
/pub/data/jiafq/iscas/Parser_Comparison/../benchmarks/part3/non-incremental/QF_BV/20221012-MCMPC/mean/simplemean.t1.i4.1b9e49d5.smt2,21.3959,0,891,成功
/pub/data/jiafq/iscas/Parser_Comparison/../benchmarks/part3/non-incremental/QF_BV/20221012-MCMPC/mean/simplemean.t1.i4.5b26970d.smt2,9.26404,0,336,成功
/pub/data/jiafq/iscas/Parser_Comparison/../benchmarks/part3/non-incremental/QF_BV/20221012-MCMPC/mean/simplemean.t1.i4.e580f246.smt2,23.1681,0,988,成功
/pub/data/jiafq/iscas/Parser_Comparison/../benchmarks/part3/non-incremental/QF_BV/20221012-MCMPC/mean/simplemean.t1.i4.f10db1f3.smt2,19.4246,0,904,成功
/pub/data/jiafq/iscas/Parser_Comparison/../benchmarks/part3/non-incremental/QF_BV/20221012-MCMPC/mean/simplemean.t1.i5.b9d25b73.smt2,16.1125,0,693,成功
/pub/data/jiafq/iscas/Parser_Comparison/../benchmarks/part3/non-incremental/QF_BV/20221012-MCMPC/mean/simplemean.t1.i6.351a4d7f.smt2,29.299,0,1458,成功
/pub/data/jiafq/iscas/Parser_Comparison/../benchmarks/part3/non-incremental/QF_BV/20221012-MCMPC/mean_buckets/mean_buckets.t1.i1.11d9c68a.smt2,47.2691,0,2155,成功
/pub/data/jiafq/iscas/Parser_Comparison/../benchmarks/part3/non-incremental/QF_BV/20221012-MCMPC/mean_buckets/mean_buckets.t1.i1.459a11bc.smt2,51.5703,0,2238,成功
/pub/data/jiafq/iscas/Parser_Comparison/../benchmarks/part3/non-incremental/QF_BV/20221012-MCMPC/mean_buckets/mean_buckets.t1.i1.a1e3f9ab.smt2,60.9899,0,2753,成功
/pub/data/jiafq/iscas/Parser_Comparison/../benchmarks/part3/non-incremental/QF_BV/20221012-MCMPC/mean_buckets/mean_buckets.t1.i1.b7a14a8e.smt2,63.4682,0,2725,成功
/pub/data/jiafq/iscas/Parser_Comparison/../benchmarks/part3/non-incremental/QF_BV/20221012-MCMPC/mean_buckets/mean_buckets.t1.i10.1716878a.smt2,50.0961,0,2282,成功
/pub/data/jiafq/iscas/Parser_Comparison/../benchmarks/part3/non-incremental/QF_BV/20221012-MCMPC/mean_buckets/mean_buckets.t1.i10.9e2ebb5d.smt2,43.1757,0,1967,成功
/pub/data/jiafq/iscas/Parser_Comparison/../benchmarks/part3/non-incremental/QF_BV/20221012-MCMPC/mean_buckets/mean_buckets.t1.i10.ab00e6c1.smt2,50.3456,0,2226,成功
/pub/data/jiafq/iscas/Parser_Comparison/../benchmarks/part3/non-incremental/QF_BV/20221012-MCMPC/mean_buckets/mean_buckets.t1.i10.c10440a1.smt2,49.1178,0,2254,成功
/pub/data/jiafq/iscas/Parser_Comparison/../benchmarks/part3/non-incremental/QF_BV/20221012-MCMPC/mean_buckets/mean_buckets.t1.i10.c891b28b.smt2,50.3877,0,2198,成功
/pub/data/jiafq/iscas/Parser_Comparison/../benchmarks/part3/non-incremental/QF_BV/20221012-MCMPC/mean_buckets/mean_buckets.t1.i11.09d27f92.smt2,48.7212,0,2245,成功
/pub/data/jiafq/iscas/Parser_Comparison/../benchmarks/part3/non-incremental/QF_BV/20221012-MCMPC/mean_buckets/mean_buckets.t1.i11.198c0f40.smt2,52.432,0,2329,成功
/pub/data/jiafq/iscas/Parser_Comparison/../benchmarks/part3/non-incremental/QF_BV/20221012-MCMPC/mean_buckets/mean_buckets.t1.i11.273423f2.smt2,47.7759,0,2189,成功
/pub/data/jiafq/iscas/Parser_Comparison/../benchmarks/part3/non-incremental/QF_BV/20221012-MCMPC/mean_buckets/mean_buckets.t1.i11.361e1815.smt2,51.2959,0,2301,成功
/pub/data/jiafq/iscas/Parser_Comparison/../benchmarks/part3/non-incremental/QF_BV/20221012-MCMPC/mean_buckets/mean_buckets.t1.i11.83ffa372.smt2,43.1173,0,1947,成功
/pub/data/jiafq/iscas/Parser_Comparison/../benchmarks/part3/non-incremental/QF_BV/20221012-MCMPC/mean_buckets/mean_buckets.t1.i11.b760228d.smt2,49.6704,0,2273,成功
/pub/data/jiafq/iscas/Parser_Comparison/../benchmarks/part3/non-incremental/QF_BV/20221012-MCMPC/mean_buckets/mean_buckets.t1.i11.b77e1f69.smt2,47.1326,0,2217,成功
/pub/data/jiafq/iscas/Parser_Comparison/../benchmarks/part3/non-incremental/QF_BV/20221012-MCMPC/mean_buckets/mean_buckets.t1.i11.fa695825.smt2,48.3453,0,2161,成功
/pub/data/jiafq/iscas/Parser_Comparison/../benchmarks/part3/non-incremental/QF_BV/20221012-MCMPC/mean_buckets/mean_buckets.t1.i11.ffd447e2.smt2,50.9048,0,2357,成功
/pub/data/jiafq/iscas/Parser_Comparison/../benchmarks/part3/non-incremental/QF_BV/20221012-MCMPC/mean_buckets/mean_buckets.t1.i12.071fa85b.smt2,44.1499,0,2085,成功
/pub/data/jiafq/iscas/Parser_Comparison/../benchmarks/part3/non-incremental/QF_BV/20221012-MCMPC/mean_buckets/mean_buckets.t1.i12.0ff64f82.smt2,45.994,0,2150,成功
/pub/data/jiafq/iscas/Parser_Comparison/../benchmarks/part3/non-incremental/QF_BV/20221012-MCMPC/mean_buckets/mean_buckets.t1.i12.216ca194.smt2,47.2356,0,2206,成功
/pub/data/jiafq/iscas/Parser_Comparison/../benchmarks/part3/non-incremental/QF_BV/20221012-MCMPC/mean_buckets/mean_buckets.t1.i12.26f552b6.smt2,51.4254,0,2262,成功
/pub/data/jiafq/iscas/Parser_Comparison/../benchmarks/part3/non-incremental/QF_BV/20221012-MCMPC/mean_buckets/mean_buckets.t1.i12.35475393.smt2,46.1922,0,2094,成功
/pub/data/jiafq/iscas/Parser_Comparison/../benchmarks/part3/non-incremental/QF_BV/20221012-MCMPC/mean_buckets/mean_buckets.t1.i12.38e3d0a5.smt2,50.6835,0,2318,成功
/pub/data/jiafq/iscas/Parser_Comparison/../benchmarks/part3/non-incremental/QF_BV/20221012-MCMPC/mean_buckets/mean_buckets.t1.i12.523b2f84.smt2,45.4986,0,2066,成功
/pub/data/jiafq/iscas/Parser_Comparison/../benchmarks/part3/non-incremental/QF_BV/20221012-MCMPC/mean_buckets/mean_buckets.t1.i12.5d6250d4.smt2,45.798,0,2057,成功
/pub/data/jiafq/iscas/Parser_Comparison/../benchmarks/part3/non-incremental/QF_BV/20221012-MCMPC/mean_buckets/mean_buckets.t1.i12.628b38ab.smt2,48.89,0,2234,成功
/pub/data/jiafq/iscas/Parser_Comparison/../benchmarks/part3/non-incremental/QF_BV/20221012-MCMPC/mean_buckets/mean_buckets.t1.i12.629c293c.smt2,45.2404,0,2113,成功
/pub/data/jiafq/iscas/Parser_Comparison/../benchmarks/part3/non-incremental/QF_BV/20221012-MCMPC/mean_buckets/mean_buckets.t1.i12.7435b9be.smt2,50.2291,0,2290,成功
/pub/data/jiafq/iscas/Parser_Comparison/../benchmarks/part3/non-incremental/QF_BV/20221012-MCMPC/mean_buckets/mean_buckets.t1.i12.c07f1ff7.smt2,52.1138,0,2178,成功
/pub/data/jiafq/iscas/Parser_Comparison/../benchmarks/part3/non-incremental/QF_BV/20221012-MCMPC/mean_buckets/mean_buckets.t1.i12.d9f3334b.smt2,53.4561,0,2122,成功
/pub/data/jiafq/iscas/Parser_Comparison/../benchmarks/part3/non-incremental/QF_BV/20221012-MCMPC/mean_buckets/mean_buckets.t1.i12.f05e84a2.smt2,46.1555,0,2141,成功
/pub/data/jiafq/iscas/Parser_Comparison/../benchmarks/part3/non-incremental/QF_BV/20221012-MCMPC/mean_buckets/mean_buckets.t1.i13.1ab29681.smt2,42.7303,0,1935,成功
/pub/data/jiafq/iscas/Parser_Comparison/../benchmarks/part3/non-incremental/QF_BV/20221012-MCMPC/mean_buckets/mean_buckets.t1.i13.8cd66f51.smt2,47.8745,0,1907,成功
/pub/data/jiafq/iscas/Parser_Comparison/../benchmarks/part3/non-incremental/QF_BV/20221012-MCMPC/mean_buckets/mean_buckets.t1.i13.9681ed40.smt2,49.716,0,2083,成功
/pub/data/jiafq/iscas/Parser_Comparison/../benchmarks/part3/non-incremental/QF_BV/20221012-MCMPC/mean_buckets/mean_buckets.t1.i13.9809b2f2.smt2,58.395,0,2470,成功
/pub/data/jiafq/iscas/Parser_Comparison/../benchmarks/part3/non-incremental/QF_BV/20221012-MCMPC/mean_buckets/mean_buckets.t1.i13.9b99c21d.smt2,56.2923,0,2442,成功
/pub/data/jiafq/iscas/Parser_Comparison/../benchmarks/part3/non-incremental/QF_BV/20221012-MCMPC/mean_buckets/mean_buckets.t1.i13.b71ae92d.smt2,59.1521,0,2414,成功
/pub/data/jiafq/iscas/Parser_Comparison/../benchmarks/part3/non-incremental/QF_BV/20221012-MCMPC/mean_buckets/mean_buckets.t1.i13.c590a2eb.smt2,58.3479,0,2498,成功
/pub/data/jiafq/iscas/Parser_Comparison/../benchmarks/part3/non-incremental/QF_BV/20221012-MCMPC/mean_buckets/mean_buckets.t1.i14.11010c58.smt2,52.4356,0,2366,成功
/pub/data/jiafq/iscas/Parser_Comparison/../benchmarks/part3/non-incremental/QF_BV/20221012-MCMPC/mean_buckets/mean_buckets.t1.i14.2269cbd8.smt2,52.174,0,2394,成功
/pub/data/jiafq/iscas/Parser_Comparison/../benchmarks/part3/non-incremental/QF_BV/20221012-MCMPC/mean_buckets/mean_buckets.t1.i14.22a10a85.smt2,45.3147,0,1859,成功
/pub/data/jiafq/iscas/Parser_Comparison/../benchmarks/part3/non-incremental/QF_BV/20221012-MCMPC/mean_buckets/mean_buckets.t1.i14.3dbaa946.smt2,55.9695,0,2282,成功
/pub/data/jiafq/iscas/Parser_Comparison/../benchmarks/part3/non-incremental/QF_BV/20221012-MCMPC/mean_buckets/mean_buckets.t1.i14.7063cd36.smt2,39.6718,0,1747,成功
/pub/data/jiafq/iscas/Parser_Comparison/../benchmarks/part3/non-incremental/QF_BV/20221012-MCMPC/mean_buckets/mean_buckets.t1.i14.74ab9231.smt2,38.1024,0,1803,成功
/pub/data/jiafq/iscas/Parser_Comparison/../benchmarks/part3/non-incremental/QF_BV/20221012-MCMPC/mean_buckets/mean_buckets.t1.i14.777a4dc4.smt2,53.7257,0,2310,成功
/pub/data/jiafq/iscas/Parser_Comparison/../benchmarks/part3/non-incremental/QF_BV/20221012-MCMPC/mean_buckets/mean_buckets.t1.i14.7edf39fe.smt2,47.9898,0,1887,成功
/pub/data/jiafq/iscas/Parser_Comparison/../benchmarks/part3/non-incremental/QF_BV/20221012-MCMPC/mean_buckets/mean_buckets.t1.i14.ad789d1f.smt2,56.3998,0,2338,成功
/pub/data/jiafq/iscas/Parser_Comparison/../benchmarks/part3/non-incremental/QF_BV/20221012-MCMPC/mean_buckets/mean_buckets.t1.i14.af96c4c3.smt2,48.0951,0,2226,成功
/pub/data/jiafq/iscas/Parser_Comparison/../benchmarks/part3/non-incremental/QF_BV/20221012-MCMPC/mean_buckets/mean_buckets.t1.i14.b5afe3f8.smt2,55.2693,0,2254,成功
/pub/data/jiafq/iscas/Parser_Comparison/../benchmarks/part3/non-incremental/QF_BV/20221012-MCMPC/mean_buckets/mean_buckets.t1.i14.bf5f9713.smt2,44.4664,0,1775,成功
/pub/data/jiafq/iscas/Parser_Comparison/../benchmarks/part3/non-incremental/QF_BV/20221012-MCMPC/mean_buckets/mean_buckets.t1.i14.e286bfd6.smt2,39.3113,0,1831,成功
/pub/data/jiafq/iscas/Parser_Comparison/../benchmarks/part3/non-incremental/QF_BV/20221012-MCMPC/mean_buckets/mean_buckets.t1.i14.e55aebab.smt2,45.6718,0,2045,成功
/pub/data/jiafq/iscas/Parser_Comparison/../benchmarks/part3/non-incremental/QF_BV/20221012-MCMPC/mean_buckets/mean_buckets.t1.i15.06fbe2b6.smt2,47.6927,0,2152,成功
/pub/data/jiafq/iscas/Parser_Comparison/../benchmarks/part3/non-incremental/QF_BV/20221012-MCMPC/mean_buckets/mean_buckets.t1.i15.08e9775a.smt2,43.5342,0,1987,成功
/pub/data/jiafq/iscas/Parser_Comparison/../benchmarks/part3/non-incremental/QF_BV/20221012-MCMPC/mean_buckets/mean_buckets.t1.i15.1aa994b6.smt2,43.2082,0,2015,成功
/pub/data/jiafq/iscas/Parser_Comparison/../benchmarks/part3/non-incremental/QF_BV/20221012-MCMPC/mean_buckets/mean_buckets.t1.i15.4afd9f3b.smt2,45.3502,0,2025,成功
/pub/data/jiafq/iscas/Parser_Comparison/../benchmarks/part3/non-incremental/QF_BV/20221012-MCMPC/mean_buckets/mean_buckets.t1.i15.5bfa1e47.smt2,46.908,0,2043,成功
/pub/data/jiafq/iscas/Parser_Comparison/../benchmarks/part3/non-incremental/QF_BV/20221012-MCMPC/mean_buckets/mean_buckets.t1.i15.6a194da2.smt2,47.7866,0,2208,成功
/pub/data/jiafq/iscas/Parser_Comparison/../benchmarks/part3/non-incremental/QF_BV/20221012-MCMPC/mean_buckets/mean_buckets.t1.i15.76ad7159.smt2,45.3622,0,2096,成功
/pub/data/jiafq/iscas/Parser_Comparison/../benchmarks/part3/non-incremental/QF_BV/20221012-MCMPC/mean_buckets/mean_buckets.t1.i15.90f5fe98.smt2,41.7701,0,1931,成功
/pub/data/jiafq/iscas/Parser_Comparison/../benchmarks/part3/non-incremental/QF_BV/20221012-MCMPC/mean_buckets/mean_buckets.t1.i15.942ffd14.smt2,45.6006,0,2071,成功
/pub/data/jiafq/iscas/Parser_Comparison/../benchmarks/part3/non-incremental/QF_BV/20221012-MCMPC/mean_buckets/mean_buckets.t1.i15.aac869ec.smt2,46.8719,0,2180,成功
/pub/data/jiafq/iscas/Parser_Comparison/../benchmarks/part3/non-incremental/QF_BV/20221012-MCMPC/mean_buckets/mean_buckets.t1.i15.cda6228b.smt2,45.8776,0,2124,成功
/pub/data/jiafq/iscas/Parser_Comparison/../benchmarks/part3/non-incremental/QF_BV/20221012-MCMPC/mean_buckets/mean_buckets.t1.i15.f2f51759.smt2,42.9797,0,1997,成功
/pub/data/jiafq/iscas/Parser_Comparison/../benchmarks/part3/non-incremental/QF_BV/20221012-MCMPC/mean_buckets/mean_buckets.t1.i15.fd7669d8.smt2,42.3319,0,1959,成功
/pub/data/jiafq/iscas/Parser_Comparison/../benchmarks/part3/non-incremental/QF_BV/20221012-MCMPC/mean_buckets/mean_buckets.t1.i16.236a6a60.smt2,49.0517,0,2070,成功
/pub/data/jiafq/iscas/Parser_Comparison/../benchmarks/part3/non-incremental/QF_BV/20221012-MCMPC/mean_buckets/mean_buckets.t1.i16.25e8d83d.smt2,44.9946,0,2050,成功
/pub/data/jiafq/iscas/Parser_Comparison/../benchmarks/part3/non-incremental/QF_BV/20221012-MCMPC/mean_buckets/mean_buckets.t1.i16.2e326e76.smt2,42.7561,0,1986,成功
/pub/data/jiafq/iscas/Parser_Comparison/../benchmarks/part3/non-incremental/QF_BV/20221012-MCMPC/mean_buckets/mean_buckets.t1.i16.31a91bec.smt2,45.9056,0,2042,成功
/pub/data/jiafq/iscas/Parser_Comparison/../benchmarks/part3/non-incremental/QF_BV/20221012-MCMPC/mean_buckets/mean_buckets.t1.i16.482452ea.smt2,44.4221,0,2022,成功
/pub/data/jiafq/iscas/Parser_Comparison/../benchmarks/part3/non-incremental/QF_BV/20221012-MCMPC/mean_buckets/mean_buckets.t1.i16.4aa5ab2b.smt2,45.2741,0,2078,成功
/pub/data/jiafq/iscas/Parser_Comparison/../benchmarks/part3/non-incremental/QF_BV/20221012-MCMPC/mean_buckets/mean_buckets.t1.i16.4bd6fe77.smt2,47.5353,0,2190,成功
/pub/data/jiafq/iscas/Parser_Comparison/../benchmarks/part3/non-incremental/QF_BV/20221012-MCMPC/mean_buckets/mean_buckets.t1.i16.64b18039.smt2,42.9968,0,1977,成功
/pub/data/jiafq/iscas/Parser_Comparison/../benchmarks/part3/non-incremental/QF_BV/20221012-MCMPC/mean_buckets/mean_buckets.t1.i16.70d0c470.smt2,48.6582,0,2218,成功
/pub/data/jiafq/iscas/Parser_Comparison/../benchmarks/part3/non-incremental/QF_BV/20221012-MCMPC/mean_buckets/mean_buckets.t1.i16.7604d669.smt2,45.1162,0,2048,成功
/pub/data/jiafq/iscas/Parser_Comparison/../benchmarks/part3/non-incremental/QF_BV/20221012-MCMPC/mean_buckets/mean_buckets.t1.i16.78a4fdfb.smt2,47.6662,0,2134,成功
/pub/data/jiafq/iscas/Parser_Comparison/../benchmarks/part3/non-incremental/QF_BV/20221012-MCMPC/mean_buckets/mean_buckets.t1.i16.9589decc.smt2,42.4913,0,1949,成功
/pub/data/jiafq/iscas/Parser_Comparison/../benchmarks/part3/non-incremental/QF_BV/20221012-MCMPC/mean_buckets/mean_buckets.t1.i16.a1b9cc34.smt2,44.9054,0,1930,成功
/pub/data/jiafq/iscas/Parser_Comparison/../benchmarks/part3/non-incremental/QF_BV/20221012-MCMPC/mean_buckets/mean_buckets.t1.i16.a6081087.smt2,50.293,0,2106,成功
/pub/data/jiafq/iscas/Parser_Comparison/../benchmarks/part3/non-incremental/QF_BV/20221012-MCMPC/mean_buckets/mean_buckets.t1.i16.ab539647.smt2,45.2151,0,2076,成功
/pub/data/jiafq/iscas/Parser_Comparison/../benchmarks/part3/non-incremental/QF_BV/20221012-MCMPC/mean_buckets/mean_buckets.t1.i16.b1ce0b32.smt2,42.0112,0,1958,成功
/pub/data/jiafq/iscas/Parser_Comparison/../benchmarks/part3/non-incremental/QF_BV/20221012-MCMPC/mean_buckets/mean_buckets.t1.i16.d6446913.smt2,43.8938,0,2014,成功
/pub/data/jiafq/iscas/Parser_Comparison/../benchmarks/part3/non-incremental/QF_BV/20221012-MCMPC/mean_buckets/mean_buckets.t1.i16.fbc79a97.smt2,47.1701,0,2162,成功
/pub/data/jiafq/iscas/Parser_Comparison/../benchmarks/part3/non-incremental/QF_BV/20221012-MCMPC/mean_buckets/mean_buckets.t1.i17.01e24f32.smt2,47.1184,0,2166,成功
/pub/data/jiafq/iscas/Parser_Comparison/../benchmarks/part3/non-incremental/QF_BV/20221012-MCMPC/mean_buckets/mean_buckets.t1.i17.0b2d8cc4.smt2,49.4232,0,2222,成功
/pub/data/jiafq/iscas/Parser_Comparison/../benchmarks/part3/non-incremental/QF_BV/20221012-MCMPC/mean_buckets/mean_buckets.t1.i17.46d3117e.smt2,52.4362,0,2138,成功
/pub/data/jiafq/iscas/Parser_Comparison/../benchmarks/part3/non-incremental/QF_BV/20221012-MCMPC/mean_buckets/mean_buckets.t1.i17.66cb7e7d.smt2,47.2796,0,2110,成功
/pub/data/jiafq/iscas/Parser_Comparison/../benchmarks/part3/non-incremental/QF_BV/20221012-MCMPC/mean_buckets/mean_buckets.t1.i17.7c44cc54.smt2,46.8451,0,1910,成功
/pub/data/jiafq/iscas/Parser_Comparison/../benchmarks/part3/non-incremental/QF_BV/20221012-MCMPC/mean_buckets/mean_buckets.t1.i17.d8e2d543.smt2,50.8774,0,2194,成功
/pub/data/jiafq/iscas/Parser_Comparison/../benchmarks/part3/non-incremental/QF_BV/20221012-MCMPC/mean_buckets/mean_buckets.t1.i17.edaa9688.smt2,51.5135,0,2082,成功
/pub/data/jiafq/iscas/Parser_Comparison/../benchmarks/part3/non-incremental/QF_BV/20221012-MCMPC/mean_buckets/mean_buckets.t1.i18.0f36c886.smt2,47.0653,0,1909,成功
/pub/data/jiafq/iscas/Parser_Comparison/../benchmarks/part3/non-incremental/QF_BV/20221012-MCMPC/mean_buckets/mean_buckets.t1.i18.11cd23d2.smt2,47.0071,0,1952,成功
/pub/data/jiafq/iscas/Parser_Comparison/../benchmarks/part3/non-incremental/QF_BV/20221012-MCMPC/mean_buckets/mean_buckets.t1.i18.1268e6b4.smt2,49.3665,0,2034,成功
/pub/data/jiafq/iscas/Parser_Comparison/../benchmarks/part3/non-incremental/QF_BV/20221012-MCMPC/mean_buckets/mean_buckets.t1.i18.1dba31ae.smt2,40.2408,0,1881,成功
/pub/data/jiafq/iscas/Parser_Comparison/../benchmarks/part3/non-incremental/QF_BV/20221012-MCMPC/mean_buckets/mean_buckets.t1.i18.24b1503c.smt2,47.1918,0,1978,成功
/pub/data/jiafq/iscas/Parser_Comparison/../benchmarks/part3/non-incremental/QF_BV/20221012-MCMPC/mean_buckets/mean_buckets.t1.i18.24bbb7d3.smt2,48.7109,0,2036,成功
/pub/data/jiafq/iscas/Parser_Comparison/../benchmarks/part3/non-incremental/QF_BV/20221012-MCMPC/mean_buckets/mean_buckets.t1.i18.2c89912e.smt2,41.8241,0,1937,成功
/pub/data/jiafq/iscas/Parser_Comparison/../benchmarks/part3/non-incremental/QF_BV/20221012-MCMPC/mean_buckets/mean_buckets.t1.i18.375df19c.smt2,44.9416,0,2008,成功
/pub/data/jiafq/iscas/Parser_Comparison/../benchmarks/part3/non-incremental/QF_BV/20221012-MCMPC/mean_buckets/mean_buckets.t1.i18.47c03978.smt2,43.6117,0,1980,成功
/pub/data/jiafq/iscas/Parser_Comparison/../benchmarks/part3/non-incremental/QF_BV/20221012-MCMPC/mean_buckets/mean_buckets.t1.i18.5644b7b4.smt2,45.7256,0,2006,成功
/pub/data/jiafq/iscas/Parser_Comparison/../benchmarks/part3/non-incremental/QF_BV/20221012-MCMPC/mean_buckets/mean_buckets.t1.i18.b487fc90.smt2,41.7238,0,1853,成功
/pub/data/jiafq/iscas/Parser_Comparison/../benchmarks/part3/non-incremental/QF_BV/20221012-MCMPC/mean_buckets/mean_buckets.t1.i18.c1f702a1.smt2,40.6654,0,1890,成功
/pub/data/jiafq/iscas/Parser_Comparison/../benchmarks/part3/non-incremental/QF_BV/20221012-MCMPC/mean_buckets/mean_buckets.t1.i18.d3f7d201.smt2,40.2073,0,1862,成功
/pub/data/jiafq/iscas/Parser_Comparison/../benchmarks/part3/non-incremental/QF_BV/20221012-MCMPC/mean_buckets/mean_buckets.t1.i18.d77bc58e.smt2,44.6432,0,2062,成功
/pub/data/jiafq/iscas/Parser_Comparison/../benchmarks/part3/non-incremental/QF_BV/20221012-MCMPC/mean_buckets/mean_buckets.t1.i18.fbd797c5.smt2,37.6487,0,1751,成功
/pub/data/jiafq/iscas/Parser_Comparison/../benchmarks/part3/non-incremental/QF_BV/20221012-MCMPC/mean_buckets/mean_buckets.t1.i19.05d76249.smt2,46.4733,0,1932,成功
/pub/data/jiafq/iscas/Parser_Comparison/../benchmarks/part3/non-incremental/QF_BV/20221012-MCMPC/mean_buckets/mean_buckets.t1.i19.0c9fffc3.smt2,47.8251,0,2018,成功
/pub/data/jiafq/iscas/Parser_Comparison/../benchmarks/part3/non-incremental/QF_BV/20221012-MCMPC/mean_buckets/mean_buckets.t1.i19.0e2bef1b.smt2,44.1975,0,1833,成功
/pub/data/jiafq/iscas/Parser_Comparison/../benchmarks/part3/non-incremental/QF_BV/20221012-MCMPC/mean_buckets/mean_buckets.t1.i19.192411f2.smt2,43.4876,0,1906,成功
/pub/data/jiafq/iscas/Parser_Comparison/../benchmarks/part3/non-incremental/QF_BV/20221012-MCMPC/mean_buckets/mean_buckets.t1.i19.34e82297.smt2,45.6715,0,1878,成功
/pub/data/jiafq/iscas/Parser_Comparison/../benchmarks/part3/non-incremental/QF_BV/20221012-MCMPC/mean_buckets/mean_buckets.t1.i19.372c3805.smt2,43.0516,0,1962,成功
/pub/data/jiafq/iscas/Parser_Comparison/../benchmarks/part3/non-incremental/QF_BV/20221012-MCMPC/mean_buckets/mean_buckets.t1.i19.6d2441ad.smt2,41.3517,0,1902,成功
/pub/data/jiafq/iscas/Parser_Comparison/../benchmarks/part3/non-incremental/QF_BV/20221012-MCMPC/mean_buckets/mean_buckets.t1.i19.7db8dedd.smt2,44.7007,0,1930,成功
/pub/data/jiafq/iscas/Parser_Comparison/../benchmarks/part3/non-incremental/QF_BV/20221012-MCMPC/mean_buckets/mean_buckets.t1.i19.80c2f5de.smt2,45.0915,0,1990,成功
/pub/data/jiafq/iscas/Parser_Comparison/../benchmarks/part3/non-incremental/QF_BV/20221012-MCMPC/mean_buckets/mean_buckets.t1.i19.b33b06a1.smt2,40.5435,0,1731,成功
/pub/data/jiafq/iscas/Parser_Comparison/../benchmarks/part3/non-incremental/QF_BV/20221012-MCMPC/mean_buckets/mean_buckets.t1.i19.c8de50c3.smt2,46.838,0,1904,成功
/pub/data/jiafq/iscas/Parser_Comparison/../benchmarks/part3/non-incremental/QF_BV/20221012-MCMPC/mean_buckets/mean_buckets.t1.i19.e3deea73.smt2,39.1622,0,1805,成功
/pub/data/jiafq/iscas/Parser_Comparison/../benchmarks/part3/non-incremental/QF_BV/20221012-MCMPC/mean_buckets/mean_buckets.t1.i19.e4e06e2f.smt2,46.5228,0,1934,成功
/pub/data/jiafq/iscas/Parser_Comparison/../benchmarks/part3/non-incremental/QF_BV/20221012-MCMPC/mean_buckets/mean_buckets.t1.i19.e575d4b9.smt2,48.7178,0,1958,成功
/pub/data/jiafq/iscas/Parser_Comparison/../benchmarks/part3/non-incremental/QF_BV/20221012-MCMPC/mean_buckets/mean_buckets.t1.i19.f77d4503.smt2,43.0271,0,1776,成功
/pub/data/jiafq/iscas/Parser_Comparison/../benchmarks/part3/non-incremental/QF_BV/20221012-MCMPC/mean_buckets/mean_buckets.t1.i2.03b9dc65.smt2,58.1716,0,2677,成功
/pub/data/jiafq/iscas/Parser_Comparison/../benchmarks/part3/non-incremental/QF_BV/20221012-MCMPC/mean_buckets/mean_buckets.t1.i2.9407c90b.smt2,49.9851,0,2015,成功
/pub/data/jiafq/iscas/Parser_Comparison/../benchmarks/part3/non-incremental/QF_BV/20221012-MCMPC/mean_buckets/mean_buckets.t1.i2.b70b1c8d.smt2,63.0085,0,2649,成功
/pub/data/jiafq/iscas/Parser_Comparison/../benchmarks/part3/non-incremental/QF_BV/20221012-MCMPC/mean_buckets/mean_buckets.t1.i2.b8fd6311.smt2,62.4218,0,2705,成功
/pub/data/jiafq/iscas/Parser_Comparison/../benchmarks/part3/non-incremental/QF_BV/20221012-MCMPC/mean_buckets/mean_buckets.t1.i2.c30a5415.smt2,46.7276,0,2135,成功
/pub/data/jiafq/iscas/Parser_Comparison/../benchmarks/part3/non-incremental/QF_BV/20221012-MCMPC/mean_buckets/mean_buckets.t1.i20.23d9240f.smt2,39.2438,0,1683,成功
/pub/data/jiafq/iscas/Parser_Comparison/../benchmarks/part3/non-incremental/QF_BV/20221012-MCMPC/mean_buckets/mean_buckets.t1.i20.34c9f802.smt2,39.1572,0,1858,成功
/pub/data/jiafq/iscas/Parser_Comparison/../benchmarks/part3/non-incremental/QF_BV/20221012-MCMPC/mean_buckets/mean_buckets.t1.i20.37da6661.smt2,45.4044,0,1884,成功
/pub/data/jiafq/iscas/Parser_Comparison/../benchmarks/part3/non-incremental/QF_BV/20221012-MCMPC/mean_buckets/mean_buckets.t1.i20.497a6355.smt2,38.2226,0,1830,成功
/pub/data/jiafq/iscas/Parser_Comparison/../benchmarks/part3/non-incremental/QF_BV/20221012-MCMPC/mean_buckets/mean_buckets.t1.i20.4d79ed03.smt2,40.6995,0,1800,成功
/pub/data/jiafq/iscas/Parser_Comparison/../benchmarks/part3/non-incremental/QF_BV/20221012-MCMPC/mean_buckets/mean_buckets.t1.i20.75944afa.smt2,40.5285,0,1854,成功
/pub/data/jiafq/iscas/Parser_Comparison/../benchmarks/part3/non-incremental/QF_BV/20221012-MCMPC/mean_buckets/mean_buckets.t1.i20.899a7ee7.smt2,46.4985,0,1882,成功
/pub/data/jiafq/iscas/Parser_Comparison/../benchmarks/part3/non-incremental/QF_BV/20221012-MCMPC/mean_buckets/mean_buckets.t1.i20.8d5d4e4f.smt2,42.5534,0,1826,成功
/pub/data/jiafq/iscas/Parser_Comparison/../benchmarks/part3/non-incremental/QF_BV/20221012-MCMPC/mean_buckets/mean_buckets.t1.i20.b4dabe25.smt2,38.6948,0,1828,成功
/pub/data/jiafq/iscas/Parser_Comparison/../benchmarks/part3/non-incremental/QF_BV/20221012-MCMPC/mean_buckets/mean_buckets.t1.i20.b77ebd56.smt2,45.0636,0,1772,成功
/pub/data/jiafq/iscas/Parser_Comparison/../benchmarks/part3/non-incremental/QF_BV/20221012-MCMPC/mean_buckets/mean_buckets.t1.i20.bc1fc6d1.smt2,43.1941,0,1711,成功
/pub/data/jiafq/iscas/Parser_Comparison/../benchmarks/part3/non-incremental/QF_BV/20221012-MCMPC/mean_buckets/mean_buckets.t1.i20.feb163d8.smt2,39.7524,0,1856,成功
/pub/data/jiafq/iscas/Parser_Comparison/../benchmarks/part3/non-incremental/QF_BV/20221012-MCMPC/mean_buckets/mean_buckets.t1.i21.181455ce.smt2,39.5815,0,1754,成功
/pub/data/jiafq/iscas/Parser_Comparison/../benchmarks/part3/non-incremental/QF_BV/20221012-MCMPC/mean_buckets/mean_buckets.t1.i21.55fb17fd.smt2,37.4764,0,1752,成功
/pub/data/jiafq/iscas/Parser_Comparison/../benchmarks/part3/non-incremental/QF_BV/20221012-MCMPC/mean_buckets/mean_buckets.t1.i21.7e8811a8.smt2,37.3466,0,1782,成功
/pub/data/jiafq/iscas/Parser_Comparison/../benchmarks/part3/non-incremental/QF_BV/20221012-MCMPC/mean_buckets/mean_buckets.t1.i21.ab93f411.smt2,39.5087,0,1736,成功
/pub/data/jiafq/iscas/Parser_Comparison/../benchmarks/part3/non-incremental/QF_BV/20221012-MCMPC/mean_buckets/mean_buckets.t1.i21.c769122a.smt2,37.5695,0,1724,成功
/pub/data/jiafq/iscas/Parser_Comparison/../benchmarks/part3/non-incremental/QF_BV/20221012-MCMPC/mean_buckets/mean_buckets.t1.i21.dc361962.smt2,43.37,0,1764,成功
/pub/data/jiafq/iscas/Parser_Comparison/../benchmarks/part3/non-incremental/QF_BV/20221012-MCMPC/mean_buckets/mean_buckets.t1.i21.f93c9832.smt2,43.6357,0,1810,成功
/pub/data/jiafq/iscas/Parser_Comparison/../benchmarks/part3/non-incremental/QF_BV/20221012-MCMPC/mean_buckets/mean_buckets.t1.i22.02386457.smt2,36.5331,0,1715,成功
/pub/data/jiafq/iscas/Parser_Comparison/../benchmarks/part3/non-incremental/QF_BV/20221012-MCMPC/mean_buckets/mean_buckets.t1.i22.095d4b5b.smt2,37.0437,0,1734,成功
/pub/data/jiafq/iscas/Parser_Comparison/../benchmarks/part3/non-incremental/QF_BV/20221012-MCMPC/mean_buckets/mean_buckets.t1.i22.18fac152.smt2,39.9202,0,1903,成功
/pub/data/jiafq/iscas/Parser_Comparison/../benchmarks/part3/non-incremental/QF_BV/20221012-MCMPC/mean_buckets/mean_buckets.t1.i22.227961ad.smt2,45.4418,0,1959,成功
/pub/data/jiafq/iscas/Parser_Comparison/../benchmarks/part3/non-incremental/QF_BV/20221012-MCMPC/mean_buckets/mean_buckets.t1.i22.2508fad6.smt2,40.1585,0,1790,成功
/pub/data/jiafq/iscas/Parser_Comparison/../benchmarks/part3/non-incremental/QF_BV/20221012-MCMPC/mean_buckets/mean_buckets.t1.i22.3a9f6f1e.smt2,37.9868,0,1819,成功
/pub/data/jiafq/iscas/Parser_Comparison/../benchmarks/part3/non-incremental/QF_BV/20221012-MCMPC/mean_buckets/mean_buckets.t1.i22.4e3237b2.smt2,42.5053,0,1866,成功
/pub/data/jiafq/iscas/Parser_Comparison/../benchmarks/part3/non-incremental/QF_BV/20221012-MCMPC/mean_buckets/mean_buckets.t1.i22.5659d47e.smt2,36.0661,0,1705,成功
/pub/data/jiafq/iscas/Parser_Comparison/../benchmarks/part3/non-incremental/QF_BV/20221012-MCMPC/mean_buckets/mean_buckets.t1.i22.578c4bfb.smt2,39.8195,0,1810,成功
/pub/data/jiafq/iscas/Parser_Comparison/../benchmarks/part3/non-incremental/QF_BV/20221012-MCMPC/mean_buckets/mean_buckets.t1.i22.63703d4c.smt2,40.8296,0,1875,成功
/pub/data/jiafq/iscas/Parser_Comparison/../benchmarks/part3/non-incremental/QF_BV/20221012-MCMPC/mean_buckets/mean_buckets.t1.i22.6d689bf9.smt2,41.7097,0,1847,成功
/pub/data/jiafq/iscas/Parser_Comparison/../benchmarks/part3/non-incremental/QF_BV/20221012-MCMPC/mean_buckets/mean_buckets.t1.i22.784e0992.smt2,37.0342,0,1762,成功
/pub/data/jiafq/iscas/Parser_Comparison/../benchmarks/part3/non-incremental/QF_BV/20221012-MCMPC/mean_buckets/mean_buckets.t1.i22.91882747.smt2,41.2352,0,1931,成功
/pub/data/jiafq/iscas/Parser_Comparison/../benchmarks/part3/non-incremental/QF_BV/20221012-MCMPC/mean_buckets/mean_buckets.t1.i22.a1a98879.smt2,35.8608,0,1677,成功
/pub/data/jiafq/iscas/Parser_Comparison/../benchmarks/part3/non-incremental/QF_BV/20221012-MCMPC/mean_buckets/mean_buckets.t1.i22.f70ffb9f.smt2,39.082,0,1838,成功
/pub/data/jiafq/iscas/Parser_Comparison/../benchmarks/part3/non-incremental/QF_BV/20221012-MCMPC/mean_buckets/mean_buckets.t1.i23.21a21d55.smt2,39.672,0,1741,成功
/pub/data/jiafq/iscas/Parser_Comparison/../benchmarks/part3/non-incremental/QF_BV/20221012-MCMPC/mean_buckets/mean_buckets.t1.i23.3a29fadf.smt2,42.4225,0,1712,成功
/pub/data/jiafq/iscas/Parser_Comparison/../benchmarks/part3/non-incremental/QF_BV/20221012-MCMPC/mean_buckets/mean_buckets.t1.i23.3cc36c98.smt2,43.4737,0,1736,成功
/pub/data/jiafq/iscas/Parser_Comparison/../benchmarks/part3/non-incremental/QF_BV/20221012-MCMPC/mean_buckets/mean_buckets.t1.i23.4a2e367c.smt2,38.2242,0,1679,成功
/pub/data/jiafq/iscas/Parser_Comparison/../benchmarks/part3/non-incremental/QF_BV/20221012-MCMPC/mean_buckets/mean_buckets.t1.i23.4ed65f4b.smt2,36.7084,0,1704,成功
/pub/data/jiafq/iscas/Parser_Comparison/../benchmarks/part3/non-incremental/QF_BV/20221012-MCMPC/mean_buckets/mean_buckets.t1.i23.4ff1f967.smt2,38.288,0,1765,成功
/pub/data/jiafq/iscas/Parser_Comparison/../benchmarks/part3/non-incremental/QF_BV/20221012-MCMPC/mean_buckets/mean_buckets.t1.i23.66d74cb4.smt2,35.6554,0,1651,成功
/pub/data/jiafq/iscas/Parser_Comparison/../benchmarks/part3/non-incremental/QF_BV/20221012-MCMPC/mean_buckets/mean_buckets.t1.i23.671eb469.smt2,34.8327,0,1622,成功
/pub/data/jiafq/iscas/Parser_Comparison/../benchmarks/part3/non-incremental/QF_BV/20221012-MCMPC/mean_buckets/mean_buckets.t1.i23.6f820db3.smt2,37.1159,0,1708,成功
/pub/data/jiafq/iscas/Parser_Comparison/../benchmarks/part3/non-incremental/QF_BV/20221012-MCMPC/mean_buckets/mean_buckets.t1.i23.a7300aef.smt2,38.365,0,1651,成功
/pub/data/jiafq/iscas/Parser_Comparison/../benchmarks/part3/non-incremental/QF_BV/20221012-MCMPC/mean_buckets/mean_buckets.t1.i23.baf1cdac.smt2,39.0447,0,1794,成功
/pub/data/jiafq/iscas/Parser_Comparison/../benchmarks/part3/non-incremental/QF_BV/20221012-MCMPC/mean_buckets/mean_buckets.t1.i23.bb5912a3.smt2,39.0369,0,1789,成功
/pub/data/jiafq/iscas/Parser_Comparison/../benchmarks/part3/non-incremental/QF_BV/20221012-MCMPC/mean_buckets/mean_buckets.t1.i23.c09aeede.smt2,39.1674,0,1822,成功
/pub/data/jiafq/iscas/Parser_Comparison/../benchmarks/part3/non-incremental/QF_BV/20221012-MCMPC/mean_buckets/mean_buckets.t1.i23.e078590a.smt2,35.2634,0,1680,成功
/pub/data/jiafq/iscas/Parser_Comparison/../benchmarks/part3/non-incremental/QF_BV/20221012-MCMPC/mean_buckets/mean_buckets.t1.i23.e441fbb0.smt2,37.358,0,1732,成功
/pub/data/jiafq/iscas/Parser_Comparison/../benchmarks/part3/non-incremental/QF_BV/20221012-MCMPC/mean_buckets/mean_buckets.t1.i23.ee0da2c9.smt2,39.0475,0,1761,成功
/pub/data/jiafq/iscas/Parser_Comparison/../benchmarks/part3/non-incremental/QF_BV/20221012-MCMPC/mean_buckets/mean_buckets.t1.i24.04e7c65c.smt2,35.13,0,1601,成功
/pub/data/jiafq/iscas/Parser_Comparison/../benchmarks/part3/non-incremental/QF_BV/20221012-MCMPC/mean_buckets/mean_buckets.t1.i24.0d07148a.smt2,34.2396,0,1597,成功
/pub/data/jiafq/iscas/Parser_Comparison/../benchmarks/part3/non-incremental/QF_BV/20221012-MCMPC/mean_buckets/mean_buckets.t1.i24.1f167950.smt2,35.0789,0,1626,成功
/pub/data/jiafq/iscas/Parser_Comparison/../benchmarks/part3/non-incremental/QF_BV/20221012-MCMPC/mean_buckets/mean_buckets.t1.i24.2d4e4a06.smt2,36.1988,0,1654,成功
/pub/data/jiafq/iscas/Parser_Comparison/../benchmarks/part3/non-incremental/QF_BV/20221012-MCMPC/mean_buckets/mean_buckets.t1.i24.f0ae7057.smt2,41.6321,0,1683,成功
/pub/data/jiafq/iscas/Parser_Comparison/../benchmarks/part3/non-incremental/QF_BV/20221012-MCMPC/mean_buckets/mean_buckets.t1.i25.0b4bba1d.smt2,45.2714,0,1672,成功
/pub/data/jiafq/iscas/Parser_Comparison/../benchmarks/part3/non-incremental/QF_BV/20221012-MCMPC/mean_buckets/mean_buckets.t1.i25.0e17a9bc.smt2,52.8723,0,1671,成功
/pub/data/jiafq/iscas/Parser_Comparison/../benchmarks/part3/non-incremental/QF_BV/20221012-MCMPC/mean_buckets/mean_buckets.t1.i25.11fb98e5.smt2,39.2157,0,1710,成功
/pub/data/jiafq/iscas/Parser_Comparison/../benchmarks/part3/non-incremental/QF_BV/20221012-MCMPC/mean_buckets/mean_buckets.t1.i25.19546e0c.smt2,31.1884,0,1567,成功
/pub/data/jiafq/iscas/Parser_Comparison/../benchmarks/part3/non-incremental/QF_BV/20221012-MCMPC/mean_buckets/mean_buckets.t1.i25.32e04633.smt2,32.5421,0,1538,成功
/pub/data/jiafq/iscas/Parser_Comparison/../benchmarks/part3/non-incremental/QF_BV/20221012-MCMPC/mean_buckets/mean_buckets.t1.i25.35368a3c.smt2,38.2738,0,1624,成功
/pub/data/jiafq/iscas/Parser_Comparison/../benchmarks/part3/non-incremental/QF_BV/20221012-MCMPC/mean_buckets/mean_buckets.t1.i25.41100c27.smt2,36.5009,0,1595,成功
/pub/data/jiafq/iscas/Parser_Comparison/../benchmarks/part3/non-incremental/QF_BV/20221012-MCMPC/mean_buckets/mean_buckets.t1.i25.4d5e89e7.smt2,34.86,0,1699,成功
/pub/data/jiafq/iscas/Parser_Comparison/../benchmarks/part3/non-incremental/QF_BV/20221012-MCMPC/mean_buckets/mean_buckets.t1.i25.532337b5.smt2,35.1257,0,1653,成功
/pub/data/jiafq/iscas/Parser_Comparison/../benchmarks/part3/non-incremental/QF_BV/20221012-MCMPC/mean_buckets/mean_buckets.t1.i25.56d2698d.smt2,37.254,0,1727,成功
/pub/data/jiafq/iscas/Parser_Comparison/../benchmarks/part3/non-incremental/QF_BV/20221012-MCMPC/mean_buckets/mean_buckets.t1.i25.7259cb8b.smt2,32.7048,0,1509,成功
/pub/data/jiafq/iscas/Parser_Comparison/../benchmarks/part3/non-incremental/QF_BV/20221012-MCMPC/mean_buckets/mean_buckets.t1.i25.8da1fa5e.smt2,30.8374,0,1557,成功
/pub/data/jiafq/iscas/Parser_Comparison/../benchmarks/part3/non-incremental/QF_BV/20221012-MCMPC/mean_buckets/mean_buckets.t1.i25.99d9d278.smt2,37.1737,0,1681,成功
/pub/data/jiafq/iscas/Parser_Comparison/../benchmarks/part3/non-incremental/QF_BV/20221012-MCMPC/mean_buckets/mean_buckets.t1.i25.9c9ce58b.smt2,33.4361,0,1551,成功
/pub/data/jiafq/iscas/Parser_Comparison/../benchmarks/part3/non-incremental/QF_BV/20221012-MCMPC/mean_buckets/mean_buckets.t1.i25.9f2d40fc.smt2,31.5653,0,1580,成功
/pub/data/jiafq/iscas/Parser_Comparison/../benchmarks/part3/non-incremental/QF_BV/20221012-MCMPC/mean_buckets/mean_buckets.t1.i25.b1a05682.smt2,35.5611,0,1615,成功
/pub/data/jiafq/iscas/Parser_Comparison/../benchmarks/part3/non-incremental/QF_BV/20221012-MCMPC/mean_buckets/mean_buckets.t1.i25.c7a21e1c.smt2,30.6165,0,1480,成功
/pub/data/jiafq/iscas/Parser_Comparison/../benchmarks/part3/non-incremental/QF_BV/20221012-MCMPC/mean_buckets/mean_buckets.t1.i25.cdba5b9f.smt2,35.0154,0,1643,成功
/pub/data/jiafq/iscas/Parser_Comparison/../benchmarks/part3/non-incremental/QF_BV/20221012-MCMPC/mean_buckets/mean_buckets.t1.i25.fa078af7.smt2,34.1472,0,1586,成功
/pub/data/jiafq/iscas/Parser_Comparison/../benchmarks/part3/non-incremental/QF_BV/20221012-MCMPC/mean_buckets/mean_buckets.t1.i25.fdf8caba.smt2,32.6829,0,1642,成功
/pub/data/jiafq/iscas/Parser_Comparison/../benchmarks/part3/non-incremental/QF_BV/20221012-MCMPC/mean_buckets/mean_buckets.t1.i26.0e509072.smt2,40.3508,0,1563,成功
/pub/data/jiafq/iscas/Parser_Comparison/../benchmarks/part3/non-incremental/QF_BV/20221012-MCMPC/mean_buckets/mean_buckets.t1.i26.1071360d.smt2,36.5887,0,1501,成功
/pub/data/jiafq/iscas/Parser_Comparison/../benchmarks/part3/non-incremental/QF_BV/20221012-MCMPC/mean_buckets/mean_buckets.t1.i26.116e05de.smt2,39.7453,0,1588,成功
/pub/data/jiafq/iscas/Parser_Comparison/../benchmarks/part3/non-incremental/QF_BV/20221012-MCMPC/mean_buckets/mean_buckets.t1.i26.2772d544.smt2,37.8772,0,1533,成功
/pub/data/jiafq/iscas/Parser_Comparison/../benchmarks/part3/non-incremental/QF_BV/20221012-MCMPC/mean_buckets/mean_buckets.t1.i26.2d6ce980.smt2,36.3769,0,1501,成功
/pub/data/jiafq/iscas/Parser_Comparison/../benchmarks/part3/non-incremental/QF_BV/20221012-MCMPC/mean_buckets/mean_buckets.t1.i26.3eb50961.smt2,39.6364,0,1559,成功
/pub/data/jiafq/iscas/Parser_Comparison/../benchmarks/part3/non-incremental/QF_BV/20221012-MCMPC/mean_buckets/mean_buckets.t1.i26.4201269e.smt2,32.3893,0,1472,成功
/pub/data/jiafq/iscas/Parser_Comparison/../benchmarks/part3/non-incremental/QF_BV/20221012-MCMPC/mean_buckets/mean_buckets.t1.i26.5760fc69.smt2,36.5908,0,1617,成功
/pub/data/jiafq/iscas/Parser_Comparison/../benchmarks/part3/non-incremental/QF_BV/20221012-MCMPC/mean_buckets/mean_buckets.t1.i26.592d6d4c.smt2,37.1733,0,1620,成功
/pub/data/jiafq/iscas/Parser_Comparison/../benchmarks/part3/non-incremental/QF_BV/20221012-MCMPC/mean_buckets/mean_buckets.t1.i26.74f520bf.smt2,32.4192,0,1472,成功
/pub/data/jiafq/iscas/Parser_Comparison/../benchmarks/part3/non-incremental/QF_BV/20221012-MCMPC/mean_buckets/mean_buckets.t1.i26.79280404.smt2,35.6194,0,1534,成功
/pub/data/jiafq/iscas/Parser_Comparison/../benchmarks/part3/non-incremental/QF_BV/20221012-MCMPC/mean_buckets/mean_buckets.t1.i26.7decbfd2.smt2,35.0851,0,1443,成功
/pub/data/jiafq/iscas/Parser_Comparison/../benchmarks/part3/non-incremental/QF_BV/20221012-MCMPC/mean_buckets/mean_buckets.t1.i26.8b3444a5.smt2,37.0925,0,1476,成功
/pub/data/jiafq/iscas/Parser_Comparison/../benchmarks/part3/non-incremental/QF_BV/20221012-MCMPC/mean_buckets/mean_buckets.t1.i26.8c546d01.smt2,32.3672,0,1530,成功
/pub/data/jiafq/iscas/Parser_Comparison/../benchmarks/part3/non-incremental/QF_BV/20221012-MCMPC/mean_buckets/mean_buckets.t1.i26.8f01e1dc.smt2,34.8729,0,1562,成功
/pub/data/jiafq/iscas/Parser_Comparison/../benchmarks/part3/non-incremental/QF_BV/20221012-MCMPC/mean_buckets/mean_buckets.t1.i26.939d5071.smt2,38.4087,0,1678,成功
/pub/data/jiafq/iscas/Parser_Comparison/../benchmarks/part3/non-incremental/QF_BV/20221012-MCMPC/mean_buckets/mean_buckets.t1.i26.adb6b982.smt2,34.6038,0,1621,成功
/pub/data/jiafq/iscas/Parser_Comparison/../benchmarks/part3/non-incremental/QF_BV/20221012-MCMPC/mean_buckets/mean_buckets.t1.i26.adc1f209.smt2,35.6442,0,1649,成功
/pub/data/jiafq/iscas/Parser_Comparison/../benchmarks/part3/non-incremental/QF_BV/20221012-MCMPC/mean_buckets/mean_buckets.t1.i26.b4bce20f.smt2,33.4221,0,1530,成功
/pub/data/jiafq/iscas/Parser_Comparison/../benchmarks/part3/non-incremental/QF_BV/20221012-MCMPC/mean_buckets/mean_buckets.t1.i26.b881d8f5.smt2,32.3807,0,1505,成功
/pub/data/jiafq/iscas/Parser_Comparison/../benchmarks/part3/non-incremental/QF_BV/20221012-MCMPC/mean_buckets/mean_buckets.t1.i26.c61876ac.smt2,37.3026,0,1646,成功
/pub/data/jiafq/iscas/Parser_Comparison/../benchmarks/part3/non-incremental/QF_BV/20221012-MCMPC/mean_buckets/mean_buckets.t1.i26.c6380d76.smt2,35.1386,0,1592,成功
/pub/data/jiafq/iscas/Parser_Comparison/../benchmarks/part3/non-incremental/QF_BV/20221012-MCMPC/mean_buckets/mean_buckets.t1.i26.d78fb402.smt2,34.8669,0,1591,成功
/pub/data/jiafq/iscas/Parser_Comparison/../benchmarks/part3/non-incremental/QF_BV/20221012-MCMPC/mean_buckets/mean_buckets.t1.i26.d7afec39.smt2,31.2691,0,1447,成功
/pub/data/jiafq/iscas/Parser_Comparison/../benchmarks/part3/non-incremental/QF_BV/20221012-MCMPC/mean_buckets/mean_buckets.t1.i26.da60d51a.smt2,36.7311,0,1707,成功
/pub/data/jiafq/iscas/Parser_Comparison/../benchmarks/part3/non-incremental/QF_BV/20221012-MCMPC/mean_buckets/mean_buckets.t1.i27.30a402b7.smt2,35.5464,0,1592,成功
/pub/data/jiafq/iscas/Parser_Comparison/../benchmarks/part3/non-incremental/QF_BV/20221012-MCMPC/mean_buckets/mean_buckets.t1.i27.3a8b6753.smt2,34.4006,0,1489,成功
平均值,876.82,0.376667,1501.37,100%
