文件名,解析时间(ms),内存使用(KB),AST节点数量,结果
/pub/data/jiafq/iscas/Parser_Comparison/../benchmarks/part68/non-incremental/QF_NIA/20170427-VeryMax/ITS/From_T2__s1.t2__p19375_safety_0.smt2,170.089,0,2017,成功
/pub/data/jiafq/iscas/Parser_Comparison/../benchmarks/part68/non-incremental/QF_NIA/20170427-VeryMax/ITS/From_T2__s1.t2__p19377_safety_0.smt2,292.2,0,3509,成功
/pub/data/jiafq/iscas/Parser_Comparison/../benchmarks/part68/non-incremental/QF_NIA/20170427-VeryMax/ITS/From_T2__s1.t2__p19379_safety_0.smt2,309.12,0,1855,成功
/pub/data/jiafq/iscas/Parser_Comparison/../benchmarks/part68/non-incremental/QF_NIA/20170427-VeryMax/ITS/From_T2__s1.t2__p19388_safety_0.smt2,321.237,0,1853,成功
/pub/data/jiafq/iscas/Parser_Comparison/../benchmarks/part68/non-incremental/QF_NIA/20170427-VeryMax/ITS/From_T2__s1.t2__p19389_safety_0.smt2,319.865,0,1855,成功
/pub/data/jiafq/iscas/Parser_Comparison/../benchmarks/part68/non-incremental/QF_NIA/20170427-VeryMax/ITS/From_T2__s1.t2__p19391_safety_0.smt2,295.276,0,3508,成功
/pub/data/jiafq/iscas/Parser_Comparison/../benchmarks/part68/non-incremental/QF_NIA/20170427-VeryMax/ITS/From_T2__s1.t2__p19411_safety_0.smt2,172.613,0,1989,成功
/pub/data/jiafq/iscas/Parser_Comparison/../benchmarks/part68/non-incremental/QF_NIA/20170427-VeryMax/ITS/From_T2__s1.t2__p19414_safety_0.smt2,291.33,0,3461,成功
/pub/data/jiafq/iscas/Parser_Comparison/../benchmarks/part68/non-incremental/QF_NIA/20170427-VeryMax/ITS/From_T2__s1.t2__p19423_safety_0.smt2,166.327,0,1990,成功
/pub/data/jiafq/iscas/Parser_Comparison/../benchmarks/part68/non-incremental/QF_NIA/20170427-VeryMax/ITS/From_T2__s1.t2__p19424_safety_0.smt2,165.696,0,2018,成功
/pub/data/jiafq/iscas/Parser_Comparison/../benchmarks/part68/non-incremental/QF_NIA/20170427-VeryMax/ITS/From_T2__s1.t2__p19425_safety_0.smt2,290.263,0,3472,成功
/pub/data/jiafq/iscas/Parser_Comparison/../benchmarks/part68/non-incremental/QF_NIA/20170427-VeryMax/ITS/From_T2__s1.t2__p19427_safety_0.smt2,293.968,0,3510,成功
/pub/data/jiafq/iscas/Parser_Comparison/../benchmarks/part68/non-incremental/QF_NIA/20170427-VeryMax/ITS/From_T2__s1.t2__p19430_safety_0.smt2,165.259,0,1988,成功
/pub/data/jiafq/iscas/Parser_Comparison/../benchmarks/part68/non-incremental/QF_NIA/20170427-VeryMax/ITS/From_T2__s1.t2__p19431_safety_0.smt2,295.097,0,3460,成功
/pub/data/jiafq/iscas/Parser_Comparison/../benchmarks/part68/non-incremental/QF_NIA/20170427-VeryMax/ITS/From_T2__s1.t2__p19435_safety_0.smt2,310.774,0,1842,成功
/pub/data/jiafq/iscas/Parser_Comparison/../benchmarks/part68/non-incremental/QF_NIA/20170427-VeryMax/ITS/From_T2__s1.t2__p19436_safety_0.smt2,168.991,0,1990,成功
/pub/data/jiafq/iscas/Parser_Comparison/../benchmarks/part68/non-incremental/QF_NIA/20170427-VeryMax/ITS/From_T2__s1.t2__p19437_safety_0.smt2,297.702,0,3462,成功
/pub/data/jiafq/iscas/Parser_Comparison/../benchmarks/part68/non-incremental/QF_NIA/20170427-VeryMax/ITS/From_T2__s1.t2__p19463_safety_0.smt2,158.144,0,1973,成功
/pub/data/jiafq/iscas/Parser_Comparison/../benchmarks/part68/non-incremental/QF_NIA/20170427-VeryMax/ITS/From_T2__s1.t2__p19465_safety_0.smt2,289.269,0,3435,成功
/pub/data/jiafq/iscas/Parser_Comparison/../benchmarks/part68/non-incremental/QF_NIA/20170427-VeryMax/ITS/From_T2__s1.t2__p19467_safety_0.smt2,18.801,0,209,成功
/pub/data/jiafq/iscas/Parser_Comparison/../benchmarks/part68/non-incremental/QF_NIA/20170427-VeryMax/ITS/From_T2__s1.t2__p19471_safety_0.smt2,17.8337,0,260,成功
/pub/data/jiafq/iscas/Parser_Comparison/../benchmarks/part68/non-incremental/QF_NIA/20170427-VeryMax/ITS/From_T2__s1.t2__p19482_safety_0.smt2,295.535,0,3521,成功
/pub/data/jiafq/iscas/Parser_Comparison/../benchmarks/part68/non-incremental/QF_NIA/20170427-VeryMax/ITS/From_T2__s1.t2__p19484_safety_0.smt2,18.6056,0,211,成功
/pub/data/jiafq/iscas/Parser_Comparison/../benchmarks/part68/non-incremental/QF_NIA/20170427-VeryMax/ITS/From_T2__s1.t2__p19485_safety_0.smt2,17.9608,0,262,成功
/pub/data/jiafq/iscas/Parser_Comparison/../benchmarks/part68/non-incremental/QF_NIA/20170427-VeryMax/ITS/From_T2__s1.t2__p19508_safety_0.smt2,159.084,0,1973,成功
/pub/data/jiafq/iscas/Parser_Comparison/../benchmarks/part68/non-incremental/QF_NIA/20170427-VeryMax/ITS/From_T2__s1.t2__p19509_safety_0.smt2,21.2151,0,244,成功
/pub/data/jiafq/iscas/Parser_Comparison/../benchmarks/part68/non-incremental/QF_NIA/20170427-VeryMax/ITS/From_T2__s1.t2__p19512_safety_0.smt2,289.265,0,3435,成功
/pub/data/jiafq/iscas/Parser_Comparison/../benchmarks/part68/non-incremental/QF_NIA/20170427-VeryMax/ITS/From_T2__s1.t2__p19513_safety_0.smt2,16.9697,0,211,成功
/pub/data/jiafq/iscas/Parser_Comparison/../benchmarks/part68/non-incremental/QF_NIA/20170427-VeryMax/ITS/From_T2__s1.t2__p19518_safety_0.smt2,18.6266,0,262,成功
/pub/data/jiafq/iscas/Parser_Comparison/../benchmarks/part68/non-incremental/QF_NIA/20170427-VeryMax/ITS/From_T2__s1.t2__p19523_safety_0.smt2,287.741,0,3422,成功
/pub/data/jiafq/iscas/Parser_Comparison/../benchmarks/part68/non-incremental/QF_NIA/20170427-VeryMax/ITS/From_T2__s1.t2__p19546_safety_0.smt2,195.36,0,2047,成功
/pub/data/jiafq/iscas/Parser_Comparison/../benchmarks/part68/non-incremental/QF_NIA/20170427-VeryMax/ITS/From_T2__s1.t2__p19547_safety_0.smt2,326.843,0,3559,成功
/pub/data/jiafq/iscas/Parser_Comparison/../benchmarks/part68/non-incremental/QF_NIA/20170427-VeryMax/ITS/From_T2__s1.t2__p19554_safety_0.smt2,288.909,0,3437,成功
/pub/data/jiafq/iscas/Parser_Comparison/../benchmarks/part68/non-incremental/QF_NIA/20170427-VeryMax/ITS/From_T2__s1.t2__p19556_safety_0.smt2,160.003,0,1943,成功
/pub/data/jiafq/iscas/Parser_Comparison/../benchmarks/part68/non-incremental/QF_NIA/20170427-VeryMax/ITS/From_T2__s1.t2__p19560_safety_0.smt2,287.175,0,3388,成功
/pub/data/jiafq/iscas/Parser_Comparison/../benchmarks/part68/non-incremental/QF_NIA/20170427-VeryMax/ITS/From_T2__s1.t2__p19570_safety_0.smt2,163.332,0,1975,成功
/pub/data/jiafq/iscas/Parser_Comparison/../benchmarks/part68/non-incremental/QF_NIA/20170427-VeryMax/ITS/From_T2__s1.t2__p19571_safety_0.smt2,292.947,0,3437,成功
/pub/data/jiafq/iscas/Parser_Comparison/../benchmarks/part68/non-incremental/QF_NIA/20170427-VeryMax/ITS/From_T2__s1.t2__p19572_safety_0.smt2,163.152,0,1947,成功
/pub/data/jiafq/iscas/Parser_Comparison/../benchmarks/part68/non-incremental/QF_NIA/20170427-VeryMax/ITS/From_T2__s1.t2__p19575_safety_0.smt2,288.087,0,3390,成功
/pub/data/jiafq/iscas/Parser_Comparison/../benchmarks/part68/non-incremental/QF_NIA/20170427-VeryMax/ITS/From_T2__s1.t2__p19576_safety_0.smt2,170.641,0,2031,成功
/pub/data/jiafq/iscas/Parser_Comparison/../benchmarks/part68/non-incremental/QF_NIA/20170427-VeryMax/ITS/From_T2__s1.t2__p19577_safety_0.smt2,174.411,0,2046,成功
/pub/data/jiafq/iscas/Parser_Comparison/../benchmarks/part68/non-incremental/QF_NIA/20170427-VeryMax/ITS/From_T2__s1.t2__p19578_safety_0.smt2,295.916,0,3533,成功
/pub/data/jiafq/iscas/Parser_Comparison/../benchmarks/part68/non-incremental/QF_NIA/20170427-VeryMax/ITS/From_T2__s1.t2__p19579_safety_0.smt2,308.874,0,3558,成功
/pub/data/jiafq/iscas/Parser_Comparison/../benchmarks/part68/non-incremental/QF_NIA/20170427-VeryMax/ITS/From_T2__s1.t2__p19582_safety_0.smt2,177.98,0,2034,成功
/pub/data/jiafq/iscas/Parser_Comparison/../benchmarks/part68/non-incremental/QF_NIA/20170427-VeryMax/ITS/From_T2__s1.t2__p19583_safety_0.smt2,304.998,0,3536,成功
/pub/data/jiafq/iscas/Parser_Comparison/../benchmarks/part68/non-incremental/QF_NIA/20170427-VeryMax/ITS/From_T2__s1.t2__p19589_safety_0.smt2,16.7888,0,246,成功
/pub/data/jiafq/iscas/Parser_Comparison/../benchmarks/part68/non-incremental/QF_NIA/20170427-VeryMax/ITS/From_T2__s1.t2__p19616_safety_0.smt2,308.155,0,3509,成功
/pub/data/jiafq/iscas/Parser_Comparison/../benchmarks/part68/non-incremental/QF_NIA/20170427-VeryMax/ITS/From_T2__s1.t2__p19617_safety_0.smt2,176.231,0,2005,成功
/pub/data/jiafq/iscas/Parser_Comparison/../benchmarks/part68/non-incremental/QF_NIA/20170427-VeryMax/ITS/From_T2__s1.t2__p19618_safety_0.smt2,306.476,0,3497,成功
/pub/data/jiafq/iscas/Parser_Comparison/../benchmarks/part68/non-incremental/QF_NIA/20170427-VeryMax/ITS/From_T2__s1.t2__p19619_safety_0.smt2,181.713,0,2018,成功
/pub/data/jiafq/iscas/Parser_Comparison/../benchmarks/part68/non-incremental/QF_NIA/20170427-VeryMax/ITS/From_T2__s1.t2__p19620_safety_0.smt2,296.444,0,3510,成功
/pub/data/jiafq/iscas/Parser_Comparison/../benchmarks/part68/non-incremental/QF_NIA/20170427-VeryMax/ITS/From_T2__s1.t2__p19637_safety_0.smt2,16.1368,0,211,成功
/pub/data/jiafq/iscas/Parser_Comparison/../benchmarks/part68/non-incremental/QF_NIA/20170427-VeryMax/ITS/From_T2__s1.t2__p19638_safety_0.smt2,161.864,0,1977,成功
/pub/data/jiafq/iscas/Parser_Comparison/../benchmarks/part68/non-incremental/QF_NIA/20170427-VeryMax/ITS/From_T2__s1.t2__p19641_safety_0.smt2,26.5136,0,262,成功
/pub/data/jiafq/iscas/Parser_Comparison/../benchmarks/part68/non-incremental/QF_NIA/20170427-VeryMax/ITS/From_T2__s1.t2__p19642_safety_0.smt2,289.569,0,3449,成功
/pub/data/jiafq/iscas/Parser_Comparison/../benchmarks/part68/non-incremental/QF_NIA/20170427-VeryMax/ITS/From_T2__s1.t2__p19649_safety_0.smt2,22.8001,0,211,成功
/pub/data/jiafq/iscas/Parser_Comparison/../benchmarks/part68/non-incremental/QF_NIA/20170427-VeryMax/ITS/From_T2__s1.t2__p19650_safety_0.smt2,21.7096,0,262,成功
/pub/data/jiafq/iscas/Parser_Comparison/../benchmarks/part68/non-incremental/QF_NIA/20170427-VeryMax/ITS/From_T2__s1.t2__p19659_safety_0.smt2,303.321,0,3511,成功
/pub/data/jiafq/iscas/Parser_Comparison/../benchmarks/part68/non-incremental/QF_NIA/20170427-VeryMax/ITS/From_T2__s1.t2__p19666_safety_0.smt2,296.204,0,3462,成功
/pub/data/jiafq/iscas/Parser_Comparison/../benchmarks/part68/non-incremental/QF_NIA/20170427-VeryMax/ITS/From_T2__s1.t2__p19670_safety_0.smt2,20.1684,0,213,成功
/pub/data/jiafq/iscas/Parser_Comparison/../benchmarks/part68/non-incremental/QF_NIA/20170427-VeryMax/ITS/From_T2__s1.t2__p19672_safety_0.smt2,18.1367,0,264,成功
/pub/data/jiafq/iscas/Parser_Comparison/../benchmarks/part68/non-incremental/QF_NIA/20170427-VeryMax/ITS/From_T2__s1.t2__p19675_safety_0.smt2,16.6067,0,213,成功
/pub/data/jiafq/iscas/Parser_Comparison/../benchmarks/part68/non-incremental/QF_NIA/20170427-VeryMax/ITS/From_T2__s1.t2__p19676_safety_0.smt2,24.7527,0,264,成功
/pub/data/jiafq/iscas/Parser_Comparison/../benchmarks/part68/non-incremental/QF_NIA/20170427-VeryMax/ITS/From_T2__s1.t2__p19677_safety_0.smt2,180.363,0,2034,成功
/pub/data/jiafq/iscas/Parser_Comparison/../benchmarks/part68/non-incremental/QF_NIA/20170427-VeryMax/ITS/From_T2__s1.t2__p19678_safety_0.smt2,300.012,0,3536,成功
/pub/data/jiafq/iscas/Parser_Comparison/../benchmarks/part68/non-incremental/QF_NIA/20170427-VeryMax/ITS/From_T2__s1.t2__p19695_safety_0.smt2,17.432,0,209,成功
/pub/data/jiafq/iscas/Parser_Comparison/../benchmarks/part68/non-incremental/QF_NIA/20170427-VeryMax/ITS/From_T2__s1.t2__p19699_safety_0.smt2,18.0826,0,260,成功
/pub/data/jiafq/iscas/Parser_Comparison/../benchmarks/part68/non-incremental/QF_NIA/20170427-VeryMax/ITS/From_T2__s1.t2__p19700_safety_0.smt2,23.1719,0,244,成功
/pub/data/jiafq/iscas/Parser_Comparison/../benchmarks/part68/non-incremental/QF_NIA/20170427-VeryMax/ITS/From_T2__s1.t2__p19701_safety_0.smt2,17.908,0,211,成功
/pub/data/jiafq/iscas/Parser_Comparison/../benchmarks/part68/non-incremental/QF_NIA/20170427-VeryMax/ITS/From_T2__s1.t2__p19702_safety_0.smt2,19.4527,0,262,成功
/pub/data/jiafq/iscas/Parser_Comparison/../benchmarks/part68/non-incremental/QF_NIA/20170427-VeryMax/ITS/From_T2__s1.t2__p19710_safety_0.smt2,22.5042,0,244,成功
/pub/data/jiafq/iscas/Parser_Comparison/../benchmarks/part68/non-incremental/QF_NIA/20170427-VeryMax/ITS/From_T2__s1.t2__p19722_safety_0.smt2,14.5977,0,209,成功
/pub/data/jiafq/iscas/Parser_Comparison/../benchmarks/part68/non-incremental/QF_NIA/20170427-VeryMax/ITS/From_T2__s1.t2__p19724_safety_0.smt2,19.1836,0,260,成功
/pub/data/jiafq/iscas/Parser_Comparison/../benchmarks/part68/non-incremental/QF_NIA/20170427-VeryMax/ITS/From_T2__s1.t2__p19725_safety_0.smt2,18.9698,0,211,成功
/pub/data/jiafq/iscas/Parser_Comparison/../benchmarks/part68/non-incremental/QF_NIA/20170427-VeryMax/ITS/From_T2__s1.t2__p19726_safety_0.smt2,25.0565,0,262,成功
/pub/data/jiafq/iscas/Parser_Comparison/../benchmarks/part68/non-incremental/QF_NIA/20170427-VeryMax/ITS/From_T2__s1.t2__p19733_safety_0.smt2,21.4916,0,211,成功
/pub/data/jiafq/iscas/Parser_Comparison/../benchmarks/part68/non-incremental/QF_NIA/20170427-VeryMax/ITS/From_T2__s1.t2__p19734_safety_0.smt2,21.0303,0,262,成功
/pub/data/jiafq/iscas/Parser_Comparison/../benchmarks/part68/non-incremental/QF_NIA/20170427-VeryMax/ITS/From_T2__s1.t2__p19737_safety_0.smt2,46.6196,0,225,成功
/pub/data/jiafq/iscas/Parser_Comparison/../benchmarks/part68/non-incremental/QF_NIA/20170427-VeryMax/ITS/From_T2__s1.t2__p19770_safety_0.smt2,316.598,0,1855,成功
/pub/data/jiafq/iscas/Parser_Comparison/../benchmarks/part68/non-incremental/QF_NIA/20170427-VeryMax/ITS/From_T2__s1.t2__p19772_safety_0.smt2,318.313,0,1869,成功
/pub/data/jiafq/iscas/Parser_Comparison/../benchmarks/part68/non-incremental/QF_NIA/20170427-VeryMax/ITS/From_T2__s1.t2__p19792_safety_0.smt2,161.49,0,1962,成功
/pub/data/jiafq/iscas/Parser_Comparison/../benchmarks/part68/non-incremental/QF_NIA/20170427-VeryMax/ITS/From_T2__s1.t2__p19793_safety_0.smt2,294.653,0,3424,成功
/pub/data/jiafq/iscas/Parser_Comparison/../benchmarks/part68/non-incremental/QF_NIA/20170427-VeryMax/ITS/From_T2__s1.t2__p19801_safety_0.smt2,163.427,0,1990,成功
/pub/data/jiafq/iscas/Parser_Comparison/../benchmarks/part68/non-incremental/QF_NIA/20170427-VeryMax/ITS/From_T2__s1.t2__p19802_safety_0.smt2,293.735,0,3462,成功
/pub/data/jiafq/iscas/Parser_Comparison/../benchmarks/part68/non-incremental/QF_NIA/20170427-VeryMax/ITS/From_T2__s1.t2__p19803_safety_0.smt2,168.968,0,1989,成功
/pub/data/jiafq/iscas/Parser_Comparison/../benchmarks/part68/non-incremental/QF_NIA/20170427-VeryMax/ITS/From_T2__s1.t2__p19804_safety_0.smt2,292.326,0,3461,成功
/pub/data/jiafq/iscas/Parser_Comparison/../benchmarks/part68/non-incremental/QF_NIA/20170427-VeryMax/ITS/From_T2__s1.t2__p19806_safety_0.smt2,298.361,0,3461,成功
/pub/data/jiafq/iscas/Parser_Comparison/../benchmarks/part68/non-incremental/QF_NIA/20170427-VeryMax/ITS/From_T2__s1.t2__p19827_safety_0.smt2,31.6712,0,194,成功
/pub/data/jiafq/iscas/Parser_Comparison/../benchmarks/part68/non-incremental/QF_NIA/20170427-VeryMax/ITS/From_T2__s1.t2__p19828_safety_0.smt2,42.769,0,227,成功
/pub/data/jiafq/iscas/Parser_Comparison/../benchmarks/part68/non-incremental/QF_NIA/20170427-VeryMax/ITS/From_T2__s1.t2__p19829_safety_0.smt2,174.33,0,2006,成功
/pub/data/jiafq/iscas/Parser_Comparison/../benchmarks/part68/non-incremental/QF_NIA/20170427-VeryMax/ITS/From_T2__s1.t2__p19830_safety_0.smt2,292.713,0,3498,成功
/pub/data/jiafq/iscas/Parser_Comparison/../benchmarks/part68/non-incremental/QF_NIA/20170427-VeryMax/ITS/From_T2__s1.t2__p19831_safety_0.smt2,184.957,0,2048,成功
/pub/data/jiafq/iscas/Parser_Comparison/../benchmarks/part68/non-incremental/QF_NIA/20170427-VeryMax/ITS/From_T2__s1.t2__p19832_safety_0.smt2,169.501,0,2018,成功
/pub/data/jiafq/iscas/Parser_Comparison/../benchmarks/part68/non-incremental/QF_NIA/20170427-VeryMax/ITS/From_T2__s1.t2__p19834_safety_0.smt2,300.292,0,3510,成功
/pub/data/jiafq/iscas/Parser_Comparison/../benchmarks/part68/non-incremental/QF_NIA/20170427-VeryMax/ITS/From_T2__s1.t2__p19837_safety_0.smt2,308.01,0,3560,成功
/pub/data/jiafq/iscas/Parser_Comparison/../benchmarks/part68/non-incremental/QF_NIA/20170427-VeryMax/ITS/From_T2__s1.t2__p19846_safety_0.smt2,174.26,0,2048,成功
/pub/data/jiafq/iscas/Parser_Comparison/../benchmarks/part68/non-incremental/QF_NIA/20170427-VeryMax/ITS/From_T2__s1.t2__p19848_safety_0.smt2,303.073,0,3560,成功
/pub/data/jiafq/iscas/Parser_Comparison/../benchmarks/part68/non-incremental/QF_NIA/20170427-VeryMax/ITS/From_T2__s1.t2__p19879_safety_0.smt2,311.985,0,1860,成功
/pub/data/jiafq/iscas/Parser_Comparison/../benchmarks/part68/non-incremental/QF_NIA/20170427-VeryMax/ITS/From_T2__s1.t2__p19889_safety_0.smt2,17.0005,0,246,成功
/pub/data/jiafq/iscas/Parser_Comparison/../benchmarks/part68/non-incremental/QF_NIA/20170427-VeryMax/ITS/From_T2__s1.t2__p19894_safety_0.smt2,14.9941,0,213,成功
/pub/data/jiafq/iscas/Parser_Comparison/../benchmarks/part68/non-incremental/QF_NIA/20170427-VeryMax/ITS/From_T2__s1.t2__p19895_safety_0.smt2,18.1559,0,264,成功
/pub/data/jiafq/iscas/Parser_Comparison/../benchmarks/part68/non-incremental/QF_NIA/20170427-VeryMax/ITS/From_T2__s1.t2__p19908_safety_0.smt2,15.0306,0,213,成功
/pub/data/jiafq/iscas/Parser_Comparison/../benchmarks/part68/non-incremental/QF_NIA/20170427-VeryMax/ITS/From_T2__s1.t2__p19909_safety_0.smt2,23.3636,0,264,成功
/pub/data/jiafq/iscas/Parser_Comparison/../benchmarks/part68/non-incremental/QF_NIA/20170427-VeryMax/ITS/From_T2__s1.t2__p19917_safety_0.smt2,283.424,0,3403,成功
/pub/data/jiafq/iscas/Parser_Comparison/../benchmarks/part68/non-incremental/QF_NIA/20170427-VeryMax/ITS/From_T2__s1.t2__p19925_safety_0.smt2,35.842,0,193,成功
/pub/data/jiafq/iscas/Parser_Comparison/../benchmarks/part68/non-incremental/QF_NIA/20170427-VeryMax/ITS/From_T2__s1.t2__p19927_safety_0.smt2,159.71,0,1977,成功
/pub/data/jiafq/iscas/Parser_Comparison/../benchmarks/part68/non-incremental/QF_NIA/20170427-VeryMax/ITS/From_T2__s1.t2__p19930_safety_0.smt2,286.577,0,3439,成功
/pub/data/jiafq/iscas/Parser_Comparison/../benchmarks/part68/non-incremental/QF_NIA/20170427-VeryMax/ITS/From_T2__s1.t2__p19935_safety_0.smt2,165.078,0,1978,成功
/pub/data/jiafq/iscas/Parser_Comparison/../benchmarks/part68/non-incremental/QF_NIA/20170427-VeryMax/ITS/From_T2__s1.t2__p19938_safety_0.smt2,293.573,0,3440,成功
/pub/data/jiafq/iscas/Parser_Comparison/../benchmarks/part68/non-incremental/QF_NIA/20170427-VeryMax/ITS/From_T2__s1.t2__p19953_safety_0.smt2,161.148,0,1964,成功
/pub/data/jiafq/iscas/Parser_Comparison/../benchmarks/part68/non-incremental/QF_NIA/20170427-VeryMax/ITS/From_T2__s1.t2__p19958_safety_0.smt2,275.827,0,3416,成功
/pub/data/jiafq/iscas/Parser_Comparison/../benchmarks/part68/non-incremental/QF_NIA/20170427-VeryMax/ITS/From_T2__s1.t2__p19974_safety_0.smt2,326.304,0,1849,成功
/pub/data/jiafq/iscas/Parser_Comparison/../benchmarks/part68/non-incremental/QF_NIA/20170427-VeryMax/ITS/From_T2__s1.t2__p19975_safety_0.smt2,172.513,0,1995,成功
/pub/data/jiafq/iscas/Parser_Comparison/../benchmarks/part68/non-incremental/QF_NIA/20170427-VeryMax/ITS/From_T2__s1.t2__p19979_safety_0.smt2,281.289,0,3477,成功
/pub/data/jiafq/iscas/Parser_Comparison/../benchmarks/part68/non-incremental/QF_NIA/20170427-VeryMax/ITS/From_T2__s1.t2__p19984_safety_0.smt2,39.145,0,179,成功
/pub/data/jiafq/iscas/Parser_Comparison/../benchmarks/part68/non-incremental/QF_NIA/20170427-VeryMax/ITS/From_T2__s1.t2__p19985_safety_0.smt2,207.663,0,1175,成功
/pub/data/jiafq/iscas/Parser_Comparison/../benchmarks/part68/non-incremental/QF_NIA/20170427-VeryMax/ITS/From_T2__s1.t2__p19988_safety_0.smt2,49.04,0,212,成功
/pub/data/jiafq/iscas/Parser_Comparison/../benchmarks/part68/non-incremental/QF_NIA/20170427-VeryMax/ITS/From_T2__s1.t2__p20001_safety_0.smt2,316.441,0,1863,成功
/pub/data/jiafq/iscas/Parser_Comparison/../benchmarks/part68/non-incremental/QF_NIA/20170427-VeryMax/ITS/From_T2__s1.t2__p20013_safety_0.smt2,291.803,0,3514,成功
/pub/data/jiafq/iscas/Parser_Comparison/../benchmarks/part68/non-incremental/QF_NIA/20170427-VeryMax/ITS/From_T2__s1.t2__p20015_safety_0.smt2,295.15,0,3537,成功
/pub/data/jiafq/iscas/Parser_Comparison/../benchmarks/part68/non-incremental/QF_NIA/20170427-VeryMax/ITS/From_T2__s1.t2__p20018_safety_0.smt2,174.592,0,2036,成功
/pub/data/jiafq/iscas/Parser_Comparison/../benchmarks/part68/non-incremental/QF_NIA/20170427-VeryMax/ITS/From_T2__s1.t2__p20021_safety_0.smt2,304.215,0,3538,成功
/pub/data/jiafq/iscas/Parser_Comparison/../benchmarks/part68/non-incremental/QF_NIA/20170427-VeryMax/ITS/From_T2__s1.t2__p20049_safety_0.smt2,312.315,0,1847,成功
/pub/data/jiafq/iscas/Parser_Comparison/../benchmarks/part68/non-incremental/QF_NIA/20170427-VeryMax/ITS/From_T2__s1.t2__p20073_safety_0.smt2,17.8103,0,249,成功
/pub/data/jiafq/iscas/Parser_Comparison/../benchmarks/part68/non-incremental/QF_NIA/20170427-VeryMax/ITS/From_T2__s1.t2__p20077_safety_0.smt2,153.894,0,1953,成功
/pub/data/jiafq/iscas/Parser_Comparison/../benchmarks/part68/non-incremental/QF_NIA/20170427-VeryMax/ITS/From_T2__s1.t2__p20078_safety_0.smt2,276.503,0,3405,成功
/pub/data/jiafq/iscas/Parser_Comparison/../benchmarks/part68/non-incremental/QF_NIA/20170427-VeryMax/ITS/From_T2__s1.t2__p20079_safety_0.smt2,164.218,0,1981,成功
/pub/data/jiafq/iscas/Parser_Comparison/../benchmarks/part68/non-incremental/QF_NIA/20170427-VeryMax/ITS/From_T2__s1.t2__p20080_safety_0.smt2,289.713,0,3443,成功
/pub/data/jiafq/iscas/Parser_Comparison/../benchmarks/part68/non-incremental/QF_NIA/20170427-VeryMax/ITS/From_T2__s1.t2__p20087_safety_0.smt2,20.1168,0,216,成功
/pub/data/jiafq/iscas/Parser_Comparison/../benchmarks/part68/non-incremental/QF_NIA/20170427-VeryMax/ITS/From_T2__s1.t2__p20088_safety_0.smt2,25.4504,0,267,成功
/pub/data/jiafq/iscas/Parser_Comparison/../benchmarks/part68/non-incremental/QF_NIA/20170427-VeryMax/ITS/From_T2__s1.t2__p20089_safety_0.smt2,160.415,0,1983,成功
/pub/data/jiafq/iscas/Parser_Comparison/../benchmarks/part68/non-incremental/QF_NIA/20170427-VeryMax/ITS/From_T2__s1.t2__p20090_safety_0.smt2,297.957,0,3445,成功
/pub/data/jiafq/iscas/Parser_Comparison/../benchmarks/part68/non-incremental/QF_NIA/20170427-VeryMax/ITS/From_T2__s1.t2__p20103_safety_0.smt2,20.0433,0,216,成功
/pub/data/jiafq/iscas/Parser_Comparison/../benchmarks/part68/non-incremental/QF_NIA/20170427-VeryMax/ITS/From_T2__s1.t2__p20104_safety_0.smt2,23.8243,0,267,成功
/pub/data/jiafq/iscas/Parser_Comparison/../benchmarks/part68/non-incremental/QF_NIA/20170427-VeryMax/ITS/From_T2__s1.t2__p20117_safety_0.smt2,16.6258,0,214,成功
/pub/data/jiafq/iscas/Parser_Comparison/../benchmarks/part68/non-incremental/QF_NIA/20170427-VeryMax/ITS/From_T2__s1.t2__p20118_safety_0.smt2,24.618,0,265,成功
/pub/data/jiafq/iscas/Parser_Comparison/../benchmarks/part68/non-incremental/QF_NIA/20170427-VeryMax/ITS/From_T2__s1.t2__p20126_safety_0.smt2,292.373,0,3444,成功
/pub/data/jiafq/iscas/Parser_Comparison/../benchmarks/part68/non-incremental/QF_NIA/20170427-VeryMax/ITS/From_T2__s1.t2__p20130_safety_0.smt2,159.612,0,1965,成功
/pub/data/jiafq/iscas/Parser_Comparison/../benchmarks/part68/non-incremental/QF_NIA/20170427-VeryMax/ITS/From_T2__s1.t2__p20131_safety_0.smt2,286.387,0,3427,成功
/pub/data/jiafq/iscas/Parser_Comparison/../benchmarks/part68/non-incremental/QF_NIA/20170427-VeryMax/ITS/From_T2__s1.t2__p20147_safety_0.smt2,172.617,0,1998,成功
/pub/data/jiafq/iscas/Parser_Comparison/../benchmarks/part68/non-incremental/QF_NIA/20170427-VeryMax/ITS/From_T2__s1.t2__p20148_safety_0.smt2,285.613,0,3480,成功
/pub/data/jiafq/iscas/Parser_Comparison/../benchmarks/part68/non-incremental/QF_NIA/20170427-VeryMax/ITS/From_T2__s1.t2__p20150_safety_0.smt2,290.093,0,3396,成功
/pub/data/jiafq/iscas/Parser_Comparison/../benchmarks/part68/non-incremental/QF_NIA/20170427-VeryMax/ITS/From_T2__s1.t2__p20158_safety_0.smt2,284.301,0,3394,成功
/pub/data/jiafq/iscas/Parser_Comparison/../benchmarks/part68/non-incremental/QF_NIA/20170427-VeryMax/ITS/From_T2__s1.t2__p20165_safety_0.smt2,156.63,0,1982,成功
/pub/data/jiafq/iscas/Parser_Comparison/../benchmarks/part68/non-incremental/QF_NIA/20170427-VeryMax/ITS/From_T2__s1.t2__p20166_safety_0.smt2,295.021,0,3444,成功
/pub/data/jiafq/iscas/Parser_Comparison/../benchmarks/part68/non-incremental/QF_NIA/20170427-VeryMax/ITS/From_T2__s1.t2__p20167_safety_0.smt2,182.721,0,2039,成功
/pub/data/jiafq/iscas/Parser_Comparison/../benchmarks/part68/non-incremental/QF_NIA/20170427-VeryMax/ITS/From_T2__s1.t2__p20168_safety_0.smt2,308.384,0,3541,成功
/pub/data/jiafq/iscas/Parser_Comparison/../benchmarks/part68/non-incremental/QF_NIA/20170427-VeryMax/ITS/From_T2__s1.t2__p20176_safety_0.smt2,174.413,0,2041,成功
/pub/data/jiafq/iscas/Parser_Comparison/../benchmarks/part68/non-incremental/QF_NIA/20170427-VeryMax/ITS/From_T2__s1.t2__p20177_safety_0.smt2,294.195,0,3543,成功
/pub/data/jiafq/iscas/Parser_Comparison/../benchmarks/part68/non-incremental/QF_NIA/20170427-VeryMax/ITS/From_T2__s1.t2__p20179_safety_0.smt2,17.7768,0,254,成功
/pub/data/jiafq/iscas/Parser_Comparison/../benchmarks/part68/non-incremental/QF_NIA/20170427-VeryMax/ITS/From_T2__s1.t2__p20199_safety_0.smt2,300.461,0,3527,成功
/pub/data/jiafq/iscas/Parser_Comparison/../benchmarks/part68/non-incremental/QF_NIA/20170427-VeryMax/ITS/From_T2__s1.t2__p20206_safety_0.smt2,178.953,0,2040,成功
/pub/data/jiafq/iscas/Parser_Comparison/../benchmarks/part68/non-incremental/QF_NIA/20170427-VeryMax/ITS/From_T2__s1.t2__p20207_safety_0.smt2,292.51,0,3542,成功
/pub/data/jiafq/iscas/Parser_Comparison/../benchmarks/part68/non-incremental/QF_NIA/20170427-VeryMax/ITS/From_T2__s1.t2__p20214_safety_0.smt2,171.547,0,2009,成功
/pub/data/jiafq/iscas/Parser_Comparison/../benchmarks/part68/non-incremental/QF_NIA/20170427-VeryMax/ITS/From_T2__s1.t2__p20215_safety_0.smt2,173.653,0,2009,成功
/pub/data/jiafq/iscas/Parser_Comparison/../benchmarks/part68/non-incremental/QF_NIA/20170427-VeryMax/ITS/From_T2__s1.t2__p20216_safety_0.smt2,295.461,0,3491,成功
/pub/data/jiafq/iscas/Parser_Comparison/../benchmarks/part68/non-incremental/QF_NIA/20170427-VeryMax/ITS/From_T2__s1.t2__p20224_safety_0.smt2,18.0161,0,221,成功
/pub/data/jiafq/iscas/Parser_Comparison/../benchmarks/part68/non-incremental/QF_NIA/20170427-VeryMax/ITS/From_T2__s1.t2__p20225_safety_0.smt2,25.1432,0,272,成功
/pub/data/jiafq/iscas/Parser_Comparison/../benchmarks/part68/non-incremental/QF_NIA/20170427-VeryMax/ITS/From_T2__s1.t2__p20226_safety_0.smt2,176.172,0,2041,成功
/pub/data/jiafq/iscas/Parser_Comparison/../benchmarks/part68/non-incremental/QF_NIA/20170427-VeryMax/ITS/From_T2__s1.t2__p20227_safety_0.smt2,302.872,0,3543,成功
/pub/data/jiafq/iscas/Parser_Comparison/../benchmarks/part68/non-incremental/QF_NIA/20170427-VeryMax/ITS/From_T2__s1.t2__p20234_safety_0.smt2,20.4545,0,221,成功
/pub/data/jiafq/iscas/Parser_Comparison/../benchmarks/part68/non-incremental/QF_NIA/20170427-VeryMax/ITS/From_T2__s1.t2__p20235_safety_0.smt2,23.8145,0,272,成功
/pub/data/jiafq/iscas/Parser_Comparison/../benchmarks/part68/non-incremental/QF_NIA/20170427-VeryMax/ITS/From_T2__s1.t2__p20242_safety_0.smt2,22.772,0,219,成功
/pub/data/jiafq/iscas/Parser_Comparison/../benchmarks/part68/non-incremental/QF_NIA/20170427-VeryMax/ITS/From_T2__s1.t2__p20246_safety_0.smt2,26.2928,0,270,成功
/pub/data/jiafq/iscas/Parser_Comparison/../benchmarks/part68/non-incremental/QF_NIA/20170427-VeryMax/ITS/From_T2__s1.t2__p20251_safety_0.smt2,17.6864,0,251,成功
/pub/data/jiafq/iscas/Parser_Comparison/../benchmarks/part68/non-incremental/QF_NIA/20170427-VeryMax/ITS/From_T2__s1.t2__p20258_safety_0.smt2,21.1085,0,211,成功
/pub/data/jiafq/iscas/Parser_Comparison/../benchmarks/part68/non-incremental/QF_NIA/20170427-VeryMax/ITS/From_T2__s1.t2__p20259_safety_0.smt2,23.9578,0,262,成功
/pub/data/jiafq/iscas/Parser_Comparison/../benchmarks/part68/non-incremental/QF_NIA/20170427-VeryMax/ITS/From_T2__s1.t2__p20260_safety_0.smt2,20.8115,0,218,成功
/pub/data/jiafq/iscas/Parser_Comparison/../benchmarks/part68/non-incremental/QF_NIA/20170427-VeryMax/ITS/From_T2__s1.t2__p20261_safety_0.smt2,23.5375,0,269,成功
/pub/data/jiafq/iscas/Parser_Comparison/../benchmarks/part68/non-incremental/QF_NIA/20170427-VeryMax/ITS/From_T2__s1.t2__p20268_safety_0.smt2,23.2308,0,216,成功
/pub/data/jiafq/iscas/Parser_Comparison/../benchmarks/part68/non-incremental/QF_NIA/20170427-VeryMax/ITS/From_T2__s1.t2__p20269_safety_0.smt2,23.2158,0,267,成功
/pub/data/jiafq/iscas/Parser_Comparison/../benchmarks/part68/non-incremental/QF_NIA/20170427-VeryMax/ITS/From_T2__s1.t2__p20276_safety_0.smt2,17.0623,0,218,成功
/pub/data/jiafq/iscas/Parser_Comparison/../benchmarks/part68/non-incremental/QF_NIA/20170427-VeryMax/ITS/From_T2__s1.t2__p20277_safety_0.smt2,25.57,0,269,成功
/pub/data/jiafq/iscas/Parser_Comparison/../benchmarks/part68/non-incremental/QF_NIA/20170427-VeryMax/ITS/From_T2__s1.t2__p20279_safety_0.smt2,15.9192,0,163,成功
/pub/data/jiafq/iscas/Parser_Comparison/../benchmarks/part68/non-incremental/QF_NIA/20170427-VeryMax/ITS/From_T2__s1.t2__p20280_safety_0.smt2,21.1928,0,204,成功
/pub/data/jiafq/iscas/Parser_Comparison/../benchmarks/part68/non-incremental/QF_NIA/20170427-VeryMax/ITS/From_T2__s1.t2__p20282_safety_0.smt2,17.7961,0,180,成功
/pub/data/jiafq/iscas/Parser_Comparison/../benchmarks/part68/non-incremental/QF_NIA/20170427-VeryMax/ITS/From_T2__s1.t2__p20283_safety_0.smt2,16.5769,0,221,成功
/pub/data/jiafq/iscas/Parser_Comparison/../benchmarks/part68/non-incremental/QF_NIA/20170427-VeryMax/ITS/From_T2__s1.t2__p20285_safety_0.smt2,14.369,0,177,成功
/pub/data/jiafq/iscas/Parser_Comparison/../benchmarks/part68/non-incremental/QF_NIA/20170427-VeryMax/ITS/From_T2__s1.t2__p20286_safety_0.smt2,22.3388,0,218,成功
/pub/data/jiafq/iscas/Parser_Comparison/../benchmarks/part68/non-incremental/QF_NIA/20170427-VeryMax/ITS/From_T2__s1.t2__p20287_safety_0.smt2,15.1713,0,139,成功
/pub/data/jiafq/iscas/Parser_Comparison/../benchmarks/part68/non-incremental/QF_NIA/20170427-VeryMax/ITS/From_T2__s1.t2__p20288_safety_0.smt2,17.3875,0,180,成功
/pub/data/jiafq/iscas/Parser_Comparison/../benchmarks/part68/non-incremental/QF_NIA/20170427-VeryMax/ITS/From_T2__s1.t2__p20289_safety_0.smt2,19.2373,0,221,成功
/pub/data/jiafq/iscas/Parser_Comparison/../benchmarks/part68/non-incremental/QF_NIA/20170427-VeryMax/ITS/From_T2__s1.t2__p20291_safety_0.smt2,18.2022,0,172,成功
/pub/data/jiafq/iscas/Parser_Comparison/../benchmarks/part68/non-incremental/QF_NIA/20170427-VeryMax/ITS/From_T2__s1.t2__p20292_safety_0.smt2,14.5406,0,213,成功
/pub/data/jiafq/iscas/Parser_Comparison/../benchmarks/part68/non-incremental/QF_NIA/20170427-VeryMax/ITS/From_T2__s1.t2__p20569_safety_0.smt2,266.076,0,3235,成功
/pub/data/jiafq/iscas/Parser_Comparison/../benchmarks/part68/non-incremental/QF_NIA/20170427-VeryMax/ITS/From_T2__s1.t2__p20570_safety_0.smt2,154.185,0,1857,成功
/pub/data/jiafq/iscas/Parser_Comparison/../benchmarks/part68/non-incremental/QF_NIA/20170427-VeryMax/ITS/From_T2__s1.t2__p20572_safety_0.smt2,260.741,0,3246,成功
/pub/data/jiafq/iscas/Parser_Comparison/../benchmarks/part68/non-incremental/QF_NIA/20170427-VeryMax/ITS/From_T2__s1.t2__p20573_safety_0.smt2,145.996,0,1856,成功
/pub/data/jiafq/iscas/Parser_Comparison/../benchmarks/part68/non-incremental/QF_NIA/20170427-VeryMax/ITS/From_T2__s1.t2__p20575_safety_0.smt2,266.893,0,3235,成功
/pub/data/jiafq/iscas/Parser_Comparison/../benchmarks/part68/non-incremental/QF_NIA/20170427-VeryMax/ITS/From_T2__s1.t2__p20628_safety_0.smt2,152.894,0,1872,成功
/pub/data/jiafq/iscas/Parser_Comparison/../benchmarks/part68/non-incremental/QF_NIA/20170427-VeryMax/ITS/From_T2__s1.t2__p20629_safety_0.smt2,263.875,0,3261,成功
/pub/data/jiafq/iscas/Parser_Comparison/../benchmarks/part68/non-incremental/QF_NIA/20170427-VeryMax/ITS/From_T2__s1.t2__p20686_safety_0.smt2,277.837,0,3285,成功
/pub/data/jiafq/iscas/Parser_Comparison/../benchmarks/part68/non-incremental/QF_NIA/20170427-VeryMax/ITS/From_T2__s1.t2__p20695_safety_0.smt2,166.027,0,1916,成功
/pub/data/jiafq/iscas/Parser_Comparison/../benchmarks/part68/non-incremental/QF_NIA/20170427-VeryMax/ITS/From_T2__s1.t2__p20697_safety_0.smt2,281.381,0,3345,成功
/pub/data/jiafq/iscas/Parser_Comparison/../benchmarks/part68/non-incremental/QF_NIA/20170427-VeryMax/ITS/From_T2__s1.t2__p20748_safety_0.smt2,155.467,0,1917,成功
/pub/data/jiafq/iscas/Parser_Comparison/../benchmarks/part68/non-incremental/QF_NIA/20170427-VeryMax/ITS/From_T2__s1.t2__p20749_safety_0.smt2,267.678,0,3336,成功
/pub/data/jiafq/iscas/Parser_Comparison/../benchmarks/part68/non-incremental/QF_NIA/20170427-VeryMax/ITS/From_T2__s1.t2__p20773_safety_0.smt2,20.0115,0,183,成功
/pub/data/jiafq/iscas/Parser_Comparison/../benchmarks/part68/non-incremental/QF_NIA/20170427-VeryMax/ITS/From_T2__s1.t2__p20775_safety_0.smt2,21.941,0,228,成功
/pub/data/jiafq/iscas/Parser_Comparison/../benchmarks/part68/non-incremental/QF_NIA/20170427-VeryMax/ITS/From_T2__s1.t2__p20780_safety_0.smt2,18.1363,0,183,成功
/pub/data/jiafq/iscas/Parser_Comparison/../benchmarks/part68/non-incremental/QF_NIA/20170427-VeryMax/ITS/From_T2__s1.t2__p20781_safety_0.smt2,17.8379,0,228,成功
/pub/data/jiafq/iscas/Parser_Comparison/../benchmarks/part68/non-incremental/QF_NIA/20170427-VeryMax/ITS/From_T2__s1.t2__p20814_safety_0.smt2,13.7572,0,212,成功
/pub/data/jiafq/iscas/Parser_Comparison/../benchmarks/part68/non-incremental/QF_NIA/20170427-VeryMax/ITS/From_T2__s1.t2__p20815_safety_0.smt2,16.3032,0,212,成功
/pub/data/jiafq/iscas/Parser_Comparison/../benchmarks/part68/non-incremental/QF_NIA/20170427-VeryMax/ITS/From_T2__s1.t2__p20838_safety_0.smt2,16.3733,0,185,成功
/pub/data/jiafq/iscas/Parser_Comparison/../benchmarks/part68/non-incremental/QF_NIA/20170427-VeryMax/ITS/From_T2__s1.t2__p20839_safety_0.smt2,20.8406,0,230,成功
/pub/data/jiafq/iscas/Parser_Comparison/../benchmarks/part68/non-incremental/QF_NIA/20170427-VeryMax/ITS/From_T2__s1.t2__p20840_safety_0.smt2,12.5013,0,185,成功
/pub/data/jiafq/iscas/Parser_Comparison/../benchmarks/part68/non-incremental/QF_NIA/20170427-VeryMax/ITS/From_T2__s1.t2__p20841_safety_0.smt2,21.9506,0,230,成功
/pub/data/jiafq/iscas/Parser_Comparison/../benchmarks/part68/non-incremental/QF_NIA/20170427-VeryMax/ITS/From_T2__s1.t2__p20848_safety_0.smt2,17.7853,0,183,成功
/pub/data/jiafq/iscas/Parser_Comparison/../benchmarks/part68/non-incremental/QF_NIA/20170427-VeryMax/ITS/From_T2__s1.t2__p20849_safety_0.smt2,19.7407,0,228,成功
/pub/data/jiafq/iscas/Parser_Comparison/../benchmarks/part68/non-incremental/QF_NIA/20170427-VeryMax/ITS/From_T2__s1.t2__p20856_safety_0.smt2,14.3456,0,183,成功
/pub/data/jiafq/iscas/Parser_Comparison/../benchmarks/part68/non-incremental/QF_NIA/20170427-VeryMax/ITS/From_T2__s1.t2__p20857_safety_0.smt2,20.5437,0,228,成功
/pub/data/jiafq/iscas/Parser_Comparison/../benchmarks/part68/non-incremental/QF_NIA/20170427-VeryMax/ITS/From_T2__s1.t2__p20859_safety_0.smt2,39.7601,0,186,成功
/pub/data/jiafq/iscas/Parser_Comparison/../benchmarks/part68/non-incremental/QF_NIA/20170427-VeryMax/ITS/From_T2__s1.t2__p20860_safety_0.smt2,42.8249,0,219,成功
/pub/data/jiafq/iscas/Parser_Comparison/../benchmarks/part68/non-incremental/QF_NIA/20170427-VeryMax/ITS/From_T2__s1.t2__p20891_safety_0.smt2,41.8096,0,219,成功
/pub/data/jiafq/iscas/Parser_Comparison/../benchmarks/part68/non-incremental/QF_NIA/20170427-VeryMax/ITS/From_T2__s1.t2__p20895_safety_0.smt2,211.113,0,1159,成功
/pub/data/jiafq/iscas/Parser_Comparison/../benchmarks/part68/non-incremental/QF_NIA/20170427-VeryMax/ITS/From_T2__s1.t2__p20896_safety_0.smt2,307.286,0,1846,成功
/pub/data/jiafq/iscas/Parser_Comparison/../benchmarks/part68/non-incremental/QF_NIA/20170427-VeryMax/ITS/From_T2__s1.t2__p20899_safety_0.smt2,309.661,0,1832,成功
/pub/data/jiafq/iscas/Parser_Comparison/../benchmarks/part68/non-incremental/QF_NIA/20170427-VeryMax/ITS/From_T2__s1.t2__p20978_safety_0.smt2,307.1,0,1833,成功
/pub/data/jiafq/iscas/Parser_Comparison/../benchmarks/part68/non-incremental/QF_NIA/20170427-VeryMax/ITS/From_T2__s1.t2__p20996_safety_0.smt2,299.181,0,1821,成功
/pub/data/jiafq/iscas/Parser_Comparison/../benchmarks/part68/non-incremental/QF_NIA/20170427-VeryMax/ITS/From_T2__s1.t2__p20998_safety_0.smt2,304.445,0,1833,成功
/pub/data/jiafq/iscas/Parser_Comparison/../benchmarks/part68/non-incremental/QF_NIA/20170427-VeryMax/ITS/From_T2__s1.t2__p21013_safety_0.smt2,303.45,0,1823,成功
/pub/data/jiafq/iscas/Parser_Comparison/../benchmarks/part68/non-incremental/QF_NIA/20170427-VeryMax/ITS/From_T2__s1.t2__p21014_safety_0.smt2,300.336,0,1821,成功
/pub/data/jiafq/iscas/Parser_Comparison/../benchmarks/part68/non-incremental/QF_NIA/20170427-VeryMax/ITS/From_T2__s1.t2__p21024_safety_0.smt2,306.063,0,1821,成功
/pub/data/jiafq/iscas/Parser_Comparison/../benchmarks/part68/non-incremental/QF_NIA/20170427-VeryMax/ITS/From_T2__s1.t2__p21037_safety_0.smt2,298.465,0,1809,成功
/pub/data/jiafq/iscas/Parser_Comparison/../benchmarks/part68/non-incremental/QF_NIA/20170427-VeryMax/ITS/From_T2__s1.t2__p21042_safety_0.smt2,304.728,0,1835,成功
/pub/data/jiafq/iscas/Parser_Comparison/../benchmarks/part68/non-incremental/QF_NIA/20170427-VeryMax/ITS/From_T2__s1.t2__p21045_safety_0.smt2,159.472,0,1963,成功
/pub/data/jiafq/iscas/Parser_Comparison/../benchmarks/part68/non-incremental/QF_NIA/20170427-VeryMax/ITS/From_T2__s1.t2__p21085_safety_0.smt2,287.598,0,1766,成功
/pub/data/jiafq/iscas/Parser_Comparison/../benchmarks/part68/non-incremental/QF_NIA/20170427-VeryMax/ITS/From_T2__s1.t2__p21091_safety_0.smt2,294.169,0,1766,成功
/pub/data/jiafq/iscas/Parser_Comparison/../benchmarks/part68/non-incremental/QF_NIA/20170427-VeryMax/ITS/From_T2__s1.t2__p21116_safety_0.smt2,146.302,0,1901,成功
/pub/data/jiafq/iscas/Parser_Comparison/../benchmarks/part68/non-incremental/QF_NIA/20170427-VeryMax/ITS/From_T2__s1.t2__p21117_safety_0.smt2,149.549,0,1888,成功
/pub/data/jiafq/iscas/Parser_Comparison/../benchmarks/part68/non-incremental/QF_NIA/20170427-VeryMax/ITS/From_T2__s1.t2__p21118_safety_0.smt2,263.869,0,3310,成功
/pub/data/jiafq/iscas/Parser_Comparison/../benchmarks/part68/non-incremental/QF_NIA/20170427-VeryMax/ITS/From_T2__s1.t2__p21119_safety_0.smt2,266.148,0,3297,成功
/pub/data/jiafq/iscas/Parser_Comparison/../benchmarks/part68/non-incremental/QF_NIA/20170427-VeryMax/ITS/From_T2__s1.t2__p21120_safety_0.smt2,159.402,0,1900,成功
/pub/data/jiafq/iscas/Parser_Comparison/../benchmarks/part68/non-incremental/QF_NIA/20170427-VeryMax/ITS/From_T2__s1.t2__p21121_safety_0.smt2,266.788,0,3309,成功
/pub/data/jiafq/iscas/Parser_Comparison/../benchmarks/part68/non-incremental/QF_NIA/20170427-VeryMax/ITS/From_T2__s1.t2__p21122_safety_0.smt2,153.581,0,1901,成功
/pub/data/jiafq/iscas/Parser_Comparison/../benchmarks/part68/non-incremental/QF_NIA/20170427-VeryMax/ITS/From_T2__s1.t2__p21148_safety_0.smt2,169.715,0,1944,成功
/pub/data/jiafq/iscas/Parser_Comparison/../benchmarks/part68/non-incremental/QF_NIA/20170427-VeryMax/ITS/From_T2__s1.t2__p21149_safety_0.smt2,262.263,0,3383,成功
/pub/data/jiafq/iscas/Parser_Comparison/../benchmarks/part68/non-incremental/QF_NIA/20170427-VeryMax/ITS/From_T2__s1.t2__p21150_safety_0.smt2,158.542,0,1932,成功
/pub/data/jiafq/iscas/Parser_Comparison/../benchmarks/part68/non-incremental/QF_NIA/20170427-VeryMax/ITS/From_T2__s1.t2__p21151_safety_0.smt2,283.948,0,3371,成功
/pub/data/jiafq/iscas/Parser_Comparison/../benchmarks/part68/non-incremental/QF_NIA/20170427-VeryMax/ITS/From_T2__s1.t2__p21152_safety_0.smt2,161.19,0,1960,成功
/pub/data/jiafq/iscas/Parser_Comparison/../benchmarks/part68/non-incremental/QF_NIA/20170427-VeryMax/ITS/From_T2__s1.t2__p21153_safety_0.smt2,273.98,0,3409,成功
/pub/data/jiafq/iscas/Parser_Comparison/../benchmarks/part68/non-incremental/QF_NIA/20170427-VeryMax/ITS/From_T2__s1.t2__p21154_safety_0.smt2,164.022,0,1959,成功
/pub/data/jiafq/iscas/Parser_Comparison/../benchmarks/part68/non-incremental/QF_NIA/20170427-VeryMax/ITS/From_T2__s1.t2__p21155_safety_0.smt2,274.562,0,3408,成功
/pub/data/jiafq/iscas/Parser_Comparison/../benchmarks/part68/non-incremental/QF_NIA/20170427-VeryMax/ITS/From_T2__s1.t2__term_unfeasibility_1_0.smt2,211.298,0,2729,成功
/pub/data/jiafq/iscas/Parser_Comparison/../benchmarks/part68/non-incremental/QF_NIA/20170427-VeryMax/ITS/From_T2__s1.t2__term_unfeasibility_2_0.smt2,193.136,0,2543,成功
/pub/data/jiafq/iscas/Parser_Comparison/../benchmarks/part68/non-incremental/QF_NIA/20170427-VeryMax/ITS/From_T2__s1.t2__terminationS_3_0.smt2,74.2411,0,1155,成功
/pub/data/jiafq/iscas/Parser_Comparison/../benchmarks/part68/non-incremental/QF_NIA/20170427-VeryMax/ITS/From_T2__s3-work.t2_fixed__term_unfeasibility_2_0.smt2,693.371,0,7893,成功
/pub/data/jiafq/iscas/Parser_Comparison/../benchmarks/part68/non-incremental/QF_NIA/20170427-VeryMax/ITS/From_T2__sas2.t2__p21285_terminationG_0.smt2,90.8503,0,2228,成功
/pub/data/jiafq/iscas/Parser_Comparison/../benchmarks/part68/non-incremental/QF_NIA/20170427-VeryMax/ITS/From_T2__sas2.t2__p21287_terminationG_0.smt2,189.354,0,3458,成功
/pub/data/jiafq/iscas/Parser_Comparison/../benchmarks/part68/non-incremental/QF_NIA/20170427-VeryMax/ITS/From_T2__sas2.t2__p21288_terminationG_0.smt2,333.088,0,4907,成功
/pub/data/jiafq/iscas/Parser_Comparison/../benchmarks/part68/non-incremental/QF_NIA/20170427-VeryMax/ITS/From_T2__sas2.t2__p21291_terminationG_0.smt2,97.6192,0,2364,成功
/pub/data/jiafq/iscas/Parser_Comparison/../benchmarks/part68/non-incremental/QF_NIA/20170427-VeryMax/ITS/From_T2__sas2.t2__p21292_terminationG_0.smt2,204.618,0,3621,成功
/pub/data/jiafq/iscas/Parser_Comparison/../benchmarks/part68/non-incremental/QF_NIA/20170427-VeryMax/ITS/From_T2__sas2.t2__p21293_terminationG_0.smt2,347.569,0,5097,成功
/pub/data/jiafq/iscas/Parser_Comparison/../benchmarks/part68/non-incremental/QF_NIA/20170427-VeryMax/ITS/From_T2__sas2.t2__p21296_terminationG_0.smt2,113.037,0,2535,成功
/pub/data/jiafq/iscas/Parser_Comparison/../benchmarks/part68/non-incremental/QF_NIA/20170427-VeryMax/ITS/From_T2__sas2.t2__p21297_terminationG_0.smt2,231.989,0,3825,成功
/pub/data/jiafq/iscas/Parser_Comparison/../benchmarks/part68/non-incremental/QF_NIA/20170427-VeryMax/ITS/From_T2__sas2.t2__p21298_terminationG_0.smt2,373.237,0,5334,成功
/pub/data/jiafq/iscas/Parser_Comparison/../benchmarks/part68/non-incremental/QF_NIA/20170427-VeryMax/ITS/From_T2__sas2.t2__p21301_terminationG_0.smt2,111.733,0,2599,成功
/pub/data/jiafq/iscas/Parser_Comparison/../benchmarks/part68/non-incremental/QF_NIA/20170427-VeryMax/ITS/From_T2__sas2.t2__p21302_terminationG_0.smt2,229.793,0,3892,成功
/pub/data/jiafq/iscas/Parser_Comparison/../benchmarks/part68/non-incremental/QF_NIA/20170427-VeryMax/ITS/From_T2__sas2.t2__p21303_terminationG_0.smt2,373.147,0,5404,成功
/pub/data/jiafq/iscas/Parser_Comparison/../benchmarks/part68/non-incremental/QF_NIA/20170427-VeryMax/ITS/From_T2__sas2.t2__p21305_terminationG_0.smt2,67.0181,0,1682,成功
/pub/data/jiafq/iscas/Parser_Comparison/../benchmarks/part68/non-incremental/QF_NIA/20170427-VeryMax/ITS/From_T2__sas2.t2__p21307_terminationG_0.smt2,164.454,0,2627,成功
/pub/data/jiafq/iscas/Parser_Comparison/../benchmarks/part68/non-incremental/QF_NIA/20170427-VeryMax/ITS/From_T2__sas2.t2__p21308_terminationG_0.smt2,271.873,0,3733,成功
/pub/data/jiafq/iscas/Parser_Comparison/../benchmarks/part68/non-incremental/QF_NIA/20170427-VeryMax/ITS/From_T2__sas2.t2__p21311_terminationG_0.smt2,64.9989,224,1447,成功
/pub/data/jiafq/iscas/Parser_Comparison/../benchmarks/part68/non-incremental/QF_NIA/20170427-VeryMax/ITS/From_T2__sas2.t2__p21312_terminationG_0.smt2,147.426,0,2343,成功
/pub/data/jiafq/iscas/Parser_Comparison/../benchmarks/part68/non-incremental/QF_NIA/20170427-VeryMax/ITS/From_T2__sas2.t2__p21313_terminationG_0.smt2,263.546,0,3402,成功
/pub/data/jiafq/iscas/Parser_Comparison/../benchmarks/part68/non-incremental/QF_NIA/20170427-VeryMax/ITS/From_T2__sas2.t2__term_unfeasibility_0_0.smt2,110.401,0,1376,成功
/pub/data/jiafq/iscas/Parser_Comparison/../benchmarks/part68/non-incremental/QF_NIA/20170427-VeryMax/ITS/From_T2__sas2.t2__term_unfeasibility_1_0.smt2,83.1168,0,1056,成功
/pub/data/jiafq/iscas/Parser_Comparison/../benchmarks/part68/non-incremental/QF_NIA/20170427-VeryMax/ITS/From_T2__sas2.t2__term_unfeasibility_2_0.smt2,80.0352,0,1049,成功
/pub/data/jiafq/iscas/Parser_Comparison/../benchmarks/part68/non-incremental/QF_NIA/20170427-VeryMax/ITS/From_T2__sas2.t2__terminationQ_0_0.smt2,97.7533,0,2239,成功
/pub/data/jiafq/iscas/Parser_Comparison/../benchmarks/part68/non-incremental/QF_NIA/20170427-VeryMax/ITS/From_T2__sas2.t2__terminationQ_1_0.smt2,94.2502,0,2379,成功
/pub/data/jiafq/iscas/Parser_Comparison/../benchmarks/part68/non-incremental/QF_NIA/20170427-VeryMax/ITS/From_T2__sas2.t2__terminationQ_2_0.smt2,111.005,0,2550,成功
/pub/data/jiafq/iscas/Parser_Comparison/../benchmarks/part68/non-incremental/QF_NIA/20170427-VeryMax/ITS/From_T2__sas2.t2__terminationQ_3_0.smt2,104.985,0,2614,成功
/pub/data/jiafq/iscas/Parser_Comparison/../benchmarks/part68/non-incremental/QF_NIA/20170427-VeryMax/ITS/From_T2__sas2.t2__terminationS_1_0.smt2,96.9556,0,1382,成功
/pub/data/jiafq/iscas/Parser_Comparison/../benchmarks/part68/non-incremental/QF_NIA/20170427-VeryMax/ITS/From_T2__sas2.t2__terminationS_2_0.smt2,89.6527,0,1394,成功
/pub/data/jiafq/iscas/Parser_Comparison/../benchmarks/part68/non-incremental/QF_NIA/20170427-VeryMax/ITS/From_T2__sas2.t2__terminationS_3_0.smt2,91.3882,0,1367,成功
/pub/data/jiafq/iscas/Parser_Comparison/../benchmarks/part68/non-incremental/QF_NIA/20170427-VeryMax/ITS/From_T2__sas2.t2__terminationS_4_0.smt2,105.104,0,1373,成功
/pub/data/jiafq/iscas/Parser_Comparison/../benchmarks/part68/non-incremental/QF_NIA/20170427-VeryMax/ITS/From_T2__sas2.t2__terminationS_5_0.smt2,88.0905,0,1257,成功
/pub/data/jiafq/iscas/Parser_Comparison/../benchmarks/part68/non-incremental/QF_NIA/20170427-VeryMax/ITS/From_T2__sas2.t2__terminationS_6_0.smt2,84.3107,0,1278,成功
/pub/data/jiafq/iscas/Parser_Comparison/../benchmarks/part68/non-incremental/QF_NIA/20170427-VeryMax/ITS/From_T2__sas2.t2__terminationS_7_0.smt2,88.2703,0,1275,成功
/pub/data/jiafq/iscas/Parser_Comparison/../benchmarks/part68/non-incremental/QF_NIA/20170427-VeryMax/ITS/From_T2__select.t2__p21345_terminationG_0.smt2,278.578,0,4175,成功
/pub/data/jiafq/iscas/Parser_Comparison/../benchmarks/part68/non-incremental/QF_NIA/20170427-VeryMax/ITS/From_T2__select.t2__p21346_terminationG_0.smt2,588.281,0,6713,成功
/pub/data/jiafq/iscas/Parser_Comparison/../benchmarks/part68/non-incremental/QF_NIA/20170427-VeryMax/ITS/From_T2__select.t2__p21398_edge_closing_0.smt2,90.6515,0,2158,成功
/pub/data/jiafq/iscas/Parser_Comparison/../benchmarks/part68/non-incremental/QF_NIA/20170427-VeryMax/ITS/From_T2__select.t2__p21400_edge_closing_0.smt2,291.062,0,4331,成功
/pub/data/jiafq/iscas/Parser_Comparison/../benchmarks/part68/non-incremental/QF_NIA/20170427-VeryMax/ITS/From_T2__select.t2__term_unfeasibility_0_0.smt2,230.39,0,2887,成功
/pub/data/jiafq/iscas/Parser_Comparison/../benchmarks/part68/non-incremental/QF_NIA/20170427-VeryMax/ITS/From_T2__select.t2__term_unfeasibility_1_0.smt2,214.654,0,2745,成功
/pub/data/jiafq/iscas/Parser_Comparison/../benchmarks/part68/non-incremental/QF_NIA/20170427-VeryMax/ITS/From_T2__select.t2__term_unfeasibility_2_0.smt2,194.836,0,2521,成功
/pub/data/jiafq/iscas/Parser_Comparison/../benchmarks/part68/non-incremental/QF_NIA/20170427-VeryMax/ITS/From_T2__select.t2__term_unfeasibility_3_0.smt2,148.657,0,1899,成功
/pub/data/jiafq/iscas/Parser_Comparison/../benchmarks/part68/non-incremental/QF_NIA/20170427-VeryMax/ITS/From_T2__select.t2_fixed__p21324_terminationG_0.smt2,86.1325,0,2118,成功
/pub/data/jiafq/iscas/Parser_Comparison/../benchmarks/part68/non-incremental/QF_NIA/20170427-VeryMax/ITS/From_T2__select.t2_fixed__p21325_terminationG_0.smt2,285.419,0,4090,成功
/pub/data/jiafq/iscas/Parser_Comparison/../benchmarks/part68/non-incremental/QF_NIA/20170427-VeryMax/ITS/From_T2__select.t2_fixed__p21326_terminationG_0.smt2,627.842,0,6481,成功
/pub/data/jiafq/iscas/Parser_Comparison/../benchmarks/part68/non-incremental/QF_NIA/20170427-VeryMax/ITS/From_T2__select.t2_fixed__p21329_terminationG_0.smt2,92.4441,0,2164,成功
/pub/data/jiafq/iscas/Parser_Comparison/../benchmarks/part68/non-incremental/QF_NIA/20170427-VeryMax/ITS/From_T2__select.t2_fixed__p21330_terminationG_0.smt2,274.423,0,4157,成功
/pub/data/jiafq/iscas/Parser_Comparison/../benchmarks/part68/non-incremental/QF_NIA/20170427-VeryMax/ITS/From_T2__select.t2_fixed__p21331_terminationG_0.smt2,572.089,0,6569,成功
/pub/data/jiafq/iscas/Parser_Comparison/../benchmarks/part68/non-incremental/QF_NIA/20170427-VeryMax/ITS/From_T2__select.t2_fixed__p21335_edge_closing_0.smt2,112.464,0,2207,成功
/pub/data/jiafq/iscas/Parser_Comparison/../benchmarks/part68/non-incremental/QF_NIA/20170427-VeryMax/ITS/From_T2__select.t2_fixed__p21336_edge_closing_0.smt2,303.221,0,4220,成功
/pub/data/jiafq/iscas/Parser_Comparison/../benchmarks/part68/non-incremental/QF_NIA/20170427-VeryMax/ITS/From_T2__select.t2_fixed__term_unfeasibility_0_0.smt2,204.888,0,2632,成功
/pub/data/jiafq/iscas/Parser_Comparison/../benchmarks/part68/non-incremental/QF_NIA/20170427-VeryMax/ITS/From_T2__select.t2_fixed__term_unfeasibility_1_0.smt2,228.031,0,2723,成功
/pub/data/jiafq/iscas/Parser_Comparison/../benchmarks/part68/non-incremental/QF_NIA/20170427-VeryMax/ITS/From_T2__select.t2_fixed__term_unfeasibility_2_0.smt2,170.577,0,2120,成功
/pub/data/jiafq/iscas/Parser_Comparison/../benchmarks/part68/non-incremental/QF_NIA/20170427-VeryMax/ITS/From_T2__select.t2_fixed__term_unfeasibility_3_0.smt2,167.977,0,1974,成功
/pub/data/jiafq/iscas/Parser_Comparison/../benchmarks/part68/non-incremental/QF_NIA/20170427-VeryMax/ITS/From_T2__simple.t2__p21460_terminationG_0.smt2,10.2308,0,120,成功
/pub/data/jiafq/iscas/Parser_Comparison/../benchmarks/part68/non-incremental/QF_NIA/20170427-VeryMax/ITS/From_T2__simple.t2__p21461_terminationG_0.smt2,17.2397,0,202,成功
/pub/data/jiafq/iscas/Parser_Comparison/../benchmarks/part68/non-incremental/QF_NIA/20170427-VeryMax/ITS/From_T2__simple.t2__p21462_terminationG_0.smt2,22.2766,0,297,成功
/pub/data/jiafq/iscas/Parser_Comparison/../benchmarks/part68/non-incremental/QF_NIA/20170427-VeryMax/ITS/From_T2__simple.t2__p21465_terminationG_0.smt2,5.38871,0,134,成功
/pub/data/jiafq/iscas/Parser_Comparison/../benchmarks/part68/non-incremental/QF_NIA/20170427-VeryMax/ITS/From_T2__simple.t2__p21466_terminationG_0.smt2,11.831,0,215,成功
/pub/data/jiafq/iscas/Parser_Comparison/../benchmarks/part68/non-incremental/QF_NIA/20170427-VeryMax/ITS/From_T2__simple.t2__p21467_terminationG_0.smt2,24.0845,0,310,成功
/pub/data/jiafq/iscas/Parser_Comparison/../benchmarks/part68/non-incremental/QF_NIA/20170427-VeryMax/ITS/From_T2__slayer-3-filtered.t2__p21507_terminationG_0.smt2,163.654,0,3333,成功
/pub/data/jiafq/iscas/Parser_Comparison/../benchmarks/part68/non-incremental/QF_NIA/20170427-VeryMax/ITS/From_T2__slayer-3-filtered.t2__p21508_terminationG_0.smt2,263.02,0,4463,成功
/pub/data/jiafq/iscas/Parser_Comparison/../benchmarks/part68/non-incremental/QF_NIA/20170427-VeryMax/ITS/From_T2__slayer-3-filtered.t2__p21509_terminationG_0.smt2,362.624,0,5638,成功
/pub/data/jiafq/iscas/Parser_Comparison/../benchmarks/part68/non-incremental/QF_NIA/20170427-VeryMax/ITS/From_T2__slayer-3-filtered.t2__p21512_terminationG_0.smt2,154.8,0,2898,成功
/pub/data/jiafq/iscas/Parser_Comparison/../benchmarks/part68/non-incremental/QF_NIA/20170427-VeryMax/ITS/From_T2__slayer-3-filtered.t2__p21513_terminationG_0.smt2,213.594,0,3827,成功
/pub/data/jiafq/iscas/Parser_Comparison/../benchmarks/part68/non-incremental/QF_NIA/20170427-VeryMax/ITS/From_T2__slayer-3-filtered.t2__p21514_terminationG_0.smt2,310.793,0,4797,成功
/pub/data/jiafq/iscas/Parser_Comparison/../benchmarks/part68/non-incremental/QF_NIA/20170427-VeryMax/ITS/From_T2__slayer-3-filtered.t2__p21517_terminationG_0.smt2,153.081,0,2903,成功
/pub/data/jiafq/iscas/Parser_Comparison/../benchmarks/part68/non-incremental/QF_NIA/20170427-VeryMax/ITS/From_T2__slayer-3-filtered.t2__p21518_terminationG_0.smt2,225.088,0,3832,成功
/pub/data/jiafq/iscas/Parser_Comparison/../benchmarks/part68/non-incremental/QF_NIA/20170427-VeryMax/ITS/From_T2__slayer-3-filtered.t2__p21519_terminationG_0.smt2,318.094,0,4802,成功
/pub/data/jiafq/iscas/Parser_Comparison/../benchmarks/part68/non-incremental/QF_NIA/20170427-VeryMax/ITS/From_T2__slayer-3-filtered.t2__p21522_terminationG_0.smt2,145.661,0,2915,成功
/pub/data/jiafq/iscas/Parser_Comparison/../benchmarks/part68/non-incremental/QF_NIA/20170427-VeryMax/ITS/From_T2__slayer-3-filtered.t2__p21523_terminationG_0.smt2,233.831,0,3844,成功
/pub/data/jiafq/iscas/Parser_Comparison/../benchmarks/part68/non-incremental/QF_NIA/20170427-VeryMax/ITS/From_T2__slayer-3-filtered.t2__p21524_terminationG_0.smt2,307.933,0,4814,成功
/pub/data/jiafq/iscas/Parser_Comparison/../benchmarks/part68/non-incremental/QF_NIA/20170427-VeryMax/ITS/From_T2__slayer-3-filtered.t2__p21526_terminationG_0.smt2,155.311,0,2933,成功
/pub/data/jiafq/iscas/Parser_Comparison/../benchmarks/part68/non-incremental/QF_NIA/20170427-VeryMax/ITS/From_T2__slayer-3-filtered.t2__p21528_terminationG_0.smt2,235.902,0,3862,成功
/pub/data/jiafq/iscas/Parser_Comparison/../benchmarks/part68/non-incremental/QF_NIA/20170427-VeryMax/ITS/From_T2__slayer-3-filtered.t2__p21529_terminationG_0.smt2,323.873,0,4832,成功
/pub/data/jiafq/iscas/Parser_Comparison/../benchmarks/part68/non-incremental/QF_NIA/20170427-VeryMax/ITS/From_T2__slayer-3-filtered.t2__p21532_terminationG_0.smt2,161.123,0,2946,成功
/pub/data/jiafq/iscas/Parser_Comparison/../benchmarks/part68/non-incremental/QF_NIA/20170427-VeryMax/ITS/From_T2__slayer-3-filtered.t2__p21533_terminationG_0.smt2,235.01,0,3875,成功
/pub/data/jiafq/iscas/Parser_Comparison/../benchmarks/part68/non-incremental/QF_NIA/20170427-VeryMax/ITS/From_T2__slayer-3-filtered.t2__p21534_terminationG_0.smt2,323.744,0,4845,成功
/pub/data/jiafq/iscas/Parser_Comparison/../benchmarks/part68/non-incremental/QF_NIA/20170427-VeryMax/ITS/From_T2__slayer-3-filtered.t2__p21537_terminationG_0.smt2,161.783,0,2962,成功
/pub/data/jiafq/iscas/Parser_Comparison/../benchmarks/part68/non-incremental/QF_NIA/20170427-VeryMax/ITS/From_T2__slayer-3-filtered.t2__p21538_terminationG_0.smt2,238.292,0,3891,成功
/pub/data/jiafq/iscas/Parser_Comparison/../benchmarks/part68/non-incremental/QF_NIA/20170427-VeryMax/ITS/From_T2__slayer-3-filtered.t2__p21539_terminationG_0.smt2,330.953,0,4861,成功
/pub/data/jiafq/iscas/Parser_Comparison/../benchmarks/part68/non-incremental/QF_NIA/20170427-VeryMax/ITS/From_T2__slayer-3-filtered.t2__p21542_terminationG_0.smt2,163.301,0,2976,成功
/pub/data/jiafq/iscas/Parser_Comparison/../benchmarks/part68/non-incremental/QF_NIA/20170427-VeryMax/ITS/From_T2__slayer-3-filtered.t2__p21543_terminationG_0.smt2,239.119,0,3904,成功
/pub/data/jiafq/iscas/Parser_Comparison/../benchmarks/part68/non-incremental/QF_NIA/20170427-VeryMax/ITS/From_T2__slayer-3-filtered.t2__p21544_terminationG_0.smt2,337.665,0,4874,成功
/pub/data/jiafq/iscas/Parser_Comparison/../benchmarks/part68/non-incremental/QF_NIA/20170427-VeryMax/ITS/From_T2__slayer-3-filtered.t2__p21547_terminationG_0.smt2,163.82,0,2992,成功
/pub/data/jiafq/iscas/Parser_Comparison/../benchmarks/part68/non-incremental/QF_NIA/20170427-VeryMax/ITS/From_T2__slayer-3-filtered.t2__p21548_terminationG_0.smt2,238.533,0,3920,成功
/pub/data/jiafq/iscas/Parser_Comparison/../benchmarks/part68/non-incremental/QF_NIA/20170427-VeryMax/ITS/From_T2__slayer-3-filtered.t2__p21549_terminationG_0.smt2,334.969,0,4890,成功
/pub/data/jiafq/iscas/Parser_Comparison/../benchmarks/part68/non-incremental/QF_NIA/20170427-VeryMax/ITS/From_T2__slayer-3-filtered.t2__p21552_terminationG_0.smt2,160.951,0,3005,成功
/pub/data/jiafq/iscas/Parser_Comparison/../benchmarks/part68/non-incremental/QF_NIA/20170427-VeryMax/ITS/From_T2__slayer-3-filtered.t2__p21553_terminationG_0.smt2,239.202,0,3932,成功
/pub/data/jiafq/iscas/Parser_Comparison/../benchmarks/part68/non-incremental/QF_NIA/20170427-VeryMax/ITS/From_T2__slayer-3-filtered.t2__p21554_terminationG_0.smt2,333.07,0,4902,成功
/pub/data/jiafq/iscas/Parser_Comparison/../benchmarks/part68/non-incremental/QF_NIA/20170427-VeryMax/ITS/From_T2__slayer-3-filtered.t2__p21557_terminationG_0.smt2,172.613,0,3105,成功
/pub/data/jiafq/iscas/Parser_Comparison/../benchmarks/part68/non-incremental/QF_NIA/20170427-VeryMax/ITS/From_T2__slayer-3-filtered.t2__p21558_terminationG_0.smt2,250.815,0,4028,成功
/pub/data/jiafq/iscas/Parser_Comparison/../benchmarks/part68/non-incremental/QF_NIA/20170427-VeryMax/ITS/From_T2__slayer-3-filtered.t2__p21559_terminationG_0.smt2,337.338,0,5006,成功
/pub/data/jiafq/iscas/Parser_Comparison/../benchmarks/part68/non-incremental/QF_NIA/20170427-VeryMax/ITS/From_T2__slayer-3-filtered.t2__p21562_terminationG_0.smt2,166.176,0,3117,成功
/pub/data/jiafq/iscas/Parser_Comparison/../benchmarks/part68/non-incremental/QF_NIA/20170427-VeryMax/ITS/From_T2__slayer-3-filtered.t2__p21563_terminationG_0.smt2,237.505,0,4040,成功
/pub/data/jiafq/iscas/Parser_Comparison/../benchmarks/part68/non-incremental/QF_NIA/20170427-VeryMax/ITS/From_T2__slayer-3-filtered.t2__p21564_terminationG_0.smt2,332.317,0,5018,成功
/pub/data/jiafq/iscas/Parser_Comparison/../benchmarks/part68/non-incremental/QF_NIA/20170427-VeryMax/ITS/From_T2__slayer-3-filtered.t2__p21567_terminationG_0.smt2,173.42,0,3133,成功
/pub/data/jiafq/iscas/Parser_Comparison/../benchmarks/part68/non-incremental/QF_NIA/20170427-VeryMax/ITS/From_T2__slayer-3-filtered.t2__p21568_terminationG_0.smt2,255.171,0,4056,成功
/pub/data/jiafq/iscas/Parser_Comparison/../benchmarks/part68/non-incremental/QF_NIA/20170427-VeryMax/ITS/From_T2__slayer-3-filtered.t2__p21569_terminationG_0.smt2,333.297,0,5034,成功
/pub/data/jiafq/iscas/Parser_Comparison/../benchmarks/part68/non-incremental/QF_NIA/20170427-VeryMax/ITS/From_T2__slayer-3-filtered.t2__p21572_terminationG_0.smt2,175.503,0,3149,成功
/pub/data/jiafq/iscas/Parser_Comparison/../benchmarks/part68/non-incremental/QF_NIA/20170427-VeryMax/ITS/From_T2__slayer-3-filtered.t2__p21573_terminationG_0.smt2,253.011,0,4072,成功
/pub/data/jiafq/iscas/Parser_Comparison/../benchmarks/part68/non-incremental/QF_NIA/20170427-VeryMax/ITS/From_T2__slayer-3-filtered.t2__p21574_terminationG_0.smt2,344.829,0,5050,成功
/pub/data/jiafq/iscas/Parser_Comparison/../benchmarks/part68/non-incremental/QF_NIA/20170427-VeryMax/ITS/From_T2__slayer-3-filtered.t2__p21577_terminationG_0.smt2,179.186,0,3165,成功
/pub/data/jiafq/iscas/Parser_Comparison/../benchmarks/part68/non-incremental/QF_NIA/20170427-VeryMax/ITS/From_T2__slayer-3-filtered.t2__p21578_terminationG_0.smt2,286.468,0,4088,成功
/pub/data/jiafq/iscas/Parser_Comparison/../benchmarks/part68/non-incremental/QF_NIA/20170427-VeryMax/ITS/From_T2__slayer-3-filtered.t2__p21579_terminationG_0.smt2,339.979,0,5066,成功
/pub/data/jiafq/iscas/Parser_Comparison/../benchmarks/part68/non-incremental/QF_NIA/20170427-VeryMax/ITS/From_T2__slayer-3-filtered.t2__p21582_terminationG_0.smt2,176.079,0,3181,成功
/pub/data/jiafq/iscas/Parser_Comparison/../benchmarks/part68/non-incremental/QF_NIA/20170427-VeryMax/ITS/From_T2__slayer-3-filtered.t2__p21583_terminationG_0.smt2,257.158,0,4104,成功
/pub/data/jiafq/iscas/Parser_Comparison/../benchmarks/part68/non-incremental/QF_NIA/20170427-VeryMax/ITS/From_T2__slayer-3-filtered.t2__p21584_terminationG_0.smt2,360.065,0,5082,成功
/pub/data/jiafq/iscas/Parser_Comparison/../benchmarks/part68/non-incremental/QF_NIA/20170427-VeryMax/ITS/From_T2__slayer-3-filtered.t2__p21587_terminationG_0.smt2,180.546,0,3193,成功
/pub/data/jiafq/iscas/Parser_Comparison/../benchmarks/part68/non-incremental/QF_NIA/20170427-VeryMax/ITS/From_T2__slayer-3-filtered.t2__p21588_terminationG_0.smt2,257.893,0,4116,成功
/pub/data/jiafq/iscas/Parser_Comparison/../benchmarks/part68/non-incremental/QF_NIA/20170427-VeryMax/ITS/From_T2__slayer-3-filtered.t2__p21589_terminationG_0.smt2,356.01,0,5094,成功
/pub/data/jiafq/iscas/Parser_Comparison/../benchmarks/part68/non-incremental/QF_NIA/20170427-VeryMax/ITS/From_T2__slayer-3-filtered.t2__p21592_terminationG_0.smt2,179.332,0,3209,成功
/pub/data/jiafq/iscas/Parser_Comparison/../benchmarks/part68/non-incremental/QF_NIA/20170427-VeryMax/ITS/From_T2__slayer-3-filtered.t2__p21593_terminationG_0.smt2,265.001,0,4132,成功
/pub/data/jiafq/iscas/Parser_Comparison/../benchmarks/part68/non-incremental/QF_NIA/20170427-VeryMax/ITS/From_T2__slayer-3-filtered.t2__p21594_terminationG_0.smt2,384.25,0,5110,成功
/pub/data/jiafq/iscas/Parser_Comparison/../benchmarks/part68/non-incremental/QF_NIA/20170427-VeryMax/ITS/From_T2__slayer-3-filtered.t2__p21597_terminationG_0.smt2,188.856,0,3225,成功
/pub/data/jiafq/iscas/Parser_Comparison/../benchmarks/part68/non-incremental/QF_NIA/20170427-VeryMax/ITS/From_T2__slayer-3-filtered.t2__p21598_terminationG_0.smt2,263.984,0,4148,成功
/pub/data/jiafq/iscas/Parser_Comparison/../benchmarks/part68/non-incremental/QF_NIA/20170427-VeryMax/ITS/From_T2__slayer-3-filtered.t2__p21599_terminationG_0.smt2,347.402,0,5126,成功
/pub/data/jiafq/iscas/Parser_Comparison/../benchmarks/part68/non-incremental/QF_NIA/20170427-VeryMax/ITS/From_T2__slayer-3-filtered.t2__p21602_terminationG_0.smt2,189.364,0,3241,成功
/pub/data/jiafq/iscas/Parser_Comparison/../benchmarks/part68/non-incremental/QF_NIA/20170427-VeryMax/ITS/From_T2__slayer-3-filtered.t2__p21603_terminationG_0.smt2,264.805,0,4164,成功
/pub/data/jiafq/iscas/Parser_Comparison/../benchmarks/part68/non-incremental/QF_NIA/20170427-VeryMax/ITS/From_T2__slayer-3-filtered.t2__p21604_terminationG_0.smt2,356.209,0,5142,成功
/pub/data/jiafq/iscas/Parser_Comparison/../benchmarks/part68/non-incremental/QF_NIA/20170427-VeryMax/ITS/From_T2__slayer-3-filtered.t2__p21607_terminationG_0.smt2,189.409,0,3259,成功
/pub/data/jiafq/iscas/Parser_Comparison/../benchmarks/part68/non-incremental/QF_NIA/20170427-VeryMax/ITS/From_T2__slayer-3-filtered.t2__p21608_terminationG_0.smt2,270.901,0,4182,成功
/pub/data/jiafq/iscas/Parser_Comparison/../benchmarks/part68/non-incremental/QF_NIA/20170427-VeryMax/ITS/From_T2__slayer-3-filtered.t2__p21609_terminationG_0.smt2,365.362,0,5160,成功
/pub/data/jiafq/iscas/Parser_Comparison/../benchmarks/part68/non-incremental/QF_NIA/20170427-VeryMax/ITS/From_T2__slayer-3-filtered.t2__p21612_terminationG_0.smt2,197.28,0,3271,成功
/pub/data/jiafq/iscas/Parser_Comparison/../benchmarks/part68/non-incremental/QF_NIA/20170427-VeryMax/ITS/From_T2__slayer-3-filtered.t2__p21613_terminationG_0.smt2,272.839,0,4194,成功
/pub/data/jiafq/iscas/Parser_Comparison/../benchmarks/part68/non-incremental/QF_NIA/20170427-VeryMax/ITS/From_T2__slayer-3-filtered.t2__p21614_terminationG_0.smt2,352.286,0,5172,成功
/pub/data/jiafq/iscas/Parser_Comparison/../benchmarks/part68/non-incremental/QF_NIA/20170427-VeryMax/ITS/From_T2__slayer-3-filtered.t2__p21617_terminationG_0.smt2,189.867,0,3287,成功
/pub/data/jiafq/iscas/Parser_Comparison/../benchmarks/part68/non-incremental/QF_NIA/20170427-VeryMax/ITS/From_T2__slayer-3-filtered.t2__p21618_terminationG_0.smt2,268.331,0,4210,成功
/pub/data/jiafq/iscas/Parser_Comparison/../benchmarks/part68/non-incremental/QF_NIA/20170427-VeryMax/ITS/From_T2__slayer-3-filtered.t2__p21619_terminationG_0.smt2,364.445,0,5188,成功
/pub/data/jiafq/iscas/Parser_Comparison/../benchmarks/part68/non-incremental/QF_NIA/20170427-VeryMax/ITS/From_T2__slayer-3-filtered.t2__p21622_terminationG_0.smt2,204.828,0,3303,成功
/pub/data/jiafq/iscas/Parser_Comparison/../benchmarks/part68/non-incremental/QF_NIA/20170427-VeryMax/ITS/From_T2__slayer-3-filtered.t2__p21623_terminationG_0.smt2,280.837,0,4226,成功
/pub/data/jiafq/iscas/Parser_Comparison/../benchmarks/part68/non-incremental/QF_NIA/20170427-VeryMax/ITS/From_T2__slayer-3-filtered.t2__p21624_terminationG_0.smt2,368.525,0,5204,成功
/pub/data/jiafq/iscas/Parser_Comparison/../benchmarks/part68/non-incremental/QF_NIA/20170427-VeryMax/ITS/From_T2__slayer-3-filtered.t2__p21627_terminationG_0.smt2,205.551,0,3415,成功
/pub/data/jiafq/iscas/Parser_Comparison/../benchmarks/part68/non-incremental/QF_NIA/20170427-VeryMax/ITS/From_T2__slayer-3-filtered.t2__p21628_terminationG_0.smt2,285.668,0,4350,成功
/pub/data/jiafq/iscas/Parser_Comparison/../benchmarks/part68/non-incremental/QF_NIA/20170427-VeryMax/ITS/From_T2__slayer-3-filtered.t2__p21629_terminationG_0.smt2,390.753,0,5340,成功
/pub/data/jiafq/iscas/Parser_Comparison/../benchmarks/part68/non-incremental/QF_NIA/20170427-VeryMax/ITS/From_T2__slayer-3-filtered.t2__p21632_terminationG_0.smt2,225.407,0,3427,成功
/pub/data/jiafq/iscas/Parser_Comparison/../benchmarks/part68/non-incremental/QF_NIA/20170427-VeryMax/ITS/From_T2__slayer-3-filtered.t2__p21633_terminationG_0.smt2,290.413,0,4362,成功
/pub/data/jiafq/iscas/Parser_Comparison/../benchmarks/part68/non-incremental/QF_NIA/20170427-VeryMax/ITS/From_T2__slayer-3-filtered.t2__p21634_terminationG_0.smt2,402.283,0,5352,成功
/pub/data/jiafq/iscas/Parser_Comparison/../benchmarks/part68/non-incremental/QF_NIA/20170427-VeryMax/ITS/From_T2__slayer-3-filtered.t2__p21637_terminationG_0.smt2,209.531,0,3443,成功
/pub/data/jiafq/iscas/Parser_Comparison/../benchmarks/part68/non-incremental/QF_NIA/20170427-VeryMax/ITS/From_T2__slayer-3-filtered.t2__p21638_terminationG_0.smt2,290.538,0,4378,成功
/pub/data/jiafq/iscas/Parser_Comparison/../benchmarks/part68/non-incremental/QF_NIA/20170427-VeryMax/ITS/From_T2__slayer-3-filtered.t2__p21639_terminationG_0.smt2,378.443,0,5368,成功
/pub/data/jiafq/iscas/Parser_Comparison/../benchmarks/part68/non-incremental/QF_NIA/20170427-VeryMax/ITS/From_T2__slayer-3-filtered.t2__p21642_terminationG_0.smt2,217.119,0,3459,成功
/pub/data/jiafq/iscas/Parser_Comparison/../benchmarks/part68/non-incremental/QF_NIA/20170427-VeryMax/ITS/From_T2__slayer-3-filtered.t2__p21643_terminationG_0.smt2,301.376,0,4394,成功
/pub/data/jiafq/iscas/Parser_Comparison/../benchmarks/part68/non-incremental/QF_NIA/20170427-VeryMax/ITS/From_T2__slayer-3-filtered.t2__p21644_terminationG_0.smt2,403.046,0,5384,成功
/pub/data/jiafq/iscas/Parser_Comparison/../benchmarks/part68/non-incremental/QF_NIA/20170427-VeryMax/ITS/From_T2__slayer-3-filtered.t2__p21647_terminationG_0.smt2,216.85,0,3475,成功
/pub/data/jiafq/iscas/Parser_Comparison/../benchmarks/part68/non-incremental/QF_NIA/20170427-VeryMax/ITS/From_T2__slayer-3-filtered.t2__p21648_terminationG_0.smt2,292.395,0,4410,成功
/pub/data/jiafq/iscas/Parser_Comparison/../benchmarks/part68/non-incremental/QF_NIA/20170427-VeryMax/ITS/From_T2__slayer-3-filtered.t2__p21649_terminationG_0.smt2,376.492,0,5400,成功
/pub/data/jiafq/iscas/Parser_Comparison/../benchmarks/part68/non-incremental/QF_NIA/20170427-VeryMax/ITS/From_T2__slayer-3-filtered.t2__p21652_terminationG_0.smt2,207.895,0,3487,成功
/pub/data/jiafq/iscas/Parser_Comparison/../benchmarks/part68/non-incremental/QF_NIA/20170427-VeryMax/ITS/From_T2__slayer-3-filtered.t2__p21653_terminationG_0.smt2,294.191,0,4422,成功
/pub/data/jiafq/iscas/Parser_Comparison/../benchmarks/part68/non-incremental/QF_NIA/20170427-VeryMax/ITS/From_T2__slayer-3-filtered.t2__p21654_terminationG_0.smt2,386.511,0,5412,成功
/pub/data/jiafq/iscas/Parser_Comparison/../benchmarks/part68/non-incremental/QF_NIA/20170427-VeryMax/ITS/From_T2__slayer-3-filtered.t2__p21657_terminationG_0.smt2,207.096,0,3503,成功
/pub/data/jiafq/iscas/Parser_Comparison/../benchmarks/part68/non-incremental/QF_NIA/20170427-VeryMax/ITS/From_T2__slayer-3-filtered.t2__p21658_terminationG_0.smt2,283.749,0,4438,成功
/pub/data/jiafq/iscas/Parser_Comparison/../benchmarks/part68/non-incremental/QF_NIA/20170427-VeryMax/ITS/From_T2__slayer-3-filtered.t2__p21659_terminationG_0.smt2,378.697,0,5428,成功
/pub/data/jiafq/iscas/Parser_Comparison/../benchmarks/part68/non-incremental/QF_NIA/20170427-VeryMax/ITS/From_T2__slayer-3-filtered.t2__p21662_terminationG_0.smt2,215.338,0,3519,成功
/pub/data/jiafq/iscas/Parser_Comparison/../benchmarks/part68/non-incremental/QF_NIA/20170427-VeryMax/ITS/From_T2__slayer-3-filtered.t2__p21663_terminationG_0.smt2,280.293,0,4454,成功
/pub/data/jiafq/iscas/Parser_Comparison/../benchmarks/part68/non-incremental/QF_NIA/20170427-VeryMax/ITS/From_T2__slayer-3-filtered.t2__p21664_terminationG_0.smt2,384.379,0,5444,成功
/pub/data/jiafq/iscas/Parser_Comparison/../benchmarks/part68/non-incremental/QF_NIA/20170427-VeryMax/ITS/From_T2__slayer-3-filtered.t2__p21668_terminationG_0.smt2,220.092,0,3535,成功
/pub/data/jiafq/iscas/Parser_Comparison/../benchmarks/part68/non-incremental/QF_NIA/20170427-VeryMax/ITS/From_T2__slayer-3-filtered.t2__p21669_terminationG_0.smt2,291.315,0,4470,成功
/pub/data/jiafq/iscas/Parser_Comparison/../benchmarks/part68/non-incremental/QF_NIA/20170427-VeryMax/ITS/From_T2__slayer-3-filtered.t2__p21670_terminationG_0.smt2,408.123,0,5460,成功
/pub/data/jiafq/iscas/Parser_Comparison/../benchmarks/part68/non-incremental/QF_NIA/20170427-VeryMax/ITS/From_T2__slayer-3-filtered.t2__p21673_terminationG_0.smt2,226.434,0,3547,成功
/pub/data/jiafq/iscas/Parser_Comparison/../benchmarks/part68/non-incremental/QF_NIA/20170427-VeryMax/ITS/From_T2__slayer-3-filtered.t2__p21674_terminationG_0.smt2,303.93,0,4482,成功
/pub/data/jiafq/iscas/Parser_Comparison/../benchmarks/part68/non-incremental/QF_NIA/20170427-VeryMax/ITS/From_T2__slayer-3-filtered.t2__p21675_terminationG_0.smt2,390.388,0,5472,成功
/pub/data/jiafq/iscas/Parser_Comparison/../benchmarks/part68/non-incremental/QF_NIA/20170427-VeryMax/ITS/From_T2__slayer-3-filtered.t2__p21679_safety_0.smt2,49.0895,0,817,成功
/pub/data/jiafq/iscas/Parser_Comparison/../benchmarks/part68/non-incremental/QF_NIA/20170427-VeryMax/ITS/From_T2__slayer-3-filtered.t2__p21680_safety_0.smt2,31.5652,0,547,成功
/pub/data/jiafq/iscas/Parser_Comparison/../benchmarks/part68/non-incremental/QF_NIA/20170427-VeryMax/ITS/From_T2__slayer-3-filtered.t2__p21681_safety_0.smt2,47.9498,0,813,成功
/pub/data/jiafq/iscas/Parser_Comparison/../benchmarks/part68/non-incremental/QF_NIA/20170427-VeryMax/ITS/From_T2__slayer-3-filtered.t2__p21688_safety_0.smt2,55.9142,0,875,成功
/pub/data/jiafq/iscas/Parser_Comparison/../benchmarks/part68/non-incremental/QF_NIA/20170427-VeryMax/ITS/From_T2__slayer-3-filtered.t2__p21689_safety_0.smt2,31.1788,0,583,成功
/pub/data/jiafq/iscas/Parser_Comparison/../benchmarks/part68/non-incremental/QF_NIA/20170427-VeryMax/ITS/From_T2__slayer-3-filtered.t2__p21690_safety_0.smt2,48.5329,0,871,成功
/pub/data/jiafq/iscas/Parser_Comparison/../benchmarks/part68/non-incremental/QF_NIA/20170427-VeryMax/ITS/From_T2__slayer-3-filtered.t2__p21693_safety_0.smt2,75.5767,0,1209,成功
/pub/data/jiafq/iscas/Parser_Comparison/../benchmarks/part68/non-incremental/QF_NIA/20170427-VeryMax/ITS/From_T2__slayer-3-filtered.t2__p21699_safety_0.smt2,52.8062,0,901,成功
/pub/data/jiafq/iscas/Parser_Comparison/../benchmarks/part68/non-incremental/QF_NIA/20170427-VeryMax/ITS/From_T2__slayer-3-filtered.t2__p21701_safety_0.smt2,63.4426,0,942,成功
/pub/data/jiafq/iscas/Parser_Comparison/../benchmarks/part68/non-incremental/QF_NIA/20170427-VeryMax/ITS/From_T2__slayer-3-filtered.t2__p21702_safety_0.smt2,80.7753,0,1233,成功
/pub/data/jiafq/iscas/Parser_Comparison/../benchmarks/part68/non-incremental/QF_NIA/20170427-VeryMax/ITS/From_T2__slayer-3-filtered.t2__p21705_safety_0.smt2,316.473,0,3301,成功
/pub/data/jiafq/iscas/Parser_Comparison/../benchmarks/part68/non-incremental/QF_NIA/20170427-VeryMax/ITS/From_T2__slayer-3-filtered.t2__p21712_safety_0.smt2,55.0374,0,869,成功
/pub/data/jiafq/iscas/Parser_Comparison/../benchmarks/part68/non-incremental/QF_NIA/20170427-VeryMax/ITS/From_T2__slayer-3-filtered.t2__p21714_safety_0.smt2,55.8586,0,886,成功
/pub/data/jiafq/iscas/Parser_Comparison/../benchmarks/part68/non-incremental/QF_NIA/20170427-VeryMax/ITS/From_T2__slayer-3-filtered.t2__p21719_safety_0.smt2,58.3146,0,652,成功
/pub/data/jiafq/iscas/Parser_Comparison/../benchmarks/part68/non-incremental/QF_NIA/20170427-VeryMax/ITS/From_T2__slayer-3-filtered.t2__p21721_safety_0.smt2,56.0589,0,894,成功
/pub/data/jiafq/iscas/Parser_Comparison/../benchmarks/part68/non-incremental/QF_NIA/20170427-VeryMax/ITS/From_T2__slayer-3-filtered.t2__p21722_safety_0.smt2,28.4552,0,599,成功
/pub/data/jiafq/iscas/Parser_Comparison/../benchmarks/part68/non-incremental/QF_NIA/20170427-VeryMax/ITS/From_T2__slayer-3-filtered.t2__p21723_safety_0.smt2,47.9541,0,890,成功
/pub/data/jiafq/iscas/Parser_Comparison/../benchmarks/part68/non-incremental/QF_NIA/20170427-VeryMax/ITS/From_T2__slayer-3-filtered.t2__p21725_safety_0.smt2,58.8238,0,950,成功
/pub/data/jiafq/iscas/Parser_Comparison/../benchmarks/part68/non-incremental/QF_NIA/20170427-VeryMax/ITS/From_T2__slayer-3-filtered.t2__p21726_safety_0.smt2,85.697,0,1241,成功
/pub/data/jiafq/iscas/Parser_Comparison/../benchmarks/part68/non-incremental/QF_NIA/20170427-VeryMax/ITS/From_T2__slayer-3-filtered.t2__p21729_safety_0.smt2,331.985,0,3387,成功
/pub/data/jiafq/iscas/Parser_Comparison/../benchmarks/part68/non-incremental/QF_NIA/20170427-VeryMax/ITS/From_T2__slayer-3-filtered.t2__p21733_safety_0.smt2,48.3558,0,826,成功
/pub/data/jiafq/iscas/Parser_Comparison/../benchmarks/part68/non-incremental/QF_NIA/20170427-VeryMax/ITS/From_T2__slayer-3-filtered.t2__p21735_safety_0.smt2,45.8751,0,843,成功
/pub/data/jiafq/iscas/Parser_Comparison/../benchmarks/part68/non-incremental/QF_NIA/20170427-VeryMax/ITS/From_T2__slayer-3-filtered.t2__p21738_safety_0.smt2,84.6355,0,989,成功
/pub/data/jiafq/iscas/Parser_Comparison/../benchmarks/part68/non-incremental/QF_NIA/20170427-VeryMax/ITS/From_T2__slayer-3-filtered.t2__p21742_safety_0.smt2,56.7862,0,887,成功
/pub/data/jiafq/iscas/Parser_Comparison/../benchmarks/part68/non-incremental/QF_NIA/20170427-VeryMax/ITS/From_T2__slayer-3-filtered.t2__p21744_safety_0.smt2,56.0627,0,904,成功
/pub/data/jiafq/iscas/Parser_Comparison/../benchmarks/part68/non-incremental/QF_NIA/20170427-VeryMax/ITS/From_T2__slayer-3-filtered.t2__p21749_safety_0.smt2,54.8706,0,664,成功
/pub/data/jiafq/iscas/Parser_Comparison/../benchmarks/part68/non-incremental/QF_NIA/20170427-VeryMax/ITS/From_T2__slayer-3-filtered.t2__p21751_safety_0.smt2,54.4082,0,917,成功
/pub/data/jiafq/iscas/Parser_Comparison/../benchmarks/part68/non-incremental/QF_NIA/20170427-VeryMax/ITS/From_T2__slayer-3-filtered.t2__p21753_safety_0.smt2,60.5322,0,934,成功
/pub/data/jiafq/iscas/Parser_Comparison/../benchmarks/part68/non-incremental/QF_NIA/20170427-VeryMax/ITS/From_T2__slayer-3-filtered.t2__p21755_safety_0.smt2,62.9607,0,966,成功
/pub/data/jiafq/iscas/Parser_Comparison/../benchmarks/part68/non-incremental/QF_NIA/20170427-VeryMax/ITS/From_T2__slayer-3-filtered.t2__p21756_safety_0.smt2,86.9984,0,1261,成功
/pub/data/jiafq/iscas/Parser_Comparison/../benchmarks/part68/non-incremental/QF_NIA/20170427-VeryMax/ITS/From_T2__slayer-3-filtered.t2__p21758_safety_0.smt2,63.1125,0,681,成功
/pub/data/jiafq/iscas/Parser_Comparison/../benchmarks/part68/non-incremental/QF_NIA/20170427-VeryMax/ITS/From_T2__slayer-3-filtered.t2__p21760_safety_0.smt2,61.84,0,939,成功
/pub/data/jiafq/iscas/Parser_Comparison/../benchmarks/part68/non-incremental/QF_NIA/20170427-VeryMax/ITS/From_T2__slayer-3-filtered.t2__p21762_safety_0.smt2,60.0458,0,956,成功
/pub/data/jiafq/iscas/Parser_Comparison/../benchmarks/part68/non-incremental/QF_NIA/20170427-VeryMax/ITS/From_T2__slayer-3-filtered.t2__p21764_safety_0.smt2,208.147,0,2776,成功
/pub/data/jiafq/iscas/Parser_Comparison/../benchmarks/part68/non-incremental/QF_NIA/20170427-VeryMax/ITS/From_T2__slayer-3-filtered.t2__p21765_safety_0.smt2,326.912,0,3816,成功
/pub/data/jiafq/iscas/Parser_Comparison/../benchmarks/part68/non-incremental/QF_NIA/20170427-VeryMax/ITS/From_T2__slayer-3-filtered.t2__p21771_safety_0.smt2,51.5855,0,832,成功
/pub/data/jiafq/iscas/Parser_Comparison/../benchmarks/part68/non-incremental/QF_NIA/20170427-VeryMax/ITS/From_T2__slayer-3-filtered.t2__p21778_safety_0.smt2,57.5203,0,896,成功
/pub/data/jiafq/iscas/Parser_Comparison/../benchmarks/part68/non-incremental/QF_NIA/20170427-VeryMax/ITS/From_T2__slayer-3-filtered.t2__p21780_safety_0.smt2,55.2187,0,914,成功
/pub/data/jiafq/iscas/Parser_Comparison/../benchmarks/part68/non-incremental/QF_NIA/20170427-VeryMax/ITS/From_T2__slayer-3-filtered.t2__p21782_safety_0.smt2,61.0782,0,979,成功
/pub/data/jiafq/iscas/Parser_Comparison/../benchmarks/part68/non-incremental/QF_NIA/20170427-VeryMax/ITS/From_T2__slayer-3-filtered.t2__p21783_safety_0.smt2,82.9355,0,1276,成功
/pub/data/jiafq/iscas/Parser_Comparison/../benchmarks/part68/non-incremental/QF_NIA/20170427-VeryMax/ITS/From_T2__slayer-3-filtered.t2__p21784_safety_0.smt2,113.225,0,1800,成功
/pub/data/jiafq/iscas/Parser_Comparison/../benchmarks/part68/non-incremental/QF_NIA/20170427-VeryMax/ITS/From_T2__slayer-3-filtered.t2__p21785_safety_0.smt2,202.752,0,2784,成功
/pub/data/jiafq/iscas/Parser_Comparison/../benchmarks/part68/non-incremental/QF_NIA/20170427-VeryMax/ITS/From_T2__slayer-3-filtered.t2__p21786_safety_0.smt2,317.872,0,3827,成功
/pub/data/jiafq/iscas/Parser_Comparison/../benchmarks/part68/non-incremental/QF_NIA/20170427-VeryMax/ITS/From_T2__slayer-3-filtered.t2__p21789_edge_closing_0.smt2,480.743,0,10791,成功
/pub/data/jiafq/iscas/Parser_Comparison/../benchmarks/part68/non-incremental/QF_NIA/20170427-VeryMax/ITS/From_T2__slayer-3-filtered.t2__p21790_edge_closing_0.smt2,642.806,0,13262,成功
/pub/data/jiafq/iscas/Parser_Comparison/../benchmarks/part68/non-incremental/QF_NIA/20170427-VeryMax/ITS/From_T2__slayer-3-filtered.t2__p21791_edge_closing_0.smt2,833.525,0,15786,成功
/pub/data/jiafq/iscas/Parser_Comparison/../benchmarks/part68/non-incremental/QF_NIA/20170427-VeryMax/ITS/From_T2__slayer-3-new.t2__p21877_terminationG_0.smt2,417.579,0,7500,成功
/pub/data/jiafq/iscas/Parser_Comparison/../benchmarks/part68/non-incremental/QF_NIA/20170427-VeryMax/ITS/From_T2__slayer-3-new.t2__p21878_terminationG_0.smt2,704.589,0,10950,成功
/pub/data/jiafq/iscas/Parser_Comparison/../benchmarks/part68/non-incremental/QF_NIA/20170427-VeryMax/ITS/From_T2__slayer-3-new.t2__p21879_terminationG_0.smt2,1074.68,0,14515,成功
/pub/data/jiafq/iscas/Parser_Comparison/../benchmarks/part68/non-incremental/QF_NIA/20170427-VeryMax/ITS/From_T2__slayer-3-new.t2__p21882_terminationG_0.smt2,348.25,0,6279,成功
/pub/data/jiafq/iscas/Parser_Comparison/../benchmarks/part68/non-incremental/QF_NIA/20170427-VeryMax/ITS/From_T2__slayer-3-new.t2__p21883_terminationG_0.smt2,575.024,0,9187,成功
/pub/data/jiafq/iscas/Parser_Comparison/../benchmarks/part68/non-incremental/QF_NIA/20170427-VeryMax/ITS/From_T2__slayer-3-new.t2__p21884_terminationG_0.smt2,921.466,0,12108,成功
/pub/data/jiafq/iscas/Parser_Comparison/../benchmarks/part68/non-incremental/QF_NIA/20170427-VeryMax/ITS/From_T2__slayer-3-new.t2__p21887_terminationG_0.smt2,365.041,0,6293,成功
/pub/data/jiafq/iscas/Parser_Comparison/../benchmarks/part68/non-incremental/QF_NIA/20170427-VeryMax/ITS/From_T2__slayer-3-new.t2__p21888_terminationG_0.smt2,606.248,0,9201,成功
/pub/data/jiafq/iscas/Parser_Comparison/../benchmarks/part68/non-incremental/QF_NIA/20170427-VeryMax/ITS/From_T2__slayer-3-new.t2__p21889_terminationG_0.smt2,915.029,0,12122,成功
/pub/data/jiafq/iscas/Parser_Comparison/../benchmarks/part68/non-incremental/QF_NIA/20170427-VeryMax/ITS/From_T2__slayer-3-new.t2__p21892_terminationG_0.smt2,352.085,0,6389,成功
/pub/data/jiafq/iscas/Parser_Comparison/../benchmarks/part68/non-incremental/QF_NIA/20170427-VeryMax/ITS/From_T2__slayer-3-new.t2__p21893_terminationG_0.smt2,609.904,0,9293,成功
/pub/data/jiafq/iscas/Parser_Comparison/../benchmarks/part68/non-incremental/QF_NIA/20170427-VeryMax/ITS/From_T2__slayer-3-new.t2__p21894_terminationG_0.smt2,896.627,0,12222,成功
/pub/data/jiafq/iscas/Parser_Comparison/../benchmarks/part68/non-incremental/QF_NIA/20170427-VeryMax/ITS/From_T2__slayer-3-new.t2__p21897_terminationG_0.smt2,352.93,0,6405,成功
/pub/data/jiafq/iscas/Parser_Comparison/../benchmarks/part68/non-incremental/QF_NIA/20170427-VeryMax/ITS/From_T2__slayer-3-new.t2__p21898_terminationG_0.smt2,584.852,0,9309,成功
/pub/data/jiafq/iscas/Parser_Comparison/../benchmarks/part68/non-incremental/QF_NIA/20170427-VeryMax/ITS/From_T2__slayer-3-new.t2__p21899_terminationG_0.smt2,904.074,0,12238,成功
/pub/data/jiafq/iscas/Parser_Comparison/../benchmarks/part68/non-incremental/QF_NIA/20170427-VeryMax/ITS/From_T2__slayer-3-new.t2__p21903_terminationG_0.smt2,354.874,0,6418,成功
/pub/data/jiafq/iscas/Parser_Comparison/../benchmarks/part68/non-incremental/QF_NIA/20170427-VeryMax/ITS/From_T2__slayer-3-new.t2__p21904_terminationG_0.smt2,606.303,0,9321,成功
/pub/data/jiafq/iscas/Parser_Comparison/../benchmarks/part68/non-incremental/QF_NIA/20170427-VeryMax/ITS/From_T2__slayer-3-new.t2__p21905_terminationG_0.smt2,917.543,0,12250,成功
/pub/data/jiafq/iscas/Parser_Comparison/../benchmarks/part68/non-incremental/QF_NIA/20170427-VeryMax/ITS/From_T2__slayer-3-new.t2__p21908_terminationG_0.smt2,352.925,0,6436,成功
/pub/data/jiafq/iscas/Parser_Comparison/../benchmarks/part68/non-incremental/QF_NIA/20170427-VeryMax/ITS/From_T2__slayer-3-new.t2__p21909_terminationG_0.smt2,609.958,0,9339,成功
/pub/data/jiafq/iscas/Parser_Comparison/../benchmarks/part68/non-incremental/QF_NIA/20170427-VeryMax/ITS/From_T2__slayer-3-new.t2__p21910_terminationG_0.smt2,888.17,0,12268,成功
/pub/data/jiafq/iscas/Parser_Comparison/../benchmarks/part68/non-incremental/QF_NIA/20170427-VeryMax/ITS/From_T2__slayer-3-new.t2__p21913_terminationG_0.smt2,363.977,0,6449,成功
/pub/data/jiafq/iscas/Parser_Comparison/../benchmarks/part68/non-incremental/QF_NIA/20170427-VeryMax/ITS/From_T2__slayer-3-new.t2__p21914_terminationG_0.smt2,608.529,0,9351,成功
/pub/data/jiafq/iscas/Parser_Comparison/../benchmarks/part68/non-incremental/QF_NIA/20170427-VeryMax/ITS/From_T2__slayer-3-new.t2__p21915_terminationG_0.smt2,900.499,0,12280,成功
/pub/data/jiafq/iscas/Parser_Comparison/../benchmarks/part68/non-incremental/QF_NIA/20170427-VeryMax/ITS/From_T2__slayer-3-new.t2__p21918_terminationG_0.smt2,350.106,0,6465,成功
/pub/data/jiafq/iscas/Parser_Comparison/../benchmarks/part68/non-incremental/QF_NIA/20170427-VeryMax/ITS/From_T2__slayer-3-new.t2__p21919_terminationG_0.smt2,606.686,0,9367,成功
/pub/data/jiafq/iscas/Parser_Comparison/../benchmarks/part68/non-incremental/QF_NIA/20170427-VeryMax/ITS/From_T2__slayer-3-new.t2__p21920_terminationG_0.smt2,897.735,0,12296,成功
/pub/data/jiafq/iscas/Parser_Comparison/../benchmarks/part68/non-incremental/QF_NIA/20170427-VeryMax/ITS/From_T2__slayer-3-new.t2__p21923_terminationG_0.smt2,351.242,0,6478,成功
/pub/data/jiafq/iscas/Parser_Comparison/../benchmarks/part68/non-incremental/QF_NIA/20170427-VeryMax/ITS/From_T2__slayer-3-new.t2__p21924_terminationG_0.smt2,628.48,0,9379,成功
/pub/data/jiafq/iscas/Parser_Comparison/../benchmarks/part68/non-incremental/QF_NIA/20170427-VeryMax/ITS/From_T2__slayer-3-new.t2__p21925_terminationG_0.smt2,890.181,0,12308,成功
/pub/data/jiafq/iscas/Parser_Comparison/../benchmarks/part68/non-incremental/QF_NIA/20170427-VeryMax/ITS/From_T2__slayer-3-new.t2__p21928_terminationG_0.smt2,362.92,0,6494,成功
/pub/data/jiafq/iscas/Parser_Comparison/../benchmarks/part68/non-incremental/QF_NIA/20170427-VeryMax/ITS/From_T2__slayer-3-new.t2__p21929_terminationG_0.smt2,600.212,0,9395,成功
/pub/data/jiafq/iscas/Parser_Comparison/../benchmarks/part68/non-incremental/QF_NIA/20170427-VeryMax/ITS/From_T2__slayer-3-new.t2__p21930_terminationG_0.smt2,906.657,0,12324,成功
/pub/data/jiafq/iscas/Parser_Comparison/../benchmarks/part68/non-incremental/QF_NIA/20170427-VeryMax/ITS/From_T2__slayer-3-new.t2__p21933_terminationG_0.smt2,363.878,0,6511,成功
/pub/data/jiafq/iscas/Parser_Comparison/../benchmarks/part68/non-incremental/QF_NIA/20170427-VeryMax/ITS/From_T2__slayer-3-new.t2__p21934_terminationG_0.smt2,597.477,0,9412,成功
/pub/data/jiafq/iscas/Parser_Comparison/../benchmarks/part68/non-incremental/QF_NIA/20170427-VeryMax/ITS/From_T2__slayer-3-new.t2__p21935_terminationG_0.smt2,899.948,0,12341,成功
/pub/data/jiafq/iscas/Parser_Comparison/../benchmarks/part68/non-incremental/QF_NIA/20170427-VeryMax/ITS/From_T2__slayer-3-new.t2__p21938_terminationG_0.smt2,350.242,0,6524,成功
/pub/data/jiafq/iscas/Parser_Comparison/../benchmarks/part68/non-incremental/QF_NIA/20170427-VeryMax/ITS/From_T2__slayer-3-new.t2__p21939_terminationG_0.smt2,602.067,0,9424,成功
/pub/data/jiafq/iscas/Parser_Comparison/../benchmarks/part68/non-incremental/QF_NIA/20170427-VeryMax/ITS/From_T2__slayer-3-new.t2__p21940_terminationG_0.smt2,902.999,0,12353,成功
/pub/data/jiafq/iscas/Parser_Comparison/../benchmarks/part68/non-incremental/QF_NIA/20170427-VeryMax/ITS/From_T2__slayer-3-new.t2__p21943_terminationG_0.smt2,354.816,0,6540,成功
/pub/data/jiafq/iscas/Parser_Comparison/../benchmarks/part68/non-incremental/QF_NIA/20170427-VeryMax/ITS/From_T2__slayer-3-new.t2__p21944_terminationG_0.smt2,614.585,0,9440,成功
/pub/data/jiafq/iscas/Parser_Comparison/../benchmarks/part68/non-incremental/QF_NIA/20170427-VeryMax/ITS/From_T2__slayer-3-new.t2__p21945_terminationG_0.smt2,924.046,0,12369,成功
/pub/data/jiafq/iscas/Parser_Comparison/../benchmarks/part68/non-incremental/QF_NIA/20170427-VeryMax/ITS/From_T2__slayer-3-new.t2__p21948_terminationG_0.smt2,360.477,0,6553,成功
/pub/data/jiafq/iscas/Parser_Comparison/../benchmarks/part68/non-incremental/QF_NIA/20170427-VeryMax/ITS/From_T2__slayer-3-new.t2__p21949_terminationG_0.smt2,610.931,0,9452,成功
/pub/data/jiafq/iscas/Parser_Comparison/../benchmarks/part68/non-incremental/QF_NIA/20170427-VeryMax/ITS/From_T2__slayer-3-new.t2__p21950_terminationG_0.smt2,909.365,0,12381,成功
/pub/data/jiafq/iscas/Parser_Comparison/../benchmarks/part68/non-incremental/QF_NIA/20170427-VeryMax/ITS/From_T2__slayer-3-new.t2__p21953_terminationG_0.smt2,372.074,0,6569,成功
/pub/data/jiafq/iscas/Parser_Comparison/../benchmarks/part68/non-incremental/QF_NIA/20170427-VeryMax/ITS/From_T2__slayer-3-new.t2__p21954_terminationG_0.smt2,607.594,0,9468,成功
/pub/data/jiafq/iscas/Parser_Comparison/../benchmarks/part68/non-incremental/QF_NIA/20170427-VeryMax/ITS/From_T2__slayer-3-new.t2__p21955_terminationG_0.smt2,902.026,0,12397,成功
/pub/data/jiafq/iscas/Parser_Comparison/../benchmarks/part68/non-incremental/QF_NIA/20170427-VeryMax/ITS/From_T2__slayer-3-new.t2__p21958_terminationG_0.smt2,372.262,0,6582,成功
/pub/data/jiafq/iscas/Parser_Comparison/../benchmarks/part68/non-incremental/QF_NIA/20170427-VeryMax/ITS/From_T2__slayer-3-new.t2__p21959_terminationG_0.smt2,615.178,0,9480,成功
/pub/data/jiafq/iscas/Parser_Comparison/../benchmarks/part68/non-incremental/QF_NIA/20170427-VeryMax/ITS/From_T2__slayer-3-new.t2__p21960_terminationG_0.smt2,915.265,0,12409,成功
/pub/data/jiafq/iscas/Parser_Comparison/../benchmarks/part68/non-incremental/QF_NIA/20170427-VeryMax/ITS/From_T2__slayer-3-new.t2__p21963_terminationG_0.smt2,372.451,0,6598,成功
/pub/data/jiafq/iscas/Parser_Comparison/../benchmarks/part68/non-incremental/QF_NIA/20170427-VeryMax/ITS/From_T2__slayer-3-new.t2__p21964_terminationG_0.smt2,607.971,0,9496,成功
/pub/data/jiafq/iscas/Parser_Comparison/../benchmarks/part68/non-incremental/QF_NIA/20170427-VeryMax/ITS/From_T2__slayer-3-new.t2__p21965_terminationG_0.smt2,920.2,0,12425,成功
/pub/data/jiafq/iscas/Parser_Comparison/../benchmarks/part68/non-incremental/QF_NIA/20170427-VeryMax/ITS/From_T2__slayer-3-new.t2__p21968_terminationG_0.smt2,365.974,0,6611,成功
/pub/data/jiafq/iscas/Parser_Comparison/../benchmarks/part68/non-incremental/QF_NIA/20170427-VeryMax/ITS/From_T2__slayer-3-new.t2__p21969_terminationG_0.smt2,608.044,0,9508,成功
/pub/data/jiafq/iscas/Parser_Comparison/../benchmarks/part68/non-incremental/QF_NIA/20170427-VeryMax/ITS/From_T2__slayer-3-new.t2__p21970_terminationG_0.smt2,923.142,0,12437,成功
/pub/data/jiafq/iscas/Parser_Comparison/../benchmarks/part68/non-incremental/QF_NIA/20170427-VeryMax/ITS/From_T2__slayer-3-new.t2__p21973_terminationG_0.smt2,362.807,0,6627,成功
/pub/data/jiafq/iscas/Parser_Comparison/../benchmarks/part68/non-incremental/QF_NIA/20170427-VeryMax/ITS/From_T2__slayer-3-new.t2__p21974_terminationG_0.smt2,609.551,0,9524,成功
/pub/data/jiafq/iscas/Parser_Comparison/../benchmarks/part68/non-incremental/QF_NIA/20170427-VeryMax/ITS/From_T2__slayer-3-new.t2__p21975_terminationG_0.smt2,907.555,0,12453,成功
/pub/data/jiafq/iscas/Parser_Comparison/../benchmarks/part68/non-incremental/QF_NIA/20170427-VeryMax/ITS/From_T2__slayer-3-new.t2__p21978_terminationG_0.smt2,361.958,0,6643,成功
/pub/data/jiafq/iscas/Parser_Comparison/../benchmarks/part68/non-incremental/QF_NIA/20170427-VeryMax/ITS/From_T2__slayer-3-new.t2__p21979_terminationG_0.smt2,595.741,0,9540,成功
/pub/data/jiafq/iscas/Parser_Comparison/../benchmarks/part68/non-incremental/QF_NIA/20170427-VeryMax/ITS/From_T2__slayer-3-new.t2__p21980_terminationG_0.smt2,920.498,0,12469,成功
/pub/data/jiafq/iscas/Parser_Comparison/../benchmarks/part68/non-incremental/QF_NIA/20170427-VeryMax/ITS/From_T2__slayer-3-new.t2__p21983_terminationG_0.smt2,373.756,0,6656,成功
/pub/data/jiafq/iscas/Parser_Comparison/../benchmarks/part68/non-incremental/QF_NIA/20170427-VeryMax/ITS/From_T2__slayer-3-new.t2__p21984_terminationG_0.smt2,611.677,0,9552,成功
/pub/data/jiafq/iscas/Parser_Comparison/../benchmarks/part68/non-incremental/QF_NIA/20170427-VeryMax/ITS/From_T2__slayer-3-new.t2__p21985_terminationG_0.smt2,925.01,0,12481,成功
/pub/data/jiafq/iscas/Parser_Comparison/../benchmarks/part68/non-incremental/QF_NIA/20170427-VeryMax/ITS/From_T2__slayer-3-new.t2__p21988_terminationG_0.smt2,383.174,0,6672,成功
/pub/data/jiafq/iscas/Parser_Comparison/../benchmarks/part68/non-incremental/QF_NIA/20170427-VeryMax/ITS/From_T2__slayer-3-new.t2__p21989_terminationG_0.smt2,612.354,0,9568,成功
/pub/data/jiafq/iscas/Parser_Comparison/../benchmarks/part68/non-incremental/QF_NIA/20170427-VeryMax/ITS/From_T2__slayer-3-new.t2__p21990_terminationG_0.smt2,919.204,0,12497,成功
/pub/data/jiafq/iscas/Parser_Comparison/../benchmarks/part68/non-incremental/QF_NIA/20170427-VeryMax/ITS/From_T2__slayer-3-new.t2__p21993_terminationG_0.smt2,383.335,0,6684,成功
/pub/data/jiafq/iscas/Parser_Comparison/../benchmarks/part68/non-incremental/QF_NIA/20170427-VeryMax/ITS/From_T2__slayer-3-new.t2__p21994_terminationG_0.smt2,623.762,0,9580,成功
/pub/data/jiafq/iscas/Parser_Comparison/../benchmarks/part68/non-incremental/QF_NIA/20170427-VeryMax/ITS/From_T2__slayer-3-new.t2__p21995_terminationG_0.smt2,923.132,0,12509,成功
/pub/data/jiafq/iscas/Parser_Comparison/../benchmarks/part68/non-incremental/QF_NIA/20170427-VeryMax/ITS/From_T2__slayer-3-new.t2__p21998_terminationG_0.smt2,385.327,0,6697,成功
/pub/data/jiafq/iscas/Parser_Comparison/../benchmarks/part68/non-incremental/QF_NIA/20170427-VeryMax/ITS/From_T2__slayer-3-new.t2__p21999_terminationG_0.smt2,656.808,0,9592,成功
/pub/data/jiafq/iscas/Parser_Comparison/../benchmarks/part68/non-incremental/QF_NIA/20170427-VeryMax/ITS/From_T2__slayer-3-new.t2__p22000_terminationG_0.smt2,946.313,0,12521,成功
/pub/data/jiafq/iscas/Parser_Comparison/../benchmarks/part68/non-incremental/QF_NIA/20170427-VeryMax/ITS/From_T2__slayer-3-new.t2__p22003_terminationG_0.smt2,386.883,0,6713,成功
/pub/data/jiafq/iscas/Parser_Comparison/../benchmarks/part68/non-incremental/QF_NIA/20170427-VeryMax/ITS/From_T2__slayer-3-new.t2__p22004_terminationG_0.smt2,625.601,0,9608,成功
/pub/data/jiafq/iscas/Parser_Comparison/../benchmarks/part68/non-incremental/QF_NIA/20170427-VeryMax/ITS/From_T2__slayer-3-new.t2__p22005_terminationG_0.smt2,942.534,0,12537,成功
/pub/data/jiafq/iscas/Parser_Comparison/../benchmarks/part68/non-incremental/QF_NIA/20170427-VeryMax/ITS/From_T2__slayer-3-new.t2__p22013_safety_0.smt2,53.3919,0,822,成功
/pub/data/jiafq/iscas/Parser_Comparison/../benchmarks/part68/non-incremental/QF_NIA/20170427-VeryMax/ITS/From_T2__slayer-3-new.t2__p22016_safety_0.smt2,162.049,0,1773,成功
/pub/data/jiafq/iscas/Parser_Comparison/../benchmarks/part68/non-incremental/QF_NIA/20170427-VeryMax/ITS/From_T2__slayer-3-new.t2__p22020_safety_0.smt2,50.8767,0,701,成功
/pub/data/jiafq/iscas/Parser_Comparison/../benchmarks/part68/non-incremental/QF_NIA/20170427-VeryMax/ITS/From_T2__slayer-3-new.t2__p22027_safety_0.smt2,152.566,0,2274,成功
/pub/data/jiafq/iscas/Parser_Comparison/../benchmarks/part68/non-incremental/QF_NIA/20170427-VeryMax/ITS/From_T2__slayer-3-new.t2__p22035_safety_0.smt2,55.1797,0,899,成功
/pub/data/jiafq/iscas/Parser_Comparison/../benchmarks/part68/non-incremental/QF_NIA/20170427-VeryMax/ITS/From_T2__slayer-3-new.t2__p22037_safety_0.smt2,101.571,0,1684,成功
/pub/data/jiafq/iscas/Parser_Comparison/../benchmarks/part68/non-incremental/QF_NIA/20170427-VeryMax/ITS/From_T2__slayer-3-new.t2__p22038_safety_0.smt2,156.046,0,2307,成功
/pub/data/jiafq/iscas/Parser_Comparison/../benchmarks/part68/non-incremental/QF_NIA/20170427-VeryMax/ITS/From_T2__slayer-3-new.t2__p22039_safety_0.smt2,203.818,0,2943,成功
/pub/data/jiafq/iscas/Parser_Comparison/../benchmarks/part68/non-incremental/QF_NIA/20170427-VeryMax/ITS/From_T2__slayer-3-new.t2__p22040_safety_0.smt2,409.302,0,4969,成功
/pub/data/jiafq/iscas/Parser_Comparison/../benchmarks/part68/non-incremental/QF_NIA/20170427-VeryMax/ITS/From_T2__slayer-3-new.t2__p22041_safety_0.smt2,682.654,0,7189,成功
/pub/data/jiafq/iscas/Parser_Comparison/../benchmarks/part68/non-incremental/QF_NIA/20170427-VeryMax/ITS/From_T2__slayer-3-new.t2__p22044_safety_0.smt2,160.563,0,1781,成功
/pub/data/jiafq/iscas/Parser_Comparison/../benchmarks/part68/non-incremental/QF_NIA/20170427-VeryMax/ITS/From_T2__slayer-3-new.t2__p22048_safety_0.smt2,55.8025,0,702,成功
/pub/data/jiafq/iscas/Parser_Comparison/../benchmarks/part68/non-incremental/QF_NIA/20170427-VeryMax/ITS/From_T2__slayer-3-new.t2__p22050_safety_0.smt2,55.886,0,875,成功
/pub/data/jiafq/iscas/Parser_Comparison/../benchmarks/part68/non-incremental/QF_NIA/20170427-VeryMax/ITS/From_T2__slayer-3-new.t2__p22055_safety_0.smt2,100.788,0,1669,成功
/pub/data/jiafq/iscas/Parser_Comparison/../benchmarks/part68/non-incremental/QF_NIA/20170427-VeryMax/ITS/From_T2__slayer-3-new.t2__p22056_safety_0.smt2,158.19,0,2283,成功
/pub/data/jiafq/iscas/Parser_Comparison/../benchmarks/part68/non-incremental/QF_NIA/20170427-VeryMax/ITS/From_T2__slayer-3-new.t2__p22057_safety_0.smt2,209.974,0,2997,成功
/pub/data/jiafq/iscas/Parser_Comparison/../benchmarks/part68/non-incremental/QF_NIA/20170427-VeryMax/ITS/From_T2__slayer-3-new.t2__p22058_safety_0.smt2,411.576,0,5039,成功
/pub/data/jiafq/iscas/Parser_Comparison/../benchmarks/part68/non-incremental/QF_NIA/20170427-VeryMax/ITS/From_T2__slayer-3-new.t2__p22059_safety_0.smt2,658.745,0,7275,成功
/pub/data/jiafq/iscas/Parser_Comparison/../benchmarks/part68/non-incremental/QF_NIA/20170427-VeryMax/ITS/From_T2__slayer-3-new.t2__p22063_safety_0.smt2,53.4048,0,660,成功
/pub/data/jiafq/iscas/Parser_Comparison/../benchmarks/part68/non-incremental/QF_NIA/20170427-VeryMax/ITS/From_T2__slayer-3-new.t2__p22065_safety_0.smt2,50.5463,0,832,成功
/pub/data/jiafq/iscas/Parser_Comparison/../benchmarks/part68/non-incremental/QF_NIA/20170427-VeryMax/ITS/From_T2__slayer-3-new.t2__p22067_safety_0.smt2,51.9173,0,848,成功
/pub/data/jiafq/iscas/Parser_Comparison/../benchmarks/part68/non-incremental/QF_NIA/20170427-VeryMax/ITS/From_T2__slayer-3-new.t2__p22080_safety_0.smt2,95.2922,0,1370,成功
/pub/data/jiafq/iscas/Parser_Comparison/../benchmarks/part68/non-incremental/QF_NIA/20170427-VeryMax/ITS/From_T2__slayer-3-new.t2__p22084_safety_0.smt2,102.644,0,1408,成功
/pub/data/jiafq/iscas/Parser_Comparison/../benchmarks/part68/non-incremental/QF_NIA/20170427-VeryMax/ITS/From_T2__slayer-3-new.t2__p22088_safety_0.smt2,101.463,0,1440,成功
/pub/data/jiafq/iscas/Parser_Comparison/../benchmarks/part68/non-incremental/QF_NIA/20170427-VeryMax/ITS/From_T2__slayer-3-new.t2__p22092_safety_0.smt2,102.806,0,1687,成功
/pub/data/jiafq/iscas/Parser_Comparison/../benchmarks/part68/non-incremental/QF_NIA/20170427-VeryMax/ITS/From_T2__slayer-3-new.t2__p22093_safety_0.smt2,153.005,0,2306,成功
/pub/data/jiafq/iscas/Parser_Comparison/../benchmarks/part68/non-incremental/QF_NIA/20170427-VeryMax/ITS/From_T2__slayer-3-new.t2__p22099_safety_0.smt2,53.5834,0,897,成功
/pub/data/jiafq/iscas/Parser_Comparison/../benchmarks/part68/non-incremental/QF_NIA/20170427-VeryMax/ITS/From_T2__slayer-3-new.t2__p22103_safety_0.smt2,104.267,0,1711,成功
/pub/data/jiafq/iscas/Parser_Comparison/../benchmarks/part68/non-incremental/QF_NIA/20170427-VeryMax/ITS/From_T2__slayer-3-new.t2__p22104_safety_0.smt2,157.183,0,2339,成功
/pub/data/jiafq/iscas/Parser_Comparison/../benchmarks/part68/non-incremental/QF_NIA/20170427-VeryMax/ITS/From_T2__slayer-3-new.t2__p22108_safety_0.smt2,56.7072,0,732,成功
/pub/data/jiafq/iscas/Parser_Comparison/../benchmarks/part68/non-incremental/QF_NIA/20170427-VeryMax/ITS/From_T2__slayer-3-new.t2__p22109_safety_0.smt2,31.7953,0,606,成功
/pub/data/jiafq/iscas/Parser_Comparison/../benchmarks/part68/non-incremental/QF_NIA/20170427-VeryMax/ITS/From_T2__slayer-3-new.t2__p22112_safety_0.smt2,57.521,0,943,成功
/pub/data/jiafq/iscas/Parser_Comparison/../benchmarks/part68/non-incremental/QF_NIA/20170427-VeryMax/ITS/From_T2__slayer-3-new.t2__p22113_safety_0.smt2,202.015,0,3189,成功
/pub/data/jiafq/iscas/Parser_Comparison/../benchmarks/part68/non-incremental/QF_NIA/20170427-VeryMax/ITS/From_T2__slayer-3-new.t2__p22114_safety_0.smt2,414.362,0,5422,成功
/pub/data/jiafq/iscas/Parser_Comparison/../benchmarks/part68/non-incremental/QF_NIA/20170427-VeryMax/ITS/From_T2__slayer-3-new.t2__p22115_safety_0.smt2,683.602,0,7848,成功
/pub/data/jiafq/iscas/Parser_Comparison/../benchmarks/part68/non-incremental/QF_NIA/20170427-VeryMax/ITS/From_T2__slayer-3-new.t2__p22118_edge_closing_0.smt2,2189.95,0,55009,成功
/pub/data/jiafq/iscas/Parser_Comparison/../benchmarks/part68/non-incremental/QF_NIA/20170427-VeryMax/ITS/From_T2__slayer-3-new.t2__p22119_edge_closing_0.smt2,2785.88,0,66650,成功
/pub/data/jiafq/iscas/Parser_Comparison/../benchmarks/part68/non-incremental/QF_NIA/20170427-VeryMax/ITS/From_T2__slayer-3-new.t2__p22120_edge_closing_0.smt2,3475.74,0,78379,成功
/pub/data/jiafq/iscas/Parser_Comparison/../benchmarks/part68/non-incremental/QF_NIA/20170427-VeryMax/ITS/From_T2__slayer-3-new.t2_fixed__p21801_terminationG_0.smt2,927.748,0,21108,成功
/pub/data/jiafq/iscas/Parser_Comparison/../benchmarks/part68/non-incremental/QF_NIA/20170427-VeryMax/ITS/From_T2__slayer-3-new.t2_fixed__p21802_terminationG_0.smt2,1701.5,0,31693,成功
/pub/data/jiafq/iscas/Parser_Comparison/../benchmarks/part68/non-incremental/QF_NIA/20170427-VeryMax/ITS/From_T2__slayer-3-new.t2_fixed__p21803_terminationG_0.smt2,2791.36,0,42738,成功
/pub/data/jiafq/iscas/Parser_Comparison/../benchmarks/part68/non-incremental/QF_NIA/20170427-VeryMax/ITS/From_T2__slayer-3-new.t2_fixed__p21812_safety_0.smt2,66.3235,0,1033,成功
/pub/data/jiafq/iscas/Parser_Comparison/../benchmarks/part68/non-incremental/QF_NIA/20170427-VeryMax/ITS/From_T2__slayer-3-new.t2_fixed__p21815_safety_0.smt2,118.187,0,1294,成功
/pub/data/jiafq/iscas/Parser_Comparison/../benchmarks/part68/non-incremental/QF_NIA/20170427-VeryMax/ITS/From_T2__slayer-3-new.t2_fixed__p21821_safety_0.smt2,68.9281,0,1122,成功
/pub/data/jiafq/iscas/Parser_Comparison/../benchmarks/part68/non-incremental/QF_NIA/20170427-VeryMax/ITS/From_T2__slayer-3-new.t2_fixed__p21823_safety_0.smt2,51.2298,0,823,成功
/pub/data/jiafq/iscas/Parser_Comparison/../benchmarks/part68/non-incremental/QF_NIA/20170427-VeryMax/ITS/From_T2__slayer-3-new.t2_fixed__p21824_safety_0.smt2,71.9133,0,1121,成功
/pub/data/jiafq/iscas/Parser_Comparison/../benchmarks/part68/non-incremental/QF_NIA/20170427-VeryMax/ITS/From_T2__slayer-3-new.t2_fixed__p21826_safety_0.smt2,81.064,0,1080,成功
/pub/data/jiafq/iscas/Parser_Comparison/../benchmarks/part68/non-incremental/QF_NIA/20170427-VeryMax/ITS/From_T2__slayer-3-new.t2_fixed__p21831_safety_0.smt2,100.588,0,1000,成功
/pub/data/jiafq/iscas/Parser_Comparison/../benchmarks/part68/non-incremental/QF_NIA/20170427-VeryMax/ITS/From_T2__slayer-3-new.t2_fixed__p21832_safety_0.smt2,143.556,0,1369,成功
/pub/data/jiafq/iscas/Parser_Comparison/../benchmarks/part68/non-incremental/QF_NIA/20170427-VeryMax/ITS/From_T2__slayer-3-new.t2_fixed__p21835_safety_0.smt2,54.4752,0,829,成功
/pub/data/jiafq/iscas/Parser_Comparison/../benchmarks/part68/non-incremental/QF_NIA/20170427-VeryMax/ITS/From_T2__slayer-3-new.t2_fixed__p21836_safety_0.smt2,97.2132,0,1324,成功
/pub/data/jiafq/iscas/Parser_Comparison/../benchmarks/part68/non-incremental/QF_NIA/20170427-VeryMax/ITS/From_T2__slayer-3-new.t2_fixed__p21837_safety_0.smt2,142.532,0,1855,成功
/pub/data/jiafq/iscas/Parser_Comparison/../benchmarks/part68/non-incremental/QF_NIA/20170427-VeryMax/ITS/From_T2__slayer-3-new.t2_fixed__p21842_safety_0.smt2,148.396,0,1899,成功
/pub/data/jiafq/iscas/Parser_Comparison/../benchmarks/part68/non-incremental/QF_NIA/20170427-VeryMax/ITS/From_T2__slayer-3-new.t2_fixed__p21845_safety_0.smt2,53.4152,0,848,成功
/pub/data/jiafq/iscas/Parser_Comparison/../benchmarks/part68/non-incremental/QF_NIA/20170427-VeryMax/ITS/From_T2__slayer-3-new.t2_fixed__p21846_safety_0.smt2,96.2561,0,1355,成功
/pub/data/jiafq/iscas/Parser_Comparison/../benchmarks/part68/non-incremental/QF_NIA/20170427-VeryMax/ITS/From_T2__slayer-3-new.t2_fixed__p21847_safety_0.smt2,145.226,0,1898,成功
/pub/data/jiafq/iscas/Parser_Comparison/../benchmarks/part68/non-incremental/QF_NIA/20170427-VeryMax/ITS/From_T2__slayer-3-new.t2_fixed__p21851_safety_0.smt2,86.7517,0,1106,成功
/pub/data/jiafq/iscas/Parser_Comparison/../benchmarks/part68/non-incremental/QF_NIA/20170427-VeryMax/ITS/From_T2__slayer-3-new.t2_fixed__p21852_safety_0.smt2,134.324,0,1566,成功
/pub/data/jiafq/iscas/Parser_Comparison/../benchmarks/part68/non-incremental/QF_NIA/20170427-VeryMax/ITS/From_T2__slayer-3-new.t2_fixed__p21855_safety_0.smt2,74.5077,0,894,成功
/pub/data/jiafq/iscas/Parser_Comparison/../benchmarks/part68/non-incremental/QF_NIA/20170427-VeryMax/ITS/From_T2__slayer-3-new.t2_fixed__p21858_safety_0.smt2,77.1796,0,1161,成功
/pub/data/jiafq/iscas/Parser_Comparison/../benchmarks/part68/non-incremental/QF_NIA/20170427-VeryMax/ITS/From_T2__slayer-3-new.t2_fixed__p21861_safety_0.smt2,76.56,0,1191,成功
/pub/data/jiafq/iscas/Parser_Comparison/../benchmarks/part68/non-incremental/QF_NIA/20170427-VeryMax/ITS/From_T2__slayer-3-new.t2_fixed__p21863_edge_closing_0.smt2,8764.61,0,76376,成功
/pub/data/jiafq/iscas/Parser_Comparison/../benchmarks/part68/non-incremental/QF_NIA/20170427-VeryMax/ITS/From_T2__slayer-3-new.t2_fixed__p21864_edge_closing_0.smt2,10100.8,0,95148,成功
/pub/data/jiafq/iscas/Parser_Comparison/../benchmarks/part68/non-incremental/QF_NIA/20170427-VeryMax/ITS/From_T2__slayer-3-new.t2_fixed__p21865_edge_closing_0.smt2,11374.3,0,114529,成功
/pub/data/jiafq/iscas/Parser_Comparison/../benchmarks/part68/non-incremental/QF_NIA/20170427-VeryMax/ITS/From_T2__slayer-3-new.t2_fixed__term_unfeasibility_2_0.smt2,550.623,0,7306,成功
/pub/data/jiafq/iscas/Parser_Comparison/../benchmarks/part68/non-incremental/QF_NIA/20170427-VeryMax/ITS/From_T2__slayer-3-new.t2_fixed__terminationQ_0_0.smt2,957.071,0,21249,成功
/pub/data/jiafq/iscas/Parser_Comparison/../benchmarks/part68/non-incremental/QF_NIA/20170427-VeryMax/ITS/From_T2__slayer-3-new.t2_fixed__terminationS_10_0.smt2,591.494,0,8348,成功
/pub/data/jiafq/iscas/Parser_Comparison/../benchmarks/part68/non-incremental/QF_NIA/20170427-VeryMax/ITS/From_T2__slayer-3-new.t2_fixed__terminationS_11_0.smt2,599.273,0,8351,成功
/pub/data/jiafq/iscas/Parser_Comparison/../benchmarks/part68/non-incremental/QF_NIA/20170427-VeryMax/ITS/From_T2__slayer-3-new.t2_fixed__terminationS_1_0.smt2,585.469,0,8307,成功
/pub/data/jiafq/iscas/Parser_Comparison/../benchmarks/part68/non-incremental/QF_NIA/20170427-VeryMax/ITS/From_T2__slayer-3-new.t2_fixed__terminationS_20_0.smt2,661.45,0,9742,成功
/pub/data/jiafq/iscas/Parser_Comparison/../benchmarks/part68/non-incremental/QF_NIA/20170427-VeryMax/ITS/From_T2__slayer-3-new.t2_fixed__terminationS_21_0.smt2,659.274,0,9745,成功
/pub/data/jiafq/iscas/Parser_Comparison/../benchmarks/part68/non-incremental/QF_NIA/20170427-VeryMax/ITS/From_T2__slayer-3-new.t2_fixed__terminationS_22_0.smt2,646.989,0,9745,成功
/pub/data/jiafq/iscas/Parser_Comparison/../benchmarks/part68/non-incremental/QF_NIA/20170427-VeryMax/ITS/From_T2__slayer-3-new.t2_fixed__terminationS_23_0.smt2,651.599,0,9748,成功
/pub/data/jiafq/iscas/Parser_Comparison/../benchmarks/part68/non-incremental/QF_NIA/20170427-VeryMax/ITS/From_T2__slayer-3-new.t2_fixed__terminationS_24_0.smt2,662.982,0,9745,成功
/pub/data/jiafq/iscas/Parser_Comparison/../benchmarks/part68/non-incremental/QF_NIA/20170427-VeryMax/ITS/From_T2__slayer-3-new.t2_fixed__terminationS_25_0.smt2,654.136,0,9748,成功
/pub/data/jiafq/iscas/Parser_Comparison/../benchmarks/part68/non-incremental/QF_NIA/20170427-VeryMax/ITS/From_T2__slayer-3-new.t2_fixed__terminationS_26_0.smt2,665.71,0,9748,成功
/pub/data/jiafq/iscas/Parser_Comparison/../benchmarks/part68/non-incremental/QF_NIA/20170427-VeryMax/ITS/From_T2__slayer-3-new.t2_fixed__terminationS_27_0.smt2,664.737,0,9751,成功
/pub/data/jiafq/iscas/Parser_Comparison/../benchmarks/part68/non-incremental/QF_NIA/20170427-VeryMax/ITS/From_T2__slayer-3-new.t2_fixed__terminationS_28_0.smt2,659.209,0,9745,成功
/pub/data/jiafq/iscas/Parser_Comparison/../benchmarks/part68/non-incremental/QF_NIA/20170427-VeryMax/ITS/From_T2__slayer-3-new.t2_fixed__terminationS_29_0.smt2,649.108,0,9748,成功
/pub/data/jiafq/iscas/Parser_Comparison/../benchmarks/part68/non-incremental/QF_NIA/20170427-VeryMax/ITS/From_T2__slayer-3-new.t2_fixed__terminationS_30_0.smt2,657.906,0,9748,成功
/pub/data/jiafq/iscas/Parser_Comparison/../benchmarks/part68/non-incremental/QF_NIA/20170427-VeryMax/ITS/From_T2__slayer-3-new.t2_fixed__terminationS_31_0.smt2,646.521,0,9751,成功
/pub/data/jiafq/iscas/Parser_Comparison/../benchmarks/part68/non-incremental/QF_NIA/20170427-VeryMax/ITS/From_T2__slayer-3-new.t2_fixed__terminationS_32_0.smt2,675.335,0,9748,成功
/pub/data/jiafq/iscas/Parser_Comparison/../benchmarks/part68/non-incremental/QF_NIA/20170427-VeryMax/ITS/From_T2__slayer-3-new.t2_fixed__terminationS_33_0.smt2,667.995,0,9751,成功
/pub/data/jiafq/iscas/Parser_Comparison/../benchmarks/part68/non-incremental/QF_NIA/20170427-VeryMax/ITS/From_T2__slayer-3-new.t2_fixed__terminationS_34_0.smt2,663.324,0,9751,成功
/pub/data/jiafq/iscas/Parser_Comparison/../benchmarks/part68/non-incremental/QF_NIA/20170427-VeryMax/ITS/From_T2__slayer-3-new.t2_fixed__terminationS_35_0.smt2,652.303,0,9754,成功
/pub/data/jiafq/iscas/Parser_Comparison/../benchmarks/part68/non-incremental/QF_NIA/20170427-VeryMax/ITS/From_T2__slayer-3-new.t2_fixed__terminationS_36_0.smt2,635.366,0,9314,成功
/pub/data/jiafq/iscas/Parser_Comparison/../benchmarks/part68/non-incremental/QF_NIA/20170427-VeryMax/ITS/From_T2__slayer-3-new.t2_fixed__terminationS_37_0.smt2,634.348,0,9317,成功
/pub/data/jiafq/iscas/Parser_Comparison/../benchmarks/part68/non-incremental/QF_NIA/20170427-VeryMax/ITS/From_T2__slayer-3-new.t2_fixed__terminationS_38_0.smt2,645.121,0,9317,成功
/pub/data/jiafq/iscas/Parser_Comparison/../benchmarks/part68/non-incremental/QF_NIA/20170427-VeryMax/ITS/From_T2__slayer-3-new.t2_fixed__terminationS_39_0.smt2,641.511,0,9320,成功
/pub/data/jiafq/iscas/Parser_Comparison/../benchmarks/part68/non-incremental/QF_NIA/20170427-VeryMax/ITS/From_T2__slayer-3-new.t2_fixed__terminationS_4_0.smt2,585.798,0,8342,成功
/pub/data/jiafq/iscas/Parser_Comparison/../benchmarks/part68/non-incremental/QF_NIA/20170427-VeryMax/ITS/From_T2__slayer-3-new.t2_fixed__terminationS_5_0.smt2,582.591,0,8345,成功
/pub/data/jiafq/iscas/Parser_Comparison/../benchmarks/part68/non-incremental/QF_NIA/20170427-VeryMax/ITS/From_T2__slayer-3-new.t2_fixed__terminationS_6_0.smt2,588.93,0,8345,成功
/pub/data/jiafq/iscas/Parser_Comparison/../benchmarks/part68/non-incremental/QF_NIA/20170427-VeryMax/ITS/From_T2__slayer-3-new.t2_fixed__terminationS_7_0.smt2,584.743,0,8348,成功
/pub/data/jiafq/iscas/Parser_Comparison/../benchmarks/part68/non-incremental/QF_NIA/20170427-VeryMax/ITS/From_T2__slayer-3-new.t2_fixed__terminationS_8_0.smt2,593.315,0,8345,成功
/pub/data/jiafq/iscas/Parser_Comparison/../benchmarks/part68/non-incremental/QF_NIA/20170427-VeryMax/ITS/From_T2__slayer-3-new.t2_fixed__terminationS_9_0.smt2,588.534,0,8348,成功
/pub/data/jiafq/iscas/Parser_Comparison/../benchmarks/part68/non-incremental/QF_NIA/20170427-VeryMax/ITS/From_T2__slayer-3.t2__p22183_terminationG_0.smt2,407.383,0,7703,成功
/pub/data/jiafq/iscas/Parser_Comparison/../benchmarks/part68/non-incremental/QF_NIA/20170427-VeryMax/ITS/From_T2__slayer-3.t2__p22184_terminationG_0.smt2,696.652,0,11178,成功
/pub/data/jiafq/iscas/Parser_Comparison/../benchmarks/part68/non-incremental/QF_NIA/20170427-VeryMax/ITS/From_T2__slayer-3.t2__p22185_terminationG_0.smt2,1074.6,0,14768,成功
/pub/data/jiafq/iscas/Parser_Comparison/../benchmarks/part68/non-incremental/QF_NIA/20170427-VeryMax/ITS/From_T2__slayer-3.t2__p22188_terminationG_0.smt2,343.811,0,6428,成功
/pub/data/jiafq/iscas/Parser_Comparison/../benchmarks/part68/non-incremental/QF_NIA/20170427-VeryMax/ITS/From_T2__slayer-3.t2__p22189_terminationG_0.smt2,585.376,0,9352,成功
/pub/data/jiafq/iscas/Parser_Comparison/../benchmarks/part68/non-incremental/QF_NIA/20170427-VeryMax/ITS/From_T2__slayer-3.t2__p22190_terminationG_0.smt2,872.066,0,12289,成功
/pub/data/jiafq/iscas/Parser_Comparison/../benchmarks/part68/non-incremental/QF_NIA/20170427-VeryMax/ITS/From_T2__slayer-3.t2__p22193_terminationG_0.smt2,377.397,0,6434,成功
/pub/data/jiafq/iscas/Parser_Comparison/../benchmarks/part68/non-incremental/QF_NIA/20170427-VeryMax/ITS/From_T2__slayer-3.t2__p22194_terminationG_0.smt2,639.081,0,9358,成功
/pub/data/jiafq/iscas/Parser_Comparison/../benchmarks/part68/non-incremental/QF_NIA/20170427-VeryMax/ITS/From_T2__slayer-3.t2__p22195_terminationG_0.smt2,978.443,0,12295,成功
/pub/data/jiafq/iscas/Parser_Comparison/../benchmarks/part68/non-incremental/QF_NIA/20170427-VeryMax/ITS/From_T2__slayer-3.t2__p22200_terminationG_0.smt2,382.859,0,6448,成功
/pub/data/jiafq/iscas/Parser_Comparison/../benchmarks/part68/non-incremental/QF_NIA/20170427-VeryMax/ITS/From_T2__slayer-3.t2__p22201_terminationG_0.smt2,641.071,0,9372,成功
/pub/data/jiafq/iscas/Parser_Comparison/../benchmarks/part68/non-incremental/QF_NIA/20170427-VeryMax/ITS/From_T2__slayer-3.t2__p22202_terminationG_0.smt2,989.384,0,12309,成功
/pub/data/jiafq/iscas/Parser_Comparison/../benchmarks/part68/non-incremental/QF_NIA/20170427-VeryMax/ITS/From_T2__slayer-3.t2__p22205_terminationG_0.smt2,352.315,0,6466,成功
/pub/data/jiafq/iscas/Parser_Comparison/../benchmarks/part68/non-incremental/QF_NIA/20170427-VeryMax/ITS/From_T2__slayer-3.t2__p22206_terminationG_0.smt2,599.667,0,9390,成功
/pub/data/jiafq/iscas/Parser_Comparison/../benchmarks/part68/non-incremental/QF_NIA/20170427-VeryMax/ITS/From_T2__slayer-3.t2__p22207_terminationG_0.smt2,898.543,0,12327,成功
/pub/data/jiafq/iscas/Parser_Comparison/../benchmarks/part68/non-incremental/QF_NIA/20170427-VeryMax/ITS/From_T2__slayer-3.t2__p22210_terminationG_0.smt2,352.847,0,6479,成功
/pub/data/jiafq/iscas/Parser_Comparison/../benchmarks/part68/non-incremental/QF_NIA/20170427-VeryMax/ITS/From_T2__slayer-3.t2__p22211_terminationG_0.smt2,589.705,0,9402,成功
/pub/data/jiafq/iscas/Parser_Comparison/../benchmarks/part68/non-incremental/QF_NIA/20170427-VeryMax/ITS/From_T2__slayer-3.t2__p22212_terminationG_0.smt2,911.163,0,12339,成功
/pub/data/jiafq/iscas/Parser_Comparison/../benchmarks/part68/non-incremental/QF_NIA/20170427-VeryMax/ITS/From_T2__slayer-3.t2__p22216_terminationG_0.smt2,358.751,0,6495,成功
/pub/data/jiafq/iscas/Parser_Comparison/../benchmarks/part68/non-incremental/QF_NIA/20170427-VeryMax/ITS/From_T2__slayer-3.t2__p22217_terminationG_0.smt2,590.571,0,9418,成功
/pub/data/jiafq/iscas/Parser_Comparison/../benchmarks/part68/non-incremental/QF_NIA/20170427-VeryMax/ITS/From_T2__slayer-3.t2__p22218_terminationG_0.smt2,888.81,0,12355,成功
/pub/data/jiafq/iscas/Parser_Comparison/../benchmarks/part68/non-incremental/QF_NIA/20170427-VeryMax/ITS/From_T2__slayer-3.t2__p22221_terminationG_0.smt2,358.885,0,6508,成功
/pub/data/jiafq/iscas/Parser_Comparison/../benchmarks/part68/non-incremental/QF_NIA/20170427-VeryMax/ITS/From_T2__slayer-3.t2__p22222_terminationG_0.smt2,603.325,0,9430,成功
/pub/data/jiafq/iscas/Parser_Comparison/../benchmarks/part68/non-incremental/QF_NIA/20170427-VeryMax/ITS/From_T2__slayer-3.t2__p22223_terminationG_0.smt2,891.918,0,12367,成功
/pub/data/jiafq/iscas/Parser_Comparison/../benchmarks/part68/non-incremental/QF_NIA/20170427-VeryMax/ITS/From_T2__slayer-3.t2__p22226_terminationG_0.smt2,357.187,0,6524,成功
/pub/data/jiafq/iscas/Parser_Comparison/../benchmarks/part68/non-incremental/QF_NIA/20170427-VeryMax/ITS/From_T2__slayer-3.t2__p22227_terminationG_0.smt2,610.23,0,9446,成功
/pub/data/jiafq/iscas/Parser_Comparison/../benchmarks/part68/non-incremental/QF_NIA/20170427-VeryMax/ITS/From_T2__slayer-3.t2__p22228_terminationG_0.smt2,910.476,0,12383,成功
/pub/data/jiafq/iscas/Parser_Comparison/../benchmarks/part68/non-incremental/QF_NIA/20170427-VeryMax/ITS/From_T2__slayer-3.t2__p22231_terminationG_0.smt2,358.183,0,6537,成功
/pub/data/jiafq/iscas/Parser_Comparison/../benchmarks/part68/non-incremental/QF_NIA/20170427-VeryMax/ITS/From_T2__slayer-3.t2__p22232_terminationG_0.smt2,603.243,0,9458,成功
/pub/data/jiafq/iscas/Parser_Comparison/../benchmarks/part68/non-incremental/QF_NIA/20170427-VeryMax/ITS/From_T2__slayer-3.t2__p22233_terminationG_0.smt2,901.908,0,12395,成功
/pub/data/jiafq/iscas/Parser_Comparison/../benchmarks/part68/non-incremental/QF_NIA/20170427-VeryMax/ITS/From_T2__slayer-3.t2__p22238_terminationG_0.smt2,371.659,0,6613,成功
/pub/data/jiafq/iscas/Parser_Comparison/../benchmarks/part68/non-incremental/QF_NIA/20170427-VeryMax/ITS/From_T2__slayer-3.t2__p22239_terminationG_0.smt2,608.023,0,9530,成功
/pub/data/jiafq/iscas/Parser_Comparison/../benchmarks/part68/non-incremental/QF_NIA/20170427-VeryMax/ITS/From_T2__slayer-3.t2__p22240_terminationG_0.smt2,895.58,0,12475,成功
/pub/data/jiafq/iscas/Parser_Comparison/../benchmarks/part68/non-incremental/QF_NIA/20170427-VeryMax/ITS/From_T2__slayer-3.t2__p22243_terminationG_0.smt2,405.284,0,6626,成功
/pub/data/jiafq/iscas/Parser_Comparison/../benchmarks/part68/non-incremental/QF_NIA/20170427-VeryMax/ITS/From_T2__slayer-3.t2__p22244_terminationG_0.smt2,667.692,0,9542,成功
/pub/data/jiafq/iscas/Parser_Comparison/../benchmarks/part68/non-incremental/QF_NIA/20170427-VeryMax/ITS/From_T2__slayer-3.t2__p22245_terminationG_0.smt2,1008.93,0,12487,成功
/pub/data/jiafq/iscas/Parser_Comparison/../benchmarks/part68/non-incremental/QF_NIA/20170427-VeryMax/ITS/From_T2__slayer-3.t2__p22248_terminationG_0.smt2,411.794,0,6642,成功
/pub/data/jiafq/iscas/Parser_Comparison/../benchmarks/part68/non-incremental/QF_NIA/20170427-VeryMax/ITS/From_T2__slayer-3.t2__p22249_terminationG_0.smt2,657.499,0,9558,成功
/pub/data/jiafq/iscas/Parser_Comparison/../benchmarks/part68/non-incremental/QF_NIA/20170427-VeryMax/ITS/From_T2__slayer-3.t2__p22250_terminationG_0.smt2,1000.53,0,12503,成功
/pub/data/jiafq/iscas/Parser_Comparison/../benchmarks/part68/non-incremental/QF_NIA/20170427-VeryMax/ITS/From_T2__slayer-3.t2__p22253_terminationG_0.smt2,384.167,0,6654,成功
/pub/data/jiafq/iscas/Parser_Comparison/../benchmarks/part68/non-incremental/QF_NIA/20170427-VeryMax/ITS/From_T2__slayer-3.t2__p22254_terminationG_0.smt2,617.297,0,9570,成功
/pub/data/jiafq/iscas/Parser_Comparison/../benchmarks/part68/non-incremental/QF_NIA/20170427-VeryMax/ITS/From_T2__slayer-3.t2__p22255_terminationG_0.smt2,917.451,0,12515,成功
/pub/data/jiafq/iscas/Parser_Comparison/../benchmarks/part68/non-incremental/QF_NIA/20170427-VeryMax/ITS/From_T2__slayer-3.t2__p22261_terminationG_0.smt2,378.763,0,6668,成功
/pub/data/jiafq/iscas/Parser_Comparison/../benchmarks/part68/non-incremental/QF_NIA/20170427-VeryMax/ITS/From_T2__slayer-3.t2__p22262_terminationG_0.smt2,640.648,0,9583,成功
/pub/data/jiafq/iscas/Parser_Comparison/../benchmarks/part68/non-incremental/QF_NIA/20170427-VeryMax/ITS/From_T2__slayer-3.t2__p22263_terminationG_0.smt2,918.365,0,12528,成功
/pub/data/jiafq/iscas/Parser_Comparison/../benchmarks/part68/non-incremental/QF_NIA/20170427-VeryMax/ITS/From_T2__slayer-3.t2__p22266_terminationG_0.smt2,382.162,0,6684,成功
/pub/data/jiafq/iscas/Parser_Comparison/../benchmarks/part68/non-incremental/QF_NIA/20170427-VeryMax/ITS/From_T2__slayer-3.t2__p22267_terminationG_0.smt2,629.903,0,9599,成功
/pub/data/jiafq/iscas/Parser_Comparison/../benchmarks/part68/non-incremental/QF_NIA/20170427-VeryMax/ITS/From_T2__slayer-3.t2__p22268_terminationG_0.smt2,935.809,0,12544,成功
/pub/data/jiafq/iscas/Parser_Comparison/../benchmarks/part68/non-incremental/QF_NIA/20170427-VeryMax/ITS/From_T2__slayer-3.t2__p22273_terminationG_0.smt2,380.387,0,6697,成功
/pub/data/jiafq/iscas/Parser_Comparison/../benchmarks/part68/non-incremental/QF_NIA/20170427-VeryMax/ITS/From_T2__slayer-3.t2__p22274_terminationG_0.smt2,623.523,0,9611,成功
/pub/data/jiafq/iscas/Parser_Comparison/../benchmarks/part68/non-incremental/QF_NIA/20170427-VeryMax/ITS/From_T2__slayer-3.t2__p22275_terminationG_0.smt2,936.198,0,12556,成功
/pub/data/jiafq/iscas/Parser_Comparison/../benchmarks/part68/non-incremental/QF_NIA/20170427-VeryMax/ITS/From_T2__slayer-3.t2__p22278_terminationG_0.smt2,384.391,0,6713,成功
/pub/data/jiafq/iscas/Parser_Comparison/../benchmarks/part68/non-incremental/QF_NIA/20170427-VeryMax/ITS/From_T2__slayer-3.t2__p22279_terminationG_0.smt2,625.126,0,9627,成功
/pub/data/jiafq/iscas/Parser_Comparison/../benchmarks/part68/non-incremental/QF_NIA/20170427-VeryMax/ITS/From_T2__slayer-3.t2__p22280_terminationG_0.smt2,912.04,0,12572,成功
/pub/data/jiafq/iscas/Parser_Comparison/../benchmarks/part68/non-incremental/QF_NIA/20170427-VeryMax/ITS/From_T2__slayer-3.t2__p22283_terminationG_0.smt2,387.88,0,6729,成功
/pub/data/jiafq/iscas/Parser_Comparison/../benchmarks/part68/non-incremental/QF_NIA/20170427-VeryMax/ITS/From_T2__slayer-3.t2__p22284_terminationG_0.smt2,615.595,0,9643,成功
/pub/data/jiafq/iscas/Parser_Comparison/../benchmarks/part68/non-incremental/QF_NIA/20170427-VeryMax/ITS/From_T2__slayer-3.t2__p22285_terminationG_0.smt2,930.6,0,12588,成功
/pub/data/jiafq/iscas/Parser_Comparison/../benchmarks/part68/non-incremental/QF_NIA/20170427-VeryMax/ITS/From_T2__slayer-3.t2__p22288_terminationG_0.smt2,394.331,0,6745,成功
/pub/data/jiafq/iscas/Parser_Comparison/../benchmarks/part68/non-incremental/QF_NIA/20170427-VeryMax/ITS/From_T2__slayer-3.t2__p22289_terminationG_0.smt2,624.061,0,9659,成功
/pub/data/jiafq/iscas/Parser_Comparison/../benchmarks/part68/non-incremental/QF_NIA/20170427-VeryMax/ITS/From_T2__slayer-3.t2__p22290_terminationG_0.smt2,946.732,0,12604,成功
/pub/data/jiafq/iscas/Parser_Comparison/../benchmarks/part68/non-incremental/QF_NIA/20170427-VeryMax/ITS/From_T2__slayer-3.t2__p22294_terminationG_0.smt2,383.314,0,6758,成功
/pub/data/jiafq/iscas/Parser_Comparison/../benchmarks/part68/non-incremental/QF_NIA/20170427-VeryMax/ITS/From_T2__slayer-3.t2__p22295_terminationG_0.smt2,637.774,0,9671,成功
/pub/data/jiafq/iscas/Parser_Comparison/../benchmarks/part68/non-incremental/QF_NIA/20170427-VeryMax/ITS/From_T2__slayer-3.t2__p22296_terminationG_0.smt2,939.542,0,12616,成功
/pub/data/jiafq/iscas/Parser_Comparison/../benchmarks/part68/non-incremental/QF_NIA/20170427-VeryMax/ITS/From_T2__slayer-3.t2__p22301_terminationG_0.smt2,397.256,0,6774,成功
/pub/data/jiafq/iscas/Parser_Comparison/../benchmarks/part68/non-incremental/QF_NIA/20170427-VeryMax/ITS/From_T2__slayer-3.t2__p22302_terminationG_0.smt2,621.33,0,9687,成功
/pub/data/jiafq/iscas/Parser_Comparison/../benchmarks/part68/non-incremental/QF_NIA/20170427-VeryMax/ITS/From_T2__slayer-3.t2__p22303_terminationG_0.smt2,944.373,0,12632,成功
/pub/data/jiafq/iscas/Parser_Comparison/../benchmarks/part68/non-incremental/QF_NIA/20170427-VeryMax/ITS/From_T2__slayer-3.t2__p22306_terminationG_0.smt2,393.923,0,6790,成功
/pub/data/jiafq/iscas/Parser_Comparison/../benchmarks/part68/non-incremental/QF_NIA/20170427-VeryMax/ITS/From_T2__slayer-3.t2__p22307_terminationG_0.smt2,637.477,0,9703,成功
/pub/data/jiafq/iscas/Parser_Comparison/../benchmarks/part68/non-incremental/QF_NIA/20170427-VeryMax/ITS/From_T2__slayer-3.t2__p22308_terminationG_0.smt2,967.814,0,12648,成功
/pub/data/jiafq/iscas/Parser_Comparison/../benchmarks/part68/non-incremental/QF_NIA/20170427-VeryMax/ITS/From_T2__slayer-3.t2__p22311_terminationG_0.smt2,395.759,0,6806,成功
/pub/data/jiafq/iscas/Parser_Comparison/../benchmarks/part68/non-incremental/QF_NIA/20170427-VeryMax/ITS/From_T2__slayer-3.t2__p22312_terminationG_0.smt2,642.612,0,9719,成功
/pub/data/jiafq/iscas/Parser_Comparison/../benchmarks/part68/non-incremental/QF_NIA/20170427-VeryMax/ITS/From_T2__slayer-3.t2__p22313_terminationG_0.smt2,924.913,0,12664,成功
/pub/data/jiafq/iscas/Parser_Comparison/../benchmarks/part68/non-incremental/QF_NIA/20170427-VeryMax/ITS/From_T2__slayer-3.t2__p22316_terminationG_0.smt2,408.056,0,6894,成功
/pub/data/jiafq/iscas/Parser_Comparison/../benchmarks/part68/non-incremental/QF_NIA/20170427-VeryMax/ITS/From_T2__slayer-3.t2__p22317_terminationG_0.smt2,648.689,0,9815,成功
/pub/data/jiafq/iscas/Parser_Comparison/../benchmarks/part68/non-incremental/QF_NIA/20170427-VeryMax/ITS/From_T2__slayer-3.t2__p22318_terminationG_0.smt2,946.392,0,12768,成功
/pub/data/jiafq/iscas/Parser_Comparison/../benchmarks/part68/non-incremental/QF_NIA/20170427-VeryMax/ITS/From_T2__slayer-3.t2__p22325_safety_0.smt2,53.6223,0,895,成功
/pub/data/jiafq/iscas/Parser_Comparison/../benchmarks/part68/non-incremental/QF_NIA/20170427-VeryMax/ITS/From_T2__slayer-3.t2__p22334_safety_0.smt2,54.6452,0,947,成功
/pub/data/jiafq/iscas/Parser_Comparison/../benchmarks/part68/non-incremental/QF_NIA/20170427-VeryMax/ITS/From_T2__slayer-3.t2__p22336_safety_0.smt2,97.3502,0,1610,成功
/pub/data/jiafq/iscas/Parser_Comparison/../benchmarks/part68/non-incremental/QF_NIA/20170427-VeryMax/ITS/From_T2__slayer-3.t2__p22337_safety_0.smt2,139.92,0,2181,成功
/pub/data/jiafq/iscas/Parser_Comparison/../benchmarks/part68/non-incremental/QF_NIA/20170427-VeryMax/ITS/From_T2__slayer-3.t2__p22339_safety_0.smt2,55.6217,0,725,成功
/pub/data/jiafq/iscas/Parser_Comparison/../benchmarks/part68/non-incremental/QF_NIA/20170427-VeryMax/ITS/From_T2__slayer-3.t2__p22341_safety_0.smt2,55.7791,0,972,成功
/pub/data/jiafq/iscas/Parser_Comparison/../benchmarks/part68/non-incremental/QF_NIA/20170427-VeryMax/ITS/From_T2__slayer-3.t2__p22345_safety_0.smt2,56.8024,0,988,成功
/pub/data/jiafq/iscas/Parser_Comparison/../benchmarks/part68/non-incremental/QF_NIA/20170427-VeryMax/ITS/From_T2__slayer-3.t2__p22347_safety_0.smt2,94.3581,0,1617,成功
/pub/data/jiafq/iscas/Parser_Comparison/../benchmarks/part68/non-incremental/QF_NIA/20170427-VeryMax/ITS/From_T2__slayer-3.t2__p22348_safety_0.smt2,140.774,0,2191,成功
/pub/data/jiafq/iscas/Parser_Comparison/../benchmarks/part68/non-incremental/QF_NIA/20170427-VeryMax/ITS/From_T2__slayer-3.t2__p22350_safety_0.smt2,425.906,0,5186,成功
/pub/data/jiafq/iscas/Parser_Comparison/../benchmarks/part68/non-incremental/QF_NIA/20170427-VeryMax/ITS/From_T2__slayer-3.t2__p22351_safety_0.smt2,695.571,0,7466,成功
/pub/data/jiafq/iscas/Parser_Comparison/../benchmarks/part68/non-incremental/QF_NIA/20170427-VeryMax/ITS/From_T2__slayer-3.t2__p22353_safety_0.smt2,96.6716,0,1404,成功
/pub/data/jiafq/iscas/Parser_Comparison/../benchmarks/part68/non-incremental/QF_NIA/20170427-VeryMax/ITS/From_T2__slayer-3.t2__p22354_safety_0.smt2,143.566,0,1871,成功
/pub/data/jiafq/iscas/Parser_Comparison/../benchmarks/part68/non-incremental/QF_NIA/20170427-VeryMax/ITS/From_T2__slayer-3.t2__p22357_safety_0.smt2,143.925,0,2189,成功
/pub/data/jiafq/iscas/Parser_Comparison/../benchmarks/part68/non-incremental/QF_NIA/20170427-VeryMax/ITS/From_T2__slayer-3.t2__p22361_safety_0.smt2,52.4889,0,958,成功
/pub/data/jiafq/iscas/Parser_Comparison/../benchmarks/part68/non-incremental/QF_NIA/20170427-VeryMax/ITS/From_T2__slayer-3.t2__p22363_safety_0.smt2,55.3773,0,974,成功
/pub/data/jiafq/iscas/Parser_Comparison/../benchmarks/part68/non-incremental/QF_NIA/20170427-VeryMax/ITS/From_T2__slayer-3.t2__p22365_safety_0.smt2,95.5305,0,1623,成功
/pub/data/jiafq/iscas/Parser_Comparison/../benchmarks/part68/non-incremental/QF_NIA/20170427-VeryMax/ITS/From_T2__slayer-3.t2__p22366_safety_0.smt2,143.376,0,2196,成功
/pub/data/jiafq/iscas/Parser_Comparison/../benchmarks/part68/non-incremental/QF_NIA/20170427-VeryMax/ITS/From_T2__slayer-3.t2__p22367_safety_0.smt2,213.296,0,3154,成功
/pub/data/jiafq/iscas/Parser_Comparison/../benchmarks/part68/non-incremental/QF_NIA/20170427-VeryMax/ITS/From_T2__slayer-3.t2__p22368_safety_0.smt2,451.112,0,5256,成功
/pub/data/jiafq/iscas/Parser_Comparison/../benchmarks/part68/non-incremental/QF_NIA/20170427-VeryMax/ITS/From_T2__slayer-3.t2__p22369_safety_0.smt2,703.987,0,7552,成功
/pub/data/jiafq/iscas/Parser_Comparison/../benchmarks/part68/non-incremental/QF_NIA/20170427-VeryMax/ITS/From_T2__slayer-3.t2__p22377_safety_0.smt2,48.4028,0,904,成功
/pub/data/jiafq/iscas/Parser_Comparison/../benchmarks/part68/non-incremental/QF_NIA/20170427-VeryMax/ITS/From_T2__slayer-3.t2__p22380_safety_0.smt2,149.192,0,1889,成功
/pub/data/jiafq/iscas/Parser_Comparison/../benchmarks/part68/non-incremental/QF_NIA/20170427-VeryMax/ITS/From_T2__slayer-3.t2__p22384_safety_0.smt2,52.554,0,968,成功
/pub/data/jiafq/iscas/Parser_Comparison/../benchmarks/part68/non-incremental/QF_NIA/20170427-VeryMax/ITS/From_T2__slayer-3.t2__p22389_safety_0.smt2,142.647,0,2210,成功
/pub/data/jiafq/iscas/Parser_Comparison/../benchmarks/part68/non-incremental/QF_NIA/20170427-VeryMax/ITS/From_T2__slayer-3.t2__p22393_safety_0.smt2,56.6604,0,994,成功
/pub/data/jiafq/iscas/Parser_Comparison/../benchmarks/part68/non-incremental/QF_NIA/20170427-VeryMax/ITS/From_T2__slayer-3.t2__p22395_safety_0.smt2,58.5402,0,1016,成功
/pub/data/jiafq/iscas/Parser_Comparison/../benchmarks/part68/non-incremental/QF_NIA/20170427-VeryMax/ITS/From_T2__slayer-3.t2__p22397_safety_0.smt2,103.831,0,1642,成功
/pub/data/jiafq/iscas/Parser_Comparison/../benchmarks/part68/non-incremental/QF_NIA/20170427-VeryMax/ITS/From_T2__slayer-3.t2__p22398_safety_0.smt2,145.631,0,2220,成功
/pub/data/jiafq/iscas/Parser_Comparison/../benchmarks/part68/non-incremental/QF_NIA/20170427-VeryMax/ITS/From_T2__slayer-3.t2__p22399_safety_0.smt2,202.319,0,3366,成功
/pub/data/jiafq/iscas/Parser_Comparison/../benchmarks/part68/non-incremental/QF_NIA/20170427-VeryMax/ITS/From_T2__slayer-3.t2__p22400_safety_0.smt2,421.609,0,5679,成功
/pub/data/jiafq/iscas/Parser_Comparison/../benchmarks/part68/non-incremental/QF_NIA/20170427-VeryMax/ITS/From_T2__slayer-3.t2__p22401_safety_0.smt2,694.829,0,8185,成功
/pub/data/jiafq/iscas/Parser_Comparison/../benchmarks/part68/non-incremental/QF_NIA/20170427-VeryMax/ITS/From_T2__slayer-3.t2__p22404_edge_closing_0.smt2,2315.05,0,56055,成功
/pub/data/jiafq/iscas/Parser_Comparison/../benchmarks/part68/non-incremental/QF_NIA/20170427-VeryMax/ITS/From_T2__slayer-3.t2__p22405_edge_closing_0.smt2,2953.88,0,67731,成功
/pub/data/jiafq/iscas/Parser_Comparison/../benchmarks/part68/non-incremental/QF_NIA/20170427-VeryMax/ITS/From_T2__slayer-3.t2__p22406_edge_closing_0.smt2,3746.82,0,79495,成功
/pub/data/jiafq/iscas/Parser_Comparison/../benchmarks/part68/non-incremental/QF_NIA/20170427-VeryMax/ITS/From_T2__slayer-3.t2_fixed__p22133_terminationG_0.smt2,1022.07,0,22834,成功
/pub/data/jiafq/iscas/Parser_Comparison/../benchmarks/part68/non-incremental/QF_NIA/20170427-VeryMax/ITS/From_T2__slayer-3.t2_fixed__p22134_terminationG_0.smt2,1891.13,0,34154,成功
/pub/data/jiafq/iscas/Parser_Comparison/../benchmarks/part68/non-incremental/QF_NIA/20170427-VeryMax/ITS/From_T2__slayer-3.t2_fixed__p22135_terminationG_0.smt2,3000.46,0,45926,成功
/pub/data/jiafq/iscas/Parser_Comparison/../benchmarks/part68/non-incremental/QF_NIA/20170427-VeryMax/ITS/From_T2__slayer-3.t2_fixed__p22141_safety_0.smt2,62.782,0,771,成功
/pub/data/jiafq/iscas/Parser_Comparison/../benchmarks/part68/non-incremental/QF_NIA/20170427-VeryMax/ITS/From_T2__slayer-3.t2_fixed__p22143_safety_0.smt2,43.092,0,833,成功
/pub/data/jiafq/iscas/Parser_Comparison/../benchmarks/part68/non-incremental/QF_NIA/20170427-VeryMax/ITS/From_T2__slayer-3.t2_fixed__p22145_safety_0.smt2,26.5666,0,563,成功
/pub/data/jiafq/iscas/Parser_Comparison/../benchmarks/part68/non-incremental/QF_NIA/20170427-VeryMax/ITS/From_T2__slayer-3.t2_fixed__p22146_safety_0.smt2,44.0236,0,829,成功
/pub/data/jiafq/iscas/Parser_Comparison/../benchmarks/part68/non-incremental/QF_NIA/20170427-VeryMax/ITS/From_T2__slayer-3.t2_fixed__p22147_safety_0.smt2,62.649,0,1107,成功
/pub/data/jiafq/iscas/Parser_Comparison/../benchmarks/part68/non-incremental/QF_NIA/20170427-VeryMax/ITS/From_T2__slayer-3.t2_fixed__p22154_safety_0.smt2,144.354,0,1570,成功
/pub/data/jiafq/iscas/Parser_Comparison/../benchmarks/part68/non-incremental/QF_NIA/20170427-VeryMax/ITS/From_T2__slayer-3.t2_fixed__p22159_safety_0.smt2,46.6691,0,885,成功
/pub/data/jiafq/iscas/Parser_Comparison/../benchmarks/part68/non-incremental/QF_NIA/20170427-VeryMax/ITS/From_T2__slayer-3.t2_fixed__p22160_safety_0.smt2,71.455,0,1186,成功
/pub/data/jiafq/iscas/Parser_Comparison/../benchmarks/part68/non-incremental/QF_NIA/20170427-VeryMax/ITS/From_T2__slayer-3.t2_fixed__p22162_safety_0.smt2,47.4596,0,884,成功
/pub/data/jiafq/iscas/Parser_Comparison/../benchmarks/part68/non-incremental/QF_NIA/20170427-VeryMax/ITS/From_T2__slayer-3.t2_fixed__p22163_safety_0.smt2,71.7702,0,1185,成功
/pub/data/jiafq/iscas/Parser_Comparison/../benchmarks/part68/non-incremental/QF_NIA/20170427-VeryMax/ITS/From_T2__slayer-3.t2_fixed__p22165_safety_0.smt2,90.9354,0,1301,成功
/pub/data/jiafq/iscas/Parser_Comparison/../benchmarks/part68/non-incremental/QF_NIA/20170427-VeryMax/ITS/From_T2__slayer-3.t2_fixed__p22166_safety_0.smt2,142.17,0,1830,成功
/pub/data/jiafq/iscas/Parser_Comparison/../benchmarks/part68/non-incremental/QF_NIA/20170427-VeryMax/ITS/From_T2__slayer-3.t2_fixed__p22168_edge_closing_0.smt2,11432.8,0,83769,成功
/pub/data/jiafq/iscas/Parser_Comparison/../benchmarks/part68/non-incremental/QF_NIA/20170427-VeryMax/ITS/From_T2__slayer-3.t2_fixed__p22169_edge_closing_0.smt2,12874.6,0,104086,成功
/pub/data/jiafq/iscas/Parser_Comparison/../benchmarks/part68/non-incremental/QF_NIA/20170427-VeryMax/ITS/From_T2__slayer-3.t2_fixed__p22170_edge_closing_0.smt2,14274.2,0,124906,成功
/pub/data/jiafq/iscas/Parser_Comparison/../benchmarks/part68/non-incremental/QF_NIA/20170427-VeryMax/ITS/From_T2__slayer-3.t2_fixed__term_unfeasibility_2_0.smt2,599.35,0,7925,成功
/pub/data/jiafq/iscas/Parser_Comparison/../benchmarks/part68/non-incremental/QF_NIA/20170427-VeryMax/ITS/From_T2__slayer-3.t2_fixed__terminationQ_0_0.smt2,1014.69,0,23006,成功
/pub/data/jiafq/iscas/Parser_Comparison/../benchmarks/part68/non-incremental/QF_NIA/20170427-VeryMax/ITS/From_T2__slayer-3.t2_fixed__terminationS_10_0.smt2,633.235,0,9253,成功
/pub/data/jiafq/iscas/Parser_Comparison/../benchmarks/part68/non-incremental/QF_NIA/20170427-VeryMax/ITS/From_T2__slayer-3.t2_fixed__terminationS_11_0.smt2,629.812,0,9256,成功
/pub/data/jiafq/iscas/Parser_Comparison/../benchmarks/part68/non-incremental/QF_NIA/20170427-VeryMax/ITS/From_T2__slayer-3.t2_fixed__terminationS_12_0.smt2,666.434,0,9712,成功
/pub/data/jiafq/iscas/Parser_Comparison/../benchmarks/part68/non-incremental/QF_NIA/20170427-VeryMax/ITS/From_T2__slayer-3.t2_fixed__terminationS_13_0.smt2,670.393,0,9715,成功
/pub/data/jiafq/iscas/Parser_Comparison/../benchmarks/part68/non-incremental/QF_NIA/20170427-VeryMax/ITS/From_T2__slayer-3.t2_fixed__terminationS_14_0.smt2,659.384,0,9715,成功
/pub/data/jiafq/iscas/Parser_Comparison/../benchmarks/part68/non-incremental/QF_NIA/20170427-VeryMax/ITS/From_T2__slayer-3.t2_fixed__terminationS_15_0.smt2,656.49,0,9718,成功
/pub/data/jiafq/iscas/Parser_Comparison/../benchmarks/part68/non-incremental/QF_NIA/20170427-VeryMax/ITS/From_T2__slayer-3.t2_fixed__terminationS_16_0.smt2,654.259,0,9715,成功
/pub/data/jiafq/iscas/Parser_Comparison/../benchmarks/part68/non-incremental/QF_NIA/20170427-VeryMax/ITS/From_T2__slayer-3.t2_fixed__terminationS_17_0.smt2,658.389,0,9718,成功
/pub/data/jiafq/iscas/Parser_Comparison/../benchmarks/part68/non-incremental/QF_NIA/20170427-VeryMax/ITS/From_T2__slayer-3.t2_fixed__terminationS_18_0.smt2,659.138,0,9718,成功
/pub/data/jiafq/iscas/Parser_Comparison/../benchmarks/part68/non-incremental/QF_NIA/20170427-VeryMax/ITS/From_T2__slayer-3.t2_fixed__terminationS_19_0.smt2,660.041,0,9721,成功
/pub/data/jiafq/iscas/Parser_Comparison/../benchmarks/part68/non-incremental/QF_NIA/20170427-VeryMax/ITS/From_T2__slayer-3.t2_fixed__terminationS_1_0.smt2,663.253,0,9196,成功
/pub/data/jiafq/iscas/Parser_Comparison/../benchmarks/part68/non-incremental/QF_NIA/20170427-VeryMax/ITS/From_T2__slayer-3.t2_fixed__terminationS_20_0.smt2,726.713,0,10647,成功
/pub/data/jiafq/iscas/Parser_Comparison/../benchmarks/part68/non-incremental/QF_NIA/20170427-VeryMax/ITS/From_T2__slayer-3.t2_fixed__terminationS_21_0.smt2,720.891,0,10650,成功
/pub/data/jiafq/iscas/Parser_Comparison/../benchmarks/part68/non-incremental/QF_NIA/20170427-VeryMax/ITS/From_T2__slayer-3.t2_fixed__terminationS_22_0.smt2,722.214,0,10650,成功
/pub/data/jiafq/iscas/Parser_Comparison/../benchmarks/part68/non-incremental/QF_NIA/20170427-VeryMax/ITS/From_T2__slayer-3.t2_fixed__terminationS_23_0.smt2,711.816,0,10653,成功
/pub/data/jiafq/iscas/Parser_Comparison/../benchmarks/part68/non-incremental/QF_NIA/20170427-VeryMax/ITS/From_T2__slayer-3.t2_fixed__terminationS_24_0.smt2,704.342,0,10650,成功
/pub/data/jiafq/iscas/Parser_Comparison/../benchmarks/part68/non-incremental/QF_NIA/20170427-VeryMax/ITS/From_T2__slayer-3.t2_fixed__terminationS_25_0.smt2,730.005,0,10653,成功
/pub/data/jiafq/iscas/Parser_Comparison/../benchmarks/part68/non-incremental/QF_NIA/20170427-VeryMax/ITS/From_T2__slayer-3.t2_fixed__terminationS_26_0.smt2,724.833,0,10653,成功
/pub/data/jiafq/iscas/Parser_Comparison/../benchmarks/part68/non-incremental/QF_NIA/20170427-VeryMax/ITS/From_T2__slayer-3.t2_fixed__terminationS_27_0.smt2,716.582,0,10656,成功
/pub/data/jiafq/iscas/Parser_Comparison/../benchmarks/part68/non-incremental/QF_NIA/20170427-VeryMax/ITS/From_T2__slayer-3.t2_fixed__terminationS_28_0.smt2,705.339,0,10650,成功
/pub/data/jiafq/iscas/Parser_Comparison/../benchmarks/part68/non-incremental/QF_NIA/20170427-VeryMax/ITS/From_T2__slayer-3.t2_fixed__terminationS_29_0.smt2,729.414,0,10653,成功
/pub/data/jiafq/iscas/Parser_Comparison/../benchmarks/part68/non-incremental/QF_NIA/20170427-VeryMax/ITS/From_T2__slayer-3.t2_fixed__terminationS_30_0.smt2,730.556,0,10653,成功
/pub/data/jiafq/iscas/Parser_Comparison/../benchmarks/part68/non-incremental/QF_NIA/20170427-VeryMax/ITS/From_T2__slayer-3.t2_fixed__terminationS_31_0.smt2,725.269,0,10656,成功
/pub/data/jiafq/iscas/Parser_Comparison/../benchmarks/part68/non-incremental/QF_NIA/20170427-VeryMax/ITS/From_T2__slayer-3.t2_fixed__terminationS_32_0.smt2,722.843,0,10653,成功
/pub/data/jiafq/iscas/Parser_Comparison/../benchmarks/part68/non-incremental/QF_NIA/20170427-VeryMax/ITS/From_T2__slayer-3.t2_fixed__terminationS_33_0.smt2,736.028,0,10656,成功
/pub/data/jiafq/iscas/Parser_Comparison/../benchmarks/part68/non-incremental/QF_NIA/20170427-VeryMax/ITS/From_T2__slayer-3.t2_fixed__terminationS_34_0.smt2,712.55,0,10656,成功
/pub/data/jiafq/iscas/Parser_Comparison/../benchmarks/part68/non-incremental/QF_NIA/20170427-VeryMax/ITS/From_T2__slayer-3.t2_fixed__terminationS_35_0.smt2,719.723,0,10659,成功
/pub/data/jiafq/iscas/Parser_Comparison/../benchmarks/part68/non-incremental/QF_NIA/20170427-VeryMax/ITS/From_T2__slayer-3.t2_fixed__terminationS_36_0.smt2,708.972,0,10203,成功
/pub/data/jiafq/iscas/Parser_Comparison/../benchmarks/part68/non-incremental/QF_NIA/20170427-VeryMax/ITS/From_T2__slayer-3.t2_fixed__terminationS_37_0.smt2,684.817,0,10206,成功
/pub/data/jiafq/iscas/Parser_Comparison/../benchmarks/part68/non-incremental/QF_NIA/20170427-VeryMax/ITS/From_T2__slayer-3.t2_fixed__terminationS_38_0.smt2,684.886,0,10206,成功
/pub/data/jiafq/iscas/Parser_Comparison/../benchmarks/part68/non-incremental/QF_NIA/20170427-VeryMax/ITS/From_T2__slayer-3.t2_fixed__terminationS_39_0.smt2,691.732,0,10209,成功
/pub/data/jiafq/iscas/Parser_Comparison/../benchmarks/part68/non-incremental/QF_NIA/20170427-VeryMax/ITS/From_T2__slayer-3.t2_fixed__terminationS_4_0.smt2,709.693,0,9247,成功
/pub/data/jiafq/iscas/Parser_Comparison/../benchmarks/part68/non-incremental/QF_NIA/20170427-VeryMax/ITS/From_T2__slayer-3.t2_fixed__terminationS_5_0.smt2,652.783,0,9250,成功
/pub/data/jiafq/iscas/Parser_Comparison/../benchmarks/part68/non-incremental/QF_NIA/20170427-VeryMax/ITS/From_T2__slayer-3.t2_fixed__terminationS_6_0.smt2,648.603,0,9250,成功
/pub/data/jiafq/iscas/Parser_Comparison/../benchmarks/part68/non-incremental/QF_NIA/20170427-VeryMax/ITS/From_T2__slayer-3.t2_fixed__terminationS_7_0.smt2,650.168,0,9253,成功
/pub/data/jiafq/iscas/Parser_Comparison/../benchmarks/part68/non-incremental/QF_NIA/20170427-VeryMax/ITS/From_T2__slayer-3.t2_fixed__terminationS_8_0.smt2,638.525,0,9250,成功
/pub/data/jiafq/iscas/Parser_Comparison/../benchmarks/part68/non-incremental/QF_NIA/20170427-VeryMax/ITS/From_T2__slayer-3.t2_fixed__terminationS_9_0.smt2,640.832,0,9253,成功
/pub/data/jiafq/iscas/Parser_Comparison/../benchmarks/part68/non-incremental/QF_NIA/20170427-VeryMax/ITS/From_T2__slayer-4-filtered.t2__p22432_terminationG_0.smt2,518.763,0,12792,成功
/pub/data/jiafq/iscas/Parser_Comparison/../benchmarks/part68/non-incremental/QF_NIA/20170427-VeryMax/ITS/From_T2__slayer-4-filtered.t2__p22433_terminationG_0.smt2,887.033,0,17268,成功
/pub/data/jiafq/iscas/Parser_Comparison/../benchmarks/part68/non-incremental/QF_NIA/20170427-VeryMax/ITS/From_T2__slayer-4-filtered.t2__p22434_terminationG_0.smt2,1316.62,0,21898,成功
/pub/data/jiafq/iscas/Parser_Comparison/../benchmarks/part68/non-incremental/QF_NIA/20170427-VeryMax/ITS/From_T2__slayer-4-filtered.t2__p22437_terminationG_0.smt2,323.809,0,8032,成功
/pub/data/jiafq/iscas/Parser_Comparison/../benchmarks/part68/non-incremental/QF_NIA/20170427-VeryMax/ITS/From_T2__slayer-4-filtered.t2__p22438_terminationG_0.smt2,551.696,0,10753,成功
/pub/data/jiafq/iscas/Parser_Comparison/../benchmarks/part68/non-incremental/QF_NIA/20170427-VeryMax/ITS/From_T2__slayer-4-filtered.t2__p22439_terminationG_0.smt2,833.67,0,13537,成功
/pub/data/jiafq/iscas/Parser_Comparison/../benchmarks/part68/non-incremental/QF_NIA/20170427-VeryMax/ITS/From_T2__slayer-4-filtered.t2__p22442_terminationG_0.smt2,217.113,0,5247,成功
/pub/data/jiafq/iscas/Parser_Comparison/../benchmarks/part68/non-incremental/QF_NIA/20170427-VeryMax/ITS/From_T2__slayer-4-filtered.t2__p22443_terminationG_0.smt2,368.114,0,6988,成功
/pub/data/jiafq/iscas/Parser_Comparison/../benchmarks/part68/non-incremental/QF_NIA/20170427-VeryMax/ITS/From_T2__slayer-4-filtered.t2__p22444_terminationG_0.smt2,533.171,0,8800,成功
/pub/data/jiafq/iscas/Parser_Comparison/../benchmarks/part68/non-incremental/QF_NIA/20170427-VeryMax/ITS/From_T2__slayer-4-filtered.t2__p22447_safety_0.smt2,83.6094,0,1005,成功
/pub/data/jiafq/iscas/Parser_Comparison/../benchmarks/part68/non-incremental/QF_NIA/20170427-VeryMax/ITS/From_T2__slayer-4-filtered.t2__p22455_safety_0.smt2,128.5,0,1603,成功
/pub/data/jiafq/iscas/Parser_Comparison/../benchmarks/part68/non-incremental/QF_NIA/20170427-VeryMax/ITS/From_T2__slayer-4-filtered.t2__p22457_safety_0.smt2,137.197,0,1687,成功
/pub/data/jiafq/iscas/Parser_Comparison/../benchmarks/part68/non-incremental/QF_NIA/20170427-VeryMax/ITS/From_T2__slayer-4-filtered.t2__p22460_safety_0.smt2,91.846,0,1512,成功
/pub/data/jiafq/iscas/Parser_Comparison/../benchmarks/part68/non-incremental/QF_NIA/20170427-VeryMax/ITS/From_T2__slayer-4-filtered.t2__p22461_safety_0.smt2,134.288,0,2290,成功
/pub/data/jiafq/iscas/Parser_Comparison/../benchmarks/part68/non-incremental/QF_NIA/20170427-VeryMax/ITS/From_T2__slayer-4-filtered.t2__p22462_safety_0.smt2,181.251,0,3084,成功
/pub/data/jiafq/iscas/Parser_Comparison/../benchmarks/part68/non-incremental/QF_NIA/20170427-VeryMax/ITS/From_T2__slayer-4-filtered.t2__p22465_safety_0.smt2,125.011,0,2022,成功
/pub/data/jiafq/iscas/Parser_Comparison/../benchmarks/part68/non-incremental/QF_NIA/20170427-VeryMax/ITS/From_T2__slayer-4-filtered.t2__p22466_safety_0.smt2,207.174,0,3076,成功
/pub/data/jiafq/iscas/Parser_Comparison/../benchmarks/part68/non-incremental/QF_NIA/20170427-VeryMax/ITS/From_T2__slayer-4-filtered.t2__p22467_safety_0.smt2,287.365,0,4168,成功
/pub/data/jiafq/iscas/Parser_Comparison/../benchmarks/part68/non-incremental/QF_NIA/20170427-VeryMax/ITS/From_T2__slayer-4-filtered.t2__p22471_safety_0.smt2,147.847,0,2187,成功
/pub/data/jiafq/iscas/Parser_Comparison/../benchmarks/part68/non-incremental/QF_NIA/20170427-VeryMax/ITS/From_T2__slayer-4-filtered.t2__p22472_safety_0.smt2,235.419,0,3453,成功
/pub/data/jiafq/iscas/Parser_Comparison/../benchmarks/part68/non-incremental/QF_NIA/20170427-VeryMax/ITS/From_T2__slayer-4-filtered.t2__p22473_safety_0.smt2,329.346,0,4757,成功
/pub/data/jiafq/iscas/Parser_Comparison/../benchmarks/part68/non-incremental/QF_NIA/20170427-VeryMax/ITS/From_T2__slayer-4-filtered.t2__p22478_terminationG_0.smt2,491.084,0,11862,成功
/pub/data/jiafq/iscas/Parser_Comparison/../benchmarks/part68/non-incremental/QF_NIA/20170427-VeryMax/ITS/From_T2__slayer-4-filtered.t2__p22479_terminationG_0.smt2,822.654,0,15829,成功
/pub/data/jiafq/iscas/Parser_Comparison/../benchmarks/part68/non-incremental/QF_NIA/20170427-VeryMax/ITS/From_T2__slayer-4-filtered.t2__p22480_terminationG_0.smt2,1211.1,0,19963,成功
/pub/data/jiafq/iscas/Parser_Comparison/../benchmarks/part68/non-incremental/QF_NIA/20170427-VeryMax/ITS/From_T2__slayer-4-filtered.t2__p22483_terminationG_0.smt2,219.454,0,5218,成功
/pub/data/jiafq/iscas/Parser_Comparison/../benchmarks/part68/non-incremental/QF_NIA/20170427-VeryMax/ITS/From_T2__slayer-4-filtered.t2__p22484_terminationG_0.smt2,351.908,0,6961,成功
/pub/data/jiafq/iscas/Parser_Comparison/../benchmarks/part68/non-incremental/QF_NIA/20170427-VeryMax/ITS/From_T2__slayer-4-filtered.t2__p22485_terminationG_0.smt2,535.642,0,8776,成功
/pub/data/jiafq/iscas/Parser_Comparison/../benchmarks/part68/non-incremental/QF_NIA/20170427-VeryMax/ITS/From_T2__slayer-4-filtered.t2__p22492_safety_0.smt2,106.818,0,1315,成功
/pub/data/jiafq/iscas/Parser_Comparison/../benchmarks/part68/non-incremental/QF_NIA/20170427-VeryMax/ITS/From_T2__slayer-4-filtered.t2__p22494_safety_0.smt2,131.996,0,1623,成功
/pub/data/jiafq/iscas/Parser_Comparison/../benchmarks/part68/non-incremental/QF_NIA/20170427-VeryMax/ITS/From_T2__slayer-4-filtered.t2__p22495_safety_0.smt2,109.023,0,1387,成功
/pub/data/jiafq/iscas/Parser_Comparison/../benchmarks/part68/non-incremental/QF_NIA/20170427-VeryMax/ITS/From_T2__slayer-4-filtered.t2__p22496_safety_0.smt2,150.212,0,1707,成功
/pub/data/jiafq/iscas/Parser_Comparison/../benchmarks/part68/non-incremental/QF_NIA/20170427-VeryMax/ITS/From_T2__slayer-4-filtered.t2__p22499_safety_0.smt2,128.841,0,2051,成功
/pub/data/jiafq/iscas/Parser_Comparison/../benchmarks/part68/non-incremental/QF_NIA/20170427-VeryMax/ITS/From_T2__slayer-4-filtered.t2__p22500_safety_0.smt2,206.802,0,3119,成功
/pub/data/jiafq/iscas/Parser_Comparison/../benchmarks/part68/non-incremental/QF_NIA/20170427-VeryMax/ITS/From_T2__slayer-4-filtered.t2__p22501_safety_0.smt2,295.813,0,4225,成功
/pub/data/jiafq/iscas/Parser_Comparison/../benchmarks/part68/non-incremental/QF_NIA/20170427-VeryMax/ITS/From_T2__slayer-4-filtered.t2__p22504_safety_0.smt2,119.556,0,1942,成功
/pub/data/jiafq/iscas/Parser_Comparison/../benchmarks/part68/non-incremental/QF_NIA/20170427-VeryMax/ITS/From_T2__slayer-4-filtered.t2__p22505_safety_0.smt2,202.487,0,2962,成功
/pub/data/jiafq/iscas/Parser_Comparison/../benchmarks/part68/non-incremental/QF_NIA/20170427-VeryMax/ITS/From_T2__slayer-4-filtered.t2__p22506_safety_0.smt2,283.078,0,4020,成功
/pub/data/jiafq/iscas/Parser_Comparison/../benchmarks/part68/non-incremental/QF_NIA/20170427-VeryMax/ITS/From_T2__slayer-4-filtered.t2__p22510_safety_0.smt2,195.851,0,2949,成功
/pub/data/jiafq/iscas/Parser_Comparison/../benchmarks/part68/non-incremental/QF_NIA/20170427-VeryMax/ITS/From_T2__slayer-4-filtered.t2__p22511_safety_0.smt2,346.008,0,4529,成功
/pub/data/jiafq/iscas/Parser_Comparison/../benchmarks/part68/non-incremental/QF_NIA/20170427-VeryMax/ITS/From_T2__slayer-4-filtered.t2__p22512_safety_0.smt2,494.866,0,6187,成功
/pub/data/jiafq/iscas/Parser_Comparison/../benchmarks/part68/non-incremental/QF_NIA/20170427-VeryMax/ITS/From_T2__slayer-4-filtered.t2__p22517_safety_0.smt2,223.281,0,3055,成功
/pub/data/jiafq/iscas/Parser_Comparison/../benchmarks/part68/non-incremental/QF_NIA/20170427-VeryMax/ITS/From_T2__slayer-4-filtered.t2__p22518_safety_0.smt2,372.124,0,4819,成功
/pub/data/jiafq/iscas/Parser_Comparison/../benchmarks/part68/non-incremental/QF_NIA/20170427-VeryMax/ITS/From_T2__slayer-4-filtered.t2__p22519_safety_0.smt2,540.198,0,6661,成功
/pub/data/jiafq/iscas/Parser_Comparison/../benchmarks/part68/non-incremental/QF_NIA/20170427-VeryMax/ITS/From_T2__slayer-4-filtered.t2__p22529_terminationG_0.smt2,497.473,0,11998,成功
/pub/data/jiafq/iscas/Parser_Comparison/../benchmarks/part68/non-incremental/QF_NIA/20170427-VeryMax/ITS/From_T2__slayer-4-filtered.t2__p22530_terminationG_0.smt2,821.559,0,15986,成功
/pub/data/jiafq/iscas/Parser_Comparison/../benchmarks/part68/non-incremental/QF_NIA/20170427-VeryMax/ITS/From_T2__slayer-4-filtered.t2__p22531_terminationG_0.smt2,1241.61,0,20141,成功
/pub/data/jiafq/iscas/Parser_Comparison/../benchmarks/part68/non-incremental/QF_NIA/20170427-VeryMax/ITS/From_T2__slayer-4-filtered.t2__p22534_terminationG_0.smt2,257.837,0,6322,成功
/pub/data/jiafq/iscas/Parser_Comparison/../benchmarks/part68/non-incremental/QF_NIA/20170427-VeryMax/ITS/From_T2__slayer-4-filtered.t2__p22535_terminationG_0.smt2,474.638,0,8878,成功
/pub/data/jiafq/iscas/Parser_Comparison/../benchmarks/part68/non-incremental/QF_NIA/20170427-VeryMax/ITS/From_T2__slayer-4-filtered.t2__p22536_terminationG_0.smt2,776.832,0,11584,成功
/pub/data/jiafq/iscas/Parser_Comparison/../benchmarks/part68/non-incremental/QF_NIA/20170427-VeryMax/ITS/From_T2__slayer-4-filtered.t2__p22538_safety_0.smt2,72.4781,0,848,成功
/pub/data/jiafq/iscas/Parser_Comparison/../benchmarks/part68/non-incremental/QF_NIA/20170427-VeryMax/ITS/From_T2__slayer-4-filtered.t2__p22539_safety_0.smt2,94.5312,0,1077,成功
/pub/data/jiafq/iscas/Parser_Comparison/../benchmarks/part68/non-incremental/QF_NIA/20170427-VeryMax/ITS/From_T2__slayer-4-filtered.t2__p22543_safety_0.smt2,109.707,0,1336,成功
/pub/data/jiafq/iscas/Parser_Comparison/../benchmarks/part68/non-incremental/QF_NIA/20170427-VeryMax/ITS/From_T2__slayer-4-filtered.t2__p22545_safety_0.smt2,118.27,0,1408,成功
/pub/data/jiafq/iscas/Parser_Comparison/../benchmarks/part68/non-incremental/QF_NIA/20170427-VeryMax/ITS/From_T2__slayer-4-filtered.t2__p22546_safety_0.smt2,140.911,0,1648,成功
/pub/data/jiafq/iscas/Parser_Comparison/../benchmarks/part68/non-incremental/QF_NIA/20170427-VeryMax/ITS/From_T2__slayer-4-filtered.t2__p22552_safety_0.smt2,99.8371,0,1640,成功
/pub/data/jiafq/iscas/Parser_Comparison/../benchmarks/part68/non-incremental/QF_NIA/20170427-VeryMax/ITS/From_T2__slayer-4-filtered.t2__p22553_safety_0.smt2,155.051,0,2475,成功
/pub/data/jiafq/iscas/Parser_Comparison/../benchmarks/part68/non-incremental/QF_NIA/20170427-VeryMax/ITS/From_T2__slayer-4-filtered.t2__p22554_safety_0.smt2,210.343,0,3326,成功
/pub/data/jiafq/iscas/Parser_Comparison/../benchmarks/part68/non-incremental/QF_NIA/20170427-VeryMax/ITS/From_T2__slayer-4-filtered.t2__p22555_safety_0.smt2,133.458,0,1978,成功
/pub/data/jiafq/iscas/Parser_Comparison/../benchmarks/part68/non-incremental/QF_NIA/20170427-VeryMax/ITS/From_T2__slayer-4-filtered.t2__p22556_safety_0.smt2,216.727,0,3016,成功
/pub/data/jiafq/iscas/Parser_Comparison/../benchmarks/part68/non-incremental/QF_NIA/20170427-VeryMax/ITS/From_T2__slayer-4-filtered.t2__p22557_safety_0.smt2,293.835,0,4092,成功
/pub/data/jiafq/iscas/Parser_Comparison/../benchmarks/part68/non-incremental/QF_NIA/20170427-VeryMax/ITS/From_T2__slayer-4-filtered.t2__p22561_safety_0.smt2,165.635,0,2376,成功
/pub/data/jiafq/iscas/Parser_Comparison/../benchmarks/part68/non-incremental/QF_NIA/20170427-VeryMax/ITS/From_T2__slayer-4-filtered.t2__p22562_safety_0.smt2,261.481,0,3741,成功
/pub/data/jiafq/iscas/Parser_Comparison/../benchmarks/part68/non-incremental/QF_NIA/20170427-VeryMax/ITS/From_T2__slayer-4-filtered.t2__p22563_safety_0.smt2,371.218,0,5144,成功
/pub/data/jiafq/iscas/Parser_Comparison/../benchmarks/part68/non-incremental/QF_NIA/20170427-VeryMax/ITS/From_T2__slayer-4-filtered.t2__p22567_safety_0.smt2,193.218,0,2685,成功
/pub/data/jiafq/iscas/Parser_Comparison/../benchmarks/part68/non-incremental/QF_NIA/20170427-VeryMax/ITS/From_T2__slayer-4-filtered.t2__p22568_safety_0.smt2,325.685,0,4235,成功
/pub/data/jiafq/iscas/Parser_Comparison/../benchmarks/part68/non-incremental/QF_NIA/20170427-VeryMax/ITS/From_T2__slayer-4-filtered.t2__p22569_safety_0.smt2,460.137,0,5843,成功
/pub/data/jiafq/iscas/Parser_Comparison/../benchmarks/part68/non-incremental/QF_NIA/20170427-VeryMax/ITS/From_T2__slayer-4-filtered.t2__p22580_terminationG_0.smt2,412.195,0,9948,成功
/pub/data/jiafq/iscas/Parser_Comparison/../benchmarks/part68/non-incremental/QF_NIA/20170427-VeryMax/ITS/From_T2__slayer-4-filtered.t2__p22581_terminationG_0.smt2,733.648,0,13759,成功
/pub/data/jiafq/iscas/Parser_Comparison/../benchmarks/part68/non-incremental/QF_NIA/20170427-VeryMax/ITS/From_T2__slayer-4-filtered.t2__p22582_terminationG_0.smt2,1140.14,0,17775,成功
/pub/data/jiafq/iscas/Parser_Comparison/../benchmarks/part68/non-incremental/QF_NIA/20170427-VeryMax/ITS/From_T2__slayer-4-filtered.t2__p22585_terminationG_0.smt2,227.698,0,5474,成功
/pub/data/jiafq/iscas/Parser_Comparison/../benchmarks/part68/non-incremental/QF_NIA/20170427-VeryMax/ITS/From_T2__slayer-4-filtered.t2__p22586_terminationG_0.smt2,388.312,0,7246,成功
/pub/data/jiafq/iscas/Parser_Comparison/../benchmarks/part68/non-incremental/QF_NIA/20170427-VeryMax/ITS/From_T2__slayer-4-filtered.t2__p22587_terminationG_0.smt2,583.005,0,9096,成功
/pub/data/jiafq/iscas/Parser_Comparison/../benchmarks/part68/non-incremental/QF_NIA/20170427-VeryMax/ITS/From_T2__slayer-4-filtered.t2__p22589_safety_0.smt2,66.1629,0,857,成功
/pub/data/jiafq/iscas/Parser_Comparison/../benchmarks/part68/non-incremental/QF_NIA/20170427-VeryMax/ITS/From_T2__slayer-4-filtered.t2__p22590_safety_0.smt2,90.4954,0,1086,成功
/pub/data/jiafq/iscas/Parser_Comparison/../benchmarks/part68/non-incremental/QF_NIA/20170427-VeryMax/ITS/From_T2__slayer-4-filtered.t2__p22594_safety_0.smt2,82.3303,0,1106,成功
/pub/data/jiafq/iscas/Parser_Comparison/../benchmarks/part68/non-incremental/QF_NIA/20170427-VeryMax/ITS/From_T2__slayer-4-filtered.t2__p22596_safety_0.smt2,118.298,0,1413,成功
/pub/data/jiafq/iscas/Parser_Comparison/../benchmarks/part68/non-incremental/QF_NIA/20170427-VeryMax/ITS/From_T2__slayer-4-filtered.t2__p22597_safety_0.smt2,145.692,0,1652,成功
/pub/data/jiafq/iscas/Parser_Comparison/../benchmarks/part68/non-incremental/QF_NIA/20170427-VeryMax/ITS/From_T2__slayer-4-filtered.t2__p22598_safety_0.smt2,151.941,0,1736,成功
/pub/data/jiafq/iscas/Parser_Comparison/../benchmarks/part68/non-incremental/QF_NIA/20170427-VeryMax/ITS/From_T2__slayer-4-filtered.t2__p22601_safety_0.smt2,137.575,0,2082,成功
/pub/data/jiafq/iscas/Parser_Comparison/../benchmarks/part68/non-incremental/QF_NIA/20170427-VeryMax/ITS/From_T2__slayer-4-filtered.t2__p22603_safety_0.smt2,301.648,0,4276,成功
/pub/data/jiafq/iscas/Parser_Comparison/../benchmarks/part68/non-incremental/QF_NIA/20170427-VeryMax/ITS/From_T2__slayer-4-filtered.t2__p22606_safety_0.smt2,92.7674,0,1560,成功
/pub/data/jiafq/iscas/Parser_Comparison/../benchmarks/part68/non-incremental/QF_NIA/20170427-VeryMax/ITS/From_T2__slayer-4-filtered.t2__p22607_safety_0.smt2,143.059,0,2356,成功
/pub/data/jiafq/iscas/Parser_Comparison/../benchmarks/part68/non-incremental/QF_NIA/20170427-VeryMax/ITS/From_T2__slayer-4-filtered.t2__p22608_safety_0.smt2,194.569,0,3168,成功
/pub/data/jiafq/iscas/Parser_Comparison/../benchmarks/part68/non-incremental/QF_NIA/20170427-VeryMax/ITS/From_T2__slayer-4-filtered.t2__p22612_safety_0.smt2,164.171,0,2378,成功
/pub/data/jiafq/iscas/Parser_Comparison/../benchmarks/part68/non-incremental/QF_NIA/20170427-VeryMax/ITS/From_T2__slayer-4-filtered.t2__p22613_safety_0.smt2,269.557,0,3738,成功
/pub/data/jiafq/iscas/Parser_Comparison/../benchmarks/part68/non-incremental/QF_NIA/20170427-VeryMax/ITS/From_T2__slayer-4-filtered.t2__p22614_safety_0.smt2,369.26,0,5136,成功
/pub/data/jiafq/iscas/Parser_Comparison/../benchmarks/part68/non-incremental/QF_NIA/20170427-VeryMax/ITS/From_T2__slayer-4-filtered.t2__p22618_safety_0.smt2,158.301,0,2257,成功
/pub/data/jiafq/iscas/Parser_Comparison/../benchmarks/part68/non-incremental/QF_NIA/20170427-VeryMax/ITS/From_T2__slayer-4-filtered.t2__p22619_safety_0.smt2,271.886,0,3557,成功
/pub/data/jiafq/iscas/Parser_Comparison/../benchmarks/part68/non-incremental/QF_NIA/20170427-VeryMax/ITS/From_T2__slayer-4-filtered.t2__p22620_safety_0.smt2,359.735,0,4895,成功
/pub/data/jiafq/iscas/Parser_Comparison/../benchmarks/part68/non-incremental/QF_NIA/20170427-VeryMax/ITS/From_T2__slayer-4-filtered.t2__p22633_terminationG_0.smt2,408.932,0,9946,成功
/pub/data/jiafq/iscas/Parser_Comparison/../benchmarks/part68/non-incremental/QF_NIA/20170427-VeryMax/ITS/From_T2__slayer-4-filtered.t2__p22634_terminationG_0.smt2,756.816,0,13756,成功
/pub/data/jiafq/iscas/Parser_Comparison/../benchmarks/part68/non-incremental/QF_NIA/20170427-VeryMax/ITS/From_T2__slayer-4-filtered.t2__p22635_terminationG_0.smt2,1160.65,0,17771,成功
/pub/data/jiafq/iscas/Parser_Comparison/../benchmarks/part68/non-incremental/QF_NIA/20170427-VeryMax/ITS/From_T2__slayer-4-filtered.t2__p22638_terminationG_0.smt2,231.872,0,5472,成功
/pub/data/jiafq/iscas/Parser_Comparison/../benchmarks/part68/non-incremental/QF_NIA/20170427-VeryMax/ITS/From_T2__slayer-4-filtered.t2__p22639_terminationG_0.smt2,394.835,0,7243,成功
/pub/data/jiafq/iscas/Parser_Comparison/../benchmarks/part68/non-incremental/QF_NIA/20170427-VeryMax/ITS/From_T2__slayer-4-filtered.t2__p22640_terminationG_0.smt2,568.793,0,9092,成功
/pub/data/jiafq/iscas/Parser_Comparison/../benchmarks/part68/non-incremental/QF_NIA/20170427-VeryMax/ITS/From_T2__slayer-4-filtered.t2__p22646_safety_0.smt2,151.936,0,1668,成功
/pub/data/jiafq/iscas/Parser_Comparison/../benchmarks/part68/non-incremental/QF_NIA/20170427-VeryMax/ITS/From_T2__slayer-4-filtered.t2__p22647_safety_0.smt2,117.963,0,1425,成功
/pub/data/jiafq/iscas/Parser_Comparison/../benchmarks/part68/non-incremental/QF_NIA/20170427-VeryMax/ITS/From_T2__slayer-4-filtered.t2__p22648_safety_0.smt2,156.157,0,1752,成功
/pub/data/jiafq/iscas/Parser_Comparison/../benchmarks/part68/non-incremental/QF_NIA/20170427-VeryMax/ITS/From_T2__slayer-4-filtered.t2__p22653_safety_0.smt2,130.551,0,2000,成功
/pub/data/jiafq/iscas/Parser_Comparison/../benchmarks/part68/non-incremental/QF_NIA/20170427-VeryMax/ITS/From_T2__slayer-4-filtered.t2__p22654_safety_0.smt2,215.156,0,3048,成功
/pub/data/jiafq/iscas/Parser_Comparison/../benchmarks/part68/non-incremental/QF_NIA/20170427-VeryMax/ITS/From_T2__slayer-4-filtered.t2__p22655_safety_0.smt2,303.182,0,4134,成功
/pub/data/jiafq/iscas/Parser_Comparison/../benchmarks/part68/non-incremental/QF_NIA/20170427-VeryMax/ITS/From_T2__slayer-4-filtered.t2__p22656_safety_0.smt2,138.766,0,2111,成功
/pub/data/jiafq/iscas/Parser_Comparison/../benchmarks/part68/non-incremental/QF_NIA/20170427-VeryMax/ITS/From_T2__slayer-4-filtered.t2__p22657_safety_0.smt2,228.225,0,3209,成功
/pub/data/jiafq/iscas/Parser_Comparison/../benchmarks/part68/non-incremental/QF_NIA/20170427-VeryMax/ITS/From_T2__slayer-4-filtered.t2__p22658_safety_0.smt2,317.5,0,4345,成功
/pub/data/jiafq/iscas/Parser_Comparison/../benchmarks/part68/non-incremental/QF_NIA/20170427-VeryMax/ITS/From_T2__slayer-4-filtered.t2__p22666_safety_0.smt2,221.782,0,3035,成功
/pub/data/jiafq/iscas/Parser_Comparison/../benchmarks/part68/non-incremental/QF_NIA/20170427-VeryMax/ITS/From_T2__slayer-4-filtered.t2__p22667_safety_0.smt2,377.238,0,4657,成功
/pub/data/jiafq/iscas/Parser_Comparison/../benchmarks/part68/non-incremental/QF_NIA/20170427-VeryMax/ITS/From_T2__slayer-4-filtered.t2__p22668_safety_0.smt2,547.98,0,6357,成功
/pub/data/jiafq/iscas/Parser_Comparison/../benchmarks/part68/non-incremental/QF_NIA/20170427-VeryMax/ITS/From_T2__slayer-4-filtered.t2__p22669_safety_0.smt2,231.093,0,3134,成功
/pub/data/jiafq/iscas/Parser_Comparison/../benchmarks/part68/non-incremental/QF_NIA/20170427-VeryMax/ITS/From_T2__slayer-4-filtered.t2__p22670_safety_0.smt2,388.83,0,4939,成功
/pub/data/jiafq/iscas/Parser_Comparison/../benchmarks/part68/non-incremental/QF_NIA/20170427-VeryMax/ITS/From_T2__slayer-4-filtered.t2__p22671_safety_0.smt2,560.333,0,6822,成功
/pub/data/jiafq/iscas/Parser_Comparison/../benchmarks/part68/non-incremental/QF_NIA/20170427-VeryMax/ITS/From_T2__slayer-4-filtered.t2__p22681_terminationG_0.smt2,420.627,0,10050,成功
/pub/data/jiafq/iscas/Parser_Comparison/../benchmarks/part68/non-incremental/QF_NIA/20170427-VeryMax/ITS/From_T2__slayer-4-filtered.t2__p22682_terminationG_0.smt2,753.259,0,13877,成功
/pub/data/jiafq/iscas/Parser_Comparison/../benchmarks/part68/non-incremental/QF_NIA/20170427-VeryMax/ITS/From_T2__slayer-4-filtered.t2__p22683_terminationG_0.smt2,1164.95,0,17909,成功
/pub/data/jiafq/iscas/Parser_Comparison/../benchmarks/part68/non-incremental/QF_NIA/20170427-VeryMax/ITS/From_T2__slayer-4-filtered.t2__p22686_terminationG_0.smt2,241.093,0,5578,成功
/pub/data/jiafq/iscas/Parser_Comparison/../benchmarks/part68/non-incremental/QF_NIA/20170427-VeryMax/ITS/From_T2__slayer-4-filtered.t2__p22687_terminationG_0.smt2,396.306,0,7366,成功
/pub/data/jiafq/iscas/Parser_Comparison/../benchmarks/part68/non-incremental/QF_NIA/20170427-VeryMax/ITS/From_T2__slayer-4-filtered.t2__p22688_terminationG_0.smt2,600.689,0,9232,成功
/pub/data/jiafq/iscas/Parser_Comparison/../benchmarks/part68/non-incremental/QF_NIA/20170427-VeryMax/ITS/From_T2__slayer-4-filtered.t2__p22693_safety_0.smt2,159.135,0,1774,成功
/pub/data/jiafq/iscas/Parser_Comparison/../benchmarks/part68/non-incremental/QF_NIA/20170427-VeryMax/ITS/From_T2__slayer-4-filtered.t2__p22694_safety_0.smt2,82.2808,0,1070,成功
/pub/data/jiafq/iscas/Parser_Comparison/../benchmarks/part68/non-incremental/QF_NIA/20170427-VeryMax/ITS/From_T2__slayer-4-filtered.t2__p22695_safety_0.smt2,114.148,0,1372,成功
/pub/data/jiafq/iscas/Parser_Comparison/../benchmarks/part68/non-incremental/QF_NIA/20170427-VeryMax/ITS/From_T2__slayer-4-filtered.t2__p22696_safety_0.smt2,147.607,0,1690,成功
/pub/data/jiafq/iscas/Parser_Comparison/../benchmarks/part68/non-incremental/QF_NIA/20170427-VeryMax/ITS/From_T2__slayer-4-filtered.t2__p22701_safety_0.smt2,131.208,0,2029,成功
/pub/data/jiafq/iscas/Parser_Comparison/../benchmarks/part68/non-incremental/QF_NIA/20170427-VeryMax/ITS/From_T2__slayer-4-filtered.t2__p22702_safety_0.smt2,218.465,0,3089,成功
/pub/data/jiafq/iscas/Parser_Comparison/../benchmarks/part68/non-incremental/QF_NIA/20170427-VeryMax/ITS/From_T2__slayer-4-filtered.t2__p22703_safety_0.smt2,103.456,0,1681,成功
/pub/data/jiafq/iscas/Parser_Comparison/../benchmarks/part68/non-incremental/QF_NIA/20170427-VeryMax/ITS/From_T2__slayer-4-filtered.t2__p22704_safety_0.smt2,316.881,0,4187,成功
/pub/data/jiafq/iscas/Parser_Comparison/../benchmarks/part68/non-incremental/QF_NIA/20170427-VeryMax/ITS/From_T2__slayer-4-filtered.t2__p22705_safety_0.smt2,162.394,0,2533,成功
/pub/data/jiafq/iscas/Parser_Comparison/../benchmarks/part68/non-incremental/QF_NIA/20170427-VeryMax/ITS/From_T2__slayer-4-filtered.t2__p22706_safety_0.smt2,218.713,0,3401,成功
/pub/data/jiafq/iscas/Parser_Comparison/../benchmarks/part68/non-incremental/QF_NIA/20170427-VeryMax/ITS/From_T2__slayer-4-filtered.t2__p22710_safety_0.smt2,175.465,0,2433,成功
/pub/data/jiafq/iscas/Parser_Comparison/../benchmarks/part68/non-incremental/QF_NIA/20170427-VeryMax/ITS/From_T2__slayer-4-filtered.t2__p22711_safety_0.smt2,281.404,0,3825,成功
/pub/data/jiafq/iscas/Parser_Comparison/../benchmarks/part68/non-incremental/QF_NIA/20170427-VeryMax/ITS/From_T2__slayer-4-filtered.t2__p22712_safety_0.smt2,388.532,0,5255,成功
/pub/data/jiafq/iscas/Parser_Comparison/../benchmarks/part68/non-incremental/QF_NIA/20170427-VeryMax/ITS/From_T2__slayer-4-filtered.t2__p22716_safety_0.smt2,211.289,0,2760,成功
/pub/data/jiafq/iscas/Parser_Comparison/../benchmarks/part68/non-incremental/QF_NIA/20170427-VeryMax/ITS/From_T2__slayer-4-filtered.t2__p22717_safety_0.smt2,344.58,0,4347,成功
/pub/data/jiafq/iscas/Parser_Comparison/../benchmarks/part68/non-incremental/QF_NIA/20170427-VeryMax/ITS/From_T2__slayer-4-filtered.t2__p22718_safety_0.smt2,492.127,0,5992,成功
/pub/data/jiafq/iscas/Parser_Comparison/../benchmarks/part68/non-incremental/QF_NIA/20170427-VeryMax/ITS/From_T2__slayer-4-filtered.t2__term_unfeasibility_1_0.smt2,336.993,0,4770,成功
/pub/data/jiafq/iscas/Parser_Comparison/../benchmarks/part68/non-incremental/QF_NIA/20170427-VeryMax/ITS/From_T2__slayer-4-filtered.t2__terminationS_0_0.smt2,177.963,0,2601,成功
/pub/data/jiafq/iscas/Parser_Comparison/../benchmarks/part68/non-incremental/QF_NIA/20170427-VeryMax/ITS/From_T2__slayer-4-filtered.t2__terminationS_1_0.smt2,224.604,0,3647,成功
/pub/data/jiafq/iscas/Parser_Comparison/../benchmarks/part68/non-incremental/QF_NIA/20170427-VeryMax/ITS/From_T2__slayer-4-filtered.t2__terminationS_2_0.smt2,231.624,0,3717,成功
/pub/data/jiafq/iscas/Parser_Comparison/../benchmarks/part68/non-incremental/QF_NIA/20170427-VeryMax/ITS/From_T2__slayer-4-filtered.t2__terminationS_3_0.smt2,289.279,0,4205,成功
/pub/data/jiafq/iscas/Parser_Comparison/../benchmarks/part68/non-incremental/QF_NIA/20170427-VeryMax/ITS/From_T2__slayer-4-filtered.t2__terminationS_5_0.smt2,347.503,0,5489,成功
/pub/data/jiafq/iscas/Parser_Comparison/../benchmarks/part68/non-incremental/QF_NIA/20170427-VeryMax/ITS/From_T2__slayer-4-filtered.t2__terminationS_6_0.smt2,361.102,0,5595,成功
/pub/data/jiafq/iscas/Parser_Comparison/../benchmarks/part68/non-incremental/QF_NIA/20170427-VeryMax/ITS/From_T2__slayer-4-filtered.t2__terminationS_7_0.smt2,431.684,0,6920,成功
/pub/data/jiafq/iscas/Parser_Comparison/../benchmarks/part68/non-incremental/QF_NIA/20170427-VeryMax/ITS/From_T2__slayer-4-filtered.t2__terminationS_8_0.smt2,436.381,0,7041,成功
/pub/data/jiafq/iscas/Parser_Comparison/../benchmarks/part68/non-incremental/QF_NIA/20170427-VeryMax/ITS/From_T2__slayer-4-filtered.t2__terminationS_9_0.smt2,416.281,0,6618,成功
/pub/data/jiafq/iscas/Parser_Comparison/../benchmarks/part68/non-incremental/QF_NIA/20170427-VeryMax/ITS/From_T2__slayer-5-filtered.t2__p22738_safety_0.smt2,52.0538,0,698,成功
/pub/data/jiafq/iscas/Parser_Comparison/../benchmarks/part68/non-incremental/QF_NIA/20170427-VeryMax/ITS/From_T2__slayer-5-filtered.t2__p22739_safety_0.smt2,72.0857,0,910,成功
/pub/data/jiafq/iscas/Parser_Comparison/../benchmarks/part68/non-incremental/QF_NIA/20170427-VeryMax/ITS/From_T2__slayer-5-filtered.t2__p22741_safety_0.smt2,50.2168,0,581,成功
/pub/data/jiafq/iscas/Parser_Comparison/../benchmarks/part68/non-incremental/QF_NIA/20170427-VeryMax/ITS/From_T2__slayer-5-filtered.t2__p22742_safety_0.smt2,70.3676,0,769,成功
/pub/data/jiafq/iscas/Parser_Comparison/../benchmarks/part68/non-incremental/QF_NIA/20170427-VeryMax/ITS/From_T2__slayer-5-filtered.t2__p22746_terminationG_0.smt2,100.105,0,1995,成功
/pub/data/jiafq/iscas/Parser_Comparison/../benchmarks/part68/non-incremental/QF_NIA/20170427-VeryMax/ITS/From_T2__slayer-5-filtered.t2__p22747_terminationG_0.smt2,146.251,0,2537,成功
/pub/data/jiafq/iscas/Parser_Comparison/../benchmarks/part68/non-incremental/QF_NIA/20170427-VeryMax/ITS/From_T2__slayer-5-filtered.t2__p22754_safety_0.smt2,53.3713,0,724,成功
/pub/data/jiafq/iscas/Parser_Comparison/../benchmarks/part68/non-incremental/QF_NIA/20170427-VeryMax/ITS/From_T2__slayer-5-filtered.t2__p22755_safety_0.smt2,75.679,0,939,成功
/pub/data/jiafq/iscas/Parser_Comparison/../benchmarks/part68/non-incremental/QF_NIA/20170427-VeryMax/ITS/From_T2__slayer-5-filtered.t2__p22759_safety_0.smt2,57.5698,0,767,成功
/pub/data/jiafq/iscas/Parser_Comparison/../benchmarks/part68/non-incremental/QF_NIA/20170427-VeryMax/ITS/From_T2__slayer-5-filtered.t2__p22760_safety_0.smt2,80.8978,0,1000,成功
/pub/data/jiafq/iscas/Parser_Comparison/../benchmarks/part68/non-incremental/QF_NIA/20170427-VeryMax/ITS/From_T2__slayer-5-filtered.t2__p22762_safety_0.smt2,56.8381,0,749,成功
/pub/data/jiafq/iscas/Parser_Comparison/../benchmarks/part68/non-incremental/QF_NIA/20170427-VeryMax/ITS/From_T2__slayer-5-filtered.t2__p22763_safety_0.smt2,79.7015,0,979,成功
/pub/data/jiafq/iscas/Parser_Comparison/../benchmarks/part68/non-incremental/QF_NIA/20170427-VeryMax/ITS/From_T2__slayer-5-filtered.t2__p22767_terminationG_0.smt2,144.335,0,2722,成功
/pub/data/jiafq/iscas/Parser_Comparison/../benchmarks/part68/non-incremental/QF_NIA/20170427-VeryMax/ITS/From_T2__slayer-5-filtered.t2__p22768_terminationG_0.smt2,209.258,0,3449,成功
/pub/data/jiafq/iscas/Parser_Comparison/../benchmarks/part68/non-incremental/QF_NIA/20170427-VeryMax/ITS/From_T2__slayer-5-filtered.t2__p22780_safety_0.smt2,59.4697,0,754,成功
/pub/data/jiafq/iscas/Parser_Comparison/../benchmarks/part68/non-incremental/QF_NIA/20170427-VeryMax/ITS/From_T2__slayer-5-filtered.t2__p22781_safety_0.smt2,81.86,0,984,成功
/pub/data/jiafq/iscas/Parser_Comparison/../benchmarks/part68/non-incremental/QF_NIA/20170427-VeryMax/ITS/From_T2__slayer-5-filtered.t2__p22782_safety_0.smt2,37.9125,0,560,成功
/pub/data/jiafq/iscas/Parser_Comparison/../benchmarks/part68/non-incremental/QF_NIA/20170427-VeryMax/ITS/From_T2__slayer-5-filtered.t2__p22783_safety_0.smt2,64.0607,0,773,成功
/pub/data/jiafq/iscas/Parser_Comparison/../benchmarks/part68/non-incremental/QF_NIA/20170427-VeryMax/ITS/From_T2__slayer-5-filtered.t2__p22784_safety_0.smt2,88.0749,0,1006,成功
/pub/data/jiafq/iscas/Parser_Comparison/../benchmarks/part68/non-incremental/QF_NIA/20170427-VeryMax/ITS/From_T2__slayer-5-filtered.t2__p22790_safety_0.smt2,58.9441,0,787,成功
/pub/data/jiafq/iscas/Parser_Comparison/../benchmarks/part68/non-incremental/QF_NIA/20170427-VeryMax/ITS/From_T2__slayer-5-filtered.t2__p22791_safety_0.smt2,62.9856,0,786,成功
/pub/data/jiafq/iscas/Parser_Comparison/../benchmarks/part68/non-incremental/QF_NIA/20170427-VeryMax/ITS/From_T2__slayer-5-filtered.t2__p22792_safety_0.smt2,87.076,0,1023,成功
/pub/data/jiafq/iscas/Parser_Comparison/../benchmarks/part68/non-incremental/QF_NIA/20170427-VeryMax/ITS/From_T2__slayer-5-filtered.t2__p22793_safety_0.smt2,86.6703,0,1022,成功
/pub/data/jiafq/iscas/Parser_Comparison/../benchmarks/part68/non-incremental/QF_NIA/20170427-VeryMax/ITS/From_T2__slayer-5-filtered.t2__p22795_safety_0.smt2,58.4503,0,662,成功
/pub/data/jiafq/iscas/Parser_Comparison/../benchmarks/part68/non-incremental/QF_NIA/20170427-VeryMax/ITS/From_T2__slayer-5-filtered.t2__p22796_safety_0.smt2,82.8406,0,883,成功
/pub/data/jiafq/iscas/Parser_Comparison/../benchmarks/part68/non-incremental/QF_NIA/20170427-VeryMax/ITS/From_T2__slayer-5-filtered.t2__p22801_terminationG_0.smt2,213.511,0,3467,成功
/pub/data/jiafq/iscas/Parser_Comparison/../benchmarks/part68/non-incremental/QF_NIA/20170427-VeryMax/ITS/From_T2__slayer-5-filtered.t2__p22806_terminationG_0.smt2,165.834,0,2635,成功
/pub/data/jiafq/iscas/Parser_Comparison/../benchmarks/part68/non-incremental/QF_NIA/20170427-VeryMax/ITS/From_T2__slayer-5-filtered.t2__p22811_terminationG_0.smt2,69.8577,0,1093,成功
/pub/data/jiafq/iscas/Parser_Comparison/../benchmarks/part68/non-incremental/QF_NIA/20170427-VeryMax/ITS/From_T2__slayer-5-filtered.t2__p22817_safety_0.smt2,67.4234,0,792,成功
/pub/data/jiafq/iscas/Parser_Comparison/../benchmarks/part68/non-incremental/QF_NIA/20170427-VeryMax/ITS/From_T2__slayer-5-filtered.t2__p22818_safety_0.smt2,67.9409,0,805,成功
/pub/data/jiafq/iscas/Parser_Comparison/../benchmarks/part68/non-incremental/QF_NIA/20170427-VeryMax/ITS/From_T2__slayer-5-filtered.t2__p22819_safety_0.smt2,87.3997,0,1030,成功
/pub/data/jiafq/iscas/Parser_Comparison/../benchmarks/part68/non-incremental/QF_NIA/20170427-VeryMax/ITS/From_T2__slayer-5-filtered.t2__p22820_safety_0.smt2,86.0929,0,1045,成功
/pub/data/jiafq/iscas/Parser_Comparison/../benchmarks/part68/non-incremental/QF_NIA/20170427-VeryMax/ITS/From_T2__slayer-5-filtered.t2__p22822_safety_0.smt2,60.8321,0,667,成功
/pub/data/jiafq/iscas/Parser_Comparison/../benchmarks/part68/non-incremental/QF_NIA/20170427-VeryMax/ITS/From_T2__slayer-5-filtered.t2__p22823_safety_0.smt2,86.7067,0,890,成功
/pub/data/jiafq/iscas/Parser_Comparison/../benchmarks/part68/non-incremental/QF_NIA/20170427-VeryMax/ITS/From_T2__slayer-5-filtered.t2__p22827_terminationG_0.smt2,149.928,0,2768,成功
/pub/data/jiafq/iscas/Parser_Comparison/../benchmarks/part68/non-incremental/QF_NIA/20170427-VeryMax/ITS/From_T2__slayer-5-filtered.t2__p22838_terminationG_0.smt2,77.8789,0,1127,成功
/pub/data/jiafq/iscas/Parser_Comparison/../benchmarks/part68/non-incremental/QF_NIA/20170427-VeryMax/ITS/From_T2__slayer-5-filtered.t2__p22843_safety_0.smt2,61.3095,0,661,成功
/pub/data/jiafq/iscas/Parser_Comparison/../benchmarks/part68/non-incremental/QF_NIA/20170427-VeryMax/ITS/From_T2__slayer-5-filtered.t2__p22844_safety_0.smt2,82.2678,0,882,成功
/pub/data/jiafq/iscas/Parser_Comparison/../benchmarks/part68/non-incremental/QF_NIA/20170427-VeryMax/ITS/From_T2__slayer-5-filtered.t2__p22847_safety_0.smt2,58.0657,0,787,成功
/pub/data/jiafq/iscas/Parser_Comparison/../benchmarks/part68/non-incremental/QF_NIA/20170427-VeryMax/ITS/From_T2__slayer-5-filtered.t2__p22848_safety_0.smt2,61.867,0,821,成功
/pub/data/jiafq/iscas/Parser_Comparison/../benchmarks/part68/non-incremental/QF_NIA/20170427-VeryMax/ITS/From_T2__slayer-5-filtered.t2__p22849_safety_0.smt2,82.8437,0,1023,成功
/pub/data/jiafq/iscas/Parser_Comparison/../benchmarks/part68/non-incremental/QF_NIA/20170427-VeryMax/ITS/From_T2__slayer-5-filtered.t2__p22850_safety_0.smt2,88.7446,0,1063,成功
/pub/data/jiafq/iscas/Parser_Comparison/../benchmarks/part68/non-incremental/QF_NIA/20170427-VeryMax/ITS/From_T2__slayer-5-filtered.t2__p22855_terminationG_0.smt2,221.559,0,3536,成功
/pub/data/jiafq/iscas/Parser_Comparison/../benchmarks/part68/non-incremental/QF_NIA/20170427-VeryMax/ITS/From_T2__slayer-5-filtered.t2__p22859_terminationG_0.smt2,112.098,0,2128,成功
/pub/data/jiafq/iscas/Parser_Comparison/../benchmarks/part68/non-incremental/QF_NIA/20170427-VeryMax/ITS/From_T2__slayer-5-filtered.t2__p22860_terminationG_0.smt2,162.183,0,2687,成功
/pub/data/jiafq/iscas/Parser_Comparison/../benchmarks/part68/non-incremental/QF_NIA/20170427-VeryMax/ITS/From_T2__slayer-5-filtered.t2__p22865_terminationG_0.smt2,75.1754,0,1145,成功
/pub/data/jiafq/iscas/Parser_Comparison/../benchmarks/part68/non-incremental/QF_NIA/20170427-VeryMax/ITS/From_T2__slayer-5-filtered.t2__p22871_safety_0.smt2,59.3979,0,786,成功
/pub/data/jiafq/iscas/Parser_Comparison/../benchmarks/part68/non-incremental/QF_NIA/20170427-VeryMax/ITS/From_T2__slayer-5-filtered.t2__p22872_safety_0.smt2,64.339,0,833,成功
/pub/data/jiafq/iscas/Parser_Comparison/../benchmarks/part68/non-incremental/QF_NIA/20170427-VeryMax/ITS/From_T2__slayer-5-filtered.t2__p22873_safety_0.smt2,85.411,0,1022,成功
/pub/data/jiafq/iscas/Parser_Comparison/../benchmarks/part68/non-incremental/QF_NIA/20170427-VeryMax/ITS/From_T2__slayer-5-filtered.t2__p22874_safety_0.smt2,89.507,0,1077,成功
/pub/data/jiafq/iscas/Parser_Comparison/../benchmarks/part68/non-incremental/QF_NIA/20170427-VeryMax/ITS/From_T2__slayer-5-filtered.t2__p22876_safety_0.smt2,62.5908,0,661,成功
/pub/data/jiafq/iscas/Parser_Comparison/../benchmarks/part68/non-incremental/QF_NIA/20170427-VeryMax/ITS/From_T2__slayer-5-filtered.t2__p22877_safety_0.smt2,83.5382,0,882,成功
/pub/data/jiafq/iscas/Parser_Comparison/../benchmarks/part68/non-incremental/QF_NIA/20170427-VeryMax/ITS/From_T2__slayer-5-filtered.t2__p22882_terminationG_0.smt2,211.329,0,3538,成功
/pub/data/jiafq/iscas/Parser_Comparison/../benchmarks/part68/non-incremental/QF_NIA/20170427-VeryMax/ITS/From_T2__slayer-5-filtered.t2__p22890_terminationG_0.smt2,38.5426,0,716,成功
/pub/data/jiafq/iscas/Parser_Comparison/../benchmarks/part68/non-incremental/QF_NIA/20170427-VeryMax/ITS/From_T2__slayer-5-filtered.t2__p22891_terminationG_0.smt2,58.5498,0,923,成功
/pub/data/jiafq/iscas/Parser_Comparison/../benchmarks/part68/non-incremental/QF_NIA/20170427-VeryMax/ITS/From_T2__slayer-5-filtered.t2__p22892_terminationG_0.smt2,73.6621,0,1147,成功
/pub/data/jiafq/iscas/Parser_Comparison/../benchmarks/part68/non-incremental/QF_NIA/20170427-VeryMax/ITS/From_T2__slayer-n1-filtered.t2__p22906_safety_0.smt2,64.1694,0,758,成功
/pub/data/jiafq/iscas/Parser_Comparison/../benchmarks/part68/non-incremental/QF_NIA/20170427-VeryMax/ITS/From_T2__slayer-n1-filtered.t2__p22910_terminationG_0.smt2,21.9008,0,485,成功
/pub/data/jiafq/iscas/Parser_Comparison/../benchmarks/part68/non-incremental/QF_NIA/20170427-VeryMax/ITS/From_T2__slayer-n1-filtered.t2__p22911_terminationG_0.smt2,30.758,0,619,成功
/pub/data/jiafq/iscas/Parser_Comparison/../benchmarks/part68/non-incremental/QF_NIA/20170427-VeryMax/ITS/From_T2__slayer-n1-filtered.t2__p22915_edge_closing_0.smt2,41.3415,0,983,成功
/pub/data/jiafq/iscas/Parser_Comparison/../benchmarks/part68/non-incremental/QF_NIA/20170427-VeryMax/ITS/From_T2__slayer-n1-filtered.t2__p22916_edge_closing_0.smt2,64.2083,0,1203,成功
/pub/data/jiafq/iscas/Parser_Comparison/../benchmarks/part68/non-incremental/QF_NIA/20170427-VeryMax/ITS/From_T2__slayer-n1.t2__p23149_terminationG_0.smt2,47.4553,0,891,成功
/pub/data/jiafq/iscas/Parser_Comparison/../benchmarks/part68/non-incremental/QF_NIA/20170427-VeryMax/ITS/From_T2__slayer-n1.t2__p23151_safety_0.smt2,56.9947,0,690,成功
/pub/data/jiafq/iscas/Parser_Comparison/../benchmarks/part68/non-incremental/QF_NIA/20170427-VeryMax/ITS/From_T2__slayer-n1.t2__p23152_safety_0.smt2,72.889,0,894,成功
/pub/data/jiafq/iscas/Parser_Comparison/../benchmarks/part68/non-incremental/QF_NIA/20170427-VeryMax/ITS/From_T2__slayer-n1.t2__p23156_terminationG_0.smt2,33.2289,0,696,成功
/pub/data/jiafq/iscas/Parser_Comparison/../benchmarks/part68/non-incremental/QF_NIA/20170427-VeryMax/ITS/From_T2__slayer-n1.t2__p23157_terminationG_0.smt2,48.4795,0,893,成功
/pub/data/jiafq/iscas/Parser_Comparison/../benchmarks/part68/non-incremental/QF_NIA/20170427-VeryMax/ITS/From_T2__slayer-n1.t2__p23161_edge_closing_0.smt2,77.4178,0,1838,成功
/pub/data/jiafq/iscas/Parser_Comparison/../benchmarks/part68/non-incremental/QF_NIA/20170427-VeryMax/ITS/From_T2__slayer-n1.t2__p23162_edge_closing_0.smt2,101.571,0,2217,成功
/pub/data/jiafq/iscas/Parser_Comparison/../benchmarks/part68/non-incremental/QF_NIA/20170427-VeryMax/ITS/From_T2__slayer-n1.t2_fixed__p22928_terminationG_0.smt2,153.754,0,2562,成功
/pub/data/jiafq/iscas/Parser_Comparison/../benchmarks/part68/non-incremental/QF_NIA/20170427-VeryMax/ITS/From_T2__slayer-n1.t2_fixed__p22933_terminationG_0.smt2,89.4262,0,1355,成功
/pub/data/jiafq/iscas/Parser_Comparison/../benchmarks/part68/non-incremental/QF_NIA/20170427-VeryMax/ITS/From_T2__slayer-n1.t2_fixed__p22946_safety_0.smt2,54.4224,0,883,成功
/pub/data/jiafq/iscas/Parser_Comparison/../benchmarks/part68/non-incremental/QF_NIA/20170427-VeryMax/ITS/From_T2__slayer-n1.t2_fixed__p22947_safety_0.smt2,54.1244,0,892,成功
/pub/data/jiafq/iscas/Parser_Comparison/../benchmarks/part68/non-incremental/QF_NIA/20170427-VeryMax/ITS/From_T2__slayer-n1.t2_fixed__p22948_safety_0.smt2,91.1924,0,1391,成功
/pub/data/jiafq/iscas/Parser_Comparison/../benchmarks/part68/non-incremental/QF_NIA/20170427-VeryMax/ITS/From_T2__slayer-n1.t2_fixed__p22949_safety_0.smt2,92.3996,0,1404,成功
/pub/data/jiafq/iscas/Parser_Comparison/../benchmarks/part68/non-incremental/QF_NIA/20170427-VeryMax/ITS/From_T2__slayer-n1.t2_fixed__p22950_safety_0.smt2,128.236,0,1925,成功
/pub/data/jiafq/iscas/Parser_Comparison/../benchmarks/part68/non-incremental/QF_NIA/20170427-VeryMax/ITS/From_T2__slayer-n1.t2_fixed__p22951_safety_0.smt2,126.731,0,1942,成功
/pub/data/jiafq/iscas/Parser_Comparison/../benchmarks/part68/non-incremental/QF_NIA/20170427-VeryMax/ITS/From_T2__slayer-n1.t2_fixed__p22958_safety_0.smt2,54.5013,0,637,成功
/pub/data/jiafq/iscas/Parser_Comparison/../benchmarks/part68/non-incremental/QF_NIA/20170427-VeryMax/ITS/From_T2__slayer-n1.t2_fixed__p22959_safety_0.smt2,53.3076,0,631,成功
/pub/data/jiafq/iscas/Parser_Comparison/../benchmarks/part68/non-incremental/QF_NIA/20170427-VeryMax/ITS/From_T2__slayer-n1.t2_fixed__p22961_safety_0.smt2,69.1697,0,806,成功
/pub/data/jiafq/iscas/Parser_Comparison/../benchmarks/part68/non-incremental/QF_NIA/20170427-VeryMax/ITS/From_T2__slayer-n1.t2_fixed__p22963_safety_0.smt2,68.0324,0,813,成功
/pub/data/jiafq/iscas/Parser_Comparison/../benchmarks/part68/non-incremental/QF_NIA/20170427-VeryMax/ITS/From_T2__slayer-n1.t2_fixed__p22965_safety_0.smt2,69.564,0,799,成功
/pub/data/jiafq/iscas/Parser_Comparison/../benchmarks/part68/non-incremental/QF_NIA/20170427-VeryMax/ITS/From_T2__slayer-n1.t2_fixed__p22967_safety_0.smt2,66.1946,0,806,成功
/pub/data/jiafq/iscas/Parser_Comparison/../benchmarks/part68/non-incremental/QF_NIA/20170427-VeryMax/ITS/From_T2__slayer-n1.t2_fixed__p22970_safety_0.smt2,60.6157,0,934,成功
/pub/data/jiafq/iscas/Parser_Comparison/../benchmarks/part68/non-incremental/QF_NIA/20170427-VeryMax/ITS/From_T2__slayer-n1.t2_fixed__p22971_safety_0.smt2,98.4123,0,1479,成功
/pub/data/jiafq/iscas/Parser_Comparison/../benchmarks/part68/non-incremental/QF_NIA/20170427-VeryMax/ITS/From_T2__slayer-n1.t2_fixed__p22972_safety_0.smt2,139.352,0,2053,成功
/pub/data/jiafq/iscas/Parser_Comparison/../benchmarks/part68/non-incremental/QF_NIA/20170427-VeryMax/ITS/From_T2__slayer-n1.t2_fixed__p22975_safety_0.smt2,58.4582,0,943,成功
/pub/data/jiafq/iscas/Parser_Comparison/../benchmarks/part68/non-incremental/QF_NIA/20170427-VeryMax/ITS/From_T2__slayer-n1.t2_fixed__p22976_safety_0.smt2,98.1088,0,1493,成功
/pub/data/jiafq/iscas/Parser_Comparison/../benchmarks/part68/non-incremental/QF_NIA/20170427-VeryMax/ITS/From_T2__slayer-n1.t2_fixed__p22977_safety_0.smt2,147.73,0,2072,成功
/pub/data/jiafq/iscas/Parser_Comparison/../benchmarks/part68/non-incremental/QF_NIA/20170427-VeryMax/ITS/From_T2__slayer-n1.t2_fixed__p22980_safety_0.smt2,56.0487,0,925,成功
/pub/data/jiafq/iscas/Parser_Comparison/../benchmarks/part68/non-incremental/QF_NIA/20170427-VeryMax/ITS/From_T2__slayer-n1.t2_fixed__p22981_safety_0.smt2,96.9475,0,1466,成功
/pub/data/jiafq/iscas/Parser_Comparison/../benchmarks/part68/non-incremental/QF_NIA/20170427-VeryMax/ITS/From_T2__slayer-n1.t2_fixed__p22982_safety_0.smt2,141.223,0,2036,成功
/pub/data/jiafq/iscas/Parser_Comparison/../benchmarks/part68/non-incremental/QF_NIA/20170427-VeryMax/ITS/From_T2__slayer-n1.t2_fixed__p22985_safety_0.smt2,43.5902,0,745,成功
/pub/data/jiafq/iscas/Parser_Comparison/../benchmarks/part68/non-incremental/QF_NIA/20170427-VeryMax/ITS/From_T2__slayer-n1.t2_fixed__p22986_safety_0.smt2,68.2368,0,1175,成功
/pub/data/jiafq/iscas/Parser_Comparison/../benchmarks/part68/non-incremental/QF_NIA/20170427-VeryMax/ITS/From_T2__slayer-n1.t2_fixed__p22987_safety_0.smt2,96.9234,0,1616,成功
/pub/data/jiafq/iscas/Parser_Comparison/../benchmarks/part68/non-incremental/QF_NIA/20170427-VeryMax/ITS/From_T2__slayer-n1.t2_fixed__p22991_safety_0.smt2,79.3172,0,1097,成功
/pub/data/jiafq/iscas/Parser_Comparison/../benchmarks/part68/non-incremental/QF_NIA/20170427-VeryMax/ITS/From_T2__slayer-n1.t2_fixed__p22992_safety_0.smt2,128.99,0,1792,成功
/pub/data/jiafq/iscas/Parser_Comparison/../benchmarks/part68/non-incremental/QF_NIA/20170427-VeryMax/ITS/From_T2__slayer-n1.t2_fixed__p22993_safety_0.smt2,179.532,0,2516,成功
/pub/data/jiafq/iscas/Parser_Comparison/../benchmarks/part68/non-incremental/QF_NIA/20170427-VeryMax/ITS/From_T2__slayer-n1.t2_fixed__p22997_safety_0.smt2,75.4369,0,1087,成功
/pub/data/jiafq/iscas/Parser_Comparison/../benchmarks/part68/non-incremental/QF_NIA/20170427-VeryMax/ITS/From_T2__slayer-n1.t2_fixed__p22998_safety_0.smt2,120.658,0,1777,成功
/pub/data/jiafq/iscas/Parser_Comparison/../benchmarks/part68/non-incremental/QF_NIA/20170427-VeryMax/ITS/From_T2__slayer-n1.t2_fixed__p22999_safety_0.smt2,174.263,0,2496,成功
/pub/data/jiafq/iscas/Parser_Comparison/../benchmarks/part68/non-incremental/QF_NIA/20170427-VeryMax/ITS/From_T2__slayer-n1.t2_fixed__p23006_safety_0.smt2,72.5676,0,1092,成功
/pub/data/jiafq/iscas/Parser_Comparison/../benchmarks/part68/non-incremental/QF_NIA/20170427-VeryMax/ITS/From_T2__slayer-n1.t2_fixed__p23007_safety_0.smt2,117.443,0,1785,成功
/pub/data/jiafq/iscas/Parser_Comparison/../benchmarks/part68/non-incremental/QF_NIA/20170427-VeryMax/ITS/From_T2__slayer-n1.t2_fixed__p23008_safety_0.smt2,168.179,0,2507,成功
/pub/data/jiafq/iscas/Parser_Comparison/../benchmarks/part68/non-incremental/QF_NIA/20170427-VeryMax/ITS/From_T2__slayer-n1.t2_fixed__p23009_safety_0.smt2,75.2557,0,1098,成功
/pub/data/jiafq/iscas/Parser_Comparison/../benchmarks/part68/non-incremental/QF_NIA/20170427-VeryMax/ITS/From_T2__slayer-n1.t2_fixed__p23010_safety_0.smt2,123.466,0,1794,成功
/pub/data/jiafq/iscas/Parser_Comparison/../benchmarks/part68/non-incremental/QF_NIA/20170427-VeryMax/ITS/From_T2__slayer-n1.t2_fixed__p23011_safety_0.smt2,179.67,0,2519,成功
/pub/data/jiafq/iscas/Parser_Comparison/../benchmarks/part68/non-incremental/QF_NIA/20170427-VeryMax/ITS/From_T2__slayer-n1.t2_fixed__p23034_terminationG_0.smt2,160.051,0,2564,成功
/pub/data/jiafq/iscas/Parser_Comparison/../benchmarks/part68/non-incremental/QF_NIA/20170427-VeryMax/ITS/From_T2__slayer-n1.t2_fixed__p23046_safety_0.smt2,71.7006,0,805,成功
/pub/data/jiafq/iscas/Parser_Comparison/../benchmarks/part68/non-incremental/QF_NIA/20170427-VeryMax/ITS/From_T2__slayer-n1.t2_fixed__p23047_safety_0.smt2,68.6284,0,812,成功
/pub/data/jiafq/iscas/Parser_Comparison/../benchmarks/part68/non-incremental/QF_NIA/20170427-VeryMax/ITS/From_T2__slayer-n1.t2_fixed__p23052_safety_0.smt2,47.6206,0,747,成功
/pub/data/jiafq/iscas/Parser_Comparison/../benchmarks/part68/non-incremental/QF_NIA/20170427-VeryMax/ITS/From_T2__slayer-n1.t2_fixed__p23053_safety_0.smt2,71.1801,0,1173,成功
/pub/data/jiafq/iscas/Parser_Comparison/../benchmarks/part68/non-incremental/QF_NIA/20170427-VeryMax/ITS/From_T2__slayer-n1.t2_fixed__p23054_safety_0.smt2,99.0682,0,1611,成功
/pub/data/jiafq/iscas/Parser_Comparison/../benchmarks/part68/non-incremental/QF_NIA/20170427-VeryMax/ITS/From_T2__slayer-n1.t2_fixed__p23055_safety_0.smt2,46.9184,0,740,成功
/pub/data/jiafq/iscas/Parser_Comparison/../benchmarks/part68/non-incremental/QF_NIA/20170427-VeryMax/ITS/From_T2__slayer-n1.t2_fixed__p23056_safety_0.smt2,63.6069,0,1163,成功
/pub/data/jiafq/iscas/Parser_Comparison/../benchmarks/part68/non-incremental/QF_NIA/20170427-VeryMax/ITS/From_T2__slayer-n1.t2_fixed__p23057_safety_0.smt2,95.221,0,1598,成功
/pub/data/jiafq/iscas/Parser_Comparison/../benchmarks/part68/non-incremental/QF_NIA/20170427-VeryMax/ITS/From_T2__slayer-n1.t2_fixed__p23064_safety_0.smt2,57.6768,0,898,成功
/pub/data/jiafq/iscas/Parser_Comparison/../benchmarks/part68/non-incremental/QF_NIA/20170427-VeryMax/ITS/From_T2__slayer-n1.t2_fixed__p23065_safety_0.smt2,88.371,0,1466,成功
/pub/data/jiafq/iscas/Parser_Comparison/../benchmarks/part68/non-incremental/QF_NIA/20170427-VeryMax/ITS/From_T2__slayer-n1.t2_fixed__p23066_safety_0.smt2,121.093,0,2046,成功
/pub/data/jiafq/iscas/Parser_Comparison/../benchmarks/part68/non-incremental/QF_NIA/20170427-VeryMax/ITS/From_T2__slayer-n1.t2_fixed__p23067_safety_0.smt2,54.3923,0,890,成功
/pub/data/jiafq/iscas/Parser_Comparison/../benchmarks/part68/non-incremental/QF_NIA/20170427-VeryMax/ITS/From_T2__slayer-n1.t2_fixed__p23068_safety_0.smt2,85.1741,0,1454,成功
/pub/data/jiafq/iscas/Parser_Comparison/../benchmarks/part68/non-incremental/QF_NIA/20170427-VeryMax/ITS/From_T2__slayer-n1.t2_fixed__p23069_safety_0.smt2,119.828,0,2030,成功
/pub/data/jiafq/iscas/Parser_Comparison/../benchmarks/part68/non-incremental/QF_NIA/20170427-VeryMax/ITS/From_T2__slayer-n1.t2_fixed__p23082_safety_0.smt2,48.2579,0,631,成功
/pub/data/jiafq/iscas/Parser_Comparison/../benchmarks/part68/non-incremental/QF_NIA/20170427-VeryMax/ITS/From_T2__slayer-n1.t2_fixed__p23083_safety_0.smt2,50.4655,0,637,成功
/pub/data/jiafq/iscas/Parser_Comparison/../benchmarks/part68/non-incremental/QF_NIA/20170427-VeryMax/ITS/From_T2__slayer-n1.t2_fixed__p23090_safety_0.smt2,61.3607,0,935,成功
/pub/data/jiafq/iscas/Parser_Comparison/../benchmarks/part68/non-incremental/QF_NIA/20170427-VeryMax/ITS/From_T2__slayer-n1.t2_fixed__p23091_safety_0.smt2,96.3976,0,1477,成功
/pub/data/jiafq/iscas/Parser_Comparison/../benchmarks/part68/non-incremental/QF_NIA/20170427-VeryMax/ITS/From_T2__slayer-n1.t2_fixed__p23092_safety_0.smt2,150.475,0,2049,成功
/pub/data/jiafq/iscas/Parser_Comparison/../benchmarks/part68/non-incremental/QF_NIA/20170427-VeryMax/ITS/From_T2__slayer-n1.t2_fixed__p23093_safety_0.smt2,59.1968,0,944,成功
/pub/data/jiafq/iscas/Parser_Comparison/../benchmarks/part68/non-incremental/QF_NIA/20170427-VeryMax/ITS/From_T2__slayer-n1.t2_fixed__p23094_safety_0.smt2,98.9228,0,1490,成功
/pub/data/jiafq/iscas/Parser_Comparison/../benchmarks/part68/non-incremental/QF_NIA/20170427-VeryMax/ITS/From_T2__slayer-n1.t2_fixed__p23095_safety_0.smt2,142.816,0,2066,成功
/pub/data/jiafq/iscas/Parser_Comparison/../benchmarks/part68/non-incremental/QF_NIA/20170427-VeryMax/ITS/From_T2__slayer-n1.t2_fixed__p23099_safety_0.smt2,74.3374,0,1092,成功
/pub/data/jiafq/iscas/Parser_Comparison/../benchmarks/part68/non-incremental/QF_NIA/20170427-VeryMax/ITS/From_T2__slayer-n1.t2_fixed__p23100_safety_0.smt2,119.492,0,1780,成功
/pub/data/jiafq/iscas/Parser_Comparison/../benchmarks/part68/non-incremental/QF_NIA/20170427-VeryMax/ITS/From_T2__slayer-n1.t2_fixed__p23101_safety_0.smt2,171.43,0,2498,成功
/pub/data/jiafq/iscas/Parser_Comparison/../benchmarks/part68/non-incremental/QF_NIA/20170427-VeryMax/ITS/From_T2__slayer-n1.t2_fixed__p23105_safety_0.smt2,73.5397,0,1104,成功
/pub/data/jiafq/iscas/Parser_Comparison/../benchmarks/part68/non-incremental/QF_NIA/20170427-VeryMax/ITS/From_T2__slayer-n1.t2_fixed__p23106_safety_0.smt2,123.053,0,1798,成功
/pub/data/jiafq/iscas/Parser_Comparison/../benchmarks/part68/non-incremental/QF_NIA/20170427-VeryMax/ITS/From_T2__slayer-n1.t2_fixed__p23107_safety_0.smt2,180.006,0,2522,成功
/pub/data/jiafq/iscas/Parser_Comparison/../benchmarks/part68/non-incremental/QF_NIA/20170427-VeryMax/ITS/From_T2__slayer-n1.t2_fixed__p23119_terminationG_0.smt2,106.772,0,2005,成功
/pub/data/jiafq/iscas/Parser_Comparison/../benchmarks/part68/non-incremental/QF_NIA/20170427-VeryMax/ITS/From_T2__slayer-n1.t2_fixed__p23120_terminationG_0.smt2,155.922,0,2564,成功
/pub/data/jiafq/iscas/Parser_Comparison/../benchmarks/part68/non-incremental/QF_NIA/20170427-VeryMax/ITS/From_T2__slayer-n1.t2_fixed__p23125_terminationG_0.smt2,62.8412,0,1065,成功
/pub/data/jiafq/iscas/Parser_Comparison/../benchmarks/part68/non-incremental/QF_NIA/20170427-VeryMax/ITS/From_T2__slayer-n1.t2_fixed__p23126_terminationG_0.smt2,88.6048,0,1357,成功
/pub/data/jiafq/iscas/Parser_Comparison/../benchmarks/part68/non-incremental/QF_NIA/20170427-VeryMax/ITS/From_T2__slayer-n1.t2_fixed__p23129_edge_closing_0.smt2,248.1,0,3799,成功
/pub/data/jiafq/iscas/Parser_Comparison/../benchmarks/part68/non-incremental/QF_NIA/20170427-VeryMax/ITS/From_T2__slayer-n1.t2_fixed__p23130_edge_closing_0.smt2,303.367,0,4696,成功
/pub/data/jiafq/iscas/Parser_Comparison/../benchmarks/part68/non-incremental/QF_NIA/20170427-VeryMax/ITS/From_T2__slayer-n1.t2_fixed__p23131_edge_closing_0.smt2,370.449,0,5634,成功
/pub/data/jiafq/iscas/Parser_Comparison/../benchmarks/part68/non-incremental/QF_NIA/20170427-VeryMax/ITS/From_T2__slayer-n1.t2_fixed__p23136_edge_closing_0.smt2,128.553,0,2413,成功
/pub/data/jiafq/iscas/Parser_Comparison/../benchmarks/part68/non-incremental/QF_NIA/20170427-VeryMax/ITS/From_T2__slayer-n1.t2_fixed__p23137_edge_closing_0.smt2,169.512,0,2898,成功
/pub/data/jiafq/iscas/Parser_Comparison/../benchmarks/part68/non-incremental/QF_NIA/20170427-VeryMax/ITS/From_T2__slayer-n2-filtered.t2__p23173_terminationG_0.smt2,19.8491,0,277,成功
/pub/data/jiafq/iscas/Parser_Comparison/../benchmarks/part68/non-incremental/QF_NIA/20170427-VeryMax/ITS/From_T2__slayer-n2-filtered.t2__p23179_terminationG_0.smt2,41.0727,0,715,成功
/pub/data/jiafq/iscas/Parser_Comparison/../benchmarks/part68/non-incremental/QF_NIA/20170427-VeryMax/ITS/From_T2__slayer-n2-filtered.t2__p23182_terminationG_0.smt2,15.2463,0,223,成功
/pub/data/jiafq/iscas/Parser_Comparison/../benchmarks/part68/non-incremental/QF_NIA/20170427-VeryMax/ITS/From_T2__slayer-n2-filtered.t2__p23183_terminationG_0.smt2,18.5338,0,302,成功
/pub/data/jiafq/iscas/Parser_Comparison/../benchmarks/part68/non-incremental/QF_NIA/20170427-VeryMax/ITS/From_T2__slayer-n2-filtered.t2__p23184_terminationG_0.smt2,22.0931,0,391,成功
/pub/data/jiafq/iscas/Parser_Comparison/../benchmarks/part68/non-incremental/QF_NIA/20170427-VeryMax/ITS/From_T2__slayer-n2-filtered.t2__p23187_terminationG_0.smt2,10.3114,0,228,成功
/pub/data/jiafq/iscas/Parser_Comparison/../benchmarks/part68/non-incremental/QF_NIA/20170427-VeryMax/ITS/From_T2__slayer-n2-filtered.t2__p23188_terminationG_0.smt2,17.1443,0,307,成功
/pub/data/jiafq/iscas/Parser_Comparison/../benchmarks/part68/non-incremental/QF_NIA/20170427-VeryMax/ITS/From_T2__slayer-n2-filtered.t2__p23189_terminationG_0.smt2,25.0944,0,396,成功
/pub/data/jiafq/iscas/Parser_Comparison/../benchmarks/part68/non-incremental/QF_NIA/20170427-VeryMax/ITS/From_T2__slayer-n2-filtered.t2__p23192_terminationG_0.smt2,12.3565,0,245,成功
/pub/data/jiafq/iscas/Parser_Comparison/../benchmarks/part68/non-incremental/QF_NIA/20170427-VeryMax/ITS/From_T2__slayer-n2-filtered.t2__p23193_terminationG_0.smt2,20.88,0,326,成功
/pub/data/jiafq/iscas/Parser_Comparison/../benchmarks/part68/non-incremental/QF_NIA/20170427-VeryMax/ITS/From_T2__slayer-n2-filtered.t2__p23194_terminationG_0.smt2,21.8243,0,417,成功
/pub/data/jiafq/iscas/Parser_Comparison/../benchmarks/part68/non-incremental/QF_NIA/20170427-VeryMax/ITS/From_T2__slayer-n2-filtered.t2__p23197_terminationG_0.smt2,12.3916,0,257,成功
/pub/data/jiafq/iscas/Parser_Comparison/../benchmarks/part68/non-incremental/QF_NIA/20170427-VeryMax/ITS/From_T2__slayer-n2-filtered.t2__p23198_terminationG_0.smt2,15.2122,0,338,成功
/pub/data/jiafq/iscas/Parser_Comparison/../benchmarks/part68/non-incremental/QF_NIA/20170427-VeryMax/ITS/From_T2__slayer-n2-filtered.t2__p23199_terminationG_0.smt2,23.0044,0,429,成功
/pub/data/jiafq/iscas/Parser_Comparison/../benchmarks/part68/non-incremental/QF_NIA/20170427-VeryMax/ITS/From_T2__slayer-n2-filtered.t2__p23209_edge_closing_0.smt2,23.7713,0,563,成功
/pub/data/jiafq/iscas/Parser_Comparison/../benchmarks/part68/non-incremental/QF_NIA/20170427-VeryMax/ITS/From_T2__slayer-n2-filtered.t2__p23210_edge_closing_0.smt2,36.7861,0,695,成功
/pub/data/jiafq/iscas/Parser_Comparison/../benchmarks/part68/non-incremental/QF_NIA/20170427-VeryMax/ITS/From_T2__slayer-n2-filtered.t2__terminationQ_3_0.smt2,17.4362,0,267,成功
/pub/data/jiafq/iscas/Parser_Comparison/../benchmarks/part68/non-incremental/QF_NIA/20170427-VeryMax/ITS/From_T2__slayer-n2.t2__p23217_terminationG_0.smt2,15.0341,0,173,成功
/pub/data/jiafq/iscas/Parser_Comparison/../benchmarks/part68/non-incremental/QF_NIA/20170427-VeryMax/ITS/From_T2__slayer-n2.t2__p23218_terminationG_0.smt2,16.0854,0,234,成功
/pub/data/jiafq/iscas/Parser_Comparison/../benchmarks/part68/non-incremental/QF_NIA/20170427-VeryMax/ITS/From_T2__slayer-n2.t2__p23219_terminationG_0.smt2,17.7206,0,303,成功
/pub/data/jiafq/iscas/Parser_Comparison/../benchmarks/part68/non-incremental/QF_NIA/20170427-VeryMax/ITS/From_T2__slayer-n2.t2__p23222_terminationG_0.smt2,6.37088,0,173,成功
/pub/data/jiafq/iscas/Parser_Comparison/../benchmarks/part68/non-incremental/QF_NIA/20170427-VeryMax/ITS/From_T2__slayer-n2.t2__p23223_terminationG_0.smt2,16.4809,0,233,成功
/pub/data/jiafq/iscas/Parser_Comparison/../benchmarks/part68/non-incremental/QF_NIA/20170427-VeryMax/ITS/From_T2__slayer-n2.t2__p23224_terminationG_0.smt2,18.9172,0,301,成功
/pub/data/jiafq/iscas/Parser_Comparison/../benchmarks/part68/non-incremental/QF_NIA/20170427-VeryMax/ITS/From_T2__slayer-n2.t2__p23227_edge_closing_0.smt2,16.5337,0,332,成功
/pub/data/jiafq/iscas/Parser_Comparison/../benchmarks/part68/non-incremental/QF_NIA/20170427-VeryMax/ITS/From_T2__slayer-n2.t2__p23229_edge_closing_0.smt2,20.0494,0,426,成功
/pub/data/jiafq/iscas/Parser_Comparison/../benchmarks/part68/non-incremental/QF_NIA/20170427-VeryMax/ITS/From_T2__slayer-n2.t2__p23232_edge_closing_0.smt2,20.6037,0,427,成功
/pub/data/jiafq/iscas/Parser_Comparison/../benchmarks/part68/non-incremental/QF_NIA/20170427-VeryMax/ITS/From_T2__slayer-n2.t2__terminationQ_1_0.smt2,14.5029,0,176,成功
/pub/data/jiafq/iscas/Parser_Comparison/../benchmarks/part68/non-incremental/QF_NIA/20170427-VeryMax/ITS/From_T2__slayer-n5-filtered.t2__p23248_terminationG_0.smt2,61.48,0,1215,成功
/pub/data/jiafq/iscas/Parser_Comparison/../benchmarks/part68/non-incremental/QF_NIA/20170427-VeryMax/ITS/From_T2__slayer-n5-filtered.t2__p23251_safety_0.smt2,59.3362,0,683,成功
/pub/data/jiafq/iscas/Parser_Comparison/../benchmarks/part68/non-incremental/QF_NIA/20170427-VeryMax/ITS/From_T2__slayer-n5-filtered.t2__p23265_safety_0.smt2,79.5326,0,958,成功
/pub/data/jiafq/iscas/Parser_Comparison/../benchmarks/part68/non-incremental/QF_NIA/20170427-VeryMax/ITS/From_T2__slayer-n5-filtered.t2__p23267_safety_0.smt2,63.5179,0,638,成功
/pub/data/jiafq/iscas/Parser_Comparison/../benchmarks/part68/non-incremental/QF_NIA/20170427-VeryMax/ITS/From_T2__slayer-n5-filtered.t2__p23268_safety_0.smt2,86.6414,0,854,成功
/pub/data/jiafq/iscas/Parser_Comparison/../benchmarks/part68/non-incremental/QF_NIA/20170427-VeryMax/ITS/From_T2__slayer-n5-filtered.t2__p23280_safety_0.smt2,59.689,220,739,成功
/pub/data/jiafq/iscas/Parser_Comparison/../benchmarks/part68/non-incremental/QF_NIA/20170427-VeryMax/ITS/From_T2__slayer-n5-filtered.t2__p23281_safety_0.smt2,78.2341,0,966,成功
/pub/data/jiafq/iscas/Parser_Comparison/../benchmarks/part68/non-incremental/QF_NIA/20170427-VeryMax/ITS/From_T2__slayer-n5-filtered.t2__p23286_safety_0.smt2,60.3081,0,748,成功
/pub/data/jiafq/iscas/Parser_Comparison/../benchmarks/part68/non-incremental/QF_NIA/20170427-VeryMax/ITS/From_T2__slayer-n5-filtered.t2__p23287_safety_0.smt2,60.0995,0,765,成功
/pub/data/jiafq/iscas/Parser_Comparison/../benchmarks/part68/non-incremental/QF_NIA/20170427-VeryMax/ITS/From_T2__slayer-n5-filtered.t2__p23288_safety_0.smt2,85.4973,0,997,成功
/pub/data/jiafq/iscas/Parser_Comparison/../benchmarks/part68/non-incremental/QF_NIA/20170427-VeryMax/ITS/From_T2__slayer-n5-filtered.t2__p23289_safety_0.smt2,81.581,0,977,成功
/pub/data/jiafq/iscas/Parser_Comparison/../benchmarks/part68/non-incremental/QF_NIA/20170427-VeryMax/ITS/From_T2__slayer-n5-filtered.t2__p23294_terminationG_0.smt2,146.347,0,2413,成功
/pub/data/jiafq/iscas/Parser_Comparison/../benchmarks/part68/non-incremental/QF_NIA/20170427-VeryMax/ITS/From_T2__slayer-n5-filtered.t2__p23304_safety_0.smt2,63.429,0,748,成功
/pub/data/jiafq/iscas/Parser_Comparison/../benchmarks/part68/non-incremental/QF_NIA/20170427-VeryMax/ITS/From_T2__slayer-n5-filtered.t2__p23305_safety_0.smt2,67.9467,0,776,成功
/pub/data/jiafq/iscas/Parser_Comparison/../benchmarks/part68/non-incremental/QF_NIA/20170427-VeryMax/ITS/From_T2__slayer-n5-filtered.t2__p23306_safety_0.smt2,80.7974,0,977,成功
/pub/data/jiafq/iscas/Parser_Comparison/../benchmarks/part68/non-incremental/QF_NIA/20170427-VeryMax/ITS/From_T2__slayer-n5-filtered.t2__p23307_safety_0.smt2,87.8919,0,1010,成功
/pub/data/jiafq/iscas/Parser_Comparison/../benchmarks/part68/non-incremental/QF_NIA/20170427-VeryMax/ITS/From_T2__slayer-n5-filtered.t2__p23322_safety_0.smt2,58.2676,0,649,成功
/pub/data/jiafq/iscas/Parser_Comparison/../benchmarks/part68/non-incremental/QF_NIA/20170427-VeryMax/ITS/From_T2__slayer-n5-filtered.t2__p23323_safety_0.smt2,65.6317,0,792,成功
/pub/data/jiafq/iscas/Parser_Comparison/../benchmarks/part68/non-incremental/QF_NIA/20170427-VeryMax/ITS/From_T2__slayer-n5-filtered.t2__p23324_safety_0.smt2,79.0482,0,867,成功
/pub/data/jiafq/iscas/Parser_Comparison/../benchmarks/part68/non-incremental/QF_NIA/20170427-VeryMax/ITS/From_T2__slayer-n5-filtered.t2__p23325_safety_0.smt2,92.4587,0,1029,成功
/pub/data/jiafq/iscas/Parser_Comparison/../benchmarks/part68/non-incremental/QF_NIA/20170427-VeryMax/ITS/From_T2__slayer-n5-filtered.t2__p23329_terminationG_0.smt2,102.15,0,1929,成功
/pub/data/jiafq/iscas/Parser_Comparison/../benchmarks/part68/non-incremental/QF_NIA/20170427-VeryMax/ITS/From_T2__slayer-n5-filtered.t2__p23330_terminationG_0.smt2,146.941,0,2433,成功
/pub/data/jiafq/iscas/Parser_Comparison/../benchmarks/part68/non-incremental/QF_NIA/20170427-VeryMax/ITS/From_T2__slayer-n5-filtered.t2__p23339_safety_0.smt2,58.8073,0,656,成功
/pub/data/jiafq/iscas/Parser_Comparison/../benchmarks/part68/non-incremental/QF_NIA/20170427-VeryMax/ITS/From_T2__slayer-n5-filtered.t2__p23340_safety_0.smt2,81.0131,0,876,成功
/pub/data/jiafq/iscas/Parser_Comparison/../benchmarks/part68/non-incremental/QF_NIA/20170427-VeryMax/ITS/From_T2__slayer-n5-filtered.t2__p23342_safety_0.smt2,65.9994,0,811,成功
/pub/data/jiafq/iscas/Parser_Comparison/../benchmarks/part68/non-incremental/QF_NIA/20170427-VeryMax/ITS/From_T2__slayer-n5-filtered.t2__p23343_safety_0.smt2,90.3165,0,1052,成功
/pub/data/jiafq/iscas/Parser_Comparison/../benchmarks/part68/non-incremental/QF_NIA/20170427-VeryMax/ITS/From_T2__slayer-n5-filtered.t2__p23348_terminationG_0.smt2,153.57,0,2467,成功
/pub/data/jiafq/iscas/Parser_Comparison/../benchmarks/part68/non-incremental/QF_NIA/20170427-VeryMax/ITS/From_T2__slayer-n5-filtered.t2__p23357_safety_0.smt2,59.8793,0,652,成功
/pub/data/jiafq/iscas/Parser_Comparison/../benchmarks/part68/non-incremental/QF_NIA/20170427-VeryMax/ITS/From_T2__slayer-n5-filtered.t2__p23358_safety_0.smt2,85.3389,0,871,成功
/pub/data/jiafq/iscas/Parser_Comparison/../benchmarks/part68/non-incremental/QF_NIA/20170427-VeryMax/ITS/From_T2__slayer-n5-filtered.t2__p23361_safety_0.smt2,91.5604,0,1073,成功
/pub/data/jiafq/iscas/Parser_Comparison/../benchmarks/part68/non-incremental/QF_NIA/20170427-VeryMax/ITS/From_T2__slayer-n5-filtered.t2__p23367_terminationG_0.smt2,155.439,0,2493,成功
/pub/data/jiafq/iscas/Parser_Comparison/../benchmarks/part68/non-incremental/QF_NIA/20170427-VeryMax/ITS/From_T2__slayer-n5-filtered.t2__p23376_safety_0.smt2,62.0498,0,653,成功
/pub/data/jiafq/iscas/Parser_Comparison/../benchmarks/part68/non-incremental/QF_NIA/20170427-VeryMax/ITS/From_T2__slayer-n5-filtered.t2__p23377_safety_0.smt2,83.3078,0,872,成功
/pub/data/jiafq/iscas/Parser_Comparison/../benchmarks/part68/non-incremental/QF_NIA/20170427-VeryMax/ITS/From_T2__slayer-n5-filtered.t2__p23379_safety_0.smt2,70.3698,0,847,成功
/pub/data/jiafq/iscas/Parser_Comparison/../benchmarks/part68/non-incremental/QF_NIA/20170427-VeryMax/ITS/From_T2__slayer-n5-filtered.t2__p23380_safety_0.smt2,97.1808,0,1094,成功
/pub/data/jiafq/iscas/Parser_Comparison/../benchmarks/part68/non-incremental/QF_NIA/20170427-VeryMax/ITS/From_T2__slayer-n5-filtered.t2__p23384_terminationG_0.smt2,107.332,0,2005,成功
/pub/data/jiafq/iscas/Parser_Comparison/../benchmarks/part68/non-incremental/QF_NIA/20170427-VeryMax/ITS/From_T2__slayer-n5-filtered.t2__p23385_terminationG_0.smt2,160.19,0,2519,成功
/pub/data/jiafq/iscas/Parser_Comparison/../benchmarks/part68/non-incremental/QF_NIA/20170427-VeryMax/ITS/From_T2__slayer-n5-filtered.t2__p23394_safety_0.smt2,57.9727,0,655,成功
/pub/data/jiafq/iscas/Parser_Comparison/../benchmarks/part68/non-incremental/QF_NIA/20170427-VeryMax/ITS/From_T2__slayer-n5-filtered.t2__p23395_safety_0.smt2,83.2631,0,875,成功
/pub/data/jiafq/iscas/Parser_Comparison/../benchmarks/part68/non-incremental/QF_NIA/20170427-VeryMax/ITS/From_T2__slayer-n5-filtered.t2__p23397_safety_0.smt2,74.257,0,855,成功
/pub/data/jiafq/iscas/Parser_Comparison/../benchmarks/part68/non-incremental/QF_NIA/20170427-VeryMax/ITS/From_T2__slayer-n5-filtered.t2__p23398_safety_0.smt2,102.81,0,1103,成功
/pub/data/jiafq/iscas/Parser_Comparison/../benchmarks/part68/non-incremental/QF_NIA/20170427-VeryMax/ITS/From_T2__slayer-n5-filtered.t2__p23402_terminationG_0.smt2,102.678,0,2012,成功
/pub/data/jiafq/iscas/Parser_Comparison/../benchmarks/part68/non-incremental/QF_NIA/20170427-VeryMax/ITS/From_T2__slayer-n5-filtered.t2__p23403_terminationG_0.smt2,156.033,0,2527,成功
/pub/data/jiafq/iscas/Parser_Comparison/../benchmarks/part68/non-incremental/QF_NIA/20170427-VeryMax/ITS/From_T2__slayer-n5-filtered.t2__p23413_safety_0.smt2,79.4955,0,871,成功
/pub/data/jiafq/iscas/Parser_Comparison/../benchmarks/part68/non-incremental/QF_NIA/20170427-VeryMax/ITS/From_T2__slayer-n5-filtered.t2__p23415_safety_0.smt2,71.7697,0,868,成功
/pub/data/jiafq/iscas/Parser_Comparison/../benchmarks/part68/non-incremental/QF_NIA/20170427-VeryMax/ITS/From_T2__slayer-n5-filtered.t2__p23416_safety_0.smt2,98.1848,0,1119,成功
/pub/data/jiafq/iscas/Parser_Comparison/../benchmarks/part68/non-incremental/QF_NIA/20170427-VeryMax/ITS/From_T2__slayer-n5-filtered.t2__p23419_terminationG_0.smt2,69.455,0,1571,成功
/pub/data/jiafq/iscas/Parser_Comparison/../benchmarks/part68/non-incremental/QF_NIA/20170427-VeryMax/ITS/From_T2__slayer-n5-filtered.t2__p23420_terminationG_0.smt2,113.601,0,2035,成功
/pub/data/jiafq/iscas/Parser_Comparison/../benchmarks/part68/non-incremental/QF_NIA/20170427-VeryMax/ITS/From_T2__slayer-n5-filtered.t2__p23421_terminationG_0.smt2,163.599,0,2553,成功
/pub/data/jiafq/iscas/Parser_Comparison/../benchmarks/part68/non-incremental/QF_NIA/20170427-VeryMax/ITS/From_T2__slayer-n5-filtered.t2__p23425_terminationG_0.smt2,49.2433,0,925,成功
/pub/data/jiafq/iscas/Parser_Comparison/../benchmarks/part68/non-incremental/QF_NIA/20170427-VeryMax/ITS/From_T2__slayer-n5-filtered.t2__p23426_terminationG_0.smt2,72.9342,0,1138,成功
/pub/data/jiafq/iscas/Parser_Comparison/../benchmarks/part68/non-incremental/QF_NIA/20170427-VeryMax/ITS/From_T2__small01.t2__p23467_terminationG_0.smt2,9.97037,0,138,成功
/pub/data/jiafq/iscas/Parser_Comparison/../benchmarks/part68/non-incremental/QF_NIA/20170427-VeryMax/ITS/From_T2__small01.t2__p23468_terminationG_0.smt2,16.3571,0,208,成功
/pub/data/jiafq/iscas/Parser_Comparison/../benchmarks/part68/non-incremental/QF_NIA/20170427-VeryMax/ITS/From_T2__small01.t2__p23469_terminationG_0.smt2,15.5732,0,286,成功
/pub/data/jiafq/iscas/Parser_Comparison/../benchmarks/part68/non-incremental/QF_NIA/20170427-VeryMax/ITS/From_T2__small01.t2__p23472_terminationG_0.smt2,10.1564,0,156,成功
/pub/data/jiafq/iscas/Parser_Comparison/../benchmarks/part68/non-incremental/QF_NIA/20170427-VeryMax/ITS/From_T2__small01.t2__p23473_terminationG_0.smt2,14.3874,0,225,成功
/pub/data/jiafq/iscas/Parser_Comparison/../benchmarks/part68/non-incremental/QF_NIA/20170427-VeryMax/ITS/From_T2__small01.t2__p23474_terminationG_0.smt2,21.8695,0,303,成功
/pub/data/jiafq/iscas/Parser_Comparison/../benchmarks/part68/non-incremental/QF_NIA/20170427-VeryMax/ITS/From_T2__small01.t2__p23477_terminationG_0.smt2,11.6783,0,168,成功
/pub/data/jiafq/iscas/Parser_Comparison/../benchmarks/part68/non-incremental/QF_NIA/20170427-VeryMax/ITS/From_T2__small01.t2__p23478_terminationG_0.smt2,14.2892,0,237,成功
/pub/data/jiafq/iscas/Parser_Comparison/../benchmarks/part68/non-incremental/QF_NIA/20170427-VeryMax/ITS/From_T2__small01.t2__p23479_terminationG_0.smt2,16.8644,0,315,成功
/pub/data/jiafq/iscas/Parser_Comparison/../benchmarks/part68/non-incremental/QF_NIA/20170427-VeryMax/ITS/From_T2__small01.t2__p23482_terminationG_0.smt2,8.31661,0,180,成功
/pub/data/jiafq/iscas/Parser_Comparison/../benchmarks/part68/non-incremental/QF_NIA/20170427-VeryMax/ITS/From_T2__small01.t2__p23483_terminationG_0.smt2,12.1789,0,249,成功
/pub/data/jiafq/iscas/Parser_Comparison/../benchmarks/part68/non-incremental/QF_NIA/20170427-VeryMax/ITS/From_T2__small01.t2__p23484_terminationG_0.smt2,23.401,0,327,成功
/pub/data/jiafq/iscas/Parser_Comparison/../benchmarks/part68/non-incremental/QF_NIA/20170427-VeryMax/ITS/From_T2__small01.t2__terminationQ_3_0.smt2,12.8931,0,192,成功
/pub/data/jiafq/iscas/Parser_Comparison/../benchmarks/part68/non-incremental/QF_NIA/20170427-VeryMax/ITS/From_T2__small02.t2__p23494_terminationG_0.smt2,7.20012,0,87,成功
/pub/data/jiafq/iscas/Parser_Comparison/../benchmarks/part68/non-incremental/QF_NIA/20170427-VeryMax/ITS/From_T2__small02.t2__p23495_terminationG_0.smt2,11.2604,0,137,成功
/pub/data/jiafq/iscas/Parser_Comparison/../benchmarks/part68/non-incremental/QF_NIA/20170427-VeryMax/ITS/From_T2__small02.t2__p23496_terminationG_0.smt2,16.8375,0,193,成功
/pub/data/jiafq/iscas/Parser_Comparison/../benchmarks/part68/non-incremental/QF_NIA/20170427-VeryMax/ITS/From_T2__small02.t2__p23499_terminationG_0.smt2,7.88628,0,105,成功
/pub/data/jiafq/iscas/Parser_Comparison/../benchmarks/part68/non-incremental/QF_NIA/20170427-VeryMax/ITS/From_T2__small02.t2__p23500_terminationG_0.smt2,10.6846,0,154,成功
/pub/data/jiafq/iscas/Parser_Comparison/../benchmarks/part68/non-incremental/QF_NIA/20170427-VeryMax/ITS/From_T2__small02.t2__p23501_terminationG_0.smt2,13.0906,0,210,成功
/pub/data/jiafq/iscas/Parser_Comparison/../benchmarks/part68/non-incremental/QF_NIA/20170427-VeryMax/ITS/From_T2__small03.t2__p23511_terminationG_0.smt2,3.94499,0,116,成功
/pub/data/jiafq/iscas/Parser_Comparison/../benchmarks/part68/non-incremental/QF_NIA/20170427-VeryMax/ITS/From_T2__small03.t2__p23512_terminationG_0.smt2,16.5158,0,184,成功
/pub/data/jiafq/iscas/Parser_Comparison/../benchmarks/part68/non-incremental/QF_NIA/20170427-VeryMax/ITS/From_T2__small03.t2__p23513_terminationG_0.smt2,18.4417,0,258,成功
/pub/data/jiafq/iscas/Parser_Comparison/../benchmarks/part68/non-incremental/QF_NIA/20170427-VeryMax/ITS/From_T2__small03.t2__p23517_terminationG_0.smt2,8.39655,0,134,成功
/pub/data/jiafq/iscas/Parser_Comparison/../benchmarks/part68/non-incremental/QF_NIA/20170427-VeryMax/ITS/From_T2__small03.t2__p23518_terminationG_0.smt2,11.7027,0,201,成功
/pub/data/jiafq/iscas/Parser_Comparison/../benchmarks/part68/non-incremental/QF_NIA/20170427-VeryMax/ITS/From_T2__small03.t2__p23519_terminationG_0.smt2,14.2613,0,275,成功
/pub/data/jiafq/iscas/Parser_Comparison/../benchmarks/part68/non-incremental/QF_NIA/20170427-VeryMax/ITS/From_T2__small03.t2__p23522_terminationG_0.smt2,11.6118,0,160,成功
/pub/data/jiafq/iscas/Parser_Comparison/../benchmarks/part68/non-incremental/QF_NIA/20170427-VeryMax/ITS/From_T2__small03.t2__p23523_terminationG_0.smt2,18.15,0,228,成功
/pub/data/jiafq/iscas/Parser_Comparison/../benchmarks/part68/non-incremental/QF_NIA/20170427-VeryMax/ITS/From_T2__small03.t2__p23524_terminationG_0.smt2,20.5395,0,305,成功
/pub/data/jiafq/iscas/Parser_Comparison/../benchmarks/part68/non-incremental/QF_NIA/20170427-VeryMax/ITS/From_T2__small03.t2__p23527_terminationG_0.smt2,12.4865,0,187,成功
/pub/data/jiafq/iscas/Parser_Comparison/../benchmarks/part68/non-incremental/QF_NIA/20170427-VeryMax/ITS/From_T2__small03.t2__p23528_terminationG_0.smt2,13.4148,0,257,成功
/pub/data/jiafq/iscas/Parser_Comparison/../benchmarks/part68/non-incremental/QF_NIA/20170427-VeryMax/ITS/From_T2__small03.t2__p23529_terminationG_0.smt2,18.0635,0,337,成功
/pub/data/jiafq/iscas/Parser_Comparison/../benchmarks/part68/non-incremental/QF_NIA/20170427-VeryMax/ITS/From_T2__small03.t2__p23532_terminationG_0.smt2,8.51278,0,204,成功
/pub/data/jiafq/iscas/Parser_Comparison/../benchmarks/part68/non-incremental/QF_NIA/20170427-VeryMax/ITS/From_T2__small03.t2__p23533_terminationG_0.smt2,18.1835,0,274,成功
/pub/data/jiafq/iscas/Parser_Comparison/../benchmarks/part68/non-incremental/QF_NIA/20170427-VeryMax/ITS/From_T2__small03.t2__p23534_terminationG_0.smt2,23.5323,0,354,成功
/pub/data/jiafq/iscas/Parser_Comparison/../benchmarks/part68/non-incremental/QF_NIA/20170427-VeryMax/ITS/From_T2__small03.t2__p23537_terminationG_0.smt2,10.1153,0,228,成功
/pub/data/jiafq/iscas/Parser_Comparison/../benchmarks/part68/non-incremental/QF_NIA/20170427-VeryMax/ITS/From_T2__small03.t2__p23538_terminationG_0.smt2,17.7069,0,301,成功
/pub/data/jiafq/iscas/Parser_Comparison/../benchmarks/part68/non-incremental/QF_NIA/20170427-VeryMax/ITS/From_T2__small03.t2__p23539_terminationG_0.smt2,20.532,0,384,成功
/pub/data/jiafq/iscas/Parser_Comparison/../benchmarks/part68/non-incremental/QF_NIA/20170427-VeryMax/ITS/From_T2__small03.t2__terminationQ_5_0.smt2,12.3194,0,236,成功
/pub/data/jiafq/iscas/Parser_Comparison/../benchmarks/part68/non-incremental/QF_NIA/20170427-VeryMax/ITS/From_T2__small04.t2__p23548_terminationG_0.smt2,6.66164,0,119,成功
/pub/data/jiafq/iscas/Parser_Comparison/../benchmarks/part68/non-incremental/QF_NIA/20170427-VeryMax/ITS/From_T2__small04.t2__p23549_terminationG_0.smt2,13.9334,0,188,成功
/pub/data/jiafq/iscas/Parser_Comparison/../benchmarks/part68/non-incremental/QF_NIA/20170427-VeryMax/ITS/From_T2__small04.t2__p23550_terminationG_0.smt2,18.3948,0,263,成功
/pub/data/jiafq/iscas/Parser_Comparison/../benchmarks/part68/non-incremental/QF_NIA/20170427-VeryMax/ITS/From_T2__small04.t2__p23553_terminationG_0.smt2,5.00145,0,137,成功
/pub/data/jiafq/iscas/Parser_Comparison/../benchmarks/part68/non-incremental/QF_NIA/20170427-VeryMax/ITS/From_T2__small04.t2__p23554_terminationG_0.smt2,12.3195,0,205,成功
/pub/data/jiafq/iscas/Parser_Comparison/../benchmarks/part68/non-incremental/QF_NIA/20170427-VeryMax/ITS/From_T2__small04.t2__p23555_terminationG_0.smt2,12.6432,0,280,成功
平均值,340.134,0.37,4767.8,100%
