文件名,解析时间(ms),内存使用(KB),AST节点数量,结果
/pub/data/jiafq/iscas/Parser_Comparison/../benchmarks/part53/non-incremental/QF_LRA/LassoRanker/CooperatingT2/firewire.t2.c_Iteration1_Lasso_2-pieceTemplate.smt2,4334.58,0,64265,成功
/pub/data/jiafq/iscas/Parser_Comparison/../benchmarks/part53/non-incremental/QF_LRA/LassoRanker/CooperatingT2/firewire.t2.c_Iteration1_Lasso_3-lexTemplate.smt2,3436.11,0,52228,成功
/pub/data/jiafq/iscas/Parser_Comparison/../benchmarks/part53/non-incremental/QF_LRA/LassoRanker/CooperatingT2/firewire.t2.c_Iteration1_Lasso_3-phaseTemplate.smt2,2541.74,0,36159,成功
/pub/data/jiafq/iscas/Parser_Comparison/../benchmarks/part53/non-incremental/QF_LRA/LassoRanker/CooperatingT2/firewire.t2.c_Iteration1_Lasso_3-pieceTemplate.smt2,8229.46,0,122743,成功
/pub/data/jiafq/iscas/Parser_Comparison/../benchmarks/part53/non-incremental/QF_LRA/LassoRanker/CooperatingT2/firewire.t2.c_Iteration1_Lasso_4-lexTemplate.smt2,5175.4,244,73410,成功
/pub/data/jiafq/iscas/Parser_Comparison/../benchmarks/part53/non-incremental/QF_LRA/LassoRanker/CooperatingT2/firewire.t2.c_Iteration1_Lasso_4-phaseTemplate.smt2,3963.55,0,48512,成功
/pub/data/jiafq/iscas/Parser_Comparison/../benchmarks/part53/non-incremental/QF_LRA/LassoRanker/CooperatingT2/firewire.t2.c_Iteration1_Lasso_4-pieceTemplate.smt2,13617.9,0,201777,成功
/pub/data/jiafq/iscas/Parser_Comparison/../benchmarks/part53/non-incremental/QF_LRA/LassoRanker/CooperatingT2/firewire.t2.c_Iteration1_Lasso_5-phaseTemplate.smt2,6468.36,0,64537,成功
/pub/data/jiafq/iscas/Parser_Comparison/../benchmarks/part53/non-incremental/QF_LRA/LassoRanker/CooperatingT2/firewire.t2.c_Iteration1_Lasso_6-nestedTemplate.smt2,3545.53,0,57083,成功
/pub/data/jiafq/iscas/Parser_Comparison/../benchmarks/part53/non-incremental/QF_LRA/LassoRanker/CooperatingT2/firewire.t2.c_Iteration1_Lasso_6-phaseTemplate.smt2,11468.5,0,87738,成功
/pub/data/jiafq/iscas/Parser_Comparison/../benchmarks/part53/non-incremental/QF_LRA/LassoRanker/CooperatingT2/firewire.t2.c_Iteration1_Lasso_7-nestedTemplate.smt2,4031.59,0,65263,成功
/pub/data/jiafq/iscas/Parser_Comparison/../benchmarks/part53/non-incremental/QF_LRA/LassoRanker/CooperatingT2/firewire.t2.c_Iteration1_Lasso_7-phaseTemplate.smt2,21852,0,125123,成功
/pub/data/jiafq/iscas/Parser_Comparison/../benchmarks/part53/non-incremental/QF_LRA/LassoRanker/CooperatingT2/firewire.t2.c_Iteration3_Loop_4-pieceTemplate.smt2,3277.14,0,46722,成功
/pub/data/jiafq/iscas/Parser_Comparison/../benchmarks/part53/non-incremental/QF_LRA/LassoRanker/CooperatingT2/firewire.t2.c_Iteration3_Loop_7-phaseTemplate.smt2,8834.33,0,37367,成功
/pub/data/jiafq/iscas/Parser_Comparison/../benchmarks/part53/non-incremental/QF_LRA/LassoRanker/CooperatingT2/fun4.t2.c_Iteration1_Lasso_3-pieceTemplate.smt2,509.203,0,9760,成功
/pub/data/jiafq/iscas/Parser_Comparison/../benchmarks/part53/non-incremental/QF_LRA/LassoRanker/CooperatingT2/fun4.t2.c_Iteration1_Lasso_4-pieceTemplate.smt2,866.126,0,16332,成功
/pub/data/jiafq/iscas/Parser_Comparison/../benchmarks/part53/non-incremental/QF_LRA/LassoRanker/CooperatingT2/heidy7-simple.t2.c_Iteration2_Lasso_4-pieceTemplate.smt2,167.812,0,3363,成功
/pub/data/jiafq/iscas/Parser_Comparison/../benchmarks/part53/non-incremental/QF_LRA/LassoRanker/CooperatingT2/heidy7.t2.c_Iteration2_Lasso_4-pieceTemplate.smt2,494.809,0,9684,成功
/pub/data/jiafq/iscas/Parser_Comparison/../benchmarks/part53/non-incremental/QF_LRA/LassoRanker/CooperatingT2/hongyi1.t2.c_Iteration1_Loop_2-pieceTemplate.smt2,7508.94,0,100327,成功
/pub/data/jiafq/iscas/Parser_Comparison/../benchmarks/part53/non-incremental/QF_LRA/LassoRanker/CooperatingT2/hongyi1.t2.c_Iteration1_Loop_3-pieceTemplate.smt2,14272,0,192821,成功
/pub/data/jiafq/iscas/Parser_Comparison/../benchmarks/part53/non-incremental/QF_LRA/LassoRanker/CooperatingT2/hongyi1.t2.c_Iteration1_Loop_4-lexTemplate.smt2,9047.91,0,111420,成功
/pub/data/jiafq/iscas/Parser_Comparison/../benchmarks/part53/non-incremental/QF_LRA/LassoRanker/CooperatingT2/hongyi1.t2.c_Iteration1_Loop_4-phaseTemplate.smt2,6798.46,0,73894,成功
/pub/data/jiafq/iscas/Parser_Comparison/../benchmarks/part53/non-incremental/QF_LRA/LassoRanker/CooperatingT2/hongyi1.t2.c_Iteration1_Loop_4-pieceTemplate.smt2,24608.9,0,318137,成功
/pub/data/jiafq/iscas/Parser_Comparison/../benchmarks/part53/non-incremental/QF_LRA/LassoRanker/CooperatingT2/hongyi1.t2.c_Iteration1_Loop_5-phaseTemplate.smt2,11415.1,0,97365,成功
/pub/data/jiafq/iscas/Parser_Comparison/../benchmarks/part53/non-incremental/QF_LRA/LassoRanker/CooperatingT2/hongyi1.t2.c_Iteration1_Loop_6-phaseTemplate.smt2,20469.8,0,130396,成功
/pub/data/jiafq/iscas/Parser_Comparison/../benchmarks/part53/non-incremental/QF_LRA/LassoRanker/CooperatingT2/hongyi1.t2.c_Iteration1_Loop_7-phaseTemplate.smt2,40288.3,0,182235,成功
/pub/data/jiafq/iscas/Parser_Comparison/../benchmarks/part53/non-incremental/QF_LRA/LassoRanker/CooperatingT2/hongyi1.t2.c_Iteration9_Loop_2-pieceTemplate.smt2,7716.28,0,105413,成功
/pub/data/jiafq/iscas/Parser_Comparison/../benchmarks/part53/non-incremental/QF_LRA/LassoRanker/CooperatingT2/hongyi1.t2.c_Iteration9_Loop_3-pieceTemplate.smt2,15295.3,0,203266,成功
/pub/data/jiafq/iscas/Parser_Comparison/../benchmarks/part53/non-incremental/QF_LRA/LassoRanker/CooperatingT2/hongyi1.t2.c_Iteration9_Loop_4-lexTemplate.smt2,9751.24,0,115868,成功
/pub/data/jiafq/iscas/Parser_Comparison/../benchmarks/part53/non-incremental/QF_LRA/LassoRanker/CooperatingT2/hongyi1.t2.c_Iteration9_Loop_4-phaseTemplate.smt2,7417.23,0,77386,成功
/pub/data/jiafq/iscas/Parser_Comparison/../benchmarks/part53/non-incremental/QF_LRA/LassoRanker/CooperatingT2/hongyi1.t2.c_Iteration9_Loop_4-pieceTemplate.smt2,25583.9,0,336015,成功
/pub/data/jiafq/iscas/Parser_Comparison/../benchmarks/part53/non-incremental/QF_LRA/LassoRanker/CooperatingT2/hongyi1.t2.c_Iteration9_Loop_5-phaseTemplate.smt2,12911.9,0,102339,成功
/pub/data/jiafq/iscas/Parser_Comparison/../benchmarks/part53/non-incremental/QF_LRA/LassoRanker/CooperatingT2/hongyi1.t2.c_Iteration9_Loop_6-phaseTemplate.smt2,23414.6,224,137612,成功
/pub/data/jiafq/iscas/Parser_Comparison/../benchmarks/part53/non-incremental/QF_LRA/LassoRanker/CooperatingT2/hongyi1.t2.c_Iteration9_Loop_7-phaseTemplate.smt2,46502.1,0,193157,成功
/pub/data/jiafq/iscas/Parser_Comparison/../benchmarks/part53/non-incremental/QF_LRA/LassoRanker/CooperatingT2/janne_complex.t2.c_Iteration3_Lasso_2-pieceTemplate.smt2,1220.6,0,19564,成功
/pub/data/jiafq/iscas/Parser_Comparison/../benchmarks/part53/non-incremental/QF_LRA/LassoRanker/CooperatingT2/janne_complex.t2.c_Iteration3_Lasso_3-pieceTemplate.smt2,2332.67,0,37602,成功
/pub/data/jiafq/iscas/Parser_Comparison/../benchmarks/part53/non-incremental/QF_LRA/LassoRanker/CooperatingT2/janne_complex.t2.c_Iteration3_Lasso_4-pieceTemplate.smt2,3928.89,0,62148,成功
/pub/data/jiafq/iscas/Parser_Comparison/../benchmarks/part53/non-incremental/QF_LRA/LassoRanker/CooperatingT2/janne_complex.t2.c_Iteration3_Lasso_6-phaseTemplate.smt2,2499.91,0,38143,成功
/pub/data/jiafq/iscas/Parser_Comparison/../benchmarks/part53/non-incremental/QF_LRA/LassoRanker/CooperatingT2/janne_complex.t2.c_Iteration3_Lasso_7-phaseTemplate.smt2,4319.9,0,62297,成功
/pub/data/jiafq/iscas/Parser_Comparison/../benchmarks/part53/non-incremental/QF_LRA/LassoRanker/CooperatingT2/loop3.t2.c_Iteration25_Lasso_4-pieceTemplate.smt2,268.153,0,5648,成功
/pub/data/jiafq/iscas/Parser_Comparison/../benchmarks/part53/non-incremental/QF_LRA/LassoRanker/CooperatingT2/ludcmp.c.i.ludcmp.pl.t2.fixed.t2.c_Iteration10_Loop_4-pieceTemplate.smt2,3916.14,0,51525,成功
/pub/data/jiafq/iscas/Parser_Comparison/../benchmarks/part53/non-incremental/QF_LRA/LassoRanker/CooperatingT2/ludcmp.c.i.ludcmp.pl.t2.fixed.t2.c_Iteration10_Loop_6-phaseTemplate.smt2,5846.7,0,26537,成功
/pub/data/jiafq/iscas/Parser_Comparison/../benchmarks/part53/non-incremental/QF_LRA/LassoRanker/CooperatingT2/ludcmp.c.i.ludcmp.pl.t2.fixed.t2.c_Iteration10_Loop_7-phaseTemplate.smt2,12356.1,0,42860,成功
/pub/data/jiafq/iscas/Parser_Comparison/../benchmarks/part53/non-incremental/QF_LRA/LassoRanker/CooperatingT2/ludcmp.c.i.ludcmp.pl.t2.fixed.t2.c_Iteration8_Loop_6-phaseTemplate.smt2,1162.93,224,9122,成功
/pub/data/jiafq/iscas/Parser_Comparison/../benchmarks/part53/non-incremental/QF_LRA/LassoRanker/CooperatingT2/ludcmp.c.i.ludcmp.pl.t2.fixed.t2.c_Iteration8_Loop_7-phaseTemplate.smt2,2495.46,0,15612,成功
/pub/data/jiafq/iscas/Parser_Comparison/../benchmarks/part53/non-incremental/QF_LRA/LassoRanker/CooperatingT2/ludcmp.c.i.ludcmp.pl.t2.fixed.t2.c_Iteration9_Loop_4-pieceTemplate.smt2,4038.15,0,51375,成功
/pub/data/jiafq/iscas/Parser_Comparison/../benchmarks/part53/non-incremental/QF_LRA/LassoRanker/CooperatingT2/ludcmp.c.i.ludcmp.pl.t2.fixed.t2.c_Iteration9_Loop_5-phaseTemplate.smt2,2819.86,0,17307,成功
/pub/data/jiafq/iscas/Parser_Comparison/../benchmarks/part53/non-incremental/QF_LRA/LassoRanker/CooperatingT2/ludcmp.c.i.ludcmp.pl.t2.fixed.t2.c_Iteration9_Loop_7-phaseTemplate.smt2,12403.9,0,42855,成功
/pub/data/jiafq/iscas/Parser_Comparison/../benchmarks/part53/non-incremental/QF_LRA/LassoRanker/CooperatingT2/ludcmp.t2.c_Iteration7_Loop_6-phaseTemplate.smt2,1187.73,0,9122,成功
/pub/data/jiafq/iscas/Parser_Comparison/../benchmarks/part53/non-incremental/QF_LRA/LassoRanker/CooperatingT2/ludcmp.t2.c_Iteration7_Loop_7-phaseTemplate.smt2,2481.29,0,15612,成功
/pub/data/jiafq/iscas/Parser_Comparison/../benchmarks/part53/non-incremental/QF_LRA/LassoRanker/CooperatingT2/ludcmp.t2.c_Iteration8_Loop_4-pieceTemplate.smt2,3890.65,0,51525,成功
/pub/data/jiafq/iscas/Parser_Comparison/../benchmarks/part53/non-incremental/QF_LRA/LassoRanker/CooperatingT2/ludcmp.t2.c_Iteration8_Loop_6-phaseTemplate.smt2,5840.65,0,26548,成功
/pub/data/jiafq/iscas/Parser_Comparison/../benchmarks/part53/non-incremental/QF_LRA/LassoRanker/CooperatingT2/ludcmp.t2.c_Iteration8_Loop_7-phaseTemplate.smt2,12315.8,0,42873,成功
/pub/data/jiafq/iscas/Parser_Comparison/../benchmarks/part53/non-incremental/QF_LRA/LassoRanker/CooperatingT2/ludcmp.t2.c_Iteration9_Loop_4-pieceTemplate.smt2,4000.69,0,51383,成功
/pub/data/jiafq/iscas/Parser_Comparison/../benchmarks/part53/non-incremental/QF_LRA/LassoRanker/CooperatingT2/ludcmp.t2.c_Iteration9_Loop_6-phaseTemplate.smt2,5836.21,0,26527,成功
/pub/data/jiafq/iscas/Parser_Comparison/../benchmarks/part53/non-incremental/QF_LRA/LassoRanker/CooperatingT2/ludcmp.t2.c_Iteration9_Loop_7-phaseTemplate.smt2,12378.1,0,42848,成功
/pub/data/jiafq/iscas/Parser_Comparison/../benchmarks/part53/non-incremental/QF_LRA/LassoRanker/CooperatingT2/magic.t2.c_Iteration12_Loop_4-pieceTemplate.smt2,3681.96,0,55439,成功
/pub/data/jiafq/iscas/Parser_Comparison/../benchmarks/part53/non-incremental/QF_LRA/LassoRanker/CooperatingT2/magic.t2.c_Iteration12_Loop_7-phaseTemplate.smt2,9330.78,0,44927,成功
/pub/data/jiafq/iscas/Parser_Comparison/../benchmarks/part53/non-incremental/QF_LRA/LassoRanker/CooperatingT2/magic.t2.c_Iteration23_Loop_7-phaseTemplate.smt2,4025.34,0,21240,成功
/pub/data/jiafq/iscas/Parser_Comparison/../benchmarks/part53/non-incremental/QF_LRA/LassoRanker/CooperatingT2/matrixsqrt.t2.c_Iteration12_Loop_4-pieceTemplate.smt2,731.535,0,11973,成功
/pub/data/jiafq/iscas/Parser_Comparison/../benchmarks/part53/non-incremental/QF_LRA/LassoRanker/CooperatingT2/matrixsqrt.t2.c_Iteration12_Loop_7-phaseTemplate.smt2,1999.06,0,12103,成功
/pub/data/jiafq/iscas/Parser_Comparison/../benchmarks/part53/non-incremental/QF_LRA/LassoRanker/CooperatingT2/mc91test.t2.c_Iteration6_Loop_4-pieceTemplate.smt2,662.423,0,11128,成功
/pub/data/jiafq/iscas/Parser_Comparison/../benchmarks/part53/non-incremental/QF_LRA/LassoRanker/CooperatingT2/ndes.t2.c_Iteration2_Loop_4-pieceTemplate.smt2,6483.99,0,88477,成功
/pub/data/jiafq/iscas/Parser_Comparison/../benchmarks/part53/non-incremental/QF_LRA/LassoRanker/CooperatingT2/ndes.t2.c_Iteration2_Loop_7-phaseTemplate.smt2,15529.8,0,53441,成功
/pub/data/jiafq/iscas/Parser_Comparison/../benchmarks/part53/non-incremental/QF_LRA/LassoRanker/CooperatingT2/ndes.t2.c_Iteration3_Loop_4-pieceTemplate.smt2,6396.58,0,88656,成功
/pub/data/jiafq/iscas/Parser_Comparison/../benchmarks/part53/non-incremental/QF_LRA/LassoRanker/CooperatingT2/ndes.t2.c_Iteration3_Loop_7-phaseTemplate.smt2,16706,0,53743,成功
/pub/data/jiafq/iscas/Parser_Comparison/../benchmarks/part53/non-incremental/QF_LRA/LassoRanker/CooperatingT2/p-43.t2.c_Iteration2_Loop_4-pieceTemplate.smt2,2277.25,0,35579,成功
/pub/data/jiafq/iscas/Parser_Comparison/../benchmarks/part53/non-incremental/QF_LRA/LassoRanker/CooperatingT2/p-43.t2.c_Iteration2_Loop_7-phaseTemplate.smt2,6131.99,0,27764,成功
/pub/data/jiafq/iscas/Parser_Comparison/../benchmarks/part53/non-incremental/QF_LRA/LassoRanker/CooperatingT2/p-43.t2.c_Iteration4_Loop_4-pieceTemplate.smt2,2197.47,0,35742,成功
/pub/data/jiafq/iscas/Parser_Comparison/../benchmarks/part53/non-incremental/QF_LRA/LassoRanker/CooperatingT2/p-43.t2.c_Iteration4_Loop_7-phaseTemplate.smt2,6286.62,0,27782,成功
/pub/data/jiafq/iscas/Parser_Comparison/../benchmarks/part53/non-incremental/QF_LRA/LassoRanker/CooperatingT2/p-43.t2.c_Iteration5_Loop_4-pieceTemplate.smt2,2648.79,0,37844,成功
/pub/data/jiafq/iscas/Parser_Comparison/../benchmarks/part53/non-incremental/QF_LRA/LassoRanker/CooperatingT2/p-43.t2.c_Iteration5_Loop_7-phaseTemplate.smt2,7386.4,0,28960,成功
/pub/data/jiafq/iscas/Parser_Comparison/../benchmarks/part53/non-incremental/QF_LRA/LassoRanker/CooperatingT2/p-46.t2.c_Iteration2_Lasso_4-pieceTemplate.smt2,4588.42,0,61291,成功
/pub/data/jiafq/iscas/Parser_Comparison/../benchmarks/part53/non-incremental/QF_LRA/LassoRanker/CooperatingT2/p-46.t2.c_Iteration2_Lasso_6-phaseTemplate.smt2,3396.27,0,39266,成功
/pub/data/jiafq/iscas/Parser_Comparison/../benchmarks/part53/non-incremental/QF_LRA/LassoRanker/CooperatingT2/p-46.t2.c_Iteration2_Lasso_7-phaseTemplate.smt2,6258.67,0,65306,成功
/pub/data/jiafq/iscas/Parser_Comparison/../benchmarks/part53/non-incremental/QF_LRA/LassoRanker/CooperatingT2/p-46.t2.c_Iteration2_Loop_4-pieceTemplate.smt2,2864.29,0,42385,成功
/pub/data/jiafq/iscas/Parser_Comparison/../benchmarks/part53/non-incremental/QF_LRA/LassoRanker/CooperatingT2/p-46.t2.c_Iteration2_Loop_7-phaseTemplate.smt2,7407.63,0,36113,成功
/pub/data/jiafq/iscas/Parser_Comparison/../benchmarks/part53/non-incremental/QF_LRA/LassoRanker/CooperatingT2/p-55.t2.c_Iteration2_Loop_4-pieceTemplate.smt2,1870.91,0,33246,成功
/pub/data/jiafq/iscas/Parser_Comparison/../benchmarks/part53/non-incremental/QF_LRA/LassoRanker/CooperatingT2/p-55.t2.c_Iteration2_Loop_7-phaseTemplate.smt2,3723.28,0,28531,成功
/pub/data/jiafq/iscas/Parser_Comparison/../benchmarks/part53/non-incremental/QF_LRA/LassoRanker/CooperatingT2/p-55.t2.c_Iteration3_Loop_4-pieceTemplate.smt2,1902.99,0,33254,成功
/pub/data/jiafq/iscas/Parser_Comparison/../benchmarks/part53/non-incremental/QF_LRA/LassoRanker/CooperatingT2/p-55.t2.c_Iteration3_Loop_7-phaseTemplate.smt2,3704.14,0,28531,成功
/pub/data/jiafq/iscas/Parser_Comparison/../benchmarks/part53/non-incremental/QF_LRA/LassoRanker/CooperatingT2/polyrank4.t2.c_Iteration10_Loop_7-phaseTemplate.smt2,855.791,0,6377,成功
/pub/data/jiafq/iscas/Parser_Comparison/../benchmarks/part53/non-incremental/QF_LRA/LassoRanker/CooperatingT2/polyrank4.t2.c_Iteration8_Loop_4-pieceTemplate.smt2,287.305,0,5125,成功
/pub/data/jiafq/iscas/Parser_Comparison/../benchmarks/part53/non-incremental/QF_LRA/LassoRanker/CooperatingT2/polyrank6.t2.c_Iteration1_Loop_7-phaseTemplate.smt2,1252.96,0,12615,成功
/pub/data/jiafq/iscas/Parser_Comparison/../benchmarks/part53/non-incremental/QF_LRA/LassoRanker/CooperatingT2/queens.t2.c_Iteration19_Loop_7-phaseTemplate.smt2,5931.22,0,23022,成功
/pub/data/jiafq/iscas/Parser_Comparison/../benchmarks/part53/non-incremental/QF_LRA/LassoRanker/CooperatingT2/sas2.t2.c_Iteration1_Lasso_3-pieceTemplate.smt2,2090.81,0,38581,成功
/pub/data/jiafq/iscas/Parser_Comparison/../benchmarks/part53/non-incremental/QF_LRA/LassoRanker/CooperatingT2/sas2.t2.c_Iteration1_Lasso_4-pieceTemplate.smt2,3605.06,0,64041,成功
/pub/data/jiafq/iscas/Parser_Comparison/../benchmarks/part53/non-incremental/QF_LRA/LassoRanker/CooperatingT2/sas2.t2.c_Iteration1_Lasso_5-phaseTemplate.smt2,1903.88,0,21656,成功
/pub/data/jiafq/iscas/Parser_Comparison/../benchmarks/part53/non-incremental/QF_LRA/LassoRanker/CooperatingT2/sas2.t2.c_Iteration1_Lasso_6-phaseTemplate.smt2,3664.77,0,31300,成功
/pub/data/jiafq/iscas/Parser_Comparison/../benchmarks/part53/non-incremental/QF_LRA/LassoRanker/CooperatingT2/sas2.t2.c_Iteration1_Lasso_7-phaseTemplate.smt2,7313.52,0,47864,成功
/pub/data/jiafq/iscas/Parser_Comparison/../benchmarks/part53/non-incremental/QF_LRA/LassoRanker/CooperatingT2/sas2.t2.c_Iteration3_Lasso_3-pieceTemplate.smt2,2529.99,0,42550,成功
/pub/data/jiafq/iscas/Parser_Comparison/../benchmarks/part53/non-incremental/QF_LRA/LassoRanker/CooperatingT2/sas2.t2.c_Iteration3_Lasso_4-pieceTemplate.smt2,4339.54,0,70676,成功
/pub/data/jiafq/iscas/Parser_Comparison/../benchmarks/part53/non-incremental/QF_LRA/LassoRanker/CooperatingT2/sas2.t2.c_Iteration3_Lasso_5-phaseTemplate.smt2,1980.74,0,26510,成功
/pub/data/jiafq/iscas/Parser_Comparison/../benchmarks/part53/non-incremental/QF_LRA/LassoRanker/CooperatingT2/sas2.t2.c_Iteration3_Lasso_6-phaseTemplate.smt2,3586.89,0,40244,成功
/pub/data/jiafq/iscas/Parser_Comparison/../benchmarks/part53/non-incremental/QF_LRA/LassoRanker/CooperatingT2/sas2.t2.c_Iteration3_Lasso_7-phaseTemplate.smt2,6840.8,0,64806,成功
/pub/data/jiafq/iscas/Parser_Comparison/../benchmarks/part53/non-incremental/QF_LRA/LassoRanker/CooperatingT2/sas2.t2.c_Iteration5_Lasso_2-pieceTemplate.smt2,1704.69,0,25541,成功
/pub/data/jiafq/iscas/Parser_Comparison/../benchmarks/part53/non-incremental/QF_LRA/LassoRanker/CooperatingT2/sas2.t2.c_Iteration5_Lasso_3-pieceTemplate.smt2,3227.05,0,49437,成功
/pub/data/jiafq/iscas/Parser_Comparison/../benchmarks/part53/non-incremental/QF_LRA/LassoRanker/CooperatingT2/sas2.t2.c_Iteration5_Lasso_4-lexTemplate.smt2,2014.66,0,29677,成功
/pub/data/jiafq/iscas/Parser_Comparison/../benchmarks/part53/non-incremental/QF_LRA/LassoRanker/CooperatingT2/sas2.t2.c_Iteration5_Lasso_4-pieceTemplate.smt2,5491.6,0,82041,成功
/pub/data/jiafq/iscas/Parser_Comparison/../benchmarks/part53/non-incremental/QF_LRA/LassoRanker/CooperatingT2/sas2.t2.c_Iteration5_Lasso_5-phaseTemplate.smt2,2375.24,0,31524,成功
/pub/data/jiafq/iscas/Parser_Comparison/../benchmarks/part53/non-incremental/QF_LRA/LassoRanker/CooperatingT2/sas2.t2.c_Iteration5_Lasso_6-phaseTemplate.smt2,4164.7,0,48222,成功
/pub/data/jiafq/iscas/Parser_Comparison/../benchmarks/part53/non-incremental/QF_LRA/LassoRanker/CooperatingT2/sas2.t2.c_Iteration5_Lasso_7-phaseTemplate.smt2,7571.87,0,78252,成功
/pub/data/jiafq/iscas/Parser_Comparison/../benchmarks/part53/non-incremental/QF_LRA/LassoRanker/CooperatingT2/sas2.t2.c_Iteration5_Loop_3-pieceTemplate.smt2,2204.48,0,33377,成功
/pub/data/jiafq/iscas/Parser_Comparison/../benchmarks/part53/non-incremental/QF_LRA/LassoRanker/CooperatingT2/sas2.t2.c_Iteration5_Loop_4-pieceTemplate.smt2,3670.45,0,55727,成功
/pub/data/jiafq/iscas/Parser_Comparison/../benchmarks/part53/non-incremental/QF_LRA/LassoRanker/CooperatingT2/sas2.t2.c_Iteration5_Loop_7-phaseTemplate.smt2,9002.13,0,43656,成功
/pub/data/jiafq/iscas/Parser_Comparison/../benchmarks/part53/non-incremental/QF_LRA/LassoRanker/CooperatingT2/sas2.t2.c_Iteration6_Lasso_3-pieceTemplate.smt2,3216.65,0,46389,成功
/pub/data/jiafq/iscas/Parser_Comparison/../benchmarks/part53/non-incremental/QF_LRA/LassoRanker/CooperatingT2/sas2.t2.c_Iteration6_Lasso_4-pieceTemplate.smt2,5498.45,0,77172,成功
/pub/data/jiafq/iscas/Parser_Comparison/../benchmarks/part53/non-incremental/QF_LRA/LassoRanker/CooperatingT2/sas2.t2.c_Iteration6_Lasso_5-phaseTemplate.smt2,2345.81,0,30692,成功
/pub/data/jiafq/iscas/Parser_Comparison/../benchmarks/part53/non-incremental/QF_LRA/LassoRanker/CooperatingT2/sas2.t2.c_Iteration6_Lasso_6-phaseTemplate.smt2,4080.06,0,47909,成功
/pub/data/jiafq/iscas/Parser_Comparison/../benchmarks/part53/non-incremental/QF_LRA/LassoRanker/CooperatingT2/sas2.t2.c_Iteration6_Lasso_7-phaseTemplate.smt2,7595.66,0,79230,成功
/pub/data/jiafq/iscas/Parser_Comparison/../benchmarks/part53/non-incremental/QF_LRA/LassoRanker/CooperatingT2/sas2.t2.c_Iteration6_Loop_4-pieceTemplate.smt2,3440.66,0,50310,成功
/pub/data/jiafq/iscas/Parser_Comparison/../benchmarks/part53/non-incremental/QF_LRA/LassoRanker/CooperatingT2/sas2.t2.c_Iteration6_Loop_7-phaseTemplate.smt2,9391.15,0,39206,成功
/pub/data/jiafq/iscas/Parser_Comparison/../benchmarks/part53/non-incremental/QF_LRA/LassoRanker/CooperatingT2/sas2.t2.c_Iteration7_Loop_3-pieceTemplate.smt2,6420.6,0,102551,成功
/pub/data/jiafq/iscas/Parser_Comparison/../benchmarks/part53/non-incremental/QF_LRA/LassoRanker/CooperatingT2/sas2.t2.c_Iteration7_Loop_4-pieceTemplate.smt2,10752.9,0,169394,成功
/pub/data/jiafq/iscas/Parser_Comparison/../benchmarks/part53/non-incremental/QF_LRA/LassoRanker/CooperatingT2/sas2.t2.c_Iteration7_Loop_5-phaseTemplate.smt2,5360.8,0,55415,成功
/pub/data/jiafq/iscas/Parser_Comparison/../benchmarks/part53/non-incremental/QF_LRA/LassoRanker/CooperatingT2/sas2.t2.c_Iteration7_Loop_6-phaseTemplate.smt2,9942.04,0,77461,成功
/pub/data/jiafq/iscas/Parser_Comparison/../benchmarks/part53/non-incremental/QF_LRA/LassoRanker/CooperatingT2/sas2.t2.c_Iteration7_Loop_7-phaseTemplate.smt2,19457,0,114139,成功
/pub/data/jiafq/iscas/Parser_Comparison/../benchmarks/part53/non-incremental/QF_LRA/LassoRanker/CooperatingT2/selectSort.t2.c_Iteration3_Loop_4-pieceTemplate.smt2,1016.47,0,15087,成功
/pub/data/jiafq/iscas/Parser_Comparison/../benchmarks/part53/non-incremental/QF_LRA/LassoRanker/CooperatingT2/selectSort.t2.c_Iteration3_Loop_7-phaseTemplate.smt2,3413.52,0,14087,成功
/pub/data/jiafq/iscas/Parser_Comparison/../benchmarks/part53/non-incremental/QF_LRA/LassoRanker/CooperatingT2/smagillc-fail.t2.c_Iteration1_Loop_7-phaseTemplate.smt2,2017.6,0,13977,成功
/pub/data/jiafq/iscas/Parser_Comparison/../benchmarks/part53/non-incremental/QF_LRA/LassoRanker/CooperatingT2/sort.t2.c_Iteration5_Loop_7-phaseTemplate.smt2,2471.66,0,14661,成功
/pub/data/jiafq/iscas/Parser_Comparison/../benchmarks/part53/non-incremental/QF_LRA/LassoRanker/CooperatingT2/sumit.t2.c_Iteration1_Lasso_3-pieceTemplate.smt2,1473.45,0,27430,成功
/pub/data/jiafq/iscas/Parser_Comparison/../benchmarks/part53/non-incremental/QF_LRA/LassoRanker/CooperatingT2/sumit.t2.c_Iteration1_Lasso_4-pieceTemplate.smt2,2530.52,0,45681,成功
/pub/data/jiafq/iscas/Parser_Comparison/../benchmarks/part53/non-incremental/QF_LRA/LassoRanker/CooperatingT2/sumit.t2.c_Iteration1_Lasso_6-phaseTemplate.smt2,2928.23,0,23223,成功
/pub/data/jiafq/iscas/Parser_Comparison/../benchmarks/part53/non-incremental/QF_LRA/LassoRanker/CooperatingT2/sumit.t2.c_Iteration1_Lasso_7-phaseTemplate.smt2,5943.03,0,36269,成功
/pub/data/jiafq/iscas/Parser_Comparison/../benchmarks/part53/non-incremental/QF_LRA/LassoRanker/CooperatingT2/sumit.t2.c_Iteration2_Loop_3-pieceTemplate.smt2,3994.05,0,70881,成功
/pub/data/jiafq/iscas/Parser_Comparison/../benchmarks/part53/non-incremental/QF_LRA/LassoRanker/CooperatingT2/sumit.t2.c_Iteration2_Loop_4-pieceTemplate.smt2,6771.27,0,117427,成功
/pub/data/jiafq/iscas/Parser_Comparison/../benchmarks/part53/non-incremental/QF_LRA/LassoRanker/CooperatingT2/sumit.t2.c_Iteration2_Loop_5-phaseTemplate.smt2,3587.58,0,38177,成功
/pub/data/jiafq/iscas/Parser_Comparison/../benchmarks/part53/non-incremental/QF_LRA/LassoRanker/CooperatingT2/sumit.t2.c_Iteration2_Loop_6-phaseTemplate.smt2,6944.15,0,53802,成功
/pub/data/jiafq/iscas/Parser_Comparison/../benchmarks/part53/non-incremental/QF_LRA/LassoRanker/CooperatingT2/sumit.t2.c_Iteration2_Loop_7-phaseTemplate.smt2,13675.2,0,79987,成功
/pub/data/jiafq/iscas/Parser_Comparison/../benchmarks/part53/non-incremental/QF_LRA/LassoRanker/CooperatingT2/toeplz.c.i.toeplz.pl.t2.fixed.t2.c_Iteration2_Loop_3-pieceTemplate.smt2,3731.39,0,41966,成功
/pub/data/jiafq/iscas/Parser_Comparison/../benchmarks/part53/non-incremental/QF_LRA/LassoRanker/CooperatingT2/toeplz.c.i.toeplz.pl.t2.fixed.t2.c_Iteration2_Loop_4-pieceTemplate.smt2,6442.42,0,70837,成功
/pub/data/jiafq/iscas/Parser_Comparison/../benchmarks/part53/non-incremental/QF_LRA/LassoRanker/CooperatingT2/toeplz.c.i.toeplz.pl.t2.fixed.t2.c_Iteration2_Loop_7-phaseTemplate.smt2,21175.9,0,48533,成功
/pub/data/jiafq/iscas/Parser_Comparison/../benchmarks/part53/non-incremental/QF_LRA/LassoRanker/CooperatingT2/toeplz.c.i.toeplz.pl.t2.fixed.t2.c_Iteration9_Loop_7-phaseTemplate.smt2,2166.55,0,11974,成功
/pub/data/jiafq/iscas/Parser_Comparison/../benchmarks/part53/non-incremental/QF_LRA/LassoRanker/CooperatingT2/toeplz.t2.c_Iteration2_Loop_3-pieceTemplate.smt2,3698.72,0,41896,成功
/pub/data/jiafq/iscas/Parser_Comparison/../benchmarks/part53/non-incremental/QF_LRA/LassoRanker/CooperatingT2/toeplz.t2.c_Iteration2_Loop_4-pieceTemplate.smt2,6419.11,0,70704,成功
/pub/data/jiafq/iscas/Parser_Comparison/../benchmarks/part53/non-incremental/QF_LRA/LassoRanker/CooperatingT2/toeplz.t2.c_Iteration2_Loop_7-phaseTemplate.smt2,21764.8,0,48527,成功
/pub/data/jiafq/iscas/Parser_Comparison/../benchmarks/part53/non-incremental/QF_LRA/LassoRanker/CooperatingT2/toeplz.t2.c_Iteration9_Loop_7-phaseTemplate.smt2,2197.4,0,11974,成功
/pub/data/jiafq/iscas/Parser_Comparison/../benchmarks/part53/non-incremental/QF_LRA/LassoRanker/CooperatingT2/wrong_loop.t2.c_Iteration2_Loop_4-pieceTemplate.smt2,624.68,0,10887,成功
/pub/data/jiafq/iscas/Parser_Comparison/../benchmarks/part53/non-incremental/QF_LRA/LassoRanker/CooperatingT2/wrong_loop.t2.c_Iteration3_Loop_7-phaseTemplate.smt2,1983.62,0,10601,成功
/pub/data/jiafq/iscas/Parser_Comparison/../benchmarks/part53/non-incremental/QF_LRA/LassoRanker/SV-COMP/Ben-Amram-2010LMCS-Ex2.3_true-termination.c_Iteration1_Lasso_3-pieceTemplate.smt2,2763.61,0,53755,成功
/pub/data/jiafq/iscas/Parser_Comparison/../benchmarks/part53/non-incremental/QF_LRA/LassoRanker/SV-COMP/Ben-Amram-2010LMCS-Ex2.3_true-termination.c_Iteration1_Lasso_4-pieceTemplate.smt2,4553.35,0,87954,成功
/pub/data/jiafq/iscas/Parser_Comparison/../benchmarks/part53/non-incremental/QF_LRA/LassoRanker/SV-COMP/Ben-Amram-2010LMCS-Ex2.3_true-termination.c_Iteration1_Loop_3-pieceTemplate.smt2,2383.03,0,46384,成功
/pub/data/jiafq/iscas/Parser_Comparison/../benchmarks/part53/non-incremental/QF_LRA/LassoRanker/SV-COMP/Ben-Amram-2010LMCS-Ex2.3_true-termination.c_Iteration1_Loop_4-pieceTemplate.smt2,3885.07,0,76047,成功
/pub/data/jiafq/iscas/Parser_Comparison/../benchmarks/part53/non-incremental/QF_LRA/LassoRanker/SV-COMP/BradleyMannaSipma-2005CAV-Fig1_true-termination.c_Iteration1_Lasso_3-pieceTemplate.smt2,2354.48,228,57963,成功
/pub/data/jiafq/iscas/Parser_Comparison/../benchmarks/part53/non-incremental/QF_LRA/LassoRanker/SV-COMP/BradleyMannaSipma-2005CAV-Fig1_true-termination.c_Iteration1_Lasso_4-pieceTemplate.smt2,3880.4,228,94533,成功
/pub/data/jiafq/iscas/Parser_Comparison/../benchmarks/part53/non-incremental/QF_LRA/LassoRanker/SV-COMP/BradleyMannaSipma-2005CAV-Fig1_true-termination.c_Iteration1_Lasso_5-phaseTemplate.smt2,1411.25,228,30719,成功
/pub/data/jiafq/iscas/Parser_Comparison/../benchmarks/part53/non-incremental/QF_LRA/LassoRanker/SV-COMP/BradleyMannaSipma-2005CAV-Fig1_true-termination.c_Iteration1_Lasso_6-phaseTemplate.smt2,2015.15,228,41078,成功
/pub/data/jiafq/iscas/Parser_Comparison/../benchmarks/part53/non-incremental/QF_LRA/LassoRanker/SV-COMP/BradleyMannaSipma-2005CAV-Fig1_true-termination.c_Iteration1_Lasso_7-phaseTemplate.smt2,3322.75,228,57605,成功
/pub/data/jiafq/iscas/Parser_Comparison/../benchmarks/part53/non-incremental/QF_LRA/LassoRanker/SV-COMP/BradleyMannaSipma-2005ICALP-Fig1_true-termination.c_Iteration1_Lasso_2-pieceTemplate.smt2,946.224,0,23047,成功
/pub/data/jiafq/iscas/Parser_Comparison/../benchmarks/part53/non-incremental/QF_LRA/LassoRanker/SV-COMP/BradleyMannaSipma-2005ICALP-Fig1_true-termination.c_Iteration1_Lasso_3-pieceTemplate.smt2,1793.29,0,43760,成功
/pub/data/jiafq/iscas/Parser_Comparison/../benchmarks/part53/non-incremental/QF_LRA/LassoRanker/SV-COMP/BradleyMannaSipma-2005ICALP-Fig1_true-termination.c_Iteration1_Lasso_4-pieceTemplate.smt2,3003.3,224,71737,成功
/pub/data/jiafq/iscas/Parser_Comparison/../benchmarks/part53/non-incremental/QF_LRA/LassoRanker/SV-COMP/BradleyMannaSipma-2005ICALP-Fig1_true-termination.c_Iteration1_Lasso_5-phaseTemplate.smt2,1106.8,0,24262,成功
/pub/data/jiafq/iscas/Parser_Comparison/../benchmarks/part53/non-incremental/QF_LRA/LassoRanker/SV-COMP/BradleyMannaSipma-2005ICALP-Fig1_true-termination.c_Iteration1_Lasso_6-phaseTemplate.smt2,1729.32,0,33783,成功
/pub/data/jiafq/iscas/Parser_Comparison/../benchmarks/part53/non-incremental/QF_LRA/LassoRanker/SV-COMP/BradleyMannaSipma-2005ICALP-Fig1_true-termination.c_Iteration1_Lasso_7-phaseTemplate.smt2,2882.71,0,49734,成功
/pub/data/jiafq/iscas/Parser_Comparison/../benchmarks/part53/non-incremental/QF_LRA/LassoRanker/SV-COMP/CookSeeZuleger-2013TACAS-Fig3_true-termination.c_Iteration1_Loop_3-pieceTemplate.smt2,3988.52,228,87379,成功
/pub/data/jiafq/iscas/Parser_Comparison/../benchmarks/part53/non-incremental/QF_LRA/LassoRanker/SV-COMP/CookSeeZuleger-2013TACAS-Fig3_true-termination.c_Iteration1_Loop_4-pieceTemplate.smt2,6500.27,228,142763,成功
/pub/data/jiafq/iscas/Parser_Comparison/../benchmarks/part53/non-incremental/QF_LRA/LassoRanker/SV-COMP/CookSeeZuleger-2013TACAS-Fig3_true-termination.c_Iteration1_Loop_7-phaseTemplate.smt2,5598.49,228,92101,成功
/pub/data/jiafq/iscas/Parser_Comparison/../benchmarks/part53/non-incremental/QF_LRA/LassoRanker/SV-COMP/CookSeeZuleger-2013TACAS-Fig7a_true-termination.c_Iteration1_Loop_3-pieceTemplate.smt2,5483.1,228,110827,成功
/pub/data/jiafq/iscas/Parser_Comparison/../benchmarks/part53/non-incremental/QF_LRA/LassoRanker/SV-COMP/CookSeeZuleger-2013TACAS-Fig7a_true-termination.c_Iteration1_Loop_4-pieceTemplate.smt2,9305.21,228,181057,成功
/pub/data/jiafq/iscas/Parser_Comparison/../benchmarks/part53/non-incremental/QF_LRA/LassoRanker/SV-COMP/CookSeeZuleger-2013TACAS-Fig7b_true-termination.c_Iteration1_Loop_3-nestedTemplate.smt2,0,0,0,失败
/pub/data/jiafq/iscas/Parser_Comparison/../benchmarks/part53/non-incremental/QF_LRA/LassoRanker/SV-COMP/GulwaniJainKoskinen-2009PLDI-Fig1_true-termination.c_Iteration1_Lasso_2-pieceTemplate.smt2,5399.35,0,124335,成功
/pub/data/jiafq/iscas/Parser_Comparison/../benchmarks/part53/non-incremental/QF_LRA/LassoRanker/SV-COMP/GulwaniJainKoskinen-2009PLDI-Fig1_true-termination.c_Iteration1_Lasso_3-pieceTemplate.smt2,10260.7,0,233694,成功
/pub/data/jiafq/iscas/Parser_Comparison/../benchmarks/part53/non-incremental/QF_LRA/LassoRanker/SV-COMP/GulwaniJainKoskinen-2009PLDI-Fig1_true-termination.c_Iteration1_Lasso_4-lexTemplate.smt2,6121.6,0,140288,成功
/pub/data/jiafq/iscas/Parser_Comparison/../benchmarks/part53/non-incremental/QF_LRA/LassoRanker/SV-COMP/GulwaniJainKoskinen-2009PLDI-Fig1_true-termination.c_Iteration1_Lasso_4-pieceTemplate.smt2,16689.8,0,380551,成功
/pub/data/jiafq/iscas/Parser_Comparison/../benchmarks/part53/non-incremental/QF_LRA/LassoRanker/SV-COMP/GulwaniJainKoskinen-2009PLDI-Fig1_true-termination.c_Iteration1_Lasso_5-nestedTemplate.smt2,4384.89,0,102527,成功
/pub/data/jiafq/iscas/Parser_Comparison/../benchmarks/part53/non-incremental/QF_LRA/LassoRanker/SV-COMP/GulwaniJainKoskinen-2009PLDI-Fig1_true-termination.c_Iteration1_Lasso_5-phaseTemplate.smt2,5271.84,0,117880,成功
/pub/data/jiafq/iscas/Parser_Comparison/../benchmarks/part53/non-incremental/QF_LRA/LassoRanker/SV-COMP/GulwaniJainKoskinen-2009PLDI-Fig1_true-termination.c_Iteration1_Lasso_6-nestedTemplate.smt2,5629.9,0,119629,成功
/pub/data/jiafq/iscas/Parser_Comparison/../benchmarks/part53/non-incremental/QF_LRA/LassoRanker/SV-COMP/GulwaniJainKoskinen-2009PLDI-Fig1_true-termination.c_Iteration1_Lasso_6-phaseTemplate.smt2,7228.05,0,151552,成功
/pub/data/jiafq/iscas/Parser_Comparison/../benchmarks/part53/non-incremental/QF_LRA/LassoRanker/SV-COMP/GulwaniJainKoskinen-2009PLDI-Fig1_true-termination.c_Iteration1_Lasso_7-nestedTemplate.smt2,5899.98,0,136731,成功
/pub/data/jiafq/iscas/Parser_Comparison/../benchmarks/part53/non-incremental/QF_LRA/LassoRanker/SV-COMP/GulwaniJainKoskinen-2009PLDI-Fig1_true-termination.c_Iteration1_Lasso_7-phaseTemplate.smt2,10524.1,0,201688,成功
/pub/data/jiafq/iscas/Parser_Comparison/../benchmarks/part53/non-incremental/QF_LRA/LassoRanker/SV-COMP/HarrisLalNoriRajamani-2010SAS-Fig1_true-termination.c_Iteration1_Lasso_4-pieceTemplate.smt2,130.189,0,3618,成功
/pub/data/jiafq/iscas/Parser_Comparison/../benchmarks/part53/non-incremental/QF_LRA/LassoRanker/SV-COMP/KroeningSharyginaTsitovichWintersteiger-2010CAV-Fig1_true-termination.c_Iteration1_Lasso_3-pieceTemplate.smt2,16180.5,0,364935,成功
/pub/data/jiafq/iscas/Parser_Comparison/../benchmarks/part53/non-incremental/QF_LRA/LassoRanker/SV-COMP/KroeningSharyginaTsitovichWintersteiger-2010CAV-Fig1_true-termination.c_Iteration1_Lasso_4-pieceTemplate.smt2,26897.9,0,592066,成功
/pub/data/jiafq/iscas/Parser_Comparison/../benchmarks/part53/non-incremental/QF_LRA/LassoRanker/SV-COMP/KroeningSharyginaTsitovichWintersteiger-2010CAV-Fig1_true-termination.c_Iteration1_Lasso_5-phaseTemplate.smt2,8148.41,0,176876,成功
/pub/data/jiafq/iscas/Parser_Comparison/../benchmarks/part53/non-incremental/QF_LRA/LassoRanker/SV-COMP/KroeningSharyginaTsitovichWintersteiger-2010CAV-Fig1_true-termination.c_Iteration1_Lasso_7-phaseTemplate.smt2,15548.7,0,273616,成功
/pub/data/jiafq/iscas/Parser_Comparison/../benchmarks/part53/non-incremental/QF_LRA/LassoRanker/SV-COMP/LeeJonesBen-Amram-2001POPL-Ex1_true-termination.c_Iteration1_Lasso_7-phaseTemplate.smt2,561.277,228,9157,成功
/pub/data/jiafq/iscas/Parser_Comparison/../benchmarks/part53/non-incremental/QF_LRA/LassoRanker/SV-COMP/LeeJonesBen-Amram-2001POPL-Ex2_true-termination.c_Iteration1_Lasso_4-pieceTemplate.smt2,618.216,228,13807,成功
/pub/data/jiafq/iscas/Parser_Comparison/../benchmarks/part53/non-incremental/QF_LRA/LassoRanker/SV-COMP/LeeJonesBen-Amram-2001POPL-Ex2_true-termination.c_Iteration1_Loop_7-phaseTemplate.smt2,1199.07,228,10674,成功
/pub/data/jiafq/iscas/Parser_Comparison/../benchmarks/part53/non-incremental/QF_LRA/LassoRanker/SV-COMP/LeeJonesBen-Amram-2001POPL-Ex5_true-termination.c_Iteration2_Lasso_2-pieceTemplate.smt2,728.059,228,16497,成功
/pub/data/jiafq/iscas/Parser_Comparison/../benchmarks/part53/non-incremental/QF_LRA/LassoRanker/SV-COMP/LeeJonesBen-Amram-2001POPL-Ex5_true-termination.c_Iteration2_Lasso_3-pieceTemplate.smt2,1458.59,228,31286,成功
/pub/data/jiafq/iscas/Parser_Comparison/../benchmarks/part53/non-incremental/QF_LRA/LassoRanker/SV-COMP/LeeJonesBen-Amram-2001POPL-Ex5_true-termination.c_Iteration2_Lasso_4-phaseTemplate.smt2,571.804,228,12907,成功
/pub/data/jiafq/iscas/Parser_Comparison/../benchmarks/part53/non-incremental/QF_LRA/LassoRanker/SV-COMP/LeeJonesBen-Amram-2001POPL-Ex5_true-termination.c_Iteration2_Lasso_4-pieceTemplate.smt2,2317.16,228,51239,成功
/pub/data/jiafq/iscas/Parser_Comparison/../benchmarks/part53/non-incremental/QF_LRA/LassoRanker/SV-COMP/LeeJonesBen-Amram-2001POPL-Ex5_true-termination.c_Iteration2_Lasso_5-phaseTemplate.smt2,835.141,228,17431,成功
/pub/data/jiafq/iscas/Parser_Comparison/../benchmarks/part53/non-incremental/QF_LRA/LassoRanker/SV-COMP/LeeJonesBen-Amram-2001POPL-Ex5_true-termination.c_Iteration2_Lasso_6-phaseTemplate.smt2,1241.15,228,24279,成功
/pub/data/jiafq/iscas/Parser_Comparison/../benchmarks/part53/non-incremental/QF_LRA/LassoRanker/SV-COMP/LeeJonesBen-Amram-2001POPL-Ex5_true-termination.c_Iteration2_Lasso_7-phaseTemplate.smt2,2020.96,228,35755,成功
/pub/data/jiafq/iscas/Parser_Comparison/../benchmarks/part53/non-incremental/QF_LRA/LassoRanker/SV-COMP/LeeJonesBen-Amram-2001POPL-Ex5_true-termination.c_Iteration2_Loop_4-pieceTemplate.smt2,1458.85,228,33271,成功
/pub/data/jiafq/iscas/Parser_Comparison/../benchmarks/part53/non-incremental/QF_LRA/LassoRanker/SV-COMP/LeeJonesBen-Amram-2001POPL-Ex5_true-termination.c_Iteration2_Loop_6-phaseTemplate.smt2,1180.32,228,15851,成功
/pub/data/jiafq/iscas/Parser_Comparison/../benchmarks/part53/non-incremental/QF_LRA/LassoRanker/SV-COMP/LeeJonesBen-Amram-2001POPL-Ex5_true-termination.c_Iteration2_Loop_7-phaseTemplate.smt2,2176.18,228,23705,成功
/pub/data/jiafq/iscas/Parser_Comparison/../benchmarks/part53/non-incremental/QF_LRA/LassoRanker/SV-COMP/LeeJonesBen-Amram-2001POPL-Ex6_true-termination.c_Iteration1_Lasso_4-pieceTemplate.smt2,386.037,228,9184,成功
/pub/data/jiafq/iscas/Parser_Comparison/../benchmarks/part53/non-incremental/QF_LRA/LassoRanker/SV-COMP/LeeJonesBen-Amram-2001POPL-Ex6_true-termination.c_Iteration1_Lasso_7-phaseTemplate.smt2,561.653,228,8900,成功
/pub/data/jiafq/iscas/Parser_Comparison/../benchmarks/part53/non-incremental/QF_LRA/LassoRanker/SV-COMP/LeeJonesBen-Amram-2001POPL-Ex6_true-termination.c_Iteration2_Lasso_6-phaseTemplate.smt2,308.494,228,5701,成功
/pub/data/jiafq/iscas/Parser_Comparison/../benchmarks/part53/non-incremental/QF_LRA/LassoRanker/SV-COMP/LeeJonesBen-Amram-2001POPL-Ex6_true-termination.c_Iteration2_Lasso_7-phaseTemplate.smt2,553.867,228,9181,成功
/pub/data/jiafq/iscas/Parser_Comparison/../benchmarks/part53/non-incremental/QF_LRA/LassoRanker/SV-COMP/Masse_true-termination.c_Iteration1_Lasso_3-pieceTemplate.smt2,1203.8,0,28629,成功
/pub/data/jiafq/iscas/Parser_Comparison/../benchmarks/part53/non-incremental/QF_LRA/LassoRanker/SV-COMP/Masse_true-termination.c_Iteration1_Lasso_4-pieceTemplate.smt2,2004,0,46889,成功
/pub/data/jiafq/iscas/Parser_Comparison/../benchmarks/part53/non-incremental/QF_LRA/LassoRanker/SV-COMP/Masse_true-termination.c_Iteration1_Loop_3-pieceTemplate.smt2,1076.35,0,25873,成功
/pub/data/jiafq/iscas/Parser_Comparison/../benchmarks/part53/non-incremental/QF_LRA/LassoRanker/SV-COMP/Masse_true-termination.c_Iteration1_Loop_4-pieceTemplate.smt2,1759.86,0,42437,成功
/pub/data/jiafq/iscas/Parser_Comparison/../benchmarks/part53/non-incremental/QF_LRA/LassoRanker/SV-COMP/NoriSharma-2013FSE-Fig7_true-termination.c_Iteration1_Loop_7-phaseTemplate.smt2,890.461,0,12191,成功
/pub/data/jiafq/iscas/Parser_Comparison/../benchmarks/part53/non-incremental/QF_LRA/LassoRanker/SV-COMP/NoriSharma-2013FSE-Fig8_true-termination.c_Iteration1_Lasso_3-pieceTemplate.smt2,2472.85,0,52915,成功
/pub/data/jiafq/iscas/Parser_Comparison/../benchmarks/part53/non-incremental/QF_LRA/LassoRanker/SV-COMP/NoriSharma-2013FSE-Fig8_true-termination.c_Iteration1_Lasso_4-pieceTemplate.smt2,4011.7,0,86515,成功
/pub/data/jiafq/iscas/Parser_Comparison/../benchmarks/part53/non-incremental/QF_LRA/LassoRanker/SV-COMP/NoriSharma-2013FSE-Fig8_true-termination.c_Iteration1_Lasso_5-phaseTemplate.smt2,1444.86,0,28931,成功
/pub/data/jiafq/iscas/Parser_Comparison/../benchmarks/part53/non-incremental/QF_LRA/LassoRanker/SV-COMP/NoriSharma-2013FSE-Fig8_true-termination.c_Iteration1_Lasso_6-phaseTemplate.smt2,2193.52,0,39667,成功
/pub/data/jiafq/iscas/Parser_Comparison/../benchmarks/part53/non-incremental/QF_LRA/LassoRanker/SV-COMP/NoriSharma-2013FSE-Fig8_true-termination.c_Iteration1_Lasso_7-phaseTemplate.smt2,3576.92,0,57345,成功
/pub/data/jiafq/iscas/Parser_Comparison/../benchmarks/part53/non-incremental/QF_LRA/LassoRanker/SV-COMP/NoriSharma-2013FSE-Fig8_true-termination.c_Iteration1_Loop_4-pieceTemplate.smt2,3038.7,0,66682,成功
/pub/data/jiafq/iscas/Parser_Comparison/../benchmarks/part53/non-incremental/QF_LRA/LassoRanker/SV-COMP/NoriSharma-2013FSE-Fig8_true-termination.c_Iteration1_Loop_5-phaseTemplate.smt2,1187.18,0,23172,成功
/pub/data/jiafq/iscas/Parser_Comparison/../benchmarks/part53/non-incremental/QF_LRA/LassoRanker/SV-COMP/NoriSharma-2013FSE-Fig8_true-termination.c_Iteration1_Loop_6-phaseTemplate.smt2,1870.18,0,32841,成功
/pub/data/jiafq/iscas/Parser_Comparison/../benchmarks/part53/non-incremental/QF_LRA/LassoRanker/SV-COMP/NoriSharma-2013FSE-Fig8_true-termination.c_Iteration1_Loop_7-phaseTemplate.smt2,3135.82,0,49324,成功
/pub/data/jiafq/iscas/Parser_Comparison/../benchmarks/part53/non-incremental/QF_LRA/LassoRanker/SV-COMP/TelAviv-Amir-Minimum_true-termination.c_Iteration1_Lasso_2-pieceTemplate.smt2,8763.88,0,182832,成功
/pub/data/jiafq/iscas/Parser_Comparison/../benchmarks/part53/non-incremental/QF_LRA/LassoRanker/SV-COMP/TelAviv-Amir-Minimum_true-termination.c_Iteration1_Lasso_3-pieceTemplate.smt2,16679,0,342705,成功
/pub/data/jiafq/iscas/Parser_Comparison/../benchmarks/part53/non-incremental/QF_LRA/LassoRanker/SV-COMP/TelAviv-Amir-Minimum_true-termination.c_Iteration1_Lasso_4-pieceTemplate.smt2,27510.7,0,557036,成功
/pub/data/jiafq/iscas/Parser_Comparison/../benchmarks/part53/non-incremental/QF_LRA/LassoRanker/SV-COMP/TelAviv-Amir-Minimum_true-termination.c_Iteration1_Loop_2-pieceTemplate.smt2,7943.92,0,171730,成功
/pub/data/jiafq/iscas/Parser_Comparison/../benchmarks/part53/non-incremental/QF_LRA/LassoRanker/SV-COMP/TelAviv-Amir-Minimum_true-termination.c_Iteration1_Loop_3-pieceTemplate.smt2,15284.3,0,322087,成功
/pub/data/jiafq/iscas/Parser_Comparison/../benchmarks/part53/non-incremental/QF_LRA/LassoRanker/SV-COMP/TelAviv-Amir-Minimum_true-termination.c_Iteration1_Loop_4-pieceTemplate.smt2,25625.8,0,523730,成功
/pub/data/jiafq/iscas/Parser_Comparison/../benchmarks/part53/non-incremental/QF_LRA/LassoRanker/SV-COMP/TelAviv-Amir-Minimum_true-termination.c_Iteration1_Loop_7-phaseTemplate.smt2,16203.3,0,280306,成功
/pub/data/jiafq/iscas/Parser_Comparison/../benchmarks/part53/non-incremental/QF_LRA/LassoRanker/SV-COMP/aviad_true-termination.c_Iteration1_Loop_2-lexTemplate.smt2,10572.3,0,211281,成功
/pub/data/jiafq/iscas/Parser_Comparison/../benchmarks/part53/non-incremental/QF_LRA/LassoRanker/SV-COMP/aviad_true-termination.c_Iteration1_Loop_2-pieceTemplate.smt2,19617.6,0,375158,成功
/pub/data/jiafq/iscas/Parser_Comparison/../benchmarks/part53/non-incremental/QF_LRA/LassoRanker/SV-COMP/aviad_true-termination.c_Iteration1_Loop_3-lexTemplate.smt2,16009,0,318849,成功
/pub/data/jiafq/iscas/Parser_Comparison/../benchmarks/part53/non-incremental/QF_LRA/LassoRanker/SV-COMP/aviad_true-termination.c_Iteration1_Loop_3-nestedTemplate.smt2,10451.7,0,210379,成功
/pub/data/jiafq/iscas/Parser_Comparison/../benchmarks/part53/non-incremental/QF_LRA/LassoRanker/SV-COMP/aviad_true-termination.c_Iteration1_Loop_3-phaseTemplate.smt2,11072.5,0,214232,成功
/pub/data/jiafq/iscas/Parser_Comparison/../benchmarks/part53/non-incremental/QF_LRA/LassoRanker/SV-COMP/aviad_true-termination.c_Iteration1_Loop_4-lexTemplate.smt2,22085.4,0,429153,成功
/pub/data/jiafq/iscas/Parser_Comparison/../benchmarks/part53/non-incremental/QF_LRA/LassoRanker/SV-COMP/aviad_true-termination.c_Iteration1_Loop_4-nestedTemplate.smt2,13123.3,0,263003,成功
/pub/data/jiafq/iscas/Parser_Comparison/../benchmarks/part53/non-incremental/QF_LRA/LassoRanker/SV-COMP/aviad_true-termination.c_Iteration1_Loop_4-phaseTemplate.smt2,14607.1,0,271803,成功
/pub/data/jiafq/iscas/Parser_Comparison/../benchmarks/part53/non-incremental/QF_LRA/LassoRanker/SV-COMP/aviad_true-termination.c_Iteration1_Loop_5-nestedTemplate.smt2,16048.8,0,315627,成功
/pub/data/jiafq/iscas/Parser_Comparison/../benchmarks/part53/non-incremental/QF_LRA/LassoRanker/SV-COMP/aviad_true-termination.c_Iteration1_Loop_5-phaseTemplate.smt2,18959.9,0,334134,成功
/pub/data/jiafq/iscas/Parser_Comparison/../benchmarks/part53/non-incremental/QF_LRA/LassoRanker/SV-COMP/aviad_true-termination.c_Iteration1_Loop_6-nestedTemplate.smt2,18786.3,0,368251,成功
/pub/data/jiafq/iscas/Parser_Comparison/../benchmarks/part53/non-incremental/QF_LRA/LassoRanker/SV-COMP/aviad_true-termination.c_Iteration1_Loop_6-phaseTemplate.smt2,24477.5,0,405865,成功
/pub/data/jiafq/iscas/Parser_Comparison/../benchmarks/part53/non-incremental/QF_LRA/LassoRanker/SV-COMP/aviad_true-termination.c_Iteration1_Loop_7-nestedTemplate.smt2,21439,0,420875,成功
/pub/data/jiafq/iscas/Parser_Comparison/../benchmarks/part53/non-incremental/QF_LRA/LassoRanker/SV-COMP/aviad_true-termination.c_Iteration1_Loop_7-phaseTemplate.smt2,34489.8,0,496276,成功
/pub/data/jiafq/iscas/Parser_Comparison/../benchmarks/part53/non-incremental/QF_LRA/LassoRanker/SV-COMP/joey_false-termination.c_Iteration1_Loop_7-phaseTemplate.smt2,1248.87,0,20386,成功
/pub/data/jiafq/iscas/Parser_Comparison/../benchmarks/part53/non-incremental/QF_LRA/LassoRanker/SV-COMP/joey_false-termination.c_Iteration2_Loop_4-pieceTemplate.smt2,1702.32,0,36092,成功
/pub/data/jiafq/iscas/Parser_Comparison/../benchmarks/part53/non-incremental/QF_LRA/LassoRanker/SV-COMP/joey_false-termination.c_Iteration2_Loop_7-phaseTemplate.smt2,2169.22,0,22072,成功
/pub/data/jiafq/iscas/Parser_Comparison/../benchmarks/part53/non-incremental/QF_LRA/LassoRanker/SV-COMP/min_rf_true-termination.c_Iteration1_Loop_3-pieceTemplate.smt2,1969.23,0,39233,成功
/pub/data/jiafq/iscas/Parser_Comparison/../benchmarks/part53/non-incremental/QF_LRA/LassoRanker/SV-COMP/min_rf_true-termination.c_Iteration1_Loop_4-pieceTemplate.smt2,3229.78,0,64337,成功
/pub/data/jiafq/iscas/Parser_Comparison/../benchmarks/part53/non-incremental/QF_LRA/LassoRanker/SV-COMP/min_rf_true-termination.c_Iteration1_Loop_6-phaseTemplate.smt2,2049.32,0,30416,成功
/pub/data/jiafq/iscas/Parser_Comparison/../benchmarks/part53/non-incremental/QF_LRA/LassoRanker/Ultimate/2013POPL-BenAmGen-Ex3.20.bpl_Iteration1_Lasso_4-pieceTemplate.smt2,121.903,0,2864,成功
/pub/data/jiafq/iscas/Parser_Comparison/../benchmarks/part53/non-incremental/QF_LRA/LassoRanker/Ultimate/2013POPL-BenAmGen-Ex3.20.bpl_Iteration1_Loop_4-pieceTemplate.smt2,122.486,0,2864,成功
/pub/data/jiafq/iscas/Parser_Comparison/../benchmarks/part53/non-incremental/QF_LRA/LassoRanker/Ultimate/2013POPL-BenAmGen-Ex4.2.bpl_Iteration1_Lasso_4-pieceTemplate.smt2,144.355,0,3533,成功
/pub/data/jiafq/iscas/Parser_Comparison/../benchmarks/part53/non-incremental/QF_LRA/LassoRanker/Ultimate/2013POPL-BenAmGen-Ex4.2.bpl_Iteration1_Loop_4-pieceTemplate.smt2,144.602,0,3533,成功
/pub/data/jiafq/iscas/Parser_Comparison/../benchmarks/part53/non-incremental/QF_LRA/LassoRanker/Ultimate/BenAmram-2010LMCS-Ex2.3.bpl_Iteration1_Lasso_4-pieceTemplate.smt2,1434.96,0,28985,成功
/pub/data/jiafq/iscas/Parser_Comparison/../benchmarks/part53/non-incremental/QF_LRA/LassoRanker/Ultimate/BenAmram-2010LMCS-Ex2.3.bpl_Iteration1_Loop_4-pieceTemplate.smt2,1437.1,0,28985,成功
/pub/data/jiafq/iscas/Parser_Comparison/../benchmarks/part53/non-incremental/QF_LRA/LassoRanker/Ultimate/BradleyMannaSipma-2005ICALP-Fig1-deterministic.bpl_Iteration1_Lasso_4-pieceTemplate.smt2,708.381,0,17814,成功
/pub/data/jiafq/iscas/Parser_Comparison/../benchmarks/part53/non-incremental/QF_LRA/LassoRanker/Ultimate/BradleyMannaSipma-2005ICALP-Fig1-deterministic.bpl_Iteration1_Lasso_7-phaseTemplate.smt2,933.426,0,16137,成功
/pub/data/jiafq/iscas/Parser_Comparison/../benchmarks/part53/non-incremental/QF_LRA/LassoRanker/Ultimate/Braverman-2006CAV-Ex1-int.bpl_Iteration1_Lasso_4-pieceTemplate.smt2,122.138,0,3208,成功
/pub/data/jiafq/iscas/Parser_Comparison/../benchmarks/part53/non-incremental/QF_LRA/LassoRanker/Ultimate/Braverman-2006CAV-Ex1-int.bpl_Iteration1_Lasso_5-phaseTemplate.smt2,61.3131,0,1396,成功
/pub/data/jiafq/iscas/Parser_Comparison/../benchmarks/part53/non-incremental/QF_LRA/LassoRanker/Ultimate/Braverman-2006CAV-Ex1-int.bpl_Iteration1_Lasso_6-phaseTemplate.smt2,108.045,0,2284,成功
/pub/data/jiafq/iscas/Parser_Comparison/../benchmarks/part53/non-incremental/QF_LRA/LassoRanker/Ultimate/Braverman-2006CAV-Ex1-int.bpl_Iteration1_Lasso_7-phaseTemplate.smt2,218.791,0,3943,成功
/pub/data/jiafq/iscas/Parser_Comparison/../benchmarks/part53/non-incremental/QF_LRA/LassoRanker/Ultimate/Braverman-2006CAV-Ex1-int.bpl_Iteration1_Loop_4-pieceTemplate.smt2,113.273,0,3208,成功
/pub/data/jiafq/iscas/Parser_Comparison/../benchmarks/part53/non-incremental/QF_LRA/LassoRanker/Ultimate/Braverman-2006CAV-Ex1-int.bpl_Iteration1_Loop_5-phaseTemplate.smt2,60.2095,0,1396,成功
/pub/data/jiafq/iscas/Parser_Comparison/../benchmarks/part53/non-incremental/QF_LRA/LassoRanker/Ultimate/Braverman-2006CAV-Ex1-int.bpl_Iteration1_Loop_6-phaseTemplate.smt2,108.237,0,2284,成功
/pub/data/jiafq/iscas/Parser_Comparison/../benchmarks/part53/non-incremental/QF_LRA/LassoRanker/Ultimate/Braverman-2006CAV-Ex1-int.bpl_Iteration1_Loop_7-phaseTemplate.smt2,216.01,0,3943,成功
/pub/data/jiafq/iscas/Parser_Comparison/../benchmarks/part53/non-incremental/QF_LRA/LassoRanker/Ultimate/Cairo2.bpl_Iteration1_Lasso_7-phaseTemplate.smt2,379.069,0,6657,成功
/pub/data/jiafq/iscas/Parser_Comparison/../benchmarks/part53/non-incremental/QF_LRA/LassoRanker/Ultimate/Canberra.bpl_Iteration1_Lasso_4-pieceTemplate.smt2,2852.84,0,73114,成功
/pub/data/jiafq/iscas/Parser_Comparison/../benchmarks/part53/non-incremental/QF_LRA/LassoRanker/Ultimate/Canberra.bpl_Iteration1_Lasso_6-phaseTemplate.smt2,1617.86,0,33357,成功
/pub/data/jiafq/iscas/Parser_Comparison/../benchmarks/part53/non-incremental/QF_LRA/LassoRanker/Ultimate/Canberra.bpl_Iteration1_Lasso_7-phaseTemplate.smt2,2681.56,0,48232,成功
/pub/data/jiafq/iscas/Parser_Comparison/../benchmarks/part53/non-incremental/QF_LRA/LassoRanker/Ultimate/Canberra.bpl_Iteration1_Loop_4-pieceTemplate.smt2,2761.68,0,73114,成功
/pub/data/jiafq/iscas/Parser_Comparison/../benchmarks/part53/non-incremental/QF_LRA/LassoRanker/Ultimate/Canberra.bpl_Iteration1_Loop_6-phaseTemplate.smt2,1503.34,0,33357,成功
/pub/data/jiafq/iscas/Parser_Comparison/../benchmarks/part53/non-incremental/QF_LRA/LassoRanker/Ultimate/Canberra.bpl_Iteration1_Loop_7-phaseTemplate.smt2,2537.13,0,48232,成功
/pub/data/jiafq/iscas/Parser_Comparison/../benchmarks/part53/non-incremental/QF_LRA/LassoRanker/Ultimate/Collatz.bpl_Iteration1_Loop_2-pieceTemplate.smt2,13314.1,0,293515,成功
/pub/data/jiafq/iscas/Parser_Comparison/../benchmarks/part53/non-incremental/QF_LRA/LassoRanker/Ultimate/Collatz.bpl_Iteration1_Loop_3-pieceTemplate.smt2,25774,0,547020,成功
/pub/data/jiafq/iscas/Parser_Comparison/../benchmarks/part53/non-incremental/QF_LRA/LassoRanker/Ultimate/Collatz.bpl_Iteration1_Loop_5-phaseTemplate.smt2,12332,0,261238,成功
/pub/data/jiafq/iscas/Parser_Comparison/../benchmarks/part53/non-incremental/QF_LRA/LassoRanker/Ultimate/Collatz.bpl_Iteration1_Loop_6-phaseTemplate.smt2,15433.5,0,316540,成功
/pub/data/jiafq/iscas/Parser_Comparison/../benchmarks/part53/non-incremental/QF_LRA/LassoRanker/Ultimate/Collatz.bpl_Iteration1_Loop_7-phaseTemplate.smt2,20154.5,0,385714,成功
/pub/data/jiafq/iscas/Parser_Comparison/../benchmarks/part53/non-incremental/QF_LRA/LassoRanker/Ultimate/CooperatingT2_consts1.bpl_Iteration1_Lasso_3-pieceTemplate.smt2,163.334,0,4104,成功
/pub/data/jiafq/iscas/Parser_Comparison/../benchmarks/part53/non-incremental/QF_LRA/LassoRanker/Ultimate/CooperatingT2_consts1.bpl_Iteration1_Lasso_6-phaseTemplate.smt2,190.994,0,4055,成功
/pub/data/jiafq/iscas/Parser_Comparison/../benchmarks/part53/non-incremental/QF_LRA/LassoRanker/Ultimate/CooperatingT2_consts1.bpl_Iteration1_Lasso_7-phaseTemplate.smt2,360.518,0,6630,成功
/pub/data/jiafq/iscas/Parser_Comparison/../benchmarks/part53/non-incremental/QF_LRA/LassoRanker/Ultimate/Damaskus.bpl_Iteration1_Lasso_6-phaseTemplate.smt2,240.683,0,4818,成功
/pub/data/jiafq/iscas/Parser_Comparison/../benchmarks/part53/non-incremental/QF_LRA/LassoRanker/Ultimate/Damaskus.bpl_Iteration1_Lasso_7-phaseTemplate.smt2,468.018,0,7951,成功
/pub/data/jiafq/iscas/Parser_Comparison/../benchmarks/part53/non-incremental/QF_LRA/LassoRanker/Ultimate/Gcd.bpl_Iteration1_Lasso_4-pieceTemplate.smt2,1081.64,0,26994,成功
/pub/data/jiafq/iscas/Parser_Comparison/../benchmarks/part53/non-incremental/QF_LRA/LassoRanker/Ultimate/Gcd.bpl_Iteration1_Lasso_7-phaseTemplate.smt2,1250.17,0,21092,成功
/pub/data/jiafq/iscas/Parser_Comparison/../benchmarks/part53/non-incremental/QF_LRA/LassoRanker/Ultimate/GcdNew.bpl_Iteration1_Lasso_3-pieceTemplate.smt2,2190.15,0,56420,成功
/pub/data/jiafq/iscas/Parser_Comparison/../benchmarks/part53/non-incremental/QF_LRA/LassoRanker/Ultimate/GcdNew.bpl_Iteration1_Lasso_4-pieceTemplate.smt2,3637.37,0,92039,成功
/pub/data/jiafq/iscas/Parser_Comparison/../benchmarks/part53/non-incremental/QF_LRA/LassoRanker/Ultimate/GcdNew.bpl_Iteration1_Lasso_5-phaseTemplate.smt2,1288.9,0,30009,成功
/pub/data/jiafq/iscas/Parser_Comparison/../benchmarks/part53/non-incremental/QF_LRA/LassoRanker/Ultimate/GcdNew.bpl_Iteration1_Lasso_6-phaseTemplate.smt2,1954.66,0,40250,成功
/pub/data/jiafq/iscas/Parser_Comparison/../benchmarks/part53/non-incremental/QF_LRA/LassoRanker/Ultimate/GcdNew.bpl_Iteration1_Lasso_7-phaseTemplate.smt2,3165.08,0,56659,成功
/pub/data/jiafq/iscas/Parser_Comparison/../benchmarks/part53/non-incremental/QF_LRA/LassoRanker/Ultimate/Gcd_havoc.bpl_Iteration1_Lasso_3-pieceTemplate.smt2,511.472,0,12904,成功
/pub/data/jiafq/iscas/Parser_Comparison/../benchmarks/part53/non-incremental/QF_LRA/LassoRanker/Ultimate/Gcd_havoc.bpl_Iteration1_Lasso_4-pieceTemplate.smt2,859.6,0,21291,成功
/pub/data/jiafq/iscas/Parser_Comparison/../benchmarks/part53/non-incremental/QF_LRA/LassoRanker/Ultimate/Gcd_havoc.bpl_Iteration1_Lasso_6-phaseTemplate.smt2,742.205,0,10755,成功
/pub/data/jiafq/iscas/Parser_Comparison/../benchmarks/part53/non-incremental/QF_LRA/LassoRanker/Ultimate/Gcd_havoc.bpl_Iteration1_Lasso_7-phaseTemplate.smt2,1418.65,0,16538,成功
/pub/data/jiafq/iscas/Parser_Comparison/../benchmarks/part53/non-incremental/QF_LRA/LassoRanker/Ultimate/Gothenburg.bpl_Iteration1_Lasso_7-phaseTemplate.smt2,744.675,0,11397,成功
/pub/data/jiafq/iscas/Parser_Comparison/../benchmarks/part53/non-incremental/QF_LRA/LassoRanker/Ultimate/Gulwani.bpl_Iteration1_Lasso_4-pieceTemplate.smt2,3476.82,0,90847,成功
/pub/data/jiafq/iscas/Parser_Comparison/../benchmarks/part53/non-incremental/QF_LRA/LassoRanker/Ultimate/Gulwani.bpl_Iteration1_Lasso_6-phaseTemplate.smt2,1795.76,0,40124,成功
/pub/data/jiafq/iscas/Parser_Comparison/../benchmarks/part53/non-incremental/QF_LRA/LassoRanker/Ultimate/GulwaniResetBranchOnly.bpl_Iteration1_Lasso_4-pieceTemplate.smt2,345.225,0,9492,成功
/pub/data/jiafq/iscas/Parser_Comparison/../benchmarks/part53/non-incremental/QF_LRA/LassoRanker/Ultimate/GulwaniResetBranchOnly.bpl_Iteration1_Lasso_6-phaseTemplate.smt2,256.449,0,5650,成功
/pub/data/jiafq/iscas/Parser_Comparison/../benchmarks/part53/non-incremental/QF_LRA/LassoRanker/Ultimate/GulwaniResetBranchOnly.bpl_Iteration1_Lasso_7-phaseTemplate.smt2,460.746,0,9350,成功
/pub/data/jiafq/iscas/Parser_Comparison/../benchmarks/part53/non-incremental/QF_LRA/LassoRanker/Ultimate/Lobnya-Boolean-Reordered.bpl_Iteration1_Lasso_7-phaseTemplate.smt2,1194.72,0,21297,成功
/pub/data/jiafq/iscas/Parser_Comparison/../benchmarks/part53/non-incremental/QF_LRA/LassoRanker/Ultimate/Lobnya-Boolean-Reordered.bpl_Iteration1_Loop_7-phaseTemplate.smt2,1195.42,0,21297,成功
/pub/data/jiafq/iscas/Parser_Comparison/../benchmarks/part53/non-incremental/QF_LRA/LassoRanker/Ultimate/Madrid.bpl_Iteration1_Lasso_4-pieceTemplate.smt2,86.3579,0,2367,成功
/pub/data/jiafq/iscas/Parser_Comparison/../benchmarks/part53/non-incremental/QF_LRA/LassoRanker/Ultimate/MenloPark.bpl_Iteration1_Lasso_3-pieceTemplate.smt2,96.6893,0,2510,成功
/pub/data/jiafq/iscas/Parser_Comparison/../benchmarks/part53/non-incremental/QF_LRA/LassoRanker/Ultimate/MenloPark.bpl_Iteration1_Lasso_4-pieceTemplate.smt2,156.432,0,4184,成功
/pub/data/jiafq/iscas/Parser_Comparison/../benchmarks/part53/non-incremental/QF_LRA/LassoRanker/Ultimate/MenloPark.bpl_Iteration1_Lasso_7-phaseTemplate.smt2,310.23,0,4993,成功
/pub/data/jiafq/iscas/Parser_Comparison/../benchmarks/part53/non-incremental/QF_LRA/LassoRanker/Ultimate/NonTerminationDifficult.bpl_Iteration1_Lasso_7-phaseTemplate.smt2,216.083,0,4057,成功
/pub/data/jiafq/iscas/Parser_Comparison/../benchmarks/part53/non-incremental/QF_LRA/LassoRanker/Ultimate/NoriSharma-2013FSE-Fig7.bpl_Iteration1_Loop_7-phaseTemplate.smt2,901.108,0,12191,成功
/pub/data/jiafq/iscas/Parser_Comparison/../benchmarks/part53/non-incremental/QF_LRA/LassoRanker/Ultimate/OpposedDisjuncts.bpl_Iteration1_Lasso_2-pieceTemplate.smt2,871.514,0,20208,成功
/pub/data/jiafq/iscas/Parser_Comparison/../benchmarks/part53/non-incremental/QF_LRA/LassoRanker/Ultimate/OpposedDisjuncts.bpl_Iteration1_Lasso_3-pieceTemplate.smt2,1678.92,0,38295,成功
/pub/data/jiafq/iscas/Parser_Comparison/../benchmarks/part53/non-incremental/QF_LRA/LassoRanker/Ultimate/OpposedDisjuncts.bpl_Iteration1_Lasso_4-pieceTemplate.smt2,2807.73,0,62693,成功
/pub/data/jiafq/iscas/Parser_Comparison/../benchmarks/part53/non-incremental/QF_LRA/LassoRanker/Ultimate/OpposedDisjuncts.bpl_Iteration1_Lasso_5-phaseTemplate.smt2,1026.39,0,21438,成功
/pub/data/jiafq/iscas/Parser_Comparison/../benchmarks/part53/non-incremental/QF_LRA/LassoRanker/Ultimate/OpposedDisjuncts.bpl_Iteration1_Lasso_6-phaseTemplate.smt2,1627.44,0,29931,成功
/pub/data/jiafq/iscas/Parser_Comparison/../benchmarks/part53/non-incremental/QF_LRA/LassoRanker/Ultimate/OpposedDisjuncts.bpl_Iteration1_Lasso_7-phaseTemplate.smt2,2631.11,0,44208,成功
/pub/data/jiafq/iscas/Parser_Comparison/../benchmarks/part53/non-incremental/QF_LRA/LassoRanker/Ultimate/OpposedDisjuncts.bpl_Iteration1_Loop_7-phaseTemplate.smt2,2518.9,0,39794,成功
/pub/data/jiafq/iscas/Parser_Comparison/../benchmarks/part53/non-incremental/QF_LRA/LassoRanker/Ultimate/SanDiego.bpl_Iteration1_Loop_4-pieceTemplate.smt2,174.527,0,3781,成功
/pub/data/jiafq/iscas/Parser_Comparison/../benchmarks/part53/non-incremental/QF_LRA/LassoRanker/Ultimate/SyntaxSupportBooleans5.bpl_Iteration1_Loop_4-pieceTemplate.smt2,886.72,0,23226,成功
/pub/data/jiafq/iscas/Parser_Comparison/../benchmarks/part53/non-incremental/QF_LRA/LassoRanker/Ultimate/SyntaxSupportDisjunction1.bpl_Iteration1_Loop_7-phaseTemplate.smt2,928.144,0,12816,成功
/pub/data/jiafq/iscas/Parser_Comparison/../benchmarks/part53/non-incremental/QF_LRA/LassoRanker/Ultimate/SyntaxSupportDivision1.bpl_Iteration1_Lasso_3-pieceTemplate.smt2,3154.98,0,76393,成功
/pub/data/jiafq/iscas/Parser_Comparison/../benchmarks/part53/non-incremental/QF_LRA/LassoRanker/Ultimate/SyntaxSupportDivision1.bpl_Iteration1_Lasso_4-pieceTemplate.smt2,5186.58,0,124485,成功
/pub/data/jiafq/iscas/Parser_Comparison/../benchmarks/part53/non-incremental/QF_LRA/LassoRanker/Ultimate/SyntaxSupportDivision1.bpl_Iteration1_Lasso_5-phaseTemplate.smt2,1894.71,0,39071,成功
/pub/data/jiafq/iscas/Parser_Comparison/../benchmarks/part53/non-incremental/QF_LRA/LassoRanker/Ultimate/SyntaxSupportDivision1.bpl_Iteration1_Lasso_6-phaseTemplate.smt2,2912.16,0,50914,成功
/pub/data/jiafq/iscas/Parser_Comparison/../benchmarks/part53/non-incremental/QF_LRA/LassoRanker/Ultimate/SyntaxSupportDivision1.bpl_Iteration1_Lasso_7-phaseTemplate.smt2,4558.04,0,68997,成功
/pub/data/jiafq/iscas/Parser_Comparison/../benchmarks/part53/non-incremental/QF_LRA/LassoRanker/Ultimate/TelAviv-AmirMinimum.bpl_Iteration1_Loop_3-pieceTemplate.smt2,2602.92,0,57142,成功
/pub/data/jiafq/iscas/Parser_Comparison/../benchmarks/part53/non-incremental/QF_LRA/LassoRanker/Ultimate/TelAviv-AmirMinimum.bpl_Iteration1_Loop_4-pieceTemplate.smt2,4243.89,0,93302,成功
/pub/data/jiafq/iscas/Parser_Comparison/../benchmarks/part53/non-incremental/QF_LRA/LassoRanker/Ultimate/bound-scaled200.bpl_Iteration1_Loop_4-pieceTemplate.smt2,3512.94,0,61075,成功
/pub/data/jiafq/iscas/Parser_Comparison/../benchmarks/part53/non-incremental/QF_LRA/LassoRanker/Ultimate/bound-scaled200.bpl_Iteration1_Loop_6-phaseTemplate.smt2,4095.61,0,56064,成功
/pub/data/jiafq/iscas/Parser_Comparison/../benchmarks/part53/non-incremental/QF_LRA/LassoRanker/Ultimate/bound-scaled200.bpl_Iteration1_Loop_7-phaseTemplate.smt2,8325.96,0,109900,成功
/pub/data/jiafq/iscas/Parser_Comparison/../benchmarks/part53/non-incremental/QF_LRA/LassoRanker/Ultimate/bound-scaled400.bpl_Iteration1_Loop_4-pieceTemplate.smt2,7345.89,0,119875,成功
/pub/data/jiafq/iscas/Parser_Comparison/../benchmarks/part53/non-incremental/QF_LRA/LassoRanker/Ultimate/bound-scaled400.bpl_Iteration1_Loop_7-phaseTemplate.smt2,16852,0,216900,成功
/pub/data/jiafq/iscas/Parser_Comparison/../benchmarks/part53/non-incremental/QF_LRA/LassoRanker/Ultimate/bound-scaled600.bpl_Iteration1_Loop_4-pieceTemplate.smt2,11340.2,0,178675,成功
/pub/data/jiafq/iscas/Parser_Comparison/../benchmarks/part53/non-incremental/QF_LRA/LassoRanker/Ultimate/bound-scaled600.bpl_Iteration1_Loop_5-phaseTemplate.smt2,6154.27,0,83806,成功
/pub/data/jiafq/iscas/Parser_Comparison/../benchmarks/part53/non-incremental/QF_LRA/LassoRanker/Ultimate/bound-scaled600.bpl_Iteration1_Loop_7-phaseTemplate.smt2,25629.1,0,323900,成功
/pub/data/jiafq/iscas/Parser_Comparison/../benchmarks/part53/non-incremental/QF_LRA/LassoRanker/Ultimate/simple-scaled100.bpl_Iteration1_Lasso_3-pieceTemplate.smt2,5618.13,0,95080,成功
/pub/data/jiafq/iscas/Parser_Comparison/../benchmarks/part53/non-incremental/QF_LRA/LassoRanker/Ultimate/simple-scaled100.bpl_Iteration1_Lasso_4-pieceTemplate.smt2,9619.95,0,160151,成功
/pub/data/jiafq/iscas/Parser_Comparison/../benchmarks/part53/non-incremental/QF_LRA/LassoRanker/Ultimate/simple-scaled100.bpl_Iteration1_Lasso_5-phaseTemplate.smt2,4355.27,0,63460,成功
/pub/data/jiafq/iscas/Parser_Comparison/../benchmarks/part53/non-incremental/QF_LRA/LassoRanker/Ultimate/simple-scaled100.bpl_Iteration1_Lasso_6-phaseTemplate.smt2,8091.06,0,101978,成功
/pub/data/jiafq/iscas/Parser_Comparison/../benchmarks/part53/non-incremental/QF_LRA/LassoRanker/Ultimate/simple-scaled100.bpl_Iteration1_Lasso_7-phaseTemplate.smt2,15854.9,0,173081,成功
/pub/data/jiafq/iscas/Parser_Comparison/../benchmarks/part53/non-incremental/QF_LRA/LassoRanker/Ultimate/simple-scaled200.bpl_Iteration1_Lasso_2-pieceTemplate.smt2,6003.58,0,95541,成功
/pub/data/jiafq/iscas/Parser_Comparison/../benchmarks/part53/non-incremental/QF_LRA/LassoRanker/Ultimate/simple-scaled200.bpl_Iteration1_Lasso_3-lexTemplate.smt2,4114.94,0,71035,成功
/pub/data/jiafq/iscas/Parser_Comparison/../benchmarks/part53/non-incremental/QF_LRA/LassoRanker/Ultimate/simple-scaled200.bpl_Iteration1_Lasso_3-pieceTemplate.smt2,11751.2,0,189480,成功
/pub/data/jiafq/iscas/Parser_Comparison/../benchmarks/part53/non-incremental/QF_LRA/LassoRanker/Ultimate/simple-scaled200.bpl_Iteration1_Lasso_4-lexTemplate.smt2,6593.03,0,104753,成功
/pub/data/jiafq/iscas/Parser_Comparison/../benchmarks/part53/non-incremental/QF_LRA/LassoRanker/Ultimate/simple-scaled200.bpl_Iteration1_Lasso_4-phaseTemplate.smt2,5625.76,0,82335,成功
/pub/data/jiafq/iscas/Parser_Comparison/../benchmarks/part53/non-incremental/QF_LRA/LassoRanker/Ultimate/simple-scaled200.bpl_Iteration1_Lasso_4-pieceTemplate.smt2,20954.7,0,319151,成功
/pub/data/jiafq/iscas/Parser_Comparison/../benchmarks/part53/non-incremental/QF_LRA/LassoRanker/Ultimate/simple-scaled200.bpl_Iteration1_Lasso_5-nestedTemplate.smt2,3624.47,0,65804,成功
/pub/data/jiafq/iscas/Parser_Comparison/../benchmarks/part53/non-incremental/QF_LRA/LassoRanker/Ultimate/simple-scaled200.bpl_Iteration1_Lasso_5-phaseTemplate.smt2,9562.85,0,126360,成功
/pub/data/jiafq/iscas/Parser_Comparison/../benchmarks/part53/non-incremental/QF_LRA/LassoRanker/Ultimate/simple-scaled200.bpl_Iteration1_Lasso_6-nestedTemplate.smt2,4300.46,0,77037,成功
/pub/data/jiafq/iscas/Parser_Comparison/../benchmarks/part53/non-incremental/QF_LRA/LassoRanker/Ultimate/simple-scaled200.bpl_Iteration1_Lasso_6-phaseTemplate.smt2,17711.2,0,202978,成功
/pub/data/jiafq/iscas/Parser_Comparison/../benchmarks/part53/non-incremental/QF_LRA/LassoRanker/Ultimate/simple-scaled200.bpl_Iteration1_Lasso_7-nestedTemplate.smt2,4914.44,0,88270,成功
/pub/data/jiafq/iscas/Parser_Comparison/../benchmarks/part53/non-incremental/QF_LRA/LassoRanker/Ultimate/simple-scaled200.bpl_Iteration1_Lasso_7-phaseTemplate.smt2,33237.4,0,344381,成功
/pub/data/jiafq/iscas/Parser_Comparison/../benchmarks/part53/non-incremental/QF_LRA/LassoRanker/Ultimate/simple-scaled250.bpl_Iteration1_Lasso_3-phaseTemplate.smt2,4324.14,0,68457,成功
/pub/data/jiafq/iscas/Parser_Comparison/../benchmarks/part53/non-incremental/QF_LRA/LassoRanker/Ultimate/simple-scaled250.bpl_Iteration1_Lasso_4-nestedTemplate.smt2,3809.19,0,68171,成功
/pub/data/jiafq/iscas/Parser_Comparison/../benchmarks/part53/non-incremental/QF_LRA/LassoRanker/Ultimate/simple-scaled250.bpl_Iteration1_Lasso_4-phaseTemplate.smt2,7159.8,0,102835,成功
/pub/data/jiafq/iscas/Parser_Comparison/../benchmarks/part53/non-incremental/QF_LRA/LassoRanker/Ultimate/simple-scaled250.bpl_Iteration1_Lasso_5-nestedTemplate.smt2,4585.52,0,82204,成功
/pub/data/jiafq/iscas/Parser_Comparison/../benchmarks/part53/non-incremental/QF_LRA/LassoRanker/Ultimate/simple-scaled250.bpl_Iteration1_Lasso_5-phaseTemplate.smt2,12579,0,157810,成功
/pub/data/jiafq/iscas/Parser_Comparison/../benchmarks/part53/non-incremental/QF_LRA/LassoRanker/Ultimate/simple-scaled250.bpl_Iteration1_Lasso_6-nestedTemplate.smt2,5432,0,96237,成功
/pub/data/jiafq/iscas/Parser_Comparison/../benchmarks/part53/non-incremental/QF_LRA/LassoRanker/Ultimate/simple-scaled250.bpl_Iteration1_Lasso_6-phaseTemplate.smt2,22287.1,0,253478,成功
/pub/data/jiafq/iscas/Parser_Comparison/../benchmarks/part53/non-incremental/QF_LRA/LassoRanker/Ultimate/simple-scaled250.bpl_Iteration1_Lasso_7-nestedTemplate.smt2,6374.44,0,110270,成功
/pub/data/jiafq/iscas/Parser_Comparison/../benchmarks/part53/non-incremental/QF_LRA/LassoRanker/Ultimate/yPositive-SIscaled100.bpl_Iteration1_Loop_3-pieceTemplate.smt2,4554.24,0,48293,成功
/pub/data/jiafq/iscas/Parser_Comparison/../benchmarks/part53/non-incremental/QF_LRA/LassoRanker/Ultimate/yPositive-SIscaled100.bpl_Iteration1_Loop_4-pieceTemplate.smt2,7832.64,0,80870,成功
/pub/data/jiafq/iscas/Parser_Comparison/../benchmarks/part53/non-incremental/QF_LRA/LassoRanker/Ultimate/yPositive-SIscaled100.bpl_Iteration1_Loop_5-phaseTemplate.smt2,3904.48,0,35473,成功
/pub/data/jiafq/iscas/Parser_Comparison/../benchmarks/part53/non-incremental/QF_LRA/LassoRanker/Ultimate/yPositive-SIscaled100.bpl_Iteration1_Loop_6-phaseTemplate.smt2,7130.69,0,58425,成功
/pub/data/jiafq/iscas/Parser_Comparison/../benchmarks/part53/non-incremental/QF_LRA/LassoRanker/Ultimate/yPositive-SIscaled100.bpl_Iteration1_Loop_7-phaseTemplate.smt2,14076,0,101255,成功
/pub/data/jiafq/iscas/Parser_Comparison/../benchmarks/part53/non-incremental/QF_LRA/LassoRanker/Ultimate/yPositive-SIscaled50.bpl_Iteration1_Loop_3-pieceTemplate.smt2,2003.36,0,24793,成功
/pub/data/jiafq/iscas/Parser_Comparison/../benchmarks/part53/non-incremental/QF_LRA/LassoRanker/Ultimate/yPositive-SIscaled50.bpl_Iteration1_Loop_4-pieceTemplate.smt2,3482.94,0,41520,成功
/pub/data/jiafq/iscas/Parser_Comparison/../benchmarks/part53/non-incremental/QF_LRA/LassoRanker/Ultimate/yPositive-SIscaled50.bpl_Iteration1_Loop_5-phaseTemplate.smt2,1794.91,0,18223,成功
/pub/data/jiafq/iscas/Parser_Comparison/../benchmarks/part53/non-incremental/QF_LRA/LassoRanker/Ultimate/yPositive-SIscaled50.bpl_Iteration1_Loop_6-phaseTemplate.smt2,3242.86,0,30025,成功
/pub/data/jiafq/iscas/Parser_Comparison/../benchmarks/part53/non-incremental/QF_LRA/LassoRanker/Ultimate/yPositive-SIscaled50.bpl_Iteration1_Loop_7-phaseTemplate.smt2,6334.26,0,52055,成功
/pub/data/jiafq/iscas/Parser_Comparison/../benchmarks/part53/non-incremental/QF_LRA/LassoRanker/Ultimate/yPositive-SIscaled75.bpl_Iteration1_Loop_3-pieceTemplate.smt2,3233.73,0,36543,成功
/pub/data/jiafq/iscas/Parser_Comparison/../benchmarks/part53/non-incremental/QF_LRA/LassoRanker/Ultimate/yPositive-SIscaled75.bpl_Iteration1_Loop_4-phaseTemplate.smt2,1694.07,0,17036,成功
/pub/data/jiafq/iscas/Parser_Comparison/../benchmarks/part53/non-incremental/QF_LRA/LassoRanker/Ultimate/yPositive-SIscaled75.bpl_Iteration1_Loop_4-pieceTemplate.smt2,5774.66,0,61195,成功
/pub/data/jiafq/iscas/Parser_Comparison/../benchmarks/part53/non-incremental/QF_LRA/LassoRanker/Ultimate/yPositive-SIscaled75.bpl_Iteration1_Loop_6-phaseTemplate.smt2,5325.06,0,44225,成功
/pub/data/jiafq/iscas/Parser_Comparison/../benchmarks/part53/non-incremental/QF_LRA/LassoRanker/Ultimate/yPositive-SIscaled75.bpl_Iteration1_Loop_7-phaseTemplate.smt2,10164.7,0,76655,成功
/pub/data/jiafq/iscas/Parser_Comparison/../benchmarks/part53/non-incremental/QF_LRA/TM/p-0-bucket_s10.smt2,209.844,0,5389,成功
/pub/data/jiafq/iscas/Parser_Comparison/../benchmarks/part53/non-incremental/QF_LRA/TM/p-0-bucket_s13.smt2,280.972,0,7294,成功
/pub/data/jiafq/iscas/Parser_Comparison/../benchmarks/part53/non-incremental/QF_LRA/latendresse/ecoliFBAyicesTest-15875-16.smt2,460.38,0,10569,成功
/pub/data/jiafq/iscas/Parser_Comparison/../benchmarks/part53/non-incremental/QF_LRA/latendresse/ecoliFBAyicesTest-1875-2.smt2,454.927,0,10568,成功
/pub/data/jiafq/iscas/Parser_Comparison/../benchmarks/part53/non-incremental/QF_LRA/latendresse/ecoliFBAyicesTest-31875-32.smt2,455.794,0,10569,成功
/pub/data/jiafq/iscas/Parser_Comparison/../benchmarks/part53/non-incremental/QF_LRA/latendresse/ecoliFBAyicesTest-3875-4.smt2,453.42,0,10568,成功
/pub/data/jiafq/iscas/Parser_Comparison/../benchmarks/part53/non-incremental/QF_LRA/latendresse/ecoliFBAyicesTest-500.smt2,464.685,0,10567,成功
/pub/data/jiafq/iscas/Parser_Comparison/../benchmarks/part53/non-incremental/QF_LRA/latendresse/ecoliFBAyicesTest-63875-64.smt2,464.177,0,10569,成功
/pub/data/jiafq/iscas/Parser_Comparison/../benchmarks/part53/non-incremental/QF_LRA/latendresse/ecoliFBAyicesTest-750.smt2,467.203,0,10567,成功
/pub/data/jiafq/iscas/Parser_Comparison/../benchmarks/part53/non-incremental/QF_LRA/latendresse/ecoliFBAyicesTest-875.smt2,459.955,0,10567,成功
/pub/data/jiafq/iscas/Parser_Comparison/../benchmarks/part53/non-incremental/QF_LRA/latendresse/ecoliMILPglycerolYices3-100000.smt2,698.364,0,12968,成功
/pub/data/jiafq/iscas/Parser_Comparison/../benchmarks/part53/non-incremental/QF_LRA/latendresse/ecoliMILPglycerolYices3-300000.smt2,728.19,0,12968,成功
/pub/data/jiafq/iscas/Parser_Comparison/../benchmarks/part53/non-incremental/QF_LRA/latendresse/ecoliMILPglycerolYices3-5000.smt2,754.896,0,12967,成功
/pub/data/jiafq/iscas/Parser_Comparison/../benchmarks/part53/non-incremental/QF_LRA/latendresse/ecoliMILPglycerolYices3-50000.smt2,725.494,0,12968,成功
/pub/data/jiafq/iscas/Parser_Comparison/../benchmarks/part53/non-incremental/QF_LRA/latendresse/ecoliMILPglycerolYices3-60000.smt2,698.894,0,12968,成功
/pub/data/jiafq/iscas/Parser_Comparison/../benchmarks/part53/non-incremental/QF_LRA/latendresse/ecoliMILPglycerolYices3-70000.smt2,725.436,0,12968,成功
/pub/data/jiafq/iscas/Parser_Comparison/../benchmarks/part53/non-incremental/QF_LRA/latendresse/ecoliMILPglycerolYices3-80000.smt2,714.911,0,12968,成功
/pub/data/jiafq/iscas/Parser_Comparison/../benchmarks/part53/non-incremental/QF_LRA/latendresse/ecoliMILPglycerolYices3-90000.smt2,703.358,0,12968,成功
/pub/data/jiafq/iscas/Parser_Comparison/../benchmarks/part53/non-incremental/QF_LRA/latendresse/shewanella-compact2.smt2,400.683,0,7476,成功
/pub/data/jiafq/iscas/Parser_Comparison/../benchmarks/part53/non-incremental/QF_LRA/latendresse/shewanella-compact2b.smt2,404.72,0,7476,成功
/pub/data/jiafq/iscas/Parser_Comparison/../benchmarks/part53/non-incremental/QF_LRA/meti-tarski/Arthan/1A/Arthan1A-chunk-0015.smt2,2.11082,0,26,成功
/pub/data/jiafq/iscas/Parser_Comparison/../benchmarks/part53/non-incremental/QF_LRA/meti-tarski/Arthan/1A/Arthan1A-chunk-0016.smt2,1.76926,0,26,成功
/pub/data/jiafq/iscas/Parser_Comparison/../benchmarks/part53/non-incremental/QF_LRA/meti-tarski/CMOS/CMOS-opamp-chunk-0005.smt2,1.5389,0,14,成功
/pub/data/jiafq/iscas/Parser_Comparison/../benchmarks/part53/non-incremental/QF_LRA/meti-tarski/CMOS/CMOS-opamp-chunk-0007.smt2,1.53783,0,14,成功
/pub/data/jiafq/iscas/Parser_Comparison/../benchmarks/part53/non-incremental/QF_LRA/meti-tarski/CMOS/CMOS-opamp-chunk-0008.smt2,1.60383,0,19,成功
/pub/data/jiafq/iscas/Parser_Comparison/../benchmarks/part53/non-incremental/QF_LRA/meti-tarski/CMOS/CMOS-opamp-chunk-0010.smt2,1.57732,0,19,成功
/pub/data/jiafq/iscas/Parser_Comparison/../benchmarks/part53/non-incremental/QF_LRA/meti-tarski/CMOS/CMOS-opamp-chunk-0012.smt2,1.62805,0,24,成功
/pub/data/jiafq/iscas/Parser_Comparison/../benchmarks/part53/non-incremental/QF_LRA/meti-tarski/CMOS/CMOS-opamp-chunk-0013.smt2,1.61289,0,24,成功
/pub/data/jiafq/iscas/Parser_Comparison/../benchmarks/part53/non-incremental/QF_LRA/meti-tarski/CMOS/CMOS-opamp-chunk-0015.smt2,1.74688,0,29,成功
/pub/data/jiafq/iscas/Parser_Comparison/../benchmarks/part53/non-incremental/QF_LRA/meti-tarski/CMOS/CMOS-opamp-chunk-0016.smt2,1.72854,0,29,成功
/pub/data/jiafq/iscas/Parser_Comparison/../benchmarks/part53/non-incremental/QF_LRA/meti-tarski/CMOS/CMOS-opamp-chunk-0024.smt2,1.77429,0,32,成功
/pub/data/jiafq/iscas/Parser_Comparison/../benchmarks/part53/non-incremental/QF_LRA/meti-tarski/Chua/1/IL/L/Chua-1-IL-L-chunk-0005.smt2,1.44429,0,14,成功
/pub/data/jiafq/iscas/Parser_Comparison/../benchmarks/part53/non-incremental/QF_LRA/meti-tarski/Chua/1/IL/L/Chua-1-IL-L-chunk-0006.smt2,1.47176,0,14,成功
/pub/data/jiafq/iscas/Parser_Comparison/../benchmarks/part53/non-incremental/QF_LRA/meti-tarski/Chua/1/IL/L/Chua-1-IL-L-chunk-0008.smt2,1.537,0,17,成功
/pub/data/jiafq/iscas/Parser_Comparison/../benchmarks/part53/non-incremental/QF_LRA/meti-tarski/Chua/1/IL/L/Chua-1-IL-L-chunk-0010.smt2,1.5443,0,17,成功
/pub/data/jiafq/iscas/Parser_Comparison/../benchmarks/part53/non-incremental/QF_LRA/meti-tarski/Chua/1/IL/L/Chua-1-IL-L-chunk-0011.smt2,1.51634,0,17,成功
/pub/data/jiafq/iscas/Parser_Comparison/../benchmarks/part53/non-incremental/QF_LRA/meti-tarski/Chua/1/IL/L/Chua-1-IL-L-chunk-0012.smt2,1.49418,0,14,成功
/pub/data/jiafq/iscas/Parser_Comparison/../benchmarks/part53/non-incremental/QF_LRA/meti-tarski/Chua/1/IL/L/Chua-1-IL-L-chunk-0013.smt2,1.50533,0,14,成功
/pub/data/jiafq/iscas/Parser_Comparison/../benchmarks/part53/non-incremental/QF_LRA/meti-tarski/Chua/1/IL/L/Chua-1-IL-L-chunk-0023.smt2,1.46785,0,13,成功
/pub/data/jiafq/iscas/Parser_Comparison/../benchmarks/part53/non-incremental/QF_LRA/meti-tarski/Chua/1/IL/L/Chua-1-IL-L-chunk-0028.smt2,1.43221,0,11,成功
/pub/data/jiafq/iscas/Parser_Comparison/../benchmarks/part53/non-incremental/QF_LRA/meti-tarski/Chua/1/IL/L/Chua-1-IL-L-chunk-0043.smt2,1.43492,0,11,成功
/pub/data/jiafq/iscas/Parser_Comparison/../benchmarks/part53/non-incremental/QF_LRA/meti-tarski/Chua/1/IL/L/Chua-1-IL-L-chunk-0057.smt2,1.43495,0,11,成功
/pub/data/jiafq/iscas/Parser_Comparison/../benchmarks/part53/non-incremental/QF_LRA/meti-tarski/Chua/1/IL/L/Chua-1-IL-L-chunk-0108.smt2,1.43608,0,11,成功
/pub/data/jiafq/iscas/Parser_Comparison/../benchmarks/part53/non-incremental/QF_LRA/meti-tarski/Chua/1/IL/L/Chua-1-IL-L-chunk-0112.smt2,1.49755,0,14,成功
/pub/data/jiafq/iscas/Parser_Comparison/../benchmarks/part53/non-incremental/QF_LRA/meti-tarski/Chua/1/IL/L/Chua-1-IL-L-chunk-0128.smt2,1.45274,0,11,成功
/pub/data/jiafq/iscas/Parser_Comparison/../benchmarks/part53/non-incremental/QF_LRA/meti-tarski/Chua/1/IL/L/Chua-1-IL-L-chunk-0142.smt2,2.07184,0,14,成功
/pub/data/jiafq/iscas/Parser_Comparison/../benchmarks/part53/non-incremental/QF_LRA/meti-tarski/Chua/1/IL/L/Chua-1-IL-L-chunk-0155.smt2,1.92891,0,16,成功
/pub/data/jiafq/iscas/Parser_Comparison/../benchmarks/part53/non-incremental/QF_LRA/meti-tarski/Chua/1/IL/L/Chua-1-IL-L-chunk-0156.smt2,2.24705,0,13,成功
/pub/data/jiafq/iscas/Parser_Comparison/../benchmarks/part53/non-incremental/QF_LRA/meti-tarski/Chua/1/IL/U/Chua-1-IL-U-chunk-0030.smt2,1.94018,0,14,成功
/pub/data/jiafq/iscas/Parser_Comparison/../benchmarks/part53/non-incremental/QF_LRA/meti-tarski/Chua/1/IL/U/Chua-1-IL-U-chunk-0035.smt2,1.61653,0,14,成功
/pub/data/jiafq/iscas/Parser_Comparison/../benchmarks/part53/non-incremental/QF_LRA/meti-tarski/Chua/1/IL/U/Chua-1-IL-U-chunk-0042.smt2,1.57656,0,16,成功
/pub/data/jiafq/iscas/Parser_Comparison/../benchmarks/part53/non-incremental/QF_LRA/meti-tarski/Chua/1/IL/U/Chua-1-IL-U-chunk-0056.smt2,1.5792,0,16,成功
/pub/data/jiafq/iscas/Parser_Comparison/../benchmarks/part53/non-incremental/QF_LRA/meti-tarski/Chua/1/IL/U/Chua-1-IL-U-chunk-0069.smt2,1.5714,0,17,成功
/pub/data/jiafq/iscas/Parser_Comparison/../benchmarks/part53/non-incremental/QF_LRA/meti-tarski/Chua/1/VC1/L/Chua-1-VC1-L-chunk-0005.smt2,1.43711,0,14,成功
/pub/data/jiafq/iscas/Parser_Comparison/../benchmarks/part53/non-incremental/QF_LRA/meti-tarski/Chua/1/VC1/L/Chua-1-VC1-L-chunk-0006.smt2,1.43034,0,14,成功
/pub/data/jiafq/iscas/Parser_Comparison/../benchmarks/part53/non-incremental/QF_LRA/meti-tarski/Chua/1/VC1/L/Chua-1-VC1-L-chunk-0008.smt2,1.52932,0,17,成功
/pub/data/jiafq/iscas/Parser_Comparison/../benchmarks/part53/non-incremental/QF_LRA/meti-tarski/Chua/1/VC1/L/Chua-1-VC1-L-chunk-0010.smt2,1.52933,0,17,成功
/pub/data/jiafq/iscas/Parser_Comparison/../benchmarks/part53/non-incremental/QF_LRA/meti-tarski/Chua/1/VC1/L/Chua-1-VC1-L-chunk-0011.smt2,1.51387,0,17,成功
/pub/data/jiafq/iscas/Parser_Comparison/../benchmarks/part53/non-incremental/QF_LRA/meti-tarski/Chua/1/VC1/L/Chua-1-VC1-L-chunk-0012.smt2,1.46031,0,14,成功
/pub/data/jiafq/iscas/Parser_Comparison/../benchmarks/part53/non-incremental/QF_LRA/meti-tarski/Chua/1/VC1/L/Chua-1-VC1-L-chunk-0013.smt2,1.48165,0,14,成功
/pub/data/jiafq/iscas/Parser_Comparison/../benchmarks/part53/non-incremental/QF_LRA/meti-tarski/Chua/1/VC1/L/Chua-1-VC1-L-chunk-0023.smt2,1.48043,0,13,成功
/pub/data/jiafq/iscas/Parser_Comparison/../benchmarks/part53/non-incremental/QF_LRA/meti-tarski/Chua/1/VC1/L/Chua-1-VC1-L-chunk-0028.smt2,1.41642,0,11,成功
/pub/data/jiafq/iscas/Parser_Comparison/../benchmarks/part53/non-incremental/QF_LRA/meti-tarski/Chua/1/VC1/L/Chua-1-VC1-L-chunk-0042.smt2,1.42458,0,11,成功
/pub/data/jiafq/iscas/Parser_Comparison/../benchmarks/part53/non-incremental/QF_LRA/meti-tarski/Chua/1/VC1/L/Chua-1-VC1-L-chunk-0058.smt2,1.41569,0,11,成功
/pub/data/jiafq/iscas/Parser_Comparison/../benchmarks/part53/non-incremental/QF_LRA/meti-tarski/Chua/1/VC1/L/Chua-1-VC1-L-chunk-0109.smt2,1.42935,0,11,成功
/pub/data/jiafq/iscas/Parser_Comparison/../benchmarks/part53/non-incremental/QF_LRA/meti-tarski/Chua/1/VC1/L/Chua-1-VC1-L-chunk-0113.smt2,1.49705,0,14,成功
/pub/data/jiafq/iscas/Parser_Comparison/../benchmarks/part53/non-incremental/QF_LRA/meti-tarski/Chua/1/VC1/L/Chua-1-VC1-L-chunk-0128.smt2,1.42336,0,11,成功
/pub/data/jiafq/iscas/Parser_Comparison/../benchmarks/part53/non-incremental/QF_LRA/meti-tarski/Chua/1/VC1/L/Chua-1-VC1-L-chunk-0142.smt2,3.46235,0,14,成功
/pub/data/jiafq/iscas/Parser_Comparison/../benchmarks/part53/non-incremental/QF_LRA/meti-tarski/Chua/1/VC1/L/Chua-1-VC1-L-chunk-0155.smt2,1.61954,0,16,成功
/pub/data/jiafq/iscas/Parser_Comparison/../benchmarks/part53/non-incremental/QF_LRA/meti-tarski/Chua/1/VC1/L/Chua-1-VC1-L-chunk-0156.smt2,1.85603,0,13,成功
/pub/data/jiafq/iscas/Parser_Comparison/../benchmarks/part53/non-incremental/QF_LRA/meti-tarski/Chua/1/VC1/U/Chua-1-VC1-U-chunk-0035.smt2,1.95476,0,14,成功
/pub/data/jiafq/iscas/Parser_Comparison/../benchmarks/part53/non-incremental/QF_LRA/meti-tarski/Chua/1/VC1/U/Chua-1-VC1-U-chunk-0037.smt2,1.64414,0,14,成功
/pub/data/jiafq/iscas/Parser_Comparison/../benchmarks/part53/non-incremental/QF_LRA/meti-tarski/Chua/1/VC1/U/Chua-1-VC1-U-chunk-0045.smt2,2.12962,0,16,成功
/pub/data/jiafq/iscas/Parser_Comparison/../benchmarks/part53/non-incremental/QF_LRA/meti-tarski/Chua/1/VC1/U/Chua-1-VC1-U-chunk-0059.smt2,2.26344,0,16,成功
/pub/data/jiafq/iscas/Parser_Comparison/../benchmarks/part53/non-incremental/QF_LRA/meti-tarski/Chua/1/VC1/U/Chua-1-VC1-U-chunk-0071.smt2,1.74308,0,17,成功
/pub/data/jiafq/iscas/Parser_Comparison/../benchmarks/part53/non-incremental/QF_LRA/meti-tarski/Chua/1/VC2/L/Chua-1-VC2-L-chunk-0005.smt2,1.76937,0,14,成功
/pub/data/jiafq/iscas/Parser_Comparison/../benchmarks/part53/non-incremental/QF_LRA/meti-tarski/Chua/1/VC2/L/Chua-1-VC2-L-chunk-0006.smt2,1.7255,0,14,成功
/pub/data/jiafq/iscas/Parser_Comparison/../benchmarks/part53/non-incremental/QF_LRA/meti-tarski/Chua/1/VC2/L/Chua-1-VC2-L-chunk-0008.smt2,1.69426,0,17,成功
/pub/data/jiafq/iscas/Parser_Comparison/../benchmarks/part53/non-incremental/QF_LRA/meti-tarski/Chua/1/VC2/L/Chua-1-VC2-L-chunk-0010.smt2,1.49444,0,17,成功
/pub/data/jiafq/iscas/Parser_Comparison/../benchmarks/part53/non-incremental/QF_LRA/meti-tarski/Chua/1/VC2/L/Chua-1-VC2-L-chunk-0011.smt2,1.46133,0,17,成功
/pub/data/jiafq/iscas/Parser_Comparison/../benchmarks/part53/non-incremental/QF_LRA/meti-tarski/Chua/1/VC2/L/Chua-1-VC2-L-chunk-0012.smt2,1.45834,0,14,成功
/pub/data/jiafq/iscas/Parser_Comparison/../benchmarks/part53/non-incremental/QF_LRA/meti-tarski/Chua/1/VC2/L/Chua-1-VC2-L-chunk-0013.smt2,1.45687,0,14,成功
/pub/data/jiafq/iscas/Parser_Comparison/../benchmarks/part53/non-incremental/QF_LRA/meti-tarski/Chua/1/VC2/L/Chua-1-VC2-L-chunk-0030.smt2,1.48009,0,14,成功
/pub/data/jiafq/iscas/Parser_Comparison/../benchmarks/part53/non-incremental/QF_LRA/meti-tarski/Chua/1/VC2/L/Chua-1-VC2-L-chunk-0035.smt2,1.44793,0,14,成功
/pub/data/jiafq/iscas/Parser_Comparison/../benchmarks/part53/non-incremental/QF_LRA/meti-tarski/Chua/1/VC2/L/Chua-1-VC2-L-chunk-0042.smt2,1.53885,0,16,成功
/pub/data/jiafq/iscas/Parser_Comparison/../benchmarks/part53/non-incremental/QF_LRA/meti-tarski/Chua/1/VC2/L/Chua-1-VC2-L-chunk-0056.smt2,1.52146,0,16,成功
/pub/data/jiafq/iscas/Parser_Comparison/../benchmarks/part53/non-incremental/QF_LRA/meti-tarski/Chua/1/VC2/L/Chua-1-VC2-L-chunk-0069.smt2,1.54784,0,17,成功
/pub/data/jiafq/iscas/Parser_Comparison/../benchmarks/part53/non-incremental/QF_LRA/meti-tarski/Chua/1/VC2/U/Chua-1-VC2-U-chunk-0023.smt2,1.4263,0,12,成功
/pub/data/jiafq/iscas/Parser_Comparison/../benchmarks/part53/non-incremental/QF_LRA/meti-tarski/Chua/1/VC2/U/Chua-1-VC2-U-chunk-0028.smt2,1.41799,0,11,成功
/pub/data/jiafq/iscas/Parser_Comparison/../benchmarks/part53/non-incremental/QF_LRA/meti-tarski/Chua/1/VC2/U/Chua-1-VC2-U-chunk-0043.smt2,1.37204,0,11,成功
/pub/data/jiafq/iscas/Parser_Comparison/../benchmarks/part53/non-incremental/QF_LRA/meti-tarski/Chua/1/VC2/U/Chua-1-VC2-U-chunk-0057.smt2,1.40708,0,11,成功
/pub/data/jiafq/iscas/Parser_Comparison/../benchmarks/part53/non-incremental/QF_LRA/meti-tarski/Chua/1/VC2/U/Chua-1-VC2-U-chunk-0108.smt2,1.37859,0,11,成功
/pub/data/jiafq/iscas/Parser_Comparison/../benchmarks/part53/non-incremental/QF_LRA/meti-tarski/Chua/1/VC2/U/Chua-1-VC2-U-chunk-0112.smt2,1.49554,0,14,成功
/pub/data/jiafq/iscas/Parser_Comparison/../benchmarks/part53/non-incremental/QF_LRA/meti-tarski/Chua/1/VC2/U/Chua-1-VC2-U-chunk-0128.smt2,1.40493,0,11,成功
/pub/data/jiafq/iscas/Parser_Comparison/../benchmarks/part53/non-incremental/QF_LRA/meti-tarski/Chua/1/VC2/U/Chua-1-VC2-U-chunk-0142.smt2,1.48191,0,14,成功
/pub/data/jiafq/iscas/Parser_Comparison/../benchmarks/part53/non-incremental/QF_LRA/meti-tarski/Chua/1/VC2/U/Chua-1-VC2-U-chunk-0155.smt2,1.48935,0,16,成功
/pub/data/jiafq/iscas/Parser_Comparison/../benchmarks/part53/non-incremental/QF_LRA/meti-tarski/Chua/1/VC2/U/Chua-1-VC2-U-chunk-0156.smt2,1.4751,0,13,成功
/pub/data/jiafq/iscas/Parser_Comparison/../benchmarks/part53/non-incremental/QF_LRA/meti-tarski/Chua/2/IL/L/Chua-2-IL-L-chunk-0030.smt2,1.56634,0,16,成功
/pub/data/jiafq/iscas/Parser_Comparison/../benchmarks/part53/non-incremental/QF_LRA/meti-tarski/Chua/2/IL/L/Chua-2-IL-L-chunk-0035.smt2,1.5461,0,14,成功
/pub/data/jiafq/iscas/Parser_Comparison/../benchmarks/part53/non-incremental/QF_LRA/meti-tarski/Chua/2/IL/L/Chua-2-IL-L-chunk-0064.smt2,1.52076,0,16,成功
/pub/data/jiafq/iscas/Parser_Comparison/../benchmarks/part53/non-incremental/QF_LRA/meti-tarski/Chua/2/IL/L/Chua-2-IL-L-chunk-0066.smt2,1.53929,0,16,成功
/pub/data/jiafq/iscas/Parser_Comparison/../benchmarks/part53/non-incremental/QF_LRA/meti-tarski/Chua/2/IL/L/Chua-2-IL-L-chunk-0071.smt2,1.49532,0,14,成功
/pub/data/jiafq/iscas/Parser_Comparison/../benchmarks/part53/non-incremental/QF_LRA/meti-tarski/Chua/2/VC1/L/Chua-2-VC1-L-chunk-0046.smt2,1.51281,0,16,成功
/pub/data/jiafq/iscas/Parser_Comparison/../benchmarks/part53/non-incremental/QF_LRA/meti-tarski/Chua/2/VC1/L/Chua-2-VC1-L-chunk-0051.smt2,1.44507,0,14,成功
/pub/data/jiafq/iscas/Parser_Comparison/../benchmarks/part53/non-incremental/QF_LRA/meti-tarski/Chua/2/VC1/L/Chua-2-VC1-L-chunk-0080.smt2,3.39861,0,16,成功
/pub/data/jiafq/iscas/Parser_Comparison/../benchmarks/part53/non-incremental/QF_LRA/meti-tarski/Chua/2/VC1/L/Chua-2-VC1-L-chunk-0082.smt2,1.89962,0,16,成功
/pub/data/jiafq/iscas/Parser_Comparison/../benchmarks/part53/non-incremental/QF_LRA/meti-tarski/Chua/2/VC1/L/Chua-2-VC1-L-chunk-0087.smt2,1.97817,0,14,成功
/pub/data/jiafq/iscas/Parser_Comparison/../benchmarks/part53/non-incremental/QF_LRA/meti-tarski/Chua/2/VC2/L/Chua-2-VC2-L-chunk-0026.smt2,2.06252,0,16,成功
/pub/data/jiafq/iscas/Parser_Comparison/../benchmarks/part53/non-incremental/QF_LRA/meti-tarski/Chua/2/VC2/L/Chua-2-VC2-L-chunk-0031.smt2,1.54288,0,14,成功
/pub/data/jiafq/iscas/Parser_Comparison/../benchmarks/part53/non-incremental/QF_LRA/meti-tarski/Chua/2/VC2/L/Chua-2-VC2-L-chunk-0048.smt2,1.49929,0,14,成功
/pub/data/jiafq/iscas/Parser_Comparison/../benchmarks/part53/non-incremental/QF_LRA/meti-tarski/asin/8/asin-8-chunk-0030.smt2,1.69151,0,25,成功
/pub/data/jiafq/iscas/Parser_Comparison/../benchmarks/part53/non-incremental/QF_LRA/meti-tarski/asin/8/asin-8-chunk-0032.smt2,1.6857,0,25,成功
/pub/data/jiafq/iscas/Parser_Comparison/../benchmarks/part53/non-incremental/QF_LRA/meti-tarski/asin/8/vars4/asin-8-vars4-chunk-0022.smt2,1.66487,0,21,成功
/pub/data/jiafq/iscas/Parser_Comparison/../benchmarks/part53/non-incremental/QF_LRA/meti-tarski/asin/8/vars4/asin-8-vars4-chunk-0023.smt2,1.65225,0,21,成功
/pub/data/jiafq/iscas/Parser_Comparison/../benchmarks/part53/non-incremental/QF_LRA/meti-tarski/atan/problem/1/atan-problem-1-chunk-0014.smt2,1.50607,0,13,成功
/pub/data/jiafq/iscas/Parser_Comparison/../benchmarks/part53/non-incremental/QF_LRA/meti-tarski/atan/problem/1/atan-problem-1-chunk-0015.smt2,1.48266,0,13,成功
/pub/data/jiafq/iscas/Parser_Comparison/../benchmarks/part53/non-incremental/QF_LRA/meti-tarski/atan/problem/1/atan-problem-1-chunk-0030.smt2,1.53349,0,16,成功
/pub/data/jiafq/iscas/Parser_Comparison/../benchmarks/part53/non-incremental/QF_LRA/meti-tarski/atan/problem/1/atan-problem-1-chunk-0031.smt2,1.54113,0,16,成功
/pub/data/jiafq/iscas/Parser_Comparison/../benchmarks/part53/non-incremental/QF_LRA/meti-tarski/atan/problem/1/weak/atan-problem-1-weak-chunk-0019.smt2,1.92831,0,9,成功
/pub/data/jiafq/iscas/Parser_Comparison/../benchmarks/part53/non-incremental/QF_LRA/meti-tarski/atan/problem/1/weak/atan-problem-1-weak-chunk-0021.smt2,2.36134,0,9,成功
/pub/data/jiafq/iscas/Parser_Comparison/../benchmarks/part53/non-incremental/QF_LRA/meti-tarski/atan/problem/2/weak/atan-problem-2-weak-chunk-0200.smt2,3.00518,0,21,成功
/pub/data/jiafq/iscas/Parser_Comparison/../benchmarks/part53/non-incremental/QF_LRA/meti-tarski/atan/problem/2/weak/atan-problem-2-weak-chunk-0203.smt2,1.92473,0,19,成功
/pub/data/jiafq/iscas/Parser_Comparison/../benchmarks/part53/non-incremental/QF_LRA/meti-tarski/atan/problem/2/weak2/atan-problem-2-weak2-chunk-0004.smt2,1.68531,0,11,成功
/pub/data/jiafq/iscas/Parser_Comparison/../benchmarks/part53/non-incremental/QF_LRA/meti-tarski/atan/problem/2/weak2/atan-problem-2-weak2-chunk-0005.smt2,1.66433,0,11,成功
/pub/data/jiafq/iscas/Parser_Comparison/../benchmarks/part53/non-incremental/QF_LRA/meti-tarski/atan/problem/2/weak2/atan-problem-2-weak2-chunk-0009.smt2,1.52798,0,14,成功
/pub/data/jiafq/iscas/Parser_Comparison/../benchmarks/part53/non-incremental/QF_LRA/meti-tarski/atan/problem/2/weak2/atan-problem-2-weak2-chunk-0014.smt2,1.47565,0,14,成功
/pub/data/jiafq/iscas/Parser_Comparison/../benchmarks/part53/non-incremental/QF_LRA/meti-tarski/atan/problem/2/weak2/atan-problem-2-weak2-chunk-0016.smt2,1.50065,0,14,成功
/pub/data/jiafq/iscas/Parser_Comparison/../benchmarks/part53/non-incremental/QF_LRA/meti-tarski/atan/problem/2/weak2/atan-problem-2-weak2-chunk-0017.smt2,1.47682,0,14,成功
/pub/data/jiafq/iscas/Parser_Comparison/../benchmarks/part53/non-incremental/QF_LRA/meti-tarski/atan/problem/2/weak2/atan-problem-2-weak2-chunk-0026.smt2,1.52609,0,14,成功
/pub/data/jiafq/iscas/Parser_Comparison/../benchmarks/part53/non-incremental/QF_LRA/meti-tarski/atan/problem/2/weak2/atan-problem-2-weak2-chunk-0030.smt2,1.49513,0,14,成功
/pub/data/jiafq/iscas/Parser_Comparison/../benchmarks/part53/non-incremental/QF_LRA/meti-tarski/atan/problem/2/weak2/atan-problem-2-weak2-chunk-0031.smt2,1.56354,0,16,成功
/pub/data/jiafq/iscas/Parser_Comparison/../benchmarks/part53/non-incremental/QF_LRA/meti-tarski/atan/problem/2/weak2/atan-problem-2-weak2-chunk-0032.smt2,1.56612,0,16,成功
/pub/data/jiafq/iscas/Parser_Comparison/../benchmarks/part53/non-incremental/QF_LRA/meti-tarski/atan/problem/2/weak2/atan-problem-2-weak2-chunk-0033.smt2,1.78056,0,14,成功
/pub/data/jiafq/iscas/Parser_Comparison/../benchmarks/part53/non-incremental/QF_LRA/meti-tarski/atan/problem/2/weak2/atan-problem-2-weak2-chunk-0034.smt2,2.68071,0,16,成功
/pub/data/jiafq/iscas/Parser_Comparison/../benchmarks/part53/non-incremental/QF_LRA/meti-tarski/atan/problem/2/weak2/atan-problem-2-weak2-chunk-0035.smt2,2.82633,0,16,成功
/pub/data/jiafq/iscas/Parser_Comparison/../benchmarks/part53/non-incremental/QF_LRA/meti-tarski/atan/problem/2/weak2/atan-problem-2-weak2-chunk-0036.smt2,3.2715,0,14,成功
/pub/data/jiafq/iscas/Parser_Comparison/../benchmarks/part53/non-incremental/QF_LRA/meti-tarski/atan/problem/2/weak2/atan-problem-2-weak2-chunk-0037.smt2,1.85377,0,14,成功
/pub/data/jiafq/iscas/Parser_Comparison/../benchmarks/part53/non-incremental/QF_LRA/meti-tarski/atan/problem/2/weak2/atan-problem-2-weak2-chunk-0038.smt2,2.0743,0,14,成功
/pub/data/jiafq/iscas/Parser_Comparison/../benchmarks/part53/non-incremental/QF_LRA/meti-tarski/atan/problem/2/weak2/atan-problem-2-weak2-chunk-0039.smt2,1.65325,0,14,成功
/pub/data/jiafq/iscas/Parser_Comparison/../benchmarks/part53/non-incremental/QF_LRA/meti-tarski/atan/problem/2/weak2/atan-problem-2-weak2-chunk-0051.smt2,1.73555,0,13,成功
/pub/data/jiafq/iscas/Parser_Comparison/../benchmarks/part53/non-incremental/QF_LRA/meti-tarski/atan/problem/2/weak2/atan-problem-2-weak2-chunk-0052.smt2,1.8478,0,16,成功
/pub/data/jiafq/iscas/Parser_Comparison/../benchmarks/part53/non-incremental/QF_LRA/meti-tarski/atan/problem/2/weak2/atan-problem-2-weak2-chunk-0054.smt2,1.70797,0,13,成功
/pub/data/jiafq/iscas/Parser_Comparison/../benchmarks/part53/non-incremental/QF_LRA/meti-tarski/atan/problem/2/weak2/atan-problem-2-weak2-chunk-0059.smt2,1.65937,0,18,成功
/pub/data/jiafq/iscas/Parser_Comparison/../benchmarks/part53/non-incremental/QF_LRA/meti-tarski/atan/problem/2/weak2/atan-problem-2-weak2-chunk-0060.smt2,1.66715,0,16,成功
/pub/data/jiafq/iscas/Parser_Comparison/../benchmarks/part53/non-incremental/QF_LRA/meti-tarski/atan/problem/2/weak2/atan-problem-2-weak2-chunk-0062.smt2,1.64069,0,18,成功
/pub/data/jiafq/iscas/Parser_Comparison/../benchmarks/part53/non-incremental/QF_LRA/meti-tarski/atan/problem/2/weak2/atan-problem-2-weak2-chunk-0076.smt2,1.50314,0,14,成功
/pub/data/jiafq/iscas/Parser_Comparison/../benchmarks/part53/non-incremental/QF_LRA/meti-tarski/atan/problem/2/weak2/atan-problem-2-weak2-chunk-0081.smt2,1.52851,0,14,成功
/pub/data/jiafq/iscas/Parser_Comparison/../benchmarks/part53/non-incremental/QF_LRA/meti-tarski/atan/problem/2/weak2/atan-problem-2-weak2-chunk-0084.smt2,1.49027,0,14,成功
/pub/data/jiafq/iscas/Parser_Comparison/../benchmarks/part53/non-incremental/QF_LRA/meti-tarski/atan/problem/2/weak2/atan-problem-2-weak2-chunk-0104.smt2,1.55571,0,16,成功
/pub/data/jiafq/iscas/Parser_Comparison/../benchmarks/part53/non-incremental/QF_LRA/meti-tarski/atan/problem/2/weak2/atan-problem-2-weak2-chunk-0106.smt2,1.53354,0,16,成功
/pub/data/jiafq/iscas/Parser_Comparison/../benchmarks/part53/non-incremental/QF_LRA/meti-tarski/atan/problem/2/weak2/atan-problem-2-weak2-chunk-0107.smt2,1.58362,0,16,成功
/pub/data/jiafq/iscas/Parser_Comparison/../benchmarks/part53/non-incremental/QF_LRA/meti-tarski/atan/problem/2/weak2/atan-problem-2-weak2-chunk-0109.smt2,1.53698,0,16,成功
/pub/data/jiafq/iscas/Parser_Comparison/../benchmarks/part53/non-incremental/QF_LRA/meti-tarski/atan/problem/2/weak2/atan-problem-2-weak2-chunk-0116.smt2,1.55608,0,16,成功
/pub/data/jiafq/iscas/Parser_Comparison/../benchmarks/part53/non-incremental/QF_LRA/meti-tarski/atan/problem/2/weak2/atan-problem-2-weak2-chunk-0118.smt2,2.55924,0,16,成功
/pub/data/jiafq/iscas/Parser_Comparison/../benchmarks/part53/non-incremental/QF_LRA/meti-tarski/atan/problem/2/weak2/atan-problem-2-weak2-chunk-0119.smt2,1.82908,0,16,成功
/pub/data/jiafq/iscas/Parser_Comparison/../benchmarks/part53/non-incremental/QF_LRA/meti-tarski/atan/problem/2/weak2/atan-problem-2-weak2-chunk-0121.smt2,2.15353,0,16,成功
/pub/data/jiafq/iscas/Parser_Comparison/../benchmarks/part53/non-incremental/QF_LRA/meti-tarski/atan/problem/2/weak2/atan-problem-2-weak2-chunk-0126.smt2,1.98574,0,16,成功
/pub/data/jiafq/iscas/Parser_Comparison/../benchmarks/part53/non-incremental/QF_LRA/meti-tarski/atan/problem/2/weak2/atan-problem-2-weak2-chunk-0127.smt2,1.70804,0,18,成功
/pub/data/jiafq/iscas/Parser_Comparison/../benchmarks/part53/non-incremental/QF_LRA/meti-tarski/atan/problem/2/weak2/atan-problem-2-weak2-chunk-0129.smt2,1.61467,0,19,成功
/pub/data/jiafq/iscas/Parser_Comparison/../benchmarks/part53/non-incremental/QF_LRA/meti-tarski/atan/problem/2/weak2/atan-problem-2-weak2-chunk-0131.smt2,1.62608,0,19,成功
/pub/data/jiafq/iscas/Parser_Comparison/../benchmarks/part53/non-incremental/QF_LRA/meti-tarski/atan/problem/2/weak2/atan-problem-2-weak2-chunk-0132.smt2,1.55436,0,17,成功
/pub/data/jiafq/iscas/Parser_Comparison/../benchmarks/part53/non-incremental/QF_LRA/meti-tarski/bottom-plate-mixer/bottom-plate-mixer-chunk-0005.smt2,1.51912,0,19,成功
/pub/data/jiafq/iscas/Parser_Comparison/../benchmarks/part53/non-incremental/QF_LRA/meti-tarski/bottom-plate-mixer/bottom-plate-mixer-chunk-0006.smt2,3.33449,0,19,成功
/pub/data/jiafq/iscas/Parser_Comparison/../benchmarks/part53/non-incremental/QF_LRA/meti-tarski/bottom-plate-mixer/bottom-plate-mixer-chunk-0008.smt2,2.28746,0,22,成功
/pub/data/jiafq/iscas/Parser_Comparison/../benchmarks/part53/non-incremental/QF_LRA/meti-tarski/bottom-plate-mixer/bottom-plate-mixer-chunk-0010.smt2,2.63435,0,22,成功
/pub/data/jiafq/iscas/Parser_Comparison/../benchmarks/part53/non-incremental/QF_LRA/meti-tarski/bottom-plate-mixer/bottom-plate-mixer-chunk-0011.smt2,1.87091,0,22,成功
/pub/data/jiafq/iscas/Parser_Comparison/../benchmarks/part53/non-incremental/QF_LRA/meti-tarski/bottom-plate-mixer/bottom-plate-mixer-chunk-0012.smt2,1.64566,0,16,成功
/pub/data/jiafq/iscas/Parser_Comparison/../benchmarks/part53/non-incremental/QF_LRA/meti-tarski/bottom-plate-mixer/bottom-plate-mixer-chunk-0013.smt2,1.97171,0,27,成功
/pub/data/jiafq/iscas/Parser_Comparison/../benchmarks/part53/non-incremental/QF_LRA/meti-tarski/bottom-plate-mixer/bottom-plate-mixer-chunk-0014.smt2,1.74476,0,16,成功
/pub/data/jiafq/iscas/Parser_Comparison/../benchmarks/part53/non-incremental/QF_LRA/meti-tarski/bottom-plate-mixer/bottom-plate-mixer-chunk-0015.smt2,2.14155,0,27,成功
/pub/data/jiafq/iscas/Parser_Comparison/../benchmarks/part53/non-incremental/QF_LRA/meti-tarski/bottom-plate-mixer/bottom-plate-mixer-chunk-0016.smt2,1.69457,0,27,成功
/pub/data/jiafq/iscas/Parser_Comparison/../benchmarks/part53/non-incremental/QF_LRA/meti-tarski/bottom-plate-mixer/bottom-plate-mixer-chunk-0017.smt2,1.50526,0,16,成功
/pub/data/jiafq/iscas/Parser_Comparison/../benchmarks/part53/non-incremental/QF_LRA/meti-tarski/bottom-plate-mixer/bottom-plate-mixer-chunk-0018.smt2,1.76801,0,27,成功
/pub/data/jiafq/iscas/Parser_Comparison/../benchmarks/part53/non-incremental/QF_LRA/meti-tarski/bottom-plate-mixer/bottom-plate-mixer-chunk-0019.smt2,1.54587,0,16,成功
/pub/data/jiafq/iscas/Parser_Comparison/../benchmarks/part53/non-incremental/QF_LRA/meti-tarski/bottom-plate-mixer/bottom-plate-mixer-chunk-0020.smt2,1.69247,0,24,成功
/pub/data/jiafq/iscas/Parser_Comparison/../benchmarks/part53/non-incremental/QF_LRA/meti-tarski/bottom-plate-mixer/bottom-plate-mixer-chunk-0022.smt2,1.62982,0,21,成功
/pub/data/jiafq/iscas/Parser_Comparison/../benchmarks/part53/non-incremental/QF_LRA/meti-tarski/bottom-plate-mixer/bottom-plate-mixer-chunk-0023.smt2,4.67102,0,49,成功
/pub/data/jiafq/iscas/Parser_Comparison/../benchmarks/part53/non-incremental/QF_LRA/meti-tarski/bottom-plate-mixer/bottom-plate-mixer-chunk-0024.smt2,3.14691,0,29,成功
/pub/data/jiafq/iscas/Parser_Comparison/../benchmarks/part53/non-incremental/QF_LRA/meti-tarski/bottom-plate-mixer/bottom-plate-mixer-chunk-0025.smt2,2.7314,0,26,成功
/pub/data/jiafq/iscas/Parser_Comparison/../benchmarks/part53/non-incremental/QF_LRA/meti-tarski/bottom-plate-mixer/bottom-plate-mixer-chunk-0034.smt2,3.17641,0,19,成功
/pub/data/jiafq/iscas/Parser_Comparison/../benchmarks/part53/non-incremental/QF_LRA/meti-tarski/bottom-plate-mixer/bottom-plate-mixer-chunk-0035.smt2,3.23707,0,19,成功
/pub/data/jiafq/iscas/Parser_Comparison/../benchmarks/part53/non-incremental/QF_LRA/meti-tarski/bottom-plate-mixer/bottom-plate-mixer-chunk-0051.smt2,2.64171,0,27,成功
/pub/data/jiafq/iscas/Parser_Comparison/../benchmarks/part53/non-incremental/QF_LRA/meti-tarski/bottom-plate-mixer/bottom-plate-mixer-chunk-0053.smt2,2.45373,0,27,成功
/pub/data/jiafq/iscas/Parser_Comparison/../benchmarks/part53/non-incremental/QF_LRA/meti-tarski/cbrt/3/cbrt-problem-3-chunk-0006.smt2,1.70778,0,15,成功
/pub/data/jiafq/iscas/Parser_Comparison/../benchmarks/part53/non-incremental/QF_LRA/meti-tarski/cbrt/3/cbrt-problem-3-chunk-0035.smt2,1.81543,0,17,成功
/pub/data/jiafq/iscas/Parser_Comparison/../benchmarks/part53/non-incremental/QF_LRA/meti-tarski/cbrt/3/cbrt-problem-3-chunk-0036.smt2,1.70545,0,17,成功
/pub/data/jiafq/iscas/Parser_Comparison/../benchmarks/part53/non-incremental/QF_LRA/meti-tarski/cbrt/3/cbrt-problem-3-chunk-0037.smt2,1.90757,0,25,成功
/pub/data/jiafq/iscas/Parser_Comparison/../benchmarks/part53/non-incremental/QF_LRA/meti-tarski/cbrt/3/cbrt-problem-3-chunk-0038.smt2,2.27354,0,19,成功
/pub/data/jiafq/iscas/Parser_Comparison/../benchmarks/part53/non-incremental/QF_LRA/meti-tarski/cbrt/3/cbrt-problem-3-chunk-0039.smt2,2.01191,0,25,成功
/pub/data/jiafq/iscas/Parser_Comparison/../benchmarks/part53/non-incremental/QF_LRA/meti-tarski/cbrt/3/cbrt-problem-3-chunk-0040.smt2,2.38027,0,25,成功
/pub/data/jiafq/iscas/Parser_Comparison/../benchmarks/part53/non-incremental/QF_LRA/meti-tarski/cbrt/3/cbrt-problem-3-chunk-0041.smt2,1.7193,0,19,成功
/pub/data/jiafq/iscas/Parser_Comparison/../benchmarks/part53/non-incremental/QF_LRA/meti-tarski/cbrt/3/cbrt-problem-3-chunk-0042.smt2,2.52072,0,25,成功
/pub/data/jiafq/iscas/Parser_Comparison/../benchmarks/part53/non-incremental/QF_LRA/meti-tarski/cbrt/3/cbrt-problem-3-chunk-0043.smt2,2.17892,0,19,成功
/pub/data/jiafq/iscas/Parser_Comparison/../benchmarks/part53/non-incremental/QF_LRA/meti-tarski/cbrt/3/cbrt-problem-3-chunk-0044.smt2,2.18672,0,19,成功
/pub/data/jiafq/iscas/Parser_Comparison/../benchmarks/part53/non-incremental/QF_LRA/meti-tarski/cbrt/3/cbrt-problem-3-chunk-0045.smt2,2.2182,0,19,成功
/pub/data/jiafq/iscas/Parser_Comparison/../benchmarks/part53/non-incremental/QF_LRA/meti-tarski/cbrt/3/cbrt-problem-3-chunk-0046.smt2,2.01918,0,21,成功
/pub/data/jiafq/iscas/Parser_Comparison/../benchmarks/part53/non-incremental/QF_LRA/meti-tarski/cbrt/3/cbrt-problem-3-chunk-0047.smt2,1.73707,0,21,成功
/pub/data/jiafq/iscas/Parser_Comparison/../benchmarks/part53/non-incremental/QF_LRA/meti-tarski/cbrt/3/cbrt-problem-3-chunk-0048.smt2,1.68178,0,21,成功
/pub/data/jiafq/iscas/Parser_Comparison/../benchmarks/part53/non-incremental/QF_LRA/meti-tarski/cbrt/3/cbrt-problem-3-chunk-0057.smt2,1.65818,0,19,成功
/pub/data/jiafq/iscas/Parser_Comparison/../benchmarks/part53/non-incremental/QF_LRA/meti-tarski/cbrt/3/cbrt-problem-3-chunk-0058.smt2,1.72779,0,21,成功
/pub/data/jiafq/iscas/Parser_Comparison/../benchmarks/part53/non-incremental/QF_LRA/meti-tarski/cbrt/3/cbrt-problem-3-chunk-0059.smt2,1.7091,0,21,成功
/pub/data/jiafq/iscas/Parser_Comparison/../benchmarks/part53/non-incremental/QF_LRA/meti-tarski/cbrt/3/cbrt-problem-3-chunk-0060.smt2,1.69873,0,21,成功
/pub/data/jiafq/iscas/Parser_Comparison/../benchmarks/part53/non-incremental/QF_LRA/meti-tarski/cbrt/3/cbrt-problem-3-chunk-0071.smt2,1.65172,0,19,成功
/pub/data/jiafq/iscas/Parser_Comparison/../benchmarks/part53/non-incremental/QF_LRA/meti-tarski/cbrt/3/cbrt-problem-3-chunk-0072.smt2,1.71056,0,21,成功
/pub/data/jiafq/iscas/Parser_Comparison/../benchmarks/part53/non-incremental/QF_LRA/meti-tarski/cbrt/3/cbrt-problem-3-chunk-0073.smt2,1.7314,0,21,成功
/pub/data/jiafq/iscas/Parser_Comparison/../benchmarks/part53/non-incremental/QF_LRA/meti-tarski/cbrt/3/cbrt-problem-3-chunk-0074.smt2,1.71706,0,21,成功
/pub/data/jiafq/iscas/Parser_Comparison/../benchmarks/part53/non-incremental/QF_LRA/meti-tarski/cbrt/3/weak/cbrt-problem-3-weak-chunk-0012.smt2,1.87911,0,24,成功
/pub/data/jiafq/iscas/Parser_Comparison/../benchmarks/part53/non-incremental/QF_LRA/meti-tarski/cbrt/3/weak/cbrt-problem-3-weak-chunk-0043.smt2,1.88406,0,25,成功
/pub/data/jiafq/iscas/Parser_Comparison/../benchmarks/part53/non-incremental/QF_LRA/meti-tarski/cbrt/3/weak/cbrt-problem-3-weak-chunk-0044.smt2,1.91168,0,25,成功
/pub/data/jiafq/iscas/Parser_Comparison/../benchmarks/part53/non-incremental/QF_LRA/meti-tarski/cbrt/3/weak/cbrt-problem-3-weak-chunk-0045.smt2,2.08674,0,33,成功
/pub/data/jiafq/iscas/Parser_Comparison/../benchmarks/part53/non-incremental/QF_LRA/meti-tarski/cbrt/3/weak/cbrt-problem-3-weak-chunk-0046.smt2,4.2611,0,28,成功
/pub/data/jiafq/iscas/Parser_Comparison/../benchmarks/part53/non-incremental/QF_LRA/meti-tarski/cbrt/3/weak/cbrt-problem-3-weak-chunk-0047.smt2,2.74408,0,33,成功
/pub/data/jiafq/iscas/Parser_Comparison/../benchmarks/part53/non-incremental/QF_LRA/meti-tarski/cbrt/3/weak/cbrt-problem-3-weak-chunk-0048.smt2,2.22971,0,33,成功
/pub/data/jiafq/iscas/Parser_Comparison/../benchmarks/part53/non-incremental/QF_LRA/meti-tarski/cbrt/3/weak/cbrt-problem-3-weak-chunk-0049.smt2,2.02053,0,28,成功
/pub/data/jiafq/iscas/Parser_Comparison/../benchmarks/part53/non-incremental/QF_LRA/meti-tarski/cbrt/3/weak/cbrt-problem-3-weak-chunk-0050.smt2,2.20329,0,33,成功
/pub/data/jiafq/iscas/Parser_Comparison/../benchmarks/part53/non-incremental/QF_LRA/meti-tarski/cbrt/3/weak/cbrt-problem-3-weak-chunk-0051.smt2,1.93572,0,28,成功
/pub/data/jiafq/iscas/Parser_Comparison/../benchmarks/part53/non-incremental/QF_LRA/meti-tarski/cbrt/3/weak/cbrt-problem-3-weak-chunk-0052.smt2,1.94764,0,28,成功
/pub/data/jiafq/iscas/Parser_Comparison/../benchmarks/part53/non-incremental/QF_LRA/meti-tarski/cbrt/3/weak/cbrt-problem-3-weak-chunk-0053.smt2,1.93522,0,28,成功
/pub/data/jiafq/iscas/Parser_Comparison/../benchmarks/part53/non-incremental/QF_LRA/meti-tarski/cbrt/3/weak/cbrt-problem-3-weak-chunk-0054.smt2,2.0157,0,29,成功
/pub/data/jiafq/iscas/Parser_Comparison/../benchmarks/part53/non-incremental/QF_LRA/meti-tarski/cbrt/3/weak/cbrt-problem-3-weak-chunk-0055.smt2,2.01078,0,29,成功
/pub/data/jiafq/iscas/Parser_Comparison/../benchmarks/part53/non-incremental/QF_LRA/meti-tarski/cbrt/3/weak/cbrt-problem-3-weak-chunk-0056.smt2,1.99082,0,29,成功
/pub/data/jiafq/iscas/Parser_Comparison/../benchmarks/part53/non-incremental/QF_LRA/meti-tarski/cbrt/3/weak/cbrt-problem-3-weak-chunk-0065.smt2,1.98707,0,28,成功
/pub/data/jiafq/iscas/Parser_Comparison/../benchmarks/part53/non-incremental/QF_LRA/meti-tarski/cbrt/3/weak/cbrt-problem-3-weak-chunk-0066.smt2,2.00716,0,29,成功
/pub/data/jiafq/iscas/Parser_Comparison/../benchmarks/part53/non-incremental/QF_LRA/meti-tarski/cbrt/3/weak/cbrt-problem-3-weak-chunk-0067.smt2,1.97822,0,29,成功
/pub/data/jiafq/iscas/Parser_Comparison/../benchmarks/part53/non-incremental/QF_LRA/meti-tarski/cbrt/3/weak/cbrt-problem-3-weak-chunk-0068.smt2,1.98279,0,29,成功
/pub/data/jiafq/iscas/Parser_Comparison/../benchmarks/part53/non-incremental/QF_LRA/meti-tarski/cbrt/3/weak/cbrt-problem-3-weak-chunk-0080.smt2,1.95307,0,28,成功
/pub/data/jiafq/iscas/Parser_Comparison/../benchmarks/part53/non-incremental/QF_LRA/meti-tarski/cbrt/3/weak/cbrt-problem-3-weak-chunk-0081.smt2,1.98603,0,29,成功
/pub/data/jiafq/iscas/Parser_Comparison/../benchmarks/part53/non-incremental/QF_LRA/meti-tarski/cbrt/3/weak/cbrt-problem-3-weak-chunk-0082.smt2,1.97688,0,29,成功
/pub/data/jiafq/iscas/Parser_Comparison/../benchmarks/part53/non-incremental/QF_LRA/meti-tarski/cbrt/3/weak/cbrt-problem-3-weak-chunk-0083.smt2,1.98518,0,29,成功
/pub/data/jiafq/iscas/Parser_Comparison/../benchmarks/part53/non-incremental/QF_LRA/meti-tarski/cbrt/3/weak/cbrt-problem-3-weak-chunk-0097.smt2,1.98385,0,28,成功
/pub/data/jiafq/iscas/Parser_Comparison/../benchmarks/part53/non-incremental/QF_LRA/meti-tarski/cbrt/3/weak/cbrt-problem-3-weak-chunk-0098.smt2,2.81495,0,28,成功
/pub/data/jiafq/iscas/Parser_Comparison/../benchmarks/part53/non-incremental/QF_LRA/meti-tarski/cbrt/3/weak/cbrt-problem-3-weak-chunk-0099.smt2,2.31428,0,28,成功
/pub/data/jiafq/iscas/Parser_Comparison/../benchmarks/part53/non-incremental/QF_LRA/meti-tarski/cbrt/3/weak/cbrt-problem-3-weak-chunk-0100.smt2,2.90351,0,28,成功
/pub/data/jiafq/iscas/Parser_Comparison/../benchmarks/part53/non-incremental/QF_LRA/meti-tarski/log/fun-ineq/log-fun-ineq-g-chunk-0010.smt2,1.54172,0,13,成功
/pub/data/jiafq/iscas/Parser_Comparison/../benchmarks/part53/non-incremental/QF_LRA/meti-tarski/log/fun-ineq/log-fun-ineq-g-chunk-0038.smt2,1.49598,0,13,成功
/pub/data/jiafq/iscas/Parser_Comparison/../benchmarks/part53/non-incremental/QF_LRA/meti-tarski/polypaver/bench-exp-3d/polypaver-bench-exp-3d-chunk-0017.smt2,1.63761,0,22,成功
/pub/data/jiafq/iscas/Parser_Comparison/../benchmarks/part53/non-incremental/QF_LRA/meti-tarski/polypaver/bench-exp-3d/polypaver-bench-exp-3d-chunk-0018.smt2,1.36447,0,8,成功
/pub/data/jiafq/iscas/Parser_Comparison/../benchmarks/part53/non-incremental/QF_LRA/meti-tarski/polypaver/bench-exp-3d/polypaver-bench-exp-3d-chunk-0019.smt2,1.62537,0,22,成功
/pub/data/jiafq/iscas/Parser_Comparison/../benchmarks/part53/non-incremental/QF_LRA/meti-tarski/polypaver/bench-exp-3d/polypaver-bench-exp-3d-chunk-0020.smt2,1.37767,0,8,成功
/pub/data/jiafq/iscas/Parser_Comparison/../benchmarks/part53/non-incremental/QF_LRA/meti-tarski/polypaver/bench-exp-3d/polypaver-bench-exp-3d-chunk-0021.smt2,1.65759,0,22,成功
/pub/data/jiafq/iscas/Parser_Comparison/../benchmarks/part53/non-incremental/QF_LRA/meti-tarski/polypaver/bench-exp-3d/polypaver-bench-exp-3d-chunk-0022.smt2,1.62793,0,22,成功
/pub/data/jiafq/iscas/Parser_Comparison/../benchmarks/part53/non-incremental/QF_LRA/meti-tarski/polypaver/bench-exp-3d/polypaver-bench-exp-3d-chunk-0026.smt2,2.94684,0,10,成功
/pub/data/jiafq/iscas/Parser_Comparison/../benchmarks/part53/non-incremental/QF_LRA/meti-tarski/polypaver/bench-exp-3d/polypaver-bench-exp-3d-chunk-0027.smt2,2.18517,0,24,成功
/pub/data/jiafq/iscas/Parser_Comparison/../benchmarks/part53/non-incremental/QF_LRA/meti-tarski/polypaver/bench-exp-3d/polypaver-bench-exp-3d-chunk-0031.smt2,1.83854,0,12,成功
/pub/data/jiafq/iscas/Parser_Comparison/../benchmarks/part53/non-incremental/QF_LRA/meti-tarski/polypaver/bench-exp-3d/polypaver-bench-exp-3d-chunk-0032.smt2,1.93326,0,30,成功
/pub/data/jiafq/iscas/Parser_Comparison/../benchmarks/part53/non-incremental/QF_LRA/meti-tarski/polypaver/bench-exp-3d/polypaver-bench-exp-3d-chunk-0033.smt2,1.81414,0,30,成功
/pub/data/jiafq/iscas/Parser_Comparison/../benchmarks/part53/non-incremental/QF_LRA/meti-tarski/polypaver/bench-exp-3d/polypaver-bench-exp-3d-chunk-0034.smt2,1.70507,0,26,成功
/pub/data/jiafq/iscas/Parser_Comparison/../benchmarks/part53/non-incremental/QF_LRA/meti-tarski/polypaver/bench-exp-3d/polypaver-bench-exp-3d-chunk-0035.smt2,1.57092,0,17,成功
/pub/data/jiafq/iscas/Parser_Comparison/../benchmarks/part53/non-incremental/QF_LRA/meti-tarski/polypaver/bench-exp-3d/polypaver-bench-exp-3d-chunk-0036.smt2,1.90303,0,31,成功
/pub/data/jiafq/iscas/Parser_Comparison/../benchmarks/part53/non-incremental/QF_LRA/meti-tarski/polypaver/bench-exp-3d/polypaver-bench-exp-3d-chunk-0037.smt2,1.81214,0,31,成功
/pub/data/jiafq/iscas/Parser_Comparison/../benchmarks/part53/non-incremental/QF_LRA/meti-tarski/polypaver/bench-exp-3d/polypaver-bench-exp-3d-chunk-0038.smt2,1.56822,0,17,成功
/pub/data/jiafq/iscas/Parser_Comparison/../benchmarks/part53/non-incremental/QF_LRA/meti-tarski/polypaver/bench-exp-3d/polypaver-bench-exp-3d-chunk-0039.smt2,4.01943,0,31,成功
/pub/data/jiafq/iscas/Parser_Comparison/../benchmarks/part53/non-incremental/QF_LRA/meti-tarski/polypaver/bench-exp-3d/polypaver-bench-exp-3d-chunk-0040.smt2,3.46804,0,31,成功
/pub/data/jiafq/iscas/Parser_Comparison/../benchmarks/part53/non-incremental/QF_LRA/meti-tarski/polypaver/bench-exp-3d/polypaver-bench-exp-3d-chunk-0041.smt2,2.80784,0,26,成功
/pub/data/jiafq/iscas/Parser_Comparison/../benchmarks/part53/non-incremental/QF_LRA/meti-tarski/polypaver/bench-exp-3d/polypaver-bench-exp-3d-chunk-0042.smt2,1.66549,0,12,成功
/pub/data/jiafq/iscas/Parser_Comparison/../benchmarks/part53/non-incremental/QF_LRA/meti-tarski/polypaver/bench-exp-3d/polypaver-bench-exp-3d-chunk-0043.smt2,2.80773,0,34,成功
/pub/data/jiafq/iscas/Parser_Comparison/../benchmarks/part53/non-incremental/QF_LRA/meti-tarski/polypaver/bench-exp-3d/polypaver-bench-exp-3d-chunk-0044.smt2,2.79741,0,34,成功
/pub/data/jiafq/iscas/Parser_Comparison/../benchmarks/part53/non-incremental/QF_LRA/meti-tarski/polypaver/bench-exp-3d/polypaver-bench-exp-3d-chunk-0045.smt2,1.67719,0,10,成功
/pub/data/jiafq/iscas/Parser_Comparison/../benchmarks/part53/non-incremental/QF_LRA/meti-tarski/polypaver/bench-exp-3d/polypaver-bench-exp-3d-chunk-0046.smt2,2.93118,0,31,成功
/pub/data/jiafq/iscas/Parser_Comparison/../benchmarks/part53/non-incremental/QF_LRA/meti-tarski/polypaver/bench-exp-3d/polypaver-bench-exp-3d-chunk-0047.smt2,2.04797,0,26,成功
/pub/data/jiafq/iscas/Parser_Comparison/../benchmarks/part53/non-incremental/QF_LRA/meti-tarski/polypaver/bench-exp-3d/polypaver-bench-exp-3d-chunk-0048.smt2,2.25234,0,24,成功
/pub/data/jiafq/iscas/Parser_Comparison/../benchmarks/part53/non-incremental/QF_LRA/meti-tarski/polypaver/bench-exp-3d/polypaver-bench-exp-3d-chunk-0050.smt2,2.9756,0,24,成功
/pub/data/jiafq/iscas/Parser_Comparison/../benchmarks/part53/non-incremental/QF_LRA/meti-tarski/polypaver/bench-exp-3d/polypaver-bench-exp-3d-chunk-0051.smt2,2.41174,0,26,成功
/pub/data/jiafq/iscas/Parser_Comparison/../benchmarks/part53/non-incremental/QF_LRA/meti-tarski/polypaver/bench-exp-3d/polypaver-bench-exp-3d-chunk-0052.smt2,2.23559,0,27,成功
/pub/data/jiafq/iscas/Parser_Comparison/../benchmarks/part53/non-incremental/QF_LRA/meti-tarski/polypaver/bench-exp-3d/polypaver-bench-exp-3d-chunk-0054.smt2,2.65632,0,27,成功
/pub/data/jiafq/iscas/Parser_Comparison/../benchmarks/part53/non-incremental/QF_LRA/meti-tarski/polypaver/bench-exp-3d/polypaver-bench-exp-3d-chunk-0056.smt2,1.71916,0,10,成功
/pub/data/jiafq/iscas/Parser_Comparison/../benchmarks/part53/non-incremental/QF_LRA/meti-tarski/polypaver/bench-exp-3d/polypaver-bench-exp-3d-chunk-0057.smt2,2.54367,0,27,成功
/pub/data/jiafq/iscas/Parser_Comparison/../benchmarks/part53/non-incremental/QF_LRA/meti-tarski/polypaver/bench-exp-3d/polypaver-bench-exp-3d-chunk-0058.smt2,2.32504,0,29,成功
/pub/data/jiafq/iscas/Parser_Comparison/../benchmarks/part53/non-incremental/QF_LRA/meti-tarski/polypaver/bench-exp-3d/polypaver-bench-exp-3d-chunk-0059.smt2,2.39752,0,30,成功
/pub/data/jiafq/iscas/Parser_Comparison/../benchmarks/part53/non-incremental/QF_LRA/meti-tarski/polypaver/bench-exp-3d/polypaver-bench-exp-3d-chunk-0060.smt2,2.42328,0,10,成功
/pub/data/jiafq/iscas/Parser_Comparison/../benchmarks/part53/non-incremental/QF_LRA/meti-tarski/polypaver/bench-exp-3d/polypaver-bench-exp-3d-chunk-0061.smt2,2.35507,0,36,成功
/pub/data/jiafq/iscas/Parser_Comparison/../benchmarks/part53/non-incremental/QF_LRA/meti-tarski/polypaver/bench-exp-3d/polypaver-bench-exp-3d-chunk-0071.smt2,2.44129,0,29,成功
/pub/data/jiafq/iscas/Parser_Comparison/../benchmarks/part53/non-incremental/QF_LRA/meti-tarski/polypaver/bench-exp-3d/polypaver-bench-exp-3d-chunk-0088.smt2,2.87167,0,31,成功
/pub/data/jiafq/iscas/Parser_Comparison/../benchmarks/part53/non-incremental/QF_LRA/meti-tarski/polypaver/bench-exp-3d/polypaver-bench-exp-3d-chunk-0089.smt2,1.70995,0,10,成功
/pub/data/jiafq/iscas/Parser_Comparison/../benchmarks/part53/non-incremental/QF_LRA/meti-tarski/polypaver/bench-exp-3d/polypaver-bench-exp-3d-chunk-0090.smt2,2.93896,0,36,成功
/pub/data/jiafq/iscas/Parser_Comparison/../benchmarks/part53/non-incremental/QF_LRA/meti-tarski/polypaver/bench-exp-3d/polypaver-bench-exp-3d-chunk-0095.smt2,2.99173,0,34,成功
/pub/data/jiafq/iscas/Parser_Comparison/../benchmarks/part53/non-incremental/QF_LRA/meti-tarski/polypaver/bench-exp-3d/polypaver-bench-exp-3d-chunk-0096.smt2,2.35567,0,31,成功
/pub/data/jiafq/iscas/Parser_Comparison/../benchmarks/part53/non-incremental/QF_LRA/meti-tarski/polypaver/bench-exp-3d/polypaver-bench-exp-3d-chunk-0097.smt2,2.41481,0,34,成功
/pub/data/jiafq/iscas/Parser_Comparison/../benchmarks/part53/non-incremental/QF_LRA/meti-tarski/polypaver/bench-exp-3d/polypaver-bench-exp-3d-chunk-0098.smt2,2.31928,0,12,成功
/pub/data/jiafq/iscas/Parser_Comparison/../benchmarks/part53/non-incremental/QF_LRA/meti-tarski/polypaver/bench-exp-3d/polypaver-bench-exp-3d-chunk-0099.smt2,2.39701,0,37,成功
/pub/data/jiafq/iscas/Parser_Comparison/../benchmarks/part53/non-incremental/QF_LRA/meti-tarski/polypaver/bench-exp-3d/polypaver-bench-exp-3d-chunk-0102.smt2,2.82054,0,37,成功
/pub/data/jiafq/iscas/Parser_Comparison/../benchmarks/part53/non-incremental/QF_LRA/meti-tarski/polypaver/bench-exp-3d/polypaver-bench-exp-3d-chunk-0103.smt2,2.75814,0,29,成功
/pub/data/jiafq/iscas/Parser_Comparison/../benchmarks/part53/non-incremental/QF_LRA/meti-tarski/polypaver/bench-exp-3d/polypaver-bench-exp-3d-chunk-0114.smt2,2.14104,0,28,成功
/pub/data/jiafq/iscas/Parser_Comparison/../benchmarks/part53/non-incremental/QF_LRA/meti-tarski/polypaver/bench-exp-3d/polypaver-bench-exp-3d-chunk-0115.smt2,2.60105,0,29,成功
/pub/data/jiafq/iscas/Parser_Comparison/../benchmarks/part53/non-incremental/QF_LRA/meti-tarski/polypaver/bench-exp-3d/polypaver-bench-exp-3d-chunk-0117.smt2,3.18327,0,29,成功
/pub/data/jiafq/iscas/Parser_Comparison/../benchmarks/part53/non-incremental/QF_LRA/meti-tarski/polypaver/bench-exp-3d/polypaver-bench-exp-3d-chunk-0144.smt2,2.3981,0,28,成功
/pub/data/jiafq/iscas/Parser_Comparison/../benchmarks/part53/non-incremental/QF_LRA/meti-tarski/polypaver/bench-exp-3d/polypaver-bench-exp-3d-chunk-0145.smt2,3.7259,0,29,成功
/pub/data/jiafq/iscas/Parser_Comparison/../benchmarks/part53/non-incremental/QF_LRA/meti-tarski/polypaver/bench-exp-3d/polypaver-bench-exp-3d-chunk-0147.smt2,3.63378,0,29,成功
/pub/data/jiafq/iscas/Parser_Comparison/../benchmarks/part53/non-incremental/QF_LRA/meti-tarski/sin/344/3/sin-344-3-chunk-0012.smt2,3.64081,0,24,成功
/pub/data/jiafq/iscas/Parser_Comparison/../benchmarks/part53/non-incremental/QF_LRA/meti-tarski/sin/344/3/sin-344-3-chunk-0013.smt2,3.63796,0,24,成功
/pub/data/jiafq/iscas/Parser_Comparison/../benchmarks/part53/non-incremental/QF_LRA/meti-tarski/sin/344/3/sin-344-3-chunk-0016.smt2,3.59132,0,24,成功
/pub/data/jiafq/iscas/Parser_Comparison/../benchmarks/part53/non-incremental/QF_LRA/meti-tarski/sin/344/3/sin-344-3-weak-chunk-0012.smt2,3.92534,0,25,成功
/pub/data/jiafq/iscas/Parser_Comparison/../benchmarks/part53/non-incremental/QF_LRA/meti-tarski/sin/344/3/sin-344-3-weak-chunk-0013.smt2,3.92436,0,25,成功
/pub/data/jiafq/iscas/Parser_Comparison/../benchmarks/part53/non-incremental/QF_LRA/meti-tarski/sin/344/3/sin-344-3-weak-chunk-0016.smt2,3.83916,0,25,成功
/pub/data/jiafq/iscas/Parser_Comparison/../benchmarks/part53/non-incremental/QF_LRA/meti-tarski/sin/344/3/sin-344-3-weak-chunk-0029.smt2,3.85126,0,25,成功
/pub/data/jiafq/iscas/Parser_Comparison/../benchmarks/part53/non-incremental/QF_LRA/meti-tarski/sin/344/4/sin-344-4-chunk-0016.smt2,4.1272,0,31,成功
/pub/data/jiafq/iscas/Parser_Comparison/../benchmarks/part53/non-incremental/QF_LRA/meti-tarski/sin/344/4/sin-344-4-chunk-0017.smt2,4.08065,0,31,成功
/pub/data/jiafq/iscas/Parser_Comparison/../benchmarks/part53/non-incremental/QF_LRA/meti-tarski/sin/344/4/sin-344-4-chunk-0020.smt2,4.11703,0,31,成功
/pub/data/jiafq/iscas/Parser_Comparison/../benchmarks/part53/non-incremental/QF_LRA/meti-tarski/sin/cos/sin-cos-346-b-chunk-0008.smt2,3.23393,0,26,成功
/pub/data/jiafq/iscas/Parser_Comparison/../benchmarks/part53/non-incremental/QF_LRA/meti-tarski/sin/cos/sin-cos-346-b-chunk-0009.smt2,3.1908,0,26,成功
/pub/data/jiafq/iscas/Parser_Comparison/../benchmarks/part53/non-incremental/QF_LRA/meti-tarski/sin/cos/sin-cos-346-b-chunk-0137.smt2,3.41547,0,26,成功
/pub/data/jiafq/iscas/Parser_Comparison/../benchmarks/part53/non-incremental/QF_LRA/meti-tarski/sin/problem/7/sin-problem-7-chunk-0004.smt2,2.3578,0,13,成功
/pub/data/jiafq/iscas/Parser_Comparison/../benchmarks/part53/non-incremental/QF_LRA/meti-tarski/sin/problem/7/sin-problem-7-chunk-0005.smt2,2.26521,0,10,成功
/pub/data/jiafq/iscas/Parser_Comparison/../benchmarks/part53/non-incremental/QF_LRA/meti-tarski/sin/problem/7/sin-problem-7-chunk-0006.smt2,2.69318,0,13,成功
/pub/data/jiafq/iscas/Parser_Comparison/../benchmarks/part53/non-incremental/QF_LRA/meti-tarski/sin/problem/7/sin-problem-7-chunk-0008.smt2,2.75833,0,18,成功
/pub/data/jiafq/iscas/Parser_Comparison/../benchmarks/part53/non-incremental/QF_LRA/meti-tarski/sin/problem/7/sin-problem-7-chunk-0009.smt2,2.66746,0,18,成功
/pub/data/jiafq/iscas/Parser_Comparison/../benchmarks/part53/non-incremental/QF_LRA/meti-tarski/sin/problem/7/sin-problem-7-chunk-0011.smt2,2.93766,0,23,成功
/pub/data/jiafq/iscas/Parser_Comparison/../benchmarks/part53/non-incremental/QF_LRA/meti-tarski/sin/problem/7/sin-problem-7-chunk-0012.smt2,2.93061,0,23,成功
/pub/data/jiafq/iscas/Parser_Comparison/../benchmarks/part53/non-incremental/QF_LRA/meti-tarski/sin/problem/7/sin-problem-7-chunk-0013.smt2,3.1173,0,25,成功
/pub/data/jiafq/iscas/Parser_Comparison/../benchmarks/part53/non-incremental/QF_LRA/meti-tarski/sin/problem/7/sin-problem-7-chunk-0014.smt2,3.31539,0,25,成功
/pub/data/jiafq/iscas/Parser_Comparison/../benchmarks/part53/non-incremental/QF_LRA/meti-tarski/sin/problem/7/sin-problem-7-chunk-0016.smt2,3.47873,0,25,成功
/pub/data/jiafq/iscas/Parser_Comparison/../benchmarks/part53/non-incremental/QF_LRA/meti-tarski/sin/problem/7/sin-problem-7-chunk-0019.smt2,3.41274,0,25,成功
/pub/data/jiafq/iscas/Parser_Comparison/../benchmarks/part53/non-incremental/QF_LRA/meti-tarski/sin/problem/7/sin-problem-7-chunk-0024.smt2,2.75566,0,25,成功
/pub/data/jiafq/iscas/Parser_Comparison/../benchmarks/part53/non-incremental/QF_LRA/meti-tarski/sin/problem/7/sin-problem-7-chunk-0026.smt2,1.81837,0,25,成功
/pub/data/jiafq/iscas/Parser_Comparison/../benchmarks/part53/non-incremental/QF_LRA/meti-tarski/sin/problem/7/sin-problem-7-chunk-0030.smt2,1.67955,0,25,成功
/pub/data/jiafq/iscas/Parser_Comparison/../benchmarks/part53/non-incremental/QF_LRA/meti-tarski/sin/problem/7/sin-problem-7-chunk-0032.smt2,1.74858,0,27,成功
/pub/data/jiafq/iscas/Parser_Comparison/../benchmarks/part53/non-incremental/QF_LRA/meti-tarski/sin/problem/7/sin-problem-7-chunk-0036.smt2,1.69061,0,25,成功
/pub/data/jiafq/iscas/Parser_Comparison/../benchmarks/part53/non-incremental/QF_LRA/meti-tarski/sin/problem/7/sin-problem-7-chunk-0037.smt2,1.71207,0,25,成功
/pub/data/jiafq/iscas/Parser_Comparison/../benchmarks/part53/non-incremental/QF_LRA/meti-tarski/sin/problem/7/sin-problem-7-chunk-0040.smt2,1.77442,0,27,成功
/pub/data/jiafq/iscas/Parser_Comparison/../benchmarks/part53/non-incremental/QF_LRA/meti-tarski/sin/problem/7/sin-problem-7-chunk-0041.smt2,1.7309,0,27,成功
/pub/data/jiafq/iscas/Parser_Comparison/../benchmarks/part53/non-incremental/QF_LRA/meti-tarski/sin/problem/7/sin-problem-7-chunk-0046.smt2,1.7324,0,28,成功
/pub/data/jiafq/iscas/Parser_Comparison/../benchmarks/part53/non-incremental/QF_LRA/meti-tarski/sin/problem/7/sin-problem-7-chunk-0048.smt2,1.84627,0,30,成功
/pub/data/jiafq/iscas/Parser_Comparison/../benchmarks/part53/non-incremental/QF_LRA/meti-tarski/sin/problem/7/sin-problem-7-chunk-0049.smt2,1.74089,0,27,成功
/pub/data/jiafq/iscas/Parser_Comparison/../benchmarks/part53/non-incremental/QF_LRA/meti-tarski/sin/problem/7/sin-problem-7-chunk-0052.smt2,1.74236,0,27,成功
/pub/data/jiafq/iscas/Parser_Comparison/../benchmarks/part53/non-incremental/QF_LRA/meti-tarski/sin/problem/7/sin-problem-7-chunk-0061.smt2,1.72129,0,27,成功
/pub/data/jiafq/iscas/Parser_Comparison/../benchmarks/part53/non-incremental/QF_LRA/meti-tarski/sin/problem/7/sin-problem-7-chunk-0063.smt2,1.75137,0,27,成功
/pub/data/jiafq/iscas/Parser_Comparison/../benchmarks/part53/non-incremental/QF_LRA/meti-tarski/sin/problem/7/sin-problem-7-chunk-0065.smt2,1.80579,0,29,成功
/pub/data/jiafq/iscas/Parser_Comparison/../benchmarks/part53/non-incremental/QF_LRA/meti-tarski/sin/problem/7/sin-problem-7-chunk-0069.smt2,1.81298,0,29,成功
/pub/data/jiafq/iscas/Parser_Comparison/../benchmarks/part53/non-incremental/QF_LRA/meti-tarski/sin/problem/7/sin-problem-7-chunk-0070.smt2,1.7462,0,27,成功
/pub/data/jiafq/iscas/Parser_Comparison/../benchmarks/part53/non-incremental/QF_LRA/meti-tarski/sin/problem/7/sin-problem-7-chunk-0071.smt2,1.84881,0,29,成功
/pub/data/jiafq/iscas/Parser_Comparison/../benchmarks/part53/non-incremental/QF_LRA/meti-tarski/sin/problem/7/weak/sin-problem-7-weak-chunk-0004.smt2,1.48913,0,13,成功
/pub/data/jiafq/iscas/Parser_Comparison/../benchmarks/part53/non-incremental/QF_LRA/meti-tarski/sin/problem/7/weak/sin-problem-7-weak-chunk-0005.smt2,1.46197,0,13,成功
/pub/data/jiafq/iscas/Parser_Comparison/../benchmarks/part53/non-incremental/QF_LRA/meti-tarski/sin/problem/7/weak/sin-problem-7-weak-chunk-0006.smt2,1.55314,0,18,成功
/pub/data/jiafq/iscas/Parser_Comparison/../benchmarks/part53/non-incremental/QF_LRA/meti-tarski/sin/problem/7/weak/sin-problem-7-weak-chunk-0007.smt2,2.16955,0,18,成功
/pub/data/jiafq/iscas/Parser_Comparison/../benchmarks/part53/non-incremental/QF_LRA/meti-tarski/sin/problem/7/weak/sin-problem-7-weak-chunk-0008.smt2,2.37331,0,23,成功
/pub/data/jiafq/iscas/Parser_Comparison/../benchmarks/part53/non-incremental/QF_LRA/meti-tarski/sin/problem/7/weak/sin-problem-7-weak-chunk-0009.smt2,1.73514,0,23,成功
/pub/data/jiafq/iscas/Parser_Comparison/../benchmarks/part53/non-incremental/QF_LRA/meti-tarski/sin/problem/7/weak/sin-problem-7-weak-chunk-0010.smt2,1.74943,0,25,成功
/pub/data/jiafq/iscas/Parser_Comparison/../benchmarks/part53/non-incremental/QF_LRA/meti-tarski/sin/problem/7/weak/sin-problem-7-weak-chunk-0011.smt2,1.79162,0,27,成功
/pub/data/jiafq/iscas/Parser_Comparison/../benchmarks/part53/non-incremental/QF_LRA/meti-tarski/sin/problem/7/weak/sin-problem-7-weak-chunk-0012.smt2,1.67384,0,25,成功
/pub/data/jiafq/iscas/Parser_Comparison/../benchmarks/part53/non-incremental/QF_LRA/meti-tarski/sin/problem/7/weak/sin-problem-7-weak-chunk-0013.smt2,2.48417,0,27,成功
/pub/data/jiafq/iscas/Parser_Comparison/../benchmarks/part53/non-incremental/QF_LRA/meti-tarski/sin/problem/7/weak/sin-problem-7-weak-chunk-0014.smt2,2.25516,0,25,成功
/pub/data/jiafq/iscas/Parser_Comparison/../benchmarks/part53/non-incremental/QF_LRA/meti-tarski/sin/problem/7/weak/sin-problem-7-weak-chunk-0016.smt2,2.52543,0,25,成功
/pub/data/jiafq/iscas/Parser_Comparison/../benchmarks/part53/non-incremental/QF_LRA/meti-tarski/sin/problem/7/weak/sin-problem-7-weak-chunk-0018.smt2,1.81082,0,25,成功
/pub/data/jiafq/iscas/Parser_Comparison/../benchmarks/part53/non-incremental/QF_LRA/meti-tarski/sin/problem/7/weak/sin-problem-7-weak-chunk-0020.smt2,1.73459,0,23,成功
/pub/data/jiafq/iscas/Parser_Comparison/../benchmarks/part53/non-incremental/QF_LRA/meti-tarski/sin/problem/7/weak/sin-problem-7-weak-chunk-0021.smt2,1.75263,0,27,成功
/pub/data/jiafq/iscas/Parser_Comparison/../benchmarks/part53/non-incremental/QF_LRA/meti-tarski/sin/problem/7/weak/sin-problem-7-weak-chunk-0022.smt2,1.70895,0,27,成功
/pub/data/jiafq/iscas/Parser_Comparison/../benchmarks/part53/non-incremental/QF_LRA/meti-tarski/sin/problem/7/weak/sin-problem-7-weak-chunk-0023.smt2,1.74501,0,27,成功
/pub/data/jiafq/iscas/Parser_Comparison/../benchmarks/part53/non-incremental/QF_LRA/meti-tarski/sin/problem/7/weak/sin-problem-7-weak-chunk-0024.smt2,1.78865,0,30,成功
/pub/data/jiafq/iscas/Parser_Comparison/../benchmarks/part53/non-incremental/QF_LRA/meti-tarski/sin/problem/7/weak/sin-problem-7-weak-chunk-0025.smt2,1.70391,0,27,成功
/pub/data/jiafq/iscas/Parser_Comparison/../benchmarks/part53/non-incremental/QF_LRA/meti-tarski/sin/problem/7/weak/sin-problem-7-weak-chunk-0026.smt2,1.7827,0,30,成功
/pub/data/jiafq/iscas/Parser_Comparison/../benchmarks/part53/non-incremental/QF_LRA/meti-tarski/sin/problem/7/weak/sin-problem-7-weak-chunk-0029.smt2,1.72182,0,25,成功
/pub/data/jiafq/iscas/Parser_Comparison/../benchmarks/part53/non-incremental/QF_LRA/meti-tarski/sin/problem/7/weak/sin-problem-7-weak-chunk-0031.smt2,2.47425,0,30,成功
/pub/data/jiafq/iscas/Parser_Comparison/../benchmarks/part53/non-incremental/QF_LRA/meti-tarski/sin/problem/7/weak/sin-problem-7-weak-chunk-0032.smt2,2.65082,0,34,成功
/pub/data/jiafq/iscas/Parser_Comparison/../benchmarks/part53/non-incremental/QF_LRA/meti-tarski/sin/problem/7/weak/sin-problem-7-weak-chunk-0033.smt2,2.78622,0,31,成功
/pub/data/jiafq/iscas/Parser_Comparison/../benchmarks/part53/non-incremental/QF_LRA/meti-tarski/sin/problem/7/weak/sin-problem-7-weak-chunk-0034.smt2,1.85434,0,29,成功
/pub/data/jiafq/iscas/Parser_Comparison/../benchmarks/part53/non-incremental/QF_LRA/meti-tarski/sin/problem/7/weak/sin-problem-7-weak-chunk-0035.smt2,1.86229,0,32,成功
/pub/data/jiafq/iscas/Parser_Comparison/../benchmarks/part53/non-incremental/QF_LRA/meti-tarski/sin/problem/7/weak/sin-problem-7-weak-chunk-0036.smt2,1.7993,0,29,成功
/pub/data/jiafq/iscas/Parser_Comparison/../benchmarks/part53/non-incremental/QF_LRA/meti-tarski/sin/problem/7/weak/sin-problem-7-weak-chunk-0037.smt2,1.8464,0,32,成功
/pub/data/jiafq/iscas/Parser_Comparison/../benchmarks/part53/non-incremental/QF_LRA/meti-tarski/sin/problem/7/weak/sin-problem-7-weak-chunk-0038.smt2,1.84568,0,32,成功
/pub/data/jiafq/iscas/Parser_Comparison/../benchmarks/part53/non-incremental/QF_LRA/meti-tarski/sin/problem/7/weak/sin-problem-7-weak-chunk-0039.smt2,1.80677,0,29,成功
/pub/data/jiafq/iscas/Parser_Comparison/../benchmarks/part53/non-incremental/QF_LRA/meti-tarski/sin/problem/7/weak/sin-problem-7-weak-chunk-0040.smt2,1.82392,0,29,成功
/pub/data/jiafq/iscas/Parser_Comparison/../benchmarks/part53/non-incremental/QF_LRA/meti-tarski/sin/problem/7/weak/sin-problem-7-weak-chunk-0041.smt2,1.65935,0,25,成功
/pub/data/jiafq/iscas/Parser_Comparison/../benchmarks/part53/non-incremental/QF_LRA/meti-tarski/sin/problem/7/weak/sin-problem-7-weak-chunk-0043.smt2,1.85157,0,32,成功
/pub/data/jiafq/iscas/Parser_Comparison/../benchmarks/part53/non-incremental/QF_LRA/meti-tarski/sin/problem/7/weak/sin-problem-7-weak-chunk-0044.smt2,1.8533,0,32,成功
/pub/data/jiafq/iscas/Parser_Comparison/../benchmarks/part53/non-incremental/QF_LRA/meti-tarski/sin/problem/7/weak/sin-problem-7-weak-chunk-0045.smt2,3.79637,0,25,成功
/pub/data/jiafq/iscas/Parser_Comparison/../benchmarks/part53/non-incremental/QF_LRA/meti-tarski/sin/problem/7/weak/sin-problem-7-weak-chunk-0046.smt2,2.61562,0,30,成功
/pub/data/jiafq/iscas/Parser_Comparison/../benchmarks/part53/non-incremental/QF_LRA/meti-tarski/sin/problem/7/weak/sin-problem-7-weak-chunk-0047.smt2,2.09594,0,32,成功
/pub/data/jiafq/iscas/Parser_Comparison/../benchmarks/part53/non-incremental/QF_LRA/meti-tarski/sin/problem/7/weak/sin-problem-7-weak-chunk-0049.smt2,2.19564,0,32,成功
/pub/data/jiafq/iscas/Parser_Comparison/../benchmarks/part53/non-incremental/QF_LRA/meti-tarski/sin/problem/7/weak/sin-problem-7-weak-chunk-0050.smt2,1.97704,0,32,成功
/pub/data/jiafq/iscas/Parser_Comparison/../benchmarks/part53/non-incremental/QF_LRA/meti-tarski/sin/problem/7/weak/sin-problem-7-weak-chunk-0051.smt2,1.9079,0,34,成功
/pub/data/jiafq/iscas/Parser_Comparison/../benchmarks/part53/non-incremental/QF_LRA/meti-tarski/sin/problem/7/weak/sin-problem-7-weak-chunk-0052.smt2,1.8928,0,34,成功
/pub/data/jiafq/iscas/Parser_Comparison/../benchmarks/part53/non-incremental/QF_LRA/meti-tarski/sin/problem/7/weak/sin-problem-7-weak-chunk-0053.smt2,2.02003,0,35,成功
/pub/data/jiafq/iscas/Parser_Comparison/../benchmarks/part53/non-incremental/QF_LRA/meti-tarski/sin/problem/7/weak/sin-problem-7-weak-chunk-0054.smt2,1.89897,0,35,成功
/pub/data/jiafq/iscas/Parser_Comparison/../benchmarks/part53/non-incremental/QF_LRA/meti-tarski/sin/problem/7/weak/sin-problem-7-weak-chunk-0055.smt2,1.86103,0,33,成功
/pub/data/jiafq/iscas/Parser_Comparison/../benchmarks/part53/non-incremental/QF_LRA/meti-tarski/sin/problem/7/weak/sin-problem-7-weak-chunk-0056.smt2,1.8768,0,35,成功
/pub/data/jiafq/iscas/Parser_Comparison/../benchmarks/part53/non-incremental/QF_LRA/meti-tarski/sin/problem/7/weak/sin-problem-7-weak-chunk-0057.smt2,1.88467,0,35,成功
/pub/data/jiafq/iscas/Parser_Comparison/../benchmarks/part53/non-incremental/QF_LRA/meti-tarski/sin/problem/7/weak/sin-problem-7-weak-chunk-0058.smt2,1.86316,0,33,成功
/pub/data/jiafq/iscas/Parser_Comparison/../benchmarks/part53/non-incremental/QF_LRA/meti-tarski/sin/problem/7/weak/sin-problem-7-weak-chunk-0059.smt2,1.96109,0,33,成功
/pub/data/jiafq/iscas/Parser_Comparison/../benchmarks/part53/non-incremental/QF_LRA/meti-tarski/sin/problem/7/weak/sin-problem-7-weak-chunk-0062.smt2,2.01212,0,37,成功
/pub/data/jiafq/iscas/Parser_Comparison/../benchmarks/part53/non-incremental/QF_LRA/meti-tarski/sin/problem/7/weak/sin-problem-7-weak-chunk-0063.smt2,3.16054,0,34,成功
/pub/data/jiafq/iscas/Parser_Comparison/../benchmarks/part53/non-incremental/QF_LRA/meti-tarski/sin/problem/7/weak/sin-problem-7-weak-chunk-0064.smt2,4.08152,0,37,成功
/pub/data/jiafq/iscas/Parser_Comparison/../benchmarks/part53/non-incremental/QF_LRA/meti-tarski/sin/problem/7/weak/sin-problem-7-weak-chunk-0065.smt2,3.79621,0,34,成功
/pub/data/jiafq/iscas/Parser_Comparison/../benchmarks/part53/non-incremental/QF_LRA/meti-tarski/sin/problem/7/weak/sin-problem-7-weak-chunk-0066.smt2,3.89714,0,36,成功
/pub/data/jiafq/iscas/Parser_Comparison/../benchmarks/part53/non-incremental/QF_LRA/meti-tarski/sin/problem/7/weak/sin-problem-7-weak-chunk-0067.smt2,3.66513,0,34,成功
/pub/data/jiafq/iscas/Parser_Comparison/../benchmarks/part53/non-incremental/QF_LRA/meti-tarski/sin/problem/7/weak/sin-problem-7-weak-chunk-0068.smt2,3.76235,0,34,成功
/pub/data/jiafq/iscas/Parser_Comparison/../benchmarks/part53/non-incremental/QF_LRA/meti-tarski/sin/problem/7/weak/sin-problem-7-weak-chunk-0069.smt2,3.67223,0,32,成功
/pub/data/jiafq/iscas/Parser_Comparison/../benchmarks/part53/non-incremental/QF_LRA/meti-tarski/sin/problem/7/weak/sin-problem-7-weak-chunk-0070.smt2,3.72362,0,34,成功
/pub/data/jiafq/iscas/Parser_Comparison/../benchmarks/part53/non-incremental/QF_LRA/meti-tarski/sin/problem/7/weak/sin-problem-7-weak-chunk-0074.smt2,3.702,0,34,成功
/pub/data/jiafq/iscas/Parser_Comparison/../benchmarks/part53/non-incremental/QF_LRA/meti-tarski/sin/problem/7/weak/sin-problem-7-weak-chunk-0082.smt2,3.76783,0,34,成功
/pub/data/jiafq/iscas/Parser_Comparison/../benchmarks/part53/non-incremental/QF_LRA/meti-tarski/sin/problem/7/weak/sin-problem-7-weak-chunk-0089.smt2,3.71638,0,34,成功
/pub/data/jiafq/iscas/Parser_Comparison/../benchmarks/part53/non-incremental/QF_LRA/meti-tarski/sin/problem/7/weak/sin-problem-7-weak-chunk-0092.smt2,3.61418,0,32,成功
/pub/data/jiafq/iscas/Parser_Comparison/../benchmarks/part53/non-incremental/QF_LRA/meti-tarski/sin/problem/7/weak/sin-problem-7-weak-chunk-0094.smt2,3.46776,0,30,成功
/pub/data/jiafq/iscas/Parser_Comparison/../benchmarks/part53/non-incremental/QF_LRA/meti-tarski/sin/problem/7/weak/sin-problem-7-weak-chunk-0095.smt2,3.7502,0,34,成功
/pub/data/jiafq/iscas/Parser_Comparison/../benchmarks/part53/non-incremental/QF_LRA/meti-tarski/sin/problem/7/weak/sin-problem-7-weak-chunk-0099.smt2,3.58714,0,32,成功
/pub/data/jiafq/iscas/Parser_Comparison/../benchmarks/part53/non-incremental/QF_LRA/meti-tarski/sin/problem/7/weak/sin-problem-7-weak-chunk-0107.smt2,3.55996,0,32,成功
/pub/data/jiafq/iscas/Parser_Comparison/../benchmarks/part53/non-incremental/QF_LRA/meti-tarski/sin/problem/7/weak2/sin-problem-7-weak2-chunk-0004.smt2,2.59457,0,13,成功
/pub/data/jiafq/iscas/Parser_Comparison/../benchmarks/part53/non-incremental/QF_LRA/meti-tarski/sin/problem/7/weak2/sin-problem-7-weak2-chunk-0005.smt2,2.58196,0,13,成功
/pub/data/jiafq/iscas/Parser_Comparison/../benchmarks/part53/non-incremental/QF_LRA/meti-tarski/sin/problem/7/weak2/sin-problem-7-weak2-chunk-0006.smt2,2.77957,0,18,成功
/pub/data/jiafq/iscas/Parser_Comparison/../benchmarks/part53/non-incremental/QF_LRA/meti-tarski/sin/problem/7/weak2/sin-problem-7-weak2-chunk-0007.smt2,2.7541,0,18,成功
/pub/data/jiafq/iscas/Parser_Comparison/../benchmarks/part53/non-incremental/QF_LRA/meti-tarski/sin/problem/7/weak2/sin-problem-7-weak2-chunk-0008.smt2,2.99282,0,23,成功
/pub/data/jiafq/iscas/Parser_Comparison/../benchmarks/part53/non-incremental/QF_LRA/meti-tarski/sin/problem/7/weak2/sin-problem-7-weak2-chunk-0009.smt2,2.95356,0,23,成功
/pub/data/jiafq/iscas/Parser_Comparison/../benchmarks/part53/non-incremental/QF_LRA/meti-tarski/sin/problem/7/weak2/sin-problem-7-weak2-chunk-0010.smt2,3.19778,0,25,成功
/pub/data/jiafq/iscas/Parser_Comparison/../benchmarks/part53/non-incremental/QF_LRA/meti-tarski/sin/problem/7/weak2/sin-problem-7-weak2-chunk-0011.smt2,3.31336,0,27,成功
/pub/data/jiafq/iscas/Parser_Comparison/../benchmarks/part53/non-incremental/QF_LRA/meti-tarski/sin/problem/7/weak2/sin-problem-7-weak2-chunk-0012.smt2,3.09393,0,25,成功
/pub/data/jiafq/iscas/Parser_Comparison/../benchmarks/part53/non-incremental/QF_LRA/meti-tarski/sin/problem/7/weak2/sin-problem-7-weak2-chunk-0013.smt2,3.30833,0,27,成功
/pub/data/jiafq/iscas/Parser_Comparison/../benchmarks/part53/non-incremental/QF_LRA/meti-tarski/sin/problem/7/weak2/sin-problem-7-weak2-chunk-0014.smt2,3.13285,0,25,成功
/pub/data/jiafq/iscas/Parser_Comparison/../benchmarks/part53/non-incremental/QF_LRA/meti-tarski/sin/problem/7/weak2/sin-problem-7-weak2-chunk-0016.smt2,3.12243,0,25,成功
/pub/data/jiafq/iscas/Parser_Comparison/../benchmarks/part53/non-incremental/QF_LRA/meti-tarski/sin/problem/7/weak2/sin-problem-7-weak2-chunk-0018.smt2,3.10305,0,25,成功
/pub/data/jiafq/iscas/Parser_Comparison/../benchmarks/part53/non-incremental/QF_LRA/meti-tarski/sin/problem/7/weak2/sin-problem-7-weak2-chunk-0020.smt2,2.97271,0,23,成功
/pub/data/jiafq/iscas/Parser_Comparison/../benchmarks/part53/non-incremental/QF_LRA/meti-tarski/sin/problem/7/weak2/sin-problem-7-weak2-chunk-0021.smt2,3.46785,0,25,成功
/pub/data/jiafq/iscas/Parser_Comparison/../benchmarks/part53/non-incremental/QF_LRA/meti-tarski/sin/problem/7/weak2/sin-problem-7-weak2-chunk-0022.smt2,3.32739,0,25,成功
/pub/data/jiafq/iscas/Parser_Comparison/../benchmarks/part53/non-incremental/QF_LRA/meti-tarski/sin/problem/7/weak2/sin-problem-7-weak2-chunk-0026.smt2,3.28762,0,25,成功
/pub/data/jiafq/iscas/Parser_Comparison/../benchmarks/part53/non-incremental/QF_LRA/meti-tarski/sin/problem/7/weak2/sin-problem-7-weak2-chunk-0027.smt2,3.33356,0,28,成功
/pub/data/jiafq/iscas/Parser_Comparison/../benchmarks/part53/non-incremental/QF_LRA/meti-tarski/sin/problem/7/weak2/sin-problem-7-weak2-chunk-0028.smt2,3.18083,0,28,成功
/pub/data/jiafq/iscas/Parser_Comparison/../benchmarks/part53/non-incremental/QF_LRA/meti-tarski/sin/problem/7/weak2/sin-problem-7-weak2-chunk-0030.smt2,3.26762,0,28,成功
/pub/data/jiafq/iscas/Parser_Comparison/../benchmarks/part53/non-incremental/QF_LRA/meti-tarski/sin/problem/7/weak2/sin-problem-7-weak2-chunk-0031.smt2,3.42513,0,31,成功
/pub/data/jiafq/iscas/Parser_Comparison/../benchmarks/part53/non-incremental/QF_LRA/meti-tarski/sin/problem/7/weak2/sin-problem-7-weak2-chunk-0032.smt2,3.26057,0,28,成功
/pub/data/jiafq/iscas/Parser_Comparison/../benchmarks/part53/non-incremental/QF_LRA/meti-tarski/sin/problem/7/weak2/sin-problem-7-weak2-chunk-0033.smt2,3.42804,0,31,成功
/pub/data/jiafq/iscas/Parser_Comparison/../benchmarks/part53/non-incremental/QF_LRA/meti-tarski/sin/problem/7/weak2/sin-problem-7-weak2-chunk-0034.smt2,3.45881,0,31,成功
/pub/data/jiafq/iscas/Parser_Comparison/../benchmarks/part53/non-incremental/QF_LRA/meti-tarski/sin/problem/7/weak2/sin-problem-7-weak2-chunk-0035.smt2,3.33258,0,31,成功
/pub/data/jiafq/iscas/Parser_Comparison/../benchmarks/part53/non-incremental/QF_LRA/meti-tarski/sin/problem/7/weak2/sin-problem-7-weak2-chunk-0036.smt2,3.57586,0,33,成功
/pub/data/jiafq/iscas/Parser_Comparison/../benchmarks/part53/non-incremental/QF_LRA/meti-tarski/sin/problem/7/weak2/sin-problem-7-weak2-chunk-0037.smt2,3.63585,0,35,成功
/pub/data/jiafq/iscas/Parser_Comparison/../benchmarks/part53/non-incremental/QF_LRA/meti-tarski/sin/problem/7/weak2/sin-problem-7-weak2-chunk-0038.smt2,3.55491,0,33,成功
/pub/data/jiafq/iscas/Parser_Comparison/../benchmarks/part53/non-incremental/QF_LRA/meti-tarski/sin/problem/7/weak2/sin-problem-7-weak2-chunk-0039.smt2,3.68161,0,35,成功
/pub/data/jiafq/iscas/Parser_Comparison/../benchmarks/part53/non-incremental/QF_LRA/meti-tarski/sin/problem/7/weak2/sin-problem-7-weak2-chunk-0040.smt2,3.67364,0,36,成功
/pub/data/jiafq/iscas/Parser_Comparison/../benchmarks/part53/non-incremental/QF_LRA/meti-tarski/sin/problem/7/weak2/sin-problem-7-weak2-chunk-0041.smt2,3.57741,0,33,成功
/pub/data/jiafq/iscas/Parser_Comparison/../benchmarks/part53/non-incremental/QF_LRA/meti-tarski/sin/problem/7/weak2/sin-problem-7-weak2-chunk-0042.smt2,3.71222,0,36,成功
/pub/data/jiafq/iscas/Parser_Comparison/../benchmarks/part53/non-incremental/QF_LRA/meti-tarski/sin/problem/7/weak2/sin-problem-7-weak2-chunk-0043.smt2,3.66885,0,35,成功
/pub/data/jiafq/iscas/Parser_Comparison/../benchmarks/part53/non-incremental/QF_LRA/meti-tarski/sin/problem/7/weak2/sin-problem-7-weak2-chunk-0047.smt2,3.67768,0,36,成功
/pub/data/jiafq/iscas/Parser_Comparison/../benchmarks/part53/non-incremental/QF_LRA/meti-tarski/sin/problem/7/weak2/sin-problem-7-weak2-chunk-0048.smt2,3.62882,0,34,成功
/pub/data/jiafq/iscas/Parser_Comparison/../benchmarks/part53/non-incremental/QF_LRA/meti-tarski/sin/problem/7/weak2/sin-problem-7-weak2-chunk-0053.smt2,3.75168,0,35,成功
/pub/data/jiafq/iscas/Parser_Comparison/../benchmarks/part53/non-incremental/QF_LRA/meti-tarski/sin/problem/7/weak2/sin-problem-7-weak2-chunk-0067.smt2,3.70142,0,33,成功
/pub/data/jiafq/iscas/Parser_Comparison/../benchmarks/part53/non-incremental/QF_LRA/meti-tarski/sin/problem/7/weak2/sin-problem-7-weak2-chunk-0069.smt2,3.67328,0,33,成功
/pub/data/jiafq/iscas/Parser_Comparison/../benchmarks/part53/non-incremental/QF_LRA/meti-tarski/sin/problem/7/weak2/sin-problem-7-weak2-chunk-0071.smt2,3.45367,0,31,成功
/pub/data/jiafq/iscas/Parser_Comparison/../benchmarks/part53/non-incremental/QF_LRA/meti-tarski/sin/problem/7/weak2/sin-problem-7-weak2-chunk-0072.smt2,3.82488,0,35,成功
/pub/data/jiafq/iscas/Parser_Comparison/../benchmarks/part53/non-incremental/QF_LRA/meti-tarski/sin/problem/7/weak2/sin-problem-7-weak2-chunk-0074.smt2,3.61044,0,33,成功
/pub/data/jiafq/iscas/Parser_Comparison/../benchmarks/part53/non-incremental/QF_LRA/meti-tarski/sin/problem/7/weak2/sin-problem-7-weak2-chunk-0090.smt2,3.57856,0,33,成功
/pub/data/jiafq/iscas/Parser_Comparison/../benchmarks/part53/non-incremental/QF_LRA/meti-tarski/sin/problem/8/sin-problem-8-chunk-0011.smt2,3.14871,0,25,成功
/pub/data/jiafq/iscas/Parser_Comparison/../benchmarks/part53/non-incremental/QF_LRA/meti-tarski/sin/problem/8/sin-problem-8-chunk-0023.smt2,3.13309,0,25,成功
/pub/data/jiafq/iscas/Parser_Comparison/../benchmarks/part53/non-incremental/QF_LRA/meti-tarski/sin/problem/8/sin-problem-8-chunk-0030.smt2,3.22927,0,25,成功
/pub/data/jiafq/iscas/Parser_Comparison/../benchmarks/part53/non-incremental/QF_LRA/meti-tarski/sin/problem/8/sin-problem-8-chunk-0032.smt2,3.18658,0,25,成功
/pub/data/jiafq/iscas/Parser_Comparison/../benchmarks/part53/non-incremental/QF_LRA/meti-tarski/sin/problem/8/sin-problem-8-chunk-0036.smt2,3.1279,0,25,成功
/pub/data/jiafq/iscas/Parser_Comparison/../benchmarks/part53/non-incremental/QF_LRA/meti-tarski/sin/problem/8/sin-problem-8-chunk-0037.smt2,3.15171,0,25,成功
/pub/data/jiafq/iscas/Parser_Comparison/../benchmarks/part53/non-incremental/QF_LRA/meti-tarski/sin/problem/8/sin-problem-8-chunk-0042.smt2,3.1587,0,25,成功
/pub/data/jiafq/iscas/Parser_Comparison/../benchmarks/part53/non-incremental/QF_LRA/meti-tarski/sin/problem/8/weak/sin-problem-8-weak-chunk-0008.smt2,3.26577,0,27,成功
/pub/data/jiafq/iscas/Parser_Comparison/../benchmarks/part53/non-incremental/QF_LRA/meti-tarski/sin/problem/8/weak/sin-problem-8-weak-chunk-0009.smt2,3.13198,0,27,成功
/pub/data/jiafq/iscas/Parser_Comparison/../benchmarks/part53/non-incremental/QF_LRA/meti-tarski/sin/problem/8/weak/sin-problem-8-weak-chunk-0010.smt2,3.2602,0,29,成功
/pub/data/jiafq/iscas/Parser_Comparison/../benchmarks/part53/non-incremental/QF_LRA/meti-tarski/sin/problem/8/weak/sin-problem-8-weak-chunk-0011.smt2,3.2646,0,29,成功
/pub/data/jiafq/iscas/Parser_Comparison/../benchmarks/part53/non-incremental/QF_LRA/meti-tarski/sin/problem/8/weak/sin-problem-8-weak-chunk-0012.smt2,3.31981,0,29,成功
/pub/data/jiafq/iscas/Parser_Comparison/../benchmarks/part53/non-incremental/QF_LRA/meti-tarski/sin/problem/8/weak/sin-problem-8-weak-chunk-0014.smt2,3.30529,0,29,成功
/pub/data/jiafq/iscas/Parser_Comparison/../benchmarks/part53/non-incremental/QF_LRA/meti-tarski/sin/problem/8/weak/sin-problem-8-weak-chunk-0017.smt2,3.13805,0,27,成功
/pub/data/jiafq/iscas/Parser_Comparison/../benchmarks/part53/non-incremental/QF_LRA/meti-tarski/sin/problem/8/weak/sin-problem-8-weak-chunk-0018.smt2,3.27511,0,29,成功
/pub/data/jiafq/iscas/Parser_Comparison/../benchmarks/part53/non-incremental/QF_LRA/meti-tarski/sin/problem/8/weak/sin-problem-8-weak-chunk-0021.smt2,3.33033,0,29,成功
/pub/data/jiafq/iscas/Parser_Comparison/../benchmarks/part53/non-incremental/QF_LRA/meti-tarski/sin/problem/8/weak/sin-problem-8-weak-chunk-0023.smt2,3.31586,0,29,成功
/pub/data/jiafq/iscas/Parser_Comparison/../benchmarks/part53/non-incremental/QF_LRA/meti-tarski/sin/problem/8/weak/sin-problem-8-weak-chunk-0030.smt2,3.36945,0,29,成功
/pub/data/jiafq/iscas/Parser_Comparison/../benchmarks/part53/non-incremental/QF_LRA/meti-tarski/sin/problem/8/weak/sin-problem-8-weak-chunk-0032.smt2,3.31258,0,29,成功
/pub/data/jiafq/iscas/Parser_Comparison/../benchmarks/part53/non-incremental/QF_LRA/meti-tarski/sin/problem/8/weak/sin-problem-8-weak-chunk-0036.smt2,3.32854,0,29,成功
/pub/data/jiafq/iscas/Parser_Comparison/../benchmarks/part53/non-incremental/QF_LRA/meti-tarski/sin/problem/8/weak/sin-problem-8-weak-chunk-0037.smt2,3.28692,0,29,成功
/pub/data/jiafq/iscas/Parser_Comparison/../benchmarks/part53/non-incremental/QF_LRA/meti-tarski/sin/problem/8/weak/sin-problem-8-weak-chunk-0042.smt2,3.33155,0,29,成功
/pub/data/jiafq/iscas/Parser_Comparison/../benchmarks/part53/non-incremental/QF_LRA/meti-tarski/sqrt/1mcosq/7/sqrt-1mcosq-7-chunk-0004.smt2,2.54752,0,14,成功
/pub/data/jiafq/iscas/Parser_Comparison/../benchmarks/part53/non-incremental/QF_LRA/meti-tarski/sqrt/1mcosq/7/sqrt-1mcosq-7-chunk-0006.smt2,2.58768,0,14,成功
/pub/data/jiafq/iscas/Parser_Comparison/../benchmarks/part53/non-incremental/QF_LRA/meti-tarski/sqrt/1mcosq/7/sqrt-1mcosq-7-chunk-0008.smt2,2.72111,0,19,成功
/pub/data/jiafq/iscas/Parser_Comparison/../benchmarks/part53/non-incremental/QF_LRA/meti-tarski/sqrt/1mcosq/7/sqrt-1mcosq-7-chunk-0009.smt2,2.72714,0,19,成功
/pub/data/jiafq/iscas/Parser_Comparison/../benchmarks/part53/non-incremental/QF_LRA/meti-tarski/sqrt/1mcosq/7/sqrt-1mcosq-7-chunk-0011.smt2,2.99668,0,24,成功
/pub/data/jiafq/iscas/Parser_Comparison/../benchmarks/part53/non-incremental/QF_LRA/meti-tarski/sqrt/1mcosq/7/sqrt-1mcosq-7-chunk-0012.smt2,2.94753,0,24,成功
/pub/data/jiafq/iscas/Parser_Comparison/../benchmarks/part53/non-incremental/QF_LRA/meti-tarski/sqrt/1mcosq/7/sqrt-1mcosq-7-chunk-0014.smt2,3.15041,0,27,成功
/pub/data/jiafq/iscas/Parser_Comparison/../benchmarks/part53/non-incremental/QF_LRA/meti-tarski/sqrt/1mcosq/7/sqrt-1mcosq-7-chunk-0015.smt2,3.27727,0,29,成功
/pub/data/jiafq/iscas/Parser_Comparison/../benchmarks/part53/non-incremental/QF_LRA/meti-tarski/sqrt/1mcosq/7/sqrt-1mcosq-7-chunk-0016.smt2,3.11633,0,27,成功
/pub/data/jiafq/iscas/Parser_Comparison/../benchmarks/part53/non-incremental/QF_LRA/meti-tarski/sqrt/1mcosq/7/sqrt-1mcosq-7-chunk-0058.smt2,3.21389,0,27,成功
/pub/data/jiafq/iscas/Parser_Comparison/../benchmarks/part53/non-incremental/QF_LRA/meti-tarski/sqrt/1mcosq/7/sqrt-1mcosq-7-chunk-0059.smt2,3.33017,0,29,成功
/pub/data/jiafq/iscas/Parser_Comparison/../benchmarks/part53/non-incremental/QF_LRA/meti-tarski/sqrt/1mcosq/7/sqrt-1mcosq-7-chunk-0061.smt2,3.26704,0,29,成功
/pub/data/jiafq/iscas/Parser_Comparison/../benchmarks/part53/non-incremental/QF_LRA/meti-tarski/sqrt/1mcosq/7/sqrt-1mcosq-7-chunk-0062.smt2,3.14132,0,27,成功
/pub/data/jiafq/iscas/Parser_Comparison/../benchmarks/part53/non-incremental/QF_LRA/meti-tarski/sqrt/1mcosq/7/sqrt-1mcosq-7-chunk-0064.smt2,3.15595,0,28,成功
/pub/data/jiafq/iscas/Parser_Comparison/../benchmarks/part53/non-incremental/QF_LRA/meti-tarski/sqrt/1mcosq/7/sqrt-1mcosq-7-chunk-0065.smt2,3.15093,0,28,成功
/pub/data/jiafq/iscas/Parser_Comparison/../benchmarks/part53/non-incremental/QF_LRA/meti-tarski/sqrt/1mcosq/7/sqrt-1mcosq-7-chunk-0066.smt2,2.85167,0,18,成功
/pub/data/jiafq/iscas/Parser_Comparison/../benchmarks/part53/non-incremental/QF_LRA/meti-tarski/sqrt/1mcosq/7/sqrt-1mcosq-7-chunk-0067.smt2,3.3763,0,31,成功
/pub/data/jiafq/iscas/Parser_Comparison/../benchmarks/part53/non-incremental/QF_LRA/meti-tarski/sqrt/1mcosq/7/sqrt-1mcosq-7-chunk-0068.smt2,2.79439,0,18,成功
/pub/data/jiafq/iscas/Parser_Comparison/../benchmarks/part53/non-incremental/QF_LRA/meti-tarski/sqrt/1mcosq/7/sqrt-1mcosq-7-chunk-0069.smt2,3.35519,0,31,成功
/pub/data/jiafq/iscas/Parser_Comparison/../benchmarks/part53/non-incremental/QF_LRA/meti-tarski/sqrt/1mcosq/7/sqrt-1mcosq-7-chunk-0080.smt2,2.99162,0,21,成功
/pub/data/jiafq/iscas/Parser_Comparison/../benchmarks/part53/non-incremental/QF_LRA/meti-tarski/sqrt/1mcosq/7/sqrt-1mcosq-7-chunk-0082.smt2,2.97926,0,21,成功
/pub/data/jiafq/iscas/Parser_Comparison/../benchmarks/part53/non-incremental/QF_LRA/meti-tarski/sqrt/1mcosq/7/sqrt-1mcosq-7-chunk-0091.smt2,2.97334,0,21,成功
/pub/data/jiafq/iscas/Parser_Comparison/../benchmarks/part53/non-incremental/QF_LRA/meti-tarski/sqrt/1mcosq/7/sqrt-1mcosq-7-chunk-0092.smt2,3.00955,0,21,成功
/pub/data/jiafq/iscas/Parser_Comparison/../benchmarks/part53/non-incremental/QF_LRA/meti-tarski/sqrt/1mcosq/7/sqrt-1mcosq-7-chunk-0098.smt2,2.98891,0,21,成功
/pub/data/jiafq/iscas/Parser_Comparison/../benchmarks/part53/non-incremental/QF_LRA/meti-tarski/sqrt/1mcosq/7/sqrt-1mcosq-7-chunk-0100.smt2,3.13173,0,24,成功
/pub/data/jiafq/iscas/Parser_Comparison/../benchmarks/part53/non-incremental/QF_LRA/meti-tarski/sqrt/1mcosq/7/sqrt-1mcosq-7-chunk-0101.smt2,3.21801,0,24,成功
/pub/data/jiafq/iscas/Parser_Comparison/../benchmarks/part53/non-incremental/QF_LRA/meti-tarski/sqrt/1mcosq/7/sqrt-1mcosq-7-chunk-0103.smt2,3.55944,0,34,成功
/pub/data/jiafq/iscas/Parser_Comparison/../benchmarks/part53/non-incremental/QF_LRA/meti-tarski/sqrt/1mcosq/7/sqrt-1mcosq-7-chunk-0105.smt2,3.45649,0,34,成功
/pub/data/jiafq/iscas/Parser_Comparison/../benchmarks/part53/non-incremental/QF_LRA/meti-tarski/sqrt/1mcosq/7/sqrt-1mcosq-7-chunk-0106.smt2,3.31328,0,26,成功
/pub/data/jiafq/iscas/Parser_Comparison/../benchmarks/part53/non-incremental/QF_LRA/meti-tarski/sqrt/1mcosq/7/sqrt-1mcosq-7-chunk-0107.smt2,4.02306,0,41,成功
/pub/data/jiafq/iscas/Parser_Comparison/../benchmarks/part53/non-incremental/QF_LRA/meti-tarski/sqrt/1mcosq/7/sqrt-1mcosq-7-chunk-0108.smt2,3.89129,0,42,成功
/pub/data/jiafq/iscas/Parser_Comparison/../benchmarks/part53/non-incremental/QF_LRA/meti-tarski/sqrt/1mcosq/7/sqrt-1mcosq-7-chunk-0120.smt2,2.83297,0,18,成功
/pub/data/jiafq/iscas/Parser_Comparison/../benchmarks/part53/non-incremental/QF_LRA/meti-tarski/sqrt/1mcosq/7/sqrt-1mcosq-7-chunk-0122.smt2,2.78984,0,18,成功
/pub/data/jiafq/iscas/Parser_Comparison/../benchmarks/part53/non-incremental/QF_LRA/meti-tarski/sqrt/1mcosq/7/sqrt-1mcosq-7-chunk-0126.smt2,3.02352,0,21,成功
/pub/data/jiafq/iscas/Parser_Comparison/../benchmarks/part53/non-incremental/QF_LRA/meti-tarski/sqrt/1mcosq/8/sqrt-1mcosq-8-chunk-0010.smt2,3.7356,0,28,成功
/pub/data/jiafq/iscas/Parser_Comparison/../benchmarks/part53/non-incremental/QF_LRA/meti-tarski/sqrt/1mcosq/8/sqrt-1mcosq-8-chunk-0011.smt2,3.07279,0,24,成功
/pub/data/jiafq/iscas/Parser_Comparison/../benchmarks/part53/non-incremental/QF_LRA/meti-tarski/sqrt/1mcosq/8/sqrt-1mcosq-8-chunk-0012.smt2,3.20492,0,28,成功
/pub/data/jiafq/iscas/Parser_Comparison/../benchmarks/part53/non-incremental/QF_LRA/meti-tarski/sqrt/1mcosq/8/sqrt-1mcosq-8-chunk-0029.smt2,3.28205,0,31,成功
/pub/data/jiafq/iscas/Parser_Comparison/../benchmarks/part53/non-incremental/QF_LRA/meti-tarski/sqrt/1mcosq/8/sqrt-1mcosq-8-chunk-0033.smt2,3.23921,0,31,成功
/pub/data/jiafq/iscas/Parser_Comparison/../benchmarks/part53/non-incremental/QF_LRA/meti-tarski/sqrt/1mcosq/8/sqrt-1mcosq-8-chunk-0035.smt2,3.30594,0,31,成功
/pub/data/jiafq/iscas/Parser_Comparison/../benchmarks/part53/non-incremental/QF_LRA/meti-tarski/sqrt/1mcosq/8/sqrt-1mcosq-8-chunk-0037.smt2,3.28947,0,31,成功
/pub/data/jiafq/iscas/Parser_Comparison/../benchmarks/part53/non-incremental/QF_LRA/meti-tarski/sqrt/1mcosq/8/sqrt-1mcosq-8-chunk-0415.smt2,3.43956,0,33,成功
/pub/data/jiafq/iscas/Parser_Comparison/../benchmarks/part53/non-incremental/QF_LRA/meti-tarski/sqrt/1mcosq/8/sqrt-1mcosq-8-chunk-0417.smt2,3.26534,0,31,成功
/pub/data/jiafq/iscas/Parser_Comparison/../benchmarks/part53/non-incremental/QF_LRA/meti-tarski/sqrt/1mcosq/8/sqrt-1mcosq-8-chunk-0707.smt2,3.30617,0,31,成功
/pub/data/jiafq/iscas/Parser_Comparison/../benchmarks/part53/non-incremental/QF_LRA/meti-tarski/sqrt/1mcosq/8/sqrt-1mcosq-8-chunk-0716.smt2,3.3401,0,31,成功
/pub/data/jiafq/iscas/Parser_Comparison/../benchmarks/part53/non-incremental/QF_LRA/meti-tarski/sqrt/problem/12vars3/sqrt-problem-12vars3-chunk-0018.smt2,2.47749,0,11,成功
/pub/data/jiafq/iscas/Parser_Comparison/../benchmarks/part53/non-incremental/QF_LRA/meti-tarski/sqrt/problem/sqrt-problem-Melquiond2-chunk-0027.smt2,3.06614,0,24,成功
/pub/data/jiafq/iscas/Parser_Comparison/../benchmarks/part53/non-incremental/QF_LRA/meti-tarski/sqrt/problem/sqrt-problem-Melquiond2-chunk-0048.smt2,3.26153,0,26,成功
/pub/data/jiafq/iscas/Parser_Comparison/../benchmarks/part53/non-incremental/QF_LRA/meti-tarski/sqrt/problem/sqrt-problem-Melquiond2-chunk-0051.smt2,3.16136,0,24,成功
/pub/data/jiafq/iscas/Parser_Comparison/../benchmarks/part53/non-incremental/QF_LRA/miplib/danoint-166.smt2,316.08,0,6036,成功
/pub/data/jiafq/iscas/Parser_Comparison/../benchmarks/part53/non-incremental/QF_LRA/miplib/danoint-266.smt2,319.406,0,6036,成功
/pub/data/jiafq/iscas/Parser_Comparison/../benchmarks/part53/non-incremental/QF_LRA/miplib/danoint-30.smt2,309.225,0,6036,成功
/pub/data/jiafq/iscas/Parser_Comparison/../benchmarks/part53/non-incremental/QF_LRA/miplib/danoint-50.smt2,316.415,0,6036,成功
/pub/data/jiafq/iscas/Parser_Comparison/../benchmarks/part53/non-incremental/QF_LRA/miplib/danoint-65.smt2,313.399,0,6035,成功
/pub/data/jiafq/iscas/Parser_Comparison/../benchmarks/part53/non-incremental/QF_LRA/miplib/danoint-66.smt2,317.968,0,6036,成功
/pub/data/jiafq/iscas/Parser_Comparison/../benchmarks/part53/non-incremental/QF_LRA/miplib/fixnet-1000.smt2,347.697,0,9689,成功
/pub/data/jiafq/iscas/Parser_Comparison/../benchmarks/part53/non-incremental/QF_LRA/miplib/fixnet-3000.smt2,353.263,0,9689,成功
/pub/data/jiafq/iscas/Parser_Comparison/../benchmarks/part53/non-incremental/QF_LRA/miplib/fixnet-3983.smt2,346.143,0,9689,成功
/pub/data/jiafq/iscas/Parser_Comparison/../benchmarks/part53/non-incremental/QF_LRA/miplib/fixnet-5000.smt2,359.003,0,9689,成功
/pub/data/jiafq/iscas/Parser_Comparison/../benchmarks/part53/non-incremental/QF_LRA/miplib/fixnet-7000.smt2,350.177,0,9689,成功
/pub/data/jiafq/iscas/Parser_Comparison/../benchmarks/part53/non-incremental/QF_LRA/miplib/opt1217--1.smt2,439.454,0,11791,成功
/pub/data/jiafq/iscas/Parser_Comparison/../benchmarks/part53/non-incremental/QF_LRA/miplib/opt1217--11.smt2,440.874,0,11792,成功
/pub/data/jiafq/iscas/Parser_Comparison/../benchmarks/part53/non-incremental/QF_LRA/miplib/opt1217--16.smt2,441.215,0,11792,成功
/pub/data/jiafq/iscas/Parser_Comparison/../benchmarks/part53/non-incremental/QF_LRA/miplib/opt1217--17.smt2,442.617,0,11792,成功
/pub/data/jiafq/iscas/Parser_Comparison/../benchmarks/part53/non-incremental/QF_LRA/miplib/opt1217--27.smt2,461.042,0,11792,成功
/pub/data/jiafq/iscas/Parser_Comparison/../benchmarks/part53/non-incremental/QF_LRA/miplib/opt1217--37.smt2,447.979,0,11792,成功
/pub/data/jiafq/iscas/Parser_Comparison/../benchmarks/part53/non-incremental/QF_LRA/miplib/opt1217--57.smt2,438.168,0,11792,成功
/pub/data/jiafq/iscas/Parser_Comparison/../benchmarks/part53/non-incremental/QF_LRA/miplib/opt1217--6.smt2,448.823,0,11792,成功
/pub/data/jiafq/iscas/Parser_Comparison/../benchmarks/part53/non-incremental/QF_LRA/miplib/pk1--1.smt2,204.023,0,4685,成功
/pub/data/jiafq/iscas/Parser_Comparison/../benchmarks/part53/non-incremental/QF_LRA/miplib/pk1-0.smt2,203.822,0,4685,成功
/pub/data/jiafq/iscas/Parser_Comparison/../benchmarks/part53/non-incremental/QF_LRA/miplib/pk1-100.smt2,205.749,0,4685,成功
/pub/data/jiafq/iscas/Parser_Comparison/../benchmarks/part53/non-incremental/QF_LRA/miplib/pk1-11.smt2,202.649,0,4685,成功
/pub/data/jiafq/iscas/Parser_Comparison/../benchmarks/part53/non-incremental/QF_LRA/miplib/pk1-20.smt2,199.097,0,4685,成功
/pub/data/jiafq/iscas/Parser_Comparison/../benchmarks/part53/non-incremental/QF_LRA/miplib/pk1-50.smt2,206.083,0,4685,成功
/pub/data/jiafq/iscas/Parser_Comparison/../benchmarks/part53/non-incremental/QF_LRA/miplib/pp08a-1000.smt2,146.629,0,3959,成功
/pub/data/jiafq/iscas/Parser_Comparison/../benchmarks/part53/non-incremental/QF_LRA/miplib/pp08a-10000.smt2,144.583,0,3960,成功
/pub/data/jiafq/iscas/Parser_Comparison/../benchmarks/part53/non-incremental/QF_LRA/miplib/pp08a-11000.smt2,145.331,0,3960,成功
/pub/data/jiafq/iscas/Parser_Comparison/../benchmarks/part53/non-incremental/QF_LRA/miplib/pp08a-12000.smt2,147.512,0,3960,成功
/pub/data/jiafq/iscas/Parser_Comparison/../benchmarks/part53/non-incremental/QF_LRA/miplib/pp08a-2000.smt2,144.832,0,3959,成功
/pub/data/jiafq/iscas/Parser_Comparison/../benchmarks/part53/non-incremental/QF_LRA/miplib/pp08a-3000.smt2,149.082,0,3960,成功
/pub/data/jiafq/iscas/Parser_Comparison/../benchmarks/part53/non-incremental/QF_LRA/miplib/pp08a-4000.smt2,144.528,0,3960,成功
/pub/data/jiafq/iscas/Parser_Comparison/../benchmarks/part53/non-incremental/QF_LRA/miplib/pp08a-5000.smt2,145.088,0,3960,成功
/pub/data/jiafq/iscas/Parser_Comparison/../benchmarks/part53/non-incremental/QF_LRA/miplib/pp08a-7349.smt2,141.897,0,3960,成功
/pub/data/jiafq/iscas/Parser_Comparison/../benchmarks/part53/non-incremental/QF_LRA/miplib/pp08a-7350.smt2,142.74,0,3960,成功
/pub/data/jiafq/iscas/Parser_Comparison/../benchmarks/part53/non-incremental/QF_LRA/miplib/pp08a-9000.smt2,143.962,0,3960,成功
/pub/data/jiafq/iscas/Parser_Comparison/../benchmarks/part53/non-incremental/QF_LRA/miplib/vpm2-0.smt2,210.268,0,5178,成功
/pub/data/jiafq/iscas/Parser_Comparison/../benchmarks/part53/non-incremental/QF_LRA/miplib/vpm2-10.smt2,210.167,0,5178,成功
/pub/data/jiafq/iscas/Parser_Comparison/../benchmarks/part53/non-incremental/QF_LRA/miplib/vpm2-13.75.smt2,212.049,0,5181,成功
/pub/data/jiafq/iscas/Parser_Comparison/../benchmarks/part53/non-incremental/QF_LRA/miplib/vpm2-20.smt2,210.205,0,5178,成功
/pub/data/jiafq/iscas/Parser_Comparison/../benchmarks/part53/non-incremental/QF_LRA/miplib/vpm2-30.smt2,208.176,0,5178,成功
/pub/data/jiafq/iscas/Parser_Comparison/../benchmarks/part53/non-incremental/QF_LRA/miplib/vpm2-5.smt2,209.993,0,5178,成功
/pub/data/jiafq/iscas/Parser_Comparison/../benchmarks/part53/non-incremental/QF_LRA/sal/carpark/Carpark2-ausgabe-1.smt2,20.8494,0,625,成功
/pub/data/jiafq/iscas/Parser_Comparison/../benchmarks/part53/non-incremental/QF_LRA/sal/carpark/Carpark2-ausgabe-2.smt2,24.9571,0,1122,成功
/pub/data/jiafq/iscas/Parser_Comparison/../benchmarks/part53/non-incremental/QF_LRA/sal/carpark/Carpark2-ausgabe-3.smt2,35.8981,0,1619,成功
/pub/data/jiafq/iscas/Parser_Comparison/../benchmarks/part53/non-incremental/QF_LRA/sal/carpark/Carpark2-ausgabe-4.smt2,54.0444,0,2116,成功
/pub/data/jiafq/iscas/Parser_Comparison/../benchmarks/part53/non-incremental/QF_LRA/sal/carpark/Carpark2-ausgabe-5.smt2,65.1584,0,2613,成功
/pub/data/jiafq/iscas/Parser_Comparison/../benchmarks/part53/non-incremental/QF_LRA/sal/carpark/Carpark2-ausgabe-6.smt2,67.9073,0,3110,成功
/pub/data/jiafq/iscas/Parser_Comparison/../benchmarks/part53/non-incremental/QF_LRA/sal/carpark/Carpark2-ausgabe-7.smt2,80.0607,0,3607,成功
/pub/data/jiafq/iscas/Parser_Comparison/../benchmarks/part53/non-incremental/QF_LRA/sal/carpark/Carpark2-ausgabe-8.smt2,86.3279,0,4104,成功
/pub/data/jiafq/iscas/Parser_Comparison/../benchmarks/part53/non-incremental/QF_LRA/sal/carpark/Carpark2-t1-1.smt2,13.7902,0,621,成功
/pub/data/jiafq/iscas/Parser_Comparison/../benchmarks/part53/non-incremental/QF_LRA/sal/carpark/Carpark2-t1-2.smt2,25.0756,0,1116,成功
/pub/data/jiafq/iscas/Parser_Comparison/../benchmarks/part53/non-incremental/QF_LRA/sal/carpark/Carpark2-t1-3.smt2,37.0712,0,1611,成功
/pub/data/jiafq/iscas/Parser_Comparison/../benchmarks/part53/non-incremental/QF_LRA/sal/carpark/Carpark2-t1-4.smt2,46.4507,0,2106,成功
/pub/data/jiafq/iscas/Parser_Comparison/../benchmarks/part53/non-incremental/QF_LRA/sal/gasburner/gasburner-prop3-1.smt2,3.21936,0,60,成功
/pub/data/jiafq/iscas/Parser_Comparison/../benchmarks/part53/non-incremental/QF_LRA/sal/gasburner/gasburner-prop3-10.smt2,18.0571,0,638,成功
/pub/data/jiafq/iscas/Parser_Comparison/../benchmarks/part53/non-incremental/QF_LRA/sal/gasburner/gasburner-prop3-11.smt2,17.5296,0,702,成功
/pub/data/jiafq/iscas/Parser_Comparison/../benchmarks/part53/non-incremental/QF_LRA/sal/gasburner/gasburner-prop3-12.smt2,18.5963,0,766,成功
/pub/data/jiafq/iscas/Parser_Comparison/../benchmarks/part53/non-incremental/QF_LRA/sal/gasburner/gasburner-prop3-13.smt2,19.1024,0,830,成功
/pub/data/jiafq/iscas/Parser_Comparison/../benchmarks/part53/non-incremental/QF_LRA/sal/gasburner/gasburner-prop3-14.smt2,22.993,0,894,成功
/pub/data/jiafq/iscas/Parser_Comparison/../benchmarks/part53/non-incremental/QF_LRA/sal/gasburner/gasburner-prop3-15.smt2,21.4654,0,958,成功
/pub/data/jiafq/iscas/Parser_Comparison/../benchmarks/part53/non-incremental/QF_LRA/sal/gasburner/gasburner-prop3-16.smt2,26.519,0,1022,成功
/pub/data/jiafq/iscas/Parser_Comparison/../benchmarks/part53/non-incremental/QF_LRA/sal/gasburner/gasburner-prop3-17.smt2,27.1977,0,1086,成功
/pub/data/jiafq/iscas/Parser_Comparison/../benchmarks/part53/non-incremental/QF_LRA/sal/gasburner/gasburner-prop3-18.smt2,28.4711,0,1150,成功
/pub/data/jiafq/iscas/Parser_Comparison/../benchmarks/part53/non-incremental/QF_LRA/sal/gasburner/gasburner-prop3-19.smt2,28.4875,0,1214,成功
/pub/data/jiafq/iscas/Parser_Comparison/../benchmarks/part53/non-incremental/QF_LRA/sal/gasburner/gasburner-prop3-2.smt2,4.07157,0,126,成功
/pub/data/jiafq/iscas/Parser_Comparison/../benchmarks/part53/non-incremental/QF_LRA/sal/gasburner/gasburner-prop3-20.smt2,30.4874,0,1278,成功
/pub/data/jiafq/iscas/Parser_Comparison/../benchmarks/part53/non-incremental/QF_LRA/sal/gasburner/gasburner-prop3-3.smt2,5.96099,0,190,成功
/pub/data/jiafq/iscas/Parser_Comparison/../benchmarks/part53/non-incremental/QF_LRA/sal/gasburner/gasburner-prop3-4.smt2,7.38733,0,254,成功
/pub/data/jiafq/iscas/Parser_Comparison/../benchmarks/part53/non-incremental/QF_LRA/sal/gasburner/gasburner-prop3-5.smt2,10.4826,0,318,成功
/pub/data/jiafq/iscas/Parser_Comparison/../benchmarks/part53/non-incremental/QF_LRA/sal/gasburner/gasburner-prop3-6.smt2,10.998,0,382,成功
/pub/data/jiafq/iscas/Parser_Comparison/../benchmarks/part53/non-incremental/QF_LRA/sal/gasburner/gasburner-prop3-7.smt2,11.3719,0,446,成功
/pub/data/jiafq/iscas/Parser_Comparison/../benchmarks/part53/non-incremental/QF_LRA/sal/gasburner/gasburner-prop3-8.smt2,13.9986,0,510,成功
/pub/data/jiafq/iscas/Parser_Comparison/../benchmarks/part53/non-incremental/QF_LRA/sal/gasburner/gasburner-prop3-9.smt2,16.3727,0,574,成功
/pub/data/jiafq/iscas/Parser_Comparison/../benchmarks/part53/non-incremental/QF_LRA/sal/pursuit/pursuit-safety-1.smt2,5.32898,0,118,成功
/pub/data/jiafq/iscas/Parser_Comparison/../benchmarks/part53/non-incremental/QF_LRA/sal/pursuit/pursuit-safety-10.smt2,47.405,0,1829,成功
/pub/data/jiafq/iscas/Parser_Comparison/../benchmarks/part53/non-incremental/QF_LRA/sal/pursuit/pursuit-safety-11.smt2,54.2666,0,2019,成功
/pub/data/jiafq/iscas/Parser_Comparison/../benchmarks/part53/non-incremental/QF_LRA/sal/pursuit/pursuit-safety-12.smt2,52.8315,0,2209,成功
/pub/data/jiafq/iscas/Parser_Comparison/../benchmarks/part53/non-incremental/QF_LRA/sal/pursuit/pursuit-safety-13.smt2,56.9509,0,2399,成功
/pub/data/jiafq/iscas/Parser_Comparison/../benchmarks/part53/non-incremental/QF_LRA/sal/pursuit/pursuit-safety-14.smt2,63.4812,0,2589,成功
/pub/data/jiafq/iscas/Parser_Comparison/../benchmarks/part53/non-incremental/QF_LRA/sal/pursuit/pursuit-safety-15.smt2,68.2981,0,2779,成功
/pub/data/jiafq/iscas/Parser_Comparison/../benchmarks/part53/non-incremental/QF_LRA/sal/pursuit/pursuit-safety-16.smt2,71.1591,0,2969,成功
/pub/data/jiafq/iscas/Parser_Comparison/../benchmarks/part53/non-incremental/QF_LRA/sal/pursuit/pursuit-safety-17.smt2,75.0154,0,3159,成功
/pub/data/jiafq/iscas/Parser_Comparison/../benchmarks/part53/non-incremental/QF_LRA/sal/pursuit/pursuit-safety-18.smt2,78.26,0,3349,成功
/pub/data/jiafq/iscas/Parser_Comparison/../benchmarks/part53/non-incremental/QF_LRA/sal/pursuit/pursuit-safety-19.smt2,85.0129,0,3539,成功
/pub/data/jiafq/iscas/Parser_Comparison/../benchmarks/part53/non-incremental/QF_LRA/sal/pursuit/pursuit-safety-2.smt2,8.7918,0,309,成功
/pub/data/jiafq/iscas/Parser_Comparison/../benchmarks/part53/non-incremental/QF_LRA/sal/pursuit/pursuit-safety-20.smt2,88.6394,0,3729,成功
/pub/data/jiafq/iscas/Parser_Comparison/../benchmarks/part53/non-incremental/QF_LRA/sal/pursuit/pursuit-safety-3.smt2,16.0185,0,499,成功
/pub/data/jiafq/iscas/Parser_Comparison/../benchmarks/part53/non-incremental/QF_LRA/sal/pursuit/pursuit-safety-4.smt2,20.2136,0,689,成功
/pub/data/jiafq/iscas/Parser_Comparison/../benchmarks/part53/non-incremental/QF_LRA/sal/pursuit/pursuit-safety-5.smt2,22.6102,0,879,成功
/pub/data/jiafq/iscas/Parser_Comparison/../benchmarks/part53/non-incremental/QF_LRA/sal/pursuit/pursuit-safety-6.smt2,28.8355,0,1069,成功
/pub/data/jiafq/iscas/Parser_Comparison/../benchmarks/part53/non-incremental/QF_LRA/sal/pursuit/pursuit-safety-7.smt2,33.0871,0,1259,成功
/pub/data/jiafq/iscas/Parser_Comparison/../benchmarks/part53/non-incremental/QF_LRA/sal/pursuit/pursuit-safety-8.smt2,37.3269,0,1449,成功
/pub/data/jiafq/iscas/Parser_Comparison/../benchmarks/part53/non-incremental/QF_LRA/sal/pursuit/pursuit-safety-9.smt2,41.2772,0,1639,成功
/pub/data/jiafq/iscas/Parser_Comparison/../benchmarks/part53/non-incremental/QF_LRA/sal/tgc/tgc_io-nosafe-1.smt2,8.00839,0,274,成功
/pub/data/jiafq/iscas/Parser_Comparison/../benchmarks/part53/non-incremental/QF_LRA/sal/tgc/tgc_io-nosafe-2.smt2,12.7901,0,544,成功
/pub/data/jiafq/iscas/Parser_Comparison/../benchmarks/part53/non-incremental/QF_LRA/sal/tgc/tgc_io-nosafe-3.smt2,21.8154,0,815,成功
/pub/data/jiafq/iscas/Parser_Comparison/../benchmarks/part53/non-incremental/QF_LRA/sal/tgc/tgc_io-nosafe-4.smt2,25.3516,0,1086,成功
/pub/data/jiafq/iscas/Parser_Comparison/../benchmarks/part53/non-incremental/QF_LRA/sal/tgc/tgc_io-nosafe-5.smt2,30.2606,0,1357,成功
/pub/data/jiafq/iscas/Parser_Comparison/../benchmarks/part53/non-incremental/QF_LRA/sal/tgc/tgc_io-nosafe-6.smt2,39.1169,0,1628,成功
/pub/data/jiafq/iscas/Parser_Comparison/../benchmarks/part53/non-incremental/QF_LRA/sal/tgc/tgc_io-nosafe-7.smt2,42.7264,0,1899,成功
/pub/data/jiafq/iscas/Parser_Comparison/../benchmarks/part53/non-incremental/QF_LRA/sal/tgc/tgc_io-safe-1.smt2,8.99836,0,274,成功
/pub/data/jiafq/iscas/Parser_Comparison/../benchmarks/part53/non-incremental/QF_LRA/sal/tgc/tgc_io-safe-10.smt2,62.3266,0,2713,成功
/pub/data/jiafq/iscas/Parser_Comparison/../benchmarks/part53/non-incremental/QF_LRA/sal/tgc/tgc_io-safe-11.smt2,65.8466,0,2984,成功
/pub/data/jiafq/iscas/Parser_Comparison/../benchmarks/part53/non-incremental/QF_LRA/sal/tgc/tgc_io-safe-12.smt2,71.6215,0,3255,成功
/pub/data/jiafq/iscas/Parser_Comparison/../benchmarks/part53/non-incremental/QF_LRA/sal/tgc/tgc_io-safe-13.smt2,78.1682,0,3526,成功
/pub/data/jiafq/iscas/Parser_Comparison/../benchmarks/part53/non-incremental/QF_LRA/sal/tgc/tgc_io-safe-14.smt2,83.4368,0,3797,成功
/pub/data/jiafq/iscas/Parser_Comparison/../benchmarks/part53/non-incremental/QF_LRA/sal/tgc/tgc_io-safe-15.smt2,92.1375,0,4068,成功
/pub/data/jiafq/iscas/Parser_Comparison/../benchmarks/part53/non-incremental/QF_LRA/sal/tgc/tgc_io-safe-16.smt2,96.8934,0,4339,成功
/pub/data/jiafq/iscas/Parser_Comparison/../benchmarks/part53/non-incremental/QF_LRA/sal/tgc/tgc_io-safe-17.smt2,100.093,0,4610,成功
/pub/data/jiafq/iscas/Parser_Comparison/../benchmarks/part53/non-incremental/QF_LRA/sal/tgc/tgc_io-safe-18.smt2,109.2,0,4881,成功
/pub/data/jiafq/iscas/Parser_Comparison/../benchmarks/part53/non-incremental/QF_LRA/sal/tgc/tgc_io-safe-19.smt2,116.884,0,5152,成功
/pub/data/jiafq/iscas/Parser_Comparison/../benchmarks/part53/non-incremental/QF_LRA/sal/tgc/tgc_io-safe-2.smt2,15.4199,0,545,成功
/pub/data/jiafq/iscas/Parser_Comparison/../benchmarks/part53/non-incremental/QF_LRA/sal/tgc/tgc_io-safe-20.smt2,124.989,0,5423,成功
/pub/data/jiafq/iscas/Parser_Comparison/../benchmarks/part53/non-incremental/QF_LRA/sal/tgc/tgc_io-safe-3.smt2,23.6328,0,816,成功
/pub/data/jiafq/iscas/Parser_Comparison/../benchmarks/part53/non-incremental/QF_LRA/sal/tgc/tgc_io-safe-4.smt2,27.6142,0,1087,成功
/pub/data/jiafq/iscas/Parser_Comparison/../benchmarks/part53/non-incremental/QF_LRA/sal/tgc/tgc_io-safe-5.smt2,33.0451,0,1358,成功
/pub/data/jiafq/iscas/Parser_Comparison/../benchmarks/part53/non-incremental/QF_LRA/sal/tgc/tgc_io-safe-6.smt2,35.8814,0,1629,成功
/pub/data/jiafq/iscas/Parser_Comparison/../benchmarks/part53/non-incremental/QF_LRA/sal/tgc/tgc_io-safe-7.smt2,41.429,0,1900,成功
/pub/data/jiafq/iscas/Parser_Comparison/../benchmarks/part53/non-incremental/QF_LRA/sal/tgc/tgc_io-safe-8.smt2,50.5177,0,2171,成功
/pub/data/jiafq/iscas/Parser_Comparison/../benchmarks/part53/non-incremental/QF_LRA/sal/tgc/tgc_io-safe-9.smt2,61.4275,0,2442,成功
/pub/data/jiafq/iscas/Parser_Comparison/../benchmarks/part53/non-incremental/QF_LRA/sal/windowreal/windowreal-no_t_deadlock-1.smt2,15.4139,0,285,成功
/pub/data/jiafq/iscas/Parser_Comparison/../benchmarks/part53/non-incremental/QF_LRA/sal/windowreal/windowreal-no_t_deadlock-10.smt2,71.9722,0,3122,成功
/pub/data/jiafq/iscas/Parser_Comparison/../benchmarks/part53/non-incremental/QF_LRA/sal/windowreal/windowreal-no_t_deadlock-11.smt2,79.6181,0,3437,成功
/pub/data/jiafq/iscas/Parser_Comparison/../benchmarks/part53/non-incremental/QF_LRA/sal/windowreal/windowreal-no_t_deadlock-12.smt2,93.7403,0,3752,成功
/pub/data/jiafq/iscas/Parser_Comparison/../benchmarks/part53/non-incremental/QF_LRA/sal/windowreal/windowreal-no_t_deadlock-13.smt2,100.296,0,4067,成功
/pub/data/jiafq/iscas/Parser_Comparison/../benchmarks/part53/non-incremental/QF_LRA/sal/windowreal/windowreal-no_t_deadlock-14.smt2,104.903,0,4382,成功
/pub/data/jiafq/iscas/Parser_Comparison/../benchmarks/part53/non-incremental/QF_LRA/sal/windowreal/windowreal-no_t_deadlock-15.smt2,109.777,0,4697,成功
/pub/data/jiafq/iscas/Parser_Comparison/../benchmarks/part53/non-incremental/QF_LRA/sal/windowreal/windowreal-no_t_deadlock-16.smt2,114.272,0,5012,成功
/pub/data/jiafq/iscas/Parser_Comparison/../benchmarks/part53/non-incremental/QF_LRA/sal/windowreal/windowreal-no_t_deadlock-17.smt2,122.955,0,5327,成功
/pub/data/jiafq/iscas/Parser_Comparison/../benchmarks/part53/non-incremental/QF_LRA/sal/windowreal/windowreal-no_t_deadlock-18.smt2,131.646,0,5642,成功
/pub/data/jiafq/iscas/Parser_Comparison/../benchmarks/part53/non-incremental/QF_LRA/sal/windowreal/windowreal-no_t_deadlock-19.smt2,139.693,0,5957,成功
/pub/data/jiafq/iscas/Parser_Comparison/../benchmarks/part53/non-incremental/QF_LRA/sal/windowreal/windowreal-no_t_deadlock-2.smt2,21.8039,0,602,成功
/pub/data/jiafq/iscas/Parser_Comparison/../benchmarks/part53/non-incremental/QF_LRA/sal/windowreal/windowreal-no_t_deadlock-20.smt2,143.893,0,6272,成功
/pub/data/jiafq/iscas/Parser_Comparison/../benchmarks/part53/non-incremental/QF_LRA/sal/windowreal/windowreal-no_t_deadlock-3.smt2,26.2856,0,917,成功
/pub/data/jiafq/iscas/Parser_Comparison/../benchmarks/part53/non-incremental/QF_LRA/sal/windowreal/windowreal-no_t_deadlock-4.smt2,34.993,0,1232,成功
/pub/data/jiafq/iscas/Parser_Comparison/../benchmarks/part53/non-incremental/QF_LRA/sal/windowreal/windowreal-no_t_deadlock-5.smt2,39.3373,0,1547,成功
/pub/data/jiafq/iscas/Parser_Comparison/../benchmarks/part53/non-incremental/QF_LRA/sal/windowreal/windowreal-no_t_deadlock-6.smt2,45.0175,0,1862,成功
/pub/data/jiafq/iscas/Parser_Comparison/../benchmarks/part53/non-incremental/QF_LRA/sal/windowreal/windowreal-no_t_deadlock-7.smt2,52.7117,0,2177,成功
/pub/data/jiafq/iscas/Parser_Comparison/../benchmarks/part53/non-incremental/QF_LRA/sal/windowreal/windowreal-no_t_deadlock-8.smt2,58.3803,0,2492,成功
/pub/data/jiafq/iscas/Parser_Comparison/../benchmarks/part53/non-incremental/QF_LRA/sal/windowreal/windowreal-no_t_deadlock-9.smt2,67.0608,0,2807,成功
/pub/data/jiafq/iscas/Parser_Comparison/../benchmarks/part53/non-incremental/QF_LRA/sal/windowreal/windowreal-safe-1.smt2,11.3047,0,298,成功
/pub/data/jiafq/iscas/Parser_Comparison/../benchmarks/part53/non-incremental/QF_LRA/sal/windowreal/windowreal-safe-2.smt2,16.5616,0,620,成功
/pub/data/jiafq/iscas/Parser_Comparison/../benchmarks/part53/non-incremental/QF_LRA/sal/windowreal/windowreal-safe-3.smt2,25.7603,0,941,成功
/pub/data/jiafq/iscas/Parser_Comparison/../benchmarks/part53/non-incremental/QF_LRA/sal/windowreal/windowreal-safe-4.smt2,37.5193,0,1262,成功
/pub/data/jiafq/iscas/Parser_Comparison/../benchmarks/part53/non-incremental/QF_LRA/sal/windowreal/windowreal-safe2-1.smt2,11.7697,0,291,成功
/pub/data/jiafq/iscas/Parser_Comparison/../benchmarks/part53/non-incremental/QF_LRA/sal/windowreal/windowreal-safe2-2.smt2,15.0099,0,609,成功
/pub/data/jiafq/iscas/Parser_Comparison/../benchmarks/part53/non-incremental/QF_LRA/sal/windowreal/windowreal-safe2-3.smt2,21.4057,0,926,成功
/pub/data/jiafq/iscas/Parser_Comparison/../benchmarks/part53/non-incremental/QF_LRA/sal/windowreal/windowreal-safe2-4.smt2,31.175,0,1243,成功
/pub/data/jiafq/iscas/Parser_Comparison/../benchmarks/part53/non-incremental/QF_LRA/sc/sc-10.base.cvc.smt2,35.3165,0,1512,成功
/pub/data/jiafq/iscas/Parser_Comparison/../benchmarks/part53/non-incremental/QF_LRA/sc/sc-10.induction.cvc.smt2,36.1836,0,1501,成功
/pub/data/jiafq/iscas/Parser_Comparison/../benchmarks/part53/non-incremental/QF_LRA/sc/sc-10.induction2.cvc.smt2,42.9566,0,1823,成功
/pub/data/jiafq/iscas/Parser_Comparison/../benchmarks/part53/non-incremental/QF_LRA/sc/sc-10.induction3.cvc.smt2,41.7074,0,1820,成功
/pub/data/jiafq/iscas/Parser_Comparison/../benchmarks/part53/non-incremental/QF_LRA/sc/sc-11.base.cvc.smt2,40.2336,0,1658,成功
/pub/data/jiafq/iscas/Parser_Comparison/../benchmarks/part53/non-incremental/QF_LRA/sc/sc-11.induction.cvc.smt2,37.3064,0,1647,成功
/pub/data/jiafq/iscas/Parser_Comparison/../benchmarks/part53/non-incremental/QF_LRA/sc/sc-11.induction2.cvc.smt2,44.1132,0,1998,成功
/pub/data/jiafq/iscas/Parser_Comparison/../benchmarks/part53/non-incremental/QF_LRA/sc/sc-11.induction3.cvc.smt2,46.398,0,1995,成功
/pub/data/jiafq/iscas/Parser_Comparison/../benchmarks/part53/non-incremental/QF_LRA/sc/sc-12.base.cvc.smt2,42.7777,0,1804,成功
/pub/data/jiafq/iscas/Parser_Comparison/../benchmarks/part53/non-incremental/QF_LRA/sc/sc-12.induction.cvc.smt2,41.2994,0,1793,成功
/pub/data/jiafq/iscas/Parser_Comparison/../benchmarks/part53/non-incremental/QF_LRA/sc/sc-12.induction2.cvc.smt2,51.5212,0,2173,成功
/pub/data/jiafq/iscas/Parser_Comparison/../benchmarks/part53/non-incremental/QF_LRA/sc/sc-12.induction3.cvc.smt2,48.3777,0,2170,成功
/pub/data/jiafq/iscas/Parser_Comparison/../benchmarks/part53/non-incremental/QF_LRA/sc/sc-13.base.cvc.smt2,52.3289,0,1950,成功
/pub/data/jiafq/iscas/Parser_Comparison/../benchmarks/part53/non-incremental/QF_LRA/sc/sc-13.induction.cvc.smt2,50.7411,0,1939,成功
/pub/data/jiafq/iscas/Parser_Comparison/../benchmarks/part53/non-incremental/QF_LRA/sc/sc-13.induction2.cvc.smt2,51.9318,0,2348,成功
/pub/data/jiafq/iscas/Parser_Comparison/../benchmarks/part53/non-incremental/QF_LRA/sc/sc-13.induction3.cvc.smt2,55.8995,0,2345,成功
/pub/data/jiafq/iscas/Parser_Comparison/../benchmarks/part53/non-incremental/QF_LRA/sc/sc-14.base.cvc.smt2,47.3965,0,2096,成功
/pub/data/jiafq/iscas/Parser_Comparison/../benchmarks/part53/non-incremental/QF_LRA/sc/sc-14.induction.cvc.smt2,55.8069,0,2085,成功
/pub/data/jiafq/iscas/Parser_Comparison/../benchmarks/part53/non-incremental/QF_LRA/sc/sc-14.induction2.cvc.smt2,57.4486,0,2523,成功
/pub/data/jiafq/iscas/Parser_Comparison/../benchmarks/part53/non-incremental/QF_LRA/sc/sc-14.induction3.cvc.smt2,59.4041,0,2520,成功
/pub/data/jiafq/iscas/Parser_Comparison/../benchmarks/part53/non-incremental/QF_LRA/sc/sc-15.base.cvc.smt2,53.4797,0,2242,成功
/pub/data/jiafq/iscas/Parser_Comparison/../benchmarks/part53/non-incremental/QF_LRA/sc/sc-15.induction.cvc.smt2,55.7941,0,2231,成功
/pub/data/jiafq/iscas/Parser_Comparison/../benchmarks/part53/non-incremental/QF_LRA/sc/sc-15.induction2.cvc.smt2,63.405,0,2698,成功
/pub/data/jiafq/iscas/Parser_Comparison/../benchmarks/part53/non-incremental/QF_LRA/sc/sc-15.induction3.cvc.smt2,66.4234,0,2695,成功
/pub/data/jiafq/iscas/Parser_Comparison/../benchmarks/part53/non-incremental/QF_LRA/sc/sc-16.base.cvc.smt2,56.6984,0,2388,成功
/pub/data/jiafq/iscas/Parser_Comparison/../benchmarks/part53/non-incremental/QF_LRA/sc/sc-16.induction.cvc.smt2,56.5115,0,2377,成功
/pub/data/jiafq/iscas/Parser_Comparison/../benchmarks/part53/non-incremental/QF_LRA/sc/sc-16.induction2.cvc.smt2,66.3219,0,2873,成功
/pub/data/jiafq/iscas/Parser_Comparison/../benchmarks/part53/non-incremental/QF_LRA/sc/sc-16.induction3.cvc.smt2,67.2802,0,2870,成功
/pub/data/jiafq/iscas/Parser_Comparison/../benchmarks/part53/non-incremental/QF_LRA/sc/sc-17.base.cvc.smt2,61.1082,0,2534,成功
/pub/data/jiafq/iscas/Parser_Comparison/../benchmarks/part53/non-incremental/QF_LRA/sc/sc-17.induction.cvc.smt2,58.3324,0,2523,成功
/pub/data/jiafq/iscas/Parser_Comparison/../benchmarks/part53/non-incremental/QF_LRA/sc/sc-17.induction2.cvc.smt2,70.6318,0,3048,成功
/pub/data/jiafq/iscas/Parser_Comparison/../benchmarks/part53/non-incremental/QF_LRA/sc/sc-17.induction3.cvc.smt2,70.5481,0,3045,成功
/pub/data/jiafq/iscas/Parser_Comparison/../benchmarks/part53/non-incremental/QF_LRA/sc/sc-18.base.cvc.smt2,64.9228,0,2680,成功
/pub/data/jiafq/iscas/Parser_Comparison/../benchmarks/part53/non-incremental/QF_LRA/sc/sc-18.induction.cvc.smt2,64.1837,0,2669,成功
/pub/data/jiafq/iscas/Parser_Comparison/../benchmarks/part53/non-incremental/QF_LRA/sc/sc-18.induction2.cvc.smt2,76.264,0,3223,成功
/pub/data/jiafq/iscas/Parser_Comparison/../benchmarks/part53/non-incremental/QF_LRA/sc/sc-18.induction3.cvc.smt2,76.6414,0,3220,成功
/pub/data/jiafq/iscas/Parser_Comparison/../benchmarks/part53/non-incremental/QF_LRA/sc/sc-19.base.cvc.smt2,68.3622,0,2826,成功
/pub/data/jiafq/iscas/Parser_Comparison/../benchmarks/part53/non-incremental/QF_LRA/sc/sc-19.induction.cvc.smt2,66.7916,0,2815,成功
/pub/data/jiafq/iscas/Parser_Comparison/../benchmarks/part53/non-incremental/QF_LRA/sc/sc-19.induction2.cvc.smt2,76.7265,0,3398,成功
/pub/data/jiafq/iscas/Parser_Comparison/../benchmarks/part53/non-incremental/QF_LRA/sc/sc-19.induction3.cvc.smt2,77.7108,0,3395,成功
/pub/data/jiafq/iscas/Parser_Comparison/../benchmarks/part53/non-incremental/QF_LRA/sc/sc-20.base.cvc.smt2,72.8467,0,2972,成功
/pub/data/jiafq/iscas/Parser_Comparison/../benchmarks/part53/non-incremental/QF_LRA/sc/sc-20.induction.cvc.smt2,68.3421,0,2961,成功
/pub/data/jiafq/iscas/Parser_Comparison/../benchmarks/part53/non-incremental/QF_LRA/sc/sc-20.induction2.cvc.smt2,83.327,0,3573,成功
/pub/data/jiafq/iscas/Parser_Comparison/../benchmarks/part53/non-incremental/QF_LRA/sc/sc-20.induction3.cvc.smt2,87.2612,0,3570,成功
/pub/data/jiafq/iscas/Parser_Comparison/../benchmarks/part53/non-incremental/QF_LRA/sc/sc-21.base.cvc.smt2,74.5479,0,3118,成功
/pub/data/jiafq/iscas/Parser_Comparison/../benchmarks/part53/non-incremental/QF_LRA/sc/sc-21.induction.cvc.smt2,75.6567,0,3107,成功
/pub/data/jiafq/iscas/Parser_Comparison/../benchmarks/part53/non-incremental/QF_LRA/sc/sc-21.induction2.cvc.smt2,91.4746,0,3748,成功
/pub/data/jiafq/iscas/Parser_Comparison/../benchmarks/part53/non-incremental/QF_LRA/sc/sc-21.induction3.cvc.smt2,85.0131,0,3745,成功
/pub/data/jiafq/iscas/Parser_Comparison/../benchmarks/part53/non-incremental/QF_LRA/sc/sc-22.base.cvc.smt2,75.1772,0,3264,成功
/pub/data/jiafq/iscas/Parser_Comparison/../benchmarks/part53/non-incremental/QF_LRA/sc/sc-22.induction.cvc.smt2,74.0407,0,3253,成功
/pub/data/jiafq/iscas/Parser_Comparison/../benchmarks/part53/non-incremental/QF_LRA/sc/sc-22.induction2.cvc.smt2,89.3555,0,3923,成功
/pub/data/jiafq/iscas/Parser_Comparison/../benchmarks/part53/non-incremental/QF_LRA/sc/sc-22.induction3.cvc.smt2,92.7821,0,3920,成功
/pub/data/jiafq/iscas/Parser_Comparison/../benchmarks/part53/non-incremental/QF_LRA/sc/sc-23.base.cvc.smt2,78.5447,0,3410,成功
/pub/data/jiafq/iscas/Parser_Comparison/../benchmarks/part53/non-incremental/QF_LRA/sc/sc-23.induction.cvc.smt2,77.8474,0,3399,成功
/pub/data/jiafq/iscas/Parser_Comparison/../benchmarks/part53/non-incremental/QF_LRA/sc/sc-23.induction2.cvc.smt2,91.3257,0,4098,成功
/pub/data/jiafq/iscas/Parser_Comparison/../benchmarks/part53/non-incremental/QF_LRA/sc/sc-23.induction3.cvc.smt2,94.0323,0,4095,成功
/pub/data/jiafq/iscas/Parser_Comparison/../benchmarks/part53/non-incremental/QF_LRA/sc/sc-24.base.cvc.smt2,80.4483,0,3556,成功
/pub/data/jiafq/iscas/Parser_Comparison/../benchmarks/part53/non-incremental/QF_LRA/sc/sc-24.induction.cvc.smt2,82.1891,0,3545,成功
/pub/data/jiafq/iscas/Parser_Comparison/../benchmarks/part53/non-incremental/QF_LRA/sc/sc-24.induction2.cvc.smt2,95.2602,0,4273,成功
/pub/data/jiafq/iscas/Parser_Comparison/../benchmarks/part53/non-incremental/QF_LRA/sc/sc-24.induction3.cvc.smt2,95.7913,0,4270,成功
/pub/data/jiafq/iscas/Parser_Comparison/../benchmarks/part53/non-incremental/QF_LRA/sc/sc-25.base.cvc.smt2,85.6139,0,3702,成功
/pub/data/jiafq/iscas/Parser_Comparison/../benchmarks/part53/non-incremental/QF_LRA/sc/sc-25.induction.cvc.smt2,85.6056,0,3691,成功
/pub/data/jiafq/iscas/Parser_Comparison/../benchmarks/part53/non-incremental/QF_LRA/sc/sc-25.induction2.cvc.smt2,97.1072,0,4448,成功
/pub/data/jiafq/iscas/Parser_Comparison/../benchmarks/part53/non-incremental/QF_LRA/sc/sc-25.induction3.cvc.smt2,100.279,0,4445,成功
/pub/data/jiafq/iscas/Parser_Comparison/../benchmarks/part53/non-incremental/QF_LRA/sc/sc-26.base.cvc.smt2,87.2722,0,3848,成功
/pub/data/jiafq/iscas/Parser_Comparison/../benchmarks/part53/non-incremental/QF_LRA/sc/sc-26.induction.cvc.smt2,86.9834,0,3837,成功
/pub/data/jiafq/iscas/Parser_Comparison/../benchmarks/part53/non-incremental/QF_LRA/sc/sc-26.induction2.cvc.smt2,99.5386,0,4623,成功
/pub/data/jiafq/iscas/Parser_Comparison/../benchmarks/part53/non-incremental/QF_LRA/sc/sc-26.induction3.cvc.smt2,105.792,0,4620,成功
/pub/data/jiafq/iscas/Parser_Comparison/../benchmarks/part53/non-incremental/QF_LRA/sc/sc-27.base.cvc.smt2,89.4901,0,3994,成功
/pub/data/jiafq/iscas/Parser_Comparison/../benchmarks/part53/non-incremental/QF_LRA/sc/sc-27.induction.cvc.smt2,91.9146,0,3983,成功
/pub/data/jiafq/iscas/Parser_Comparison/../benchmarks/part53/non-incremental/QF_LRA/sc/sc-27.induction2.cvc.smt2,105.533,0,4798,成功
/pub/data/jiafq/iscas/Parser_Comparison/../benchmarks/part53/non-incremental/QF_LRA/sc/sc-27.induction3.cvc.smt2,108.779,0,4795,成功
/pub/data/jiafq/iscas/Parser_Comparison/../benchmarks/part53/non-incremental/QF_LRA/sc/sc-28.base.cvc.smt2,92.9099,0,4140,成功
/pub/data/jiafq/iscas/Parser_Comparison/../benchmarks/part53/non-incremental/QF_LRA/sc/sc-28.induction.cvc.smt2,96.801,0,4129,成功
/pub/data/jiafq/iscas/Parser_Comparison/../benchmarks/part53/non-incremental/QF_LRA/sc/sc-28.induction2.cvc.smt2,112.46,0,4973,成功
/pub/data/jiafq/iscas/Parser_Comparison/../benchmarks/part53/non-incremental/QF_LRA/sc/sc-28.induction3.cvc.smt2,111.763,0,4970,成功
/pub/data/jiafq/iscas/Parser_Comparison/../benchmarks/part53/non-incremental/QF_LRA/sc/sc-29.base.cvc.smt2,96.083,0,4286,成功
/pub/data/jiafq/iscas/Parser_Comparison/../benchmarks/part53/non-incremental/QF_LRA/sc/sc-29.induction.cvc.smt2,96.9471,0,4275,成功
/pub/data/jiafq/iscas/Parser_Comparison/../benchmarks/part53/non-incremental/QF_LRA/sc/sc-29.induction2.cvc.smt2,113.003,0,5148,成功
/pub/data/jiafq/iscas/Parser_Comparison/../benchmarks/part53/non-incremental/QF_LRA/sc/sc-29.induction3.cvc.smt2,115.477,0,5145,成功
/pub/data/jiafq/iscas/Parser_Comparison/../benchmarks/part53/non-incremental/QF_LRA/sc/sc-30.base.cvc.smt2,102.166,0,4432,成功
/pub/data/jiafq/iscas/Parser_Comparison/../benchmarks/part53/non-incremental/QF_LRA/sc/sc-30.induction.cvc.smt2,98.0168,0,4421,成功
/pub/data/jiafq/iscas/Parser_Comparison/../benchmarks/part53/non-incremental/QF_LRA/sc/sc-30.induction2.cvc.smt2,118.927,0,5323,成功
/pub/data/jiafq/iscas/Parser_Comparison/../benchmarks/part53/non-incremental/QF_LRA/sc/sc-30.induction3.cvc.smt2,118.437,0,5320,成功
/pub/data/jiafq/iscas/Parser_Comparison/../benchmarks/part53/non-incremental/QF_LRA/sc/sc-31.base.cvc.smt2,101.742,0,4578,成功
/pub/data/jiafq/iscas/Parser_Comparison/../benchmarks/part53/non-incremental/QF_LRA/sc/sc-31.induction.cvc.smt2,103.668,0,4567,成功
/pub/data/jiafq/iscas/Parser_Comparison/../benchmarks/part53/non-incremental/QF_LRA/sc/sc-31.induction2.cvc.smt2,122.856,0,5498,成功
/pub/data/jiafq/iscas/Parser_Comparison/../benchmarks/part53/non-incremental/QF_LRA/sc/sc-31.induction3.cvc.smt2,125.087,0,5495,成功
/pub/data/jiafq/iscas/Parser_Comparison/../benchmarks/part53/non-incremental/QF_LRA/sc/sc-32.base.cvc.smt2,110.328,0,4724,成功
/pub/data/jiafq/iscas/Parser_Comparison/../benchmarks/part53/non-incremental/QF_LRA/sc/sc-32.induction.cvc.smt2,105.785,0,4713,成功
/pub/data/jiafq/iscas/Parser_Comparison/../benchmarks/part53/non-incremental/QF_LRA/sc/sc-32.induction2.cvc.smt2,125.6,0,5673,成功
/pub/data/jiafq/iscas/Parser_Comparison/../benchmarks/part53/non-incremental/QF_LRA/sc/sc-32.induction3.cvc.smt2,129.337,0,5670,成功
/pub/data/jiafq/iscas/Parser_Comparison/../benchmarks/part53/non-incremental/QF_LRA/sc/sc-33.base.cvc.smt2,111.891,0,4870,成功
/pub/data/jiafq/iscas/Parser_Comparison/../benchmarks/part53/non-incremental/QF_LRA/sc/sc-33.induction.cvc.smt2,109.406,0,4859,成功
/pub/data/jiafq/iscas/Parser_Comparison/../benchmarks/part53/non-incremental/QF_LRA/sc/sc-33.induction2.cvc.smt2,130.696,0,5848,成功
/pub/data/jiafq/iscas/Parser_Comparison/../benchmarks/part53/non-incremental/QF_LRA/sc/sc-33.induction3.cvc.smt2,142.658,0,5845,成功
/pub/data/jiafq/iscas/Parser_Comparison/../benchmarks/part53/non-incremental/QF_LRA/sc/sc-34.base.cvc.smt2,122.76,0,5016,成功
/pub/data/jiafq/iscas/Parser_Comparison/../benchmarks/part53/non-incremental/QF_LRA/sc/sc-34.induction.cvc.smt2,115.149,0,5005,成功
/pub/data/jiafq/iscas/Parser_Comparison/../benchmarks/part53/non-incremental/QF_LRA/sc/sc-34.induction2.cvc.smt2,133.936,0,6023,成功
/pub/data/jiafq/iscas/Parser_Comparison/../benchmarks/part53/non-incremental/QF_LRA/sc/sc-34.induction3.cvc.smt2,137.046,0,6020,成功
/pub/data/jiafq/iscas/Parser_Comparison/../benchmarks/part53/non-incremental/QF_LRA/sc/sc-35.base.cvc.smt2,119.117,0,5162,成功
/pub/data/jiafq/iscas/Parser_Comparison/../benchmarks/part53/non-incremental/QF_LRA/sc/sc-35.induction.cvc.smt2,117.812,0,5151,成功
/pub/data/jiafq/iscas/Parser_Comparison/../benchmarks/part53/non-incremental/QF_LRA/sc/sc-35.induction2.cvc.smt2,136.395,0,6198,成功
/pub/data/jiafq/iscas/Parser_Comparison/../benchmarks/part53/non-incremental/QF_LRA/sc/sc-35.induction3.cvc.smt2,138.42,0,6195,成功
/pub/data/jiafq/iscas/Parser_Comparison/../benchmarks/part53/non-incremental/QF_LRA/sc/sc-36.base.cvc.smt2,122.267,0,5308,成功
/pub/data/jiafq/iscas/Parser_Comparison/../benchmarks/part53/non-incremental/QF_LRA/sc/sc-36.induction.cvc.smt2,124.849,0,5297,成功
/pub/data/jiafq/iscas/Parser_Comparison/../benchmarks/part53/non-incremental/QF_LRA/sc/sc-36.induction2.cvc.smt2,141.126,0,6373,成功
/pub/data/jiafq/iscas/Parser_Comparison/../benchmarks/part53/non-incremental/QF_LRA/sc/sc-36.induction3.cvc.smt2,140.302,0,6370,成功
/pub/data/jiafq/iscas/Parser_Comparison/../benchmarks/part53/non-incremental/QF_LRA/sc/sc-37.base.cvc.smt2,121.684,0,5454,成功
/pub/data/jiafq/iscas/Parser_Comparison/../benchmarks/part53/non-incremental/QF_LRA/sc/sc-37.induction.cvc.smt2,125.061,0,5443,成功
/pub/data/jiafq/iscas/Parser_Comparison/../benchmarks/part53/non-incremental/QF_LRA/sc/sc-37.induction2.cvc.smt2,143.455,0,6548,成功
/pub/data/jiafq/iscas/Parser_Comparison/../benchmarks/part53/non-incremental/QF_LRA/sc/sc-37.induction3.cvc.smt2,147.513,0,6545,成功
/pub/data/jiafq/iscas/Parser_Comparison/../benchmarks/part53/non-incremental/QF_LRA/sc/sc-38.base.cvc.smt2,129.966,0,5600,成功
/pub/data/jiafq/iscas/Parser_Comparison/../benchmarks/part53/non-incremental/QF_LRA/sc/sc-38.induction.cvc.smt2,124.619,0,5589,成功
/pub/data/jiafq/iscas/Parser_Comparison/../benchmarks/part53/non-incremental/QF_LRA/sc/sc-38.induction2.cvc.smt2,148.018,0,6723,成功
/pub/data/jiafq/iscas/Parser_Comparison/../benchmarks/part53/non-incremental/QF_LRA/sc/sc-38.induction3.cvc.smt2,150.381,0,6720,成功
/pub/data/jiafq/iscas/Parser_Comparison/../benchmarks/part53/non-incremental/QF_LRA/sc/sc-39.base.cvc.smt2,128.609,0,5746,成功
/pub/data/jiafq/iscas/Parser_Comparison/../benchmarks/part53/non-incremental/QF_LRA/sc/sc-39.induction.cvc.smt2,128.368,0,5735,成功
/pub/data/jiafq/iscas/Parser_Comparison/../benchmarks/part53/non-incremental/QF_LRA/sc/sc-39.induction2.cvc.smt2,154.474,0,6898,成功
/pub/data/jiafq/iscas/Parser_Comparison/../benchmarks/part53/non-incremental/QF_LRA/sc/sc-39.induction3.cvc.smt2,156.152,0,6895,成功
/pub/data/jiafq/iscas/Parser_Comparison/../benchmarks/part53/non-incremental/QF_LRA/sc/sc-40.base.cvc.smt2,131.926,0,5892,成功
/pub/data/jiafq/iscas/Parser_Comparison/../benchmarks/part53/non-incremental/QF_LRA/sc/sc-40.induction.cvc.smt2,136.042,0,5881,成功
/pub/data/jiafq/iscas/Parser_Comparison/../benchmarks/part53/non-incremental/QF_LRA/sc/sc-40.induction2.cvc.smt2,154.712,0,7073,成功
/pub/data/jiafq/iscas/Parser_Comparison/../benchmarks/part53/non-incremental/QF_LRA/sc/sc-40.induction3.cvc.smt2,157.002,0,7070,成功
/pub/data/jiafq/iscas/Parser_Comparison/../benchmarks/part53/non-incremental/QF_LRA/sc/sc-5.base.cvc.smt2,25.8238,0,782,成功
/pub/data/jiafq/iscas/Parser_Comparison/../benchmarks/part53/non-incremental/QF_LRA/sc/sc-5.induction.cvc.smt2,25.8212,0,771,成功
/pub/data/jiafq/iscas/Parser_Comparison/../benchmarks/part53/non-incremental/QF_LRA/sc/sc-5.induction2.cvc.smt2,23.4833,0,948,成功
/pub/data/jiafq/iscas/Parser_Comparison/../benchmarks/part53/non-incremental/QF_LRA/sc/sc-5.induction3.cvc.smt2,23.9438,0,945,成功
/pub/data/jiafq/iscas/Parser_Comparison/../benchmarks/part53/non-incremental/QF_LRA/sc/sc-6.base.cvc.smt2,29.3946,0,928,成功
/pub/data/jiafq/iscas/Parser_Comparison/../benchmarks/part53/non-incremental/QF_LRA/sc/sc-6.induction.cvc.smt2,29.6875,0,917,成功
/pub/data/jiafq/iscas/Parser_Comparison/../benchmarks/part53/non-incremental/QF_LRA/sc/sc-6.induction2.cvc.smt2,27.7639,0,1123,成功
/pub/data/jiafq/iscas/Parser_Comparison/../benchmarks/part53/non-incremental/QF_LRA/sc/sc-6.induction3.cvc.smt2,27.3916,0,1120,成功
/pub/data/jiafq/iscas/Parser_Comparison/../benchmarks/part53/non-incremental/QF_LRA/sc/sc-7.base.cvc.smt2,28.9749,0,1074,成功
/pub/data/jiafq/iscas/Parser_Comparison/../benchmarks/part53/non-incremental/QF_LRA/sc/sc-7.induction.cvc.smt2,27.1983,0,1063,成功
/pub/data/jiafq/iscas/Parser_Comparison/../benchmarks/part53/non-incremental/QF_LRA/sc/sc-7.induction2.cvc.smt2,31.3536,0,1298,成功
/pub/data/jiafq/iscas/Parser_Comparison/../benchmarks/part53/non-incremental/QF_LRA/sc/sc-7.induction3.cvc.smt2,33.6112,0,1295,成功
/pub/data/jiafq/iscas/Parser_Comparison/../benchmarks/part53/non-incremental/QF_LRA/sc/sc-8.base.cvc.smt2,32.0831,0,1220,成功
/pub/data/jiafq/iscas/Parser_Comparison/../benchmarks/part53/non-incremental/QF_LRA/sc/sc-8.induction.cvc.smt2,31.6821,0,1209,成功
/pub/data/jiafq/iscas/Parser_Comparison/../benchmarks/part53/non-incremental/QF_LRA/sc/sc-8.induction2.cvc.smt2,35.3485,0,1473,成功
/pub/data/jiafq/iscas/Parser_Comparison/../benchmarks/part53/non-incremental/QF_LRA/sc/sc-8.induction3.cvc.smt2,35.7385,0,1470,成功
/pub/data/jiafq/iscas/Parser_Comparison/../benchmarks/part53/non-incremental/QF_LRA/sc/sc-9.base.cvc.smt2,33.6578,0,1366,成功
/pub/data/jiafq/iscas/Parser_Comparison/../benchmarks/part53/non-incremental/QF_LRA/sc/sc-9.induction.cvc.smt2,33.4907,0,1355,成功
/pub/data/jiafq/iscas/Parser_Comparison/../benchmarks/part53/non-incremental/QF_LRA/sc/sc-9.induction2.cvc.smt2,39.0874,0,1648,成功
/pub/data/jiafq/iscas/Parser_Comparison/../benchmarks/part53/non-incremental/QF_LRA/sc/sc-9.induction3.cvc.smt2,38.4205,0,1645,成功
/pub/data/jiafq/iscas/Parser_Comparison/../benchmarks/part53/non-incremental/QF_LRA/spider_benchmarks/bad_echos_ascend.base.smt2,19.7691,0,629,成功
/pub/data/jiafq/iscas/Parser_Comparison/../benchmarks/part53/non-incremental/QF_LRA/spider_benchmarks/bad_echos_ascend.induction.smt2,15.9182,0,582,成功
/pub/data/jiafq/iscas/Parser_Comparison/../benchmarks/part53/non-incremental/QF_LRA/spider_benchmarks/current_frame.base.smt2,37.4572,0,1579,成功
/pub/data/jiafq/iscas/Parser_Comparison/../benchmarks/part53/non-incremental/QF_LRA/spider_benchmarks/current_frame.induction.smt2,39.7808,0,1652,成功
/pub/data/jiafq/iscas/Parser_Comparison/../benchmarks/part53/non-incremental/QF_LRA/spider_benchmarks/frame_prop.base.smt2,17.8399,0,641,成功
/pub/data/jiafq/iscas/Parser_Comparison/../benchmarks/part53/non-incremental/QF_LRA/spider_benchmarks/frame_prop.induction.smt2,15.6981,0,594,成功
/pub/data/jiafq/iscas/Parser_Comparison/../benchmarks/part53/non-incremental/QF_LRA/spider_benchmarks/fs_frame_gap.base.smt2,37.616,0,1591,成功
/pub/data/jiafq/iscas/Parser_Comparison/../benchmarks/part53/non-incremental/QF_LRA/spider_benchmarks/fs_frame_gap.induction.smt2,42.097,0,1628,成功
/pub/data/jiafq/iscas/Parser_Comparison/../benchmarks/part53/non-incremental/QF_LRA/spider_benchmarks/fs_init_no_op_accs.base.smt2,16.7504,0,633,成功
/pub/data/jiafq/iscas/Parser_Comparison/../benchmarks/part53/non-incremental/QF_LRA/spider_benchmarks/fs_init_no_op_accs.induction.smt2,16.0176,0,596,成功
/pub/data/jiafq/iscas/Parser_Comparison/../benchmarks/part53/non-incremental/QF_LRA/spider_benchmarks/fs_no_op_accs.base.smt2,39.447,224,1579,成功
/pub/data/jiafq/iscas/Parser_Comparison/../benchmarks/part53/non-incremental/QF_LRA/spider_benchmarks/fs_no_op_accs.induction.smt2,41.571,0,1712,成功
/pub/data/jiafq/iscas/Parser_Comparison/../benchmarks/part53/non-incremental/QF_LRA/spider_benchmarks/fs_not_sc_seen.base.smt2,19.4042,0,629,成功
/pub/data/jiafq/iscas/Parser_Comparison/../benchmarks/part53/non-incremental/QF_LRA/spider_benchmarks/fs_not_sc_seen.induction.smt2,16.2236,0,594,成功
/pub/data/jiafq/iscas/Parser_Comparison/../benchmarks/part53/non-incremental/QF_LRA/spider_benchmarks/fs_window.base.smt2,39.4052,0,1619,成功
/pub/data/jiafq/iscas/Parser_Comparison/../benchmarks/part53/non-incremental/QF_LRA/spider_benchmarks/fs_window.induction.smt2,42.2008,0,1703,成功
/pub/data/jiafq/iscas/Parser_Comparison/../benchmarks/part53/non-incremental/QF_LRA/spider_benchmarks/good_frame_update.base.smt2,27.38,0,1103,成功
/pub/data/jiafq/iscas/Parser_Comparison/../benchmarks/part53/non-incremental/QF_LRA/spider_benchmarks/good_frame_update.induction.smt2,27.9028,0,1059,成功
/pub/data/jiafq/iscas/Parser_Comparison/../benchmarks/part53/non-incremental/QF_LRA/spider_benchmarks/mode_cntrl.base.smt2,18.5875,0,642,成功
/pub/data/jiafq/iscas/Parser_Comparison/../benchmarks/part53/non-incremental/QF_LRA/spider_benchmarks/mode_cntrl.induction.smt2,22.0808,0,595,成功
/pub/data/jiafq/iscas/Parser_Comparison/../benchmarks/part53/non-incremental/QF_LRA/spider_benchmarks/no_op_accs.base.smt2,22.6272,0,625,成功
/pub/data/jiafq/iscas/Parser_Comparison/../benchmarks/part53/non-incremental/QF_LRA/spider_benchmarks/no_op_accs.induction.smt2,17.2463,0,593,成功
/pub/data/jiafq/iscas/Parser_Comparison/../benchmarks/part53/non-incremental/QF_LRA/spider_benchmarks/op_seen_less2.base.smt2,55.6307,0,2060,成功
/pub/data/jiafq/iscas/Parser_Comparison/../benchmarks/part53/non-incremental/QF_LRA/spider_benchmarks/op_seen_less2.induction.smt2,49.5322,0,2078,成功
/pub/data/jiafq/iscas/Parser_Comparison/../benchmarks/part53/non-incremental/QF_LRA/spider_benchmarks/op_seen_more1.base.smt2,38.7419,0,1587,成功
/pub/data/jiafq/iscas/Parser_Comparison/../benchmarks/part53/non-incremental/QF_LRA/spider_benchmarks/op_seen_more1.induction.smt2,44.9522,0,1617,成功
/pub/data/jiafq/iscas/Parser_Comparison/../benchmarks/part53/non-incremental/QF_LRA/spider_benchmarks/pd_finish.base.smt2,17.6795,0,627,成功
/pub/data/jiafq/iscas/Parser_Comparison/../benchmarks/part53/non-incremental/QF_LRA/spider_benchmarks/pd_finish.induction.smt2,14.8617,0,580,成功
/pub/data/jiafq/iscas/Parser_Comparison/../benchmarks/part53/non-incremental/QF_LRA/spider_benchmarks/pd_init_op_accs.base.smt2,18.0093,0,634,成功
/pub/data/jiafq/iscas/Parser_Comparison/../benchmarks/part53/non-incremental/QF_LRA/spider_benchmarks/pd_init_op_accs.induction.smt2,15.6393,0,589,成功
/pub/data/jiafq/iscas/Parser_Comparison/../benchmarks/part53/non-incremental/QF_LRA/spider_benchmarks/pd_no_op_accs.base.smt2,17.8684,0,627,成功
/pub/data/jiafq/iscas/Parser_Comparison/../benchmarks/part53/non-incremental/QF_LRA/spider_benchmarks/pd_no_op_accs.induction.smt2,15.5348,0,599,成功
/pub/data/jiafq/iscas/Parser_Comparison/../benchmarks/part53/non-incremental/QF_LRA/spider_benchmarks/pd_not_fs_seen.base.smt2,16.6328,0,629,成功
/pub/data/jiafq/iscas/Parser_Comparison/../benchmarks/part53/non-incremental/QF_LRA/spider_benchmarks/pd_not_fs_seen.induction.smt2,15.2986,0,582,成功
/pub/data/jiafq/iscas/Parser_Comparison/../benchmarks/part53/non-incremental/QF_LRA/spider_benchmarks/pd_not_sc_seen.base.smt2,17.8858,0,629,成功
/pub/data/jiafq/iscas/Parser_Comparison/../benchmarks/part53/non-incremental/QF_LRA/spider_benchmarks/pd_not_sc_seen.induction.smt2,15.2546,0,582,成功
/pub/data/jiafq/iscas/Parser_Comparison/../benchmarks/part53/non-incremental/QF_LRA/spider_benchmarks/reint_to_least.base.smt2,29.021,0,1118,成功
/pub/data/jiafq/iscas/Parser_Comparison/../benchmarks/part53/non-incremental/QF_LRA/spider_benchmarks/reint_to_least.induction.smt2,28.3809,0,1167,成功
/pub/data/jiafq/iscas/Parser_Comparison/../benchmarks/part53/non-incremental/QF_LRA/spider_benchmarks/sc_init_frame_gap.base.smt2,15.3896,0,638,成功
/pub/data/jiafq/iscas/Parser_Comparison/../benchmarks/part53/non-incremental/QF_LRA/spider_benchmarks/sc_init_frame_gap.induction.smt2,15.5651,0,654,成功
/pub/data/jiafq/iscas/Parser_Comparison/../benchmarks/part53/non-incremental/QF_LRA/spider_benchmarks/synched.base.smt2,38.6025,0,1640,成功
/pub/data/jiafq/iscas/Parser_Comparison/../benchmarks/part53/non-incremental/QF_LRA/spider_benchmarks/synched.induction.smt2,39.7198,224,1715,成功
平均值,1825.43,6.27189,25842.3,99.9167%
