文件名,解析时间(ms),内存使用(KB),AST节点数量,结果
/pub/data/jiafq/iscas/Parser_Comparison/../benchmarks/part29/non-incremental/QF_BV/sage/app9/bench_1839.smt2,50.4709,0,1182,成功
/pub/data/jiafq/iscas/Parser_Comparison/../benchmarks/part29/non-incremental/QF_BV/sage/app9/bench_184.smt2,62.9447,0,1618,成功
/pub/data/jiafq/iscas/Parser_Comparison/../benchmarks/part29/non-incremental/QF_BV/sage/app9/bench_1840.smt2,48.6993,0,1181,成功
/pub/data/jiafq/iscas/Parser_Comparison/../benchmarks/part29/non-incremental/QF_BV/sage/app9/bench_1841.smt2,55.7863,0,1179,成功
/pub/data/jiafq/iscas/Parser_Comparison/../benchmarks/part29/non-incremental/QF_BV/sage/app9/bench_1842.smt2,50.8543,0,1178,成功
/pub/data/jiafq/iscas/Parser_Comparison/../benchmarks/part29/non-incremental/QF_BV/sage/app9/bench_1843.smt2,2.25231,0,43,成功
/pub/data/jiafq/iscas/Parser_Comparison/../benchmarks/part29/non-incremental/QF_BV/sage/app9/bench_1844.smt2,1.98256,0,17,成功
/pub/data/jiafq/iscas/Parser_Comparison/../benchmarks/part29/non-incremental/QF_BV/sage/app9/bench_1845.smt2,1.85926,0,15,成功
/pub/data/jiafq/iscas/Parser_Comparison/../benchmarks/part29/non-incremental/QF_BV/sage/app9/bench_1846.smt2,53.0684,0,1175,成功
/pub/data/jiafq/iscas/Parser_Comparison/../benchmarks/part29/non-incremental/QF_BV/sage/app9/bench_1847.smt2,111.38,0,2512,成功
/pub/data/jiafq/iscas/Parser_Comparison/../benchmarks/part29/non-incremental/QF_BV/sage/app9/bench_1848.smt2,7.86749,232,157,成功
/pub/data/jiafq/iscas/Parser_Comparison/../benchmarks/part29/non-incremental/QF_BV/sage/app9/bench_1849.smt2,7.97417,0,153,成功
/pub/data/jiafq/iscas/Parser_Comparison/../benchmarks/part29/non-incremental/QF_BV/sage/app9/bench_185.smt2,4.84981,0,93,成功
/pub/data/jiafq/iscas/Parser_Comparison/../benchmarks/part29/non-incremental/QF_BV/sage/app9/bench_1850.smt2,7.95642,0,150,成功
/pub/data/jiafq/iscas/Parser_Comparison/../benchmarks/part29/non-incremental/QF_BV/sage/app9/bench_1851.smt2,7.7651,0,145,成功
/pub/data/jiafq/iscas/Parser_Comparison/../benchmarks/part29/non-incremental/QF_BV/sage/app9/bench_1852.smt2,8.31873,0,144,成功
/pub/data/jiafq/iscas/Parser_Comparison/../benchmarks/part29/non-incremental/QF_BV/sage/app9/bench_1853.smt2,7.75011,220,144,成功
/pub/data/jiafq/iscas/Parser_Comparison/../benchmarks/part29/non-incremental/QF_BV/sage/app9/bench_1854.smt2,50.1738,0,1176,成功
/pub/data/jiafq/iscas/Parser_Comparison/../benchmarks/part29/non-incremental/QF_BV/sage/app9/bench_1855.smt2,2.64136,0,33,成功
/pub/data/jiafq/iscas/Parser_Comparison/../benchmarks/part29/non-incremental/QF_BV/sage/app9/bench_1856.smt2,48.1214,0,1171,成功
/pub/data/jiafq/iscas/Parser_Comparison/../benchmarks/part29/non-incremental/QF_BV/sage/app9/bench_1857.smt2,53.5792,0,1172,成功
/pub/data/jiafq/iscas/Parser_Comparison/../benchmarks/part29/non-incremental/QF_BV/sage/app9/bench_1858.smt2,117.061,0,2510,成功
/pub/data/jiafq/iscas/Parser_Comparison/../benchmarks/part29/non-incremental/QF_BV/sage/app9/bench_1859.smt2,47.1472,0,1168,成功
/pub/data/jiafq/iscas/Parser_Comparison/../benchmarks/part29/non-incremental/QF_BV/sage/app9/bench_186.smt2,64.6686,0,1620,成功
/pub/data/jiafq/iscas/Parser_Comparison/../benchmarks/part29/non-incremental/QF_BV/sage/app9/bench_1860.smt2,48.55,0,1168,成功
/pub/data/jiafq/iscas/Parser_Comparison/../benchmarks/part29/non-incremental/QF_BV/sage/app9/bench_1861.smt2,49.1611,0,1161,成功
/pub/data/jiafq/iscas/Parser_Comparison/../benchmarks/part29/non-incremental/QF_BV/sage/app9/bench_1862.smt2,47.7995,0,1158,成功
/pub/data/jiafq/iscas/Parser_Comparison/../benchmarks/part29/non-incremental/QF_BV/sage/app9/bench_1863.smt2,48.6493,0,1156,成功
/pub/data/jiafq/iscas/Parser_Comparison/../benchmarks/part29/non-incremental/QF_BV/sage/app9/bench_1864.smt2,48.759,0,1155,成功
/pub/data/jiafq/iscas/Parser_Comparison/../benchmarks/part29/non-incremental/QF_BV/sage/app9/bench_1865.smt2,3.46381,0,30,成功
/pub/data/jiafq/iscas/Parser_Comparison/../benchmarks/part29/non-incremental/QF_BV/sage/app9/bench_1866.smt2,1.98196,0,27,成功
/pub/data/jiafq/iscas/Parser_Comparison/../benchmarks/part29/non-incremental/QF_BV/sage/app9/bench_1867.smt2,50.2804,0,1157,成功
/pub/data/jiafq/iscas/Parser_Comparison/../benchmarks/part29/non-incremental/QF_BV/sage/app9/bench_1868.smt2,10.5556,0,140,成功
/pub/data/jiafq/iscas/Parser_Comparison/../benchmarks/part29/non-incremental/QF_BV/sage/app9/bench_1869.smt2,111.232,0,2508,成功
/pub/data/jiafq/iscas/Parser_Comparison/../benchmarks/part29/non-incremental/QF_BV/sage/app9/bench_187.smt2,61.565,0,1619,成功
/pub/data/jiafq/iscas/Parser_Comparison/../benchmarks/part29/non-incremental/QF_BV/sage/app9/bench_1870.smt2,7.94397,0,135,成功
/pub/data/jiafq/iscas/Parser_Comparison/../benchmarks/part29/non-incremental/QF_BV/sage/app9/bench_1871.smt2,12.1793,0,130,成功
/pub/data/jiafq/iscas/Parser_Comparison/../benchmarks/part29/non-incremental/QF_BV/sage/app9/bench_1872.smt2,13.9626,0,121,成功
/pub/data/jiafq/iscas/Parser_Comparison/../benchmarks/part29/non-incremental/QF_BV/sage/app9/bench_1873.smt2,7.07041,0,120,成功
/pub/data/jiafq/iscas/Parser_Comparison/../benchmarks/part29/non-incremental/QF_BV/sage/app9/bench_1874.smt2,2.89914,0,41,成功
/pub/data/jiafq/iscas/Parser_Comparison/../benchmarks/part29/non-incremental/QF_BV/sage/app9/bench_1875.smt2,2.17251,0,39,成功
/pub/data/jiafq/iscas/Parser_Comparison/../benchmarks/part29/non-incremental/QF_BV/sage/app9/bench_1876.smt2,2.9529,0,21,成功
/pub/data/jiafq/iscas/Parser_Comparison/../benchmarks/part29/non-incremental/QF_BV/sage/app9/bench_1877.smt2,1.61077,0,18,成功
/pub/data/jiafq/iscas/Parser_Comparison/../benchmarks/part29/non-incremental/QF_BV/sage/app9/bench_1878.smt2,2.02984,0,21,成功
/pub/data/jiafq/iscas/Parser_Comparison/../benchmarks/part29/non-incremental/QF_BV/sage/app9/bench_1879.smt2,1.77258,232,18,成功
/pub/data/jiafq/iscas/Parser_Comparison/../benchmarks/part29/non-incremental/QF_BV/sage/app9/bench_188.smt2,65.2298,0,1621,成功
/pub/data/jiafq/iscas/Parser_Comparison/../benchmarks/part29/non-incremental/QF_BV/sage/app9/bench_1880.smt2,110.851,0,2507,成功
/pub/data/jiafq/iscas/Parser_Comparison/../benchmarks/part29/non-incremental/QF_BV/sage/app9/bench_1881.smt2,2.05104,0,21,成功
/pub/data/jiafq/iscas/Parser_Comparison/../benchmarks/part29/non-incremental/QF_BV/sage/app9/bench_1882.smt2,1.74909,0,18,成功
/pub/data/jiafq/iscas/Parser_Comparison/../benchmarks/part29/non-incremental/QF_BV/sage/app9/bench_1883.smt2,2.25883,0,32,成功
/pub/data/jiafq/iscas/Parser_Comparison/../benchmarks/part29/non-incremental/QF_BV/sage/app9/bench_1884.smt2,2.09228,0,29,成功
/pub/data/jiafq/iscas/Parser_Comparison/../benchmarks/part29/non-incremental/QF_BV/sage/app9/bench_1885.smt2,1.88051,0,24,成功
/pub/data/jiafq/iscas/Parser_Comparison/../benchmarks/part29/non-incremental/QF_BV/sage/app9/bench_1886.smt2,2.47645,0,21,成功
/pub/data/jiafq/iscas/Parser_Comparison/../benchmarks/part29/non-incremental/QF_BV/sage/app9/bench_1887.smt2,2.16255,0,19,成功
/pub/data/jiafq/iscas/Parser_Comparison/../benchmarks/part29/non-incremental/QF_BV/sage/app9/bench_1888.smt2,1.7688,0,16,成功
/pub/data/jiafq/iscas/Parser_Comparison/../benchmarks/part29/non-incremental/QF_BV/sage/app9/bench_1889.smt2,2.0036,0,28,成功
/pub/data/jiafq/iscas/Parser_Comparison/../benchmarks/part29/non-incremental/QF_BV/sage/app9/bench_189.smt2,63.7329,0,1617,成功
/pub/data/jiafq/iscas/Parser_Comparison/../benchmarks/part29/non-incremental/QF_BV/sage/app9/bench_1890.smt2,2.03615,0,24,成功
/pub/data/jiafq/iscas/Parser_Comparison/../benchmarks/part29/non-incremental/QF_BV/sage/app9/bench_1891.smt2,4.58064,0,101,成功
/pub/data/jiafq/iscas/Parser_Comparison/../benchmarks/part29/non-incremental/QF_BV/sage/app9/bench_1892.smt2,112.497,0,2505,成功
/pub/data/jiafq/iscas/Parser_Comparison/../benchmarks/part29/non-incremental/QF_BV/sage/app9/bench_1893.smt2,3.46437,0,21,成功
/pub/data/jiafq/iscas/Parser_Comparison/../benchmarks/part29/non-incremental/QF_BV/sage/app9/bench_1894.smt2,2.20663,0,18,成功
/pub/data/jiafq/iscas/Parser_Comparison/../benchmarks/part29/non-incremental/QF_BV/sage/app9/bench_1895.smt2,2.28491,0,32,成功
/pub/data/jiafq/iscas/Parser_Comparison/../benchmarks/part29/non-incremental/QF_BV/sage/app9/bench_1896.smt2,2.03135,0,29,成功
/pub/data/jiafq/iscas/Parser_Comparison/../benchmarks/part29/non-incremental/QF_BV/sage/app9/bench_1897.smt2,2.03718,0,24,成功
/pub/data/jiafq/iscas/Parser_Comparison/../benchmarks/part29/non-incremental/QF_BV/sage/app9/bench_1898.smt2,1.82859,0,21,成功
/pub/data/jiafq/iscas/Parser_Comparison/../benchmarks/part29/non-incremental/QF_BV/sage/app9/bench_1899.smt2,1.77811,0,19,成功
/pub/data/jiafq/iscas/Parser_Comparison/../benchmarks/part29/non-incremental/QF_BV/sage/app9/bench_19.smt2,74.9043,0,1835,成功
/pub/data/jiafq/iscas/Parser_Comparison/../benchmarks/part29/non-incremental/QF_BV/sage/app9/bench_190.smt2,68.6987,0,1615,成功
/pub/data/jiafq/iscas/Parser_Comparison/../benchmarks/part29/non-incremental/QF_BV/sage/app9/bench_1900.smt2,1.5874,0,16,成功
/pub/data/jiafq/iscas/Parser_Comparison/../benchmarks/part29/non-incremental/QF_BV/sage/app9/bench_1901.smt2,1.96289,0,28,成功
/pub/data/jiafq/iscas/Parser_Comparison/../benchmarks/part29/non-incremental/QF_BV/sage/app9/bench_1902.smt2,2.36288,0,24,成功
/pub/data/jiafq/iscas/Parser_Comparison/../benchmarks/part29/non-incremental/QF_BV/sage/app9/bench_1903.smt2,118.825,0,2504,成功
/pub/data/jiafq/iscas/Parser_Comparison/../benchmarks/part29/non-incremental/QF_BV/sage/app9/bench_1904.smt2,1.85335,0,21,成功
/pub/data/jiafq/iscas/Parser_Comparison/../benchmarks/part29/non-incremental/QF_BV/sage/app9/bench_1905.smt2,2.00505,0,18,成功
/pub/data/jiafq/iscas/Parser_Comparison/../benchmarks/part29/non-incremental/QF_BV/sage/app9/bench_1906.smt2,2.08098,0,32,成功
/pub/data/jiafq/iscas/Parser_Comparison/../benchmarks/part29/non-incremental/QF_BV/sage/app9/bench_1907.smt2,1.93503,0,29,成功
/pub/data/jiafq/iscas/Parser_Comparison/../benchmarks/part29/non-incremental/QF_BV/sage/app9/bench_1908.smt2,1.84197,0,24,成功
/pub/data/jiafq/iscas/Parser_Comparison/../benchmarks/part29/non-incremental/QF_BV/sage/app9/bench_1909.smt2,2.50351,0,21,成功
/pub/data/jiafq/iscas/Parser_Comparison/../benchmarks/part29/non-incremental/QF_BV/sage/app9/bench_191.smt2,62.0944,0,1615,成功
/pub/data/jiafq/iscas/Parser_Comparison/../benchmarks/part29/non-incremental/QF_BV/sage/app9/bench_1910.smt2,1.83302,0,19,成功
/pub/data/jiafq/iscas/Parser_Comparison/../benchmarks/part29/non-incremental/QF_BV/sage/app9/bench_1911.smt2,1.70205,0,16,成功
/pub/data/jiafq/iscas/Parser_Comparison/../benchmarks/part29/non-incremental/QF_BV/sage/app9/bench_1912.smt2,1.95259,0,28,成功
/pub/data/jiafq/iscas/Parser_Comparison/../benchmarks/part29/non-incremental/QF_BV/sage/app9/bench_1913.smt2,3.62266,0,24,成功
/pub/data/jiafq/iscas/Parser_Comparison/../benchmarks/part29/non-incremental/QF_BV/sage/app9/bench_1914.smt2,109.645,0,2502,成功
/pub/data/jiafq/iscas/Parser_Comparison/../benchmarks/part29/non-incremental/QF_BV/sage/app9/bench_1915.smt2,1.80095,0,21,成功
/pub/data/jiafq/iscas/Parser_Comparison/../benchmarks/part29/non-incremental/QF_BV/sage/app9/bench_1916.smt2,1.74264,0,18,成功
/pub/data/jiafq/iscas/Parser_Comparison/../benchmarks/part29/non-incremental/QF_BV/sage/app9/bench_1917.smt2,2.34845,0,32,成功
/pub/data/jiafq/iscas/Parser_Comparison/../benchmarks/part29/non-incremental/QF_BV/sage/app9/bench_1918.smt2,2.95019,0,29,成功
/pub/data/jiafq/iscas/Parser_Comparison/../benchmarks/part29/non-incremental/QF_BV/sage/app9/bench_1919.smt2,2.06297,0,24,成功
/pub/data/jiafq/iscas/Parser_Comparison/../benchmarks/part29/non-incremental/QF_BV/sage/app9/bench_192.smt2,120.492,0,2608,成功
/pub/data/jiafq/iscas/Parser_Comparison/../benchmarks/part29/non-incremental/QF_BV/sage/app9/bench_1920.smt2,1.83527,0,21,成功
/pub/data/jiafq/iscas/Parser_Comparison/../benchmarks/part29/non-incremental/QF_BV/sage/app9/bench_1921.smt2,2.0041,0,19,成功
/pub/data/jiafq/iscas/Parser_Comparison/../benchmarks/part29/non-incremental/QF_BV/sage/app9/bench_1922.smt2,1.8239,0,16,成功
/pub/data/jiafq/iscas/Parser_Comparison/../benchmarks/part29/non-incremental/QF_BV/sage/app9/bench_1923.smt2,3.13538,0,13,成功
/pub/data/jiafq/iscas/Parser_Comparison/../benchmarks/part29/non-incremental/QF_BV/sage/app9/bench_1924.smt2,2.27931,0,13,成功
/pub/data/jiafq/iscas/Parser_Comparison/../benchmarks/part29/non-incremental/QF_BV/sage/app9/bench_1925.smt2,111.792,0,2500,成功
/pub/data/jiafq/iscas/Parser_Comparison/../benchmarks/part29/non-incremental/QF_BV/sage/app9/bench_1926.smt2,1.67319,0,13,成功
/pub/data/jiafq/iscas/Parser_Comparison/../benchmarks/part29/non-incremental/QF_BV/sage/app9/bench_1927.smt2,1.96236,0,13,成功
/pub/data/jiafq/iscas/Parser_Comparison/../benchmarks/part29/non-incremental/QF_BV/sage/app9/bench_1928.smt2,1.82854,0,13,成功
/pub/data/jiafq/iscas/Parser_Comparison/../benchmarks/part29/non-incremental/QF_BV/sage/app9/bench_1929.smt2,2.2608,0,13,成功
/pub/data/jiafq/iscas/Parser_Comparison/../benchmarks/part29/non-incremental/QF_BV/sage/app9/bench_193.smt2,62.6883,0,1617,成功
/pub/data/jiafq/iscas/Parser_Comparison/../benchmarks/part29/non-incremental/QF_BV/sage/app9/bench_1930.smt2,2.01593,0,13,成功
/pub/data/jiafq/iscas/Parser_Comparison/../benchmarks/part29/non-incremental/QF_BV/sage/app9/bench_1931.smt2,1.66766,0,13,成功
/pub/data/jiafq/iscas/Parser_Comparison/../benchmarks/part29/non-incremental/QF_BV/sage/app9/bench_1932.smt2,2.03267,0,13,成功
/pub/data/jiafq/iscas/Parser_Comparison/../benchmarks/part29/non-incremental/QF_BV/sage/app9/bench_1933.smt2,2.98289,0,13,成功
/pub/data/jiafq/iscas/Parser_Comparison/../benchmarks/part29/non-incremental/QF_BV/sage/app9/bench_1934.smt2,49.486,0,1153,成功
/pub/data/jiafq/iscas/Parser_Comparison/../benchmarks/part29/non-incremental/QF_BV/sage/app9/bench_1935.smt2,2.14638,0,29,成功
/pub/data/jiafq/iscas/Parser_Comparison/../benchmarks/part29/non-incremental/QF_BV/sage/app9/bench_1936.smt2,109.845,0,2498,成功
/pub/data/jiafq/iscas/Parser_Comparison/../benchmarks/part29/non-incremental/QF_BV/sage/app9/bench_1937.smt2,3.12919,0,62,成功
/pub/data/jiafq/iscas/Parser_Comparison/../benchmarks/part29/non-incremental/QF_BV/sage/app9/bench_1938.smt2,2.53058,0,56,成功
/pub/data/jiafq/iscas/Parser_Comparison/../benchmarks/part29/non-incremental/QF_BV/sage/app9/bench_1939.smt2,2.08314,220,28,成功
/pub/data/jiafq/iscas/Parser_Comparison/../benchmarks/part29/non-incremental/QF_BV/sage/app9/bench_194.smt2,61.4798,228,1611,成功
/pub/data/jiafq/iscas/Parser_Comparison/../benchmarks/part29/non-incremental/QF_BV/sage/app9/bench_1940.smt2,1.97906,0,28,成功
/pub/data/jiafq/iscas/Parser_Comparison/../benchmarks/part29/non-incremental/QF_BV/sage/app9/bench_1941.smt2,2.3976,0,28,成功
/pub/data/jiafq/iscas/Parser_Comparison/../benchmarks/part29/non-incremental/QF_BV/sage/app9/bench_1942.smt2,3.11653,0,61,成功
/pub/data/jiafq/iscas/Parser_Comparison/../benchmarks/part29/non-incremental/QF_BV/sage/app9/bench_1943.smt2,2.96091,0,58,成功
/pub/data/jiafq/iscas/Parser_Comparison/../benchmarks/part29/non-incremental/QF_BV/sage/app9/bench_1944.smt2,4.70417,0,29,成功
/pub/data/jiafq/iscas/Parser_Comparison/../benchmarks/part29/non-incremental/QF_BV/sage/app9/bench_1945.smt2,8.03323,0,154,成功
/pub/data/jiafq/iscas/Parser_Comparison/../benchmarks/part29/non-incremental/QF_BV/sage/app9/bench_1946.smt2,3.27433,0,58,成功
/pub/data/jiafq/iscas/Parser_Comparison/../benchmarks/part29/non-incremental/QF_BV/sage/app9/bench_1947.smt2,10.0374,0,142,成功
/pub/data/jiafq/iscas/Parser_Comparison/../benchmarks/part29/non-incremental/QF_BV/sage/app9/bench_1948.smt2,2.66043,0,29,成功
/pub/data/jiafq/iscas/Parser_Comparison/../benchmarks/part29/non-incremental/QF_BV/sage/app9/bench_1949.smt2,6.05297,0,154,成功
/pub/data/jiafq/iscas/Parser_Comparison/../benchmarks/part29/non-incremental/QF_BV/sage/app9/bench_195.smt2,61.753,0,1606,成功
/pub/data/jiafq/iscas/Parser_Comparison/../benchmarks/part29/non-incremental/QF_BV/sage/app9/bench_1950.smt2,2.42562,0,53,成功
/pub/data/jiafq/iscas/Parser_Comparison/../benchmarks/part29/non-incremental/QF_BV/sage/app9/bench_1951.smt2,2.41692,0,33,成功
/pub/data/jiafq/iscas/Parser_Comparison/../benchmarks/part29/non-incremental/QF_BV/sage/app9/bench_1952.smt2,2.87927,0,33,成功
/pub/data/jiafq/iscas/Parser_Comparison/../benchmarks/part29/non-incremental/QF_BV/sage/app9/bench_1953.smt2,2.24123,0,26,成功
/pub/data/jiafq/iscas/Parser_Comparison/../benchmarks/part29/non-incremental/QF_BV/sage/app9/bench_1954.smt2,3.81202,0,26,成功
/pub/data/jiafq/iscas/Parser_Comparison/../benchmarks/part29/non-incremental/QF_BV/sage/app9/bench_1955.smt2,1.99163,0,26,成功
/pub/data/jiafq/iscas/Parser_Comparison/../benchmarks/part29/non-incremental/QF_BV/sage/app9/bench_1956.smt2,2.68778,0,59,成功
/pub/data/jiafq/iscas/Parser_Comparison/../benchmarks/part29/non-incremental/QF_BV/sage/app9/bench_1957.smt2,2.60446,0,29,成功
/pub/data/jiafq/iscas/Parser_Comparison/../benchmarks/part29/non-incremental/QF_BV/sage/app9/bench_1958.smt2,6.41316,0,138,成功
/pub/data/jiafq/iscas/Parser_Comparison/../benchmarks/part29/non-incremental/QF_BV/sage/app9/bench_1959.smt2,5.80559,0,154,成功
/pub/data/jiafq/iscas/Parser_Comparison/../benchmarks/part29/non-incremental/QF_BV/sage/app9/bench_196.smt2,27.229,0,652,成功
/pub/data/jiafq/iscas/Parser_Comparison/../benchmarks/part29/non-incremental/QF_BV/sage/app9/bench_1960.smt2,3.73833,0,92,成功
/pub/data/jiafq/iscas/Parser_Comparison/../benchmarks/part29/non-incremental/QF_BV/sage/app9/bench_1961.smt2,3.52736,0,89,成功
/pub/data/jiafq/iscas/Parser_Comparison/../benchmarks/part29/non-incremental/QF_BV/sage/app9/bench_1962.smt2,4.44728,0,87,成功
/pub/data/jiafq/iscas/Parser_Comparison/../benchmarks/part29/non-incremental/QF_BV/sage/app9/bench_1963.smt2,2.11639,0,35,成功
/pub/data/jiafq/iscas/Parser_Comparison/../benchmarks/part29/non-incremental/QF_BV/sage/app9/bench_1964.smt2,2.03007,0,33,成功
/pub/data/jiafq/iscas/Parser_Comparison/../benchmarks/part29/non-incremental/QF_BV/sage/app9/bench_1965.smt2,1.64634,228,17,成功
/pub/data/jiafq/iscas/Parser_Comparison/../benchmarks/part29/non-incremental/QF_BV/sage/app9/bench_1966.smt2,5.60269,0,86,成功
/pub/data/jiafq/iscas/Parser_Comparison/../benchmarks/part29/non-incremental/QF_BV/sage/app9/bench_1967.smt2,3.30297,0,82,成功
/pub/data/jiafq/iscas/Parser_Comparison/../benchmarks/part29/non-incremental/QF_BV/sage/app9/bench_1968.smt2,3.41557,0,79,成功
/pub/data/jiafq/iscas/Parser_Comparison/../benchmarks/part29/non-incremental/QF_BV/sage/app9/bench_1969.smt2,5.12994,0,136,成功
/pub/data/jiafq/iscas/Parser_Comparison/../benchmarks/part29/non-incremental/QF_BV/sage/app9/bench_197.smt2,62.3091,0,1606,成功
/pub/data/jiafq/iscas/Parser_Comparison/../benchmarks/part29/non-incremental/QF_BV/sage/app9/bench_1970.smt2,3.2827,0,76,成功
/pub/data/jiafq/iscas/Parser_Comparison/../benchmarks/part29/non-incremental/QF_BV/sage/app9/bench_1971.smt2,4.30835,0,73,成功
/pub/data/jiafq/iscas/Parser_Comparison/../benchmarks/part29/non-incremental/QF_BV/sage/app9/bench_1972.smt2,5.23416,0,70,成功
/pub/data/jiafq/iscas/Parser_Comparison/../benchmarks/part29/non-incremental/QF_BV/sage/app9/bench_1973.smt2,3.4432,0,67,成功
/pub/data/jiafq/iscas/Parser_Comparison/../benchmarks/part29/non-incremental/QF_BV/sage/app9/bench_1974.smt2,2.99166,0,64,成功
/pub/data/jiafq/iscas/Parser_Comparison/../benchmarks/part29/non-incremental/QF_BV/sage/app9/bench_1975.smt2,2.70838,0,62,成功
/pub/data/jiafq/iscas/Parser_Comparison/../benchmarks/part29/non-incremental/QF_BV/sage/app9/bench_1976.smt2,3.19074,0,50,成功
/pub/data/jiafq/iscas/Parser_Comparison/../benchmarks/part29/non-incremental/QF_BV/sage/app9/bench_1977.smt2,3.91667,0,92,成功
/pub/data/jiafq/iscas/Parser_Comparison/../benchmarks/part29/non-incremental/QF_BV/sage/app9/bench_1978.smt2,4.83209,0,89,成功
/pub/data/jiafq/iscas/Parser_Comparison/../benchmarks/part29/non-incremental/QF_BV/sage/app9/bench_1979.smt2,3.45792,0,87,成功
/pub/data/jiafq/iscas/Parser_Comparison/../benchmarks/part29/non-incremental/QF_BV/sage/app9/bench_198.smt2,60.6342,0,1606,成功
/pub/data/jiafq/iscas/Parser_Comparison/../benchmarks/part29/non-incremental/QF_BV/sage/app9/bench_1980.smt2,44.8762,0,1114,成功
/pub/data/jiafq/iscas/Parser_Comparison/../benchmarks/part29/non-incremental/QF_BV/sage/app9/bench_1981.smt2,2.97353,0,36,成功
/pub/data/jiafq/iscas/Parser_Comparison/../benchmarks/part29/non-incremental/QF_BV/sage/app9/bench_1982.smt2,2.05704,0,16,成功
/pub/data/jiafq/iscas/Parser_Comparison/../benchmarks/part29/non-incremental/QF_BV/sage/app9/bench_1983.smt2,1.94362,0,17,成功
/pub/data/jiafq/iscas/Parser_Comparison/../benchmarks/part29/non-incremental/QF_BV/sage/app9/bench_1984.smt2,3.35501,0,86,成功
/pub/data/jiafq/iscas/Parser_Comparison/../benchmarks/part29/non-incremental/QF_BV/sage/app9/bench_1985.smt2,5.15159,0,82,成功
/pub/data/jiafq/iscas/Parser_Comparison/../benchmarks/part29/non-incremental/QF_BV/sage/app9/bench_1986.smt2,3.50231,0,79,成功
/pub/data/jiafq/iscas/Parser_Comparison/../benchmarks/part29/non-incremental/QF_BV/sage/app9/bench_1987.smt2,3.2257,0,76,成功
/pub/data/jiafq/iscas/Parser_Comparison/../benchmarks/part29/non-incremental/QF_BV/sage/app9/bench_1988.smt2,3.04323,0,73,成功
/pub/data/jiafq/iscas/Parser_Comparison/../benchmarks/part29/non-incremental/QF_BV/sage/app9/bench_1989.smt2,3.13782,0,70,成功
/pub/data/jiafq/iscas/Parser_Comparison/../benchmarks/part29/non-incremental/QF_BV/sage/app9/bench_199.smt2,4.0276,0,90,成功
/pub/data/jiafq/iscas/Parser_Comparison/../benchmarks/part29/non-incremental/QF_BV/sage/app9/bench_1990.smt2,2.8633,0,67,成功
/pub/data/jiafq/iscas/Parser_Comparison/../benchmarks/part29/non-incremental/QF_BV/sage/app9/bench_1991.smt2,43.5916,0,1112,成功
/pub/data/jiafq/iscas/Parser_Comparison/../benchmarks/part29/non-incremental/QF_BV/sage/app9/bench_1992.smt2,2.99678,0,64,成功
/pub/data/jiafq/iscas/Parser_Comparison/../benchmarks/part29/non-incremental/QF_BV/sage/app9/bench_1993.smt2,4.09166,0,62,成功
/pub/data/jiafq/iscas/Parser_Comparison/../benchmarks/part29/non-incremental/QF_BV/sage/app9/bench_1994.smt2,4.11064,0,50,成功
/pub/data/jiafq/iscas/Parser_Comparison/../benchmarks/part29/non-incremental/QF_BV/sage/app9/bench_1995.smt2,47.0177,0,1151,成功
/pub/data/jiafq/iscas/Parser_Comparison/../benchmarks/part29/non-incremental/QF_BV/sage/app9/bench_1996.smt2,50.8415,0,1150,成功
/pub/data/jiafq/iscas/Parser_Comparison/../benchmarks/part29/non-incremental/QF_BV/sage/app9/bench_1997.smt2,51.0147,228,1147,成功
/pub/data/jiafq/iscas/Parser_Comparison/../benchmarks/part29/non-incremental/QF_BV/sage/app9/bench_1998.smt2,53.6744,0,1146,成功
/pub/data/jiafq/iscas/Parser_Comparison/../benchmarks/part29/non-incremental/QF_BV/sage/app9/bench_1999.smt2,1.78403,0,21,成功
/pub/data/jiafq/iscas/Parser_Comparison/../benchmarks/part29/non-incremental/QF_BV/sage/app9/bench_2.smt2,5.42511,0,128,成功
/pub/data/jiafq/iscas/Parser_Comparison/../benchmarks/part29/non-incremental/QF_BV/sage/app9/bench_20.smt2,79.3218,0,1832,成功
/pub/data/jiafq/iscas/Parser_Comparison/../benchmarks/part29/non-incremental/QF_BV/sage/app9/bench_200.smt2,62.3735,0,1600,成功
/pub/data/jiafq/iscas/Parser_Comparison/../benchmarks/part29/non-incremental/QF_BV/sage/app9/bench_2000.smt2,1.89513,0,22,成功
/pub/data/jiafq/iscas/Parser_Comparison/../benchmarks/part29/non-incremental/QF_BV/sage/app9/bench_2001.smt2,1.75746,240,21,成功
/pub/data/jiafq/iscas/Parser_Comparison/../benchmarks/part29/non-incremental/QF_BV/sage/app9/bench_2002.smt2,3.87406,0,98,成功
/pub/data/jiafq/iscas/Parser_Comparison/../benchmarks/part29/non-incremental/QF_BV/sage/app9/bench_2003.smt2,43.0688,0,1111,成功
/pub/data/jiafq/iscas/Parser_Comparison/../benchmarks/part29/non-incremental/QF_BV/sage/app9/bench_2004.smt2,9.91933,228,119,成功
/pub/data/jiafq/iscas/Parser_Comparison/../benchmarks/part29/non-incremental/QF_BV/sage/app9/bench_2005.smt2,6.18205,0,65,成功
/pub/data/jiafq/iscas/Parser_Comparison/../benchmarks/part29/non-incremental/QF_BV/sage/app9/bench_2006.smt2,3.51096,0,64,成功
/pub/data/jiafq/iscas/Parser_Comparison/../benchmarks/part29/non-incremental/QF_BV/sage/app9/bench_2007.smt2,3.83935,0,63,成功
/pub/data/jiafq/iscas/Parser_Comparison/../benchmarks/part29/non-incremental/QF_BV/sage/app9/bench_2008.smt2,3.13097,0,61,成功
/pub/data/jiafq/iscas/Parser_Comparison/../benchmarks/part29/non-incremental/QF_BV/sage/app9/bench_2009.smt2,3.0524,0,32,成功
/pub/data/jiafq/iscas/Parser_Comparison/../benchmarks/part29/non-incremental/QF_BV/sage/app9/bench_201.smt2,63.5716,0,1599,成功
/pub/data/jiafq/iscas/Parser_Comparison/../benchmarks/part29/non-incremental/QF_BV/sage/app9/bench_2010.smt2,2.25277,0,29,成功
/pub/data/jiafq/iscas/Parser_Comparison/../benchmarks/part29/non-incremental/QF_BV/sage/app9/bench_2011.smt2,2.60616,0,31,成功
/pub/data/jiafq/iscas/Parser_Comparison/../benchmarks/part29/non-incremental/QF_BV/sage/app9/bench_2012.smt2,7.62686,0,117,成功
/pub/data/jiafq/iscas/Parser_Comparison/../benchmarks/part29/non-incremental/QF_BV/sage/app9/bench_2013.smt2,7.0641,0,116,成功
/pub/data/jiafq/iscas/Parser_Comparison/../benchmarks/part29/non-incremental/QF_BV/sage/app9/bench_2014.smt2,4.76478,0,136,成功
/pub/data/jiafq/iscas/Parser_Comparison/../benchmarks/part29/non-incremental/QF_BV/sage/app9/bench_2015.smt2,9.01358,0,116,成功
/pub/data/jiafq/iscas/Parser_Comparison/../benchmarks/part29/non-incremental/QF_BV/sage/app9/bench_2016.smt2,1.96227,0,29,成功
/pub/data/jiafq/iscas/Parser_Comparison/../benchmarks/part29/non-incremental/QF_BV/sage/app9/bench_2017.smt2,2.48181,0,25,成功
/pub/data/jiafq/iscas/Parser_Comparison/../benchmarks/part29/non-incremental/QF_BV/sage/app9/bench_2018.smt2,7.89785,0,113,成功
/pub/data/jiafq/iscas/Parser_Comparison/../benchmarks/part29/non-incremental/QF_BV/sage/app9/bench_2019.smt2,6.31547,0,110,成功
/pub/data/jiafq/iscas/Parser_Comparison/../benchmarks/part29/non-incremental/QF_BV/sage/app9/bench_202.smt2,60.426,0,1594,成功
/pub/data/jiafq/iscas/Parser_Comparison/../benchmarks/part29/non-incremental/QF_BV/sage/app9/bench_2020.smt2,11.4942,0,107,成功
/pub/data/jiafq/iscas/Parser_Comparison/../benchmarks/part29/non-incremental/QF_BV/sage/app9/bench_2021.smt2,10.0773,0,104,成功
/pub/data/jiafq/iscas/Parser_Comparison/../benchmarks/part29/non-incremental/QF_BV/sage/app9/bench_2022.smt2,6.92087,0,101,成功
/pub/data/jiafq/iscas/Parser_Comparison/../benchmarks/part29/non-incremental/QF_BV/sage/app9/bench_2023.smt2,5.46866,228,98,成功
/pub/data/jiafq/iscas/Parser_Comparison/../benchmarks/part29/non-incremental/QF_BV/sage/app9/bench_2024.smt2,8.49326,0,95,成功
/pub/data/jiafq/iscas/Parser_Comparison/../benchmarks/part29/non-incremental/QF_BV/sage/app9/bench_2025.smt2,4.84832,0,132,成功
/pub/data/jiafq/iscas/Parser_Comparison/../benchmarks/part29/non-incremental/QF_BV/sage/app9/bench_2026.smt2,9.55383,0,92,成功
/pub/data/jiafq/iscas/Parser_Comparison/../benchmarks/part29/non-incremental/QF_BV/sage/app9/bench_2027.smt2,5.03299,0,89,成功
/pub/data/jiafq/iscas/Parser_Comparison/../benchmarks/part29/non-incremental/QF_BV/sage/app9/bench_2028.smt2,5.03522,0,86,成功
/pub/data/jiafq/iscas/Parser_Comparison/../benchmarks/part29/non-incremental/QF_BV/sage/app9/bench_2029.smt2,5.78419,0,83,成功
/pub/data/jiafq/iscas/Parser_Comparison/../benchmarks/part29/non-incremental/QF_BV/sage/app9/bench_203.smt2,114.647,0,2607,成功
/pub/data/jiafq/iscas/Parser_Comparison/../benchmarks/part29/non-incremental/QF_BV/sage/app9/bench_2030.smt2,4.70057,0,80,成功
/pub/data/jiafq/iscas/Parser_Comparison/../benchmarks/part29/non-incremental/QF_BV/sage/app9/bench_2031.smt2,4.49982,228,77,成功
/pub/data/jiafq/iscas/Parser_Comparison/../benchmarks/part29/non-incremental/QF_BV/sage/app9/bench_2032.smt2,5.75734,0,74,成功
/pub/data/jiafq/iscas/Parser_Comparison/../benchmarks/part29/non-incremental/QF_BV/sage/app9/bench_2033.smt2,3.88475,0,71,成功
/pub/data/jiafq/iscas/Parser_Comparison/../benchmarks/part29/non-incremental/QF_BV/sage/app9/bench_2034.smt2,3.81166,0,68,成功
/pub/data/jiafq/iscas/Parser_Comparison/../benchmarks/part29/non-incremental/QF_BV/sage/app9/bench_2035.smt2,5.62311,0,65,成功
/pub/data/jiafq/iscas/Parser_Comparison/../benchmarks/part29/non-incremental/QF_BV/sage/app9/bench_2036.smt2,5.01602,0,129,成功
/pub/data/jiafq/iscas/Parser_Comparison/../benchmarks/part29/non-incremental/QF_BV/sage/app9/bench_2037.smt2,4.78549,0,62,成功
/pub/data/jiafq/iscas/Parser_Comparison/../benchmarks/part29/non-incremental/QF_BV/sage/app9/bench_2038.smt2,3.2797,0,59,成功
/pub/data/jiafq/iscas/Parser_Comparison/../benchmarks/part29/non-incremental/QF_BV/sage/app9/bench_2039.smt2,3.29016,0,56,成功
/pub/data/jiafq/iscas/Parser_Comparison/../benchmarks/part29/non-incremental/QF_BV/sage/app9/bench_204.smt2,62.5951,220,1596,成功
/pub/data/jiafq/iscas/Parser_Comparison/../benchmarks/part29/non-incremental/QF_BV/sage/app9/bench_2040.smt2,46.2239,0,1142,成功
/pub/data/jiafq/iscas/Parser_Comparison/../benchmarks/part29/non-incremental/QF_BV/sage/app9/bench_2041.smt2,47.4485,0,1141,成功
/pub/data/jiafq/iscas/Parser_Comparison/../benchmarks/part29/non-incremental/QF_BV/sage/app9/bench_2042.smt2,52.6314,224,1123,成功
/pub/data/jiafq/iscas/Parser_Comparison/../benchmarks/part29/non-incremental/QF_BV/sage/app9/bench_2043.smt2,48.1185,224,1122,成功
/pub/data/jiafq/iscas/Parser_Comparison/../benchmarks/part29/non-incremental/QF_BV/sage/app9/bench_2044.smt2,1.76167,0,21,成功
/pub/data/jiafq/iscas/Parser_Comparison/../benchmarks/part29/non-incremental/QF_BV/sage/app9/bench_2045.smt2,2.63828,0,21,成功
/pub/data/jiafq/iscas/Parser_Comparison/../benchmarks/part29/non-incremental/QF_BV/sage/app9/bench_2046.smt2,3.10561,0,55,成功
/pub/data/jiafq/iscas/Parser_Comparison/../benchmarks/part29/non-incremental/QF_BV/sage/app9/bench_2047.smt2,4.42044,0,125,成功
/pub/data/jiafq/iscas/Parser_Comparison/../benchmarks/part29/non-incremental/QF_BV/sage/app9/bench_2048.smt2,2.72201,0,50,成功
/pub/data/jiafq/iscas/Parser_Comparison/../benchmarks/part29/non-incremental/QF_BV/sage/app9/bench_2049.smt2,45.9076,0,1101,成功
/pub/data/jiafq/iscas/Parser_Comparison/../benchmarks/part29/non-incremental/QF_BV/sage/app9/bench_205.smt2,63.5428,0,1595,成功
/pub/data/jiafq/iscas/Parser_Comparison/../benchmarks/part29/non-incremental/QF_BV/sage/app9/bench_2050.smt2,53.5188,0,1099,成功
/pub/data/jiafq/iscas/Parser_Comparison/../benchmarks/part29/non-incremental/QF_BV/sage/app9/bench_2051.smt2,49.857,0,1099,成功
/pub/data/jiafq/iscas/Parser_Comparison/../benchmarks/part29/non-incremental/QF_BV/sage/app9/bench_2052.smt2,50.5672,0,1098,成功
/pub/data/jiafq/iscas/Parser_Comparison/../benchmarks/part29/non-incremental/QF_BV/sage/app9/bench_2053.smt2,53.9473,0,1095,成功
/pub/data/jiafq/iscas/Parser_Comparison/../benchmarks/part29/non-incremental/QF_BV/sage/app9/bench_2054.smt2,49.6427,0,1093,成功
/pub/data/jiafq/iscas/Parser_Comparison/../benchmarks/part29/non-incremental/QF_BV/sage/app9/bench_2055.smt2,47.2675,0,1094,成功
/pub/data/jiafq/iscas/Parser_Comparison/../benchmarks/part29/non-incremental/QF_BV/sage/app9/bench_2056.smt2,47.8977,0,1093,成功
/pub/data/jiafq/iscas/Parser_Comparison/../benchmarks/part29/non-incremental/QF_BV/sage/app9/bench_2057.smt2,2.38002,0,25,成功
/pub/data/jiafq/iscas/Parser_Comparison/../benchmarks/part29/non-incremental/QF_BV/sage/app9/bench_2058.smt2,4.36942,0,118,成功
/pub/data/jiafq/iscas/Parser_Comparison/../benchmarks/part29/non-incremental/QF_BV/sage/app9/bench_2059.smt2,50.2695,0,1091,成功
/pub/data/jiafq/iscas/Parser_Comparison/../benchmarks/part29/non-incremental/QF_BV/sage/app9/bench_206.smt2,59.8259,0,1590,成功
/pub/data/jiafq/iscas/Parser_Comparison/../benchmarks/part29/non-incremental/QF_BV/sage/app9/bench_2060.smt2,2.48164,0,49,成功
/pub/data/jiafq/iscas/Parser_Comparison/../benchmarks/part29/non-incremental/QF_BV/sage/app9/bench_2061.smt2,4.66788,0,47,成功
/pub/data/jiafq/iscas/Parser_Comparison/../benchmarks/part29/non-incremental/QF_BV/sage/app9/bench_2062.smt2,2.77903,0,21,成功
/pub/data/jiafq/iscas/Parser_Comparison/../benchmarks/part29/non-incremental/QF_BV/sage/app9/bench_2063.smt2,46.2463,0,1047,成功
/pub/data/jiafq/iscas/Parser_Comparison/../benchmarks/part29/non-incremental/QF_BV/sage/app9/bench_2064.smt2,48.9119,0,1044,成功
/pub/data/jiafq/iscas/Parser_Comparison/../benchmarks/part29/non-incremental/QF_BV/sage/app9/bench_2065.smt2,3.33253,0,40,成功
/pub/data/jiafq/iscas/Parser_Comparison/../benchmarks/part29/non-incremental/QF_BV/sage/app9/bench_2066.smt2,2.19564,0,37,成功
/pub/data/jiafq/iscas/Parser_Comparison/../benchmarks/part29/non-incremental/QF_BV/sage/app9/bench_2067.smt2,3.72639,0,34,成功
/pub/data/jiafq/iscas/Parser_Comparison/../benchmarks/part29/non-incremental/QF_BV/sage/app9/bench_2068.smt2,2.53101,0,31,成功
/pub/data/jiafq/iscas/Parser_Comparison/../benchmarks/part29/non-incremental/QF_BV/sage/app9/bench_2069.smt2,4.19607,0,110,成功
/pub/data/jiafq/iscas/Parser_Comparison/../benchmarks/part29/non-incremental/QF_BV/sage/app9/bench_207.smt2,72.6622,0,1592,成功
/pub/data/jiafq/iscas/Parser_Comparison/../benchmarks/part29/non-incremental/QF_BV/sage/app9/bench_2070.smt2,2.50038,0,28,成功
/pub/data/jiafq/iscas/Parser_Comparison/../benchmarks/part29/non-incremental/QF_BV/sage/app9/bench_2071.smt2,3.75651,0,25,成功
/pub/data/jiafq/iscas/Parser_Comparison/../benchmarks/part29/non-incremental/QF_BV/sage/app9/bench_2072.smt2,1.88439,0,22,成功
/pub/data/jiafq/iscas/Parser_Comparison/../benchmarks/part29/non-incremental/QF_BV/sage/app9/bench_2073.smt2,2.40438,0,21,成功
/pub/data/jiafq/iscas/Parser_Comparison/../benchmarks/part29/non-incremental/QF_BV/sage/app9/bench_2074.smt2,45.3002,0,1040,成功
/pub/data/jiafq/iscas/Parser_Comparison/../benchmarks/part29/non-incremental/QF_BV/sage/app9/bench_2075.smt2,5.64415,0,26,成功
/pub/data/jiafq/iscas/Parser_Comparison/../benchmarks/part29/non-incremental/QF_BV/sage/app9/bench_2076.smt2,1.88072,0,22,成功
/pub/data/jiafq/iscas/Parser_Comparison/../benchmarks/part29/non-incremental/QF_BV/sage/app9/bench_2077.smt2,2.24755,0,18,成功
/pub/data/jiafq/iscas/Parser_Comparison/../benchmarks/part29/non-incremental/QF_BV/sage/app9/bench_2078.smt2,44.7086,0,1044,成功
/pub/data/jiafq/iscas/Parser_Comparison/../benchmarks/part29/non-incremental/QF_BV/sage/app9/bench_2079.smt2,44.6381,0,1041,成功
/pub/data/jiafq/iscas/Parser_Comparison/../benchmarks/part29/non-incremental/QF_BV/sage/app9/bench_208.smt2,61.0236,0,1588,成功
/pub/data/jiafq/iscas/Parser_Comparison/../benchmarks/part29/non-incremental/QF_BV/sage/app9/bench_2080.smt2,3.86792,0,106,成功
/pub/data/jiafq/iscas/Parser_Comparison/../benchmarks/part29/non-incremental/QF_BV/sage/app9/bench_2081.smt2,44.4395,0,1040,成功
/pub/data/jiafq/iscas/Parser_Comparison/../benchmarks/part29/non-incremental/QF_BV/sage/app9/bench_2082.smt2,1.99586,0,21,成功
/pub/data/jiafq/iscas/Parser_Comparison/../benchmarks/part29/non-incremental/QF_BV/sage/app9/bench_2083.smt2,47.1991,224,1039,成功
/pub/data/jiafq/iscas/Parser_Comparison/../benchmarks/part29/non-incremental/QF_BV/sage/app9/bench_2084.smt2,45.1662,0,1039,成功
/pub/data/jiafq/iscas/Parser_Comparison/../benchmarks/part29/non-incremental/QF_BV/sage/app9/bench_2085.smt2,5.7525,0,55,成功
/pub/data/jiafq/iscas/Parser_Comparison/../benchmarks/part29/non-incremental/QF_BV/sage/app9/bench_2086.smt2,3.3944,0,55,成功
/pub/data/jiafq/iscas/Parser_Comparison/../benchmarks/part29/non-incremental/QF_BV/sage/app9/bench_2087.smt2,2.98645,228,55,成功
/pub/data/jiafq/iscas/Parser_Comparison/../benchmarks/part29/non-incremental/QF_BV/sage/app9/bench_2088.smt2,2.90481,0,45,成功
/pub/data/jiafq/iscas/Parser_Comparison/../benchmarks/part29/non-incremental/QF_BV/sage/app9/bench_2089.smt2,4.8398,0,54,成功
/pub/data/jiafq/iscas/Parser_Comparison/../benchmarks/part29/non-incremental/QF_BV/sage/app9/bench_209.smt2,59.0221,0,1586,成功
/pub/data/jiafq/iscas/Parser_Comparison/../benchmarks/part29/non-incremental/QF_BV/sage/app9/bench_2090.smt2,2.84845,220,54,成功
/pub/data/jiafq/iscas/Parser_Comparison/../benchmarks/part29/non-incremental/QF_BV/sage/app9/bench_2091.smt2,3.10035,0,69,成功
/pub/data/jiafq/iscas/Parser_Comparison/../benchmarks/part29/non-incremental/QF_BV/sage/app9/bench_2092.smt2,3.0354,0,54,成功
/pub/data/jiafq/iscas/Parser_Comparison/../benchmarks/part29/non-incremental/QF_BV/sage/app9/bench_2093.smt2,2.9327,0,44,成功
/pub/data/jiafq/iscas/Parser_Comparison/../benchmarks/part29/non-incremental/QF_BV/sage/app9/bench_2094.smt2,2.19158,0,9,成功
/pub/data/jiafq/iscas/Parser_Comparison/../benchmarks/part29/non-incremental/QF_BV/sage/app9/bench_2095.smt2,3.54736,0,47,成功
/pub/data/jiafq/iscas/Parser_Comparison/../benchmarks/part29/non-incremental/QF_BV/sage/app9/bench_2096.smt2,2.17193,0,41,成功
/pub/data/jiafq/iscas/Parser_Comparison/../benchmarks/part29/non-incremental/QF_BV/sage/app9/bench_2097.smt2,2.34014,0,36,成功
/pub/data/jiafq/iscas/Parser_Comparison/../benchmarks/part29/non-incremental/QF_BV/sage/app9/bench_2098.smt2,1.94249,0,18,成功
/pub/data/jiafq/iscas/Parser_Comparison/../benchmarks/part29/non-incremental/QF_BV/sage/app9/bench_2099.smt2,1.84304,0,16,成功
/pub/data/jiafq/iscas/Parser_Comparison/../benchmarks/part29/non-incremental/QF_BV/sage/app9/bench_21.smt2,72.351,0,1831,成功
/pub/data/jiafq/iscas/Parser_Comparison/../benchmarks/part29/non-incremental/QF_BV/sage/app9/bench_210.smt2,68.5598,0,1585,成功
/pub/data/jiafq/iscas/Parser_Comparison/../benchmarks/part29/non-incremental/QF_BV/sage/app9/bench_2100.smt2,4.6882,0,47,成功
/pub/data/jiafq/iscas/Parser_Comparison/../benchmarks/part29/non-incremental/QF_BV/sage/app9/bench_2101.smt2,2.18641,0,41,成功
/pub/data/jiafq/iscas/Parser_Comparison/../benchmarks/part29/non-incremental/QF_BV/sage/app9/bench_2102.smt2,7.04337,0,207,成功
/pub/data/jiafq/iscas/Parser_Comparison/../benchmarks/part29/non-incremental/QF_BV/sage/app9/bench_2103.smt2,3.87465,0,36,成功
/pub/data/jiafq/iscas/Parser_Comparison/../benchmarks/part29/non-incremental/QF_BV/sage/app9/bench_2104.smt2,1.74954,0,18,成功
/pub/data/jiafq/iscas/Parser_Comparison/../benchmarks/part29/non-incremental/QF_BV/sage/app9/bench_2105.smt2,1.64203,0,16,成功
/pub/data/jiafq/iscas/Parser_Comparison/../benchmarks/part29/non-incremental/QF_BV/sage/app9/bench_2106.smt2,1.89721,0,27,成功
/pub/data/jiafq/iscas/Parser_Comparison/../benchmarks/part29/non-incremental/QF_BV/sage/app9/bench_2107.smt2,2.07262,0,24,成功
/pub/data/jiafq/iscas/Parser_Comparison/../benchmarks/part29/non-incremental/QF_BV/sage/app9/bench_2108.smt2,2.16729,0,21,成功
/pub/data/jiafq/iscas/Parser_Comparison/../benchmarks/part29/non-incremental/QF_BV/sage/app9/bench_2109.smt2,2.77894,0,43,成功
/pub/data/jiafq/iscas/Parser_Comparison/../benchmarks/part29/non-incremental/QF_BV/sage/app9/bench_211.smt2,62.2913,0,1584,成功
/pub/data/jiafq/iscas/Parser_Comparison/../benchmarks/part29/non-incremental/QF_BV/sage/app9/bench_2110.smt2,2.08081,0,32,成功
/pub/data/jiafq/iscas/Parser_Comparison/../benchmarks/part29/non-incremental/QF_BV/sage/app9/bench_2111.smt2,3.13148,0,31,成功
/pub/data/jiafq/iscas/Parser_Comparison/../benchmarks/part29/non-incremental/QF_BV/sage/app9/bench_2112.smt2,2.19148,0,23,成功
/pub/data/jiafq/iscas/Parser_Comparison/../benchmarks/part29/non-incremental/QF_BV/sage/app9/bench_2113.smt2,122.076,0,2675,成功
/pub/data/jiafq/iscas/Parser_Comparison/../benchmarks/part29/non-incremental/QF_BV/sage/app9/bench_2114.smt2,6.62959,0,203,成功
/pub/data/jiafq/iscas/Parser_Comparison/../benchmarks/part29/non-incremental/QF_BV/sage/app9/bench_2115.smt2,1.82656,0,23,成功
/pub/data/jiafq/iscas/Parser_Comparison/../benchmarks/part29/non-incremental/QF_BV/sage/app9/bench_2116.smt2,3.52226,0,23,成功
/pub/data/jiafq/iscas/Parser_Comparison/../benchmarks/part29/non-incremental/QF_BV/sage/app9/bench_2117.smt2,2.91604,0,21,成功
/pub/data/jiafq/iscas/Parser_Comparison/../benchmarks/part29/non-incremental/QF_BV/sage/app9/bench_2118.smt2,1.97577,0,21,成功
/pub/data/jiafq/iscas/Parser_Comparison/../benchmarks/part29/non-incremental/QF_BV/sage/app9/bench_2119.smt2,43.7395,0,1035,成功
/pub/data/jiafq/iscas/Parser_Comparison/../benchmarks/part29/non-incremental/QF_BV/sage/app9/bench_212.smt2,60.8014,0,1582,成功
/pub/data/jiafq/iscas/Parser_Comparison/../benchmarks/part29/non-incremental/QF_BV/sage/app9/bench_2120.smt2,42.0551,0,1035,成功
/pub/data/jiafq/iscas/Parser_Comparison/../benchmarks/part29/non-incremental/QF_BV/sage/app9/bench_2121.smt2,48.7592,0,1031,成功
/pub/data/jiafq/iscas/Parser_Comparison/../benchmarks/part29/non-incremental/QF_BV/sage/app9/bench_2122.smt2,43.8953,0,1027,成功
/pub/data/jiafq/iscas/Parser_Comparison/../benchmarks/part29/non-incremental/QF_BV/sage/app9/bench_2123.smt2,43.0921,0,1024,成功
/pub/data/jiafq/iscas/Parser_Comparison/../benchmarks/part29/non-incremental/QF_BV/sage/app9/bench_2124.smt2,1.83677,0,13,成功
/pub/data/jiafq/iscas/Parser_Comparison/../benchmarks/part29/non-incremental/QF_BV/sage/app9/bench_2125.smt2,6.76559,0,196,成功
/pub/data/jiafq/iscas/Parser_Comparison/../benchmarks/part29/non-incremental/QF_BV/sage/app9/bench_2126.smt2,2.231,224,13,成功
/pub/data/jiafq/iscas/Parser_Comparison/../benchmarks/part29/non-incremental/QF_BV/sage/app9/bench_2127.smt2,1.63473,0,13,成功
/pub/data/jiafq/iscas/Parser_Comparison/../benchmarks/part29/non-incremental/QF_BV/sage/app9/bench_2128.smt2,1.90069,0,13,成功
/pub/data/jiafq/iscas/Parser_Comparison/../benchmarks/part29/non-incremental/QF_BV/sage/app9/bench_2129.smt2,1.84341,0,13,成功
/pub/data/jiafq/iscas/Parser_Comparison/../benchmarks/part29/non-incremental/QF_BV/sage/app9/bench_213.smt2,68.1651,220,1580,成功
/pub/data/jiafq/iscas/Parser_Comparison/../benchmarks/part29/non-incremental/QF_BV/sage/app9/bench_2130.smt2,48.4681,0,1021,成功
/pub/data/jiafq/iscas/Parser_Comparison/../benchmarks/part29/non-incremental/QF_BV/sage/app9/bench_2131.smt2,1.64179,0,13,成功
/pub/data/jiafq/iscas/Parser_Comparison/../benchmarks/part29/non-incremental/QF_BV/sage/app9/bench_2132.smt2,1.62178,0,13,成功
/pub/data/jiafq/iscas/Parser_Comparison/../benchmarks/part29/non-incremental/QF_BV/sage/app9/bench_2133.smt2,1.87,0,13,成功
/pub/data/jiafq/iscas/Parser_Comparison/../benchmarks/part29/non-incremental/QF_BV/sage/app9/bench_2134.smt2,1.79264,0,13,成功
/pub/data/jiafq/iscas/Parser_Comparison/../benchmarks/part29/non-incremental/QF_BV/sage/app9/bench_2135.smt2,2.16782,0,13,成功
/pub/data/jiafq/iscas/Parser_Comparison/../benchmarks/part29/non-incremental/QF_BV/sage/app9/bench_2136.smt2,8.74604,0,191,成功
/pub/data/jiafq/iscas/Parser_Comparison/../benchmarks/part29/non-incremental/QF_BV/sage/app9/bench_2137.smt2,2.9747,0,13,成功
/pub/data/jiafq/iscas/Parser_Comparison/../benchmarks/part29/non-incremental/QF_BV/sage/app9/bench_2138.smt2,2.08209,228,13,成功
/pub/data/jiafq/iscas/Parser_Comparison/../benchmarks/part29/non-incremental/QF_BV/sage/app9/bench_2139.smt2,51.1383,0,1019,成功
/pub/data/jiafq/iscas/Parser_Comparison/../benchmarks/part29/non-incremental/QF_BV/sage/app9/bench_214.smt2,120.955,0,2605,成功
/pub/data/jiafq/iscas/Parser_Comparison/../benchmarks/part29/non-incremental/QF_BV/sage/app9/bench_2140.smt2,42.0293,228,1019,成功
/pub/data/jiafq/iscas/Parser_Comparison/../benchmarks/part29/non-incremental/QF_BV/sage/app9/bench_2141.smt2,46.3444,0,1015,成功
/pub/data/jiafq/iscas/Parser_Comparison/../benchmarks/part29/non-incremental/QF_BV/sage/app9/bench_2142.smt2,42.5578,0,1011,成功
/pub/data/jiafq/iscas/Parser_Comparison/../benchmarks/part29/non-incremental/QF_BV/sage/app9/bench_2143.smt2,43.4901,0,1008,成功
/pub/data/jiafq/iscas/Parser_Comparison/../benchmarks/part29/non-incremental/QF_BV/sage/app9/bench_2144.smt2,41.3766,0,1005,成功
/pub/data/jiafq/iscas/Parser_Comparison/../benchmarks/part29/non-incremental/QF_BV/sage/app9/bench_2145.smt2,1.60493,0,13,成功
/pub/data/jiafq/iscas/Parser_Comparison/../benchmarks/part29/non-incremental/QF_BV/sage/app9/bench_2146.smt2,1.74605,0,13,成功
/pub/data/jiafq/iscas/Parser_Comparison/../benchmarks/part29/non-incremental/QF_BV/sage/app9/bench_2147.smt2,8.5127,0,187,成功
/pub/data/jiafq/iscas/Parser_Comparison/../benchmarks/part29/non-incremental/QF_BV/sage/app9/bench_2148.smt2,1.69952,220,13,成功
/pub/data/jiafq/iscas/Parser_Comparison/../benchmarks/part29/non-incremental/QF_BV/sage/app9/bench_2149.smt2,1.91601,0,13,成功
/pub/data/jiafq/iscas/Parser_Comparison/../benchmarks/part29/non-incremental/QF_BV/sage/app9/bench_215.smt2,59.5201,0,1578,成功
/pub/data/jiafq/iscas/Parser_Comparison/../benchmarks/part29/non-incremental/QF_BV/sage/app9/bench_2150.smt2,1.60136,0,13,成功
/pub/data/jiafq/iscas/Parser_Comparison/../benchmarks/part29/non-incremental/QF_BV/sage/app9/bench_2151.smt2,1.72356,0,13,成功
/pub/data/jiafq/iscas/Parser_Comparison/../benchmarks/part29/non-incremental/QF_BV/sage/app9/bench_2152.smt2,1.75881,0,13,成功
/pub/data/jiafq/iscas/Parser_Comparison/../benchmarks/part29/non-incremental/QF_BV/sage/app9/bench_2153.smt2,1.87319,0,13,成功
/pub/data/jiafq/iscas/Parser_Comparison/../benchmarks/part29/non-incremental/QF_BV/sage/app9/bench_2154.smt2,3.00536,0,13,成功
/pub/data/jiafq/iscas/Parser_Comparison/../benchmarks/part29/non-incremental/QF_BV/sage/app9/bench_2155.smt2,1.70932,0,13,成功
/pub/data/jiafq/iscas/Parser_Comparison/../benchmarks/part29/non-incremental/QF_BV/sage/app9/bench_2156.smt2,1.81356,0,13,成功
/pub/data/jiafq/iscas/Parser_Comparison/../benchmarks/part29/non-incremental/QF_BV/sage/app9/bench_2157.smt2,1.80282,0,13,成功
/pub/data/jiafq/iscas/Parser_Comparison/../benchmarks/part29/non-incremental/QF_BV/sage/app9/bench_2158.smt2,12.3912,0,184,成功
/pub/data/jiafq/iscas/Parser_Comparison/../benchmarks/part29/non-incremental/QF_BV/sage/app9/bench_2159.smt2,2.20868,0,13,成功
/pub/data/jiafq/iscas/Parser_Comparison/../benchmarks/part29/non-incremental/QF_BV/sage/app9/bench_216.smt2,68.0032,0,1577,成功
/pub/data/jiafq/iscas/Parser_Comparison/../benchmarks/part29/non-incremental/QF_BV/sage/app9/bench_2160.smt2,1.85535,0,13,成功
/pub/data/jiafq/iscas/Parser_Comparison/../benchmarks/part29/non-incremental/QF_BV/sage/app9/bench_2161.smt2,2.97736,0,13,成功
/pub/data/jiafq/iscas/Parser_Comparison/../benchmarks/part29/non-incremental/QF_BV/sage/app9/bench_2162.smt2,2.70033,0,13,成功
/pub/data/jiafq/iscas/Parser_Comparison/../benchmarks/part29/non-incremental/QF_BV/sage/app9/bench_2163.smt2,1.63034,0,13,成功
/pub/data/jiafq/iscas/Parser_Comparison/../benchmarks/part29/non-incremental/QF_BV/sage/app9/bench_2164.smt2,1.76298,0,13,成功
/pub/data/jiafq/iscas/Parser_Comparison/../benchmarks/part29/non-incremental/QF_BV/sage/app9/bench_2165.smt2,1.61206,0,13,成功
/pub/data/jiafq/iscas/Parser_Comparison/../benchmarks/part29/non-incremental/QF_BV/sage/app9/bench_2166.smt2,3.11583,0,13,成功
/pub/data/jiafq/iscas/Parser_Comparison/../benchmarks/part29/non-incremental/QF_BV/sage/app9/bench_2167.smt2,1.72113,0,13,成功
/pub/data/jiafq/iscas/Parser_Comparison/../benchmarks/part29/non-incremental/QF_BV/sage/app9/bench_2168.smt2,1.90574,0,13,成功
/pub/data/jiafq/iscas/Parser_Comparison/../benchmarks/part29/non-incremental/QF_BV/sage/app9/bench_2169.smt2,12.6636,0,181,成功
/pub/data/jiafq/iscas/Parser_Comparison/../benchmarks/part29/non-incremental/QF_BV/sage/app9/bench_217.smt2,60.2254,0,1576,成功
/pub/data/jiafq/iscas/Parser_Comparison/../benchmarks/part29/non-incremental/QF_BV/sage/app9/bench_2170.smt2,2.94976,0,13,成功
/pub/data/jiafq/iscas/Parser_Comparison/../benchmarks/part29/non-incremental/QF_BV/sage/app9/bench_2171.smt2,2.97987,0,13,成功
/pub/data/jiafq/iscas/Parser_Comparison/../benchmarks/part29/non-incremental/QF_BV/sage/app9/bench_2172.smt2,1.83254,0,13,成功
/pub/data/jiafq/iscas/Parser_Comparison/../benchmarks/part29/non-incremental/QF_BV/sage/app9/bench_2173.smt2,1.76845,0,13,成功
/pub/data/jiafq/iscas/Parser_Comparison/../benchmarks/part29/non-incremental/QF_BV/sage/app9/bench_2174.smt2,2.56877,0,13,成功
/pub/data/jiafq/iscas/Parser_Comparison/../benchmarks/part29/non-incremental/QF_BV/sage/app9/bench_2175.smt2,2.18058,0,13,成功
/pub/data/jiafq/iscas/Parser_Comparison/../benchmarks/part29/non-incremental/QF_BV/sage/app9/bench_2176.smt2,1.55843,0,13,成功
/pub/data/jiafq/iscas/Parser_Comparison/../benchmarks/part29/non-incremental/QF_BV/sage/app9/bench_2177.smt2,3.27994,0,13,成功
/pub/data/jiafq/iscas/Parser_Comparison/../benchmarks/part29/non-incremental/QF_BV/sage/app9/bench_2178.smt2,1.64126,228,13,成功
/pub/data/jiafq/iscas/Parser_Comparison/../benchmarks/part29/non-incremental/QF_BV/sage/app9/bench_2179.smt2,1.76388,0,13,成功
/pub/data/jiafq/iscas/Parser_Comparison/../benchmarks/part29/non-incremental/QF_BV/sage/app9/bench_218.smt2,65.5756,0,1574,成功
/pub/data/jiafq/iscas/Parser_Comparison/../benchmarks/part29/non-incremental/QF_BV/sage/app9/bench_2180.smt2,5.93217,0,177,成功
/pub/data/jiafq/iscas/Parser_Comparison/../benchmarks/part29/non-incremental/QF_BV/sage/app9/bench_2181.smt2,1.79499,0,13,成功
/pub/data/jiafq/iscas/Parser_Comparison/../benchmarks/part29/non-incremental/QF_BV/sage/app9/bench_2182.smt2,48.4504,0,1004,成功
/pub/data/jiafq/iscas/Parser_Comparison/../benchmarks/part29/non-incremental/QF_BV/sage/app9/bench_2183.smt2,49.6455,0,1002,成功
/pub/data/jiafq/iscas/Parser_Comparison/../benchmarks/part29/non-incremental/QF_BV/sage/app9/bench_2184.smt2,50.5857,0,1002,成功
/pub/data/jiafq/iscas/Parser_Comparison/../benchmarks/part29/non-incremental/QF_BV/sage/app9/bench_2185.smt2,2.52875,0,25,成功
/pub/data/jiafq/iscas/Parser_Comparison/../benchmarks/part29/non-incremental/QF_BV/sage/app9/bench_2186.smt2,48.8296,0,998,成功
/pub/data/jiafq/iscas/Parser_Comparison/../benchmarks/part29/non-incremental/QF_BV/sage/app9/bench_2187.smt2,43.6218,0,994,成功
/pub/data/jiafq/iscas/Parser_Comparison/../benchmarks/part29/non-incremental/QF_BV/sage/app9/bench_2188.smt2,45.5714,0,990,成功
/pub/data/jiafq/iscas/Parser_Comparison/../benchmarks/part29/non-incremental/QF_BV/sage/app9/bench_2189.smt2,2.1899,0,27,成功
/pub/data/jiafq/iscas/Parser_Comparison/../benchmarks/part29/non-incremental/QF_BV/sage/app9/bench_219.smt2,64.1418,228,1572,成功
/pub/data/jiafq/iscas/Parser_Comparison/../benchmarks/part29/non-incremental/QF_BV/sage/app9/bench_2190.smt2,2.11115,0,23,成功
/pub/data/jiafq/iscas/Parser_Comparison/../benchmarks/part29/non-incremental/QF_BV/sage/app9/bench_2191.smt2,5.65449,0,170,成功
/pub/data/jiafq/iscas/Parser_Comparison/../benchmarks/part29/non-incremental/QF_BV/sage/app9/bench_2192.smt2,2.43153,0,21,成功
/pub/data/jiafq/iscas/Parser_Comparison/../benchmarks/part29/non-incremental/QF_BV/sage/app9/bench_2193.smt2,1.7108,224,18,成功
/pub/data/jiafq/iscas/Parser_Comparison/../benchmarks/part29/non-incremental/QF_BV/sage/app9/bench_2194.smt2,3.11461,0,15,成功
/pub/data/jiafq/iscas/Parser_Comparison/../benchmarks/part29/non-incremental/QF_BV/sage/app9/bench_2195.smt2,39.9317,0,971,成功
/pub/data/jiafq/iscas/Parser_Comparison/../benchmarks/part29/non-incremental/QF_BV/sage/app9/bench_2196.smt2,39.3689,0,970,成功
/pub/data/jiafq/iscas/Parser_Comparison/../benchmarks/part29/non-incremental/QF_BV/sage/app9/bench_2197.smt2,40.5053,0,970,成功
/pub/data/jiafq/iscas/Parser_Comparison/../benchmarks/part29/non-incremental/QF_BV/sage/app9/bench_2198.smt2,40.4187,0,967,成功
/pub/data/jiafq/iscas/Parser_Comparison/../benchmarks/part29/non-incremental/QF_BV/sage/app9/bench_2199.smt2,39.7216,0,964,成功
/pub/data/jiafq/iscas/Parser_Comparison/../benchmarks/part29/non-incremental/QF_BV/sage/app9/bench_22.smt2,76.5317,0,1828,成功
/pub/data/jiafq/iscas/Parser_Comparison/../benchmarks/part29/non-incremental/QF_BV/sage/app9/bench_220.smt2,64.1263,0,1570,成功
/pub/data/jiafq/iscas/Parser_Comparison/../benchmarks/part29/non-incremental/QF_BV/sage/app9/bench_2200.smt2,2.01036,0,13,成功
/pub/data/jiafq/iscas/Parser_Comparison/../benchmarks/part29/non-incremental/QF_BV/sage/app9/bench_2201.smt2,46.2298,0,948,成功
/pub/data/jiafq/iscas/Parser_Comparison/../benchmarks/part29/non-incremental/QF_BV/sage/app9/bench_2202.smt2,5.49104,0,164,成功
/pub/data/jiafq/iscas/Parser_Comparison/../benchmarks/part29/non-incremental/QF_BV/sage/app9/bench_2203.smt2,38.981,0,947,成功
/pub/data/jiafq/iscas/Parser_Comparison/../benchmarks/part29/non-incremental/QF_BV/sage/app9/bench_2204.smt2,39.1876,0,947,成功
/pub/data/jiafq/iscas/Parser_Comparison/../benchmarks/part29/non-incremental/QF_BV/sage/app9/bench_2205.smt2,41.1893,0,945,成功
/pub/data/jiafq/iscas/Parser_Comparison/../benchmarks/part29/non-incremental/QF_BV/sage/app9/bench_2206.smt2,46.7425,0,941,成功
/pub/data/jiafq/iscas/Parser_Comparison/../benchmarks/part29/non-incremental/QF_BV/sage/app9/bench_2207.smt2,38.8533,0,937,成功
/pub/data/jiafq/iscas/Parser_Comparison/../benchmarks/part29/non-incremental/QF_BV/sage/app9/bench_2208.smt2,1.84027,0,13,成功
/pub/data/jiafq/iscas/Parser_Comparison/../benchmarks/part29/non-incremental/QF_BV/sage/app9/bench_2209.smt2,38.0937,0,921,成功
/pub/data/jiafq/iscas/Parser_Comparison/../benchmarks/part29/non-incremental/QF_BV/sage/app9/bench_221.smt2,62.3573,0,1568,成功
/pub/data/jiafq/iscas/Parser_Comparison/../benchmarks/part29/non-incremental/QF_BV/sage/app9/bench_2210.smt2,3.90586,0,23,成功
/pub/data/jiafq/iscas/Parser_Comparison/../benchmarks/part29/non-incremental/QF_BV/sage/app9/bench_2211.smt2,39.7454,0,918,成功
/pub/data/jiafq/iscas/Parser_Comparison/../benchmarks/part29/non-incremental/QF_BV/sage/app9/bench_2212.smt2,46.0403,220,916,成功
/pub/data/jiafq/iscas/Parser_Comparison/../benchmarks/part29/non-incremental/QF_BV/sage/app9/bench_2213.smt2,5.50861,0,160,成功
/pub/data/jiafq/iscas/Parser_Comparison/../benchmarks/part29/non-incremental/QF_BV/sage/app9/bench_2214.smt2,40.6396,0,913,成功
/pub/data/jiafq/iscas/Parser_Comparison/../benchmarks/part29/non-incremental/QF_BV/sage/app9/bench_2215.smt2,3.80826,0,27,成功
/pub/data/jiafq/iscas/Parser_Comparison/../benchmarks/part29/non-incremental/QF_BV/sage/app9/bench_2216.smt2,2.43041,0,23,成功
/pub/data/jiafq/iscas/Parser_Comparison/../benchmarks/part29/non-incremental/QF_BV/sage/app9/bench_2217.smt2,1.69008,0,21,成功
/pub/data/jiafq/iscas/Parser_Comparison/../benchmarks/part29/non-incremental/QF_BV/sage/app9/bench_2218.smt2,1.81134,0,18,成功
/pub/data/jiafq/iscas/Parser_Comparison/../benchmarks/part29/non-incremental/QF_BV/sage/app9/bench_2219.smt2,1.73598,0,15,成功
/pub/data/jiafq/iscas/Parser_Comparison/../benchmarks/part29/non-incremental/QF_BV/sage/app9/bench_222.smt2,60.8447,0,1566,成功
/pub/data/jiafq/iscas/Parser_Comparison/../benchmarks/part29/non-incremental/QF_BV/sage/app9/bench_2220.smt2,38.9336,0,894,成功
/pub/data/jiafq/iscas/Parser_Comparison/../benchmarks/part29/non-incremental/QF_BV/sage/app9/bench_2221.smt2,39.2108,0,893,成功
/pub/data/jiafq/iscas/Parser_Comparison/../benchmarks/part29/non-incremental/QF_BV/sage/app9/bench_2222.smt2,38.7685,0,893,成功
/pub/data/jiafq/iscas/Parser_Comparison/../benchmarks/part29/non-incremental/QF_BV/sage/app9/bench_2223.smt2,38.6711,0,891,成功
/pub/data/jiafq/iscas/Parser_Comparison/../benchmarks/part29/non-incremental/QF_BV/sage/app9/bench_2224.smt2,4.73562,0,116,成功
/pub/data/jiafq/iscas/Parser_Comparison/../benchmarks/part29/non-incremental/QF_BV/sage/app9/bench_2225.smt2,128.663,0,2673,成功
/pub/data/jiafq/iscas/Parser_Comparison/../benchmarks/part29/non-incremental/QF_BV/sage/app9/bench_2226.smt2,6.86937,0,153,成功
/pub/data/jiafq/iscas/Parser_Comparison/../benchmarks/part29/non-incremental/QF_BV/sage/app9/bench_2227.smt2,43.5902,0,890,成功
/pub/data/jiafq/iscas/Parser_Comparison/../benchmarks/part29/non-incremental/QF_BV/sage/app9/bench_2228.smt2,38.5427,0,887,成功
/pub/data/jiafq/iscas/Parser_Comparison/../benchmarks/part29/non-incremental/QF_BV/sage/app9/bench_2229.smt2,38.1305,0,883,成功
/pub/data/jiafq/iscas/Parser_Comparison/../benchmarks/part29/non-incremental/QF_BV/sage/app9/bench_223.smt2,65.5188,0,1564,成功
/pub/data/jiafq/iscas/Parser_Comparison/../benchmarks/part29/non-incremental/QF_BV/sage/app9/bench_2230.smt2,1.93141,0,13,成功
/pub/data/jiafq/iscas/Parser_Comparison/../benchmarks/part29/non-incremental/QF_BV/sage/app9/bench_2231.smt2,36.6124,228,867,成功
/pub/data/jiafq/iscas/Parser_Comparison/../benchmarks/part29/non-incremental/QF_BV/sage/app9/bench_2232.smt2,42.0083,0,866,成功
/pub/data/jiafq/iscas/Parser_Comparison/../benchmarks/part29/non-incremental/QF_BV/sage/app9/bench_2233.smt2,42.4308,0,866,成功
/pub/data/jiafq/iscas/Parser_Comparison/../benchmarks/part29/non-incremental/QF_BV/sage/app9/bench_2234.smt2,43.5668,0,864,成功
/pub/data/jiafq/iscas/Parser_Comparison/../benchmarks/part29/non-incremental/QF_BV/sage/app9/bench_2235.smt2,38.5448,0,862,成功
/pub/data/jiafq/iscas/Parser_Comparison/../benchmarks/part29/non-incremental/QF_BV/sage/app9/bench_2236.smt2,35.7195,0,847,成功
/pub/data/jiafq/iscas/Parser_Comparison/../benchmarks/part29/non-incremental/QF_BV/sage/app9/bench_2237.smt2,42.8966,0,1104,成功
/pub/data/jiafq/iscas/Parser_Comparison/../benchmarks/part29/non-incremental/QF_BV/sage/app9/bench_2238.smt2,1.56808,0,13,成功
/pub/data/jiafq/iscas/Parser_Comparison/../benchmarks/part29/non-incremental/QF_BV/sage/app9/bench_2239.smt2,2.24327,0,21,成功
/pub/data/jiafq/iscas/Parser_Comparison/../benchmarks/part29/non-incremental/QF_BV/sage/app9/bench_224.smt2,62.7173,0,1562,成功
/pub/data/jiafq/iscas/Parser_Comparison/../benchmarks/part29/non-incremental/QF_BV/sage/app9/bench_2240.smt2,36.1072,0,843,成功
/pub/data/jiafq/iscas/Parser_Comparison/../benchmarks/part29/non-incremental/QF_BV/sage/app9/bench_2241.smt2,1.84153,0,24,成功
/pub/data/jiafq/iscas/Parser_Comparison/../benchmarks/part29/non-incremental/QF_BV/sage/app9/bench_2242.smt2,1.92831,0,23,成功
/pub/data/jiafq/iscas/Parser_Comparison/../benchmarks/part29/non-incremental/QF_BV/sage/app9/bench_2243.smt2,33.1141,0,824,成功
/pub/data/jiafq/iscas/Parser_Comparison/../benchmarks/part29/non-incremental/QF_BV/sage/app9/bench_2244.smt2,36.8032,0,820,成功
/pub/data/jiafq/iscas/Parser_Comparison/../benchmarks/part29/non-incremental/QF_BV/sage/app9/bench_2245.smt2,34.2809,0,820,成功
/pub/data/jiafq/iscas/Parser_Comparison/../benchmarks/part29/non-incremental/QF_BV/sage/app9/bench_2246.smt2,1.77587,0,21,成功
/pub/data/jiafq/iscas/Parser_Comparison/../benchmarks/part29/non-incremental/QF_BV/sage/app9/bench_2247.smt2,1.82312,0,21,成功
/pub/data/jiafq/iscas/Parser_Comparison/../benchmarks/part29/non-incremental/QF_BV/sage/app9/bench_2248.smt2,47.6033,0,1103,成功
/pub/data/jiafq/iscas/Parser_Comparison/../benchmarks/part29/non-incremental/QF_BV/sage/app9/bench_2249.smt2,33.4061,0,818,成功
/pub/data/jiafq/iscas/Parser_Comparison/../benchmarks/part29/non-incremental/QF_BV/sage/app9/bench_225.smt2,119.423,0,2686,成功
/pub/data/jiafq/iscas/Parser_Comparison/../benchmarks/part29/non-incremental/QF_BV/sage/app9/bench_2250.smt2,38.2293,0,817,成功
/pub/data/jiafq/iscas/Parser_Comparison/../benchmarks/part29/non-incremental/QF_BV/sage/app9/bench_2251.smt2,39.1808,0,817,成功
/pub/data/jiafq/iscas/Parser_Comparison/../benchmarks/part29/non-incremental/QF_BV/sage/app9/bench_2252.smt2,1.66075,0,17,成功
/pub/data/jiafq/iscas/Parser_Comparison/../benchmarks/part29/non-incremental/QF_BV/sage/app9/bench_2253.smt2,37.9403,0,809,成功
/pub/data/jiafq/iscas/Parser_Comparison/../benchmarks/part29/non-incremental/QF_BV/sage/app9/bench_2254.smt2,34.9615,0,809,成功
/pub/data/jiafq/iscas/Parser_Comparison/../benchmarks/part29/non-incremental/QF_BV/sage/app9/bench_2255.smt2,35.1524,0,806,成功
/pub/data/jiafq/iscas/Parser_Comparison/../benchmarks/part29/non-incremental/QF_BV/sage/app9/bench_2256.smt2,31.8137,0,805,成功
/pub/data/jiafq/iscas/Parser_Comparison/../benchmarks/part29/non-incremental/QF_BV/sage/app9/bench_2257.smt2,31.658,0,803,成功
/pub/data/jiafq/iscas/Parser_Comparison/../benchmarks/part29/non-incremental/QF_BV/sage/app9/bench_2258.smt2,33.4549,0,801,成功
/pub/data/jiafq/iscas/Parser_Comparison/../benchmarks/part29/non-incremental/QF_BV/sage/app9/bench_2259.smt2,10.0771,0,144,成功
/pub/data/jiafq/iscas/Parser_Comparison/../benchmarks/part29/non-incremental/QF_BV/sage/app9/bench_226.smt2,117.33,0,2604,成功
/pub/data/jiafq/iscas/Parser_Comparison/../benchmarks/part29/non-incremental/QF_BV/sage/app9/bench_2260.smt2,32.302,0,799,成功
/pub/data/jiafq/iscas/Parser_Comparison/../benchmarks/part29/non-incremental/QF_BV/sage/app9/bench_2261.smt2,3.47017,0,27,成功
/pub/data/jiafq/iscas/Parser_Comparison/../benchmarks/part29/non-incremental/QF_BV/sage/app9/bench_2262.smt2,3.59024,0,23,成功
/pub/data/jiafq/iscas/Parser_Comparison/../benchmarks/part29/non-incremental/QF_BV/sage/app9/bench_2263.smt2,2.65625,0,21,成功
/pub/data/jiafq/iscas/Parser_Comparison/../benchmarks/part29/non-incremental/QF_BV/sage/app9/bench_2264.smt2,2.02788,0,18,成功
/pub/data/jiafq/iscas/Parser_Comparison/../benchmarks/part29/non-incremental/QF_BV/sage/app9/bench_2265.smt2,2.19453,0,15,成功
/pub/data/jiafq/iscas/Parser_Comparison/../benchmarks/part29/non-incremental/QF_BV/sage/app9/bench_2266.smt2,31.161,0,780,成功
/pub/data/jiafq/iscas/Parser_Comparison/../benchmarks/part29/non-incremental/QF_BV/sage/app9/bench_2267.smt2,1.79779,0,16,成功
/pub/data/jiafq/iscas/Parser_Comparison/../benchmarks/part29/non-incremental/QF_BV/sage/app9/bench_2268.smt2,32.6038,0,778,成功
/pub/data/jiafq/iscas/Parser_Comparison/../benchmarks/part29/non-incremental/QF_BV/sage/app9/bench_2269.smt2,32.0405,0,777,成功
/pub/data/jiafq/iscas/Parser_Comparison/../benchmarks/part29/non-incremental/QF_BV/sage/app9/bench_227.smt2,60.9053,0,1560,成功
/pub/data/jiafq/iscas/Parser_Comparison/../benchmarks/part29/non-incremental/QF_BV/sage/app9/bench_2270.smt2,4.95012,0,143,成功
/pub/data/jiafq/iscas/Parser_Comparison/../benchmarks/part29/non-incremental/QF_BV/sage/app9/bench_2271.smt2,31.1869,0,775,成功
/pub/data/jiafq/iscas/Parser_Comparison/../benchmarks/part29/non-incremental/QF_BV/sage/app9/bench_2272.smt2,41.0885,0,773,成功
/pub/data/jiafq/iscas/Parser_Comparison/../benchmarks/part29/non-incremental/QF_BV/sage/app9/bench_2273.smt2,32.9544,0,771,成功
/pub/data/jiafq/iscas/Parser_Comparison/../benchmarks/part29/non-incremental/QF_BV/sage/app9/bench_2274.smt2,3.08337,220,17,成功
/pub/data/jiafq/iscas/Parser_Comparison/../benchmarks/part29/non-incremental/QF_BV/sage/app9/bench_2275.smt2,1.45729,0,6,成功
/pub/data/jiafq/iscas/Parser_Comparison/../benchmarks/part29/non-incremental/QF_BV/sage/app9/bench_2276.smt2,33.8645,0,755,成功
/pub/data/jiafq/iscas/Parser_Comparison/../benchmarks/part29/non-incremental/QF_BV/sage/app9/bench_2277.smt2,1.88734,0,15,成功
/pub/data/jiafq/iscas/Parser_Comparison/../benchmarks/part29/non-incremental/QF_BV/sage/app9/bench_2278.smt2,31.7247,0,753,成功
/pub/data/jiafq/iscas/Parser_Comparison/../benchmarks/part29/non-incremental/QF_BV/sage/app9/bench_2279.smt2,30.7655,0,753,成功
/pub/data/jiafq/iscas/Parser_Comparison/../benchmarks/part29/non-incremental/QF_BV/sage/app9/bench_228.smt2,60.3108,0,1558,成功
/pub/data/jiafq/iscas/Parser_Comparison/../benchmarks/part29/non-incremental/QF_BV/sage/app9/bench_2280.smt2,38.8954,0,750,成功
/pub/data/jiafq/iscas/Parser_Comparison/../benchmarks/part29/non-incremental/QF_BV/sage/app9/bench_2281.smt2,5.3894,0,140,成功
/pub/data/jiafq/iscas/Parser_Comparison/../benchmarks/part29/non-incremental/QF_BV/sage/app9/bench_2282.smt2,31.2668,0,749,成功
/pub/data/jiafq/iscas/Parser_Comparison/../benchmarks/part29/non-incremental/QF_BV/sage/app9/bench_2283.smt2,34.7175,0,748,成功
/pub/data/jiafq/iscas/Parser_Comparison/../benchmarks/part29/non-incremental/QF_BV/sage/app9/bench_2284.smt2,34.2175,0,746,成功
/pub/data/jiafq/iscas/Parser_Comparison/../benchmarks/part29/non-incremental/QF_BV/sage/app9/bench_2285.smt2,2.09863,0,27,成功
/pub/data/jiafq/iscas/Parser_Comparison/../benchmarks/part29/non-incremental/QF_BV/sage/app9/bench_2286.smt2,2.22432,0,23,成功
/pub/data/jiafq/iscas/Parser_Comparison/../benchmarks/part29/non-incremental/QF_BV/sage/app9/bench_2287.smt2,1.78722,0,21,成功
/pub/data/jiafq/iscas/Parser_Comparison/../benchmarks/part29/non-incremental/QF_BV/sage/app9/bench_2288.smt2,2.28801,0,18,成功
/pub/data/jiafq/iscas/Parser_Comparison/../benchmarks/part29/non-incremental/QF_BV/sage/app9/bench_2289.smt2,1.78102,0,15,成功
/pub/data/jiafq/iscas/Parser_Comparison/../benchmarks/part29/non-incremental/QF_BV/sage/app9/bench_229.smt2,60.8124,0,1554,成功
/pub/data/jiafq/iscas/Parser_Comparison/../benchmarks/part29/non-incremental/QF_BV/sage/app9/bench_2290.smt2,31.3241,0,727,成功
/pub/data/jiafq/iscas/Parser_Comparison/../benchmarks/part29/non-incremental/QF_BV/sage/app9/bench_2291.smt2,2.00935,0,16,成功
/pub/data/jiafq/iscas/Parser_Comparison/../benchmarks/part29/non-incremental/QF_BV/sage/app9/bench_2292.smt2,6.88393,0,136,成功
/pub/data/jiafq/iscas/Parser_Comparison/../benchmarks/part29/non-incremental/QF_BV/sage/app9/bench_2293.smt2,36.8328,0,724,成功
/pub/data/jiafq/iscas/Parser_Comparison/../benchmarks/part29/non-incremental/QF_BV/sage/app9/bench_2294.smt2,32.016,0,724,成功
/pub/data/jiafq/iscas/Parser_Comparison/../benchmarks/part29/non-incremental/QF_BV/sage/app9/bench_2295.smt2,34.4892,0,723,成功
/pub/data/jiafq/iscas/Parser_Comparison/../benchmarks/part29/non-incremental/QF_BV/sage/app9/bench_2296.smt2,29.5313,220,721,成功
/pub/data/jiafq/iscas/Parser_Comparison/../benchmarks/part29/non-incremental/QF_BV/sage/app9/bench_2297.smt2,1.80477,0,17,成功
/pub/data/jiafq/iscas/Parser_Comparison/../benchmarks/part29/non-incremental/QF_BV/sage/app9/bench_2298.smt2,2.55454,0,6,成功
/pub/data/jiafq/iscas/Parser_Comparison/../benchmarks/part29/non-incremental/QF_BV/sage/app9/bench_2299.smt2,34.3235,0,704,成功
/pub/data/jiafq/iscas/Parser_Comparison/../benchmarks/part29/non-incremental/QF_BV/sage/app9/bench_23.smt2,73.2748,0,1826,成功
/pub/data/jiafq/iscas/Parser_Comparison/../benchmarks/part29/non-incremental/QF_BV/sage/app9/bench_230.smt2,66.6398,0,1550,成功
/pub/data/jiafq/iscas/Parser_Comparison/../benchmarks/part29/non-incremental/QF_BV/sage/app9/bench_2300.smt2,3.04556,0,13,成功
/pub/data/jiafq/iscas/Parser_Comparison/../benchmarks/part29/non-incremental/QF_BV/sage/app9/bench_2301.smt2,36.1594,0,700,成功
/pub/data/jiafq/iscas/Parser_Comparison/../benchmarks/part29/non-incremental/QF_BV/sage/app9/bench_2302.smt2,28.2512,0,697,成功
/pub/data/jiafq/iscas/Parser_Comparison/../benchmarks/part29/non-incremental/QF_BV/sage/app9/bench_2303.smt2,4.72642,0,129,成功
/pub/data/jiafq/iscas/Parser_Comparison/../benchmarks/part29/non-incremental/QF_BV/sage/app9/bench_2304.smt2,3.3409,0,24,成功
/pub/data/jiafq/iscas/Parser_Comparison/../benchmarks/part29/non-incremental/QF_BV/sage/app9/bench_2305.smt2,3.42361,0,23,成功
/pub/data/jiafq/iscas/Parser_Comparison/../benchmarks/part29/non-incremental/QF_BV/sage/app9/bench_2306.smt2,30.5342,0,678,成功
/pub/data/jiafq/iscas/Parser_Comparison/../benchmarks/part29/non-incremental/QF_BV/sage/app9/bench_2307.smt2,27.5674,0,675,成功
/pub/data/jiafq/iscas/Parser_Comparison/../benchmarks/part29/non-incremental/QF_BV/sage/app9/bench_2308.smt2,29.3868,0,672,成功
/pub/data/jiafq/iscas/Parser_Comparison/../benchmarks/part29/non-incremental/QF_BV/sage/app9/bench_2309.smt2,2.07757,0,21,成功
/pub/data/jiafq/iscas/Parser_Comparison/../benchmarks/part29/non-incremental/QF_BV/sage/app9/bench_231.smt2,9.11126,0,88,成功
/pub/data/jiafq/iscas/Parser_Comparison/../benchmarks/part29/non-incremental/QF_BV/sage/app9/bench_2310.smt2,2.05024,0,21,成功
/pub/data/jiafq/iscas/Parser_Comparison/../benchmarks/part29/non-incremental/QF_BV/sage/app9/bench_2311.smt2,28.2867,0,670,成功
/pub/data/jiafq/iscas/Parser_Comparison/../benchmarks/part29/non-incremental/QF_BV/sage/app9/bench_2312.smt2,27.5191,0,669,成功
/pub/data/jiafq/iscas/Parser_Comparison/../benchmarks/part29/non-incremental/QF_BV/sage/app9/bench_2313.smt2,33.7281,0,670,成功
/pub/data/jiafq/iscas/Parser_Comparison/../benchmarks/part29/non-incremental/QF_BV/sage/app9/bench_2314.smt2,41.428,0,1096,成功
/pub/data/jiafq/iscas/Parser_Comparison/../benchmarks/part29/non-incremental/QF_BV/sage/app9/bench_2315.smt2,26.0268,0,668,成功
/pub/data/jiafq/iscas/Parser_Comparison/../benchmarks/part29/non-incremental/QF_BV/sage/app9/bench_2316.smt2,25.6655,220,668,成功
/pub/data/jiafq/iscas/Parser_Comparison/../benchmarks/part29/non-incremental/QF_BV/sage/app9/bench_2317.smt2,23.7365,0,664,成功
/pub/data/jiafq/iscas/Parser_Comparison/../benchmarks/part29/non-incremental/QF_BV/sage/app9/bench_2318.smt2,28.7579,0,660,成功
/pub/data/jiafq/iscas/Parser_Comparison/../benchmarks/part29/non-incremental/QF_BV/sage/app9/bench_2319.smt2,25.3132,0,657,成功
/pub/data/jiafq/iscas/Parser_Comparison/../benchmarks/part29/non-incremental/QF_BV/sage/app9/bench_232.smt2,4.44625,0,87,成功
/pub/data/jiafq/iscas/Parser_Comparison/../benchmarks/part29/non-incremental/QF_BV/sage/app9/bench_2320.smt2,24.8118,0,657,成功
/pub/data/jiafq/iscas/Parser_Comparison/../benchmarks/part29/non-incremental/QF_BV/sage/app9/bench_2321.smt2,25.4799,0,653,成功
/pub/data/jiafq/iscas/Parser_Comparison/../benchmarks/part29/non-incremental/QF_BV/sage/app9/bench_2322.smt2,29.6606,0,649,成功
/pub/data/jiafq/iscas/Parser_Comparison/../benchmarks/part29/non-incremental/QF_BV/sage/app9/bench_2323.smt2,24.7397,0,647,成功
/pub/data/jiafq/iscas/Parser_Comparison/../benchmarks/part29/non-incremental/QF_BV/sage/app9/bench_2324.smt2,33.1542,0,643,成功
/pub/data/jiafq/iscas/Parser_Comparison/../benchmarks/part29/non-incremental/QF_BV/sage/app9/bench_2325.smt2,43.3729,0,1095,成功
/pub/data/jiafq/iscas/Parser_Comparison/../benchmarks/part29/non-incremental/QF_BV/sage/app9/bench_2326.smt2,27.2506,0,637,成功
/pub/data/jiafq/iscas/Parser_Comparison/../benchmarks/part29/non-incremental/QF_BV/sage/app9/bench_2327.smt2,1.54114,0,13,成功
/pub/data/jiafq/iscas/Parser_Comparison/../benchmarks/part29/non-incremental/QF_BV/sage/app9/bench_2328.smt2,24.7125,0,629,成功
/pub/data/jiafq/iscas/Parser_Comparison/../benchmarks/part29/non-incremental/QF_BV/sage/app9/bench_2329.smt2,24.3566,0,628,成功
/pub/data/jiafq/iscas/Parser_Comparison/../benchmarks/part29/non-incremental/QF_BV/sage/app9/bench_233.smt2,8.81633,0,82,成功
/pub/data/jiafq/iscas/Parser_Comparison/../benchmarks/part29/non-incremental/QF_BV/sage/app9/bench_2330.smt2,28.7944,0,627,成功
/pub/data/jiafq/iscas/Parser_Comparison/../benchmarks/part29/non-incremental/QF_BV/sage/app9/bench_2331.smt2,31.5712,0,624,成功
/pub/data/jiafq/iscas/Parser_Comparison/../benchmarks/part29/non-incremental/QF_BV/sage/app9/bench_2332.smt2,30.9178,0,623,成功
/pub/data/jiafq/iscas/Parser_Comparison/../benchmarks/part29/non-incremental/QF_BV/sage/app9/bench_2333.smt2,31.4244,0,621,成功
/pub/data/jiafq/iscas/Parser_Comparison/../benchmarks/part29/non-incremental/QF_BV/sage/app9/bench_2334.smt2,24.0181,0,620,成功
/pub/data/jiafq/iscas/Parser_Comparison/../benchmarks/part29/non-incremental/QF_BV/sage/app9/bench_2335.smt2,29.659,0,617,成功
/pub/data/jiafq/iscas/Parser_Comparison/../benchmarks/part29/non-incremental/QF_BV/sage/app9/bench_2336.smt2,2.31505,0,11,成功
/pub/data/jiafq/iscas/Parser_Comparison/../benchmarks/part29/non-incremental/QF_BV/sage/app9/bench_2337.smt2,114.018,0,2494,成功
/pub/data/jiafq/iscas/Parser_Comparison/../benchmarks/part29/non-incremental/QF_BV/sage/app9/bench_2338.smt2,23.3358,0,614,成功
/pub/data/jiafq/iscas/Parser_Comparison/../benchmarks/part29/non-incremental/QF_BV/sage/app9/bench_2339.smt2,3.18323,0,12,成功
/pub/data/jiafq/iscas/Parser_Comparison/../benchmarks/part29/non-incremental/QF_BV/sage/app9/bench_234.smt2,7.34948,0,77,成功
/pub/data/jiafq/iscas/Parser_Comparison/../benchmarks/part29/non-incremental/QF_BV/sage/app9/bench_2340.smt2,2.6379,0,5,成功
/pub/data/jiafq/iscas/Parser_Comparison/../benchmarks/part29/non-incremental/QF_BV/sage/app9/bench_2341.smt2,27.2204,0,612,成功
/pub/data/jiafq/iscas/Parser_Comparison/../benchmarks/part29/non-incremental/QF_BV/sage/app9/bench_2342.smt2,1.99607,0,26,成功
/pub/data/jiafq/iscas/Parser_Comparison/../benchmarks/part29/non-incremental/QF_BV/sage/app9/bench_2343.smt2,23.8092,0,612,成功
/pub/data/jiafq/iscas/Parser_Comparison/../benchmarks/part29/non-incremental/QF_BV/sage/app9/bench_2344.smt2,22.7641,0,609,成功
/pub/data/jiafq/iscas/Parser_Comparison/../benchmarks/part29/non-incremental/QF_BV/sage/app9/bench_2345.smt2,31.7116,0,608,成功
/pub/data/jiafq/iscas/Parser_Comparison/../benchmarks/part29/non-incremental/QF_BV/sage/app9/bench_2346.smt2,4.58148,0,56,成功
/pub/data/jiafq/iscas/Parser_Comparison/../benchmarks/part29/non-incremental/QF_BV/sage/app9/bench_2347.smt2,5.29417,0,54,成功
/pub/data/jiafq/iscas/Parser_Comparison/../benchmarks/part29/non-incremental/QF_BV/sage/app9/bench_2348.smt2,109.078,0,2493,成功
/pub/data/jiafq/iscas/Parser_Comparison/../benchmarks/part29/non-incremental/QF_BV/sage/app9/bench_2349.smt2,3.34256,0,53,成功
/pub/data/jiafq/iscas/Parser_Comparison/../benchmarks/part29/non-incremental/QF_BV/sage/app9/bench_235.smt2,58.6804,0,1548,成功
/pub/data/jiafq/iscas/Parser_Comparison/../benchmarks/part29/non-incremental/QF_BV/sage/app9/bench_2350.smt2,2.31109,0,32,成功
/pub/data/jiafq/iscas/Parser_Comparison/../benchmarks/part29/non-incremental/QF_BV/sage/app9/bench_2351.smt2,30.7543,0,564,成功
/pub/data/jiafq/iscas/Parser_Comparison/../benchmarks/part29/non-incremental/QF_BV/sage/app9/bench_2352.smt2,3.93347,0,30,成功
/pub/data/jiafq/iscas/Parser_Comparison/../benchmarks/part29/non-incremental/QF_BV/sage/app9/bench_2353.smt2,2.12578,0,26,成功
/pub/data/jiafq/iscas/Parser_Comparison/../benchmarks/part29/non-incremental/QF_BV/sage/app9/bench_2354.smt2,2.14308,0,24,成功
/pub/data/jiafq/iscas/Parser_Comparison/../benchmarks/part29/non-incremental/QF_BV/sage/app9/bench_2355.smt2,1.97584,0,21,成功
/pub/data/jiafq/iscas/Parser_Comparison/../benchmarks/part29/non-incremental/QF_BV/sage/app9/bench_2356.smt2,3.22569,0,19,成功
/pub/data/jiafq/iscas/Parser_Comparison/../benchmarks/part29/non-incremental/QF_BV/sage/app9/bench_2357.smt2,1.91244,0,17,成功
/pub/data/jiafq/iscas/Parser_Comparison/../benchmarks/part29/non-incremental/QF_BV/sage/app9/bench_2358.smt2,1.76688,0,13,成功
/pub/data/jiafq/iscas/Parser_Comparison/../benchmarks/part29/non-incremental/QF_BV/sage/app9/bench_2359.smt2,119.986,0,2491,成功
/pub/data/jiafq/iscas/Parser_Comparison/../benchmarks/part29/non-incremental/QF_BV/sage/app9/bench_236.smt2,65.6539,0,1543,成功
/pub/data/jiafq/iscas/Parser_Comparison/../benchmarks/part29/non-incremental/QF_BV/sage/app9/bench_2360.smt2,28.8246,0,561,成功
/pub/data/jiafq/iscas/Parser_Comparison/../benchmarks/part29/non-incremental/QF_BV/sage/app9/bench_2361.smt2,2.14225,0,24,成功
/pub/data/jiafq/iscas/Parser_Comparison/../benchmarks/part29/non-incremental/QF_BV/sage/app9/bench_2362.smt2,3.91631,0,23,成功
/pub/data/jiafq/iscas/Parser_Comparison/../benchmarks/part29/non-incremental/QF_BV/sage/app9/bench_2363.smt2,29.8189,0,542,成功
/pub/data/jiafq/iscas/Parser_Comparison/../benchmarks/part29/non-incremental/QF_BV/sage/app9/bench_2364.smt2,25.2133,0,539,成功
/pub/data/jiafq/iscas/Parser_Comparison/../benchmarks/part29/non-incremental/QF_BV/sage/app9/bench_2365.smt2,25.9328,0,536,成功
/pub/data/jiafq/iscas/Parser_Comparison/../benchmarks/part29/non-incremental/QF_BV/sage/app9/bench_2366.smt2,1.78006,0,21,成功
/pub/data/jiafq/iscas/Parser_Comparison/../benchmarks/part29/non-incremental/QF_BV/sage/app9/bench_2367.smt2,1.82918,0,21,成功
/pub/data/jiafq/iscas/Parser_Comparison/../benchmarks/part29/non-incremental/QF_BV/sage/app9/bench_2368.smt2,22.8173,0,534,成功
/pub/data/jiafq/iscas/Parser_Comparison/../benchmarks/part29/non-incremental/QF_BV/sage/app9/bench_2369.smt2,20.9815,0,533,成功
/pub/data/jiafq/iscas/Parser_Comparison/../benchmarks/part29/non-incremental/QF_BV/sage/app9/bench_237.smt2,124.438,0,2603,成功
/pub/data/jiafq/iscas/Parser_Comparison/../benchmarks/part29/non-incremental/QF_BV/sage/app9/bench_2370.smt2,108.192,0,2490,成功
/pub/data/jiafq/iscas/Parser_Comparison/../benchmarks/part29/non-incremental/QF_BV/sage/app9/bench_2371.smt2,27.801,0,532,成功
/pub/data/jiafq/iscas/Parser_Comparison/../benchmarks/part29/non-incremental/QF_BV/sage/app9/bench_2372.smt2,24.818,0,531,成功
/pub/data/jiafq/iscas/Parser_Comparison/../benchmarks/part29/non-incremental/QF_BV/sage/app9/bench_2373.smt2,19.3862,0,531,成功
/pub/data/jiafq/iscas/Parser_Comparison/../benchmarks/part29/non-incremental/QF_BV/sage/app9/bench_2374.smt2,20.4313,0,527,成功
/pub/data/jiafq/iscas/Parser_Comparison/../benchmarks/part29/non-incremental/QF_BV/sage/app9/bench_2375.smt2,26.0847,0,523,成功
/pub/data/jiafq/iscas/Parser_Comparison/../benchmarks/part29/non-incremental/QF_BV/sage/app9/bench_2376.smt2,26.0651,0,521,成功
/pub/data/jiafq/iscas/Parser_Comparison/../benchmarks/part29/non-incremental/QF_BV/sage/app9/bench_2377.smt2,23.2524,0,521,成功
/pub/data/jiafq/iscas/Parser_Comparison/../benchmarks/part29/non-incremental/QF_BV/sage/app9/bench_2378.smt2,26.0788,0,517,成功
/pub/data/jiafq/iscas/Parser_Comparison/../benchmarks/part29/non-incremental/QF_BV/sage/app9/bench_2379.smt2,19.2242,0,513,成功
/pub/data/jiafq/iscas/Parser_Comparison/../benchmarks/part29/non-incremental/QF_BV/sage/app9/bench_238.smt2,64.5349,0,1543,成功
/pub/data/jiafq/iscas/Parser_Comparison/../benchmarks/part29/non-incremental/QF_BV/sage/app9/bench_2380.smt2,27.4984,0,508,成功
/pub/data/jiafq/iscas/Parser_Comparison/../benchmarks/part29/non-incremental/QF_BV/sage/app9/bench_2381.smt2,115.883,0,2489,成功
/pub/data/jiafq/iscas/Parser_Comparison/../benchmarks/part29/non-incremental/QF_BV/sage/app9/bench_2382.smt2,26.8428,0,508,成功
/pub/data/jiafq/iscas/Parser_Comparison/../benchmarks/part29/non-incremental/QF_BV/sage/app9/bench_2383.smt2,25.8854,0,504,成功
/pub/data/jiafq/iscas/Parser_Comparison/../benchmarks/part29/non-incremental/QF_BV/sage/app9/bench_2384.smt2,25.7377,0,500,成功
/pub/data/jiafq/iscas/Parser_Comparison/../benchmarks/part29/non-incremental/QF_BV/sage/app9/bench_2385.smt2,19.9716,0,500,成功
/pub/data/jiafq/iscas/Parser_Comparison/../benchmarks/part29/non-incremental/QF_BV/sage/app9/bench_2386.smt2,21.6371,0,499,成功
/pub/data/jiafq/iscas/Parser_Comparison/../benchmarks/part29/non-incremental/QF_BV/sage/app9/bench_2387.smt2,18.8173,0,495,成功
/pub/data/jiafq/iscas/Parser_Comparison/../benchmarks/part29/non-incremental/QF_BV/sage/app9/bench_2388.smt2,24.8805,0,490,成功
/pub/data/jiafq/iscas/Parser_Comparison/../benchmarks/part29/non-incremental/QF_BV/sage/app9/bench_2389.smt2,23.2082,0,491,成功
/pub/data/jiafq/iscas/Parser_Comparison/../benchmarks/part29/non-incremental/QF_BV/sage/app9/bench_239.smt2,57.756,0,1542,成功
/pub/data/jiafq/iscas/Parser_Comparison/../benchmarks/part29/non-incremental/QF_BV/sage/app9/bench_2390.smt2,24.0985,0,490,成功
/pub/data/jiafq/iscas/Parser_Comparison/../benchmarks/part29/non-incremental/QF_BV/sage/app9/bench_2391.smt2,24.0535,0,491,成功
/pub/data/jiafq/iscas/Parser_Comparison/../benchmarks/part29/non-incremental/QF_BV/sage/app9/bench_2392.smt2,116.01,0,2487,成功
/pub/data/jiafq/iscas/Parser_Comparison/../benchmarks/part29/non-incremental/QF_BV/sage/app9/bench_2393.smt2,25.427,0,490,成功
/pub/data/jiafq/iscas/Parser_Comparison/../benchmarks/part29/non-incremental/QF_BV/sage/app9/bench_2394.smt2,25.8287,0,491,成功
/pub/data/jiafq/iscas/Parser_Comparison/../benchmarks/part29/non-incremental/QF_BV/sage/app9/bench_2395.smt2,22.981,0,490,成功
/pub/data/jiafq/iscas/Parser_Comparison/../benchmarks/part29/non-incremental/QF_BV/sage/app9/bench_2396.smt2,20.2362,0,491,成功
/pub/data/jiafq/iscas/Parser_Comparison/../benchmarks/part29/non-incremental/QF_BV/sage/app9/bench_2397.smt2,18.6279,0,490,成功
/pub/data/jiafq/iscas/Parser_Comparison/../benchmarks/part29/non-incremental/QF_BV/sage/app9/bench_2398.smt2,21.2947,0,491,成功
/pub/data/jiafq/iscas/Parser_Comparison/../benchmarks/part29/non-incremental/QF_BV/sage/app9/bench_2399.smt2,24.9516,0,490,成功
/pub/data/jiafq/iscas/Parser_Comparison/../benchmarks/part29/non-incremental/QF_BV/sage/app9/bench_24.smt2,70.8775,0,1823,成功
/pub/data/jiafq/iscas/Parser_Comparison/../benchmarks/part29/non-incremental/QF_BV/sage/app9/bench_240.smt2,64.215,0,1537,成功
/pub/data/jiafq/iscas/Parser_Comparison/../benchmarks/part29/non-incremental/QF_BV/sage/app9/bench_2400.smt2,24.3419,0,491,成功
/pub/data/jiafq/iscas/Parser_Comparison/../benchmarks/part29/non-incremental/QF_BV/sage/app9/bench_2401.smt2,23.5224,0,486,成功
/pub/data/jiafq/iscas/Parser_Comparison/../benchmarks/part29/non-incremental/QF_BV/sage/app9/bench_2402.smt2,17.6194,220,483,成功
/pub/data/jiafq/iscas/Parser_Comparison/../benchmarks/part29/non-incremental/QF_BV/sage/app9/bench_2403.smt2,116.81,0,2485,成功
/pub/data/jiafq/iscas/Parser_Comparison/../benchmarks/part29/non-incremental/QF_BV/sage/app9/bench_2404.smt2,17.9683,0,480,成功
/pub/data/jiafq/iscas/Parser_Comparison/../benchmarks/part29/non-incremental/QF_BV/sage/app9/bench_2405.smt2,18.2158,0,478,成功
/pub/data/jiafq/iscas/Parser_Comparison/../benchmarks/part29/non-incremental/QF_BV/sage/app9/bench_2406.smt2,18.8648,0,477,成功
/pub/data/jiafq/iscas/Parser_Comparison/../benchmarks/part29/non-incremental/QF_BV/sage/app9/bench_2407.smt2,17.9742,0,473,成功
/pub/data/jiafq/iscas/Parser_Comparison/../benchmarks/part29/non-incremental/QF_BV/sage/app9/bench_2408.smt2,19.8321,0,468,成功
/pub/data/jiafq/iscas/Parser_Comparison/../benchmarks/part29/non-incremental/QF_BV/sage/app9/bench_2409.smt2,25.4709,0,467,成功
/pub/data/jiafq/iscas/Parser_Comparison/../benchmarks/part29/non-incremental/QF_BV/sage/app9/bench_241.smt2,58.3802,0,1539,成功
/pub/data/jiafq/iscas/Parser_Comparison/../benchmarks/part29/non-incremental/QF_BV/sage/app9/bench_2410.smt2,23.7087,0,463,成功
/pub/data/jiafq/iscas/Parser_Comparison/../benchmarks/part29/non-incremental/QF_BV/sage/app9/bench_2411.smt2,21.3351,0,461,成功
/pub/data/jiafq/iscas/Parser_Comparison/../benchmarks/part29/non-incremental/QF_BV/sage/app9/bench_2412.smt2,17.898,0,459,成功
/pub/data/jiafq/iscas/Parser_Comparison/../benchmarks/part29/non-incremental/QF_BV/sage/app9/bench_2413.smt2,21.4159,0,458,成功
/pub/data/jiafq/iscas/Parser_Comparison/../benchmarks/part29/non-incremental/QF_BV/sage/app9/bench_2414.smt2,108.574,0,2484,成功
/pub/data/jiafq/iscas/Parser_Comparison/../benchmarks/part29/non-incremental/QF_BV/sage/app9/bench_2415.smt2,23.1531,0,456,成功
/pub/data/jiafq/iscas/Parser_Comparison/../benchmarks/part29/non-incremental/QF_BV/sage/app9/bench_2416.smt2,16.9487,0,454,成功
/pub/data/jiafq/iscas/Parser_Comparison/../benchmarks/part29/non-incremental/QF_BV/sage/app9/bench_2417.smt2,24.1619,0,436,成功
/pub/data/jiafq/iscas/Parser_Comparison/../benchmarks/part29/non-incremental/QF_BV/sage/app9/bench_2418.smt2,2.61747,0,26,成功
/pub/data/jiafq/iscas/Parser_Comparison/../benchmarks/part29/non-incremental/QF_BV/sage/app9/bench_2419.smt2,16.5379,0,431,成功
/pub/data/jiafq/iscas/Parser_Comparison/../benchmarks/part29/non-incremental/QF_BV/sage/app9/bench_242.smt2,62.3563,0,1538,成功
/pub/data/jiafq/iscas/Parser_Comparison/../benchmarks/part29/non-incremental/QF_BV/sage/app9/bench_2420.smt2,16.4056,0,430,成功
/pub/data/jiafq/iscas/Parser_Comparison/../benchmarks/part29/non-incremental/QF_BV/sage/app9/bench_2421.smt2,15.9496,0,426,成功
/pub/data/jiafq/iscas/Parser_Comparison/../benchmarks/part29/non-incremental/QF_BV/sage/app9/bench_2422.smt2,22.2312,0,423,成功
/pub/data/jiafq/iscas/Parser_Comparison/../benchmarks/part29/non-incremental/QF_BV/sage/app9/bench_2423.smt2,15.8179,0,422,成功
/pub/data/jiafq/iscas/Parser_Comparison/../benchmarks/part29/non-incremental/QF_BV/sage/app9/bench_2424.smt2,21.8201,0,420,成功
/pub/data/jiafq/iscas/Parser_Comparison/../benchmarks/part29/non-incremental/QF_BV/sage/app9/bench_2425.smt2,111.165,0,2482,成功
/pub/data/jiafq/iscas/Parser_Comparison/../benchmarks/part29/non-incremental/QF_BV/sage/app9/bench_2426.smt2,22.4661,0,418,成功
/pub/data/jiafq/iscas/Parser_Comparison/../benchmarks/part29/non-incremental/QF_BV/sage/app9/bench_2427.smt2,21.8163,0,416,成功
/pub/data/jiafq/iscas/Parser_Comparison/../benchmarks/part29/non-incremental/QF_BV/sage/app9/bench_2428.smt2,17.099,0,412,成功
/pub/data/jiafq/iscas/Parser_Comparison/../benchmarks/part29/non-incremental/QF_BV/sage/app9/bench_2429.smt2,3.24108,0,18,成功
/pub/data/jiafq/iscas/Parser_Comparison/../benchmarks/part29/non-incremental/QF_BV/sage/app9/bench_243.smt2,63.3078,0,1533,成功
/pub/data/jiafq/iscas/Parser_Comparison/../benchmarks/part29/non-incremental/QF_BV/sage/app9/bench_2430.smt2,1.73283,0,18,成功
/pub/data/jiafq/iscas/Parser_Comparison/../benchmarks/part29/non-incremental/QF_BV/sage/app9/bench_2431.smt2,1.48264,0,15,成功
/pub/data/jiafq/iscas/Parser_Comparison/../benchmarks/part29/non-incremental/QF_BV/sage/app9/bench_2432.smt2,2.67135,0,13,成功
/pub/data/jiafq/iscas/Parser_Comparison/../benchmarks/part29/non-incremental/QF_BV/sage/app9/bench_2433.smt2,14.6565,0,400,成功
/pub/data/jiafq/iscas/Parser_Comparison/../benchmarks/part29/non-incremental/QF_BV/sage/app9/bench_2434.smt2,3.02701,0,13,成功
/pub/data/jiafq/iscas/Parser_Comparison/../benchmarks/part29/non-incremental/QF_BV/sage/app9/bench_2435.smt2,3.50214,0,21,成功
/pub/data/jiafq/iscas/Parser_Comparison/../benchmarks/part29/non-incremental/QF_BV/sage/app9/bench_2436.smt2,110.335,0,2480,成功
/pub/data/jiafq/iscas/Parser_Comparison/../benchmarks/part29/non-incremental/QF_BV/sage/app9/bench_2437.smt2,21.9857,0,398,成功
/pub/data/jiafq/iscas/Parser_Comparison/../benchmarks/part29/non-incremental/QF_BV/sage/app9/bench_2438.smt2,2.04971,0,26,成功
/pub/data/jiafq/iscas/Parser_Comparison/../benchmarks/part29/non-incremental/QF_BV/sage/app9/bench_2439.smt2,22.3138,0,398,成功
/pub/data/jiafq/iscas/Parser_Comparison/../benchmarks/part29/non-incremental/QF_BV/sage/app9/bench_244.smt2,59.0489,0,1534,成功
/pub/data/jiafq/iscas/Parser_Comparison/../benchmarks/part29/non-incremental/QF_BV/sage/app9/bench_2440.smt2,17.6323,0,395,成功
/pub/data/jiafq/iscas/Parser_Comparison/../benchmarks/part29/non-incremental/QF_BV/sage/app9/bench_2441.smt2,17.3495,0,394,成功
/pub/data/jiafq/iscas/Parser_Comparison/../benchmarks/part29/non-incremental/QF_BV/sage/app9/bench_2442.smt2,5.71475,0,61,成功
/pub/data/jiafq/iscas/Parser_Comparison/../benchmarks/part29/non-incremental/QF_BV/sage/app9/bench_2443.smt2,3.48983,0,58,成功
/pub/data/jiafq/iscas/Parser_Comparison/../benchmarks/part29/non-incremental/QF_BV/sage/app9/bench_2444.smt2,2.6861,0,57,成功
/pub/data/jiafq/iscas/Parser_Comparison/../benchmarks/part29/non-incremental/QF_BV/sage/app9/bench_2445.smt2,2.56698,0,55,成功
/pub/data/jiafq/iscas/Parser_Comparison/../benchmarks/part29/non-incremental/QF_BV/sage/app9/bench_2446.smt2,5.18004,0,54,成功
/pub/data/jiafq/iscas/Parser_Comparison/../benchmarks/part29/non-incremental/QF_BV/sage/app9/bench_2447.smt2,3.0168,0,37,成功
/pub/data/jiafq/iscas/Parser_Comparison/../benchmarks/part29/non-incremental/QF_BV/sage/app9/bench_2448.smt2,114.337,0,2479,成功
/pub/data/jiafq/iscas/Parser_Comparison/../benchmarks/part29/non-incremental/QF_BV/sage/app9/bench_2449.smt2,5.04372,0,53,成功
/pub/data/jiafq/iscas/Parser_Comparison/../benchmarks/part29/non-incremental/QF_BV/sage/app9/bench_245.smt2,65.0757,0,1533,成功
/pub/data/jiafq/iscas/Parser_Comparison/../benchmarks/part29/non-incremental/QF_BV/sage/app9/bench_2450.smt2,4.17247,0,32,成功
/pub/data/jiafq/iscas/Parser_Comparison/../benchmarks/part29/non-incremental/QF_BV/sage/app9/bench_2451.smt2,14.2263,0,343,成功
/pub/data/jiafq/iscas/Parser_Comparison/../benchmarks/part29/non-incremental/QF_BV/sage/app9/bench_2452.smt2,4.08936,0,30,成功
/pub/data/jiafq/iscas/Parser_Comparison/../benchmarks/part29/non-incremental/QF_BV/sage/app9/bench_2453.smt2,1.98573,0,26,成功
/pub/data/jiafq/iscas/Parser_Comparison/../benchmarks/part29/non-incremental/QF_BV/sage/app9/bench_2454.smt2,3.64832,0,24,成功
/pub/data/jiafq/iscas/Parser_Comparison/../benchmarks/part29/non-incremental/QF_BV/sage/app9/bench_2455.smt2,2.74263,0,21,成功
/pub/data/jiafq/iscas/Parser_Comparison/../benchmarks/part29/non-incremental/QF_BV/sage/app9/bench_2456.smt2,2.62125,0,19,成功
/pub/data/jiafq/iscas/Parser_Comparison/../benchmarks/part29/non-incremental/QF_BV/sage/app9/bench_2457.smt2,3.30315,0,17,成功
/pub/data/jiafq/iscas/Parser_Comparison/../benchmarks/part29/non-incremental/QF_BV/sage/app9/bench_2458.smt2,1.8823,0,13,成功
/pub/data/jiafq/iscas/Parser_Comparison/../benchmarks/part29/non-incremental/QF_BV/sage/app9/bench_2459.smt2,109.679,0,2477,成功
/pub/data/jiafq/iscas/Parser_Comparison/../benchmarks/part29/non-incremental/QF_BV/sage/app9/bench_246.smt2,63.8297,0,1530,成功
/pub/data/jiafq/iscas/Parser_Comparison/../benchmarks/part29/non-incremental/QF_BV/sage/app9/bench_2460.smt2,12.5742,0,340,成功
/pub/data/jiafq/iscas/Parser_Comparison/../benchmarks/part29/non-incremental/QF_BV/sage/app9/bench_2461.smt2,1.8642,0,24,成功
/pub/data/jiafq/iscas/Parser_Comparison/../benchmarks/part29/non-incremental/QF_BV/sage/app9/bench_2462.smt2,3.49179,0,23,成功
/pub/data/jiafq/iscas/Parser_Comparison/../benchmarks/part29/non-incremental/QF_BV/sage/app9/bench_2463.smt2,13.0861,220,321,成功
/pub/data/jiafq/iscas/Parser_Comparison/../benchmarks/part29/non-incremental/QF_BV/sage/app9/bench_2464.smt2,18.6009,0,317,成功
/pub/data/jiafq/iscas/Parser_Comparison/../benchmarks/part29/non-incremental/QF_BV/sage/app9/bench_2465.smt2,15.6271,0,313,成功
/pub/data/jiafq/iscas/Parser_Comparison/../benchmarks/part29/non-incremental/QF_BV/sage/app9/bench_2466.smt2,3.60826,0,21,成功
/pub/data/jiafq/iscas/Parser_Comparison/../benchmarks/part29/non-incremental/QF_BV/sage/app9/bench_2467.smt2,3.37646,0,21,成功
/pub/data/jiafq/iscas/Parser_Comparison/../benchmarks/part29/non-incremental/QF_BV/sage/app9/bench_2468.smt2,12.0582,0,311,成功
/pub/data/jiafq/iscas/Parser_Comparison/../benchmarks/part29/non-incremental/QF_BV/sage/app9/bench_2469.smt2,19.649,0,310,成功
/pub/data/jiafq/iscas/Parser_Comparison/../benchmarks/part29/non-incremental/QF_BV/sage/app9/bench_247.smt2,66.8245,0,1528,成功
/pub/data/jiafq/iscas/Parser_Comparison/../benchmarks/part29/non-incremental/QF_BV/sage/app9/bench_2470.smt2,114.784,0,2474,成功
/pub/data/jiafq/iscas/Parser_Comparison/../benchmarks/part29/non-incremental/QF_BV/sage/app9/bench_2471.smt2,18.5397,0,308,成功
/pub/data/jiafq/iscas/Parser_Comparison/../benchmarks/part29/non-incremental/QF_BV/sage/app9/bench_2472.smt2,19.1129,0,307,成功
/pub/data/jiafq/iscas/Parser_Comparison/../benchmarks/part29/non-incremental/QF_BV/sage/app9/bench_2473.smt2,13.3035,0,307,成功
/pub/data/jiafq/iscas/Parser_Comparison/../benchmarks/part29/non-incremental/QF_BV/sage/app9/bench_2474.smt2,13.3811,0,288,成功
/pub/data/jiafq/iscas/Parser_Comparison/../benchmarks/part29/non-incremental/QF_BV/sage/app9/bench_2475.smt2,17.7654,0,286,成功
/pub/data/jiafq/iscas/Parser_Comparison/../benchmarks/part29/non-incremental/QF_BV/sage/app9/bench_2476.smt2,13.6787,0,268,成功
/pub/data/jiafq/iscas/Parser_Comparison/../benchmarks/part29/non-incremental/QF_BV/sage/app9/bench_2477.smt2,16.4469,0,264,成功
/pub/data/jiafq/iscas/Parser_Comparison/../benchmarks/part29/non-incremental/QF_BV/sage/app9/bench_2478.smt2,13.7076,0,260,成功
/pub/data/jiafq/iscas/Parser_Comparison/../benchmarks/part29/non-incremental/QF_BV/sage/app9/bench_2479.smt2,1.85039,0,21,成功
/pub/data/jiafq/iscas/Parser_Comparison/../benchmarks/part29/non-incremental/QF_BV/sage/app9/bench_248.smt2,117.345,0,2601,成功
/pub/data/jiafq/iscas/Parser_Comparison/../benchmarks/part29/non-incremental/QF_BV/sage/app9/bench_2480.smt2,1.99491,0,21,成功
/pub/data/jiafq/iscas/Parser_Comparison/../benchmarks/part29/non-incremental/QF_BV/sage/app9/bench_2481.smt2,113.709,0,2470,成功
/pub/data/jiafq/iscas/Parser_Comparison/../benchmarks/part29/non-incremental/QF_BV/sage/app9/bench_2482.smt2,15.8703,0,258,成功
/pub/data/jiafq/iscas/Parser_Comparison/../benchmarks/part29/non-incremental/QF_BV/sage/app9/bench_2483.smt2,9.38659,0,257,成功
/pub/data/jiafq/iscas/Parser_Comparison/../benchmarks/part29/non-incremental/QF_BV/sage/app9/bench_2484.smt2,2.61223,0,25,成功
/pub/data/jiafq/iscas/Parser_Comparison/../benchmarks/part29/non-incremental/QF_BV/sage/app9/bench_2485.smt2,1.70248,0,6,成功
/pub/data/jiafq/iscas/Parser_Comparison/../benchmarks/part29/non-incremental/QF_BV/sage/app9/bench_2486.smt2,2.5172,0,21,成功
/pub/data/jiafq/iscas/Parser_Comparison/../benchmarks/part29/non-incremental/QF_BV/sage/app9/bench_2487.smt2,2.90476,0,22,成功
/pub/data/jiafq/iscas/Parser_Comparison/../benchmarks/part29/non-incremental/QF_BV/sage/app9/bench_2488.smt2,2.90229,0,21,成功
/pub/data/jiafq/iscas/Parser_Comparison/../benchmarks/part29/non-incremental/QF_BV/sage/app9/bench_2489.smt2,8.5437,0,236,成功
/pub/data/jiafq/iscas/Parser_Comparison/../benchmarks/part29/non-incremental/QF_BV/sage/app9/bench_249.smt2,25.6342,0,649,成功
/pub/data/jiafq/iscas/Parser_Comparison/../benchmarks/part29/non-incremental/QF_BV/sage/app9/bench_2490.smt2,15.247,0,232,成功
/pub/data/jiafq/iscas/Parser_Comparison/../benchmarks/part29/non-incremental/QF_BV/sage/app9/bench_2491.smt2,13.4806,0,229,成功
/pub/data/jiafq/iscas/Parser_Comparison/../benchmarks/part29/non-incremental/QF_BV/sage/app9/bench_2492.smt2,6.33008,0,120,成功
/pub/data/jiafq/iscas/Parser_Comparison/../benchmarks/part29/non-incremental/QF_BV/sage/app9/bench_2493.smt2,3.37944,0,21,成功
/pub/data/jiafq/iscas/Parser_Comparison/../benchmarks/part29/non-incremental/QF_BV/sage/app9/bench_2494.smt2,3.1156,0,21,成功
/pub/data/jiafq/iscas/Parser_Comparison/../benchmarks/part29/non-incremental/QF_BV/sage/app9/bench_2495.smt2,14.6052,0,228,成功
/pub/data/jiafq/iscas/Parser_Comparison/../benchmarks/part29/non-incremental/QF_BV/sage/app9/bench_2496.smt2,13.6644,0,227,成功
/pub/data/jiafq/iscas/Parser_Comparison/../benchmarks/part29/non-incremental/QF_BV/sage/app9/bench_2497.smt2,3.67388,0,25,成功
/pub/data/jiafq/iscas/Parser_Comparison/../benchmarks/part29/non-incremental/QF_BV/sage/app9/bench_2498.smt2,1.99206,0,17,成功
/pub/data/jiafq/iscas/Parser_Comparison/../benchmarks/part29/non-incremental/QF_BV/sage/app9/bench_2499.smt2,2.11692,0,15,成功
/pub/data/jiafq/iscas/Parser_Comparison/../benchmarks/part29/non-incremental/QF_BV/sage/app9/bench_25.smt2,80.4503,0,1821,成功
/pub/data/jiafq/iscas/Parser_Comparison/../benchmarks/part29/non-incremental/QF_BV/sage/app9/bench_250.smt2,54.2732,0,1526,成功
/pub/data/jiafq/iscas/Parser_Comparison/../benchmarks/part29/non-incremental/QF_BV/sage/app9/bench_2500.smt2,1.92777,0,13,成功
/pub/data/jiafq/iscas/Parser_Comparison/../benchmarks/part29/non-incremental/QF_BV/sage/app9/bench_2501.smt2,12.9124,0,205,成功
/pub/data/jiafq/iscas/Parser_Comparison/../benchmarks/part29/non-incremental/QF_BV/sage/app9/bench_2502.smt2,13.3507,0,201,成功
/pub/data/jiafq/iscas/Parser_Comparison/../benchmarks/part29/non-incremental/QF_BV/sage/app9/bench_2503.smt2,8.82179,0,116,成功
/pub/data/jiafq/iscas/Parser_Comparison/../benchmarks/part29/non-incremental/QF_BV/sage/app9/bench_2504.smt2,12.7507,0,197,成功
/pub/data/jiafq/iscas/Parser_Comparison/../benchmarks/part29/non-incremental/QF_BV/sage/app9/bench_2505.smt2,3.261,0,21,成功
/pub/data/jiafq/iscas/Parser_Comparison/../benchmarks/part29/non-incremental/QF_BV/sage/app9/bench_2506.smt2,2.09805,0,21,成功
/pub/data/jiafq/iscas/Parser_Comparison/../benchmarks/part29/non-incremental/QF_BV/sage/app9/bench_2507.smt2,9.27261,0,195,成功
/pub/data/jiafq/iscas/Parser_Comparison/../benchmarks/part29/non-incremental/QF_BV/sage/app9/bench_2508.smt2,7.21271,0,194,成功
/pub/data/jiafq/iscas/Parser_Comparison/../benchmarks/part29/non-incremental/QF_BV/sage/app9/bench_2509.smt2,6.42595,0,135,成功
/pub/data/jiafq/iscas/Parser_Comparison/../benchmarks/part29/non-incremental/QF_BV/sage/app9/bench_251.smt2,64.1399,0,1523,成功
/pub/data/jiafq/iscas/Parser_Comparison/../benchmarks/part29/non-incremental/QF_BV/sage/app9/bench_2510.smt2,10.1945,0,134,成功
/pub/data/jiafq/iscas/Parser_Comparison/../benchmarks/part29/non-incremental/QF_BV/sage/app9/bench_2511.smt2,7.19447,0,129,成功
/pub/data/jiafq/iscas/Parser_Comparison/../benchmarks/part29/non-incremental/QF_BV/sage/app9/bench_2512.smt2,9.68536,0,123,成功
/pub/data/jiafq/iscas/Parser_Comparison/../benchmarks/part29/non-incremental/QF_BV/sage/app9/bench_2513.smt2,1.8914,0,14,成功
/pub/data/jiafq/iscas/Parser_Comparison/../benchmarks/part29/non-incremental/QF_BV/sage/app9/bench_2514.smt2,5.70776,0,114,成功
/pub/data/jiafq/iscas/Parser_Comparison/../benchmarks/part29/non-incremental/QF_BV/sage/app9/bench_2515.smt2,7.0899,0,116,成功
/pub/data/jiafq/iscas/Parser_Comparison/../benchmarks/part29/non-incremental/QF_BV/sage/app9/bench_2516.smt2,7.93732,0,115,成功
/pub/data/jiafq/iscas/Parser_Comparison/../benchmarks/part29/non-incremental/QF_BV/sage/app9/bench_2517.smt2,9.43096,0,112,成功
/pub/data/jiafq/iscas/Parser_Comparison/../benchmarks/part29/non-incremental/QF_BV/sage/app9/bench_2518.smt2,4.49317,0,108,成功
/pub/data/jiafq/iscas/Parser_Comparison/../benchmarks/part29/non-incremental/QF_BV/sage/app9/bench_2519.smt2,2.47801,0,14,成功
/pub/data/jiafq/iscas/Parser_Comparison/../benchmarks/part29/non-incremental/QF_BV/sage/app9/bench_252.smt2,60.4371,0,1519,成功
/pub/data/jiafq/iscas/Parser_Comparison/../benchmarks/part29/non-incremental/QF_BV/sage/app9/bench_2520.smt2,7.99629,0,107,成功
/pub/data/jiafq/iscas/Parser_Comparison/../benchmarks/part29/non-incremental/QF_BV/sage/app9/bench_2521.smt2,7.86559,0,106,成功
/pub/data/jiafq/iscas/Parser_Comparison/../benchmarks/part29/non-incremental/QF_BV/sage/app9/bench_2522.smt2,6.88901,224,103,成功
/pub/data/jiafq/iscas/Parser_Comparison/../benchmarks/part29/non-incremental/QF_BV/sage/app9/bench_2523.smt2,4.14413,0,99,成功
/pub/data/jiafq/iscas/Parser_Comparison/../benchmarks/part29/non-incremental/QF_BV/sage/app9/bench_2524.smt2,2.85238,0,14,成功
/pub/data/jiafq/iscas/Parser_Comparison/../benchmarks/part29/non-incremental/QF_BV/sage/app9/bench_2525.smt2,47.6563,0,1088,成功
/pub/data/jiafq/iscas/Parser_Comparison/../benchmarks/part29/non-incremental/QF_BV/sage/app9/bench_2526.smt2,6.07651,0,98,成功
/pub/data/jiafq/iscas/Parser_Comparison/../benchmarks/part29/non-incremental/QF_BV/sage/app9/bench_2527.smt2,8.06259,0,98,成功
/pub/data/jiafq/iscas/Parser_Comparison/../benchmarks/part29/non-incremental/QF_BV/sage/app9/bench_2528.smt2,4.897,0,95,成功
/pub/data/jiafq/iscas/Parser_Comparison/../benchmarks/part29/non-incremental/QF_BV/sage/app9/bench_2529.smt2,8.34892,0,91,成功
/pub/data/jiafq/iscas/Parser_Comparison/../benchmarks/part29/non-incremental/QF_BV/sage/app9/bench_253.smt2,31.1571,0,646,成功
/pub/data/jiafq/iscas/Parser_Comparison/../benchmarks/part29/non-incremental/QF_BV/sage/app9/bench_2530.smt2,3.04182,0,14,成功
/pub/data/jiafq/iscas/Parser_Comparison/../benchmarks/part29/non-incremental/QF_BV/sage/app9/bench_2531.smt2,2.56986,0,13,成功
/pub/data/jiafq/iscas/Parser_Comparison/../benchmarks/part29/non-incremental/QF_BV/sage/app9/bench_2532.smt2,2.849,0,13,成功
/pub/data/jiafq/iscas/Parser_Comparison/../benchmarks/part29/non-incremental/QF_BV/sage/app9/bench_2533.smt2,3.11647,0,13,成功
/pub/data/jiafq/iscas/Parser_Comparison/../benchmarks/part29/non-incremental/QF_BV/sage/app9/bench_2534.smt2,2.95484,0,13,成功
/pub/data/jiafq/iscas/Parser_Comparison/../benchmarks/part29/non-incremental/QF_BV/sage/app9/bench_2535.smt2,2.88362,0,13,成功
/pub/data/jiafq/iscas/Parser_Comparison/../benchmarks/part29/non-incremental/QF_BV/sage/app9/bench_2536.smt2,47.4382,0,1086,成功
/pub/data/jiafq/iscas/Parser_Comparison/../benchmarks/part29/non-incremental/QF_BV/sage/app9/bench_2537.smt2,1.69404,0,13,成功
/pub/data/jiafq/iscas/Parser_Comparison/../benchmarks/part29/non-incremental/QF_BV/sage/app9/bench_2538.smt2,3.04904,0,13,成功
/pub/data/jiafq/iscas/Parser_Comparison/../benchmarks/part29/non-incremental/QF_BV/sage/app9/bench_2539.smt2,1.64663,0,13,成功
/pub/data/jiafq/iscas/Parser_Comparison/../benchmarks/part29/non-incremental/QF_BV/sage/app9/bench_254.smt2,4.05468,0,33,成功
/pub/data/jiafq/iscas/Parser_Comparison/../benchmarks/part29/non-incremental/QF_BV/sage/app9/bench_2540.smt2,1.33858,0,13,成功
/pub/data/jiafq/iscas/Parser_Comparison/../benchmarks/part29/non-incremental/QF_BV/sage/app9/bench_2541.smt2,3.10057,0,13,成功
/pub/data/jiafq/iscas/Parser_Comparison/../benchmarks/part29/non-incremental/QF_BV/sage/app9/bench_2542.smt2,7.82892,0,91,成功
/pub/data/jiafq/iscas/Parser_Comparison/../benchmarks/part29/non-incremental/QF_BV/sage/app9/bench_2543.smt2,7.81837,0,90,成功
/pub/data/jiafq/iscas/Parser_Comparison/../benchmarks/part29/non-incremental/QF_BV/sage/app9/bench_2544.smt2,7.79046,0,86,成功
/pub/data/jiafq/iscas/Parser_Comparison/../benchmarks/part29/non-incremental/QF_BV/sage/app9/bench_2545.smt2,6.2343,0,82,成功
/pub/data/jiafq/iscas/Parser_Comparison/../benchmarks/part29/non-incremental/QF_BV/sage/app9/bench_2546.smt2,1.76997,0,14,成功
/pub/data/jiafq/iscas/Parser_Comparison/../benchmarks/part29/non-incremental/QF_BV/sage/app9/bench_2547.smt2,41.4352,0,1085,成功
/pub/data/jiafq/iscas/Parser_Comparison/../benchmarks/part29/non-incremental/QF_BV/sage/app9/bench_2548.smt2,2.98993,0,13,成功
/pub/data/jiafq/iscas/Parser_Comparison/../benchmarks/part29/non-incremental/QF_BV/sage/app9/bench_2549.smt2,1.77103,0,13,成功
/pub/data/jiafq/iscas/Parser_Comparison/../benchmarks/part29/non-incremental/QF_BV/sage/app9/bench_255.smt2,65.2881,0,1523,成功
/pub/data/jiafq/iscas/Parser_Comparison/../benchmarks/part29/non-incremental/QF_BV/sage/app9/bench_2550.smt2,1.62627,224,13,成功
/pub/data/jiafq/iscas/Parser_Comparison/../benchmarks/part29/non-incremental/QF_BV/sage/app9/bench_2551.smt2,1.84257,0,13,成功
/pub/data/jiafq/iscas/Parser_Comparison/../benchmarks/part29/non-incremental/QF_BV/sage/app9/bench_2552.smt2,2.23906,0,13,成功
/pub/data/jiafq/iscas/Parser_Comparison/../benchmarks/part29/non-incremental/QF_BV/sage/app9/bench_2553.smt2,2.90891,0,13,成功
/pub/data/jiafq/iscas/Parser_Comparison/../benchmarks/part29/non-incremental/QF_BV/sage/app9/bench_2554.smt2,2.95595,0,13,成功
/pub/data/jiafq/iscas/Parser_Comparison/../benchmarks/part29/non-incremental/QF_BV/sage/app9/bench_2555.smt2,2.89177,0,13,成功
/pub/data/jiafq/iscas/Parser_Comparison/../benchmarks/part29/non-incremental/QF_BV/sage/app9/bench_2556.smt2,2.48698,0,13,成功
/pub/data/jiafq/iscas/Parser_Comparison/../benchmarks/part29/non-incremental/QF_BV/sage/app9/bench_2557.smt2,2.9715,0,13,成功
/pub/data/jiafq/iscas/Parser_Comparison/../benchmarks/part29/non-incremental/QF_BV/sage/app9/bench_2558.smt2,3.98657,0,35,成功
/pub/data/jiafq/iscas/Parser_Comparison/../benchmarks/part29/non-incremental/QF_BV/sage/app9/bench_2559.smt2,4.71333,0,113,成功
/pub/data/jiafq/iscas/Parser_Comparison/../benchmarks/part29/non-incremental/QF_BV/sage/app9/bench_256.smt2,58.0276,0,1522,成功
/pub/data/jiafq/iscas/Parser_Comparison/../benchmarks/part29/non-incremental/QF_BV/sage/app9/bench_2560.smt2,3.27988,0,81,成功
/pub/data/jiafq/iscas/Parser_Comparison/../benchmarks/part29/non-incremental/QF_BV/sage/app9/bench_2561.smt2,5.57772,0,109,成功
/pub/data/jiafq/iscas/Parser_Comparison/../benchmarks/part29/non-incremental/QF_BV/sage/app9/bench_2562.smt2,3.97198,0,69,成功
/pub/data/jiafq/iscas/Parser_Comparison/../benchmarks/part29/non-incremental/QF_BV/sage/app9/bench_2563.smt2,39.1376,0,1079,成功
/pub/data/jiafq/iscas/Parser_Comparison/../benchmarks/part29/non-incremental/QF_BV/sage/app9/bench_2564.smt2,46.423,0,1077,成功
/pub/data/jiafq/iscas/Parser_Comparison/../benchmarks/part29/non-incremental/QF_BV/sage/app9/bench_2565.smt2,13.0856,0,202,成功
/pub/data/jiafq/iscas/Parser_Comparison/../benchmarks/part29/non-incremental/QF_BV/sage/app9/bench_2566.smt2,8.91224,0,201,成功
/pub/data/jiafq/iscas/Parser_Comparison/../benchmarks/part29/non-incremental/QF_BV/sage/app9/bench_2567.smt2,10.5226,0,198,成功
/pub/data/jiafq/iscas/Parser_Comparison/../benchmarks/part29/non-incremental/QF_BV/sage/app9/bench_2568.smt2,14.102,0,195,成功
/pub/data/jiafq/iscas/Parser_Comparison/../benchmarks/part29/non-incremental/QF_BV/sage/app9/bench_2569.smt2,18.6495,0,189,成功
/pub/data/jiafq/iscas/Parser_Comparison/../benchmarks/part29/non-incremental/QF_BV/sage/app9/bench_257.smt2,63.4938,0,1523,成功
/pub/data/jiafq/iscas/Parser_Comparison/../benchmarks/part29/non-incremental/QF_BV/sage/app9/bench_2570.smt2,50.2084,0,1190,成功
/pub/data/jiafq/iscas/Parser_Comparison/../benchmarks/part29/non-incremental/QF_BV/sage/app9/bench_2571.smt2,47.375,0,1072,成功
/pub/data/jiafq/iscas/Parser_Comparison/../benchmarks/part29/non-incremental/QF_BV/sage/app9/bench_2572.smt2,41.3328,0,1071,成功
/pub/data/jiafq/iscas/Parser_Comparison/../benchmarks/part29/non-incremental/QF_BV/sage/app9/bench_2573.smt2,12.5646,0,181,成功
/pub/data/jiafq/iscas/Parser_Comparison/../benchmarks/part29/non-incremental/QF_BV/sage/app9/bench_2574.smt2,11.5402,0,180,成功
/pub/data/jiafq/iscas/Parser_Comparison/../benchmarks/part29/non-incremental/QF_BV/sage/app9/bench_2575.smt2,9.10184,0,176,成功
/pub/data/jiafq/iscas/Parser_Comparison/../benchmarks/part29/non-incremental/QF_BV/sage/app9/bench_2576.smt2,12.1268,0,169,成功
/pub/data/jiafq/iscas/Parser_Comparison/../benchmarks/part29/non-incremental/QF_BV/sage/app9/bench_2577.smt2,47.3383,0,1064,成功
/pub/data/jiafq/iscas/Parser_Comparison/../benchmarks/part29/non-incremental/QF_BV/sage/app9/bench_2578.smt2,41.7324,236,1063,成功
/pub/data/jiafq/iscas/Parser_Comparison/../benchmarks/part29/non-incremental/QF_BV/sage/app9/bench_2579.smt2,10.4079,0,165,成功
/pub/data/jiafq/iscas/Parser_Comparison/../benchmarks/part29/non-incremental/QF_BV/sage/app9/bench_258.smt2,63.6566,0,1520,成功
/pub/data/jiafq/iscas/Parser_Comparison/../benchmarks/part29/non-incremental/QF_BV/sage/app9/bench_2580.smt2,8.32383,0,161,成功
/pub/data/jiafq/iscas/Parser_Comparison/../benchmarks/part29/non-incremental/QF_BV/sage/app9/bench_2581.smt2,44.3323,0,1188,成功
/pub/data/jiafq/iscas/Parser_Comparison/../benchmarks/part29/non-incremental/QF_BV/sage/app9/bench_2582.smt2,12.8207,0,153,成功
/pub/data/jiafq/iscas/Parser_Comparison/../benchmarks/part29/non-incremental/QF_BV/sage/app9/bench_2583.smt2,39.7207,0,1056,成功
/pub/data/jiafq/iscas/Parser_Comparison/../benchmarks/part29/non-incremental/QF_BV/sage/app9/bench_2584.smt2,47.1638,0,1055,成功
/pub/data/jiafq/iscas/Parser_Comparison/../benchmarks/part29/non-incremental/QF_BV/sage/app9/bench_2585.smt2,10.0939,0,146,成功
/pub/data/jiafq/iscas/Parser_Comparison/../benchmarks/part29/non-incremental/QF_BV/sage/app9/bench_2586.smt2,5.55413,0,138,成功
/pub/data/jiafq/iscas/Parser_Comparison/../benchmarks/part29/non-incremental/QF_BV/sage/app9/bench_2587.smt2,40.3399,0,1048,成功
/pub/data/jiafq/iscas/Parser_Comparison/../benchmarks/part29/non-incremental/QF_BV/sage/app9/bench_2588.smt2,45.368,0,1047,成功
/pub/data/jiafq/iscas/Parser_Comparison/../benchmarks/part29/non-incremental/QF_BV/sage/app9/bench_2589.smt2,10.1256,224,130,成功
/pub/data/jiafq/iscas/Parser_Comparison/../benchmarks/part29/non-incremental/QF_BV/sage/app9/bench_259.smt2,122.541,0,2600,成功
/pub/data/jiafq/iscas/Parser_Comparison/../benchmarks/part29/non-incremental/QF_BV/sage/app9/bench_2590.smt2,5.68035,0,127,成功
/pub/data/jiafq/iscas/Parser_Comparison/../benchmarks/part29/non-incremental/QF_BV/sage/app9/bench_2591.smt2,3.20442,0,77,成功
/pub/data/jiafq/iscas/Parser_Comparison/../benchmarks/part29/non-incremental/QF_BV/sage/app9/bench_2592.smt2,54.1961,0,1187,成功
/pub/data/jiafq/iscas/Parser_Comparison/../benchmarks/part29/non-incremental/QF_BV/sage/app9/bench_2593.smt2,45.6128,0,1041,成功
/pub/data/jiafq/iscas/Parser_Comparison/../benchmarks/part29/non-incremental/QF_BV/sage/app9/bench_2594.smt2,38.2272,0,1039,成功
/pub/data/jiafq/iscas/Parser_Comparison/../benchmarks/part29/non-incremental/QF_BV/sage/app9/bench_2595.smt2,115.4,0,2469,成功
/pub/data/jiafq/iscas/Parser_Comparison/../benchmarks/part29/non-incremental/QF_BV/sage/app9/bench_2596.smt2,106.712,0,2468,成功
/pub/data/jiafq/iscas/Parser_Comparison/../benchmarks/part29/non-incremental/QF_BV/sage/app9/bench_2597.smt2,111.645,0,2467,成功
/pub/data/jiafq/iscas/Parser_Comparison/../benchmarks/part29/non-incremental/QF_BV/sage/app9/bench_2598.smt2,114.53,0,2465,成功
/pub/data/jiafq/iscas/Parser_Comparison/../benchmarks/part29/non-incremental/QF_BV/sage/app9/bench_2599.smt2,113.219,0,2464,成功
/pub/data/jiafq/iscas/Parser_Comparison/../benchmarks/part29/non-incremental/QF_BV/sage/app9/bench_26.smt2,123.849,0,2617,成功
/pub/data/jiafq/iscas/Parser_Comparison/../benchmarks/part29/non-incremental/QF_BV/sage/app9/bench_260.smt2,59.6116,0,1518,成功
/pub/data/jiafq/iscas/Parser_Comparison/../benchmarks/part29/non-incremental/QF_BV/sage/app9/bench_2600.smt2,111.536,0,2462,成功
/pub/data/jiafq/iscas/Parser_Comparison/../benchmarks/part29/non-incremental/QF_BV/sage/app9/bench_2601.smt2,115.349,0,2460,成功
/pub/data/jiafq/iscas/Parser_Comparison/../benchmarks/part29/non-incremental/QF_BV/sage/app9/bench_2602.smt2,112.466,0,2459,成功
/pub/data/jiafq/iscas/Parser_Comparison/../benchmarks/part29/non-incremental/QF_BV/sage/app9/bench_2603.smt2,6.72685,244,142,成功
/pub/data/jiafq/iscas/Parser_Comparison/../benchmarks/part29/non-incremental/QF_BV/sage/app9/bench_2604.smt2,114.369,0,2457,成功
/pub/data/jiafq/iscas/Parser_Comparison/../benchmarks/part29/non-incremental/QF_BV/sage/app9/bench_2605.smt2,115.274,0,2455,成功
/pub/data/jiafq/iscas/Parser_Comparison/../benchmarks/part29/non-incremental/QF_BV/sage/app9/bench_2606.smt2,110.277,0,2454,成功
/pub/data/jiafq/iscas/Parser_Comparison/../benchmarks/part29/non-incremental/QF_BV/sage/app9/bench_2607.smt2,5.70018,0,60,成功
/pub/data/jiafq/iscas/Parser_Comparison/../benchmarks/part29/non-incremental/QF_BV/sage/app9/bench_2608.smt2,5.19473,0,54,成功
/pub/data/jiafq/iscas/Parser_Comparison/../benchmarks/part29/non-incremental/QF_BV/sage/app9/bench_2609.smt2,5.46113,0,52,成功
/pub/data/jiafq/iscas/Parser_Comparison/../benchmarks/part29/non-incremental/QF_BV/sage/app9/bench_261.smt2,62.9451,0,1515,成功
/pub/data/jiafq/iscas/Parser_Comparison/../benchmarks/part29/non-incremental/QF_BV/sage/app9/bench_2610.smt2,39.0264,0,1034,成功
/pub/data/jiafq/iscas/Parser_Comparison/../benchmarks/part29/non-incremental/QF_BV/sage/app9/bench_2611.smt2,43.3991,0,1032,成功
/pub/data/jiafq/iscas/Parser_Comparison/../benchmarks/part29/non-incremental/QF_BV/sage/app9/bench_2612.smt2,44.2963,224,1031,成功
/pub/data/jiafq/iscas/Parser_Comparison/../benchmarks/part29/non-incremental/QF_BV/sage/app9/bench_2613.smt2,13.9793,0,204,成功
/pub/data/jiafq/iscas/Parser_Comparison/../benchmarks/part29/non-incremental/QF_BV/sage/app9/bench_2614.smt2,9.63702,0,140,成功
/pub/data/jiafq/iscas/Parser_Comparison/../benchmarks/part29/non-incremental/QF_BV/sage/app9/bench_2615.smt2,6.85044,0,198,成功
/pub/data/jiafq/iscas/Parser_Comparison/../benchmarks/part29/non-incremental/QF_BV/sage/app9/bench_2616.smt2,46.5727,0,1024,成功
/pub/data/jiafq/iscas/Parser_Comparison/../benchmarks/part29/non-incremental/QF_BV/sage/app9/bench_2617.smt2,42.3376,0,1023,成功
/pub/data/jiafq/iscas/Parser_Comparison/../benchmarks/part29/non-incremental/QF_BV/sage/app9/bench_2618.smt2,10.2673,0,191,成功
/pub/data/jiafq/iscas/Parser_Comparison/../benchmarks/part29/non-incremental/QF_BV/sage/app9/bench_2619.smt2,12.0379,0,189,成功
/pub/data/jiafq/iscas/Parser_Comparison/../benchmarks/part29/non-incremental/QF_BV/sage/app9/bench_262.smt2,55.9853,0,1513,成功
/pub/data/jiafq/iscas/Parser_Comparison/../benchmarks/part29/non-incremental/QF_BV/sage/app9/bench_2620.smt2,13.4318,0,184,成功
/pub/data/jiafq/iscas/Parser_Comparison/../benchmarks/part29/non-incremental/QF_BV/sage/app9/bench_2621.smt2,8.09123,0,177,成功
/pub/data/jiafq/iscas/Parser_Comparison/../benchmarks/part29/non-incremental/QF_BV/sage/app9/bench_2622.smt2,43.4732,0,1016,成功
/pub/data/jiafq/iscas/Parser_Comparison/../benchmarks/part29/non-incremental/QF_BV/sage/app9/bench_2623.smt2,41.7825,0,1015,成功
/pub/data/jiafq/iscas/Parser_Comparison/../benchmarks/part29/non-incremental/QF_BV/sage/app9/bench_2624.smt2,6.2214,0,171,成功
/pub/data/jiafq/iscas/Parser_Comparison/../benchmarks/part29/non-incremental/QF_BV/sage/app9/bench_2625.smt2,6.86823,0,129,成功
/pub/data/jiafq/iscas/Parser_Comparison/../benchmarks/part29/non-incremental/QF_BV/sage/app9/bench_2626.smt2,11.2896,0,170,成功
/pub/data/jiafq/iscas/Parser_Comparison/../benchmarks/part29/non-incremental/QF_BV/sage/app9/bench_2627.smt2,9.81835,0,166,成功
/pub/data/jiafq/iscas/Parser_Comparison/../benchmarks/part29/non-incremental/QF_BV/sage/app9/bench_2628.smt2,5.33857,0,158,成功
/pub/data/jiafq/iscas/Parser_Comparison/../benchmarks/part29/non-incremental/QF_BV/sage/app9/bench_2629.smt2,37.5617,0,1008,成功
/pub/data/jiafq/iscas/Parser_Comparison/../benchmarks/part29/non-incremental/QF_BV/sage/app9/bench_263.smt2,63.7865,0,1511,成功
/pub/data/jiafq/iscas/Parser_Comparison/../benchmarks/part29/non-incremental/QF_BV/sage/app9/bench_2630.smt2,45.9593,0,1007,成功
/pub/data/jiafq/iscas/Parser_Comparison/../benchmarks/part29/non-incremental/QF_BV/sage/app9/bench_2631.smt2,10.3745,0,151,成功
/pub/data/jiafq/iscas/Parser_Comparison/../benchmarks/part29/non-incremental/QF_BV/sage/app9/bench_2632.smt2,7.09357,0,150,成功
/pub/data/jiafq/iscas/Parser_Comparison/../benchmarks/part29/non-incremental/QF_BV/sage/app9/bench_2633.smt2,11.2474,0,147,成功
/pub/data/jiafq/iscas/Parser_Comparison/../benchmarks/part29/non-incremental/QF_BV/sage/app9/bench_2634.smt2,5.0327,0,140,成功
/pub/data/jiafq/iscas/Parser_Comparison/../benchmarks/part29/non-incremental/QF_BV/sage/app9/bench_2635.smt2,44.1972,0,1000,成功
/pub/data/jiafq/iscas/Parser_Comparison/../benchmarks/part29/non-incremental/QF_BV/sage/app9/bench_2636.smt2,3.89725,0,113,成功
/pub/data/jiafq/iscas/Parser_Comparison/../benchmarks/part29/non-incremental/QF_BV/sage/app9/bench_2637.smt2,5.97673,0,128,成功
/pub/data/jiafq/iscas/Parser_Comparison/../benchmarks/part29/non-incremental/QF_BV/sage/app9/bench_2638.smt2,40.1842,0,999,成功
/pub/data/jiafq/iscas/Parser_Comparison/../benchmarks/part29/non-incremental/QF_BV/sage/app9/bench_2639.smt2,9.69736,0,132,成功
/pub/data/jiafq/iscas/Parser_Comparison/../benchmarks/part29/non-incremental/QF_BV/sage/app9/bench_264.smt2,62.483,0,1508,成功
/pub/data/jiafq/iscas/Parser_Comparison/../benchmarks/part29/non-incremental/QF_BV/sage/app9/bench_2640.smt2,9.3706,0,130,成功
/pub/data/jiafq/iscas/Parser_Comparison/../benchmarks/part29/non-incremental/QF_BV/sage/app9/bench_2641.smt2,5.56372,0,77,成功
/pub/data/jiafq/iscas/Parser_Comparison/../benchmarks/part29/non-incremental/QF_BV/sage/app9/bench_2642.smt2,38.9498,0,993,成功
/pub/data/jiafq/iscas/Parser_Comparison/../benchmarks/part29/non-incremental/QF_BV/sage/app9/bench_2643.smt2,43.1728,0,991,成功
/pub/data/jiafq/iscas/Parser_Comparison/../benchmarks/part29/non-incremental/QF_BV/sage/app9/bench_2644.smt2,12.2394,0,230,成功
/pub/data/jiafq/iscas/Parser_Comparison/../benchmarks/part29/non-incremental/QF_BV/sage/app9/bench_2645.smt2,7.9283,0,229,成功
/pub/data/jiafq/iscas/Parser_Comparison/../benchmarks/part29/non-incremental/QF_BV/sage/app9/bench_2646.smt2,8.00566,0,227,成功
/pub/data/jiafq/iscas/Parser_Comparison/../benchmarks/part29/non-incremental/QF_BV/sage/app9/bench_2647.smt2,10.3529,0,225,成功
/pub/data/jiafq/iscas/Parser_Comparison/../benchmarks/part29/non-incremental/QF_BV/sage/app9/bench_2648.smt2,6.749,0,126,成功
/pub/data/jiafq/iscas/Parser_Comparison/../benchmarks/part29/non-incremental/QF_BV/sage/app9/bench_2649.smt2,14.8853,0,222,成功
/pub/data/jiafq/iscas/Parser_Comparison/../benchmarks/part29/non-incremental/QF_BV/sage/app9/bench_265.smt2,61.9609,0,1505,成功
/pub/data/jiafq/iscas/Parser_Comparison/../benchmarks/part29/non-incremental/QF_BV/sage/app9/bench_2650.smt2,13.8801,0,216,成功
/pub/data/jiafq/iscas/Parser_Comparison/../benchmarks/part29/non-incremental/QF_BV/sage/app9/bench_2651.smt2,45.7811,0,986,成功
/pub/data/jiafq/iscas/Parser_Comparison/../benchmarks/part29/non-incremental/QF_BV/sage/app9/bench_2652.smt2,45.3411,0,985,成功
/pub/data/jiafq/iscas/Parser_Comparison/../benchmarks/part29/non-incremental/QF_BV/sage/app9/bench_2653.smt2,107.582,0,2451,成功
/pub/data/jiafq/iscas/Parser_Comparison/../benchmarks/part29/non-incremental/QF_BV/sage/app9/bench_2654.smt2,107.729,0,2450,成功
/pub/data/jiafq/iscas/Parser_Comparison/../benchmarks/part29/non-incremental/QF_BV/sage/app9/bench_2655.smt2,116.91,0,2449,成功
/pub/data/jiafq/iscas/Parser_Comparison/../benchmarks/part29/non-incremental/QF_BV/sage/app9/bench_2656.smt2,109.585,0,2447,成功
/pub/data/jiafq/iscas/Parser_Comparison/../benchmarks/part29/non-incremental/QF_BV/sage/app9/bench_2657.smt2,108.985,0,2445,成功
/pub/data/jiafq/iscas/Parser_Comparison/../benchmarks/part29/non-incremental/QF_BV/sage/app9/bench_2658.smt2,100.597,0,2443,成功
/pub/data/jiafq/iscas/Parser_Comparison/../benchmarks/part29/non-incremental/QF_BV/sage/app9/bench_2659.smt2,8.82507,0,122,成功
/pub/data/jiafq/iscas/Parser_Comparison/../benchmarks/part29/non-incremental/QF_BV/sage/app9/bench_266.smt2,55.0804,0,1505,成功
/pub/data/jiafq/iscas/Parser_Comparison/../benchmarks/part29/non-incremental/QF_BV/sage/app9/bench_2660.smt2,106.054,0,2441,成功
/pub/data/jiafq/iscas/Parser_Comparison/../benchmarks/part29/non-incremental/QF_BV/sage/app9/bench_2661.smt2,111.286,0,2440,成功
/pub/data/jiafq/iscas/Parser_Comparison/../benchmarks/part29/non-incremental/QF_BV/sage/app9/bench_2662.smt2,112.907,0,2438,成功
/pub/data/jiafq/iscas/Parser_Comparison/../benchmarks/part29/non-incremental/QF_BV/sage/app9/bench_2663.smt2,109.586,0,2436,成功
/pub/data/jiafq/iscas/Parser_Comparison/../benchmarks/part29/non-incremental/QF_BV/sage/app9/bench_2664.smt2,110.882,0,2434,成功
/pub/data/jiafq/iscas/Parser_Comparison/../benchmarks/part29/non-incremental/QF_BV/sage/app9/bench_2665.smt2,113.027,0,2431,成功
/pub/data/jiafq/iscas/Parser_Comparison/../benchmarks/part29/non-incremental/QF_BV/sage/app9/bench_2666.smt2,108.607,0,2427,成功
/pub/data/jiafq/iscas/Parser_Comparison/../benchmarks/part29/non-incremental/QF_BV/sage/app9/bench_2667.smt2,105.779,0,2428,成功
/pub/data/jiafq/iscas/Parser_Comparison/../benchmarks/part29/non-incremental/QF_BV/sage/app9/bench_2668.smt2,109.506,0,2427,成功
/pub/data/jiafq/iscas/Parser_Comparison/../benchmarks/part29/non-incremental/QF_BV/sage/app9/bench_2669.smt2,108.405,0,2425,成功
/pub/data/jiafq/iscas/Parser_Comparison/../benchmarks/part29/non-incremental/QF_BV/sage/app9/bench_267.smt2,59.9792,0,1505,成功
/pub/data/jiafq/iscas/Parser_Comparison/../benchmarks/part29/non-incremental/QF_BV/sage/app9/bench_2670.smt2,4.35517,0,119,成功
/pub/data/jiafq/iscas/Parser_Comparison/../benchmarks/part29/non-incremental/QF_BV/sage/app9/bench_2671.smt2,103.355,0,2424,成功
/pub/data/jiafq/iscas/Parser_Comparison/../benchmarks/part29/non-incremental/QF_BV/sage/app9/bench_2672.smt2,112.22,0,2423,成功
/pub/data/jiafq/iscas/Parser_Comparison/../benchmarks/part29/non-incremental/QF_BV/sage/app9/bench_2673.smt2,114.174,0,2422,成功
/pub/data/jiafq/iscas/Parser_Comparison/../benchmarks/part29/non-incremental/QF_BV/sage/app9/bench_2674.smt2,114.051,0,2420,成功
/pub/data/jiafq/iscas/Parser_Comparison/../benchmarks/part29/non-incremental/QF_BV/sage/app9/bench_2675.smt2,103.128,0,2419,成功
/pub/data/jiafq/iscas/Parser_Comparison/../benchmarks/part29/non-incremental/QF_BV/sage/app9/bench_2676.smt2,108.244,0,2417,成功
/pub/data/jiafq/iscas/Parser_Comparison/../benchmarks/part29/non-incremental/QF_BV/sage/app9/bench_2677.smt2,104.875,0,2416,成功
/pub/data/jiafq/iscas/Parser_Comparison/../benchmarks/part29/non-incremental/QF_BV/sage/app9/bench_2678.smt2,102.582,0,2416,成功
/pub/data/jiafq/iscas/Parser_Comparison/../benchmarks/part29/non-incremental/QF_BV/sage/app9/bench_2679.smt2,104.713,0,2414,成功
/pub/data/jiafq/iscas/Parser_Comparison/../benchmarks/part29/non-incremental/QF_BV/sage/app9/bench_268.smt2,62.1735,0,1499,成功
/pub/data/jiafq/iscas/Parser_Comparison/../benchmarks/part29/non-incremental/QF_BV/sage/app9/bench_2680.smt2,109.696,0,2412,成功
/pub/data/jiafq/iscas/Parser_Comparison/../benchmarks/part29/non-incremental/QF_BV/sage/app9/bench_2681.smt2,3.93107,0,109,成功
/pub/data/jiafq/iscas/Parser_Comparison/../benchmarks/part29/non-incremental/QF_BV/sage/app9/bench_2682.smt2,104.421,0,2411,成功
/pub/data/jiafq/iscas/Parser_Comparison/../benchmarks/part29/non-incremental/QF_BV/sage/app9/bench_2683.smt2,104.446,0,2409,成功
/pub/data/jiafq/iscas/Parser_Comparison/../benchmarks/part29/non-incremental/QF_BV/sage/app9/bench_2684.smt2,105.377,0,2408,成功
/pub/data/jiafq/iscas/Parser_Comparison/../benchmarks/part29/non-incremental/QF_BV/sage/app9/bench_2685.smt2,108.73,0,2406,成功
/pub/data/jiafq/iscas/Parser_Comparison/../benchmarks/part29/non-incremental/QF_BV/sage/app9/bench_2686.smt2,102.252,0,2404,成功
/pub/data/jiafq/iscas/Parser_Comparison/../benchmarks/part29/non-incremental/QF_BV/sage/app9/bench_2687.smt2,99.7098,0,2402,成功
/pub/data/jiafq/iscas/Parser_Comparison/../benchmarks/part29/non-incremental/QF_BV/sage/app9/bench_2688.smt2,106.237,0,2401,成功
/pub/data/jiafq/iscas/Parser_Comparison/../benchmarks/part29/non-incremental/QF_BV/sage/app9/bench_2689.smt2,106.287,0,2399,成功
/pub/data/jiafq/iscas/Parser_Comparison/../benchmarks/part29/non-incremental/QF_BV/sage/app9/bench_269.smt2,59.3284,0,1496,成功
/pub/data/jiafq/iscas/Parser_Comparison/../benchmarks/part29/non-incremental/QF_BV/sage/app9/bench_2690.smt2,106.688,0,2396,成功
/pub/data/jiafq/iscas/Parser_Comparison/../benchmarks/part29/non-incremental/QF_BV/sage/app9/bench_2691.smt2,100.751,0,2394,成功
/pub/data/jiafq/iscas/Parser_Comparison/../benchmarks/part29/non-incremental/QF_BV/sage/app9/bench_2692.smt2,3.7483,0,105,成功
/pub/data/jiafq/iscas/Parser_Comparison/../benchmarks/part29/non-incremental/QF_BV/sage/app9/bench_2693.smt2,99.7526,0,2391,成功
/pub/data/jiafq/iscas/Parser_Comparison/../benchmarks/part29/non-incremental/QF_BV/sage/app9/bench_2694.smt2,5.59187,0,60,成功
/pub/data/jiafq/iscas/Parser_Comparison/../benchmarks/part29/non-incremental/QF_BV/sage/app9/bench_2695.smt2,5.1646,0,54,成功
/pub/data/jiafq/iscas/Parser_Comparison/../benchmarks/part29/non-incremental/QF_BV/sage/app9/bench_2696.smt2,5.21494,0,52,成功
/pub/data/jiafq/iscas/Parser_Comparison/../benchmarks/part29/non-incremental/QF_BV/sage/app9/bench_2697.smt2,39.8665,0,978,成功
/pub/data/jiafq/iscas/Parser_Comparison/../benchmarks/part29/non-incremental/QF_BV/sage/app9/bench_2698.smt2,45.3233,0,976,成功
/pub/data/jiafq/iscas/Parser_Comparison/../benchmarks/part29/non-incremental/QF_BV/sage/app9/bench_2699.smt2,41.0104,0,975,成功
/pub/data/jiafq/iscas/Parser_Comparison/../benchmarks/part29/non-incremental/QF_BV/sage/app9/bench_27.smt2,75.1846,0,1820,成功
/pub/data/jiafq/iscas/Parser_Comparison/../benchmarks/part29/non-incremental/QF_BV/sage/app9/bench_270.smt2,112.981,0,2598,成功
/pub/data/jiafq/iscas/Parser_Comparison/../benchmarks/part29/non-incremental/QF_BV/sage/app9/bench_2700.smt2,10.6481,0,209,成功
/pub/data/jiafq/iscas/Parser_Comparison/../benchmarks/part29/non-incremental/QF_BV/sage/app9/bench_2701.smt2,7.40054,0,208,成功
/pub/data/jiafq/iscas/Parser_Comparison/../benchmarks/part29/non-incremental/QF_BV/sage/app9/bench_2702.smt2,8.96326,0,206,成功
/pub/data/jiafq/iscas/Parser_Comparison/../benchmarks/part29/non-incremental/QF_BV/sage/app9/bench_2703.smt2,6.79689,0,165,成功
/pub/data/jiafq/iscas/Parser_Comparison/../benchmarks/part29/non-incremental/QF_BV/sage/app9/bench_2704.smt2,11.2161,0,198,成功
/pub/data/jiafq/iscas/Parser_Comparison/../benchmarks/part29/non-incremental/QF_BV/sage/app9/bench_2705.smt2,39.1076,0,968,成功
/pub/data/jiafq/iscas/Parser_Comparison/../benchmarks/part29/non-incremental/QF_BV/sage/app9/bench_2706.smt2,37.8995,0,967,成功
/pub/data/jiafq/iscas/Parser_Comparison/../benchmarks/part29/non-incremental/QF_BV/sage/app9/bench_2707.smt2,13.6948,0,191,成功
/pub/data/jiafq/iscas/Parser_Comparison/../benchmarks/part29/non-incremental/QF_BV/sage/app9/bench_2708.smt2,6.74934,0,188,成功
/pub/data/jiafq/iscas/Parser_Comparison/../benchmarks/part29/non-incremental/QF_BV/sage/app9/bench_2709.smt2,12.5603,0,180,成功
/pub/data/jiafq/iscas/Parser_Comparison/../benchmarks/part29/non-incremental/QF_BV/sage/app9/bench_271.smt2,25.9368,0,644,成功
/pub/data/jiafq/iscas/Parser_Comparison/../benchmarks/part29/non-incremental/QF_BV/sage/app9/bench_2710.smt2,39.8241,0,960,成功
/pub/data/jiafq/iscas/Parser_Comparison/../benchmarks/part29/non-incremental/QF_BV/sage/app9/bench_2711.smt2,40.3163,0,959,成功
/pub/data/jiafq/iscas/Parser_Comparison/../benchmarks/part29/non-incremental/QF_BV/sage/app9/bench_2712.smt2,7.46449,0,172,成功
/pub/data/jiafq/iscas/Parser_Comparison/../benchmarks/part29/non-incremental/QF_BV/sage/app9/bench_2713.smt2,8.40819,0,171,成功
/pub/data/jiafq/iscas/Parser_Comparison/../benchmarks/part29/non-incremental/QF_BV/sage/app9/bench_2714.smt2,5.47742,0,164,成功
/pub/data/jiafq/iscas/Parser_Comparison/../benchmarks/part29/non-incremental/QF_BV/sage/app9/bench_2715.smt2,6.17853,0,169,成功
/pub/data/jiafq/iscas/Parser_Comparison/../benchmarks/part29/non-incremental/QF_BV/sage/app9/bench_2716.smt2,5.72471,0,166,成功
/pub/data/jiafq/iscas/Parser_Comparison/../benchmarks/part29/non-incremental/QF_BV/sage/app9/bench_2717.smt2,7.15876,0,159,成功
/pub/data/jiafq/iscas/Parser_Comparison/../benchmarks/part29/non-incremental/QF_BV/sage/app9/bench_2718.smt2,41.8317,0,952,成功
/pub/data/jiafq/iscas/Parser_Comparison/../benchmarks/part29/non-incremental/QF_BV/sage/app9/bench_2719.smt2,37.2053,0,951,成功
/pub/data/jiafq/iscas/Parser_Comparison/../benchmarks/part29/non-incremental/QF_BV/sage/app9/bench_272.smt2,56.0181,0,1496,成功
/pub/data/jiafq/iscas/Parser_Comparison/../benchmarks/part29/non-incremental/QF_BV/sage/app9/bench_2720.smt2,5.76992,0,152,成功
/pub/data/jiafq/iscas/Parser_Comparison/../benchmarks/part29/non-incremental/QF_BV/sage/app9/bench_2721.smt2,5.64932,0,151,成功
/pub/data/jiafq/iscas/Parser_Comparison/../benchmarks/part29/non-incremental/QF_BV/sage/app9/bench_2722.smt2,5.53742,0,149,成功
/pub/data/jiafq/iscas/Parser_Comparison/../benchmarks/part29/non-incremental/QF_BV/sage/app9/bench_2723.smt2,6.70587,0,147,成功
/pub/data/jiafq/iscas/Parser_Comparison/../benchmarks/part29/non-incremental/QF_BV/sage/app9/bench_2724.smt2,10.0556,0,143,成功
/pub/data/jiafq/iscas/Parser_Comparison/../benchmarks/part29/non-incremental/QF_BV/sage/app9/bench_2725.smt2,5.37828,0,162,成功
/pub/data/jiafq/iscas/Parser_Comparison/../benchmarks/part29/non-incremental/QF_BV/sage/app9/bench_2726.smt2,4.65687,0,82,成功
/pub/data/jiafq/iscas/Parser_Comparison/../benchmarks/part29/non-incremental/QF_BV/sage/app9/bench_2727.smt2,36.2174,0,945,成功
/pub/data/jiafq/iscas/Parser_Comparison/../benchmarks/part29/non-incremental/QF_BV/sage/app9/bench_2728.smt2,37.9117,0,943,成功
/pub/data/jiafq/iscas/Parser_Comparison/../benchmarks/part29/non-incremental/QF_BV/sage/app9/bench_2729.smt2,79.609,0,1739,成功
/pub/data/jiafq/iscas/Parser_Comparison/../benchmarks/part29/non-incremental/QF_BV/sage/app9/bench_273.smt2,54.9928,0,1493,成功
/pub/data/jiafq/iscas/Parser_Comparison/../benchmarks/part29/non-incremental/QF_BV/sage/app9/bench_2730.smt2,68.8327,0,1738,成功
/pub/data/jiafq/iscas/Parser_Comparison/../benchmarks/part29/non-incremental/QF_BV/sage/app9/bench_2731.smt2,81.1657,0,1736,成功
/pub/data/jiafq/iscas/Parser_Comparison/../benchmarks/part29/non-incremental/QF_BV/sage/app9/bench_2732.smt2,69.3614,0,1733,成功
/pub/data/jiafq/iscas/Parser_Comparison/../benchmarks/part29/non-incremental/QF_BV/sage/app9/bench_2733.smt2,76.057,0,1728,成功
/pub/data/jiafq/iscas/Parser_Comparison/../benchmarks/part29/non-incremental/QF_BV/sage/app9/bench_2734.smt2,40.9693,0,938,成功
/pub/data/jiafq/iscas/Parser_Comparison/../benchmarks/part29/non-incremental/QF_BV/sage/app9/bench_2735.smt2,39.9758,0,937,成功
/pub/data/jiafq/iscas/Parser_Comparison/../benchmarks/part29/non-incremental/QF_BV/sage/app9/bench_2736.smt2,5.52151,0,160,成功
/pub/data/jiafq/iscas/Parser_Comparison/../benchmarks/part29/non-incremental/QF_BV/sage/app9/bench_2737.smt2,107.987,0,2388,成功
/pub/data/jiafq/iscas/Parser_Comparison/../benchmarks/part29/non-incremental/QF_BV/sage/app9/bench_2738.smt2,101.886,0,2387,成功
/pub/data/jiafq/iscas/Parser_Comparison/../benchmarks/part29/non-incremental/QF_BV/sage/app9/bench_2739.smt2,103.332,0,2385,成功
/pub/data/jiafq/iscas/Parser_Comparison/../benchmarks/part29/non-incremental/QF_BV/sage/app9/bench_274.smt2,4.99559,0,86,成功
/pub/data/jiafq/iscas/Parser_Comparison/../benchmarks/part29/non-incremental/QF_BV/sage/app9/bench_2740.smt2,101.142,0,2384,成功
/pub/data/jiafq/iscas/Parser_Comparison/../benchmarks/part29/non-incremental/QF_BV/sage/app9/bench_2741.smt2,102.479,0,2382,成功
/pub/data/jiafq/iscas/Parser_Comparison/../benchmarks/part29/non-incremental/QF_BV/sage/app9/bench_2742.smt2,98.6426,0,2380,成功
/pub/data/jiafq/iscas/Parser_Comparison/../benchmarks/part29/non-incremental/QF_BV/sage/app9/bench_2743.smt2,103.076,0,2379,成功
/pub/data/jiafq/iscas/Parser_Comparison/../benchmarks/part29/non-incremental/QF_BV/sage/app9/bench_2744.smt2,99.4805,0,2378,成功
/pub/data/jiafq/iscas/Parser_Comparison/../benchmarks/part29/non-incremental/QF_BV/sage/app9/bench_2745.smt2,105.577,0,2376,成功
/pub/data/jiafq/iscas/Parser_Comparison/../benchmarks/part29/non-incremental/QF_BV/sage/app9/bench_2746.smt2,104.475,0,2374,成功
/pub/data/jiafq/iscas/Parser_Comparison/../benchmarks/part29/non-incremental/QF_BV/sage/app9/bench_2747.smt2,4.01783,0,110,成功
/pub/data/jiafq/iscas/Parser_Comparison/../benchmarks/part29/non-incremental/QF_BV/sage/app9/bench_2748.smt2,9.59444,0,156,成功
/pub/data/jiafq/iscas/Parser_Comparison/../benchmarks/part29/non-incremental/QF_BV/sage/app9/bench_2749.smt2,101.765,0,2372,成功
/pub/data/jiafq/iscas/Parser_Comparison/../benchmarks/part29/non-incremental/QF_BV/sage/app9/bench_275.smt2,3.99929,0,71,成功
/pub/data/jiafq/iscas/Parser_Comparison/../benchmarks/part29/non-incremental/QF_BV/sage/app9/bench_2750.smt2,101.617,208,2370,成功
/pub/data/jiafq/iscas/Parser_Comparison/../benchmarks/part29/non-incremental/QF_BV/sage/app9/bench_2751.smt2,108.163,0,2366,成功
/pub/data/jiafq/iscas/Parser_Comparison/../benchmarks/part29/non-incremental/QF_BV/sage/app9/bench_2752.smt2,106.52,0,2362,成功
/pub/data/jiafq/iscas/Parser_Comparison/../benchmarks/part29/non-incremental/QF_BV/sage/app9/bench_2753.smt2,3.70825,0,65,成功
/pub/data/jiafq/iscas/Parser_Comparison/../benchmarks/part29/non-incremental/QF_BV/sage/app9/bench_2754.smt2,2.88275,0,60,成功
/pub/data/jiafq/iscas/Parser_Comparison/../benchmarks/part29/non-incremental/QF_BV/sage/app9/bench_2755.smt2,2.72745,0,58,成功
/pub/data/jiafq/iscas/Parser_Comparison/../benchmarks/part29/non-incremental/QF_BV/sage/app9/bench_2756.smt2,35.9926,0,930,成功
/pub/data/jiafq/iscas/Parser_Comparison/../benchmarks/part29/non-incremental/QF_BV/sage/app9/bench_2757.smt2,34.9821,0,928,成功
/pub/data/jiafq/iscas/Parser_Comparison/../benchmarks/part29/non-incremental/QF_BV/sage/app9/bench_2758.smt2,34.935,0,927,成功
/pub/data/jiafq/iscas/Parser_Comparison/../benchmarks/part29/non-incremental/QF_BV/sage/app9/bench_2759.smt2,118.003,0,2668,成功
/pub/data/jiafq/iscas/Parser_Comparison/../benchmarks/part29/non-incremental/QF_BV/sage/app9/bench_276.smt2,55.7302,0,1483,成功
/pub/data/jiafq/iscas/Parser_Comparison/../benchmarks/part29/non-incremental/QF_BV/sage/app9/bench_2760.smt2,76.3595,0,1721,成功
/pub/data/jiafq/iscas/Parser_Comparison/../benchmarks/part29/non-incremental/QF_BV/sage/app9/bench_2761.smt2,69.5016,0,1720,成功
/pub/data/jiafq/iscas/Parser_Comparison/../benchmarks/part29/non-incremental/QF_BV/sage/app9/bench_2762.smt2,74.6015,228,1717,成功
/pub/data/jiafq/iscas/Parser_Comparison/../benchmarks/part29/non-incremental/QF_BV/sage/app9/bench_2763.smt2,70.5926,0,1711,成功
/pub/data/jiafq/iscas/Parser_Comparison/../benchmarks/part29/non-incremental/QF_BV/sage/app9/bench_2764.smt2,39.7985,0,920,成功
/pub/data/jiafq/iscas/Parser_Comparison/../benchmarks/part29/non-incremental/QF_BV/sage/app9/bench_2765.smt2,38.221,0,919,成功
/pub/data/jiafq/iscas/Parser_Comparison/../benchmarks/part29/non-incremental/QF_BV/sage/app9/bench_2766.smt2,67.941,0,1702,成功
/pub/data/jiafq/iscas/Parser_Comparison/../benchmarks/part29/non-incremental/QF_BV/sage/app9/bench_2767.smt2,69.7095,0,1701,成功
/pub/data/jiafq/iscas/Parser_Comparison/../benchmarks/part29/non-incremental/QF_BV/sage/app9/bench_2768.smt2,66.9859,0,1698,成功
/pub/data/jiafq/iscas/Parser_Comparison/../benchmarks/part29/non-incremental/QF_BV/sage/app9/bench_2769.smt2,67.6612,0,1693,成功
/pub/data/jiafq/iscas/Parser_Comparison/../benchmarks/part29/non-incremental/QF_BV/sage/app9/bench_277.smt2,54.1924,0,1482,成功
/pub/data/jiafq/iscas/Parser_Comparison/../benchmarks/part29/non-incremental/QF_BV/sage/app9/bench_2770.smt2,1.57407,0,11,成功
/pub/data/jiafq/iscas/Parser_Comparison/../benchmarks/part29/non-incremental/QF_BV/sage/app9/bench_2771.smt2,35.5818,0,912,成功
/pub/data/jiafq/iscas/Parser_Comparison/../benchmarks/part29/non-incremental/QF_BV/sage/app9/bench_2772.smt2,38.4178,0,911,成功
/pub/data/jiafq/iscas/Parser_Comparison/../benchmarks/part29/non-incremental/QF_BV/sage/app9/bench_2773.smt2,78.226,0,1685,成功
/pub/data/jiafq/iscas/Parser_Comparison/../benchmarks/part29/non-incremental/QF_BV/sage/app9/bench_2774.smt2,76.8849,0,1684,成功
/pub/data/jiafq/iscas/Parser_Comparison/../benchmarks/part29/non-incremental/QF_BV/sage/app9/bench_2775.smt2,75.6808,0,1683,成功
/pub/data/jiafq/iscas/Parser_Comparison/../benchmarks/part29/non-incremental/QF_BV/sage/app9/bench_2776.smt2,76.2504,0,1681,成功
/pub/data/jiafq/iscas/Parser_Comparison/../benchmarks/part29/non-incremental/QF_BV/sage/app9/bench_2777.smt2,75.6935,0,1678,成功
/pub/data/jiafq/iscas/Parser_Comparison/../benchmarks/part29/non-incremental/QF_BV/sage/app9/bench_2778.smt2,74.548,0,1671,成功
/pub/data/jiafq/iscas/Parser_Comparison/../benchmarks/part29/non-incremental/QF_BV/sage/app9/bench_2779.smt2,33.1422,0,904,成功
/pub/data/jiafq/iscas/Parser_Comparison/../benchmarks/part29/non-incremental/QF_BV/sage/app9/bench_278.smt2,60.9114,0,1483,成功
/pub/data/jiafq/iscas/Parser_Comparison/../benchmarks/part29/non-incremental/QF_BV/sage/app9/bench_2780.smt2,36.1944,0,903,成功
/pub/data/jiafq/iscas/Parser_Comparison/../benchmarks/part29/non-incremental/QF_BV/sage/app9/bench_2781.smt2,3.31194,0,37,成功
/pub/data/jiafq/iscas/Parser_Comparison/../benchmarks/part29/non-incremental/QF_BV/sage/app9/bench_2782.smt2,68.0831,0,1664,成功
/pub/data/jiafq/iscas/Parser_Comparison/../benchmarks/part29/non-incremental/QF_BV/sage/app9/bench_2783.smt2,69.7771,0,1663,成功
/pub/data/jiafq/iscas/Parser_Comparison/../benchmarks/part29/non-incremental/QF_BV/sage/app9/bench_2784.smt2,68.282,0,1661,成功
/pub/data/jiafq/iscas/Parser_Comparison/../benchmarks/part29/non-incremental/QF_BV/sage/app9/bench_2785.smt2,76.3265,0,1658,成功
/pub/data/jiafq/iscas/Parser_Comparison/../benchmarks/part29/non-incremental/QF_BV/sage/app9/bench_2786.smt2,68.5422,0,1650,成功
/pub/data/jiafq/iscas/Parser_Comparison/../benchmarks/part29/non-incremental/QF_BV/sage/app9/bench_2787.smt2,33.1778,0,897,成功
/pub/data/jiafq/iscas/Parser_Comparison/../benchmarks/part29/non-incremental/QF_BV/sage/app9/bench_2788.smt2,35.2204,228,895,成功
/pub/data/jiafq/iscas/Parser_Comparison/../benchmarks/part29/non-incremental/QF_BV/sage/app9/bench_2789.smt2,10.4605,0,223,成功
/pub/data/jiafq/iscas/Parser_Comparison/../benchmarks/part29/non-incremental/QF_BV/sage/app9/bench_279.smt2,55.1912,0,1479,成功
/pub/data/jiafq/iscas/Parser_Comparison/../benchmarks/part29/non-incremental/QF_BV/sage/app9/bench_2790.smt2,15.0452,0,221,成功
/pub/data/jiafq/iscas/Parser_Comparison/../benchmarks/part29/non-incremental/QF_BV/sage/app9/bench_2791.smt2,7.71312,0,213,成功
/pub/data/jiafq/iscas/Parser_Comparison/../benchmarks/part29/non-incremental/QF_BV/sage/app9/bench_2792.smt2,2.37643,0,35,成功
/pub/data/jiafq/iscas/Parser_Comparison/../benchmarks/part29/non-incremental/QF_BV/sage/app9/bench_2793.smt2,38.6998,0,890,成功
/pub/data/jiafq/iscas/Parser_Comparison/../benchmarks/part29/non-incremental/QF_BV/sage/app9/bench_2794.smt2,40.3159,0,889,成功
/pub/data/jiafq/iscas/Parser_Comparison/../benchmarks/part29/non-incremental/QF_BV/sage/app9/bench_2795.smt2,13.6253,0,207,成功
/pub/data/jiafq/iscas/Parser_Comparison/../benchmarks/part29/non-incremental/QF_BV/sage/app9/bench_2796.smt2,13.6343,0,206,成功
/pub/data/jiafq/iscas/Parser_Comparison/../benchmarks/part29/non-incremental/QF_BV/sage/app9/bench_2797.smt2,13.2224,0,204,成功
/pub/data/jiafq/iscas/Parser_Comparison/../benchmarks/part29/non-incremental/QF_BV/sage/app9/bench_2798.smt2,7.0406,0,202,成功
/pub/data/jiafq/iscas/Parser_Comparison/../benchmarks/part29/non-incremental/QF_BV/sage/app9/bench_2799.smt2,11.1421,0,200,成功
/pub/data/jiafq/iscas/Parser_Comparison/../benchmarks/part29/non-incremental/QF_BV/sage/app9/bench_28.smt2,73.5043,0,1815,成功
/pub/data/jiafq/iscas/Parser_Comparison/../benchmarks/part29/non-incremental/QF_BV/sage/app9/bench_280.smt2,55.7015,0,1476,成功
/pub/data/jiafq/iscas/Parser_Comparison/../benchmarks/part29/non-incremental/QF_BV/sage/app9/bench_2800.smt2,10.8675,0,198,成功
/pub/data/jiafq/iscas/Parser_Comparison/../benchmarks/part29/non-incremental/QF_BV/sage/app9/bench_2801.smt2,12.4816,0,194,成功
/pub/data/jiafq/iscas/Parser_Comparison/../benchmarks/part29/non-incremental/QF_BV/sage/app9/bench_2802.smt2,12.2581,0,186,成功
/pub/data/jiafq/iscas/Parser_Comparison/../benchmarks/part29/non-incremental/QF_BV/sage/app9/bench_2803.smt2,53.7894,0,1180,成功
/pub/data/jiafq/iscas/Parser_Comparison/../benchmarks/part29/non-incremental/QF_BV/sage/app9/bench_2804.smt2,39.204,0,882,成功
/pub/data/jiafq/iscas/Parser_Comparison/../benchmarks/part29/non-incremental/QF_BV/sage/app9/bench_2805.smt2,36.1356,0,881,成功
/pub/data/jiafq/iscas/Parser_Comparison/../benchmarks/part29/non-incremental/QF_BV/sage/app9/bench_2806.smt2,101.226,0,2359,成功
/pub/data/jiafq/iscas/Parser_Comparison/../benchmarks/part29/non-incremental/QF_BV/sage/app9/bench_2807.smt2,101.578,0,2357,成功
/pub/data/jiafq/iscas/Parser_Comparison/../benchmarks/part29/non-incremental/QF_BV/sage/app9/bench_2808.smt2,100.565,0,2354,成功
/pub/data/jiafq/iscas/Parser_Comparison/../benchmarks/part29/non-incremental/QF_BV/sage/app9/bench_2809.smt2,107.746,0,2351,成功
/pub/data/jiafq/iscas/Parser_Comparison/../benchmarks/part29/non-incremental/QF_BV/sage/app9/bench_281.smt2,1.97552,0,11,成功
/pub/data/jiafq/iscas/Parser_Comparison/../benchmarks/part29/non-incremental/QF_BV/sage/app9/bench_2810.smt2,7.83004,0,176,成功
/pub/data/jiafq/iscas/Parser_Comparison/../benchmarks/part29/non-incremental/QF_BV/sage/app9/bench_2811.smt2,6.56384,0,174,成功
/pub/data/jiafq/iscas/Parser_Comparison/../benchmarks/part29/non-incremental/QF_BV/sage/app9/bench_2812.smt2,6.48914,0,169,成功
/pub/data/jiafq/iscas/Parser_Comparison/../benchmarks/part29/non-incremental/QF_BV/sage/app9/bench_2813.smt2,40.9716,0,874,成功
/pub/data/jiafq/iscas/Parser_Comparison/../benchmarks/part29/non-incremental/QF_BV/sage/app9/bench_2814.smt2,44.8533,0,1179,成功
/pub/data/jiafq/iscas/Parser_Comparison/../benchmarks/part29/non-incremental/QF_BV/sage/app9/bench_2815.smt2,42.4152,0,872,成功
/pub/data/jiafq/iscas/Parser_Comparison/../benchmarks/part29/non-incremental/QF_BV/sage/app9/bench_2816.smt2,36.0902,0,871,成功
/pub/data/jiafq/iscas/Parser_Comparison/../benchmarks/part29/non-incremental/QF_BV/sage/app9/bench_2817.smt2,7.63872,0,169,成功
/pub/data/jiafq/iscas/Parser_Comparison/../benchmarks/part29/non-incremental/QF_BV/sage/app9/bench_2818.smt2,9.42397,0,168,成功
/pub/data/jiafq/iscas/Parser_Comparison/../benchmarks/part29/non-incremental/QF_BV/sage/app9/bench_2819.smt2,11.09,0,166,成功
/pub/data/jiafq/iscas/Parser_Comparison/../benchmarks/part29/non-incremental/QF_BV/sage/app9/bench_282.smt2,59.842,0,1475,成功
/pub/data/jiafq/iscas/Parser_Comparison/../benchmarks/part29/non-incremental/QF_BV/sage/app9/bench_2820.smt2,7.48534,0,163,成功
/pub/data/jiafq/iscas/Parser_Comparison/../benchmarks/part29/non-incremental/QF_BV/sage/app9/bench_2821.smt2,8.87447,0,157,成功
/pub/data/jiafq/iscas/Parser_Comparison/../benchmarks/part29/non-incremental/QF_BV/sage/app9/bench_2822.smt2,37.4124,0,864,成功
/pub/data/jiafq/iscas/Parser_Comparison/../benchmarks/part29/non-incremental/QF_BV/sage/app9/bench_2823.smt2,31.9094,0,863,成功
/pub/data/jiafq/iscas/Parser_Comparison/../benchmarks/part29/non-incremental/QF_BV/sage/app9/bench_2824.smt2,6.33605,0,150,成功
/pub/data/jiafq/iscas/Parser_Comparison/../benchmarks/part29/non-incremental/QF_BV/sage/app9/bench_2825.smt2,43.3545,0,1177,成功
/pub/data/jiafq/iscas/Parser_Comparison/../benchmarks/part29/non-incremental/QF_BV/sage/app9/bench_2826.smt2,5.74616,0,148,成功
/pub/data/jiafq/iscas/Parser_Comparison/../benchmarks/part29/non-incremental/QF_BV/sage/app9/bench_2827.smt2,7.07633,0,139,成功
/pub/data/jiafq/iscas/Parser_Comparison/../benchmarks/part29/non-incremental/QF_BV/sage/app9/bench_2828.smt2,37.2528,0,857,成功
/pub/data/jiafq/iscas/Parser_Comparison/../benchmarks/part29/non-incremental/QF_BV/sage/app9/bench_2829.smt2,33.9114,0,855,成功
/pub/data/jiafq/iscas/Parser_Comparison/../benchmarks/part29/non-incremental/QF_BV/sage/app9/bench_283.smt2,61.8103,0,1475,成功
/pub/data/jiafq/iscas/Parser_Comparison/../benchmarks/part29/non-incremental/QF_BV/sage/app9/bench_2830.smt2,14.2505,0,261,成功
/pub/data/jiafq/iscas/Parser_Comparison/../benchmarks/part29/non-incremental/QF_BV/sage/app9/bench_2831.smt2,10.5497,0,260,成功
/pub/data/jiafq/iscas/Parser_Comparison/../benchmarks/part29/non-incremental/QF_BV/sage/app9/bench_2832.smt2,8.71678,0,258,成功
/pub/data/jiafq/iscas/Parser_Comparison/../benchmarks/part29/non-incremental/QF_BV/sage/app9/bench_2833.smt2,14.4633,0,256,成功
/pub/data/jiafq/iscas/Parser_Comparison/../benchmarks/part29/non-incremental/QF_BV/sage/app9/bench_2834.smt2,12.8066,0,254,成功
/pub/data/jiafq/iscas/Parser_Comparison/../benchmarks/part29/non-incremental/QF_BV/sage/app9/bench_2835.smt2,10.3931,0,251,成功
/pub/data/jiafq/iscas/Parser_Comparison/../benchmarks/part29/non-incremental/QF_BV/sage/app9/bench_2836.smt2,10.8974,0,145,成功
/pub/data/jiafq/iscas/Parser_Comparison/../benchmarks/part29/non-incremental/QF_BV/sage/app9/bench_2837.smt2,8.07482,0,244,成功
/pub/data/jiafq/iscas/Parser_Comparison/../benchmarks/part29/non-incremental/QF_BV/sage/app9/bench_2838.smt2,38.3219,0,850,成功
/pub/data/jiafq/iscas/Parser_Comparison/../benchmarks/part29/non-incremental/QF_BV/sage/app9/bench_2839.smt2,37.3906,0,849,成功
/pub/data/jiafq/iscas/Parser_Comparison/../benchmarks/part29/non-incremental/QF_BV/sage/app9/bench_284.smt2,54.5568,0,1468,成功
/pub/data/jiafq/iscas/Parser_Comparison/../benchmarks/part29/non-incremental/QF_BV/sage/app9/bench_2840.smt2,13.2987,0,236,成功
/pub/data/jiafq/iscas/Parser_Comparison/../benchmarks/part29/non-incremental/QF_BV/sage/app9/bench_2841.smt2,14.8398,0,234,成功
/pub/data/jiafq/iscas/Parser_Comparison/../benchmarks/part29/non-incremental/QF_BV/sage/app9/bench_2842.smt2,9.58206,0,227,成功
/pub/data/jiafq/iscas/Parser_Comparison/../benchmarks/part29/non-incremental/QF_BV/sage/app9/bench_2843.smt2,36.4267,0,842,成功
/pub/data/jiafq/iscas/Parser_Comparison/../benchmarks/part29/non-incremental/QF_BV/sage/app9/bench_2844.smt2,36.7783,0,841,成功
/pub/data/jiafq/iscas/Parser_Comparison/../benchmarks/part29/non-incremental/QF_BV/sage/app9/bench_2845.smt2,7.66043,0,221,成功
/pub/data/jiafq/iscas/Parser_Comparison/../benchmarks/part29/non-incremental/QF_BV/sage/app9/bench_2846.smt2,13.8058,0,220,成功
/pub/data/jiafq/iscas/Parser_Comparison/../benchmarks/part29/non-incremental/QF_BV/sage/app9/bench_2847.smt2,4.91469,0,143,成功
/pub/data/jiafq/iscas/Parser_Comparison/../benchmarks/part29/non-incremental/QF_BV/sage/app9/bench_2848.smt2,11.935,0,217,成功
/pub/data/jiafq/iscas/Parser_Comparison/../benchmarks/part29/non-incremental/QF_BV/sage/app9/bench_2849.smt2,7.39616,0,215,成功
/pub/data/jiafq/iscas/Parser_Comparison/../benchmarks/part29/non-incremental/QF_BV/sage/app9/bench_285.smt2,61.5915,0,1466,成功
/pub/data/jiafq/iscas/Parser_Comparison/../benchmarks/part29/non-incremental/QF_BV/sage/app9/bench_2850.smt2,12.8154,0,212,成功
/pub/data/jiafq/iscas/Parser_Comparison/../benchmarks/part29/non-incremental/QF_BV/sage/app9/bench_2851.smt2,15.0654,0,204,成功
/pub/data/jiafq/iscas/Parser_Comparison/../benchmarks/part29/non-incremental/QF_BV/sage/app9/bench_2852.smt2,39.1796,0,834,成功
/pub/data/jiafq/iscas/Parser_Comparison/../benchmarks/part29/non-incremental/QF_BV/sage/app9/bench_2853.smt2,37.1576,0,833,成功
/pub/data/jiafq/iscas/Parser_Comparison/../benchmarks/part29/non-incremental/QF_BV/sage/app9/bench_2854.smt2,6.90606,0,195,成功
/pub/data/jiafq/iscas/Parser_Comparison/../benchmarks/part29/non-incremental/QF_BV/sage/app9/bench_2855.smt2,6.79496,0,194,成功
/pub/data/jiafq/iscas/Parser_Comparison/../benchmarks/part29/non-incremental/QF_BV/sage/app9/bench_2856.smt2,14.1821,0,191,成功
/pub/data/jiafq/iscas/Parser_Comparison/../benchmarks/part29/non-incremental/QF_BV/sage/app9/bench_2857.smt2,14.6245,0,189,成功
/pub/data/jiafq/iscas/Parser_Comparison/../benchmarks/part29/non-incremental/QF_BV/sage/app9/bench_2858.smt2,8.12849,0,106,成功
/pub/data/jiafq/iscas/Parser_Comparison/../benchmarks/part29/non-incremental/QF_BV/sage/app9/bench_2859.smt2,4.65048,0,133,成功
/pub/data/jiafq/iscas/Parser_Comparison/../benchmarks/part29/non-incremental/QF_BV/sage/app9/bench_286.smt2,28.8882,0,642,成功
/pub/data/jiafq/iscas/Parser_Comparison/../benchmarks/part29/non-incremental/QF_BV/sage/app9/bench_2860.smt2,13.1404,0,187,成功
/pub/data/jiafq/iscas/Parser_Comparison/../benchmarks/part29/non-incremental/QF_BV/sage/app9/bench_2861.smt2,11.9858,0,183,成功
/pub/data/jiafq/iscas/Parser_Comparison/../benchmarks/part29/non-incremental/QF_BV/sage/app9/bench_2862.smt2,12.6017,0,177,成功
/pub/data/jiafq/iscas/Parser_Comparison/../benchmarks/part29/non-incremental/QF_BV/sage/app9/bench_2863.smt2,38.2647,0,826,成功
/pub/data/jiafq/iscas/Parser_Comparison/../benchmarks/part29/non-incremental/QF_BV/sage/app9/bench_2864.smt2,30.9544,0,825,成功
/pub/data/jiafq/iscas/Parser_Comparison/../benchmarks/part29/non-incremental/QF_BV/sage/app9/bench_2865.smt2,106.565,0,2347,成功
/pub/data/jiafq/iscas/Parser_Comparison/../benchmarks/part29/non-incremental/QF_BV/sage/app9/bench_2866.smt2,106.09,0,2348,成功
/pub/data/jiafq/iscas/Parser_Comparison/../benchmarks/part29/non-incremental/QF_BV/sage/app9/bench_2867.smt2,105.069,0,2347,成功
/pub/data/jiafq/iscas/Parser_Comparison/../benchmarks/part29/non-incremental/QF_BV/sage/app9/bench_2868.smt2,104.026,0,2346,成功
/pub/data/jiafq/iscas/Parser_Comparison/../benchmarks/part29/non-incremental/QF_BV/sage/app9/bench_2869.smt2,100.406,0,2345,成功
/pub/data/jiafq/iscas/Parser_Comparison/../benchmarks/part29/non-incremental/QF_BV/sage/app9/bench_287.smt2,61.41,0,1466,成功
/pub/data/jiafq/iscas/Parser_Comparison/../benchmarks/part29/non-incremental/QF_BV/sage/app9/bench_2870.smt2,9.07026,0,129,成功
/pub/data/jiafq/iscas/Parser_Comparison/../benchmarks/part29/non-incremental/QF_BV/sage/app9/bench_2871.smt2,105.289,0,2344,成功
/pub/data/jiafq/iscas/Parser_Comparison/../benchmarks/part29/non-incremental/QF_BV/sage/app9/bench_2872.smt2,110.786,0,2343,成功
/pub/data/jiafq/iscas/Parser_Comparison/../benchmarks/part29/non-incremental/QF_BV/sage/app9/bench_2873.smt2,105.781,0,2342,成功
/pub/data/jiafq/iscas/Parser_Comparison/../benchmarks/part29/non-incremental/QF_BV/sage/app9/bench_2874.smt2,104.528,0,2341,成功
/pub/data/jiafq/iscas/Parser_Comparison/../benchmarks/part29/non-incremental/QF_BV/sage/app9/bench_2875.smt2,108.411,0,2339,成功
/pub/data/jiafq/iscas/Parser_Comparison/../benchmarks/part29/non-incremental/QF_BV/sage/app9/bench_2876.smt2,101.001,0,2337,成功
/pub/data/jiafq/iscas/Parser_Comparison/../benchmarks/part29/non-incremental/QF_BV/sage/app9/bench_2877.smt2,102.494,0,2336,成功
/pub/data/jiafq/iscas/Parser_Comparison/../benchmarks/part29/non-incremental/QF_BV/sage/app9/bench_2878.smt2,9.84272,0,169,成功
/pub/data/jiafq/iscas/Parser_Comparison/../benchmarks/part29/non-incremental/QF_BV/sage/app9/bench_2879.smt2,6.04775,0,167,成功
/pub/data/jiafq/iscas/Parser_Comparison/../benchmarks/part29/non-incremental/QF_BV/sage/app9/bench_288.smt2,53.8871,0,1462,成功
/pub/data/jiafq/iscas/Parser_Comparison/../benchmarks/part29/non-incremental/QF_BV/sage/app9/bench_2880.smt2,5.70115,0,162,成功
/pub/data/jiafq/iscas/Parser_Comparison/../benchmarks/part29/non-incremental/QF_BV/sage/app9/bench_2881.smt2,7.19839,0,117,成功
/pub/data/jiafq/iscas/Parser_Comparison/../benchmarks/part29/non-incremental/QF_BV/sage/app9/bench_2882.smt2,30.0718,0,818,成功
/pub/data/jiafq/iscas/Parser_Comparison/../benchmarks/part29/non-incremental/QF_BV/sage/app9/bench_2883.smt2,32.9094,0,816,成功
/pub/data/jiafq/iscas/Parser_Comparison/../benchmarks/part29/non-incremental/QF_BV/sage/app9/bench_2884.smt2,39.3711,0,815,成功
/pub/data/jiafq/iscas/Parser_Comparison/../benchmarks/part29/non-incremental/QF_BV/sage/app9/bench_2885.smt2,11.9379,0,162,成功
/pub/data/jiafq/iscas/Parser_Comparison/../benchmarks/part29/non-incremental/QF_BV/sage/app9/bench_2886.smt2,5.57378,0,160,成功
/pub/data/jiafq/iscas/Parser_Comparison/../benchmarks/part29/non-incremental/QF_BV/sage/app9/bench_2887.smt2,11.6257,0,157,成功
/pub/data/jiafq/iscas/Parser_Comparison/../benchmarks/part29/non-incremental/QF_BV/sage/app9/bench_2888.smt2,6.50633,0,148,成功
/pub/data/jiafq/iscas/Parser_Comparison/../benchmarks/part29/non-incremental/QF_BV/sage/app9/bench_2889.smt2,33.2408,0,809,成功
/pub/data/jiafq/iscas/Parser_Comparison/../benchmarks/part29/non-incremental/QF_BV/sage/app9/bench_289.smt2,31.1566,0,640,成功
/pub/data/jiafq/iscas/Parser_Comparison/../benchmarks/part29/non-incremental/QF_BV/sage/app9/bench_2890.smt2,36.7308,0,807,成功
/pub/data/jiafq/iscas/Parser_Comparison/../benchmarks/part29/non-incremental/QF_BV/sage/app9/bench_2891.smt2,15.6241,0,289,成功
/pub/data/jiafq/iscas/Parser_Comparison/../benchmarks/part29/non-incremental/QF_BV/sage/app9/bench_2892.smt2,4.08019,0,113,成功
/pub/data/jiafq/iscas/Parser_Comparison/../benchmarks/part29/non-incremental/QF_BV/sage/app9/bench_2893.smt2,17.9296,0,288,成功
/pub/data/jiafq/iscas/Parser_Comparison/../benchmarks/part29/non-incremental/QF_BV/sage/app9/bench_2894.smt2,15.7558,0,285,成功
/pub/data/jiafq/iscas/Parser_Comparison/../benchmarks/part29/non-incremental/QF_BV/sage/app9/bench_2895.smt2,14.1165,0,282,成功
/pub/data/jiafq/iscas/Parser_Comparison/../benchmarks/part29/non-incremental/QF_BV/sage/app9/bench_2896.smt2,13.9547,0,280,成功
/pub/data/jiafq/iscas/Parser_Comparison/../benchmarks/part29/non-incremental/QF_BV/sage/app9/bench_2897.smt2,16.5357,0,276,成功
/pub/data/jiafq/iscas/Parser_Comparison/../benchmarks/part29/non-incremental/QF_BV/sage/app9/bench_2898.smt2,13.0395,0,269,成功
/pub/data/jiafq/iscas/Parser_Comparison/../benchmarks/part29/non-incremental/QF_BV/sage/app9/bench_2899.smt2,36.4247,0,802,成功
/pub/data/jiafq/iscas/Parser_Comparison/../benchmarks/part29/non-incremental/QF_BV/sage/app9/bench_29.smt2,77.0042,0,1817,成功
/pub/data/jiafq/iscas/Parser_Comparison/../benchmarks/part29/non-incremental/QF_BV/sage/app9/bench_290.smt2,7.59127,0,83,成功
/pub/data/jiafq/iscas/Parser_Comparison/../benchmarks/part29/non-incremental/QF_BV/sage/app9/bench_2900.smt2,34.306,0,801,成功
/pub/data/jiafq/iscas/Parser_Comparison/../benchmarks/part29/non-incremental/QF_BV/sage/app9/bench_2901.smt2,16.7527,0,262,成功
/pub/data/jiafq/iscas/Parser_Comparison/../benchmarks/part29/non-incremental/QF_BV/sage/app9/bench_2902.smt2,16.7676,0,261,成功
/pub/data/jiafq/iscas/Parser_Comparison/../benchmarks/part29/non-incremental/QF_BV/sage/app9/bench_2903.smt2,6.92329,0,101,成功
/pub/data/jiafq/iscas/Parser_Comparison/../benchmarks/part29/non-incremental/QF_BV/sage/app9/bench_2904.smt2,17.1407,0,259,成功
/pub/data/jiafq/iscas/Parser_Comparison/../benchmarks/part29/non-incremental/QF_BV/sage/app9/bench_2905.smt2,13.1318,0,257,成功
/pub/data/jiafq/iscas/Parser_Comparison/../benchmarks/part29/non-incremental/QF_BV/sage/app9/bench_2906.smt2,16.3589,0,255,成功
/pub/data/jiafq/iscas/Parser_Comparison/../benchmarks/part29/non-incremental/QF_BV/sage/app9/bench_2907.smt2,11.8778,0,252,成功
/pub/data/jiafq/iscas/Parser_Comparison/../benchmarks/part29/non-incremental/QF_BV/sage/app9/bench_2908.smt2,13.0833,0,249,成功
/pub/data/jiafq/iscas/Parser_Comparison/../benchmarks/part29/non-incremental/QF_BV/sage/app9/bench_2909.smt2,11.1741,0,241,成功
/pub/data/jiafq/iscas/Parser_Comparison/../benchmarks/part29/non-incremental/QF_BV/sage/app9/bench_291.smt2,59.5385,0,1457,成功
/pub/data/jiafq/iscas/Parser_Comparison/../benchmarks/part29/non-incremental/QF_BV/sage/app9/bench_2910.smt2,34.718,0,794,成功
/pub/data/jiafq/iscas/Parser_Comparison/../benchmarks/part29/non-incremental/QF_BV/sage/app9/bench_2911.smt2,37.1658,0,793,成功
/pub/data/jiafq/iscas/Parser_Comparison/../benchmarks/part29/non-incremental/QF_BV/sage/app9/bench_2912.smt2,8.17834,0,234,成功
/pub/data/jiafq/iscas/Parser_Comparison/../benchmarks/part29/non-incremental/QF_BV/sage/app9/bench_2913.smt2,16.2862,0,233,成功
/pub/data/jiafq/iscas/Parser_Comparison/../benchmarks/part29/non-incremental/QF_BV/sage/app9/bench_2914.smt2,83.1031,0,1882,成功
/pub/data/jiafq/iscas/Parser_Comparison/../benchmarks/part29/non-incremental/QF_BV/sage/app9/bench_2915.smt2,10.9825,0,231,成功
/pub/data/jiafq/iscas/Parser_Comparison/../benchmarks/part29/non-incremental/QF_BV/sage/app9/bench_2916.smt2,13.4939,0,229,成功
/pub/data/jiafq/iscas/Parser_Comparison/../benchmarks/part29/non-incremental/QF_BV/sage/app9/bench_2917.smt2,15.5334,0,226,成功
/pub/data/jiafq/iscas/Parser_Comparison/../benchmarks/part29/non-incremental/QF_BV/sage/app9/bench_2918.smt2,16.2869,0,222,成功
平均值,29.2541,7.7,656.614,100%
