文件名,解析时间(ms),内存使用(KB),AST节点数量,结果
/pub/data/jiafq/iscas/Parser_Comparison/../benchmarks/part19/non-incremental/QF_BV/sage/app7/bench_1315.smt2,3.81337,0,65,成功
/pub/data/jiafq/iscas/Parser_Comparison/../benchmarks/part19/non-incremental/QF_BV/sage/app7/bench_1316.smt2,1.54319,0,12,成功
/pub/data/jiafq/iscas/Parser_Comparison/../benchmarks/part19/non-incremental/QF_BV/sage/app7/bench_1317.smt2,2.54405,0,48,成功
/pub/data/jiafq/iscas/Parser_Comparison/../benchmarks/part19/non-incremental/QF_BV/sage/app7/bench_1318.smt2,3.16046,228,47,成功
/pub/data/jiafq/iscas/Parser_Comparison/../benchmarks/part19/non-incremental/QF_BV/sage/app7/bench_1319.smt2,1.49711,0,9,成功
/pub/data/jiafq/iscas/Parser_Comparison/../benchmarks/part19/non-incremental/QF_BV/sage/app7/bench_132.smt2,0,0,0,失败
/pub/data/jiafq/iscas/Parser_Comparison/../benchmarks/part19/non-incremental/QF_BV/sage/app7/bench_1320.smt2,3.32256,0,14,成功
/pub/data/jiafq/iscas/Parser_Comparison/../benchmarks/part19/non-incremental/QF_BV/sage/app7/bench_1321.smt2,3.78658,0,22,成功
/pub/data/jiafq/iscas/Parser_Comparison/../benchmarks/part19/non-incremental/QF_BV/sage/app7/bench_1322.smt2,2.12977,0,12,成功
/pub/data/jiafq/iscas/Parser_Comparison/../benchmarks/part19/non-incremental/QF_BV/sage/app7/bench_1323.smt2,1.63054,0,9,成功
/pub/data/jiafq/iscas/Parser_Comparison/../benchmarks/part19/non-incremental/QF_BV/sage/app7/bench_1324.smt2,3.2302,0,28,成功
/pub/data/jiafq/iscas/Parser_Comparison/../benchmarks/part19/non-incremental/QF_BV/sage/app7/bench_1325.smt2,0,0,0,失败
/pub/data/jiafq/iscas/Parser_Comparison/../benchmarks/part19/non-incremental/QF_BV/sage/app7/bench_1326.smt2,2.63526,0,26,成功
/pub/data/jiafq/iscas/Parser_Comparison/../benchmarks/part19/non-incremental/QF_BV/sage/app7/bench_1327.smt2,2.13659,0,24,成功
/pub/data/jiafq/iscas/Parser_Comparison/../benchmarks/part19/non-incremental/QF_BV/sage/app7/bench_1328.smt2,1.72481,0,21,成功
/pub/data/jiafq/iscas/Parser_Comparison/../benchmarks/part19/non-incremental/QF_BV/sage/app7/bench_1329.smt2,1.84139,0,17,成功
/pub/data/jiafq/iscas/Parser_Comparison/../benchmarks/part19/non-incremental/QF_BV/sage/app7/bench_133.smt2,0,0,0,失败
/pub/data/jiafq/iscas/Parser_Comparison/../benchmarks/part19/non-incremental/QF_BV/sage/app7/bench_1330.smt2,1.61374,0,14,成功
/pub/data/jiafq/iscas/Parser_Comparison/../benchmarks/part19/non-incremental/QF_BV/sage/app7/bench_1331.smt2,3.04036,0,9,成功
/pub/data/jiafq/iscas/Parser_Comparison/../benchmarks/part19/non-incremental/QF_BV/sage/app7/bench_1332.smt2,3.25894,0,16,成功
/pub/data/jiafq/iscas/Parser_Comparison/../benchmarks/part19/non-incremental/QF_BV/sage/app7/bench_1333.smt2,1.87782,0,15,成功
/pub/data/jiafq/iscas/Parser_Comparison/../benchmarks/part19/non-incremental/QF_BV/sage/app7/bench_1334.smt2,1.98884,0,12,成功
/pub/data/jiafq/iscas/Parser_Comparison/../benchmarks/part19/non-incremental/QF_BV/sage/app7/bench_1335.smt2,1.69579,0,12,成功
/pub/data/jiafq/iscas/Parser_Comparison/../benchmarks/part19/non-incremental/QF_BV/sage/app7/bench_1336.smt2,0,0,0,失败
/pub/data/jiafq/iscas/Parser_Comparison/../benchmarks/part19/non-incremental/QF_BV/sage/app7/bench_1337.smt2,0,0,0,失败
/pub/data/jiafq/iscas/Parser_Comparison/../benchmarks/part19/non-incremental/QF_BV/sage/app7/bench_1338.smt2,1.47839,0,5,成功
/pub/data/jiafq/iscas/Parser_Comparison/../benchmarks/part19/non-incremental/QF_BV/sage/app7/bench_1339.smt2,1.63896,0,5,成功
/pub/data/jiafq/iscas/Parser_Comparison/../benchmarks/part19/non-incremental/QF_BV/sage/app7/bench_134.smt2,0,0,0,失败
/pub/data/jiafq/iscas/Parser_Comparison/../benchmarks/part19/non-incremental/QF_BV/sage/app7/bench_1340.smt2,10.2746,0,151,成功
/pub/data/jiafq/iscas/Parser_Comparison/../benchmarks/part19/non-incremental/QF_BV/sage/app7/bench_1341.smt2,5.42024,0,149,成功
/pub/data/jiafq/iscas/Parser_Comparison/../benchmarks/part19/non-incremental/QF_BV/sage/app7/bench_1342.smt2,4.41115,0,147,成功
/pub/data/jiafq/iscas/Parser_Comparison/../benchmarks/part19/non-incremental/QF_BV/sage/app7/bench_1343.smt2,0,0,0,失败
/pub/data/jiafq/iscas/Parser_Comparison/../benchmarks/part19/non-incremental/QF_BV/sage/app7/bench_1344.smt2,0,0,0,失败
/pub/data/jiafq/iscas/Parser_Comparison/../benchmarks/part19/non-incremental/QF_BV/sage/app7/bench_1345.smt2,0,0,0,失败
/pub/data/jiafq/iscas/Parser_Comparison/../benchmarks/part19/non-incremental/QF_BV/sage/app7/bench_1346.smt2,0,0,0,失败
/pub/data/jiafq/iscas/Parser_Comparison/../benchmarks/part19/non-incremental/QF_BV/sage/app7/bench_1347.smt2,0,0,0,失败
/pub/data/jiafq/iscas/Parser_Comparison/../benchmarks/part19/non-incremental/QF_BV/sage/app7/bench_1348.smt2,0,0,0,失败
/pub/data/jiafq/iscas/Parser_Comparison/../benchmarks/part19/non-incremental/QF_BV/sage/app7/bench_1349.smt2,0,0,0,失败
/pub/data/jiafq/iscas/Parser_Comparison/../benchmarks/part19/non-incremental/QF_BV/sage/app7/bench_135.smt2,0,0,0,失败
/pub/data/jiafq/iscas/Parser_Comparison/../benchmarks/part19/non-incremental/QF_BV/sage/app7/bench_1350.smt2,0,0,0,失败
/pub/data/jiafq/iscas/Parser_Comparison/../benchmarks/part19/non-incremental/QF_BV/sage/app7/bench_1351.smt2,0,0,0,失败
/pub/data/jiafq/iscas/Parser_Comparison/../benchmarks/part19/non-incremental/QF_BV/sage/app7/bench_1352.smt2,0,0,0,失败
/pub/data/jiafq/iscas/Parser_Comparison/../benchmarks/part19/non-incremental/QF_BV/sage/app7/bench_1353.smt2,5.64748,0,143,成功
/pub/data/jiafq/iscas/Parser_Comparison/../benchmarks/part19/non-incremental/QF_BV/sage/app7/bench_1354.smt2,0,0,0,失败
/pub/data/jiafq/iscas/Parser_Comparison/../benchmarks/part19/non-incremental/QF_BV/sage/app7/bench_1355.smt2,0,0,0,失败
/pub/data/jiafq/iscas/Parser_Comparison/../benchmarks/part19/non-incremental/QF_BV/sage/app7/bench_1356.smt2,0,0,0,失败
/pub/data/jiafq/iscas/Parser_Comparison/../benchmarks/part19/non-incremental/QF_BV/sage/app7/bench_1357.smt2,0,0,0,失败
/pub/data/jiafq/iscas/Parser_Comparison/../benchmarks/part19/non-incremental/QF_BV/sage/app7/bench_1358.smt2,9.033,0,140,成功
/pub/data/jiafq/iscas/Parser_Comparison/../benchmarks/part19/non-incremental/QF_BV/sage/app7/bench_1359.smt2,0,0,0,失败
/pub/data/jiafq/iscas/Parser_Comparison/../benchmarks/part19/non-incremental/QF_BV/sage/app7/bench_136.smt2,0,0,0,失败
/pub/data/jiafq/iscas/Parser_Comparison/../benchmarks/part19/non-incremental/QF_BV/sage/app7/bench_1360.smt2,8.42382,0,130,成功
/pub/data/jiafq/iscas/Parser_Comparison/../benchmarks/part19/non-incremental/QF_BV/sage/app7/bench_1361.smt2,8.7087,0,127,成功
/pub/data/jiafq/iscas/Parser_Comparison/../benchmarks/part19/non-incremental/QF_BV/sage/app7/bench_1362.smt2,6.1646,0,125,成功
/pub/data/jiafq/iscas/Parser_Comparison/../benchmarks/part19/non-incremental/QF_BV/sage/app7/bench_1363.smt2,5.69982,0,124,成功
/pub/data/jiafq/iscas/Parser_Comparison/../benchmarks/part19/non-incremental/QF_BV/sage/app7/bench_1364.smt2,6.045,0,122,成功
/pub/data/jiafq/iscas/Parser_Comparison/../benchmarks/part19/non-incremental/QF_BV/sage/app7/bench_1365.smt2,5.84065,0,118,成功
/pub/data/jiafq/iscas/Parser_Comparison/../benchmarks/part19/non-incremental/QF_BV/sage/app7/bench_1366.smt2,5.50209,0,114,成功
/pub/data/jiafq/iscas/Parser_Comparison/../benchmarks/part19/non-incremental/QF_BV/sage/app7/bench_1367.smt2,7.66598,0,110,成功
/pub/data/jiafq/iscas/Parser_Comparison/../benchmarks/part19/non-incremental/QF_BV/sage/app7/bench_1368.smt2,0,0,0,失败
/pub/data/jiafq/iscas/Parser_Comparison/../benchmarks/part19/non-incremental/QF_BV/sage/app7/bench_1369.smt2,0,0,0,失败
/pub/data/jiafq/iscas/Parser_Comparison/../benchmarks/part19/non-incremental/QF_BV/sage/app7/bench_137.smt2,0,0,0,失败
/pub/data/jiafq/iscas/Parser_Comparison/../benchmarks/part19/non-incremental/QF_BV/sage/app7/bench_1370.smt2,0,0,0,失败
/pub/data/jiafq/iscas/Parser_Comparison/../benchmarks/part19/non-incremental/QF_BV/sage/app7/bench_1371.smt2,0,0,0,失败
/pub/data/jiafq/iscas/Parser_Comparison/../benchmarks/part19/non-incremental/QF_BV/sage/app7/bench_1372.smt2,4.09312,0,33,成功
/pub/data/jiafq/iscas/Parser_Comparison/../benchmarks/part19/non-incremental/QF_BV/sage/app7/bench_1373.smt2,3.67176,0,30,成功
/pub/data/jiafq/iscas/Parser_Comparison/../benchmarks/part19/non-incremental/QF_BV/sage/app7/bench_1374.smt2,3.4695,0,28,成功
/pub/data/jiafq/iscas/Parser_Comparison/../benchmarks/part19/non-incremental/QF_BV/sage/app7/bench_1375.smt2,3.26841,0,24,成功
/pub/data/jiafq/iscas/Parser_Comparison/../benchmarks/part19/non-incremental/QF_BV/sage/app7/bench_1376.smt2,3.05864,0,20,成功
/pub/data/jiafq/iscas/Parser_Comparison/../benchmarks/part19/non-incremental/QF_BV/sage/app7/bench_1377.smt2,3.11336,0,19,成功
/pub/data/jiafq/iscas/Parser_Comparison/../benchmarks/part19/non-incremental/QF_BV/sage/app7/bench_1378.smt2,2.96005,0,16,成功
/pub/data/jiafq/iscas/Parser_Comparison/../benchmarks/part19/non-incremental/QF_BV/sage/app7/bench_1379.smt2,2.56731,0,9,成功
/pub/data/jiafq/iscas/Parser_Comparison/../benchmarks/part19/non-incremental/QF_BV/sage/app7/bench_138.smt2,0,0,0,失败
/pub/data/jiafq/iscas/Parser_Comparison/../benchmarks/part19/non-incremental/QF_BV/sage/app7/bench_1380.smt2,3.87774,0,30,成功
/pub/data/jiafq/iscas/Parser_Comparison/../benchmarks/part19/non-incremental/QF_BV/sage/app7/bench_1381.smt2,0,0,0,失败
/pub/data/jiafq/iscas/Parser_Comparison/../benchmarks/part19/non-incremental/QF_BV/sage/app7/bench_1382.smt2,3.55813,0,26,成功
/pub/data/jiafq/iscas/Parser_Comparison/../benchmarks/part19/non-incremental/QF_BV/sage/app7/bench_1383.smt2,0,0,0,失败
/pub/data/jiafq/iscas/Parser_Comparison/../benchmarks/part19/non-incremental/QF_BV/sage/app7/bench_1384.smt2,0,0,0,失败
/pub/data/jiafq/iscas/Parser_Comparison/../benchmarks/part19/non-incremental/QF_BV/sage/app7/bench_1385.smt2,3.65186,0,22,成功
/pub/data/jiafq/iscas/Parser_Comparison/../benchmarks/part19/non-incremental/QF_BV/sage/app7/bench_1386.smt2,3.28318,0,21,成功
/pub/data/jiafq/iscas/Parser_Comparison/../benchmarks/part19/non-incremental/QF_BV/sage/app7/bench_1387.smt2,3.47435,0,19,成功
/pub/data/jiafq/iscas/Parser_Comparison/../benchmarks/part19/non-incremental/QF_BV/sage/app7/bench_1388.smt2,2.63039,0,12,成功
/pub/data/jiafq/iscas/Parser_Comparison/../benchmarks/part19/non-incremental/QF_BV/sage/app7/bench_1389.smt2,0,0,0,失败
/pub/data/jiafq/iscas/Parser_Comparison/../benchmarks/part19/non-incremental/QF_BV/sage/app7/bench_139.smt2,0,0,0,失败
/pub/data/jiafq/iscas/Parser_Comparison/../benchmarks/part19/non-incremental/QF_BV/sage/app7/bench_1390.smt2,2.84823,0,7,成功
/pub/data/jiafq/iscas/Parser_Comparison/../benchmarks/part19/non-incremental/QF_BV/sage/app7/bench_1391.smt2,2.39071,0,7,成功
/pub/data/jiafq/iscas/Parser_Comparison/../benchmarks/part19/non-incremental/QF_BV/sage/app7/bench_1392.smt2,0,0,0,失败
/pub/data/jiafq/iscas/Parser_Comparison/../benchmarks/part19/non-incremental/QF_BV/sage/app7/bench_1393.smt2,0,0,0,失败
/pub/data/jiafq/iscas/Parser_Comparison/../benchmarks/part19/non-incremental/QF_BV/sage/app7/bench_1394.smt2,0,0,0,失败
/pub/data/jiafq/iscas/Parser_Comparison/../benchmarks/part19/non-incremental/QF_BV/sage/app7/bench_1395.smt2,0,0,0,失败
/pub/data/jiafq/iscas/Parser_Comparison/../benchmarks/part19/non-incremental/QF_BV/sage/app7/bench_1396.smt2,0,0,0,失败
/pub/data/jiafq/iscas/Parser_Comparison/../benchmarks/part19/non-incremental/QF_BV/sage/app7/bench_1397.smt2,0,0,0,失败
/pub/data/jiafq/iscas/Parser_Comparison/../benchmarks/part19/non-incremental/QF_BV/sage/app7/bench_1398.smt2,0,0,0,失败
/pub/data/jiafq/iscas/Parser_Comparison/../benchmarks/part19/non-incremental/QF_BV/sage/app7/bench_1399.smt2,0,0,0,失败
/pub/data/jiafq/iscas/Parser_Comparison/../benchmarks/part19/non-incremental/QF_BV/sage/app7/bench_14.smt2,0,0,0,失败
/pub/data/jiafq/iscas/Parser_Comparison/../benchmarks/part19/non-incremental/QF_BV/sage/app7/bench_140.smt2,0,0,0,失败
/pub/data/jiafq/iscas/Parser_Comparison/../benchmarks/part19/non-incremental/QF_BV/sage/app7/bench_1400.smt2,0,0,0,失败
/pub/data/jiafq/iscas/Parser_Comparison/../benchmarks/part19/non-incremental/QF_BV/sage/app7/bench_1401.smt2,0,0,0,失败
/pub/data/jiafq/iscas/Parser_Comparison/../benchmarks/part19/non-incremental/QF_BV/sage/app7/bench_1402.smt2,0,0,0,失败
/pub/data/jiafq/iscas/Parser_Comparison/../benchmarks/part19/non-incremental/QF_BV/sage/app7/bench_1403.smt2,0,0,0,失败
/pub/data/jiafq/iscas/Parser_Comparison/../benchmarks/part19/non-incremental/QF_BV/sage/app7/bench_1404.smt2,0,0,0,失败
/pub/data/jiafq/iscas/Parser_Comparison/../benchmarks/part19/non-incremental/QF_BV/sage/app7/bench_1405.smt2,0,0,0,失败
/pub/data/jiafq/iscas/Parser_Comparison/../benchmarks/part19/non-incremental/QF_BV/sage/app7/bench_1406.smt2,0,0,0,失败
/pub/data/jiafq/iscas/Parser_Comparison/../benchmarks/part19/non-incremental/QF_BV/sage/app7/bench_1407.smt2,0,0,0,失败
/pub/data/jiafq/iscas/Parser_Comparison/../benchmarks/part19/non-incremental/QF_BV/sage/app7/bench_1408.smt2,0,0,0,失败
/pub/data/jiafq/iscas/Parser_Comparison/../benchmarks/part19/non-incremental/QF_BV/sage/app7/bench_1409.smt2,0,0,0,失败
/pub/data/jiafq/iscas/Parser_Comparison/../benchmarks/part19/non-incremental/QF_BV/sage/app7/bench_141.smt2,0,0,0,失败
/pub/data/jiafq/iscas/Parser_Comparison/../benchmarks/part19/non-incremental/QF_BV/sage/app7/bench_1410.smt2,0,0,0,失败
/pub/data/jiafq/iscas/Parser_Comparison/../benchmarks/part19/non-incremental/QF_BV/sage/app7/bench_1411.smt2,0,0,0,失败
/pub/data/jiafq/iscas/Parser_Comparison/../benchmarks/part19/non-incremental/QF_BV/sage/app7/bench_1412.smt2,0,0,0,失败
/pub/data/jiafq/iscas/Parser_Comparison/../benchmarks/part19/non-incremental/QF_BV/sage/app7/bench_1413.smt2,0,0,0,失败
/pub/data/jiafq/iscas/Parser_Comparison/../benchmarks/part19/non-incremental/QF_BV/sage/app7/bench_1414.smt2,0,0,0,失败
/pub/data/jiafq/iscas/Parser_Comparison/../benchmarks/part19/non-incremental/QF_BV/sage/app7/bench_1415.smt2,0,0,0,失败
/pub/data/jiafq/iscas/Parser_Comparison/../benchmarks/part19/non-incremental/QF_BV/sage/app7/bench_1416.smt2,0,0,0,失败
/pub/data/jiafq/iscas/Parser_Comparison/../benchmarks/part19/non-incremental/QF_BV/sage/app7/bench_1417.smt2,7.11336,0,105,成功
/pub/data/jiafq/iscas/Parser_Comparison/../benchmarks/part19/non-incremental/QF_BV/sage/app7/bench_1418.smt2,0,0,0,失败
/pub/data/jiafq/iscas/Parser_Comparison/../benchmarks/part19/non-incremental/QF_BV/sage/app7/bench_1419.smt2,0,0,0,失败
/pub/data/jiafq/iscas/Parser_Comparison/../benchmarks/part19/non-incremental/QF_BV/sage/app7/bench_142.smt2,0,0,0,失败
/pub/data/jiafq/iscas/Parser_Comparison/../benchmarks/part19/non-incremental/QF_BV/sage/app7/bench_1420.smt2,0,0,0,失败
/pub/data/jiafq/iscas/Parser_Comparison/../benchmarks/part19/non-incremental/QF_BV/sage/app7/bench_1421.smt2,0,0,0,失败
/pub/data/jiafq/iscas/Parser_Comparison/../benchmarks/part19/non-incremental/QF_BV/sage/app7/bench_1422.smt2,0,0,0,失败
/pub/data/jiafq/iscas/Parser_Comparison/../benchmarks/part19/non-incremental/QF_BV/sage/app7/bench_1423.smt2,0,0,0,失败
/pub/data/jiafq/iscas/Parser_Comparison/../benchmarks/part19/non-incremental/QF_BV/sage/app7/bench_1424.smt2,0,0,0,失败
/pub/data/jiafq/iscas/Parser_Comparison/../benchmarks/part19/non-incremental/QF_BV/sage/app7/bench_1425.smt2,0,0,0,失败
/pub/data/jiafq/iscas/Parser_Comparison/../benchmarks/part19/non-incremental/QF_BV/sage/app7/bench_1426.smt2,0,0,0,失败
/pub/data/jiafq/iscas/Parser_Comparison/../benchmarks/part19/non-incremental/QF_BV/sage/app7/bench_1427.smt2,0,0,0,失败
/pub/data/jiafq/iscas/Parser_Comparison/../benchmarks/part19/non-incremental/QF_BV/sage/app7/bench_1428.smt2,0,0,0,失败
/pub/data/jiafq/iscas/Parser_Comparison/../benchmarks/part19/non-incremental/QF_BV/sage/app7/bench_1429.smt2,0,0,0,失败
/pub/data/jiafq/iscas/Parser_Comparison/../benchmarks/part19/non-incremental/QF_BV/sage/app7/bench_143.smt2,0,0,0,失败
/pub/data/jiafq/iscas/Parser_Comparison/../benchmarks/part19/non-incremental/QF_BV/sage/app7/bench_1430.smt2,0,0,0,失败
/pub/data/jiafq/iscas/Parser_Comparison/../benchmarks/part19/non-incremental/QF_BV/sage/app7/bench_1431.smt2,0,0,0,失败
/pub/data/jiafq/iscas/Parser_Comparison/../benchmarks/part19/non-incremental/QF_BV/sage/app7/bench_1432.smt2,0,0,0,失败
/pub/data/jiafq/iscas/Parser_Comparison/../benchmarks/part19/non-incremental/QF_BV/sage/app7/bench_1433.smt2,0,0,0,失败
/pub/data/jiafq/iscas/Parser_Comparison/../benchmarks/part19/non-incremental/QF_BV/sage/app7/bench_1434.smt2,0,0,0,失败
/pub/data/jiafq/iscas/Parser_Comparison/../benchmarks/part19/non-incremental/QF_BV/sage/app7/bench_1435.smt2,0,0,0,失败
/pub/data/jiafq/iscas/Parser_Comparison/../benchmarks/part19/non-incremental/QF_BV/sage/app7/bench_1436.smt2,0,0,0,失败
/pub/data/jiafq/iscas/Parser_Comparison/../benchmarks/part19/non-incremental/QF_BV/sage/app7/bench_1437.smt2,0,0,0,失败
/pub/data/jiafq/iscas/Parser_Comparison/../benchmarks/part19/non-incremental/QF_BV/sage/app7/bench_1438.smt2,4.54726,0,42,成功
/pub/data/jiafq/iscas/Parser_Comparison/../benchmarks/part19/non-incremental/QF_BV/sage/app7/bench_1439.smt2,4.28464,0,38,成功
/pub/data/jiafq/iscas/Parser_Comparison/../benchmarks/part19/non-incremental/QF_BV/sage/app7/bench_144.smt2,0,0,0,失败
/pub/data/jiafq/iscas/Parser_Comparison/../benchmarks/part19/non-incremental/QF_BV/sage/app7/bench_1440.smt2,2.36132,0,34,成功
/pub/data/jiafq/iscas/Parser_Comparison/../benchmarks/part19/non-incremental/QF_BV/sage/app7/bench_1441.smt2,3.49702,0,32,成功
/pub/data/jiafq/iscas/Parser_Comparison/../benchmarks/part19/non-incremental/QF_BV/sage/app7/bench_1442.smt2,0,0,0,失败
/pub/data/jiafq/iscas/Parser_Comparison/../benchmarks/part19/non-incremental/QF_BV/sage/app7/bench_1443.smt2,3.59365,0,29,成功
/pub/data/jiafq/iscas/Parser_Comparison/../benchmarks/part19/non-incremental/QF_BV/sage/app7/bench_1444.smt2,3.29934,0,28,成功
/pub/data/jiafq/iscas/Parser_Comparison/../benchmarks/part19/non-incremental/QF_BV/sage/app7/bench_1445.smt2,3.1117,0,24,成功
/pub/data/jiafq/iscas/Parser_Comparison/../benchmarks/part19/non-incremental/QF_BV/sage/app7/bench_1446.smt2,2.92706,0,21,成功
/pub/data/jiafq/iscas/Parser_Comparison/../benchmarks/part19/non-incremental/QF_BV/sage/app7/bench_1447.smt2,0,0,0,失败
/pub/data/jiafq/iscas/Parser_Comparison/../benchmarks/part19/non-incremental/QF_BV/sage/app7/bench_1448.smt2,0,0,0,失败
/pub/data/jiafq/iscas/Parser_Comparison/../benchmarks/part19/non-incremental/QF_BV/sage/app7/bench_1449.smt2,1.65922,0,14,成功
/pub/data/jiafq/iscas/Parser_Comparison/../benchmarks/part19/non-incremental/QF_BV/sage/app7/bench_145.smt2,0,0,0,失败
/pub/data/jiafq/iscas/Parser_Comparison/../benchmarks/part19/non-incremental/QF_BV/sage/app7/bench_1450.smt2,0,0,0,失败
/pub/data/jiafq/iscas/Parser_Comparison/../benchmarks/part19/non-incremental/QF_BV/sage/app7/bench_1451.smt2,0,0,0,失败
/pub/data/jiafq/iscas/Parser_Comparison/../benchmarks/part19/non-incremental/QF_BV/sage/app7/bench_1452.smt2,0,0,0,失败
/pub/data/jiafq/iscas/Parser_Comparison/../benchmarks/part19/non-incremental/QF_BV/sage/app7/bench_1453.smt2,0,0,0,失败
/pub/data/jiafq/iscas/Parser_Comparison/../benchmarks/part19/non-incremental/QF_BV/sage/app7/bench_1454.smt2,0,0,0,失败
/pub/data/jiafq/iscas/Parser_Comparison/../benchmarks/part19/non-incremental/QF_BV/sage/app7/bench_1455.smt2,0,0,0,失败
/pub/data/jiafq/iscas/Parser_Comparison/../benchmarks/part19/non-incremental/QF_BV/sage/app7/bench_1456.smt2,0,0,0,失败
/pub/data/jiafq/iscas/Parser_Comparison/../benchmarks/part19/non-incremental/QF_BV/sage/app7/bench_1457.smt2,0,0,0,失败
/pub/data/jiafq/iscas/Parser_Comparison/../benchmarks/part19/non-incremental/QF_BV/sage/app7/bench_1458.smt2,0,0,0,失败
/pub/data/jiafq/iscas/Parser_Comparison/../benchmarks/part19/non-incremental/QF_BV/sage/app7/bench_1459.smt2,0,0,0,失败
/pub/data/jiafq/iscas/Parser_Comparison/../benchmarks/part19/non-incremental/QF_BV/sage/app7/bench_146.smt2,0,0,0,失败
/pub/data/jiafq/iscas/Parser_Comparison/../benchmarks/part19/non-incremental/QF_BV/sage/app7/bench_1460.smt2,0,0,0,失败
/pub/data/jiafq/iscas/Parser_Comparison/../benchmarks/part19/non-incremental/QF_BV/sage/app7/bench_1461.smt2,0,0,0,失败
/pub/data/jiafq/iscas/Parser_Comparison/../benchmarks/part19/non-incremental/QF_BV/sage/app7/bench_1462.smt2,0,0,0,失败
/pub/data/jiafq/iscas/Parser_Comparison/../benchmarks/part19/non-incremental/QF_BV/sage/app7/bench_1463.smt2,0,0,0,失败
/pub/data/jiafq/iscas/Parser_Comparison/../benchmarks/part19/non-incremental/QF_BV/sage/app7/bench_1464.smt2,0,0,0,失败
/pub/data/jiafq/iscas/Parser_Comparison/../benchmarks/part19/non-incremental/QF_BV/sage/app7/bench_1465.smt2,0,0,0,失败
/pub/data/jiafq/iscas/Parser_Comparison/../benchmarks/part19/non-incremental/QF_BV/sage/app7/bench_1466.smt2,0,0,0,失败
/pub/data/jiafq/iscas/Parser_Comparison/../benchmarks/part19/non-incremental/QF_BV/sage/app7/bench_1467.smt2,0,0,0,失败
/pub/data/jiafq/iscas/Parser_Comparison/../benchmarks/part19/non-incremental/QF_BV/sage/app7/bench_1468.smt2,0,0,0,失败
/pub/data/jiafq/iscas/Parser_Comparison/../benchmarks/part19/non-incremental/QF_BV/sage/app7/bench_1469.smt2,0,0,0,失败
/pub/data/jiafq/iscas/Parser_Comparison/../benchmarks/part19/non-incremental/QF_BV/sage/app7/bench_147.smt2,0,0,0,失败
/pub/data/jiafq/iscas/Parser_Comparison/../benchmarks/part19/non-incremental/QF_BV/sage/app7/bench_1470.smt2,0,0,0,失败
/pub/data/jiafq/iscas/Parser_Comparison/../benchmarks/part19/non-incremental/QF_BV/sage/app7/bench_1471.smt2,0,0,0,失败
/pub/data/jiafq/iscas/Parser_Comparison/../benchmarks/part19/non-incremental/QF_BV/sage/app7/bench_1472.smt2,8.54041,0,110,成功
/pub/data/jiafq/iscas/Parser_Comparison/../benchmarks/part19/non-incremental/QF_BV/sage/app7/bench_1473.smt2,8.57143,0,108,成功
/pub/data/jiafq/iscas/Parser_Comparison/../benchmarks/part19/non-incremental/QF_BV/sage/app7/bench_1474.smt2,6.44927,0,106,成功
/pub/data/jiafq/iscas/Parser_Comparison/../benchmarks/part19/non-incremental/QF_BV/sage/app7/bench_1475.smt2,6.21073,0,105,成功
/pub/data/jiafq/iscas/Parser_Comparison/../benchmarks/part19/non-incremental/QF_BV/sage/app7/bench_1476.smt2,5.59876,0,104,成功
/pub/data/jiafq/iscas/Parser_Comparison/../benchmarks/part19/non-incremental/QF_BV/sage/app7/bench_1477.smt2,1.92507,0,14,成功
/pub/data/jiafq/iscas/Parser_Comparison/../benchmarks/part19/non-incremental/QF_BV/sage/app7/bench_1478.smt2,7.154,0,89,成功
/pub/data/jiafq/iscas/Parser_Comparison/../benchmarks/part19/non-incremental/QF_BV/sage/app7/bench_1479.smt2,6.47335,0,87,成功
/pub/data/jiafq/iscas/Parser_Comparison/../benchmarks/part19/non-incremental/QF_BV/sage/app7/bench_148.smt2,0,0,0,失败
/pub/data/jiafq/iscas/Parser_Comparison/../benchmarks/part19/non-incremental/QF_BV/sage/app7/bench_1480.smt2,1.63312,0,12,成功
/pub/data/jiafq/iscas/Parser_Comparison/../benchmarks/part19/non-incremental/QF_BV/sage/app7/bench_1481.smt2,0,0,0,失败
/pub/data/jiafq/iscas/Parser_Comparison/../benchmarks/part19/non-incremental/QF_BV/sage/app7/bench_1482.smt2,6.25468,0,74,成功
/pub/data/jiafq/iscas/Parser_Comparison/../benchmarks/part19/non-incremental/QF_BV/sage/app7/bench_1483.smt2,3.15816,0,21,成功
/pub/data/jiafq/iscas/Parser_Comparison/../benchmarks/part19/non-incremental/QF_BV/sage/app7/bench_1484.smt2,3.15711,0,19,成功
/pub/data/jiafq/iscas/Parser_Comparison/../benchmarks/part19/non-incremental/QF_BV/sage/app7/bench_1485.smt2,2.5364,0,12,成功
/pub/data/jiafq/iscas/Parser_Comparison/../benchmarks/part19/non-incremental/QF_BV/sage/app7/bench_1486.smt2,3.02004,0,20,成功
/pub/data/jiafq/iscas/Parser_Comparison/../benchmarks/part19/non-incremental/QF_BV/sage/app7/bench_1487.smt2,4.76096,0,55,成功
/pub/data/jiafq/iscas/Parser_Comparison/../benchmarks/part19/non-incremental/QF_BV/sage/app7/bench_1488.smt2,3.01761,0,21,成功
/pub/data/jiafq/iscas/Parser_Comparison/../benchmarks/part19/non-incremental/QF_BV/sage/app7/bench_1489.smt2,2.56711,0,14,成功
/pub/data/jiafq/iscas/Parser_Comparison/../benchmarks/part19/non-incremental/QF_BV/sage/app7/bench_149.smt2,0,0,0,失败
/pub/data/jiafq/iscas/Parser_Comparison/../benchmarks/part19/non-incremental/QF_BV/sage/app7/bench_1490.smt2,3.3181,0,16,成功
/pub/data/jiafq/iscas/Parser_Comparison/../benchmarks/part19/non-incremental/QF_BV/sage/app7/bench_1491.smt2,1.93121,0,9,成功
/pub/data/jiafq/iscas/Parser_Comparison/../benchmarks/part19/non-incremental/QF_BV/sage/app7/bench_1492.smt2,0,0,0,失败
/pub/data/jiafq/iscas/Parser_Comparison/../benchmarks/part19/non-incremental/QF_BV/sage/app7/bench_1493.smt2,2.95382,0,18,成功
/pub/data/jiafq/iscas/Parser_Comparison/../benchmarks/part19/non-incremental/QF_BV/sage/app7/bench_1494.smt2,2.0221,0,22,成功
/pub/data/jiafq/iscas/Parser_Comparison/../benchmarks/part19/non-incremental/QF_BV/sage/app7/bench_1495.smt2,2.3403,0,17,成功
/pub/data/jiafq/iscas/Parser_Comparison/../benchmarks/part19/non-incremental/QF_BV/sage/app7/bench_1496.smt2,1.55816,0,15,成功
/pub/data/jiafq/iscas/Parser_Comparison/../benchmarks/part19/non-incremental/QF_BV/sage/app7/bench_1497.smt2,1.47991,0,13,成功
/pub/data/jiafq/iscas/Parser_Comparison/../benchmarks/part19/non-incremental/QF_BV/sage/app7/bench_1498.smt2,1.40457,0,9,成功
/pub/data/jiafq/iscas/Parser_Comparison/../benchmarks/part19/non-incremental/QF_BV/sage/app7/bench_1499.smt2,1.77498,0,28,成功
/pub/data/jiafq/iscas/Parser_Comparison/../benchmarks/part19/non-incremental/QF_BV/sage/app7/bench_15.smt2,0,0,0,失败
/pub/data/jiafq/iscas/Parser_Comparison/../benchmarks/part19/non-incremental/QF_BV/sage/app7/bench_150.smt2,0,0,0,失败
/pub/data/jiafq/iscas/Parser_Comparison/../benchmarks/part19/non-incremental/QF_BV/sage/app7/bench_1500.smt2,3.79003,0,26,成功
/pub/data/jiafq/iscas/Parser_Comparison/../benchmarks/part19/non-incremental/QF_BV/sage/app7/bench_1501.smt2,3.63391,0,24,成功
/pub/data/jiafq/iscas/Parser_Comparison/../benchmarks/part19/non-incremental/QF_BV/sage/app7/bench_1502.smt2,3.19688,0,21,成功
/pub/data/jiafq/iscas/Parser_Comparison/../benchmarks/part19/non-incremental/QF_BV/sage/app7/bench_1503.smt2,0,0,0,失败
/pub/data/jiafq/iscas/Parser_Comparison/../benchmarks/part19/non-incremental/QF_BV/sage/app7/bench_1504.smt2,3.02321,0,17,成功
/pub/data/jiafq/iscas/Parser_Comparison/../benchmarks/part19/non-incremental/QF_BV/sage/app7/bench_1505.smt2,2.62888,0,14,成功
/pub/data/jiafq/iscas/Parser_Comparison/../benchmarks/part19/non-incremental/QF_BV/sage/app7/bench_1506.smt2,2.35477,0,9,成功
/pub/data/jiafq/iscas/Parser_Comparison/../benchmarks/part19/non-incremental/QF_BV/sage/app7/bench_1507.smt2,2.6613,0,16,成功
/pub/data/jiafq/iscas/Parser_Comparison/../benchmarks/part19/non-incremental/QF_BV/sage/app7/bench_1508.smt2,2.57404,0,15,成功
/pub/data/jiafq/iscas/Parser_Comparison/../benchmarks/part19/non-incremental/QF_BV/sage/app7/bench_1509.smt2,2.53278,0,12,成功
/pub/data/jiafq/iscas/Parser_Comparison/../benchmarks/part19/non-incremental/QF_BV/sage/app7/bench_151.smt2,0,0,0,失败
/pub/data/jiafq/iscas/Parser_Comparison/../benchmarks/part19/non-incremental/QF_BV/sage/app7/bench_1510.smt2,1.66252,0,12,成功
/pub/data/jiafq/iscas/Parser_Comparison/../benchmarks/part19/non-incremental/QF_BV/sage/app7/bench_1511.smt2,2.20383,0,5,成功
/pub/data/jiafq/iscas/Parser_Comparison/../benchmarks/part19/non-incremental/QF_BV/sage/app7/bench_1512.smt2,2.18036,0,5,成功
/pub/data/jiafq/iscas/Parser_Comparison/../benchmarks/part19/non-incremental/QF_BV/sage/app7/bench_1513.smt2,0,0,0,失败
/pub/data/jiafq/iscas/Parser_Comparison/../benchmarks/part19/non-incremental/QF_BV/sage/app7/bench_1514.smt2,0,0,0,失败
/pub/data/jiafq/iscas/Parser_Comparison/../benchmarks/part19/non-incremental/QF_BV/sage/app7/bench_1515.smt2,0,0,0,失败
/pub/data/jiafq/iscas/Parser_Comparison/../benchmarks/part19/non-incremental/QF_BV/sage/app7/bench_1516.smt2,0,0,0,失败
/pub/data/jiafq/iscas/Parser_Comparison/../benchmarks/part19/non-incremental/QF_BV/sage/app7/bench_1517.smt2,0,0,0,失败
/pub/data/jiafq/iscas/Parser_Comparison/../benchmarks/part19/non-incremental/QF_BV/sage/app7/bench_1518.smt2,0,0,0,失败
/pub/data/jiafq/iscas/Parser_Comparison/../benchmarks/part19/non-incremental/QF_BV/sage/app7/bench_1519.smt2,0,0,0,失败
/pub/data/jiafq/iscas/Parser_Comparison/../benchmarks/part19/non-incremental/QF_BV/sage/app7/bench_152.smt2,0,0,0,失败
/pub/data/jiafq/iscas/Parser_Comparison/../benchmarks/part19/non-incremental/QF_BV/sage/app7/bench_1520.smt2,0,0,0,失败
/pub/data/jiafq/iscas/Parser_Comparison/../benchmarks/part19/non-incremental/QF_BV/sage/app7/bench_1521.smt2,0,0,0,失败
/pub/data/jiafq/iscas/Parser_Comparison/../benchmarks/part19/non-incremental/QF_BV/sage/app7/bench_1522.smt2,0,0,0,失败
/pub/data/jiafq/iscas/Parser_Comparison/../benchmarks/part19/non-incremental/QF_BV/sage/app7/bench_1523.smt2,0,0,0,失败
/pub/data/jiafq/iscas/Parser_Comparison/../benchmarks/part19/non-incremental/QF_BV/sage/app7/bench_1524.smt2,7.20216,0,162,成功
/pub/data/jiafq/iscas/Parser_Comparison/../benchmarks/part19/non-incremental/QF_BV/sage/app7/bench_1525.smt2,0,0,0,失败
/pub/data/jiafq/iscas/Parser_Comparison/../benchmarks/part19/non-incremental/QF_BV/sage/app7/bench_1526.smt2,0,0,0,失败
/pub/data/jiafq/iscas/Parser_Comparison/../benchmarks/part19/non-incremental/QF_BV/sage/app7/bench_1527.smt2,0,0,0,失败
/pub/data/jiafq/iscas/Parser_Comparison/../benchmarks/part19/non-incremental/QF_BV/sage/app7/bench_1528.smt2,0,0,0,失败
/pub/data/jiafq/iscas/Parser_Comparison/../benchmarks/part19/non-incremental/QF_BV/sage/app7/bench_1529.smt2,0,0,0,失败
/pub/data/jiafq/iscas/Parser_Comparison/../benchmarks/part19/non-incremental/QF_BV/sage/app7/bench_153.smt2,0,0,0,失败
/pub/data/jiafq/iscas/Parser_Comparison/../benchmarks/part19/non-incremental/QF_BV/sage/app7/bench_1530.smt2,0,0,0,失败
/pub/data/jiafq/iscas/Parser_Comparison/../benchmarks/part19/non-incremental/QF_BV/sage/app7/bench_1531.smt2,0,0,0,失败
/pub/data/jiafq/iscas/Parser_Comparison/../benchmarks/part19/non-incremental/QF_BV/sage/app7/bench_1532.smt2,0,0,0,失败
/pub/data/jiafq/iscas/Parser_Comparison/../benchmarks/part19/non-incremental/QF_BV/sage/app7/bench_1533.smt2,4.04502,0,34,成功
/pub/data/jiafq/iscas/Parser_Comparison/../benchmarks/part19/non-incremental/QF_BV/sage/app7/bench_1534.smt2,3.53247,0,30,成功
/pub/data/jiafq/iscas/Parser_Comparison/../benchmarks/part19/non-incremental/QF_BV/sage/app7/bench_1535.smt2,0,0,0,失败
/pub/data/jiafq/iscas/Parser_Comparison/../benchmarks/part19/non-incremental/QF_BV/sage/app7/bench_1536.smt2,0,0,0,失败
/pub/data/jiafq/iscas/Parser_Comparison/../benchmarks/part19/non-incremental/QF_BV/sage/app7/bench_1537.smt2,3.19225,0,26,成功
/pub/data/jiafq/iscas/Parser_Comparison/../benchmarks/part19/non-incremental/QF_BV/sage/app7/bench_1538.smt2,2.13307,0,25,成功
/pub/data/jiafq/iscas/Parser_Comparison/../benchmarks/part19/non-incremental/QF_BV/sage/app7/bench_1539.smt2,2.0512,0,22,成功
/pub/data/jiafq/iscas/Parser_Comparison/../benchmarks/part19/non-incremental/QF_BV/sage/app7/bench_154.smt2,0,0,0,失败
/pub/data/jiafq/iscas/Parser_Comparison/../benchmarks/part19/non-incremental/QF_BV/sage/app7/bench_1540.smt2,2.27333,0,19,成功
/pub/data/jiafq/iscas/Parser_Comparison/../benchmarks/part19/non-incremental/QF_BV/sage/app7/bench_1541.smt2,2.07921,0,12,成功
/pub/data/jiafq/iscas/Parser_Comparison/../benchmarks/part19/non-incremental/QF_BV/sage/app7/bench_1542.smt2,0,0,0,失败
/pub/data/jiafq/iscas/Parser_Comparison/../benchmarks/part19/non-incremental/QF_BV/sage/app7/bench_1543.smt2,0,0,0,失败
/pub/data/jiafq/iscas/Parser_Comparison/../benchmarks/part19/non-incremental/QF_BV/sage/app7/bench_1544.smt2,0,0,0,失败
/pub/data/jiafq/iscas/Parser_Comparison/../benchmarks/part19/non-incremental/QF_BV/sage/app7/bench_1545.smt2,0,0,0,失败
/pub/data/jiafq/iscas/Parser_Comparison/../benchmarks/part19/non-incremental/QF_BV/sage/app7/bench_1546.smt2,0,0,0,失败
/pub/data/jiafq/iscas/Parser_Comparison/../benchmarks/part19/non-incremental/QF_BV/sage/app7/bench_1547.smt2,0,0,0,失败
/pub/data/jiafq/iscas/Parser_Comparison/../benchmarks/part19/non-incremental/QF_BV/sage/app7/bench_1548.smt2,0,0,0,失败
/pub/data/jiafq/iscas/Parser_Comparison/../benchmarks/part19/non-incremental/QF_BV/sage/app7/bench_1549.smt2,0,0,0,失败
/pub/data/jiafq/iscas/Parser_Comparison/../benchmarks/part19/non-incremental/QF_BV/sage/app7/bench_155.smt2,0,0,0,失败
/pub/data/jiafq/iscas/Parser_Comparison/../benchmarks/part19/non-incremental/QF_BV/sage/app7/bench_1550.smt2,0,0,0,失败
/pub/data/jiafq/iscas/Parser_Comparison/../benchmarks/part19/non-incremental/QF_BV/sage/app7/bench_1551.smt2,0,0,0,失败
/pub/data/jiafq/iscas/Parser_Comparison/../benchmarks/part19/non-incremental/QF_BV/sage/app7/bench_1552.smt2,0,0,0,失败
/pub/data/jiafq/iscas/Parser_Comparison/../benchmarks/part19/non-incremental/QF_BV/sage/app7/bench_1553.smt2,0,0,0,失败
/pub/data/jiafq/iscas/Parser_Comparison/../benchmarks/part19/non-incremental/QF_BV/sage/app7/bench_1554.smt2,0,0,0,失败
/pub/data/jiafq/iscas/Parser_Comparison/../benchmarks/part19/non-incremental/QF_BV/sage/app7/bench_1555.smt2,0,0,0,失败
/pub/data/jiafq/iscas/Parser_Comparison/../benchmarks/part19/non-incremental/QF_BV/sage/app7/bench_1556.smt2,0,0,0,失败
/pub/data/jiafq/iscas/Parser_Comparison/../benchmarks/part19/non-incremental/QF_BV/sage/app7/bench_1557.smt2,0,0,0,失败
/pub/data/jiafq/iscas/Parser_Comparison/../benchmarks/part19/non-incremental/QF_BV/sage/app7/bench_1558.smt2,0,0,0,失败
/pub/data/jiafq/iscas/Parser_Comparison/../benchmarks/part19/non-incremental/QF_BV/sage/app7/bench_1559.smt2,0,0,0,失败
/pub/data/jiafq/iscas/Parser_Comparison/../benchmarks/part19/non-incremental/QF_BV/sage/app7/bench_156.smt2,0,0,0,失败
/pub/data/jiafq/iscas/Parser_Comparison/../benchmarks/part19/non-incremental/QF_BV/sage/app7/bench_1560.smt2,0,0,0,失败
/pub/data/jiafq/iscas/Parser_Comparison/../benchmarks/part19/non-incremental/QF_BV/sage/app7/bench_1561.smt2,0,0,0,失败
/pub/data/jiafq/iscas/Parser_Comparison/../benchmarks/part19/non-incremental/QF_BV/sage/app7/bench_1562.smt2,0,0,0,失败
/pub/data/jiafq/iscas/Parser_Comparison/../benchmarks/part19/non-incremental/QF_BV/sage/app7/bench_1563.smt2,0,0,0,失败
/pub/data/jiafq/iscas/Parser_Comparison/../benchmarks/part19/non-incremental/QF_BV/sage/app7/bench_1564.smt2,0,0,0,失败
/pub/data/jiafq/iscas/Parser_Comparison/../benchmarks/part19/non-incremental/QF_BV/sage/app7/bench_1565.smt2,0,0,0,失败
/pub/data/jiafq/iscas/Parser_Comparison/../benchmarks/part19/non-incremental/QF_BV/sage/app7/bench_1566.smt2,0,0,0,失败
/pub/data/jiafq/iscas/Parser_Comparison/../benchmarks/part19/non-incremental/QF_BV/sage/app7/bench_1567.smt2,0,0,0,失败
/pub/data/jiafq/iscas/Parser_Comparison/../benchmarks/part19/non-incremental/QF_BV/sage/app7/bench_1568.smt2,0,0,0,失败
/pub/data/jiafq/iscas/Parser_Comparison/../benchmarks/part19/non-incremental/QF_BV/sage/app7/bench_1569.smt2,0,0,0,失败
/pub/data/jiafq/iscas/Parser_Comparison/../benchmarks/part19/non-incremental/QF_BV/sage/app7/bench_157.smt2,0,0,0,失败
/pub/data/jiafq/iscas/Parser_Comparison/../benchmarks/part19/non-incremental/QF_BV/sage/app7/bench_1570.smt2,0,0,0,失败
/pub/data/jiafq/iscas/Parser_Comparison/../benchmarks/part19/non-incremental/QF_BV/sage/app7/bench_1571.smt2,0,0,0,失败
/pub/data/jiafq/iscas/Parser_Comparison/../benchmarks/part19/non-incremental/QF_BV/sage/app7/bench_1572.smt2,0,0,0,失败
/pub/data/jiafq/iscas/Parser_Comparison/../benchmarks/part19/non-incremental/QF_BV/sage/app7/bench_1573.smt2,0,0,0,失败
/pub/data/jiafq/iscas/Parser_Comparison/../benchmarks/part19/non-incremental/QF_BV/sage/app7/bench_1574.smt2,0,0,0,失败
/pub/data/jiafq/iscas/Parser_Comparison/../benchmarks/part19/non-incremental/QF_BV/sage/app7/bench_1575.smt2,0,0,0,失败
/pub/data/jiafq/iscas/Parser_Comparison/../benchmarks/part19/non-incremental/QF_BV/sage/app7/bench_1576.smt2,0,0,0,失败
/pub/data/jiafq/iscas/Parser_Comparison/../benchmarks/part19/non-incremental/QF_BV/sage/app7/bench_1577.smt2,0,0,0,失败
/pub/data/jiafq/iscas/Parser_Comparison/../benchmarks/part19/non-incremental/QF_BV/sage/app7/bench_1578.smt2,0,0,0,失败
/pub/data/jiafq/iscas/Parser_Comparison/../benchmarks/part19/non-incremental/QF_BV/sage/app7/bench_1579.smt2,0,0,0,失败
/pub/data/jiafq/iscas/Parser_Comparison/../benchmarks/part19/non-incremental/QF_BV/sage/app7/bench_158.smt2,0,0,0,失败
/pub/data/jiafq/iscas/Parser_Comparison/../benchmarks/part19/non-incremental/QF_BV/sage/app7/bench_1580.smt2,0,0,0,失败
/pub/data/jiafq/iscas/Parser_Comparison/../benchmarks/part19/non-incremental/QF_BV/sage/app7/bench_1581.smt2,0,0,0,失败
/pub/data/jiafq/iscas/Parser_Comparison/../benchmarks/part19/non-incremental/QF_BV/sage/app7/bench_1582.smt2,0,0,0,失败
/pub/data/jiafq/iscas/Parser_Comparison/../benchmarks/part19/non-incremental/QF_BV/sage/app7/bench_1583.smt2,0,0,0,失败
/pub/data/jiafq/iscas/Parser_Comparison/../benchmarks/part19/non-incremental/QF_BV/sage/app7/bench_1584.smt2,0,0,0,失败
/pub/data/jiafq/iscas/Parser_Comparison/../benchmarks/part19/non-incremental/QF_BV/sage/app7/bench_1585.smt2,0,0,0,失败
/pub/data/jiafq/iscas/Parser_Comparison/../benchmarks/part19/non-incremental/QF_BV/sage/app7/bench_1586.smt2,0,0,0,失败
/pub/data/jiafq/iscas/Parser_Comparison/../benchmarks/part19/non-incremental/QF_BV/sage/app7/bench_1587.smt2,0,0,0,失败
/pub/data/jiafq/iscas/Parser_Comparison/../benchmarks/part19/non-incremental/QF_BV/sage/app7/bench_1588.smt2,0,0,0,失败
/pub/data/jiafq/iscas/Parser_Comparison/../benchmarks/part19/non-incremental/QF_BV/sage/app7/bench_1589.smt2,0,0,0,失败
/pub/data/jiafq/iscas/Parser_Comparison/../benchmarks/part19/non-incremental/QF_BV/sage/app7/bench_159.smt2,0,0,0,失败
/pub/data/jiafq/iscas/Parser_Comparison/../benchmarks/part19/non-incremental/QF_BV/sage/app7/bench_1590.smt2,0,0,0,失败
/pub/data/jiafq/iscas/Parser_Comparison/../benchmarks/part19/non-incremental/QF_BV/sage/app7/bench_1591.smt2,6.57671,0,162,成功
/pub/data/jiafq/iscas/Parser_Comparison/../benchmarks/part19/non-incremental/QF_BV/sage/app7/bench_1592.smt2,0,0,0,失败
/pub/data/jiafq/iscas/Parser_Comparison/../benchmarks/part19/non-incremental/QF_BV/sage/app7/bench_1593.smt2,10.4867,0,158,成功
/pub/data/jiafq/iscas/Parser_Comparison/../benchmarks/part19/non-incremental/QF_BV/sage/app7/bench_1594.smt2,9.71715,0,157,成功
/pub/data/jiafq/iscas/Parser_Comparison/../benchmarks/part19/non-incremental/QF_BV/sage/app7/bench_1595.smt2,0,0,0,失败
/pub/data/jiafq/iscas/Parser_Comparison/../benchmarks/part19/non-incremental/QF_BV/sage/app7/bench_1596.smt2,0,0,0,失败
/pub/data/jiafq/iscas/Parser_Comparison/../benchmarks/part19/non-incremental/QF_BV/sage/app7/bench_1597.smt2,0,0,0,失败
/pub/data/jiafq/iscas/Parser_Comparison/../benchmarks/part19/non-incremental/QF_BV/sage/app7/bench_1598.smt2,0,0,0,失败
/pub/data/jiafq/iscas/Parser_Comparison/../benchmarks/part19/non-incremental/QF_BV/sage/app7/bench_1599.smt2,0,0,0,失败
/pub/data/jiafq/iscas/Parser_Comparison/../benchmarks/part19/non-incremental/QF_BV/sage/app7/bench_16.smt2,0,0,0,失败
/pub/data/jiafq/iscas/Parser_Comparison/../benchmarks/part19/non-incremental/QF_BV/sage/app7/bench_160.smt2,0,0,0,失败
/pub/data/jiafq/iscas/Parser_Comparison/../benchmarks/part19/non-incremental/QF_BV/sage/app7/bench_1600.smt2,0,0,0,失败
/pub/data/jiafq/iscas/Parser_Comparison/../benchmarks/part19/non-incremental/QF_BV/sage/app7/bench_1601.smt2,0,0,0,失败
/pub/data/jiafq/iscas/Parser_Comparison/../benchmarks/part19/non-incremental/QF_BV/sage/app7/bench_1602.smt2,0,0,0,失败
/pub/data/jiafq/iscas/Parser_Comparison/../benchmarks/part19/non-incremental/QF_BV/sage/app7/bench_1603.smt2,0,0,0,失败
/pub/data/jiafq/iscas/Parser_Comparison/../benchmarks/part19/non-incremental/QF_BV/sage/app7/bench_1604.smt2,0,0,0,失败
/pub/data/jiafq/iscas/Parser_Comparison/../benchmarks/part19/non-incremental/QF_BV/sage/app7/bench_1605.smt2,9.31866,0,153,成功
/pub/data/jiafq/iscas/Parser_Comparison/../benchmarks/part19/non-incremental/QF_BV/sage/app7/bench_1606.smt2,9.17144,0,142,成功
/pub/data/jiafq/iscas/Parser_Comparison/../benchmarks/part19/non-incremental/QF_BV/sage/app7/bench_1607.smt2,6.87707,0,137,成功
/pub/data/jiafq/iscas/Parser_Comparison/../benchmarks/part19/non-incremental/QF_BV/sage/app7/bench_1608.smt2,9.46113,0,135,成功
/pub/data/jiafq/iscas/Parser_Comparison/../benchmarks/part19/non-incremental/QF_BV/sage/app7/bench_1609.smt2,8.65163,0,133,成功
/pub/data/jiafq/iscas/Parser_Comparison/../benchmarks/part19/non-incremental/QF_BV/sage/app7/bench_161.smt2,0,0,0,失败
/pub/data/jiafq/iscas/Parser_Comparison/../benchmarks/part19/non-incremental/QF_BV/sage/app7/bench_1610.smt2,8.76026,0,132,成功
/pub/data/jiafq/iscas/Parser_Comparison/../benchmarks/part19/non-incremental/QF_BV/sage/app7/bench_1611.smt2,8.31387,0,130,成功
/pub/data/jiafq/iscas/Parser_Comparison/../benchmarks/part19/non-incremental/QF_BV/sage/app7/bench_1612.smt2,8.08207,0,126,成功
/pub/data/jiafq/iscas/Parser_Comparison/../benchmarks/part19/non-incremental/QF_BV/sage/app7/bench_1613.smt2,8.15713,0,124,成功
/pub/data/jiafq/iscas/Parser_Comparison/../benchmarks/part19/non-incremental/QF_BV/sage/app7/bench_1614.smt2,0,0,0,失败
/pub/data/jiafq/iscas/Parser_Comparison/../benchmarks/part19/non-incremental/QF_BV/sage/app7/bench_1615.smt2,7.97169,0,122,成功
/pub/data/jiafq/iscas/Parser_Comparison/../benchmarks/part19/non-incremental/QF_BV/sage/app7/bench_1616.smt2,7.34684,0,118,成功
/pub/data/jiafq/iscas/Parser_Comparison/../benchmarks/part19/non-incremental/QF_BV/sage/app7/bench_1617.smt2,7.20246,0,114,成功
/pub/data/jiafq/iscas/Parser_Comparison/../benchmarks/part19/non-incremental/QF_BV/sage/app7/bench_1618.smt2,7.073,0,110,成功
/pub/data/jiafq/iscas/Parser_Comparison/../benchmarks/part19/non-incremental/QF_BV/sage/app7/bench_1619.smt2,0,0,0,失败
/pub/data/jiafq/iscas/Parser_Comparison/../benchmarks/part19/non-incremental/QF_BV/sage/app7/bench_162.smt2,0,0,0,失败
/pub/data/jiafq/iscas/Parser_Comparison/../benchmarks/part19/non-incremental/QF_BV/sage/app7/bench_1620.smt2,0,0,0,失败
/pub/data/jiafq/iscas/Parser_Comparison/../benchmarks/part19/non-incremental/QF_BV/sage/app7/bench_1621.smt2,0,0,0,失败
/pub/data/jiafq/iscas/Parser_Comparison/../benchmarks/part19/non-incremental/QF_BV/sage/app7/bench_1622.smt2,0,0,0,失败
/pub/data/jiafq/iscas/Parser_Comparison/../benchmarks/part19/non-incremental/QF_BV/sage/app7/bench_1623.smt2,0,0,0,失败
/pub/data/jiafq/iscas/Parser_Comparison/../benchmarks/part19/non-incremental/QF_BV/sage/app7/bench_1624.smt2,0,0,0,失败
/pub/data/jiafq/iscas/Parser_Comparison/../benchmarks/part19/non-incremental/QF_BV/sage/app7/bench_1625.smt2,0,0,0,失败
/pub/data/jiafq/iscas/Parser_Comparison/../benchmarks/part19/non-incremental/QF_BV/sage/app7/bench_1626.smt2,0,0,0,失败
/pub/data/jiafq/iscas/Parser_Comparison/../benchmarks/part19/non-incremental/QF_BV/sage/app7/bench_1627.smt2,0,0,0,失败
/pub/data/jiafq/iscas/Parser_Comparison/../benchmarks/part19/non-incremental/QF_BV/sage/app7/bench_1628.smt2,0,0,0,失败
/pub/data/jiafq/iscas/Parser_Comparison/../benchmarks/part19/non-incremental/QF_BV/sage/app7/bench_1629.smt2,0,0,0,失败
/pub/data/jiafq/iscas/Parser_Comparison/../benchmarks/part19/non-incremental/QF_BV/sage/app7/bench_163.smt2,0,0,0,失败
/pub/data/jiafq/iscas/Parser_Comparison/../benchmarks/part19/non-incremental/QF_BV/sage/app7/bench_1630.smt2,0,0,0,失败
/pub/data/jiafq/iscas/Parser_Comparison/../benchmarks/part19/non-incremental/QF_BV/sage/app7/bench_1631.smt2,0,0,0,失败
/pub/data/jiafq/iscas/Parser_Comparison/../benchmarks/part19/non-incremental/QF_BV/sage/app7/bench_1632.smt2,0,0,0,失败
/pub/data/jiafq/iscas/Parser_Comparison/../benchmarks/part19/non-incremental/QF_BV/sage/app7/bench_1633.smt2,0,0,0,失败
/pub/data/jiafq/iscas/Parser_Comparison/../benchmarks/part19/non-incremental/QF_BV/sage/app7/bench_1634.smt2,0,0,0,失败
/pub/data/jiafq/iscas/Parser_Comparison/../benchmarks/part19/non-incremental/QF_BV/sage/app7/bench_1635.smt2,0,0,0,失败
/pub/data/jiafq/iscas/Parser_Comparison/../benchmarks/part19/non-incremental/QF_BV/sage/app7/bench_1636.smt2,0,0,0,失败
/pub/data/jiafq/iscas/Parser_Comparison/../benchmarks/part19/non-incremental/QF_BV/sage/app7/bench_1637.smt2,0,0,0,失败
/pub/data/jiafq/iscas/Parser_Comparison/../benchmarks/part19/non-incremental/QF_BV/sage/app7/bench_1638.smt2,0,0,0,失败
/pub/data/jiafq/iscas/Parser_Comparison/../benchmarks/part19/non-incremental/QF_BV/sage/app7/bench_1639.smt2,0,0,0,失败
/pub/data/jiafq/iscas/Parser_Comparison/../benchmarks/part19/non-incremental/QF_BV/sage/app7/bench_164.smt2,0,0,0,失败
/pub/data/jiafq/iscas/Parser_Comparison/../benchmarks/part19/non-incremental/QF_BV/sage/app7/bench_1640.smt2,0,0,0,失败
/pub/data/jiafq/iscas/Parser_Comparison/../benchmarks/part19/non-incremental/QF_BV/sage/app7/bench_1641.smt2,0,0,0,失败
/pub/data/jiafq/iscas/Parser_Comparison/../benchmarks/part19/non-incremental/QF_BV/sage/app7/bench_1642.smt2,0,0,0,失败
/pub/data/jiafq/iscas/Parser_Comparison/../benchmarks/part19/non-incremental/QF_BV/sage/app7/bench_1643.smt2,0,0,0,失败
/pub/data/jiafq/iscas/Parser_Comparison/../benchmarks/part19/non-incremental/QF_BV/sage/app7/bench_1644.smt2,0,0,0,失败
/pub/data/jiafq/iscas/Parser_Comparison/../benchmarks/part19/non-incremental/QF_BV/sage/app7/bench_1645.smt2,0,0,0,失败
/pub/data/jiafq/iscas/Parser_Comparison/../benchmarks/part19/non-incremental/QF_BV/sage/app7/bench_1646.smt2,0,0,0,失败
/pub/data/jiafq/iscas/Parser_Comparison/../benchmarks/part19/non-incremental/QF_BV/sage/app7/bench_1647.smt2,0,0,0,失败
/pub/data/jiafq/iscas/Parser_Comparison/../benchmarks/part19/non-incremental/QF_BV/sage/app7/bench_1648.smt2,0,0,0,失败
/pub/data/jiafq/iscas/Parser_Comparison/../benchmarks/part19/non-incremental/QF_BV/sage/app7/bench_1649.smt2,0,0,0,失败
/pub/data/jiafq/iscas/Parser_Comparison/../benchmarks/part19/non-incremental/QF_BV/sage/app7/bench_165.smt2,0,0,0,失败
/pub/data/jiafq/iscas/Parser_Comparison/../benchmarks/part19/non-incremental/QF_BV/sage/app7/bench_1650.smt2,0,0,0,失败
/pub/data/jiafq/iscas/Parser_Comparison/../benchmarks/part19/non-incremental/QF_BV/sage/app7/bench_1651.smt2,0,0,0,失败
/pub/data/jiafq/iscas/Parser_Comparison/../benchmarks/part19/non-incremental/QF_BV/sage/app7/bench_1652.smt2,0,0,0,失败
/pub/data/jiafq/iscas/Parser_Comparison/../benchmarks/part19/non-incremental/QF_BV/sage/app7/bench_1653.smt2,0,0,0,失败
/pub/data/jiafq/iscas/Parser_Comparison/../benchmarks/part19/non-incremental/QF_BV/sage/app7/bench_1654.smt2,0,0,0,失败
/pub/data/jiafq/iscas/Parser_Comparison/../benchmarks/part19/non-incremental/QF_BV/sage/app7/bench_1655.smt2,0,0,0,失败
/pub/data/jiafq/iscas/Parser_Comparison/../benchmarks/part19/non-incremental/QF_BV/sage/app7/bench_1656.smt2,0,0,0,失败
/pub/data/jiafq/iscas/Parser_Comparison/../benchmarks/part19/non-incremental/QF_BV/sage/app7/bench_1657.smt2,0,0,0,失败
/pub/data/jiafq/iscas/Parser_Comparison/../benchmarks/part19/non-incremental/QF_BV/sage/app7/bench_1658.smt2,0,0,0,失败
/pub/data/jiafq/iscas/Parser_Comparison/../benchmarks/part19/non-incremental/QF_BV/sage/app7/bench_1659.smt2,0,0,0,失败
/pub/data/jiafq/iscas/Parser_Comparison/../benchmarks/part19/non-incremental/QF_BV/sage/app7/bench_166.smt2,0,0,0,失败
/pub/data/jiafq/iscas/Parser_Comparison/../benchmarks/part19/non-incremental/QF_BV/sage/app7/bench_1660.smt2,0,0,0,失败
/pub/data/jiafq/iscas/Parser_Comparison/../benchmarks/part19/non-incremental/QF_BV/sage/app7/bench_1661.smt2,0,0,0,失败
/pub/data/jiafq/iscas/Parser_Comparison/../benchmarks/part19/non-incremental/QF_BV/sage/app7/bench_1662.smt2,0,0,0,失败
/pub/data/jiafq/iscas/Parser_Comparison/../benchmarks/part19/non-incremental/QF_BV/sage/app7/bench_1663.smt2,0,0,0,失败
/pub/data/jiafq/iscas/Parser_Comparison/../benchmarks/part19/non-incremental/QF_BV/sage/app7/bench_1664.smt2,0,0,0,失败
/pub/data/jiafq/iscas/Parser_Comparison/../benchmarks/part19/non-incremental/QF_BV/sage/app7/bench_1665.smt2,0,0,0,失败
/pub/data/jiafq/iscas/Parser_Comparison/../benchmarks/part19/non-incremental/QF_BV/sage/app7/bench_1666.smt2,0,0,0,失败
/pub/data/jiafq/iscas/Parser_Comparison/../benchmarks/part19/non-incremental/QF_BV/sage/app7/bench_1667.smt2,0,0,0,失败
/pub/data/jiafq/iscas/Parser_Comparison/../benchmarks/part19/non-incremental/QF_BV/sage/app7/bench_1668.smt2,0,0,0,失败
/pub/data/jiafq/iscas/Parser_Comparison/../benchmarks/part19/non-incremental/QF_BV/sage/app7/bench_1669.smt2,0,0,0,失败
/pub/data/jiafq/iscas/Parser_Comparison/../benchmarks/part19/non-incremental/QF_BV/sage/app7/bench_167.smt2,0,0,0,失败
/pub/data/jiafq/iscas/Parser_Comparison/../benchmarks/part19/non-incremental/QF_BV/sage/app7/bench_1670.smt2,0,0,0,失败
/pub/data/jiafq/iscas/Parser_Comparison/../benchmarks/part19/non-incremental/QF_BV/sage/app7/bench_1671.smt2,0,0,0,失败
/pub/data/jiafq/iscas/Parser_Comparison/../benchmarks/part19/non-incremental/QF_BV/sage/app7/bench_1672.smt2,0,0,0,失败
/pub/data/jiafq/iscas/Parser_Comparison/../benchmarks/part19/non-incremental/QF_BV/sage/app7/bench_1673.smt2,0,0,0,失败
/pub/data/jiafq/iscas/Parser_Comparison/../benchmarks/part19/non-incremental/QF_BV/sage/app7/bench_1674.smt2,0,0,0,失败
/pub/data/jiafq/iscas/Parser_Comparison/../benchmarks/part19/non-incremental/QF_BV/sage/app7/bench_1675.smt2,2.98964,0,30,成功
/pub/data/jiafq/iscas/Parser_Comparison/../benchmarks/part19/non-incremental/QF_BV/sage/app7/bench_1676.smt2,2.84524,0,27,成功
/pub/data/jiafq/iscas/Parser_Comparison/../benchmarks/part19/non-incremental/QF_BV/sage/app7/bench_1677.smt2,0,0,0,失败
/pub/data/jiafq/iscas/Parser_Comparison/../benchmarks/part19/non-incremental/QF_BV/sage/app7/bench_1678.smt2,0,0,0,失败
/pub/data/jiafq/iscas/Parser_Comparison/../benchmarks/part19/non-incremental/QF_BV/sage/app7/bench_1679.smt2,0,0,0,失败
/pub/data/jiafq/iscas/Parser_Comparison/../benchmarks/part19/non-incremental/QF_BV/sage/app7/bench_168.smt2,0,0,0,失败
/pub/data/jiafq/iscas/Parser_Comparison/../benchmarks/part19/non-incremental/QF_BV/sage/app7/bench_1680.smt2,0,0,0,失败
/pub/data/jiafq/iscas/Parser_Comparison/../benchmarks/part19/non-incremental/QF_BV/sage/app7/bench_1681.smt2,0,0,0,失败
/pub/data/jiafq/iscas/Parser_Comparison/../benchmarks/part19/non-incremental/QF_BV/sage/app7/bench_1682.smt2,0,0,0,失败
/pub/data/jiafq/iscas/Parser_Comparison/../benchmarks/part19/non-incremental/QF_BV/sage/app7/bench_1683.smt2,0,0,0,失败
/pub/data/jiafq/iscas/Parser_Comparison/../benchmarks/part19/non-incremental/QF_BV/sage/app7/bench_1684.smt2,0,0,0,失败
/pub/data/jiafq/iscas/Parser_Comparison/../benchmarks/part19/non-incremental/QF_BV/sage/app7/bench_1685.smt2,0,0,0,失败
/pub/data/jiafq/iscas/Parser_Comparison/../benchmarks/part19/non-incremental/QF_BV/sage/app7/bench_1686.smt2,0,0,0,失败
/pub/data/jiafq/iscas/Parser_Comparison/../benchmarks/part19/non-incremental/QF_BV/sage/app7/bench_1687.smt2,0,0,0,失败
/pub/data/jiafq/iscas/Parser_Comparison/../benchmarks/part19/non-incremental/QF_BV/sage/app7/bench_1688.smt2,0,0,0,失败
/pub/data/jiafq/iscas/Parser_Comparison/../benchmarks/part19/non-incremental/QF_BV/sage/app7/bench_1689.smt2,0,0,0,失败
/pub/data/jiafq/iscas/Parser_Comparison/../benchmarks/part19/non-incremental/QF_BV/sage/app7/bench_169.smt2,0,0,0,失败
/pub/data/jiafq/iscas/Parser_Comparison/../benchmarks/part19/non-incremental/QF_BV/sage/app7/bench_1690.smt2,0,0,0,失败
/pub/data/jiafq/iscas/Parser_Comparison/../benchmarks/part19/non-incremental/QF_BV/sage/app7/bench_1691.smt2,0,0,0,失败
/pub/data/jiafq/iscas/Parser_Comparison/../benchmarks/part19/non-incremental/QF_BV/sage/app7/bench_1692.smt2,0,0,0,失败
/pub/data/jiafq/iscas/Parser_Comparison/../benchmarks/part19/non-incremental/QF_BV/sage/app7/bench_1693.smt2,0,0,0,失败
/pub/data/jiafq/iscas/Parser_Comparison/../benchmarks/part19/non-incremental/QF_BV/sage/app7/bench_1694.smt2,0,0,0,失败
/pub/data/jiafq/iscas/Parser_Comparison/../benchmarks/part19/non-incremental/QF_BV/sage/app7/bench_1695.smt2,0,0,0,失败
/pub/data/jiafq/iscas/Parser_Comparison/../benchmarks/part19/non-incremental/QF_BV/sage/app7/bench_1696.smt2,0,0,0,失败
/pub/data/jiafq/iscas/Parser_Comparison/../benchmarks/part19/non-incremental/QF_BV/sage/app7/bench_1697.smt2,0,0,0,失败
/pub/data/jiafq/iscas/Parser_Comparison/../benchmarks/part19/non-incremental/QF_BV/sage/app7/bench_1698.smt2,0,0,0,失败
/pub/data/jiafq/iscas/Parser_Comparison/../benchmarks/part19/non-incremental/QF_BV/sage/app7/bench_1699.smt2,0,0,0,失败
/pub/data/jiafq/iscas/Parser_Comparison/../benchmarks/part19/non-incremental/QF_BV/sage/app7/bench_17.smt2,0,0,0,失败
/pub/data/jiafq/iscas/Parser_Comparison/../benchmarks/part19/non-incremental/QF_BV/sage/app7/bench_170.smt2,0,0,0,失败
/pub/data/jiafq/iscas/Parser_Comparison/../benchmarks/part19/non-incremental/QF_BV/sage/app7/bench_1700.smt2,0,0,0,失败
/pub/data/jiafq/iscas/Parser_Comparison/../benchmarks/part19/non-incremental/QF_BV/sage/app7/bench_1701.smt2,0,0,0,失败
/pub/data/jiafq/iscas/Parser_Comparison/../benchmarks/part19/non-incremental/QF_BV/sage/app7/bench_1702.smt2,0,0,0,失败
/pub/data/jiafq/iscas/Parser_Comparison/../benchmarks/part19/non-incremental/QF_BV/sage/app7/bench_1703.smt2,0,0,0,失败
/pub/data/jiafq/iscas/Parser_Comparison/../benchmarks/part19/non-incremental/QF_BV/sage/app7/bench_1704.smt2,7.06892,0,105,成功
/pub/data/jiafq/iscas/Parser_Comparison/../benchmarks/part19/non-incremental/QF_BV/sage/app7/bench_1705.smt2,0,0,0,失败
/pub/data/jiafq/iscas/Parser_Comparison/../benchmarks/part19/non-incremental/QF_BV/sage/app7/bench_1706.smt2,0,0,0,失败
/pub/data/jiafq/iscas/Parser_Comparison/../benchmarks/part19/non-incremental/QF_BV/sage/app7/bench_1707.smt2,0,0,0,失败
/pub/data/jiafq/iscas/Parser_Comparison/../benchmarks/part19/non-incremental/QF_BV/sage/app7/bench_1708.smt2,0,0,0,失败
/pub/data/jiafq/iscas/Parser_Comparison/../benchmarks/part19/non-incremental/QF_BV/sage/app7/bench_1709.smt2,0,0,0,失败
/pub/data/jiafq/iscas/Parser_Comparison/../benchmarks/part19/non-incremental/QF_BV/sage/app7/bench_171.smt2,0,0,0,失败
/pub/data/jiafq/iscas/Parser_Comparison/../benchmarks/part19/non-incremental/QF_BV/sage/app7/bench_1710.smt2,0,0,0,失败
/pub/data/jiafq/iscas/Parser_Comparison/../benchmarks/part19/non-incremental/QF_BV/sage/app7/bench_1711.smt2,0,0,0,失败
/pub/data/jiafq/iscas/Parser_Comparison/../benchmarks/part19/non-incremental/QF_BV/sage/app7/bench_1712.smt2,0,0,0,失败
/pub/data/jiafq/iscas/Parser_Comparison/../benchmarks/part19/non-incremental/QF_BV/sage/app7/bench_1713.smt2,0,0,0,失败
/pub/data/jiafq/iscas/Parser_Comparison/../benchmarks/part19/non-incremental/QF_BV/sage/app7/bench_1714.smt2,0,0,0,失败
/pub/data/jiafq/iscas/Parser_Comparison/../benchmarks/part19/non-incremental/QF_BV/sage/app7/bench_1715.smt2,0,0,0,失败
/pub/data/jiafq/iscas/Parser_Comparison/../benchmarks/part19/non-incremental/QF_BV/sage/app7/bench_1716.smt2,0,0,0,失败
/pub/data/jiafq/iscas/Parser_Comparison/../benchmarks/part19/non-incremental/QF_BV/sage/app7/bench_1717.smt2,0,0,0,失败
/pub/data/jiafq/iscas/Parser_Comparison/../benchmarks/part19/non-incremental/QF_BV/sage/app7/bench_1718.smt2,0,0,0,失败
/pub/data/jiafq/iscas/Parser_Comparison/../benchmarks/part19/non-incremental/QF_BV/sage/app7/bench_1719.smt2,0,0,0,失败
/pub/data/jiafq/iscas/Parser_Comparison/../benchmarks/part19/non-incremental/QF_BV/sage/app7/bench_172.smt2,0,0,0,失败
/pub/data/jiafq/iscas/Parser_Comparison/../benchmarks/part19/non-incremental/QF_BV/sage/app7/bench_1720.smt2,0,0,0,失败
/pub/data/jiafq/iscas/Parser_Comparison/../benchmarks/part19/non-incremental/QF_BV/sage/app7/bench_1721.smt2,0,0,0,失败
/pub/data/jiafq/iscas/Parser_Comparison/../benchmarks/part19/non-incremental/QF_BV/sage/app7/bench_1722.smt2,0,0,0,失败
/pub/data/jiafq/iscas/Parser_Comparison/../benchmarks/part19/non-incremental/QF_BV/sage/app7/bench_1723.smt2,0,0,0,失败
/pub/data/jiafq/iscas/Parser_Comparison/../benchmarks/part19/non-incremental/QF_BV/sage/app7/bench_1724.smt2,0,0,0,失败
/pub/data/jiafq/iscas/Parser_Comparison/../benchmarks/part19/non-incremental/QF_BV/sage/app7/bench_1725.smt2,0,0,0,失败
/pub/data/jiafq/iscas/Parser_Comparison/../benchmarks/part19/non-incremental/QF_BV/sage/app7/bench_1726.smt2,0,0,0,失败
/pub/data/jiafq/iscas/Parser_Comparison/../benchmarks/part19/non-incremental/QF_BV/sage/app7/bench_1727.smt2,0,0,0,失败
/pub/data/jiafq/iscas/Parser_Comparison/../benchmarks/part19/non-incremental/QF_BV/sage/app7/bench_1728.smt2,0,0,0,失败
/pub/data/jiafq/iscas/Parser_Comparison/../benchmarks/part19/non-incremental/QF_BV/sage/app7/bench_1729.smt2,3.75798,0,63,成功
/pub/data/jiafq/iscas/Parser_Comparison/../benchmarks/part19/non-incremental/QF_BV/sage/app7/bench_173.smt2,0,0,0,失败
/pub/data/jiafq/iscas/Parser_Comparison/../benchmarks/part19/non-incremental/QF_BV/sage/app7/bench_1730.smt2,4.92946,0,61,成功
/pub/data/jiafq/iscas/Parser_Comparison/../benchmarks/part19/non-incremental/QF_BV/sage/app7/bench_1731.smt2,3.01499,0,59,成功
/pub/data/jiafq/iscas/Parser_Comparison/../benchmarks/part19/non-incremental/QF_BV/sage/app7/bench_1732.smt2,3.22082,0,57,成功
/pub/data/jiafq/iscas/Parser_Comparison/../benchmarks/part19/non-incremental/QF_BV/sage/app7/bench_1733.smt2,2.29787,0,56,成功
/pub/data/jiafq/iscas/Parser_Comparison/../benchmarks/part19/non-incremental/QF_BV/sage/app7/bench_1734.smt2,1.44768,0,16,成功
/pub/data/jiafq/iscas/Parser_Comparison/../benchmarks/part19/non-incremental/QF_BV/sage/app7/bench_1735.smt2,1.30854,0,9,成功
/pub/data/jiafq/iscas/Parser_Comparison/../benchmarks/part19/non-incremental/QF_BV/sage/app7/bench_1736.smt2,0,0,0,失败
/pub/data/jiafq/iscas/Parser_Comparison/../benchmarks/part19/non-incremental/QF_BV/sage/app7/bench_1737.smt2,4.27308,0,41,成功
/pub/data/jiafq/iscas/Parser_Comparison/../benchmarks/part19/non-incremental/QF_BV/sage/app7/bench_1738.smt2,3.11028,0,21,成功
/pub/data/jiafq/iscas/Parser_Comparison/../benchmarks/part19/non-incremental/QF_BV/sage/app7/bench_1739.smt2,2.81735,0,14,成功
/pub/data/jiafq/iscas/Parser_Comparison/../benchmarks/part19/non-incremental/QF_BV/sage/app7/bench_174.smt2,0,0,0,失败
/pub/data/jiafq/iscas/Parser_Comparison/../benchmarks/part19/non-incremental/QF_BV/sage/app7/bench_1740.smt2,2.16237,0,22,成功
/pub/data/jiafq/iscas/Parser_Comparison/../benchmarks/part19/non-incremental/QF_BV/sage/app7/bench_1741.smt2,2.89094,0,13,成功
/pub/data/jiafq/iscas/Parser_Comparison/../benchmarks/part19/non-incremental/QF_BV/sage/app7/bench_1742.smt2,2.83128,0,9,成功
/pub/data/jiafq/iscas/Parser_Comparison/../benchmarks/part19/non-incremental/QF_BV/sage/app7/bench_1743.smt2,3.59215,0,28,成功
/pub/data/jiafq/iscas/Parser_Comparison/../benchmarks/part19/non-incremental/QF_BV/sage/app7/bench_1744.smt2,3.37255,0,26,成功
/pub/data/jiafq/iscas/Parser_Comparison/../benchmarks/part19/non-incremental/QF_BV/sage/app7/bench_1745.smt2,3.27315,0,24,成功
/pub/data/jiafq/iscas/Parser_Comparison/../benchmarks/part19/non-incremental/QF_BV/sage/app7/bench_1746.smt2,2.98166,0,21,成功
/pub/data/jiafq/iscas/Parser_Comparison/../benchmarks/part19/non-incremental/QF_BV/sage/app7/bench_1747.smt2,0,0,0,失败
/pub/data/jiafq/iscas/Parser_Comparison/../benchmarks/part19/non-incremental/QF_BV/sage/app7/bench_1748.smt2,3.2022,0,17,成功
/pub/data/jiafq/iscas/Parser_Comparison/../benchmarks/part19/non-incremental/QF_BV/sage/app7/bench_1749.smt2,2.23055,0,14,成功
/pub/data/jiafq/iscas/Parser_Comparison/../benchmarks/part19/non-incremental/QF_BV/sage/app7/bench_175.smt2,0,0,0,失败
/pub/data/jiafq/iscas/Parser_Comparison/../benchmarks/part19/non-incremental/QF_BV/sage/app7/bench_1750.smt2,2.19399,0,9,成功
/pub/data/jiafq/iscas/Parser_Comparison/../benchmarks/part19/non-incremental/QF_BV/sage/app7/bench_1751.smt2,2.37413,0,16,成功
/pub/data/jiafq/iscas/Parser_Comparison/../benchmarks/part19/non-incremental/QF_BV/sage/app7/bench_1752.smt2,1.9115,0,15,成功
/pub/data/jiafq/iscas/Parser_Comparison/../benchmarks/part19/non-incremental/QF_BV/sage/app7/bench_1753.smt2,1.52191,0,12,成功
/pub/data/jiafq/iscas/Parser_Comparison/../benchmarks/part19/non-incremental/QF_BV/sage/app7/bench_1754.smt2,1.44355,0,12,成功
/pub/data/jiafq/iscas/Parser_Comparison/../benchmarks/part19/non-incremental/QF_BV/sage/app7/bench_1755.smt2,1.26439,0,5,成功
/pub/data/jiafq/iscas/Parser_Comparison/../benchmarks/part19/non-incremental/QF_BV/sage/app7/bench_1756.smt2,1.29153,0,5,成功
/pub/data/jiafq/iscas/Parser_Comparison/../benchmarks/part19/non-incremental/QF_BV/sage/app7/bench_1757.smt2,0,0,0,失败
/pub/data/jiafq/iscas/Parser_Comparison/../benchmarks/part19/non-incremental/QF_BV/sage/app7/bench_1758.smt2,0,0,0,失败
/pub/data/jiafq/iscas/Parser_Comparison/../benchmarks/part19/non-incremental/QF_BV/sage/app7/bench_1759.smt2,11.2225,0,164,成功
/pub/data/jiafq/iscas/Parser_Comparison/../benchmarks/part19/non-incremental/QF_BV/sage/app7/bench_176.smt2,0,0,0,失败
/pub/data/jiafq/iscas/Parser_Comparison/../benchmarks/part19/non-incremental/QF_BV/sage/app7/bench_1760.smt2,5.35096,0,162,成功
/pub/data/jiafq/iscas/Parser_Comparison/../benchmarks/part19/non-incremental/QF_BV/sage/app7/bench_1761.smt2,4.54399,0,160,成功
/pub/data/jiafq/iscas/Parser_Comparison/../benchmarks/part19/non-incremental/QF_BV/sage/app7/bench_1762.smt2,0,0,0,失败
/pub/data/jiafq/iscas/Parser_Comparison/../benchmarks/part19/non-incremental/QF_BV/sage/app7/bench_1763.smt2,0,0,0,失败
/pub/data/jiafq/iscas/Parser_Comparison/../benchmarks/part19/non-incremental/QF_BV/sage/app7/bench_1764.smt2,0,0,0,失败
/pub/data/jiafq/iscas/Parser_Comparison/../benchmarks/part19/non-incremental/QF_BV/sage/app7/bench_1765.smt2,0,0,0,失败
/pub/data/jiafq/iscas/Parser_Comparison/../benchmarks/part19/non-incremental/QF_BV/sage/app7/bench_1766.smt2,0,0,0,失败
/pub/data/jiafq/iscas/Parser_Comparison/../benchmarks/part19/non-incremental/QF_BV/sage/app7/bench_1767.smt2,0,0,0,失败
/pub/data/jiafq/iscas/Parser_Comparison/../benchmarks/part19/non-incremental/QF_BV/sage/app7/bench_1768.smt2,0,0,0,失败
/pub/data/jiafq/iscas/Parser_Comparison/../benchmarks/part19/non-incremental/QF_BV/sage/app7/bench_1769.smt2,0,0,0,失败
/pub/data/jiafq/iscas/Parser_Comparison/../benchmarks/part19/non-incremental/QF_BV/sage/app7/bench_177.smt2,0,0,0,失败
/pub/data/jiafq/iscas/Parser_Comparison/../benchmarks/part19/non-incremental/QF_BV/sage/app7/bench_1770.smt2,0,0,0,失败
/pub/data/jiafq/iscas/Parser_Comparison/../benchmarks/part19/non-incremental/QF_BV/sage/app7/bench_1771.smt2,0,0,0,失败
/pub/data/jiafq/iscas/Parser_Comparison/../benchmarks/part19/non-incremental/QF_BV/sage/app7/bench_1772.smt2,0,0,0,失败
/pub/data/jiafq/iscas/Parser_Comparison/../benchmarks/part19/non-incremental/QF_BV/sage/app7/bench_1773.smt2,0,0,0,失败
/pub/data/jiafq/iscas/Parser_Comparison/../benchmarks/part19/non-incremental/QF_BV/sage/app7/bench_1774.smt2,0,0,0,失败
/pub/data/jiafq/iscas/Parser_Comparison/../benchmarks/part19/non-incremental/QF_BV/sage/app7/bench_1775.smt2,0,0,0,失败
/pub/data/jiafq/iscas/Parser_Comparison/../benchmarks/part19/non-incremental/QF_BV/sage/app7/bench_1776.smt2,0,0,0,失败
/pub/data/jiafq/iscas/Parser_Comparison/../benchmarks/part19/non-incremental/QF_BV/sage/app7/bench_1777.smt2,0,0,0,失败
/pub/data/jiafq/iscas/Parser_Comparison/../benchmarks/part19/non-incremental/QF_BV/sage/app7/bench_1778.smt2,9.37621,0,156,成功
/pub/data/jiafq/iscas/Parser_Comparison/../benchmarks/part19/non-incremental/QF_BV/sage/app7/bench_1779.smt2,0,0,0,失败
/pub/data/jiafq/iscas/Parser_Comparison/../benchmarks/part19/non-incremental/QF_BV/sage/app7/bench_178.smt2,0,0,0,失败
/pub/data/jiafq/iscas/Parser_Comparison/../benchmarks/part19/non-incremental/QF_BV/sage/app7/bench_1780.smt2,0,0,0,失败
/pub/data/jiafq/iscas/Parser_Comparison/../benchmarks/part19/non-incremental/QF_BV/sage/app7/bench_1781.smt2,0,0,0,失败
/pub/data/jiafq/iscas/Parser_Comparison/../benchmarks/part19/non-incremental/QF_BV/sage/app7/bench_1782.smt2,0,0,0,失败
/pub/data/jiafq/iscas/Parser_Comparison/../benchmarks/part19/non-incremental/QF_BV/sage/app7/bench_1783.smt2,0,0,0,失败
/pub/data/jiafq/iscas/Parser_Comparison/../benchmarks/part19/non-incremental/QF_BV/sage/app7/bench_1784.smt2,0,0,0,失败
/pub/data/jiafq/iscas/Parser_Comparison/../benchmarks/part19/non-incremental/QF_BV/sage/app7/bench_1785.smt2,0,0,0,失败
/pub/data/jiafq/iscas/Parser_Comparison/../benchmarks/part19/non-incremental/QF_BV/sage/app7/bench_1786.smt2,0,0,0,失败
/pub/data/jiafq/iscas/Parser_Comparison/../benchmarks/part19/non-incremental/QF_BV/sage/app7/bench_1787.smt2,0,0,0,失败
/pub/data/jiafq/iscas/Parser_Comparison/../benchmarks/part19/non-incremental/QF_BV/sage/app7/bench_1788.smt2,0,0,0,失败
/pub/data/jiafq/iscas/Parser_Comparison/../benchmarks/part19/non-incremental/QF_BV/sage/app7/bench_1789.smt2,0,0,0,失败
/pub/data/jiafq/iscas/Parser_Comparison/../benchmarks/part19/non-incremental/QF_BV/sage/app7/bench_179.smt2,0,0,0,失败
/pub/data/jiafq/iscas/Parser_Comparison/../benchmarks/part19/non-incremental/QF_BV/sage/app7/bench_1790.smt2,0,0,0,失败
/pub/data/jiafq/iscas/Parser_Comparison/../benchmarks/part19/non-incremental/QF_BV/sage/app7/bench_1791.smt2,0,0,0,失败
/pub/data/jiafq/iscas/Parser_Comparison/../benchmarks/part19/non-incremental/QF_BV/sage/app7/bench_1792.smt2,0,0,0,失败
/pub/data/jiafq/iscas/Parser_Comparison/../benchmarks/part19/non-incremental/QF_BV/sage/app7/bench_1793.smt2,0,0,0,失败
/pub/data/jiafq/iscas/Parser_Comparison/../benchmarks/part19/non-incremental/QF_BV/sage/app7/bench_1794.smt2,0,0,0,失败
/pub/data/jiafq/iscas/Parser_Comparison/../benchmarks/part19/non-incremental/QF_BV/sage/app7/bench_1795.smt2,0,0,0,失败
/pub/data/jiafq/iscas/Parser_Comparison/../benchmarks/part19/non-incremental/QF_BV/sage/app7/bench_1796.smt2,0,0,0,失败
/pub/data/jiafq/iscas/Parser_Comparison/../benchmarks/part19/non-incremental/QF_BV/sage/app7/bench_1797.smt2,0,0,0,失败
/pub/data/jiafq/iscas/Parser_Comparison/../benchmarks/part19/non-incremental/QF_BV/sage/app7/bench_1798.smt2,0,0,0,失败
/pub/data/jiafq/iscas/Parser_Comparison/../benchmarks/part19/non-incremental/QF_BV/sage/app7/bench_1799.smt2,10.0258,0,153,成功
/pub/data/jiafq/iscas/Parser_Comparison/../benchmarks/part19/non-incremental/QF_BV/sage/app7/bench_18.smt2,0,0,0,失败
/pub/data/jiafq/iscas/Parser_Comparison/../benchmarks/part19/non-incremental/QF_BV/sage/app7/bench_180.smt2,0,0,0,失败
/pub/data/jiafq/iscas/Parser_Comparison/../benchmarks/part19/non-incremental/QF_BV/sage/app7/bench_1800.smt2,9.13283,0,142,成功
/pub/data/jiafq/iscas/Parser_Comparison/../benchmarks/part19/non-incremental/QF_BV/sage/app7/bench_1801.smt2,9.04786,0,137,成功
/pub/data/jiafq/iscas/Parser_Comparison/../benchmarks/part19/non-incremental/QF_BV/sage/app7/bench_1802.smt2,5.93988,0,135,成功
/pub/data/jiafq/iscas/Parser_Comparison/../benchmarks/part19/non-incremental/QF_BV/sage/app7/bench_1803.smt2,0,0,0,失败
/pub/data/jiafq/iscas/Parser_Comparison/../benchmarks/part19/non-incremental/QF_BV/sage/app7/bench_1804.smt2,9.08683,0,133,成功
/pub/data/jiafq/iscas/Parser_Comparison/../benchmarks/part19/non-incremental/QF_BV/sage/app7/bench_1805.smt2,8.33128,0,132,成功
/pub/data/jiafq/iscas/Parser_Comparison/../benchmarks/part19/non-incremental/QF_BV/sage/app7/bench_1806.smt2,8.62806,0,130,成功
/pub/data/jiafq/iscas/Parser_Comparison/../benchmarks/part19/non-incremental/QF_BV/sage/app7/bench_1807.smt2,7.55079,0,126,成功
/pub/data/jiafq/iscas/Parser_Comparison/../benchmarks/part19/non-incremental/QF_BV/sage/app7/bench_1808.smt2,5.8478,0,124,成功
/pub/data/jiafq/iscas/Parser_Comparison/../benchmarks/part19/non-incremental/QF_BV/sage/app7/bench_1809.smt2,5.73102,0,122,成功
/pub/data/jiafq/iscas/Parser_Comparison/../benchmarks/part19/non-incremental/QF_BV/sage/app7/bench_181.smt2,0,0,0,失败
/pub/data/jiafq/iscas/Parser_Comparison/../benchmarks/part19/non-incremental/QF_BV/sage/app7/bench_1810.smt2,5.1959,0,118,成功
/pub/data/jiafq/iscas/Parser_Comparison/../benchmarks/part19/non-incremental/QF_BV/sage/app7/bench_1811.smt2,3.77164,0,114,成功
/pub/data/jiafq/iscas/Parser_Comparison/../benchmarks/part19/non-incremental/QF_BV/sage/app7/bench_1812.smt2,4.36769,0,110,成功
/pub/data/jiafq/iscas/Parser_Comparison/../benchmarks/part19/non-incremental/QF_BV/sage/app7/bench_1813.smt2,0,0,0,失败
/pub/data/jiafq/iscas/Parser_Comparison/../benchmarks/part19/non-incremental/QF_BV/sage/app7/bench_1814.smt2,0,0,0,失败
/pub/data/jiafq/iscas/Parser_Comparison/../benchmarks/part19/non-incremental/QF_BV/sage/app7/bench_1815.smt2,0,0,0,失败
/pub/data/jiafq/iscas/Parser_Comparison/../benchmarks/part19/non-incremental/QF_BV/sage/app7/bench_1816.smt2,0,0,0,失败
/pub/data/jiafq/iscas/Parser_Comparison/../benchmarks/part19/non-incremental/QF_BV/sage/app7/bench_1817.smt2,0,0,0,失败
/pub/data/jiafq/iscas/Parser_Comparison/../benchmarks/part19/non-incremental/QF_BV/sage/app7/bench_1818.smt2,0,0,0,失败
/pub/data/jiafq/iscas/Parser_Comparison/../benchmarks/part19/non-incremental/QF_BV/sage/app7/bench_1819.smt2,0,0,0,失败
/pub/data/jiafq/iscas/Parser_Comparison/../benchmarks/part19/non-incremental/QF_BV/sage/app7/bench_182.smt2,0,0,0,失败
/pub/data/jiafq/iscas/Parser_Comparison/../benchmarks/part19/non-incremental/QF_BV/sage/app7/bench_1820.smt2,0,0,0,失败
/pub/data/jiafq/iscas/Parser_Comparison/../benchmarks/part19/non-incremental/QF_BV/sage/app7/bench_1821.smt2,0,0,0,失败
/pub/data/jiafq/iscas/Parser_Comparison/../benchmarks/part19/non-incremental/QF_BV/sage/app7/bench_1822.smt2,0,0,0,失败
/pub/data/jiafq/iscas/Parser_Comparison/../benchmarks/part19/non-incremental/QF_BV/sage/app7/bench_1823.smt2,0,0,0,失败
/pub/data/jiafq/iscas/Parser_Comparison/../benchmarks/part19/non-incremental/QF_BV/sage/app7/bench_1824.smt2,0,0,0,失败
/pub/data/jiafq/iscas/Parser_Comparison/../benchmarks/part19/non-incremental/QF_BV/sage/app7/bench_1825.smt2,0,0,0,失败
/pub/data/jiafq/iscas/Parser_Comparison/../benchmarks/part19/non-incremental/QF_BV/sage/app7/bench_1826.smt2,0,0,0,失败
/pub/data/jiafq/iscas/Parser_Comparison/../benchmarks/part19/non-incremental/QF_BV/sage/app7/bench_1827.smt2,0,0,0,失败
/pub/data/jiafq/iscas/Parser_Comparison/../benchmarks/part19/non-incremental/QF_BV/sage/app7/bench_1828.smt2,0,0,0,失败
/pub/data/jiafq/iscas/Parser_Comparison/../benchmarks/part19/non-incremental/QF_BV/sage/app7/bench_1829.smt2,0,0,0,失败
/pub/data/jiafq/iscas/Parser_Comparison/../benchmarks/part19/non-incremental/QF_BV/sage/app7/bench_183.smt2,0,0,0,失败
/pub/data/jiafq/iscas/Parser_Comparison/../benchmarks/part19/non-incremental/QF_BV/sage/app7/bench_1830.smt2,0,0,0,失败
/pub/data/jiafq/iscas/Parser_Comparison/../benchmarks/part19/non-incremental/QF_BV/sage/app7/bench_1831.smt2,0,0,0,失败
/pub/data/jiafq/iscas/Parser_Comparison/../benchmarks/part19/non-incremental/QF_BV/sage/app7/bench_1832.smt2,0,0,0,失败
/pub/data/jiafq/iscas/Parser_Comparison/../benchmarks/part19/non-incremental/QF_BV/sage/app7/bench_1833.smt2,0,0,0,失败
/pub/data/jiafq/iscas/Parser_Comparison/../benchmarks/part19/non-incremental/QF_BV/sage/app7/bench_1834.smt2,0,0,0,失败
/pub/data/jiafq/iscas/Parser_Comparison/../benchmarks/part19/non-incremental/QF_BV/sage/app7/bench_1835.smt2,0,0,0,失败
/pub/data/jiafq/iscas/Parser_Comparison/../benchmarks/part19/non-incremental/QF_BV/sage/app7/bench_1836.smt2,0,0,0,失败
/pub/data/jiafq/iscas/Parser_Comparison/../benchmarks/part19/non-incremental/QF_BV/sage/app7/bench_1837.smt2,0,0,0,失败
/pub/data/jiafq/iscas/Parser_Comparison/../benchmarks/part19/non-incremental/QF_BV/sage/app7/bench_1838.smt2,0,0,0,失败
/pub/data/jiafq/iscas/Parser_Comparison/../benchmarks/part19/non-incremental/QF_BV/sage/app7/bench_1839.smt2,0,0,0,失败
/pub/data/jiafq/iscas/Parser_Comparison/../benchmarks/part19/non-incremental/QF_BV/sage/app7/bench_184.smt2,0,0,0,失败
/pub/data/jiafq/iscas/Parser_Comparison/../benchmarks/part19/non-incremental/QF_BV/sage/app7/bench_1840.smt2,0,0,0,失败
/pub/data/jiafq/iscas/Parser_Comparison/../benchmarks/part19/non-incremental/QF_BV/sage/app7/bench_1841.smt2,0,0,0,失败
/pub/data/jiafq/iscas/Parser_Comparison/../benchmarks/part19/non-incremental/QF_BV/sage/app7/bench_1842.smt2,0,0,0,失败
/pub/data/jiafq/iscas/Parser_Comparison/../benchmarks/part19/non-incremental/QF_BV/sage/app7/bench_1843.smt2,0,0,0,失败
/pub/data/jiafq/iscas/Parser_Comparison/../benchmarks/part19/non-incremental/QF_BV/sage/app7/bench_1844.smt2,0,0,0,失败
/pub/data/jiafq/iscas/Parser_Comparison/../benchmarks/part19/non-incremental/QF_BV/sage/app7/bench_1845.smt2,0,0,0,失败
/pub/data/jiafq/iscas/Parser_Comparison/../benchmarks/part19/non-incremental/QF_BV/sage/app7/bench_1846.smt2,0,0,0,失败
/pub/data/jiafq/iscas/Parser_Comparison/../benchmarks/part19/non-incremental/QF_BV/sage/app7/bench_1847.smt2,0,0,0,失败
/pub/data/jiafq/iscas/Parser_Comparison/../benchmarks/part19/non-incremental/QF_BV/sage/app7/bench_1848.smt2,0,0,0,失败
/pub/data/jiafq/iscas/Parser_Comparison/../benchmarks/part19/non-incremental/QF_BV/sage/app7/bench_1849.smt2,0,0,0,失败
/pub/data/jiafq/iscas/Parser_Comparison/../benchmarks/part19/non-incremental/QF_BV/sage/app7/bench_185.smt2,0,0,0,失败
/pub/data/jiafq/iscas/Parser_Comparison/../benchmarks/part19/non-incremental/QF_BV/sage/app7/bench_1850.smt2,0,0,0,失败
/pub/data/jiafq/iscas/Parser_Comparison/../benchmarks/part19/non-incremental/QF_BV/sage/app7/bench_1851.smt2,0,0,0,失败
/pub/data/jiafq/iscas/Parser_Comparison/../benchmarks/part19/non-incremental/QF_BV/sage/app7/bench_1852.smt2,0,0,0,失败
/pub/data/jiafq/iscas/Parser_Comparison/../benchmarks/part19/non-incremental/QF_BV/sage/app7/bench_1853.smt2,0,0,0,失败
/pub/data/jiafq/iscas/Parser_Comparison/../benchmarks/part19/non-incremental/QF_BV/sage/app7/bench_1854.smt2,0,0,0,失败
/pub/data/jiafq/iscas/Parser_Comparison/../benchmarks/part19/non-incremental/QF_BV/sage/app7/bench_1855.smt2,0,0,0,失败
/pub/data/jiafq/iscas/Parser_Comparison/../benchmarks/part19/non-incremental/QF_BV/sage/app7/bench_1856.smt2,0,0,0,失败
/pub/data/jiafq/iscas/Parser_Comparison/../benchmarks/part19/non-incremental/QF_BV/sage/app7/bench_1857.smt2,0,0,0,失败
/pub/data/jiafq/iscas/Parser_Comparison/../benchmarks/part19/non-incremental/QF_BV/sage/app7/bench_1858.smt2,0,0,0,失败
/pub/data/jiafq/iscas/Parser_Comparison/../benchmarks/part19/non-incremental/QF_BV/sage/app7/bench_1859.smt2,0,0,0,失败
/pub/data/jiafq/iscas/Parser_Comparison/../benchmarks/part19/non-incremental/QF_BV/sage/app7/bench_186.smt2,0,0,0,失败
/pub/data/jiafq/iscas/Parser_Comparison/../benchmarks/part19/non-incremental/QF_BV/sage/app7/bench_1860.smt2,0,0,0,失败
/pub/data/jiafq/iscas/Parser_Comparison/../benchmarks/part19/non-incremental/QF_BV/sage/app7/bench_1861.smt2,0,0,0,失败
/pub/data/jiafq/iscas/Parser_Comparison/../benchmarks/part19/non-incremental/QF_BV/sage/app7/bench_1862.smt2,0,0,0,失败
/pub/data/jiafq/iscas/Parser_Comparison/../benchmarks/part19/non-incremental/QF_BV/sage/app7/bench_1863.smt2,0,0,0,失败
/pub/data/jiafq/iscas/Parser_Comparison/../benchmarks/part19/non-incremental/QF_BV/sage/app7/bench_1864.smt2,0,0,0,失败
/pub/data/jiafq/iscas/Parser_Comparison/../benchmarks/part19/non-incremental/QF_BV/sage/app7/bench_1865.smt2,0,0,0,失败
/pub/data/jiafq/iscas/Parser_Comparison/../benchmarks/part19/non-incremental/QF_BV/sage/app7/bench_1866.smt2,0,0,0,失败
/pub/data/jiafq/iscas/Parser_Comparison/../benchmarks/part19/non-incremental/QF_BV/sage/app7/bench_1867.smt2,0,0,0,失败
/pub/data/jiafq/iscas/Parser_Comparison/../benchmarks/part19/non-incremental/QF_BV/sage/app7/bench_1868.smt2,0,0,0,失败
/pub/data/jiafq/iscas/Parser_Comparison/../benchmarks/part19/non-incremental/QF_BV/sage/app7/bench_1869.smt2,0,0,0,失败
/pub/data/jiafq/iscas/Parser_Comparison/../benchmarks/part19/non-incremental/QF_BV/sage/app7/bench_187.smt2,0,0,0,失败
/pub/data/jiafq/iscas/Parser_Comparison/../benchmarks/part19/non-incremental/QF_BV/sage/app7/bench_1870.smt2,0,0,0,失败
/pub/data/jiafq/iscas/Parser_Comparison/../benchmarks/part19/non-incremental/QF_BV/sage/app7/bench_1871.smt2,0,0,0,失败
/pub/data/jiafq/iscas/Parser_Comparison/../benchmarks/part19/non-incremental/QF_BV/sage/app7/bench_1872.smt2,0,0,0,失败
/pub/data/jiafq/iscas/Parser_Comparison/../benchmarks/part19/non-incremental/QF_BV/sage/app7/bench_1873.smt2,0,0,0,失败
/pub/data/jiafq/iscas/Parser_Comparison/../benchmarks/part19/non-incremental/QF_BV/sage/app7/bench_1874.smt2,0,0,0,失败
/pub/data/jiafq/iscas/Parser_Comparison/../benchmarks/part19/non-incremental/QF_BV/sage/app7/bench_1875.smt2,0,0,0,失败
/pub/data/jiafq/iscas/Parser_Comparison/../benchmarks/part19/non-incremental/QF_BV/sage/app7/bench_1876.smt2,0,0,0,失败
/pub/data/jiafq/iscas/Parser_Comparison/../benchmarks/part19/non-incremental/QF_BV/sage/app7/bench_1877.smt2,0,0,0,失败
/pub/data/jiafq/iscas/Parser_Comparison/../benchmarks/part19/non-incremental/QF_BV/sage/app7/bench_1878.smt2,0,0,0,失败
/pub/data/jiafq/iscas/Parser_Comparison/../benchmarks/part19/non-incremental/QF_BV/sage/app7/bench_1879.smt2,0,0,0,失败
/pub/data/jiafq/iscas/Parser_Comparison/../benchmarks/part19/non-incremental/QF_BV/sage/app7/bench_188.smt2,0,0,0,失败
/pub/data/jiafq/iscas/Parser_Comparison/../benchmarks/part19/non-incremental/QF_BV/sage/app7/bench_1880.smt2,0,0,0,失败
/pub/data/jiafq/iscas/Parser_Comparison/../benchmarks/part19/non-incremental/QF_BV/sage/app7/bench_1881.smt2,0,0,0,失败
/pub/data/jiafq/iscas/Parser_Comparison/../benchmarks/part19/non-incremental/QF_BV/sage/app7/bench_1882.smt2,0,0,0,失败
/pub/data/jiafq/iscas/Parser_Comparison/../benchmarks/part19/non-incremental/QF_BV/sage/app7/bench_1883.smt2,0,0,0,失败
/pub/data/jiafq/iscas/Parser_Comparison/../benchmarks/part19/non-incremental/QF_BV/sage/app7/bench_1884.smt2,0,0,0,失败
/pub/data/jiafq/iscas/Parser_Comparison/../benchmarks/part19/non-incremental/QF_BV/sage/app7/bench_1885.smt2,0,0,0,失败
/pub/data/jiafq/iscas/Parser_Comparison/../benchmarks/part19/non-incremental/QF_BV/sage/app7/bench_1886.smt2,0,0,0,失败
/pub/data/jiafq/iscas/Parser_Comparison/../benchmarks/part19/non-incremental/QF_BV/sage/app7/bench_1887.smt2,0,0,0,失败
/pub/data/jiafq/iscas/Parser_Comparison/../benchmarks/part19/non-incremental/QF_BV/sage/app7/bench_1888.smt2,0,0,0,失败
/pub/data/jiafq/iscas/Parser_Comparison/../benchmarks/part19/non-incremental/QF_BV/sage/app7/bench_1889.smt2,0,0,0,失败
/pub/data/jiafq/iscas/Parser_Comparison/../benchmarks/part19/non-incremental/QF_BV/sage/app7/bench_189.smt2,0,0,0,失败
/pub/data/jiafq/iscas/Parser_Comparison/../benchmarks/part19/non-incremental/QF_BV/sage/app7/bench_1890.smt2,0,0,0,失败
/pub/data/jiafq/iscas/Parser_Comparison/../benchmarks/part19/non-incremental/QF_BV/sage/app7/bench_1891.smt2,0,0,0,失败
/pub/data/jiafq/iscas/Parser_Comparison/../benchmarks/part19/non-incremental/QF_BV/sage/app7/bench_1892.smt2,0,0,0,失败
/pub/data/jiafq/iscas/Parser_Comparison/../benchmarks/part19/non-incremental/QF_BV/sage/app7/bench_1893.smt2,0,0,0,失败
/pub/data/jiafq/iscas/Parser_Comparison/../benchmarks/part19/non-incremental/QF_BV/sage/app7/bench_1894.smt2,0,0,0,失败
/pub/data/jiafq/iscas/Parser_Comparison/../benchmarks/part19/non-incremental/QF_BV/sage/app7/bench_1895.smt2,0,0,0,失败
/pub/data/jiafq/iscas/Parser_Comparison/../benchmarks/part19/non-incremental/QF_BV/sage/app7/bench_1896.smt2,0,0,0,失败
/pub/data/jiafq/iscas/Parser_Comparison/../benchmarks/part19/non-incremental/QF_BV/sage/app7/bench_1897.smt2,0,0,0,失败
/pub/data/jiafq/iscas/Parser_Comparison/../benchmarks/part19/non-incremental/QF_BV/sage/app7/bench_1898.smt2,0,0,0,失败
/pub/data/jiafq/iscas/Parser_Comparison/../benchmarks/part19/non-incremental/QF_BV/sage/app7/bench_1899.smt2,0,0,0,失败
/pub/data/jiafq/iscas/Parser_Comparison/../benchmarks/part19/non-incremental/QF_BV/sage/app7/bench_19.smt2,0,0,0,失败
/pub/data/jiafq/iscas/Parser_Comparison/../benchmarks/part19/non-incremental/QF_BV/sage/app7/bench_190.smt2,0,0,0,失败
/pub/data/jiafq/iscas/Parser_Comparison/../benchmarks/part19/non-incremental/QF_BV/sage/app7/bench_1900.smt2,0,0,0,失败
/pub/data/jiafq/iscas/Parser_Comparison/../benchmarks/part19/non-incremental/QF_BV/sage/app7/bench_1901.smt2,0,0,0,失败
/pub/data/jiafq/iscas/Parser_Comparison/../benchmarks/part19/non-incremental/QF_BV/sage/app7/bench_1902.smt2,0,0,0,失败
/pub/data/jiafq/iscas/Parser_Comparison/../benchmarks/part19/non-incremental/QF_BV/sage/app7/bench_1903.smt2,0,0,0,失败
/pub/data/jiafq/iscas/Parser_Comparison/../benchmarks/part19/non-incremental/QF_BV/sage/app7/bench_1904.smt2,7.50925,0,105,成功
/pub/data/jiafq/iscas/Parser_Comparison/../benchmarks/part19/non-incremental/QF_BV/sage/app7/bench_1905.smt2,0,0,0,失败
/pub/data/jiafq/iscas/Parser_Comparison/../benchmarks/part19/non-incremental/QF_BV/sage/app7/bench_1906.smt2,0,0,0,失败
/pub/data/jiafq/iscas/Parser_Comparison/../benchmarks/part19/non-incremental/QF_BV/sage/app7/bench_1907.smt2,0,0,0,失败
/pub/data/jiafq/iscas/Parser_Comparison/../benchmarks/part19/non-incremental/QF_BV/sage/app7/bench_1908.smt2,0,0,0,失败
/pub/data/jiafq/iscas/Parser_Comparison/../benchmarks/part19/non-incremental/QF_BV/sage/app7/bench_1909.smt2,0,0,0,失败
/pub/data/jiafq/iscas/Parser_Comparison/../benchmarks/part19/non-incremental/QF_BV/sage/app7/bench_191.smt2,0,0,0,失败
/pub/data/jiafq/iscas/Parser_Comparison/../benchmarks/part19/non-incremental/QF_BV/sage/app7/bench_1910.smt2,0,0,0,失败
/pub/data/jiafq/iscas/Parser_Comparison/../benchmarks/part19/non-incremental/QF_BV/sage/app7/bench_1911.smt2,0,0,0,失败
/pub/data/jiafq/iscas/Parser_Comparison/../benchmarks/part19/non-incremental/QF_BV/sage/app7/bench_1912.smt2,0,0,0,失败
/pub/data/jiafq/iscas/Parser_Comparison/../benchmarks/part19/non-incremental/QF_BV/sage/app7/bench_1913.smt2,0,0,0,失败
/pub/data/jiafq/iscas/Parser_Comparison/../benchmarks/part19/non-incremental/QF_BV/sage/app7/bench_1914.smt2,0,0,0,失败
/pub/data/jiafq/iscas/Parser_Comparison/../benchmarks/part19/non-incremental/QF_BV/sage/app7/bench_1915.smt2,0,0,0,失败
/pub/data/jiafq/iscas/Parser_Comparison/../benchmarks/part19/non-incremental/QF_BV/sage/app7/bench_1916.smt2,0,0,0,失败
/pub/data/jiafq/iscas/Parser_Comparison/../benchmarks/part19/non-incremental/QF_BV/sage/app7/bench_1917.smt2,0,0,0,失败
/pub/data/jiafq/iscas/Parser_Comparison/../benchmarks/part19/non-incremental/QF_BV/sage/app7/bench_1918.smt2,0,0,0,失败
/pub/data/jiafq/iscas/Parser_Comparison/../benchmarks/part19/non-incremental/QF_BV/sage/app7/bench_1919.smt2,0,0,0,失败
/pub/data/jiafq/iscas/Parser_Comparison/../benchmarks/part19/non-incremental/QF_BV/sage/app7/bench_192.smt2,0,0,0,失败
/pub/data/jiafq/iscas/Parser_Comparison/../benchmarks/part19/non-incremental/QF_BV/sage/app7/bench_1920.smt2,0,0,0,失败
/pub/data/jiafq/iscas/Parser_Comparison/../benchmarks/part19/non-incremental/QF_BV/sage/app7/bench_1921.smt2,0,0,0,失败
/pub/data/jiafq/iscas/Parser_Comparison/../benchmarks/part19/non-incremental/QF_BV/sage/app7/bench_1922.smt2,0,0,0,失败
/pub/data/jiafq/iscas/Parser_Comparison/../benchmarks/part19/non-incremental/QF_BV/sage/app7/bench_1923.smt2,0,0,0,失败
/pub/data/jiafq/iscas/Parser_Comparison/../benchmarks/part19/non-incremental/QF_BV/sage/app7/bench_1924.smt2,0,0,0,失败
/pub/data/jiafq/iscas/Parser_Comparison/../benchmarks/part19/non-incremental/QF_BV/sage/app7/bench_1925.smt2,0,0,0,失败
/pub/data/jiafq/iscas/Parser_Comparison/../benchmarks/part19/non-incremental/QF_BV/sage/app7/bench_1926.smt2,0,0,0,失败
/pub/data/jiafq/iscas/Parser_Comparison/../benchmarks/part19/non-incremental/QF_BV/sage/app7/bench_1927.smt2,0,0,0,失败
/pub/data/jiafq/iscas/Parser_Comparison/../benchmarks/part19/non-incremental/QF_BV/sage/app7/bench_1928.smt2,0,0,0,失败
/pub/data/jiafq/iscas/Parser_Comparison/../benchmarks/part19/non-incremental/QF_BV/sage/app7/bench_1929.smt2,0,0,0,失败
/pub/data/jiafq/iscas/Parser_Comparison/../benchmarks/part19/non-incremental/QF_BV/sage/app7/bench_193.smt2,0,0,0,失败
/pub/data/jiafq/iscas/Parser_Comparison/../benchmarks/part19/non-incremental/QF_BV/sage/app7/bench_1930.smt2,0,0,0,失败
/pub/data/jiafq/iscas/Parser_Comparison/../benchmarks/part19/non-incremental/QF_BV/sage/app7/bench_1931.smt2,0,0,0,失败
/pub/data/jiafq/iscas/Parser_Comparison/../benchmarks/part19/non-incremental/QF_BV/sage/app7/bench_1932.smt2,0,0,0,失败
/pub/data/jiafq/iscas/Parser_Comparison/../benchmarks/part19/non-incremental/QF_BV/sage/app7/bench_1933.smt2,2.50172,0,7,成功
/pub/data/jiafq/iscas/Parser_Comparison/../benchmarks/part19/non-incremental/QF_BV/sage/app7/bench_1934.smt2,2.77246,0,13,成功
/pub/data/jiafq/iscas/Parser_Comparison/../benchmarks/part19/non-incremental/QF_BV/sage/app7/bench_1935.smt2,2.95977,0,20,成功
/pub/data/jiafq/iscas/Parser_Comparison/../benchmarks/part19/non-incremental/QF_BV/sage/app7/bench_1936.smt2,0,0,0,失败
/pub/data/jiafq/iscas/Parser_Comparison/../benchmarks/part19/non-incremental/QF_BV/sage/app7/bench_1937.smt2,0,0,0,失败
/pub/data/jiafq/iscas/Parser_Comparison/../benchmarks/part19/non-incremental/QF_BV/sage/app7/bench_1938.smt2,0,0,0,失败
/pub/data/jiafq/iscas/Parser_Comparison/../benchmarks/part19/non-incremental/QF_BV/sage/app7/bench_1939.smt2,0,0,0,失败
/pub/data/jiafq/iscas/Parser_Comparison/../benchmarks/part19/non-incremental/QF_BV/sage/app7/bench_194.smt2,0,0,0,失败
/pub/data/jiafq/iscas/Parser_Comparison/../benchmarks/part19/non-incremental/QF_BV/sage/app7/bench_1940.smt2,0,0,0,失败
/pub/data/jiafq/iscas/Parser_Comparison/../benchmarks/part19/non-incremental/QF_BV/sage/app7/bench_1941.smt2,0,0,0,失败
/pub/data/jiafq/iscas/Parser_Comparison/../benchmarks/part19/non-incremental/QF_BV/sage/app7/bench_1942.smt2,0,0,0,失败
/pub/data/jiafq/iscas/Parser_Comparison/../benchmarks/part19/non-incremental/QF_BV/sage/app7/bench_1943.smt2,0,0,0,失败
/pub/data/jiafq/iscas/Parser_Comparison/../benchmarks/part19/non-incremental/QF_BV/sage/app7/bench_1944.smt2,0,0,0,失败
/pub/data/jiafq/iscas/Parser_Comparison/../benchmarks/part19/non-incremental/QF_BV/sage/app7/bench_1945.smt2,2.32114,0,7,成功
/pub/data/jiafq/iscas/Parser_Comparison/../benchmarks/part19/non-incremental/QF_BV/sage/app7/bench_1946.smt2,2.87046,0,16,成功
/pub/data/jiafq/iscas/Parser_Comparison/../benchmarks/part19/non-incremental/QF_BV/sage/app7/bench_1947.smt2,0,0,0,失败
/pub/data/jiafq/iscas/Parser_Comparison/../benchmarks/part19/non-incremental/QF_BV/sage/app7/bench_1948.smt2,0,0,0,失败
/pub/data/jiafq/iscas/Parser_Comparison/../benchmarks/part19/non-incremental/QF_BV/sage/app7/bench_1949.smt2,0,0,0,失败
/pub/data/jiafq/iscas/Parser_Comparison/../benchmarks/part19/non-incremental/QF_BV/sage/app7/bench_195.smt2,0,0,0,失败
/pub/data/jiafq/iscas/Parser_Comparison/../benchmarks/part19/non-incremental/QF_BV/sage/app7/bench_1950.smt2,0,0,0,失败
/pub/data/jiafq/iscas/Parser_Comparison/../benchmarks/part19/non-incremental/QF_BV/sage/app7/bench_1951.smt2,0,0,0,失败
/pub/data/jiafq/iscas/Parser_Comparison/../benchmarks/part19/non-incremental/QF_BV/sage/app7/bench_1952.smt2,7.81509,0,101,成功
/pub/data/jiafq/iscas/Parser_Comparison/../benchmarks/part19/non-incremental/QF_BV/sage/app7/bench_1953.smt2,0,0,0,失败
/pub/data/jiafq/iscas/Parser_Comparison/../benchmarks/part19/non-incremental/QF_BV/sage/app7/bench_1954.smt2,7.63634,0,99,成功
/pub/data/jiafq/iscas/Parser_Comparison/../benchmarks/part19/non-incremental/QF_BV/sage/app7/bench_1955.smt2,5.65657,0,97,成功
/pub/data/jiafq/iscas/Parser_Comparison/../benchmarks/part19/non-incremental/QF_BV/sage/app7/bench_1956.smt2,4.57003,0,95,成功
/pub/data/jiafq/iscas/Parser_Comparison/../benchmarks/part19/non-incremental/QF_BV/sage/app7/bench_1957.smt2,0,0,0,失败
/pub/data/jiafq/iscas/Parser_Comparison/../benchmarks/part19/non-incremental/QF_BV/sage/app7/bench_1958.smt2,0,0,0,失败
/pub/data/jiafq/iscas/Parser_Comparison/../benchmarks/part19/non-incremental/QF_BV/sage/app7/bench_1959.smt2,7.16675,0,94,成功
/pub/data/jiafq/iscas/Parser_Comparison/../benchmarks/part19/non-incremental/QF_BV/sage/app7/bench_196.smt2,0,0,0,失败
/pub/data/jiafq/iscas/Parser_Comparison/../benchmarks/part19/non-incremental/QF_BV/sage/app7/bench_1960.smt2,6.77636,0,90,成功
/pub/data/jiafq/iscas/Parser_Comparison/../benchmarks/part19/non-incremental/QF_BV/sage/app7/bench_1961.smt2,2.73137,0,21,成功
/pub/data/jiafq/iscas/Parser_Comparison/../benchmarks/part19/non-incremental/QF_BV/sage/app7/bench_1962.smt2,2.23882,0,14,成功
/pub/data/jiafq/iscas/Parser_Comparison/../benchmarks/part19/non-incremental/QF_BV/sage/app7/bench_1963.smt2,3.08176,0,19,成功
/pub/data/jiafq/iscas/Parser_Comparison/../benchmarks/part19/non-incremental/QF_BV/sage/app7/bench_1964.smt2,2.67146,0,12,成功
/pub/data/jiafq/iscas/Parser_Comparison/../benchmarks/part19/non-incremental/QF_BV/sage/app7/bench_1965.smt2,4.85236,0,53,成功
/pub/data/jiafq/iscas/Parser_Comparison/../benchmarks/part19/non-incremental/QF_BV/sage/app7/bench_1966.smt2,4.52305,0,51,成功
/pub/data/jiafq/iscas/Parser_Comparison/../benchmarks/part19/non-incremental/QF_BV/sage/app7/bench_1967.smt2,2.60052,0,12,成功
/pub/data/jiafq/iscas/Parser_Comparison/../benchmarks/part19/non-incremental/QF_BV/sage/app7/bench_1968.smt2,3.09004,0,21,成功
/pub/data/jiafq/iscas/Parser_Comparison/../benchmarks/part19/non-incremental/QF_BV/sage/app7/bench_1969.smt2,0,0,0,失败
/pub/data/jiafq/iscas/Parser_Comparison/../benchmarks/part19/non-incremental/QF_BV/sage/app7/bench_197.smt2,0,0,0,失败
/pub/data/jiafq/iscas/Parser_Comparison/../benchmarks/part19/non-incremental/QF_BV/sage/app7/bench_1970.smt2,2.81115,0,14,成功
/pub/data/jiafq/iscas/Parser_Comparison/../benchmarks/part19/non-incremental/QF_BV/sage/app7/bench_1971.smt2,3.07087,0,22,成功
/pub/data/jiafq/iscas/Parser_Comparison/../benchmarks/part19/non-incremental/QF_BV/sage/app7/bench_1972.smt2,2.88025,0,13,成功
/pub/data/jiafq/iscas/Parser_Comparison/../benchmarks/part19/non-incremental/QF_BV/sage/app7/bench_1973.smt2,2.5947,0,9,成功
/pub/data/jiafq/iscas/Parser_Comparison/../benchmarks/part19/non-incremental/QF_BV/sage/app7/bench_1974.smt2,3.2326,0,28,成功
/pub/data/jiafq/iscas/Parser_Comparison/../benchmarks/part19/non-incremental/QF_BV/sage/app7/bench_1975.smt2,3.27838,0,26,成功
/pub/data/jiafq/iscas/Parser_Comparison/../benchmarks/part19/non-incremental/QF_BV/sage/app7/bench_1976.smt2,3.08969,0,24,成功
/pub/data/jiafq/iscas/Parser_Comparison/../benchmarks/part19/non-incremental/QF_BV/sage/app7/bench_1977.smt2,2.99813,0,21,成功
/pub/data/jiafq/iscas/Parser_Comparison/../benchmarks/part19/non-incremental/QF_BV/sage/app7/bench_1978.smt2,2.84426,0,17,成功
/pub/data/jiafq/iscas/Parser_Comparison/../benchmarks/part19/non-incremental/QF_BV/sage/app7/bench_1979.smt2,2.64743,0,14,成功
/pub/data/jiafq/iscas/Parser_Comparison/../benchmarks/part19/non-incremental/QF_BV/sage/app7/bench_198.smt2,0,0,0,失败
/pub/data/jiafq/iscas/Parser_Comparison/../benchmarks/part19/non-incremental/QF_BV/sage/app7/bench_1980.smt2,0,0,0,失败
/pub/data/jiafq/iscas/Parser_Comparison/../benchmarks/part19/non-incremental/QF_BV/sage/app7/bench_1981.smt2,2.32244,0,9,成功
/pub/data/jiafq/iscas/Parser_Comparison/../benchmarks/part19/non-incremental/QF_BV/sage/app7/bench_1982.smt2,2.88282,0,16,成功
/pub/data/jiafq/iscas/Parser_Comparison/../benchmarks/part19/non-incremental/QF_BV/sage/app7/bench_1983.smt2,2.99715,0,15,成功
/pub/data/jiafq/iscas/Parser_Comparison/../benchmarks/part19/non-incremental/QF_BV/sage/app7/bench_1984.smt2,1.882,0,12,成功
/pub/data/jiafq/iscas/Parser_Comparison/../benchmarks/part19/non-incremental/QF_BV/sage/app7/bench_1985.smt2,2.10356,0,12,成功
/pub/data/jiafq/iscas/Parser_Comparison/../benchmarks/part19/non-incremental/QF_BV/sage/app7/bench_1986.smt2,2.24901,0,5,成功
/pub/data/jiafq/iscas/Parser_Comparison/../benchmarks/part19/non-incremental/QF_BV/sage/app7/bench_1987.smt2,1.72727,0,5,成功
/pub/data/jiafq/iscas/Parser_Comparison/../benchmarks/part19/non-incremental/QF_BV/sage/app7/bench_1988.smt2,0,0,0,失败
/pub/data/jiafq/iscas/Parser_Comparison/../benchmarks/part19/non-incremental/QF_BV/sage/app7/bench_1989.smt2,0,0,0,失败
/pub/data/jiafq/iscas/Parser_Comparison/../benchmarks/part19/non-incremental/QF_BV/sage/app7/bench_199.smt2,0,0,0,失败
/pub/data/jiafq/iscas/Parser_Comparison/../benchmarks/part19/non-incremental/QF_BV/sage/app7/bench_1990.smt2,9.49818,0,149,成功
/pub/data/jiafq/iscas/Parser_Comparison/../benchmarks/part19/non-incremental/QF_BV/sage/app7/bench_1991.smt2,0,0,0,失败
/pub/data/jiafq/iscas/Parser_Comparison/../benchmarks/part19/non-incremental/QF_BV/sage/app7/bench_1992.smt2,5.7307,0,147,成功
/pub/data/jiafq/iscas/Parser_Comparison/../benchmarks/part19/non-incremental/QF_BV/sage/app7/bench_1993.smt2,4.29227,0,145,成功
/pub/data/jiafq/iscas/Parser_Comparison/../benchmarks/part19/non-incremental/QF_BV/sage/app7/bench_1994.smt2,0,0,0,失败
/pub/data/jiafq/iscas/Parser_Comparison/../benchmarks/part19/non-incremental/QF_BV/sage/app7/bench_1995.smt2,0,0,0,失败
/pub/data/jiafq/iscas/Parser_Comparison/../benchmarks/part19/non-incremental/QF_BV/sage/app7/bench_1996.smt2,0,0,0,失败
/pub/data/jiafq/iscas/Parser_Comparison/../benchmarks/part19/non-incremental/QF_BV/sage/app7/bench_1997.smt2,0,0,0,失败
/pub/data/jiafq/iscas/Parser_Comparison/../benchmarks/part19/non-incremental/QF_BV/sage/app7/bench_1998.smt2,0,0,0,失败
/pub/data/jiafq/iscas/Parser_Comparison/../benchmarks/part19/non-incremental/QF_BV/sage/app7/bench_1999.smt2,9.10682,0,141,成功
/pub/data/jiafq/iscas/Parser_Comparison/../benchmarks/part19/non-incremental/QF_BV/sage/app7/bench_2.smt2,0,0,0,失败
/pub/data/jiafq/iscas/Parser_Comparison/../benchmarks/part19/non-incremental/QF_BV/sage/app7/bench_20.smt2,0,0,0,失败
/pub/data/jiafq/iscas/Parser_Comparison/../benchmarks/part19/non-incremental/QF_BV/sage/app7/bench_200.smt2,0,0,0,失败
/pub/data/jiafq/iscas/Parser_Comparison/../benchmarks/part19/non-incremental/QF_BV/sage/app7/bench_2000.smt2,2.85462,0,19,成功
/pub/data/jiafq/iscas/Parser_Comparison/../benchmarks/part19/non-incremental/QF_BV/sage/app7/bench_2001.smt2,0,0,0,失败
/pub/data/jiafq/iscas/Parser_Comparison/../benchmarks/part19/non-incremental/QF_BV/sage/app7/bench_2002.smt2,0,0,0,失败
/pub/data/jiafq/iscas/Parser_Comparison/../benchmarks/part19/non-incremental/QF_BV/sage/app7/bench_2003.smt2,0,0,0,失败
/pub/data/jiafq/iscas/Parser_Comparison/../benchmarks/part19/non-incremental/QF_BV/sage/app7/bench_2004.smt2,0,0,0,失败
/pub/data/jiafq/iscas/Parser_Comparison/../benchmarks/part19/non-incremental/QF_BV/sage/app7/bench_2005.smt2,0,0,0,失败
/pub/data/jiafq/iscas/Parser_Comparison/../benchmarks/part19/non-incremental/QF_BV/sage/app7/bench_2006.smt2,0,0,0,失败
/pub/data/jiafq/iscas/Parser_Comparison/../benchmarks/part19/non-incremental/QF_BV/sage/app7/bench_2007.smt2,0,0,0,失败
/pub/data/jiafq/iscas/Parser_Comparison/../benchmarks/part19/non-incremental/QF_BV/sage/app7/bench_2008.smt2,0,0,0,失败
/pub/data/jiafq/iscas/Parser_Comparison/../benchmarks/part19/non-incremental/QF_BV/sage/app7/bench_2009.smt2,0,0,0,失败
/pub/data/jiafq/iscas/Parser_Comparison/../benchmarks/part19/non-incremental/QF_BV/sage/app7/bench_201.smt2,0,0,0,失败
/pub/data/jiafq/iscas/Parser_Comparison/../benchmarks/part19/non-incremental/QF_BV/sage/app7/bench_2010.smt2,0,0,0,失败
/pub/data/jiafq/iscas/Parser_Comparison/../benchmarks/part19/non-incremental/QF_BV/sage/app7/bench_2011.smt2,0,0,0,失败
/pub/data/jiafq/iscas/Parser_Comparison/../benchmarks/part19/non-incremental/QF_BV/sage/app7/bench_2012.smt2,0,0,0,失败
/pub/data/jiafq/iscas/Parser_Comparison/../benchmarks/part19/non-incremental/QF_BV/sage/app7/bench_2013.smt2,0,0,0,失败
/pub/data/jiafq/iscas/Parser_Comparison/../benchmarks/part19/non-incremental/QF_BV/sage/app7/bench_2014.smt2,0,0,0,失败
/pub/data/jiafq/iscas/Parser_Comparison/../benchmarks/part19/non-incremental/QF_BV/sage/app7/bench_2015.smt2,0,0,0,失败
/pub/data/jiafq/iscas/Parser_Comparison/../benchmarks/part19/non-incremental/QF_BV/sage/app7/bench_2016.smt2,0,0,0,失败
/pub/data/jiafq/iscas/Parser_Comparison/../benchmarks/part19/non-incremental/QF_BV/sage/app7/bench_2017.smt2,0,0,0,失败
/pub/data/jiafq/iscas/Parser_Comparison/../benchmarks/part19/non-incremental/QF_BV/sage/app7/bench_2018.smt2,0,0,0,失败
/pub/data/jiafq/iscas/Parser_Comparison/../benchmarks/part19/non-incremental/QF_BV/sage/app7/bench_2019.smt2,0,0,0,失败
/pub/data/jiafq/iscas/Parser_Comparison/../benchmarks/part19/non-incremental/QF_BV/sage/app7/bench_202.smt2,0,0,0,失败
/pub/data/jiafq/iscas/Parser_Comparison/../benchmarks/part19/non-incremental/QF_BV/sage/app7/bench_2020.smt2,0,0,0,失败
/pub/data/jiafq/iscas/Parser_Comparison/../benchmarks/part19/non-incremental/QF_BV/sage/app7/bench_2021.smt2,0,0,0,失败
/pub/data/jiafq/iscas/Parser_Comparison/../benchmarks/part19/non-incremental/QF_BV/sage/app7/bench_2022.smt2,0,0,0,失败
/pub/data/jiafq/iscas/Parser_Comparison/../benchmarks/part19/non-incremental/QF_BV/sage/app7/bench_2023.smt2,0,0,0,失败
/pub/data/jiafq/iscas/Parser_Comparison/../benchmarks/part19/non-incremental/QF_BV/sage/app7/bench_2024.smt2,0,0,0,失败
/pub/data/jiafq/iscas/Parser_Comparison/../benchmarks/part19/non-incremental/QF_BV/sage/app7/bench_2025.smt2,0,0,0,失败
/pub/data/jiafq/iscas/Parser_Comparison/../benchmarks/part19/non-incremental/QF_BV/sage/app7/bench_2026.smt2,0,0,0,失败
/pub/data/jiafq/iscas/Parser_Comparison/../benchmarks/part19/non-incremental/QF_BV/sage/app7/bench_2027.smt2,0,0,0,失败
/pub/data/jiafq/iscas/Parser_Comparison/../benchmarks/part19/non-incremental/QF_BV/sage/app7/bench_2028.smt2,0,0,0,失败
/pub/data/jiafq/iscas/Parser_Comparison/../benchmarks/part19/non-incremental/QF_BV/sage/app7/bench_2029.smt2,0,0,0,失败
/pub/data/jiafq/iscas/Parser_Comparison/../benchmarks/part19/non-incremental/QF_BV/sage/app7/bench_203.smt2,0,0,0,失败
/pub/data/jiafq/iscas/Parser_Comparison/../benchmarks/part19/non-incremental/QF_BV/sage/app7/bench_2030.smt2,0,0,0,失败
/pub/data/jiafq/iscas/Parser_Comparison/../benchmarks/part19/non-incremental/QF_BV/sage/app7/bench_2031.smt2,0,0,0,失败
/pub/data/jiafq/iscas/Parser_Comparison/../benchmarks/part19/non-incremental/QF_BV/sage/app7/bench_2032.smt2,0,0,0,失败
/pub/data/jiafq/iscas/Parser_Comparison/../benchmarks/part19/non-incremental/QF_BV/sage/app7/bench_2033.smt2,0,0,0,失败
/pub/data/jiafq/iscas/Parser_Comparison/../benchmarks/part19/non-incremental/QF_BV/sage/app7/bench_2034.smt2,0,0,0,失败
/pub/data/jiafq/iscas/Parser_Comparison/../benchmarks/part19/non-incremental/QF_BV/sage/app7/bench_2035.smt2,0,0,0,失败
/pub/data/jiafq/iscas/Parser_Comparison/../benchmarks/part19/non-incremental/QF_BV/sage/app7/bench_2036.smt2,0,0,0,失败
/pub/data/jiafq/iscas/Parser_Comparison/../benchmarks/part19/non-incremental/QF_BV/sage/app7/bench_2037.smt2,0,0,0,失败
/pub/data/jiafq/iscas/Parser_Comparison/../benchmarks/part19/non-incremental/QF_BV/sage/app7/bench_2038.smt2,0,0,0,失败
/pub/data/jiafq/iscas/Parser_Comparison/../benchmarks/part19/non-incremental/QF_BV/sage/app7/bench_2039.smt2,0,0,0,失败
/pub/data/jiafq/iscas/Parser_Comparison/../benchmarks/part19/non-incremental/QF_BV/sage/app7/bench_204.smt2,0,0,0,失败
/pub/data/jiafq/iscas/Parser_Comparison/../benchmarks/part19/non-incremental/QF_BV/sage/app7/bench_2040.smt2,0,0,0,失败
/pub/data/jiafq/iscas/Parser_Comparison/../benchmarks/part19/non-incremental/QF_BV/sage/app7/bench_2041.smt2,0,0,0,失败
/pub/data/jiafq/iscas/Parser_Comparison/../benchmarks/part19/non-incremental/QF_BV/sage/app7/bench_2042.smt2,0,0,0,失败
/pub/data/jiafq/iscas/Parser_Comparison/../benchmarks/part19/non-incremental/QF_BV/sage/app7/bench_2043.smt2,0,0,0,失败
/pub/data/jiafq/iscas/Parser_Comparison/../benchmarks/part19/non-incremental/QF_BV/sage/app7/bench_2044.smt2,0,0,0,失败
/pub/data/jiafq/iscas/Parser_Comparison/../benchmarks/part19/non-incremental/QF_BV/sage/app7/bench_2045.smt2,0,0,0,失败
/pub/data/jiafq/iscas/Parser_Comparison/../benchmarks/part19/non-incremental/QF_BV/sage/app7/bench_2046.smt2,0,0,0,失败
/pub/data/jiafq/iscas/Parser_Comparison/../benchmarks/part19/non-incremental/QF_BV/sage/app7/bench_2047.smt2,0,0,0,失败
/pub/data/jiafq/iscas/Parser_Comparison/../benchmarks/part19/non-incremental/QF_BV/sage/app7/bench_2048.smt2,0,0,0,失败
/pub/data/jiafq/iscas/Parser_Comparison/../benchmarks/part19/non-incremental/QF_BV/sage/app7/bench_2049.smt2,0,0,0,失败
/pub/data/jiafq/iscas/Parser_Comparison/../benchmarks/part19/non-incremental/QF_BV/sage/app7/bench_205.smt2,0,0,0,失败
/pub/data/jiafq/iscas/Parser_Comparison/../benchmarks/part19/non-incremental/QF_BV/sage/app7/bench_2050.smt2,0,0,0,失败
/pub/data/jiafq/iscas/Parser_Comparison/../benchmarks/part19/non-incremental/QF_BV/sage/app7/bench_2051.smt2,0,0,0,失败
/pub/data/jiafq/iscas/Parser_Comparison/../benchmarks/part19/non-incremental/QF_BV/sage/app7/bench_2052.smt2,0,0,0,失败
/pub/data/jiafq/iscas/Parser_Comparison/../benchmarks/part19/non-incremental/QF_BV/sage/app7/bench_2053.smt2,0,0,0,失败
/pub/data/jiafq/iscas/Parser_Comparison/../benchmarks/part19/non-incremental/QF_BV/sage/app7/bench_2054.smt2,0,0,0,失败
/pub/data/jiafq/iscas/Parser_Comparison/../benchmarks/part19/non-incremental/QF_BV/sage/app7/bench_2055.smt2,0,0,0,失败
/pub/data/jiafq/iscas/Parser_Comparison/../benchmarks/part19/non-incremental/QF_BV/sage/app7/bench_2056.smt2,0,0,0,失败
/pub/data/jiafq/iscas/Parser_Comparison/../benchmarks/part19/non-incremental/QF_BV/sage/app7/bench_2057.smt2,0,0,0,失败
/pub/data/jiafq/iscas/Parser_Comparison/../benchmarks/part19/non-incremental/QF_BV/sage/app7/bench_2058.smt2,0,0,0,失败
/pub/data/jiafq/iscas/Parser_Comparison/../benchmarks/part19/non-incremental/QF_BV/sage/app7/bench_2059.smt2,5.1817,0,138,成功
/pub/data/jiafq/iscas/Parser_Comparison/../benchmarks/part19/non-incremental/QF_BV/sage/app7/bench_206.smt2,0,0,0,失败
/pub/data/jiafq/iscas/Parser_Comparison/../benchmarks/part19/non-incremental/QF_BV/sage/app7/bench_2060.smt2,4.81275,0,128,成功
/pub/data/jiafq/iscas/Parser_Comparison/../benchmarks/part19/non-incremental/QF_BV/sage/app7/bench_2061.smt2,6.84732,0,125,成功
/pub/data/jiafq/iscas/Parser_Comparison/../benchmarks/part19/non-incremental/QF_BV/sage/app7/bench_2062.smt2,6.80004,0,124,成功
/pub/data/jiafq/iscas/Parser_Comparison/../benchmarks/part19/non-incremental/QF_BV/sage/app7/bench_2063.smt2,7.94467,0,122,成功
/pub/data/jiafq/iscas/Parser_Comparison/../benchmarks/part19/non-incremental/QF_BV/sage/app7/bench_2064.smt2,7.67,0,118,成功
/pub/data/jiafq/iscas/Parser_Comparison/../benchmarks/part19/non-incremental/QF_BV/sage/app7/bench_2065.smt2,6.33012,0,114,成功
/pub/data/jiafq/iscas/Parser_Comparison/../benchmarks/part19/non-incremental/QF_BV/sage/app7/bench_2066.smt2,7.26384,0,110,成功
/pub/data/jiafq/iscas/Parser_Comparison/../benchmarks/part19/non-incremental/QF_BV/sage/app7/bench_2067.smt2,0,0,0,失败
/pub/data/jiafq/iscas/Parser_Comparison/../benchmarks/part19/non-incremental/QF_BV/sage/app7/bench_2068.smt2,0,0,0,失败
/pub/data/jiafq/iscas/Parser_Comparison/../benchmarks/part19/non-incremental/QF_BV/sage/app7/bench_2069.smt2,0,0,0,失败
/pub/data/jiafq/iscas/Parser_Comparison/../benchmarks/part19/non-incremental/QF_BV/sage/app7/bench_207.smt2,0,0,0,失败
/pub/data/jiafq/iscas/Parser_Comparison/../benchmarks/part19/non-incremental/QF_BV/sage/app7/bench_2070.smt2,0,0,0,失败
/pub/data/jiafq/iscas/Parser_Comparison/../benchmarks/part19/non-incremental/QF_BV/sage/app7/bench_2071.smt2,0,0,0,失败
/pub/data/jiafq/iscas/Parser_Comparison/../benchmarks/part19/non-incremental/QF_BV/sage/app7/bench_2072.smt2,0,0,0,失败
/pub/data/jiafq/iscas/Parser_Comparison/../benchmarks/part19/non-incremental/QF_BV/sage/app7/bench_2073.smt2,0,0,0,失败
/pub/data/jiafq/iscas/Parser_Comparison/../benchmarks/part19/non-incremental/QF_BV/sage/app7/bench_2074.smt2,0,0,0,失败
/pub/data/jiafq/iscas/Parser_Comparison/../benchmarks/part19/non-incremental/QF_BV/sage/app7/bench_2075.smt2,0,0,0,失败
/pub/data/jiafq/iscas/Parser_Comparison/../benchmarks/part19/non-incremental/QF_BV/sage/app7/bench_2076.smt2,0,0,0,失败
/pub/data/jiafq/iscas/Parser_Comparison/../benchmarks/part19/non-incremental/QF_BV/sage/app7/bench_2077.smt2,0,0,0,失败
/pub/data/jiafq/iscas/Parser_Comparison/../benchmarks/part19/non-incremental/QF_BV/sage/app7/bench_2078.smt2,0,0,0,失败
/pub/data/jiafq/iscas/Parser_Comparison/../benchmarks/part19/non-incremental/QF_BV/sage/app7/bench_2079.smt2,0,0,0,失败
/pub/data/jiafq/iscas/Parser_Comparison/../benchmarks/part19/non-incremental/QF_BV/sage/app7/bench_208.smt2,0,0,0,失败
/pub/data/jiafq/iscas/Parser_Comparison/../benchmarks/part19/non-incremental/QF_BV/sage/app7/bench_2080.smt2,0,0,0,失败
/pub/data/jiafq/iscas/Parser_Comparison/../benchmarks/part19/non-incremental/QF_BV/sage/app7/bench_2081.smt2,0,0,0,失败
/pub/data/jiafq/iscas/Parser_Comparison/../benchmarks/part19/non-incremental/QF_BV/sage/app7/bench_2082.smt2,0,0,0,失败
/pub/data/jiafq/iscas/Parser_Comparison/../benchmarks/part19/non-incremental/QF_BV/sage/app7/bench_2083.smt2,0,0,0,失败
/pub/data/jiafq/iscas/Parser_Comparison/../benchmarks/part19/non-incremental/QF_BV/sage/app7/bench_2084.smt2,0,0,0,失败
/pub/data/jiafq/iscas/Parser_Comparison/../benchmarks/part19/non-incremental/QF_BV/sage/app7/bench_2085.smt2,0,0,0,失败
/pub/data/jiafq/iscas/Parser_Comparison/../benchmarks/part19/non-incremental/QF_BV/sage/app7/bench_2086.smt2,0,0,0,失败
/pub/data/jiafq/iscas/Parser_Comparison/../benchmarks/part19/non-incremental/QF_BV/sage/app7/bench_2087.smt2,0,0,0,失败
/pub/data/jiafq/iscas/Parser_Comparison/../benchmarks/part19/non-incremental/QF_BV/sage/app7/bench_2088.smt2,0,0,0,失败
/pub/data/jiafq/iscas/Parser_Comparison/../benchmarks/part19/non-incremental/QF_BV/sage/app7/bench_2089.smt2,0,0,0,失败
/pub/data/jiafq/iscas/Parser_Comparison/../benchmarks/part19/non-incremental/QF_BV/sage/app7/bench_209.smt2,0,0,0,失败
/pub/data/jiafq/iscas/Parser_Comparison/../benchmarks/part19/non-incremental/QF_BV/sage/app7/bench_2090.smt2,0,0,0,失败
/pub/data/jiafq/iscas/Parser_Comparison/../benchmarks/part19/non-incremental/QF_BV/sage/app7/bench_2091.smt2,0,0,0,失败
/pub/data/jiafq/iscas/Parser_Comparison/../benchmarks/part19/non-incremental/QF_BV/sage/app7/bench_2092.smt2,0,0,0,失败
/pub/data/jiafq/iscas/Parser_Comparison/../benchmarks/part19/non-incremental/QF_BV/sage/app7/bench_2093.smt2,0,0,0,失败
/pub/data/jiafq/iscas/Parser_Comparison/../benchmarks/part19/non-incremental/QF_BV/sage/app7/bench_2094.smt2,0,0,0,失败
/pub/data/jiafq/iscas/Parser_Comparison/../benchmarks/part19/non-incremental/QF_BV/sage/app7/bench_2095.smt2,0,0,0,失败
/pub/data/jiafq/iscas/Parser_Comparison/../benchmarks/part19/non-incremental/QF_BV/sage/app7/bench_2096.smt2,0,0,0,失败
/pub/data/jiafq/iscas/Parser_Comparison/../benchmarks/part19/non-incremental/QF_BV/sage/app7/bench_2097.smt2,0,0,0,失败
/pub/data/jiafq/iscas/Parser_Comparison/../benchmarks/part19/non-incremental/QF_BV/sage/app7/bench_2098.smt2,0,0,0,失败
/pub/data/jiafq/iscas/Parser_Comparison/../benchmarks/part19/non-incremental/QF_BV/sage/app7/bench_2099.smt2,0,0,0,失败
/pub/data/jiafq/iscas/Parser_Comparison/../benchmarks/part19/non-incremental/QF_BV/sage/app7/bench_21.smt2,0,0,0,失败
/pub/data/jiafq/iscas/Parser_Comparison/../benchmarks/part19/non-incremental/QF_BV/sage/app7/bench_210.smt2,0,0,0,失败
/pub/data/jiafq/iscas/Parser_Comparison/../benchmarks/part19/non-incremental/QF_BV/sage/app7/bench_2100.smt2,0,0,0,失败
/pub/data/jiafq/iscas/Parser_Comparison/../benchmarks/part19/non-incremental/QF_BV/sage/app7/bench_2101.smt2,0,0,0,失败
/pub/data/jiafq/iscas/Parser_Comparison/../benchmarks/part19/non-incremental/QF_BV/sage/app7/bench_2102.smt2,0,0,0,失败
/pub/data/jiafq/iscas/Parser_Comparison/../benchmarks/part19/non-incremental/QF_BV/sage/app7/bench_2103.smt2,0,0,0,失败
/pub/data/jiafq/iscas/Parser_Comparison/../benchmarks/part19/non-incremental/QF_BV/sage/app7/bench_2104.smt2,0,0,0,失败
/pub/data/jiafq/iscas/Parser_Comparison/../benchmarks/part19/non-incremental/QF_BV/sage/app7/bench_2105.smt2,0,0,0,失败
/pub/data/jiafq/iscas/Parser_Comparison/../benchmarks/part19/non-incremental/QF_BV/sage/app7/bench_2106.smt2,0,0,0,失败
/pub/data/jiafq/iscas/Parser_Comparison/../benchmarks/part19/non-incremental/QF_BV/sage/app7/bench_2107.smt2,0,0,0,失败
/pub/data/jiafq/iscas/Parser_Comparison/../benchmarks/part19/non-incremental/QF_BV/sage/app7/bench_2108.smt2,0,0,0,失败
/pub/data/jiafq/iscas/Parser_Comparison/../benchmarks/part19/non-incremental/QF_BV/sage/app7/bench_2109.smt2,0,0,0,失败
/pub/data/jiafq/iscas/Parser_Comparison/../benchmarks/part19/non-incremental/QF_BV/sage/app7/bench_211.smt2,0,0,0,失败
/pub/data/jiafq/iscas/Parser_Comparison/../benchmarks/part19/non-incremental/QF_BV/sage/app7/bench_2110.smt2,0,0,0,失败
/pub/data/jiafq/iscas/Parser_Comparison/../benchmarks/part19/non-incremental/QF_BV/sage/app7/bench_2111.smt2,0,0,0,失败
/pub/data/jiafq/iscas/Parser_Comparison/../benchmarks/part19/non-incremental/QF_BV/sage/app7/bench_2112.smt2,0,0,0,失败
/pub/data/jiafq/iscas/Parser_Comparison/../benchmarks/part19/non-incremental/QF_BV/sage/app7/bench_2113.smt2,0,0,0,失败
/pub/data/jiafq/iscas/Parser_Comparison/../benchmarks/part19/non-incremental/QF_BV/sage/app7/bench_2114.smt2,0,0,0,失败
/pub/data/jiafq/iscas/Parser_Comparison/../benchmarks/part19/non-incremental/QF_BV/sage/app7/bench_2115.smt2,0,0,0,失败
/pub/data/jiafq/iscas/Parser_Comparison/../benchmarks/part19/non-incremental/QF_BV/sage/app7/bench_2116.smt2,7.18986,0,105,成功
/pub/data/jiafq/iscas/Parser_Comparison/../benchmarks/part19/non-incremental/QF_BV/sage/app7/bench_2117.smt2,0,0,0,失败
/pub/data/jiafq/iscas/Parser_Comparison/../benchmarks/part19/non-incremental/QF_BV/sage/app7/bench_2118.smt2,0,0,0,失败
/pub/data/jiafq/iscas/Parser_Comparison/../benchmarks/part19/non-incremental/QF_BV/sage/app7/bench_2119.smt2,0,0,0,失败
/pub/data/jiafq/iscas/Parser_Comparison/../benchmarks/part19/non-incremental/QF_BV/sage/app7/bench_212.smt2,0,0,0,失败
/pub/data/jiafq/iscas/Parser_Comparison/../benchmarks/part19/non-incremental/QF_BV/sage/app7/bench_2120.smt2,0,0,0,失败
/pub/data/jiafq/iscas/Parser_Comparison/../benchmarks/part19/non-incremental/QF_BV/sage/app7/bench_2121.smt2,0,0,0,失败
/pub/data/jiafq/iscas/Parser_Comparison/../benchmarks/part19/non-incremental/QF_BV/sage/app7/bench_2122.smt2,0,0,0,失败
/pub/data/jiafq/iscas/Parser_Comparison/../benchmarks/part19/non-incremental/QF_BV/sage/app7/bench_2123.smt2,0,0,0,失败
/pub/data/jiafq/iscas/Parser_Comparison/../benchmarks/part19/non-incremental/QF_BV/sage/app7/bench_2124.smt2,0,0,0,失败
/pub/data/jiafq/iscas/Parser_Comparison/../benchmarks/part19/non-incremental/QF_BV/sage/app7/bench_2125.smt2,0,0,0,失败
/pub/data/jiafq/iscas/Parser_Comparison/../benchmarks/part19/non-incremental/QF_BV/sage/app7/bench_2126.smt2,0,0,0,失败
/pub/data/jiafq/iscas/Parser_Comparison/../benchmarks/part19/non-incremental/QF_BV/sage/app7/bench_2127.smt2,0,0,0,失败
/pub/data/jiafq/iscas/Parser_Comparison/../benchmarks/part19/non-incremental/QF_BV/sage/app7/bench_2128.smt2,0,0,0,失败
/pub/data/jiafq/iscas/Parser_Comparison/../benchmarks/part19/non-incremental/QF_BV/sage/app7/bench_2129.smt2,0,0,0,失败
/pub/data/jiafq/iscas/Parser_Comparison/../benchmarks/part19/non-incremental/QF_BV/sage/app7/bench_213.smt2,0,0,0,失败
/pub/data/jiafq/iscas/Parser_Comparison/../benchmarks/part19/non-incremental/QF_BV/sage/app7/bench_2130.smt2,0,0,0,失败
/pub/data/jiafq/iscas/Parser_Comparison/../benchmarks/part19/non-incremental/QF_BV/sage/app7/bench_2131.smt2,0,0,0,失败
/pub/data/jiafq/iscas/Parser_Comparison/../benchmarks/part19/non-incremental/QF_BV/sage/app7/bench_2132.smt2,0,0,0,失败
/pub/data/jiafq/iscas/Parser_Comparison/../benchmarks/part19/non-incremental/QF_BV/sage/app7/bench_2133.smt2,0,0,0,失败
/pub/data/jiafq/iscas/Parser_Comparison/../benchmarks/part19/non-incremental/QF_BV/sage/app7/bench_2134.smt2,0,0,0,失败
/pub/data/jiafq/iscas/Parser_Comparison/../benchmarks/part19/non-incremental/QF_BV/sage/app7/bench_2135.smt2,0,0,0,失败
/pub/data/jiafq/iscas/Parser_Comparison/../benchmarks/part19/non-incremental/QF_BV/sage/app7/bench_2136.smt2,0,0,0,失败
/pub/data/jiafq/iscas/Parser_Comparison/../benchmarks/part19/non-incremental/QF_BV/sage/app7/bench_2137.smt2,0,0,0,失败
/pub/data/jiafq/iscas/Parser_Comparison/../benchmarks/part19/non-incremental/QF_BV/sage/app7/bench_2138.smt2,0,0,0,失败
/pub/data/jiafq/iscas/Parser_Comparison/../benchmarks/part19/non-incremental/QF_BV/sage/app7/bench_2139.smt2,0,0,0,失败
/pub/data/jiafq/iscas/Parser_Comparison/../benchmarks/part19/non-incremental/QF_BV/sage/app7/bench_214.smt2,0,0,0,失败
/pub/data/jiafq/iscas/Parser_Comparison/../benchmarks/part19/non-incremental/QF_BV/sage/app7/bench_2140.smt2,0,0,0,失败
/pub/data/jiafq/iscas/Parser_Comparison/../benchmarks/part19/non-incremental/QF_BV/sage/app7/bench_2141.smt2,0,0,0,失败
/pub/data/jiafq/iscas/Parser_Comparison/../benchmarks/part19/non-incremental/QF_BV/sage/app7/bench_2142.smt2,0,0,0,失败
/pub/data/jiafq/iscas/Parser_Comparison/../benchmarks/part19/non-incremental/QF_BV/sage/app7/bench_2143.smt2,0,0,0,失败
/pub/data/jiafq/iscas/Parser_Comparison/../benchmarks/part19/non-incremental/QF_BV/sage/app7/bench_2144.smt2,0,0,0,失败
/pub/data/jiafq/iscas/Parser_Comparison/../benchmarks/part19/non-incremental/QF_BV/sage/app7/bench_2145.smt2,0,0,0,失败
/pub/data/jiafq/iscas/Parser_Comparison/../benchmarks/part19/non-incremental/QF_BV/sage/app7/bench_2146.smt2,0,0,0,失败
/pub/data/jiafq/iscas/Parser_Comparison/../benchmarks/part19/non-incremental/QF_BV/sage/app7/bench_2147.smt2,0,0,0,失败
/pub/data/jiafq/iscas/Parser_Comparison/../benchmarks/part19/non-incremental/QF_BV/sage/app7/bench_2148.smt2,0,0,0,失败
/pub/data/jiafq/iscas/Parser_Comparison/../benchmarks/part19/non-incremental/QF_BV/sage/app7/bench_2149.smt2,0,0,0,失败
/pub/data/jiafq/iscas/Parser_Comparison/../benchmarks/part19/non-incremental/QF_BV/sage/app7/bench_215.smt2,0,0,0,失败
/pub/data/jiafq/iscas/Parser_Comparison/../benchmarks/part19/non-incremental/QF_BV/sage/app7/bench_2150.smt2,0,0,0,失败
/pub/data/jiafq/iscas/Parser_Comparison/../benchmarks/part19/non-incremental/QF_BV/sage/app7/bench_2151.smt2,0,0,0,失败
/pub/data/jiafq/iscas/Parser_Comparison/../benchmarks/part19/non-incremental/QF_BV/sage/app7/bench_2152.smt2,0,0,0,失败
/pub/data/jiafq/iscas/Parser_Comparison/../benchmarks/part19/non-incremental/QF_BV/sage/app7/bench_2153.smt2,0,0,0,失败
/pub/data/jiafq/iscas/Parser_Comparison/../benchmarks/part19/non-incremental/QF_BV/sage/app7/bench_2154.smt2,0,0,0,失败
/pub/data/jiafq/iscas/Parser_Comparison/../benchmarks/part19/non-incremental/QF_BV/sage/app7/bench_2155.smt2,0,0,0,失败
/pub/data/jiafq/iscas/Parser_Comparison/../benchmarks/part19/non-incremental/QF_BV/sage/app7/bench_2156.smt2,0,0,0,失败
/pub/data/jiafq/iscas/Parser_Comparison/../benchmarks/part19/non-incremental/QF_BV/sage/app7/bench_2157.smt2,3.0711,0,17,成功
/pub/data/jiafq/iscas/Parser_Comparison/../benchmarks/part19/non-incremental/QF_BV/sage/app7/bench_2158.smt2,0,0,0,失败
/pub/data/jiafq/iscas/Parser_Comparison/../benchmarks/part19/non-incremental/QF_BV/sage/app7/bench_2159.smt2,3.20127,0,15,成功
/pub/data/jiafq/iscas/Parser_Comparison/../benchmarks/part19/non-incremental/QF_BV/sage/app7/bench_216.smt2,0,0,0,失败
/pub/data/jiafq/iscas/Parser_Comparison/../benchmarks/part19/non-incremental/QF_BV/sage/app7/bench_2160.smt2,3.06308,0,13,成功
/pub/data/jiafq/iscas/Parser_Comparison/../benchmarks/part19/non-incremental/QF_BV/sage/app7/bench_2161.smt2,2.17633,0,11,成功
/pub/data/jiafq/iscas/Parser_Comparison/../benchmarks/part19/non-incremental/QF_BV/sage/app7/bench_2162.smt2,0,0,0,失败
/pub/data/jiafq/iscas/Parser_Comparison/../benchmarks/part19/non-incremental/QF_BV/sage/app7/bench_2163.smt2,0,0,0,失败
/pub/data/jiafq/iscas/Parser_Comparison/../benchmarks/part19/non-incremental/QF_BV/sage/app7/bench_2164.smt2,0,0,0,失败
/pub/data/jiafq/iscas/Parser_Comparison/../benchmarks/part19/non-incremental/QF_BV/sage/app7/bench_2165.smt2,0,0,0,失败
/pub/data/jiafq/iscas/Parser_Comparison/../benchmarks/part19/non-incremental/QF_BV/sage/app7/bench_2166.smt2,0,0,0,失败
/pub/data/jiafq/iscas/Parser_Comparison/../benchmarks/part19/non-incremental/QF_BV/sage/app7/bench_2167.smt2,0,0,0,失败
/pub/data/jiafq/iscas/Parser_Comparison/../benchmarks/part19/non-incremental/QF_BV/sage/app7/bench_2168.smt2,0,0,0,失败
/pub/data/jiafq/iscas/Parser_Comparison/../benchmarks/part19/non-incremental/QF_BV/sage/app7/bench_2169.smt2,0,0,0,失败
/pub/data/jiafq/iscas/Parser_Comparison/../benchmarks/part19/non-incremental/QF_BV/sage/app7/bench_217.smt2,0,0,0,失败
/pub/data/jiafq/iscas/Parser_Comparison/../benchmarks/part19/non-incremental/QF_BV/sage/app7/bench_2170.smt2,0,0,0,失败
/pub/data/jiafq/iscas/Parser_Comparison/../benchmarks/part19/non-incremental/QF_BV/sage/app7/bench_2171.smt2,0,0,0,失败
/pub/data/jiafq/iscas/Parser_Comparison/../benchmarks/part19/non-incremental/QF_BV/sage/app7/bench_2172.smt2,0,0,0,失败
/pub/data/jiafq/iscas/Parser_Comparison/../benchmarks/part19/non-incremental/QF_BV/sage/app7/bench_2173.smt2,0,0,0,失败
/pub/data/jiafq/iscas/Parser_Comparison/../benchmarks/part19/non-incremental/QF_BV/sage/app7/bench_2174.smt2,3.43504,0,22,成功
/pub/data/jiafq/iscas/Parser_Comparison/../benchmarks/part19/non-incremental/QF_BV/sage/app7/bench_2175.smt2,2.83806,0,9,成功
/pub/data/jiafq/iscas/Parser_Comparison/../benchmarks/part19/non-incremental/QF_BV/sage/app7/bench_2176.smt2,3.10612,0,18,成功
/pub/data/jiafq/iscas/Parser_Comparison/../benchmarks/part19/non-incremental/QF_BV/sage/app7/bench_2177.smt2,1.83579,0,3,成功
/pub/data/jiafq/iscas/Parser_Comparison/../benchmarks/part19/non-incremental/QF_BV/sage/app7/bench_2178.smt2,2.55287,0,6,成功
/pub/data/jiafq/iscas/Parser_Comparison/../benchmarks/part19/non-incremental/QF_BV/sage/app7/bench_2179.smt2,2.09784,0,4,成功
/pub/data/jiafq/iscas/Parser_Comparison/../benchmarks/part19/non-incremental/QF_BV/sage/app7/bench_218.smt2,0,0,0,失败
/pub/data/jiafq/iscas/Parser_Comparison/../benchmarks/part19/non-incremental/QF_BV/sage/app7/bench_2180.smt2,0,0,0,失败
/pub/data/jiafq/iscas/Parser_Comparison/../benchmarks/part19/non-incremental/QF_BV/sage/app7/bench_2181.smt2,2.02834,0,6,成功
/pub/data/jiafq/iscas/Parser_Comparison/../benchmarks/part19/non-incremental/QF_BV/sage/app7/bench_2182.smt2,2.48541,0,4,成功
/pub/data/jiafq/iscas/Parser_Comparison/../benchmarks/part19/non-incremental/QF_BV/sage/app7/bench_2183.smt2,2.23284,0,6,成功
/pub/data/jiafq/iscas/Parser_Comparison/../benchmarks/part19/non-incremental/QF_BV/sage/app7/bench_2184.smt2,2.34028,0,4,成功
/pub/data/jiafq/iscas/Parser_Comparison/../benchmarks/part19/non-incremental/QF_BV/sage/app7/bench_2185.smt2,2.73925,0,6,成功
/pub/data/jiafq/iscas/Parser_Comparison/../benchmarks/part19/non-incremental/QF_BV/sage/app7/bench_2186.smt2,2.18891,0,4,成功
/pub/data/jiafq/iscas/Parser_Comparison/../benchmarks/part19/non-incremental/QF_BV/sage/app7/bench_2187.smt2,2.04545,0,6,成功
/pub/data/jiafq/iscas/Parser_Comparison/../benchmarks/part19/non-incremental/QF_BV/sage/app7/bench_2188.smt2,2.26888,0,4,成功
/pub/data/jiafq/iscas/Parser_Comparison/../benchmarks/part19/non-incremental/QF_BV/sage/app7/bench_2189.smt2,1.96747,0,6,成功
/pub/data/jiafq/iscas/Parser_Comparison/../benchmarks/part19/non-incremental/QF_BV/sage/app7/bench_219.smt2,0,0,0,失败
/pub/data/jiafq/iscas/Parser_Comparison/../benchmarks/part19/non-incremental/QF_BV/sage/app7/bench_2190.smt2,2.36103,0,4,成功
/pub/data/jiafq/iscas/Parser_Comparison/../benchmarks/part19/non-incremental/QF_BV/sage/app7/bench_2191.smt2,0,0,0,失败
/pub/data/jiafq/iscas/Parser_Comparison/../benchmarks/part19/non-incremental/QF_BV/sage/app7/bench_2192.smt2,2.51985,0,7,成功
/pub/data/jiafq/iscas/Parser_Comparison/../benchmarks/part19/non-incremental/QF_BV/sage/app7/bench_2193.smt2,0,0,0,失败
/pub/data/jiafq/iscas/Parser_Comparison/../benchmarks/part19/non-incremental/QF_BV/sage/app7/bench_2194.smt2,0,0,0,失败
/pub/data/jiafq/iscas/Parser_Comparison/../benchmarks/part19/non-incremental/QF_BV/sage/app7/bench_2195.smt2,0,0,0,失败
/pub/data/jiafq/iscas/Parser_Comparison/../benchmarks/part19/non-incremental/QF_BV/sage/app7/bench_2196.smt2,0,0,0,失败
/pub/data/jiafq/iscas/Parser_Comparison/../benchmarks/part19/non-incremental/QF_BV/sage/app7/bench_2197.smt2,0,0,0,失败
/pub/data/jiafq/iscas/Parser_Comparison/../benchmarks/part19/non-incremental/QF_BV/sage/app7/bench_2198.smt2,0,0,0,失败
/pub/data/jiafq/iscas/Parser_Comparison/../benchmarks/part19/non-incremental/QF_BV/sage/app7/bench_2199.smt2,0,0,0,失败
/pub/data/jiafq/iscas/Parser_Comparison/../benchmarks/part19/non-incremental/QF_BV/sage/app7/bench_22.smt2,0,0,0,失败
/pub/data/jiafq/iscas/Parser_Comparison/../benchmarks/part19/non-incremental/QF_BV/sage/app7/bench_220.smt2,0,0,0,失败
/pub/data/jiafq/iscas/Parser_Comparison/../benchmarks/part19/non-incremental/QF_BV/sage/app7/bench_2200.smt2,0,0,0,失败
/pub/data/jiafq/iscas/Parser_Comparison/../benchmarks/part19/non-incremental/QF_BV/sage/app7/bench_2201.smt2,0,0,0,失败
/pub/data/jiafq/iscas/Parser_Comparison/../benchmarks/part19/non-incremental/QF_BV/sage/app7/bench_2202.smt2,0,0,0,失败
/pub/data/jiafq/iscas/Parser_Comparison/../benchmarks/part19/non-incremental/QF_BV/sage/app7/bench_2203.smt2,0,0,0,失败
/pub/data/jiafq/iscas/Parser_Comparison/../benchmarks/part19/non-incremental/QF_BV/sage/app7/bench_2204.smt2,0,0,0,失败
/pub/data/jiafq/iscas/Parser_Comparison/../benchmarks/part19/non-incremental/QF_BV/sage/app7/bench_2205.smt2,0,0,0,失败
/pub/data/jiafq/iscas/Parser_Comparison/../benchmarks/part19/non-incremental/QF_BV/sage/app7/bench_2206.smt2,0,0,0,失败
/pub/data/jiafq/iscas/Parser_Comparison/../benchmarks/part19/non-incremental/QF_BV/sage/app7/bench_2207.smt2,0,0,0,失败
/pub/data/jiafq/iscas/Parser_Comparison/../benchmarks/part19/non-incremental/QF_BV/sage/app7/bench_2208.smt2,0,0,0,失败
/pub/data/jiafq/iscas/Parser_Comparison/../benchmarks/part19/non-incremental/QF_BV/sage/app7/bench_2209.smt2,0,0,0,失败
/pub/data/jiafq/iscas/Parser_Comparison/../benchmarks/part19/non-incremental/QF_BV/sage/app7/bench_221.smt2,0,0,0,失败
/pub/data/jiafq/iscas/Parser_Comparison/../benchmarks/part19/non-incremental/QF_BV/sage/app7/bench_2210.smt2,0,0,0,失败
/pub/data/jiafq/iscas/Parser_Comparison/../benchmarks/part19/non-incremental/QF_BV/sage/app7/bench_2211.smt2,0,0,0,失败
/pub/data/jiafq/iscas/Parser_Comparison/../benchmarks/part19/non-incremental/QF_BV/sage/app7/bench_2212.smt2,0,0,0,失败
/pub/data/jiafq/iscas/Parser_Comparison/../benchmarks/part19/non-incremental/QF_BV/sage/app7/bench_2213.smt2,0,0,0,失败
/pub/data/jiafq/iscas/Parser_Comparison/../benchmarks/part19/non-incremental/QF_BV/sage/app7/bench_2214.smt2,0,0,0,失败
/pub/data/jiafq/iscas/Parser_Comparison/../benchmarks/part19/non-incremental/QF_BV/sage/app7/bench_2215.smt2,0,0,0,失败
/pub/data/jiafq/iscas/Parser_Comparison/../benchmarks/part19/non-incremental/QF_BV/sage/app7/bench_2216.smt2,0,0,0,失败
/pub/data/jiafq/iscas/Parser_Comparison/../benchmarks/part19/non-incremental/QF_BV/sage/app7/bench_2217.smt2,0,0,0,失败
/pub/data/jiafq/iscas/Parser_Comparison/../benchmarks/part19/non-incremental/QF_BV/sage/app7/bench_2218.smt2,0,0,0,失败
/pub/data/jiafq/iscas/Parser_Comparison/../benchmarks/part19/non-incremental/QF_BV/sage/app7/bench_2219.smt2,0,0,0,失败
/pub/data/jiafq/iscas/Parser_Comparison/../benchmarks/part19/non-incremental/QF_BV/sage/app7/bench_222.smt2,0,0,0,失败
/pub/data/jiafq/iscas/Parser_Comparison/../benchmarks/part19/non-incremental/QF_BV/sage/app7/bench_2220.smt2,0,0,0,失败
/pub/data/jiafq/iscas/Parser_Comparison/../benchmarks/part19/non-incremental/QF_BV/sage/app7/bench_2221.smt2,0,0,0,失败
/pub/data/jiafq/iscas/Parser_Comparison/../benchmarks/part19/non-incremental/QF_BV/sage/app7/bench_2222.smt2,0,0,0,失败
/pub/data/jiafq/iscas/Parser_Comparison/../benchmarks/part19/non-incremental/QF_BV/sage/app7/bench_2223.smt2,0,0,0,失败
/pub/data/jiafq/iscas/Parser_Comparison/../benchmarks/part19/non-incremental/QF_BV/sage/app7/bench_2224.smt2,0,0,0,失败
/pub/data/jiafq/iscas/Parser_Comparison/../benchmarks/part19/non-incremental/QF_BV/sage/app7/bench_2225.smt2,0,0,0,失败
/pub/data/jiafq/iscas/Parser_Comparison/../benchmarks/part19/non-incremental/QF_BV/sage/app7/bench_2226.smt2,0,0,0,失败
/pub/data/jiafq/iscas/Parser_Comparison/../benchmarks/part19/non-incremental/QF_BV/sage/app7/bench_2227.smt2,0,0,0,失败
/pub/data/jiafq/iscas/Parser_Comparison/../benchmarks/part19/non-incremental/QF_BV/sage/app7/bench_2228.smt2,0,0,0,失败
/pub/data/jiafq/iscas/Parser_Comparison/../benchmarks/part19/non-incremental/QF_BV/sage/app7/bench_2229.smt2,0,0,0,失败
/pub/data/jiafq/iscas/Parser_Comparison/../benchmarks/part19/non-incremental/QF_BV/sage/app7/bench_223.smt2,0,0,0,失败
/pub/data/jiafq/iscas/Parser_Comparison/../benchmarks/part19/non-incremental/QF_BV/sage/app7/bench_2230.smt2,0,0,0,失败
/pub/data/jiafq/iscas/Parser_Comparison/../benchmarks/part19/non-incremental/QF_BV/sage/app7/bench_2231.smt2,0,0,0,失败
/pub/data/jiafq/iscas/Parser_Comparison/../benchmarks/part19/non-incremental/QF_BV/sage/app7/bench_2232.smt2,0,0,0,失败
/pub/data/jiafq/iscas/Parser_Comparison/../benchmarks/part19/non-incremental/QF_BV/sage/app7/bench_2233.smt2,4.31905,0,62,成功
/pub/data/jiafq/iscas/Parser_Comparison/../benchmarks/part19/non-incremental/QF_BV/sage/app7/bench_2234.smt2,4.74088,0,54,成功
/pub/data/jiafq/iscas/Parser_Comparison/../benchmarks/part19/non-incremental/QF_BV/sage/app7/bench_2235.smt2,4.8865,0,51,成功
/pub/data/jiafq/iscas/Parser_Comparison/../benchmarks/part19/non-incremental/QF_BV/sage/app7/bench_2236.smt2,4.38367,0,43,成功
/pub/data/jiafq/iscas/Parser_Comparison/../benchmarks/part19/non-incremental/QF_BV/sage/app7/bench_2237.smt2,0,0,0,失败
/pub/data/jiafq/iscas/Parser_Comparison/../benchmarks/part19/non-incremental/QF_BV/sage/app7/bench_2238.smt2,3.37478,0,40,成功
/pub/data/jiafq/iscas/Parser_Comparison/../benchmarks/part19/non-incremental/QF_BV/sage/app7/bench_2239.smt2,4.1211,0,32,成功
/pub/data/jiafq/iscas/Parser_Comparison/../benchmarks/part19/non-incremental/QF_BV/sage/app7/bench_224.smt2,0,0,0,失败
/pub/data/jiafq/iscas/Parser_Comparison/../benchmarks/part19/non-incremental/QF_BV/sage/app7/bench_2240.smt2,3.46164,0,29,成功
/pub/data/jiafq/iscas/Parser_Comparison/../benchmarks/part19/non-incremental/QF_BV/sage/app7/bench_2241.smt2,3.38172,0,21,成功
/pub/data/jiafq/iscas/Parser_Comparison/../benchmarks/part19/non-incremental/QF_BV/sage/app7/bench_2242.smt2,2.92364,0,18,成功
/pub/data/jiafq/iscas/Parser_Comparison/../benchmarks/part19/non-incremental/QF_BV/sage/app7/bench_2243.smt2,1.84756,0,3,成功
/pub/data/jiafq/iscas/Parser_Comparison/../benchmarks/part19/non-incremental/QF_BV/sage/app7/bench_2244.smt2,2.47893,0,6,成功
/pub/data/jiafq/iscas/Parser_Comparison/../benchmarks/part19/non-incremental/QF_BV/sage/app7/bench_2245.smt2,3.09868,0,14,成功
/pub/data/jiafq/iscas/Parser_Comparison/../benchmarks/part19/non-incremental/QF_BV/sage/app7/bench_2246.smt2,2.42458,0,10,成功
/pub/data/jiafq/iscas/Parser_Comparison/../benchmarks/part19/non-incremental/QF_BV/sage/app7/bench_2247.smt2,2.19343,0,5,成功
/pub/data/jiafq/iscas/Parser_Comparison/../benchmarks/part19/non-incremental/QF_BV/sage/app7/bench_2248.smt2,0,0,0,失败
/pub/data/jiafq/iscas/Parser_Comparison/../benchmarks/part19/non-incremental/QF_BV/sage/app7/bench_2249.smt2,4.84642,0,62,成功
/pub/data/jiafq/iscas/Parser_Comparison/../benchmarks/part19/non-incremental/QF_BV/sage/app7/bench_225.smt2,0,0,0,失败
/pub/data/jiafq/iscas/Parser_Comparison/../benchmarks/part19/non-incremental/QF_BV/sage/app7/bench_2250.smt2,5.57356,0,54,成功
/pub/data/jiafq/iscas/Parser_Comparison/../benchmarks/part19/non-incremental/QF_BV/sage/app7/bench_2251.smt2,5.24135,0,51,成功
/pub/data/jiafq/iscas/Parser_Comparison/../benchmarks/part19/non-incremental/QF_BV/sage/app7/bench_2252.smt2,4.72181,0,43,成功
/pub/data/jiafq/iscas/Parser_Comparison/../benchmarks/part19/non-incremental/QF_BV/sage/app7/bench_2253.smt2,4.54877,0,40,成功
/pub/data/jiafq/iscas/Parser_Comparison/../benchmarks/part19/non-incremental/QF_BV/sage/app7/bench_2254.smt2,3.75177,0,32,成功
/pub/data/jiafq/iscas/Parser_Comparison/../benchmarks/part19/non-incremental/QF_BV/sage/app7/bench_2255.smt2,2.80933,0,29,成功
/pub/data/jiafq/iscas/Parser_Comparison/../benchmarks/part19/non-incremental/QF_BV/sage/app7/bench_2256.smt2,3.41191,0,21,成功
/pub/data/jiafq/iscas/Parser_Comparison/../benchmarks/part19/non-incremental/QF_BV/sage/app7/bench_2257.smt2,2.57976,0,18,成功
/pub/data/jiafq/iscas/Parser_Comparison/../benchmarks/part19/non-incremental/QF_BV/sage/app7/bench_2258.smt2,2.38299,0,3,成功
/pub/data/jiafq/iscas/Parser_Comparison/../benchmarks/part19/non-incremental/QF_BV/sage/app7/bench_2259.smt2,0,0,0,失败
/pub/data/jiafq/iscas/Parser_Comparison/../benchmarks/part19/non-incremental/QF_BV/sage/app7/bench_226.smt2,0,0,0,失败
/pub/data/jiafq/iscas/Parser_Comparison/../benchmarks/part19/non-incremental/QF_BV/sage/app7/bench_2260.smt2,0,0,0,失败
/pub/data/jiafq/iscas/Parser_Comparison/../benchmarks/part19/non-incremental/QF_BV/sage/app7/bench_2261.smt2,0,0,0,失败
/pub/data/jiafq/iscas/Parser_Comparison/../benchmarks/part19/non-incremental/QF_BV/sage/app7/bench_2262.smt2,0,0,0,失败
/pub/data/jiafq/iscas/Parser_Comparison/../benchmarks/part19/non-incremental/QF_BV/sage/app7/bench_2263.smt2,0,0,0,失败
/pub/data/jiafq/iscas/Parser_Comparison/../benchmarks/part19/non-incremental/QF_BV/sage/app7/bench_2264.smt2,0,0,0,失败
/pub/data/jiafq/iscas/Parser_Comparison/../benchmarks/part19/non-incremental/QF_BV/sage/app7/bench_2265.smt2,0,0,0,失败
/pub/data/jiafq/iscas/Parser_Comparison/../benchmarks/part19/non-incremental/QF_BV/sage/app7/bench_2266.smt2,0,0,0,失败
/pub/data/jiafq/iscas/Parser_Comparison/../benchmarks/part19/non-incremental/QF_BV/sage/app7/bench_2267.smt2,0,0,0,失败
/pub/data/jiafq/iscas/Parser_Comparison/../benchmarks/part19/non-incremental/QF_BV/sage/app7/bench_2268.smt2,0,0,0,失败
/pub/data/jiafq/iscas/Parser_Comparison/../benchmarks/part19/non-incremental/QF_BV/sage/app7/bench_2269.smt2,0,0,0,失败
/pub/data/jiafq/iscas/Parser_Comparison/../benchmarks/part19/non-incremental/QF_BV/sage/app7/bench_227.smt2,0,0,0,失败
/pub/data/jiafq/iscas/Parser_Comparison/../benchmarks/part19/non-incremental/QF_BV/sage/app7/bench_2270.smt2,0,0,0,失败
/pub/data/jiafq/iscas/Parser_Comparison/../benchmarks/part19/non-incremental/QF_BV/sage/app7/bench_2271.smt2,0,0,0,失败
/pub/data/jiafq/iscas/Parser_Comparison/../benchmarks/part19/non-incremental/QF_BV/sage/app7/bench_2272.smt2,0,0,0,失败
/pub/data/jiafq/iscas/Parser_Comparison/../benchmarks/part19/non-incremental/QF_BV/sage/app7/bench_2273.smt2,0,0,0,失败
/pub/data/jiafq/iscas/Parser_Comparison/../benchmarks/part19/non-incremental/QF_BV/sage/app7/bench_2274.smt2,0,0,0,失败
/pub/data/jiafq/iscas/Parser_Comparison/../benchmarks/part19/non-incremental/QF_BV/sage/app7/bench_2275.smt2,3.88872,0,30,成功
/pub/data/jiafq/iscas/Parser_Comparison/../benchmarks/part19/non-incremental/QF_BV/sage/app7/bench_2276.smt2,3.66704,0,27,成功
/pub/data/jiafq/iscas/Parser_Comparison/../benchmarks/part19/non-incremental/QF_BV/sage/app7/bench_2277.smt2,0,0,0,失败
/pub/data/jiafq/iscas/Parser_Comparison/../benchmarks/part19/non-incremental/QF_BV/sage/app7/bench_2278.smt2,0,0,0,失败
/pub/data/jiafq/iscas/Parser_Comparison/../benchmarks/part19/non-incremental/QF_BV/sage/app7/bench_2279.smt2,2.76055,0,7,成功
/pub/data/jiafq/iscas/Parser_Comparison/../benchmarks/part19/non-incremental/QF_BV/sage/app7/bench_228.smt2,0,0,0,失败
/pub/data/jiafq/iscas/Parser_Comparison/../benchmarks/part19/non-incremental/QF_BV/sage/app7/bench_2280.smt2,2.74989,0,7,成功
/pub/data/jiafq/iscas/Parser_Comparison/../benchmarks/part19/non-incremental/QF_BV/sage/app7/bench_2281.smt2,0,0,0,失败
/pub/data/jiafq/iscas/Parser_Comparison/../benchmarks/part19/non-incremental/QF_BV/sage/app7/bench_2282.smt2,2.31476,0,7,成功
/pub/data/jiafq/iscas/Parser_Comparison/../benchmarks/part19/non-incremental/QF_BV/sage/app7/bench_2283.smt2,2.3627,0,7,成功
/pub/data/jiafq/iscas/Parser_Comparison/../benchmarks/part19/non-incremental/QF_BV/sage/app7/bench_2284.smt2,2.72239,0,11,成功
/pub/data/jiafq/iscas/Parser_Comparison/../benchmarks/part19/non-incremental/QF_BV/sage/app7/bench_2285.smt2,0,0,0,失败
/pub/data/jiafq/iscas/Parser_Comparison/../benchmarks/part19/non-incremental/QF_BV/sage/app7/bench_2286.smt2,0,0,0,失败
/pub/data/jiafq/iscas/Parser_Comparison/../benchmarks/part19/non-incremental/QF_BV/sage/app7/bench_2287.smt2,0,0,0,失败
/pub/data/jiafq/iscas/Parser_Comparison/../benchmarks/part19/non-incremental/QF_BV/sage/app7/bench_2288.smt2,0,0,0,失败
/pub/data/jiafq/iscas/Parser_Comparison/../benchmarks/part19/non-incremental/QF_BV/sage/app7/bench_2289.smt2,0,0,0,失败
/pub/data/jiafq/iscas/Parser_Comparison/../benchmarks/part19/non-incremental/QF_BV/sage/app7/bench_229.smt2,0,0,0,失败
/pub/data/jiafq/iscas/Parser_Comparison/../benchmarks/part19/non-incremental/QF_BV/sage/app7/bench_2290.smt2,0,0,0,失败
/pub/data/jiafq/iscas/Parser_Comparison/../benchmarks/part19/non-incremental/QF_BV/sage/app7/bench_2291.smt2,0,0,0,失败
/pub/data/jiafq/iscas/Parser_Comparison/../benchmarks/part19/non-incremental/QF_BV/sage/app7/bench_2292.smt2,0,0,0,失败
/pub/data/jiafq/iscas/Parser_Comparison/../benchmarks/part19/non-incremental/QF_BV/sage/app7/bench_2293.smt2,0,0,0,失败
/pub/data/jiafq/iscas/Parser_Comparison/../benchmarks/part19/non-incremental/QF_BV/sage/app7/bench_2294.smt2,0,0,0,失败
/pub/data/jiafq/iscas/Parser_Comparison/../benchmarks/part19/non-incremental/QF_BV/sage/app7/bench_2295.smt2,0,0,0,失败
/pub/data/jiafq/iscas/Parser_Comparison/../benchmarks/part19/non-incremental/QF_BV/sage/app7/bench_2296.smt2,0,0,0,失败
/pub/data/jiafq/iscas/Parser_Comparison/../benchmarks/part19/non-incremental/QF_BV/sage/app7/bench_2297.smt2,0,0,0,失败
/pub/data/jiafq/iscas/Parser_Comparison/../benchmarks/part19/non-incremental/QF_BV/sage/app7/bench_2298.smt2,0,0,0,失败
/pub/data/jiafq/iscas/Parser_Comparison/../benchmarks/part19/non-incremental/QF_BV/sage/app7/bench_2299.smt2,0,0,0,失败
/pub/data/jiafq/iscas/Parser_Comparison/../benchmarks/part19/non-incremental/QF_BV/sage/app7/bench_23.smt2,0,0,0,失败
/pub/data/jiafq/iscas/Parser_Comparison/../benchmarks/part19/non-incremental/QF_BV/sage/app7/bench_230.smt2,0,0,0,失败
/pub/data/jiafq/iscas/Parser_Comparison/../benchmarks/part19/non-incremental/QF_BV/sage/app7/bench_2300.smt2,0,0,0,失败
/pub/data/jiafq/iscas/Parser_Comparison/../benchmarks/part19/non-incremental/QF_BV/sage/app7/bench_2301.smt2,0,0,0,失败
/pub/data/jiafq/iscas/Parser_Comparison/../benchmarks/part19/non-incremental/QF_BV/sage/app7/bench_2302.smt2,0,0,0,失败
/pub/data/jiafq/iscas/Parser_Comparison/../benchmarks/part19/non-incremental/QF_BV/sage/app7/bench_2303.smt2,0,0,0,失败
/pub/data/jiafq/iscas/Parser_Comparison/../benchmarks/part19/non-incremental/QF_BV/sage/app7/bench_2304.smt2,0,0,0,失败
/pub/data/jiafq/iscas/Parser_Comparison/../benchmarks/part19/non-incremental/QF_BV/sage/app7/bench_2305.smt2,0,0,0,失败
/pub/data/jiafq/iscas/Parser_Comparison/../benchmarks/part19/non-incremental/QF_BV/sage/app7/bench_2306.smt2,0,0,0,失败
/pub/data/jiafq/iscas/Parser_Comparison/../benchmarks/part19/non-incremental/QF_BV/sage/app7/bench_2307.smt2,0,0,0,失败
/pub/data/jiafq/iscas/Parser_Comparison/../benchmarks/part19/non-incremental/QF_BV/sage/app7/bench_2308.smt2,3.57313,0,11,成功
/pub/data/jiafq/iscas/Parser_Comparison/../benchmarks/part19/non-incremental/QF_BV/sage/app7/bench_2309.smt2,0,0,0,失败
/pub/data/jiafq/iscas/Parser_Comparison/../benchmarks/part19/non-incremental/QF_BV/sage/app7/bench_231.smt2,0,0,0,失败
/pub/data/jiafq/iscas/Parser_Comparison/../benchmarks/part19/non-incremental/QF_BV/sage/app7/bench_2310.smt2,0,0,0,失败
/pub/data/jiafq/iscas/Parser_Comparison/../benchmarks/part19/non-incremental/QF_BV/sage/app7/bench_2311.smt2,0,0,0,失败
/pub/data/jiafq/iscas/Parser_Comparison/../benchmarks/part19/non-incremental/QF_BV/sage/app7/bench_2312.smt2,2.07347,0,5,成功
/pub/data/jiafq/iscas/Parser_Comparison/../benchmarks/part19/non-incremental/QF_BV/sage/app7/bench_2313.smt2,2.5715,0,5,成功
/pub/data/jiafq/iscas/Parser_Comparison/../benchmarks/part19/non-incremental/QF_BV/sage/app7/bench_2314.smt2,0,0,0,失败
/pub/data/jiafq/iscas/Parser_Comparison/../benchmarks/part19/non-incremental/QF_BV/sage/app7/bench_2315.smt2,2.65402,0,5,成功
/pub/data/jiafq/iscas/Parser_Comparison/../benchmarks/part19/non-incremental/QF_BV/sage/app7/bench_2316.smt2,2.40177,0,6,成功
/pub/data/jiafq/iscas/Parser_Comparison/../benchmarks/part19/non-incremental/QF_BV/sage/app7/bench_2317.smt2,1.8753,0,6,成功
/pub/data/jiafq/iscas/Parser_Comparison/../benchmarks/part19/non-incremental/QF_BV/sage/app7/bench_2318.smt2,2.20749,0,4,成功
/pub/data/jiafq/iscas/Parser_Comparison/../benchmarks/part19/non-incremental/QF_BV/sage/app7/bench_2319.smt2,2.16298,0,6,成功
/pub/data/jiafq/iscas/Parser_Comparison/../benchmarks/part19/non-incremental/QF_BV/sage/app7/bench_232.smt2,0,0,0,失败
/pub/data/jiafq/iscas/Parser_Comparison/../benchmarks/part19/non-incremental/QF_BV/sage/app7/bench_2320.smt2,1.80693,0,4,成功
/pub/data/jiafq/iscas/Parser_Comparison/../benchmarks/part19/non-incremental/QF_BV/sage/app7/bench_2321.smt2,2.66136,0,6,成功
/pub/data/jiafq/iscas/Parser_Comparison/../benchmarks/part19/non-incremental/QF_BV/sage/app7/bench_2322.smt2,1.9561,0,4,成功
/pub/data/jiafq/iscas/Parser_Comparison/../benchmarks/part19/non-incremental/QF_BV/sage/app7/bench_2323.smt2,2.13705,0,6,成功
/pub/data/jiafq/iscas/Parser_Comparison/../benchmarks/part19/non-incremental/QF_BV/sage/app7/bench_2324.smt2,2.20425,0,4,成功
/pub/data/jiafq/iscas/Parser_Comparison/../benchmarks/part19/non-incremental/QF_BV/sage/app7/bench_2325.smt2,0,0,0,失败
/pub/data/jiafq/iscas/Parser_Comparison/../benchmarks/part19/non-incremental/QF_BV/sage/app7/bench_2326.smt2,1.95697,0,6,成功
/pub/data/jiafq/iscas/Parser_Comparison/../benchmarks/part19/non-incremental/QF_BV/sage/app7/bench_2327.smt2,2.32135,0,4,成功
/pub/data/jiafq/iscas/Parser_Comparison/../benchmarks/part19/non-incremental/QF_BV/sage/app7/bench_2328.smt2,2.7024,0,6,成功
/pub/data/jiafq/iscas/Parser_Comparison/../benchmarks/part19/non-incremental/QF_BV/sage/app7/bench_2329.smt2,2.00143,0,4,成功
/pub/data/jiafq/iscas/Parser_Comparison/../benchmarks/part19/non-incremental/QF_BV/sage/app7/bench_233.smt2,0,0,0,失败
/pub/data/jiafq/iscas/Parser_Comparison/../benchmarks/part19/non-incremental/QF_BV/sage/app7/bench_2330.smt2,0,0,0,失败
/pub/data/jiafq/iscas/Parser_Comparison/../benchmarks/part19/non-incremental/QF_BV/sage/app7/bench_2331.smt2,0,0,0,失败
/pub/data/jiafq/iscas/Parser_Comparison/../benchmarks/part19/non-incremental/QF_BV/sage/app7/bench_2332.smt2,0,0,0,失败
/pub/data/jiafq/iscas/Parser_Comparison/../benchmarks/part19/non-incremental/QF_BV/sage/app7/bench_2333.smt2,0,0,0,失败
/pub/data/jiafq/iscas/Parser_Comparison/../benchmarks/part19/non-incremental/QF_BV/sage/app7/bench_2334.smt2,0,0,0,失败
/pub/data/jiafq/iscas/Parser_Comparison/../benchmarks/part19/non-incremental/QF_BV/sage/app7/bench_2335.smt2,0,0,0,失败
/pub/data/jiafq/iscas/Parser_Comparison/../benchmarks/part19/non-incremental/QF_BV/sage/app7/bench_2336.smt2,0,0,0,失败
/pub/data/jiafq/iscas/Parser_Comparison/../benchmarks/part19/non-incremental/QF_BV/sage/app7/bench_2337.smt2,0,0,0,失败
/pub/data/jiafq/iscas/Parser_Comparison/../benchmarks/part19/non-incremental/QF_BV/sage/app7/bench_2338.smt2,6.28165,0,68,成功
/pub/data/jiafq/iscas/Parser_Comparison/../benchmarks/part19/non-incremental/QF_BV/sage/app7/bench_2339.smt2,6.13212,0,66,成功
/pub/data/jiafq/iscas/Parser_Comparison/../benchmarks/part19/non-incremental/QF_BV/sage/app7/bench_234.smt2,0,0,0,失败
/pub/data/jiafq/iscas/Parser_Comparison/../benchmarks/part19/non-incremental/QF_BV/sage/app7/bench_2340.smt2,3.5781,0,64,成功
/pub/data/jiafq/iscas/Parser_Comparison/../benchmarks/part19/non-incremental/QF_BV/sage/app7/bench_2341.smt2,4.66257,0,62,成功
/pub/data/jiafq/iscas/Parser_Comparison/../benchmarks/part19/non-incremental/QF_BV/sage/app7/bench_2342.smt2,0,0,0,失败
/pub/data/jiafq/iscas/Parser_Comparison/../benchmarks/part19/non-incremental/QF_BV/sage/app7/bench_2343.smt2,0,0,0,失败
/pub/data/jiafq/iscas/Parser_Comparison/../benchmarks/part19/non-incremental/QF_BV/sage/app7/bench_2344.smt2,0,0,0,失败
/pub/data/jiafq/iscas/Parser_Comparison/../benchmarks/part19/non-incremental/QF_BV/sage/app7/bench_2345.smt2,0,0,0,失败
/pub/data/jiafq/iscas/Parser_Comparison/../benchmarks/part19/non-incremental/QF_BV/sage/app7/bench_2346.smt2,0,0,0,失败
/pub/data/jiafq/iscas/Parser_Comparison/../benchmarks/part19/non-incremental/QF_BV/sage/app7/bench_2347.smt2,0,0,0,失败
/pub/data/jiafq/iscas/Parser_Comparison/../benchmarks/part19/non-incremental/QF_BV/sage/app7/bench_2348.smt2,0,0,0,失败
/pub/data/jiafq/iscas/Parser_Comparison/../benchmarks/part19/non-incremental/QF_BV/sage/app7/bench_2349.smt2,0,0,0,失败
/pub/data/jiafq/iscas/Parser_Comparison/../benchmarks/part19/non-incremental/QF_BV/sage/app7/bench_235.smt2,0,0,0,失败
/pub/data/jiafq/iscas/Parser_Comparison/../benchmarks/part19/non-incremental/QF_BV/sage/app7/bench_2350.smt2,0,0,0,失败
/pub/data/jiafq/iscas/Parser_Comparison/../benchmarks/part19/non-incremental/QF_BV/sage/app7/bench_2351.smt2,0,0,0,失败
/pub/data/jiafq/iscas/Parser_Comparison/../benchmarks/part19/non-incremental/QF_BV/sage/app7/bench_2352.smt2,0,0,0,失败
/pub/data/jiafq/iscas/Parser_Comparison/../benchmarks/part19/non-incremental/QF_BV/sage/app7/bench_2353.smt2,0,0,0,失败
/pub/data/jiafq/iscas/Parser_Comparison/../benchmarks/part19/non-incremental/QF_BV/sage/app7/bench_2354.smt2,0,0,0,失败
/pub/data/jiafq/iscas/Parser_Comparison/../benchmarks/part19/non-incremental/QF_BV/sage/app7/bench_2355.smt2,0,0,0,失败
/pub/data/jiafq/iscas/Parser_Comparison/../benchmarks/part19/non-incremental/QF_BV/sage/app7/bench_2356.smt2,0,0,0,失败
/pub/data/jiafq/iscas/Parser_Comparison/../benchmarks/part19/non-incremental/QF_BV/sage/app7/bench_2357.smt2,0,0,0,失败
/pub/data/jiafq/iscas/Parser_Comparison/../benchmarks/part19/non-incremental/QF_BV/sage/app7/bench_2358.smt2,0,0,0,失败
/pub/data/jiafq/iscas/Parser_Comparison/../benchmarks/part19/non-incremental/QF_BV/sage/app7/bench_2359.smt2,0,0,0,失败
/pub/data/jiafq/iscas/Parser_Comparison/../benchmarks/part19/non-incremental/QF_BV/sage/app7/bench_236.smt2,0,0,0,失败
/pub/data/jiafq/iscas/Parser_Comparison/../benchmarks/part19/non-incremental/QF_BV/sage/app7/bench_2360.smt2,0,0,0,失败
/pub/data/jiafq/iscas/Parser_Comparison/../benchmarks/part19/non-incremental/QF_BV/sage/app7/bench_2361.smt2,0,0,0,失败
/pub/data/jiafq/iscas/Parser_Comparison/../benchmarks/part19/non-incremental/QF_BV/sage/app7/bench_2362.smt2,0,0,0,失败
/pub/data/jiafq/iscas/Parser_Comparison/../benchmarks/part19/non-incremental/QF_BV/sage/app7/bench_2363.smt2,0,0,0,失败
/pub/data/jiafq/iscas/Parser_Comparison/../benchmarks/part19/non-incremental/QF_BV/sage/app7/bench_2364.smt2,0,0,0,失败
/pub/data/jiafq/iscas/Parser_Comparison/../benchmarks/part19/non-incremental/QF_BV/sage/app7/bench_2365.smt2,0,0,0,失败
/pub/data/jiafq/iscas/Parser_Comparison/../benchmarks/part19/non-incremental/QF_BV/sage/app7/bench_2366.smt2,0,0,0,失败
/pub/data/jiafq/iscas/Parser_Comparison/../benchmarks/part19/non-incremental/QF_BV/sage/app7/bench_2367.smt2,0,0,0,失败
/pub/data/jiafq/iscas/Parser_Comparison/../benchmarks/part19/non-incremental/QF_BV/sage/app7/bench_2368.smt2,0,0,0,失败
/pub/data/jiafq/iscas/Parser_Comparison/../benchmarks/part19/non-incremental/QF_BV/sage/app7/bench_2369.smt2,0,0,0,失败
/pub/data/jiafq/iscas/Parser_Comparison/../benchmarks/part19/non-incremental/QF_BV/sage/app7/bench_237.smt2,0,0,0,失败
/pub/data/jiafq/iscas/Parser_Comparison/../benchmarks/part19/non-incremental/QF_BV/sage/app7/bench_2370.smt2,0,0,0,失败
/pub/data/jiafq/iscas/Parser_Comparison/../benchmarks/part19/non-incremental/QF_BV/sage/app7/bench_2371.smt2,5.94476,0,61,成功
/pub/data/jiafq/iscas/Parser_Comparison/../benchmarks/part19/non-incremental/QF_BV/sage/app7/bench_2372.smt2,5.53451,0,57,成功
/pub/data/jiafq/iscas/Parser_Comparison/../benchmarks/part19/non-incremental/QF_BV/sage/app7/bench_2373.smt2,5.33122,0,55,成功
/pub/data/jiafq/iscas/Parser_Comparison/../benchmarks/part19/non-incremental/QF_BV/sage/app7/bench_2374.smt2,3.06103,0,14,成功
/pub/data/jiafq/iscas/Parser_Comparison/../benchmarks/part19/non-incremental/QF_BV/sage/app7/bench_2375.smt2,3.47306,0,40,成功
/pub/data/jiafq/iscas/Parser_Comparison/../benchmarks/part19/non-incremental/QF_BV/sage/app7/bench_2376.smt2,2.49573,0,22,成功
/pub/data/jiafq/iscas/Parser_Comparison/../benchmarks/part19/non-incremental/QF_BV/sage/app7/bench_2377.smt2,3.14411,0,20,成功
/pub/data/jiafq/iscas/Parser_Comparison/../benchmarks/part19/non-incremental/QF_BV/sage/app7/bench_2378.smt2,3.18227,0,21,成功
/pub/data/jiafq/iscas/Parser_Comparison/../benchmarks/part19/non-incremental/QF_BV/sage/app7/bench_2379.smt2,1.98335,0,14,成功
/pub/data/jiafq/iscas/Parser_Comparison/../benchmarks/part19/non-incremental/QF_BV/sage/app7/bench_238.smt2,0,0,0,失败
/pub/data/jiafq/iscas/Parser_Comparison/../benchmarks/part19/non-incremental/QF_BV/sage/app7/bench_2380.smt2,3.57458,0,19,成功
/pub/data/jiafq/iscas/Parser_Comparison/../benchmarks/part19/non-incremental/QF_BV/sage/app7/bench_2381.smt2,0,0,0,失败
/pub/data/jiafq/iscas/Parser_Comparison/../benchmarks/part19/non-incremental/QF_BV/sage/app7/bench_2382.smt2,3.32376,0,22,成功
/pub/data/jiafq/iscas/Parser_Comparison/../benchmarks/part19/non-incremental/QF_BV/sage/app7/bench_2383.smt2,2.96066,0,17,成功
/pub/data/jiafq/iscas/Parser_Comparison/../benchmarks/part19/non-incremental/QF_BV/sage/app7/bench_2384.smt2,3.09653,0,13,成功
/pub/data/jiafq/iscas/Parser_Comparison/../benchmarks/part19/non-incremental/QF_BV/sage/app7/bench_2385.smt2,3.01058,0,17,成功
/pub/data/jiafq/iscas/Parser_Comparison/../benchmarks/part19/non-incremental/QF_BV/sage/app7/bench_2386.smt2,3.10499,0,15,成功
/pub/data/jiafq/iscas/Parser_Comparison/../benchmarks/part19/non-incremental/QF_BV/sage/app7/bench_2387.smt2,2.58984,0,10,成功
/pub/data/jiafq/iscas/Parser_Comparison/../benchmarks/part19/non-incremental/QF_BV/sage/app7/bench_2388.smt2,2.81207,0,14,成功
/pub/data/jiafq/iscas/Parser_Comparison/../benchmarks/part19/non-incremental/QF_BV/sage/app7/bench_2389.smt2,2.62497,0,13,成功
/pub/data/jiafq/iscas/Parser_Comparison/../benchmarks/part19/non-incremental/QF_BV/sage/app7/bench_239.smt2,0,0,0,失败
/pub/data/jiafq/iscas/Parser_Comparison/../benchmarks/part19/non-incremental/QF_BV/sage/app7/bench_2390.smt2,2.42479,0,9,成功
/pub/data/jiafq/iscas/Parser_Comparison/../benchmarks/part19/non-incremental/QF_BV/sage/app7/bench_2391.smt2,3.50462,0,28,成功
/pub/data/jiafq/iscas/Parser_Comparison/../benchmarks/part19/non-incremental/QF_BV/sage/app7/bench_2392.smt2,0,0,0,失败
/pub/data/jiafq/iscas/Parser_Comparison/../benchmarks/part19/non-incremental/QF_BV/sage/app7/bench_2393.smt2,3.8544,0,26,成功
/pub/data/jiafq/iscas/Parser_Comparison/../benchmarks/part19/non-incremental/QF_BV/sage/app7/bench_2394.smt2,3.58927,0,24,成功
/pub/data/jiafq/iscas/Parser_Comparison/../benchmarks/part19/non-incremental/QF_BV/sage/app7/bench_2395.smt2,3.41331,0,21,成功
平均值,3.94747,0.721519,46.0253,26.3333%
