文件名,解析时间(ms),内存使用(KB),AST节点数量,结果
/pub/data/jiafq/iscas/Parser_Comparison/../benchmarks/part5/non-incremental/QF_BV/20221012-MCMPC/millionaires/millionaires.t1.i52.7b9769c8.smt2,29.6149,0,1296,成功
/pub/data/jiafq/iscas/Parser_Comparison/../benchmarks/part5/non-incremental/QF_BV/20221012-MCMPC/millionaires/millionaires.t1.i52.85cbf698.smt2,25.6829,0,1252,成功
/pub/data/jiafq/iscas/Parser_Comparison/../benchmarks/part5/non-incremental/QF_BV/20221012-MCMPC/millionaires/millionaires.t1.i52.86b9edf2.smt2,26.3946,0,1186,成功
/pub/data/jiafq/iscas/Parser_Comparison/../benchmarks/part5/non-incremental/QF_BV/20221012-MCMPC/millionaires/millionaires.t1.i52.99859c0b.smt2,30.4566,0,1175,成功
/pub/data/jiafq/iscas/Parser_Comparison/../benchmarks/part5/non-incremental/QF_BV/20221012-MCMPC/millionaires/millionaires.t1.i52.9e39dab1.smt2,23.9418,0,1197,成功
/pub/data/jiafq/iscas/Parser_Comparison/../benchmarks/part5/non-incremental/QF_BV/20221012-MCMPC/millionaires/millionaires.t1.i52.9f21e1cf.smt2,30.2314,0,1285,成功
/pub/data/jiafq/iscas/Parser_Comparison/../benchmarks/part5/non-incremental/QF_BV/20221012-MCMPC/millionaires/millionaires.t1.i52.b323df7d.smt2,24.8304,0,1186,成功
/pub/data/jiafq/iscas/Parser_Comparison/../benchmarks/part5/non-incremental/QF_BV/20221012-MCMPC/millionaires/millionaires.t1.i52.c3a82456.smt2,26.4786,0,1329,成功
/pub/data/jiafq/iscas/Parser_Comparison/../benchmarks/part5/non-incremental/QF_BV/20221012-MCMPC/millionaires/millionaires.t1.i52.ceec2aee.smt2,27.23,0,1241,成功
/pub/data/jiafq/iscas/Parser_Comparison/../benchmarks/part5/non-incremental/QF_BV/20221012-MCMPC/millionaires/millionaires.t1.i52.e132aad4.smt2,29.0131,0,1307,成功
/pub/data/jiafq/iscas/Parser_Comparison/../benchmarks/part5/non-incremental/QF_BV/20221012-MCMPC/millionaires/millionaires.t1.i52.e1db6e0a.smt2,26.9423,0,1263,成功
/pub/data/jiafq/iscas/Parser_Comparison/../benchmarks/part5/non-incremental/QF_BV/20221012-MCMPC/millionaires/millionaires.t1.i52.e5affe5b.smt2,26.2404,0,1241,成功
/pub/data/jiafq/iscas/Parser_Comparison/../benchmarks/part5/non-incremental/QF_BV/20221012-MCMPC/millionaires/millionaires.t1.i52.f15c3126.smt2,25.9662,0,1252,成功
/pub/data/jiafq/iscas/Parser_Comparison/../benchmarks/part5/non-incremental/QF_BV/20221012-MCMPC/millionaires/millionaires.t1.i52.f73a266b.smt2,24.7049,0,1175,成功
/pub/data/jiafq/iscas/Parser_Comparison/../benchmarks/part5/non-incremental/QF_BV/20221012-MCMPC/millionaires/millionaires.t1.i52.fddde98f.smt2,26.8649,0,1340,成功
/pub/data/jiafq/iscas/Parser_Comparison/../benchmarks/part5/non-incremental/QF_BV/20221012-MCMPC/millionaires/millionaires.t1.i53.03648171.smt2,26.2136,0,1282,成功
/pub/data/jiafq/iscas/Parser_Comparison/../benchmarks/part5/non-incremental/QF_BV/20221012-MCMPC/millionaires/millionaires.t1.i53.05188726.smt2,27.2564,0,1238,成功
/pub/data/jiafq/iscas/Parser_Comparison/../benchmarks/part5/non-incremental/QF_BV/20221012-MCMPC/millionaires/millionaires.t1.i53.099ea8f3.smt2,25.2142,0,1227,成功
/pub/data/jiafq/iscas/Parser_Comparison/../benchmarks/part5/non-incremental/QF_BV/20221012-MCMPC/millionaires/millionaires.t1.i53.1bb38095.smt2,26.9662,0,1139,成功
/pub/data/jiafq/iscas/Parser_Comparison/../benchmarks/part5/non-incremental/QF_BV/20221012-MCMPC/millionaires/millionaires.t1.i53.2a4c30ee.smt2,24.5467,0,1205,成功
/pub/data/jiafq/iscas/Parser_Comparison/../benchmarks/part5/non-incremental/QF_BV/20221012-MCMPC/millionaires/millionaires.t1.i53.3bd452af.smt2,27.0024,0,1260,成功
/pub/data/jiafq/iscas/Parser_Comparison/../benchmarks/part5/non-incremental/QF_BV/20221012-MCMPC/millionaires/millionaires.t1.i53.3ed5577d.smt2,26.225,0,1194,成功
/pub/data/jiafq/iscas/Parser_Comparison/../benchmarks/part5/non-incremental/QF_BV/20221012-MCMPC/millionaires/millionaires.t1.i53.3fa80cf3.smt2,27.2903,0,1304,成功
/pub/data/jiafq/iscas/Parser_Comparison/../benchmarks/part5/non-incremental/QF_BV/20221012-MCMPC/millionaires/millionaires.t1.i53.478ed789.smt2,23.0739,0,1150,成功
/pub/data/jiafq/iscas/Parser_Comparison/../benchmarks/part5/non-incremental/QF_BV/20221012-MCMPC/millionaires/millionaires.t1.i53.491b3392.smt2,25.8201,0,1161,成功
/pub/data/jiafq/iscas/Parser_Comparison/../benchmarks/part5/non-incremental/QF_BV/20221012-MCMPC/millionaires/millionaires.t1.i53.50e1c3ba.smt2,30.3361,0,1293,成功
/pub/data/jiafq/iscas/Parser_Comparison/../benchmarks/part5/non-incremental/QF_BV/20221012-MCMPC/millionaires/millionaires.t1.i53.6eb32a4a.smt2,23.8834,0,1194,成功
/pub/data/jiafq/iscas/Parser_Comparison/../benchmarks/part5/non-incremental/QF_BV/20221012-MCMPC/millionaires/millionaires.t1.i53.8225f9f0.smt2,25.203,0,1249,成功
/pub/data/jiafq/iscas/Parser_Comparison/../benchmarks/part5/non-incremental/QF_BV/20221012-MCMPC/millionaires/millionaires.t1.i53.8cf3ba2e.smt2,25.4714,0,1172,成功
/pub/data/jiafq/iscas/Parser_Comparison/../benchmarks/part5/non-incremental/QF_BV/20221012-MCMPC/millionaires/millionaires.t1.i53.9e87dc80.smt2,24.2193,0,1205,成功
/pub/data/jiafq/iscas/Parser_Comparison/../benchmarks/part5/non-incremental/QF_BV/20221012-MCMPC/millionaires/millionaires.t1.i53.a8ef2dcb.smt2,25.0465,0,1238,成功
/pub/data/jiafq/iscas/Parser_Comparison/../benchmarks/part5/non-incremental/QF_BV/20221012-MCMPC/millionaires/millionaires.t1.i53.b03fec6f.smt2,24.6437,0,1194,成功
/pub/data/jiafq/iscas/Parser_Comparison/../benchmarks/part5/non-incremental/QF_BV/20221012-MCMPC/millionaires/millionaires.t1.i53.b07466e8.smt2,26.8564,0,1216,成功
/pub/data/jiafq/iscas/Parser_Comparison/../benchmarks/part5/non-incremental/QF_BV/20221012-MCMPC/millionaires/millionaires.t1.i53.d3e032f3.smt2,27.2048,0,1183,成功
/pub/data/jiafq/iscas/Parser_Comparison/../benchmarks/part5/non-incremental/QF_BV/20221012-MCMPC/millionaires/millionaires.t1.i53.d4598684.smt2,24.7704,0,1183,成功
/pub/data/jiafq/iscas/Parser_Comparison/../benchmarks/part5/non-incremental/QF_BV/20221012-MCMPC/millionaires/millionaires.t1.i53.ddd547b6.smt2,29.5697,0,1271,成功
/pub/data/jiafq/iscas/Parser_Comparison/../benchmarks/part5/non-incremental/QF_BV/20221012-MCMPC/millionaires/millionaires.t1.i53.f91a307c.smt2,25.7772,0,1227,成功
/pub/data/jiafq/iscas/Parser_Comparison/../benchmarks/part5/non-incremental/QF_BV/20221012-MCMPC/millionaires/millionaires.t1.i53.ffee2a58.smt2,25.2566,0,1216,成功
/pub/data/jiafq/iscas/Parser_Comparison/../benchmarks/part5/non-incremental/QF_BV/20221012-MCMPC/millionaires/millionaires.t1.i54.0a0f1172.smt2,23.9733,0,1191,成功
/pub/data/jiafq/iscas/Parser_Comparison/../benchmarks/part5/non-incremental/QF_BV/20221012-MCMPC/millionaires/millionaires.t1.i54.0e04b43e.smt2,23.5188,0,1169,成功
/pub/data/jiafq/iscas/Parser_Comparison/../benchmarks/part5/non-incremental/QF_BV/20221012-MCMPC/millionaires/millionaires.t1.i54.14b4ee99.smt2,26.0139,0,1235,成功
/pub/data/jiafq/iscas/Parser_Comparison/../benchmarks/part5/non-incremental/QF_BV/20221012-MCMPC/millionaires/millionaires.t1.i54.22eb4884.smt2,24.9525,0,1257,成功
/pub/data/jiafq/iscas/Parser_Comparison/../benchmarks/part5/non-incremental/QF_BV/20221012-MCMPC/millionaires/millionaires.t1.i54.25c61ef8.smt2,24.1179,0,1202,成功
/pub/data/jiafq/iscas/Parser_Comparison/../benchmarks/part5/non-incremental/QF_BV/20221012-MCMPC/millionaires/millionaires.t1.i54.2d318feb.smt2,26.1272,0,1246,成功
/pub/data/jiafq/iscas/Parser_Comparison/../benchmarks/part5/non-incremental/QF_BV/20221012-MCMPC/millionaires/millionaires.t1.i54.4572b1e7.smt2,25.6582,0,1268,成功
/pub/data/jiafq/iscas/Parser_Comparison/../benchmarks/part5/non-incremental/QF_BV/20221012-MCMPC/millionaires/millionaires.t1.i54.55ba09b7.smt2,26.8563,216,1213,成功
/pub/data/jiafq/iscas/Parser_Comparison/../benchmarks/part5/non-incremental/QF_BV/20221012-MCMPC/millionaires/millionaires.t1.i54.5737ff16.smt2,31.2874,0,1191,成功
/pub/data/jiafq/iscas/Parser_Comparison/../benchmarks/part5/non-incremental/QF_BV/20221012-MCMPC/millionaires/millionaires.t1.i54.59460c06.smt2,24.3298,0,1169,成功
/pub/data/jiafq/iscas/Parser_Comparison/../benchmarks/part5/non-incremental/QF_BV/20221012-MCMPC/millionaires/millionaires.t1.i54.5d2fef04.smt2,30.4541,0,1180,成功
/pub/data/jiafq/iscas/Parser_Comparison/../benchmarks/part5/non-incremental/QF_BV/20221012-MCMPC/millionaires/millionaires.t1.i54.5f9aed80.smt2,23.3855,0,1158,成功
/pub/data/jiafq/iscas/Parser_Comparison/../benchmarks/part5/non-incremental/QF_BV/20221012-MCMPC/millionaires/millionaires.t1.i54.64f93723.smt2,29.952,0,1169,成功
/pub/data/jiafq/iscas/Parser_Comparison/../benchmarks/part5/non-incremental/QF_BV/20221012-MCMPC/millionaires/millionaires.t1.i54.6d139f37.smt2,25.2213,0,1136,成功
/pub/data/jiafq/iscas/Parser_Comparison/../benchmarks/part5/non-incremental/QF_BV/20221012-MCMPC/millionaires/millionaires.t1.i54.8257071d.smt2,30.4346,0,1224,成功
/pub/data/jiafq/iscas/Parser_Comparison/../benchmarks/part5/non-incremental/QF_BV/20221012-MCMPC/millionaires/millionaires.t1.i54.8d79b81b.smt2,24.7342,0,1235,成功
/pub/data/jiafq/iscas/Parser_Comparison/../benchmarks/part5/non-incremental/QF_BV/20221012-MCMPC/millionaires/millionaires.t1.i54.98a0bb1d.smt2,25.8723,0,1147,成功
/pub/data/jiafq/iscas/Parser_Comparison/../benchmarks/part5/non-incremental/QF_BV/20221012-MCMPC/millionaires/millionaires.t1.i54.b5fc028c.smt2,24.9905,0,1213,成功
/pub/data/jiafq/iscas/Parser_Comparison/../benchmarks/part5/non-incremental/QF_BV/20221012-MCMPC/millionaires/millionaires.t1.i54.b62c3206.smt2,24.7109,0,1224,成功
/pub/data/jiafq/iscas/Parser_Comparison/../benchmarks/part5/non-incremental/QF_BV/20221012-MCMPC/millionaires/millionaires.t1.i54.b8f0141c.smt2,25.0295,0,1202,成功
/pub/data/jiafq/iscas/Parser_Comparison/../benchmarks/part5/non-incremental/QF_BV/20221012-MCMPC/millionaires/millionaires.t1.i54.d0ab302c.smt2,29.9081,0,1202,成功
/pub/data/jiafq/iscas/Parser_Comparison/../benchmarks/part5/non-incremental/QF_BV/20221012-MCMPC/millionaires/millionaires.t1.i54.d1112006.smt2,27.4283,0,1224,成功
/pub/data/jiafq/iscas/Parser_Comparison/../benchmarks/part5/non-incremental/QF_BV/20221012-MCMPC/millionaires/millionaires.t1.i54.d29e18cb.smt2,24.5251,0,1191,成功
/pub/data/jiafq/iscas/Parser_Comparison/../benchmarks/part5/non-incremental/QF_BV/20221012-MCMPC/millionaires/millionaires.t1.i54.d850d4ed.smt2,24.1891,0,1180,成功
/pub/data/jiafq/iscas/Parser_Comparison/../benchmarks/part5/non-incremental/QF_BV/20221012-MCMPC/millionaires/millionaires.t1.i54.dce7136f.smt2,23.9845,0,1213,成功
/pub/data/jiafq/iscas/Parser_Comparison/../benchmarks/part5/non-incremental/QF_BV/20221012-MCMPC/millionaires/millionaires.t1.i54.f78e556e.smt2,22.424,0,1125,成功
/pub/data/jiafq/iscas/Parser_Comparison/../benchmarks/part5/non-incremental/QF_BV/20221012-MCMPC/millionaires/millionaires.t1.i54.fc96c9de.smt2,26.8727,0,1180,成功
/pub/data/jiafq/iscas/Parser_Comparison/../benchmarks/part5/non-incremental/QF_BV/20221012-MCMPC/millionaires/millionaires.t1.i55.17f98b0d.smt2,24.6226,0,1199,成功
/pub/data/jiafq/iscas/Parser_Comparison/../benchmarks/part5/non-incremental/QF_BV/20221012-MCMPC/millionaires/millionaires.t1.i55.1caa02fa.smt2,31.0045,0,1287,成功
/pub/data/jiafq/iscas/Parser_Comparison/../benchmarks/part5/non-incremental/QF_BV/20221012-MCMPC/millionaires/millionaires.t1.i55.2532e301.smt2,29.1737,0,1254,成功
/pub/data/jiafq/iscas/Parser_Comparison/../benchmarks/part5/non-incremental/QF_BV/20221012-MCMPC/millionaires/millionaires.t1.i55.2da4c1e2.smt2,25.627,0,1265,成功
/pub/data/jiafq/iscas/Parser_Comparison/../benchmarks/part5/non-incremental/QF_BV/20221012-MCMPC/millionaires/millionaires.t1.i55.330b6922.smt2,26.4385,0,1243,成功
/pub/data/jiafq/iscas/Parser_Comparison/../benchmarks/part5/non-incremental/QF_BV/20221012-MCMPC/millionaires/millionaires.t1.i55.362675f9.smt2,25.2619,0,1199,成功
/pub/data/jiafq/iscas/Parser_Comparison/../benchmarks/part5/non-incremental/QF_BV/20221012-MCMPC/millionaires/millionaires.t1.i55.43c79e0a.smt2,27.8927,0,1188,成功
/pub/data/jiafq/iscas/Parser_Comparison/../benchmarks/part5/non-incremental/QF_BV/20221012-MCMPC/millionaires/millionaires.t1.i55.50c11815.smt2,30.5147,0,1254,成功
/pub/data/jiafq/iscas/Parser_Comparison/../benchmarks/part5/non-incremental/QF_BV/20221012-MCMPC/millionaires/millionaires.t1.i55.52e63a70.smt2,27.9274,0,1210,成功
/pub/data/jiafq/iscas/Parser_Comparison/../benchmarks/part5/non-incremental/QF_BV/20221012-MCMPC/millionaires/millionaires.t1.i55.569123e1.smt2,24.4574,0,1221,成功
/pub/data/jiafq/iscas/Parser_Comparison/../benchmarks/part5/non-incremental/QF_BV/20221012-MCMPC/millionaires/millionaires.t1.i55.66136dd3.smt2,28.0717,0,1210,成功
/pub/data/jiafq/iscas/Parser_Comparison/../benchmarks/part5/non-incremental/QF_BV/20221012-MCMPC/millionaires/millionaires.t1.i55.67730878.smt2,29.6358,0,1221,成功
/pub/data/jiafq/iscas/Parser_Comparison/../benchmarks/part5/non-incremental/QF_BV/20221012-MCMPC/millionaires/millionaires.t1.i55.7581e115.smt2,30.9566,0,1221,成功
/pub/data/jiafq/iscas/Parser_Comparison/../benchmarks/part5/non-incremental/QF_BV/20221012-MCMPC/millionaires/millionaires.t1.i55.76b383db.smt2,28.6435,0,1298,成功
/pub/data/jiafq/iscas/Parser_Comparison/../benchmarks/part5/non-incremental/QF_BV/20221012-MCMPC/millionaires/millionaires.t1.i55.7e8bb5aa.smt2,25.4069,0,1243,成功
/pub/data/jiafq/iscas/Parser_Comparison/../benchmarks/part5/non-incremental/QF_BV/20221012-MCMPC/millionaires/millionaires.t1.i55.8140806a.smt2,25.4206,0,1232,成功
/pub/data/jiafq/iscas/Parser_Comparison/../benchmarks/part5/non-incremental/QF_BV/20221012-MCMPC/millionaires/millionaires.t1.i55.83980287.smt2,24.4147,0,1221,成功
/pub/data/jiafq/iscas/Parser_Comparison/../benchmarks/part5/non-incremental/QF_BV/20221012-MCMPC/millionaires/millionaires.t1.i55.90febad2.smt2,24.4817,0,1199,成功
/pub/data/jiafq/iscas/Parser_Comparison/../benchmarks/part5/non-incremental/QF_BV/20221012-MCMPC/millionaires/millionaires.t1.i55.9322050b.smt2,23.9846,0,1188,成功
/pub/data/jiafq/iscas/Parser_Comparison/../benchmarks/part5/non-incremental/QF_BV/20221012-MCMPC/millionaires/millionaires.t1.i55.9a912264.smt2,26.2902,0,1276,成功
/pub/data/jiafq/iscas/Parser_Comparison/../benchmarks/part5/non-incremental/QF_BV/20221012-MCMPC/millionaires/millionaires.t1.i55.9e59592d.smt2,25.8887,0,1254,成功
/pub/data/jiafq/iscas/Parser_Comparison/../benchmarks/part5/non-incremental/QF_BV/20221012-MCMPC/millionaires/millionaires.t1.i55.b8854f71.smt2,24.5168,0,1232,成功
/pub/data/jiafq/iscas/Parser_Comparison/../benchmarks/part5/non-incremental/QF_BV/20221012-MCMPC/millionaires/millionaires.t1.i55.cff867e6.smt2,32.4345,0,1232,成功
/pub/data/jiafq/iscas/Parser_Comparison/../benchmarks/part5/non-incremental/QF_BV/20221012-MCMPC/millionaires/millionaires.t1.i55.ea38ba07.smt2,29.1604,0,1243,成功
/pub/data/jiafq/iscas/Parser_Comparison/../benchmarks/part5/non-incremental/QF_BV/20221012-MCMPC/millionaires/millionaires.t1.i55.ebacbe63.smt2,26.6066,0,1177,成功
/pub/data/jiafq/iscas/Parser_Comparison/../benchmarks/part5/non-incremental/QF_BV/20221012-MCMPC/millionaires/millionaires.t1.i55.f332e654.smt2,25.0028,0,1232,成功
/pub/data/jiafq/iscas/Parser_Comparison/../benchmarks/part5/non-incremental/QF_BV/20221012-MCMPC/millionaires/millionaires.t1.i56.0a54de8d.smt2,24.6928,0,1185,成功
/pub/data/jiafq/iscas/Parser_Comparison/../benchmarks/part5/non-incremental/QF_BV/20221012-MCMPC/millionaires/millionaires.t1.i56.155a3b73.smt2,23.6607,0,1163,成功
/pub/data/jiafq/iscas/Parser_Comparison/../benchmarks/part5/non-incremental/QF_BV/20221012-MCMPC/millionaires/millionaires.t1.i56.1bd7a8d6.smt2,29.6274,0,1218,成功
/pub/data/jiafq/iscas/Parser_Comparison/../benchmarks/part5/non-incremental/QF_BV/20221012-MCMPC/millionaires/millionaires.t1.i56.279904e0.smt2,23.45,0,1185,成功
/pub/data/jiafq/iscas/Parser_Comparison/../benchmarks/part5/non-incremental/QF_BV/20221012-MCMPC/millionaires/millionaires.t1.i56.29ff41e0.smt2,23.4659,220,1174,成功
/pub/data/jiafq/iscas/Parser_Comparison/../benchmarks/part5/non-incremental/QF_BV/20221012-MCMPC/millionaires/millionaires.t1.i56.3e9585c8.smt2,24.1076,220,1196,成功
/pub/data/jiafq/iscas/Parser_Comparison/../benchmarks/part5/non-incremental/QF_BV/20221012-MCMPC/millionaires/millionaires.t1.i56.3f35845e.smt2,29.2077,0,1163,成功
/pub/data/jiafq/iscas/Parser_Comparison/../benchmarks/part5/non-incremental/QF_BV/20221012-MCMPC/millionaires/millionaires.t1.i56.413ae6c1.smt2,23.7178,0,1196,成功
/pub/data/jiafq/iscas/Parser_Comparison/../benchmarks/part5/non-incremental/QF_BV/20221012-MCMPC/millionaires/millionaires.t1.i56.47f07e7a.smt2,24.5845,0,1174,成功
/pub/data/jiafq/iscas/Parser_Comparison/../benchmarks/part5/non-incremental/QF_BV/20221012-MCMPC/millionaires/millionaires.t1.i56.49d72387.smt2,25.5344,0,1174,成功
/pub/data/jiafq/iscas/Parser_Comparison/../benchmarks/part5/non-incremental/QF_BV/20221012-MCMPC/millionaires/millionaires.t1.i56.56bcf5cc.smt2,28.7246,0,1185,成功
/pub/data/jiafq/iscas/Parser_Comparison/../benchmarks/part5/non-incremental/QF_BV/20221012-MCMPC/millionaires/millionaires.t1.i56.5ae15b9f.smt2,27.4757,0,1174,成功
/pub/data/jiafq/iscas/Parser_Comparison/../benchmarks/part5/non-incremental/QF_BV/20221012-MCMPC/millionaires/millionaires.t1.i56.5fb811a0.smt2,24.7556,0,1163,成功
/pub/data/jiafq/iscas/Parser_Comparison/../benchmarks/part5/non-incremental/QF_BV/20221012-MCMPC/millionaires/millionaires.t1.i56.69c1722f.smt2,31.4151,0,1174,成功
/pub/data/jiafq/iscas/Parser_Comparison/../benchmarks/part5/non-incremental/QF_BV/20221012-MCMPC/millionaires/millionaires.t1.i56.70fe0559.smt2,27.0348,0,1174,成功
/pub/data/jiafq/iscas/Parser_Comparison/../benchmarks/part5/non-incremental/QF_BV/20221012-MCMPC/millionaires/millionaires.t1.i56.86deffbf.smt2,26.5021,0,1163,成功
/pub/data/jiafq/iscas/Parser_Comparison/../benchmarks/part5/non-incremental/QF_BV/20221012-MCMPC/millionaires/millionaires.t1.i56.9db97e11.smt2,23.8296,0,1185,成功
/pub/data/jiafq/iscas/Parser_Comparison/../benchmarks/part5/non-incremental/QF_BV/20221012-MCMPC/millionaires/millionaires.t1.i56.ce079c17.smt2,25.5109,0,1196,成功
/pub/data/jiafq/iscas/Parser_Comparison/../benchmarks/part5/non-incremental/QF_BV/20221012-MCMPC/millionaires/millionaires.t1.i56.dbffe9cb.smt2,30.8847,0,1185,成功
/pub/data/jiafq/iscas/Parser_Comparison/../benchmarks/part5/non-incremental/QF_BV/20221012-MCMPC/millionaires/millionaires.t1.i56.de2a1fef.smt2,24.3602,0,1196,成功
/pub/data/jiafq/iscas/Parser_Comparison/../benchmarks/part5/non-incremental/QF_BV/20221012-MCMPC/millionaires/millionaires.t1.i56.f6e3c33b.smt2,31.0728,0,1196,成功
/pub/data/jiafq/iscas/Parser_Comparison/../benchmarks/part5/non-incremental/QF_BV/20221012-MCMPC/millionaires/millionaires.t1.i57.0aec3078.smt2,27.6775,0,1160,成功
/pub/data/jiafq/iscas/Parser_Comparison/../benchmarks/part5/non-incremental/QF_BV/20221012-MCMPC/millionaires/millionaires.t1.i57.109ed05f.smt2,23.783,0,1149,成功
/pub/data/jiafq/iscas/Parser_Comparison/../benchmarks/part5/non-incremental/QF_BV/20221012-MCMPC/millionaires/millionaires.t1.i57.268514f4.smt2,23.3353,0,1160,成功
/pub/data/jiafq/iscas/Parser_Comparison/../benchmarks/part5/non-incremental/QF_BV/20221012-MCMPC/millionaires/millionaires.t1.i57.28bfdf4c.smt2,22.5645,0,1116,成功
/pub/data/jiafq/iscas/Parser_Comparison/../benchmarks/part5/non-incremental/QF_BV/20221012-MCMPC/millionaires/millionaires.t1.i57.3067b764.smt2,23.3495,0,1127,成功
/pub/data/jiafq/iscas/Parser_Comparison/../benchmarks/part5/non-incremental/QF_BV/20221012-MCMPC/millionaires/millionaires.t1.i57.84c1eb3e.smt2,24.2098,0,1171,成功
/pub/data/jiafq/iscas/Parser_Comparison/../benchmarks/part5/non-incremental/QF_BV/20221012-MCMPC/millionaires/millionaires.t1.i57.8669804d.smt2,26.3934,0,1171,成功
/pub/data/jiafq/iscas/Parser_Comparison/../benchmarks/part5/non-incremental/QF_BV/20221012-MCMPC/millionaires/millionaires.t1.i57.903213ee.smt2,23.0685,0,1149,成功
/pub/data/jiafq/iscas/Parser_Comparison/../benchmarks/part5/non-incremental/QF_BV/20221012-MCMPC/millionaires/millionaires.t1.i57.b4fae73d.smt2,29.8913,0,1215,成功
/pub/data/jiafq/iscas/Parser_Comparison/../benchmarks/part5/non-incremental/QF_BV/20221012-MCMPC/millionaires/millionaires.t1.i57.c0f90337.smt2,25.434,0,1204,成功
/pub/data/jiafq/iscas/Parser_Comparison/../benchmarks/part5/non-incremental/QF_BV/20221012-MCMPC/millionaires/millionaires.t1.i57.def7d859.smt2,28.9821,220,1138,成功
/pub/data/jiafq/iscas/Parser_Comparison/../benchmarks/part5/non-incremental/QF_BV/20221012-MCMPC/millionaires/millionaires.t1.i57.fb0c190b.smt2,24.7472,0,1160,成功
/pub/data/jiafq/iscas/Parser_Comparison/../benchmarks/part5/non-incremental/QF_BV/20221012-MCMPC/millionaires/millionaires.t1.i57.fdb9a258.smt2,26.7323,0,1160,成功
/pub/data/jiafq/iscas/Parser_Comparison/../benchmarks/part5/non-incremental/QF_BV/20221012-MCMPC/millionaires/millionaires.t1.i58.1f323db8.smt2,23.9838,0,1190,成功
/pub/data/jiafq/iscas/Parser_Comparison/../benchmarks/part5/non-incremental/QF_BV/20221012-MCMPC/millionaires/millionaires.t1.i58.2226778b.smt2,23.3634,216,1168,成功
/pub/data/jiafq/iscas/Parser_Comparison/../benchmarks/part5/non-incremental/QF_BV/20221012-MCMPC/millionaires/millionaires.t1.i58.4e833a66.smt2,24.6539,0,1179,成功
/pub/data/jiafq/iscas/Parser_Comparison/../benchmarks/part5/non-incremental/QF_BV/20221012-MCMPC/millionaires/millionaires.t1.i58.5c46f351.smt2,23.6712,0,1157,成功
/pub/data/jiafq/iscas/Parser_Comparison/../benchmarks/part5/non-incremental/QF_BV/20221012-MCMPC/millionaires/millionaires.t1.i58.63b4fdfe.smt2,24.128,236,1190,成功
/pub/data/jiafq/iscas/Parser_Comparison/../benchmarks/part5/non-incremental/QF_BV/20221012-MCMPC/millionaires/millionaires.t1.i58.684f3ba4.smt2,24.6899,0,1168,成功
/pub/data/jiafq/iscas/Parser_Comparison/../benchmarks/part5/non-incremental/QF_BV/20221012-MCMPC/millionaires/millionaires.t1.i58.980d6be0.smt2,32.8696,0,1212,成功
/pub/data/jiafq/iscas/Parser_Comparison/../benchmarks/part5/non-incremental/QF_BV/20221012-MCMPC/millionaires/millionaires.t1.i58.9a640ecc.smt2,23.8616,0,1157,成功
/pub/data/jiafq/iscas/Parser_Comparison/../benchmarks/part5/non-incremental/QF_BV/20221012-MCMPC/millionaires/millionaires.t1.i58.a21191b6.smt2,23.6758,0,1179,成功
/pub/data/jiafq/iscas/Parser_Comparison/../benchmarks/part5/non-incremental/QF_BV/20221012-MCMPC/millionaires/millionaires.t1.i58.b67b67cf.smt2,27.6847,0,1223,成功
/pub/data/jiafq/iscas/Parser_Comparison/../benchmarks/part5/non-incremental/QF_BV/20221012-MCMPC/millionaires/millionaires.t1.i58.ce87804b.smt2,25.2157,0,1201,成功
/pub/data/jiafq/iscas/Parser_Comparison/../benchmarks/part5/non-incremental/QF_BV/20221012-MCMPC/millionaires/millionaires.t1.i58.d0d21bcc.smt2,24.771,0,1234,成功
/pub/data/jiafq/iscas/Parser_Comparison/../benchmarks/part5/non-incremental/QF_BV/20221012-MCMPC/millionaires/millionaires.t1.i58.d3bf1d1d.smt2,24.3311,0,1201,成功
/pub/data/jiafq/iscas/Parser_Comparison/../benchmarks/part5/non-incremental/QF_BV/20221012-MCMPC/millionaires/millionaires.t1.i59.0249c8de.smt2,27.8044,0,1154,成功
/pub/data/jiafq/iscas/Parser_Comparison/../benchmarks/part5/non-incremental/QF_BV/20221012-MCMPC/millionaires/millionaires.t1.i59.038e55b0.smt2,30.503,0,1165,成功
/pub/data/jiafq/iscas/Parser_Comparison/../benchmarks/part5/non-incremental/QF_BV/20221012-MCMPC/millionaires/millionaires.t1.i59.1abc0f91.smt2,22.49,0,1110,成功
/pub/data/jiafq/iscas/Parser_Comparison/../benchmarks/part5/non-incremental/QF_BV/20221012-MCMPC/millionaires/millionaires.t1.i59.35dc3170.smt2,23.5143,0,1154,成功
/pub/data/jiafq/iscas/Parser_Comparison/../benchmarks/part5/non-incremental/QF_BV/20221012-MCMPC/millionaires/millionaires.t1.i59.4bf938e0.smt2,22.5863,0,1132,成功
/pub/data/jiafq/iscas/Parser_Comparison/../benchmarks/part5/non-incremental/QF_BV/20221012-MCMPC/millionaires/millionaires.t1.i59.50db2a47.smt2,23.5589,0,1165,成功
/pub/data/jiafq/iscas/Parser_Comparison/../benchmarks/part5/non-incremental/QF_BV/20221012-MCMPC/millionaires/millionaires.t1.i59.585f40cc.smt2,21.8286,0,1099,成功
/pub/data/jiafq/iscas/Parser_Comparison/../benchmarks/part5/non-incremental/QF_BV/20221012-MCMPC/millionaires/millionaires.t1.i59.72736ab2.smt2,27.468,0,1110,成功
/pub/data/jiafq/iscas/Parser_Comparison/../benchmarks/part5/non-incremental/QF_BV/20221012-MCMPC/millionaires/millionaires.t1.i59.85b3aff1.smt2,22.3758,0,1121,成功
/pub/data/jiafq/iscas/Parser_Comparison/../benchmarks/part5/non-incremental/QF_BV/20221012-MCMPC/millionaires/millionaires.t1.i59.9ffe52e8.smt2,23.8969,0,1143,成功
/pub/data/jiafq/iscas/Parser_Comparison/../benchmarks/part5/non-incremental/QF_BV/20221012-MCMPC/millionaires/millionaires.t1.i59.b862c213.smt2,24.3103,0,1154,成功
/pub/data/jiafq/iscas/Parser_Comparison/../benchmarks/part5/non-incremental/QF_BV/20221012-MCMPC/millionaires/millionaires.t1.i59.d9b64f6f.smt2,25.3015,0,1187,成功
/pub/data/jiafq/iscas/Parser_Comparison/../benchmarks/part5/non-incremental/QF_BV/20221012-MCMPC/millionaires/millionaires.t1.i59.dac89530.smt2,25.2117,0,1121,成功
/pub/data/jiafq/iscas/Parser_Comparison/../benchmarks/part5/non-incremental/QF_BV/20221012-MCMPC/millionaires/millionaires.t1.i59.ee8bfec0.smt2,23.8953,0,1121,成功
/pub/data/jiafq/iscas/Parser_Comparison/../benchmarks/part5/non-incremental/QF_BV/20221012-MCMPC/millionaires/millionaires.t1.i59.ef8e4316.smt2,26.2652,0,1176,成功
/pub/data/jiafq/iscas/Parser_Comparison/../benchmarks/part5/non-incremental/QF_BV/20221012-MCMPC/millionaires/millionaires.t1.i59.f8c85a74.smt2,26.5467,0,1198,成功
/pub/data/jiafq/iscas/Parser_Comparison/../benchmarks/part5/non-incremental/QF_BV/20221012-MCMPC/millionaires/millionaires.t1.i6.025a5946.smt2,37.4143,0,1566,成功
/pub/data/jiafq/iscas/Parser_Comparison/../benchmarks/part5/non-incremental/QF_BV/20221012-MCMPC/millionaires/millionaires.t1.i6.51e44bb6.smt2,37.6306,0,1577,成功
/pub/data/jiafq/iscas/Parser_Comparison/../benchmarks/part5/non-incremental/QF_BV/20221012-MCMPC/millionaires/millionaires.t1.i6.6d119863.smt2,31.9473,0,1511,成功
/pub/data/jiafq/iscas/Parser_Comparison/../benchmarks/part5/non-incremental/QF_BV/20221012-MCMPC/millionaires/millionaires.t1.i6.b217908b.smt2,33.203,0,1577,成功
/pub/data/jiafq/iscas/Parser_Comparison/../benchmarks/part5/non-incremental/QF_BV/20221012-MCMPC/millionaires/millionaires.t1.i6.b8ae5fe9.smt2,32.8649,0,1555,成功
/pub/data/jiafq/iscas/Parser_Comparison/../benchmarks/part5/non-incremental/QF_BV/20221012-MCMPC/millionaires/millionaires.t1.i6.cafda5b1.smt2,39.179,0,1544,成功
/pub/data/jiafq/iscas/Parser_Comparison/../benchmarks/part5/non-incremental/QF_BV/20221012-MCMPC/millionaires/millionaires.t1.i6.f173397f.smt2,30.9044,0,1522,成功
/pub/data/jiafq/iscas/Parser_Comparison/../benchmarks/part5/non-incremental/QF_BV/20221012-MCMPC/millionaires/millionaires.t1.i60.046c1977.smt2,22.8159,0,1107,成功
/pub/data/jiafq/iscas/Parser_Comparison/../benchmarks/part5/non-incremental/QF_BV/20221012-MCMPC/millionaires/millionaires.t1.i60.2ccb5ff5.smt2,28.2126,0,1184,成功
/pub/data/jiafq/iscas/Parser_Comparison/../benchmarks/part5/non-incremental/QF_BV/20221012-MCMPC/millionaires/millionaires.t1.i60.4672ca24.smt2,30.4762,224,1151,成功
/pub/data/jiafq/iscas/Parser_Comparison/../benchmarks/part5/non-incremental/QF_BV/20221012-MCMPC/millionaires/millionaires.t1.i60.53d23e32.smt2,32.286,0,1118,成功
/pub/data/jiafq/iscas/Parser_Comparison/../benchmarks/part5/non-incremental/QF_BV/20221012-MCMPC/millionaires/millionaires.t1.i60.5c092271.smt2,29.9798,0,1173,成功
/pub/data/jiafq/iscas/Parser_Comparison/../benchmarks/part5/non-incremental/QF_BV/20221012-MCMPC/millionaires/millionaires.t1.i60.982ba41d.smt2,24.9646,0,1184,成功
/pub/data/jiafq/iscas/Parser_Comparison/../benchmarks/part5/non-incremental/QF_BV/20221012-MCMPC/millionaires/millionaires.t1.i60.af2f8472.smt2,24.8695,0,1184,成功
/pub/data/jiafq/iscas/Parser_Comparison/../benchmarks/part5/non-incremental/QF_BV/20221012-MCMPC/millionaires/millionaires.t1.i60.af404634.smt2,25.0433,0,1162,成功
/pub/data/jiafq/iscas/Parser_Comparison/../benchmarks/part5/non-incremental/QF_BV/20221012-MCMPC/millionaires/millionaires.t1.i60.e31414f7.smt2,26.8561,0,1140,成功
/pub/data/jiafq/iscas/Parser_Comparison/../benchmarks/part5/non-incremental/QF_BV/20221012-MCMPC/millionaires/millionaires.t1.i60.f86cdb89.smt2,24.4316,0,1195,成功
/pub/data/jiafq/iscas/Parser_Comparison/../benchmarks/part5/non-incremental/QF_BV/20221012-MCMPC/millionaires/millionaires.t1.i61.0fa3d780.smt2,30.7826,0,1203,成功
/pub/data/jiafq/iscas/Parser_Comparison/../benchmarks/part5/non-incremental/QF_BV/20221012-MCMPC/millionaires/millionaires.t1.i61.179da3fc.smt2,23.3782,0,1148,成功
/pub/data/jiafq/iscas/Parser_Comparison/../benchmarks/part5/non-incremental/QF_BV/20221012-MCMPC/millionaires/millionaires.t1.i61.22e096a1.smt2,24.5696,0,1170,成功
/pub/data/jiafq/iscas/Parser_Comparison/../benchmarks/part5/non-incremental/QF_BV/20221012-MCMPC/millionaires/millionaires.t1.i61.375b23a6.smt2,23.384,0,1137,成功
/pub/data/jiafq/iscas/Parser_Comparison/../benchmarks/part5/non-incremental/QF_BV/20221012-MCMPC/millionaires/millionaires.t1.i61.3a426668.smt2,24.2224,0,1192,成功
/pub/data/jiafq/iscas/Parser_Comparison/../benchmarks/part5/non-incremental/QF_BV/20221012-MCMPC/millionaires/millionaires.t1.i61.3fcb8e66.smt2,24.212,0,1104,成功
/pub/data/jiafq/iscas/Parser_Comparison/../benchmarks/part5/non-incremental/QF_BV/20221012-MCMPC/millionaires/millionaires.t1.i61.46f74ba5.smt2,24.5377,0,1181,成功
/pub/data/jiafq/iscas/Parser_Comparison/../benchmarks/part5/non-incremental/QF_BV/20221012-MCMPC/millionaires/millionaires.t1.i61.4ee9e1da.smt2,24.4333,0,1170,成功
/pub/data/jiafq/iscas/Parser_Comparison/../benchmarks/part5/non-incremental/QF_BV/20221012-MCMPC/millionaires/millionaires.t1.i61.50664338.smt2,27.5879,0,1203,成功
/pub/data/jiafq/iscas/Parser_Comparison/../benchmarks/part5/non-incremental/QF_BV/20221012-MCMPC/millionaires/millionaires.t1.i61.51392f85.smt2,26.7162,0,1214,成功
/pub/data/jiafq/iscas/Parser_Comparison/../benchmarks/part5/non-incremental/QF_BV/20221012-MCMPC/millionaires/millionaires.t1.i61.7b1fb429.smt2,26.7916,0,1225,成功
/pub/data/jiafq/iscas/Parser_Comparison/../benchmarks/part5/non-incremental/QF_BV/20221012-MCMPC/millionaires/millionaires.t1.i61.7c6eb355.smt2,24.5483,0,1159,成功
/pub/data/jiafq/iscas/Parser_Comparison/../benchmarks/part5/non-incremental/QF_BV/20221012-MCMPC/millionaires/millionaires.t1.i61.87e2e0de.smt2,23.9348,0,1137,成功
/pub/data/jiafq/iscas/Parser_Comparison/../benchmarks/part5/non-incremental/QF_BV/20221012-MCMPC/millionaires/millionaires.t1.i61.96bb926f.smt2,24.1458,0,1170,成功
/pub/data/jiafq/iscas/Parser_Comparison/../benchmarks/part5/non-incremental/QF_BV/20221012-MCMPC/millionaires/millionaires.t1.i61.9c5f2ffc.smt2,24.7054,0,1159,成功
/pub/data/jiafq/iscas/Parser_Comparison/../benchmarks/part5/non-incremental/QF_BV/20221012-MCMPC/millionaires/millionaires.t1.i61.9f61ed89.smt2,25.6932,0,1148,成功
/pub/data/jiafq/iscas/Parser_Comparison/../benchmarks/part5/non-incremental/QF_BV/20221012-MCMPC/millionaires/millionaires.t1.i61.a0be7805.smt2,24.3671,0,1181,成功
/pub/data/jiafq/iscas/Parser_Comparison/../benchmarks/part5/non-incremental/QF_BV/20221012-MCMPC/millionaires/millionaires.t1.i61.ad3d06dd.smt2,27.4558,0,1192,成功
/pub/data/jiafq/iscas/Parser_Comparison/../benchmarks/part5/non-incremental/QF_BV/20221012-MCMPC/millionaires/millionaires.t1.i61.b39ce609.smt2,24.6137,0,1115,成功
/pub/data/jiafq/iscas/Parser_Comparison/../benchmarks/part5/non-incremental/QF_BV/20221012-MCMPC/millionaires/millionaires.t1.i61.ccbabe0f.smt2,23.2537,0,1126,成功
/pub/data/jiafq/iscas/Parser_Comparison/../benchmarks/part5/non-incremental/QF_BV/20221012-MCMPC/millionaires/millionaires.t1.i61.ddef8d8b.smt2,28.8497,0,1159,成功
/pub/data/jiafq/iscas/Parser_Comparison/../benchmarks/part5/non-incremental/QF_BV/20221012-MCMPC/millionaires/millionaires.t1.i61.ef6845b4.smt2,24.0253,0,1181,成功
/pub/data/jiafq/iscas/Parser_Comparison/../benchmarks/part5/non-incremental/QF_BV/20221012-MCMPC/millionaires/millionaires.t1.i61.f14cff0e.smt2,23.6925,0,1159,成功
/pub/data/jiafq/iscas/Parser_Comparison/../benchmarks/part5/non-incremental/QF_BV/20221012-MCMPC/millionaires/millionaires.t1.i61.f4053ef3.smt2,24.3902,0,1214,成功
/pub/data/jiafq/iscas/Parser_Comparison/../benchmarks/part5/non-incremental/QF_BV/20221012-MCMPC/millionaires/millionaires.t1.i62.04a1a244.smt2,24.0295,0,1156,成功
/pub/data/jiafq/iscas/Parser_Comparison/../benchmarks/part5/non-incremental/QF_BV/20221012-MCMPC/millionaires/millionaires.t1.i62.0645ef66.smt2,27.7678,0,1123,成功
/pub/data/jiafq/iscas/Parser_Comparison/../benchmarks/part5/non-incremental/QF_BV/20221012-MCMPC/millionaires/millionaires.t1.i62.0709f7b5.smt2,24.293,0,1167,成功
/pub/data/jiafq/iscas/Parser_Comparison/../benchmarks/part5/non-incremental/QF_BV/20221012-MCMPC/millionaires/millionaires.t1.i62.2ab98a94.smt2,22.542,0,1123,成功
/pub/data/jiafq/iscas/Parser_Comparison/../benchmarks/part5/non-incremental/QF_BV/20221012-MCMPC/millionaires/millionaires.t1.i62.2f84611b.smt2,30.984,0,1123,成功
/pub/data/jiafq/iscas/Parser_Comparison/../benchmarks/part5/non-incremental/QF_BV/20221012-MCMPC/millionaires/millionaires.t1.i62.3009c862.smt2,29.2791,0,1112,成功
/pub/data/jiafq/iscas/Parser_Comparison/../benchmarks/part5/non-incremental/QF_BV/20221012-MCMPC/millionaires/millionaires.t1.i62.3124c54e.smt2,28.0732,0,1134,成功
/pub/data/jiafq/iscas/Parser_Comparison/../benchmarks/part5/non-incremental/QF_BV/20221012-MCMPC/millionaires/millionaires.t1.i62.41383a1c.smt2,21.8056,0,1101,成功
/pub/data/jiafq/iscas/Parser_Comparison/../benchmarks/part5/non-incremental/QF_BV/20221012-MCMPC/millionaires/millionaires.t1.i62.45595355.smt2,25.2141,0,1167,成功
/pub/data/jiafq/iscas/Parser_Comparison/../benchmarks/part5/non-incremental/QF_BV/20221012-MCMPC/millionaires/millionaires.t1.i62.4e0a434a.smt2,27.4265,0,1156,成功
/pub/data/jiafq/iscas/Parser_Comparison/../benchmarks/part5/non-incremental/QF_BV/20221012-MCMPC/millionaires/millionaires.t1.i62.51a9254d.smt2,29.4011,0,1123,成功
/pub/data/jiafq/iscas/Parser_Comparison/../benchmarks/part5/non-incremental/QF_BV/20221012-MCMPC/millionaires/millionaires.t1.i62.5bdb6c20.smt2,26.9396,0,1134,成功
/pub/data/jiafq/iscas/Parser_Comparison/../benchmarks/part5/non-incremental/QF_BV/20221012-MCMPC/millionaires/millionaires.t1.i62.5f1de6dc.smt2,24.1088,0,1134,成功
/pub/data/jiafq/iscas/Parser_Comparison/../benchmarks/part5/non-incremental/QF_BV/20221012-MCMPC/millionaires/millionaires.t1.i62.606cb8e4.smt2,30.6056,0,1134,成功
/pub/data/jiafq/iscas/Parser_Comparison/../benchmarks/part5/non-incremental/QF_BV/20221012-MCMPC/millionaires/millionaires.t1.i62.64c24ef8.smt2,33.0422,0,1189,成功
/pub/data/jiafq/iscas/Parser_Comparison/../benchmarks/part5/non-incremental/QF_BV/20221012-MCMPC/millionaires/millionaires.t1.i62.71a42411.smt2,23.4632,0,1145,成功
/pub/data/jiafq/iscas/Parser_Comparison/../benchmarks/part5/non-incremental/QF_BV/20221012-MCMPC/millionaires/millionaires.t1.i62.7519bfd3.smt2,29.0614,0,1156,成功
/pub/data/jiafq/iscas/Parser_Comparison/../benchmarks/part5/non-incremental/QF_BV/20221012-MCMPC/millionaires/millionaires.t1.i62.755b8e96.smt2,24.0601,0,1178,成功
/pub/data/jiafq/iscas/Parser_Comparison/../benchmarks/part5/non-incremental/QF_BV/20221012-MCMPC/millionaires/millionaires.t1.i62.99dde700.smt2,23.3495,0,1167,成功
/pub/data/jiafq/iscas/Parser_Comparison/../benchmarks/part5/non-incremental/QF_BV/20221012-MCMPC/millionaires/millionaires.t1.i62.9aecd426.smt2,31.7444,0,1167,成功
/pub/data/jiafq/iscas/Parser_Comparison/../benchmarks/part5/non-incremental/QF_BV/20221012-MCMPC/millionaires/millionaires.t1.i62.aaff8225.smt2,27.5332,0,1145,成功
/pub/data/jiafq/iscas/Parser_Comparison/../benchmarks/part5/non-incremental/QF_BV/20221012-MCMPC/millionaires/millionaires.t1.i62.b15c5c58.smt2,24.1923,0,1112,成功
/pub/data/jiafq/iscas/Parser_Comparison/../benchmarks/part5/non-incremental/QF_BV/20221012-MCMPC/millionaires/millionaires.t1.i62.be46f5b4.smt2,30.205,0,1145,成功
/pub/data/jiafq/iscas/Parser_Comparison/../benchmarks/part5/non-incremental/QF_BV/20221012-MCMPC/millionaires/millionaires.t1.i62.bf4513df.smt2,24.7601,0,1178,成功
/pub/data/jiafq/iscas/Parser_Comparison/../benchmarks/part5/non-incremental/QF_BV/20221012-MCMPC/millionaires/millionaires.t1.i62.ce4eea53.smt2,29.8808,0,1156,成功
/pub/data/jiafq/iscas/Parser_Comparison/../benchmarks/part5/non-incremental/QF_BV/20221012-MCMPC/millionaires/millionaires.t1.i62.d681d6e8.smt2,24.6837,0,1112,成功
/pub/data/jiafq/iscas/Parser_Comparison/../benchmarks/part5/non-incremental/QF_BV/20221012-MCMPC/millionaires/millionaires.t1.i62.dd38c1f3.smt2,25.7062,0,1178,成功
/pub/data/jiafq/iscas/Parser_Comparison/../benchmarks/part5/non-incremental/QF_BV/20221012-MCMPC/millionaires/millionaires.t1.i62.e82f11a2.smt2,23.6101,0,1134,成功
/pub/data/jiafq/iscas/Parser_Comparison/../benchmarks/part5/non-incremental/QF_BV/20221012-MCMPC/millionaires/millionaires.t1.i62.eb9f2c5c.smt2,25.4077,0,1145,成功
/pub/data/jiafq/iscas/Parser_Comparison/../benchmarks/part5/non-incremental/QF_BV/20221012-MCMPC/millionaires/millionaires.t1.i62.f151bbfe.smt2,21.8427,0,1101,成功
/pub/data/jiafq/iscas/Parser_Comparison/../benchmarks/part5/non-incremental/QF_BV/20221012-MCMPC/millionaires/millionaires.t1.i62.f242c7b4.smt2,26.1418,0,1156,成功
/pub/data/jiafq/iscas/Parser_Comparison/../benchmarks/part5/non-incremental/QF_BV/20221012-MCMPC/millionaires/millionaires.t1.i63.072b5d30.smt2,26.7158,0,1175,成功
/pub/data/jiafq/iscas/Parser_Comparison/../benchmarks/part5/non-incremental/QF_BV/20221012-MCMPC/millionaires/millionaires.t1.i63.085bc4aa.smt2,24.9192,0,1131,成功
/pub/data/jiafq/iscas/Parser_Comparison/../benchmarks/part5/non-incremental/QF_BV/20221012-MCMPC/millionaires/millionaires.t1.i63.0bd4ab75.smt2,26.0802,0,1142,成功
/pub/data/jiafq/iscas/Parser_Comparison/../benchmarks/part5/non-incremental/QF_BV/20221012-MCMPC/millionaires/millionaires.t1.i63.13ec485a.smt2,23.1018,0,1120,成功
/pub/data/jiafq/iscas/Parser_Comparison/../benchmarks/part5/non-incremental/QF_BV/20221012-MCMPC/millionaires/millionaires.t1.i63.20d0a8cd.smt2,25.2129,0,1197,成功
/pub/data/jiafq/iscas/Parser_Comparison/../benchmarks/part5/non-incremental/QF_BV/20221012-MCMPC/millionaires/millionaires.t1.i63.212a06db.smt2,22.476,0,1120,成功
/pub/data/jiafq/iscas/Parser_Comparison/../benchmarks/part5/non-incremental/QF_BV/20221012-MCMPC/millionaires/millionaires.t1.i63.23287174.smt2,24.0204,0,1131,成功
/pub/data/jiafq/iscas/Parser_Comparison/../benchmarks/part5/non-incremental/QF_BV/20221012-MCMPC/millionaires/millionaires.t1.i63.25fdafc1.smt2,23.455,0,1153,成功
/pub/data/jiafq/iscas/Parser_Comparison/../benchmarks/part5/non-incremental/QF_BV/20221012-MCMPC/millionaires/millionaires.t1.i63.2eb49268.smt2,23.0544,0,1142,成功
/pub/data/jiafq/iscas/Parser_Comparison/../benchmarks/part5/non-incremental/QF_BV/20221012-MCMPC/millionaires/millionaires.t1.i63.3b37f5cc.smt2,24.2014,0,1175,成功
/pub/data/jiafq/iscas/Parser_Comparison/../benchmarks/part5/non-incremental/QF_BV/20221012-MCMPC/millionaires/millionaires.t1.i63.3f943691.smt2,29.1976,0,1131,成功
/pub/data/jiafq/iscas/Parser_Comparison/../benchmarks/part5/non-incremental/QF_BV/20221012-MCMPC/millionaires/millionaires.t1.i63.442c1787.smt2,28.827,0,1142,成功
/pub/data/jiafq/iscas/Parser_Comparison/../benchmarks/part5/non-incremental/QF_BV/20221012-MCMPC/millionaires/millionaires.t1.i63.49f47021.smt2,23.0346,0,1131,成功
/pub/data/jiafq/iscas/Parser_Comparison/../benchmarks/part5/non-incremental/QF_BV/20221012-MCMPC/millionaires/millionaires.t1.i63.4da78e11.smt2,23.7058,0,1153,成功
/pub/data/jiafq/iscas/Parser_Comparison/../benchmarks/part5/non-incremental/QF_BV/20221012-MCMPC/millionaires/millionaires.t1.i63.4e785465.smt2,28.6718,0,1164,成功
/pub/data/jiafq/iscas/Parser_Comparison/../benchmarks/part5/non-incremental/QF_BV/20221012-MCMPC/millionaires/millionaires.t1.i63.5c3e541e.smt2,22.6861,0,1142,成功
/pub/data/jiafq/iscas/Parser_Comparison/../benchmarks/part5/non-incremental/QF_BV/20221012-MCMPC/millionaires/millionaires.t1.i63.5ea69221.smt2,29.641,0,1120,成功
/pub/data/jiafq/iscas/Parser_Comparison/../benchmarks/part5/non-incremental/QF_BV/20221012-MCMPC/millionaires/millionaires.t1.i63.63ae294a.smt2,23.7951,0,1153,成功
/pub/data/jiafq/iscas/Parser_Comparison/../benchmarks/part5/non-incremental/QF_BV/20221012-MCMPC/millionaires/millionaires.t1.i63.74f3777b.smt2,28.8695,0,1131,成功
/pub/data/jiafq/iscas/Parser_Comparison/../benchmarks/part5/non-incremental/QF_BV/20221012-MCMPC/millionaires/millionaires.t1.i63.90d2eb68.smt2,23.6524,0,1164,成功
/pub/data/jiafq/iscas/Parser_Comparison/../benchmarks/part5/non-incremental/QF_BV/20221012-MCMPC/millionaires/millionaires.t1.i63.964a5eef.smt2,24.9076,0,1186,成功
/pub/data/jiafq/iscas/Parser_Comparison/../benchmarks/part5/non-incremental/QF_BV/20221012-MCMPC/millionaires/millionaires.t1.i63.9aa10336.smt2,25.7815,0,1142,成功
/pub/data/jiafq/iscas/Parser_Comparison/../benchmarks/part5/non-incremental/QF_BV/20221012-MCMPC/millionaires/millionaires.t1.i63.9d31613e.smt2,24.1513,0,1164,成功
/pub/data/jiafq/iscas/Parser_Comparison/../benchmarks/part5/non-incremental/QF_BV/20221012-MCMPC/millionaires/millionaires.t1.i63.9d9cd586.smt2,22.8547,0,1109,成功
/pub/data/jiafq/iscas/Parser_Comparison/../benchmarks/part5/non-incremental/QF_BV/20221012-MCMPC/millionaires/millionaires.t1.i63.a73568b7.smt2,30.6331,0,1153,成功
/pub/data/jiafq/iscas/Parser_Comparison/../benchmarks/part5/non-incremental/QF_BV/20221012-MCMPC/millionaires/millionaires.t1.i63.b5254753.smt2,22.196,0,1109,成功
/pub/data/jiafq/iscas/Parser_Comparison/../benchmarks/part5/non-incremental/QF_BV/20221012-MCMPC/millionaires/millionaires.t1.i63.c175d77d.smt2,23.8739,0,1164,成功
/pub/data/jiafq/iscas/Parser_Comparison/../benchmarks/part5/non-incremental/QF_BV/20221012-MCMPC/millionaires/millionaires.t1.i63.c8a9ac5a.smt2,24.3477,0,1131,成功
/pub/data/jiafq/iscas/Parser_Comparison/../benchmarks/part5/non-incremental/QF_BV/20221012-MCMPC/millionaires/millionaires.t1.i63.cc5ce62c.smt2,23.1358,0,1153,成功
/pub/data/jiafq/iscas/Parser_Comparison/../benchmarks/part5/non-incremental/QF_BV/20221012-MCMPC/millionaires/millionaires.t1.i63.ccb49dd8.smt2,29.0441,0,1153,成功
/pub/data/jiafq/iscas/Parser_Comparison/../benchmarks/part5/non-incremental/QF_BV/20221012-MCMPC/millionaires/millionaires.t1.i63.d99cad90.smt2,30.3237,0,1186,成功
/pub/data/jiafq/iscas/Parser_Comparison/../benchmarks/part5/non-incremental/QF_BV/20221012-MCMPC/millionaires/millionaires.t1.i63.f5da5e74.smt2,29.3163,0,1120,成功
/pub/data/jiafq/iscas/Parser_Comparison/../benchmarks/part5/non-incremental/QF_BV/20221012-MCMPC/millionaires/millionaires.t1.i63.fc093ea7.smt2,23.2124,0,1120,成功
/pub/data/jiafq/iscas/Parser_Comparison/../benchmarks/part5/non-incremental/QF_BV/20221012-MCMPC/millionaires/millionaires.t1.i64.08b730eb.smt2,23.169,0,1117,成功
/pub/data/jiafq/iscas/Parser_Comparison/../benchmarks/part5/non-incremental/QF_BV/20221012-MCMPC/millionaires/millionaires.t1.i64.0b2dd246.smt2,24.6263,0,1161,成功
/pub/data/jiafq/iscas/Parser_Comparison/../benchmarks/part5/non-incremental/QF_BV/20221012-MCMPC/millionaires/millionaires.t1.i64.15739c4e.smt2,24.5413,0,1106,成功
/pub/data/jiafq/iscas/Parser_Comparison/../benchmarks/part5/non-incremental/QF_BV/20221012-MCMPC/millionaires/millionaires.t1.i64.1806af4c.smt2,29.0465,0,1117,成功
/pub/data/jiafq/iscas/Parser_Comparison/../benchmarks/part5/non-incremental/QF_BV/20221012-MCMPC/millionaires/millionaires.t1.i64.19c3a361.smt2,25.4545,0,1139,成功
/pub/data/jiafq/iscas/Parser_Comparison/../benchmarks/part5/non-incremental/QF_BV/20221012-MCMPC/millionaires/millionaires.t1.i64.3046f6b3.smt2,24.8468,0,1183,成功
/pub/data/jiafq/iscas/Parser_Comparison/../benchmarks/part5/non-incremental/QF_BV/20221012-MCMPC/millionaires/millionaires.t1.i64.3c9d67a6.smt2,22.0491,0,1117,成功
/pub/data/jiafq/iscas/Parser_Comparison/../benchmarks/part5/non-incremental/QF_BV/20221012-MCMPC/millionaires/millionaires.t1.i64.418b56b0.smt2,28.6896,0,1128,成功
/pub/data/jiafq/iscas/Parser_Comparison/../benchmarks/part5/non-incremental/QF_BV/20221012-MCMPC/millionaires/millionaires.t1.i64.4c545a31.smt2,25.6588,0,1117,成功
/pub/data/jiafq/iscas/Parser_Comparison/../benchmarks/part5/non-incremental/QF_BV/20221012-MCMPC/millionaires/millionaires.t1.i64.503d0846.smt2,31.1835,0,1205,成功
/pub/data/jiafq/iscas/Parser_Comparison/../benchmarks/part5/non-incremental/QF_BV/20221012-MCMPC/millionaires/millionaires.t1.i64.65c4ab6a.smt2,22.5104,0,1128,成功
/pub/data/jiafq/iscas/Parser_Comparison/../benchmarks/part5/non-incremental/QF_BV/20221012-MCMPC/millionaires/millionaires.t1.i64.6ee1e163.smt2,24.9116,0,1128,成功
/pub/data/jiafq/iscas/Parser_Comparison/../benchmarks/part5/non-incremental/QF_BV/20221012-MCMPC/millionaires/millionaires.t1.i64.711cc5bb.smt2,27.5747,0,1139,成功
/pub/data/jiafq/iscas/Parser_Comparison/../benchmarks/part5/non-incremental/QF_BV/20221012-MCMPC/millionaires/millionaires.t1.i64.7aec99ae.smt2,30.3307,0,1194,成功
/pub/data/jiafq/iscas/Parser_Comparison/../benchmarks/part5/non-incremental/QF_BV/20221012-MCMPC/millionaires/millionaires.t1.i64.7c4bb4f7.smt2,30.6673,0,1117,成功
/pub/data/jiafq/iscas/Parser_Comparison/../benchmarks/part5/non-incremental/QF_BV/20221012-MCMPC/millionaires/millionaires.t1.i64.9b7d607d.smt2,24.8941,0,1216,成功
/pub/data/jiafq/iscas/Parser_Comparison/../benchmarks/part5/non-incremental/QF_BV/20221012-MCMPC/millionaires/millionaires.t1.i64.9b8fa1f6.smt2,22.6911,0,1117,成功
/pub/data/jiafq/iscas/Parser_Comparison/../benchmarks/part5/non-incremental/QF_BV/20221012-MCMPC/millionaires/millionaires.t1.i64.9beadd51.smt2,25.2773,0,1128,成功
/pub/data/jiafq/iscas/Parser_Comparison/../benchmarks/part5/non-incremental/QF_BV/20221012-MCMPC/millionaires/millionaires.t1.i64.9d30dc1b.smt2,29.9506,0,1172,成功
/pub/data/jiafq/iscas/Parser_Comparison/../benchmarks/part5/non-incremental/QF_BV/20221012-MCMPC/millionaires/millionaires.t1.i64.9d72b7cd.smt2,24.1073,0,1117,成功
/pub/data/jiafq/iscas/Parser_Comparison/../benchmarks/part5/non-incremental/QF_BV/20221012-MCMPC/millionaires/millionaires.t1.i64.a39af69b.smt2,23.7921,0,1150,成功
/pub/data/jiafq/iscas/Parser_Comparison/../benchmarks/part5/non-incremental/QF_BV/20221012-MCMPC/millionaires/millionaires.t1.i64.bb45b95c.smt2,22.5618,0,1128,成功
/pub/data/jiafq/iscas/Parser_Comparison/../benchmarks/part5/non-incremental/QF_BV/20221012-MCMPC/millionaires/millionaires.t1.i64.bd87b59d.smt2,23.796,0,1117,成功
/pub/data/jiafq/iscas/Parser_Comparison/../benchmarks/part5/non-incremental/QF_BV/20221012-MCMPC/millionaires/millionaires.t1.i64.be19631e.smt2,24.2689,0,1128,成功
/pub/data/jiafq/iscas/Parser_Comparison/../benchmarks/part5/non-incremental/QF_BV/20221012-MCMPC/millionaires/millionaires.t1.i64.d7ce10dd.smt2,22.5261,0,1117,成功
/pub/data/jiafq/iscas/Parser_Comparison/../benchmarks/part5/non-incremental/QF_BV/20221012-MCMPC/millionaires/millionaires.t1.i64.d862f780.smt2,22.953,0,1117,成功
/pub/data/jiafq/iscas/Parser_Comparison/../benchmarks/part5/non-incremental/QF_BV/20221012-MCMPC/millionaires/millionaires.t1.i64.d9c504d9.smt2,23.4476,0,1117,成功
/pub/data/jiafq/iscas/Parser_Comparison/../benchmarks/part5/non-incremental/QF_BV/20221012-MCMPC/millionaires/millionaires.t1.i64.f0d637f1.smt2,25.9318,0,1139,成功
/pub/data/jiafq/iscas/Parser_Comparison/../benchmarks/part5/non-incremental/QF_BV/20221012-MCMPC/millionaires/millionaires.t1.i64.f1f5bca7.smt2,23.3229,0,1128,成功
/pub/data/jiafq/iscas/Parser_Comparison/../benchmarks/part5/non-incremental/QF_BV/20221012-MCMPC/millionaires/millionaires.t1.i64.fabd50a4.smt2,28.7138,0,1117,成功
/pub/data/jiafq/iscas/Parser_Comparison/../benchmarks/part5/non-incremental/QF_BV/20221012-MCMPC/millionaires/millionaires.t1.i64.ff5d1d67.smt2,30.1125,0,1150,成功
/pub/data/jiafq/iscas/Parser_Comparison/../benchmarks/part5/non-incremental/QF_BV/20221012-MCMPC/millionaires/millionaires.t1.i7.014332c0.smt2,31.8805,0,1574,成功
/pub/data/jiafq/iscas/Parser_Comparison/../benchmarks/part5/non-incremental/QF_BV/20221012-MCMPC/millionaires/millionaires.t1.i7.08218e41.smt2,35.8162,0,1585,成功
/pub/data/jiafq/iscas/Parser_Comparison/../benchmarks/part5/non-incremental/QF_BV/20221012-MCMPC/millionaires/millionaires.t1.i7.0c6950ce.smt2,31.9866,0,1497,成功
/pub/data/jiafq/iscas/Parser_Comparison/../benchmarks/part5/non-incremental/QF_BV/20221012-MCMPC/millionaires/millionaires.t1.i7.0ced8b88.smt2,15.7027,0,736,成功
/pub/data/jiafq/iscas/Parser_Comparison/../benchmarks/part5/non-incremental/QF_BV/20221012-MCMPC/millionaires/millionaires.t1.i7.0e98eb3e.smt2,36.8132,0,1640,成功
/pub/data/jiafq/iscas/Parser_Comparison/../benchmarks/part5/non-incremental/QF_BV/20221012-MCMPC/millionaires/millionaires.t1.i7.15db87d4.smt2,29.2641,0,1453,成功
/pub/data/jiafq/iscas/Parser_Comparison/../benchmarks/part5/non-incremental/QF_BV/20221012-MCMPC/millionaires/millionaires.t1.i7.33098a81.smt2,29.992,0,1475,成功
/pub/data/jiafq/iscas/Parser_Comparison/../benchmarks/part5/non-incremental/QF_BV/20221012-MCMPC/millionaires/millionaires.t1.i7.3b593c9c.smt2,30.714,224,1442,成功
/pub/data/jiafq/iscas/Parser_Comparison/../benchmarks/part5/non-incremental/QF_BV/20221012-MCMPC/millionaires/millionaires.t1.i7.563c10ab.smt2,39.8917,0,1563,成功
/pub/data/jiafq/iscas/Parser_Comparison/../benchmarks/part5/non-incremental/QF_BV/20221012-MCMPC/millionaires/millionaires.t1.i7.8bb155ba.smt2,31.039,0,1442,成功
/pub/data/jiafq/iscas/Parser_Comparison/../benchmarks/part5/non-incremental/QF_BV/20221012-MCMPC/millionaires/millionaires.t1.i7.a401fcdd.smt2,29.544,0,1464,成功
/pub/data/jiafq/iscas/Parser_Comparison/../benchmarks/part5/non-incremental/QF_BV/20221012-MCMPC/millionaires/millionaires.t1.i7.a58d2d24.smt2,30.7348,0,1486,成功
/pub/data/jiafq/iscas/Parser_Comparison/../benchmarks/part5/non-incremental/QF_BV/20221012-MCMPC/millionaires/millionaires.t1.i7.a7f9259e.smt2,34.2045,0,1651,成功
/pub/data/jiafq/iscas/Parser_Comparison/../benchmarks/part5/non-incremental/QF_BV/20221012-MCMPC/millionaires/millionaires.t1.i7.b338bffd.smt2,34.0104,0,1629,成功
/pub/data/jiafq/iscas/Parser_Comparison/../benchmarks/part5/non-incremental/QF_BV/20221012-MCMPC/millionaires/millionaires.t1.i7.c8a4e8ee.smt2,30.5452,228,1409,成功
/pub/data/jiafq/iscas/Parser_Comparison/../benchmarks/part5/non-incremental/QF_BV/20221012-MCMPC/millionaires/millionaires.t1.i7.ce18895e.smt2,31.714,0,1420,成功
/pub/data/jiafq/iscas/Parser_Comparison/../benchmarks/part5/non-incremental/QF_BV/20221012-MCMPC/millionaires/millionaires.t1.i7.e12c74a0.smt2,34.6211,0,1574,成功
/pub/data/jiafq/iscas/Parser_Comparison/../benchmarks/part5/non-incremental/QF_BV/20221012-MCMPC/millionaires/millionaires.t1.i7.e59928d0.smt2,31.9684,0,1519,成功
/pub/data/jiafq/iscas/Parser_Comparison/../benchmarks/part5/non-incremental/QF_BV/20221012-MCMPC/millionaires/millionaires.t1.i7.f45ce2d0.smt2,32.6858,0,1508,成功
/pub/data/jiafq/iscas/Parser_Comparison/../benchmarks/part5/non-incremental/QF_BV/20221012-MCMPC/millionaires/millionaires.t1.i7.fdee9799.smt2,35.2506,0,1486,成功
/pub/data/jiafq/iscas/Parser_Comparison/../benchmarks/part5/non-incremental/QF_BV/20221012-MCMPC/millionaires/millionaires.t1.i8.16302e23.smt2,31.1553,0,1516,成功
/pub/data/jiafq/iscas/Parser_Comparison/../benchmarks/part5/non-incremental/QF_BV/20221012-MCMPC/millionaires/millionaires.t1.i8.1db83742.smt2,35.6385,0,1593,成功
/pub/data/jiafq/iscas/Parser_Comparison/../benchmarks/part5/non-incremental/QF_BV/20221012-MCMPC/millionaires/millionaires.t1.i8.24c0d2db.smt2,32.6562,0,1450,成功
/pub/data/jiafq/iscas/Parser_Comparison/../benchmarks/part5/non-incremental/QF_BV/20221012-MCMPC/millionaires/millionaires.t1.i8.37aca8e5.smt2,19.1907,0,788,成功
/pub/data/jiafq/iscas/Parser_Comparison/../benchmarks/part5/non-incremental/QF_BV/20221012-MCMPC/millionaires/millionaires.t1.i8.3b4d2c3a.smt2,31.1399,0,1472,成功
/pub/data/jiafq/iscas/Parser_Comparison/../benchmarks/part5/non-incremental/QF_BV/20221012-MCMPC/millionaires/millionaires.t1.i8.3e0f795e.smt2,30.4947,0,1472,成功
/pub/data/jiafq/iscas/Parser_Comparison/../benchmarks/part5/non-incremental/QF_BV/20221012-MCMPC/millionaires/millionaires.t1.i8.4a346ffe.smt2,32.073,0,1615,成功
/pub/data/jiafq/iscas/Parser_Comparison/../benchmarks/part5/non-incremental/QF_BV/20221012-MCMPC/millionaires/millionaires.t1.i8.50e50d74.smt2,29.5213,0,1483,成功
/pub/data/jiafq/iscas/Parser_Comparison/../benchmarks/part5/non-incremental/QF_BV/20221012-MCMPC/millionaires/millionaires.t1.i8.53fc11ed.smt2,35.2164,0,1461,成功
/pub/data/jiafq/iscas/Parser_Comparison/../benchmarks/part5/non-incremental/QF_BV/20221012-MCMPC/millionaires/millionaires.t1.i8.5a572128.smt2,33.8925,0,1604,成功
/pub/data/jiafq/iscas/Parser_Comparison/../benchmarks/part5/non-incremental/QF_BV/20221012-MCMPC/millionaires/millionaires.t1.i8.68b14c8b.smt2,37.8566,0,1505,成功
/pub/data/jiafq/iscas/Parser_Comparison/../benchmarks/part5/non-incremental/QF_BV/20221012-MCMPC/millionaires/millionaires.t1.i8.70d9fcec.smt2,18.071,0,799,成功
/pub/data/jiafq/iscas/Parser_Comparison/../benchmarks/part5/non-incremental/QF_BV/20221012-MCMPC/millionaires/millionaires.t1.i8.7b988dd8.smt2,30.5226,240,1494,成功
/pub/data/jiafq/iscas/Parser_Comparison/../benchmarks/part5/non-incremental/QF_BV/20221012-MCMPC/millionaires/millionaires.t1.i8.97c1e60f.smt2,33.1431,0,1626,成功
/pub/data/jiafq/iscas/Parser_Comparison/../benchmarks/part5/non-incremental/QF_BV/20221012-MCMPC/millionaires/millionaires.t1.i8.9f69cef2.smt2,33.8891,0,1483,成功
/pub/data/jiafq/iscas/Parser_Comparison/../benchmarks/part5/non-incremental/QF_BV/20221012-MCMPC/millionaires/millionaires.t1.i8.c3cc84bc.smt2,33.9019,0,1549,成功
/pub/data/jiafq/iscas/Parser_Comparison/../benchmarks/part5/non-incremental/QF_BV/20221012-MCMPC/millionaires/millionaires.t1.i8.e4e9752a.smt2,34.1631,0,1560,成功
/pub/data/jiafq/iscas/Parser_Comparison/../benchmarks/part5/non-incremental/QF_BV/20221012-MCMPC/millionaires/millionaires.t1.i9.12abd37d.smt2,37.213,0,1447,成功
/pub/data/jiafq/iscas/Parser_Comparison/../benchmarks/part5/non-incremental/QF_BV/20221012-MCMPC/millionaires/millionaires.t1.i9.1bb15ac1.smt2,36.7452,0,1447,成功
/pub/data/jiafq/iscas/Parser_Comparison/../benchmarks/part5/non-incremental/QF_BV/20221012-MCMPC/millionaires/millionaires.t1.i9.1e3b38aa.smt2,31.2178,0,1403,成功
/pub/data/jiafq/iscas/Parser_Comparison/../benchmarks/part5/non-incremental/QF_BV/20221012-MCMPC/millionaires/millionaires.t1.i9.245c5c48.smt2,18.9075,0,785,成功
/pub/data/jiafq/iscas/Parser_Comparison/../benchmarks/part5/non-incremental/QF_BV/20221012-MCMPC/millionaires/millionaires.t1.i9.3174bba0.smt2,37.4755,0,1546,成功
/pub/data/jiafq/iscas/Parser_Comparison/../benchmarks/part5/non-incremental/QF_BV/20221012-MCMPC/millionaires/millionaires.t1.i9.38bb5eba.smt2,17.2573,0,774,成功
/pub/data/jiafq/iscas/Parser_Comparison/../benchmarks/part5/non-incremental/QF_BV/20221012-MCMPC/millionaires/millionaires.t1.i9.3cb5249d.smt2,39.9178,0,1634,成功
/pub/data/jiafq/iscas/Parser_Comparison/../benchmarks/part5/non-incremental/QF_BV/20221012-MCMPC/millionaires/millionaires.t1.i9.3cd7e3f1.smt2,28.8401,0,1414,成功
/pub/data/jiafq/iscas/Parser_Comparison/../benchmarks/part5/non-incremental/QF_BV/20221012-MCMPC/millionaires/millionaires.t1.i9.48423296.smt2,34.7255,0,1656,成功
/pub/data/jiafq/iscas/Parser_Comparison/../benchmarks/part5/non-incremental/QF_BV/20221012-MCMPC/millionaires/millionaires.t1.i9.5b5ae3fb.smt2,33.9352,0,1645,成功
/pub/data/jiafq/iscas/Parser_Comparison/../benchmarks/part5/non-incremental/QF_BV/20221012-MCMPC/millionaires/millionaires.t1.i9.623974a9.smt2,16.5638,0,730,成功
/pub/data/jiafq/iscas/Parser_Comparison/../benchmarks/part5/non-incremental/QF_BV/20221012-MCMPC/millionaires/millionaires.t1.i9.6375915d.smt2,28.1072,0,1381,成功
/pub/data/jiafq/iscas/Parser_Comparison/../benchmarks/part5/non-incremental/QF_BV/20221012-MCMPC/millionaires/millionaires.t1.i9.7082daf1.smt2,16.3066,0,686,成功
/pub/data/jiafq/iscas/Parser_Comparison/../benchmarks/part5/non-incremental/QF_BV/20221012-MCMPC/millionaires/millionaires.t1.i9.7a32f1f4.smt2,29.1969,0,1436,成功
/pub/data/jiafq/iscas/Parser_Comparison/../benchmarks/part5/non-incremental/QF_BV/20221012-MCMPC/millionaires/millionaires.t1.i9.87b9d522.smt2,33.5078,0,1667,成功
/pub/data/jiafq/iscas/Parser_Comparison/../benchmarks/part5/non-incremental/QF_BV/20221012-MCMPC/millionaires/millionaires.t1.i9.98f2716d.smt2,36.6887,0,1535,成功
/pub/data/jiafq/iscas/Parser_Comparison/../benchmarks/part5/non-incremental/QF_BV/20221012-MCMPC/millionaires/millionaires.t1.i9.9a56d315.smt2,39.1159,0,1524,成功
/pub/data/jiafq/iscas/Parser_Comparison/../benchmarks/part5/non-incremental/QF_BV/20221012-MCMPC/millionaires/millionaires.t1.i9.a36a1d86.smt2,42.4781,0,1678,成功
/pub/data/jiafq/iscas/Parser_Comparison/../benchmarks/part5/non-incremental/QF_BV/20221012-MCMPC/millionaires/millionaires.t1.i9.adfd3fc4.smt2,16.1118,0,741,成功
/pub/data/jiafq/iscas/Parser_Comparison/../benchmarks/part5/non-incremental/QF_BV/20221012-MCMPC/millionaires/millionaires.t1.i9.ae4b52b4.smt2,15.5758,0,719,成功
/pub/data/jiafq/iscas/Parser_Comparison/../benchmarks/part5/non-incremental/QF_BV/20221012-MCMPC/millionaires/millionaires.t1.i9.b25235c2.smt2,41.6017,0,1689,成功
/pub/data/jiafq/iscas/Parser_Comparison/../benchmarks/part5/non-incremental/QF_BV/20221012-MCMPC/millionaires/millionaires.t1.i9.b7878020.smt2,37.3901,0,1645,成功
/pub/data/jiafq/iscas/Parser_Comparison/../benchmarks/part5/non-incremental/QF_BV/20221012-MCMPC/millionaires/millionaires.t1.i9.b9d51cbc.smt2,37.1192,0,1667,成功
/pub/data/jiafq/iscas/Parser_Comparison/../benchmarks/part5/non-incremental/QF_BV/20221012-MCMPC/millionaires/millionaires.t1.i9.be1f2f79.smt2,23.0224,0,730,成功
/pub/data/jiafq/iscas/Parser_Comparison/../benchmarks/part5/non-incremental/QF_BV/20221012-MCMPC/millionaires/millionaires.t1.i9.c5b16bad.smt2,37.6548,0,1656,成功
/pub/data/jiafq/iscas/Parser_Comparison/../benchmarks/part5/non-incremental/QF_BV/20221012-MCMPC/millionaires/millionaires.t1.i9.c6386ecf.smt2,40.964,0,1590,成功
/pub/data/jiafq/iscas/Parser_Comparison/../benchmarks/part5/non-incremental/QF_BV/20221012-MCMPC/millionaires/millionaires.t1.i9.c648fffc.smt2,16.0252,0,741,成功
/pub/data/jiafq/iscas/Parser_Comparison/../benchmarks/part5/non-incremental/QF_BV/20221012-MCMPC/millionaires/millionaires.t1.i9.d573baee.smt2,20.2036,0,719,成功
/pub/data/jiafq/iscas/Parser_Comparison/../benchmarks/part5/non-incremental/QF_BV/20221012-MCMPC/millionaires/millionaires.t1.i9.d5efb03e.smt2,16.9458,0,708,成功
/pub/data/jiafq/iscas/Parser_Comparison/../benchmarks/part5/non-incremental/QF_BV/20221012-MCMPC/millionaires/millionaires.t1.i9.d64b0b29.smt2,28.788,0,1392,成功
/pub/data/jiafq/iscas/Parser_Comparison/../benchmarks/part5/non-incremental/QF_BV/20221012-MCMPC/millionaires/millionaires.t1.i9.ef952f1c.smt2,18.8243,0,697,成功
/pub/data/jiafq/iscas/Parser_Comparison/../benchmarks/part5/non-incremental/QF_BV/20221012-MCMPC/millionaires/millionaires.t2.i1.db565f53.smt2,43.9237,0,1777,成功
/pub/data/jiafq/iscas/Parser_Comparison/../benchmarks/part5/non-incremental/QF_BV/20221012-MCMPC/millionaires/millionaires.t2.i10.555a68d9.smt2,37.233,0,1819,成功
/pub/data/jiafq/iscas/Parser_Comparison/../benchmarks/part5/non-incremental/QF_BV/20221012-MCMPC/millionaires/millionaires.t2.i10.e796e80d.smt2,37.8319,0,1804,成功
/pub/data/jiafq/iscas/Parser_Comparison/../benchmarks/part5/non-incremental/QF_BV/20221012-MCMPC/millionaires/millionaires.t2.i12.36c0dd19.smt2,44.183,0,1825,成功
/pub/data/jiafq/iscas/Parser_Comparison/../benchmarks/part5/non-incremental/QF_BV/20221012-MCMPC/millionaires/millionaires.t2.i13.3586cabb.smt2,38.9871,0,1828,成功
/pub/data/jiafq/iscas/Parser_Comparison/../benchmarks/part5/non-incremental/QF_BV/20221012-MCMPC/millionaires/millionaires.t2.i14.9420b526.smt2,39.3728,0,1831,成功
/pub/data/jiafq/iscas/Parser_Comparison/../benchmarks/part5/non-incremental/QF_BV/20221012-MCMPC/millionaires/millionaires.t2.i17.1b966e25.smt2,43.1041,0,1870,成功
/pub/data/jiafq/iscas/Parser_Comparison/../benchmarks/part5/non-incremental/QF_BV/20221012-MCMPC/millionaires/millionaires.t2.i17.2f58b5c6.smt2,44.1916,0,1855,成功
/pub/data/jiafq/iscas/Parser_Comparison/../benchmarks/part5/non-incremental/QF_BV/20221012-MCMPC/millionaires/millionaires.t2.i19.6fe6df28.smt2,40.3688,0,1861,成功
/pub/data/jiafq/iscas/Parser_Comparison/../benchmarks/part5/non-incremental/QF_BV/20221012-MCMPC/millionaires/millionaires.t2.i19.c2dfaeb4.smt2,42.7513,0,1876,成功
/pub/data/jiafq/iscas/Parser_Comparison/../benchmarks/part5/non-incremental/QF_BV/20221012-MCMPC/millionaires/millionaires.t2.i2.6604d6f4.smt2,39.3667,0,1780,成功
/pub/data/jiafq/iscas/Parser_Comparison/../benchmarks/part5/non-incremental/QF_BV/20221012-MCMPC/millionaires/millionaires.t2.i20.94e3ce39.smt2,40.6735,0,1864,成功
/pub/data/jiafq/iscas/Parser_Comparison/../benchmarks/part5/non-incremental/QF_BV/20221012-MCMPC/millionaires/millionaires.t2.i21.240431e4.smt2,47.281,0,1852,成功
/pub/data/jiafq/iscas/Parser_Comparison/../benchmarks/part5/non-incremental/QF_BV/20221012-MCMPC/millionaires/millionaires.t2.i21.98a3167b.smt2,37.5345,0,1837,成功
/pub/data/jiafq/iscas/Parser_Comparison/../benchmarks/part5/non-incremental/QF_BV/20221012-MCMPC/millionaires/millionaires.t2.i21.fb2f18b1.smt2,45.9499,0,1867,成功
/pub/data/jiafq/iscas/Parser_Comparison/../benchmarks/part5/non-incremental/QF_BV/20221012-MCMPC/millionaires/millionaires.t2.i23.12ad59e9.smt2,42.2231,0,1768,成功
/pub/data/jiafq/iscas/Parser_Comparison/../benchmarks/part5/non-incremental/QF_BV/20221012-MCMPC/millionaires/millionaires.t2.i23.24b6fa36.smt2,38.2128,0,1843,成功
/pub/data/jiafq/iscas/Parser_Comparison/../benchmarks/part5/non-incremental/QF_BV/20221012-MCMPC/millionaires/millionaires.t2.i23.24bcdea6.smt2,36.9948,0,1783,成功
/pub/data/jiafq/iscas/Parser_Comparison/../benchmarks/part5/non-incremental/QF_BV/20221012-MCMPC/millionaires/millionaires.t2.i23.32f9c8f7.smt2,39.3994,0,1858,成功
/pub/data/jiafq/iscas/Parser_Comparison/../benchmarks/part5/non-incremental/QF_BV/20221012-MCMPC/millionaires/millionaires.t2.i23.6d980fe8.smt2,37.552,0,1798,成功
/pub/data/jiafq/iscas/Parser_Comparison/../benchmarks/part5/non-incremental/QF_BV/20221012-MCMPC/millionaires/millionaires.t2.i23.7a0bba4b.smt2,44.5235,0,1828,成功
/pub/data/jiafq/iscas/Parser_Comparison/../benchmarks/part5/non-incremental/QF_BV/20221012-MCMPC/millionaires/millionaires.t2.i23.9d640f09.smt2,43.7124,0,1813,成功
/pub/data/jiafq/iscas/Parser_Comparison/../benchmarks/part5/non-incremental/QF_BV/20221012-MCMPC/millionaires/millionaires.t2.i26.52615d95.smt2,36.7524,0,1792,成功
/pub/data/jiafq/iscas/Parser_Comparison/../benchmarks/part5/non-incremental/QF_BV/20221012-MCMPC/millionaires/millionaires.t2.i26.b6debea0.smt2,37.7778,0,1807,成功
/pub/data/jiafq/iscas/Parser_Comparison/../benchmarks/part5/non-incremental/QF_BV/20221012-MCMPC/millionaires/millionaires.t2.i28.018b8c37.smt2,38.3866,0,1783,成功
/pub/data/jiafq/iscas/Parser_Comparison/../benchmarks/part5/non-incremental/QF_BV/20221012-MCMPC/millionaires/millionaires.t2.i28.46a231b2.smt2,44.1385,0,1768,成功
/pub/data/jiafq/iscas/Parser_Comparison/../benchmarks/part5/non-incremental/QF_BV/20221012-MCMPC/millionaires/millionaires.t2.i28.640d8240.smt2,43.2237,0,1813,成功
/pub/data/jiafq/iscas/Parser_Comparison/../benchmarks/part5/non-incremental/QF_BV/20221012-MCMPC/millionaires/millionaires.t2.i28.d7715302.smt2,40.0354,0,1798,成功
/pub/data/jiafq/iscas/Parser_Comparison/../benchmarks/part5/non-incremental/QF_BV/20221012-MCMPC/millionaires/millionaires.t2.i28.dd1c11e1.smt2,39.7644,0,1753,成功
/pub/data/jiafq/iscas/Parser_Comparison/../benchmarks/part5/non-incremental/QF_BV/20221012-MCMPC/millionaires/millionaires.t2.i28.f5481cc1.smt2,37.4088,0,1738,成功
/pub/data/jiafq/iscas/Parser_Comparison/../benchmarks/part5/non-incremental/QF_BV/20221012-MCMPC/millionaires/millionaires.t2.i30.88451170.smt2,36.8304,0,1759,成功
/pub/data/jiafq/iscas/Parser_Comparison/../benchmarks/part5/non-incremental/QF_BV/20221012-MCMPC/millionaires/millionaires.t2.i32.a5ff80d1.smt2,38.1362,0,1750,成功
/pub/data/jiafq/iscas/Parser_Comparison/../benchmarks/part5/non-incremental/QF_BV/20221012-MCMPC/millionaires/millionaires.t2.i32.b512870e.smt2,46.4283,0,1765,成功
/pub/data/jiafq/iscas/Parser_Comparison/../benchmarks/part5/non-incremental/QF_BV/20221012-MCMPC/millionaires/millionaires.t2.i32.c871e337.smt2,36.9495,0,1780,成功
/pub/data/jiafq/iscas/Parser_Comparison/../benchmarks/part5/non-incremental/QF_BV/20221012-MCMPC/millionaires/millionaires.t2.i34.26692d8d.smt2,37.4516,0,1771,成功
/pub/data/jiafq/iscas/Parser_Comparison/../benchmarks/part5/non-incremental/QF_BV/20221012-MCMPC/millionaires/millionaires.t2.i34.3f3be080.smt2,44.8304,0,1741,成功
/pub/data/jiafq/iscas/Parser_Comparison/../benchmarks/part5/non-incremental/QF_BV/20221012-MCMPC/millionaires/millionaires.t2.i34.a088abe8.smt2,39.7058,0,1756,成功
/pub/data/jiafq/iscas/Parser_Comparison/../benchmarks/part5/non-incremental/QF_BV/20221012-MCMPC/millionaires/millionaires.t2.i38.358108cc.smt2,37.7213,0,1768,成功
/pub/data/jiafq/iscas/Parser_Comparison/../benchmarks/part5/non-incremental/QF_BV/20221012-MCMPC/millionaires/millionaires.t2.i38.5391ea46.smt2,38.8872,0,1798,成功
/pub/data/jiafq/iscas/Parser_Comparison/../benchmarks/part5/non-incremental/QF_BV/20221012-MCMPC/millionaires/millionaires.t2.i38.71f77e63.smt2,40.0393,0,1753,成功
/pub/data/jiafq/iscas/Parser_Comparison/../benchmarks/part5/non-incremental/QF_BV/20221012-MCMPC/millionaires/millionaires.t2.i38.76d0e64a.smt2,44.7314,0,1783,成功
/pub/data/jiafq/iscas/Parser_Comparison/../benchmarks/part5/non-incremental/QF_BV/20221012-MCMPC/millionaires/millionaires.t2.i41.24d9b89e.smt2,37.8417,0,1762,成功
/pub/data/jiafq/iscas/Parser_Comparison/../benchmarks/part5/non-incremental/QF_BV/20221012-MCMPC/millionaires/millionaires.t2.i41.57bf378e.smt2,37.006,0,1777,成功
/pub/data/jiafq/iscas/Parser_Comparison/../benchmarks/part5/non-incremental/QF_BV/20221012-MCMPC/millionaires/millionaires.t2.i41.cf372682.smt2,69.9274,228,1792,成功
/pub/data/jiafq/iscas/Parser_Comparison/../benchmarks/part5/non-incremental/QF_BV/20221012-MCMPC/millionaires/millionaires.t2.i41.f87f3b78.smt2,44.4598,0,1747,成功
/pub/data/jiafq/iscas/Parser_Comparison/../benchmarks/part5/non-incremental/QF_BV/20221012-MCMPC/millionaires/millionaires.t2.i43.047dfe40.smt2,36.454,0,1768,成功
/pub/data/jiafq/iscas/Parser_Comparison/../benchmarks/part5/non-incremental/QF_BV/20221012-MCMPC/millionaires/millionaires.t2.i43.81a23d15.smt2,36.411,0,1723,成功
/pub/data/jiafq/iscas/Parser_Comparison/../benchmarks/part5/non-incremental/QF_BV/20221012-MCMPC/millionaires/millionaires.t2.i43.958bd193.smt2,36.2781,0,1753,成功
/pub/data/jiafq/iscas/Parser_Comparison/../benchmarks/part5/non-incremental/QF_BV/20221012-MCMPC/millionaires/millionaires.t2.i43.de43a7b2.smt2,39.4568,0,1738,成功
/pub/data/jiafq/iscas/Parser_Comparison/../benchmarks/part5/non-incremental/QF_BV/20221012-MCMPC/millionaires/millionaires.t2.i51.0fc5625f.smt2,35.7879,0,1732,成功
/pub/data/jiafq/iscas/Parser_Comparison/../benchmarks/part5/non-incremental/QF_BV/20221012-MCMPC/millionaires/millionaires.t2.i51.3994eb06.smt2,45.8651,0,1837,成功
/pub/data/jiafq/iscas/Parser_Comparison/../benchmarks/part5/non-incremental/QF_BV/20221012-MCMPC/millionaires/millionaires.t2.i51.3bda3944.smt2,40.4081,0,1792,成功
/pub/data/jiafq/iscas/Parser_Comparison/../benchmarks/part5/non-incremental/QF_BV/20221012-MCMPC/millionaires/millionaires.t2.i51.59b1ab5f.smt2,37.4766,0,1807,成功
/pub/data/jiafq/iscas/Parser_Comparison/../benchmarks/part5/non-incremental/QF_BV/20221012-MCMPC/millionaires/millionaires.t2.i51.62431f3c.smt2,36.3626,0,1762,成功
/pub/data/jiafq/iscas/Parser_Comparison/../benchmarks/part5/non-incremental/QF_BV/20221012-MCMPC/millionaires/millionaires.t2.i51.8074bbc8.smt2,37.8951,0,1717,成功
/pub/data/jiafq/iscas/Parser_Comparison/../benchmarks/part5/non-incremental/QF_BV/20221012-MCMPC/millionaires/millionaires.t2.i51.83d6e050.smt2,38.3947,0,1852,成功
/pub/data/jiafq/iscas/Parser_Comparison/../benchmarks/part5/non-incremental/QF_BV/20221012-MCMPC/millionaires/millionaires.t2.i51.906e3121.smt2,38.4118,0,1777,成功
/pub/data/jiafq/iscas/Parser_Comparison/../benchmarks/part5/non-incremental/QF_BV/20221012-MCMPC/millionaires/millionaires.t2.i51.a42cc4da.smt2,35.3017,0,1702,成功
/pub/data/jiafq/iscas/Parser_Comparison/../benchmarks/part5/non-incremental/QF_BV/20221012-MCMPC/millionaires/millionaires.t2.i51.a83b09dc.smt2,36.0741,0,1747,成功
/pub/data/jiafq/iscas/Parser_Comparison/../benchmarks/part5/non-incremental/QF_BV/20221012-MCMPC/millionaires/millionaires.t2.i51.b11c1137.smt2,35.8484,0,1687,成功
/pub/data/jiafq/iscas/Parser_Comparison/../benchmarks/part5/non-incremental/QF_BV/20221012-MCMPC/millionaires/millionaires.t2.i51.cb41ce18.smt2,43.4375,0,1822,成功
/pub/data/jiafq/iscas/Parser_Comparison/../benchmarks/part5/non-incremental/QF_BV/20221012-MCMPC/millionaires/millionaires.t2.i52.7123ca53.smt2,36.0163,0,1690,成功
/pub/data/jiafq/iscas/Parser_Comparison/../benchmarks/part5/non-incremental/QF_BV/20221012-MCMPC/millionaires/millionaires.t2.i6.18ba89a0.smt2,40.5414,0,1837,成功
/pub/data/jiafq/iscas/Parser_Comparison/../benchmarks/part5/non-incremental/QF_BV/20221012-MCMPC/millionaires/millionaires.t2.i6.596f2aae.smt2,37.5284,0,1822,成功
/pub/data/jiafq/iscas/Parser_Comparison/../benchmarks/part5/non-incremental/QF_BV/20221012-MCMPC/millionaires/millionaires.t2.i60.136d1c0b.smt2,43.4814,0,1774,成功
/pub/data/jiafq/iscas/Parser_Comparison/../benchmarks/part5/non-incremental/QF_BV/20221012-MCMPC/millionaires/millionaires.t2.i60.1d17fc4f.smt2,46.3599,0,1819,成功
/pub/data/jiafq/iscas/Parser_Comparison/../benchmarks/part5/non-incremental/QF_BV/20221012-MCMPC/millionaires/millionaires.t2.i60.3276c10f.smt2,41.7254,0,1789,成功
/pub/data/jiafq/iscas/Parser_Comparison/../benchmarks/part5/non-incremental/QF_BV/20221012-MCMPC/millionaires/millionaires.t2.i60.e8755738.smt2,38.4999,0,1804,成功
/pub/data/jiafq/iscas/Parser_Comparison/../benchmarks/part5/non-incremental/QF_BV/20221012-MCMPC/millionaires/millionaires.t2.i62.12c2b9f1.smt2,38.3209,0,1795,成功
/pub/data/jiafq/iscas/Parser_Comparison/../benchmarks/part5/non-incremental/QF_BV/20221012-MCMPC/millionaires/millionaires.t2.i62.9d6331ec.smt2,39.5199,0,1780,成功
/pub/data/jiafq/iscas/Parser_Comparison/../benchmarks/part5/non-incremental/QF_BV/20221012-MCMPC/millionaires/millionaires.t2.i63.c208f63f.smt2,40.9404,0,1768,成功
/pub/data/jiafq/iscas/Parser_Comparison/../benchmarks/part5/non-incremental/QF_BV/20221012-MCMPC/millionaires/millionaires.t2.i63.ce1ffb23.smt2,42.3243,0,1783,成功
/pub/data/jiafq/iscas/Parser_Comparison/../benchmarks/part5/non-incremental/QF_BV/20221012-MCMPC/millionaires/millionaires.t2.i64.5bf0422c.smt2,36.677,0,1756,成功
/pub/data/jiafq/iscas/Parser_Comparison/../benchmarks/part5/non-incremental/QF_BV/20221012-MCMPC/millionaires/millionaires.t2.i64.908d5969.smt2,38.0631,0,1771,成功
/pub/data/jiafq/iscas/Parser_Comparison/../benchmarks/part5/non-incremental/QF_BV/20221012-MCMPC/millionaires/millionaires.t2.i7.7e805bd6.smt2,43.2509,0,1810,成功
/pub/data/jiafq/iscas/Parser_Comparison/../benchmarks/part5/non-incremental/QF_BV/20221012-MCMPC/millionaires/millionaires.t2.i7.cab3953c.smt2,38.5715,0,1825,成功
/pub/data/jiafq/iscas/Parser_Comparison/../benchmarks/part5/non-incremental/QF_BV/20221012-MCMPC/millionaires/millionaires.t2.i8.477d66ba.smt2,39.1428,220,1813,成功
/pub/data/jiafq/iscas/Parser_Comparison/../benchmarks/part5/non-incremental/QF_BV/20221012-MCMPC/millionaires/millionaires.t2.i9.01d12ded.smt2,40.0196,0,1816,成功
/pub/data/jiafq/iscas/Parser_Comparison/../benchmarks/part5/non-incremental/QF_BV/20221012-MCMPC/millionaires/millionaires.t3.i1.12842d08.smt2,47.4642,0,1932,成功
/pub/data/jiafq/iscas/Parser_Comparison/../benchmarks/part5/non-incremental/QF_BV/20221012-MCMPC/millionaires/millionaires.t3.i11.b7529674.smt2,40.2137,0,1907,成功
/pub/data/jiafq/iscas/Parser_Comparison/../benchmarks/part5/non-incremental/QF_BV/20221012-MCMPC/millionaires/millionaires.t3.i11.fb25597e.smt2,40.3363,0,1926,成功
/pub/data/jiafq/iscas/Parser_Comparison/../benchmarks/part5/non-incremental/QF_BV/20221012-MCMPC/millionaires/millionaires.t3.i14.468d69e0.smt2,41.7468,216,1966,成功
/pub/data/jiafq/iscas/Parser_Comparison/../benchmarks/part5/non-incremental/QF_BV/20221012-MCMPC/millionaires/millionaires.t3.i14.5206cb66.smt2,48.8969,0,1947,成功
/pub/data/jiafq/iscas/Parser_Comparison/../benchmarks/part5/non-incremental/QF_BV/20221012-MCMPC/millionaires/millionaires.t3.i14.b2a47251.smt2,39.9582,0,1928,成功
/pub/data/jiafq/iscas/Parser_Comparison/../benchmarks/part5/non-incremental/QF_BV/20221012-MCMPC/millionaires/millionaires.t3.i15.5387631a.smt2,40.0995,0,1916,成功
/pub/data/jiafq/iscas/Parser_Comparison/../benchmarks/part5/non-incremental/QF_BV/20221012-MCMPC/millionaires/millionaires.t3.i15.e8a1f49e.smt2,47.9363,0,1935,成功
/pub/data/jiafq/iscas/Parser_Comparison/../benchmarks/part5/non-incremental/QF_BV/20221012-MCMPC/millionaires/millionaires.t3.i16.10950f0a.smt2,39.6273,212,1923,成功
/pub/data/jiafq/iscas/Parser_Comparison/../benchmarks/part5/non-incremental/QF_BV/20221012-MCMPC/millionaires/millionaires.t3.i18.434b98e1.smt2,41.1847,240,1956,成功
/pub/data/jiafq/iscas/Parser_Comparison/../benchmarks/part5/non-incremental/QF_BV/20221012-MCMPC/millionaires/millionaires.t3.i19.16d60e3a.smt2,40.6882,0,1925,成功
/pub/data/jiafq/iscas/Parser_Comparison/../benchmarks/part5/non-incremental/QF_BV/20221012-MCMPC/millionaires/millionaires.t3.i19.74343610.smt2,43.7092,0,1944,成功
/pub/data/jiafq/iscas/Parser_Comparison/../benchmarks/part5/non-incremental/QF_BV/20221012-MCMPC/millionaires/millionaires.t3.i19.a3abe7da.smt2,47.1144,0,1963,成功
/pub/data/jiafq/iscas/Parser_Comparison/../benchmarks/part5/non-incremental/QF_BV/20221012-MCMPC/millionaires/millionaires.t3.i2.b87184ea.smt2,40.1675,0,1939,成功
/pub/data/jiafq/iscas/Parser_Comparison/../benchmarks/part5/non-incremental/QF_BV/20221012-MCMPC/millionaires/millionaires.t3.i21.2f4c343d.smt2,48.2111,0,1958,成功
/pub/data/jiafq/iscas/Parser_Comparison/../benchmarks/part5/non-incremental/QF_BV/20221012-MCMPC/millionaires/millionaires.t3.i21.5b0544c6.smt2,43.459,0,1939,成功
/pub/data/jiafq/iscas/Parser_Comparison/../benchmarks/part5/non-incremental/QF_BV/20221012-MCMPC/millionaires/millionaires.t3.i25.43b00b27.smt2,42.976,0,2024,成功
/pub/data/jiafq/iscas/Parser_Comparison/../benchmarks/part5/non-incremental/QF_BV/20221012-MCMPC/millionaires/millionaires.t3.i28.047d4697.smt2,44.2851,0,2045,成功
/pub/data/jiafq/iscas/Parser_Comparison/../benchmarks/part5/non-incremental/QF_BV/20221012-MCMPC/millionaires/millionaires.t3.i28.ae76b256.smt2,44.3096,0,2083,成功
/pub/data/jiafq/iscas/Parser_Comparison/../benchmarks/part5/non-incremental/QF_BV/20221012-MCMPC/millionaires/millionaires.t3.i28.b86bdbe3.smt2,48.0728,0,2026,成功
/pub/data/jiafq/iscas/Parser_Comparison/../benchmarks/part5/non-incremental/QF_BV/20221012-MCMPC/millionaires/millionaires.t3.i28.ef4fc096.smt2,44.4188,0,2064,成功
/pub/data/jiafq/iscas/Parser_Comparison/../benchmarks/part5/non-incremental/QF_BV/20221012-MCMPC/millionaires/millionaires.t3.i3.b00ac359.smt2,42.4726,0,1946,成功
/pub/data/jiafq/iscas/Parser_Comparison/../benchmarks/part5/non-incremental/QF_BV/20221012-MCMPC/millionaires/millionaires.t3.i31.3a45f5aa.smt2,49.592,0,2047,成功
/pub/data/jiafq/iscas/Parser_Comparison/../benchmarks/part5/non-incremental/QF_BV/20221012-MCMPC/millionaires/millionaires.t3.i31.8a8863ae.smt2,52.6947,0,2085,成功
/pub/data/jiafq/iscas/Parser_Comparison/../benchmarks/part5/non-incremental/QF_BV/20221012-MCMPC/millionaires/millionaires.t3.i31.ce3823a1.smt2,51.0717,0,2028,成功
/pub/data/jiafq/iscas/Parser_Comparison/../benchmarks/part5/non-incremental/QF_BV/20221012-MCMPC/millionaires/millionaires.t3.i31.d007bd15.smt2,52.0529,0,2066,成功
/pub/data/jiafq/iscas/Parser_Comparison/../benchmarks/part5/non-incremental/QF_BV/20221012-MCMPC/millionaires/millionaires.t3.i35.f6cabf49.smt2,44.8466,0,2113,成功
/pub/data/jiafq/iscas/Parser_Comparison/../benchmarks/part5/non-incremental/QF_BV/20221012-MCMPC/millionaires/millionaires.t3.i37.7998cb96.smt2,47.3114,0,2146,成功
/pub/data/jiafq/iscas/Parser_Comparison/../benchmarks/part5/non-incremental/QF_BV/20221012-MCMPC/millionaires/millionaires.t3.i37.7eabcb40.smt2,55.3004,0,2127,成功
/pub/data/jiafq/iscas/Parser_Comparison/../benchmarks/part5/non-incremental/QF_BV/20221012-MCMPC/millionaires/millionaires.t3.i38.42f1fab6.smt2,55.1775,0,2134,成功
/pub/data/jiafq/iscas/Parser_Comparison/../benchmarks/part5/non-incremental/QF_BV/20221012-MCMPC/millionaires/millionaires.t3.i38.6bed2e2a.smt2,45.1808,0,2115,成功
/pub/data/jiafq/iscas/Parser_Comparison/../benchmarks/part5/non-incremental/QF_BV/20221012-MCMPC/millionaires/millionaires.t3.i39.9f96fe76.smt2,47.6338,0,2122,成功
/pub/data/jiafq/iscas/Parser_Comparison/../benchmarks/part5/non-incremental/QF_BV/20221012-MCMPC/millionaires/millionaires.t3.i4.66bd83a2.smt2,41.4209,0,1953,成功
/pub/data/jiafq/iscas/Parser_Comparison/../benchmarks/part5/non-incremental/QF_BV/20221012-MCMPC/millionaires/millionaires.t3.i41.9852eb67.smt2,47.028,0,2155,成功
/pub/data/jiafq/iscas/Parser_Comparison/../benchmarks/part5/non-incremental/QF_BV/20221012-MCMPC/millionaires/millionaires.t3.i43.0a27663e.smt2,51.5908,0,2188,成功
/pub/data/jiafq/iscas/Parser_Comparison/../benchmarks/part5/non-incremental/QF_BV/20221012-MCMPC/millionaires/millionaires.t3.i46.38c37497.smt2,55.059,0,2247,成功
/pub/data/jiafq/iscas/Parser_Comparison/../benchmarks/part5/non-incremental/QF_BV/20221012-MCMPC/millionaires/millionaires.t3.i46.61a49097.smt2,47.9557,0,2228,成功
/pub/data/jiafq/iscas/Parser_Comparison/../benchmarks/part5/non-incremental/QF_BV/20221012-MCMPC/millionaires/millionaires.t3.i46.7acb807f.smt2,48.6915,0,2209,成功
/pub/data/jiafq/iscas/Parser_Comparison/../benchmarks/part5/non-incremental/QF_BV/20221012-MCMPC/millionaires/millionaires.t3.i46.80f6a7cc.smt2,56.1288,216,2190,成功
/pub/data/jiafq/iscas/Parser_Comparison/../benchmarks/part5/non-incremental/QF_BV/20221012-MCMPC/millionaires/millionaires.t3.i51.3efdfef5.smt2,53.758,0,2301,成功
/pub/data/jiafq/iscas/Parser_Comparison/../benchmarks/part5/non-incremental/QF_BV/20221012-MCMPC/millionaires/millionaires.t3.i51.552ef9db.smt2,49.3318,0,2282,成功
/pub/data/jiafq/iscas/Parser_Comparison/../benchmarks/part5/non-incremental/QF_BV/20221012-MCMPC/millionaires/millionaires.t3.i51.5e1e0023.smt2,49.6359,0,2263,成功
/pub/data/jiafq/iscas/Parser_Comparison/../benchmarks/part5/non-incremental/QF_BV/20221012-MCMPC/millionaires/millionaires.t3.i51.7f69f9b3.smt2,56.4789,0,2225,成功
/pub/data/jiafq/iscas/Parser_Comparison/../benchmarks/part5/non-incremental/QF_BV/20221012-MCMPC/millionaires/millionaires.t3.i51.edee8120.smt2,53.5539,0,2244,成功
/pub/data/jiafq/iscas/Parser_Comparison/../benchmarks/part5/non-incremental/QF_BV/20221012-MCMPC/millionaires/millionaires.t3.i55.25938784.smt2,50.4911,0,2291,成功
/pub/data/jiafq/iscas/Parser_Comparison/../benchmarks/part5/non-incremental/QF_BV/20221012-MCMPC/millionaires/millionaires.t3.i55.e66b9ce0.smt2,51.1034,0,2310,成功
/pub/data/jiafq/iscas/Parser_Comparison/../benchmarks/part5/non-incremental/QF_BV/20221012-MCMPC/millionaires/millionaires.t3.i57.758f5f36.smt2,52.9165,0,2324,成功
/pub/data/jiafq/iscas/Parser_Comparison/../benchmarks/part5/non-incremental/QF_BV/20221012-MCMPC/millionaires/millionaires.t3.i57.b1cab367.smt2,52.4247,0,2305,成功
/pub/data/jiafq/iscas/Parser_Comparison/../benchmarks/part5/non-incremental/QF_BV/20221012-MCMPC/millionaires/millionaires.t3.i58.0ee99f74.smt2,56.4976,0,2274,成功
/pub/data/jiafq/iscas/Parser_Comparison/../benchmarks/part5/non-incremental/QF_BV/20221012-MCMPC/millionaires/millionaires.t3.i58.34d33b4e.smt2,54.4107,0,2236,成功
/pub/data/jiafq/iscas/Parser_Comparison/../benchmarks/part5/non-incremental/QF_BV/20221012-MCMPC/millionaires/millionaires.t3.i58.8b9ac673.smt2,52.8009,0,2255,成功
/pub/data/jiafq/iscas/Parser_Comparison/../benchmarks/part5/non-incremental/QF_BV/20221012-MCMPC/millionaires/millionaires.t3.i58.cab3154c.smt2,54.7552,0,2312,成功
/pub/data/jiafq/iscas/Parser_Comparison/../benchmarks/part5/non-incremental/QF_BV/20221012-MCMPC/millionaires/millionaires.t3.i58.d947c318.smt2,57.075,0,2293,成功
/pub/data/jiafq/iscas/Parser_Comparison/../benchmarks/part5/non-incremental/QF_BV/20221012-MCMPC/millionaires/millionaires.t3.i59.93c18d33.smt2,48.3181,0,2243,成功
/pub/data/jiafq/iscas/Parser_Comparison/../benchmarks/part5/non-incremental/QF_BV/20221012-MCMPC/millionaires/millionaires.t3.i6.5167c4b3.smt2,43.6171,0,1929,成功
/pub/data/jiafq/iscas/Parser_Comparison/../benchmarks/part5/non-incremental/QF_BV/20221012-MCMPC/millionaires/millionaires.t3.i6.6f8cfadc.smt2,42.3219,0,1986,成功
/pub/data/jiafq/iscas/Parser_Comparison/../benchmarks/part5/non-incremental/QF_BV/20221012-MCMPC/millionaires/millionaires.t3.i6.86cd2ebb.smt2,43.6052,0,1967,成功
/pub/data/jiafq/iscas/Parser_Comparison/../benchmarks/part5/non-incremental/QF_BV/20221012-MCMPC/millionaires/millionaires.t3.i6.ce64ec46.smt2,49.2644,0,1948,成功
/pub/data/jiafq/iscas/Parser_Comparison/../benchmarks/part5/non-incremental/QF_BV/20221012-MCMPC/millionaires/millionaires.t3.i60.88b6aa58.smt2,57.7765,0,2250,成功
/pub/data/jiafq/iscas/Parser_Comparison/../benchmarks/part5/non-incremental/QF_BV/20221012-MCMPC/millionaires/millionaires.t3.i61.e9daa3fa.smt2,54.1724,0,2257,成功
/pub/data/jiafq/iscas/Parser_Comparison/../benchmarks/part5/non-incremental/QF_BV/20221012-MCMPC/millionaires/millionaires.t3.i62.16eec975.smt2,56.2926,0,2264,成功
/pub/data/jiafq/iscas/Parser_Comparison/../benchmarks/part5/non-incremental/QF_BV/20221012-MCMPC/millionaires/millionaires.t3.i63.46c6a693.smt2,55.327,0,2271,成功
/pub/data/jiafq/iscas/Parser_Comparison/../benchmarks/part5/non-incremental/QF_BV/20221012-MCMPC/millionaires/millionaires.t3.i64.9b1a404c.smt2,52.3813,0,2278,成功
/pub/data/jiafq/iscas/Parser_Comparison/../benchmarks/part5/non-incremental/QF_BV/20221012-MCMPC/millionaires/millionaires.t3.i7.1d2920e4.smt2,42.3122,0,1936,成功
/pub/data/jiafq/iscas/Parser_Comparison/../benchmarks/part5/non-incremental/QF_BV/20221012-MCMPC/millionaires/millionaires.t3.i8.88a0d9b9.smt2,44.1015,0,1943,成功
/pub/data/jiafq/iscas/Parser_Comparison/../benchmarks/part5/non-incremental/QF_BV/20221012-MCMPC/millionaires/millionaires.t3.i9.399bd7e4.smt2,44.117,0,1931,成功
/pub/data/jiafq/iscas/Parser_Comparison/../benchmarks/part5/non-incremental/QF_BV/20221012-MCMPC/millionaires/millionaires.t3.i9.a2c698bc.smt2,45.9899,0,1893,成功
/pub/data/jiafq/iscas/Parser_Comparison/../benchmarks/part5/non-incremental/QF_BV/20221012-MCMPC/millionaires/millionaires.t3.i9.a55ec845.smt2,40.6912,0,1950,成功
/pub/data/jiafq/iscas/Parser_Comparison/../benchmarks/part5/non-incremental/QF_BV/20221012-MCMPC/millionaires/millionaires.t3.i9.c4210987.smt2,42.2801,0,1912,成功
/pub/data/jiafq/iscas/Parser_Comparison/../benchmarks/part5/non-incremental/QF_BV/20221012-MCMPC/millionaires/millionaires.t4.i1.a82c482b.smt2,60.811,0,2636,成功
/pub/data/jiafq/iscas/Parser_Comparison/../benchmarks/part5/non-incremental/QF_BV/20221012-MCMPC/millionaires/millionaires.t4.i10.2bd94a4f.smt2,56.7645,0,2643,成功
/pub/data/jiafq/iscas/Parser_Comparison/../benchmarks/part5/non-incremental/QF_BV/20221012-MCMPC/millionaires/millionaires.t4.i10.e62565c7.smt2,67.4166,0,2620,成功
/pub/data/jiafq/iscas/Parser_Comparison/../benchmarks/part5/non-incremental/QF_BV/20221012-MCMPC/millionaires/millionaires.t4.i11.a66fbc39.smt2,60.4463,0,2631,成功
/pub/data/jiafq/iscas/Parser_Comparison/../benchmarks/part5/non-incremental/QF_BV/20221012-MCMPC/millionaires/millionaires.t4.i12.6b91c1d3.smt2,64.323,0,2642,成功
/pub/data/jiafq/iscas/Parser_Comparison/../benchmarks/part5/non-incremental/QF_BV/20221012-MCMPC/millionaires/millionaires.t4.i13.d76e34d2.smt2,57.1339,0,2653,成功
/pub/data/jiafq/iscas/Parser_Comparison/../benchmarks/part5/non-incremental/QF_BV/20221012-MCMPC/millionaires/millionaires.t4.i14.07c4f3d4.smt2,66.378,0,2641,成功
/pub/data/jiafq/iscas/Parser_Comparison/../benchmarks/part5/non-incremental/QF_BV/20221012-MCMPC/millionaires/millionaires.t4.i14.81590b5f.smt2,60.765,0,2664,成功
/pub/data/jiafq/iscas/Parser_Comparison/../benchmarks/part5/non-incremental/QF_BV/20221012-MCMPC/millionaires/millionaires.t4.i15.cbe7a13d.smt2,64.3154,0,2652,成功
/pub/data/jiafq/iscas/Parser_Comparison/../benchmarks/part5/non-incremental/QF_BV/20221012-MCMPC/millionaires/millionaires.t4.i18.11a7dbd6.smt2,66.1052,0,2708,成功
/pub/data/jiafq/iscas/Parser_Comparison/../benchmarks/part5/non-incremental/QF_BV/20221012-MCMPC/millionaires/millionaires.t4.i18.cdd6de72.smt2,65.5263,0,2731,成功
/pub/data/jiafq/iscas/Parser_Comparison/../benchmarks/part5/non-incremental/QF_BV/20221012-MCMPC/millionaires/millionaires.t4.i20.753b364e.smt2,59.9082,0,2753,成功
/pub/data/jiafq/iscas/Parser_Comparison/../benchmarks/part5/non-incremental/QF_BV/20221012-MCMPC/millionaires/millionaires.t4.i21.c734e696.smt2,62.9777,0,2764,成功
/pub/data/jiafq/iscas/Parser_Comparison/../benchmarks/part5/non-incremental/QF_BV/20221012-MCMPC/millionaires/millionaires.t4.i23.41a53179.smt2,60.3041,0,2717,成功
/pub/data/jiafq/iscas/Parser_Comparison/../benchmarks/part5/non-incremental/QF_BV/20221012-MCMPC/millionaires/millionaires.t4.i23.5c256b17.smt2,63.0766,0,2786,成功
/pub/data/jiafq/iscas/Parser_Comparison/../benchmarks/part5/non-incremental/QF_BV/20221012-MCMPC/millionaires/millionaires.t4.i23.712499b5.smt2,60.1812,0,2809,成功
/pub/data/jiafq/iscas/Parser_Comparison/../benchmarks/part5/non-incremental/QF_BV/20221012-MCMPC/millionaires/millionaires.t4.i23.72ce1505.smt2,58.4459,0,2740,成功
/pub/data/jiafq/iscas/Parser_Comparison/../benchmarks/part5/non-incremental/QF_BV/20221012-MCMPC/millionaires/millionaires.t4.i23.8241ac65.smt2,64.9432,0,2763,成功
/pub/data/jiafq/iscas/Parser_Comparison/../benchmarks/part5/non-incremental/QF_BV/20221012-MCMPC/millionaires/millionaires.t4.i25.2ef292c2.smt2,58.3448,0,2739,成功
/pub/data/jiafq/iscas/Parser_Comparison/../benchmarks/part5/non-incremental/QF_BV/20221012-MCMPC/millionaires/millionaires.t4.i25.a15e0fef.smt2,63.5608,0,2762,成功
/pub/data/jiafq/iscas/Parser_Comparison/../benchmarks/part5/non-incremental/QF_BV/20221012-MCMPC/millionaires/millionaires.t4.i28.1eed2728.smt2,64.439,0,2818,成功
/pub/data/jiafq/iscas/Parser_Comparison/../benchmarks/part5/non-incremental/QF_BV/20221012-MCMPC/millionaires/millionaires.t4.i28.6f285c86.smt2,66.0749,0,2795,成功
/pub/data/jiafq/iscas/Parser_Comparison/../benchmarks/part5/non-incremental/QF_BV/20221012-MCMPC/millionaires/millionaires.t4.i28.75cdb0b0.smt2,61.3201,0,2749,成功
/pub/data/jiafq/iscas/Parser_Comparison/../benchmarks/part5/non-incremental/QF_BV/20221012-MCMPC/millionaires/millionaires.t4.i28.91d43088.smt2,60.7907,0,2726,成功
/pub/data/jiafq/iscas/Parser_Comparison/../benchmarks/part5/non-incremental/QF_BV/20221012-MCMPC/millionaires/millionaires.t4.i28.ad436073.smt2,58.9151,0,2772,成功
/pub/data/jiafq/iscas/Parser_Comparison/../benchmarks/part5/non-incremental/QF_BV/20221012-MCMPC/millionaires/millionaires.t4.i29.75c27c04.smt2,63.8915,220,2737,成功
/pub/data/jiafq/iscas/Parser_Comparison/../benchmarks/part5/non-incremental/QF_BV/20221012-MCMPC/millionaires/millionaires.t4.i3.8f0becf7.smt2,63.8194,0,2681,成功
/pub/data/jiafq/iscas/Parser_Comparison/../benchmarks/part5/non-incremental/QF_BV/20221012-MCMPC/millionaires/millionaires.t4.i31.964fa6a5.smt2,69.1622,0,2759,成功
/pub/data/jiafq/iscas/Parser_Comparison/../benchmarks/part5/non-incremental/QF_BV/20221012-MCMPC/millionaires/millionaires.t4.i31.d18b5b47.smt2,65.7763,0,2782,成功
/pub/data/jiafq/iscas/Parser_Comparison/../benchmarks/part5/non-incremental/QF_BV/20221012-MCMPC/millionaires/millionaires.t4.i32.e4c75cf4.smt2,60.7554,0,2770,成功
/pub/data/jiafq/iscas/Parser_Comparison/../benchmarks/part5/non-incremental/QF_BV/20221012-MCMPC/millionaires/millionaires.t4.i35.aff972a1.smt2,65.7819,0,2849,成功
/pub/data/jiafq/iscas/Parser_Comparison/../benchmarks/part5/non-incremental/QF_BV/20221012-MCMPC/millionaires/millionaires.t4.i38.188af69a.smt2,62.3331,0,2928,成功
/pub/data/jiafq/iscas/Parser_Comparison/../benchmarks/part5/non-incremental/QF_BV/20221012-MCMPC/millionaires/millionaires.t4.i38.afffefb3.smt2,65.7528,0,2905,成功
/pub/data/jiafq/iscas/Parser_Comparison/../benchmarks/part5/non-incremental/QF_BV/20221012-MCMPC/millionaires/millionaires.t4.i4.93a8b2f8.smt2,62.802,0,2692,成功
/pub/data/jiafq/iscas/Parser_Comparison/../benchmarks/part5/non-incremental/QF_BV/20221012-MCMPC/millionaires/millionaires.t4.i4.d132326c.smt2,55.8915,0,2669,成功
/pub/data/jiafq/iscas/Parser_Comparison/../benchmarks/part5/non-incremental/QF_BV/20221012-MCMPC/millionaires/millionaires.t4.i40.b6b65884.smt2,64.9902,0,2950,成功
/pub/data/jiafq/iscas/Parser_Comparison/../benchmarks/part5/non-incremental/QF_BV/20221012-MCMPC/millionaires/millionaires.t4.i41.145ad3c7.smt2,67.1603,0,2961,成功
/pub/data/jiafq/iscas/Parser_Comparison/../benchmarks/part5/non-incremental/QF_BV/20221012-MCMPC/millionaires/millionaires.t4.i41.3b1cc506.smt2,70.6518,0,2938,成功
/pub/data/jiafq/iscas/Parser_Comparison/../benchmarks/part5/non-incremental/QF_BV/20221012-MCMPC/millionaires/millionaires.t4.i42.44948f2c.smt2,65.1734,0,2949,成功
/pub/data/jiafq/iscas/Parser_Comparison/../benchmarks/part5/non-incremental/QF_BV/20221012-MCMPC/millionaires/millionaires.t4.i44.acf44154.smt2,64.4759,0,2994,成功
/pub/data/jiafq/iscas/Parser_Comparison/../benchmarks/part5/non-incremental/QF_BV/20221012-MCMPC/millionaires/millionaires.t4.i44.c2b8a520.smt2,71.2913,0,2948,成功
/pub/data/jiafq/iscas/Parser_Comparison/../benchmarks/part5/non-incremental/QF_BV/20221012-MCMPC/millionaires/millionaires.t4.i44.c35f1bac.smt2,66.2163,0,2971,成功
/pub/data/jiafq/iscas/Parser_Comparison/../benchmarks/part5/non-incremental/QF_BV/20221012-MCMPC/millionaires/millionaires.t4.i45.221cb257.smt2,65.8141,0,2959,成功
/pub/data/jiafq/iscas/Parser_Comparison/../benchmarks/part5/non-incremental/QF_BV/20221012-MCMPC/millionaires/millionaires.t4.i45.37e82512.smt2,67.1956,0,2936,成功
/pub/data/jiafq/iscas/Parser_Comparison/../benchmarks/part5/non-incremental/QF_BV/20221012-MCMPC/millionaires/millionaires.t4.i47.1c1f9909.smt2,67.0993,0,2958,成功
/pub/data/jiafq/iscas/Parser_Comparison/../benchmarks/part5/non-incremental/QF_BV/20221012-MCMPC/millionaires/millionaires.t4.i47.cf322901.smt2,66.9005,0,2981,成功
/pub/data/jiafq/iscas/Parser_Comparison/../benchmarks/part5/non-incremental/QF_BV/20221012-MCMPC/millionaires/millionaires.t4.i47.ef61ea86.smt2,70.7981,0,2935,成功
/pub/data/jiafq/iscas/Parser_Comparison/../benchmarks/part5/non-incremental/QF_BV/20221012-MCMPC/millionaires/millionaires.t4.i50.5393f374.smt2,67.872,0,2899,成功
/pub/data/jiafq/iscas/Parser_Comparison/../benchmarks/part5/non-incremental/QF_BV/20221012-MCMPC/millionaires/millionaires.t4.i50.8582ed8a.smt2,69.0286,0,2968,成功
/pub/data/jiafq/iscas/Parser_Comparison/../benchmarks/part5/non-incremental/QF_BV/20221012-MCMPC/millionaires/millionaires.t4.i50.a63fac3a.smt2,71.2663,0,2922,成功
/pub/data/jiafq/iscas/Parser_Comparison/../benchmarks/part5/non-incremental/QF_BV/20221012-MCMPC/millionaires/millionaires.t4.i50.c41b2985.smt2,71.3323,0,3014,成功
/pub/data/jiafq/iscas/Parser_Comparison/../benchmarks/part5/non-incremental/QF_BV/20221012-MCMPC/millionaires/millionaires.t4.i50.c8b62c10.smt2,67.5622,0,2991,成功
/pub/data/jiafq/iscas/Parser_Comparison/../benchmarks/part5/non-incremental/QF_BV/20221012-MCMPC/millionaires/millionaires.t4.i50.dff404bc.smt2,67.4602,0,2945,成功
/pub/data/jiafq/iscas/Parser_Comparison/../benchmarks/part5/non-incremental/QF_BV/20221012-MCMPC/millionaires/millionaires.t4.i52.7002caa7.smt2,67.1325,0,2898,成功
/pub/data/jiafq/iscas/Parser_Comparison/../benchmarks/part5/non-incremental/QF_BV/20221012-MCMPC/millionaires/millionaires.t4.i52.ad24e634.smt2,69.3833,0,2944,成功
/pub/data/jiafq/iscas/Parser_Comparison/../benchmarks/part5/non-incremental/QF_BV/20221012-MCMPC/millionaires/millionaires.t4.i52.d40c7b79.smt2,71.4076,0,2921,成功
/pub/data/jiafq/iscas/Parser_Comparison/../benchmarks/part5/non-incremental/QF_BV/20221012-MCMPC/millionaires/millionaires.t4.i53.afbd60c9.smt2,70.4744,0,2909,成功
/pub/data/jiafq/iscas/Parser_Comparison/../benchmarks/part5/non-incremental/QF_BV/20221012-MCMPC/millionaires/millionaires.t4.i55.32fa9b95.smt2,68.9918,0,2954,成功
/pub/data/jiafq/iscas/Parser_Comparison/../benchmarks/part5/non-incremental/QF_BV/20221012-MCMPC/millionaires/millionaires.t4.i55.a94f2740.smt2,66.8173,0,2931,成功
/pub/data/jiafq/iscas/Parser_Comparison/../benchmarks/part5/non-incremental/QF_BV/20221012-MCMPC/millionaires/millionaires.t4.i56.1d9261d8.smt2,68.4153,0,2919,成功
/pub/data/jiafq/iscas/Parser_Comparison/../benchmarks/part5/non-incremental/QF_BV/20221012-MCMPC/millionaires/millionaires.t4.i56.88da4aaa.smt2,72.3548,0,2942,成功
/pub/data/jiafq/iscas/Parser_Comparison/../benchmarks/part5/non-incremental/QF_BV/20221012-MCMPC/millionaires/millionaires.t4.i59.52a0fefd.smt2,72.6803,0,2952,成功
/pub/data/jiafq/iscas/Parser_Comparison/../benchmarks/part5/non-incremental/QF_BV/20221012-MCMPC/millionaires/millionaires.t4.i59.62e18ccb.smt2,68.5803,0,2906,成功
/pub/data/jiafq/iscas/Parser_Comparison/../benchmarks/part5/non-incremental/QF_BV/20221012-MCMPC/millionaires/millionaires.t4.i59.6d74c401.smt2,66.349,0,2975,成功
/pub/data/jiafq/iscas/Parser_Comparison/../benchmarks/part5/non-incremental/QF_BV/20221012-MCMPC/millionaires/millionaires.t4.i59.814ec7bb.smt2,69.2102,0,2998,成功
/pub/data/jiafq/iscas/Parser_Comparison/../benchmarks/part5/non-incremental/QF_BV/20221012-MCMPC/millionaires/millionaires.t4.i59.9cd57e99.smt2,70.7497,0,2929,成功
/pub/data/jiafq/iscas/Parser_Comparison/../benchmarks/part5/non-incremental/QF_BV/20221012-MCMPC/millionaires/millionaires.t4.i6.6cb4f727.smt2,62.6126,0,2691,成功
/pub/data/jiafq/iscas/Parser_Comparison/../benchmarks/part5/non-incremental/QF_BV/20221012-MCMPC/millionaires/millionaires.t4.i6.b1032652.smt2,65.221,0,2714,成功
/pub/data/jiafq/iscas/Parser_Comparison/../benchmarks/part5/non-incremental/QF_BV/20221012-MCMPC/millionaires/millionaires.t4.i60.a1f4d5a1.smt2,69.4273,0,2917,成功
/pub/data/jiafq/iscas/Parser_Comparison/../benchmarks/part5/non-incremental/QF_BV/20221012-MCMPC/millionaires/millionaires.t4.i61.3bcdd2fd.smt2,71.6469,0,2928,成功
/pub/data/jiafq/iscas/Parser_Comparison/../benchmarks/part5/non-incremental/QF_BV/20221012-MCMPC/millionaires/millionaires.t4.i61.b18d7b07.smt2,67.1427,0,2905,成功
/pub/data/jiafq/iscas/Parser_Comparison/../benchmarks/part5/non-incremental/QF_BV/20221012-MCMPC/millionaires/millionaires.t4.i62.08abeebf.smt2,66.3487,0,2893,成功
/pub/data/jiafq/iscas/Parser_Comparison/../benchmarks/part5/non-incremental/QF_BV/20221012-MCMPC/millionaires/millionaires.t4.i62.4f1fe2f4.smt2,62.5253,0,2870,成功
/pub/data/jiafq/iscas/Parser_Comparison/../benchmarks/part5/non-incremental/QF_BV/20221012-MCMPC/millionaires/millionaires.t4.i62.68a9158b.smt2,68.5232,0,2916,成功
/pub/data/jiafq/iscas/Parser_Comparison/../benchmarks/part5/non-incremental/QF_BV/20221012-MCMPC/millionaires/millionaires.t4.i63.23fa36e4.smt2,67.4923,0,2881,成功
/pub/data/jiafq/iscas/Parser_Comparison/../benchmarks/part5/non-incremental/QF_BV/20221012-MCMPC/millionaires/millionaires.t4.i63.be7854b9.smt2,68.6985,0,2858,成功
/pub/data/jiafq/iscas/Parser_Comparison/../benchmarks/part5/non-incremental/QF_BV/20221012-MCMPC/millionaires/millionaires.t4.i64.1b5dfc73.smt2,71.4825,0,2846,成功
/pub/data/jiafq/iscas/Parser_Comparison/../benchmarks/part5/non-incremental/QF_BV/20221012-MCMPC/millionaires/millionaires.t4.i64.4f48c1cc.smt2,65.6636,0,2800,成功
/pub/data/jiafq/iscas/Parser_Comparison/../benchmarks/part5/non-incremental/QF_BV/20221012-MCMPC/millionaires/millionaires.t4.i64.5b34d2e6.smt2,66.9185,0,2823,成功
/pub/data/jiafq/iscas/Parser_Comparison/../benchmarks/part5/non-incremental/QF_BV/20221012-MCMPC/millionaires/millionaires.t4.i64.f40b690d.smt2,69.3998,0,2869,成功
/pub/data/jiafq/iscas/Parser_Comparison/../benchmarks/part5/non-incremental/QF_BV/20221012-MCMPC/millionaires/millionaires.t4.i7.17777d1f.smt2,62.3002,0,2656,成功
/pub/data/jiafq/iscas/Parser_Comparison/../benchmarks/part5/non-incremental/QF_BV/20221012-MCMPC/millionaires/millionaires.t4.i7.3264aada.smt2,64.554,0,2702,成功
/pub/data/jiafq/iscas/Parser_Comparison/../benchmarks/part5/non-incremental/QF_BV/20221012-MCMPC/millionaires/millionaires.t4.i7.8443233b.smt2,55.9635,0,2679,成功
/pub/data/jiafq/iscas/Parser_Comparison/../benchmarks/part5/non-incremental/QF_BV/20221012-MCMPC/millionaires/millionaires.t4.i8.18ee5e14.smt2,61.9259,0,2644,成功
/pub/data/jiafq/iscas/Parser_Comparison/../benchmarks/part5/non-incremental/QF_BV/20221012-MCMPC/millionaires/millionaires.t4.i8.b51f323c.smt2,63.2582,0,2667,成功
/pub/data/jiafq/iscas/Parser_Comparison/../benchmarks/part5/non-incremental/QF_BV/20221012-MCMPC/millionaires/millionaires.t4.i9.253194ea.smt2,62.7059,0,2632,成功
/pub/data/jiafq/iscas/Parser_Comparison/../benchmarks/part5/non-incremental/QF_BV/20221012-MCMPC/millionaires/millionaires.t4.i9.2c01dede.smt2,61.1102,0,2655,成功
/pub/data/jiafq/iscas/Parser_Comparison/../benchmarks/part5/non-incremental/QF_BV/20221012-MCMPC/simplemean/simplemean.t1.i3.09acff25.smt2,73.3369,0,3414,成功
/pub/data/jiafq/iscas/Parser_Comparison/../benchmarks/part5/non-incremental/QF_BV/20221012-MCMPC/simplemean/simplemean.t1.i3.0d33140e.smt2,12.3474,0,256,成功
/pub/data/jiafq/iscas/Parser_Comparison/../benchmarks/part5/non-incremental/QF_BV/20221012-MCMPC/simplemean/simplemean.t1.i3.6dd3026a.smt2,70.8163,0,3378,成功
/pub/data/jiafq/iscas/Parser_Comparison/../benchmarks/part5/non-incremental/QF_BV/20221012-MCMPC/simplemean/simplemean.t1.i4.1b9e49d5.smt2,21.1527,0,891,成功
/pub/data/jiafq/iscas/Parser_Comparison/../benchmarks/part5/non-incremental/QF_BV/20221012-MCMPC/simplemean/simplemean.t1.i4.e580f246.smt2,21.2312,0,988,成功
/pub/data/jiafq/iscas/Parser_Comparison/../benchmarks/part5/non-incremental/QF_BV/20221012-MCMPC/simplemean/simplemean.t1.i4.f10db1f3.smt2,19.4592,0,904,成功
/pub/data/jiafq/iscas/Parser_Comparison/../benchmarks/part5/non-incremental/QF_BV/20221012-MCMPC/simplemean/simplemean.t1.i5.b9d25b73.smt2,21.5785,0,693,成功
/pub/data/jiafq/iscas/Parser_Comparison/../benchmarks/part5/non-incremental/QF_BV/20221012-MCMPC/simplemean/simplemean.t1.i6.351a4d7f.smt2,38.2691,0,1458,成功
/pub/data/jiafq/iscas/Parser_Comparison/../benchmarks/part5/non-incremental/QF_BV/20221012-MCMPC/simplemean_buckets/simplemean_buckets.t1.i11.55453b11.smt2,52.8964,0,1999,成功
/pub/data/jiafq/iscas/Parser_Comparison/../benchmarks/part5/non-incremental/QF_BV/20221012-MCMPC/simplemean_buckets/simplemean_buckets.t1.i14.0acd5dca.smt2,49.8411,0,1995,成功
/pub/data/jiafq/iscas/Parser_Comparison/../benchmarks/part5/non-incremental/QF_BV/20221012-MCMPC/simplemean_buckets/simplemean_buckets.t1.i14.39270134.smt2,55.4512,0,1939,成功
/pub/data/jiafq/iscas/Parser_Comparison/../benchmarks/part5/non-incremental/QF_BV/20221012-MCMPC/simplemean_buckets/simplemean_buckets.t1.i14.3f03adbd.smt2,40.7123,0,1827,成功
/pub/data/jiafq/iscas/Parser_Comparison/../benchmarks/part5/non-incremental/QF_BV/20221012-MCMPC/simplemean_buckets/simplemean_buckets.t1.i14.7a753cc2.smt2,47.5787,0,1855,成功
/pub/data/jiafq/iscas/Parser_Comparison/../benchmarks/part5/non-incremental/QF_BV/20221012-MCMPC/simplemean_buckets/simplemean_buckets.t1.i14.8ad094ed.smt2,50.7515,0,1883,成功
/pub/data/jiafq/iscas/Parser_Comparison/../benchmarks/part5/non-incremental/QF_BV/20221012-MCMPC/simplemean_buckets/simplemean_buckets.t1.i14.acc34979.smt2,48.1591,0,1911,成功
/pub/data/jiafq/iscas/Parser_Comparison/../benchmarks/part5/non-incremental/QF_BV/20221012-MCMPC/simplemean_buckets/simplemean_buckets.t1.i14.e41ff633.smt2,48.8016,0,1967,成功
/pub/data/jiafq/iscas/Parser_Comparison/../benchmarks/part5/non-incremental/QF_BV/20221012-MCMPC/simplemean_buckets/simplemean_buckets.t1.i2.3830cf3b.smt2,53.9098,0,2207,成功
/pub/data/jiafq/iscas/Parser_Comparison/../benchmarks/part5/non-incremental/QF_BV/20221012-MCMPC/simplemean_buckets/simplemean_buckets.t1.i25.2751b238.smt2,45.1587,0,1774,成功
/pub/data/jiafq/iscas/Parser_Comparison/../benchmarks/part5/non-incremental/QF_BV/20221012-MCMPC/simplemean_buckets/simplemean_buckets.t1.i25.75b3bf76.smt2,48.7797,0,1831,成功
/pub/data/jiafq/iscas/Parser_Comparison/../benchmarks/part5/non-incremental/QF_BV/20221012-MCMPC/simplemean_buckets/simplemean_buckets.t1.i25.820428cd.smt2,45.3425,0,1689,成功
/pub/data/jiafq/iscas/Parser_Comparison/../benchmarks/part5/non-incremental/QF_BV/20221012-MCMPC/simplemean_buckets/simplemean_buckets.t1.i25.8a6ad799.smt2,43.9613,0,1631,成功
/pub/data/jiafq/iscas/Parser_Comparison/../benchmarks/part5/non-incremental/QF_BV/20221012-MCMPC/simplemean_buckets/simplemean_buckets.t1.i25.8a95d981.smt2,40.5078,0,1660,成功
/pub/data/jiafq/iscas/Parser_Comparison/../benchmarks/part5/non-incremental/QF_BV/20221012-MCMPC/simplemean_buckets/simplemean_buckets.t1.i25.9532e5f3.smt2,43.6021,0,1859,成功
/pub/data/jiafq/iscas/Parser_Comparison/../benchmarks/part5/non-incremental/QF_BV/20221012-MCMPC/simplemean_buckets/simplemean_buckets.t1.i25.a1d5c625.smt2,42.0585,264,1746,成功
/pub/data/jiafq/iscas/Parser_Comparison/../benchmarks/part5/non-incremental/QF_BV/20221012-MCMPC/simplemean_buckets/simplemean_buckets.t1.i25.a5f79162.smt2,49.6299,0,1887,成功
/pub/data/jiafq/iscas/Parser_Comparison/../benchmarks/part5/non-incremental/QF_BV/20221012-MCMPC/simplemean_buckets/simplemean_buckets.t1.i25.c770ee24.smt2,37.9929,0,1717,成功
/pub/data/jiafq/iscas/Parser_Comparison/../benchmarks/part5/non-incremental/QF_BV/20221012-MCMPC/simplemean_buckets/simplemean_buckets.t1.i25.c879d0a8.smt2,46.0092,0,1803,成功
/pub/data/jiafq/iscas/Parser_Comparison/../benchmarks/part5/non-incremental/QF_BV/20221012-MCMPC/simplemean_buckets/simplemean_buckets.t1.i25.f20058e0.smt2,42.2172,0,1602,成功
/pub/data/jiafq/iscas/Parser_Comparison/../benchmarks/part5/non-incremental/QF_BV/20221012-MCMPC/simplemean_buckets/simplemean_buckets.t1.i27.29ccbab9.smt2,37.1398,0,1561,成功
/pub/data/jiafq/iscas/Parser_Comparison/../benchmarks/part5/non-incremental/QF_BV/20221012-MCMPC/simplemean_buckets/simplemean_buckets.t1.i27.713b40e3.smt2,36.9845,0,1504,成功
/pub/data/jiafq/iscas/Parser_Comparison/../benchmarks/part5/non-incremental/QF_BV/20221012-MCMPC/simplemean_buckets/simplemean_buckets.t1.i27.9122216a.smt2,35.4659,0,1533,成功
/pub/data/jiafq/iscas/Parser_Comparison/../benchmarks/part5/non-incremental/QF_BV/20221012-MCMPC/simplemean_buckets/simplemean_buckets.t1.i27.9809c657.smt2,32.07,0,1475,成功
/pub/data/jiafq/iscas/Parser_Comparison/../benchmarks/part5/non-incremental/QF_BV/20221012-MCMPC/simplemean_buckets/simplemean_buckets.t1.i27.a36483e3.smt2,36.2913,0,1589,成功
/pub/data/jiafq/iscas/Parser_Comparison/../benchmarks/part5/non-incremental/QF_BV/20221012-MCMPC/simplemean_buckets/simplemean_buckets.t1.i27.c8e3a999.smt2,32.5533,0,1446,成功
/pub/data/jiafq/iscas/Parser_Comparison/../benchmarks/part5/non-incremental/QF_BV/20221012-MCMPC/simplemean_buckets/simplemean_buckets.t1.i29.47af0013.smt2,38.7256,0,1537,成功
/pub/data/jiafq/iscas/Parser_Comparison/../benchmarks/part5/non-incremental/QF_BV/20221012-MCMPC/simplemean_buckets/simplemean_buckets.t1.i5.0209f560.smt2,58.8749,0,2203,成功
/pub/data/jiafq/iscas/Parser_Comparison/../benchmarks/part5/non-incremental/QF_BV/20221012-MCMPC/simplemean_buckets/simplemean_buckets.t1.i5.26dda420.smt2,50.6596,0,2119,成功
/pub/data/jiafq/iscas/Parser_Comparison/../benchmarks/part5/non-incremental/QF_BV/20221012-MCMPC/simplemean_buckets/simplemean_buckets.t1.i5.996e0cf9.smt2,51.0663,0,2175,成功
/pub/data/jiafq/iscas/Parser_Comparison/../benchmarks/part5/non-incremental/QF_BV/20221012-MCMPC/simplemean_buckets/simplemean_buckets.t1.i5.b309a64d.smt2,51.05,0,2147,成功
/pub/data/jiafq/iscas/Parser_Comparison/../benchmarks/part5/non-incremental/QF_BV/20221012-MCMPC/simplemean_buckets/simplemean_buckets.t1.i6.e83f6628.smt2,55.5655,0,2099,成功
/pub/data/jiafq/iscas/Parser_Comparison/../benchmarks/part5/non-incremental/QF_BV/20221012-MCMPC/simplemean_buckets/simplemean_buckets.t1.i8.4e49f964.smt2,55.5934,220,2059,成功
/pub/data/jiafq/iscas/Parser_Comparison/../benchmarks/part5/non-incremental/QF_BV/20221012-MCMPC/simplemean_buckets/simplemean_buckets.t1.i8.58c85163.smt2,53.069,0,2087,成功
/pub/data/jiafq/iscas/Parser_Comparison/../benchmarks/part5/non-incremental/QF_BV/20221012-MCMPC/simplemean_buckets/simplemean_buckets.t1.i8.ff76e8be.smt2,46.6689,0,2031,成功
/pub/data/jiafq/iscas/Parser_Comparison/../benchmarks/part5/non-incremental/QF_BV/20221012-MCMPC/simplemean_buckets/simplemean_buckets.t1.i9.d53a00ac.smt2,52.5253,0,2011,成功
/pub/data/jiafq/iscas/Parser_Comparison/../benchmarks/part5/non-incremental/QF_BV/20221012-MCMPC/sugarbeets/sugarbeets.t1.i10.0380bf5a.smt2,70.8454,0,1,成功
/pub/data/jiafq/iscas/Parser_Comparison/../benchmarks/part5/non-incremental/QF_BV/20221012-MCMPC/sugarbeets/sugarbeets.t1.i10.80f40f8a.smt2,70.8072,0,1,成功
/pub/data/jiafq/iscas/Parser_Comparison/../benchmarks/part5/non-incremental/QF_BV/20221012-MCMPC/sugarbeets/sugarbeets.t1.i12.7d2b2fe0.smt2,62.4558,0,1,成功
/pub/data/jiafq/iscas/Parser_Comparison/../benchmarks/part5/non-incremental/QF_BV/20221012-MCMPC/sugarbeets/sugarbeets.t1.i12.9171f988.smt2,66.0135,0,1,成功
/pub/data/jiafq/iscas/Parser_Comparison/../benchmarks/part5/non-incremental/QF_BV/20221012-MCMPC/sugarbeets/sugarbeets.t1.i12.df618d74.smt2,62.3975,0,1,成功
/pub/data/jiafq/iscas/Parser_Comparison/../benchmarks/part5/non-incremental/QF_BV/20221012-MCMPC/sugarbeets/sugarbeets.t1.i14.48cebc76.smt2,69.297,0,1,成功
/pub/data/jiafq/iscas/Parser_Comparison/../benchmarks/part5/non-incremental/QF_BV/20221012-MCMPC/sugarbeets/sugarbeets.t1.i14.69fc7e47.smt2,67.0439,0,1,成功
/pub/data/jiafq/iscas/Parser_Comparison/../benchmarks/part5/non-incremental/QF_BV/20221012-MCMPC/sugarbeets/sugarbeets.t1.i14.a0b2f1dd.smt2,64.8451,0,1,成功
/pub/data/jiafq/iscas/Parser_Comparison/../benchmarks/part5/non-incremental/QF_BV/20221012-MCMPC/sugarbeets/sugarbeets.t1.i14.bb3e9b44.smt2,70.5215,0,1,成功
/pub/data/jiafq/iscas/Parser_Comparison/../benchmarks/part5/non-incremental/QF_BV/20221012-MCMPC/sugarbeets/sugarbeets.t1.i14.c5008811.smt2,66.4934,0,1,成功
/pub/data/jiafq/iscas/Parser_Comparison/../benchmarks/part5/non-incremental/QF_BV/20221012-MCMPC/sugarbeets/sugarbeets.t1.i16.063538be.smt2,65.9132,0,1,成功
/pub/data/jiafq/iscas/Parser_Comparison/../benchmarks/part5/non-incremental/QF_BV/20221012-MCMPC/sugarbeets/sugarbeets.t1.i16.316739a8.smt2,63.713,0,1,成功
/pub/data/jiafq/iscas/Parser_Comparison/../benchmarks/part5/non-incremental/QF_BV/20221012-MCMPC/sugarbeets/sugarbeets.t1.i16.4081e38f.smt2,67.355,0,1,成功
/pub/data/jiafq/iscas/Parser_Comparison/../benchmarks/part5/non-incremental/QF_BV/20221012-MCMPC/sugarbeets/sugarbeets.t1.i16.429d9e42.smt2,70.8244,0,1,成功
/pub/data/jiafq/iscas/Parser_Comparison/../benchmarks/part5/non-incremental/QF_BV/20221012-MCMPC/sugarbeets/sugarbeets.t1.i16.5c8fc338.smt2,70.4069,0,1,成功
/pub/data/jiafq/iscas/Parser_Comparison/../benchmarks/part5/non-incremental/QF_BV/20221012-MCMPC/sugarbeets/sugarbeets.t1.i16.76f670a8.smt2,65.8218,0,1,成功
/pub/data/jiafq/iscas/Parser_Comparison/../benchmarks/part5/non-incremental/QF_BV/20221012-MCMPC/sugarbeets/sugarbeets.t1.i16.a33c1543.smt2,65.3419,0,1,成功
/pub/data/jiafq/iscas/Parser_Comparison/../benchmarks/part5/non-incremental/QF_BV/20221012-MCMPC/sugarbeets/sugarbeets.t1.i16.a56fd6b5.smt2,66.1785,0,1,成功
/pub/data/jiafq/iscas/Parser_Comparison/../benchmarks/part5/non-incremental/QF_BV/20221012-MCMPC/sugarbeets/sugarbeets.t1.i16.c57d3d03.smt2,71.7306,0,1,成功
/pub/data/jiafq/iscas/Parser_Comparison/../benchmarks/part5/non-incremental/QF_BV/20221012-MCMPC/sugarbeets/sugarbeets.t1.i16.ceed79a1.smt2,70.3374,0,1,成功
/pub/data/jiafq/iscas/Parser_Comparison/../benchmarks/part5/non-incremental/QF_BV/20221012-MCMPC/sugarbeets/sugarbeets.t1.i16.ea11d443.smt2,69.8496,0,1,成功
/pub/data/jiafq/iscas/Parser_Comparison/../benchmarks/part5/non-incremental/QF_BV/20221012-MCMPC/sugarbeets/sugarbeets.t1.i16.fb777436.smt2,64.4235,0,1,成功
/pub/data/jiafq/iscas/Parser_Comparison/../benchmarks/part5/non-incremental/QF_BV/20221012-MCMPC/sugarbeets/sugarbeets.t1.i18.97d93e3c.smt2,63.7218,0,1,成功
/pub/data/jiafq/iscas/Parser_Comparison/../benchmarks/part5/non-incremental/QF_BV/20221012-MCMPC/sugarbeets/sugarbeets.t1.i18.9f463a52.smt2,70.3631,0,1,成功
/pub/data/jiafq/iscas/Parser_Comparison/../benchmarks/part5/non-incremental/QF_BV/20221012-MCMPC/sugarbeets/sugarbeets.t1.i18.f33408d0.smt2,64.6898,0,1,成功
/pub/data/jiafq/iscas/Parser_Comparison/../benchmarks/part5/non-incremental/QF_BV/20221012-MCMPC/sugarbeets/sugarbeets.t1.i18.f86da825.smt2,69.2365,0,1,成功
/pub/data/jiafq/iscas/Parser_Comparison/../benchmarks/part5/non-incremental/QF_BV/20221012-MCMPC/sugarbeets/sugarbeets.t1.i20.0b211ccb.smt2,69.6127,0,1,成功
/pub/data/jiafq/iscas/Parser_Comparison/../benchmarks/part5/non-incremental/QF_BV/20221012-MCMPC/sugarbeets/sugarbeets.t1.i20.358a4135.smt2,65.9489,0,1,成功
/pub/data/jiafq/iscas/Parser_Comparison/../benchmarks/part5/non-incremental/QF_BV/20221012-MCMPC/sugarbeets/sugarbeets.t1.i20.6865cfcf.smt2,69.6698,0,1,成功
/pub/data/jiafq/iscas/Parser_Comparison/../benchmarks/part5/non-incremental/QF_BV/20221012-MCMPC/sugarbeets/sugarbeets.t1.i20.69c6a700.smt2,68.3531,0,1,成功
/pub/data/jiafq/iscas/Parser_Comparison/../benchmarks/part5/non-incremental/QF_BV/20221012-MCMPC/sugarbeets/sugarbeets.t1.i20.75d8cffb.smt2,69.0155,0,1,成功
/pub/data/jiafq/iscas/Parser_Comparison/../benchmarks/part5/non-incremental/QF_BV/20221012-MCMPC/sugarbeets/sugarbeets.t1.i20.7946de1a.smt2,69.9153,0,1,成功
/pub/data/jiafq/iscas/Parser_Comparison/../benchmarks/part5/non-incremental/QF_BV/20221012-MCMPC/sugarbeets/sugarbeets.t1.i20.9b58a7fa.smt2,72.4924,0,1,成功
/pub/data/jiafq/iscas/Parser_Comparison/../benchmarks/part5/non-incremental/QF_BV/20221012-MCMPC/sugarbeets/sugarbeets.t1.i20.f20c4002.smt2,61.7758,0,1,成功
/pub/data/jiafq/iscas/Parser_Comparison/../benchmarks/part5/non-incremental/QF_BV/20221012-MCMPC/sugarbeets/sugarbeets.t1.i20.fe4ec561.smt2,68.2422,0,1,成功
/pub/data/jiafq/iscas/Parser_Comparison/../benchmarks/part5/non-incremental/QF_BV/20221012-MCMPC/sugarbeets/sugarbeets.t1.i22.0ac2d9f5.smt2,67.1475,0,1,成功
/pub/data/jiafq/iscas/Parser_Comparison/../benchmarks/part5/non-incremental/QF_BV/20221012-MCMPC/sugarbeets/sugarbeets.t1.i22.13c511e6.smt2,71.0937,0,1,成功
/pub/data/jiafq/iscas/Parser_Comparison/../benchmarks/part5/non-incremental/QF_BV/20221012-MCMPC/sugarbeets/sugarbeets.t1.i22.23975ec2.smt2,69.7366,0,1,成功
/pub/data/jiafq/iscas/Parser_Comparison/../benchmarks/part5/non-incremental/QF_BV/20221012-MCMPC/sugarbeets/sugarbeets.t1.i22.3daa1615.smt2,69.042,0,1,成功
/pub/data/jiafq/iscas/Parser_Comparison/../benchmarks/part5/non-incremental/QF_BV/20221012-MCMPC/sugarbeets/sugarbeets.t1.i22.5f23c2b1.smt2,70.8312,0,1,成功
/pub/data/jiafq/iscas/Parser_Comparison/../benchmarks/part5/non-incremental/QF_BV/20221012-MCMPC/sugarbeets/sugarbeets.t1.i22.64b896ad.smt2,68.5863,0,1,成功
/pub/data/jiafq/iscas/Parser_Comparison/../benchmarks/part5/non-incremental/QF_BV/20221012-MCMPC/sugarbeets/sugarbeets.t1.i22.b3861357.smt2,70.9973,0,1,成功
/pub/data/jiafq/iscas/Parser_Comparison/../benchmarks/part5/non-incremental/QF_BV/20221012-MCMPC/sugarbeets/sugarbeets.t1.i22.f3d96be0.smt2,68.0098,0,1,成功
/pub/data/jiafq/iscas/Parser_Comparison/../benchmarks/part5/non-incremental/QF_BV/20221012-MCMPC/sugarbeets/sugarbeets.t1.i22.f763a8bd.smt2,68.9839,0,1,成功
/pub/data/jiafq/iscas/Parser_Comparison/../benchmarks/part5/non-incremental/QF_BV/20221012-MCMPC/sugarbeets/sugarbeets.t1.i24.003b6951.smt2,66.484,0,1,成功
/pub/data/jiafq/iscas/Parser_Comparison/../benchmarks/part5/non-incremental/QF_BV/20221012-MCMPC/sugarbeets/sugarbeets.t1.i24.3c99a2a3.smt2,66.8196,0,1,成功
/pub/data/jiafq/iscas/Parser_Comparison/../benchmarks/part5/non-incremental/QF_BV/20221012-MCMPC/sugarbeets/sugarbeets.t1.i24.4b09dc3d.smt2,65.5042,0,1,成功
/pub/data/jiafq/iscas/Parser_Comparison/../benchmarks/part5/non-incremental/QF_BV/20221012-MCMPC/sugarbeets/sugarbeets.t1.i24.68acea9e.smt2,65.8476,0,1,成功
/pub/data/jiafq/iscas/Parser_Comparison/../benchmarks/part5/non-incremental/QF_BV/20221012-MCMPC/sugarbeets/sugarbeets.t1.i24.871e241a.smt2,65.4353,0,1,成功
/pub/data/jiafq/iscas/Parser_Comparison/../benchmarks/part5/non-incremental/QF_BV/20221012-MCMPC/sugarbeets/sugarbeets.t1.i24.aceb45ad.smt2,67.6138,0,1,成功
/pub/data/jiafq/iscas/Parser_Comparison/../benchmarks/part5/non-incremental/QF_BV/20221012-MCMPC/sugarbeets/sugarbeets.t1.i24.b2ff4ea4.smt2,66.8358,0,1,成功
/pub/data/jiafq/iscas/Parser_Comparison/../benchmarks/part5/non-incremental/QF_BV/20221012-MCMPC/sugarbeets/sugarbeets.t1.i24.b7cb5964.smt2,66.2674,0,1,成功
/pub/data/jiafq/iscas/Parser_Comparison/../benchmarks/part5/non-incremental/QF_BV/20221012-MCMPC/sugarbeets/sugarbeets.t1.i26.1cb3314e.smt2,64.8867,0,1,成功
/pub/data/jiafq/iscas/Parser_Comparison/../benchmarks/part5/non-incremental/QF_BV/20221012-MCMPC/sugarbeets/sugarbeets.t1.i26.37aed7a4.smt2,69.2059,0,1,成功
/pub/data/jiafq/iscas/Parser_Comparison/../benchmarks/part5/non-incremental/QF_BV/20221012-MCMPC/sugarbeets/sugarbeets.t1.i26.46713181.smt2,70.7508,0,1,成功
/pub/data/jiafq/iscas/Parser_Comparison/../benchmarks/part5/non-incremental/QF_BV/20221012-MCMPC/sugarbeets/sugarbeets.t1.i26.5c581006.smt2,71.18,0,1,成功
/pub/data/jiafq/iscas/Parser_Comparison/../benchmarks/part5/non-incremental/QF_BV/20221012-MCMPC/sugarbeets/sugarbeets.t1.i26.5e59acee.smt2,70.535,0,1,成功
/pub/data/jiafq/iscas/Parser_Comparison/../benchmarks/part5/non-incremental/QF_BV/20221012-MCMPC/sugarbeets/sugarbeets.t1.i26.7bc9b66d.smt2,68.3483,0,1,成功
/pub/data/jiafq/iscas/Parser_Comparison/../benchmarks/part5/non-incremental/QF_BV/20221012-MCMPC/sugarbeets/sugarbeets.t1.i26.7be6ffe1.smt2,63.807,0,1,成功
/pub/data/jiafq/iscas/Parser_Comparison/../benchmarks/part5/non-incremental/QF_BV/20221012-MCMPC/sugarbeets/sugarbeets.t1.i26.8910c1e9.smt2,61.3608,0,1,成功
/pub/data/jiafq/iscas/Parser_Comparison/../benchmarks/part5/non-incremental/QF_BV/20221012-MCMPC/sugarbeets/sugarbeets.t1.i26.a8221a1f.smt2,63.5418,0,1,成功
/pub/data/jiafq/iscas/Parser_Comparison/../benchmarks/part5/non-incremental/QF_BV/20221012-MCMPC/sugarbeets/sugarbeets.t1.i26.d864a932.smt2,70.4876,0,1,成功
/pub/data/jiafq/iscas/Parser_Comparison/../benchmarks/part5/non-incremental/QF_BV/20221012-MCMPC/sugarbeets/sugarbeets.t1.i28.2453f50c.smt2,70.9424,0,1,成功
/pub/data/jiafq/iscas/Parser_Comparison/../benchmarks/part5/non-incremental/QF_BV/20221012-MCMPC/sugarbeets/sugarbeets.t1.i28.268822af.smt2,72.0168,0,1,成功
/pub/data/jiafq/iscas/Parser_Comparison/../benchmarks/part5/non-incremental/QF_BV/20221012-MCMPC/sugarbeets/sugarbeets.t1.i28.3d7241c4.smt2,70.9565,0,1,成功
/pub/data/jiafq/iscas/Parser_Comparison/../benchmarks/part5/non-incremental/QF_BV/20221012-MCMPC/sugarbeets/sugarbeets.t1.i28.49e063b3.smt2,66.6312,0,1,成功
/pub/data/jiafq/iscas/Parser_Comparison/../benchmarks/part5/non-incremental/QF_BV/20221012-MCMPC/sugarbeets/sugarbeets.t1.i28.4e604b93.smt2,62.0696,0,1,成功
/pub/data/jiafq/iscas/Parser_Comparison/../benchmarks/part5/non-incremental/QF_BV/20221012-MCMPC/sugarbeets/sugarbeets.t1.i28.565dcb27.smt2,64.9276,0,1,成功
/pub/data/jiafq/iscas/Parser_Comparison/../benchmarks/part5/non-incremental/QF_BV/20221012-MCMPC/sugarbeets/sugarbeets.t1.i28.56b121e2.smt2,70.7217,0,1,成功
/pub/data/jiafq/iscas/Parser_Comparison/../benchmarks/part5/non-incremental/QF_BV/20221012-MCMPC/sugarbeets/sugarbeets.t1.i28.5d0f57b5.smt2,71.3312,0,3231,成功
/pub/data/jiafq/iscas/Parser_Comparison/../benchmarks/part5/non-incremental/QF_BV/20221012-MCMPC/sugarbeets/sugarbeets.t1.i28.63ca18bd.smt2,62.7471,0,1,成功
/pub/data/jiafq/iscas/Parser_Comparison/../benchmarks/part5/non-incremental/QF_BV/20221012-MCMPC/sugarbeets/sugarbeets.t1.i28.6969f59d.smt2,63.0136,0,1,成功
/pub/data/jiafq/iscas/Parser_Comparison/../benchmarks/part5/non-incremental/QF_BV/20221012-MCMPC/sugarbeets/sugarbeets.t1.i28.7c941206.smt2,63.3388,0,1,成功
/pub/data/jiafq/iscas/Parser_Comparison/../benchmarks/part5/non-incremental/QF_BV/20221012-MCMPC/sugarbeets/sugarbeets.t1.i28.7ccedf5f.smt2,62.1209,0,1,成功
/pub/data/jiafq/iscas/Parser_Comparison/../benchmarks/part5/non-incremental/QF_BV/20221012-MCMPC/sugarbeets/sugarbeets.t1.i28.84ce64ca.smt2,68.3224,0,1,成功
/pub/data/jiafq/iscas/Parser_Comparison/../benchmarks/part5/non-incremental/QF_BV/20221012-MCMPC/sugarbeets/sugarbeets.t1.i28.909ff7fd.smt2,68.6299,0,1,成功
/pub/data/jiafq/iscas/Parser_Comparison/../benchmarks/part5/non-incremental/QF_BV/20221012-MCMPC/sugarbeets/sugarbeets.t1.i28.9732d7bb.smt2,63.4652,0,1,成功
/pub/data/jiafq/iscas/Parser_Comparison/../benchmarks/part5/non-incremental/QF_BV/20221012-MCMPC/sugarbeets/sugarbeets.t1.i28.ad957543.smt2,67.3193,0,1,成功
/pub/data/jiafq/iscas/Parser_Comparison/../benchmarks/part5/non-incremental/QF_BV/20221012-MCMPC/sugarbeets/sugarbeets.t1.i28.cbb92c5a.smt2,65.428,0,1,成功
/pub/data/jiafq/iscas/Parser_Comparison/../benchmarks/part5/non-incremental/QF_BV/20221012-MCMPC/sugarbeets/sugarbeets.t1.i28.ce56c119.smt2,64.79,0,1,成功
/pub/data/jiafq/iscas/Parser_Comparison/../benchmarks/part5/non-incremental/QF_BV/20221012-MCMPC/sugarbeets/sugarbeets.t1.i28.d1880023.smt2,63.6493,0,1,成功
/pub/data/jiafq/iscas/Parser_Comparison/../benchmarks/part5/non-incremental/QF_BV/20221012-MCMPC/sugarbeets/sugarbeets.t1.i28.dd9411a1.smt2,63.4906,0,1,成功
/pub/data/jiafq/iscas/Parser_Comparison/../benchmarks/part5/non-incremental/QF_BV/20221012-MCMPC/wage/wage.t1.i19.320ba106.smt2,20.6206,0,743,成功
/pub/data/jiafq/iscas/Parser_Comparison/../benchmarks/part5/non-incremental/QF_BV/20221012-MCMPC/wage/wage.t1.i19.8a8974b0.smt2,23.6594,0,828,成功
/pub/data/jiafq/iscas/Parser_Comparison/../benchmarks/part5/non-incremental/QF_BV/20221012-MCMPC/wage/wage.t1.i19.a912c9b3.smt2,20.3539,0,729,成功
/pub/data/jiafq/iscas/Parser_Comparison/../benchmarks/part5/non-incremental/QF_BV/20221012-MCMPC/wage/wage.t1.i19.d8160104.smt2,23.7383,0,771,成功
/pub/data/jiafq/iscas/Parser_Comparison/../benchmarks/part5/non-incremental/QF_BV/20221012-MCMPC/wage/wage.t1.i19.e31897d0.smt2,34.132,0,898,成功
/pub/data/jiafq/iscas/Parser_Comparison/../benchmarks/part5/non-incremental/QF_BV/20221012-MCMPC/wage/wage.t1.i19.eb2ac9dd.smt2,29.0449,0,785,成功
/pub/data/jiafq/iscas/Parser_Comparison/../benchmarks/part5/non-incremental/QF_BV/20221012-MCMPC/wage/wage.t1.i20.0f394767.smt2,19.5084,0,723,成功
/pub/data/jiafq/iscas/Parser_Comparison/../benchmarks/part5/non-incremental/QF_BV/20221012-MCMPC/wage/wage.t1.i20.6194b1cc.smt2,20.7609,0,737,成功
/pub/data/jiafq/iscas/Parser_Comparison/../benchmarks/part5/non-incremental/QF_BV/20221012-MCMPC/wage/wage.t1.i20.8050dd2d.smt2,29.7903,0,752,成功
/pub/data/jiafq/iscas/Parser_Comparison/../benchmarks/part5/non-incremental/QF_BV/20221012-MCMPC/wage/wage.t1.i20.8d974c38.smt2,29.0953,0,892,成功
/pub/data/jiafq/iscas/Parser_Comparison/../benchmarks/part5/non-incremental/QF_BV/20221012-MCMPC/wage/wage.t1.i20.a0a560e6.smt2,19.9499,0,738,成功
/pub/data/jiafq/iscas/Parser_Comparison/../benchmarks/part5/non-incremental/QF_BV/20221012-MCMPC/wage/wage.t1.i20.a4770ee9.smt2,21.0093,0,765,成功
/pub/data/jiafq/iscas/Parser_Comparison/../benchmarks/part5/non-incremental/QF_BV/20221012-MCMPC/wage/wage.t1.i20.d93eb595.smt2,23.8562,0,822,成功
/pub/data/jiafq/iscas/Parser_Comparison/../benchmarks/part5/non-incremental/QF_BV/20221012-MCMPC/wage/wage.t1.i20.fd3b5f0a.smt2,19.2793,0,724,成功
/pub/data/jiafq/iscas/Parser_Comparison/../benchmarks/part5/non-incremental/QF_BV/20221012-MCMPC/wage/wage.t1.i21.1ecaad72.smt2,24.5827,0,858,成功
/pub/data/jiafq/iscas/Parser_Comparison/../benchmarks/part5/non-incremental/QF_BV/20221012-MCMPC/wage/wage.t1.i21.4075c892.smt2,26.2621,0,759,成功
/pub/data/jiafq/iscas/Parser_Comparison/../benchmarks/part5/non-incremental/QF_BV/20221012-MCMPC/wage/wage.t1.i21.47ab1469.smt2,28.4231,0,900,成功
/pub/data/jiafq/iscas/Parser_Comparison/../benchmarks/part5/non-incremental/QF_BV/20221012-MCMPC/wage/wage.t1.i21.576ed537.smt2,19.1532,0,717,成功
/pub/data/jiafq/iscas/Parser_Comparison/../benchmarks/part5/non-incremental/QF_BV/20221012-MCMPC/wage/wage.t1.i21.5af310b3.smt2,25.7034,0,886,成功
/pub/data/jiafq/iscas/Parser_Comparison/../benchmarks/part5/non-incremental/QF_BV/20221012-MCMPC/wage/wage.t1.i21.5c36415e.smt2,28.2026,0,731,成功
/pub/data/jiafq/iscas/Parser_Comparison/../benchmarks/part5/non-incremental/QF_BV/20221012-MCMPC/wage/wage.t1.i21.62329da1.smt2,21.8578,0,731,成功
/pub/data/jiafq/iscas/Parser_Comparison/../benchmarks/part5/non-incremental/QF_BV/20221012-MCMPC/wage/wage.t1.i21.8ae1f809.smt2,32.4299,0,872,成功
/pub/data/jiafq/iscas/Parser_Comparison/../benchmarks/part5/non-incremental/QF_BV/20221012-MCMPC/wage/wage.t1.i21.dfdbc36a.smt2,27.5231,0,745,成功
/pub/data/jiafq/iscas/Parser_Comparison/../benchmarks/part5/non-incremental/QF_BV/20221012-MCMPC/wage/wage.t1.i22.46085b91.smt2,24.6235,0,726,成功
/pub/data/jiafq/iscas/Parser_Comparison/../benchmarks/part5/non-incremental/QF_BV/20221012-MCMPC/wage/wage.t1.i22.5631d17e.smt2,18.5571,0,711,成功
/pub/data/jiafq/iscas/Parser_Comparison/../benchmarks/part5/non-incremental/QF_BV/20221012-MCMPC/wage/wage.t1.i22.748532d9.smt2,21.412,0,725,成功
/pub/data/jiafq/iscas/Parser_Comparison/../benchmarks/part5/non-incremental/QF_BV/20221012-MCMPC/wage/wage.t1.i22.775c47cf.smt2,26.7899,0,894,成功
/pub/data/jiafq/iscas/Parser_Comparison/../benchmarks/part5/non-incremental/QF_BV/20221012-MCMPC/wage/wage.t1.i22.78ef6ae1.smt2,30.7371,0,852,成功
/pub/data/jiafq/iscas/Parser_Comparison/../benchmarks/part5/non-incremental/QF_BV/20221012-MCMPC/wage/wage.t1.i22.971de37d.smt2,23.2153,0,697,成功
/pub/data/jiafq/iscas/Parser_Comparison/../benchmarks/part5/non-incremental/QF_BV/20221012-MCMPC/wage/wage.t1.i22.9e528a42.smt2,30.7564,0,908,成功
/pub/data/jiafq/iscas/Parser_Comparison/../benchmarks/part5/non-incremental/QF_BV/20221012-MCMPC/wage/wage.t1.i22.a7aca6b7.smt2,28.1535,0,838,成功
/pub/data/jiafq/iscas/Parser_Comparison/../benchmarks/part5/non-incremental/QF_BV/20221012-MCMPC/wage/wage.t1.i22.be98c565.smt2,24.1855,0,711,成功
/pub/data/jiafq/iscas/Parser_Comparison/../benchmarks/part5/non-incremental/QF_BV/20221012-MCMPC/wage/wage.t1.i22.c7eccf5e.smt2,25.8182,0,880,成功
/pub/data/jiafq/iscas/Parser_Comparison/../benchmarks/part5/non-incremental/QF_BV/20221012-MCMPC/wage/wage.t1.i23.2aa1d464.smt2,26.3385,0,902,成功
/pub/data/jiafq/iscas/Parser_Comparison/../benchmarks/part5/non-incremental/QF_BV/20221012-MCMPC/wage/wage.t1.i23.366ad3e1.smt2,18.8754,0,720,成功
/pub/data/jiafq/iscas/Parser_Comparison/../benchmarks/part5/non-incremental/QF_BV/20221012-MCMPC/wage/wage.t1.i23.55521740.smt2,31.4979,0,860,成功
/pub/data/jiafq/iscas/Parser_Comparison/../benchmarks/part5/non-incremental/QF_BV/20221012-MCMPC/wage/wage.t1.i23.5f8fe7b3.smt2,29.174,0,832,成功
/pub/data/jiafq/iscas/Parser_Comparison/../benchmarks/part5/non-incremental/QF_BV/20221012-MCMPC/wage/wage.t1.i23.6ac95207.smt2,32.7091,0,902,成功
/pub/data/jiafq/iscas/Parser_Comparison/../benchmarks/part5/non-incremental/QF_BV/20221012-MCMPC/wage/wage.t1.i23.6b23f136.smt2,24.0863,0,846,成功
/pub/data/jiafq/iscas/Parser_Comparison/../benchmarks/part5/non-incremental/QF_BV/20221012-MCMPC/wage/wage.t1.i23.82bcbab5.smt2,24.8228,0,874,成功
/pub/data/jiafq/iscas/Parser_Comparison/../benchmarks/part5/non-incremental/QF_BV/20221012-MCMPC/wage/wage.t1.i23.8a826c8d.smt2,31.7199,0,874,成功
/pub/data/jiafq/iscas/Parser_Comparison/../benchmarks/part5/non-incremental/QF_BV/20221012-MCMPC/wage/wage.t1.i23.a3bd02e8.smt2,23.2602,0,818,成功
/pub/data/jiafq/iscas/Parser_Comparison/../benchmarks/part5/non-incremental/QF_BV/20221012-MCMPC/wage/wage.t1.i23.c0819542.smt2,32.0887,0,874,成功
/pub/data/jiafq/iscas/Parser_Comparison/../benchmarks/part5/non-incremental/QF_BV/20221012-MCMPC/wage/wage.t1.i23.c3f06f5f.smt2,29.6793,0,832,成功
/pub/data/jiafq/iscas/Parser_Comparison/../benchmarks/part5/non-incremental/QF_BV/20221012-MCMPC/wage/wage.t1.i23.cc063847.smt2,28.9585,224,804,成功
/pub/data/jiafq/iscas/Parser_Comparison/../benchmarks/part5/non-incremental/QF_BV/20221012-MCMPC/wage/wage.t1.i23.cff874ab.smt2,27.8323,0,818,成功
/pub/data/jiafq/iscas/Parser_Comparison/../benchmarks/part5/non-incremental/QF_BV/20221012-MCMPC/wage/wage.t1.i23.e53903af.smt2,31.5107,0,860,成功
/pub/data/jiafq/iscas/Parser_Comparison/../benchmarks/part5/non-incremental/QF_BV/20221012-MCMPC/wage/wage.t1.i23.fc029c7c.smt2,29.061,0,888,成功
/pub/data/jiafq/iscas/Parser_Comparison/../benchmarks/part5/non-incremental/QF_BV/20221012-MCMPC/wage/wage.t1.i23.ff12d0be.smt2,26.0953,0,888,成功
/pub/data/jiafq/iscas/Parser_Comparison/../benchmarks/part5/non-incremental/QF_BV/20221012-MCMPC/wage/wage.t1.i24.020578bc.smt2,18.003,0,699,成功
/pub/data/jiafq/iscas/Parser_Comparison/../benchmarks/part5/non-incremental/QF_BV/20221012-MCMPC/wage/wage.t1.i24.4e04e14e.smt2,27.8116,0,840,成功
/pub/data/jiafq/iscas/Parser_Comparison/../benchmarks/part5/non-incremental/QF_BV/20221012-MCMPC/wage/wage.t1.i24.8a3d8572.smt2,28.2444,0,854,成功
/pub/data/jiafq/iscas/Parser_Comparison/../benchmarks/part5/non-incremental/QF_BV/20221012-MCMPC/wage/wage.t1.i24.d8d2163c.smt2,20.9296,0,727,成功
/pub/data/jiafq/iscas/Parser_Comparison/../benchmarks/part5/non-incremental/QF_BV/20221012-MCMPC/wage/wage.t1.i24.d9725c6f.smt2,29.2996,0,741,成功
/pub/data/jiafq/iscas/Parser_Comparison/../benchmarks/part5/non-incremental/QF_BV/20221012-MCMPC/wage/wage.t1.i24.dccfaab9.smt2,21.6427,0,798,成功
/pub/data/jiafq/iscas/Parser_Comparison/../benchmarks/part5/non-incremental/QF_BV/20221012-MCMPC/wage/wage.t1.i24.de0d79b6.smt2,32.3538,0,868,成功
/pub/data/jiafq/iscas/Parser_Comparison/../benchmarks/part5/non-incremental/QF_BV/20221012-MCMPC/wage/wage.t1.i25.15b9cb80.smt2,22.6152,0,820,成功
/pub/data/jiafq/iscas/Parser_Comparison/../benchmarks/part5/non-incremental/QF_BV/20221012-MCMPC/wage/wage.t1.i25.a26da046.smt2,27.8523,0,806,成功
/pub/data/jiafq/iscas/Parser_Comparison/../benchmarks/part5/non-incremental/QF_BV/20221012-MCMPC/wage/wage.t1.i26.2d0fc94c.smt2,23.7112,0,842,成功
/pub/data/jiafq/iscas/Parser_Comparison/../benchmarks/part5/non-incremental/QF_BV/20221012-MCMPC/wage/wage.t1.i26.b7711f6d.smt2,30.5998,0,814,成功
/pub/data/jiafq/iscas/Parser_Comparison/../benchmarks/part5/non-incremental/QF_BV/20221012-MCMPC/wage/wage.t1.i26.d48c78f7.smt2,25.5265,0,856,成功
/pub/data/jiafq/iscas/Parser_Comparison/../benchmarks/part5/non-incremental/QF_BV/20221012-MCMPC/wage/wage.t1.i26.f50db0a9.smt2,27.7348,0,800,成功
/pub/data/jiafq/iscas/Parser_Comparison/../benchmarks/part5/non-incremental/QF_BV/20221012-MCMPC/wage/wage.t1.i26.f6fe647e.smt2,30.0653,0,828,成功
/pub/data/jiafq/iscas/Parser_Comparison/../benchmarks/part5/non-incremental/QF_BV/20221012-MCMPC/wage/wage.t1.i27.13610d95.smt2,20.7059,0,723,成功
/pub/data/jiafq/iscas/Parser_Comparison/../benchmarks/part5/non-incremental/QF_BV/20221012-MCMPC/wage/wage.t1.i27.181f4ff5.smt2,18.1888,0,723,成功
/pub/data/jiafq/iscas/Parser_Comparison/../benchmarks/part5/non-incremental/QF_BV/20221012-MCMPC/wage/wage.t1.i27.208ed6f1.smt2,22.9087,0,737,成功
/pub/data/jiafq/iscas/Parser_Comparison/../benchmarks/part5/non-incremental/QF_BV/20221012-MCMPC/wage/wage.t1.i27.2092e124.smt2,28.4787,0,808,成功
/pub/data/jiafq/iscas/Parser_Comparison/../benchmarks/part5/non-incremental/QF_BV/20221012-MCMPC/wage/wage.t1.i27.a75936f2.smt2,24.8767,0,695,成功
/pub/data/jiafq/iscas/Parser_Comparison/../benchmarks/part5/non-incremental/QF_BV/20221012-MCMPC/wage/wage.t1.i27.da7f7dca.smt2,23.5882,0,709,成功
/pub/data/jiafq/iscas/Parser_Comparison/../benchmarks/part5/non-incremental/QF_BV/20221012-MCMPC/wage/wage.t1.i27.f3db1761.smt2,18.8629,0,737,成功
/pub/data/jiafq/iscas/Parser_Comparison/../benchmarks/part5/non-incremental/QF_BV/20221012-MCMPC/wage/wage.t1.i28.01c9b0ed.smt2,29.2885,0,802,成功
/pub/data/jiafq/iscas/Parser_Comparison/../benchmarks/part5/non-incremental/QF_BV/20221012-MCMPC/wage/wage.t1.i28.0317f095.smt2,23.0569,0,830,成功
/pub/data/jiafq/iscas/Parser_Comparison/../benchmarks/part5/non-incremental/QF_BV/20221012-MCMPC/wage/wage.t1.i28.1dbca1d6.smt2,24.5742,0,872,成功
/pub/data/jiafq/iscas/Parser_Comparison/../benchmarks/part5/non-incremental/QF_BV/20221012-MCMPC/wage/wage.t1.i28.366f39c4.smt2,27.4351,0,816,成功
/pub/data/jiafq/iscas/Parser_Comparison/../benchmarks/part5/non-incremental/QF_BV/20221012-MCMPC/wage/wage.t1.i28.37491d3f.smt2,23.5599,0,858,成功
/pub/data/jiafq/iscas/Parser_Comparison/../benchmarks/part5/non-incremental/QF_BV/20221012-MCMPC/wage/wage.t1.i28.569f8926.smt2,27.9663,0,858,成功
/pub/data/jiafq/iscas/Parser_Comparison/../benchmarks/part5/non-incremental/QF_BV/20221012-MCMPC/wage/wage.t1.i28.5c7734e7.smt2,28.9081,0,802,成功
/pub/data/jiafq/iscas/Parser_Comparison/../benchmarks/part5/non-incremental/QF_BV/20221012-MCMPC/wage/wage.t1.i28.5d9d19e5.smt2,28.5729,0,830,成功
/pub/data/jiafq/iscas/Parser_Comparison/../benchmarks/part5/non-incremental/QF_BV/20221012-MCMPC/wage/wage.t1.i28.62da385b.smt2,26.6443,0,732,成功
/pub/data/jiafq/iscas/Parser_Comparison/../benchmarks/part5/non-incremental/QF_BV/20221012-MCMPC/wage/wage.t1.i28.683dfd05.smt2,28.9724,0,774,成功
/pub/data/jiafq/iscas/Parser_Comparison/../benchmarks/part5/non-incremental/QF_BV/20221012-MCMPC/wage/wage.t1.i28.689f1d37.smt2,21.8425,0,816,成功
/pub/data/jiafq/iscas/Parser_Comparison/../benchmarks/part5/non-incremental/QF_BV/20221012-MCMPC/wage/wage.t1.i28.7d7224d6.smt2,19.0742,0,746,成功
/pub/data/jiafq/iscas/Parser_Comparison/../benchmarks/part5/non-incremental/QF_BV/20221012-MCMPC/wage/wage.t1.i28.8022b4a7.smt2,24.0481,0,718,成功
/pub/data/jiafq/iscas/Parser_Comparison/../benchmarks/part5/non-incremental/QF_BV/20221012-MCMPC/wage/wage.t1.i28.88c768be.smt2,25.6343,0,760,成功
/pub/data/jiafq/iscas/Parser_Comparison/../benchmarks/part5/non-incremental/QF_BV/20221012-MCMPC/wage/wage.t1.i28.9231ca51.smt2,23.4364,0,788,成功
/pub/data/jiafq/iscas/Parser_Comparison/../benchmarks/part5/non-incremental/QF_BV/20221012-MCMPC/wage/wage.t1.i28.9a8f0d66.smt2,18.8695,0,746,成功
/pub/data/jiafq/iscas/Parser_Comparison/../benchmarks/part5/non-incremental/QF_BV/20221012-MCMPC/wage/wage.t1.i28.abff708a.smt2,18.9234,0,746,成功
/pub/data/jiafq/iscas/Parser_Comparison/../benchmarks/part5/non-incremental/QF_BV/20221012-MCMPC/wage/wage.t1.i28.b62657ea.smt2,22.0582,0,816,成功
/pub/data/jiafq/iscas/Parser_Comparison/../benchmarks/part5/non-incremental/QF_BV/20221012-MCMPC/wage/wage.t1.i28.c47e5181.smt2,27.2901,0,886,成功
/pub/data/jiafq/iscas/Parser_Comparison/../benchmarks/part5/non-incremental/QF_BV/20221012-MCMPC/wage/wage.t1.i28.d4528a84.smt2,24.0139,0,844,成功
/pub/data/jiafq/iscas/Parser_Comparison/../benchmarks/part5/non-incremental/QF_BV/20221012-MCMPC/wage/wage.t1.i28.db661843.smt2,25.1576,0,844,成功
/pub/data/jiafq/iscas/Parser_Comparison/../benchmarks/part5/non-incremental/QF_BV/20221012-MCMPC/wage/wage.t1.i28.dc01d222.smt2,21.4849,0,760,成功
/pub/data/jiafq/iscas/Parser_Comparison/../benchmarks/part5/non-incremental/QF_BV/20221012-MCMPC/wage/wage.t1.i28.e912e377.smt2,18.8023,0,732,成功
/pub/data/jiafq/iscas/Parser_Comparison/../benchmarks/part5/non-incremental/QF_BV/20221012-MCMPC/wage/wage.t1.i28.ed800140.smt2,21.0061,0,788,成功
/pub/data/jiafq/iscas/Parser_Comparison/../benchmarks/part5/non-incremental/QF_BV/20221012-MCMPC/wage/wage.t1.i28.f2260554.smt2,20.5815,0,774,成功
/pub/data/jiafq/iscas/Parser_Comparison/../benchmarks/part5/non-incremental/QF_BV/20221012-MCMPC/wage/wage.t1.i29.20e256f6.smt2,20.0786,0,768,成功
/pub/data/jiafq/iscas/Parser_Comparison/../benchmarks/part5/non-incremental/QF_BV/20221012-MCMPC/wage/wage.t1.i29.286317e1.smt2,23.2676,0,796,成功
/pub/data/jiafq/iscas/Parser_Comparison/../benchmarks/part5/non-incremental/QF_BV/20221012-MCMPC/wage/wage.t1.i29.36061249.smt2,23.6484,0,697,成功
/pub/data/jiafq/iscas/Parser_Comparison/../benchmarks/part5/non-incremental/QF_BV/20221012-MCMPC/wage/wage.t1.i29.36111b13.smt2,23.8801,0,810,成功
/pub/data/jiafq/iscas/Parser_Comparison/../benchmarks/part5/non-incremental/QF_BV/20221012-MCMPC/wage/wage.t1.i29.42f73863.smt2,23.6483,0,725,成功
/pub/data/jiafq/iscas/Parser_Comparison/../benchmarks/part5/non-incremental/QF_BV/20221012-MCMPC/wage/wage.t1.i29.4d588ada.smt2,22.981,0,796,成功
/pub/data/jiafq/iscas/Parser_Comparison/../benchmarks/part5/non-incremental/QF_BV/20221012-MCMPC/wage/wage.t1.i29.70b9af38.smt2,24.4743,0,725,成功
/pub/data/jiafq/iscas/Parser_Comparison/../benchmarks/part5/non-incremental/QF_BV/20221012-MCMPC/wage/wage.t1.i29.99232da4.smt2,23.3031,0,810,成功
/pub/data/jiafq/iscas/Parser_Comparison/../benchmarks/part5/non-incremental/QF_BV/20221012-MCMPC/wage/wage.t1.i29.a867371e.smt2,26.0069,0,711,成功
/pub/data/jiafq/iscas/Parser_Comparison/../benchmarks/part5/non-incremental/QF_BV/20221012-MCMPC/wage/wage.t1.i29.bd2bd771.smt2,20.7664,0,782,成功
/pub/data/jiafq/iscas/Parser_Comparison/../benchmarks/part5/non-incremental/QF_BV/20221012-MCMPC/wage/wage.t1.i29.e0d1f96e.smt2,21.4821,0,782,成功
/pub/data/jiafq/iscas/Parser_Comparison/../benchmarks/part5/non-incremental/QF_BV/20221012-MCMPC/wage/wage.t1.i30.08d39793.smt2,21.3664,0,677,成功
/pub/data/jiafq/iscas/Parser_Comparison/../benchmarks/part5/non-incremental/QF_BV/20221012-MCMPC/wage/wage.t1.i30.0923cc8e.smt2,17.7788,0,720,成功
/pub/data/jiafq/iscas/Parser_Comparison/../benchmarks/part5/non-incremental/QF_BV/20221012-MCMPC/wage/wage.t1.i30.21bbfe0e.smt2,17.9495,0,691,成功
/pub/data/jiafq/iscas/Parser_Comparison/../benchmarks/part5/non-incremental/QF_BV/20221012-MCMPC/wage/wage.t1.i30.21e6772d.smt2,23.2752,0,705,成功
/pub/data/jiafq/iscas/Parser_Comparison/../benchmarks/part5/non-incremental/QF_BV/20221012-MCMPC/wage/wage.t1.i30.7abb213e.smt2,17.3472,0,706,成功
/pub/data/jiafq/iscas/Parser_Comparison/../benchmarks/part5/non-incremental/QF_BV/20221012-MCMPC/wage/wage.t1.i30.cadd381d.smt2,25.151,0,719,成功
/pub/data/jiafq/iscas/Parser_Comparison/../benchmarks/part5/non-incremental/QF_BV/20221012-MCMPC/wage/wage.t1.i30.f2b70e65.smt2,18.0561,0,692,成功
/pub/data/jiafq/iscas/Parser_Comparison/../benchmarks/part5/non-incremental/QF_BV/20221012-MCMPC/wage/wage.t1.i30.f4ed9e56.smt2,17.2295,0,705,成功
/pub/data/jiafq/iscas/Parser_Comparison/../benchmarks/part5/non-incremental/QF_BV/20221012-MCMPC/wage/wage.t1.i31.11c740d6.smt2,26.1459,0,742,成功
/pub/data/jiafq/iscas/Parser_Comparison/../benchmarks/part5/non-incremental/QF_BV/20221012-MCMPC/wage/wage.t1.i31.7a59af33.smt2,19.9583,0,728,成功
/pub/data/jiafq/iscas/Parser_Comparison/../benchmarks/part5/non-incremental/QF_BV/20221012-MCMPC/wage/wage.t1.i31.93c2c8c5.smt2,22.7638,0,714,成功
/pub/data/jiafq/iscas/Parser_Comparison/../benchmarks/part5/non-incremental/QF_BV/20221012-MCMPC/wage/wage.t1.i31.9ce6bcdd.smt2,25.7357,0,756,成功
/pub/data/jiafq/iscas/Parser_Comparison/../benchmarks/part5/non-incremental/QF_BV/20221012-MCMPC/wage/wage.t1.i32.0b938728.smt2,18.0581,0,680,成功
/pub/data/jiafq/iscas/Parser_Comparison/../benchmarks/part5/non-incremental/QF_BV/20221012-MCMPC/wage/wage.t1.i32.60de153b.smt2,19.5216,0,722,成功
/pub/data/jiafq/iscas/Parser_Comparison/../benchmarks/part5/non-incremental/QF_BV/20221012-MCMPC/wage/wage.t1.i32.62e3104d.smt2,16.3537,0,694,成功
/pub/data/jiafq/iscas/Parser_Comparison/../benchmarks/part5/non-incremental/QF_BV/20221012-MCMPC/wage/wage.t1.i32.63618220.smt2,14.9756,0,666,成功
/pub/data/jiafq/iscas/Parser_Comparison/../benchmarks/part5/non-incremental/QF_BV/20221012-MCMPC/wage/wage.t1.i32.82f31d16.smt2,22.8659,0,652,成功
/pub/data/jiafq/iscas/Parser_Comparison/../benchmarks/part5/non-incremental/QF_BV/20221012-MCMPC/wage/wage.t1.i32.bbcf072f.smt2,16.9569,0,638,成功
/pub/data/jiafq/iscas/Parser_Comparison/../benchmarks/part5/non-incremental/QF_BV/20221012-MCMPC/wage/wage.t1.i32.c060a971.smt2,24.8617,0,736,成功
/pub/data/jiafq/iscas/Parser_Comparison/../benchmarks/part5/non-incremental/QF_BV/20221012-MCMPC/wage/wage.t1.i32.ca140ee6.smt2,16.8201,0,708,成功
/pub/data/jiafq/iscas/Parser_Comparison/../benchmarks/part5/non-incremental/QF_BV/20221012-MCMPC/wage/wage.t1.i32.f4501912.smt2,21.1354,0,750,成功
/pub/data/jiafq/iscas/Parser_Comparison/../benchmarks/part5/non-incremental/QF_BV/20221012-MCMPC/wage/wage.t1.i33.1f0f7856.smt2,15.9394,0,687,成功
/pub/data/jiafq/iscas/Parser_Comparison/../benchmarks/part5/non-incremental/QF_BV/20221012-MCMPC/wage/wage.t1.i33.295ac35f.smt2,23.4911,0,715,成功
/pub/data/jiafq/iscas/Parser_Comparison/../benchmarks/part5/non-incremental/QF_BV/20221012-MCMPC/wage/wage.t1.i33.41fcbfc9.smt2,18.7646,0,687,成功
/pub/data/jiafq/iscas/Parser_Comparison/../benchmarks/part5/non-incremental/QF_BV/20221012-MCMPC/wage/wage.t1.i33.5187b4ea.smt2,25.6658,0,772,成功
/pub/data/jiafq/iscas/Parser_Comparison/../benchmarks/part5/non-incremental/QF_BV/20221012-MCMPC/wage/wage.t1.i33.5dda2632.smt2,19.1407,0,716,成功
/pub/data/jiafq/iscas/Parser_Comparison/../benchmarks/part5/non-incremental/QF_BV/20221012-MCMPC/wage/wage.t1.i33.63b1a2c8.smt2,18.3211,0,744,成功
/pub/data/jiafq/iscas/Parser_Comparison/../benchmarks/part5/non-incremental/QF_BV/20221012-MCMPC/wage/wage.t1.i33.651d6b0a.smt2,25.586,0,786,成功
/pub/data/jiafq/iscas/Parser_Comparison/../benchmarks/part5/non-incremental/QF_BV/20221012-MCMPC/wage/wage.t1.i33.6c057fee.smt2,16.7671,0,673,成功
/pub/data/jiafq/iscas/Parser_Comparison/../benchmarks/part5/non-incremental/QF_BV/20221012-MCMPC/wage/wage.t1.i33.9cf01bcb.smt2,20.3329,0,758,成功
/pub/data/jiafq/iscas/Parser_Comparison/../benchmarks/part5/non-incremental/QF_BV/20221012-MCMPC/wage/wage.t1.i33.a7b47824.smt2,18.8606,0,730,成功
/pub/data/jiafq/iscas/Parser_Comparison/../benchmarks/part5/non-incremental/QF_BV/20221012-MCMPC/wage/wage.t1.i33.a9808dfd.smt2,25.0161,0,716,成功
/pub/data/jiafq/iscas/Parser_Comparison/../benchmarks/part5/non-incremental/QF_BV/20221012-MCMPC/wage/wage.t1.i33.af97efe4.smt2,22.782,0,702,成功
/pub/data/jiafq/iscas/Parser_Comparison/../benchmarks/part5/non-incremental/QF_BV/20221012-MCMPC/wage/wage.t1.i33.c070befe.smt2,20.8257,0,702,成功
/pub/data/jiafq/iscas/Parser_Comparison/../benchmarks/part5/non-incremental/QF_BV/20221012-MCMPC/wage/wage.t1.i33.e282d06f.smt2,18.5917,0,631,成功
/pub/data/jiafq/iscas/Parser_Comparison/../benchmarks/part5/non-incremental/QF_BV/20221012-MCMPC/wage/wage.t1.i33.e46d8e71.smt2,18.7176,0,701,成功
/pub/data/jiafq/iscas/Parser_Comparison/../benchmarks/part5/non-incremental/QF_BV/20221012-MCMPC/wage/wage.t1.i33.e785274c.smt2,16.4076,0,659,成功
/pub/data/jiafq/iscas/Parser_Comparison/../benchmarks/part5/non-incremental/QF_BV/20221012-MCMPC/wage/wage.t1.i33.e8cd10b3.smt2,17.0385,0,715,成功
/pub/data/jiafq/iscas/Parser_Comparison/../benchmarks/part5/non-incremental/QF_BV/20221012-MCMPC/wage/wage.t1.i34.267214d5.smt2,18.8507,0,766,成功
/pub/data/jiafq/iscas/Parser_Comparison/../benchmarks/part5/non-incremental/QF_BV/20221012-MCMPC/wage/wage.t1.i34.6249658c.smt2,25.2043,0,752,成功
/pub/data/jiafq/iscas/Parser_Comparison/../benchmarks/part5/non-incremental/QF_BV/20221012-MCMPC/wage/wage.t1.i34.65ba564a.smt2,18.6883,0,738,成功
/pub/data/jiafq/iscas/Parser_Comparison/../benchmarks/part5/non-incremental/QF_BV/20221012-MCMPC/wage/wage.t1.i34.6fe58b1d.smt2,23.9238,0,710,成功
/pub/data/jiafq/iscas/Parser_Comparison/../benchmarks/part5/non-incremental/QF_BV/20221012-MCMPC/wage/wage.t1.i34.7a4f2c1f.smt2,25.8635,0,780,成功
/pub/data/jiafq/iscas/Parser_Comparison/../benchmarks/part5/non-incremental/QF_BV/20221012-MCMPC/wage/wage.t1.i34.c1fdbdab.smt2,26.6932,0,808,成功
/pub/data/jiafq/iscas/Parser_Comparison/../benchmarks/part5/non-incremental/QF_BV/20221012-MCMPC/wage/wage.t1.i34.ca1fcc9e.smt2,22.7557,0,710,成功
/pub/data/jiafq/iscas/Parser_Comparison/../benchmarks/part5/non-incremental/QF_BV/20221012-MCMPC/wage/wage.t1.i34.d38093f4.smt2,16.1687,0,696,成功
/pub/data/jiafq/iscas/Parser_Comparison/../benchmarks/part5/non-incremental/QF_BV/20221012-MCMPC/wage/wage.t1.i34.d7a9ad46.smt2,23.0534,0,724,成功
/pub/data/jiafq/iscas/Parser_Comparison/../benchmarks/part5/non-incremental/QF_BV/20221012-MCMPC/wage/wage.t1.i34.de99a523.smt2,25.2771,0,794,成功
/pub/data/jiafq/iscas/Parser_Comparison/../benchmarks/part5/non-incremental/QF_BV/20221012-MCMPC/wage/wage.t1.i34.f9d53c83.smt2,18.0162,0,696,成功
/pub/data/jiafq/iscas/Parser_Comparison/../benchmarks/part5/non-incremental/QF_BV/20221012-MCMPC/wage/wage.t1.i35.05b272c1.smt2,18.0675,0,703,成功
/pub/data/jiafq/iscas/Parser_Comparison/../benchmarks/part5/non-incremental/QF_BV/20221012-MCMPC/wage/wage.t1.i35.0dd5aaac.smt2,17.9263,0,760,成功
/pub/data/jiafq/iscas/Parser_Comparison/../benchmarks/part5/non-incremental/QF_BV/20221012-MCMPC/wage/wage.t1.i35.2c2d76bc.smt2,24.6313,0,774,成功
/pub/data/jiafq/iscas/Parser_Comparison/../benchmarks/part5/non-incremental/QF_BV/20221012-MCMPC/wage/wage.t1.i35.2d881e17.smt2,16.773,0,647,成功
/pub/data/jiafq/iscas/Parser_Comparison/../benchmarks/part5/non-incremental/QF_BV/20221012-MCMPC/wage/wage.t1.i35.2e6938ba.smt2,20.6631,0,830,成功
/pub/data/jiafq/iscas/Parser_Comparison/../benchmarks/part5/non-incremental/QF_BV/20221012-MCMPC/wage/wage.t1.i35.302eb75e.smt2,24.803,0,858,成功
/pub/data/jiafq/iscas/Parser_Comparison/../benchmarks/part5/non-incremental/QF_BV/20221012-MCMPC/wage/wage.t1.i35.3f6d3079.smt2,18.2337,0,690,成功
/pub/data/jiafq/iscas/Parser_Comparison/../benchmarks/part5/non-incremental/QF_BV/20221012-MCMPC/wage/wage.t1.i35.43de29fc.smt2,18.3784,0,746,成功
/pub/data/jiafq/iscas/Parser_Comparison/../benchmarks/part5/non-incremental/QF_BV/20221012-MCMPC/wage/wage.t1.i35.4440d8a4.smt2,21.5758,0,718,成功
/pub/data/jiafq/iscas/Parser_Comparison/../benchmarks/part5/non-incremental/QF_BV/20221012-MCMPC/wage/wage.t1.i35.57856d9b.smt2,20.6178,0,816,成功
/pub/data/jiafq/iscas/Parser_Comparison/../benchmarks/part5/non-incremental/QF_BV/20221012-MCMPC/wage/wage.t1.i35.5a001a43.smt2,23.8302,0,802,成功
/pub/data/jiafq/iscas/Parser_Comparison/../benchmarks/part5/non-incremental/QF_BV/20221012-MCMPC/wage/wage.t1.i35.5ffe5447.smt2,17.3554,0,675,成功
/pub/data/jiafq/iscas/Parser_Comparison/../benchmarks/part5/non-incremental/QF_BV/20221012-MCMPC/wage/wage.t1.i35.680e00f6.smt2,15.6539,0,690,成功
/pub/data/jiafq/iscas/Parser_Comparison/../benchmarks/part5/non-incremental/QF_BV/20221012-MCMPC/wage/wage.t1.i35.74357208.smt2,17.9736,0,689,成功
/pub/data/jiafq/iscas/Parser_Comparison/../benchmarks/part5/non-incremental/QF_BV/20221012-MCMPC/wage/wage.t1.i35.8040b0ca.smt2,26.3635,0,788,成功
/pub/data/jiafq/iscas/Parser_Comparison/../benchmarks/part5/non-incremental/QF_BV/20221012-MCMPC/wage/wage.t1.i35.92900b74.smt2,23.7188,0,704,成功
/pub/data/jiafq/iscas/Parser_Comparison/../benchmarks/part5/non-incremental/QF_BV/20221012-MCMPC/wage/wage.t1.i35.96e8c51c.smt2,16.9158,0,717,成功
/pub/data/jiafq/iscas/Parser_Comparison/../benchmarks/part5/non-incremental/QF_BV/20221012-MCMPC/wage/wage.t1.i35.9afbab89.smt2,22.3833,0,732,成功
/pub/data/jiafq/iscas/Parser_Comparison/../benchmarks/part5/non-incremental/QF_BV/20221012-MCMPC/wage/wage.t1.i35.a75b0e42.smt2,22.2679,0,704,成功
/pub/data/jiafq/iscas/Parser_Comparison/../benchmarks/part5/non-incremental/QF_BV/20221012-MCMPC/wage/wage.t1.i35.ae8c993e.smt2,14.2884,0,661,成功
/pub/data/jiafq/iscas/Parser_Comparison/../benchmarks/part5/non-incremental/QF_BV/20221012-MCMPC/wage/wage.t1.i35.fd27144f.smt2,24.7512,0,844,成功
/pub/data/jiafq/iscas/Parser_Comparison/../benchmarks/part5/non-incremental/QF_BV/20221012-MCMPC/wage/wage.t1.i36.0645c8c1.smt2,18.4304,0,655,成功
/pub/data/jiafq/iscas/Parser_Comparison/../benchmarks/part5/non-incremental/QF_BV/20221012-MCMPC/wage/wage.t1.i36.07c7b703.smt2,13.5029,0,638,成功
/pub/data/jiafq/iscas/Parser_Comparison/../benchmarks/part5/non-incremental/QF_BV/20221012-MCMPC/wage/wage.t1.i36.0cbac6d5.smt2,18.8983,0,698,成功
/pub/data/jiafq/iscas/Parser_Comparison/../benchmarks/part5/non-incremental/QF_BV/20221012-MCMPC/wage/wage.t1.i36.22e115b7.smt2,20.0254,0,655,成功
/pub/data/jiafq/iscas/Parser_Comparison/../benchmarks/part5/non-incremental/QF_BV/20221012-MCMPC/wage/wage.t1.i36.2de67e5a.smt2,17.8292,0,655,成功
/pub/data/jiafq/iscas/Parser_Comparison/../benchmarks/part5/non-incremental/QF_BV/20221012-MCMPC/wage/wage.t1.i36.38dff770.smt2,15.1413,0,669,成功
/pub/data/jiafq/iscas/Parser_Comparison/../benchmarks/part5/non-incremental/QF_BV/20221012-MCMPC/wage/wage.t1.i36.3a7811e3.smt2,19.7537,0,698,成功
/pub/data/jiafq/iscas/Parser_Comparison/../benchmarks/part5/non-incremental/QF_BV/20221012-MCMPC/wage/wage.t1.i36.4a303728.smt2,21.5309,0,669,成功
/pub/data/jiafq/iscas/Parser_Comparison/../benchmarks/part5/non-incremental/QF_BV/20221012-MCMPC/wage/wage.t1.i36.4fb57196.smt2,22.4419,0,683,成功
/pub/data/jiafq/iscas/Parser_Comparison/../benchmarks/part5/non-incremental/QF_BV/20221012-MCMPC/wage/wage.t1.i36.54d098fc.smt2,19.475,0,669,成功
/pub/data/jiafq/iscas/Parser_Comparison/../benchmarks/part5/non-incremental/QF_BV/20221012-MCMPC/wage/wage.t1.i36.663cdd32.smt2,22.8043,0,684,成功
/pub/data/jiafq/iscas/Parser_Comparison/../benchmarks/part5/non-incremental/QF_BV/20221012-MCMPC/wage/wage.t1.i36.7c81e01d.smt2,20.9095,0,684,成功
/pub/data/jiafq/iscas/Parser_Comparison/../benchmarks/part5/non-incremental/QF_BV/20221012-MCMPC/wage/wage.t1.i36.81989b83.smt2,14.8035,0,669,成功
/pub/data/jiafq/iscas/Parser_Comparison/../benchmarks/part5/non-incremental/QF_BV/20221012-MCMPC/wage/wage.t1.i36.86a1631e.smt2,17.1817,0,670,成功
/pub/data/jiafq/iscas/Parser_Comparison/../benchmarks/part5/non-incremental/QF_BV/20221012-MCMPC/wage/wage.t1.i36.92639139.smt2,18.2341,0,697,成功
/pub/data/jiafq/iscas/Parser_Comparison/../benchmarks/part5/non-incremental/QF_BV/20221012-MCMPC/wage/wage.t1.i36.9960b86f.smt2,22.0587,0,684,成功
/pub/data/jiafq/iscas/Parser_Comparison/../benchmarks/part5/non-incremental/QF_BV/20221012-MCMPC/wage/wage.t1.i36.a74d50af.smt2,16.1002,0,698,成功
/pub/data/jiafq/iscas/Parser_Comparison/../benchmarks/part5/non-incremental/QF_BV/20221012-MCMPC/wage/wage.t1.i36.acda321f.smt2,21.2709,0,655,成功
/pub/data/jiafq/iscas/Parser_Comparison/../benchmarks/part5/non-incremental/QF_BV/20221012-MCMPC/wage/wage.t1.i36.b37bb374.smt2,21.6244,0,683,成功
/pub/data/jiafq/iscas/Parser_Comparison/../benchmarks/part5/non-incremental/QF_BV/20221012-MCMPC/wage/wage.t1.i36.b3c65b55.smt2,17.4477,0,712,成功
/pub/data/jiafq/iscas/Parser_Comparison/../benchmarks/part5/non-incremental/QF_BV/20221012-MCMPC/wage/wage.t1.i36.c881c32e.smt2,22.1181,0,655,成功
/pub/data/jiafq/iscas/Parser_Comparison/../benchmarks/part5/non-incremental/QF_BV/20221012-MCMPC/wage/wage.t1.i36.dcbc19cd.smt2,16.7326,0,669,成功
/pub/data/jiafq/iscas/Parser_Comparison/../benchmarks/part5/non-incremental/QF_BV/20221012-MCMPC/wage/wage.t1.i36.e964d124.smt2,15.0406,0,655,成功
/pub/data/jiafq/iscas/Parser_Comparison/../benchmarks/part5/non-incremental/QF_BV/20221012-MCMPC/wage/wage.t1.i36.eb897fd5.smt2,20.0669,0,655,成功
/pub/data/jiafq/iscas/Parser_Comparison/../benchmarks/part5/non-incremental/QF_BV/20221012-MCMPC/wage/wage.t1.i36.ef0beb36.smt2,17.0465,0,684,成功
/pub/data/jiafq/iscas/Parser_Comparison/../benchmarks/part5/non-incremental/QF_BV/20221012-MCMPC/wage/wage.t1.i36.f3ec62e3.smt2,20.3458,0,670,成功
/pub/data/jiafq/iscas/Parser_Comparison/../benchmarks/part5/non-incremental/QF_BV/20221012-MCMPC/wage_circuit_div/wage_circuit_div.t1.i19.634d90c2.smt2,62.9202,0,606,成功
/pub/data/jiafq/iscas/Parser_Comparison/../benchmarks/part5/non-incremental/QF_BV/20221012-MCMPC/wage_circuit_div/wage_circuit_div.t1.i19.bd1e9ff5.smt2,49.7862,0,585,成功
/pub/data/jiafq/iscas/Parser_Comparison/../benchmarks/part5/non-incremental/QF_BV/20221012-MCMPC/wage_circuit_div/wage_circuit_div.t1.i19.d0149f16.smt2,47.7313,0,594,成功
/pub/data/jiafq/iscas/Parser_Comparison/../benchmarks/part5/non-incremental/QF_BV/20221012-MCMPC/wage_circuit_div/wage_circuit_div.t1.i20.00da3e58.smt2,38.3454,0,590,成功
/pub/data/jiafq/iscas/Parser_Comparison/../benchmarks/part5/non-incremental/QF_BV/20221012-MCMPC/wage_circuit_div/wage_circuit_div.t1.i20.282fc2a0.smt2,51.6147,0,611,成功
/pub/data/jiafq/iscas/Parser_Comparison/../benchmarks/part5/non-incremental/QF_BV/20221012-MCMPC/wage_circuit_div/wage_circuit_div.t1.i20.492390c2.smt2,52.0772,0,599,成功
/pub/data/jiafq/iscas/Parser_Comparison/../benchmarks/part5/non-incremental/QF_BV/20221012-MCMPC/wage_circuit_div/wage_circuit_div.t1.i20.df1abd44.smt2,59.0516,0,608,成功
/pub/data/jiafq/iscas/Parser_Comparison/../benchmarks/part5/non-incremental/QF_BV/20221012-MCMPC/wage_circuit_div/wage_circuit_div.t1.i20.e8f593b0.smt2,54.4276,0,602,成功
/pub/data/jiafq/iscas/Parser_Comparison/../benchmarks/part5/non-incremental/QF_BV/20221012-MCMPC/wage_circuit_div/wage_circuit_div.t1.i21.22786df6.smt2,49.1866,0,601,成功
/pub/data/jiafq/iscas/Parser_Comparison/../benchmarks/part5/non-incremental/QF_BV/20221012-MCMPC/wage_circuit_div/wage_circuit_div.t1.i21.5f4cb410.smt2,48.8731,0,604,成功
/pub/data/jiafq/iscas/Parser_Comparison/../benchmarks/part5/non-incremental/QF_BV/20221012-MCMPC/wage_circuit_div/wage_circuit_div.t1.i21.9bf31d1f.smt2,40.7971,0,598,成功
/pub/data/jiafq/iscas/Parser_Comparison/../benchmarks/part5/non-incremental/QF_BV/20221012-MCMPC/wage_circuit_div/wage_circuit_div.t1.i21.ed58e89e.smt2,53.9986,0,604,成功
/pub/data/jiafq/iscas/Parser_Comparison/../benchmarks/part5/non-incremental/QF_BV/20221012-MCMPC/wage_circuit_div/wage_circuit_div.t1.i22.1abc70d5.smt2,47.3055,0,606,成功
/pub/data/jiafq/iscas/Parser_Comparison/../benchmarks/part5/non-incremental/QF_BV/20221012-MCMPC/wage_circuit_div/wage_circuit_div.t1.i22.1b035a4d.smt2,57.8297,0,621,成功
/pub/data/jiafq/iscas/Parser_Comparison/../benchmarks/part5/non-incremental/QF_BV/20221012-MCMPC/wage_circuit_div/wage_circuit_div.t1.i22.4568359f.smt2,44.3568,0,600,成功
/pub/data/jiafq/iscas/Parser_Comparison/../benchmarks/part5/non-incremental/QF_BV/20221012-MCMPC/wage_circuit_div/wage_circuit_div.t1.i22.931a949d.smt2,39.3484,0,603,成功
/pub/data/jiafq/iscas/Parser_Comparison/../benchmarks/part5/non-incremental/QF_BV/20221012-MCMPC/wage_circuit_div/wage_circuit_div.t1.i22.948dd618.smt2,46.731,0,603,成功
/pub/data/jiafq/iscas/Parser_Comparison/../benchmarks/part5/non-incremental/QF_BV/20221012-MCMPC/wage_circuit_div/wage_circuit_div.t1.i22.a34aff91.smt2,48.8214,0,609,成功
/pub/data/jiafq/iscas/Parser_Comparison/../benchmarks/part5/non-incremental/QF_BV/20221012-MCMPC/wage_circuit_div/wage_circuit_div.t1.i22.b3541dd5.smt2,48.2873,0,618,成功
/pub/data/jiafq/iscas/Parser_Comparison/../benchmarks/part5/non-incremental/QF_BV/20221012-MCMPC/wage_circuit_div/wage_circuit_div.t1.i22.ed8b3e58.smt2,35.4649,0,597,成功
/pub/data/jiafq/iscas/Parser_Comparison/../benchmarks/part5/non-incremental/QF_BV/20221012-MCMPC/wage_circuit_div/wage_circuit_div.t1.i23.053a67ab.smt2,45.8584,0,617,成功
/pub/data/jiafq/iscas/Parser_Comparison/../benchmarks/part5/non-incremental/QF_BV/20221012-MCMPC/wage_circuit_div/wage_circuit_div.t1.i23.08a44b20.smt2,42.6364,0,617,成功
/pub/data/jiafq/iscas/Parser_Comparison/../benchmarks/part5/non-incremental/QF_BV/20221012-MCMPC/wage_circuit_div/wage_circuit_div.t1.i23.15159dfa.smt2,53.8588,0,623,成功
/pub/data/jiafq/iscas/Parser_Comparison/../benchmarks/part5/non-incremental/QF_BV/20221012-MCMPC/wage_circuit_div/wage_circuit_div.t1.i23.18e7ee0e.smt2,47.2257,0,614,成功
/pub/data/jiafq/iscas/Parser_Comparison/../benchmarks/part5/non-incremental/QF_BV/20221012-MCMPC/wage_circuit_div/wage_circuit_div.t1.i23.4850a3e0.smt2,54.0841,0,626,成功
/pub/data/jiafq/iscas/Parser_Comparison/../benchmarks/part5/non-incremental/QF_BV/20221012-MCMPC/wage_circuit_div/wage_circuit_div.t1.i23.4d72d891.smt2,51.2691,0,620,成功
/pub/data/jiafq/iscas/Parser_Comparison/../benchmarks/part5/non-incremental/QF_BV/20221012-MCMPC/wage_circuit_div/wage_circuit_div.t1.i23.5d1746ea.smt2,40.6905,0,602,成功
/pub/data/jiafq/iscas/Parser_Comparison/../benchmarks/part5/non-incremental/QF_BV/20221012-MCMPC/wage_circuit_div/wage_circuit_div.t1.i23.6ebbc71d.smt2,48.6809,0,620,成功
/pub/data/jiafq/iscas/Parser_Comparison/../benchmarks/part5/non-incremental/QF_BV/20221012-MCMPC/wage_circuit_div/wage_circuit_div.t1.i23.8514e719.smt2,44.8303,0,608,成功
/pub/data/jiafq/iscas/Parser_Comparison/../benchmarks/part5/non-incremental/QF_BV/20221012-MCMPC/wage_circuit_div/wage_circuit_div.t1.i23.8cf8603f.smt2,54.5605,0,623,成功
/pub/data/jiafq/iscas/Parser_Comparison/../benchmarks/part5/non-incremental/QF_BV/20221012-MCMPC/wage_circuit_div/wage_circuit_div.t1.i23.92e43e77.smt2,35.8096,0,605,成功
/pub/data/jiafq/iscas/Parser_Comparison/../benchmarks/part5/non-incremental/QF_BV/20221012-MCMPC/wage_circuit_div/wage_circuit_div.t1.i23.c1297137.smt2,54.0809,0,623,成功
/pub/data/jiafq/iscas/Parser_Comparison/../benchmarks/part5/non-incremental/QF_BV/20221012-MCMPC/wage_circuit_div/wage_circuit_div.t1.i23.e72d992d.smt2,53.5384,0,620,成功
/pub/data/jiafq/iscas/Parser_Comparison/../benchmarks/part5/non-incremental/QF_BV/20221012-MCMPC/wage_circuit_div/wage_circuit_div.t1.i23.f6602ad0.smt2,46.6665,0,611,成功
/pub/data/jiafq/iscas/Parser_Comparison/../benchmarks/part5/non-incremental/QF_BV/20221012-MCMPC/wage_circuit_div/wage_circuit_div.t1.i24.45848076.smt2,49.5298,0,628,成功
/pub/data/jiafq/iscas/Parser_Comparison/../benchmarks/part5/non-incremental/QF_BV/20221012-MCMPC/wage_circuit_div/wage_circuit_div.t1.i24.66b862d4.smt2,49.8758,0,622,成功
/pub/data/jiafq/iscas/Parser_Comparison/../benchmarks/part5/non-incremental/QF_BV/20221012-MCMPC/wage_circuit_div/wage_circuit_div.t1.i24.6bdfa247.smt2,39.8433,0,622,成功
/pub/data/jiafq/iscas/Parser_Comparison/../benchmarks/part5/non-incremental/QF_BV/20221012-MCMPC/wage_circuit_div/wage_circuit_div.t1.i24.781f3781.smt2,40.5059,0,625,成功
/pub/data/jiafq/iscas/Parser_Comparison/../benchmarks/part5/non-incremental/QF_BV/20221012-MCMPC/wage_circuit_div/wage_circuit_div.t1.i24.8d9c8f29.smt2,49.2349,0,631,成功
/pub/data/jiafq/iscas/Parser_Comparison/../benchmarks/part5/non-incremental/QF_BV/20221012-MCMPC/wage_circuit_div/wage_circuit_div.t1.i24.92a8967e.smt2,39.5269,0,616,成功
/pub/data/jiafq/iscas/Parser_Comparison/../benchmarks/part5/non-incremental/QF_BV/20221012-MCMPC/wage_circuit_div/wage_circuit_div.t1.i24.a67db114.smt2,55.5684,0,634,成功
/pub/data/jiafq/iscas/Parser_Comparison/../benchmarks/part5/non-incremental/QF_BV/20221012-MCMPC/wage_circuit_div/wage_circuit_div.t1.i24.b5522c22.smt2,51.9936,0,637,成功
/pub/data/jiafq/iscas/Parser_Comparison/../benchmarks/part5/non-incremental/QF_BV/20221012-MCMPC/wage_circuit_div/wage_circuit_div.t1.i24.d4579285.smt2,38.9866,0,619,成功
/pub/data/jiafq/iscas/Parser_Comparison/../benchmarks/part5/non-incremental/QF_BV/20221012-MCMPC/wage_circuit_div/wage_circuit_div.t1.i24.fa3e8776.smt2,50.3235,0,625,成功
/pub/data/jiafq/iscas/Parser_Comparison/../benchmarks/part5/non-incremental/QF_BV/20221012-MCMPC/wage_circuit_div/wage_circuit_div.t1.i25.11cf0ef2.smt2,47.5257,0,627,成功
/pub/data/jiafq/iscas/Parser_Comparison/../benchmarks/part5/non-incremental/QF_BV/20221012-MCMPC/wage_circuit_div/wage_circuit_div.t1.i25.2a842a94.smt2,42.5543,0,621,成功
/pub/data/jiafq/iscas/Parser_Comparison/../benchmarks/part5/non-incremental/QF_BV/20221012-MCMPC/wage_circuit_div/wage_circuit_div.t1.i25.2d327786.smt2,54.0571,0,636,成功
/pub/data/jiafq/iscas/Parser_Comparison/../benchmarks/part5/non-incremental/QF_BV/20221012-MCMPC/wage_circuit_div/wage_circuit_div.t1.i25.2e965e1d.smt2,48.8805,0,627,成功
/pub/data/jiafq/iscas/Parser_Comparison/../benchmarks/part5/non-incremental/QF_BV/20221012-MCMPC/wage_circuit_div/wage_circuit_div.t1.i25.40674286.smt2,38.4108,0,621,成功
/pub/data/jiafq/iscas/Parser_Comparison/../benchmarks/part5/non-incremental/QF_BV/20221012-MCMPC/wage_circuit_div/wage_circuit_div.t1.i25.87e1ab89.smt2,48.0084,224,630,成功
/pub/data/jiafq/iscas/Parser_Comparison/../benchmarks/part5/non-incremental/QF_BV/20221012-MCMPC/wage_circuit_div/wage_circuit_div.t1.i25.8c46cd85.smt2,45.4434,0,633,成功
/pub/data/jiafq/iscas/Parser_Comparison/../benchmarks/part5/non-incremental/QF_BV/20221012-MCMPC/wage_circuit_div/wage_circuit_div.t1.i25.8fdc9fcb.smt2,43.9043,0,624,成功
/pub/data/jiafq/iscas/Parser_Comparison/../benchmarks/part5/non-incremental/QF_BV/20221012-MCMPC/wage_circuit_div/wage_circuit_div.t1.i25.9eb2fd2f.smt2,37.5229,0,612,成功
/pub/data/jiafq/iscas/Parser_Comparison/../benchmarks/part5/non-incremental/QF_BV/20221012-MCMPC/wage_circuit_div/wage_circuit_div.t1.i25.9f082b17.smt2,42.4627,0,624,成功
/pub/data/jiafq/iscas/Parser_Comparison/../benchmarks/part5/non-incremental/QF_BV/20221012-MCMPC/wage_circuit_div/wage_circuit_div.t1.i25.a7750d31.smt2,39.4958,0,615,成功
/pub/data/jiafq/iscas/Parser_Comparison/../benchmarks/part5/non-incremental/QF_BV/20221012-MCMPC/wage_circuit_div/wage_circuit_div.t1.i25.b10b0a8e.smt2,44.0423,0,627,成功
/pub/data/jiafq/iscas/Parser_Comparison/../benchmarks/part5/non-incremental/QF_BV/20221012-MCMPC/wage_circuit_div/wage_circuit_div.t1.i25.bf419a59.smt2,40.7374,0,615,成功
/pub/data/jiafq/iscas/Parser_Comparison/../benchmarks/part5/non-incremental/QF_BV/20221012-MCMPC/wage_circuit_div/wage_circuit_div.t1.i25.c071c574.smt2,39.8112,0,618,成功
/pub/data/jiafq/iscas/Parser_Comparison/../benchmarks/part5/non-incremental/QF_BV/20221012-MCMPC/wage_circuit_div/wage_circuit_div.t1.i25.c9ea57a0.smt2,37.4015,0,618,成功
/pub/data/jiafq/iscas/Parser_Comparison/../benchmarks/part5/non-incremental/QF_BV/20221012-MCMPC/wage_circuit_div/wage_circuit_div.t1.i25.cb06b1ce.smt2,33.5795,0,618,成功
/pub/data/jiafq/iscas/Parser_Comparison/../benchmarks/part5/non-incremental/QF_BV/20221012-MCMPC/wage_circuit_div/wage_circuit_div.t1.i25.ea263dba.smt2,43.5986,0,621,成功
/pub/data/jiafq/iscas/Parser_Comparison/../benchmarks/part5/non-incremental/QF_BV/20221012-MCMPC/wage_circuit_div/wage_circuit_div.t1.i26.0a593d52.smt2,44.5427,0,632,成功
/pub/data/jiafq/iscas/Parser_Comparison/../benchmarks/part5/non-incremental/QF_BV/20221012-MCMPC/wage_circuit_div/wage_circuit_div.t1.i26.60916c66.smt2,45.0835,0,635,成功
/pub/data/jiafq/iscas/Parser_Comparison/../benchmarks/part5/non-incremental/QF_BV/20221012-MCMPC/wage_circuit_div/wage_circuit_div.t1.i26.b610ab22.smt2,43.3612,0,638,成功
/pub/data/jiafq/iscas/Parser_Comparison/../benchmarks/part5/non-incremental/QF_BV/20221012-MCMPC/wage_circuit_div/wage_circuit_div.t1.i26.d2e2559b.smt2,46.3897,0,635,成功
/pub/data/jiafq/iscas/Parser_Comparison/../benchmarks/part5/non-incremental/QF_BV/20221012-MCMPC/wage_circuit_div/wage_circuit_div.t1.i27.0e93f37c.smt2,36.8341,0,625,成功
/pub/data/jiafq/iscas/Parser_Comparison/../benchmarks/part5/non-incremental/QF_BV/20221012-MCMPC/wage_circuit_div/wage_circuit_div.t1.i27.158fec4a.smt2,39.2008,0,631,成功
/pub/data/jiafq/iscas/Parser_Comparison/../benchmarks/part5/non-incremental/QF_BV/20221012-MCMPC/wage_circuit_div/wage_circuit_div.t1.i27.1e17ca9b.smt2,37.3377,0,637,成功
/pub/data/jiafq/iscas/Parser_Comparison/../benchmarks/part5/non-incremental/QF_BV/20221012-MCMPC/wage_circuit_div/wage_circuit_div.t1.i27.240085a6.smt2,33.8833,0,625,成功
/pub/data/jiafq/iscas/Parser_Comparison/../benchmarks/part5/non-incremental/QF_BV/20221012-MCMPC/wage_circuit_div/wage_circuit_div.t1.i27.3725a70c.smt2,37.4117,0,637,成功
/pub/data/jiafq/iscas/Parser_Comparison/../benchmarks/part5/non-incremental/QF_BV/20221012-MCMPC/wage_circuit_div/wage_circuit_div.t1.i27.56449d02.smt2,39.3981,0,631,成功
/pub/data/jiafq/iscas/Parser_Comparison/../benchmarks/part5/non-incremental/QF_BV/20221012-MCMPC/wage_circuit_div/wage_circuit_div.t1.i27.5e657a86.smt2,38.0386,0,634,成功
/pub/data/jiafq/iscas/Parser_Comparison/../benchmarks/part5/non-incremental/QF_BV/20221012-MCMPC/wage_circuit_div/wage_circuit_div.t1.i27.5e97dbdb.smt2,41.2935,0,634,成功
/pub/data/jiafq/iscas/Parser_Comparison/../benchmarks/part5/non-incremental/QF_BV/20221012-MCMPC/wage_circuit_div/wage_circuit_div.t1.i27.6b7fc348.smt2,44.709,0,640,成功
/pub/data/jiafq/iscas/Parser_Comparison/../benchmarks/part5/non-incremental/QF_BV/20221012-MCMPC/wage_circuit_div/wage_circuit_div.t1.i27.70bea4d6.smt2,45.9001,0,640,成功
/pub/data/jiafq/iscas/Parser_Comparison/../benchmarks/part5/non-incremental/QF_BV/20221012-MCMPC/wage_circuit_div/wage_circuit_div.t1.i27.89e91e40.smt2,36.2061,0,628,成功
/pub/data/jiafq/iscas/Parser_Comparison/../benchmarks/part5/non-incremental/QF_BV/20221012-MCMPC/wage_circuit_div/wage_circuit_div.t1.i27.a3b8319b.smt2,36.1435,0,628,成功
/pub/data/jiafq/iscas/Parser_Comparison/../benchmarks/part5/non-incremental/QF_BV/20221012-MCMPC/wage_circuit_div/wage_circuit_div.t1.i27.a72b899d.smt2,32.4357,0,628,成功
/pub/data/jiafq/iscas/Parser_Comparison/../benchmarks/part5/non-incremental/QF_BV/20221012-MCMPC/wage_circuit_div/wage_circuit_div.t1.i27.aa1878f2.smt2,43.3976,0,640,成功
/pub/data/jiafq/iscas/Parser_Comparison/../benchmarks/part5/non-incremental/QF_BV/20221012-MCMPC/wage_circuit_div/wage_circuit_div.t1.i27.e25f5816.smt2,31.9809,0,625,成功
/pub/data/jiafq/iscas/Parser_Comparison/../benchmarks/part5/non-incremental/QF_BV/20221012-MCMPC/wage_circuit_div/wage_circuit_div.t1.i27.ecafbe03.smt2,37.4814,0,631,成功
/pub/data/jiafq/iscas/Parser_Comparison/../benchmarks/part5/non-incremental/QF_BV/20221012-MCMPC/wage_circuit_div/wage_circuit_div.t1.i28.00f8325e.smt2,36.9927,0,636,成功
/pub/data/jiafq/iscas/Parser_Comparison/../benchmarks/part5/non-incremental/QF_BV/20221012-MCMPC/wage_circuit_div/wage_circuit_div.t1.i28.28640e91.smt2,40.7596,0,639,成功
/pub/data/jiafq/iscas/Parser_Comparison/../benchmarks/part5/non-incremental/QF_BV/20221012-MCMPC/wage_circuit_div/wage_circuit_div.t1.i28.3baf23ab.smt2,44.1847,0,645,成功
/pub/data/jiafq/iscas/Parser_Comparison/../benchmarks/part5/non-incremental/QF_BV/20221012-MCMPC/wage_circuit_div/wage_circuit_div.t1.i28.4ef1cd0d.smt2,41.746,0,642,成功
/pub/data/jiafq/iscas/Parser_Comparison/../benchmarks/part5/non-incremental/QF_BV/20221012-MCMPC/wage_circuit_div/wage_circuit_div.t1.i28.5aa35b7f.smt2,38.006,0,636,成功
/pub/data/jiafq/iscas/Parser_Comparison/../benchmarks/part5/non-incremental/QF_BV/20221012-MCMPC/wage_circuit_div/wage_circuit_div.t1.i28.bbb93214.smt2,37.1777,0,639,成功
/pub/data/jiafq/iscas/Parser_Comparison/../benchmarks/part5/non-incremental/QF_BV/20221012-MCMPC/wage_circuit_div/wage_circuit_div.t1.i28.f3887b7e.smt2,35.3161,0,642,成功
/pub/data/jiafq/iscas/Parser_Comparison/../benchmarks/part5/non-incremental/QF_BV/20221012-MCMPC/wage_circuit_div/wage_circuit_div.t1.i29.18fcd652.smt2,33.7859,0,638,成功
/pub/data/jiafq/iscas/Parser_Comparison/../benchmarks/part5/non-incremental/QF_BV/20221012-MCMPC/wage_circuit_div/wage_circuit_div.t1.i29.322c687c.smt2,29.119,0,638,成功
/pub/data/jiafq/iscas/Parser_Comparison/../benchmarks/part5/non-incremental/QF_BV/20221012-MCMPC/wage_circuit_div/wage_circuit_div.t1.i29.66b36d88.smt2,26.8379,0,638,成功
/pub/data/jiafq/iscas/Parser_Comparison/../benchmarks/part5/non-incremental/QF_BV/20221012-MCMPC/wage_circuit_div/wage_circuit_div.t1.i29.6bc9bc34.smt2,24.5192,0,635,成功
/pub/data/jiafq/iscas/Parser_Comparison/../benchmarks/part5/non-incremental/QF_BV/20221012-MCMPC/wage_circuit_div/wage_circuit_div.t1.i29.6e522c5b.smt2,35.4489,0,641,成功
/pub/data/jiafq/iscas/Parser_Comparison/../benchmarks/part5/non-incremental/QF_BV/20221012-MCMPC/wage_circuit_div/wage_circuit_div.t1.i29.8df4f39f.smt2,34.8939,0,635,成功
/pub/data/jiafq/iscas/Parser_Comparison/../benchmarks/part5/non-incremental/QF_BV/20221012-MCMPC/wage_circuit_div/wage_circuit_div.t1.i29.8e7987a2.smt2,34.2642,0,641,成功
/pub/data/jiafq/iscas/Parser_Comparison/../benchmarks/part5/non-incremental/QF_BV/20221012-MCMPC/wage_circuit_div/wage_circuit_div.t1.i30.046046e8.smt2,36.0195,0,649,成功
/pub/data/jiafq/iscas/Parser_Comparison/../benchmarks/part5/non-incremental/QF_BV/20221012-MCMPC/wage_circuit_div/wage_circuit_div.t1.i30.1cc05326.smt2,33.1286,0,646,成功
/pub/data/jiafq/iscas/Parser_Comparison/../benchmarks/part5/non-incremental/QF_BV/20221012-MCMPC/wage_circuit_div/wage_circuit_div.t1.i30.2e4f38a1.smt2,31.8553,0,640,成功
/pub/data/jiafq/iscas/Parser_Comparison/../benchmarks/part5/non-incremental/QF_BV/20221012-MCMPC/wage_circuit_div/wage_circuit_div.t1.i30.4881623c.smt2,27.755,224,640,成功
/pub/data/jiafq/iscas/Parser_Comparison/../benchmarks/part5/non-incremental/QF_BV/20221012-MCMPC/wage_circuit_div/wage_circuit_div.t1.i30.5251f456.smt2,41.7654,0,658,成功
/pub/data/jiafq/iscas/Parser_Comparison/../benchmarks/part5/non-incremental/QF_BV/20221012-MCMPC/wage_circuit_div/wage_circuit_div.t1.i30.572f0d7d.smt2,38.7617,0,652,成功
/pub/data/jiafq/iscas/Parser_Comparison/../benchmarks/part5/non-incremental/QF_BV/20221012-MCMPC/wage_circuit_div/wage_circuit_div.t1.i30.5db0ed8d.smt2,38.842,0,661,成功
/pub/data/jiafq/iscas/Parser_Comparison/../benchmarks/part5/non-incremental/QF_BV/20221012-MCMPC/wage_circuit_div/wage_circuit_div.t1.i30.6e0ed6ed.smt2,37.4216,0,655,成功
/pub/data/jiafq/iscas/Parser_Comparison/../benchmarks/part5/non-incremental/QF_BV/20221012-MCMPC/wage_circuit_div/wage_circuit_div.t1.i30.7b117712.smt2,31.1076,0,640,成功
/pub/data/jiafq/iscas/Parser_Comparison/../benchmarks/part5/non-incremental/QF_BV/20221012-MCMPC/wage_circuit_div/wage_circuit_div.t1.i30.7eb70def.smt2,25.6277,0,634,成功
/pub/data/jiafq/iscas/Parser_Comparison/../benchmarks/part5/non-incremental/QF_BV/20221012-MCMPC/wage_circuit_div/wage_circuit_div.t1.i30.83455a55.smt2,33.9243,228,646,成功
/pub/data/jiafq/iscas/Parser_Comparison/../benchmarks/part5/non-incremental/QF_BV/20221012-MCMPC/wage_circuit_div/wage_circuit_div.t1.i30.969e0c8a.smt2,38.4331,0,652,成功
/pub/data/jiafq/iscas/Parser_Comparison/../benchmarks/part5/non-incremental/QF_BV/20221012-MCMPC/wage_circuit_div/wage_circuit_div.t1.i30.9b49676c.smt2,27.3819,0,637,成功
/pub/data/jiafq/iscas/Parser_Comparison/../benchmarks/part5/non-incremental/QF_BV/20221012-MCMPC/wage_circuit_div/wage_circuit_div.t1.i30.9d8995ac.smt2,38.3496,0,655,成功
/pub/data/jiafq/iscas/Parser_Comparison/../benchmarks/part5/non-incremental/QF_BV/20221012-MCMPC/wage_circuit_div/wage_circuit_div.t1.i30.9f1b3890.smt2,33.4911,0,646,成功
/pub/data/jiafq/iscas/Parser_Comparison/../benchmarks/part5/non-incremental/QF_BV/20221012-MCMPC/wage_circuit_div/wage_circuit_div.t1.i30.b276f183.smt2,24.0945,0,631,成功
/pub/data/jiafq/iscas/Parser_Comparison/../benchmarks/part5/non-incremental/QF_BV/20221012-MCMPC/wage_circuit_div/wage_circuit_div.t1.i30.b9ec8b9e.smt2,36.8201,0,649,成功
/pub/data/jiafq/iscas/Parser_Comparison/../benchmarks/part5/non-incremental/QF_BV/20221012-MCMPC/wage_circuit_div/wage_circuit_div.t1.i30.bff6498c.smt2,24.2525,0,643,成功
/pub/data/jiafq/iscas/Parser_Comparison/../benchmarks/part5/non-incremental/QF_BV/20221012-MCMPC/wage_circuit_div/wage_circuit_div.t1.i30.dd42f2eb.smt2,35.577,0,652,成功
/pub/data/jiafq/iscas/Parser_Comparison/../benchmarks/part5/non-incremental/QF_BV/20221012-MCMPC/wage_circuit_div/wage_circuit_div.t1.i30.e0c29b84.smt2,32.2275,0,643,成功
/pub/data/jiafq/iscas/Parser_Comparison/../benchmarks/part5/non-incremental/QF_BV/20221012-MCMPC/wage_circuit_div/wage_circuit_div.t1.i31.01561111.smt2,22.2089,0,645,成功
/pub/data/jiafq/iscas/Parser_Comparison/../benchmarks/part5/non-incremental/QF_BV/20221012-MCMPC/wage_circuit_div/wage_circuit_div.t1.i31.1417e67e.smt2,31.978,0,651,成功
/pub/data/jiafq/iscas/Parser_Comparison/../benchmarks/part5/non-incremental/QF_BV/20221012-MCMPC/wage_circuit_div/wage_circuit_div.t1.i31.29f4df80.smt2,28.5969,0,651,成功
/pub/data/jiafq/iscas/Parser_Comparison/../benchmarks/part5/non-incremental/QF_BV/20221012-MCMPC/wage_circuit_div/wage_circuit_div.t1.i31.557a791b.smt2,33.9422,0,654,成功
/pub/data/jiafq/iscas/Parser_Comparison/../benchmarks/part5/non-incremental/QF_BV/20221012-MCMPC/wage_circuit_div/wage_circuit_div.t1.i31.c66d5049.smt2,21.8256,0,645,成功
/pub/data/jiafq/iscas/Parser_Comparison/../benchmarks/part5/non-incremental/QF_BV/20221012-MCMPC/wage_circuit_div/wage_circuit_div.t1.i31.d91caba8.smt2,35.7477,0,657,成功
/pub/data/jiafq/iscas/Parser_Comparison/../benchmarks/part5/non-incremental/QF_BV/20221012-MCMPC/wage_circuit_div/wage_circuit_div.t1.i32.03b3d734.smt2,31.3931,0,665,成功
/pub/data/jiafq/iscas/Parser_Comparison/../benchmarks/part5/non-incremental/QF_BV/20221012-MCMPC/wage_circuit_div/wage_circuit_div.t1.i32.15ea1ceb.smt2,26.491,0,656,成功
/pub/data/jiafq/iscas/Parser_Comparison/../benchmarks/part5/non-incremental/QF_BV/20221012-MCMPC/wage_circuit_div/wage_circuit_div.t1.i32.3d8b2c64.smt2,23.5785,0,653,成功
/pub/data/jiafq/iscas/Parser_Comparison/../benchmarks/part5/non-incremental/QF_BV/20221012-MCMPC/wage_circuit_div/wage_circuit_div.t1.i32.4017808d.smt2,30.0444,0,653,成功
/pub/data/jiafq/iscas/Parser_Comparison/../benchmarks/part5/non-incremental/QF_BV/20221012-MCMPC/wage_circuit_div/wage_circuit_div.t1.i32.5c16ff4e.smt2,29.1267,0,659,成功
/pub/data/jiafq/iscas/Parser_Comparison/../benchmarks/part5/non-incremental/QF_BV/20221012-MCMPC/wage_circuit_div/wage_circuit_div.t1.i32.638ee2ee.smt2,23.7053,0,656,成功
/pub/data/jiafq/iscas/Parser_Comparison/../benchmarks/part5/non-incremental/QF_BV/20221012-MCMPC/wage_circuit_div/wage_circuit_div.t1.i32.68daa3e7.smt2,29.0149,0,656,成功
/pub/data/jiafq/iscas/Parser_Comparison/../benchmarks/part5/non-incremental/QF_BV/20221012-MCMPC/wage_circuit_div/wage_circuit_div.t1.i32.6dbce848.smt2,35.3055,0,662,成功
/pub/data/jiafq/iscas/Parser_Comparison/../benchmarks/part5/non-incremental/QF_BV/20221012-MCMPC/wage_circuit_div/wage_circuit_div.t1.i33.1249cf5f.smt2,31.2359,0,664,成功
/pub/data/jiafq/iscas/Parser_Comparison/../benchmarks/part5/non-incremental/QF_BV/20221012-MCMPC/wage_circuit_div/wage_circuit_div.t1.i33.296380ae.smt2,33.4008,0,667,成功
/pub/data/jiafq/iscas/Parser_Comparison/../benchmarks/part5/non-incremental/QF_BV/20221012-MCMPC/wage_circuit_div/wage_circuit_div.t1.i33.4617fd3c.smt2,30.0958,0,661,成功
/pub/data/jiafq/iscas/Parser_Comparison/../benchmarks/part5/non-incremental/QF_BV/20221012-MCMPC/wage_circuit_div/wage_circuit_div.t1.i33.5104acbe.smt2,22.7859,0,652,成功
/pub/data/jiafq/iscas/Parser_Comparison/../benchmarks/part5/non-incremental/QF_BV/20221012-MCMPC/wage_circuit_div/wage_circuit_div.t1.i33.e5f1afe7.smt2,24.785,0,655,成功
/pub/data/jiafq/iscas/Parser_Comparison/../benchmarks/part5/non-incremental/QF_BV/20221012-MCMPC/wage_circuit_div/wage_circuit_div.t1.i33.e705ff3d.smt2,24.8558,0,658,成功
/pub/data/jiafq/iscas/Parser_Comparison/../benchmarks/part5/non-incremental/QF_BV/20221012-MCMPC/wage_circuit_div/wage_circuit_div.t1.i34.06e2cef6.smt2,31.8297,0,672,成功
/pub/data/jiafq/iscas/Parser_Comparison/../benchmarks/part5/non-incremental/QF_BV/20221012-MCMPC/wage_circuit_div/wage_circuit_div.t1.i34.17f5f32d.smt2,26.9919,0,666,成功
/pub/data/jiafq/iscas/Parser_Comparison/../benchmarks/part5/non-incremental/QF_BV/20221012-MCMPC/wage_circuit_div/wage_circuit_div.t1.i34.2282eb2e.smt2,22.7194,0,669,成功
/pub/data/jiafq/iscas/Parser_Comparison/../benchmarks/part5/non-incremental/QF_BV/20221012-MCMPC/wage_circuit_div/wage_circuit_div.t1.i34.3d50ab74.smt2,28.1077,0,666,成功
/pub/data/jiafq/iscas/Parser_Comparison/../benchmarks/part5/non-incremental/QF_BV/20221012-MCMPC/wage_circuit_div/wage_circuit_div.t1.i34.6be561dc.smt2,25.1558,0,666,成功
/pub/data/jiafq/iscas/Parser_Comparison/../benchmarks/part5/non-incremental/QF_BV/20221012-MCMPC/wage_circuit_div/wage_circuit_div.t1.i34.7d0e04cf.smt2,27.4839,0,666,成功
/pub/data/jiafq/iscas/Parser_Comparison/../benchmarks/part5/non-incremental/QF_BV/20221012-MCMPC/wage_circuit_div/wage_circuit_div.t1.i34.a29432e2.smt2,29.7027,0,669,成功
/pub/data/jiafq/iscas/Parser_Comparison/../benchmarks/part5/non-incremental/QF_BV/20221012-MCMPC/wage_circuit_div/wage_circuit_div.t1.i34.b859b6a3.smt2,23.7719,0,663,成功
/pub/data/jiafq/iscas/Parser_Comparison/../benchmarks/part5/non-incremental/QF_BV/20221012-MCMPC/wage_circuit_div/wage_circuit_div.t1.i34.e87e299c.smt2,18.6262,0,663,成功
/pub/data/jiafq/iscas/Parser_Comparison/../benchmarks/part5/non-incremental/QF_BV/20221012-MCMPC/wage_circuit_div/wage_circuit_div.t1.i34.e9547a7a.smt2,23.3822,0,660,成功
/pub/data/jiafq/iscas/Parser_Comparison/../benchmarks/part5/non-incremental/QF_BV/20221012-MCMPC/wage_circuit_div/wage_circuit_div.t1.i35.2649cd8c.smt2,26.7553,0,671,成功
/pub/data/jiafq/iscas/Parser_Comparison/../benchmarks/part5/non-incremental/QF_BV/20221012-MCMPC/wage_circuit_div/wage_circuit_div.t1.i35.5260ffc0.smt2,25.0925,0,668,成功
/pub/data/jiafq/iscas/Parser_Comparison/../benchmarks/part5/non-incremental/QF_BV/20221012-MCMPC/wage_circuit_div/wage_circuit_div.t1.i35.6e23c51d.smt2,19.0002,0,668,成功
/pub/data/jiafq/iscas/Parser_Comparison/../benchmarks/part5/non-incremental/QF_BV/20221012-MCMPC/wage_circuit_div/wage_circuit_div.t1.i35.76e30cd8.smt2,18.7158,0,671,成功
/pub/data/jiafq/iscas/Parser_Comparison/../benchmarks/part5/non-incremental/QF_BV/20221012-MCMPC/wage_circuit_div/wage_circuit_div.t1.i35.c61aec1e.smt2,16.0035,0,665,成功
/pub/data/jiafq/iscas/Parser_Comparison/../benchmarks/part5/non-incremental/QF_BV/20221012-MCMPC/wage_circuit_div/wage_circuit_div.t1.i35.f483868a.smt2,22.7505,0,656,成功
/pub/data/jiafq/iscas/Parser_Comparison/../benchmarks/part5/non-incremental/QF_BV/20221012-MCMPC/wage_circuit_div/wage_circuit_div.t1.i35.fe1aab2c.smt2,25.6804,0,674,成功
/pub/data/jiafq/iscas/Parser_Comparison/../benchmarks/part5/non-incremental/QF_BV/20221012-MCMPC/wage_circuit_div/wage_circuit_div.t1.i36.03cbe203.smt2,14.2829,0,661,成功
/pub/data/jiafq/iscas/Parser_Comparison/../benchmarks/part5/non-incremental/QF_BV/20221012-MCMPC/wage_circuit_div/wage_circuit_div.t1.i36.067b1702.smt2,21.5434,0,679,成功
/pub/data/jiafq/iscas/Parser_Comparison/../benchmarks/part5/non-incremental/QF_BV/20221012-MCMPC/wage_circuit_div/wage_circuit_div.t1.i36.0e87e3eb.smt2,28.507,232,682,成功
/pub/data/jiafq/iscas/Parser_Comparison/../benchmarks/part5/non-incremental/QF_BV/20221012-MCMPC/wage_circuit_div/wage_circuit_div.t1.i36.2199ba1a.smt2,21.1523,0,664,成功
/pub/data/jiafq/iscas/Parser_Comparison/../benchmarks/part5/non-incremental/QF_BV/20221012-MCMPC/wage_circuit_div/wage_circuit_div.t1.i36.28f2e5da.smt2,18.2191,0,664,成功
/pub/data/jiafq/iscas/Parser_Comparison/../benchmarks/part5/non-incremental/QF_BV/20221012-MCMPC/wage_circuit_div/wage_circuit_div.t1.i36.29f2a1b8.smt2,16.8552,0,673,成功
/pub/data/jiafq/iscas/Parser_Comparison/../benchmarks/part5/non-incremental/QF_BV/20221012-MCMPC/wage_circuit_div/wage_circuit_div.t1.i36.30e18544.smt2,15.9302,0,661,成功
/pub/data/jiafq/iscas/Parser_Comparison/../benchmarks/part5/non-incremental/QF_BV/20221012-MCMPC/wage_circuit_div/wage_circuit_div.t1.i36.354abf57.smt2,19.9193,0,673,成功
/pub/data/jiafq/iscas/Parser_Comparison/../benchmarks/part5/non-incremental/QF_BV/20221012-MCMPC/wage_circuit_div/wage_circuit_div.t1.i36.3e972f91.smt2,21.5238,0,643,成功
/pub/data/jiafq/iscas/Parser_Comparison/../benchmarks/part5/non-incremental/QF_BV/20221012-MCMPC/wage_circuit_div/wage_circuit_div.t1.i36.482c7cc7.smt2,24.9084,0,685,成功
/pub/data/jiafq/iscas/Parser_Comparison/../benchmarks/part5/non-incremental/QF_BV/20221012-MCMPC/wage_circuit_div/wage_circuit_div.t1.i36.5088ad6c.smt2,18.4554,0,664,成功
/pub/data/jiafq/iscas/Parser_Comparison/../benchmarks/part5/non-incremental/QF_BV/20221012-MCMPC/wage_circuit_div/wage_circuit_div.t1.i36.53901700.smt2,14.4127,0,661,成功
/pub/data/jiafq/iscas/Parser_Comparison/../benchmarks/part5/non-incremental/QF_BV/20221012-MCMPC/wage_circuit_div/wage_circuit_div.t1.i36.55881a7e.smt2,22.5017,0,661,成功
/pub/data/jiafq/iscas/Parser_Comparison/../benchmarks/part5/non-incremental/QF_BV/20221012-MCMPC/wage_circuit_div/wage_circuit_div.t1.i36.5e5bef6e.smt2,21.0873,0,661,成功
/pub/data/jiafq/iscas/Parser_Comparison/../benchmarks/part5/non-incremental/QF_BV/20221012-MCMPC/wage_circuit_div/wage_circuit_div.t1.i36.6174a5e7.smt2,29.0552,0,688,成功
/pub/data/jiafq/iscas/Parser_Comparison/../benchmarks/part5/non-incremental/QF_BV/20221012-MCMPC/wage_circuit_div/wage_circuit_div.t1.i36.68002602.smt2,19.3495,0,676,成功
/pub/data/jiafq/iscas/Parser_Comparison/../benchmarks/part5/non-incremental/QF_BV/20221012-MCMPC/wage_circuit_div/wage_circuit_div.t1.i36.6a947f3c.smt2,17.9307,0,661,成功
/pub/data/jiafq/iscas/Parser_Comparison/../benchmarks/part5/non-incremental/QF_BV/20221012-MCMPC/wage_circuit_div/wage_circuit_div.t1.i36.6e9a71d1.smt2,17.5006,0,673,成功
/pub/data/jiafq/iscas/Parser_Comparison/../benchmarks/part5/non-incremental/QF_BV/20221012-MCMPC/wage_circuit_div/wage_circuit_div.t1.i36.7a8127fc.smt2,15.4582,0,661,成功
/pub/data/jiafq/iscas/Parser_Comparison/../benchmarks/part5/non-incremental/QF_BV/20221012-MCMPC/wage_circuit_div/wage_circuit_div.t1.i36.7d5f0681.smt2,22.6702,0,679,成功
/pub/data/jiafq/iscas/Parser_Comparison/../benchmarks/part5/non-incremental/QF_BV/20221012-MCMPC/wage_circuit_div/wage_circuit_div.t1.i36.85b364bd.smt2,34.5737,0,694,成功
/pub/data/jiafq/iscas/Parser_Comparison/../benchmarks/part5/non-incremental/QF_BV/20221012-MCMPC/wage_circuit_div/wage_circuit_div.t1.i36.8790037c.smt2,21.5868,0,664,成功
/pub/data/jiafq/iscas/Parser_Comparison/../benchmarks/part5/non-incremental/QF_BV/20221012-MCMPC/wage_circuit_div/wage_circuit_div.t1.i36.924c12f6.smt2,22.3569,0,676,成功
/pub/data/jiafq/iscas/Parser_Comparison/../benchmarks/part5/non-incremental/QF_BV/20221012-MCMPC/wage_circuit_div/wage_circuit_div.t1.i36.aeda6839.smt2,19.6055,0,661,成功
/pub/data/jiafq/iscas/Parser_Comparison/../benchmarks/part5/non-incremental/QF_BV/20221012-MCMPC/wage_circuit_div/wage_circuit_div.t1.i36.cc86c48c.smt2,23.6274,0,676,成功
/pub/data/jiafq/iscas/Parser_Comparison/../benchmarks/part5/non-incremental/QF_BV/20221012-MCMPC/wage_circuit_div/wage_circuit_div.t1.i36.d81e8620.smt2,19.2247,0,664,成功
/pub/data/jiafq/iscas/Parser_Comparison/../benchmarks/part5/non-incremental/QF_BV/20221012-MCMPC/wage_circuit_div/wage_circuit_div.t1.i36.df249af2.smt2,21.3923,0,661,成功
/pub/data/jiafq/iscas/Parser_Comparison/../benchmarks/part5/non-incremental/QF_BV/20221012-MCMPC/wage_circuit_div/wage_circuit_div.t1.i36.e2238661.smt2,23.5801,0,676,成功
/pub/data/jiafq/iscas/Parser_Comparison/../benchmarks/part5/non-incremental/QF_BV/20221012-MCMPC/wage_circuit_div/wage_circuit_div.t1.i36.e3b4f938.smt2,33.3068,0,691,成功
/pub/data/jiafq/iscas/Parser_Comparison/../benchmarks/part5/non-incremental/QF_BV/20221012-MCMPC/wage_circuit_div/wage_circuit_div.t1.i36.e53bf12d.smt2,21.1125,0,679,成功
/pub/data/jiafq/iscas/Parser_Comparison/../benchmarks/part5/non-incremental/QF_BV/20221012-MCMPC/wage_circuit_div/wage_circuit_div.t1.i36.ed2ea19d.smt2,18.9628,0,667,成功
/pub/data/jiafq/iscas/Parser_Comparison/../benchmarks/part5/non-incremental/QF_BV/20221012-MCMPC/wage_circuit_div/wage_circuit_div.t1.i36.fb10fc48.smt2,21.5854,0,661,成功
/pub/data/jiafq/iscas/Parser_Comparison/../benchmarks/part5/non-incremental/QF_BV/20221012-MCMPC/wage_circuit_div/wage_circuit_div.t1.i36.fcfea737.smt2,22.594,0,682,成功
/pub/data/jiafq/iscas/Parser_Comparison/../benchmarks/part5/non-incremental/QF_BV/20221214-p4dfa-XiaoqiChen/Composition/compose.p2._bit8_na6_nr3_paired.smt2,993.121,0,28218,成功
/pub/data/jiafq/iscas/Parser_Comparison/../benchmarks/part5/non-incremental/QF_BV/20221214-p4dfa-XiaoqiChen/Composition/compose.p3._bit8_na6_nr3_paired.smt2,9620.54,0,247665,成功
/pub/data/jiafq/iscas/Parser_Comparison/../benchmarks/part5/non-incremental/QF_BV/20221214-p4dfa-XiaoqiChen/Composition/compose.s2._bit8_na6_nr3_paired.smt2,696.443,0,19011,成功
/pub/data/jiafq/iscas/Parser_Comparison/../benchmarks/part5/non-incremental/QF_BV/20221214-p4dfa-XiaoqiChen/Composition/compose.s2._bit8_na6_nr4_paired.smt2,912.625,0,25272,成功
/pub/data/jiafq/iscas/Parser_Comparison/../benchmarks/part5/non-incremental/QF_BV/20221214-p4dfa-XiaoqiChen/Composition/compose.s3._bit8_na6_nr3_paired.smt2,3092.02,0,83370,成功
/pub/data/jiafq/iscas/Parser_Comparison/../benchmarks/part5/non-incremental/QF_BV/20221214-p4dfa-XiaoqiChen/Composition/compose.s3._bit8_na6_nr4_paired.smt2,4137.71,0,110862,成功
/pub/data/jiafq/iscas/Parser_Comparison/../benchmarks/part5/non-incremental/QF_BV/20221214-p4dfa-XiaoqiChen/Composition/compose.s4._bit8_na6_nr3_paired.smt2,12548.5,0,330618,成功
/pub/data/jiafq/iscas/Parser_Comparison/../benchmarks/part5/non-incremental/QF_BV/20221214-p4dfa-XiaoqiChen/Composition/compose.s4._bit8_na6_nr4_paired.smt2,16808.5,0,439713,成功
/pub/data/jiafq/iscas/Parser_Comparison/../benchmarks/part5/non-incremental/QF_BV/20221214-p4dfa-XiaoqiChen/Composition/simple_bit8_na1_nr1_twocond.smt2,20.3149,0,540,成功
/pub/data/jiafq/iscas/Parser_Comparison/../benchmarks/part5/non-incremental/QF_BV/20221214-p4dfa-XiaoqiChen/MobileDevice/mobiledevice_bit8_na1_nr1_twocond.smt2,64.412,0,1691,成功
/pub/data/jiafq/iscas/Parser_Comparison/../benchmarks/part5/non-incremental/QF_BV/20221214-p4dfa-XiaoqiChen/MobileDevice/mobiledevice_bit8_na6_nr3_paired.smt2,384.176,0,10928,成功
/pub/data/jiafq/iscas/Parser_Comparison/../benchmarks/part5/non-incremental/QF_BV/20221214-p4dfa-XiaoqiChen/MobileDevice/mobiledevice_bit8_na6_nr3_twocond.smt2,223.23,0,7209,成功
/pub/data/jiafq/iscas/Parser_Comparison/../benchmarks/part5/non-incremental/QF_BV/20221214-p4dfa-XiaoqiChen/StringMatching/string1x16.1._bit8_na6_nr3_paired.smt2,1091.37,0,31343,成功
/pub/data/jiafq/iscas/Parser_Comparison/../benchmarks/part5/non-incremental/QF_BV/20221214-p4dfa-XiaoqiChen/StringMatching/string1x16.10._bit8_na6_nr3_paired.smt2,1085.96,0,31343,成功
/pub/data/jiafq/iscas/Parser_Comparison/../benchmarks/part5/non-incremental/QF_BV/20221214-p4dfa-XiaoqiChen/StringMatching/string1x16.2._bit8_na6_nr3_paired.smt2,1116.86,0,31343,成功
/pub/data/jiafq/iscas/Parser_Comparison/../benchmarks/part5/non-incremental/QF_BV/20221214-p4dfa-XiaoqiChen/StringMatching/string1x16.3._bit8_na6_nr3_paired.smt2,900.607,0,25291,成功
/pub/data/jiafq/iscas/Parser_Comparison/../benchmarks/part5/non-incremental/QF_BV/20221214-p4dfa-XiaoqiChen/StringMatching/string1x16.4._bit8_na6_nr3_paired.smt2,681.386,0,19239,成功
/pub/data/jiafq/iscas/Parser_Comparison/../benchmarks/part5/non-incremental/QF_BV/20221214-p4dfa-XiaoqiChen/StringMatching/string1x16.5._bit8_na6_nr3_paired.smt2,881.599,0,25291,成功
/pub/data/jiafq/iscas/Parser_Comparison/../benchmarks/part5/non-incremental/QF_BV/20221214-p4dfa-XiaoqiChen/StringMatching/string1x16.6._bit8_na6_nr3_paired.smt2,1120.17,0,31343,成功
/pub/data/jiafq/iscas/Parser_Comparison/../benchmarks/part5/non-incremental/QF_BV/20221214-p4dfa-XiaoqiChen/StringMatching/string1x16.7._bit8_na6_nr3_paired.smt2,894.807,0,25291,成功
/pub/data/jiafq/iscas/Parser_Comparison/../benchmarks/part5/non-incremental/QF_BV/20221214-p4dfa-XiaoqiChen/StringMatching/string1x16.8._bit8_na6_nr3_paired.smt2,866.548,0,25291,成功
/pub/data/jiafq/iscas/Parser_Comparison/../benchmarks/part5/non-incremental/QF_BV/20221214-p4dfa-XiaoqiChen/StringMatching/string1x16.9._bit8_na6_nr3_paired.smt2,857.727,0,25291,成功
/pub/data/jiafq/iscas/Parser_Comparison/../benchmarks/part5/non-incremental/QF_BV/20221214-p4dfa-XiaoqiChen/StringMatching/string1x8.1._bit8_na6_nr3_paired.smt2,482.2,0,14190,成功
/pub/data/jiafq/iscas/Parser_Comparison/../benchmarks/part5/non-incremental/QF_BV/20221214-p4dfa-XiaoqiChen/StringMatching/string1x8.10._bit8_na6_nr3_paired.smt2,478.066,0,14190,成功
/pub/data/jiafq/iscas/Parser_Comparison/../benchmarks/part5/non-incremental/QF_BV/20221214-p4dfa-XiaoqiChen/StringMatching/string1x8.2._bit8_na6_nr3_paired.smt2,603.627,0,17569,成功
/pub/data/jiafq/iscas/Parser_Comparison/../benchmarks/part5/non-incremental/QF_BV/20221214-p4dfa-XiaoqiChen/StringMatching/string1x8.3._bit8_na6_nr3_paired.smt2,357.731,0,10811,成功
/pub/data/jiafq/iscas/Parser_Comparison/../benchmarks/part5/non-incremental/QF_BV/20221214-p4dfa-XiaoqiChen/StringMatching/string1x8.4._bit8_na6_nr3_paired.smt2,236.342,0,7432,成功
/pub/data/jiafq/iscas/Parser_Comparison/../benchmarks/part5/non-incremental/QF_BV/20221214-p4dfa-XiaoqiChen/StringMatching/string1x8.5._bit8_na6_nr3_paired.smt2,466.856,0,14190,成功
/pub/data/jiafq/iscas/Parser_Comparison/../benchmarks/part5/non-incremental/QF_BV/20221214-p4dfa-XiaoqiChen/StringMatching/string1x8.6._bit8_na6_nr3_paired.smt2,350.304,0,10811,成功
/pub/data/jiafq/iscas/Parser_Comparison/../benchmarks/part5/non-incremental/QF_BV/20221214-p4dfa-XiaoqiChen/StringMatching/string1x8.7._bit8_na6_nr3_paired.smt2,233.41,0,7432,成功
/pub/data/jiafq/iscas/Parser_Comparison/../benchmarks/part5/non-incremental/QF_BV/20221214-p4dfa-XiaoqiChen/StringMatching/string1x8.8._bit8_na6_nr3_paired.smt2,473.857,0,14190,成功
/pub/data/jiafq/iscas/Parser_Comparison/../benchmarks/part5/non-incremental/QF_BV/20221214-p4dfa-XiaoqiChen/StringMatching/string1x8.9._bit8_na6_nr3_paired.smt2,473.126,0,14190,成功
/pub/data/jiafq/iscas/Parser_Comparison/../benchmarks/part5/non-incremental/QF_BV/20221214-p4dfa-XiaoqiChen/StringMatching/string2x16.1._bit8_na6_nr3_paired.smt2,3403.54,0,92888,成功
/pub/data/jiafq/iscas/Parser_Comparison/../benchmarks/part5/non-incremental/QF_BV/20221214-p4dfa-XiaoqiChen/StringMatching/string2x16.10._bit8_na6_nr3_paired.smt2,3519.79,0,95631,成功
/pub/data/jiafq/iscas/Parser_Comparison/../benchmarks/part5/non-incremental/QF_BV/20221214-p4dfa-XiaoqiChen/StringMatching/string2x16.2._bit8_na6_nr3_paired.smt2,3098.87,0,83955,成功
/pub/data/jiafq/iscas/Parser_Comparison/../benchmarks/part5/non-incremental/QF_BV/20221214-p4dfa-XiaoqiChen/StringMatching/string2x16.3._bit8_na6_nr3_paired.smt2,3869.36,0,107307,成功
/pub/data/jiafq/iscas/Parser_Comparison/../benchmarks/part5/non-incremental/QF_BV/20221214-p4dfa-XiaoqiChen/StringMatching/string2x16.4._bit8_na6_nr3_paired.smt2,1760.63,0,48927,成功
/pub/data/jiafq/iscas/Parser_Comparison/../benchmarks/part5/non-incremental/QF_BV/20221214-p4dfa-XiaoqiChen/StringMatching/string2x16.5._bit8_na6_nr3_paired.smt2,3873.92,0,107307,成功
/pub/data/jiafq/iscas/Parser_Comparison/../benchmarks/part5/non-incremental/QF_BV/20221214-p4dfa-XiaoqiChen/StringMatching/string2x16.6._bit8_na6_nr3_paired.smt2,2105.77,0,60603,成功
/pub/data/jiafq/iscas/Parser_Comparison/../benchmarks/part5/non-incremental/QF_BV/20221214-p4dfa-XiaoqiChen/StringMatching/string2x16.7._bit8_na6_nr3_paired.smt2,1694.36,0,48927,成功
/pub/data/jiafq/iscas/Parser_Comparison/../benchmarks/part5/non-incremental/QF_BV/20221214-p4dfa-XiaoqiChen/StringMatching/string2x16.8._bit8_na6_nr3_paired.smt2,3933.83,0,107307,成功
/pub/data/jiafq/iscas/Parser_Comparison/../benchmarks/part5/non-incremental/QF_BV/20221214-p4dfa-XiaoqiChen/StringMatching/string2x16.9._bit8_na6_nr3_paired.smt2,3972.21,0,107307,成功
/pub/data/jiafq/iscas/Parser_Comparison/../benchmarks/part5/non-incremental/QF_BV/20221214-p4dfa-XiaoqiChen/StringMatching/string2x8.1._bit8_na6_nr3_paired.smt2,1468.5,0,41210,成功
/pub/data/jiafq/iscas/Parser_Comparison/../benchmarks/part5/non-incremental/QF_BV/20221214-p4dfa-XiaoqiChen/StringMatching/string2x8.10._bit8_na6_nr3_paired.smt2,1335.69,0,37535,成功
/pub/data/jiafq/iscas/Parser_Comparison/../benchmarks/part5/non-incremental/QF_BV/20221214-p4dfa-XiaoqiChen/StringMatching/string2x8.2._bit8_na6_nr3_paired.smt2,1329.46,0,37535,成功
/pub/data/jiafq/iscas/Parser_Comparison/../benchmarks/part5/non-incremental/QF_BV/20221214-p4dfa-XiaoqiChen/StringMatching/string2x8.3._bit8_na6_nr3_paired.smt2,1796.73,0,49671,成功
/pub/data/jiafq/iscas/Parser_Comparison/../benchmarks/part5/non-incremental/QF_BV/20221214-p4dfa-XiaoqiChen/StringMatching/string2x8.4._bit8_na6_nr3_paired.smt2,874.963,0,25399,成功
/pub/data/jiafq/iscas/Parser_Comparison/../benchmarks/part5/non-incremental/QF_BV/20221214-p4dfa-XiaoqiChen/StringMatching/string2x8.5._bit8_na6_nr3_paired.smt2,1318.05,0,37535,成功
/pub/data/jiafq/iscas/Parser_Comparison/../benchmarks/part5/non-incremental/QF_BV/20221214-p4dfa-XiaoqiChen/StringMatching/string2x8.6._bit8_na6_nr3_paired.smt2,1088.21,0,31467,成功
/pub/data/jiafq/iscas/Parser_Comparison/../benchmarks/part5/non-incremental/QF_BV/20221214-p4dfa-XiaoqiChen/StringMatching/string2x8.7._bit8_na6_nr3_paired.smt2,872.932,0,25399,成功
/pub/data/jiafq/iscas/Parser_Comparison/../benchmarks/part5/non-incremental/QF_BV/20221214-p4dfa-XiaoqiChen/StringMatching/string2x8.8._bit8_na6_nr3_paired.smt2,1341.83,0,37535,成功
/pub/data/jiafq/iscas/Parser_Comparison/../benchmarks/part5/non-incremental/QF_BV/20221214-p4dfa-XiaoqiChen/StringMatching/string2x8.9._bit8_na6_nr3_paired.smt2,1326.82,0,37535,成功
/pub/data/jiafq/iscas/Parser_Comparison/../benchmarks/part5/non-incremental/QF_BV/20221214-p4dfa-XiaoqiChen/StringMatching/string4x16.1._bit16_na6_nr3_paired.smt2,2680.12,0,74947,成功
/pub/data/jiafq/iscas/Parser_Comparison/../benchmarks/part5/non-incremental/QF_BV/20221214-p4dfa-XiaoqiChen/StringMatching/string4x16.1._bit16_na6_nr4_paired.smt2,9012.1,0,237198,成功
/pub/data/jiafq/iscas/Parser_Comparison/../benchmarks/part5/non-incremental/QF_BV/20221214-p4dfa-XiaoqiChen/StringMatching/string4x16.1._bit8_na6_nr4_pairedtwobranch.smt2,9270.76,0,258262,成功
/pub/data/jiafq/iscas/Parser_Comparison/../benchmarks/part5/non-incremental/QF_BV/20221214-p4dfa-XiaoqiChen/StringMatching/string4x16.10._bit16_na6_nr3_paired.smt2,4719.1,0,127883,成功
/pub/data/jiafq/iscas/Parser_Comparison/../benchmarks/part5/non-incremental/QF_BV/20221214-p4dfa-XiaoqiChen/StringMatching/string4x16.10._bit16_na6_nr4_paired.smt2,12632,0,339138,成功
/pub/data/jiafq/iscas/Parser_Comparison/../benchmarks/part5/non-incremental/QF_BV/20221214-p4dfa-XiaoqiChen/StringMatching/string4x16.10._bit8_na6_nr4_pairedtwobranch.smt2,13847.6,0,369586,成功
/pub/data/jiafq/iscas/Parser_Comparison/../benchmarks/part5/non-incremental/QF_BV/20221214-p4dfa-XiaoqiChen/StringMatching/string4x16.2._bit16_na6_nr3_paired.smt2,2448.98,0,66594,成功
/pub/data/jiafq/iscas/Parser_Comparison/../benchmarks/part5/non-incremental/QF_BV/20221214-p4dfa-XiaoqiChen/StringMatching/string4x16.2._bit16_na6_nr4_paired.smt2,9028.63,0,240887,成功
/pub/data/jiafq/iscas/Parser_Comparison/../benchmarks/part5/non-incremental/QF_BV/20221214-p4dfa-XiaoqiChen/StringMatching/string4x16.2._bit8_na6_nr4_pairedtwobranch.smt2,9420.36,0,262303,成功
/pub/data/jiafq/iscas/Parser_Comparison/../benchmarks/part5/non-incremental/QF_BV/20221214-p4dfa-XiaoqiChen/StringMatching/string4x16.3._bit16_na6_nr3_paired.smt2,1914.98,0,54095,成功
/pub/data/jiafq/iscas/Parser_Comparison/../benchmarks/part5/non-incremental/QF_BV/20221214-p4dfa-XiaoqiChen/StringMatching/string4x16.3._bit16_na6_nr4_paired.smt2,6642.54,0,179300,成功
/pub/data/jiafq/iscas/Parser_Comparison/../benchmarks/part5/non-incremental/QF_BV/20221214-p4dfa-XiaoqiChen/StringMatching/string4x16.3._bit8_na6_nr4_pairedtwobranch.smt2,6941.04,0,195076,成功
/pub/data/jiafq/iscas/Parser_Comparison/../benchmarks/part5/non-incremental/QF_BV/20221214-p4dfa-XiaoqiChen/StringMatching/string4x16.4._bit16_na6_nr3_paired.smt2,3653.58,0,101950,成功
/pub/data/jiafq/iscas/Parser_Comparison/../benchmarks/part5/non-incremental/QF_BV/20221214-p4dfa-XiaoqiChen/StringMatching/string4x16.4._bit16_na6_nr4_paired.smt2,10041.8,0,274420,成功
/pub/data/jiafq/iscas/Parser_Comparison/../benchmarks/part5/non-incremental/QF_BV/20221214-p4dfa-XiaoqiChen/StringMatching/string4x16.4._bit8_na6_nr4_pairedtwobranch.smt2,10829.3,0,298920,成功
/pub/data/jiafq/iscas/Parser_Comparison/../benchmarks/part5/non-incremental/QF_BV/20221214-p4dfa-XiaoqiChen/StringMatching/string4x16.5._bit16_na6_nr3_paired.smt2,3682.89,0,101950,成功
/pub/data/jiafq/iscas/Parser_Comparison/../benchmarks/part5/non-incremental/QF_BV/20221214-p4dfa-XiaoqiChen/StringMatching/string4x16.5._bit16_na6_nr4_paired.smt2,11165.8,0,304263,成功
/pub/data/jiafq/iscas/Parser_Comparison/../benchmarks/part5/non-incremental/QF_BV/20221214-p4dfa-XiaoqiChen/StringMatching/string4x16.5._bit8_na6_nr4_pairedtwobranch.smt2,12117.9,0,331495,成功
/pub/data/jiafq/iscas/Parser_Comparison/../benchmarks/part5/non-incremental/QF_BV/20221214-p4dfa-XiaoqiChen/StringMatching/string4x16.6._bit16_na6_nr3_paired.smt2,1992.83,0,55834,成功
/pub/data/jiafq/iscas/Parser_Comparison/../benchmarks/part5/non-incremental/QF_BV/20221214-p4dfa-XiaoqiChen/StringMatching/string4x16.6._bit16_na6_nr4_paired.smt2,6621.93,0,182095,成功
/pub/data/jiafq/iscas/Parser_Comparison/../benchmarks/part5/non-incremental/QF_BV/20221214-p4dfa-XiaoqiChen/StringMatching/string4x16.6._bit8_na6_nr4_pairedtwobranch.smt2,7034.93,0,198135,成功
/pub/data/jiafq/iscas/Parser_Comparison/../benchmarks/part5/non-incremental/QF_BV/20221214-p4dfa-XiaoqiChen/StringMatching/string4x16.7._bit16_na6_nr3_paired.smt2,3805,0,105027,成功
/pub/data/jiafq/iscas/Parser_Comparison/../benchmarks/part5/non-incremental/QF_BV/20221214-p4dfa-XiaoqiChen/StringMatching/string4x16.7._bit16_na6_nr4_paired.smt2,12855.1,0,339138,成功
/pub/data/jiafq/iscas/Parser_Comparison/../benchmarks/part5/non-incremental/QF_BV/20221214-p4dfa-XiaoqiChen/StringMatching/string4x16.7._bit8_na6_nr4_pairedtwobranch.smt2,13649.7,0,369586,成功
/pub/data/jiafq/iscas/Parser_Comparison/../benchmarks/part5/non-incremental/QF_BV/20221214-p4dfa-XiaoqiChen/StringMatching/string4x16.8._bit16_na6_nr3_paired.smt2,1537.98,0,45074,成功
/pub/data/jiafq/iscas/Parser_Comparison/../benchmarks/part5/non-incremental/QF_BV/20221214-p4dfa-XiaoqiChen/StringMatching/string4x16.8._bit16_na6_nr4_paired.smt2,6534.36,0,182095,成功
/pub/data/jiafq/iscas/Parser_Comparison/../benchmarks/part5/non-incremental/QF_BV/20221214-p4dfa-XiaoqiChen/StringMatching/string4x16.8._bit8_na6_nr4_pairedtwobranch.smt2,7060.47,0,198135,成功
/pub/data/jiafq/iscas/Parser_Comparison/../benchmarks/part5/non-incremental/QF_BV/20221214-p4dfa-XiaoqiChen/StringMatching/string4x16.9._bit16_na6_nr3_paired.smt2,2486.67,0,70743,成功
/pub/data/jiafq/iscas/Parser_Comparison/../benchmarks/part5/non-incremental/QF_BV/20221214-p4dfa-XiaoqiChen/StringMatching/string4x16.9._bit16_na6_nr4_paired.smt2,6909.49,0,187688,成功
/pub/data/jiafq/iscas/Parser_Comparison/../benchmarks/part5/non-incremental/QF_BV/20221214-p4dfa-XiaoqiChen/StringMatching/string4x16.9._bit8_na6_nr4_pairedtwobranch.smt2,7227.43,0,204256,成功
/pub/data/jiafq/iscas/Parser_Comparison/../benchmarks/part5/non-incremental/QF_BV/20221214-p4dfa-XiaoqiChen/StringMatching/string4x8.1._bit16_na6_nr4_paired.smt2,3629.45,0,99977,成功
/pub/data/jiafq/iscas/Parser_Comparison/../benchmarks/part5/non-incremental/QF_BV/20221214-p4dfa-XiaoqiChen/StringMatching/string4x8.1._bit8_na6_nr3_paired.smt2,2692.92,0,74947,成功
/pub/data/jiafq/iscas/Parser_Comparison/../benchmarks/part5/non-incremental/QF_BV/20221214-p4dfa-XiaoqiChen/StringMatching/string4x8.10._bit16_na6_nr4_paired.smt2,6391.6,0,170738,成功
/pub/data/jiafq/iscas/Parser_Comparison/../benchmarks/part5/non-incremental/QF_BV/20221214-p4dfa-XiaoqiChen/StringMatching/string4x8.10._bit8_na6_nr3_paired.smt2,4680.72,0,127883,成功
/pub/data/jiafq/iscas/Parser_Comparison/../benchmarks/part5/non-incremental/QF_BV/20221214-p4dfa-XiaoqiChen/StringMatching/string4x8.2._bit16_na6_nr4_paired.smt2,3245.17,0,88799,成功
/pub/data/jiafq/iscas/Parser_Comparison/../benchmarks/part5/non-incremental/QF_BV/20221214-p4dfa-XiaoqiChen/StringMatching/string4x8.2._bit8_na6_nr3_paired.smt2,2375.52,0,66594,成功
/pub/data/jiafq/iscas/Parser_Comparison/../benchmarks/part5/non-incremental/QF_BV/20221214-p4dfa-XiaoqiChen/StringMatching/string4x8.3._bit16_na6_nr4_paired.smt2,2500.19,0,72095,成功
/pub/data/jiafq/iscas/Parser_Comparison/../benchmarks/part5/non-incremental/QF_BV/20221214-p4dfa-XiaoqiChen/StringMatching/string4x8.3._bit8_na6_nr3_paired.smt2,1924.34,0,54095,成功
/pub/data/jiafq/iscas/Parser_Comparison/../benchmarks/part5/non-incremental/QF_BV/20221214-p4dfa-XiaoqiChen/StringMatching/string4x8.4._bit16_na6_nr4_paired.smt2,4899.63,0,136068,成功
/pub/data/jiafq/iscas/Parser_Comparison/../benchmarks/part5/non-incremental/QF_BV/20221214-p4dfa-XiaoqiChen/StringMatching/string4x8.4._bit8_na6_nr3_paired.smt2,3808.17,0,101950,成功
/pub/data/jiafq/iscas/Parser_Comparison/../benchmarks/part5/non-incremental/QF_BV/20221214-p4dfa-XiaoqiChen/StringMatching/string4x8.5._bit16_na6_nr4_paired.smt2,4973.57,0,136068,成功
/pub/data/jiafq/iscas/Parser_Comparison/../benchmarks/part5/non-incremental/QF_BV/20221214-p4dfa-XiaoqiChen/StringMatching/string4x8.5._bit8_na6_nr3_paired.smt2,3753.57,0,101950,成功
/pub/data/jiafq/iscas/Parser_Comparison/../benchmarks/part5/non-incremental/QF_BV/20221214-p4dfa-XiaoqiChen/StringMatching/string4x8.6._bit16_na6_nr4_paired.smt2,2597.44,0,74411,成功
平均值,343.923,4.51,9585.81,100%
