文件名,解析时间(ms),内存使用(KB),AST节点数量,结果
/pub/data/jiafq/iscas/Parser_Comparison/../benchmarks/part13/non-incremental/QF_BV/sage/app12/bench_253.smt2,4.24839,0,77,成功
/pub/data/jiafq/iscas/Parser_Comparison/../benchmarks/part13/non-incremental/QF_BV/sage/app12/bench_2530.smt2,3.07505,0,96,成功
/pub/data/jiafq/iscas/Parser_Comparison/../benchmarks/part13/non-incremental/QF_BV/sage/app12/bench_2531.smt2,5.35851,0,87,成功
/pub/data/jiafq/iscas/Parser_Comparison/../benchmarks/part13/non-incremental/QF_BV/sage/app12/bench_2532.smt2,3.02635,0,87,成功
/pub/data/jiafq/iscas/Parser_Comparison/../benchmarks/part13/non-incremental/QF_BV/sage/app12/bench_2533.smt2,43.0997,228,1099,成功
/pub/data/jiafq/iscas/Parser_Comparison/../benchmarks/part13/non-incremental/QF_BV/sage/app12/bench_2534.smt2,3.02633,0,81,成功
/pub/data/jiafq/iscas/Parser_Comparison/../benchmarks/part13/non-incremental/QF_BV/sage/app12/bench_2535.smt2,3.78438,0,81,成功
/pub/data/jiafq/iscas/Parser_Comparison/../benchmarks/part13/non-incremental/QF_BV/sage/app12/bench_2536.smt2,4.66375,0,81,成功
/pub/data/jiafq/iscas/Parser_Comparison/../benchmarks/part13/non-incremental/QF_BV/sage/app12/bench_2537.smt2,2.73549,0,75,成功
/pub/data/jiafq/iscas/Parser_Comparison/../benchmarks/part13/non-incremental/QF_BV/sage/app12/bench_2538.smt2,2.72591,0,75,成功
/pub/data/jiafq/iscas/Parser_Comparison/../benchmarks/part13/non-incremental/QF_BV/sage/app12/bench_2539.smt2,45.5112,0,1098,成功
/pub/data/jiafq/iscas/Parser_Comparison/../benchmarks/part13/non-incremental/QF_BV/sage/app12/bench_254.smt2,84.0956,0,2103,成功
/pub/data/jiafq/iscas/Parser_Comparison/../benchmarks/part13/non-incremental/QF_BV/sage/app12/bench_2540.smt2,2.90634,0,68,成功
/pub/data/jiafq/iscas/Parser_Comparison/../benchmarks/part13/non-incremental/QF_BV/sage/app12/bench_2541.smt2,2.73867,0,68,成功
/pub/data/jiafq/iscas/Parser_Comparison/../benchmarks/part13/non-incremental/QF_BV/sage/app12/bench_2542.smt2,41.2172,0,1099,成功
/pub/data/jiafq/iscas/Parser_Comparison/../benchmarks/part13/non-incremental/QF_BV/sage/app12/bench_2543.smt2,3.8252,208,63,成功
/pub/data/jiafq/iscas/Parser_Comparison/../benchmarks/part13/non-incremental/QF_BV/sage/app12/bench_2544.smt2,4.35311,0,63,成功
/pub/data/jiafq/iscas/Parser_Comparison/../benchmarks/part13/non-incremental/QF_BV/sage/app12/bench_2545.smt2,41.5672,0,1098,成功
/pub/data/jiafq/iscas/Parser_Comparison/../benchmarks/part13/non-incremental/QF_BV/sage/app12/bench_2546.smt2,39.2913,0,1095,成功
/pub/data/jiafq/iscas/Parser_Comparison/../benchmarks/part13/non-incremental/QF_BV/sage/app12/bench_2547.smt2,3.82574,0,79,成功
/pub/data/jiafq/iscas/Parser_Comparison/../benchmarks/part13/non-incremental/QF_BV/sage/app12/bench_2548.smt2,3.08258,0,57,成功
/pub/data/jiafq/iscas/Parser_Comparison/../benchmarks/part13/non-incremental/QF_BV/sage/app12/bench_2549.smt2,4.82021,228,57,成功
/pub/data/jiafq/iscas/Parser_Comparison/../benchmarks/part13/non-incremental/QF_BV/sage/app12/bench_255.smt2,82.7617,0,2103,成功
/pub/data/jiafq/iscas/Parser_Comparison/../benchmarks/part13/non-incremental/QF_BV/sage/app12/bench_2550.smt2,2.18681,0,50,成功
/pub/data/jiafq/iscas/Parser_Comparison/../benchmarks/part13/non-incremental/QF_BV/sage/app12/bench_2551.smt2,2.3061,0,50,成功
/pub/data/jiafq/iscas/Parser_Comparison/../benchmarks/part13/non-incremental/QF_BV/sage/app12/bench_2552.smt2,2.14591,0,44,成功
/pub/data/jiafq/iscas/Parser_Comparison/../benchmarks/part13/non-incremental/QF_BV/sage/app12/bench_2553.smt2,2.34974,228,44,成功
/pub/data/jiafq/iscas/Parser_Comparison/../benchmarks/part13/non-incremental/QF_BV/sage/app12/bench_2554.smt2,1.95216,0,38,成功
/pub/data/jiafq/iscas/Parser_Comparison/../benchmarks/part13/non-incremental/QF_BV/sage/app12/bench_2555.smt2,2.5619,0,38,成功
/pub/data/jiafq/iscas/Parser_Comparison/../benchmarks/part13/non-incremental/QF_BV/sage/app12/bench_2556.smt2,40.0332,0,1094,成功
/pub/data/jiafq/iscas/Parser_Comparison/../benchmarks/part13/non-incremental/QF_BV/sage/app12/bench_2557.smt2,2.1351,224,22,成功
/pub/data/jiafq/iscas/Parser_Comparison/../benchmarks/part13/non-incremental/QF_BV/sage/app12/bench_2558.smt2,132.346,0,3146,成功
/pub/data/jiafq/iscas/Parser_Comparison/../benchmarks/part13/non-incremental/QF_BV/sage/app12/bench_2559.smt2,3.66461,0,78,成功
/pub/data/jiafq/iscas/Parser_Comparison/../benchmarks/part13/non-incremental/QF_BV/sage/app12/bench_256.smt2,6.37247,0,72,成功
/pub/data/jiafq/iscas/Parser_Comparison/../benchmarks/part13/non-incremental/QF_BV/sage/app12/bench_2560.smt2,2.38926,0,22,成功
/pub/data/jiafq/iscas/Parser_Comparison/../benchmarks/part13/non-incremental/QF_BV/sage/app12/bench_2561.smt2,43.7511,236,1095,成功
/pub/data/jiafq/iscas/Parser_Comparison/../benchmarks/part13/non-incremental/QF_BV/sage/app12/bench_2562.smt2,46.563,0,1091,成功
/pub/data/jiafq/iscas/Parser_Comparison/../benchmarks/part13/non-incremental/QF_BV/sage/app12/bench_2563.smt2,2.65277,0,16,成功
/pub/data/jiafq/iscas/Parser_Comparison/../benchmarks/part13/non-incremental/QF_BV/sage/app12/bench_2564.smt2,1.81113,0,16,成功
/pub/data/jiafq/iscas/Parser_Comparison/../benchmarks/part13/non-incremental/QF_BV/sage/app12/bench_2565.smt2,38.8484,0,1091,成功
/pub/data/jiafq/iscas/Parser_Comparison/../benchmarks/part13/non-incremental/QF_BV/sage/app12/bench_2566.smt2,2.10553,220,5,成功
/pub/data/jiafq/iscas/Parser_Comparison/../benchmarks/part13/non-incremental/QF_BV/sage/app12/bench_2567.smt2,2.03035,0,5,成功
/pub/data/jiafq/iscas/Parser_Comparison/../benchmarks/part13/non-incremental/QF_BV/sage/app12/bench_2568.smt2,39.4791,0,1092,成功
/pub/data/jiafq/iscas/Parser_Comparison/../benchmarks/part13/non-incremental/QF_BV/sage/app12/bench_2569.smt2,37.87,0,1090,成功
/pub/data/jiafq/iscas/Parser_Comparison/../benchmarks/part13/non-incremental/QF_BV/sage/app12/bench_257.smt2,3.97375,0,71,成功
/pub/data/jiafq/iscas/Parser_Comparison/../benchmarks/part13/non-incremental/QF_BV/sage/app12/bench_2570.smt2,115.773,0,2949,成功
/pub/data/jiafq/iscas/Parser_Comparison/../benchmarks/part13/non-incremental/QF_BV/sage/app12/bench_2571.smt2,38.2191,0,1094,成功
/pub/data/jiafq/iscas/Parser_Comparison/../benchmarks/part13/non-incremental/QF_BV/sage/app12/bench_2572.smt2,39.7337,0,1094,成功
/pub/data/jiafq/iscas/Parser_Comparison/../benchmarks/part13/non-incremental/QF_BV/sage/app12/bench_2573.smt2,39.9417,220,1090,成功
/pub/data/jiafq/iscas/Parser_Comparison/../benchmarks/part13/non-incremental/QF_BV/sage/app12/bench_2574.smt2,38.3197,0,1090,成功
/pub/data/jiafq/iscas/Parser_Comparison/../benchmarks/part13/non-incremental/QF_BV/sage/app12/bench_2575.smt2,40.2775,0,1087,成功
/pub/data/jiafq/iscas/Parser_Comparison/../benchmarks/part13/non-incremental/QF_BV/sage/app12/bench_2576.smt2,38.7358,0,1084,成功
/pub/data/jiafq/iscas/Parser_Comparison/../benchmarks/part13/non-incremental/QF_BV/sage/app12/bench_2577.smt2,41.5814,0,1082,成功
/pub/data/jiafq/iscas/Parser_Comparison/../benchmarks/part13/non-incremental/QF_BV/sage/app12/bench_2578.smt2,39.7491,0,1079,成功
/pub/data/jiafq/iscas/Parser_Comparison/../benchmarks/part13/non-incremental/QF_BV/sage/app12/bench_2579.smt2,37.6778,0,1078,成功
/pub/data/jiafq/iscas/Parser_Comparison/../benchmarks/part13/non-incremental/QF_BV/sage/app12/bench_258.smt2,3.66628,0,72,成功
/pub/data/jiafq/iscas/Parser_Comparison/../benchmarks/part13/non-incremental/QF_BV/sage/app12/bench_2580.smt2,41.9831,0,1077,成功
/pub/data/jiafq/iscas/Parser_Comparison/../benchmarks/part13/non-incremental/QF_BV/sage/app12/bench_2581.smt2,123.409,0,2946,成功
/pub/data/jiafq/iscas/Parser_Comparison/../benchmarks/part13/non-incremental/QF_BV/sage/app12/bench_2582.smt2,37.6481,0,1077,成功
/pub/data/jiafq/iscas/Parser_Comparison/../benchmarks/part13/non-incremental/QF_BV/sage/app12/bench_2583.smt2,37.9893,220,1077,成功
/pub/data/jiafq/iscas/Parser_Comparison/../benchmarks/part13/non-incremental/QF_BV/sage/app12/bench_2584.smt2,39.5138,0,1073,成功
/pub/data/jiafq/iscas/Parser_Comparison/../benchmarks/part13/non-incremental/QF_BV/sage/app12/bench_2585.smt2,38.583,0,1073,成功
/pub/data/jiafq/iscas/Parser_Comparison/../benchmarks/part13/non-incremental/QF_BV/sage/app12/bench_2586.smt2,38.538,0,1075,成功
/pub/data/jiafq/iscas/Parser_Comparison/../benchmarks/part13/non-incremental/QF_BV/sage/app12/bench_2587.smt2,41.5039,0,1075,成功
/pub/data/jiafq/iscas/Parser_Comparison/../benchmarks/part13/non-incremental/QF_BV/sage/app12/bench_2588.smt2,6.73671,0,61,成功
/pub/data/jiafq/iscas/Parser_Comparison/../benchmarks/part13/non-incremental/QF_BV/sage/app12/bench_2589.smt2,3.60984,0,60,成功
/pub/data/jiafq/iscas/Parser_Comparison/../benchmarks/part13/non-incremental/QF_BV/sage/app12/bench_259.smt2,127.218,0,3119,成功
/pub/data/jiafq/iscas/Parser_Comparison/../benchmarks/part13/non-incremental/QF_BV/sage/app12/bench_2590.smt2,3.17273,228,59,成功
/pub/data/jiafq/iscas/Parser_Comparison/../benchmarks/part13/non-incremental/QF_BV/sage/app12/bench_2591.smt2,5.23022,0,57,成功
/pub/data/jiafq/iscas/Parser_Comparison/../benchmarks/part13/non-incremental/QF_BV/sage/app12/bench_2592.smt2,3.52963,232,77,成功
/pub/data/jiafq/iscas/Parser_Comparison/../benchmarks/part13/non-incremental/QF_BV/sage/app12/bench_2593.smt2,2.89371,0,56,成功
/pub/data/jiafq/iscas/Parser_Comparison/../benchmarks/part13/non-incremental/QF_BV/sage/app12/bench_2594.smt2,2.94206,0,56,成功
/pub/data/jiafq/iscas/Parser_Comparison/../benchmarks/part13/non-incremental/QF_BV/sage/app12/bench_2595.smt2,3.33936,0,56,成功
/pub/data/jiafq/iscas/Parser_Comparison/../benchmarks/part13/non-incremental/QF_BV/sage/app12/bench_2596.smt2,2.80494,0,50,成功
/pub/data/jiafq/iscas/Parser_Comparison/../benchmarks/part13/non-incremental/QF_BV/sage/app12/bench_2597.smt2,2.77171,0,50,成功
/pub/data/jiafq/iscas/Parser_Comparison/../benchmarks/part13/non-incremental/QF_BV/sage/app12/bench_2598.smt2,5.2321,0,49,成功
/pub/data/jiafq/iscas/Parser_Comparison/../benchmarks/part13/non-incremental/QF_BV/sage/app12/bench_2599.smt2,2.67362,252,49,成功
/pub/data/jiafq/iscas/Parser_Comparison/../benchmarks/part13/non-incremental/QF_BV/sage/app12/bench_26.smt2,5.54985,0,130,成功
/pub/data/jiafq/iscas/Parser_Comparison/../benchmarks/part13/non-incremental/QF_BV/sage/app12/bench_260.smt2,1.74434,0,16,成功
/pub/data/jiafq/iscas/Parser_Comparison/../benchmarks/part13/non-incremental/QF_BV/sage/app12/bench_2600.smt2,3.19132,0,48,成功
/pub/data/jiafq/iscas/Parser_Comparison/../benchmarks/part13/non-incremental/QF_BV/sage/app12/bench_2601.smt2,2.73391,0,45,成功
/pub/data/jiafq/iscas/Parser_Comparison/../benchmarks/part13/non-incremental/QF_BV/sage/app12/bench_2602.smt2,2.38034,0,45,成功
/pub/data/jiafq/iscas/Parser_Comparison/../benchmarks/part13/non-incremental/QF_BV/sage/app12/bench_2603.smt2,5.82301,0,77,成功
/pub/data/jiafq/iscas/Parser_Comparison/../benchmarks/part13/non-incremental/QF_BV/sage/app12/bench_2604.smt2,3.7432,0,45,成功
/pub/data/jiafq/iscas/Parser_Comparison/../benchmarks/part13/non-incremental/QF_BV/sage/app12/bench_2605.smt2,2.52668,0,43,成功
/pub/data/jiafq/iscas/Parser_Comparison/../benchmarks/part13/non-incremental/QF_BV/sage/app12/bench_2606.smt2,41.9249,0,1073,成功
/pub/data/jiafq/iscas/Parser_Comparison/../benchmarks/part13/non-incremental/QF_BV/sage/app12/bench_2607.smt2,38.6826,0,1069,成功
/pub/data/jiafq/iscas/Parser_Comparison/../benchmarks/part13/non-incremental/QF_BV/sage/app12/bench_2608.smt2,47.9934,0,1067,成功
/pub/data/jiafq/iscas/Parser_Comparison/../benchmarks/part13/non-incremental/QF_BV/sage/app12/bench_2609.smt2,38.4319,0,1067,成功
/pub/data/jiafq/iscas/Parser_Comparison/../benchmarks/part13/non-incremental/QF_BV/sage/app12/bench_261.smt2,1.81591,0,16,成功
/pub/data/jiafq/iscas/Parser_Comparison/../benchmarks/part13/non-incremental/QF_BV/sage/app12/bench_2610.smt2,4.12951,0,43,成功
/pub/data/jiafq/iscas/Parser_Comparison/../benchmarks/part13/non-incremental/QF_BV/sage/app12/bench_2611.smt2,4.55025,0,53,成功
/pub/data/jiafq/iscas/Parser_Comparison/../benchmarks/part13/non-incremental/QF_BV/sage/app12/bench_2612.smt2,3.80754,0,55,成功
/pub/data/jiafq/iscas/Parser_Comparison/../benchmarks/part13/non-incremental/QF_BV/sage/app12/bench_2613.smt2,4.69012,0,42,成功
/pub/data/jiafq/iscas/Parser_Comparison/../benchmarks/part13/non-incremental/QF_BV/sage/app12/bench_2614.smt2,126.092,0,2946,成功
/pub/data/jiafq/iscas/Parser_Comparison/../benchmarks/part13/non-incremental/QF_BV/sage/app12/bench_2615.smt2,2.56535,0,53,成功
/pub/data/jiafq/iscas/Parser_Comparison/../benchmarks/part13/non-incremental/QF_BV/sage/app12/bench_2616.smt2,39.2974,0,1019,成功
/pub/data/jiafq/iscas/Parser_Comparison/../benchmarks/part13/non-incremental/QF_BV/sage/app12/bench_2617.smt2,37.3849,0,1019,成功
/pub/data/jiafq/iscas/Parser_Comparison/../benchmarks/part13/non-incremental/QF_BV/sage/app12/bench_2618.smt2,3.16265,0,43,成功
/pub/data/jiafq/iscas/Parser_Comparison/../benchmarks/part13/non-incremental/QF_BV/sage/app12/bench_2619.smt2,3.12577,0,41,成功
/pub/data/jiafq/iscas/Parser_Comparison/../benchmarks/part13/non-incremental/QF_BV/sage/app12/bench_262.smt2,1.41354,0,7,成功
/pub/data/jiafq/iscas/Parser_Comparison/../benchmarks/part13/non-incremental/QF_BV/sage/app12/bench_2620.smt2,5.8304,0,40,成功
/pub/data/jiafq/iscas/Parser_Comparison/../benchmarks/part13/non-incremental/QF_BV/sage/app12/bench_2621.smt2,1.60976,0,14,成功
/pub/data/jiafq/iscas/Parser_Comparison/../benchmarks/part13/non-incremental/QF_BV/sage/app12/bench_2622.smt2,3.01425,0,14,成功
/pub/data/jiafq/iscas/Parser_Comparison/../benchmarks/part13/non-incremental/QF_BV/sage/app12/bench_2623.smt2,2.83549,0,38,成功
/pub/data/jiafq/iscas/Parser_Comparison/../benchmarks/part13/non-incremental/QF_BV/sage/app12/bench_2624.smt2,2.08973,0,17,成功
/pub/data/jiafq/iscas/Parser_Comparison/../benchmarks/part13/non-incremental/QF_BV/sage/app12/bench_2625.smt2,123.185,0,2946,成功
/pub/data/jiafq/iscas/Parser_Comparison/../benchmarks/part13/non-incremental/QF_BV/sage/app12/bench_2626.smt2,1.85266,228,17,成功
/pub/data/jiafq/iscas/Parser_Comparison/../benchmarks/part13/non-incremental/QF_BV/sage/app12/bench_2627.smt2,2.33523,228,27,成功
/pub/data/jiafq/iscas/Parser_Comparison/../benchmarks/part13/non-incremental/QF_BV/sage/app12/bench_2628.smt2,2.23825,0,27,成功
/pub/data/jiafq/iscas/Parser_Comparison/../benchmarks/part13/non-incremental/QF_BV/sage/app12/bench_2629.smt2,3.28479,0,24,成功
/pub/data/jiafq/iscas/Parser_Comparison/../benchmarks/part13/non-incremental/QF_BV/sage/app12/bench_263.smt2,6.67422,252,142,成功
/pub/data/jiafq/iscas/Parser_Comparison/../benchmarks/part13/non-incremental/QF_BV/sage/app12/bench_2630.smt2,34.4271,0,981,成功
/pub/data/jiafq/iscas/Parser_Comparison/../benchmarks/part13/non-incremental/QF_BV/sage/app12/bench_2631.smt2,1.86536,0,23,成功
/pub/data/jiafq/iscas/Parser_Comparison/../benchmarks/part13/non-incremental/QF_BV/sage/app12/bench_2632.smt2,3.15895,0,22,成功
/pub/data/jiafq/iscas/Parser_Comparison/../benchmarks/part13/non-incremental/QF_BV/sage/app12/bench_2633.smt2,2.16034,0,21,成功
/pub/data/jiafq/iscas/Parser_Comparison/../benchmarks/part13/non-incremental/QF_BV/sage/app12/bench_2634.smt2,1.98242,0,19,成功
/pub/data/jiafq/iscas/Parser_Comparison/../benchmarks/part13/non-incremental/QF_BV/sage/app12/bench_2635.smt2,3.12251,0,15,成功
/pub/data/jiafq/iscas/Parser_Comparison/../benchmarks/part13/non-incremental/QF_BV/sage/app12/bench_2636.smt2,118.907,0,2942,成功
/pub/data/jiafq/iscas/Parser_Comparison/../benchmarks/part13/non-incremental/QF_BV/sage/app12/bench_2637.smt2,33.8046,0,981,成功
/pub/data/jiafq/iscas/Parser_Comparison/../benchmarks/part13/non-incremental/QF_BV/sage/app12/bench_2638.smt2,40.5344,0,981,成功
/pub/data/jiafq/iscas/Parser_Comparison/../benchmarks/part13/non-incremental/QF_BV/sage/app12/bench_2639.smt2,1.65952,0,21,成功
/pub/data/jiafq/iscas/Parser_Comparison/../benchmarks/part13/non-incremental/QF_BV/sage/app12/bench_264.smt2,8.54982,0,141,成功
/pub/data/jiafq/iscas/Parser_Comparison/../benchmarks/part13/non-incremental/QF_BV/sage/app12/bench_2640.smt2,2.53996,0,34,成功
/pub/data/jiafq/iscas/Parser_Comparison/../benchmarks/part13/non-incremental/QF_BV/sage/app12/bench_2641.smt2,3.37345,224,70,成功
/pub/data/jiafq/iscas/Parser_Comparison/../benchmarks/part13/non-incremental/QF_BV/sage/app12/bench_2642.smt2,2.17568,0,33,成功
/pub/data/jiafq/iscas/Parser_Comparison/../benchmarks/part13/non-incremental/QF_BV/sage/app12/bench_2643.smt2,2.27567,0,29,成功
/pub/data/jiafq/iscas/Parser_Comparison/../benchmarks/part13/non-incremental/QF_BV/sage/app12/bench_2644.smt2,1.90653,0,15,成功
/pub/data/jiafq/iscas/Parser_Comparison/../benchmarks/part13/non-incremental/QF_BV/sage/app12/bench_2645.smt2,2.22747,0,37,成功
/pub/data/jiafq/iscas/Parser_Comparison/../benchmarks/part13/non-incremental/QF_BV/sage/app12/bench_2646.smt2,2.35432,0,34,成功
/pub/data/jiafq/iscas/Parser_Comparison/../benchmarks/part13/non-incremental/QF_BV/sage/app12/bench_2647.smt2,118.318,0,2941,成功
/pub/data/jiafq/iscas/Parser_Comparison/../benchmarks/part13/non-incremental/QF_BV/sage/app12/bench_2648.smt2,4.27234,0,32,成功
/pub/data/jiafq/iscas/Parser_Comparison/../benchmarks/part13/non-incremental/QF_BV/sage/app12/bench_2649.smt2,2.30546,0,30,成功
/pub/data/jiafq/iscas/Parser_Comparison/../benchmarks/part13/non-incremental/QF_BV/sage/app12/bench_265.smt2,11.2592,0,139,成功
/pub/data/jiafq/iscas/Parser_Comparison/../benchmarks/part13/non-incremental/QF_BV/sage/app12/bench_2650.smt2,3.41731,0,29,成功
/pub/data/jiafq/iscas/Parser_Comparison/../benchmarks/part13/non-incremental/QF_BV/sage/app12/bench_2651.smt2,1.56071,0,3,成功
/pub/data/jiafq/iscas/Parser_Comparison/../benchmarks/part13/non-incremental/QF_BV/sage/app12/bench_2652.smt2,3.5227,0,62,成功
/pub/data/jiafq/iscas/Parser_Comparison/../benchmarks/part13/non-incremental/QF_BV/sage/app12/bench_2653.smt2,4.38613,0,63,成功
/pub/data/jiafq/iscas/Parser_Comparison/../benchmarks/part13/non-incremental/QF_BV/sage/app12/bench_2654.smt2,3.93399,0,62,成功
/pub/data/jiafq/iscas/Parser_Comparison/../benchmarks/part13/non-incremental/QF_BV/sage/app12/bench_2655.smt2,5.07566,0,63,成功
/pub/data/jiafq/iscas/Parser_Comparison/../benchmarks/part13/non-incremental/QF_BV/sage/app12/bench_2656.smt2,3.25083,0,60,成功
/pub/data/jiafq/iscas/Parser_Comparison/../benchmarks/part13/non-incremental/QF_BV/sage/app12/bench_2657.smt2,4.05985,0,57,成功
/pub/data/jiafq/iscas/Parser_Comparison/../benchmarks/part13/non-incremental/QF_BV/sage/app12/bench_2658.smt2,122.157,0,2941,成功
/pub/data/jiafq/iscas/Parser_Comparison/../benchmarks/part13/non-incremental/QF_BV/sage/app12/bench_2659.smt2,34.3598,0,917,成功
/pub/data/jiafq/iscas/Parser_Comparison/../benchmarks/part13/non-incremental/QF_BV/sage/app12/bench_266.smt2,6.92833,224,135,成功
/pub/data/jiafq/iscas/Parser_Comparison/../benchmarks/part13/non-incremental/QF_BV/sage/app12/bench_2660.smt2,31.8593,0,917,成功
/pub/data/jiafq/iscas/Parser_Comparison/../benchmarks/part13/non-incremental/QF_BV/sage/app12/bench_2661.smt2,35.0415,0,917,成功
/pub/data/jiafq/iscas/Parser_Comparison/../benchmarks/part13/non-incremental/QF_BV/sage/app12/bench_2662.smt2,3.72592,0,54,成功
/pub/data/jiafq/iscas/Parser_Comparison/../benchmarks/part13/non-incremental/QF_BV/sage/app12/bench_2663.smt2,3.32901,0,53,成功
/pub/data/jiafq/iscas/Parser_Comparison/../benchmarks/part13/non-incremental/QF_BV/sage/app12/bench_2664.smt2,3.81365,0,54,成功
/pub/data/jiafq/iscas/Parser_Comparison/../benchmarks/part13/non-incremental/QF_BV/sage/app12/bench_2665.smt2,5.00395,0,42,成功
/pub/data/jiafq/iscas/Parser_Comparison/../benchmarks/part13/non-incremental/QF_BV/sage/app12/bench_2666.smt2,2.67289,0,42,成功
/pub/data/jiafq/iscas/Parser_Comparison/../benchmarks/part13/non-incremental/QF_BV/sage/app12/bench_2667.smt2,2.37407,0,39,成功
/pub/data/jiafq/iscas/Parser_Comparison/../benchmarks/part13/non-incremental/QF_BV/sage/app12/bench_2668.smt2,2.70884,0,39,成功
/pub/data/jiafq/iscas/Parser_Comparison/../benchmarks/part13/non-incremental/QF_BV/sage/app12/bench_2669.smt2,128.809,0,3144,成功
/pub/data/jiafq/iscas/Parser_Comparison/../benchmarks/part13/non-incremental/QF_BV/sage/app12/bench_267.smt2,6.96412,0,137,成功
/pub/data/jiafq/iscas/Parser_Comparison/../benchmarks/part13/non-incremental/QF_BV/sage/app12/bench_2670.smt2,119.321,0,2937,成功
/pub/data/jiafq/iscas/Parser_Comparison/../benchmarks/part13/non-incremental/QF_BV/sage/app12/bench_2671.smt2,2.36267,0,39,成功
/pub/data/jiafq/iscas/Parser_Comparison/../benchmarks/part13/non-incremental/QF_BV/sage/app12/bench_2672.smt2,5.27655,0,39,成功
/pub/data/jiafq/iscas/Parser_Comparison/../benchmarks/part13/non-incremental/QF_BV/sage/app12/bench_2673.smt2,2.8151,0,39,成功
/pub/data/jiafq/iscas/Parser_Comparison/../benchmarks/part13/non-incremental/QF_BV/sage/app12/bench_2674.smt2,2.46436,224,39,成功
/pub/data/jiafq/iscas/Parser_Comparison/../benchmarks/part13/non-incremental/QF_BV/sage/app12/bench_2675.smt2,2.41818,0,39,成功
/pub/data/jiafq/iscas/Parser_Comparison/../benchmarks/part13/non-incremental/QF_BV/sage/app12/bench_2676.smt2,2.81603,0,39,成功
/pub/data/jiafq/iscas/Parser_Comparison/../benchmarks/part13/non-incremental/QF_BV/sage/app12/bench_2677.smt2,2.67819,0,39,成功
/pub/data/jiafq/iscas/Parser_Comparison/../benchmarks/part13/non-incremental/QF_BV/sage/app12/bench_2678.smt2,2.21107,0,39,成功
/pub/data/jiafq/iscas/Parser_Comparison/../benchmarks/part13/non-incremental/QF_BV/sage/app12/bench_2679.smt2,3.85535,0,39,成功
/pub/data/jiafq/iscas/Parser_Comparison/../benchmarks/part13/non-incremental/QF_BV/sage/app12/bench_268.smt2,5.67309,0,137,成功
/pub/data/jiafq/iscas/Parser_Comparison/../benchmarks/part13/non-incremental/QF_BV/sage/app12/bench_2680.smt2,2.63024,0,39,成功
/pub/data/jiafq/iscas/Parser_Comparison/../benchmarks/part13/non-incremental/QF_BV/sage/app12/bench_2681.smt2,13.4262,0,610,成功
/pub/data/jiafq/iscas/Parser_Comparison/../benchmarks/part13/non-incremental/QF_BV/sage/app12/bench_2682.smt2,2.20113,0,39,成功
/pub/data/jiafq/iscas/Parser_Comparison/../benchmarks/part13/non-incremental/QF_BV/sage/app12/bench_2683.smt2,2.30344,0,39,成功
/pub/data/jiafq/iscas/Parser_Comparison/../benchmarks/part13/non-incremental/QF_BV/sage/app12/bench_2684.smt2,2.89711,0,39,成功
/pub/data/jiafq/iscas/Parser_Comparison/../benchmarks/part13/non-incremental/QF_BV/sage/app12/bench_2685.smt2,3.08671,0,39,成功
/pub/data/jiafq/iscas/Parser_Comparison/../benchmarks/part13/non-incremental/QF_BV/sage/app12/bench_2686.smt2,2.43672,0,39,成功
/pub/data/jiafq/iscas/Parser_Comparison/../benchmarks/part13/non-incremental/QF_BV/sage/app12/bench_2687.smt2,2.37883,0,39,成功
/pub/data/jiafq/iscas/Parser_Comparison/../benchmarks/part13/non-incremental/QF_BV/sage/app12/bench_2688.smt2,2.32762,0,39,成功
/pub/data/jiafq/iscas/Parser_Comparison/../benchmarks/part13/non-incremental/QF_BV/sage/app12/bench_2689.smt2,3.73401,0,39,成功
/pub/data/jiafq/iscas/Parser_Comparison/../benchmarks/part13/non-incremental/QF_BV/sage/app12/bench_269.smt2,5.54651,0,135,成功
/pub/data/jiafq/iscas/Parser_Comparison/../benchmarks/part13/non-incremental/QF_BV/sage/app12/bench_2690.smt2,3.02144,0,39,成功
/pub/data/jiafq/iscas/Parser_Comparison/../benchmarks/part13/non-incremental/QF_BV/sage/app12/bench_2691.smt2,2.20755,0,39,成功
/pub/data/jiafq/iscas/Parser_Comparison/../benchmarks/part13/non-incremental/QF_BV/sage/app12/bench_2692.smt2,114.357,0,2937,成功
/pub/data/jiafq/iscas/Parser_Comparison/../benchmarks/part13/non-incremental/QF_BV/sage/app12/bench_2693.smt2,3.19234,0,39,成功
/pub/data/jiafq/iscas/Parser_Comparison/../benchmarks/part13/non-incremental/QF_BV/sage/app12/bench_2694.smt2,2.44937,0,39,成功
/pub/data/jiafq/iscas/Parser_Comparison/../benchmarks/part13/non-incremental/QF_BV/sage/app12/bench_2695.smt2,2.80764,0,36,成功
/pub/data/jiafq/iscas/Parser_Comparison/../benchmarks/part13/non-incremental/QF_BV/sage/app12/bench_2696.smt2,3.79692,0,62,成功
/pub/data/jiafq/iscas/Parser_Comparison/../benchmarks/part13/non-incremental/QF_BV/sage/app12/bench_2697.smt2,2.93269,0,59,成功
/pub/data/jiafq/iscas/Parser_Comparison/../benchmarks/part13/non-incremental/QF_BV/sage/app12/bench_2698.smt2,2.57899,0,60,成功
/pub/data/jiafq/iscas/Parser_Comparison/../benchmarks/part13/non-incremental/QF_BV/sage/app12/bench_2699.smt2,2.5664,0,51,成功
/pub/data/jiafq/iscas/Parser_Comparison/../benchmarks/part13/non-incremental/QF_BV/sage/app12/bench_27.smt2,2.14382,0,21,成功
/pub/data/jiafq/iscas/Parser_Comparison/../benchmarks/part13/non-incremental/QF_BV/sage/app12/bench_270.smt2,5.4181,0,122,成功
/pub/data/jiafq/iscas/Parser_Comparison/../benchmarks/part13/non-incremental/QF_BV/sage/app12/bench_2700.smt2,2.74328,0,51,成功
/pub/data/jiafq/iscas/Parser_Comparison/../benchmarks/part13/non-incremental/QF_BV/sage/app12/bench_2701.smt2,2.32573,0,46,成功
/pub/data/jiafq/iscas/Parser_Comparison/../benchmarks/part13/non-incremental/QF_BV/sage/app12/bench_2702.smt2,2.92985,0,40,成功
/pub/data/jiafq/iscas/Parser_Comparison/../benchmarks/part13/non-incremental/QF_BV/sage/app12/bench_2703.smt2,117.382,0,2933,成功
/pub/data/jiafq/iscas/Parser_Comparison/../benchmarks/part13/non-incremental/QF_BV/sage/app12/bench_2704.smt2,2.25391,0,40,成功
/pub/data/jiafq/iscas/Parser_Comparison/../benchmarks/part13/non-incremental/QF_BV/sage/app12/bench_2705.smt2,2.18381,0,35,成功
/pub/data/jiafq/iscas/Parser_Comparison/../benchmarks/part13/non-incremental/QF_BV/sage/app12/bench_2706.smt2,1.73371,0,10,成功
/pub/data/jiafq/iscas/Parser_Comparison/../benchmarks/part13/non-incremental/QF_BV/sage/app12/bench_2707.smt2,1.47092,0,5,成功
/pub/data/jiafq/iscas/Parser_Comparison/../benchmarks/part13/non-incremental/QF_BV/sage/app12/bench_2708.smt2,4.59016,0,59,成功
/pub/data/jiafq/iscas/Parser_Comparison/../benchmarks/part13/non-incremental/QF_BV/sage/app12/bench_2709.smt2,4.69487,0,59,成功
/pub/data/jiafq/iscas/Parser_Comparison/../benchmarks/part13/non-incremental/QF_BV/sage/app12/bench_271.smt2,5.74192,0,135,成功
/pub/data/jiafq/iscas/Parser_Comparison/../benchmarks/part13/non-incremental/QF_BV/sage/app12/bench_2710.smt2,3.12835,0,60,成功
/pub/data/jiafq/iscas/Parser_Comparison/../benchmarks/part13/non-incremental/QF_BV/sage/app12/bench_2711.smt2,3.08967,0,55,成功
/pub/data/jiafq/iscas/Parser_Comparison/../benchmarks/part13/non-incremental/QF_BV/sage/app12/bench_2712.smt2,2.91448,0,50,成功
/pub/data/jiafq/iscas/Parser_Comparison/../benchmarks/part13/non-incremental/QF_BV/sage/app12/bench_2713.smt2,2.86083,0,47,成功
/pub/data/jiafq/iscas/Parser_Comparison/../benchmarks/part13/non-incremental/QF_BV/sage/app12/bench_2714.smt2,119.242,0,2933,成功
/pub/data/jiafq/iscas/Parser_Comparison/../benchmarks/part13/non-incremental/QF_BV/sage/app12/bench_2715.smt2,1.65318,0,12,成功
/pub/data/jiafq/iscas/Parser_Comparison/../benchmarks/part13/non-incremental/QF_BV/sage/app12/bench_2716.smt2,1.46049,0,6,成功
/pub/data/jiafq/iscas/Parser_Comparison/../benchmarks/part13/non-incremental/QF_BV/sage/app12/bench_2717.smt2,1.72074,0,9,成功
/pub/data/jiafq/iscas/Parser_Comparison/../benchmarks/part13/non-incremental/QF_BV/sage/app12/bench_2718.smt2,1.72513,0,6,成功
/pub/data/jiafq/iscas/Parser_Comparison/../benchmarks/part13/non-incremental/QF_BV/sage/app12/bench_2719.smt2,4.98697,0,50,成功
/pub/data/jiafq/iscas/Parser_Comparison/../benchmarks/part13/non-incremental/QF_BV/sage/app12/bench_272.smt2,5.51394,0,136,成功
/pub/data/jiafq/iscas/Parser_Comparison/../benchmarks/part13/non-incremental/QF_BV/sage/app12/bench_2720.smt2,5.32538,0,44,成功
/pub/data/jiafq/iscas/Parser_Comparison/../benchmarks/part13/non-incremental/QF_BV/sage/app12/bench_2721.smt2,2.60162,0,43,成功
/pub/data/jiafq/iscas/Parser_Comparison/../benchmarks/part13/non-incremental/QF_BV/sage/app12/bench_2722.smt2,2.43013,0,41,成功
/pub/data/jiafq/iscas/Parser_Comparison/../benchmarks/part13/non-incremental/QF_BV/sage/app12/bench_2723.smt2,2.40071,0,41,成功
/pub/data/jiafq/iscas/Parser_Comparison/../benchmarks/part13/non-incremental/QF_BV/sage/app12/bench_2724.smt2,2.60799,0,42,成功
/pub/data/jiafq/iscas/Parser_Comparison/../benchmarks/part13/non-incremental/QF_BV/sage/app12/bench_2725.smt2,115.345,0,2933,成功
/pub/data/jiafq/iscas/Parser_Comparison/../benchmarks/part13/non-incremental/QF_BV/sage/app12/bench_2726.smt2,3.28517,0,37,成功
/pub/data/jiafq/iscas/Parser_Comparison/../benchmarks/part13/non-incremental/QF_BV/sage/app12/bench_2727.smt2,5.02796,0,62,成功
/pub/data/jiafq/iscas/Parser_Comparison/../benchmarks/part13/non-incremental/QF_BV/sage/app12/bench_2728.smt2,5.48054,0,59,成功
/pub/data/jiafq/iscas/Parser_Comparison/../benchmarks/part13/non-incremental/QF_BV/sage/app12/bench_2729.smt2,5.2713,0,60,成功
/pub/data/jiafq/iscas/Parser_Comparison/../benchmarks/part13/non-incremental/QF_BV/sage/app12/bench_273.smt2,11.2499,0,133,成功
/pub/data/jiafq/iscas/Parser_Comparison/../benchmarks/part13/non-incremental/QF_BV/sage/app12/bench_2730.smt2,2.90677,0,51,成功
/pub/data/jiafq/iscas/Parser_Comparison/../benchmarks/part13/non-incremental/QF_BV/sage/app12/bench_2731.smt2,2.74647,0,51,成功
/pub/data/jiafq/iscas/Parser_Comparison/../benchmarks/part13/non-incremental/QF_BV/sage/app12/bench_2732.smt2,3.75314,0,46,成功
/pub/data/jiafq/iscas/Parser_Comparison/../benchmarks/part13/non-incremental/QF_BV/sage/app12/bench_2733.smt2,2.4689,0,40,成功
/pub/data/jiafq/iscas/Parser_Comparison/../benchmarks/part13/non-incremental/QF_BV/sage/app12/bench_2734.smt2,3.67562,0,40,成功
/pub/data/jiafq/iscas/Parser_Comparison/../benchmarks/part13/non-incremental/QF_BV/sage/app12/bench_2735.smt2,4.07563,0,35,成功
/pub/data/jiafq/iscas/Parser_Comparison/../benchmarks/part13/non-incremental/QF_BV/sage/app12/bench_2736.smt2,114.888,0,2930,成功
/pub/data/jiafq/iscas/Parser_Comparison/../benchmarks/part13/non-incremental/QF_BV/sage/app12/bench_2737.smt2,1.63716,0,10,成功
/pub/data/jiafq/iscas/Parser_Comparison/../benchmarks/part13/non-incremental/QF_BV/sage/app12/bench_2738.smt2,1.7093,0,5,成功
/pub/data/jiafq/iscas/Parser_Comparison/../benchmarks/part13/non-incremental/QF_BV/sage/app12/bench_2739.smt2,3.29102,0,59,成功
/pub/data/jiafq/iscas/Parser_Comparison/../benchmarks/part13/non-incremental/QF_BV/sage/app12/bench_274.smt2,6.56577,0,131,成功
/pub/data/jiafq/iscas/Parser_Comparison/../benchmarks/part13/non-incremental/QF_BV/sage/app12/bench_2740.smt2,4.16842,0,59,成功
/pub/data/jiafq/iscas/Parser_Comparison/../benchmarks/part13/non-incremental/QF_BV/sage/app12/bench_2741.smt2,3.22286,0,60,成功
/pub/data/jiafq/iscas/Parser_Comparison/../benchmarks/part13/non-incremental/QF_BV/sage/app12/bench_2742.smt2,3.04698,0,55,成功
/pub/data/jiafq/iscas/Parser_Comparison/../benchmarks/part13/non-incremental/QF_BV/sage/app12/bench_2743.smt2,3.02733,0,50,成功
/pub/data/jiafq/iscas/Parser_Comparison/../benchmarks/part13/non-incremental/QF_BV/sage/app12/bench_2744.smt2,3.52941,0,49,成功
/pub/data/jiafq/iscas/Parser_Comparison/../benchmarks/part13/non-incremental/QF_BV/sage/app12/bench_2745.smt2,3.94684,0,50,成功
/pub/data/jiafq/iscas/Parser_Comparison/../benchmarks/part13/non-incremental/QF_BV/sage/app12/bench_2746.smt2,3.52634,0,48,成功
/pub/data/jiafq/iscas/Parser_Comparison/../benchmarks/part13/non-incremental/QF_BV/sage/app12/bench_2747.smt2,4.28317,0,72,成功
/pub/data/jiafq/iscas/Parser_Comparison/../benchmarks/part13/non-incremental/QF_BV/sage/app12/bench_2748.smt2,2.67596,0,49,成功
/pub/data/jiafq/iscas/Parser_Comparison/../benchmarks/part13/non-incremental/QF_BV/sage/app12/bench_2749.smt2,2.68921,228,47,成功
/pub/data/jiafq/iscas/Parser_Comparison/../benchmarks/part13/non-incremental/QF_BV/sage/app12/bench_275.smt2,6.31224,0,131,成功
/pub/data/jiafq/iscas/Parser_Comparison/../benchmarks/part13/non-incremental/QF_BV/sage/app12/bench_2750.smt2,1.66167,0,12,成功
/pub/data/jiafq/iscas/Parser_Comparison/../benchmarks/part13/non-incremental/QF_BV/sage/app12/bench_2751.smt2,1.48337,0,6,成功
/pub/data/jiafq/iscas/Parser_Comparison/../benchmarks/part13/non-incremental/QF_BV/sage/app12/bench_2752.smt2,1.61342,0,9,成功
/pub/data/jiafq/iscas/Parser_Comparison/../benchmarks/part13/non-incremental/QF_BV/sage/app12/bench_2753.smt2,1.6421,0,6,成功
/pub/data/jiafq/iscas/Parser_Comparison/../benchmarks/part13/non-incremental/QF_BV/sage/app12/bench_2754.smt2,4.27673,0,50,成功
/pub/data/jiafq/iscas/Parser_Comparison/../benchmarks/part13/non-incremental/QF_BV/sage/app12/bench_2755.smt2,3.37286,0,44,成功
/pub/data/jiafq/iscas/Parser_Comparison/../benchmarks/part13/non-incremental/QF_BV/sage/app12/bench_2756.smt2,2.53896,0,43,成功
/pub/data/jiafq/iscas/Parser_Comparison/../benchmarks/part13/non-incremental/QF_BV/sage/app12/bench_2757.smt2,2.68148,0,41,成功
/pub/data/jiafq/iscas/Parser_Comparison/../benchmarks/part13/non-incremental/QF_BV/sage/app12/bench_2758.smt2,3.59933,0,72,成功
/pub/data/jiafq/iscas/Parser_Comparison/../benchmarks/part13/non-incremental/QF_BV/sage/app12/bench_2759.smt2,2.41989,0,41,成功
/pub/data/jiafq/iscas/Parser_Comparison/../benchmarks/part13/non-incremental/QF_BV/sage/app12/bench_276.smt2,6.75412,0,129,成功
/pub/data/jiafq/iscas/Parser_Comparison/../benchmarks/part13/non-incremental/QF_BV/sage/app12/bench_2760.smt2,3.31623,0,42,成功
/pub/data/jiafq/iscas/Parser_Comparison/../benchmarks/part13/non-incremental/QF_BV/sage/app12/bench_2761.smt2,2.23804,0,37,成功
/pub/data/jiafq/iscas/Parser_Comparison/../benchmarks/part13/non-incremental/QF_BV/sage/app12/bench_2762.smt2,2.72794,0,62,成功
/pub/data/jiafq/iscas/Parser_Comparison/../benchmarks/part13/non-incremental/QF_BV/sage/app12/bench_2763.smt2,2.68664,0,59,成功
/pub/data/jiafq/iscas/Parser_Comparison/../benchmarks/part13/non-incremental/QF_BV/sage/app12/bench_2764.smt2,2.60182,0,60,成功
/pub/data/jiafq/iscas/Parser_Comparison/../benchmarks/part13/non-incremental/QF_BV/sage/app12/bench_2765.smt2,2.76247,0,51,成功
/pub/data/jiafq/iscas/Parser_Comparison/../benchmarks/part13/non-incremental/QF_BV/sage/app12/bench_2766.smt2,4.81972,0,51,成功
/pub/data/jiafq/iscas/Parser_Comparison/../benchmarks/part13/non-incremental/QF_BV/sage/app12/bench_2767.smt2,3.19757,0,46,成功
/pub/data/jiafq/iscas/Parser_Comparison/../benchmarks/part13/non-incremental/QF_BV/sage/app12/bench_2768.smt2,2.19465,0,40,成功
/pub/data/jiafq/iscas/Parser_Comparison/../benchmarks/part13/non-incremental/QF_BV/sage/app12/bench_2769.smt2,5.24356,0,68,成功
/pub/data/jiafq/iscas/Parser_Comparison/../benchmarks/part13/non-incremental/QF_BV/sage/app12/bench_277.smt2,5.50529,0,128,成功
/pub/data/jiafq/iscas/Parser_Comparison/../benchmarks/part13/non-incremental/QF_BV/sage/app12/bench_2770.smt2,2.30211,0,40,成功
/pub/data/jiafq/iscas/Parser_Comparison/../benchmarks/part13/non-incremental/QF_BV/sage/app12/bench_2771.smt2,3.28045,0,35,成功
/pub/data/jiafq/iscas/Parser_Comparison/../benchmarks/part13/non-incremental/QF_BV/sage/app12/bench_2772.smt2,1.62084,0,10,成功
/pub/data/jiafq/iscas/Parser_Comparison/../benchmarks/part13/non-incremental/QF_BV/sage/app12/bench_2773.smt2,2.31572,0,5,成功
/pub/data/jiafq/iscas/Parser_Comparison/../benchmarks/part13/non-incremental/QF_BV/sage/app12/bench_2774.smt2,3.05989,220,57,成功
/pub/data/jiafq/iscas/Parser_Comparison/../benchmarks/part13/non-incremental/QF_BV/sage/app12/bench_2775.smt2,3.26701,0,57,成功
/pub/data/jiafq/iscas/Parser_Comparison/../benchmarks/part13/non-incremental/QF_BV/sage/app12/bench_2776.smt2,4.36182,0,58,成功
/pub/data/jiafq/iscas/Parser_Comparison/../benchmarks/part13/non-incremental/QF_BV/sage/app12/bench_2777.smt2,2.95459,0,53,成功
/pub/data/jiafq/iscas/Parser_Comparison/../benchmarks/part13/non-incremental/QF_BV/sage/app12/bench_2778.smt2,3.49418,0,50,成功
/pub/data/jiafq/iscas/Parser_Comparison/../benchmarks/part13/non-incremental/QF_BV/sage/app12/bench_2779.smt2,3.04417,0,50,成功
/pub/data/jiafq/iscas/Parser_Comparison/../benchmarks/part13/non-incremental/QF_BV/sage/app12/bench_278.smt2,5.63789,0,128,成功
/pub/data/jiafq/iscas/Parser_Comparison/../benchmarks/part13/non-incremental/QF_BV/sage/app12/bench_2780.smt2,136.646,220,3144,成功
/pub/data/jiafq/iscas/Parser_Comparison/../benchmarks/part13/non-incremental/QF_BV/sage/app12/bench_2781.smt2,115.388,0,2930,成功
/pub/data/jiafq/iscas/Parser_Comparison/../benchmarks/part13/non-incremental/QF_BV/sage/app12/bench_2782.smt2,5.72379,0,48,成功
/pub/data/jiafq/iscas/Parser_Comparison/../benchmarks/part13/non-incremental/QF_BV/sage/app12/bench_2783.smt2,4.73373,0,49,成功
/pub/data/jiafq/iscas/Parser_Comparison/../benchmarks/part13/non-incremental/QF_BV/sage/app12/bench_2784.smt2,2.75718,0,47,成功
/pub/data/jiafq/iscas/Parser_Comparison/../benchmarks/part13/non-incremental/QF_BV/sage/app12/bench_2785.smt2,1.73019,0,12,成功
/pub/data/jiafq/iscas/Parser_Comparison/../benchmarks/part13/non-incremental/QF_BV/sage/app12/bench_2786.smt2,1.48727,0,6,成功
/pub/data/jiafq/iscas/Parser_Comparison/../benchmarks/part13/non-incremental/QF_BV/sage/app12/bench_2787.smt2,1.64846,0,9,成功
/pub/data/jiafq/iscas/Parser_Comparison/../benchmarks/part13/non-incremental/QF_BV/sage/app12/bench_2788.smt2,1.84991,0,6,成功
/pub/data/jiafq/iscas/Parser_Comparison/../benchmarks/part13/non-incremental/QF_BV/sage/app12/bench_2789.smt2,2.80305,0,50,成功
/pub/data/jiafq/iscas/Parser_Comparison/../benchmarks/part13/non-incremental/QF_BV/sage/app12/bench_279.smt2,5.58797,0,127,成功
/pub/data/jiafq/iscas/Parser_Comparison/../benchmarks/part13/non-incremental/QF_BV/sage/app12/bench_2790.smt2,2.66117,0,44,成功
/pub/data/jiafq/iscas/Parser_Comparison/../benchmarks/part13/non-incremental/QF_BV/sage/app12/bench_2791.smt2,4.54065,0,43,成功
/pub/data/jiafq/iscas/Parser_Comparison/../benchmarks/part13/non-incremental/QF_BV/sage/app12/bench_2792.smt2,119.962,0,2926,成功
/pub/data/jiafq/iscas/Parser_Comparison/../benchmarks/part13/non-incremental/QF_BV/sage/app12/bench_2793.smt2,3.32701,0,41,成功
/pub/data/jiafq/iscas/Parser_Comparison/../benchmarks/part13/non-incremental/QF_BV/sage/app12/bench_2794.smt2,2.62506,0,41,成功
/pub/data/jiafq/iscas/Parser_Comparison/../benchmarks/part13/non-incremental/QF_BV/sage/app12/bench_2795.smt2,7.26814,204,42,成功
/pub/data/jiafq/iscas/Parser_Comparison/../benchmarks/part13/non-incremental/QF_BV/sage/app12/bench_2796.smt2,4.61412,0,37,成功
/pub/data/jiafq/iscas/Parser_Comparison/../benchmarks/part13/non-incremental/QF_BV/sage/app12/bench_2797.smt2,2.73325,0,62,成功
/pub/data/jiafq/iscas/Parser_Comparison/../benchmarks/part13/non-incremental/QF_BV/sage/app12/bench_2798.smt2,3.47441,0,59,成功
/pub/data/jiafq/iscas/Parser_Comparison/../benchmarks/part13/non-incremental/QF_BV/sage/app12/bench_2799.smt2,3.04631,0,60,成功
/pub/data/jiafq/iscas/Parser_Comparison/../benchmarks/part13/non-incremental/QF_BV/sage/app12/bench_28.smt2,2.26454,0,21,成功
/pub/data/jiafq/iscas/Parser_Comparison/../benchmarks/part13/non-incremental/QF_BV/sage/app12/bench_280.smt2,12.1514,0,127,成功
/pub/data/jiafq/iscas/Parser_Comparison/../benchmarks/part13/non-incremental/QF_BV/sage/app12/bench_2800.smt2,3.1647,0,51,成功
/pub/data/jiafq/iscas/Parser_Comparison/../benchmarks/part13/non-incremental/QF_BV/sage/app12/bench_2801.smt2,2.46833,0,51,成功
/pub/data/jiafq/iscas/Parser_Comparison/../benchmarks/part13/non-incremental/QF_BV/sage/app12/bench_2802.smt2,2.55096,0,46,成功
/pub/data/jiafq/iscas/Parser_Comparison/../benchmarks/part13/non-incremental/QF_BV/sage/app12/bench_2803.smt2,117.937,0,2926,成功
/pub/data/jiafq/iscas/Parser_Comparison/../benchmarks/part13/non-incremental/QF_BV/sage/app12/bench_2804.smt2,2.32017,0,40,成功
/pub/data/jiafq/iscas/Parser_Comparison/../benchmarks/part13/non-incremental/QF_BV/sage/app12/bench_2805.smt2,4.38133,0,40,成功
/pub/data/jiafq/iscas/Parser_Comparison/../benchmarks/part13/non-incremental/QF_BV/sage/app12/bench_2806.smt2,2.08115,0,35,成功
/pub/data/jiafq/iscas/Parser_Comparison/../benchmarks/part13/non-incremental/QF_BV/sage/app12/bench_2807.smt2,1.63169,0,10,成功
/pub/data/jiafq/iscas/Parser_Comparison/../benchmarks/part13/non-incremental/QF_BV/sage/app12/bench_2808.smt2,2.82934,0,5,成功
/pub/data/jiafq/iscas/Parser_Comparison/../benchmarks/part13/non-incremental/QF_BV/sage/app12/bench_2809.smt2,3.3222,0,57,成功
/pub/data/jiafq/iscas/Parser_Comparison/../benchmarks/part13/non-incremental/QF_BV/sage/app12/bench_281.smt2,124.689,0,3119,成功
/pub/data/jiafq/iscas/Parser_Comparison/../benchmarks/part13/non-incremental/QF_BV/sage/app12/bench_2810.smt2,2.97411,0,57,成功
/pub/data/jiafq/iscas/Parser_Comparison/../benchmarks/part13/non-incremental/QF_BV/sage/app12/bench_2811.smt2,2.94062,0,58,成功
/pub/data/jiafq/iscas/Parser_Comparison/../benchmarks/part13/non-incremental/QF_BV/sage/app12/bench_2812.smt2,3.22458,0,53,成功
/pub/data/jiafq/iscas/Parser_Comparison/../benchmarks/part13/non-incremental/QF_BV/sage/app12/bench_2813.smt2,3.61867,0,50,成功
/pub/data/jiafq/iscas/Parser_Comparison/../benchmarks/part13/non-incremental/QF_BV/sage/app12/bench_2814.smt2,118.677,228,2922,成功
/pub/data/jiafq/iscas/Parser_Comparison/../benchmarks/part13/non-incremental/QF_BV/sage/app12/bench_2815.smt2,5.2917,0,50,成功
/pub/data/jiafq/iscas/Parser_Comparison/../benchmarks/part13/non-incremental/QF_BV/sage/app12/bench_2816.smt2,2.96544,0,48,成功
/pub/data/jiafq/iscas/Parser_Comparison/../benchmarks/part13/non-incremental/QF_BV/sage/app12/bench_2817.smt2,3.27544,0,49,成功
/pub/data/jiafq/iscas/Parser_Comparison/../benchmarks/part13/non-incremental/QF_BV/sage/app12/bench_2818.smt2,3.01743,0,47,成功
/pub/data/jiafq/iscas/Parser_Comparison/../benchmarks/part13/non-incremental/QF_BV/sage/app12/bench_2819.smt2,1.98259,0,12,成功
/pub/data/jiafq/iscas/Parser_Comparison/../benchmarks/part13/non-incremental/QF_BV/sage/app12/bench_282.smt2,5.59571,0,125,成功
/pub/data/jiafq/iscas/Parser_Comparison/../benchmarks/part13/non-incremental/QF_BV/sage/app12/bench_2820.smt2,1.56292,0,6,成功
/pub/data/jiafq/iscas/Parser_Comparison/../benchmarks/part13/non-incremental/QF_BV/sage/app12/bench_2821.smt2,1.71975,0,9,成功
/pub/data/jiafq/iscas/Parser_Comparison/../benchmarks/part13/non-incremental/QF_BV/sage/app12/bench_2822.smt2,2.51808,0,6,成功
/pub/data/jiafq/iscas/Parser_Comparison/../benchmarks/part13/non-incremental/QF_BV/sage/app12/bench_2823.smt2,5.57708,0,50,成功
/pub/data/jiafq/iscas/Parser_Comparison/../benchmarks/part13/non-incremental/QF_BV/sage/app12/bench_2824.smt2,4.03977,0,44,成功
/pub/data/jiafq/iscas/Parser_Comparison/../benchmarks/part13/non-incremental/QF_BV/sage/app12/bench_2825.smt2,3.26796,0,68,成功
/pub/data/jiafq/iscas/Parser_Comparison/../benchmarks/part13/non-incremental/QF_BV/sage/app12/bench_2826.smt2,2.77366,0,43,成功
/pub/data/jiafq/iscas/Parser_Comparison/../benchmarks/part13/non-incremental/QF_BV/sage/app12/bench_2827.smt2,2.4598,224,41,成功
/pub/data/jiafq/iscas/Parser_Comparison/../benchmarks/part13/non-incremental/QF_BV/sage/app12/bench_2828.smt2,4.82901,0,41,成功
/pub/data/jiafq/iscas/Parser_Comparison/../benchmarks/part13/non-incremental/QF_BV/sage/app12/bench_2829.smt2,4.98596,0,42,成功
/pub/data/jiafq/iscas/Parser_Comparison/../benchmarks/part13/non-incremental/QF_BV/sage/app12/bench_283.smt2,5.27165,0,123,成功
/pub/data/jiafq/iscas/Parser_Comparison/../benchmarks/part13/non-incremental/QF_BV/sage/app12/bench_2830.smt2,2.21281,0,37,成功
/pub/data/jiafq/iscas/Parser_Comparison/../benchmarks/part13/non-incremental/QF_BV/sage/app12/bench_2831.smt2,2.8039,0,62,成功
/pub/data/jiafq/iscas/Parser_Comparison/../benchmarks/part13/non-incremental/QF_BV/sage/app12/bench_2832.smt2,5.22618,0,59,成功
/pub/data/jiafq/iscas/Parser_Comparison/../benchmarks/part13/non-incremental/QF_BV/sage/app12/bench_2833.smt2,2.54494,0,60,成功
/pub/data/jiafq/iscas/Parser_Comparison/../benchmarks/part13/non-incremental/QF_BV/sage/app12/bench_2834.smt2,3.49953,0,51,成功
/pub/data/jiafq/iscas/Parser_Comparison/../benchmarks/part13/non-incremental/QF_BV/sage/app12/bench_2835.smt2,4.25383,0,51,成功
/pub/data/jiafq/iscas/Parser_Comparison/../benchmarks/part13/non-incremental/QF_BV/sage/app12/bench_2836.smt2,116.608,0,2922,成功
/pub/data/jiafq/iscas/Parser_Comparison/../benchmarks/part13/non-incremental/QF_BV/sage/app12/bench_2837.smt2,2.51614,0,46,成功
/pub/data/jiafq/iscas/Parser_Comparison/../benchmarks/part13/non-incremental/QF_BV/sage/app12/bench_2838.smt2,2.69104,0,40,成功
/pub/data/jiafq/iscas/Parser_Comparison/../benchmarks/part13/non-incremental/QF_BV/sage/app12/bench_2839.smt2,2.80479,0,40,成功
/pub/data/jiafq/iscas/Parser_Comparison/../benchmarks/part13/non-incremental/QF_BV/sage/app12/bench_284.smt2,6.86333,0,123,成功
/pub/data/jiafq/iscas/Parser_Comparison/../benchmarks/part13/non-incremental/QF_BV/sage/app12/bench_2840.smt2,2.09165,0,35,成功
/pub/data/jiafq/iscas/Parser_Comparison/../benchmarks/part13/non-incremental/QF_BV/sage/app12/bench_2841.smt2,1.93218,0,10,成功
/pub/data/jiafq/iscas/Parser_Comparison/../benchmarks/part13/non-incremental/QF_BV/sage/app12/bench_2842.smt2,1.4118,0,5,成功
/pub/data/jiafq/iscas/Parser_Comparison/../benchmarks/part13/non-incremental/QF_BV/sage/app12/bench_2843.smt2,3.56485,0,67,成功
/pub/data/jiafq/iscas/Parser_Comparison/../benchmarks/part13/non-incremental/QF_BV/sage/app12/bench_2844.smt2,3.6404,0,67,成功
/pub/data/jiafq/iscas/Parser_Comparison/../benchmarks/part13/non-incremental/QF_BV/sage/app12/bench_2845.smt2,3.66811,0,68,成功
/pub/data/jiafq/iscas/Parser_Comparison/../benchmarks/part13/non-incremental/QF_BV/sage/app12/bench_2846.smt2,5.32249,0,63,成功
/pub/data/jiafq/iscas/Parser_Comparison/../benchmarks/part13/non-incremental/QF_BV/sage/app12/bench_2847.smt2,123.124,0,2922,成功
/pub/data/jiafq/iscas/Parser_Comparison/../benchmarks/part13/non-incremental/QF_BV/sage/app12/bench_2848.smt2,5.07612,0,60,成功
/pub/data/jiafq/iscas/Parser_Comparison/../benchmarks/part13/non-incremental/QF_BV/sage/app12/bench_2849.smt2,3.40563,0,56,成功
/pub/data/jiafq/iscas/Parser_Comparison/../benchmarks/part13/non-incremental/QF_BV/sage/app12/bench_285.smt2,5.62954,0,119,成功
/pub/data/jiafq/iscas/Parser_Comparison/../benchmarks/part13/non-incremental/QF_BV/sage/app12/bench_2850.smt2,3.27713,0,58,成功
/pub/data/jiafq/iscas/Parser_Comparison/../benchmarks/part13/non-incremental/QF_BV/sage/app12/bench_2851.smt2,2.99325,0,54,成功
/pub/data/jiafq/iscas/Parser_Comparison/../benchmarks/part13/non-incremental/QF_BV/sage/app12/bench_2852.smt2,3.47061,0,54,成功
/pub/data/jiafq/iscas/Parser_Comparison/../benchmarks/part13/non-incremental/QF_BV/sage/app12/bench_2853.smt2,5.10965,0,55,成功
/pub/data/jiafq/iscas/Parser_Comparison/../benchmarks/part13/non-incremental/QF_BV/sage/app12/bench_2854.smt2,2.91283,0,53,成功
/pub/data/jiafq/iscas/Parser_Comparison/../benchmarks/part13/non-incremental/QF_BV/sage/app12/bench_2855.smt2,1.5919,0,12,成功
/pub/data/jiafq/iscas/Parser_Comparison/../benchmarks/part13/non-incremental/QF_BV/sage/app12/bench_2856.smt2,2.77415,0,6,成功
/pub/data/jiafq/iscas/Parser_Comparison/../benchmarks/part13/non-incremental/QF_BV/sage/app12/bench_2857.smt2,1.73645,0,9,成功
/pub/data/jiafq/iscas/Parser_Comparison/../benchmarks/part13/non-incremental/QF_BV/sage/app12/bench_2858.smt2,124.964,0,2918,成功
/pub/data/jiafq/iscas/Parser_Comparison/../benchmarks/part13/non-incremental/QF_BV/sage/app12/bench_2859.smt2,2.7687,0,6,成功
/pub/data/jiafq/iscas/Parser_Comparison/../benchmarks/part13/non-incremental/QF_BV/sage/app12/bench_286.smt2,6.70894,0,118,成功
/pub/data/jiafq/iscas/Parser_Comparison/../benchmarks/part13/non-incremental/QF_BV/sage/app12/bench_2860.smt2,6.28576,0,56,成功
/pub/data/jiafq/iscas/Parser_Comparison/../benchmarks/part13/non-incremental/QF_BV/sage/app12/bench_2861.smt2,3.48758,228,50,成功
/pub/data/jiafq/iscas/Parser_Comparison/../benchmarks/part13/non-incremental/QF_BV/sage/app12/bench_2862.smt2,2.855,0,49,成功
/pub/data/jiafq/iscas/Parser_Comparison/../benchmarks/part13/non-incremental/QF_BV/sage/app12/bench_2863.smt2,3.0409,0,47,成功
/pub/data/jiafq/iscas/Parser_Comparison/../benchmarks/part13/non-incremental/QF_BV/sage/app12/bench_2864.smt2,2.9309,0,46,成功
/pub/data/jiafq/iscas/Parser_Comparison/../benchmarks/part13/non-incremental/QF_BV/sage/app12/bench_2865.smt2,5.36204,0,45,成功
/pub/data/jiafq/iscas/Parser_Comparison/../benchmarks/part13/non-incremental/QF_BV/sage/app12/bench_2866.smt2,3.24811,0,43,成功
/pub/data/jiafq/iscas/Parser_Comparison/../benchmarks/part13/non-incremental/QF_BV/sage/app12/bench_2867.smt2,4.51973,0,41,成功
/pub/data/jiafq/iscas/Parser_Comparison/../benchmarks/part13/non-incremental/QF_BV/sage/app12/bench_2868.smt2,2.82246,0,41,成功
/pub/data/jiafq/iscas/Parser_Comparison/../benchmarks/part13/non-incremental/QF_BV/sage/app12/bench_2869.smt2,120.659,0,2918,成功
/pub/data/jiafq/iscas/Parser_Comparison/../benchmarks/part13/non-incremental/QF_BV/sage/app12/bench_287.smt2,6.04748,0,116,成功
/pub/data/jiafq/iscas/Parser_Comparison/../benchmarks/part13/non-incremental/QF_BV/sage/app12/bench_2870.smt2,3.68669,0,42,成功
/pub/data/jiafq/iscas/Parser_Comparison/../benchmarks/part13/non-incremental/QF_BV/sage/app12/bench_2871.smt2,2.47272,0,37,成功
/pub/data/jiafq/iscas/Parser_Comparison/../benchmarks/part13/non-incremental/QF_BV/sage/app12/bench_2872.smt2,5.37174,0,62,成功
/pub/data/jiafq/iscas/Parser_Comparison/../benchmarks/part13/non-incremental/QF_BV/sage/app12/bench_2873.smt2,3.25652,0,59,成功
/pub/data/jiafq/iscas/Parser_Comparison/../benchmarks/part13/non-incremental/QF_BV/sage/app12/bench_2874.smt2,2.81667,0,60,成功
/pub/data/jiafq/iscas/Parser_Comparison/../benchmarks/part13/non-incremental/QF_BV/sage/app12/bench_2875.smt2,2.50572,0,51,成功
/pub/data/jiafq/iscas/Parser_Comparison/../benchmarks/part13/non-incremental/QF_BV/sage/app12/bench_2876.smt2,2.96481,0,51,成功
/pub/data/jiafq/iscas/Parser_Comparison/../benchmarks/part13/non-incremental/QF_BV/sage/app12/bench_2877.smt2,2.35899,0,46,成功
/pub/data/jiafq/iscas/Parser_Comparison/../benchmarks/part13/non-incremental/QF_BV/sage/app12/bench_2878.smt2,2.26327,0,40,成功
/pub/data/jiafq/iscas/Parser_Comparison/../benchmarks/part13/non-incremental/QF_BV/sage/app12/bench_2879.smt2,2.29988,0,40,成功
/pub/data/jiafq/iscas/Parser_Comparison/../benchmarks/part13/non-incremental/QF_BV/sage/app12/bench_288.smt2,2.66597,0,39,成功
/pub/data/jiafq/iscas/Parser_Comparison/../benchmarks/part13/non-incremental/QF_BV/sage/app12/bench_2880.smt2,3.19829,0,68,成功
/pub/data/jiafq/iscas/Parser_Comparison/../benchmarks/part13/non-incremental/QF_BV/sage/app12/bench_2881.smt2,2.19866,0,35,成功
/pub/data/jiafq/iscas/Parser_Comparison/../benchmarks/part13/non-incremental/QF_BV/sage/app12/bench_2882.smt2,1.60314,0,10,成功
/pub/data/jiafq/iscas/Parser_Comparison/../benchmarks/part13/non-incremental/QF_BV/sage/app12/bench_2883.smt2,1.44439,0,5,成功
/pub/data/jiafq/iscas/Parser_Comparison/../benchmarks/part13/non-incremental/QF_BV/sage/app12/bench_2884.smt2,4.75817,0,71,成功
/pub/data/jiafq/iscas/Parser_Comparison/../benchmarks/part13/non-incremental/QF_BV/sage/app12/bench_2885.smt2,4.58451,0,71,成功
/pub/data/jiafq/iscas/Parser_Comparison/../benchmarks/part13/non-incremental/QF_BV/sage/app12/bench_2886.smt2,3.49021,0,72,成功
/pub/data/jiafq/iscas/Parser_Comparison/../benchmarks/part13/non-incremental/QF_BV/sage/app12/bench_2887.smt2,5.91286,0,67,成功
/pub/data/jiafq/iscas/Parser_Comparison/../benchmarks/part13/non-incremental/QF_BV/sage/app12/bench_2888.smt2,4.06338,0,60,成功
/pub/data/jiafq/iscas/Parser_Comparison/../benchmarks/part13/non-incremental/QF_BV/sage/app12/bench_2889.smt2,3.41949,0,60,成功
/pub/data/jiafq/iscas/Parser_Comparison/../benchmarks/part13/non-incremental/QF_BV/sage/app12/bench_289.smt2,5.04081,0,115,成功
/pub/data/jiafq/iscas/Parser_Comparison/../benchmarks/part13/non-incremental/QF_BV/sage/app12/bench_2890.smt2,5.16391,0,56,成功
/pub/data/jiafq/iscas/Parser_Comparison/../benchmarks/part13/non-incremental/QF_BV/sage/app12/bench_2891.smt2,127.774,0,3144,成功
/pub/data/jiafq/iscas/Parser_Comparison/../benchmarks/part13/non-incremental/QF_BV/sage/app12/bench_2892.smt2,117.231,0,2918,成功
/pub/data/jiafq/iscas/Parser_Comparison/../benchmarks/part13/non-incremental/QF_BV/sage/app12/bench_2893.smt2,4.16311,0,58,成功
/pub/data/jiafq/iscas/Parser_Comparison/../benchmarks/part13/non-incremental/QF_BV/sage/app12/bench_2894.smt2,4.21752,0,54,成功
/pub/data/jiafq/iscas/Parser_Comparison/../benchmarks/part13/non-incremental/QF_BV/sage/app12/bench_2895.smt2,4.0523,0,54,成功
/pub/data/jiafq/iscas/Parser_Comparison/../benchmarks/part13/non-incremental/QF_BV/sage/app12/bench_2896.smt2,3.27094,0,55,成功
/pub/data/jiafq/iscas/Parser_Comparison/../benchmarks/part13/non-incremental/QF_BV/sage/app12/bench_2897.smt2,2.93407,0,53,成功
/pub/data/jiafq/iscas/Parser_Comparison/../benchmarks/part13/non-incremental/QF_BV/sage/app12/bench_2898.smt2,1.58751,0,12,成功
/pub/data/jiafq/iscas/Parser_Comparison/../benchmarks/part13/non-incremental/QF_BV/sage/app12/bench_2899.smt2,1.93205,0,6,成功
/pub/data/jiafq/iscas/Parser_Comparison/../benchmarks/part13/non-incremental/QF_BV/sage/app12/bench_29.smt2,3.97086,0,83,成功
/pub/data/jiafq/iscas/Parser_Comparison/../benchmarks/part13/non-incremental/QF_BV/sage/app12/bench_290.smt2,4.71397,0,115,成功
/pub/data/jiafq/iscas/Parser_Comparison/../benchmarks/part13/non-incremental/QF_BV/sage/app12/bench_2900.smt2,1.86505,0,9,成功
/pub/data/jiafq/iscas/Parser_Comparison/../benchmarks/part13/non-incremental/QF_BV/sage/app12/bench_2901.smt2,2.67163,0,6,成功
/pub/data/jiafq/iscas/Parser_Comparison/../benchmarks/part13/non-incremental/QF_BV/sage/app12/bench_2902.smt2,5.71848,0,56,成功
/pub/data/jiafq/iscas/Parser_Comparison/../benchmarks/part13/non-incremental/QF_BV/sage/app12/bench_2903.smt2,3.37228,0,68,成功
/pub/data/jiafq/iscas/Parser_Comparison/../benchmarks/part13/non-incremental/QF_BV/sage/app12/bench_2904.smt2,3.75116,228,50,成功
/pub/data/jiafq/iscas/Parser_Comparison/../benchmarks/part13/non-incremental/QF_BV/sage/app12/bench_2905.smt2,3.24823,0,49,成功
/pub/data/jiafq/iscas/Parser_Comparison/../benchmarks/part13/non-incremental/QF_BV/sage/app12/bench_2906.smt2,2.61073,0,47,成功
/pub/data/jiafq/iscas/Parser_Comparison/../benchmarks/part13/non-incremental/QF_BV/sage/app12/bench_2907.smt2,3.58312,0,46,成功
/pub/data/jiafq/iscas/Parser_Comparison/../benchmarks/part13/non-incremental/QF_BV/sage/app12/bench_2908.smt2,4.24111,0,45,成功
/pub/data/jiafq/iscas/Parser_Comparison/../benchmarks/part13/non-incremental/QF_BV/sage/app12/bench_2909.smt2,2.57386,0,43,成功
/pub/data/jiafq/iscas/Parser_Comparison/../benchmarks/part13/non-incremental/QF_BV/sage/app12/bench_291.smt2,7.30549,0,114,成功
/pub/data/jiafq/iscas/Parser_Comparison/../benchmarks/part13/non-incremental/QF_BV/sage/app12/bench_2910.smt2,2.51883,0,41,成功
/pub/data/jiafq/iscas/Parser_Comparison/../benchmarks/part13/non-incremental/QF_BV/sage/app12/bench_2911.smt2,2.64218,0,41,成功
/pub/data/jiafq/iscas/Parser_Comparison/../benchmarks/part13/non-incremental/QF_BV/sage/app12/bench_2912.smt2,2.94165,0,42,成功
/pub/data/jiafq/iscas/Parser_Comparison/../benchmarks/part13/non-incremental/QF_BV/sage/app12/bench_2913.smt2,4.35958,0,37,成功
/pub/data/jiafq/iscas/Parser_Comparison/../benchmarks/part13/non-incremental/QF_BV/sage/app12/bench_2914.smt2,118.458,0,2918,成功
/pub/data/jiafq/iscas/Parser_Comparison/../benchmarks/part13/non-incremental/QF_BV/sage/app12/bench_2915.smt2,2.77689,0,62,成功
/pub/data/jiafq/iscas/Parser_Comparison/../benchmarks/part13/non-incremental/QF_BV/sage/app12/bench_2916.smt2,2.85407,0,59,成功
/pub/data/jiafq/iscas/Parser_Comparison/../benchmarks/part13/non-incremental/QF_BV/sage/app12/bench_2917.smt2,2.62471,0,60,成功
/pub/data/jiafq/iscas/Parser_Comparison/../benchmarks/part13/non-incremental/QF_BV/sage/app12/bench_2918.smt2,5.0294,0,51,成功
/pub/data/jiafq/iscas/Parser_Comparison/../benchmarks/part13/non-incremental/QF_BV/sage/app12/bench_2919.smt2,4.26161,0,51,成功
/pub/data/jiafq/iscas/Parser_Comparison/../benchmarks/part13/non-incremental/QF_BV/sage/app12/bench_292.smt2,9.92767,0,119,成功
/pub/data/jiafq/iscas/Parser_Comparison/../benchmarks/part13/non-incremental/QF_BV/sage/app12/bench_2920.smt2,2.40824,0,46,成功
/pub/data/jiafq/iscas/Parser_Comparison/../benchmarks/part13/non-incremental/QF_BV/sage/app12/bench_2921.smt2,4.37639,0,40,成功
/pub/data/jiafq/iscas/Parser_Comparison/../benchmarks/part13/non-incremental/QF_BV/sage/app12/bench_2922.smt2,3.13015,0,40,成功
/pub/data/jiafq/iscas/Parser_Comparison/../benchmarks/part13/non-incremental/QF_BV/sage/app12/bench_2923.smt2,2.31283,0,35,成功
/pub/data/jiafq/iscas/Parser_Comparison/../benchmarks/part13/non-incremental/QF_BV/sage/app12/bench_2924.smt2,1.82862,0,10,成功
/pub/data/jiafq/iscas/Parser_Comparison/../benchmarks/part13/non-incremental/QF_BV/sage/app12/bench_2925.smt2,5.59533,0,65,成功
/pub/data/jiafq/iscas/Parser_Comparison/../benchmarks/part13/non-incremental/QF_BV/sage/app12/bench_2926.smt2,1.48153,0,5,成功
/pub/data/jiafq/iscas/Parser_Comparison/../benchmarks/part13/non-incremental/QF_BV/sage/app12/bench_2927.smt2,3.89852,0,71,成功
/pub/data/jiafq/iscas/Parser_Comparison/../benchmarks/part13/non-incremental/QF_BV/sage/app12/bench_2928.smt2,3.85909,0,71,成功
/pub/data/jiafq/iscas/Parser_Comparison/../benchmarks/part13/non-incremental/QF_BV/sage/app12/bench_2929.smt2,3.64922,0,72,成功
/pub/data/jiafq/iscas/Parser_Comparison/../benchmarks/part13/non-incremental/QF_BV/sage/app12/bench_293.smt2,4.58701,0,110,成功
/pub/data/jiafq/iscas/Parser_Comparison/../benchmarks/part13/non-incremental/QF_BV/sage/app12/bench_2930.smt2,4.37871,0,67,成功
/pub/data/jiafq/iscas/Parser_Comparison/../benchmarks/part13/non-incremental/QF_BV/sage/app12/bench_2931.smt2,7.88255,0,60,成功
/pub/data/jiafq/iscas/Parser_Comparison/../benchmarks/part13/non-incremental/QF_BV/sage/app12/bench_2932.smt2,6.84084,0,60,成功
/pub/data/jiafq/iscas/Parser_Comparison/../benchmarks/part13/non-incremental/QF_BV/sage/app12/bench_2933.smt2,4.66057,0,56,成功
/pub/data/jiafq/iscas/Parser_Comparison/../benchmarks/part13/non-incremental/QF_BV/sage/app12/bench_2934.smt2,3.72169,220,58,成功
/pub/data/jiafq/iscas/Parser_Comparison/../benchmarks/part13/non-incremental/QF_BV/sage/app12/bench_2935.smt2,6.8506,0,54,成功
/pub/data/jiafq/iscas/Parser_Comparison/../benchmarks/part13/non-incremental/QF_BV/sage/app12/bench_2936.smt2,4.04641,0,65,成功
/pub/data/jiafq/iscas/Parser_Comparison/../benchmarks/part13/non-incremental/QF_BV/sage/app12/bench_2937.smt2,3.81862,224,54,成功
/pub/data/jiafq/iscas/Parser_Comparison/../benchmarks/part13/non-incremental/QF_BV/sage/app12/bench_2938.smt2,3.08843,0,55,成功
/pub/data/jiafq/iscas/Parser_Comparison/../benchmarks/part13/non-incremental/QF_BV/sage/app12/bench_2939.smt2,2.94209,0,53,成功
/pub/data/jiafq/iscas/Parser_Comparison/../benchmarks/part13/non-incremental/QF_BV/sage/app12/bench_294.smt2,9.59673,0,107,成功
/pub/data/jiafq/iscas/Parser_Comparison/../benchmarks/part13/non-incremental/QF_BV/sage/app12/bench_2940.smt2,2.03542,0,12,成功
/pub/data/jiafq/iscas/Parser_Comparison/../benchmarks/part13/non-incremental/QF_BV/sage/app12/bench_2941.smt2,1.70089,0,6,成功
/pub/data/jiafq/iscas/Parser_Comparison/../benchmarks/part13/non-incremental/QF_BV/sage/app12/bench_2942.smt2,1.66934,0,9,成功
/pub/data/jiafq/iscas/Parser_Comparison/../benchmarks/part13/non-incremental/QF_BV/sage/app12/bench_2943.smt2,1.68942,0,6,成功
/pub/data/jiafq/iscas/Parser_Comparison/../benchmarks/part13/non-incremental/QF_BV/sage/app12/bench_2944.smt2,3.31735,224,56,成功
/pub/data/jiafq/iscas/Parser_Comparison/../benchmarks/part13/non-incremental/QF_BV/sage/app12/bench_2945.smt2,5.16129,0,50,成功
/pub/data/jiafq/iscas/Parser_Comparison/../benchmarks/part13/non-incremental/QF_BV/sage/app12/bench_2946.smt2,3.09103,0,49,成功
/pub/data/jiafq/iscas/Parser_Comparison/../benchmarks/part13/non-incremental/QF_BV/sage/app12/bench_2947.smt2,3.93598,0,65,成功
/pub/data/jiafq/iscas/Parser_Comparison/../benchmarks/part13/non-incremental/QF_BV/sage/app12/bench_2948.smt2,3.39107,0,47,成功
/pub/data/jiafq/iscas/Parser_Comparison/../benchmarks/part13/non-incremental/QF_BV/sage/app12/bench_2949.smt2,2.84874,0,46,成功
/pub/data/jiafq/iscas/Parser_Comparison/../benchmarks/part13/non-incremental/QF_BV/sage/app12/bench_295.smt2,8.3492,0,110,成功
/pub/data/jiafq/iscas/Parser_Comparison/../benchmarks/part13/non-incremental/QF_BV/sage/app12/bench_2950.smt2,2.85904,0,45,成功
/pub/data/jiafq/iscas/Parser_Comparison/../benchmarks/part13/non-incremental/QF_BV/sage/app12/bench_2951.smt2,2.6421,0,43,成功
/pub/data/jiafq/iscas/Parser_Comparison/../benchmarks/part13/non-incremental/QF_BV/sage/app12/bench_2952.smt2,3.13549,0,41,成功
/pub/data/jiafq/iscas/Parser_Comparison/../benchmarks/part13/non-incremental/QF_BV/sage/app12/bench_2953.smt2,2.72211,0,41,成功
/pub/data/jiafq/iscas/Parser_Comparison/../benchmarks/part13/non-incremental/QF_BV/sage/app12/bench_2954.smt2,2.616,0,42,成功
/pub/data/jiafq/iscas/Parser_Comparison/../benchmarks/part13/non-incremental/QF_BV/sage/app12/bench_2955.smt2,3.88449,0,37,成功
/pub/data/jiafq/iscas/Parser_Comparison/../benchmarks/part13/non-incremental/QF_BV/sage/app12/bench_2956.smt2,3.71038,0,62,成功
/pub/data/jiafq/iscas/Parser_Comparison/../benchmarks/part13/non-incremental/QF_BV/sage/app12/bench_2957.smt2,3.58939,224,59,成功
/pub/data/jiafq/iscas/Parser_Comparison/../benchmarks/part13/non-incremental/QF_BV/sage/app12/bench_2958.smt2,117.533,0,2918,成功
/pub/data/jiafq/iscas/Parser_Comparison/../benchmarks/part13/non-incremental/QF_BV/sage/app12/bench_2959.smt2,2.93072,0,60,成功
/pub/data/jiafq/iscas/Parser_Comparison/../benchmarks/part13/non-incremental/QF_BV/sage/app12/bench_296.smt2,4.46255,0,107,成功
/pub/data/jiafq/iscas/Parser_Comparison/../benchmarks/part13/non-incremental/QF_BV/sage/app12/bench_2960.smt2,3.49593,0,51,成功
/pub/data/jiafq/iscas/Parser_Comparison/../benchmarks/part13/non-incremental/QF_BV/sage/app12/bench_2961.smt2,2.64291,0,51,成功
/pub/data/jiafq/iscas/Parser_Comparison/../benchmarks/part13/non-incremental/QF_BV/sage/app12/bench_2962.smt2,2.4649,0,46,成功
/pub/data/jiafq/iscas/Parser_Comparison/../benchmarks/part13/non-incremental/QF_BV/sage/app12/bench_2963.smt2,2.19915,0,40,成功
/pub/data/jiafq/iscas/Parser_Comparison/../benchmarks/part13/non-incremental/QF_BV/sage/app12/bench_2964.smt2,2.3834,0,40,成功
/pub/data/jiafq/iscas/Parser_Comparison/../benchmarks/part13/non-incremental/QF_BV/sage/app12/bench_2965.smt2,3.52469,0,35,成功
/pub/data/jiafq/iscas/Parser_Comparison/../benchmarks/part13/non-incremental/QF_BV/sage/app12/bench_2966.smt2,1.85474,220,10,成功
/pub/data/jiafq/iscas/Parser_Comparison/../benchmarks/part13/non-incremental/QF_BV/sage/app12/bench_2967.smt2,1.69569,0,5,成功
/pub/data/jiafq/iscas/Parser_Comparison/../benchmarks/part13/non-incremental/QF_BV/sage/app12/bench_2968.smt2,3.89693,0,71,成功
/pub/data/jiafq/iscas/Parser_Comparison/../benchmarks/part13/non-incremental/QF_BV/sage/app12/bench_2969.smt2,122.823,0,2918,成功
/pub/data/jiafq/iscas/Parser_Comparison/../benchmarks/part13/non-incremental/QF_BV/sage/app12/bench_297.smt2,4.34673,0,104,成功
/pub/data/jiafq/iscas/Parser_Comparison/../benchmarks/part13/non-incremental/QF_BV/sage/app12/bench_2970.smt2,4.80959,0,71,成功
/pub/data/jiafq/iscas/Parser_Comparison/../benchmarks/part13/non-incremental/QF_BV/sage/app12/bench_2971.smt2,6.89879,0,72,成功
/pub/data/jiafq/iscas/Parser_Comparison/../benchmarks/part13/non-incremental/QF_BV/sage/app12/bench_2972.smt2,4.79159,0,67,成功
/pub/data/jiafq/iscas/Parser_Comparison/../benchmarks/part13/non-incremental/QF_BV/sage/app12/bench_2973.smt2,4.42265,0,60,成功
/pub/data/jiafq/iscas/Parser_Comparison/../benchmarks/part13/non-incremental/QF_BV/sage/app12/bench_2974.smt2,3.44535,0,60,成功
/pub/data/jiafq/iscas/Parser_Comparison/../benchmarks/part13/non-incremental/QF_BV/sage/app12/bench_2975.smt2,3.20038,0,56,成功
/pub/data/jiafq/iscas/Parser_Comparison/../benchmarks/part13/non-incremental/QF_BV/sage/app12/bench_2976.smt2,5.49491,0,58,成功
/pub/data/jiafq/iscas/Parser_Comparison/../benchmarks/part13/non-incremental/QF_BV/sage/app12/bench_2977.smt2,4.50378,0,54,成功
/pub/data/jiafq/iscas/Parser_Comparison/../benchmarks/part13/non-incremental/QF_BV/sage/app12/bench_2978.smt2,2.98569,0,54,成功
/pub/data/jiafq/iscas/Parser_Comparison/../benchmarks/part13/non-incremental/QF_BV/sage/app12/bench_2979.smt2,3.16834,0,55,成功
/pub/data/jiafq/iscas/Parser_Comparison/../benchmarks/part13/non-incremental/QF_BV/sage/app12/bench_298.smt2,4.40205,0,101,成功
/pub/data/jiafq/iscas/Parser_Comparison/../benchmarks/part13/non-incremental/QF_BV/sage/app12/bench_2980.smt2,3.02298,0,65,成功
/pub/data/jiafq/iscas/Parser_Comparison/../benchmarks/part13/non-incremental/QF_BV/sage/app12/bench_2981.smt2,6.25044,0,53,成功
/pub/data/jiafq/iscas/Parser_Comparison/../benchmarks/part13/non-incremental/QF_BV/sage/app12/bench_2982.smt2,2.73242,0,12,成功
/pub/data/jiafq/iscas/Parser_Comparison/../benchmarks/part13/non-incremental/QF_BV/sage/app12/bench_2983.smt2,1.73332,0,6,成功
/pub/data/jiafq/iscas/Parser_Comparison/../benchmarks/part13/non-incremental/QF_BV/sage/app12/bench_2984.smt2,2.22716,0,9,成功
/pub/data/jiafq/iscas/Parser_Comparison/../benchmarks/part13/non-incremental/QF_BV/sage/app12/bench_2985.smt2,1.53925,0,6,成功
/pub/data/jiafq/iscas/Parser_Comparison/../benchmarks/part13/non-incremental/QF_BV/sage/app12/bench_2986.smt2,1.9871,0,9,成功
/pub/data/jiafq/iscas/Parser_Comparison/../benchmarks/part13/non-incremental/QF_BV/sage/app12/bench_2987.smt2,1.94377,0,6,成功
/pub/data/jiafq/iscas/Parser_Comparison/../benchmarks/part13/non-incremental/QF_BV/sage/app12/bench_2988.smt2,3.97298,0,56,成功
/pub/data/jiafq/iscas/Parser_Comparison/../benchmarks/part13/non-incremental/QF_BV/sage/app12/bench_2989.smt2,6.7028,0,50,成功
/pub/data/jiafq/iscas/Parser_Comparison/../benchmarks/part13/non-incremental/QF_BV/sage/app12/bench_299.smt2,4.88446,0,100,成功
/pub/data/jiafq/iscas/Parser_Comparison/../benchmarks/part13/non-incremental/QF_BV/sage/app12/bench_2990.smt2,2.76342,0,49,成功
/pub/data/jiafq/iscas/Parser_Comparison/../benchmarks/part13/non-incremental/QF_BV/sage/app12/bench_2991.smt2,3.14792,0,65,成功
/pub/data/jiafq/iscas/Parser_Comparison/../benchmarks/part13/non-incremental/QF_BV/sage/app12/bench_2992.smt2,3.06673,0,47,成功
/pub/data/jiafq/iscas/Parser_Comparison/../benchmarks/part13/non-incremental/QF_BV/sage/app12/bench_2993.smt2,5.44243,0,46,成功
/pub/data/jiafq/iscas/Parser_Comparison/../benchmarks/part13/non-incremental/QF_BV/sage/app12/bench_2994.smt2,2.69043,0,45,成功
/pub/data/jiafq/iscas/Parser_Comparison/../benchmarks/part13/non-incremental/QF_BV/sage/app12/bench_2995.smt2,2.51229,224,43,成功
/pub/data/jiafq/iscas/Parser_Comparison/../benchmarks/part13/non-incremental/QF_BV/sage/app12/bench_2996.smt2,3.04529,0,41,成功
/pub/data/jiafq/iscas/Parser_Comparison/../benchmarks/part13/non-incremental/QF_BV/sage/app12/bench_2997.smt2,3.38405,0,41,成功
/pub/data/jiafq/iscas/Parser_Comparison/../benchmarks/part13/non-incremental/QF_BV/sage/app12/bench_2998.smt2,4.18302,0,42,成功
/pub/data/jiafq/iscas/Parser_Comparison/../benchmarks/part13/non-incremental/QF_BV/sage/app12/bench_2999.smt2,2.98152,0,37,成功
/pub/data/jiafq/iscas/Parser_Comparison/../benchmarks/part13/non-incremental/QF_BV/sage/app12/bench_3.smt2,128.644,0,3167,成功
/pub/data/jiafq/iscas/Parser_Comparison/../benchmarks/part13/non-incremental/QF_BV/sage/app12/bench_30.smt2,2.36007,0,20,成功
/pub/data/jiafq/iscas/Parser_Comparison/../benchmarks/part13/non-incremental/QF_BV/sage/app12/bench_300.smt2,4.2566,224,100,成功
/pub/data/jiafq/iscas/Parser_Comparison/../benchmarks/part13/non-incremental/QF_BV/sage/app12/bench_3000.smt2,1.73713,0,5,成功
/pub/data/jiafq/iscas/Parser_Comparison/../benchmarks/part13/non-incremental/QF_BV/sage/app12/bench_3001.smt2,1.71821,0,5,成功
/pub/data/jiafq/iscas/Parser_Comparison/../benchmarks/part13/non-incremental/QF_BV/sage/app12/bench_3002.smt2,124.279,0,3141,成功
/pub/data/jiafq/iscas/Parser_Comparison/../benchmarks/part13/non-incremental/QF_BV/sage/app12/bench_3003.smt2,126.105,0,2918,成功
/pub/data/jiafq/iscas/Parser_Comparison/../benchmarks/part13/non-incremental/QF_BV/sage/app12/bench_3004.smt2,1.84942,0,5,成功
/pub/data/jiafq/iscas/Parser_Comparison/../benchmarks/part13/non-incremental/QF_BV/sage/app12/bench_3005.smt2,1.50767,0,9,成功
/pub/data/jiafq/iscas/Parser_Comparison/../benchmarks/part13/non-incremental/QF_BV/sage/app12/bench_3006.smt2,3.28109,0,62,成功
/pub/data/jiafq/iscas/Parser_Comparison/../benchmarks/part13/non-incremental/QF_BV/sage/app12/bench_3007.smt2,2.67033,0,59,成功
/pub/data/jiafq/iscas/Parser_Comparison/../benchmarks/part13/non-incremental/QF_BV/sage/app12/bench_3008.smt2,4.89883,0,60,成功
/pub/data/jiafq/iscas/Parser_Comparison/../benchmarks/part13/non-incremental/QF_BV/sage/app12/bench_3009.smt2,3.14308,228,51,成功
/pub/data/jiafq/iscas/Parser_Comparison/../benchmarks/part13/non-incremental/QF_BV/sage/app12/bench_301.smt2,4.27657,0,96,成功
/pub/data/jiafq/iscas/Parser_Comparison/../benchmarks/part13/non-incremental/QF_BV/sage/app12/bench_3010.smt2,3.7211,0,51,成功
/pub/data/jiafq/iscas/Parser_Comparison/../benchmarks/part13/non-incremental/QF_BV/sage/app12/bench_3011.smt2,2.2851,0,46,成功
/pub/data/jiafq/iscas/Parser_Comparison/../benchmarks/part13/non-incremental/QF_BV/sage/app12/bench_3012.smt2,3.20297,0,40,成功
/pub/data/jiafq/iscas/Parser_Comparison/../benchmarks/part13/non-incremental/QF_BV/sage/app12/bench_3013.smt2,2.46976,0,40,成功
/pub/data/jiafq/iscas/Parser_Comparison/../benchmarks/part13/non-incremental/QF_BV/sage/app12/bench_3014.smt2,119.394,0,2918,成功
/pub/data/jiafq/iscas/Parser_Comparison/../benchmarks/part13/non-incremental/QF_BV/sage/app12/bench_3015.smt2,3.46727,0,35,成功
/pub/data/jiafq/iscas/Parser_Comparison/../benchmarks/part13/non-incremental/QF_BV/sage/app12/bench_3016.smt2,2.5999,0,10,成功
/pub/data/jiafq/iscas/Parser_Comparison/../benchmarks/part13/non-incremental/QF_BV/sage/app12/bench_3017.smt2,2.28757,0,5,成功
/pub/data/jiafq/iscas/Parser_Comparison/../benchmarks/part13/non-incremental/QF_BV/sage/app12/bench_3018.smt2,3.57784,0,71,成功
/pub/data/jiafq/iscas/Parser_Comparison/../benchmarks/part13/non-incremental/QF_BV/sage/app12/bench_3019.smt2,7.75097,0,71,成功
/pub/data/jiafq/iscas/Parser_Comparison/../benchmarks/part13/non-incremental/QF_BV/sage/app12/bench_302.smt2,6.52462,0,96,成功
/pub/data/jiafq/iscas/Parser_Comparison/../benchmarks/part13/non-incremental/QF_BV/sage/app12/bench_3020.smt2,6.53382,0,72,成功
/pub/data/jiafq/iscas/Parser_Comparison/../benchmarks/part13/non-incremental/QF_BV/sage/app12/bench_3021.smt2,5.60176,0,67,成功
/pub/data/jiafq/iscas/Parser_Comparison/../benchmarks/part13/non-incremental/QF_BV/sage/app12/bench_3022.smt2,5.59199,0,60,成功
/pub/data/jiafq/iscas/Parser_Comparison/../benchmarks/part13/non-incremental/QF_BV/sage/app12/bench_3023.smt2,6.8035,0,60,成功
/pub/data/jiafq/iscas/Parser_Comparison/../benchmarks/part13/non-incremental/QF_BV/sage/app12/bench_3024.smt2,4.38947,0,56,成功
/pub/data/jiafq/iscas/Parser_Comparison/../benchmarks/part13/non-incremental/QF_BV/sage/app12/bench_3025.smt2,3.24392,0,62,成功
/pub/data/jiafq/iscas/Parser_Comparison/../benchmarks/part13/non-incremental/QF_BV/sage/app12/bench_3026.smt2,4.08524,0,58,成功
/pub/data/jiafq/iscas/Parser_Comparison/../benchmarks/part13/non-incremental/QF_BV/sage/app12/bench_3027.smt2,3.26138,0,54,成功
/pub/data/jiafq/iscas/Parser_Comparison/../benchmarks/part13/non-incremental/QF_BV/sage/app12/bench_3028.smt2,6.16345,0,54,成功
/pub/data/jiafq/iscas/Parser_Comparison/../benchmarks/part13/non-incremental/QF_BV/sage/app12/bench_3029.smt2,6.16859,0,55,成功
/pub/data/jiafq/iscas/Parser_Comparison/../benchmarks/part13/non-incremental/QF_BV/sage/app12/bench_303.smt2,128.616,0,3116,成功
/pub/data/jiafq/iscas/Parser_Comparison/../benchmarks/part13/non-incremental/QF_BV/sage/app12/bench_3030.smt2,6.00779,224,53,成功
/pub/data/jiafq/iscas/Parser_Comparison/../benchmarks/part13/non-incremental/QF_BV/sage/app12/bench_3031.smt2,2.89632,0,12,成功
/pub/data/jiafq/iscas/Parser_Comparison/../benchmarks/part13/non-incremental/QF_BV/sage/app12/bench_3032.smt2,1.98176,0,6,成功
/pub/data/jiafq/iscas/Parser_Comparison/../benchmarks/part13/non-incremental/QF_BV/sage/app12/bench_3033.smt2,2.42066,0,9,成功
/pub/data/jiafq/iscas/Parser_Comparison/../benchmarks/part13/non-incremental/QF_BV/sage/app12/bench_3034.smt2,1.64704,0,6,成功
/pub/data/jiafq/iscas/Parser_Comparison/../benchmarks/part13/non-incremental/QF_BV/sage/app12/bench_3035.smt2,6.94796,0,56,成功
/pub/data/jiafq/iscas/Parser_Comparison/../benchmarks/part13/non-incremental/QF_BV/sage/app12/bench_3036.smt2,4.31778,0,60,成功
/pub/data/jiafq/iscas/Parser_Comparison/../benchmarks/part13/non-incremental/QF_BV/sage/app12/bench_3037.smt2,5.84038,0,50,成功
/pub/data/jiafq/iscas/Parser_Comparison/../benchmarks/part13/non-incremental/QF_BV/sage/app12/bench_3038.smt2,5.6165,0,49,成功
/pub/data/jiafq/iscas/Parser_Comparison/../benchmarks/part13/non-incremental/QF_BV/sage/app12/bench_3039.smt2,2.80771,0,47,成功
/pub/data/jiafq/iscas/Parser_Comparison/../benchmarks/part13/non-incremental/QF_BV/sage/app12/bench_304.smt2,4.66204,0,92,成功
/pub/data/jiafq/iscas/Parser_Comparison/../benchmarks/part13/non-incremental/QF_BV/sage/app12/bench_3040.smt2,4.85103,0,46,成功
/pub/data/jiafq/iscas/Parser_Comparison/../benchmarks/part13/non-incremental/QF_BV/sage/app12/bench_3041.smt2,3.27173,0,45,成功
/pub/data/jiafq/iscas/Parser_Comparison/../benchmarks/part13/non-incremental/QF_BV/sage/app12/bench_3042.smt2,5.21324,0,43,成功
/pub/data/jiafq/iscas/Parser_Comparison/../benchmarks/part13/non-incremental/QF_BV/sage/app12/bench_3043.smt2,2.39374,0,41,成功
/pub/data/jiafq/iscas/Parser_Comparison/../benchmarks/part13/non-incremental/QF_BV/sage/app12/bench_3044.smt2,2.60528,0,41,成功
/pub/data/jiafq/iscas/Parser_Comparison/../benchmarks/part13/non-incremental/QF_BV/sage/app12/bench_3045.smt2,2.37805,224,42,成功
/pub/data/jiafq/iscas/Parser_Comparison/../benchmarks/part13/non-incremental/QF_BV/sage/app12/bench_3046.smt2,3.8899,220,37,成功
/pub/data/jiafq/iscas/Parser_Comparison/../benchmarks/part13/non-incremental/QF_BV/sage/app12/bench_3047.smt2,117.087,224,2915,成功
/pub/data/jiafq/iscas/Parser_Comparison/../benchmarks/part13/non-incremental/QF_BV/sage/app12/bench_3048.smt2,3.50622,220,19,成功
/pub/data/jiafq/iscas/Parser_Comparison/../benchmarks/part13/non-incremental/QF_BV/sage/app12/bench_3049.smt2,1.5865,0,10,成功
/pub/data/jiafq/iscas/Parser_Comparison/../benchmarks/part13/non-incremental/QF_BV/sage/app12/bench_305.smt2,4.01457,0,90,成功
/pub/data/jiafq/iscas/Parser_Comparison/../benchmarks/part13/non-incremental/QF_BV/sage/app12/bench_3050.smt2,2.91947,0,10,成功
/pub/data/jiafq/iscas/Parser_Comparison/../benchmarks/part13/non-incremental/QF_BV/sage/app12/bench_3051.smt2,2.99094,0,10,成功
/pub/data/jiafq/iscas/Parser_Comparison/../benchmarks/part13/non-incremental/QF_BV/sage/app12/bench_3052.smt2,1.63359,0,12,成功
/pub/data/jiafq/iscas/Parser_Comparison/../benchmarks/part13/non-incremental/QF_BV/sage/app12/bench_3053.smt2,1.43422,0,10,成功
/pub/data/jiafq/iscas/Parser_Comparison/../benchmarks/part13/non-incremental/QF_BV/sage/app12/bench_3054.smt2,1.70033,0,10,成功
/pub/data/jiafq/iscas/Parser_Comparison/../benchmarks/part13/non-incremental/QF_BV/sage/app12/bench_3055.smt2,2.86132,0,10,成功
/pub/data/jiafq/iscas/Parser_Comparison/../benchmarks/part13/non-incremental/QF_BV/sage/app12/bench_3056.smt2,2.09333,0,12,成功
/pub/data/jiafq/iscas/Parser_Comparison/../benchmarks/part13/non-incremental/QF_BV/sage/app12/bench_3057.smt2,2.25219,0,10,成功
/pub/data/jiafq/iscas/Parser_Comparison/../benchmarks/part13/non-incremental/QF_BV/sage/app12/bench_3058.smt2,2.9095,0,56,成功
/pub/data/jiafq/iscas/Parser_Comparison/../benchmarks/part13/non-incremental/QF_BV/sage/app12/bench_3059.smt2,1.67775,0,10,成功
/pub/data/jiafq/iscas/Parser_Comparison/../benchmarks/part13/non-incremental/QF_BV/sage/app12/bench_306.smt2,8.93622,0,89,成功
/pub/data/jiafq/iscas/Parser_Comparison/../benchmarks/part13/non-incremental/QF_BV/sage/app12/bench_3060.smt2,1.83275,0,10,成功
/pub/data/jiafq/iscas/Parser_Comparison/../benchmarks/part13/non-incremental/QF_BV/sage/app12/bench_3061.smt2,3.00554,0,10,成功
/pub/data/jiafq/iscas/Parser_Comparison/../benchmarks/part13/non-incremental/QF_BV/sage/app12/bench_3062.smt2,2.45673,0,10,成功
/pub/data/jiafq/iscas/Parser_Comparison/../benchmarks/part13/non-incremental/QF_BV/sage/app12/bench_3063.smt2,1.64675,0,10,成功
/pub/data/jiafq/iscas/Parser_Comparison/../benchmarks/part13/non-incremental/QF_BV/sage/app12/bench_3064.smt2,2.12899,0,13,成功
/pub/data/jiafq/iscas/Parser_Comparison/../benchmarks/part13/non-incremental/QF_BV/sage/app12/bench_3065.smt2,6.42911,0,67,成功
/pub/data/jiafq/iscas/Parser_Comparison/../benchmarks/part13/non-incremental/QF_BV/sage/app12/bench_3066.smt2,3.10771,228,64,成功
/pub/data/jiafq/iscas/Parser_Comparison/../benchmarks/part13/non-incremental/QF_BV/sage/app12/bench_3067.smt2,3.26231,0,65,成功
/pub/data/jiafq/iscas/Parser_Comparison/../benchmarks/part13/non-incremental/QF_BV/sage/app12/bench_3068.smt2,5.26621,0,57,成功
/pub/data/jiafq/iscas/Parser_Comparison/../benchmarks/part13/non-incremental/QF_BV/sage/app12/bench_3069.smt2,8.62922,0,377,成功
/pub/data/jiafq/iscas/Parser_Comparison/../benchmarks/part13/non-incremental/QF_BV/sage/app12/bench_307.smt2,87.9356,0,2102,成功
/pub/data/jiafq/iscas/Parser_Comparison/../benchmarks/part13/non-incremental/QF_BV/sage/app12/bench_3070.smt2,2.60876,0,57,成功
/pub/data/jiafq/iscas/Parser_Comparison/../benchmarks/part13/non-incremental/QF_BV/sage/app12/bench_3071.smt2,4.90258,0,52,成功
/pub/data/jiafq/iscas/Parser_Comparison/../benchmarks/part13/non-incremental/QF_BV/sage/app12/bench_3072.smt2,2.57193,0,46,成功
/pub/data/jiafq/iscas/Parser_Comparison/../benchmarks/part13/non-incremental/QF_BV/sage/app12/bench_3073.smt2,2.30568,0,46,成功
/pub/data/jiafq/iscas/Parser_Comparison/../benchmarks/part13/non-incremental/QF_BV/sage/app12/bench_3074.smt2,2.37952,0,41,成功
/pub/data/jiafq/iscas/Parser_Comparison/../benchmarks/part13/non-incremental/QF_BV/sage/app12/bench_3075.smt2,2.7574,0,16,成功
/pub/data/jiafq/iscas/Parser_Comparison/../benchmarks/part13/non-incremental/QF_BV/sage/app12/bench_3076.smt2,2.0009,0,13,成功
/pub/data/jiafq/iscas/Parser_Comparison/../benchmarks/part13/non-incremental/QF_BV/sage/app12/bench_3077.smt2,3.77034,0,71,成功
/pub/data/jiafq/iscas/Parser_Comparison/../benchmarks/part13/non-incremental/QF_BV/sage/app12/bench_3078.smt2,4.11162,0,71,成功
/pub/data/jiafq/iscas/Parser_Comparison/../benchmarks/part13/non-incremental/QF_BV/sage/app12/bench_3079.smt2,5.90642,0,72,成功
/pub/data/jiafq/iscas/Parser_Comparison/../benchmarks/part13/non-incremental/QF_BV/sage/app12/bench_308.smt2,81.4607,0,2099,成功
/pub/data/jiafq/iscas/Parser_Comparison/../benchmarks/part13/non-incremental/QF_BV/sage/app12/bench_3080.smt2,8.27636,0,377,成功
/pub/data/jiafq/iscas/Parser_Comparison/../benchmarks/part13/non-incremental/QF_BV/sage/app12/bench_3081.smt2,3.26987,0,67,成功
/pub/data/jiafq/iscas/Parser_Comparison/../benchmarks/part13/non-incremental/QF_BV/sage/app12/bench_3082.smt2,3.73181,0,60,成功
/pub/data/jiafq/iscas/Parser_Comparison/../benchmarks/part13/non-incremental/QF_BV/sage/app12/bench_3083.smt2,3.38254,0,60,成功
/pub/data/jiafq/iscas/Parser_Comparison/../benchmarks/part13/non-incremental/QF_BV/sage/app12/bench_3084.smt2,1.9883,0,5,成功
/pub/data/jiafq/iscas/Parser_Comparison/../benchmarks/part13/non-incremental/QF_BV/sage/app12/bench_3085.smt2,2.64891,0,5,成功
/pub/data/jiafq/iscas/Parser_Comparison/../benchmarks/part13/non-incremental/QF_BV/sage/app12/bench_3086.smt2,3.20231,0,63,成功
/pub/data/jiafq/iscas/Parser_Comparison/../benchmarks/part13/non-incremental/QF_BV/sage/app12/bench_3087.smt2,1.81599,0,5,成功
/pub/data/jiafq/iscas/Parser_Comparison/../benchmarks/part13/non-incremental/QF_BV/sage/app12/bench_3088.smt2,3.3993,0,63,成功
/pub/data/jiafq/iscas/Parser_Comparison/../benchmarks/part13/non-incremental/QF_BV/sage/app12/bench_3089.smt2,2.11732,0,5,成功
/pub/data/jiafq/iscas/Parser_Comparison/../benchmarks/part13/non-incremental/QF_BV/sage/app12/bench_309.smt2,4.27165,0,88,成功
/pub/data/jiafq/iscas/Parser_Comparison/../benchmarks/part13/non-incremental/QF_BV/sage/app12/bench_3090.smt2,3.57269,0,63,成功
/pub/data/jiafq/iscas/Parser_Comparison/../benchmarks/part13/non-incremental/QF_BV/sage/app12/bench_3091.smt2,124.101,0,2915,成功
/pub/data/jiafq/iscas/Parser_Comparison/../benchmarks/part13/non-incremental/QF_BV/sage/app12/bench_3092.smt2,2.24395,0,5,成功
/pub/data/jiafq/iscas/Parser_Comparison/../benchmarks/part13/non-incremental/QF_BV/sage/app12/bench_3093.smt2,3.38926,0,63,成功
/pub/data/jiafq/iscas/Parser_Comparison/../benchmarks/part13/non-incremental/QF_BV/sage/app12/bench_3094.smt2,2.28289,0,5,成功
/pub/data/jiafq/iscas/Parser_Comparison/../benchmarks/part13/non-incremental/QF_BV/sage/app12/bench_3095.smt2,4.99017,0,63,成功
/pub/data/jiafq/iscas/Parser_Comparison/../benchmarks/part13/non-incremental/QF_BV/sage/app12/bench_3096.smt2,2.71067,0,9,成功
/pub/data/jiafq/iscas/Parser_Comparison/../benchmarks/part13/non-incremental/QF_BV/sage/app12/bench_3097.smt2,6.75258,0,63,成功
/pub/data/jiafq/iscas/Parser_Comparison/../benchmarks/part13/non-incremental/QF_BV/sage/app12/bench_3098.smt2,2.31519,0,5,成功
/pub/data/jiafq/iscas/Parser_Comparison/../benchmarks/part13/non-incremental/QF_BV/sage/app12/bench_3099.smt2,3.49136,0,63,成功
/pub/data/jiafq/iscas/Parser_Comparison/../benchmarks/part13/non-incremental/QF_BV/sage/app12/bench_31.smt2,2.18827,0,15,成功
/pub/data/jiafq/iscas/Parser_Comparison/../benchmarks/part13/non-incremental/QF_BV/sage/app12/bench_310.smt2,7.12214,0,88,成功
/pub/data/jiafq/iscas/Parser_Comparison/../benchmarks/part13/non-incremental/QF_BV/sage/app12/bench_3100.smt2,1.71859,0,5,成功
/pub/data/jiafq/iscas/Parser_Comparison/../benchmarks/part13/non-incremental/QF_BV/sage/app12/bench_3101.smt2,3.58543,0,63,成功
/pub/data/jiafq/iscas/Parser_Comparison/../benchmarks/part13/non-incremental/QF_BV/sage/app12/bench_3102.smt2,113.975,0,2911,成功
/pub/data/jiafq/iscas/Parser_Comparison/../benchmarks/part13/non-incremental/QF_BV/sage/app12/bench_3103.smt2,1.51023,0,5,成功
/pub/data/jiafq/iscas/Parser_Comparison/../benchmarks/part13/non-incremental/QF_BV/sage/app12/bench_3104.smt2,3.29333,0,63,成功
/pub/data/jiafq/iscas/Parser_Comparison/../benchmarks/part13/non-incremental/QF_BV/sage/app12/bench_3105.smt2,2.32708,0,9,成功
/pub/data/jiafq/iscas/Parser_Comparison/../benchmarks/part13/non-incremental/QF_BV/sage/app12/bench_3106.smt2,4.19893,0,63,成功
/pub/data/jiafq/iscas/Parser_Comparison/../benchmarks/part13/non-incremental/QF_BV/sage/app12/bench_3107.smt2,1.66017,0,5,成功
/pub/data/jiafq/iscas/Parser_Comparison/../benchmarks/part13/non-incremental/QF_BV/sage/app12/bench_3108.smt2,3.39772,0,63,成功
/pub/data/jiafq/iscas/Parser_Comparison/../benchmarks/part13/non-incremental/QF_BV/sage/app12/bench_3109.smt2,1.34567,0,5,成功
/pub/data/jiafq/iscas/Parser_Comparison/../benchmarks/part13/non-incremental/QF_BV/sage/app12/bench_311.smt2,88.622,0,2099,成功
/pub/data/jiafq/iscas/Parser_Comparison/../benchmarks/part13/non-incremental/QF_BV/sage/app12/bench_3110.smt2,6.67478,0,62,成功
/pub/data/jiafq/iscas/Parser_Comparison/../benchmarks/part13/non-incremental/QF_BV/sage/app12/bench_3111.smt2,2.16384,0,5,成功
/pub/data/jiafq/iscas/Parser_Comparison/../benchmarks/part13/non-incremental/QF_BV/sage/app12/bench_3112.smt2,3.35263,0,62,成功
/pub/data/jiafq/iscas/Parser_Comparison/../benchmarks/part13/non-incremental/QF_BV/sage/app12/bench_3113.smt2,129.541,0,3141,成功
/pub/data/jiafq/iscas/Parser_Comparison/../benchmarks/part13/non-incremental/QF_BV/sage/app12/bench_3114.smt2,116.772,0,2911,成功
/pub/data/jiafq/iscas/Parser_Comparison/../benchmarks/part13/non-incremental/QF_BV/sage/app12/bench_3115.smt2,6.33066,0,56,成功
/pub/data/jiafq/iscas/Parser_Comparison/../benchmarks/part13/non-incremental/QF_BV/sage/app12/bench_3116.smt2,3.23514,0,58,成功
/pub/data/jiafq/iscas/Parser_Comparison/../benchmarks/part13/non-incremental/QF_BV/sage/app12/bench_3117.smt2,1.99994,0,16,成功
/pub/data/jiafq/iscas/Parser_Comparison/../benchmarks/part13/non-incremental/QF_BV/sage/app12/bench_3118.smt2,6.23577,0,59,成功
/pub/data/jiafq/iscas/Parser_Comparison/../benchmarks/part13/non-incremental/QF_BV/sage/app12/bench_3119.smt2,3.36572,0,54,成功
/pub/data/jiafq/iscas/Parser_Comparison/../benchmarks/part13/non-incremental/QF_BV/sage/app12/bench_312.smt2,82.6856,0,2099,成功
/pub/data/jiafq/iscas/Parser_Comparison/../benchmarks/part13/non-incremental/QF_BV/sage/app12/bench_3120.smt2,2.87825,0,54,成功
/pub/data/jiafq/iscas/Parser_Comparison/../benchmarks/part13/non-incremental/QF_BV/sage/app12/bench_3121.smt2,6.40273,0,55,成功
/pub/data/jiafq/iscas/Parser_Comparison/../benchmarks/part13/non-incremental/QF_BV/sage/app12/bench_3122.smt2,5.43347,0,53,成功
/pub/data/jiafq/iscas/Parser_Comparison/../benchmarks/part13/non-incremental/QF_BV/sage/app12/bench_3123.smt2,1.59236,0,12,成功
/pub/data/jiafq/iscas/Parser_Comparison/../benchmarks/part13/non-incremental/QF_BV/sage/app12/bench_3124.smt2,1.89119,0,6,成功
/pub/data/jiafq/iscas/Parser_Comparison/../benchmarks/part13/non-incremental/QF_BV/sage/app12/bench_3125.smt2,109.571,0,2907,成功
/pub/data/jiafq/iscas/Parser_Comparison/../benchmarks/part13/non-incremental/QF_BV/sage/app12/bench_3126.smt2,1.4382,0,6,成功
/pub/data/jiafq/iscas/Parser_Comparison/../benchmarks/part13/non-incremental/QF_BV/sage/app12/bench_3127.smt2,1.54158,0,9,成功
/pub/data/jiafq/iscas/Parser_Comparison/../benchmarks/part13/non-incremental/QF_BV/sage/app12/bench_3128.smt2,1.5589,0,9,成功
/pub/data/jiafq/iscas/Parser_Comparison/../benchmarks/part13/non-incremental/QF_BV/sage/app12/bench_3129.smt2,1.8131,0,12,成功
/pub/data/jiafq/iscas/Parser_Comparison/../benchmarks/part13/non-incremental/QF_BV/sage/app12/bench_313.smt2,84.3128,0,2095,成功
/pub/data/jiafq/iscas/Parser_Comparison/../benchmarks/part13/non-incremental/QF_BV/sage/app12/bench_3130.smt2,1.70739,0,15,成功
/pub/data/jiafq/iscas/Parser_Comparison/../benchmarks/part13/non-incremental/QF_BV/sage/app12/bench_3131.smt2,1.95309,0,31,成功
/pub/data/jiafq/iscas/Parser_Comparison/../benchmarks/part13/non-incremental/QF_BV/sage/app12/bench_3132.smt2,1.89784,0,13,成功
/pub/data/jiafq/iscas/Parser_Comparison/../benchmarks/part13/non-incremental/QF_BV/sage/app12/bench_3133.smt2,3.22361,0,15,成功
/pub/data/jiafq/iscas/Parser_Comparison/../benchmarks/part13/non-incremental/QF_BV/sage/app12/bench_3134.smt2,2.14348,0,31,成功
/pub/data/jiafq/iscas/Parser_Comparison/../benchmarks/part13/non-incremental/QF_BV/sage/app12/bench_3135.smt2,1.81831,0,13,成功
/pub/data/jiafq/iscas/Parser_Comparison/../benchmarks/part13/non-incremental/QF_BV/sage/app12/bench_3136.smt2,113.26,0,2907,成功
/pub/data/jiafq/iscas/Parser_Comparison/../benchmarks/part13/non-incremental/QF_BV/sage/app12/bench_3137.smt2,3.06766,0,15,成功
/pub/data/jiafq/iscas/Parser_Comparison/../benchmarks/part13/non-incremental/QF_BV/sage/app12/bench_3138.smt2,2.08167,0,31,成功
/pub/data/jiafq/iscas/Parser_Comparison/../benchmarks/part13/non-incremental/QF_BV/sage/app12/bench_3139.smt2,2.09803,0,13,成功
/pub/data/jiafq/iscas/Parser_Comparison/../benchmarks/part13/non-incremental/QF_BV/sage/app12/bench_314.smt2,6.10279,0,118,成功
/pub/data/jiafq/iscas/Parser_Comparison/../benchmarks/part13/non-incremental/QF_BV/sage/app12/bench_3140.smt2,1.90781,0,15,成功
/pub/data/jiafq/iscas/Parser_Comparison/../benchmarks/part13/non-incremental/QF_BV/sage/app12/bench_3141.smt2,2.14655,0,31,成功
/pub/data/jiafq/iscas/Parser_Comparison/../benchmarks/part13/non-incremental/QF_BV/sage/app12/bench_3142.smt2,1.86935,0,13,成功
/pub/data/jiafq/iscas/Parser_Comparison/../benchmarks/part13/non-incremental/QF_BV/sage/app12/bench_3143.smt2,1.89833,0,15,成功
/pub/data/jiafq/iscas/Parser_Comparison/../benchmarks/part13/non-incremental/QF_BV/sage/app12/bench_3144.smt2,2.82754,0,31,成功
/pub/data/jiafq/iscas/Parser_Comparison/../benchmarks/part13/non-incremental/QF_BV/sage/app12/bench_3145.smt2,1.9518,0,13,成功
/pub/data/jiafq/iscas/Parser_Comparison/../benchmarks/part13/non-incremental/QF_BV/sage/app12/bench_3146.smt2,1.47122,0,10,成功
/pub/data/jiafq/iscas/Parser_Comparison/../benchmarks/part13/non-incremental/QF_BV/sage/app12/bench_3147.smt2,121.541,0,2904,成功
/pub/data/jiafq/iscas/Parser_Comparison/../benchmarks/part13/non-incremental/QF_BV/sage/app12/bench_3148.smt2,2.11432,0,9,成功
/pub/data/jiafq/iscas/Parser_Comparison/../benchmarks/part13/non-incremental/QF_BV/sage/app12/bench_3149.smt2,1.57805,0,9,成功
/pub/data/jiafq/iscas/Parser_Comparison/../benchmarks/part13/non-incremental/QF_BV/sage/app12/bench_315.smt2,79.186,0,2094,成功
/pub/data/jiafq/iscas/Parser_Comparison/../benchmarks/part13/non-incremental/QF_BV/sage/app12/bench_3150.smt2,1.57635,224,9,成功
/pub/data/jiafq/iscas/Parser_Comparison/../benchmarks/part13/non-incremental/QF_BV/sage/app12/bench_3151.smt2,1.75636,0,9,成功
/pub/data/jiafq/iscas/Parser_Comparison/../benchmarks/part13/non-incremental/QF_BV/sage/app12/bench_3152.smt2,1.56867,0,9,成功
/pub/data/jiafq/iscas/Parser_Comparison/../benchmarks/part13/non-incremental/QF_BV/sage/app12/bench_3153.smt2,2.26687,0,15,成功
/pub/data/jiafq/iscas/Parser_Comparison/../benchmarks/part13/non-incremental/QF_BV/sage/app12/bench_3154.smt2,2.18395,0,31,成功
/pub/data/jiafq/iscas/Parser_Comparison/../benchmarks/part13/non-incremental/QF_BV/sage/app12/bench_3155.smt2,1.81249,0,13,成功
/pub/data/jiafq/iscas/Parser_Comparison/../benchmarks/part13/non-incremental/QF_BV/sage/app12/bench_3156.smt2,3.19481,0,15,成功
/pub/data/jiafq/iscas/Parser_Comparison/../benchmarks/part13/non-incremental/QF_BV/sage/app12/bench_3157.smt2,1.96817,0,31,成功
/pub/data/jiafq/iscas/Parser_Comparison/../benchmarks/part13/non-incremental/QF_BV/sage/app12/bench_3158.smt2,115.193,0,2905,成功
/pub/data/jiafq/iscas/Parser_Comparison/../benchmarks/part13/non-incremental/QF_BV/sage/app12/bench_3159.smt2,3.1765,0,13,成功
/pub/data/jiafq/iscas/Parser_Comparison/../benchmarks/part13/non-incremental/QF_BV/sage/app12/bench_316.smt2,1.68447,0,5,成功
/pub/data/jiafq/iscas/Parser_Comparison/../benchmarks/part13/non-incremental/QF_BV/sage/app12/bench_3160.smt2,1.75169,0,15,成功
/pub/data/jiafq/iscas/Parser_Comparison/../benchmarks/part13/non-incremental/QF_BV/sage/app12/bench_3161.smt2,2.04227,0,31,成功
/pub/data/jiafq/iscas/Parser_Comparison/../benchmarks/part13/non-incremental/QF_BV/sage/app12/bench_3162.smt2,1.92876,0,13,成功
/pub/data/jiafq/iscas/Parser_Comparison/../benchmarks/part13/non-incremental/QF_BV/sage/app12/bench_3163.smt2,1.8409,0,15,成功
/pub/data/jiafq/iscas/Parser_Comparison/../benchmarks/part13/non-incremental/QF_BV/sage/app12/bench_3164.smt2,2.07429,0,31,成功
/pub/data/jiafq/iscas/Parser_Comparison/../benchmarks/part13/non-incremental/QF_BV/sage/app12/bench_3165.smt2,1.92254,0,13,成功
/pub/data/jiafq/iscas/Parser_Comparison/../benchmarks/part13/non-incremental/QF_BV/sage/app12/bench_3166.smt2,3.12942,0,14,成功
/pub/data/jiafq/iscas/Parser_Comparison/../benchmarks/part13/non-incremental/QF_BV/sage/app12/bench_3167.smt2,2.0011,0,9,成功
/pub/data/jiafq/iscas/Parser_Comparison/../benchmarks/part13/non-incremental/QF_BV/sage/app12/bench_3168.smt2,2.05245,0,9,成功
/pub/data/jiafq/iscas/Parser_Comparison/../benchmarks/part13/non-incremental/QF_BV/sage/app12/bench_3169.smt2,125.534,0,2901,成功
/pub/data/jiafq/iscas/Parser_Comparison/../benchmarks/part13/non-incremental/QF_BV/sage/app12/bench_317.smt2,3.13696,0,5,成功
/pub/data/jiafq/iscas/Parser_Comparison/../benchmarks/part13/non-incremental/QF_BV/sage/app12/bench_3170.smt2,1.80965,0,9,成功
/pub/data/jiafq/iscas/Parser_Comparison/../benchmarks/part13/non-incremental/QF_BV/sage/app12/bench_3171.smt2,2.08295,0,9,成功
/pub/data/jiafq/iscas/Parser_Comparison/../benchmarks/part13/non-incremental/QF_BV/sage/app12/bench_3172.smt2,1.59148,0,9,成功
/pub/data/jiafq/iscas/Parser_Comparison/../benchmarks/part13/non-incremental/QF_BV/sage/app12/bench_3173.smt2,3.14244,0,56,成功
/pub/data/jiafq/iscas/Parser_Comparison/../benchmarks/part13/non-incremental/QF_BV/sage/app12/bench_3174.smt2,3.503,0,50,成功
/pub/data/jiafq/iscas/Parser_Comparison/../benchmarks/part13/non-incremental/QF_BV/sage/app12/bench_3175.smt2,3.05107,0,49,成功
/pub/data/jiafq/iscas/Parser_Comparison/../benchmarks/part13/non-incremental/QF_BV/sage/app12/bench_3176.smt2,2.7879,0,47,成功
/pub/data/jiafq/iscas/Parser_Comparison/../benchmarks/part13/non-incremental/QF_BV/sage/app12/bench_3177.smt2,2.77609,0,46,成功
/pub/data/jiafq/iscas/Parser_Comparison/../benchmarks/part13/non-incremental/QF_BV/sage/app12/bench_3178.smt2,2.48862,0,45,成功
/pub/data/jiafq/iscas/Parser_Comparison/../benchmarks/part13/non-incremental/QF_BV/sage/app12/bench_3179.smt2,5.08309,0,43,成功
/pub/data/jiafq/iscas/Parser_Comparison/../benchmarks/part13/non-incremental/QF_BV/sage/app12/bench_318.smt2,79.9258,0,2094,成功
/pub/data/jiafq/iscas/Parser_Comparison/../benchmarks/part13/non-incremental/QF_BV/sage/app12/bench_3180.smt2,6.03678,0,246,成功
/pub/data/jiafq/iscas/Parser_Comparison/../benchmarks/part13/non-incremental/QF_BV/sage/app12/bench_3181.smt2,2.64646,0,41,成功
/pub/data/jiafq/iscas/Parser_Comparison/../benchmarks/part13/non-incremental/QF_BV/sage/app12/bench_3182.smt2,3.27646,0,41,成功
/pub/data/jiafq/iscas/Parser_Comparison/../benchmarks/part13/non-incremental/QF_BV/sage/app12/bench_3183.smt2,2.98833,0,42,成功
/pub/data/jiafq/iscas/Parser_Comparison/../benchmarks/part13/non-incremental/QF_BV/sage/app12/bench_3184.smt2,2.56201,0,37,成功
/pub/data/jiafq/iscas/Parser_Comparison/../benchmarks/part13/non-incremental/QF_BV/sage/app12/bench_3185.smt2,6.25328,0,60,成功
/pub/data/jiafq/iscas/Parser_Comparison/../benchmarks/part13/non-incremental/QF_BV/sage/app12/bench_3186.smt2,2.76035,0,57,成功
/pub/data/jiafq/iscas/Parser_Comparison/../benchmarks/part13/non-incremental/QF_BV/sage/app12/bench_3187.smt2,2.55366,0,58,成功
/pub/data/jiafq/iscas/Parser_Comparison/../benchmarks/part13/non-incremental/QF_BV/sage/app12/bench_3188.smt2,2.8701,0,50,成功
/pub/data/jiafq/iscas/Parser_Comparison/../benchmarks/part13/non-incremental/QF_BV/sage/app12/bench_3189.smt2,2.64557,0,50,成功
/pub/data/jiafq/iscas/Parser_Comparison/../benchmarks/part13/non-incremental/QF_BV/sage/app12/bench_319.smt2,83.6513,0,2090,成功
/pub/data/jiafq/iscas/Parser_Comparison/../benchmarks/part13/non-incremental/QF_BV/sage/app12/bench_3190.smt2,4.21162,0,45,成功
/pub/data/jiafq/iscas/Parser_Comparison/../benchmarks/part13/non-incremental/QF_BV/sage/app12/bench_3191.smt2,6.06191,0,246,成功
/pub/data/jiafq/iscas/Parser_Comparison/../benchmarks/part13/non-incremental/QF_BV/sage/app12/bench_3192.smt2,1.84629,0,20,成功
/pub/data/jiafq/iscas/Parser_Comparison/../benchmarks/part13/non-incremental/QF_BV/sage/app12/bench_3193.smt2,3.95869,0,67,成功
/pub/data/jiafq/iscas/Parser_Comparison/../benchmarks/part13/non-incremental/QF_BV/sage/app12/bench_3194.smt2,3.59355,0,67,成功
/pub/data/jiafq/iscas/Parser_Comparison/../benchmarks/part13/non-incremental/QF_BV/sage/app12/bench_3195.smt2,6.88157,0,68,成功
/pub/data/jiafq/iscas/Parser_Comparison/../benchmarks/part13/non-incremental/QF_BV/sage/app12/bench_3196.smt2,3.77925,0,67,成功
/pub/data/jiafq/iscas/Parser_Comparison/../benchmarks/part13/non-incremental/QF_BV/sage/app12/bench_3197.smt2,4.40875,0,60,成功
/pub/data/jiafq/iscas/Parser_Comparison/../benchmarks/part13/non-incremental/QF_BV/sage/app12/bench_3198.smt2,6.93103,0,60,成功
/pub/data/jiafq/iscas/Parser_Comparison/../benchmarks/part13/non-incremental/QF_BV/sage/app12/bench_3199.smt2,2.14237,0,17,成功
/pub/data/jiafq/iscas/Parser_Comparison/../benchmarks/part13/non-incremental/QF_BV/sage/app12/bench_32.smt2,1.54949,0,5,成功
/pub/data/jiafq/iscas/Parser_Comparison/../benchmarks/part13/non-incremental/QF_BV/sage/app12/bench_320.smt2,11.6854,0,566,成功
/pub/data/jiafq/iscas/Parser_Comparison/../benchmarks/part13/non-incremental/QF_BV/sage/app12/bench_3200.smt2,3.6827,0,63,成功
/pub/data/jiafq/iscas/Parser_Comparison/../benchmarks/part13/non-incremental/QF_BV/sage/app12/bench_3201.smt2,3.35898,0,18,成功
/pub/data/jiafq/iscas/Parser_Comparison/../benchmarks/part13/non-incremental/QF_BV/sage/app12/bench_3202.smt2,121.107,0,2902,成功
/pub/data/jiafq/iscas/Parser_Comparison/../benchmarks/part13/non-incremental/QF_BV/sage/app12/bench_3203.smt2,3.84805,0,63,成功
/pub/data/jiafq/iscas/Parser_Comparison/../benchmarks/part13/non-incremental/QF_BV/sage/app12/bench_3204.smt2,1.91938,0,18,成功
/pub/data/jiafq/iscas/Parser_Comparison/../benchmarks/part13/non-incremental/QF_BV/sage/app12/bench_3205.smt2,3.39217,0,62,成功
/pub/data/jiafq/iscas/Parser_Comparison/../benchmarks/part13/non-incremental/QF_BV/sage/app12/bench_3206.smt2,3.53505,0,18,成功
/pub/data/jiafq/iscas/Parser_Comparison/../benchmarks/part13/non-incremental/QF_BV/sage/app12/bench_3207.smt2,4.06154,0,62,成功
/pub/data/jiafq/iscas/Parser_Comparison/../benchmarks/part13/non-incremental/QF_BV/sage/app12/bench_3208.smt2,3.35679,0,56,成功
/pub/data/jiafq/iscas/Parser_Comparison/../benchmarks/part13/non-incremental/QF_BV/sage/app12/bench_3209.smt2,6.5307,0,58,成功
/pub/data/jiafq/iscas/Parser_Comparison/../benchmarks/part13/non-incremental/QF_BV/sage/app12/bench_321.smt2,78.7575,0,2090,成功
/pub/data/jiafq/iscas/Parser_Comparison/../benchmarks/part13/non-incremental/QF_BV/sage/app12/bench_3210.smt2,2.16136,0,25,成功
/pub/data/jiafq/iscas/Parser_Comparison/../benchmarks/part13/non-incremental/QF_BV/sage/app12/bench_3211.smt2,6.69227,0,59,成功
/pub/data/jiafq/iscas/Parser_Comparison/../benchmarks/part13/non-incremental/QF_BV/sage/app12/bench_3212.smt2,2.95656,0,54,成功
/pub/data/jiafq/iscas/Parser_Comparison/../benchmarks/part13/non-incremental/QF_BV/sage/app12/bench_3213.smt2,3.41821,0,88,成功
/pub/data/jiafq/iscas/Parser_Comparison/../benchmarks/part13/non-incremental/QF_BV/sage/app12/bench_3214.smt2,3.10347,0,54,成功
/pub/data/jiafq/iscas/Parser_Comparison/../benchmarks/part13/non-incremental/QF_BV/sage/app12/bench_3215.smt2,6.15176,0,55,成功
/pub/data/jiafq/iscas/Parser_Comparison/../benchmarks/part13/non-incremental/QF_BV/sage/app12/bench_3216.smt2,3.2114,0,53,成功
/pub/data/jiafq/iscas/Parser_Comparison/../benchmarks/part13/non-incremental/QF_BV/sage/app12/bench_3217.smt2,3.04882,0,23,成功
/pub/data/jiafq/iscas/Parser_Comparison/../benchmarks/part13/non-incremental/QF_BV/sage/app12/bench_3218.smt2,2.15464,0,21,成功
/pub/data/jiafq/iscas/Parser_Comparison/../benchmarks/part13/non-incremental/QF_BV/sage/app12/bench_3219.smt2,3.2585,0,37,成功
/pub/data/jiafq/iscas/Parser_Comparison/../benchmarks/part13/non-incremental/QF_BV/sage/app12/bench_322.smt2,81.9072,0,2087,成功
/pub/data/jiafq/iscas/Parser_Comparison/../benchmarks/part13/non-incremental/QF_BV/sage/app12/bench_3220.smt2,1.61802,0,19,成功
/pub/data/jiafq/iscas/Parser_Comparison/../benchmarks/part13/non-incremental/QF_BV/sage/app12/bench_3221.smt2,1.93952,0,15,成功
/pub/data/jiafq/iscas/Parser_Comparison/../benchmarks/part13/non-incremental/QF_BV/sage/app12/bench_3222.smt2,1.95695,0,31,成功
/pub/data/jiafq/iscas/Parser_Comparison/../benchmarks/part13/non-incremental/QF_BV/sage/app12/bench_3223.smt2,2.06496,0,13,成功
/pub/data/jiafq/iscas/Parser_Comparison/../benchmarks/part13/non-incremental/QF_BV/sage/app12/bench_3224.smt2,128.994,0,3140,成功
/pub/data/jiafq/iscas/Parser_Comparison/../benchmarks/part13/non-incremental/QF_BV/sage/app12/bench_3225.smt2,6.0668,0,88,成功
/pub/data/jiafq/iscas/Parser_Comparison/../benchmarks/part13/non-incremental/QF_BV/sage/app12/bench_3226.smt2,3.04863,0,15,成功
/pub/data/jiafq/iscas/Parser_Comparison/../benchmarks/part13/non-incremental/QF_BV/sage/app12/bench_3227.smt2,1.98429,0,31,成功
/pub/data/jiafq/iscas/Parser_Comparison/../benchmarks/part13/non-incremental/QF_BV/sage/app12/bench_3228.smt2,1.75469,0,13,成功
/pub/data/jiafq/iscas/Parser_Comparison/../benchmarks/part13/non-incremental/QF_BV/sage/app12/bench_3229.smt2,3.25387,0,15,成功
/pub/data/jiafq/iscas/Parser_Comparison/../benchmarks/part13/non-incremental/QF_BV/sage/app12/bench_323.smt2,83.1671,0,2087,成功
/pub/data/jiafq/iscas/Parser_Comparison/../benchmarks/part13/non-incremental/QF_BV/sage/app12/bench_3230.smt2,3.59645,0,31,成功
/pub/data/jiafq/iscas/Parser_Comparison/../benchmarks/part13/non-incremental/QF_BV/sage/app12/bench_3231.smt2,1.93038,0,13,成功
/pub/data/jiafq/iscas/Parser_Comparison/../benchmarks/part13/non-incremental/QF_BV/sage/app12/bench_3232.smt2,3.42876,0,16,成功
/pub/data/jiafq/iscas/Parser_Comparison/../benchmarks/part13/non-incremental/QF_BV/sage/app12/bench_3233.smt2,2.4575,0,31,成功
/pub/data/jiafq/iscas/Parser_Comparison/../benchmarks/part13/non-incremental/QF_BV/sage/app12/bench_3234.smt2,1.85834,0,13,成功
/pub/data/jiafq/iscas/Parser_Comparison/../benchmarks/part13/non-incremental/QF_BV/sage/app12/bench_3235.smt2,2.77924,0,15,成功
/pub/data/jiafq/iscas/Parser_Comparison/../benchmarks/part13/non-incremental/QF_BV/sage/app12/bench_3236.smt2,118.692,0,2901,成功
/pub/data/jiafq/iscas/Parser_Comparison/../benchmarks/part13/non-incremental/QF_BV/sage/app12/bench_3237.smt2,2.89763,0,9,成功
/pub/data/jiafq/iscas/Parser_Comparison/../benchmarks/part13/non-incremental/QF_BV/sage/app12/bench_3238.smt2,2.78547,0,9,成功
/pub/data/jiafq/iscas/Parser_Comparison/../benchmarks/part13/non-incremental/QF_BV/sage/app12/bench_3239.smt2,1.80699,0,9,成功
/pub/data/jiafq/iscas/Parser_Comparison/../benchmarks/part13/non-incremental/QF_BV/sage/app12/bench_324.smt2,14.8157,0,541,成功
/pub/data/jiafq/iscas/Parser_Comparison/../benchmarks/part13/non-incremental/QF_BV/sage/app12/bench_3240.smt2,1.91987,0,9,成功
/pub/data/jiafq/iscas/Parser_Comparison/../benchmarks/part13/non-incremental/QF_BV/sage/app12/bench_3241.smt2,1.99199,0,15,成功
/pub/data/jiafq/iscas/Parser_Comparison/../benchmarks/part13/non-incremental/QF_BV/sage/app12/bench_3242.smt2,2.11659,0,31,成功
/pub/data/jiafq/iscas/Parser_Comparison/../benchmarks/part13/non-incremental/QF_BV/sage/app12/bench_3243.smt2,2.91222,0,13,成功
/pub/data/jiafq/iscas/Parser_Comparison/../benchmarks/part13/non-incremental/QF_BV/sage/app12/bench_3244.smt2,1.7529,0,15,成功
/pub/data/jiafq/iscas/Parser_Comparison/../benchmarks/part13/non-incremental/QF_BV/sage/app12/bench_3245.smt2,3.4863,0,31,成功
/pub/data/jiafq/iscas/Parser_Comparison/../benchmarks/part13/non-incremental/QF_BV/sage/app12/bench_3246.smt2,2.7063,0,13,成功
/pub/data/jiafq/iscas/Parser_Comparison/../benchmarks/part13/non-incremental/QF_BV/sage/app12/bench_3247.smt2,114.043,0,2901,成功
/pub/data/jiafq/iscas/Parser_Comparison/../benchmarks/part13/non-incremental/QF_BV/sage/app12/bench_3248.smt2,2.3818,0,15,成功
/pub/data/jiafq/iscas/Parser_Comparison/../benchmarks/part13/non-incremental/QF_BV/sage/app12/bench_3249.smt2,1.94635,0,31,成功
/pub/data/jiafq/iscas/Parser_Comparison/../benchmarks/part13/non-incremental/QF_BV/sage/app12/bench_325.smt2,127.537,0,3115,成功
/pub/data/jiafq/iscas/Parser_Comparison/../benchmarks/part13/non-incremental/QF_BV/sage/app12/bench_3250.smt2,1.74843,0,13,成功
/pub/data/jiafq/iscas/Parser_Comparison/../benchmarks/part13/non-incremental/QF_BV/sage/app12/bench_3251.smt2,2.41853,0,15,成功
/pub/data/jiafq/iscas/Parser_Comparison/../benchmarks/part13/non-incremental/QF_BV/sage/app12/bench_3252.smt2,2.25894,0,31,成功
/pub/data/jiafq/iscas/Parser_Comparison/../benchmarks/part13/non-incremental/QF_BV/sage/app12/bench_3253.smt2,2.23611,0,13,成功
/pub/data/jiafq/iscas/Parser_Comparison/../benchmarks/part13/non-incremental/QF_BV/sage/app12/bench_3254.smt2,4.27111,0,29,成功
/pub/data/jiafq/iscas/Parser_Comparison/../benchmarks/part13/non-incremental/QF_BV/sage/app12/bench_3255.smt2,3.92386,0,45,成功
/pub/data/jiafq/iscas/Parser_Comparison/../benchmarks/part13/non-incremental/QF_BV/sage/app12/bench_3256.smt2,2.48552,0,27,成功
/pub/data/jiafq/iscas/Parser_Comparison/../benchmarks/part13/non-incremental/QF_BV/sage/app12/bench_3257.smt2,1.60205,0,14,成功
/pub/data/jiafq/iscas/Parser_Comparison/../benchmarks/part13/non-incremental/QF_BV/sage/app12/bench_3258.smt2,118.965,0,2901,成功
/pub/data/jiafq/iscas/Parser_Comparison/../benchmarks/part13/non-incremental/QF_BV/sage/app12/bench_3259.smt2,2.57797,0,9,成功
/pub/data/jiafq/iscas/Parser_Comparison/../benchmarks/part13/non-incremental/QF_BV/sage/app12/bench_326.smt2,18.6598,0,541,成功
/pub/data/jiafq/iscas/Parser_Comparison/../benchmarks/part13/non-incremental/QF_BV/sage/app12/bench_3260.smt2,1.75544,0,9,成功
/pub/data/jiafq/iscas/Parser_Comparison/../benchmarks/part13/non-incremental/QF_BV/sage/app12/bench_3261.smt2,1.37969,0,9,成功
/pub/data/jiafq/iscas/Parser_Comparison/../benchmarks/part13/non-incremental/QF_BV/sage/app12/bench_3262.smt2,2.79715,0,9,成功
/pub/data/jiafq/iscas/Parser_Comparison/../benchmarks/part13/non-incremental/QF_BV/sage/app12/bench_3263.smt2,2.96471,0,9,成功
/pub/data/jiafq/iscas/Parser_Comparison/../benchmarks/part13/non-incremental/QF_BV/sage/app12/bench_3264.smt2,3.60645,0,24,成功
/pub/data/jiafq/iscas/Parser_Comparison/../benchmarks/part13/non-incremental/QF_BV/sage/app12/bench_3265.smt2,3.30928,0,21,成功
/pub/data/jiafq/iscas/Parser_Comparison/../benchmarks/part13/non-incremental/QF_BV/sage/app12/bench_3266.smt2,1.62518,0,18,成功
/pub/data/jiafq/iscas/Parser_Comparison/../benchmarks/part13/non-incremental/QF_BV/sage/app12/bench_3267.smt2,1.75363,0,16,成功
/pub/data/jiafq/iscas/Parser_Comparison/../benchmarks/part13/non-incremental/QF_BV/sage/app12/bench_3268.smt2,2.85376,0,12,成功
/pub/data/jiafq/iscas/Parser_Comparison/../benchmarks/part13/non-incremental/QF_BV/sage/app12/bench_3269.smt2,124.054,0,2901,成功
/pub/data/jiafq/iscas/Parser_Comparison/../benchmarks/part13/non-incremental/QF_BV/sage/app12/bench_327.smt2,78.7353,0,2088,成功
/pub/data/jiafq/iscas/Parser_Comparison/../benchmarks/part13/non-incremental/QF_BV/sage/app12/bench_3270.smt2,4.67769,0,56,成功
/pub/data/jiafq/iscas/Parser_Comparison/../benchmarks/part13/non-incremental/QF_BV/sage/app12/bench_3271.smt2,3.06343,0,50,成功
/pub/data/jiafq/iscas/Parser_Comparison/../benchmarks/part13/non-incremental/QF_BV/sage/app12/bench_3272.smt2,5.37642,0,49,成功
/pub/data/jiafq/iscas/Parser_Comparison/../benchmarks/part13/non-incremental/QF_BV/sage/app12/bench_3273.smt2,2.0887,0,9,成功
/pub/data/jiafq/iscas/Parser_Comparison/../benchmarks/part13/non-incremental/QF_BV/sage/app12/bench_3274.smt2,3.11124,0,10,成功
/pub/data/jiafq/iscas/Parser_Comparison/../benchmarks/part13/non-incremental/QF_BV/sage/app12/bench_3275.smt2,3.31156,0,12,成功
/pub/data/jiafq/iscas/Parser_Comparison/../benchmarks/part13/non-incremental/QF_BV/sage/app12/bench_3276.smt2,1.83704,0,12,成功
/pub/data/jiafq/iscas/Parser_Comparison/../benchmarks/part13/non-incremental/QF_BV/sage/app12/bench_3277.smt2,4.73551,0,47,成功
/pub/data/jiafq/iscas/Parser_Comparison/../benchmarks/part13/non-incremental/QF_BV/sage/app12/bench_3278.smt2,5.64601,0,46,成功
/pub/data/jiafq/iscas/Parser_Comparison/../benchmarks/part13/non-incremental/QF_BV/sage/app12/bench_3279.smt2,5.22295,0,45,成功
/pub/data/jiafq/iscas/Parser_Comparison/../benchmarks/part13/non-incremental/QF_BV/sage/app12/bench_328.smt2,7.36387,0,87,成功
/pub/data/jiafq/iscas/Parser_Comparison/../benchmarks/part13/non-incremental/QF_BV/sage/app12/bench_3280.smt2,117.529,0,2898,成功
/pub/data/jiafq/iscas/Parser_Comparison/../benchmarks/part13/non-incremental/QF_BV/sage/app12/bench_3281.smt2,3.49944,0,43,成功
/pub/data/jiafq/iscas/Parser_Comparison/../benchmarks/part13/non-incremental/QF_BV/sage/app12/bench_3282.smt2,3.14282,0,41,成功
/pub/data/jiafq/iscas/Parser_Comparison/../benchmarks/part13/non-incremental/QF_BV/sage/app12/bench_3283.smt2,4.11556,0,41,成功
/pub/data/jiafq/iscas/Parser_Comparison/../benchmarks/part13/non-incremental/QF_BV/sage/app12/bench_3284.smt2,3.69481,0,42,成功
/pub/data/jiafq/iscas/Parser_Comparison/../benchmarks/part13/non-incremental/QF_BV/sage/app12/bench_3285.smt2,2.64783,0,37,成功
/pub/data/jiafq/iscas/Parser_Comparison/../benchmarks/part13/non-incremental/QF_BV/sage/app12/bench_3286.smt2,2.1865,0,39,成功
/pub/data/jiafq/iscas/Parser_Comparison/../benchmarks/part13/non-incremental/QF_BV/sage/app12/bench_3287.smt2,2.44922,0,34,成功
/pub/data/jiafq/iscas/Parser_Comparison/../benchmarks/part13/non-incremental/QF_BV/sage/app12/bench_3288.smt2,2.26346,228,36,成功
/pub/data/jiafq/iscas/Parser_Comparison/../benchmarks/part13/non-incremental/QF_BV/sage/app12/bench_3289.smt2,2.15306,0,31,成功
/pub/data/jiafq/iscas/Parser_Comparison/../benchmarks/part13/non-incremental/QF_BV/sage/app12/bench_329.smt2,4.54187,0,83,成功
/pub/data/jiafq/iscas/Parser_Comparison/../benchmarks/part13/non-incremental/QF_BV/sage/app12/bench_3290.smt2,2.50861,0,36,成功
/pub/data/jiafq/iscas/Parser_Comparison/../benchmarks/part13/non-incremental/QF_BV/sage/app12/bench_3291.smt2,121.726,0,2898,成功
/pub/data/jiafq/iscas/Parser_Comparison/../benchmarks/part13/non-incremental/QF_BV/sage/app12/bench_3292.smt2,2.54487,0,31,成功
/pub/data/jiafq/iscas/Parser_Comparison/../benchmarks/part13/non-incremental/QF_BV/sage/app12/bench_3293.smt2,4.21563,0,34,成功
/pub/data/jiafq/iscas/Parser_Comparison/../benchmarks/part13/non-incremental/QF_BV/sage/app12/bench_3294.smt2,4.03798,0,31,成功
/pub/data/jiafq/iscas/Parser_Comparison/../benchmarks/part13/non-incremental/QF_BV/sage/app12/bench_3295.smt2,3.01493,0,34,成功
/pub/data/jiafq/iscas/Parser_Comparison/../benchmarks/part13/non-incremental/QF_BV/sage/app12/bench_3296.smt2,3.38072,0,31,成功
/pub/data/jiafq/iscas/Parser_Comparison/../benchmarks/part13/non-incremental/QF_BV/sage/app12/bench_3297.smt2,2.403,0,36,成功
/pub/data/jiafq/iscas/Parser_Comparison/../benchmarks/part13/non-incremental/QF_BV/sage/app12/bench_3298.smt2,3.9365,228,31,成功
/pub/data/jiafq/iscas/Parser_Comparison/../benchmarks/part13/non-incremental/QF_BV/sage/app12/bench_3299.smt2,2.61543,0,36,成功
/pub/data/jiafq/iscas/Parser_Comparison/../benchmarks/part13/non-incremental/QF_BV/sage/app12/bench_33.smt2,3.09995,0,25,成功
/pub/data/jiafq/iscas/Parser_Comparison/../benchmarks/part13/non-incremental/QF_BV/sage/app12/bench_330.smt2,87.1407,0,2085,成功
/pub/data/jiafq/iscas/Parser_Comparison/../benchmarks/part13/non-incremental/QF_BV/sage/app12/bench_3300.smt2,3.92133,0,31,成功
/pub/data/jiafq/iscas/Parser_Comparison/../benchmarks/part13/non-incremental/QF_BV/sage/app12/bench_3301.smt2,4.41319,0,36,成功
/pub/data/jiafq/iscas/Parser_Comparison/../benchmarks/part13/non-incremental/QF_BV/sage/app12/bench_3302.smt2,117.196,0,2899,成功
/pub/data/jiafq/iscas/Parser_Comparison/../benchmarks/part13/non-incremental/QF_BV/sage/app12/bench_3303.smt2,3.97458,0,31,成功
/pub/data/jiafq/iscas/Parser_Comparison/../benchmarks/part13/non-incremental/QF_BV/sage/app12/bench_3304.smt2,2.92543,0,36,成功
/pub/data/jiafq/iscas/Parser_Comparison/../benchmarks/part13/non-incremental/QF_BV/sage/app12/bench_3305.smt2,2.02996,0,31,成功
/pub/data/jiafq/iscas/Parser_Comparison/../benchmarks/part13/non-incremental/QF_BV/sage/app12/bench_3306.smt2,4.20232,0,34,成功
/pub/data/jiafq/iscas/Parser_Comparison/../benchmarks/part13/non-incremental/QF_BV/sage/app12/bench_3307.smt2,2.08019,220,31,成功
/pub/data/jiafq/iscas/Parser_Comparison/../benchmarks/part13/non-incremental/QF_BV/sage/app12/bench_3308.smt2,2.3582,0,34,成功
/pub/data/jiafq/iscas/Parser_Comparison/../benchmarks/part13/non-incremental/QF_BV/sage/app12/bench_3309.smt2,4.14834,0,31,成功
/pub/data/jiafq/iscas/Parser_Comparison/../benchmarks/part13/non-incremental/QF_BV/sage/app12/bench_331.smt2,7.13861,0,83,成功
/pub/data/jiafq/iscas/Parser_Comparison/../benchmarks/part13/non-incremental/QF_BV/sage/app12/bench_3310.smt2,3.28173,0,36,成功
/pub/data/jiafq/iscas/Parser_Comparison/../benchmarks/part13/non-incremental/QF_BV/sage/app12/bench_3311.smt2,3.97668,0,31,成功
/pub/data/jiafq/iscas/Parser_Comparison/../benchmarks/part13/non-incremental/QF_BV/sage/app12/bench_3312.smt2,2.88707,0,36,成功
/pub/data/jiafq/iscas/Parser_Comparison/../benchmarks/part13/non-incremental/QF_BV/sage/app12/bench_3313.smt2,114.364,0,2895,成功
/pub/data/jiafq/iscas/Parser_Comparison/../benchmarks/part13/non-incremental/QF_BV/sage/app12/bench_3314.smt2,1.96646,0,31,成功
/pub/data/jiafq/iscas/Parser_Comparison/../benchmarks/part13/non-incremental/QF_BV/sage/app12/bench_3315.smt2,2.66892,0,36,成功
/pub/data/jiafq/iscas/Parser_Comparison/../benchmarks/part13/non-incremental/QF_BV/sage/app12/bench_3316.smt2,3.18383,0,31,成功
/pub/data/jiafq/iscas/Parser_Comparison/../benchmarks/part13/non-incremental/QF_BV/sage/app12/bench_3317.smt2,2.1305,0,36,成功
/pub/data/jiafq/iscas/Parser_Comparison/../benchmarks/part13/non-incremental/QF_BV/sage/app12/bench_3318.smt2,2.05016,0,31,成功
/pub/data/jiafq/iscas/Parser_Comparison/../benchmarks/part13/non-incremental/QF_BV/sage/app12/bench_3319.smt2,2.24916,0,36,成功
/pub/data/jiafq/iscas/Parser_Comparison/../benchmarks/part13/non-incremental/QF_BV/sage/app12/bench_332.smt2,5.74617,0,79,成功
/pub/data/jiafq/iscas/Parser_Comparison/../benchmarks/part13/non-incremental/QF_BV/sage/app12/bench_3320.smt2,3.99442,0,31,成功
/pub/data/jiafq/iscas/Parser_Comparison/../benchmarks/part13/non-incremental/QF_BV/sage/app12/bench_3321.smt2,4.1688,0,36,成功
/pub/data/jiafq/iscas/Parser_Comparison/../benchmarks/part13/non-incremental/QF_BV/sage/app12/bench_3322.smt2,2.45656,0,31,成功
/pub/data/jiafq/iscas/Parser_Comparison/../benchmarks/part13/non-incremental/QF_BV/sage/app12/bench_3323.smt2,3.13824,0,34,成功
/pub/data/jiafq/iscas/Parser_Comparison/../benchmarks/part13/non-incremental/QF_BV/sage/app12/bench_3324.smt2,114.358,0,2895,成功
/pub/data/jiafq/iscas/Parser_Comparison/../benchmarks/part13/non-incremental/QF_BV/sage/app12/bench_3325.smt2,3.83583,0,31,成功
/pub/data/jiafq/iscas/Parser_Comparison/../benchmarks/part13/non-incremental/QF_BV/sage/app12/bench_3326.smt2,2.3589,0,36,成功
/pub/data/jiafq/iscas/Parser_Comparison/../benchmarks/part13/non-incremental/QF_BV/sage/app12/bench_3327.smt2,3.28737,0,33,成功
/pub/data/jiafq/iscas/Parser_Comparison/../benchmarks/part13/non-incremental/QF_BV/sage/app12/bench_3328.smt2,2.65561,0,45,成功
/pub/data/jiafq/iscas/Parser_Comparison/../benchmarks/part13/non-incremental/QF_BV/sage/app12/bench_3329.smt2,1.97781,0,27,成功
/pub/data/jiafq/iscas/Parser_Comparison/../benchmarks/part13/non-incremental/QF_BV/sage/app12/bench_333.smt2,82.1015,228,2085,成功
/pub/data/jiafq/iscas/Parser_Comparison/../benchmarks/part13/non-incremental/QF_BV/sage/app12/bench_3330.smt2,2.15749,0,27,成功
/pub/data/jiafq/iscas/Parser_Comparison/../benchmarks/part13/non-incremental/QF_BV/sage/app12/bench_3331.smt2,2.10322,0,24,成功
/pub/data/jiafq/iscas/Parser_Comparison/../benchmarks/part13/non-incremental/QF_BV/sage/app12/bench_3332.smt2,1.98964,0,24,成功
/pub/data/jiafq/iscas/Parser_Comparison/../benchmarks/part13/non-incremental/QF_BV/sage/app12/bench_3333.smt2,1.92854,0,24,成功
/pub/data/jiafq/iscas/Parser_Comparison/../benchmarks/part13/non-incremental/QF_BV/sage/app12/bench_3334.smt2,2.00371,0,24,成功
/pub/data/jiafq/iscas/Parser_Comparison/../benchmarks/part13/non-incremental/QF_BV/sage/app12/bench_3335.smt2,9.71871,0,156,成功
/pub/data/jiafq/iscas/Parser_Comparison/../benchmarks/part13/non-incremental/QF_BV/sage/app12/bench_3336.smt2,134.401,0,3138,成功
/pub/data/jiafq/iscas/Parser_Comparison/../benchmarks/part13/non-incremental/QF_BV/sage/app12/bench_3337.smt2,115.135,0,2895,成功
/pub/data/jiafq/iscas/Parser_Comparison/../benchmarks/part13/non-incremental/QF_BV/sage/app12/bench_3338.smt2,2.36251,0,24,成功
/pub/data/jiafq/iscas/Parser_Comparison/../benchmarks/part13/non-incremental/QF_BV/sage/app12/bench_3339.smt2,3.34227,0,24,成功
/pub/data/jiafq/iscas/Parser_Comparison/../benchmarks/part13/non-incremental/QF_BV/sage/app12/bench_334.smt2,80.04,0,2081,成功
/pub/data/jiafq/iscas/Parser_Comparison/../benchmarks/part13/non-incremental/QF_BV/sage/app12/bench_3340.smt2,3.72509,0,24,成功
/pub/data/jiafq/iscas/Parser_Comparison/../benchmarks/part13/non-incremental/QF_BV/sage/app12/bench_3341.smt2,2.84509,0,24,成功
/pub/data/jiafq/iscas/Parser_Comparison/../benchmarks/part13/non-incremental/QF_BV/sage/app12/bench_3342.smt2,3.67184,0,24,成功
/pub/data/jiafq/iscas/Parser_Comparison/../benchmarks/part13/non-incremental/QF_BV/sage/app12/bench_3343.smt2,3.64583,0,24,成功
/pub/data/jiafq/iscas/Parser_Comparison/../benchmarks/part13/non-incremental/QF_BV/sage/app12/bench_3344.smt2,3.61278,0,24,成功
/pub/data/jiafq/iscas/Parser_Comparison/../benchmarks/part13/non-incremental/QF_BV/sage/app12/bench_3345.smt2,2.09526,0,24,成功
/pub/data/jiafq/iscas/Parser_Comparison/../benchmarks/part13/non-incremental/QF_BV/sage/app12/bench_3346.smt2,3.30134,0,24,成功
/pub/data/jiafq/iscas/Parser_Comparison/../benchmarks/part13/non-incremental/QF_BV/sage/app12/bench_3347.smt2,3.69165,0,24,成功
/pub/data/jiafq/iscas/Parser_Comparison/../benchmarks/part13/non-incremental/QF_BV/sage/app12/bench_3348.smt2,117.517,0,2892,成功
/pub/data/jiafq/iscas/Parser_Comparison/../benchmarks/part13/non-incremental/QF_BV/sage/app12/bench_3349.smt2,2.90414,0,24,成功
/pub/data/jiafq/iscas/Parser_Comparison/../benchmarks/part13/non-incremental/QF_BV/sage/app12/bench_335.smt2,86.4476,0,2081,成功
/pub/data/jiafq/iscas/Parser_Comparison/../benchmarks/part13/non-incremental/QF_BV/sage/app12/bench_3350.smt2,2.43034,0,24,成功
/pub/data/jiafq/iscas/Parser_Comparison/../benchmarks/part13/non-incremental/QF_BV/sage/app12/bench_3351.smt2,3.68301,0,24,成功
/pub/data/jiafq/iscas/Parser_Comparison/../benchmarks/part13/non-incremental/QF_BV/sage/app12/bench_3352.smt2,3.59707,0,24,成功
/pub/data/jiafq/iscas/Parser_Comparison/../benchmarks/part13/non-incremental/QF_BV/sage/app12/bench_3353.smt2,3.69146,0,24,成功
/pub/data/jiafq/iscas/Parser_Comparison/../benchmarks/part13/non-incremental/QF_BV/sage/app12/bench_3354.smt2,2.37595,0,21,成功
/pub/data/jiafq/iscas/Parser_Comparison/../benchmarks/part13/non-incremental/QF_BV/sage/app12/bench_3355.smt2,3.26557,0,19,成功
/pub/data/jiafq/iscas/Parser_Comparison/../benchmarks/part13/non-incremental/QF_BV/sage/app12/bench_3356.smt2,3.08666,0,15,成功
/pub/data/jiafq/iscas/Parser_Comparison/../benchmarks/part13/non-incremental/QF_BV/sage/app12/bench_3357.smt2,2.20544,0,21,成功
/pub/data/jiafq/iscas/Parser_Comparison/../benchmarks/part13/non-incremental/QF_BV/sage/app12/bench_3358.smt2,1.62749,0,18,成功
/pub/data/jiafq/iscas/Parser_Comparison/../benchmarks/part13/non-incremental/QF_BV/sage/app12/bench_3359.smt2,116.085,0,2892,成功
/pub/data/jiafq/iscas/Parser_Comparison/../benchmarks/part13/non-incremental/QF_BV/sage/app12/bench_336.smt2,129.021,0,3165,成功
/pub/data/jiafq/iscas/Parser_Comparison/../benchmarks/part13/non-incremental/QF_BV/sage/app12/bench_3360.smt2,1.82705,0,16,成功
/pub/data/jiafq/iscas/Parser_Comparison/../benchmarks/part13/non-incremental/QF_BV/sage/app12/bench_3361.smt2,2.84666,0,12,成功
/pub/data/jiafq/iscas/Parser_Comparison/../benchmarks/part13/non-incremental/QF_BV/sage/app12/bench_3362.smt2,2.35449,0,21,成功
/pub/data/jiafq/iscas/Parser_Comparison/../benchmarks/part13/non-incremental/QF_BV/sage/app12/bench_3363.smt2,2.83482,0,18,成功
/pub/data/jiafq/iscas/Parser_Comparison/../benchmarks/part13/non-incremental/QF_BV/sage/app12/bench_3364.smt2,2.14159,0,16,成功
/pub/data/jiafq/iscas/Parser_Comparison/../benchmarks/part13/non-incremental/QF_BV/sage/app12/bench_3365.smt2,1.50332,0,12,成功
/pub/data/jiafq/iscas/Parser_Comparison/../benchmarks/part13/non-incremental/QF_BV/sage/app12/bench_3366.smt2,3.49584,0,21,成功
/pub/data/jiafq/iscas/Parser_Comparison/../benchmarks/part13/non-incremental/QF_BV/sage/app12/bench_3367.smt2,2.3871,0,18,成功
/pub/data/jiafq/iscas/Parser_Comparison/../benchmarks/part13/non-incremental/QF_BV/sage/app12/bench_3368.smt2,1.71233,0,16,成功
/pub/data/jiafq/iscas/Parser_Comparison/../benchmarks/part13/non-incremental/QF_BV/sage/app12/bench_3369.smt2,2.80444,0,12,成功
/pub/data/jiafq/iscas/Parser_Comparison/../benchmarks/part13/non-incremental/QF_BV/sage/app12/bench_337.smt2,119.043,0,3113,成功
/pub/data/jiafq/iscas/Parser_Comparison/../benchmarks/part13/non-incremental/QF_BV/sage/app12/bench_3370.smt2,124.458,0,2896,成功
/pub/data/jiafq/iscas/Parser_Comparison/../benchmarks/part13/non-incremental/QF_BV/sage/app12/bench_3371.smt2,2.7191,0,21,成功
/pub/data/jiafq/iscas/Parser_Comparison/../benchmarks/part13/non-incremental/QF_BV/sage/app12/bench_3372.smt2,2.33216,0,18,成功
/pub/data/jiafq/iscas/Parser_Comparison/../benchmarks/part13/non-incremental/QF_BV/sage/app12/bench_3373.smt2,1.95632,0,16,成功
/pub/data/jiafq/iscas/Parser_Comparison/../benchmarks/part13/non-incremental/QF_BV/sage/app12/bench_3374.smt2,1.43402,0,12,成功
/pub/data/jiafq/iscas/Parser_Comparison/../benchmarks/part13/non-incremental/QF_BV/sage/app12/bench_3375.smt2,1.72138,0,21,成功
/pub/data/jiafq/iscas/Parser_Comparison/../benchmarks/part13/non-incremental/QF_BV/sage/app12/bench_3376.smt2,1.67906,0,18,成功
/pub/data/jiafq/iscas/Parser_Comparison/../benchmarks/part13/non-incremental/QF_BV/sage/app12/bench_3377.smt2,1.59941,220,16,成功
/pub/data/jiafq/iscas/Parser_Comparison/../benchmarks/part13/non-incremental/QF_BV/sage/app12/bench_3378.smt2,1.4007,0,12,成功
/pub/data/jiafq/iscas/Parser_Comparison/../benchmarks/part13/non-incremental/QF_BV/sage/app12/bench_3379.smt2,3.39747,0,21,成功
/pub/data/jiafq/iscas/Parser_Comparison/../benchmarks/part13/non-incremental/QF_BV/sage/app12/bench_338.smt2,83.8399,0,2078,成功
/pub/data/jiafq/iscas/Parser_Comparison/../benchmarks/part13/non-incremental/QF_BV/sage/app12/bench_3380.smt2,2.52099,0,18,成功
/pub/data/jiafq/iscas/Parser_Comparison/../benchmarks/part13/non-incremental/QF_BV/sage/app12/bench_3381.smt2,125.142,0,2896,成功
/pub/data/jiafq/iscas/Parser_Comparison/../benchmarks/part13/non-incremental/QF_BV/sage/app12/bench_3382.smt2,2.02699,0,16,成功
/pub/data/jiafq/iscas/Parser_Comparison/../benchmarks/part13/non-incremental/QF_BV/sage/app12/bench_3383.smt2,3.18698,0,12,成功
/pub/data/jiafq/iscas/Parser_Comparison/../benchmarks/part13/non-incremental/QF_BV/sage/app12/bench_3384.smt2,3.54638,0,21,成功
/pub/data/jiafq/iscas/Parser_Comparison/../benchmarks/part13/non-incremental/QF_BV/sage/app12/bench_3385.smt2,3.2866,0,18,成功
/pub/data/jiafq/iscas/Parser_Comparison/../benchmarks/part13/non-incremental/QF_BV/sage/app12/bench_3386.smt2,3.00499,0,16,成功
/pub/data/jiafq/iscas/Parser_Comparison/../benchmarks/part13/non-incremental/QF_BV/sage/app12/bench_3387.smt2,2.97186,0,12,成功
/pub/data/jiafq/iscas/Parser_Comparison/../benchmarks/part13/non-incremental/QF_BV/sage/app12/bench_3388.smt2,3.47522,0,21,成功
/pub/data/jiafq/iscas/Parser_Comparison/../benchmarks/part13/non-incremental/QF_BV/sage/app12/bench_3389.smt2,3.3355,0,18,成功
/pub/data/jiafq/iscas/Parser_Comparison/../benchmarks/part13/non-incremental/QF_BV/sage/app12/bench_339.smt2,11.0473,0,214,成功
/pub/data/jiafq/iscas/Parser_Comparison/../benchmarks/part13/non-incremental/QF_BV/sage/app12/bench_3390.smt2,2.12267,0,16,成功
/pub/data/jiafq/iscas/Parser_Comparison/../benchmarks/part13/non-incremental/QF_BV/sage/app12/bench_3391.smt2,1.5993,0,12,成功
/pub/data/jiafq/iscas/Parser_Comparison/../benchmarks/part13/non-incremental/QF_BV/sage/app12/bench_3392.smt2,110.606,0,2892,成功
/pub/data/jiafq/iscas/Parser_Comparison/../benchmarks/part13/non-incremental/QF_BV/sage/app12/bench_3393.smt2,3.46003,0,21,成功
/pub/data/jiafq/iscas/Parser_Comparison/../benchmarks/part13/non-incremental/QF_BV/sage/app12/bench_3394.smt2,3.17702,228,18,成功
/pub/data/jiafq/iscas/Parser_Comparison/../benchmarks/part13/non-incremental/QF_BV/sage/app12/bench_3395.smt2,3.13689,0,16,成功
/pub/data/jiafq/iscas/Parser_Comparison/../benchmarks/part13/non-incremental/QF_BV/sage/app12/bench_3396.smt2,2.97404,0,12,成功
/pub/data/jiafq/iscas/Parser_Comparison/../benchmarks/part13/non-incremental/QF_BV/sage/app12/bench_3397.smt2,3.48435,0,21,成功
/pub/data/jiafq/iscas/Parser_Comparison/../benchmarks/part13/non-incremental/QF_BV/sage/app12/bench_3398.smt2,2.78964,0,18,成功
/pub/data/jiafq/iscas/Parser_Comparison/../benchmarks/part13/non-incremental/QF_BV/sage/app12/bench_3399.smt2,3.17488,0,16,成功
/pub/data/jiafq/iscas/Parser_Comparison/../benchmarks/part13/non-incremental/QF_BV/sage/app12/bench_34.smt2,3.59445,0,22,成功
/pub/data/jiafq/iscas/Parser_Comparison/../benchmarks/part13/non-incremental/QF_BV/sage/app12/bench_340.smt2,8.23234,0,214,成功
/pub/data/jiafq/iscas/Parser_Comparison/../benchmarks/part13/non-incremental/QF_BV/sage/app12/bench_3400.smt2,2.96434,0,12,成功
/pub/data/jiafq/iscas/Parser_Comparison/../benchmarks/part13/non-incremental/QF_BV/sage/app12/bench_3401.smt2,3.40725,0,21,成功
/pub/data/jiafq/iscas/Parser_Comparison/../benchmarks/part13/non-incremental/QF_BV/sage/app12/bench_3402.smt2,3.2879,0,18,成功
/pub/data/jiafq/iscas/Parser_Comparison/../benchmarks/part13/non-incremental/QF_BV/sage/app12/bench_3403.smt2,119.919,0,2892,成功
/pub/data/jiafq/iscas/Parser_Comparison/../benchmarks/part13/non-incremental/QF_BV/sage/app12/bench_3404.smt2,3.00743,0,16,成功
/pub/data/jiafq/iscas/Parser_Comparison/../benchmarks/part13/non-incremental/QF_BV/sage/app12/bench_3405.smt2,2.50896,0,12,成功
/pub/data/jiafq/iscas/Parser_Comparison/../benchmarks/part13/non-incremental/QF_BV/sage/app12/bench_3406.smt2,3.44941,0,21,成功
/pub/data/jiafq/iscas/Parser_Comparison/../benchmarks/part13/non-incremental/QF_BV/sage/app12/bench_3407.smt2,1.7778,0,18,成功
/pub/data/jiafq/iscas/Parser_Comparison/../benchmarks/part13/non-incremental/QF_BV/sage/app12/bench_3408.smt2,2.09524,0,16,成功
/pub/data/jiafq/iscas/Parser_Comparison/../benchmarks/part13/non-incremental/QF_BV/sage/app12/bench_3409.smt2,3.03712,0,12,成功
/pub/data/jiafq/iscas/Parser_Comparison/../benchmarks/part13/non-incremental/QF_BV/sage/app12/bench_341.smt2,88.3501,0,2078,成功
/pub/data/jiafq/iscas/Parser_Comparison/../benchmarks/part13/non-incremental/QF_BV/sage/app12/bench_3410.smt2,1.78028,0,21,成功
/pub/data/jiafq/iscas/Parser_Comparison/../benchmarks/part13/non-incremental/QF_BV/sage/app12/bench_3411.smt2,3.43956,0,18,成功
/pub/data/jiafq/iscas/Parser_Comparison/../benchmarks/part13/non-incremental/QF_BV/sage/app12/bench_3412.smt2,2.1969,0,16,成功
/pub/data/jiafq/iscas/Parser_Comparison/../benchmarks/part13/non-incremental/QF_BV/sage/app12/bench_3413.smt2,2.76991,0,12,成功
/pub/data/jiafq/iscas/Parser_Comparison/../benchmarks/part13/non-incremental/QF_BV/sage/app12/bench_3414.smt2,119.46,0,2889,成功
/pub/data/jiafq/iscas/Parser_Comparison/../benchmarks/part13/non-incremental/QF_BV/sage/app12/bench_3415.smt2,3.52447,0,21,成功
/pub/data/jiafq/iscas/Parser_Comparison/../benchmarks/part13/non-incremental/QF_BV/sage/app12/bench_3416.smt2,3.29013,0,18,成功
/pub/data/jiafq/iscas/Parser_Comparison/../benchmarks/part13/non-incremental/QF_BV/sage/app12/bench_3417.smt2,3.38612,0,16,成功
/pub/data/jiafq/iscas/Parser_Comparison/../benchmarks/part13/non-incremental/QF_BV/sage/app12/bench_3418.smt2,2.99675,0,12,成功
/pub/data/jiafq/iscas/Parser_Comparison/../benchmarks/part13/non-incremental/QF_BV/sage/app12/bench_3419.smt2,2.99748,0,21,成功
/pub/data/jiafq/iscas/Parser_Comparison/../benchmarks/part13/non-incremental/QF_BV/sage/app12/bench_342.smt2,80.0107,0,2078,成功
/pub/data/jiafq/iscas/Parser_Comparison/../benchmarks/part13/non-incremental/QF_BV/sage/app12/bench_3420.smt2,2.30904,0,18,成功
/pub/data/jiafq/iscas/Parser_Comparison/../benchmarks/part13/non-incremental/QF_BV/sage/app12/bench_3421.smt2,1.72632,0,16,成功
/pub/data/jiafq/iscas/Parser_Comparison/../benchmarks/part13/non-incremental/QF_BV/sage/app12/bench_3422.smt2,1.75263,0,12,成功
/pub/data/jiafq/iscas/Parser_Comparison/../benchmarks/part13/non-incremental/QF_BV/sage/app12/bench_3423.smt2,4.21909,0,21,成功
/pub/data/jiafq/iscas/Parser_Comparison/../benchmarks/part13/non-incremental/QF_BV/sage/app12/bench_3424.smt2,3.41672,0,18,成功
/pub/data/jiafq/iscas/Parser_Comparison/../benchmarks/part13/non-incremental/QF_BV/sage/app12/bench_3425.smt2,119.433,0,2888,成功
/pub/data/jiafq/iscas/Parser_Comparison/../benchmarks/part13/non-incremental/QF_BV/sage/app12/bench_3426.smt2,3.07288,0,16,成功
/pub/data/jiafq/iscas/Parser_Comparison/../benchmarks/part13/non-incremental/QF_BV/sage/app12/bench_3427.smt2,2.86771,0,12,成功
/pub/data/jiafq/iscas/Parser_Comparison/../benchmarks/part13/non-incremental/QF_BV/sage/app12/bench_3428.smt2,2.31496,0,21,成功
/pub/data/jiafq/iscas/Parser_Comparison/../benchmarks/part13/non-incremental/QF_BV/sage/app12/bench_3429.smt2,2.62505,0,18,成功
/pub/data/jiafq/iscas/Parser_Comparison/../benchmarks/part13/non-incremental/QF_BV/sage/app12/bench_343.smt2,88.3569,0,2074,成功
/pub/data/jiafq/iscas/Parser_Comparison/../benchmarks/part13/non-incremental/QF_BV/sage/app12/bench_3430.smt2,2.42186,0,16,成功
/pub/data/jiafq/iscas/Parser_Comparison/../benchmarks/part13/non-incremental/QF_BV/sage/app12/bench_3431.smt2,2.98616,0,12,成功
/pub/data/jiafq/iscas/Parser_Comparison/../benchmarks/part13/non-incremental/QF_BV/sage/app12/bench_3432.smt2,2.40984,0,21,成功
/pub/data/jiafq/iscas/Parser_Comparison/../benchmarks/part13/non-incremental/QF_BV/sage/app12/bench_3433.smt2,3.26592,0,18,成功
/pub/data/jiafq/iscas/Parser_Comparison/../benchmarks/part13/non-incremental/QF_BV/sage/app12/bench_3434.smt2,3.05742,0,16,成功
/pub/data/jiafq/iscas/Parser_Comparison/../benchmarks/part13/non-incremental/QF_BV/sage/app12/bench_3435.smt2,2.65724,0,12,成功
/pub/data/jiafq/iscas/Parser_Comparison/../benchmarks/part13/non-incremental/QF_BV/sage/app12/bench_3436.smt2,120.116,0,2887,成功
/pub/data/jiafq/iscas/Parser_Comparison/../benchmarks/part13/non-incremental/QF_BV/sage/app12/bench_3437.smt2,6.41266,0,56,成功
/pub/data/jiafq/iscas/Parser_Comparison/../benchmarks/part13/non-incremental/QF_BV/sage/app12/bench_3438.smt2,3.70856,0,50,成功
/pub/data/jiafq/iscas/Parser_Comparison/../benchmarks/part13/non-incremental/QF_BV/sage/app12/bench_3439.smt2,2.92467,0,12,成功
/pub/data/jiafq/iscas/Parser_Comparison/../benchmarks/part13/non-incremental/QF_BV/sage/app12/bench_344.smt2,87.2697,0,2074,成功
/pub/data/jiafq/iscas/Parser_Comparison/../benchmarks/part13/non-incremental/QF_BV/sage/app12/bench_3440.smt2,1.90333,0,13,成功
/pub/data/jiafq/iscas/Parser_Comparison/../benchmarks/part13/non-incremental/QF_BV/sage/app12/bench_3441.smt2,2.75015,0,15,成功
/pub/data/jiafq/iscas/Parser_Comparison/../benchmarks/part13/non-incremental/QF_BV/sage/app12/bench_3442.smt2,1.9099,0,15,成功
/pub/data/jiafq/iscas/Parser_Comparison/../benchmarks/part13/non-incremental/QF_BV/sage/app12/bench_3443.smt2,5.77789,224,49,成功
/pub/data/jiafq/iscas/Parser_Comparison/../benchmarks/part13/non-incremental/QF_BV/sage/app12/bench_3444.smt2,2.73655,0,9,成功
/pub/data/jiafq/iscas/Parser_Comparison/../benchmarks/part13/non-incremental/QF_BV/sage/app12/bench_3445.smt2,2.38536,0,10,成功
/pub/data/jiafq/iscas/Parser_Comparison/../benchmarks/part13/non-incremental/QF_BV/sage/app12/bench_3446.smt2,2.92356,0,12,成功
/pub/data/jiafq/iscas/Parser_Comparison/../benchmarks/part13/non-incremental/QF_BV/sage/app12/bench_3447.smt2,127.477,0,3139,成功
/pub/data/jiafq/iscas/Parser_Comparison/../benchmarks/part13/non-incremental/QF_BV/sage/app12/bench_3448.smt2,110.538,0,2887,成功
/pub/data/jiafq/iscas/Parser_Comparison/../benchmarks/part13/non-incremental/QF_BV/sage/app12/bench_3449.smt2,3.05429,0,12,成功
/pub/data/jiafq/iscas/Parser_Comparison/../benchmarks/part13/non-incremental/QF_BV/sage/app12/bench_345.smt2,7.96449,0,79,成功
/pub/data/jiafq/iscas/Parser_Comparison/../benchmarks/part13/non-incremental/QF_BV/sage/app12/bench_3450.smt2,2.73097,0,9,成功
/pub/data/jiafq/iscas/Parser_Comparison/../benchmarks/part13/non-incremental/QF_BV/sage/app12/bench_3451.smt2,2.86645,0,10,成功
/pub/data/jiafq/iscas/Parser_Comparison/../benchmarks/part13/non-incremental/QF_BV/sage/app12/bench_3452.smt2,2.91935,0,12,成功
/pub/data/jiafq/iscas/Parser_Comparison/../benchmarks/part13/non-incremental/QF_BV/sage/app12/bench_3453.smt2,2.91818,0,12,成功
/pub/data/jiafq/iscas/Parser_Comparison/../benchmarks/part13/non-incremental/QF_BV/sage/app12/bench_3454.smt2,2.66171,0,9,成功
/pub/data/jiafq/iscas/Parser_Comparison/../benchmarks/part13/non-incremental/QF_BV/sage/app12/bench_3455.smt2,1.97972,0,10,成功
/pub/data/jiafq/iscas/Parser_Comparison/../benchmarks/part13/non-incremental/QF_BV/sage/app12/bench_3456.smt2,2.79059,0,12,成功
/pub/data/jiafq/iscas/Parser_Comparison/../benchmarks/part13/non-incremental/QF_BV/sage/app12/bench_3457.smt2,1.80968,0,12,成功
/pub/data/jiafq/iscas/Parser_Comparison/../benchmarks/part13/non-incremental/QF_BV/sage/app12/bench_3458.smt2,2.74484,0,9,成功
/pub/data/jiafq/iscas/Parser_Comparison/../benchmarks/part13/non-incremental/QF_BV/sage/app12/bench_3459.smt2,118.367,0,2887,成功
/pub/data/jiafq/iscas/Parser_Comparison/../benchmarks/part13/non-incremental/QF_BV/sage/app12/bench_346.smt2,88.5394,0,2074,成功
/pub/data/jiafq/iscas/Parser_Comparison/../benchmarks/part13/non-incremental/QF_BV/sage/app12/bench_3460.smt2,2.56041,0,10,成功
/pub/data/jiafq/iscas/Parser_Comparison/../benchmarks/part13/non-incremental/QF_BV/sage/app12/bench_3461.smt2,1.72537,0,12,成功
/pub/data/jiafq/iscas/Parser_Comparison/../benchmarks/part13/non-incremental/QF_BV/sage/app12/bench_3462.smt2,2.98896,0,12,成功
/pub/data/jiafq/iscas/Parser_Comparison/../benchmarks/part13/non-incremental/QF_BV/sage/app12/bench_3463.smt2,2.29351,0,9,成功
/pub/data/jiafq/iscas/Parser_Comparison/../benchmarks/part13/non-incremental/QF_BV/sage/app12/bench_3464.smt2,2.70088,0,10,成功
/pub/data/jiafq/iscas/Parser_Comparison/../benchmarks/part13/non-incremental/QF_BV/sage/app12/bench_3465.smt2,1.7074,0,12,成功
/pub/data/jiafq/iscas/Parser_Comparison/../benchmarks/part13/non-incremental/QF_BV/sage/app12/bench_3466.smt2,1.75782,0,12,成功
/pub/data/jiafq/iscas/Parser_Comparison/../benchmarks/part13/non-incremental/QF_BV/sage/app12/bench_3467.smt2,2.29478,0,9,成功
/pub/data/jiafq/iscas/Parser_Comparison/../benchmarks/part13/non-incremental/QF_BV/sage/app12/bench_3468.smt2,1.60889,0,10,成功
/pub/data/jiafq/iscas/Parser_Comparison/../benchmarks/part13/non-incremental/QF_BV/sage/app12/bench_3469.smt2,2.02674,0,12,成功
/pub/data/jiafq/iscas/Parser_Comparison/../benchmarks/part13/non-incremental/QF_BV/sage/app12/bench_347.smt2,7.68378,0,79,成功
/pub/data/jiafq/iscas/Parser_Comparison/../benchmarks/part13/non-incremental/QF_BV/sage/app12/bench_3470.smt2,120.608,0,2883,成功
/pub/data/jiafq/iscas/Parser_Comparison/../benchmarks/part13/non-incremental/QF_BV/sage/app12/bench_3471.smt2,2.05913,0,12,成功
/pub/data/jiafq/iscas/Parser_Comparison/../benchmarks/part13/non-incremental/QF_BV/sage/app12/bench_3472.smt2,1.85965,0,9,成功
/pub/data/jiafq/iscas/Parser_Comparison/../benchmarks/part13/non-incremental/QF_BV/sage/app12/bench_3473.smt2,2.57369,0,10,成功
/pub/data/jiafq/iscas/Parser_Comparison/../benchmarks/part13/non-incremental/QF_BV/sage/app12/bench_3474.smt2,1.96901,0,12,成功
/pub/data/jiafq/iscas/Parser_Comparison/../benchmarks/part13/non-incremental/QF_BV/sage/app12/bench_3475.smt2,2.35357,0,12,成功
/pub/data/jiafq/iscas/Parser_Comparison/../benchmarks/part13/non-incremental/QF_BV/sage/app12/bench_3476.smt2,2.76071,0,9,成功
/pub/data/jiafq/iscas/Parser_Comparison/../benchmarks/part13/non-incremental/QF_BV/sage/app12/bench_3477.smt2,2.79585,0,10,成功
/pub/data/jiafq/iscas/Parser_Comparison/../benchmarks/part13/non-incremental/QF_BV/sage/app12/bench_3478.smt2,2.57687,0,12,成功
/pub/data/jiafq/iscas/Parser_Comparison/../benchmarks/part13/non-incremental/QF_BV/sage/app12/bench_3479.smt2,3.03091,0,12,成功
/pub/data/jiafq/iscas/Parser_Comparison/../benchmarks/part13/non-incremental/QF_BV/sage/app12/bench_348.smt2,126.667,0,3114,成功
/pub/data/jiafq/iscas/Parser_Comparison/../benchmarks/part13/non-incremental/QF_BV/sage/app12/bench_3480.smt2,2.78166,0,9,成功
/pub/data/jiafq/iscas/Parser_Comparison/../benchmarks/part13/non-incremental/QF_BV/sage/app12/bench_3481.smt2,119.637,0,2883,成功
/pub/data/jiafq/iscas/Parser_Comparison/../benchmarks/part13/non-incremental/QF_BV/sage/app12/bench_3482.smt2,2.78459,0,10,成功
/pub/data/jiafq/iscas/Parser_Comparison/../benchmarks/part13/non-incremental/QF_BV/sage/app12/bench_3483.smt2,1.77703,252,12,成功
/pub/data/jiafq/iscas/Parser_Comparison/../benchmarks/part13/non-incremental/QF_BV/sage/app12/bench_3484.smt2,1.74055,0,12,成功
/pub/data/jiafq/iscas/Parser_Comparison/../benchmarks/part13/non-incremental/QF_BV/sage/app12/bench_3485.smt2,1.89858,0,9,成功
/pub/data/jiafq/iscas/Parser_Comparison/../benchmarks/part13/non-incremental/QF_BV/sage/app12/bench_3486.smt2,2.90995,0,10,成功
/pub/data/jiafq/iscas/Parser_Comparison/../benchmarks/part13/non-incremental/QF_BV/sage/app12/bench_3487.smt2,2.96324,0,12,成功
/pub/data/jiafq/iscas/Parser_Comparison/../benchmarks/part13/non-incremental/QF_BV/sage/app12/bench_3488.smt2,2.17999,0,12,成功
/pub/data/jiafq/iscas/Parser_Comparison/../benchmarks/part13/non-incremental/QF_BV/sage/app12/bench_3489.smt2,1.51371,0,9,成功
/pub/data/jiafq/iscas/Parser_Comparison/../benchmarks/part13/non-incremental/QF_BV/sage/app12/bench_349.smt2,84.7764,0,2074,成功
/pub/data/jiafq/iscas/Parser_Comparison/../benchmarks/part13/non-incremental/QF_BV/sage/app12/bench_3490.smt2,1.34383,0,10,成功
/pub/data/jiafq/iscas/Parser_Comparison/../benchmarks/part13/non-incremental/QF_BV/sage/app12/bench_3491.smt2,1.66377,0,12,成功
/pub/data/jiafq/iscas/Parser_Comparison/../benchmarks/part13/non-incremental/QF_BV/sage/app12/bench_3492.smt2,3.68526,0,54,成功
/pub/data/jiafq/iscas/Parser_Comparison/../benchmarks/part13/non-incremental/QF_BV/sage/app12/bench_3493.smt2,2.24259,0,12,成功
/pub/data/jiafq/iscas/Parser_Comparison/../benchmarks/part13/non-incremental/QF_BV/sage/app12/bench_3494.smt2,2.7567,0,9,成功
/pub/data/jiafq/iscas/Parser_Comparison/../benchmarks/part13/non-incremental/QF_BV/sage/app12/bench_3495.smt2,2.47149,0,10,成功
/pub/data/jiafq/iscas/Parser_Comparison/../benchmarks/part13/non-incremental/QF_BV/sage/app12/bench_3496.smt2,2.84265,0,12,成功
/pub/data/jiafq/iscas/Parser_Comparison/../benchmarks/part13/non-incremental/QF_BV/sage/app12/bench_3497.smt2,1.86863,0,12,成功
/pub/data/jiafq/iscas/Parser_Comparison/../benchmarks/part13/non-incremental/QF_BV/sage/app12/bench_3498.smt2,2.38472,0,9,成功
/pub/data/jiafq/iscas/Parser_Comparison/../benchmarks/part13/non-incremental/QF_BV/sage/app12/bench_3499.smt2,2.96189,0,10,成功
/pub/data/jiafq/iscas/Parser_Comparison/../benchmarks/part13/non-incremental/QF_BV/sage/app12/bench_35.smt2,2.04188,0,20,成功
/pub/data/jiafq/iscas/Parser_Comparison/../benchmarks/part13/non-incremental/QF_BV/sage/app12/bench_350.smt2,7.57001,0,76,成功
/pub/data/jiafq/iscas/Parser_Comparison/../benchmarks/part13/non-incremental/QF_BV/sage/app12/bench_3500.smt2,2.9332,0,12,成功
/pub/data/jiafq/iscas/Parser_Comparison/../benchmarks/part13/non-incremental/QF_BV/sage/app12/bench_3501.smt2,3.03461,0,12,成功
/pub/data/jiafq/iscas/Parser_Comparison/../benchmarks/part13/non-incremental/QF_BV/sage/app12/bench_3502.smt2,1.59024,0,9,成功
/pub/data/jiafq/iscas/Parser_Comparison/../benchmarks/part13/non-incremental/QF_BV/sage/app12/bench_3503.smt2,3.4763,0,53,成功
/pub/data/jiafq/iscas/Parser_Comparison/../benchmarks/part13/non-incremental/QF_BV/sage/app12/bench_3504.smt2,1.99111,0,10,成功
/pub/data/jiafq/iscas/Parser_Comparison/../benchmarks/part13/non-incremental/QF_BV/sage/app12/bench_3505.smt2,1.81171,0,12,成功
/pub/data/jiafq/iscas/Parser_Comparison/../benchmarks/part13/non-incremental/QF_BV/sage/app12/bench_3506.smt2,3.06453,0,12,成功
/pub/data/jiafq/iscas/Parser_Comparison/../benchmarks/part13/non-incremental/QF_BV/sage/app12/bench_3507.smt2,2.82879,0,9,成功
/pub/data/jiafq/iscas/Parser_Comparison/../benchmarks/part13/non-incremental/QF_BV/sage/app12/bench_3508.smt2,2.48473,0,10,成功
/pub/data/jiafq/iscas/Parser_Comparison/../benchmarks/part13/non-incremental/QF_BV/sage/app12/bench_3509.smt2,2.88894,0,12,成功
/pub/data/jiafq/iscas/Parser_Comparison/../benchmarks/part13/non-incremental/QF_BV/sage/app12/bench_351.smt2,4.90811,0,76,成功
/pub/data/jiafq/iscas/Parser_Comparison/../benchmarks/part13/non-incremental/QF_BV/sage/app12/bench_3510.smt2,2.50832,0,12,成功
/pub/data/jiafq/iscas/Parser_Comparison/../benchmarks/part13/non-incremental/QF_BV/sage/app12/bench_3511.smt2,2.71062,0,9,成功
/pub/data/jiafq/iscas/Parser_Comparison/../benchmarks/part13/non-incremental/QF_BV/sage/app12/bench_3512.smt2,2.6692,0,10,成功
/pub/data/jiafq/iscas/Parser_Comparison/../benchmarks/part13/non-incremental/QF_BV/sage/app12/bench_3513.smt2,2.87632,0,12,成功
/pub/data/jiafq/iscas/Parser_Comparison/../benchmarks/part13/non-incremental/QF_BV/sage/app12/bench_3514.smt2,3.19484,0,52,成功
/pub/data/jiafq/iscas/Parser_Comparison/../benchmarks/part13/non-incremental/QF_BV/sage/app12/bench_3515.smt2,1.97708,0,12,成功
/pub/data/jiafq/iscas/Parser_Comparison/../benchmarks/part13/non-incremental/QF_BV/sage/app12/bench_3516.smt2,1.77066,0,9,成功
/pub/data/jiafq/iscas/Parser_Comparison/../benchmarks/part13/non-incremental/QF_BV/sage/app12/bench_3517.smt2,2.42162,0,10,成功
/pub/data/jiafq/iscas/Parser_Comparison/../benchmarks/part13/non-incremental/QF_BV/sage/app12/bench_3518.smt2,2.07707,0,12,成功
/pub/data/jiafq/iscas/Parser_Comparison/../benchmarks/part13/non-incremental/QF_BV/sage/app12/bench_3519.smt2,2.8622,0,12,成功
/pub/data/jiafq/iscas/Parser_Comparison/../benchmarks/part13/non-incremental/QF_BV/sage/app12/bench_352.smt2,7.44356,0,76,成功
/pub/data/jiafq/iscas/Parser_Comparison/../benchmarks/part13/non-incremental/QF_BV/sage/app12/bench_3520.smt2,2.22343,0,9,成功
/pub/data/jiafq/iscas/Parser_Comparison/../benchmarks/part13/non-incremental/QF_BV/sage/app12/bench_3521.smt2,1.90527,0,10,成功
/pub/data/jiafq/iscas/Parser_Comparison/../benchmarks/part13/non-incremental/QF_BV/sage/app12/bench_3522.smt2,1.61831,0,12,成功
/pub/data/jiafq/iscas/Parser_Comparison/../benchmarks/part13/non-incremental/QF_BV/sage/app12/bench_3523.smt2,2.13253,0,12,成功
/pub/data/jiafq/iscas/Parser_Comparison/../benchmarks/part13/non-incremental/QF_BV/sage/app12/bench_3524.smt2,5.5727,0,47,成功
/pub/data/jiafq/iscas/Parser_Comparison/../benchmarks/part13/non-incremental/QF_BV/sage/app12/bench_3525.smt2,4.93909,0,45,成功
/pub/data/jiafq/iscas/Parser_Comparison/../benchmarks/part13/non-incremental/QF_BV/sage/app12/bench_3526.smt2,3.75565,0,46,成功
/pub/data/jiafq/iscas/Parser_Comparison/../benchmarks/part13/non-incremental/QF_BV/sage/app12/bench_3527.smt2,4.47538,220,45,成功
/pub/data/jiafq/iscas/Parser_Comparison/../benchmarks/part13/non-incremental/QF_BV/sage/app12/bench_3528.smt2,3.38278,0,43,成功
/pub/data/jiafq/iscas/Parser_Comparison/../benchmarks/part13/non-incremental/QF_BV/sage/app12/bench_3529.smt2,4.94381,0,41,成功
/pub/data/jiafq/iscas/Parser_Comparison/../benchmarks/part13/non-incremental/QF_BV/sage/app12/bench_353.smt2,86.2539,0,2074,成功
/pub/data/jiafq/iscas/Parser_Comparison/../benchmarks/part13/non-incremental/QF_BV/sage/app12/bench_3530.smt2,3.1591,0,41,成功
/pub/data/jiafq/iscas/Parser_Comparison/../benchmarks/part13/non-incremental/QF_BV/sage/app12/bench_3531.smt2,2.58984,0,42,成功
/pub/data/jiafq/iscas/Parser_Comparison/../benchmarks/part13/non-incremental/QF_BV/sage/app12/bench_3532.smt2,3.88759,0,37,成功
/pub/data/jiafq/iscas/Parser_Comparison/../benchmarks/part13/non-incremental/QF_BV/sage/app12/bench_3533.smt2,39.2342,0,922,成功
/pub/data/jiafq/iscas/Parser_Comparison/../benchmarks/part13/non-incremental/QF_BV/sage/app12/bench_3534.smt2,32.4095,0,922,成功
/pub/data/jiafq/iscas/Parser_Comparison/../benchmarks/part13/non-incremental/QF_BV/sage/app12/bench_3535.smt2,38.6154,0,918,成功
/pub/data/jiafq/iscas/Parser_Comparison/../benchmarks/part13/non-incremental/QF_BV/sage/app12/bench_3536.smt2,2.83251,0,44,成功
/pub/data/jiafq/iscas/Parser_Comparison/../benchmarks/part13/non-incremental/QF_BV/sage/app12/bench_3537.smt2,37.7291,0,918,成功
/pub/data/jiafq/iscas/Parser_Comparison/../benchmarks/part13/non-incremental/QF_BV/sage/app12/bench_3538.smt2,38.2848,0,922,成功
/pub/data/jiafq/iscas/Parser_Comparison/../benchmarks/part13/non-incremental/QF_BV/sage/app12/bench_3539.smt2,38.7107,0,922,成功
/pub/data/jiafq/iscas/Parser_Comparison/../benchmarks/part13/non-incremental/QF_BV/sage/app12/bench_354.smt2,81.3208,0,2074,成功
/pub/data/jiafq/iscas/Parser_Comparison/../benchmarks/part13/non-incremental/QF_BV/sage/app12/bench_3540.smt2,36.7505,0,918,成功
/pub/data/jiafq/iscas/Parser_Comparison/../benchmarks/part13/non-incremental/QF_BV/sage/app12/bench_3541.smt2,37.0796,0,918,成功
/pub/data/jiafq/iscas/Parser_Comparison/../benchmarks/part13/non-incremental/QF_BV/sage/app12/bench_3542.smt2,31.2095,0,916,成功
/pub/data/jiafq/iscas/Parser_Comparison/../benchmarks/part13/non-incremental/QF_BV/sage/app12/bench_3543.smt2,38.7329,0,921,成功
/pub/data/jiafq/iscas/Parser_Comparison/../benchmarks/part13/non-incremental/QF_BV/sage/app12/bench_3544.smt2,38.0223,0,921,成功
/pub/data/jiafq/iscas/Parser_Comparison/../benchmarks/part13/non-incremental/QF_BV/sage/app12/bench_3545.smt2,38.9988,0,917,成功
/pub/data/jiafq/iscas/Parser_Comparison/../benchmarks/part13/non-incremental/QF_BV/sage/app12/bench_3546.smt2,34.135,0,917,成功
/pub/data/jiafq/iscas/Parser_Comparison/../benchmarks/part13/non-incremental/QF_BV/sage/app12/bench_3547.smt2,2.39172,0,44,成功
/pub/data/jiafq/iscas/Parser_Comparison/../benchmarks/part13/non-incremental/QF_BV/sage/app12/bench_3548.smt2,31.2554,0,915,成功
/pub/data/jiafq/iscas/Parser_Comparison/../benchmarks/part13/non-incremental/QF_BV/sage/app12/bench_3549.smt2,31.6868,0,920,成功
/pub/data/jiafq/iscas/Parser_Comparison/../benchmarks/part13/non-incremental/QF_BV/sage/app12/bench_355.smt2,3.5698,0,76,成功
/pub/data/jiafq/iscas/Parser_Comparison/../benchmarks/part13/non-incremental/QF_BV/sage/app12/bench_3550.smt2,34.4266,0,920,成功
/pub/data/jiafq/iscas/Parser_Comparison/../benchmarks/part13/non-incremental/QF_BV/sage/app12/bench_3551.smt2,36.4412,0,916,成功
/pub/data/jiafq/iscas/Parser_Comparison/../benchmarks/part13/non-incremental/QF_BV/sage/app12/bench_3552.smt2,32.5219,0,916,成功
/pub/data/jiafq/iscas/Parser_Comparison/../benchmarks/part13/non-incremental/QF_BV/sage/app12/bench_3553.smt2,31.1915,0,914,成功
/pub/data/jiafq/iscas/Parser_Comparison/../benchmarks/part13/non-incremental/QF_BV/sage/app12/bench_3554.smt2,31.3727,0,919,成功
/pub/data/jiafq/iscas/Parser_Comparison/../benchmarks/part13/non-incremental/QF_BV/sage/app12/bench_3555.smt2,32.6251,0,919,成功
/pub/data/jiafq/iscas/Parser_Comparison/../benchmarks/part13/non-incremental/QF_BV/sage/app12/bench_3556.smt2,31.6295,0,915,成功
/pub/data/jiafq/iscas/Parser_Comparison/../benchmarks/part13/non-incremental/QF_BV/sage/app12/bench_3557.smt2,34.4527,224,915,成功
/pub/data/jiafq/iscas/Parser_Comparison/../benchmarks/part13/non-incremental/QF_BV/sage/app12/bench_3558.smt2,142.101,0,3139,成功
/pub/data/jiafq/iscas/Parser_Comparison/../benchmarks/part13/non-incremental/QF_BV/sage/app12/bench_3559.smt2,3.10395,0,43,成功
/pub/data/jiafq/iscas/Parser_Comparison/../benchmarks/part13/non-incremental/QF_BV/sage/app12/bench_356.smt2,5.47157,0,76,成功
/pub/data/jiafq/iscas/Parser_Comparison/../benchmarks/part13/non-incremental/QF_BV/sage/app12/bench_3560.smt2,32.2451,0,913,成功
/pub/data/jiafq/iscas/Parser_Comparison/../benchmarks/part13/non-incremental/QF_BV/sage/app12/bench_3561.smt2,32.8262,0,918,成功
/pub/data/jiafq/iscas/Parser_Comparison/../benchmarks/part13/non-incremental/QF_BV/sage/app12/bench_3562.smt2,37.7922,0,918,成功
/pub/data/jiafq/iscas/Parser_Comparison/../benchmarks/part13/non-incremental/QF_BV/sage/app12/bench_3563.smt2,34.6386,0,914,成功
/pub/data/jiafq/iscas/Parser_Comparison/../benchmarks/part13/non-incremental/QF_BV/sage/app12/bench_3564.smt2,35.895,0,914,成功
/pub/data/jiafq/iscas/Parser_Comparison/../benchmarks/part13/non-incremental/QF_BV/sage/app12/bench_3565.smt2,32.6417,0,912,成功
/pub/data/jiafq/iscas/Parser_Comparison/../benchmarks/part13/non-incremental/QF_BV/sage/app12/bench_3566.smt2,38.5122,0,917,成功
/pub/data/jiafq/iscas/Parser_Comparison/../benchmarks/part13/non-incremental/QF_BV/sage/app12/bench_3567.smt2,32.3272,0,917,成功
/pub/data/jiafq/iscas/Parser_Comparison/../benchmarks/part13/non-incremental/QF_BV/sage/app12/bench_3568.smt2,39.9437,0,913,成功
/pub/data/jiafq/iscas/Parser_Comparison/../benchmarks/part13/non-incremental/QF_BV/sage/app12/bench_3569.smt2,38.2669,0,913,成功
/pub/data/jiafq/iscas/Parser_Comparison/../benchmarks/part13/non-incremental/QF_BV/sage/app12/bench_357.smt2,76.3216,0,2074,成功
/pub/data/jiafq/iscas/Parser_Comparison/../benchmarks/part13/non-incremental/QF_BV/sage/app12/bench_3570.smt2,4.55722,0,43,成功
/pub/data/jiafq/iscas/Parser_Comparison/../benchmarks/part13/non-incremental/QF_BV/sage/app12/bench_3571.smt2,36.0537,0,911,成功
/pub/data/jiafq/iscas/Parser_Comparison/../benchmarks/part13/non-incremental/QF_BV/sage/app12/bench_3572.smt2,31.1213,0,916,成功
/pub/data/jiafq/iscas/Parser_Comparison/../benchmarks/part13/non-incremental/QF_BV/sage/app12/bench_3573.smt2,37.9692,0,916,成功
/pub/data/jiafq/iscas/Parser_Comparison/../benchmarks/part13/non-incremental/QF_BV/sage/app12/bench_3574.smt2,33.1889,0,912,成功
/pub/data/jiafq/iscas/Parser_Comparison/../benchmarks/part13/non-incremental/QF_BV/sage/app12/bench_3575.smt2,36.2332,0,912,成功
/pub/data/jiafq/iscas/Parser_Comparison/../benchmarks/part13/non-incremental/QF_BV/sage/app12/bench_3576.smt2,30.8863,0,910,成功
/pub/data/jiafq/iscas/Parser_Comparison/../benchmarks/part13/non-incremental/QF_BV/sage/app12/bench_3577.smt2,28.7658,0,915,成功
/pub/data/jiafq/iscas/Parser_Comparison/../benchmarks/part13/non-incremental/QF_BV/sage/app12/bench_3578.smt2,33.601,0,915,成功
/pub/data/jiafq/iscas/Parser_Comparison/../benchmarks/part13/non-incremental/QF_BV/sage/app12/bench_3579.smt2,37.7464,0,911,成功
/pub/data/jiafq/iscas/Parser_Comparison/../benchmarks/part13/non-incremental/QF_BV/sage/app12/bench_358.smt2,87.5043,0,2074,成功
/pub/data/jiafq/iscas/Parser_Comparison/../benchmarks/part13/non-incremental/QF_BV/sage/app12/bench_3580.smt2,36.8499,0,911,成功
/pub/data/jiafq/iscas/Parser_Comparison/../benchmarks/part13/non-incremental/QF_BV/sage/app12/bench_3581.smt2,116.561,0,2883,成功
/pub/data/jiafq/iscas/Parser_Comparison/../benchmarks/part13/non-incremental/QF_BV/sage/app12/bench_3582.smt2,37.8247,0,909,成功
/pub/data/jiafq/iscas/Parser_Comparison/../benchmarks/part13/non-incremental/QF_BV/sage/app12/bench_3583.smt2,36.9167,0,914,成功
/pub/data/jiafq/iscas/Parser_Comparison/../benchmarks/part13/non-incremental/QF_BV/sage/app12/bench_3584.smt2,33.7894,0,914,成功
/pub/data/jiafq/iscas/Parser_Comparison/../benchmarks/part13/non-incremental/QF_BV/sage/app12/bench_3585.smt2,29.9719,0,910,成功
/pub/data/jiafq/iscas/Parser_Comparison/../benchmarks/part13/non-incremental/QF_BV/sage/app12/bench_3586.smt2,36.7889,0,910,成功
/pub/data/jiafq/iscas/Parser_Comparison/../benchmarks/part13/non-incremental/QF_BV/sage/app12/bench_3587.smt2,38.108,0,908,成功
/pub/data/jiafq/iscas/Parser_Comparison/../benchmarks/part13/non-incremental/QF_BV/sage/app12/bench_3588.smt2,32.9264,0,913,成功
/pub/data/jiafq/iscas/Parser_Comparison/../benchmarks/part13/non-incremental/QF_BV/sage/app12/bench_3589.smt2,30.5969,0,913,成功
/pub/data/jiafq/iscas/Parser_Comparison/../benchmarks/part13/non-incremental/QF_BV/sage/app12/bench_359.smt2,127.503,0,3114,成功
/pub/data/jiafq/iscas/Parser_Comparison/../benchmarks/part13/non-incremental/QF_BV/sage/app12/bench_3590.smt2,30.7631,0,909,成功
/pub/data/jiafq/iscas/Parser_Comparison/../benchmarks/part13/non-incremental/QF_BV/sage/app12/bench_3591.smt2,38.9309,0,909,成功
/pub/data/jiafq/iscas/Parser_Comparison/../benchmarks/part13/non-incremental/QF_BV/sage/app12/bench_3592.smt2,122.851,0,2878,成功
/pub/data/jiafq/iscas/Parser_Comparison/../benchmarks/part13/non-incremental/QF_BV/sage/app12/bench_3593.smt2,33.5248,0,907,成功
/pub/data/jiafq/iscas/Parser_Comparison/../benchmarks/part13/non-incremental/QF_BV/sage/app12/bench_3594.smt2,36.7329,228,912,成功
/pub/data/jiafq/iscas/Parser_Comparison/../benchmarks/part13/non-incremental/QF_BV/sage/app12/bench_3595.smt2,37.0296,0,912,成功
/pub/data/jiafq/iscas/Parser_Comparison/../benchmarks/part13/non-incremental/QF_BV/sage/app12/bench_3596.smt2,34.7779,0,908,成功
/pub/data/jiafq/iscas/Parser_Comparison/../benchmarks/part13/non-incremental/QF_BV/sage/app12/bench_3597.smt2,29.698,0,908,成功
/pub/data/jiafq/iscas/Parser_Comparison/../benchmarks/part13/non-incremental/QF_BV/sage/app12/bench_3598.smt2,35.2678,0,906,成功
/pub/data/jiafq/iscas/Parser_Comparison/../benchmarks/part13/non-incremental/QF_BV/sage/app12/bench_3599.smt2,31.5845,0,906,成功
/pub/data/jiafq/iscas/Parser_Comparison/../benchmarks/part13/non-incremental/QF_BV/sage/app12/bench_36.smt2,3.35776,0,17,成功
/pub/data/jiafq/iscas/Parser_Comparison/../benchmarks/part13/non-incremental/QF_BV/sage/app12/bench_360.smt2,4.40464,0,73,成功
/pub/data/jiafq/iscas/Parser_Comparison/../benchmarks/part13/non-incremental/QF_BV/sage/app12/bench_3600.smt2,30.2648,0,904,成功
/pub/data/jiafq/iscas/Parser_Comparison/../benchmarks/part13/non-incremental/QF_BV/sage/app12/bench_3601.smt2,28.5467,0,645,成功
/pub/data/jiafq/iscas/Parser_Comparison/../benchmarks/part13/non-incremental/QF_BV/sage/app12/bench_3602.smt2,23.5678,0,643,成功
/pub/data/jiafq/iscas/Parser_Comparison/../benchmarks/part13/non-incremental/QF_BV/sage/app12/bench_3603.smt2,5.24205,0,126,成功
/pub/data/jiafq/iscas/Parser_Comparison/../benchmarks/part13/non-incremental/QF_BV/sage/app12/bench_3604.smt2,26.4424,0,637,成功
/pub/data/jiafq/iscas/Parser_Comparison/../benchmarks/part13/non-incremental/QF_BV/sage/app12/bench_3605.smt2,21.2585,0,622,成功
/pub/data/jiafq/iscas/Parser_Comparison/../benchmarks/part13/non-incremental/QF_BV/sage/app12/bench_3606.smt2,29.7776,0,622,成功
/pub/data/jiafq/iscas/Parser_Comparison/../benchmarks/part13/non-incremental/QF_BV/sage/app12/bench_3607.smt2,27.7829,0,618,成功
/pub/data/jiafq/iscas/Parser_Comparison/../benchmarks/part13/non-incremental/QF_BV/sage/app12/bench_3608.smt2,25.3624,0,618,成功
/pub/data/jiafq/iscas/Parser_Comparison/../benchmarks/part13/non-incremental/QF_BV/sage/app12/bench_3609.smt2,23.2023,0,617,成功
平均值,16.1506,9.78,370.655,100%
