文件名,解析时间(ms),内存使用(KB),AST节点数量,结果
/pub/data/jiafq/iscas/Parser_Comparison/../benchmarks/part41/non-incremental/QF_IDL/RTCL/b01_tf_15/ckt_PROP0_tf_15.smt2,0,0,0,失败
/pub/data/jiafq/iscas/Parser_Comparison/../benchmarks/part41/non-incremental/QF_IDL/RTCL/b01_tf_20/ckt_PROP0_tf_20.smt2,0,0,0,失败
/pub/data/jiafq/iscas/Parser_Comparison/../benchmarks/part41/non-incremental/QF_IDL/RTCL/b02_tf_15/ckt_PROP0_tf_15.smt2,0,0,0,失败
/pub/data/jiafq/iscas/Parser_Comparison/../benchmarks/part41/non-incremental/QF_IDL/RTCL/b02_tf_20/ckt_PROP0_tf_20.smt2,0,0,0,失败
/pub/data/jiafq/iscas/Parser_Comparison/../benchmarks/part41/non-incremental/QF_IDL/RTCL/b13_tf_10/ckt_PROP1_tf_10.smt2,32.0179,528,49416306,成功
/pub/data/jiafq/iscas/Parser_Comparison/../benchmarks/part41/non-incremental/QF_IDL/RTCL/b13_tf_10/ckt_PROP2_tf_10.smt2,28.0557,528,6190410,成功
/pub/data/jiafq/iscas/Parser_Comparison/../benchmarks/part41/non-incremental/QF_IDL/RTCL/b13_tf_10/ckt_PROP3_tf_10.smt2,0,0,0,失败
/pub/data/jiafq/iscas/Parser_Comparison/../benchmarks/part41/non-incremental/QF_IDL/RTCL/b13_tf_10/ckt_PROP5_tf_10.smt2,0,0,0,失败
/pub/data/jiafq/iscas/Parser_Comparison/../benchmarks/part41/non-incremental/QF_IDL/RTCL/b13_tf_10/ckt_PROP8_tf_10.smt2,0,0,0,失败
/pub/data/jiafq/iscas/Parser_Comparison/../benchmarks/part41/non-incremental/QF_IDL/RTCL/b13_tf_12_PROP4/ckt_PROP4_tf_12.smt2,0,0,0,失败
/pub/data/jiafq/iscas/Parser_Comparison/../benchmarks/part41/non-incremental/QF_IDL/RTCL/b13_tf_13_PROP40/ckt_PROP40_tf_13.smt2,0,0,0,失败
/pub/data/jiafq/iscas/Parser_Comparison/../benchmarks/part41/non-incremental/QF_IDL/RTCL/b13_tf_15/ckt_PROP1_tf_15.smt2,0,0,0,失败
/pub/data/jiafq/iscas/Parser_Comparison/../benchmarks/part41/non-incremental/QF_IDL/RTCL/b13_tf_15/ckt_PROP2_tf_15.smt2,0,0,0,失败
/pub/data/jiafq/iscas/Parser_Comparison/../benchmarks/part41/non-incremental/QF_IDL/RTCL/b13_tf_15/ckt_PROP3_tf_15.smt2,0,0,0,失败
/pub/data/jiafq/iscas/Parser_Comparison/../benchmarks/part41/non-incremental/QF_IDL/RTCL/b13_tf_15/ckt_PROP5_tf_15.smt2,0,0,0,失败
/pub/data/jiafq/iscas/Parser_Comparison/../benchmarks/part41/non-incremental/QF_IDL/RTCL/b13_tf_15/ckt_PROP8_tf_15.smt2,0,0,0,失败
/pub/data/jiafq/iscas/Parser_Comparison/../benchmarks/part41/non-incremental/QF_IDL/RTCL/b13_tf_20/ckt_PROP1_tf_20.smt2,0,0,0,失败
/pub/data/jiafq/iscas/Parser_Comparison/../benchmarks/part41/non-incremental/QF_IDL/RTCL/b13_tf_20/ckt_PROP2_tf_20.smt2,0,0,0,失败
/pub/data/jiafq/iscas/Parser_Comparison/../benchmarks/part41/non-incremental/QF_IDL/RTCL/b13_tf_20/ckt_PROP3_tf_20.smt2,0,0,0,失败
/pub/data/jiafq/iscas/Parser_Comparison/../benchmarks/part41/non-incremental/QF_IDL/RTCL/b13_tf_20/ckt_PROP5_tf_20.smt2,0,0,0,失败
/pub/data/jiafq/iscas/Parser_Comparison/../benchmarks/part41/non-incremental/QF_IDL/RTCL/b13_tf_20/ckt_PROP8_tf_20.smt2,0,0,0,失败
/pub/data/jiafq/iscas/Parser_Comparison/../benchmarks/part41/non-incremental/QF_IDL/RTCL/b13_tf_25/ckt_PROP1_tf_25.smt2,0,0,0,失败
/pub/data/jiafq/iscas/Parser_Comparison/../benchmarks/part41/non-incremental/QF_IDL/RTCL/b13_tf_25/ckt_PROP2_tf_25.smt2,0,0,0,失败
/pub/data/jiafq/iscas/Parser_Comparison/../benchmarks/part41/non-incremental/QF_IDL/RTCL/b13_tf_25/ckt_PROP3_tf_25.smt2,0,0,0,失败
/pub/data/jiafq/iscas/Parser_Comparison/../benchmarks/part41/non-incremental/QF_IDL/RTCL/b13_tf_25/ckt_PROP5_tf_25.smt2,0,0,0,失败
/pub/data/jiafq/iscas/Parser_Comparison/../benchmarks/part41/non-incremental/QF_IDL/RTCL/b13_tf_25/ckt_PROP8_tf_25.smt2,0,0,0,失败
/pub/data/jiafq/iscas/Parser_Comparison/../benchmarks/part41/non-incremental/QF_IDL/RTCL/b13_tf_30/ckt_PROP1_tf_30.smt2,0,0,0,失败
/pub/data/jiafq/iscas/Parser_Comparison/../benchmarks/part41/non-incremental/QF_IDL/RTCL/b13_tf_30/ckt_PROP2_tf_30.smt2,0,0,0,失败
/pub/data/jiafq/iscas/Parser_Comparison/../benchmarks/part41/non-incremental/QF_IDL/RTCL/b13_tf_30/ckt_PROP3_tf_30.smt2,0,0,0,失败
/pub/data/jiafq/iscas/Parser_Comparison/../benchmarks/part41/non-incremental/QF_IDL/RTCL/b13_tf_30/ckt_PROP5_tf_30.smt2,0,0,0,失败
/pub/data/jiafq/iscas/Parser_Comparison/../benchmarks/part41/non-incremental/QF_IDL/RTCL/b13_tf_30/ckt_PROP8_tf_30.smt2,0,0,0,失败
/pub/data/jiafq/iscas/Parser_Comparison/../benchmarks/part41/non-incremental/QF_IDL/RTCL/b13_tf_9_PROP14/ckt_PROP14_tf_9.smt2,29.7463,528,7452331,成功
/pub/data/jiafq/iscas/Parser_Comparison/../benchmarks/part41/non-incremental/QF_IDL/RTCL/b13_tf_9_PROP7/ckt_PROP7_tf_9.smt2,29.2745,528,7938908,成功
/pub/data/jiafq/iscas/Parser_Comparison/../benchmarks/part41/non-incremental/QF_IDL/qlock/qlock-4-10-24.induction.cvc.smt2,521.006,9760,81757,成功
/pub/data/jiafq/iscas/Parser_Comparison/../benchmarks/part41/non-incremental/QF_IDL/qlock/qlock-4-10-25.base.cvc.smt2,540.342,9940,85519,成功
/pub/data/jiafq/iscas/Parser_Comparison/../benchmarks/part41/non-incremental/QF_IDL/qlock/qlock-4-10-25.induction.cvc.smt2,532.293,9808,84892,成功
/pub/data/jiafq/iscas/Parser_Comparison/../benchmarks/part41/non-incremental/QF_IDL/qlock/qlock-4-10-26.base.cvc.smt2,560.481,10252,88679,成功
/pub/data/jiafq/iscas/Parser_Comparison/../benchmarks/part41/non-incremental/QF_IDL/qlock/qlock-4-10-26.induction.cvc.smt2,562.605,10280,88026,成功
/pub/data/jiafq/iscas/Parser_Comparison/../benchmarks/part41/non-incremental/QF_IDL/qlock/qlock-4-10-27.base.cvc.smt2,588.927,10556,91840,成功
/pub/data/jiafq/iscas/Parser_Comparison/../benchmarks/part41/non-incremental/QF_IDL/qlock/qlock-4-10-27.induction.cvc.smt2,585.659,10596,91161,成功
/pub/data/jiafq/iscas/Parser_Comparison/../benchmarks/part41/non-incremental/QF_IDL/qlock/qlock-4-10-28.base.cvc.smt2,607.55,10872,95000,成功
/pub/data/jiafq/iscas/Parser_Comparison/../benchmarks/part41/non-incremental/QF_IDL/qlock/qlock-4-10-28.induction.cvc.smt2,611.528,10908,94295,成功
/pub/data/jiafq/iscas/Parser_Comparison/../benchmarks/part41/non-incremental/QF_IDL/qlock/qlock-4-10-29.base.cvc.smt2,617.658,11184,98161,成功
/pub/data/jiafq/iscas/Parser_Comparison/../benchmarks/part41/non-incremental/QF_IDL/qlock/qlock-4-10-29.induction.cvc.smt2,613.344,11216,97430,成功
/pub/data/jiafq/iscas/Parser_Comparison/../benchmarks/part41/non-incremental/QF_IDL/qlock/qlock-4-10-30.base.cvc.smt2,647.995,11492,101321,成功
/pub/data/jiafq/iscas/Parser_Comparison/../benchmarks/part41/non-incremental/QF_IDL/qlock/qlock-4-10-30.induction.cvc.smt2,640.746,11264,100564,成功
/pub/data/jiafq/iscas/Parser_Comparison/../benchmarks/part41/non-incremental/QF_IDL/qlock/qlock-4-10-31.base.cvc.smt2,665.511,11696,104482,成功
/pub/data/jiafq/iscas/Parser_Comparison/../benchmarks/part41/non-incremental/QF_IDL/qlock/qlock-4-10-31.induction.cvc.smt2,651.876,11744,103699,成功
/pub/data/jiafq/iscas/Parser_Comparison/../benchmarks/part41/non-incremental/QF_IDL/qlock/qlock-4-10-32.base.cvc.smt2,755.984,12008,107642,成功
/pub/data/jiafq/iscas/Parser_Comparison/../benchmarks/part41/non-incremental/QF_IDL/qlock/qlock-4-10-32.induction.cvc.smt2,710.102,12004,106833,成功
/pub/data/jiafq/iscas/Parser_Comparison/../benchmarks/part41/non-incremental/QF_IDL/qlock/qlock-4-10-33.base.cvc.smt2,715.387,12296,110803,成功
/pub/data/jiafq/iscas/Parser_Comparison/../benchmarks/part41/non-incremental/QF_IDL/qlock/qlock-4-10-33.induction.cvc.smt2,714.579,12304,109968,成功
/pub/data/jiafq/iscas/Parser_Comparison/../benchmarks/part41/non-incremental/QF_IDL/qlock/qlock-4-10-34.base.cvc.smt2,739.319,12604,113963,成功
/pub/data/jiafq/iscas/Parser_Comparison/../benchmarks/part41/non-incremental/QF_IDL/qlock/qlock-4-10-34.induction.cvc.smt2,732.001,12616,113102,成功
/pub/data/jiafq/iscas/Parser_Comparison/../benchmarks/part41/non-incremental/QF_IDL/qlock/qlock-4-10-35.base.cvc.smt2,742.727,12888,117124,成功
/pub/data/jiafq/iscas/Parser_Comparison/../benchmarks/part41/non-incremental/QF_IDL/qlock/qlock-4-10-35.induction.cvc.smt2,760.329,12924,116237,成功
/pub/data/jiafq/iscas/Parser_Comparison/../benchmarks/part41/non-incremental/QF_IDL/qlock/qlock-4-10-36.base.cvc.smt2,782.525,13192,120284,成功
/pub/data/jiafq/iscas/Parser_Comparison/../benchmarks/part41/non-incremental/QF_IDL/qlock/qlock-4-10-36.induction.cvc.smt2,780.112,12996,119371,成功
/pub/data/jiafq/iscas/Parser_Comparison/../benchmarks/part41/non-incremental/QF_IDL/qlock/qlock-4-10-37.base.cvc.smt2,779.884,13236,123445,成功
/pub/data/jiafq/iscas/Parser_Comparison/../benchmarks/part41/non-incremental/QF_IDL/qlock/qlock-4-10-37.induction.cvc.smt2,792.784,13280,122506,成功
/pub/data/jiafq/iscas/Parser_Comparison/../benchmarks/part41/non-incremental/QF_IDL/qlock/qlock-4-10-38.base.cvc.smt2,810.522,13548,126605,成功
/pub/data/jiafq/iscas/Parser_Comparison/../benchmarks/part41/non-incremental/QF_IDL/qlock/qlock-4-10-38.induction.cvc.smt2,823.352,13592,125640,成功
/pub/data/jiafq/iscas/Parser_Comparison/../benchmarks/part41/non-incremental/QF_IDL/qlock/qlock-4-10-39.base.cvc.smt2,839.54,13848,129766,成功
/pub/data/jiafq/iscas/Parser_Comparison/../benchmarks/part41/non-incremental/QF_IDL/qlock/qlock-4-10-39.induction.cvc.smt2,837.356,13900,128775,成功
/pub/data/jiafq/iscas/Parser_Comparison/../benchmarks/part41/non-incremental/QF_IDL/qlock/qlock-4-10-40.base.cvc.smt2,870.628,14160,132926,成功
/pub/data/jiafq/iscas/Parser_Comparison/../benchmarks/part41/non-incremental/QF_IDL/qlock/qlock-4-10-40.induction.cvc.smt2,874.043,14208,131909,成功
/pub/data/jiafq/iscas/Parser_Comparison/../benchmarks/part41/non-incremental/QF_IDL/qlock/qlock-4-10-5.base.cvc.smt2,108.412,1848,17551,成功
/pub/data/jiafq/iscas/Parser_Comparison/../benchmarks/part41/non-incremental/QF_IDL/qlock/qlock-4-10-5.induction.cvc.smt2,106.801,1848,17379,成功
/pub/data/jiafq/iscas/Parser_Comparison/../benchmarks/part41/non-incremental/QF_IDL/qlock/qlock-4-10-6.base.cvc.smt2,129.084,2648,20965,成功
/pub/data/jiafq/iscas/Parser_Comparison/../benchmarks/part41/non-incremental/QF_IDL/qlock/qlock-4-10-6.induction.cvc.smt2,131.265,2644,20793,成功
/pub/data/jiafq/iscas/Parser_Comparison/../benchmarks/part41/non-incremental/QF_IDL/qlock/qlock-4-10-7.base.cvc.smt2,154.451,2904,24379,成功
/pub/data/jiafq/iscas/Parser_Comparison/../benchmarks/part41/non-incremental/QF_IDL/qlock/qlock-4-10-7.induction.cvc.smt2,153.925,2904,24207,成功
/pub/data/jiafq/iscas/Parser_Comparison/../benchmarks/part41/non-incremental/QF_IDL/qlock/qlock-4-10-8.base.cvc.smt2,173.839,3168,27793,成功
/pub/data/jiafq/iscas/Parser_Comparison/../benchmarks/part41/non-incremental/QF_IDL/qlock/qlock-4-10-8.induction.cvc.smt2,174.23,3184,27621,成功
/pub/data/jiafq/iscas/Parser_Comparison/../benchmarks/part41/non-incremental/QF_IDL/qlock/qlock-4-10-9.base.cvc.smt2,192.086,3484,31207,成功
/pub/data/jiafq/iscas/Parser_Comparison/../benchmarks/part41/non-incremental/QF_IDL/qlock/qlock-4-10-9.induction.cvc.smt2,192.619,3488,31035,成功
/pub/data/jiafq/iscas/Parser_Comparison/../benchmarks/part41/non-incremental/QF_IDL/queens_bench/n_queen/queen10-1.smt2,9.29594,264,821,成功
/pub/data/jiafq/iscas/Parser_Comparison/../benchmarks/part41/non-incremental/QF_IDL/queens_bench/n_queen/queen100-1.smt2,763.485,12052,80201,成功
/pub/data/jiafq/iscas/Parser_Comparison/../benchmarks/part41/non-incremental/QF_IDL/queens_bench/n_queen/queen11-1.smt2,10.3929,264,991,成功
/pub/data/jiafq/iscas/Parser_Comparison/../benchmarks/part41/non-incremental/QF_IDL/queens_bench/n_queen/queen12-1.smt2,12.6371,264,1177,成功
/pub/data/jiafq/iscas/Parser_Comparison/../benchmarks/part41/non-incremental/QF_IDL/queens_bench/n_queen/queen13-1.smt2,14.6291,264,1379,成功
/pub/data/jiafq/iscas/Parser_Comparison/../benchmarks/part41/non-incremental/QF_IDL/queens_bench/n_queen/queen14-1.smt2,16.6214,264,1597,成功
/pub/data/jiafq/iscas/Parser_Comparison/../benchmarks/part41/non-incremental/QF_IDL/queens_bench/n_queen/queen15-1.smt2,18.8758,528,1831,成功
/pub/data/jiafq/iscas/Parser_Comparison/../benchmarks/part41/non-incremental/QF_IDL/queens_bench/n_queen/queen16-1.smt2,21.2893,528,2081,成功
/pub/data/jiafq/iscas/Parser_Comparison/../benchmarks/part41/non-incremental/QF_IDL/queens_bench/n_queen/queen17-1.smt2,23.9587,528,2347,成功
/pub/data/jiafq/iscas/Parser_Comparison/../benchmarks/part41/non-incremental/QF_IDL/queens_bench/n_queen/queen18-1.smt2,26.4776,528,2629,成功
/pub/data/jiafq/iscas/Parser_Comparison/../benchmarks/part41/non-incremental/QF_IDL/queens_bench/n_queen/queen19-1.smt2,29.4948,528,2927,成功
/pub/data/jiafq/iscas/Parser_Comparison/../benchmarks/part41/non-incremental/QF_IDL/queens_bench/n_queen/queen20-1.smt2,32.2967,792,3241,成功
/pub/data/jiafq/iscas/Parser_Comparison/../benchmarks/part41/non-incremental/QF_IDL/queens_bench/n_queen/queen21-1.smt2,35.2983,792,3571,成功
/pub/data/jiafq/iscas/Parser_Comparison/../benchmarks/part41/non-incremental/QF_IDL/queens_bench/n_queen/queen22-1.smt2,45.5623,792,3917,成功
/pub/data/jiafq/iscas/Parser_Comparison/../benchmarks/part41/non-incremental/QF_IDL/queens_bench/n_queen/queen23-1.smt2,41.5683,792,4279,成功
/pub/data/jiafq/iscas/Parser_Comparison/../benchmarks/part41/non-incremental/QF_IDL/queens_bench/n_queen/queen24-1.smt2,45.0881,792,4657,成功
/pub/data/jiafq/iscas/Parser_Comparison/../benchmarks/part41/non-incremental/QF_IDL/queens_bench/n_queen/queen25-1.smt2,49.4256,1056,5051,成功
/pub/data/jiafq/iscas/Parser_Comparison/../benchmarks/part41/non-incremental/QF_IDL/queens_bench/n_queen/queen26-1.smt2,52.1612,1056,5461,成功
/pub/data/jiafq/iscas/Parser_Comparison/../benchmarks/part41/non-incremental/QF_IDL/queens_bench/n_queen/queen27-1.smt2,56.6735,1056,5887,成功
/pub/data/jiafq/iscas/Parser_Comparison/../benchmarks/part41/non-incremental/QF_IDL/queens_bench/n_queen/queen28-1.smt2,61.1572,1320,6329,成功
/pub/data/jiafq/iscas/Parser_Comparison/../benchmarks/part41/non-incremental/QF_IDL/queens_bench/n_queen/queen29-1.smt2,64.1422,1320,6787,成功
/pub/data/jiafq/iscas/Parser_Comparison/../benchmarks/part41/non-incremental/QF_IDL/queens_bench/n_queen/queen3-1.smt2,1.43409,0,79,成功
/pub/data/jiafq/iscas/Parser_Comparison/../benchmarks/part41/non-incremental/QF_IDL/queens_bench/n_queen/queen30-1.smt2,70.6182,1320,7261,成功
/pub/data/jiafq/iscas/Parser_Comparison/../benchmarks/part41/non-incremental/QF_IDL/queens_bench/n_queen/queen31-1.smt2,75.0721,1320,7751,成功
/pub/data/jiafq/iscas/Parser_Comparison/../benchmarks/part41/non-incremental/QF_IDL/queens_bench/n_queen/queen32-1.smt2,79.6168,1320,8257,成功
/pub/data/jiafq/iscas/Parser_Comparison/../benchmarks/part41/non-incremental/QF_IDL/queens_bench/n_queen/queen33-1.smt2,86.1104,1584,8779,成功
/pub/data/jiafq/iscas/Parser_Comparison/../benchmarks/part41/non-incremental/QF_IDL/queens_bench/n_queen/queen34-1.smt2,90.0953,1584,9317,成功
/pub/data/jiafq/iscas/Parser_Comparison/../benchmarks/part41/non-incremental/QF_IDL/queens_bench/n_queen/queen35-1.smt2,92.2003,1848,9871,成功
/pub/data/jiafq/iscas/Parser_Comparison/../benchmarks/part41/non-incremental/QF_IDL/queens_bench/n_queen/queen36-1.smt2,97.9218,1584,10441,成功
/pub/data/jiafq/iscas/Parser_Comparison/../benchmarks/part41/non-incremental/QF_IDL/queens_bench/n_queen/queen37-1.smt2,103.677,1848,11027,成功
/pub/data/jiafq/iscas/Parser_Comparison/../benchmarks/part41/non-incremental/QF_IDL/queens_bench/n_queen/queen38-1.smt2,112.112,1848,11629,成功
/pub/data/jiafq/iscas/Parser_Comparison/../benchmarks/part41/non-incremental/QF_IDL/queens_bench/n_queen/queen39-1.smt2,117.51,2112,12247,成功
/pub/data/jiafq/iscas/Parser_Comparison/../benchmarks/part41/non-incremental/QF_IDL/queens_bench/n_queen/queen4-1.smt2,1.99509,0,137,成功
/pub/data/jiafq/iscas/Parser_Comparison/../benchmarks/part41/non-incremental/QF_IDL/queens_bench/n_queen/queen40-1.smt2,119.742,2376,12881,成功
/pub/data/jiafq/iscas/Parser_Comparison/../benchmarks/part41/non-incremental/QF_IDL/queens_bench/n_queen/queen41-1.smt2,123.487,2376,13531,成功
/pub/data/jiafq/iscas/Parser_Comparison/../benchmarks/part41/non-incremental/QF_IDL/queens_bench/n_queen/queen42-1.smt2,130.018,2640,14197,成功
/pub/data/jiafq/iscas/Parser_Comparison/../benchmarks/part41/non-incremental/QF_IDL/queens_bench/n_queen/queen43-1.smt2,141.941,2640,14879,成功
/pub/data/jiafq/iscas/Parser_Comparison/../benchmarks/part41/non-incremental/QF_IDL/queens_bench/n_queen/queen44-1.smt2,148.057,2640,15577,成功
/pub/data/jiafq/iscas/Parser_Comparison/../benchmarks/part41/non-incremental/QF_IDL/queens_bench/n_queen/queen45-1.smt2,156.036,2640,16291,成功
/pub/data/jiafq/iscas/Parser_Comparison/../benchmarks/part41/non-incremental/QF_IDL/queens_bench/n_queen/queen46-1.smt2,162.188,2904,17021,成功
/pub/data/jiafq/iscas/Parser_Comparison/../benchmarks/part41/non-incremental/QF_IDL/queens_bench/n_queen/queen47-1.smt2,171.087,2904,17767,成功
/pub/data/jiafq/iscas/Parser_Comparison/../benchmarks/part41/non-incremental/QF_IDL/queens_bench/n_queen/queen48-1.smt2,177.277,2904,18529,成功
/pub/data/jiafq/iscas/Parser_Comparison/../benchmarks/part41/non-incremental/QF_IDL/queens_bench/n_queen/queen49-1.smt2,182.258,3168,19307,成功
/pub/data/jiafq/iscas/Parser_Comparison/../benchmarks/part41/non-incremental/QF_IDL/queens_bench/n_queen/queen5-1.smt2,2.77853,0,211,成功
/pub/data/jiafq/iscas/Parser_Comparison/../benchmarks/part41/non-incremental/QF_IDL/queens_bench/n_queen/queen50-1.smt2,191.626,3168,20101,成功
/pub/data/jiafq/iscas/Parser_Comparison/../benchmarks/part41/non-incremental/QF_IDL/queens_bench/n_queen/queen51-1.smt2,192.85,3168,20911,成功
/pub/data/jiafq/iscas/Parser_Comparison/../benchmarks/part41/non-incremental/QF_IDL/queens_bench/n_queen/queen52-1.smt2,205.835,3320,21737,成功
/pub/data/jiafq/iscas/Parser_Comparison/../benchmarks/part41/non-incremental/QF_IDL/queens_bench/n_queen/queen53-1.smt2,214.4,3432,22579,成功
/pub/data/jiafq/iscas/Parser_Comparison/../benchmarks/part41/non-incremental/QF_IDL/queens_bench/n_queen/queen54-1.smt2,223.731,3432,23437,成功
/pub/data/jiafq/iscas/Parser_Comparison/../benchmarks/part41/non-incremental/QF_IDL/queens_bench/n_queen/queen55-1.smt2,230.26,3696,24311,成功
/pub/data/jiafq/iscas/Parser_Comparison/../benchmarks/part41/non-incremental/QF_IDL/queens_bench/n_queen/queen56-1.smt2,231.463,4548,25201,成功
/pub/data/jiafq/iscas/Parser_Comparison/../benchmarks/part41/non-incremental/QF_IDL/queens_bench/n_queen/queen57-1.smt2,243.353,4556,26107,成功
/pub/data/jiafq/iscas/Parser_Comparison/../benchmarks/part41/non-incremental/QF_IDL/queens_bench/n_queen/queen58-1.smt2,246.597,4828,27029,成功
/pub/data/jiafq/iscas/Parser_Comparison/../benchmarks/part41/non-incremental/QF_IDL/queens_bench/n_queen/queen59-1.smt2,256.99,4844,27967,成功
/pub/data/jiafq/iscas/Parser_Comparison/../benchmarks/part41/non-incremental/QF_IDL/queens_bench/n_queen/queen6-1.smt2,3.71194,0,301,成功
/pub/data/jiafq/iscas/Parser_Comparison/../benchmarks/part41/non-incremental/QF_IDL/queens_bench/n_queen/queen60-1.smt2,274.384,4848,28921,成功
/pub/data/jiafq/iscas/Parser_Comparison/../benchmarks/part41/non-incremental/QF_IDL/queens_bench/n_queen/queen61-1.smt2,283.436,4840,29891,成功
/pub/data/jiafq/iscas/Parser_Comparison/../benchmarks/part41/non-incremental/QF_IDL/queens_bench/n_queen/queen62-1.smt2,308.088,5116,30877,成功
/pub/data/jiafq/iscas/Parser_Comparison/../benchmarks/part41/non-incremental/QF_IDL/queens_bench/n_queen/queen63-1.smt2,295.464,5128,31879,成功
/pub/data/jiafq/iscas/Parser_Comparison/../benchmarks/part41/non-incremental/QF_IDL/queens_bench/n_queen/queen64-1.smt2,306.351,5140,32897,成功
/pub/data/jiafq/iscas/Parser_Comparison/../benchmarks/part41/non-incremental/QF_IDL/queens_bench/n_queen/queen65-1.smt2,323.413,5416,33931,成功
/pub/data/jiafq/iscas/Parser_Comparison/../benchmarks/part41/non-incremental/QF_IDL/queens_bench/n_queen/queen66-1.smt2,337.278,5428,34981,成功
/pub/data/jiafq/iscas/Parser_Comparison/../benchmarks/part41/non-incremental/QF_IDL/queens_bench/n_queen/queen67-1.smt2,327.716,5696,36047,成功
/pub/data/jiafq/iscas/Parser_Comparison/../benchmarks/part41/non-incremental/QF_IDL/queens_bench/n_queen/queen68-1.smt2,353.462,5708,37129,成功
/pub/data/jiafq/iscas/Parser_Comparison/../benchmarks/part41/non-incremental/QF_IDL/queens_bench/n_queen/queen69-1.smt2,353.528,5732,38227,成功
/pub/data/jiafq/iscas/Parser_Comparison/../benchmarks/part41/non-incremental/QF_IDL/queens_bench/n_queen/queen7-1.smt2,5.37872,264,407,成功
/pub/data/jiafq/iscas/Parser_Comparison/../benchmarks/part41/non-incremental/QF_IDL/queens_bench/n_queen/queen70-1.smt2,369.576,5996,39341,成功
/pub/data/jiafq/iscas/Parser_Comparison/../benchmarks/part41/non-incremental/QF_IDL/queens_bench/n_queen/queen71-1.smt2,385.017,6032,40471,成功
/pub/data/jiafq/iscas/Parser_Comparison/../benchmarks/part41/non-incremental/QF_IDL/queens_bench/n_queen/queen72-1.smt2,397.749,6308,41617,成功
/pub/data/jiafq/iscas/Parser_Comparison/../benchmarks/part41/non-incremental/QF_IDL/queens_bench/n_queen/queen73-1.smt2,407.766,6468,42779,成功
/pub/data/jiafq/iscas/Parser_Comparison/../benchmarks/part41/non-incremental/QF_IDL/queens_bench/n_queen/queen74-1.smt2,406.969,6568,43957,成功
/pub/data/jiafq/iscas/Parser_Comparison/../benchmarks/part41/non-incremental/QF_IDL/queens_bench/n_queen/queen75-1.smt2,427.237,6848,45151,成功
/pub/data/jiafq/iscas/Parser_Comparison/../benchmarks/part41/non-incremental/QF_IDL/queens_bench/n_queen/queen76-1.smt2,440.152,6864,46361,成功
/pub/data/jiafq/iscas/Parser_Comparison/../benchmarks/part41/non-incremental/QF_IDL/queens_bench/n_queen/queen77-1.smt2,461.969,7136,47587,成功
/pub/data/jiafq/iscas/Parser_Comparison/../benchmarks/part41/non-incremental/QF_IDL/queens_bench/n_queen/queen78-1.smt2,535.757,7152,48829,成功
/pub/data/jiafq/iscas/Parser_Comparison/../benchmarks/part41/non-incremental/QF_IDL/queens_bench/n_queen/queen79-1.smt2,503.67,9180,50087,成功
/pub/data/jiafq/iscas/Parser_Comparison/../benchmarks/part41/non-incremental/QF_IDL/queens_bench/n_queen/queen8-1.smt2,6.47306,264,529,成功
/pub/data/jiafq/iscas/Parser_Comparison/../benchmarks/part41/non-incremental/QF_IDL/queens_bench/n_queen/queen80-1.smt2,499.216,9196,51361,成功
/pub/data/jiafq/iscas/Parser_Comparison/../benchmarks/part41/non-incremental/QF_IDL/queens_bench/n_queen/queen81-1.smt2,513.807,9204,52651,成功
/pub/data/jiafq/iscas/Parser_Comparison/../benchmarks/part41/non-incremental/QF_IDL/queens_bench/n_queen/queen82-1.smt2,578.359,8980,53957,成功
/pub/data/jiafq/iscas/Parser_Comparison/../benchmarks/part41/non-incremental/QF_IDL/queens_bench/n_queen/queen83-1.smt2,530.479,9276,55279,成功
/pub/data/jiafq/iscas/Parser_Comparison/../benchmarks/part41/non-incremental/QF_IDL/queens_bench/n_queen/queen84-1.smt2,547.588,9284,56617,成功
/pub/data/jiafq/iscas/Parser_Comparison/../benchmarks/part41/non-incremental/QF_IDL/queens_bench/n_queen/queen85-1.smt2,569.568,9560,57971,成功
/pub/data/jiafq/iscas/Parser_Comparison/../benchmarks/part41/non-incremental/QF_IDL/queens_bench/n_queen/queen86-1.smt2,575.052,9572,59341,成功
/pub/data/jiafq/iscas/Parser_Comparison/../benchmarks/part41/non-incremental/QF_IDL/queens_bench/n_queen/queen87-1.smt2,590.849,9736,60727,成功
/pub/data/jiafq/iscas/Parser_Comparison/../benchmarks/part41/non-incremental/QF_IDL/queens_bench/n_queen/queen88-1.smt2,600.646,10016,62129,成功
/pub/data/jiafq/iscas/Parser_Comparison/../benchmarks/part41/non-incremental/QF_IDL/queens_bench/n_queen/queen89-1.smt2,638.072,10032,63547,成功
/pub/data/jiafq/iscas/Parser_Comparison/../benchmarks/part41/non-incremental/QF_IDL/queens_bench/n_queen/queen9-1.smt2,7.80654,264,667,成功
/pub/data/jiafq/iscas/Parser_Comparison/../benchmarks/part41/non-incremental/QF_IDL/queens_bench/n_queen/queen90-1.smt2,646.605,10312,64981,成功
/pub/data/jiafq/iscas/Parser_Comparison/../benchmarks/part41/non-incremental/QF_IDL/queens_bench/n_queen/queen91-1.smt2,659.428,10588,66431,成功
/pub/data/jiafq/iscas/Parser_Comparison/../benchmarks/part41/non-incremental/QF_IDL/queens_bench/n_queen/queen92-1.smt2,667.526,10608,67897,成功
/pub/data/jiafq/iscas/Parser_Comparison/../benchmarks/part41/non-incremental/QF_IDL/queens_bench/n_queen/queen93-1.smt2,679.09,10888,69379,成功
/pub/data/jiafq/iscas/Parser_Comparison/../benchmarks/part41/non-incremental/QF_IDL/queens_bench/n_queen/queen94-1.smt2,690.703,10900,70877,成功
/pub/data/jiafq/iscas/Parser_Comparison/../benchmarks/part41/non-incremental/QF_IDL/queens_bench/n_queen/queen95-1.smt2,689.132,11176,72391,成功
/pub/data/jiafq/iscas/Parser_Comparison/../benchmarks/part41/non-incremental/QF_IDL/queens_bench/n_queen/queen96-1.smt2,702.471,11460,73921,成功
/pub/data/jiafq/iscas/Parser_Comparison/../benchmarks/part41/non-incremental/QF_IDL/queens_bench/n_queen/queen97-1.smt2,722.408,11476,75467,成功
/pub/data/jiafq/iscas/Parser_Comparison/../benchmarks/part41/non-incremental/QF_IDL/queens_bench/n_queen/queen98-1.smt2,760.136,11764,77029,成功
/pub/data/jiafq/iscas/Parser_Comparison/../benchmarks/part41/non-incremental/QF_IDL/queens_bench/n_queen/queen99-1.smt2,760.79,11780,78607,成功
/pub/data/jiafq/iscas/Parser_Comparison/../benchmarks/part41/non-incremental/QF_IDL/queens_bench/super_queen/super_queen10-1.smt2,10.7665,264,1025,成功
/pub/data/jiafq/iscas/Parser_Comparison/../benchmarks/part41/non-incremental/QF_IDL/queens_bench/super_queen/super_queen100-1.smt2,796.502,12320,82565,成功
/pub/data/jiafq/iscas/Parser_Comparison/../benchmarks/part41/non-incremental/QF_IDL/queens_bench/super_queen/super_queen11-1.smt2,12.5253,264,1219,成功
/pub/data/jiafq/iscas/Parser_Comparison/../benchmarks/part41/non-incremental/QF_IDL/queens_bench/super_queen/super_queen12-1.smt2,14.5886,264,1429,成功
/pub/data/jiafq/iscas/Parser_Comparison/../benchmarks/part41/non-incremental/QF_IDL/queens_bench/super_queen/super_queen13-1.smt2,16.7937,264,1655,成功
/pub/data/jiafq/iscas/Parser_Comparison/../benchmarks/part41/non-incremental/QF_IDL/queens_bench/super_queen/super_queen14-1.smt2,18.8107,528,1897,成功
/pub/data/jiafq/iscas/Parser_Comparison/../benchmarks/part41/non-incremental/QF_IDL/queens_bench/super_queen/super_queen15-1.smt2,20.925,528,2155,成功
/pub/data/jiafq/iscas/Parser_Comparison/../benchmarks/part41/non-incremental/QF_IDL/queens_bench/super_queen/super_queen16-1.smt2,23.8636,528,2429,成功
/pub/data/jiafq/iscas/Parser_Comparison/../benchmarks/part41/non-incremental/QF_IDL/queens_bench/super_queen/super_queen17-1.smt2,26.1667,528,2719,成功
/pub/data/jiafq/iscas/Parser_Comparison/../benchmarks/part41/non-incremental/QF_IDL/queens_bench/super_queen/super_queen18-1.smt2,29.4251,528,3025,成功
/pub/data/jiafq/iscas/Parser_Comparison/../benchmarks/part41/non-incremental/QF_IDL/queens_bench/super_queen/super_queen19-1.smt2,32.3329,528,3347,成功
/pub/data/jiafq/iscas/Parser_Comparison/../benchmarks/part41/non-incremental/QF_IDL/queens_bench/super_queen/super_queen2-1.smt2,1.14703,0,49,成功
/pub/data/jiafq/iscas/Parser_Comparison/../benchmarks/part41/non-incremental/QF_IDL/queens_bench/super_queen/super_queen20-1.smt2,35.2049,792,3685,成功
/pub/data/jiafq/iscas/Parser_Comparison/../benchmarks/part41/non-incremental/QF_IDL/queens_bench/super_queen/super_queen21-1.smt2,38.6584,792,4039,成功
/pub/data/jiafq/iscas/Parser_Comparison/../benchmarks/part41/non-incremental/QF_IDL/queens_bench/super_queen/super_queen22-1.smt2,42.1956,792,4409,成功
/pub/data/jiafq/iscas/Parser_Comparison/../benchmarks/part41/non-incremental/QF_IDL/queens_bench/super_queen/super_queen23-1.smt2,46.1526,792,4795,成功
/pub/data/jiafq/iscas/Parser_Comparison/../benchmarks/part41/non-incremental/QF_IDL/queens_bench/super_queen/super_queen24-1.smt2,49.3984,792,5197,成功
/pub/data/jiafq/iscas/Parser_Comparison/../benchmarks/part41/non-incremental/QF_IDL/queens_bench/super_queen/super_queen25-1.smt2,53.3576,1056,5615,成功
/pub/data/jiafq/iscas/Parser_Comparison/../benchmarks/part41/non-incremental/QF_IDL/queens_bench/super_queen/super_queen26-1.smt2,63.6768,1056,6049,成功
/pub/data/jiafq/iscas/Parser_Comparison/../benchmarks/part41/non-incremental/QF_IDL/queens_bench/super_queen/super_queen27-1.smt2,61.4455,1320,6499,成功
/pub/data/jiafq/iscas/Parser_Comparison/../benchmarks/part41/non-incremental/QF_IDL/queens_bench/super_queen/super_queen28-1.smt2,65.3784,1320,6965,成功
/pub/data/jiafq/iscas/Parser_Comparison/../benchmarks/part41/non-incremental/QF_IDL/queens_bench/super_queen/super_queen29-1.smt2,70.3435,1320,7447,成功
/pub/data/jiafq/iscas/Parser_Comparison/../benchmarks/part41/non-incremental/QF_IDL/queens_bench/super_queen/super_queen3-1.smt2,1.71494,0,115,成功
/pub/data/jiafq/iscas/Parser_Comparison/../benchmarks/part41/non-incremental/QF_IDL/queens_bench/super_queen/super_queen30-1.smt2,75.8622,1320,7945,成功
/pub/data/jiafq/iscas/Parser_Comparison/../benchmarks/part41/non-incremental/QF_IDL/queens_bench/super_queen/super_queen31-1.smt2,76.7374,1320,8459,成功
/pub/data/jiafq/iscas/Parser_Comparison/../benchmarks/part41/non-incremental/QF_IDL/queens_bench/super_queen/super_queen32-1.smt2,81.9893,1584,8989,成功
/pub/data/jiafq/iscas/Parser_Comparison/../benchmarks/part41/non-incremental/QF_IDL/queens_bench/super_queen/super_queen33-1.smt2,86.2846,1584,9535,成功
/pub/data/jiafq/iscas/Parser_Comparison/../benchmarks/part41/non-incremental/QF_IDL/queens_bench/super_queen/super_queen34-1.smt2,93.5118,1584,10097,成功
/pub/data/jiafq/iscas/Parser_Comparison/../benchmarks/part41/non-incremental/QF_IDL/queens_bench/super_queen/super_queen35-1.smt2,104.412,1848,10675,成功
/pub/data/jiafq/iscas/Parser_Comparison/../benchmarks/part41/non-incremental/QF_IDL/queens_bench/super_queen/super_queen36-1.smt2,107.109,1848,11269,成功
/pub/data/jiafq/iscas/Parser_Comparison/../benchmarks/part41/non-incremental/QF_IDL/queens_bench/super_queen/super_queen37-1.smt2,112.073,1848,11879,成功
/pub/data/jiafq/iscas/Parser_Comparison/../benchmarks/part41/non-incremental/QF_IDL/queens_bench/super_queen/super_queen38-1.smt2,114.723,2112,12505,成功
/pub/data/jiafq/iscas/Parser_Comparison/../benchmarks/part41/non-incremental/QF_IDL/queens_bench/super_queen/super_queen39-1.smt2,125.825,2376,13147,成功
/pub/data/jiafq/iscas/Parser_Comparison/../benchmarks/part41/non-incremental/QF_IDL/queens_bench/super_queen/super_queen4-1.smt2,2.44737,0,197,成功
/pub/data/jiafq/iscas/Parser_Comparison/../benchmarks/part41/non-incremental/QF_IDL/queens_bench/super_queen/super_queen40-1.smt2,131.564,2376,13805,成功
/pub/data/jiafq/iscas/Parser_Comparison/../benchmarks/part41/non-incremental/QF_IDL/queens_bench/super_queen/super_queen41-1.smt2,133.224,2640,14479,成功
/pub/data/jiafq/iscas/Parser_Comparison/../benchmarks/part41/non-incremental/QF_IDL/queens_bench/super_queen/super_queen42-1.smt2,144.285,2640,15169,成功
/pub/data/jiafq/iscas/Parser_Comparison/../benchmarks/part41/non-incremental/QF_IDL/queens_bench/super_queen/super_queen43-1.smt2,150.632,2640,15875,成功
/pub/data/jiafq/iscas/Parser_Comparison/../benchmarks/part41/non-incremental/QF_IDL/queens_bench/super_queen/super_queen44-1.smt2,154.052,2640,16597,成功
/pub/data/jiafq/iscas/Parser_Comparison/../benchmarks/part41/non-incremental/QF_IDL/queens_bench/super_queen/super_queen45-1.smt2,167.983,2904,17335,成功
/pub/data/jiafq/iscas/Parser_Comparison/../benchmarks/part41/non-incremental/QF_IDL/queens_bench/super_queen/super_queen46-1.smt2,167.094,2904,18089,成功
/pub/data/jiafq/iscas/Parser_Comparison/../benchmarks/part41/non-incremental/QF_IDL/queens_bench/super_queen/super_queen47-1.smt2,176.221,2904,18859,成功
/pub/data/jiafq/iscas/Parser_Comparison/../benchmarks/part41/non-incremental/QF_IDL/queens_bench/super_queen/super_queen48-1.smt2,182.421,3168,19645,成功
/pub/data/jiafq/iscas/Parser_Comparison/../benchmarks/part41/non-incremental/QF_IDL/queens_bench/super_queen/super_queen49-1.smt2,195.224,3168,20447,成功
/pub/data/jiafq/iscas/Parser_Comparison/../benchmarks/part41/non-incremental/QF_IDL/queens_bench/super_queen/super_queen5-1.smt2,3.26276,0,295,成功
/pub/data/jiafq/iscas/Parser_Comparison/../benchmarks/part41/non-incremental/QF_IDL/queens_bench/super_queen/super_queen50-1.smt2,194.606,3316,21265,成功
/pub/data/jiafq/iscas/Parser_Comparison/../benchmarks/part41/non-incremental/QF_IDL/queens_bench/super_queen/super_queen51-1.smt2,201.84,3464,22099,成功
/pub/data/jiafq/iscas/Parser_Comparison/../benchmarks/part41/non-incremental/QF_IDL/queens_bench/super_queen/super_queen52-1.smt2,211.431,3696,22949,成功
/pub/data/jiafq/iscas/Parser_Comparison/../benchmarks/part41/non-incremental/QF_IDL/queens_bench/super_queen/super_queen53-1.smt2,223.023,3740,23815,成功
/pub/data/jiafq/iscas/Parser_Comparison/../benchmarks/part41/non-incremental/QF_IDL/queens_bench/super_queen/super_queen54-1.smt2,230.02,3828,24697,成功
/pub/data/jiafq/iscas/Parser_Comparison/../benchmarks/part41/non-incremental/QF_IDL/queens_bench/super_queen/super_queen55-1.smt2,240.878,4772,25595,成功
/pub/data/jiafq/iscas/Parser_Comparison/../benchmarks/part41/non-incremental/QF_IDL/queens_bench/super_queen/super_queen56-1.smt2,251.53,4784,26509,成功
/pub/data/jiafq/iscas/Parser_Comparison/../benchmarks/part41/non-incremental/QF_IDL/queens_bench/super_queen/super_queen57-1.smt2,258.996,4796,27439,成功
/pub/data/jiafq/iscas/Parser_Comparison/../benchmarks/part41/non-incremental/QF_IDL/queens_bench/super_queen/super_queen58-1.smt2,263.375,4824,28385,成功
/pub/data/jiafq/iscas/Parser_Comparison/../benchmarks/part41/non-incremental/QF_IDL/queens_bench/super_queen/super_queen59-1.smt2,289.286,4840,29347,成功
/pub/data/jiafq/iscas/Parser_Comparison/../benchmarks/part41/non-incremental/QF_IDL/queens_bench/super_queen/super_queen6-1.smt2,5.09381,264,409,成功
/pub/data/jiafq/iscas/Parser_Comparison/../benchmarks/part41/non-incremental/QF_IDL/queens_bench/super_queen/super_queen60-1.smt2,286.047,4852,30325,成功
/pub/data/jiafq/iscas/Parser_Comparison/../benchmarks/part41/non-incremental/QF_IDL/queens_bench/super_queen/super_queen61-1.smt2,294.58,5100,31319,成功
/pub/data/jiafq/iscas/Parser_Comparison/../benchmarks/part41/non-incremental/QF_IDL/queens_bench/super_queen/super_queen62-1.smt2,304.209,5116,32329,成功
/pub/data/jiafq/iscas/Parser_Comparison/../benchmarks/part41/non-incremental/QF_IDL/queens_bench/super_queen/super_queen63-1.smt2,314.456,5124,33355,成功
/pub/data/jiafq/iscas/Parser_Comparison/../benchmarks/part41/non-incremental/QF_IDL/queens_bench/super_queen/super_queen64-1.smt2,321.815,5400,34397,成功
/pub/data/jiafq/iscas/Parser_Comparison/../benchmarks/part41/non-incremental/QF_IDL/queens_bench/super_queen/super_queen65-1.smt2,329.787,5412,35455,成功
/pub/data/jiafq/iscas/Parser_Comparison/../benchmarks/part41/non-incremental/QF_IDL/queens_bench/super_queen/super_queen66-1.smt2,342.099,5692,36529,成功
/pub/data/jiafq/iscas/Parser_Comparison/../benchmarks/part41/non-incremental/QF_IDL/queens_bench/super_queen/super_queen67-1.smt2,352.912,5700,37619,成功
/pub/data/jiafq/iscas/Parser_Comparison/../benchmarks/part41/non-incremental/QF_IDL/queens_bench/super_queen/super_queen68-1.smt2,363.249,5712,38725,成功
/pub/data/jiafq/iscas/Parser_Comparison/../benchmarks/part41/non-incremental/QF_IDL/queens_bench/super_queen/super_queen69-1.smt2,379.315,5988,39847,成功
/pub/data/jiafq/iscas/Parser_Comparison/../benchmarks/part41/non-incremental/QF_IDL/queens_bench/super_queen/super_queen7-1.smt2,6.26135,264,539,成功
/pub/data/jiafq/iscas/Parser_Comparison/../benchmarks/part41/non-incremental/QF_IDL/queens_bench/super_queen/super_queen70-1.smt2,398.286,6104,40985,成功
/pub/data/jiafq/iscas/Parser_Comparison/../benchmarks/part41/non-incremental/QF_IDL/queens_bench/super_queen/super_queen71-1.smt2,409.084,6292,42139,成功
/pub/data/jiafq/iscas/Parser_Comparison/../benchmarks/part41/non-incremental/QF_IDL/queens_bench/super_queen/super_queen72-1.smt2,408.187,6304,43309,成功
/pub/data/jiafq/iscas/Parser_Comparison/../benchmarks/part41/non-incremental/QF_IDL/queens_bench/super_queen/super_queen73-1.smt2,416.285,6464,44495,成功
/pub/data/jiafq/iscas/Parser_Comparison/../benchmarks/part41/non-incremental/QF_IDL/queens_bench/super_queen/super_queen74-1.smt2,426.65,6828,45697,成功
/pub/data/jiafq/iscas/Parser_Comparison/../benchmarks/part41/non-incremental/QF_IDL/queens_bench/super_queen/super_queen75-1.smt2,446.734,6848,46915,成功
/pub/data/jiafq/iscas/Parser_Comparison/../benchmarks/part41/non-incremental/QF_IDL/queens_bench/super_queen/super_queen76-1.smt2,448.056,7120,48149,成功
/pub/data/jiafq/iscas/Parser_Comparison/../benchmarks/part41/non-incremental/QF_IDL/queens_bench/super_queen/super_queen77-1.smt2,466.646,7136,49399,成功
/pub/data/jiafq/iscas/Parser_Comparison/../benchmarks/part41/non-incremental/QF_IDL/queens_bench/super_queen/super_queen78-1.smt2,485.852,9160,50665,成功
/pub/data/jiafq/iscas/Parser_Comparison/../benchmarks/part41/non-incremental/QF_IDL/queens_bench/super_queen/super_queen79-1.smt2,512.427,9180,51947,成功
/pub/data/jiafq/iscas/Parser_Comparison/../benchmarks/part41/non-incremental/QF_IDL/queens_bench/super_queen/super_queen8-1.smt2,7.93219,264,685,成功
/pub/data/jiafq/iscas/Parser_Comparison/../benchmarks/part41/non-incremental/QF_IDL/queens_bench/super_queen/super_queen80-1.smt2,514.116,9192,53245,成功
/pub/data/jiafq/iscas/Parser_Comparison/../benchmarks/part41/non-incremental/QF_IDL/queens_bench/super_queen/super_queen81-1.smt2,515.591,9204,54559,成功
/pub/data/jiafq/iscas/Parser_Comparison/../benchmarks/part41/non-incremental/QF_IDL/queens_bench/super_queen/super_queen82-1.smt2,554.653,9240,55889,成功
/pub/data/jiafq/iscas/Parser_Comparison/../benchmarks/part41/non-incremental/QF_IDL/queens_bench/super_queen/super_queen83-1.smt2,566.19,9272,57235,成功
/pub/data/jiafq/iscas/Parser_Comparison/../benchmarks/part41/non-incremental/QF_IDL/queens_bench/super_queen/super_queen84-1.smt2,569.782,9544,58597,成功
/pub/data/jiafq/iscas/Parser_Comparison/../benchmarks/part41/non-incremental/QF_IDL/queens_bench/super_queen/super_queen85-1.smt2,567.149,9708,59975,成功
/pub/data/jiafq/iscas/Parser_Comparison/../benchmarks/part41/non-incremental/QF_IDL/queens_bench/super_queen/super_queen86-1.smt2,602.979,9720,61369,成功
/pub/data/jiafq/iscas/Parser_Comparison/../benchmarks/part41/non-incremental/QF_IDL/queens_bench/super_queen/super_queen87-1.smt2,600.445,10000,62779,成功
/pub/data/jiafq/iscas/Parser_Comparison/../benchmarks/part41/non-incremental/QF_IDL/queens_bench/super_queen/super_queen88-1.smt2,612.627,10276,64205,成功
/pub/data/jiafq/iscas/Parser_Comparison/../benchmarks/part41/non-incremental/QF_IDL/queens_bench/super_queen/super_queen89-1.smt2,624.837,10296,65647,成功
/pub/data/jiafq/iscas/Parser_Comparison/../benchmarks/part41/non-incremental/QF_IDL/queens_bench/super_queen/super_queen9-1.smt2,9.03702,264,847,成功
/pub/data/jiafq/iscas/Parser_Comparison/../benchmarks/part41/non-incremental/QF_IDL/queens_bench/super_queen/super_queen90-1.smt2,657.371,10312,67105,成功
/pub/data/jiafq/iscas/Parser_Comparison/../benchmarks/part41/non-incremental/QF_IDL/queens_bench/super_queen/super_queen91-1.smt2,676.718,10584,68579,成功
/pub/data/jiafq/iscas/Parser_Comparison/../benchmarks/part41/non-incremental/QF_IDL/queens_bench/super_queen/super_queen92-1.smt2,660.786,10872,70069,成功
/pub/data/jiafq/iscas/Parser_Comparison/../benchmarks/part41/non-incremental/QF_IDL/queens_bench/super_queen/super_queen93-1.smt2,719,10880,71575,成功
/pub/data/jiafq/iscas/Parser_Comparison/../benchmarks/part41/non-incremental/QF_IDL/queens_bench/super_queen/super_queen94-1.smt2,711.212,11164,73097,成功
/pub/data/jiafq/iscas/Parser_Comparison/../benchmarks/part41/non-incremental/QF_IDL/queens_bench/super_queen/super_queen95-1.smt2,740.968,11440,74635,成功
/pub/data/jiafq/iscas/Parser_Comparison/../benchmarks/part41/non-incremental/QF_IDL/queens_bench/super_queen/super_queen96-1.smt2,757.294,11460,76189,成功
/pub/data/jiafq/iscas/Parser_Comparison/../benchmarks/part41/non-incremental/QF_IDL/queens_bench/super_queen/super_queen97-1.smt2,763.854,11740,77759,成功
/pub/data/jiafq/iscas/Parser_Comparison/../benchmarks/part41/non-incremental/QF_IDL/queens_bench/super_queen/super_queen98-1.smt2,775.617,11756,79345,成功
/pub/data/jiafq/iscas/Parser_Comparison/../benchmarks/part41/non-incremental/QF_IDL/queens_bench/super_queen/super_queen99-1.smt2,779.495,12040,80947,成功
/pub/data/jiafq/iscas/Parser_Comparison/../benchmarks/part41/non-incremental/QF_IDL/queens_bench/toroidal_bench/toroidal_queen10-1.smt2,12.7499,264,1301,成功
/pub/data/jiafq/iscas/Parser_Comparison/../benchmarks/part41/non-incremental/QF_IDL/queens_bench/toroidal_bench/toroidal_queen100-1.smt2,1239.54,19236,139001,成功
/pub/data/jiafq/iscas/Parser_Comparison/../benchmarks/part41/non-incremental/QF_IDL/queens_bench/toroidal_bench/toroidal_queen11-1.smt2,15.4853,264,1651,成功
/pub/data/jiafq/iscas/Parser_Comparison/../benchmarks/part41/non-incremental/QF_IDL/queens_bench/toroidal_bench/toroidal_queen12-1.smt2,17.7298,264,1897,成功
/pub/data/jiafq/iscas/Parser_Comparison/../benchmarks/part41/non-incremental/QF_IDL/queens_bench/toroidal_bench/toroidal_queen13-1.smt2,21.3628,528,2315,成功
/pub/data/jiafq/iscas/Parser_Comparison/../benchmarks/part41/non-incremental/QF_IDL/queens_bench/toroidal_bench/toroidal_queen14-1.smt2,23.7994,528,2605,成功
/pub/data/jiafq/iscas/Parser_Comparison/../benchmarks/part41/non-incremental/QF_IDL/queens_bench/toroidal_bench/toroidal_queen15-1.smt2,28.224,528,3091,成功
/pub/data/jiafq/iscas/Parser_Comparison/../benchmarks/part41/non-incremental/QF_IDL/queens_bench/toroidal_bench/toroidal_queen16-1.smt2,30.7105,528,3425,成功
/pub/data/jiafq/iscas/Parser_Comparison/../benchmarks/part41/non-incremental/QF_IDL/queens_bench/toroidal_bench/toroidal_queen17-1.smt2,35.5964,792,3979,成功
/pub/data/jiafq/iscas/Parser_Comparison/../benchmarks/part41/non-incremental/QF_IDL/queens_bench/toroidal_bench/toroidal_queen18-1.smt2,38.7139,792,4357,成功
/pub/data/jiafq/iscas/Parser_Comparison/../benchmarks/part41/non-incremental/QF_IDL/queens_bench/toroidal_bench/toroidal_queen19-1.smt2,43.4382,792,4979,成功
/pub/data/jiafq/iscas/Parser_Comparison/../benchmarks/part41/non-incremental/QF_IDL/queens_bench/toroidal_bench/toroidal_queen2-1.smt2,1.0314,0,37,成功
/pub/data/jiafq/iscas/Parser_Comparison/../benchmarks/part41/non-incremental/QF_IDL/queens_bench/toroidal_bench/toroidal_queen20-1.smt2,47.4765,792,5401,成功
/pub/data/jiafq/iscas/Parser_Comparison/../benchmarks/part41/non-incremental/QF_IDL/queens_bench/toroidal_bench/toroidal_queen21-1.smt2,53.7674,792,6091,成功
/pub/data/jiafq/iscas/Parser_Comparison/../benchmarks/part41/non-incremental/QF_IDL/queens_bench/toroidal_bench/toroidal_queen22-1.smt2,58.4798,1056,6557,成功
/pub/data/jiafq/iscas/Parser_Comparison/../benchmarks/part41/non-incremental/QF_IDL/queens_bench/toroidal_bench/toroidal_queen23-1.smt2,64.0774,1320,7315,成功
/pub/data/jiafq/iscas/Parser_Comparison/../benchmarks/part41/non-incremental/QF_IDL/queens_bench/toroidal_bench/toroidal_queen24-1.smt2,67.9979,1320,7825,成功
/pub/data/jiafq/iscas/Parser_Comparison/../benchmarks/part41/non-incremental/QF_IDL/queens_bench/toroidal_bench/toroidal_queen25-1.smt2,75.0153,1320,8651,成功
/pub/data/jiafq/iscas/Parser_Comparison/../benchmarks/part41/non-incremental/QF_IDL/queens_bench/toroidal_bench/toroidal_queen26-1.smt2,80.1203,1320,9205,成功
/pub/data/jiafq/iscas/Parser_Comparison/../benchmarks/part41/non-incremental/QF_IDL/queens_bench/toroidal_bench/toroidal_queen27-1.smt2,86.6816,1584,10099,成功
/pub/data/jiafq/iscas/Parser_Comparison/../benchmarks/part41/non-incremental/QF_IDL/queens_bench/toroidal_bench/toroidal_queen28-1.smt2,94.4564,1584,10697,成功
/pub/data/jiafq/iscas/Parser_Comparison/../benchmarks/part41/non-incremental/QF_IDL/queens_bench/toroidal_bench/toroidal_queen29-1.smt2,101.157,1584,11659,成功
/pub/data/jiafq/iscas/Parser_Comparison/../benchmarks/part41/non-incremental/QF_IDL/queens_bench/toroidal_bench/toroidal_queen3-1.smt2,1.74928,0,115,成功
/pub/data/jiafq/iscas/Parser_Comparison/../benchmarks/part41/non-incremental/QF_IDL/queens_bench/toroidal_bench/toroidal_queen30-1.smt2,105.828,1584,12301,成功
/pub/data/jiafq/iscas/Parser_Comparison/../benchmarks/part41/non-incremental/QF_IDL/queens_bench/toroidal_bench/toroidal_queen31-1.smt2,111.582,1848,13331,成功
/pub/data/jiafq/iscas/Parser_Comparison/../benchmarks/part41/non-incremental/QF_IDL/queens_bench/toroidal_bench/toroidal_queen32-1.smt2,116.461,2392,14017,成功
/pub/data/jiafq/iscas/Parser_Comparison/../benchmarks/part41/non-incremental/QF_IDL/queens_bench/toroidal_bench/toroidal_queen33-1.smt2,126.531,2396,15115,成功
/pub/data/jiafq/iscas/Parser_Comparison/../benchmarks/part41/non-incremental/QF_IDL/queens_bench/toroidal_bench/toroidal_queen34-1.smt2,131.836,2404,15845,成功
/pub/data/jiafq/iscas/Parser_Comparison/../benchmarks/part41/non-incremental/QF_IDL/queens_bench/toroidal_bench/toroidal_queen35-1.smt2,145.209,2592,17011,成功
/pub/data/jiafq/iscas/Parser_Comparison/../benchmarks/part41/non-incremental/QF_IDL/queens_bench/toroidal_bench/toroidal_queen36-1.smt2,151.622,2704,17785,成功
/pub/data/jiafq/iscas/Parser_Comparison/../benchmarks/part41/non-incremental/QF_IDL/queens_bench/toroidal_bench/toroidal_queen37-1.smt2,164.008,2640,19019,成功
/pub/data/jiafq/iscas/Parser_Comparison/../benchmarks/part41/non-incremental/QF_IDL/queens_bench/toroidal_bench/toroidal_queen38-1.smt2,170.955,2904,19837,成功
/pub/data/jiafq/iscas/Parser_Comparison/../benchmarks/part41/non-incremental/QF_IDL/queens_bench/toroidal_bench/toroidal_queen39-1.smt2,178.821,2904,21139,成功
/pub/data/jiafq/iscas/Parser_Comparison/../benchmarks/part41/non-incremental/QF_IDL/queens_bench/toroidal_bench/toroidal_queen4-1.smt2,2.43354,0,185,成功
/pub/data/jiafq/iscas/Parser_Comparison/../benchmarks/part41/non-incremental/QF_IDL/queens_bench/toroidal_bench/toroidal_queen40-1.smt2,188.718,2904,22001,成功
/pub/data/jiafq/iscas/Parser_Comparison/../benchmarks/part41/non-incremental/QF_IDL/queens_bench/toroidal_bench/toroidal_queen41-1.smt2,199.622,3168,23371,成功
/pub/data/jiafq/iscas/Parser_Comparison/../benchmarks/part41/non-incremental/QF_IDL/queens_bench/toroidal_bench/toroidal_queen42-1.smt2,208.315,3168,24277,成功
/pub/data/jiafq/iscas/Parser_Comparison/../benchmarks/part41/non-incremental/QF_IDL/queens_bench/toroidal_bench/toroidal_queen43-1.smt2,213.37,3432,25715,成功
/pub/data/jiafq/iscas/Parser_Comparison/../benchmarks/part41/non-incremental/QF_IDL/queens_bench/toroidal_bench/toroidal_queen44-1.smt2,226.359,3432,26665,成功
/pub/data/jiafq/iscas/Parser_Comparison/../benchmarks/part41/non-incremental/QF_IDL/queens_bench/toroidal_bench/toroidal_queen45-1.smt2,244.545,4460,28171,成功
/pub/data/jiafq/iscas/Parser_Comparison/../benchmarks/part41/non-incremental/QF_IDL/queens_bench/toroidal_bench/toroidal_queen46-1.smt2,249.027,4464,29165,成功
/pub/data/jiafq/iscas/Parser_Comparison/../benchmarks/part41/non-incremental/QF_IDL/queens_bench/toroidal_bench/toroidal_queen47-1.smt2,262.264,4744,30739,成功
/pub/data/jiafq/iscas/Parser_Comparison/../benchmarks/part41/non-incremental/QF_IDL/queens_bench/toroidal_bench/toroidal_queen48-1.smt2,272.399,4748,31777,成功
/pub/data/jiafq/iscas/Parser_Comparison/../benchmarks/part41/non-incremental/QF_IDL/queens_bench/toroidal_bench/toroidal_queen49-1.smt2,284.816,5020,33419,成功
/pub/data/jiafq/iscas/Parser_Comparison/../benchmarks/part41/non-incremental/QF_IDL/queens_bench/toroidal_bench/toroidal_queen5-1.smt2,3.6571,0,331,成功
/pub/data/jiafq/iscas/Parser_Comparison/../benchmarks/part41/non-incremental/QF_IDL/queens_bench/toroidal_bench/toroidal_queen50-1.smt2,293.061,5028,34501,成功
/pub/data/jiafq/iscas/Parser_Comparison/../benchmarks/part41/non-incremental/QF_IDL/queens_bench/toroidal_bench/toroidal_queen51-1.smt2,309.156,5028,36211,成功
/pub/data/jiafq/iscas/Parser_Comparison/../benchmarks/part41/non-incremental/QF_IDL/queens_bench/toroidal_bench/toroidal_queen52-1.smt2,321.335,5048,37337,成功
/pub/data/jiafq/iscas/Parser_Comparison/../benchmarks/part41/non-incremental/QF_IDL/queens_bench/toroidal_bench/toroidal_queen53-1.smt2,334.053,5312,39115,成功
/pub/data/jiafq/iscas/Parser_Comparison/../benchmarks/part41/non-incremental/QF_IDL/queens_bench/toroidal_bench/toroidal_queen54-1.smt2,345.09,5564,40285,成功
/pub/data/jiafq/iscas/Parser_Comparison/../benchmarks/part41/non-incremental/QF_IDL/queens_bench/toroidal_bench/toroidal_queen55-1.smt2,374.98,5588,42131,成功
/pub/data/jiafq/iscas/Parser_Comparison/../benchmarks/part41/non-incremental/QF_IDL/queens_bench/toroidal_bench/toroidal_queen56-1.smt2,374.044,5872,43345,成功
/pub/data/jiafq/iscas/Parser_Comparison/../benchmarks/part41/non-incremental/QF_IDL/queens_bench/toroidal_bench/toroidal_queen57-1.smt2,385.628,5876,45259,成功
/pub/data/jiafq/iscas/Parser_Comparison/../benchmarks/part41/non-incremental/QF_IDL/queens_bench/toroidal_bench/toroidal_queen58-1.smt2,390.542,6148,46517,成功
/pub/data/jiafq/iscas/Parser_Comparison/../benchmarks/part41/non-incremental/QF_IDL/queens_bench/toroidal_bench/toroidal_queen59-1.smt2,422.355,6160,48499,成功
/pub/data/jiafq/iscas/Parser_Comparison/../benchmarks/part41/non-incremental/QF_IDL/queens_bench/toroidal_bench/toroidal_queen6-1.smt2,5.15413,264,445,成功
/pub/data/jiafq/iscas/Parser_Comparison/../benchmarks/part41/non-incremental/QF_IDL/queens_bench/toroidal_bench/toroidal_queen60-1.smt2,416.392,6428,49801,成功
/pub/data/jiafq/iscas/Parser_Comparison/../benchmarks/part41/non-incremental/QF_IDL/queens_bench/toroidal_bench/toroidal_queen61-1.smt2,437.53,6424,51851,成功
/pub/data/jiafq/iscas/Parser_Comparison/../benchmarks/part41/non-incremental/QF_IDL/queens_bench/toroidal_bench/toroidal_queen62-1.smt2,444.534,6696,53197,成功
/pub/data/jiafq/iscas/Parser_Comparison/../benchmarks/part41/non-incremental/QF_IDL/queens_bench/toroidal_bench/toroidal_queen63-1.smt2,476.853,8696,55315,成功
/pub/data/jiafq/iscas/Parser_Comparison/../benchmarks/part41/non-incremental/QF_IDL/queens_bench/toroidal_bench/toroidal_queen64-1.smt2,473.106,8688,56705,成功
/pub/data/jiafq/iscas/Parser_Comparison/../benchmarks/part41/non-incremental/QF_IDL/queens_bench/toroidal_bench/toroidal_queen65-1.smt2,509.628,8696,58891,成功
/pub/data/jiafq/iscas/Parser_Comparison/../benchmarks/part41/non-incremental/QF_IDL/queens_bench/toroidal_bench/toroidal_queen66-1.smt2,517.833,8908,60325,成功
/pub/data/jiafq/iscas/Parser_Comparison/../benchmarks/part41/non-incremental/QF_IDL/queens_bench/toroidal_bench/toroidal_queen67-1.smt2,542.968,8896,62579,成功
/pub/data/jiafq/iscas/Parser_Comparison/../benchmarks/part41/non-incremental/QF_IDL/queens_bench/toroidal_bench/toroidal_queen68-1.smt2,554.651,9188,64057,成功
/pub/data/jiafq/iscas/Parser_Comparison/../benchmarks/part41/non-incremental/QF_IDL/queens_bench/toroidal_bench/toroidal_queen69-1.smt2,569.706,9448,66379,成功
/pub/data/jiafq/iscas/Parser_Comparison/../benchmarks/part41/non-incremental/QF_IDL/queens_bench/toroidal_bench/toroidal_queen7-1.smt2,6.84309,264,659,成功
/pub/data/jiafq/iscas/Parser_Comparison/../benchmarks/part41/non-incremental/QF_IDL/queens_bench/toroidal_bench/toroidal_queen70-1.smt2,578.701,9720,67901,成功
/pub/data/jiafq/iscas/Parser_Comparison/../benchmarks/part41/non-incremental/QF_IDL/queens_bench/toroidal_bench/toroidal_queen71-1.smt2,618.525,9756,70291,成功
/pub/data/jiafq/iscas/Parser_Comparison/../benchmarks/part41/non-incremental/QF_IDL/queens_bench/toroidal_bench/toroidal_queen72-1.smt2,630.173,10032,71857,成功
/pub/data/jiafq/iscas/Parser_Comparison/../benchmarks/part41/non-incremental/QF_IDL/queens_bench/toroidal_bench/toroidal_queen73-1.smt2,615.515,10188,74315,成功
/pub/data/jiafq/iscas/Parser_Comparison/../benchmarks/part41/non-incremental/QF_IDL/queens_bench/toroidal_bench/toroidal_queen74-1.smt2,650.443,10608,75925,成功
/pub/data/jiafq/iscas/Parser_Comparison/../benchmarks/part41/non-incremental/QF_IDL/queens_bench/toroidal_bench/toroidal_queen75-1.smt2,686.163,10620,78451,成功
/pub/data/jiafq/iscas/Parser_Comparison/../benchmarks/part41/non-incremental/QF_IDL/queens_bench/toroidal_bench/toroidal_queen76-1.smt2,703.223,10896,80105,成功
/pub/data/jiafq/iscas/Parser_Comparison/../benchmarks/part41/non-incremental/QF_IDL/queens_bench/toroidal_bench/toroidal_queen77-1.smt2,733.283,11176,82699,成功
/pub/data/jiafq/iscas/Parser_Comparison/../benchmarks/part41/non-incremental/QF_IDL/queens_bench/toroidal_bench/toroidal_queen78-1.smt2,739.74,11188,84397,成功
/pub/data/jiafq/iscas/Parser_Comparison/../benchmarks/part41/non-incremental/QF_IDL/queens_bench/toroidal_bench/toroidal_queen79-1.smt2,762.28,11468,87059,成功
/pub/data/jiafq/iscas/Parser_Comparison/../benchmarks/part41/non-incremental/QF_IDL/queens_bench/toroidal_bench/toroidal_queen8-1.smt2,8.53276,264,817,成功
/pub/data/jiafq/iscas/Parser_Comparison/../benchmarks/part41/non-incremental/QF_IDL/queens_bench/toroidal_bench/toroidal_queen80-1.smt2,750.981,11744,88801,成功
/pub/data/jiafq/iscas/Parser_Comparison/../benchmarks/part41/non-incremental/QF_IDL/queens_bench/toroidal_bench/toroidal_queen81-1.smt2,782.324,12020,91531,成功
/pub/data/jiafq/iscas/Parser_Comparison/../benchmarks/part41/non-incremental/QF_IDL/queens_bench/toroidal_bench/toroidal_queen82-1.smt2,800.896,12156,93317,成功
/pub/data/jiafq/iscas/Parser_Comparison/../benchmarks/part41/non-incremental/QF_IDL/queens_bench/toroidal_bench/toroidal_queen83-1.smt2,839.343,12316,96115,成功
/pub/data/jiafq/iscas/Parser_Comparison/../benchmarks/part41/non-incremental/QF_IDL/queens_bench/toroidal_bench/toroidal_queen84-1.smt2,856.853,12588,97945,成功
/pub/data/jiafq/iscas/Parser_Comparison/../benchmarks/part41/non-incremental/QF_IDL/queens_bench/toroidal_bench/toroidal_queen85-1.smt2,887.695,12728,100811,成功
/pub/data/jiafq/iscas/Parser_Comparison/../benchmarks/part41/non-incremental/QF_IDL/queens_bench/toroidal_bench/toroidal_queen86-1.smt2,887.252,13144,102685,成功
/pub/data/jiafq/iscas/Parser_Comparison/../benchmarks/part41/non-incremental/QF_IDL/queens_bench/toroidal_bench/toroidal_queen87-1.smt2,903.179,13424,105619,成功
/pub/data/jiafq/iscas/Parser_Comparison/../benchmarks/part41/non-incremental/QF_IDL/queens_bench/toroidal_bench/toroidal_queen88-1.smt2,918.691,13700,107537,成功
/pub/data/jiafq/iscas/Parser_Comparison/../benchmarks/part41/non-incremental/QF_IDL/queens_bench/toroidal_bench/toroidal_queen89-1.smt2,946.469,13984,110539,成功
/pub/data/jiafq/iscas/Parser_Comparison/../benchmarks/part41/non-incremental/QF_IDL/queens_bench/toroidal_bench/toroidal_queen9-1.smt2,10.9551,264,1099,成功
/pub/data/jiafq/iscas/Parser_Comparison/../benchmarks/part41/non-incremental/QF_IDL/queens_bench/toroidal_bench/toroidal_queen90-1.smt2,967.178,17272,112501,成功
/pub/data/jiafq/iscas/Parser_Comparison/../benchmarks/part41/non-incremental/QF_IDL/queens_bench/toroidal_bench/toroidal_queen91-1.smt2,1001.74,17280,115571,成功
/pub/data/jiafq/iscas/Parser_Comparison/../benchmarks/part41/non-incremental/QF_IDL/queens_bench/toroidal_bench/toroidal_queen92-1.smt2,1022.78,17300,117577,成功
/pub/data/jiafq/iscas/Parser_Comparison/../benchmarks/part41/non-incremental/QF_IDL/queens_bench/toroidal_bench/toroidal_queen93-1.smt2,1041.63,17536,120715,成功
/pub/data/jiafq/iscas/Parser_Comparison/../benchmarks/part41/non-incremental/QF_IDL/queens_bench/toroidal_bench/toroidal_queen94-1.smt2,1060.47,17560,122765,成功
/pub/data/jiafq/iscas/Parser_Comparison/../benchmarks/part41/non-incremental/QF_IDL/queens_bench/toroidal_bench/toroidal_queen95-1.smt2,1088.27,17832,125971,成功
/pub/data/jiafq/iscas/Parser_Comparison/../benchmarks/part41/non-incremental/QF_IDL/queens_bench/toroidal_bench/toroidal_queen96-1.smt2,1123.23,18116,128065,成功
/pub/data/jiafq/iscas/Parser_Comparison/../benchmarks/part41/non-incremental/QF_IDL/queens_bench/toroidal_bench/toroidal_queen97-1.smt2,1151.82,18396,131339,成功
/pub/data/jiafq/iscas/Parser_Comparison/../benchmarks/part41/non-incremental/QF_IDL/queens_bench/toroidal_bench/toroidal_queen98-1.smt2,1143.51,18680,133477,成功
/pub/data/jiafq/iscas/Parser_Comparison/../benchmarks/part41/non-incremental/QF_IDL/queens_bench/toroidal_bench/toroidal_queen99-1.smt2,1202.7,18960,136819,成功
/pub/data/jiafq/iscas/Parser_Comparison/../benchmarks/part41/non-incremental/QF_IDL/sal/bakery/inf-bakery-invalid-1.smt2,3.67618,264,281,成功
/pub/data/jiafq/iscas/Parser_Comparison/../benchmarks/part41/non-incremental/QF_IDL/sal/bakery/inf-bakery-invalid-10.smt2,23.9289,528,2351,成功
/pub/data/jiafq/iscas/Parser_Comparison/../benchmarks/part41/non-incremental/QF_IDL/sal/bakery/inf-bakery-invalid-2.smt2,6.43754,264,511,成功
/pub/data/jiafq/iscas/Parser_Comparison/../benchmarks/part41/non-incremental/QF_IDL/sal/bakery/inf-bakery-invalid-3.smt2,8.76451,264,741,成功
/pub/data/jiafq/iscas/Parser_Comparison/../benchmarks/part41/non-incremental/QF_IDL/sal/bakery/inf-bakery-invalid-4.smt2,10.9518,264,971,成功
/pub/data/jiafq/iscas/Parser_Comparison/../benchmarks/part41/non-incremental/QF_IDL/sal/bakery/inf-bakery-invalid-5.smt2,13.3138,264,1201,成功
/pub/data/jiafq/iscas/Parser_Comparison/../benchmarks/part41/non-incremental/QF_IDL/sal/bakery/inf-bakery-invalid-6.smt2,15.4202,528,1431,成功
/pub/data/jiafq/iscas/Parser_Comparison/../benchmarks/part41/non-incremental/QF_IDL/sal/bakery/inf-bakery-invalid-7.smt2,17.6618,528,1661,成功
/pub/data/jiafq/iscas/Parser_Comparison/../benchmarks/part41/non-incremental/QF_IDL/sal/bakery/inf-bakery-invalid-8.smt2,19.6943,528,1891,成功
/pub/data/jiafq/iscas/Parser_Comparison/../benchmarks/part41/non-incremental/QF_IDL/sal/bakery/inf-bakery-invalid-9.smt2,21.7326,528,2121,成功
/pub/data/jiafq/iscas/Parser_Comparison/../benchmarks/part41/non-incremental/QF_IDL/sal/bakery/inf-bakery-mutex-1.smt2,3.65472,0,281,成功
/pub/data/jiafq/iscas/Parser_Comparison/../benchmarks/part41/non-incremental/QF_IDL/sal/bakery/inf-bakery-mutex-10.smt2,24.3299,528,2351,成功
/pub/data/jiafq/iscas/Parser_Comparison/../benchmarks/part41/non-incremental/QF_IDL/sal/bakery/inf-bakery-mutex-11.smt2,26.283,528,2581,成功
/pub/data/jiafq/iscas/Parser_Comparison/../benchmarks/part41/non-incremental/QF_IDL/sal/bakery/inf-bakery-mutex-12.smt2,28.6739,528,2811,成功
/pub/data/jiafq/iscas/Parser_Comparison/../benchmarks/part41/non-incremental/QF_IDL/sal/bakery/inf-bakery-mutex-13.smt2,30.6458,792,3041,成功
/pub/data/jiafq/iscas/Parser_Comparison/../benchmarks/part41/non-incremental/QF_IDL/sal/bakery/inf-bakery-mutex-14.smt2,32.9747,792,3271,成功
/pub/data/jiafq/iscas/Parser_Comparison/../benchmarks/part41/non-incremental/QF_IDL/sal/bakery/inf-bakery-mutex-15.smt2,41.183,792,3501,成功
/pub/data/jiafq/iscas/Parser_Comparison/../benchmarks/part41/non-incremental/QF_IDL/sal/bakery/inf-bakery-mutex-16.smt2,38.605,792,3731,成功
/pub/data/jiafq/iscas/Parser_Comparison/../benchmarks/part41/non-incremental/QF_IDL/sal/bakery/inf-bakery-mutex-17.smt2,39.8328,792,3961,成功
/pub/data/jiafq/iscas/Parser_Comparison/../benchmarks/part41/non-incremental/QF_IDL/sal/bakery/inf-bakery-mutex-18.smt2,52.366,792,4191,成功
/pub/data/jiafq/iscas/Parser_Comparison/../benchmarks/part41/non-incremental/QF_IDL/sal/bakery/inf-bakery-mutex-19.smt2,44.0922,792,4421,成功
/pub/data/jiafq/iscas/Parser_Comparison/../benchmarks/part41/non-incremental/QF_IDL/sal/bakery/inf-bakery-mutex-2.smt2,6.52862,264,511,成功
/pub/data/jiafq/iscas/Parser_Comparison/../benchmarks/part41/non-incremental/QF_IDL/sal/bakery/inf-bakery-mutex-20.smt2,55.7115,792,4651,成功
/pub/data/jiafq/iscas/Parser_Comparison/../benchmarks/part41/non-incremental/QF_IDL/sal/bakery/inf-bakery-mutex-3.smt2,8.77094,264,741,成功
/pub/data/jiafq/iscas/Parser_Comparison/../benchmarks/part41/non-incremental/QF_IDL/sal/bakery/inf-bakery-mutex-4.smt2,11.0414,264,971,成功
/pub/data/jiafq/iscas/Parser_Comparison/../benchmarks/part41/non-incremental/QF_IDL/sal/bakery/inf-bakery-mutex-5.smt2,13.1288,264,1201,成功
/pub/data/jiafq/iscas/Parser_Comparison/../benchmarks/part41/non-incremental/QF_IDL/sal/bakery/inf-bakery-mutex-6.smt2,15.2187,528,1431,成功
/pub/data/jiafq/iscas/Parser_Comparison/../benchmarks/part41/non-incremental/QF_IDL/sal/bakery/inf-bakery-mutex-7.smt2,17.5395,528,1661,成功
/pub/data/jiafq/iscas/Parser_Comparison/../benchmarks/part41/non-incremental/QF_IDL/sal/bakery/inf-bakery-mutex-8.smt2,19.9146,528,1891,成功
/pub/data/jiafq/iscas/Parser_Comparison/../benchmarks/part41/non-incremental/QF_IDL/sal/bakery/inf-bakery-mutex-9.smt2,21.8773,528,2121,成功
/pub/data/jiafq/iscas/Parser_Comparison/../benchmarks/part41/non-incremental/QF_IDL/sal/lpsat/lpsat-goal-1.smt2,22.2981,528,5223,成功
/pub/data/jiafq/iscas/Parser_Comparison/../benchmarks/part41/non-incremental/QF_IDL/sal/lpsat/lpsat-goal-10.smt2,189.168,3960,50475,成功
/pub/data/jiafq/iscas/Parser_Comparison/../benchmarks/part41/non-incremental/QF_IDL/sal/lpsat/lpsat-goal-11.smt2,210.842,3960,55503,成功
/pub/data/jiafq/iscas/Parser_Comparison/../benchmarks/part41/non-incremental/QF_IDL/sal/lpsat/lpsat-goal-12.smt2,228.986,4488,60531,成功
/pub/data/jiafq/iscas/Parser_Comparison/../benchmarks/part41/non-incremental/QF_IDL/sal/lpsat/lpsat-goal-13.smt2,247.773,4488,65559,成功
/pub/data/jiafq/iscas/Parser_Comparison/../benchmarks/part41/non-incremental/QF_IDL/sal/lpsat/lpsat-goal-14.smt2,268.335,5700,70587,成功
/pub/data/jiafq/iscas/Parser_Comparison/../benchmarks/part41/non-incremental/QF_IDL/sal/lpsat/lpsat-goal-15.smt2,289.751,5664,75615,成功
/pub/data/jiafq/iscas/Parser_Comparison/../benchmarks/part41/non-incremental/QF_IDL/sal/lpsat/lpsat-goal-16.smt2,291.908,6244,80643,成功
/pub/data/jiafq/iscas/Parser_Comparison/../benchmarks/part41/non-incremental/QF_IDL/sal/lpsat/lpsat-goal-17.smt2,316.041,6092,85671,成功
/pub/data/jiafq/iscas/Parser_Comparison/../benchmarks/part41/non-incremental/QF_IDL/sal/lpsat/lpsat-goal-18.smt2,342.713,6432,90699,成功
/pub/data/jiafq/iscas/Parser_Comparison/../benchmarks/part41/non-incremental/QF_IDL/sal/lpsat/lpsat-goal-19.smt2,374.913,7032,95727,成功
/pub/data/jiafq/iscas/Parser_Comparison/../benchmarks/part41/non-incremental/QF_IDL/sal/lpsat/lpsat-goal-2.smt2,41.2345,792,10251,成功
/pub/data/jiafq/iscas/Parser_Comparison/../benchmarks/part41/non-incremental/QF_IDL/sal/lpsat/lpsat-goal-20.smt2,370.851,7100,100755,成功
/pub/data/jiafq/iscas/Parser_Comparison/../benchmarks/part41/non-incremental/QF_IDL/sal/lpsat/lpsat-goal-3.smt2,57.7233,1320,15279,成功
/pub/data/jiafq/iscas/Parser_Comparison/../benchmarks/part41/non-incremental/QF_IDL/sal/lpsat/lpsat-goal-4.smt2,78.3336,1584,20307,成功
/pub/data/jiafq/iscas/Parser_Comparison/../benchmarks/part41/non-incremental/QF_IDL/sal/lpsat/lpsat-goal-5.smt2,97.9028,1848,25335,成功
/pub/data/jiafq/iscas/Parser_Comparison/../benchmarks/part41/non-incremental/QF_IDL/sal/lpsat/lpsat-goal-6.smt2,116.978,2376,30363,成功
/pub/data/jiafq/iscas/Parser_Comparison/../benchmarks/part41/non-incremental/QF_IDL/sal/lpsat/lpsat-goal-7.smt2,134.849,2904,35391,成功
/pub/data/jiafq/iscas/Parser_Comparison/../benchmarks/part41/non-incremental/QF_IDL/sal/lpsat/lpsat-goal-8.smt2,152.108,3296,40419,成功
/pub/data/jiafq/iscas/Parser_Comparison/../benchmarks/part41/non-incremental/QF_IDL/sal/lpsat/lpsat-goal-9.smt2,174.751,3392,45447,成功
/pub/data/jiafq/iscas/Parser_Comparison/../benchmarks/part41/non-incremental/QF_IDL/schedulingIDL/gp10_03_mkspan1074.smt2,119.791,1848,11403,成功
/pub/data/jiafq/iscas/Parser_Comparison/../benchmarks/part41/non-incremental/QF_IDL/schedulingIDL/gp10_03_mkspan1079.smt2,122.216,1848,11403,成功
/pub/data/jiafq/iscas/Parser_Comparison/../benchmarks/part41/non-incremental/QF_IDL/schedulingIDL/gp10_03_mkspan1080.smt2,119.567,1848,11403,成功
/pub/data/jiafq/iscas/Parser_Comparison/../benchmarks/part41/non-incremental/QF_IDL/schedulingIDL/gp10_03_mkspan1081.smt2,119.507,1848,11403,成功
/pub/data/jiafq/iscas/Parser_Comparison/../benchmarks/part41/non-incremental/QF_IDL/schedulingIDL/gp10_03_mkspan1082.smt2,121.495,1848,11403,成功
/pub/data/jiafq/iscas/Parser_Comparison/../benchmarks/part41/non-incremental/QF_IDL/schedulingIDL/gp10_05_mkspan1069.smt2,122.002,1848,11403,成功
/pub/data/jiafq/iscas/Parser_Comparison/../benchmarks/part41/non-incremental/QF_IDL/schedulingIDL/gp10_05_mkspan1070.smt2,119.716,1848,11403,成功
/pub/data/jiafq/iscas/Parser_Comparison/../benchmarks/part41/non-incremental/QF_IDL/schedulingIDL/gp10_05_mkspan1071.smt2,120.171,1848,11403,成功
/pub/data/jiafq/iscas/Parser_Comparison/../benchmarks/part41/non-incremental/QF_IDL/schedulingIDL/j6_per0_0_mkspan1045.smt2,28.7437,528,2523,成功
/pub/data/jiafq/iscas/Parser_Comparison/../benchmarks/part41/non-incremental/QF_IDL/schedulingIDL/j6_per0_0_mkspan1051.smt2,28.5039,528,2523,成功
/pub/data/jiafq/iscas/Parser_Comparison/../benchmarks/part41/non-incremental/QF_IDL/schedulingIDL/j6_per0_0_mkspan1054.smt2,28.7244,528,2523,成功
/pub/data/jiafq/iscas/Parser_Comparison/../benchmarks/part41/non-incremental/QF_IDL/schedulingIDL/j6_per0_0_mkspan1055.smt2,28.018,528,2523,成功
/pub/data/jiafq/iscas/Parser_Comparison/../benchmarks/part41/non-incremental/QF_IDL/schedulingIDL/j6_per0_0_mkspan1056.smt2,28.1777,528,2523,成功
/pub/data/jiafq/iscas/Parser_Comparison/../benchmarks/part41/non-incremental/QF_IDL/schedulingIDL/j6_per0_0_mkspan1057.smt2,28.6858,528,2523,成功
/pub/data/jiafq/iscas/Parser_Comparison/../benchmarks/part41/non-incremental/QF_IDL/schedulingIDL/j6_per0_0_mkspan1068.smt2,28.4529,528,2523,成功
/pub/data/jiafq/iscas/Parser_Comparison/../benchmarks/part41/non-incremental/QF_IDL/schedulingIDL/j7_per0_0_mkspan1045.smt2,43.4511,792,3972,成功
/pub/data/jiafq/iscas/Parser_Comparison/../benchmarks/part41/non-incremental/QF_IDL/schedulingIDL/j7_per0_0_mkspan1051.smt2,43.3991,792,3972,成功
/pub/data/jiafq/iscas/Parser_Comparison/../benchmarks/part41/non-incremental/QF_IDL/schedulingIDL/j7_per0_0_mkspan1053.smt2,43.1635,792,3972,成功
/pub/data/jiafq/iscas/Parser_Comparison/../benchmarks/part41/non-incremental/QF_IDL/schedulingIDL/j7_per0_0_mkspan1054.smt2,42.0651,792,3972,成功
/pub/data/jiafq/iscas/Parser_Comparison/../benchmarks/part41/non-incremental/QF_IDL/schedulingIDL/j7_per0_0_mkspan1057.smt2,42.8979,792,3972,成功
/pub/data/jiafq/iscas/Parser_Comparison/../benchmarks/part41/non-incremental/QF_IDL/schedulingIDL/j7_per0_0_mkspan1068.smt2,42.8119,792,3972,成功
/pub/data/jiafq/iscas/Parser_Comparison/../benchmarks/part41/non-incremental/QF_IDL/schedulingIDL/j7_per0_1_mkspan1037.smt2,43.0827,792,3972,成功
/pub/data/jiafq/iscas/Parser_Comparison/../benchmarks/part41/non-incremental/QF_IDL/schedulingIDL/j7_per0_1_mkspan1047.smt2,43.5243,792,3972,成功
/pub/data/jiafq/iscas/Parser_Comparison/../benchmarks/part41/non-incremental/QF_IDL/schedulingIDL/j7_per0_1_mkspan1052.smt2,43.5932,792,3972,成功
/pub/data/jiafq/iscas/Parser_Comparison/../benchmarks/part41/non-incremental/QF_IDL/schedulingIDL/j7_per0_1_mkspan1054.smt2,43.715,792,3972,成功
/pub/data/jiafq/iscas/Parser_Comparison/../benchmarks/part41/non-incremental/QF_IDL/schedulingIDL/j7_per0_1_mkspan1055.smt2,43.4856,792,3972,成功
/pub/data/jiafq/iscas/Parser_Comparison/../benchmarks/part41/non-incremental/QF_IDL/schedulingIDL/j7_per0_1_mkspan1056.smt2,43.3052,792,3972,成功
/pub/data/jiafq/iscas/Parser_Comparison/../benchmarks/part41/non-incremental/QF_IDL/schedulingIDL/j7_per0_2_mkspan1039.smt2,43.3073,792,3972,成功
/pub/data/jiafq/iscas/Parser_Comparison/../benchmarks/part41/non-incremental/QF_IDL/schedulingIDL/j7_per0_2_mkspan1049.smt2,43.9043,792,3972,成功
/pub/data/jiafq/iscas/Parser_Comparison/../benchmarks/part41/non-incremental/QF_IDL/schedulingIDL/j7_per0_2_mkspan1054.smt2,44.3258,792,3972,成功
/pub/data/jiafq/iscas/Parser_Comparison/../benchmarks/part41/non-incremental/QF_IDL/schedulingIDL/j7_per0_2_mkspan1055.smt2,43.473,792,3972,成功
/pub/data/jiafq/iscas/Parser_Comparison/../benchmarks/part41/non-incremental/QF_IDL/schedulingIDL/j7_per0_2_mkspan1056.smt2,43.8411,792,3972,成功
/pub/data/jiafq/iscas/Parser_Comparison/../benchmarks/part41/non-incremental/QF_IDL/schedulingIDL/j7_per0_2_mkspan1057.smt2,43.6134,792,3972,成功
/pub/data/jiafq/iscas/Parser_Comparison/../benchmarks/part41/non-incremental/QF_IDL/schedulingIDL/j7_per0_2_mkspan1059.smt2,43.5607,792,3972,成功
/pub/data/jiafq/iscas/Parser_Comparison/../benchmarks/part41/non-incremental/QF_IDL/schedulingIDL/j7_per0_2_mkspan1079.smt2,43.5634,792,3972,成功
/pub/data/jiafq/iscas/Parser_Comparison/../benchmarks/part41/non-incremental/QF_IDL/schedulingIDL/j7_per10_0_mkspan1009.smt2,43.376,792,3972,成功
/pub/data/jiafq/iscas/Parser_Comparison/../benchmarks/part41/non-incremental/QF_IDL/schedulingIDL/j7_per10_0_mkspan1012.smt2,43.8893,792,3972,成功
/pub/data/jiafq/iscas/Parser_Comparison/../benchmarks/part41/non-incremental/QF_IDL/schedulingIDL/j7_per10_0_mkspan1013.smt2,43.6087,792,3972,成功
/pub/data/jiafq/iscas/Parser_Comparison/../benchmarks/part41/non-incremental/QF_IDL/schedulingIDL/j7_per10_0_mkspan1014.smt2,43.3545,792,3972,成功
/pub/data/jiafq/iscas/Parser_Comparison/../benchmarks/part41/non-incremental/QF_IDL/schedulingIDL/j7_per10_0_mkspan1018.smt2,43.6001,792,3972,成功
/pub/data/jiafq/iscas/Parser_Comparison/../benchmarks/part41/non-incremental/QF_IDL/schedulingIDL/j7_per10_1_mkspan1000.smt2,44.472,792,3972,成功
/pub/data/jiafq/iscas/Parser_Comparison/../benchmarks/part41/non-incremental/QF_IDL/schedulingIDL/j7_per10_1_mkspan1001.smt2,43.1678,792,3972,成功
/pub/data/jiafq/iscas/Parser_Comparison/../benchmarks/part41/non-incremental/QF_IDL/schedulingIDL/j7_per10_1_mkspan1002.smt2,43.5565,792,3972,成功
/pub/data/jiafq/iscas/Parser_Comparison/../benchmarks/part41/non-incremental/QF_IDL/schedulingIDL/j7_per10_1_mkspan1004.smt2,44.4679,792,3972,成功
/pub/data/jiafq/iscas/Parser_Comparison/../benchmarks/part41/non-incremental/QF_IDL/schedulingIDL/j7_per10_1_mkspan1008.smt2,42.3648,792,3972,成功
/pub/data/jiafq/iscas/Parser_Comparison/../benchmarks/part41/non-incremental/QF_IDL/schedulingIDL/j7_per10_2_mkspan1006.smt2,41.8591,792,3972,成功
/pub/data/jiafq/iscas/Parser_Comparison/../benchmarks/part41/non-incremental/QF_IDL/schedulingIDL/j7_per10_2_mkspan1010.smt2,42.4411,792,3972,成功
/pub/data/jiafq/iscas/Parser_Comparison/../benchmarks/part41/non-incremental/QF_IDL/schedulingIDL/j7_per10_2_mkspan1011.smt2,42.2299,792,3972,成功
/pub/data/jiafq/iscas/Parser_Comparison/../benchmarks/part41/non-incremental/QF_IDL/schedulingIDL/j7_per10_2_mkspan1012.smt2,42.5808,792,3972,成功
/pub/data/jiafq/iscas/Parser_Comparison/../benchmarks/part41/non-incremental/QF_IDL/schedulingIDL/j7_per10_2_mkspan1013.smt2,43.7484,792,3972,成功
/pub/data/jiafq/iscas/Parser_Comparison/../benchmarks/part41/non-incremental/QF_IDL/schedulingIDL/j7_per10_2_mkspan1027.smt2,43.7319,792,3972,成功
/pub/data/jiafq/iscas/Parser_Comparison/../benchmarks/part41/non-incremental/QF_IDL/schedulingIDL/j7_per10_2_mkspan1055.smt2,43.7789,792,3972,成功
/pub/data/jiafq/iscas/Parser_Comparison/../benchmarks/part41/non-incremental/QF_IDL/schedulingIDL/j7_per20_1_mkspan1002.smt2,43.2892,792,3972,成功
/pub/data/jiafq/iscas/Parser_Comparison/../benchmarks/part41/non-incremental/QF_IDL/schedulingIDL/j7_per20_1_mkspan1004.smt2,44.1575,792,3972,成功
/pub/data/jiafq/iscas/Parser_Comparison/../benchmarks/part41/non-incremental/QF_IDL/schedulingIDL/j7_per20_1_mkspan1005.smt2,43.9105,792,3972,成功
/pub/data/jiafq/iscas/Parser_Comparison/../benchmarks/part41/non-incremental/QF_IDL/schedulingIDL/j7_per20_2_mkspan1002.smt2,44.5628,792,3972,成功
/pub/data/jiafq/iscas/Parser_Comparison/../benchmarks/part41/non-incremental/QF_IDL/schedulingIDL/j7_per20_2_mkspan1003.smt2,43.5812,792,3972,成功
/pub/data/jiafq/iscas/Parser_Comparison/../benchmarks/part41/non-incremental/QF_IDL/schedulingIDL/j7_per20_2_mkspan1004.smt2,44.342,792,3972,成功
/pub/data/jiafq/iscas/Parser_Comparison/../benchmarks/part41/non-incremental/QF_IDL/schedulingIDL/j7_per20_2_mkspan1009.smt2,44.1282,792,3972,成功
/pub/data/jiafq/iscas/Parser_Comparison/../benchmarks/part41/non-incremental/QF_IDL/schedulingIDL/j8_per0_1_mkspan1038.smt2,63.9076,1056,5891,成功
/pub/data/jiafq/iscas/Parser_Comparison/../benchmarks/part41/non-incremental/QF_IDL/schedulingIDL/j8_per0_1_mkspan1048.smt2,63.6663,1056,5891,成功
/pub/data/jiafq/iscas/Parser_Comparison/../benchmarks/part41/non-incremental/QF_IDL/schedulingIDL/j8_per0_1_mkspan1053.smt2,63.185,1056,5891,成功
/pub/data/jiafq/iscas/Parser_Comparison/../benchmarks/part41/non-incremental/QF_IDL/schedulingIDL/j8_per0_1_mkspan1054.smt2,63.7708,1056,5891,成功
/pub/data/jiafq/iscas/Parser_Comparison/../benchmarks/part41/non-incremental/QF_IDL/schedulingIDL/j8_per0_1_mkspan1055.smt2,63.5149,1056,5891,成功
/pub/data/jiafq/iscas/Parser_Comparison/../benchmarks/part41/non-incremental/QF_IDL/schedulingIDL/j8_per0_1_mkspan1056.smt2,62.1166,1056,5891,成功
/pub/data/jiafq/iscas/Parser_Comparison/../benchmarks/part41/non-incremental/QF_IDL/schedulingIDL/j8_per0_1_mkspan1058.smt2,64.0883,1056,5891,成功
/pub/data/jiafq/iscas/Parser_Comparison/../benchmarks/part41/non-incremental/QF_IDL/schedulingIDL/j8_per0_1_mkspan1077.smt2,64.3127,1056,5891,成功
/pub/data/jiafq/iscas/Parser_Comparison/../benchmarks/part41/non-incremental/QF_IDL/schedulingIDL/j8_per0_2_mkspan1027.smt2,62.3677,1056,5891,成功
/pub/data/jiafq/iscas/Parser_Comparison/../benchmarks/part41/non-incremental/QF_IDL/schedulingIDL/j8_per0_2_mkspan1041.smt2,64.0581,1056,5891,成功
/pub/data/jiafq/iscas/Parser_Comparison/../benchmarks/part41/non-incremental/QF_IDL/schedulingIDL/j8_per0_2_mkspan1048.smt2,64.4529,1056,5891,成功
/pub/data/jiafq/iscas/Parser_Comparison/../benchmarks/part41/non-incremental/QF_IDL/schedulingIDL/j8_per0_2_mkspan1051.smt2,64.606,1056,5891,成功
/pub/data/jiafq/iscas/Parser_Comparison/../benchmarks/part41/non-incremental/QF_IDL/schedulingIDL/j8_per0_2_mkspan1052.smt2,63.5586,1056,5891,成功
/pub/data/jiafq/iscas/Parser_Comparison/../benchmarks/part41/non-incremental/QF_IDL/schedulingIDL/j8_per0_2_mkspan1053.smt2,64.3728,1056,5891,成功
/pub/data/jiafq/iscas/Parser_Comparison/../benchmarks/part41/non-incremental/QF_IDL/schedulingIDL/j8_per0_2_mkspan1054.smt2,64.827,1056,5891,成功
/pub/data/jiafq/iscas/Parser_Comparison/../benchmarks/part41/non-incremental/QF_IDL/schedulingIDL/j8_per10_0_mkspan1012.smt2,64.3027,1056,5891,成功
/pub/data/jiafq/iscas/Parser_Comparison/../benchmarks/part41/non-incremental/QF_IDL/schedulingIDL/j8_per10_0_mkspan1015.smt2,63.8311,1056,5891,成功
/pub/data/jiafq/iscas/Parser_Comparison/../benchmarks/part41/non-incremental/QF_IDL/schedulingIDL/j8_per10_0_mkspan1016.smt2,63.4594,1056,5891,成功
/pub/data/jiafq/iscas/Parser_Comparison/../benchmarks/part41/non-incremental/QF_IDL/schedulingIDL/j8_per10_0_mkspan1017.smt2,64.9269,1056,5891,成功
/pub/data/jiafq/iscas/Parser_Comparison/../benchmarks/part41/non-incremental/QF_IDL/schedulingIDL/j8_per10_0_mkspan1018.smt2,63.5397,1056,5891,成功
/pub/data/jiafq/iscas/Parser_Comparison/../benchmarks/part41/non-incremental/QF_IDL/schedulingIDL/j8_per10_0_mkspan1024.smt2,64.0693,1056,5891,成功
/pub/data/jiafq/iscas/Parser_Comparison/../benchmarks/part41/non-incremental/QF_IDL/schedulingIDL/j8_per10_1_mkspan1002.smt2,63.7484,1056,5891,成功
/pub/data/jiafq/iscas/Parser_Comparison/../benchmarks/part41/non-incremental/QF_IDL/schedulingIDL/j8_per10_1_mkspan1003.smt2,64.332,1056,5891,成功
/pub/data/jiafq/iscas/Parser_Comparison/../benchmarks/part41/non-incremental/QF_IDL/schedulingIDL/j8_per10_1_mkspan1004.smt2,61.0783,1056,5891,成功
/pub/data/jiafq/iscas/Parser_Comparison/../benchmarks/part41/non-incremental/QF_IDL/schedulingIDL/j8_per10_1_mkspan1009.smt2,62.4704,1056,5891,成功
/pub/data/jiafq/iscas/Parser_Comparison/../benchmarks/part41/non-incremental/QF_IDL/schedulingIDL/j8_per10_1_mkspan1018.smt2,60.7347,1056,5891,成功
/pub/data/jiafq/iscas/Parser_Comparison/../benchmarks/part41/non-incremental/QF_IDL/schedulingIDL/j8_per10_1_mkspan1036.smt2,62.6688,1056,5891,成功
/pub/data/jiafq/iscas/Parser_Comparison/../benchmarks/part41/non-incremental/QF_IDL/schedulingIDL/j8_per10_2_mkspan1008.smt2,62.309,1056,5891,成功
/pub/data/jiafq/iscas/Parser_Comparison/../benchmarks/part41/non-incremental/QF_IDL/schedulingIDL/j8_per10_2_mkspan1009.smt2,64.1646,1056,5891,成功
/pub/data/jiafq/iscas/Parser_Comparison/../benchmarks/part41/non-incremental/QF_IDL/schedulingIDL/j8_per10_2_mkspan1010.smt2,62.9678,1056,5891,成功
/pub/data/jiafq/iscas/Parser_Comparison/../benchmarks/part41/non-incremental/QF_IDL/schedulingIDL/j8_per10_2_mkspan1011.smt2,63.1108,1056,5891,成功
/pub/data/jiafq/iscas/Parser_Comparison/../benchmarks/part41/non-incremental/QF_IDL/schedulingIDL/j8_per10_2_mkspan1013.smt2,61.9543,1056,5891,成功
/pub/data/jiafq/iscas/Parser_Comparison/../benchmarks/part41/non-incremental/QF_IDL/schedulingIDL/j8_per10_2_mkspan1017.smt2,63.8323,1056,5891,成功
/pub/data/jiafq/iscas/Parser_Comparison/../benchmarks/part41/non-incremental/QF_IDL/schedulingIDL/j8_per10_2_mkspan1034.smt2,63.5755,1056,5891,成功
/pub/data/jiafq/iscas/Parser_Comparison/../benchmarks/part41/non-incremental/QF_IDL/schedulingIDL/j8_per20_0_mkspan1000.smt2,61.4932,1056,5891,成功
/pub/data/jiafq/iscas/Parser_Comparison/../benchmarks/part41/non-incremental/QF_IDL/schedulingIDL/j8_per20_0_mkspan1001.smt2,71.3315,1056,5891,成功
/pub/data/jiafq/iscas/Parser_Comparison/../benchmarks/part41/non-incremental/QF_IDL/schedulingIDL/j8_per20_0_mkspan1002.smt2,65.0392,1056,5891,成功
/pub/data/jiafq/iscas/Parser_Comparison/../benchmarks/part41/non-incremental/QF_IDL/schedulingIDL/j8_per20_0_mkspan1004.smt2,64.6937,1056,5891,成功
/pub/data/jiafq/iscas/Parser_Comparison/../benchmarks/part41/non-incremental/QF_IDL/schedulingIDL/j8_per20_0_mkspan1008.smt2,64.0748,1056,5891,成功
/pub/data/jiafq/iscas/Parser_Comparison/../benchmarks/part41/non-incremental/QF_IDL/schedulingIDL/j8_per20_0_mkspan1017.smt2,63.4012,1056,5891,成功
/pub/data/jiafq/iscas/Parser_Comparison/../benchmarks/part41/non-incremental/QF_IDL/schedulingIDL/j8_per20_2_mkspan1000.smt2,63.7481,1056,5891,成功
/pub/data/jiafq/iscas/Parser_Comparison/../benchmarks/part41/non-incremental/QF_IDL/schedulingIDL/j8_per20_2_mkspan1001.smt2,63.6699,1056,5891,成功
/pub/data/jiafq/iscas/Parser_Comparison/../benchmarks/part41/non-incremental/QF_IDL/schedulingIDL/j8_per20_2_mkspan1002.smt2,63.1168,1056,5891,成功
/pub/data/jiafq/iscas/Parser_Comparison/../benchmarks/part41/non-incremental/QF_IDL/schedulingIDL/j8_per20_2_mkspan1004.smt2,63.5281,1056,5891,成功
/pub/data/jiafq/iscas/Parser_Comparison/../benchmarks/part41/non-incremental/QF_IDL/schedulingIDL/j8_per20_2_mkspan1009.smt2,63.2279,1056,5891,成功
/pub/data/jiafq/iscas/Parser_Comparison/../benchmarks/part41/non-incremental/QF_IDL/schedulingIDL/j8_per20_2_mkspan1019.smt2,63.3547,1056,5891,成功
/pub/data/jiafq/iscas/Parser_Comparison/../benchmarks/part41/non-incremental/QF_IDL/schedulingIDL/tai_10x10_10_mkspan596.smt2,120.331,1848,11403,成功
/pub/data/jiafq/iscas/Parser_Comparison/../benchmarks/part41/non-incremental/QF_IDL/schedulingIDL/tai_10x10_10_mkspan598.smt2,121.724,1848,11403,成功
/pub/data/jiafq/iscas/Parser_Comparison/../benchmarks/part41/non-incremental/QF_IDL/schedulingIDL/tai_10x10_1_mkspan637.smt2,119.387,1848,11403,成功
/pub/data/jiafq/iscas/Parser_Comparison/../benchmarks/part41/non-incremental/QF_IDL/schedulingIDL/tai_10x10_1_mkspan638.smt2,121.078,1848,11403,成功
/pub/data/jiafq/iscas/Parser_Comparison/../benchmarks/part41/non-incremental/QF_IDL/schedulingIDL/tai_10x10_1_mkspan639.smt2,120.379,1848,11403,成功
/pub/data/jiafq/iscas/Parser_Comparison/../benchmarks/part41/non-incremental/QF_IDL/schedulingIDL/tai_10x10_1_mkspan641.smt2,119.074,1848,11403,成功
/pub/data/jiafq/iscas/Parser_Comparison/../benchmarks/part41/non-incremental/QF_IDL/schedulingIDL/tai_10x10_1_mkspan645.smt2,118.532,1848,11403,成功
/pub/data/jiafq/iscas/Parser_Comparison/../benchmarks/part41/non-incremental/QF_IDL/schedulingIDL/tai_10x10_1_mkspan654.smt2,120.978,1848,11403,成功
/pub/data/jiafq/iscas/Parser_Comparison/../benchmarks/part41/non-incremental/QF_IDL/schedulingIDL/tai_10x10_2_mkspan588.smt2,119.437,1848,11403,成功
/pub/data/jiafq/iscas/Parser_Comparison/../benchmarks/part41/non-incremental/QF_IDL/schedulingIDL/tai_10x10_2_mkspan589.smt2,128.328,1848,11403,成功
/pub/data/jiafq/iscas/Parser_Comparison/../benchmarks/part41/non-incremental/QF_IDL/schedulingIDL/tai_10x10_2_mkspan593.smt2,121.568,1848,11403,成功
/pub/data/jiafq/iscas/Parser_Comparison/../benchmarks/part41/non-incremental/QF_IDL/schedulingIDL/tai_10x10_5_mkspan640.smt2,119.666,1848,11403,成功
/pub/data/jiafq/iscas/Parser_Comparison/../benchmarks/part41/non-incremental/QF_IDL/schedulingIDL/tai_10x10_5_mkspan641.smt2,121.936,1848,11403,成功
/pub/data/jiafq/iscas/Parser_Comparison/../benchmarks/part41/non-incremental/QF_IDL/schedulingIDL/tai_10x10_5_mkspan642.smt2,118.435,1848,11403,成功
/pub/data/jiafq/iscas/Parser_Comparison/../benchmarks/part41/non-incremental/QF_IDL/schedulingIDL/tai_10x10_5_mkspan644.smt2,121.724,1848,11403,成功
/pub/data/jiafq/iscas/Parser_Comparison/../benchmarks/part41/non-incremental/QF_IDL/schedulingIDL/tai_10x10_7_mkspan616.smt2,122.396,1848,11403,成功
/pub/data/jiafq/iscas/Parser_Comparison/../benchmarks/part41/non-incremental/QF_IDL/schedulingIDL/tai_10x10_7_mkspan617.smt2,120.038,1848,11403,成功
/pub/data/jiafq/iscas/Parser_Comparison/../benchmarks/part41/non-incremental/QF_IDL/schedulingIDL/tai_10x10_7_mkspan618.smt2,121.102,1848,11403,成功
/pub/data/jiafq/iscas/Parser_Comparison/../benchmarks/part41/non-incremental/QF_IDL/schedulingIDL/tai_10x10_7_mkspan620.smt2,121.35,1848,11403,成功
/pub/data/jiafq/iscas/Parser_Comparison/../benchmarks/part41/non-incremental/QF_IDL/schedulingIDL/tai_10x10_7_mkspan624.smt2,120.336,1848,11403,成功
/pub/data/jiafq/iscas/Parser_Comparison/../benchmarks/part41/non-incremental/QF_IDL/schedulingIDL/tai_10x10_7_mkspan633.smt2,120.1,1848,11403,成功
/pub/data/jiafq/iscas/Parser_Comparison/../benchmarks/part41/non-incremental/QF_IDL/schedulingIDL/tai_10x10_9_mkspan595.smt2,119.943,1848,11403,成功
/pub/data/jiafq/iscas/Parser_Comparison/../benchmarks/part41/non-incremental/QF_IDL/schedulingIDL/tai_10x10_9_mkspan597.smt2,120.521,1848,11403,成功
/pub/data/jiafq/iscas/Parser_Comparison/../benchmarks/part41/non-incremental/QF_IDL/schedulingIDL/tai_15x15_10_mkspan902.smt2,398.875,5700,38028,成功
/pub/data/jiafq/iscas/Parser_Comparison/../benchmarks/part41/non-incremental/QF_IDL/schedulingIDL/tai_15x15_10_mkspan903.smt2,396.965,5700,38028,成功
/pub/data/jiafq/iscas/Parser_Comparison/../benchmarks/part41/non-incremental/QF_IDL/schedulingIDL/tai_15x15_10_mkspan904.smt2,400.184,5584,38028,成功
/pub/data/jiafq/iscas/Parser_Comparison/../benchmarks/part41/non-incremental/QF_IDL/schedulingIDL/tai_15x15_10_mkspan906.smt2,415.273,5584,38028,成功
/pub/data/jiafq/iscas/Parser_Comparison/../benchmarks/part41/non-incremental/QF_IDL/schedulingIDL/tai_15x15_10_mkspan910.smt2,408.215,5588,38028,成功
/pub/data/jiafq/iscas/Parser_Comparison/../benchmarks/part41/non-incremental/QF_IDL/schedulingIDL/tai_15x15_1_mkspan1140.smt2,396.775,5600,38028,成功
/pub/data/jiafq/iscas/Parser_Comparison/../benchmarks/part41/non-incremental/QF_IDL/schedulingIDL/tai_15x15_1_mkspan937.smt2,451.751,5588,38028,成功
/pub/data/jiafq/iscas/Parser_Comparison/../benchmarks/part41/non-incremental/QF_IDL/schedulingIDL/tai_15x15_1_mkspan938.smt2,388.956,5588,38028,成功
/pub/data/jiafq/iscas/Parser_Comparison/../benchmarks/part41/non-incremental/QF_IDL/schedulingIDL/tai_15x15_1_mkspan940.smt2,386.303,5596,38028,成功
/pub/data/jiafq/iscas/Parser_Comparison/../benchmarks/part41/non-incremental/QF_IDL/schedulingIDL/tai_15x15_1_mkspan943.smt2,399.597,5600,38028,成功
/pub/data/jiafq/iscas/Parser_Comparison/../benchmarks/part41/non-incremental/QF_IDL/schedulingIDL/tai_15x15_1_mkspan949.smt2,396.208,5596,38028,成功
/pub/data/jiafq/iscas/Parser_Comparison/../benchmarks/part41/non-incremental/QF_IDL/schedulingIDL/tai_15x15_1_mkspan962.smt2,404.614,5588,38028,成功
/pub/data/jiafq/iscas/Parser_Comparison/../benchmarks/part41/non-incremental/QF_IDL/schedulingIDL/tai_15x15_2_mkspan1165.smt2,392.897,5588,38028,成功
/pub/data/jiafq/iscas/Parser_Comparison/../benchmarks/part41/non-incremental/QF_IDL/schedulingIDL/tai_15x15_2_mkspan918.smt2,407.914,5580,38028,成功
/pub/data/jiafq/iscas/Parser_Comparison/../benchmarks/part41/non-incremental/QF_IDL/schedulingIDL/tai_15x15_2_mkspan919.smt2,414.225,5588,38028,成功
/pub/data/jiafq/iscas/Parser_Comparison/../benchmarks/part41/non-incremental/QF_IDL/schedulingIDL/tai_15x15_2_mkspan921.smt2,395.897,5588,38028,成功
/pub/data/jiafq/iscas/Parser_Comparison/../benchmarks/part41/non-incremental/QF_IDL/schedulingIDL/tai_15x15_2_mkspan925.smt2,398.772,5576,38028,成功
/pub/data/jiafq/iscas/Parser_Comparison/../benchmarks/part41/non-incremental/QF_IDL/schedulingIDL/tai_15x15_2_mkspan933.smt2,388.83,5592,38028,成功
/pub/data/jiafq/iscas/Parser_Comparison/../benchmarks/part41/non-incremental/QF_IDL/schedulingIDL/tai_15x15_2_mkspan948.smt2,409.5,5580,38028,成功
/pub/data/jiafq/iscas/Parser_Comparison/../benchmarks/part41/non-incremental/QF_IDL/schedulingIDL/tai_15x15_3_mkspan1120.smt2,393.816,5600,38028,成功
/pub/data/jiafq/iscas/Parser_Comparison/../benchmarks/part41/non-incremental/QF_IDL/schedulingIDL/tai_15x15_3_mkspan871.smt2,394.262,5548,38028,成功
/pub/data/jiafq/iscas/Parser_Comparison/../benchmarks/part41/non-incremental/QF_IDL/schedulingIDL/tai_15x15_3_mkspan872.smt2,404.403,5552,38028,成功
/pub/data/jiafq/iscas/Parser_Comparison/../benchmarks/part41/non-incremental/QF_IDL/schedulingIDL/tai_15x15_3_mkspan874.smt2,393.015,5588,38028,成功
/pub/data/jiafq/iscas/Parser_Comparison/../benchmarks/part41/non-incremental/QF_IDL/schedulingIDL/tai_15x15_3_mkspan878.smt2,401.548,5588,38028,成功
/pub/data/jiafq/iscas/Parser_Comparison/../benchmarks/part41/non-incremental/QF_IDL/schedulingIDL/tai_15x15_4_mkspan1176.smt2,397.822,5604,38028,成功
/pub/data/jiafq/iscas/Parser_Comparison/../benchmarks/part41/non-incremental/QF_IDL/schedulingIDL/tai_15x15_4_mkspan935.smt2,400.677,5536,38028,成功
/pub/data/jiafq/iscas/Parser_Comparison/../benchmarks/part41/non-incremental/QF_IDL/schedulingIDL/tai_15x15_4_mkspan937.smt2,404.677,5580,38028,成功
/pub/data/jiafq/iscas/Parser_Comparison/../benchmarks/part41/non-incremental/QF_IDL/schedulingIDL/tai_15x15_4_mkspan941.smt2,398.75,5584,38028,成功
/pub/data/jiafq/iscas/Parser_Comparison/../benchmarks/part41/non-incremental/QF_IDL/schedulingIDL/tai_15x15_5_mkspan1003.smt2,399.822,5588,38028,成功
/pub/data/jiafq/iscas/Parser_Comparison/../benchmarks/part41/non-incremental/QF_IDL/schedulingIDL/tai_15x15_5_mkspan1174.smt2,405.151,5588,38028,成功
/pub/data/jiafq/iscas/Parser_Comparison/../benchmarks/part41/non-incremental/QF_IDL/schedulingIDL/tai_15x15_5_mkspan946.smt2,412.41,5596,38028,成功
/pub/data/jiafq/iscas/Parser_Comparison/../benchmarks/part41/non-incremental/QF_IDL/schedulingIDL/tai_15x15_5_mkspan947.smt2,409.138,5596,38028,成功
/pub/data/jiafq/iscas/Parser_Comparison/../benchmarks/part41/non-incremental/QF_IDL/schedulingIDL/tai_15x15_5_mkspan949.smt2,394.981,5600,38028,成功
/pub/data/jiafq/iscas/Parser_Comparison/../benchmarks/part41/non-incremental/QF_IDL/schedulingIDL/tai_15x15_5_mkspan953.smt2,401.736,5596,38028,成功
/pub/data/jiafq/iscas/Parser_Comparison/../benchmarks/part41/non-incremental/QF_IDL/schedulingIDL/tai_15x15_5_mkspan960.smt2,400.833,5596,38028,成功
/pub/data/jiafq/iscas/Parser_Comparison/../benchmarks/part41/non-incremental/QF_IDL/schedulingIDL/tai_15x15_6_mkspan1175.smt2,395.947,5596,38028,成功
/pub/data/jiafq/iscas/Parser_Comparison/../benchmarks/part41/non-incremental/QF_IDL/schedulingIDL/tai_15x15_6_mkspan933.smt2,402.755,5584,38028,成功
/pub/data/jiafq/iscas/Parser_Comparison/../benchmarks/part41/non-incremental/QF_IDL/schedulingIDL/tai_15x15_6_mkspan934.smt2,404.734,5588,38028,成功
/pub/data/jiafq/iscas/Parser_Comparison/../benchmarks/part41/non-incremental/QF_IDL/schedulingIDL/tai_15x15_6_mkspan936.smt2,399.723,5704,38028,成功
/pub/data/jiafq/iscas/Parser_Comparison/../benchmarks/part41/non-incremental/QF_IDL/schedulingIDL/tai_15x15_6_mkspan948.smt2,402.472,5584,38028,成功
/pub/data/jiafq/iscas/Parser_Comparison/../benchmarks/part41/non-incremental/QF_IDL/schedulingIDL/tai_15x15_6_mkspan963.smt2,397.553,5700,38028,成功
/pub/data/jiafq/iscas/Parser_Comparison/../benchmarks/part41/non-incremental/QF_IDL/schedulingIDL/tai_15x15_7_mkspan1144.smt2,395.767,5596,38028,成功
/pub/data/jiafq/iscas/Parser_Comparison/../benchmarks/part41/non-incremental/QF_IDL/schedulingIDL/tai_15x15_7_mkspan891.smt2,400.497,5584,38028,成功
/pub/data/jiafq/iscas/Parser_Comparison/../benchmarks/part41/non-incremental/QF_IDL/schedulingIDL/tai_15x15_7_mkspan892.smt2,400.889,5600,38028,成功
/pub/data/jiafq/iscas/Parser_Comparison/../benchmarks/part41/non-incremental/QF_IDL/schedulingIDL/tai_15x15_7_mkspan894.smt2,380.642,5600,38028,成功
/pub/data/jiafq/iscas/Parser_Comparison/../benchmarks/part41/non-incremental/QF_IDL/schedulingIDL/tai_15x15_7_mkspan898.smt2,387.814,5592,38028,成功
/pub/data/jiafq/iscas/Parser_Comparison/../benchmarks/part41/non-incremental/QF_IDL/schedulingIDL/tai_15x15_7_mkspan906.smt2,400.496,5596,38028,成功
/pub/data/jiafq/iscas/Parser_Comparison/../benchmarks/part41/non-incremental/QF_IDL/schedulingIDL/tai_15x15_8_mkspan1139.smt2,399.776,5596,38028,成功
/pub/data/jiafq/iscas/Parser_Comparison/../benchmarks/part41/non-incremental/QF_IDL/schedulingIDL/tai_15x15_8_mkspan893.smt2,399.866,5596,38028,成功
/pub/data/jiafq/iscas/Parser_Comparison/../benchmarks/part41/non-incremental/QF_IDL/schedulingIDL/tai_15x15_8_mkspan894.smt2,397.428,5596,38028,成功
/pub/data/jiafq/iscas/Parser_Comparison/../benchmarks/part41/non-incremental/QF_IDL/schedulingIDL/tai_15x15_8_mkspan896.smt2,397.28,5584,38028,成功
/pub/data/jiafq/iscas/Parser_Comparison/../benchmarks/part41/non-incremental/QF_IDL/schedulingIDL/tai_15x15_8_mkspan900.smt2,402.653,5588,38028,成功
/pub/data/jiafq/iscas/Parser_Comparison/../benchmarks/part41/non-incremental/QF_IDL/schedulingIDL/tai_15x15_8_mkspan908.smt2,395.759,5600,38028,成功
/pub/data/jiafq/iscas/Parser_Comparison/../benchmarks/part41/non-incremental/QF_IDL/schedulingIDL/tai_15x15_8_mkspan923.smt2,382.739,5588,38028,成功
/pub/data/jiafq/iscas/Parser_Comparison/../benchmarks/part41/non-incremental/QF_IDL/schedulingIDL/tai_15x15_8_mkspan954.smt2,380.566,5588,38028,成功
/pub/data/jiafq/iscas/Parser_Comparison/../benchmarks/part41/non-incremental/QF_IDL/schedulingIDL/tai_15x15_9_mkspan1153.smt2,395.104,5596,38028,成功
/pub/data/jiafq/iscas/Parser_Comparison/../benchmarks/part41/non-incremental/QF_IDL/schedulingIDL/tai_15x15_9_mkspan899.smt2,397.212,5584,38028,成功
/pub/data/jiafq/iscas/Parser_Comparison/../benchmarks/part41/non-incremental/QF_IDL/schedulingIDL/tai_15x15_9_mkspan900.smt2,400.306,5700,38028,成功
/pub/data/jiafq/iscas/Parser_Comparison/../benchmarks/part41/non-incremental/QF_IDL/schedulingIDL/tai_15x15_9_mkspan902.smt2,400.345,5584,38028,成功
/pub/data/jiafq/iscas/Parser_Comparison/../benchmarks/part41/non-incremental/QF_IDL/schedulingIDL/tai_15x15_9_mkspan906.smt2,386.489,5700,38028,成功
/pub/data/jiafq/iscas/Parser_Comparison/../benchmarks/part41/non-incremental/QF_IDL/schedulingIDL/tai_15x15_9_mkspan914.smt2,382.161,5704,38028,成功
/pub/data/jiafq/iscas/Parser_Comparison/../benchmarks/part41/non-incremental/QF_IDL/schedulingIDL/tai_15x15_9_mkspan930.smt2,394.656,5584,38028,成功
/pub/data/jiafq/iscas/Parser_Comparison/../benchmarks/part41/non-incremental/QF_IDL/schedulingIDL/tai_20x20_10_mkspan1241.smt2,926.677,12388,89603,成功
/pub/data/jiafq/iscas/Parser_Comparison/../benchmarks/part41/non-incremental/QF_IDL/schedulingIDL/tai_20x20_10_mkspan1242.smt2,919.431,12396,89603,成功
/pub/data/jiafq/iscas/Parser_Comparison/../benchmarks/part41/non-incremental/QF_IDL/schedulingIDL/tai_20x20_10_mkspan1243.smt2,913.001,12388,89603,成功
/pub/data/jiafq/iscas/Parser_Comparison/../benchmarks/part41/non-incremental/QF_IDL/schedulingIDL/tai_20x20_10_mkspan1246.smt2,926.734,12388,89603,成功
/pub/data/jiafq/iscas/Parser_Comparison/../benchmarks/part41/non-incremental/QF_IDL/schedulingIDL/tai_20x20_10_mkspan1251.smt2,942.787,12388,89603,成功
/pub/data/jiafq/iscas/Parser_Comparison/../benchmarks/part41/non-incremental/QF_IDL/schedulingIDL/tai_20x20_10_mkspan1261.smt2,927.469,12388,89603,成功
/pub/data/jiafq/iscas/Parser_Comparison/../benchmarks/part41/non-incremental/QF_IDL/schedulingIDL/tai_20x20_10_mkspan1281.smt2,927.723,12388,89603,成功
/pub/data/jiafq/iscas/Parser_Comparison/../benchmarks/part41/non-incremental/QF_IDL/schedulingIDL/tai_20x20_10_mkspan1321.smt2,926.836,12396,89603,成功
/pub/data/jiafq/iscas/Parser_Comparison/../benchmarks/part41/non-incremental/QF_IDL/schedulingIDL/tai_20x20_10_mkspan1401.smt2,914.846,12388,89603,成功
/pub/data/jiafq/iscas/Parser_Comparison/../benchmarks/part41/non-incremental/QF_IDL/schedulingIDL/tai_20x20_10_mkspan1562.smt2,951.017,12388,89603,成功
/pub/data/jiafq/iscas/Parser_Comparison/../benchmarks/part41/non-incremental/QF_IDL/schedulingIDL/tai_20x20_1_mkspan1155.smt2,944.355,12160,89603,成功
/pub/data/jiafq/iscas/Parser_Comparison/../benchmarks/part41/non-incremental/QF_IDL/schedulingIDL/tai_20x20_1_mkspan1156.smt2,961.085,12388,89603,成功
/pub/data/jiafq/iscas/Parser_Comparison/../benchmarks/part41/non-incremental/QF_IDL/schedulingIDL/tai_20x20_1_mkspan1157.smt2,961.23,12160,89603,成功
/pub/data/jiafq/iscas/Parser_Comparison/../benchmarks/part41/non-incremental/QF_IDL/schedulingIDL/tai_20x20_1_mkspan1160.smt2,957.299,12388,89603,成功
/pub/data/jiafq/iscas/Parser_Comparison/../benchmarks/part41/non-incremental/QF_IDL/schedulingIDL/tai_20x20_1_mkspan1166.smt2,949.497,12160,89603,成功
/pub/data/jiafq/iscas/Parser_Comparison/../benchmarks/part41/non-incremental/QF_IDL/schedulingIDL/tai_20x20_1_mkspan1178.smt2,939.455,12388,89603,成功
/pub/data/jiafq/iscas/Parser_Comparison/../benchmarks/part41/non-incremental/QF_IDL/schedulingIDL/tai_20x20_1_mkspan1201.smt2,948.977,12388,89603,成功
/pub/data/jiafq/iscas/Parser_Comparison/../benchmarks/part41/non-incremental/QF_IDL/schedulingIDL/tai_20x20_1_mkspan1247.smt2,954.474,12160,89603,成功
/pub/data/jiafq/iscas/Parser_Comparison/../benchmarks/part41/non-incremental/QF_IDL/schedulingIDL/tai_20x20_1_mkspan1340.smt2,953.67,12160,89603,成功
/pub/data/jiafq/iscas/Parser_Comparison/../benchmarks/part41/non-incremental/QF_IDL/schedulingIDL/tai_20x20_1_mkspan1525.smt2,949.264,12160,89603,成功
/pub/data/jiafq/iscas/Parser_Comparison/../benchmarks/part41/non-incremental/QF_IDL/schedulingIDL/tai_20x20_2_mkspan1241.smt2,959.206,12388,89603,成功
/pub/data/jiafq/iscas/Parser_Comparison/../benchmarks/part41/non-incremental/QF_IDL/schedulingIDL/tai_20x20_2_mkspan1242.smt2,913.986,12388,89603,成功
/pub/data/jiafq/iscas/Parser_Comparison/../benchmarks/part41/non-incremental/QF_IDL/schedulingIDL/tai_20x20_2_mkspan1243.smt2,918.275,12320,89603,成功
/pub/data/jiafq/iscas/Parser_Comparison/../benchmarks/part41/non-incremental/QF_IDL/schedulingIDL/tai_20x20_2_mkspan1246.smt2,946.155,12388,89603,成功
/pub/data/jiafq/iscas/Parser_Comparison/../benchmarks/part41/non-incremental/QF_IDL/schedulingIDL/tai_20x20_2_mkspan1251.smt2,942.389,12388,89603,成功
/pub/data/jiafq/iscas/Parser_Comparison/../benchmarks/part41/non-incremental/QF_IDL/schedulingIDL/tai_20x20_2_mkspan1261.smt2,958.448,12316,89603,成功
/pub/data/jiafq/iscas/Parser_Comparison/../benchmarks/part41/non-incremental/QF_IDL/schedulingIDL/tai_20x20_2_mkspan1282.smt2,972.554,12316,89603,成功
/pub/data/jiafq/iscas/Parser_Comparison/../benchmarks/part41/non-incremental/QF_IDL/schedulingIDL/tai_20x20_2_mkspan1323.smt2,943.286,12316,89603,成功
/pub/data/jiafq/iscas/Parser_Comparison/../benchmarks/part41/non-incremental/QF_IDL/schedulingIDL/tai_20x20_2_mkspan1405.smt2,939.166,12388,89603,成功
/pub/data/jiafq/iscas/Parser_Comparison/../benchmarks/part41/non-incremental/QF_IDL/schedulingIDL/tai_20x20_2_mkspan1570.smt2,947.088,12388,89603,成功
/pub/data/jiafq/iscas/Parser_Comparison/../benchmarks/part41/non-incremental/QF_IDL/schedulingIDL/tai_20x20_3_mkspan1257.smt2,964.264,12388,89603,成功
/pub/data/jiafq/iscas/Parser_Comparison/../benchmarks/part41/non-incremental/QF_IDL/schedulingIDL/tai_20x20_3_mkspan1258.smt2,966.674,12396,89603,成功
/pub/data/jiafq/iscas/Parser_Comparison/../benchmarks/part41/non-incremental/QF_IDL/schedulingIDL/tai_20x20_3_mkspan1259.smt2,961.723,12388,89603,成功
/pub/data/jiafq/iscas/Parser_Comparison/../benchmarks/part41/non-incremental/QF_IDL/schedulingIDL/tai_20x20_3_mkspan1261.smt2,954.955,12388,89603,成功
/pub/data/jiafq/iscas/Parser_Comparison/../benchmarks/part41/non-incremental/QF_IDL/schedulingIDL/tai_20x20_3_mkspan1266.smt2,978.571,12164,89603,成功
/pub/data/jiafq/iscas/Parser_Comparison/../benchmarks/part41/non-incremental/QF_IDL/schedulingIDL/tai_20x20_3_mkspan1276.smt2,971.429,12164,89603,成功
/pub/data/jiafq/iscas/Parser_Comparison/../benchmarks/part41/non-incremental/QF_IDL/schedulingIDL/tai_20x20_3_mkspan1296.smt2,965.529,12396,89603,成功
/pub/data/jiafq/iscas/Parser_Comparison/../benchmarks/part41/non-incremental/QF_IDL/schedulingIDL/tai_20x20_3_mkspan1335.smt2,956.273,12164,89603,成功
/pub/data/jiafq/iscas/Parser_Comparison/../benchmarks/part41/non-incremental/QF_IDL/schedulingIDL/tai_20x20_3_mkspan1413.smt2,958.388,12164,89603,成功
/pub/data/jiafq/iscas/Parser_Comparison/../benchmarks/part41/non-incremental/QF_IDL/schedulingIDL/tai_20x20_3_mkspan1570.smt2,954.418,12388,89603,成功
/pub/data/jiafq/iscas/Parser_Comparison/../benchmarks/part41/non-incremental/QF_IDL/schedulingIDL/tai_20x20_4_mkspan1248.smt2,937.395,12388,89603,成功
/pub/data/jiafq/iscas/Parser_Comparison/../benchmarks/part41/non-incremental/QF_IDL/schedulingIDL/tai_20x20_4_mkspan1249.smt2,918.765,12388,89603,成功
/pub/data/jiafq/iscas/Parser_Comparison/../benchmarks/part41/non-incremental/QF_IDL/schedulingIDL/tai_20x20_4_mkspan1250.smt2,940.708,12388,89603,成功
/pub/data/jiafq/iscas/Parser_Comparison/../benchmarks/part41/non-incremental/QF_IDL/schedulingIDL/tai_20x20_4_mkspan1253.smt2,921.49,12388,89603,成功
/pub/data/jiafq/iscas/Parser_Comparison/../benchmarks/part41/non-incremental/QF_IDL/schedulingIDL/tai_20x20_4_mkspan1258.smt2,916.375,12396,89603,成功
/pub/data/jiafq/iscas/Parser_Comparison/../benchmarks/part41/non-incremental/QF_IDL/schedulingIDL/tai_20x20_4_mkspan1268.smt2,966.993,12168,89603,成功
/pub/data/jiafq/iscas/Parser_Comparison/../benchmarks/part41/non-incremental/QF_IDL/schedulingIDL/tai_20x20_4_mkspan1289.smt2,943.357,12388,89603,成功
/pub/data/jiafq/iscas/Parser_Comparison/../benchmarks/part41/non-incremental/QF_IDL/schedulingIDL/tai_20x20_4_mkspan1330.smt2,935.199,12388,89603,成功
/pub/data/jiafq/iscas/Parser_Comparison/../benchmarks/part41/non-incremental/QF_IDL/schedulingIDL/tai_20x20_4_mkspan1412.smt2,962.916,12164,89603,成功
/pub/data/jiafq/iscas/Parser_Comparison/../benchmarks/part41/non-incremental/QF_IDL/schedulingIDL/tai_20x20_4_mkspan1576.smt2,937.979,12396,89603,成功
/pub/data/jiafq/iscas/Parser_Comparison/../benchmarks/part41/non-incremental/QF_IDL/schedulingIDL/tai_20x20_5_mkspan1256.smt2,948.343,12388,89603,成功
/pub/data/jiafq/iscas/Parser_Comparison/../benchmarks/part41/non-incremental/QF_IDL/schedulingIDL/tai_20x20_5_mkspan1257.smt2,948.065,12396,89603,成功
/pub/data/jiafq/iscas/Parser_Comparison/../benchmarks/part41/non-incremental/QF_IDL/schedulingIDL/tai_20x20_5_mkspan1258.smt2,961.109,12164,89603,成功
/pub/data/jiafq/iscas/Parser_Comparison/../benchmarks/part41/non-incremental/QF_IDL/schedulingIDL/tai_20x20_5_mkspan1261.smt2,956.114,12172,89603,成功
/pub/data/jiafq/iscas/Parser_Comparison/../benchmarks/part41/non-incremental/QF_IDL/schedulingIDL/tai_20x20_5_mkspan1266.smt2,950.125,12388,89603,成功
/pub/data/jiafq/iscas/Parser_Comparison/../benchmarks/part41/non-incremental/QF_IDL/schedulingIDL/tai_20x20_5_mkspan1276.smt2,953.272,12388,89603,成功
/pub/data/jiafq/iscas/Parser_Comparison/../benchmarks/part41/non-incremental/QF_IDL/schedulingIDL/tai_20x20_5_mkspan1297.smt2,964.663,12164,89603,成功
/pub/data/jiafq/iscas/Parser_Comparison/../benchmarks/part41/non-incremental/QF_IDL/schedulingIDL/tai_20x20_5_mkspan1339.smt2,939.53,12388,89603,成功
/pub/data/jiafq/iscas/Parser_Comparison/../benchmarks/part41/non-incremental/QF_IDL/schedulingIDL/tai_20x20_5_mkspan1422.smt2,949.53,12388,89603,成功
/pub/data/jiafq/iscas/Parser_Comparison/../benchmarks/part41/non-incremental/QF_IDL/schedulingIDL/tai_20x20_5_mkspan1588.smt2,948.476,12392,89603,成功
/pub/data/jiafq/iscas/Parser_Comparison/../benchmarks/part41/non-incremental/QF_IDL/schedulingIDL/tai_20x20_6_mkspan1204.smt2,955.817,12392,89603,成功
/pub/data/jiafq/iscas/Parser_Comparison/../benchmarks/part41/non-incremental/QF_IDL/schedulingIDL/tai_20x20_6_mkspan1205.smt2,948.017,12164,89603,成功
/pub/data/jiafq/iscas/Parser_Comparison/../benchmarks/part41/non-incremental/QF_IDL/schedulingIDL/tai_20x20_6_mkspan1206.smt2,952.858,12164,89603,成功
/pub/data/jiafq/iscas/Parser_Comparison/../benchmarks/part41/non-incremental/QF_IDL/schedulingIDL/tai_20x20_6_mkspan1209.smt2,951.369,12392,89603,成功
/pub/data/jiafq/iscas/Parser_Comparison/../benchmarks/part41/non-incremental/QF_IDL/schedulingIDL/tai_20x20_6_mkspan1214.smt2,965.965,12388,89603,成功
/pub/data/jiafq/iscas/Parser_Comparison/../benchmarks/part41/non-incremental/QF_IDL/schedulingIDL/tai_20x20_6_mkspan1225.smt2,947.656,12392,89603,成功
/pub/data/jiafq/iscas/Parser_Comparison/../benchmarks/part41/non-incremental/QF_IDL/schedulingIDL/tai_20x20_6_mkspan1246.smt2,953.872,12392,89603,成功
/pub/data/jiafq/iscas/Parser_Comparison/../benchmarks/part41/non-incremental/QF_IDL/schedulingIDL/tai_20x20_6_mkspan1289.smt2,960.526,12164,89603,成功
/pub/data/jiafq/iscas/Parser_Comparison/../benchmarks/part41/non-incremental/QF_IDL/schedulingIDL/tai_20x20_6_mkspan1375.smt2,952.073,12388,89603,成功
/pub/data/jiafq/iscas/Parser_Comparison/../benchmarks/part41/non-incremental/QF_IDL/schedulingIDL/tai_20x20_6_mkspan1547.smt2,963.248,12164,89603,成功
/pub/data/jiafq/iscas/Parser_Comparison/../benchmarks/part41/non-incremental/QF_IDL/schedulingIDL/tai_20x20_7_mkspan1294.smt2,915.43,12164,89603,成功
/pub/data/jiafq/iscas/Parser_Comparison/../benchmarks/part41/non-incremental/QF_IDL/schedulingIDL/tai_20x20_7_mkspan1295.smt2,960.993,12268,89603,成功
/pub/data/jiafq/iscas/Parser_Comparison/../benchmarks/part41/non-incremental/QF_IDL/schedulingIDL/tai_20x20_7_mkspan1296.smt2,959.612,12164,89603,成功
/pub/data/jiafq/iscas/Parser_Comparison/../benchmarks/part41/non-incremental/QF_IDL/schedulingIDL/tai_20x20_7_mkspan1298.smt2,962.208,12164,89603,成功
/pub/data/jiafq/iscas/Parser_Comparison/../benchmarks/part41/non-incremental/QF_IDL/schedulingIDL/tai_20x20_7_mkspan1303.smt2,925.792,12164,89603,成功
/pub/data/jiafq/iscas/Parser_Comparison/../benchmarks/part41/non-incremental/QF_IDL/schedulingIDL/tai_20x20_7_mkspan1313.smt2,935.478,12492,89603,成功
/pub/data/jiafq/iscas/Parser_Comparison/../benchmarks/part41/non-incremental/QF_IDL/schedulingIDL/tai_20x20_7_mkspan1332.smt2,943.945,12392,89603,成功
/pub/data/jiafq/iscas/Parser_Comparison/../benchmarks/part41/non-incremental/QF_IDL/schedulingIDL/tai_20x20_7_mkspan1370.smt2,945.2,12388,89603,成功
/pub/data/jiafq/iscas/Parser_Comparison/../benchmarks/part41/non-incremental/QF_IDL/schedulingIDL/tai_20x20_7_mkspan1447.smt2,935.323,12388,89603,成功
/pub/data/jiafq/iscas/Parser_Comparison/../benchmarks/part41/non-incremental/QF_IDL/schedulingIDL/tai_20x20_7_mkspan1600.smt2,966.014,12164,89603,成功
/pub/data/jiafq/iscas/Parser_Comparison/../benchmarks/part41/non-incremental/QF_IDL/schedulingIDL/tai_20x20_8_mkspan1169.smt2,930.963,12316,89603,成功
/pub/data/jiafq/iscas/Parser_Comparison/../benchmarks/part41/non-incremental/QF_IDL/schedulingIDL/tai_20x20_8_mkspan1170.smt2,917.465,12388,89603,成功
/pub/data/jiafq/iscas/Parser_Comparison/../benchmarks/part41/non-incremental/QF_IDL/schedulingIDL/tai_20x20_8_mkspan1171.smt2,936.326,12388,89603,成功
/pub/data/jiafq/iscas/Parser_Comparison/../benchmarks/part41/non-incremental/QF_IDL/schedulingIDL/tai_20x20_8_mkspan1174.smt2,952.98,12316,89603,成功
/pub/data/jiafq/iscas/Parser_Comparison/../benchmarks/part41/non-incremental/QF_IDL/schedulingIDL/tai_20x20_8_mkspan1180.smt2,935.328,12316,89603,成功
/pub/data/jiafq/iscas/Parser_Comparison/../benchmarks/part41/non-incremental/QF_IDL/schedulingIDL/tai_20x20_8_mkspan1191.smt2,948.828,12316,89603,成功
/pub/data/jiafq/iscas/Parser_Comparison/../benchmarks/part41/non-incremental/QF_IDL/schedulingIDL/tai_20x20_8_mkspan1214.smt2,932.889,12316,89603,成功
/pub/data/jiafq/iscas/Parser_Comparison/../benchmarks/part41/non-incremental/QF_IDL/schedulingIDL/tai_20x20_8_mkspan1260.smt2,961.564,12316,89603,成功
/pub/data/jiafq/iscas/Parser_Comparison/../benchmarks/part41/non-incremental/QF_IDL/schedulingIDL/tai_20x20_8_mkspan1352.smt2,929.774,12316,89603,成功
/pub/data/jiafq/iscas/Parser_Comparison/../benchmarks/part41/non-incremental/QF_IDL/schedulingIDL/tai_20x20_8_mkspan1536.smt2,924.696,12388,89603,成功
/pub/data/jiafq/iscas/Parser_Comparison/../benchmarks/part41/non-incremental/QF_IDL/sep/hardware/LD_ST_neg.1step.smt2,12.6853,264,2042,成功
/pub/data/jiafq/iscas/Parser_Comparison/../benchmarks/part41/non-incremental/QF_IDL/sep/hardware/LD_ST_neg.2step.smt2,43.3798,792,8182,成功
/pub/data/jiafq/iscas/Parser_Comparison/../benchmarks/part41/non-incremental/QF_IDL/sep/hardware/LD_ST_neg.3step.smt2,169.114,3164,7990,成功
/pub/data/jiafq/iscas/Parser_Comparison/../benchmarks/part41/non-incremental/QF_IDL/sep/hardware/OOO_neg.2steps.smt2,9.01723,264,1008,成功
/pub/data/jiafq/iscas/Parser_Comparison/../benchmarks/part41/non-incremental/QF_IDL/sep/hardware/OOO_neg.3steps.smt2,90.1134,1848,8072,成功
/pub/data/jiafq/iscas/Parser_Comparison/../benchmarks/part41/non-incremental/QF_IDL/sep/hardware/cache.2steps.smt2,2.10452,0,252,成功
/pub/data/jiafq/iscas/Parser_Comparison/../benchmarks/part41/non-incremental/QF_IDL/sep/hardware/cache_neg.1step.smt2,7.87735,264,654,成功
/pub/data/jiafq/iscas/Parser_Comparison/../benchmarks/part41/non-incremental/QF_IDL/sep/hardware/cache_neg.2step.smt2,30.3378,528,4504,成功
/pub/data/jiafq/iscas/Parser_Comparison/../benchmarks/part41/non-incremental/QF_IDL/sep/misc/2ba.smt2,22.3763,528,2339,成功
/pub/data/jiafq/iscas/Parser_Comparison/../benchmarks/part41/non-incremental/QF_IDL/sep/misc/abz5-900.smt2,77.6689,1320,6005,成功
/pub/data/jiafq/iscas/Parser_Comparison/../benchmarks/part41/non-incremental/QF_IDL/sep/misc/ring2-10.smt2,12.6255,264,1379,成功
/pub/data/jiafq/iscas/Parser_Comparison/../benchmarks/part41/non-incremental/QF_IDL/sep/misc/ring2-100.smt2,111.851,2112,13799,成功
/pub/data/jiafq/iscas/Parser_Comparison/../benchmarks/part41/non-incremental/QF_IDL/sep/railroad/RailRoad1_neg_2.smt2,7.71213,264,576,成功
/pub/data/jiafq/iscas/Parser_Comparison/../benchmarks/part41/non-incremental/QF_IDL/sep/railroad/RailRoad1_neg_3.smt2,14.7982,264,2361,成功
/pub/data/jiafq/iscas/Parser_Comparison/../benchmarks/part41/non-incremental/QF_IDL/sep/railroad/RailRoad1_neg_4.smt2,10.8404,264,1171,成功
/pub/data/jiafq/iscas/Parser_Comparison/../benchmarks/part41/non-incremental/QF_IDL/sep/railroad/RailRoad_neg_0.smt2,4.78911,264,290,成功
/pub/data/jiafq/iscas/Parser_Comparison/../benchmarks/part41/non-incremental/QF_IDL/sep/railroad/RailRoad_neg_2.smt2,12.1627,264,1525,成功
/pub/data/jiafq/iscas/Parser_Comparison/../benchmarks/part41/non-incremental/QF_LIA/20180326-Bromberger/more_slacked/CAV_2009_benchmarks/coef-size/smt/size-10/c10_problem__001.smt2.slack.smt2,2.5692,0,120,成功
/pub/data/jiafq/iscas/Parser_Comparison/../benchmarks/part41/non-incremental/QF_LIA/20180326-Bromberger/more_slacked/CAV_2009_benchmarks/coef-size/smt/size-10/c10_problem__002.smt2.slack.smt2,9.78804,264,789,成功
/pub/data/jiafq/iscas/Parser_Comparison/../benchmarks/part41/non-incremental/QF_LIA/20180326-Bromberger/more_slacked/CAV_2009_benchmarks/coef-size/smt/size-10/c10_problem__003.smt2.slack.smt2,9.88936,264,803,成功
/pub/data/jiafq/iscas/Parser_Comparison/../benchmarks/part41/non-incremental/QF_LIA/20180326-Bromberger/more_slacked/CAV_2009_benchmarks/coef-size/smt/size-10/c10_problem__004.smt2.slack.smt2,9.6252,264,767,成功
/pub/data/jiafq/iscas/Parser_Comparison/../benchmarks/part41/non-incremental/QF_LIA/20180326-Bromberger/more_slacked/CAV_2009_benchmarks/coef-size/smt/size-10/c10_problem__005.smt2.slack.smt2,10.3436,264,857,成功
/pub/data/jiafq/iscas/Parser_Comparison/../benchmarks/part41/non-incremental/QF_LIA/20180326-Bromberger/more_slacked/CAV_2009_benchmarks/coef-size/smt/size-10/c10_problem__006.smt2.slack.smt2,9.57727,264,791,成功
/pub/data/jiafq/iscas/Parser_Comparison/../benchmarks/part41/non-incremental/QF_LIA/20180326-Bromberger/more_slacked/CAV_2009_benchmarks/coef-size/smt/size-100/c100_problem__002.smt2.slack.smt2,13.3629,264,897,成功
/pub/data/jiafq/iscas/Parser_Comparison/../benchmarks/part41/non-incremental/QF_LIA/20180326-Bromberger/more_slacked/CAV_2009_benchmarks/coef-size/smt/size-100/c100_problem__003.smt2.slack.smt2,13.7231,264,949,成功
/pub/data/jiafq/iscas/Parser_Comparison/../benchmarks/part41/non-incremental/QF_LIA/20180326-Bromberger/more_slacked/CAV_2009_benchmarks/coef-size/smt/size-100/c100_problem__004.smt2.slack.smt2,13.3107,264,907,成功
/pub/data/jiafq/iscas/Parser_Comparison/../benchmarks/part41/non-incremental/QF_LIA/20180326-Bromberger/more_slacked/CAV_2009_benchmarks/coef-size/smt/size-100/c100_problem__005.smt2.slack.smt2,13.1564,264,903,成功
/pub/data/jiafq/iscas/Parser_Comparison/../benchmarks/part41/non-incremental/QF_LIA/20180326-Bromberger/more_slacked/CAV_2009_benchmarks/coef-size/smt/size-100/c100_problem__006.smt2.slack.smt2,13.0227,264,939,成功
/pub/data/jiafq/iscas/Parser_Comparison/../benchmarks/part41/non-incremental/QF_LIA/20180326-Bromberger/more_slacked/CAV_2009_benchmarks/coef-size/smt/size-20/c20_problem__002.smt2.slack.smt2,10.7257,264,857,成功
/pub/data/jiafq/iscas/Parser_Comparison/../benchmarks/part41/non-incremental/QF_LIA/20180326-Bromberger/more_slacked/CAV_2009_benchmarks/coef-size/smt/size-20/c20_problem__003.smt2.slack.smt2,11.5094,264,891,成功
/pub/data/jiafq/iscas/Parser_Comparison/../benchmarks/part41/non-incremental/QF_LIA/20180326-Bromberger/more_slacked/CAV_2009_benchmarks/coef-size/smt/size-20/c20_problem__004.smt2.slack.smt2,11.4396,264,899,成功
/pub/data/jiafq/iscas/Parser_Comparison/../benchmarks/part41/non-incremental/QF_LIA/20180326-Bromberger/more_slacked/CAV_2009_benchmarks/coef-size/smt/size-20/c20_problem__005.smt2.slack.smt2,10.8676,264,879,成功
/pub/data/jiafq/iscas/Parser_Comparison/../benchmarks/part41/non-incremental/QF_LIA/20180326-Bromberger/more_slacked/CAV_2009_benchmarks/coef-size/smt/size-20/c20_problem__006.smt2.slack.smt2,11.3547,264,849,成功
/pub/data/jiafq/iscas/Parser_Comparison/../benchmarks/part41/non-incremental/QF_LIA/20180326-Bromberger/more_slacked/CAV_2009_benchmarks/coef-size/smt/size-30/c30_problem__002.smt2.slack.smt2,10.8948,264,827,成功
/pub/data/jiafq/iscas/Parser_Comparison/../benchmarks/part41/non-incremental/QF_LIA/20180326-Bromberger/more_slacked/CAV_2009_benchmarks/coef-size/smt/size-30/c30_problem__003.smt2.slack.smt2,11.8229,264,897,成功
/pub/data/jiafq/iscas/Parser_Comparison/../benchmarks/part41/non-incremental/QF_LIA/20180326-Bromberger/more_slacked/CAV_2009_benchmarks/coef-size/smt/size-30/c30_problem__004.smt2.slack.smt2,11.508,264,843,成功
/pub/data/jiafq/iscas/Parser_Comparison/../benchmarks/part41/non-incremental/QF_LIA/20180326-Bromberger/more_slacked/CAV_2009_benchmarks/coef-size/smt/size-30/c30_problem__005.smt2.slack.smt2,11.4472,264,883,成功
/pub/data/jiafq/iscas/Parser_Comparison/../benchmarks/part41/non-incremental/QF_LIA/20180326-Bromberger/more_slacked/CAV_2009_benchmarks/coef-size/smt/size-30/c30_problem__006.smt2.slack.smt2,11.2262,264,831,成功
/pub/data/jiafq/iscas/Parser_Comparison/../benchmarks/part41/non-incremental/QF_LIA/20180326-Bromberger/more_slacked/CAV_2009_benchmarks/coef-size/smt/size-40/c40_problem__002.smt2.slack.smt2,11.7173,264,873,成功
/pub/data/jiafq/iscas/Parser_Comparison/../benchmarks/part41/non-incremental/QF_LIA/20180326-Bromberger/more_slacked/CAV_2009_benchmarks/coef-size/smt/size-40/c40_problem__003.smt2.slack.smt2,12.2535,264,919,成功
/pub/data/jiafq/iscas/Parser_Comparison/../benchmarks/part41/non-incremental/QF_LIA/20180326-Bromberger/more_slacked/CAV_2009_benchmarks/coef-size/smt/size-40/c40_problem__004.smt2.slack.smt2,11.8823,264,871,成功
/pub/data/jiafq/iscas/Parser_Comparison/../benchmarks/part41/non-incremental/QF_LIA/20180326-Bromberger/more_slacked/CAV_2009_benchmarks/coef-size/smt/size-40/c40_problem__005.smt2.slack.smt2,11.5316,264,851,成功
/pub/data/jiafq/iscas/Parser_Comparison/../benchmarks/part41/non-incremental/QF_LIA/20180326-Bromberger/more_slacked/CAV_2009_benchmarks/coef-size/smt/size-40/c40_problem__006.smt2.slack.smt2,12.4869,264,919,成功
/pub/data/jiafq/iscas/Parser_Comparison/../benchmarks/part41/non-incremental/QF_LIA/20180326-Bromberger/more_slacked/CAV_2009_benchmarks/coef-size/smt/size-50/c50_problem__002.smt2.slack.smt2,12.547,264,889,成功
/pub/data/jiafq/iscas/Parser_Comparison/../benchmarks/part41/non-incremental/QF_LIA/20180326-Bromberger/more_slacked/CAV_2009_benchmarks/coef-size/smt/size-50/c50_problem__003.smt2.slack.smt2,12.3725,264,891,成功
/pub/data/jiafq/iscas/Parser_Comparison/../benchmarks/part41/non-incremental/QF_LIA/20180326-Bromberger/more_slacked/CAV_2009_benchmarks/coef-size/smt/size-50/c50_problem__004.smt2.slack.smt2,12.1398,264,869,成功
/pub/data/jiafq/iscas/Parser_Comparison/../benchmarks/part41/non-incremental/QF_LIA/20180326-Bromberger/more_slacked/CAV_2009_benchmarks/coef-size/smt/size-50/c50_problem__005.smt2.slack.smt2,12.7323,264,921,成功
/pub/data/jiafq/iscas/Parser_Comparison/../benchmarks/part41/non-incremental/QF_LIA/20180326-Bromberger/more_slacked/CAV_2009_benchmarks/coef-size/smt/size-50/c50_problem__006.smt2.slack.smt2,12.7072,264,929,成功
/pub/data/jiafq/iscas/Parser_Comparison/../benchmarks/part41/non-incremental/QF_LIA/20180326-Bromberger/more_slacked/CAV_2009_benchmarks/coef-size/smt/size-60/c60_problem__002.smt2.slack.smt2,11.9228,264,837,成功
/pub/data/jiafq/iscas/Parser_Comparison/../benchmarks/part41/non-incremental/QF_LIA/20180326-Bromberger/more_slacked/CAV_2009_benchmarks/coef-size/smt/size-60/c60_problem__003.smt2.slack.smt2,12.6834,264,907,成功
/pub/data/jiafq/iscas/Parser_Comparison/../benchmarks/part41/non-incremental/QF_LIA/20180326-Bromberger/more_slacked/CAV_2009_benchmarks/coef-size/smt/size-60/c60_problem__004.smt2.slack.smt2,12.7108,264,919,成功
/pub/data/jiafq/iscas/Parser_Comparison/../benchmarks/part41/non-incremental/QF_LIA/20180326-Bromberger/more_slacked/CAV_2009_benchmarks/coef-size/smt/size-60/c60_problem__005.smt2.slack.smt2,12.275,264,879,成功
/pub/data/jiafq/iscas/Parser_Comparison/../benchmarks/part41/non-incremental/QF_LIA/20180326-Bromberger/more_slacked/CAV_2009_benchmarks/coef-size/smt/size-60/c60_problem__006.smt2.slack.smt2,12.6717,264,905,成功
/pub/data/jiafq/iscas/Parser_Comparison/../benchmarks/part41/non-incremental/QF_LIA/20180326-Bromberger/more_slacked/CAV_2009_benchmarks/coef-size/smt/size-70/c70_problem__002.smt2.slack.smt2,12.6851,264,875,成功
/pub/data/jiafq/iscas/Parser_Comparison/../benchmarks/part41/non-incremental/QF_LIA/20180326-Bromberger/more_slacked/CAV_2009_benchmarks/coef-size/smt/size-70/c70_problem__003.smt2.slack.smt2,12.6233,264,875,成功
/pub/data/jiafq/iscas/Parser_Comparison/../benchmarks/part41/non-incremental/QF_LIA/20180326-Bromberger/more_slacked/CAV_2009_benchmarks/coef-size/smt/size-70/c70_problem__004.smt2.slack.smt2,12.6903,264,885,成功
/pub/data/jiafq/iscas/Parser_Comparison/../benchmarks/part41/non-incremental/QF_LIA/20180326-Bromberger/more_slacked/CAV_2009_benchmarks/coef-size/smt/size-70/c70_problem__005.smt2.slack.smt2,12.4922,264,861,成功
/pub/data/jiafq/iscas/Parser_Comparison/../benchmarks/part41/non-incremental/QF_LIA/20180326-Bromberger/more_slacked/CAV_2009_benchmarks/coef-size/smt/size-70/c70_problem__006.smt2.slack.smt2,12.5735,264,863,成功
/pub/data/jiafq/iscas/Parser_Comparison/../benchmarks/part41/non-incremental/QF_LIA/20180326-Bromberger/more_slacked/CAV_2009_benchmarks/coef-size/smt/size-80/c80_problem__002.smt2.slack.smt2,12.2337,264,891,成功
/pub/data/jiafq/iscas/Parser_Comparison/../benchmarks/part41/non-incremental/QF_LIA/20180326-Bromberger/more_slacked/CAV_2009_benchmarks/coef-size/smt/size-80/c80_problem__003.smt2.slack.smt2,13.1502,264,905,成功
/pub/data/jiafq/iscas/Parser_Comparison/../benchmarks/part41/non-incremental/QF_LIA/20180326-Bromberger/more_slacked/CAV_2009_benchmarks/coef-size/smt/size-80/c80_problem__004.smt2.slack.smt2,12.7845,264,859,成功
/pub/data/jiafq/iscas/Parser_Comparison/../benchmarks/part41/non-incremental/QF_LIA/20180326-Bromberger/more_slacked/CAV_2009_benchmarks/coef-size/smt/size-80/c80_problem__005.smt2.slack.smt2,12.9597,264,893,成功
/pub/data/jiafq/iscas/Parser_Comparison/../benchmarks/part41/non-incremental/QF_LIA/20180326-Bromberger/more_slacked/CAV_2009_benchmarks/coef-size/smt/size-80/c80_problem__006.smt2.slack.smt2,13.221,264,891,成功
/pub/data/jiafq/iscas/Parser_Comparison/../benchmarks/part41/non-incremental/QF_LIA/20180326-Bromberger/more_slacked/CAV_2009_benchmarks/coef-size/smt/size-90/c90_problem__002.smt2.slack.smt2,12.9023,264,881,成功
/pub/data/jiafq/iscas/Parser_Comparison/../benchmarks/part41/non-incremental/QF_LIA/20180326-Bromberger/more_slacked/CAV_2009_benchmarks/coef-size/smt/size-90/c90_problem__003.smt2.slack.smt2,12.7265,264,865,成功
/pub/data/jiafq/iscas/Parser_Comparison/../benchmarks/part41/non-incremental/QF_LIA/20180326-Bromberger/more_slacked/CAV_2009_benchmarks/coef-size/smt/size-90/c90_problem__004.smt2.slack.smt2,13.0959,264,889,成功
/pub/data/jiafq/iscas/Parser_Comparison/../benchmarks/part41/non-incremental/QF_LIA/20180326-Bromberger/more_slacked/CAV_2009_benchmarks/coef-size/smt/size-90/c90_problem__005.smt2.slack.smt2,13.5145,264,887,成功
/pub/data/jiafq/iscas/Parser_Comparison/../benchmarks/part41/non-incremental/QF_LIA/20180326-Bromberger/more_slacked/CAV_2009_benchmarks/coef-size/smt/size-90/c90_problem__006.smt2.slack.smt2,13.2136,264,921,成功
/pub/data/jiafq/iscas/Parser_Comparison/../benchmarks/part41/non-incremental/QF_LIA/20180326-Bromberger/more_slacked/CAV_2009_benchmarks/smt/10-vars/v10_problem_2__001.smt2.slack.smt2,2.53439,0,114,成功
/pub/data/jiafq/iscas/Parser_Comparison/../benchmarks/part41/non-incremental/QF_LIA/20180326-Bromberger/more_slacked/CAV_2009_benchmarks/smt/10-vars/v10_problem_2__002.smt2.slack.smt2,3.06749,0,154,成功
/pub/data/jiafq/iscas/Parser_Comparison/../benchmarks/part41/non-incremental/QF_LIA/20180326-Bromberger/more_slacked/CAV_2009_benchmarks/smt/10-vars/v10_problem_2__003.smt2.slack.smt2,2.70581,0,124,成功
/pub/data/jiafq/iscas/Parser_Comparison/../benchmarks/part41/non-incremental/QF_LIA/20180326-Bromberger/more_slacked/CAV_2009_benchmarks/smt/10-vars/v10_problem_2__004.smt2.slack.smt2,2.97904,0,144,成功
/pub/data/jiafq/iscas/Parser_Comparison/../benchmarks/part41/non-incremental/QF_LIA/20180326-Bromberger/more_slacked/CAV_2009_benchmarks/smt/10-vars/v10_problem_2__005.smt2.slack.smt2,3.23415,0,168,成功
/pub/data/jiafq/iscas/Parser_Comparison/../benchmarks/part41/non-incremental/QF_LIA/20180326-Bromberger/more_slacked/CAV_2009_benchmarks/smt/10-vars/v10_problem_2__006.smt2.slack.smt2,3.75938,0,229,成功
/pub/data/jiafq/iscas/Parser_Comparison/../benchmarks/part41/non-incremental/QF_LIA/20180326-Bromberger/more_slacked/CAV_2009_benchmarks/smt/10-vars/v10_problem_2__007.smt2.slack.smt2,3.76081,0,231,成功
/pub/data/jiafq/iscas/Parser_Comparison/../benchmarks/part41/non-incremental/QF_LIA/20180326-Bromberger/more_slacked/CAV_2009_benchmarks/smt/10-vars/v10_problem_2__008.smt2.slack.smt2,3.65949,0,206,成功
/pub/data/jiafq/iscas/Parser_Comparison/../benchmarks/part41/non-incremental/QF_LIA/20180326-Bromberger/more_slacked/CAV_2009_benchmarks/smt/10-vars/v10_problem_2__009.smt2.slack.smt2,4.01163,0,249,成功
/pub/data/jiafq/iscas/Parser_Comparison/../benchmarks/part41/non-incremental/QF_LIA/20180326-Bromberger/more_slacked/CAV_2009_benchmarks/smt/10-vars/v10_problem_2__010.smt2.slack.smt2,3.96204,0,243,成功
/pub/data/jiafq/iscas/Parser_Comparison/../benchmarks/part41/non-incremental/QF_LIA/20180326-Bromberger/more_slacked/CAV_2009_benchmarks/smt/10-vars/v10_problem_2__011.smt2.slack.smt2,4.75407,0,342,成功
/pub/data/jiafq/iscas/Parser_Comparison/../benchmarks/part41/non-incremental/QF_LIA/20180326-Bromberger/more_slacked/CAV_2009_benchmarks/smt/10-vars/v10_problem_2__012.smt2.slack.smt2,4.37737,264,282,成功
/pub/data/jiafq/iscas/Parser_Comparison/../benchmarks/part41/non-incremental/QF_LIA/20180326-Bromberger/more_slacked/CAV_2009_benchmarks/smt/10-vars/v10_problem_2__013.smt2.slack.smt2,4.52805,264,304,成功
/pub/data/jiafq/iscas/Parser_Comparison/../benchmarks/part41/non-incremental/QF_LIA/20180326-Bromberger/more_slacked/CAV_2009_benchmarks/smt/10-vars/v10_problem_2__014.smt2.slack.smt2,4.94003,264,354,成功
/pub/data/jiafq/iscas/Parser_Comparison/../benchmarks/part41/non-incremental/QF_LIA/20180326-Bromberger/more_slacked/CAV_2009_benchmarks/smt/10-vars/v10_problem_2__015.smt2.slack.smt2,4.50492,264,307,成功
/pub/data/jiafq/iscas/Parser_Comparison/../benchmarks/part41/non-incremental/QF_LIA/20180326-Bromberger/more_slacked/CAV_2009_benchmarks/smt/10-vars/v10_problem_2__016.smt2.slack.smt2,5.6572,264,439,成功
/pub/data/jiafq/iscas/Parser_Comparison/../benchmarks/part41/non-incremental/QF_LIA/20180326-Bromberger/more_slacked/CAV_2009_benchmarks/smt/10-vars/v10_problem_2__017.smt2.slack.smt2,5.51534,264,423,成功
/pub/data/jiafq/iscas/Parser_Comparison/../benchmarks/part41/non-incremental/QF_LIA/20180326-Bromberger/more_slacked/CAV_2009_benchmarks/smt/10-vars/v10_problem_2__018.smt2.slack.smt2,5.32675,264,403,成功
/pub/data/jiafq/iscas/Parser_Comparison/../benchmarks/part41/non-incremental/QF_LIA/20180326-Bromberger/more_slacked/CAV_2009_benchmarks/smt/10-vars/v10_problem_2__019.smt2.slack.smt2,5.43475,264,411,成功
/pub/data/jiafq/iscas/Parser_Comparison/../benchmarks/part41/non-incremental/QF_LIA/20180326-Bromberger/more_slacked/CAV_2009_benchmarks/smt/10-vars/v10_problem_2__020.smt2.slack.smt2,5.31197,264,397,成功
/pub/data/jiafq/iscas/Parser_Comparison/../benchmarks/part41/non-incremental/QF_LIA/20180326-Bromberger/more_slacked/CAV_2009_benchmarks/smt/10-vars/v10_problem_2__021.smt2.slack.smt2,7.01714,264,528,成功
/pub/data/jiafq/iscas/Parser_Comparison/../benchmarks/part41/non-incremental/QF_LIA/20180326-Bromberger/more_slacked/CAV_2009_benchmarks/smt/10-vars/v10_problem_2__022.smt2.slack.smt2,7.00045,264,526,成功
/pub/data/jiafq/iscas/Parser_Comparison/../benchmarks/part41/non-incremental/QF_LIA/20180326-Bromberger/more_slacked/CAV_2009_benchmarks/smt/10-vars/v10_problem_2__023.smt2.slack.smt2,7.17592,264,546,成功
/pub/data/jiafq/iscas/Parser_Comparison/../benchmarks/part41/non-incremental/QF_LIA/20180326-Bromberger/more_slacked/CAV_2009_benchmarks/smt/10-vars/v10_problem_2__024.smt2.slack.smt2,6.08802,264,484,成功
/pub/data/jiafq/iscas/Parser_Comparison/../benchmarks/part41/non-incremental/QF_LIA/20180326-Bromberger/more_slacked/CAV_2009_benchmarks/smt/10-vars/v10_problem_2__025.smt2.slack.smt2,7.31039,264,540,成功
/pub/data/jiafq/iscas/Parser_Comparison/../benchmarks/part41/non-incremental/QF_LIA/20180326-Bromberger/more_slacked/CAV_2009_benchmarks/smt/10-vars/v10_problem_2__026.smt2.slack.smt2,7.47657,264,591,成功
/pub/data/jiafq/iscas/Parser_Comparison/../benchmarks/part41/non-incremental/QF_LIA/20180326-Bromberger/more_slacked/CAV_2009_benchmarks/smt/10-vars/v10_problem_2__027.smt2.slack.smt2,8.11243,264,661,成功
/pub/data/jiafq/iscas/Parser_Comparison/../benchmarks/part41/non-incremental/QF_LIA/20180326-Bromberger/more_slacked/CAV_2009_benchmarks/smt/10-vars/v10_problem_2__028.smt2.slack.smt2,7.47728,264,593,成功
/pub/data/jiafq/iscas/Parser_Comparison/../benchmarks/part41/non-incremental/QF_LIA/20180326-Bromberger/more_slacked/CAV_2009_benchmarks/smt/10-vars/v10_problem_2__029.smt2.slack.smt2,7.88522,264,611,成功
/pub/data/jiafq/iscas/Parser_Comparison/../benchmarks/part41/non-incremental/QF_LIA/20180326-Bromberger/more_slacked/CAV_2009_benchmarks/smt/10-vars/v10_problem_2__030.smt2.slack.smt2,7.6828,264,600,成功
/pub/data/jiafq/iscas/Parser_Comparison/../benchmarks/part41/non-incremental/QF_LIA/20180326-Bromberger/more_slacked/CAV_2009_benchmarks/smt/10-vars/v10_problem_2__031.smt2.slack.smt2,8.25143,264,661,成功
/pub/data/jiafq/iscas/Parser_Comparison/../benchmarks/part41/non-incremental/QF_LIA/20180326-Bromberger/more_slacked/CAV_2009_benchmarks/smt/10-vars/v10_problem_2__032.smt2.slack.smt2,8.39877,264,688,成功
/pub/data/jiafq/iscas/Parser_Comparison/../benchmarks/part41/non-incremental/QF_LIA/20180326-Bromberger/more_slacked/CAV_2009_benchmarks/smt/10-vars/v10_problem_2__033.smt2.slack.smt2,8.40926,264,688,成功
/pub/data/jiafq/iscas/Parser_Comparison/../benchmarks/part41/non-incremental/QF_LIA/20180326-Bromberger/more_slacked/CAV_2009_benchmarks/smt/10-vars/v10_problem_2__034.smt2.slack.smt2,8.36134,264,682,成功
/pub/data/jiafq/iscas/Parser_Comparison/../benchmarks/part41/non-incremental/QF_LIA/20180326-Bromberger/more_slacked/CAV_2009_benchmarks/smt/10-vars/v10_problem_2__035.smt2.slack.smt2,8.39567,264,675,成功
/pub/data/jiafq/iscas/Parser_Comparison/../benchmarks/part41/non-incremental/QF_LIA/20180326-Bromberger/more_slacked/CAV_2009_benchmarks/smt/10-vars/v10_problem__001.smt2.slack.smt2,2.56276,0,116,成功
/pub/data/jiafq/iscas/Parser_Comparison/../benchmarks/part41/non-incremental/QF_LIA/20180326-Bromberger/more_slacked/CAV_2009_benchmarks/smt/10-vars/v10_problem__002.smt2.slack.smt2,3.10946,0,146,成功
/pub/data/jiafq/iscas/Parser_Comparison/../benchmarks/part41/non-incremental/QF_LIA/20180326-Bromberger/more_slacked/CAV_2009_benchmarks/smt/10-vars/v10_problem__003.smt2.slack.smt2,2.95997,0,138,成功
/pub/data/jiafq/iscas/Parser_Comparison/../benchmarks/part41/non-incremental/QF_LIA/20180326-Bromberger/more_slacked/CAV_2009_benchmarks/smt/10-vars/v10_problem__005.smt2.slack.smt2,3.2444,0,166,成功
/pub/data/jiafq/iscas/Parser_Comparison/../benchmarks/part41/non-incremental/QF_LIA/20180326-Bromberger/more_slacked/CAV_2009_benchmarks/smt/10-vars/v10_problem__006.smt2.slack.smt2,3.80993,0,230,成功
/pub/data/jiafq/iscas/Parser_Comparison/../benchmarks/part41/non-incremental/QF_LIA/20180326-Bromberger/more_slacked/CAV_2009_benchmarks/smt/10-vars/v10_problem__007.smt2.slack.smt2,4.10032,0,257,成功
/pub/data/jiafq/iscas/Parser_Comparison/../benchmarks/part41/non-incremental/QF_LIA/20180326-Bromberger/more_slacked/CAV_2009_benchmarks/smt/10-vars/v10_problem__008.smt2.slack.smt2,4.11677,0,259,成功
/pub/data/jiafq/iscas/Parser_Comparison/../benchmarks/part41/non-incremental/QF_LIA/20180326-Bromberger/more_slacked/CAV_2009_benchmarks/smt/10-vars/v10_problem__009.smt2.slack.smt2,4.23837,264,269,成功
/pub/data/jiafq/iscas/Parser_Comparison/../benchmarks/part41/non-incremental/QF_LIA/20180326-Bromberger/more_slacked/CAV_2009_benchmarks/smt/10-vars/v10_problem__010.smt2.slack.smt2,3.86786,0,235,成功
/pub/data/jiafq/iscas/Parser_Comparison/../benchmarks/part41/non-incremental/QF_LIA/20180326-Bromberger/more_slacked/CAV_2009_benchmarks/smt/10-vars/v10_problem__012.smt2.slack.smt2,4.86135,264,332,成功
/pub/data/jiafq/iscas/Parser_Comparison/../benchmarks/part41/non-incremental/QF_LIA/20180326-Bromberger/more_slacked/CAV_2009_benchmarks/smt/10-vars/v10_problem__013.smt2.slack.smt2,4.73475,264,332,成功
/pub/data/jiafq/iscas/Parser_Comparison/../benchmarks/part41/non-incremental/QF_LIA/20180326-Bromberger/more_slacked/CAV_2009_benchmarks/smt/10-vars/v10_problem__014.smt2.slack.smt2,4.63414,264,312,成功
/pub/data/jiafq/iscas/Parser_Comparison/../benchmarks/part41/non-incremental/QF_LIA/20180326-Bromberger/more_slacked/CAV_2009_benchmarks/smt/10-vars/v10_problem__015.smt2.slack.smt2,4.75287,264,338,成功
/pub/data/jiafq/iscas/Parser_Comparison/../benchmarks/part41/non-incremental/QF_LIA/20180326-Bromberger/more_slacked/CAV_2009_benchmarks/smt/10-vars/v10_problem__016.smt2.slack.smt2,5.69272,264,437,成功
/pub/data/jiafq/iscas/Parser_Comparison/../benchmarks/part41/non-incremental/QF_LIA/20180326-Bromberger/more_slacked/CAV_2009_benchmarks/smt/10-vars/v10_problem__017.smt2.slack.smt2,5.83363,264,453,成功
/pub/data/jiafq/iscas/Parser_Comparison/../benchmarks/part41/non-incremental/QF_LIA/20180326-Bromberger/more_slacked/CAV_2009_benchmarks/smt/10-vars/v10_problem__018.smt2.slack.smt2,5.78904,264,447,成功
/pub/data/jiafq/iscas/Parser_Comparison/../benchmarks/part41/non-incremental/QF_LIA/20180326-Bromberger/more_slacked/CAV_2009_benchmarks/smt/10-vars/v10_problem__019.smt2.slack.smt2,5.33247,264,403,成功
/pub/data/jiafq/iscas/Parser_Comparison/../benchmarks/part41/non-incremental/QF_LIA/20180326-Bromberger/more_slacked/CAV_2009_benchmarks/smt/10-vars/v10_problem__020.smt2.slack.smt2,5.8105,264,445,成功
/pub/data/jiafq/iscas/Parser_Comparison/../benchmarks/part41/non-incremental/QF_LIA/20180326-Bromberger/more_slacked/CAV_2009_benchmarks/smt/10-vars/v10_problem__021.smt2.slack.smt2,6.30236,264,530,成功
/pub/data/jiafq/iscas/Parser_Comparison/../benchmarks/part41/non-incremental/QF_LIA/20180326-Bromberger/more_slacked/CAV_2009_benchmarks/smt/10-vars/v10_problem__022.smt2.slack.smt2,6.45781,264,542,成功
/pub/data/jiafq/iscas/Parser_Comparison/../benchmarks/part41/non-incremental/QF_LIA/20180326-Bromberger/more_slacked/CAV_2009_benchmarks/smt/10-vars/v10_problem__023.smt2.slack.smt2,6.97541,264,514,成功
/pub/data/jiafq/iscas/Parser_Comparison/../benchmarks/part41/non-incremental/QF_LIA/20180326-Bromberger/more_slacked/CAV_2009_benchmarks/smt/10-vars/v10_problem__024.smt2.slack.smt2,6.38962,264,524,成功
/pub/data/jiafq/iscas/Parser_Comparison/../benchmarks/part41/non-incremental/QF_LIA/20180326-Bromberger/more_slacked/CAV_2009_benchmarks/smt/10-vars/v10_problem__025.smt2.slack.smt2,7.01404,264,532,成功
/pub/data/jiafq/iscas/Parser_Comparison/../benchmarks/part41/non-incremental/QF_LIA/20180326-Bromberger/more_slacked/CAV_2009_benchmarks/smt/10-vars/v10_problem__026.smt2.slack.smt2,7.68161,264,631,成功
/pub/data/jiafq/iscas/Parser_Comparison/../benchmarks/part41/non-incremental/QF_LIA/20180326-Bromberger/more_slacked/CAV_2009_benchmarks/smt/10-vars/v10_problem__027.smt2.slack.smt2,7.69806,264,599,成功
/pub/data/jiafq/iscas/Parser_Comparison/../benchmarks/part41/non-incremental/QF_LIA/20180326-Bromberger/more_slacked/CAV_2009_benchmarks/smt/10-vars/v10_problem__028.smt2.slack.smt2,8.00633,264,663,成功
/pub/data/jiafq/iscas/Parser_Comparison/../benchmarks/part41/non-incremental/QF_LIA/20180326-Bromberger/more_slacked/CAV_2009_benchmarks/smt/10-vars/v10_problem__029.smt2.slack.smt2,7.72047,264,611,成功
/pub/data/jiafq/iscas/Parser_Comparison/../benchmarks/part41/non-incremental/QF_LIA/20180326-Bromberger/more_slacked/CAV_2009_benchmarks/smt/10-vars/v10_problem__030.smt2.slack.smt2,7.55835,264,604,成功
/pub/data/jiafq/iscas/Parser_Comparison/../benchmarks/part41/non-incremental/QF_LIA/20180326-Bromberger/more_slacked/CAV_2009_benchmarks/smt/10-vars/v10_problem__031.smt2.slack.smt2,8.25286,264,688,成功
/pub/data/jiafq/iscas/Parser_Comparison/../benchmarks/part41/non-incremental/QF_LIA/20180326-Bromberger/more_slacked/CAV_2009_benchmarks/smt/10-vars/v10_problem__032.smt2.slack.smt2,8.59618,264,728,成功
/pub/data/jiafq/iscas/Parser_Comparison/../benchmarks/part41/non-incremental/QF_LIA/20180326-Bromberger/more_slacked/CAV_2009_benchmarks/smt/10-vars/v10_problem__034.smt2.slack.smt2,8.49319,264,722,成功
/pub/data/jiafq/iscas/Parser_Comparison/../benchmarks/part41/non-incremental/QF_LIA/20180326-Bromberger/more_slacked/CAV_2009_benchmarks/smt/10-vars/v10_problem__035.smt2.slack.smt2,8.35943,264,712,成功
/pub/data/jiafq/iscas/Parser_Comparison/../benchmarks/part41/non-incremental/QF_LIA/20180326-Bromberger/more_slacked/CAV_2009_benchmarks/smt/15-vars/v15_problem_2__001.smt2.slack.smt2,6.7997,264,456,成功
/pub/data/jiafq/iscas/Parser_Comparison/../benchmarks/part41/non-incremental/QF_LIA/20180326-Bromberger/more_slacked/CAV_2009_benchmarks/smt/15-vars/v15_problem_2__002.smt2.slack.smt2,7.17092,264,492,成功
/pub/data/jiafq/iscas/Parser_Comparison/../benchmarks/part41/non-incremental/QF_LIA/20180326-Bromberger/more_slacked/CAV_2009_benchmarks/smt/15-vars/v15_problem_2__003.smt2.slack.smt2,7.19523,264,500,成功
/pub/data/jiafq/iscas/Parser_Comparison/../benchmarks/part41/non-incremental/QF_LIA/20180326-Bromberger/more_slacked/CAV_2009_benchmarks/smt/15-vars/v15_problem_2__004.smt2.slack.smt2,7.29585,264,516,成功
/pub/data/jiafq/iscas/Parser_Comparison/../benchmarks/part41/non-incremental/QF_LIA/20180326-Bromberger/more_slacked/CAV_2009_benchmarks/smt/15-vars/v15_problem_2__005.smt2.slack.smt2,7.08246,264,498,成功
/pub/data/jiafq/iscas/Parser_Comparison/../benchmarks/part41/non-incremental/QF_LIA/20180326-Bromberger/more_slacked/CAV_2009_benchmarks/smt/15-vars/v15_problem_2__006.smt2.slack.smt2,7.87354,264,595,成功
/pub/data/jiafq/iscas/Parser_Comparison/../benchmarks/part41/non-incremental/QF_LIA/20180326-Bromberger/more_slacked/CAV_2009_benchmarks/smt/15-vars/v15_problem_2__007.smt2.slack.smt2,8.06355,264,615,成功
/pub/data/jiafq/iscas/Parser_Comparison/../benchmarks/part41/non-incremental/QF_LIA/20180326-Bromberger/more_slacked/CAV_2009_benchmarks/smt/15-vars/v15_problem_2__008.smt2.slack.smt2,8.20732,264,621,成功
/pub/data/jiafq/iscas/Parser_Comparison/../benchmarks/part41/non-incremental/QF_LIA/20180326-Bromberger/more_slacked/CAV_2009_benchmarks/smt/15-vars/v15_problem_2__009.smt2.slack.smt2,7.93552,264,595,成功
/pub/data/jiafq/iscas/Parser_Comparison/../benchmarks/part41/non-incremental/QF_LIA/20180326-Bromberger/more_slacked/CAV_2009_benchmarks/smt/15-vars/v15_problem_2__010.smt2.slack.smt2,7.81417,264,599,成功
/pub/data/jiafq/iscas/Parser_Comparison/../benchmarks/part41/non-incremental/QF_LIA/20180326-Bromberger/more_slacked/CAV_2009_benchmarks/smt/15-vars/v15_problem_2__011.smt2.slack.smt2,9.53722,264,772,成功
/pub/data/jiafq/iscas/Parser_Comparison/../benchmarks/part41/non-incremental/QF_LIA/20180326-Bromberger/more_slacked/CAV_2009_benchmarks/smt/15-vars/v15_problem_2__012.smt2.slack.smt2,8.9159,264,718,成功
/pub/data/jiafq/iscas/Parser_Comparison/../benchmarks/part41/non-incremental/QF_LIA/20180326-Bromberger/more_slacked/CAV_2009_benchmarks/smt/15-vars/v15_problem_2__013.smt2.slack.smt2,9.39322,264,782,成功
/pub/data/jiafq/iscas/Parser_Comparison/../benchmarks/part41/non-incremental/QF_LIA/20180326-Bromberger/more_slacked/CAV_2009_benchmarks/smt/15-vars/v15_problem_2__014.smt2.slack.smt2,9.35173,264,792,成功
/pub/data/jiafq/iscas/Parser_Comparison/../benchmarks/part41/non-incremental/QF_LIA/20180326-Bromberger/more_slacked/CAV_2009_benchmarks/smt/15-vars/v15_problem_2__015.smt2.slack.smt2,9.13906,264,738,成功
/pub/data/jiafq/iscas/Parser_Comparison/../benchmarks/part41/non-incremental/QF_LIA/20180326-Bromberger/more_slacked/CAV_2009_benchmarks/smt/15-vars/v15_problem_2__016.smt2.slack.smt2,10.39,264,899,成功
/pub/data/jiafq/iscas/Parser_Comparison/../benchmarks/part41/non-incremental/QF_LIA/20180326-Bromberger/more_slacked/CAV_2009_benchmarks/smt/15-vars/v15_problem_2__017.smt2.slack.smt2,10.7131,264,927,成功
/pub/data/jiafq/iscas/Parser_Comparison/../benchmarks/part41/non-incremental/QF_LIA/20180326-Bromberger/more_slacked/CAV_2009_benchmarks/smt/15-vars/v15_problem_2__018.smt2.slack.smt2,10.2146,264,883,成功
/pub/data/jiafq/iscas/Parser_Comparison/../benchmarks/part41/non-incremental/QF_LIA/20180326-Bromberger/more_slacked/CAV_2009_benchmarks/smt/15-vars/v15_problem_2__019.smt2.slack.smt2,10.2191,264,875,成功
/pub/data/jiafq/iscas/Parser_Comparison/../benchmarks/part41/non-incremental/QF_LIA/20180326-Bromberger/more_slacked/CAV_2009_benchmarks/smt/15-vars/v15_problem_2__020.smt2.slack.smt2,10.3245,264,915,成功
/pub/data/jiafq/iscas/Parser_Comparison/../benchmarks/part41/non-incremental/QF_LIA/20180326-Bromberger/more_slacked/CAV_2009_benchmarks/smt/15-vars/v15_problem_2__021.smt2.slack.smt2,11.7726,264,1084,成功
/pub/data/jiafq/iscas/Parser_Comparison/../benchmarks/part41/non-incremental/QF_LIA/20180326-Bromberger/more_slacked/CAV_2009_benchmarks/smt/15-vars/v15_problem_2__022.smt2.slack.smt2,10.9384,264,978,成功
/pub/data/jiafq/iscas/Parser_Comparison/../benchmarks/part41/non-incremental/QF_LIA/20180326-Bromberger/more_slacked/CAV_2009_benchmarks/smt/15-vars/v15_problem_2__023.smt2.slack.smt2,10.6857,264,984,成功
/pub/data/jiafq/iscas/Parser_Comparison/../benchmarks/part41/non-incremental/QF_LIA/20180326-Bromberger/more_slacked/CAV_2009_benchmarks/smt/15-vars/v15_problem_2__024.smt2.slack.smt2,11.364,264,1028,成功
/pub/data/jiafq/iscas/Parser_Comparison/../benchmarks/part41/non-incremental/QF_LIA/20180326-Bromberger/more_slacked/CAV_2009_benchmarks/smt/15-vars/v15_problem_2__025.smt2.slack.smt2,10.9384,264,1006,成功
/pub/data/jiafq/iscas/Parser_Comparison/../benchmarks/part41/non-incremental/QF_LIA/20180326-Bromberger/more_slacked/CAV_2009_benchmarks/smt/15-vars/v15_problem__001.smt2.slack.smt2,6.95753,264,506,成功
/pub/data/jiafq/iscas/Parser_Comparison/../benchmarks/part41/non-incremental/QF_LIA/20180326-Bromberger/more_slacked/CAV_2009_benchmarks/smt/15-vars/v15_problem__002.smt2.slack.smt2,6.54554,264,462,成功
/pub/data/jiafq/iscas/Parser_Comparison/../benchmarks/part41/non-incremental/QF_LIA/20180326-Bromberger/more_slacked/CAV_2009_benchmarks/smt/15-vars/v15_problem__003.smt2.slack.smt2,6.53577,264,444,成功
/pub/data/jiafq/iscas/Parser_Comparison/../benchmarks/part41/non-incremental/QF_LIA/20180326-Bromberger/more_slacked/CAV_2009_benchmarks/smt/15-vars/v15_problem__004.smt2.slack.smt2,6.91724,264,502,成功
/pub/data/jiafq/iscas/Parser_Comparison/../benchmarks/part41/non-incremental/QF_LIA/20180326-Bromberger/more_slacked/CAV_2009_benchmarks/smt/15-vars/v15_problem__005.smt2.slack.smt2,6.62827,264,468,成功
/pub/data/jiafq/iscas/Parser_Comparison/../benchmarks/part41/non-incremental/QF_LIA/20180326-Bromberger/more_slacked/CAV_2009_benchmarks/smt/15-vars/v15_problem__006.smt2.slack.smt2,8.02207,264,639,成功
/pub/data/jiafq/iscas/Parser_Comparison/../benchmarks/part41/non-incremental/QF_LIA/20180326-Bromberger/more_slacked/CAV_2009_benchmarks/smt/15-vars/v15_problem__007.smt2.slack.smt2,7.76672,264,615,成功
/pub/data/jiafq/iscas/Parser_Comparison/../benchmarks/part41/non-incremental/QF_LIA/20180326-Bromberger/more_slacked/CAV_2009_benchmarks/smt/15-vars/v15_problem__008.smt2.slack.smt2,7.51972,264,551,成功
/pub/data/jiafq/iscas/Parser_Comparison/../benchmarks/part41/non-incremental/QF_LIA/20180326-Bromberger/more_slacked/CAV_2009_benchmarks/smt/15-vars/v15_problem__009.smt2.slack.smt2,8.13007,264,667,成功
/pub/data/jiafq/iscas/Parser_Comparison/../benchmarks/part41/non-incremental/QF_LIA/20180326-Bromberger/more_slacked/CAV_2009_benchmarks/smt/15-vars/v15_problem__010.smt2.slack.smt2,7.60651,264,591,成功
/pub/data/jiafq/iscas/Parser_Comparison/../benchmarks/part41/non-incremental/QF_LIA/20180326-Bromberger/more_slacked/CAV_2009_benchmarks/smt/15-vars/v15_problem__011.smt2.slack.smt2,9.26948,264,748,成功
/pub/data/jiafq/iscas/Parser_Comparison/../benchmarks/part41/non-incremental/QF_LIA/20180326-Bromberger/more_slacked/CAV_2009_benchmarks/smt/15-vars/v15_problem__012.smt2.slack.smt2,9.22084,264,772,成功
/pub/data/jiafq/iscas/Parser_Comparison/../benchmarks/part41/non-incremental/QF_LIA/20180326-Bromberger/more_slacked/CAV_2009_benchmarks/smt/15-vars/v15_problem__013.smt2.slack.smt2,9.58419,264,788,成功
/pub/data/jiafq/iscas/Parser_Comparison/../benchmarks/part41/non-incremental/QF_LIA/20180326-Bromberger/more_slacked/CAV_2009_benchmarks/smt/15-vars/v15_problem__014.smt2.slack.smt2,9.57799,264,794,成功
/pub/data/jiafq/iscas/Parser_Comparison/../benchmarks/part41/non-incremental/QF_LIA/20180326-Bromberger/more_slacked/CAV_2009_benchmarks/smt/15-vars/v15_problem__015.smt2.slack.smt2,9.16481,264,758,成功
/pub/data/jiafq/iscas/Parser_Comparison/../benchmarks/part41/non-incremental/QF_LIA/20180326-Bromberger/more_slacked/CAV_2009_benchmarks/smt/15-vars/v15_problem__016.smt2.slack.smt2,10.3571,264,905,成功
/pub/data/jiafq/iscas/Parser_Comparison/../benchmarks/part41/non-incremental/QF_LIA/20180326-Bromberger/more_slacked/CAV_2009_benchmarks/smt/15-vars/v15_problem__017.smt2.slack.smt2,10.2417,264,897,成功
/pub/data/jiafq/iscas/Parser_Comparison/../benchmarks/part41/non-incremental/QF_LIA/20180326-Bromberger/more_slacked/CAV_2009_benchmarks/smt/15-vars/v15_problem__018.smt2.slack.smt2,9.00578,264,753,成功
/pub/data/jiafq/iscas/Parser_Comparison/../benchmarks/part41/non-incremental/QF_LIA/20180326-Bromberger/more_slacked/CAV_2009_benchmarks/smt/15-vars/v15_problem__019.smt2.slack.smt2,10.1559,264,879,成功
/pub/data/jiafq/iscas/Parser_Comparison/../benchmarks/part41/non-incremental/QF_LIA/20180326-Bromberger/more_slacked/CAV_2009_benchmarks/smt/15-vars/v15_problem__020.smt2.slack.smt2,10.0441,264,859,成功
/pub/data/jiafq/iscas/Parser_Comparison/../benchmarks/part41/non-incremental/QF_LIA/20180326-Bromberger/more_slacked/CAV_2009_benchmarks/smt/15-vars/v15_problem__021.smt2.slack.smt2,10.9813,264,998,成功
/pub/data/jiafq/iscas/Parser_Comparison/../benchmarks/part41/non-incremental/QF_LIA/20180326-Bromberger/more_slacked/CAV_2009_benchmarks/smt/15-vars/v15_problem__022.smt2.slack.smt2,11.286,264,1028,成功
/pub/data/jiafq/iscas/Parser_Comparison/../benchmarks/part41/non-incremental/QF_LIA/20180326-Bromberger/more_slacked/CAV_2009_benchmarks/smt/15-vars/v15_problem__023.smt2.slack.smt2,10.3259,264,874,成功
/pub/data/jiafq/iscas/Parser_Comparison/../benchmarks/part41/non-incremental/QF_LIA/20180326-Bromberger/more_slacked/CAV_2009_benchmarks/smt/15-vars/v15_problem__024.smt2.slack.smt2,11.4079,264,1016,成功
/pub/data/jiafq/iscas/Parser_Comparison/../benchmarks/part41/non-incremental/QF_LIA/20180326-Bromberger/more_slacked/CAV_2009_benchmarks/smt/15-vars/v15_problem__025.smt2.slack.smt2,10.7017,264,962,成功
/pub/data/jiafq/iscas/Parser_Comparison/../benchmarks/part41/non-incremental/QF_LIA/20180326-Bromberger/more_slacked/CAV_2009_benchmarks/smt/20-vars/v20_problem_2__001.smt2.slack.smt2,9.5861,264,757,成功
/pub/data/jiafq/iscas/Parser_Comparison/../benchmarks/part41/non-incremental/QF_LIA/20180326-Bromberger/more_slacked/CAV_2009_benchmarks/smt/20-vars/v20_problem_2__002.smt2.slack.smt2,9.6333,264,761,成功
/pub/data/jiafq/iscas/Parser_Comparison/../benchmarks/part41/non-incremental/QF_LIA/20180326-Bromberger/more_slacked/CAV_2009_benchmarks/smt/20-vars/v20_problem_2__003.smt2.slack.smt2,9.45401,264,755,成功
/pub/data/jiafq/iscas/Parser_Comparison/../benchmarks/part41/non-incremental/QF_LIA/20180326-Bromberger/more_slacked/CAV_2009_benchmarks/smt/20-vars/v20_problem_2__004.smt2.slack.smt2,9.40895,264,733,成功
/pub/data/jiafq/iscas/Parser_Comparison/../benchmarks/part41/non-incremental/QF_LIA/20180326-Bromberger/more_slacked/CAV_2009_benchmarks/smt/20-vars/v20_problem_2__005.smt2.slack.smt2,9.66549,264,765,成功
/pub/data/jiafq/iscas/Parser_Comparison/../benchmarks/part41/non-incremental/QF_LIA/20180326-Bromberger/more_slacked/CAV_2009_benchmarks/smt/20-vars/v20_problem_2__006.smt2.slack.smt2,11.081,264,962,成功
/pub/data/jiafq/iscas/Parser_Comparison/../benchmarks/part41/non-incremental/QF_LIA/20180326-Bromberger/more_slacked/CAV_2009_benchmarks/smt/20-vars/v20_problem_2__007.smt2.slack.smt2,11.0331,264,954,成功
/pub/data/jiafq/iscas/Parser_Comparison/../benchmarks/part41/non-incremental/QF_LIA/20180326-Bromberger/more_slacked/CAV_2009_benchmarks/smt/20-vars/v20_problem_2__008.smt2.slack.smt2,10.9074,264,924,成功
/pub/data/jiafq/iscas/Parser_Comparison/../benchmarks/part41/non-incremental/QF_LIA/20180326-Bromberger/more_slacked/CAV_2009_benchmarks/smt/20-vars/v20_problem_2__009.smt2.slack.smt2,11.0986,264,950,成功
/pub/data/jiafq/iscas/Parser_Comparison/../benchmarks/part41/non-incremental/QF_LIA/20180326-Bromberger/more_slacked/CAV_2009_benchmarks/smt/20-vars/v20_problem_2__010.smt2.slack.smt2,11.1334,264,958,成功
/pub/data/jiafq/iscas/Parser_Comparison/../benchmarks/part41/non-incremental/QF_LIA/20180326-Bromberger/more_slacked/CAV_2009_benchmarks/smt/20-vars/v20_problem_2__011.smt2.slack.smt2,12.4884,264,1093,成功
/pub/data/jiafq/iscas/Parser_Comparison/../benchmarks/part41/non-incremental/QF_LIA/20180326-Bromberger/more_slacked/CAV_2009_benchmarks/smt/20-vars/v20_problem_2__012.smt2.slack.smt2,12.9783,264,1177,成功
/pub/data/jiafq/iscas/Parser_Comparison/../benchmarks/part41/non-incremental/QF_LIA/20180326-Bromberger/more_slacked/CAV_2009_benchmarks/smt/20-vars/v20_problem_2__013.smt2.slack.smt2,12.3191,264,1109,成功
/pub/data/jiafq/iscas/Parser_Comparison/../benchmarks/part41/non-incremental/QF_LIA/20180326-Bromberger/more_slacked/CAV_2009_benchmarks/smt/20-vars/v20_problem_2__014.smt2.slack.smt2,12.1927,264,1117,成功
/pub/data/jiafq/iscas/Parser_Comparison/../benchmarks/part41/non-incremental/QF_LIA/20180326-Bromberger/more_slacked/CAV_2009_benchmarks/smt/20-vars/v20_problem_2__015.smt2.slack.smt2,12.3975,264,1103,成功
/pub/data/jiafq/iscas/Parser_Comparison/../benchmarks/part41/non-incremental/QF_LIA/20180326-Bromberger/more_slacked/CAV_2009_benchmarks/smt/20-vars/v20_problem_2__016.smt2.slack.smt2,13.71,264,1292,成功
/pub/data/jiafq/iscas/Parser_Comparison/../benchmarks/part41/non-incremental/QF_LIA/20180326-Bromberger/more_slacked/CAV_2009_benchmarks/smt/20-vars/v20_problem_2__017.smt2.slack.smt2,13.7084,264,1268,成功
/pub/data/jiafq/iscas/Parser_Comparison/../benchmarks/part41/non-incremental/QF_LIA/20180326-Bromberger/more_slacked/CAV_2009_benchmarks/smt/20-vars/v20_problem_2__018.smt2.slack.smt2,13.4842,264,1276,成功
/pub/data/jiafq/iscas/Parser_Comparison/../benchmarks/part41/non-incremental/QF_LIA/20180326-Bromberger/more_slacked/CAV_2009_benchmarks/smt/20-vars/v20_problem_2__019.smt2.slack.smt2,13.9441,264,1310,成功
/pub/data/jiafq/iscas/Parser_Comparison/../benchmarks/part41/non-incremental/QF_LIA/20180326-Bromberger/more_slacked/CAV_2009_benchmarks/smt/20-vars/v20_problem_2__020.smt2.slack.smt2,13.9563,264,1320,成功
/pub/data/jiafq/iscas/Parser_Comparison/../benchmarks/part41/non-incremental/QF_LIA/20180326-Bromberger/more_slacked/CAV_2009_benchmarks/smt/20-vars/v20_problem_2__021.smt2.slack.smt2,14.8752,264,1441,成功
/pub/data/jiafq/iscas/Parser_Comparison/../benchmarks/part41/non-incremental/QF_LIA/20180326-Bromberger/more_slacked/CAV_2009_benchmarks/smt/20-vars/v20_problem_2__022.smt2.slack.smt2,15.1057,264,1457,成功
/pub/data/jiafq/iscas/Parser_Comparison/../benchmarks/part41/non-incremental/QF_LIA/20180326-Bromberger/more_slacked/CAV_2009_benchmarks/smt/20-vars/v20_problem_2__023.smt2.slack.smt2,15.0313,264,1447,成功
/pub/data/jiafq/iscas/Parser_Comparison/../benchmarks/part41/non-incremental/QF_LIA/20180326-Bromberger/more_slacked/CAV_2009_benchmarks/smt/20-vars/v20_problem_2__024.smt2.slack.smt2,14.6236,264,1419,成功
/pub/data/jiafq/iscas/Parser_Comparison/../benchmarks/part41/non-incremental/QF_LIA/20180326-Bromberger/more_slacked/CAV_2009_benchmarks/smt/20-vars/v20_problem_2__025.smt2.slack.smt2,15.3592,264,1465,成功
/pub/data/jiafq/iscas/Parser_Comparison/../benchmarks/part41/non-incremental/QF_LIA/20180326-Bromberger/more_slacked/CAV_2009_benchmarks/smt/20-vars/v20_problem_2__026.smt2.slack.smt2,16.839,264,1672,成功
/pub/data/jiafq/iscas/Parser_Comparison/../benchmarks/part41/non-incremental/QF_LIA/20180326-Bromberger/more_slacked/CAV_2009_benchmarks/smt/20-vars/v20_problem_2__027.smt2.slack.smt2,16.2561,264,1600,成功
/pub/data/jiafq/iscas/Parser_Comparison/../benchmarks/part41/non-incremental/QF_LIA/20180326-Bromberger/more_slacked/CAV_2009_benchmarks/smt/20-vars/v20_problem_2__028.smt2.slack.smt2,16.3655,264,1612,成功
/pub/data/jiafq/iscas/Parser_Comparison/../benchmarks/part41/non-incremental/QF_LIA/20180326-Bromberger/more_slacked/CAV_2009_benchmarks/smt/20-vars/v20_problem_2__029.smt2.slack.smt2,16.7444,264,1650,成功
/pub/data/jiafq/iscas/Parser_Comparison/../benchmarks/part41/non-incremental/QF_LIA/20180326-Bromberger/more_slacked/CAV_2009_benchmarks/smt/20-vars/v20_problem_2__030.smt2.slack.smt2,15.9669,264,1578,成功
/pub/data/jiafq/iscas/Parser_Comparison/../benchmarks/part41/non-incremental/QF_LIA/20180326-Bromberger/more_slacked/CAV_2009_benchmarks/smt/20-vars/v20_problem_2__031.smt2.slack.smt2,18.7025,264,1939,成功
/pub/data/jiafq/iscas/Parser_Comparison/../benchmarks/part41/non-incremental/QF_LIA/20180326-Bromberger/more_slacked/CAV_2009_benchmarks/smt/20-vars/v20_problem_2__032.smt2.slack.smt2,16.8605,264,1779,成功
/pub/data/jiafq/iscas/Parser_Comparison/../benchmarks/part41/non-incremental/QF_LIA/20180326-Bromberger/more_slacked/CAV_2009_benchmarks/smt/20-vars/v20_problem_2__033.smt2.slack.smt2,17.0794,264,1819,成功
/pub/data/jiafq/iscas/Parser_Comparison/../benchmarks/part41/non-incremental/QF_LIA/20180326-Bromberger/more_slacked/CAV_2009_benchmarks/smt/20-vars/v20_problem_2__034.smt2.slack.smt2,16.4113,264,1691,成功
/pub/data/jiafq/iscas/Parser_Comparison/../benchmarks/part41/non-incremental/QF_LIA/20180326-Bromberger/more_slacked/CAV_2009_benchmarks/smt/20-vars/v20_problem_2__035.smt2.slack.smt2,16.206,264,1667,成功
/pub/data/jiafq/iscas/Parser_Comparison/../benchmarks/part41/non-incremental/QF_LIA/20180326-Bromberger/more_slacked/CAV_2009_benchmarks/smt/20-vars/v20_problem__001.smt2.slack.smt2,9.41062,264,785,成功
/pub/data/jiafq/iscas/Parser_Comparison/../benchmarks/part41/non-incremental/QF_LIA/20180326-Bromberger/more_slacked/CAV_2009_benchmarks/smt/20-vars/v20_problem__002.smt2.slack.smt2,9.17006,264,707,成功
/pub/data/jiafq/iscas/Parser_Comparison/../benchmarks/part41/non-incremental/QF_LIA/20180326-Bromberger/more_slacked/CAV_2009_benchmarks/smt/20-vars/v20_problem__003.smt2.slack.smt2,9.36246,264,793,成功
/pub/data/jiafq/iscas/Parser_Comparison/../benchmarks/part41/non-incremental/QF_LIA/20180326-Bromberger/more_slacked/CAV_2009_benchmarks/smt/20-vars/v20_problem__004.smt2.slack.smt2,18.4157,264,797,成功
/pub/data/jiafq/iscas/Parser_Comparison/../benchmarks/part41/non-incremental/QF_LIA/20180326-Bromberger/more_slacked/CAV_2009_benchmarks/smt/20-vars/v20_problem__005.smt2.slack.smt2,9.50789,264,801,成功
/pub/data/jiafq/iscas/Parser_Comparison/../benchmarks/part41/non-incremental/QF_LIA/20180326-Bromberger/more_slacked/CAV_2009_benchmarks/smt/20-vars/v20_problem__006.smt2.slack.smt2,10.673,264,932,成功
/pub/data/jiafq/iscas/Parser_Comparison/../benchmarks/part41/non-incremental/QF_LIA/20180326-Bromberger/more_slacked/CAV_2009_benchmarks/smt/20-vars/v20_problem__007.smt2.slack.smt2,10.9303,264,1002,成功
/pub/data/jiafq/iscas/Parser_Comparison/../benchmarks/part41/non-incremental/QF_LIA/20180326-Bromberger/more_slacked/CAV_2009_benchmarks/smt/20-vars/v20_problem__008.smt2.slack.smt2,10.6237,264,900,成功
/pub/data/jiafq/iscas/Parser_Comparison/../benchmarks/part41/non-incremental/QF_LIA/20180326-Bromberger/more_slacked/CAV_2009_benchmarks/smt/20-vars/v20_problem__009.smt2.slack.smt2,11.317,264,978,成功
/pub/data/jiafq/iscas/Parser_Comparison/../benchmarks/part41/non-incremental/QF_LIA/20180326-Bromberger/more_slacked/CAV_2009_benchmarks/smt/20-vars/v20_problem__010.smt2.slack.smt2,11.1167,264,942,成功
/pub/data/jiafq/iscas/Parser_Comparison/../benchmarks/part41/non-incremental/QF_LIA/20180326-Bromberger/more_slacked/CAV_2009_benchmarks/smt/20-vars/v20_problem__011.smt2.slack.smt2,12.0959,264,1077,成功
/pub/data/jiafq/iscas/Parser_Comparison/../benchmarks/part41/non-incremental/QF_LIA/20180326-Bromberger/more_slacked/CAV_2009_benchmarks/smt/20-vars/v20_problem__012.smt2.slack.smt2,11.9772,264,1085,成功
/pub/data/jiafq/iscas/Parser_Comparison/../benchmarks/part41/non-incremental/QF_LIA/20180326-Bromberger/more_slacked/CAV_2009_benchmarks/smt/20-vars/v20_problem__013.smt2.slack.smt2,12.4185,264,1089,成功
/pub/data/jiafq/iscas/Parser_Comparison/../benchmarks/part41/non-incremental/QF_LIA/20180326-Bromberger/more_slacked/CAV_2009_benchmarks/smt/20-vars/v20_problem__014.smt2.slack.smt2,12.6381,264,1131,成功
/pub/data/jiafq/iscas/Parser_Comparison/../benchmarks/part41/non-incremental/QF_LIA/20180326-Bromberger/more_slacked/CAV_2009_benchmarks/smt/20-vars/v20_problem__015.smt2.slack.smt2,12.7566,264,1179,成功
/pub/data/jiafq/iscas/Parser_Comparison/../benchmarks/part41/non-incremental/QF_LIA/20180326-Bromberger/more_slacked/CAV_2009_benchmarks/smt/20-vars/v20_problem__016.smt2.slack.smt2,13.5858,264,1266,成功
/pub/data/jiafq/iscas/Parser_Comparison/../benchmarks/part41/non-incremental/QF_LIA/20180326-Bromberger/more_slacked/CAV_2009_benchmarks/smt/20-vars/v20_problem__017.smt2.slack.smt2,13.7863,264,1300,成功
/pub/data/jiafq/iscas/Parser_Comparison/../benchmarks/part41/non-incremental/QF_LIA/20180326-Bromberger/more_slacked/CAV_2009_benchmarks/smt/20-vars/v20_problem__018.smt2.slack.smt2,12.8999,264,1194,成功
/pub/data/jiafq/iscas/Parser_Comparison/../benchmarks/part41/non-incremental/QF_LIA/20180326-Bromberger/more_slacked/CAV_2009_benchmarks/smt/20-vars/v20_problem__019.smt2.slack.smt2,13.6921,264,1288,成功
/pub/data/jiafq/iscas/Parser_Comparison/../benchmarks/part41/non-incremental/QF_LIA/20180326-Bromberger/more_slacked/CAV_2009_benchmarks/smt/20-vars/v20_problem__020.smt2.slack.smt2,13.7622,264,1308,成功
/pub/data/jiafq/iscas/Parser_Comparison/../benchmarks/part41/non-incremental/QF_LIA/20180326-Bromberger/more_slacked/CAV_2009_benchmarks/smt/20-vars/v20_problem__021.smt2.slack.smt2,15.5087,264,1507,成功
/pub/data/jiafq/iscas/Parser_Comparison/../benchmarks/part41/non-incremental/QF_LIA/20180326-Bromberger/more_slacked/CAV_2009_benchmarks/smt/20-vars/v20_problem__022.smt2.slack.smt2,14.0986,264,1335,成功
/pub/data/jiafq/iscas/Parser_Comparison/../benchmarks/part41/non-incremental/QF_LIA/20180326-Bromberger/more_slacked/CAV_2009_benchmarks/smt/20-vars/v20_problem__023.smt2.slack.smt2,14.7314,264,1425,成功
/pub/data/jiafq/iscas/Parser_Comparison/../benchmarks/part41/non-incremental/QF_LIA/20180326-Bromberger/more_slacked/CAV_2009_benchmarks/smt/20-vars/v20_problem__024.smt2.slack.smt2,15.6593,264,1549,成功
/pub/data/jiafq/iscas/Parser_Comparison/../benchmarks/part41/non-incremental/QF_LIA/20180326-Bromberger/more_slacked/CAV_2009_benchmarks/smt/20-vars/v20_problem__025.smt2.slack.smt2,15.1529,264,1499,成功
/pub/data/jiafq/iscas/Parser_Comparison/../benchmarks/part41/non-incremental/QF_LIA/20180326-Bromberger/more_slacked/CAV_2009_benchmarks/smt/20-vars/v20_problem__026.smt2.slack.smt2,15.9094,264,1586,成功
/pub/data/jiafq/iscas/Parser_Comparison/../benchmarks/part41/non-incremental/QF_LIA/20180326-Bromberger/more_slacked/CAV_2009_benchmarks/smt/20-vars/v20_problem__027.smt2.slack.smt2,16.2749,264,1634,成功
/pub/data/jiafq/iscas/Parser_Comparison/../benchmarks/part41/non-incremental/QF_LIA/20180326-Bromberger/more_slacked/CAV_2009_benchmarks/smt/20-vars/v20_problem__028.smt2.slack.smt2,17.3178,264,1780,成功
/pub/data/jiafq/iscas/Parser_Comparison/../benchmarks/part41/non-incremental/QF_LIA/20180326-Bromberger/more_slacked/CAV_2009_benchmarks/smt/20-vars/v20_problem__029.smt2.slack.smt2,16.2244,264,1630,成功
/pub/data/jiafq/iscas/Parser_Comparison/../benchmarks/part41/non-incremental/QF_LIA/20180326-Bromberger/more_slacked/CAV_2009_benchmarks/smt/20-vars/v20_problem__030.smt2.slack.smt2,16.2814,264,1600,成功
/pub/data/jiafq/iscas/Parser_Comparison/../benchmarks/part41/non-incremental/QF_LIA/20180326-Bromberger/more_slacked/CAV_2009_benchmarks/smt/20-vars/v20_problem__031.smt2.slack.smt2,17.153,264,1765,成功
/pub/data/jiafq/iscas/Parser_Comparison/../benchmarks/part41/non-incremental/QF_LIA/20180326-Bromberger/more_slacked/CAV_2009_benchmarks/smt/20-vars/v20_problem__032.smt2.slack.smt2,17.4346,264,1749,成功
/pub/data/jiafq/iscas/Parser_Comparison/../benchmarks/part41/non-incremental/QF_LIA/20180326-Bromberger/more_slacked/CAV_2009_benchmarks/smt/20-vars/v20_problem__033.smt2.slack.smt2,17.5705,264,1789,成功
/pub/data/jiafq/iscas/Parser_Comparison/../benchmarks/part41/non-incremental/QF_LIA/20180326-Bromberger/more_slacked/CAV_2009_benchmarks/smt/20-vars/v20_problem__034.smt2.slack.smt2,18.2018,264,1895,成功
/pub/data/jiafq/iscas/Parser_Comparison/../benchmarks/part41/non-incremental/QF_LIA/20180326-Bromberger/more_slacked/CAV_2009_benchmarks/smt/20-vars/v20_problem__035.smt2.slack.smt2,18.4236,264,1911,成功
/pub/data/jiafq/iscas/Parser_Comparison/../benchmarks/part41/non-incremental/QF_LIA/20180326-Bromberger/more_slacked/CAV_2009_benchmarks/smt/25-vars/v25_problem_2__001.smt2.slack.smt2,11.6222,264,959,成功
/pub/data/jiafq/iscas/Parser_Comparison/../benchmarks/part41/non-incremental/QF_LIA/20180326-Bromberger/more_slacked/CAV_2009_benchmarks/smt/25-vars/v25_problem_2__002.smt2.slack.smt2,11.6134,264,955,成功
/pub/data/jiafq/iscas/Parser_Comparison/../benchmarks/part41/non-incremental/QF_LIA/20180326-Bromberger/more_slacked/CAV_2009_benchmarks/smt/25-vars/v25_problem_2__003.smt2.slack.smt2,11.9793,264,1041,成功
/pub/data/jiafq/iscas/Parser_Comparison/../benchmarks/part41/non-incremental/QF_LIA/20180326-Bromberger/more_slacked/CAV_2009_benchmarks/smt/25-vars/v25_problem_2__004.smt2.slack.smt2,11.5781,264,939,成功
/pub/data/jiafq/iscas/Parser_Comparison/../benchmarks/part41/non-incremental/QF_LIA/20180326-Bromberger/more_slacked/CAV_2009_benchmarks/smt/25-vars/v25_problem_2__005.smt2.slack.smt2,12.0449,264,1029,成功
/pub/data/jiafq/iscas/Parser_Comparison/../benchmarks/part41/non-incremental/QF_LIA/20180326-Bromberger/more_slacked/CAV_2009_benchmarks/smt/25-vars/v25_problem_2__006.smt2.slack.smt2,13.5765,264,1226,成功
/pub/data/jiafq/iscas/Parser_Comparison/../benchmarks/part41/non-incremental/QF_LIA/20180326-Bromberger/more_slacked/CAV_2009_benchmarks/smt/25-vars/v25_problem_2__007.smt2.slack.smt2,13.4997,264,1210,成功
/pub/data/jiafq/iscas/Parser_Comparison/../benchmarks/part41/non-incremental/QF_LIA/20180326-Bromberger/more_slacked/CAV_2009_benchmarks/smt/25-vars/v25_problem_2__008.smt2.slack.smt2,12.6276,264,1102,成功
/pub/data/jiafq/iscas/Parser_Comparison/../benchmarks/part41/non-incremental/QF_LIA/20180326-Bromberger/more_slacked/CAV_2009_benchmarks/smt/25-vars/v25_problem_2__009.smt2.slack.smt2,12.3148,264,1034,成功
/pub/data/jiafq/iscas/Parser_Comparison/../benchmarks/part41/non-incremental/QF_LIA/20180326-Bromberger/more_slacked/CAV_2009_benchmarks/smt/25-vars/v25_problem_2__010.smt2.slack.smt2,12.9716,264,1130,成功
/pub/data/jiafq/iscas/Parser_Comparison/../benchmarks/part41/non-incremental/QF_LIA/20180326-Bromberger/more_slacked/CAV_2009_benchmarks/smt/25-vars/v25_problem_2__011.smt2.slack.smt2,14.9794,264,1375,成功
/pub/data/jiafq/iscas/Parser_Comparison/../benchmarks/part41/non-incremental/QF_LIA/20180326-Bromberger/more_slacked/CAV_2009_benchmarks/smt/25-vars/v25_problem_2__012.smt2.slack.smt2,13.9842,264,1291,成功
/pub/data/jiafq/iscas/Parser_Comparison/../benchmarks/part41/non-incremental/QF_LIA/20180326-Bromberger/more_slacked/CAV_2009_benchmarks/smt/25-vars/v25_problem_2__013.smt2.slack.smt2,14.6925,264,1371,成功
/pub/data/jiafq/iscas/Parser_Comparison/../benchmarks/part41/non-incremental/QF_LIA/20180326-Bromberger/more_slacked/CAV_2009_benchmarks/smt/25-vars/v25_problem_2__014.smt2.slack.smt2,15.1994,264,1449,成功
/pub/data/jiafq/iscas/Parser_Comparison/../benchmarks/part41/non-incremental/QF_LIA/20180326-Bromberger/more_slacked/CAV_2009_benchmarks/smt/25-vars/v25_problem_2__015.smt2.slack.smt2,15.1453,264,1439,成功
/pub/data/jiafq/iscas/Parser_Comparison/../benchmarks/part41/non-incremental/QF_LIA/20180326-Bromberger/more_slacked/CAV_2009_benchmarks/smt/25-vars/v25_problem_2__016.smt2.slack.smt2,16.4745,264,1592,成功
/pub/data/jiafq/iscas/Parser_Comparison/../benchmarks/part41/non-incremental/QF_LIA/20180326-Bromberger/more_slacked/CAV_2009_benchmarks/smt/25-vars/v25_problem_2__017.smt2.slack.smt2,16.1414,264,1560,成功
/pub/data/jiafq/iscas/Parser_Comparison/../benchmarks/part41/non-incremental/QF_LIA/20180326-Bromberger/more_slacked/CAV_2009_benchmarks/smt/25-vars/v25_problem_2__018.smt2.slack.smt2,16.0227,264,1524,成功
/pub/data/jiafq/iscas/Parser_Comparison/../benchmarks/part41/non-incremental/QF_LIA/20180326-Bromberger/more_slacked/CAV_2009_benchmarks/smt/25-vars/v25_problem_2__019.smt2.slack.smt2,16.0847,264,1530,成功
/pub/data/jiafq/iscas/Parser_Comparison/../benchmarks/part41/non-incremental/QF_LIA/20180326-Bromberger/more_slacked/CAV_2009_benchmarks/smt/25-vars/v25_problem_2__020.smt2.slack.smt2,16.5026,264,1572,成功
/pub/data/jiafq/iscas/Parser_Comparison/../benchmarks/part41/non-incremental/QF_LIA/20180326-Bromberger/more_slacked/CAV_2009_benchmarks/smt/25-vars/v25_problem_2__021.smt2.slack.smt2,18.008,264,1763,成功
/pub/data/jiafq/iscas/Parser_Comparison/../benchmarks/part41/non-incremental/QF_LIA/20180326-Bromberger/more_slacked/CAV_2009_benchmarks/smt/25-vars/v25_problem_2__022.smt2.slack.smt2,18.1947,264,1815,成功
/pub/data/jiafq/iscas/Parser_Comparison/../benchmarks/part41/non-incremental/QF_LIA/20180326-Bromberger/more_slacked/CAV_2009_benchmarks/smt/25-vars/v25_problem_2__023.smt2.slack.smt2,18.6691,264,1865,成功
/pub/data/jiafq/iscas/Parser_Comparison/../benchmarks/part41/non-incremental/QF_LIA/20180326-Bromberger/more_slacked/CAV_2009_benchmarks/smt/25-vars/v25_problem_2__024.smt2.slack.smt2,17.6096,264,1737,成功
/pub/data/jiafq/iscas/Parser_Comparison/../benchmarks/part41/non-incremental/QF_LIA/20180326-Bromberger/more_slacked/CAV_2009_benchmarks/smt/25-vars/v25_problem_2__025.smt2.slack.smt2,18.3742,264,1829,成功
/pub/data/jiafq/iscas/Parser_Comparison/../benchmarks/part41/non-incremental/QF_LIA/20180326-Bromberger/more_slacked/CAV_2009_benchmarks/smt/25-vars/v25_problem_2__026.smt2.slack.smt2,19.9015,264,2010,成功
/pub/data/jiafq/iscas/Parser_Comparison/../benchmarks/part41/non-incremental/QF_LIA/20180326-Bromberger/more_slacked/CAV_2009_benchmarks/smt/25-vars/v25_problem_2__027.smt2.slack.smt2,19.7256,264,2028,成功
/pub/data/jiafq/iscas/Parser_Comparison/../benchmarks/part41/non-incremental/QF_LIA/20180326-Bromberger/more_slacked/CAV_2009_benchmarks/smt/25-vars/v25_problem_2__028.smt2.slack.smt2,19.4788,264,1984,成功
/pub/data/jiafq/iscas/Parser_Comparison/../benchmarks/part41/non-incremental/QF_LIA/20180326-Bromberger/more_slacked/CAV_2009_benchmarks/smt/25-vars/v25_problem_2__029.smt2.slack.smt2,19.6049,264,2048,成功
/pub/data/jiafq/iscas/Parser_Comparison/../benchmarks/part41/non-incremental/QF_LIA/20180326-Bromberger/more_slacked/CAV_2009_benchmarks/smt/25-vars/v25_problem_2__030.smt2.slack.smt2,19.8109,264,2018,成功
/pub/data/jiafq/iscas/Parser_Comparison/../benchmarks/part41/non-incremental/QF_LIA/20180326-Bromberger/more_slacked/CAV_2009_benchmarks/smt/25-vars/v25_problem_2__031.smt2.slack.smt2,21.2154,264,2239,成功
/pub/data/jiafq/iscas/Parser_Comparison/../benchmarks/part41/non-incremental/QF_LIA/20180326-Bromberger/more_slacked/CAV_2009_benchmarks/smt/25-vars/v25_problem_2__032.smt2.slack.smt2,21.4963,264,2223,成功
/pub/data/jiafq/iscas/Parser_Comparison/../benchmarks/part41/non-incremental/QF_LIA/20180326-Bromberger/more_slacked/CAV_2009_benchmarks/smt/25-vars/v25_problem_2__033.smt2.slack.smt2,21.3747,264,2241,成功
/pub/data/jiafq/iscas/Parser_Comparison/../benchmarks/part41/non-incremental/QF_LIA/20180326-Bromberger/more_slacked/CAV_2009_benchmarks/smt/25-vars/v25_problem_2__034.smt2.slack.smt2,21.4529,264,2249,成功
/pub/data/jiafq/iscas/Parser_Comparison/../benchmarks/part41/non-incremental/QF_LIA/20180326-Bromberger/more_slacked/CAV_2009_benchmarks/smt/25-vars/v25_problem_2__035.smt2.slack.smt2,20.7775,264,2157,成功
/pub/data/jiafq/iscas/Parser_Comparison/../benchmarks/part41/non-incremental/QF_LIA/20180326-Bromberger/more_slacked/CAV_2009_benchmarks/smt/25-vars/v25_problem__001.smt2.slack.smt2,11.6158,264,971,成功
/pub/data/jiafq/iscas/Parser_Comparison/../benchmarks/part41/non-incremental/QF_LIA/20180326-Bromberger/more_slacked/CAV_2009_benchmarks/smt/25-vars/v25_problem__002.smt2.slack.smt2,11.6961,264,999,成功
/pub/data/jiafq/iscas/Parser_Comparison/../benchmarks/part41/non-incremental/QF_LIA/20180326-Bromberger/more_slacked/CAV_2009_benchmarks/smt/25-vars/v25_problem__003.smt2.slack.smt2,11.3623,264,919,成功
/pub/data/jiafq/iscas/Parser_Comparison/../benchmarks/part41/non-incremental/QF_LIA/20180326-Bromberger/more_slacked/CAV_2009_benchmarks/smt/25-vars/v25_problem__004.smt2.slack.smt2,11.7822,264,987,成功
/pub/data/jiafq/iscas/Parser_Comparison/../benchmarks/part41/non-incremental/QF_LIA/20180326-Bromberger/more_slacked/CAV_2009_benchmarks/smt/25-vars/v25_problem__005.smt2.slack.smt2,11.5736,264,961,成功
/pub/data/jiafq/iscas/Parser_Comparison/../benchmarks/part41/non-incremental/QF_LIA/20180326-Bromberger/more_slacked/CAV_2009_benchmarks/smt/25-vars/v25_problem__006.smt2.slack.smt2,13.9565,264,1260,成功
/pub/data/jiafq/iscas/Parser_Comparison/../benchmarks/part41/non-incremental/QF_LIA/20180326-Bromberger/more_slacked/CAV_2009_benchmarks/smt/25-vars/v25_problem__007.smt2.slack.smt2,12.9902,264,1154,成功
/pub/data/jiafq/iscas/Parser_Comparison/../benchmarks/part41/non-incremental/QF_LIA/20180326-Bromberger/more_slacked/CAV_2009_benchmarks/smt/25-vars/v25_problem__008.smt2.slack.smt2,13.0677,264,1150,成功
/pub/data/jiafq/iscas/Parser_Comparison/../benchmarks/part41/non-incremental/QF_LIA/20180326-Bromberger/more_slacked/CAV_2009_benchmarks/smt/25-vars/v25_problem__009.smt2.slack.smt2,13.3629,264,1210,成功
/pub/data/jiafq/iscas/Parser_Comparison/../benchmarks/part41/non-incremental/QF_LIA/20180326-Bromberger/more_slacked/CAV_2009_benchmarks/smt/25-vars/v25_problem__010.smt2.slack.smt2,13.2461,264,1186,成功
/pub/data/jiafq/iscas/Parser_Comparison/../benchmarks/part41/non-incremental/QF_LIA/20180326-Bromberger/more_slacked/CAV_2009_benchmarks/smt/25-vars/v25_problem__011.smt2.slack.smt2,14.5118,264,1327,成功
/pub/data/jiafq/iscas/Parser_Comparison/../benchmarks/part41/non-incremental/QF_LIA/20180326-Bromberger/more_slacked/CAV_2009_benchmarks/smt/25-vars/v25_problem__012.smt2.slack.smt2,15.1849,264,1437,成功
/pub/data/jiafq/iscas/Parser_Comparison/../benchmarks/part41/non-incremental/QF_LIA/20180326-Bromberger/more_slacked/CAV_2009_benchmarks/smt/25-vars/v25_problem__013.smt2.slack.smt2,14.6749,264,1357,成功
/pub/data/jiafq/iscas/Parser_Comparison/../benchmarks/part41/non-incremental/QF_LIA/20180326-Bromberger/more_slacked/CAV_2009_benchmarks/smt/25-vars/v25_problem__014.smt2.slack.smt2,14.1637,264,1299,成功
/pub/data/jiafq/iscas/Parser_Comparison/../benchmarks/part41/non-incremental/QF_LIA/20180326-Bromberger/more_slacked/CAV_2009_benchmarks/smt/25-vars/v25_problem__015.smt2.slack.smt2,15.1334,264,1419,成功
/pub/data/jiafq/iscas/Parser_Comparison/../benchmarks/part41/non-incremental/QF_LIA/20180326-Bromberger/more_slacked/CAV_2009_benchmarks/smt/25-vars/v25_problem__016.smt2.slack.smt2,16.5827,264,1610,成功
/pub/data/jiafq/iscas/Parser_Comparison/../benchmarks/part41/non-incremental/QF_LIA/20180326-Bromberger/more_slacked/CAV_2009_benchmarks/smt/25-vars/v25_problem__017.smt2.slack.smt2,16.2761,264,1590,成功
/pub/data/jiafq/iscas/Parser_Comparison/../benchmarks/part41/non-incremental/QF_LIA/20180326-Bromberger/more_slacked/CAV_2009_benchmarks/smt/25-vars/v25_problem__018.smt2.slack.smt2,16.0885,264,1550,成功
/pub/data/jiafq/iscas/Parser_Comparison/../benchmarks/part41/non-incremental/QF_LIA/20180326-Bromberger/more_slacked/CAV_2009_benchmarks/smt/25-vars/v25_problem__019.smt2.slack.smt2,16.8223,264,1602,成功
/pub/data/jiafq/iscas/Parser_Comparison/../benchmarks/part41/non-incremental/QF_LIA/20180326-Bromberger/more_slacked/CAV_2009_benchmarks/smt/25-vars/v25_problem__020.smt2.slack.smt2,16.6235,264,1594,成功
/pub/data/jiafq/iscas/Parser_Comparison/../benchmarks/part41/non-incremental/QF_LIA/20180326-Bromberger/more_slacked/CAV_2009_benchmarks/smt/25-vars/v25_problem__021.smt2.slack.smt2,18.7645,264,1867,成功
/pub/data/jiafq/iscas/Parser_Comparison/../benchmarks/part41/non-incremental/QF_LIA/20180326-Bromberger/more_slacked/CAV_2009_benchmarks/smt/25-vars/v25_problem__022.smt2.slack.smt2,17.1242,264,1655,成功
/pub/data/jiafq/iscas/Parser_Comparison/../benchmarks/part41/non-incremental/QF_LIA/20180326-Bromberger/more_slacked/CAV_2009_benchmarks/smt/25-vars/v25_problem__023.smt2.slack.smt2,17.6694,264,1749,成功
/pub/data/jiafq/iscas/Parser_Comparison/../benchmarks/part41/non-incremental/QF_LIA/20180326-Bromberger/more_slacked/CAV_2009_benchmarks/smt/25-vars/v25_problem__024.smt2.slack.smt2,17.7548,264,1759,成功
/pub/data/jiafq/iscas/Parser_Comparison/../benchmarks/part41/non-incremental/QF_LIA/20180326-Bromberger/more_slacked/CAV_2009_benchmarks/smt/25-vars/v25_problem__025.smt2.slack.smt2,18.188,264,1813,成功
/pub/data/jiafq/iscas/Parser_Comparison/../benchmarks/part41/non-incremental/QF_LIA/20180326-Bromberger/more_slacked/CAV_2009_benchmarks/smt/25-vars/v25_problem__026.smt2.slack.smt2,19.7489,264,1998,成功
/pub/data/jiafq/iscas/Parser_Comparison/../benchmarks/part41/non-incremental/QF_LIA/20180326-Bromberger/more_slacked/CAV_2009_benchmarks/smt/25-vars/v25_problem__027.smt2.slack.smt2,19.2211,264,1964,成功
/pub/data/jiafq/iscas/Parser_Comparison/../benchmarks/part41/non-incremental/QF_LIA/20180326-Bromberger/more_slacked/CAV_2009_benchmarks/smt/25-vars/v25_problem__028.smt2.slack.smt2,20.1726,264,2088,成功
/pub/data/jiafq/iscas/Parser_Comparison/../benchmarks/part41/non-incremental/QF_LIA/20180326-Bromberger/more_slacked/CAV_2009_benchmarks/smt/25-vars/v25_problem__029.smt2.slack.smt2,19.6524,264,2058,成功
/pub/data/jiafq/iscas/Parser_Comparison/../benchmarks/part41/non-incremental/QF_LIA/20180326-Bromberger/more_slacked/CAV_2009_benchmarks/smt/25-vars/v25_problem__030.smt2.slack.smt2,19.2869,264,1950,成功
/pub/data/jiafq/iscas/Parser_Comparison/../benchmarks/part41/non-incremental/QF_LIA/20180326-Bromberger/more_slacked/CAV_2009_benchmarks/smt/25-vars/v25_problem__031.smt2.slack.smt2,21.131,264,2179,成功
/pub/data/jiafq/iscas/Parser_Comparison/../benchmarks/part41/non-incremental/QF_LIA/20180326-Bromberger/more_slacked/CAV_2009_benchmarks/smt/25-vars/v25_problem__032.smt2.slack.smt2,21.1134,264,2143,成功
/pub/data/jiafq/iscas/Parser_Comparison/../benchmarks/part41/non-incremental/QF_LIA/20180326-Bromberger/more_slacked/CAV_2009_benchmarks/smt/25-vars/v25_problem__033.smt2.slack.smt2,21.3382,264,2229,成功
/pub/data/jiafq/iscas/Parser_Comparison/../benchmarks/part41/non-incremental/QF_LIA/20180326-Bromberger/more_slacked/CAV_2009_benchmarks/smt/25-vars/v25_problem__034.smt2.slack.smt2,21.1577,264,2173,成功
/pub/data/jiafq/iscas/Parser_Comparison/../benchmarks/part41/non-incremental/QF_LIA/20180326-Bromberger/more_slacked/CAV_2009_benchmarks/smt/25-vars/v25_problem__035.smt2.slack.smt2,21.0829,264,2179,成功
/pub/data/jiafq/iscas/Parser_Comparison/../benchmarks/part41/non-incremental/QF_LIA/20180326-Bromberger/more_slacked/CAV_2009_benchmarks/smt/30-vars/v30_problem_2__001.smt2.slack.smt2,13.597,264,1153,成功
/pub/data/jiafq/iscas/Parser_Comparison/../benchmarks/part41/non-incremental/QF_LIA/20180326-Bromberger/more_slacked/CAV_2009_benchmarks/smt/30-vars/v30_problem_2__002.smt2.slack.smt2,14.0352,264,1201,成功
/pub/data/jiafq/iscas/Parser_Comparison/../benchmarks/part41/non-incremental/QF_LIA/20180326-Bromberger/more_slacked/CAV_2009_benchmarks/smt/30-vars/v30_problem_2__003.smt2.slack.smt2,13.6085,264,1179,成功
/pub/data/jiafq/iscas/Parser_Comparison/../benchmarks/part41/non-incremental/QF_LIA/20180326-Bromberger/more_slacked/CAV_2009_benchmarks/smt/30-vars/v30_problem_2__004.smt2.slack.smt2,13.72,264,1163,成功
/pub/data/jiafq/iscas/Parser_Comparison/../benchmarks/part41/non-incremental/QF_LIA/20180326-Bromberger/more_slacked/CAV_2009_benchmarks/smt/30-vars/v30_problem_2__005.smt2.slack.smt2,13.5772,264,1157,成功
/pub/data/jiafq/iscas/Parser_Comparison/../benchmarks/part41/non-incremental/QF_LIA/20180326-Bromberger/more_slacked/CAV_2009_benchmarks/smt/30-vars/v30_problem_2__006.smt2.slack.smt2,15.3549,264,1344,成功
/pub/data/jiafq/iscas/Parser_Comparison/../benchmarks/part41/non-incremental/QF_LIA/20180326-Bromberger/more_slacked/CAV_2009_benchmarks/smt/30-vars/v30_problem_2__007.smt2.slack.smt2,15.1246,264,1392,成功
/pub/data/jiafq/iscas/Parser_Comparison/../benchmarks/part41/non-incremental/QF_LIA/20180326-Bromberger/more_slacked/CAV_2009_benchmarks/smt/30-vars/v30_problem_2__008.smt2.slack.smt2,15.9047,264,1428,成功
/pub/data/jiafq/iscas/Parser_Comparison/../benchmarks/part41/non-incremental/QF_LIA/20180326-Bromberger/more_slacked/CAV_2009_benchmarks/smt/30-vars/v30_problem_2__009.smt2.slack.smt2,15.4548,264,1410,成功
/pub/data/jiafq/iscas/Parser_Comparison/../benchmarks/part41/non-incremental/QF_LIA/20180326-Bromberger/more_slacked/CAV_2009_benchmarks/smt/30-vars/v30_problem_2__010.smt2.slack.smt2,15.727,264,1378,成功
/pub/data/jiafq/iscas/Parser_Comparison/../benchmarks/part41/non-incremental/QF_LIA/20180326-Bromberger/more_slacked/CAV_2009_benchmarks/smt/30-vars/v30_problem_2__011.smt2.slack.smt2,16.6903,264,1573,成功
/pub/data/jiafq/iscas/Parser_Comparison/../benchmarks/part41/non-incremental/QF_LIA/20180326-Bromberger/more_slacked/CAV_2009_benchmarks/smt/30-vars/v30_problem_2__012.smt2.slack.smt2,17.3426,264,1651,成功
/pub/data/jiafq/iscas/Parser_Comparison/../benchmarks/part41/non-incremental/QF_LIA/20180326-Bromberger/more_slacked/CAV_2009_benchmarks/smt/30-vars/v30_problem_2__013.smt2.slack.smt2,17.4949,264,1649,成功
/pub/data/jiafq/iscas/Parser_Comparison/../benchmarks/part41/non-incremental/QF_LIA/20180326-Bromberger/more_slacked/CAV_2009_benchmarks/smt/30-vars/v30_problem_2__014.smt2.slack.smt2,17.5924,264,1665,成功
/pub/data/jiafq/iscas/Parser_Comparison/../benchmarks/part41/non-incremental/QF_LIA/20180326-Bromberger/more_slacked/CAV_2009_benchmarks/smt/30-vars/v30_problem_2__015.smt2.slack.smt2,18.4078,264,1747,成功
/pub/data/jiafq/iscas/Parser_Comparison/../benchmarks/part41/non-incremental/QF_LIA/20180326-Bromberger/more_slacked/CAV_2009_benchmarks/smt/30-vars/v30_problem_2__016.smt2.slack.smt2,19.4802,264,1930,成功
/pub/data/jiafq/iscas/Parser_Comparison/../benchmarks/part41/non-incremental/QF_LIA/20180326-Bromberger/more_slacked/CAV_2009_benchmarks/smt/30-vars/v30_problem_2__017.smt2.slack.smt2,19.4223,264,1898,成功
/pub/data/jiafq/iscas/Parser_Comparison/../benchmarks/part41/non-incremental/QF_LIA/20180326-Bromberger/more_slacked/CAV_2009_benchmarks/smt/30-vars/v30_problem_2__018.smt2.slack.smt2,18.934,264,1854,成功
/pub/data/jiafq/iscas/Parser_Comparison/../benchmarks/part41/non-incremental/QF_LIA/20180326-Bromberger/more_slacked/CAV_2009_benchmarks/smt/30-vars/v30_problem_2__019.smt2.slack.smt2,19.1584,264,1898,成功
/pub/data/jiafq/iscas/Parser_Comparison/../benchmarks/part41/non-incremental/QF_LIA/20180326-Bromberger/more_slacked/CAV_2009_benchmarks/smt/30-vars/v30_problem_2__020.smt2.slack.smt2,19.1503,264,1864,成功
/pub/data/jiafq/iscas/Parser_Comparison/../benchmarks/part41/non-incremental/QF_LIA/20180326-Bromberger/more_slacked/CAV_2009_benchmarks/smt/30-vars/v30_problem_2__021.smt2.slack.smt2,21.2846,264,2177,成功
/pub/data/jiafq/iscas/Parser_Comparison/../benchmarks/part41/non-incremental/QF_LIA/20180326-Bromberger/more_slacked/CAV_2009_benchmarks/smt/30-vars/v30_problem_2__022.smt2.slack.smt2,20.2649,264,2029,成功
/pub/data/jiafq/iscas/Parser_Comparison/../benchmarks/part41/non-incremental/QF_LIA/20180326-Bromberger/more_slacked/CAV_2009_benchmarks/smt/30-vars/v30_problem_2__023.smt2.slack.smt2,19.9931,264,2131,成功
/pub/data/jiafq/iscas/Parser_Comparison/../benchmarks/part41/non-incremental/QF_LIA/20180326-Bromberger/more_slacked/CAV_2009_benchmarks/smt/30-vars/v30_problem_2__024.smt2.slack.smt2,20.3593,264,2183,成功
/pub/data/jiafq/iscas/Parser_Comparison/../benchmarks/part41/non-incremental/QF_LIA/20180326-Bromberger/more_slacked/CAV_2009_benchmarks/smt/30-vars/v30_problem_2__025.smt2.slack.smt2,21.1885,264,2217,成功
/pub/data/jiafq/iscas/Parser_Comparison/../benchmarks/part41/non-incremental/QF_LIA/20180326-Bromberger/more_slacked/CAV_2009_benchmarks/smt/30-vars/v30_problem_2__026.smt2.slack.smt2,22.1207,264,2392,成功
/pub/data/jiafq/iscas/Parser_Comparison/../benchmarks/part41/non-incremental/QF_LIA/20180326-Bromberger/more_slacked/CAV_2009_benchmarks/smt/30-vars/v30_problem_2__027.smt2.slack.smt2,21.1098,264,2256,成功
/pub/data/jiafq/iscas/Parser_Comparison/../benchmarks/part41/non-incremental/QF_LIA/20180326-Bromberger/more_slacked/CAV_2009_benchmarks/smt/30-vars/v30_problem_2__028.smt2.slack.smt2,21.8568,264,2370,成功
/pub/data/jiafq/iscas/Parser_Comparison/../benchmarks/part41/non-incremental/QF_LIA/20180326-Bromberger/more_slacked/CAV_2009_benchmarks/smt/30-vars/v30_problem_2__029.smt2.slack.smt2,21.7588,264,2340,成功
/pub/data/jiafq/iscas/Parser_Comparison/../benchmarks/part41/non-incremental/QF_LIA/20180326-Bromberger/more_slacked/CAV_2009_benchmarks/smt/30-vars/v30_problem_2__030.smt2.slack.smt2,21.8127,264,2338,成功
/pub/data/jiafq/iscas/Parser_Comparison/../benchmarks/part41/non-incremental/QF_LIA/20180326-Bromberger/more_slacked/CAV_2009_benchmarks/smt/30-vars/v30_problem_2__031.smt2.slack.smt2,23.756,264,2537,成功
/pub/data/jiafq/iscas/Parser_Comparison/../benchmarks/part41/non-incremental/QF_LIA/20180326-Bromberger/more_slacked/CAV_2009_benchmarks/smt/30-vars/v30_problem_2__032.smt2.slack.smt2,23.6804,264,2657,成功
/pub/data/jiafq/iscas/Parser_Comparison/../benchmarks/part41/non-incremental/QF_LIA/20180326-Bromberger/more_slacked/CAV_2009_benchmarks/smt/30-vars/v30_problem_2__033.smt2.slack.smt2,23.8202,264,2633,成功
/pub/data/jiafq/iscas/Parser_Comparison/../benchmarks/part41/non-incremental/QF_LIA/20180326-Bromberger/more_slacked/CAV_2009_benchmarks/smt/30-vars/v30_problem_2__034.smt2.slack.smt2,23.4761,264,2565,成功
/pub/data/jiafq/iscas/Parser_Comparison/../benchmarks/part41/non-incremental/QF_LIA/20180326-Bromberger/more_slacked/CAV_2009_benchmarks/smt/30-vars/v30_problem_2__035.smt2.slack.smt2,22.809,264,2473,成功
/pub/data/jiafq/iscas/Parser_Comparison/../benchmarks/part41/non-incremental/QF_LIA/20180326-Bromberger/more_slacked/CAV_2009_benchmarks/smt/30-vars/v30_problem__001.smt2.slack.smt2,12.9256,264,1147,成功
/pub/data/jiafq/iscas/Parser_Comparison/../benchmarks/part41/non-incremental/QF_LIA/20180326-Bromberger/more_slacked/CAV_2009_benchmarks/smt/30-vars/v30_problem__002.smt2.slack.smt2,13.4485,264,1231,成功
/pub/data/jiafq/iscas/Parser_Comparison/../benchmarks/part41/non-incremental/QF_LIA/20180326-Bromberger/more_slacked/CAV_2009_benchmarks/smt/30-vars/v30_problem__003.smt2.slack.smt2,13.3245,264,1217,成功
/pub/data/jiafq/iscas/Parser_Comparison/../benchmarks/part41/non-incremental/QF_LIA/20180326-Bromberger/more_slacked/CAV_2009_benchmarks/smt/30-vars/v30_problem__004.smt2.slack.smt2,13.4478,264,1225,成功
/pub/data/jiafq/iscas/Parser_Comparison/../benchmarks/part41/non-incremental/QF_LIA/20180326-Bromberger/more_slacked/CAV_2009_benchmarks/smt/30-vars/v30_problem__005.smt2.slack.smt2,13.0801,264,1125,成功
/pub/data/jiafq/iscas/Parser_Comparison/../benchmarks/part41/non-incremental/QF_LIA/20180326-Bromberger/more_slacked/CAV_2009_benchmarks/smt/30-vars/v30_problem__006.smt2.slack.smt2,15.2152,264,1372,成功
/pub/data/jiafq/iscas/Parser_Comparison/../benchmarks/part41/non-incremental/QF_LIA/20180326-Bromberger/more_slacked/CAV_2009_benchmarks/smt/30-vars/v30_problem__007.smt2.slack.smt2,15.28,264,1410,成功
/pub/data/jiafq/iscas/Parser_Comparison/../benchmarks/part41/non-incremental/QF_LIA/20180326-Bromberger/more_slacked/CAV_2009_benchmarks/smt/30-vars/v30_problem__008.smt2.slack.smt2,15.589,264,1456,成功
/pub/data/jiafq/iscas/Parser_Comparison/../benchmarks/part41/non-incremental/QF_LIA/20180326-Bromberger/more_slacked/CAV_2009_benchmarks/smt/30-vars/v30_problem__009.smt2.slack.smt2,14.5268,264,1316,成功
/pub/data/jiafq/iscas/Parser_Comparison/../benchmarks/part41/non-incremental/QF_LIA/20180326-Bromberger/more_slacked/CAV_2009_benchmarks/smt/30-vars/v30_problem__010.smt2.slack.smt2,14.672,264,1370,成功
/pub/data/jiafq/iscas/Parser_Comparison/../benchmarks/part41/non-incremental/QF_LIA/20180326-Bromberger/more_slacked/CAV_2009_benchmarks/smt/30-vars/v30_problem__011.smt2.slack.smt2,16.5305,264,1643,成功
/pub/data/jiafq/iscas/Parser_Comparison/../benchmarks/part41/non-incremental/QF_LIA/20180326-Bromberger/more_slacked/CAV_2009_benchmarks/smt/30-vars/v30_problem__012.smt2.slack.smt2,17.1537,264,1681,成功
/pub/data/jiafq/iscas/Parser_Comparison/../benchmarks/part41/non-incremental/QF_LIA/20180326-Bromberger/more_slacked/CAV_2009_benchmarks/smt/30-vars/v30_problem__013.smt2.slack.smt2,16.5086,264,1569,成功
/pub/data/jiafq/iscas/Parser_Comparison/../benchmarks/part41/non-incremental/QF_LIA/20180326-Bromberger/more_slacked/CAV_2009_benchmarks/smt/30-vars/v30_problem__014.smt2.slack.smt2,16.7825,264,1629,成功
/pub/data/jiafq/iscas/Parser_Comparison/../benchmarks/part41/non-incremental/QF_LIA/20180326-Bromberger/more_slacked/CAV_2009_benchmarks/smt/30-vars/v30_problem__015.smt2.slack.smt2,17.2319,264,1683,成功
/pub/data/jiafq/iscas/Parser_Comparison/../benchmarks/part41/non-incremental/QF_LIA/20180326-Bromberger/more_slacked/CAV_2009_benchmarks/smt/30-vars/v30_problem__016.smt2.slack.smt2,18.9428,264,1964,成功
/pub/data/jiafq/iscas/Parser_Comparison/../benchmarks/part41/non-incremental/QF_LIA/20180326-Bromberger/more_slacked/CAV_2009_benchmarks/smt/30-vars/v30_problem__017.smt2.slack.smt2,17.8022,264,1836,成功
/pub/data/jiafq/iscas/Parser_Comparison/../benchmarks/part41/non-incremental/QF_LIA/20180326-Bromberger/more_slacked/CAV_2009_benchmarks/smt/30-vars/v30_problem__018.smt2.slack.smt2,18.6088,264,1856,成功
/pub/data/jiafq/iscas/Parser_Comparison/../benchmarks/part41/non-incremental/QF_LIA/20180326-Bromberger/more_slacked/CAV_2009_benchmarks/smt/30-vars/v30_problem__019.smt2.slack.smt2,18.9855,264,1962,成功
/pub/data/jiafq/iscas/Parser_Comparison/../benchmarks/part41/non-incremental/QF_LIA/20180326-Bromberger/more_slacked/CAV_2009_benchmarks/smt/30-vars/v30_problem__020.smt2.slack.smt2,17.962,264,1800,成功
/pub/data/jiafq/iscas/Parser_Comparison/../benchmarks/part41/non-incremental/QF_LIA/20180326-Bromberger/more_slacked/CAV_2009_benchmarks/smt/30-vars/v30_problem__021.smt2.slack.smt2,20.2751,264,2141,成功
/pub/data/jiafq/iscas/Parser_Comparison/../benchmarks/part41/non-incremental/QF_LIA/20180326-Bromberger/more_slacked/CAV_2009_benchmarks/smt/30-vars/v30_problem__022.smt2.slack.smt2,20.8476,264,2205,成功
/pub/data/jiafq/iscas/Parser_Comparison/../benchmarks/part41/non-incremental/QF_LIA/20180326-Bromberger/more_slacked/CAV_2009_benchmarks/smt/30-vars/v30_problem__023.smt2.slack.smt2,20.1867,264,2145,成功
/pub/data/jiafq/iscas/Parser_Comparison/../benchmarks/part41/non-incremental/QF_LIA/20180326-Bromberger/more_slacked/CAV_2009_benchmarks/smt/30-vars/v30_problem__024.smt2.slack.smt2,20.215,264,2091,成功
/pub/data/jiafq/iscas/Parser_Comparison/../benchmarks/part41/non-incremental/QF_LIA/20180326-Bromberger/more_slacked/CAV_2009_benchmarks/smt/30-vars/v30_problem__025.smt2.slack.smt2,20.2398,264,2149,成功
/pub/data/jiafq/iscas/Parser_Comparison/../benchmarks/part41/non-incremental/QF_LIA/20180326-Bromberger/more_slacked/CAV_2009_benchmarks/smt/30-vars/v30_problem__026.smt2.slack.smt2,22.3486,264,2442,成功
/pub/data/jiafq/iscas/Parser_Comparison/../benchmarks/part41/non-incremental/QF_LIA/20180326-Bromberger/more_slacked/CAV_2009_benchmarks/smt/30-vars/v30_problem__027.smt2.slack.smt2,22.2986,264,2410,成功
/pub/data/jiafq/iscas/Parser_Comparison/../benchmarks/part41/non-incremental/QF_LIA/20180326-Bromberger/more_slacked/CAV_2009_benchmarks/smt/30-vars/v30_problem__028.smt2.slack.smt2,22.1055,264,2382,成功
/pub/data/jiafq/iscas/Parser_Comparison/../benchmarks/part41/non-incremental/QF_LIA/20180326-Bromberger/more_slacked/CAV_2009_benchmarks/smt/30-vars/v30_problem__029.smt2.slack.smt2,21.9841,264,2356,成功
/pub/data/jiafq/iscas/Parser_Comparison/../benchmarks/part41/non-incremental/QF_LIA/20180326-Bromberger/more_slacked/CAV_2009_benchmarks/smt/30-vars/v30_problem__030.smt2.slack.smt2,21.7354,264,2374,成功
/pub/data/jiafq/iscas/Parser_Comparison/../benchmarks/part41/non-incremental/QF_LIA/20180326-Bromberger/more_slacked/CAV_2009_benchmarks/smt/30-vars/v30_problem__031.smt2.slack.smt2,23.7594,264,2615,成功
/pub/data/jiafq/iscas/Parser_Comparison/../benchmarks/part41/non-incremental/QF_LIA/20180326-Bromberger/more_slacked/CAV_2009_benchmarks/smt/30-vars/v30_problem__032.smt2.slack.smt2,24.6754,264,2675,成功
/pub/data/jiafq/iscas/Parser_Comparison/../benchmarks/part41/non-incremental/QF_LIA/20180326-Bromberger/more_slacked/CAV_2009_benchmarks/smt/30-vars/v30_problem__033.smt2.slack.smt2,24.0357,264,2595,成功
/pub/data/jiafq/iscas/Parser_Comparison/../benchmarks/part41/non-incremental/QF_LIA/20180326-Bromberger/more_slacked/CAV_2009_benchmarks/smt/30-vars/v30_problem__034.smt2.slack.smt2,24.2143,264,2617,成功
/pub/data/jiafq/iscas/Parser_Comparison/../benchmarks/part41/non-incremental/QF_LIA/20180326-Bromberger/more_slacked/CAV_2009_benchmarks/smt/30-vars/v30_problem__035.smt2.slack.smt2,23.9179,264,2567,成功
/pub/data/jiafq/iscas/Parser_Comparison/../benchmarks/part41/non-incremental/QF_LIA/20180326-Bromberger/more_slacked/CAV_2009_benchmarks/smt/35-vars/v35_problem_2__001.smt2.slack.smt2,15.4419,264,1397,成功
/pub/data/jiafq/iscas/Parser_Comparison/../benchmarks/part41/non-incremental/QF_LIA/20180326-Bromberger/more_slacked/CAV_2009_benchmarks/smt/35-vars/v35_problem_2__002.smt2.slack.smt2,15.5542,264,1375,成功
/pub/data/jiafq/iscas/Parser_Comparison/../benchmarks/part41/non-incremental/QF_LIA/20180326-Bromberger/more_slacked/CAV_2009_benchmarks/smt/35-vars/v35_problem_2__003.smt2.slack.smt2,15.5778,264,1375,成功
/pub/data/jiafq/iscas/Parser_Comparison/../benchmarks/part41/non-incremental/QF_LIA/20180326-Bromberger/more_slacked/CAV_2009_benchmarks/smt/35-vars/v35_problem_2__004.smt2.slack.smt2,15.2218,264,1307,成功
/pub/data/jiafq/iscas/Parser_Comparison/../benchmarks/part41/non-incremental/QF_LIA/20180326-Bromberger/more_slacked/CAV_2009_benchmarks/smt/35-vars/v35_problem_2__005.smt2.slack.smt2,15.399,264,1313,成功
/pub/data/jiafq/iscas/Parser_Comparison/../benchmarks/part41/non-incremental/QF_LIA/20180326-Bromberger/more_slacked/CAV_2009_benchmarks/smt/35-vars/v35_problem_2__006.smt2.slack.smt2,17.8933,264,1682,成功
/pub/data/jiafq/iscas/Parser_Comparison/../benchmarks/part41/non-incremental/QF_LIA/20180326-Bromberger/more_slacked/CAV_2009_benchmarks/smt/35-vars/v35_problem_2__007.smt2.slack.smt2,17.5157,264,1642,成功
/pub/data/jiafq/iscas/Parser_Comparison/../benchmarks/part41/non-incremental/QF_LIA/20180326-Bromberger/more_slacked/CAV_2009_benchmarks/smt/35-vars/v35_problem_2__008.smt2.slack.smt2,17.3688,264,1618,成功
/pub/data/jiafq/iscas/Parser_Comparison/../benchmarks/part41/non-incremental/QF_LIA/20180326-Bromberger/more_slacked/CAV_2009_benchmarks/smt/35-vars/v35_problem_2__009.smt2.slack.smt2,17.3986,264,1650,成功
/pub/data/jiafq/iscas/Parser_Comparison/../benchmarks/part41/non-incremental/QF_LIA/20180326-Bromberger/more_slacked/CAV_2009_benchmarks/smt/35-vars/v35_problem_2__010.smt2.slack.smt2,17.2412,264,1600,成功
/pub/data/jiafq/iscas/Parser_Comparison/../benchmarks/part41/non-incremental/QF_LIA/20180326-Bromberger/more_slacked/CAV_2009_benchmarks/smt/35-vars/v35_problem_2__011.smt2.slack.smt2,20.1743,264,1955,成功
/pub/data/jiafq/iscas/Parser_Comparison/../benchmarks/part41/non-incremental/QF_LIA/20180326-Bromberger/more_slacked/CAV_2009_benchmarks/smt/35-vars/v35_problem_2__012.smt2.slack.smt2,19.7382,264,1857,成功
/pub/data/jiafq/iscas/Parser_Comparison/../benchmarks/part41/non-incremental/QF_LIA/20180326-Bromberger/more_slacked/CAV_2009_benchmarks/smt/35-vars/v35_problem_2__013.smt2.slack.smt2,18.9266,264,1835,成功
/pub/data/jiafq/iscas/Parser_Comparison/../benchmarks/part41/non-incremental/QF_LIA/20180326-Bromberger/more_slacked/CAV_2009_benchmarks/smt/35-vars/v35_problem_2__014.smt2.slack.smt2,19.9647,264,1953,成功
/pub/data/jiafq/iscas/Parser_Comparison/../benchmarks/part41/non-incremental/QF_LIA/20180326-Bromberger/more_slacked/CAV_2009_benchmarks/smt/35-vars/v35_problem_2__015.smt2.slack.smt2,19.074,264,1813,成功
/pub/data/jiafq/iscas/Parser_Comparison/../benchmarks/part41/non-incremental/QF_LIA/20180326-Bromberger/more_slacked/CAV_2009_benchmarks/smt/35-vars/v35_problem_2__016.smt2.slack.smt2,22.4094,264,2268,成功
/pub/data/jiafq/iscas/Parser_Comparison/../benchmarks/part41/non-incremental/QF_LIA/20180326-Bromberger/more_slacked/CAV_2009_benchmarks/smt/35-vars/v35_problem_2__017.smt2.slack.smt2,21.5473,264,2176,成功
/pub/data/jiafq/iscas/Parser_Comparison/../benchmarks/part41/non-incremental/QF_LIA/20180326-Bromberger/more_slacked/CAV_2009_benchmarks/smt/35-vars/v35_problem_2__018.smt2.slack.smt2,21.065,264,2160,成功
/pub/data/jiafq/iscas/Parser_Comparison/../benchmarks/part41/non-incremental/QF_LIA/20180326-Bromberger/more_slacked/CAV_2009_benchmarks/smt/35-vars/v35_problem_2__019.smt2.slack.smt2,20.5717,264,2086,成功
/pub/data/jiafq/iscas/Parser_Comparison/../benchmarks/part41/non-incremental/QF_LIA/20180326-Bromberger/more_slacked/CAV_2009_benchmarks/smt/35-vars/v35_problem_2__020.smt2.slack.smt2,21.5449,264,2232,成功
/pub/data/jiafq/iscas/Parser_Comparison/../benchmarks/part41/non-incremental/QF_LIA/20180326-Bromberger/more_slacked/CAV_2009_benchmarks/smt/35-vars/v35_problem_2__021.smt2.slack.smt2,24.2367,264,2461,成功
/pub/data/jiafq/iscas/Parser_Comparison/../benchmarks/part41/non-incremental/QF_LIA/20180326-Bromberger/more_slacked/CAV_2009_benchmarks/smt/35-vars/v35_problem_2__022.smt2.slack.smt2,23.7074,264,2453,成功
/pub/data/jiafq/iscas/Parser_Comparison/../benchmarks/part41/non-incremental/QF_LIA/20180326-Bromberger/more_slacked/CAV_2009_benchmarks/smt/35-vars/v35_problem_2__023.smt2.slack.smt2,24.0493,264,2473,成功
/pub/data/jiafq/iscas/Parser_Comparison/../benchmarks/part41/non-incremental/QF_LIA/20180326-Bromberger/more_slacked/CAV_2009_benchmarks/smt/35-vars/v35_problem_2__024.smt2.slack.smt2,23.3572,264,2471,成功
/pub/data/jiafq/iscas/Parser_Comparison/../benchmarks/part41/non-incremental/QF_LIA/20180326-Bromberger/more_slacked/CAV_2009_benchmarks/smt/35-vars/v35_problem_2__025.smt2.slack.smt2,22.7478,264,2421,成功
/pub/data/jiafq/iscas/Parser_Comparison/../benchmarks/part41/non-incremental/QF_LIA/20180326-Bromberger/more_slacked/CAV_2009_benchmarks/smt/35-vars/v35_problem_2__026.smt2.slack.smt2,24.5717,264,2662,成功
/pub/data/jiafq/iscas/Parser_Comparison/../benchmarks/part41/non-incremental/QF_LIA/20180326-Bromberger/more_slacked/CAV_2009_benchmarks/smt/35-vars/v35_problem_2__027.smt2.slack.smt2,25.7611,264,2754,成功
/pub/data/jiafq/iscas/Parser_Comparison/../benchmarks/part41/non-incremental/QF_LIA/20180326-Bromberger/more_slacked/CAV_2009_benchmarks/smt/35-vars/v35_problem_2__028.smt2.slack.smt2,25.8391,264,2778,成功
/pub/data/jiafq/iscas/Parser_Comparison/../benchmarks/part41/non-incremental/QF_LIA/20180326-Bromberger/more_slacked/CAV_2009_benchmarks/smt/35-vars/v35_problem_2__029.smt2.slack.smt2,25.9142,264,2764,成功
/pub/data/jiafq/iscas/Parser_Comparison/../benchmarks/part41/non-incremental/QF_LIA/20180326-Bromberger/more_slacked/CAV_2009_benchmarks/smt/35-vars/v35_problem_2__030.smt2.slack.smt2,24.9386,264,2722,成功
/pub/data/jiafq/iscas/Parser_Comparison/../benchmarks/part41/non-incremental/QF_LIA/20180326-Bromberger/more_slacked/CAV_2009_benchmarks/smt/35-vars/v35_problem_2__031.smt2.slack.smt2,27.8077,264,3035,成功
/pub/data/jiafq/iscas/Parser_Comparison/../benchmarks/part41/non-incremental/QF_LIA/20180326-Bromberger/more_slacked/CAV_2009_benchmarks/smt/35-vars/v35_problem_2__032.smt2.slack.smt2,27.4115,264,3041,成功
/pub/data/jiafq/iscas/Parser_Comparison/../benchmarks/part41/non-incremental/QF_LIA/20180326-Bromberger/more_slacked/CAV_2009_benchmarks/smt/35-vars/v35_problem_2__033.smt2.slack.smt2,26.7332,264,2867,成功
/pub/data/jiafq/iscas/Parser_Comparison/../benchmarks/part41/non-incremental/QF_LIA/20180326-Bromberger/more_slacked/CAV_2009_benchmarks/smt/35-vars/v35_problem_2__034.smt2.slack.smt2,28.4824,264,3107,成功
/pub/data/jiafq/iscas/Parser_Comparison/../benchmarks/part41/non-incremental/QF_LIA/20180326-Bromberger/more_slacked/CAV_2009_benchmarks/smt/35-vars/v35_problem_2__035.smt2.slack.smt2,26.9535,264,2901,成功
/pub/data/jiafq/iscas/Parser_Comparison/../benchmarks/part41/non-incremental/QF_LIA/20180326-Bromberger/more_slacked/CAV_2009_benchmarks/smt/35-vars/v35_problem__001.smt2.slack.smt2,15.3928,264,1339,成功
/pub/data/jiafq/iscas/Parser_Comparison/../benchmarks/part41/non-incremental/QF_LIA/20180326-Bromberger/more_slacked/CAV_2009_benchmarks/smt/35-vars/v35_problem__002.smt2.slack.smt2,15.3656,264,1313,成功
/pub/data/jiafq/iscas/Parser_Comparison/../benchmarks/part41/non-incremental/QF_LIA/20180326-Bromberger/more_slacked/CAV_2009_benchmarks/smt/35-vars/v35_problem__003.smt2.slack.smt2,15.631,264,1375,成功
/pub/data/jiafq/iscas/Parser_Comparison/../benchmarks/part41/non-incremental/QF_LIA/20180326-Bromberger/more_slacked/CAV_2009_benchmarks/smt/35-vars/v35_problem__004.smt2.slack.smt2,15.6047,264,1367,成功
/pub/data/jiafq/iscas/Parser_Comparison/../benchmarks/part41/non-incremental/QF_LIA/20180326-Bromberger/more_slacked/CAV_2009_benchmarks/smt/35-vars/v35_problem__005.smt2.slack.smt2,15.8753,264,1379,成功
/pub/data/jiafq/iscas/Parser_Comparison/../benchmarks/part41/non-incremental/QF_LIA/20180326-Bromberger/more_slacked/CAV_2009_benchmarks/smt/35-vars/v35_problem__006.smt2.slack.smt2,17.0319,264,1592,成功
/pub/data/jiafq/iscas/Parser_Comparison/../benchmarks/part41/non-incremental/QF_LIA/20180326-Bromberger/more_slacked/CAV_2009_benchmarks/smt/35-vars/v35_problem__007.smt2.slack.smt2,17.1623,264,1564,成功
/pub/data/jiafq/iscas/Parser_Comparison/../benchmarks/part41/non-incremental/QF_LIA/20180326-Bromberger/more_slacked/CAV_2009_benchmarks/smt/35-vars/v35_problem__008.smt2.slack.smt2,17.7724,264,1644,成功
/pub/data/jiafq/iscas/Parser_Comparison/../benchmarks/part41/non-incremental/QF_LIA/20180326-Bromberger/more_slacked/CAV_2009_benchmarks/smt/35-vars/v35_problem__009.smt2.slack.smt2,17.1385,264,1560,成功
/pub/data/jiafq/iscas/Parser_Comparison/../benchmarks/part41/non-incremental/QF_LIA/20180326-Bromberger/more_slacked/CAV_2009_benchmarks/smt/35-vars/v35_problem__010.smt2.slack.smt2,17.772,264,1654,成功
/pub/data/jiafq/iscas/Parser_Comparison/../benchmarks/part41/non-incremental/QF_LIA/20180326-Bromberger/more_slacked/CAV_2009_benchmarks/smt/35-vars/v35_problem__011.smt2.slack.smt2,19.6662,264,1883,成功
/pub/data/jiafq/iscas/Parser_Comparison/../benchmarks/part41/non-incremental/QF_LIA/20180326-Bromberger/more_slacked/CAV_2009_benchmarks/smt/35-vars/v35_problem__012.smt2.slack.smt2,19.2747,264,1873,成功
/pub/data/jiafq/iscas/Parser_Comparison/../benchmarks/part41/non-incremental/QF_LIA/20180326-Bromberger/more_slacked/CAV_2009_benchmarks/smt/35-vars/v35_problem__013.smt2.slack.smt2,18.8892,264,1831,成功
/pub/data/jiafq/iscas/Parser_Comparison/../benchmarks/part41/non-incremental/QF_LIA/20180326-Bromberger/more_slacked/CAV_2009_benchmarks/smt/35-vars/v35_problem__014.smt2.slack.smt2,19.4764,264,1881,成功
/pub/data/jiafq/iscas/Parser_Comparison/../benchmarks/part41/non-incremental/QF_LIA/20180326-Bromberger/more_slacked/CAV_2009_benchmarks/smt/35-vars/v35_problem__015.smt2.slack.smt2,19.2075,264,1917,成功
/pub/data/jiafq/iscas/Parser_Comparison/../benchmarks/part41/non-incremental/QF_LIA/20180326-Bromberger/more_slacked/CAV_2009_benchmarks/smt/35-vars/v35_problem__016.smt2.slack.smt2,21.2593,264,2164,成功
/pub/data/jiafq/iscas/Parser_Comparison/../benchmarks/part41/non-incremental/QF_LIA/20180326-Bromberger/more_slacked/CAV_2009_benchmarks/smt/35-vars/v35_problem__017.smt2.slack.smt2,21.8639,264,2226,成功
/pub/data/jiafq/iscas/Parser_Comparison/../benchmarks/part41/non-incremental/QF_LIA/20180326-Bromberger/more_slacked/CAV_2009_benchmarks/smt/35-vars/v35_problem__018.smt2.slack.smt2,22.0611,264,2272,成功
/pub/data/jiafq/iscas/Parser_Comparison/../benchmarks/part41/non-incremental/QF_LIA/20180326-Bromberger/more_slacked/CAV_2009_benchmarks/smt/35-vars/v35_problem__019.smt2.slack.smt2,21.559,264,2196,成功
/pub/data/jiafq/iscas/Parser_Comparison/../benchmarks/part41/non-incremental/QF_LIA/20180326-Bromberger/more_slacked/CAV_2009_benchmarks/smt/35-vars/v35_problem__020.smt2.slack.smt2,20.8991,264,2106,成功
/pub/data/jiafq/iscas/Parser_Comparison/../benchmarks/part41/non-incremental/QF_LIA/20180326-Bromberger/more_slacked/CAV_2009_benchmarks/smt/35-vars/v35_problem__021.smt2.slack.smt2,24.2469,264,2461,成功
/pub/data/jiafq/iscas/Parser_Comparison/../benchmarks/part41/non-incremental/QF_LIA/20180326-Bromberger/more_slacked/CAV_2009_benchmarks/smt/35-vars/v35_problem__022.smt2.slack.smt2,24.0464,264,2517,成功
/pub/data/jiafq/iscas/Parser_Comparison/../benchmarks/part41/non-incremental/QF_LIA/20180326-Bromberger/more_slacked/CAV_2009_benchmarks/smt/35-vars/v35_problem__023.smt2.slack.smt2,23.1171,264,2425,成功
/pub/data/jiafq/iscas/Parser_Comparison/../benchmarks/part41/non-incremental/QF_LIA/20180326-Bromberger/more_slacked/CAV_2009_benchmarks/smt/35-vars/v35_problem__024.smt2.slack.smt2,24.3411,264,2539,成功
/pub/data/jiafq/iscas/Parser_Comparison/../benchmarks/part41/non-incremental/QF_LIA/20180326-Bromberger/more_slacked/CAV_2009_benchmarks/smt/35-vars/v35_problem__025.smt2.slack.smt2,23.6506,264,2461,成功
/pub/data/jiafq/iscas/Parser_Comparison/../benchmarks/part41/non-incremental/QF_LIA/20180326-Bromberger/more_slacked/CAV_2009_benchmarks/smt/35-vars/v35_problem__026.smt2.slack.smt2,25.0401,264,2714,成功
/pub/data/jiafq/iscas/Parser_Comparison/../benchmarks/part41/non-incremental/QF_LIA/20180326-Bromberger/more_slacked/CAV_2009_benchmarks/smt/35-vars/v35_problem__027.smt2.slack.smt2,24.9186,264,2662,成功
/pub/data/jiafq/iscas/Parser_Comparison/../benchmarks/part41/non-incremental/QF_LIA/20180326-Bromberger/more_slacked/CAV_2009_benchmarks/smt/35-vars/v35_problem__028.smt2.slack.smt2,25.0485,264,2682,成功
/pub/data/jiafq/iscas/Parser_Comparison/../benchmarks/part41/non-incremental/QF_LIA/20180326-Bromberger/more_slacked/CAV_2009_benchmarks/smt/35-vars/v35_problem__029.smt2.slack.smt2,25.6708,264,2724,成功
/pub/data/jiafq/iscas/Parser_Comparison/../benchmarks/part41/non-incremental/QF_LIA/20180326-Bromberger/more_slacked/CAV_2009_benchmarks/smt/35-vars/v35_problem__030.smt2.slack.smt2,26.1354,264,2798,成功
/pub/data/jiafq/iscas/Parser_Comparison/../benchmarks/part41/non-incremental/QF_LIA/20180326-Bromberger/more_slacked/CAV_2009_benchmarks/smt/35-vars/v35_problem__031.smt2.slack.smt2,27.221,264,2993,成功
/pub/data/jiafq/iscas/Parser_Comparison/../benchmarks/part41/non-incremental/QF_LIA/20180326-Bromberger/more_slacked/CAV_2009_benchmarks/smt/35-vars/v35_problem__032.smt2.slack.smt2,28.578,264,3127,成功
/pub/data/jiafq/iscas/Parser_Comparison/../benchmarks/part41/non-incremental/QF_LIA/20180326-Bromberger/more_slacked/CAV_2009_benchmarks/smt/35-vars/v35_problem__033.smt2.slack.smt2,26.9508,264,2911,成功
/pub/data/jiafq/iscas/Parser_Comparison/../benchmarks/part41/non-incremental/QF_LIA/20180326-Bromberger/more_slacked/CAV_2009_benchmarks/smt/35-vars/v35_problem__034.smt2.slack.smt2,27.0793,264,2955,成功
/pub/data/jiafq/iscas/Parser_Comparison/../benchmarks/part41/non-incremental/QF_LIA/20180326-Bromberger/more_slacked/CAV_2009_benchmarks/smt/35-vars/v35_problem__035.smt2.slack.smt2,26.9752,264,2939,成功
/pub/data/jiafq/iscas/Parser_Comparison/../benchmarks/part41/non-incremental/QF_LIA/20180326-Bromberger/more_slacked/CAV_2009_benchmarks/smt/40-vars/v40_problem_2__001.smt2.slack.smt2,17.7679,264,1575,成功
/pub/data/jiafq/iscas/Parser_Comparison/../benchmarks/part41/non-incremental/QF_LIA/20180326-Bromberger/more_slacked/CAV_2009_benchmarks/smt/40-vars/v40_problem_2__002.smt2.slack.smt2,16.7277,264,1485,成功
/pub/data/jiafq/iscas/Parser_Comparison/../benchmarks/part41/non-incremental/QF_LIA/20180326-Bromberger/more_slacked/CAV_2009_benchmarks/smt/40-vars/v40_problem_2__003.smt2.slack.smt2,16.7201,264,1483,成功
/pub/data/jiafq/iscas/Parser_Comparison/../benchmarks/part41/non-incremental/QF_LIA/20180326-Bromberger/more_slacked/CAV_2009_benchmarks/smt/40-vars/v40_problem_2__004.smt2.slack.smt2,16.5229,264,1459,成功
/pub/data/jiafq/iscas/Parser_Comparison/../benchmarks/part41/non-incremental/QF_LIA/20180326-Bromberger/more_slacked/CAV_2009_benchmarks/smt/40-vars/v40_problem_2__005.smt2.slack.smt2,16.8269,264,1491,成功
/pub/data/jiafq/iscas/Parser_Comparison/../benchmarks/part41/non-incremental/QF_LIA/20180326-Bromberger/more_slacked/CAV_2009_benchmarks/smt/40-vars/v40_problem_2__006.smt2.slack.smt2,19.8786,264,1930,成功
/pub/data/jiafq/iscas/Parser_Comparison/../benchmarks/part41/non-incremental/QF_LIA/20180326-Bromberger/more_slacked/CAV_2009_benchmarks/smt/40-vars/v40_problem_2__007.smt2.slack.smt2,19.7718,264,1894,成功
/pub/data/jiafq/iscas/Parser_Comparison/../benchmarks/part41/non-incremental/QF_LIA/20180326-Bromberger/more_slacked/CAV_2009_benchmarks/smt/40-vars/v40_problem_2__008.smt2.slack.smt2,19.4688,264,1780,成功
/pub/data/jiafq/iscas/Parser_Comparison/../benchmarks/part41/non-incremental/QF_LIA/20180326-Bromberger/more_slacked/CAV_2009_benchmarks/smt/40-vars/v40_problem_2__009.smt2.slack.smt2,19.2671,264,1808,成功
/pub/data/jiafq/iscas/Parser_Comparison/../benchmarks/part41/non-incremental/QF_LIA/20180326-Bromberger/more_slacked/CAV_2009_benchmarks/smt/40-vars/v40_problem_2__010.smt2.slack.smt2,19.1507,264,1796,成功
/pub/data/jiafq/iscas/Parser_Comparison/../benchmarks/part41/non-incremental/QF_LIA/20180326-Bromberger/more_slacked/CAV_2009_benchmarks/smt/40-vars/v40_problem_2__011.smt2.slack.smt2,21.5311,264,2045,成功
/pub/data/jiafq/iscas/Parser_Comparison/../benchmarks/part41/non-incremental/QF_LIA/20180326-Bromberger/more_slacked/CAV_2009_benchmarks/smt/40-vars/v40_problem_2__012.smt2.slack.smt2,20.9234,264,2103,成功
/pub/data/jiafq/iscas/Parser_Comparison/../benchmarks/part41/non-incremental/QF_LIA/20180326-Bromberger/more_slacked/CAV_2009_benchmarks/smt/40-vars/v40_problem_2__013.smt2.slack.smt2,20.9031,264,2087,成功
/pub/data/jiafq/iscas/Parser_Comparison/../benchmarks/part41/non-incremental/QF_LIA/20180326-Bromberger/more_slacked/CAV_2009_benchmarks/smt/40-vars/v40_problem_2__014.smt2.slack.smt2,21.2193,264,2135,成功
/pub/data/jiafq/iscas/Parser_Comparison/../benchmarks/part41/non-incremental/QF_LIA/20180326-Bromberger/more_slacked/CAV_2009_benchmarks/smt/40-vars/v40_problem_2__015.smt2.slack.smt2,21.3339,264,2125,成功
/pub/data/jiafq/iscas/Parser_Comparison/../benchmarks/part41/non-incremental/QF_LIA/20180326-Bromberger/more_slacked/CAV_2009_benchmarks/smt/40-vars/v40_problem_2__016.smt2.slack.smt2,23.7997,264,2438,成功
/pub/data/jiafq/iscas/Parser_Comparison/../benchmarks/part41/non-incremental/QF_LIA/20180326-Bromberger/more_slacked/CAV_2009_benchmarks/smt/40-vars/v40_problem_2__017.smt2.slack.smt2,24.5621,264,2544,成功
/pub/data/jiafq/iscas/Parser_Comparison/../benchmarks/part41/non-incremental/QF_LIA/20180326-Bromberger/more_slacked/CAV_2009_benchmarks/smt/40-vars/v40_problem_2__018.smt2.slack.smt2,23.3657,264,2374,成功
/pub/data/jiafq/iscas/Parser_Comparison/../benchmarks/part41/non-incremental/QF_LIA/20180326-Bromberger/more_slacked/CAV_2009_benchmarks/smt/40-vars/v40_problem_2__019.smt2.slack.smt2,23.9639,264,2504,成功
/pub/data/jiafq/iscas/Parser_Comparison/../benchmarks/part41/non-incremental/QF_LIA/20180326-Bromberger/more_slacked/CAV_2009_benchmarks/smt/40-vars/v40_problem_2__020.smt2.slack.smt2,23.7749,264,2464,成功
/pub/data/jiafq/iscas/Parser_Comparison/../benchmarks/part41/non-incremental/QF_LIA/20180326-Bromberger/more_slacked/CAV_2009_benchmarks/smt/40-vars/v40_problem_2__021.smt2.slack.smt2,25.8691,264,2735,成功
/pub/data/jiafq/iscas/Parser_Comparison/../benchmarks/part41/non-incremental/QF_LIA/20180326-Bromberger/more_slacked/CAV_2009_benchmarks/smt/40-vars/v40_problem_2__022.smt2.slack.smt2,25.0866,264,2699,成功
/pub/data/jiafq/iscas/Parser_Comparison/../benchmarks/part41/non-incremental/QF_LIA/20180326-Bromberger/more_slacked/CAV_2009_benchmarks/smt/40-vars/v40_problem_2__023.smt2.slack.smt2,25.8822,264,2773,成功
/pub/data/jiafq/iscas/Parser_Comparison/../benchmarks/part41/non-incremental/QF_LIA/20180326-Bromberger/more_slacked/CAV_2009_benchmarks/smt/40-vars/v40_problem_2__024.smt2.slack.smt2,26.8731,264,2885,成功
/pub/data/jiafq/iscas/Parser_Comparison/../benchmarks/part41/non-incremental/QF_LIA/20180326-Bromberger/more_slacked/CAV_2009_benchmarks/smt/40-vars/v40_problem_2__025.smt2.slack.smt2,26.3064,264,2759,成功
/pub/data/jiafq/iscas/Parser_Comparison/../benchmarks/part41/non-incremental/QF_LIA/20180326-Bromberger/more_slacked/CAV_2009_benchmarks/smt/40-vars/v40_problem_2__026.smt2.slack.smt2,29.0403,264,3120,成功
/pub/data/jiafq/iscas/Parser_Comparison/../benchmarks/part41/non-incremental/QF_LIA/20180326-Bromberger/more_slacked/CAV_2009_benchmarks/smt/40-vars/v40_problem_2__027.smt2.slack.smt2,29.7625,264,3158,成功
/pub/data/jiafq/iscas/Parser_Comparison/../benchmarks/part41/non-incremental/QF_LIA/20180326-Bromberger/more_slacked/CAV_2009_benchmarks/smt/40-vars/v40_problem_2__028.smt2.slack.smt2,29.4061,264,3092,成功
/pub/data/jiafq/iscas/Parser_Comparison/../benchmarks/part41/non-incremental/QF_LIA/20180326-Bromberger/more_slacked/CAV_2009_benchmarks/smt/40-vars/v40_problem_2__029.smt2.slack.smt2,29.247,264,3160,成功
/pub/data/jiafq/iscas/Parser_Comparison/../benchmarks/part41/non-incremental/QF_LIA/20180326-Bromberger/more_slacked/CAV_2009_benchmarks/smt/40-vars/v40_problem_2__030.smt2.slack.smt2,28.8439,264,3034,成功
/pub/data/jiafq/iscas/Parser_Comparison/../benchmarks/part41/non-incremental/QF_LIA/20180326-Bromberger/more_slacked/CAV_2009_benchmarks/smt/40-vars/v40_problem_2__031.smt2.slack.smt2,31.5025,264,3423,成功
/pub/data/jiafq/iscas/Parser_Comparison/../benchmarks/part41/non-incremental/QF_LIA/20180326-Bromberger/more_slacked/CAV_2009_benchmarks/smt/40-vars/v40_problem_2__032.smt2.slack.smt2,32.8705,264,3535,成功
/pub/data/jiafq/iscas/Parser_Comparison/../benchmarks/part41/non-incremental/QF_LIA/20180326-Bromberger/more_slacked/CAV_2009_benchmarks/smt/40-vars/v40_problem_2__033.smt2.slack.smt2,31.3387,264,3395,成功
平均值,213.364,3240.47,83821.9,97.5833%
