文件名,解析时间(ms),内存使用(KB),AST节点数量,结果
/pub/data/jiafq/iscas/Parser_Comparison/../benchmarks/part75/non-incremental/QF_NIA/LCTES/digital-stopwatch.locals.nosummaries.smt2,0,0,0,失败
/pub/data/jiafq/iscas/Parser_Comparison/../benchmarks/part75/non-incremental/QF_NIA/LCTES/digital-stopwatch.locals.smt2,0,0,0,失败
/pub/data/jiafq/iscas/Parser_Comparison/../benchmarks/part75/non-incremental/QF_NIA/LassoRanker/PodelskiRybalchenko-LICS2004-Fig2-TACAS2011-Fig3_true-termination.c_Iteration11_Loop+nonterminationTemplate_0.smt2,20.6921,264,1837,成功
/pub/data/jiafq/iscas/Parser_Comparison/../benchmarks/part75/non-incremental/QF_NIA/LassoRanker/PodelskiRybalchenko-LICS2004-Fig2-TACAS2011-Fig3_true-termination.c_Iteration12_Loop+nonterminationTemplate_0.smt2,19.995,264,1837,成功
/pub/data/jiafq/iscas/Parser_Comparison/../benchmarks/part75/non-incremental/QF_NIA/LassoRanker/PodelskiRybalchenko-LICS2004-Fig2-TACAS2011-Fig3_true-termination.c_Iteration3_Loop+nonterminationTemplate_0.smt2,20.7124,264,1837,成功
/pub/data/jiafq/iscas/Parser_Comparison/../benchmarks/part75/non-incremental/QF_NIA/LassoRanker/PodelskiRybalchenko-LICS2004-Fig2-TACAS2011-Fig3_true-termination.c_Iteration4_Loop+nonterminationTemplate_0.smt2,20.8671,264,1837,成功
/pub/data/jiafq/iscas/Parser_Comparison/../benchmarks/part75/non-incremental/QF_NIA/LassoRanker/PodelskiRybalchenko-LICS2004-Fig2-TACAS2011-Fig3_true-termination.c_Iteration5_Loop+nonterminationTemplate_0.smt2,20.6335,264,1837,成功
/pub/data/jiafq/iscas/Parser_Comparison/../benchmarks/part75/non-incremental/QF_NIA/LassoRanker/PodelskiRybalchenko-LICS2004-Fig2-TACAS2011-Fig3_true-termination.c_Iteration6_Loop+nonterminationTemplate_0.smt2,20.3125,264,1837,成功
/pub/data/jiafq/iscas/Parser_Comparison/../benchmarks/part75/non-incremental/QF_NIA/LassoRanker/PodelskiRybalchenko-LICS2004-Fig2-TACAS2011-Fig3_true-termination.c_Iteration7_Loop+nonterminationTemplate_0.smt2,20.7074,264,1837,成功
/pub/data/jiafq/iscas/Parser_Comparison/../benchmarks/part75/non-incremental/QF_NIA/LassoRanker/PodelskiRybalchenko-LICS2004-Fig2-TACAS2011-Fig3_true-termination.c_Iteration8_Loop+nonterminationTemplate_0.smt2,21.6317,264,1837,成功
/pub/data/jiafq/iscas/Parser_Comparison/../benchmarks/part75/non-incremental/QF_NIA/LassoRanker/PodelskiRybalchenko-LICS2004-Fig2-TACAS2011-Fig3_true-termination.c_Iteration9_Loop+nonterminationTemplate_0.smt2,20.34,264,1837,成功
/pub/data/jiafq/iscas/Parser_Comparison/../benchmarks/part75/non-incremental/QF_NIA/LassoRanker/PodelskiRybalchenko-LICS2004-Fig2_true-termination.c_Iteration10_Loop+nonterminationTemplate_0.smt2,20.5247,264,1837,成功
/pub/data/jiafq/iscas/Parser_Comparison/../benchmarks/part75/non-incremental/QF_NIA/LassoRanker/PodelskiRybalchenko-LICS2004-Fig2_true-termination.c_Iteration11_Loop+nonterminationTemplate_0.smt2,21.0388,264,1837,成功
/pub/data/jiafq/iscas/Parser_Comparison/../benchmarks/part75/non-incremental/QF_NIA/LassoRanker/PodelskiRybalchenko-LICS2004-Fig2_true-termination.c_Iteration12_Loop+nonterminationTemplate_0.smt2,20.6742,264,1837,成功
/pub/data/jiafq/iscas/Parser_Comparison/../benchmarks/part75/non-incremental/QF_NIA/LassoRanker/PodelskiRybalchenko-LICS2004-Fig2_true-termination.c_Iteration13_Loop+nonterminationTemplate_0.smt2,19.1252,264,1656,成功
/pub/data/jiafq/iscas/Parser_Comparison/../benchmarks/part75/non-incremental/QF_NIA/LassoRanker/PodelskiRybalchenko-LICS2004-Fig2_true-termination.c_Iteration2_Loop+nonterminationTemplate_0.smt2,18.903,264,1656,成功
/pub/data/jiafq/iscas/Parser_Comparison/../benchmarks/part75/non-incremental/QF_NIA/LassoRanker/PodelskiRybalchenko-LICS2004-Fig2_true-termination.c_Iteration3_Loop+nonterminationTemplate_0.smt2,20.7224,264,1837,成功
/pub/data/jiafq/iscas/Parser_Comparison/../benchmarks/part75/non-incremental/QF_NIA/LassoRanker/PodelskiRybalchenko-LICS2004-Fig2_true-termination.c_Iteration4_Loop+nonterminationTemplate_0.smt2,20.9014,264,1837,成功
/pub/data/jiafq/iscas/Parser_Comparison/../benchmarks/part75/non-incremental/QF_NIA/LassoRanker/PodelskiRybalchenko-LICS2004-Fig2_true-termination.c_Iteration6_Loop+nonterminationTemplate_0.smt2,20.9417,264,1837,成功
/pub/data/jiafq/iscas/Parser_Comparison/../benchmarks/part75/non-incremental/QF_NIA/LassoRanker/PodelskiRybalchenko-LICS2004-Fig2_true-termination.c_Iteration7_Loop+nonterminationTemplate_0.smt2,21.3478,264,1837,成功
/pub/data/jiafq/iscas/Parser_Comparison/../benchmarks/part75/non-incremental/QF_NIA/LassoRanker/PodelskiRybalchenko-LICS2004-Fig2_true-termination.c_Iteration9_Loop+nonterminationTemplate_0.smt2,20.8879,264,1837,成功
/pub/data/jiafq/iscas/Parser_Comparison/../benchmarks/part75/non-incremental/QF_NIA/LassoRanker/PodelskiRybalchenko-VMCAI2004-Ex1_true-termination.c_Iteration1_Loop+nonterminationTemplate_0.smt2,32.8419,264,2942,成功
/pub/data/jiafq/iscas/Parser_Comparison/../benchmarks/part75/non-incremental/QF_NIA/LassoRanker/PodelskiRybalchenko-VMCAI2004-Ex1_true-termination.c_Iteration2_Loop+nonterminationTemplate_0.smt2,33.1469,264,2942,成功
/pub/data/jiafq/iscas/Parser_Comparison/../benchmarks/part75/non-incremental/QF_NIA/LassoRanker/PodelskiRybalchenko-VMCAI2004-Ex1_true-termination.c_Iteration3_Loop+nonterminationTemplate_0.smt2,32.3198,264,2942,成功
/pub/data/jiafq/iscas/Parser_Comparison/../benchmarks/part75/non-incremental/QF_NIA/LassoRanker/PodelskiRybalchenko-VMCAI2004-Ex1_true-termination.c_Iteration4_Loop+nonterminationTemplate_0.smt2,33.1225,264,2942,成功
/pub/data/jiafq/iscas/Parser_Comparison/../benchmarks/part75/non-incremental/QF_NIA/LassoRanker/PodelskiRybalchenko-VMCAI2004-Ex1_true-termination.c_Iteration5_Loop+nonterminationTemplate_0.smt2,32.8252,264,2942,成功
/pub/data/jiafq/iscas/Parser_Comparison/../benchmarks/part75/non-incremental/QF_NIA/LassoRanker/PodelskiRybalchenko-VMCAI2004-Ex1_true-termination.c_Iteration6_Loop+nonterminationTemplate_0.smt2,32.9893,264,2942,成功
/pub/data/jiafq/iscas/Parser_Comparison/../benchmarks/part75/non-incremental/QF_NIA/LassoRanker/PodelskiRybalchenko-VMCAI2004-Ex1_true-termination.c_Iteration7_Loop+nonterminationTemplate_0.smt2,32.9328,264,2942,成功
/pub/data/jiafq/iscas/Parser_Comparison/../benchmarks/part75/non-incremental/QF_NIA/LassoRanker/PodelskiRybalchenko-VMCAI2004-Ex1_true-termination.c_Iteration8_Loop+nonterminationTemplate_0.smt2,32.9671,264,2942,成功
/pub/data/jiafq/iscas/Parser_Comparison/../benchmarks/part75/non-incremental/QF_NIA/LassoRanker/Pure3Phase_true-termination.c_Iteration1_Loop+nonterminationTemplate_0.smt2,12.856,264,1000,成功
/pub/data/jiafq/iscas/Parser_Comparison/../benchmarks/part75/non-incremental/QF_NIA/LassoRanker/Pure3Phase_true-termination.c_Iteration4_Loop+nonterminationTemplate_0.smt2,13.02,264,1000,成功
/pub/data/jiafq/iscas/Parser_Comparison/../benchmarks/part75/non-incremental/QF_NIA/LassoRanker/Pure3Phase_true-termination.c_Iteration5_Loop+nonterminationTemplate_0.smt2,13.1485,264,1000,成功
/pub/data/jiafq/iscas/Parser_Comparison/../benchmarks/part75/non-incremental/QF_NIA/LassoRanker/Pure3Phase_true-termination.c_Iteration6_Loop+nonterminationTemplate_0.smt2,14.1444,264,1139,成功
/pub/data/jiafq/iscas/Parser_Comparison/../benchmarks/part75/non-incremental/QF_NIA/LassoRanker/Pure3Phase_true-termination.c_Iteration7_Loop+nonterminationTemplate_0.smt2,16.0816,264,1278,成功
/pub/data/jiafq/iscas/Parser_Comparison/../benchmarks/part75/non-incremental/QF_NIA/LassoRanker/Pure3Phase_true-termination.c_Iteration8_Loop+nonterminationTemplate_0.smt2,15.9142,264,1278,成功
/pub/data/jiafq/iscas/Parser_Comparison/../benchmarks/part75/non-incremental/QF_NIA/LassoRanker/Stockholm_true-termination.c_Iteration1_Lasso+nonterminationTemplate_0.smt2,7.63798,264,476,成功
/pub/data/jiafq/iscas/Parser_Comparison/../benchmarks/part75/non-incremental/QF_NIA/LassoRanker/Swingers_false-termination.c_Iteration1_Lasso+nonterminationTemplate_0.smt2,15.0023,264,1132,成功
/pub/data/jiafq/iscas/Parser_Comparison/../benchmarks/part75/non-incremental/QF_NIA/LassoRanker/Swingers_false-termination.c_Iteration1_Loop+nonterminationTemplate_0.smt2,13.3159,264,1000,成功
/pub/data/jiafq/iscas/Parser_Comparison/../benchmarks/part75/non-incremental/QF_NIA/UltimateAutomizer/gauss_sum_true-unreach-call.i.smt2,28.1348,528,1740,成功
/pub/data/jiafq/iscas/Parser_Comparison/../benchmarks/part75/non-incremental/QF_NIA/UltimateAutomizer/linear_sea.ch_true-unreach-call.i_162.smt2,0,0,0,失败
/pub/data/jiafq/iscas/Parser_Comparison/../benchmarks/part75/non-incremental/QF_NIA/UltimateAutomizer/linear_sea.ch_true-unreach-call.i_163.smt2,0,0,0,失败
/pub/data/jiafq/iscas/Parser_Comparison/../benchmarks/part75/non-incremental/QF_NIA/UltimateAutomizer/linear_sea.ch_true-unreach-call.i_164.smt2,0,0,0,失败
/pub/data/jiafq/iscas/Parser_Comparison/../benchmarks/part75/non-incremental/QF_NIA/UltimateAutomizer/linear_sea.ch_true-unreach-call.i_75.smt2,0,0,0,失败
/pub/data/jiafq/iscas/Parser_Comparison/../benchmarks/part75/non-incremental/QF_NIA/UltimateAutomizer/linear_sea.ch_true-unreach-call.i_76.smt2,0,0,0,失败
/pub/data/jiafq/iscas/Parser_Comparison/../benchmarks/part75/non-incremental/QF_NIA/UltimateAutomizer/linear_sea.ch_true-unreach-call.i_77.smt2,0,0,0,失败
/pub/data/jiafq/iscas/Parser_Comparison/../benchmarks/part75/non-incremental/QF_NIA/UltimateLassoRanker/Avery-2006FLOPS-Tabel1_true-alloca_true-termination.c.i_Iteration2_Lasso+nonterminationTemplate.smt2,12295.2,716,1492350,成功
/pub/data/jiafq/iscas/Parser_Comparison/../benchmarks/part75/non-incremental/QF_NIA/UltimateLassoRanker/Ben-Amram-2010LMCS-Ex2.3-alloca_true-termination.c.i_Iteration4_Lasso+nonterminationTemplate.smt2,2355.49,872,290250,成功
/pub/data/jiafq/iscas/Parser_Comparison/../benchmarks/part75/non-incremental/QF_NIA/UltimateLassoRanker/BradleyMannaSipma-2005CAV-Fig1-alloca_unknown-termination.c.i_Iteration5_Lasso+nonterminationTemplate.smt2,2957.67,880,367326,成功
/pub/data/jiafq/iscas/Parser_Comparison/../benchmarks/part75/non-incremental/QF_NIA/UltimateLassoRanker/BradleyMannaSipma-2005CAV-Fig1-modified-alloca_unknown-termination.c.i_Iteration1_Lasso+nonterminationTemplate.smt2,382.438,528,43888,成功
/pub/data/jiafq/iscas/Parser_Comparison/../benchmarks/part75/non-incremental/QF_NIA/UltimateLassoRanker/BradleyMannaSipma-2005ICALP-Fig1-alloca_unknown-termination.c.i_Iteration1_Lasso+nonterminationTemplate.smt2,307.299,264,37308,成功
/pub/data/jiafq/iscas/Parser_Comparison/../benchmarks/part75/non-incremental/QF_NIA/UltimateLassoRanker/BrockschmidtCookFuhs-2013CAV-Fig1-alloca_true-termination.c.i_Iteration3_Lasso+nonterminationTemplate.smt2,1352.82,264,160558,成功
/pub/data/jiafq/iscas/Parser_Comparison/../benchmarks/part75/non-incremental/QF_NIA/UltimateLassoRanker/ChenFlurMukhopadhyay-2012SAS-Fig1-alloca_true-termination.c.i_Iteration1_Lasso+nonterminationTemplate.smt2,1736.94,792,202764,成功
/pub/data/jiafq/iscas/Parser_Comparison/../benchmarks/part75/non-incremental/QF_NIA/UltimateLassoRanker/CookSeeZuleger-2013TACAS-Fig7a-alloca_true-termination.c.i_Iteration8_Lasso+nonterminationTemplate.smt2,3034.83,784,363390,成功
/pub/data/jiafq/iscas/Parser_Comparison/../benchmarks/part75/non-incremental/QF_NIA/UltimateLassoRanker/GulwaniJainKoskinen-2009PLDI-Fig1-alloca_true-termination.c.i_Iteration3_Lasso+nonterminationTemplate.smt2,3925.75,788,467070,成功
/pub/data/jiafq/iscas/Parser_Comparison/../benchmarks/part75/non-incremental/QF_NIA/UltimateLassoRanker/HarrisLalNoriRajamani-2010SAS-Fig2-alloca_unknown-termination.c.i_Iteration2_Lasso+nonterminationTemplate.smt2,257.69,264,30184,成功
/pub/data/jiafq/iscas/Parser_Comparison/../benchmarks/part75/non-incremental/QF_NIA/UltimateLassoRanker/LarrazOliverasRodriguez-CarbonellRubio-2013FMCAD-Fig1-alloca_unknown-termination.c.i_Iteration4_Lasso+nonterminationTemplate.smt2,2128.82,652,258510,成功
/pub/data/jiafq/iscas/Parser_Comparison/../benchmarks/part75/non-incremental/QF_NIA/UltimateLassoRanker/LarrazOliverasRodriguez-CarbonellRubio-2013FMCAD-Fig1-alloca_unknown-termination.c.i_Iteration6_Lasso+nonterminationTemplate.smt2,2417.54,644,303894,成功
/pub/data/jiafq/iscas/Parser_Comparison/../benchmarks/part75/non-incremental/QF_NIA/UltimateLassoRanker/LarrazOliverasRodriguez-CarbonellRubio-2013FMCAD-Fig1-alloca_unknown-termination.c.i_Iteration7_Lasso+nonterminationTemplate.smt2,2404.23,652,305076,成功
/pub/data/jiafq/iscas/Parser_Comparison/../benchmarks/part75/non-incremental/QF_NIA/UltimateLassoRanker/Masse-alloca_true-termination.c.i_Iteration1_Lasso+nonterminationTemplate.smt2,53.8731,264,5408,成功
/pub/data/jiafq/iscas/Parser_Comparison/../benchmarks/part75/non-incremental/QF_NIA/UltimateLassoRanker/PodelskiRybalchenko-2004VMCAI-Ex2-alloca_false-termination.c.i_Iteration1_Lasso+nonterminationTemplate.smt2,38.2245,264,3520,成功
/pub/data/jiafq/iscas/Parser_Comparison/../benchmarks/part75/non-incremental/QF_NIA/UltimateLassoRanker/Urban-2013WST-Fig1-alloca_false-termination.c.i_Iteration1_Lasso+nonterminationTemplate.smt2,27.751,264,2486,成功
/pub/data/jiafq/iscas/Parser_Comparison/../benchmarks/part75/non-incremental/QF_NIA/UltimateLassoRanker/Velroyen-alloca_false-termination.c.i_Iteration2_Lasso+nonterminationTemplate.smt2,37.1332,264,3559,成功
/pub/data/jiafq/iscas/Parser_Comparison/../benchmarks/part75/non-incremental/QF_NIA/UltimateLassoRanker/a.06-alloca_true-termination.c.i_Iteration1_Lasso+nonterminationTemplate.smt2,16301.3,784,1827390,成功
/pub/data/jiafq/iscas/Parser_Comparison/../benchmarks/part75/non-incremental/QF_NIA/UltimateLassoRanker/a.07-alloca_true-termination.c.i_Iteration2_Lasso+nonterminationTemplate.smt2,17141.7,804,1898454,成功
/pub/data/jiafq/iscas/Parser_Comparison/../benchmarks/part75/non-incremental/QF_NIA/UltimateLassoRanker/b.07-alloca_true-termination.c.i_Iteration2_Lasso+nonterminationTemplate.smt2,16694.6,816,1898454,成功
/pub/data/jiafq/iscas/Parser_Comparison/../benchmarks/part75/non-incremental/QF_NIA/UltimateLassoRanker/b.09-no-inv_assume-alloca_true-termination.c.i_Iteration4_Lasso+nonterminationTemplate.smt2,3209.32,660,368694,成功
/pub/data/jiafq/iscas/Parser_Comparison/../benchmarks/part75/non-incremental/QF_NIA/UltimateLassoRanker/b.13-alloca_true-termination.c.i_Iteration1_Lasso+nonterminationTemplate.smt2,13453,748,1557036,成功
/pub/data/jiafq/iscas/Parser_Comparison/../benchmarks/part75/non-incremental/QF_NIA/UltimateLassoRanker/b.15-alloca_true-termination.c.i_Iteration4_Lasso+nonterminationTemplate.smt2,16648.4,816,1954470,成功
/pub/data/jiafq/iscas/Parser_Comparison/../benchmarks/part75/non-incremental/QF_NIA/UltimateLassoRanker/b.17-alloca_true-termination.c.i_Iteration2_Lasso+nonterminationTemplate.smt2,15467.2,788,1842438,成功
/pub/data/jiafq/iscas/Parser_Comparison/../benchmarks/part75/non-incremental/QF_NIA/UltimateLassoRanker/c.03-alloca_true-termination.c.i_Iteration1_Lasso+nonterminationTemplate.smt2,15619.9,804,1842438,成功
/pub/data/jiafq/iscas/Parser_Comparison/../benchmarks/part75/non-incremental/QF_NIA/UltimateLassoRanker/diff-alloca_true-termination.c.i_Iteration7_Lasso+nonterminationTemplate.smt2,5015.83,712,675670,成功
/pub/data/jiafq/iscas/Parser_Comparison/../benchmarks/part75/non-incremental/QF_NIA/UltimateLassoRanker/flag-alloca_true-termination.c.i_Iteration1_Lasso+nonterminationTemplate.smt2,22260.8,876,2857062,成功
/pub/data/jiafq/iscas/Parser_Comparison/../benchmarks/part75/non-incremental/QF_NIA/UltimateLassoRanker/java_AG313-alloca_true-termination.c.i_Iteration2_Lasso+nonterminationTemplate.smt2,3270.98,636,427398,成功
/pub/data/jiafq/iscas/Parser_Comparison/../benchmarks/part75/non-incremental/QF_NIA/UltimateLassoRanker/openbsd_cstpncpy-alloca_true-termination.c.i_Iteration1_Lasso+nonterminationTemplate.smt2,3251.33,1184,380954,成功
/pub/data/jiafq/iscas/Parser_Comparison/../benchmarks/part75/non-incremental/QF_NIA/UltimateLassoRanker/openbsd_cstrstr-alloca_true-termination.c.i_Iteration8_Lasso+nonterminationTemplate.smt2,11288.1,2112,1357002,成功
/pub/data/jiafq/iscas/Parser_Comparison/../benchmarks/part75/non-incremental/QF_NIA/UltimateLassoRanker/substring-alloca_true-termination.c.i_Iteration5_Lasso+nonterminationTemplate.smt2,3466.13,664,427176,成功
/pub/data/jiafq/iscas/Parser_Comparison/../benchmarks/part75/non-incremental/QF_NIA/UltimateLassoRanker/twisted-alloca_true-termination.c.i_Iteration2_Lasso+nonterminationTemplate.smt2,10186.7,788,1392576,成功
/pub/data/jiafq/iscas/Parser_Comparison/../benchmarks/part75/non-incremental/QF_NIA/leipzig/term-0Awwcv.smt2,18.2447,528,1028,成功
/pub/data/jiafq/iscas/Parser_Comparison/../benchmarks/part75/non-incremental/QF_NIA/leipzig/term-0BB4ks.smt2,63.6075,1320,3677,成功
/pub/data/jiafq/iscas/Parser_Comparison/../benchmarks/part75/non-incremental/QF_NIA/leipzig/term-0Hb4yp.smt2,4.63223,264,215,成功
/pub/data/jiafq/iscas/Parser_Comparison/../benchmarks/part75/non-incremental/QF_NIA/leipzig/term-0iwxZS.smt2,22.722,528,1291,成功
/pub/data/jiafq/iscas/Parser_Comparison/../benchmarks/part75/non-incremental/QF_NIA/leipzig/term-3qaBfW.smt2,5.96261,264,300,成功
/pub/data/jiafq/iscas/Parser_Comparison/../benchmarks/part75/non-incremental/QF_NIA/leipzig/term-3rtjVi.smt2,6.84023,264,362,成功
/pub/data/jiafq/iscas/Parser_Comparison/../benchmarks/part75/non-incremental/QF_NIA/leipzig/term-3wwoHp.smt2,82.4673,1848,4959,成功
/pub/data/jiafq/iscas/Parser_Comparison/../benchmarks/part75/non-incremental/QF_NIA/leipzig/term-44GWq9.smt2,14.6623,264,803,成功
/pub/data/jiafq/iscas/Parser_Comparison/../benchmarks/part75/non-incremental/QF_NIA/leipzig/term-47h0ua.smt2,33.4065,792,1989,成功
/pub/data/jiafq/iscas/Parser_Comparison/../benchmarks/part75/non-incremental/QF_NIA/leipzig/term-4AzLVe.smt2,9.47165,264,530,成功
/pub/data/jiafq/iscas/Parser_Comparison/../benchmarks/part75/non-incremental/QF_NIA/leipzig/term-4LNX6G.smt2,5.23424,264,236,成功
/pub/data/jiafq/iscas/Parser_Comparison/../benchmarks/part75/non-incremental/QF_NIA/leipzig/term-4Th0Gp.smt2,26.3441,528,1539,成功
/pub/data/jiafq/iscas/Parser_Comparison/../benchmarks/part75/non-incremental/QF_NIA/leipzig/term-4UoYtH.smt2,10.7322,264,590,成功
/pub/data/jiafq/iscas/Parser_Comparison/../benchmarks/part75/non-incremental/QF_NIA/leipzig/term-4d0iwO.smt2,6.99115,264,371,成功
/pub/data/jiafq/iscas/Parser_Comparison/../benchmarks/part75/non-incremental/QF_NIA/leipzig/term-5Luqnl.smt2,5.79286,264,281,成功
/pub/data/jiafq/iscas/Parser_Comparison/../benchmarks/part75/non-incremental/QF_NIA/leipzig/term-607QpU.smt2,33.8533,792,1988,成功
/pub/data/jiafq/iscas/Parser_Comparison/../benchmarks/part75/non-incremental/QF_NIA/leipzig/term-6k3pKM.smt2,21.5743,528,1249,成功
/pub/data/jiafq/iscas/Parser_Comparison/../benchmarks/part75/non-incremental/QF_NIA/leipzig/term-6mYU5G.smt2,11.0011,264,608,成功
/pub/data/jiafq/iscas/Parser_Comparison/../benchmarks/part75/non-incremental/QF_NIA/leipzig/term-6zE855.smt2,15.3458,264,893,成功
/pub/data/jiafq/iscas/Parser_Comparison/../benchmarks/part75/non-incremental/QF_NIA/leipzig/term-71B6am.smt2,16.0549,264,875,成功
/pub/data/jiafq/iscas/Parser_Comparison/../benchmarks/part75/non-incremental/QF_NIA/leipzig/term-7DXK1v.smt2,36.473,792,2112,成功
/pub/data/jiafq/iscas/Parser_Comparison/../benchmarks/part75/non-incremental/QF_NIA/leipzig/term-7fXGzy.smt2,6.37293,264,335,成功
/pub/data/jiafq/iscas/Parser_Comparison/../benchmarks/part75/non-incremental/QF_NIA/leipzig/term-7njo7V.smt2,5.18417,264,257,成功
/pub/data/jiafq/iscas/Parser_Comparison/../benchmarks/part75/non-incremental/QF_NIA/leipzig/term-7zXPfO.smt2,9.60374,264,507,成功
/pub/data/jiafq/iscas/Parser_Comparison/../benchmarks/part75/non-incremental/QF_NIA/leipzig/term-87NL0Z.smt2,145.797,2904,8675,成功
/pub/data/jiafq/iscas/Parser_Comparison/../benchmarks/part75/non-incremental/QF_NIA/leipzig/term-8UXrgn.smt2,12.8593,264,740,成功
/pub/data/jiafq/iscas/Parser_Comparison/../benchmarks/part75/non-incremental/QF_NIA/leipzig/term-9AOvYh.smt2,5.17988,264,257,成功
/pub/data/jiafq/iscas/Parser_Comparison/../benchmarks/part75/non-incremental/QF_NIA/leipzig/term-9mUXbx.smt2,16.7778,264,928,成功
/pub/data/jiafq/iscas/Parser_Comparison/../benchmarks/part75/non-incremental/QF_NIA/leipzig/term-9uFTFt.smt2,34.4303,792,2038,成功
/pub/data/jiafq/iscas/Parser_Comparison/../benchmarks/part75/non-incremental/QF_NIA/leipzig/term-AlRgl3.smt2,25.1174,528,1471,成功
/pub/data/jiafq/iscas/Parser_Comparison/../benchmarks/part75/non-incremental/QF_NIA/leipzig/term-Aon9bM.smt2,7.65538,264,385,成功
/pub/data/jiafq/iscas/Parser_Comparison/../benchmarks/part75/non-incremental/QF_NIA/leipzig/term-AvoWGH.smt2,5.63121,264,290,成功
/pub/data/jiafq/iscas/Parser_Comparison/../benchmarks/part75/non-incremental/QF_NIA/leipzig/term-AwuLMZ.smt2,14.7884,264,828,成功
/pub/data/jiafq/iscas/Parser_Comparison/../benchmarks/part75/non-incremental/QF_NIA/leipzig/term-BKc7xf.smt2,162.271,3492,9503,成功
/pub/data/jiafq/iscas/Parser_Comparison/../benchmarks/part75/non-incremental/QF_NIA/leipzig/term-BWHEfg.smt2,12.0583,264,662,成功
/pub/data/jiafq/iscas/Parser_Comparison/../benchmarks/part75/non-incremental/QF_NIA/leipzig/term-BjWYcv.smt2,5.91421,264,293,成功
/pub/data/jiafq/iscas/Parser_Comparison/../benchmarks/part75/non-incremental/QF_NIA/leipzig/term-BpsRn7.smt2,47.8244,1056,2819,成功
/pub/data/jiafq/iscas/Parser_Comparison/../benchmarks/part75/non-incremental/QF_NIA/leipzig/term-CrNtep.smt2,5.1403,264,244,成功
/pub/data/jiafq/iscas/Parser_Comparison/../benchmarks/part75/non-incremental/QF_NIA/leipzig/term-DtOD2C.smt2,5.44429,264,273,成功
/pub/data/jiafq/iscas/Parser_Comparison/../benchmarks/part75/non-incremental/QF_NIA/leipzig/term-EcNqkB.smt2,20.3574,528,1161,成功
/pub/data/jiafq/iscas/Parser_Comparison/../benchmarks/part75/non-incremental/QF_NIA/leipzig/term-F85Fh4.smt2,10.8833,264,635,成功
/pub/data/jiafq/iscas/Parser_Comparison/../benchmarks/part75/non-incremental/QF_NIA/leipzig/term-G0osfI.smt2,5.37825,264,254,成功
/pub/data/jiafq/iscas/Parser_Comparison/../benchmarks/part75/non-incremental/QF_NIA/leipzig/term-GPalmJ.smt2,6.22582,264,317,成功
/pub/data/jiafq/iscas/Parser_Comparison/../benchmarks/part75/non-incremental/QF_NIA/leipzig/term-Gxx8TQ.smt2,35.7492,792,2172,成功
/pub/data/jiafq/iscas/Parser_Comparison/../benchmarks/part75/non-incremental/QF_NIA/leipzig/term-H5JQ97.smt2,4.69351,264,218,成功
/pub/data/jiafq/iscas/Parser_Comparison/../benchmarks/part75/non-incremental/QF_NIA/leipzig/term-H9wl52.smt2,5.75233,264,281,成功
/pub/data/jiafq/iscas/Parser_Comparison/../benchmarks/part75/non-incremental/QF_NIA/leipzig/term-HonGrM.smt2,6.8109,264,365,成功
/pub/data/jiafq/iscas/Parser_Comparison/../benchmarks/part75/non-incremental/QF_NIA/leipzig/term-JpE7g8.smt2,12.4154,264,738,成功
/pub/data/jiafq/iscas/Parser_Comparison/../benchmarks/part75/non-incremental/QF_NIA/leipzig/term-Jzxbf6.smt2,187.83,3716,11255,成功
/pub/data/jiafq/iscas/Parser_Comparison/../benchmarks/part75/non-incremental/QF_NIA/leipzig/term-K0mzk0.smt2,20.6661,528,1143,成功
/pub/data/jiafq/iscas/Parser_Comparison/../benchmarks/part75/non-incremental/QF_NIA/leipzig/term-K5O3aH.smt2,41.3427,1056,2401,成功
/pub/data/jiafq/iscas/Parser_Comparison/../benchmarks/part75/non-incremental/QF_NIA/leipzig/term-KEViid.smt2,20.6254,528,1170,成功
/pub/data/jiafq/iscas/Parser_Comparison/../benchmarks/part75/non-incremental/QF_NIA/leipzig/term-KQpYCw.smt2,9.13978,264,506,成功
/pub/data/jiafq/iscas/Parser_Comparison/../benchmarks/part75/non-incremental/QF_NIA/leipzig/term-KVnOQn.smt2,12.9089,264,707,成功
/pub/data/jiafq/iscas/Parser_Comparison/../benchmarks/part75/non-incremental/QF_NIA/leipzig/term-Kkefdl.smt2,6.82783,264,362,成功
/pub/data/jiafq/iscas/Parser_Comparison/../benchmarks/part75/non-incremental/QF_NIA/leipzig/term-MImS6p.smt2,5.37562,264,264,成功
/pub/data/jiafq/iscas/Parser_Comparison/../benchmarks/part75/non-incremental/QF_NIA/leipzig/term-MRIndM.smt2,5.55682,264,263,成功
/pub/data/jiafq/iscas/Parser_Comparison/../benchmarks/part75/non-incremental/QF_NIA/leipzig/term-MT0pqd.smt2,5.07808,264,257,成功
/pub/data/jiafq/iscas/Parser_Comparison/../benchmarks/part75/non-incremental/QF_NIA/leipzig/term-MVylXc.smt2,160.469,3480,9509,成功
/pub/data/jiafq/iscas/Parser_Comparison/../benchmarks/part75/non-incremental/QF_NIA/leipzig/term-Mx5Up4.smt2,30.7243,792,1802,成功
/pub/data/jiafq/iscas/Parser_Comparison/../benchmarks/part75/non-incremental/QF_NIA/leipzig/term-N42Sjd.smt2,4.80986,264,224,成功
/pub/data/jiafq/iscas/Parser_Comparison/../benchmarks/part75/non-incremental/QF_NIA/leipzig/term-NlTyt4.smt2,6.1841,264,293,成功
/pub/data/jiafq/iscas/Parser_Comparison/../benchmarks/part75/non-incremental/QF_NIA/leipzig/term-NsXpL3.smt2,9.75776,264,554,成功
/pub/data/jiafq/iscas/Parser_Comparison/../benchmarks/part75/non-incremental/QF_NIA/leipzig/term-NxORIG.smt2,10.1647,264,575,成功
/pub/data/jiafq/iscas/Parser_Comparison/../benchmarks/part75/non-incremental/QF_NIA/leipzig/term-OWehGq.smt2,10.0405,264,546,成功
/pub/data/jiafq/iscas/Parser_Comparison/../benchmarks/part75/non-incremental/QF_NIA/leipzig/term-OwnULw.smt2,43.8139,1056,2575,成功
/pub/data/jiafq/iscas/Parser_Comparison/../benchmarks/part75/non-incremental/QF_NIA/leipzig/term-OxDFxz.smt2,7.25341,264,362,成功
/pub/data/jiafq/iscas/Parser_Comparison/../benchmarks/part75/non-incremental/QF_NIA/leipzig/term-PGdOdF.smt2,4.95148,264,220,成功
/pub/data/jiafq/iscas/Parser_Comparison/../benchmarks/part75/non-incremental/QF_NIA/leipzig/term-PUJvAS.smt2,10.4256,264,596,成功
/pub/data/jiafq/iscas/Parser_Comparison/../benchmarks/part75/non-incremental/QF_NIA/leipzig/term-PoKkYi.smt2,16.4671,264,939,成功
/pub/data/jiafq/iscas/Parser_Comparison/../benchmarks/part75/non-incremental/QF_NIA/leipzig/term-QA7c8U.smt2,5.50246,264,263,成功
/pub/data/jiafq/iscas/Parser_Comparison/../benchmarks/part75/non-incremental/QF_NIA/leipzig/term-QW6yIL.smt2,5.23162,264,246,成功
/pub/data/jiafq/iscas/Parser_Comparison/../benchmarks/part75/non-incremental/QF_NIA/leipzig/term-Qx6y98.smt2,6.41751,264,320,成功
/pub/data/jiafq/iscas/Parser_Comparison/../benchmarks/part75/non-incremental/QF_NIA/leipzig/term-RYAv9d.smt2,10.253,264,570,成功
/pub/data/jiafq/iscas/Parser_Comparison/../benchmarks/part75/non-incremental/QF_NIA/leipzig/term-ReJksi.smt2,5.49483,264,268,成功
/pub/data/jiafq/iscas/Parser_Comparison/../benchmarks/part75/non-incremental/QF_NIA/leipzig/term-U3qtcQ.smt2,30.9086,792,1817,成功
/pub/data/jiafq/iscas/Parser_Comparison/../benchmarks/part75/non-incremental/QF_NIA/leipzig/term-UCZhjg.smt2,7.52568,264,422,成功
/pub/data/jiafq/iscas/Parser_Comparison/../benchmarks/part75/non-incremental/QF_NIA/leipzig/term-ULo1kJ.smt2,7.82561,264,398,成功
/pub/data/jiafq/iscas/Parser_Comparison/../benchmarks/part75/non-incremental/QF_NIA/leipzig/term-V7zYuz.smt2,72.6378,1320,4294,成功
/pub/data/jiafq/iscas/Parser_Comparison/../benchmarks/part75/non-incremental/QF_NIA/leipzig/term-VKcdAi.smt2,8.73756,264,461,成功
/pub/data/jiafq/iscas/Parser_Comparison/../benchmarks/part75/non-incremental/QF_NIA/leipzig/term-VdS5DK.smt2,58.0332,1320,3346,成功
/pub/data/jiafq/iscas/Parser_Comparison/../benchmarks/part75/non-incremental/QF_NIA/leipzig/term-VvvOL1.smt2,9.06086,264,492,成功
/pub/data/jiafq/iscas/Parser_Comparison/../benchmarks/part75/non-incremental/QF_NIA/leipzig/term-VzZ1SP.smt2,8.18539,264,431,成功
/pub/data/jiafq/iscas/Parser_Comparison/../benchmarks/part75/non-incremental/QF_NIA/leipzig/term-WG086A.smt2,54.5063,1056,3193,成功
/pub/data/jiafq/iscas/Parser_Comparison/../benchmarks/part75/non-incremental/QF_NIA/leipzig/term-WRsGm0.smt2,13.0279,264,780,成功
/pub/data/jiafq/iscas/Parser_Comparison/../benchmarks/part75/non-incremental/QF_NIA/leipzig/term-Wvoafx.smt2,217.876,4280,12824,成功
/pub/data/jiafq/iscas/Parser_Comparison/../benchmarks/part75/non-incremental/QF_NIA/leipzig/term-X2tjiE.smt2,9.76562,264,522,成功
/pub/data/jiafq/iscas/Parser_Comparison/../benchmarks/part75/non-incremental/QF_NIA/leipzig/term-XbWQfu.smt2,224.839,4272,13310,成功
/pub/data/jiafq/iscas/Parser_Comparison/../benchmarks/part75/non-incremental/QF_NIA/leipzig/term-XoKPE3.smt2,9.72295,264,533,成功
/pub/data/jiafq/iscas/Parser_Comparison/../benchmarks/part75/non-incremental/QF_NIA/leipzig/term-XxBfs0.smt2,4.7524,264,227,成功
/pub/data/jiafq/iscas/Parser_Comparison/../benchmarks/part75/non-incremental/QF_NIA/leipzig/term-YAnutr.smt2,33.9549,792,1984,成功
/pub/data/jiafq/iscas/Parser_Comparison/../benchmarks/part75/non-incremental/QF_NIA/leipzig/term-YFqomz.smt2,22.4979,528,1293,成功
/pub/data/jiafq/iscas/Parser_Comparison/../benchmarks/part75/non-incremental/QF_NIA/leipzig/term-YdLBHK.smt2,15.9183,264,900,成功
/pub/data/jiafq/iscas/Parser_Comparison/../benchmarks/part75/non-incremental/QF_NIA/leipzig/term-Yi0Ihn.smt2,7.49683,264,401,成功
/pub/data/jiafq/iscas/Parser_Comparison/../benchmarks/part75/non-incremental/QF_NIA/leipzig/term-afghHl.smt2,62.5217,1320,3759,成功
/pub/data/jiafq/iscas/Parser_Comparison/../benchmarks/part75/non-incremental/QF_NIA/leipzig/term-bEER96.smt2,9.10425,264,491,成功
/pub/data/jiafq/iscas/Parser_Comparison/../benchmarks/part75/non-incremental/QF_NIA/leipzig/term-bV2aN3.smt2,5.25427,264,253,成功
/pub/data/jiafq/iscas/Parser_Comparison/../benchmarks/part75/non-incremental/QF_NIA/leipzig/term-bmKO7L.smt2,65.9649,1320,3924,成功
/pub/data/jiafq/iscas/Parser_Comparison/../benchmarks/part75/non-incremental/QF_NIA/leipzig/term-brNnx4.smt2,182.007,3756,10670,成功
/pub/data/jiafq/iscas/Parser_Comparison/../benchmarks/part75/non-incremental/QF_NIA/leipzig/term-cTfKvw.smt2,32.3007,792,1912,成功
/pub/data/jiafq/iscas/Parser_Comparison/../benchmarks/part75/non-incremental/QF_NIA/leipzig/term-ddoFAO.smt2,12.3916,264,734,成功
/pub/data/jiafq/iscas/Parser_Comparison/../benchmarks/part75/non-incremental/QF_NIA/leipzig/term-dwsxAX.smt2,9.45282,264,557,成功
/pub/data/jiafq/iscas/Parser_Comparison/../benchmarks/part75/non-incremental/QF_NIA/leipzig/term-e0uxKl.smt2,6.27351,264,314,成功
/pub/data/jiafq/iscas/Parser_Comparison/../benchmarks/part75/non-incremental/QF_NIA/leipzig/term-eBQlfQ.smt2,6.77395,264,344,成功
/pub/data/jiafq/iscas/Parser_Comparison/../benchmarks/part75/non-incremental/QF_NIA/leipzig/term-f2cozZ.smt2,11.8499,264,683,成功
/pub/data/jiafq/iscas/Parser_Comparison/../benchmarks/part75/non-incremental/QF_NIA/leipzig/term-fFoQCf.smt2,10.407,264,600,成功
/pub/data/jiafq/iscas/Parser_Comparison/../benchmarks/part75/non-incremental/QF_NIA/leipzig/term-fRkVkk.smt2,17.7784,264,985,成功
/pub/data/jiafq/iscas/Parser_Comparison/../benchmarks/part75/non-incremental/QF_NIA/leipzig/term-fqVg3m.smt2,7.22432,264,383,成功
/pub/data/jiafq/iscas/Parser_Comparison/../benchmarks/part75/non-incremental/QF_NIA/leipzig/term-fu8ErM.smt2,18.1427,528,1054,成功
/pub/data/jiafq/iscas/Parser_Comparison/../benchmarks/part75/non-incremental/QF_NIA/leipzig/term-gH1uAj.smt2,18.2688,264,1021,成功
/pub/data/jiafq/iscas/Parser_Comparison/../benchmarks/part75/non-incremental/QF_NIA/leipzig/term-gHq3ie.smt2,19.1841,528,1085,成功
/pub/data/jiafq/iscas/Parser_Comparison/../benchmarks/part75/non-incremental/QF_NIA/leipzig/term-gZE9f0.smt2,43.9267,1056,2594,成功
/pub/data/jiafq/iscas/Parser_Comparison/../benchmarks/part75/non-incremental/QF_NIA/leipzig/term-guQhb3.smt2,37.6246,792,2230,成功
/pub/data/jiafq/iscas/Parser_Comparison/../benchmarks/part75/non-incremental/QF_NIA/leipzig/term-hCYJUH.smt2,11.354,264,641,成功
/pub/data/jiafq/iscas/Parser_Comparison/../benchmarks/part75/non-incremental/QF_NIA/leipzig/term-iLy0I9.smt2,8.58879,264,479,成功
/pub/data/jiafq/iscas/Parser_Comparison/../benchmarks/part75/non-incremental/QF_NIA/leipzig/term-iQK4Ty.smt2,107.404,2112,6371,成功
/pub/data/jiafq/iscas/Parser_Comparison/../benchmarks/part75/non-incremental/QF_NIA/leipzig/term-izcgso.smt2,37.0584,792,2164,成功
/pub/data/jiafq/iscas/Parser_Comparison/../benchmarks/part75/non-incremental/QF_NIA/leipzig/term-jCge40.smt2,11.1437,264,607,成功
/pub/data/jiafq/iscas/Parser_Comparison/../benchmarks/part75/non-incremental/QF_NIA/leipzig/term-jSSXi8.smt2,24.0188,528,1488,成功
/pub/data/jiafq/iscas/Parser_Comparison/../benchmarks/part75/non-incremental/QF_NIA/leipzig/term-jWI18r.smt2,11.7412,264,659,成功
/pub/data/jiafq/iscas/Parser_Comparison/../benchmarks/part75/non-incremental/QF_NIA/leipzig/term-kJn9CF.smt2,5.32532,264,255,成功
/pub/data/jiafq/iscas/Parser_Comparison/../benchmarks/part75/non-incremental/QF_NIA/leipzig/term-l6cqQI.smt2,209.063,4240,12383,成功
/pub/data/jiafq/iscas/Parser_Comparison/../benchmarks/part75/non-incremental/QF_NIA/leipzig/term-lFYv5w.smt2,44.0788,1056,2598,成功
/pub/data/jiafq/iscas/Parser_Comparison/../benchmarks/part75/non-incremental/QF_NIA/leipzig/term-ljJt6X.smt2,9.71794,264,557,成功
/pub/data/jiafq/iscas/Parser_Comparison/../benchmarks/part75/non-incremental/QF_NIA/leipzig/term-ltKI40.smt2,21.5092,528,1275,成功
/pub/data/jiafq/iscas/Parser_Comparison/../benchmarks/part75/non-incremental/QF_NIA/leipzig/term-mGd00U.smt2,19.2232,528,1085,成功
/pub/data/jiafq/iscas/Parser_Comparison/../benchmarks/part75/non-incremental/QF_NIA/leipzig/term-mscE2P.smt2,19.0656,528,1143,成功
/pub/data/jiafq/iscas/Parser_Comparison/../benchmarks/part75/non-incremental/QF_NIA/leipzig/term-mzEEAc.smt2,19.5801,528,1191,成功
/pub/data/jiafq/iscas/Parser_Comparison/../benchmarks/part75/non-incremental/QF_NIA/leipzig/term-n2CwnV.smt2,45.0513,1056,2701,成功
/pub/data/jiafq/iscas/Parser_Comparison/../benchmarks/part75/non-incremental/QF_NIA/leipzig/term-n2YjEt.smt2,12.27,264,698,成功
/pub/data/jiafq/iscas/Parser_Comparison/../benchmarks/part75/non-incremental/QF_NIA/leipzig/term-nKoz7d.smt2,11.2579,264,642,成功
/pub/data/jiafq/iscas/Parser_Comparison/../benchmarks/part75/non-incremental/QF_NIA/leipzig/term-oPCuPe.smt2,9.89914,264,557,成功
/pub/data/jiafq/iscas/Parser_Comparison/../benchmarks/part75/non-incremental/QF_NIA/leipzig/term-p63KxS.smt2,5.56827,264,268,成功
/pub/data/jiafq/iscas/Parser_Comparison/../benchmarks/part75/non-incremental/QF_NIA/leipzig/term-p9MQp4.smt2,25.1734,528,1496,成功
/pub/data/jiafq/iscas/Parser_Comparison/../benchmarks/part75/non-incremental/QF_NIA/leipzig/term-qAUj8f.smt2,4.65393,264,209,成功
/pub/data/jiafq/iscas/Parser_Comparison/../benchmarks/part75/non-incremental/QF_NIA/leipzig/term-qVa1BT.smt2,5.12791,264,242,成功
/pub/data/jiafq/iscas/Parser_Comparison/../benchmarks/part75/non-incremental/QF_NIA/leipzig/term-qp5mTw.smt2,62.4981,1320,3785,成功
/pub/data/jiafq/iscas/Parser_Comparison/../benchmarks/part75/non-incremental/QF_NIA/leipzig/term-qpmP2a.smt2,5.29218,264,251,成功
/pub/data/jiafq/iscas/Parser_Comparison/../benchmarks/part75/non-incremental/QF_NIA/leipzig/term-qxG9KS.smt2,19.6061,528,1167,成功
/pub/data/jiafq/iscas/Parser_Comparison/../benchmarks/part75/non-incremental/QF_NIA/leipzig/term-rGohwx.smt2,11.5073,264,666,成功
/pub/data/jiafq/iscas/Parser_Comparison/../benchmarks/part75/non-incremental/QF_NIA/leipzig/term-rIVs0x.smt2,12.1293,264,707,成功
/pub/data/jiafq/iscas/Parser_Comparison/../benchmarks/part75/non-incremental/QF_NIA/leipzig/term-tEmpby.smt2,5.05805,264,229,成功
/pub/data/jiafq/iscas/Parser_Comparison/../benchmarks/part75/non-incremental/QF_NIA/leipzig/term-tHV3De.smt2,35.0161,792,2113,成功
/pub/data/jiafq/iscas/Parser_Comparison/../benchmarks/part75/non-incremental/QF_NIA/leipzig/term-uI6QEr.smt2,6.84071,264,344,成功
/pub/data/jiafq/iscas/Parser_Comparison/../benchmarks/part75/non-incremental/QF_NIA/leipzig/term-uLZTRN.smt2,41.3764,1056,2439,成功
/pub/data/jiafq/iscas/Parser_Comparison/../benchmarks/part75/non-incremental/QF_NIA/leipzig/term-ubDExd.smt2,7.27201,264,383,成功
/pub/data/jiafq/iscas/Parser_Comparison/../benchmarks/part75/non-incremental/QF_NIA/leipzig/term-uiHa9g.smt2,7.70831,264,385,成功
/pub/data/jiafq/iscas/Parser_Comparison/../benchmarks/part75/non-incremental/QF_NIA/leipzig/term-unsat-01.smt2,2.78211,0,137,成功
/pub/data/jiafq/iscas/Parser_Comparison/../benchmarks/part75/non-incremental/QF_NIA/leipzig/term-unsat-02.smt2,12.9483,264,707,成功
/pub/data/jiafq/iscas/Parser_Comparison/../benchmarks/part75/non-incremental/QF_NIA/leipzig/term-unsat-03.smt2,35.6159,792,2087,成功
/pub/data/jiafq/iscas/Parser_Comparison/../benchmarks/part75/non-incremental/QF_NIA/leipzig/term-unsat-04.smt2,78.476,1848,4637,成功
/pub/data/jiafq/iscas/Parser_Comparison/../benchmarks/part75/non-incremental/QF_NIA/leipzig/term-unsat-05.smt2,145.064,2904,8717,成功
/pub/data/jiafq/iscas/Parser_Comparison/../benchmarks/part75/non-incremental/QF_NIA/leipzig/term-uxNAu4.smt2,18.739,528,1104,成功
/pub/data/jiafq/iscas/Parser_Comparison/../benchmarks/part75/non-incremental/QF_NIA/leipzig/term-uyuSEz.smt2,14.286,264,876,成功
/pub/data/jiafq/iscas/Parser_Comparison/../benchmarks/part75/non-incremental/QF_NIA/leipzig/term-vNKPi7.smt2,82.6037,1848,5008,成功
/pub/data/jiafq/iscas/Parser_Comparison/../benchmarks/part75/non-incremental/QF_NIA/leipzig/term-vd4nMl.smt2,5.74374,264,290,成功
/pub/data/jiafq/iscas/Parser_Comparison/../benchmarks/part75/non-incremental/QF_NIA/leipzig/term-vmxeK5.smt2,10.5813,264,603,成功
/pub/data/jiafq/iscas/Parser_Comparison/../benchmarks/part75/non-incremental/QF_NIA/leipzig/term-wIaXCN.smt2,20.6423,528,1257,成功
/pub/data/jiafq/iscas/Parser_Comparison/../benchmarks/part75/non-incremental/QF_NIA/leipzig/term-x3m7eh.smt2,10.5395,264,627,成功
/pub/data/jiafq/iscas/Parser_Comparison/../benchmarks/part75/non-incremental/QF_NIA/leipzig/term-x876Jc.smt2,6.38103,264,341,成功
/pub/data/jiafq/iscas/Parser_Comparison/../benchmarks/part75/non-incremental/QF_NIA/leipzig/term-xNepZV.smt2,7.06339,264,380,成功
/pub/data/jiafq/iscas/Parser_Comparison/../benchmarks/part75/non-incremental/QF_NIA/leipzig/term-xpOcFG.smt2,11.4615,264,701,成功
/pub/data/jiafq/iscas/Parser_Comparison/../benchmarks/part75/non-incremental/QF_NIA/leipzig/term-y6bI5p.smt2,8.27646,264,437,成功
/pub/data/jiafq/iscas/Parser_Comparison/../benchmarks/part75/non-incremental/QF_NIA/leipzig/term-yQHKkv.smt2,9.9628,264,567,成功
/pub/data/jiafq/iscas/Parser_Comparison/../benchmarks/part75/non-incremental/QF_NIA/leipzig/term-ye1ece.smt2,8.65364,264,449,成功
/pub/data/jiafq/iscas/Parser_Comparison/../benchmarks/part75/non-incremental/QF_NIA/leipzig/term-yzpVx9.smt2,14.189,264,852,成功
/pub/data/jiafq/iscas/Parser_Comparison/../benchmarks/part75/non-incremental/QF_NIA/leipzig/term-zUp1s3.smt2,14.7729,264,828,成功
/pub/data/jiafq/iscas/Parser_Comparison/../benchmarks/part75/non-incremental/QF_NIA/mcm/01.smt2,69.9439,792,9250,成功
/pub/data/jiafq/iscas/Parser_Comparison/../benchmarks/part75/non-incremental/QF_NIA/mcm/02.smt2,55.7499,792,7229,成功
/pub/data/jiafq/iscas/Parser_Comparison/../benchmarks/part75/non-incremental/QF_NIA/mcm/03.smt2,63.0205,792,8502,成功
/pub/data/jiafq/iscas/Parser_Comparison/../benchmarks/part75/non-incremental/QF_NIA/mcm/04.smt2,48.2702,792,6487,成功
/pub/data/jiafq/iscas/Parser_Comparison/../benchmarks/part75/non-incremental/QF_NIA/mcm/05.smt2,61.5671,792,7757,成功
/pub/data/jiafq/iscas/Parser_Comparison/../benchmarks/part75/non-incremental/QF_NIA/mcm/06.smt2,24.097,528,3094,成功
/pub/data/jiafq/iscas/Parser_Comparison/../benchmarks/part75/non-incremental/QF_NIA/mcm/07.smt2,52.5982,792,7190,成功
/pub/data/jiafq/iscas/Parser_Comparison/../benchmarks/part75/non-incremental/QF_NIA/mcm/08.smt2,38.5613,528,5181,成功
/pub/data/jiafq/iscas/Parser_Comparison/../benchmarks/part75/non-incremental/QF_NIA/mcm/09.smt2,43.0739,792,5508,成功
/pub/data/jiafq/iscas/Parser_Comparison/../benchmarks/part75/non-incremental/QF_NIA/mcm/10.smt2,58.0268,792,7930,成功
/pub/data/jiafq/iscas/Parser_Comparison/../benchmarks/part75/non-incremental/QF_NIA/mcm/100.smt2,76.3154,1056,9859,成功
/pub/data/jiafq/iscas/Parser_Comparison/../benchmarks/part75/non-incremental/QF_NIA/mcm/101.smt2,60.976,792,7823,成功
/pub/data/jiafq/iscas/Parser_Comparison/../benchmarks/part75/non-incremental/QF_NIA/mcm/102.smt2,93.9643,1320,12231,成功
/pub/data/jiafq/iscas/Parser_Comparison/../benchmarks/part75/non-incremental/QF_NIA/mcm/103.smt2,76.3681,1056,9859,成功
/pub/data/jiafq/iscas/Parser_Comparison/../benchmarks/part75/non-incremental/QF_NIA/mcm/104.smt2,111.165,1320,16354,成功
/pub/data/jiafq/iscas/Parser_Comparison/../benchmarks/part75/non-incremental/QF_NIA/mcm/105.smt2,250.303,2800,35277,成功
/pub/data/jiafq/iscas/Parser_Comparison/../benchmarks/part75/non-incremental/QF_NIA/mcm/106.smt2,288.845,3476,40823,成功
/pub/data/jiafq/iscas/Parser_Comparison/../benchmarks/part75/non-incremental/QF_NIA/mcm/107.smt2,72.0067,792,10357,成功
/pub/data/jiafq/iscas/Parser_Comparison/../benchmarks/part75/non-incremental/QF_NIA/mcm/108.smt2,251.042,2800,35277,成功
/pub/data/jiafq/iscas/Parser_Comparison/../benchmarks/part75/non-incremental/QF_NIA/mcm/109.smt2,79.7989,1056,11434,成功
/pub/data/jiafq/iscas/Parser_Comparison/../benchmarks/part75/non-incremental/QF_NIA/mcm/11.smt2,44.7361,792,5918,成功
/pub/data/jiafq/iscas/Parser_Comparison/../benchmarks/part75/non-incremental/QF_NIA/mcm/110.smt2,287.785,3468,40823,成功
/pub/data/jiafq/iscas/Parser_Comparison/../benchmarks/part75/non-incremental/QF_NIA/mcm/111.smt2,252.999,2816,35095,成功
/pub/data/jiafq/iscas/Parser_Comparison/../benchmarks/part75/non-incremental/QF_NIA/mcm/112.smt2,252.901,2820,35095,成功
/pub/data/jiafq/iscas/Parser_Comparison/../benchmarks/part75/non-incremental/QF_NIA/mcm/113.smt2,58.1026,792,8365,成功
/pub/data/jiafq/iscas/Parser_Comparison/../benchmarks/part75/non-incremental/QF_NIA/mcm/114.smt2,219.492,2536,30262,成功
/pub/data/jiafq/iscas/Parser_Comparison/../benchmarks/part75/non-incremental/QF_NIA/mcm/115.smt2,112.587,1320,16354,成功
/pub/data/jiafq/iscas/Parser_Comparison/../benchmarks/part75/non-incremental/QF_NIA/mcm/116.smt2,332.327,4316,46927,成功
/pub/data/jiafq/iscas/Parser_Comparison/../benchmarks/part75/non-incremental/QF_NIA/mcm/117.smt2,72.4266,792,10357,成功
/pub/data/jiafq/iscas/Parser_Comparison/../benchmarks/part75/non-incremental/QF_NIA/mcm/118.smt2,78.0938,1056,11434,成功
/pub/data/jiafq/iscas/Parser_Comparison/../benchmarks/part75/non-incremental/QF_NIA/mcm/119.smt2,336.707,4320,47053,成功
/pub/data/jiafq/iscas/Parser_Comparison/../benchmarks/part75/non-incremental/QF_NIA/mcm/12.smt2,27.3616,528,3484,成功
/pub/data/jiafq/iscas/Parser_Comparison/../benchmarks/part75/non-incremental/QF_NIA/mcm/120.smt2,335.44,4316,47053,成功
/pub/data/jiafq/iscas/Parser_Comparison/../benchmarks/part75/non-incremental/QF_NIA/mcm/121.smt2,382.336,4604,53694,成功
/pub/data/jiafq/iscas/Parser_Comparison/../benchmarks/part75/non-incremental/QF_NIA/mcm/122.smt2,338.75,4316,47053,成功
/pub/data/jiafq/iscas/Parser_Comparison/../benchmarks/part75/non-incremental/QF_NIA/mcm/123.smt2,238.645,2640,34899,成功
/pub/data/jiafq/iscas/Parser_Comparison/../benchmarks/part75/non-incremental/QF_NIA/mcm/124.smt2,194.433,2376,28303,成功
/pub/data/jiafq/iscas/Parser_Comparison/../benchmarks/part75/non-incremental/QF_NIA/mcm/125.smt2,379.061,4604,53640,成功
/pub/data/jiafq/iscas/Parser_Comparison/../benchmarks/part75/non-incremental/QF_NIA/mcm/126.smt2,338.209,4320,47002,成功
/pub/data/jiafq/iscas/Parser_Comparison/../benchmarks/part75/non-incremental/QF_NIA/mcm/127.smt2,331.704,4316,47053,成功
/pub/data/jiafq/iscas/Parser_Comparison/../benchmarks/part75/non-incremental/QF_NIA/mcm/128.smt2,313.185,4312,44818,成功
/pub/data/jiafq/iscas/Parser_Comparison/../benchmarks/part75/non-incremental/QF_NIA/mcm/129.smt2,331.939,4428,46853,成功
/pub/data/jiafq/iscas/Parser_Comparison/../benchmarks/part75/non-incremental/QF_NIA/mcm/13.smt2,58.6729,792,7563,成功
/pub/data/jiafq/iscas/Parser_Comparison/../benchmarks/part75/non-incremental/QF_NIA/mcm/130.smt2,287.252,3080,40522,成功
/pub/data/jiafq/iscas/Parser_Comparison/../benchmarks/part75/non-incremental/QF_NIA/mcm/131.smt2,141.704,1848,20805,成功
/pub/data/jiafq/iscas/Parser_Comparison/../benchmarks/part75/non-incremental/QF_NIA/mcm/132.smt2,368.778,4312,53255,成功
/pub/data/jiafq/iscas/Parser_Comparison/../benchmarks/part75/non-incremental/QF_NIA/mcm/133.smt2,329.262,4312,46620,成功
/pub/data/jiafq/iscas/Parser_Comparison/../benchmarks/part75/non-incremental/QF_NIA/mcm/134.smt2,331.299,4316,47053,成功
/pub/data/jiafq/iscas/Parser_Comparison/../benchmarks/part75/non-incremental/QF_NIA/mcm/135.smt2,377.295,4604,53694,成功
/pub/data/jiafq/iscas/Parser_Comparison/../benchmarks/part75/non-incremental/QF_NIA/mcm/136.smt2,332.335,4320,47053,成功
/pub/data/jiafq/iscas/Parser_Comparison/../benchmarks/part75/non-incremental/QF_NIA/mcm/137.smt2,332.236,4320,47053,成功
/pub/data/jiafq/iscas/Parser_Comparison/../benchmarks/part75/non-incremental/QF_NIA/mcm/138.smt2,333.53,4432,46853,成功
/pub/data/jiafq/iscas/Parser_Comparison/../benchmarks/part75/non-incremental/QF_NIA/mcm/139.smt2,239.394,2796,34157,成功
/pub/data/jiafq/iscas/Parser_Comparison/../benchmarks/part75/non-incremental/QF_NIA/mcm/14.smt2,47.8966,792,6451,成功
/pub/data/jiafq/iscas/Parser_Comparison/../benchmarks/part75/non-incremental/QF_NIA/mcm/140.smt2,325.864,4308,45947,成功
/pub/data/jiafq/iscas/Parser_Comparison/../benchmarks/part75/non-incremental/QF_NIA/mcm/141.smt2,290.715,3084,40749,成功
/pub/data/jiafq/iscas/Parser_Comparison/../benchmarks/part75/non-incremental/QF_NIA/mcm/142.smt2,329.495,4304,46575,成功
/pub/data/jiafq/iscas/Parser_Comparison/../benchmarks/part75/non-incremental/QF_NIA/mcm/143.smt2,285.259,3080,40522,成功
/pub/data/jiafq/iscas/Parser_Comparison/../benchmarks/part75/non-incremental/QF_NIA/mcm/144.smt2,379.913,4604,53694,成功
/pub/data/jiafq/iscas/Parser_Comparison/../benchmarks/part75/non-incremental/QF_NIA/mcm/145.smt2,334.131,4320,47053,成功
/pub/data/jiafq/iscas/Parser_Comparison/../benchmarks/part75/non-incremental/QF_NIA/mcm/146.smt2,333.98,4316,47002,成功
/pub/data/jiafq/iscas/Parser_Comparison/../benchmarks/part75/non-incremental/QF_NIA/mcm/147.smt2,289.974,3440,40943,成功
/pub/data/jiafq/iscas/Parser_Comparison/../benchmarks/part75/non-incremental/QF_NIA/mcm/148.smt2,330.346,4312,46620,成功
/pub/data/jiafq/iscas/Parser_Comparison/../benchmarks/part75/non-incremental/QF_NIA/mcm/149.smt2,360.74,4420,52079,成功
/pub/data/jiafq/iscas/Parser_Comparison/../benchmarks/part75/non-incremental/QF_NIA/mcm/15.smt2,52.4025,792,6915,成功
/pub/data/jiafq/iscas/Parser_Comparison/../benchmarks/part75/non-incremental/QF_NIA/mcm/150.smt2,319.6,4396,45453,成功
/pub/data/jiafq/iscas/Parser_Comparison/../benchmarks/part75/non-incremental/QF_NIA/mcm/151.smt2,289.528,3440,40943,成功
/pub/data/jiafq/iscas/Parser_Comparison/../benchmarks/part75/non-incremental/QF_NIA/mcm/152.smt2,196.259,2376,28303,成功
/pub/data/jiafq/iscas/Parser_Comparison/../benchmarks/part75/non-incremental/QF_NIA/mcm/153.smt2,376.857,4604,53694,成功
/pub/data/jiafq/iscas/Parser_Comparison/../benchmarks/part75/non-incremental/QF_NIA/mcm/154.smt2,401.983,4316,47053,成功
/pub/data/jiafq/iscas/Parser_Comparison/../benchmarks/part75/non-incremental/QF_NIA/mcm/155.smt2,270.627,3056,38583,成功
/pub/data/jiafq/iscas/Parser_Comparison/../benchmarks/part75/non-incremental/QF_NIA/mcm/156.smt2,249.154,2760,36535,成功
/pub/data/jiafq/iscas/Parser_Comparison/../benchmarks/part75/non-incremental/QF_NIA/mcm/157.smt2,289.937,3080,40522,成功
/pub/data/jiafq/iscas/Parser_Comparison/../benchmarks/part75/non-incremental/QF_NIA/mcm/158.smt2,827.238,9232,118570,成功
/pub/data/jiafq/iscas/Parser_Comparison/../benchmarks/part75/non-incremental/QF_NIA/mcm/159.smt2,757.405,8708,107547,成功
/pub/data/jiafq/iscas/Parser_Comparison/../benchmarks/part75/non-incremental/QF_NIA/mcm/16.smt2,91.9597,1320,12153,成功
/pub/data/jiafq/iscas/Parser_Comparison/../benchmarks/part75/non-incremental/QF_NIA/mcm/160.smt2,830.197,9236,119087,成功
/pub/data/jiafq/iscas/Parser_Comparison/../benchmarks/part75/non-incremental/QF_NIA/mcm/161.smt2,916.673,9852,131067,成功
/pub/data/jiafq/iscas/Parser_Comparison/../benchmarks/part75/non-incremental/QF_NIA/mcm/162.smt2,169.569,2332,25186,成功
/pub/data/jiafq/iscas/Parser_Comparison/../benchmarks/part75/non-incremental/QF_NIA/mcm/163.smt2,920.105,10032,131608,成功
/pub/data/jiafq/iscas/Parser_Comparison/../benchmarks/part75/non-incremental/QF_NIA/mcm/164.smt2,168.925,2332,25186,成功
/pub/data/jiafq/iscas/Parser_Comparison/../benchmarks/part75/non-incremental/QF_NIA/mcm/165.smt2,1000.68,10780,143437,成功
/pub/data/jiafq/iscas/Parser_Comparison/../benchmarks/part75/non-incremental/QF_NIA/mcm/166.smt2,169.262,2332,25186,成功
/pub/data/jiafq/iscas/Parser_Comparison/../benchmarks/part75/non-incremental/QF_NIA/mcm/167.smt2,691.758,8236,102533,成功
/pub/data/jiafq/iscas/Parser_Comparison/../benchmarks/part75/non-incremental/QF_NIA/mcm/168.smt2,851.07,9592,124343,成功
/pub/data/jiafq/iscas/Parser_Comparison/../benchmarks/part75/non-incremental/QF_NIA/mcm/169.smt2,1010.15,10560,144783,成功
/pub/data/jiafq/iscas/Parser_Comparison/../benchmarks/part75/non-incremental/QF_NIA/mcm/17.smt2,75.753,1056,9787,成功
/pub/data/jiafq/iscas/Parser_Comparison/../benchmarks/part75/non-incremental/QF_NIA/mcm/170.smt2,168.925,2336,25186,成功
/pub/data/jiafq/iscas/Parser_Comparison/../benchmarks/part75/non-incremental/QF_NIA/mcm/171.smt2,844.993,9240,119261,成功
/pub/data/jiafq/iscas/Parser_Comparison/../benchmarks/part75/non-incremental/QF_NIA/mcm/172.smt2,2081.7,21596,303295,成功
/pub/data/jiafq/iscas/Parser_Comparison/../benchmarks/part75/non-incremental/QF_NIA/mcm/173.smt2,1951.48,20612,282997,成功
/pub/data/jiafq/iscas/Parser_Comparison/../benchmarks/part75/non-incremental/QF_NIA/mcm/174.smt2,1807.35,19532,262232,成功
/pub/data/jiafq/iscas/Parser_Comparison/../benchmarks/part75/non-incremental/QF_NIA/mcm/175.smt2,1814.68,19532,262232,成功
/pub/data/jiafq/iscas/Parser_Comparison/../benchmarks/part75/non-incremental/QF_NIA/mcm/176.smt2,2055.98,21532,302903,成功
/pub/data/jiafq/iscas/Parser_Comparison/../benchmarks/part75/non-incremental/QF_NIA/mcm/177.smt2,386.371,4644,58573,成功
/pub/data/jiafq/iscas/Parser_Comparison/../benchmarks/part75/non-incremental/QF_NIA/mcm/178.smt2,2256.9,22760,326427,成功
/pub/data/jiafq/iscas/Parser_Comparison/../benchmarks/part75/non-incremental/QF_NIA/mcm/179.smt2,2104.83,21740,305073,成功
/pub/data/jiafq/iscas/Parser_Comparison/../benchmarks/part75/non-incremental/QF_NIA/mcm/18.smt2,75.3012,1056,9787,成功
/pub/data/jiafq/iscas/Parser_Comparison/../benchmarks/part75/non-incremental/QF_NIA/mcm/180.smt2,2101.94,21744,305073,成功
/pub/data/jiafq/iscas/Parser_Comparison/../benchmarks/part75/non-incremental/QF_NIA/mcm/181.smt2,2248.12,22928,328013,成功
/pub/data/jiafq/iscas/Parser_Comparison/../benchmarks/part75/non-incremental/QF_NIA/mcm/182.smt2,4088.45,41632,588338,成功
/pub/data/jiafq/iscas/Parser_Comparison/../benchmarks/part75/non-incremental/QF_NIA/mcm/183.smt2,4069.04,41600,588338,成功
/pub/data/jiafq/iscas/Parser_Comparison/../benchmarks/part75/non-incremental/QF_NIA/mcm/184.smt2,7060.8,73816,1008403,成功
/pub/data/jiafq/iscas/Parser_Comparison/../benchmarks/part75/non-incremental/QF_NIA/mcm/185.smt2,9860.57,93832,1398303,成功
/pub/data/jiafq/iscas/Parser_Comparison/../benchmarks/part75/non-incremental/QF_NIA/mcm/186.smt2,10306.8,96884,1460613,成功
/pub/data/jiafq/iscas/Parser_Comparison/../benchmarks/part75/non-incremental/QF_NIA/mcm/19.smt2,61.1737,792,7757,成功
/pub/data/jiafq/iscas/Parser_Comparison/../benchmarks/part75/non-incremental/QF_NIA/mcm/20.smt2,77.1337,1056,9787,成功
/pub/data/jiafq/iscas/Parser_Comparison/../benchmarks/part75/non-incremental/QF_NIA/mcm/21.smt2,60.3185,792,7757,成功
/pub/data/jiafq/iscas/Parser_Comparison/../benchmarks/part75/non-incremental/QF_NIA/mcm/22.smt2,76.0489,1056,9763,成功
/pub/data/jiafq/iscas/Parser_Comparison/../benchmarks/part75/non-incremental/QF_NIA/mcm/23.smt2,60.4124,792,7736,成功
/pub/data/jiafq/iscas/Parser_Comparison/../benchmarks/part75/non-incremental/QF_NIA/mcm/24.smt2,74.9774,1056,9787,成功
/pub/data/jiafq/iscas/Parser_Comparison/../benchmarks/part75/non-incremental/QF_NIA/mcm/25.smt2,60.9298,792,7757,成功
/pub/data/jiafq/iscas/Parser_Comparison/../benchmarks/part75/non-incremental/QF_NIA/mcm/26.smt2,61.3723,792,7757,成功
/pub/data/jiafq/iscas/Parser_Comparison/../benchmarks/part75/non-incremental/QF_NIA/mcm/27.smt2,74.6701,1056,9763,成功
/pub/data/jiafq/iscas/Parser_Comparison/../benchmarks/part75/non-incremental/QF_NIA/mcm/28.smt2,61.3225,792,7736,成功
/pub/data/jiafq/iscas/Parser_Comparison/../benchmarks/part75/non-incremental/QF_NIA/mcm/29.smt2,71.3723,792,9480,成功
/pub/data/jiafq/iscas/Parser_Comparison/../benchmarks/part75/non-incremental/QF_NIA/mcm/30.smt2,57.3158,792,7456,成功
/pub/data/jiafq/iscas/Parser_Comparison/../benchmarks/part75/non-incremental/QF_NIA/mcm/31.smt2,73.6187,1056,9650,成功
/pub/data/jiafq/iscas/Parser_Comparison/../benchmarks/part75/non-incremental/QF_NIA/mcm/32.smt2,59.0353,792,7623,成功
/pub/data/jiafq/iscas/Parser_Comparison/../benchmarks/part75/non-incremental/QF_NIA/mcm/33.smt2,56.0656,792,7217,成功
/pub/data/jiafq/iscas/Parser_Comparison/../benchmarks/part75/non-incremental/QF_NIA/mcm/34.smt2,43.1366,792,5508,成功
/pub/data/jiafq/iscas/Parser_Comparison/../benchmarks/part75/non-incremental/QF_NIA/mcm/35.smt2,71.8818,792,9480,成功
/pub/data/jiafq/iscas/Parser_Comparison/../benchmarks/part75/non-incremental/QF_NIA/mcm/36.smt2,57.4529,792,7456,成功
/pub/data/jiafq/iscas/Parser_Comparison/../benchmarks/part75/non-incremental/QF_NIA/mcm/37.smt2,74.4431,1056,9650,成功
/pub/data/jiafq/iscas/Parser_Comparison/../benchmarks/part75/non-incremental/QF_NIA/mcm/38.smt2,60.0882,792,7623,成功
/pub/data/jiafq/iscas/Parser_Comparison/../benchmarks/part75/non-incremental/QF_NIA/mcm/39.smt2,91.6491,1320,12153,成功
/pub/data/jiafq/iscas/Parser_Comparison/../benchmarks/part75/non-incremental/QF_NIA/mcm/40.smt2,75.1588,1056,9787,成功
/pub/data/jiafq/iscas/Parser_Comparison/../benchmarks/part75/non-incremental/QF_NIA/mcm/41.smt2,48.8238,792,6000,成功
/pub/data/jiafq/iscas/Parser_Comparison/../benchmarks/part75/non-incremental/QF_NIA/mcm/42.smt2,38.2831,528,4567,成功
/pub/data/jiafq/iscas/Parser_Comparison/../benchmarks/part75/non-incremental/QF_NIA/mcm/43.smt2,52.2866,792,7190,成功
/pub/data/jiafq/iscas/Parser_Comparison/../benchmarks/part75/non-incremental/QF_NIA/mcm/44.smt2,38.8336,528,5181,成功
/pub/data/jiafq/iscas/Parser_Comparison/../benchmarks/part75/non-incremental/QF_NIA/mcm/45.smt2,32.3589,528,4249,成功
/pub/data/jiafq/iscas/Parser_Comparison/../benchmarks/part75/non-incremental/QF_NIA/mcm/46.smt2,90.9908,1320,12085,成功
/pub/data/jiafq/iscas/Parser_Comparison/../benchmarks/part75/non-incremental/QF_NIA/mcm/47.smt2,75.2981,1056,9716,成功
/pub/data/jiafq/iscas/Parser_Comparison/../benchmarks/part75/non-incremental/QF_NIA/mcm/48.smt2,72.4511,792,9540,成功
/pub/data/jiafq/iscas/Parser_Comparison/../benchmarks/part75/non-incremental/QF_NIA/mcm/49.smt2,58.0654,792,7510,成功
/pub/data/jiafq/iscas/Parser_Comparison/../benchmarks/part75/non-incremental/QF_NIA/mcm/50.smt2,75.6931,1056,9859,成功
/pub/data/jiafq/iscas/Parser_Comparison/../benchmarks/part75/non-incremental/QF_NIA/mcm/51.smt2,61.7325,792,7823,成功
/pub/data/jiafq/iscas/Parser_Comparison/../benchmarks/part75/non-incremental/QF_NIA/mcm/52.smt2,92.9887,1320,12231,成功
/pub/data/jiafq/iscas/Parser_Comparison/../benchmarks/part75/non-incremental/QF_NIA/mcm/53.smt2,76.3543,1056,9859,成功
/pub/data/jiafq/iscas/Parser_Comparison/../benchmarks/part75/non-incremental/QF_NIA/mcm/54.smt2,76.6518,1056,9859,成功
/pub/data/jiafq/iscas/Parser_Comparison/../benchmarks/part75/non-incremental/QF_NIA/mcm/55.smt2,61.0602,792,7823,成功
/pub/data/jiafq/iscas/Parser_Comparison/../benchmarks/part75/non-incremental/QF_NIA/mcm/56.smt2,111.347,1584,14966,成功
/pub/data/jiafq/iscas/Parser_Comparison/../benchmarks/part75/non-incremental/QF_NIA/mcm/57.smt2,92.8724,1320,12231,成功
/pub/data/jiafq/iscas/Parser_Comparison/../benchmarks/part75/non-incremental/QF_NIA/mcm/58.smt2,93.4134,1320,12231,成功
/pub/data/jiafq/iscas/Parser_Comparison/../benchmarks/part75/non-incremental/QF_NIA/mcm/59.smt2,76.3571,1056,9859,成功
/pub/data/jiafq/iscas/Parser_Comparison/../benchmarks/part75/non-incremental/QF_NIA/mcm/60.smt2,92.6692,1320,12231,成功
/pub/data/jiafq/iscas/Parser_Comparison/../benchmarks/part75/non-incremental/QF_NIA/mcm/61.smt2,75.7792,1056,9859,成功
/pub/data/jiafq/iscas/Parser_Comparison/../benchmarks/part75/non-incremental/QF_NIA/mcm/62.smt2,94.0669,1320,12231,成功
/pub/data/jiafq/iscas/Parser_Comparison/../benchmarks/part75/non-incremental/QF_NIA/mcm/63.smt2,77.1911,1056,9859,成功
/pub/data/jiafq/iscas/Parser_Comparison/../benchmarks/part75/non-incremental/QF_NIA/mcm/64.smt2,92.3741,1320,12231,成功
/pub/data/jiafq/iscas/Parser_Comparison/../benchmarks/part75/non-incremental/QF_NIA/mcm/65.smt2,76.0674,1056,9859,成功
/pub/data/jiafq/iscas/Parser_Comparison/../benchmarks/part75/non-incremental/QF_NIA/mcm/66.smt2,91.9209,1320,12231,成功
/pub/data/jiafq/iscas/Parser_Comparison/../benchmarks/part75/non-incremental/QF_NIA/mcm/67.smt2,75.87,1056,9859,成功
/pub/data/jiafq/iscas/Parser_Comparison/../benchmarks/part75/non-incremental/QF_NIA/mcm/68.smt2,91.2006,1320,12085,成功
/pub/data/jiafq/iscas/Parser_Comparison/../benchmarks/part75/non-incremental/QF_NIA/mcm/69.smt2,74.434,1056,9716,成功
/pub/data/jiafq/iscas/Parser_Comparison/../benchmarks/part75/non-incremental/QF_NIA/mcm/70.smt2,90.7719,1320,12085,成功
/pub/data/jiafq/iscas/Parser_Comparison/../benchmarks/part75/non-incremental/QF_NIA/mcm/71.smt2,74.0499,1056,9716,成功
/pub/data/jiafq/iscas/Parser_Comparison/../benchmarks/part75/non-incremental/QF_NIA/mcm/72.smt2,76.2334,1056,9859,成功
/pub/data/jiafq/iscas/Parser_Comparison/../benchmarks/part75/non-incremental/QF_NIA/mcm/73.smt2,61.5356,792,7823,成功
/pub/data/jiafq/iscas/Parser_Comparison/../benchmarks/part75/non-incremental/QF_NIA/mcm/74.smt2,92.9239,1320,12231,成功
/pub/data/jiafq/iscas/Parser_Comparison/../benchmarks/part75/non-incremental/QF_NIA/mcm/75.smt2,75.9244,1056,9859,成功
/pub/data/jiafq/iscas/Parser_Comparison/../benchmarks/part75/non-incremental/QF_NIA/mcm/76.smt2,92.5946,1320,12231,成功
/pub/data/jiafq/iscas/Parser_Comparison/../benchmarks/part75/non-incremental/QF_NIA/mcm/77.smt2,75.9621,1056,9859,成功
/pub/data/jiafq/iscas/Parser_Comparison/../benchmarks/part75/non-incremental/QF_NIA/mcm/78.smt2,110.498,1584,14817,成功
/pub/data/jiafq/iscas/Parser_Comparison/../benchmarks/part75/non-incremental/QF_NIA/mcm/79.smt2,90.9381,1320,12085,成功
/pub/data/jiafq/iscas/Parser_Comparison/../benchmarks/part75/non-incremental/QF_NIA/mcm/80.smt2,95.7131,1320,12231,成功
/pub/data/jiafq/iscas/Parser_Comparison/../benchmarks/part75/non-incremental/QF_NIA/mcm/81.smt2,76.4978,1056,9859,成功
/pub/data/jiafq/iscas/Parser_Comparison/../benchmarks/part75/non-incremental/QF_NIA/mcm/82.smt2,88.9659,1320,11906,成功
/pub/data/jiafq/iscas/Parser_Comparison/../benchmarks/part75/non-incremental/QF_NIA/mcm/83.smt2,72.0239,792,9540,成功
/pub/data/jiafq/iscas/Parser_Comparison/../benchmarks/part75/non-incremental/QF_NIA/mcm/84.smt2,48.6543,792,6487,成功
/pub/data/jiafq/iscas/Parser_Comparison/../benchmarks/part75/non-incremental/QF_NIA/mcm/85.smt2,66.9639,792,8981,成功
/pub/data/jiafq/iscas/Parser_Comparison/../benchmarks/part75/non-incremental/QF_NIA/mcm/86.smt2,52.6738,792,6957,成功
/pub/data/jiafq/iscas/Parser_Comparison/../benchmarks/part75/non-incremental/QF_NIA/mcm/87.smt2,44.4894,792,5948,成功
/pub/data/jiafq/iscas/Parser_Comparison/../benchmarks/part75/non-incremental/QF_NIA/mcm/88.smt2,93.3709,1320,12231,成功
/pub/data/jiafq/iscas/Parser_Comparison/../benchmarks/part75/non-incremental/QF_NIA/mcm/89.smt2,75.4702,1056,9859,成功
/pub/data/jiafq/iscas/Parser_Comparison/../benchmarks/part75/non-incremental/QF_NIA/mcm/90.smt2,93.1747,1320,12231,成功
/pub/data/jiafq/iscas/Parser_Comparison/../benchmarks/part75/non-incremental/QF_NIA/mcm/91.smt2,76.0157,1056,9859,成功
/pub/data/jiafq/iscas/Parser_Comparison/../benchmarks/part75/non-incremental/QF_NIA/mcm/92.smt2,64.1427,792,8544,成功
/pub/data/jiafq/iscas/Parser_Comparison/../benchmarks/part75/non-incremental/QF_NIA/mcm/93.smt2,49.7828,792,6523,成功
/pub/data/jiafq/iscas/Parser_Comparison/../benchmarks/part75/non-incremental/QF_NIA/mcm/94.smt2,92.5899,1320,12231,成功
/pub/data/jiafq/iscas/Parser_Comparison/../benchmarks/part75/non-incremental/QF_NIA/mcm/95.smt2,76.5612,1056,9859,成功
/pub/data/jiafq/iscas/Parser_Comparison/../benchmarks/part75/non-incremental/QF_NIA/mcm/96.smt2,92.8614,1320,12231,成功
/pub/data/jiafq/iscas/Parser_Comparison/../benchmarks/part75/non-incremental/QF_NIA/mcm/97.smt2,76.6954,1056,9859,成功
/pub/data/jiafq/iscas/Parser_Comparison/../benchmarks/part75/non-incremental/QF_NIA/mcm/98.smt2,74.4839,1056,9716,成功
/pub/data/jiafq/iscas/Parser_Comparison/../benchmarks/part75/non-incremental/QF_NIA/mcm/99.smt2,60.6842,792,7683,成功
/pub/data/jiafq/iscas/Parser_Comparison/../benchmarks/part75/non-incremental/QF_NRA/20161105-Sturm-MBO/mbo_E1.smt2,53.3924,528,11638,成功
/pub/data/jiafq/iscas/Parser_Comparison/../benchmarks/part75/non-incremental/QF_NRA/20161105-Sturm-MBO/mbo_E10.smt2,8.85129,264,1422,成功
/pub/data/jiafq/iscas/Parser_Comparison/../benchmarks/part75/non-incremental/QF_NRA/20161105-Sturm-MBO/mbo_E10E11.smt2,28.671,264,5852,成功
/pub/data/jiafq/iscas/Parser_Comparison/../benchmarks/part75/non-incremental/QF_NRA/20161105-Sturm-MBO/mbo_E10E12.smt2,92.7365,792,19807,成功
/pub/data/jiafq/iscas/Parser_Comparison/../benchmarks/part75/non-incremental/QF_NRA/20161105-Sturm-MBO/mbo_E10E13.smt2,110.553,1056,23368,成功
/pub/data/jiafq/iscas/Parser_Comparison/../benchmarks/part75/non-incremental/QF_NRA/20161105-Sturm-MBO/mbo_E10E14.smt2,657.349,3960,156234,成功
/pub/data/jiafq/iscas/Parser_Comparison/../benchmarks/part75/non-incremental/QF_NRA/20161105-Sturm-MBO/mbo_E10E15.smt2,95.2363,792,19824,成功
/pub/data/jiafq/iscas/Parser_Comparison/../benchmarks/part75/non-incremental/QF_NRA/20161105-Sturm-MBO/mbo_E10E16.smt2,657.387,3888,160097,成功
/pub/data/jiafq/iscas/Parser_Comparison/../benchmarks/part75/non-incremental/QF_NRA/20161105-Sturm-MBO/mbo_E10E17.smt2,598.175,3384,144205,成功
/pub/data/jiafq/iscas/Parser_Comparison/../benchmarks/part75/non-incremental/QF_NRA/20161105-Sturm-MBO/mbo_E10E18.smt2,565.644,3360,136856,成功
/pub/data/jiafq/iscas/Parser_Comparison/../benchmarks/part75/non-incremental/QF_NRA/20161105-Sturm-MBO/mbo_E10E19.smt2,630.442,4052,146380,成功
/pub/data/jiafq/iscas/Parser_Comparison/../benchmarks/part75/non-incremental/QF_NRA/20161105-Sturm-MBO/mbo_E10E20.smt2,70.7135,528,15424,成功
/pub/data/jiafq/iscas/Parser_Comparison/../benchmarks/part75/non-incremental/QF_NRA/20161105-Sturm-MBO/mbo_E10E21.smt2,53.1161,528,11215,成功
/pub/data/jiafq/iscas/Parser_Comparison/../benchmarks/part75/non-incremental/QF_NRA/20161105-Sturm-MBO/mbo_E10E22.smt2,451.763,2852,107094,成功
/pub/data/jiafq/iscas/Parser_Comparison/../benchmarks/part75/non-incremental/QF_NRA/20161105-Sturm-MBO/mbo_E10E23.smt2,378.524,2544,90080,成功
/pub/data/jiafq/iscas/Parser_Comparison/../benchmarks/part75/non-incremental/QF_NRA/20161105-Sturm-MBO/mbo_E10E24.smt2,556.521,3540,125974,成功
/pub/data/jiafq/iscas/Parser_Comparison/../benchmarks/part75/non-incremental/QF_NRA/20161105-Sturm-MBO/mbo_E10E25.smt2,514.734,3168,122158,成功
/pub/data/jiafq/iscas/Parser_Comparison/../benchmarks/part75/non-incremental/QF_NRA/20161105-Sturm-MBO/mbo_E10E26.smt2,440.774,2728,105455,成功
/pub/data/jiafq/iscas/Parser_Comparison/../benchmarks/part75/non-incremental/QF_NRA/20161105-Sturm-MBO/mbo_E10E27.smt2,101.602,792,22932,成功
/pub/data/jiafq/iscas/Parser_Comparison/../benchmarks/part75/non-incremental/QF_NRA/20161105-Sturm-MBO/mbo_E10E28.smt2,478.544,3108,109558,成功
/pub/data/jiafq/iscas/Parser_Comparison/../benchmarks/part75/non-incremental/QF_NRA/20161105-Sturm-MBO/mbo_E11.smt2,0.841141,0,11,成功
/pub/data/jiafq/iscas/Parser_Comparison/../benchmarks/part75/non-incremental/QF_NRA/20161105-Sturm-MBO/mbo_E11E12.smt2,49.9468,528,11592,成功
/pub/data/jiafq/iscas/Parser_Comparison/../benchmarks/part75/non-incremental/QF_NRA/20161105-Sturm-MBO/mbo_E11E13.smt2,62.87,528,14098,成功
/pub/data/jiafq/iscas/Parser_Comparison/../benchmarks/part75/non-incremental/QF_NRA/20161105-Sturm-MBO/mbo_E11E14.smt2,60.9045,528,13554,成功
/pub/data/jiafq/iscas/Parser_Comparison/../benchmarks/part75/non-incremental/QF_NRA/20161105-Sturm-MBO/mbo_E11E15.smt2,52.4035,528,11608,成功
/pub/data/jiafq/iscas/Parser_Comparison/../benchmarks/part75/non-incremental/QF_NRA/20161105-Sturm-MBO/mbo_E11E16.smt2,4.22692,0,582,成功
/pub/data/jiafq/iscas/Parser_Comparison/../benchmarks/part75/non-incremental/QF_NRA/20161105-Sturm-MBO/mbo_E11E17.smt2,19.4325,264,4094,成功
/pub/data/jiafq/iscas/Parser_Comparison/../benchmarks/part75/non-incremental/QF_NRA/20161105-Sturm-MBO/mbo_E11E18.smt2,255.391,1584,66281,成功
/pub/data/jiafq/iscas/Parser_Comparison/../benchmarks/part75/non-incremental/QF_NRA/20161105-Sturm-MBO/mbo_E11E19.smt2,253.572,1584,66307,成功
/pub/data/jiafq/iscas/Parser_Comparison/../benchmarks/part75/non-incremental/QF_NRA/20161105-Sturm-MBO/mbo_E11E20.smt2,31.4357,264,6975,成功
/pub/data/jiafq/iscas/Parser_Comparison/../benchmarks/part75/non-incremental/QF_NRA/20161105-Sturm-MBO/mbo_E11E21.smt2,2.66075,0,286,成功
/pub/data/jiafq/iscas/Parser_Comparison/../benchmarks/part75/non-incremental/QF_NRA/20161105-Sturm-MBO/mbo_E11E22.smt2,38.111,264,8453,成功
/pub/data/jiafq/iscas/Parser_Comparison/../benchmarks/part75/non-incremental/QF_NRA/20161105-Sturm-MBO/mbo_E11E23.smt2,2.76399,0,306,成功
/pub/data/jiafq/iscas/Parser_Comparison/../benchmarks/part75/non-incremental/QF_NRA/20161105-Sturm-MBO/mbo_E11E24.smt2,180.221,1056,45978,成功
/pub/data/jiafq/iscas/Parser_Comparison/../benchmarks/part75/non-incremental/QF_NRA/20161105-Sturm-MBO/mbo_E11E25.smt2,41.1286,528,9207,成功
/pub/data/jiafq/iscas/Parser_Comparison/../benchmarks/part75/non-incremental/QF_NRA/20161105-Sturm-MBO/mbo_E11E26.smt2,2.91085,0,334,成功
/pub/data/jiafq/iscas/Parser_Comparison/../benchmarks/part75/non-incremental/QF_NRA/20161105-Sturm-MBO/mbo_E11E27.smt2,1.1282,0,23,成功
/pub/data/jiafq/iscas/Parser_Comparison/../benchmarks/part75/non-incremental/QF_NRA/20161105-Sturm-MBO/mbo_E11E28.smt2,12.2719,264,2369,成功
/pub/data/jiafq/iscas/Parser_Comparison/../benchmarks/part75/non-incremental/QF_NRA/20161105-Sturm-MBO/mbo_E12.smt2,12.4714,264,2121,成功
/pub/data/jiafq/iscas/Parser_Comparison/../benchmarks/part75/non-incremental/QF_NRA/20161105-Sturm-MBO/mbo_E12E13.smt2,693.642,4096,163965,成功
/pub/data/jiafq/iscas/Parser_Comparison/../benchmarks/part75/non-incremental/QF_NRA/20161105-Sturm-MBO/mbo_E12E14.smt2,739.13,5612,166620,成功
/pub/data/jiafq/iscas/Parser_Comparison/../benchmarks/part75/non-incremental/QF_NRA/20161105-Sturm-MBO/mbo_E12E15.smt2,102.436,1056,20530,成功
/pub/data/jiafq/iscas/Parser_Comparison/../benchmarks/part75/non-incremental/QF_NRA/20161105-Sturm-MBO/mbo_E12E16.smt2,745.872,5112,172450,成功
/pub/data/jiafq/iscas/Parser_Comparison/../benchmarks/part75/non-incremental/QF_NRA/20161105-Sturm-MBO/mbo_E12E17.smt2,701.332,4224,162967,成功
/pub/data/jiafq/iscas/Parser_Comparison/../benchmarks/part75/non-incremental/QF_NRA/20161105-Sturm-MBO/mbo_E12E18.smt2,700.918,4444,159618,成功
/pub/data/jiafq/iscas/Parser_Comparison/../benchmarks/part75/non-incremental/QF_NRA/20161105-Sturm-MBO/mbo_E12E19.smt2,638.206,3784,150964,成功
/pub/data/jiafq/iscas/Parser_Comparison/../benchmarks/part75/non-incremental/QF_NRA/20161105-Sturm-MBO/mbo_E12E20.smt2,498.521,3292,113936,成功
/pub/data/jiafq/iscas/Parser_Comparison/../benchmarks/part75/non-incremental/QF_NRA/20161105-Sturm-MBO/mbo_E12E21.smt2,392.828,2640,92733,成功
/pub/data/jiafq/iscas/Parser_Comparison/../benchmarks/part75/non-incremental/QF_NRA/20161105-Sturm-MBO/mbo_E12E22.smt2,86.0868,792,18446,成功
/pub/data/jiafq/iscas/Parser_Comparison/../benchmarks/part75/non-incremental/QF_NRA/20161105-Sturm-MBO/mbo_E12E23.smt2,62.5684,528,13311,成功
/pub/data/jiafq/iscas/Parser_Comparison/../benchmarks/part75/non-incremental/QF_NRA/20161105-Sturm-MBO/mbo_E12E24.smt2,581.652,3872,130659,成功
/pub/data/jiafq/iscas/Parser_Comparison/../benchmarks/part75/non-incremental/QF_NRA/20161105-Sturm-MBO/mbo_E12E25.smt2,566.617,3620,126791,成功
/pub/data/jiafq/iscas/Parser_Comparison/../benchmarks/part75/non-incremental/QF_NRA/20161105-Sturm-MBO/mbo_E12E26.smt2,483.469,3120,112295,成功
/pub/data/jiafq/iscas/Parser_Comparison/../benchmarks/part75/non-incremental/QF_NRA/20161105-Sturm-MBO/mbo_E12E27.smt2,132.765,792,30300,成功
/pub/data/jiafq/iscas/Parser_Comparison/../benchmarks/part75/non-incremental/QF_NRA/20161105-Sturm-MBO/mbo_E12E28.smt2,503.761,3204,117414,成功
/pub/data/jiafq/iscas/Parser_Comparison/../benchmarks/part75/non-incremental/QF_NRA/20161105-Sturm-MBO/mbo_E13.smt2,14.8706,264,2542,成功
/pub/data/jiafq/iscas/Parser_Comparison/../benchmarks/part75/non-incremental/QF_NRA/20161105-Sturm-MBO/mbo_E13E14.smt2,120.251,1056,24779,成功
/pub/data/jiafq/iscas/Parser_Comparison/../benchmarks/part75/non-incremental/QF_NRA/20161105-Sturm-MBO/mbo_E13E15.smt2,119.817,1056,23777,成功
/pub/data/jiafq/iscas/Parser_Comparison/../benchmarks/part75/non-incremental/QF_NRA/20161105-Sturm-MBO/mbo_E13E16.smt2,107.011,1056,22369,成功
/pub/data/jiafq/iscas/Parser_Comparison/../benchmarks/part75/non-incremental/QF_NRA/20161105-Sturm-MBO/mbo_E13E17.smt2,746.752,5288,170388,成功
/pub/data/jiafq/iscas/Parser_Comparison/../benchmarks/part75/non-incremental/QF_NRA/20161105-Sturm-MBO/mbo_E13E18.smt2,735.343,5452,164243,成功
/pub/data/jiafq/iscas/Parser_Comparison/../benchmarks/part75/non-incremental/QF_NRA/20161105-Sturm-MBO/mbo_E13E19.smt2,668.148,4096,155662,成功
/pub/data/jiafq/iscas/Parser_Comparison/../benchmarks/part75/non-incremental/QF_NRA/20161105-Sturm-MBO/mbo_E13E20.smt2,89.0689,792,18390,成功
/pub/data/jiafq/iscas/Parser_Comparison/../benchmarks/part75/non-incremental/QF_NRA/20161105-Sturm-MBO/mbo_E13E21.smt2,366.552,2112,86360,成功
/pub/data/jiafq/iscas/Parser_Comparison/../benchmarks/part75/non-incremental/QF_NRA/20161105-Sturm-MBO/mbo_E13E22.smt2,567.065,3628,125203,成功
/pub/data/jiafq/iscas/Parser_Comparison/../benchmarks/part75/non-incremental/QF_NRA/20161105-Sturm-MBO/mbo_E13E23.smt2,469.557,3120,109437,成功
/pub/data/jiafq/iscas/Parser_Comparison/../benchmarks/part75/non-incremental/QF_NRA/20161105-Sturm-MBO/mbo_E13E24.smt2,630.178,4392,135357,成功
/pub/data/jiafq/iscas/Parser_Comparison/../benchmarks/part75/non-incremental/QF_NRA/20161105-Sturm-MBO/mbo_E13E25.smt2,95.7835,792,19865,成功
/pub/data/jiafq/iscas/Parser_Comparison/../benchmarks/part75/non-incremental/QF_NRA/20161105-Sturm-MBO/mbo_E13E26.smt2,71.1272,792,14562,成功
/pub/data/jiafq/iscas/Parser_Comparison/../benchmarks/part75/non-incremental/QF_NRA/20161105-Sturm-MBO/mbo_E13E27.smt2,152.283,1056,34998,成功
/pub/data/jiafq/iscas/Parser_Comparison/../benchmarks/part75/non-incremental/QF_NRA/20161105-Sturm-MBO/mbo_E13E28.smt2,547.131,3536,123113,成功
/pub/data/jiafq/iscas/Parser_Comparison/../benchmarks/part75/non-incremental/QF_NRA/20161105-Sturm-MBO/mbo_E14.smt2,13.912,264,2384,成功
/pub/data/jiafq/iscas/Parser_Comparison/../benchmarks/part75/non-incremental/QF_NRA/20161105-Sturm-MBO/mbo_E14E15.smt2,117.537,1056,24133,成功
/pub/data/jiafq/iscas/Parser_Comparison/../benchmarks/part75/non-incremental/QF_NRA/20161105-Sturm-MBO/mbo_E14E16.smt2,98.9993,792,21382,成功
/pub/data/jiafq/iscas/Parser_Comparison/../benchmarks/part75/non-incremental/QF_NRA/20161105-Sturm-MBO/mbo_E14E17.smt2,695.419,4064,162987,成功
/pub/data/jiafq/iscas/Parser_Comparison/../benchmarks/part75/non-incremental/QF_NRA/20161105-Sturm-MBO/mbo_E14E18.smt2,682.195,4224,160212,成功
/pub/data/jiafq/iscas/Parser_Comparison/../benchmarks/part75/non-incremental/QF_NRA/20161105-Sturm-MBO/mbo_E14E19.smt2,708.06,5408,158234,成功
/pub/data/jiafq/iscas/Parser_Comparison/../benchmarks/part75/non-incremental/QF_NRA/20161105-Sturm-MBO/mbo_E14E20.smt2,523.462,3432,120622,成功
/pub/data/jiafq/iscas/Parser_Comparison/../benchmarks/part75/non-incremental/QF_NRA/20161105-Sturm-MBO/mbo_E14E21.smt2,419.031,2816,98784,成功
/pub/data/jiafq/iscas/Parser_Comparison/../benchmarks/part75/non-incremental/QF_NRA/20161105-Sturm-MBO/mbo_E14E22.smt2,564.393,3676,128971,成功
/pub/data/jiafq/iscas/Parser_Comparison/../benchmarks/part75/non-incremental/QF_NRA/20161105-Sturm-MBO/mbo_E14E23.smt2,472.028,3168,108886,成功
/pub/data/jiafq/iscas/Parser_Comparison/../benchmarks/part75/non-incremental/QF_NRA/20161105-Sturm-MBO/mbo_E14E24.smt2,607.646,4108,137718,成功
/pub/data/jiafq/iscas/Parser_Comparison/../benchmarks/part75/non-incremental/QF_NRA/20161105-Sturm-MBO/mbo_E14E25.smt2,92.716,792,19704,成功
/pub/data/jiafq/iscas/Parser_Comparison/../benchmarks/part75/non-incremental/QF_NRA/20161105-Sturm-MBO/mbo_E14E26.smt2,68.5077,792,14366,成功
/pub/data/jiafq/iscas/Parser_Comparison/../benchmarks/part75/non-incremental/QF_NRA/20161105-Sturm-MBO/mbo_E14E27.smt2,152.715,1056,34164,成功
/pub/data/jiafq/iscas/Parser_Comparison/../benchmarks/part75/non-incremental/QF_NRA/20161105-Sturm-MBO/mbo_E14E28.smt2,548.292,3644,125084,成功
/pub/data/jiafq/iscas/Parser_Comparison/../benchmarks/part75/non-incremental/QF_NRA/20161105-Sturm-MBO/mbo_E15.smt2,13.4661,264,2145,成功
/pub/data/jiafq/iscas/Parser_Comparison/../benchmarks/part75/non-incremental/QF_NRA/20161105-Sturm-MBO/mbo_E15E16.smt2,107.122,1056,21890,成功
/pub/data/jiafq/iscas/Parser_Comparison/../benchmarks/part75/non-incremental/QF_NRA/20161105-Sturm-MBO/mbo_E15E17.smt2,715.71,4420,163028,成功
/pub/data/jiafq/iscas/Parser_Comparison/../benchmarks/part75/non-incremental/QF_NRA/20161105-Sturm-MBO/mbo_E15E18.smt2,645.597,4456,143976,成功
/pub/data/jiafq/iscas/Parser_Comparison/../benchmarks/part75/non-incremental/QF_NRA/20161105-Sturm-MBO/mbo_E15E19.smt2,696.496,5388,150964,成功
/pub/data/jiafq/iscas/Parser_Comparison/../benchmarks/part75/non-incremental/QF_NRA/20161105-Sturm-MBO/mbo_E15E20.smt2,89.0791,792,17987,成功
/pub/data/jiafq/iscas/Parser_Comparison/../benchmarks/part75/non-incremental/QF_NRA/20161105-Sturm-MBO/mbo_E15E21.smt2,373.135,2904,82205,成功
/pub/data/jiafq/iscas/Parser_Comparison/../benchmarks/part75/non-incremental/QF_NRA/20161105-Sturm-MBO/mbo_E15E22.smt2,548.134,3804,121431,成功
/pub/data/jiafq/iscas/Parser_Comparison/../benchmarks/part75/non-incremental/QF_NRA/20161105-Sturm-MBO/mbo_E15E23.smt2,463.814,3056,102390,成功
/pub/data/jiafq/iscas/Parser_Comparison/../benchmarks/part75/non-incremental/QF_NRA/20161105-Sturm-MBO/mbo_E15E24.smt2,587.142,4192,130695,成功
/pub/data/jiafq/iscas/Parser_Comparison/../benchmarks/part75/non-incremental/QF_NRA/20161105-Sturm-MBO/mbo_E15E25.smt2,96.0839,792,19417,成功
/pub/data/jiafq/iscas/Parser_Comparison/../benchmarks/part75/non-incremental/QF_NRA/20161105-Sturm-MBO/mbo_E15E26.smt2,71.0199,792,14105,成功
/pub/data/jiafq/iscas/Parser_Comparison/../benchmarks/part75/non-incremental/QF_NRA/20161105-Sturm-MBO/mbo_E15E27.smt2,137.33,1056,30300,成功
/pub/data/jiafq/iscas/Parser_Comparison/../benchmarks/part75/non-incremental/QF_NRA/20161105-Sturm-MBO/mbo_E15E28.smt2,523.386,3592,117486,成功
/pub/data/jiafq/iscas/Parser_Comparison/../benchmarks/part75/non-incremental/QF_NRA/20161105-Sturm-MBO/mbo_E16.smt2,2.02107,0,154,成功
/pub/data/jiafq/iscas/Parser_Comparison/../benchmarks/part75/non-incremental/QF_NRA/20161105-Sturm-MBO/mbo_E16E17.smt2,30.9985,264,6206,成功
/pub/data/jiafq/iscas/Parser_Comparison/../benchmarks/part75/non-incremental/QF_NRA/20161105-Sturm-MBO/mbo_E16E18.smt2,751.171,4208,182505,成功
/pub/data/jiafq/iscas/Parser_Comparison/../benchmarks/part75/non-incremental/QF_NRA/20161105-Sturm-MBO/mbo_E16E19.smt2,803.545,5216,185331,成功
/pub/data/jiafq/iscas/Parser_Comparison/../benchmarks/part75/non-incremental/QF_NRA/20161105-Sturm-MBO/mbo_E16E20.smt2,529.161,3068,129430,成功
/pub/data/jiafq/iscas/Parser_Comparison/../benchmarks/part75/non-incremental/QF_NRA/20161105-Sturm-MBO/mbo_E16E21.smt2,24.2326,264,4690,成功
/pub/data/jiafq/iscas/Parser_Comparison/../benchmarks/part75/non-incremental/QF_NRA/20161105-Sturm-MBO/mbo_E16E22.smt2,547.235,3124,134177,成功
/pub/data/jiafq/iscas/Parser_Comparison/../benchmarks/part75/non-incremental/QF_NRA/20161105-Sturm-MBO/mbo_E16E23.smt2,24.5116,264,4911,成功
/pub/data/jiafq/iscas/Parser_Comparison/../benchmarks/part75/non-incremental/QF_NRA/20161105-Sturm-MBO/mbo_E16E24.smt2,643.233,3748,152500,成功
/pub/data/jiafq/iscas/Parser_Comparison/../benchmarks/part75/non-incremental/QF_NRA/20161105-Sturm-MBO/mbo_E16E25.smt2,83.7507,792,18444,成功
/pub/data/jiafq/iscas/Parser_Comparison/../benchmarks/part75/non-incremental/QF_NRA/20161105-Sturm-MBO/mbo_E16E26.smt2,4.48537,0,564,成功
/pub/data/jiafq/iscas/Parser_Comparison/../benchmarks/part75/non-incremental/QF_NRA/20161105-Sturm-MBO/mbo_E16E27.smt2,11.7245,264,1981,成功
/pub/data/jiafq/iscas/Parser_Comparison/../benchmarks/part75/non-incremental/QF_NRA/20161105-Sturm-MBO/mbo_E16E28.smt2,30.6342,264,5785,成功
/pub/data/jiafq/iscas/Parser_Comparison/../benchmarks/part75/non-incremental/QF_NRA/20161105-Sturm-MBO/mbo_E17.smt2,1.93024,0,138,成功
/pub/data/jiafq/iscas/Parser_Comparison/../benchmarks/part75/non-incremental/QF_NRA/20161105-Sturm-MBO/mbo_E17E18.smt2,94.6922,792,21659,成功
/pub/data/jiafq/iscas/Parser_Comparison/../benchmarks/part75/non-incremental/QF_NRA/20161105-Sturm-MBO/mbo_E17E19.smt2,728.673,4112,174565,成功
/pub/data/jiafq/iscas/Parser_Comparison/../benchmarks/part75/non-incremental/QF_NRA/20161105-Sturm-MBO/mbo_E17E20.smt2,499.042,2832,121488,成功
/pub/data/jiafq/iscas/Parser_Comparison/../benchmarks/part75/non-incremental/QF_NRA/20161105-Sturm-MBO/mbo_E17E21.smt2,21.7922,264,4316,成功
/pub/data/jiafq/iscas/Parser_Comparison/../benchmarks/part75/non-incremental/QF_NRA/20161105-Sturm-MBO/mbo_E17E22.smt2,71.8105,528,16511,成功
/pub/data/jiafq/iscas/Parser_Comparison/../benchmarks/part75/non-incremental/QF_NRA/20161105-Sturm-MBO/mbo_E17E23.smt2,3.80325,0,491,成功
/pub/data/jiafq/iscas/Parser_Comparison/../benchmarks/part75/non-incremental/QF_NRA/20161105-Sturm-MBO/mbo_E17E24.smt2,572.212,3432,141727,成功
/pub/data/jiafq/iscas/Parser_Comparison/../benchmarks/part75/non-incremental/QF_NRA/20161105-Sturm-MBO/mbo_E17E25.smt2,547.445,3096,135475,成功
/pub/data/jiafq/iscas/Parser_Comparison/../benchmarks/part75/non-incremental/QF_NRA/20161105-Sturm-MBO/mbo_E17E26.smt2,26.396,264,5272,成功
/pub/data/jiafq/iscas/Parser_Comparison/../benchmarks/part75/non-incremental/QF_NRA/20161105-Sturm-MBO/mbo_E17E27.smt2,9.59206,264,1607,成功
/pub/data/jiafq/iscas/Parser_Comparison/../benchmarks/part75/non-incremental/QF_NRA/20161105-Sturm-MBO/mbo_E17E28.smt2,28.1491,264,5405,成功
/pub/data/jiafq/iscas/Parser_Comparison/../benchmarks/part75/non-incremental/QF_NRA/20161105-Sturm-MBO/mbo_E18.smt2,12.6026,264,2206,成功
/pub/data/jiafq/iscas/Parser_Comparison/../benchmarks/part75/non-incremental/QF_NRA/20161105-Sturm-MBO/mbo_E18E19.smt2,672.321,4152,153045,成功
/pub/data/jiafq/iscas/Parser_Comparison/../benchmarks/part75/non-incremental/QF_NRA/20161105-Sturm-MBO/mbo_E18E20.smt2,488.516,3104,115947,成功
/pub/data/jiafq/iscas/Parser_Comparison/../benchmarks/part75/non-incremental/QF_NRA/20161105-Sturm-MBO/mbo_E18E21.smt2,400.898,2640,96119,成功
/pub/data/jiafq/iscas/Parser_Comparison/../benchmarks/part75/non-incremental/QF_NRA/20161105-Sturm-MBO/mbo_E18E22.smt2,81.691,792,17902,成功
/pub/data/jiafq/iscas/Parser_Comparison/../benchmarks/part75/non-incremental/QF_NRA/20161105-Sturm-MBO/mbo_E18E23.smt2,60.6282,528,13020,成功
/pub/data/jiafq/iscas/Parser_Comparison/../benchmarks/part75/non-incremental/QF_NRA/20161105-Sturm-MBO/mbo_E18E24.smt2,583.889,3848,132701,成功
/pub/data/jiafq/iscas/Parser_Comparison/../benchmarks/part75/non-incremental/QF_NRA/20161105-Sturm-MBO/mbo_E18E25.smt2,538.803,3124,127376,成功
/pub/data/jiafq/iscas/Parser_Comparison/../benchmarks/part75/non-incremental/QF_NRA/20161105-Sturm-MBO/mbo_E18E26.smt2,462.375,2872,110342,成功
/pub/data/jiafq/iscas/Parser_Comparison/../benchmarks/part75/non-incremental/QF_NRA/20161105-Sturm-MBO/mbo_E18E27.smt2,113.872,792,26521,成功
/pub/data/jiafq/iscas/Parser_Comparison/../benchmarks/part75/non-incremental/QF_NRA/20161105-Sturm-MBO/mbo_E18E28.smt2,515.42,3168,119868,成功
/pub/data/jiafq/iscas/Parser_Comparison/../benchmarks/part75/non-incremental/QF_NRA/20161105-Sturm-MBO/mbo_E19.smt2,12.5556,264,2121,成功
/pub/data/jiafq/iscas/Parser_Comparison/../benchmarks/part75/non-incremental/QF_NRA/20161105-Sturm-MBO/mbo_E19E20.smt2,73.1511,792,15413,成功
/pub/data/jiafq/iscas/Parser_Comparison/../benchmarks/part75/non-incremental/QF_NRA/20161105-Sturm-MBO/mbo_E19E21.smt2,51.2609,528,10615,成功
/pub/data/jiafq/iscas/Parser_Comparison/../benchmarks/part75/non-incremental/QF_NRA/20161105-Sturm-MBO/mbo_E19E22.smt2,516.24,3308,117371,成功
/pub/data/jiafq/iscas/Parser_Comparison/../benchmarks/part75/non-incremental/QF_NRA/20161105-Sturm-MBO/mbo_E19E23.smt2,423.734,2904,99936,成功
/pub/data/jiafq/iscas/Parser_Comparison/../benchmarks/part75/non-incremental/QF_NRA/20161105-Sturm-MBO/mbo_E19E24.smt2,579.792,3908,127525,成功
/pub/data/jiafq/iscas/Parser_Comparison/../benchmarks/part75/non-incremental/QF_NRA/20161105-Sturm-MBO/mbo_E19E25.smt2,535.957,3308,123609,成功
/pub/data/jiafq/iscas/Parser_Comparison/../benchmarks/part75/non-incremental/QF_NRA/20161105-Sturm-MBO/mbo_E19E26.smt2,455.114,2840,106791,成功
/pub/data/jiafq/iscas/Parser_Comparison/../benchmarks/part75/non-incremental/QF_NRA/20161105-Sturm-MBO/mbo_E19E27.smt2,117.315,792,27166,成功
/pub/data/jiafq/iscas/Parser_Comparison/../benchmarks/part75/non-incremental/QF_NRA/20161105-Sturm-MBO/mbo_E19E28.smt2,487.113,3136,111569,成功
/pub/data/jiafq/iscas/Parser_Comparison/../benchmarks/part75/non-incremental/QF_NRA/20161105-Sturm-MBO/mbo_E1E10.smt2,688.984,4356,156760,成功
/pub/data/jiafq/iscas/Parser_Comparison/../benchmarks/part75/non-incremental/QF_NRA/20161105-Sturm-MBO/mbo_E1E11.smt2,265.894,1848,61109,成功
/pub/data/jiafq/iscas/Parser_Comparison/../benchmarks/part75/non-incremental/QF_NRA/20161105-Sturm-MBO/mbo_E1E12.smt2,742.245,5440,164281,成功
/pub/data/jiafq/iscas/Parser_Comparison/../benchmarks/part75/non-incremental/QF_NRA/20161105-Sturm-MBO/mbo_E1E13.smt2,763.369,5364,171958,成功
/pub/data/jiafq/iscas/Parser_Comparison/../benchmarks/part75/non-incremental/QF_NRA/20161105-Sturm-MBO/mbo_E1E14.smt2,775.054,5516,176105,成功
/pub/data/jiafq/iscas/Parser_Comparison/../benchmarks/part75/non-incremental/QF_NRA/20161105-Sturm-MBO/mbo_E1E15.smt2,751.221,5808,164281,成功
/pub/data/jiafq/iscas/Parser_Comparison/../benchmarks/part75/non-incremental/QF_NRA/20161105-Sturm-MBO/mbo_E1E16.smt2,822.944,5392,187041,成功
/pub/data/jiafq/iscas/Parser_Comparison/../benchmarks/part75/non-incremental/QF_NRA/20161105-Sturm-MBO/mbo_E1E17.smt2,732.697,4344,172700,成功
/pub/data/jiafq/iscas/Parser_Comparison/../benchmarks/part75/non-incremental/QF_NRA/20161105-Sturm-MBO/mbo_E1E18.smt2,730.719,4604,167533,成功
/pub/data/jiafq/iscas/Parser_Comparison/../benchmarks/part75/non-incremental/QF_NRA/20161105-Sturm-MBO/mbo_E1E19.smt2,690.96,4416,158909,成功
/pub/data/jiafq/iscas/Parser_Comparison/../benchmarks/part75/non-incremental/QF_NRA/20161105-Sturm-MBO/mbo_E1E2.smt2,826.216,6212,177685,成功
/pub/data/jiafq/iscas/Parser_Comparison/../benchmarks/part75/non-incremental/QF_NRA/20161105-Sturm-MBO/mbo_E1E20.smt2,509.148,3092,119405,成功
/pub/data/jiafq/iscas/Parser_Comparison/../benchmarks/part75/non-incremental/QF_NRA/20161105-Sturm-MBO/mbo_E1E21.smt2,433.885,2708,103030,成功
/pub/data/jiafq/iscas/Parser_Comparison/../benchmarks/part75/non-incremental/QF_NRA/20161105-Sturm-MBO/mbo_E1E22.smt2,556.957,3568,128458,成功
/pub/data/jiafq/iscas/Parser_Comparison/../benchmarks/part75/non-incremental/QF_NRA/20161105-Sturm-MBO/mbo_E1E23.smt2,484.505,3108,112028,成功
/pub/data/jiafq/iscas/Parser_Comparison/../benchmarks/part75/non-incremental/QF_NRA/20161105-Sturm-MBO/mbo_E1E24.smt2,622.841,4412,138644,成功
/pub/data/jiafq/iscas/Parser_Comparison/../benchmarks/part75/non-incremental/QF_NRA/20161105-Sturm-MBO/mbo_E1E25.smt2,580.474,3572,134753,成功
/pub/data/jiafq/iscas/Parser_Comparison/../benchmarks/part75/non-incremental/QF_NRA/20161105-Sturm-MBO/mbo_E1E26.smt2,509.886,3108,118554,成功
/pub/data/jiafq/iscas/Parser_Comparison/../benchmarks/part75/non-incremental/QF_NRA/20161105-Sturm-MBO/mbo_E1E27.smt2,169.388,1056,38293,成功
/pub/data/jiafq/iscas/Parser_Comparison/../benchmarks/part75/non-incremental/QF_NRA/20161105-Sturm-MBO/mbo_E1E28.smt2,555.273,3556,127046,成功
/pub/data/jiafq/iscas/Parser_Comparison/../benchmarks/part75/non-incremental/QF_NRA/20161105-Sturm-MBO/mbo_E1E3.smt2,777.716,5728,177685,成功
/pub/data/jiafq/iscas/Parser_Comparison/../benchmarks/part75/non-incremental/QF_NRA/20161105-Sturm-MBO/mbo_E1E4.smt2,772.707,5600,171950,成功
/pub/data/jiafq/iscas/Parser_Comparison/../benchmarks/part75/non-incremental/QF_NRA/20161105-Sturm-MBO/mbo_E1E5.smt2,816.638,5392,190861,成功
/pub/data/jiafq/iscas/Parser_Comparison/../benchmarks/part75/non-incremental/QF_NRA/20161105-Sturm-MBO/mbo_E1E6.smt2,857.223,5924,191315,成功
/pub/data/jiafq/iscas/Parser_Comparison/../benchmarks/part75/non-incremental/QF_NRA/20161105-Sturm-MBO/mbo_E1E7.smt2,380.239,2904,84905,成功
/pub/data/jiafq/iscas/Parser_Comparison/../benchmarks/part75/non-incremental/QF_NRA/20161105-Sturm-MBO/mbo_E1E8.smt2,823.012,5976,177685,成功
/pub/data/jiafq/iscas/Parser_Comparison/../benchmarks/part75/non-incremental/QF_NRA/20161105-Sturm-MBO/mbo_E1E9.smt2,746.394,4380,172862,成功
/pub/data/jiafq/iscas/Parser_Comparison/../benchmarks/part75/non-incremental/QF_NRA/20161105-Sturm-MBO/mbo_E2.smt2,58.82,528,11692,成功
/pub/data/jiafq/iscas/Parser_Comparison/../benchmarks/part75/non-incremental/QF_NRA/20161105-Sturm-MBO/mbo_E20.smt2,1.97792,0,138,成功
/pub/data/jiafq/iscas/Parser_Comparison/../benchmarks/part75/non-incremental/QF_NRA/20161105-Sturm-MBO/mbo_E20E21.smt2,3.80492,0,470,成功
/pub/data/jiafq/iscas/Parser_Comparison/../benchmarks/part75/non-incremental/QF_NRA/20161105-Sturm-MBO/mbo_E20E22.smt2,28.81,264,5984,成功
/pub/data/jiafq/iscas/Parser_Comparison/../benchmarks/part75/non-incremental/QF_NRA/20161105-Sturm-MBO/mbo_E20E23.smt2,22.9857,264,4667,成功
/pub/data/jiafq/iscas/Parser_Comparison/../benchmarks/part75/non-incremental/QF_NRA/20161105-Sturm-MBO/mbo_E20E24.smt2,32.2065,264,6469,成功
/pub/data/jiafq/iscas/Parser_Comparison/../benchmarks/part75/non-incremental/QF_NRA/20161105-Sturm-MBO/mbo_E20E25.smt2,31.1582,264,6327,成功
/pub/data/jiafq/iscas/Parser_Comparison/../benchmarks/part75/non-incremental/QF_NRA/20161105-Sturm-MBO/mbo_E20E26.smt2,25.6326,264,5135,成功
/pub/data/jiafq/iscas/Parser_Comparison/../benchmarks/part75/non-incremental/QF_NRA/20161105-Sturm-MBO/mbo_E20E27.smt2,9.04131,264,1490,成功
/pub/data/jiafq/iscas/Parser_Comparison/../benchmarks/part75/non-incremental/QF_NRA/20161105-Sturm-MBO/mbo_E20E28.smt2,26.8836,264,5189,成功
/pub/data/jiafq/iscas/Parser_Comparison/../benchmarks/part75/non-incremental/QF_NRA/20161105-Sturm-MBO/mbo_E21.smt2,1.04761,0,16,成功
/pub/data/jiafq/iscas/Parser_Comparison/../benchmarks/part75/non-incremental/QF_NRA/20161105-Sturm-MBO/mbo_E21E22.smt2,25.4602,264,5328,成功
/pub/data/jiafq/iscas/Parser_Comparison/../benchmarks/part75/non-incremental/QF_NRA/20161105-Sturm-MBO/mbo_E21E23.smt2,2.12598,0,185,成功
/pub/data/jiafq/iscas/Parser_Comparison/../benchmarks/part75/non-incremental/QF_NRA/20161105-Sturm-MBO/mbo_E21E24.smt2,28.301,264,5789,成功
/pub/data/jiafq/iscas/Parser_Comparison/../benchmarks/part75/non-incremental/QF_NRA/20161105-Sturm-MBO/mbo_E21E25.smt2,25.7542,264,5352,成功
/pub/data/jiafq/iscas/Parser_Comparison/../benchmarks/part75/non-incremental/QF_NRA/20161105-Sturm-MBO/mbo_E21E26.smt2,2.30002,0,204,成功
/pub/data/jiafq/iscas/Parser_Comparison/../benchmarks/part75/non-incremental/QF_NRA/20161105-Sturm-MBO/mbo_E21E27.smt2,1.55854,0,82,成功
/pub/data/jiafq/iscas/Parser_Comparison/../benchmarks/part75/non-incremental/QF_NRA/20161105-Sturm-MBO/mbo_E21E28.smt2,2.33603,0,207,成功
/pub/data/jiafq/iscas/Parser_Comparison/../benchmarks/part75/non-incremental/QF_NRA/20161105-Sturm-MBO/mbo_E22.smt2,1.8971,0,137,成功
/pub/data/jiafq/iscas/Parser_Comparison/../benchmarks/part75/non-incremental/QF_NRA/20161105-Sturm-MBO/mbo_E22E23.smt2,4.03953,0,521,成功
/pub/data/jiafq/iscas/Parser_Comparison/../benchmarks/part75/non-incremental/QF_NRA/20161105-Sturm-MBO/mbo_E22E24.smt2,33.7372,264,6741,成功
/pub/data/jiafq/iscas/Parser_Comparison/../benchmarks/part75/non-incremental/QF_NRA/20161105-Sturm-MBO/mbo_E22E25.smt2,32.48,264,6612,成功
/pub/data/jiafq/iscas/Parser_Comparison/../benchmarks/part75/non-incremental/QF_NRA/20161105-Sturm-MBO/mbo_E22E26.smt2,26.7847,264,5337,成功
/pub/data/jiafq/iscas/Parser_Comparison/../benchmarks/part75/non-incremental/QF_NRA/20161105-Sturm-MBO/mbo_E22E27.smt2,10.3052,264,1762,成功
/pub/data/jiafq/iscas/Parser_Comparison/../benchmarks/part75/non-incremental/QF_NRA/20161105-Sturm-MBO/mbo_E22E28.smt2,28.8019,264,5566,成功
/pub/data/jiafq/iscas/Parser_Comparison/../benchmarks/part75/non-incremental/QF_NRA/20161105-Sturm-MBO/mbo_E23.smt2,1.01876,0,16,成功
/pub/data/jiafq/iscas/Parser_Comparison/../benchmarks/part75/non-incremental/QF_NRA/20161105-Sturm-MBO/mbo_E23E24.smt2,30.1995,264,6196,成功
/pub/data/jiafq/iscas/Parser_Comparison/../benchmarks/part75/non-incremental/QF_NRA/20161105-Sturm-MBO/mbo_E23E25.smt2,28.9426,264,6067,成功
/pub/data/jiafq/iscas/Parser_Comparison/../benchmarks/part75/non-incremental/QF_NRA/20161105-Sturm-MBO/mbo_E23E26.smt2,2.36797,0,217,成功
/pub/data/jiafq/iscas/Parser_Comparison/../benchmarks/part75/non-incremental/QF_NRA/20161105-Sturm-MBO/mbo_E23E27.smt2,1.69921,0,93,成功
/pub/data/jiafq/iscas/Parser_Comparison/../benchmarks/part75/non-incremental/QF_NRA/20161105-Sturm-MBO/mbo_E23E28.smt2,2.4879,0,218,成功
/pub/data/jiafq/iscas/Parser_Comparison/../benchmarks/part75/non-incremental/QF_NRA/20161105-Sturm-MBO/mbo_E24.smt2,4.95195,0,740,成功
/pub/data/jiafq/iscas/Parser_Comparison/../benchmarks/part75/non-incremental/QF_NRA/20161105-Sturm-MBO/mbo_E24E25.smt2,35.8148,264,6909,成功
/pub/data/jiafq/iscas/Parser_Comparison/../benchmarks/part75/non-incremental/QF_NRA/20161105-Sturm-MBO/mbo_E24E26.smt2,30.5433,264,5737,成功
/pub/data/jiafq/iscas/Parser_Comparison/../benchmarks/part75/non-incremental/QF_NRA/20161105-Sturm-MBO/mbo_E24E27.smt2,11.8291,264,2059,成功
/pub/data/jiafq/iscas/Parser_Comparison/../benchmarks/part75/non-incremental/QF_NRA/20161105-Sturm-MBO/mbo_E24E28.smt2,29.4182,264,5863,成功
/pub/data/jiafq/iscas/Parser_Comparison/../benchmarks/part75/non-incremental/QF_NRA/20161105-Sturm-MBO/mbo_E25.smt2,2.02298,0,154,成功
/pub/data/jiafq/iscas/Parser_Comparison/../benchmarks/part75/non-incremental/QF_NRA/20161105-Sturm-MBO/mbo_E25E26.smt2,4.4291,0,564,成功
/pub/data/jiafq/iscas/Parser_Comparison/../benchmarks/part75/non-incremental/QF_NRA/20161105-Sturm-MBO/mbo_E25E27.smt2,11.8732,264,1979,成功
/pub/data/jiafq/iscas/Parser_Comparison/../benchmarks/part75/non-incremental/QF_NRA/20161105-Sturm-MBO/mbo_E25E28.smt2,30.8769,264,5783,成功
/pub/data/jiafq/iscas/Parser_Comparison/../benchmarks/part75/non-incremental/QF_NRA/20161105-Sturm-MBO/mbo_E26.smt2,1.08814,0,18,成功
/pub/data/jiafq/iscas/Parser_Comparison/../benchmarks/part75/non-incremental/QF_NRA/20161105-Sturm-MBO/mbo_E26E27.smt2,1.76954,0,106,成功
/pub/data/jiafq/iscas/Parser_Comparison/../benchmarks/part75/non-incremental/QF_NRA/20161105-Sturm-MBO/mbo_E26E28.smt2,2.55322,0,231,成功
/pub/data/jiafq/iscas/Parser_Comparison/../benchmarks/part75/non-incremental/QF_NRA/20161105-Sturm-MBO/mbo_E27.smt2,0.838757,0,11,成功
/pub/data/jiafq/iscas/Parser_Comparison/../benchmarks/part75/non-incremental/QF_NRA/20161105-Sturm-MBO/mbo_E27E28.smt2,1.87087,0,141,成功
/pub/data/jiafq/iscas/Parser_Comparison/../benchmarks/part75/non-incremental/QF_NRA/20161105-Sturm-MBO/mbo_E28.smt2,1.38021,0,52,成功
/pub/data/jiafq/iscas/Parser_Comparison/../benchmarks/part75/non-incremental/QF_NRA/20161105-Sturm-MBO/mbo_E2E10.smt2,717.805,5448,156494,成功
/pub/data/jiafq/iscas/Parser_Comparison/../benchmarks/part75/non-incremental/QF_NRA/20161105-Sturm-MBO/mbo_E2E11.smt2,283.667,2112,61203,成功
/pub/data/jiafq/iscas/Parser_Comparison/../benchmarks/part75/non-incremental/QF_NRA/20161105-Sturm-MBO/mbo_E2E12.smt2,763.943,5936,164335,成功
/pub/data/jiafq/iscas/Parser_Comparison/../benchmarks/part75/non-incremental/QF_NRA/20161105-Sturm-MBO/mbo_E2E13.smt2,812.186,5952,172012,成功
/pub/data/jiafq/iscas/Parser_Comparison/../benchmarks/part75/non-incremental/QF_NRA/20161105-Sturm-MBO/mbo_E2E14.smt2,826.768,6036,176164,成功
/pub/data/jiafq/iscas/Parser_Comparison/../benchmarks/part75/non-incremental/QF_NRA/20161105-Sturm-MBO/mbo_E2E15.smt2,741.671,5408,164335,成功
/pub/data/jiafq/iscas/Parser_Comparison/../benchmarks/part75/non-incremental/QF_NRA/20161105-Sturm-MBO/mbo_E2E16.smt2,872.246,6164,188165,成功
/pub/data/jiafq/iscas/Parser_Comparison/../benchmarks/part75/non-incremental/QF_NRA/20161105-Sturm-MBO/mbo_E2E17.smt2,791.288,5812,173772,成功
/pub/data/jiafq/iscas/Parser_Comparison/../benchmarks/part75/non-incremental/QF_NRA/20161105-Sturm-MBO/mbo_E2E18.smt2,773.675,5904,167658,成功
/pub/data/jiafq/iscas/Parser_Comparison/../benchmarks/part75/non-incremental/QF_NRA/20161105-Sturm-MBO/mbo_E2E19.smt2,743.942,5944,159011,成功
/pub/data/jiafq/iscas/Parser_Comparison/../benchmarks/part75/non-incremental/QF_NRA/20161105-Sturm-MBO/mbo_E2E20.smt2,576.501,4176,122303,成功
/pub/data/jiafq/iscas/Parser_Comparison/../benchmarks/part75/non-incremental/QF_NRA/20161105-Sturm-MBO/mbo_E2E21.smt2,482.016,3568,103549,成功
/pub/data/jiafq/iscas/Parser_Comparison/../benchmarks/part75/non-incremental/QF_NRA/20161105-Sturm-MBO/mbo_E2E22.smt2,589.302,4388,128648,成功
/pub/data/jiafq/iscas/Parser_Comparison/../benchmarks/part75/non-incremental/QF_NRA/20161105-Sturm-MBO/mbo_E2E23.smt2,527.833,3576,112870,成功
/pub/data/jiafq/iscas/Parser_Comparison/../benchmarks/part75/non-incremental/QF_NRA/20161105-Sturm-MBO/mbo_E2E24.smt2,631.28,4204,138742,成功
/pub/data/jiafq/iscas/Parser_Comparison/../benchmarks/part75/non-incremental/QF_NRA/20161105-Sturm-MBO/mbo_E2E25.smt2,620.097,4392,134910,成功
/pub/data/jiafq/iscas/Parser_Comparison/../benchmarks/part75/non-incremental/QF_NRA/20161105-Sturm-MBO/mbo_E2E26.smt2,571.648,3840,123125,成功
/pub/data/jiafq/iscas/Parser_Comparison/../benchmarks/part75/non-incremental/QF_NRA/20161105-Sturm-MBO/mbo_E2E27.smt2,172.744,1056,38347,成功
/pub/data/jiafq/iscas/Parser_Comparison/../benchmarks/part75/non-incremental/QF_NRA/20161105-Sturm-MBO/mbo_E2E28.smt2,563.95,3868,127184,成功
/pub/data/jiafq/iscas/Parser_Comparison/../benchmarks/part75/non-incremental/QF_NRA/20161105-Sturm-MBO/mbo_E2E3.smt2,796.253,5916,177739,成功
/pub/data/jiafq/iscas/Parser_Comparison/../benchmarks/part75/non-incremental/QF_NRA/20161105-Sturm-MBO/mbo_E2E4.smt2,770.677,5576,171948,成功
/pub/data/jiafq/iscas/Parser_Comparison/../benchmarks/part75/non-incremental/QF_NRA/20161105-Sturm-MBO/mbo_E2E5.smt2,888.923,6472,195555,成功
/pub/data/jiafq/iscas/Parser_Comparison/../benchmarks/part75/non-incremental/QF_NRA/20161105-Sturm-MBO/mbo_E2E6.smt2,848.855,5948,191789,成功
/pub/data/jiafq/iscas/Parser_Comparison/../benchmarks/part75/non-incremental/QF_NRA/20161105-Sturm-MBO/mbo_E2E7.smt2,384.536,2640,84999,成功
/pub/data/jiafq/iscas/Parser_Comparison/../benchmarks/part75/non-incremental/QF_NRA/20161105-Sturm-MBO/mbo_E2E8.smt2,783.069,5864,177739,成功
/pub/data/jiafq/iscas/Parser_Comparison/../benchmarks/part75/non-incremental/QF_NRA/20161105-Sturm-MBO/mbo_E2E9.smt2,774.94,5656,173112,成功
/pub/data/jiafq/iscas/Parser_Comparison/../benchmarks/part75/non-incremental/QF_NRA/20161105-Sturm-MBO/mbo_E3.smt2,53.849,528,11692,成功
/pub/data/jiafq/iscas/Parser_Comparison/../benchmarks/part75/non-incremental/QF_NRA/20161105-Sturm-MBO/mbo_E3E10.smt2,718.088,5560,156398,成功
/pub/data/jiafq/iscas/Parser_Comparison/../benchmarks/part75/non-incremental/QF_NRA/20161105-Sturm-MBO/mbo_E3E11.smt2,277.339,1848,61203,成功
/pub/data/jiafq/iscas/Parser_Comparison/../benchmarks/part75/non-incremental/QF_NRA/20161105-Sturm-MBO/mbo_E3E12.smt2,712.474,4316,164335,成功
/pub/data/jiafq/iscas/Parser_Comparison/../benchmarks/part75/non-incremental/QF_NRA/20161105-Sturm-MBO/mbo_E3E13.smt2,762.63,5472,172012,成功
/pub/data/jiafq/iscas/Parser_Comparison/../benchmarks/part75/non-incremental/QF_NRA/20161105-Sturm-MBO/mbo_E3E14.smt2,797.107,5992,175701,成功
/pub/data/jiafq/iscas/Parser_Comparison/../benchmarks/part75/non-incremental/QF_NRA/20161105-Sturm-MBO/mbo_E3E15.smt2,748.333,5664,164335,成功
/pub/data/jiafq/iscas/Parser_Comparison/../benchmarks/part75/non-incremental/QF_NRA/20161105-Sturm-MBO/mbo_E3E16.smt2,839.85,6084,188097,成功
/pub/data/jiafq/iscas/Parser_Comparison/../benchmarks/part75/non-incremental/QF_NRA/20161105-Sturm-MBO/mbo_E3E17.smt2,785.013,5504,173696,成功
/pub/data/jiafq/iscas/Parser_Comparison/../benchmarks/part75/non-incremental/QF_NRA/20161105-Sturm-MBO/mbo_E3E18.smt2,763.668,5608,167665,成功
/pub/data/jiafq/iscas/Parser_Comparison/../benchmarks/part75/non-incremental/QF_NRA/20161105-Sturm-MBO/mbo_E3E19.smt2,688.977,4404,159011,成功
/pub/data/jiafq/iscas/Parser_Comparison/../benchmarks/part75/non-incremental/QF_NRA/20161105-Sturm-MBO/mbo_E3E20.smt2,538.945,3608,119543,成功
/pub/data/jiafq/iscas/Parser_Comparison/../benchmarks/part75/non-incremental/QF_NRA/20161105-Sturm-MBO/mbo_E3E21.smt2,453.233,3148,103066,成功
/pub/data/jiafq/iscas/Parser_Comparison/../benchmarks/part75/non-incremental/QF_NRA/20161105-Sturm-MBO/mbo_E3E22.smt2,562.474,3856,128552,成功
/pub/data/jiafq/iscas/Parser_Comparison/../benchmarks/part75/non-incremental/QF_NRA/20161105-Sturm-MBO/mbo_E3E23.smt2,504.025,3404,112798,成功
/pub/data/jiafq/iscas/Parser_Comparison/../benchmarks/part75/non-incremental/QF_NRA/20161105-Sturm-MBO/mbo_E3E24.smt2,596.638,3600,138706,成功
/pub/data/jiafq/iscas/Parser_Comparison/../benchmarks/part75/non-incremental/QF_NRA/20161105-Sturm-MBO/mbo_E3E25.smt2,617.296,4444,134838,成功
/pub/data/jiafq/iscas/Parser_Comparison/../benchmarks/part75/non-incremental/QF_NRA/20161105-Sturm-MBO/mbo_E3E26.smt2,544.563,3540,123065,成功
/pub/data/jiafq/iscas/Parser_Comparison/../benchmarks/part75/non-incremental/QF_NRA/20161105-Sturm-MBO/mbo_E3E27.smt2,163.892,1056,38347,成功
/pub/data/jiafq/iscas/Parser_Comparison/../benchmarks/part75/non-incremental/QF_NRA/20161105-Sturm-MBO/mbo_E3E28.smt2,540.448,3112,127136,成功
/pub/data/jiafq/iscas/Parser_Comparison/../benchmarks/part75/non-incremental/QF_NRA/20161105-Sturm-MBO/mbo_E3E4.smt2,754.549,5508,171955,成功
/pub/data/jiafq/iscas/Parser_Comparison/../benchmarks/part75/non-incremental/QF_NRA/20161105-Sturm-MBO/mbo_E3E5.smt2,869.162,6068,195531,成功
/pub/data/jiafq/iscas/Parser_Comparison/../benchmarks/part75/non-incremental/QF_NRA/20161105-Sturm-MBO/mbo_E3E6.smt2,834.408,5636,191765,成功
/pub/data/jiafq/iscas/Parser_Comparison/../benchmarks/part75/non-incremental/QF_NRA/20161105-Sturm-MBO/mbo_E3E7.smt2,359.676,2112,84999,成功
/pub/data/jiafq/iscas/Parser_Comparison/../benchmarks/part75/non-incremental/QF_NRA/20161105-Sturm-MBO/mbo_E3E8.smt2,806.182,6212,177739,成功
/pub/data/jiafq/iscas/Parser_Comparison/../benchmarks/part75/non-incremental/QF_NRA/20161105-Sturm-MBO/mbo_E3E9.smt2,767.542,5660,173094,成功
/pub/data/jiafq/iscas/Parser_Comparison/../benchmarks/part75/non-incremental/QF_NRA/20161105-Sturm-MBO/mbo_E4.smt2,39.9127,264,8672,成功
/pub/data/jiafq/iscas/Parser_Comparison/../benchmarks/part75/non-incremental/QF_NRA/20161105-Sturm-MBO/mbo_E4E10.smt2,595.14,3908,135225,成功
/pub/data/jiafq/iscas/Parser_Comparison/../benchmarks/part75/non-incremental/QF_NRA/20161105-Sturm-MBO/mbo_E4E11.smt2,224.846,1584,50608,成功
/pub/data/jiafq/iscas/Parser_Comparison/../benchmarks/part75/non-incremental/QF_NRA/20161105-Sturm-MBO/mbo_E4E12.smt2,738.337,5480,160981,成功
/pub/data/jiafq/iscas/Parser_Comparison/../benchmarks/part75/non-incremental/QF_NRA/20161105-Sturm-MBO/mbo_E4E13.smt2,781.458,5912,168658,成功
/pub/data/jiafq/iscas/Parser_Comparison/../benchmarks/part75/non-incremental/QF_NRA/20161105-Sturm-MBO/mbo_E4E14.smt2,710.542,5120,165028,成功
/pub/data/jiafq/iscas/Parser_Comparison/../benchmarks/part75/non-incremental/QF_NRA/20161105-Sturm-MBO/mbo_E4E15.smt2,735.86,5620,160951,成功
/pub/data/jiafq/iscas/Parser_Comparison/../benchmarks/part75/non-incremental/QF_NRA/20161105-Sturm-MBO/mbo_E4E16.smt2,775.208,5372,176257,成功
/pub/data/jiafq/iscas/Parser_Comparison/../benchmarks/part75/non-incremental/QF_NRA/20161105-Sturm-MBO/mbo_E4E17.smt2,662.345,4100,155917,成功
/pub/data/jiafq/iscas/Parser_Comparison/../benchmarks/part75/non-incremental/QF_NRA/20161105-Sturm-MBO/mbo_E4E18.smt2,639.999,3848,148151,成功
/pub/data/jiafq/iscas/Parser_Comparison/../benchmarks/part75/non-incremental/QF_NRA/20161105-Sturm-MBO/mbo_E4E19.smt2,724.356,5620,155656,成功
/pub/data/jiafq/iscas/Parser_Comparison/../benchmarks/part75/non-incremental/QF_NRA/20161105-Sturm-MBO/mbo_E4E20.smt2,522.171,3568,118786,成功
/pub/data/jiafq/iscas/Parser_Comparison/../benchmarks/part75/non-incremental/QF_NRA/20161105-Sturm-MBO/mbo_E4E21.smt2,439.475,2900,98874,成功
/pub/data/jiafq/iscas/Parser_Comparison/../benchmarks/part75/non-incremental/QF_NRA/20161105-Sturm-MBO/mbo_E4E22.smt2,553.93,3848,125146,成功
/pub/data/jiafq/iscas/Parser_Comparison/../benchmarks/part75/non-incremental/QF_NRA/20161105-Sturm-MBO/mbo_E4E23.smt2,480.465,3168,108246,成功
/pub/data/jiafq/iscas/Parser_Comparison/../benchmarks/part75/non-incremental/QF_NRA/20161105-Sturm-MBO/mbo_E4E24.smt2,573.403,3432,135299,成功
/pub/data/jiafq/iscas/Parser_Comparison/../benchmarks/part75/non-incremental/QF_NRA/20161105-Sturm-MBO/mbo_E4E25.smt2,580.918,3864,131469,成功
/pub/data/jiafq/iscas/Parser_Comparison/../benchmarks/part75/non-incremental/QF_NRA/20161105-Sturm-MBO/mbo_E4E26.smt2,518.944,3412,118525,成功
/pub/data/jiafq/iscas/Parser_Comparison/../benchmarks/part75/non-incremental/QF_NRA/20161105-Sturm-MBO/mbo_E4E27.smt2,127.109,792,28891,成功
/pub/data/jiafq/iscas/Parser_Comparison/../benchmarks/part75/non-incremental/QF_NRA/20161105-Sturm-MBO/mbo_E4E28.smt2,517.381,3120,122608,成功
/pub/data/jiafq/iscas/Parser_Comparison/../benchmarks/part75/non-incremental/QF_NRA/20161105-Sturm-MBO/mbo_E4E5.smt2,832.673,5672,190669,成功
/pub/data/jiafq/iscas/Parser_Comparison/../benchmarks/part75/non-incremental/QF_NRA/20161105-Sturm-MBO/mbo_E4E6.smt2,686.977,3884,164757,成功
/pub/data/jiafq/iscas/Parser_Comparison/../benchmarks/part75/non-incremental/QF_NRA/20161105-Sturm-MBO/mbo_E4E7.smt2,289.946,1848,68353,成功
/pub/data/jiafq/iscas/Parser_Comparison/../benchmarks/part75/non-incremental/QF_NRA/20161105-Sturm-MBO/mbo_E4E8.smt2,798.371,6000,174382,成功
/pub/data/jiafq/iscas/Parser_Comparison/../benchmarks/part75/non-incremental/QF_NRA/20161105-Sturm-MBO/mbo_E4E9.smt2,677.161,4192,154630,成功
/pub/data/jiafq/iscas/Parser_Comparison/../benchmarks/part75/non-incremental/QF_NRA/20161105-Sturm-MBO/mbo_E5.smt2,5.69057,0,868,成功
/pub/data/jiafq/iscas/Parser_Comparison/../benchmarks/part75/non-incremental/QF_NRA/20161105-Sturm-MBO/mbo_E5E10.smt2,770.192,4184,184132,成功
/pub/data/jiafq/iscas/Parser_Comparison/../benchmarks/part75/non-incremental/QF_NRA/20161105-Sturm-MBO/mbo_E5E11.smt2,20.5626,264,3873,成功
/pub/data/jiafq/iscas/Parser_Comparison/../benchmarks/part75/non-incremental/QF_NRA/20161105-Sturm-MBO/mbo_E5E12.smt2,833.189,5612,194640,成功
/pub/data/jiafq/iscas/Parser_Comparison/../benchmarks/part75/non-incremental/QF_NRA/20161105-Sturm-MBO/mbo_E5E13.smt2,873.538,5640,206203,成功
/pub/data/jiafq/iscas/Parser_Comparison/../benchmarks/part75/non-incremental/QF_NRA/20161105-Sturm-MBO/mbo_E5E15.smt2,853.947,5940,196189,成功
/pub/data/jiafq/iscas/Parser_Comparison/../benchmarks/part75/non-incremental/QF_NRA/20161105-Sturm-MBO/mbo_E5E16.smt2,42.3019,528,8414,成功
/pub/data/jiafq/iscas/Parser_Comparison/../benchmarks/part75/non-incremental/QF_NRA/20161105-Sturm-MBO/mbo_E5E17.smt2,38.178,264,7786,成功
/pub/data/jiafq/iscas/Parser_Comparison/../benchmarks/part75/non-incremental/QF_NRA/20161105-Sturm-MBO/mbo_E5E18.smt2,799.958,5084,194665,成功
/pub/data/jiafq/iscas/Parser_Comparison/../benchmarks/part75/non-incremental/QF_NRA/20161105-Sturm-MBO/mbo_E5E19.smt2,786.977,5124,187284,成功
/pub/data/jiafq/iscas/Parser_Comparison/../benchmarks/part75/non-incremental/QF_NRA/20161105-Sturm-MBO/mbo_E5E20.smt2,527.155,2904,132332,成功
/pub/data/jiafq/iscas/Parser_Comparison/../benchmarks/part75/non-incremental/QF_NRA/20161105-Sturm-MBO/mbo_E5E21.smt2,25.2869,264,4915,成功
/pub/data/jiafq/iscas/Parser_Comparison/../benchmarks/part75/non-incremental/QF_NRA/20161105-Sturm-MBO/mbo_E5E22.smt2,587.493,3408,141951,成功
/pub/data/jiafq/iscas/Parser_Comparison/../benchmarks/part75/non-incremental/QF_NRA/20161105-Sturm-MBO/mbo_E5E23.smt2,26.8533,264,5414,成功
/pub/data/jiafq/iscas/Parser_Comparison/../benchmarks/part75/non-incremental/QF_NRA/20161105-Sturm-MBO/mbo_E5E24.smt2,675.361,3960,158058,成功
/pub/data/jiafq/iscas/Parser_Comparison/../benchmarks/part75/non-incremental/QF_NRA/20161105-Sturm-MBO/mbo_E5E25.smt2,616.74,3344,148876,成功
/pub/data/jiafq/iscas/Parser_Comparison/../benchmarks/part75/non-incremental/QF_NRA/20161105-Sturm-MBO/mbo_E5E26.smt2,26.572,264,5427,成功
/pub/data/jiafq/iscas/Parser_Comparison/../benchmarks/part75/non-incremental/QF_NRA/20161105-Sturm-MBO/mbo_E5E27.smt2,13.4015,264,2411,成功
/pub/data/jiafq/iscas/Parser_Comparison/../benchmarks/part75/non-incremental/QF_NRA/20161105-Sturm-MBO/mbo_E5E28.smt2,30.8006,264,6041,成功
/pub/data/jiafq/iscas/Parser_Comparison/../benchmarks/part75/non-incremental/QF_NRA/20161105-Sturm-MBO/mbo_E5E6.smt2,43.4637,528,8541,成功
/pub/data/jiafq/iscas/Parser_Comparison/../benchmarks/part75/non-incremental/QF_NRA/20161105-Sturm-MBO/mbo_E5E7.smt2,26.0518,264,4854,成功
/pub/data/jiafq/iscas/Parser_Comparison/../benchmarks/part75/non-incremental/QF_NRA/20161105-Sturm-MBO/mbo_E5E8.smt2,899.871,6212,211951,成功
/pub/data/jiafq/iscas/Parser_Comparison/../benchmarks/part75/non-incremental/QF_NRA/20161105-Sturm-MBO/mbo_E5E9.smt2,38.6872,264,7713,成功
/pub/data/jiafq/iscas/Parser_Comparison/../benchmarks/part75/non-incremental/QF_NRA/20161105-Sturm-MBO/mbo_E6.smt2,4.95362,0,740,成功
/pub/data/jiafq/iscas/Parser_Comparison/../benchmarks/part75/non-incremental/QF_NRA/20161105-Sturm-MBO/mbo_E6E10.smt2,699.066,4224,166686,成功
/pub/data/jiafq/iscas/Parser_Comparison/../benchmarks/part75/non-incremental/QF_NRA/20161105-Sturm-MBO/mbo_E6E11.smt2,20.5019,264,3703,成功
/pub/data/jiafq/iscas/Parser_Comparison/../benchmarks/part75/non-incremental/QF_NRA/20161105-Sturm-MBO/mbo_E6E12.smt2,835.755,5660,193004,成功
/pub/data/jiafq/iscas/Parser_Comparison/../benchmarks/part75/non-incremental/QF_NRA/20161105-Sturm-MBO/mbo_E6E13.smt2,872.139,5936,202130,成功
/pub/data/jiafq/iscas/Parser_Comparison/../benchmarks/part75/non-incremental/QF_NRA/20161105-Sturm-MBO/mbo_E6E14.smt2,844.687,5676,196821,成功
/pub/data/jiafq/iscas/Parser_Comparison/../benchmarks/part75/non-incremental/QF_NRA/20161105-Sturm-MBO/mbo_E6E15.smt2,833.766,5668,193052,成功
/pub/data/jiafq/iscas/Parser_Comparison/../benchmarks/part75/non-incremental/QF_NRA/20161105-Sturm-MBO/mbo_E6E16.smt2,35.2206,264,6911,成功
/pub/data/jiafq/iscas/Parser_Comparison/../benchmarks/part75/non-incremental/QF_NRA/20161105-Sturm-MBO/mbo_E6E17.smt2,31.5368,264,6290,成功
/pub/data/jiafq/iscas/Parser_Comparison/../benchmarks/part75/non-incremental/QF_NRA/20161105-Sturm-MBO/mbo_E6E18.smt2,761.707,4368,182365,成功
/pub/data/jiafq/iscas/Parser_Comparison/../benchmarks/part75/non-incremental/QF_NRA/20161105-Sturm-MBO/mbo_E6E19.smt2,817.548,5540,184117,成功
/pub/data/jiafq/iscas/Parser_Comparison/../benchmarks/part75/non-incremental/QF_NRA/20161105-Sturm-MBO/mbo_E6E20.smt2,542.768,3416,130204,成功
/pub/data/jiafq/iscas/Parser_Comparison/../benchmarks/part75/non-incremental/QF_NRA/20161105-Sturm-MBO/mbo_E6E21.smt2,25.1923,264,4777,成功
/pub/data/jiafq/iscas/Parser_Comparison/../benchmarks/part75/non-incremental/QF_NRA/20161105-Sturm-MBO/mbo_E6E22.smt2,599.256,3584,143875,成功
/pub/data/jiafq/iscas/Parser_Comparison/../benchmarks/part75/non-incremental/QF_NRA/20161105-Sturm-MBO/mbo_E6E23.smt2,27.4107,264,5236,成功
/pub/data/jiafq/iscas/Parser_Comparison/../benchmarks/part75/non-incremental/QF_NRA/20161105-Sturm-MBO/mbo_E6E24.smt2,620.783,3352,153831,成功
/pub/data/jiafq/iscas/Parser_Comparison/../benchmarks/part75/non-incremental/QF_NRA/20161105-Sturm-MBO/mbo_E6E25.smt2,638.194,3740,150894,成功
/pub/data/jiafq/iscas/Parser_Comparison/../benchmarks/part75/non-incremental/QF_NRA/20161105-Sturm-MBO/mbo_E6E26.smt2,29.701,264,5737,成功
/pub/data/jiafq/iscas/Parser_Comparison/../benchmarks/part75/non-incremental/QF_NRA/20161105-Sturm-MBO/mbo_E6E27.smt2,11.7083,264,2059,成功
/pub/data/jiafq/iscas/Parser_Comparison/../benchmarks/part75/non-incremental/QF_NRA/20161105-Sturm-MBO/mbo_E6E28.smt2,28.7471,264,5863,成功
/pub/data/jiafq/iscas/Parser_Comparison/../benchmarks/part75/non-incremental/QF_NRA/20161105-Sturm-MBO/mbo_E6E7.smt2,23.7968,264,4679,成功
/pub/data/jiafq/iscas/Parser_Comparison/../benchmarks/part75/non-incremental/QF_NRA/20161105-Sturm-MBO/mbo_E6E8.smt2,909.333,6200,208814,成功
/pub/data/jiafq/iscas/Parser_Comparison/../benchmarks/part75/non-incremental/QF_NRA/20161105-Sturm-MBO/mbo_E6E9.smt2,32.7537,264,6352,成功
/pub/data/jiafq/iscas/Parser_Comparison/../benchmarks/part75/non-incremental/QF_NRA/20161105-Sturm-MBO/mbo_E7.smt2,1.07431,0,18,成功
/pub/data/jiafq/iscas/Parser_Comparison/../benchmarks/part75/non-incremental/QF_NRA/20161105-Sturm-MBO/mbo_E7E10.smt2,314.126,1848,77545,成功
/pub/data/jiafq/iscas/Parser_Comparison/../benchmarks/part75/non-incremental/QF_NRA/20161105-Sturm-MBO/mbo_E7E11.smt2,1.19066,0,30,成功
/pub/data/jiafq/iscas/Parser_Comparison/../benchmarks/part75/non-incremental/QF_NRA/20161105-Sturm-MBO/mbo_E7E12.smt2,389.086,2112,95117,成功
/pub/data/jiafq/iscas/Parser_Comparison/../benchmarks/part75/non-incremental/QF_NRA/20161105-Sturm-MBO/mbo_E7E13.smt2,424.153,2904,102794,成功
/pub/data/jiafq/iscas/Parser_Comparison/../benchmarks/part75/non-incremental/QF_NRA/20161105-Sturm-MBO/mbo_E7E14.smt2,423.289,2640,103247,成功
/pub/data/jiafq/iscas/Parser_Comparison/../benchmarks/part75/non-incremental/QF_NRA/20161105-Sturm-MBO/mbo_E7E15.smt2,388.713,2376,95117,成功
/pub/data/jiafq/iscas/Parser_Comparison/../benchmarks/part75/non-incremental/QF_NRA/20161105-Sturm-MBO/mbo_E7E16.smt2,27.5378,264,5549,成功
/pub/data/jiafq/iscas/Parser_Comparison/../benchmarks/part75/non-incremental/QF_NRA/20161105-Sturm-MBO/mbo_E7E17.smt2,24.5507,264,4924,成功
/pub/data/jiafq/iscas/Parser_Comparison/../benchmarks/part75/non-incremental/QF_NRA/20161105-Sturm-MBO/mbo_E7E18.smt2,385.813,2112,95495,成功
/pub/data/jiafq/iscas/Parser_Comparison/../benchmarks/part75/non-incremental/QF_NRA/20161105-Sturm-MBO/mbo_E7E19.smt2,371.691,2112,89793,成功
/pub/data/jiafq/iscas/Parser_Comparison/../benchmarks/part75/non-incremental/QF_NRA/20161105-Sturm-MBO/mbo_E7E20.smt2,203.053,1056,50293,成功
/pub/data/jiafq/iscas/Parser_Comparison/../benchmarks/part75/non-incremental/QF_NRA/20161105-Sturm-MBO/mbo_E7E21.smt2,11.3304,264,2079,成功
/pub/data/jiafq/iscas/Parser_Comparison/../benchmarks/part75/non-incremental/QF_NRA/20161105-Sturm-MBO/mbo_E7E22.smt2,237.412,1584,59278,成功
/pub/data/jiafq/iscas/Parser_Comparison/../benchmarks/part75/non-incremental/QF_NRA/20161105-Sturm-MBO/mbo_E7E23.smt2,13.4141,264,2566,成功
/pub/data/jiafq/iscas/Parser_Comparison/../benchmarks/part75/non-incremental/QF_NRA/20161105-Sturm-MBO/mbo_E7E24.smt2,269.284,1584,69464,成功
/pub/data/jiafq/iscas/Parser_Comparison/../benchmarks/part75/non-incremental/QF_NRA/20161105-Sturm-MBO/mbo_E7E25.smt2,266.424,1584,65573,成功
/pub/data/jiafq/iscas/Parser_Comparison/../benchmarks/part75/non-incremental/QF_NRA/20161105-Sturm-MBO/mbo_E7E26.smt2,15.7611,264,3067,成功
/pub/data/jiafq/iscas/Parser_Comparison/../benchmarks/part75/non-incremental/QF_NRA/20161105-Sturm-MBO/mbo_E7E27.smt2,1.14822,0,25,成功
/pub/data/jiafq/iscas/Parser_Comparison/../benchmarks/part75/non-incremental/QF_NRA/20161105-Sturm-MBO/mbo_E7E28.smt2,16.0627,264,3193,成功
/pub/data/jiafq/iscas/Parser_Comparison/../benchmarks/part75/non-incremental/QF_NRA/20161105-Sturm-MBO/mbo_E7E8.smt2,451.971,2904,108521,成功
/pub/data/jiafq/iscas/Parser_Comparison/../benchmarks/part75/non-incremental/QF_NRA/20161105-Sturm-MBO/mbo_E7E9.smt2,24.4598,264,4849,成功
/pub/data/jiafq/iscas/Parser_Comparison/../benchmarks/part75/non-incremental/QF_NRA/20161105-Sturm-MBO/mbo_E8.smt2,56.0746,528,11692,成功
/pub/data/jiafq/iscas/Parser_Comparison/../benchmarks/part75/non-incremental/QF_NRA/20161105-Sturm-MBO/mbo_E8E10.smt2,697.737,4384,156286,成功
/pub/data/jiafq/iscas/Parser_Comparison/../benchmarks/part75/non-incremental/QF_NRA/20161105-Sturm-MBO/mbo_E8E11.smt2,267.723,1848,61203,成功
/pub/data/jiafq/iscas/Parser_Comparison/../benchmarks/part75/non-incremental/QF_NRA/20161105-Sturm-MBO/mbo_E8E12.smt2,732.665,5424,164335,成功
/pub/data/jiafq/iscas/Parser_Comparison/../benchmarks/part75/non-incremental/QF_NRA/20161105-Sturm-MBO/mbo_E8E13.smt2,777.504,5688,172012,成功
/pub/data/jiafq/iscas/Parser_Comparison/../benchmarks/part75/non-incremental/QF_NRA/20161105-Sturm-MBO/mbo_E8E14.smt2,827.672,5988,176510,成功
/pub/data/jiafq/iscas/Parser_Comparison/../benchmarks/part75/non-incremental/QF_NRA/20161105-Sturm-MBO/mbo_E8E15.smt2,718.842,5364,164335,成功
/pub/data/jiafq/iscas/Parser_Comparison/../benchmarks/part75/non-incremental/QF_NRA/20161105-Sturm-MBO/mbo_E8E16.smt2,838.874,5760,188373,成功
/pub/data/jiafq/iscas/Parser_Comparison/../benchmarks/part75/non-incremental/QF_NRA/20161105-Sturm-MBO/mbo_E8E17.smt2,768.921,5100,173741,成功
/pub/data/jiafq/iscas/Parser_Comparison/../benchmarks/part75/non-incremental/QF_NRA/20161105-Sturm-MBO/mbo_E8E18.smt2,750.456,5288,167658,成功
/pub/data/jiafq/iscas/Parser_Comparison/../benchmarks/part75/non-incremental/QF_NRA/20161105-Sturm-MBO/mbo_E8E19.smt2,710,5444,159011,成功
/pub/data/jiafq/iscas/Parser_Comparison/../benchmarks/part75/non-incremental/QF_NRA/20161105-Sturm-MBO/mbo_E8E20.smt2,534.619,3700,121032,成功
/pub/data/jiafq/iscas/Parser_Comparison/../benchmarks/part75/non-incremental/QF_NRA/20161105-Sturm-MBO/mbo_E8E21.smt2,450.093,2904,103413,成功
/pub/data/jiafq/iscas/Parser_Comparison/../benchmarks/part75/non-incremental/QF_NRA/20161105-Sturm-MBO/mbo_E8E22.smt2,581.534,3872,128648,成功
/pub/data/jiafq/iscas/Parser_Comparison/../benchmarks/part75/non-incremental/QF_NRA/20161105-Sturm-MBO/mbo_E8E23.smt2,491.843,3308,112830,成功
/pub/data/jiafq/iscas/Parser_Comparison/../benchmarks/part75/non-incremental/QF_NRA/20161105-Sturm-MBO/mbo_E8E24.smt2,640.006,4468,138742,成功
/pub/data/jiafq/iscas/Parser_Comparison/../benchmarks/part75/non-incremental/QF_NRA/20161105-Sturm-MBO/mbo_E8E25.smt2,606.589,4152,134910,成功
/pub/data/jiafq/iscas/Parser_Comparison/../benchmarks/part75/non-incremental/QF_NRA/20161105-Sturm-MBO/mbo_E8E26.smt2,545.511,3604,123101,成功
/pub/data/jiafq/iscas/Parser_Comparison/../benchmarks/part75/non-incremental/QF_NRA/20161105-Sturm-MBO/mbo_E8E27.smt2,183.062,1320,38347,成功
/pub/data/jiafq/iscas/Parser_Comparison/../benchmarks/part75/non-incremental/QF_NRA/20161105-Sturm-MBO/mbo_E8E28.smt2,578.813,3884,127160,成功
/pub/data/jiafq/iscas/Parser_Comparison/../benchmarks/part75/non-incremental/QF_NRA/20161105-Sturm-MBO/mbo_E8E9.smt2,742.806,5040,173082,成功
/pub/data/jiafq/iscas/Parser_Comparison/../benchmarks/part75/non-incremental/QF_NRA/20161105-Sturm-MBO/mbo_E9.smt2,1.93596,0,137,成功
/pub/data/jiafq/iscas/Parser_Comparison/../benchmarks/part75/non-incremental/QF_NRA/20161105-Sturm-MBO/mbo_E9E10.smt2,75.1362,528,16859,成功
/pub/data/jiafq/iscas/Parser_Comparison/../benchmarks/part75/non-incremental/QF_NRA/20161105-Sturm-MBO/mbo_E9E11.smt2,3.4709,0,410,成功
/pub/data/jiafq/iscas/Parser_Comparison/../benchmarks/part75/non-incremental/QF_NRA/20161105-Sturm-MBO/mbo_E9E12.smt2,536.583,3312,129544,成功
/pub/data/jiafq/iscas/Parser_Comparison/../benchmarks/part75/non-incremental/QF_NRA/20161105-Sturm-MBO/mbo_E9E13.smt2,651.65,3836,158795,成功
/pub/data/jiafq/iscas/Parser_Comparison/../benchmarks/part75/non-incremental/QF_NRA/20161105-Sturm-MBO/mbo_E9E14.smt2,722.673,3960,179939,成功
/pub/data/jiafq/iscas/Parser_Comparison/../benchmarks/part75/non-incremental/QF_NRA/20161105-Sturm-MBO/mbo_E9E15.smt2,543.634,3340,129555,成功
/pub/data/jiafq/iscas/Parser_Comparison/../benchmarks/part75/non-incremental/QF_NRA/20161105-Sturm-MBO/mbo_E9E16.smt2,31.8074,264,6487,成功
/pub/data/jiafq/iscas/Parser_Comparison/../benchmarks/part75/non-incremental/QF_NRA/20161105-Sturm-MBO/mbo_E9E17.smt2,29.0678,264,5876,成功
/pub/data/jiafq/iscas/Parser_Comparison/../benchmarks/part75/non-incremental/QF_NRA/20161105-Sturm-MBO/mbo_E9E18.smt2,707.423,3616,171055,成功
/pub/data/jiafq/iscas/Parser_Comparison/../benchmarks/part75/non-incremental/QF_NRA/20161105-Sturm-MBO/mbo_E9E19.smt2,703.434,3840,170372,成功
/pub/data/jiafq/iscas/Parser_Comparison/../benchmarks/part75/non-incremental/QF_NRA/20161105-Sturm-MBO/mbo_E9E20.smt2,66.8004,528,14994,成功
/pub/data/jiafq/iscas/Parser_Comparison/../benchmarks/part75/non-incremental/QF_NRA/20161105-Sturm-MBO/mbo_E9E21.smt2,3.87883,0,500,成功
/pub/data/jiafq/iscas/Parser_Comparison/../benchmarks/part75/non-incremental/QF_NRA/20161105-Sturm-MBO/mbo_E9E22.smt2,525.873,3100,131130,成功
/pub/data/jiafq/iscas/Parser_Comparison/../benchmarks/part75/non-incremental/QF_NRA/20161105-Sturm-MBO/mbo_E9E23.smt2,23.6814,264,4813,成功
/pub/data/jiafq/iscas/Parser_Comparison/../benchmarks/part75/non-incremental/QF_NRA/20161105-Sturm-MBO/mbo_E9E24.smt2,583.02,3432,139821,成功
/pub/data/jiafq/iscas/Parser_Comparison/../benchmarks/part75/non-incremental/QF_NRA/20161105-Sturm-MBO/mbo_E9E25.smt2,550.348,3076,134720,成功
/pub/data/jiafq/iscas/Parser_Comparison/../benchmarks/part75/non-incremental/QF_NRA/20161105-Sturm-MBO/mbo_E9E26.smt2,26.1011,264,5206,成功
/pub/data/jiafq/iscas/Parser_Comparison/../benchmarks/part75/non-incremental/QF_NRA/20161105-Sturm-MBO/mbo_E9E27.smt2,9.75633,264,1645,成功
/pub/data/jiafq/iscas/Parser_Comparison/../benchmarks/part75/non-incremental/QF_NRA/20161105-Sturm-MBO/mbo_E9E28.smt2,27.9334,264,5448,成功
/pub/data/jiafq/iscas/Parser_Comparison/../benchmarks/part75/non-incremental/QF_NRA/20161105-Sturm-MGC/mgc_02.smt2,3.37577,0,279,成功
/pub/data/jiafq/iscas/Parser_Comparison/../benchmarks/part75/non-incremental/QF_NRA/20161105-Sturm-MGC/mgc_03.smt2,3.39246,0,310,成功
/pub/data/jiafq/iscas/Parser_Comparison/../benchmarks/part75/non-incremental/QF_NRA/20161105-Sturm-MGC/mgc_04.smt2,3.52335,0,334,成功
/pub/data/jiafq/iscas/Parser_Comparison/../benchmarks/part75/non-incremental/QF_NRA/20161105-Sturm-MGC/mgc_05.smt2,3.57366,0,358,成功
/pub/data/jiafq/iscas/Parser_Comparison/../benchmarks/part75/non-incremental/QF_NRA/20161105-Sturm-MGC/mgc_06.smt2,3.6962,0,382,成功
/pub/data/jiafq/iscas/Parser_Comparison/../benchmarks/part75/non-incremental/QF_NRA/20161105-Sturm-MGC/mgc_07.smt2,3.78394,0,406,成功
/pub/data/jiafq/iscas/Parser_Comparison/../benchmarks/part75/non-incremental/QF_NRA/20161105-Sturm-MGC/mgc_08.smt2,3.82948,0,430,成功
/pub/data/jiafq/iscas/Parser_Comparison/../benchmarks/part75/non-incremental/QF_NRA/20161105-Sturm-MGC/mgc_09.smt2,3.8681,0,453,成功
/pub/data/jiafq/iscas/Parser_Comparison/../benchmarks/part75/non-incremental/QF_NRA/20161105-Sturm-MGC/mgc_10.smt2,3.90458,0,478,成功
/pub/data/jiafq/iscas/Parser_Comparison/../benchmarks/part75/non-incremental/QF_NRA/20170501-Heizmann-UltimateInvariantSynthesis/MADWiFi-encode_ie_ok.i_3_4_3.bpl_3.smt2,40.7438,528,3258,成功
/pub/data/jiafq/iscas/Parser_Comparison/../benchmarks/part75/non-incremental/QF_NRA/20170501-Heizmann-UltimateInvariantSynthesis/afnp2014.c.i_3_5_3.bpl_5.smt2,46.8524,528,3773,成功
/pub/data/jiafq/iscas/Parser_Comparison/../benchmarks/part75/non-incremental/QF_NRA/20170501-Heizmann-UltimateInvariantSynthesis/array1.i_3_2_2.bpl_9.smt2,24.2863,264,1932,成功
/pub/data/jiafq/iscas/Parser_Comparison/../benchmarks/part75/non-incremental/QF_NRA/20170501-Heizmann-UltimateInvariantSynthesis/array_monotonic.i_3_2_2.bpl_9.smt2,32.2385,528,2536,成功
/pub/data/jiafq/iscas/Parser_Comparison/../benchmarks/part75/non-incremental/QF_NRA/20170501-Heizmann-UltimateInvariantSynthesis/array_ptr_single_elem_init.i_4_2_2.bpl_5.smt2,41.6365,528,3439,成功
/pub/data/jiafq/iscas/Parser_Comparison/../benchmarks/part75/non-incremental/QF_NRA/20170501-Heizmann-UltimateInvariantSynthesis/array_single_elem_init.i_4_2_2.bpl_5.smt2,47.0116,528,3915,成功
/pub/data/jiafq/iscas/Parser_Comparison/../benchmarks/part75/non-incremental/QF_NRA/20170501-Heizmann-UltimateInvariantSynthesis/avg60.i_5_5_4.bpl_3.smt2,123.738,1584,9378,成功
/pub/data/jiafq/iscas/Parser_Comparison/../benchmarks/part75/non-incremental/QF_NRA/20170501-Heizmann-UltimateInvariantSynthesis/cggmp2005_variant.c.i_3_3_2.bpl_5.smt2,18.4398,264,1409,成功
/pub/data/jiafq/iscas/Parser_Comparison/../benchmarks/part75/non-incremental/QF_NRA/20170501-Heizmann-UltimateInvariantSynthesis/check_removal_from_set_after_insertion.i_8_6_6.bpl_3.smt2,428.9,5272,34432,成功
/pub/data/jiafq/iscas/Parser_Comparison/../benchmarks/part75/non-incremental/QF_NRA/20170501-Heizmann-UltimateInvariantSynthesis/const1.i_3_6_2.bpl_5.smt2,15.2934,264,1123,成功
/pub/data/jiafq/iscas/Parser_Comparison/../benchmarks/part75/non-incremental/QF_NRA/20170501-Heizmann-UltimateInvariantSynthesis/count_by_2.i_3_2_2.bpl_11.smt2,42.0847,528,3701,成功
/pub/data/jiafq/iscas/Parser_Comparison/../benchmarks/part75/non-incremental/QF_NRA/20170501-Heizmann-UltimateInvariantSynthesis/count_by_k.i_3_3_2.bpl_5.smt2,11.826,264,858,成功
/pub/data/jiafq/iscas/Parser_Comparison/../benchmarks/part75/non-incremental/QF_NRA/20170501-Heizmann-UltimateInvariantSynthesis/count_up_down.i_3_11_2.bpl_9.smt2,45.0749,528,3544,成功
/pub/data/jiafq/iscas/Parser_Comparison/../benchmarks/part75/non-incremental/QF_NRA/20170501-Heizmann-UltimateInvariantSynthesis/ddlm2013.i_3_4_2.bpl_3.smt2,41.8563,528,3264,成功
/pub/data/jiafq/iscas/Parser_Comparison/../benchmarks/part75/non-incremental/QF_NRA/20170501-Heizmann-UltimateInvariantSynthesis/ddlm2013.i_3_6_2.bpl_3.smt2,39.9427,528,3120,成功
/pub/data/jiafq/iscas/Parser_Comparison/../benchmarks/part75/non-incremental/QF_NRA/20170501-Heizmann-UltimateInvariantSynthesis/down.i_4_5_5.bpl_3.smt2,43.0143,528,3393,成功
/pub/data/jiafq/iscas/Parser_Comparison/../benchmarks/part75/non-incremental/QF_NRA/20170501-Heizmann-UltimateInvariantSynthesis/fragtest_simple.i_4_5_4.bpl_3.smt2,59.0725,792,4777,成功
/pub/data/jiafq/iscas/Parser_Comparison/../benchmarks/part75/non-incremental/QF_NRA/20170501-Heizmann-UltimateInvariantSynthesis/functions1.i_3_5_2.bpl_9.smt2,27.9136,528,2062,成功
/pub/data/jiafq/iscas/Parser_Comparison/../benchmarks/part75/non-incremental/QF_NRA/20170501-Heizmann-UltimateInvariantSynthesis/gj2007.c.i_4_3_3.bpl_5.smt2,33.5941,528,2668,成功
/pub/data/jiafq/iscas/Parser_Comparison/../benchmarks/part75/non-incremental/QF_NRA/20170501-Heizmann-UltimateInvariantSynthesis/gr2006.c.i_4_4_3.bpl_5.smt2,29.6326,528,2410,成功
/pub/data/jiafq/iscas/Parser_Comparison/../benchmarks/part75/non-incremental/QF_NRA/20170501-Heizmann-UltimateInvariantSynthesis/half_2.i_3_6_2.bpl_3.smt2,11.4987,264,767,成功
/pub/data/jiafq/iscas/Parser_Comparison/../benchmarks/part75/non-incremental/QF_NRA/20170501-Heizmann-UltimateInvariantSynthesis/hhk2008.c.i_3_3_2.bpl_5.smt2,19.9814,264,1563,成功
/pub/data/jiafq/iscas/Parser_Comparison/../benchmarks/part75/non-incremental/QF_NRA/20170501-Heizmann-UltimateInvariantSynthesis/jain_4.i_2_3_3.bpl_3.smt2,69.3533,792,5555,成功
/pub/data/jiafq/iscas/Parser_Comparison/../benchmarks/part75/non-incremental/QF_NRA/20170501-Heizmann-UltimateInvariantSynthesis/jain_5.i_2_4_3.bpl_3.smt2,41.6272,528,3283,成功
/pub/data/jiafq/iscas/Parser_Comparison/../benchmarks/part75/non-incremental/QF_NRA/20170501-Heizmann-UltimateInvariantSynthesis/linear_search.i_6_21_3.bpl_3.smt2,181.334,2112,13536,成功
/pub/data/jiafq/iscas/Parser_Comparison/../benchmarks/part75/non-incremental/QF_NRA/20170501-Heizmann-UltimateInvariantSynthesis/linear_search.i_6_24_3.bpl_3.smt2,194.574,2112,14230,成功
/pub/data/jiafq/iscas/Parser_Comparison/../benchmarks/part75/non-incremental/QF_NRA/20170501-Heizmann-UltimateInvariantSynthesis/linear_search.i_7_19_3.bpl_3.smt2,179.66,2112,13536,成功
/pub/data/jiafq/iscas/Parser_Comparison/../benchmarks/part75/non-incremental/QF_NRA/20170501-Heizmann-UltimateInvariantSynthesis/linear_search.i_7_23_3.bpl_3.smt2,195.168,2376,14230,成功
/pub/data/jiafq/iscas/Parser_Comparison/../benchmarks/part75/non-incremental/QF_NRA/20170501-Heizmann-UltimateInvariantSynthesis/nested.c_4_2_2.bpl_3.smt2,26.7284,264,2082,成功
/pub/data/jiafq/iscas/Parser_Comparison/../benchmarks/part75/non-incremental/QF_NRA/20170501-Heizmann-UltimateInvariantSynthesis/nested.i_4_5_3.bpl_3.smt2,32.4306,528,2503,成功
/pub/data/jiafq/iscas/Parser_Comparison/../benchmarks/part75/non-incremental/QF_NRA/20170501-Heizmann-UltimateInvariantSynthesis/nested9.i_5_6_6.bpl_3.smt2,74.7628,792,6247,成功
/pub/data/jiafq/iscas/Parser_Comparison/../benchmarks/part75/non-incremental/QF_NRA/20170501-Heizmann-UltimateInvariantSynthesis/overflow1.i_3_8_2.bpl_9.smt2,22.8524,264,1750,成功
/pub/data/jiafq/iscas/Parser_Comparison/../benchmarks/part75/non-incremental/QF_NRA/20170501-Heizmann-UltimateInvariantSynthesis/relax.i_11_7_4.bpl_3.smt2,144.819,1848,10450,成功
/pub/data/jiafq/iscas/Parser_Comparison/../benchmarks/part75/non-incremental/QF_NRA/20170501-Heizmann-UltimateInvariantSynthesis/sanfoundry_10_ground.i_6_3_3.bpl_5.smt2,74.8925,792,6155,成功
/pub/data/jiafq/iscas/Parser_Comparison/../benchmarks/part75/non-incremental/QF_NRA/20170501-Heizmann-UltimateInvariantSynthesis/seq.i_4_5_4.bpl_3.smt2,51.0461,528,4095,成功
/pub/data/jiafq/iscas/Parser_Comparison/../benchmarks/part75/non-incremental/QF_NRA/20170501-Heizmann-UltimateInvariantSynthesis/seq.i_5_5_5.bpl_3.smt2,51.548,528,4159,成功
/pub/data/jiafq/iscas/Parser_Comparison/../benchmarks/part75/non-incremental/QF_NRA/20170501-Heizmann-UltimateInvariantSynthesis/simple1.i_3_6_2.bpl_9.smt2,21.5449,264,1654,成功
/pub/data/jiafq/iscas/Parser_Comparison/../benchmarks/part75/non-incremental/QF_NRA/20170501-Heizmann-UltimateInvariantSynthesis/simple4.i_3_4_2.bpl_9.smt2,23.2649,264,1766,成功
/pub/data/jiafq/iscas/Parser_Comparison/../benchmarks/part75/non-incremental/QF_NRA/20170501-Heizmann-UltimateInvariantSynthesis/sorting_bubblesort_ground.i_4_3_3.bpl_5.smt2,74.6126,792,5897,成功
/pub/data/jiafq/iscas/Parser_Comparison/../benchmarks/part75/non-incremental/QF_NRA/20170501-Heizmann-UltimateInvariantSynthesis/standard_allDiff2_ground.i_4_4_3.bpl_3.smt2,77.5609,792,6076,成功
/pub/data/jiafq/iscas/Parser_Comparison/../benchmarks/part75/non-incremental/QF_NRA/20170501-Heizmann-UltimateInvariantSynthesis/standard_compareModified_ground.i_4_2_2.bpl_5.smt2,25.8756,264,1964,成功
/pub/data/jiafq/iscas/Parser_Comparison/../benchmarks/part75/non-incremental/QF_NRA/20170501-Heizmann-UltimateInvariantSynthesis/standard_copy1_ground.i_3_2_2.bpl_9.smt2,23.6111,264,1836,成功
/pub/data/jiafq/iscas/Parser_Comparison/../benchmarks/part75/non-incremental/QF_NRA/20170501-Heizmann-UltimateInvariantSynthesis/standard_copy3_ground.i_3_2_2.bpl_5.smt2,29.5777,528,2436,成功
/pub/data/jiafq/iscas/Parser_Comparison/../benchmarks/part75/non-incremental/QF_NRA/20170501-Heizmann-UltimateInvariantSynthesis/standard_copy4_ground.i_3_2_2.bpl_3.smt2,24.1334,264,1876,成功
/pub/data/jiafq/iscas/Parser_Comparison/../benchmarks/part75/non-incremental/QF_NRA/20170501-Heizmann-UltimateInvariantSynthesis/standard_copy4_ground.i_3_2_2.bpl_5.smt2,37.8888,528,3230,成功
/pub/data/jiafq/iscas/Parser_Comparison/../benchmarks/part75/non-incremental/QF_NRA/20170501-Heizmann-UltimateInvariantSynthesis/standard_copy5_ground.i_3_2_2.bpl_3.smt2,29.2904,528,2310,成功
/pub/data/jiafq/iscas/Parser_Comparison/../benchmarks/part75/non-incremental/QF_NRA/20170501-Heizmann-UltimateInvariantSynthesis/standard_copy7_ground.i_3_2_2.bpl_3.smt2,39.4087,528,3178,成功
/pub/data/jiafq/iscas/Parser_Comparison/../benchmarks/part75/non-incremental/QF_NRA/20170501-Heizmann-UltimateInvariantSynthesis/standard_copyInitSum2_ground.i_3_2_2.bpl_5.smt2,29.346,528,2432,成功
/pub/data/jiafq/iscas/Parser_Comparison/../benchmarks/part75/non-incremental/QF_NRA/20170501-Heizmann-UltimateInvariantSynthesis/standard_copyInitSum3_ground.i_3_2_2.bpl_3.smt2,24.2941,264,1872,成功
/pub/data/jiafq/iscas/Parser_Comparison/../benchmarks/part75/non-incremental/QF_NRA/20170501-Heizmann-UltimateInvariantSynthesis/standard_copyInitSum3_ground.i_3_2_2.bpl_5.smt2,38.1165,528,3226,成功
/pub/data/jiafq/iscas/Parser_Comparison/../benchmarks/part75/non-incremental/QF_NRA/20170501-Heizmann-UltimateInvariantSynthesis/standard_copyInit_ground.i_3_2_2.bpl_9.smt2,46.5541,528,3854,成功
/pub/data/jiafq/iscas/Parser_Comparison/../benchmarks/part75/non-incremental/QF_NRA/20170501-Heizmann-UltimateInvariantSynthesis/standard_init1_ground.i_3_2_2.bpl_9.smt2,23.35,264,1820,成功
/pub/data/jiafq/iscas/Parser_Comparison/../benchmarks/part75/non-incremental/QF_NRA/20170501-Heizmann-UltimateInvariantSynthesis/standard_init5_ground.i_3_2_2.bpl_3.smt2,29.2773,528,2302,成功
/pub/data/jiafq/iscas/Parser_Comparison/../benchmarks/part75/non-incremental/QF_NRA/20170501-Heizmann-UltimateInvariantSynthesis/standard_init6_ground.i_3_2_2.bpl_3.smt2,34.3983,528,2736,成功
/pub/data/jiafq/iscas/Parser_Comparison/../benchmarks/part75/non-incremental/QF_NRA/20170501-Heizmann-UltimateInvariantSynthesis/standard_init7_ground.i_3_2_2.bpl_3.smt2,39.4332,528,3170,成功
/pub/data/jiafq/iscas/Parser_Comparison/../benchmarks/part75/non-incremental/QF_NRA/20170501-Heizmann-UltimateInvariantSynthesis/standard_init9_ground.i_3_2_2.bpl_1.smt2,24.0917,264,1700,成功
/pub/data/jiafq/iscas/Parser_Comparison/../benchmarks/part75/non-incremental/QF_NRA/20170501-Heizmann-UltimateInvariantSynthesis/standard_init9_ground.i_3_2_2.bpl_3.smt2,49.9008,792,4038,成功
/pub/data/jiafq/iscas/Parser_Comparison/../benchmarks/part75/non-incremental/QF_NRA/20170501-Heizmann-UltimateInvariantSynthesis/standard_maxInArray_ground.i_3_2_2.bpl_5.smt2,15.8398,264,1108,成功
/pub/data/jiafq/iscas/Parser_Comparison/../benchmarks/part75/non-incremental/QF_NRA/20170501-Heizmann-UltimateInvariantSynthesis/standard_partial_init_ground.i_3_2_2.bpl_5.smt2,18.3649,264,1302,成功
/pub/data/jiafq/iscas/Parser_Comparison/../benchmarks/part75/non-incremental/QF_NRA/20170501-Heizmann-UltimateInvariantSynthesis/standard_password_ground.i_4_2_2.bpl_5.smt2,26.4099,264,1964,成功
/pub/data/jiafq/iscas/Parser_Comparison/../benchmarks/part75/non-incremental/QF_NRA/20170501-Heizmann-UltimateInvariantSynthesis/standard_running.i_4_2_2.bpl_5.smt2,29.3458,528,2263,成功
/pub/data/jiafq/iscas/Parser_Comparison/../benchmarks/part75/non-incremental/QF_NRA/20170501-Heizmann-UltimateInvariantSynthesis/standard_strcmp_ground.i_4_2_2.bpl_5.smt2,94.2097,1320,6538,成功
/pub/data/jiafq/iscas/Parser_Comparison/../benchmarks/part75/non-incremental/QF_NRA/20170501-Heizmann-UltimateInvariantSynthesis/standard_strcpy_original.i_3_3_2.bpl_9.smt2,47.5013,528,3716,成功
/pub/data/jiafq/iscas/Parser_Comparison/../benchmarks/part75/non-incremental/QF_NRA/20170501-Heizmann-UltimateInvariantSynthesis/standard_two_index_01.i_3_2_2.bpl_5.smt2,15.7597,264,1150,成功
/pub/data/jiafq/iscas/Parser_Comparison/../benchmarks/part75/non-incremental/QF_NRA/20170501-Heizmann-UltimateInvariantSynthesis/standard_two_index_04.i_3_2_2.bpl_5.smt2,16.6645,264,1205,成功
/pub/data/jiafq/iscas/Parser_Comparison/../benchmarks/part75/non-incremental/QF_NRA/20170501-Heizmann-UltimateInvariantSynthesis/standard_two_index_05.i_3_2_2.bpl_5.smt2,16.5136,264,1205,成功
/pub/data/jiafq/iscas/Parser_Comparison/../benchmarks/part75/non-incremental/QF_NRA/20170501-Heizmann-UltimateInvariantSynthesis/standard_two_index_06.i_3_2_2.bpl_5.smt2,16.608,264,1205,成功
/pub/data/jiafq/iscas/Parser_Comparison/../benchmarks/part75/non-incremental/QF_NRA/20170501-Heizmann-UltimateInvariantSynthesis/sum60.i_5_6_5.bpl_3.smt2,120.701,1584,9052,成功
/pub/data/jiafq/iscas/Parser_Comparison/../benchmarks/part75/non-incremental/QF_NRA/20170501-Heizmann-UltimateInvariantSynthesis/up.i_4_4_5.bpl_3.smt2,45.6305,528,3650,成功
/pub/data/jiafq/iscas/Parser_Comparison/../benchmarks/part75/non-incremental/QF_NRA/20180501-Economics-Mulligan/MulliganEconomicsModel0001a.smt2,1.61862,264,34,成功
/pub/data/jiafq/iscas/Parser_Comparison/../benchmarks/part75/non-incremental/QF_NRA/20180501-Economics-Mulligan/MulliganEconomicsModel0001c.smt2,1.6799,0,39,成功
/pub/data/jiafq/iscas/Parser_Comparison/../benchmarks/part75/non-incremental/QF_NRA/20180501-Economics-Mulligan/MulliganEconomicsModel0001e.smt2,1.66321,0,38,成功
/pub/data/jiafq/iscas/Parser_Comparison/../benchmarks/part75/non-incremental/QF_NRA/20180501-Economics-Mulligan/MulliganEconomicsModel0004a.smt2,1.68085,0,31,成功
/pub/data/jiafq/iscas/Parser_Comparison/../benchmarks/part75/non-incremental/QF_NRA/20180501-Economics-Mulligan/MulliganEconomicsModel0004c.smt2,1.74737,0,43,成功
/pub/data/jiafq/iscas/Parser_Comparison/../benchmarks/part75/non-incremental/QF_NRA/20180501-Economics-Mulligan/MulliganEconomicsModel0004e.smt2,1.69611,0,42,成功
/pub/data/jiafq/iscas/Parser_Comparison/../benchmarks/part75/non-incremental/QF_NRA/20180501-Economics-Mulligan/MulliganEconomicsModel0006a.smt2,1.71375,0,31,成功
/pub/data/jiafq/iscas/Parser_Comparison/../benchmarks/part75/non-incremental/QF_NRA/20180501-Economics-Mulligan/MulliganEconomicsModel0006c.smt2,1.72925,0,43,成功
/pub/data/jiafq/iscas/Parser_Comparison/../benchmarks/part75/non-incremental/QF_NRA/20180501-Economics-Mulligan/MulliganEconomicsModel0006e.smt2,1.73473,0,42,成功
/pub/data/jiafq/iscas/Parser_Comparison/../benchmarks/part75/non-incremental/QF_NRA/20180501-Economics-Mulligan/MulliganEconomicsModel0009a.smt2,1.67322,0,31,成功
/pub/data/jiafq/iscas/Parser_Comparison/../benchmarks/part75/non-incremental/QF_NRA/20180501-Economics-Mulligan/MulliganEconomicsModel0009c.smt2,1.74975,0,43,成功
/pub/data/jiafq/iscas/Parser_Comparison/../benchmarks/part75/non-incremental/QF_NRA/20180501-Economics-Mulligan/MulliganEconomicsModel0009e.smt2,1.71733,0,42,成功
/pub/data/jiafq/iscas/Parser_Comparison/../benchmarks/part75/non-incremental/QF_NRA/20180501-Economics-Mulligan/MulliganEconomicsModel0012a.smt2,2.11906,0,58,成功
/pub/data/jiafq/iscas/Parser_Comparison/../benchmarks/part75/non-incremental/QF_NRA/20180501-Economics-Mulligan/MulliganEconomicsModel0012c.smt2,2.18129,0,67,成功
/pub/data/jiafq/iscas/Parser_Comparison/../benchmarks/part75/non-incremental/QF_NRA/20180501-Economics-Mulligan/MulliganEconomicsModel0012e.smt2,2.13838,0,66,成功
/pub/data/jiafq/iscas/Parser_Comparison/../benchmarks/part75/non-incremental/QF_NRA/20180501-Economics-Mulligan/MulliganEconomicsModel0013a.smt2,2.16436,0,61,成功
/pub/data/jiafq/iscas/Parser_Comparison/../benchmarks/part75/non-incremental/QF_NRA/20180501-Economics-Mulligan/MulliganEconomicsModel0013c.smt2,2.23923,0,72,成功
/pub/data/jiafq/iscas/Parser_Comparison/../benchmarks/part75/non-incremental/QF_NRA/20180501-Economics-Mulligan/MulliganEconomicsModel0013e.smt2,2.19274,0,71,成功
/pub/data/jiafq/iscas/Parser_Comparison/../benchmarks/part75/non-incremental/QF_NRA/20180501-Economics-Mulligan/MulliganEconomicsModel0015a.smt2,2.18678,0,61,成功
/pub/data/jiafq/iscas/Parser_Comparison/../benchmarks/part75/non-incremental/QF_NRA/20180501-Economics-Mulligan/MulliganEconomicsModel0015c.smt2,2.21467,0,74,成功
/pub/data/jiafq/iscas/Parser_Comparison/../benchmarks/part75/non-incremental/QF_NRA/20180501-Economics-Mulligan/MulliganEconomicsModel0015e.smt2,2.20585,0,73,成功
/pub/data/jiafq/iscas/Parser_Comparison/../benchmarks/part75/non-incremental/QF_NRA/20180501-Economics-Mulligan/MulliganEconomicsModel0016a.smt2,2.32196,0,62,成功
/pub/data/jiafq/iscas/Parser_Comparison/../benchmarks/part75/non-incremental/QF_NRA/20180501-Economics-Mulligan/MulliganEconomicsModel0016c.smt2,2.33674,0,84,成功
/pub/data/jiafq/iscas/Parser_Comparison/../benchmarks/part75/non-incremental/QF_NRA/20180501-Economics-Mulligan/MulliganEconomicsModel0016e.smt2,2.34127,0,83,成功
/pub/data/jiafq/iscas/Parser_Comparison/../benchmarks/part75/non-incremental/QF_NRA/20180501-Economics-Mulligan/MulliganEconomicsModel0018a.smt2,1.56426,0,31,成功
/pub/data/jiafq/iscas/Parser_Comparison/../benchmarks/part75/non-incremental/QF_NRA/20180501-Economics-Mulligan/MulliganEconomicsModel0018c.smt2,1.63341,0,36,成功
/pub/data/jiafq/iscas/Parser_Comparison/../benchmarks/part75/non-incremental/QF_NRA/20180501-Economics-Mulligan/MulliganEconomicsModel0018e.smt2,1.57499,0,35,成功
/pub/data/jiafq/iscas/Parser_Comparison/../benchmarks/part75/non-incremental/QF_NRA/20180501-Economics-Mulligan/MulliganEconomicsModel0021a.smt2,3.74961,264,193,成功
/pub/data/jiafq/iscas/Parser_Comparison/../benchmarks/part75/non-incremental/QF_NRA/20180501-Economics-Mulligan/MulliganEconomicsModel0021c.smt2,3.8085,264,205,成功
/pub/data/jiafq/iscas/Parser_Comparison/../benchmarks/part75/non-incremental/QF_NRA/20180501-Economics-Mulligan/MulliganEconomicsModel0021e.smt2,3.78275,264,204,成功
/pub/data/jiafq/iscas/Parser_Comparison/../benchmarks/part75/non-incremental/QF_NRA/20180501-Economics-Mulligan/MulliganEconomicsModel0022a.smt2,3.90911,264,206,成功
/pub/data/jiafq/iscas/Parser_Comparison/../benchmarks/part75/non-incremental/QF_NRA/20180501-Economics-Mulligan/MulliganEconomicsModel0022c.smt2,3.94368,264,211,成功
/pub/data/jiafq/iscas/Parser_Comparison/../benchmarks/part75/non-incremental/QF_NRA/20180501-Economics-Mulligan/MulliganEconomicsModel0022e.smt2,3.88169,264,210,成功
/pub/data/jiafq/iscas/Parser_Comparison/../benchmarks/part75/non-incremental/QF_NRA/20180501-Economics-Mulligan/MulliganEconomicsModel0023a.smt2,3.901,264,206,成功
/pub/data/jiafq/iscas/Parser_Comparison/../benchmarks/part75/non-incremental/QF_NRA/20180501-Economics-Mulligan/MulliganEconomicsModel0023c.smt2,3.92246,264,211,成功
/pub/data/jiafq/iscas/Parser_Comparison/../benchmarks/part75/non-incremental/QF_NRA/20180501-Economics-Mulligan/MulliganEconomicsModel0023e.smt2,3.91674,264,210,成功
/pub/data/jiafq/iscas/Parser_Comparison/../benchmarks/part75/non-incremental/QF_NRA/20180501-Economics-Mulligan/MulliganEconomicsModel0024a.smt2,3.25513,264,158,成功
/pub/data/jiafq/iscas/Parser_Comparison/../benchmarks/part75/non-incremental/QF_NRA/20180501-Economics-Mulligan/MulliganEconomicsModel0024c.smt2,3.25441,264,167,成功
/pub/data/jiafq/iscas/Parser_Comparison/../benchmarks/part75/non-incremental/QF_NRA/20180501-Economics-Mulligan/MulliganEconomicsModel0024e.smt2,3.25441,264,166,成功
/pub/data/jiafq/iscas/Parser_Comparison/../benchmarks/part75/non-incremental/QF_NRA/20180501-Economics-Mulligan/MulliganEconomicsModel0025a.smt2,3.1693,264,158,成功
/pub/data/jiafq/iscas/Parser_Comparison/../benchmarks/part75/non-incremental/QF_NRA/20180501-Economics-Mulligan/MulliganEconomicsModel0025c.smt2,3.30877,264,163,成功
/pub/data/jiafq/iscas/Parser_Comparison/../benchmarks/part75/non-incremental/QF_NRA/20180501-Economics-Mulligan/MulliganEconomicsModel0025e.smt2,3.20148,264,162,成功
/pub/data/jiafq/iscas/Parser_Comparison/../benchmarks/part75/non-incremental/QF_NRA/20180501-Economics-Mulligan/MulliganEconomicsModel0026a.smt2,4.2181,264,259,成功
/pub/data/jiafq/iscas/Parser_Comparison/../benchmarks/part75/non-incremental/QF_NRA/20180501-Economics-Mulligan/MulliganEconomicsModel0026c.smt2,4.2026,264,264,成功
/pub/data/jiafq/iscas/Parser_Comparison/../benchmarks/part75/non-incremental/QF_NRA/20180501-Economics-Mulligan/MulliganEconomicsModel0026e.smt2,4.23002,264,263,成功
/pub/data/jiafq/iscas/Parser_Comparison/../benchmarks/part75/non-incremental/QF_NRA/20180501-Economics-Mulligan/MulliganEconomicsModel0027a.smt2,3.22008,264,142,成功
/pub/data/jiafq/iscas/Parser_Comparison/../benchmarks/part75/non-incremental/QF_NRA/20180501-Economics-Mulligan/MulliganEconomicsModel0027c.smt2,3.32332,264,201,成功
/pub/data/jiafq/iscas/Parser_Comparison/../benchmarks/part75/non-incremental/QF_NRA/20180501-Economics-Mulligan/MulliganEconomicsModel0027e.smt2,3.25871,264,200,成功
/pub/data/jiafq/iscas/Parser_Comparison/../benchmarks/part75/non-incremental/QF_NRA/20180501-Economics-Mulligan/MulliganEconomicsModel0028a.smt2,4.17471,264,208,成功
/pub/data/jiafq/iscas/Parser_Comparison/../benchmarks/part75/non-incremental/QF_NRA/20180501-Economics-Mulligan/MulliganEconomicsModel0028c.smt2,4.17686,264,267,成功
/pub/data/jiafq/iscas/Parser_Comparison/../benchmarks/part75/non-incremental/QF_NRA/20180501-Economics-Mulligan/MulliganEconomicsModel0028e.smt2,4.20117,264,266,成功
/pub/data/jiafq/iscas/Parser_Comparison/../benchmarks/part75/non-incremental/QF_NRA/20180501-Economics-Mulligan/MulliganEconomicsModel0029a.smt2,3.07441,264,121,成功
/pub/data/jiafq/iscas/Parser_Comparison/../benchmarks/part75/non-incremental/QF_NRA/20180501-Economics-Mulligan/MulliganEconomicsModel0029c.smt2,3.08275,0,159,成功
/pub/data/jiafq/iscas/Parser_Comparison/../benchmarks/part75/non-incremental/QF_NRA/20180501-Economics-Mulligan/MulliganEconomicsModel0029e.smt2,3.08132,264,158,成功
/pub/data/jiafq/iscas/Parser_Comparison/../benchmarks/part75/non-incremental/QF_NRA/20180501-Economics-Mulligan/MulliganEconomicsModel0030a.smt2,4.21119,264,239,成功
/pub/data/jiafq/iscas/Parser_Comparison/../benchmarks/part75/non-incremental/QF_NRA/20180501-Economics-Mulligan/MulliganEconomicsModel0030c.smt2,4.26602,264,309,成功
/pub/data/jiafq/iscas/Parser_Comparison/../benchmarks/part75/non-incremental/QF_NRA/20180501-Economics-Mulligan/MulliganEconomicsModel0030e.smt2,4.25172,264,308,成功
/pub/data/jiafq/iscas/Parser_Comparison/../benchmarks/part75/non-incremental/QF_NRA/20180501-Economics-Mulligan/MulliganEconomicsModel0051a.smt2,3.85594,264,206,成功
/pub/data/jiafq/iscas/Parser_Comparison/../benchmarks/part75/non-incremental/QF_NRA/20180501-Economics-Mulligan/MulliganEconomicsModel0051c.smt2,3.91865,264,211,成功
/pub/data/jiafq/iscas/Parser_Comparison/../benchmarks/part75/non-incremental/QF_NRA/20180501-Economics-Mulligan/MulliganEconomicsModel0051e.smt2,3.8929,264,210,成功
/pub/data/jiafq/iscas/Parser_Comparison/../benchmarks/part75/non-incremental/QF_NRA/20180501-Economics-Mulligan/MulliganEconomicsModel0052a.smt2,7.57074,264,476,成功
/pub/data/jiafq/iscas/Parser_Comparison/../benchmarks/part75/non-incremental/QF_NRA/20180501-Economics-Mulligan/MulliganEconomicsModel0052c.smt2,7.69925,264,483,成功
/pub/data/jiafq/iscas/Parser_Comparison/../benchmarks/part75/non-incremental/QF_NRA/20180501-Economics-Mulligan/MulliganEconomicsModel0052e.smt2,7.68566,264,482,成功
/pub/data/jiafq/iscas/Parser_Comparison/../benchmarks/part75/non-incremental/QF_NRA/20180501-Economics-Mulligan/MulliganEconomicsModel0053a.smt2,3.38173,264,153,成功
/pub/data/jiafq/iscas/Parser_Comparison/../benchmarks/part75/non-incremental/QF_NRA/20180501-Economics-Mulligan/MulliganEconomicsModel0053c.smt2,3.39365,264,178,成功
/pub/data/jiafq/iscas/Parser_Comparison/../benchmarks/part75/non-incremental/QF_NRA/20180501-Economics-Mulligan/MulliganEconomicsModel0053e.smt2,3.38101,264,177,成功
/pub/data/jiafq/iscas/Parser_Comparison/../benchmarks/part75/non-incremental/QF_NRA/20180501-Economics-Mulligan/MulliganEconomicsModel0054a.smt2,4.16708,264,214,成功
/pub/data/jiafq/iscas/Parser_Comparison/../benchmarks/part75/non-incremental/QF_NRA/20180501-Economics-Mulligan/MulliganEconomicsModel0054c.smt2,4.26435,264,273,成功
/pub/data/jiafq/iscas/Parser_Comparison/../benchmarks/part75/non-incremental/QF_NRA/20180501-Economics-Mulligan/MulliganEconomicsModel0054e.smt2,4.21262,264,272,成功
/pub/data/jiafq/iscas/Parser_Comparison/../benchmarks/part75/non-incremental/QF_NRA/20180501-Economics-Mulligan/MulliganEconomicsModel0055a.smt2,6.12855,264,352,成功
/pub/data/jiafq/iscas/Parser_Comparison/../benchmarks/part75/non-incremental/QF_NRA/20180501-Economics-Mulligan/MulliganEconomicsModel0055c.smt2,6.12283,264,357,成功
/pub/data/jiafq/iscas/Parser_Comparison/../benchmarks/part75/non-incremental/QF_NRA/20180501-Economics-Mulligan/MulliganEconomicsModel0055e.smt2,6.1307,264,356,成功
/pub/data/jiafq/iscas/Parser_Comparison/../benchmarks/part75/non-incremental/QF_NRA/20180501-Economics-Mulligan/MulliganEconomicsModel0056a.smt2,3.37219,264,150,成功
/pub/data/jiafq/iscas/Parser_Comparison/../benchmarks/part75/non-incremental/QF_NRA/20180501-Economics-Mulligan/MulliganEconomicsModel0056c.smt2,3.41201,264,210,成功
/pub/data/jiafq/iscas/Parser_Comparison/../benchmarks/part75/non-incremental/QF_NRA/20180501-Economics-Mulligan/MulliganEconomicsModel0056e.smt2,3.44682,264,209,成功
/pub/data/jiafq/iscas/Parser_Comparison/../benchmarks/part75/non-incremental/QF_NRA/20180501-Economics-Mulligan/MulliganEconomicsModel0057a.smt2,3.24821,0,156,成功
/pub/data/jiafq/iscas/Parser_Comparison/../benchmarks/part75/non-incremental/QF_NRA/20180501-Economics-Mulligan/MulliganEconomicsModel0057c.smt2,3.28207,0,161,成功
/pub/data/jiafq/iscas/Parser_Comparison/../benchmarks/part75/non-incremental/QF_NRA/20180501-Economics-Mulligan/MulliganEconomicsModel0057e.smt2,3.27492,0,160,成功
/pub/data/jiafq/iscas/Parser_Comparison/../benchmarks/part75/non-incremental/QF_NRA/20180501-Economics-Mulligan/MulliganEconomicsModel0061a.smt2,2.46143,0,83,成功
/pub/data/jiafq/iscas/Parser_Comparison/../benchmarks/part75/non-incremental/QF_NRA/20180501-Economics-Mulligan/MulliganEconomicsModel0061c.smt2,2.48837,0,94,成功
/pub/data/jiafq/iscas/Parser_Comparison/../benchmarks/part75/non-incremental/QF_NRA/20180501-Economics-Mulligan/MulliganEconomicsModel0061e.smt2,2.42448,0,93,成功
/pub/data/jiafq/iscas/Parser_Comparison/../benchmarks/part75/non-incremental/QF_NRA/20180501-Economics-Mulligan/MulliganEconomicsModel0062a.smt2,3.04174,0,116,成功
/pub/data/jiafq/iscas/Parser_Comparison/../benchmarks/part75/non-incremental/QF_NRA/20180501-Economics-Mulligan/MulliganEconomicsModel0062c.smt2,3.06511,0,124,成功
/pub/data/jiafq/iscas/Parser_Comparison/../benchmarks/part75/non-incremental/QF_NRA/20180501-Economics-Mulligan/MulliganEconomicsModel0062e.smt2,3.08037,0,123,成功
/pub/data/jiafq/iscas/Parser_Comparison/../benchmarks/part75/non-incremental/QF_NRA/20180501-Economics-Mulligan/MulliganEconomicsModel0063a.smt2,1.92094,0,55,成功
/pub/data/jiafq/iscas/Parser_Comparison/../benchmarks/part75/non-incremental/QF_NRA/20180501-Economics-Mulligan/MulliganEconomicsModel0063c.smt2,1.94311,0,62,成功
/pub/data/jiafq/iscas/Parser_Comparison/../benchmarks/part75/non-incremental/QF_NRA/20180501-Economics-Mulligan/MulliganEconomicsModel0063e.smt2,1.92952,0,61,成功
/pub/data/jiafq/iscas/Parser_Comparison/../benchmarks/part75/non-incremental/QF_NRA/20180501-Economics-Mulligan/MulliganEconomicsModel0064a.smt2,3.61967,264,167,成功
/pub/data/jiafq/iscas/Parser_Comparison/../benchmarks/part75/non-incremental/QF_NRA/20180501-Economics-Mulligan/MulliganEconomicsModel0064c.smt2,3.66616,264,180,成功
/pub/data/jiafq/iscas/Parser_Comparison/../benchmarks/part75/non-incremental/QF_NRA/20180501-Economics-Mulligan/MulliganEconomicsModel0064e.smt2,3.63159,264,179,成功
/pub/data/jiafq/iscas/Parser_Comparison/../benchmarks/part75/non-incremental/QF_NRA/20180501-Economics-Mulligan/MulliganEconomicsModel0065a.smt2,4.9243,264,219,成功
/pub/data/jiafq/iscas/Parser_Comparison/../benchmarks/part75/non-incremental/QF_NRA/20180501-Economics-Mulligan/MulliganEconomicsModel0065c.smt2,4.97985,264,232,成功
/pub/data/jiafq/iscas/Parser_Comparison/../benchmarks/part75/non-incremental/QF_NRA/20180501-Economics-Mulligan/MulliganEconomicsModel0065e.smt2,4.96697,264,231,成功
/pub/data/jiafq/iscas/Parser_Comparison/../benchmarks/part75/non-incremental/QF_NRA/20180501-Economics-Mulligan/MulliganEconomicsModel0066a.smt2,2.11072,0,60,成功
/pub/data/jiafq/iscas/Parser_Comparison/../benchmarks/part75/non-incremental/QF_NRA/20180501-Economics-Mulligan/MulliganEconomicsModel0066c.smt2,2.15149,0,73,成功
/pub/data/jiafq/iscas/Parser_Comparison/../benchmarks/part75/non-incremental/QF_NRA/20180501-Economics-Mulligan/MulliganEconomicsModel0066e.smt2,2.12646,0,72,成功
/pub/data/jiafq/iscas/Parser_Comparison/../benchmarks/part75/non-incremental/QF_NRA/20180501-Economics-Mulligan/MulliganEconomicsModel0067a.smt2,5.33223,264,242,成功
/pub/data/jiafq/iscas/Parser_Comparison/../benchmarks/part75/non-incremental/QF_NRA/20180501-Economics-Mulligan/MulliganEconomicsModel0067c.smt2,5.32007,264,264,成功
/pub/data/jiafq/iscas/Parser_Comparison/../benchmarks/part75/non-incremental/QF_NRA/20180501-Economics-Mulligan/MulliganEconomicsModel0067e.smt2,5.38468,264,263,成功
/pub/data/jiafq/iscas/Parser_Comparison/../benchmarks/part75/non-incremental/QF_NRA/20180501-Economics-Mulligan/MulliganEconomicsModel0074a.smt2,2.0411,0,61,成功
/pub/data/jiafq/iscas/Parser_Comparison/../benchmarks/part75/non-incremental/QF_NRA/20180501-Economics-Mulligan/MulliganEconomicsModel0074c.smt2,2.08354,0,66,成功
/pub/data/jiafq/iscas/Parser_Comparison/../benchmarks/part75/non-incremental/QF_NRA/20180501-Economics-Mulligan/MulliganEconomicsModel0074e.smt2,2.05112,0,65,成功
/pub/data/jiafq/iscas/Parser_Comparison/../benchmarks/part75/non-incremental/QF_NRA/20180501-Economics-Mulligan/MulliganEconomicsModel0076a.smt2,2.12312,0,50,成功
/pub/data/jiafq/iscas/Parser_Comparison/../benchmarks/part75/non-incremental/QF_NRA/20180501-Economics-Mulligan/MulliganEconomicsModel0076c.smt2,2.20275,0,81,成功
/pub/data/jiafq/iscas/Parser_Comparison/../benchmarks/part75/non-incremental/QF_NRA/20180501-Economics-Mulligan/MulliganEconomicsModel0076e.smt2,2.16007,0,80,成功
/pub/data/jiafq/iscas/Parser_Comparison/../benchmarks/part75/non-incremental/QF_NRA/20180501-Economics-Mulligan/MulliganEconomicsModel0077a.smt2,2.41709,0,58,成功
/pub/data/jiafq/iscas/Parser_Comparison/../benchmarks/part75/non-incremental/QF_NRA/20180501-Economics-Mulligan/MulliganEconomicsModel0077c.smt2,2.46334,0,100,成功
/pub/data/jiafq/iscas/Parser_Comparison/../benchmarks/part75/non-incremental/QF_NRA/20180501-Economics-Mulligan/MulliganEconomicsModel0077e.smt2,2.41494,0,99,成功
/pub/data/jiafq/iscas/Parser_Comparison/../benchmarks/part75/non-incremental/QF_NRA/20180501-Economics-Mulligan/MulliganEconomicsModel0078a.smt2,3.70359,264,276,成功
/pub/data/jiafq/iscas/Parser_Comparison/../benchmarks/part75/non-incremental/QF_NRA/20180501-Economics-Mulligan/MulliganEconomicsModel0078c.smt2,3.82972,264,285,成功
/pub/data/jiafq/iscas/Parser_Comparison/../benchmarks/part75/non-incremental/QF_NRA/20180501-Economics-Mulligan/MulliganEconomicsModel0078e.smt2,3.77345,264,284,成功
/pub/data/jiafq/iscas/Parser_Comparison/../benchmarks/part75/non-incremental/QF_NRA/20180501-Economics-Mulligan/MulliganEconomicsModel0079a.smt2,1.616,0,31,成功
/pub/data/jiafq/iscas/Parser_Comparison/../benchmarks/part75/non-incremental/QF_NRA/20180501-Economics-Mulligan/MulliganEconomicsModel0079c.smt2,1.66178,0,43,成功
/pub/data/jiafq/iscas/Parser_Comparison/../benchmarks/part75/non-incremental/QF_NRA/20180501-Economics-Mulligan/MulliganEconomicsModel0079e.smt2,1.63436,0,42,成功
/pub/data/jiafq/iscas/Parser_Comparison/../benchmarks/part75/non-incremental/QF_NRA/20180501-Economics-Mulligan/MulliganEconomicsModel0080a.smt2,3.82733,264,286,成功
/pub/data/jiafq/iscas/Parser_Comparison/../benchmarks/part75/non-incremental/QF_NRA/20180501-Economics-Mulligan/MulliganEconomicsModel0080c.smt2,3.89361,264,291,成功
/pub/data/jiafq/iscas/Parser_Comparison/../benchmarks/part75/non-incremental/QF_NRA/20180501-Economics-Mulligan/MulliganEconomicsModel0080e.smt2,3.89075,264,290,成功
/pub/data/jiafq/iscas/Parser_Comparison/../benchmarks/part75/non-incremental/QF_NRA/20180501-Economics-Mulligan/MulliganEconomicsModel0082a.smt2,2.46835,0,101,成功
/pub/data/jiafq/iscas/Parser_Comparison/../benchmarks/part75/non-incremental/QF_NRA/20180501-Economics-Mulligan/MulliganEconomicsModel0082c.smt2,2.55895,264,106,成功
/pub/data/jiafq/iscas/Parser_Comparison/../benchmarks/part75/non-incremental/QF_NRA/20180501-Economics-Mulligan/MulliganEconomicsModel0082e.smt2,2.46811,0,105,成功
/pub/data/jiafq/iscas/Parser_Comparison/../benchmarks/part75/non-incremental/QF_NRA/20180501-Economics-Mulligan/MulliganEconomicsModel0083a.smt2,2.56443,0,115,成功
/pub/data/jiafq/iscas/Parser_Comparison/../benchmarks/part75/non-incremental/QF_NRA/20180501-Economics-Mulligan/MulliganEconomicsModel0083c.smt2,2.59089,0,120,成功
/pub/data/jiafq/iscas/Parser_Comparison/../benchmarks/part75/non-incremental/QF_NRA/20180501-Economics-Mulligan/MulliganEconomicsModel0083e.smt2,2.61164,0,119,成功
/pub/data/jiafq/iscas/Parser_Comparison/../benchmarks/part75/non-incremental/QF_NRA/20180501-Economics-Mulligan/MulliganEconomicsModel0084a.smt2,3.32427,0,195,成功
/pub/data/jiafq/iscas/Parser_Comparison/../benchmarks/part75/non-incremental/QF_NRA/20180501-Economics-Mulligan/MulliganEconomicsModel0084c.smt2,3.49402,0,200,成功
/pub/data/jiafq/iscas/Parser_Comparison/../benchmarks/part75/non-incremental/QF_NRA/20180501-Economics-Mulligan/MulliganEconomicsModel0084e.smt2,3.37362,0,199,成功
/pub/data/jiafq/iscas/Parser_Comparison/../benchmarks/part75/non-incremental/QF_NRA/20180501-Economics-Mulligan/MulliganEconomicsModel0085a.smt2,1.9927,0,56,成功
/pub/data/jiafq/iscas/Parser_Comparison/../benchmarks/part75/non-incremental/QF_NRA/20180501-Economics-Mulligan/MulliganEconomicsModel0085c.smt2,2.00963,0,72,成功
/pub/data/jiafq/iscas/Parser_Comparison/../benchmarks/part75/non-incremental/QF_NRA/20180501-Economics-Mulligan/MulliganEconomicsModel0085e.smt2,1.99509,0,71,成功
/pub/data/jiafq/iscas/Parser_Comparison/../benchmarks/part75/non-incremental/QF_NRA/20180501-Economics-Mulligan/MulliganEconomicsModel0086a.smt2,14.1835,264,1483,成功
/pub/data/jiafq/iscas/Parser_Comparison/../benchmarks/part75/non-incremental/QF_NRA/20180501-Economics-Mulligan/MulliganEconomicsModel0086c.smt2,14.1757,264,1488,成功
/pub/data/jiafq/iscas/Parser_Comparison/../benchmarks/part75/non-incremental/QF_NRA/20180501-Economics-Mulligan/MulliganEconomicsModel0086e.smt2,14.1697,264,1487,成功
/pub/data/jiafq/iscas/Parser_Comparison/../benchmarks/part75/non-incremental/QF_NRA/20180501-Economics-Mulligan/MulliganEconomicsModel1001a.smt2,19.788,528,1405,成功
/pub/data/jiafq/iscas/Parser_Comparison/../benchmarks/part75/non-incremental/QF_NRA/20180501-Economics-Mulligan/MulliganEconomicsModel1001c.smt2,20.1309,528,1410,成功
/pub/data/jiafq/iscas/Parser_Comparison/../benchmarks/part75/non-incremental/QF_NRA/20180501-Economics-Mulligan/MulliganEconomicsModel1001e.smt2,19.8128,528,1409,成功
/pub/data/jiafq/iscas/Parser_Comparison/../benchmarks/part75/non-incremental/QF_NRA/2019-ezsmt/bouncingBall/inst_1_100.smt2,397.958,5280,22499,成功
/pub/data/jiafq/iscas/Parser_Comparison/../benchmarks/part75/non-incremental/QF_NRA/2019-ezsmt/bouncingBall/inst_1_1000.smt2,392.699,4920,22499,成功
/pub/data/jiafq/iscas/Parser_Comparison/../benchmarks/part75/non-incremental/QF_NRA/2019-ezsmt/bouncingBall/inst_1_10000.smt2,391.9,5016,22499,成功
/pub/data/jiafq/iscas/Parser_Comparison/../benchmarks/part75/non-incremental/QF_NRA/2019-ezsmt/bouncingBall/inst_1_100000.smt2,393.312,5036,22499,成功
/pub/data/jiafq/iscas/Parser_Comparison/../benchmarks/part75/non-incremental/QF_NRA/2019-ezsmt/bouncingBall/inst_1_1000000.smt2,395.519,5040,22499,成功
/pub/data/jiafq/iscas/Parser_Comparison/../benchmarks/part75/non-incremental/QF_NRA/2019-ezsmt/generator/inst-ijcai-lin1.ez.smt2,51.6546,792,2325,成功
/pub/data/jiafq/iscas/Parser_Comparison/../benchmarks/part75/non-incremental/QF_NRA/2019-ezsmt/generator/inst-ijcai-lin2.ez.smt2,65.3601,792,3030,成功
/pub/data/jiafq/iscas/Parser_Comparison/../benchmarks/part75/non-incremental/QF_NRA/2019-ezsmt/generator/inst-ijcai-lin3.ez.smt2,79.4449,1056,3731,成功
/pub/data/jiafq/iscas/Parser_Comparison/../benchmarks/part75/non-incremental/QF_NRA/2019-ezsmt/generator/inst-ijcai-lin4.ez.smt2,96.0879,1320,4432,成功
/pub/data/jiafq/iscas/Parser_Comparison/../benchmarks/part75/non-incremental/QF_NRA/2019-ezsmt/generator/inst-ijcai-lin5.ez.smt2,108.754,1320,5133,成功
/pub/data/jiafq/iscas/Parser_Comparison/../benchmarks/part75/non-incremental/QF_NRA/2019-ezsmt/generator/inst-ijcai-lin6.ez.smt2,122.968,1584,5834,成功
/pub/data/jiafq/iscas/Parser_Comparison/../benchmarks/part75/non-incremental/QF_NRA/2019-ezsmt/generator/inst-ijcai-lin7.ez.smt2,138.897,1584,6535,成功
/pub/data/jiafq/iscas/Parser_Comparison/../benchmarks/part75/non-incremental/QF_NRA/2019-ezsmt/generator/inst-ijcai-lin8.ez.smt2,153.037,2112,7236,成功
/pub/data/jiafq/iscas/Parser_Comparison/../benchmarks/part75/non-incremental/QF_NRA/2019-ezsmt/reverseFolding/01-reverse_folding-0-0.smt2,224.581,2640,10857,成功
/pub/data/jiafq/iscas/Parser_Comparison/../benchmarks/part75/non-incremental/QF_NRA/2019-ezsmt/reverseFolding/02-reverse_folding-0-0.smt2,2686.58,25148,129300,成功
/pub/data/jiafq/iscas/Parser_Comparison/../benchmarks/part75/non-incremental/QF_NRA/2019-ezsmt/reverseFolding/03-reverse_folding-0-0.smt2,33870.7,244300,1604518,成功
/pub/data/jiafq/iscas/Parser_Comparison/../benchmarks/part75/non-incremental/QF_NRA/2019-ezsmt/reverseFolding/04-reverse_folding-0-0.smt2,0,0,0,失败
/pub/data/jiafq/iscas/Parser_Comparison/../benchmarks/part75/non-incremental/QF_NRA/2019-ezsmt/reverseFolding/05-reverse_folding-0-0.smt2,80.8558,1320,3063,成功
/pub/data/jiafq/iscas/Parser_Comparison/../benchmarks/part75/non-incremental/QF_NRA/2019-ezsmt/reverseFolding/06-reverse_folding-0-0.smt2,461.052,5156,20268,成功
/pub/data/jiafq/iscas/Parser_Comparison/../benchmarks/part75/non-incremental/QF_NRA/2019-ezsmt/reverseFolding/07-reverse_folding-0-0.smt2,1446.13,15068,65043,成功
/pub/data/jiafq/iscas/Parser_Comparison/../benchmarks/part75/non-incremental/QF_NRA/2019-ezsmt/reverseFolding/08-reverse_folding-0-0.smt2,3657.2,34144,162095,成功
/pub/data/jiafq/iscas/Parser_Comparison/../benchmarks/part75/non-incremental/QF_NRA/2019-ezsmt/reverseFolding/09-reverse_folding-0-0.smt2,6403.19,61364,262585,成功
/pub/data/jiafq/iscas/Parser_Comparison/../benchmarks/part75/non-incremental/QF_NRA/2019-ezsmt/reverseFolding/10-reverse_folding-0-0.smt2,12377.5,118108,499259,成功
/pub/data/jiafq/iscas/Parser_Comparison/../benchmarks/part75/non-incremental/QF_NRA/2019-ezsmt/reverseFolding/11-reverse_folding-0-0.smt2,1409.52,14776,64096,成功
/pub/data/jiafq/iscas/Parser_Comparison/../benchmarks/part75/non-incremental/QF_NRA/2019-ezsmt/reverseFolding/12-reverse_folding-0-0.smt2,1252.43,13964,55547,成功
/pub/data/jiafq/iscas/Parser_Comparison/../benchmarks/part75/non-incremental/QF_NRA/2019-ezsmt/reverseFolding/13-reverse_folding-0-0.smt2,1863.93,18116,83354,成功
/pub/data/jiafq/iscas/Parser_Comparison/../benchmarks/part75/non-incremental/QF_NRA/2019-ezsmt/reverseFolding/14-reverse_folding-0-0.smt2,1723.46,17624,77960,成功
/pub/data/jiafq/iscas/Parser_Comparison/../benchmarks/part75/non-incremental/QF_NRA/2019-ezsmt/reverseFolding/15-reverse_folding-0-0.smt2,1860.49,18828,83969,成功
/pub/data/jiafq/iscas/Parser_Comparison/../benchmarks/part75/non-incremental/QF_NRA/2019-ezsmt/reverseFolding/16-reverse_folding-0-0.smt2,2704.06,26188,118911,成功
/pub/data/jiafq/iscas/Parser_Comparison/../benchmarks/part75/non-incremental/QF_NRA/2019-ezsmt/reverseFolding/17-reverse_folding-0-0.smt2,3683.55,32004,171176,成功
/pub/data/jiafq/iscas/Parser_Comparison/../benchmarks/part75/non-incremental/QF_NRA/2019-ezsmt/reverseFolding/18-reverse_folding-0-0.smt2,2496.31,25928,109715,成功
/pub/data/jiafq/iscas/Parser_Comparison/../benchmarks/part75/non-incremental/QF_NRA/2019-ezsmt/reverseFolding/19-reverse_folding-0-0.smt2,2555.38,26492,113015,成功
/pub/data/jiafq/iscas/Parser_Comparison/../benchmarks/part75/non-incremental/QF_NRA/2019-ezsmt/reverseFolding/20-reverse_folding-0-0.smt2,6890.54,62052,308715,成功
/pub/data/jiafq/iscas/Parser_Comparison/../benchmarks/part75/non-incremental/QF_NRA/2019-ezsmt/reverseFolding/21-reverse_folding-0-0.smt2,7949.62,67852,359193,成功
/pub/data/jiafq/iscas/Parser_Comparison/../benchmarks/part75/non-incremental/QF_NRA/2019-ezsmt/reverseFolding/22-reverse_folding-0-0.smt2,7996.29,68580,345581,成功
/pub/data/jiafq/iscas/Parser_Comparison/../benchmarks/part75/non-incremental/QF_NRA/2019-ezsmt/reverseFolding/23-reverse_folding-0-0.smt2,6307.52,60324,267159,成功
/pub/data/jiafq/iscas/Parser_Comparison/../benchmarks/part75/non-incremental/QF_NRA/2019-ezsmt/reverseFolding/24-reverse_folding-0-0.smt2,10938.7,99360,498273,成功
/pub/data/jiafq/iscas/Parser_Comparison/../benchmarks/part75/non-incremental/QF_NRA/2019-ezsmt/reverseFolding/25-reverse_folding-0-0.smt2,14217,117176,668664,成功
/pub/data/jiafq/iscas/Parser_Comparison/../benchmarks/part75/non-incremental/QF_NRA/2019-ezsmt/reverseFolding/26-reverse_folding-0-0.smt2,9633.91,95824,420543,成功
/pub/data/jiafq/iscas/Parser_Comparison/../benchmarks/part75/non-incremental/QF_NRA/2019-ezsmt/reverseFolding/27-reverse_folding-0-0.smt2,11567.5,105684,511133,成功
/pub/data/jiafq/iscas/Parser_Comparison/../benchmarks/part75/non-incremental/QF_NRA/2019-ezsmt/reverseFolding/28-reverse_folding-0-0.smt2,10022.6,96648,430533,成功
/pub/data/jiafq/iscas/Parser_Comparison/../benchmarks/part75/non-incremental/QF_NRA/2019-ezsmt/reverseFolding/29-reverse_folding-0-0.smt2,13553.3,119192,609048,成功
/pub/data/jiafq/iscas/Parser_Comparison/../benchmarks/part75/non-incremental/QF_NRA/2019-ezsmt/reverseFolding/30-reverse_folding-0-0.smt2,12874.5,114888,587894,成功
/pub/data/jiafq/iscas/Parser_Comparison/../benchmarks/part75/non-incremental/QF_NRA/2019-ezsmt/reverseFolding/31-reverse_folding-0-0.smt2,20189.3,146212,892530,成功
/pub/data/jiafq/iscas/Parser_Comparison/../benchmarks/part75/non-incremental/QF_NRA/2019-ezsmt/reverseFolding/32-reverse_folding-0-0.smt2,10661.3,98016,458986,成功
/pub/data/jiafq/iscas/Parser_Comparison/../benchmarks/part75/non-incremental/QF_NRA/2019-ezsmt/reverseFolding/33-reverse_folding-0-0.smt2,13520,116468,553608,成功
/pub/data/jiafq/iscas/Parser_Comparison/../benchmarks/part75/non-incremental/QF_NRA/2019-ezsmt/reverseFolding/34-reverse_folding-0-0.smt2,20983,188872,932420,成功
/pub/data/jiafq/iscas/Parser_Comparison/../benchmarks/part75/non-incremental/QF_NRA/2019-ezsmt/reverseFolding/35-reverse_folding-0-0.smt2,26516,221572,1176703,成功
/pub/data/jiafq/iscas/Parser_Comparison/../benchmarks/part75/non-incremental/QF_NRA/2019-ezsmt/reverseFolding/36-reverse_folding-0-0.smt2,27906,225560,1253890,成功
/pub/data/jiafq/iscas/Parser_Comparison/../benchmarks/part75/non-incremental/QF_NRA/2019-ezsmt/reverseFolding/37-reverse_folding-0-0.smt2,28245.9,236624,1256547,成功
/pub/data/jiafq/iscas/Parser_Comparison/../benchmarks/part75/non-incremental/QF_NRA/2019-ezsmt/reverseFolding/38-reverse_folding-0-0.smt2,31504.9,253260,1385141,成功
/pub/data/jiafq/iscas/Parser_Comparison/../benchmarks/part75/non-incremental/QF_NRA/2019-ezsmt/reverseFolding/39-reverse_folding-0-0.smt2,30191.8,244568,1276799,成功
/pub/data/jiafq/iscas/Parser_Comparison/../benchmarks/part75/non-incremental/QF_NRA/2019-ezsmt/reverseFolding/40-reverse_folding-0-0.smt2,45602.7,311956,1811079,成功
/pub/data/jiafq/iscas/Parser_Comparison/../benchmarks/part75/non-incremental/QF_NRA/2019-ezsmt/reverseFolding/41-reverse_folding-0-0.smt2,43687.3,382592,1970937,成功
/pub/data/jiafq/iscas/Parser_Comparison/../benchmarks/part75/non-incremental/QF_NRA/2019-ezsmt/reverseFolding/42-reverse_folding-0-0.smt2,34351.3,279380,1475498,成功
/pub/data/jiafq/iscas/Parser_Comparison/../benchmarks/part75/non-incremental/QF_NRA/2019-ezsmt/reverseFolding/43-reverse_folding-0-0.smt2,38772.6,383852,1699468,成功
/pub/data/jiafq/iscas/Parser_Comparison/../benchmarks/part75/non-incremental/QF_NRA/2019-ezsmt/reverseFolding/44-reverse_folding-0-0.smt2,48354.9,412140,2135055,成功
/pub/data/jiafq/iscas/Parser_Comparison/../benchmarks/part75/non-incremental/QF_NRA/2019-ezsmt/reverseFolding/45-reverse_folding-0-0.smt2,50958.6,431504,2265061,成功
/pub/data/jiafq/iscas/Parser_Comparison/../benchmarks/part75/non-incremental/QF_NRA/2019-ezsmt/reverseFolding/46-reverse_folding-0-0.smt2,53465.6,445400,2362547,成功
/pub/data/jiafq/iscas/Parser_Comparison/../benchmarks/part75/non-incremental/QF_NRA/2019-ezsmt/reverseFolding/47-reverse_folding-0-0.smt2,6684,62100,291439,成功
/pub/data/jiafq/iscas/Parser_Comparison/../benchmarks/part75/non-incremental/QF_NRA/2019-ezsmt/reverseFolding/48-reverse_folding-0-0.smt2,7579.75,69744,316175,成功
/pub/data/jiafq/iscas/Parser_Comparison/../benchmarks/part75/non-incremental/QF_NRA/2019-ezsmt/reverseFolding/49-reverse_folding-0-0.smt2,7628.32,72260,339259,成功
/pub/data/jiafq/iscas/Parser_Comparison/../benchmarks/part75/non-incremental/QF_NRA/2019-ezsmt/reverseFolding/50-reverse_folding-0-0.smt2,2684.44,25696,129981,成功
/pub/data/jiafq/iscas/Parser_Comparison/../benchmarks/part75/non-incremental/QF_NRA/20200911-Pine/1599120907414249000.smt2,3.27492,0,111,成功
/pub/data/jiafq/iscas/Parser_Comparison/../benchmarks/part75/non-incremental/QF_NRA/20200911-Pine/1599120907513630000.smt2,3.33238,0,111,成功
/pub/data/jiafq/iscas/Parser_Comparison/../benchmarks/part75/non-incremental/QF_NRA/20200911-Pine/1599120907615225000.smt2,3.24774,0,111,成功
/pub/data/jiafq/iscas/Parser_Comparison/../benchmarks/part75/non-incremental/QF_NRA/20200911-Pine/1599120907722106000.smt2,3.20506,0,111,成功
/pub/data/jiafq/iscas/Parser_Comparison/../benchmarks/part75/non-incremental/QF_NRA/20200911-Pine/1599120907818508000.smt2,3.27182,0,111,成功
/pub/data/jiafq/iscas/Parser_Comparison/../benchmarks/part75/non-incremental/QF_NRA/20200911-Pine/1599120908933292000.smt2,3.35169,0,94,成功
/pub/data/jiafq/iscas/Parser_Comparison/../benchmarks/part75/non-incremental/QF_NRA/20200911-Pine/1599120911869156000.smt2,3.84855,0,108,成功
/pub/data/jiafq/iscas/Parser_Comparison/../benchmarks/part75/non-incremental/QF_NRA/20200911-Pine/1599121684188100000.smt2,3.28517,0,111,成功
/pub/data/jiafq/iscas/Parser_Comparison/../benchmarks/part75/non-incremental/QF_NRA/20200911-Pine/1599121684285860000.smt2,3.26133,0,111,成功
/pub/data/jiafq/iscas/Parser_Comparison/../benchmarks/part75/non-incremental/QF_NRA/20200911-Pine/1599121684378151000.smt2,3.27396,0,111,成功
/pub/data/jiafq/iscas/Parser_Comparison/../benchmarks/part75/non-incremental/QF_NRA/20200911-Pine/1599121684477306000.smt2,3.18217,0,111,成功
/pub/data/jiafq/iscas/Parser_Comparison/../benchmarks/part75/non-incremental/QF_NRA/20200911-Pine/1599121684561818000.smt2,3.30687,0,111,成功
/pub/data/jiafq/iscas/Parser_Comparison/../benchmarks/part75/non-incremental/QF_NRA/20200911-Pine/1599121684653478000.smt2,3.19719,0,111,成功
/pub/data/jiafq/iscas/Parser_Comparison/../benchmarks/part75/non-incremental/QF_NRA/20200911-Pine/1599121684761355000.smt2,3.27301,0,111,成功
/pub/data/jiafq/iscas/Parser_Comparison/../benchmarks/part75/non-incremental/QF_NRA/20200911-Pine/1599121687424286000.smt2,3.87096,264,108,成功
/pub/data/jiafq/iscas/Parser_Comparison/../benchmarks/part75/non-incremental/QF_NRA/20200911-Pine/1599121861020640000.smt2,3.27015,0,101,成功
/pub/data/jiafq/iscas/Parser_Comparison/../benchmarks/part75/non-incremental/QF_NRA/20200911-Pine/1599121861113116000.smt2,3.26538,0,101,成功
/pub/data/jiafq/iscas/Parser_Comparison/../benchmarks/part75/non-incremental/QF_NRA/20200911-Pine/1599121861204394000.smt2,3.22938,0,101,成功
/pub/data/jiafq/iscas/Parser_Comparison/../benchmarks/part75/non-incremental/QF_NRA/20200911-Pine/1599121861304140000.smt2,3.17717,0,101,成功
/pub/data/jiafq/iscas/Parser_Comparison/../benchmarks/part75/non-incremental/QF_NRA/20200911-Pine/1599121861391903000.smt2,3.28708,0,101,成功
/pub/data/jiafq/iscas/Parser_Comparison/../benchmarks/part75/non-incremental/QF_NRA/20200911-Pine/1599121861496816000.smt2,3.31306,0,101,成功
/pub/data/jiafq/iscas/Parser_Comparison/../benchmarks/part75/non-incremental/QF_NRA/20200911-Pine/1599121861590419000.smt2,3.28541,0,101,成功
/pub/data/jiafq/iscas/Parser_Comparison/../benchmarks/part75/non-incremental/QF_NRA/20200911-Pine/1599121861673275000.smt2,3.27802,0,101,成功
/pub/data/jiafq/iscas/Parser_Comparison/../benchmarks/part75/non-incremental/QF_NRA/20200911-Pine/1599121861773920000.smt2,3.30257,0,101,成功
/pub/data/jiafq/iscas/Parser_Comparison/../benchmarks/part75/non-incremental/QF_NRA/20200911-Pine/1599121861868864000.smt2,3.30186,0,101,成功
/pub/data/jiafq/iscas/Parser_Comparison/../benchmarks/part75/non-incremental/QF_NRA/20200911-Pine/1599121861963219000.smt2,3.21412,0,101,成功
/pub/data/jiafq/iscas/Parser_Comparison/../benchmarks/part75/non-incremental/QF_NRA/20200911-Pine/1599121862060861000.smt2,3.31163,0,101,成功
/pub/data/jiafq/iscas/Parser_Comparison/../benchmarks/part75/non-incremental/QF_NRA/20200911-Pine/1599121862158098000.smt2,3.20005,0,101,成功
/pub/data/jiafq/iscas/Parser_Comparison/../benchmarks/part75/non-incremental/QF_NRA/20200911-Pine/1599121862252472000.smt2,3.2835,0,101,成功
/pub/data/jiafq/iscas/Parser_Comparison/../benchmarks/part75/non-incremental/QF_NRA/20200911-Pine/1599121862350313000.smt2,3.2928,0,101,成功
/pub/data/jiafq/iscas/Parser_Comparison/../benchmarks/part75/non-incremental/QF_NRA/20200911-Pine/1599121862442984000.smt2,3.30329,0,101,成功
/pub/data/jiafq/iscas/Parser_Comparison/../benchmarks/part75/non-incremental/QF_NRA/20200911-Pine/1599121862539118000.smt2,3.25942,0,101,成功
/pub/data/jiafq/iscas/Parser_Comparison/../benchmarks/part75/non-incremental/QF_NRA/20200911-Pine/1599121862628259000.smt2,3.31545,0,101,成功
/pub/data/jiafq/iscas/Parser_Comparison/../benchmarks/part75/non-incremental/QF_NRA/20200911-Pine/1599121862719873000.smt2,3.17001,0,101,成功
/pub/data/jiafq/iscas/Parser_Comparison/../benchmarks/part75/non-incremental/QF_NRA/20200911-Pine/1599121862802573000.smt2,3.23725,0,101,成功
/pub/data/jiafq/iscas/Parser_Comparison/../benchmarks/part75/non-incremental/QF_NRA/20200911-Pine/1599121862899350000.smt2,3.16286,0,101,成功
/pub/data/jiafq/iscas/Parser_Comparison/../benchmarks/part75/non-incremental/QF_NRA/20200911-Pine/1599121862981074000.smt2,3.18718,0,101,成功
/pub/data/jiafq/iscas/Parser_Comparison/../benchmarks/part75/non-incremental/QF_NRA/20200911-Pine/1599121863071862000.smt2,3.20053,0,101,成功
/pub/data/jiafq/iscas/Parser_Comparison/../benchmarks/part75/non-incremental/QF_NRA/20200911-Pine/1599121863160493000.smt2,3.21651,0,101,成功
/pub/data/jiafq/iscas/Parser_Comparison/../benchmarks/part75/non-incremental/QF_NRA/20200911-Pine/1599121863243316000.smt2,3.25489,0,101,成功
/pub/data/jiafq/iscas/Parser_Comparison/../benchmarks/part75/non-incremental/QF_NRA/20200911-Pine/1599121863332013000.smt2,3.2239,0,101,成功
/pub/data/jiafq/iscas/Parser_Comparison/../benchmarks/part75/non-incremental/QF_NRA/20200911-Pine/1599121863418601000.smt2,3.21579,0,101,成功
/pub/data/jiafq/iscas/Parser_Comparison/../benchmarks/part75/non-incremental/QF_NRA/20200911-Pine/1599121863507696000.smt2,3.1786,0,101,成功
/pub/data/jiafq/iscas/Parser_Comparison/../benchmarks/part75/non-incremental/QF_NRA/20200911-Pine/1599121863598340000.smt2,3.22104,0,101,成功
/pub/data/jiafq/iscas/Parser_Comparison/../benchmarks/part75/non-incremental/QF_NRA/20200911-Pine/1599121863702813000.smt2,3.21317,0,101,成功
/pub/data/jiafq/iscas/Parser_Comparison/../benchmarks/part75/non-incremental/QF_NRA/20200911-Pine/1599121863820026000.smt2,3.18313,0,101,成功
/pub/data/jiafq/iscas/Parser_Comparison/../benchmarks/part75/non-incremental/QF_NRA/20200911-Pine/1599121863927725000.smt2,3.24273,0,101,成功
/pub/data/jiafq/iscas/Parser_Comparison/../benchmarks/part75/non-incremental/QF_NRA/20200911-Pine/1599121866548508000.smt2,3.85833,264,105,成功
/pub/data/jiafq/iscas/Parser_Comparison/../benchmarks/part75/non-incremental/QF_NRA/20200911-Pine/1599121886379408000.smt2,3.32904,0,117,成功
/pub/data/jiafq/iscas/Parser_Comparison/../benchmarks/part75/non-incremental/QF_NRA/20200911-Pine/1599121886550120000.smt2,3.26586,0,117,成功
/pub/data/jiafq/iscas/Parser_Comparison/../benchmarks/part75/non-incremental/QF_NRA/20200911-Pine/1599121889458073000.smt2,3.83878,264,112,成功
/pub/data/jiafq/iscas/Parser_Comparison/../benchmarks/part75/non-incremental/QF_NRA/20200911-Pine/1599121899310413000.smt2,3.60775,264,125,成功
/pub/data/jiafq/iscas/Parser_Comparison/../benchmarks/part75/non-incremental/QF_NRA/20200911-Pine/1599121899405522000.smt2,3.56412,264,125,成功
/pub/data/jiafq/iscas/Parser_Comparison/../benchmarks/part75/non-incremental/QF_NRA/20200911-Pine/1599121899534768000.smt2,3.59082,264,125,成功
/pub/data/jiafq/iscas/Parser_Comparison/../benchmarks/part75/non-incremental/QF_NRA/20200911-Pine/1599121899684865000.smt2,3.53932,264,125,成功
/pub/data/jiafq/iscas/Parser_Comparison/../benchmarks/part75/non-incremental/QF_NRA/20200911-Pine/1599121899765670000.smt2,3.59416,264,125,成功
/pub/data/jiafq/iscas/Parser_Comparison/../benchmarks/part75/non-incremental/QF_NRA/20200911-Pine/1599121899872501000.smt2,3.5367,264,125,成功
/pub/data/jiafq/iscas/Parser_Comparison/../benchmarks/part75/non-incremental/QF_NRA/20200911-Pine/1599121899996144000.smt2,3.58677,264,125,成功
/pub/data/jiafq/iscas/Parser_Comparison/../benchmarks/part75/non-incremental/QF_NRA/20200911-Pine/1599121900087311000.smt2,3.62968,264,125,成功
/pub/data/jiafq/iscas/Parser_Comparison/../benchmarks/part75/non-incremental/QF_NRA/20200911-Pine/1599121900178623000.smt2,3.59249,264,125,成功
/pub/data/jiafq/iscas/Parser_Comparison/../benchmarks/part75/non-incremental/QF_NRA/20200911-Pine/1599121900264874000.smt2,3.66592,264,125,成功
/pub/data/jiafq/iscas/Parser_Comparison/../benchmarks/part75/non-incremental/QF_NRA/20200911-Pine/1599121900395156000.smt2,3.58891,264,125,成功
/pub/data/jiafq/iscas/Parser_Comparison/../benchmarks/part75/non-incremental/QF_NRA/20200911-Pine/1599121900501850000.smt2,3.67928,264,125,成功
/pub/data/jiafq/iscas/Parser_Comparison/../benchmarks/part75/non-incremental/QF_NRA/20200911-Pine/1599121900611358000.smt2,3.65162,264,125,成功
/pub/data/jiafq/iscas/Parser_Comparison/../benchmarks/part75/non-incremental/QF_NRA/20200911-Pine/1599121900721258000.smt2,3.74866,264,125,成功
/pub/data/jiafq/iscas/Parser_Comparison/../benchmarks/part75/non-incremental/QF_NRA/20200911-Pine/1599121900863650000.smt2,3.6869,264,125,成功
/pub/data/jiafq/iscas/Parser_Comparison/../benchmarks/part75/non-incremental/QF_NRA/20200911-Pine/1599121900961647000.smt2,3.67403,264,125,成功
/pub/data/jiafq/iscas/Parser_Comparison/../benchmarks/part75/non-incremental/QF_NRA/20200911-Pine/1599121901058720000.smt2,3.72362,264,125,成功
/pub/data/jiafq/iscas/Parser_Comparison/../benchmarks/part75/non-incremental/QF_NRA/20200911-Pine/1599121901164798000.smt2,3.69239,264,125,成功
/pub/data/jiafq/iscas/Parser_Comparison/../benchmarks/part75/non-incremental/QF_NRA/20200911-Pine/1599121901261336000.smt2,3.61395,264,125,成功
/pub/data/jiafq/iscas/Parser_Comparison/../benchmarks/part75/non-incremental/QF_NRA/20200911-Pine/1599121901399108000.smt2,3.5727,264,125,成功
/pub/data/jiafq/iscas/Parser_Comparison/../benchmarks/part75/non-incremental/QF_NRA/20200911-Pine/1599121901508910000.smt2,3.61609,264,125,成功
/pub/data/jiafq/iscas/Parser_Comparison/../benchmarks/part75/non-incremental/QF_NRA/20200911-Pine/1599121901606581000.smt2,3.6726,264,125,成功
/pub/data/jiafq/iscas/Parser_Comparison/../benchmarks/part75/non-incremental/QF_NRA/20200911-Pine/1599121901788493000.smt2,3.67093,264,125,成功
/pub/data/jiafq/iscas/Parser_Comparison/../benchmarks/part75/non-incremental/QF_NRA/20200911-Pine/1599121901979464000.smt2,3.66211,264,125,成功
/pub/data/jiafq/iscas/Parser_Comparison/../benchmarks/part75/non-incremental/QF_NRA/20200911-Pine/1599121902194451000.smt2,3.61872,264,125,成功
/pub/data/jiafq/iscas/Parser_Comparison/../benchmarks/part75/non-incremental/QF_NRA/20200911-Pine/1599121902358391000.smt2,3.67951,264,125,成功
/pub/data/jiafq/iscas/Parser_Comparison/../benchmarks/part75/non-incremental/QF_NRA/20200911-Pine/1599121902443868000.smt2,3.65996,264,125,成功
/pub/data/jiafq/iscas/Parser_Comparison/../benchmarks/part75/non-incremental/QF_NRA/20200911-Pine/1599121902582611000.smt2,3.62921,264,125,成功
/pub/data/jiafq/iscas/Parser_Comparison/../benchmarks/part75/non-incremental/QF_NRA/20200911-Pine/1599121902699953000.smt2,3.69453,264,125,成功
/pub/data/jiafq/iscas/Parser_Comparison/../benchmarks/part75/non-incremental/QF_NRA/20200911-Pine/1599121902804243000.smt2,3.67117,264,125,成功
/pub/data/jiafq/iscas/Parser_Comparison/../benchmarks/part75/non-incremental/QF_NRA/20200911-Pine/1599121902909795000.smt2,3.65233,264,125,成功
/pub/data/jiafq/iscas/Parser_Comparison/../benchmarks/part75/non-incremental/QF_NRA/20200911-Pine/1599121903031802000.smt2,3.62968,264,125,成功
/pub/data/jiafq/iscas/Parser_Comparison/../benchmarks/part75/non-incremental/QF_NRA/20200911-Pine/1599121903168735000.smt2,3.68905,264,125,成功
/pub/data/jiafq/iscas/Parser_Comparison/../benchmarks/part75/non-incremental/QF_NRA/20200911-Pine/1599121903279162000.smt2,3.685,264,125,成功
/pub/data/jiafq/iscas/Parser_Comparison/../benchmarks/part75/non-incremental/QF_NRA/20200911-Pine/1599121903380659000.smt2,3.85785,264,125,成功
/pub/data/jiafq/iscas/Parser_Comparison/../benchmarks/part75/non-incremental/QF_NRA/20200911-Pine/1599121903519083000.smt2,3.77154,264,125,成功
/pub/data/jiafq/iscas/Parser_Comparison/../benchmarks/part75/non-incremental/QF_NRA/20200911-Pine/1599121903663628000.smt2,3.6788,264,125,成功
/pub/data/jiafq/iscas/Parser_Comparison/../benchmarks/part75/non-incremental/QF_NRA/20200911-Pine/1599121903843386000.smt2,3.68428,264,125,成功
平均值,1008.09,7155.87,88271.7,99.25%
