文件名,解析时间(ms),内存使用(KB),AST节点数量,结果
/pub/data/jiafq/iscas/Parser_Comparison/../benchmarks/part5/non-incremental/QF_BV/20221012-MCMPC/millionaires/millionaires.t1.i52.7b9769c8.smt2,53.0818,792,2453,成功
/pub/data/jiafq/iscas/Parser_Comparison/../benchmarks/part5/non-incremental/QF_BV/20221012-MCMPC/millionaires/millionaires.t1.i52.85cbf698.smt2,52.5103,792,2365,成功
/pub/data/jiafq/iscas/Parser_Comparison/../benchmarks/part5/non-incremental/QF_BV/20221012-MCMPC/millionaires/millionaires.t1.i52.86b9edf2.smt2,48.7378,792,2233,成功
/pub/data/jiafq/iscas/Parser_Comparison/../benchmarks/part5/non-incremental/QF_BV/20221012-MCMPC/millionaires/millionaires.t1.i52.99859c0b.smt2,49.3727,792,2211,成功
/pub/data/jiafq/iscas/Parser_Comparison/../benchmarks/part5/non-incremental/QF_BV/20221012-MCMPC/millionaires/millionaires.t1.i52.9e39dab1.smt2,49.7243,792,2255,成功
/pub/data/jiafq/iscas/Parser_Comparison/../benchmarks/part5/non-incremental/QF_BV/20221012-MCMPC/millionaires/millionaires.t1.i52.9f21e1cf.smt2,51.7116,792,2431,成功
/pub/data/jiafq/iscas/Parser_Comparison/../benchmarks/part5/non-incremental/QF_BV/20221012-MCMPC/millionaires/millionaires.t1.i52.b323df7d.smt2,49.8641,792,2233,成功
/pub/data/jiafq/iscas/Parser_Comparison/../benchmarks/part5/non-incremental/QF_BV/20221012-MCMPC/millionaires/millionaires.t1.i52.c3a82456.smt2,54.7173,792,2519,成功
/pub/data/jiafq/iscas/Parser_Comparison/../benchmarks/part5/non-incremental/QF_BV/20221012-MCMPC/millionaires/millionaires.t1.i52.ceec2aee.smt2,50.5843,792,2343,成功
/pub/data/jiafq/iscas/Parser_Comparison/../benchmarks/part5/non-incremental/QF_BV/20221012-MCMPC/millionaires/millionaires.t1.i52.e132aad4.smt2,53.6528,792,2475,成功
/pub/data/jiafq/iscas/Parser_Comparison/../benchmarks/part5/non-incremental/QF_BV/20221012-MCMPC/millionaires/millionaires.t1.i52.e1db6e0a.smt2,52.4673,792,2387,成功
/pub/data/jiafq/iscas/Parser_Comparison/../benchmarks/part5/non-incremental/QF_BV/20221012-MCMPC/millionaires/millionaires.t1.i52.e5affe5b.smt2,51.9538,792,2343,成功
/pub/data/jiafq/iscas/Parser_Comparison/../benchmarks/part5/non-incremental/QF_BV/20221012-MCMPC/millionaires/millionaires.t1.i52.f15c3126.smt2,51.307,792,2365,成功
/pub/data/jiafq/iscas/Parser_Comparison/../benchmarks/part5/non-incremental/QF_BV/20221012-MCMPC/millionaires/millionaires.t1.i52.f73a266b.smt2,48.8093,792,2211,成功
/pub/data/jiafq/iscas/Parser_Comparison/../benchmarks/part5/non-incremental/QF_BV/20221012-MCMPC/millionaires/millionaires.t1.i52.fddde98f.smt2,53.5257,792,2541,成功
/pub/data/jiafq/iscas/Parser_Comparison/../benchmarks/part5/non-incremental/QF_BV/20221012-MCMPC/millionaires/millionaires.t1.i53.03648171.smt2,53.2866,792,2425,成功
/pub/data/jiafq/iscas/Parser_Comparison/../benchmarks/part5/non-incremental/QF_BV/20221012-MCMPC/millionaires/millionaires.t1.i53.05188726.smt2,48.9182,792,2337,成功
/pub/data/jiafq/iscas/Parser_Comparison/../benchmarks/part5/non-incremental/QF_BV/20221012-MCMPC/millionaires/millionaires.t1.i53.099ea8f3.smt2,46.9775,792,2315,成功
/pub/data/jiafq/iscas/Parser_Comparison/../benchmarks/part5/non-incremental/QF_BV/20221012-MCMPC/millionaires/millionaires.t1.i53.1bb38095.smt2,45.589,792,2139,成功
/pub/data/jiafq/iscas/Parser_Comparison/../benchmarks/part5/non-incremental/QF_BV/20221012-MCMPC/millionaires/millionaires.t1.i53.2a4c30ee.smt2,47.5228,792,2271,成功
/pub/data/jiafq/iscas/Parser_Comparison/../benchmarks/part5/non-incremental/QF_BV/20221012-MCMPC/millionaires/millionaires.t1.i53.3bd452af.smt2,52.2637,792,2381,成功
/pub/data/jiafq/iscas/Parser_Comparison/../benchmarks/part5/non-incremental/QF_BV/20221012-MCMPC/millionaires/millionaires.t1.i53.3ed5577d.smt2,47.6887,792,2249,成功
/pub/data/jiafq/iscas/Parser_Comparison/../benchmarks/part5/non-incremental/QF_BV/20221012-MCMPC/millionaires/millionaires.t1.i53.3fa80cf3.smt2,49.3653,792,2469,成功
/pub/data/jiafq/iscas/Parser_Comparison/../benchmarks/part5/non-incremental/QF_BV/20221012-MCMPC/millionaires/millionaires.t1.i53.478ed789.smt2,47.9608,792,2161,成功
/pub/data/jiafq/iscas/Parser_Comparison/../benchmarks/part5/non-incremental/QF_BV/20221012-MCMPC/millionaires/millionaires.t1.i53.491b3392.smt2,48.2357,792,2183,成功
/pub/data/jiafq/iscas/Parser_Comparison/../benchmarks/part5/non-incremental/QF_BV/20221012-MCMPC/millionaires/millionaires.t1.i53.50e1c3ba.smt2,53.3555,792,2447,成功
/pub/data/jiafq/iscas/Parser_Comparison/../benchmarks/part5/non-incremental/QF_BV/20221012-MCMPC/millionaires/millionaires.t1.i53.6eb32a4a.smt2,48.8124,792,2249,成功
/pub/data/jiafq/iscas/Parser_Comparison/../benchmarks/part5/non-incremental/QF_BV/20221012-MCMPC/millionaires/millionaires.t1.i53.8225f9f0.smt2,47.7297,792,2359,成功
/pub/data/jiafq/iscas/Parser_Comparison/../benchmarks/part5/non-incremental/QF_BV/20221012-MCMPC/millionaires/millionaires.t1.i53.8cf3ba2e.smt2,48.3487,792,2205,成功
/pub/data/jiafq/iscas/Parser_Comparison/../benchmarks/part5/non-incremental/QF_BV/20221012-MCMPC/millionaires/millionaires.t1.i53.9e87dc80.smt2,46.2515,792,2271,成功
/pub/data/jiafq/iscas/Parser_Comparison/../benchmarks/part5/non-incremental/QF_BV/20221012-MCMPC/millionaires/millionaires.t1.i53.a8ef2dcb.smt2,48.9635,792,2337,成功
/pub/data/jiafq/iscas/Parser_Comparison/../benchmarks/part5/non-incremental/QF_BV/20221012-MCMPC/millionaires/millionaires.t1.i53.b03fec6f.smt2,49.6805,792,2249,成功
/pub/data/jiafq/iscas/Parser_Comparison/../benchmarks/part5/non-incremental/QF_BV/20221012-MCMPC/millionaires/millionaires.t1.i53.b07466e8.smt2,50.4599,792,2293,成功
/pub/data/jiafq/iscas/Parser_Comparison/../benchmarks/part5/non-incremental/QF_BV/20221012-MCMPC/millionaires/millionaires.t1.i53.d3e032f3.smt2,49.0046,792,2227,成功
/pub/data/jiafq/iscas/Parser_Comparison/../benchmarks/part5/non-incremental/QF_BV/20221012-MCMPC/millionaires/millionaires.t1.i53.d4598684.smt2,49.2828,792,2227,成功
/pub/data/jiafq/iscas/Parser_Comparison/../benchmarks/part5/non-incremental/QF_BV/20221012-MCMPC/millionaires/millionaires.t1.i53.ddd547b6.smt2,50.0102,792,2403,成功
/pub/data/jiafq/iscas/Parser_Comparison/../benchmarks/part5/non-incremental/QF_BV/20221012-MCMPC/millionaires/millionaires.t1.i53.f91a307c.smt2,50.3182,792,2315,成功
/pub/data/jiafq/iscas/Parser_Comparison/../benchmarks/part5/non-incremental/QF_BV/20221012-MCMPC/millionaires/millionaires.t1.i53.ffee2a58.smt2,49.6044,792,2293,成功
/pub/data/jiafq/iscas/Parser_Comparison/../benchmarks/part5/non-incremental/QF_BV/20221012-MCMPC/millionaires/millionaires.t1.i54.0a0f1172.smt2,49.6347,792,2243,成功
/pub/data/jiafq/iscas/Parser_Comparison/../benchmarks/part5/non-incremental/QF_BV/20221012-MCMPC/millionaires/millionaires.t1.i54.0e04b43e.smt2,46.2985,792,2199,成功
/pub/data/jiafq/iscas/Parser_Comparison/../benchmarks/part5/non-incremental/QF_BV/20221012-MCMPC/millionaires/millionaires.t1.i54.14b4ee99.smt2,51.1093,792,2331,成功
/pub/data/jiafq/iscas/Parser_Comparison/../benchmarks/part5/non-incremental/QF_BV/20221012-MCMPC/millionaires/millionaires.t1.i54.22eb4884.smt2,49.9401,792,2375,成功
/pub/data/jiafq/iscas/Parser_Comparison/../benchmarks/part5/non-incremental/QF_BV/20221012-MCMPC/millionaires/millionaires.t1.i54.25c61ef8.smt2,50.3361,792,2265,成功
/pub/data/jiafq/iscas/Parser_Comparison/../benchmarks/part5/non-incremental/QF_BV/20221012-MCMPC/millionaires/millionaires.t1.i54.2d318feb.smt2,50.4627,792,2353,成功
/pub/data/jiafq/iscas/Parser_Comparison/../benchmarks/part5/non-incremental/QF_BV/20221012-MCMPC/millionaires/millionaires.t1.i54.4572b1e7.smt2,51.2512,792,2397,成功
/pub/data/jiafq/iscas/Parser_Comparison/../benchmarks/part5/non-incremental/QF_BV/20221012-MCMPC/millionaires/millionaires.t1.i54.55ba09b7.smt2,47.1783,792,2287,成功
/pub/data/jiafq/iscas/Parser_Comparison/../benchmarks/part5/non-incremental/QF_BV/20221012-MCMPC/millionaires/millionaires.t1.i54.5737ff16.smt2,83.4219,792,2243,成功
/pub/data/jiafq/iscas/Parser_Comparison/../benchmarks/part5/non-incremental/QF_BV/20221012-MCMPC/millionaires/millionaires.t1.i54.59460c06.smt2,48.6941,792,2199,成功
/pub/data/jiafq/iscas/Parser_Comparison/../benchmarks/part5/non-incremental/QF_BV/20221012-MCMPC/millionaires/millionaires.t1.i54.5d2fef04.smt2,48.4776,792,2221,成功
/pub/data/jiafq/iscas/Parser_Comparison/../benchmarks/part5/non-incremental/QF_BV/20221012-MCMPC/millionaires/millionaires.t1.i54.5f9aed80.smt2,47.1139,792,2177,成功
/pub/data/jiafq/iscas/Parser_Comparison/../benchmarks/part5/non-incremental/QF_BV/20221012-MCMPC/millionaires/millionaires.t1.i54.64f93723.smt2,45.9526,792,2199,成功
/pub/data/jiafq/iscas/Parser_Comparison/../benchmarks/part5/non-incremental/QF_BV/20221012-MCMPC/millionaires/millionaires.t1.i54.6d139f37.smt2,46.8032,792,2133,成功
/pub/data/jiafq/iscas/Parser_Comparison/../benchmarks/part5/non-incremental/QF_BV/20221012-MCMPC/millionaires/millionaires.t1.i54.8257071d.smt2,50.3418,792,2309,成功
/pub/data/jiafq/iscas/Parser_Comparison/../benchmarks/part5/non-incremental/QF_BV/20221012-MCMPC/millionaires/millionaires.t1.i54.8d79b81b.smt2,50.386,792,2331,成功
/pub/data/jiafq/iscas/Parser_Comparison/../benchmarks/part5/non-incremental/QF_BV/20221012-MCMPC/millionaires/millionaires.t1.i54.98a0bb1d.smt2,44.8279,792,2155,成功
/pub/data/jiafq/iscas/Parser_Comparison/../benchmarks/part5/non-incremental/QF_BV/20221012-MCMPC/millionaires/millionaires.t1.i54.b5fc028c.smt2,47.7138,792,2287,成功
/pub/data/jiafq/iscas/Parser_Comparison/../benchmarks/part5/non-incremental/QF_BV/20221012-MCMPC/millionaires/millionaires.t1.i54.b62c3206.smt2,48.5027,792,2309,成功
/pub/data/jiafq/iscas/Parser_Comparison/../benchmarks/part5/non-incremental/QF_BV/20221012-MCMPC/millionaires/millionaires.t1.i54.b8f0141c.smt2,50.149,792,2265,成功
/pub/data/jiafq/iscas/Parser_Comparison/../benchmarks/part5/non-incremental/QF_BV/20221012-MCMPC/millionaires/millionaires.t1.i54.d0ab302c.smt2,49.907,792,2265,成功
/pub/data/jiafq/iscas/Parser_Comparison/../benchmarks/part5/non-incremental/QF_BV/20221012-MCMPC/millionaires/millionaires.t1.i54.d1112006.smt2,50.1606,792,2309,成功
/pub/data/jiafq/iscas/Parser_Comparison/../benchmarks/part5/non-incremental/QF_BV/20221012-MCMPC/millionaires/millionaires.t1.i54.d29e18cb.smt2,49.5753,792,2243,成功
/pub/data/jiafq/iscas/Parser_Comparison/../benchmarks/part5/non-incremental/QF_BV/20221012-MCMPC/millionaires/millionaires.t1.i54.d850d4ed.smt2,49.3996,792,2221,成功
/pub/data/jiafq/iscas/Parser_Comparison/../benchmarks/part5/non-incremental/QF_BV/20221012-MCMPC/millionaires/millionaires.t1.i54.dce7136f.smt2,50.7879,792,2287,成功
/pub/data/jiafq/iscas/Parser_Comparison/../benchmarks/part5/non-incremental/QF_BV/20221012-MCMPC/millionaires/millionaires.t1.i54.f78e556e.smt2,46.8135,792,2111,成功
/pub/data/jiafq/iscas/Parser_Comparison/../benchmarks/part5/non-incremental/QF_BV/20221012-MCMPC/millionaires/millionaires.t1.i54.fc96c9de.smt2,49.2139,792,2221,成功
/pub/data/jiafq/iscas/Parser_Comparison/../benchmarks/part5/non-incremental/QF_BV/20221012-MCMPC/millionaires/millionaires.t1.i55.17f98b0d.smt2,49.7031,792,2259,成功
/pub/data/jiafq/iscas/Parser_Comparison/../benchmarks/part5/non-incremental/QF_BV/20221012-MCMPC/millionaires/millionaires.t1.i55.1caa02fa.smt2,50.5803,792,2435,成功
/pub/data/jiafq/iscas/Parser_Comparison/../benchmarks/part5/non-incremental/QF_BV/20221012-MCMPC/millionaires/millionaires.t1.i55.2532e301.smt2,52.1328,792,2369,成功
/pub/data/jiafq/iscas/Parser_Comparison/../benchmarks/part5/non-incremental/QF_BV/20221012-MCMPC/millionaires/millionaires.t1.i55.2da4c1e2.smt2,53.0295,792,2391,成功
/pub/data/jiafq/iscas/Parser_Comparison/../benchmarks/part5/non-incremental/QF_BV/20221012-MCMPC/millionaires/millionaires.t1.i55.330b6922.smt2,51.9137,792,2347,成功
/pub/data/jiafq/iscas/Parser_Comparison/../benchmarks/part5/non-incremental/QF_BV/20221012-MCMPC/millionaires/millionaires.t1.i55.362675f9.smt2,49.8905,792,2259,成功
/pub/data/jiafq/iscas/Parser_Comparison/../benchmarks/part5/non-incremental/QF_BV/20221012-MCMPC/millionaires/millionaires.t1.i55.43c79e0a.smt2,49.8016,792,2237,成功
/pub/data/jiafq/iscas/Parser_Comparison/../benchmarks/part5/non-incremental/QF_BV/20221012-MCMPC/millionaires/millionaires.t1.i55.50c11815.smt2,52.4602,792,2369,成功
/pub/data/jiafq/iscas/Parser_Comparison/../benchmarks/part5/non-incremental/QF_BV/20221012-MCMPC/millionaires/millionaires.t1.i55.52e63a70.smt2,51.0523,792,2281,成功
/pub/data/jiafq/iscas/Parser_Comparison/../benchmarks/part5/non-incremental/QF_BV/20221012-MCMPC/millionaires/millionaires.t1.i55.569123e1.smt2,50.3182,792,2303,成功
/pub/data/jiafq/iscas/Parser_Comparison/../benchmarks/part5/non-incremental/QF_BV/20221012-MCMPC/millionaires/millionaires.t1.i55.66136dd3.smt2,47.8811,792,2281,成功
/pub/data/jiafq/iscas/Parser_Comparison/../benchmarks/part5/non-incremental/QF_BV/20221012-MCMPC/millionaires/millionaires.t1.i55.67730878.smt2,50.5118,792,2303,成功
/pub/data/jiafq/iscas/Parser_Comparison/../benchmarks/part5/non-incremental/QF_BV/20221012-MCMPC/millionaires/millionaires.t1.i55.7581e115.smt2,51.579,792,2303,成功
/pub/data/jiafq/iscas/Parser_Comparison/../benchmarks/part5/non-incremental/QF_BV/20221012-MCMPC/millionaires/millionaires.t1.i55.76b383db.smt2,52.1574,792,2457,成功
/pub/data/jiafq/iscas/Parser_Comparison/../benchmarks/part5/non-incremental/QF_BV/20221012-MCMPC/millionaires/millionaires.t1.i55.7e8bb5aa.smt2,51.7528,792,2347,成功
/pub/data/jiafq/iscas/Parser_Comparison/../benchmarks/part5/non-incremental/QF_BV/20221012-MCMPC/millionaires/millionaires.t1.i55.8140806a.smt2,50.8065,792,2325,成功
/pub/data/jiafq/iscas/Parser_Comparison/../benchmarks/part5/non-incremental/QF_BV/20221012-MCMPC/millionaires/millionaires.t1.i55.83980287.smt2,49.6776,792,2303,成功
/pub/data/jiafq/iscas/Parser_Comparison/../benchmarks/part5/non-incremental/QF_BV/20221012-MCMPC/millionaires/millionaires.t1.i55.90febad2.smt2,47.8513,792,2259,成功
/pub/data/jiafq/iscas/Parser_Comparison/../benchmarks/part5/non-incremental/QF_BV/20221012-MCMPC/millionaires/millionaires.t1.i55.9322050b.smt2,49.9752,792,2237,成功
/pub/data/jiafq/iscas/Parser_Comparison/../benchmarks/part5/non-incremental/QF_BV/20221012-MCMPC/millionaires/millionaires.t1.i55.9a912264.smt2,52.1989,792,2413,成功
/pub/data/jiafq/iscas/Parser_Comparison/../benchmarks/part5/non-incremental/QF_BV/20221012-MCMPC/millionaires/millionaires.t1.i55.9e59592d.smt2,51.0244,792,2369,成功
/pub/data/jiafq/iscas/Parser_Comparison/../benchmarks/part5/non-incremental/QF_BV/20221012-MCMPC/millionaires/millionaires.t1.i55.b8854f71.smt2,51.1322,792,2325,成功
/pub/data/jiafq/iscas/Parser_Comparison/../benchmarks/part5/non-incremental/QF_BV/20221012-MCMPC/millionaires/millionaires.t1.i55.cff867e6.smt2,51.7051,792,2325,成功
/pub/data/jiafq/iscas/Parser_Comparison/../benchmarks/part5/non-incremental/QF_BV/20221012-MCMPC/millionaires/millionaires.t1.i55.ea38ba07.smt2,51.8453,792,2347,成功
/pub/data/jiafq/iscas/Parser_Comparison/../benchmarks/part5/non-incremental/QF_BV/20221012-MCMPC/millionaires/millionaires.t1.i55.ebacbe63.smt2,48.2469,792,2215,成功
/pub/data/jiafq/iscas/Parser_Comparison/../benchmarks/part5/non-incremental/QF_BV/20221012-MCMPC/millionaires/millionaires.t1.i55.f332e654.smt2,50.9684,792,2325,成功
/pub/data/jiafq/iscas/Parser_Comparison/../benchmarks/part5/non-incremental/QF_BV/20221012-MCMPC/millionaires/millionaires.t1.i56.0a54de8d.smt2,50.1037,792,2231,成功
/pub/data/jiafq/iscas/Parser_Comparison/../benchmarks/part5/non-incremental/QF_BV/20221012-MCMPC/millionaires/millionaires.t1.i56.155a3b73.smt2,47.961,792,2187,成功
/pub/data/jiafq/iscas/Parser_Comparison/../benchmarks/part5/non-incremental/QF_BV/20221012-MCMPC/millionaires/millionaires.t1.i56.1bd7a8d6.smt2,51.6095,792,2297,成功
/pub/data/jiafq/iscas/Parser_Comparison/../benchmarks/part5/non-incremental/QF_BV/20221012-MCMPC/millionaires/millionaires.t1.i56.279904e0.smt2,49.5772,792,2231,成功
/pub/data/jiafq/iscas/Parser_Comparison/../benchmarks/part5/non-incremental/QF_BV/20221012-MCMPC/millionaires/millionaires.t1.i56.29ff41e0.smt2,48.8963,792,2209,成功
/pub/data/jiafq/iscas/Parser_Comparison/../benchmarks/part5/non-incremental/QF_BV/20221012-MCMPC/millionaires/millionaires.t1.i56.3e9585c8.smt2,49.4907,792,2253,成功
/pub/data/jiafq/iscas/Parser_Comparison/../benchmarks/part5/non-incremental/QF_BV/20221012-MCMPC/millionaires/millionaires.t1.i56.3f35845e.smt2,47.9441,792,2187,成功
/pub/data/jiafq/iscas/Parser_Comparison/../benchmarks/part5/non-incremental/QF_BV/20221012-MCMPC/millionaires/millionaires.t1.i56.413ae6c1.smt2,47.6055,792,2253,成功
/pub/data/jiafq/iscas/Parser_Comparison/../benchmarks/part5/non-incremental/QF_BV/20221012-MCMPC/millionaires/millionaires.t1.i56.47f07e7a.smt2,48.8651,792,2209,成功
/pub/data/jiafq/iscas/Parser_Comparison/../benchmarks/part5/non-incremental/QF_BV/20221012-MCMPC/millionaires/millionaires.t1.i56.49d72387.smt2,47.1179,792,2209,成功
/pub/data/jiafq/iscas/Parser_Comparison/../benchmarks/part5/non-incremental/QF_BV/20221012-MCMPC/millionaires/millionaires.t1.i56.56bcf5cc.smt2,49.9246,792,2231,成功
/pub/data/jiafq/iscas/Parser_Comparison/../benchmarks/part5/non-incremental/QF_BV/20221012-MCMPC/millionaires/millionaires.t1.i56.5ae15b9f.smt2,49.597,792,2209,成功
/pub/data/jiafq/iscas/Parser_Comparison/../benchmarks/part5/non-incremental/QF_BV/20221012-MCMPC/millionaires/millionaires.t1.i56.5fb811a0.smt2,48.8257,792,2187,成功
/pub/data/jiafq/iscas/Parser_Comparison/../benchmarks/part5/non-incremental/QF_BV/20221012-MCMPC/millionaires/millionaires.t1.i56.69c1722f.smt2,48.2371,792,2209,成功
/pub/data/jiafq/iscas/Parser_Comparison/../benchmarks/part5/non-incremental/QF_BV/20221012-MCMPC/millionaires/millionaires.t1.i56.70fe0559.smt2,49.7661,792,2209,成功
/pub/data/jiafq/iscas/Parser_Comparison/../benchmarks/part5/non-incremental/QF_BV/20221012-MCMPC/millionaires/millionaires.t1.i56.86deffbf.smt2,48.2583,792,2187,成功
/pub/data/jiafq/iscas/Parser_Comparison/../benchmarks/part5/non-incremental/QF_BV/20221012-MCMPC/millionaires/millionaires.t1.i56.9db97e11.smt2,50.1518,792,2231,成功
/pub/data/jiafq/iscas/Parser_Comparison/../benchmarks/part5/non-incremental/QF_BV/20221012-MCMPC/millionaires/millionaires.t1.i56.ce079c17.smt2,49.9442,792,2253,成功
/pub/data/jiafq/iscas/Parser_Comparison/../benchmarks/part5/non-incremental/QF_BV/20221012-MCMPC/millionaires/millionaires.t1.i56.dbffe9cb.smt2,49.0184,792,2231,成功
/pub/data/jiafq/iscas/Parser_Comparison/../benchmarks/part5/non-incremental/QF_BV/20221012-MCMPC/millionaires/millionaires.t1.i56.de2a1fef.smt2,49.0746,792,2253,成功
/pub/data/jiafq/iscas/Parser_Comparison/../benchmarks/part5/non-incremental/QF_BV/20221012-MCMPC/millionaires/millionaires.t1.i56.f6e3c33b.smt2,49.7441,792,2253,成功
/pub/data/jiafq/iscas/Parser_Comparison/../benchmarks/part5/non-incremental/QF_BV/20221012-MCMPC/millionaires/millionaires.t1.i57.0aec3078.smt2,47.2357,792,2181,成功
/pub/data/jiafq/iscas/Parser_Comparison/../benchmarks/part5/non-incremental/QF_BV/20221012-MCMPC/millionaires/millionaires.t1.i57.109ed05f.smt2,47.5883,792,2159,成功
/pub/data/jiafq/iscas/Parser_Comparison/../benchmarks/part5/non-incremental/QF_BV/20221012-MCMPC/millionaires/millionaires.t1.i57.268514f4.smt2,46.4127,792,2181,成功
/pub/data/jiafq/iscas/Parser_Comparison/../benchmarks/part5/non-incremental/QF_BV/20221012-MCMPC/millionaires/millionaires.t1.i57.28bfdf4c.smt2,47.3416,792,2093,成功
/pub/data/jiafq/iscas/Parser_Comparison/../benchmarks/part5/non-incremental/QF_BV/20221012-MCMPC/millionaires/millionaires.t1.i57.3067b764.smt2,48.0356,792,2115,成功
/pub/data/jiafq/iscas/Parser_Comparison/../benchmarks/part5/non-incremental/QF_BV/20221012-MCMPC/millionaires/millionaires.t1.i57.84c1eb3e.smt2,47.6699,792,2203,成功
/pub/data/jiafq/iscas/Parser_Comparison/../benchmarks/part5/non-incremental/QF_BV/20221012-MCMPC/millionaires/millionaires.t1.i57.8669804d.smt2,49.1445,792,2203,成功
/pub/data/jiafq/iscas/Parser_Comparison/../benchmarks/part5/non-incremental/QF_BV/20221012-MCMPC/millionaires/millionaires.t1.i57.903213ee.smt2,46.1409,792,2159,成功
/pub/data/jiafq/iscas/Parser_Comparison/../benchmarks/part5/non-incremental/QF_BV/20221012-MCMPC/millionaires/millionaires.t1.i57.b4fae73d.smt2,50.7143,792,2291,成功
/pub/data/jiafq/iscas/Parser_Comparison/../benchmarks/part5/non-incremental/QF_BV/20221012-MCMPC/millionaires/millionaires.t1.i57.c0f90337.smt2,50.5049,792,2269,成功
/pub/data/jiafq/iscas/Parser_Comparison/../benchmarks/part5/non-incremental/QF_BV/20221012-MCMPC/millionaires/millionaires.t1.i57.def7d859.smt2,48.2371,792,2137,成功
/pub/data/jiafq/iscas/Parser_Comparison/../benchmarks/part5/non-incremental/QF_BV/20221012-MCMPC/millionaires/millionaires.t1.i57.fb0c190b.smt2,48.974,792,2181,成功
/pub/data/jiafq/iscas/Parser_Comparison/../benchmarks/part5/non-incremental/QF_BV/20221012-MCMPC/millionaires/millionaires.t1.i57.fdb9a258.smt2,49.1974,792,2181,成功
/pub/data/jiafq/iscas/Parser_Comparison/../benchmarks/part5/non-incremental/QF_BV/20221012-MCMPC/millionaires/millionaires.t1.i58.1f323db8.smt2,50.4541,792,2241,成功
/pub/data/jiafq/iscas/Parser_Comparison/../benchmarks/part5/non-incremental/QF_BV/20221012-MCMPC/millionaires/millionaires.t1.i58.2226778b.smt2,46.7525,792,2197,成功
/pub/data/jiafq/iscas/Parser_Comparison/../benchmarks/part5/non-incremental/QF_BV/20221012-MCMPC/millionaires/millionaires.t1.i58.4e833a66.smt2,47.3218,792,2219,成功
/pub/data/jiafq/iscas/Parser_Comparison/../benchmarks/part5/non-incremental/QF_BV/20221012-MCMPC/millionaires/millionaires.t1.i58.5c46f351.smt2,48.3284,792,2175,成功
/pub/data/jiafq/iscas/Parser_Comparison/../benchmarks/part5/non-incremental/QF_BV/20221012-MCMPC/millionaires/millionaires.t1.i58.63b4fdfe.smt2,49.938,792,2241,成功
/pub/data/jiafq/iscas/Parser_Comparison/../benchmarks/part5/non-incremental/QF_BV/20221012-MCMPC/millionaires/millionaires.t1.i58.684f3ba4.smt2,48.7027,792,2197,成功
/pub/data/jiafq/iscas/Parser_Comparison/../benchmarks/part5/non-incremental/QF_BV/20221012-MCMPC/millionaires/millionaires.t1.i58.980d6be0.smt2,48.826,792,2285,成功
/pub/data/jiafq/iscas/Parser_Comparison/../benchmarks/part5/non-incremental/QF_BV/20221012-MCMPC/millionaires/millionaires.t1.i58.9a640ecc.smt2,49.0913,792,2175,成功
/pub/data/jiafq/iscas/Parser_Comparison/../benchmarks/part5/non-incremental/QF_BV/20221012-MCMPC/millionaires/millionaires.t1.i58.a21191b6.smt2,49.9775,792,2219,成功
/pub/data/jiafq/iscas/Parser_Comparison/../benchmarks/part5/non-incremental/QF_BV/20221012-MCMPC/millionaires/millionaires.t1.i58.b67b67cf.smt2,50.1177,792,2307,成功
/pub/data/jiafq/iscas/Parser_Comparison/../benchmarks/part5/non-incremental/QF_BV/20221012-MCMPC/millionaires/millionaires.t1.i58.ce87804b.smt2,50.5354,792,2263,成功
/pub/data/jiafq/iscas/Parser_Comparison/../benchmarks/part5/non-incremental/QF_BV/20221012-MCMPC/millionaires/millionaires.t1.i58.d0d21bcc.smt2,51.8069,792,2329,成功
/pub/data/jiafq/iscas/Parser_Comparison/../benchmarks/part5/non-incremental/QF_BV/20221012-MCMPC/millionaires/millionaires.t1.i58.d3bf1d1d.smt2,50.6539,792,2263,成功
/pub/data/jiafq/iscas/Parser_Comparison/../benchmarks/part5/non-incremental/QF_BV/20221012-MCMPC/millionaires/millionaires.t1.i59.0249c8de.smt2,48.3103,792,2169,成功
/pub/data/jiafq/iscas/Parser_Comparison/../benchmarks/part5/non-incremental/QF_BV/20221012-MCMPC/millionaires/millionaires.t1.i59.038e55b0.smt2,49.7179,792,2191,成功
/pub/data/jiafq/iscas/Parser_Comparison/../benchmarks/part5/non-incremental/QF_BV/20221012-MCMPC/millionaires/millionaires.t1.i59.1abc0f91.smt2,47.4732,792,2081,成功
/pub/data/jiafq/iscas/Parser_Comparison/../benchmarks/part5/non-incremental/QF_BV/20221012-MCMPC/millionaires/millionaires.t1.i59.35dc3170.smt2,48.6946,792,2169,成功
/pub/data/jiafq/iscas/Parser_Comparison/../benchmarks/part5/non-incremental/QF_BV/20221012-MCMPC/millionaires/millionaires.t1.i59.4bf938e0.smt2,47.5745,792,2125,成功
/pub/data/jiafq/iscas/Parser_Comparison/../benchmarks/part5/non-incremental/QF_BV/20221012-MCMPC/millionaires/millionaires.t1.i59.50db2a47.smt2,49.2043,792,2191,成功
/pub/data/jiafq/iscas/Parser_Comparison/../benchmarks/part5/non-incremental/QF_BV/20221012-MCMPC/millionaires/millionaires.t1.i59.585f40cc.smt2,46.6006,792,2059,成功
/pub/data/jiafq/iscas/Parser_Comparison/../benchmarks/part5/non-incremental/QF_BV/20221012-MCMPC/millionaires/millionaires.t1.i59.72736ab2.smt2,46.9427,792,2081,成功
/pub/data/jiafq/iscas/Parser_Comparison/../benchmarks/part5/non-incremental/QF_BV/20221012-MCMPC/millionaires/millionaires.t1.i59.85b3aff1.smt2,47.158,792,2103,成功
/pub/data/jiafq/iscas/Parser_Comparison/../benchmarks/part5/non-incremental/QF_BV/20221012-MCMPC/millionaires/millionaires.t1.i59.9ffe52e8.smt2,48.3189,792,2147,成功
/pub/data/jiafq/iscas/Parser_Comparison/../benchmarks/part5/non-incremental/QF_BV/20221012-MCMPC/millionaires/millionaires.t1.i59.b862c213.smt2,48.5051,792,2169,成功
/pub/data/jiafq/iscas/Parser_Comparison/../benchmarks/part5/non-incremental/QF_BV/20221012-MCMPC/millionaires/millionaires.t1.i59.d9b64f6f.smt2,49.9883,792,2235,成功
/pub/data/jiafq/iscas/Parser_Comparison/../benchmarks/part5/non-incremental/QF_BV/20221012-MCMPC/millionaires/millionaires.t1.i59.dac89530.smt2,48.4796,792,2103,成功
/pub/data/jiafq/iscas/Parser_Comparison/../benchmarks/part5/non-incremental/QF_BV/20221012-MCMPC/millionaires/millionaires.t1.i59.ee8bfec0.smt2,47.1063,792,2103,成功
/pub/data/jiafq/iscas/Parser_Comparison/../benchmarks/part5/non-incremental/QF_BV/20221012-MCMPC/millionaires/millionaires.t1.i59.ef8e4316.smt2,48.3806,792,2213,成功
/pub/data/jiafq/iscas/Parser_Comparison/../benchmarks/part5/non-incremental/QF_BV/20221012-MCMPC/millionaires/millionaires.t1.i59.f8c85a74.smt2,51.0318,792,2257,成功
/pub/data/jiafq/iscas/Parser_Comparison/../benchmarks/part5/non-incremental/QF_BV/20221012-MCMPC/millionaires/millionaires.t1.i6.025a5946.smt2,59.2158,792,2993,成功
/pub/data/jiafq/iscas/Parser_Comparison/../benchmarks/part5/non-incremental/QF_BV/20221012-MCMPC/millionaires/millionaires.t1.i6.51e44bb6.smt2,59.5696,792,3015,成功
/pub/data/jiafq/iscas/Parser_Comparison/../benchmarks/part5/non-incremental/QF_BV/20221012-MCMPC/millionaires/millionaires.t1.i6.6d119863.smt2,57.7557,792,2883,成功
/pub/data/jiafq/iscas/Parser_Comparison/../benchmarks/part5/non-incremental/QF_BV/20221012-MCMPC/millionaires/millionaires.t1.i6.b217908b.smt2,59.2587,792,3015,成功
/pub/data/jiafq/iscas/Parser_Comparison/../benchmarks/part5/non-incremental/QF_BV/20221012-MCMPC/millionaires/millionaires.t1.i6.b8ae5fe9.smt2,59.0193,792,2971,成功
/pub/data/jiafq/iscas/Parser_Comparison/../benchmarks/part5/non-incremental/QF_BV/20221012-MCMPC/millionaires/millionaires.t1.i6.cafda5b1.smt2,58.229,792,2949,成功
/pub/data/jiafq/iscas/Parser_Comparison/../benchmarks/part5/non-incremental/QF_BV/20221012-MCMPC/millionaires/millionaires.t1.i6.f173397f.smt2,58.152,792,2905,成功
/pub/data/jiafq/iscas/Parser_Comparison/../benchmarks/part5/non-incremental/QF_BV/20221012-MCMPC/millionaires/millionaires.t1.i60.046c1977.smt2,45.4447,792,2075,成功
/pub/data/jiafq/iscas/Parser_Comparison/../benchmarks/part5/non-incremental/QF_BV/20221012-MCMPC/millionaires/millionaires.t1.i60.2ccb5ff5.smt2,49.5903,792,2229,成功
/pub/data/jiafq/iscas/Parser_Comparison/../benchmarks/part5/non-incremental/QF_BV/20221012-MCMPC/millionaires/millionaires.t1.i60.4672ca24.smt2,48.7669,792,2163,成功
/pub/data/jiafq/iscas/Parser_Comparison/../benchmarks/part5/non-incremental/QF_BV/20221012-MCMPC/millionaires/millionaires.t1.i60.53d23e32.smt2,46.9291,792,2097,成功
/pub/data/jiafq/iscas/Parser_Comparison/../benchmarks/part5/non-incremental/QF_BV/20221012-MCMPC/millionaires/millionaires.t1.i60.5c092271.smt2,49.298,792,2207,成功
/pub/data/jiafq/iscas/Parser_Comparison/../benchmarks/part5/non-incremental/QF_BV/20221012-MCMPC/millionaires/millionaires.t1.i60.982ba41d.smt2,49.7355,792,2229,成功
/pub/data/jiafq/iscas/Parser_Comparison/../benchmarks/part5/non-incremental/QF_BV/20221012-MCMPC/millionaires/millionaires.t1.i60.af2f8472.smt2,50.245,792,2229,成功
/pub/data/jiafq/iscas/Parser_Comparison/../benchmarks/part5/non-incremental/QF_BV/20221012-MCMPC/millionaires/millionaires.t1.i60.af404634.smt2,49.1724,792,2185,成功
/pub/data/jiafq/iscas/Parser_Comparison/../benchmarks/part5/non-incremental/QF_BV/20221012-MCMPC/millionaires/millionaires.t1.i60.e31414f7.smt2,47.893,792,2141,成功
/pub/data/jiafq/iscas/Parser_Comparison/../benchmarks/part5/non-incremental/QF_BV/20221012-MCMPC/millionaires/millionaires.t1.i60.f86cdb89.smt2,50.0927,792,2251,成功
/pub/data/jiafq/iscas/Parser_Comparison/../benchmarks/part5/non-incremental/QF_BV/20221012-MCMPC/millionaires/millionaires.t1.i61.0fa3d780.smt2,50.9961,792,2267,成功
/pub/data/jiafq/iscas/Parser_Comparison/../benchmarks/part5/non-incremental/QF_BV/20221012-MCMPC/millionaires/millionaires.t1.i61.179da3fc.smt2,48.7437,792,2157,成功
/pub/data/jiafq/iscas/Parser_Comparison/../benchmarks/part5/non-incremental/QF_BV/20221012-MCMPC/millionaires/millionaires.t1.i61.22e096a1.smt2,48.4619,792,2201,成功
/pub/data/jiafq/iscas/Parser_Comparison/../benchmarks/part5/non-incremental/QF_BV/20221012-MCMPC/millionaires/millionaires.t1.i61.375b23a6.smt2,47.817,792,2135,成功
/pub/data/jiafq/iscas/Parser_Comparison/../benchmarks/part5/non-incremental/QF_BV/20221012-MCMPC/millionaires/millionaires.t1.i61.3a426668.smt2,50.5331,792,2245,成功
/pub/data/jiafq/iscas/Parser_Comparison/../benchmarks/part5/non-incremental/QF_BV/20221012-MCMPC/millionaires/millionaires.t1.i61.3fcb8e66.smt2,44.2104,792,2069,成功
/pub/data/jiafq/iscas/Parser_Comparison/../benchmarks/part5/non-incremental/QF_BV/20221012-MCMPC/millionaires/millionaires.t1.i61.46f74ba5.smt2,48.2628,792,2223,成功
/pub/data/jiafq/iscas/Parser_Comparison/../benchmarks/part5/non-incremental/QF_BV/20221012-MCMPC/millionaires/millionaires.t1.i61.4ee9e1da.smt2,49.1345,792,2201,成功
/pub/data/jiafq/iscas/Parser_Comparison/../benchmarks/part5/non-incremental/QF_BV/20221012-MCMPC/millionaires/millionaires.t1.i61.50664338.smt2,50.9527,792,2267,成功
/pub/data/jiafq/iscas/Parser_Comparison/../benchmarks/part5/non-incremental/QF_BV/20221012-MCMPC/millionaires/millionaires.t1.i61.51392f85.smt2,50.5474,792,2289,成功
/pub/data/jiafq/iscas/Parser_Comparison/../benchmarks/part5/non-incremental/QF_BV/20221012-MCMPC/millionaires/millionaires.t1.i61.7b1fb429.smt2,51.4657,792,2311,成功
/pub/data/jiafq/iscas/Parser_Comparison/../benchmarks/part5/non-incremental/QF_BV/20221012-MCMPC/millionaires/millionaires.t1.i61.7c6eb355.smt2,48.6133,792,2179,成功
/pub/data/jiafq/iscas/Parser_Comparison/../benchmarks/part5/non-incremental/QF_BV/20221012-MCMPC/millionaires/millionaires.t1.i61.87e2e0de.smt2,47.8673,792,2135,成功
/pub/data/jiafq/iscas/Parser_Comparison/../benchmarks/part5/non-incremental/QF_BV/20221012-MCMPC/millionaires/millionaires.t1.i61.96bb926f.smt2,49.665,792,2201,成功
/pub/data/jiafq/iscas/Parser_Comparison/../benchmarks/part5/non-incremental/QF_BV/20221012-MCMPC/millionaires/millionaires.t1.i61.9c5f2ffc.smt2,47.1902,792,2179,成功
/pub/data/jiafq/iscas/Parser_Comparison/../benchmarks/part5/non-incremental/QF_BV/20221012-MCMPC/millionaires/millionaires.t1.i61.9f61ed89.smt2,48.5103,792,2157,成功
/pub/data/jiafq/iscas/Parser_Comparison/../benchmarks/part5/non-incremental/QF_BV/20221012-MCMPC/millionaires/millionaires.t1.i61.a0be7805.smt2,49.5994,792,2223,成功
/pub/data/jiafq/iscas/Parser_Comparison/../benchmarks/part5/non-incremental/QF_BV/20221012-MCMPC/millionaires/millionaires.t1.i61.ad3d06dd.smt2,50.3163,792,2245,成功
/pub/data/jiafq/iscas/Parser_Comparison/../benchmarks/part5/non-incremental/QF_BV/20221012-MCMPC/millionaires/millionaires.t1.i61.b39ce609.smt2,44.4462,792,2091,成功
/pub/data/jiafq/iscas/Parser_Comparison/../benchmarks/part5/non-incremental/QF_BV/20221012-MCMPC/millionaires/millionaires.t1.i61.ccbabe0f.smt2,48.1913,792,2113,成功
/pub/data/jiafq/iscas/Parser_Comparison/../benchmarks/part5/non-incremental/QF_BV/20221012-MCMPC/millionaires/millionaires.t1.i61.ddef8d8b.smt2,48.6989,792,2179,成功
/pub/data/jiafq/iscas/Parser_Comparison/../benchmarks/part5/non-incremental/QF_BV/20221012-MCMPC/millionaires/millionaires.t1.i61.ef6845b4.smt2,46.9866,792,2223,成功
/pub/data/jiafq/iscas/Parser_Comparison/../benchmarks/part5/non-incremental/QF_BV/20221012-MCMPC/millionaires/millionaires.t1.i61.f14cff0e.smt2,44.9286,792,2179,成功
/pub/data/jiafq/iscas/Parser_Comparison/../benchmarks/part5/non-incremental/QF_BV/20221012-MCMPC/millionaires/millionaires.t1.i61.f4053ef3.smt2,48.4257,792,2289,成功
/pub/data/jiafq/iscas/Parser_Comparison/../benchmarks/part5/non-incremental/QF_BV/20221012-MCMPC/millionaires/millionaires.t1.i62.04a1a244.smt2,48.0375,792,2173,成功
/pub/data/jiafq/iscas/Parser_Comparison/../benchmarks/part5/non-incremental/QF_BV/20221012-MCMPC/millionaires/millionaires.t1.i62.0645ef66.smt2,44.7602,792,2107,成功
/pub/data/jiafq/iscas/Parser_Comparison/../benchmarks/part5/non-incremental/QF_BV/20221012-MCMPC/millionaires/millionaires.t1.i62.0709f7b5.smt2,47.8153,792,2195,成功
/pub/data/jiafq/iscas/Parser_Comparison/../benchmarks/part5/non-incremental/QF_BV/20221012-MCMPC/millionaires/millionaires.t1.i62.2ab98a94.smt2,47.8628,792,2107,成功
/pub/data/jiafq/iscas/Parser_Comparison/../benchmarks/part5/non-incremental/QF_BV/20221012-MCMPC/millionaires/millionaires.t1.i62.2f84611b.smt2,46.5949,792,2107,成功
/pub/data/jiafq/iscas/Parser_Comparison/../benchmarks/part5/non-incremental/QF_BV/20221012-MCMPC/millionaires/millionaires.t1.i62.3009c862.smt2,46.1011,792,2085,成功
/pub/data/jiafq/iscas/Parser_Comparison/../benchmarks/part5/non-incremental/QF_BV/20221012-MCMPC/millionaires/millionaires.t1.i62.3124c54e.smt2,47.0464,792,2129,成功
/pub/data/jiafq/iscas/Parser_Comparison/../benchmarks/part5/non-incremental/QF_BV/20221012-MCMPC/millionaires/millionaires.t1.i62.41383a1c.smt2,44.3358,792,2063,成功
/pub/data/jiafq/iscas/Parser_Comparison/../benchmarks/part5/non-incremental/QF_BV/20221012-MCMPC/millionaires/millionaires.t1.i62.45595355.smt2,49.0661,792,2195,成功
/pub/data/jiafq/iscas/Parser_Comparison/../benchmarks/part5/non-incremental/QF_BV/20221012-MCMPC/millionaires/millionaires.t1.i62.4e0a434a.smt2,48.1572,792,2173,成功
/pub/data/jiafq/iscas/Parser_Comparison/../benchmarks/part5/non-incremental/QF_BV/20221012-MCMPC/millionaires/millionaires.t1.i62.51a9254d.smt2,46.6757,792,2107,成功
/pub/data/jiafq/iscas/Parser_Comparison/../benchmarks/part5/non-incremental/QF_BV/20221012-MCMPC/millionaires/millionaires.t1.i62.5bdb6c20.smt2,48.3339,792,2129,成功
/pub/data/jiafq/iscas/Parser_Comparison/../benchmarks/part5/non-incremental/QF_BV/20221012-MCMPC/millionaires/millionaires.t1.i62.5f1de6dc.smt2,47.8041,792,2129,成功
/pub/data/jiafq/iscas/Parser_Comparison/../benchmarks/part5/non-incremental/QF_BV/20221012-MCMPC/millionaires/millionaires.t1.i62.606cb8e4.smt2,48.6672,792,2129,成功
/pub/data/jiafq/iscas/Parser_Comparison/../benchmarks/part5/non-incremental/QF_BV/20221012-MCMPC/millionaires/millionaires.t1.i62.64c24ef8.smt2,49.9854,792,2239,成功
/pub/data/jiafq/iscas/Parser_Comparison/../benchmarks/part5/non-incremental/QF_BV/20221012-MCMPC/millionaires/millionaires.t1.i62.71a42411.smt2,46.3197,792,2151,成功
/pub/data/jiafq/iscas/Parser_Comparison/../benchmarks/part5/non-incremental/QF_BV/20221012-MCMPC/millionaires/millionaires.t1.i62.7519bfd3.smt2,48.3899,792,2173,成功
/pub/data/jiafq/iscas/Parser_Comparison/../benchmarks/part5/non-incremental/QF_BV/20221012-MCMPC/millionaires/millionaires.t1.i62.755b8e96.smt2,48.6507,792,2217,成功
/pub/data/jiafq/iscas/Parser_Comparison/../benchmarks/part5/non-incremental/QF_BV/20221012-MCMPC/millionaires/millionaires.t1.i62.99dde700.smt2,46.8712,792,2195,成功
/pub/data/jiafq/iscas/Parser_Comparison/../benchmarks/part5/non-incremental/QF_BV/20221012-MCMPC/millionaires/millionaires.t1.i62.9aecd426.smt2,48.8808,792,2195,成功
/pub/data/jiafq/iscas/Parser_Comparison/../benchmarks/part5/non-incremental/QF_BV/20221012-MCMPC/millionaires/millionaires.t1.i62.aaff8225.smt2,44.7807,792,2151,成功
/pub/data/jiafq/iscas/Parser_Comparison/../benchmarks/part5/non-incremental/QF_BV/20221012-MCMPC/millionaires/millionaires.t1.i62.b15c5c58.smt2,45.3231,792,2085,成功
/pub/data/jiafq/iscas/Parser_Comparison/../benchmarks/part5/non-incremental/QF_BV/20221012-MCMPC/millionaires/millionaires.t1.i62.be46f5b4.smt2,46.7572,792,2151,成功
/pub/data/jiafq/iscas/Parser_Comparison/../benchmarks/part5/non-incremental/QF_BV/20221012-MCMPC/millionaires/millionaires.t1.i62.bf4513df.smt2,47.9612,792,2217,成功
/pub/data/jiafq/iscas/Parser_Comparison/../benchmarks/part5/non-incremental/QF_BV/20221012-MCMPC/millionaires/millionaires.t1.i62.ce4eea53.smt2,46.36,792,2173,成功
/pub/data/jiafq/iscas/Parser_Comparison/../benchmarks/part5/non-incremental/QF_BV/20221012-MCMPC/millionaires/millionaires.t1.i62.d681d6e8.smt2,45.6345,788,2085,成功
/pub/data/jiafq/iscas/Parser_Comparison/../benchmarks/part5/non-incremental/QF_BV/20221012-MCMPC/millionaires/millionaires.t1.i62.dd38c1f3.smt2,49.1574,792,2217,成功
/pub/data/jiafq/iscas/Parser_Comparison/../benchmarks/part5/non-incremental/QF_BV/20221012-MCMPC/millionaires/millionaires.t1.i62.e82f11a2.smt2,48.2638,792,2129,成功
/pub/data/jiafq/iscas/Parser_Comparison/../benchmarks/part5/non-incremental/QF_BV/20221012-MCMPC/millionaires/millionaires.t1.i62.eb9f2c5c.smt2,48.1343,792,2151,成功
/pub/data/jiafq/iscas/Parser_Comparison/../benchmarks/part5/non-incremental/QF_BV/20221012-MCMPC/millionaires/millionaires.t1.i62.f151bbfe.smt2,45.2743,792,2063,成功
/pub/data/jiafq/iscas/Parser_Comparison/../benchmarks/part5/non-incremental/QF_BV/20221012-MCMPC/millionaires/millionaires.t1.i62.f242c7b4.smt2,48.7964,792,2173,成功
/pub/data/jiafq/iscas/Parser_Comparison/../benchmarks/part5/non-incremental/QF_BV/20221012-MCMPC/millionaires/millionaires.t1.i63.072b5d30.smt2,48.5415,792,2211,成功
/pub/data/jiafq/iscas/Parser_Comparison/../benchmarks/part5/non-incremental/QF_BV/20221012-MCMPC/millionaires/millionaires.t1.i63.085bc4aa.smt2,48.3098,792,2123,成功
/pub/data/jiafq/iscas/Parser_Comparison/../benchmarks/part5/non-incremental/QF_BV/20221012-MCMPC/millionaires/millionaires.t1.i63.0bd4ab75.smt2,49.0916,792,2145,成功
/pub/data/jiafq/iscas/Parser_Comparison/../benchmarks/part5/non-incremental/QF_BV/20221012-MCMPC/millionaires/millionaires.t1.i63.13ec485a.smt2,47.6325,792,2101,成功
/pub/data/jiafq/iscas/Parser_Comparison/../benchmarks/part5/non-incremental/QF_BV/20221012-MCMPC/millionaires/millionaires.t1.i63.20d0a8cd.smt2,50.534,792,2255,成功
/pub/data/jiafq/iscas/Parser_Comparison/../benchmarks/part5/non-incremental/QF_BV/20221012-MCMPC/millionaires/millionaires.t1.i63.212a06db.smt2,47.6329,792,2101,成功
/pub/data/jiafq/iscas/Parser_Comparison/../benchmarks/part5/non-incremental/QF_BV/20221012-MCMPC/millionaires/millionaires.t1.i63.23287174.smt2,48.2953,792,2123,成功
/pub/data/jiafq/iscas/Parser_Comparison/../benchmarks/part5/non-incremental/QF_BV/20221012-MCMPC/millionaires/millionaires.t1.i63.25fdafc1.smt2,48.7597,792,2167,成功
/pub/data/jiafq/iscas/Parser_Comparison/../benchmarks/part5/non-incremental/QF_BV/20221012-MCMPC/millionaires/millionaires.t1.i63.2eb49268.smt2,49.1509,792,2145,成功
/pub/data/jiafq/iscas/Parser_Comparison/../benchmarks/part5/non-incremental/QF_BV/20221012-MCMPC/millionaires/millionaires.t1.i63.3b37f5cc.smt2,50.2155,792,2211,成功
/pub/data/jiafq/iscas/Parser_Comparison/../benchmarks/part5/non-incremental/QF_BV/20221012-MCMPC/millionaires/millionaires.t1.i63.3f943691.smt2,49.0425,792,2123,成功
/pub/data/jiafq/iscas/Parser_Comparison/../benchmarks/part5/non-incremental/QF_BV/20221012-MCMPC/millionaires/millionaires.t1.i63.442c1787.smt2,49.2272,792,2145,成功
/pub/data/jiafq/iscas/Parser_Comparison/../benchmarks/part5/non-incremental/QF_BV/20221012-MCMPC/millionaires/millionaires.t1.i63.49f47021.smt2,49.3052,792,2123,成功
/pub/data/jiafq/iscas/Parser_Comparison/../benchmarks/part5/non-incremental/QF_BV/20221012-MCMPC/millionaires/millionaires.t1.i63.4da78e11.smt2,48.6121,792,2167,成功
/pub/data/jiafq/iscas/Parser_Comparison/../benchmarks/part5/non-incremental/QF_BV/20221012-MCMPC/millionaires/millionaires.t1.i63.4e785465.smt2,49.814,792,2189,成功
/pub/data/jiafq/iscas/Parser_Comparison/../benchmarks/part5/non-incremental/QF_BV/20221012-MCMPC/millionaires/millionaires.t1.i63.5c3e541e.smt2,48.352,792,2145,成功
/pub/data/jiafq/iscas/Parser_Comparison/../benchmarks/part5/non-incremental/QF_BV/20221012-MCMPC/millionaires/millionaires.t1.i63.5ea69221.smt2,47.6847,792,2101,成功
/pub/data/jiafq/iscas/Parser_Comparison/../benchmarks/part5/non-incremental/QF_BV/20221012-MCMPC/millionaires/millionaires.t1.i63.63ae294a.smt2,48.5847,792,2167,成功
/pub/data/jiafq/iscas/Parser_Comparison/../benchmarks/part5/non-incremental/QF_BV/20221012-MCMPC/millionaires/millionaires.t1.i63.74f3777b.smt2,47.5986,792,2123,成功
/pub/data/jiafq/iscas/Parser_Comparison/../benchmarks/part5/non-incremental/QF_BV/20221012-MCMPC/millionaires/millionaires.t1.i63.90d2eb68.smt2,47.8725,792,2189,成功
/pub/data/jiafq/iscas/Parser_Comparison/../benchmarks/part5/non-incremental/QF_BV/20221012-MCMPC/millionaires/millionaires.t1.i63.964a5eef.smt2,50.5846,792,2233,成功
/pub/data/jiafq/iscas/Parser_Comparison/../benchmarks/part5/non-incremental/QF_BV/20221012-MCMPC/millionaires/millionaires.t1.i63.9aa10336.smt2,46.0846,792,2145,成功
/pub/data/jiafq/iscas/Parser_Comparison/../benchmarks/part5/non-incremental/QF_BV/20221012-MCMPC/millionaires/millionaires.t1.i63.9d31613e.smt2,49.2783,792,2189,成功
/pub/data/jiafq/iscas/Parser_Comparison/../benchmarks/part5/non-incremental/QF_BV/20221012-MCMPC/millionaires/millionaires.t1.i63.9d9cd586.smt2,47.4682,792,2079,成功
/pub/data/jiafq/iscas/Parser_Comparison/../benchmarks/part5/non-incremental/QF_BV/20221012-MCMPC/millionaires/millionaires.t1.i63.a73568b7.smt2,48.8775,792,2167,成功
/pub/data/jiafq/iscas/Parser_Comparison/../benchmarks/part5/non-incremental/QF_BV/20221012-MCMPC/millionaires/millionaires.t1.i63.b5254753.smt2,46.2244,792,2079,成功
/pub/data/jiafq/iscas/Parser_Comparison/../benchmarks/part5/non-incremental/QF_BV/20221012-MCMPC/millionaires/millionaires.t1.i63.c175d77d.smt2,49.3214,792,2189,成功
/pub/data/jiafq/iscas/Parser_Comparison/../benchmarks/part5/non-incremental/QF_BV/20221012-MCMPC/millionaires/millionaires.t1.i63.c8a9ac5a.smt2,47.8728,792,2123,成功
/pub/data/jiafq/iscas/Parser_Comparison/../benchmarks/part5/non-incremental/QF_BV/20221012-MCMPC/millionaires/millionaires.t1.i63.cc5ce62c.smt2,46.2954,792,2167,成功
/pub/data/jiafq/iscas/Parser_Comparison/../benchmarks/part5/non-incremental/QF_BV/20221012-MCMPC/millionaires/millionaires.t1.i63.ccb49dd8.smt2,48.1334,792,2167,成功
/pub/data/jiafq/iscas/Parser_Comparison/../benchmarks/part5/non-incremental/QF_BV/20221012-MCMPC/millionaires/millionaires.t1.i63.d99cad90.smt2,49.8071,792,2233,成功
/pub/data/jiafq/iscas/Parser_Comparison/../benchmarks/part5/non-incremental/QF_BV/20221012-MCMPC/millionaires/millionaires.t1.i63.f5da5e74.smt2,44.7192,792,2101,成功
/pub/data/jiafq/iscas/Parser_Comparison/../benchmarks/part5/non-incremental/QF_BV/20221012-MCMPC/millionaires/millionaires.t1.i63.fc093ea7.smt2,48.1055,792,2101,成功
/pub/data/jiafq/iscas/Parser_Comparison/../benchmarks/part5/non-incremental/QF_BV/20221012-MCMPC/millionaires/millionaires.t1.i64.08b730eb.smt2,47.1423,792,2095,成功
/pub/data/jiafq/iscas/Parser_Comparison/../benchmarks/part5/non-incremental/QF_BV/20221012-MCMPC/millionaires/millionaires.t1.i64.0b2dd246.smt2,48.3868,792,2183,成功
/pub/data/jiafq/iscas/Parser_Comparison/../benchmarks/part5/non-incremental/QF_BV/20221012-MCMPC/millionaires/millionaires.t1.i64.15739c4e.smt2,47.2341,792,2073,成功
/pub/data/jiafq/iscas/Parser_Comparison/../benchmarks/part5/non-incremental/QF_BV/20221012-MCMPC/millionaires/millionaires.t1.i64.1806af4c.smt2,47.0181,792,2095,成功
/pub/data/jiafq/iscas/Parser_Comparison/../benchmarks/part5/non-incremental/QF_BV/20221012-MCMPC/millionaires/millionaires.t1.i64.19c3a361.smt2,48.1653,792,2139,成功
/pub/data/jiafq/iscas/Parser_Comparison/../benchmarks/part5/non-incremental/QF_BV/20221012-MCMPC/millionaires/millionaires.t1.i64.3046f6b3.smt2,49.1838,792,2227,成功
/pub/data/jiafq/iscas/Parser_Comparison/../benchmarks/part5/non-incremental/QF_BV/20221012-MCMPC/millionaires/millionaires.t1.i64.3c9d67a6.smt2,47.9195,792,2095,成功
/pub/data/jiafq/iscas/Parser_Comparison/../benchmarks/part5/non-incremental/QF_BV/20221012-MCMPC/millionaires/millionaires.t1.i64.418b56b0.smt2,48.5768,792,2117,成功
/pub/data/jiafq/iscas/Parser_Comparison/../benchmarks/part5/non-incremental/QF_BV/20221012-MCMPC/millionaires/millionaires.t1.i64.4c545a31.smt2,46.9902,792,2095,成功
/pub/data/jiafq/iscas/Parser_Comparison/../benchmarks/part5/non-incremental/QF_BV/20221012-MCMPC/millionaires/millionaires.t1.i64.503d0846.smt2,50.9357,792,2271,成功
/pub/data/jiafq/iscas/Parser_Comparison/../benchmarks/part5/non-incremental/QF_BV/20221012-MCMPC/millionaires/millionaires.t1.i64.65c4ab6a.smt2,47.9429,792,2117,成功
/pub/data/jiafq/iscas/Parser_Comparison/../benchmarks/part5/non-incremental/QF_BV/20221012-MCMPC/millionaires/millionaires.t1.i64.6ee1e163.smt2,48.0993,792,2117,成功
/pub/data/jiafq/iscas/Parser_Comparison/../benchmarks/part5/non-incremental/QF_BV/20221012-MCMPC/millionaires/millionaires.t1.i64.711cc5bb.smt2,48.243,792,2139,成功
/pub/data/jiafq/iscas/Parser_Comparison/../benchmarks/part5/non-incremental/QF_BV/20221012-MCMPC/millionaires/millionaires.t1.i64.7aec99ae.smt2,50.7629,792,2249,成功
/pub/data/jiafq/iscas/Parser_Comparison/../benchmarks/part5/non-incremental/QF_BV/20221012-MCMPC/millionaires/millionaires.t1.i64.7c4bb4f7.smt2,47.4973,792,2095,成功
/pub/data/jiafq/iscas/Parser_Comparison/../benchmarks/part5/non-incremental/QF_BV/20221012-MCMPC/millionaires/millionaires.t1.i64.9b7d607d.smt2,51.4882,792,2293,成功
/pub/data/jiafq/iscas/Parser_Comparison/../benchmarks/part5/non-incremental/QF_BV/20221012-MCMPC/millionaires/millionaires.t1.i64.9b8fa1f6.smt2,44.0409,792,2095,成功
/pub/data/jiafq/iscas/Parser_Comparison/../benchmarks/part5/non-incremental/QF_BV/20221012-MCMPC/millionaires/millionaires.t1.i64.9beadd51.smt2,46.3178,792,2117,成功
/pub/data/jiafq/iscas/Parser_Comparison/../benchmarks/part5/non-incremental/QF_BV/20221012-MCMPC/millionaires/millionaires.t1.i64.9d30dc1b.smt2,50.127,792,2205,成功
/pub/data/jiafq/iscas/Parser_Comparison/../benchmarks/part5/non-incremental/QF_BV/20221012-MCMPC/millionaires/millionaires.t1.i64.9d72b7cd.smt2,48.2497,792,2095,成功
/pub/data/jiafq/iscas/Parser_Comparison/../benchmarks/part5/non-incremental/QF_BV/20221012-MCMPC/millionaires/millionaires.t1.i64.a39af69b.smt2,48.3444,792,2161,成功
/pub/data/jiafq/iscas/Parser_Comparison/../benchmarks/part5/non-incremental/QF_BV/20221012-MCMPC/millionaires/millionaires.t1.i64.bb45b95c.smt2,47.3044,792,2117,成功
/pub/data/jiafq/iscas/Parser_Comparison/../benchmarks/part5/non-incremental/QF_BV/20221012-MCMPC/millionaires/millionaires.t1.i64.bd87b59d.smt2,44.539,792,2095,成功
/pub/data/jiafq/iscas/Parser_Comparison/../benchmarks/part5/non-incremental/QF_BV/20221012-MCMPC/millionaires/millionaires.t1.i64.be19631e.smt2,47.8394,792,2117,成功
/pub/data/jiafq/iscas/Parser_Comparison/../benchmarks/part5/non-incremental/QF_BV/20221012-MCMPC/millionaires/millionaires.t1.i64.d7ce10dd.smt2,47.5752,792,2095,成功
/pub/data/jiafq/iscas/Parser_Comparison/../benchmarks/part5/non-incremental/QF_BV/20221012-MCMPC/millionaires/millionaires.t1.i64.d862f780.smt2,46.0329,792,2095,成功
/pub/data/jiafq/iscas/Parser_Comparison/../benchmarks/part5/non-incremental/QF_BV/20221012-MCMPC/millionaires/millionaires.t1.i64.d9c504d9.smt2,48.3048,792,2095,成功
/pub/data/jiafq/iscas/Parser_Comparison/../benchmarks/part5/non-incremental/QF_BV/20221012-MCMPC/millionaires/millionaires.t1.i64.f0d637f1.smt2,48.5399,792,2139,成功
/pub/data/jiafq/iscas/Parser_Comparison/../benchmarks/part5/non-incremental/QF_BV/20221012-MCMPC/millionaires/millionaires.t1.i64.f1f5bca7.smt2,48.1033,792,2117,成功
/pub/data/jiafq/iscas/Parser_Comparison/../benchmarks/part5/non-incremental/QF_BV/20221012-MCMPC/millionaires/millionaires.t1.i64.fabd50a4.smt2,46.9048,792,2095,成功
/pub/data/jiafq/iscas/Parser_Comparison/../benchmarks/part5/non-incremental/QF_BV/20221012-MCMPC/millionaires/millionaires.t1.i64.ff5d1d67.smt2,48.7447,792,2161,成功
/pub/data/jiafq/iscas/Parser_Comparison/../benchmarks/part5/non-incremental/QF_BV/20221012-MCMPC/millionaires/millionaires.t1.i7.014332c0.smt2,59.4921,792,3009,成功
/pub/data/jiafq/iscas/Parser_Comparison/../benchmarks/part5/non-incremental/QF_BV/20221012-MCMPC/millionaires/millionaires.t1.i7.08218e41.smt2,60.5068,792,3031,成功
/pub/data/jiafq/iscas/Parser_Comparison/../benchmarks/part5/non-incremental/QF_BV/20221012-MCMPC/millionaires/millionaires.t1.i7.0c6950ce.smt2,57.2453,792,2855,成功
/pub/data/jiafq/iscas/Parser_Comparison/../benchmarks/part5/non-incremental/QF_BV/20221012-MCMPC/millionaires/millionaires.t1.i7.0ced8b88.smt2,29.5682,528,1397,成功
/pub/data/jiafq/iscas/Parser_Comparison/../benchmarks/part5/non-incremental/QF_BV/20221012-MCMPC/millionaires/millionaires.t1.i7.0e98eb3e.smt2,62.0859,792,3141,成功
/pub/data/jiafq/iscas/Parser_Comparison/../benchmarks/part5/non-incremental/QF_BV/20221012-MCMPC/millionaires/millionaires.t1.i7.15db87d4.smt2,54.7204,792,2767,成功
/pub/data/jiafq/iscas/Parser_Comparison/../benchmarks/part5/non-incremental/QF_BV/20221012-MCMPC/millionaires/millionaires.t1.i7.33098a81.smt2,54.9359,792,2811,成功
/pub/data/jiafq/iscas/Parser_Comparison/../benchmarks/part5/non-incremental/QF_BV/20221012-MCMPC/millionaires/millionaires.t1.i7.3b593c9c.smt2,54.8308,792,2745,成功
/pub/data/jiafq/iscas/Parser_Comparison/../benchmarks/part5/non-incremental/QF_BV/20221012-MCMPC/millionaires/millionaires.t1.i7.563c10ab.smt2,58.8388,792,2987,成功
/pub/data/jiafq/iscas/Parser_Comparison/../benchmarks/part5/non-incremental/QF_BV/20221012-MCMPC/millionaires/millionaires.t1.i7.8bb155ba.smt2,54.9116,792,2745,成功
/pub/data/jiafq/iscas/Parser_Comparison/../benchmarks/part5/non-incremental/QF_BV/20221012-MCMPC/millionaires/millionaires.t1.i7.a401fcdd.smt2,56.201,792,2789,成功
/pub/data/jiafq/iscas/Parser_Comparison/../benchmarks/part5/non-incremental/QF_BV/20221012-MCMPC/millionaires/millionaires.t1.i7.a58d2d24.smt2,56.8991,792,2833,成功
/pub/data/jiafq/iscas/Parser_Comparison/../benchmarks/part5/non-incremental/QF_BV/20221012-MCMPC/millionaires/millionaires.t1.i7.a7f9259e.smt2,63.0703,792,3163,成功
/pub/data/jiafq/iscas/Parser_Comparison/../benchmarks/part5/non-incremental/QF_BV/20221012-MCMPC/millionaires/millionaires.t1.i7.b338bffd.smt2,62.5818,792,3119,成功
/pub/data/jiafq/iscas/Parser_Comparison/../benchmarks/part5/non-incremental/QF_BV/20221012-MCMPC/millionaires/millionaires.t1.i7.c8a4e8ee.smt2,53.6678,792,2679,成功
/pub/data/jiafq/iscas/Parser_Comparison/../benchmarks/part5/non-incremental/QF_BV/20221012-MCMPC/millionaires/millionaires.t1.i7.ce18895e.smt2,53.5817,792,2701,成功
/pub/data/jiafq/iscas/Parser_Comparison/../benchmarks/part5/non-incremental/QF_BV/20221012-MCMPC/millionaires/millionaires.t1.i7.e12c74a0.smt2,60.2281,792,3009,成功
/pub/data/jiafq/iscas/Parser_Comparison/../benchmarks/part5/non-incremental/QF_BV/20221012-MCMPC/millionaires/millionaires.t1.i7.e59928d0.smt2,54.2414,792,2899,成功
/pub/data/jiafq/iscas/Parser_Comparison/../benchmarks/part5/non-incremental/QF_BV/20221012-MCMPC/millionaires/millionaires.t1.i7.f45ce2d0.smt2,57.1465,792,2877,成功
/pub/data/jiafq/iscas/Parser_Comparison/../benchmarks/part5/non-incremental/QF_BV/20221012-MCMPC/millionaires/millionaires.t1.i7.fdee9799.smt2,52.82,792,2833,成功
/pub/data/jiafq/iscas/Parser_Comparison/../benchmarks/part5/non-incremental/QF_BV/20221012-MCMPC/millionaires/millionaires.t1.i8.16302e23.smt2,57.9209,792,2893,成功
/pub/data/jiafq/iscas/Parser_Comparison/../benchmarks/part5/non-incremental/QF_BV/20221012-MCMPC/millionaires/millionaires.t1.i8.1db83742.smt2,61.1391,792,3047,成功
/pub/data/jiafq/iscas/Parser_Comparison/../benchmarks/part5/non-incremental/QF_BV/20221012-MCMPC/millionaires/millionaires.t1.i8.24c0d2db.smt2,54.9393,792,2761,成功
/pub/data/jiafq/iscas/Parser_Comparison/../benchmarks/part5/non-incremental/QF_BV/20221012-MCMPC/millionaires/millionaires.t1.i8.37aca8e5.smt2,30.6871,528,1501,成功
/pub/data/jiafq/iscas/Parser_Comparison/../benchmarks/part5/non-incremental/QF_BV/20221012-MCMPC/millionaires/millionaires.t1.i8.3b4d2c3a.smt2,56.2053,792,2805,成功
/pub/data/jiafq/iscas/Parser_Comparison/../benchmarks/part5/non-incremental/QF_BV/20221012-MCMPC/millionaires/millionaires.t1.i8.3e0f795e.smt2,55.6407,792,2805,成功
/pub/data/jiafq/iscas/Parser_Comparison/../benchmarks/part5/non-incremental/QF_BV/20221012-MCMPC/millionaires/millionaires.t1.i8.4a346ffe.smt2,61.3043,792,3091,成功
/pub/data/jiafq/iscas/Parser_Comparison/../benchmarks/part5/non-incremental/QF_BV/20221012-MCMPC/millionaires/millionaires.t1.i8.50e50d74.smt2,56.601,792,2827,成功
/pub/data/jiafq/iscas/Parser_Comparison/../benchmarks/part5/non-incremental/QF_BV/20221012-MCMPC/millionaires/millionaires.t1.i8.53fc11ed.smt2,56.8027,792,2783,成功
/pub/data/jiafq/iscas/Parser_Comparison/../benchmarks/part5/non-incremental/QF_BV/20221012-MCMPC/millionaires/millionaires.t1.i8.5a572128.smt2,59.8478,792,3069,成功
/pub/data/jiafq/iscas/Parser_Comparison/../benchmarks/part5/non-incremental/QF_BV/20221012-MCMPC/millionaires/millionaires.t1.i8.68b14c8b.smt2,53.3566,792,2871,成功
/pub/data/jiafq/iscas/Parser_Comparison/../benchmarks/part5/non-incremental/QF_BV/20221012-MCMPC/millionaires/millionaires.t1.i8.70d9fcec.smt2,30.957,528,1523,成功
/pub/data/jiafq/iscas/Parser_Comparison/../benchmarks/part5/non-incremental/QF_BV/20221012-MCMPC/millionaires/millionaires.t1.i8.7b988dd8.smt2,55.9671,792,2849,成功
/pub/data/jiafq/iscas/Parser_Comparison/../benchmarks/part5/non-incremental/QF_BV/20221012-MCMPC/millionaires/millionaires.t1.i8.97c1e60f.smt2,61.9891,792,3113,成功
/pub/data/jiafq/iscas/Parser_Comparison/../benchmarks/part5/non-incremental/QF_BV/20221012-MCMPC/millionaires/millionaires.t1.i8.9f69cef2.smt2,55.5604,792,2827,成功
/pub/data/jiafq/iscas/Parser_Comparison/../benchmarks/part5/non-incremental/QF_BV/20221012-MCMPC/millionaires/millionaires.t1.i8.c3cc84bc.smt2,59.3469,792,2959,成功
/pub/data/jiafq/iscas/Parser_Comparison/../benchmarks/part5/non-incremental/QF_BV/20221012-MCMPC/millionaires/millionaires.t1.i8.e4e9752a.smt2,57.5094,792,2981,成功
/pub/data/jiafq/iscas/Parser_Comparison/../benchmarks/part5/non-incremental/QF_BV/20221012-MCMPC/millionaires/millionaires.t1.i9.12abd37d.smt2,55.315,792,2755,成功
/pub/data/jiafq/iscas/Parser_Comparison/../benchmarks/part5/non-incremental/QF_BV/20221012-MCMPC/millionaires/millionaires.t1.i9.1bb15ac1.smt2,55.7263,792,2755,成功
/pub/data/jiafq/iscas/Parser_Comparison/../benchmarks/part5/non-incremental/QF_BV/20221012-MCMPC/millionaires/millionaires.t1.i9.1e3b38aa.smt2,50.4916,792,2667,成功
/pub/data/jiafq/iscas/Parser_Comparison/../benchmarks/part5/non-incremental/QF_BV/20221012-MCMPC/millionaires/millionaires.t1.i9.245c5c48.smt2,29.165,528,1495,成功
/pub/data/jiafq/iscas/Parser_Comparison/../benchmarks/part5/non-incremental/QF_BV/20221012-MCMPC/millionaires/millionaires.t1.i9.3174bba0.smt2,56.7532,792,2953,成功
/pub/data/jiafq/iscas/Parser_Comparison/../benchmarks/part5/non-incremental/QF_BV/20221012-MCMPC/millionaires/millionaires.t1.i9.38bb5eba.smt2,30.3531,528,1473,成功
/pub/data/jiafq/iscas/Parser_Comparison/../benchmarks/part5/non-incremental/QF_BV/20221012-MCMPC/millionaires/millionaires.t1.i9.3cb5249d.smt2,61.8296,792,3129,成功
/pub/data/jiafq/iscas/Parser_Comparison/../benchmarks/part5/non-incremental/QF_BV/20221012-MCMPC/millionaires/millionaires.t1.i9.3cd7e3f1.smt2,54.3382,792,2689,成功
/pub/data/jiafq/iscas/Parser_Comparison/../benchmarks/part5/non-incremental/QF_BV/20221012-MCMPC/millionaires/millionaires.t1.i9.48423296.smt2,61.9161,792,3173,成功
/pub/data/jiafq/iscas/Parser_Comparison/../benchmarks/part5/non-incremental/QF_BV/20221012-MCMPC/millionaires/millionaires.t1.i9.5b5ae3fb.smt2,62.3477,792,3151,成功
/pub/data/jiafq/iscas/Parser_Comparison/../benchmarks/part5/non-incremental/QF_BV/20221012-MCMPC/millionaires/millionaires.t1.i9.623974a9.smt2,28.7054,528,1385,成功
/pub/data/jiafq/iscas/Parser_Comparison/../benchmarks/part5/non-incremental/QF_BV/20221012-MCMPC/millionaires/millionaires.t1.i9.6375915d.smt2,51.3675,792,2623,成功
/pub/data/jiafq/iscas/Parser_Comparison/../benchmarks/part5/non-incremental/QF_BV/20221012-MCMPC/millionaires/millionaires.t1.i9.7082daf1.smt2,26.0339,528,1297,成功
/pub/data/jiafq/iscas/Parser_Comparison/../benchmarks/part5/non-incremental/QF_BV/20221012-MCMPC/millionaires/millionaires.t1.i9.7a32f1f4.smt2,54.904,792,2733,成功
/pub/data/jiafq/iscas/Parser_Comparison/../benchmarks/part5/non-incremental/QF_BV/20221012-MCMPC/millionaires/millionaires.t1.i9.87b9d522.smt2,62.9499,792,3195,成功
/pub/data/jiafq/iscas/Parser_Comparison/../benchmarks/part5/non-incremental/QF_BV/20221012-MCMPC/millionaires/millionaires.t1.i9.98f2716d.smt2,58.99,792,2931,成功
/pub/data/jiafq/iscas/Parser_Comparison/../benchmarks/part5/non-incremental/QF_BV/20221012-MCMPC/millionaires/millionaires.t1.i9.9a56d315.smt2,58.5532,792,2909,成功
/pub/data/jiafq/iscas/Parser_Comparison/../benchmarks/part5/non-incremental/QF_BV/20221012-MCMPC/millionaires/millionaires.t1.i9.a36a1d86.smt2,63.7372,792,3217,成功
/pub/data/jiafq/iscas/Parser_Comparison/../benchmarks/part5/non-incremental/QF_BV/20221012-MCMPC/millionaires/millionaires.t1.i9.adfd3fc4.smt2,27.529,528,1407,成功
/pub/data/jiafq/iscas/Parser_Comparison/../benchmarks/part5/non-incremental/QF_BV/20221012-MCMPC/millionaires/millionaires.t1.i9.ae4b52b4.smt2,25.8698,528,1363,成功
/pub/data/jiafq/iscas/Parser_Comparison/../benchmarks/part5/non-incremental/QF_BV/20221012-MCMPC/millionaires/millionaires.t1.i9.b25235c2.smt2,62.3848,792,3239,成功
/pub/data/jiafq/iscas/Parser_Comparison/../benchmarks/part5/non-incremental/QF_BV/20221012-MCMPC/millionaires/millionaires.t1.i9.b7878020.smt2,58.6967,792,3151,成功
/pub/data/jiafq/iscas/Parser_Comparison/../benchmarks/part5/non-incremental/QF_BV/20221012-MCMPC/millionaires/millionaires.t1.i9.b9d51cbc.smt2,60.2548,792,3195,成功
/pub/data/jiafq/iscas/Parser_Comparison/../benchmarks/part5/non-incremental/QF_BV/20221012-MCMPC/millionaires/millionaires.t1.i9.be1f2f79.smt2,27.5981,528,1385,成功
/pub/data/jiafq/iscas/Parser_Comparison/../benchmarks/part5/non-incremental/QF_BV/20221012-MCMPC/millionaires/millionaires.t1.i9.c5b16bad.smt2,62.3977,792,3173,成功
/pub/data/jiafq/iscas/Parser_Comparison/../benchmarks/part5/non-incremental/QF_BV/20221012-MCMPC/millionaires/millionaires.t1.i9.c6386ecf.smt2,59.6237,792,3041,成功
/pub/data/jiafq/iscas/Parser_Comparison/../benchmarks/part5/non-incremental/QF_BV/20221012-MCMPC/millionaires/millionaires.t1.i9.c648fffc.smt2,26.8176,528,1407,成功
/pub/data/jiafq/iscas/Parser_Comparison/../benchmarks/part5/non-incremental/QF_BV/20221012-MCMPC/millionaires/millionaires.t1.i9.d573baee.smt2,28.5578,528,1363,成功
/pub/data/jiafq/iscas/Parser_Comparison/../benchmarks/part5/non-incremental/QF_BV/20221012-MCMPC/millionaires/millionaires.t1.i9.d5efb03e.smt2,27.5369,528,1341,成功
/pub/data/jiafq/iscas/Parser_Comparison/../benchmarks/part5/non-incremental/QF_BV/20221012-MCMPC/millionaires/millionaires.t1.i9.d64b0b29.smt2,52.4087,792,2645,成功
/pub/data/jiafq/iscas/Parser_Comparison/../benchmarks/part5/non-incremental/QF_BV/20221012-MCMPC/millionaires/millionaires.t1.i9.ef952f1c.smt2,27.3805,528,1319,成功
/pub/data/jiafq/iscas/Parser_Comparison/../benchmarks/part5/non-incremental/QF_BV/20221012-MCMPC/millionaires/millionaires.t2.i1.db565f53.smt2,66.4523,792,3486,成功
/pub/data/jiafq/iscas/Parser_Comparison/../benchmarks/part5/non-incremental/QF_BV/20221012-MCMPC/millionaires/millionaires.t2.i10.555a68d9.smt2,66.8361,792,3526,成功
/pub/data/jiafq/iscas/Parser_Comparison/../benchmarks/part5/non-incremental/QF_BV/20221012-MCMPC/millionaires/millionaires.t2.i10.e796e80d.smt2,66.6595,792,3495,成功
/pub/data/jiafq/iscas/Parser_Comparison/../benchmarks/part5/non-incremental/QF_BV/20221012-MCMPC/millionaires/millionaires.t2.i12.36c0dd19.smt2,65.3865,792,3528,成功
/pub/data/jiafq/iscas/Parser_Comparison/../benchmarks/part5/non-incremental/QF_BV/20221012-MCMPC/millionaires/millionaires.t2.i13.3586cabb.smt2,69.4044,792,3529,成功
/pub/data/jiafq/iscas/Parser_Comparison/../benchmarks/part5/non-incremental/QF_BV/20221012-MCMPC/millionaires/millionaires.t2.i14.9420b526.smt2,70.8678,792,3530,成功
/pub/data/jiafq/iscas/Parser_Comparison/../benchmarks/part5/non-incremental/QF_BV/20221012-MCMPC/millionaires/millionaires.t2.i17.1b966e25.smt2,71.0464,1056,3595,成功
/pub/data/jiafq/iscas/Parser_Comparison/../benchmarks/part5/non-incremental/QF_BV/20221012-MCMPC/millionaires/millionaires.t2.i17.2f58b5c6.smt2,68.4724,792,3564,成功
/pub/data/jiafq/iscas/Parser_Comparison/../benchmarks/part5/non-incremental/QF_BV/20221012-MCMPC/millionaires/millionaires.t2.i19.6fe6df28.smt2,73.8077,792,3566,成功
/pub/data/jiafq/iscas/Parser_Comparison/../benchmarks/part5/non-incremental/QF_BV/20221012-MCMPC/millionaires/millionaires.t2.i19.c2dfaeb4.smt2,71.4417,1056,3597,成功
/pub/data/jiafq/iscas/Parser_Comparison/../benchmarks/part5/non-incremental/QF_BV/20221012-MCMPC/millionaires/millionaires.t2.i2.6604d6f4.smt2,67.2867,792,3487,成功
/pub/data/jiafq/iscas/Parser_Comparison/../benchmarks/part5/non-incremental/QF_BV/20221012-MCMPC/millionaires/millionaires.t2.i20.94e3ce39.smt2,70.6701,792,3567,成功
/pub/data/jiafq/iscas/Parser_Comparison/../benchmarks/part5/non-incremental/QF_BV/20221012-MCMPC/millionaires/millionaires.t2.i21.240431e4.smt2,72.7575,792,3537,成功
/pub/data/jiafq/iscas/Parser_Comparison/../benchmarks/part5/non-incremental/QF_BV/20221012-MCMPC/millionaires/millionaires.t2.i21.98a3167b.smt2,71.5408,792,3506,成功
/pub/data/jiafq/iscas/Parser_Comparison/../benchmarks/part5/non-incremental/QF_BV/20221012-MCMPC/millionaires/millionaires.t2.i21.fb2f18b1.smt2,72.361,792,3568,成功
/pub/data/jiafq/iscas/Parser_Comparison/../benchmarks/part5/non-incremental/QF_BV/20221012-MCMPC/millionaires/millionaires.t2.i23.12ad59e9.smt2,68.9282,792,3353,成功
/pub/data/jiafq/iscas/Parser_Comparison/../benchmarks/part5/non-incremental/QF_BV/20221012-MCMPC/millionaires/millionaires.t2.i23.24b6fa36.smt2,71.8627,792,3508,成功
/pub/data/jiafq/iscas/Parser_Comparison/../benchmarks/part5/non-incremental/QF_BV/20221012-MCMPC/millionaires/millionaires.t2.i23.24bcdea6.smt2,67.5931,792,3384,成功
/pub/data/jiafq/iscas/Parser_Comparison/../benchmarks/part5/non-incremental/QF_BV/20221012-MCMPC/millionaires/millionaires.t2.i23.32f9c8f7.smt2,72.7537,792,3539,成功
/pub/data/jiafq/iscas/Parser_Comparison/../benchmarks/part5/non-incremental/QF_BV/20221012-MCMPC/millionaires/millionaires.t2.i23.6d980fe8.smt2,67.2913,792,3415,成功
/pub/data/jiafq/iscas/Parser_Comparison/../benchmarks/part5/non-incremental/QF_BV/20221012-MCMPC/millionaires/millionaires.t2.i23.7a0bba4b.smt2,69.7875,792,3477,成功
/pub/data/jiafq/iscas/Parser_Comparison/../benchmarks/part5/non-incremental/QF_BV/20221012-MCMPC/millionaires/millionaires.t2.i23.9d640f09.smt2,68.5966,792,3446,成功
/pub/data/jiafq/iscas/Parser_Comparison/../benchmarks/part5/non-incremental/QF_BV/20221012-MCMPC/millionaires/millionaires.t2.i26.52615d95.smt2,69.7055,792,3387,成功
/pub/data/jiafq/iscas/Parser_Comparison/../benchmarks/part5/non-incremental/QF_BV/20221012-MCMPC/millionaires/millionaires.t2.i26.b6debea0.smt2,70.3983,792,3418,成功
/pub/data/jiafq/iscas/Parser_Comparison/../benchmarks/part5/non-incremental/QF_BV/20221012-MCMPC/millionaires/millionaires.t2.i28.018b8c37.smt2,67.3451,792,3358,成功
/pub/data/jiafq/iscas/Parser_Comparison/../benchmarks/part5/non-incremental/QF_BV/20221012-MCMPC/millionaires/millionaires.t2.i28.46a231b2.smt2,65.0711,792,3327,成功
/pub/data/jiafq/iscas/Parser_Comparison/../benchmarks/part5/non-incremental/QF_BV/20221012-MCMPC/millionaires/millionaires.t2.i28.640d8240.smt2,71.362,792,3420,成功
/pub/data/jiafq/iscas/Parser_Comparison/../benchmarks/part5/non-incremental/QF_BV/20221012-MCMPC/millionaires/millionaires.t2.i28.d7715302.smt2,66.7839,792,3389,成功
/pub/data/jiafq/iscas/Parser_Comparison/../benchmarks/part5/non-incremental/QF_BV/20221012-MCMPC/millionaires/millionaires.t2.i28.dd1c11e1.smt2,65.4633,792,3296,成功
/pub/data/jiafq/iscas/Parser_Comparison/../benchmarks/part5/non-incremental/QF_BV/20221012-MCMPC/millionaires/millionaires.t2.i28.f5481cc1.smt2,67.7617,792,3265,成功
/pub/data/jiafq/iscas/Parser_Comparison/../benchmarks/part5/non-incremental/QF_BV/20221012-MCMPC/millionaires/millionaires.t2.i30.88451170.smt2,65.8948,792,3298,成功
/pub/data/jiafq/iscas/Parser_Comparison/../benchmarks/part5/non-incremental/QF_BV/20221012-MCMPC/millionaires/millionaires.t2.i32.a5ff80d1.smt2,66.5915,792,3269,成功
/pub/data/jiafq/iscas/Parser_Comparison/../benchmarks/part5/non-incremental/QF_BV/20221012-MCMPC/millionaires/millionaires.t2.i32.b512870e.smt2,64.9703,792,3300,成功
/pub/data/jiafq/iscas/Parser_Comparison/../benchmarks/part5/non-incremental/QF_BV/20221012-MCMPC/millionaires/millionaires.t2.i32.c871e337.smt2,69.4642,792,3331,成功
/pub/data/jiafq/iscas/Parser_Comparison/../benchmarks/part5/non-incremental/QF_BV/20221012-MCMPC/millionaires/millionaires.t2.i34.26692d8d.smt2,65.7983,792,3302,成功
/pub/data/jiafq/iscas/Parser_Comparison/../benchmarks/part5/non-incremental/QF_BV/20221012-MCMPC/millionaires/millionaires.t2.i34.3f3be080.smt2,65.8476,792,3240,成功
/pub/data/jiafq/iscas/Parser_Comparison/../benchmarks/part5/non-incremental/QF_BV/20221012-MCMPC/millionaires/millionaires.t2.i34.a088abe8.smt2,64.0359,792,3271,成功
/pub/data/jiafq/iscas/Parser_Comparison/../benchmarks/part5/non-incremental/QF_BV/20221012-MCMPC/millionaires/millionaires.t2.i38.358108cc.smt2,69.731,792,3275,成功
/pub/data/jiafq/iscas/Parser_Comparison/../benchmarks/part5/non-incremental/QF_BV/20221012-MCMPC/millionaires/millionaires.t2.i38.5391ea46.smt2,69.5362,792,3337,成功
/pub/data/jiafq/iscas/Parser_Comparison/../benchmarks/part5/non-incremental/QF_BV/20221012-MCMPC/millionaires/millionaires.t2.i38.71f77e63.smt2,65.6977,792,3244,成功
/pub/data/jiafq/iscas/Parser_Comparison/../benchmarks/part5/non-incremental/QF_BV/20221012-MCMPC/millionaires/millionaires.t2.i38.76d0e64a.smt2,67.5752,792,3306,成功
/pub/data/jiafq/iscas/Parser_Comparison/../benchmarks/part5/non-incremental/QF_BV/20221012-MCMPC/millionaires/millionaires.t2.i41.24d9b89e.smt2,68.4788,792,3247,成功
/pub/data/jiafq/iscas/Parser_Comparison/../benchmarks/part5/non-incremental/QF_BV/20221012-MCMPC/millionaires/millionaires.t2.i41.57bf378e.smt2,70.0514,792,3278,成功
/pub/data/jiafq/iscas/Parser_Comparison/../benchmarks/part5/non-incremental/QF_BV/20221012-MCMPC/millionaires/millionaires.t2.i41.cf372682.smt2,67.6095,792,3309,成功
/pub/data/jiafq/iscas/Parser_Comparison/../benchmarks/part5/non-incremental/QF_BV/20221012-MCMPC/millionaires/millionaires.t2.i41.f87f3b78.smt2,65.8274,792,3216,成功
/pub/data/jiafq/iscas/Parser_Comparison/../benchmarks/part5/non-incremental/QF_BV/20221012-MCMPC/millionaires/millionaires.t2.i43.047dfe40.smt2,70.2238,792,3249,成功
/pub/data/jiafq/iscas/Parser_Comparison/../benchmarks/part5/non-incremental/QF_BV/20221012-MCMPC/millionaires/millionaires.t2.i43.81a23d15.smt2,63.7524,792,3156,成功
/pub/data/jiafq/iscas/Parser_Comparison/../benchmarks/part5/non-incremental/QF_BV/20221012-MCMPC/millionaires/millionaires.t2.i43.958bd193.smt2,69.1857,792,3218,成功
/pub/data/jiafq/iscas/Parser_Comparison/../benchmarks/part5/non-incremental/QF_BV/20221012-MCMPC/millionaires/millionaires.t2.i43.de43a7b2.smt2,67.9054,792,3187,成功
/pub/data/jiafq/iscas/Parser_Comparison/../benchmarks/part5/non-incremental/QF_BV/20221012-MCMPC/millionaires/millionaires.t2.i51.0fc5625f.smt2,69.175,792,3133,成功
/pub/data/jiafq/iscas/Parser_Comparison/../benchmarks/part5/non-incremental/QF_BV/20221012-MCMPC/millionaires/millionaires.t2.i51.3994eb06.smt2,71.7316,1056,3350,成功
/pub/data/jiafq/iscas/Parser_Comparison/../benchmarks/part5/non-incremental/QF_BV/20221012-MCMPC/millionaires/millionaires.t2.i51.3bda3944.smt2,69.4845,1056,3257,成功
/pub/data/jiafq/iscas/Parser_Comparison/../benchmarks/part5/non-incremental/QF_BV/20221012-MCMPC/millionaires/millionaires.t2.i51.59b1ab5f.smt2,67.7264,1056,3288,成功
/pub/data/jiafq/iscas/Parser_Comparison/../benchmarks/part5/non-incremental/QF_BV/20221012-MCMPC/millionaires/millionaires.t2.i51.62431f3c.smt2,71.2743,792,3195,成功
/pub/data/jiafq/iscas/Parser_Comparison/../benchmarks/part5/non-incremental/QF_BV/20221012-MCMPC/millionaires/millionaires.t2.i51.8074bbc8.smt2,67.7195,792,3102,成功
/pub/data/jiafq/iscas/Parser_Comparison/../benchmarks/part5/non-incremental/QF_BV/20221012-MCMPC/millionaires/millionaires.t2.i51.83d6e050.smt2,74.096,1056,3381,成功
/pub/data/jiafq/iscas/Parser_Comparison/../benchmarks/part5/non-incremental/QF_BV/20221012-MCMPC/millionaires/millionaires.t2.i51.906e3121.smt2,67.5344,792,3226,成功
/pub/data/jiafq/iscas/Parser_Comparison/../benchmarks/part5/non-incremental/QF_BV/20221012-MCMPC/millionaires/millionaires.t2.i51.a42cc4da.smt2,65.7039,792,3071,成功
/pub/data/jiafq/iscas/Parser_Comparison/../benchmarks/part5/non-incremental/QF_BV/20221012-MCMPC/millionaires/millionaires.t2.i51.a83b09dc.smt2,69.1173,792,3164,成功
/pub/data/jiafq/iscas/Parser_Comparison/../benchmarks/part5/non-incremental/QF_BV/20221012-MCMPC/millionaires/millionaires.t2.i51.b11c1137.smt2,65.9163,792,3040,成功
/pub/data/jiafq/iscas/Parser_Comparison/../benchmarks/part5/non-incremental/QF_BV/20221012-MCMPC/millionaires/millionaires.t2.i51.cb41ce18.smt2,70.2715,1056,3319,成功
/pub/data/jiafq/iscas/Parser_Comparison/../benchmarks/part5/non-incremental/QF_BV/20221012-MCMPC/millionaires/millionaires.t2.i52.7123ca53.smt2,67.4443,792,3041,成功
/pub/data/jiafq/iscas/Parser_Comparison/../benchmarks/part5/non-incremental/QF_BV/20221012-MCMPC/millionaires/millionaires.t2.i6.18ba89a0.smt2,66.895,792,3584,成功
/pub/data/jiafq/iscas/Parser_Comparison/../benchmarks/part5/non-incremental/QF_BV/20221012-MCMPC/millionaires/millionaires.t2.i6.596f2aae.smt2,68.9774,792,3553,成功
/pub/data/jiafq/iscas/Parser_Comparison/../benchmarks/part5/non-incremental/QF_BV/20221012-MCMPC/millionaires/millionaires.t2.i60.136d1c0b.smt2,70.5543,792,3173,成功
/pub/data/jiafq/iscas/Parser_Comparison/../benchmarks/part5/non-incremental/QF_BV/20221012-MCMPC/millionaires/millionaires.t2.i60.1d17fc4f.smt2,69.181,1056,3266,成功
/pub/data/jiafq/iscas/Parser_Comparison/../benchmarks/part5/non-incremental/QF_BV/20221012-MCMPC/millionaires/millionaires.t2.i60.3276c10f.smt2,70.4861,1056,3204,成功
/pub/data/jiafq/iscas/Parser_Comparison/../benchmarks/part5/non-incremental/QF_BV/20221012-MCMPC/millionaires/millionaires.t2.i60.e8755738.smt2,71.31,1056,3235,成功
/pub/data/jiafq/iscas/Parser_Comparison/../benchmarks/part5/non-incremental/QF_BV/20221012-MCMPC/millionaires/millionaires.t2.i62.12c2b9f1.smt2,68.9456,1056,3206,成功
/pub/data/jiafq/iscas/Parser_Comparison/../benchmarks/part5/non-incremental/QF_BV/20221012-MCMPC/millionaires/millionaires.t2.i62.9d6331ec.smt2,69.1895,1056,3175,成功
/pub/data/jiafq/iscas/Parser_Comparison/../benchmarks/part5/non-incremental/QF_BV/20221012-MCMPC/millionaires/millionaires.t2.i63.c208f63f.smt2,68.2893,1056,3145,成功
/pub/data/jiafq/iscas/Parser_Comparison/../benchmarks/part5/non-incremental/QF_BV/20221012-MCMPC/millionaires/millionaires.t2.i63.ce1ffb23.smt2,70.756,1056,3176,成功
/pub/data/jiafq/iscas/Parser_Comparison/../benchmarks/part5/non-incremental/QF_BV/20221012-MCMPC/millionaires/millionaires.t2.i64.5bf0422c.smt2,69.4635,1056,3115,成功
/pub/data/jiafq/iscas/Parser_Comparison/../benchmarks/part5/non-incremental/QF_BV/20221012-MCMPC/millionaires/millionaires.t2.i64.908d5969.smt2,71.8634,1056,3146,成功
/pub/data/jiafq/iscas/Parser_Comparison/../benchmarks/part5/non-incremental/QF_BV/20221012-MCMPC/millionaires/millionaires.t2.i7.7e805bd6.smt2,67.5316,792,3523,成功
/pub/data/jiafq/iscas/Parser_Comparison/../benchmarks/part5/non-incremental/QF_BV/20221012-MCMPC/millionaires/millionaires.t2.i7.cab3953c.smt2,68.7606,792,3554,成功
/pub/data/jiafq/iscas/Parser_Comparison/../benchmarks/part5/non-incremental/QF_BV/20221012-MCMPC/millionaires/millionaires.t2.i8.477d66ba.smt2,67.1446,792,3524,成功
/pub/data/jiafq/iscas/Parser_Comparison/../benchmarks/part5/non-incremental/QF_BV/20221012-MCMPC/millionaires/millionaires.t2.i9.01d12ded.smt2,66.7109,792,3525,成功
/pub/data/jiafq/iscas/Parser_Comparison/../benchmarks/part5/non-incremental/QF_BV/20221012-MCMPC/millionaires/millionaires.t3.i1.12842d08.smt2,71.4715,792,3853,成功
/pub/data/jiafq/iscas/Parser_Comparison/../benchmarks/part5/non-incremental/QF_BV/20221012-MCMPC/millionaires/millionaires.t3.i11.b7529674.smt2,74.0266,792,3733,成功
/pub/data/jiafq/iscas/Parser_Comparison/../benchmarks/part5/non-incremental/QF_BV/20221012-MCMPC/millionaires/millionaires.t3.i11.fb25597e.smt2,70.519,792,3773,成功
/pub/data/jiafq/iscas/Parser_Comparison/../benchmarks/part5/non-incremental/QF_BV/20221012-MCMPC/millionaires/millionaires.t3.i14.468d69e0.smt2,73.7,1056,3837,成功
/pub/data/jiafq/iscas/Parser_Comparison/../benchmarks/part5/non-incremental/QF_BV/20221012-MCMPC/millionaires/millionaires.t3.i14.5206cb66.smt2,74.1539,1056,3797,成功
/pub/data/jiafq/iscas/Parser_Comparison/../benchmarks/part5/non-incremental/QF_BV/20221012-MCMPC/millionaires/millionaires.t3.i14.b2a47251.smt2,73.2942,792,3757,成功
/pub/data/jiafq/iscas/Parser_Comparison/../benchmarks/part5/non-incremental/QF_BV/20221012-MCMPC/millionaires/millionaires.t3.i15.5387631a.smt2,73.6094,792,3725,成功
/pub/data/jiafq/iscas/Parser_Comparison/../benchmarks/part5/non-incremental/QF_BV/20221012-MCMPC/millionaires/millionaires.t3.i15.e8a1f49e.smt2,75.3484,792,3765,成功
/pub/data/jiafq/iscas/Parser_Comparison/../benchmarks/part5/non-incremental/QF_BV/20221012-MCMPC/millionaires/millionaires.t3.i16.10950f0a.smt2,73.9477,792,3733,成功
/pub/data/jiafq/iscas/Parser_Comparison/../benchmarks/part5/non-incremental/QF_BV/20221012-MCMPC/millionaires/millionaires.t3.i18.434b98e1.smt2,72.51,1056,3789,成功
/pub/data/jiafq/iscas/Parser_Comparison/../benchmarks/part5/non-incremental/QF_BV/20221012-MCMPC/millionaires/millionaires.t3.i19.16d60e3a.smt2,75.9058,1056,3717,成功
/pub/data/jiafq/iscas/Parser_Comparison/../benchmarks/part5/non-incremental/QF_BV/20221012-MCMPC/millionaires/millionaires.t3.i19.74343610.smt2,76.2439,1056,3757,成功
/pub/data/jiafq/iscas/Parser_Comparison/../benchmarks/part5/non-incremental/QF_BV/20221012-MCMPC/millionaires/millionaires.t3.i19.a3abe7da.smt2,76.0598,1056,3797,成功
/pub/data/jiafq/iscas/Parser_Comparison/../benchmarks/part5/non-incremental/QF_BV/20221012-MCMPC/millionaires/millionaires.t3.i2.b87184ea.smt2,70.4377,792,3861,成功
/pub/data/jiafq/iscas/Parser_Comparison/../benchmarks/part5/non-incremental/QF_BV/20221012-MCMPC/millionaires/millionaires.t3.i21.2f4c343d.smt2,74.7628,1056,3773,成功
/pub/data/jiafq/iscas/Parser_Comparison/../benchmarks/part5/non-incremental/QF_BV/20221012-MCMPC/millionaires/millionaires.t3.i21.5b0544c6.smt2,74.9094,1056,3733,成功
/pub/data/jiafq/iscas/Parser_Comparison/../benchmarks/part5/non-incremental/QF_BV/20221012-MCMPC/millionaires/millionaires.t3.i25.43b00b27.smt2,74.2562,1056,3885,成功
/pub/data/jiafq/iscas/Parser_Comparison/../benchmarks/part5/non-incremental/QF_BV/20221012-MCMPC/millionaires/millionaires.t3.i28.047d4697.smt2,79.4153,1056,3909,成功
/pub/data/jiafq/iscas/Parser_Comparison/../benchmarks/part5/non-incremental/QF_BV/20221012-MCMPC/millionaires/millionaires.t3.i28.ae76b256.smt2,79.3242,1056,3989,成功
/pub/data/jiafq/iscas/Parser_Comparison/../benchmarks/part5/non-incremental/QF_BV/20221012-MCMPC/millionaires/millionaires.t3.i28.b86bdbe3.smt2,77.337,1056,3869,成功
/pub/data/jiafq/iscas/Parser_Comparison/../benchmarks/part5/non-incremental/QF_BV/20221012-MCMPC/millionaires/millionaires.t3.i28.ef4fc096.smt2,73.9837,1056,3949,成功
/pub/data/jiafq/iscas/Parser_Comparison/../benchmarks/part5/non-incremental/QF_BV/20221012-MCMPC/millionaires/millionaires.t3.i3.b00ac359.smt2,74.2364,1056,3869,成功
/pub/data/jiafq/iscas/Parser_Comparison/../benchmarks/part5/non-incremental/QF_BV/20221012-MCMPC/millionaires/millionaires.t3.i31.3a45f5aa.smt2,77.4436,1056,3893,成功
/pub/data/jiafq/iscas/Parser_Comparison/../benchmarks/part5/non-incremental/QF_BV/20221012-MCMPC/millionaires/millionaires.t3.i31.8a8863ae.smt2,80.1065,1056,3973,成功
/pub/data/jiafq/iscas/Parser_Comparison/../benchmarks/part5/non-incremental/QF_BV/20221012-MCMPC/millionaires/millionaires.t3.i31.ce3823a1.smt2,77.2874,1056,3853,成功
/pub/data/jiafq/iscas/Parser_Comparison/../benchmarks/part5/non-incremental/QF_BV/20221012-MCMPC/millionaires/millionaires.t3.i31.d007bd15.smt2,78.3625,1056,3933,成功
/pub/data/jiafq/iscas/Parser_Comparison/../benchmarks/part5/non-incremental/QF_BV/20221012-MCMPC/millionaires/millionaires.t3.i35.f6cabf49.smt2,81.3577,1056,4005,成功
/pub/data/jiafq/iscas/Parser_Comparison/../benchmarks/part5/non-incremental/QF_BV/20221012-MCMPC/millionaires/millionaires.t3.i37.7998cb96.smt2,81.5969,1056,4061,成功
/pub/data/jiafq/iscas/Parser_Comparison/../benchmarks/part5/non-incremental/QF_BV/20221012-MCMPC/millionaires/millionaires.t3.i37.7eabcb40.smt2,83.2715,1056,4021,成功
/pub/data/jiafq/iscas/Parser_Comparison/../benchmarks/part5/non-incremental/QF_BV/20221012-MCMPC/millionaires/millionaires.t3.i38.42f1fab6.smt2,81.0122,1056,4029,成功
/pub/data/jiafq/iscas/Parser_Comparison/../benchmarks/part5/non-incremental/QF_BV/20221012-MCMPC/millionaires/millionaires.t3.i38.6bed2e2a.smt2,81.671,1056,3989,成功
/pub/data/jiafq/iscas/Parser_Comparison/../benchmarks/part5/non-incremental/QF_BV/20221012-MCMPC/millionaires/millionaires.t3.i39.9f96fe76.smt2,82.253,1056,3997,成功
/pub/data/jiafq/iscas/Parser_Comparison/../benchmarks/part5/non-incremental/QF_BV/20221012-MCMPC/millionaires/millionaires.t3.i4.66bd83a2.smt2,75.3083,792,3877,成功
/pub/data/jiafq/iscas/Parser_Comparison/../benchmarks/part5/non-incremental/QF_BV/20221012-MCMPC/millionaires/millionaires.t3.i41.9852eb67.smt2,82.0827,1056,4053,成功
/pub/data/jiafq/iscas/Parser_Comparison/../benchmarks/part5/non-incremental/QF_BV/20221012-MCMPC/millionaires/millionaires.t3.i43.0a27663e.smt2,84.5723,1056,4109,成功
/pub/data/jiafq/iscas/Parser_Comparison/../benchmarks/part5/non-incremental/QF_BV/20221012-MCMPC/millionaires/millionaires.t3.i46.38c37497.smt2,89.3991,1056,4213,成功
/pub/data/jiafq/iscas/Parser_Comparison/../benchmarks/part5/non-incremental/QF_BV/20221012-MCMPC/millionaires/millionaires.t3.i46.61a49097.smt2,86.2391,1056,4173,成功
/pub/data/jiafq/iscas/Parser_Comparison/../benchmarks/part5/non-incremental/QF_BV/20221012-MCMPC/millionaires/millionaires.t3.i46.7acb807f.smt2,86.5834,1056,4133,成功
/pub/data/jiafq/iscas/Parser_Comparison/../benchmarks/part5/non-incremental/QF_BV/20221012-MCMPC/millionaires/millionaires.t3.i46.80f6a7cc.smt2,84.4681,1056,4093,成功
/pub/data/jiafq/iscas/Parser_Comparison/../benchmarks/part5/non-incremental/QF_BV/20221012-MCMPC/millionaires/millionaires.t3.i51.3efdfef5.smt2,87.954,1056,4293,成功
/pub/data/jiafq/iscas/Parser_Comparison/../benchmarks/part5/non-incremental/QF_BV/20221012-MCMPC/millionaires/millionaires.t3.i51.552ef9db.smt2,88.4976,1056,4253,成功
/pub/data/jiafq/iscas/Parser_Comparison/../benchmarks/part5/non-incremental/QF_BV/20221012-MCMPC/millionaires/millionaires.t3.i51.5e1e0023.smt2,87.2395,1056,4213,成功
/pub/data/jiafq/iscas/Parser_Comparison/../benchmarks/part5/non-incremental/QF_BV/20221012-MCMPC/millionaires/millionaires.t3.i51.7f69f9b3.smt2,87.8768,1056,4133,成功
/pub/data/jiafq/iscas/Parser_Comparison/../benchmarks/part5/non-incremental/QF_BV/20221012-MCMPC/millionaires/millionaires.t3.i51.edee8120.smt2,87.1279,1056,4173,成功
/pub/data/jiafq/iscas/Parser_Comparison/../benchmarks/part5/non-incremental/QF_BV/20221012-MCMPC/millionaires/millionaires.t3.i55.25938784.smt2,90.2305,1056,4245,成功
/pub/data/jiafq/iscas/Parser_Comparison/../benchmarks/part5/non-incremental/QF_BV/20221012-MCMPC/millionaires/millionaires.t3.i55.e66b9ce0.smt2,90.4114,1056,4285,成功
/pub/data/jiafq/iscas/Parser_Comparison/../benchmarks/part5/non-incremental/QF_BV/20221012-MCMPC/millionaires/millionaires.t3.i57.758f5f36.smt2,93.2968,1056,4301,成功
/pub/data/jiafq/iscas/Parser_Comparison/../benchmarks/part5/non-incremental/QF_BV/20221012-MCMPC/millionaires/millionaires.t3.i57.b1cab367.smt2,90.8237,1056,4261,成功
/pub/data/jiafq/iscas/Parser_Comparison/../benchmarks/part5/non-incremental/QF_BV/20221012-MCMPC/millionaires/millionaires.t3.i58.0ee99f74.smt2,87.1999,1056,4189,成功
/pub/data/jiafq/iscas/Parser_Comparison/../benchmarks/part5/non-incremental/QF_BV/20221012-MCMPC/millionaires/millionaires.t3.i58.34d33b4e.smt2,87.0166,1056,4109,成功
/pub/data/jiafq/iscas/Parser_Comparison/../benchmarks/part5/non-incremental/QF_BV/20221012-MCMPC/millionaires/millionaires.t3.i58.8b9ac673.smt2,88.3601,1056,4149,成功
/pub/data/jiafq/iscas/Parser_Comparison/../benchmarks/part5/non-incremental/QF_BV/20221012-MCMPC/millionaires/millionaires.t3.i58.cab3154c.smt2,92.4475,1056,4269,成功
/pub/data/jiafq/iscas/Parser_Comparison/../benchmarks/part5/non-incremental/QF_BV/20221012-MCMPC/millionaires/millionaires.t3.i58.d947c318.smt2,92.3741,1056,4229,成功
/pub/data/jiafq/iscas/Parser_Comparison/../benchmarks/part5/non-incremental/QF_BV/20221012-MCMPC/millionaires/millionaires.t3.i59.93c18d33.smt2,89.8311,1056,4117,成功
/pub/data/jiafq/iscas/Parser_Comparison/../benchmarks/part5/non-incremental/QF_BV/20221012-MCMPC/millionaires/millionaires.t3.i6.5167c4b3.smt2,73.8559,1056,3813,成功
/pub/data/jiafq/iscas/Parser_Comparison/../benchmarks/part5/non-incremental/QF_BV/20221012-MCMPC/millionaires/millionaires.t3.i6.6f8cfadc.smt2,75.1431,1056,3933,成功
/pub/data/jiafq/iscas/Parser_Comparison/../benchmarks/part5/non-incremental/QF_BV/20221012-MCMPC/millionaires/millionaires.t3.i6.86cd2ebb.smt2,73.0176,1056,3893,成功
/pub/data/jiafq/iscas/Parser_Comparison/../benchmarks/part5/non-incremental/QF_BV/20221012-MCMPC/millionaires/millionaires.t3.i6.ce64ec46.smt2,74.3175,1056,3853,成功
/pub/data/jiafq/iscas/Parser_Comparison/../benchmarks/part5/non-incremental/QF_BV/20221012-MCMPC/millionaires/millionaires.t3.i60.88b6aa58.smt2,89.4184,1056,4125,成功
/pub/data/jiafq/iscas/Parser_Comparison/../benchmarks/part5/non-incremental/QF_BV/20221012-MCMPC/millionaires/millionaires.t3.i61.e9daa3fa.smt2,87.574,1056,4133,成功
/pub/data/jiafq/iscas/Parser_Comparison/../benchmarks/part5/non-incremental/QF_BV/20221012-MCMPC/millionaires/millionaires.t3.i62.16eec975.smt2,87.7171,1056,4141,成功
/pub/data/jiafq/iscas/Parser_Comparison/../benchmarks/part5/non-incremental/QF_BV/20221012-MCMPC/millionaires/millionaires.t3.i63.46c6a693.smt2,86.9567,1056,4149,成功
/pub/data/jiafq/iscas/Parser_Comparison/../benchmarks/part5/non-incremental/QF_BV/20221012-MCMPC/millionaires/millionaires.t3.i64.9b1a404c.smt2,86.7128,1056,4157,成功
/pub/data/jiafq/iscas/Parser_Comparison/../benchmarks/part5/non-incremental/QF_BV/20221012-MCMPC/millionaires/millionaires.t3.i7.1d2920e4.smt2,71.3298,1056,3821,成功
/pub/data/jiafq/iscas/Parser_Comparison/../benchmarks/part5/non-incremental/QF_BV/20221012-MCMPC/millionaires/millionaires.t3.i8.88a0d9b9.smt2,73.5641,792,3829,成功
/pub/data/jiafq/iscas/Parser_Comparison/../benchmarks/part5/non-incremental/QF_BV/20221012-MCMPC/millionaires/millionaires.t3.i9.399bd7e4.smt2,74.6782,1056,3797,成功
/pub/data/jiafq/iscas/Parser_Comparison/../benchmarks/part5/non-incremental/QF_BV/20221012-MCMPC/millionaires/millionaires.t3.i9.a2c698bc.smt2,72.268,792,3717,成功
/pub/data/jiafq/iscas/Parser_Comparison/../benchmarks/part5/non-incremental/QF_BV/20221012-MCMPC/millionaires/millionaires.t3.i9.a55ec845.smt2,75.4468,1056,3837,成功
/pub/data/jiafq/iscas/Parser_Comparison/../benchmarks/part5/non-incremental/QF_BV/20221012-MCMPC/millionaires/millionaires.t3.i9.c4210987.smt2,73.5142,792,3757,成功
/pub/data/jiafq/iscas/Parser_Comparison/../benchmarks/part5/non-incremental/QF_BV/20221012-MCMPC/millionaires/millionaires.t4.i1.a82c482b.smt2,102.771,1056,5381,成功
/pub/data/jiafq/iscas/Parser_Comparison/../benchmarks/part5/non-incremental/QF_BV/20221012-MCMPC/millionaires/millionaires.t4.i10.2bd94a4f.smt2,102.174,1056,5320,成功
/pub/data/jiafq/iscas/Parser_Comparison/../benchmarks/part5/non-incremental/QF_BV/20221012-MCMPC/millionaires/millionaires.t4.i10.e62565c7.smt2,103.5,1056,5271,成功
/pub/data/jiafq/iscas/Parser_Comparison/../benchmarks/part5/non-incremental/QF_BV/20221012-MCMPC/millionaires/millionaires.t4.i11.a66fbc39.smt2,103.033,1056,5286,成功
/pub/data/jiafq/iscas/Parser_Comparison/../benchmarks/part5/non-incremental/QF_BV/20221012-MCMPC/millionaires/millionaires.t4.i12.6b91c1d3.smt2,98.5918,1056,5301,成功
/pub/data/jiafq/iscas/Parser_Comparison/../benchmarks/part5/non-incremental/QF_BV/20221012-MCMPC/millionaires/millionaires.t4.i13.d76e34d2.smt2,100.74,1056,5316,成功
/pub/data/jiafq/iscas/Parser_Comparison/../benchmarks/part5/non-incremental/QF_BV/20221012-MCMPC/millionaires/millionaires.t4.i14.07c4f3d4.smt2,101.072,1056,5282,成功
/pub/data/jiafq/iscas/Parser_Comparison/../benchmarks/part5/non-incremental/QF_BV/20221012-MCMPC/millionaires/millionaires.t4.i14.81590b5f.smt2,103.857,1052,5331,成功
/pub/data/jiafq/iscas/Parser_Comparison/../benchmarks/part5/non-incremental/QF_BV/20221012-MCMPC/millionaires/millionaires.t4.i15.cbe7a13d.smt2,102.287,1056,5297,成功
/pub/data/jiafq/iscas/Parser_Comparison/../benchmarks/part5/non-incremental/QF_BV/20221012-MCMPC/millionaires/millionaires.t4.i18.11a7dbd6.smt2,105.099,1056,5391,成功
/pub/data/jiafq/iscas/Parser_Comparison/../benchmarks/part5/non-incremental/QF_BV/20221012-MCMPC/millionaires/millionaires.t4.i18.cdd6de72.smt2,105.86,1056,5440,成功
/pub/data/jiafq/iscas/Parser_Comparison/../benchmarks/part5/non-incremental/QF_BV/20221012-MCMPC/millionaires/millionaires.t4.i20.753b364e.smt2,106.319,1056,5470,成功
/pub/data/jiafq/iscas/Parser_Comparison/../benchmarks/part5/non-incremental/QF_BV/20221012-MCMPC/millionaires/millionaires.t4.i21.c734e696.smt2,107.718,1056,5485,成功
/pub/data/jiafq/iscas/Parser_Comparison/../benchmarks/part5/non-incremental/QF_BV/20221012-MCMPC/millionaires/millionaires.t4.i23.41a53179.smt2,105.285,1056,5368,成功
/pub/data/jiafq/iscas/Parser_Comparison/../benchmarks/part5/non-incremental/QF_BV/20221012-MCMPC/millionaires/millionaires.t4.i23.5c256b17.smt2,107.63,1056,5515,成功
/pub/data/jiafq/iscas/Parser_Comparison/../benchmarks/part5/non-incremental/QF_BV/20221012-MCMPC/millionaires/millionaires.t4.i23.712499b5.smt2,106.962,1320,5564,成功
/pub/data/jiafq/iscas/Parser_Comparison/../benchmarks/part5/non-incremental/QF_BV/20221012-MCMPC/millionaires/millionaires.t4.i23.72ce1505.smt2,102.81,1056,5417,成功
/pub/data/jiafq/iscas/Parser_Comparison/../benchmarks/part5/non-incremental/QF_BV/20221012-MCMPC/millionaires/millionaires.t4.i23.8241ac65.smt2,104.647,1056,5466,成功
/pub/data/jiafq/iscas/Parser_Comparison/../benchmarks/part5/non-incremental/QF_BV/20221012-MCMPC/millionaires/millionaires.t4.i25.2ef292c2.smt2,103.735,1056,5398,成功
/pub/data/jiafq/iscas/Parser_Comparison/../benchmarks/part5/non-incremental/QF_BV/20221012-MCMPC/millionaires/millionaires.t4.i25.a15e0fef.smt2,102.015,1056,5447,成功
/pub/data/jiafq/iscas/Parser_Comparison/../benchmarks/part5/non-incremental/QF_BV/20221012-MCMPC/millionaires/millionaires.t4.i28.1eed2728.smt2,110.462,1056,5541,成功
/pub/data/jiafq/iscas/Parser_Comparison/../benchmarks/part5/non-incremental/QF_BV/20221012-MCMPC/millionaires/millionaires.t4.i28.6f285c86.smt2,103.362,1056,5492,成功
/pub/data/jiafq/iscas/Parser_Comparison/../benchmarks/part5/non-incremental/QF_BV/20221012-MCMPC/millionaires/millionaires.t4.i28.75cdb0b0.smt2,101.815,1056,5394,成功
/pub/data/jiafq/iscas/Parser_Comparison/../benchmarks/part5/non-incremental/QF_BV/20221012-MCMPC/millionaires/millionaires.t4.i28.91d43088.smt2,103.589,1056,5345,成功
/pub/data/jiafq/iscas/Parser_Comparison/../benchmarks/part5/non-incremental/QF_BV/20221012-MCMPC/millionaires/millionaires.t4.i28.ad436073.smt2,108.173,1056,5443,成功
/pub/data/jiafq/iscas/Parser_Comparison/../benchmarks/part5/non-incremental/QF_BV/20221012-MCMPC/millionaires/millionaires.t4.i29.75c27c04.smt2,104.322,1056,5360,成功
/pub/data/jiafq/iscas/Parser_Comparison/../benchmarks/part5/non-incremental/QF_BV/20221012-MCMPC/millionaires/millionaires.t4.i3.8f0becf7.smt2,100.465,1056,5460,成功
/pub/data/jiafq/iscas/Parser_Comparison/../benchmarks/part5/non-incremental/QF_BV/20221012-MCMPC/millionaires/millionaires.t4.i31.964fa6a5.smt2,104.698,1056,5390,成功
/pub/data/jiafq/iscas/Parser_Comparison/../benchmarks/part5/non-incremental/QF_BV/20221012-MCMPC/millionaires/millionaires.t4.i31.d18b5b47.smt2,107.378,1056,5439,成功
/pub/data/jiafq/iscas/Parser_Comparison/../benchmarks/part5/non-incremental/QF_BV/20221012-MCMPC/millionaires/millionaires.t4.i32.e4c75cf4.smt2,103.467,1056,5405,成功
/pub/data/jiafq/iscas/Parser_Comparison/../benchmarks/part5/non-incremental/QF_BV/20221012-MCMPC/millionaires/millionaires.t4.i35.aff972a1.smt2,111.391,1056,5548,成功
/pub/data/jiafq/iscas/Parser_Comparison/../benchmarks/part5/non-incremental/QF_BV/20221012-MCMPC/millionaires/millionaires.t4.i38.188af69a.smt2,110.94,1584,5691,成功
/pub/data/jiafq/iscas/Parser_Comparison/../benchmarks/part5/non-incremental/QF_BV/20221012-MCMPC/millionaires/millionaires.t4.i38.afffefb3.smt2,110.763,1584,5642,成功
/pub/data/jiafq/iscas/Parser_Comparison/../benchmarks/part5/non-incremental/QF_BV/20221012-MCMPC/millionaires/millionaires.t4.i4.93a8b2f8.smt2,98.0568,1320,5475,成功
/pub/data/jiafq/iscas/Parser_Comparison/../benchmarks/part5/non-incremental/QF_BV/20221012-MCMPC/millionaires/millionaires.t4.i4.d132326c.smt2,102.306,1056,5426,成功
/pub/data/jiafq/iscas/Parser_Comparison/../benchmarks/part5/non-incremental/QF_BV/20221012-MCMPC/millionaires/millionaires.t4.i40.b6b65884.smt2,112.247,1584,5721,成功
/pub/data/jiafq/iscas/Parser_Comparison/../benchmarks/part5/non-incremental/QF_BV/20221012-MCMPC/millionaires/millionaires.t4.i41.145ad3c7.smt2,111.485,1584,5736,成功
/pub/data/jiafq/iscas/Parser_Comparison/../benchmarks/part5/non-incremental/QF_BV/20221012-MCMPC/millionaires/millionaires.t4.i41.3b1cc506.smt2,112.735,1584,5687,成功
/pub/data/jiafq/iscas/Parser_Comparison/../benchmarks/part5/non-incremental/QF_BV/20221012-MCMPC/millionaires/millionaires.t4.i42.44948f2c.smt2,116.93,1584,5702,成功
/pub/data/jiafq/iscas/Parser_Comparison/../benchmarks/part5/non-incremental/QF_BV/20221012-MCMPC/millionaires/millionaires.t4.i44.acf44154.smt2,117.877,1584,5781,成功
/pub/data/jiafq/iscas/Parser_Comparison/../benchmarks/part5/non-incremental/QF_BV/20221012-MCMPC/millionaires/millionaires.t4.i44.c2b8a520.smt2,115.866,1584,5683,成功
/pub/data/jiafq/iscas/Parser_Comparison/../benchmarks/part5/non-incremental/QF_BV/20221012-MCMPC/millionaires/millionaires.t4.i44.c35f1bac.smt2,115.298,1584,5732,成功
/pub/data/jiafq/iscas/Parser_Comparison/../benchmarks/part5/non-incremental/QF_BV/20221012-MCMPC/millionaires/millionaires.t4.i45.221cb257.smt2,112.54,1584,5698,成功
/pub/data/jiafq/iscas/Parser_Comparison/../benchmarks/part5/non-incremental/QF_BV/20221012-MCMPC/millionaires/millionaires.t4.i45.37e82512.smt2,113.642,1584,5649,成功
/pub/data/jiafq/iscas/Parser_Comparison/../benchmarks/part5/non-incremental/QF_BV/20221012-MCMPC/millionaires/millionaires.t4.i47.1c1f9909.smt2,112.673,1584,5679,成功
/pub/data/jiafq/iscas/Parser_Comparison/../benchmarks/part5/non-incremental/QF_BV/20221012-MCMPC/millionaires/millionaires.t4.i47.cf322901.smt2,116.86,1584,5728,成功
/pub/data/jiafq/iscas/Parser_Comparison/../benchmarks/part5/non-incremental/QF_BV/20221012-MCMPC/millionaires/millionaires.t4.i47.ef61ea86.smt2,117.647,1320,5630,成功
/pub/data/jiafq/iscas/Parser_Comparison/../benchmarks/part5/non-incremental/QF_BV/20221012-MCMPC/millionaires/millionaires.t4.i50.5393f374.smt2,114.263,1320,5528,成功
/pub/data/jiafq/iscas/Parser_Comparison/../benchmarks/part5/non-incremental/QF_BV/20221012-MCMPC/millionaires/millionaires.t4.i50.8582ed8a.smt2,116.309,1584,5675,成功
/pub/data/jiafq/iscas/Parser_Comparison/../benchmarks/part5/non-incremental/QF_BV/20221012-MCMPC/millionaires/millionaires.t4.i50.a63fac3a.smt2,110.494,1320,5577,成功
/pub/data/jiafq/iscas/Parser_Comparison/../benchmarks/part5/non-incremental/QF_BV/20221012-MCMPC/millionaires/millionaires.t4.i50.c41b2985.smt2,115.601,1584,5773,成功
/pub/data/jiafq/iscas/Parser_Comparison/../benchmarks/part5/non-incremental/QF_BV/20221012-MCMPC/millionaires/millionaires.t4.i50.c8b62c10.smt2,113.988,1584,5724,成功
/pub/data/jiafq/iscas/Parser_Comparison/../benchmarks/part5/non-incremental/QF_BV/20221012-MCMPC/millionaires/millionaires.t4.i50.dff404bc.smt2,114.303,1320,5626,成功
/pub/data/jiafq/iscas/Parser_Comparison/../benchmarks/part5/non-incremental/QF_BV/20221012-MCMPC/millionaires/millionaires.t4.i52.7002caa7.smt2,111.067,1320,5509,成功
/pub/data/jiafq/iscas/Parser_Comparison/../benchmarks/part5/non-incremental/QF_BV/20221012-MCMPC/millionaires/millionaires.t4.i52.ad24e634.smt2,118.183,1320,5607,成功
/pub/data/jiafq/iscas/Parser_Comparison/../benchmarks/part5/non-incremental/QF_BV/20221012-MCMPC/millionaires/millionaires.t4.i52.d40c7b79.smt2,112.3,1320,5558,成功
/pub/data/jiafq/iscas/Parser_Comparison/../benchmarks/part5/non-incremental/QF_BV/20221012-MCMPC/millionaires/millionaires.t4.i53.afbd60c9.smt2,115.798,1320,5524,成功
/pub/data/jiafq/iscas/Parser_Comparison/../benchmarks/part5/non-incremental/QF_BV/20221012-MCMPC/millionaires/millionaires.t4.i55.32fa9b95.smt2,114.69,1320,5603,成功
/pub/data/jiafq/iscas/Parser_Comparison/../benchmarks/part5/non-incremental/QF_BV/20221012-MCMPC/millionaires/millionaires.t4.i55.a94f2740.smt2,114.183,1320,5554,成功
/pub/data/jiafq/iscas/Parser_Comparison/../benchmarks/part5/non-incremental/QF_BV/20221012-MCMPC/millionaires/millionaires.t4.i56.1d9261d8.smt2,113.982,1320,5520,成功
/pub/data/jiafq/iscas/Parser_Comparison/../benchmarks/part5/non-incremental/QF_BV/20221012-MCMPC/millionaires/millionaires.t4.i56.88da4aaa.smt2,112.317,1320,5569,成功
/pub/data/jiafq/iscas/Parser_Comparison/../benchmarks/part5/non-incremental/QF_BV/20221012-MCMPC/millionaires/millionaires.t4.i59.52a0fefd.smt2,116.905,1320,5565,成功
/pub/data/jiafq/iscas/Parser_Comparison/../benchmarks/part5/non-incremental/QF_BV/20221012-MCMPC/millionaires/millionaires.t4.i59.62e18ccb.smt2,115.353,1056,5467,成功
/pub/data/jiafq/iscas/Parser_Comparison/../benchmarks/part5/non-incremental/QF_BV/20221012-MCMPC/millionaires/millionaires.t4.i59.6d74c401.smt2,112.277,1320,5614,成功
/pub/data/jiafq/iscas/Parser_Comparison/../benchmarks/part5/non-incremental/QF_BV/20221012-MCMPC/millionaires/millionaires.t4.i59.814ec7bb.smt2,113.627,1320,5663,成功
/pub/data/jiafq/iscas/Parser_Comparison/../benchmarks/part5/non-incremental/QF_BV/20221012-MCMPC/millionaires/millionaires.t4.i59.9cd57e99.smt2,115.386,1320,5516,成功
/pub/data/jiafq/iscas/Parser_Comparison/../benchmarks/part5/non-incremental/QF_BV/20221012-MCMPC/millionaires/millionaires.t4.i6.6cb4f727.smt2,100.769,1056,5456,成功
/pub/data/jiafq/iscas/Parser_Comparison/../benchmarks/part5/non-incremental/QF_BV/20221012-MCMPC/millionaires/millionaires.t4.i6.b1032652.smt2,105.181,1320,5505,成功
/pub/data/jiafq/iscas/Parser_Comparison/../benchmarks/part5/non-incremental/QF_BV/20221012-MCMPC/millionaires/millionaires.t4.i60.a1f4d5a1.smt2,112.923,1320,5482,成功
/pub/data/jiafq/iscas/Parser_Comparison/../benchmarks/part5/non-incremental/QF_BV/20221012-MCMPC/millionaires/millionaires.t4.i61.3bcdd2fd.smt2,112.499,1320,5497,成功
/pub/data/jiafq/iscas/Parser_Comparison/../benchmarks/part5/non-incremental/QF_BV/20221012-MCMPC/millionaires/millionaires.t4.i61.b18d7b07.smt2,112.365,1320,5448,成功
/pub/data/jiafq/iscas/Parser_Comparison/../benchmarks/part5/non-incremental/QF_BV/20221012-MCMPC/millionaires/millionaires.t4.i62.08abeebf.smt2,115.119,1320,5414,成功
/pub/data/jiafq/iscas/Parser_Comparison/../benchmarks/part5/non-incremental/QF_BV/20221012-MCMPC/millionaires/millionaires.t4.i62.4f1fe2f4.smt2,113.08,1056,5365,成功
/pub/data/jiafq/iscas/Parser_Comparison/../benchmarks/part5/non-incremental/QF_BV/20221012-MCMPC/millionaires/millionaires.t4.i62.68a9158b.smt2,114.398,1320,5463,成功
/pub/data/jiafq/iscas/Parser_Comparison/../benchmarks/part5/non-incremental/QF_BV/20221012-MCMPC/millionaires/millionaires.t4.i63.23fa36e4.smt2,114.504,1056,5380,成功
/pub/data/jiafq/iscas/Parser_Comparison/../benchmarks/part5/non-incremental/QF_BV/20221012-MCMPC/millionaires/millionaires.t4.i63.be7854b9.smt2,118.254,1056,5331,成功
/pub/data/jiafq/iscas/Parser_Comparison/../benchmarks/part5/non-incremental/QF_BV/20221012-MCMPC/millionaires/millionaires.t4.i64.1b5dfc73.smt2,110.659,1056,5297,成功
/pub/data/jiafq/iscas/Parser_Comparison/../benchmarks/part5/non-incremental/QF_BV/20221012-MCMPC/millionaires/millionaires.t4.i64.4f48c1cc.smt2,111.542,1056,5199,成功
/pub/data/jiafq/iscas/Parser_Comparison/../benchmarks/part5/non-incremental/QF_BV/20221012-MCMPC/millionaires/millionaires.t4.i64.5b34d2e6.smt2,110.128,1056,5248,成功
/pub/data/jiafq/iscas/Parser_Comparison/../benchmarks/part5/non-incremental/QF_BV/20221012-MCMPC/millionaires/millionaires.t4.i64.f40b690d.smt2,112.407,1056,5346,成功
/pub/data/jiafq/iscas/Parser_Comparison/../benchmarks/part5/non-incremental/QF_BV/20221012-MCMPC/millionaires/millionaires.t4.i7.17777d1f.smt2,101.646,1056,5373,成功
/pub/data/jiafq/iscas/Parser_Comparison/../benchmarks/part5/non-incremental/QF_BV/20221012-MCMPC/millionaires/millionaires.t4.i7.3264aada.smt2,104.83,1056,5471,成功
/pub/data/jiafq/iscas/Parser_Comparison/../benchmarks/part5/non-incremental/QF_BV/20221012-MCMPC/millionaires/millionaires.t4.i7.8443233b.smt2,103.442,1056,5422,成功
/pub/data/jiafq/iscas/Parser_Comparison/../benchmarks/part5/non-incremental/QF_BV/20221012-MCMPC/millionaires/millionaires.t4.i8.18ee5e14.smt2,100.378,1056,5339,成功
/pub/data/jiafq/iscas/Parser_Comparison/../benchmarks/part5/non-incremental/QF_BV/20221012-MCMPC/millionaires/millionaires.t4.i8.b51f323c.smt2,95.8841,1056,5388,成功
/pub/data/jiafq/iscas/Parser_Comparison/../benchmarks/part5/non-incremental/QF_BV/20221012-MCMPC/millionaires/millionaires.t4.i9.253194ea.smt2,102.993,1056,5305,成功
/pub/data/jiafq/iscas/Parser_Comparison/../benchmarks/part5/non-incremental/QF_BV/20221012-MCMPC/millionaires/millionaires.t4.i9.2c01dede.smt2,100.369,1056,5354,成功
/pub/data/jiafq/iscas/Parser_Comparison/../benchmarks/part5/non-incremental/QF_BV/20221012-MCMPC/simplemean/simplemean.t1.i3.09acff25.smt2,125.726,1848,4942,成功
/pub/data/jiafq/iscas/Parser_Comparison/../benchmarks/part5/non-incremental/QF_BV/20221012-MCMPC/simplemean/simplemean.t1.i3.0d33140e.smt2,11.5123,264,384,成功
/pub/data/jiafq/iscas/Parser_Comparison/../benchmarks/part5/non-incremental/QF_BV/20221012-MCMPC/simplemean/simplemean.t1.i3.6dd3026a.smt2,126.965,1584,4862,成功
/pub/data/jiafq/iscas/Parser_Comparison/../benchmarks/part5/non-incremental/QF_BV/20221012-MCMPC/simplemean/simplemean.t1.i4.1b9e49d5.smt2,31.8429,528,1290,成功
/pub/data/jiafq/iscas/Parser_Comparison/../benchmarks/part5/non-incremental/QF_BV/20221012-MCMPC/simplemean/simplemean.t1.i4.e580f246.smt2,38.0473,528,1504,成功
/pub/data/jiafq/iscas/Parser_Comparison/../benchmarks/part5/non-incremental/QF_BV/20221012-MCMPC/simplemean/simplemean.t1.i4.f10db1f3.smt2,33.8604,524,1316,成功
/pub/data/jiafq/iscas/Parser_Comparison/../benchmarks/part5/non-incremental/QF_BV/20221012-MCMPC/simplemean/simplemean.t1.i5.b9d25b73.smt2,29.9811,528,1164,成功
/pub/data/jiafq/iscas/Parser_Comparison/../benchmarks/part5/non-incremental/QF_BV/20221012-MCMPC/simplemean/simplemean.t1.i6.351a4d7f.smt2,60.7159,792,2484,成功
/pub/data/jiafq/iscas/Parser_Comparison/../benchmarks/part5/non-incremental/QF_BV/20221012-MCMPC/simplemean_buckets/simplemean_buckets.t1.i11.55453b11.smt2,67.2686,1056,5371,成功
/pub/data/jiafq/iscas/Parser_Comparison/../benchmarks/part5/non-incremental/QF_BV/20221012-MCMPC/simplemean_buckets/simplemean_buckets.t1.i14.0acd5dca.smt2,71.1472,1056,5331,成功
/pub/data/jiafq/iscas/Parser_Comparison/../benchmarks/part5/non-incremental/QF_BV/20221012-MCMPC/simplemean_buckets/simplemean_buckets.t1.i14.39270134.smt2,67.266,1056,5155,成功
/pub/data/jiafq/iscas/Parser_Comparison/../benchmarks/part5/non-incremental/QF_BV/20221012-MCMPC/simplemean_buckets/simplemean_buckets.t1.i14.3f03adbd.smt2,65.8972,792,4803,成功
/pub/data/jiafq/iscas/Parser_Comparison/../benchmarks/part5/non-incremental/QF_BV/20221012-MCMPC/simplemean_buckets/simplemean_buckets.t1.i14.7a753cc2.smt2,64.0028,1056,4891,成功
/pub/data/jiafq/iscas/Parser_Comparison/../benchmarks/part5/non-incremental/QF_BV/20221012-MCMPC/simplemean_buckets/simplemean_buckets.t1.i14.8ad094ed.smt2,66.8757,1056,4979,成功
/pub/data/jiafq/iscas/Parser_Comparison/../benchmarks/part5/non-incremental/QF_BV/20221012-MCMPC/simplemean_buckets/simplemean_buckets.t1.i14.acc34979.smt2,70.2107,1056,5067,成功
/pub/data/jiafq/iscas/Parser_Comparison/../benchmarks/part5/non-incremental/QF_BV/20221012-MCMPC/simplemean_buckets/simplemean_buckets.t1.i14.e41ff633.smt2,71.3537,1056,5243,成功
/pub/data/jiafq/iscas/Parser_Comparison/../benchmarks/part5/non-incremental/QF_BV/20221012-MCMPC/simplemean_buckets/simplemean_buckets.t1.i2.3830cf3b.smt2,78.6562,1056,6107,成功
/pub/data/jiafq/iscas/Parser_Comparison/../benchmarks/part5/non-incremental/QF_BV/20221012-MCMPC/simplemean_buckets/simplemean_buckets.t1.i25.2751b238.smt2,66.0179,1056,4539,成功
/pub/data/jiafq/iscas/Parser_Comparison/../benchmarks/part5/non-incremental/QF_BV/20221012-MCMPC/simplemean_buckets/simplemean_buckets.t1.i25.75b3bf76.smt2,66.246,1056,4715,成功
/pub/data/jiafq/iscas/Parser_Comparison/../benchmarks/part5/non-incremental/QF_BV/20221012-MCMPC/simplemean_buckets/simplemean_buckets.t1.i25.820428cd.smt2,62.0749,792,4275,成功
/pub/data/jiafq/iscas/Parser_Comparison/../benchmarks/part5/non-incremental/QF_BV/20221012-MCMPC/simplemean_buckets/simplemean_buckets.t1.i25.8a6ad799.smt2,59.4873,792,4099,成功
/pub/data/jiafq/iscas/Parser_Comparison/../benchmarks/part5/non-incremental/QF_BV/20221012-MCMPC/simplemean_buckets/simplemean_buckets.t1.i25.8a95d981.smt2,57.5421,792,4187,成功
/pub/data/jiafq/iscas/Parser_Comparison/../benchmarks/part5/non-incremental/QF_BV/20221012-MCMPC/simplemean_buckets/simplemean_buckets.t1.i25.9532e5f3.smt2,65.3763,1056,4803,成功
/pub/data/jiafq/iscas/Parser_Comparison/../benchmarks/part5/non-incremental/QF_BV/20221012-MCMPC/simplemean_buckets/simplemean_buckets.t1.i25.a1d5c625.smt2,59.5469,1056,4451,成功
/pub/data/jiafq/iscas/Parser_Comparison/../benchmarks/part5/non-incremental/QF_BV/20221012-MCMPC/simplemean_buckets/simplemean_buckets.t1.i25.a5f79162.smt2,68.5437,1056,4891,成功
/pub/data/jiafq/iscas/Parser_Comparison/../benchmarks/part5/non-incremental/QF_BV/20221012-MCMPC/simplemean_buckets/simplemean_buckets.t1.i25.c770ee24.smt2,63.2553,1056,4363,成功
/pub/data/jiafq/iscas/Parser_Comparison/../benchmarks/part5/non-incremental/QF_BV/20221012-MCMPC/simplemean_buckets/simplemean_buckets.t1.i25.c879d0a8.smt2,63.7224,1056,4627,成功
/pub/data/jiafq/iscas/Parser_Comparison/../benchmarks/part5/non-incremental/QF_BV/20221012-MCMPC/simplemean_buckets/simplemean_buckets.t1.i25.f20058e0.smt2,59.6759,792,4011,成功
/pub/data/jiafq/iscas/Parser_Comparison/../benchmarks/part5/non-incremental/QF_BV/20221012-MCMPC/simplemean_buckets/simplemean_buckets.t1.i27.29ccbab9.smt2,55.6719,792,3867,成功
/pub/data/jiafq/iscas/Parser_Comparison/../benchmarks/part5/non-incremental/QF_BV/20221012-MCMPC/simplemean_buckets/simplemean_buckets.t1.i27.713b40e3.smt2,55.1467,792,3691,成功
/pub/data/jiafq/iscas/Parser_Comparison/../benchmarks/part5/non-incremental/QF_BV/20221012-MCMPC/simplemean_buckets/simplemean_buckets.t1.i27.9122216a.smt2,53.4179,792,3779,成功
/pub/data/jiafq/iscas/Parser_Comparison/../benchmarks/part5/non-incremental/QF_BV/20221012-MCMPC/simplemean_buckets/simplemean_buckets.t1.i27.9809c657.smt2,55.4717,792,3603,成功
/pub/data/jiafq/iscas/Parser_Comparison/../benchmarks/part5/non-incremental/QF_BV/20221012-MCMPC/simplemean_buckets/simplemean_buckets.t1.i27.a36483e3.smt2,57.1809,792,3955,成功
/pub/data/jiafq/iscas/Parser_Comparison/../benchmarks/part5/non-incremental/QF_BV/20221012-MCMPC/simplemean_buckets/simplemean_buckets.t1.i27.c8e3a999.smt2,49.9046,792,3515,成功
/pub/data/jiafq/iscas/Parser_Comparison/../benchmarks/part5/non-incremental/QF_BV/20221012-MCMPC/simplemean_buckets/simplemean_buckets.t1.i29.47af0013.smt2,53.7891,792,3652,成功
/pub/data/jiafq/iscas/Parser_Comparison/../benchmarks/part5/non-incremental/QF_BV/20221012-MCMPC/simplemean_buckets/simplemean_buckets.t1.i5.0209f560.smt2,77.6439,1056,6067,成功
/pub/data/jiafq/iscas/Parser_Comparison/../benchmarks/part5/non-incremental/QF_BV/20221012-MCMPC/simplemean_buckets/simplemean_buckets.t1.i5.26dda420.smt2,74.2624,1056,5803,成功
/pub/data/jiafq/iscas/Parser_Comparison/../benchmarks/part5/non-incremental/QF_BV/20221012-MCMPC/simplemean_buckets/simplemean_buckets.t1.i5.996e0cf9.smt2,75.2883,1056,5979,成功
/pub/data/jiafq/iscas/Parser_Comparison/../benchmarks/part5/non-incremental/QF_BV/20221012-MCMPC/simplemean_buckets/simplemean_buckets.t1.i5.b309a64d.smt2,73.782,1056,5891,成功
/pub/data/jiafq/iscas/Parser_Comparison/../benchmarks/part5/non-incremental/QF_BV/20221012-MCMPC/simplemean_buckets/simplemean_buckets.t1.i6.e83f6628.smt2,70.7626,1056,5731,成功
/pub/data/jiafq/iscas/Parser_Comparison/../benchmarks/part5/non-incremental/QF_BV/20221012-MCMPC/simplemean_buckets/simplemean_buckets.t1.i8.4e49f964.smt2,69.6068,1056,5587,成功
/pub/data/jiafq/iscas/Parser_Comparison/../benchmarks/part5/non-incremental/QF_BV/20221012-MCMPC/simplemean_buckets/simplemean_buckets.t1.i8.58c85163.smt2,72.8836,1056,5675,成功
/pub/data/jiafq/iscas/Parser_Comparison/../benchmarks/part5/non-incremental/QF_BV/20221012-MCMPC/simplemean_buckets/simplemean_buckets.t1.i8.ff76e8be.smt2,69.5386,1056,5499,成功
/pub/data/jiafq/iscas/Parser_Comparison/../benchmarks/part5/non-incremental/QF_BV/20221012-MCMPC/simplemean_buckets/simplemean_buckets.t1.i9.d53a00ac.smt2,72.2606,1056,5427,成功
/pub/data/jiafq/iscas/Parser_Comparison/../benchmarks/part5/non-incremental/QF_BV/20221012-MCMPC/sugarbeets/sugarbeets.t1.i10.0380bf5a.smt2,751.268,5208,1725436,成功
/pub/data/jiafq/iscas/Parser_Comparison/../benchmarks/part5/non-incremental/QF_BV/20221012-MCMPC/sugarbeets/sugarbeets.t1.i10.80f40f8a.smt2,716.315,4352,1663190,成功
/pub/data/jiafq/iscas/Parser_Comparison/../benchmarks/part5/non-incremental/QF_BV/20221012-MCMPC/sugarbeets/sugarbeets.t1.i12.7d2b2fe0.smt2,686.339,4112,1559557,成功
/pub/data/jiafq/iscas/Parser_Comparison/../benchmarks/part5/non-incremental/QF_BV/20221012-MCMPC/sugarbeets/sugarbeets.t1.i12.9171f988.smt2,758.727,5228,1725761,成功
/pub/data/jiafq/iscas/Parser_Comparison/../benchmarks/part5/non-incremental/QF_BV/20221012-MCMPC/sugarbeets/sugarbeets.t1.i12.df618d74.smt2,793.53,5200,1829343,成功
/pub/data/jiafq/iscas/Parser_Comparison/../benchmarks/part5/non-incremental/QF_BV/20221012-MCMPC/sugarbeets/sugarbeets.t1.i14.48cebc76.smt2,700.692,4120,1580527,成功
/pub/data/jiafq/iscas/Parser_Comparison/../benchmarks/part5/non-incremental/QF_BV/20221012-MCMPC/sugarbeets/sugarbeets.t1.i14.69fc7e47.smt2,713.036,4124,1601302,成功
/pub/data/jiafq/iscas/Parser_Comparison/../benchmarks/part5/non-incremental/QF_BV/20221012-MCMPC/sugarbeets/sugarbeets.t1.i14.a0b2f1dd.smt2,743.587,5232,1705066,成功
/pub/data/jiafq/iscas/Parser_Comparison/../benchmarks/part5/non-incremental/QF_BV/20221012-MCMPC/sugarbeets/sugarbeets.t1.i14.bb3e9b44.smt2,635.998,3860,1435098,成功
/pub/data/jiafq/iscas/Parser_Comparison/../benchmarks/part5/non-incremental/QF_BV/20221012-MCMPC/sugarbeets/sugarbeets.t1.i14.c5008811.smt2,775.294,5288,1808715,成功
/pub/data/jiafq/iscas/Parser_Comparison/../benchmarks/part5/non-incremental/QF_BV/20221012-MCMPC/sugarbeets/sugarbeets.t1.i16.063538be.smt2,660.038,4116,1580361,成功
/pub/data/jiafq/iscas/Parser_Comparison/../benchmarks/part5/non-incremental/QF_BV/20221012-MCMPC/sugarbeets/sugarbeets.t1.i16.316739a8.smt2,626.361,3872,1455969,成功
/pub/data/jiafq/iscas/Parser_Comparison/../benchmarks/part5/non-incremental/QF_BV/20221012-MCMPC/sugarbeets/sugarbeets.t1.i16.4081e38f.smt2,715.636,5224,1684240,成功
/pub/data/jiafq/iscas/Parser_Comparison/../benchmarks/part5/non-incremental/QF_BV/20221012-MCMPC/sugarbeets/sugarbeets.t1.i16.429d9e42.smt2,680.391,4088,1600882,成功
/pub/data/jiafq/iscas/Parser_Comparison/../benchmarks/part5/non-incremental/QF_BV/20221012-MCMPC/sugarbeets/sugarbeets.t1.i16.5c8fc338.smt2,622.137,3876,1455969,成功
/pub/data/jiafq/iscas/Parser_Comparison/../benchmarks/part5/non-incremental/QF_BV/20221012-MCMPC/sugarbeets/sugarbeets.t1.i16.76f670a8.smt2,564.104,3872,1310540,成功
/pub/data/jiafq/iscas/Parser_Comparison/../benchmarks/part5/non-incremental/QF_BV/20221012-MCMPC/sugarbeets/sugarbeets.t1.i16.a33c1543.smt2,643.27,4104,1538684,成功
/pub/data/jiafq/iscas/Parser_Comparison/../benchmarks/part5/non-incremental/QF_BV/20221012-MCMPC/sugarbeets/sugarbeets.t1.i16.a56fd6b5.smt2,621.052,3824,1496999,成功
/pub/data/jiafq/iscas/Parser_Comparison/../benchmarks/part5/non-incremental/QF_BV/20221012-MCMPC/sugarbeets/sugarbeets.t1.i16.c57d3d03.smt2,756.144,5228,1767344,成功
/pub/data/jiafq/iscas/Parser_Comparison/../benchmarks/part5/non-incremental/QF_BV/20221012-MCMPC/sugarbeets/sugarbeets.t1.i16.ceed79a1.smt2,628.147,3844,1434801,成功
/pub/data/jiafq/iscas/Parser_Comparison/../benchmarks/part5/non-incremental/QF_BV/20221012-MCMPC/sugarbeets/sugarbeets.t1.i16.ea11d443.smt2,628.788,3844,1476355,成功
/pub/data/jiafq/iscas/Parser_Comparison/../benchmarks/part5/non-incremental/QF_BV/20221012-MCMPC/sugarbeets/sugarbeets.t1.i16.fb777436.smt2,568.724,3872,1310671,成功
/pub/data/jiafq/iscas/Parser_Comparison/../benchmarks/part5/non-incremental/QF_BV/20221012-MCMPC/sugarbeets/sugarbeets.t1.i18.97d93e3c.smt2,683.165,5332,1601641,成功
/pub/data/jiafq/iscas/Parser_Comparison/../benchmarks/part5/non-incremental/QF_BV/20221012-MCMPC/sugarbeets/sugarbeets.t1.i18.9f463a52.smt2,738.013,5228,1746482,成功
/pub/data/jiafq/iscas/Parser_Comparison/../benchmarks/part5/non-incremental/QF_BV/20221012-MCMPC/sugarbeets/sugarbeets.t1.i18.f33408d0.smt2,586.982,3856,1393446,成功
/pub/data/jiafq/iscas/Parser_Comparison/../benchmarks/part5/non-incremental/QF_BV/20221012-MCMPC/sugarbeets/sugarbeets.t1.i18.f86da825.smt2,621.301,3960,1456212,成功
/pub/data/jiafq/iscas/Parser_Comparison/../benchmarks/part5/non-incremental/QF_BV/20221012-MCMPC/sugarbeets/sugarbeets.t1.i20.0b211ccb.smt2,451.085,3432,1020037,成功
/pub/data/jiafq/iscas/Parser_Comparison/../benchmarks/part5/non-incremental/QF_BV/20221012-MCMPC/sugarbeets/sugarbeets.t1.i20.358a4135.smt2,632.51,4224,1456324,成功
/pub/data/jiafq/iscas/Parser_Comparison/../benchmarks/part5/non-incremental/QF_BV/20221012-MCMPC/sugarbeets/sugarbeets.t1.i20.6865cfcf.smt2,508.577,3692,1165466,成功
/pub/data/jiafq/iscas/Parser_Comparison/../benchmarks/part5/non-incremental/QF_BV/20221012-MCMPC/sugarbeets/sugarbeets.t1.i20.69c6a700.smt2,559.774,3856,1310406,成功
/pub/data/jiafq/iscas/Parser_Comparison/../benchmarks/part5/non-incremental/QF_BV/20221012-MCMPC/sugarbeets/sugarbeets.t1.i20.75d8cffb.smt2,497.499,3696,1165466,成功
/pub/data/jiafq/iscas/Parser_Comparison/../benchmarks/part5/non-incremental/QF_BV/20221012-MCMPC/sugarbeets/sugarbeets.t1.i20.7946de1a.smt2,389.489,3168,874608,成功
/pub/data/jiafq/iscas/Parser_Comparison/../benchmarks/part5/non-incremental/QF_BV/20221012-MCMPC/sugarbeets/sugarbeets.t1.i20.9b58a7fa.smt2,555.908,3696,1310732,成功
/pub/data/jiafq/iscas/Parser_Comparison/../benchmarks/part5/non-incremental/QF_BV/20221012-MCMPC/sugarbeets/sugarbeets.t1.i20.f20c4002.smt2,444.872,3432,1020037,成功
/pub/data/jiafq/iscas/Parser_Comparison/../benchmarks/part5/non-incremental/QF_BV/20221012-MCMPC/sugarbeets/sugarbeets.t1.i20.fe4ec561.smt2,504.876,3696,1165466,成功
/pub/data/jiafq/iscas/Parser_Comparison/../benchmarks/part5/non-incremental/QF_BV/20221012-MCMPC/sugarbeets/sugarbeets.t1.i22.0ac2d9f5.smt2,503.706,3696,1165578,成功
/pub/data/jiafq/iscas/Parser_Comparison/../benchmarks/part5/non-incremental/QF_BV/20221012-MCMPC/sugarbeets/sugarbeets.t1.i22.13c511e6.smt2,561.483,3960,1311007,成功
/pub/data/jiafq/iscas/Parser_Comparison/../benchmarks/part5/non-incremental/QF_BV/20221012-MCMPC/sugarbeets/sugarbeets.t1.i22.23975ec2.smt2,505.069,3696,1165578,成功
/pub/data/jiafq/iscas/Parser_Comparison/../benchmarks/part5/non-incremental/QF_BV/20221012-MCMPC/sugarbeets/sugarbeets.t1.i22.3daa1615.smt2,449.719,3432,1020149,成功
/pub/data/jiafq/iscas/Parser_Comparison/../benchmarks/part5/non-incremental/QF_BV/20221012-MCMPC/sugarbeets/sugarbeets.t1.i22.5f23c2b1.smt2,564.191,3960,1311007,成功
/pub/data/jiafq/iscas/Parser_Comparison/../benchmarks/part5/non-incremental/QF_BV/20221012-MCMPC/sugarbeets/sugarbeets.t1.i22.64b896ad.smt2,561.923,3960,1311007,成功
/pub/data/jiafq/iscas/Parser_Comparison/../benchmarks/part5/non-incremental/QF_BV/20221012-MCMPC/sugarbeets/sugarbeets.t1.i22.b3861357.smt2,500.903,3696,1165578,成功
/pub/data/jiafq/iscas/Parser_Comparison/../benchmarks/part5/non-incremental/QF_BV/20221012-MCMPC/sugarbeets/sugarbeets.t1.i22.f3d96be0.smt2,451.971,3432,1020149,成功
/pub/data/jiafq/iscas/Parser_Comparison/../benchmarks/part5/non-incremental/QF_BV/20221012-MCMPC/sugarbeets/sugarbeets.t1.i22.f763a8bd.smt2,447.593,3432,1020149,成功
/pub/data/jiafq/iscas/Parser_Comparison/../benchmarks/part5/non-incremental/QF_BV/20221012-MCMPC/sugarbeets/sugarbeets.t1.i24.003b6951.smt2,335.349,2904,729403,成功
/pub/data/jiafq/iscas/Parser_Comparison/../benchmarks/part5/non-incremental/QF_BV/20221012-MCMPC/sugarbeets/sugarbeets.t1.i24.3c99a2a3.smt2,456.156,3432,1020261,成功
/pub/data/jiafq/iscas/Parser_Comparison/../benchmarks/part5/non-incremental/QF_BV/20221012-MCMPC/sugarbeets/sugarbeets.t1.i24.4b09dc3d.smt2,396.869,3168,874832,成功
/pub/data/jiafq/iscas/Parser_Comparison/../benchmarks/part5/non-incremental/QF_BV/20221012-MCMPC/sugarbeets/sugarbeets.t1.i24.68acea9e.smt2,511.135,3696,1165690,成功
/pub/data/jiafq/iscas/Parser_Comparison/../benchmarks/part5/non-incremental/QF_BV/20221012-MCMPC/sugarbeets/sugarbeets.t1.i24.871e241a.smt2,450.087,3432,1020261,成功
/pub/data/jiafq/iscas/Parser_Comparison/../benchmarks/part5/non-incremental/QF_BV/20221012-MCMPC/sugarbeets/sugarbeets.t1.i24.aceb45ad.smt2,335.994,2904,729403,成功
/pub/data/jiafq/iscas/Parser_Comparison/../benchmarks/part5/non-incremental/QF_BV/20221012-MCMPC/sugarbeets/sugarbeets.t1.i24.b2ff4ea4.smt2,394.504,3168,874832,成功
/pub/data/jiafq/iscas/Parser_Comparison/../benchmarks/part5/non-incremental/QF_BV/20221012-MCMPC/sugarbeets/sugarbeets.t1.i24.b7cb5964.smt2,400.585,3168,874832,成功
/pub/data/jiafq/iscas/Parser_Comparison/../benchmarks/part5/non-incremental/QF_BV/20221012-MCMPC/sugarbeets/sugarbeets.t1.i26.1cb3314e.smt2,395.242,3088,874944,成功
/pub/data/jiafq/iscas/Parser_Comparison/../benchmarks/part5/non-incremental/QF_BV/20221012-MCMPC/sugarbeets/sugarbeets.t1.i26.37aed7a4.smt2,340.273,2904,729515,成功
/pub/data/jiafq/iscas/Parser_Comparison/../benchmarks/part5/non-incremental/QF_BV/20221012-MCMPC/sugarbeets/sugarbeets.t1.i26.46713181.smt2,284.138,2904,584086,成功
/pub/data/jiafq/iscas/Parser_Comparison/../benchmarks/part5/non-incremental/QF_BV/20221012-MCMPC/sugarbeets/sugarbeets.t1.i26.5c581006.smt2,283.37,2904,584086,成功
/pub/data/jiafq/iscas/Parser_Comparison/../benchmarks/part5/non-incremental/QF_BV/20221012-MCMPC/sugarbeets/sugarbeets.t1.i26.5e59acee.smt2,283.337,2904,584086,成功
/pub/data/jiafq/iscas/Parser_Comparison/../benchmarks/part5/non-incremental/QF_BV/20221012-MCMPC/sugarbeets/sugarbeets.t1.i26.7bc9b66d.smt2,343.082,2904,729515,成功
/pub/data/jiafq/iscas/Parser_Comparison/../benchmarks/part5/non-incremental/QF_BV/20221012-MCMPC/sugarbeets/sugarbeets.t1.i26.7be6ffe1.smt2,345.711,2904,729515,成功
/pub/data/jiafq/iscas/Parser_Comparison/../benchmarks/part5/non-incremental/QF_BV/20221012-MCMPC/sugarbeets/sugarbeets.t1.i26.8910c1e9.smt2,397.733,3084,874944,成功
/pub/data/jiafq/iscas/Parser_Comparison/../benchmarks/part5/non-incremental/QF_BV/20221012-MCMPC/sugarbeets/sugarbeets.t1.i26.a8221a1f.smt2,337.794,2904,729515,成功
/pub/data/jiafq/iscas/Parser_Comparison/../benchmarks/part5/non-incremental/QF_BV/20221012-MCMPC/sugarbeets/sugarbeets.t1.i26.d864a932.smt2,396.278,3088,874944,成功
/pub/data/jiafq/iscas/Parser_Comparison/../benchmarks/part5/non-incremental/QF_BV/20221012-MCMPC/sugarbeets/sugarbeets.t1.i28.2453f50c.smt2,226.703,2112,438769,成功
/pub/data/jiafq/iscas/Parser_Comparison/../benchmarks/part5/non-incremental/QF_BV/20221012-MCMPC/sugarbeets/sugarbeets.t1.i28.268822af.smt2,230.296,2112,438769,成功
/pub/data/jiafq/iscas/Parser_Comparison/../benchmarks/part5/non-incremental/QF_BV/20221012-MCMPC/sugarbeets/sugarbeets.t1.i28.3d7241c4.smt2,225.586,2112,438769,成功
/pub/data/jiafq/iscas/Parser_Comparison/../benchmarks/part5/non-incremental/QF_BV/20221012-MCMPC/sugarbeets/sugarbeets.t1.i28.49e063b3.smt2,169.114,1848,293340,成功
/pub/data/jiafq/iscas/Parser_Comparison/../benchmarks/part5/non-incremental/QF_BV/20221012-MCMPC/sugarbeets/sugarbeets.t1.i28.4e604b93.smt2,169.218,1848,293340,成功
/pub/data/jiafq/iscas/Parser_Comparison/../benchmarks/part5/non-incremental/QF_BV/20221012-MCMPC/sugarbeets/sugarbeets.t1.i28.565dcb27.smt2,224.602,2112,438769,成功
/pub/data/jiafq/iscas/Parser_Comparison/../benchmarks/part5/non-incremental/QF_BV/20221012-MCMPC/sugarbeets/sugarbeets.t1.i28.56b121e2.smt2,284.054,2904,584198,成功
/pub/data/jiafq/iscas/Parser_Comparison/../benchmarks/part5/non-incremental/QF_BV/20221012-MCMPC/sugarbeets/sugarbeets.t1.i28.5d0f57b5.smt2,110.137,1584,147911,成功
/pub/data/jiafq/iscas/Parser_Comparison/../benchmarks/part5/non-incremental/QF_BV/20221012-MCMPC/sugarbeets/sugarbeets.t1.i28.63ca18bd.smt2,170.134,1848,293340,成功
/pub/data/jiafq/iscas/Parser_Comparison/../benchmarks/part5/non-incremental/QF_BV/20221012-MCMPC/sugarbeets/sugarbeets.t1.i28.6969f59d.smt2,168.203,1848,293340,成功
/pub/data/jiafq/iscas/Parser_Comparison/../benchmarks/part5/non-incremental/QF_BV/20221012-MCMPC/sugarbeets/sugarbeets.t1.i28.7c941206.smt2,225.32,2112,438769,成功
/pub/data/jiafq/iscas/Parser_Comparison/../benchmarks/part5/non-incremental/QF_BV/20221012-MCMPC/sugarbeets/sugarbeets.t1.i28.7ccedf5f.smt2,167.234,1848,293340,成功
/pub/data/jiafq/iscas/Parser_Comparison/../benchmarks/part5/non-incremental/QF_BV/20221012-MCMPC/sugarbeets/sugarbeets.t1.i28.84ce64ca.smt2,228.567,2112,438769,成功
/pub/data/jiafq/iscas/Parser_Comparison/../benchmarks/part5/non-incremental/QF_BV/20221012-MCMPC/sugarbeets/sugarbeets.t1.i28.909ff7fd.smt2,226.999,2112,438769,成功
/pub/data/jiafq/iscas/Parser_Comparison/../benchmarks/part5/non-incremental/QF_BV/20221012-MCMPC/sugarbeets/sugarbeets.t1.i28.9732d7bb.smt2,286.957,2904,584198,成功
/pub/data/jiafq/iscas/Parser_Comparison/../benchmarks/part5/non-incremental/QF_BV/20221012-MCMPC/sugarbeets/sugarbeets.t1.i28.ad957543.smt2,339.648,3096,729627,成功
/pub/data/jiafq/iscas/Parser_Comparison/../benchmarks/part5/non-incremental/QF_BV/20221012-MCMPC/sugarbeets/sugarbeets.t1.i28.cbb92c5a.smt2,180.996,1848,293340,成功
/pub/data/jiafq/iscas/Parser_Comparison/../benchmarks/part5/non-incremental/QF_BV/20221012-MCMPC/sugarbeets/sugarbeets.t1.i28.ce56c119.smt2,168.795,1848,293340,成功
/pub/data/jiafq/iscas/Parser_Comparison/../benchmarks/part5/non-incremental/QF_BV/20221012-MCMPC/sugarbeets/sugarbeets.t1.i28.d1880023.smt2,287.035,2904,584198,成功
/pub/data/jiafq/iscas/Parser_Comparison/../benchmarks/part5/non-incremental/QF_BV/20221012-MCMPC/sugarbeets/sugarbeets.t1.i28.dd9411a1.smt2,284.371,2904,584198,成功
/pub/data/jiafq/iscas/Parser_Comparison/../benchmarks/part5/non-incremental/QF_BV/20221012-MCMPC/wage/wage.t1.i19.320ba106.smt2,29.0234,528,1495,成功
/pub/data/jiafq/iscas/Parser_Comparison/../benchmarks/part5/non-incremental/QF_BV/20221012-MCMPC/wage/wage.t1.i19.8a8974b0.smt2,32.7022,528,1699,成功
/pub/data/jiafq/iscas/Parser_Comparison/../benchmarks/part5/non-incremental/QF_BV/20221012-MCMPC/wage/wage.t1.i19.a912c9b3.smt2,29.1741,528,1461,成功
/pub/data/jiafq/iscas/Parser_Comparison/../benchmarks/part5/non-incremental/QF_BV/20221012-MCMPC/wage/wage.t1.i19.d8160104.smt2,30.6578,528,1563,成功
/pub/data/jiafq/iscas/Parser_Comparison/../benchmarks/part5/non-incremental/QF_BV/20221012-MCMPC/wage/wage.t1.i19.e31897d0.smt2,35.45,528,1869,成功
/pub/data/jiafq/iscas/Parser_Comparison/../benchmarks/part5/non-incremental/QF_BV/20221012-MCMPC/wage/wage.t1.i19.eb2ac9dd.smt2,31.024,528,1597,成功
/pub/data/jiafq/iscas/Parser_Comparison/../benchmarks/part5/non-incremental/QF_BV/20221012-MCMPC/wage/wage.t1.i20.0f394767.smt2,28.7459,528,1443,成功
/pub/data/jiafq/iscas/Parser_Comparison/../benchmarks/part5/non-incremental/QF_BV/20221012-MCMPC/wage/wage.t1.i20.6194b1cc.smt2,28.9319,528,1477,成功
/pub/data/jiafq/iscas/Parser_Comparison/../benchmarks/part5/non-incremental/QF_BV/20221012-MCMPC/wage/wage.t1.i20.8050dd2d.smt2,29.6597,528,1511,成功
/pub/data/jiafq/iscas/Parser_Comparison/../benchmarks/part5/non-incremental/QF_BV/20221012-MCMPC/wage/wage.t1.i20.8d974c38.smt2,35.4116,528,1851,成功
/pub/data/jiafq/iscas/Parser_Comparison/../benchmarks/part5/non-incremental/QF_BV/20221012-MCMPC/wage/wage.t1.i20.a0a560e6.smt2,29.0909,528,1477,成功
/pub/data/jiafq/iscas/Parser_Comparison/../benchmarks/part5/non-incremental/QF_BV/20221012-MCMPC/wage/wage.t1.i20.a4770ee9.smt2,30.2107,528,1545,成功
/pub/data/jiafq/iscas/Parser_Comparison/../benchmarks/part5/non-incremental/QF_BV/20221012-MCMPC/wage/wage.t1.i20.d93eb595.smt2,32.656,528,1681,成功
/pub/data/jiafq/iscas/Parser_Comparison/../benchmarks/part5/non-incremental/QF_BV/20221012-MCMPC/wage/wage.t1.i20.fd3b5f0a.smt2,28.4138,528,1443,成功
/pub/data/jiafq/iscas/Parser_Comparison/../benchmarks/part5/non-incremental/QF_BV/20221012-MCMPC/wage/wage.t1.i21.1ecaad72.smt2,34.013,528,1765,成功
/pub/data/jiafq/iscas/Parser_Comparison/../benchmarks/part5/non-incremental/QF_BV/20221012-MCMPC/wage/wage.t1.i21.4075c892.smt2,30.0999,528,1527,成功
/pub/data/jiafq/iscas/Parser_Comparison/../benchmarks/part5/non-incremental/QF_BV/20221012-MCMPC/wage/wage.t1.i21.47ab1469.smt2,35.8837,528,1867,成功
/pub/data/jiafq/iscas/Parser_Comparison/../benchmarks/part5/non-incremental/QF_BV/20221012-MCMPC/wage/wage.t1.i21.576ed537.smt2,28.3096,528,1425,成功
/pub/data/jiafq/iscas/Parser_Comparison/../benchmarks/part5/non-incremental/QF_BV/20221012-MCMPC/wage/wage.t1.i21.5af310b3.smt2,35.949,528,1833,成功
/pub/data/jiafq/iscas/Parser_Comparison/../benchmarks/part5/non-incremental/QF_BV/20221012-MCMPC/wage/wage.t1.i21.5c36415e.smt2,29.1877,528,1459,成功
/pub/data/jiafq/iscas/Parser_Comparison/../benchmarks/part5/non-incremental/QF_BV/20221012-MCMPC/wage/wage.t1.i21.62329da1.smt2,29.0246,528,1459,成功
/pub/data/jiafq/iscas/Parser_Comparison/../benchmarks/part5/non-incremental/QF_BV/20221012-MCMPC/wage/wage.t1.i21.8ae1f809.smt2,34.3084,528,1799,成功
/pub/data/jiafq/iscas/Parser_Comparison/../benchmarks/part5/non-incremental/QF_BV/20221012-MCMPC/wage/wage.t1.i21.dfdbc36a.smt2,29.4583,528,1493,成功
/pub/data/jiafq/iscas/Parser_Comparison/../benchmarks/part5/non-incremental/QF_BV/20221012-MCMPC/wage/wage.t1.i22.46085b91.smt2,28.6498,528,1441,成功
/pub/data/jiafq/iscas/Parser_Comparison/../benchmarks/part5/non-incremental/QF_BV/20221012-MCMPC/wage/wage.t1.i22.5631d17e.smt2,28.352,528,1407,成功
/pub/data/jiafq/iscas/Parser_Comparison/../benchmarks/part5/non-incremental/QF_BV/20221012-MCMPC/wage/wage.t1.i22.748532d9.smt2,28.7802,528,1441,成功
/pub/data/jiafq/iscas/Parser_Comparison/../benchmarks/part5/non-incremental/QF_BV/20221012-MCMPC/wage/wage.t1.i22.775c47cf.smt2,35.2581,528,1849,成功
/pub/data/jiafq/iscas/Parser_Comparison/../benchmarks/part5/non-incremental/QF_BV/20221012-MCMPC/wage/wage.t1.i22.78ef6ae1.smt2,33.3948,528,1747,成功
/pub/data/jiafq/iscas/Parser_Comparison/../benchmarks/part5/non-incremental/QF_BV/20221012-MCMPC/wage/wage.t1.i22.971de37d.smt2,27.3147,528,1373,成功
/pub/data/jiafq/iscas/Parser_Comparison/../benchmarks/part5/non-incremental/QF_BV/20221012-MCMPC/wage/wage.t1.i22.9e528a42.smt2,35.4443,528,1883,成功
/pub/data/jiafq/iscas/Parser_Comparison/../benchmarks/part5/non-incremental/QF_BV/20221012-MCMPC/wage/wage.t1.i22.a7aca6b7.smt2,33.4888,528,1713,成功
/pub/data/jiafq/iscas/Parser_Comparison/../benchmarks/part5/non-incremental/QF_BV/20221012-MCMPC/wage/wage.t1.i22.be98c565.smt2,27.6833,528,1407,成功
/pub/data/jiafq/iscas/Parser_Comparison/../benchmarks/part5/non-incremental/QF_BV/20221012-MCMPC/wage/wage.t1.i22.c7eccf5e.smt2,34.9245,528,1815,成功
/pub/data/jiafq/iscas/Parser_Comparison/../benchmarks/part5/non-incremental/QF_BV/20221012-MCMPC/wage/wage.t1.i23.2aa1d464.smt2,35.6634,528,1865,成功
/pub/data/jiafq/iscas/Parser_Comparison/../benchmarks/part5/non-incremental/QF_BV/20221012-MCMPC/wage/wage.t1.i23.366ad3e1.smt2,28.3382,528,1423,成功
/pub/data/jiafq/iscas/Parser_Comparison/../benchmarks/part5/non-incremental/QF_BV/20221012-MCMPC/wage/wage.t1.i23.55521740.smt2,34.3354,528,1763,成功
/pub/data/jiafq/iscas/Parser_Comparison/../benchmarks/part5/non-incremental/QF_BV/20221012-MCMPC/wage/wage.t1.i23.5f8fe7b3.smt2,33.2441,528,1695,成功
/pub/data/jiafq/iscas/Parser_Comparison/../benchmarks/part5/non-incremental/QF_BV/20221012-MCMPC/wage/wage.t1.i23.6ac95207.smt2,35.7907,528,1865,成功
/pub/data/jiafq/iscas/Parser_Comparison/../benchmarks/part5/non-incremental/QF_BV/20221012-MCMPC/wage/wage.t1.i23.6b23f136.smt2,33.7114,528,1729,成功
/pub/data/jiafq/iscas/Parser_Comparison/../benchmarks/part5/non-incremental/QF_BV/20221012-MCMPC/wage/wage.t1.i23.82bcbab5.smt2,34.6155,528,1797,成功
/pub/data/jiafq/iscas/Parser_Comparison/../benchmarks/part5/non-incremental/QF_BV/20221012-MCMPC/wage/wage.t1.i23.8a826c8d.smt2,34.6034,528,1797,成功
/pub/data/jiafq/iscas/Parser_Comparison/../benchmarks/part5/non-incremental/QF_BV/20221012-MCMPC/wage/wage.t1.i23.a3bd02e8.smt2,32.0046,528,1661,成功
/pub/data/jiafq/iscas/Parser_Comparison/../benchmarks/part5/non-incremental/QF_BV/20221012-MCMPC/wage/wage.t1.i23.c0819542.smt2,34.4374,528,1797,成功
/pub/data/jiafq/iscas/Parser_Comparison/../benchmarks/part5/non-incremental/QF_BV/20221012-MCMPC/wage/wage.t1.i23.c3f06f5f.smt2,32.7547,528,1695,成功
/pub/data/jiafq/iscas/Parser_Comparison/../benchmarks/part5/non-incremental/QF_BV/20221012-MCMPC/wage/wage.t1.i23.cc063847.smt2,31.5959,528,1627,成功
/pub/data/jiafq/iscas/Parser_Comparison/../benchmarks/part5/non-incremental/QF_BV/20221012-MCMPC/wage/wage.t1.i23.cff874ab.smt2,32.2948,528,1661,成功
/pub/data/jiafq/iscas/Parser_Comparison/../benchmarks/part5/non-incremental/QF_BV/20221012-MCMPC/wage/wage.t1.i23.e53903af.smt2,34.0509,528,1763,成功
/pub/data/jiafq/iscas/Parser_Comparison/../benchmarks/part5/non-incremental/QF_BV/20221012-MCMPC/wage/wage.t1.i23.fc029c7c.smt2,34.9314,528,1831,成功
/pub/data/jiafq/iscas/Parser_Comparison/../benchmarks/part5/non-incremental/QF_BV/20221012-MCMPC/wage/wage.t1.i23.ff12d0be.smt2,35.1317,528,1831,成功
/pub/data/jiafq/iscas/Parser_Comparison/../benchmarks/part5/non-incremental/QF_BV/20221012-MCMPC/wage/wage.t1.i24.020578bc.smt2,27.4684,528,1371,成功
/pub/data/jiafq/iscas/Parser_Comparison/../benchmarks/part5/non-incremental/QF_BV/20221012-MCMPC/wage/wage.t1.i24.4e04e14e.smt2,33.6437,528,1711,成功
/pub/data/jiafq/iscas/Parser_Comparison/../benchmarks/part5/non-incremental/QF_BV/20221012-MCMPC/wage/wage.t1.i24.8a3d8572.smt2,33.756,528,1745,成功
/pub/data/jiafq/iscas/Parser_Comparison/../benchmarks/part5/non-incremental/QF_BV/20221012-MCMPC/wage/wage.t1.i24.d8d2163c.smt2,28.8327,528,1439,成功
/pub/data/jiafq/iscas/Parser_Comparison/../benchmarks/part5/non-incremental/QF_BV/20221012-MCMPC/wage/wage.t1.i24.d9725c6f.smt2,29.4747,528,1473,成功
/pub/data/jiafq/iscas/Parser_Comparison/../benchmarks/part5/non-incremental/QF_BV/20221012-MCMPC/wage/wage.t1.i24.dccfaab9.smt2,31.7776,528,1609,成功
/pub/data/jiafq/iscas/Parser_Comparison/../benchmarks/part5/non-incremental/QF_BV/20221012-MCMPC/wage/wage.t1.i24.de0d79b6.smt2,34.7724,528,1779,成功
/pub/data/jiafq/iscas/Parser_Comparison/../benchmarks/part5/non-incremental/QF_BV/20221012-MCMPC/wage/wage.t1.i25.15b9cb80.smt2,32.4357,528,1659,成功
/pub/data/jiafq/iscas/Parser_Comparison/../benchmarks/part5/non-incremental/QF_BV/20221012-MCMPC/wage/wage.t1.i25.a26da046.smt2,32.1167,528,1625,成功
/pub/data/jiafq/iscas/Parser_Comparison/../benchmarks/part5/non-incremental/QF_BV/20221012-MCMPC/wage/wage.t1.i26.2d0fc94c.smt2,33.2553,528,1709,成功
/pub/data/jiafq/iscas/Parser_Comparison/../benchmarks/part5/non-incremental/QF_BV/20221012-MCMPC/wage/wage.t1.i26.b7711f6d.smt2,31.8747,528,1641,成功
/pub/data/jiafq/iscas/Parser_Comparison/../benchmarks/part5/non-incremental/QF_BV/20221012-MCMPC/wage/wage.t1.i26.d48c78f7.smt2,33.6323,528,1743,成功
/pub/data/jiafq/iscas/Parser_Comparison/../benchmarks/part5/non-incremental/QF_BV/20221012-MCMPC/wage/wage.t1.i26.f50db0a9.smt2,31.6458,528,1607,成功
/pub/data/jiafq/iscas/Parser_Comparison/../benchmarks/part5/non-incremental/QF_BV/20221012-MCMPC/wage/wage.t1.i26.f6fe647e.smt2,32.9802,528,1675,成功
/pub/data/jiafq/iscas/Parser_Comparison/../benchmarks/part5/non-incremental/QF_BV/20221012-MCMPC/wage/wage.t1.i27.13610d95.smt2,28.6357,528,1419,成功
/pub/data/jiafq/iscas/Parser_Comparison/../benchmarks/part5/non-incremental/QF_BV/20221012-MCMPC/wage/wage.t1.i27.181f4ff5.smt2,28.5585,528,1419,成功
/pub/data/jiafq/iscas/Parser_Comparison/../benchmarks/part5/non-incremental/QF_BV/20221012-MCMPC/wage/wage.t1.i27.208ed6f1.smt2,29.0318,528,1453,成功
/pub/data/jiafq/iscas/Parser_Comparison/../benchmarks/part5/non-incremental/QF_BV/20221012-MCMPC/wage/wage.t1.i27.2092e124.smt2,31.9335,528,1623,成功
/pub/data/jiafq/iscas/Parser_Comparison/../benchmarks/part5/non-incremental/QF_BV/20221012-MCMPC/wage/wage.t1.i27.a75936f2.smt2,27.6721,528,1351,成功
/pub/data/jiafq/iscas/Parser_Comparison/../benchmarks/part5/non-incremental/QF_BV/20221012-MCMPC/wage/wage.t1.i27.da7f7dca.smt2,27.7932,528,1385,成功
/pub/data/jiafq/iscas/Parser_Comparison/../benchmarks/part5/non-incremental/QF_BV/20221012-MCMPC/wage/wage.t1.i27.f3db1761.smt2,29.1946,528,1453,成功
/pub/data/jiafq/iscas/Parser_Comparison/../benchmarks/part5/non-incremental/QF_BV/20221012-MCMPC/wage/wage.t1.i28.01c9b0ed.smt2,31.9643,528,1605,成功
/pub/data/jiafq/iscas/Parser_Comparison/../benchmarks/part5/non-incremental/QF_BV/20221012-MCMPC/wage/wage.t1.i28.0317f095.smt2,33.0818,528,1673,成功
/pub/data/jiafq/iscas/Parser_Comparison/../benchmarks/part5/non-incremental/QF_BV/20221012-MCMPC/wage/wage.t1.i28.1dbca1d6.smt2,34.2925,528,1775,成功
/pub/data/jiafq/iscas/Parser_Comparison/../benchmarks/part5/non-incremental/QF_BV/20221012-MCMPC/wage/wage.t1.i28.366f39c4.smt2,32.362,528,1639,成功
/pub/data/jiafq/iscas/Parser_Comparison/../benchmarks/part5/non-incremental/QF_BV/20221012-MCMPC/wage/wage.t1.i28.37491d3f.smt2,33.9899,528,1741,成功
/pub/data/jiafq/iscas/Parser_Comparison/../benchmarks/part5/non-incremental/QF_BV/20221012-MCMPC/wage/wage.t1.i28.569f8926.smt2,34.2607,528,1741,成功
/pub/data/jiafq/iscas/Parser_Comparison/../benchmarks/part5/non-incremental/QF_BV/20221012-MCMPC/wage/wage.t1.i28.5c7734e7.smt2,32.0642,528,1605,成功
/pub/data/jiafq/iscas/Parser_Comparison/../benchmarks/part5/non-incremental/QF_BV/20221012-MCMPC/wage/wage.t1.i28.5d9d19e5.smt2,33.2139,528,1673,成功
/pub/data/jiafq/iscas/Parser_Comparison/../benchmarks/part5/non-incremental/QF_BV/20221012-MCMPC/wage/wage.t1.i28.62da385b.smt2,28.8424,528,1435,成功
/pub/data/jiafq/iscas/Parser_Comparison/../benchmarks/part5/non-incremental/QF_BV/20221012-MCMPC/wage/wage.t1.i28.683dfd05.smt2,30.8206,528,1537,成功
/pub/data/jiafq/iscas/Parser_Comparison/../benchmarks/part5/non-incremental/QF_BV/20221012-MCMPC/wage/wage.t1.i28.689f1d37.smt2,32.3031,528,1639,成功
/pub/data/jiafq/iscas/Parser_Comparison/../benchmarks/part5/non-incremental/QF_BV/20221012-MCMPC/wage/wage.t1.i28.7d7224d6.smt2,29.7179,528,1469,成功
/pub/data/jiafq/iscas/Parser_Comparison/../benchmarks/part5/non-incremental/QF_BV/20221012-MCMPC/wage/wage.t1.i28.8022b4a7.smt2,28.3525,528,1401,成功
/pub/data/jiafq/iscas/Parser_Comparison/../benchmarks/part5/non-incremental/QF_BV/20221012-MCMPC/wage/wage.t1.i28.88c768be.smt2,30.7083,528,1503,成功
/pub/data/jiafq/iscas/Parser_Comparison/../benchmarks/part5/non-incremental/QF_BV/20221012-MCMPC/wage/wage.t1.i28.9231ca51.smt2,31.4121,528,1571,成功
/pub/data/jiafq/iscas/Parser_Comparison/../benchmarks/part5/non-incremental/QF_BV/20221012-MCMPC/wage/wage.t1.i28.9a8f0d66.smt2,29.3915,528,1469,成功
/pub/data/jiafq/iscas/Parser_Comparison/../benchmarks/part5/non-incremental/QF_BV/20221012-MCMPC/wage/wage.t1.i28.abff708a.smt2,30.0381,528,1469,成功
/pub/data/jiafq/iscas/Parser_Comparison/../benchmarks/part5/non-incremental/QF_BV/20221012-MCMPC/wage/wage.t1.i28.b62657ea.smt2,32.2273,528,1639,成功
/pub/data/jiafq/iscas/Parser_Comparison/../benchmarks/part5/non-incremental/QF_BV/20221012-MCMPC/wage/wage.t1.i28.c47e5181.smt2,34.8282,528,1809,成功
/pub/data/jiafq/iscas/Parser_Comparison/../benchmarks/part5/non-incremental/QF_BV/20221012-MCMPC/wage/wage.t1.i28.d4528a84.smt2,33.4857,528,1707,成功
/pub/data/jiafq/iscas/Parser_Comparison/../benchmarks/part5/non-incremental/QF_BV/20221012-MCMPC/wage/wage.t1.i28.db661843.smt2,33.591,528,1707,成功
/pub/data/jiafq/iscas/Parser_Comparison/../benchmarks/part5/non-incremental/QF_BV/20221012-MCMPC/wage/wage.t1.i28.dc01d222.smt2,30.0086,528,1503,成功
/pub/data/jiafq/iscas/Parser_Comparison/../benchmarks/part5/non-incremental/QF_BV/20221012-MCMPC/wage/wage.t1.i28.e912e377.smt2,28.6427,528,1435,成功
/pub/data/jiafq/iscas/Parser_Comparison/../benchmarks/part5/non-incremental/QF_BV/20221012-MCMPC/wage/wage.t1.i28.ed800140.smt2,31.0631,528,1571,成功
/pub/data/jiafq/iscas/Parser_Comparison/../benchmarks/part5/non-incremental/QF_BV/20221012-MCMPC/wage/wage.t1.i28.f2260554.smt2,30.6873,528,1537,成功
/pub/data/jiafq/iscas/Parser_Comparison/../benchmarks/part5/non-incremental/QF_BV/20221012-MCMPC/wage/wage.t1.i29.20e256f6.smt2,30.4813,528,1519,成功
/pub/data/jiafq/iscas/Parser_Comparison/../benchmarks/part5/non-incremental/QF_BV/20221012-MCMPC/wage/wage.t1.i29.286317e1.smt2,31.7085,528,1587,成功
/pub/data/jiafq/iscas/Parser_Comparison/../benchmarks/part5/non-incremental/QF_BV/20221012-MCMPC/wage/wage.t1.i29.36061249.smt2,27.5707,528,1349,成功
/pub/data/jiafq/iscas/Parser_Comparison/../benchmarks/part5/non-incremental/QF_BV/20221012-MCMPC/wage/wage.t1.i29.36111b13.smt2,31.9259,528,1621,成功
/pub/data/jiafq/iscas/Parser_Comparison/../benchmarks/part5/non-incremental/QF_BV/20221012-MCMPC/wage/wage.t1.i29.42f73863.smt2,28.8885,528,1417,成功
/pub/data/jiafq/iscas/Parser_Comparison/../benchmarks/part5/non-incremental/QF_BV/20221012-MCMPC/wage/wage.t1.i29.4d588ada.smt2,31.5592,528,1587,成功
/pub/data/jiafq/iscas/Parser_Comparison/../benchmarks/part5/non-incremental/QF_BV/20221012-MCMPC/wage/wage.t1.i29.70b9af38.smt2,28.9156,528,1417,成功
/pub/data/jiafq/iscas/Parser_Comparison/../benchmarks/part5/non-incremental/QF_BV/20221012-MCMPC/wage/wage.t1.i29.99232da4.smt2,32.3057,528,1621,成功
/pub/data/jiafq/iscas/Parser_Comparison/../benchmarks/part5/non-incremental/QF_BV/20221012-MCMPC/wage/wage.t1.i29.a867371e.smt2,28.3959,528,1383,成功
/pub/data/jiafq/iscas/Parser_Comparison/../benchmarks/part5/non-incremental/QF_BV/20221012-MCMPC/wage/wage.t1.i29.bd2bd771.smt2,31.0681,528,1553,成功
/pub/data/jiafq/iscas/Parser_Comparison/../benchmarks/part5/non-incremental/QF_BV/20221012-MCMPC/wage/wage.t1.i29.e0d1f96e.smt2,32.6068,528,1553,成功
/pub/data/jiafq/iscas/Parser_Comparison/../benchmarks/part5/non-incremental/QF_BV/20221012-MCMPC/wage/wage.t1.i30.08d39793.smt2,27.3342,528,1297,成功
/pub/data/jiafq/iscas/Parser_Comparison/../benchmarks/part5/non-incremental/QF_BV/20221012-MCMPC/wage/wage.t1.i30.0923cc8e.smt2,28.6322,528,1399,成功
/pub/data/jiafq/iscas/Parser_Comparison/../benchmarks/part5/non-incremental/QF_BV/20221012-MCMPC/wage/wage.t1.i30.21bbfe0e.smt2,27.5891,528,1331,成功
/pub/data/jiafq/iscas/Parser_Comparison/../benchmarks/part5/non-incremental/QF_BV/20221012-MCMPC/wage/wage.t1.i30.21e6772d.smt2,28.1243,528,1365,成功
/pub/data/jiafq/iscas/Parser_Comparison/../benchmarks/part5/non-incremental/QF_BV/20221012-MCMPC/wage/wage.t1.i30.7abb213e.smt2,28.6214,528,1365,成功
/pub/data/jiafq/iscas/Parser_Comparison/../benchmarks/part5/non-incremental/QF_BV/20221012-MCMPC/wage/wage.t1.i30.cadd381d.smt2,28.5354,528,1399,成功
/pub/data/jiafq/iscas/Parser_Comparison/../benchmarks/part5/non-incremental/QF_BV/20221012-MCMPC/wage/wage.t1.i30.f2b70e65.smt2,27.1137,528,1331,成功
/pub/data/jiafq/iscas/Parser_Comparison/../benchmarks/part5/non-incremental/QF_BV/20221012-MCMPC/wage/wage.t1.i30.f4ed9e56.smt2,27.9386,528,1365,成功
/pub/data/jiafq/iscas/Parser_Comparison/../benchmarks/part5/non-incremental/QF_BV/20221012-MCMPC/wage/wage.t1.i31.11c740d6.smt2,29.6562,528,1449,成功
/pub/data/jiafq/iscas/Parser_Comparison/../benchmarks/part5/non-incremental/QF_BV/20221012-MCMPC/wage/wage.t1.i31.7a59af33.smt2,29.0883,528,1415,成功
/pub/data/jiafq/iscas/Parser_Comparison/../benchmarks/part5/non-incremental/QF_BV/20221012-MCMPC/wage/wage.t1.i31.93c2c8c5.smt2,28.372,528,1381,成功
/pub/data/jiafq/iscas/Parser_Comparison/../benchmarks/part5/non-incremental/QF_BV/20221012-MCMPC/wage/wage.t1.i31.9ce6bcdd.smt2,29.7294,528,1483,成功
/pub/data/jiafq/iscas/Parser_Comparison/../benchmarks/part5/non-incremental/QF_BV/20221012-MCMPC/wage/wage.t1.i32.0b938728.smt2,26.7725,528,1295,成功
/pub/data/jiafq/iscas/Parser_Comparison/../benchmarks/part5/non-incremental/QF_BV/20221012-MCMPC/wage/wage.t1.i32.60de153b.smt2,28.6622,528,1397,成功
/pub/data/jiafq/iscas/Parser_Comparison/../benchmarks/part5/non-incremental/QF_BV/20221012-MCMPC/wage/wage.t1.i32.62e3104d.smt2,27.684,528,1329,成功
/pub/data/jiafq/iscas/Parser_Comparison/../benchmarks/part5/non-incremental/QF_BV/20221012-MCMPC/wage/wage.t1.i32.63618220.smt2,26.6116,528,1261,成功
/pub/data/jiafq/iscas/Parser_Comparison/../benchmarks/part5/non-incremental/QF_BV/20221012-MCMPC/wage/wage.t1.i32.82f31d16.smt2,25.8076,528,1227,成功
/pub/data/jiafq/iscas/Parser_Comparison/../benchmarks/part5/non-incremental/QF_BV/20221012-MCMPC/wage/wage.t1.i32.bbcf072f.smt2,25.2066,528,1193,成功
/pub/data/jiafq/iscas/Parser_Comparison/../benchmarks/part5/non-incremental/QF_BV/20221012-MCMPC/wage/wage.t1.i32.c060a971.smt2,29.247,528,1431,成功
/pub/data/jiafq/iscas/Parser_Comparison/../benchmarks/part5/non-incremental/QF_BV/20221012-MCMPC/wage/wage.t1.i32.ca140ee6.smt2,28.0123,528,1363,成功
/pub/data/jiafq/iscas/Parser_Comparison/../benchmarks/part5/non-incremental/QF_BV/20221012-MCMPC/wage/wage.t1.i32.f4501912.smt2,29.5947,528,1465,成功
/pub/data/jiafq/iscas/Parser_Comparison/../benchmarks/part5/non-incremental/QF_BV/20221012-MCMPC/wage/wage.t1.i33.1f0f7856.smt2,27.2777,528,1311,成功
/pub/data/jiafq/iscas/Parser_Comparison/../benchmarks/part5/non-incremental/QF_BV/20221012-MCMPC/wage/wage.t1.i33.295ac35f.smt2,28.2192,528,1379,成功
/pub/data/jiafq/iscas/Parser_Comparison/../benchmarks/part5/non-incremental/QF_BV/20221012-MCMPC/wage/wage.t1.i33.41fcbfc9.smt2,27.2546,528,1311,成功
/pub/data/jiafq/iscas/Parser_Comparison/../benchmarks/part5/non-incremental/QF_BV/20221012-MCMPC/wage/wage.t1.i33.5187b4ea.smt2,30.391,528,1515,成功
/pub/data/jiafq/iscas/Parser_Comparison/../benchmarks/part5/non-incremental/QF_BV/20221012-MCMPC/wage/wage.t1.i33.5dda2632.smt2,28.4631,528,1379,成功
/pub/data/jiafq/iscas/Parser_Comparison/../benchmarks/part5/non-incremental/QF_BV/20221012-MCMPC/wage/wage.t1.i33.63b1a2c8.smt2,29.4855,528,1447,成功
/pub/data/jiafq/iscas/Parser_Comparison/../benchmarks/part5/non-incremental/QF_BV/20221012-MCMPC/wage/wage.t1.i33.651d6b0a.smt2,31.0137,528,1549,成功
/pub/data/jiafq/iscas/Parser_Comparison/../benchmarks/part5/non-incremental/QF_BV/20221012-MCMPC/wage/wage.t1.i33.6c057fee.smt2,26.4742,528,1277,成功
/pub/data/jiafq/iscas/Parser_Comparison/../benchmarks/part5/non-incremental/QF_BV/20221012-MCMPC/wage/wage.t1.i33.9cf01bcb.smt2,30.3063,528,1481,成功
/pub/data/jiafq/iscas/Parser_Comparison/../benchmarks/part5/non-incremental/QF_BV/20221012-MCMPC/wage/wage.t1.i33.a7b47824.smt2,29.146,528,1413,成功
/pub/data/jiafq/iscas/Parser_Comparison/../benchmarks/part5/non-incremental/QF_BV/20221012-MCMPC/wage/wage.t1.i33.a9808dfd.smt2,28.7197,528,1379,成功
/pub/data/jiafq/iscas/Parser_Comparison/../benchmarks/part5/non-incremental/QF_BV/20221012-MCMPC/wage/wage.t1.i33.af97efe4.smt2,27.8351,528,1345,成功
/pub/data/jiafq/iscas/Parser_Comparison/../benchmarks/part5/non-incremental/QF_BV/20221012-MCMPC/wage/wage.t1.i33.c070befe.smt2,27.5807,528,1345,成功
/pub/data/jiafq/iscas/Parser_Comparison/../benchmarks/part5/non-incremental/QF_BV/20221012-MCMPC/wage/wage.t1.i33.e282d06f.smt2,25.0058,528,1175,成功
/pub/data/jiafq/iscas/Parser_Comparison/../benchmarks/part5/non-incremental/QF_BV/20221012-MCMPC/wage/wage.t1.i33.e46d8e71.smt2,27.7507,528,1345,成功
/pub/data/jiafq/iscas/Parser_Comparison/../benchmarks/part5/non-incremental/QF_BV/20221012-MCMPC/wage/wage.t1.i33.e785274c.smt2,26.3004,528,1243,成功
/pub/data/jiafq/iscas/Parser_Comparison/../benchmarks/part5/non-incremental/QF_BV/20221012-MCMPC/wage/wage.t1.i33.e8cd10b3.smt2,28.4445,528,1379,成功
/pub/data/jiafq/iscas/Parser_Comparison/../benchmarks/part5/non-incremental/QF_BV/20221012-MCMPC/wage/wage.t1.i34.267214d5.smt2,30.4458,528,1497,成功
/pub/data/jiafq/iscas/Parser_Comparison/../benchmarks/part5/non-incremental/QF_BV/20221012-MCMPC/wage/wage.t1.i34.6249658c.smt2,29.9385,528,1463,成功
/pub/data/jiafq/iscas/Parser_Comparison/../benchmarks/part5/non-incremental/QF_BV/20221012-MCMPC/wage/wage.t1.i34.65ba564a.smt2,29.5444,528,1429,成功
/pub/data/jiafq/iscas/Parser_Comparison/../benchmarks/part5/non-incremental/QF_BV/20221012-MCMPC/wage/wage.t1.i34.6fe58b1d.smt2,28.1255,528,1361,成功
/pub/data/jiafq/iscas/Parser_Comparison/../benchmarks/part5/non-incremental/QF_BV/20221012-MCMPC/wage/wage.t1.i34.7a4f2c1f.smt2,30.8185,528,1531,成功
/pub/data/jiafq/iscas/Parser_Comparison/../benchmarks/part5/non-incremental/QF_BV/20221012-MCMPC/wage/wage.t1.i34.c1fdbdab.smt2,31.7221,528,1599,成功
/pub/data/jiafq/iscas/Parser_Comparison/../benchmarks/part5/non-incremental/QF_BV/20221012-MCMPC/wage/wage.t1.i34.ca1fcc9e.smt2,28.6179,528,1361,成功
/pub/data/jiafq/iscas/Parser_Comparison/../benchmarks/part5/non-incremental/QF_BV/20221012-MCMPC/wage/wage.t1.i34.d38093f4.smt2,27.8976,528,1327,成功
/pub/data/jiafq/iscas/Parser_Comparison/../benchmarks/part5/non-incremental/QF_BV/20221012-MCMPC/wage/wage.t1.i34.d7a9ad46.smt2,28.6958,528,1395,成功
/pub/data/jiafq/iscas/Parser_Comparison/../benchmarks/part5/non-incremental/QF_BV/20221012-MCMPC/wage/wage.t1.i34.de99a523.smt2,31.4343,528,1565,成功
/pub/data/jiafq/iscas/Parser_Comparison/../benchmarks/part5/non-incremental/QF_BV/20221012-MCMPC/wage/wage.t1.i34.f9d53c83.smt2,27.4305,528,1327,成功
/pub/data/jiafq/iscas/Parser_Comparison/../benchmarks/part5/non-incremental/QF_BV/20221012-MCMPC/wage/wage.t1.i35.05b272c1.smt2,28.0466,528,1343,成功
/pub/data/jiafq/iscas/Parser_Comparison/../benchmarks/part5/non-incremental/QF_BV/20221012-MCMPC/wage/wage.t1.i35.0dd5aaac.smt2,30.2141,528,1479,成功
/pub/data/jiafq/iscas/Parser_Comparison/../benchmarks/part5/non-incremental/QF_BV/20221012-MCMPC/wage/wage.t1.i35.2c2d76bc.smt2,30.4313,528,1513,成功
/pub/data/jiafq/iscas/Parser_Comparison/../benchmarks/part5/non-incremental/QF_BV/20221012-MCMPC/wage/wage.t1.i35.2d881e17.smt2,25.8911,528,1207,成功
/pub/data/jiafq/iscas/Parser_Comparison/../benchmarks/part5/non-incremental/QF_BV/20221012-MCMPC/wage/wage.t1.i35.2e6938ba.smt2,32.9847,528,1649,成功
/pub/data/jiafq/iscas/Parser_Comparison/../benchmarks/part5/non-incremental/QF_BV/20221012-MCMPC/wage/wage.t1.i35.302eb75e.smt2,34.0278,528,1717,成功
/pub/data/jiafq/iscas/Parser_Comparison/../benchmarks/part5/non-incremental/QF_BV/20221012-MCMPC/wage/wage.t1.i35.3f6d3079.smt2,27.2231,528,1309,成功
/pub/data/jiafq/iscas/Parser_Comparison/../benchmarks/part5/non-incremental/QF_BV/20221012-MCMPC/wage/wage.t1.i35.43de29fc.smt2,29.6941,528,1445,成功
/pub/data/jiafq/iscas/Parser_Comparison/../benchmarks/part5/non-incremental/QF_BV/20221012-MCMPC/wage/wage.t1.i35.4440d8a4.smt2,28.5053,528,1377,成功
/pub/data/jiafq/iscas/Parser_Comparison/../benchmarks/part5/non-incremental/QF_BV/20221012-MCMPC/wage/wage.t1.i35.57856d9b.smt2,32.4836,528,1615,成功
/pub/data/jiafq/iscas/Parser_Comparison/../benchmarks/part5/non-incremental/QF_BV/20221012-MCMPC/wage/wage.t1.i35.5a001a43.smt2,31.908,528,1581,成功
/pub/data/jiafq/iscas/Parser_Comparison/../benchmarks/part5/non-incremental/QF_BV/20221012-MCMPC/wage/wage.t1.i35.5ffe5447.smt2,26.6671,528,1275,成功
/pub/data/jiafq/iscas/Parser_Comparison/../benchmarks/part5/non-incremental/QF_BV/20221012-MCMPC/wage/wage.t1.i35.680e00f6.smt2,27.3757,528,1309,成功
/pub/data/jiafq/iscas/Parser_Comparison/../benchmarks/part5/non-incremental/QF_BV/20221012-MCMPC/wage/wage.t1.i35.74357208.smt2,27.3879,528,1309,成功
/pub/data/jiafq/iscas/Parser_Comparison/../benchmarks/part5/non-incremental/QF_BV/20221012-MCMPC/wage/wage.t1.i35.8040b0ca.smt2,31.6777,528,1547,成功
/pub/data/jiafq/iscas/Parser_Comparison/../benchmarks/part5/non-incremental/QF_BV/20221012-MCMPC/wage/wage.t1.i35.92900b74.smt2,28.0709,528,1343,成功
/pub/data/jiafq/iscas/Parser_Comparison/../benchmarks/part5/non-incremental/QF_BV/20221012-MCMPC/wage/wage.t1.i35.96e8c51c.smt2,28.7797,528,1377,成功
/pub/data/jiafq/iscas/Parser_Comparison/../benchmarks/part5/non-incremental/QF_BV/20221012-MCMPC/wage/wage.t1.i35.9afbab89.smt2,29.0871,528,1411,成功
/pub/data/jiafq/iscas/Parser_Comparison/../benchmarks/part5/non-incremental/QF_BV/20221012-MCMPC/wage/wage.t1.i35.a75b0e42.smt2,27.6921,528,1343,成功
/pub/data/jiafq/iscas/Parser_Comparison/../benchmarks/part5/non-incremental/QF_BV/20221012-MCMPC/wage/wage.t1.i35.ae8c993e.smt2,26.3145,528,1241,成功
/pub/data/jiafq/iscas/Parser_Comparison/../benchmarks/part5/non-incremental/QF_BV/20221012-MCMPC/wage/wage.t1.i35.fd27144f.smt2,33.3714,528,1683,成功
/pub/data/jiafq/iscas/Parser_Comparison/../benchmarks/part5/non-incremental/QF_BV/20221012-MCMPC/wage/wage.t1.i36.0645c8c1.smt2,26.118,528,1223,成功
/pub/data/jiafq/iscas/Parser_Comparison/../benchmarks/part5/non-incremental/QF_BV/20221012-MCMPC/wage/wage.t1.i36.07c7b703.smt2,25.4271,528,1189,成功
/pub/data/jiafq/iscas/Parser_Comparison/../benchmarks/part5/non-incremental/QF_BV/20221012-MCMPC/wage/wage.t1.i36.0cbac6d5.smt2,28.1146,528,1325,成功
/pub/data/jiafq/iscas/Parser_Comparison/../benchmarks/part5/non-incremental/QF_BV/20221012-MCMPC/wage/wage.t1.i36.22e115b7.smt2,26.1257,528,1223,成功
/pub/data/jiafq/iscas/Parser_Comparison/../benchmarks/part5/non-incremental/QF_BV/20221012-MCMPC/wage/wage.t1.i36.2de67e5a.smt2,25.774,528,1223,成功
/pub/data/jiafq/iscas/Parser_Comparison/../benchmarks/part5/non-incremental/QF_BV/20221012-MCMPC/wage/wage.t1.i36.38dff770.smt2,26.6039,528,1257,成功
/pub/data/jiafq/iscas/Parser_Comparison/../benchmarks/part5/non-incremental/QF_BV/20221012-MCMPC/wage/wage.t1.i36.3a7811e3.smt2,27.9384,528,1325,成功
/pub/data/jiafq/iscas/Parser_Comparison/../benchmarks/part5/non-incremental/QF_BV/20221012-MCMPC/wage/wage.t1.i36.4a303728.smt2,26.8886,528,1257,成功
/pub/data/jiafq/iscas/Parser_Comparison/../benchmarks/part5/non-incremental/QF_BV/20221012-MCMPC/wage/wage.t1.i36.4fb57196.smt2,27.1354,528,1291,成功
/pub/data/jiafq/iscas/Parser_Comparison/../benchmarks/part5/non-incremental/QF_BV/20221012-MCMPC/wage/wage.t1.i36.54d098fc.smt2,26.3176,528,1257,成功
/pub/data/jiafq/iscas/Parser_Comparison/../benchmarks/part5/non-incremental/QF_BV/20221012-MCMPC/wage/wage.t1.i36.663cdd32.smt2,27.3812,528,1291,成功
/pub/data/jiafq/iscas/Parser_Comparison/../benchmarks/part5/non-incremental/QF_BV/20221012-MCMPC/wage/wage.t1.i36.7c81e01d.smt2,27.4553,528,1291,成功
/pub/data/jiafq/iscas/Parser_Comparison/../benchmarks/part5/non-incremental/QF_BV/20221012-MCMPC/wage/wage.t1.i36.81989b83.smt2,26.7484,528,1257,成功
/pub/data/jiafq/iscas/Parser_Comparison/../benchmarks/part5/non-incremental/QF_BV/20221012-MCMPC/wage/wage.t1.i36.86a1631e.smt2,26.566,528,1257,成功
/pub/data/jiafq/iscas/Parser_Comparison/../benchmarks/part5/non-incremental/QF_BV/20221012-MCMPC/wage/wage.t1.i36.92639139.smt2,28.3484,528,1325,成功
/pub/data/jiafq/iscas/Parser_Comparison/../benchmarks/part5/non-incremental/QF_BV/20221012-MCMPC/wage/wage.t1.i36.9960b86f.smt2,27.1349,528,1291,成功
/pub/data/jiafq/iscas/Parser_Comparison/../benchmarks/part5/non-incremental/QF_BV/20221012-MCMPC/wage/wage.t1.i36.a74d50af.smt2,27.7302,528,1325,成功
/pub/data/jiafq/iscas/Parser_Comparison/../benchmarks/part5/non-incremental/QF_BV/20221012-MCMPC/wage/wage.t1.i36.acda321f.smt2,26.3069,528,1223,成功
/pub/data/jiafq/iscas/Parser_Comparison/../benchmarks/part5/non-incremental/QF_BV/20221012-MCMPC/wage/wage.t1.i36.b37bb374.smt2,27.2281,528,1291,成功
/pub/data/jiafq/iscas/Parser_Comparison/../benchmarks/part5/non-incremental/QF_BV/20221012-MCMPC/wage/wage.t1.i36.b3c65b55.smt2,28.3377,528,1359,成功
/pub/data/jiafq/iscas/Parser_Comparison/../benchmarks/part5/non-incremental/QF_BV/20221012-MCMPC/wage/wage.t1.i36.c881c32e.smt2,26.3922,528,1223,成功
/pub/data/jiafq/iscas/Parser_Comparison/../benchmarks/part5/non-incremental/QF_BV/20221012-MCMPC/wage/wage.t1.i36.dcbc19cd.smt2,26.4769,528,1257,成功
/pub/data/jiafq/iscas/Parser_Comparison/../benchmarks/part5/non-incremental/QF_BV/20221012-MCMPC/wage/wage.t1.i36.e964d124.smt2,25.9869,528,1223,成功
/pub/data/jiafq/iscas/Parser_Comparison/../benchmarks/part5/non-incremental/QF_BV/20221012-MCMPC/wage/wage.t1.i36.eb897fd5.smt2,26.1838,528,1223,成功
/pub/data/jiafq/iscas/Parser_Comparison/../benchmarks/part5/non-incremental/QF_BV/20221012-MCMPC/wage/wage.t1.i36.ef0beb36.smt2,27.6992,528,1291,成功
/pub/data/jiafq/iscas/Parser_Comparison/../benchmarks/part5/non-incremental/QF_BV/20221012-MCMPC/wage/wage.t1.i36.f3ec62e3.smt2,26.8085,528,1257,成功
/pub/data/jiafq/iscas/Parser_Comparison/../benchmarks/part5/non-incremental/QF_BV/20221012-MCMPC/wage_circuit_div/wage_circuit_div.t1.i19.634d90c2.smt2,37.4539,528,1923,成功
/pub/data/jiafq/iscas/Parser_Comparison/../benchmarks/part5/non-incremental/QF_BV/20221012-MCMPC/wage_circuit_div/wage_circuit_div.t1.i19.bd1e9ff5.smt2,32.4905,528,1643,成功
/pub/data/jiafq/iscas/Parser_Comparison/../benchmarks/part5/non-incremental/QF_BV/20221012-MCMPC/wage_circuit_div/wage_circuit_div.t1.i19.d0149f16.smt2,34.456,528,1763,成功
/pub/data/jiafq/iscas/Parser_Comparison/../benchmarks/part5/non-incremental/QF_BV/20221012-MCMPC/wage_circuit_div/wage_circuit_div.t1.i20.00da3e58.smt2,32.2294,528,1619,成功
/pub/data/jiafq/iscas/Parser_Comparison/../benchmarks/part5/non-incremental/QF_BV/20221012-MCMPC/wage_circuit_div/wage_circuit_div.t1.i20.282fc2a0.smt2,36.8645,528,1899,成功
/pub/data/jiafq/iscas/Parser_Comparison/../benchmarks/part5/non-incremental/QF_BV/20221012-MCMPC/wage_circuit_div/wage_circuit_div.t1.i20.492390c2.smt2,34.6279,528,1739,成功
/pub/data/jiafq/iscas/Parser_Comparison/../benchmarks/part5/non-incremental/QF_BV/20221012-MCMPC/wage_circuit_div/wage_circuit_div.t1.i20.df1abd44.smt2,36.2277,528,1859,成功
/pub/data/jiafq/iscas/Parser_Comparison/../benchmarks/part5/non-incremental/QF_BV/20221012-MCMPC/wage_circuit_div/wage_circuit_div.t1.i20.e8f593b0.smt2,34.9367,528,1779,成功
/pub/data/jiafq/iscas/Parser_Comparison/../benchmarks/part5/non-incremental/QF_BV/20221012-MCMPC/wage_circuit_div/wage_circuit_div.t1.i21.22786df6.smt2,33.6244,528,1675,成功
/pub/data/jiafq/iscas/Parser_Comparison/../benchmarks/part5/non-incremental/QF_BV/20221012-MCMPC/wage_circuit_div/wage_circuit_div.t1.i21.5f4cb410.smt2,33.5996,528,1715,成功
/pub/data/jiafq/iscas/Parser_Comparison/../benchmarks/part5/non-incremental/QF_BV/20221012-MCMPC/wage_circuit_div/wage_circuit_div.t1.i21.9bf31d1f.smt2,32.5518,528,1635,成功
/pub/data/jiafq/iscas/Parser_Comparison/../benchmarks/part5/non-incremental/QF_BV/20221012-MCMPC/wage_circuit_div/wage_circuit_div.t1.i21.ed58e89e.smt2,34.3478,528,1715,成功
/pub/data/jiafq/iscas/Parser_Comparison/../benchmarks/part5/non-incremental/QF_BV/20221012-MCMPC/wage_circuit_div/wage_circuit_div.t1.i22.1abc70d5.smt2,33.2057,528,1651,成功
/pub/data/jiafq/iscas/Parser_Comparison/../benchmarks/part5/non-incremental/QF_BV/20221012-MCMPC/wage_circuit_div/wage_circuit_div.t1.i22.1b035a4d.smt2,36.5803,528,1851,成功
/pub/data/jiafq/iscas/Parser_Comparison/../benchmarks/part5/non-incremental/QF_BV/20221012-MCMPC/wage_circuit_div/wage_circuit_div.t1.i22.4568359f.smt2,31.3518,528,1571,成功
/pub/data/jiafq/iscas/Parser_Comparison/../benchmarks/part5/non-incremental/QF_BV/20221012-MCMPC/wage_circuit_div/wage_circuit_div.t1.i22.931a949d.smt2,32.1357,528,1611,成功
/pub/data/jiafq/iscas/Parser_Comparison/../benchmarks/part5/non-incremental/QF_BV/20221012-MCMPC/wage_circuit_div/wage_circuit_div.t1.i22.948dd618.smt2,32.5136,528,1611,成功
/pub/data/jiafq/iscas/Parser_Comparison/../benchmarks/part5/non-incremental/QF_BV/20221012-MCMPC/wage_circuit_div/wage_circuit_div.t1.i22.a34aff91.smt2,33.6242,528,1691,成功
/pub/data/jiafq/iscas/Parser_Comparison/../benchmarks/part5/non-incremental/QF_BV/20221012-MCMPC/wage_circuit_div/wage_circuit_div.t1.i22.b3541dd5.smt2,35.5504,528,1811,成功
/pub/data/jiafq/iscas/Parser_Comparison/../benchmarks/part5/non-incremental/QF_BV/20221012-MCMPC/wage_circuit_div/wage_circuit_div.t1.i22.ed8b3e58.smt2,30.8964,528,1531,成功
/pub/data/jiafq/iscas/Parser_Comparison/../benchmarks/part5/non-incremental/QF_BV/20221012-MCMPC/wage_circuit_div/wage_circuit_div.t1.i23.053a67ab.smt2,33.5433,528,1707,成功
/pub/data/jiafq/iscas/Parser_Comparison/../benchmarks/part5/non-incremental/QF_BV/20221012-MCMPC/wage_circuit_div/wage_circuit_div.t1.i23.08a44b20.smt2,33.6981,528,1707,成功
/pub/data/jiafq/iscas/Parser_Comparison/../benchmarks/part5/non-incremental/QF_BV/20221012-MCMPC/wage_circuit_div/wage_circuit_div.t1.i23.15159dfa.smt2,35.3081,528,1787,成功
/pub/data/jiafq/iscas/Parser_Comparison/../benchmarks/part5/non-incremental/QF_BV/20221012-MCMPC/wage_circuit_div/wage_circuit_div.t1.i23.18e7ee0e.smt2,33.3145,528,1667,成功
/pub/data/jiafq/iscas/Parser_Comparison/../benchmarks/part5/non-incremental/QF_BV/20221012-MCMPC/wage_circuit_div/wage_circuit_div.t1.i23.4850a3e0.smt2,35.768,528,1827,成功
/pub/data/jiafq/iscas/Parser_Comparison/../benchmarks/part5/non-incremental/QF_BV/20221012-MCMPC/wage_circuit_div/wage_circuit_div.t1.i23.4d72d891.smt2,34.3165,528,1747,成功
/pub/data/jiafq/iscas/Parser_Comparison/../benchmarks/part5/non-incremental/QF_BV/20221012-MCMPC/wage_circuit_div/wage_circuit_div.t1.i23.5d1746ea.smt2,30.0364,528,1507,成功
/pub/data/jiafq/iscas/Parser_Comparison/../benchmarks/part5/non-incremental/QF_BV/20221012-MCMPC/wage_circuit_div/wage_circuit_div.t1.i23.6ebbc71d.smt2,34.7154,528,1747,成功
/pub/data/jiafq/iscas/Parser_Comparison/../benchmarks/part5/non-incremental/QF_BV/20221012-MCMPC/wage_circuit_div/wage_circuit_div.t1.i23.8514e719.smt2,31.7743,528,1587,成功
/pub/data/jiafq/iscas/Parser_Comparison/../benchmarks/part5/non-incremental/QF_BV/20221012-MCMPC/wage_circuit_div/wage_circuit_div.t1.i23.8cf8603f.smt2,34.8196,528,1787,成功
/pub/data/jiafq/iscas/Parser_Comparison/../benchmarks/part5/non-incremental/QF_BV/20221012-MCMPC/wage_circuit_div/wage_circuit_div.t1.i23.92e43e77.smt2,31.1296,528,1547,成功
/pub/data/jiafq/iscas/Parser_Comparison/../benchmarks/part5/non-incremental/QF_BV/20221012-MCMPC/wage_circuit_div/wage_circuit_div.t1.i23.c1297137.smt2,35.6727,528,1787,成功
/pub/data/jiafq/iscas/Parser_Comparison/../benchmarks/part5/non-incremental/QF_BV/20221012-MCMPC/wage_circuit_div/wage_circuit_div.t1.i23.e72d992d.smt2,34.5953,528,1747,成功
/pub/data/jiafq/iscas/Parser_Comparison/../benchmarks/part5/non-incremental/QF_BV/20221012-MCMPC/wage_circuit_div/wage_circuit_div.t1.i23.f6602ad0.smt2,32.5985,528,1627,成功
/pub/data/jiafq/iscas/Parser_Comparison/../benchmarks/part5/non-incremental/QF_BV/20221012-MCMPC/wage_circuit_div/wage_circuit_div.t1.i24.45848076.smt2,34.8892,528,1763,成功
/pub/data/jiafq/iscas/Parser_Comparison/../benchmarks/part5/non-incremental/QF_BV/20221012-MCMPC/wage_circuit_div/wage_circuit_div.t1.i24.66b862d4.smt2,33.9034,528,1683,成功
/pub/data/jiafq/iscas/Parser_Comparison/../benchmarks/part5/non-incremental/QF_BV/20221012-MCMPC/wage_circuit_div/wage_circuit_div.t1.i24.6bdfa247.smt2,33.3681,528,1683,成功
/pub/data/jiafq/iscas/Parser_Comparison/../benchmarks/part5/non-incremental/QF_BV/20221012-MCMPC/wage_circuit_div/wage_circuit_div.t1.i24.781f3781.smt2,33.9406,528,1723,成功
/pub/data/jiafq/iscas/Parser_Comparison/../benchmarks/part5/non-incremental/QF_BV/20221012-MCMPC/wage_circuit_div/wage_circuit_div.t1.i24.8d9c8f29.smt2,35.5945,528,1803,成功
/pub/data/jiafq/iscas/Parser_Comparison/../benchmarks/part5/non-incremental/QF_BV/20221012-MCMPC/wage_circuit_div/wage_circuit_div.t1.i24.92a8967e.smt2,31.9998,528,1603,成功
/pub/data/jiafq/iscas/Parser_Comparison/../benchmarks/part5/non-incremental/QF_BV/20221012-MCMPC/wage_circuit_div/wage_circuit_div.t1.i24.a67db114.smt2,36.7377,528,1843,成功
/pub/data/jiafq/iscas/Parser_Comparison/../benchmarks/part5/non-incremental/QF_BV/20221012-MCMPC/wage_circuit_div/wage_circuit_div.t1.i24.b5522c22.smt2,37.1654,528,1883,成功
/pub/data/jiafq/iscas/Parser_Comparison/../benchmarks/part5/non-incremental/QF_BV/20221012-MCMPC/wage_circuit_div/wage_circuit_div.t1.i24.d4579285.smt2,33.2201,528,1643,成功
/pub/data/jiafq/iscas/Parser_Comparison/../benchmarks/part5/non-incremental/QF_BV/20221012-MCMPC/wage_circuit_div/wage_circuit_div.t1.i24.fa3e8776.smt2,34.811,528,1723,成功
/pub/data/jiafq/iscas/Parser_Comparison/../benchmarks/part5/non-incremental/QF_BV/20221012-MCMPC/wage_circuit_div/wage_circuit_div.t1.i25.11cf0ef2.smt2,33.2091,528,1659,成功
/pub/data/jiafq/iscas/Parser_Comparison/../benchmarks/part5/non-incremental/QF_BV/20221012-MCMPC/wage_circuit_div/wage_circuit_div.t1.i25.2a842a94.smt2,31.8484,528,1579,成功
/pub/data/jiafq/iscas/Parser_Comparison/../benchmarks/part5/non-incremental/QF_BV/20221012-MCMPC/wage_circuit_div/wage_circuit_div.t1.i25.2d327786.smt2,35.3246,528,1779,成功
/pub/data/jiafq/iscas/Parser_Comparison/../benchmarks/part5/non-incremental/QF_BV/20221012-MCMPC/wage_circuit_div/wage_circuit_div.t1.i25.2e965e1d.smt2,32.7046,528,1659,成功
/pub/data/jiafq/iscas/Parser_Comparison/../benchmarks/part5/non-incremental/QF_BV/20221012-MCMPC/wage_circuit_div/wage_circuit_div.t1.i25.40674286.smt2,31.7521,528,1579,成功
/pub/data/jiafq/iscas/Parser_Comparison/../benchmarks/part5/non-incremental/QF_BV/20221012-MCMPC/wage_circuit_div/wage_circuit_div.t1.i25.87e1ab89.smt2,33.7465,528,1699,成功
/pub/data/jiafq/iscas/Parser_Comparison/../benchmarks/part5/non-incremental/QF_BV/20221012-MCMPC/wage_circuit_div/wage_circuit_div.t1.i25.8c46cd85.smt2,34.0824,528,1739,成功
/pub/data/jiafq/iscas/Parser_Comparison/../benchmarks/part5/non-incremental/QF_BV/20221012-MCMPC/wage_circuit_div/wage_circuit_div.t1.i25.8fdc9fcb.smt2,32.4485,528,1619,成功
/pub/data/jiafq/iscas/Parser_Comparison/../benchmarks/part5/non-incremental/QF_BV/20221012-MCMPC/wage_circuit_div/wage_circuit_div.t1.i25.9eb2fd2f.smt2,29.4793,528,1459,成功
/pub/data/jiafq/iscas/Parser_Comparison/../benchmarks/part5/non-incremental/QF_BV/20221012-MCMPC/wage_circuit_div/wage_circuit_div.t1.i25.9f082b17.smt2,32.7139,528,1619,成功
/pub/data/jiafq/iscas/Parser_Comparison/../benchmarks/part5/non-incremental/QF_BV/20221012-MCMPC/wage_circuit_div/wage_circuit_div.t1.i25.a7750d31.smt2,30.515,528,1499,成功
/pub/data/jiafq/iscas/Parser_Comparison/../benchmarks/part5/non-incremental/QF_BV/20221012-MCMPC/wage_circuit_div/wage_circuit_div.t1.i25.b10b0a8e.smt2,32.7611,528,1659,成功
/pub/data/jiafq/iscas/Parser_Comparison/../benchmarks/part5/non-incremental/QF_BV/20221012-MCMPC/wage_circuit_div/wage_circuit_div.t1.i25.bf419a59.smt2,30.3612,528,1499,成功
/pub/data/jiafq/iscas/Parser_Comparison/../benchmarks/part5/non-incremental/QF_BV/20221012-MCMPC/wage_circuit_div/wage_circuit_div.t1.i25.c071c574.smt2,31.4019,528,1539,成功
/pub/data/jiafq/iscas/Parser_Comparison/../benchmarks/part5/non-incremental/QF_BV/20221012-MCMPC/wage_circuit_div/wage_circuit_div.t1.i25.c9ea57a0.smt2,30.8981,528,1539,成功
/pub/data/jiafq/iscas/Parser_Comparison/../benchmarks/part5/non-incremental/QF_BV/20221012-MCMPC/wage_circuit_div/wage_circuit_div.t1.i25.cb06b1ce.smt2,31.3528,528,1539,成功
/pub/data/jiafq/iscas/Parser_Comparison/../benchmarks/part5/non-incremental/QF_BV/20221012-MCMPC/wage_circuit_div/wage_circuit_div.t1.i25.ea263dba.smt2,31.2829,528,1579,成功
/pub/data/jiafq/iscas/Parser_Comparison/../benchmarks/part5/non-incremental/QF_BV/20221012-MCMPC/wage_circuit_div/wage_circuit_div.t1.i26.0a593d52.smt2,32.4972,528,1635,成功
/pub/data/jiafq/iscas/Parser_Comparison/../benchmarks/part5/non-incremental/QF_BV/20221012-MCMPC/wage_circuit_div/wage_circuit_div.t1.i26.60916c66.smt2,33.5004,528,1675,成功
/pub/data/jiafq/iscas/Parser_Comparison/../benchmarks/part5/non-incremental/QF_BV/20221012-MCMPC/wage_circuit_div/wage_circuit_div.t1.i26.b610ab22.smt2,33.9873,528,1715,成功
/pub/data/jiafq/iscas/Parser_Comparison/../benchmarks/part5/non-incremental/QF_BV/20221012-MCMPC/wage_circuit_div/wage_circuit_div.t1.i26.d2e2559b.smt2,33.2885,528,1675,成功
/pub/data/jiafq/iscas/Parser_Comparison/../benchmarks/part5/non-incremental/QF_BV/20221012-MCMPC/wage_circuit_div/wage_circuit_div.t1.i27.0e93f37c.smt2,36.3805,528,1451,成功
/pub/data/jiafq/iscas/Parser_Comparison/../benchmarks/part5/non-incremental/QF_BV/20221012-MCMPC/wage_circuit_div/wage_circuit_div.t1.i27.158fec4a.smt2,31.4443,528,1531,成功
/pub/data/jiafq/iscas/Parser_Comparison/../benchmarks/part5/non-incremental/QF_BV/20221012-MCMPC/wage_circuit_div/wage_circuit_div.t1.i27.1e17ca9b.smt2,32.2967,528,1611,成功
/pub/data/jiafq/iscas/Parser_Comparison/../benchmarks/part5/non-incremental/QF_BV/20221012-MCMPC/wage_circuit_div/wage_circuit_div.t1.i27.240085a6.smt2,29.9397,528,1451,成功
/pub/data/jiafq/iscas/Parser_Comparison/../benchmarks/part5/non-incremental/QF_BV/20221012-MCMPC/wage_circuit_div/wage_circuit_div.t1.i27.3725a70c.smt2,32.2928,528,1611,成功
/pub/data/jiafq/iscas/Parser_Comparison/../benchmarks/part5/non-incremental/QF_BV/20221012-MCMPC/wage_circuit_div/wage_circuit_div.t1.i27.56449d02.smt2,30.8204,528,1531,成功
/pub/data/jiafq/iscas/Parser_Comparison/../benchmarks/part5/non-incremental/QF_BV/20221012-MCMPC/wage_circuit_div/wage_circuit_div.t1.i27.5e657a86.smt2,32.2337,528,1571,成功
/pub/data/jiafq/iscas/Parser_Comparison/../benchmarks/part5/non-incremental/QF_BV/20221012-MCMPC/wage_circuit_div/wage_circuit_div.t1.i27.5e97dbdb.smt2,32.022,528,1571,成功
/pub/data/jiafq/iscas/Parser_Comparison/../benchmarks/part5/non-incremental/QF_BV/20221012-MCMPC/wage_circuit_div/wage_circuit_div.t1.i27.6b7fc348.smt2,33.4678,528,1651,成功
/pub/data/jiafq/iscas/Parser_Comparison/../benchmarks/part5/non-incremental/QF_BV/20221012-MCMPC/wage_circuit_div/wage_circuit_div.t1.i27.70bea4d6.smt2,33.8106,528,1651,成功
/pub/data/jiafq/iscas/Parser_Comparison/../benchmarks/part5/non-incremental/QF_BV/20221012-MCMPC/wage_circuit_div/wage_circuit_div.t1.i27.89e91e40.smt2,30.5283,528,1491,成功
/pub/data/jiafq/iscas/Parser_Comparison/../benchmarks/part5/non-incremental/QF_BV/20221012-MCMPC/wage_circuit_div/wage_circuit_div.t1.i27.a3b8319b.smt2,30.6997,528,1491,成功
/pub/data/jiafq/iscas/Parser_Comparison/../benchmarks/part5/non-incremental/QF_BV/20221012-MCMPC/wage_circuit_div/wage_circuit_div.t1.i27.a72b899d.smt2,30.4799,528,1491,成功
/pub/data/jiafq/iscas/Parser_Comparison/../benchmarks/part5/non-incremental/QF_BV/20221012-MCMPC/wage_circuit_div/wage_circuit_div.t1.i27.aa1878f2.smt2,33.1521,528,1651,成功
/pub/data/jiafq/iscas/Parser_Comparison/../benchmarks/part5/non-incremental/QF_BV/20221012-MCMPC/wage_circuit_div/wage_circuit_div.t1.i27.e25f5816.smt2,29.747,528,1451,成功
/pub/data/jiafq/iscas/Parser_Comparison/../benchmarks/part5/non-incremental/QF_BV/20221012-MCMPC/wage_circuit_div/wage_circuit_div.t1.i27.ecafbe03.smt2,30.9033,528,1531,成功
/pub/data/jiafq/iscas/Parser_Comparison/../benchmarks/part5/non-incremental/QF_BV/20221012-MCMPC/wage_circuit_div/wage_circuit_div.t1.i28.00f8325e.smt2,31.0299,528,1507,成功
/pub/data/jiafq/iscas/Parser_Comparison/../benchmarks/part5/non-incremental/QF_BV/20221012-MCMPC/wage_circuit_div/wage_circuit_div.t1.i28.28640e91.smt2,31.7342,528,1547,成功
/pub/data/jiafq/iscas/Parser_Comparison/../benchmarks/part5/non-incremental/QF_BV/20221012-MCMPC/wage_circuit_div/wage_circuit_div.t1.i28.3baf23ab.smt2,33.2036,528,1627,成功
/pub/data/jiafq/iscas/Parser_Comparison/../benchmarks/part5/non-incremental/QF_BV/20221012-MCMPC/wage_circuit_div/wage_circuit_div.t1.i28.4ef1cd0d.smt2,32.2385,528,1587,成功
/pub/data/jiafq/iscas/Parser_Comparison/../benchmarks/part5/non-incremental/QF_BV/20221012-MCMPC/wage_circuit_div/wage_circuit_div.t1.i28.5aa35b7f.smt2,31.0671,528,1507,成功
/pub/data/jiafq/iscas/Parser_Comparison/../benchmarks/part5/non-incremental/QF_BV/20221012-MCMPC/wage_circuit_div/wage_circuit_div.t1.i28.bbb93214.smt2,31.1241,528,1547,成功
/pub/data/jiafq/iscas/Parser_Comparison/../benchmarks/part5/non-incremental/QF_BV/20221012-MCMPC/wage_circuit_div/wage_circuit_div.t1.i28.f3887b7e.smt2,31.805,528,1587,成功
/pub/data/jiafq/iscas/Parser_Comparison/../benchmarks/part5/non-incremental/QF_BV/20221012-MCMPC/wage_circuit_div/wage_circuit_div.t1.i29.18fcd652.smt2,29.448,528,1443,成功
/pub/data/jiafq/iscas/Parser_Comparison/../benchmarks/part5/non-incremental/QF_BV/20221012-MCMPC/wage_circuit_div/wage_circuit_div.t1.i29.322c687c.smt2,29.2678,528,1443,成功
/pub/data/jiafq/iscas/Parser_Comparison/../benchmarks/part5/non-incremental/QF_BV/20221012-MCMPC/wage_circuit_div/wage_circuit_div.t1.i29.66b36d88.smt2,29.371,528,1443,成功
/pub/data/jiafq/iscas/Parser_Comparison/../benchmarks/part5/non-incremental/QF_BV/20221012-MCMPC/wage_circuit_div/wage_circuit_div.t1.i29.6bc9bc34.smt2,28.7697,528,1403,成功
/pub/data/jiafq/iscas/Parser_Comparison/../benchmarks/part5/non-incremental/QF_BV/20221012-MCMPC/wage_circuit_div/wage_circuit_div.t1.i29.6e522c5b.smt2,30.0677,528,1483,成功
/pub/data/jiafq/iscas/Parser_Comparison/../benchmarks/part5/non-incremental/QF_BV/20221012-MCMPC/wage_circuit_div/wage_circuit_div.t1.i29.8df4f39f.smt2,28.9996,528,1403,成功
/pub/data/jiafq/iscas/Parser_Comparison/../benchmarks/part5/non-incremental/QF_BV/20221012-MCMPC/wage_circuit_div/wage_circuit_div.t1.i29.8e7987a2.smt2,29.9642,528,1483,成功
/pub/data/jiafq/iscas/Parser_Comparison/../benchmarks/part5/non-incremental/QF_BV/20221012-MCMPC/wage_circuit_div/wage_circuit_div.t1.i30.046046e8.smt2,30.3476,528,1499,成功
/pub/data/jiafq/iscas/Parser_Comparison/../benchmarks/part5/non-incremental/QF_BV/20221012-MCMPC/wage_circuit_div/wage_circuit_div.t1.i30.1cc05326.smt2,29.47,528,1459,成功
/pub/data/jiafq/iscas/Parser_Comparison/../benchmarks/part5/non-incremental/QF_BV/20221012-MCMPC/wage_circuit_div/wage_circuit_div.t1.i30.2e4f38a1.smt2,28.358,528,1379,成功
/pub/data/jiafq/iscas/Parser_Comparison/../benchmarks/part5/non-incremental/QF_BV/20221012-MCMPC/wage_circuit_div/wage_circuit_div.t1.i30.4881623c.smt2,28.3918,528,1379,成功
/pub/data/jiafq/iscas/Parser_Comparison/../benchmarks/part5/non-incremental/QF_BV/20221012-MCMPC/wage_circuit_div/wage_circuit_div.t1.i30.5251f456.smt2,32.4104,528,1619,成功
/pub/data/jiafq/iscas/Parser_Comparison/../benchmarks/part5/non-incremental/QF_BV/20221012-MCMPC/wage_circuit_div/wage_circuit_div.t1.i30.572f0d7d.smt2,31.3363,524,1539,成功
/pub/data/jiafq/iscas/Parser_Comparison/../benchmarks/part5/non-incremental/QF_BV/20221012-MCMPC/wage_circuit_div/wage_circuit_div.t1.i30.5db0ed8d.smt2,33.0935,528,1659,成功
/pub/data/jiafq/iscas/Parser_Comparison/../benchmarks/part5/non-incremental/QF_BV/20221012-MCMPC/wage_circuit_div/wage_circuit_div.t1.i30.6e0ed6ed.smt2,31.6389,528,1579,成功
/pub/data/jiafq/iscas/Parser_Comparison/../benchmarks/part5/non-incremental/QF_BV/20221012-MCMPC/wage_circuit_div/wage_circuit_div.t1.i30.7b117712.smt2,28.6336,528,1379,成功
/pub/data/jiafq/iscas/Parser_Comparison/../benchmarks/part5/non-incremental/QF_BV/20221012-MCMPC/wage_circuit_div/wage_circuit_div.t1.i30.7eb70def.smt2,26.8853,528,1299,成功
/pub/data/jiafq/iscas/Parser_Comparison/../benchmarks/part5/non-incremental/QF_BV/20221012-MCMPC/wage_circuit_div/wage_circuit_div.t1.i30.83455a55.smt2,29.7241,528,1459,成功
/pub/data/jiafq/iscas/Parser_Comparison/../benchmarks/part5/non-incremental/QF_BV/20221012-MCMPC/wage_circuit_div/wage_circuit_div.t1.i30.969e0c8a.smt2,31.127,528,1539,成功
/pub/data/jiafq/iscas/Parser_Comparison/../benchmarks/part5/non-incremental/QF_BV/20221012-MCMPC/wage_circuit_div/wage_circuit_div.t1.i30.9b49676c.smt2,27.936,528,1339,成功
/pub/data/jiafq/iscas/Parser_Comparison/../benchmarks/part5/non-incremental/QF_BV/20221012-MCMPC/wage_circuit_div/wage_circuit_div.t1.i30.9d8995ac.smt2,31.832,528,1579,成功
/pub/data/jiafq/iscas/Parser_Comparison/../benchmarks/part5/non-incremental/QF_BV/20221012-MCMPC/wage_circuit_div/wage_circuit_div.t1.i30.9f1b3890.smt2,29.6617,528,1459,成功
/pub/data/jiafq/iscas/Parser_Comparison/../benchmarks/part5/non-incremental/QF_BV/20221012-MCMPC/wage_circuit_div/wage_circuit_div.t1.i30.b276f183.smt2,26.2516,528,1259,成功
/pub/data/jiafq/iscas/Parser_Comparison/../benchmarks/part5/non-incremental/QF_BV/20221012-MCMPC/wage_circuit_div/wage_circuit_div.t1.i30.b9ec8b9e.smt2,30.4353,528,1499,成功
/pub/data/jiafq/iscas/Parser_Comparison/../benchmarks/part5/non-incremental/QF_BV/20221012-MCMPC/wage_circuit_div/wage_circuit_div.t1.i30.bff6498c.smt2,29.5293,528,1419,成功
/pub/data/jiafq/iscas/Parser_Comparison/../benchmarks/part5/non-incremental/QF_BV/20221012-MCMPC/wage_circuit_div/wage_circuit_div.t1.i30.dd42f2eb.smt2,31.7409,528,1539,成功
/pub/data/jiafq/iscas/Parser_Comparison/../benchmarks/part5/non-incremental/QF_BV/20221012-MCMPC/wage_circuit_div/wage_circuit_div.t1.i30.e0c29b84.smt2,29.3348,528,1419,成功
/pub/data/jiafq/iscas/Parser_Comparison/../benchmarks/part5/non-incremental/QF_BV/20221012-MCMPC/wage_circuit_div/wage_circuit_div.t1.i31.01561111.smt2,28.311,528,1355,成功
/pub/data/jiafq/iscas/Parser_Comparison/../benchmarks/part5/non-incremental/QF_BV/20221012-MCMPC/wage_circuit_div/wage_circuit_div.t1.i31.1417e67e.smt2,29.7086,528,1435,成功
/pub/data/jiafq/iscas/Parser_Comparison/../benchmarks/part5/non-incremental/QF_BV/20221012-MCMPC/wage_circuit_div/wage_circuit_div.t1.i31.29f4df80.smt2,29.7859,528,1435,成功
/pub/data/jiafq/iscas/Parser_Comparison/../benchmarks/part5/non-incremental/QF_BV/20221012-MCMPC/wage_circuit_div/wage_circuit_div.t1.i31.557a791b.smt2,30.1623,528,1475,成功
/pub/data/jiafq/iscas/Parser_Comparison/../benchmarks/part5/non-incremental/QF_BV/20221012-MCMPC/wage_circuit_div/wage_circuit_div.t1.i31.c66d5049.smt2,28.4088,528,1355,成功
/pub/data/jiafq/iscas/Parser_Comparison/../benchmarks/part5/non-incremental/QF_BV/20221012-MCMPC/wage_circuit_div/wage_circuit_div.t1.i31.d91caba8.smt2,31.2552,528,1515,成功
/pub/data/jiafq/iscas/Parser_Comparison/../benchmarks/part5/non-incremental/QF_BV/20221012-MCMPC/wage_circuit_div/wage_circuit_div.t1.i32.03b3d734.smt2,31.5185,528,1531,成功
/pub/data/jiafq/iscas/Parser_Comparison/../benchmarks/part5/non-incremental/QF_BV/20221012-MCMPC/wage_circuit_div/wage_circuit_div.t1.i32.15ea1ceb.smt2,29.2106,528,1411,成功
/pub/data/jiafq/iscas/Parser_Comparison/../benchmarks/part5/non-incremental/QF_BV/20221012-MCMPC/wage_circuit_div/wage_circuit_div.t1.i32.3d8b2c64.smt2,28.6179,528,1371,成功
/pub/data/jiafq/iscas/Parser_Comparison/../benchmarks/part5/non-incremental/QF_BV/20221012-MCMPC/wage_circuit_div/wage_circuit_div.t1.i32.4017808d.smt2,28.4317,528,1371,成功
/pub/data/jiafq/iscas/Parser_Comparison/../benchmarks/part5/non-incremental/QF_BV/20221012-MCMPC/wage_circuit_div/wage_circuit_div.t1.i32.5c16ff4e.smt2,29.8328,528,1451,成功
/pub/data/jiafq/iscas/Parser_Comparison/../benchmarks/part5/non-incremental/QF_BV/20221012-MCMPC/wage_circuit_div/wage_circuit_div.t1.i32.638ee2ee.smt2,29.4807,528,1411,成功
/pub/data/jiafq/iscas/Parser_Comparison/../benchmarks/part5/non-incremental/QF_BV/20221012-MCMPC/wage_circuit_div/wage_circuit_div.t1.i32.68daa3e7.smt2,29.5138,528,1411,成功
/pub/data/jiafq/iscas/Parser_Comparison/../benchmarks/part5/non-incremental/QF_BV/20221012-MCMPC/wage_circuit_div/wage_circuit_div.t1.i32.6dbce848.smt2,30.6818,528,1491,成功
/pub/data/jiafq/iscas/Parser_Comparison/../benchmarks/part5/non-incremental/QF_BV/20221012-MCMPC/wage_circuit_div/wage_circuit_div.t1.i33.1249cf5f.smt2,29.3739,528,1427,成功
/pub/data/jiafq/iscas/Parser_Comparison/../benchmarks/part5/non-incremental/QF_BV/20221012-MCMPC/wage_circuit_div/wage_circuit_div.t1.i33.296380ae.smt2,30.2906,528,1467,成功
/pub/data/jiafq/iscas/Parser_Comparison/../benchmarks/part5/non-incremental/QF_BV/20221012-MCMPC/wage_circuit_div/wage_circuit_div.t1.i33.4617fd3c.smt2,31.0719,528,1387,成功
/pub/data/jiafq/iscas/Parser_Comparison/../benchmarks/part5/non-incremental/QF_BV/20221012-MCMPC/wage_circuit_div/wage_circuit_div.t1.i33.5104acbe.smt2,28.9118,528,1267,成功
/pub/data/jiafq/iscas/Parser_Comparison/../benchmarks/part5/non-incremental/QF_BV/20221012-MCMPC/wage_circuit_div/wage_circuit_div.t1.i33.e5f1afe7.smt2,27.5228,528,1307,成功
/pub/data/jiafq/iscas/Parser_Comparison/../benchmarks/part5/non-incremental/QF_BV/20221012-MCMPC/wage_circuit_div/wage_circuit_div.t1.i33.e705ff3d.smt2,28.0542,528,1347,成功
/pub/data/jiafq/iscas/Parser_Comparison/../benchmarks/part5/non-incremental/QF_BV/20221012-MCMPC/wage_circuit_div/wage_circuit_div.t1.i34.06e2cef6.smt2,29.7871,528,1443,成功
/pub/data/jiafq/iscas/Parser_Comparison/../benchmarks/part5/non-incremental/QF_BV/20221012-MCMPC/wage_circuit_div/wage_circuit_div.t1.i34.17f5f32d.smt2,28.0004,528,1363,成功
/pub/data/jiafq/iscas/Parser_Comparison/../benchmarks/part5/non-incremental/QF_BV/20221012-MCMPC/wage_circuit_div/wage_circuit_div.t1.i34.2282eb2e.smt2,28.9607,528,1403,成功
/pub/data/jiafq/iscas/Parser_Comparison/../benchmarks/part5/non-incremental/QF_BV/20221012-MCMPC/wage_circuit_div/wage_circuit_div.t1.i34.3d50ab74.smt2,28.7068,528,1363,成功
/pub/data/jiafq/iscas/Parser_Comparison/../benchmarks/part5/non-incremental/QF_BV/20221012-MCMPC/wage_circuit_div/wage_circuit_div.t1.i34.6be561dc.smt2,28.1029,528,1363,成功
/pub/data/jiafq/iscas/Parser_Comparison/../benchmarks/part5/non-incremental/QF_BV/20221012-MCMPC/wage_circuit_div/wage_circuit_div.t1.i34.7d0e04cf.smt2,28.4729,528,1363,成功
/pub/data/jiafq/iscas/Parser_Comparison/../benchmarks/part5/non-incremental/QF_BV/20221012-MCMPC/wage_circuit_div/wage_circuit_div.t1.i34.a29432e2.smt2,29.3584,528,1403,成功
/pub/data/jiafq/iscas/Parser_Comparison/../benchmarks/part5/non-incremental/QF_BV/20221012-MCMPC/wage_circuit_div/wage_circuit_div.t1.i34.b859b6a3.smt2,27.9655,528,1323,成功
/pub/data/jiafq/iscas/Parser_Comparison/../benchmarks/part5/non-incremental/QF_BV/20221012-MCMPC/wage_circuit_div/wage_circuit_div.t1.i34.e87e299c.smt2,27.4031,528,1323,成功
/pub/data/jiafq/iscas/Parser_Comparison/../benchmarks/part5/non-incremental/QF_BV/20221012-MCMPC/wage_circuit_div/wage_circuit_div.t1.i34.e9547a7a.smt2,27.1285,528,1283,成功
/pub/data/jiafq/iscas/Parser_Comparison/../benchmarks/part5/non-incremental/QF_BV/20221012-MCMPC/wage_circuit_div/wage_circuit_div.t1.i35.2649cd8c.smt2,27.972,528,1339,成功
/pub/data/jiafq/iscas/Parser_Comparison/../benchmarks/part5/non-incremental/QF_BV/20221012-MCMPC/wage_circuit_div/wage_circuit_div.t1.i35.5260ffc0.smt2,27.4734,528,1299,成功
/pub/data/jiafq/iscas/Parser_Comparison/../benchmarks/part5/non-incremental/QF_BV/20221012-MCMPC/wage_circuit_div/wage_circuit_div.t1.i35.6e23c51d.smt2,27.7297,528,1299,成功
/pub/data/jiafq/iscas/Parser_Comparison/../benchmarks/part5/non-incremental/QF_BV/20221012-MCMPC/wage_circuit_div/wage_circuit_div.t1.i35.76e30cd8.smt2,27.9703,528,1339,成功
/pub/data/jiafq/iscas/Parser_Comparison/../benchmarks/part5/non-incremental/QF_BV/20221012-MCMPC/wage_circuit_div/wage_circuit_div.t1.i35.c61aec1e.smt2,26.7189,528,1259,成功
/pub/data/jiafq/iscas/Parser_Comparison/../benchmarks/part5/non-incremental/QF_BV/20221012-MCMPC/wage_circuit_div/wage_circuit_div.t1.i35.f483868a.smt2,26.8061,528,1259,成功
/pub/data/jiafq/iscas/Parser_Comparison/../benchmarks/part5/non-incremental/QF_BV/20221012-MCMPC/wage_circuit_div/wage_circuit_div.t1.i35.fe1aab2c.smt2,29.206,528,1379,成功
/pub/data/jiafq/iscas/Parser_Comparison/../benchmarks/part5/non-incremental/QF_BV/20221012-MCMPC/wage_circuit_div/wage_circuit_div.t1.i36.03cbe203.smt2,26.4032,528,1235,成功
/pub/data/jiafq/iscas/Parser_Comparison/../benchmarks/part5/non-incremental/QF_BV/20221012-MCMPC/wage_circuit_div/wage_circuit_div.t1.i36.067b1702.smt2,28.4514,528,1355,成功
/pub/data/jiafq/iscas/Parser_Comparison/../benchmarks/part5/non-incremental/QF_BV/20221012-MCMPC/wage_circuit_div/wage_circuit_div.t1.i36.0e87e3eb.smt2,29.1083,528,1395,成功
/pub/data/jiafq/iscas/Parser_Comparison/../benchmarks/part5/non-incremental/QF_BV/20221012-MCMPC/wage_circuit_div/wage_circuit_div.t1.i36.2199ba1a.smt2,26.9501,528,1275,成功
/pub/data/jiafq/iscas/Parser_Comparison/../benchmarks/part5/non-incremental/QF_BV/20221012-MCMPC/wage_circuit_div/wage_circuit_div.t1.i36.28f2e5da.smt2,26.9954,528,1275,成功
/pub/data/jiafq/iscas/Parser_Comparison/../benchmarks/part5/non-incremental/QF_BV/20221012-MCMPC/wage_circuit_div/wage_circuit_div.t1.i36.29f2a1b8.smt2,27.0426,528,1275,成功
/pub/data/jiafq/iscas/Parser_Comparison/../benchmarks/part5/non-incremental/QF_BV/20221012-MCMPC/wage_circuit_div/wage_circuit_div.t1.i36.30e18544.smt2,26.3371,528,1235,成功
/pub/data/jiafq/iscas/Parser_Comparison/../benchmarks/part5/non-incremental/QF_BV/20221012-MCMPC/wage_circuit_div/wage_circuit_div.t1.i36.354abf57.smt2,26.8149,528,1275,成功
/pub/data/jiafq/iscas/Parser_Comparison/../benchmarks/part5/non-incremental/QF_BV/20221012-MCMPC/wage_circuit_div/wage_circuit_div.t1.i36.3e972f91.smt2,25.5206,528,1195,成功
/pub/data/jiafq/iscas/Parser_Comparison/../benchmarks/part5/non-incremental/QF_BV/20221012-MCMPC/wage_circuit_div/wage_circuit_div.t1.i36.482c7cc7.smt2,29.6624,528,1435,成功
/pub/data/jiafq/iscas/Parser_Comparison/../benchmarks/part5/non-incremental/QF_BV/20221012-MCMPC/wage_circuit_div/wage_circuit_div.t1.i36.5088ad6c.smt2,26.9523,528,1275,成功
/pub/data/jiafq/iscas/Parser_Comparison/../benchmarks/part5/non-incremental/QF_BV/20221012-MCMPC/wage_circuit_div/wage_circuit_div.t1.i36.53901700.smt2,26.0739,528,1235,成功
/pub/data/jiafq/iscas/Parser_Comparison/../benchmarks/part5/non-incremental/QF_BV/20221012-MCMPC/wage_circuit_div/wage_circuit_div.t1.i36.55881a7e.smt2,26.058,528,1235,成功
/pub/data/jiafq/iscas/Parser_Comparison/../benchmarks/part5/non-incremental/QF_BV/20221012-MCMPC/wage_circuit_div/wage_circuit_div.t1.i36.5e5bef6e.smt2,26.17,528,1235,成功
/pub/data/jiafq/iscas/Parser_Comparison/../benchmarks/part5/non-incremental/QF_BV/20221012-MCMPC/wage_circuit_div/wage_circuit_div.t1.i36.6174a5e7.smt2,30.6313,528,1475,成功
/pub/data/jiafq/iscas/Parser_Comparison/../benchmarks/part5/non-incremental/QF_BV/20221012-MCMPC/wage_circuit_div/wage_circuit_div.t1.i36.68002602.smt2,27.6365,528,1315,成功
/pub/data/jiafq/iscas/Parser_Comparison/../benchmarks/part5/non-incremental/QF_BV/20221012-MCMPC/wage_circuit_div/wage_circuit_div.t1.i36.6a947f3c.smt2,26.314,528,1235,成功
/pub/data/jiafq/iscas/Parser_Comparison/../benchmarks/part5/non-incremental/QF_BV/20221012-MCMPC/wage_circuit_div/wage_circuit_div.t1.i36.6e9a71d1.smt2,26.9349,528,1275,成功
/pub/data/jiafq/iscas/Parser_Comparison/../benchmarks/part5/non-incremental/QF_BV/20221012-MCMPC/wage_circuit_div/wage_circuit_div.t1.i36.7a8127fc.smt2,26.3751,528,1235,成功
/pub/data/jiafq/iscas/Parser_Comparison/../benchmarks/part5/non-incremental/QF_BV/20221012-MCMPC/wage_circuit_div/wage_circuit_div.t1.i36.7d5f0681.smt2,28.281,528,1355,成功
/pub/data/jiafq/iscas/Parser_Comparison/../benchmarks/part5/non-incremental/QF_BV/20221012-MCMPC/wage_circuit_div/wage_circuit_div.t1.i36.85b364bd.smt2,31.7366,528,1555,成功
/pub/data/jiafq/iscas/Parser_Comparison/../benchmarks/part5/non-incremental/QF_BV/20221012-MCMPC/wage_circuit_div/wage_circuit_div.t1.i36.8790037c.smt2,26.8669,528,1275,成功
/pub/data/jiafq/iscas/Parser_Comparison/../benchmarks/part5/non-incremental/QF_BV/20221012-MCMPC/wage_circuit_div/wage_circuit_div.t1.i36.924c12f6.smt2,27.8018,528,1315,成功
/pub/data/jiafq/iscas/Parser_Comparison/../benchmarks/part5/non-incremental/QF_BV/20221012-MCMPC/wage_circuit_div/wage_circuit_div.t1.i36.aeda6839.smt2,26.1347,528,1235,成功
/pub/data/jiafq/iscas/Parser_Comparison/../benchmarks/part5/non-incremental/QF_BV/20221012-MCMPC/wage_circuit_div/wage_circuit_div.t1.i36.cc86c48c.smt2,27.7913,528,1315,成功
/pub/data/jiafq/iscas/Parser_Comparison/../benchmarks/part5/non-incremental/QF_BV/20221012-MCMPC/wage_circuit_div/wage_circuit_div.t1.i36.d81e8620.smt2,27.1351,528,1275,成功
/pub/data/jiafq/iscas/Parser_Comparison/../benchmarks/part5/non-incremental/QF_BV/20221012-MCMPC/wage_circuit_div/wage_circuit_div.t1.i36.df249af2.smt2,26.334,528,1235,成功
/pub/data/jiafq/iscas/Parser_Comparison/../benchmarks/part5/non-incremental/QF_BV/20221012-MCMPC/wage_circuit_div/wage_circuit_div.t1.i36.e2238661.smt2,27.7853,528,1315,成功
/pub/data/jiafq/iscas/Parser_Comparison/../benchmarks/part5/non-incremental/QF_BV/20221012-MCMPC/wage_circuit_div/wage_circuit_div.t1.i36.e3b4f938.smt2,31.1584,528,1515,成功
/pub/data/jiafq/iscas/Parser_Comparison/../benchmarks/part5/non-incremental/QF_BV/20221012-MCMPC/wage_circuit_div/wage_circuit_div.t1.i36.e53bf12d.smt2,28.7192,528,1355,成功
/pub/data/jiafq/iscas/Parser_Comparison/../benchmarks/part5/non-incremental/QF_BV/20221012-MCMPC/wage_circuit_div/wage_circuit_div.t1.i36.ed2ea19d.smt2,27.9925,528,1315,成功
/pub/data/jiafq/iscas/Parser_Comparison/../benchmarks/part5/non-incremental/QF_BV/20221012-MCMPC/wage_circuit_div/wage_circuit_div.t1.i36.fb10fc48.smt2,26.087,528,1235,成功
/pub/data/jiafq/iscas/Parser_Comparison/../benchmarks/part5/non-incremental/QF_BV/20221012-MCMPC/wage_circuit_div/wage_circuit_div.t1.i36.fcfea737.smt2,29.2547,528,1395,成功
/pub/data/jiafq/iscas/Parser_Comparison/../benchmarks/part5/non-incremental/QF_BV/20221214-p4dfa-XiaoqiChen/Composition/compose.p2._bit8_na6_nr3_paired.smt2,993.297,10644,147985,成功
/pub/data/jiafq/iscas/Parser_Comparison/../benchmarks/part5/non-incremental/QF_BV/20221214-p4dfa-XiaoqiChen/Composition/compose.p3._bit8_na6_nr3_paired.smt2,9206.11,85812,1330531,成功
/pub/data/jiafq/iscas/Parser_Comparison/../benchmarks/part5/non-incremental/QF_BV/20221214-p4dfa-XiaoqiChen/Composition/compose.s2._bit8_na6_nr3_paired.smt2,660.568,6548,98665,成功
/pub/data/jiafq/iscas/Parser_Comparison/../benchmarks/part5/non-incremental/QF_BV/20221214-p4dfa-XiaoqiChen/Composition/compose.s2._bit8_na6_nr4_paired.smt2,895.293,8268,131504,成功
/pub/data/jiafq/iscas/Parser_Comparison/../benchmarks/part5/non-incremental/QF_BV/20221214-p4dfa-XiaoqiChen/Composition/compose.s3._bit8_na6_nr3_paired.smt2,3027.94,26644,443149,成功
/pub/data/jiafq/iscas/Parser_Comparison/../benchmarks/part5/non-incremental/QF_BV/20221214-p4dfa-XiaoqiChen/Composition/compose.s3._bit8_na6_nr4_paired.smt2,4045.95,34740,590711,成功
/pub/data/jiafq/iscas/Parser_Comparison/../benchmarks/part5/non-incremental/QF_BV/20221214-p4dfa-XiaoqiChen/Composition/compose.s4._bit8_na6_nr3_paired.smt2,12436.8,104732,1771567,成功
/pub/data/jiafq/iscas/Parser_Comparison/../benchmarks/part5/non-incremental/QF_BV/20221214-p4dfa-XiaoqiChen/Composition/compose.s4._bit8_na6_nr4_paired.smt2,16596.4,137144,2361632,成功
/pub/data/jiafq/iscas/Parser_Comparison/../benchmarks/part5/non-incremental/QF_BV/20221214-p4dfa-XiaoqiChen/Composition/simple_bit8_na1_nr1_twocond.smt2,20.9093,264,1832,成功
/pub/data/jiafq/iscas/Parser_Comparison/../benchmarks/part5/non-incremental/QF_BV/20221214-p4dfa-XiaoqiChen/MobileDevice/mobiledevice_bit8_na1_nr1_twocond.smt2,67.5228,792,6011,成功
/pub/data/jiafq/iscas/Parser_Comparison/../benchmarks/part5/non-incremental/QF_BV/20221214-p4dfa-XiaoqiChen/MobileDevice/mobiledevice_bit8_na6_nr3_paired.smt2,387.887,3696,54907,成功
/pub/data/jiafq/iscas/Parser_Comparison/../benchmarks/part5/non-incremental/QF_BV/20221214-p4dfa-XiaoqiChen/MobileDevice/mobiledevice_bit8_na6_nr3_twocond.smt2,255.994,2904,30505,成功
/pub/data/jiafq/iscas/Parser_Comparison/../benchmarks/part5/non-incremental/QF_BV/20221214-p4dfa-XiaoqiChen/StringMatching/string1x16.1._bit8_na6_nr3_paired.smt2,1081.12,11132,165085,成功
/pub/data/jiafq/iscas/Parser_Comparison/../benchmarks/part5/non-incremental/QF_BV/20221214-p4dfa-XiaoqiChen/StringMatching/string1x16.10._bit8_na6_nr3_paired.smt2,1097.91,11096,165085,成功
/pub/data/jiafq/iscas/Parser_Comparison/../benchmarks/part5/non-incremental/QF_BV/20221214-p4dfa-XiaoqiChen/StringMatching/string1x16.2._bit8_na6_nr3_paired.smt2,1079.07,11136,165085,成功
/pub/data/jiafq/iscas/Parser_Comparison/../benchmarks/part5/non-incremental/QF_BV/20221214-p4dfa-XiaoqiChen/StringMatching/string1x16.3._bit8_na6_nr3_paired.smt2,886.976,7960,132289,成功
/pub/data/jiafq/iscas/Parser_Comparison/../benchmarks/part5/non-incremental/QF_BV/20221214-p4dfa-XiaoqiChen/StringMatching/string1x16.4._bit8_na6_nr3_paired.smt2,650.417,6808,99493,成功
/pub/data/jiafq/iscas/Parser_Comparison/../benchmarks/part5/non-incremental/QF_BV/20221214-p4dfa-XiaoqiChen/StringMatching/string1x16.5._bit8_na6_nr3_paired.smt2,865.056,7960,132289,成功
/pub/data/jiafq/iscas/Parser_Comparison/../benchmarks/part5/non-incremental/QF_BV/20221214-p4dfa-XiaoqiChen/StringMatching/string1x16.6._bit8_na6_nr3_paired.smt2,1102.37,11136,165085,成功
/pub/data/jiafq/iscas/Parser_Comparison/../benchmarks/part5/non-incremental/QF_BV/20221214-p4dfa-XiaoqiChen/StringMatching/string1x16.7._bit8_na6_nr3_paired.smt2,869.855,7960,132289,成功
/pub/data/jiafq/iscas/Parser_Comparison/../benchmarks/part5/non-incremental/QF_BV/20221214-p4dfa-XiaoqiChen/StringMatching/string1x16.8._bit8_na6_nr3_paired.smt2,886.525,7960,132289,成功
/pub/data/jiafq/iscas/Parser_Comparison/../benchmarks/part5/non-incremental/QF_BV/20221214-p4dfa-XiaoqiChen/StringMatching/string1x16.9._bit8_na6_nr3_paired.smt2,882.197,7960,132289,成功
/pub/data/jiafq/iscas/Parser_Comparison/../benchmarks/part5/non-incremental/QF_BV/20221214-p4dfa-XiaoqiChen/StringMatching/string1x8.1._bit8_na6_nr3_paired.smt2,485.25,5388,73337,成功
/pub/data/jiafq/iscas/Parser_Comparison/../benchmarks/part5/non-incremental/QF_BV/20221214-p4dfa-XiaoqiChen/StringMatching/string1x8.10._bit8_na6_nr3_paired.smt2,550.517,5392,73337,成功
/pub/data/jiafq/iscas/Parser_Comparison/../benchmarks/part5/non-incremental/QF_BV/20221214-p4dfa-XiaoqiChen/StringMatching/string1x8.2._bit8_na6_nr3_paired.smt2,678.657,6256,91557,成功
/pub/data/jiafq/iscas/Parser_Comparison/../benchmarks/part5/non-incremental/QF_BV/20221214-p4dfa-XiaoqiChen/StringMatching/string1x8.3._bit8_na6_nr3_paired.smt2,369.708,3696,55117,成功
/pub/data/jiafq/iscas/Parser_Comparison/../benchmarks/part5/non-incremental/QF_BV/20221214-p4dfa-XiaoqiChen/StringMatching/string1x8.4._bit8_na6_nr3_paired.smt2,250.158,3168,36897,成功
/pub/data/jiafq/iscas/Parser_Comparison/../benchmarks/part5/non-incremental/QF_BV/20221214-p4dfa-XiaoqiChen/StringMatching/string1x8.5._bit8_na6_nr3_paired.smt2,483.456,5392,73337,成功
/pub/data/jiafq/iscas/Parser_Comparison/../benchmarks/part5/non-incremental/QF_BV/20221214-p4dfa-XiaoqiChen/StringMatching/string1x8.6._bit8_na6_nr3_paired.smt2,366.482,3696,55117,成功
/pub/data/jiafq/iscas/Parser_Comparison/../benchmarks/part5/non-incremental/QF_BV/20221214-p4dfa-XiaoqiChen/StringMatching/string1x8.7._bit8_na6_nr3_paired.smt2,249.425,3168,36897,成功
/pub/data/jiafq/iscas/Parser_Comparison/../benchmarks/part5/non-incremental/QF_BV/20221214-p4dfa-XiaoqiChen/StringMatching/string1x8.8._bit8_na6_nr3_paired.smt2,487.298,5388,73337,成功
/pub/data/jiafq/iscas/Parser_Comparison/../benchmarks/part5/non-incremental/QF_BV/20221214-p4dfa-XiaoqiChen/StringMatching/string1x8.9._bit8_na6_nr3_paired.smt2,483.083,5392,73337,成功
/pub/data/jiafq/iscas/Parser_Comparison/../benchmarks/part5/non-incremental/QF_BV/20221214-p4dfa-XiaoqiChen/StringMatching/string2x16.1._bit8_na6_nr3_paired.smt2,3439.03,28804,484363,成功
/pub/data/jiafq/iscas/Parser_Comparison/../benchmarks/part5/non-incremental/QF_BV/20221214-p4dfa-XiaoqiChen/StringMatching/string2x16.10._bit8_na6_nr3_paired.smt2,3487.64,29640,499137,成功
/pub/data/jiafq/iscas/Parser_Comparison/../benchmarks/part5/non-incremental/QF_BV/20221214-p4dfa-XiaoqiChen/StringMatching/string2x16.2._bit8_na6_nr3_paired.smt2,3066.14,26900,437189,成功
/pub/data/jiafq/iscas/Parser_Comparison/../benchmarks/part5/non-incremental/QF_BV/20221214-p4dfa-XiaoqiChen/StringMatching/string2x16.3._bit8_na6_nr3_paired.smt2,3916.37,33640,561085,成功
/pub/data/jiafq/iscas/Parser_Comparison/../benchmarks/part5/non-incremental/QF_BV/20221214-p4dfa-XiaoqiChen/StringMatching/string2x16.4._bit8_na6_nr3_paired.smt2,1772.65,15296,251345,成功
/pub/data/jiafq/iscas/Parser_Comparison/../benchmarks/part5/non-incremental/QF_BV/20221214-p4dfa-XiaoqiChen/StringMatching/string2x16.5._bit8_na6_nr3_paired.smt2,3909.34,33668,561085,成功
/pub/data/jiafq/iscas/Parser_Comparison/../benchmarks/part5/non-incremental/QF_BV/20221214-p4dfa-XiaoqiChen/StringMatching/string2x16.6._bit8_na6_nr3_paired.smt2,2174.38,21620,313293,成功
/pub/data/jiafq/iscas/Parser_Comparison/../benchmarks/part5/non-incremental/QF_BV/20221214-p4dfa-XiaoqiChen/StringMatching/string2x16.7._bit8_na6_nr3_paired.smt2,1743.92,15292,251345,成功
/pub/data/jiafq/iscas/Parser_Comparison/../benchmarks/part5/non-incremental/QF_BV/20221214-p4dfa-XiaoqiChen/StringMatching/string2x16.8._bit8_na6_nr3_paired.smt2,3920.35,33672,561085,成功
/pub/data/jiafq/iscas/Parser_Comparison/../benchmarks/part5/non-incremental/QF_BV/20221214-p4dfa-XiaoqiChen/StringMatching/string2x16.9._bit8_na6_nr3_paired.smt2,3891.3,33612,561085,成功
/pub/data/jiafq/iscas/Parser_Comparison/../benchmarks/part5/non-incremental/QF_BV/20221214-p4dfa-XiaoqiChen/StringMatching/string2x8.1._bit8_na6_nr3_paired.smt2,1470.38,13460,217821,成功
/pub/data/jiafq/iscas/Parser_Comparison/../benchmarks/part5/non-incremental/QF_BV/20221214-p4dfa-XiaoqiChen/StringMatching/string2x8.10._bit8_na6_nr3_paired.smt2,1348.78,12588,197881,成功
/pub/data/jiafq/iscas/Parser_Comparison/../benchmarks/part5/non-incremental/QF_BV/20221214-p4dfa-XiaoqiChen/StringMatching/string2x8.2._bit8_na6_nr3_paired.smt2,1316.73,12592,197881,成功
/pub/data/jiafq/iscas/Parser_Comparison/../benchmarks/part5/non-incremental/QF_BV/20221214-p4dfa-XiaoqiChen/StringMatching/string2x8.3._bit8_na6_nr3_paired.smt2,1781.33,15624,263473,成功
/pub/data/jiafq/iscas/Parser_Comparison/../benchmarks/part5/non-incremental/QF_BV/20221214-p4dfa-XiaoqiChen/StringMatching/string2x8.4._bit8_na6_nr3_paired.smt2,900.807,8236,132289,成功
/pub/data/jiafq/iscas/Parser_Comparison/../benchmarks/part5/non-incremental/QF_BV/20221214-p4dfa-XiaoqiChen/StringMatching/string2x8.5._bit8_na6_nr3_paired.smt2,1333.91,12584,197881,成功
/pub/data/jiafq/iscas/Parser_Comparison/../benchmarks/part5/non-incremental/QF_BV/20221214-p4dfa-XiaoqiChen/StringMatching/string2x8.6._bit8_na6_nr3_paired.smt2,1114.01,11136,165085,成功
/pub/data/jiafq/iscas/Parser_Comparison/../benchmarks/part5/non-incremental/QF_BV/20221214-p4dfa-XiaoqiChen/StringMatching/string2x8.7._bit8_na6_nr3_paired.smt2,891.78,8224,132289,成功
/pub/data/jiafq/iscas/Parser_Comparison/../benchmarks/part5/non-incremental/QF_BV/20221214-p4dfa-XiaoqiChen/StringMatching/string2x8.8._bit8_na6_nr3_paired.smt2,1326.99,12588,197881,成功
/pub/data/jiafq/iscas/Parser_Comparison/../benchmarks/part5/non-incremental/QF_BV/20221214-p4dfa-XiaoqiChen/StringMatching/string2x8.9._bit8_na6_nr3_paired.smt2,1313.23,12584,197881,成功
/pub/data/jiafq/iscas/Parser_Comparison/../benchmarks/part5/non-incremental/QF_BV/20221214-p4dfa-XiaoqiChen/StringMatching/string4x16.1._bit16_na6_nr3_paired.smt2,2675.18,25068,398351,成功
/pub/data/jiafq/iscas/Parser_Comparison/../benchmarks/part5/non-incremental/QF_BV/20221214-p4dfa-XiaoqiChen/StringMatching/string4x16.1._bit16_na6_nr4_paired.smt2,8847.36,85812,1236182,成功
/pub/data/jiafq/iscas/Parser_Comparison/../benchmarks/part5/non-incremental/QF_BV/20221214-p4dfa-XiaoqiChen/StringMatching/string4x16.1._bit8_na6_nr4_pairedtwobranch.smt2,9606.22,87316,1274486,成功
/pub/data/jiafq/iscas/Parser_Comparison/../benchmarks/part5/non-incremental/QF_BV/20221214-p4dfa-XiaoqiChen/StringMatching/string4x16.10._bit16_na6_nr3_paired.smt2,4712.53,43924,684981,成功
/pub/data/jiafq/iscas/Parser_Comparison/../benchmarks/part5/non-incremental/QF_BV/20221214-p4dfa-XiaoqiChen/StringMatching/string4x16.10._bit16_na6_nr4_paired.smt2,12886.6,106644,1776572,成功
/pub/data/jiafq/iscas/Parser_Comparison/../benchmarks/part5/non-incremental/QF_BV/20221214-p4dfa-XiaoqiChen/StringMatching/string4x16.10._bit8_na6_nr4_pairedtwobranch.smt2,13875,114380,1831748,成功
/pub/data/jiafq/iscas/Parser_Comparison/../benchmarks/part5/non-incremental/QF_BV/20221214-p4dfa-XiaoqiChen/StringMatching/string4x16.2._bit16_na6_nr3_paired.smt2,2425.14,23100,352987,成功
/pub/data/jiafq/iscas/Parser_Comparison/../benchmarks/part5/non-incremental/QF_BV/20221214-p4dfa-XiaoqiChen/StringMatching/string4x16.2._bit16_na6_nr4_paired.smt2,9012.11,85804,1255992,成功
/pub/data/jiafq/iscas/Parser_Comparison/../benchmarks/part5/non-incremental/QF_BV/20221214-p4dfa-XiaoqiChen/StringMatching/string4x16.2._bit8_na6_nr4_pairedtwobranch.smt2,9857.26,88412,1294904,成功
/pub/data/jiafq/iscas/Parser_Comparison/../benchmarks/part5/non-incremental/QF_BV/20221214-p4dfa-XiaoqiChen/StringMatching/string4x16.3._bit16_na6_nr3_paired.smt2,1957.43,17548,285387,成功
/pub/data/jiafq/iscas/Parser_Comparison/../benchmarks/part5/non-incremental/QF_BV/20221214-p4dfa-XiaoqiChen/StringMatching/string4x16.3._bit16_na6_nr4_paired.smt2,6608.24,56564,930128,成功
/pub/data/jiafq/iscas/Parser_Comparison/../benchmarks/part5/non-incremental/QF_BV/20221214-p4dfa-XiaoqiChen/StringMatching/string4x16.3._bit8_na6_nr4_pairedtwobranch.smt2,7334.52,60244,958856,成功
/pub/data/jiafq/iscas/Parser_Comparison/../benchmarks/part5/non-incremental/QF_BV/20221214-p4dfa-XiaoqiChen/StringMatching/string4x16.4._bit16_na6_nr3_paired.smt2,3745.31,31500,544489,成功
/pub/data/jiafq/iscas/Parser_Comparison/../benchmarks/part5/non-incremental/QF_BV/20221214-p4dfa-XiaoqiChen/StringMatching/string4x16.4._bit16_na6_nr4_paired.smt2,10233.7,91592,1433693,成功
/pub/data/jiafq/iscas/Parser_Comparison/../benchmarks/part5/non-incremental/QF_BV/20221214-p4dfa-XiaoqiChen/StringMatching/string4x16.4._bit8_na6_nr4_pairedtwobranch.smt2,11205.7,96580,1478153,成功
/pub/data/jiafq/iscas/Parser_Comparison/../benchmarks/part5/non-incremental/QF_BV/20221214-p4dfa-XiaoqiChen/StringMatching/string4x16.5._bit16_na6_nr3_paired.smt2,3679.62,31636,544489,成功
/pub/data/jiafq/iscas/Parser_Comparison/../benchmarks/part5/non-incremental/QF_BV/20221214-p4dfa-XiaoqiChen/StringMatching/string4x16.5._bit16_na6_nr4_paired.smt2,11525.8,98288,1591578,成功
/pub/data/jiafq/iscas/Parser_Comparison/../benchmarks/part5/non-incremental/QF_BV/20221214-p4dfa-XiaoqiChen/StringMatching/string4x16.5._bit8_na6_nr4_pairedtwobranch.smt2,12335.7,104412,1640978,成功
/pub/data/jiafq/iscas/Parser_Comparison/../benchmarks/part5/non-incremental/QF_BV/20221214-p4dfa-XiaoqiChen/StringMatching/string4x16.6._bit16_na6_nr3_paired.smt2,2017.67,21564,294683,成功
/pub/data/jiafq/iscas/Parser_Comparison/../benchmarks/part5/non-incremental/QF_BV/20221214-p4dfa-XiaoqiChen/StringMatching/string4x16.6._bit16_na6_nr4_paired.smt2,6744.71,57516,945080,成功
/pub/data/jiafq/iscas/Parser_Comparison/../benchmarks/part5/non-incremental/QF_BV/20221214-p4dfa-XiaoqiChen/StringMatching/string4x16.6._bit8_na6_nr4_pairedtwobranch.smt2,7366.76,61240,974264,成功
/pub/data/jiafq/iscas/Parser_Comparison/../benchmarks/part5/non-incremental/QF_BV/20221214-p4dfa-XiaoqiChen/StringMatching/string4x16.7._bit16_na6_nr3_paired.smt2,3772.9,32288,561085,成功
/pub/data/jiafq/iscas/Parser_Comparison/../benchmarks/part5/non-incremental/QF_BV/20221214-p4dfa-XiaoqiChen/StringMatching/string4x16.7._bit16_na6_nr4_paired.smt2,12750.6,106740,1776572,成功
/pub/data/jiafq/iscas/Parser_Comparison/../benchmarks/part5/non-incremental/QF_BV/20221214-p4dfa-XiaoqiChen/StringMatching/string4x16.7._bit8_na6_nr4_pairedtwobranch.smt2,13819.5,114380,1831748,成功
/pub/data/jiafq/iscas/Parser_Comparison/../benchmarks/part5/non-incremental/QF_BV/20221214-p4dfa-XiaoqiChen/StringMatching/string4x16.8._bit16_na6_nr3_paired.smt2,1599.52,14744,236379,成功
/pub/data/jiafq/iscas/Parser_Comparison/../benchmarks/part5/non-incremental/QF_BV/20221214-p4dfa-XiaoqiChen/StringMatching/string4x16.8._bit16_na6_nr4_paired.smt2,6746.64,57408,945080,成功
/pub/data/jiafq/iscas/Parser_Comparison/../benchmarks/part5/non-incremental/QF_BV/20221214-p4dfa-XiaoqiChen/StringMatching/string4x16.8._bit8_na6_nr4_pairedtwobranch.smt2,7435.88,61244,974264,成功
/pub/data/jiafq/iscas/Parser_Comparison/../benchmarks/part5/non-incremental/QF_BV/20221214-p4dfa-XiaoqiChen/StringMatching/string4x16.9._bit16_na6_nr3_paired.smt2,2564.46,24080,375241,成功
/pub/data/jiafq/iscas/Parser_Comparison/../benchmarks/part5/non-incremental/QF_BV/20221214-p4dfa-XiaoqiChen/StringMatching/string4x16.9._bit16_na6_nr4_paired.smt2,7056.77,58720,975002,成功
/pub/data/jiafq/iscas/Parser_Comparison/../benchmarks/part5/non-incremental/QF_BV/20221214-p4dfa-XiaoqiChen/StringMatching/string4x16.9._bit8_na6_nr4_pairedtwobranch.smt2,7673.29,65284,1005098,成功
/pub/data/jiafq/iscas/Parser_Comparison/../benchmarks/part5/non-incremental/QF_BV/20221214-p4dfa-XiaoqiChen/StringMatching/string4x8.1._bit16_na6_nr4_paired.smt2,3571.04,31012,530131,成功
/pub/data/jiafq/iscas/Parser_Comparison/../benchmarks/part5/non-incremental/QF_BV/20221214-p4dfa-XiaoqiChen/StringMatching/string4x8.1._bit8_na6_nr3_paired.smt2,2674.17,25056,398351,成功
/pub/data/jiafq/iscas/Parser_Comparison/../benchmarks/part5/non-incremental/QF_BV/20221214-p4dfa-XiaoqiChen/StringMatching/string4x8.10._bit16_na6_nr4_paired.smt2,6181.86,53996,912060,成功
/pub/data/jiafq/iscas/Parser_Comparison/../benchmarks/part5/non-incremental/QF_BV/20221214-p4dfa-XiaoqiChen/StringMatching/string4x8.10._bit8_na6_nr3_paired.smt2,4692.33,43972,684981,成功
/pub/data/jiafq/iscas/Parser_Comparison/../benchmarks/part5/non-incremental/QF_BV/20221214-p4dfa-XiaoqiChen/StringMatching/string4x8.2._bit16_na6_nr4_paired.smt2,3253.54,28304,469592,成功
/pub/data/jiafq/iscas/Parser_Comparison/../benchmarks/part5/non-incremental/QF_BV/20221214-p4dfa-XiaoqiChen/StringMatching/string4x8.2._bit8_na6_nr3_paired.smt2,2388.66,23108,352987,成功
/pub/data/jiafq/iscas/Parser_Comparison/../benchmarks/part5/non-incremental/QF_BV/20221214-p4dfa-XiaoqiChen/StringMatching/string4x8.3._bit16_na6_nr4_paired.smt2,2585.04,24368,379533,成功
/pub/data/jiafq/iscas/Parser_Comparison/../benchmarks/part5/non-incremental/QF_BV/20221214-p4dfa-XiaoqiChen/StringMatching/string4x8.3._bit8_na6_nr3_paired.smt2,1958.54,17540,285387,成功
/pub/data/jiafq/iscas/Parser_Comparison/../benchmarks/part5/non-incremental/QF_BV/20221214-p4dfa-XiaoqiChen/StringMatching/string4x8.4._bit16_na6_nr4_paired.smt2,4983.01,45516,724829,成功
/pub/data/jiafq/iscas/Parser_Comparison/../benchmarks/part5/non-incremental/QF_BV/20221214-p4dfa-XiaoqiChen/StringMatching/string4x8.4._bit8_na6_nr3_paired.smt2,3652.33,31476,544489,成功
/pub/data/jiafq/iscas/Parser_Comparison/../benchmarks/part5/non-incremental/QF_BV/20221214-p4dfa-XiaoqiChen/StringMatching/string4x8.5._bit16_na6_nr4_paired.smt2,4915.7,45516,724829,成功
/pub/data/jiafq/iscas/Parser_Comparison/../benchmarks/part5/non-incremental/QF_BV/20221214-p4dfa-XiaoqiChen/StringMatching/string4x8.5._bit8_na6_nr3_paired.smt2,3697.15,31452,544489,成功
/pub/data/jiafq/iscas/Parser_Comparison/../benchmarks/part5/non-incremental/QF_BV/20221214-p4dfa-XiaoqiChen/StringMatching/string4x8.6._bit16_na6_nr4_paired.smt2,2650.27,24872,391864,成功
平均值,388.569,3625.56,116851,100%
