文件名,解析时间(ms),内存使用(KB),AST节点数量,结果
/pub/data/jiafq/iscas/Parser_Comparison/../benchmarks/part31/non-incremental/QF_BV/Sage2/bench_10036.smt2,140.455,528,5701,成功
/pub/data/jiafq/iscas/Parser_Comparison/../benchmarks/part31/non-incremental/QF_BV/Sage2/bench_1004.smt2,243.73,1320,9212,成功
/pub/data/jiafq/iscas/Parser_Comparison/../benchmarks/part31/non-incremental/QF_BV/Sage2/bench_10044.smt2,41.373,264,2007,成功
/pub/data/jiafq/iscas/Parser_Comparison/../benchmarks/part31/non-incremental/QF_BV/Sage2/bench_10046.smt2,219.713,1584,8340,成功
/pub/data/jiafq/iscas/Parser_Comparison/../benchmarks/part31/non-incremental/QF_BV/Sage2/bench_10048.smt2,64.1732,264,2367,成功
/pub/data/jiafq/iscas/Parser_Comparison/../benchmarks/part31/non-incremental/QF_BV/Sage2/bench_10050.smt2,19.8631,264,807,成功
/pub/data/jiafq/iscas/Parser_Comparison/../benchmarks/part31/non-incremental/QF_BV/Sage2/bench_10051.smt2,140.128,1056,5513,成功
/pub/data/jiafq/iscas/Parser_Comparison/../benchmarks/part31/non-incremental/QF_BV/Sage2/bench_10053.smt2,42.2728,264,2007,成功
/pub/data/jiafq/iscas/Parser_Comparison/../benchmarks/part31/non-incremental/QF_BV/Sage2/bench_10054.smt2,41.0869,264,2007,成功
/pub/data/jiafq/iscas/Parser_Comparison/../benchmarks/part31/non-incremental/QF_BV/Sage2/bench_10055.smt2,0,0,0,失败
/pub/data/jiafq/iscas/Parser_Comparison/../benchmarks/part31/non-incremental/QF_BV/Sage2/bench_10056.smt2,51.1999,264,4150,成功
/pub/data/jiafq/iscas/Parser_Comparison/../benchmarks/part31/non-incremental/QF_BV/Sage2/bench_10057.smt2,64.9743,264,2367,成功
/pub/data/jiafq/iscas/Parser_Comparison/../benchmarks/part31/non-incremental/QF_BV/Sage2/bench_10058.smt2,40.1084,264,2007,成功
/pub/data/jiafq/iscas/Parser_Comparison/../benchmarks/part31/non-incremental/QF_BV/Sage2/bench_1006.smt2,22.5708,264,827,成功
/pub/data/jiafq/iscas/Parser_Comparison/../benchmarks/part31/non-incremental/QF_BV/Sage2/bench_10060.smt2,41.5261,264,2007,成功
/pub/data/jiafq/iscas/Parser_Comparison/../benchmarks/part31/non-incremental/QF_BV/Sage2/bench_10062.smt2,64.9822,264,2367,成功
/pub/data/jiafq/iscas/Parser_Comparison/../benchmarks/part31/non-incremental/QF_BV/Sage2/bench_10063.smt2,53.8633,528,2185,成功
/pub/data/jiafq/iscas/Parser_Comparison/../benchmarks/part31/non-incremental/QF_BV/Sage2/bench_10064.smt2,40.8812,264,2007,成功
/pub/data/jiafq/iscas/Parser_Comparison/../benchmarks/part31/non-incremental/QF_BV/Sage2/bench_10066.smt2,40.6518,264,2007,成功
/pub/data/jiafq/iscas/Parser_Comparison/../benchmarks/part31/non-incremental/QF_BV/Sage2/bench_10067.smt2,274.606,528,26657,成功
/pub/data/jiafq/iscas/Parser_Comparison/../benchmarks/part31/non-incremental/QF_BV/Sage2/bench_10068.smt2,8.20327,264,205,成功
/pub/data/jiafq/iscas/Parser_Comparison/../benchmarks/part31/non-incremental/QF_BV/Sage2/bench_10072.smt2,3552.02,2452,1094754,成功
/pub/data/jiafq/iscas/Parser_Comparison/../benchmarks/part31/non-incremental/QF_BV/Sage2/bench_10076.smt2,595.708,1848,26736,成功
/pub/data/jiafq/iscas/Parser_Comparison/../benchmarks/part31/non-incremental/QF_BV/Sage2/bench_1008.smt2,5859.93,3420,3545461,成功
/pub/data/jiafq/iscas/Parser_Comparison/../benchmarks/part31/non-incremental/QF_BV/Sage2/bench_10084.smt2,19.7446,264,807,成功
/pub/data/jiafq/iscas/Parser_Comparison/../benchmarks/part31/non-incremental/QF_BV/Sage2/bench_10085.smt2,588.495,2112,28648,成功
/pub/data/jiafq/iscas/Parser_Comparison/../benchmarks/part31/non-incremental/QF_BV/Sage2/bench_10086.smt2,41.2519,264,2007,成功
/pub/data/jiafq/iscas/Parser_Comparison/../benchmarks/part31/non-incremental/QF_BV/Sage2/bench_10087.smt2,65.1462,264,2367,成功
/pub/data/jiafq/iscas/Parser_Comparison/../benchmarks/part31/non-incremental/QF_BV/Sage2/bench_10088.smt2,112.731,792,5122,成功
/pub/data/jiafq/iscas/Parser_Comparison/../benchmarks/part31/non-incremental/QF_BV/Sage2/bench_10090.smt2,19.7344,264,807,成功
/pub/data/jiafq/iscas/Parser_Comparison/../benchmarks/part31/non-incremental/QF_BV/Sage2/bench_10091.smt2,15.491,264,491,成功
/pub/data/jiafq/iscas/Parser_Comparison/../benchmarks/part31/non-incremental/QF_BV/Sage2/bench_10092.smt2,1191.07,1584,82623,成功
/pub/data/jiafq/iscas/Parser_Comparison/../benchmarks/part31/non-incremental/QF_BV/Sage2/bench_10094.smt2,16.9797,264,1894,成功
/pub/data/jiafq/iscas/Parser_Comparison/../benchmarks/part31/non-incremental/QF_BV/Sage2/bench_10095.smt2,22.3525,264,830,成功
/pub/data/jiafq/iscas/Parser_Comparison/../benchmarks/part31/non-incremental/QF_BV/Sage2/bench_10096.smt2,192.141,2112,6344,成功
/pub/data/jiafq/iscas/Parser_Comparison/../benchmarks/part31/non-incremental/QF_BV/Sage2/bench_10098.smt2,38.0116,264,2007,成功
/pub/data/jiafq/iscas/Parser_Comparison/../benchmarks/part31/non-incremental/QF_BV/Sage2/bench_101.smt2,22.9721,264,787,成功
/pub/data/jiafq/iscas/Parser_Comparison/../benchmarks/part31/non-incremental/QF_BV/Sage2/bench_1010.smt2,2792.63,1980,730437,成功
/pub/data/jiafq/iscas/Parser_Comparison/../benchmarks/part31/non-incremental/QF_BV/Sage2/bench_10100.smt2,41.0116,264,2007,成功
/pub/data/jiafq/iscas/Parser_Comparison/../benchmarks/part31/non-incremental/QF_BV/Sage2/bench_10102.smt2,62.969,264,2367,成功
/pub/data/jiafq/iscas/Parser_Comparison/../benchmarks/part31/non-incremental/QF_BV/Sage2/bench_10103.smt2,19.6533,264,794,成功
/pub/data/jiafq/iscas/Parser_Comparison/../benchmarks/part31/non-incremental/QF_BV/Sage2/bench_10105.smt2,95.1865,792,3864,成功
/pub/data/jiafq/iscas/Parser_Comparison/../benchmarks/part31/non-incremental/QF_BV/Sage2/bench_10107.smt2,346.921,2376,11824,成功
/pub/data/jiafq/iscas/Parser_Comparison/../benchmarks/part31/non-incremental/QF_BV/Sage2/bench_10109.smt2,38.7554,264,2007,成功
/pub/data/jiafq/iscas/Parser_Comparison/../benchmarks/part31/non-incremental/QF_BV/Sage2/bench_1011.smt2,208.167,2112,6908,成功
/pub/data/jiafq/iscas/Parser_Comparison/../benchmarks/part31/non-incremental/QF_BV/Sage2/bench_10110.smt2,42.253,264,2007,成功
/pub/data/jiafq/iscas/Parser_Comparison/../benchmarks/part31/non-incremental/QF_BV/Sage2/bench_10111.smt2,18.8673,264,701,成功
/pub/data/jiafq/iscas/Parser_Comparison/../benchmarks/part31/non-incremental/QF_BV/Sage2/bench_10114.smt2,60.6968,264,2367,成功
/pub/data/jiafq/iscas/Parser_Comparison/../benchmarks/part31/non-incremental/QF_BV/Sage2/bench_10115.smt2,780.567,2112,41306,成功
/pub/data/jiafq/iscas/Parser_Comparison/../benchmarks/part31/non-incremental/QF_BV/Sage2/bench_10116.smt2,220.959,1320,9021,成功
/pub/data/jiafq/iscas/Parser_Comparison/../benchmarks/part31/non-incremental/QF_BV/Sage2/bench_10118.smt2,82.1314,528,4076,成功
/pub/data/jiafq/iscas/Parser_Comparison/../benchmarks/part31/non-incremental/QF_BV/Sage2/bench_10119.smt2,39.0363,264,2007,成功
/pub/data/jiafq/iscas/Parser_Comparison/../benchmarks/part31/non-incremental/QF_BV/Sage2/bench_10120.smt2,497.49,1320,24682,成功
/pub/data/jiafq/iscas/Parser_Comparison/../benchmarks/part31/non-incremental/QF_BV/Sage2/bench_10121.smt2,21.8284,264,744,成功
/pub/data/jiafq/iscas/Parser_Comparison/../benchmarks/part31/non-incremental/QF_BV/Sage2/bench_10122.smt2,555.14,1056,35819,成功
/pub/data/jiafq/iscas/Parser_Comparison/../benchmarks/part31/non-incremental/QF_BV/Sage2/bench_10124.smt2,0,0,0,失败
/pub/data/jiafq/iscas/Parser_Comparison/../benchmarks/part31/non-incremental/QF_BV/Sage2/bench_10125.smt2,37.6723,264,2007,成功
/pub/data/jiafq/iscas/Parser_Comparison/../benchmarks/part31/non-incremental/QF_BV/Sage2/bench_10126.smt2,60.1358,264,2367,成功
/pub/data/jiafq/iscas/Parser_Comparison/../benchmarks/part31/non-incremental/QF_BV/Sage2/bench_10127.smt2,93.6434,1056,3808,成功
/pub/data/jiafq/iscas/Parser_Comparison/../benchmarks/part31/non-incremental/QF_BV/Sage2/bench_10128.smt2,2440.75,1940,674617,成功
/pub/data/jiafq/iscas/Parser_Comparison/../benchmarks/part31/non-incremental/QF_BV/Sage2/bench_1013.smt2,25.0182,264,921,成功
/pub/data/jiafq/iscas/Parser_Comparison/../benchmarks/part31/non-incremental/QF_BV/Sage2/bench_10130.smt2,5767.18,4012,3625441,成功
/pub/data/jiafq/iscas/Parser_Comparison/../benchmarks/part31/non-incremental/QF_BV/Sage2/bench_10131.smt2,396.368,792,21750,成功
/pub/data/jiafq/iscas/Parser_Comparison/../benchmarks/part31/non-incremental/QF_BV/Sage2/bench_10133.smt2,146.981,1320,5397,成功
/pub/data/jiafq/iscas/Parser_Comparison/../benchmarks/part31/non-incremental/QF_BV/Sage2/bench_10134.smt2,2021.7,7288,178593,成功
/pub/data/jiafq/iscas/Parser_Comparison/../benchmarks/part31/non-incremental/QF_BV/Sage2/bench_10135.smt2,36.7942,264,2007,成功
/pub/data/jiafq/iscas/Parser_Comparison/../benchmarks/part31/non-incremental/QF_BV/Sage2/bench_10136.smt2,38.6314,264,2007,成功
/pub/data/jiafq/iscas/Parser_Comparison/../benchmarks/part31/non-incremental/QF_BV/Sage2/bench_10137.smt2,2037.78,7284,178593,成功
/pub/data/jiafq/iscas/Parser_Comparison/../benchmarks/part31/non-incremental/QF_BV/Sage2/bench_10138.smt2,24.1733,264,872,成功
/pub/data/jiafq/iscas/Parser_Comparison/../benchmarks/part31/non-incremental/QF_BV/Sage2/bench_10141.smt2,59.8044,264,2367,成功
/pub/data/jiafq/iscas/Parser_Comparison/../benchmarks/part31/non-incremental/QF_BV/Sage2/bench_10142.smt2,414.545,1056,30694,成功
/pub/data/jiafq/iscas/Parser_Comparison/../benchmarks/part31/non-incremental/QF_BV/Sage2/bench_10143.smt2,871.999,1056,217367,成功
/pub/data/jiafq/iscas/Parser_Comparison/../benchmarks/part31/non-incremental/QF_BV/Sage2/bench_10144.smt2,356.979,3768,12505,成功
/pub/data/jiafq/iscas/Parser_Comparison/../benchmarks/part31/non-incremental/QF_BV/Sage2/bench_10145.smt2,38.0566,264,2007,成功
/pub/data/jiafq/iscas/Parser_Comparison/../benchmarks/part31/non-incremental/QF_BV/Sage2/bench_10146.smt2,37.3411,264,2007,成功
/pub/data/jiafq/iscas/Parser_Comparison/../benchmarks/part31/non-incremental/QF_BV/Sage2/bench_10147.smt2,37.8153,264,2007,成功
/pub/data/jiafq/iscas/Parser_Comparison/../benchmarks/part31/non-incremental/QF_BV/Sage2/bench_10149.smt2,65.8553,792,2721,成功
/pub/data/jiafq/iscas/Parser_Comparison/../benchmarks/part31/non-incremental/QF_BV/Sage2/bench_1015.smt2,39.1526,264,3759,成功
/pub/data/jiafq/iscas/Parser_Comparison/../benchmarks/part31/non-incremental/QF_BV/Sage2/bench_10150.smt2,53.4997,792,1714,成功
/pub/data/jiafq/iscas/Parser_Comparison/../benchmarks/part31/non-incremental/QF_BV/Sage2/bench_10155.smt2,37.2982,264,2007,成功
/pub/data/jiafq/iscas/Parser_Comparison/../benchmarks/part31/non-incremental/QF_BV/Sage2/bench_10158.smt2,18.3814,264,807,成功
/pub/data/jiafq/iscas/Parser_Comparison/../benchmarks/part31/non-incremental/QF_BV/Sage2/bench_1016.smt2,1522.8,4200,141837,成功
/pub/data/jiafq/iscas/Parser_Comparison/../benchmarks/part31/non-incremental/QF_BV/Sage2/bench_10161.smt2,44.3943,264,4086,成功
/pub/data/jiafq/iscas/Parser_Comparison/../benchmarks/part31/non-incremental/QF_BV/Sage2/bench_10171.smt2,43.1287,264,2007,成功
/pub/data/jiafq/iscas/Parser_Comparison/../benchmarks/part31/non-incremental/QF_BV/Sage2/bench_1018.smt2,451.472,2904,24568,成功
/pub/data/jiafq/iscas/Parser_Comparison/../benchmarks/part31/non-incremental/QF_BV/Sage2/bench_10186.smt2,38.0557,264,2007,成功
/pub/data/jiafq/iscas/Parser_Comparison/../benchmarks/part31/non-incremental/QF_BV/Sage2/bench_10188.smt2,20.7262,264,856,成功
/pub/data/jiafq/iscas/Parser_Comparison/../benchmarks/part31/non-incremental/QF_BV/Sage2/bench_10190.smt2,4794.89,3028,2146474,成功
/pub/data/jiafq/iscas/Parser_Comparison/../benchmarks/part31/non-incremental/QF_BV/Sage2/bench_10194.smt2,39.6914,264,2007,成功
/pub/data/jiafq/iscas/Parser_Comparison/../benchmarks/part31/non-incremental/QF_BV/Sage2/bench_10196.smt2,60.9808,264,2367,成功
/pub/data/jiafq/iscas/Parser_Comparison/../benchmarks/part31/non-incremental/QF_BV/Sage2/bench_102.smt2,449.295,2640,23295,成功
/pub/data/jiafq/iscas/Parser_Comparison/../benchmarks/part31/non-incremental/QF_BV/Sage2/bench_1020.smt2,63.2775,792,2625,成功
/pub/data/jiafq/iscas/Parser_Comparison/../benchmarks/part31/non-incremental/QF_BV/Sage2/bench_10200.smt2,570.265,2640,27860,成功
/pub/data/jiafq/iscas/Parser_Comparison/../benchmarks/part31/non-incremental/QF_BV/Sage2/bench_10202.smt2,61.1854,264,2367,成功
/pub/data/jiafq/iscas/Parser_Comparison/../benchmarks/part31/non-incremental/QF_BV/Sage2/bench_10204.smt2,37.0562,264,2007,成功
/pub/data/jiafq/iscas/Parser_Comparison/../benchmarks/part31/non-incremental/QF_BV/Sage2/bench_10207.smt2,123.723,528,5503,成功
/pub/data/jiafq/iscas/Parser_Comparison/../benchmarks/part31/non-incremental/QF_BV/Sage2/bench_10209.smt2,22.6824,264,1032,成功
/pub/data/jiafq/iscas/Parser_Comparison/../benchmarks/part31/non-incremental/QF_BV/Sage2/bench_10211.smt2,0,0,0,失败
/pub/data/jiafq/iscas/Parser_Comparison/../benchmarks/part31/non-incremental/QF_BV/Sage2/bench_10213.smt2,497.601,1056,25983,成功
/pub/data/jiafq/iscas/Parser_Comparison/../benchmarks/part31/non-incremental/QF_BV/Sage2/bench_10215.smt2,35.6817,264,1374,成功
/pub/data/jiafq/iscas/Parser_Comparison/../benchmarks/part31/non-incremental/QF_BV/Sage2/bench_10218.smt2,38.6262,264,2007,成功
/pub/data/jiafq/iscas/Parser_Comparison/../benchmarks/part31/non-incremental/QF_BV/Sage2/bench_1022.smt2,222.507,1320,10667,成功
/pub/data/jiafq/iscas/Parser_Comparison/../benchmarks/part31/non-incremental/QF_BV/Sage2/bench_10221.smt2,1843.17,5468,150549,成功
/pub/data/jiafq/iscas/Parser_Comparison/../benchmarks/part31/non-incremental/QF_BV/Sage2/bench_10223.smt2,447.956,1320,23955,成功
/pub/data/jiafq/iscas/Parser_Comparison/../benchmarks/part31/non-incremental/QF_BV/Sage2/bench_10225.smt2,8.02279,264,306,成功
/pub/data/jiafq/iscas/Parser_Comparison/../benchmarks/part31/non-incremental/QF_BV/Sage2/bench_10226.smt2,38.166,264,1845,成功
/pub/data/jiafq/iscas/Parser_Comparison/../benchmarks/part31/non-incremental/QF_BV/Sage2/bench_10228.smt2,49.4399,792,1654,成功
/pub/data/jiafq/iscas/Parser_Comparison/../benchmarks/part31/non-incremental/QF_BV/Sage2/bench_10229.smt2,38.4851,264,2007,成功
/pub/data/jiafq/iscas/Parser_Comparison/../benchmarks/part31/non-incremental/QF_BV/Sage2/bench_10230.smt2,37.8389,264,2007,成功
/pub/data/jiafq/iscas/Parser_Comparison/../benchmarks/part31/non-incremental/QF_BV/Sage2/bench_10232.smt2,35.2778,264,1374,成功
/pub/data/jiafq/iscas/Parser_Comparison/../benchmarks/part31/non-incremental/QF_BV/Sage2/bench_10233.smt2,37.8458,264,2007,成功
/pub/data/jiafq/iscas/Parser_Comparison/../benchmarks/part31/non-incremental/QF_BV/Sage2/bench_10235.smt2,37.1056,264,2007,成功
/pub/data/jiafq/iscas/Parser_Comparison/../benchmarks/part31/non-incremental/QF_BV/Sage2/bench_10236.smt2,448.701,792,37393,成功
/pub/data/jiafq/iscas/Parser_Comparison/../benchmarks/part31/non-incremental/QF_BV/Sage2/bench_10238.smt2,36.1261,264,1374,成功
/pub/data/jiafq/iscas/Parser_Comparison/../benchmarks/part31/non-incremental/QF_BV/Sage2/bench_1024.smt2,43.1635,264,1575,成功
/pub/data/jiafq/iscas/Parser_Comparison/../benchmarks/part31/non-incremental/QF_BV/Sage2/bench_10240.smt2,61.7025,264,2444,成功
/pub/data/jiafq/iscas/Parser_Comparison/../benchmarks/part31/non-incremental/QF_BV/Sage2/bench_10241.smt2,92.3645,792,4822,成功
/pub/data/jiafq/iscas/Parser_Comparison/../benchmarks/part31/non-incremental/QF_BV/Sage2/bench_10242.smt2,37.9088,264,2007,成功
/pub/data/jiafq/iscas/Parser_Comparison/../benchmarks/part31/non-incremental/QF_BV/Sage2/bench_10243.smt2,37.9214,264,2007,成功
/pub/data/jiafq/iscas/Parser_Comparison/../benchmarks/part31/non-incremental/QF_BV/Sage2/bench_10248.smt2,63.8416,264,2556,成功
/pub/data/jiafq/iscas/Parser_Comparison/../benchmarks/part31/non-incremental/QF_BV/Sage2/bench_10249.smt2,36.8826,264,2007,成功
/pub/data/jiafq/iscas/Parser_Comparison/../benchmarks/part31/non-incremental/QF_BV/Sage2/bench_1025.smt2,0,0,0,失败
/pub/data/jiafq/iscas/Parser_Comparison/../benchmarks/part31/non-incremental/QF_BV/Sage2/bench_10252.smt2,547.673,1320,37239,成功
/pub/data/jiafq/iscas/Parser_Comparison/../benchmarks/part31/non-incremental/QF_BV/Sage2/bench_10253.smt2,37.611,264,2007,成功
/pub/data/jiafq/iscas/Parser_Comparison/../benchmarks/part31/non-incremental/QF_BV/Sage2/bench_10255.smt2,3110.05,2432,1044189,成功
/pub/data/jiafq/iscas/Parser_Comparison/../benchmarks/part31/non-incremental/QF_BV/Sage2/bench_10257.smt2,307.324,792,13168,成功
/pub/data/jiafq/iscas/Parser_Comparison/../benchmarks/part31/non-incremental/QF_BV/Sage2/bench_10258.smt2,37.1811,264,2007,成功
/pub/data/jiafq/iscas/Parser_Comparison/../benchmarks/part31/non-incremental/QF_BV/Sage2/bench_1026.smt2,48.4438,528,1920,成功
/pub/data/jiafq/iscas/Parser_Comparison/../benchmarks/part31/non-incremental/QF_BV/Sage2/bench_10266.smt2,101.861,792,4316,成功
/pub/data/jiafq/iscas/Parser_Comparison/../benchmarks/part31/non-incremental/QF_BV/Sage2/bench_1027.smt2,0,0,0,失败
/pub/data/jiafq/iscas/Parser_Comparison/../benchmarks/part31/non-incremental/QF_BV/Sage2/bench_10273.smt2,2432.42,1948,675036,成功
/pub/data/jiafq/iscas/Parser_Comparison/../benchmarks/part31/non-incremental/QF_BV/Sage2/bench_10275.smt2,44.8954,264,1784,成功
/pub/data/jiafq/iscas/Parser_Comparison/../benchmarks/part31/non-incremental/QF_BV/Sage2/bench_10277.smt2,305.845,1584,16071,成功
/pub/data/jiafq/iscas/Parser_Comparison/../benchmarks/part31/non-incremental/QF_BV/Sage2/bench_10279.smt2,37.6093,264,2007,成功
/pub/data/jiafq/iscas/Parser_Comparison/../benchmarks/part31/non-incremental/QF_BV/Sage2/bench_1028.smt2,57.1136,264,2647,成功
/pub/data/jiafq/iscas/Parser_Comparison/../benchmarks/part31/non-incremental/QF_BV/Sage2/bench_10281.smt2,10153.2,3476,3137767,成功
/pub/data/jiafq/iscas/Parser_Comparison/../benchmarks/part31/non-incremental/QF_BV/Sage2/bench_10282.smt2,35.3467,264,1374,成功
/pub/data/jiafq/iscas/Parser_Comparison/../benchmarks/part31/non-incremental/QF_BV/Sage2/bench_10285.smt2,61.1897,264,2444,成功
/pub/data/jiafq/iscas/Parser_Comparison/../benchmarks/part31/non-incremental/QF_BV/Sage2/bench_10287.smt2,0,0,0,失败
/pub/data/jiafq/iscas/Parser_Comparison/../benchmarks/part31/non-incremental/QF_BV/Sage2/bench_10289.smt2,36.8702,264,2007,成功
/pub/data/jiafq/iscas/Parser_Comparison/../benchmarks/part31/non-incremental/QF_BV/Sage2/bench_1029.smt2,4243.34,2840,2257259,成功
/pub/data/jiafq/iscas/Parser_Comparison/../benchmarks/part31/non-incremental/QF_BV/Sage2/bench_10291.smt2,37.8184,264,2007,成功
/pub/data/jiafq/iscas/Parser_Comparison/../benchmarks/part31/non-incremental/QF_BV/Sage2/bench_10293.smt2,754.954,792,84247,成功
/pub/data/jiafq/iscas/Parser_Comparison/../benchmarks/part31/non-incremental/QF_BV/Sage2/bench_10295.smt2,34.1396,264,1337,成功
/pub/data/jiafq/iscas/Parser_Comparison/../benchmarks/part31/non-incremental/QF_BV/Sage2/bench_10297.smt2,0,0,0,失败
/pub/data/jiafq/iscas/Parser_Comparison/../benchmarks/part31/non-incremental/QF_BV/Sage2/bench_10298.smt2,37.2977,264,2007,成功
/pub/data/jiafq/iscas/Parser_Comparison/../benchmarks/part31/non-incremental/QF_BV/Sage2/bench_10299.smt2,37.3805,264,2007,成功
/pub/data/jiafq/iscas/Parser_Comparison/../benchmarks/part31/non-incremental/QF_BV/Sage2/bench_10302.smt2,134.627,1056,5763,成功
/pub/data/jiafq/iscas/Parser_Comparison/../benchmarks/part31/non-incremental/QF_BV/Sage2/bench_10303.smt2,37.9839,264,2007,成功
/pub/data/jiafq/iscas/Parser_Comparison/../benchmarks/part31/non-incremental/QF_BV/Sage2/bench_10305.smt2,264.94,528,24582,成功
/pub/data/jiafq/iscas/Parser_Comparison/../benchmarks/part31/non-incremental/QF_BV/Sage2/bench_10306.smt2,15.1134,264,516,成功
/pub/data/jiafq/iscas/Parser_Comparison/../benchmarks/part31/non-incremental/QF_BV/Sage2/bench_10307.smt2,761.308,2640,37034,成功
/pub/data/jiafq/iscas/Parser_Comparison/../benchmarks/part31/non-incremental/QF_BV/Sage2/bench_10308.smt2,146.847,1056,8534,成功
/pub/data/jiafq/iscas/Parser_Comparison/../benchmarks/part31/non-incremental/QF_BV/Sage2/bench_10309.smt2,37.3039,264,2007,成功
/pub/data/jiafq/iscas/Parser_Comparison/../benchmarks/part31/non-incremental/QF_BV/Sage2/bench_1031.smt2,83.4346,528,4939,成功
/pub/data/jiafq/iscas/Parser_Comparison/../benchmarks/part31/non-incremental/QF_BV/Sage2/bench_10310.smt2,37.9984,264,2007,成功
/pub/data/jiafq/iscas/Parser_Comparison/../benchmarks/part31/non-incremental/QF_BV/Sage2/bench_10311.smt2,37.4415,264,2007,成功
/pub/data/jiafq/iscas/Parser_Comparison/../benchmarks/part31/non-incremental/QF_BV/Sage2/bench_10312.smt2,34.6885,264,1337,成功
/pub/data/jiafq/iscas/Parser_Comparison/../benchmarks/part31/non-incremental/QF_BV/Sage2/bench_10313.smt2,258.28,528,23891,成功
/pub/data/jiafq/iscas/Parser_Comparison/../benchmarks/part31/non-incremental/QF_BV/Sage2/bench_10314.smt2,22.7311,264,1031,成功
/pub/data/jiafq/iscas/Parser_Comparison/../benchmarks/part31/non-incremental/QF_BV/Sage2/bench_10315.smt2,198.098,1584,8722,成功
/pub/data/jiafq/iscas/Parser_Comparison/../benchmarks/part31/non-incremental/QF_BV/Sage2/bench_10316.smt2,146.905,528,6541,成功
/pub/data/jiafq/iscas/Parser_Comparison/../benchmarks/part31/non-incremental/QF_BV/Sage2/bench_10317.smt2,17.8828,264,794,成功
/pub/data/jiafq/iscas/Parser_Comparison/../benchmarks/part31/non-incremental/QF_BV/Sage2/bench_10319.smt2,30.2861,264,1415,成功
/pub/data/jiafq/iscas/Parser_Comparison/../benchmarks/part31/non-incremental/QF_BV/Sage2/bench_10320.smt2,44.9445,264,1784,成功
/pub/data/jiafq/iscas/Parser_Comparison/../benchmarks/part31/non-incremental/QF_BV/Sage2/bench_10322.smt2,416.099,1056,23534,成功
/pub/data/jiafq/iscas/Parser_Comparison/../benchmarks/part31/non-incremental/QF_BV/Sage2/bench_10323.smt2,25.1596,264,1078,成功
/pub/data/jiafq/iscas/Parser_Comparison/../benchmarks/part31/non-incremental/QF_BV/Sage2/bench_10324.smt2,37.8106,264,1845,成功
/pub/data/jiafq/iscas/Parser_Comparison/../benchmarks/part31/non-incremental/QF_BV/Sage2/bench_10326.smt2,1363.59,1848,60642,成功
/pub/data/jiafq/iscas/Parser_Comparison/../benchmarks/part31/non-incremental/QF_BV/Sage2/bench_10327.smt2,30.123,264,1389,成功
/pub/data/jiafq/iscas/Parser_Comparison/../benchmarks/part31/non-incremental/QF_BV/Sage2/bench_10328.smt2,16509.9,7944,1362945,成功
/pub/data/jiafq/iscas/Parser_Comparison/../benchmarks/part31/non-incremental/QF_BV/Sage2/bench_1033.smt2,150.458,528,6715,成功
/pub/data/jiafq/iscas/Parser_Comparison/../benchmarks/part31/non-incremental/QF_BV/Sage2/bench_10331.smt2,3219.73,17476,197341,成功
/pub/data/jiafq/iscas/Parser_Comparison/../benchmarks/part31/non-incremental/QF_BV/Sage2/bench_10333.smt2,30.278,264,1415,成功
/pub/data/jiafq/iscas/Parser_Comparison/../benchmarks/part31/non-incremental/QF_BV/Sage2/bench_10336.smt2,356.692,1056,37531,成功
/pub/data/jiafq/iscas/Parser_Comparison/../benchmarks/part31/non-incremental/QF_BV/Sage2/bench_10339.smt2,22.584,264,825,成功
/pub/data/jiafq/iscas/Parser_Comparison/../benchmarks/part31/non-incremental/QF_BV/Sage2/bench_10341.smt2,34.312,264,3496,成功
/pub/data/jiafq/iscas/Parser_Comparison/../benchmarks/part31/non-incremental/QF_BV/Sage2/bench_10343.smt2,37.015,264,2007,成功
/pub/data/jiafq/iscas/Parser_Comparison/../benchmarks/part31/non-incremental/QF_BV/Sage2/bench_10346.smt2,714.578,2640,34738,成功
/pub/data/jiafq/iscas/Parser_Comparison/../benchmarks/part31/non-incremental/QF_BV/Sage2/bench_10348.smt2,496.815,1320,25831,成功
/pub/data/jiafq/iscas/Parser_Comparison/../benchmarks/part31/non-incremental/QF_BV/Sage2/bench_1035.smt2,0,0,0,失败
/pub/data/jiafq/iscas/Parser_Comparison/../benchmarks/part31/non-incremental/QF_BV/Sage2/bench_10351.smt2,37.6999,264,2007,成功
/pub/data/jiafq/iscas/Parser_Comparison/../benchmarks/part31/non-incremental/QF_BV/Sage2/bench_10353.smt2,5630.12,4016,3625482,成功
/pub/data/jiafq/iscas/Parser_Comparison/../benchmarks/part31/non-incremental/QF_BV/Sage2/bench_10355.smt2,37.3952,264,2007,成功
/pub/data/jiafq/iscas/Parser_Comparison/../benchmarks/part31/non-incremental/QF_BV/Sage2/bench_10357.smt2,92.7689,792,4130,成功
/pub/data/jiafq/iscas/Parser_Comparison/../benchmarks/part31/non-incremental/QF_BV/Sage2/bench_10359.smt2,570.053,2112,28724,成功
/pub/data/jiafq/iscas/Parser_Comparison/../benchmarks/part31/non-incremental/QF_BV/Sage2/bench_10361.smt2,63.2138,264,2556,成功
/pub/data/jiafq/iscas/Parser_Comparison/../benchmarks/part31/non-incremental/QF_BV/Sage2/bench_10362.smt2,37.3971,264,2007,成功
/pub/data/jiafq/iscas/Parser_Comparison/../benchmarks/part31/non-incremental/QF_BV/Sage2/bench_10364.smt2,37.7965,264,2007,成功
/pub/data/jiafq/iscas/Parser_Comparison/../benchmarks/part31/non-incremental/QF_BV/Sage2/bench_10367.smt2,148.374,528,6608,成功
/pub/data/jiafq/iscas/Parser_Comparison/../benchmarks/part31/non-incremental/QF_BV/Sage2/bench_1037.smt2,13.375,264,402,成功
/pub/data/jiafq/iscas/Parser_Comparison/../benchmarks/part31/non-incremental/QF_BV/Sage2/bench_10372.smt2,37.3421,264,2007,成功
/pub/data/jiafq/iscas/Parser_Comparison/../benchmarks/part31/non-incremental/QF_BV/Sage2/bench_10373.smt2,0,0,0,失败
/pub/data/jiafq/iscas/Parser_Comparison/../benchmarks/part31/non-incremental/QF_BV/Sage2/bench_10374.smt2,37.688,264,2007,成功
/pub/data/jiafq/iscas/Parser_Comparison/../benchmarks/part31/non-incremental/QF_BV/Sage2/bench_10376.smt2,37.6236,264,2007,成功
/pub/data/jiafq/iscas/Parser_Comparison/../benchmarks/part31/non-incremental/QF_BV/Sage2/bench_10378.smt2,2903.75,3392,133687,成功
/pub/data/jiafq/iscas/Parser_Comparison/../benchmarks/part31/non-incremental/QF_BV/Sage2/bench_10381.smt2,37.3116,264,2007,成功
/pub/data/jiafq/iscas/Parser_Comparison/../benchmarks/part31/non-incremental/QF_BV/Sage2/bench_10382.smt2,104.366,1056,4370,成功
/pub/data/jiafq/iscas/Parser_Comparison/../benchmarks/part31/non-incremental/QF_BV/Sage2/bench_10383.smt2,60.7708,264,2444,成功
/pub/data/jiafq/iscas/Parser_Comparison/../benchmarks/part31/non-incremental/QF_BV/Sage2/bench_10385.smt2,77.9595,528,5010,成功
/pub/data/jiafq/iscas/Parser_Comparison/../benchmarks/part31/non-incremental/QF_BV/Sage2/bench_10386.smt2,60.7457,264,2444,成功
/pub/data/jiafq/iscas/Parser_Comparison/../benchmarks/part31/non-incremental/QF_BV/Sage2/bench_10387.smt2,37.6396,264,2007,成功
/pub/data/jiafq/iscas/Parser_Comparison/../benchmarks/part31/non-incremental/QF_BV/Sage2/bench_10389.smt2,45.0568,264,1784,成功
/pub/data/jiafq/iscas/Parser_Comparison/../benchmarks/part31/non-incremental/QF_BV/Sage2/bench_10390.smt2,24.5197,264,1133,成功
/pub/data/jiafq/iscas/Parser_Comparison/../benchmarks/part31/non-incremental/QF_BV/Sage2/bench_10392.smt2,21.7226,264,825,成功
/pub/data/jiafq/iscas/Parser_Comparison/../benchmarks/part31/non-incremental/QF_BV/Sage2/bench_10393.smt2,34.4684,264,1337,成功
/pub/data/jiafq/iscas/Parser_Comparison/../benchmarks/part31/non-incremental/QF_BV/Sage2/bench_10394.smt2,37.5636,264,2007,成功
/pub/data/jiafq/iscas/Parser_Comparison/../benchmarks/part31/non-incremental/QF_BV/Sage2/bench_10396.smt2,107.573,792,5182,成功
/pub/data/jiafq/iscas/Parser_Comparison/../benchmarks/part31/non-incremental/QF_BV/Sage2/bench_10397.smt2,4974.52,3140,3049876,成功
/pub/data/jiafq/iscas/Parser_Comparison/../benchmarks/part31/non-incremental/QF_BV/Sage2/bench_104.smt2,604.04,3960,27808,成功
/pub/data/jiafq/iscas/Parser_Comparison/../benchmarks/part31/non-incremental/QF_BV/Sage2/bench_1040.smt2,222.338,1320,9212,成功
/pub/data/jiafq/iscas/Parser_Comparison/../benchmarks/part31/non-incremental/QF_BV/Sage2/bench_10400.smt2,554.567,1056,106481,成功
/pub/data/jiafq/iscas/Parser_Comparison/../benchmarks/part31/non-incremental/QF_BV/Sage2/bench_10401.smt2,5047.15,3124,2518452,成功
/pub/data/jiafq/iscas/Parser_Comparison/../benchmarks/part31/non-incremental/QF_BV/Sage2/bench_10403.smt2,59.1414,264,2367,成功
/pub/data/jiafq/iscas/Parser_Comparison/../benchmarks/part31/non-incremental/QF_BV/Sage2/bench_10405.smt2,140.939,1320,5677,成功
/pub/data/jiafq/iscas/Parser_Comparison/../benchmarks/part31/non-incremental/QF_BV/Sage2/bench_10406.smt2,37.4095,264,2007,成功
/pub/data/jiafq/iscas/Parser_Comparison/../benchmarks/part31/non-incremental/QF_BV/Sage2/bench_10408.smt2,30.3271,264,1415,成功
/pub/data/jiafq/iscas/Parser_Comparison/../benchmarks/part31/non-incremental/QF_BV/Sage2/bench_10412.smt2,34.0393,264,3455,成功
/pub/data/jiafq/iscas/Parser_Comparison/../benchmarks/part31/non-incremental/QF_BV/Sage2/bench_10415.smt2,471.839,2904,25379,成功
/pub/data/jiafq/iscas/Parser_Comparison/../benchmarks/part31/non-incremental/QF_BV/Sage2/bench_10417.smt2,37.3189,264,2007,成功
/pub/data/jiafq/iscas/Parser_Comparison/../benchmarks/part31/non-incremental/QF_BV/Sage2/bench_10423.smt2,37.2734,264,2007,成功
/pub/data/jiafq/iscas/Parser_Comparison/../benchmarks/part31/non-incremental/QF_BV/Sage2/bench_10424.smt2,622.48,5168,30315,成功
/pub/data/jiafq/iscas/Parser_Comparison/../benchmarks/part31/non-incremental/QF_BV/Sage2/bench_10426.smt2,30.1604,264,1402,成功
/pub/data/jiafq/iscas/Parser_Comparison/../benchmarks/part31/non-incremental/QF_BV/Sage2/bench_10432.smt2,114.43,792,6021,成功
/pub/data/jiafq/iscas/Parser_Comparison/../benchmarks/part31/non-incremental/QF_BV/Sage2/bench_10437.smt2,36.8316,264,2007,成功
/pub/data/jiafq/iscas/Parser_Comparison/../benchmarks/part31/non-incremental/QF_BV/Sage2/bench_10439.smt2,0,0,0,失败
/pub/data/jiafq/iscas/Parser_Comparison/../benchmarks/part31/non-incremental/QF_BV/Sage2/bench_1044.smt2,2955.15,2476,746219,成功
/pub/data/jiafq/iscas/Parser_Comparison/../benchmarks/part31/non-incremental/QF_BV/Sage2/bench_10442.smt2,278.297,528,17000,成功
/pub/data/jiafq/iscas/Parser_Comparison/../benchmarks/part31/non-incremental/QF_BV/Sage2/bench_10444.smt2,37.1566,264,2007,成功
/pub/data/jiafq/iscas/Parser_Comparison/../benchmarks/part31/non-incremental/QF_BV/Sage2/bench_10446.smt2,37.5276,264,2007,成功
/pub/data/jiafq/iscas/Parser_Comparison/../benchmarks/part31/non-incremental/QF_BV/Sage2/bench_10448.smt2,462.464,5296,20125,成功
/pub/data/jiafq/iscas/Parser_Comparison/../benchmarks/part31/non-incremental/QF_BV/Sage2/bench_10449.smt2,37.5402,264,2007,成功
/pub/data/jiafq/iscas/Parser_Comparison/../benchmarks/part31/non-incremental/QF_BV/Sage2/bench_10451.smt2,466.09,5296,20122,成功
/pub/data/jiafq/iscas/Parser_Comparison/../benchmarks/part31/non-incremental/QF_BV/Sage2/bench_10453.smt2,257.479,528,26626,成功
/pub/data/jiafq/iscas/Parser_Comparison/../benchmarks/part31/non-incremental/QF_BV/Sage2/bench_10454.smt2,37.2584,264,2007,成功
/pub/data/jiafq/iscas/Parser_Comparison/../benchmarks/part31/non-incremental/QF_BV/Sage2/bench_10455.smt2,753.66,792,84247,成功
/pub/data/jiafq/iscas/Parser_Comparison/../benchmarks/part31/non-incremental/QF_BV/Sage2/bench_10456.smt2,1578.87,5148,93782,成功
/pub/data/jiafq/iscas/Parser_Comparison/../benchmarks/part31/non-incremental/QF_BV/Sage2/bench_10458.smt2,65.1586,264,2619,成功
/pub/data/jiafq/iscas/Parser_Comparison/../benchmarks/part31/non-incremental/QF_BV/Sage2/bench_10459.smt2,37.6017,264,2007,成功
/pub/data/jiafq/iscas/Parser_Comparison/../benchmarks/part31/non-incremental/QF_BV/Sage2/bench_1046.smt2,33.9429,264,4601,成功
/pub/data/jiafq/iscas/Parser_Comparison/../benchmarks/part31/non-incremental/QF_BV/Sage2/bench_10461.smt2,37.2188,264,2007,成功
/pub/data/jiafq/iscas/Parser_Comparison/../benchmarks/part31/non-incremental/QF_BV/Sage2/bench_10462.smt2,242.831,528,11866,成功
/pub/data/jiafq/iscas/Parser_Comparison/../benchmarks/part31/non-incremental/QF_BV/Sage2/bench_10465.smt2,278.512,1584,14838,成功
/pub/data/jiafq/iscas/Parser_Comparison/../benchmarks/part31/non-incremental/QF_BV/Sage2/bench_10466.smt2,37.4436,264,2007,成功
/pub/data/jiafq/iscas/Parser_Comparison/../benchmarks/part31/non-incremental/QF_BV/Sage2/bench_10467.smt2,349.564,3960,13089,成功
/pub/data/jiafq/iscas/Parser_Comparison/../benchmarks/part31/non-incremental/QF_BV/Sage2/bench_10468.smt2,37.5464,264,2007,成功
/pub/data/jiafq/iscas/Parser_Comparison/../benchmarks/part31/non-incremental/QF_BV/Sage2/bench_10469.smt2,61.08,264,2444,成功
/pub/data/jiafq/iscas/Parser_Comparison/../benchmarks/part31/non-incremental/QF_BV/Sage2/bench_10471.smt2,61.7518,264,2444,成功
/pub/data/jiafq/iscas/Parser_Comparison/../benchmarks/part31/non-incremental/QF_BV/Sage2/bench_10472.smt2,22.4948,264,825,成功
/pub/data/jiafq/iscas/Parser_Comparison/../benchmarks/part31/non-incremental/QF_BV/Sage2/bench_10474.smt2,0,0,0,失败
/pub/data/jiafq/iscas/Parser_Comparison/../benchmarks/part31/non-incremental/QF_BV/Sage2/bench_10476.smt2,213.814,1320,10744,成功
/pub/data/jiafq/iscas/Parser_Comparison/../benchmarks/part31/non-incremental/QF_BV/Sage2/bench_10478.smt2,1269.45,1848,5080960,成功
/pub/data/jiafq/iscas/Parser_Comparison/../benchmarks/part31/non-incremental/QF_BV/Sage2/bench_1048.smt2,193.735,792,8652,成功
/pub/data/jiafq/iscas/Parser_Comparison/../benchmarks/part31/non-incremental/QF_BV/Sage2/bench_10480.smt2,46.1185,264,1376,成功
/pub/data/jiafq/iscas/Parser_Comparison/../benchmarks/part31/non-incremental/QF_BV/Sage2/bench_10482.smt2,2383.21,1928,674617,成功
/pub/data/jiafq/iscas/Parser_Comparison/../benchmarks/part31/non-incremental/QF_BV/Sage2/bench_10483.smt2,152.833,528,8831,成功
/pub/data/jiafq/iscas/Parser_Comparison/../benchmarks/part31/non-incremental/QF_BV/Sage2/bench_10487.smt2,37.1442,264,2007,成功
/pub/data/jiafq/iscas/Parser_Comparison/../benchmarks/part31/non-incremental/QF_BV/Sage2/bench_10491.smt2,37.5235,264,2007,成功
/pub/data/jiafq/iscas/Parser_Comparison/../benchmarks/part31/non-incremental/QF_BV/Sage2/bench_10493.smt2,282.532,528,16941,成功
/pub/data/jiafq/iscas/Parser_Comparison/../benchmarks/part31/non-incremental/QF_BV/Sage2/bench_105.smt2,12.7234,264,411,成功
/pub/data/jiafq/iscas/Parser_Comparison/../benchmarks/part31/non-incremental/QF_BV/Sage2/bench_1050.smt2,27.077,264,1040,成功
/pub/data/jiafq/iscas/Parser_Comparison/../benchmarks/part31/non-incremental/QF_BV/Sage2/bench_10504.smt2,488.008,1584,22131,成功
/pub/data/jiafq/iscas/Parser_Comparison/../benchmarks/part31/non-incremental/QF_BV/Sage2/bench_10509.smt2,44.8942,264,1784,成功
/pub/data/jiafq/iscas/Parser_Comparison/../benchmarks/part31/non-incremental/QF_BV/Sage2/bench_10511.smt2,88.3911,792,3864,成功
/pub/data/jiafq/iscas/Parser_Comparison/../benchmarks/part31/non-incremental/QF_BV/Sage2/bench_10515.smt2,59.9306,264,2367,成功
/pub/data/jiafq/iscas/Parser_Comparison/../benchmarks/part31/non-incremental/QF_BV/Sage2/bench_10517.smt2,30.3679,264,1414,成功
/pub/data/jiafq/iscas/Parser_Comparison/../benchmarks/part31/non-incremental/QF_BV/Sage2/bench_10519.smt2,857.971,3168,37484,成功
/pub/data/jiafq/iscas/Parser_Comparison/../benchmarks/part31/non-incremental/QF_BV/Sage2/bench_1052.smt2,72.0584,528,4503,成功
/pub/data/jiafq/iscas/Parser_Comparison/../benchmarks/part31/non-incremental/QF_BV/Sage2/bench_10529.smt2,17.4305,264,712,成功
/pub/data/jiafq/iscas/Parser_Comparison/../benchmarks/part31/non-incremental/QF_BV/Sage2/bench_10531.smt2,39.2132,264,19873,成功
/pub/data/jiafq/iscas/Parser_Comparison/../benchmarks/part31/non-incremental/QF_BV/Sage2/bench_10533.smt2,57.4217,528,2246,成功
/pub/data/jiafq/iscas/Parser_Comparison/../benchmarks/part31/non-incremental/QF_BV/Sage2/bench_10537.smt2,225.368,2376,8014,成功
/pub/data/jiafq/iscas/Parser_Comparison/../benchmarks/part31/non-incremental/QF_BV/Sage2/bench_1054.smt2,23.1736,264,880,成功
/pub/data/jiafq/iscas/Parser_Comparison/../benchmarks/part31/non-incremental/QF_BV/Sage2/bench_10540.smt2,894.47,1848,59797,成功
/pub/data/jiafq/iscas/Parser_Comparison/../benchmarks/part31/non-incremental/QF_BV/Sage2/bench_10542.smt2,6856.51,13444,4366612,成功
/pub/data/jiafq/iscas/Parser_Comparison/../benchmarks/part31/non-incremental/QF_BV/Sage2/bench_10544.smt2,394.894,1056,32000,成功
/pub/data/jiafq/iscas/Parser_Comparison/../benchmarks/part31/non-incremental/QF_BV/Sage2/bench_10546.smt2,58.3396,264,2367,成功
/pub/data/jiafq/iscas/Parser_Comparison/../benchmarks/part31/non-incremental/QF_BV/Sage2/bench_10547.smt2,22.8863,264,1032,成功
/pub/data/jiafq/iscas/Parser_Comparison/../benchmarks/part31/non-incremental/QF_BV/Sage2/bench_10549.smt2,218.395,1320,10539,成功
/pub/data/jiafq/iscas/Parser_Comparison/../benchmarks/part31/non-incremental/QF_BV/Sage2/bench_10551.smt2,528.933,1320,27146,成功
/pub/data/jiafq/iscas/Parser_Comparison/../benchmarks/part31/non-incremental/QF_BV/Sage2/bench_10553.smt2,1872.71,1584,450078,成功
/pub/data/jiafq/iscas/Parser_Comparison/../benchmarks/part31/non-incremental/QF_BV/Sage2/bench_10555.smt2,167.974,1056,7524,成功
/pub/data/jiafq/iscas/Parser_Comparison/../benchmarks/part31/non-incremental/QF_BV/Sage2/bench_10556.smt2,58.7273,264,2367,成功
/pub/data/jiafq/iscas/Parser_Comparison/../benchmarks/part31/non-incremental/QF_BV/Sage2/bench_10559.smt2,4.07362,264,102,成功
/pub/data/jiafq/iscas/Parser_Comparison/../benchmarks/part31/non-incremental/QF_BV/Sage2/bench_1056.smt2,23.1407,264,875,成功
/pub/data/jiafq/iscas/Parser_Comparison/../benchmarks/part31/non-incremental/QF_BV/Sage2/bench_10560.smt2,0,0,0,失败
/pub/data/jiafq/iscas/Parser_Comparison/../benchmarks/part31/non-incremental/QF_BV/Sage2/bench_10564.smt2,30.4174,264,1415,成功
/pub/data/jiafq/iscas/Parser_Comparison/../benchmarks/part31/non-incremental/QF_BV/Sage2/bench_10566.smt2,17.5409,264,794,成功
/pub/data/jiafq/iscas/Parser_Comparison/../benchmarks/part31/non-incremental/QF_BV/Sage2/bench_10568.smt2,477.684,1584,22092,成功
/pub/data/jiafq/iscas/Parser_Comparison/../benchmarks/part31/non-incremental/QF_BV/Sage2/bench_10570.smt2,21.8832,264,825,成功
/pub/data/jiafq/iscas/Parser_Comparison/../benchmarks/part31/non-incremental/QF_BV/Sage2/bench_10573.smt2,74.4855,792,2558,成功
/pub/data/jiafq/iscas/Parser_Comparison/../benchmarks/part31/non-incremental/QF_BV/Sage2/bench_10575.smt2,30.0562,264,1414,成功
/pub/data/jiafq/iscas/Parser_Comparison/../benchmarks/part31/non-incremental/QF_BV/Sage2/bench_10579.smt2,276.032,528,16172,成功
/pub/data/jiafq/iscas/Parser_Comparison/../benchmarks/part31/non-incremental/QF_BV/Sage2/bench_1058.smt2,18.9431,264,690,成功
/pub/data/jiafq/iscas/Parser_Comparison/../benchmarks/part31/non-incremental/QF_BV/Sage2/bench_10580.smt2,0,0,0,失败
/pub/data/jiafq/iscas/Parser_Comparison/../benchmarks/part31/non-incremental/QF_BV/Sage2/bench_10581.smt2,1192.52,6072,62781,成功
/pub/data/jiafq/iscas/Parser_Comparison/../benchmarks/part31/non-incremental/QF_BV/Sage2/bench_10582.smt2,462.476,5296,20125,成功
/pub/data/jiafq/iscas/Parser_Comparison/../benchmarks/part31/non-incremental/QF_BV/Sage2/bench_10584.smt2,34.8184,264,1337,成功
/pub/data/jiafq/iscas/Parser_Comparison/../benchmarks/part31/non-incremental/QF_BV/Sage2/bench_10587.smt2,37.9863,264,1845,成功
/pub/data/jiafq/iscas/Parser_Comparison/../benchmarks/part31/non-incremental/QF_BV/Sage2/bench_10589.smt2,2085.25,1844,531248,成功
/pub/data/jiafq/iscas/Parser_Comparison/../benchmarks/part31/non-incremental/QF_BV/Sage2/bench_10590.smt2,930.73,2112,13141044,成功
/pub/data/jiafq/iscas/Parser_Comparison/../benchmarks/part31/non-incremental/QF_BV/Sage2/bench_10591.smt2,90.462,528,3994,成功
/pub/data/jiafq/iscas/Parser_Comparison/../benchmarks/part31/non-incremental/QF_BV/Sage2/bench_10592.smt2,3138.05,2056,1340747,成功
/pub/data/jiafq/iscas/Parser_Comparison/../benchmarks/part31/non-incremental/QF_BV/Sage2/bench_10593.smt2,1919.39,8952,127010,成功
/pub/data/jiafq/iscas/Parser_Comparison/../benchmarks/part31/non-incremental/QF_BV/Sage2/bench_10594.smt2,678.583,2640,32446,成功
/pub/data/jiafq/iscas/Parser_Comparison/../benchmarks/part31/non-incremental/QF_BV/Sage2/bench_10595.smt2,88.7647,1056,3404,成功
/pub/data/jiafq/iscas/Parser_Comparison/../benchmarks/part31/non-incremental/QF_BV/Sage2/bench_10597.smt2,3427.42,5972,232244,成功
/pub/data/jiafq/iscas/Parser_Comparison/../benchmarks/part31/non-incremental/QF_BV/Sage2/bench_10598.smt2,217.698,1320,10629,成功
/pub/data/jiafq/iscas/Parser_Comparison/../benchmarks/part31/non-incremental/QF_BV/Sage2/bench_10599.smt2,59.7501,528,2589,成功
/pub/data/jiafq/iscas/Parser_Comparison/../benchmarks/part31/non-incremental/QF_BV/Sage2/bench_1060.smt2,32.9421,264,3430,成功
/pub/data/jiafq/iscas/Parser_Comparison/../benchmarks/part31/non-incremental/QF_BV/Sage2/bench_10600.smt2,461.112,1056,24197,成功
/pub/data/jiafq/iscas/Parser_Comparison/../benchmarks/part31/non-incremental/QF_BV/Sage2/bench_10602.smt2,4922.05,3228,2387672,成功
/pub/data/jiafq/iscas/Parser_Comparison/../benchmarks/part31/non-incremental/QF_BV/Sage2/bench_10604.smt2,88.2034,528,3837,成功
/pub/data/jiafq/iscas/Parser_Comparison/../benchmarks/part31/non-incremental/QF_BV/Sage2/bench_10606.smt2,180.961,1056,8992,成功
/pub/data/jiafq/iscas/Parser_Comparison/../benchmarks/part31/non-incremental/QF_BV/Sage2/bench_10608.smt2,544.787,1320,27206,成功
/pub/data/jiafq/iscas/Parser_Comparison/../benchmarks/part31/non-incremental/QF_BV/Sage2/bench_10611.smt2,18.039,264,807,成功
/pub/data/jiafq/iscas/Parser_Comparison/../benchmarks/part31/non-incremental/QF_BV/Sage2/bench_10614.smt2,82.1393,528,3409,成功
/pub/data/jiafq/iscas/Parser_Comparison/../benchmarks/part31/non-incremental/QF_BV/Sage2/bench_10616.smt2,158.484,528,7011,成功
/pub/data/jiafq/iscas/Parser_Comparison/../benchmarks/part31/non-incremental/QF_BV/Sage2/bench_1062.smt2,25.9676,264,1000,成功
/pub/data/jiafq/iscas/Parser_Comparison/../benchmarks/part31/non-incremental/QF_BV/Sage2/bench_10621.smt2,0,0,0,失败
/pub/data/jiafq/iscas/Parser_Comparison/../benchmarks/part31/non-incremental/QF_BV/Sage2/bench_10622.smt2,89.7741,528,2530,成功
/pub/data/jiafq/iscas/Parser_Comparison/../benchmarks/part31/non-incremental/QF_BV/Sage2/bench_10624.smt2,2943.98,2336,907766,成功
/pub/data/jiafq/iscas/Parser_Comparison/../benchmarks/part31/non-incremental/QF_BV/Sage2/bench_10625.smt2,89.2498,792,3858,成功
/pub/data/jiafq/iscas/Parser_Comparison/../benchmarks/part31/non-incremental/QF_BV/Sage2/bench_10626.smt2,0,0,0,失败
/pub/data/jiafq/iscas/Parser_Comparison/../benchmarks/part31/non-incremental/QF_BV/Sage2/bench_10627.smt2,226.53,792,12599,成功
/pub/data/jiafq/iscas/Parser_Comparison/../benchmarks/part31/non-incremental/QF_BV/Sage2/bench_10628.smt2,43.6101,264,1615,成功
/pub/data/jiafq/iscas/Parser_Comparison/../benchmarks/part31/non-incremental/QF_BV/Sage2/bench_10630.smt2,577.161,2640,28795,成功
/pub/data/jiafq/iscas/Parser_Comparison/../benchmarks/part31/non-incremental/QF_BV/Sage2/bench_10633.smt2,38.5215,264,1845,成功
/pub/data/jiafq/iscas/Parser_Comparison/../benchmarks/part31/non-incremental/QF_BV/Sage2/bench_10635.smt2,45.0079,264,1784,成功
/pub/data/jiafq/iscas/Parser_Comparison/../benchmarks/part31/non-incremental/QF_BV/Sage2/bench_1064.smt2,23.5136,264,879,成功
/pub/data/jiafq/iscas/Parser_Comparison/../benchmarks/part31/non-incremental/QF_BV/Sage2/bench_10640.smt2,460.325,5296,20125,成功
/pub/data/jiafq/iscas/Parser_Comparison/../benchmarks/part31/non-incremental/QF_BV/Sage2/bench_10642.smt2,236.967,2376,8050,成功
/pub/data/jiafq/iscas/Parser_Comparison/../benchmarks/part31/non-incremental/QF_BV/Sage2/bench_10645.smt2,1794.27,2112,140309,成功
/pub/data/jiafq/iscas/Parser_Comparison/../benchmarks/part31/non-incremental/QF_BV/Sage2/bench_10646.smt2,945.897,2112,681554,成功
/pub/data/jiafq/iscas/Parser_Comparison/../benchmarks/part31/non-incremental/QF_BV/Sage2/bench_10647.smt2,1864.29,2112,142869,成功
/pub/data/jiafq/iscas/Parser_Comparison/../benchmarks/part31/non-incremental/QF_BV/Sage2/bench_10649.smt2,38.2748,264,1845,成功
/pub/data/jiafq/iscas/Parser_Comparison/../benchmarks/part31/non-incremental/QF_BV/Sage2/bench_1065.smt2,25.6526,264,989,成功
/pub/data/jiafq/iscas/Parser_Comparison/../benchmarks/part31/non-incremental/QF_BV/Sage2/bench_10652.smt2,414.96,1056,33475,成功
/pub/data/jiafq/iscas/Parser_Comparison/../benchmarks/part31/non-incremental/QF_BV/Sage2/bench_10659.smt2,107.789,792,5182,成功
/pub/data/jiafq/iscas/Parser_Comparison/../benchmarks/part31/non-incremental/QF_BV/Sage2/bench_10661.smt2,23.9263,264,1126,成功
/pub/data/jiafq/iscas/Parser_Comparison/../benchmarks/part31/non-incremental/QF_BV/Sage2/bench_1067.smt2,146.126,1320,7012,成功
/pub/data/jiafq/iscas/Parser_Comparison/../benchmarks/part31/non-incremental/QF_BV/Sage2/bench_10673.smt2,94.4836,528,4530,成功
/pub/data/jiafq/iscas/Parser_Comparison/../benchmarks/part31/non-incremental/QF_BV/Sage2/bench_10678.smt2,27.9157,264,1265,成功
/pub/data/jiafq/iscas/Parser_Comparison/../benchmarks/part31/non-incremental/QF_BV/Sage2/bench_1068.smt2,141.239,528,6287,成功
/pub/data/jiafq/iscas/Parser_Comparison/../benchmarks/part31/non-incremental/QF_BV/Sage2/bench_10689.smt2,58.9123,264,2367,成功
/pub/data/jiafq/iscas/Parser_Comparison/../benchmarks/part31/non-incremental/QF_BV/Sage2/bench_10693.smt2,559.313,1848,27694,成功
/pub/data/jiafq/iscas/Parser_Comparison/../benchmarks/part31/non-incremental/QF_BV/Sage2/bench_10696.smt2,407.274,1056,31715,成功
/pub/data/jiafq/iscas/Parser_Comparison/../benchmarks/part31/non-incremental/QF_BV/Sage2/bench_10699.smt2,112.068,264,10938,成功
/pub/data/jiafq/iscas/Parser_Comparison/../benchmarks/part31/non-incremental/QF_BV/Sage2/bench_107.smt2,3052.54,2032,1340389,成功
/pub/data/jiafq/iscas/Parser_Comparison/../benchmarks/part31/non-incremental/QF_BV/Sage2/bench_10701.smt2,16.2227,264,97324,成功
/pub/data/jiafq/iscas/Parser_Comparison/../benchmarks/part31/non-incremental/QF_BV/Sage2/bench_10702.smt2,3083.78,2020,1332131,成功
/pub/data/jiafq/iscas/Parser_Comparison/../benchmarks/part31/non-incremental/QF_BV/Sage2/bench_10703.smt2,58.8076,264,2367,成功
/pub/data/jiafq/iscas/Parser_Comparison/../benchmarks/part31/non-incremental/QF_BV/Sage2/bench_10704.smt2,58.4083,264,2367,成功
/pub/data/jiafq/iscas/Parser_Comparison/../benchmarks/part31/non-incremental/QF_BV/Sage2/bench_10706.smt2,111.91,528,5281,成功
/pub/data/jiafq/iscas/Parser_Comparison/../benchmarks/part31/non-incremental/QF_BV/Sage2/bench_10707.smt2,434.398,792,37218,成功
/pub/data/jiafq/iscas/Parser_Comparison/../benchmarks/part31/non-incremental/QF_BV/Sage2/bench_10709.smt2,554.9,1056,43953,成功
/pub/data/jiafq/iscas/Parser_Comparison/../benchmarks/part31/non-incremental/QF_BV/Sage2/bench_1071.smt2,24.2589,264,933,成功
/pub/data/jiafq/iscas/Parser_Comparison/../benchmarks/part31/non-incremental/QF_BV/Sage2/bench_10710.smt2,65.5415,264,2610,成功
/pub/data/jiafq/iscas/Parser_Comparison/../benchmarks/part31/non-incremental/QF_BV/Sage2/bench_10711.smt2,494.27,1056,25582,成功
/pub/data/jiafq/iscas/Parser_Comparison/../benchmarks/part31/non-incremental/QF_BV/Sage2/bench_10712.smt2,6815.58,13444,4366612,成功
/pub/data/jiafq/iscas/Parser_Comparison/../benchmarks/part31/non-incremental/QF_BV/Sage2/bench_10714.smt2,48.9459,792,1707,成功
/pub/data/jiafq/iscas/Parser_Comparison/../benchmarks/part31/non-incremental/QF_BV/Sage2/bench_10715.smt2,3125.99,13848,340340,成功
/pub/data/jiafq/iscas/Parser_Comparison/../benchmarks/part31/non-incremental/QF_BV/Sage2/bench_10716.smt2,349.979,3168,13746,成功
/pub/data/jiafq/iscas/Parser_Comparison/../benchmarks/part31/non-incremental/QF_BV/Sage2/bench_10717.smt2,463.582,5292,20125,成功
/pub/data/jiafq/iscas/Parser_Comparison/../benchmarks/part31/non-incremental/QF_BV/Sage2/bench_10718.smt2,216.972,1320,11198,成功
/pub/data/jiafq/iscas/Parser_Comparison/../benchmarks/part31/non-incremental/QF_BV/Sage2/bench_10719.smt2,5571.87,4012,3625482,成功
/pub/data/jiafq/iscas/Parser_Comparison/../benchmarks/part31/non-incremental/QF_BV/Sage2/bench_10720.smt2,256.607,792,13170,成功
/pub/data/jiafq/iscas/Parser_Comparison/../benchmarks/part31/non-incremental/QF_BV/Sage2/bench_10721.smt2,1329.73,1848,59522,成功
/pub/data/jiafq/iscas/Parser_Comparison/../benchmarks/part31/non-incremental/QF_BV/Sage2/bench_10722.smt2,0,0,0,失败
/pub/data/jiafq/iscas/Parser_Comparison/../benchmarks/part31/non-incremental/QF_BV/Sage2/bench_10724.smt2,210.19,1320,10539,成功
/pub/data/jiafq/iscas/Parser_Comparison/../benchmarks/part31/non-incremental/QF_BV/Sage2/bench_10726.smt2,53.8075,792,1767,成功
/pub/data/jiafq/iscas/Parser_Comparison/../benchmarks/part31/non-incremental/QF_BV/Sage2/bench_10727.smt2,11052.8,6592,2223804,成功
/pub/data/jiafq/iscas/Parser_Comparison/../benchmarks/part31/non-incremental/QF_BV/Sage2/bench_1073.smt2,453.895,2904,25290,成功
/pub/data/jiafq/iscas/Parser_Comparison/../benchmarks/part31/non-incremental/QF_BV/Sage2/bench_10732.smt2,2391.9,1928,674661,成功
/pub/data/jiafq/iscas/Parser_Comparison/../benchmarks/part31/non-incremental/QF_BV/Sage2/bench_10734.smt2,38.0793,264,1845,成功
/pub/data/jiafq/iscas/Parser_Comparison/../benchmarks/part31/non-incremental/QF_BV/Sage2/bench_10737.smt2,0,0,0,失败
/pub/data/jiafq/iscas/Parser_Comparison/../benchmarks/part31/non-incremental/QF_BV/Sage2/bench_10739.smt2,464.844,1320,25385,成功
/pub/data/jiafq/iscas/Parser_Comparison/../benchmarks/part31/non-incremental/QF_BV/Sage2/bench_10741.smt2,57.806,264,2367,成功
/pub/data/jiafq/iscas/Parser_Comparison/../benchmarks/part31/non-incremental/QF_BV/Sage2/bench_1075.smt2,22.1701,264,845,成功
/pub/data/jiafq/iscas/Parser_Comparison/../benchmarks/part31/non-incremental/QF_BV/Sage2/bench_10751.smt2,105.106,792,4467,成功
/pub/data/jiafq/iscas/Parser_Comparison/../benchmarks/part31/non-incremental/QF_BV/Sage2/bench_10754.smt2,5092.61,3196,2519144,成功
/pub/data/jiafq/iscas/Parser_Comparison/../benchmarks/part31/non-incremental/QF_BV/Sage2/bench_10755.smt2,2417.29,1940,674446,成功
/pub/data/jiafq/iscas/Parser_Comparison/../benchmarks/part31/non-incremental/QF_BV/Sage2/bench_1076.smt2,23.1316,264,860,成功
/pub/data/jiafq/iscas/Parser_Comparison/../benchmarks/part31/non-incremental/QF_BV/Sage2/bench_10760.smt2,30.1673,264,1415,成功
/pub/data/jiafq/iscas/Parser_Comparison/../benchmarks/part31/non-incremental/QF_BV/Sage2/bench_10764.smt2,30.4632,264,1414,成功
/pub/data/jiafq/iscas/Parser_Comparison/../benchmarks/part31/non-incremental/QF_BV/Sage2/bench_10766.smt2,140.02,1056,6183,成功
/pub/data/jiafq/iscas/Parser_Comparison/../benchmarks/part31/non-incremental/QF_BV/Sage2/bench_10771.smt2,1865.96,2112,143189,成功
/pub/data/jiafq/iscas/Parser_Comparison/../benchmarks/part31/non-incremental/QF_BV/Sage2/bench_10773.smt2,0,0,0,失败
/pub/data/jiafq/iscas/Parser_Comparison/../benchmarks/part31/non-incremental/QF_BV/Sage2/bench_10775.smt2,618.534,1320,50721,成功
/pub/data/jiafq/iscas/Parser_Comparison/../benchmarks/part31/non-incremental/QF_BV/Sage2/bench_10777.smt2,37.7183,264,2007,成功
/pub/data/jiafq/iscas/Parser_Comparison/../benchmarks/part31/non-incremental/QF_BV/Sage2/bench_10782.smt2,103.501,1056,4365,成功
/pub/data/jiafq/iscas/Parser_Comparison/../benchmarks/part31/non-incremental/QF_BV/Sage2/bench_10783.smt2,24.3144,264,1133,成功
/pub/data/jiafq/iscas/Parser_Comparison/../benchmarks/part31/non-incremental/QF_BV/Sage2/bench_10784.smt2,26.2568,528,860,成功
/pub/data/jiafq/iscas/Parser_Comparison/../benchmarks/part31/non-incremental/QF_BV/Sage2/bench_10785.smt2,32.9592,264,3378,成功
/pub/data/jiafq/iscas/Parser_Comparison/../benchmarks/part31/non-incremental/QF_BV/Sage2/bench_10788.smt2,185.454,264,11515,成功
/pub/data/jiafq/iscas/Parser_Comparison/../benchmarks/part31/non-incremental/QF_BV/Sage2/bench_1079.smt2,21.2193,264,788,成功
/pub/data/jiafq/iscas/Parser_Comparison/../benchmarks/part31/non-incremental/QF_BV/Sage2/bench_10790.smt2,513.363,1320,27274,成功
/pub/data/jiafq/iscas/Parser_Comparison/../benchmarks/part31/non-incremental/QF_BV/Sage2/bench_10791.smt2,304.972,2904,10836,成功
/pub/data/jiafq/iscas/Parser_Comparison/../benchmarks/part31/non-incremental/QF_BV/Sage2/bench_10793.smt2,45.3892,264,1784,成功
/pub/data/jiafq/iscas/Parser_Comparison/../benchmarks/part31/non-incremental/QF_BV/Sage2/bench_10795.smt2,1502.08,1584,119533,成功
/pub/data/jiafq/iscas/Parser_Comparison/../benchmarks/part31/non-incremental/QF_BV/Sage2/bench_10797.smt2,356.226,1056,20031,成功
/pub/data/jiafq/iscas/Parser_Comparison/../benchmarks/part31/non-incremental/QF_BV/Sage2/bench_10799.smt2,1295.17,1848,166412,成功
/pub/data/jiafq/iscas/Parser_Comparison/../benchmarks/part31/non-incremental/QF_BV/Sage2/bench_10800.smt2,37.6232,264,3818,成功
/pub/data/jiafq/iscas/Parser_Comparison/../benchmarks/part31/non-incremental/QF_BV/Sage2/bench_10801.smt2,1624.56,6360,313918,成功
/pub/data/jiafq/iscas/Parser_Comparison/../benchmarks/part31/non-incremental/QF_BV/Sage2/bench_10802.smt2,3139.03,2032,1340257,成功
/pub/data/jiafq/iscas/Parser_Comparison/../benchmarks/part31/non-incremental/QF_BV/Sage2/bench_10803.smt2,183.656,264,11515,成功
/pub/data/jiafq/iscas/Parser_Comparison/../benchmarks/part31/non-incremental/QF_BV/Sage2/bench_10804.smt2,24.0889,264,1133,成功
/pub/data/jiafq/iscas/Parser_Comparison/../benchmarks/part31/non-incremental/QF_BV/Sage2/bench_10807.smt2,2019.51,2408,150565,成功
/pub/data/jiafq/iscas/Parser_Comparison/../benchmarks/part31/non-incremental/QF_BV/Sage2/bench_1081.smt2,25.3351,264,975,成功
/pub/data/jiafq/iscas/Parser_Comparison/../benchmarks/part31/non-incremental/QF_BV/Sage2/bench_10810.smt2,550.312,2376,27514,成功
/pub/data/jiafq/iscas/Parser_Comparison/../benchmarks/part31/non-incremental/QF_BV/Sage2/bench_10815.smt2,73.7872,792,2816,成功
/pub/data/jiafq/iscas/Parser_Comparison/../benchmarks/part31/non-incremental/QF_BV/Sage2/bench_10817.smt2,38.2731,264,1845,成功
/pub/data/jiafq/iscas/Parser_Comparison/../benchmarks/part31/non-incremental/QF_BV/Sage2/bench_10819.smt2,92.366,1056,3522,成功
/pub/data/jiafq/iscas/Parser_Comparison/../benchmarks/part31/non-incremental/QF_BV/Sage2/bench_10824.smt2,97.7776,792,4149,成功
/pub/data/jiafq/iscas/Parser_Comparison/../benchmarks/part31/non-incremental/QF_BV/Sage2/bench_10826.smt2,5721.52,3956,3043447,成功
/pub/data/jiafq/iscas/Parser_Comparison/../benchmarks/part31/non-incremental/QF_BV/Sage2/bench_10830.smt2,547.145,792,48592,成功
/pub/data/jiafq/iscas/Parser_Comparison/../benchmarks/part31/non-incremental/QF_BV/Sage2/bench_10832.smt2,88.6254,1056,3404,成功
/pub/data/jiafq/iscas/Parser_Comparison/../benchmarks/part31/non-incremental/QF_BV/Sage2/bench_10834.smt2,127.579,528,5601,成功
/pub/data/jiafq/iscas/Parser_Comparison/../benchmarks/part31/non-incremental/QF_BV/Sage2/bench_10836.smt2,1195.22,6072,62781,成功
/pub/data/jiafq/iscas/Parser_Comparison/../benchmarks/part31/non-incremental/QF_BV/Sage2/bench_10838.smt2,0,0,0,失败
/pub/data/jiafq/iscas/Parser_Comparison/../benchmarks/part31/non-incremental/QF_BV/Sage2/bench_10841.smt2,331.271,792,14019,成功
/pub/data/jiafq/iscas/Parser_Comparison/../benchmarks/part31/non-incremental/QF_BV/Sage2/bench_10846.smt2,30.1528,264,1415,成功
/pub/data/jiafq/iscas/Parser_Comparison/../benchmarks/part31/non-incremental/QF_BV/Sage2/bench_10847.smt2,89.2828,1056,3404,成功
/pub/data/jiafq/iscas/Parser_Comparison/../benchmarks/part31/non-incremental/QF_BV/Sage2/bench_10848.smt2,149.658,528,6603,成功
/pub/data/jiafq/iscas/Parser_Comparison/../benchmarks/part31/non-incremental/QF_BV/Sage2/bench_1085.smt2,26.7417,264,1025,成功
/pub/data/jiafq/iscas/Parser_Comparison/../benchmarks/part31/non-incremental/QF_BV/Sage2/bench_10850.smt2,201.237,792,9915,成功
/pub/data/jiafq/iscas/Parser_Comparison/../benchmarks/part31/non-incremental/QF_BV/Sage2/bench_10851.smt2,0,0,0,失败
/pub/data/jiafq/iscas/Parser_Comparison/../benchmarks/part31/non-incremental/QF_BV/Sage2/bench_10855.smt2,6927.98,4048,3573949,成功
/pub/data/jiafq/iscas/Parser_Comparison/../benchmarks/part31/non-incremental/QF_BV/Sage2/bench_10856.smt2,179.87,264,11240,成功
/pub/data/jiafq/iscas/Parser_Comparison/../benchmarks/part31/non-incremental/QF_BV/Sage2/bench_10857.smt2,38.0044,264,1845,成功
/pub/data/jiafq/iscas/Parser_Comparison/../benchmarks/part31/non-incremental/QF_BV/Sage2/bench_10859.smt2,3159.14,5216,219201,成功
/pub/data/jiafq/iscas/Parser_Comparison/../benchmarks/part31/non-incremental/QF_BV/Sage2/bench_10862.smt2,559.653,2112,28332,成功
/pub/data/jiafq/iscas/Parser_Comparison/../benchmarks/part31/non-incremental/QF_BV/Sage2/bench_10863.smt2,116.995,792,6841,成功
/pub/data/jiafq/iscas/Parser_Comparison/../benchmarks/part31/non-incremental/QF_BV/Sage2/bench_10865.smt2,610.365,1584,48316,成功
/pub/data/jiafq/iscas/Parser_Comparison/../benchmarks/part31/non-incremental/QF_BV/Sage2/bench_10867.smt2,1964.85,2620,230687,成功
/pub/data/jiafq/iscas/Parser_Comparison/../benchmarks/part31/non-incremental/QF_BV/Sage2/bench_10869.smt2,132.68,1320,5137,成功
/pub/data/jiafq/iscas/Parser_Comparison/../benchmarks/part31/non-incremental/QF_BV/Sage2/bench_1087.smt2,23.2775,264,880,成功
/pub/data/jiafq/iscas/Parser_Comparison/../benchmarks/part31/non-incremental/QF_BV/Sage2/bench_10871.smt2,533.095,1320,27392,成功
/pub/data/jiafq/iscas/Parser_Comparison/../benchmarks/part31/non-incremental/QF_BV/Sage2/bench_10873.smt2,24.4203,264,1133,成功
/pub/data/jiafq/iscas/Parser_Comparison/../benchmarks/part31/non-incremental/QF_BV/Sage2/bench_10877.smt2,2877.27,2340,907725,成功
/pub/data/jiafq/iscas/Parser_Comparison/../benchmarks/part31/non-incremental/QF_BV/Sage2/bench_10879.smt2,1861,2112,142869,成功
/pub/data/jiafq/iscas/Parser_Comparison/../benchmarks/part31/non-incremental/QF_BV/Sage2/bench_10881.smt2,2413.77,1928,674832,成功
/pub/data/jiafq/iscas/Parser_Comparison/../benchmarks/part31/non-incremental/QF_BV/Sage2/bench_10887.smt2,898.132,1848,59883,成功
/pub/data/jiafq/iscas/Parser_Comparison/../benchmarks/part31/non-incremental/QF_BV/Sage2/bench_1089.smt2,27.5521,264,1070,成功
/pub/data/jiafq/iscas/Parser_Comparison/../benchmarks/part31/non-incremental/QF_BV/Sage2/bench_10893.smt2,2293.12,12528,162669,成功
/pub/data/jiafq/iscas/Parser_Comparison/../benchmarks/part31/non-incremental/QF_BV/Sage2/bench_10895.smt2,2384.22,1948,674608,成功
/pub/data/jiafq/iscas/Parser_Comparison/../benchmarks/part31/non-incremental/QF_BV/Sage2/bench_10897.smt2,47.4823,792,1628,成功
/pub/data/jiafq/iscas/Parser_Comparison/../benchmarks/part31/non-incremental/QF_BV/Sage2/bench_10899.smt2,37.2965,264,2007,成功
/pub/data/jiafq/iscas/Parser_Comparison/../benchmarks/part31/non-incremental/QF_BV/Sage2/bench_109.smt2,2114.65,1792,772348,成功
/pub/data/jiafq/iscas/Parser_Comparison/../benchmarks/part31/non-incremental/QF_BV/Sage2/bench_10900.smt2,90.8837,792,4068,成功
/pub/data/jiafq/iscas/Parser_Comparison/../benchmarks/part31/non-incremental/QF_BV/Sage2/bench_10902.smt2,5229.82,3224,3358464,成功
/pub/data/jiafq/iscas/Parser_Comparison/../benchmarks/part31/non-incremental/QF_BV/Sage2/bench_10903.smt2,533.59,1320,27196,成功
/pub/data/jiafq/iscas/Parser_Comparison/../benchmarks/part31/non-incremental/QF_BV/Sage2/bench_10906.smt2,96.1251,792,4185,成功
/pub/data/jiafq/iscas/Parser_Comparison/../benchmarks/part31/non-incremental/QF_BV/Sage2/bench_10907.smt2,2629.33,1976,730009,成功
/pub/data/jiafq/iscas/Parser_Comparison/../benchmarks/part31/non-incremental/QF_BV/Sage2/bench_10909.smt2,937.553,1320,72630,成功
/pub/data/jiafq/iscas/Parser_Comparison/../benchmarks/part31/non-incremental/QF_BV/Sage2/bench_1091.smt2,24.3316,264,915,成功
/pub/data/jiafq/iscas/Parser_Comparison/../benchmarks/part31/non-incremental/QF_BV/Sage2/bench_10911.smt2,15.3682,264,473,成功
/pub/data/jiafq/iscas/Parser_Comparison/../benchmarks/part31/non-incremental/QF_BV/Sage2/bench_10912.smt2,98.8955,792,4316,成功
/pub/data/jiafq/iscas/Parser_Comparison/../benchmarks/part31/non-incremental/QF_BV/Sage2/bench_10914.smt2,457.51,5032,19735,成功
/pub/data/jiafq/iscas/Parser_Comparison/../benchmarks/part31/non-incremental/QF_BV/Sage2/bench_10915.smt2,5115.21,3180,2518411,成功
/pub/data/jiafq/iscas/Parser_Comparison/../benchmarks/part31/non-incremental/QF_BV/Sage2/bench_10917.smt2,201.163,2112,7829,成功
/pub/data/jiafq/iscas/Parser_Comparison/../benchmarks/part31/non-incremental/QF_BV/Sage2/bench_10918.smt2,761.786,792,84401,成功
/pub/data/jiafq/iscas/Parser_Comparison/../benchmarks/part31/non-incremental/QF_BV/Sage2/bench_10924.smt2,2021.4,2412,150688,成功
/pub/data/jiafq/iscas/Parser_Comparison/../benchmarks/part31/non-incremental/QF_BV/Sage2/bench_10926.smt2,445.995,1056,24187,成功
/pub/data/jiafq/iscas/Parser_Comparison/../benchmarks/part31/non-incremental/QF_BV/Sage2/bench_10928.smt2,433.042,1056,24187,成功
/pub/data/jiafq/iscas/Parser_Comparison/../benchmarks/part31/non-incremental/QF_BV/Sage2/bench_10929.smt2,511.173,1584,26997,成功
/pub/data/jiafq/iscas/Parser_Comparison/../benchmarks/part31/non-incremental/QF_BV/Sage2/bench_1093.smt2,26.7742,264,1020,成功
/pub/data/jiafq/iscas/Parser_Comparison/../benchmarks/part31/non-incremental/QF_BV/Sage2/bench_10931.smt2,0,0,0,失败
/pub/data/jiafq/iscas/Parser_Comparison/../benchmarks/part31/non-incremental/QF_BV/Sage2/bench_10933.smt2,34.8918,528,1204,成功
/pub/data/jiafq/iscas/Parser_Comparison/../benchmarks/part31/non-incremental/QF_BV/Sage2/bench_10935.smt2,1399.8,5064,191777,成功
/pub/data/jiafq/iscas/Parser_Comparison/../benchmarks/part31/non-incremental/QF_BV/Sage2/bench_10936.smt2,642.858,5600,31250,成功
/pub/data/jiafq/iscas/Parser_Comparison/../benchmarks/part31/non-incremental/QF_BV/Sage2/bench_10938.smt2,3586.18,19536,157586,成功
/pub/data/jiafq/iscas/Parser_Comparison/../benchmarks/part31/non-incremental/QF_BV/Sage2/bench_10939.smt2,171.722,264,10862,成功
/pub/data/jiafq/iscas/Parser_Comparison/../benchmarks/part31/non-incremental/QF_BV/Sage2/bench_10940.smt2,146.698,1584,5115,成功
/pub/data/jiafq/iscas/Parser_Comparison/../benchmarks/part31/non-incremental/QF_BV/Sage2/bench_10942.smt2,33.8483,264,1593,成功
/pub/data/jiafq/iscas/Parser_Comparison/../benchmarks/part31/non-incremental/QF_BV/Sage2/bench_10944.smt2,813.172,792,84401,成功
/pub/data/jiafq/iscas/Parser_Comparison/../benchmarks/part31/non-incremental/QF_BV/Sage2/bench_10946.smt2,65.3031,264,2610,成功
/pub/data/jiafq/iscas/Parser_Comparison/../benchmarks/part31/non-incremental/QF_BV/Sage2/bench_10948.smt2,17.8404,264,794,成功
/pub/data/jiafq/iscas/Parser_Comparison/../benchmarks/part31/non-incremental/QF_BV/Sage2/bench_10949.smt2,30.2,264,1402,成功
/pub/data/jiafq/iscas/Parser_Comparison/../benchmarks/part31/non-incremental/QF_BV/Sage2/bench_1095.smt2,4202.8,2844,2246458,成功
/pub/data/jiafq/iscas/Parser_Comparison/../benchmarks/part31/non-incremental/QF_BV/Sage2/bench_10950.smt2,29.9881,264,1415,成功
/pub/data/jiafq/iscas/Parser_Comparison/../benchmarks/part31/non-incremental/QF_BV/Sage2/bench_10951.smt2,2388.38,1936,674649,成功
/pub/data/jiafq/iscas/Parser_Comparison/../benchmarks/part31/non-incremental/QF_BV/Sage2/bench_10953.smt2,964.954,2112,232122,成功
/pub/data/jiafq/iscas/Parser_Comparison/../benchmarks/part31/non-incremental/QF_BV/Sage2/bench_10954.smt2,145.408,528,6395,成功
/pub/data/jiafq/iscas/Parser_Comparison/../benchmarks/part31/non-incremental/QF_BV/Sage2/bench_10955.smt2,106.322,792,5122,成功
/pub/data/jiafq/iscas/Parser_Comparison/../benchmarks/part31/non-incremental/QF_BV/Sage2/bench_10956.smt2,462.686,792,37791,成功
/pub/data/jiafq/iscas/Parser_Comparison/../benchmarks/part31/non-incremental/QF_BV/Sage2/bench_1097.smt2,22.1052,264,825,成功
/pub/data/jiafq/iscas/Parser_Comparison/../benchmarks/part31/non-incremental/QF_BV/Sage2/bench_10973.smt2,602.327,2376,29762,成功
/pub/data/jiafq/iscas/Parser_Comparison/../benchmarks/part31/non-incremental/QF_BV/Sage2/bench_10977.smt2,128.516,528,5868,成功
/pub/data/jiafq/iscas/Parser_Comparison/../benchmarks/part31/non-incremental/QF_BV/Sage2/bench_10979.smt2,200.738,1320,10539,成功
/pub/data/jiafq/iscas/Parser_Comparison/../benchmarks/part31/non-incremental/QF_BV/Sage2/bench_10982.smt2,156.257,1584,5986,成功
/pub/data/jiafq/iscas/Parser_Comparison/../benchmarks/part31/non-incremental/QF_BV/Sage2/bench_10984.smt2,0,0,0,失败
/pub/data/jiafq/iscas/Parser_Comparison/../benchmarks/part31/non-incremental/QF_BV/Sage2/bench_10986.smt2,315.688,2112,17639,成功
/pub/data/jiafq/iscas/Parser_Comparison/../benchmarks/part31/non-incremental/QF_BV/Sage2/bench_10989.smt2,271.632,792,12837,成功
/pub/data/jiafq/iscas/Parser_Comparison/../benchmarks/part31/non-incremental/QF_BV/Sage2/bench_1099.smt2,31.6622,264,913,成功
/pub/data/jiafq/iscas/Parser_Comparison/../benchmarks/part31/non-incremental/QF_BV/Sage2/bench_11002.smt2,933.59,1320,80313,成功
/pub/data/jiafq/iscas/Parser_Comparison/../benchmarks/part31/non-incremental/QF_BV/Sage2/bench_11003.smt2,99.345,1056,4365,成功
/pub/data/jiafq/iscas/Parser_Comparison/../benchmarks/part31/non-incremental/QF_BV/Sage2/bench_11005.smt2,36.746,264,1845,成功
/pub/data/jiafq/iscas/Parser_Comparison/../benchmarks/part31/non-incremental/QF_BV/Sage2/bench_11006.smt2,32.3734,264,1439,成功
/pub/data/jiafq/iscas/Parser_Comparison/../benchmarks/part31/non-incremental/QF_BV/Sage2/bench_11008.smt2,145.058,528,6603,成功
/pub/data/jiafq/iscas/Parser_Comparison/../benchmarks/part31/non-incremental/QF_BV/Sage2/bench_11009.smt2,1751.09,1848,139989,成功
/pub/data/jiafq/iscas/Parser_Comparison/../benchmarks/part31/non-incremental/QF_BV/Sage2/bench_1101.smt2,19.1572,264,738,成功
/pub/data/jiafq/iscas/Parser_Comparison/../benchmarks/part31/non-incremental/QF_BV/Sage2/bench_11010.smt2,0,0,0,失败
/pub/data/jiafq/iscas/Parser_Comparison/../benchmarks/part31/non-incremental/QF_BV/Sage2/bench_11013.smt2,828.777,2904,38414,成功
/pub/data/jiafq/iscas/Parser_Comparison/../benchmarks/part31/non-incremental/QF_BV/Sage2/bench_11014.smt2,209.152,2112,8220,成功
/pub/data/jiafq/iscas/Parser_Comparison/../benchmarks/part31/non-incremental/QF_BV/Sage2/bench_11016.smt2,1121.3,3432,73694,成功
/pub/data/jiafq/iscas/Parser_Comparison/../benchmarks/part31/non-incremental/QF_BV/Sage2/bench_11017.smt2,37.781,264,1845,成功
/pub/data/jiafq/iscas/Parser_Comparison/../benchmarks/part31/non-incremental/QF_BV/Sage2/bench_11019.smt2,113.336,792,5070,成功
/pub/data/jiafq/iscas/Parser_Comparison/../benchmarks/part31/non-incremental/QF_BV/Sage2/bench_11020.smt2,6796.55,3840,3570671,成功
/pub/data/jiafq/iscas/Parser_Comparison/../benchmarks/part31/non-incremental/QF_BV/Sage2/bench_11022.smt2,277.238,1056,14003,成功
/pub/data/jiafq/iscas/Parser_Comparison/../benchmarks/part31/non-incremental/QF_BV/Sage2/bench_11024.smt2,233.639,1320,11796,成功
/pub/data/jiafq/iscas/Parser_Comparison/../benchmarks/part31/non-incremental/QF_BV/Sage2/bench_11025.smt2,6799.23,4040,3570693,成功
/pub/data/jiafq/iscas/Parser_Comparison/../benchmarks/part31/non-incremental/QF_BV/Sage2/bench_11027.smt2,47.8873,792,1654,成功
/pub/data/jiafq/iscas/Parser_Comparison/../benchmarks/part31/non-incremental/QF_BV/Sage2/bench_11029.smt2,426.095,792,35618,成功
/pub/data/jiafq/iscas/Parser_Comparison/../benchmarks/part31/non-incremental/QF_BV/Sage2/bench_1103.smt2,230.235,792,27609,成功
/pub/data/jiafq/iscas/Parser_Comparison/../benchmarks/part31/non-incremental/QF_BV/Sage2/bench_11030.smt2,3566.89,2564,1395148,成功
/pub/data/jiafq/iscas/Parser_Comparison/../benchmarks/part31/non-incremental/QF_BV/Sage2/bench_11032.smt2,135.079,1320,5205,成功
/pub/data/jiafq/iscas/Parser_Comparison/../benchmarks/part31/non-incremental/QF_BV/Sage2/bench_11033.smt2,398.412,4900,14780,成功
/pub/data/jiafq/iscas/Parser_Comparison/../benchmarks/part31/non-incremental/QF_BV/Sage2/bench_11036.smt2,102.494,792,5198,成功
/pub/data/jiafq/iscas/Parser_Comparison/../benchmarks/part31/non-incremental/QF_BV/Sage2/bench_11038.smt2,2024.94,2408,150646,成功
/pub/data/jiafq/iscas/Parser_Comparison/../benchmarks/part31/non-incremental/QF_BV/Sage2/bench_11048.smt2,0,0,0,失败
/pub/data/jiafq/iscas/Parser_Comparison/../benchmarks/part31/non-incremental/QF_BV/Sage2/bench_11049.smt2,293.561,1320,13988,成功
/pub/data/jiafq/iscas/Parser_Comparison/../benchmarks/part31/non-incremental/QF_BV/Sage2/bench_1105.smt2,27.2553,264,1058,成功
/pub/data/jiafq/iscas/Parser_Comparison/../benchmarks/part31/non-incremental/QF_BV/Sage2/bench_11053.smt2,0,0,0,失败
/pub/data/jiafq/iscas/Parser_Comparison/../benchmarks/part31/non-incremental/QF_BV/Sage2/bench_11054.smt2,337.05,792,36952,成功
/pub/data/jiafq/iscas/Parser_Comparison/../benchmarks/part31/non-incremental/QF_BV/Sage2/bench_11055.smt2,38.0304,264,1845,成功
/pub/data/jiafq/iscas/Parser_Comparison/../benchmarks/part31/non-incremental/QF_BV/Sage2/bench_11057.smt2,318.778,1056,14410,成功
/pub/data/jiafq/iscas/Parser_Comparison/../benchmarks/part31/non-incremental/QF_BV/Sage2/bench_11058.smt2,59.5286,528,2991,成功
/pub/data/jiafq/iscas/Parser_Comparison/../benchmarks/part31/non-incremental/QF_BV/Sage2/bench_11059.smt2,138.335,1320,5411,成功
/pub/data/jiafq/iscas/Parser_Comparison/../benchmarks/part31/non-incremental/QF_BV/Sage2/bench_11061.smt2,332.084,792,30577,成功
/pub/data/jiafq/iscas/Parser_Comparison/../benchmarks/part31/non-incremental/QF_BV/Sage2/bench_11062.smt2,390.82,792,34256,成功
/pub/data/jiafq/iscas/Parser_Comparison/../benchmarks/part31/non-incremental/QF_BV/Sage2/bench_11064.smt2,1784.99,2112,140469,成功
/pub/data/jiafq/iscas/Parser_Comparison/../benchmarks/part31/non-incremental/QF_BV/Sage2/bench_11065.smt2,1312.97,1848,59202,成功
/pub/data/jiafq/iscas/Parser_Comparison/../benchmarks/part31/non-incremental/QF_BV/Sage2/bench_1107.smt2,24.0357,264,925,成功
/pub/data/jiafq/iscas/Parser_Comparison/../benchmarks/part31/non-incremental/QF_BV/Sage2/bench_11070.smt2,0,0,0,失败
/pub/data/jiafq/iscas/Parser_Comparison/../benchmarks/part31/non-incremental/QF_BV/Sage2/bench_11071.smt2,0,0,0,失败
/pub/data/jiafq/iscas/Parser_Comparison/../benchmarks/part31/non-incremental/QF_BV/Sage2/bench_11072.smt2,2410.17,9572,378668,成功
/pub/data/jiafq/iscas/Parser_Comparison/../benchmarks/part31/non-incremental/QF_BV/Sage2/bench_11073.smt2,5538.74,3808,3043447,成功
/pub/data/jiafq/iscas/Parser_Comparison/../benchmarks/part31/non-incremental/QF_BV/Sage2/bench_11074.smt2,43.7758,792,1488,成功
/pub/data/jiafq/iscas/Parser_Comparison/../benchmarks/part31/non-incremental/QF_BV/Sage2/bench_11076.smt2,23.6475,264,1129,成功
/pub/data/jiafq/iscas/Parser_Comparison/../benchmarks/part31/non-incremental/QF_BV/Sage2/bench_11077.smt2,17.7782,264,807,成功
/pub/data/jiafq/iscas/Parser_Comparison/../benchmarks/part31/non-incremental/QF_BV/Sage2/bench_11079.smt2,35.4896,264,1811,成功
/pub/data/jiafq/iscas/Parser_Comparison/../benchmarks/part31/non-incremental/QF_BV/Sage2/bench_11083.smt2,102.825,1056,4354,成功
/pub/data/jiafq/iscas/Parser_Comparison/../benchmarks/part31/non-incremental/QF_BV/Sage2/bench_1109.smt2,25.2109,264,985,成功
/pub/data/jiafq/iscas/Parser_Comparison/../benchmarks/part31/non-incremental/QF_BV/Sage2/bench_11092.smt2,1782.11,8372,308712,成功
/pub/data/jiafq/iscas/Parser_Comparison/../benchmarks/part31/non-incremental/QF_BV/Sage2/bench_11093.smt2,29.6488,264,1415,成功
/pub/data/jiafq/iscas/Parser_Comparison/../benchmarks/part31/non-incremental/QF_BV/Sage2/bench_11094.smt2,267.421,792,14720,成功
/pub/data/jiafq/iscas/Parser_Comparison/../benchmarks/part31/non-incremental/QF_BV/Sage2/bench_11097.smt2,483.381,6344,20989,成功
/pub/data/jiafq/iscas/Parser_Comparison/../benchmarks/part31/non-incremental/QF_BV/Sage2/bench_11099.smt2,617.864,2904,32112,成功
/pub/data/jiafq/iscas/Parser_Comparison/../benchmarks/part31/non-incremental/QF_BV/Sage2/bench_111.smt2,123.872,528,5503,成功
/pub/data/jiafq/iscas/Parser_Comparison/../benchmarks/part31/non-incremental/QF_BV/Sage2/bench_11100.smt2,6138.5,3652,3488462,成功
/pub/data/jiafq/iscas/Parser_Comparison/../benchmarks/part31/non-incremental/QF_BV/Sage2/bench_11101.smt2,32.4628,264,3374,成功
/pub/data/jiafq/iscas/Parser_Comparison/../benchmarks/part31/non-incremental/QF_BV/Sage2/bench_11103.smt2,0,0,0,失败
/pub/data/jiafq/iscas/Parser_Comparison/../benchmarks/part31/non-incremental/QF_BV/Sage2/bench_11104.smt2,121.394,528,5601,成功
/pub/data/jiafq/iscas/Parser_Comparison/../benchmarks/part31/non-incremental/QF_BV/Sage2/bench_11105.smt2,63.8011,528,3394,成功
/pub/data/jiafq/iscas/Parser_Comparison/../benchmarks/part31/non-incremental/QF_BV/Sage2/bench_11108.smt2,17.7991,264,807,成功
/pub/data/jiafq/iscas/Parser_Comparison/../benchmarks/part31/non-incremental/QF_BV/Sage2/bench_11109.smt2,81.8558,792,4665,成功
/pub/data/jiafq/iscas/Parser_Comparison/../benchmarks/part31/non-incremental/QF_BV/Sage2/bench_11110.smt2,348.229,1056,19369,成功
/pub/data/jiafq/iscas/Parser_Comparison/../benchmarks/part31/non-incremental/QF_BV/Sage2/bench_11112.smt2,447.475,1584,21496,成功
/pub/data/jiafq/iscas/Parser_Comparison/../benchmarks/part31/non-incremental/QF_BV/Sage2/bench_11113.smt2,739.059,792,84694,成功
/pub/data/jiafq/iscas/Parser_Comparison/../benchmarks/part31/non-incremental/QF_BV/Sage2/bench_11115.smt2,1256.13,1848,59042,成功
/pub/data/jiafq/iscas/Parser_Comparison/../benchmarks/part31/non-incremental/QF_BV/Sage2/bench_11116.smt2,29.2375,264,1415,成功
/pub/data/jiafq/iscas/Parser_Comparison/../benchmarks/part31/non-incremental/QF_BV/Sage2/bench_11117.smt2,445.893,1584,21495,成功
/pub/data/jiafq/iscas/Parser_Comparison/../benchmarks/part31/non-incremental/QF_BV/Sage2/bench_11118.smt2,684.135,8004,28948,成功
/pub/data/jiafq/iscas/Parser_Comparison/../benchmarks/part31/non-incremental/QF_BV/Sage2/bench_11121.smt2,17.153,264,794,成功
/pub/data/jiafq/iscas/Parser_Comparison/../benchmarks/part31/non-incremental/QF_BV/Sage2/bench_11123.smt2,1895.9,7176,178531,成功
/pub/data/jiafq/iscas/Parser_Comparison/../benchmarks/part31/non-incremental/QF_BV/Sage2/bench_11124.smt2,68.3737,792,2680,成功
/pub/data/jiafq/iscas/Parser_Comparison/../benchmarks/part31/non-incremental/QF_BV/Sage2/bench_11126.smt2,26.2945,264,1178,成功
/pub/data/jiafq/iscas/Parser_Comparison/../benchmarks/part31/non-incremental/QF_BV/Sage2/bench_1113.smt2,21.1539,264,820,成功
/pub/data/jiafq/iscas/Parser_Comparison/../benchmarks/part31/non-incremental/QF_BV/Sage2/bench_11130.smt2,36.413,264,1845,成功
/pub/data/jiafq/iscas/Parser_Comparison/../benchmarks/part31/non-incremental/QF_BV/Sage2/bench_11132.smt2,227,1320,10769,成功
/pub/data/jiafq/iscas/Parser_Comparison/../benchmarks/part31/non-incremental/QF_BV/Sage2/bench_11134.smt2,106.089,792,4515,成功
/pub/data/jiafq/iscas/Parser_Comparison/../benchmarks/part31/non-incremental/QF_BV/Sage2/bench_11135.smt2,48.4996,264,2653,成功
/pub/data/jiafq/iscas/Parser_Comparison/../benchmarks/part31/non-incremental/QF_BV/Sage2/bench_11136.smt2,386.304,1056,32000,成功
/pub/data/jiafq/iscas/Parser_Comparison/../benchmarks/part31/non-incremental/QF_BV/Sage2/bench_11137.smt2,205.068,1320,10904,成功
/pub/data/jiafq/iscas/Parser_Comparison/../benchmarks/part31/non-incremental/QF_BV/Sage2/bench_11138.smt2,196.783,1848,7963,成功
/pub/data/jiafq/iscas/Parser_Comparison/../benchmarks/part31/non-incremental/QF_BV/Sage2/bench_1114.smt2,24.5841,264,973,成功
/pub/data/jiafq/iscas/Parser_Comparison/../benchmarks/part31/non-incremental/QF_BV/Sage2/bench_11142.smt2,332.732,792,16935,成功
/pub/data/jiafq/iscas/Parser_Comparison/../benchmarks/part31/non-incremental/QF_BV/Sage2/bench_11143.smt2,17.0832,264,794,成功
/pub/data/jiafq/iscas/Parser_Comparison/../benchmarks/part31/non-incremental/QF_BV/Sage2/bench_11144.smt2,23.0954,264,1031,成功
/pub/data/jiafq/iscas/Parser_Comparison/../benchmarks/part31/non-incremental/QF_BV/Sage2/bench_11146.smt2,18.0955,264,807,成功
/pub/data/jiafq/iscas/Parser_Comparison/../benchmarks/part31/non-incremental/QF_BV/Sage2/bench_11147.smt2,52.9318,264,2848,成功
/pub/data/jiafq/iscas/Parser_Comparison/../benchmarks/part31/non-incremental/QF_BV/Sage2/bench_11149.smt2,44.8213,264,1784,成功
/pub/data/jiafq/iscas/Parser_Comparison/../benchmarks/part31/non-incremental/QF_BV/Sage2/bench_11150.smt2,6947.74,3988,3572475,成功
/pub/data/jiafq/iscas/Parser_Comparison/../benchmarks/part31/non-incremental/QF_BV/Sage2/bench_11151.smt2,248.704,2376,9681,成功
/pub/data/jiafq/iscas/Parser_Comparison/../benchmarks/part31/non-incremental/QF_BV/Sage2/bench_11153.smt2,116.451,528,8277,成功
/pub/data/jiafq/iscas/Parser_Comparison/../benchmarks/part31/non-incremental/QF_BV/Sage2/bench_11154.smt2,35.2757,264,1374,成功
/pub/data/jiafq/iscas/Parser_Comparison/../benchmarks/part31/non-incremental/QF_BV/Sage2/bench_11155.smt2,18.3074,264,848,成功
/pub/data/jiafq/iscas/Parser_Comparison/../benchmarks/part31/non-incremental/QF_BV/Sage2/bench_11157.smt2,116.039,528,8283,成功
/pub/data/jiafq/iscas/Parser_Comparison/../benchmarks/part31/non-incremental/QF_BV/Sage2/bench_11158.smt2,211.8,1320,10530,成功
/pub/data/jiafq/iscas/Parser_Comparison/../benchmarks/part31/non-incremental/QF_BV/Sage2/bench_11159.smt2,18.5261,264,848,成功
/pub/data/jiafq/iscas/Parser_Comparison/../benchmarks/part31/non-incremental/QF_BV/Sage2/bench_1116.smt2,2907.22,2328,907766,成功
/pub/data/jiafq/iscas/Parser_Comparison/../benchmarks/part31/non-incremental/QF_BV/Sage2/bench_11160.smt2,2959.67,6372,452362,成功
/pub/data/jiafq/iscas/Parser_Comparison/../benchmarks/part31/non-incremental/QF_BV/Sage2/bench_11161.smt2,7.50709,264,205,成功
/pub/data/jiafq/iscas/Parser_Comparison/../benchmarks/part31/non-incremental/QF_BV/Sage2/bench_11163.smt2,790.311,1320,51630,成功
/pub/data/jiafq/iscas/Parser_Comparison/../benchmarks/part31/non-incremental/QF_BV/Sage2/bench_11169.smt2,42.182,264,1659,成功
/pub/data/jiafq/iscas/Parser_Comparison/../benchmarks/part31/non-incremental/QF_BV/Sage2/bench_11172.smt2,38.1556,264,1845,成功
/pub/data/jiafq/iscas/Parser_Comparison/../benchmarks/part31/non-incremental/QF_BV/Sage2/bench_11176.smt2,38.3291,264,1845,成功
/pub/data/jiafq/iscas/Parser_Comparison/../benchmarks/part31/non-incremental/QF_BV/Sage2/bench_1118.smt2,24.9937,264,953,成功
/pub/data/jiafq/iscas/Parser_Comparison/../benchmarks/part31/non-incremental/QF_BV/Sage2/bench_11180.smt2,183.357,1056,8968,成功
/pub/data/jiafq/iscas/Parser_Comparison/../benchmarks/part31/non-incremental/QF_BV/Sage2/bench_11182.smt2,30.3056,264,1415,成功
/pub/data/jiafq/iscas/Parser_Comparison/../benchmarks/part31/non-incremental/QF_BV/Sage2/bench_11192.smt2,420.273,1056,33297,成功
/pub/data/jiafq/iscas/Parser_Comparison/../benchmarks/part31/non-incremental/QF_BV/Sage2/bench_11193.smt2,8.43263,264,323,成功
/pub/data/jiafq/iscas/Parser_Comparison/../benchmarks/part31/non-incremental/QF_BV/Sage2/bench_11194.smt2,17.7519,264,794,成功
/pub/data/jiafq/iscas/Parser_Comparison/../benchmarks/part31/non-incremental/QF_BV/Sage2/bench_11195.smt2,57.8866,264,2968,成功
/pub/data/jiafq/iscas/Parser_Comparison/../benchmarks/part31/non-incremental/QF_BV/Sage2/bench_11198.smt2,230.697,1320,11731,成功
/pub/data/jiafq/iscas/Parser_Comparison/../benchmarks/part31/non-incremental/QF_BV/Sage2/bench_11199.smt2,55.913,264,2853,成功
/pub/data/jiafq/iscas/Parser_Comparison/../benchmarks/part31/non-incremental/QF_BV/Sage2/bench_1120.smt2,25.5978,264,975,成功
/pub/data/jiafq/iscas/Parser_Comparison/../benchmarks/part31/non-incremental/QF_BV/Sage2/bench_11200.smt2,570.32,1584,28695,成功
/pub/data/jiafq/iscas/Parser_Comparison/../benchmarks/part31/non-incremental/QF_BV/Sage2/bench_11201.smt2,1259.12,1584,241728,成功
/pub/data/jiafq/iscas/Parser_Comparison/../benchmarks/part31/non-incremental/QF_BV/Sage2/bench_11208.smt2,534.782,1320,27270,成功
/pub/data/jiafq/iscas/Parser_Comparison/../benchmarks/part31/non-incremental/QF_BV/Sage2/bench_11214.smt2,38.1868,264,1845,成功
/pub/data/jiafq/iscas/Parser_Comparison/../benchmarks/part31/non-incremental/QF_BV/Sage2/bench_1122.smt2,23.8888,264,910,成功
/pub/data/jiafq/iscas/Parser_Comparison/../benchmarks/part31/non-incremental/QF_BV/Sage2/bench_11221.smt2,29.8905,264,1415,成功
/pub/data/jiafq/iscas/Parser_Comparison/../benchmarks/part31/non-incremental/QF_BV/Sage2/bench_11229.smt2,20.7167,264,856,成功
/pub/data/jiafq/iscas/Parser_Comparison/../benchmarks/part31/non-incremental/QF_BV/Sage2/bench_11232.smt2,317.814,792,13136,成功
/pub/data/jiafq/iscas/Parser_Comparison/../benchmarks/part31/non-incremental/QF_BV/Sage2/bench_11234.smt2,1047.71,792,118508,成功
/pub/data/jiafq/iscas/Parser_Comparison/../benchmarks/part31/non-incremental/QF_BV/Sage2/bench_11235.smt2,774.028,792,87052,成功
/pub/data/jiafq/iscas/Parser_Comparison/../benchmarks/part31/non-incremental/QF_BV/Sage2/bench_1124.smt2,3185.55,2440,1047276,成功
/pub/data/jiafq/iscas/Parser_Comparison/../benchmarks/part31/non-incremental/QF_BV/Sage2/bench_11242.smt2,1828.22,2112,141589,成功
/pub/data/jiafq/iscas/Parser_Comparison/../benchmarks/part31/non-incremental/QF_BV/Sage2/bench_11246.smt2,0,0,0,失败
/pub/data/jiafq/iscas/Parser_Comparison/../benchmarks/part31/non-incremental/QF_BV/Sage2/bench_11248.smt2,29.9833,264,1402,成功
/pub/data/jiafq/iscas/Parser_Comparison/../benchmarks/part31/non-incremental/QF_BV/Sage2/bench_11249.smt2,649.89,5596,31261,成功
/pub/data/jiafq/iscas/Parser_Comparison/../benchmarks/part31/non-incremental/QF_BV/Sage2/bench_1126.smt2,27.5102,264,1070,成功
/pub/data/jiafq/iscas/Parser_Comparison/../benchmarks/part31/non-incremental/QF_BV/Sage2/bench_11260.smt2,50.77,264,2653,成功
/pub/data/jiafq/iscas/Parser_Comparison/../benchmarks/part31/non-incremental/QF_BV/Sage2/bench_11263.smt2,227.636,1320,9212,成功
/pub/data/jiafq/iscas/Parser_Comparison/../benchmarks/part31/non-incremental/QF_BV/Sage2/bench_11266.smt2,29.9871,264,1402,成功
/pub/data/jiafq/iscas/Parser_Comparison/../benchmarks/part31/non-incremental/QF_BV/Sage2/bench_11268.smt2,17.7314,264,1000,成功
/pub/data/jiafq/iscas/Parser_Comparison/../benchmarks/part31/non-incremental/QF_BV/Sage2/bench_1127.smt2,0,0,0,失败
/pub/data/jiafq/iscas/Parser_Comparison/../benchmarks/part31/non-incremental/QF_BV/Sage2/bench_11270.smt2,23.8202,264,1129,成功
/pub/data/jiafq/iscas/Parser_Comparison/../benchmarks/part31/non-incremental/QF_BV/Sage2/bench_11272.smt2,10521.6,5236,2203729,成功
/pub/data/jiafq/iscas/Parser_Comparison/../benchmarks/part31/non-incremental/QF_BV/Sage2/bench_11275.smt2,6718.72,3988,3570143,成功
/pub/data/jiafq/iscas/Parser_Comparison/../benchmarks/part31/non-incremental/QF_BV/Sage2/bench_11278.smt2,34.5891,264,1811,成功
/pub/data/jiafq/iscas/Parser_Comparison/../benchmarks/part31/non-incremental/QF_BV/Sage2/bench_11284.smt2,0,0,0,失败
/pub/data/jiafq/iscas/Parser_Comparison/../benchmarks/part31/non-incremental/QF_BV/Sage2/bench_11287.smt2,1236.59,2112,186207,成功
/pub/data/jiafq/iscas/Parser_Comparison/../benchmarks/part31/non-incremental/QF_BV/Sage2/bench_11291.smt2,23.406,264,1129,成功
/pub/data/jiafq/iscas/Parser_Comparison/../benchmarks/part31/non-incremental/QF_BV/Sage2/bench_11293.smt2,81.2919,792,4620,成功
/pub/data/jiafq/iscas/Parser_Comparison/../benchmarks/part31/non-incremental/QF_BV/Sage2/bench_11295.smt2,429.865,792,37219,成功
/pub/data/jiafq/iscas/Parser_Comparison/../benchmarks/part31/non-incremental/QF_BV/Sage2/bench_11296.smt2,18.1684,264,848,成功
/pub/data/jiafq/iscas/Parser_Comparison/../benchmarks/part31/non-incremental/QF_BV/Sage2/bench_11299.smt2,22.8455,264,1129,成功
/pub/data/jiafq/iscas/Parser_Comparison/../benchmarks/part31/non-incremental/QF_BV/Sage2/bench_11300.smt2,18.1971,264,848,成功
/pub/data/jiafq/iscas/Parser_Comparison/../benchmarks/part31/non-incremental/QF_BV/Sage2/bench_11302.smt2,400.507,1056,32972,成功
/pub/data/jiafq/iscas/Parser_Comparison/../benchmarks/part31/non-incremental/QF_BV/Sage2/bench_11303.smt2,51.3012,264,2753,成功
/pub/data/jiafq/iscas/Parser_Comparison/../benchmarks/part31/non-incremental/QF_BV/Sage2/bench_11306.smt2,18.1174,264,848,成功
/pub/data/jiafq/iscas/Parser_Comparison/../benchmarks/part31/non-incremental/QF_BV/Sage2/bench_11307.smt2,75.9058,528,3164,成功
/pub/data/jiafq/iscas/Parser_Comparison/../benchmarks/part31/non-incremental/QF_BV/Sage2/bench_11308.smt2,63.9758,264,2591,成功
/pub/data/jiafq/iscas/Parser_Comparison/../benchmarks/part31/non-incremental/QF_BV/Sage2/bench_11310.smt2,1296,1848,59362,成功
/pub/data/jiafq/iscas/Parser_Comparison/../benchmarks/part31/non-incremental/QF_BV/Sage2/bench_11311.smt2,1725.76,2112,140469,成功
/pub/data/jiafq/iscas/Parser_Comparison/../benchmarks/part31/non-incremental/QF_BV/Sage2/bench_11313.smt2,974.343,2376,69372,成功
/pub/data/jiafq/iscas/Parser_Comparison/../benchmarks/part31/non-incremental/QF_BV/Sage2/bench_11316.smt2,1195.01,1584,241728,成功
/pub/data/jiafq/iscas/Parser_Comparison/../benchmarks/part31/non-incremental/QF_BV/Sage2/bench_11317.smt2,1914.72,7172,178593,成功
/pub/data/jiafq/iscas/Parser_Comparison/../benchmarks/part31/non-incremental/QF_BV/Sage2/bench_11319.smt2,21.4918,264,892,成功
/pub/data/jiafq/iscas/Parser_Comparison/../benchmarks/part31/non-incremental/QF_BV/Sage2/bench_11320.smt2,13.7367,264,607,成功
/pub/data/jiafq/iscas/Parser_Comparison/../benchmarks/part31/non-incremental/QF_BV/Sage2/bench_11321.smt2,0,0,0,失败
/pub/data/jiafq/iscas/Parser_Comparison/../benchmarks/part31/non-incremental/QF_BV/Sage2/bench_1133.smt2,22.6467,264,870,成功
/pub/data/jiafq/iscas/Parser_Comparison/../benchmarks/part31/non-incremental/QF_BV/Sage2/bench_11338.smt2,0,0,0,失败
/pub/data/jiafq/iscas/Parser_Comparison/../benchmarks/part31/non-incremental/QF_BV/Sage2/bench_11339.smt2,44.2631,264,1784,成功
/pub/data/jiafq/iscas/Parser_Comparison/../benchmarks/part31/non-incremental/QF_BV/Sage2/bench_1134.smt2,23.2699,264,880,成功
/pub/data/jiafq/iscas/Parser_Comparison/../benchmarks/part31/non-incremental/QF_BV/Sage2/bench_11340.smt2,28.877,264,1389,成功
/pub/data/jiafq/iscas/Parser_Comparison/../benchmarks/part31/non-incremental/QF_BV/Sage2/bench_11341.smt2,134.084,1320,5359,成功
/pub/data/jiafq/iscas/Parser_Comparison/../benchmarks/part31/non-incremental/QF_BV/Sage2/bench_11342.smt2,81.2716,792,4551,成功
/pub/data/jiafq/iscas/Parser_Comparison/../benchmarks/part31/non-incremental/QF_BV/Sage2/bench_11343.smt2,43.7982,264,1784,成功
/pub/data/jiafq/iscas/Parser_Comparison/../benchmarks/part31/non-incremental/QF_BV/Sage2/bench_11349.smt2,17.7133,264,848,成功
/pub/data/jiafq/iscas/Parser_Comparison/../benchmarks/part31/non-incremental/QF_BV/Sage2/bench_11351.smt2,490.36,1320,28117,成功
/pub/data/jiafq/iscas/Parser_Comparison/../benchmarks/part31/non-incremental/QF_BV/Sage2/bench_11352.smt2,18.0225,264,848,成功
/pub/data/jiafq/iscas/Parser_Comparison/../benchmarks/part31/non-incremental/QF_BV/Sage2/bench_11353.smt2,52.4957,264,2803,成功
/pub/data/jiafq/iscas/Parser_Comparison/../benchmarks/part31/non-incremental/QF_BV/Sage2/bench_11357.smt2,447.48,5292,20125,成功
/pub/data/jiafq/iscas/Parser_Comparison/../benchmarks/part31/non-incremental/QF_BV/Sage2/bench_11358.smt2,984.015,3168,47262,成功
/pub/data/jiafq/iscas/Parser_Comparison/../benchmarks/part31/non-incremental/QF_BV/Sage2/bench_11359.smt2,215.57,1320,11189,成功
/pub/data/jiafq/iscas/Parser_Comparison/../benchmarks/part31/non-incremental/QF_BV/Sage2/bench_11360.smt2,163.526,1056,7604,成功
/pub/data/jiafq/iscas/Parser_Comparison/../benchmarks/part31/non-incremental/QF_BV/Sage2/bench_11361.smt2,19.026,264,984,成功
/pub/data/jiafq/iscas/Parser_Comparison/../benchmarks/part31/non-incremental/QF_BV/Sage2/bench_11365.smt2,55.7854,264,2320,成功
/pub/data/jiafq/iscas/Parser_Comparison/../benchmarks/part31/non-incremental/QF_BV/Sage2/bench_11366.smt2,81.2316,792,4651,成功
/pub/data/jiafq/iscas/Parser_Comparison/../benchmarks/part31/non-incremental/QF_BV/Sage2/bench_11367.smt2,100.43,1056,4365,成功
/pub/data/jiafq/iscas/Parser_Comparison/../benchmarks/part31/non-incremental/QF_BV/Sage2/bench_11369.smt2,18.0602,264,848,成功
/pub/data/jiafq/iscas/Parser_Comparison/../benchmarks/part31/non-incremental/QF_BV/Sage2/bench_1137.smt2,20.8678,264,778,成功
/pub/data/jiafq/iscas/Parser_Comparison/../benchmarks/part31/non-incremental/QF_BV/Sage2/bench_11377.smt2,18.08,264,848,成功
/pub/data/jiafq/iscas/Parser_Comparison/../benchmarks/part31/non-incremental/QF_BV/Sage2/bench_11378.smt2,118.727,264,8179,成功
/pub/data/jiafq/iscas/Parser_Comparison/../benchmarks/part31/non-incremental/QF_BV/Sage2/bench_11380.smt2,23.1133,264,1129,成功
/pub/data/jiafq/iscas/Parser_Comparison/../benchmarks/part31/non-incremental/QF_BV/Sage2/bench_11381.smt2,0,0,0,失败
/pub/data/jiafq/iscas/Parser_Comparison/../benchmarks/part31/non-incremental/QF_BV/Sage2/bench_11382.smt2,17.5898,264,848,成功
/pub/data/jiafq/iscas/Parser_Comparison/../benchmarks/part31/non-incremental/QF_BV/Sage2/bench_11383.smt2,16.4382,264,476,成功
/pub/data/jiafq/iscas/Parser_Comparison/../benchmarks/part31/non-incremental/QF_BV/Sage2/bench_11385.smt2,117.033,1320,4806,成功
/pub/data/jiafq/iscas/Parser_Comparison/../benchmarks/part31/non-incremental/QF_BV/Sage2/bench_11386.smt2,18.0902,264,848,成功
/pub/data/jiafq/iscas/Parser_Comparison/../benchmarks/part31/non-incremental/QF_BV/Sage2/bench_11387.smt2,0,0,0,失败
/pub/data/jiafq/iscas/Parser_Comparison/../benchmarks/part31/non-incremental/QF_BV/Sage2/bench_11389.smt2,664.571,2640,32680,成功
/pub/data/jiafq/iscas/Parser_Comparison/../benchmarks/part31/non-incremental/QF_BV/Sage2/bench_1139.smt2,23.6464,264,938,成功
/pub/data/jiafq/iscas/Parser_Comparison/../benchmarks/part31/non-incremental/QF_BV/Sage2/bench_11391.smt2,88.2757,1056,3395,成功
/pub/data/jiafq/iscas/Parser_Comparison/../benchmarks/part31/non-incremental/QF_BV/Sage2/bench_11393.smt2,41.0383,264,2212,成功
/pub/data/jiafq/iscas/Parser_Comparison/../benchmarks/part31/non-incremental/QF_BV/Sage2/bench_11395.smt2,949.961,2112,63752,成功
/pub/data/jiafq/iscas/Parser_Comparison/../benchmarks/part31/non-incremental/QF_BV/Sage2/bench_11397.smt2,1952.26,2404,150565,成功
/pub/data/jiafq/iscas/Parser_Comparison/../benchmarks/part31/non-incremental/QF_BV/Sage2/bench_11398.smt2,0,0,0,失败
/pub/data/jiafq/iscas/Parser_Comparison/../benchmarks/part31/non-incremental/QF_BV/Sage2/bench_114.smt2,39.983,264,1538,成功
/pub/data/jiafq/iscas/Parser_Comparison/../benchmarks/part31/non-incremental/QF_BV/Sage2/bench_11400.smt2,491.287,1320,25989,成功
/pub/data/jiafq/iscas/Parser_Comparison/../benchmarks/part31/non-incremental/QF_BV/Sage2/bench_11402.smt2,399.757,1056,33466,成功
/pub/data/jiafq/iscas/Parser_Comparison/../benchmarks/part31/non-incremental/QF_BV/Sage2/bench_11406.smt2,13.4532,264,607,成功
/pub/data/jiafq/iscas/Parser_Comparison/../benchmarks/part31/non-incremental/QF_BV/Sage2/bench_11408.smt2,75.881,528,4956,成功
/pub/data/jiafq/iscas/Parser_Comparison/../benchmarks/part31/non-incremental/QF_BV/Sage2/bench_1141.smt2,4288.75,2512,1759829,成功
/pub/data/jiafq/iscas/Parser_Comparison/../benchmarks/part31/non-incremental/QF_BV/Sage2/bench_11411.smt2,8.31056,264,327,成功
/pub/data/jiafq/iscas/Parser_Comparison/../benchmarks/part31/non-incremental/QF_BV/Sage2/bench_11413.smt2,116.174,1320,4888,成功
/pub/data/jiafq/iscas/Parser_Comparison/../benchmarks/part31/non-incremental/QF_BV/Sage2/bench_11418.smt2,88.7949,1056,3522,成功
/pub/data/jiafq/iscas/Parser_Comparison/../benchmarks/part31/non-incremental/QF_BV/Sage2/bench_11425.smt2,48.033,264,2653,成功
/pub/data/jiafq/iscas/Parser_Comparison/../benchmarks/part31/non-incremental/QF_BV/Sage2/bench_11429.smt2,57.0436,264,2367,成功
/pub/data/jiafq/iscas/Parser_Comparison/../benchmarks/part31/non-incremental/QF_BV/Sage2/bench_11432.smt2,13.2186,264,607,成功
/pub/data/jiafq/iscas/Parser_Comparison/../benchmarks/part31/non-incremental/QF_BV/Sage2/bench_11433.smt2,29.6504,264,1415,成功
/pub/data/jiafq/iscas/Parser_Comparison/../benchmarks/part31/non-incremental/QF_BV/Sage2/bench_11435.smt2,13.4761,264,607,成功
/pub/data/jiafq/iscas/Parser_Comparison/../benchmarks/part31/non-incremental/QF_BV/Sage2/bench_11436.smt2,166.498,792,10047,成功
/pub/data/jiafq/iscas/Parser_Comparison/../benchmarks/part31/non-incremental/QF_BV/Sage2/bench_11440.smt2,13.3955,264,607,成功
/pub/data/jiafq/iscas/Parser_Comparison/../benchmarks/part31/non-incremental/QF_BV/Sage2/bench_11443.smt2,13.6395,264,607,成功
/pub/data/jiafq/iscas/Parser_Comparison/../benchmarks/part31/non-incremental/QF_BV/Sage2/bench_1145.smt2,24.2224,264,980,成功
/pub/data/jiafq/iscas/Parser_Comparison/../benchmarks/part31/non-incremental/QF_BV/Sage2/bench_11450.smt2,231.835,528,10864,成功
/pub/data/jiafq/iscas/Parser_Comparison/../benchmarks/part31/non-incremental/QF_BV/Sage2/bench_11454.smt2,37.5428,264,1851,成功
/pub/data/jiafq/iscas/Parser_Comparison/../benchmarks/part31/non-incremental/QF_BV/Sage2/bench_11455.smt2,17.7195,264,848,成功
/pub/data/jiafq/iscas/Parser_Comparison/../benchmarks/part31/non-incremental/QF_BV/Sage2/bench_11456.smt2,1723.49,1848,140149,成功
/pub/data/jiafq/iscas/Parser_Comparison/../benchmarks/part31/non-incremental/QF_BV/Sage2/bench_11458.smt2,48.8389,264,2653,成功
/pub/data/jiafq/iscas/Parser_Comparison/../benchmarks/part31/non-incremental/QF_BV/Sage2/bench_11459.smt2,63.0424,528,3394,成功
/pub/data/jiafq/iscas/Parser_Comparison/../benchmarks/part31/non-incremental/QF_BV/Sage2/bench_1146.smt2,23.5353,264,935,成功
/pub/data/jiafq/iscas/Parser_Comparison/../benchmarks/part31/non-incremental/QF_BV/Sage2/bench_11460.smt2,17.884,264,848,成功
/pub/data/jiafq/iscas/Parser_Comparison/../benchmarks/part31/non-incremental/QF_BV/Sage2/bench_11461.smt2,79.5631,792,4572,成功
/pub/data/jiafq/iscas/Parser_Comparison/../benchmarks/part31/non-incremental/QF_BV/Sage2/bench_11462.smt2,23.973,264,1102,成功
/pub/data/jiafq/iscas/Parser_Comparison/../benchmarks/part31/non-incremental/QF_BV/Sage2/bench_11463.smt2,131.147,1056,5997,成功
/pub/data/jiafq/iscas/Parser_Comparison/../benchmarks/part31/non-incremental/QF_BV/Sage2/bench_11464.smt2,87.9006,792,5330,成功
/pub/data/jiafq/iscas/Parser_Comparison/../benchmarks/part31/non-incremental/QF_BV/Sage2/bench_11465.smt2,53.3016,264,2853,成功
/pub/data/jiafq/iscas/Parser_Comparison/../benchmarks/part31/non-incremental/QF_BV/Sage2/bench_11466.smt2,3075.67,2032,1340257,成功
/pub/data/jiafq/iscas/Parser_Comparison/../benchmarks/part31/non-incremental/QF_BV/Sage2/bench_11467.smt2,124.374,1320,4656,成功
/pub/data/jiafq/iscas/Parser_Comparison/../benchmarks/part31/non-incremental/QF_BV/Sage2/bench_11468.smt2,81.2235,528,5445,成功
/pub/data/jiafq/iscas/Parser_Comparison/../benchmarks/part31/non-incremental/QF_BV/Sage2/bench_11469.smt2,12.2204,264,389,成功
/pub/data/jiafq/iscas/Parser_Comparison/../benchmarks/part31/non-incremental/QF_BV/Sage2/bench_11470.smt2,37.1933,264,1851,成功
/pub/data/jiafq/iscas/Parser_Comparison/../benchmarks/part31/non-incremental/QF_BV/Sage2/bench_11472.smt2,2264.11,7484,195665,成功
/pub/data/jiafq/iscas/Parser_Comparison/../benchmarks/part31/non-incremental/QF_BV/Sage2/bench_11473.smt2,49.953,792,1736,成功
/pub/data/jiafq/iscas/Parser_Comparison/../benchmarks/part31/non-incremental/QF_BV/Sage2/bench_11474.smt2,28.4803,264,1369,成功
/pub/data/jiafq/iscas/Parser_Comparison/../benchmarks/part31/non-incremental/QF_BV/Sage2/bench_11475.smt2,6783.14,4032,3568958,成功
/pub/data/jiafq/iscas/Parser_Comparison/../benchmarks/part31/non-incremental/QF_BV/Sage2/bench_11476.smt2,47.771,264,2653,成功
/pub/data/jiafq/iscas/Parser_Comparison/../benchmarks/part31/non-incremental/QF_BV/Sage2/bench_11477.smt2,17.1349,264,794,成功
/pub/data/jiafq/iscas/Parser_Comparison/../benchmarks/part31/non-incremental/QF_BV/Sage2/bench_11478.smt2,17.5374,264,848,成功
/pub/data/jiafq/iscas/Parser_Comparison/../benchmarks/part31/non-incremental/QF_BV/Sage2/bench_1148.smt2,125.273,528,5799,成功
/pub/data/jiafq/iscas/Parser_Comparison/../benchmarks/part31/non-incremental/QF_BV/Sage2/bench_11480.smt2,0,0,0,失败
/pub/data/jiafq/iscas/Parser_Comparison/../benchmarks/part31/non-incremental/QF_BV/Sage2/bench_11481.smt2,40.89,264,2212,成功
/pub/data/jiafq/iscas/Parser_Comparison/../benchmarks/part31/non-incremental/QF_BV/Sage2/bench_11482.smt2,42.6269,264,1639,成功
/pub/data/jiafq/iscas/Parser_Comparison/../benchmarks/part31/non-incremental/QF_BV/Sage2/bench_11484.smt2,75.8886,528,3143,成功
/pub/data/jiafq/iscas/Parser_Comparison/../benchmarks/part31/non-incremental/QF_BV/Sage2/bench_11487.smt2,37.1213,264,1851,成功
/pub/data/jiafq/iscas/Parser_Comparison/../benchmarks/part31/non-incremental/QF_BV/Sage2/bench_11489.smt2,29.206,264,1415,成功
/pub/data/jiafq/iscas/Parser_Comparison/../benchmarks/part31/non-incremental/QF_BV/Sage2/bench_11491.smt2,50.7705,264,2703,成功
/pub/data/jiafq/iscas/Parser_Comparison/../benchmarks/part31/non-incremental/QF_BV/Sage2/bench_11496.smt2,10.9773,264,317,成功
/pub/data/jiafq/iscas/Parser_Comparison/../benchmarks/part31/non-incremental/QF_BV/Sage2/bench_1150.smt2,22.6922,264,880,成功
/pub/data/jiafq/iscas/Parser_Comparison/../benchmarks/part31/non-incremental/QF_BV/Sage2/bench_11500.smt2,1296.97,1848,60962,成功
/pub/data/jiafq/iscas/Parser_Comparison/../benchmarks/part31/non-incremental/QF_BV/Sage2/bench_11506.smt2,27.7379,264,1450,成功
/pub/data/jiafq/iscas/Parser_Comparison/../benchmarks/part31/non-incremental/QF_BV/Sage2/bench_11514.smt2,640.799,1320,38842,成功
/pub/data/jiafq/iscas/Parser_Comparison/../benchmarks/part31/non-incremental/QF_BV/Sage2/bench_11517.smt2,126.263,1320,4744,成功
/pub/data/jiafq/iscas/Parser_Comparison/../benchmarks/part31/non-incremental/QF_BV/Sage2/bench_1152.smt2,22.6765,264,880,成功
/pub/data/jiafq/iscas/Parser_Comparison/../benchmarks/part31/non-incremental/QF_BV/Sage2/bench_11521.smt2,37.2393,264,1845,成功
/pub/data/jiafq/iscas/Parser_Comparison/../benchmarks/part31/non-incremental/QF_BV/Sage2/bench_11527.smt2,0,0,0,失败
/pub/data/jiafq/iscas/Parser_Comparison/../benchmarks/part31/non-incremental/QF_BV/Sage2/bench_11530.smt2,370.385,792,33002,成功
/pub/data/jiafq/iscas/Parser_Comparison/../benchmarks/part31/non-incremental/QF_BV/Sage2/bench_11539.smt2,50.1673,264,2753,成功
/pub/data/jiafq/iscas/Parser_Comparison/../benchmarks/part31/non-incremental/QF_BV/Sage2/bench_1154.smt2,33.6733,264,1070,成功
/pub/data/jiafq/iscas/Parser_Comparison/../benchmarks/part31/non-incremental/QF_BV/Sage2/bench_11540.smt2,31.3177,264,3426,成功
/pub/data/jiafq/iscas/Parser_Comparison/../benchmarks/part31/non-incremental/QF_BV/Sage2/bench_11541.smt2,98.2902,528,5709,成功
/pub/data/jiafq/iscas/Parser_Comparison/../benchmarks/part31/non-incremental/QF_BV/Sage2/bench_11542.smt2,0,0,0,失败
/pub/data/jiafq/iscas/Parser_Comparison/../benchmarks/part31/non-incremental/QF_BV/Sage2/bench_11543.smt2,50.9229,264,2753,成功
/pub/data/jiafq/iscas/Parser_Comparison/../benchmarks/part31/non-incremental/QF_BV/Sage2/bench_11544.smt2,73.0872,528,4018,成功
/pub/data/jiafq/iscas/Parser_Comparison/../benchmarks/part31/non-incremental/QF_BV/Sage2/bench_11547.smt2,1891.83,7176,178531,成功
/pub/data/jiafq/iscas/Parser_Comparison/../benchmarks/part31/non-incremental/QF_BV/Sage2/bench_11549.smt2,1922.67,7172,178554,成功
/pub/data/jiafq/iscas/Parser_Comparison/../benchmarks/part31/non-incremental/QF_BV/Sage2/bench_11551.smt2,875.304,1848,59809,成功
/pub/data/jiafq/iscas/Parser_Comparison/../benchmarks/part31/non-incremental/QF_BV/Sage2/bench_11553.smt2,123.078,528,5701,成功
/pub/data/jiafq/iscas/Parser_Comparison/../benchmarks/part31/non-incremental/QF_BV/Sage2/bench_11555.smt2,653.059,5784,31403,成功
/pub/data/jiafq/iscas/Parser_Comparison/../benchmarks/part31/non-incremental/QF_BV/Sage2/bench_11557.smt2,914.007,1848,64585,成功
/pub/data/jiafq/iscas/Parser_Comparison/../benchmarks/part31/non-incremental/QF_BV/Sage2/bench_11558.smt2,51.7306,264,2803,成功
/pub/data/jiafq/iscas/Parser_Comparison/../benchmarks/part31/non-incremental/QF_BV/Sage2/bench_1156.smt2,19.9471,264,760,成功
/pub/data/jiafq/iscas/Parser_Comparison/../benchmarks/part31/non-incremental/QF_BV/Sage2/bench_11560.smt2,49.5949,528,2644,成功
/pub/data/jiafq/iscas/Parser_Comparison/../benchmarks/part31/non-incremental/QF_BV/Sage2/bench_11562.smt2,17.8111,264,848,成功
/pub/data/jiafq/iscas/Parser_Comparison/../benchmarks/part31/non-incremental/QF_BV/Sage2/bench_11570.smt2,1233.49,1584,241705,成功
/pub/data/jiafq/iscas/Parser_Comparison/../benchmarks/part31/non-incremental/QF_BV/Sage2/bench_11572.smt2,17.7772,264,848,成功
/pub/data/jiafq/iscas/Parser_Comparison/../benchmarks/part31/non-incremental/QF_BV/Sage2/bench_11575.smt2,1114.16,1584,84447,成功
/pub/data/jiafq/iscas/Parser_Comparison/../benchmarks/part31/non-incremental/QF_BV/Sage2/bench_11577.smt2,1302.15,1848,59042,成功
/pub/data/jiafq/iscas/Parser_Comparison/../benchmarks/part31/non-incremental/QF_BV/Sage2/bench_11578.smt2,1325.38,1848,61282,成功
/pub/data/jiafq/iscas/Parser_Comparison/../benchmarks/part31/non-incremental/QF_BV/Sage2/bench_11579.smt2,23.7548,264,962,成功
/pub/data/jiafq/iscas/Parser_Comparison/../benchmarks/part31/non-incremental/QF_BV/Sage2/bench_1158.smt2,26.7,264,1070,成功
/pub/data/jiafq/iscas/Parser_Comparison/../benchmarks/part31/non-incremental/QF_BV/Sage2/bench_11580.smt2,473.098,1320,25942,成功
/pub/data/jiafq/iscas/Parser_Comparison/../benchmarks/part31/non-incremental/QF_BV/Sage2/bench_11581.smt2,637.559,2640,32465,成功
/pub/data/jiafq/iscas/Parser_Comparison/../benchmarks/part31/non-incremental/QF_BV/Sage2/bench_11582.smt2,215.901,1056,10670,成功
/pub/data/jiafq/iscas/Parser_Comparison/../benchmarks/part31/non-incremental/QF_BV/Sage2/bench_11583.smt2,29.3043,264,1450,成功
/pub/data/jiafq/iscas/Parser_Comparison/../benchmarks/part31/non-incremental/QF_BV/Sage2/bench_11584.smt2,93.9305,792,4241,成功
/pub/data/jiafq/iscas/Parser_Comparison/../benchmarks/part31/non-incremental/QF_BV/Sage2/bench_11585.smt2,17.8983,264,794,成功
/pub/data/jiafq/iscas/Parser_Comparison/../benchmarks/part31/non-incremental/QF_BV/Sage2/bench_11586.smt2,205.821,1320,9005,成功
/pub/data/jiafq/iscas/Parser_Comparison/../benchmarks/part31/non-incremental/QF_BV/Sage2/bench_11587.smt2,18.7285,264,848,成功
/pub/data/jiafq/iscas/Parser_Comparison/../benchmarks/part31/non-incremental/QF_BV/Sage2/bench_11588.smt2,451.148,5296,20125,成功
/pub/data/jiafq/iscas/Parser_Comparison/../benchmarks/part31/non-incremental/QF_BV/Sage2/bench_11589.smt2,1514.9,5144,347488,成功
/pub/data/jiafq/iscas/Parser_Comparison/../benchmarks/part31/non-incremental/QF_BV/Sage2/bench_11591.smt2,551.187,1584,28495,成功
/pub/data/jiafq/iscas/Parser_Comparison/../benchmarks/part31/non-incremental/QF_BV/Sage2/bench_11592.smt2,2344.9,1940,674981,成功
/pub/data/jiafq/iscas/Parser_Comparison/../benchmarks/part31/non-incremental/QF_BV/Sage2/bench_11593.smt2,43.2241,264,1784,成功
/pub/data/jiafq/iscas/Parser_Comparison/../benchmarks/part31/non-incremental/QF_BV/Sage2/bench_11594.smt2,379.428,1056,35037,成功
/pub/data/jiafq/iscas/Parser_Comparison/../benchmarks/part31/non-incremental/QF_BV/Sage2/bench_11596.smt2,91.3098,792,4167,成功
/pub/data/jiafq/iscas/Parser_Comparison/../benchmarks/part31/non-incremental/QF_BV/Sage2/bench_11597.smt2,282.291,2640,13498,成功
/pub/data/jiafq/iscas/Parser_Comparison/../benchmarks/part31/non-incremental/QF_BV/Sage2/bench_1160.smt2,2968.58,2036,1340257,成功
/pub/data/jiafq/iscas/Parser_Comparison/../benchmarks/part31/non-incremental/QF_BV/Sage2/bench_11600.smt2,2166.29,9252,151000,成功
/pub/data/jiafq/iscas/Parser_Comparison/../benchmarks/part31/non-incremental/QF_BV/Sage2/bench_11604.smt2,51.5611,264,2803,成功
/pub/data/jiafq/iscas/Parser_Comparison/../benchmarks/part31/non-incremental/QF_BV/Sage2/bench_11606.smt2,37.3859,264,1845,成功
/pub/data/jiafq/iscas/Parser_Comparison/../benchmarks/part31/non-incremental/QF_BV/Sage2/bench_11610.smt2,48.1985,264,2653,成功
/pub/data/jiafq/iscas/Parser_Comparison/../benchmarks/part31/non-incremental/QF_BV/Sage2/bench_11612.smt2,29.1708,264,1402,成功
/pub/data/jiafq/iscas/Parser_Comparison/../benchmarks/part31/non-incremental/QF_BV/Sage2/bench_11616.smt2,98.7005,792,4316,成功
/pub/data/jiafq/iscas/Parser_Comparison/../benchmarks/part31/non-incremental/QF_BV/Sage2/bench_11618.smt2,57.8742,528,2599,成功
/pub/data/jiafq/iscas/Parser_Comparison/../benchmarks/part31/non-incremental/QF_BV/Sage2/bench_11620.smt2,28.9752,264,1402,成功
/pub/data/jiafq/iscas/Parser_Comparison/../benchmarks/part31/non-incremental/QF_BV/Sage2/bench_11622.smt2,2309.64,1448,189521,成功
/pub/data/jiafq/iscas/Parser_Comparison/../benchmarks/part31/non-incremental/QF_BV/Sage2/bench_11627.smt2,86.6222,528,4089,成功
/pub/data/jiafq/iscas/Parser_Comparison/../benchmarks/part31/non-incremental/QF_BV/Sage2/bench_11630.smt2,36.5639,264,1845,成功
/pub/data/jiafq/iscas/Parser_Comparison/../benchmarks/part31/non-incremental/QF_BV/Sage2/bench_11633.smt2,58.387,528,2991,成功
/pub/data/jiafq/iscas/Parser_Comparison/../benchmarks/part31/non-incremental/QF_BV/Sage2/bench_11634.smt2,78.3596,792,4620,成功
/pub/data/jiafq/iscas/Parser_Comparison/../benchmarks/part31/non-incremental/QF_BV/Sage2/bench_11638.smt2,2301.83,1928,674524,成功
/pub/data/jiafq/iscas/Parser_Comparison/../benchmarks/part31/non-incremental/QF_BV/Sage2/bench_1164.smt2,17.6368,264,617,成功
/pub/data/jiafq/iscas/Parser_Comparison/../benchmarks/part31/non-incremental/QF_BV/Sage2/bench_11643.smt2,0,0,0,失败
/pub/data/jiafq/iscas/Parser_Comparison/../benchmarks/part31/non-incremental/QF_BV/Sage2/bench_11644.smt2,92.5436,528,4296,成功
/pub/data/jiafq/iscas/Parser_Comparison/../benchmarks/part31/non-incremental/QF_BV/Sage2/bench_11645.smt2,1179.25,1584,241819,成功
/pub/data/jiafq/iscas/Parser_Comparison/../benchmarks/part31/non-incremental/QF_BV/Sage2/bench_11646.smt2,1586.67,4224,255667,成功
/pub/data/jiafq/iscas/Parser_Comparison/../benchmarks/part31/non-incremental/QF_BV/Sage2/bench_11647.smt2,1462.35,5228,108302,成功
/pub/data/jiafq/iscas/Parser_Comparison/../benchmarks/part31/non-incremental/QF_BV/Sage2/bench_11648.smt2,63.4892,264,6384,成功
/pub/data/jiafq/iscas/Parser_Comparison/../benchmarks/part31/non-incremental/QF_BV/Sage2/bench_11650.smt2,270.16,528,16807,成功
/pub/data/jiafq/iscas/Parser_Comparison/../benchmarks/part31/non-incremental/QF_BV/Sage2/bench_11651.smt2,22.5122,264,1129,成功
/pub/data/jiafq/iscas/Parser_Comparison/../benchmarks/part31/non-incremental/QF_BV/Sage2/bench_11652.smt2,1277.71,1848,59362,成功
/pub/data/jiafq/iscas/Parser_Comparison/../benchmarks/part31/non-incremental/QF_BV/Sage2/bench_11653.smt2,359.515,1320,18944,成功
/pub/data/jiafq/iscas/Parser_Comparison/../benchmarks/part31/non-incremental/QF_BV/Sage2/bench_11654.smt2,301.263,1584,19547,成功
/pub/data/jiafq/iscas/Parser_Comparison/../benchmarks/part31/non-incremental/QF_BV/Sage2/bench_11655.smt2,81.3208,792,4572,成功
/pub/data/jiafq/iscas/Parser_Comparison/../benchmarks/part31/non-incremental/QF_BV/Sage2/bench_11657.smt2,17.9615,264,848,成功
/pub/data/jiafq/iscas/Parser_Comparison/../benchmarks/part31/non-incremental/QF_BV/Sage2/bench_11658.smt2,198.305,1320,10549,成功
/pub/data/jiafq/iscas/Parser_Comparison/../benchmarks/part31/non-incremental/QF_BV/Sage2/bench_11659.smt2,0,0,0,失败
/pub/data/jiafq/iscas/Parser_Comparison/../benchmarks/part31/non-incremental/QF_BV/Sage2/bench_1166.smt2,26.5319,264,1030,成功
/pub/data/jiafq/iscas/Parser_Comparison/../benchmarks/part31/non-incremental/QF_BV/Sage2/bench_11660.smt2,35.9035,264,1832,成功
/pub/data/jiafq/iscas/Parser_Comparison/../benchmarks/part31/non-incremental/QF_BV/Sage2/bench_11662.smt2,0,0,0,失败
/pub/data/jiafq/iscas/Parser_Comparison/../benchmarks/part31/non-incremental/QF_BV/Sage2/bench_11663.smt2,151.734,528,7064,成功
/pub/data/jiafq/iscas/Parser_Comparison/../benchmarks/part31/non-incremental/QF_BV/Sage2/bench_11666.smt2,934.122,2112,219982,成功
/pub/data/jiafq/iscas/Parser_Comparison/../benchmarks/part31/non-incremental/QF_BV/Sage2/bench_11667.smt2,580.962,2376,29743,成功
/pub/data/jiafq/iscas/Parser_Comparison/../benchmarks/part31/non-incremental/QF_BV/Sage2/bench_11668.smt2,33.0307,264,1439,成功
/pub/data/jiafq/iscas/Parser_Comparison/../benchmarks/part31/non-incremental/QF_BV/Sage2/bench_11670.smt2,235.422,2640,9361,成功
/pub/data/jiafq/iscas/Parser_Comparison/../benchmarks/part31/non-incremental/QF_BV/Sage2/bench_11671.smt2,82.1803,792,4551,成功
/pub/data/jiafq/iscas/Parser_Comparison/../benchmarks/part31/non-incremental/QF_BV/Sage2/bench_11672.smt2,142.6,528,6608,成功
/pub/data/jiafq/iscas/Parser_Comparison/../benchmarks/part31/non-incremental/QF_BV/Sage2/bench_11676.smt2,5.95045,264,177,成功
/pub/data/jiafq/iscas/Parser_Comparison/../benchmarks/part31/non-incremental/QF_BV/Sage2/bench_11677.smt2,37.9584,264,19873,成功
/pub/data/jiafq/iscas/Parser_Comparison/../benchmarks/part31/non-incremental/QF_BV/Sage2/bench_1168.smt2,59.2444,528,2524,成功
/pub/data/jiafq/iscas/Parser_Comparison/../benchmarks/part31/non-incremental/QF_BV/Sage2/bench_11680.smt2,187.257,1320,8580,成功
/pub/data/jiafq/iscas/Parser_Comparison/../benchmarks/part31/non-incremental/QF_BV/Sage2/bench_11685.smt2,764.935,1320,50824,成功
/pub/data/jiafq/iscas/Parser_Comparison/../benchmarks/part31/non-incremental/QF_BV/Sage2/bench_11686.smt2,852.093,1320,70233,成功
/pub/data/jiafq/iscas/Parser_Comparison/../benchmarks/part31/non-incremental/QF_BV/Sage2/bench_11692.smt2,46.7761,528,2515,成功
/pub/data/jiafq/iscas/Parser_Comparison/../benchmarks/part31/non-incremental/QF_BV/Sage2/bench_11694.smt2,63.8871,528,3394,成功
/pub/data/jiafq/iscas/Parser_Comparison/../benchmarks/part31/non-incremental/QF_BV/Sage2/bench_11696.smt2,331.944,1584,17400,成功
/pub/data/jiafq/iscas/Parser_Comparison/../benchmarks/part31/non-incremental/QF_BV/Sage2/bench_11697.smt2,1850.62,7172,173777,成功
/pub/data/jiafq/iscas/Parser_Comparison/../benchmarks/part31/non-incremental/QF_BV/Sage2/bench_117.smt2,5948.3,3600,3487384,成功
/pub/data/jiafq/iscas/Parser_Comparison/../benchmarks/part31/non-incremental/QF_BV/Sage2/bench_1170.smt2,3.89051,0,159,成功
/pub/data/jiafq/iscas/Parser_Comparison/../benchmarks/part31/non-incremental/QF_BV/Sage2/bench_11701.smt2,1347.37,1848,60962,成功
/pub/data/jiafq/iscas/Parser_Comparison/../benchmarks/part31/non-incremental/QF_BV/Sage2/bench_11703.smt2,894.144,2112,59975,成功
/pub/data/jiafq/iscas/Parser_Comparison/../benchmarks/part31/non-incremental/QF_BV/Sage2/bench_11708.smt2,210.642,2112,8629,成功
/pub/data/jiafq/iscas/Parser_Comparison/../benchmarks/part31/non-incremental/QF_BV/Sage2/bench_1171.smt2,19.7623,264,728,成功
/pub/data/jiafq/iscas/Parser_Comparison/../benchmarks/part31/non-incremental/QF_BV/Sage2/bench_11714.smt2,0,0,0,失败
/pub/data/jiafq/iscas/Parser_Comparison/../benchmarks/part31/non-incremental/QF_BV/Sage2/bench_11715.smt2,0,0,0,失败
/pub/data/jiafq/iscas/Parser_Comparison/../benchmarks/part31/non-incremental/QF_BV/Sage2/bench_11717.smt2,27.0092,264,2394,成功
/pub/data/jiafq/iscas/Parser_Comparison/../benchmarks/part31/non-incremental/QF_BV/Sage2/bench_11719.smt2,31.3141,264,3352,成功
/pub/data/jiafq/iscas/Parser_Comparison/../benchmarks/part31/non-incremental/QF_BV/Sage2/bench_11722.smt2,727.396,792,83359,成功
/pub/data/jiafq/iscas/Parser_Comparison/../benchmarks/part31/non-incremental/QF_BV/Sage2/bench_11724.smt2,123.085,528,5701,成功
/pub/data/jiafq/iscas/Parser_Comparison/../benchmarks/part31/non-incremental/QF_BV/Sage2/bench_11725.smt2,13.3212,264,607,成功
/pub/data/jiafq/iscas/Parser_Comparison/../benchmarks/part31/non-incremental/QF_BV/Sage2/bench_1173.smt2,24.9393,264,995,成功
/pub/data/jiafq/iscas/Parser_Comparison/../benchmarks/part31/non-incremental/QF_BV/Sage2/bench_11732.smt2,1071.73,1320,78275,成功
/pub/data/jiafq/iscas/Parser_Comparison/../benchmarks/part31/non-incremental/QF_BV/Sage2/bench_11736.smt2,17.9861,264,543,成功
/pub/data/jiafq/iscas/Parser_Comparison/../benchmarks/part31/non-incremental/QF_BV/Sage2/bench_11738.smt2,91.3234,792,4961,成功
/pub/data/jiafq/iscas/Parser_Comparison/../benchmarks/part31/non-incremental/QF_BV/Sage2/bench_11740.smt2,699.945,2376,34751,成功
/pub/data/jiafq/iscas/Parser_Comparison/../benchmarks/part31/non-incremental/QF_BV/Sage2/bench_11744.smt2,1294.73,1320,397233,成功
/pub/data/jiafq/iscas/Parser_Comparison/../benchmarks/part31/non-incremental/QF_BV/Sage2/bench_11746.smt2,103.258,792,4694,成功
/pub/data/jiafq/iscas/Parser_Comparison/../benchmarks/part31/non-incremental/QF_BV/Sage2/bench_11751.smt2,4672.02,2812,1585812,成功
/pub/data/jiafq/iscas/Parser_Comparison/../benchmarks/part31/non-incremental/QF_BV/Sage2/bench_11753.smt2,6639.59,4044,3571155,成功
/pub/data/jiafq/iscas/Parser_Comparison/../benchmarks/part31/non-incremental/QF_BV/Sage2/bench_11754.smt2,478.567,1320,25997,成功
/pub/data/jiafq/iscas/Parser_Comparison/../benchmarks/part31/non-incremental/QF_BV/Sage2/bench_11755.smt2,600.194,2904,28985,成功
/pub/data/jiafq/iscas/Parser_Comparison/../benchmarks/part31/non-incremental/QF_BV/Sage2/bench_11756.smt2,37.6313,264,28149,成功
/pub/data/jiafq/iscas/Parser_Comparison/../benchmarks/part31/non-incremental/QF_BV/Sage2/bench_11758.smt2,130.24,1056,5917,成功
/pub/data/jiafq/iscas/Parser_Comparison/../benchmarks/part31/non-incremental/QF_BV/Sage2/bench_11760.smt2,488.087,1320,28196,成功
/pub/data/jiafq/iscas/Parser_Comparison/../benchmarks/part31/non-incremental/QF_BV/Sage2/bench_11762.smt2,168.084,264,10906,成功
/pub/data/jiafq/iscas/Parser_Comparison/../benchmarks/part31/non-incremental/QF_BV/Sage2/bench_11764.smt2,0,0,0,失败
/pub/data/jiafq/iscas/Parser_Comparison/../benchmarks/part31/non-incremental/QF_BV/Sage2/bench_11769.smt2,129.018,1320,5205,成功
/pub/data/jiafq/iscas/Parser_Comparison/../benchmarks/part31/non-incremental/QF_BV/Sage2/bench_1177.smt2,22.6924,264,880,成功
/pub/data/jiafq/iscas/Parser_Comparison/../benchmarks/part31/non-incremental/QF_BV/Sage2/bench_11773.smt2,5023.1,5572,341121,成功
/pub/data/jiafq/iscas/Parser_Comparison/../benchmarks/part31/non-incremental/QF_BV/Sage2/bench_11775.smt2,298.49,792,13168,成功
/pub/data/jiafq/iscas/Parser_Comparison/../benchmarks/part31/non-incremental/QF_BV/Sage2/bench_11777.smt2,396.479,1056,32819,成功
/pub/data/jiafq/iscas/Parser_Comparison/../benchmarks/part31/non-incremental/QF_BV/Sage2/bench_11779.smt2,18.0867,264,848,成功
/pub/data/jiafq/iscas/Parser_Comparison/../benchmarks/part31/non-incremental/QF_BV/Sage2/bench_11781.smt2,22.5105,264,1129,成功
/pub/data/jiafq/iscas/Parser_Comparison/../benchmarks/part31/non-incremental/QF_BV/Sage2/bench_11782.smt2,22.6021,264,1129,成功
/pub/data/jiafq/iscas/Parser_Comparison/../benchmarks/part31/non-incremental/QF_BV/Sage2/bench_11783.smt2,725.95,792,84247,成功
/pub/data/jiafq/iscas/Parser_Comparison/../benchmarks/part31/non-incremental/QF_BV/Sage2/bench_11786.smt2,120.908,528,5701,成功
/pub/data/jiafq/iscas/Parser_Comparison/../benchmarks/part31/non-incremental/QF_BV/Sage2/bench_11788.smt2,95.9854,792,4362,成功
/pub/data/jiafq/iscas/Parser_Comparison/../benchmarks/part31/non-incremental/QF_BV/Sage2/bench_11790.smt2,1325.67,1848,59362,成功
/pub/data/jiafq/iscas/Parser_Comparison/../benchmarks/part31/non-incremental/QF_BV/Sage2/bench_11792.smt2,229.963,2376,8062,成功
/pub/data/jiafq/iscas/Parser_Comparison/../benchmarks/part31/non-incremental/QF_BV/Sage2/bench_11793.smt2,80.7459,792,4572,成功
/pub/data/jiafq/iscas/Parser_Comparison/../benchmarks/part31/non-incremental/QF_BV/Sage2/bench_11794.smt2,1316.07,1848,60962,成功
/pub/data/jiafq/iscas/Parser_Comparison/../benchmarks/part31/non-incremental/QF_BV/Sage2/bench_11796.smt2,28.8439,264,1415,成功
/pub/data/jiafq/iscas/Parser_Comparison/../benchmarks/part31/non-incremental/QF_BV/Sage2/bench_11799.smt2,105.302,1056,4497,成功
/pub/data/jiafq/iscas/Parser_Comparison/../benchmarks/part31/non-incremental/QF_BV/Sage2/bench_1180.smt2,26.0994,264,1040,成功
/pub/data/jiafq/iscas/Parser_Comparison/../benchmarks/part31/non-incremental/QF_BV/Sage2/bench_11801.smt2,245.041,792,10269,成功
/pub/data/jiafq/iscas/Parser_Comparison/../benchmarks/part31/non-incremental/QF_BV/Sage2/bench_11802.smt2,2014.57,7272,183064,成功
/pub/data/jiafq/iscas/Parser_Comparison/../benchmarks/part31/non-incremental/QF_BV/Sage2/bench_11803.smt2,2447.14,4628,9263728,成功
/pub/data/jiafq/iscas/Parser_Comparison/../benchmarks/part31/non-incremental/QF_BV/Sage2/bench_11804.smt2,2705.25,1912,897951,成功
/pub/data/jiafq/iscas/Parser_Comparison/../benchmarks/part31/non-incremental/QF_BV/Sage2/bench_11807.smt2,1219.67,1584,241861,成功
/pub/data/jiafq/iscas/Parser_Comparison/../benchmarks/part31/non-incremental/QF_BV/Sage2/bench_11809.smt2,0,0,0,失败
/pub/data/jiafq/iscas/Parser_Comparison/../benchmarks/part31/non-incremental/QF_BV/Sage2/bench_11811.smt2,88.9759,1056,3522,成功
/pub/data/jiafq/iscas/Parser_Comparison/../benchmarks/part31/non-incremental/QF_BV/Sage2/bench_11812.smt2,28.4722,264,1395,成功
/pub/data/jiafq/iscas/Parser_Comparison/../benchmarks/part31/non-incremental/QF_BV/Sage2/bench_11814.smt2,29.5744,264,1415,成功
/pub/data/jiafq/iscas/Parser_Comparison/../benchmarks/part31/non-incremental/QF_BV/Sage2/bench_11815.smt2,414.433,792,36092,成功
/pub/data/jiafq/iscas/Parser_Comparison/../benchmarks/part31/non-incremental/QF_BV/Sage2/bench_11816.smt2,135.363,1056,6700,成功
/pub/data/jiafq/iscas/Parser_Comparison/../benchmarks/part31/non-incremental/QF_BV/Sage2/bench_11818.smt2,870.751,1848,59897,成功
/pub/data/jiafq/iscas/Parser_Comparison/../benchmarks/part31/non-incremental/QF_BV/Sage2/bench_1182.smt2,23.0525,264,895,成功
/pub/data/jiafq/iscas/Parser_Comparison/../benchmarks/part31/non-incremental/QF_BV/Sage2/bench_11820.smt2,140.51,1056,5308,成功
/pub/data/jiafq/iscas/Parser_Comparison/../benchmarks/part31/non-incremental/QF_BV/Sage2/bench_11821.smt2,1070.21,2376,80216,成功
/pub/data/jiafq/iscas/Parser_Comparison/../benchmarks/part31/non-incremental/QF_BV/Sage2/bench_11822.smt2,261.658,528,27558,成功
/pub/data/jiafq/iscas/Parser_Comparison/../benchmarks/part31/non-incremental/QF_BV/Sage2/bench_11823.smt2,0,0,0,失败
/pub/data/jiafq/iscas/Parser_Comparison/../benchmarks/part31/non-incremental/QF_BV/Sage2/bench_11826.smt2,8.19731,264,334,成功
/pub/data/jiafq/iscas/Parser_Comparison/../benchmarks/part31/non-incremental/QF_BV/Sage2/bench_11827.smt2,0,0,0,失败
/pub/data/jiafq/iscas/Parser_Comparison/../benchmarks/part31/non-incremental/QF_BV/Sage2/bench_11828.smt2,64.7933,264,2610,成功
/pub/data/jiafq/iscas/Parser_Comparison/../benchmarks/part31/non-incremental/QF_BV/Sage2/bench_11829.smt2,2254.1,7480,195665,成功
/pub/data/jiafq/iscas/Parser_Comparison/../benchmarks/part31/non-incremental/QF_BV/Sage2/bench_11830.smt2,2337.9,1940,674661,成功
/pub/data/jiafq/iscas/Parser_Comparison/../benchmarks/part31/non-incremental/QF_BV/Sage2/bench_11831.smt2,79.5336,792,4620,成功
/pub/data/jiafq/iscas/Parser_Comparison/../benchmarks/part31/non-incremental/QF_BV/Sage2/bench_11832.smt2,1333.17,1848,60642,成功
/pub/data/jiafq/iscas/Parser_Comparison/../benchmarks/part31/non-incremental/QF_BV/Sage2/bench_11833.smt2,1705.54,2112,140469,成功
/pub/data/jiafq/iscas/Parser_Comparison/../benchmarks/part31/non-incremental/QF_BV/Sage2/bench_11834.smt2,886.154,1320,70009,成功
/pub/data/jiafq/iscas/Parser_Comparison/../benchmarks/part31/non-incremental/QF_BV/Sage2/bench_11835.smt2,36.8395,264,1838,成功
/pub/data/jiafq/iscas/Parser_Comparison/../benchmarks/part31/non-incremental/QF_BV/Sage2/bench_11838.smt2,72.8974,528,5010,成功
/pub/data/jiafq/iscas/Parser_Comparison/../benchmarks/part31/non-incremental/QF_BV/Sage2/bench_11839.smt2,103.648,1056,4365,成功
/pub/data/jiafq/iscas/Parser_Comparison/../benchmarks/part31/non-incremental/QF_BV/Sage2/bench_1184.smt2,26.2516,264,1050,成功
/pub/data/jiafq/iscas/Parser_Comparison/../benchmarks/part31/non-incremental/QF_BV/Sage2/bench_11840.smt2,411.107,1056,32913,成功
/pub/data/jiafq/iscas/Parser_Comparison/../benchmarks/part31/non-incremental/QF_BV/Sage2/bench_11842.smt2,80.0972,528,5283,成功
/pub/data/jiafq/iscas/Parser_Comparison/../benchmarks/part31/non-incremental/QF_BV/Sage2/bench_11843.smt2,68.069,264,3623,成功
/pub/data/jiafq/iscas/Parser_Comparison/../benchmarks/part31/non-incremental/QF_BV/Sage2/bench_11845.smt2,553.129,2640,28752,成功
/pub/data/jiafq/iscas/Parser_Comparison/../benchmarks/part31/non-incremental/QF_BV/Sage2/bench_11846.smt2,188.211,1320,8595,成功
/pub/data/jiafq/iscas/Parser_Comparison/../benchmarks/part31/non-incremental/QF_BV/Sage2/bench_11854.smt2,536.191,7140,23394,成功
/pub/data/jiafq/iscas/Parser_Comparison/../benchmarks/part31/non-incremental/QF_BV/Sage2/bench_1186.smt2,22.7408,264,870,成功
/pub/data/jiafq/iscas/Parser_Comparison/../benchmarks/part31/non-incremental/QF_BV/Sage2/bench_11865.smt2,0,0,0,失败
/pub/data/jiafq/iscas/Parser_Comparison/../benchmarks/part31/non-incremental/QF_BV/Sage2/bench_11874.smt2,626.855,792,58271,成功
/pub/data/jiafq/iscas/Parser_Comparison/../benchmarks/part31/non-incremental/QF_BV/Sage2/bench_11878.smt2,2999.26,2028,1332131,成功
/pub/data/jiafq/iscas/Parser_Comparison/../benchmarks/part31/non-incremental/QF_BV/Sage2/bench_1188.smt2,33.3385,264,960,成功
/pub/data/jiafq/iscas/Parser_Comparison/../benchmarks/part31/non-incremental/QF_BV/Sage2/bench_11880.smt2,140.372,528,6536,成功
/pub/data/jiafq/iscas/Parser_Comparison/../benchmarks/part31/non-incremental/QF_BV/Sage2/bench_11885.smt2,134.051,1056,6320,成功
/pub/data/jiafq/iscas/Parser_Comparison/../benchmarks/part31/non-incremental/QF_BV/Sage2/bench_11887.smt2,211.199,1320,11198,成功
/pub/data/jiafq/iscas/Parser_Comparison/../benchmarks/part31/non-incremental/QF_BV/Sage2/bench_11889.smt2,78.5224,528,5226,成功
/pub/data/jiafq/iscas/Parser_Comparison/../benchmarks/part31/non-incremental/QF_BV/Sage2/bench_11891.smt2,22.2023,264,1032,成功
/pub/data/jiafq/iscas/Parser_Comparison/../benchmarks/part31/non-incremental/QF_BV/Sage2/bench_11895.smt2,80.6689,792,4651,成功
/pub/data/jiafq/iscas/Parser_Comparison/../benchmarks/part31/non-incremental/QF_BV/Sage2/bench_11897.smt2,17.0665,264,794,成功
/pub/data/jiafq/iscas/Parser_Comparison/../benchmarks/part31/non-incremental/QF_BV/Sage2/bench_119.smt2,2345.98,1944,674130,成功
/pub/data/jiafq/iscas/Parser_Comparison/../benchmarks/part31/non-incremental/QF_BV/Sage2/bench_11900.smt2,60.6859,264,2560,成功
/pub/data/jiafq/iscas/Parser_Comparison/../benchmarks/part31/non-incremental/QF_BV/Sage2/bench_11903.smt2,477.683,1584,22620,成功
/pub/data/jiafq/iscas/Parser_Comparison/../benchmarks/part31/non-incremental/QF_BV/Sage2/bench_11905.smt2,6659.11,3992,3570568,成功
/pub/data/jiafq/iscas/Parser_Comparison/../benchmarks/part31/non-incremental/QF_BV/Sage2/bench_11907.smt2,474.54,1320,25896,成功
/pub/data/jiafq/iscas/Parser_Comparison/../benchmarks/part31/non-incremental/QF_BV/Sage2/bench_11911.smt2,2376.49,9572,378565,成功
/pub/data/jiafq/iscas/Parser_Comparison/../benchmarks/part31/non-incremental/QF_BV/Sage2/bench_11913.smt2,349.239,2640,13220,成功
/pub/data/jiafq/iscas/Parser_Comparison/../benchmarks/part31/non-incremental/QF_BV/Sage2/bench_11915.smt2,620.887,1056,40754,成功
/pub/data/jiafq/iscas/Parser_Comparison/../benchmarks/part31/non-incremental/QF_BV/Sage2/bench_1192.smt2,20.6637,264,800,成功
/pub/data/jiafq/iscas/Parser_Comparison/../benchmarks/part31/non-incremental/QF_BV/Sage2/bench_11923.smt2,152.692,1320,6875,成功
/pub/data/jiafq/iscas/Parser_Comparison/../benchmarks/part31/non-incremental/QF_BV/Sage2/bench_11925.smt2,481.111,1320,25999,成功
/pub/data/jiafq/iscas/Parser_Comparison/../benchmarks/part31/non-incremental/QF_BV/Sage2/bench_11928.smt2,538.216,2112,27201,成功
/pub/data/jiafq/iscas/Parser_Comparison/../benchmarks/part31/non-incremental/QF_BV/Sage2/bench_11930.smt2,246.487,792,136215,成功
/pub/data/jiafq/iscas/Parser_Comparison/../benchmarks/part31/non-incremental/QF_BV/Sage2/bench_11931.smt2,454.113,5292,20125,成功
/pub/data/jiafq/iscas/Parser_Comparison/../benchmarks/part31/non-incremental/QF_BV/Sage2/bench_11932.smt2,135.595,1056,5832,成功
/pub/data/jiafq/iscas/Parser_Comparison/../benchmarks/part31/non-incremental/QF_BV/Sage2/bench_11935.smt2,304.209,1848,17504,成功
/pub/data/jiafq/iscas/Parser_Comparison/../benchmarks/part31/non-incremental/QF_BV/Sage2/bench_11936.smt2,1001.41,792,115722,成功
/pub/data/jiafq/iscas/Parser_Comparison/../benchmarks/part31/non-incremental/QF_BV/Sage2/bench_11937.smt2,31.3752,264,3374,成功
/pub/data/jiafq/iscas/Parser_Comparison/../benchmarks/part31/non-incremental/QF_BV/Sage2/bench_11938.smt2,36.5574,264,1845,成功
/pub/data/jiafq/iscas/Parser_Comparison/../benchmarks/part31/non-incremental/QF_BV/Sage2/bench_11939.smt2,1900.67,7168,178593,成功
/pub/data/jiafq/iscas/Parser_Comparison/../benchmarks/part31/non-incremental/QF_BV/Sage2/bench_1194.smt2,23.5188,264,943,成功
/pub/data/jiafq/iscas/Parser_Comparison/../benchmarks/part31/non-incremental/QF_BV/Sage2/bench_11940.smt2,198.79,1320,9078,成功
/pub/data/jiafq/iscas/Parser_Comparison/../benchmarks/part31/non-incremental/QF_BV/Sage2/bench_11943.smt2,0,0,0,失败
/pub/data/jiafq/iscas/Parser_Comparison/../benchmarks/part31/non-incremental/QF_BV/Sage2/bench_11945.smt2,0,0,0,失败
/pub/data/jiafq/iscas/Parser_Comparison/../benchmarks/part31/non-incremental/QF_BV/Sage2/bench_11946.smt2,334.205,1320,17315,成功
/pub/data/jiafq/iscas/Parser_Comparison/../benchmarks/part31/non-incremental/QF_BV/Sage2/bench_11949.smt2,44.1611,264,1784,成功
/pub/data/jiafq/iscas/Parser_Comparison/../benchmarks/part31/non-incremental/QF_BV/Sage2/bench_11951.smt2,36.4592,264,1845,成功
/pub/data/jiafq/iscas/Parser_Comparison/../benchmarks/part31/non-incremental/QF_BV/Sage2/bench_11952.smt2,256.414,792,14689,成功
/pub/data/jiafq/iscas/Parser_Comparison/../benchmarks/part31/non-incremental/QF_BV/Sage2/bench_11954.smt2,2302.21,1940,673958,成功
/pub/data/jiafq/iscas/Parser_Comparison/../benchmarks/part31/non-incremental/QF_BV/Sage2/bench_11955.smt2,35.1474,264,1858,成功
/pub/data/jiafq/iscas/Parser_Comparison/../benchmarks/part31/non-incremental/QF_BV/Sage2/bench_11956.smt2,463.08,1056,25863,成功
/pub/data/jiafq/iscas/Parser_Comparison/../benchmarks/part31/non-incremental/QF_BV/Sage2/bench_11957.smt2,655.558,2376,32943,成功
/pub/data/jiafq/iscas/Parser_Comparison/../benchmarks/part31/non-incremental/QF_BV/Sage2/bench_11958.smt2,1413.42,1320,329959,成功
/pub/data/jiafq/iscas/Parser_Comparison/../benchmarks/part31/non-incremental/QF_BV/Sage2/bench_11959.smt2,328.414,792,14500,成功
/pub/data/jiafq/iscas/Parser_Comparison/../benchmarks/part31/non-incremental/QF_BV/Sage2/bench_1196.smt2,22.3286,264,880,成功
/pub/data/jiafq/iscas/Parser_Comparison/../benchmarks/part31/non-incremental/QF_BV/Sage2/bench_11960.smt2,0,0,0,失败
/pub/data/jiafq/iscas/Parser_Comparison/../benchmarks/part31/non-incremental/QF_BV/Sage2/bench_11963.smt2,263.702,528,24620,成功
/pub/data/jiafq/iscas/Parser_Comparison/../benchmarks/part31/non-incremental/QF_BV/Sage2/bench_11964.smt2,28.1737,264,1395,成功
/pub/data/jiafq/iscas/Parser_Comparison/../benchmarks/part31/non-incremental/QF_BV/Sage2/bench_11965.smt2,1326.39,1848,59362,成功
/pub/data/jiafq/iscas/Parser_Comparison/../benchmarks/part31/non-incremental/QF_BV/Sage2/bench_11966.smt2,1282.54,1848,59042,成功
/pub/data/jiafq/iscas/Parser_Comparison/../benchmarks/part31/non-incremental/QF_BV/Sage2/bench_11968.smt2,1021.94,3168,48725,成功
/pub/data/jiafq/iscas/Parser_Comparison/../benchmarks/part31/non-incremental/QF_BV/Sage2/bench_11969.smt2,1890.14,7128,174061,成功
/pub/data/jiafq/iscas/Parser_Comparison/../benchmarks/part31/non-incremental/QF_BV/Sage2/bench_11970.smt2,225.57,2640,8087,成功
/pub/data/jiafq/iscas/Parser_Comparison/../benchmarks/part31/non-incremental/QF_BV/Sage2/bench_11971.smt2,25.1324,528,768,成功
/pub/data/jiafq/iscas/Parser_Comparison/../benchmarks/part31/non-incremental/QF_BV/Sage2/bench_11972.smt2,35.6302,264,2007,成功
/pub/data/jiafq/iscas/Parser_Comparison/../benchmarks/part31/non-incremental/QF_BV/Sage2/bench_11973.smt2,21.9872,264,854,成功
/pub/data/jiafq/iscas/Parser_Comparison/../benchmarks/part31/non-incremental/QF_BV/Sage2/bench_11974.smt2,24.9362,264,1050,成功
/pub/data/jiafq/iscas/Parser_Comparison/../benchmarks/part31/non-incremental/QF_BV/Sage2/bench_11979.smt2,122.624,528,5601,成功
/pub/data/jiafq/iscas/Parser_Comparison/../benchmarks/part31/non-incremental/QF_BV/Sage2/bench_1198.smt2,23.407,264,928,成功
/pub/data/jiafq/iscas/Parser_Comparison/../benchmarks/part31/non-incremental/QF_BV/Sage2/bench_11981.smt2,160.952,1056,7730,成功
/pub/data/jiafq/iscas/Parser_Comparison/../benchmarks/part31/non-incremental/QF_BV/Sage2/bench_11983.smt2,8.20374,264,230,成功
/pub/data/jiafq/iscas/Parser_Comparison/../benchmarks/part31/non-incremental/QF_BV/Sage2/bench_11984.smt2,1200.61,1584,241819,成功
/pub/data/jiafq/iscas/Parser_Comparison/../benchmarks/part31/non-incremental/QF_BV/Sage2/bench_11985.smt2,29.2184,264,1059,成功
/pub/data/jiafq/iscas/Parser_Comparison/../benchmarks/part31/non-incremental/QF_BV/Sage2/bench_11986.smt2,536.275,1320,35462,成功
/pub/data/jiafq/iscas/Parser_Comparison/../benchmarks/part31/non-incremental/QF_BV/Sage2/bench_11987.smt2,99.921,1056,4365,成功
/pub/data/jiafq/iscas/Parser_Comparison/../benchmarks/part31/non-incremental/QF_BV/Sage2/bench_11989.smt2,135.004,1056,5845,成功
/pub/data/jiafq/iscas/Parser_Comparison/../benchmarks/part31/non-incremental/QF_BV/Sage2/bench_11993.smt2,0,0,0,失败
/pub/data/jiafq/iscas/Parser_Comparison/../benchmarks/part31/non-incremental/QF_BV/Sage2/bench_11994.smt2,0,0,0,失败
/pub/data/jiafq/iscas/Parser_Comparison/../benchmarks/part31/non-incremental/QF_BV/Sage2/bench_11995.smt2,188.893,1848,7680,成功
/pub/data/jiafq/iscas/Parser_Comparison/../benchmarks/part31/non-incremental/QF_BV/Sage2/bench_11997.smt2,540.041,2640,27621,成功
/pub/data/jiafq/iscas/Parser_Comparison/../benchmarks/part31/non-incremental/QF_BV/Sage2/bench_12.smt2,5922.14,5692,3752044,成功
/pub/data/jiafq/iscas/Parser_Comparison/../benchmarks/part31/non-incremental/QF_BV/Sage2/bench_1200.smt2,26.4804,264,1070,成功
/pub/data/jiafq/iscas/Parser_Comparison/../benchmarks/part31/non-incremental/QF_BV/Sage2/bench_12005.smt2,515.932,2112,26950,成功
/pub/data/jiafq/iscas/Parser_Comparison/../benchmarks/part31/non-incremental/QF_BV/Sage2/bench_12006.smt2,424.07,1056,23598,成功
/pub/data/jiafq/iscas/Parser_Comparison/../benchmarks/part31/non-incremental/QF_BV/Sage2/bench_12018.smt2,103.288,1056,4429,成功
/pub/data/jiafq/iscas/Parser_Comparison/../benchmarks/part31/non-incremental/QF_BV/Sage2/bench_12019.smt2,37.4579,264,19873,成功
/pub/data/jiafq/iscas/Parser_Comparison/../benchmarks/part31/non-incremental/QF_BV/Sage2/bench_1202.smt2,48.4891,528,2116,成功
/pub/data/jiafq/iscas/Parser_Comparison/../benchmarks/part31/non-incremental/QF_BV/Sage2/bench_12020.smt2,613.334,1584,31341,成功
/pub/data/jiafq/iscas/Parser_Comparison/../benchmarks/part31/non-incremental/QF_BV/Sage2/bench_12025.smt2,147.712,1584,5394,成功
/pub/data/jiafq/iscas/Parser_Comparison/../benchmarks/part31/non-incremental/QF_BV/Sage2/bench_12028.smt2,287.25,2640,13531,成功
/pub/data/jiafq/iscas/Parser_Comparison/../benchmarks/part31/non-incremental/QF_BV/Sage2/bench_12030.smt2,559.22,2112,28972,成功
/pub/data/jiafq/iscas/Parser_Comparison/../benchmarks/part31/non-incremental/QF_BV/Sage2/bench_12031.smt2,597.665,2376,33230,成功
/pub/data/jiafq/iscas/Parser_Comparison/../benchmarks/part31/non-incremental/QF_BV/Sage2/bench_12032.smt2,186.841,2112,7214,成功
/pub/data/jiafq/iscas/Parser_Comparison/../benchmarks/part31/non-incremental/QF_BV/Sage2/bench_12034.smt2,1886.77,7176,178531,成功
/pub/data/jiafq/iscas/Parser_Comparison/../benchmarks/part31/non-incremental/QF_BV/Sage2/bench_12035.smt2,1975.42,1760,565789,成功
/pub/data/jiafq/iscas/Parser_Comparison/../benchmarks/part31/non-incremental/QF_BV/Sage2/bench_12036.smt2,1743.31,2112,140149,成功
/pub/data/jiafq/iscas/Parser_Comparison/../benchmarks/part31/non-incremental/QF_BV/Sage2/bench_1204.smt2,24.9896,264,975,成功
/pub/data/jiafq/iscas/Parser_Comparison/../benchmarks/part31/non-incremental/QF_BV/Sage2/bench_12040.smt2,167.616,264,10906,成功
/pub/data/jiafq/iscas/Parser_Comparison/../benchmarks/part31/non-incremental/QF_BV/Sage2/bench_12041.smt2,36.5388,264,2007,成功
/pub/data/jiafq/iscas/Parser_Comparison/../benchmarks/part31/non-incremental/QF_BV/Sage2/bench_12044.smt2,20.6456,264,1047,成功
/pub/data/jiafq/iscas/Parser_Comparison/../benchmarks/part31/non-incremental/QF_BV/Sage2/bench_12045.smt2,210.311,264,13751,成功
/pub/data/jiafq/iscas/Parser_Comparison/../benchmarks/part31/non-incremental/QF_BV/Sage2/bench_12046.smt2,100.986,528,6169,成功
/pub/data/jiafq/iscas/Parser_Comparison/../benchmarks/part31/non-incremental/QF_BV/Sage2/bench_12048.smt2,197.409,1320,8903,成功
/pub/data/jiafq/iscas/Parser_Comparison/../benchmarks/part31/non-incremental/QF_BV/Sage2/bench_12050.smt2,547.456,2640,27607,成功
/pub/data/jiafq/iscas/Parser_Comparison/../benchmarks/part31/non-incremental/QF_BV/Sage2/bench_12052.smt2,101.431,528,6255,成功
/pub/data/jiafq/iscas/Parser_Comparison/../benchmarks/part31/non-incremental/QF_BV/Sage2/bench_12054.smt2,100.608,528,6255,成功
/pub/data/jiafq/iscas/Parser_Comparison/../benchmarks/part31/non-incremental/QF_BV/Sage2/bench_12055.smt2,295.064,792,18691,成功
/pub/data/jiafq/iscas/Parser_Comparison/../benchmarks/part31/non-incremental/QF_BV/Sage2/bench_12057.smt2,609.039,5816,31237,成功
/pub/data/jiafq/iscas/Parser_Comparison/../benchmarks/part31/non-incremental/QF_BV/Sage2/bench_12059.smt2,7.04885,264,201,成功
/pub/data/jiafq/iscas/Parser_Comparison/../benchmarks/part31/non-incremental/QF_BV/Sage2/bench_12061.smt2,1322.81,1848,60802,成功
/pub/data/jiafq/iscas/Parser_Comparison/../benchmarks/part31/non-incremental/QF_BV/Sage2/bench_12063.smt2,444.954,2904,24479,成功
/pub/data/jiafq/iscas/Parser_Comparison/../benchmarks/part31/non-incremental/QF_BV/Sage2/bench_12065.smt2,100.014,528,6255,成功
/pub/data/jiafq/iscas/Parser_Comparison/../benchmarks/part31/non-incremental/QF_BV/Sage2/bench_12067.smt2,98.9721,528,6255,成功
/pub/data/jiafq/iscas/Parser_Comparison/../benchmarks/part31/non-incremental/QF_BV/Sage2/bench_12069.smt2,70.0619,528,4665,成功
/pub/data/jiafq/iscas/Parser_Comparison/../benchmarks/part31/non-incremental/QF_BV/Sage2/bench_12070.smt2,135.372,528,6751,成功
/pub/data/jiafq/iscas/Parser_Comparison/../benchmarks/part31/non-incremental/QF_BV/Sage2/bench_1208.smt2,24.8601,264,995,成功
/pub/data/jiafq/iscas/Parser_Comparison/../benchmarks/part31/non-incremental/QF_BV/Sage2/bench_12085.smt2,28.5413,264,1415,成功
/pub/data/jiafq/iscas/Parser_Comparison/../benchmarks/part31/non-incremental/QF_BV/Sage2/bench_12088.smt2,583.216,1320,39809,成功
/pub/data/jiafq/iscas/Parser_Comparison/../benchmarks/part31/non-incremental/QF_BV/Sage2/bench_12090.smt2,56.7403,528,2991,成功
/pub/data/jiafq/iscas/Parser_Comparison/../benchmarks/part31/non-incremental/QF_BV/Sage2/bench_12095.smt2,4141.36,2568,1543305,成功
/pub/data/jiafq/iscas/Parser_Comparison/../benchmarks/part31/non-incremental/QF_BV/Sage2/bench_12096.smt2,29.8302,264,1415,成功
/pub/data/jiafq/iscas/Parser_Comparison/../benchmarks/part31/non-incremental/QF_BV/Sage2/bench_12099.smt2,59.5276,264,3370,成功
/pub/data/jiafq/iscas/Parser_Comparison/../benchmarks/part31/non-incremental/QF_BV/Sage2/bench_121.smt2,23.8123,264,906,成功
/pub/data/jiafq/iscas/Parser_Comparison/../benchmarks/part31/non-incremental/QF_BV/Sage2/bench_1210.smt2,20.6149,264,798,成功
/pub/data/jiafq/iscas/Parser_Comparison/../benchmarks/part31/non-incremental/QF_BV/Sage2/bench_12101.smt2,0,0,0,失败
/pub/data/jiafq/iscas/Parser_Comparison/../benchmarks/part31/non-incremental/QF_BV/Sage2/bench_12107.smt2,26.0944,264,2394,成功
/pub/data/jiafq/iscas/Parser_Comparison/../benchmarks/part31/non-incremental/QF_BV/Sage2/bench_12117.smt2,538.488,2640,28563,成功
/pub/data/jiafq/iscas/Parser_Comparison/../benchmarks/part31/non-incremental/QF_BV/Sage2/bench_1212.smt2,35.315,264,1434,成功
/pub/data/jiafq/iscas/Parser_Comparison/../benchmarks/part31/non-incremental/QF_BV/Sage2/bench_12120.smt2,687.047,1584,48049,成功
/pub/data/jiafq/iscas/Parser_Comparison/../benchmarks/part31/non-incremental/QF_BV/Sage2/bench_12128.smt2,36.9606,264,1845,成功
/pub/data/jiafq/iscas/Parser_Comparison/../benchmarks/part31/non-incremental/QF_BV/Sage2/bench_12132.smt2,2522.79,1988,730075,成功
/pub/data/jiafq/iscas/Parser_Comparison/../benchmarks/part31/non-incremental/QF_BV/Sage2/bench_12136.smt2,533.757,2640,27619,成功
/pub/data/jiafq/iscas/Parser_Comparison/../benchmarks/part31/non-incremental/QF_BV/Sage2/bench_12141.smt2,64.5373,528,2734,成功
/pub/data/jiafq/iscas/Parser_Comparison/../benchmarks/part31/non-incremental/QF_BV/Sage2/bench_12145.smt2,747.316,792,84401,成功
/pub/data/jiafq/iscas/Parser_Comparison/../benchmarks/part31/non-incremental/QF_BV/Sage2/bench_12150.smt2,23.067,264,1129,成功
/pub/data/jiafq/iscas/Parser_Comparison/../benchmarks/part31/non-incremental/QF_BV/Sage2/bench_12152.smt2,6674.23,3988,3570517,成功
/pub/data/jiafq/iscas/Parser_Comparison/../benchmarks/part31/non-incremental/QF_BV/Sage2/bench_12155.smt2,6615.33,3992,3573135,成功
/pub/data/jiafq/iscas/Parser_Comparison/../benchmarks/part31/non-incremental/QF_BV/Sage2/bench_12157.smt2,373.76,792,34316,成功
/pub/data/jiafq/iscas/Parser_Comparison/../benchmarks/part31/non-incremental/QF_BV/Sage2/bench_12158.smt2,9.53078,264,283,成功
/pub/data/jiafq/iscas/Parser_Comparison/../benchmarks/part31/non-incremental/QF_BV/Sage2/bench_1216.smt2,26.6623,264,1070,成功
/pub/data/jiafq/iscas/Parser_Comparison/../benchmarks/part31/non-incremental/QF_BV/Sage2/bench_12161.smt2,46.9458,528,2530,成功
/pub/data/jiafq/iscas/Parser_Comparison/../benchmarks/part31/non-incremental/QF_BV/Sage2/bench_12162.smt2,592.809,2376,30570,成功
/pub/data/jiafq/iscas/Parser_Comparison/../benchmarks/part31/non-incremental/QF_BV/Sage2/bench_12164.smt2,481.929,1320,25989,成功
/pub/data/jiafq/iscas/Parser_Comparison/../benchmarks/part31/non-incremental/QF_BV/Sage2/bench_12167.smt2,0,0,0,失败
/pub/data/jiafq/iscas/Parser_Comparison/../benchmarks/part31/non-incremental/QF_BV/Sage2/bench_12168.smt2,323.105,3728,11561,成功
/pub/data/jiafq/iscas/Parser_Comparison/../benchmarks/part31/non-incremental/QF_BV/Sage2/bench_12170.smt2,18.2548,264,848,成功
/pub/data/jiafq/iscas/Parser_Comparison/../benchmarks/part31/non-incremental/QF_BV/Sage2/bench_12172.smt2,20.6037,264,1051,成功
/pub/data/jiafq/iscas/Parser_Comparison/../benchmarks/part31/non-incremental/QF_BV/Sage2/bench_12174.smt2,21.0302,264,1047,成功
/pub/data/jiafq/iscas/Parser_Comparison/../benchmarks/part31/non-incremental/QF_BV/Sage2/bench_12175.smt2,1548.51,13544,102266,成功
/pub/data/jiafq/iscas/Parser_Comparison/../benchmarks/part31/non-incremental/QF_BV/Sage2/bench_12179.smt2,0,0,0,失败
/pub/data/jiafq/iscas/Parser_Comparison/../benchmarks/part31/non-incremental/QF_BV/Sage2/bench_1218.smt2,24.195,264,970,成功
/pub/data/jiafq/iscas/Parser_Comparison/../benchmarks/part31/non-incremental/QF_BV/Sage2/bench_12183.smt2,2126.3,1876,539285,成功
/pub/data/jiafq/iscas/Parser_Comparison/../benchmarks/part31/non-incremental/QF_BV/Sage2/bench_12190.smt2,91.6679,792,4148,成功
/pub/data/jiafq/iscas/Parser_Comparison/../benchmarks/part31/non-incremental/QF_BV/Sage2/bench_12191.smt2,64.703,264,2860,成功
/pub/data/jiafq/iscas/Parser_Comparison/../benchmarks/part31/non-incremental/QF_BV/Sage2/bench_12193.smt2,438.037,1320,24521,成功
/pub/data/jiafq/iscas/Parser_Comparison/../benchmarks/part31/non-incremental/QF_BV/Sage2/bench_12194.smt2,27.6814,264,1363,成功
/pub/data/jiafq/iscas/Parser_Comparison/../benchmarks/part31/non-incremental/QF_BV/Sage2/bench_12195.smt2,194.291,528,10774,成功
/pub/data/jiafq/iscas/Parser_Comparison/../benchmarks/part31/non-incremental/QF_BV/Sage2/bench_12196.smt2,319.633,3168,11600,成功
/pub/data/jiafq/iscas/Parser_Comparison/../benchmarks/part31/non-incremental/QF_BV/Sage2/bench_12198.smt2,18.0116,264,848,成功
/pub/data/jiafq/iscas/Parser_Comparison/../benchmarks/part31/non-incremental/QF_BV/Sage2/bench_1220.smt2,225.585,1320,10741,成功
/pub/data/jiafq/iscas/Parser_Comparison/../benchmarks/part31/non-incremental/QF_BV/Sage2/bench_12200.smt2,3325.8,2452,1106128,成功
/pub/data/jiafq/iscas/Parser_Comparison/../benchmarks/part31/non-incremental/QF_BV/Sage2/bench_12202.smt2,121.197,1056,5513,成功
/pub/data/jiafq/iscas/Parser_Comparison/../benchmarks/part31/non-incremental/QF_BV/Sage2/bench_12204.smt2,244.559,2904,9602,成功
/pub/data/jiafq/iscas/Parser_Comparison/../benchmarks/part31/non-incremental/QF_BV/Sage2/bench_12206.smt2,378.891,4908,13962,成功
/pub/data/jiafq/iscas/Parser_Comparison/../benchmarks/part31/non-incremental/QF_BV/Sage2/bench_12208.smt2,30.1867,264,1261,成功
/pub/data/jiafq/iscas/Parser_Comparison/../benchmarks/part31/non-incremental/QF_BV/Sage2/bench_12210.smt2,1217.47,1584,241728,成功
/pub/data/jiafq/iscas/Parser_Comparison/../benchmarks/part31/non-incremental/QF_BV/Sage2/bench_12212.smt2,99.2863,528,6169,成功
/pub/data/jiafq/iscas/Parser_Comparison/../benchmarks/part31/non-incremental/QF_BV/Sage2/bench_12213.smt2,62.8777,528,2672,成功
/pub/data/jiafq/iscas/Parser_Comparison/../benchmarks/part31/non-incremental/QF_BV/Sage2/bench_12216.smt2,3228.47,20268,196498,成功
/pub/data/jiafq/iscas/Parser_Comparison/../benchmarks/part31/non-incremental/QF_BV/Sage2/bench_12217.smt2,43.474,264,1784,成功
/pub/data/jiafq/iscas/Parser_Comparison/../benchmarks/part31/non-incremental/QF_BV/Sage2/bench_1222.smt2,22.8996,264,903,成功
/pub/data/jiafq/iscas/Parser_Comparison/../benchmarks/part31/non-incremental/QF_BV/Sage2/bench_12224.smt2,400.678,1056,32850,成功
/pub/data/jiafq/iscas/Parser_Comparison/../benchmarks/part31/non-incremental/QF_BV/Sage2/bench_12226.smt2,1007.4,2112,64251,成功
/pub/data/jiafq/iscas/Parser_Comparison/../benchmarks/part31/non-incremental/QF_BV/Sage2/bench_12227.smt2,206.075,1584,11496,成功
/pub/data/jiafq/iscas/Parser_Comparison/../benchmarks/part31/non-incremental/QF_BV/Sage2/bench_12233.smt2,93.4308,528,4125,成功
/pub/data/jiafq/iscas/Parser_Comparison/../benchmarks/part31/non-incremental/QF_BV/Sage2/bench_12238.smt2,77.0617,528,3300,成功
/pub/data/jiafq/iscas/Parser_Comparison/../benchmarks/part31/non-incremental/QF_BV/Sage2/bench_12239.smt2,156.755,1320,7127,成功
/pub/data/jiafq/iscas/Parser_Comparison/../benchmarks/part31/non-incremental/QF_BV/Sage2/bench_1224.smt2,22.0757,264,863,成功
/pub/data/jiafq/iscas/Parser_Comparison/../benchmarks/part31/non-incremental/QF_BV/Sage2/bench_12240.smt2,1196.91,1584,241728,成功
/pub/data/jiafq/iscas/Parser_Comparison/../benchmarks/part31/non-incremental/QF_BV/Sage2/bench_12243.smt2,27.6954,264,1363,成功
/pub/data/jiafq/iscas/Parser_Comparison/../benchmarks/part31/non-incremental/QF_BV/Sage2/bench_12246.smt2,373.604,1056,19004,成功
/pub/data/jiafq/iscas/Parser_Comparison/../benchmarks/part31/non-incremental/QF_BV/Sage2/bench_12251.smt2,377.603,8460,8010,成功
/pub/data/jiafq/iscas/Parser_Comparison/../benchmarks/part31/non-incremental/QF_BV/Sage2/bench_12254.smt2,101.845,528,6255,成功
/pub/data/jiafq/iscas/Parser_Comparison/../benchmarks/part31/non-incremental/QF_BV/Sage2/bench_12256.smt2,13.3379,264,607,成功
/pub/data/jiafq/iscas/Parser_Comparison/../benchmarks/part31/non-incremental/QF_BV/Sage2/bench_1226.smt2,27.0531,264,1080,成功
/pub/data/jiafq/iscas/Parser_Comparison/../benchmarks/part31/non-incremental/QF_BV/Sage2/bench_12260.smt2,13.608,264,607,成功
/pub/data/jiafq/iscas/Parser_Comparison/../benchmarks/part31/non-incremental/QF_BV/Sage2/bench_12264.smt2,13.741,264,607,成功
/pub/data/jiafq/iscas/Parser_Comparison/../benchmarks/part31/non-incremental/QF_BV/Sage2/bench_12265.smt2,99.8724,528,6255,成功
/pub/data/jiafq/iscas/Parser_Comparison/../benchmarks/part31/non-incremental/QF_BV/Sage2/bench_12268.smt2,13.685,264,607,成功
/pub/data/jiafq/iscas/Parser_Comparison/../benchmarks/part31/non-incremental/QF_BV/Sage2/bench_12274.smt2,73.041,792,4139,成功
/pub/data/jiafq/iscas/Parser_Comparison/../benchmarks/part31/non-incremental/QF_BV/Sage2/bench_12277.smt2,102.38,528,6255,成功
/pub/data/jiafq/iscas/Parser_Comparison/../benchmarks/part31/non-incremental/QF_BV/Sage2/bench_1228.smt2,0,0,0,失败
/pub/data/jiafq/iscas/Parser_Comparison/../benchmarks/part31/non-incremental/QF_BV/Sage2/bench_12280.smt2,276.556,1584,18663,成功
/pub/data/jiafq/iscas/Parser_Comparison/../benchmarks/part31/non-incremental/QF_BV/Sage2/bench_12283.smt2,28.8515,264,1415,成功
/pub/data/jiafq/iscas/Parser_Comparison/../benchmarks/part31/non-incremental/QF_BV/Sage2/bench_12284.smt2,650.564,2376,32943,成功
/pub/data/jiafq/iscas/Parser_Comparison/../benchmarks/part31/non-incremental/QF_BV/Sage2/bench_12285.smt2,1190.27,1320,134199,成功
/pub/data/jiafq/iscas/Parser_Comparison/../benchmarks/part31/non-incremental/QF_BV/Sage2/bench_12286.smt2,889.174,2376,48338575,成功
/pub/data/jiafq/iscas/Parser_Comparison/../benchmarks/part31/non-incremental/QF_BV/Sage2/bench_12287.smt2,98.521,528,6255,成功
/pub/data/jiafq/iscas/Parser_Comparison/../benchmarks/part31/non-incremental/QF_BV/Sage2/bench_12288.smt2,36.8977,264,1845,成功
/pub/data/jiafq/iscas/Parser_Comparison/../benchmarks/part31/non-incremental/QF_BV/Sage2/bench_12289.smt2,2278.73,1940,674649,成功
/pub/data/jiafq/iscas/Parser_Comparison/../benchmarks/part31/non-incremental/QF_BV/Sage2/bench_12291.smt2,3338.84,2400,1106623,成功
/pub/data/jiafq/iscas/Parser_Comparison/../benchmarks/part31/non-incremental/QF_BV/Sage2/bench_12292.smt2,28.7569,264,1415,成功
/pub/data/jiafq/iscas/Parser_Comparison/../benchmarks/part31/non-incremental/QF_BV/Sage2/bench_12293.smt2,27.8671,264,1463,成功
/pub/data/jiafq/iscas/Parser_Comparison/../benchmarks/part31/non-incremental/QF_BV/Sage2/bench_12294.smt2,65.5258,264,3922,成功
/pub/data/jiafq/iscas/Parser_Comparison/../benchmarks/part31/non-incremental/QF_BV/Sage2/bench_12297.smt2,858.106,3696,106930,成功
/pub/data/jiafq/iscas/Parser_Comparison/../benchmarks/part31/non-incremental/QF_BV/Sage2/bench_12298.smt2,545.291,2640,28818,成功
/pub/data/jiafq/iscas/Parser_Comparison/../benchmarks/part31/non-incremental/QF_BV/Sage2/bench_123.smt2,4275.86,2488,1760049,成功
/pub/data/jiafq/iscas/Parser_Comparison/../benchmarks/part31/non-incremental/QF_BV/Sage2/bench_1230.smt2,3029.24,2512,973252,成功
/pub/data/jiafq/iscas/Parser_Comparison/../benchmarks/part31/non-incremental/QF_BV/Sage2/bench_12300.smt2,41.7867,264,3962,成功
/pub/data/jiafq/iscas/Parser_Comparison/../benchmarks/part31/non-incremental/QF_BV/Sage2/bench_12302.smt2,0,0,0,失败
/pub/data/jiafq/iscas/Parser_Comparison/../benchmarks/part31/non-incremental/QF_BV/Sage2/bench_12303.smt2,101.242,1056,4380,成功
/pub/data/jiafq/iscas/Parser_Comparison/../benchmarks/part31/non-incremental/QF_BV/Sage2/bench_12304.smt2,28.8959,264,1415,成功
/pub/data/jiafq/iscas/Parser_Comparison/../benchmarks/part31/non-incremental/QF_BV/Sage2/bench_12305.smt2,99.108,1056,4365,成功
/pub/data/jiafq/iscas/Parser_Comparison/../benchmarks/part31/non-incremental/QF_BV/Sage2/bench_12306.smt2,61.6298,264,2610,成功
/pub/data/jiafq/iscas/Parser_Comparison/../benchmarks/part31/non-incremental/QF_BV/Sage2/bench_12313.smt2,187.005,792,8657,成功
/pub/data/jiafq/iscas/Parser_Comparison/../benchmarks/part31/non-incremental/QF_BV/Sage2/bench_12316.smt2,29.048,264,1415,成功
/pub/data/jiafq/iscas/Parser_Comparison/../benchmarks/part31/non-incremental/QF_BV/Sage2/bench_12317.smt2,485.886,1320,27128,成功
/pub/data/jiafq/iscas/Parser_Comparison/../benchmarks/part31/non-incremental/QF_BV/Sage2/bench_12318.smt2,1183.76,1584,241705,成功
/pub/data/jiafq/iscas/Parser_Comparison/../benchmarks/part31/non-incremental/QF_BV/Sage2/bench_1232.smt2,26.4778,264,1068,成功
/pub/data/jiafq/iscas/Parser_Comparison/../benchmarks/part31/non-incremental/QF_BV/Sage2/bench_12320.smt2,29.3267,264,1415,成功
/pub/data/jiafq/iscas/Parser_Comparison/../benchmarks/part31/non-incremental/QF_BV/Sage2/bench_12325.smt2,1617.37,6356,313925,成功
/pub/data/jiafq/iscas/Parser_Comparison/../benchmarks/part31/non-incremental/QF_BV/Sage2/bench_12327.smt2,6657.04,3984,3569725,成功
/pub/data/jiafq/iscas/Parser_Comparison/../benchmarks/part31/non-incremental/QF_BV/Sage2/bench_12328.smt2,210.077,1320,11219,成功
/pub/data/jiafq/iscas/Parser_Comparison/../benchmarks/part31/non-incremental/QF_BV/Sage2/bench_12329.smt2,626.392,2640,32465,成功
/pub/data/jiafq/iscas/Parser_Comparison/../benchmarks/part31/non-incremental/QF_BV/Sage2/bench_12330.smt2,297.56,1848,14570,成功
/pub/data/jiafq/iscas/Parser_Comparison/../benchmarks/part31/non-incremental/QF_BV/Sage2/bench_12334.smt2,1281.82,1848,60482,成功
/pub/data/jiafq/iscas/Parser_Comparison/../benchmarks/part31/non-incremental/QF_BV/Sage2/bench_12335.smt2,1269.56,1848,59202,成功
/pub/data/jiafq/iscas/Parser_Comparison/../benchmarks/part31/non-incremental/QF_BV/Sage2/bench_12338.smt2,548.012,2640,27857,成功
/pub/data/jiafq/iscas/Parser_Comparison/../benchmarks/part31/non-incremental/QF_BV/Sage2/bench_12339.smt2,30.3385,264,1626,成功
/pub/data/jiafq/iscas/Parser_Comparison/../benchmarks/part31/non-incremental/QF_BV/Sage2/bench_1234.smt2,21.8174,264,859,成功
/pub/data/jiafq/iscas/Parser_Comparison/../benchmarks/part31/non-incremental/QF_BV/Sage2/bench_12342.smt2,6594.85,3980,3568716,成功
/pub/data/jiafq/iscas/Parser_Comparison/../benchmarks/part31/non-incremental/QF_BV/Sage2/bench_12344.smt2,85.2249,792,3864,成功
/pub/data/jiafq/iscas/Parser_Comparison/../benchmarks/part31/non-incremental/QF_BV/Sage2/bench_12346.smt2,5418.38,3608,2982295,成功
/pub/data/jiafq/iscas/Parser_Comparison/../benchmarks/part31/non-incremental/QF_BV/Sage2/bench_12354.smt2,197.196,2112,7965,成功
/pub/data/jiafq/iscas/Parser_Comparison/../benchmarks/part31/non-incremental/QF_BV/Sage2/bench_12357.smt2,100.405,528,6255,成功
/pub/data/jiafq/iscas/Parser_Comparison/../benchmarks/part31/non-incremental/QF_BV/Sage2/bench_1236.smt2,42.3994,264,4169,成功
/pub/data/jiafq/iscas/Parser_Comparison/../benchmarks/part31/non-incremental/QF_BV/Sage2/bench_12362.smt2,102.614,528,6255,成功
/pub/data/jiafq/iscas/Parser_Comparison/../benchmarks/part31/non-incremental/QF_BV/Sage2/bench_12371.smt2,28.5723,264,1415,成功
/pub/data/jiafq/iscas/Parser_Comparison/../benchmarks/part31/non-incremental/QF_BV/Sage2/bench_12376.smt2,6770.39,4048,3572871,成功
/pub/data/jiafq/iscas/Parser_Comparison/../benchmarks/part31/non-incremental/QF_BV/Sage2/bench_1238.smt2,32.1813,264,3430,成功
/pub/data/jiafq/iscas/Parser_Comparison/../benchmarks/part31/non-incremental/QF_BV/Sage2/bench_12380.smt2,5495.35,3952,3043447,成功
/pub/data/jiafq/iscas/Parser_Comparison/../benchmarks/part31/non-incremental/QF_BV/Sage2/bench_12382.smt2,267.779,528,16941,成功
/pub/data/jiafq/iscas/Parser_Comparison/../benchmarks/part31/non-incremental/QF_BV/Sage2/bench_12384.smt2,0,0,0,失败
/pub/data/jiafq/iscas/Parser_Comparison/../benchmarks/part31/non-incremental/QF_BV/Sage2/bench_12386.smt2,3821.23,2524,1485489,成功
/pub/data/jiafq/iscas/Parser_Comparison/../benchmarks/part31/non-incremental/QF_BV/Sage2/bench_12388.smt2,968.313,2640,47139,成功
/pub/data/jiafq/iscas/Parser_Comparison/../benchmarks/part31/non-incremental/QF_BV/Sage2/bench_12392.smt2,27.3278,264,1350,成功
/pub/data/jiafq/iscas/Parser_Comparison/../benchmarks/part31/non-incremental/QF_BV/Sage2/bench_12394.smt2,116.996,264,7910,成功
/pub/data/jiafq/iscas/Parser_Comparison/../benchmarks/part31/non-incremental/QF_BV/Sage2/bench_12395.smt2,37.1559,264,1845,成功
/pub/data/jiafq/iscas/Parser_Comparison/../benchmarks/part31/non-incremental/QF_BV/Sage2/bench_12397.smt2,200.983,1320,10539,成功
/pub/data/jiafq/iscas/Parser_Comparison/../benchmarks/part31/non-incremental/QF_BV/Sage2/bench_12398.smt2,341.324,2376,15869,成功
/pub/data/jiafq/iscas/Parser_Comparison/../benchmarks/part31/non-incremental/QF_BV/Sage2/bench_12399.smt2,721.919,792,84247,成功
/pub/data/jiafq/iscas/Parser_Comparison/../benchmarks/part31/non-incremental/QF_BV/Sage2/bench_12403.smt2,79.0911,792,4620,成功
/pub/data/jiafq/iscas/Parser_Comparison/../benchmarks/part31/non-incremental/QF_BV/Sage2/bench_12404.smt2,5567.59,3956,3043447,成功
/pub/data/jiafq/iscas/Parser_Comparison/../benchmarks/part31/non-incremental/QF_BV/Sage2/bench_12406.smt2,18.543,264,703,成功
/pub/data/jiafq/iscas/Parser_Comparison/../benchmarks/part31/non-incremental/QF_BV/Sage2/bench_12407.smt2,2374.25,14612,108529,成功
/pub/data/jiafq/iscas/Parser_Comparison/../benchmarks/part31/non-incremental/QF_BV/Sage2/bench_12408.smt2,895.06,1584,62533,成功
/pub/data/jiafq/iscas/Parser_Comparison/../benchmarks/part31/non-incremental/QF_BV/Sage2/bench_12409.smt2,17.993,264,848,成功
/pub/data/jiafq/iscas/Parser_Comparison/../benchmarks/part31/non-incremental/QF_BV/Sage2/bench_12410.smt2,0,0,0,失败
/pub/data/jiafq/iscas/Parser_Comparison/../benchmarks/part31/non-incremental/QF_BV/Sage2/bench_12411.smt2,27.4482,264,1415,成功
/pub/data/jiafq/iscas/Parser_Comparison/../benchmarks/part31/non-incremental/QF_BV/Sage2/bench_12413.smt2,31.3685,264,3436,成功
/pub/data/jiafq/iscas/Parser_Comparison/../benchmarks/part31/non-incremental/QF_BV/Sage2/bench_12414.smt2,125.024,528,5799,成功
/pub/data/jiafq/iscas/Parser_Comparison/../benchmarks/part31/non-incremental/QF_BV/Sage2/bench_12415.smt2,730.846,792,84401,成功
/pub/data/jiafq/iscas/Parser_Comparison/../benchmarks/part31/non-incremental/QF_BV/Sage2/bench_12417.smt2,260.109,528,16122,成功
/pub/data/jiafq/iscas/Parser_Comparison/../benchmarks/part31/non-incremental/QF_BV/Sage2/bench_12420.smt2,1142.57,1584,241728,成功
/pub/data/jiafq/iscas/Parser_Comparison/../benchmarks/part31/non-incremental/QF_BV/Sage2/bench_12421.smt2,6737.58,3984,3576436,成功
/pub/data/jiafq/iscas/Parser_Comparison/../benchmarks/part31/non-incremental/QF_BV/Sage2/bench_12422.smt2,242.153,2904,9571,成功
/pub/data/jiafq/iscas/Parser_Comparison/../benchmarks/part31/non-incremental/QF_BV/Sage2/bench_12426.smt2,36.3064,528,1566,成功
/pub/data/jiafq/iscas/Parser_Comparison/../benchmarks/part31/non-incremental/QF_BV/Sage2/bench_12427.smt2,453.113,1584,21825,成功
/pub/data/jiafq/iscas/Parser_Comparison/../benchmarks/part31/non-incremental/QF_BV/Sage2/bench_1243.smt2,23.4237,264,948,成功
/pub/data/jiafq/iscas/Parser_Comparison/../benchmarks/part31/non-incremental/QF_BV/Sage2/bench_12431.smt2,793.375,2904,38414,成功
/pub/data/jiafq/iscas/Parser_Comparison/../benchmarks/part31/non-incremental/QF_BV/Sage2/bench_12433.smt2,55.9769,264,2968,成功
/pub/data/jiafq/iscas/Parser_Comparison/../benchmarks/part31/non-incremental/QF_BV/Sage2/bench_12435.smt2,6369.66,4004,3569842,成功
/pub/data/jiafq/iscas/Parser_Comparison/../benchmarks/part31/non-incremental/QF_BV/Sage2/bench_12437.smt2,511.881,2112,27106,成功
/pub/data/jiafq/iscas/Parser_Comparison/../benchmarks/part31/non-incremental/QF_BV/Sage2/bench_12440.smt2,0,0,0,失败
/pub/data/jiafq/iscas/Parser_Comparison/../benchmarks/part31/non-incremental/QF_BV/Sage2/bench_12445.smt2,17.6582,264,807,成功
/pub/data/jiafq/iscas/Parser_Comparison/../benchmarks/part31/non-incremental/QF_BV/Sage2/bench_1245.smt2,37.4749,264,3759,成功
/pub/data/jiafq/iscas/Parser_Comparison/../benchmarks/part31/non-incremental/QF_BV/Sage2/bench_12454.smt2,19.3393,264,776,成功
/pub/data/jiafq/iscas/Parser_Comparison/../benchmarks/part31/non-incremental/QF_BV/Sage2/bench_12456.smt2,496.477,2112,26156,成功
/pub/data/jiafq/iscas/Parser_Comparison/../benchmarks/part31/non-incremental/QF_BV/Sage2/bench_12457.smt2,373.828,4884,14154,成功
/pub/data/jiafq/iscas/Parser_Comparison/../benchmarks/part31/non-incremental/QF_BV/Sage2/bench_12460.smt2,16.8154,264,584,成功
/pub/data/jiafq/iscas/Parser_Comparison/../benchmarks/part31/non-incremental/QF_BV/Sage2/bench_12462.smt2,33.9143,264,1845,成功
平均值,660.746,1363.37,247958,94.8333%
