文件名,解析时间(ms),内存使用(KB),AST节点数量,结果
/pub/data/jiafq/iscas/Parser_Comparison/../benchmarks/part12/non-incremental/QF_BV/sage/app12/bench_145.smt2,78.6133,1056,26887327,成功
/pub/data/jiafq/iscas/Parser_Comparison/../benchmarks/part12/non-incremental/QF_BV/sage/app12/bench_1450.smt2,3.69716,0,169,成功
/pub/data/jiafq/iscas/Parser_Comparison/../benchmarks/part12/non-incremental/QF_BV/sage/app12/bench_1451.smt2,3.43132,0,167,成功
/pub/data/jiafq/iscas/Parser_Comparison/../benchmarks/part12/non-incremental/QF_BV/sage/app12/bench_1452.smt2,3.44324,0,167,成功
/pub/data/jiafq/iscas/Parser_Comparison/../benchmarks/part12/non-incremental/QF_BV/sage/app12/bench_1453.smt2,3.97158,264,164,成功
/pub/data/jiafq/iscas/Parser_Comparison/../benchmarks/part12/non-incremental/QF_BV/sage/app12/bench_1454.smt2,4.06861,264,164,成功
/pub/data/jiafq/iscas/Parser_Comparison/../benchmarks/part12/non-incremental/QF_BV/sage/app12/bench_1455.smt2,3.58343,0,160,成功
/pub/data/jiafq/iscas/Parser_Comparison/../benchmarks/part12/non-incremental/QF_BV/sage/app12/bench_1456.smt2,3.45969,0,155,成功
/pub/data/jiafq/iscas/Parser_Comparison/../benchmarks/part12/non-incremental/QF_BV/sage/app12/bench_1457.smt2,3.66187,0,155,成功
/pub/data/jiafq/iscas/Parser_Comparison/../benchmarks/part12/non-incremental/QF_BV/sage/app12/bench_1458.smt2,3.54981,0,155,成功
/pub/data/jiafq/iscas/Parser_Comparison/../benchmarks/part12/non-incremental/QF_BV/sage/app12/bench_1459.smt2,106.185,1584,26889113,成功
/pub/data/jiafq/iscas/Parser_Comparison/../benchmarks/part12/non-incremental/QF_BV/sage/app12/bench_146.smt2,79.4952,1056,26887327,成功
/pub/data/jiafq/iscas/Parser_Comparison/../benchmarks/part12/non-incremental/QF_BV/sage/app12/bench_1460.smt2,3.45087,0,148,成功
/pub/data/jiafq/iscas/Parser_Comparison/../benchmarks/part12/non-incremental/QF_BV/sage/app12/bench_1461.smt2,3.45469,0,148,成功
/pub/data/jiafq/iscas/Parser_Comparison/../benchmarks/part12/non-incremental/QF_BV/sage/app12/bench_1462.smt2,3.5069,0,148,成功
/pub/data/jiafq/iscas/Parser_Comparison/../benchmarks/part12/non-incremental/QF_BV/sage/app12/bench_1463.smt2,3.47066,0,146,成功
/pub/data/jiafq/iscas/Parser_Comparison/../benchmarks/part12/non-incremental/QF_BV/sage/app12/bench_1464.smt2,3.38387,0,146,成功
/pub/data/jiafq/iscas/Parser_Comparison/../benchmarks/part12/non-incremental/QF_BV/sage/app12/bench_1465.smt2,3.66664,0,143,成功
/pub/data/jiafq/iscas/Parser_Comparison/../benchmarks/part12/non-incremental/QF_BV/sage/app12/bench_1466.smt2,3.67308,264,143,成功
/pub/data/jiafq/iscas/Parser_Comparison/../benchmarks/part12/non-incremental/QF_BV/sage/app12/bench_1467.smt2,3.18527,0,144,成功
/pub/data/jiafq/iscas/Parser_Comparison/../benchmarks/part12/non-incremental/QF_BV/sage/app12/bench_1468.smt2,2.99215,0,139,成功
/pub/data/jiafq/iscas/Parser_Comparison/../benchmarks/part12/non-incremental/QF_BV/sage/app12/bench_1469.smt2,2.90751,0,134,成功
/pub/data/jiafq/iscas/Parser_Comparison/../benchmarks/part12/non-incremental/QF_BV/sage/app12/bench_147.smt2,75.8867,1056,26887321,成功
/pub/data/jiafq/iscas/Parser_Comparison/../benchmarks/part12/non-incremental/QF_BV/sage/app12/bench_1470.smt2,107.098,1584,26889113,成功
/pub/data/jiafq/iscas/Parser_Comparison/../benchmarks/part12/non-incremental/QF_BV/sage/app12/bench_1471.smt2,3.21126,0,134,成功
/pub/data/jiafq/iscas/Parser_Comparison/../benchmarks/part12/non-incremental/QF_BV/sage/app12/bench_1472.smt2,2.93112,0,134,成功
/pub/data/jiafq/iscas/Parser_Comparison/../benchmarks/part12/non-incremental/QF_BV/sage/app12/bench_1473.smt2,2.92969,0,127,成功
/pub/data/jiafq/iscas/Parser_Comparison/../benchmarks/part12/non-incremental/QF_BV/sage/app12/bench_1474.smt2,3.12662,0,127,成功
/pub/data/jiafq/iscas/Parser_Comparison/../benchmarks/part12/non-incremental/QF_BV/sage/app12/bench_1475.smt2,2.85006,0,127,成功
/pub/data/jiafq/iscas/Parser_Comparison/../benchmarks/part12/non-incremental/QF_BV/sage/app12/bench_1476.smt2,3.0427,0,125,成功
/pub/data/jiafq/iscas/Parser_Comparison/../benchmarks/part12/non-incremental/QF_BV/sage/app12/bench_1477.smt2,2.80166,0,125,成功
/pub/data/jiafq/iscas/Parser_Comparison/../benchmarks/part12/non-incremental/QF_BV/sage/app12/bench_1478.smt2,3.09968,0,110,成功
/pub/data/jiafq/iscas/Parser_Comparison/../benchmarks/part12/non-incremental/QF_BV/sage/app12/bench_1479.smt2,3.10516,0,110,成功
/pub/data/jiafq/iscas/Parser_Comparison/../benchmarks/part12/non-incremental/QF_BV/sage/app12/bench_148.smt2,4.68802,264,248,成功
/pub/data/jiafq/iscas/Parser_Comparison/../benchmarks/part12/non-incremental/QF_BV/sage/app12/bench_1480.smt2,44.5535,792,26885320,成功
/pub/data/jiafq/iscas/Parser_Comparison/../benchmarks/part12/non-incremental/QF_BV/sage/app12/bench_1481.smt2,101.02,1584,26889113,成功
/pub/data/jiafq/iscas/Parser_Comparison/../benchmarks/part12/non-incremental/QF_BV/sage/app12/bench_1482.smt2,1.45221,0,32,成功
/pub/data/jiafq/iscas/Parser_Comparison/../benchmarks/part12/non-incremental/QF_BV/sage/app12/bench_1483.smt2,1.40095,0,32,成功
/pub/data/jiafq/iscas/Parser_Comparison/../benchmarks/part12/non-incremental/QF_BV/sage/app12/bench_1484.smt2,1.0922,0,20,成功
/pub/data/jiafq/iscas/Parser_Comparison/../benchmarks/part12/non-incremental/QF_BV/sage/app12/bench_1485.smt2,1.08194,0,20,成功
/pub/data/jiafq/iscas/Parser_Comparison/../benchmarks/part12/non-incremental/QF_BV/sage/app12/bench_1486.smt2,0.829697,0,11,成功
/pub/data/jiafq/iscas/Parser_Comparison/../benchmarks/part12/non-incremental/QF_BV/sage/app12/bench_1487.smt2,0.840902,0,11,成功
/pub/data/jiafq/iscas/Parser_Comparison/../benchmarks/part12/non-incremental/QF_BV/sage/app12/bench_1488.smt2,43.2911,792,26885320,成功
/pub/data/jiafq/iscas/Parser_Comparison/../benchmarks/part12/non-incremental/QF_BV/sage/app12/bench_1489.smt2,2.77448,0,123,成功
/pub/data/jiafq/iscas/Parser_Comparison/../benchmarks/part12/non-incremental/QF_BV/sage/app12/bench_149.smt2,13.299,264,836,成功
/pub/data/jiafq/iscas/Parser_Comparison/../benchmarks/part12/non-incremental/QF_BV/sage/app12/bench_1490.smt2,2.66647,0,118,成功
/pub/data/jiafq/iscas/Parser_Comparison/../benchmarks/part12/non-incremental/QF_BV/sage/app12/bench_1491.smt2,2.67482,0,118,成功
/pub/data/jiafq/iscas/Parser_Comparison/../benchmarks/part12/non-incremental/QF_BV/sage/app12/bench_1492.smt2,100.615,1584,26889107,成功
/pub/data/jiafq/iscas/Parser_Comparison/../benchmarks/part12/non-incremental/QF_BV/sage/app12/bench_1493.smt2,2.72346,0,118,成功
/pub/data/jiafq/iscas/Parser_Comparison/../benchmarks/part12/non-incremental/QF_BV/sage/app12/bench_1494.smt2,43.2594,792,26885320,成功
/pub/data/jiafq/iscas/Parser_Comparison/../benchmarks/part12/non-incremental/QF_BV/sage/app12/bench_1495.smt2,43.2756,792,26885320,成功
/pub/data/jiafq/iscas/Parser_Comparison/../benchmarks/part12/non-incremental/QF_BV/sage/app12/bench_1496.smt2,2.67148,0,118,成功
/pub/data/jiafq/iscas/Parser_Comparison/../benchmarks/part12/non-incremental/QF_BV/sage/app12/bench_1497.smt2,2.67601,0,118,成功
/pub/data/jiafq/iscas/Parser_Comparison/../benchmarks/part12/non-incremental/QF_BV/sage/app12/bench_1498.smt2,43.4265,792,26885320,成功
/pub/data/jiafq/iscas/Parser_Comparison/../benchmarks/part12/non-incremental/QF_BV/sage/app12/bench_1499.smt2,44.049,528,26885320,成功
/pub/data/jiafq/iscas/Parser_Comparison/../benchmarks/part12/non-incremental/QF_BV/sage/app12/bench_15.smt2,4.47774,264,260,成功
/pub/data/jiafq/iscas/Parser_Comparison/../benchmarks/part12/non-incremental/QF_BV/sage/app12/bench_150.smt2,13.0343,264,836,成功
/pub/data/jiafq/iscas/Parser_Comparison/../benchmarks/part12/non-incremental/QF_BV/sage/app12/bench_1500.smt2,2.61807,0,113,成功
/pub/data/jiafq/iscas/Parser_Comparison/../benchmarks/part12/non-incremental/QF_BV/sage/app12/bench_1501.smt2,43.1833,792,26885315,成功
/pub/data/jiafq/iscas/Parser_Comparison/../benchmarks/part12/non-incremental/QF_BV/sage/app12/bench_1502.smt2,2.52271,0,108,成功
/pub/data/jiafq/iscas/Parser_Comparison/../benchmarks/part12/non-incremental/QF_BV/sage/app12/bench_1503.smt2,98.3357,1584,26889107,成功
/pub/data/jiafq/iscas/Parser_Comparison/../benchmarks/part12/non-incremental/QF_BV/sage/app12/bench_1504.smt2,2.44951,0,103,成功
/pub/data/jiafq/iscas/Parser_Comparison/../benchmarks/part12/non-incremental/QF_BV/sage/app12/bench_1505.smt2,10.6804,264,644,成功
/pub/data/jiafq/iscas/Parser_Comparison/../benchmarks/part12/non-incremental/QF_BV/sage/app12/bench_1506.smt2,10.8731,264,644,成功
/pub/data/jiafq/iscas/Parser_Comparison/../benchmarks/part12/non-incremental/QF_BV/sage/app12/bench_1507.smt2,43.3857,792,26885315,成功
/pub/data/jiafq/iscas/Parser_Comparison/../benchmarks/part12/non-incremental/QF_BV/sage/app12/bench_1508.smt2,43.0088,792,26885309,成功
/pub/data/jiafq/iscas/Parser_Comparison/../benchmarks/part12/non-incremental/QF_BV/sage/app12/bench_1509.smt2,42.8894,528,26885309,成功
/pub/data/jiafq/iscas/Parser_Comparison/../benchmarks/part12/non-incremental/QF_BV/sage/app12/bench_151.smt2,72.2005,1056,26887321,成功
/pub/data/jiafq/iscas/Parser_Comparison/../benchmarks/part12/non-incremental/QF_BV/sage/app12/bench_1510.smt2,43.0284,792,26885303,成功
/pub/data/jiafq/iscas/Parser_Comparison/../benchmarks/part12/non-incremental/QF_BV/sage/app12/bench_1511.smt2,7.84206,264,422,成功
/pub/data/jiafq/iscas/Parser_Comparison/../benchmarks/part12/non-incremental/QF_BV/sage/app12/bench_1512.smt2,7.72929,264,422,成功
/pub/data/jiafq/iscas/Parser_Comparison/../benchmarks/part12/non-incremental/QF_BV/sage/app12/bench_1513.smt2,42.6369,792,26885303,成功
/pub/data/jiafq/iscas/Parser_Comparison/../benchmarks/part12/non-incremental/QF_BV/sage/app12/bench_1514.smt2,97.317,1584,26889107,成功
/pub/data/jiafq/iscas/Parser_Comparison/../benchmarks/part12/non-incremental/QF_BV/sage/app12/bench_1515.smt2,5.59759,264,272,成功
/pub/data/jiafq/iscas/Parser_Comparison/../benchmarks/part12/non-incremental/QF_BV/sage/app12/bench_1516.smt2,5.52344,264,272,成功
/pub/data/jiafq/iscas/Parser_Comparison/../benchmarks/part12/non-incremental/QF_BV/sage/app12/bench_1517.smt2,43.5247,792,26885303,成功
/pub/data/jiafq/iscas/Parser_Comparison/../benchmarks/part12/non-incremental/QF_BV/sage/app12/bench_1518.smt2,42.7897,792,26885297,成功
/pub/data/jiafq/iscas/Parser_Comparison/../benchmarks/part12/non-incremental/QF_BV/sage/app12/bench_1519.smt2,3.16453,0,146,成功
/pub/data/jiafq/iscas/Parser_Comparison/../benchmarks/part12/non-incremental/QF_BV/sage/app12/bench_152.smt2,71.6307,1056,26887315,成功
/pub/data/jiafq/iscas/Parser_Comparison/../benchmarks/part12/non-incremental/QF_BV/sage/app12/bench_1520.smt2,3.16334,0,146,成功
/pub/data/jiafq/iscas/Parser_Comparison/../benchmarks/part12/non-incremental/QF_BV/sage/app12/bench_1521.smt2,42.7871,528,26885297,成功
/pub/data/jiafq/iscas/Parser_Comparison/../benchmarks/part12/non-incremental/QF_BV/sage/app12/bench_1522.smt2,43.2153,792,26885297,成功
/pub/data/jiafq/iscas/Parser_Comparison/../benchmarks/part12/non-incremental/QF_BV/sage/app12/bench_1523.smt2,42.7246,792,26885291,成功
/pub/data/jiafq/iscas/Parser_Comparison/../benchmarks/part12/non-incremental/QF_BV/sage/app12/bench_1524.smt2,42.5396,792,26885291,成功
/pub/data/jiafq/iscas/Parser_Comparison/../benchmarks/part12/non-incremental/QF_BV/sage/app12/bench_1525.smt2,97.4963,1584,26889101,成功
/pub/data/jiafq/iscas/Parser_Comparison/../benchmarks/part12/non-incremental/QF_BV/sage/app12/bench_1526.smt2,2.74849,0,116,成功
/pub/data/jiafq/iscas/Parser_Comparison/../benchmarks/part12/non-incremental/QF_BV/sage/app12/bench_1527.smt2,2.78854,0,116,成功
/pub/data/jiafq/iscas/Parser_Comparison/../benchmarks/part12/non-incremental/QF_BV/sage/app12/bench_1528.smt2,42.345,792,26885291,成功
/pub/data/jiafq/iscas/Parser_Comparison/../benchmarks/part12/non-incremental/QF_BV/sage/app12/bench_1529.smt2,2.50983,0,107,成功
/pub/data/jiafq/iscas/Parser_Comparison/../benchmarks/part12/non-incremental/QF_BV/sage/app12/bench_153.smt2,12.4531,264,797,成功
/pub/data/jiafq/iscas/Parser_Comparison/../benchmarks/part12/non-incremental/QF_BV/sage/app12/bench_1530.smt2,2.56419,0,107,成功
/pub/data/jiafq/iscas/Parser_Comparison/../benchmarks/part12/non-incremental/QF_BV/sage/app12/bench_1531.smt2,42.8674,528,26885291,成功
/pub/data/jiafq/iscas/Parser_Comparison/../benchmarks/part12/non-incremental/QF_BV/sage/app12/bench_1532.smt2,42.5076,792,26885285,成功
/pub/data/jiafq/iscas/Parser_Comparison/../benchmarks/part12/non-incremental/QF_BV/sage/app12/bench_1533.smt2,2.35772,0,95,成功
/pub/data/jiafq/iscas/Parser_Comparison/../benchmarks/part12/non-incremental/QF_BV/sage/app12/bench_1534.smt2,2.6083,0,95,成功
/pub/data/jiafq/iscas/Parser_Comparison/../benchmarks/part12/non-incremental/QF_BV/sage/app12/bench_1535.smt2,2.19679,0,83,成功
/pub/data/jiafq/iscas/Parser_Comparison/../benchmarks/part12/non-incremental/QF_BV/sage/app12/bench_1536.smt2,99.2906,1584,26889101,成功
/pub/data/jiafq/iscas/Parser_Comparison/../benchmarks/part12/non-incremental/QF_BV/sage/app12/bench_1537.smt2,2.19846,0,83,成功
/pub/data/jiafq/iscas/Parser_Comparison/../benchmarks/part12/non-incremental/QF_BV/sage/app12/bench_1538.smt2,1.9927,0,68,成功
/pub/data/jiafq/iscas/Parser_Comparison/../benchmarks/part12/non-incremental/QF_BV/sage/app12/bench_1539.smt2,1.96028,0,68,成功
/pub/data/jiafq/iscas/Parser_Comparison/../benchmarks/part12/non-incremental/QF_BV/sage/app12/bench_154.smt2,12.5144,264,797,成功
/pub/data/jiafq/iscas/Parser_Comparison/../benchmarks/part12/non-incremental/QF_BV/sage/app12/bench_1540.smt2,1.82033,0,56,成功
/pub/data/jiafq/iscas/Parser_Comparison/../benchmarks/part12/non-incremental/QF_BV/sage/app12/bench_1541.smt2,1.79744,0,56,成功
/pub/data/jiafq/iscas/Parser_Comparison/../benchmarks/part12/non-incremental/QF_BV/sage/app12/bench_1542.smt2,1.60789,0,44,成功
/pub/data/jiafq/iscas/Parser_Comparison/../benchmarks/part12/non-incremental/QF_BV/sage/app12/bench_1543.smt2,1.63293,0,44,成功
/pub/data/jiafq/iscas/Parser_Comparison/../benchmarks/part12/non-incremental/QF_BV/sage/app12/bench_1544.smt2,42.9389,792,26885285,成功
/pub/data/jiafq/iscas/Parser_Comparison/../benchmarks/part12/non-incremental/QF_BV/sage/app12/bench_1545.smt2,1.19281,0,23,成功
/pub/data/jiafq/iscas/Parser_Comparison/../benchmarks/part12/non-incremental/QF_BV/sage/app12/bench_1546.smt2,1.51706,0,23,成功
/pub/data/jiafq/iscas/Parser_Comparison/../benchmarks/part12/non-incremental/QF_BV/sage/app12/bench_1547.smt2,98.3922,1584,26889101,成功
/pub/data/jiafq/iscas/Parser_Comparison/../benchmarks/part12/non-incremental/QF_BV/sage/app12/bench_1548.smt2,42.4402,792,26885285,成功
/pub/data/jiafq/iscas/Parser_Comparison/../benchmarks/part12/non-incremental/QF_BV/sage/app12/bench_1549.smt2,42.5634,528,26885279,成功
/pub/data/jiafq/iscas/Parser_Comparison/../benchmarks/part12/non-incremental/QF_BV/sage/app12/bench_155.smt2,12.3951,264,782,成功
/pub/data/jiafq/iscas/Parser_Comparison/../benchmarks/part12/non-incremental/QF_BV/sage/app12/bench_1550.smt2,0.99802,0,17,成功
/pub/data/jiafq/iscas/Parser_Comparison/../benchmarks/part12/non-incremental/QF_BV/sage/app12/bench_1551.smt2,1.01066,0,17,成功
/pub/data/jiafq/iscas/Parser_Comparison/../benchmarks/part12/non-incremental/QF_BV/sage/app12/bench_1552.smt2,42.4838,792,26885279,成功
/pub/data/jiafq/iscas/Parser_Comparison/../benchmarks/part12/non-incremental/QF_BV/sage/app12/bench_1553.smt2,0.678301,0,9,成功
/pub/data/jiafq/iscas/Parser_Comparison/../benchmarks/part12/non-incremental/QF_BV/sage/app12/bench_1554.smt2,0.677586,0,9,成功
/pub/data/jiafq/iscas/Parser_Comparison/../benchmarks/part12/non-incremental/QF_BV/sage/app12/bench_1555.smt2,41.9743,528,26885279,成功
/pub/data/jiafq/iscas/Parser_Comparison/../benchmarks/part12/non-incremental/QF_BV/sage/app12/bench_1556.smt2,42.3691,792,26885273,成功
/pub/data/jiafq/iscas/Parser_Comparison/../benchmarks/part12/non-incremental/QF_BV/sage/app12/bench_1557.smt2,42.6698,528,26885271,成功
/pub/data/jiafq/iscas/Parser_Comparison/../benchmarks/part12/non-incremental/QF_BV/sage/app12/bench_1558.smt2,99.7324,1584,26889282,成功
/pub/data/jiafq/iscas/Parser_Comparison/../benchmarks/part12/non-incremental/QF_BV/sage/app12/bench_1559.smt2,96.595,1584,26889095,成功
/pub/data/jiafq/iscas/Parser_Comparison/../benchmarks/part12/non-incremental/QF_BV/sage/app12/bench_156.smt2,12.4328,264,782,成功
/pub/data/jiafq/iscas/Parser_Comparison/../benchmarks/part12/non-incremental/QF_BV/sage/app12/bench_1560.smt2,42.3136,528,26885288,成功
/pub/data/jiafq/iscas/Parser_Comparison/../benchmarks/part12/non-incremental/QF_BV/sage/app12/bench_1561.smt2,43.0188,792,26885288,成功
/pub/data/jiafq/iscas/Parser_Comparison/../benchmarks/part12/non-incremental/QF_BV/sage/app12/bench_1562.smt2,42.0496,528,26885272,成功
/pub/data/jiafq/iscas/Parser_Comparison/../benchmarks/part12/non-incremental/QF_BV/sage/app12/bench_1563.smt2,42.654,528,26885272,成功
/pub/data/jiafq/iscas/Parser_Comparison/../benchmarks/part12/non-incremental/QF_BV/sage/app12/bench_1564.smt2,42.2149,792,26885267,成功
/pub/data/jiafq/iscas/Parser_Comparison/../benchmarks/part12/non-incremental/QF_BV/sage/app12/bench_1565.smt2,42.6624,528,26885264,成功
/pub/data/jiafq/iscas/Parser_Comparison/../benchmarks/part12/non-incremental/QF_BV/sage/app12/bench_1566.smt2,41.1232,528,26885261,成功
/pub/data/jiafq/iscas/Parser_Comparison/../benchmarks/part12/non-incremental/QF_BV/sage/app12/bench_1567.smt2,42.1176,528,26885261,成功
/pub/data/jiafq/iscas/Parser_Comparison/../benchmarks/part12/non-incremental/QF_BV/sage/app12/bench_1568.smt2,42.7372,528,26885261,成功
/pub/data/jiafq/iscas/Parser_Comparison/../benchmarks/part12/non-incremental/QF_BV/sage/app12/bench_1569.smt2,42.1963,792,26885253,成功
/pub/data/jiafq/iscas/Parser_Comparison/../benchmarks/part12/non-incremental/QF_BV/sage/app12/bench_157.smt2,11.6687,264,716,成功
/pub/data/jiafq/iscas/Parser_Comparison/../benchmarks/part12/non-incremental/QF_BV/sage/app12/bench_1570.smt2,95.7773,1584,26889093,成功
/pub/data/jiafq/iscas/Parser_Comparison/../benchmarks/part12/non-incremental/QF_BV/sage/app12/bench_1571.smt2,42.2375,528,26885253,成功
/pub/data/jiafq/iscas/Parser_Comparison/../benchmarks/part12/non-incremental/QF_BV/sage/app12/bench_1572.smt2,42.6943,528,26885261,成功
/pub/data/jiafq/iscas/Parser_Comparison/../benchmarks/part12/non-incremental/QF_BV/sage/app12/bench_1573.smt2,42.5739,792,26885261,成功
/pub/data/jiafq/iscas/Parser_Comparison/../benchmarks/part12/non-incremental/QF_BV/sage/app12/bench_1574.smt2,2.37799,0,100,成功
/pub/data/jiafq/iscas/Parser_Comparison/../benchmarks/part12/non-incremental/QF_BV/sage/app12/bench_1575.smt2,2.38681,0,97,成功
/pub/data/jiafq/iscas/Parser_Comparison/../benchmarks/part12/non-incremental/QF_BV/sage/app12/bench_1576.smt2,2.3036,0,94,成功
/pub/data/jiafq/iscas/Parser_Comparison/../benchmarks/part12/non-incremental/QF_BV/sage/app12/bench_1577.smt2,2.26569,0,83,成功
/pub/data/jiafq/iscas/Parser_Comparison/../benchmarks/part12/non-incremental/QF_BV/sage/app12/bench_1578.smt2,2.21968,0,80,成功
/pub/data/jiafq/iscas/Parser_Comparison/../benchmarks/part12/non-incremental/QF_BV/sage/app12/bench_1579.smt2,2.16556,0,69,成功
/pub/data/jiafq/iscas/Parser_Comparison/../benchmarks/part12/non-incremental/QF_BV/sage/app12/bench_158.smt2,11.5647,264,716,成功
/pub/data/jiafq/iscas/Parser_Comparison/../benchmarks/part12/non-incremental/QF_BV/sage/app12/bench_1580.smt2,2.17962,0,69,成功
/pub/data/jiafq/iscas/Parser_Comparison/../benchmarks/part12/non-incremental/QF_BV/sage/app12/bench_1581.smt2,98.4015,1584,26889110,成功
/pub/data/jiafq/iscas/Parser_Comparison/../benchmarks/part12/non-incremental/QF_BV/sage/app12/bench_1582.smt2,2.21181,0,69,成功
/pub/data/jiafq/iscas/Parser_Comparison/../benchmarks/part12/non-incremental/QF_BV/sage/app12/bench_1583.smt2,2.00868,0,61,成功
/pub/data/jiafq/iscas/Parser_Comparison/../benchmarks/part12/non-incremental/QF_BV/sage/app12/bench_1584.smt2,2.01106,0,61,成功
/pub/data/jiafq/iscas/Parser_Comparison/../benchmarks/part12/non-incremental/QF_BV/sage/app12/bench_1585.smt2,1.96385,0,57,成功
/pub/data/jiafq/iscas/Parser_Comparison/../benchmarks/part12/non-incremental/QF_BV/sage/app12/bench_1586.smt2,1.92904,0,54,成功
/pub/data/jiafq/iscas/Parser_Comparison/../benchmarks/part12/non-incremental/QF_BV/sage/app12/bench_1587.smt2,42.5224,528,26885251,成功
/pub/data/jiafq/iscas/Parser_Comparison/../benchmarks/part12/non-incremental/QF_BV/sage/app12/bench_1588.smt2,41.8367,528,26885238,成功
/pub/data/jiafq/iscas/Parser_Comparison/../benchmarks/part12/non-incremental/QF_BV/sage/app12/bench_1589.smt2,5.7652,264,321,成功
/pub/data/jiafq/iscas/Parser_Comparison/../benchmarks/part12/non-incremental/QF_BV/sage/app12/bench_159.smt2,4.27938,264,242,成功
/pub/data/jiafq/iscas/Parser_Comparison/../benchmarks/part12/non-incremental/QF_BV/sage/app12/bench_1590.smt2,5.79476,264,321,成功
/pub/data/jiafq/iscas/Parser_Comparison/../benchmarks/part12/non-incremental/QF_BV/sage/app12/bench_1591.smt2,1.87659,0,52,成功
/pub/data/jiafq/iscas/Parser_Comparison/../benchmarks/part12/non-incremental/QF_BV/sage/app12/bench_1592.smt2,98.2432,1584,26889110,成功
/pub/data/jiafq/iscas/Parser_Comparison/../benchmarks/part12/non-incremental/QF_BV/sage/app12/bench_1593.smt2,1.82986,0,48,成功
/pub/data/jiafq/iscas/Parser_Comparison/../benchmarks/part12/non-incremental/QF_BV/sage/app12/bench_1594.smt2,1.76811,0,44,成功
/pub/data/jiafq/iscas/Parser_Comparison/../benchmarks/part12/non-incremental/QF_BV/sage/app12/bench_1595.smt2,1.38783,0,31,成功
/pub/data/jiafq/iscas/Parser_Comparison/../benchmarks/part12/non-incremental/QF_BV/sage/app12/bench_1596.smt2,1.63627,0,47,成功
/pub/data/jiafq/iscas/Parser_Comparison/../benchmarks/part12/non-incremental/QF_BV/sage/app12/bench_1597.smt2,3.96395,264,274,成功
/pub/data/jiafq/iscas/Parser_Comparison/../benchmarks/part12/non-incremental/QF_BV/sage/app12/bench_1598.smt2,3.97372,264,274,成功
/pub/data/jiafq/iscas/Parser_Comparison/../benchmarks/part12/non-incremental/QF_BV/sage/app12/bench_1599.smt2,1.78361,0,78,成功
/pub/data/jiafq/iscas/Parser_Comparison/../benchmarks/part12/non-incremental/QF_BV/sage/app12/bench_16.smt2,4.07124,0,242,成功
/pub/data/jiafq/iscas/Parser_Comparison/../benchmarks/part12/non-incremental/QF_BV/sage/app12/bench_160.smt2,11.3337,264,701,成功
/pub/data/jiafq/iscas/Parser_Comparison/../benchmarks/part12/non-incremental/QF_BV/sage/app12/bench_1600.smt2,1.74594,0,70,成功
/pub/data/jiafq/iscas/Parser_Comparison/../benchmarks/part12/non-incremental/QF_BV/sage/app12/bench_1601.smt2,1.72591,0,63,成功
/pub/data/jiafq/iscas/Parser_Comparison/../benchmarks/part12/non-incremental/QF_BV/sage/app12/bench_1602.smt2,0.93317,0,15,成功
/pub/data/jiafq/iscas/Parser_Comparison/../benchmarks/part12/non-incremental/QF_BV/sage/app12/bench_1603.smt2,99.016,1584,26889094,成功
/pub/data/jiafq/iscas/Parser_Comparison/../benchmarks/part12/non-incremental/QF_BV/sage/app12/bench_1604.smt2,0.923634,0,15,成功
/pub/data/jiafq/iscas/Parser_Comparison/../benchmarks/part12/non-incremental/QF_BV/sage/app12/bench_1605.smt2,1.69039,0,60,成功
/pub/data/jiafq/iscas/Parser_Comparison/../benchmarks/part12/non-incremental/QF_BV/sage/app12/bench_1606.smt2,0.991821,0,17,成功
/pub/data/jiafq/iscas/Parser_Comparison/../benchmarks/part12/non-incremental/QF_BV/sage/app12/bench_1607.smt2,1.00374,0,17,成功
/pub/data/jiafq/iscas/Parser_Comparison/../benchmarks/part12/non-incremental/QF_BV/sage/app12/bench_1608.smt2,1.29819,0,44,成功
/pub/data/jiafq/iscas/Parser_Comparison/../benchmarks/part12/non-incremental/QF_BV/sage/app12/bench_1609.smt2,1.2536,0,41,成功
/pub/data/jiafq/iscas/Parser_Comparison/../benchmarks/part12/non-incremental/QF_BV/sage/app12/bench_161.smt2,11.4446,264,701,成功
/pub/data/jiafq/iscas/Parser_Comparison/../benchmarks/part12/non-incremental/QF_BV/sage/app12/bench_1610.smt2,1.2145,0,36,成功
/pub/data/jiafq/iscas/Parser_Comparison/../benchmarks/part12/non-incremental/QF_BV/sage/app12/bench_1611.smt2,1.16277,0,32,成功
/pub/data/jiafq/iscas/Parser_Comparison/../benchmarks/part12/non-incremental/QF_BV/sage/app12/bench_1612.smt2,1.12677,0,28,成功
/pub/data/jiafq/iscas/Parser_Comparison/../benchmarks/part12/non-incremental/QF_BV/sage/app12/bench_1613.smt2,1.10078,0,24,成功
/pub/data/jiafq/iscas/Parser_Comparison/../benchmarks/part12/non-incremental/QF_BV/sage/app12/bench_1614.smt2,97.5444,1584,26889094,成功
/pub/data/jiafq/iscas/Parser_Comparison/../benchmarks/part12/non-incremental/QF_BV/sage/app12/bench_1615.smt2,1.05214,0,20,成功
/pub/data/jiafq/iscas/Parser_Comparison/../benchmarks/part12/non-incremental/QF_BV/sage/app12/bench_1616.smt2,0.971556,0,15,成功
/pub/data/jiafq/iscas/Parser_Comparison/../benchmarks/part12/non-incremental/QF_BV/sage/app12/bench_1617.smt2,39.4506,528,26885112,成功
/pub/data/jiafq/iscas/Parser_Comparison/../benchmarks/part12/non-incremental/QF_BV/sage/app12/bench_1618.smt2,40.0164,528,26885112,成功
/pub/data/jiafq/iscas/Parser_Comparison/../benchmarks/part12/non-incremental/QF_BV/sage/app12/bench_1619.smt2,1.20115,0,24,成功
/pub/data/jiafq/iscas/Parser_Comparison/../benchmarks/part12/non-incremental/QF_BV/sage/app12/bench_162.smt2,8.66771,264,521,成功
/pub/data/jiafq/iscas/Parser_Comparison/../benchmarks/part12/non-incremental/QF_BV/sage/app12/bench_1620.smt2,1.20401,0,24,成功
/pub/data/jiafq/iscas/Parser_Comparison/../benchmarks/part12/non-incremental/QF_BV/sage/app12/bench_1621.smt2,2.64597,0,191,成功
/pub/data/jiafq/iscas/Parser_Comparison/../benchmarks/part12/non-incremental/QF_BV/sage/app12/bench_1622.smt2,1.04618,0,21,成功
/pub/data/jiafq/iscas/Parser_Comparison/../benchmarks/part12/non-incremental/QF_BV/sage/app12/bench_1623.smt2,0.973463,0,15,成功
/pub/data/jiafq/iscas/Parser_Comparison/../benchmarks/part12/non-incremental/QF_BV/sage/app12/bench_1624.smt2,0.706434,0,9,成功
/pub/data/jiafq/iscas/Parser_Comparison/../benchmarks/part12/non-incremental/QF_BV/sage/app12/bench_1625.smt2,97.0845,1584,26889089,成功
/pub/data/jiafq/iscas/Parser_Comparison/../benchmarks/part12/non-incremental/QF_BV/sage/app12/bench_1626.smt2,1.18566,0,33,成功
/pub/data/jiafq/iscas/Parser_Comparison/../benchmarks/part12/non-incremental/QF_BV/sage/app12/bench_1627.smt2,1.13559,0,28,成功
/pub/data/jiafq/iscas/Parser_Comparison/../benchmarks/part12/non-incremental/QF_BV/sage/app12/bench_1628.smt2,1.09196,0,24,成功
/pub/data/jiafq/iscas/Parser_Comparison/../benchmarks/part12/non-incremental/QF_BV/sage/app12/bench_1629.smt2,1.03831,0,19,成功
/pub/data/jiafq/iscas/Parser_Comparison/../benchmarks/part12/non-incremental/QF_BV/sage/app12/bench_163.smt2,9.1157,264,521,成功
/pub/data/jiafq/iscas/Parser_Comparison/../benchmarks/part12/non-incremental/QF_BV/sage/app12/bench_1630.smt2,0.951529,0,15,成功
/pub/data/jiafq/iscas/Parser_Comparison/../benchmarks/part12/non-incremental/QF_BV/sage/app12/bench_1631.smt2,1.22643,0,25,成功
/pub/data/jiafq/iscas/Parser_Comparison/../benchmarks/part12/non-incremental/QF_BV/sage/app12/bench_1632.smt2,0.639677,0,9,成功
/pub/data/jiafq/iscas/Parser_Comparison/../benchmarks/part12/non-incremental/QF_BV/sage/app12/bench_1633.smt2,2.48146,0,182,成功
/pub/data/jiafq/iscas/Parser_Comparison/../benchmarks/part12/non-incremental/QF_BV/sage/app12/bench_1634.smt2,2.56014,0,182,成功
/pub/data/jiafq/iscas/Parser_Comparison/../benchmarks/part12/non-incremental/QF_BV/sage/app12/bench_1635.smt2,2.51484,0,182,成功
/pub/data/jiafq/iscas/Parser_Comparison/../benchmarks/part12/non-incremental/QF_BV/sage/app12/bench_1636.smt2,98.7332,1584,26889086,成功
/pub/data/jiafq/iscas/Parser_Comparison/../benchmarks/part12/non-incremental/QF_BV/sage/app12/bench_1637.smt2,2.43211,0,182,成功
/pub/data/jiafq/iscas/Parser_Comparison/../benchmarks/part12/non-incremental/QF_BV/sage/app12/bench_1638.smt2,2.44236,0,177,成功
/pub/data/jiafq/iscas/Parser_Comparison/../benchmarks/part12/non-incremental/QF_BV/sage/app12/bench_1639.smt2,2.39849,0,170,成功
/pub/data/jiafq/iscas/Parser_Comparison/../benchmarks/part12/non-incremental/QF_BV/sage/app12/bench_164.smt2,71.0566,1056,26887315,成功
/pub/data/jiafq/iscas/Parser_Comparison/../benchmarks/part12/non-incremental/QF_BV/sage/app12/bench_1640.smt2,37.7932,528,26884915,成功
/pub/data/jiafq/iscas/Parser_Comparison/../benchmarks/part12/non-incremental/QF_BV/sage/app12/bench_1641.smt2,37.4243,528,26884915,成功
/pub/data/jiafq/iscas/Parser_Comparison/../benchmarks/part12/non-incremental/QF_BV/sage/app12/bench_1642.smt2,36.6054,528,26884915,成功
/pub/data/jiafq/iscas/Parser_Comparison/../benchmarks/part12/non-incremental/QF_BV/sage/app12/bench_1643.smt2,2.27451,0,164,成功
/pub/data/jiafq/iscas/Parser_Comparison/../benchmarks/part12/non-incremental/QF_BV/sage/app12/bench_1644.smt2,2.24018,0,164,成功
/pub/data/jiafq/iscas/Parser_Comparison/../benchmarks/part12/non-incremental/QF_BV/sage/app12/bench_1645.smt2,2.2049,0,164,成功
/pub/data/jiafq/iscas/Parser_Comparison/../benchmarks/part12/non-incremental/QF_BV/sage/app12/bench_1646.smt2,1.64628,0,76,成功
/pub/data/jiafq/iscas/Parser_Comparison/../benchmarks/part12/non-incremental/QF_BV/sage/app12/bench_1647.smt2,94.6822,1584,26889083,成功
/pub/data/jiafq/iscas/Parser_Comparison/../benchmarks/part12/non-incremental/QF_BV/sage/app12/bench_1648.smt2,1.59216,0,65,成功
/pub/data/jiafq/iscas/Parser_Comparison/../benchmarks/part12/non-incremental/QF_BV/sage/app12/bench_1649.smt2,1.58072,0,65,成功
/pub/data/jiafq/iscas/Parser_Comparison/../benchmarks/part12/non-incremental/QF_BV/sage/app12/bench_165.smt2,7.10297,264,380,成功
/pub/data/jiafq/iscas/Parser_Comparison/../benchmarks/part12/non-incremental/QF_BV/sage/app12/bench_1650.smt2,1.49155,0,59,成功
/pub/data/jiafq/iscas/Parser_Comparison/../benchmarks/part12/non-incremental/QF_BV/sage/app12/bench_1651.smt2,1.58763,0,65,成功
/pub/data/jiafq/iscas/Parser_Comparison/../benchmarks/part12/non-incremental/QF_BV/sage/app12/bench_1652.smt2,1.60956,0,65,成功
/pub/data/jiafq/iscas/Parser_Comparison/../benchmarks/part12/non-incremental/QF_BV/sage/app12/bench_1653.smt2,1.48177,0,59,成功
/pub/data/jiafq/iscas/Parser_Comparison/../benchmarks/part12/non-incremental/QF_BV/sage/app12/bench_1654.smt2,1.6129,0,65,成功
/pub/data/jiafq/iscas/Parser_Comparison/../benchmarks/part12/non-incremental/QF_BV/sage/app12/bench_1655.smt2,1.62292,0,65,成功
/pub/data/jiafq/iscas/Parser_Comparison/../benchmarks/part12/non-incremental/QF_BV/sage/app12/bench_1656.smt2,1.50228,0,59,成功
/pub/data/jiafq/iscas/Parser_Comparison/../benchmarks/part12/non-incremental/QF_BV/sage/app12/bench_1657.smt2,2.21372,0,127,成功
/pub/data/jiafq/iscas/Parser_Comparison/../benchmarks/part12/non-incremental/QF_BV/sage/app12/bench_1658.smt2,97.219,1584,26889083,成功
/pub/data/jiafq/iscas/Parser_Comparison/../benchmarks/part12/non-incremental/QF_BV/sage/app12/bench_1659.smt2,1.35279,0,48,成功
/pub/data/jiafq/iscas/Parser_Comparison/../benchmarks/part12/non-incremental/QF_BV/sage/app12/bench_166.smt2,6.99139,264,380,成功
/pub/data/jiafq/iscas/Parser_Comparison/../benchmarks/part12/non-incremental/QF_BV/sage/app12/bench_1660.smt2,1.49441,0,50,成功
/pub/data/jiafq/iscas/Parser_Comparison/../benchmarks/part12/non-incremental/QF_BV/sage/app12/bench_1661.smt2,1.50204,0,50,成功
/pub/data/jiafq/iscas/Parser_Comparison/../benchmarks/part12/non-incremental/QF_BV/sage/app12/bench_1662.smt2,1.36948,0,44,成功
/pub/data/jiafq/iscas/Parser_Comparison/../benchmarks/part12/non-incremental/QF_BV/sage/app12/bench_1663.smt2,1.4081,0,50,成功
/pub/data/jiafq/iscas/Parser_Comparison/../benchmarks/part12/non-incremental/QF_BV/sage/app12/bench_1664.smt2,1.48058,0,50,成功
/pub/data/jiafq/iscas/Parser_Comparison/../benchmarks/part12/non-incremental/QF_BV/sage/app12/bench_1665.smt2,1.38021,0,44,成功
/pub/data/jiafq/iscas/Parser_Comparison/../benchmarks/part12/non-incremental/QF_BV/sage/app12/bench_1666.smt2,1.513,0,50,成功
/pub/data/jiafq/iscas/Parser_Comparison/../benchmarks/part12/non-incremental/QF_BV/sage/app12/bench_1667.smt2,1.48702,0,50,成功
/pub/data/jiafq/iscas/Parser_Comparison/../benchmarks/part12/non-incremental/QF_BV/sage/app12/bench_1668.smt2,1.37973,0,44,成功
/pub/data/jiafq/iscas/Parser_Comparison/../benchmarks/part12/non-incremental/QF_BV/sage/app12/bench_1669.smt2,100.947,1584,26889282,成功
/pub/data/jiafq/iscas/Parser_Comparison/../benchmarks/part12/non-incremental/QF_BV/sage/app12/bench_167.smt2,68.6665,1056,26887315,成功
/pub/data/jiafq/iscas/Parser_Comparison/../benchmarks/part12/non-incremental/QF_BV/sage/app12/bench_1670.smt2,97.4336,1584,26889083,成功
/pub/data/jiafq/iscas/Parser_Comparison/../benchmarks/part12/non-incremental/QF_BV/sage/app12/bench_1671.smt2,1.7705,0,50,成功
/pub/data/jiafq/iscas/Parser_Comparison/../benchmarks/part12/non-incremental/QF_BV/sage/app12/bench_1672.smt2,1.49775,0,50,成功
/pub/data/jiafq/iscas/Parser_Comparison/../benchmarks/part12/non-incremental/QF_BV/sage/app12/bench_1673.smt2,1.36042,0,44,成功
/pub/data/jiafq/iscas/Parser_Comparison/../benchmarks/part12/non-incremental/QF_BV/sage/app12/bench_1674.smt2,1.69849,0,67,成功
/pub/data/jiafq/iscas/Parser_Comparison/../benchmarks/part12/non-incremental/QF_BV/sage/app12/bench_1675.smt2,2.08402,0,109,成功
/pub/data/jiafq/iscas/Parser_Comparison/../benchmarks/part12/non-incremental/QF_BV/sage/app12/bench_1676.smt2,2.03609,0,105,成功
/pub/data/jiafq/iscas/Parser_Comparison/../benchmarks/part12/non-incremental/QF_BV/sage/app12/bench_1677.smt2,2.06232,0,105,成功
/pub/data/jiafq/iscas/Parser_Comparison/../benchmarks/part12/non-incremental/QF_BV/sage/app12/bench_1678.smt2,1.80149,0,95,成功
/pub/data/jiafq/iscas/Parser_Comparison/../benchmarks/part12/non-incremental/QF_BV/sage/app12/bench_1679.smt2,1.72448,0,95,成功
/pub/data/jiafq/iscas/Parser_Comparison/../benchmarks/part12/non-incremental/QF_BV/sage/app12/bench_168.smt2,72.088,1056,26887315,成功
/pub/data/jiafq/iscas/Parser_Comparison/../benchmarks/part12/non-incremental/QF_BV/sage/app12/bench_1680.smt2,1.68967,0,79,成功
/pub/data/jiafq/iscas/Parser_Comparison/../benchmarks/part12/non-incremental/QF_BV/sage/app12/bench_1681.smt2,95.7832,1584,26889075,成功
/pub/data/jiafq/iscas/Parser_Comparison/../benchmarks/part12/non-incremental/QF_BV/sage/app12/bench_1682.smt2,1.40357,0,58,成功
/pub/data/jiafq/iscas/Parser_Comparison/../benchmarks/part12/non-incremental/QF_BV/sage/app12/bench_1683.smt2,1.39284,0,58,成功
/pub/data/jiafq/iscas/Parser_Comparison/../benchmarks/part12/non-incremental/QF_BV/sage/app12/bench_1684.smt2,1.26934,0,43,成功
/pub/data/jiafq/iscas/Parser_Comparison/../benchmarks/part12/non-incremental/QF_BV/sage/app12/bench_1685.smt2,0.6845,0,9,成功
/pub/data/jiafq/iscas/Parser_Comparison/../benchmarks/part12/non-incremental/QF_BV/sage/app12/bench_1686.smt2,0.747442,0,10,成功
/pub/data/jiafq/iscas/Parser_Comparison/../benchmarks/part12/non-incremental/QF_BV/sage/app12/bench_1687.smt2,2.00605,0,109,成功
/pub/data/jiafq/iscas/Parser_Comparison/../benchmarks/part12/non-incremental/QF_BV/sage/app12/bench_1688.smt2,1.99437,0,105,成功
/pub/data/jiafq/iscas/Parser_Comparison/../benchmarks/part12/non-incremental/QF_BV/sage/app12/bench_1689.smt2,1.93143,0,105,成功
/pub/data/jiafq/iscas/Parser_Comparison/../benchmarks/part12/non-incremental/QF_BV/sage/app12/bench_169.smt2,69.4015,1056,26887315,成功
/pub/data/jiafq/iscas/Parser_Comparison/../benchmarks/part12/non-incremental/QF_BV/sage/app12/bench_1690.smt2,1.71208,0,95,成功
/pub/data/jiafq/iscas/Parser_Comparison/../benchmarks/part12/non-incremental/QF_BV/sage/app12/bench_1691.smt2,1.71518,0,95,成功
/pub/data/jiafq/iscas/Parser_Comparison/../benchmarks/part12/non-incremental/QF_BV/sage/app12/bench_1692.smt2,93.1213,1584,26889075,成功
/pub/data/jiafq/iscas/Parser_Comparison/../benchmarks/part12/non-incremental/QF_BV/sage/app12/bench_1693.smt2,1.67561,0,79,成功
/pub/data/jiafq/iscas/Parser_Comparison/../benchmarks/part12/non-incremental/QF_BV/sage/app12/bench_1694.smt2,1.38855,0,58,成功
/pub/data/jiafq/iscas/Parser_Comparison/../benchmarks/part12/non-incremental/QF_BV/sage/app12/bench_1695.smt2,1.42574,0,58,成功
/pub/data/jiafq/iscas/Parser_Comparison/../benchmarks/part12/non-incremental/QF_BV/sage/app12/bench_1696.smt2,1.3032,0,43,成功
/pub/data/jiafq/iscas/Parser_Comparison/../benchmarks/part12/non-incremental/QF_BV/sage/app12/bench_1697.smt2,0.6845,0,9,成功
/pub/data/jiafq/iscas/Parser_Comparison/../benchmarks/part12/non-incremental/QF_BV/sage/app12/bench_1698.smt2,0.749826,0,10,成功
/pub/data/jiafq/iscas/Parser_Comparison/../benchmarks/part12/non-incremental/QF_BV/sage/app12/bench_1699.smt2,1.32847,0,40,成功
/pub/data/jiafq/iscas/Parser_Comparison/../benchmarks/part12/non-incremental/QF_BV/sage/app12/bench_17.smt2,4.09675,264,242,成功
/pub/data/jiafq/iscas/Parser_Comparison/../benchmarks/part12/non-incremental/QF_BV/sage/app12/bench_170.smt2,99.9856,1584,26889236,成功
/pub/data/jiafq/iscas/Parser_Comparison/../benchmarks/part12/non-incremental/QF_BV/sage/app12/bench_1700.smt2,0.976801,0,23,成功
/pub/data/jiafq/iscas/Parser_Comparison/../benchmarks/part12/non-incremental/QF_BV/sage/app12/bench_1701.smt2,2.09284,0,109,成功
/pub/data/jiafq/iscas/Parser_Comparison/../benchmarks/part12/non-incremental/QF_BV/sage/app12/bench_1702.smt2,2.04825,0,105,成功
/pub/data/jiafq/iscas/Parser_Comparison/../benchmarks/part12/non-incremental/QF_BV/sage/app12/bench_1703.smt2,2.31743,0,78,成功
/pub/data/jiafq/iscas/Parser_Comparison/../benchmarks/part12/non-incremental/QF_BV/sage/app12/bench_1704.smt2,1.99699,0,105,成功
/pub/data/jiafq/iscas/Parser_Comparison/../benchmarks/part12/non-incremental/QF_BV/sage/app12/bench_1705.smt2,1.78361,0,95,成功
/pub/data/jiafq/iscas/Parser_Comparison/../benchmarks/part12/non-incremental/QF_BV/sage/app12/bench_1706.smt2,1.79005,0,95,成功
/pub/data/jiafq/iscas/Parser_Comparison/../benchmarks/part12/non-incremental/QF_BV/sage/app12/bench_1707.smt2,1.69086,0,79,成功
/pub/data/jiafq/iscas/Parser_Comparison/../benchmarks/part12/non-incremental/QF_BV/sage/app12/bench_1708.smt2,1.42336,0,58,成功
/pub/data/jiafq/iscas/Parser_Comparison/../benchmarks/part12/non-incremental/QF_BV/sage/app12/bench_1709.smt2,1.42336,0,58,成功
/pub/data/jiafq/iscas/Parser_Comparison/../benchmarks/part12/non-incremental/QF_BV/sage/app12/bench_171.smt2,72.2148,1056,26887309,成功
/pub/data/jiafq/iscas/Parser_Comparison/../benchmarks/part12/non-incremental/QF_BV/sage/app12/bench_1710.smt2,1.30057,0,43,成功
/pub/data/jiafq/iscas/Parser_Comparison/../benchmarks/part12/non-incremental/QF_BV/sage/app12/bench_1711.smt2,0.690937,0,9,成功
/pub/data/jiafq/iscas/Parser_Comparison/../benchmarks/part12/non-incremental/QF_BV/sage/app12/bench_1712.smt2,0.75388,0,10,成功
/pub/data/jiafq/iscas/Parser_Comparison/../benchmarks/part12/non-incremental/QF_BV/sage/app12/bench_1713.smt2,0.704765,0,9,成功
/pub/data/jiafq/iscas/Parser_Comparison/../benchmarks/part12/non-incremental/QF_BV/sage/app12/bench_1714.smt2,2.26784,0,75,成功
/pub/data/jiafq/iscas/Parser_Comparison/../benchmarks/part12/non-incremental/QF_BV/sage/app12/bench_1715.smt2,1.34683,0,43,成功
/pub/data/jiafq/iscas/Parser_Comparison/../benchmarks/part12/non-incremental/QF_BV/sage/app12/bench_1716.smt2,1.33085,0,40,成功
/pub/data/jiafq/iscas/Parser_Comparison/../benchmarks/part12/non-incremental/QF_BV/sage/app12/bench_1717.smt2,0.966072,0,23,成功
/pub/data/jiafq/iscas/Parser_Comparison/../benchmarks/part12/non-incremental/QF_BV/sage/app12/bench_1718.smt2,2.1174,0,114,成功
/pub/data/jiafq/iscas/Parser_Comparison/../benchmarks/part12/non-incremental/QF_BV/sage/app12/bench_1719.smt2,2.04825,0,110,成功
/pub/data/jiafq/iscas/Parser_Comparison/../benchmarks/part12/non-incremental/QF_BV/sage/app12/bench_172.smt2,69.102,1056,26887309,成功
/pub/data/jiafq/iscas/Parser_Comparison/../benchmarks/part12/non-incremental/QF_BV/sage/app12/bench_1720.smt2,1.95169,0,110,成功
/pub/data/jiafq/iscas/Parser_Comparison/../benchmarks/part12/non-incremental/QF_BV/sage/app12/bench_1721.smt2,1.75285,0,100,成功
/pub/data/jiafq/iscas/Parser_Comparison/../benchmarks/part12/non-incremental/QF_BV/sage/app12/bench_1722.smt2,1.76144,0,100,成功
/pub/data/jiafq/iscas/Parser_Comparison/../benchmarks/part12/non-incremental/QF_BV/sage/app12/bench_1723.smt2,1.67322,0,84,成功
/pub/data/jiafq/iscas/Parser_Comparison/../benchmarks/part12/non-incremental/QF_BV/sage/app12/bench_1724.smt2,1.42837,0,63,成功
/pub/data/jiafq/iscas/Parser_Comparison/../benchmarks/part12/non-incremental/QF_BV/sage/app12/bench_1725.smt2,2.15483,0,72,成功
/pub/data/jiafq/iscas/Parser_Comparison/../benchmarks/part12/non-incremental/QF_BV/sage/app12/bench_1726.smt2,1.49632,0,63,成功
/pub/data/jiafq/iscas/Parser_Comparison/../benchmarks/part12/non-incremental/QF_BV/sage/app12/bench_1727.smt2,1.38116,0,48,成功
/pub/data/jiafq/iscas/Parser_Comparison/../benchmarks/part12/non-incremental/QF_BV/sage/app12/bench_1728.smt2,0.739336,0,11,成功
/pub/data/jiafq/iscas/Parser_Comparison/../benchmarks/part12/non-incremental/QF_BV/sage/app12/bench_1729.smt2,0.739336,0,10,成功
/pub/data/jiafq/iscas/Parser_Comparison/../benchmarks/part12/non-incremental/QF_BV/sage/app12/bench_173.smt2,1.15156,0,23,成功
/pub/data/jiafq/iscas/Parser_Comparison/../benchmarks/part12/non-incremental/QF_BV/sage/app12/bench_1730.smt2,0.684023,0,9,成功
/pub/data/jiafq/iscas/Parser_Comparison/../benchmarks/part12/non-incremental/QF_BV/sage/app12/bench_1731.smt2,0.677347,0,9,成功
/pub/data/jiafq/iscas/Parser_Comparison/../benchmarks/part12/non-incremental/QF_BV/sage/app12/bench_1732.smt2,0.990868,0,28,成功
/pub/data/jiafq/iscas/Parser_Comparison/../benchmarks/part12/non-incremental/QF_BV/sage/app12/bench_1733.smt2,0.928402,0,23,成功
/pub/data/jiafq/iscas/Parser_Comparison/../benchmarks/part12/non-incremental/QF_BV/sage/app12/bench_1734.smt2,2.25186,0,124,成功
/pub/data/jiafq/iscas/Parser_Comparison/../benchmarks/part12/non-incremental/QF_BV/sage/app12/bench_1735.smt2,2.19417,0,120,成功
/pub/data/jiafq/iscas/Parser_Comparison/../benchmarks/part12/non-incremental/QF_BV/sage/app12/bench_1736.smt2,2.01678,0,61,成功
/pub/data/jiafq/iscas/Parser_Comparison/../benchmarks/part12/non-incremental/QF_BV/sage/app12/bench_1737.smt2,2.16269,0,120,成功
/pub/data/jiafq/iscas/Parser_Comparison/../benchmarks/part12/non-incremental/QF_BV/sage/app12/bench_1738.smt2,1.95742,0,110,成功
/pub/data/jiafq/iscas/Parser_Comparison/../benchmarks/part12/non-incremental/QF_BV/sage/app12/bench_1739.smt2,1.96624,0,110,成功
/pub/data/jiafq/iscas/Parser_Comparison/../benchmarks/part12/non-incremental/QF_BV/sage/app12/bench_174.smt2,1.19209,0,23,成功
/pub/data/jiafq/iscas/Parser_Comparison/../benchmarks/part12/non-incremental/QF_BV/sage/app12/bench_1740.smt2,1.84441,0,94,成功
/pub/data/jiafq/iscas/Parser_Comparison/../benchmarks/part12/non-incremental/QF_BV/sage/app12/bench_1741.smt2,1.60742,0,73,成功
/pub/data/jiafq/iscas/Parser_Comparison/../benchmarks/part12/non-incremental/QF_BV/sage/app12/bench_1742.smt2,1.58811,0,73,成功
/pub/data/jiafq/iscas/Parser_Comparison/../benchmarks/part12/non-incremental/QF_BV/sage/app12/bench_1743.smt2,1.49417,0,58,成功
/pub/data/jiafq/iscas/Parser_Comparison/../benchmarks/part12/non-incremental/QF_BV/sage/app12/bench_1744.smt2,0.898838,0,21,成功
/pub/data/jiafq/iscas/Parser_Comparison/../benchmarks/part12/non-incremental/QF_BV/sage/app12/bench_1745.smt2,0.771761,0,10,成功
/pub/data/jiafq/iscas/Parser_Comparison/../benchmarks/part12/non-incremental/QF_BV/sage/app12/bench_1746.smt2,0.826597,0,16,成功
/pub/data/jiafq/iscas/Parser_Comparison/../benchmarks/part12/non-incremental/QF_BV/sage/app12/bench_1747.smt2,2.01344,0,61,成功
/pub/data/jiafq/iscas/Parser_Comparison/../benchmarks/part12/non-incremental/QF_BV/sage/app12/bench_1748.smt2,0.78249,0,11,成功
/pub/data/jiafq/iscas/Parser_Comparison/../benchmarks/part12/non-incremental/QF_BV/sage/app12/bench_1749.smt2,0.692129,0,9,成功
/pub/data/jiafq/iscas/Parser_Comparison/../benchmarks/part12/non-incremental/QF_BV/sage/app12/bench_175.smt2,71.5377,1056,26887309,成功
/pub/data/jiafq/iscas/Parser_Comparison/../benchmarks/part12/non-incremental/QF_BV/sage/app12/bench_1750.smt2,0.776529,0,11,成功
/pub/data/jiafq/iscas/Parser_Comparison/../benchmarks/part12/non-incremental/QF_BV/sage/app12/bench_1751.smt2,0.688314,0,9,成功
/pub/data/jiafq/iscas/Parser_Comparison/../benchmarks/part12/non-incremental/QF_BV/sage/app12/bench_1752.smt2,1.36399,0,48,成功
/pub/data/jiafq/iscas/Parser_Comparison/../benchmarks/part12/non-incremental/QF_BV/sage/app12/bench_1753.smt2,1.33729,0,43,成功
/pub/data/jiafq/iscas/Parser_Comparison/../benchmarks/part12/non-incremental/QF_BV/sage/app12/bench_1754.smt2,1.32394,0,40,成功
/pub/data/jiafq/iscas/Parser_Comparison/../benchmarks/part12/non-incremental/QF_BV/sage/app12/bench_1755.smt2,0.974655,0,23,成功
/pub/data/jiafq/iscas/Parser_Comparison/../benchmarks/part12/non-incremental/QF_BV/sage/app12/bench_1756.smt2,2.21276,0,119,成功
/pub/data/jiafq/iscas/Parser_Comparison/../benchmarks/part12/non-incremental/QF_BV/sage/app12/bench_1757.smt2,2.15411,0,115,成功
/pub/data/jiafq/iscas/Parser_Comparison/../benchmarks/part12/non-incremental/QF_BV/sage/app12/bench_1758.smt2,2.11263,0,61,成功
/pub/data/jiafq/iscas/Parser_Comparison/../benchmarks/part12/non-incremental/QF_BV/sage/app12/bench_1759.smt2,2.10643,0,115,成功
/pub/data/jiafq/iscas/Parser_Comparison/../benchmarks/part12/non-incremental/QF_BV/sage/app12/bench_176.smt2,71.965,1056,26887303,成功
/pub/data/jiafq/iscas/Parser_Comparison/../benchmarks/part12/non-incremental/QF_BV/sage/app12/bench_1760.smt2,1.89376,0,105,成功
/pub/data/jiafq/iscas/Parser_Comparison/../benchmarks/part12/non-incremental/QF_BV/sage/app12/bench_1761.smt2,1.91474,0,105,成功
/pub/data/jiafq/iscas/Parser_Comparison/../benchmarks/part12/non-incremental/QF_BV/sage/app12/bench_1762.smt2,1.78885,0,89,成功
/pub/data/jiafq/iscas/Parser_Comparison/../benchmarks/part12/non-incremental/QF_BV/sage/app12/bench_1763.smt2,1.54161,0,68,成功
/pub/data/jiafq/iscas/Parser_Comparison/../benchmarks/part12/non-incremental/QF_BV/sage/app12/bench_1764.smt2,1.57094,0,68,成功
/pub/data/jiafq/iscas/Parser_Comparison/../benchmarks/part12/non-incremental/QF_BV/sage/app12/bench_1765.smt2,1.43123,0,53,成功
/pub/data/jiafq/iscas/Parser_Comparison/../benchmarks/part12/non-incremental/QF_BV/sage/app12/bench_1766.smt2,0.823975,0,16,成功
/pub/data/jiafq/iscas/Parser_Comparison/../benchmarks/part12/non-incremental/QF_BV/sage/app12/bench_1767.smt2,0.761747,0,10,成功
/pub/data/jiafq/iscas/Parser_Comparison/../benchmarks/part12/non-incremental/QF_BV/sage/app12/bench_1768.smt2,0.761271,0,11,成功
/pub/data/jiafq/iscas/Parser_Comparison/../benchmarks/part12/non-incremental/QF_BV/sage/app12/bench_1769.smt2,1.97434,0,57,成功
/pub/data/jiafq/iscas/Parser_Comparison/../benchmarks/part12/non-incremental/QF_BV/sage/app12/bench_177.smt2,1.01161,0,17,成功
/pub/data/jiafq/iscas/Parser_Comparison/../benchmarks/part12/non-incremental/QF_BV/sage/app12/bench_1770.smt2,0.683546,0,9,成功
/pub/data/jiafq/iscas/Parser_Comparison/../benchmarks/part12/non-incremental/QF_BV/sage/app12/bench_1771.smt2,0.765562,0,11,成功
/pub/data/jiafq/iscas/Parser_Comparison/../benchmarks/part12/non-incremental/QF_BV/sage/app12/bench_1772.smt2,0.699043,0,9,成功
/pub/data/jiafq/iscas/Parser_Comparison/../benchmarks/part12/non-incremental/QF_BV/sage/app12/bench_1773.smt2,0.980139,0,28,成功
/pub/data/jiafq/iscas/Parser_Comparison/../benchmarks/part12/non-incremental/QF_BV/sage/app12/bench_1774.smt2,0.912189,0,23,成功
/pub/data/jiafq/iscas/Parser_Comparison/../benchmarks/part12/non-incremental/QF_BV/sage/app12/bench_1775.smt2,2.10714,0,119,成功
/pub/data/jiafq/iscas/Parser_Comparison/../benchmarks/part12/non-incremental/QF_BV/sage/app12/bench_1776.smt2,2.01535,0,115,成功
/pub/data/jiafq/iscas/Parser_Comparison/../benchmarks/part12/non-incremental/QF_BV/sage/app12/bench_1777.smt2,2.03586,0,115,成功
/pub/data/jiafq/iscas/Parser_Comparison/../benchmarks/part12/non-incremental/QF_BV/sage/app12/bench_1778.smt2,1.8301,0,105,成功
/pub/data/jiafq/iscas/Parser_Comparison/../benchmarks/part12/non-incremental/QF_BV/sage/app12/bench_1779.smt2,1.81651,0,105,成功
/pub/data/jiafq/iscas/Parser_Comparison/../benchmarks/part12/non-incremental/QF_BV/sage/app12/bench_178.smt2,0.967503,0,17,成功
/pub/data/jiafq/iscas/Parser_Comparison/../benchmarks/part12/non-incremental/QF_BV/sage/app12/bench_1780.smt2,96.0748,1584,26889282,成功
/pub/data/jiafq/iscas/Parser_Comparison/../benchmarks/part12/non-incremental/QF_BV/sage/app12/bench_1781.smt2,1.87612,0,54,成功
/pub/data/jiafq/iscas/Parser_Comparison/../benchmarks/part12/non-incremental/QF_BV/sage/app12/bench_1782.smt2,1.71399,0,89,成功
/pub/data/jiafq/iscas/Parser_Comparison/../benchmarks/part12/non-incremental/QF_BV/sage/app12/bench_1783.smt2,1.54495,0,68,成功
/pub/data/jiafq/iscas/Parser_Comparison/../benchmarks/part12/non-incremental/QF_BV/sage/app12/bench_1784.smt2,1.51253,0,68,成功
/pub/data/jiafq/iscas/Parser_Comparison/../benchmarks/part12/non-incremental/QF_BV/sage/app12/bench_1785.smt2,1.36495,0,53,成功
/pub/data/jiafq/iscas/Parser_Comparison/../benchmarks/part12/non-incremental/QF_BV/sage/app12/bench_1786.smt2,0.810146,0,16,成功
/pub/data/jiafq/iscas/Parser_Comparison/../benchmarks/part12/non-incremental/QF_BV/sage/app12/bench_1787.smt2,0.733137,0,10,成功
/pub/data/jiafq/iscas/Parser_Comparison/../benchmarks/part12/non-incremental/QF_BV/sage/app12/bench_1788.smt2,0.738621,0,11,成功
/pub/data/jiafq/iscas/Parser_Comparison/../benchmarks/part12/non-incremental/QF_BV/sage/app12/bench_1789.smt2,0.661612,0,9,成功
/pub/data/jiafq/iscas/Parser_Comparison/../benchmarks/part12/non-incremental/QF_BV/sage/app12/bench_179.smt2,69.1249,1056,26887303,成功
/pub/data/jiafq/iscas/Parser_Comparison/../benchmarks/part12/non-incremental/QF_BV/sage/app12/bench_1790.smt2,0.757933,0,11,成功
/pub/data/jiafq/iscas/Parser_Comparison/../benchmarks/part12/non-incremental/QF_BV/sage/app12/bench_1791.smt2,0.66328,0,9,成功
/pub/data/jiafq/iscas/Parser_Comparison/../benchmarks/part12/non-incremental/QF_BV/sage/app12/bench_1792.smt2,97.3413,1584,26889073,成功
/pub/data/jiafq/iscas/Parser_Comparison/../benchmarks/part12/non-incremental/QF_BV/sage/app12/bench_1793.smt2,0.959635,0,28,成功
/pub/data/jiafq/iscas/Parser_Comparison/../benchmarks/part12/non-incremental/QF_BV/sage/app12/bench_1794.smt2,0.922918,0,23,成功
/pub/data/jiafq/iscas/Parser_Comparison/../benchmarks/part12/non-incremental/QF_BV/sage/app12/bench_1795.smt2,0.681639,0,9,成功
/pub/data/jiafq/iscas/Parser_Comparison/../benchmarks/part12/non-incremental/QF_BV/sage/app12/bench_1796.smt2,0.692368,0,9,成功
/pub/data/jiafq/iscas/Parser_Comparison/../benchmarks/part12/non-incremental/QF_BV/sage/app12/bench_1797.smt2,0.650883,0,9,成功
/pub/data/jiafq/iscas/Parser_Comparison/../benchmarks/part12/non-incremental/QF_BV/sage/app12/bench_1798.smt2,0.688553,0,9,成功
/pub/data/jiafq/iscas/Parser_Comparison/../benchmarks/part12/non-incremental/QF_BV/sage/app12/bench_1799.smt2,0.699282,0,9,成功
/pub/data/jiafq/iscas/Parser_Comparison/../benchmarks/part12/non-incremental/QF_BV/sage/app12/bench_18.smt2,1.92475,0,52,成功
/pub/data/jiafq/iscas/Parser_Comparison/../benchmarks/part12/non-incremental/QF_BV/sage/app12/bench_180.smt2,0.683308,0,9,成功
/pub/data/jiafq/iscas/Parser_Comparison/../benchmarks/part12/non-incremental/QF_BV/sage/app12/bench_1800.smt2,0.6845,0,9,成功
/pub/data/jiafq/iscas/Parser_Comparison/../benchmarks/part12/non-incremental/QF_BV/sage/app12/bench_1801.smt2,0.666857,0,9,成功
/pub/data/jiafq/iscas/Parser_Comparison/../benchmarks/part12/non-incremental/QF_BV/sage/app12/bench_1802.smt2,0.663519,0,9,成功
/pub/data/jiafq/iscas/Parser_Comparison/../benchmarks/part12/non-incremental/QF_BV/sage/app12/bench_1803.smt2,95.6864,1584,26889060,成功
/pub/data/jiafq/iscas/Parser_Comparison/../benchmarks/part12/non-incremental/QF_BV/sage/app12/bench_1804.smt2,0.685215,0,9,成功
/pub/data/jiafq/iscas/Parser_Comparison/../benchmarks/part12/non-incremental/QF_BV/sage/app12/bench_1805.smt2,0.655174,0,9,成功
/pub/data/jiafq/iscas/Parser_Comparison/../benchmarks/part12/non-incremental/QF_BV/sage/app12/bench_1806.smt2,0.736237,0,10,成功
/pub/data/jiafq/iscas/Parser_Comparison/../benchmarks/part12/non-incremental/QF_BV/sage/app12/bench_1807.smt2,0.934362,0,25,成功
/pub/data/jiafq/iscas/Parser_Comparison/../benchmarks/part12/non-incremental/QF_BV/sage/app12/bench_1808.smt2,0.967503,0,25,成功
/pub/data/jiafq/iscas/Parser_Comparison/../benchmarks/part12/non-incremental/QF_BV/sage/app12/bench_1809.smt2,0.913382,0,25,成功
/pub/data/jiafq/iscas/Parser_Comparison/../benchmarks/part12/non-incremental/QF_BV/sage/app12/bench_181.smt2,97.8479,1584,26889230,成功
/pub/data/jiafq/iscas/Parser_Comparison/../benchmarks/part12/non-incremental/QF_BV/sage/app12/bench_1810.smt2,0.937223,0,25,成功
/pub/data/jiafq/iscas/Parser_Comparison/../benchmarks/part12/non-incremental/QF_BV/sage/app12/bench_1811.smt2,0.964403,0,25,成功
/pub/data/jiafq/iscas/Parser_Comparison/../benchmarks/part12/non-incremental/QF_BV/sage/app12/bench_1812.smt2,1.14703,0,29,成功
/pub/data/jiafq/iscas/Parser_Comparison/../benchmarks/part12/non-incremental/QF_BV/sage/app12/bench_1813.smt2,1.04237,0,25,成功
/pub/data/jiafq/iscas/Parser_Comparison/../benchmarks/part12/non-incremental/QF_BV/sage/app12/bench_1814.smt2,3.84402,264,185,成功
/pub/data/jiafq/iscas/Parser_Comparison/../benchmarks/part12/non-incremental/QF_BV/sage/app12/bench_1815.smt2,1.04141,0,25,成功
/pub/data/jiafq/iscas/Parser_Comparison/../benchmarks/part12/non-incremental/QF_BV/sage/app12/bench_1816.smt2,1.04523,0,25,成功
/pub/data/jiafq/iscas/Parser_Comparison/../benchmarks/part12/non-incremental/QF_BV/sage/app12/bench_1817.smt2,1.08886,0,25,成功
/pub/data/jiafq/iscas/Parser_Comparison/../benchmarks/part12/non-incremental/QF_BV/sage/app12/bench_1818.smt2,1.04523,0,25,成功
/pub/data/jiafq/iscas/Parser_Comparison/../benchmarks/part12/non-incremental/QF_BV/sage/app12/bench_1819.smt2,1.06144,0,25,成功
/pub/data/jiafq/iscas/Parser_Comparison/../benchmarks/part12/non-incremental/QF_BV/sage/app12/bench_182.smt2,0.655413,0,9,成功
/pub/data/jiafq/iscas/Parser_Comparison/../benchmarks/part12/non-incremental/QF_BV/sage/app12/bench_1820.smt2,1.09148,0,29,成功
/pub/data/jiafq/iscas/Parser_Comparison/../benchmarks/part12/non-incremental/QF_BV/sage/app12/bench_1821.smt2,1.04189,0,25,成功
/pub/data/jiafq/iscas/Parser_Comparison/../benchmarks/part12/non-incremental/QF_BV/sage/app12/bench_1822.smt2,1.04809,0,25,成功
/pub/data/jiafq/iscas/Parser_Comparison/../benchmarks/part12/non-incremental/QF_BV/sage/app12/bench_1823.smt2,1.0798,0,25,成功
/pub/data/jiafq/iscas/Parser_Comparison/../benchmarks/part12/non-incremental/QF_BV/sage/app12/bench_1824.smt2,1.09148,0,29,成功
/pub/data/jiafq/iscas/Parser_Comparison/../benchmarks/part12/non-incremental/QF_BV/sage/app12/bench_1825.smt2,3.82519,264,185,成功
/pub/data/jiafq/iscas/Parser_Comparison/../benchmarks/part12/non-incremental/QF_BV/sage/app12/bench_1826.smt2,1.14155,0,30,成功
/pub/data/jiafq/iscas/Parser_Comparison/../benchmarks/part12/non-incremental/QF_BV/sage/app12/bench_1827.smt2,1.07574,0,30,成功
/pub/data/jiafq/iscas/Parser_Comparison/../benchmarks/part12/non-incremental/QF_BV/sage/app12/bench_1828.smt2,1.09458,0,30,成功
/pub/data/jiafq/iscas/Parser_Comparison/../benchmarks/part12/non-incremental/QF_BV/sage/app12/bench_1829.smt2,1.47033,0,62,成功
/pub/data/jiafq/iscas/Parser_Comparison/../benchmarks/part12/non-incremental/QF_BV/sage/app12/bench_183.smt2,70.7092,1056,26887303,成功
/pub/data/jiafq/iscas/Parser_Comparison/../benchmarks/part12/non-incremental/QF_BV/sage/app12/bench_1830.smt2,0.812292,0,16,成功
/pub/data/jiafq/iscas/Parser_Comparison/../benchmarks/part12/non-incremental/QF_BV/sage/app12/bench_1831.smt2,0.805616,0,16,成功
/pub/data/jiafq/iscas/Parser_Comparison/../benchmarks/part12/non-incremental/QF_BV/sage/app12/bench_1832.smt2,0.812531,0,16,成功
/pub/data/jiafq/iscas/Parser_Comparison/../benchmarks/part12/non-incremental/QF_BV/sage/app12/bench_1833.smt2,1.38998,0,48,成功
/pub/data/jiafq/iscas/Parser_Comparison/../benchmarks/part12/non-incremental/QF_BV/sage/app12/bench_1834.smt2,1.32966,0,45,成功
/pub/data/jiafq/iscas/Parser_Comparison/../benchmarks/part12/non-incremental/QF_BV/sage/app12/bench_1835.smt2,2.24423,0,128,成功
/pub/data/jiafq/iscas/Parser_Comparison/../benchmarks/part12/non-incremental/QF_BV/sage/app12/bench_1836.smt2,1.83725,0,52,成功
/pub/data/jiafq/iscas/Parser_Comparison/../benchmarks/part12/non-incremental/QF_BV/sage/app12/bench_1837.smt2,2.15149,0,124,成功
/pub/data/jiafq/iscas/Parser_Comparison/../benchmarks/part12/non-incremental/QF_BV/sage/app12/bench_1838.smt2,2.25973,0,124,成功
/pub/data/jiafq/iscas/Parser_Comparison/../benchmarks/part12/non-incremental/QF_BV/sage/app12/bench_1839.smt2,1.93024,0,114,成功
/pub/data/jiafq/iscas/Parser_Comparison/../benchmarks/part12/non-incremental/QF_BV/sage/app12/bench_184.smt2,69.2101,1056,26887299,成功
/pub/data/jiafq/iscas/Parser_Comparison/../benchmarks/part12/non-incremental/QF_BV/sage/app12/bench_1840.smt2,1.97673,0,114,成功
/pub/data/jiafq/iscas/Parser_Comparison/../benchmarks/part12/non-incremental/QF_BV/sage/app12/bench_1841.smt2,1.86849,0,98,成功
/pub/data/jiafq/iscas/Parser_Comparison/../benchmarks/part12/non-incremental/QF_BV/sage/app12/bench_1842.smt2,1.64104,0,77,成功
/pub/data/jiafq/iscas/Parser_Comparison/../benchmarks/part12/non-incremental/QF_BV/sage/app12/bench_1843.smt2,1.66464,0,77,成功
/pub/data/jiafq/iscas/Parser_Comparison/../benchmarks/part12/non-incremental/QF_BV/sage/app12/bench_1844.smt2,1.59216,0,62,成功
/pub/data/jiafq/iscas/Parser_Comparison/../benchmarks/part12/non-incremental/QF_BV/sage/app12/bench_1845.smt2,0.938892,0,25,成功
/pub/data/jiafq/iscas/Parser_Comparison/../benchmarks/part12/non-incremental/QF_BV/sage/app12/bench_1846.smt2,0.874758,0,20,成功
/pub/data/jiafq/iscas/Parser_Comparison/../benchmarks/part12/non-incremental/QF_BV/sage/app12/bench_1847.smt2,1.82271,0,48,成功
/pub/data/jiafq/iscas/Parser_Comparison/../benchmarks/part12/non-incremental/QF_BV/sage/app12/bench_1848.smt2,0.808954,0,15,成功
/pub/data/jiafq/iscas/Parser_Comparison/../benchmarks/part12/non-incremental/QF_BV/sage/app12/bench_1849.smt2,0.877857,0,20,成功
/pub/data/jiafq/iscas/Parser_Comparison/../benchmarks/part12/non-incremental/QF_BV/sage/app12/bench_185.smt2,70.389,1056,26887316,成功
/pub/data/jiafq/iscas/Parser_Comparison/../benchmarks/part12/non-incremental/QF_BV/sage/app12/bench_1850.smt2,0.831366,0,15,成功
/pub/data/jiafq/iscas/Parser_Comparison/../benchmarks/part12/non-incremental/QF_BV/sage/app12/bench_1851.smt2,1.11485,0,37,成功
/pub/data/jiafq/iscas/Parser_Comparison/../benchmarks/part12/non-incremental/QF_BV/sage/app12/bench_1852.smt2,1.06096,0,32,成功
/pub/data/jiafq/iscas/Parser_Comparison/../benchmarks/part12/non-incremental/QF_BV/sage/app12/bench_1853.smt2,1.59454,0,53,成功
/pub/data/jiafq/iscas/Parser_Comparison/../benchmarks/part12/non-incremental/QF_BV/sage/app12/bench_1854.smt2,1.66106,0,53,成功
/pub/data/jiafq/iscas/Parser_Comparison/../benchmarks/part12/non-incremental/QF_BV/sage/app12/bench_1855.smt2,1.56879,0,49,成功
/pub/data/jiafq/iscas/Parser_Comparison/../benchmarks/part12/non-incremental/QF_BV/sage/app12/bench_1856.smt2,1.5564,0,49,成功
/pub/data/jiafq/iscas/Parser_Comparison/../benchmarks/part12/non-incremental/QF_BV/sage/app12/bench_1857.smt2,1.22309,0,32,成功
/pub/data/jiafq/iscas/Parser_Comparison/../benchmarks/part12/non-incremental/QF_BV/sage/app12/bench_1858.smt2,1.74642,0,44,成功
/pub/data/jiafq/iscas/Parser_Comparison/../benchmarks/part12/non-incremental/QF_BV/sage/app12/bench_1859.smt2,1.20807,0,32,成功
/pub/data/jiafq/iscas/Parser_Comparison/../benchmarks/part12/non-incremental/QF_BV/sage/app12/bench_186.smt2,70.2837,1056,26887316,成功
/pub/data/jiafq/iscas/Parser_Comparison/../benchmarks/part12/non-incremental/QF_BV/sage/app12/bench_1860.smt2,0.97847,0,27,成功
/pub/data/jiafq/iscas/Parser_Comparison/../benchmarks/part12/non-incremental/QF_BV/sage/app12/bench_1861.smt2,0.740051,0,10,成功
/pub/data/jiafq/iscas/Parser_Comparison/../benchmarks/part12/non-incremental/QF_BV/sage/app12/bench_1862.smt2,0.745296,0,10,成功
/pub/data/jiafq/iscas/Parser_Comparison/../benchmarks/part12/non-incremental/QF_BV/sage/app12/bench_1863.smt2,0.768423,0,14,成功
/pub/data/jiafq/iscas/Parser_Comparison/../benchmarks/part12/non-incremental/QF_BV/sage/app12/bench_1864.smt2,0.73123,0,10,成功
/pub/data/jiafq/iscas/Parser_Comparison/../benchmarks/part12/non-incremental/QF_BV/sage/app12/bench_1865.smt2,0.729799,0,10,成功
/pub/data/jiafq/iscas/Parser_Comparison/../benchmarks/part12/non-incremental/QF_BV/sage/app12/bench_1866.smt2,0.7658,0,10,成功
/pub/data/jiafq/iscas/Parser_Comparison/../benchmarks/part12/non-incremental/QF_BV/sage/app12/bench_1867.smt2,0.73123,0,10,成功
/pub/data/jiafq/iscas/Parser_Comparison/../benchmarks/part12/non-incremental/QF_BV/sage/app12/bench_1868.smt2,0.729322,0,10,成功
/pub/data/jiafq/iscas/Parser_Comparison/../benchmarks/part12/non-incremental/QF_BV/sage/app12/bench_1869.smt2,1.34563,0,31,成功
/pub/data/jiafq/iscas/Parser_Comparison/../benchmarks/part12/non-incremental/QF_BV/sage/app12/bench_187.smt2,68.2631,1056,26887300,成功
/pub/data/jiafq/iscas/Parser_Comparison/../benchmarks/part12/non-incremental/QF_BV/sage/app12/bench_1870.smt2,0.750542,0,10,成功
/pub/data/jiafq/iscas/Parser_Comparison/../benchmarks/part12/non-incremental/QF_BV/sage/app12/bench_1871.smt2,0.738621,0,10,成功
/pub/data/jiafq/iscas/Parser_Comparison/../benchmarks/part12/non-incremental/QF_BV/sage/app12/bench_1872.smt2,2.16627,0,124,成功
/pub/data/jiafq/iscas/Parser_Comparison/../benchmarks/part12/non-incremental/QF_BV/sage/app12/bench_1873.smt2,2.11072,0,120,成功
/pub/data/jiafq/iscas/Parser_Comparison/../benchmarks/part12/non-incremental/QF_BV/sage/app12/bench_1874.smt2,2.1193,0,120,成功
/pub/data/jiafq/iscas/Parser_Comparison/../benchmarks/part12/non-incremental/QF_BV/sage/app12/bench_1875.smt2,1.90854,0,110,成功
/pub/data/jiafq/iscas/Parser_Comparison/../benchmarks/part12/non-incremental/QF_BV/sage/app12/bench_1876.smt2,1.90973,0,110,成功
/pub/data/jiafq/iscas/Parser_Comparison/../benchmarks/part12/non-incremental/QF_BV/sage/app12/bench_1877.smt2,1.827,0,94,成功
/pub/data/jiafq/iscas/Parser_Comparison/../benchmarks/part12/non-incremental/QF_BV/sage/app12/bench_1878.smt2,1.54257,0,73,成功
/pub/data/jiafq/iscas/Parser_Comparison/../benchmarks/part12/non-incremental/QF_BV/sage/app12/bench_1879.smt2,1.55616,0,73,成功
/pub/data/jiafq/iscas/Parser_Comparison/../benchmarks/part12/non-incremental/QF_BV/sage/app12/bench_188.smt2,69.546,1056,26887300,成功
/pub/data/jiafq/iscas/Parser_Comparison/../benchmarks/part12/non-incremental/QF_BV/sage/app12/bench_1880.smt2,1.63627,0,47,成功
/pub/data/jiafq/iscas/Parser_Comparison/../benchmarks/part12/non-incremental/QF_BV/sage/app12/bench_1881.smt2,1.50633,0,58,成功
/pub/data/jiafq/iscas/Parser_Comparison/../benchmarks/part12/non-incremental/QF_BV/sage/app12/bench_1882.smt2,0.906229,0,21,成功
/pub/data/jiafq/iscas/Parser_Comparison/../benchmarks/part12/non-incremental/QF_BV/sage/app12/bench_1883.smt2,0.853777,0,16,成功
/pub/data/jiafq/iscas/Parser_Comparison/../benchmarks/part12/non-incremental/QF_BV/sage/app12/bench_1884.smt2,0.783205,0,11,成功
/pub/data/jiafq/iscas/Parser_Comparison/../benchmarks/part12/non-incremental/QF_BV/sage/app12/bench_1885.smt2,0.825405,0,16,成功
/pub/data/jiafq/iscas/Parser_Comparison/../benchmarks/part12/non-incremental/QF_BV/sage/app12/bench_1886.smt2,0.746489,0,11,成功
/pub/data/jiafq/iscas/Parser_Comparison/../benchmarks/part12/non-incremental/QF_BV/sage/app12/bench_1887.smt2,1.34659,0,48,成功
/pub/data/jiafq/iscas/Parser_Comparison/../benchmarks/part12/non-incremental/QF_BV/sage/app12/bench_1888.smt2,1.30439,0,43,成功
/pub/data/jiafq/iscas/Parser_Comparison/../benchmarks/part12/non-incremental/QF_BV/sage/app12/bench_1889.smt2,1.27411,0,40,成功
/pub/data/jiafq/iscas/Parser_Comparison/../benchmarks/part12/non-incremental/QF_BV/sage/app12/bench_189.smt2,69.5174,1056,26887295,成功
/pub/data/jiafq/iscas/Parser_Comparison/../benchmarks/part12/non-incremental/QF_BV/sage/app12/bench_1890.smt2,1.25694,0,39,成功
/pub/data/jiafq/iscas/Parser_Comparison/../benchmarks/part12/non-incremental/QF_BV/sage/app12/bench_1891.smt2,5.27191,264,311,成功
/pub/data/jiafq/iscas/Parser_Comparison/../benchmarks/part12/non-incremental/QF_BV/sage/app12/bench_1892.smt2,0.978231,0,16,成功
/pub/data/jiafq/iscas/Parser_Comparison/../benchmarks/part12/non-incremental/QF_BV/sage/app12/bench_1893.smt2,1.25074,0,39,成功
/pub/data/jiafq/iscas/Parser_Comparison/../benchmarks/part12/non-incremental/QF_BV/sage/app12/bench_1894.smt2,1.40619,0,41,成功
/pub/data/jiafq/iscas/Parser_Comparison/../benchmarks/part12/non-incremental/QF_BV/sage/app12/bench_1895.smt2,1.4143,0,41,成功
/pub/data/jiafq/iscas/Parser_Comparison/../benchmarks/part12/non-incremental/QF_BV/sage/app12/bench_1896.smt2,1.52135,0,45,成功
/pub/data/jiafq/iscas/Parser_Comparison/../benchmarks/part12/non-incremental/QF_BV/sage/app12/bench_1897.smt2,1.47414,0,45,成功
/pub/data/jiafq/iscas/Parser_Comparison/../benchmarks/part12/non-incremental/QF_BV/sage/app12/bench_1898.smt2,1.42074,0,41,成功
/pub/data/jiafq/iscas/Parser_Comparison/../benchmarks/part12/non-incremental/QF_BV/sage/app12/bench_1899.smt2,1.42312,0,41,成功
/pub/data/jiafq/iscas/Parser_Comparison/../benchmarks/part12/non-incremental/QF_BV/sage/app12/bench_19.smt2,1.75214,0,48,成功
/pub/data/jiafq/iscas/Parser_Comparison/../benchmarks/part12/non-incremental/QF_BV/sage/app12/bench_190.smt2,68.8384,1056,26887291,成功
/pub/data/jiafq/iscas/Parser_Comparison/../benchmarks/part12/non-incremental/QF_BV/sage/app12/bench_1900.smt2,1.42574,0,41,成功
/pub/data/jiafq/iscas/Parser_Comparison/../benchmarks/part12/non-incremental/QF_BV/sage/app12/bench_1901.smt2,1.43147,0,41,成功
/pub/data/jiafq/iscas/Parser_Comparison/../benchmarks/part12/non-incremental/QF_BV/sage/app12/bench_1902.smt2,1.41335,0,41,成功
/pub/data/jiafq/iscas/Parser_Comparison/../benchmarks/part12/non-incremental/QF_BV/sage/app12/bench_1903.smt2,91.9318,1320,26889012,成功
/pub/data/jiafq/iscas/Parser_Comparison/../benchmarks/part12/non-incremental/QF_BV/sage/app12/bench_1904.smt2,1.44029,0,41,成功
/pub/data/jiafq/iscas/Parser_Comparison/../benchmarks/part12/non-incremental/QF_BV/sage/app12/bench_1905.smt2,1.63507,0,69,成功
/pub/data/jiafq/iscas/Parser_Comparison/../benchmarks/part12/non-incremental/QF_BV/sage/app12/bench_1906.smt2,1.67298,0,69,成功
/pub/data/jiafq/iscas/Parser_Comparison/../benchmarks/part12/non-incremental/QF_BV/sage/app12/bench_1907.smt2,2.74205,0,175,成功
/pub/data/jiafq/iscas/Parser_Comparison/../benchmarks/part12/non-incremental/QF_BV/sage/app12/bench_1908.smt2,2.85244,0,175,成功
/pub/data/jiafq/iscas/Parser_Comparison/../benchmarks/part12/non-incremental/QF_BV/sage/app12/bench_1909.smt2,1.69921,0,73,成功
/pub/data/jiafq/iscas/Parser_Comparison/../benchmarks/part12/non-incremental/QF_BV/sage/app12/bench_191.smt2,69.3164,1056,26887288,成功
/pub/data/jiafq/iscas/Parser_Comparison/../benchmarks/part12/non-incremental/QF_BV/sage/app12/bench_1910.smt2,1.76096,0,73,成功
/pub/data/jiafq/iscas/Parser_Comparison/../benchmarks/part12/non-incremental/QF_BV/sage/app12/bench_1911.smt2,1.64437,0,69,成功
/pub/data/jiafq/iscas/Parser_Comparison/../benchmarks/part12/non-incremental/QF_BV/sage/app12/bench_1912.smt2,1.71256,0,69,成功
/pub/data/jiafq/iscas/Parser_Comparison/../benchmarks/part12/non-incremental/QF_BV/sage/app12/bench_1913.smt2,1.31273,0,42,成功
/pub/data/jiafq/iscas/Parser_Comparison/../benchmarks/part12/non-incremental/QF_BV/sage/app12/bench_1914.smt2,93.4336,1584,26889012,成功
/pub/data/jiafq/iscas/Parser_Comparison/../benchmarks/part12/non-incremental/QF_BV/sage/app12/bench_1915.smt2,1.33228,0,42,成功
/pub/data/jiafq/iscas/Parser_Comparison/../benchmarks/part12/non-incremental/QF_BV/sage/app12/bench_1916.smt2,0.962496,0,20,成功
/pub/data/jiafq/iscas/Parser_Comparison/../benchmarks/part12/non-incremental/QF_BV/sage/app12/bench_1917.smt2,0.95892,0,20,成功
/pub/data/jiafq/iscas/Parser_Comparison/../benchmarks/part12/non-incremental/QF_BV/sage/app12/bench_1918.smt2,0.992775,0,20,成功
/pub/data/jiafq/iscas/Parser_Comparison/../benchmarks/part12/non-incremental/QF_BV/sage/app12/bench_1919.smt2,2.15173,0,126,成功
/pub/data/jiafq/iscas/Parser_Comparison/../benchmarks/part12/non-incremental/QF_BV/sage/app12/bench_192.smt2,97.405,1584,26889230,成功
/pub/data/jiafq/iscas/Parser_Comparison/../benchmarks/part12/non-incremental/QF_BV/sage/app12/bench_1920.smt2,1.01662,0,24,成功
/pub/data/jiafq/iscas/Parser_Comparison/../benchmarks/part12/non-incremental/QF_BV/sage/app12/bench_1921.smt2,0.961542,0,20,成功
/pub/data/jiafq/iscas/Parser_Comparison/../benchmarks/part12/non-incremental/QF_BV/sage/app12/bench_1922.smt2,0.976562,0,20,成功
/pub/data/jiafq/iscas/Parser_Comparison/../benchmarks/part12/non-incremental/QF_BV/sage/app12/bench_1923.smt2,0.96488,0,20,成功
/pub/data/jiafq/iscas/Parser_Comparison/../benchmarks/part12/non-incremental/QF_BV/sage/app12/bench_1924.smt2,1.02496,0,24,成功
/pub/data/jiafq/iscas/Parser_Comparison/../benchmarks/part12/non-incremental/QF_BV/sage/app12/bench_1925.smt2,1.15228,0,24,成功
/pub/data/jiafq/iscas/Parser_Comparison/../benchmarks/part12/non-incremental/QF_BV/sage/app12/bench_1926.smt2,0.913382,0,23,成功
/pub/data/jiafq/iscas/Parser_Comparison/../benchmarks/part12/non-incremental/QF_BV/sage/app12/bench_1927.smt2,0.650883,0,9,成功
/pub/data/jiafq/iscas/Parser_Comparison/../benchmarks/part12/non-incremental/QF_BV/sage/app12/bench_1928.smt2,0.639915,0,9,成功
/pub/data/jiafq/iscas/Parser_Comparison/../benchmarks/part12/non-incremental/QF_BV/sage/app12/bench_1929.smt2,0.717163,0,10,成功
/pub/data/jiafq/iscas/Parser_Comparison/../benchmarks/part12/non-incremental/QF_BV/sage/app12/bench_193.smt2,69.3567,1056,26887285,成功
/pub/data/jiafq/iscas/Parser_Comparison/../benchmarks/part12/non-incremental/QF_BV/sage/app12/bench_1930.smt2,0.657558,0,9,成功
/pub/data/jiafq/iscas/Parser_Comparison/../benchmarks/part12/non-incremental/QF_BV/sage/app12/bench_1931.smt2,0.656843,0,9,成功
/pub/data/jiafq/iscas/Parser_Comparison/../benchmarks/part12/non-incremental/QF_BV/sage/app12/bench_1932.smt2,0.653505,0,9,成功
/pub/data/jiafq/iscas/Parser_Comparison/../benchmarks/part12/non-incremental/QF_BV/sage/app12/bench_1933.smt2,0.64826,0,9,成功
/pub/data/jiafq/iscas/Parser_Comparison/../benchmarks/part12/non-incremental/QF_BV/sage/app12/bench_1934.smt2,0.659704,0,9,成功
/pub/data/jiafq/iscas/Parser_Comparison/../benchmarks/part12/non-incremental/QF_BV/sage/app12/bench_1935.smt2,0.663042,0,9,成功
/pub/data/jiafq/iscas/Parser_Comparison/../benchmarks/part12/non-incremental/QF_BV/sage/app12/bench_1936.smt2,1.15395,0,24,成功
/pub/data/jiafq/iscas/Parser_Comparison/../benchmarks/part12/non-incremental/QF_BV/sage/app12/bench_1937.smt2,0.688553,0,9,成功
/pub/data/jiafq/iscas/Parser_Comparison/../benchmarks/part12/non-incremental/QF_BV/sage/app12/bench_1938.smt2,0.672579,0,9,成功
/pub/data/jiafq/iscas/Parser_Comparison/../benchmarks/part12/non-incremental/QF_BV/sage/app12/bench_1939.smt2,0.647545,0,9,成功
/pub/data/jiafq/iscas/Parser_Comparison/../benchmarks/part12/non-incremental/QF_BV/sage/app12/bench_194.smt2,67.7385,1056,26887282,成功
/pub/data/jiafq/iscas/Parser_Comparison/../benchmarks/part12/non-incremental/QF_BV/sage/app12/bench_1940.smt2,0.669241,0,9,成功
/pub/data/jiafq/iscas/Parser_Comparison/../benchmarks/part12/non-incremental/QF_BV/sage/app12/bench_1941.smt2,0.67687,0,9,成功
/pub/data/jiafq/iscas/Parser_Comparison/../benchmarks/part12/non-incremental/QF_BV/sage/app12/bench_1942.smt2,0.682592,0,9,成功
/pub/data/jiafq/iscas/Parser_Comparison/../benchmarks/part12/non-incremental/QF_BV/sage/app12/bench_1943.smt2,0.658512,0,9,成功
/pub/data/jiafq/iscas/Parser_Comparison/../benchmarks/part12/non-incremental/QF_BV/sage/app12/bench_1944.smt2,0.77486,0,10,成功
/pub/data/jiafq/iscas/Parser_Comparison/../benchmarks/part12/non-incremental/QF_BV/sage/app12/bench_1945.smt2,1.25456,0,39,成功
/pub/data/jiafq/iscas/Parser_Comparison/../benchmarks/part12/non-incremental/QF_BV/sage/app12/bench_1946.smt2,1.23286,0,39,成功
/pub/data/jiafq/iscas/Parser_Comparison/../benchmarks/part12/non-incremental/QF_BV/sage/app12/bench_1947.smt2,2.53654,0,133,成功
/pub/data/jiafq/iscas/Parser_Comparison/../benchmarks/part12/non-incremental/QF_BV/sage/app12/bench_1948.smt2,1.20878,0,39,成功
/pub/data/jiafq/iscas/Parser_Comparison/../benchmarks/part12/non-incremental/QF_BV/sage/app12/bench_1949.smt2,1.22166,0,39,成功
/pub/data/jiafq/iscas/Parser_Comparison/../benchmarks/part12/non-incremental/QF_BV/sage/app12/bench_195.smt2,77.5983,1056,26887282,成功
/pub/data/jiafq/iscas/Parser_Comparison/../benchmarks/part12/non-incremental/QF_BV/sage/app12/bench_1950.smt2,1.5049,0,62,成功
/pub/data/jiafq/iscas/Parser_Comparison/../benchmarks/part12/non-incremental/QF_BV/sage/app12/bench_1951.smt2,1.19543,0,43,成功
/pub/data/jiafq/iscas/Parser_Comparison/../benchmarks/part12/non-incremental/QF_BV/sage/app12/bench_1952.smt2,2.01082,0,120,成功
/pub/data/jiafq/iscas/Parser_Comparison/../benchmarks/part12/non-incremental/QF_BV/sage/app12/bench_1953.smt2,1.38903,0,52,成功
/pub/data/jiafq/iscas/Parser_Comparison/../benchmarks/part12/non-incremental/QF_BV/sage/app12/bench_1954.smt2,1.34182,0,52,成功
/pub/data/jiafq/iscas/Parser_Comparison/../benchmarks/part12/non-incremental/QF_BV/sage/app12/bench_1955.smt2,1.30391,0,52,成功
/pub/data/jiafq/iscas/Parser_Comparison/../benchmarks/part12/non-incremental/QF_BV/sage/app12/bench_1956.smt2,1.51253,0,69,成功
/pub/data/jiafq/iscas/Parser_Comparison/../benchmarks/part12/non-incremental/QF_BV/sage/app12/bench_1957.smt2,1.40524,0,55,成功
/pub/data/jiafq/iscas/Parser_Comparison/../benchmarks/part12/non-incremental/QF_BV/sage/app12/bench_1958.smt2,0.682592,0,9,成功
/pub/data/jiafq/iscas/Parser_Comparison/../benchmarks/part12/non-incremental/QF_BV/sage/app12/bench_1959.smt2,1.21069,0,38,成功
/pub/data/jiafq/iscas/Parser_Comparison/../benchmarks/part12/non-incremental/QF_BV/sage/app12/bench_196.smt2,68.1601,1056,26887282,成功
/pub/data/jiafq/iscas/Parser_Comparison/../benchmarks/part12/non-incremental/QF_BV/sage/app12/bench_1960.smt2,1.18279,0,38,成功
/pub/data/jiafq/iscas/Parser_Comparison/../benchmarks/part12/non-incremental/QF_BV/sage/app12/bench_1961.smt2,1.1878,0,38,成功
/pub/data/jiafq/iscas/Parser_Comparison/../benchmarks/part12/non-incremental/QF_BV/sage/app12/bench_1962.smt2,1.93691,0,106,成功
/pub/data/jiafq/iscas/Parser_Comparison/../benchmarks/part12/non-incremental/QF_BV/sage/app12/bench_1963.smt2,1.04856,0,28,成功
/pub/data/jiafq/iscas/Parser_Comparison/../benchmarks/part12/non-incremental/QF_BV/sage/app12/bench_1964.smt2,1.12343,0,33,成功
/pub/data/jiafq/iscas/Parser_Comparison/../benchmarks/part12/non-incremental/QF_BV/sage/app12/bench_1965.smt2,1.12534,0,33,成功
/pub/data/jiafq/iscas/Parser_Comparison/../benchmarks/part12/non-incremental/QF_BV/sage/app12/bench_1966.smt2,1.11866,0,33,成功
/pub/data/jiafq/iscas/Parser_Comparison/../benchmarks/part12/non-incremental/QF_BV/sage/app12/bench_1967.smt2,1.11413,0,33,成功
/pub/data/jiafq/iscas/Parser_Comparison/../benchmarks/part12/non-incremental/QF_BV/sage/app12/bench_1968.smt2,1.41335,0,56,成功
/pub/data/jiafq/iscas/Parser_Comparison/../benchmarks/part12/non-incremental/QF_BV/sage/app12/bench_1969.smt2,1.16014,0,25,成功
/pub/data/jiafq/iscas/Parser_Comparison/../benchmarks/part12/non-incremental/QF_BV/sage/app12/bench_197.smt2,68.012,1056,26887274,成功
/pub/data/jiafq/iscas/Parser_Comparison/../benchmarks/part12/non-incremental/QF_BV/sage/app12/bench_1970.smt2,2.02799,0,94,成功
/pub/data/jiafq/iscas/Parser_Comparison/../benchmarks/part12/non-incremental/QF_BV/sage/app12/bench_1971.smt2,2.0678,0,94,成功
/pub/data/jiafq/iscas/Parser_Comparison/../benchmarks/part12/non-incremental/QF_BV/sage/app12/bench_1972.smt2,1.81794,0,77,成功
/pub/data/jiafq/iscas/Parser_Comparison/../benchmarks/part12/non-incremental/QF_BV/sage/app12/bench_1973.smt2,1.86133,0,77,成功
/pub/data/jiafq/iscas/Parser_Comparison/../benchmarks/part12/non-incremental/QF_BV/sage/app12/bench_1974.smt2,2.56872,0,135,成功
/pub/data/jiafq/iscas/Parser_Comparison/../benchmarks/part12/non-incremental/QF_BV/sage/app12/bench_1975.smt2,2.61521,0,135,成功
/pub/data/jiafq/iscas/Parser_Comparison/../benchmarks/part12/non-incremental/QF_BV/sage/app12/bench_1976.smt2,3.24249,0,67,成功
/pub/data/jiafq/iscas/Parser_Comparison/../benchmarks/part12/non-incremental/QF_BV/sage/app12/bench_1977.smt2,1.81127,0,67,成功
/pub/data/jiafq/iscas/Parser_Comparison/../benchmarks/part12/non-incremental/QF_BV/sage/app12/bench_1978.smt2,1.7159,0,67,成功
/pub/data/jiafq/iscas/Parser_Comparison/../benchmarks/part12/non-incremental/QF_BV/sage/app12/bench_1979.smt2,1.82009,0,67,成功
/pub/data/jiafq/iscas/Parser_Comparison/../benchmarks/part12/non-incremental/QF_BV/sage/app12/bench_198.smt2,69.0289,1056,26887274,成功
/pub/data/jiafq/iscas/Parser_Comparison/../benchmarks/part12/non-incremental/QF_BV/sage/app12/bench_1980.smt2,2.25353,0,124,成功
/pub/data/jiafq/iscas/Parser_Comparison/../benchmarks/part12/non-incremental/QF_BV/sage/app12/bench_1981.smt2,1.59836,0,60,成功
/pub/data/jiafq/iscas/Parser_Comparison/../benchmarks/part12/non-incremental/QF_BV/sage/app12/bench_1982.smt2,1.58167,0,60,成功
/pub/data/jiafq/iscas/Parser_Comparison/../benchmarks/part12/non-incremental/QF_BV/sage/app12/bench_1983.smt2,0.701427,0,9,成功
/pub/data/jiafq/iscas/Parser_Comparison/../benchmarks/part12/non-incremental/QF_BV/sage/app12/bench_1984.smt2,0.716209,0,9,成功
/pub/data/jiafq/iscas/Parser_Comparison/../benchmarks/part12/non-incremental/QF_BV/sage/app12/bench_1985.smt2,0.766754,0,11,成功
/pub/data/jiafq/iscas/Parser_Comparison/../benchmarks/part12/non-incremental/QF_BV/sage/app12/bench_1986.smt2,0.928879,0,24,成功
/pub/data/jiafq/iscas/Parser_Comparison/../benchmarks/part12/non-incremental/QF_BV/sage/app12/bench_1987.smt2,0.710011,0,9,成功
/pub/data/jiafq/iscas/Parser_Comparison/../benchmarks/part12/non-incremental/QF_BV/sage/app12/bench_1988.smt2,0.688791,0,9,成功
/pub/data/jiafq/iscas/Parser_Comparison/../benchmarks/part12/non-incremental/QF_BV/sage/app12/bench_1989.smt2,0.764608,0,11,成功
/pub/data/jiafq/iscas/Parser_Comparison/../benchmarks/part12/non-incremental/QF_BV/sage/app12/bench_199.smt2,2.45404,0,111,成功
/pub/data/jiafq/iscas/Parser_Comparison/../benchmarks/part12/non-incremental/QF_BV/sage/app12/bench_1990.smt2,0.702381,0,9,成功
/pub/data/jiafq/iscas/Parser_Comparison/../benchmarks/part12/non-incremental/QF_BV/sage/app12/bench_1991.smt2,2.15745,0,124,成功
/pub/data/jiafq/iscas/Parser_Comparison/../benchmarks/part12/non-incremental/QF_BV/sage/app12/bench_1992.smt2,0.668764,0,9,成功
/pub/data/jiafq/iscas/Parser_Comparison/../benchmarks/part12/non-incremental/QF_BV/sage/app12/bench_1993.smt2,0.6845,0,9,成功
/pub/data/jiafq/iscas/Parser_Comparison/../benchmarks/part12/non-incremental/QF_BV/sage/app12/bench_1994.smt2,0.678062,0,9,成功
/pub/data/jiafq/iscas/Parser_Comparison/../benchmarks/part12/non-incremental/QF_BV/sage/app12/bench_1995.smt2,0.67544,0,9,成功
/pub/data/jiafq/iscas/Parser_Comparison/../benchmarks/part12/non-incremental/QF_BV/sage/app12/bench_1996.smt2,0.692368,0,9,成功
/pub/data/jiafq/iscas/Parser_Comparison/../benchmarks/part12/non-incremental/QF_BV/sage/app12/bench_1997.smt2,0.688076,0,9,成功
/pub/data/jiafq/iscas/Parser_Comparison/../benchmarks/part12/non-incremental/QF_BV/sage/app12/bench_1998.smt2,2.1286,0,118,成功
/pub/data/jiafq/iscas/Parser_Comparison/../benchmarks/part12/non-incremental/QF_BV/sage/app12/bench_1999.smt2,0.814199,0,16,成功
/pub/data/jiafq/iscas/Parser_Comparison/../benchmarks/part12/non-incremental/QF_BV/sage/app12/bench_2.smt2,5.5654,264,337,成功
/pub/data/jiafq/iscas/Parser_Comparison/../benchmarks/part12/non-incremental/QF_BV/sage/app12/bench_20.smt2,1.68657,0,44,成功
/pub/data/jiafq/iscas/Parser_Comparison/../benchmarks/part12/non-incremental/QF_BV/sage/app12/bench_200.smt2,2.42615,0,108,成功
/pub/data/jiafq/iscas/Parser_Comparison/../benchmarks/part12/non-incremental/QF_BV/sage/app12/bench_2000.smt2,0.752449,0,12,成功
/pub/data/jiafq/iscas/Parser_Comparison/../benchmarks/part12/non-incremental/QF_BV/sage/app12/bench_2001.smt2,0.752211,0,12,成功
/pub/data/jiafq/iscas/Parser_Comparison/../benchmarks/part12/non-incremental/QF_BV/sage/app12/bench_2002.smt2,5.22709,264,311,成功
/pub/data/jiafq/iscas/Parser_Comparison/../benchmarks/part12/non-incremental/QF_BV/sage/app12/bench_2003.smt2,2.16794,0,124,成功
/pub/data/jiafq/iscas/Parser_Comparison/../benchmarks/part12/non-incremental/QF_BV/sage/app12/bench_2004.smt2,0.758171,0,12,成功
/pub/data/jiafq/iscas/Parser_Comparison/../benchmarks/part12/non-incremental/QF_BV/sage/app12/bench_2005.smt2,0.816107,0,16,成功
/pub/data/jiafq/iscas/Parser_Comparison/../benchmarks/part12/non-incremental/QF_BV/sage/app12/bench_2006.smt2,8.52489,264,684,成功
/pub/data/jiafq/iscas/Parser_Comparison/../benchmarks/part12/non-incremental/QF_BV/sage/app12/bench_2007.smt2,8.52394,264,673,成功
/pub/data/jiafq/iscas/Parser_Comparison/../benchmarks/part12/non-incremental/QF_BV/sage/app12/bench_2008.smt2,8.4312,264,665,成功
/pub/data/jiafq/iscas/Parser_Comparison/../benchmarks/part12/non-incremental/QF_BV/sage/app12/bench_2009.smt2,8.19969,264,653,成功
/pub/data/jiafq/iscas/Parser_Comparison/../benchmarks/part12/non-incremental/QF_BV/sage/app12/bench_201.smt2,2.40803,0,105,成功
/pub/data/jiafq/iscas/Parser_Comparison/../benchmarks/part12/non-incremental/QF_BV/sage/app12/bench_2010.smt2,8.49032,264,655,成功
/pub/data/jiafq/iscas/Parser_Comparison/../benchmarks/part12/non-incremental/QF_BV/sage/app12/bench_2011.smt2,8.4157,264,655,成功
/pub/data/jiafq/iscas/Parser_Comparison/../benchmarks/part12/non-incremental/QF_BV/sage/app12/bench_2012.smt2,8.3878,264,653,成功
/pub/data/jiafq/iscas/Parser_Comparison/../benchmarks/part12/non-incremental/QF_BV/sage/app12/bench_2013.smt2,8.49366,264,653,成功
/pub/data/jiafq/iscas/Parser_Comparison/../benchmarks/part12/non-incremental/QF_BV/sage/app12/bench_2014.smt2,2.18892,0,124,成功
/pub/data/jiafq/iscas/Parser_Comparison/../benchmarks/part12/non-incremental/QF_BV/sage/app12/bench_2015.smt2,8.41188,264,661,成功
/pub/data/jiafq/iscas/Parser_Comparison/../benchmarks/part12/non-incremental/QF_BV/sage/app12/bench_2016.smt2,8.50511,264,644,成功
/pub/data/jiafq/iscas/Parser_Comparison/../benchmarks/part12/non-incremental/QF_BV/sage/app12/bench_2017.smt2,8.54731,264,641,成功
/pub/data/jiafq/iscas/Parser_Comparison/../benchmarks/part12/non-incremental/QF_BV/sage/app12/bench_2018.smt2,8.43334,264,641,成功
/pub/data/jiafq/iscas/Parser_Comparison/../benchmarks/part12/non-incremental/QF_BV/sage/app12/bench_2019.smt2,8.24833,264,632,成功
/pub/data/jiafq/iscas/Parser_Comparison/../benchmarks/part12/non-incremental/QF_BV/sage/app12/bench_202.smt2,2.38562,0,94,成功
/pub/data/jiafq/iscas/Parser_Comparison/../benchmarks/part12/non-incremental/QF_BV/sage/app12/bench_2020.smt2,8.14271,264,632,成功
/pub/data/jiafq/iscas/Parser_Comparison/../benchmarks/part12/non-incremental/QF_BV/sage/app12/bench_2021.smt2,8.13007,264,632,成功
/pub/data/jiafq/iscas/Parser_Comparison/../benchmarks/part12/non-incremental/QF_BV/sage/app12/bench_2022.smt2,8.08573,264,630,成功
/pub/data/jiafq/iscas/Parser_Comparison/../benchmarks/part12/non-incremental/QF_BV/sage/app12/bench_2023.smt2,8.08668,264,630,成功
/pub/data/jiafq/iscas/Parser_Comparison/../benchmarks/part12/non-incremental/QF_BV/sage/app12/bench_2024.smt2,8.08907,264,620,成功
/pub/data/jiafq/iscas/Parser_Comparison/../benchmarks/part12/non-incremental/QF_BV/sage/app12/bench_2025.smt2,2.07615,0,119,成功
/pub/data/jiafq/iscas/Parser_Comparison/../benchmarks/part12/non-incremental/QF_BV/sage/app12/bench_2026.smt2,7.99513,264,609,成功
/pub/data/jiafq/iscas/Parser_Comparison/../benchmarks/part12/non-incremental/QF_BV/sage/app12/bench_2027.smt2,7.96723,264,599,成功
/pub/data/jiafq/iscas/Parser_Comparison/../benchmarks/part12/non-incremental/QF_BV/sage/app12/bench_2028.smt2,8.23927,264,589,成功
/pub/data/jiafq/iscas/Parser_Comparison/../benchmarks/part12/non-incremental/QF_BV/sage/app12/bench_2029.smt2,7.88856,264,579,成功
/pub/data/jiafq/iscas/Parser_Comparison/../benchmarks/part12/non-incremental/QF_BV/sage/app12/bench_203.smt2,95.5963,1584,26889224,成功
/pub/data/jiafq/iscas/Parser_Comparison/../benchmarks/part12/non-incremental/QF_BV/sage/app12/bench_2030.smt2,7.81393,264,569,成功
/pub/data/jiafq/iscas/Parser_Comparison/../benchmarks/part12/non-incremental/QF_BV/sage/app12/bench_2031.smt2,7.76839,264,559,成功
/pub/data/jiafq/iscas/Parser_Comparison/../benchmarks/part12/non-incremental/QF_BV/sage/app12/bench_2032.smt2,7.93934,264,549,成功
/pub/data/jiafq/iscas/Parser_Comparison/../benchmarks/part12/non-incremental/QF_BV/sage/app12/bench_2033.smt2,7.6077,264,539,成功
/pub/data/jiafq/iscas/Parser_Comparison/../benchmarks/part12/non-incremental/QF_BV/sage/app12/bench_2034.smt2,7.83515,264,529,成功
/pub/data/jiafq/iscas/Parser_Comparison/../benchmarks/part12/non-incremental/QF_BV/sage/app12/bench_2035.smt2,7.43413,264,519,成功
/pub/data/jiafq/iscas/Parser_Comparison/../benchmarks/part12/non-incremental/QF_BV/sage/app12/bench_2036.smt2,94.2655,1320,26888877,成功
/pub/data/jiafq/iscas/Parser_Comparison/../benchmarks/part12/non-incremental/QF_BV/sage/app12/bench_2037.smt2,7.40099,264,509,成功
/pub/data/jiafq/iscas/Parser_Comparison/../benchmarks/part12/non-incremental/QF_BV/sage/app12/bench_2038.smt2,7.43747,264,499,成功
/pub/data/jiafq/iscas/Parser_Comparison/../benchmarks/part12/non-incremental/QF_BV/sage/app12/bench_2039.smt2,7.34878,264,489,成功
/pub/data/jiafq/iscas/Parser_Comparison/../benchmarks/part12/non-incremental/QF_BV/sage/app12/bench_204.smt2,2.33531,0,83,成功
/pub/data/jiafq/iscas/Parser_Comparison/../benchmarks/part12/non-incremental/QF_BV/sage/app12/bench_2040.smt2,7.5953,264,479,成功
/pub/data/jiafq/iscas/Parser_Comparison/../benchmarks/part12/non-incremental/QF_BV/sage/app12/bench_2041.smt2,7.13658,264,469,成功
/pub/data/jiafq/iscas/Parser_Comparison/../benchmarks/part12/non-incremental/QF_BV/sage/app12/bench_2042.smt2,7.1516,264,459,成功
/pub/data/jiafq/iscas/Parser_Comparison/../benchmarks/part12/non-incremental/QF_BV/sage/app12/bench_2043.smt2,7.09724,264,449,成功
/pub/data/jiafq/iscas/Parser_Comparison/../benchmarks/part12/non-incremental/QF_BV/sage/app12/bench_2044.smt2,7.061,264,439,成功
/pub/data/jiafq/iscas/Parser_Comparison/../benchmarks/part12/non-incremental/QF_BV/sage/app12/bench_2045.smt2,6.96516,264,429,成功
/pub/data/jiafq/iscas/Parser_Comparison/../benchmarks/part12/non-incremental/QF_BV/sage/app12/bench_2046.smt2,6.83737,264,419,成功
/pub/data/jiafq/iscas/Parser_Comparison/../benchmarks/part12/non-incremental/QF_BV/sage/app12/bench_2047.smt2,91.1677,1320,26888877,成功
/pub/data/jiafq/iscas/Parser_Comparison/../benchmarks/part12/non-incremental/QF_BV/sage/app12/bench_2048.smt2,6.90198,264,419,成功
/pub/data/jiafq/iscas/Parser_Comparison/../benchmarks/part12/non-incremental/QF_BV/sage/app12/bench_2049.smt2,6.84595,264,419,成功
/pub/data/jiafq/iscas/Parser_Comparison/../benchmarks/part12/non-incremental/QF_BV/sage/app12/bench_205.smt2,2.30265,0,83,成功
/pub/data/jiafq/iscas/Parser_Comparison/../benchmarks/part12/non-incremental/QF_BV/sage/app12/bench_2050.smt2,6.87051,264,409,成功
/pub/data/jiafq/iscas/Parser_Comparison/../benchmarks/part12/non-incremental/QF_BV/sage/app12/bench_2051.smt2,6.70075,264,402,成功
/pub/data/jiafq/iscas/Parser_Comparison/../benchmarks/part12/non-incremental/QF_BV/sage/app12/bench_2052.smt2,6.6607,264,394,成功
/pub/data/jiafq/iscas/Parser_Comparison/../benchmarks/part12/non-incremental/QF_BV/sage/app12/bench_2053.smt2,2.18439,0,86,成功
/pub/data/jiafq/iscas/Parser_Comparison/../benchmarks/part12/non-incremental/QF_BV/sage/app12/bench_2054.smt2,6.61492,264,388,成功
/pub/data/jiafq/iscas/Parser_Comparison/../benchmarks/part12/non-incremental/QF_BV/sage/app12/bench_2055.smt2,6.67787,264,383,成功
/pub/data/jiafq/iscas/Parser_Comparison/../benchmarks/part12/non-incremental/QF_BV/sage/app12/bench_2056.smt2,6.50501,264,382,成功
/pub/data/jiafq/iscas/Parser_Comparison/../benchmarks/part12/non-incremental/QF_BV/sage/app12/bench_2057.smt2,6.41775,264,371,成功
/pub/data/jiafq/iscas/Parser_Comparison/../benchmarks/part12/non-incremental/QF_BV/sage/app12/bench_2058.smt2,2.03753,0,112,成功
/pub/data/jiafq/iscas/Parser_Comparison/../benchmarks/part12/non-incremental/QF_BV/sage/app12/bench_2059.smt2,6.43444,264,366,成功
/pub/data/jiafq/iscas/Parser_Comparison/../benchmarks/part12/non-incremental/QF_BV/sage/app12/bench_206.smt2,2.34365,0,83,成功
/pub/data/jiafq/iscas/Parser_Comparison/../benchmarks/part12/non-incremental/QF_BV/sage/app12/bench_2060.smt2,6.47736,264,371,成功
/pub/data/jiafq/iscas/Parser_Comparison/../benchmarks/part12/non-incremental/QF_BV/sage/app12/bench_2061.smt2,6.387,264,366,成功
/pub/data/jiafq/iscas/Parser_Comparison/../benchmarks/part12/non-incremental/QF_BV/sage/app12/bench_2062.smt2,6.36315,264,361,成功
/pub/data/jiafq/iscas/Parser_Comparison/../benchmarks/part12/non-incremental/QF_BV/sage/app12/bench_2063.smt2,6.26183,264,357,成功
/pub/data/jiafq/iscas/Parser_Comparison/../benchmarks/part12/non-incremental/QF_BV/sage/app12/bench_2064.smt2,6.34193,264,356,成功
/pub/data/jiafq/iscas/Parser_Comparison/../benchmarks/part12/non-incremental/QF_BV/sage/app12/bench_2065.smt2,6.27494,264,353,成功
/pub/data/jiafq/iscas/Parser_Comparison/../benchmarks/part12/non-incremental/QF_BV/sage/app12/bench_2066.smt2,6.12736,264,347,成功
/pub/data/jiafq/iscas/Parser_Comparison/../benchmarks/part12/non-incremental/QF_BV/sage/app12/bench_2067.smt2,6.37269,264,347,成功
/pub/data/jiafq/iscas/Parser_Comparison/../benchmarks/part12/non-incremental/QF_BV/sage/app12/bench_2068.smt2,6.14047,264,344,成功
/pub/data/jiafq/iscas/Parser_Comparison/../benchmarks/part12/non-incremental/QF_BV/sage/app12/bench_2069.smt2,2.00605,0,112,成功
/pub/data/jiafq/iscas/Parser_Comparison/../benchmarks/part12/non-incremental/QF_BV/sage/app12/bench_207.smt2,2.17104,0,75,成功
/pub/data/jiafq/iscas/Parser_Comparison/../benchmarks/part12/non-incremental/QF_BV/sage/app12/bench_2070.smt2,6.05607,264,339,成功
/pub/data/jiafq/iscas/Parser_Comparison/../benchmarks/part12/non-incremental/QF_BV/sage/app12/bench_2071.smt2,5.99909,264,337,成功
/pub/data/jiafq/iscas/Parser_Comparison/../benchmarks/part12/non-incremental/QF_BV/sage/app12/bench_2072.smt2,35.7294,528,26884913,成功
/pub/data/jiafq/iscas/Parser_Comparison/../benchmarks/part12/non-incremental/QF_BV/sage/app12/bench_2073.smt2,35.7535,528,26884906,成功
/pub/data/jiafq/iscas/Parser_Comparison/../benchmarks/part12/non-incremental/QF_BV/sage/app12/bench_2074.smt2,6.04677,264,336,成功
/pub/data/jiafq/iscas/Parser_Comparison/../benchmarks/part12/non-incremental/QF_BV/sage/app12/bench_2075.smt2,5.98645,264,336,成功
/pub/data/jiafq/iscas/Parser_Comparison/../benchmarks/part12/non-incremental/QF_BV/sage/app12/bench_2076.smt2,36.4141,528,26884906,成功
/pub/data/jiafq/iscas/Parser_Comparison/../benchmarks/part12/non-incremental/QF_BV/sage/app12/bench_2077.smt2,35.6755,528,26884906,成功
/pub/data/jiafq/iscas/Parser_Comparison/../benchmarks/part12/non-incremental/QF_BV/sage/app12/bench_2078.smt2,0.99349,0,17,成功
/pub/data/jiafq/iscas/Parser_Comparison/../benchmarks/part12/non-incremental/QF_BV/sage/app12/bench_2079.smt2,1.00708,0,17,成功
/pub/data/jiafq/iscas/Parser_Comparison/../benchmarks/part12/non-incremental/QF_BV/sage/app12/bench_208.smt2,2.19393,0,75,成功
/pub/data/jiafq/iscas/Parser_Comparison/../benchmarks/part12/non-incremental/QF_BV/sage/app12/bench_2080.smt2,2.08592,0,112,成功
/pub/data/jiafq/iscas/Parser_Comparison/../benchmarks/part12/non-incremental/QF_BV/sage/app12/bench_2081.smt2,35.9085,528,26884898,成功
/pub/data/jiafq/iscas/Parser_Comparison/../benchmarks/part12/non-incremental/QF_BV/sage/app12/bench_2082.smt2,36.011,528,26884893,成功
/pub/data/jiafq/iscas/Parser_Comparison/../benchmarks/part12/non-incremental/QF_BV/sage/app12/bench_2083.smt2,0.671625,0,9,成功
/pub/data/jiafq/iscas/Parser_Comparison/../benchmarks/part12/non-incremental/QF_BV/sage/app12/bench_2084.smt2,0.681162,0,9,成功
/pub/data/jiafq/iscas/Parser_Comparison/../benchmarks/part12/non-incremental/QF_BV/sage/app12/bench_2085.smt2,37.9462,528,26884893,成功
/pub/data/jiafq/iscas/Parser_Comparison/../benchmarks/part12/non-incremental/QF_BV/sage/app12/bench_2086.smt2,35.8965,528,26884887,成功
/pub/data/jiafq/iscas/Parser_Comparison/../benchmarks/part12/non-incremental/QF_BV/sage/app12/bench_2087.smt2,6.79708,264,314,成功
/pub/data/jiafq/iscas/Parser_Comparison/../benchmarks/part12/non-incremental/QF_BV/sage/app12/bench_2088.smt2,6.98948,264,310,成功
/pub/data/jiafq/iscas/Parser_Comparison/../benchmarks/part12/non-incremental/QF_BV/sage/app12/bench_2089.smt2,6.67167,264,310,成功
/pub/data/jiafq/iscas/Parser_Comparison/../benchmarks/part12/non-incremental/QF_BV/sage/app12/bench_209.smt2,2.20346,0,71,成功
/pub/data/jiafq/iscas/Parser_Comparison/../benchmarks/part12/non-incremental/QF_BV/sage/app12/bench_2090.smt2,35.6739,528,26884887,成功
/pub/data/jiafq/iscas/Parser_Comparison/../benchmarks/part12/non-incremental/QF_BV/sage/app12/bench_2091.smt2,4.43912,264,264,成功
/pub/data/jiafq/iscas/Parser_Comparison/../benchmarks/part12/non-incremental/QF_BV/sage/app12/bench_2092.smt2,35.8546,528,26884881,成功
/pub/data/jiafq/iscas/Parser_Comparison/../benchmarks/part12/non-incremental/QF_BV/sage/app12/bench_2093.smt2,6.51145,264,304,成功
/pub/data/jiafq/iscas/Parser_Comparison/../benchmarks/part12/non-incremental/QF_BV/sage/app12/bench_2094.smt2,6.59966,264,304,成功
/pub/data/jiafq/iscas/Parser_Comparison/../benchmarks/part12/non-incremental/QF_BV/sage/app12/bench_2095.smt2,6.49643,264,298,成功
/pub/data/jiafq/iscas/Parser_Comparison/../benchmarks/part12/non-incremental/QF_BV/sage/app12/bench_2096.smt2,6.387,264,298,成功
/pub/data/jiafq/iscas/Parser_Comparison/../benchmarks/part12/non-incremental/QF_BV/sage/app12/bench_2097.smt2,6.23369,264,292,成功
/pub/data/jiafq/iscas/Parser_Comparison/../benchmarks/part12/non-incremental/QF_BV/sage/app12/bench_2098.smt2,6.41274,264,292,成功
/pub/data/jiafq/iscas/Parser_Comparison/../benchmarks/part12/non-incremental/QF_BV/sage/app12/bench_2099.smt2,35.7573,528,26884881,成功
/pub/data/jiafq/iscas/Parser_Comparison/../benchmarks/part12/non-incremental/QF_BV/sage/app12/bench_21.smt2,1.33514,0,31,成功
/pub/data/jiafq/iscas/Parser_Comparison/../benchmarks/part12/non-incremental/QF_BV/sage/app12/bench_210.smt2,2.09117,0,68,成功
/pub/data/jiafq/iscas/Parser_Comparison/../benchmarks/part12/non-incremental/QF_BV/sage/app12/bench_2100.smt2,5.9917,264,278,成功
/pub/data/jiafq/iscas/Parser_Comparison/../benchmarks/part12/non-incremental/QF_BV/sage/app12/bench_2101.smt2,6.07824,264,278,成功
/pub/data/jiafq/iscas/Parser_Comparison/../benchmarks/part12/non-incremental/QF_BV/sage/app12/bench_2102.smt2,4.30918,264,253,成功
/pub/data/jiafq/iscas/Parser_Comparison/../benchmarks/part12/non-incremental/QF_BV/sage/app12/bench_2103.smt2,35.7718,528,26884881,成功
/pub/data/jiafq/iscas/Parser_Comparison/../benchmarks/part12/non-incremental/QF_BV/sage/app12/bench_2104.smt2,35.5816,528,26884876,成功
/pub/data/jiafq/iscas/Parser_Comparison/../benchmarks/part12/non-incremental/QF_BV/sage/app12/bench_2105.smt2,5.91564,264,334,成功
/pub/data/jiafq/iscas/Parser_Comparison/../benchmarks/part12/non-incremental/QF_BV/sage/app12/bench_2106.smt2,5.83625,264,328,成功
/pub/data/jiafq/iscas/Parser_Comparison/../benchmarks/part12/non-incremental/QF_BV/sage/app12/bench_2107.smt2,5.86057,264,269,成功
/pub/data/jiafq/iscas/Parser_Comparison/../benchmarks/part12/non-incremental/QF_BV/sage/app12/bench_2108.smt2,5.82814,264,269,成功
/pub/data/jiafq/iscas/Parser_Comparison/../benchmarks/part12/non-incremental/QF_BV/sage/app12/bench_2109.smt2,5.73993,264,328,成功
/pub/data/jiafq/iscas/Parser_Comparison/../benchmarks/part12/non-incremental/QF_BV/sage/app12/bench_211.smt2,2.03061,0,65,成功
/pub/data/jiafq/iscas/Parser_Comparison/../benchmarks/part12/non-incremental/QF_BV/sage/app12/bench_2110.smt2,5.78952,264,323,成功
/pub/data/jiafq/iscas/Parser_Comparison/../benchmarks/part12/non-incremental/QF_BV/sage/app12/bench_2111.smt2,5.64551,264,318,成功
/pub/data/jiafq/iscas/Parser_Comparison/../benchmarks/part12/non-incremental/QF_BV/sage/app12/bench_2112.smt2,5.74327,264,318,成功
/pub/data/jiafq/iscas/Parser_Comparison/../benchmarks/part12/non-incremental/QF_BV/sage/app12/bench_2113.smt2,96.7586,1584,26889282,成功
/pub/data/jiafq/iscas/Parser_Comparison/../benchmarks/part12/non-incremental/QF_BV/sage/app12/bench_2114.smt2,4.26579,264,245,成功
/pub/data/jiafq/iscas/Parser_Comparison/../benchmarks/part12/non-incremental/QF_BV/sage/app12/bench_2115.smt2,5.66196,264,318,成功
/pub/data/jiafq/iscas/Parser_Comparison/../benchmarks/part12/non-incremental/QF_BV/sage/app12/bench_2116.smt2,5.59902,264,310,成功
/pub/data/jiafq/iscas/Parser_Comparison/../benchmarks/part12/non-incremental/QF_BV/sage/app12/bench_2117.smt2,5.49793,264,305,成功
/pub/data/jiafq/iscas/Parser_Comparison/../benchmarks/part12/non-incremental/QF_BV/sage/app12/bench_2118.smt2,5.52297,264,305,成功
/pub/data/jiafq/iscas/Parser_Comparison/../benchmarks/part12/non-incremental/QF_BV/sage/app12/bench_2119.smt2,5.5244,264,305,成功
/pub/data/jiafq/iscas/Parser_Comparison/../benchmarks/part12/non-incremental/QF_BV/sage/app12/bench_212.smt2,2.07686,0,65,成功
/pub/data/jiafq/iscas/Parser_Comparison/../benchmarks/part12/non-incremental/QF_BV/sage/app12/bench_2120.smt2,5.50842,264,303,成功
/pub/data/jiafq/iscas/Parser_Comparison/../benchmarks/part12/non-incremental/QF_BV/sage/app12/bench_2121.smt2,5.71775,264,303,成功
/pub/data/jiafq/iscas/Parser_Comparison/../benchmarks/part12/non-incremental/QF_BV/sage/app12/bench_2122.smt2,5.75328,264,260,成功
/pub/data/jiafq/iscas/Parser_Comparison/../benchmarks/part12/non-incremental/QF_BV/sage/app12/bench_2123.smt2,5.89991,264,260,成功
/pub/data/jiafq/iscas/Parser_Comparison/../benchmarks/part12/non-incremental/QF_BV/sage/app12/bench_2124.smt2,36.5844,528,26884876,成功
/pub/data/jiafq/iscas/Parser_Comparison/../benchmarks/part12/non-incremental/QF_BV/sage/app12/bench_2125.smt2,4.16732,264,233,成功
/pub/data/jiafq/iscas/Parser_Comparison/../benchmarks/part12/non-incremental/QF_BV/sage/app12/bench_2126.smt2,35.516,528,26884870,成功
/pub/data/jiafq/iscas/Parser_Comparison/../benchmarks/part12/non-incremental/QF_BV/sage/app12/bench_2127.smt2,5.62978,264,251,成功
/pub/data/jiafq/iscas/Parser_Comparison/../benchmarks/part12/non-incremental/QF_BV/sage/app12/bench_2128.smt2,5.69773,264,251,成功
/pub/data/jiafq/iscas/Parser_Comparison/../benchmarks/part12/non-incremental/QF_BV/sage/app12/bench_2129.smt2,36.2372,528,26884870,成功
/pub/data/jiafq/iscas/Parser_Comparison/../benchmarks/part12/non-incremental/QF_BV/sage/app12/bench_213.smt2,2.03633,0,65,成功
/pub/data/jiafq/iscas/Parser_Comparison/../benchmarks/part12/non-incremental/QF_BV/sage/app12/bench_2130.smt2,36.3061,528,26884864,成功
/pub/data/jiafq/iscas/Parser_Comparison/../benchmarks/part12/non-incremental/QF_BV/sage/app12/bench_2131.smt2,5.51343,264,242,成功
/pub/data/jiafq/iscas/Parser_Comparison/../benchmarks/part12/non-incremental/QF_BV/sage/app12/bench_2132.smt2,5.45764,264,242,成功
/pub/data/jiafq/iscas/Parser_Comparison/../benchmarks/part12/non-incremental/QF_BV/sage/app12/bench_2133.smt2,5.62429,264,296,成功
/pub/data/jiafq/iscas/Parser_Comparison/../benchmarks/part12/non-incremental/QF_BV/sage/app12/bench_2134.smt2,5.36489,264,291,成功
/pub/data/jiafq/iscas/Parser_Comparison/../benchmarks/part12/non-incremental/QF_BV/sage/app12/bench_2135.smt2,5.42402,264,291,成功
/pub/data/jiafq/iscas/Parser_Comparison/../benchmarks/part12/non-incremental/QF_BV/sage/app12/bench_2136.smt2,4.16398,264,235,成功
/pub/data/jiafq/iscas/Parser_Comparison/../benchmarks/part12/non-incremental/QF_BV/sage/app12/bench_2137.smt2,5.37968,264,291,成功
/pub/data/jiafq/iscas/Parser_Comparison/../benchmarks/part12/non-incremental/QF_BV/sage/app12/bench_2138.smt2,5.28431,264,284,成功
/pub/data/jiafq/iscas/Parser_Comparison/../benchmarks/part12/non-incremental/QF_BV/sage/app12/bench_2139.smt2,11.8277,264,284,成功
/pub/data/jiafq/iscas/Parser_Comparison/../benchmarks/part12/non-incremental/QF_BV/sage/app12/bench_214.smt2,4.1182,264,242,成功
/pub/data/jiafq/iscas/Parser_Comparison/../benchmarks/part12/non-incremental/QF_BV/sage/app12/bench_2140.smt2,5.26023,264,284,成功
/pub/data/jiafq/iscas/Parser_Comparison/../benchmarks/part12/non-incremental/QF_BV/sage/app12/bench_2141.smt2,5.28002,264,282,成功
/pub/data/jiafq/iscas/Parser_Comparison/../benchmarks/part12/non-incremental/QF_BV/sage/app12/bench_2142.smt2,5.17368,264,282,成功
/pub/data/jiafq/iscas/Parser_Comparison/../benchmarks/part12/non-incremental/QF_BV/sage/app12/bench_2143.smt2,5.23925,264,230,成功
/pub/data/jiafq/iscas/Parser_Comparison/../benchmarks/part12/non-incremental/QF_BV/sage/app12/bench_2144.smt2,5.28002,264,230,成功
/pub/data/jiafq/iscas/Parser_Comparison/../benchmarks/part12/non-incremental/QF_BV/sage/app12/bench_2145.smt2,5.1074,264,221,成功
/pub/data/jiafq/iscas/Parser_Comparison/../benchmarks/part12/non-incremental/QF_BV/sage/app12/bench_2146.smt2,5.06926,264,221,成功
/pub/data/jiafq/iscas/Parser_Comparison/../benchmarks/part12/non-incremental/QF_BV/sage/app12/bench_2147.smt2,4.18401,264,235,成功
/pub/data/jiafq/iscas/Parser_Comparison/../benchmarks/part12/non-incremental/QF_BV/sage/app12/bench_2148.smt2,36.0429,528,26884864,成功
/pub/data/jiafq/iscas/Parser_Comparison/../benchmarks/part12/non-incremental/QF_BV/sage/app12/bench_2149.smt2,5.01108,264,209,成功
/pub/data/jiafq/iscas/Parser_Comparison/../benchmarks/part12/non-incremental/QF_BV/sage/app12/bench_215.smt2,2.01392,0,60,成功
/pub/data/jiafq/iscas/Parser_Comparison/../benchmarks/part12/non-incremental/QF_BV/sage/app12/bench_2150.smt2,4.9901,264,209,成功
/pub/data/jiafq/iscas/Parser_Comparison/../benchmarks/part12/non-incremental/QF_BV/sage/app12/bench_2151.smt2,5.22923,264,275,成功
/pub/data/jiafq/iscas/Parser_Comparison/../benchmarks/part12/non-incremental/QF_BV/sage/app12/bench_2152.smt2,5.09024,264,270,成功
/pub/data/jiafq/iscas/Parser_Comparison/../benchmarks/part12/non-incremental/QF_BV/sage/app12/bench_2153.smt2,5.03135,264,270,成功
/pub/data/jiafq/iscas/Parser_Comparison/../benchmarks/part12/non-incremental/QF_BV/sage/app12/bench_2154.smt2,5.13268,264,270,成功
/pub/data/jiafq/iscas/Parser_Comparison/../benchmarks/part12/non-incremental/QF_BV/sage/app12/bench_2155.smt2,4.46343,264,263,成功
/pub/data/jiafq/iscas/Parser_Comparison/../benchmarks/part12/non-incremental/QF_BV/sage/app12/bench_2156.smt2,4.45533,264,263,成功
/pub/data/jiafq/iscas/Parser_Comparison/../benchmarks/part12/non-incremental/QF_BV/sage/app12/bench_2157.smt2,4.56142,264,263,成功
/pub/data/jiafq/iscas/Parser_Comparison/../benchmarks/part12/non-incremental/QF_BV/sage/app12/bench_2158.smt2,4.23884,264,233,成功
/pub/data/jiafq/iscas/Parser_Comparison/../benchmarks/part12/non-incremental/QF_BV/sage/app12/bench_2159.smt2,4.37188,264,261,成功
/pub/data/jiafq/iscas/Parser_Comparison/../benchmarks/part12/non-incremental/QF_BV/sage/app12/bench_216.smt2,2.03061,0,62,成功
/pub/data/jiafq/iscas/Parser_Comparison/../benchmarks/part12/non-incremental/QF_BV/sage/app12/bench_2160.smt2,4.40454,264,261,成功
/pub/data/jiafq/iscas/Parser_Comparison/../benchmarks/part12/non-incremental/QF_BV/sage/app12/bench_2161.smt2,4.95076,264,200,成功
/pub/data/jiafq/iscas/Parser_Comparison/../benchmarks/part12/non-incremental/QF_BV/sage/app12/bench_2162.smt2,4.8492,264,200,成功
/pub/data/jiafq/iscas/Parser_Comparison/../benchmarks/part12/non-incremental/QF_BV/sage/app12/bench_2163.smt2,4.73619,264,191,成功
/pub/data/jiafq/iscas/Parser_Comparison/../benchmarks/part12/non-incremental/QF_BV/sage/app12/bench_2164.smt2,4.64773,264,191,成功
/pub/data/jiafq/iscas/Parser_Comparison/../benchmarks/part12/non-incremental/QF_BV/sage/app12/bench_2165.smt2,4.23193,264,254,成功
/pub/data/jiafq/iscas/Parser_Comparison/../benchmarks/part12/non-incremental/QF_BV/sage/app12/bench_2166.smt2,4.42576,264,249,成功
/pub/data/jiafq/iscas/Parser_Comparison/../benchmarks/part12/non-incremental/QF_BV/sage/app12/bench_2167.smt2,4.24337,264,249,成功
/pub/data/jiafq/iscas/Parser_Comparison/../benchmarks/part12/non-incremental/QF_BV/sage/app12/bench_2168.smt2,4.21143,264,249,成功
/pub/data/jiafq/iscas/Parser_Comparison/../benchmarks/part12/non-incremental/QF_BV/sage/app12/bench_2169.smt2,4.24123,264,233,成功
/pub/data/jiafq/iscas/Parser_Comparison/../benchmarks/part12/non-incremental/QF_BV/sage/app12/bench_217.smt2,1.99533,0,62,成功
/pub/data/jiafq/iscas/Parser_Comparison/../benchmarks/part12/non-incremental/QF_BV/sage/app12/bench_2170.smt2,4.14324,264,242,成功
/pub/data/jiafq/iscas/Parser_Comparison/../benchmarks/part12/non-incremental/QF_BV/sage/app12/bench_2171.smt2,4.13632,264,242,成功
/pub/data/jiafq/iscas/Parser_Comparison/../benchmarks/part12/non-incremental/QF_BV/sage/app12/bench_2172.smt2,4.16589,264,242,成功
/pub/data/jiafq/iscas/Parser_Comparison/../benchmarks/part12/non-incremental/QF_BV/sage/app12/bench_2173.smt2,4.06909,264,240,成功
/pub/data/jiafq/iscas/Parser_Comparison/../benchmarks/part12/non-incremental/QF_BV/sage/app12/bench_2174.smt2,4.12202,264,240,成功
/pub/data/jiafq/iscas/Parser_Comparison/../benchmarks/part12/non-incremental/QF_BV/sage/app12/bench_2175.smt2,4.49967,264,185,成功
/pub/data/jiafq/iscas/Parser_Comparison/../benchmarks/part12/non-incremental/QF_BV/sage/app12/bench_2176.smt2,4.43506,264,185,成功
/pub/data/jiafq/iscas/Parser_Comparison/../benchmarks/part12/non-incremental/QF_BV/sage/app12/bench_2177.smt2,3.66712,264,173,成功
/pub/data/jiafq/iscas/Parser_Comparison/../benchmarks/part12/non-incremental/QF_BV/sage/app12/bench_2178.smt2,3.76749,264,173,成功
/pub/data/jiafq/iscas/Parser_Comparison/../benchmarks/part12/non-incremental/QF_BV/sage/app12/bench_2179.smt2,4.01902,264,233,成功
/pub/data/jiafq/iscas/Parser_Comparison/../benchmarks/part12/non-incremental/QF_BV/sage/app12/bench_218.smt2,1.86872,0,57,成功
/pub/data/jiafq/iscas/Parser_Comparison/../benchmarks/part12/non-incremental/QF_BV/sage/app12/bench_2180.smt2,4.37188,264,241,成功
/pub/data/jiafq/iscas/Parser_Comparison/../benchmarks/part12/non-incremental/QF_BV/sage/app12/bench_2181.smt2,4.02641,0,228,成功
/pub/data/jiafq/iscas/Parser_Comparison/../benchmarks/part12/non-incremental/QF_BV/sage/app12/bench_2182.smt2,4.00114,264,228,成功
/pub/data/jiafq/iscas/Parser_Comparison/../benchmarks/part12/non-incremental/QF_BV/sage/app12/bench_2183.smt2,3.99542,264,228,成功
/pub/data/jiafq/iscas/Parser_Comparison/../benchmarks/part12/non-incremental/QF_BV/sage/app12/bench_2184.smt2,3.90768,0,221,成功
/pub/data/jiafq/iscas/Parser_Comparison/../benchmarks/part12/non-incremental/QF_BV/sage/app12/bench_2185.smt2,3.94249,0,221,成功
/pub/data/jiafq/iscas/Parser_Comparison/../benchmarks/part12/non-incremental/QF_BV/sage/app12/bench_2186.smt2,3.94487,264,221,成功
/pub/data/jiafq/iscas/Parser_Comparison/../benchmarks/part12/non-incremental/QF_BV/sage/app12/bench_2187.smt2,4.03357,0,219,成功
/pub/data/jiafq/iscas/Parser_Comparison/../benchmarks/part12/non-incremental/QF_BV/sage/app12/bench_2188.smt2,3.87311,0,219,成功
/pub/data/jiafq/iscas/Parser_Comparison/../benchmarks/part12/non-incremental/QF_BV/sage/app12/bench_2189.smt2,3.58391,0,164,成功
/pub/data/jiafq/iscas/Parser_Comparison/../benchmarks/part12/non-incremental/QF_BV/sage/app12/bench_219.smt2,1.92904,0,54,成功
/pub/data/jiafq/iscas/Parser_Comparison/../benchmarks/part12/non-incremental/QF_BV/sage/app12/bench_2190.smt2,3.75295,264,164,成功
/pub/data/jiafq/iscas/Parser_Comparison/../benchmarks/part12/non-incremental/QF_BV/sage/app12/bench_2191.smt2,4.10533,264,224,成功
/pub/data/jiafq/iscas/Parser_Comparison/../benchmarks/part12/non-incremental/QF_BV/sage/app12/bench_2192.smt2,3.51357,0,152,成功
/pub/data/jiafq/iscas/Parser_Comparison/../benchmarks/part12/non-incremental/QF_BV/sage/app12/bench_2193.smt2,3.44181,264,152,成功
/pub/data/jiafq/iscas/Parser_Comparison/../benchmarks/part12/non-incremental/QF_BV/sage/app12/bench_2194.smt2,35.3358,528,26884864,成功
/pub/data/jiafq/iscas/Parser_Comparison/../benchmarks/part12/non-incremental/QF_BV/sage/app12/bench_2195.smt2,35.316,528,26884864,成功
/pub/data/jiafq/iscas/Parser_Comparison/../benchmarks/part12/non-incremental/QF_BV/sage/app12/bench_2196.smt2,35.7747,528,26884858,成功
/pub/data/jiafq/iscas/Parser_Comparison/../benchmarks/part12/non-incremental/QF_BV/sage/app12/bench_2197.smt2,3.43823,0,143,成功
/pub/data/jiafq/iscas/Parser_Comparison/../benchmarks/part12/non-incremental/QF_BV/sage/app12/bench_2198.smt2,3.21054,0,143,成功
/pub/data/jiafq/iscas/Parser_Comparison/../benchmarks/part12/non-incremental/QF_BV/sage/app12/bench_2199.smt2,3.25108,0,131,成功
/pub/data/jiafq/iscas/Parser_Comparison/../benchmarks/part12/non-incremental/QF_BV/sage/app12/bench_22.smt2,1.52993,0,47,成功
/pub/data/jiafq/iscas/Parser_Comparison/../benchmarks/part12/non-incremental/QF_BV/sage/app12/bench_220.smt2,69.7632,1056,26887272,成功
/pub/data/jiafq/iscas/Parser_Comparison/../benchmarks/part12/non-incremental/QF_BV/sage/app12/bench_2200.smt2,3.10302,0,131,成功
/pub/data/jiafq/iscas/Parser_Comparison/../benchmarks/part12/non-incremental/QF_BV/sage/app12/bench_2201.smt2,2.94566,0,122,成功
/pub/data/jiafq/iscas/Parser_Comparison/../benchmarks/part12/non-incremental/QF_BV/sage/app12/bench_2202.smt2,4.09889,264,221,成功
/pub/data/jiafq/iscas/Parser_Comparison/../benchmarks/part12/non-incremental/QF_BV/sage/app12/bench_2203.smt2,2.99859,0,122,成功
/pub/data/jiafq/iscas/Parser_Comparison/../benchmarks/part12/non-incremental/QF_BV/sage/app12/bench_2204.smt2,3.74579,0,212,成功
/pub/data/jiafq/iscas/Parser_Comparison/../benchmarks/part12/non-incremental/QF_BV/sage/app12/bench_2205.smt2,3.68762,264,207,成功
/pub/data/jiafq/iscas/Parser_Comparison/../benchmarks/part12/non-incremental/QF_BV/sage/app12/bench_2206.smt2,3.67737,264,207,成功
/pub/data/jiafq/iscas/Parser_Comparison/../benchmarks/part12/non-incremental/QF_BV/sage/app12/bench_2207.smt2,3.77393,0,207,成功
/pub/data/jiafq/iscas/Parser_Comparison/../benchmarks/part12/non-incremental/QF_BV/sage/app12/bench_2208.smt2,3.654,0,200,成功
/pub/data/jiafq/iscas/Parser_Comparison/../benchmarks/part12/non-incremental/QF_BV/sage/app12/bench_2209.smt2,3.61824,0,200,成功
/pub/data/jiafq/iscas/Parser_Comparison/../benchmarks/part12/non-incremental/QF_BV/sage/app12/bench_221.smt2,68.1598,1056,26887259,成功
/pub/data/jiafq/iscas/Parser_Comparison/../benchmarks/part12/non-incremental/QF_BV/sage/app12/bench_2210.smt2,3.60107,0,200,成功
/pub/data/jiafq/iscas/Parser_Comparison/../benchmarks/part12/non-incremental/QF_BV/sage/app12/bench_2211.smt2,3.60751,0,198,成功
/pub/data/jiafq/iscas/Parser_Comparison/../benchmarks/part12/non-incremental/QF_BV/sage/app12/bench_2212.smt2,3.58176,0,198,成功
/pub/data/jiafq/iscas/Parser_Comparison/../benchmarks/part12/non-incremental/QF_BV/sage/app12/bench_2213.smt2,4.08673,264,221,成功
/pub/data/jiafq/iscas/Parser_Comparison/../benchmarks/part12/non-incremental/QF_BV/sage/app12/bench_2214.smt2,2.84362,0,116,成功
/pub/data/jiafq/iscas/Parser_Comparison/../benchmarks/part12/non-incremental/QF_BV/sage/app12/bench_2215.smt2,2.81739,0,116,成功
/pub/data/jiafq/iscas/Parser_Comparison/../benchmarks/part12/non-incremental/QF_BV/sage/app12/bench_2216.smt2,2.72846,0,107,成功
/pub/data/jiafq/iscas/Parser_Comparison/../benchmarks/part12/non-incremental/QF_BV/sage/app12/bench_2217.smt2,2.69079,0,107,成功
/pub/data/jiafq/iscas/Parser_Comparison/../benchmarks/part12/non-incremental/QF_BV/sage/app12/bench_2218.smt2,3.49379,0,191,成功
/pub/data/jiafq/iscas/Parser_Comparison/../benchmarks/part12/non-incremental/QF_BV/sage/app12/bench_2219.smt2,3.39532,0,186,成功
/pub/data/jiafq/iscas/Parser_Comparison/../benchmarks/part12/non-incremental/QF_BV/sage/app12/bench_222.smt2,4.20952,264,249,成功
/pub/data/jiafq/iscas/Parser_Comparison/../benchmarks/part12/non-incremental/QF_BV/sage/app12/bench_2220.smt2,3.40366,0,186,成功
/pub/data/jiafq/iscas/Parser_Comparison/../benchmarks/part12/non-incremental/QF_BV/sage/app12/bench_2221.smt2,3.59368,264,186,成功
/pub/data/jiafq/iscas/Parser_Comparison/../benchmarks/part12/non-incremental/QF_BV/sage/app12/bench_2222.smt2,3.36766,0,179,成功
/pub/data/jiafq/iscas/Parser_Comparison/../benchmarks/part12/non-incremental/QF_BV/sage/app12/bench_2223.smt2,3.37052,0,179,成功
/pub/data/jiafq/iscas/Parser_Comparison/../benchmarks/part12/non-incremental/QF_BV/sage/app12/bench_2224.smt2,5.57256,264,332,成功
/pub/data/jiafq/iscas/Parser_Comparison/../benchmarks/part12/non-incremental/QF_BV/sage/app12/bench_2225.smt2,5.15056,264,306,成功
/pub/data/jiafq/iscas/Parser_Comparison/../benchmarks/part12/non-incremental/QF_BV/sage/app12/bench_2226.smt2,4.00591,264,212,成功
/pub/data/jiafq/iscas/Parser_Comparison/../benchmarks/part12/non-incremental/QF_BV/sage/app12/bench_2227.smt2,3.34406,264,179,成功
/pub/data/jiafq/iscas/Parser_Comparison/../benchmarks/part12/non-incremental/QF_BV/sage/app12/bench_2228.smt2,3.3505,264,177,成功
/pub/data/jiafq/iscas/Parser_Comparison/../benchmarks/part12/non-incremental/QF_BV/sage/app12/bench_2229.smt2,3.30353,0,177,成功
/pub/data/jiafq/iscas/Parser_Comparison/../benchmarks/part12/non-incremental/QF_BV/sage/app12/bench_223.smt2,4.10223,264,249,成功
/pub/data/jiafq/iscas/Parser_Comparison/../benchmarks/part12/non-incremental/QF_BV/sage/app12/bench_2230.smt2,2.53558,0,98,成功
/pub/data/jiafq/iscas/Parser_Comparison/../benchmarks/part12/non-incremental/QF_BV/sage/app12/bench_2231.smt2,2.54965,0,98,成功
/pub/data/jiafq/iscas/Parser_Comparison/../benchmarks/part12/non-incremental/QF_BV/sage/app12/bench_2232.smt2,2.30622,0,86,成功
/pub/data/jiafq/iscas/Parser_Comparison/../benchmarks/part12/non-incremental/QF_BV/sage/app12/bench_2233.smt2,2.31457,0,86,成功
/pub/data/jiafq/iscas/Parser_Comparison/../benchmarks/part12/non-incremental/QF_BV/sage/app12/bench_2234.smt2,3.19529,264,170,成功
/pub/data/jiafq/iscas/Parser_Comparison/../benchmarks/part12/non-incremental/QF_BV/sage/app12/bench_2235.smt2,3.15499,0,165,成功
/pub/data/jiafq/iscas/Parser_Comparison/../benchmarks/part12/non-incremental/QF_BV/sage/app12/bench_2236.smt2,3.18933,0,165,成功
/pub/data/jiafq/iscas/Parser_Comparison/../benchmarks/part12/non-incremental/QF_BV/sage/app12/bench_2237.smt2,3.9835,264,212,成功
/pub/data/jiafq/iscas/Parser_Comparison/../benchmarks/part12/non-incremental/QF_BV/sage/app12/bench_2238.smt2,3.18336,0,165,成功
/pub/data/jiafq/iscas/Parser_Comparison/../benchmarks/part12/non-incremental/QF_BV/sage/app12/bench_2239.smt2,3.29518,0,158,成功
/pub/data/jiafq/iscas/Parser_Comparison/../benchmarks/part12/non-incremental/QF_BV/sage/app12/bench_224.smt2,1.78242,0,52,成功
/pub/data/jiafq/iscas/Parser_Comparison/../benchmarks/part12/non-incremental/QF_BV/sage/app12/bench_2240.smt2,3.08084,0,158,成功
/pub/data/jiafq/iscas/Parser_Comparison/../benchmarks/part12/non-incremental/QF_BV/sage/app12/bench_2241.smt2,3.23558,0,158,成功
/pub/data/jiafq/iscas/Parser_Comparison/../benchmarks/part12/non-incremental/QF_BV/sage/app12/bench_2242.smt2,3.03316,0,156,成功
/pub/data/jiafq/iscas/Parser_Comparison/../benchmarks/part12/non-incremental/QF_BV/sage/app12/bench_2243.smt2,3.17025,0,156,成功
/pub/data/jiafq/iscas/Parser_Comparison/../benchmarks/part12/non-incremental/QF_BV/sage/app12/bench_2244.smt2,2.11477,0,77,成功
/pub/data/jiafq/iscas/Parser_Comparison/../benchmarks/part12/non-incremental/QF_BV/sage/app12/bench_2245.smt2,2.11787,0,77,成功
/pub/data/jiafq/iscas/Parser_Comparison/../benchmarks/part12/non-incremental/QF_BV/sage/app12/bench_2246.smt2,1.9505,0,65,成功
/pub/data/jiafq/iscas/Parser_Comparison/../benchmarks/part12/non-incremental/QF_BV/sage/app12/bench_2247.smt2,1.95003,0,65,成功
/pub/data/jiafq/iscas/Parser_Comparison/../benchmarks/part12/non-incremental/QF_BV/sage/app12/bench_2248.smt2,3.99256,264,212,成功
/pub/data/jiafq/iscas/Parser_Comparison/../benchmarks/part12/non-incremental/QF_BV/sage/app12/bench_2249.smt2,3.10659,0,154,成功
/pub/data/jiafq/iscas/Parser_Comparison/../benchmarks/part12/non-incremental/QF_BV/sage/app12/bench_225.smt2,95.6829,1584,26889305,成功
/pub/data/jiafq/iscas/Parser_Comparison/../benchmarks/part12/non-incremental/QF_BV/sage/app12/bench_2250.smt2,2.94232,0,149,成功
/pub/data/jiafq/iscas/Parser_Comparison/../benchmarks/part12/non-incremental/QF_BV/sage/app12/bench_2251.smt2,2.88439,0,144,成功
/pub/data/jiafq/iscas/Parser_Comparison/../benchmarks/part12/non-incremental/QF_BV/sage/app12/bench_2252.smt2,2.95997,0,144,成功
/pub/data/jiafq/iscas/Parser_Comparison/../benchmarks/part12/non-incremental/QF_BV/sage/app12/bench_2253.smt2,2.918,0,144,成功
/pub/data/jiafq/iscas/Parser_Comparison/../benchmarks/part12/non-incremental/QF_BV/sage/app12/bench_2254.smt2,2.84529,0,137,成功
/pub/data/jiafq/iscas/Parser_Comparison/../benchmarks/part12/non-incremental/QF_BV/sage/app12/bench_2255.smt2,2.81906,0,137,成功
/pub/data/jiafq/iscas/Parser_Comparison/../benchmarks/part12/non-incremental/QF_BV/sage/app12/bench_2256.smt2,2.81334,0,137,成功
/pub/data/jiafq/iscas/Parser_Comparison/../benchmarks/part12/non-incremental/QF_BV/sage/app12/bench_2257.smt2,2.74754,0,135,成功
/pub/data/jiafq/iscas/Parser_Comparison/../benchmarks/part12/non-incremental/QF_BV/sage/app12/bench_2258.smt2,2.78211,0,135,成功
/pub/data/jiafq/iscas/Parser_Comparison/../benchmarks/part12/non-incremental/QF_BV/sage/app12/bench_2259.smt2,3.88217,264,210,成功
/pub/data/jiafq/iscas/Parser_Comparison/../benchmarks/part12/non-incremental/QF_BV/sage/app12/bench_226.smt2,3.98326,264,236,成功
/pub/data/jiafq/iscas/Parser_Comparison/../benchmarks/part12/non-incremental/QF_BV/sage/app12/bench_2260.smt2,1.81794,0,56,成功
/pub/data/jiafq/iscas/Parser_Comparison/../benchmarks/part12/non-incremental/QF_BV/sage/app12/bench_2261.smt2,1.82128,0,56,成功
/pub/data/jiafq/iscas/Parser_Comparison/../benchmarks/part12/non-incremental/QF_BV/sage/app12/bench_2262.smt2,35.7351,528,26884858,成功
/pub/data/jiafq/iscas/Parser_Comparison/../benchmarks/part12/non-incremental/QF_BV/sage/app12/bench_2263.smt2,1.62983,0,44,成功
/pub/data/jiafq/iscas/Parser_Comparison/../benchmarks/part12/non-incremental/QF_BV/sage/app12/bench_2264.smt2,1.60336,0,44,成功
/pub/data/jiafq/iscas/Parser_Comparison/../benchmarks/part12/non-incremental/QF_BV/sage/app12/bench_2265.smt2,1.44148,0,35,成功
/pub/data/jiafq/iscas/Parser_Comparison/../benchmarks/part12/non-incremental/QF_BV/sage/app12/bench_2266.smt2,1.44958,0,35,成功
/pub/data/jiafq/iscas/Parser_Comparison/../benchmarks/part12/non-incremental/QF_BV/sage/app12/bench_2267.smt2,1.31607,0,29,成功
/pub/data/jiafq/iscas/Parser_Comparison/../benchmarks/part12/non-incremental/QF_BV/sage/app12/bench_2268.smt2,1.25194,0,29,成功
/pub/data/jiafq/iscas/Parser_Comparison/../benchmarks/part12/non-incremental/QF_BV/sage/app12/bench_2269.smt2,1.02901,0,20,成功
/pub/data/jiafq/iscas/Parser_Comparison/../benchmarks/part12/non-incremental/QF_BV/sage/app12/bench_227.smt2,1.73903,0,48,成功
/pub/data/jiafq/iscas/Parser_Comparison/../benchmarks/part12/non-incremental/QF_BV/sage/app12/bench_2270.smt2,4.02689,264,210,成功
/pub/data/jiafq/iscas/Parser_Comparison/../benchmarks/part12/non-incremental/QF_BV/sage/app12/bench_2271.smt2,1.03283,0,20,成功
/pub/data/jiafq/iscas/Parser_Comparison/../benchmarks/part12/non-incremental/QF_BV/sage/app12/bench_2272.smt2,2.74992,0,133,成功
/pub/data/jiafq/iscas/Parser_Comparison/../benchmarks/part12/non-incremental/QF_BV/sage/app12/bench_2273.smt2,0.75388,0,11,成功
/pub/data/jiafq/iscas/Parser_Comparison/../benchmarks/part12/non-incremental/QF_BV/sage/app12/bench_2274.smt2,0.763178,0,11,成功
/pub/data/jiafq/iscas/Parser_Comparison/../benchmarks/part12/non-incremental/QF_BV/sage/app12/bench_2275.smt2,35.1999,528,26884858,成功
/pub/data/jiafq/iscas/Parser_Comparison/../benchmarks/part12/non-incremental/QF_BV/sage/app12/bench_2276.smt2,2.74706,0,128,成功
/pub/data/jiafq/iscas/Parser_Comparison/../benchmarks/part12/non-incremental/QF_BV/sage/app12/bench_2277.smt2,2.68626,0,128,成功
/pub/data/jiafq/iscas/Parser_Comparison/../benchmarks/part12/non-incremental/QF_BV/sage/app12/bench_2278.smt2,2.79355,0,128,成功
/pub/data/jiafq/iscas/Parser_Comparison/../benchmarks/part12/non-incremental/QF_BV/sage/app12/bench_2279.smt2,36.0885,528,26884858,成功
/pub/data/jiafq/iscas/Parser_Comparison/../benchmarks/part12/non-incremental/QF_BV/sage/app12/bench_228.smt2,1.74022,0,44,成功
/pub/data/jiafq/iscas/Parser_Comparison/../benchmarks/part12/non-incremental/QF_BV/sage/app12/bench_2280.smt2,35.6908,528,26884858,成功
/pub/data/jiafq/iscas/Parser_Comparison/../benchmarks/part12/non-incremental/QF_BV/sage/app12/bench_2281.smt2,3.86953,264,200,成功
/pub/data/jiafq/iscas/Parser_Comparison/../benchmarks/part12/non-incremental/QF_BV/sage/app12/bench_2282.smt2,2.72059,0,128,成功
/pub/data/jiafq/iscas/Parser_Comparison/../benchmarks/part12/non-incremental/QF_BV/sage/app12/bench_2283.smt2,2.69008,0,128,成功
/pub/data/jiafq/iscas/Parser_Comparison/../benchmarks/part12/non-incremental/QF_BV/sage/app12/bench_2284.smt2,35.7981,528,26884858,成功
/pub/data/jiafq/iscas/Parser_Comparison/../benchmarks/part12/non-incremental/QF_BV/sage/app12/bench_2285.smt2,35.5008,528,26884858,成功
/pub/data/jiafq/iscas/Parser_Comparison/../benchmarks/part12/non-incremental/QF_BV/sage/app12/bench_2286.smt2,2.60448,0,123,成功
/pub/data/jiafq/iscas/Parser_Comparison/../benchmarks/part12/non-incremental/QF_BV/sage/app12/bench_2287.smt2,35.2671,528,26884853,成功
/pub/data/jiafq/iscas/Parser_Comparison/../benchmarks/part12/non-incremental/QF_BV/sage/app12/bench_2288.smt2,2.58303,0,118,成功
/pub/data/jiafq/iscas/Parser_Comparison/../benchmarks/part12/non-incremental/QF_BV/sage/app12/bench_2289.smt2,50.0188,792,3389,成功
/pub/data/jiafq/iscas/Parser_Comparison/../benchmarks/part12/non-incremental/QF_BV/sage/app12/bench_229.smt2,1.35016,0,31,成功
/pub/data/jiafq/iscas/Parser_Comparison/../benchmarks/part12/non-incremental/QF_BV/sage/app12/bench_2290.smt2,50.6456,792,3389,成功
/pub/data/jiafq/iscas/Parser_Comparison/../benchmarks/part12/non-incremental/QF_BV/sage/app12/bench_2291.smt2,51.2733,792,3383,成功
/pub/data/jiafq/iscas/Parser_Comparison/../benchmarks/part12/non-incremental/QF_BV/sage/app12/bench_2292.smt2,3.84068,264,199,成功
/pub/data/jiafq/iscas/Parser_Comparison/../benchmarks/part12/non-incremental/QF_BV/sage/app12/bench_2293.smt2,51.1394,792,3383,成功
/pub/data/jiafq/iscas/Parser_Comparison/../benchmarks/part12/non-incremental/QF_BV/sage/app12/bench_2294.smt2,46.4849,792,3134,成功
/pub/data/jiafq/iscas/Parser_Comparison/../benchmarks/part12/non-incremental/QF_BV/sage/app12/bench_2295.smt2,54.6038,792,3134,成功
/pub/data/jiafq/iscas/Parser_Comparison/../benchmarks/part12/non-incremental/QF_BV/sage/app12/bench_2296.smt2,46.2856,792,3128,成功
/pub/data/jiafq/iscas/Parser_Comparison/../benchmarks/part12/non-incremental/QF_BV/sage/app12/bench_2297.smt2,47.2012,792,3128,成功
/pub/data/jiafq/iscas/Parser_Comparison/../benchmarks/part12/non-incremental/QF_BV/sage/app12/bench_2298.smt2,54.7173,792,2981,成功
/pub/data/jiafq/iscas/Parser_Comparison/../benchmarks/part12/non-incremental/QF_BV/sage/app12/bench_2299.smt2,44.9209,792,2981,成功
/pub/data/jiafq/iscas/Parser_Comparison/../benchmarks/part12/non-incremental/QF_BV/sage/app12/bench_23.smt2,0.930786,0,16,成功
/pub/data/jiafq/iscas/Parser_Comparison/../benchmarks/part12/non-incremental/QF_BV/sage/app12/bench_230.smt2,1.57332,0,47,成功
/pub/data/jiafq/iscas/Parser_Comparison/../benchmarks/part12/non-incremental/QF_BV/sage/app12/bench_2300.smt2,44.4739,792,2975,成功
/pub/data/jiafq/iscas/Parser_Comparison/../benchmarks/part12/non-incremental/QF_BV/sage/app12/bench_2301.smt2,44.852,792,2975,成功
/pub/data/jiafq/iscas/Parser_Comparison/../benchmarks/part12/non-incremental/QF_BV/sage/app12/bench_2302.smt2,43.5932,792,2915,成功
/pub/data/jiafq/iscas/Parser_Comparison/../benchmarks/part12/non-incremental/QF_BV/sage/app12/bench_2303.smt2,3.86119,0,199,成功
/pub/data/jiafq/iscas/Parser_Comparison/../benchmarks/part12/non-incremental/QF_BV/sage/app12/bench_2304.smt2,43.8914,792,2915,成功
/pub/data/jiafq/iscas/Parser_Comparison/../benchmarks/part12/non-incremental/QF_BV/sage/app12/bench_2305.smt2,43.9441,792,2909,成功
/pub/data/jiafq/iscas/Parser_Comparison/../benchmarks/part12/non-incremental/QF_BV/sage/app12/bench_2306.smt2,43.7367,792,2909,成功
/pub/data/jiafq/iscas/Parser_Comparison/../benchmarks/part12/non-incremental/QF_BV/sage/app12/bench_2307.smt2,43.5846,792,2891,成功
/pub/data/jiafq/iscas/Parser_Comparison/../benchmarks/part12/non-incremental/QF_BV/sage/app12/bench_2308.smt2,45.2223,792,2891,成功
/pub/data/jiafq/iscas/Parser_Comparison/../benchmarks/part12/non-incremental/QF_BV/sage/app12/bench_2309.smt2,42.9451,792,2885,成功
/pub/data/jiafq/iscas/Parser_Comparison/../benchmarks/part12/non-incremental/QF_BV/sage/app12/bench_231.smt2,0.932693,0,16,成功
/pub/data/jiafq/iscas/Parser_Comparison/../benchmarks/part12/non-incremental/QF_BV/sage/app12/bench_2310.smt2,43.1805,792,2885,成功
/pub/data/jiafq/iscas/Parser_Comparison/../benchmarks/part12/non-incremental/QF_BV/sage/app12/bench_2311.smt2,42.3486,792,2846,成功
/pub/data/jiafq/iscas/Parser_Comparison/../benchmarks/part12/non-incremental/QF_BV/sage/app12/bench_2312.smt2,42.3992,792,2846,成功
/pub/data/jiafq/iscas/Parser_Comparison/../benchmarks/part12/non-incremental/QF_BV/sage/app12/bench_2313.smt2,42.9122,792,2840,成功
/pub/data/jiafq/iscas/Parser_Comparison/../benchmarks/part12/non-incremental/QF_BV/sage/app12/bench_2314.smt2,3.71146,0,189,成功
/pub/data/jiafq/iscas/Parser_Comparison/../benchmarks/part12/non-incremental/QF_BV/sage/app12/bench_2315.smt2,42.6316,792,2840,成功
/pub/data/jiafq/iscas/Parser_Comparison/../benchmarks/part12/non-incremental/QF_BV/sage/app12/bench_2316.smt2,42.2273,792,2804,成功
/pub/data/jiafq/iscas/Parser_Comparison/../benchmarks/part12/non-incremental/QF_BV/sage/app12/bench_2317.smt2,42.336,792,2804,成功
/pub/data/jiafq/iscas/Parser_Comparison/../benchmarks/part12/non-incremental/QF_BV/sage/app12/bench_2318.smt2,41.8386,792,2798,成功
/pub/data/jiafq/iscas/Parser_Comparison/../benchmarks/part12/non-incremental/QF_BV/sage/app12/bench_2319.smt2,41.909,792,2798,成功
/pub/data/jiafq/iscas/Parser_Comparison/../benchmarks/part12/non-incremental/QF_BV/sage/app12/bench_232.smt2,66.8948,1056,26887211,成功
/pub/data/jiafq/iscas/Parser_Comparison/../benchmarks/part12/non-incremental/QF_BV/sage/app12/bench_2320.smt2,40.8995,792,2738,成功
/pub/data/jiafq/iscas/Parser_Comparison/../benchmarks/part12/non-incremental/QF_BV/sage/app12/bench_2321.smt2,41.3635,792,2738,成功
/pub/data/jiafq/iscas/Parser_Comparison/../benchmarks/part12/non-incremental/QF_BV/sage/app12/bench_2322.smt2,40.8351,792,2732,成功
/pub/data/jiafq/iscas/Parser_Comparison/../benchmarks/part12/non-incremental/QF_BV/sage/app12/bench_2323.smt2,40.9331,792,2732,成功
/pub/data/jiafq/iscas/Parser_Comparison/../benchmarks/part12/non-incremental/QF_BV/sage/app12/bench_2324.smt2,39.0923,792,2603,成功
/pub/data/jiafq/iscas/Parser_Comparison/../benchmarks/part12/non-incremental/QF_BV/sage/app12/bench_2325.smt2,3.69072,264,182,成功
/pub/data/jiafq/iscas/Parser_Comparison/../benchmarks/part12/non-incremental/QF_BV/sage/app12/bench_2326.smt2,39.9961,792,2603,成功
/pub/data/jiafq/iscas/Parser_Comparison/../benchmarks/part12/non-incremental/QF_BV/sage/app12/bench_2327.smt2,38.8312,792,2597,成功
/pub/data/jiafq/iscas/Parser_Comparison/../benchmarks/part12/non-incremental/QF_BV/sage/app12/bench_2328.smt2,38.7077,792,2597,成功
/pub/data/jiafq/iscas/Parser_Comparison/../benchmarks/part12/non-incremental/QF_BV/sage/app12/bench_2329.smt2,35.8806,792,2372,成功
/pub/data/jiafq/iscas/Parser_Comparison/../benchmarks/part12/non-incremental/QF_BV/sage/app12/bench_233.smt2,66.0584,1056,26887211,成功
/pub/data/jiafq/iscas/Parser_Comparison/../benchmarks/part12/non-incremental/QF_BV/sage/app12/bench_2330.smt2,37.6809,792,2372,成功
/pub/data/jiafq/iscas/Parser_Comparison/../benchmarks/part12/non-incremental/QF_BV/sage/app12/bench_2331.smt2,35.9538,792,2366,成功
/pub/data/jiafq/iscas/Parser_Comparison/../benchmarks/part12/non-incremental/QF_BV/sage/app12/bench_2332.smt2,37.3363,792,2366,成功
/pub/data/jiafq/iscas/Parser_Comparison/../benchmarks/part12/non-incremental/QF_BV/sage/app12/bench_2333.smt2,35.6286,792,2351,成功
/pub/data/jiafq/iscas/Parser_Comparison/../benchmarks/part12/non-incremental/QF_BV/sage/app12/bench_2334.smt2,37.065,792,2351,成功
/pub/data/jiafq/iscas/Parser_Comparison/../benchmarks/part12/non-incremental/QF_BV/sage/app12/bench_2335.smt2,35.4779,792,2345,成功
/pub/data/jiafq/iscas/Parser_Comparison/../benchmarks/part12/non-incremental/QF_BV/sage/app12/bench_2336.smt2,97.4677,1584,26889277,成功
/pub/data/jiafq/iscas/Parser_Comparison/../benchmarks/part12/non-incremental/QF_BV/sage/app12/bench_2337.smt2,3.63326,0,174,成功
/pub/data/jiafq/iscas/Parser_Comparison/../benchmarks/part12/non-incremental/QF_BV/sage/app12/bench_2338.smt2,35.8915,792,2345,成功
/pub/data/jiafq/iscas/Parser_Comparison/../benchmarks/part12/non-incremental/QF_BV/sage/app12/bench_2339.smt2,35.0239,792,2327,成功
/pub/data/jiafq/iscas/Parser_Comparison/../benchmarks/part12/non-incremental/QF_BV/sage/app12/bench_234.smt2,1.2176,0,24,成功
/pub/data/jiafq/iscas/Parser_Comparison/../benchmarks/part12/non-incremental/QF_BV/sage/app12/bench_2340.smt2,35.4962,792,2327,成功
/pub/data/jiafq/iscas/Parser_Comparison/../benchmarks/part12/non-incremental/QF_BV/sage/app12/bench_2341.smt2,35.4085,792,2321,成功
/pub/data/jiafq/iscas/Parser_Comparison/../benchmarks/part12/non-incremental/QF_BV/sage/app12/bench_2342.smt2,35.3601,792,2321,成功
/pub/data/jiafq/iscas/Parser_Comparison/../benchmarks/part12/non-incremental/QF_BV/sage/app12/bench_2343.smt2,32.3248,528,2126,成功
/pub/data/jiafq/iscas/Parser_Comparison/../benchmarks/part12/non-incremental/QF_BV/sage/app12/bench_2344.smt2,33.7431,528,2126,成功
/pub/data/jiafq/iscas/Parser_Comparison/../benchmarks/part12/non-incremental/QF_BV/sage/app12/bench_2345.smt2,32.1293,528,2120,成功
/pub/data/jiafq/iscas/Parser_Comparison/../benchmarks/part12/non-incremental/QF_BV/sage/app12/bench_2346.smt2,32.8891,528,2120,成功
/pub/data/jiafq/iscas/Parser_Comparison/../benchmarks/part12/non-incremental/QF_BV/sage/app12/bench_2347.smt2,30.7512,528,1997,成功
/pub/data/jiafq/iscas/Parser_Comparison/../benchmarks/part12/non-incremental/QF_BV/sage/app12/bench_2348.smt2,1.73616,0,47,成功
/pub/data/jiafq/iscas/Parser_Comparison/../benchmarks/part12/non-incremental/QF_BV/sage/app12/bench_2349.smt2,30.5269,528,1997,成功
/pub/data/jiafq/iscas/Parser_Comparison/../benchmarks/part12/non-incremental/QF_BV/sage/app12/bench_235.smt2,1.17135,0,24,成功
/pub/data/jiafq/iscas/Parser_Comparison/../benchmarks/part12/non-incremental/QF_BV/sage/app12/bench_2350.smt2,30.3433,528,1991,成功
/pub/data/jiafq/iscas/Parser_Comparison/../benchmarks/part12/non-incremental/QF_BV/sage/app12/bench_2351.smt2,30.6442,528,1991,成功
/pub/data/jiafq/iscas/Parser_Comparison/../benchmarks/part12/non-incremental/QF_BV/sage/app12/bench_2352.smt2,29.4724,528,1949,成功
/pub/data/jiafq/iscas/Parser_Comparison/../benchmarks/part12/non-incremental/QF_BV/sage/app12/bench_2353.smt2,29.8078,528,1949,成功
/pub/data/jiafq/iscas/Parser_Comparison/../benchmarks/part12/non-incremental/QF_BV/sage/app12/bench_2354.smt2,30.5583,528,1939,成功
/pub/data/jiafq/iscas/Parser_Comparison/../benchmarks/part12/non-incremental/QF_BV/sage/app12/bench_2355.smt2,29.4812,528,1939,成功
/pub/data/jiafq/iscas/Parser_Comparison/../benchmarks/part12/non-incremental/QF_BV/sage/app12/bench_2356.smt2,28.6317,528,1834,成功
/pub/data/jiafq/iscas/Parser_Comparison/../benchmarks/part12/non-incremental/QF_BV/sage/app12/bench_2357.smt2,28.2669,528,1834,成功
/pub/data/jiafq/iscas/Parser_Comparison/../benchmarks/part12/non-incremental/QF_BV/sage/app12/bench_2358.smt2,28.9426,528,1828,成功
/pub/data/jiafq/iscas/Parser_Comparison/../benchmarks/part12/non-incremental/QF_BV/sage/app12/bench_2359.smt2,3.62086,0,168,成功
/pub/data/jiafq/iscas/Parser_Comparison/../benchmarks/part12/non-incremental/QF_BV/sage/app12/bench_236.smt2,2.86293,0,197,成功
/pub/data/jiafq/iscas/Parser_Comparison/../benchmarks/part12/non-incremental/QF_BV/sage/app12/bench_2360.smt2,28.0194,528,1828,成功
/pub/data/jiafq/iscas/Parser_Comparison/../benchmarks/part12/non-incremental/QF_BV/sage/app12/bench_2361.smt2,28.1858,528,1813,成功
/pub/data/jiafq/iscas/Parser_Comparison/../benchmarks/part12/non-incremental/QF_BV/sage/app12/bench_2362.smt2,27.9565,528,1813,成功
/pub/data/jiafq/iscas/Parser_Comparison/../benchmarks/part12/non-incremental/QF_BV/sage/app12/bench_2363.smt2,28.1708,528,1807,成功
/pub/data/jiafq/iscas/Parser_Comparison/../benchmarks/part12/non-incremental/QF_BV/sage/app12/bench_2364.smt2,27.5893,528,1807,成功
/pub/data/jiafq/iscas/Parser_Comparison/../benchmarks/part12/non-incremental/QF_BV/sage/app12/bench_2365.smt2,27.0259,528,1750,成功
/pub/data/jiafq/iscas/Parser_Comparison/../benchmarks/part12/non-incremental/QF_BV/sage/app12/bench_2366.smt2,27.072,528,1750,成功
/pub/data/jiafq/iscas/Parser_Comparison/../benchmarks/part12/non-incremental/QF_BV/sage/app12/bench_2367.smt2,27.1318,528,1744,成功
/pub/data/jiafq/iscas/Parser_Comparison/../benchmarks/part12/non-incremental/QF_BV/sage/app12/bench_2368.smt2,26.6666,528,1744,成功
/pub/data/jiafq/iscas/Parser_Comparison/../benchmarks/part12/non-incremental/QF_BV/sage/app12/bench_2369.smt2,27.36,528,1729,成功
/pub/data/jiafq/iscas/Parser_Comparison/../benchmarks/part12/non-incremental/QF_BV/sage/app12/bench_237.smt2,95.7792,1584,26889224,成功
/pub/data/jiafq/iscas/Parser_Comparison/../benchmarks/part12/non-incremental/QF_BV/sage/app12/bench_2370.smt2,3.52907,0,161,成功
/pub/data/jiafq/iscas/Parser_Comparison/../benchmarks/part12/non-incremental/QF_BV/sage/app12/bench_2371.smt2,28.1026,528,1729,成功
/pub/data/jiafq/iscas/Parser_Comparison/../benchmarks/part12/non-incremental/QF_BV/sage/app12/bench_2372.smt2,27.3366,528,1723,成功
/pub/data/jiafq/iscas/Parser_Comparison/../benchmarks/part12/non-incremental/QF_BV/sage/app12/bench_2373.smt2,26.7215,528,1723,成功
/pub/data/jiafq/iscas/Parser_Comparison/../benchmarks/part12/non-incremental/QF_BV/sage/app12/bench_2374.smt2,21.5003,528,1354,成功
/pub/data/jiafq/iscas/Parser_Comparison/../benchmarks/part12/non-incremental/QF_BV/sage/app12/bench_2375.smt2,21.1132,528,1354,成功
/pub/data/jiafq/iscas/Parser_Comparison/../benchmarks/part12/non-incremental/QF_BV/sage/app12/bench_2376.smt2,21.7168,528,1348,成功
/pub/data/jiafq/iscas/Parser_Comparison/../benchmarks/part12/non-incremental/QF_BV/sage/app12/bench_2377.smt2,21.2562,528,1348,成功
/pub/data/jiafq/iscas/Parser_Comparison/../benchmarks/part12/non-incremental/QF_BV/sage/app12/bench_2378.smt2,17.369,264,1071,成功
/pub/data/jiafq/iscas/Parser_Comparison/../benchmarks/part12/non-incremental/QF_BV/sage/app12/bench_2379.smt2,17.813,264,1071,成功
/pub/data/jiafq/iscas/Parser_Comparison/../benchmarks/part12/non-incremental/QF_BV/sage/app12/bench_238.smt2,1.03235,0,21,成功
/pub/data/jiafq/iscas/Parser_Comparison/../benchmarks/part12/non-incremental/QF_BV/sage/app12/bench_2380.smt2,17.3664,264,1065,成功
/pub/data/jiafq/iscas/Parser_Comparison/../benchmarks/part12/non-incremental/QF_BV/sage/app12/bench_2381.smt2,3.54481,0,161,成功
/pub/data/jiafq/iscas/Parser_Comparison/../benchmarks/part12/non-incremental/QF_BV/sage/app12/bench_2382.smt2,17.014,264,1065,成功
/pub/data/jiafq/iscas/Parser_Comparison/../benchmarks/part12/non-incremental/QF_BV/sage/app12/bench_2383.smt2,16.8533,264,1050,成功
/pub/data/jiafq/iscas/Parser_Comparison/../benchmarks/part12/non-incremental/QF_BV/sage/app12/bench_2384.smt2,17.0395,264,1050,成功
/pub/data/jiafq/iscas/Parser_Comparison/../benchmarks/part12/non-incremental/QF_BV/sage/app12/bench_2385.smt2,16.5887,264,1044,成功
/pub/data/jiafq/iscas/Parser_Comparison/../benchmarks/part12/non-incremental/QF_BV/sage/app12/bench_2386.smt2,17.3125,264,1044,成功
/pub/data/jiafq/iscas/Parser_Comparison/../benchmarks/part12/non-incremental/QF_BV/sage/app12/bench_2387.smt2,16.6411,264,1029,成功
/pub/data/jiafq/iscas/Parser_Comparison/../benchmarks/part12/non-incremental/QF_BV/sage/app12/bench_2388.smt2,16.504,264,1029,成功
/pub/data/jiafq/iscas/Parser_Comparison/../benchmarks/part12/non-incremental/QF_BV/sage/app12/bench_2389.smt2,16.4714,264,1023,成功
/pub/data/jiafq/iscas/Parser_Comparison/../benchmarks/part12/non-incremental/QF_BV/sage/app12/bench_239.smt2,0.923395,0,15,成功
/pub/data/jiafq/iscas/Parser_Comparison/../benchmarks/part12/non-incremental/QF_BV/sage/app12/bench_2390.smt2,16.5508,264,1023,成功
/pub/data/jiafq/iscas/Parser_Comparison/../benchmarks/part12/non-incremental/QF_BV/sage/app12/bench_2391.smt2,16.2606,264,1008,成功
/pub/data/jiafq/iscas/Parser_Comparison/../benchmarks/part12/non-incremental/QF_BV/sage/app12/bench_2392.smt2,3.52645,0,161,成功
/pub/data/jiafq/iscas/Parser_Comparison/../benchmarks/part12/non-incremental/QF_BV/sage/app12/bench_2393.smt2,16.1824,264,1008,成功
/pub/data/jiafq/iscas/Parser_Comparison/../benchmarks/part12/non-incremental/QF_BV/sage/app12/bench_2394.smt2,16.2044,264,1002,成功
/pub/data/jiafq/iscas/Parser_Comparison/../benchmarks/part12/non-incremental/QF_BV/sage/app12/bench_2395.smt2,16.2835,264,1002,成功
/pub/data/jiafq/iscas/Parser_Comparison/../benchmarks/part12/non-incremental/QF_BV/sage/app12/bench_2396.smt2,16.1123,264,984,成功
/pub/data/jiafq/iscas/Parser_Comparison/../benchmarks/part12/non-incremental/QF_BV/sage/app12/bench_2397.smt2,16.2501,264,984,成功
/pub/data/jiafq/iscas/Parser_Comparison/../benchmarks/part12/non-incremental/QF_BV/sage/app12/bench_2398.smt2,15.8165,264,978,成功
/pub/data/jiafq/iscas/Parser_Comparison/../benchmarks/part12/non-incremental/QF_BV/sage/app12/bench_2399.smt2,16.4194,264,978,成功
/pub/data/jiafq/iscas/Parser_Comparison/../benchmarks/part12/non-incremental/QF_BV/sage/app12/bench_24.smt2,72.469,1056,26887587,成功
/pub/data/jiafq/iscas/Parser_Comparison/../benchmarks/part12/non-incremental/QF_BV/sage/app12/bench_240.smt2,0.679731,0,9,成功
/pub/data/jiafq/iscas/Parser_Comparison/../benchmarks/part12/non-incremental/QF_BV/sage/app12/bench_2400.smt2,15.8024,264,963,成功
/pub/data/jiafq/iscas/Parser_Comparison/../benchmarks/part12/non-incremental/QF_BV/sage/app12/bench_2401.smt2,15.8799,264,963,成功
/pub/data/jiafq/iscas/Parser_Comparison/../benchmarks/part12/non-incremental/QF_BV/sage/app12/bench_2402.smt2,15.8625,264,957,成功
/pub/data/jiafq/iscas/Parser_Comparison/../benchmarks/part12/non-incremental/QF_BV/sage/app12/bench_2403.smt2,3.45063,0,155,成功
/pub/data/jiafq/iscas/Parser_Comparison/../benchmarks/part12/non-incremental/QF_BV/sage/app12/bench_2404.smt2,15.6972,264,957,成功
/pub/data/jiafq/iscas/Parser_Comparison/../benchmarks/part12/non-incremental/QF_BV/sage/app12/bench_2405.smt2,15.3096,264,945,成功
/pub/data/jiafq/iscas/Parser_Comparison/../benchmarks/part12/non-incremental/QF_BV/sage/app12/bench_2406.smt2,15.2521,264,945,成功
/pub/data/jiafq/iscas/Parser_Comparison/../benchmarks/part12/non-incremental/QF_BV/sage/app12/bench_2407.smt2,15.4989,264,939,成功
/pub/data/jiafq/iscas/Parser_Comparison/../benchmarks/part12/non-incremental/QF_BV/sage/app12/bench_2408.smt2,16.243,264,939,成功
/pub/data/jiafq/iscas/Parser_Comparison/../benchmarks/part12/non-incremental/QF_BV/sage/app12/bench_2409.smt2,15.1441,264,924,成功
/pub/data/jiafq/iscas/Parser_Comparison/../benchmarks/part12/non-incremental/QF_BV/sage/app12/bench_241.smt2,1.16348,0,33,成功
/pub/data/jiafq/iscas/Parser_Comparison/../benchmarks/part12/non-incremental/QF_BV/sage/app12/bench_2410.smt2,15.1427,264,924,成功
/pub/data/jiafq/iscas/Parser_Comparison/../benchmarks/part12/non-incremental/QF_BV/sage/app12/bench_2411.smt2,15.0054,264,918,成功
/pub/data/jiafq/iscas/Parser_Comparison/../benchmarks/part12/non-incremental/QF_BV/sage/app12/bench_2412.smt2,15.0266,264,918,成功
/pub/data/jiafq/iscas/Parser_Comparison/../benchmarks/part12/non-incremental/QF_BV/sage/app12/bench_2413.smt2,15.3899,264,906,成功
/pub/data/jiafq/iscas/Parser_Comparison/../benchmarks/part12/non-incremental/QF_BV/sage/app12/bench_2414.smt2,3.33953,0,151,成功
/pub/data/jiafq/iscas/Parser_Comparison/../benchmarks/part12/non-incremental/QF_BV/sage/app12/bench_2415.smt2,15.2578,264,906,成功
/pub/data/jiafq/iscas/Parser_Comparison/../benchmarks/part12/non-incremental/QF_BV/sage/app12/bench_2416.smt2,14.6854,264,900,成功
/pub/data/jiafq/iscas/Parser_Comparison/../benchmarks/part12/non-incremental/QF_BV/sage/app12/bench_2417.smt2,14.6294,264,900,成功
/pub/data/jiafq/iscas/Parser_Comparison/../benchmarks/part12/non-incremental/QF_BV/sage/app12/bench_2418.smt2,14.6434,264,888,成功
/pub/data/jiafq/iscas/Parser_Comparison/../benchmarks/part12/non-incremental/QF_BV/sage/app12/bench_2419.smt2,17.4949,264,888,成功
/pub/data/jiafq/iscas/Parser_Comparison/../benchmarks/part12/non-incremental/QF_BV/sage/app12/bench_242.smt2,1.14417,0,28,成功
/pub/data/jiafq/iscas/Parser_Comparison/../benchmarks/part12/non-incremental/QF_BV/sage/app12/bench_2420.smt2,15.1179,264,882,成功
/pub/data/jiafq/iscas/Parser_Comparison/../benchmarks/part12/non-incremental/QF_BV/sage/app12/bench_2421.smt2,14.7016,264,882,成功
/pub/data/jiafq/iscas/Parser_Comparison/../benchmarks/part12/non-incremental/QF_BV/sage/app12/bench_2422.smt2,14.7381,264,864,成功
/pub/data/jiafq/iscas/Parser_Comparison/../benchmarks/part12/non-incremental/QF_BV/sage/app12/bench_2423.smt2,14.6675,264,864,成功
/pub/data/jiafq/iscas/Parser_Comparison/../benchmarks/part12/non-incremental/QF_BV/sage/app12/bench_2424.smt2,14.7514,264,858,成功
/pub/data/jiafq/iscas/Parser_Comparison/../benchmarks/part12/non-incremental/QF_BV/sage/app12/bench_2425.smt2,3.43513,0,150,成功
/pub/data/jiafq/iscas/Parser_Comparison/../benchmarks/part12/non-incremental/QF_BV/sage/app12/bench_2426.smt2,14.5037,264,858,成功
/pub/data/jiafq/iscas/Parser_Comparison/../benchmarks/part12/non-incremental/QF_BV/sage/app12/bench_2427.smt2,14.0467,264,843,成功
/pub/data/jiafq/iscas/Parser_Comparison/../benchmarks/part12/non-incremental/QF_BV/sage/app12/bench_2428.smt2,13.8774,264,843,成功
/pub/data/jiafq/iscas/Parser_Comparison/../benchmarks/part12/non-incremental/QF_BV/sage/app12/bench_2429.smt2,13.9868,264,837,成功
/pub/data/jiafq/iscas/Parser_Comparison/../benchmarks/part12/non-incremental/QF_BV/sage/app12/bench_243.smt2,1.03426,0,24,成功
/pub/data/jiafq/iscas/Parser_Comparison/../benchmarks/part12/non-incremental/QF_BV/sage/app12/bench_2430.smt2,13.911,264,837,成功
/pub/data/jiafq/iscas/Parser_Comparison/../benchmarks/part12/non-incremental/QF_BV/sage/app12/bench_2431.smt2,13.597,264,818,成功
/pub/data/jiafq/iscas/Parser_Comparison/../benchmarks/part12/non-incremental/QF_BV/sage/app12/bench_2432.smt2,13.8218,264,818,成功
/pub/data/jiafq/iscas/Parser_Comparison/../benchmarks/part12/non-incremental/QF_BV/sage/app12/bench_2433.smt2,13.1583,264,812,成功
/pub/data/jiafq/iscas/Parser_Comparison/../benchmarks/part12/non-incremental/QF_BV/sage/app12/bench_2434.smt2,13.5579,264,812,成功
/pub/data/jiafq/iscas/Parser_Comparison/../benchmarks/part12/non-incremental/QF_BV/sage/app12/bench_2435.smt2,12.9457,264,800,成功
/pub/data/jiafq/iscas/Parser_Comparison/../benchmarks/part12/non-incremental/QF_BV/sage/app12/bench_2436.smt2,3.5634,264,150,成功
/pub/data/jiafq/iscas/Parser_Comparison/../benchmarks/part12/non-incremental/QF_BV/sage/app12/bench_2437.smt2,13.0551,264,800,成功
/pub/data/jiafq/iscas/Parser_Comparison/../benchmarks/part12/non-incremental/QF_BV/sage/app12/bench_2438.smt2,12.8782,264,794,成功
/pub/data/jiafq/iscas/Parser_Comparison/../benchmarks/part12/non-incremental/QF_BV/sage/app12/bench_2439.smt2,12.8577,264,794,成功
/pub/data/jiafq/iscas/Parser_Comparison/../benchmarks/part12/non-incremental/QF_BV/sage/app12/bench_244.smt2,1.0345,0,19,成功
/pub/data/jiafq/iscas/Parser_Comparison/../benchmarks/part12/non-incremental/QF_BV/sage/app12/bench_2440.smt2,12.8615,264,779,成功
/pub/data/jiafq/iscas/Parser_Comparison/../benchmarks/part12/non-incremental/QF_BV/sage/app12/bench_2441.smt2,12.5771,264,779,成功
/pub/data/jiafq/iscas/Parser_Comparison/../benchmarks/part12/non-incremental/QF_BV/sage/app12/bench_2442.smt2,12.4822,264,773,成功
/pub/data/jiafq/iscas/Parser_Comparison/../benchmarks/part12/non-incremental/QF_BV/sage/app12/bench_2443.smt2,13.7224,264,773,成功
/pub/data/jiafq/iscas/Parser_Comparison/../benchmarks/part12/non-incremental/QF_BV/sage/app12/bench_2444.smt2,12.2542,264,758,成功
/pub/data/jiafq/iscas/Parser_Comparison/../benchmarks/part12/non-incremental/QF_BV/sage/app12/bench_2445.smt2,12.305,264,758,成功
/pub/data/jiafq/iscas/Parser_Comparison/../benchmarks/part12/non-incremental/QF_BV/sage/app12/bench_2446.smt2,12.1338,264,752,成功
/pub/data/jiafq/iscas/Parser_Comparison/../benchmarks/part12/non-incremental/QF_BV/sage/app12/bench_2447.smt2,5.1322,264,301,成功
/pub/data/jiafq/iscas/Parser_Comparison/../benchmarks/part12/non-incremental/QF_BV/sage/app12/bench_2448.smt2,3.30424,0,145,成功
/pub/data/jiafq/iscas/Parser_Comparison/../benchmarks/part12/non-incremental/QF_BV/sage/app12/bench_2449.smt2,12.2337,264,752,成功
/pub/data/jiafq/iscas/Parser_Comparison/../benchmarks/part12/non-incremental/QF_BV/sage/app12/bench_245.smt2,0.912905,0,15,成功
/pub/data/jiafq/iscas/Parser_Comparison/../benchmarks/part12/non-incremental/QF_BV/sage/app12/bench_2450.smt2,12.1267,264,737,成功
/pub/data/jiafq/iscas/Parser_Comparison/../benchmarks/part12/non-incremental/QF_BV/sage/app12/bench_2451.smt2,11.9474,264,737,成功
/pub/data/jiafq/iscas/Parser_Comparison/../benchmarks/part12/non-incremental/QF_BV/sage/app12/bench_2452.smt2,11.8179,264,731,成功
/pub/data/jiafq/iscas/Parser_Comparison/../benchmarks/part12/non-incremental/QF_BV/sage/app12/bench_2453.smt2,11.8933,264,731,成功
/pub/data/jiafq/iscas/Parser_Comparison/../benchmarks/part12/non-incremental/QF_BV/sage/app12/bench_2454.smt2,11.5876,264,716,成功
/pub/data/jiafq/iscas/Parser_Comparison/../benchmarks/part12/non-incremental/QF_BV/sage/app12/bench_2455.smt2,11.6067,264,716,成功
/pub/data/jiafq/iscas/Parser_Comparison/../benchmarks/part12/non-incremental/QF_BV/sage/app12/bench_2456.smt2,11.6291,264,710,成功
/pub/data/jiafq/iscas/Parser_Comparison/../benchmarks/part12/non-incremental/QF_BV/sage/app12/bench_2457.smt2,11.3366,264,710,成功
/pub/data/jiafq/iscas/Parser_Comparison/../benchmarks/part12/non-incremental/QF_BV/sage/app12/bench_2458.smt2,11.2925,264,695,成功
/pub/data/jiafq/iscas/Parser_Comparison/../benchmarks/part12/non-incremental/QF_BV/sage/app12/bench_2459.smt2,3.25036,0,145,成功
/pub/data/jiafq/iscas/Parser_Comparison/../benchmarks/part12/non-incremental/QF_BV/sage/app12/bench_246.smt2,1.18232,0,25,成功
/pub/data/jiafq/iscas/Parser_Comparison/../benchmarks/part12/non-incremental/QF_BV/sage/app12/bench_2460.smt2,11.3785,264,695,成功
/pub/data/jiafq/iscas/Parser_Comparison/../benchmarks/part12/non-incremental/QF_BV/sage/app12/bench_2461.smt2,11.3511,264,689,成功
/pub/data/jiafq/iscas/Parser_Comparison/../benchmarks/part12/non-incremental/QF_BV/sage/app12/bench_2462.smt2,11.1542,264,689,成功
/pub/data/jiafq/iscas/Parser_Comparison/../benchmarks/part12/non-incremental/QF_BV/sage/app12/bench_2463.smt2,11.3056,264,680,成功
/pub/data/jiafq/iscas/Parser_Comparison/../benchmarks/part12/non-incremental/QF_BV/sage/app12/bench_2464.smt2,11.3277,264,680,成功
/pub/data/jiafq/iscas/Parser_Comparison/../benchmarks/part12/non-incremental/QF_BV/sage/app12/bench_2465.smt2,11.287,264,674,成功
/pub/data/jiafq/iscas/Parser_Comparison/../benchmarks/part12/non-incremental/QF_BV/sage/app12/bench_2466.smt2,10.7498,264,674,成功
/pub/data/jiafq/iscas/Parser_Comparison/../benchmarks/part12/non-incremental/QF_BV/sage/app12/bench_2467.smt2,2.43783,0,113,成功
/pub/data/jiafq/iscas/Parser_Comparison/../benchmarks/part12/non-incremental/QF_BV/sage/app12/bench_2468.smt2,35.2702,528,26884853,成功
/pub/data/jiafq/iscas/Parser_Comparison/../benchmarks/part12/non-incremental/QF_BV/sage/app12/bench_2469.smt2,34.9793,528,26884847,成功
/pub/data/jiafq/iscas/Parser_Comparison/../benchmarks/part12/non-incremental/QF_BV/sage/app12/bench_247.smt2,0.642776,0,9,成功
/pub/data/jiafq/iscas/Parser_Comparison/../benchmarks/part12/non-incremental/QF_BV/sage/app12/bench_2470.smt2,3.31879,0,140,成功
/pub/data/jiafq/iscas/Parser_Comparison/../benchmarks/part12/non-incremental/QF_BV/sage/app12/bench_2471.smt2,8.0924,264,464,成功
/pub/data/jiafq/iscas/Parser_Comparison/../benchmarks/part12/non-incremental/QF_BV/sage/app12/bench_2472.smt2,8.22759,264,464,成功
/pub/data/jiafq/iscas/Parser_Comparison/../benchmarks/part12/non-incremental/QF_BV/sage/app12/bench_2473.smt2,34.9245,528,26884847,成功
/pub/data/jiafq/iscas/Parser_Comparison/../benchmarks/part12/non-incremental/QF_BV/sage/app12/bench_2474.smt2,35.1772,528,26884841,成功
/pub/data/jiafq/iscas/Parser_Comparison/../benchmarks/part12/non-incremental/QF_BV/sage/app12/bench_2475.smt2,7.936,264,443,成功
/pub/data/jiafq/iscas/Parser_Comparison/../benchmarks/part12/non-incremental/QF_BV/sage/app12/bench_2476.smt2,7.77006,264,443,成功
/pub/data/jiafq/iscas/Parser_Comparison/../benchmarks/part12/non-incremental/QF_BV/sage/app12/bench_2477.smt2,7.74956,264,428,成功
/pub/data/jiafq/iscas/Parser_Comparison/../benchmarks/part12/non-incremental/QF_BV/sage/app12/bench_2478.smt2,7.5202,264,428,成功
/pub/data/jiafq/iscas/Parser_Comparison/../benchmarks/part12/non-incremental/QF_BV/sage/app12/bench_2479.smt2,7.49302,264,413,成功
/pub/data/jiafq/iscas/Parser_Comparison/../benchmarks/part12/non-incremental/QF_BV/sage/app12/bench_248.smt2,3.98159,264,236,成功
/pub/data/jiafq/iscas/Parser_Comparison/../benchmarks/part12/non-incremental/QF_BV/sage/app12/bench_2480.smt2,7.42769,264,413,成功
/pub/data/jiafq/iscas/Parser_Comparison/../benchmarks/part12/non-incremental/QF_BV/sage/app12/bench_2481.smt2,3.15094,0,136,成功
/pub/data/jiafq/iscas/Parser_Comparison/../benchmarks/part12/non-incremental/QF_BV/sage/app12/bench_2482.smt2,7.23553,264,401,成功
/pub/data/jiafq/iscas/Parser_Comparison/../benchmarks/part12/non-incremental/QF_BV/sage/app12/bench_2483.smt2,7.31254,264,401,成功
/pub/data/jiafq/iscas/Parser_Comparison/../benchmarks/part12/non-incremental/QF_BV/sage/app12/bench_2484.smt2,7.05147,264,386,成功
/pub/data/jiafq/iscas/Parser_Comparison/../benchmarks/part12/non-incremental/QF_BV/sage/app12/bench_2485.smt2,7.07936,264,386,成功
/pub/data/jiafq/iscas/Parser_Comparison/../benchmarks/part12/non-incremental/QF_BV/sage/app12/bench_2486.smt2,6.81043,264,371,成功
/pub/data/jiafq/iscas/Parser_Comparison/../benchmarks/part12/non-incremental/QF_BV/sage/app12/bench_2487.smt2,6.75225,264,371,成功
/pub/data/jiafq/iscas/Parser_Comparison/../benchmarks/part12/non-incremental/QF_BV/sage/app12/bench_2488.smt2,6.59895,264,359,成功
/pub/data/jiafq/iscas/Parser_Comparison/../benchmarks/part12/non-incremental/QF_BV/sage/app12/bench_2489.smt2,6.65736,264,359,成功
/pub/data/jiafq/iscas/Parser_Comparison/../benchmarks/part12/non-incremental/QF_BV/sage/app12/bench_249.smt2,2.66099,0,188,成功
/pub/data/jiafq/iscas/Parser_Comparison/../benchmarks/part12/non-incremental/QF_BV/sage/app12/bench_2490.smt2,6.55484,264,344,成功
/pub/data/jiafq/iscas/Parser_Comparison/../benchmarks/part12/non-incremental/QF_BV/sage/app12/bench_2491.smt2,6.46639,264,344,成功
/pub/data/jiafq/iscas/Parser_Comparison/../benchmarks/part12/non-incremental/QF_BV/sage/app12/bench_2492.smt2,3.05033,0,135,成功
/pub/data/jiafq/iscas/Parser_Comparison/../benchmarks/part12/non-incremental/QF_BV/sage/app12/bench_2493.smt2,6.30713,264,338,成功
/pub/data/jiafq/iscas/Parser_Comparison/../benchmarks/part12/non-incremental/QF_BV/sage/app12/bench_2494.smt2,6.19578,264,338,成功
/pub/data/jiafq/iscas/Parser_Comparison/../benchmarks/part12/non-incremental/QF_BV/sage/app12/bench_2495.smt2,6.14643,264,323,成功
/pub/data/jiafq/iscas/Parser_Comparison/../benchmarks/part12/non-incremental/QF_BV/sage/app12/bench_2496.smt2,6.07657,264,323,成功
/pub/data/jiafq/iscas/Parser_Comparison/../benchmarks/part12/non-incremental/QF_BV/sage/app12/bench_2497.smt2,5.95546,264,308,成功
/pub/data/jiafq/iscas/Parser_Comparison/../benchmarks/part12/non-incremental/QF_BV/sage/app12/bench_2498.smt2,5.98645,264,308,成功
/pub/data/jiafq/iscas/Parser_Comparison/../benchmarks/part12/non-incremental/QF_BV/sage/app12/bench_2499.smt2,5.74136,264,290,成功
/pub/data/jiafq/iscas/Parser_Comparison/../benchmarks/part12/non-incremental/QF_BV/sage/app12/bench_25.smt2,72.6519,1056,26887587,成功
/pub/data/jiafq/iscas/Parser_Comparison/../benchmarks/part12/non-incremental/QF_BV/sage/app12/bench_250.smt2,2.54726,0,188,成功
/pub/data/jiafq/iscas/Parser_Comparison/../benchmarks/part12/non-incremental/QF_BV/sage/app12/bench_2500.smt2,5.78594,264,290,成功
/pub/data/jiafq/iscas/Parser_Comparison/../benchmarks/part12/non-incremental/QF_BV/sage/app12/bench_2501.smt2,34.9457,528,26884841,成功
/pub/data/jiafq/iscas/Parser_Comparison/../benchmarks/part12/non-incremental/QF_BV/sage/app12/bench_2502.smt2,35.4187,528,26884835,成功
/pub/data/jiafq/iscas/Parser_Comparison/../benchmarks/part12/non-incremental/QF_BV/sage/app12/bench_2503.smt2,3.05796,0,132,成功
/pub/data/jiafq/iscas/Parser_Comparison/../benchmarks/part12/non-incremental/QF_BV/sage/app12/bench_2504.smt2,5.50795,264,278,成功
/pub/data/jiafq/iscas/Parser_Comparison/../benchmarks/part12/non-incremental/QF_BV/sage/app12/bench_2505.smt2,5.74112,264,278,成功
/pub/data/jiafq/iscas/Parser_Comparison/../benchmarks/part12/non-incremental/QF_BV/sage/app12/bench_2506.smt2,35.0497,528,26884835,成功
/pub/data/jiafq/iscas/Parser_Comparison/../benchmarks/part12/non-incremental/QF_BV/sage/app12/bench_2507.smt2,35.6259,528,26884835,成功
/pub/data/jiafq/iscas/Parser_Comparison/../benchmarks/part12/non-incremental/QF_BV/sage/app12/bench_2508.smt2,35.0556,528,26884829,成功
/pub/data/jiafq/iscas/Parser_Comparison/../benchmarks/part12/non-incremental/QF_BV/sage/app12/bench_2509.smt2,5.34058,264,263,成功
/pub/data/jiafq/iscas/Parser_Comparison/../benchmarks/part12/non-incremental/QF_BV/sage/app12/bench_251.smt2,2.56109,0,188,成功
/pub/data/jiafq/iscas/Parser_Comparison/../benchmarks/part12/non-incremental/QF_BV/sage/app12/bench_2510.smt2,5.3668,264,263,成功
/pub/data/jiafq/iscas/Parser_Comparison/../benchmarks/part12/non-incremental/QF_BV/sage/app12/bench_2511.smt2,5.35226,264,254,成功
/pub/data/jiafq/iscas/Parser_Comparison/../benchmarks/part12/non-incremental/QF_BV/sage/app12/bench_2512.smt2,5.41925,264,254,成功
/pub/data/jiafq/iscas/Parser_Comparison/../benchmarks/part12/non-incremental/QF_BV/sage/app12/bench_2513.smt2,5.19323,264,239,成功
/pub/data/jiafq/iscas/Parser_Comparison/../benchmarks/part12/non-incremental/QF_BV/sage/app12/bench_2514.smt2,3.01337,0,126,成功
/pub/data/jiafq/iscas/Parser_Comparison/../benchmarks/part12/non-incremental/QF_BV/sage/app12/bench_2515.smt2,5.16582,264,239,成功
/pub/data/jiafq/iscas/Parser_Comparison/../benchmarks/part12/non-incremental/QF_BV/sage/app12/bench_2516.smt2,4.86898,264,227,成功
/pub/data/jiafq/iscas/Parser_Comparison/../benchmarks/part12/non-incremental/QF_BV/sage/app12/bench_2517.smt2,4.81057,264,227,成功
/pub/data/jiafq/iscas/Parser_Comparison/../benchmarks/part12/non-incremental/QF_BV/sage/app12/bench_2518.smt2,4.67873,264,215,成功
/pub/data/jiafq/iscas/Parser_Comparison/../benchmarks/part12/non-incremental/QF_BV/sage/app12/bench_2519.smt2,4.6401,264,215,成功
/pub/data/jiafq/iscas/Parser_Comparison/../benchmarks/part12/non-incremental/QF_BV/sage/app12/bench_252.smt2,2.57277,0,188,成功
/pub/data/jiafq/iscas/Parser_Comparison/../benchmarks/part12/non-incremental/QF_BV/sage/app12/bench_2520.smt2,4.45318,264,203,成功
/pub/data/jiafq/iscas/Parser_Comparison/../benchmarks/part12/non-incremental/QF_BV/sage/app12/bench_2521.smt2,4.48799,264,203,成功
/pub/data/jiafq/iscas/Parser_Comparison/../benchmarks/part12/non-incremental/QF_BV/sage/app12/bench_2522.smt2,3.64923,264,188,成功
/pub/data/jiafq/iscas/Parser_Comparison/../benchmarks/part12/non-incremental/QF_BV/sage/app12/bench_2523.smt2,3.71313,264,188,成功
/pub/data/jiafq/iscas/Parser_Comparison/../benchmarks/part12/non-incremental/QF_BV/sage/app12/bench_2524.smt2,3.57914,264,176,成功
/pub/data/jiafq/iscas/Parser_Comparison/../benchmarks/part12/non-incremental/QF_BV/sage/app12/bench_2525.smt2,3.00407,0,126,成功
/pub/data/jiafq/iscas/Parser_Comparison/../benchmarks/part12/non-incremental/QF_BV/sage/app12/bench_2526.smt2,3.48163,264,176,成功
/pub/data/jiafq/iscas/Parser_Comparison/../benchmarks/part12/non-incremental/QF_BV/sage/app12/bench_2527.smt2,3.32999,0,161,成功
/pub/data/jiafq/iscas/Parser_Comparison/../benchmarks/part12/non-incremental/QF_BV/sage/app12/bench_2528.smt2,3.3524,0,161,成功
/pub/data/jiafq/iscas/Parser_Comparison/../benchmarks/part12/non-incremental/QF_BV/sage/app12/bench_2529.smt2,3.19934,0,152,成功
平均值,13.6234,243.98,3.5628e+06,100%
