文件名,解析时间(ms),内存使用(KB),AST节点数量,结果
/pub/data/jiafq/iscas/Parser_Comparison/../benchmarks/part57/non-incremental/QF_NIA/20170427-VeryMax/ITS/From_AProVE_2014__juHashMapCreateClear.jar-obl-11__p30662_terminationG_0.smt2,144.558,2112,12463,成功
/pub/data/jiafq/iscas/Parser_Comparison/../benchmarks/part57/non-incremental/QF_NIA/20170427-VeryMax/ITS/From_AProVE_2014__juHashMapCreateClear.jar-obl-11__p30663_terminationG_0.smt2,199.329,2904,18049,成功
/pub/data/jiafq/iscas/Parser_Comparison/../benchmarks/part57/non-incremental/QF_NIA/20170427-VeryMax/ITS/From_AProVE_2014__juHashMapCreateClear.jar-obl-11__p30664_terminationG_0.smt2,259.196,3168,24319,成功
/pub/data/jiafq/iscas/Parser_Comparison/../benchmarks/part57/non-incremental/QF_NIA/20170427-VeryMax/ITS/From_AProVE_2014__juHashMapCreateClear.jar-obl-11__p30674_safety_0.smt2,58.706,792,5727,成功
/pub/data/jiafq/iscas/Parser_Comparison/../benchmarks/part57/non-incremental/QF_NIA/20170427-VeryMax/ITS/From_AProVE_2014__juHashMapCreateClear.jar-obl-11__p30675_safety_0.smt2,81.2857,1056,8470,成功
/pub/data/jiafq/iscas/Parser_Comparison/../benchmarks/part57/non-incremental/QF_NIA/20170427-VeryMax/ITS/From_AProVE_2014__juHashMapCreateClear.jar-obl-11__p30676_safety_0.smt2,80.2348,1056,8488,成功
/pub/data/jiafq/iscas/Parser_Comparison/../benchmarks/part57/non-incremental/QF_NIA/20170427-VeryMax/ITS/From_AProVE_2014__juHashMapCreateClear.jar-obl-11__p30680_safety_0.smt2,61.9721,792,6093,成功
/pub/data/jiafq/iscas/Parser_Comparison/../benchmarks/part57/non-incremental/QF_NIA/20170427-VeryMax/ITS/From_AProVE_2014__juHashMapCreateClear.jar-obl-11__p30681_safety_0.smt2,87.3451,1056,9105,成功
/pub/data/jiafq/iscas/Parser_Comparison/../benchmarks/part57/non-incremental/QF_NIA/20170427-VeryMax/ITS/From_AProVE_2014__juHashMapCreateClear.jar-obl-11__p30685_safety_0.smt2,60.7283,792,6075,成功
/pub/data/jiafq/iscas/Parser_Comparison/../benchmarks/part57/non-incremental/QF_NIA/20170427-VeryMax/ITS/From_AProVE_2014__juHashMapCreateClear.jar-obl-11__p30686_safety_0.smt2,86.5717,1056,9087,成功
/pub/data/jiafq/iscas/Parser_Comparison/../benchmarks/part57/non-incremental/QF_NIA/20170427-VeryMax/ITS/From_AProVE_2014__juHashMapCreateClear.jar-obl-11__p30692_safety_0.smt2,61.3382,792,6103,成功
/pub/data/jiafq/iscas/Parser_Comparison/../benchmarks/part57/non-incremental/QF_NIA/20170427-VeryMax/ITS/From_AProVE_2014__juHashMapCreateClear.jar-obl-11__p30693_safety_0.smt2,86.1776,1056,9121,成功
/pub/data/jiafq/iscas/Parser_Comparison/../benchmarks/part57/non-incremental/QF_NIA/20170427-VeryMax/ITS/From_AProVE_2014__juHashMapCreateClear.jar-obl-11__p30696_safety_0.smt2,88.8605,1056,9087,成功
/pub/data/jiafq/iscas/Parser_Comparison/../benchmarks/part57/non-incremental/QF_NIA/20170427-VeryMax/ITS/From_AProVE_2014__juHashMapCreateClear.jar-obl-11__p30699_safety_0.smt2,37.4694,528,3397,成功
/pub/data/jiafq/iscas/Parser_Comparison/../benchmarks/part57/non-incremental/QF_NIA/20170427-VeryMax/ITS/From_AProVE_2014__juHashMapCreateClear.jar-obl-11__p30700_safety_0.smt2,61.9719,792,6103,成功
/pub/data/jiafq/iscas/Parser_Comparison/../benchmarks/part57/non-incremental/QF_NIA/20170427-VeryMax/ITS/From_AProVE_2014__juHashMapCreateClear.jar-obl-11__p30701_safety_0.smt2,87.8096,1056,9121,成功
/pub/data/jiafq/iscas/Parser_Comparison/../benchmarks/part57/non-incremental/QF_NIA/20170427-VeryMax/ITS/From_AProVE_2014__juHashMapCreateClear.jar-obl-11__p30704_safety_0.smt2,36.7539,528,3379,成功
/pub/data/jiafq/iscas/Parser_Comparison/../benchmarks/part57/non-incremental/QF_NIA/20170427-VeryMax/ITS/From_AProVE_2014__juHashMapCreateClear.jar-obl-11__p30705_safety_0.smt2,61.5251,792,6085,成功
/pub/data/jiafq/iscas/Parser_Comparison/../benchmarks/part57/non-incremental/QF_NIA/20170427-VeryMax/ITS/From_AProVE_2014__juHashMapCreateClear.jar-obl-11__p30706_safety_0.smt2,88.7632,1056,9103,成功
/pub/data/jiafq/iscas/Parser_Comparison/../benchmarks/part57/non-incremental/QF_NIA/20170427-VeryMax/ITS/From_AProVE_2014__juHashMapCreateClear.jar-obl-11__p30709_safety_0.smt2,125.623,1584,13055,成功
/pub/data/jiafq/iscas/Parser_Comparison/../benchmarks/part57/non-incremental/QF_NIA/20170427-VeryMax/ITS/From_AProVE_2014__juHashMapCreateClear.jar-obl-11__p30710_safety_0.smt2,181.848,2112,19686,成功
/pub/data/jiafq/iscas/Parser_Comparison/../benchmarks/part57/non-incremental/QF_NIA/20170427-VeryMax/ITS/From_AProVE_2014__juHashMapCreateClear.jar-obl-11__p30711_safety_0.smt2,72.9306,792,7065,成功
/pub/data/jiafq/iscas/Parser_Comparison/../benchmarks/part57/non-incremental/QF_NIA/20170427-VeryMax/ITS/From_AProVE_2014__juHashMapCreateClear.jar-obl-11__p30712_safety_0.smt2,123.869,1584,12802,成功
/pub/data/jiafq/iscas/Parser_Comparison/../benchmarks/part57/non-incremental/QF_NIA/20170427-VeryMax/ITS/From_AProVE_2014__juHashMapCreateClear.jar-obl-11__p30713_safety_0.smt2,182.352,2112,19343,成功
/pub/data/jiafq/iscas/Parser_Comparison/../benchmarks/part57/non-incremental/QF_NIA/20170427-VeryMax/ITS/From_AProVE_2014__juHashMapCreateClear.jar-obl-11__p30718_safety_0.smt2,81.6805,1056,8644,成功
/pub/data/jiafq/iscas/Parser_Comparison/../benchmarks/part57/non-incremental/QF_NIA/20170427-VeryMax/ITS/From_AProVE_2014__juHashMapCreateClear.jar-obl-11__p30722_safety_0.smt2,52.4929,792,5080,成功
/pub/data/jiafq/iscas/Parser_Comparison/../benchmarks/part57/non-incremental/QF_NIA/20170427-VeryMax/ITS/From_AProVE_2014__juHashMapCreateClear.jar-obl-11__p30726_safety_0.smt2,79.2611,1056,7870,成功
/pub/data/jiafq/iscas/Parser_Comparison/../benchmarks/part57/non-incremental/QF_NIA/20170427-VeryMax/ITS/From_AProVE_2014__juHashMapCreateClear.jar-obl-11__p30731_safety_0.smt2,89.2215,1056,9317,成功
/pub/data/jiafq/iscas/Parser_Comparison/../benchmarks/part57/non-incremental/QF_NIA/20170427-VeryMax/ITS/From_AProVE_2014__juHashMapCreateClear.jar-obl-11__p30733_safety_0.smt2,55.9201,792,5424,成功
/pub/data/jiafq/iscas/Parser_Comparison/../benchmarks/part57/non-incremental/QF_NIA/20170427-VeryMax/ITS/From_AProVE_2014__juHashMapCreateClear.jar-obl-11__p30734_safety_0.smt2,81.8489,1056,8123,成功
/pub/data/jiafq/iscas/Parser_Comparison/../benchmarks/part57/non-incremental/QF_NIA/20170427-VeryMax/ITS/From_AProVE_2014__juHashMapCreateClear.jar-obl-11__p30738_safety_0.smt2,62.7334,792,6268,成功
/pub/data/jiafq/iscas/Parser_Comparison/../benchmarks/part57/non-incremental/QF_NIA/20170427-VeryMax/ITS/From_AProVE_2014__juHashMapCreateClear.jar-obl-11__p30739_safety_0.smt2,90.5948,1056,9357,成功
/pub/data/jiafq/iscas/Parser_Comparison/../benchmarks/part57/non-incremental/QF_NIA/20170427-VeryMax/ITS/From_AProVE_2014__juHashMapCreateClear.jar-obl-11__p30741_safety_0.smt2,56.2472,792,5453,成功
/pub/data/jiafq/iscas/Parser_Comparison/../benchmarks/part57/non-incremental/QF_NIA/20170427-VeryMax/ITS/From_AProVE_2014__juHashMapCreateClear.jar-obl-11__p30742_safety_0.smt2,80.8089,1056,8164,成功
/pub/data/jiafq/iscas/Parser_Comparison/../benchmarks/part57/non-incremental/QF_NIA/20170427-VeryMax/ITS/From_AProVE_2014__juHashMapCreateClear.jar-obl-11__p30745_safety_0.smt2,77.0514,1056,7365,成功
/pub/data/jiafq/iscas/Parser_Comparison/../benchmarks/part57/non-incremental/QF_NIA/20170427-VeryMax/ITS/From_AProVE_2014__juHashMapCreateClear.jar-obl-11__p30746_safety_0.smt2,132.443,1584,13497,成功
/pub/data/jiafq/iscas/Parser_Comparison/../benchmarks/part57/non-incremental/QF_NIA/20170427-VeryMax/ITS/From_AProVE_2014__juHashMapCreateClear.jar-obl-11__p30747_safety_0.smt2,193.517,2112,20432,成功
/pub/data/jiafq/iscas/Parser_Comparison/../benchmarks/part57/non-incremental/QF_NIA/20170427-VeryMax/ITS/From_AProVE_2014__juHashMapCreateClear.jar-obl-11__p30748_safety_0.smt2,38.5697,528,3491,成功
/pub/data/jiafq/iscas/Parser_Comparison/../benchmarks/part57/non-incremental/QF_NIA/20170427-VeryMax/ITS/From_AProVE_2014__juHashMapCreateClear.jar-obl-11__p30749_safety_0.smt2,63.5197,792,6268,成功
/pub/data/jiafq/iscas/Parser_Comparison/../benchmarks/part57/non-incremental/QF_NIA/20170427-VeryMax/ITS/From_AProVE_2014__juHashMapCreateClear.jar-obl-11__p30750_safety_0.smt2,87.7788,1056,9357,成功
/pub/data/jiafq/iscas/Parser_Comparison/../benchmarks/part57/non-incremental/QF_NIA/20170427-VeryMax/ITS/From_AProVE_2014__juHashMapCreateClear.jar-obl-11__p30751_safety_0.smt2,75.9292,1056,7478,成功
/pub/data/jiafq/iscas/Parser_Comparison/../benchmarks/part57/non-incremental/QF_NIA/20170427-VeryMax/ITS/From_AProVE_2014__juHashMapCreateClear.jar-obl-11__p30752_safety_0.smt2,133.024,1584,13697,成功
/pub/data/jiafq/iscas/Parser_Comparison/../benchmarks/part57/non-incremental/QF_NIA/20170427-VeryMax/ITS/From_AProVE_2014__juHashMapCreateClear.jar-obl-11__p30753_safety_0.smt2,194.291,2112,20719,成功
/pub/data/jiafq/iscas/Parser_Comparison/../benchmarks/part57/non-incremental/QF_NIA/20170427-VeryMax/ITS/From_AProVE_2014__juHashMapCreateClear.jar-obl-11__p30762_safety_0.smt2,61.2657,792,6081,成功
/pub/data/jiafq/iscas/Parser_Comparison/../benchmarks/part57/non-incremental/QF_NIA/20170427-VeryMax/ITS/From_AProVE_2014__juHashMapCreateClear.jar-obl-11__p30763_safety_0.smt2,84.5816,1056,9080,成功
/pub/data/jiafq/iscas/Parser_Comparison/../benchmarks/part57/non-incremental/QF_NIA/20170427-VeryMax/ITS/From_AProVE_2014__juHashMapCreateClear.jar-obl-11__p30767_safety_0.smt2,61.3971,792,6079,成功
/pub/data/jiafq/iscas/Parser_Comparison/../benchmarks/part57/non-incremental/QF_NIA/20170427-VeryMax/ITS/From_AProVE_2014__juHashMapCreateClear.jar-obl-11__p30768_safety_0.smt2,87.28,1056,9078,成功
/pub/data/jiafq/iscas/Parser_Comparison/../benchmarks/part57/non-incremental/QF_NIA/20170427-VeryMax/ITS/From_AProVE_2014__juHashMapCreateClear.jar-obl-11__p30771_safety_0.smt2,36.9716,528,3392,成功
/pub/data/jiafq/iscas/Parser_Comparison/../benchmarks/part57/non-incremental/QF_NIA/20170427-VeryMax/ITS/From_AProVE_2014__juHashMapCreateClear.jar-obl-11__p30772_safety_0.smt2,61.1033,792,6079,成功
/pub/data/jiafq/iscas/Parser_Comparison/../benchmarks/part57/non-incremental/QF_NIA/20170427-VeryMax/ITS/From_AProVE_2014__juHashMapCreateClear.jar-obl-11__p30773_safety_0.smt2,87.4112,1056,9078,成功
/pub/data/jiafq/iscas/Parser_Comparison/../benchmarks/part57/non-incremental/QF_NIA/20170427-VeryMax/ITS/From_AProVE_2014__juHashMapCreateClear.jar-obl-11__p30780_safety_0.smt2,55.0792,792,5248,成功
/pub/data/jiafq/iscas/Parser_Comparison/../benchmarks/part57/non-incremental/QF_NIA/20170427-VeryMax/ITS/From_AProVE_2014__juHashMapCreateClear.jar-obl-11__p30781_safety_0.smt2,77.188,1056,7869,成功
/pub/data/jiafq/iscas/Parser_Comparison/../benchmarks/part57/non-incremental/QF_NIA/20170427-VeryMax/ITS/From_AProVE_2014__juHashMapCreateClear.jar-obl-11__p30784_safety_0.smt2,80.739,1056,8122,成功
/pub/data/jiafq/iscas/Parser_Comparison/../benchmarks/part57/non-incremental/QF_NIA/20170427-VeryMax/ITS/From_AProVE_2014__juHashMapCreateClear.jar-obl-11__p30786_safety_0.smt2,55.7711,792,5428,成功
/pub/data/jiafq/iscas/Parser_Comparison/../benchmarks/part57/non-incremental/QF_NIA/20170427-VeryMax/ITS/From_AProVE_2014__juHashMapCreateClear.jar-obl-11__p30787_safety_0.smt2,79.6411,1056,8121,成功
/pub/data/jiafq/iscas/Parser_Comparison/../benchmarks/part57/non-incremental/QF_NIA/20170427-VeryMax/ITS/From_AProVE_2014__juHashMapCreateClear.jar-obl-11__p30788_safety_0.smt2,79.4861,1056,7498,成功
/pub/data/jiafq/iscas/Parser_Comparison/../benchmarks/part57/non-incremental/QF_NIA/20170427-VeryMax/ITS/From_AProVE_2014__juHashMapCreateClear.jar-obl-11__p30789_safety_0.smt2,134.479,1584,13729,成功
/pub/data/jiafq/iscas/Parser_Comparison/../benchmarks/part57/non-incremental/QF_NIA/20170427-VeryMax/ITS/From_AProVE_2014__juHashMapCreateClear.jar-obl-11__p30790_safety_0.smt2,197.982,2112,20763,成功
/pub/data/jiafq/iscas/Parser_Comparison/../benchmarks/part57/non-incremental/QF_NIA/20170427-VeryMax/ITS/From_AProVE_2014__juHashMapCreateClear.jar-obl-11__p30797_safety_0.smt2,55.6328,792,5379,成功
/pub/data/jiafq/iscas/Parser_Comparison/../benchmarks/part57/non-incremental/QF_NIA/20170427-VeryMax/ITS/From_AProVE_2014__juHashMapCreateClear.jar-obl-11__p30798_safety_0.smt2,78.9576,1056,8042,成功
/pub/data/jiafq/iscas/Parser_Comparison/../benchmarks/part57/non-incremental/QF_NIA/20170427-VeryMax/ITS/From_AProVE_2014__juHashMapCreateClear.jar-obl-11__p30800_safety_0.smt2,57.6093,792,5560,成功
/pub/data/jiafq/iscas/Parser_Comparison/../benchmarks/part57/non-incremental/QF_NIA/20170427-VeryMax/ITS/From_AProVE_2014__juHashMapCreateClear.jar-obl-11__p30801_safety_0.smt2,79.9453,1056,8295,成功
/pub/data/jiafq/iscas/Parser_Comparison/../benchmarks/part57/non-incremental/QF_NIA/20170427-VeryMax/ITS/From_AProVE_2014__juHashMapCreateClear.jar-obl-11__p30803_safety_0.smt2,58.6717,792,5559,成功
/pub/data/jiafq/iscas/Parser_Comparison/../benchmarks/part57/non-incremental/QF_NIA/20170427-VeryMax/ITS/From_AProVE_2014__juHashMapCreateClear.jar-obl-11__p30804_safety_0.smt2,83.2939,1056,8294,成功
/pub/data/jiafq/iscas/Parser_Comparison/../benchmarks/part57/non-incremental/QF_NIA/20170427-VeryMax/ITS/From_AProVE_2014__juHashMapCreateClear.jar-obl-11__p30805_safety_0.smt2,76.0746,1056,7386,成功
/pub/data/jiafq/iscas/Parser_Comparison/../benchmarks/part57/non-incremental/QF_NIA/20170427-VeryMax/ITS/From_AProVE_2014__juHashMapCreateClear.jar-obl-11__p30806_safety_0.smt2,133.669,1584,13530,成功
/pub/data/jiafq/iscas/Parser_Comparison/../benchmarks/part57/non-incremental/QF_NIA/20170427-VeryMax/ITS/From_AProVE_2014__juHashMapCreateClear.jar-obl-11__p30807_safety_0.smt2,195.277,2112,20477,成功
/pub/data/jiafq/iscas/Parser_Comparison/../benchmarks/part57/non-incremental/QF_NIA/20170427-VeryMax/ITS/From_AProVE_2014__juHashMapCreateClear.jar-obl-11__p30811_safety_0.smt2,53.7417,792,5128,成功
/pub/data/jiafq/iscas/Parser_Comparison/../benchmarks/part57/non-incremental/QF_NIA/20170427-VeryMax/ITS/From_AProVE_2014__juHashMapCreateClear.jar-obl-11__p30814_safety_0.smt2,55.1722,792,5291,成功
/pub/data/jiafq/iscas/Parser_Comparison/../benchmarks/part57/non-incremental/QF_NIA/20170427-VeryMax/ITS/From_AProVE_2014__juHashMapCreateClear.jar-obl-11__p30815_safety_0.smt2,78.3458,1056,7918,成功
/pub/data/jiafq/iscas/Parser_Comparison/../benchmarks/part57/non-incremental/QF_NIA/20170427-VeryMax/ITS/From_AProVE_2014__juHashMapCreateClear.jar-obl-11__p30817_safety_0.smt2,56.4511,792,5320,成功
/pub/data/jiafq/iscas/Parser_Comparison/../benchmarks/part57/non-incremental/QF_NIA/20170427-VeryMax/ITS/From_AProVE_2014__juHashMapCreateClear.jar-obl-11__p30818_safety_0.smt2,76.6585,1056,7959,成功
/pub/data/jiafq/iscas/Parser_Comparison/../benchmarks/part57/non-incremental/QF_NIA/20170427-VeryMax/ITS/From_AProVE_2014__juHashMapCreateClear.jar-obl-11__p30819_safety_0.smt2,33.6781,528,2992,成功
/pub/data/jiafq/iscas/Parser_Comparison/../benchmarks/part57/non-incremental/QF_NIA/20170427-VeryMax/ITS/From_AProVE_2014__juHashMapCreateClear.jar-obl-11__p30820_safety_0.smt2,55.1851,792,5320,成功
/pub/data/jiafq/iscas/Parser_Comparison/../benchmarks/part57/non-incremental/QF_NIA/20170427-VeryMax/ITS/From_AProVE_2014__juHashMapCreateClear.jar-obl-11__p30821_safety_0.smt2,77.9982,1056,7959,成功
/pub/data/jiafq/iscas/Parser_Comparison/../benchmarks/part57/non-incremental/QF_NIA/20170427-VeryMax/ITS/From_AProVE_2014__juHashMapCreateClear.jar-obl-11__p30824_terminationG_0.smt2,141.691,2112,12463,成功
/pub/data/jiafq/iscas/Parser_Comparison/../benchmarks/part57/non-incremental/QF_NIA/20170427-VeryMax/ITS/From_AProVE_2014__juHashMapCreateClear.jar-obl-11__p30825_terminationG_0.smt2,202.26,2904,18049,成功
/pub/data/jiafq/iscas/Parser_Comparison/../benchmarks/part57/non-incremental/QF_NIA/20170427-VeryMax/ITS/From_AProVE_2014__juHashMapCreateClear.jar-obl-11__p30826_terminationG_0.smt2,260.002,3168,24319,成功
/pub/data/jiafq/iscas/Parser_Comparison/../benchmarks/part57/non-incremental/QF_NIA/20170427-VeryMax/ITS/From_AProVE_2014__juHashMapCreateClear.jar-obl-11__p30828_edge_closing_0.smt2,891.827,11952,73338,成功
/pub/data/jiafq/iscas/Parser_Comparison/../benchmarks/part57/non-incremental/QF_NIA/20170427-VeryMax/ITS/From_AProVE_2014__juHashMapCreateClear.jar-obl-11__p30829_edge_closing_0.smt2,1110.09,13740,93379,成功
/pub/data/jiafq/iscas/Parser_Comparison/../benchmarks/part57/non-incremental/QF_NIA/20170427-VeryMax/ITS/From_AProVE_2014__juHashMapCreateClear.jar-obl-11__p30830_edge_closing_0.smt2,1311.18,19056,113105,成功
/pub/data/jiafq/iscas/Parser_Comparison/../benchmarks/part57/non-incremental/QF_NIA/20170427-VeryMax/ITS/From_AProVE_2014__juHashMapCreateClear.jar-obl-11__term_unfeasibility_0_0.smt2,12.5046,264,985,成功
/pub/data/jiafq/iscas/Parser_Comparison/../benchmarks/part57/non-incremental/QF_NIA/20170427-VeryMax/ITS/From_AProVE_2014__juHashMapCreateClear.jar-obl-11__term_unfeasibility_2_0.smt2,56.6669,792,5459,成功
/pub/data/jiafq/iscas/Parser_Comparison/../benchmarks/part57/non-incremental/QF_NIA/20170427-VeryMax/ITS/From_AProVE_2014__juHashMapCreateClear.jar-obl-11__terminationQ_0_0.smt2,144.649,2112,12687,成功
/pub/data/jiafq/iscas/Parser_Comparison/../benchmarks/part57/non-incremental/QF_NIA/20170427-VeryMax/ITS/From_AProVE_2014__juHashMapCreateClear.jar-obl-11__terminationS_0_0.smt2,100.027,1320,9194,成功
/pub/data/jiafq/iscas/Parser_Comparison/../benchmarks/part57/non-incremental/QF_NIA/20170427-VeryMax/ITS/From_AProVE_2014__juHashMapCreateClear.jar-obl-11__terminationS_1_0.smt2,101.864,1320,9389,成功
/pub/data/jiafq/iscas/Parser_Comparison/../benchmarks/part57/non-incremental/QF_NIA/20170427-VeryMax/ITS/From_AProVE_2014__juHashMapCreateClear.jar-obl-11__terminationS_2_0.smt2,93.8451,1320,8771,成功
/pub/data/jiafq/iscas/Parser_Comparison/../benchmarks/part57/non-incremental/QF_NIA/20170427-VeryMax/ITS/From_AProVE_2014__juHashMapCreateClear.jar-obl-11__terminationS_3_0.smt2,91.8329,1320,8993,成功
/pub/data/jiafq/iscas/Parser_Comparison/../benchmarks/part57/non-incremental/QF_NIA/20170427-VeryMax/ITS/From_AProVE_2014__juHashMapCreateContainsKey.jar-obl-11__p30841_terminationG_0.smt2,129.463,1848,11213,成功
/pub/data/jiafq/iscas/Parser_Comparison/../benchmarks/part57/non-incremental/QF_NIA/20170427-VeryMax/ITS/From_AProVE_2014__juHashMapCreateContainsKey.jar-obl-11__p30842_terminationG_0.smt2,181.342,2904,16417,成功
/pub/data/jiafq/iscas/Parser_Comparison/../benchmarks/part57/non-incremental/QF_NIA/20170427-VeryMax/ITS/From_AProVE_2014__juHashMapCreateContainsKey.jar-obl-11__p30843_terminationG_0.smt2,237.58,3036,22303,成功
/pub/data/jiafq/iscas/Parser_Comparison/../benchmarks/part57/non-incremental/QF_NIA/20170427-VeryMax/ITS/From_AProVE_2014__juHashMapCreateContainsKey.jar-obl-11__p30854_safety_0.smt2,78.6495,792,8345,成功
/pub/data/jiafq/iscas/Parser_Comparison/../benchmarks/part57/non-incremental/QF_NIA/20170427-VeryMax/ITS/From_AProVE_2014__juHashMapCreateContainsKey.jar-obl-11__p30855_safety_0.smt2,78.6576,792,8327,成功
/pub/data/jiafq/iscas/Parser_Comparison/../benchmarks/part57/non-incremental/QF_NIA/20170427-VeryMax/ITS/From_AProVE_2014__juHashMapCreateContainsKey.jar-obl-11__p30861_safety_0.smt2,59.4349,792,5950,成功
/pub/data/jiafq/iscas/Parser_Comparison/../benchmarks/part57/non-incremental/QF_NIA/20170427-VeryMax/ITS/From_AProVE_2014__juHashMapCreateContainsKey.jar-obl-11__p30862_safety_0.smt2,86.4637,1056,8962,成功
/pub/data/jiafq/iscas/Parser_Comparison/../benchmarks/part57/non-incremental/QF_NIA/20170427-VeryMax/ITS/From_AProVE_2014__juHashMapCreateContainsKey.jar-obl-11__p30864_safety_0.smt2,60.601,792,5944,成功
/pub/data/jiafq/iscas/Parser_Comparison/../benchmarks/part57/non-incremental/QF_NIA/20170427-VeryMax/ITS/From_AProVE_2014__juHashMapCreateContainsKey.jar-obl-11__p30865_safety_0.smt2,85.1786,1056,8962,成功
/pub/data/jiafq/iscas/Parser_Comparison/../benchmarks/part57/non-incremental/QF_NIA/20170427-VeryMax/ITS/From_AProVE_2014__juHashMapCreateContainsKey.jar-obl-11__p30871_safety_0.smt2,60.1816,792,5960,成功
/pub/data/jiafq/iscas/Parser_Comparison/../benchmarks/part57/non-incremental/QF_NIA/20170427-VeryMax/ITS/From_AProVE_2014__juHashMapCreateContainsKey.jar-obl-11__p30872_safety_0.smt2,86.7836,1056,8978,成功
/pub/data/jiafq/iscas/Parser_Comparison/../benchmarks/part57/non-incremental/QF_NIA/20170427-VeryMax/ITS/From_AProVE_2014__juHashMapCreateContainsKey.jar-obl-11__p30873_safety_0.smt2,35.4311,528,3236,成功
/pub/data/jiafq/iscas/Parser_Comparison/../benchmarks/part57/non-incremental/QF_NIA/20170427-VeryMax/ITS/From_AProVE_2014__juHashMapCreateContainsKey.jar-obl-11__p30874_safety_0.smt2,59.9468,792,5942,成功
/pub/data/jiafq/iscas/Parser_Comparison/../benchmarks/part57/non-incremental/QF_NIA/20170427-VeryMax/ITS/From_AProVE_2014__juHashMapCreateContainsKey.jar-obl-11__p30875_safety_0.smt2,86.9191,1056,8960,成功
/pub/data/jiafq/iscas/Parser_Comparison/../benchmarks/part57/non-incremental/QF_NIA/20170427-VeryMax/ITS/From_AProVE_2014__juHashMapCreateContainsKey.jar-obl-11__p30878_safety_0.smt2,35.7449,528,3254,成功
/pub/data/jiafq/iscas/Parser_Comparison/../benchmarks/part57/non-incremental/QF_NIA/20170427-VeryMax/ITS/From_AProVE_2014__juHashMapCreateContainsKey.jar-obl-11__p30879_safety_0.smt2,59.5546,792,5960,成功
/pub/data/jiafq/iscas/Parser_Comparison/../benchmarks/part57/non-incremental/QF_NIA/20170427-VeryMax/ITS/From_AProVE_2014__juHashMapCreateContainsKey.jar-obl-11__p30880_safety_0.smt2,85.9277,1056,8978,成功
/pub/data/jiafq/iscas/Parser_Comparison/../benchmarks/part57/non-incremental/QF_NIA/20170427-VeryMax/ITS/From_AProVE_2014__juHashMapCreateContainsKey.jar-obl-11__p30881_safety_0.smt2,60.2121,792,6068,成功
/pub/data/jiafq/iscas/Parser_Comparison/../benchmarks/part57/non-incremental/QF_NIA/20170427-VeryMax/ITS/From_AProVE_2014__juHashMapCreateContainsKey.jar-obl-11__p30882_safety_0.smt2,107.241,1320,11290,成功
/pub/data/jiafq/iscas/Parser_Comparison/../benchmarks/part57/non-incremental/QF_NIA/20170427-VeryMax/ITS/From_AProVE_2014__juHashMapCreateContainsKey.jar-obl-11__p30883_safety_0.smt2,158.522,1848,17319,成功
/pub/data/jiafq/iscas/Parser_Comparison/../benchmarks/part57/non-incremental/QF_NIA/20170427-VeryMax/ITS/From_AProVE_2014__juHashMapCreateContainsKey.jar-obl-11__p30884_safety_0.smt2,60.9128,792,6231,成功
/pub/data/jiafq/iscas/Parser_Comparison/../benchmarks/part57/non-incremental/QF_NIA/20170427-VeryMax/ITS/From_AProVE_2014__juHashMapCreateContainsKey.jar-obl-11__p30885_safety_0.smt2,113.165,1320,11543,成功
/pub/data/jiafq/iscas/Parser_Comparison/../benchmarks/part57/non-incremental/QF_NIA/20170427-VeryMax/ITS/From_AProVE_2014__juHashMapCreateContainsKey.jar-obl-11__p30886_safety_0.smt2,160.833,1848,17662,成功
/pub/data/jiafq/iscas/Parser_Comparison/../benchmarks/part57/non-incremental/QF_NIA/20170427-VeryMax/ITS/From_AProVE_2014__juHashMapCreateContainsKey.jar-obl-11__p30890_safety_0.smt2,56.4296,792,5695,成功
/pub/data/jiafq/iscas/Parser_Comparison/../benchmarks/part57/non-incremental/QF_NIA/20170427-VeryMax/ITS/From_AProVE_2014__juHashMapCreateContainsKey.jar-obl-11__p30891_safety_0.smt2,78.7542,792,8493,成功
/pub/data/jiafq/iscas/Parser_Comparison/../benchmarks/part57/non-incremental/QF_NIA/20170427-VeryMax/ITS/From_AProVE_2014__juHashMapCreateContainsKey.jar-obl-11__p30895_safety_0.smt2,58.5804,792,6113,成功
/pub/data/jiafq/iscas/Parser_Comparison/../benchmarks/part57/non-incremental/QF_NIA/20170427-VeryMax/ITS/From_AProVE_2014__juHashMapCreateContainsKey.jar-obl-11__p30896_safety_0.smt2,86.8573,1056,9187,成功
/pub/data/jiafq/iscas/Parser_Comparison/../benchmarks/part57/non-incremental/QF_NIA/20170427-VeryMax/ITS/From_AProVE_2014__juHashMapCreateContainsKey.jar-obl-11__p30900_safety_0.smt2,51.6181,792,4947,成功
/pub/data/jiafq/iscas/Parser_Comparison/../benchmarks/part57/non-incremental/QF_NIA/20170427-VeryMax/ITS/From_AProVE_2014__juHashMapCreateContainsKey.jar-obl-11__p30905_safety_0.smt2,61.5141,792,6113,成功
/pub/data/jiafq/iscas/Parser_Comparison/../benchmarks/part57/non-incremental/QF_NIA/20170427-VeryMax/ITS/From_AProVE_2014__juHashMapCreateContainsKey.jar-obl-11__p30906_safety_0.smt2,89.2172,1056,9187,成功
/pub/data/jiafq/iscas/Parser_Comparison/../benchmarks/part57/non-incremental/QF_NIA/20170427-VeryMax/ITS/From_AProVE_2014__juHashMapCreateContainsKey.jar-obl-11__p30908_safety_0.smt2,52.424,792,5104,成功
/pub/data/jiafq/iscas/Parser_Comparison/../benchmarks/part57/non-incremental/QF_NIA/20170427-VeryMax/ITS/From_AProVE_2014__juHashMapCreateContainsKey.jar-obl-11__p30909_safety_0.smt2,75.5699,1056,7722,成功
/pub/data/jiafq/iscas/Parser_Comparison/../benchmarks/part57/non-incremental/QF_NIA/20170427-VeryMax/ITS/From_AProVE_2014__juHashMapCreateContainsKey.jar-obl-11__p30912_safety_0.smt2,31.6072,528,2799,成功
/pub/data/jiafq/iscas/Parser_Comparison/../benchmarks/part57/non-incremental/QF_NIA/20170427-VeryMax/ITS/From_AProVE_2014__juHashMapCreateContainsKey.jar-obl-11__p30913_safety_0.smt2,53.6079,792,5109,成功
/pub/data/jiafq/iscas/Parser_Comparison/../benchmarks/part57/non-incremental/QF_NIA/20170427-VeryMax/ITS/From_AProVE_2014__juHashMapCreateContainsKey.jar-obl-11__p30914_safety_0.smt2,75.2542,792,7730,成功
/pub/data/jiafq/iscas/Parser_Comparison/../benchmarks/part57/non-incremental/QF_NIA/20170427-VeryMax/ITS/From_AProVE_2014__juHashMapCreateContainsKey.jar-obl-11__p30915_safety_0.smt2,37.0886,528,3355,成功
/pub/data/jiafq/iscas/Parser_Comparison/../benchmarks/part57/non-incremental/QF_NIA/20170427-VeryMax/ITS/From_AProVE_2014__juHashMapCreateContainsKey.jar-obl-11__p30916_safety_0.smt2,60.7758,792,6123,成功
/pub/data/jiafq/iscas/Parser_Comparison/../benchmarks/part57/non-incremental/QF_NIA/20170427-VeryMax/ITS/From_AProVE_2014__juHashMapCreateContainsKey.jar-obl-11__p30917_safety_0.smt2,87.9796,1056,9203,成功
/pub/data/jiafq/iscas/Parser_Comparison/../benchmarks/part57/non-incremental/QF_NIA/20170427-VeryMax/ITS/From_AProVE_2014__juHashMapCreateContainsKey.jar-obl-11__p30918_safety_0.smt2,66.9994,792,6351,成功
/pub/data/jiafq/iscas/Parser_Comparison/../benchmarks/part57/non-incremental/QF_NIA/20170427-VeryMax/ITS/From_AProVE_2014__juHashMapCreateContainsKey.jar-obl-11__p30919_safety_0.smt2,117.319,1320,11911,成功
/pub/data/jiafq/iscas/Parser_Comparison/../benchmarks/part57/non-incremental/QF_NIA/20170427-VeryMax/ITS/From_AProVE_2014__juHashMapCreateContainsKey.jar-obl-11__p30920_safety_0.smt2,170.632,1848,18277,成功
/pub/data/jiafq/iscas/Parser_Comparison/../benchmarks/part57/non-incremental/QF_NIA/20170427-VeryMax/ITS/From_AProVE_2014__juHashMapCreateContainsKey.jar-obl-11__p30922_safety_0.smt2,116.528,1320,12110,成功
/pub/data/jiafq/iscas/Parser_Comparison/../benchmarks/part57/non-incremental/QF_NIA/20170427-VeryMax/ITS/From_AProVE_2014__juHashMapCreateContainsKey.jar-obl-11__p30923_safety_0.smt2,174.941,1848,18563,成功
/pub/data/jiafq/iscas/Parser_Comparison/../benchmarks/part57/non-incremental/QF_NIA/20170427-VeryMax/ITS/From_AProVE_2014__juHashMapCreateContainsKey.jar-obl-11__p30928_safety_0.smt2,70.7922,792,7478,成功
/pub/data/jiafq/iscas/Parser_Comparison/../benchmarks/part57/non-incremental/QF_NIA/20170427-VeryMax/ITS/From_AProVE_2014__juHashMapCreateContainsKey.jar-obl-11__p30933_safety_0.smt2,79.5453,792,8359,成功
/pub/data/jiafq/iscas/Parser_Comparison/../benchmarks/part57/non-incremental/QF_NIA/20170427-VeryMax/ITS/From_AProVE_2014__juHashMapCreateContainsKey.jar-obl-11__p30935_safety_0.smt2,52.7158,792,5130,成功
/pub/data/jiafq/iscas/Parser_Comparison/../benchmarks/part57/non-incremental/QF_NIA/20170427-VeryMax/ITS/From_AProVE_2014__juHashMapCreateContainsKey.jar-obl-11__p30936_safety_0.smt2,74.3306,792,7751,成功
/pub/data/jiafq/iscas/Parser_Comparison/../benchmarks/part57/non-incremental/QF_NIA/20170427-VeryMax/ITS/From_AProVE_2014__juHashMapCreateContainsKey.jar-obl-11__p30940_safety_0.smt2,60.5185,792,5963,成功
/pub/data/jiafq/iscas/Parser_Comparison/../benchmarks/part57/non-incremental/QF_NIA/20170427-VeryMax/ITS/From_AProVE_2014__juHashMapCreateContainsKey.jar-obl-11__p30941_safety_0.smt2,84.6517,1056,8962,成功
/pub/data/jiafq/iscas/Parser_Comparison/../benchmarks/part57/non-incremental/QF_NIA/20170427-VeryMax/ITS/From_AProVE_2014__juHashMapCreateContainsKey.jar-obl-11__p30943_safety_0.smt2,53.0713,792,5159,成功
/pub/data/jiafq/iscas/Parser_Comparison/../benchmarks/part57/non-incremental/QF_NIA/20170427-VeryMax/ITS/From_AProVE_2014__juHashMapCreateContainsKey.jar-obl-11__p30944_safety_0.smt2,76.5579,792,7792,成功
/pub/data/jiafq/iscas/Parser_Comparison/../benchmarks/part57/non-incremental/QF_NIA/20170427-VeryMax/ITS/From_AProVE_2014__juHashMapCreateContainsKey.jar-obl-11__p30947_safety_0.smt2,36.3278,528,3404,成功
/pub/data/jiafq/iscas/Parser_Comparison/../benchmarks/part57/non-incremental/QF_NIA/20170427-VeryMax/ITS/From_AProVE_2014__juHashMapCreateContainsKey.jar-obl-11__p30948_safety_0.smt2,61.5773,792,6175,成功
/pub/data/jiafq/iscas/Parser_Comparison/../benchmarks/part57/non-incremental/QF_NIA/20170427-VeryMax/ITS/From_AProVE_2014__juHashMapCreateContainsKey.jar-obl-11__p30949_safety_0.smt2,89.1569,1056,9258,成功
/pub/data/jiafq/iscas/Parser_Comparison/../benchmarks/part57/non-incremental/QF_NIA/20170427-VeryMax/ITS/From_AProVE_2014__juHashMapCreateContainsKey.jar-obl-11__p30950_safety_0.smt2,32.2828,528,2837,成功
/pub/data/jiafq/iscas/Parser_Comparison/../benchmarks/part57/non-incremental/QF_NIA/20170427-VeryMax/ITS/From_AProVE_2014__juHashMapCreateContainsKey.jar-obl-11__p30951_safety_0.smt2,54.2333,792,5159,成功
/pub/data/jiafq/iscas/Parser_Comparison/../benchmarks/part57/non-incremental/QF_NIA/20170427-VeryMax/ITS/From_AProVE_2014__juHashMapCreateContainsKey.jar-obl-11__p30952_safety_0.smt2,77.647,792,7792,成功
/pub/data/jiafq/iscas/Parser_Comparison/../benchmarks/part57/non-incremental/QF_NIA/20170427-VeryMax/ITS/From_AProVE_2014__juHashMapCreateContainsKey.jar-obl-11__p30955_safety_0.smt2,36.382,528,3402,成功
/pub/data/jiafq/iscas/Parser_Comparison/../benchmarks/part57/non-incremental/QF_NIA/20170427-VeryMax/ITS/From_AProVE_2014__juHashMapCreateContainsKey.jar-obl-11__p30956_safety_0.smt2,60.5698,792,6173,成功
/pub/data/jiafq/iscas/Parser_Comparison/../benchmarks/part57/non-incremental/QF_NIA/20170427-VeryMax/ITS/From_AProVE_2014__juHashMapCreateContainsKey.jar-obl-11__p30957_safety_0.smt2,88.1803,1056,9256,成功
/pub/data/jiafq/iscas/Parser_Comparison/../benchmarks/part57/non-incremental/QF_NIA/20170427-VeryMax/ITS/From_AProVE_2014__juHashMapCreateContainsKey.jar-obl-11__p30958_safety_0.smt2,66.2596,792,6483,成功
/pub/data/jiafq/iscas/Parser_Comparison/../benchmarks/part57/non-incremental/QF_NIA/20170427-VeryMax/ITS/From_AProVE_2014__juHashMapCreateContainsKey.jar-obl-11__p30959_safety_0.smt2,118.47,1320,12142,成功
/pub/data/jiafq/iscas/Parser_Comparison/../benchmarks/part57/non-incremental/QF_NIA/20170427-VeryMax/ITS/From_AProVE_2014__juHashMapCreateContainsKey.jar-obl-11__p30960_safety_0.smt2,168.62,1848,18607,成功
/pub/data/jiafq/iscas/Parser_Comparison/../benchmarks/part57/non-incremental/QF_NIA/20170427-VeryMax/ITS/From_AProVE_2014__juHashMapCreateContainsKey.jar-obl-11__p30965_safety_0.smt2,79.6604,792,8477,成功
/pub/data/jiafq/iscas/Parser_Comparison/../benchmarks/part57/non-incremental/QF_NIA/20170427-VeryMax/ITS/From_AProVE_2014__juHashMapCreateContainsKey.jar-obl-11__p30966_safety_0.smt2,66.2265,792,6372,成功
/pub/data/jiafq/iscas/Parser_Comparison/../benchmarks/part57/non-incremental/QF_NIA/20170427-VeryMax/ITS/From_AProVE_2014__juHashMapCreateContainsKey.jar-obl-11__p30967_safety_0.smt2,115.186,1320,11944,成功
/pub/data/jiafq/iscas/Parser_Comparison/../benchmarks/part57/non-incremental/QF_NIA/20170427-VeryMax/ITS/From_AProVE_2014__juHashMapCreateContainsKey.jar-obl-11__p30968_safety_0.smt2,164.459,1848,18322,成功
/pub/data/jiafq/iscas/Parser_Comparison/../benchmarks/part57/non-incremental/QF_NIA/20170427-VeryMax/ITS/From_AProVE_2014__juHashMapCreateContainsKey.jar-obl-11__p30972_safety_0.smt2,60.3676,792,6091,成功
/pub/data/jiafq/iscas/Parser_Comparison/../benchmarks/part57/non-incremental/QF_NIA/20170427-VeryMax/ITS/From_AProVE_2014__juHashMapCreateContainsKey.jar-obl-11__p30973_safety_0.smt2,86.3056,1056,9133,成功
/pub/data/jiafq/iscas/Parser_Comparison/../benchmarks/part57/non-incremental/QF_NIA/20170427-VeryMax/ITS/From_AProVE_2014__juHashMapCreateContainsKey.jar-obl-11__p30978_safety_0.smt2,71.8749,792,7527,成功
/pub/data/jiafq/iscas/Parser_Comparison/../benchmarks/part57/non-incremental/QF_NIA/20170427-VeryMax/ITS/From_AProVE_2014__juHashMapCreateContainsKey.jar-obl-11__p30982_safety_0.smt2,53.3609,792,5173,成功
/pub/data/jiafq/iscas/Parser_Comparison/../benchmarks/part57/non-incremental/QF_NIA/20170427-VeryMax/ITS/From_AProVE_2014__juHashMapCreateContainsKey.jar-obl-11__p30983_safety_0.smt2,76.9238,1056,7800,成功
/pub/data/jiafq/iscas/Parser_Comparison/../benchmarks/part57/non-incremental/QF_NIA/20170427-VeryMax/ITS/From_AProVE_2014__juHashMapCreateContainsKey.jar-obl-11__p30985_safety_0.smt2,62.8469,792,6303,成功
/pub/data/jiafq/iscas/Parser_Comparison/../benchmarks/part57/non-incremental/QF_NIA/20170427-VeryMax/ITS/From_AProVE_2014__juHashMapCreateContainsKey.jar-obl-11__p30986_safety_0.smt2,89.4046,1056,9429,成功
/pub/data/jiafq/iscas/Parser_Comparison/../benchmarks/part57/non-incremental/QF_NIA/20170427-VeryMax/ITS/From_AProVE_2014__juHashMapCreateContainsKey.jar-obl-11__p30991_safety_0.smt2,77.105,1056,7799,成功
/pub/data/jiafq/iscas/Parser_Comparison/../benchmarks/part57/non-incremental/QF_NIA/20170427-VeryMax/ITS/From_AProVE_2014__juHashMapCreateContainsKey.jar-obl-11__p30993_safety_0.smt2,62.5393,792,6331,成功
/pub/data/jiafq/iscas/Parser_Comparison/../benchmarks/part57/non-incremental/QF_NIA/20170427-VeryMax/ITS/From_AProVE_2014__juHashMapCreateContainsKey.jar-obl-11__p30994_safety_0.smt2,90.1248,1056,9469,成功
/pub/data/jiafq/iscas/Parser_Comparison/../benchmarks/part57/non-incremental/QF_NIA/20170427-VeryMax/ITS/From_AProVE_2014__juHashMapCreateContainsKey.jar-obl-11__p30995_safety_0.smt2,30.8044,528,2856,成功
/pub/data/jiafq/iscas/Parser_Comparison/../benchmarks/part57/non-incremental/QF_NIA/20170427-VeryMax/ITS/From_AProVE_2014__juHashMapCreateContainsKey.jar-obl-11__p30996_safety_0.smt2,53.4863,792,5172,成功
/pub/data/jiafq/iscas/Parser_Comparison/../benchmarks/part57/non-incremental/QF_NIA/20170427-VeryMax/ITS/From_AProVE_2014__juHashMapCreateContainsKey.jar-obl-11__p30997_safety_0.smt2,77.8763,1056,7799,成功
/pub/data/jiafq/iscas/Parser_Comparison/../benchmarks/part57/non-incremental/QF_NIA/20170427-VeryMax/ITS/From_AProVE_2014__juHashMapCreateContainsKey.jar-obl-11__p31002_terminationG_0.smt2,128.994,1848,11413,成功
/pub/data/jiafq/iscas/Parser_Comparison/../benchmarks/part57/non-incremental/QF_NIA/20170427-VeryMax/ITS/From_AProVE_2014__juHashMapCreateContainsKey.jar-obl-11__p31003_terminationG_0.smt2,185.246,2904,16675,成功
/pub/data/jiafq/iscas/Parser_Comparison/../benchmarks/part57/non-incremental/QF_NIA/20170427-VeryMax/ITS/From_AProVE_2014__juHashMapCreateContainsKey.jar-obl-11__p31004_terminationG_0.smt2,236.009,3056,22621,成功
/pub/data/jiafq/iscas/Parser_Comparison/../benchmarks/part57/non-incremental/QF_NIA/20170427-VeryMax/ITS/From_AProVE_2014__juHashMapCreateContainsKey.jar-obl-11__p31015_safety_0.smt2,77.6515,792,8447,成功
/pub/data/jiafq/iscas/Parser_Comparison/../benchmarks/part57/non-incremental/QF_NIA/20170427-VeryMax/ITS/From_AProVE_2014__juHashMapCreateContainsKey.jar-obl-11__p31022_safety_0.smt2,60.2064,792,6034,成功
/pub/data/jiafq/iscas/Parser_Comparison/../benchmarks/part57/non-incremental/QF_NIA/20170427-VeryMax/ITS/From_AProVE_2014__juHashMapCreateContainsKey.jar-obl-11__p31023_safety_0.smt2,86.0481,1056,9078,成功
/pub/data/jiafq/iscas/Parser_Comparison/../benchmarks/part57/non-incremental/QF_NIA/20170427-VeryMax/ITS/From_AProVE_2014__juHashMapCreateContainsKey.jar-obl-11__p31025_safety_0.smt2,60.8711,792,6052,成功
/pub/data/jiafq/iscas/Parser_Comparison/../benchmarks/part57/non-incremental/QF_NIA/20170427-VeryMax/ITS/From_AProVE_2014__juHashMapCreateContainsKey.jar-obl-11__p31026_safety_0.smt2,86.9663,1056,9096,成功
/pub/data/jiafq/iscas/Parser_Comparison/../benchmarks/part57/non-incremental/QF_NIA/20170427-VeryMax/ITS/From_AProVE_2014__juHashMapCreateContainsKey.jar-obl-11__p31032_safety_0.smt2,63.2741,792,6246,成功
/pub/data/jiafq/iscas/Parser_Comparison/../benchmarks/part57/non-incremental/QF_NIA/20170427-VeryMax/ITS/From_AProVE_2014__juHashMapCreateContainsKey.jar-obl-11__p31033_safety_0.smt2,89.4349,1056,9374,成功
/pub/data/jiafq/iscas/Parser_Comparison/../benchmarks/part57/non-incremental/QF_NIA/20170427-VeryMax/ITS/From_AProVE_2014__juHashMapCreateContainsKey.jar-obl-11__p31034_safety_0.smt2,34.2627,528,3318,成功
/pub/data/jiafq/iscas/Parser_Comparison/../benchmarks/part57/non-incremental/QF_NIA/20170427-VeryMax/ITS/From_AProVE_2014__juHashMapCreateContainsKey.jar-obl-11__p31035_safety_0.smt2,58.2578,792,6050,成功
/pub/data/jiafq/iscas/Parser_Comparison/../benchmarks/part57/non-incremental/QF_NIA/20170427-VeryMax/ITS/From_AProVE_2014__juHashMapCreateContainsKey.jar-obl-11__p31036_safety_0.smt2,87.4863,1056,9094,成功
/pub/data/jiafq/iscas/Parser_Comparison/../benchmarks/part57/non-incremental/QF_NIA/20170427-VeryMax/ITS/From_AProVE_2014__juHashMapCreateContainsKey.jar-obl-11__p31039_safety_0.smt2,36.8428,528,3428,成功
/pub/data/jiafq/iscas/Parser_Comparison/../benchmarks/part57/non-incremental/QF_NIA/20170427-VeryMax/ITS/From_AProVE_2014__juHashMapCreateContainsKey.jar-obl-11__p31040_safety_0.smt2,62.7444,792,6244,成功
/pub/data/jiafq/iscas/Parser_Comparison/../benchmarks/part57/non-incremental/QF_NIA/20170427-VeryMax/ITS/From_AProVE_2014__juHashMapCreateContainsKey.jar-obl-11__p31041_safety_0.smt2,91.4624,1056,9372,成功
/pub/data/jiafq/iscas/Parser_Comparison/../benchmarks/part57/non-incremental/QF_NIA/20170427-VeryMax/ITS/From_AProVE_2014__juHashMapCreateContainsKey.jar-obl-11__p31042_safety_0.smt2,65.1476,792,6499,成功
/pub/data/jiafq/iscas/Parser_Comparison/../benchmarks/part57/non-incremental/QF_NIA/20170427-VeryMax/ITS/From_AProVE_2014__juHashMapCreateContainsKey.jar-obl-11__p31044_safety_0.smt2,168.344,1848,18230,成功
/pub/data/jiafq/iscas/Parser_Comparison/../benchmarks/part57/non-incremental/QF_NIA/20170427-VeryMax/ITS/From_AProVE_2014__juHashMapCreateContainsKey.jar-obl-11__p31049_safety_0.smt2,74.9271,792,7584,成功
/pub/data/jiafq/iscas/Parser_Comparison/../benchmarks/part57/non-incremental/QF_NIA/20170427-VeryMax/ITS/From_AProVE_2014__juHashMapCreateContainsKey.jar-obl-11__p31050_safety_0.smt2,64.8541,792,6336,成功
/pub/data/jiafq/iscas/Parser_Comparison/../benchmarks/part57/non-incremental/QF_NIA/20170427-VeryMax/ITS/From_AProVE_2014__juHashMapCreateContainsKey.jar-obl-11__p31051_safety_0.smt2,107.673,1320,11708,成功
/pub/data/jiafq/iscas/Parser_Comparison/../benchmarks/part57/non-incremental/QF_NIA/20170427-VeryMax/ITS/From_AProVE_2014__juHashMapCreateContainsKey.jar-obl-11__p31052_safety_0.smt2,158.961,1848,17887,成功
/pub/data/jiafq/iscas/Parser_Comparison/../benchmarks/part57/non-incremental/QF_NIA/20170427-VeryMax/ITS/From_AProVE_2014__juHashMapCreateContainsKey.jar-obl-11__p31054_safety_0.smt2,52.3288,792,5209,成功
/pub/data/jiafq/iscas/Parser_Comparison/../benchmarks/part57/non-incremental/QF_NIA/20170427-VeryMax/ITS/From_AProVE_2014__juHashMapCreateContainsKey.jar-obl-11__p31055_safety_0.smt2,74.7654,1056,7857,成功
/pub/data/jiafq/iscas/Parser_Comparison/../benchmarks/part57/non-incremental/QF_NIA/20170427-VeryMax/ITS/From_AProVE_2014__juHashMapCreateContainsKey.jar-obl-11__p31060_safety_0.smt2,80.384,792,8523,成功
/pub/data/jiafq/iscas/Parser_Comparison/../benchmarks/part57/non-incremental/QF_NIA/20170427-VeryMax/ITS/From_AProVE_2014__juHashMapCreateContainsKey.jar-obl-11__p31062_safety_0.smt2,56.1368,792,5390,成功
/pub/data/jiafq/iscas/Parser_Comparison/../benchmarks/part57/non-incremental/QF_NIA/20170427-VeryMax/ITS/From_AProVE_2014__juHashMapCreateContainsKey.jar-obl-11__p31063_safety_0.smt2,79.5195,1056,8110,成功
/pub/data/jiafq/iscas/Parser_Comparison/../benchmarks/part57/non-incremental/QF_NIA/20170427-VeryMax/ITS/From_AProVE_2014__juHashMapCreateContainsKey.jar-obl-11__p31067_safety_0.smt2,62.3937,792,6125,成功
/pub/data/jiafq/iscas/Parser_Comparison/../benchmarks/part57/non-incremental/QF_NIA/20170427-VeryMax/ITS/From_AProVE_2014__juHashMapCreateContainsKey.jar-obl-11__p31068_safety_0.smt2,88.9039,1056,9193,成功
/pub/data/jiafq/iscas/Parser_Comparison/../benchmarks/part57/non-incremental/QF_NIA/20170427-VeryMax/ITS/From_AProVE_2014__juHashMapCreateContainsKey.jar-obl-11__p31070_safety_0.smt2,56.9367,792,5389,成功
/pub/data/jiafq/iscas/Parser_Comparison/../benchmarks/part57/non-incremental/QF_NIA/20170427-VeryMax/ITS/From_AProVE_2014__juHashMapCreateContainsKey.jar-obl-11__p31071_safety_0.smt2,79.8824,1056,8109,成功
/pub/data/jiafq/iscas/Parser_Comparison/../benchmarks/part57/non-incremental/QF_NIA/20170427-VeryMax/ITS/From_AProVE_2014__juHashMapCreateContainsKey.jar-obl-11__p31075_safety_0.smt2,63.0603,792,6153,成功
/pub/data/jiafq/iscas/Parser_Comparison/../benchmarks/part57/non-incremental/QF_NIA/20170427-VeryMax/ITS/From_AProVE_2014__juHashMapCreateContainsKey.jar-obl-11__p31076_safety_0.smt2,90.4639,1056,9233,成功
/pub/data/jiafq/iscas/Parser_Comparison/../benchmarks/part57/non-incremental/QF_NIA/20170427-VeryMax/ITS/From_AProVE_2014__juHashMapCreateContainsKey.jar-obl-11__p31077_safety_0.smt2,71.1911,792,6855,成功
/pub/data/jiafq/iscas/Parser_Comparison/../benchmarks/part57/non-incremental/QF_NIA/20170427-VeryMax/ITS/From_AProVE_2014__juHashMapCreateContainsKey.jar-obl-11__p31078_safety_0.smt2,124.956,1584,12733,成功
/pub/data/jiafq/iscas/Parser_Comparison/../benchmarks/part57/non-incremental/QF_NIA/20170427-VeryMax/ITS/From_AProVE_2014__juHashMapCreateContainsKey.jar-obl-11__p31079_safety_0.smt2,184.824,1848,19417,成功
/pub/data/jiafq/iscas/Parser_Comparison/../benchmarks/part57/non-incremental/QF_NIA/20170427-VeryMax/ITS/From_AProVE_2014__juHashMapCreateContainsKey.jar-obl-11__p31082_safety_0.smt2,36.6697,528,3385,成功
/pub/data/jiafq/iscas/Parser_Comparison/../benchmarks/part57/non-incremental/QF_NIA/20170427-VeryMax/ITS/From_AProVE_2014__juHashMapCreateContainsKey.jar-obl-11__p31083_safety_0.smt2,61.8105,792,6153,成功
/pub/data/jiafq/iscas/Parser_Comparison/../benchmarks/part57/non-incremental/QF_NIA/20170427-VeryMax/ITS/From_AProVE_2014__juHashMapCreateContainsKey.jar-obl-11__p31084_safety_0.smt2,89.2575,1056,9233,成功
/pub/data/jiafq/iscas/Parser_Comparison/../benchmarks/part57/non-incremental/QF_NIA/20170427-VeryMax/ITS/From_AProVE_2014__juHashMapCreateContainsKey.jar-obl-11__p31089_safety_0.smt2,82.247,792,8689,成功
/pub/data/jiafq/iscas/Parser_Comparison/../benchmarks/part57/non-incremental/QF_NIA/20170427-VeryMax/ITS/From_AProVE_2014__juHashMapCreateContainsKey.jar-obl-11__p31094_safety_0.smt2,90.1487,1056,9416,成功
/pub/data/jiafq/iscas/Parser_Comparison/../benchmarks/part57/non-incremental/QF_NIA/20170427-VeryMax/ITS/From_AProVE_2014__juHashMapCreateContainsKey.jar-obl-11__p31097_safety_0.smt2,37.2484,528,3500,成功
/pub/data/jiafq/iscas/Parser_Comparison/../benchmarks/part57/non-incremental/QF_NIA/20170427-VeryMax/ITS/From_AProVE_2014__juHashMapCreateContainsKey.jar-obl-11__p31098_safety_0.smt2,64.1475,792,6310,成功
/pub/data/jiafq/iscas/Parser_Comparison/../benchmarks/part57/non-incremental/QF_NIA/20170427-VeryMax/ITS/From_AProVE_2014__juHashMapCreateContainsKey.jar-obl-11__p31099_safety_0.smt2,91.6886,1056,9432,成功
/pub/data/jiafq/iscas/Parser_Comparison/../benchmarks/part57/non-incremental/QF_NIA/20170427-VeryMax/ITS/From_AProVE_2014__juHashMapCreateContainsKey.jar-obl-11__p31102_safety_0.smt2,38.2125,528,3500,成功
/pub/data/jiafq/iscas/Parser_Comparison/../benchmarks/part57/non-incremental/QF_NIA/20170427-VeryMax/ITS/From_AProVE_2014__juHashMapCreateContainsKey.jar-obl-11__p31103_safety_0.smt2,62.8335,792,6310,成功
/pub/data/jiafq/iscas/Parser_Comparison/../benchmarks/part57/non-incremental/QF_NIA/20170427-VeryMax/ITS/From_AProVE_2014__juHashMapCreateContainsKey.jar-obl-11__p31104_safety_0.smt2,91.4345,1056,9432,成功
/pub/data/jiafq/iscas/Parser_Comparison/../benchmarks/part57/non-incremental/QF_NIA/20170427-VeryMax/ITS/From_AProVE_2014__juHashMapCreateContainsKey.jar-obl-11__p31105_safety_0.smt2,71.3062,792,6737,成功
/pub/data/jiafq/iscas/Parser_Comparison/../benchmarks/part57/non-incremental/QF_NIA/20170427-VeryMax/ITS/From_AProVE_2014__juHashMapCreateContainsKey.jar-obl-11__p31106_safety_0.smt2,123.507,1584,12549,成功
/pub/data/jiafq/iscas/Parser_Comparison/../benchmarks/part57/non-incremental/QF_NIA/20170427-VeryMax/ITS/From_AProVE_2014__juHashMapCreateContainsKey.jar-obl-11__p31107_safety_0.smt2,184.361,1848,19167,成功
/pub/data/jiafq/iscas/Parser_Comparison/../benchmarks/part57/non-incremental/QF_NIA/20170427-VeryMax/ITS/From_AProVE_2014__juHashMapCreateContainsKey.jar-obl-11__p31112_safety_0.smt2,75.7916,792,7508,成功
/pub/data/jiafq/iscas/Parser_Comparison/../benchmarks/part57/non-incremental/QF_NIA/20170427-VeryMax/ITS/From_AProVE_2014__juHashMapCreateContainsKey.jar-obl-11__p31114_safety_0.smt2,52.2175,792,5160,成功
/pub/data/jiafq/iscas/Parser_Comparison/../benchmarks/part57/non-incremental/QF_NIA/20170427-VeryMax/ITS/From_AProVE_2014__juHashMapCreateContainsKey.jar-obl-11__p31117_safety_0.smt2,54.8892,792,5189,成功
/pub/data/jiafq/iscas/Parser_Comparison/../benchmarks/part57/non-incremental/QF_NIA/20170427-VeryMax/ITS/From_AProVE_2014__juHashMapCreateContainsKey.jar-obl-11__p31118_safety_0.smt2,77.4677,1056,7822,成功
/pub/data/jiafq/iscas/Parser_Comparison/../benchmarks/part57/non-incremental/QF_NIA/20170427-VeryMax/ITS/From_AProVE_2014__juHashMapCreateContainsKey.jar-obl-11__p31119_safety_0.smt2,31.9626,528,2867,成功
/pub/data/jiafq/iscas/Parser_Comparison/../benchmarks/part57/non-incremental/QF_NIA/20170427-VeryMax/ITS/From_AProVE_2014__juHashMapCreateContainsKey.jar-obl-11__p31120_safety_0.smt2,52.9971,792,5189,成功
/pub/data/jiafq/iscas/Parser_Comparison/../benchmarks/part57/non-incremental/QF_NIA/20170427-VeryMax/ITS/From_AProVE_2014__juHashMapCreateContainsKey.jar-obl-11__p31121_safety_0.smt2,77.4105,1056,7822,成功
/pub/data/jiafq/iscas/Parser_Comparison/../benchmarks/part57/non-incremental/QF_NIA/20170427-VeryMax/ITS/From_AProVE_2014__juHashMapCreateContainsKey.jar-obl-11__p31122_safety_0.smt2,73.8695,1056,7205,成功
/pub/data/jiafq/iscas/Parser_Comparison/../benchmarks/part57/non-incremental/QF_NIA/20170427-VeryMax/ITS/From_AProVE_2014__juHashMapCreateContainsKey.jar-obl-11__p31123_safety_0.smt2,130.962,1584,13314,成功
/pub/data/jiafq/iscas/Parser_Comparison/../benchmarks/part57/non-incremental/QF_NIA/20170427-VeryMax/ITS/From_AProVE_2014__juHashMapCreateContainsKey.jar-obl-11__p31124_safety_0.smt2,187.215,2112,20229,成功
/pub/data/jiafq/iscas/Parser_Comparison/../benchmarks/part57/non-incremental/QF_NIA/20170427-VeryMax/ITS/From_AProVE_2014__juHashMapCreateContainsKey.jar-obl-11__p31129_safety_0.smt2,82.6042,1056,8649,成功
/pub/data/jiafq/iscas/Parser_Comparison/../benchmarks/part57/non-incremental/QF_NIA/20170427-VeryMax/ITS/From_AProVE_2014__juHashMapCreateContainsKey.jar-obl-11__p31133_safety_0.smt2,61.6379,792,6233,成功
/pub/data/jiafq/iscas/Parser_Comparison/../benchmarks/part57/non-incremental/QF_NIA/20170427-VeryMax/ITS/From_AProVE_2014__juHashMapCreateContainsKey.jar-obl-11__p31134_safety_0.smt2,90.1351,1056,9304,成功
/pub/data/jiafq/iscas/Parser_Comparison/../benchmarks/part57/non-incremental/QF_NIA/20170427-VeryMax/ITS/From_AProVE_2014__juHashMapCreateContainsKey.jar-obl-11__p31137_safety_0.smt2,38.1486,528,3478,成功
/pub/data/jiafq/iscas/Parser_Comparison/../benchmarks/part57/non-incremental/QF_NIA/20170427-VeryMax/ITS/From_AProVE_2014__juHashMapCreateContainsKey.jar-obl-11__p31138_safety_0.smt2,62.7844,792,6243,成功
/pub/data/jiafq/iscas/Parser_Comparison/../benchmarks/part57/non-incremental/QF_NIA/20170427-VeryMax/ITS/From_AProVE_2014__juHashMapCreateContainsKey.jar-obl-11__p31139_safety_0.smt2,89.8051,1056,9320,成功
/pub/data/jiafq/iscas/Parser_Comparison/../benchmarks/part57/non-incremental/QF_NIA/20170427-VeryMax/ITS/From_AProVE_2014__juHashMapCreateContainsKey.jar-obl-11__p31140_safety_0.smt2,67.6091,792,6757,成功
/pub/data/jiafq/iscas/Parser_Comparison/../benchmarks/part57/non-incremental/QF_NIA/20170427-VeryMax/ITS/From_AProVE_2014__juHashMapCreateContainsKey.jar-obl-11__p31141_safety_0.smt2,124.326,1584,12581,成功
/pub/data/jiafq/iscas/Parser_Comparison/../benchmarks/part57/non-incremental/QF_NIA/20170427-VeryMax/ITS/From_AProVE_2014__juHashMapCreateContainsKey.jar-obl-11__p31142_safety_0.smt2,179.949,1848,19211,成功
/pub/data/jiafq/iscas/Parser_Comparison/../benchmarks/part57/non-incremental/QF_NIA/20170427-VeryMax/ITS/From_AProVE_2014__juHashMapCreateContainsKey.jar-obl-11__p31147_safety_0.smt2,80.9274,792,8507,成功
/pub/data/jiafq/iscas/Parser_Comparison/../benchmarks/part57/non-incremental/QF_NIA/20170427-VeryMax/ITS/From_AProVE_2014__juHashMapCreateContainsKey.jar-obl-11__p31151_safety_0.smt2,61.5861,792,6121,成功
/pub/data/jiafq/iscas/Parser_Comparison/../benchmarks/part57/non-incremental/QF_NIA/20170427-VeryMax/ITS/From_AProVE_2014__juHashMapCreateContainsKey.jar-obl-11__p31152_safety_0.smt2,87.3871,1056,9163,成功
/pub/data/jiafq/iscas/Parser_Comparison/../benchmarks/part57/non-incremental/QF_NIA/20170427-VeryMax/ITS/From_AProVE_2014__juHashMapCreateContainsKey.jar-obl-11__p31157_safety_0.smt2,90.2739,1056,9459,成功
/pub/data/jiafq/iscas/Parser_Comparison/../benchmarks/part57/non-incremental/QF_NIA/20170427-VeryMax/ITS/From_AProVE_2014__juHashMapCreateContainsKey.jar-obl-11__p31160_safety_0.smt2,38.6949,528,3517,成功
/pub/data/jiafq/iscas/Parser_Comparison/../benchmarks/part57/non-incremental/QF_NIA/20170427-VeryMax/ITS/From_AProVE_2014__juHashMapCreateContainsKey.jar-obl-11__p31161_safety_0.smt2,64.6586,792,6331,成功
/pub/data/jiafq/iscas/Parser_Comparison/../benchmarks/part57/non-incremental/QF_NIA/20170427-VeryMax/ITS/From_AProVE_2014__juHashMapCreateContainsKey.jar-obl-11__p31162_safety_0.smt2,92.2313,1056,9457,成功
/pub/data/jiafq/iscas/Parser_Comparison/../benchmarks/part57/non-incremental/QF_NIA/20170427-VeryMax/ITS/From_AProVE_2014__juHashMapCreateContainsKey.jar-obl-11__p31165_terminationG_0.smt2,135.554,1848,11685,成功
/pub/data/jiafq/iscas/Parser_Comparison/../benchmarks/part57/non-incremental/QF_NIA/20170427-VeryMax/ITS/From_AProVE_2014__juHashMapCreateContainsKey.jar-obl-11__p31166_terminationG_0.smt2,186.636,2904,17031,成功
/pub/data/jiafq/iscas/Parser_Comparison/../benchmarks/part57/non-incremental/QF_NIA/20170427-VeryMax/ITS/From_AProVE_2014__juHashMapCreateContainsKey.jar-obl-11__p31167_terminationG_0.smt2,241.934,3080,23061,成功
/pub/data/jiafq/iscas/Parser_Comparison/../benchmarks/part57/non-incremental/QF_NIA/20170427-VeryMax/ITS/From_AProVE_2014__juHashMapCreateContainsKey.jar-obl-11__p31176_safety_0.smt2,52.0468,792,5639,成功
/pub/data/jiafq/iscas/Parser_Comparison/../benchmarks/part57/non-incremental/QF_NIA/20170427-VeryMax/ITS/From_AProVE_2014__juHashMapCreateContainsKey.jar-obl-11__p31184_safety_0.smt2,87.5843,1056,8999,成功
/pub/data/jiafq/iscas/Parser_Comparison/../benchmarks/part57/non-incremental/QF_NIA/20170427-VeryMax/ITS/From_AProVE_2014__juHashMapCreateContainsKey.jar-obl-11__p31188_safety_0.smt2,59.4323,792,6017,成功
/pub/data/jiafq/iscas/Parser_Comparison/../benchmarks/part57/non-incremental/QF_NIA/20170427-VeryMax/ITS/From_AProVE_2014__juHashMapCreateContainsKey.jar-obl-11__p31189_safety_0.smt2,87.6071,1056,9035,成功
/pub/data/jiafq/iscas/Parser_Comparison/../benchmarks/part57/non-incremental/QF_NIA/20170427-VeryMax/ITS/From_AProVE_2014__juHashMapCreateContainsKey.jar-obl-11__p31195_safety_0.smt2,58.8322,792,5987,成功
/pub/data/jiafq/iscas/Parser_Comparison/../benchmarks/part57/non-incremental/QF_NIA/20170427-VeryMax/ITS/From_AProVE_2014__juHashMapCreateContainsKey.jar-obl-11__p31196_safety_0.smt2,83.8058,1056,8999,成功
/pub/data/jiafq/iscas/Parser_Comparison/../benchmarks/part57/non-incremental/QF_NIA/20170427-VeryMax/ITS/From_AProVE_2014__juHashMapCreateContainsKey.jar-obl-11__p31198_safety_0.smt2,60.0777,792,6015,成功
/pub/data/jiafq/iscas/Parser_Comparison/../benchmarks/part57/non-incremental/QF_NIA/20170427-VeryMax/ITS/From_AProVE_2014__juHashMapCreateContainsKey.jar-obl-11__p31199_safety_0.smt2,87.8696,1056,9033,成功
/pub/data/jiafq/iscas/Parser_Comparison/../benchmarks/part57/non-incremental/QF_NIA/20170427-VeryMax/ITS/From_AProVE_2014__juHashMapCreateContainsKey.jar-obl-11__p31204_safety_0.smt2,36.0854,528,3291,成功
/pub/data/jiafq/iscas/Parser_Comparison/../benchmarks/part57/non-incremental/QF_NIA/20170427-VeryMax/ITS/From_AProVE_2014__juHashMapCreateContainsKey.jar-obl-11__p31205_safety_0.smt2,58.6622,792,5997,成功
/pub/data/jiafq/iscas/Parser_Comparison/../benchmarks/part57/non-incremental/QF_NIA/20170427-VeryMax/ITS/From_AProVE_2014__juHashMapCreateContainsKey.jar-obl-11__p31206_safety_0.smt2,83.915,1056,9015,成功
/pub/data/jiafq/iscas/Parser_Comparison/../benchmarks/part57/non-incremental/QF_NIA/20170427-VeryMax/ITS/From_AProVE_2014__juHashMapCreateContainsKey.jar-obl-11__p31207_safety_0.smt2,35.9726,528,3309,成功
/pub/data/jiafq/iscas/Parser_Comparison/../benchmarks/part57/non-incremental/QF_NIA/20170427-VeryMax/ITS/From_AProVE_2014__juHashMapCreateContainsKey.jar-obl-11__p31208_safety_0.smt2,58.4228,792,6015,成功
/pub/data/jiafq/iscas/Parser_Comparison/../benchmarks/part57/non-incremental/QF_NIA/20170427-VeryMax/ITS/From_AProVE_2014__juHashMapCreateContainsKey.jar-obl-11__p31209_safety_0.smt2,82.3963,1056,9033,成功
/pub/data/jiafq/iscas/Parser_Comparison/../benchmarks/part57/non-incremental/QF_NIA/20170427-VeryMax/ITS/From_AProVE_2014__juHashMapCreateContainsKey.jar-obl-11__p31210_safety_0.smt2,63.297,792,6565,成功
/pub/data/jiafq/iscas/Parser_Comparison/../benchmarks/part57/non-incremental/QF_NIA/20170427-VeryMax/ITS/From_AProVE_2014__juHashMapCreateContainsKey.jar-obl-11__p31212_safety_0.smt2,169.691,1848,18356,成功
/pub/data/jiafq/iscas/Parser_Comparison/../benchmarks/part57/non-incremental/QF_NIA/20170427-VeryMax/ITS/From_AProVE_2014__juHashMapCreateContainsKey.jar-obl-11__p31214_safety_0.smt2,117.407,1584,12310,成功
/pub/data/jiafq/iscas/Parser_Comparison/../benchmarks/part57/non-incremental/QF_NIA/20170427-VeryMax/ITS/From_AProVE_2014__juHashMapCreateContainsKey.jar-obl-11__p31215_safety_0.smt2,170.528,1848,18699,成功
/pub/data/jiafq/iscas/Parser_Comparison/../benchmarks/part57/non-incremental/QF_NIA/20170427-VeryMax/ITS/From_AProVE_2014__juHashMapCreateContainsKey.jar-obl-11__p31219_safety_0.smt2,57.1964,792,5776,成功
/pub/data/jiafq/iscas/Parser_Comparison/../benchmarks/part57/non-incremental/QF_NIA/20170427-VeryMax/ITS/From_AProVE_2014__juHashMapCreateContainsKey.jar-obl-11__p31220_safety_0.smt2,81.636,792,8580,成功
/pub/data/jiafq/iscas/Parser_Comparison/../benchmarks/part57/non-incremental/QF_NIA/20170427-VeryMax/ITS/From_AProVE_2014__juHashMapCreateContainsKey.jar-obl-11__p31224_safety_0.smt2,56.0596,792,5634,成功
/pub/data/jiafq/iscas/Parser_Comparison/../benchmarks/part57/non-incremental/QF_NIA/20170427-VeryMax/ITS/From_AProVE_2014__juHashMapCreateContainsKey.jar-obl-11__p31225_safety_0.smt2,79.9503,792,8389,成功
/pub/data/jiafq/iscas/Parser_Comparison/../benchmarks/part57/non-incremental/QF_NIA/20170427-VeryMax/ITS/From_AProVE_2014__juHashMapCreateContainsKey.jar-obl-11__p31231_safety_0.smt2,61.9278,792,6176,成功
/pub/data/jiafq/iscas/Parser_Comparison/../benchmarks/part57/non-incremental/QF_NIA/20170427-VeryMax/ITS/From_AProVE_2014__juHashMapCreateContainsKey.jar-obl-11__p31232_safety_0.smt2,88.083,1056,9253,成功
/pub/data/jiafq/iscas/Parser_Comparison/../benchmarks/part57/non-incremental/QF_NIA/20170427-VeryMax/ITS/From_AProVE_2014__juHashMapCreateContainsKey.jar-obl-11__p31234_safety_0.smt2,58.9983,792,5993,成功
/pub/data/jiafq/iscas/Parser_Comparison/../benchmarks/part57/non-incremental/QF_NIA/20170427-VeryMax/ITS/From_AProVE_2014__juHashMapCreateContainsKey.jar-obl-11__p31235_safety_0.smt2,87.3299,1056,8992,成功
/pub/data/jiafq/iscas/Parser_Comparison/../benchmarks/part57/non-incremental/QF_NIA/20170427-VeryMax/ITS/From_AProVE_2014__juHashMapCreateContainsKey.jar-obl-11__p31238_safety_0.smt2,36.54,528,3304,成功
/pub/data/jiafq/iscas/Parser_Comparison/../benchmarks/part57/non-incremental/QF_NIA/20170427-VeryMax/ITS/From_AProVE_2014__juHashMapCreateContainsKey.jar-obl-11__p31239_safety_0.smt2,60.3242,792,5991,成功
/pub/data/jiafq/iscas/Parser_Comparison/../benchmarks/part57/non-incremental/QF_NIA/20170427-VeryMax/ITS/From_AProVE_2014__juHashMapCreateContainsKey.jar-obl-11__p31240_safety_0.smt2,85.9194,1056,8990,成功
/pub/data/jiafq/iscas/Parser_Comparison/../benchmarks/part57/non-incremental/QF_NIA/20170427-VeryMax/ITS/From_AProVE_2014__juHashMapCreateContainsKey.jar-obl-11__p31244_safety_0.smt2,64.8348,792,6388,成功
/pub/data/jiafq/iscas/Parser_Comparison/../benchmarks/part57/non-incremental/QF_NIA/20170427-VeryMax/ITS/From_AProVE_2014__juHashMapCreateContainsKey.jar-obl-11__p31245_safety_0.smt2,92.2794,1056,9549,成功
/pub/data/jiafq/iscas/Parser_Comparison/../benchmarks/part57/non-incremental/QF_NIA/20170427-VeryMax/ITS/From_AProVE_2014__juHashMapCreateContainsKey.jar-obl-11__p31249_safety_0.smt2,63.4284,792,6416,成功
/pub/data/jiafq/iscas/Parser_Comparison/../benchmarks/part57/non-incremental/QF_NIA/20170427-VeryMax/ITS/From_AProVE_2014__juHashMapCreateContainsKey.jar-obl-11__p31250_safety_0.smt2,91.4271,1056,9589,成功
/pub/data/jiafq/iscas/Parser_Comparison/../benchmarks/part57/non-incremental/QF_NIA/20170427-VeryMax/ITS/From_AProVE_2014__juHashMapCreateContainsKey.jar-obl-11__p31253_safety_0.smt2,69.5629,792,6970,成功
/pub/data/jiafq/iscas/Parser_Comparison/../benchmarks/part57/non-incremental/QF_NIA/20170427-VeryMax/ITS/From_AProVE_2014__juHashMapCreateContainsKey.jar-obl-11__p31254_safety_0.smt2,122.955,1584,12914,成功
/pub/data/jiafq/iscas/Parser_Comparison/../benchmarks/part57/non-incremental/QF_NIA/20170427-VeryMax/ITS/From_AProVE_2014__juHashMapCreateContainsKey.jar-obl-11__p31255_safety_0.smt2,181.159,1848,19664,成功
/pub/data/jiafq/iscas/Parser_Comparison/../benchmarks/part57/non-incremental/QF_NIA/20170427-VeryMax/ITS/From_AProVE_2014__juHashMapCreateContainsKey.jar-obl-11__p31260_safety_0.smt2,77.6463,792,8409,成功
/pub/data/jiafq/iscas/Parser_Comparison/../benchmarks/part57/non-incremental/QF_NIA/20170427-VeryMax/ITS/From_AProVE_2014__juHashMapCreateContainsKey.jar-obl-11__p31264_safety_0.smt2,60.6601,792,6031,成功
/pub/data/jiafq/iscas/Parser_Comparison/../benchmarks/part57/non-incremental/QF_NIA/20170427-VeryMax/ITS/From_AProVE_2014__juHashMapCreateContainsKey.jar-obl-11__p31265_safety_0.smt2,86.3106,1056,9036,成功
/pub/data/jiafq/iscas/Parser_Comparison/../benchmarks/part57/non-incremental/QF_NIA/20170427-VeryMax/ITS/From_AProVE_2014__juHashMapCreateContainsKey.jar-obl-11__p31268_safety_0.smt2,37.5168,528,3466,成功
/pub/data/jiafq/iscas/Parser_Comparison/../benchmarks/part57/non-incremental/QF_NIA/20170427-VeryMax/ITS/From_AProVE_2014__juHashMapCreateContainsKey.jar-obl-11__p31269_safety_0.smt2,60.4098,792,6243,成功
/pub/data/jiafq/iscas/Parser_Comparison/../benchmarks/part57/non-incremental/QF_NIA/20170427-VeryMax/ITS/From_AProVE_2014__juHashMapCreateContainsKey.jar-obl-11__p31270_safety_0.smt2,85.0255,1056,9332,成功
/pub/data/jiafq/iscas/Parser_Comparison/../benchmarks/part57/non-incremental/QF_NIA/20170427-VeryMax/ITS/From_AProVE_2014__juHashMapCreateContainsKey.jar-obl-11__p31274_safety_0.smt2,60.039,792,6243,成功
/pub/data/jiafq/iscas/Parser_Comparison/../benchmarks/part57/non-incremental/QF_NIA/20170427-VeryMax/ITS/From_AProVE_2014__juHashMapCreateContainsKey.jar-obl-11__p31275_safety_0.smt2,86.4468,1056,9332,成功
/pub/data/jiafq/iscas/Parser_Comparison/../benchmarks/part57/non-incremental/QF_NIA/20170427-VeryMax/ITS/From_AProVE_2014__juHashMapCreateContainsKey.jar-obl-11__p31278_safety_0.smt2,70.7688,792,6991,成功
/pub/data/jiafq/iscas/Parser_Comparison/../benchmarks/part57/non-incremental/QF_NIA/20170427-VeryMax/ITS/From_AProVE_2014__juHashMapCreateContainsKey.jar-obl-11__p31279_safety_0.smt2,125.712,1584,12947,成功
/pub/data/jiafq/iscas/Parser_Comparison/../benchmarks/part57/non-incremental/QF_NIA/20170427-VeryMax/ITS/From_AProVE_2014__juHashMapCreateContainsKey.jar-obl-11__p31280_safety_0.smt2,177.763,1848,19709,成功
/pub/data/jiafq/iscas/Parser_Comparison/../benchmarks/part57/non-incremental/QF_NIA/20170427-VeryMax/ITS/From_AProVE_2014__juHashMapCreateContainsKey.jar-obl-11__p31284_safety_0.smt2,57.5941,792,5734,成功
/pub/data/jiafq/iscas/Parser_Comparison/../benchmarks/part57/non-incremental/QF_NIA/20170427-VeryMax/ITS/From_AProVE_2014__juHashMapCreateContainsKey.jar-obl-11__p31285_safety_0.smt2,81.5852,1056,8510,成功
/pub/data/jiafq/iscas/Parser_Comparison/../benchmarks/part57/non-incremental/QF_NIA/20170427-VeryMax/ITS/From_AProVE_2014__juHashMapCreateContainsKey.jar-obl-11__p31289_safety_0.smt2,59.3374,792,6090,成功
/pub/data/jiafq/iscas/Parser_Comparison/../benchmarks/part57/non-incremental/QF_NIA/20170427-VeryMax/ITS/From_AProVE_2014__juHashMapCreateContainsKey.jar-obl-11__p31290_safety_0.smt2,87.7798,1056,9109,成功
/pub/data/jiafq/iscas/Parser_Comparison/../benchmarks/part57/non-incremental/QF_NIA/20170427-VeryMax/ITS/From_AProVE_2014__juHashMapCreateContainsKey.jar-obl-11__p31294_safety_0.smt2,58.9786,792,6100,成功
/pub/data/jiafq/iscas/Parser_Comparison/../benchmarks/part57/non-incremental/QF_NIA/20170427-VeryMax/ITS/From_AProVE_2014__juHashMapCreateContainsKey.jar-obl-11__p31295_safety_0.smt2,85.1183,1056,9125,成功
/pub/data/jiafq/iscas/Parser_Comparison/../benchmarks/part57/non-incremental/QF_NIA/20170427-VeryMax/ITS/From_AProVE_2014__juHashMapCreateContainsKey.jar-obl-11__p31298_safety_0.smt2,36.3536,528,3387,成功
/pub/data/jiafq/iscas/Parser_Comparison/../benchmarks/part57/non-incremental/QF_NIA/20170427-VeryMax/ITS/From_AProVE_2014__juHashMapCreateContainsKey.jar-obl-11__p31299_safety_0.smt2,56.6754,792,6100,成功
/pub/data/jiafq/iscas/Parser_Comparison/../benchmarks/part57/non-incremental/QF_NIA/20170427-VeryMax/ITS/From_AProVE_2014__juHashMapCreateContainsKey.jar-obl-11__p31300_safety_0.smt2,80.0438,1056,9125,成功
/pub/data/jiafq/iscas/Parser_Comparison/../benchmarks/part57/non-incremental/QF_NIA/20170427-VeryMax/ITS/From_AProVE_2014__juHashMapCreateContainsKey.jar-obl-11__p31302_safety_0.smt2,122.838,1584,12714,成功
/pub/data/jiafq/iscas/Parser_Comparison/../benchmarks/part57/non-incremental/QF_NIA/20170427-VeryMax/ITS/From_AProVE_2014__juHashMapCreateContainsKey.jar-obl-11__p31303_safety_0.smt2,175.223,1848,19377,成功
/pub/data/jiafq/iscas/Parser_Comparison/../benchmarks/part57/non-incremental/QF_NIA/20170427-VeryMax/ITS/From_AProVE_2014__juHashMapCreateContainsKey.jar-obl-11__p31308_safety_0.smt2,76.1101,792,7632,成功
/pub/data/jiafq/iscas/Parser_Comparison/../benchmarks/part57/non-incremental/QF_NIA/20170427-VeryMax/ITS/From_AProVE_2014__juHashMapCreateContainsKey.jar-obl-11__p31310_safety_0.smt2,54.0063,792,5251,成功
/pub/data/jiafq/iscas/Parser_Comparison/../benchmarks/part57/non-incremental/QF_NIA/20170427-VeryMax/ITS/From_AProVE_2014__juHashMapCreateContainsKey.jar-obl-11__p31311_safety_0.smt2,75.8114,1056,7896,成功
/pub/data/jiafq/iscas/Parser_Comparison/../benchmarks/part57/non-incremental/QF_NIA/20170427-VeryMax/ITS/From_AProVE_2014__juHashMapCreateContainsKey.jar-obl-11__p31313_safety_0.smt2,54.6749,792,5251,成功
/pub/data/jiafq/iscas/Parser_Comparison/../benchmarks/part57/non-incremental/QF_NIA/20170427-VeryMax/ITS/From_AProVE_2014__juHashMapCreateContainsKey.jar-obl-11__p31314_safety_0.smt2,77.316,1056,7896,成功
/pub/data/jiafq/iscas/Parser_Comparison/../benchmarks/part57/non-incremental/QF_NIA/20170427-VeryMax/ITS/From_AProVE_2014__juHashMapCreateContainsKey.jar-obl-11__p31315_safety_0.smt2,30.2444,528,2919,成功
/pub/data/jiafq/iscas/Parser_Comparison/../benchmarks/part57/non-incremental/QF_NIA/20170427-VeryMax/ITS/From_AProVE_2014__juHashMapCreateContainsKey.jar-obl-11__p31316_safety_0.smt2,50.3409,792,5256,成功
/pub/data/jiafq/iscas/Parser_Comparison/../benchmarks/part57/non-incremental/QF_NIA/20170427-VeryMax/ITS/From_AProVE_2014__juHashMapCreateContainsKey.jar-obl-11__p31317_safety_0.smt2,77.7121,1056,7904,成功
/pub/data/jiafq/iscas/Parser_Comparison/../benchmarks/part57/non-incremental/QF_NIA/20170427-VeryMax/ITS/From_AProVE_2014__juHashMapCreateContainsKey.jar-obl-11__p31318_safety_0.smt2,71.641,1056,7107,成功
/pub/data/jiafq/iscas/Parser_Comparison/../benchmarks/part57/non-incremental/QF_NIA/20170427-VeryMax/ITS/From_AProVE_2014__juHashMapCreateContainsKey.jar-obl-11__p31319_safety_0.smt2,125.413,1584,13129,成功
/pub/data/jiafq/iscas/Parser_Comparison/../benchmarks/part57/non-incremental/QF_NIA/20170427-VeryMax/ITS/From_AProVE_2014__juHashMapCreateContainsKey.jar-obl-11__p31320_safety_0.smt2,182.88,2112,19957,成功
/pub/data/jiafq/iscas/Parser_Comparison/../benchmarks/part57/non-incremental/QF_NIA/20170427-VeryMax/ITS/From_AProVE_2014__juHashMapCreateContainsKey.jar-obl-11__p31325_safety_0.smt2,83.5757,1056,8737,成功
/pub/data/jiafq/iscas/Parser_Comparison/../benchmarks/part57/non-incremental/QF_NIA/20170427-VeryMax/ITS/From_AProVE_2014__juHashMapCreateContainsKey.jar-obl-11__p31329_safety_0.smt2,62.6771,792,6318,成功
/pub/data/jiafq/iscas/Parser_Comparison/../benchmarks/part57/non-incremental/QF_NIA/20170427-VeryMax/ITS/From_AProVE_2014__juHashMapCreateContainsKey.jar-obl-11__p31330_safety_0.smt2,87.944,1056,9422,成功
/pub/data/jiafq/iscas/Parser_Comparison/../benchmarks/part57/non-incremental/QF_NIA/20170427-VeryMax/ITS/From_AProVE_2014__juHashMapCreateContainsKey.jar-obl-11__p31333_safety_0.smt2,38.434,528,3530,成功
/pub/data/jiafq/iscas/Parser_Comparison/../benchmarks/part57/non-incremental/QF_NIA/20170427-VeryMax/ITS/From_AProVE_2014__juHashMapCreateContainsKey.jar-obl-11__p31334_safety_0.smt2,60.3237,792,6328,成功
/pub/data/jiafq/iscas/Parser_Comparison/../benchmarks/part57/non-incremental/QF_NIA/20170427-VeryMax/ITS/From_AProVE_2014__juHashMapCreateContainsKey.jar-obl-11__p31335_safety_0.smt2,87.3492,1056,9438,成功
/pub/data/jiafq/iscas/Parser_Comparison/../benchmarks/part57/non-incremental/QF_NIA/20170427-VeryMax/ITS/From_AProVE_2014__juHashMapCreateContainsKey.jar-obl-11__p31338_safety_0.smt2,37.0288,528,3530,成功
/pub/data/jiafq/iscas/Parser_Comparison/../benchmarks/part57/non-incremental/QF_NIA/20170427-VeryMax/ITS/From_AProVE_2014__juHashMapCreateContainsKey.jar-obl-11__p31339_safety_0.smt2,60.9655,792,6328,成功
/pub/data/jiafq/iscas/Parser_Comparison/../benchmarks/part57/non-incremental/QF_NIA/20170427-VeryMax/ITS/From_AProVE_2014__juHashMapCreateContainsKey.jar-obl-11__p31340_safety_0.smt2,89.8573,1056,9438,成功
/pub/data/jiafq/iscas/Parser_Comparison/../benchmarks/part57/non-incremental/QF_NIA/20170427-VeryMax/ITS/From_AProVE_2014__juHashMapCreateContainsKey.jar-obl-11__p31343_terminationG_0.smt2,139.092,2112,11919,成功
/pub/data/jiafq/iscas/Parser_Comparison/../benchmarks/part57/non-incremental/QF_NIA/20170427-VeryMax/ITS/From_AProVE_2014__juHashMapCreateContainsKey.jar-obl-11__p31344_terminationG_0.smt2,187.797,2904,17337,成功
/pub/data/jiafq/iscas/Parser_Comparison/../benchmarks/part57/non-incremental/QF_NIA/20170427-VeryMax/ITS/From_AProVE_2014__juHashMapCreateContainsKey.jar-obl-11__p31345_terminationG_0.smt2,243.421,3092,23439,成功
/pub/data/jiafq/iscas/Parser_Comparison/../benchmarks/part57/non-incremental/QF_NIA/20170427-VeryMax/ITS/From_AProVE_2014__juHashMapCreateContainsKey.jar-obl-11__p31353_safety_0.smt2,52.3152,792,5723,成功
/pub/data/jiafq/iscas/Parser_Comparison/../benchmarks/part57/non-incremental/QF_NIA/20170427-VeryMax/ITS/From_AProVE_2014__juHashMapCreateContainsKey.jar-obl-11__p31361_safety_0.smt2,61.7626,792,6162,成功
/pub/data/jiafq/iscas/Parser_Comparison/../benchmarks/part57/non-incremental/QF_NIA/20170427-VeryMax/ITS/From_AProVE_2014__juHashMapCreateContainsKey.jar-obl-11__p31362_safety_0.smt2,84.9657,1056,9228,成功
/pub/data/jiafq/iscas/Parser_Comparison/../benchmarks/part57/non-incremental/QF_NIA/20170427-VeryMax/ITS/From_AProVE_2014__juHashMapCreateContainsKey.jar-obl-11__p31366_safety_0.smt2,58.3758,792,6144,成功
/pub/data/jiafq/iscas/Parser_Comparison/../benchmarks/part57/non-incremental/QF_NIA/20170427-VeryMax/ITS/From_AProVE_2014__juHashMapCreateContainsKey.jar-obl-11__p31367_safety_0.smt2,83.3914,1056,9210,成功
/pub/data/jiafq/iscas/Parser_Comparison/../benchmarks/part57/non-incremental/QF_NIA/20170427-VeryMax/ITS/From_AProVE_2014__juHashMapCreateContainsKey.jar-obl-11__p31371_safety_0.smt2,56.6189,792,6162,成功
/pub/data/jiafq/iscas/Parser_Comparison/../benchmarks/part57/non-incremental/QF_NIA/20170427-VeryMax/ITS/From_AProVE_2014__juHashMapCreateContainsKey.jar-obl-11__p31372_safety_0.smt2,80.9042,1056,9228,成功
/pub/data/jiafq/iscas/Parser_Comparison/../benchmarks/part57/non-incremental/QF_NIA/20170427-VeryMax/ITS/From_AProVE_2014__juHashMapCreateContainsKey.jar-obl-11__p31376_safety_0.smt2,56.6127,792,6154,成功
/pub/data/jiafq/iscas/Parser_Comparison/../benchmarks/part57/non-incremental/QF_NIA/20170427-VeryMax/ITS/From_AProVE_2014__juHashMapCreateContainsKey.jar-obl-11__p31377_safety_0.smt2,85.8269,1056,9226,成功
/pub/data/jiafq/iscas/Parser_Comparison/../benchmarks/part57/non-incremental/QF_NIA/20170427-VeryMax/ITS/From_AProVE_2014__juHashMapCreateContainsKey.jar-obl-11__p31380_safety_0.smt2,33.5693,528,3412,成功
/pub/data/jiafq/iscas/Parser_Comparison/../benchmarks/part57/non-incremental/QF_NIA/20170427-VeryMax/ITS/From_AProVE_2014__juHashMapCreateContainsKey.jar-obl-11__p31381_safety_0.smt2,56.746,792,6172,成功
/pub/data/jiafq/iscas/Parser_Comparison/../benchmarks/part57/non-incremental/QF_NIA/20170427-VeryMax/ITS/From_AProVE_2014__juHashMapCreateContainsKey.jar-obl-11__p31382_safety_0.smt2,84.1565,1056,9244,成功
/pub/data/jiafq/iscas/Parser_Comparison/../benchmarks/part57/non-incremental/QF_NIA/20170427-VeryMax/ITS/From_AProVE_2014__juHashMapCreateContainsKey.jar-obl-11__p31385_safety_0.smt2,36.5708,528,3394,成功
/pub/data/jiafq/iscas/Parser_Comparison/../benchmarks/part57/non-incremental/QF_NIA/20170427-VeryMax/ITS/From_AProVE_2014__juHashMapCreateContainsKey.jar-obl-11__p31386_safety_0.smt2,56.0086,792,6154,成功
/pub/data/jiafq/iscas/Parser_Comparison/../benchmarks/part57/non-incremental/QF_NIA/20170427-VeryMax/ITS/From_AProVE_2014__juHashMapCreateContainsKey.jar-obl-11__p31387_safety_0.smt2,81.5864,1056,9226,成功
/pub/data/jiafq/iscas/Parser_Comparison/../benchmarks/part57/non-incremental/QF_NIA/20170427-VeryMax/ITS/From_AProVE_2014__juHashMapCreateContainsKey.jar-obl-11__p31389_safety_0.smt2,113.819,1584,12753,成功
/pub/data/jiafq/iscas/Parser_Comparison/../benchmarks/part57/non-incremental/QF_NIA/20170427-VeryMax/ITS/From_AProVE_2014__juHashMapCreateContainsKey.jar-obl-11__p31390_safety_0.smt2,171.956,2112,19302,成功
/pub/data/jiafq/iscas/Parser_Comparison/../benchmarks/part57/non-incremental/QF_NIA/20170427-VeryMax/ITS/From_AProVE_2014__juHashMapCreateContainsKey.jar-obl-11__p31392_safety_0.smt2,66.0951,792,6848,成功
/pub/data/jiafq/iscas/Parser_Comparison/../benchmarks/part57/non-incremental/QF_NIA/20170427-VeryMax/ITS/From_AProVE_2014__juHashMapCreateContainsKey.jar-obl-11__p31394_safety_0.smt2,118.905,1584,12500,成功
/pub/data/jiafq/iscas/Parser_Comparison/../benchmarks/part57/non-incremental/QF_NIA/20170427-VeryMax/ITS/From_AProVE_2014__juHashMapCreateContainsKey.jar-obl-11__p31395_safety_0.smt2,169.295,1848,18959,成功
/pub/data/jiafq/iscas/Parser_Comparison/../benchmarks/part57/non-incremental/QF_NIA/20170427-VeryMax/ITS/From_AProVE_2014__juHashMapCreateContainsKey.jar-obl-11__p31397_safety_0.smt2,56.5524,792,5726,成功
/pub/data/jiafq/iscas/Parser_Comparison/../benchmarks/part57/non-incremental/QF_NIA/20170427-VeryMax/ITS/From_AProVE_2014__juHashMapCreateContainsKey.jar-obl-11__p31402_safety_0.smt2,62.1717,792,6118,成功
/pub/data/jiafq/iscas/Parser_Comparison/../benchmarks/part57/non-incremental/QF_NIA/20170427-VeryMax/ITS/From_AProVE_2014__juHashMapCreateContainsKey.jar-obl-11__p31403_safety_0.smt2,84.4097,1056,9154,成功
/pub/data/jiafq/iscas/Parser_Comparison/../benchmarks/part57/non-incremental/QF_NIA/20170427-VeryMax/ITS/From_AProVE_2014__juHashMapCreateContainsKey.jar-obl-11__p31412_safety_0.smt2,60.2033,792,6146,成功
/pub/data/jiafq/iscas/Parser_Comparison/../benchmarks/part57/non-incremental/QF_NIA/20170427-VeryMax/ITS/From_AProVE_2014__juHashMapCreateContainsKey.jar-obl-11__p31413_safety_0.smt2,88.0861,1056,9194,成功
/pub/data/jiafq/iscas/Parser_Comparison/../benchmarks/part57/non-incremental/QF_NIA/20170427-VeryMax/ITS/From_AProVE_2014__juHashMapCreateContainsKey.jar-obl-11__p31417_safety_0.smt2,59.9837,792,6116,成功
/pub/data/jiafq/iscas/Parser_Comparison/../benchmarks/part57/non-incremental/QF_NIA/20170427-VeryMax/ITS/From_AProVE_2014__juHashMapCreateContainsKey.jar-obl-11__p31418_safety_0.smt2,80.9667,1056,9158,成功
/pub/data/jiafq/iscas/Parser_Comparison/../benchmarks/part57/non-incremental/QF_NIA/20170427-VeryMax/ITS/From_AProVE_2014__juHashMapCreateContainsKey.jar-obl-11__p31421_safety_0.smt2,34.9257,528,3410,成功
/pub/data/jiafq/iscas/Parser_Comparison/../benchmarks/part57/non-incremental/QF_NIA/20170427-VeryMax/ITS/From_AProVE_2014__juHashMapCreateContainsKey.jar-obl-11__p31422_safety_0.smt2,57.7414,792,6146,成功
/pub/data/jiafq/iscas/Parser_Comparison/../benchmarks/part57/non-incremental/QF_NIA/20170427-VeryMax/ITS/From_AProVE_2014__juHashMapCreateContainsKey.jar-obl-11__p31423_safety_0.smt2,88.0425,1056,9194,成功
/pub/data/jiafq/iscas/Parser_Comparison/../benchmarks/part57/non-incremental/QF_NIA/20170427-VeryMax/ITS/From_AProVE_2014__juHashMapCreateContainsKey.jar-obl-11__p31426_safety_0.smt2,36.2253,528,3402,成功
/pub/data/jiafq/iscas/Parser_Comparison/../benchmarks/part57/non-incremental/QF_NIA/20170427-VeryMax/ITS/From_AProVE_2014__juHashMapCreateContainsKey.jar-obl-11__p31427_safety_0.smt2,59.1476,792,6144,成功
/pub/data/jiafq/iscas/Parser_Comparison/../benchmarks/part57/non-incremental/QF_NIA/20170427-VeryMax/ITS/From_AProVE_2014__juHashMapCreateContainsKey.jar-obl-11__p31428_safety_0.smt2,88.6936,1056,9198,成功
/pub/data/jiafq/iscas/Parser_Comparison/../benchmarks/part57/non-incremental/QF_NIA/20170427-VeryMax/ITS/From_AProVE_2014__juHashMapCreateContainsKey.jar-obl-11__p31431_safety_0.smt2,36.4084,524,3402,成功
/pub/data/jiafq/iscas/Parser_Comparison/../benchmarks/part57/non-incremental/QF_NIA/20170427-VeryMax/ITS/From_AProVE_2014__juHashMapCreateContainsKey.jar-obl-11__p31432_safety_0.smt2,59.3617,792,6144,成功
/pub/data/jiafq/iscas/Parser_Comparison/../benchmarks/part57/non-incremental/QF_NIA/20170427-VeryMax/ITS/From_AProVE_2014__juHashMapCreateContainsKey.jar-obl-11__p31433_safety_0.smt2,86.8392,1056,9198,成功
/pub/data/jiafq/iscas/Parser_Comparison/../benchmarks/part57/non-incremental/QF_NIA/20170427-VeryMax/ITS/From_AProVE_2014__juHashMapCreateContainsKey.jar-obl-11__p31434_safety_0.smt2,71.7571,1056,7375,成功
/pub/data/jiafq/iscas/Parser_Comparison/../benchmarks/part57/non-incremental/QF_NIA/20170427-VeryMax/ITS/From_AProVE_2014__juHashMapCreateContainsKey.jar-obl-11__p31435_safety_0.smt2,132.286,1584,13561,成功
/pub/data/jiafq/iscas/Parser_Comparison/../benchmarks/part57/non-incremental/QF_NIA/20170427-VeryMax/ITS/From_AProVE_2014__juHashMapCreateContainsKey.jar-obl-11__p31436_safety_0.smt2,186.079,2112,20553,成功
/pub/data/jiafq/iscas/Parser_Comparison/../benchmarks/part57/non-incremental/QF_NIA/20170427-VeryMax/ITS/From_AProVE_2014__juHashMapCreateContainsKey.jar-obl-11__p31442_safety_0.smt2,74.8508,1056,7209,成功
/pub/data/jiafq/iscas/Parser_Comparison/../benchmarks/part57/non-incremental/QF_NIA/20170427-VeryMax/ITS/From_AProVE_2014__juHashMapCreateContainsKey.jar-obl-11__p31444_safety_0.smt2,183.175,2112,20189,成功
/pub/data/jiafq/iscas/Parser_Comparison/../benchmarks/part57/non-incremental/QF_NIA/20170427-VeryMax/ITS/From_AProVE_2014__juHashMapCreateContainsKey.jar-obl-11__p31448_safety_0.smt2,59.5763,792,6165,成功
/pub/data/jiafq/iscas/Parser_Comparison/../benchmarks/part57/non-incremental/QF_NIA/20170427-VeryMax/ITS/From_AProVE_2014__juHashMapCreateContainsKey.jar-obl-11__p31449_safety_0.smt2,84.3713,1056,9207,成功
/pub/data/jiafq/iscas/Parser_Comparison/../benchmarks/part57/non-incremental/QF_NIA/20170427-VeryMax/ITS/From_AProVE_2014__juHashMapCreateContainsKey.jar-obl-11__p31453_safety_0.smt2,53.8385,792,5812,成功
/pub/data/jiafq/iscas/Parser_Comparison/../benchmarks/part57/non-incremental/QF_NIA/20170427-VeryMax/ITS/From_AProVE_2014__juHashMapCreateContainsKey.jar-obl-11__p31454_safety_0.smt2,82.0374,1056,8610,成功
/pub/data/jiafq/iscas/Parser_Comparison/../benchmarks/part57/non-incremental/QF_NIA/20170427-VeryMax/ITS/From_AProVE_2014__juHashMapCreateContainsKey.jar-obl-11__p31458_safety_0.smt2,60.6587,792,6193,成功
/pub/data/jiafq/iscas/Parser_Comparison/../benchmarks/part57/non-incremental/QF_NIA/20170427-VeryMax/ITS/From_AProVE_2014__juHashMapCreateContainsKey.jar-obl-11__p31459_safety_0.smt2,88.8505,1056,9247,成功
/pub/data/jiafq/iscas/Parser_Comparison/../benchmarks/part57/non-incremental/QF_NIA/20170427-VeryMax/ITS/From_AProVE_2014__juHashMapCreateContainsKey.jar-obl-11__p31463_safety_0.smt2,61.6591,792,6200,成功
/pub/data/jiafq/iscas/Parser_Comparison/../benchmarks/part57/non-incremental/QF_NIA/20170427-VeryMax/ITS/From_AProVE_2014__juHashMapCreateContainsKey.jar-obl-11__p31464_safety_0.smt2,88.2823,1056,9262,成功
/pub/data/jiafq/iscas/Parser_Comparison/../benchmarks/part57/non-incremental/QF_NIA/20170427-VeryMax/ITS/From_AProVE_2014__juHashMapCreateContainsKey.jar-obl-11__p31467_safety_0.smt2,37.5788,528,3451,成功
/pub/data/jiafq/iscas/Parser_Comparison/../benchmarks/part57/non-incremental/QF_NIA/20170427-VeryMax/ITS/From_AProVE_2014__juHashMapCreateContainsKey.jar-obl-11__p31468_safety_0.smt2,61.7478,792,6193,成功
/pub/data/jiafq/iscas/Parser_Comparison/../benchmarks/part57/non-incremental/QF_NIA/20170427-VeryMax/ITS/From_AProVE_2014__juHashMapCreateContainsKey.jar-obl-11__p31469_safety_0.smt2,89.5255,1056,9247,成功
/pub/data/jiafq/iscas/Parser_Comparison/../benchmarks/part57/non-incremental/QF_NIA/20170427-VeryMax/ITS/From_AProVE_2014__juHashMapCreateContainsKey.jar-obl-11__p31472_safety_0.smt2,37.2498,528,3454,成功
/pub/data/jiafq/iscas/Parser_Comparison/../benchmarks/part57/non-incremental/QF_NIA/20170427-VeryMax/ITS/From_AProVE_2014__juHashMapCreateContainsKey.jar-obl-11__p31473_safety_0.smt2,62.6686,792,6210,成功
/pub/data/jiafq/iscas/Parser_Comparison/../benchmarks/part57/non-incremental/QF_NIA/20170427-VeryMax/ITS/From_AProVE_2014__juHashMapCreateContainsKey.jar-obl-11__p31474_safety_0.smt2,88.9428,1056,9278,成功
/pub/data/jiafq/iscas/Parser_Comparison/../benchmarks/part57/non-incremental/QF_NIA/20170427-VeryMax/ITS/From_AProVE_2014__juHashMapCreateContainsKey.jar-obl-11__p31475_safety_0.smt2,73.3943,1056,7376,成功
/pub/data/jiafq/iscas/Parser_Comparison/../benchmarks/part57/non-incremental/QF_NIA/20170427-VeryMax/ITS/From_AProVE_2014__juHashMapCreateContainsKey.jar-obl-11__p31476_safety_0.smt2,130.86,1584,13562,成功
/pub/data/jiafq/iscas/Parser_Comparison/../benchmarks/part57/non-incremental/QF_NIA/20170427-VeryMax/ITS/From_AProVE_2014__juHashMapCreateContainsKey.jar-obl-11__p31477_safety_0.smt2,182.425,2112,20554,成功
/pub/data/jiafq/iscas/Parser_Comparison/../benchmarks/part57/non-incremental/QF_NIA/20170427-VeryMax/ITS/From_AProVE_2014__juHashMapCreateContainsKey.jar-obl-11__p31478_safety_0.smt2,74.7333,1056,7508,成功
/pub/data/jiafq/iscas/Parser_Comparison/../benchmarks/part57/non-incremental/QF_NIA/20170427-VeryMax/ITS/From_AProVE_2014__juHashMapCreateContainsKey.jar-obl-11__p31480_safety_0.smt2,189.612,2112,20884,成功
/pub/data/jiafq/iscas/Parser_Comparison/../benchmarks/part57/non-incremental/QF_NIA/20170427-VeryMax/ITS/From_AProVE_2014__juHashMapCreateContainsKey.jar-obl-11__p31490_safety_0.smt2,77.538,1056,8764,成功
/pub/data/jiafq/iscas/Parser_Comparison/../benchmarks/part57/non-incremental/QF_NIA/20170427-VeryMax/ITS/From_AProVE_2014__juHashMapCreateContainsKey.jar-obl-11__p31492_safety_0.smt2,54.3172,792,5388,成功
/pub/data/jiafq/iscas/Parser_Comparison/../benchmarks/part57/non-incremental/QF_NIA/20170427-VeryMax/ITS/From_AProVE_2014__juHashMapCreateContainsKey.jar-obl-11__p31493_safety_0.smt2,74.5988,1056,8072,成功
/pub/data/jiafq/iscas/Parser_Comparison/../benchmarks/part57/non-incremental/QF_NIA/20170427-VeryMax/ITS/From_AProVE_2014__juHashMapCreateContainsKey.jar-obl-11__p31498_safety_0.smt2,87.9076,1056,9467,成功
/pub/data/jiafq/iscas/Parser_Comparison/../benchmarks/part57/non-incremental/QF_NIA/20170427-VeryMax/ITS/From_AProVE_2014__juHashMapCreateContainsKey.jar-obl-11__p31501_safety_0.smt2,76.3595,1056,8071,成功
/pub/data/jiafq/iscas/Parser_Comparison/../benchmarks/part57/non-incremental/QF_NIA/20170427-VeryMax/ITS/From_AProVE_2014__juHashMapCreateContainsKey.jar-obl-11__p31502_safety_0.smt2,33.9799,528,3014,成功
/pub/data/jiafq/iscas/Parser_Comparison/../benchmarks/part57/non-incremental/QF_NIA/20170427-VeryMax/ITS/From_AProVE_2014__juHashMapCreateContainsKey.jar-obl-11__p31503_safety_0.smt2,52.9783,792,5387,成功
/pub/data/jiafq/iscas/Parser_Comparison/../benchmarks/part57/non-incremental/QF_NIA/20170427-VeryMax/ITS/From_AProVE_2014__juHashMapCreateContainsKey.jar-obl-11__p31504_safety_0.smt2,77.8391,1056,8071,成功
/pub/data/jiafq/iscas/Parser_Comparison/../benchmarks/part57/non-incremental/QF_NIA/20170427-VeryMax/ITS/From_AProVE_2014__juHashMapCreateContainsKey.jar-obl-11__p31509_safety_0.smt2,86.8404,1056,9507,成功
/pub/data/jiafq/iscas/Parser_Comparison/../benchmarks/part57/non-incremental/QF_NIA/20170427-VeryMax/ITS/From_AProVE_2014__juHashMapCreateContainsKey.jar-obl-11__p31512_safety_0.smt2,35.6843,528,3575,成功
/pub/data/jiafq/iscas/Parser_Comparison/../benchmarks/part57/non-incremental/QF_NIA/20170427-VeryMax/ITS/From_AProVE_2014__juHashMapCreateContainsKey.jar-obl-11__p31513_safety_0.smt2,63.2353,792,6385,成功
/pub/data/jiafq/iscas/Parser_Comparison/../benchmarks/part57/non-incremental/QF_NIA/20170427-VeryMax/ITS/From_AProVE_2014__juHashMapCreateContainsKey.jar-obl-11__p31514_safety_0.smt2,90.8513,1056,9507,成功
/pub/data/jiafq/iscas/Parser_Comparison/../benchmarks/part57/non-incremental/QF_NIA/20170427-VeryMax/ITS/From_AProVE_2014__juHashMapCreateContainsKey.jar-obl-11__p31518_terminationG_0.smt2,139.452,2112,12119,成功
/pub/data/jiafq/iscas/Parser_Comparison/../benchmarks/part57/non-incremental/QF_NIA/20170427-VeryMax/ITS/From_AProVE_2014__juHashMapCreateContainsKey.jar-obl-11__p31519_terminationG_0.smt2,188.665,2904,17597,成功
/pub/data/jiafq/iscas/Parser_Comparison/../benchmarks/part57/non-incremental/QF_NIA/20170427-VeryMax/ITS/From_AProVE_2014__juHashMapCreateContainsKey.jar-obl-11__p31520_terminationG_0.smt2,248.363,3092,23759,成功
/pub/data/jiafq/iscas/Parser_Comparison/../benchmarks/part57/non-incremental/QF_NIA/20170427-VeryMax/ITS/From_AProVE_2014__juHashMapCreateContainsKey.jar-obl-11__p31530_safety_0.smt2,54.5094,792,5755,成功
/pub/data/jiafq/iscas/Parser_Comparison/../benchmarks/part57/non-incremental/QF_NIA/20170427-VeryMax/ITS/From_AProVE_2014__juHashMapCreateContainsKey.jar-obl-11__p31532_safety_0.smt2,77.7647,792,8562,成功
/pub/data/jiafq/iscas/Parser_Comparison/../benchmarks/part57/non-incremental/QF_NIA/20170427-VeryMax/ITS/From_AProVE_2014__juHashMapCreateContainsKey.jar-obl-11__p31538_safety_0.smt2,60.2744,792,6158,成功
/pub/data/jiafq/iscas/Parser_Comparison/../benchmarks/part57/non-incremental/QF_NIA/20170427-VeryMax/ITS/From_AProVE_2014__juHashMapCreateContainsKey.jar-obl-11__p31539_safety_0.smt2,89.3445,1056,9218,成功
/pub/data/jiafq/iscas/Parser_Comparison/../benchmarks/part57/non-incremental/QF_NIA/20170427-VeryMax/ITS/From_AProVE_2014__juHashMapCreateContainsKey.jar-obl-11__p31541_safety_0.smt2,61.4738,792,6176,成功
/pub/data/jiafq/iscas/Parser_Comparison/../benchmarks/part57/non-incremental/QF_NIA/20170427-VeryMax/ITS/From_AProVE_2014__juHashMapCreateContainsKey.jar-obl-11__p31542_safety_0.smt2,88.7983,1056,9236,成功
/pub/data/jiafq/iscas/Parser_Comparison/../benchmarks/part57/non-incremental/QF_NIA/20170427-VeryMax/ITS/From_AProVE_2014__juHashMapCreateContainsKey.jar-obl-11__p31548_safety_0.smt2,61.6224,792,6156,成功
/pub/data/jiafq/iscas/Parser_Comparison/../benchmarks/part57/non-incremental/QF_NIA/20170427-VeryMax/ITS/From_AProVE_2014__juHashMapCreateContainsKey.jar-obl-11__p31549_safety_0.smt2,84.5807,1056,9216,成功
/pub/data/jiafq/iscas/Parser_Comparison/../benchmarks/part57/non-incremental/QF_NIA/20170427-VeryMax/ITS/From_AProVE_2014__juHashMapCreateContainsKey.jar-obl-11__p31551_safety_0.smt2,61.9216,792,6204,成功
/pub/data/jiafq/iscas/Parser_Comparison/../benchmarks/part57/non-incremental/QF_NIA/20170427-VeryMax/ITS/From_AProVE_2014__juHashMapCreateContainsKey.jar-obl-11__p31552_safety_0.smt2,86.8001,1056,9276,成功
/pub/data/jiafq/iscas/Parser_Comparison/../benchmarks/part57/non-incremental/QF_NIA/20170427-VeryMax/ITS/From_AProVE_2014__juHashMapCreateContainsKey.jar-obl-11__p31555_safety_0.smt2,36.4716,528,3408,成功
/pub/data/jiafq/iscas/Parser_Comparison/../benchmarks/part57/non-incremental/QF_NIA/20170427-VeryMax/ITS/From_AProVE_2014__juHashMapCreateContainsKey.jar-obl-11__p31556_safety_0.smt2,60.5991,792,6156,成功
/pub/data/jiafq/iscas/Parser_Comparison/../benchmarks/part57/non-incremental/QF_NIA/20170427-VeryMax/ITS/From_AProVE_2014__juHashMapCreateContainsKey.jar-obl-11__p31557_safety_0.smt2,84.5711,1056,9216,成功
/pub/data/jiafq/iscas/Parser_Comparison/../benchmarks/part57/non-incremental/QF_NIA/20170427-VeryMax/ITS/From_AProVE_2014__juHashMapCreateContainsKey.jar-obl-11__p31560_safety_0.smt2,35.3792,528,3444,成功
/pub/data/jiafq/iscas/Parser_Comparison/../benchmarks/part57/non-incremental/QF_NIA/20170427-VeryMax/ITS/From_AProVE_2014__juHashMapCreateContainsKey.jar-obl-11__p31561_safety_0.smt2,60.2274,792,6204,成功
/pub/data/jiafq/iscas/Parser_Comparison/../benchmarks/part57/non-incremental/QF_NIA/20170427-VeryMax/ITS/From_AProVE_2014__juHashMapCreateContainsKey.jar-obl-11__p31562_safety_0.smt2,84.6744,1056,9276,成功
/pub/data/jiafq/iscas/Parser_Comparison/../benchmarks/part57/non-incremental/QF_NIA/20170427-VeryMax/ITS/From_AProVE_2014__juHashMapCreateContainsKey.jar-obl-11__p31563_safety_0.smt2,71.1553,792,7140,成功
/pub/data/jiafq/iscas/Parser_Comparison/../benchmarks/part57/non-incremental/QF_NIA/20170427-VeryMax/ITS/From_AProVE_2014__juHashMapCreateContainsKey.jar-obl-11__p31564_safety_0.smt2,125.83,1584,12952,成功
/pub/data/jiafq/iscas/Parser_Comparison/../benchmarks/part57/non-incremental/QF_NIA/20170427-VeryMax/ITS/From_AProVE_2014__juHashMapCreateContainsKey.jar-obl-11__p31565_safety_0.smt2,178.344,2112,19571,成功
/pub/data/jiafq/iscas/Parser_Comparison/../benchmarks/part57/non-incremental/QF_NIA/20170427-VeryMax/ITS/From_AProVE_2014__juHashMapCreateContainsKey.jar-obl-11__p31566_safety_0.smt2,72.623,1056,7303,成功
/pub/data/jiafq/iscas/Parser_Comparison/../benchmarks/part57/non-incremental/QF_NIA/20170427-VeryMax/ITS/From_AProVE_2014__juHashMapCreateContainsKey.jar-obl-11__p31568_safety_0.smt2,188.371,2112,19914,成功
/pub/data/jiafq/iscas/Parser_Comparison/../benchmarks/part57/non-incremental/QF_NIA/20170427-VeryMax/ITS/From_AProVE_2014__juHashMapCreateContainsKey.jar-obl-11__p31582_safety_0.smt2,61.5692,792,6310,成功
/pub/data/jiafq/iscas/Parser_Comparison/../benchmarks/part57/non-incremental/QF_NIA/20170427-VeryMax/ITS/From_AProVE_2014__juHashMapCreateContainsKey.jar-obl-11__p31583_safety_0.smt2,89.8476,1056,9414,成功
/pub/data/jiafq/iscas/Parser_Comparison/../benchmarks/part57/non-incremental/QF_NIA/20170427-VeryMax/ITS/From_AProVE_2014__juHashMapCreateContainsKey.jar-obl-11__p31586_safety_0.smt2,77.1725,1056,7902,成功
/pub/data/jiafq/iscas/Parser_Comparison/../benchmarks/part57/non-incremental/QF_NIA/20170427-VeryMax/ITS/From_AProVE_2014__juHashMapCreateContainsKey.jar-obl-11__p31590_safety_0.smt2,62.2725,792,6310,成功
/pub/data/jiafq/iscas/Parser_Comparison/../benchmarks/part57/non-incremental/QF_NIA/20170427-VeryMax/ITS/From_AProVE_2014__juHashMapCreateContainsKey.jar-obl-11__p31591_safety_0.smt2,84.7716,1056,9414,成功
/pub/data/jiafq/iscas/Parser_Comparison/../benchmarks/part57/non-incremental/QF_NIA/20170427-VeryMax/ITS/From_AProVE_2014__juHashMapCreateContainsKey.jar-obl-11__p31593_safety_0.smt2,50.2267,792,5265,成功
/pub/data/jiafq/iscas/Parser_Comparison/../benchmarks/part57/non-incremental/QF_NIA/20170427-VeryMax/ITS/From_AProVE_2014__juHashMapCreateContainsKey.jar-obl-11__p31594_safety_0.smt2,71.0776,1056,7901,成功
/pub/data/jiafq/iscas/Parser_Comparison/../benchmarks/part57/non-incremental/QF_NIA/20170427-VeryMax/ITS/From_AProVE_2014__juHashMapCreateContainsKey.jar-obl-11__p31597_safety_0.smt2,32.0313,528,2940,成功
/pub/data/jiafq/iscas/Parser_Comparison/../benchmarks/part57/non-incremental/QF_NIA/20170427-VeryMax/ITS/From_AProVE_2014__juHashMapCreateContainsKey.jar-obl-11__p31598_safety_0.smt2,52.6676,792,5265,成功
/pub/data/jiafq/iscas/Parser_Comparison/../benchmarks/part57/non-incremental/QF_NIA/20170427-VeryMax/ITS/From_AProVE_2014__juHashMapCreateContainsKey.jar-obl-11__p31599_safety_0.smt2,71.7742,1056,7901,成功
/pub/data/jiafq/iscas/Parser_Comparison/../benchmarks/part57/non-incremental/QF_NIA/20170427-VeryMax/ITS/From_AProVE_2014__juHashMapCreateContainsKey.jar-obl-11__p31600_safety_0.smt2,35.023,528,3522,成功
/pub/data/jiafq/iscas/Parser_Comparison/../benchmarks/part57/non-incremental/QF_NIA/20170427-VeryMax/ITS/From_AProVE_2014__juHashMapCreateContainsKey.jar-obl-11__p31601_safety_0.smt2,58.6233,788,6320,成功
/pub/data/jiafq/iscas/Parser_Comparison/../benchmarks/part57/non-incremental/QF_NIA/20170427-VeryMax/ITS/From_AProVE_2014__juHashMapCreateContainsKey.jar-obl-11__p31602_safety_0.smt2,88.7694,1056,9430,成功
/pub/data/jiafq/iscas/Parser_Comparison/../benchmarks/part57/non-incremental/QF_NIA/20170427-VeryMax/ITS/From_AProVE_2014__juHashMapCreateContainsKey.jar-obl-11__p31603_safety_0.smt2,75.9158,1056,7625,成功
/pub/data/jiafq/iscas/Parser_Comparison/../benchmarks/part57/non-incremental/QF_NIA/20170427-VeryMax/ITS/From_AProVE_2014__juHashMapCreateContainsKey.jar-obl-11__p31604_safety_0.smt2,132.169,1584,13954,成功
/pub/data/jiafq/iscas/Parser_Comparison/../benchmarks/part57/non-incremental/QF_NIA/20170427-VeryMax/ITS/From_AProVE_2014__juHashMapCreateContainsKey.jar-obl-11__p31605_safety_0.smt2,196.97,2112,21089,成功
/pub/data/jiafq/iscas/Parser_Comparison/../benchmarks/part57/non-incremental/QF_NIA/20170427-VeryMax/ITS/From_AProVE_2014__juHashMapCreateContainsKey.jar-obl-11__p31606_safety_0.smt2,75.6288,1056,7606,成功
/pub/data/jiafq/iscas/Parser_Comparison/../benchmarks/part57/non-incremental/QF_NIA/20170427-VeryMax/ITS/From_AProVE_2014__juHashMapCreateContainsKey.jar-obl-11__p31607_safety_0.smt2,131.68,1584,13935,成功
/pub/data/jiafq/iscas/Parser_Comparison/../benchmarks/part57/non-incremental/QF_NIA/20170427-VeryMax/ITS/From_AProVE_2014__juHashMapCreateContainsKey.jar-obl-11__p31608_safety_0.smt2,193.992,2112,21070,成功
/pub/data/jiafq/iscas/Parser_Comparison/../benchmarks/part57/non-incremental/QF_NIA/20170427-VeryMax/ITS/From_AProVE_2014__juHashMapCreateContainsKey.jar-obl-11__p31615_safety_0.smt2,53.7057,792,5321,成功
/pub/data/jiafq/iscas/Parser_Comparison/../benchmarks/part57/non-incremental/QF_NIA/20170427-VeryMax/ITS/From_AProVE_2014__juHashMapCreateContainsKey.jar-obl-11__p31616_safety_0.smt2,76.8192,1056,7969,成功
/pub/data/jiafq/iscas/Parser_Comparison/../benchmarks/part57/non-incremental/QF_NIA/20170427-VeryMax/ITS/From_AProVE_2014__juHashMapCreateContainsKey.jar-obl-11__p31618_safety_0.smt2,53.4067,792,5320,成功
/pub/data/jiafq/iscas/Parser_Comparison/../benchmarks/part57/non-incremental/QF_NIA/20170427-VeryMax/ITS/From_AProVE_2014__juHashMapCreateContainsKey.jar-obl-11__p31619_safety_0.smt2,77.4252,1056,7968,成功
/pub/data/jiafq/iscas/Parser_Comparison/../benchmarks/part57/non-incremental/QF_NIA/20170427-VeryMax/ITS/From_AProVE_2014__juHashMapCreateContainsKey.jar-obl-11__p31624_safety_0.smt2,73.123,792,7717,成功
/pub/data/jiafq/iscas/Parser_Comparison/../benchmarks/part57/non-incremental/QF_NIA/20170427-VeryMax/ITS/From_AProVE_2014__juHashMapCreateContainsKey.jar-obl-11__p31625_safety_0.smt2,32.6362,528,2983,成功
/pub/data/jiafq/iscas/Parser_Comparison/../benchmarks/part57/non-incremental/QF_NIA/20170427-VeryMax/ITS/From_AProVE_2014__juHashMapCreateContainsKey.jar-obl-11__p31626_safety_0.smt2,53.3323,792,5320,成功
/pub/data/jiafq/iscas/Parser_Comparison/../benchmarks/part57/non-incremental/QF_NIA/20170427-VeryMax/ITS/From_AProVE_2014__juHashMapCreateContainsKey.jar-obl-11__p31627_safety_0.smt2,74.6925,1056,7968,成功
/pub/data/jiafq/iscas/Parser_Comparison/../benchmarks/part57/non-incremental/QF_NIA/20170427-VeryMax/ITS/From_AProVE_2014__juHashMapCreateContainsKey.jar-obl-11__p31629_safety_0.smt2,53.2722,792,5362,成功
/pub/data/jiafq/iscas/Parser_Comparison/../benchmarks/part57/non-incremental/QF_NIA/20170427-VeryMax/ITS/From_AProVE_2014__juHashMapCreateContainsKey.jar-obl-11__p31630_safety_0.smt2,78.7175,1056,8025,成功
/pub/data/jiafq/iscas/Parser_Comparison/../benchmarks/part57/non-incremental/QF_NIA/20170427-VeryMax/ITS/From_AProVE_2014__juHashMapCreateContainsKey.jar-obl-11__p31631_safety_0.smt2,32.9409,528,3009,成功
/pub/data/jiafq/iscas/Parser_Comparison/../benchmarks/part57/non-incremental/QF_NIA/20170427-VeryMax/ITS/From_AProVE_2014__juHashMapCreateContainsKey.jar-obl-11__p31632_safety_0.smt2,53.9062,792,5361,成功
/pub/data/jiafq/iscas/Parser_Comparison/../benchmarks/part57/non-incremental/QF_NIA/20170427-VeryMax/ITS/From_AProVE_2014__juHashMapCreateContainsKey.jar-obl-11__p31633_safety_0.smt2,78.0506,1056,8024,成功
/pub/data/jiafq/iscas/Parser_Comparison/../benchmarks/part57/non-incremental/QF_NIA/20170427-VeryMax/ITS/From_AProVE_2014__juHashMapCreateContainsKey.jar-obl-11__p31635_safety_0.smt2,134.384,1584,14035,成功
/pub/data/jiafq/iscas/Parser_Comparison/../benchmarks/part57/non-incremental/QF_NIA/20170427-VeryMax/ITS/From_AProVE_2014__juHashMapCreateContainsKey.jar-obl-11__p31636_safety_0.smt2,193.309,2112,21203,成功
/pub/data/jiafq/iscas/Parser_Comparison/../benchmarks/part57/non-incremental/QF_NIA/20170427-VeryMax/ITS/From_AProVE_2014__juHashMapCreateContainsKey.jar-obl-11__p31641_safety_0.smt2,79.8409,792,8460,成功
/pub/data/jiafq/iscas/Parser_Comparison/../benchmarks/part57/non-incremental/QF_NIA/20170427-VeryMax/ITS/From_AProVE_2014__juHashMapCreateContainsKey.jar-obl-11__p31642_safety_0.smt2,102.345,1320,10425,成功
/pub/data/jiafq/iscas/Parser_Comparison/../benchmarks/part57/non-incremental/QF_NIA/20170427-VeryMax/ITS/From_AProVE_2014__juHashMapCreateContainsKey.jar-obl-11__p31643_safety_0.smt2,179.708,2112,19205,成功
/pub/data/jiafq/iscas/Parser_Comparison/../benchmarks/part57/non-incremental/QF_NIA/20170427-VeryMax/ITS/From_AProVE_2014__juHashMapCreateContainsKey.jar-obl-11__p31644_safety_0.smt2,268.428,2904,29125,成功
/pub/data/jiafq/iscas/Parser_Comparison/../benchmarks/part57/non-incremental/QF_NIA/20170427-VeryMax/ITS/From_AProVE_2014__juHashMapCreateContainsKey.jar-obl-11__p31648_safety_0.smt2,58.054,792,6071,成功
/pub/data/jiafq/iscas/Parser_Comparison/../benchmarks/part57/non-incremental/QF_NIA/20170427-VeryMax/ITS/From_AProVE_2014__juHashMapCreateContainsKey.jar-obl-11__p31649_safety_0.smt2,86.7677,1056,9064,成功
/pub/data/jiafq/iscas/Parser_Comparison/../benchmarks/part57/non-incremental/QF_NIA/20170427-VeryMax/ITS/From_AProVE_2014__juHashMapCreateContainsKey.jar-obl-11__p31653_safety_0.smt2,61.2972,792,6069,成功
/pub/data/jiafq/iscas/Parser_Comparison/../benchmarks/part57/non-incremental/QF_NIA/20170427-VeryMax/ITS/From_AProVE_2014__juHashMapCreateContainsKey.jar-obl-11__p31654_safety_0.smt2,85.7329,1056,9062,成功
/pub/data/jiafq/iscas/Parser_Comparison/../benchmarks/part57/non-incremental/QF_NIA/20170427-VeryMax/ITS/From_AProVE_2014__juHashMapCreateContainsKey.jar-obl-11__p31662_safety_0.smt2,36.3708,528,3388,成功
/pub/data/jiafq/iscas/Parser_Comparison/../benchmarks/part57/non-incremental/QF_NIA/20170427-VeryMax/ITS/From_AProVE_2014__juHashMapCreateContainsKey.jar-obl-11__p31663_safety_0.smt2,59.6509,792,6069,成功
/pub/data/jiafq/iscas/Parser_Comparison/../benchmarks/part57/non-incremental/QF_NIA/20170427-VeryMax/ITS/From_AProVE_2014__juHashMapCreateContainsKey.jar-obl-11__p31664_safety_0.smt2,85.3405,1056,9062,成功
/pub/data/jiafq/iscas/Parser_Comparison/../benchmarks/part57/non-incremental/QF_NIA/20170427-VeryMax/ITS/From_AProVE_2014__juHashMapCreateContainsKey.jar-obl-11__p31668_safety_0.smt2,61.6903,792,6099,成功
/pub/data/jiafq/iscas/Parser_Comparison/../benchmarks/part57/non-incremental/QF_NIA/20170427-VeryMax/ITS/From_AProVE_2014__juHashMapCreateContainsKey.jar-obl-11__p31669_safety_0.smt2,84.785,1056,9092,成功
/pub/data/jiafq/iscas/Parser_Comparison/../benchmarks/part57/non-incremental/QF_NIA/20170427-VeryMax/ITS/From_AProVE_2014__juHashMapCreateContainsKey.jar-obl-11__p31673_safety_0.smt2,60.3092,792,6097,成功
/pub/data/jiafq/iscas/Parser_Comparison/../benchmarks/part57/non-incremental/QF_NIA/20170427-VeryMax/ITS/From_AProVE_2014__juHashMapCreateContainsKey.jar-obl-11__p31677_safety_0.smt2,37.2097,528,3416,成功
/pub/data/jiafq/iscas/Parser_Comparison/../benchmarks/part57/non-incremental/QF_NIA/20170427-VeryMax/ITS/From_AProVE_2014__juHashMapCreateContainsKey.jar-obl-11__p31678_safety_0.smt2,61.0061,792,6097,成功
/pub/data/jiafq/iscas/Parser_Comparison/../benchmarks/part57/non-incremental/QF_NIA/20170427-VeryMax/ITS/From_AProVE_2014__juHashMapCreateContainsKey.jar-obl-11__p31679_safety_0.smt2,88.712,1056,9090,成功
/pub/data/jiafq/iscas/Parser_Comparison/../benchmarks/part57/non-incremental/QF_NIA/20170427-VeryMax/ITS/From_AProVE_2014__juHashMapCreateContainsKey.jar-obl-11__p31682_terminationG_0.smt2,142.431,2112,12463,成功
/pub/data/jiafq/iscas/Parser_Comparison/../benchmarks/part57/non-incremental/QF_NIA/20170427-VeryMax/ITS/From_AProVE_2014__juHashMapCreateContainsKey.jar-obl-11__p31683_terminationG_0.smt2,200.742,2904,18049,成功
/pub/data/jiafq/iscas/Parser_Comparison/../benchmarks/part57/non-incremental/QF_NIA/20170427-VeryMax/ITS/From_AProVE_2014__juHashMapCreateContainsKey.jar-obl-11__p31684_terminationG_0.smt2,255.753,3384,24319,成功
/pub/data/jiafq/iscas/Parser_Comparison/../benchmarks/part57/non-incremental/QF_NIA/20170427-VeryMax/ITS/From_AProVE_2014__juHashMapCreateContainsKey.jar-obl-11__p31694_safety_0.smt2,56.6032,792,5727,成功
/pub/data/jiafq/iscas/Parser_Comparison/../benchmarks/part57/non-incremental/QF_NIA/20170427-VeryMax/ITS/From_AProVE_2014__juHashMapCreateContainsKey.jar-obl-11__p31695_safety_0.smt2,81.3348,792,8470,成功
/pub/data/jiafq/iscas/Parser_Comparison/../benchmarks/part57/non-incremental/QF_NIA/20170427-VeryMax/ITS/From_AProVE_2014__juHashMapCreateContainsKey.jar-obl-11__p31696_safety_0.smt2,79.005,1056,8488,成功
/pub/data/jiafq/iscas/Parser_Comparison/../benchmarks/part57/non-incremental/QF_NIA/20170427-VeryMax/ITS/From_AProVE_2014__juHashMapCreateContainsKey.jar-obl-11__p31700_safety_0.smt2,60.8883,792,6075,成功
/pub/data/jiafq/iscas/Parser_Comparison/../benchmarks/part57/non-incremental/QF_NIA/20170427-VeryMax/ITS/From_AProVE_2014__juHashMapCreateContainsKey.jar-obl-11__p31701_safety_0.smt2,86.1526,1056,9087,成功
/pub/data/jiafq/iscas/Parser_Comparison/../benchmarks/part57/non-incremental/QF_NIA/20170427-VeryMax/ITS/From_AProVE_2014__juHashMapCreateContainsKey.jar-obl-11__p31705_safety_0.smt2,60.1859,792,6093,成功
/pub/data/jiafq/iscas/Parser_Comparison/../benchmarks/part57/non-incremental/QF_NIA/20170427-VeryMax/ITS/From_AProVE_2014__juHashMapCreateContainsKey.jar-obl-11__p31706_safety_0.smt2,86.544,1056,9105,成功
/pub/data/jiafq/iscas/Parser_Comparison/../benchmarks/part57/non-incremental/QF_NIA/20170427-VeryMax/ITS/From_AProVE_2014__juHashMapCreateContainsKey.jar-obl-11__p31712_safety_0.smt2,59.1471,792,6103,成功
/pub/data/jiafq/iscas/Parser_Comparison/../benchmarks/part57/non-incremental/QF_NIA/20170427-VeryMax/ITS/From_AProVE_2014__juHashMapCreateContainsKey.jar-obl-11__p31713_safety_0.smt2,81.8288,1056,9121,成功
/pub/data/jiafq/iscas/Parser_Comparison/../benchmarks/part57/non-incremental/QF_NIA/20170427-VeryMax/ITS/From_AProVE_2014__juHashMapCreateContainsKey.jar-obl-11__p31716_safety_0.smt2,84.7871,1056,9087,成功
/pub/data/jiafq/iscas/Parser_Comparison/../benchmarks/part57/non-incremental/QF_NIA/20170427-VeryMax/ITS/From_AProVE_2014__juHashMapCreateContainsKey.jar-obl-11__p31721_safety_0.smt2,36.7849,528,3379,成功
/pub/data/jiafq/iscas/Parser_Comparison/../benchmarks/part57/non-incremental/QF_NIA/20170427-VeryMax/ITS/From_AProVE_2014__juHashMapCreateContainsKey.jar-obl-11__p31722_safety_0.smt2,58.8851,792,6085,成功
/pub/data/jiafq/iscas/Parser_Comparison/../benchmarks/part57/non-incremental/QF_NIA/20170427-VeryMax/ITS/From_AProVE_2014__juHashMapCreateContainsKey.jar-obl-11__p31723_safety_0.smt2,87.5192,1056,9103,成功
/pub/data/jiafq/iscas/Parser_Comparison/../benchmarks/part57/non-incremental/QF_NIA/20170427-VeryMax/ITS/From_AProVE_2014__juHashMapCreateContainsKey.jar-obl-11__p31724_safety_0.smt2,36.4857,528,3397,成功
/pub/data/jiafq/iscas/Parser_Comparison/../benchmarks/part57/non-incremental/QF_NIA/20170427-VeryMax/ITS/From_AProVE_2014__juHashMapCreateContainsKey.jar-obl-11__p31725_safety_0.smt2,61.1613,792,6103,成功
/pub/data/jiafq/iscas/Parser_Comparison/../benchmarks/part57/non-incremental/QF_NIA/20170427-VeryMax/ITS/From_AProVE_2014__juHashMapCreateContainsKey.jar-obl-11__p31726_safety_0.smt2,85.7496,1056,9121,成功
/pub/data/jiafq/iscas/Parser_Comparison/../benchmarks/part57/non-incremental/QF_NIA/20170427-VeryMax/ITS/From_AProVE_2014__juHashMapCreateContainsKey.jar-obl-11__p31728_safety_0.smt2,123.316,1584,12985,成功
/pub/data/jiafq/iscas/Parser_Comparison/../benchmarks/part57/non-incremental/QF_NIA/20170427-VeryMax/ITS/From_AProVE_2014__juHashMapCreateContainsKey.jar-obl-11__p31729_safety_0.smt2,179.862,2112,19604,成功
/pub/data/jiafq/iscas/Parser_Comparison/../benchmarks/part57/non-incremental/QF_NIA/20170427-VeryMax/ITS/From_AProVE_2014__juHashMapCreateContainsKey.jar-obl-11__p31730_safety_0.smt2,70.9476,1056,7336,成功
/pub/data/jiafq/iscas/Parser_Comparison/../benchmarks/part57/non-incremental/QF_NIA/20170427-VeryMax/ITS/From_AProVE_2014__juHashMapCreateContainsKey.jar-obl-11__p31731_safety_0.smt2,125.746,1584,13238,成功
/pub/data/jiafq/iscas/Parser_Comparison/../benchmarks/part57/non-incremental/QF_NIA/20170427-VeryMax/ITS/From_AProVE_2014__juHashMapCreateContainsKey.jar-obl-11__p31732_safety_0.smt2,180.603,2112,19947,成功
/pub/data/jiafq/iscas/Parser_Comparison/../benchmarks/part57/non-incremental/QF_NIA/20170427-VeryMax/ITS/From_AProVE_2014__juHashMapCreateContainsKey.jar-obl-11__p31741_safety_0.smt2,61.4491,792,6246,成功
/pub/data/jiafq/iscas/Parser_Comparison/../benchmarks/part57/non-incremental/QF_NIA/20170427-VeryMax/ITS/From_AProVE_2014__juHashMapCreateContainsKey.jar-obl-11__p31742_safety_0.smt2,87.3466,1056,9317,成功
/pub/data/jiafq/iscas/Parser_Comparison/../benchmarks/part57/non-incremental/QF_NIA/20170427-VeryMax/ITS/From_AProVE_2014__juHashMapCreateContainsKey.jar-obl-11__p31745_safety_0.smt2,37.5726,528,3491,成功
/pub/data/jiafq/iscas/Parser_Comparison/../benchmarks/part57/non-incremental/QF_NIA/20170427-VeryMax/ITS/From_AProVE_2014__juHashMapCreateContainsKey.jar-obl-11__p31746_safety_0.smt2,61.4791,792,6256,成功
/pub/data/jiafq/iscas/Parser_Comparison/../benchmarks/part57/non-incremental/QF_NIA/20170427-VeryMax/ITS/From_AProVE_2014__juHashMapCreateContainsKey.jar-obl-11__p31747_safety_0.smt2,87.6193,1056,9333,成功
/pub/data/jiafq/iscas/Parser_Comparison/../benchmarks/part57/non-incremental/QF_NIA/20170427-VeryMax/ITS/From_AProVE_2014__juHashMapCreateContainsKey.jar-obl-11__p31754_safety_0.smt2,51.4786,792,5274,成功
/pub/data/jiafq/iscas/Parser_Comparison/../benchmarks/part57/non-incremental/QF_NIA/20170427-VeryMax/ITS/From_AProVE_2014__juHashMapCreateContainsKey.jar-obl-11__p31755_safety_0.smt2,77.2886,1056,7919,成功
/pub/data/jiafq/iscas/Parser_Comparison/../benchmarks/part57/non-incremental/QF_NIA/20170427-VeryMax/ITS/From_AProVE_2014__juHashMapCreateContainsKey.jar-obl-11__p31757_safety_0.smt2,55.6107,792,5279,成功
/pub/data/jiafq/iscas/Parser_Comparison/../benchmarks/part57/non-incremental/QF_NIA/20170427-VeryMax/ITS/From_AProVE_2014__juHashMapCreateContainsKey.jar-obl-11__p31758_safety_0.smt2,77.0416,1056,7927,成功
/pub/data/jiafq/iscas/Parser_Comparison/../benchmarks/part57/non-incremental/QF_NIA/20170427-VeryMax/ITS/From_AProVE_2014__juHashMapCreateContainsKey.jar-obl-11__p31759_safety_0.smt2,31.085,528,2942,成功
/pub/data/jiafq/iscas/Parser_Comparison/../benchmarks/part57/non-incremental/QF_NIA/20170427-VeryMax/ITS/From_AProVE_2014__juHashMapCreateContainsKey.jar-obl-11__p31760_safety_0.smt2,54.08,792,5279,成功
/pub/data/jiafq/iscas/Parser_Comparison/../benchmarks/part57/non-incremental/QF_NIA/20170427-VeryMax/ITS/From_AProVE_2014__juHashMapCreateContainsKey.jar-obl-11__p31761_safety_0.smt2,77.7712,1056,7927,成功
/pub/data/jiafq/iscas/Parser_Comparison/../benchmarks/part57/non-incremental/QF_NIA/20170427-VeryMax/ITS/From_AProVE_2014__juHashMapCreateContainsKey.jar-obl-11__p31762_safety_0.smt2,79.5538,1056,7755,成功
/pub/data/jiafq/iscas/Parser_Comparison/../benchmarks/part57/non-incremental/QF_NIA/20170427-VeryMax/ITS/From_AProVE_2014__juHashMapCreateContainsKey.jar-obl-11__p31763_safety_0.smt2,134.957,1584,14150,成功
/pub/data/jiafq/iscas/Parser_Comparison/../benchmarks/part57/non-incremental/QF_NIA/20170427-VeryMax/ITS/From_AProVE_2014__juHashMapCreateContainsKey.jar-obl-11__p31764_safety_0.smt2,200.128,2112,21351,成功
/pub/data/jiafq/iscas/Parser_Comparison/../benchmarks/part57/non-incremental/QF_NIA/20170427-VeryMax/ITS/From_AProVE_2014__juHashMapCreateContainsKey.jar-obl-11__p31774_safety_0.smt2,84.2493,1056,9094,成功
/pub/data/jiafq/iscas/Parser_Comparison/../benchmarks/part57/non-incremental/QF_NIA/20170427-VeryMax/ITS/From_AProVE_2014__juHashMapCreateContainsKey.jar-obl-11__p31777_safety_0.smt2,37.0345,528,3406,成功
/pub/data/jiafq/iscas/Parser_Comparison/../benchmarks/part57/non-incremental/QF_NIA/20170427-VeryMax/ITS/From_AProVE_2014__juHashMapCreateContainsKey.jar-obl-11__p31778_safety_0.smt2,61.0876,792,6093,成功
/pub/data/jiafq/iscas/Parser_Comparison/../benchmarks/part57/non-incremental/QF_NIA/20170427-VeryMax/ITS/From_AProVE_2014__juHashMapCreateContainsKey.jar-obl-11__p31779_safety_0.smt2,85.6295,1056,9092,成功
/pub/data/jiafq/iscas/Parser_Comparison/../benchmarks/part57/non-incremental/QF_NIA/20170427-VeryMax/ITS/From_AProVE_2014__juHashMapCreateContainsKey.jar-obl-11__p31780_safety_0.smt2,78.2056,1056,7489,成功
/pub/data/jiafq/iscas/Parser_Comparison/../benchmarks/part57/non-incremental/QF_NIA/20170427-VeryMax/ITS/From_AProVE_2014__juHashMapCreateContainsKey.jar-obl-11__p31781_safety_0.smt2,132.405,1584,13719,成功
/pub/data/jiafq/iscas/Parser_Comparison/../benchmarks/part57/non-incremental/QF_NIA/20170427-VeryMax/ITS/From_AProVE_2014__juHashMapCreateContainsKey.jar-obl-11__p31782_safety_0.smt2,187.557,2112,20755,成功
/pub/data/jiafq/iscas/Parser_Comparison/../benchmarks/part57/non-incremental/QF_NIA/20170427-VeryMax/ITS/From_AProVE_2014__juHashMapCreateContainsKey.jar-obl-11__p31787_safety_0.smt2,75.4204,792,8461,成功
/pub/data/jiafq/iscas/Parser_Comparison/../benchmarks/part57/non-incremental/QF_NIA/20170427-VeryMax/ITS/From_AProVE_2014__juHashMapCreateContainsKey.jar-obl-11__p31791_safety_0.smt2,57.0745,792,6065,成功
/pub/data/jiafq/iscas/Parser_Comparison/../benchmarks/part57/non-incremental/QF_NIA/20170427-VeryMax/ITS/From_AProVE_2014__juHashMapCreateContainsKey.jar-obl-11__p31792_safety_0.smt2,88.052,1056,9064,成功
/pub/data/jiafq/iscas/Parser_Comparison/../benchmarks/part57/non-incremental/QF_NIA/20170427-VeryMax/ITS/From_AProVE_2014__juHashMapCreateContainsKey.jar-obl-11__p31796_safety_0.smt2,61.5098,792,6277,成功
/pub/data/jiafq/iscas/Parser_Comparison/../benchmarks/part57/non-incremental/QF_NIA/20170427-VeryMax/ITS/From_AProVE_2014__juHashMapCreateContainsKey.jar-obl-11__p31797_safety_0.smt2,88.7625,1056,9360,成功
/pub/data/jiafq/iscas/Parser_Comparison/../benchmarks/part57/non-incremental/QF_NIA/20170427-VeryMax/ITS/From_AProVE_2014__juHashMapCreateContainsKey.jar-obl-11__p31800_safety_0.smt2,35.0213,528,3504,成功
/pub/data/jiafq/iscas/Parser_Comparison/../benchmarks/part57/non-incremental/QF_NIA/20170427-VeryMax/ITS/From_AProVE_2014__juHashMapCreateContainsKey.jar-obl-11__p31801_safety_0.smt2,62.8564,792,6275,成功
/pub/data/jiafq/iscas/Parser_Comparison/../benchmarks/part57/non-incremental/QF_NIA/20170427-VeryMax/ITS/From_AProVE_2014__juHashMapCreateContainsKey.jar-obl-11__p31802_safety_0.smt2,88.8848,1056,9358,成功
/pub/data/jiafq/iscas/Parser_Comparison/../benchmarks/part57/non-incremental/QF_NIA/20170427-VeryMax/ITS/From_AProVE_2014__juHashMapCreateContainsKey.jar-obl-11__p31803_safety_0.smt2,79.1316,1056,7776,成功
/pub/data/jiafq/iscas/Parser_Comparison/../benchmarks/part57/non-incremental/QF_NIA/20170427-VeryMax/ITS/From_AProVE_2014__juHashMapCreateContainsKey.jar-obl-11__p31804_safety_0.smt2,136.933,1584,14183,成功
/pub/data/jiafq/iscas/Parser_Comparison/../benchmarks/part57/non-incremental/QF_NIA/20170427-VeryMax/ITS/From_AProVE_2014__juHashMapCreateContainsKey.jar-obl-11__p31805_safety_0.smt2,197.437,2112,21396,成功
/pub/data/jiafq/iscas/Parser_Comparison/../benchmarks/part57/non-incremental/QF_NIA/20170427-VeryMax/ITS/From_AProVE_2014__juHashMapCreateContainsKey.jar-obl-11__p31813_safety_0.smt2,80.4772,1056,8114,成功
/pub/data/jiafq/iscas/Parser_Comparison/../benchmarks/part57/non-incremental/QF_NIA/20170427-VeryMax/ITS/From_AProVE_2014__juHashMapCreateContainsKey.jar-obl-11__p31816_safety_0.smt2,79.55,1056,8122,成功
/pub/data/jiafq/iscas/Parser_Comparison/../benchmarks/part57/non-incremental/QF_NIA/20170427-VeryMax/ITS/From_AProVE_2014__juHashMapCreateContainsKey.jar-obl-11__p31818_safety_0.smt2,53.4947,792,5591,成功
/pub/data/jiafq/iscas/Parser_Comparison/../benchmarks/part57/non-incremental/QF_NIA/20170427-VeryMax/ITS/From_AProVE_2014__juHashMapCreateContainsKey.jar-obl-11__p31819_safety_0.smt2,80.1697,1056,8332,成功
/pub/data/jiafq/iscas/Parser_Comparison/../benchmarks/part57/non-incremental/QF_NIA/20170427-VeryMax/ITS/From_AProVE_2014__juHashMapCreateContainsKey.jar-obl-11__p31820_safety_0.smt2,78.65,1056,7510,成功
/pub/data/jiafq/iscas/Parser_Comparison/../benchmarks/part57/non-incremental/QF_NIA/20170427-VeryMax/ITS/From_AProVE_2014__juHashMapCreateContainsKey.jar-obl-11__p31821_safety_0.smt2,124.446,1584,13752,成功
/pub/data/jiafq/iscas/Parser_Comparison/../benchmarks/part57/non-incremental/QF_NIA/20170427-VeryMax/ITS/From_AProVE_2014__juHashMapCreateContainsKey.jar-obl-11__p31822_safety_0.smt2,187.632,2112,20800,成功
/pub/data/jiafq/iscas/Parser_Comparison/../benchmarks/part57/non-incremental/QF_NIA/20170427-VeryMax/ITS/From_AProVE_2014__juHashMapCreateContainsKey.jar-obl-11__p31827_safety_0.smt2,80.1575,1056,8694,成功
/pub/data/jiafq/iscas/Parser_Comparison/../benchmarks/part57/non-incremental/QF_NIA/20170427-VeryMax/ITS/From_AProVE_2014__juHashMapCreateContainsKey.jar-obl-11__p31831_safety_0.smt2,61.2216,792,6290,成功
/pub/data/jiafq/iscas/Parser_Comparison/../benchmarks/part57/non-incremental/QF_NIA/20170427-VeryMax/ITS/From_AProVE_2014__juHashMapCreateContainsKey.jar-obl-11__p31832_safety_0.smt2,88.0573,1056,9367,成功
/pub/data/jiafq/iscas/Parser_Comparison/../benchmarks/part57/non-incremental/QF_NIA/20170427-VeryMax/ITS/From_AProVE_2014__juHashMapCreateContainsKey.jar-obl-11__p31836_safety_0.smt2,60.5302,792,6318,成功
/pub/data/jiafq/iscas/Parser_Comparison/../benchmarks/part57/non-incremental/QF_NIA/20170427-VeryMax/ITS/From_AProVE_2014__juHashMapCreateContainsKey.jar-obl-11__p31837_safety_0.smt2,89.5274,1056,9407,成功
/pub/data/jiafq/iscas/Parser_Comparison/../benchmarks/part57/non-incremental/QF_NIA/20170427-VeryMax/ITS/From_AProVE_2014__juHashMapCreateContainsKey.jar-obl-11__p31840_safety_0.smt2,38.5556,524,3541,成功
/pub/data/jiafq/iscas/Parser_Comparison/../benchmarks/part57/non-incremental/QF_NIA/20170427-VeryMax/ITS/From_AProVE_2014__juHashMapCreateContainsKey.jar-obl-11__p31841_safety_0.smt2,63.3883,792,6318,成功
/pub/data/jiafq/iscas/Parser_Comparison/../benchmarks/part57/non-incremental/QF_NIA/20170427-VeryMax/ITS/From_AProVE_2014__juHashMapCreateContainsKey.jar-obl-11__p31842_safety_0.smt2,88.4721,1056,9407,成功
/pub/data/jiafq/iscas/Parser_Comparison/../benchmarks/part57/non-incremental/QF_NIA/20170427-VeryMax/ITS/From_AProVE_2014__juHashMapCreateContainsKey.jar-obl-11__p31844_edge_closing_0.smt2,880.933,11952,73338,成功
/pub/data/jiafq/iscas/Parser_Comparison/../benchmarks/part57/non-incremental/QF_NIA/20170427-VeryMax/ITS/From_AProVE_2014__juHashMapCreateContainsKey.jar-obl-11__p31845_edge_closing_0.smt2,1096.32,13744,93379,成功
/pub/data/jiafq/iscas/Parser_Comparison/../benchmarks/part57/non-incremental/QF_NIA/20170427-VeryMax/ITS/From_AProVE_2014__juHashMapCreateContainsKey.jar-obl-11__p31846_edge_closing_0.smt2,1264.51,19060,113105,成功
/pub/data/jiafq/iscas/Parser_Comparison/../benchmarks/part57/non-incremental/QF_NIA/20170427-VeryMax/ITS/From_AProVE_2014__juHashMapCreateContainsKey.jar-obl-11__term_unfeasibility_2_0.smt2,53.8504,792,5459,成功
/pub/data/jiafq/iscas/Parser_Comparison/../benchmarks/part57/non-incremental/QF_NIA/20170427-VeryMax/ITS/From_AProVE_2014__juHashMapCreateContainsKey.jar-obl-11__terminationS_0_0.smt2,100.837,1320,9194,成功
/pub/data/jiafq/iscas/Parser_Comparison/../benchmarks/part57/non-incremental/QF_NIA/20170427-VeryMax/ITS/From_AProVE_2014__juHashMapCreateContainsKey.jar-obl-11__terminationS_1_0.smt2,100.395,1320,9389,成功
/pub/data/jiafq/iscas/Parser_Comparison/../benchmarks/part57/non-incremental/QF_NIA/20170427-VeryMax/ITS/From_AProVE_2014__juHashMapCreateContainsKey.jar-obl-11__terminationS_2_0.smt2,91.7122,1320,8771,成功
/pub/data/jiafq/iscas/Parser_Comparison/../benchmarks/part57/non-incremental/QF_NIA/20170427-VeryMax/ITS/From_AProVE_2014__juHashMapCreateContainsKey.jar-obl-11__terminationS_3_0.smt2,94.8205,1320,8993,成功
/pub/data/jiafq/iscas/Parser_Comparison/../benchmarks/part57/non-incremental/QF_NIA/20170427-VeryMax/ITS/From_AProVE_2014__juHashMapCreateContainsValue.jar-obl-11__p300_safety_0.smt2,129.659,1584,13927,成功
/pub/data/jiafq/iscas/Parser_Comparison/../benchmarks/part57/non-incremental/QF_NIA/20170427-VeryMax/ITS/From_AProVE_2014__juHashMapCreateContainsValue.jar-obl-11__p301_safety_0.smt2,190.259,2112,21034,成功
/pub/data/jiafq/iscas/Parser_Comparison/../benchmarks/part57/non-incremental/QF_NIA/20170427-VeryMax/ITS/From_AProVE_2014__juHashMapCreateContainsValue.jar-obl-11__p311_safety_0.smt2,77.6379,792,7940,成功
/pub/data/jiafq/iscas/Parser_Comparison/../benchmarks/part57/non-incremental/QF_NIA/20170427-VeryMax/ITS/From_AProVE_2014__juHashMapCreateContainsValue.jar-obl-11__p313_safety_0.smt2,56.3993,792,5500,成功
/pub/data/jiafq/iscas/Parser_Comparison/../benchmarks/part57/non-incremental/QF_NIA/20170427-VeryMax/ITS/From_AProVE_2014__juHashMapCreateContainsValue.jar-obl-11__p314_safety_0.smt2,79.4752,1056,8270,成功
/pub/data/jiafq/iscas/Parser_Comparison/../benchmarks/part57/non-incremental/QF_NIA/20170427-VeryMax/ITS/From_AProVE_2014__juHashMapCreateContainsValue.jar-obl-11__p316_safety_0.smt2,53.7376,792,5458,成功
/pub/data/jiafq/iscas/Parser_Comparison/../benchmarks/part57/non-incremental/QF_NIA/20170427-VeryMax/ITS/From_AProVE_2014__juHashMapCreateContainsValue.jar-obl-11__p317_safety_0.smt2,76.4961,1056,8219,成功
/pub/data/jiafq/iscas/Parser_Comparison/../benchmarks/part57/non-incremental/QF_NIA/20170427-VeryMax/ITS/From_AProVE_2014__juHashMapCreateContainsValue.jar-obl-11__p31857_terminationG_0.smt2,131.062,1848,11901,成功
/pub/data/jiafq/iscas/Parser_Comparison/../benchmarks/part57/non-incremental/QF_NIA/20170427-VeryMax/ITS/From_AProVE_2014__juHashMapCreateContainsValue.jar-obl-11__p31858_terminationG_0.smt2,188.015,2904,17441,成功
/pub/data/jiafq/iscas/Parser_Comparison/../benchmarks/part57/non-incremental/QF_NIA/20170427-VeryMax/ITS/From_AProVE_2014__juHashMapCreateContainsValue.jar-obl-11__p31859_terminationG_0.smt2,240.486,3064,23705,成功
/pub/data/jiafq/iscas/Parser_Comparison/../benchmarks/part57/non-incremental/QF_NIA/20170427-VeryMax/ITS/From_AProVE_2014__juHashMapCreateContainsValue.jar-obl-11__p31868_safety_0.smt2,55.511,792,5900,成功
/pub/data/jiafq/iscas/Parser_Comparison/../benchmarks/part57/non-incremental/QF_NIA/20170427-VeryMax/ITS/From_AProVE_2014__juHashMapCreateContainsValue.jar-obl-11__p31870_safety_0.smt2,82.3967,792,8824,成功
/pub/data/jiafq/iscas/Parser_Comparison/../benchmarks/part57/non-incremental/QF_NIA/20170427-VeryMax/ITS/From_AProVE_2014__juHashMapCreateContainsValue.jar-obl-11__p31875_safety_0.smt2,62.2132,792,6277,成功
/pub/data/jiafq/iscas/Parser_Comparison/../benchmarks/part57/non-incremental/QF_NIA/20170427-VeryMax/ITS/From_AProVE_2014__juHashMapCreateContainsValue.jar-obl-11__p31876_safety_0.smt2,87.8823,1056,9485,成功
/pub/data/jiafq/iscas/Parser_Comparison/../benchmarks/part57/non-incremental/QF_NIA/20170427-VeryMax/ITS/From_AProVE_2014__juHashMapCreateContainsValue.jar-obl-11__p31880_safety_0.smt2,59.653,792,6295,成功
/pub/data/jiafq/iscas/Parser_Comparison/../benchmarks/part57/non-incremental/QF_NIA/20170427-VeryMax/ITS/From_AProVE_2014__juHashMapCreateContainsValue.jar-obl-11__p31881_safety_0.smt2,89.6027,1056,9503,成功
/pub/data/jiafq/iscas/Parser_Comparison/../benchmarks/part57/non-incremental/QF_NIA/20170427-VeryMax/ITS/From_AProVE_2014__juHashMapCreateContainsValue.jar-obl-11__p31887_safety_0.smt2,57.8337,792,6305,成功
/pub/data/jiafq/iscas/Parser_Comparison/../benchmarks/part57/non-incremental/QF_NIA/20170427-VeryMax/ITS/From_AProVE_2014__juHashMapCreateContainsValue.jar-obl-11__p31888_safety_0.smt2,87.9791,1056,9525,成功
/pub/data/jiafq/iscas/Parser_Comparison/../benchmarks/part57/non-incremental/QF_NIA/20170427-VeryMax/ITS/From_AProVE_2014__juHashMapCreateContainsValue.jar-obl-11__p31890_safety_0.smt2,63.2989,792,6293,成功
/pub/data/jiafq/iscas/Parser_Comparison/../benchmarks/part57/non-incremental/QF_NIA/20170427-VeryMax/ITS/From_AProVE_2014__juHashMapCreateContainsValue.jar-obl-11__p31891_safety_0.smt2,88.4166,1056,9501,成功
/pub/data/jiafq/iscas/Parser_Comparison/../benchmarks/part57/non-incremental/QF_NIA/20170427-VeryMax/ITS/From_AProVE_2014__juHashMapCreateContainsValue.jar-obl-11__p31894_safety_0.smt2,36.3727,528,3413,成功
/pub/data/jiafq/iscas/Parser_Comparison/../benchmarks/part57/non-incremental/QF_NIA/20170427-VeryMax/ITS/From_AProVE_2014__juHashMapCreateContainsValue.jar-obl-11__p31895_safety_0.smt2,62.953,792,6293,成功
/pub/data/jiafq/iscas/Parser_Comparison/../benchmarks/part57/non-incremental/QF_NIA/20170427-VeryMax/ITS/From_AProVE_2014__juHashMapCreateContainsValue.jar-obl-11__p31896_safety_0.smt2,84.3606,1056,9501,成功
/pub/data/jiafq/iscas/Parser_Comparison/../benchmarks/part57/non-incremental/QF_NIA/20170427-VeryMax/ITS/From_AProVE_2014__juHashMapCreateContainsValue.jar-obl-11__p31899_safety_0.smt2,36.0019,528,3413,成功
/pub/data/jiafq/iscas/Parser_Comparison/../benchmarks/part57/non-incremental/QF_NIA/20170427-VeryMax/ITS/From_AProVE_2014__juHashMapCreateContainsValue.jar-obl-11__p31900_safety_0.smt2,62.1691,792,6305,成功
/pub/data/jiafq/iscas/Parser_Comparison/../benchmarks/part57/non-incremental/QF_NIA/20170427-VeryMax/ITS/From_AProVE_2014__juHashMapCreateContainsValue.jar-obl-11__p31901_safety_0.smt2,84.9764,1056,9525,成功
/pub/data/jiafq/iscas/Parser_Comparison/../benchmarks/part57/non-incremental/QF_NIA/20170427-VeryMax/ITS/From_AProVE_2014__juHashMapCreateContainsValue.jar-obl-11__p31903_safety_0.smt2,113.333,1320,12185,成功
/pub/data/jiafq/iscas/Parser_Comparison/../benchmarks/part57/non-incremental/QF_NIA/20170427-VeryMax/ITS/From_AProVE_2014__juHashMapCreateContainsValue.jar-obl-11__p31904_safety_0.smt2,170.59,1848,18682,成功
/pub/data/jiafq/iscas/Parser_Comparison/../benchmarks/part57/non-incremental/QF_NIA/20170427-VeryMax/ITS/From_AProVE_2014__juHashMapCreateContainsValue.jar-obl-11__p31906_safety_0.smt2,115.477,1320,11932,成功
/pub/data/jiafq/iscas/Parser_Comparison/../benchmarks/part57/non-incremental/QF_NIA/20170427-VeryMax/ITS/From_AProVE_2014__juHashMapCreateContainsValue.jar-obl-11__p31907_safety_0.smt2,165.644,1848,18339,成功
/pub/data/jiafq/iscas/Parser_Comparison/../benchmarks/part57/non-incremental/QF_NIA/20170427-VeryMax/ITS/From_AProVE_2014__juHashMapCreateContainsValue.jar-obl-11__p31912_safety_0.smt2,80.4553,1056,8970,成功
/pub/data/jiafq/iscas/Parser_Comparison/../benchmarks/part57/non-incremental/QF_NIA/20170427-VeryMax/ITS/From_AProVE_2014__juHashMapCreateContainsValue.jar-obl-11__p31917_safety_0.smt2,77.4958,792,7968,成功
/pub/data/jiafq/iscas/Parser_Comparison/../benchmarks/part57/non-incremental/QF_NIA/20170427-VeryMax/ITS/From_AProVE_2014__juHashMapCreateContainsValue.jar-obl-11__p31920_safety_0.smt2,74.5075,1052,8282,成功
/pub/data/jiafq/iscas/Parser_Comparison/../benchmarks/part57/non-incremental/QF_NIA/20170427-VeryMax/ITS/From_AProVE_2014__juHashMapCreateContainsValue.jar-obl-11__p31924_safety_0.smt2,62.9995,792,6432,成功
/pub/data/jiafq/iscas/Parser_Comparison/../benchmarks/part57/non-incremental/QF_NIA/20170427-VeryMax/ITS/From_AProVE_2014__juHashMapCreateContainsValue.jar-obl-11__p31925_safety_0.smt2,87.5449,1056,9679,成功
/pub/data/jiafq/iscas/Parser_Comparison/../benchmarks/part57/non-incremental/QF_NIA/20170427-VeryMax/ITS/From_AProVE_2014__juHashMapCreateContainsValue.jar-obl-11__p31927_safety_0.smt2,51.4522,792,5493,成功
/pub/data/jiafq/iscas/Parser_Comparison/../benchmarks/part57/non-incremental/QF_NIA/20170427-VeryMax/ITS/From_AProVE_2014__juHashMapCreateContainsValue.jar-obl-11__p31928_safety_0.smt2,78.9201,1056,8323,成功
/pub/data/jiafq/iscas/Parser_Comparison/../benchmarks/part57/non-incremental/QF_NIA/20170427-VeryMax/ITS/From_AProVE_2014__juHashMapCreateContainsValue.jar-obl-11__p31932_safety_0.smt2,61.1019,792,6442,成功
/pub/data/jiafq/iscas/Parser_Comparison/../benchmarks/part57/non-incremental/QF_NIA/20170427-VeryMax/ITS/From_AProVE_2014__juHashMapCreateContainsValue.jar-obl-11__p31933_safety_0.smt2,90.3649,1056,9695,成功
/pub/data/jiafq/iscas/Parser_Comparison/../benchmarks/part57/non-incremental/QF_NIA/20170427-VeryMax/ITS/From_AProVE_2014__juHashMapCreateContainsValue.jar-obl-11__p31934_safety_0.smt2,32.4442,528,2990,成功
/pub/data/jiafq/iscas/Parser_Comparison/../benchmarks/part57/non-incremental/QF_NIA/20170427-VeryMax/ITS/From_AProVE_2014__juHashMapCreateContainsValue.jar-obl-11__p31935_safety_0.smt2,55.2471,792,5493,成功
/pub/data/jiafq/iscas/Parser_Comparison/../benchmarks/part57/non-incremental/QF_NIA/20170427-VeryMax/ITS/From_AProVE_2014__juHashMapCreateContainsValue.jar-obl-11__p31936_safety_0.smt2,78.2273,1056,8323,成功
/pub/data/jiafq/iscas/Parser_Comparison/../benchmarks/part57/non-incremental/QF_NIA/20170427-VeryMax/ITS/From_AProVE_2014__juHashMapCreateContainsValue.jar-obl-11__p31939_safety_0.smt2,35.0618,528,3517,成功
/pub/data/jiafq/iscas/Parser_Comparison/../benchmarks/part57/non-incremental/QF_NIA/20170427-VeryMax/ITS/From_AProVE_2014__juHashMapCreateContainsValue.jar-obl-11__p31940_safety_0.smt2,62.6101,792,6442,成功
/pub/data/jiafq/iscas/Parser_Comparison/../benchmarks/part57/non-incremental/QF_NIA/20170427-VeryMax/ITS/From_AProVE_2014__juHashMapCreateContainsValue.jar-obl-11__p31941_safety_0.smt2,87.5897,1056,9695,成功
/pub/data/jiafq/iscas/Parser_Comparison/../benchmarks/part57/non-incremental/QF_NIA/20170427-VeryMax/ITS/From_AProVE_2014__juHashMapCreateContainsValue.jar-obl-11__p31943_safety_0.smt2,118.491,1584,12760,成功
/pub/data/jiafq/iscas/Parser_Comparison/../benchmarks/part57/non-incremental/QF_NIA/20170427-VeryMax/ITS/From_AProVE_2014__juHashMapCreateContainsValue.jar-obl-11__p31944_safety_0.smt2,177.263,1848,19596,成功
/pub/data/jiafq/iscas/Parser_Comparison/../benchmarks/part57/non-incremental/QF_NIA/20170427-VeryMax/ITS/From_AProVE_2014__juHashMapCreateContainsValue.jar-obl-11__p31945_safety_0.smt2,66.9754,792,6943,成功
/pub/data/jiafq/iscas/Parser_Comparison/../benchmarks/part57/non-incremental/QF_NIA/20170427-VeryMax/ITS/From_AProVE_2014__juHashMapCreateContainsValue.jar-obl-11__p31946_safety_0.smt2,122.095,1584,13029,成功
/pub/data/jiafq/iscas/Parser_Comparison/../benchmarks/part57/non-incremental/QF_NIA/20170427-VeryMax/ITS/From_AProVE_2014__juHashMapCreateContainsValue.jar-obl-11__p31947_safety_0.smt2,179.874,1848,19964,成功
/pub/data/jiafq/iscas/Parser_Comparison/../benchmarks/part57/non-incremental/QF_NIA/20170427-VeryMax/ITS/From_AProVE_2014__juHashMapCreateContainsValue.jar-obl-11__p31952_safety_0.smt2,73.6527,792,7913,成功
/pub/data/jiafq/iscas/Parser_Comparison/../benchmarks/part57/non-incremental/QF_NIA/20170427-VeryMax/ITS/From_AProVE_2014__juHashMapCreateContainsValue.jar-obl-11__p31957_safety_0.smt2,79.5906,1056,8776,成功
/pub/data/jiafq/iscas/Parser_Comparison/../benchmarks/part57/non-incremental/QF_NIA/20170427-VeryMax/ITS/From_AProVE_2014__juHashMapCreateContainsValue.jar-obl-11__p31960_safety_0.smt2,75.8815,1056,8192,成功
/pub/data/jiafq/iscas/Parser_Comparison/../benchmarks/part57/non-incremental/QF_NIA/20170427-VeryMax/ITS/From_AProVE_2014__juHashMapCreateContainsValue.jar-obl-11__p31965_safety_0.smt2,85.6149,1056,9392,成功
/pub/data/jiafq/iscas/Parser_Comparison/../benchmarks/part57/non-incremental/QF_NIA/20170427-VeryMax/ITS/From_AProVE_2014__juHashMapCreateContainsValue.jar-obl-11__p31969_safety_0.smt2,59.3462,792,6233,成功
/pub/data/jiafq/iscas/Parser_Comparison/../benchmarks/part57/non-incremental/QF_NIA/20170427-VeryMax/ITS/From_AProVE_2014__juHashMapCreateContainsValue.jar-obl-11__p31970_safety_0.smt2,84.3844,1056,9390,成功
/pub/data/jiafq/iscas/Parser_Comparison/../benchmarks/part57/non-incremental/QF_NIA/20170427-VeryMax/ITS/From_AProVE_2014__juHashMapCreateContainsValue.jar-obl-11__p31973_safety_0.smt2,77.6131,1056,8445,成功
/pub/data/jiafq/iscas/Parser_Comparison/../benchmarks/part57/non-incremental/QF_NIA/20170427-VeryMax/ITS/From_AProVE_2014__juHashMapCreateContainsValue.jar-obl-11__p31976_safety_0.smt2,33.7205,528,3404,成功
/pub/data/jiafq/iscas/Parser_Comparison/../benchmarks/part57/non-incremental/QF_NIA/20170427-VeryMax/ITS/From_AProVE_2014__juHashMapCreateContainsValue.jar-obl-11__p31977_safety_0.smt2,58.8307,792,6233,成功
/pub/data/jiafq/iscas/Parser_Comparison/../benchmarks/part57/non-incremental/QF_NIA/20170427-VeryMax/ITS/From_AProVE_2014__juHashMapCreateContainsValue.jar-obl-11__p31978_safety_0.smt2,82.7188,1056,9390,成功
/pub/data/jiafq/iscas/Parser_Comparison/../benchmarks/part57/non-incremental/QF_NIA/20170427-VeryMax/ITS/From_AProVE_2014__juHashMapCreateContainsValue.jar-obl-11__p31979_safety_0.smt2,32.4721,528,3063,成功
/pub/data/jiafq/iscas/Parser_Comparison/../benchmarks/part57/non-incremental/QF_NIA/20170427-VeryMax/ITS/From_AProVE_2014__juHashMapCreateContainsValue.jar-obl-11__p31980_safety_0.smt2,52.5897,792,5590,成功
/pub/data/jiafq/iscas/Parser_Comparison/../benchmarks/part57/non-incremental/QF_NIA/20170427-VeryMax/ITS/From_AProVE_2014__juHashMapCreateContainsValue.jar-obl-11__p31981_safety_0.smt2,78.3453,1056,8444,成功
/pub/data/jiafq/iscas/Parser_Comparison/../benchmarks/part57/non-incremental/QF_NIA/20170427-VeryMax/ITS/From_AProVE_2014__juHashMapCreateContainsValue.jar-obl-11__p31982_safety_0.smt2,67.8701,792,6963,成功
/pub/data/jiafq/iscas/Parser_Comparison/../benchmarks/part57/non-incremental/QF_NIA/20170427-VeryMax/ITS/From_AProVE_2014__juHashMapCreateContainsValue.jar-obl-11__p31983_safety_0.smt2,119.308,1584,13061,成功
/pub/data/jiafq/iscas/Parser_Comparison/../benchmarks/part57/non-incremental/QF_NIA/20170427-VeryMax/ITS/From_AProVE_2014__juHashMapCreateContainsValue.jar-obl-11__p31984_safety_0.smt2,179.898,1848,20008,成功
/pub/data/jiafq/iscas/Parser_Comparison/../benchmarks/part57/non-incremental/QF_NIA/20170427-VeryMax/ITS/From_AProVE_2014__juHashMapCreateContainsValue.jar-obl-11__p31985_safety_0.smt2,69.4158,792,7022,成功
/pub/data/jiafq/iscas/Parser_Comparison/../benchmarks/part57/non-incremental/QF_NIA/20170427-VeryMax/ITS/From_AProVE_2014__juHashMapCreateContainsValue.jar-obl-11__p31986_safety_0.smt2,118.958,1584,13174,成功
/pub/data/jiafq/iscas/Parser_Comparison/../benchmarks/part57/non-incremental/QF_NIA/20170427-VeryMax/ITS/From_AProVE_2014__juHashMapCreateContainsValue.jar-obl-11__p31987_safety_0.smt2,180.644,1848,20175,成功
/pub/data/jiafq/iscas/Parser_Comparison/../benchmarks/part57/non-incremental/QF_NIA/20170427-VeryMax/ITS/From_AProVE_2014__juHashMapCreateContainsValue.jar-obl-11__p31992_safety_0.smt2,75.6862,792,7994,成功
/pub/data/jiafq/iscas/Parser_Comparison/../benchmarks/part57/non-incremental/QF_NIA/20170427-VeryMax/ITS/From_AProVE_2014__juHashMapCreateContainsValue.jar-obl-11__p31997_safety_0.smt2,80.0176,1052,8788,成功
/pub/data/jiafq/iscas/Parser_Comparison/../benchmarks/part57/non-incremental/QF_NIA/20170427-VeryMax/ITS/From_AProVE_2014__juHashMapCreateContainsValue.jar-obl-11__p31999_safety_0.smt2,53.3254,792,5505,成功
/pub/data/jiafq/iscas/Parser_Comparison/../benchmarks/part57/non-incremental/QF_NIA/20170427-VeryMax/ITS/From_AProVE_2014__juHashMapCreateContainsValue.jar-obl-11__p319_safety_0.smt2,52.8626,792,5505,成功
/pub/data/jiafq/iscas/Parser_Comparison/../benchmarks/part57/non-incremental/QF_NIA/20170427-VeryMax/ITS/From_AProVE_2014__juHashMapCreateContainsValue.jar-obl-11__p32000_safety_0.smt2,77.6799,1056,8308,成功
/pub/data/jiafq/iscas/Parser_Comparison/../benchmarks/part57/non-incremental/QF_NIA/20170427-VeryMax/ITS/From_AProVE_2014__juHashMapCreateContainsValue.jar-obl-11__p32004_safety_0.smt2,57.5569,792,6247,成功
/pub/data/jiafq/iscas/Parser_Comparison/../benchmarks/part57/non-incremental/QF_NIA/20170427-VeryMax/ITS/From_AProVE_2014__juHashMapCreateContainsValue.jar-obl-11__p32005_safety_0.smt2,88.0954,1056,9404,成功
/pub/data/jiafq/iscas/Parser_Comparison/../benchmarks/part57/non-incremental/QF_NIA/20170427-VeryMax/ITS/From_AProVE_2014__juHashMapCreateContainsValue.jar-obl-11__p32007_safety_0.smt2,53.4773,792,5686,成功
/pub/data/jiafq/iscas/Parser_Comparison/../benchmarks/part57/non-incremental/QF_NIA/20170427-VeryMax/ITS/From_AProVE_2014__juHashMapCreateContainsValue.jar-obl-11__p32008_safety_0.smt2,78.9416,1056,8561,成功
/pub/data/jiafq/iscas/Parser_Comparison/../benchmarks/part57/non-incremental/QF_NIA/20170427-VeryMax/ITS/From_AProVE_2014__juHashMapCreateContainsValue.jar-obl-11__p32011_safety_0.smt2,35.8679,528,3416,成功
/pub/data/jiafq/iscas/Parser_Comparison/../benchmarks/part57/non-incremental/QF_NIA/20170427-VeryMax/ITS/From_AProVE_2014__juHashMapCreateContainsValue.jar-obl-11__p32012_safety_0.smt2,58.6753,792,6245,成功
/pub/data/jiafq/iscas/Parser_Comparison/../benchmarks/part57/non-incremental/QF_NIA/20170427-VeryMax/ITS/From_AProVE_2014__juHashMapCreateContainsValue.jar-obl-11__p32013_safety_0.smt2,84.4667,1056,9402,成功
/pub/data/jiafq/iscas/Parser_Comparison/../benchmarks/part57/non-incremental/QF_NIA/20170427-VeryMax/ITS/From_AProVE_2014__juHashMapCreateContainsValue.jar-obl-11__p32015_safety_0.smt2,54.0125,792,5715,成功
/pub/data/jiafq/iscas/Parser_Comparison/../benchmarks/part57/non-incremental/QF_NIA/20170427-VeryMax/ITS/From_AProVE_2014__juHashMapCreateContainsValue.jar-obl-11__p32016_safety_0.smt2,77.8334,1056,8602,成功
/pub/data/jiafq/iscas/Parser_Comparison/../benchmarks/part57/non-incremental/QF_NIA/20170427-VeryMax/ITS/From_AProVE_2014__juHashMapCreateContainsValue.jar-obl-11__p32019_terminationG_0.smt2,135.062,2112,12137,成功
/pub/data/jiafq/iscas/Parser_Comparison/../benchmarks/part57/non-incremental/QF_NIA/20170427-VeryMax/ITS/From_AProVE_2014__juHashMapCreateContainsValue.jar-obl-11__p32020_terminationG_0.smt2,183.545,2904,17749,成功
/pub/data/jiafq/iscas/Parser_Comparison/../benchmarks/part57/non-incremental/QF_NIA/20170427-VeryMax/ITS/From_AProVE_2014__juHashMapCreateContainsValue.jar-obl-11__p32021_terminationG_0.smt2,237.885,3076,24085,成功
/pub/data/jiafq/iscas/Parser_Comparison/../benchmarks/part57/non-incremental/QF_NIA/20170427-VeryMax/ITS/From_AProVE_2014__juHashMapCreateContainsValue.jar-obl-11__p32031_safety_0.smt2,76.9866,1056,8884,成功
/pub/data/jiafq/iscas/Parser_Comparison/../benchmarks/part57/non-incremental/QF_NIA/20170427-VeryMax/ITS/From_AProVE_2014__juHashMapCreateContainsValue.jar-obl-11__p32032_safety_0.smt2,53.2248,792,5953,成功
/pub/data/jiafq/iscas/Parser_Comparison/../benchmarks/part57/non-incremental/QF_NIA/20170427-VeryMax/ITS/From_AProVE_2014__juHashMapCreateContainsValue.jar-obl-11__p32037_safety_0.smt2,57.8003,792,6364,成功
/pub/data/jiafq/iscas/Parser_Comparison/../benchmarks/part57/non-incremental/QF_NIA/20170427-VeryMax/ITS/From_AProVE_2014__juHashMapCreateContainsValue.jar-obl-11__p32038_safety_0.smt2,86.3283,1056,9588,成功
/pub/data/jiafq/iscas/Parser_Comparison/../benchmarks/part57/non-incremental/QF_NIA/20170427-VeryMax/ITS/From_AProVE_2014__juHashMapCreateContainsValue.jar-obl-11__p32042_safety_0.smt2,60.5776,792,6346,成功
/pub/data/jiafq/iscas/Parser_Comparison/../benchmarks/part57/non-incremental/QF_NIA/20170427-VeryMax/ITS/From_AProVE_2014__juHashMapCreateContainsValue.jar-obl-11__p32043_safety_0.smt2,82.6533,1056,9570,成功
/pub/data/jiafq/iscas/Parser_Comparison/../benchmarks/part57/non-incremental/QF_NIA/20170427-VeryMax/ITS/From_AProVE_2014__juHashMapCreateContainsValue.jar-obl-11__p32049_safety_0.smt2,62.5625,792,6576,成功
/pub/data/jiafq/iscas/Parser_Comparison/../benchmarks/part57/non-incremental/QF_NIA/20170427-VeryMax/ITS/From_AProVE_2014__juHashMapCreateContainsValue.jar-obl-11__p32050_safety_0.smt2,92.423,1056,9884,成功
/pub/data/jiafq/iscas/Parser_Comparison/../benchmarks/part57/non-incremental/QF_NIA/20170427-VeryMax/ITS/From_AProVE_2014__juHashMapCreateContainsValue.jar-obl-11__p32053_safety_0.smt2,91.3341,1056,9866,成功
/pub/data/jiafq/iscas/Parser_Comparison/../benchmarks/part57/non-incremental/QF_NIA/20170427-VeryMax/ITS/From_AProVE_2014__juHashMapCreateContainsValue.jar-obl-11__p32056_safety_0.smt2,37.708,528,3576,成功
/pub/data/jiafq/iscas/Parser_Comparison/../benchmarks/part57/non-incremental/QF_NIA/20170427-VeryMax/ITS/From_AProVE_2014__juHashMapCreateContainsValue.jar-obl-11__p32057_safety_0.smt2,65.6013,792,6556,成功
/pub/data/jiafq/iscas/Parser_Comparison/../benchmarks/part57/non-incremental/QF_NIA/20170427-VeryMax/ITS/From_AProVE_2014__juHashMapCreateContainsValue.jar-obl-11__p32058_safety_0.smt2,85.9993,1056,9864,成功
/pub/data/jiafq/iscas/Parser_Comparison/../benchmarks/part57/non-incremental/QF_NIA/20170427-VeryMax/ITS/From_AProVE_2014__juHashMapCreateContainsValue.jar-obl-11__p32061_safety_0.smt2,35.6572,528,3594,成功
/pub/data/jiafq/iscas/Parser_Comparison/../benchmarks/part57/non-incremental/QF_NIA/20170427-VeryMax/ITS/From_AProVE_2014__juHashMapCreateContainsValue.jar-obl-11__p32062_safety_0.smt2,60.1335,792,6574,成功
/pub/data/jiafq/iscas/Parser_Comparison/../benchmarks/part57/non-incremental/QF_NIA/20170427-VeryMax/ITS/From_AProVE_2014__juHashMapCreateContainsValue.jar-obl-11__p32063_safety_0.smt2,91.9869,1056,9882,成功
/pub/data/jiafq/iscas/Parser_Comparison/../benchmarks/part57/non-incremental/QF_NIA/20170427-VeryMax/ITS/From_AProVE_2014__juHashMapCreateContainsValue.jar-obl-11__p32064_safety_0.smt2,67.1904,792,6667,成功
/pub/data/jiafq/iscas/Parser_Comparison/../benchmarks/part57/non-incremental/QF_NIA/20170427-VeryMax/ITS/From_AProVE_2014__juHashMapCreateContainsValue.jar-obl-11__p32065_safety_0.smt2,114.542,1320,12384,成功
/pub/data/jiafq/iscas/Parser_Comparison/../benchmarks/part57/non-incremental/QF_NIA/20170427-VeryMax/ITS/From_AProVE_2014__juHashMapCreateContainsValue.jar-obl-11__p32066_safety_0.smt2,171.348,1848,18951,成功
/pub/data/jiafq/iscas/Parser_Comparison/../benchmarks/part57/non-incremental/QF_NIA/20170427-VeryMax/ITS/From_AProVE_2014__juHashMapCreateContainsValue.jar-obl-11__p32067_safety_0.smt2,64.6174,792,6830,成功
/pub/data/jiafq/iscas/Parser_Comparison/../benchmarks/part57/non-incremental/QF_NIA/20170427-VeryMax/ITS/From_AProVE_2014__juHashMapCreateContainsValue.jar-obl-11__p32068_safety_0.smt2,117.212,1584,12637,成功
/pub/data/jiafq/iscas/Parser_Comparison/../benchmarks/part57/non-incremental/QF_NIA/20170427-VeryMax/ITS/From_AProVE_2014__juHashMapCreateContainsValue.jar-obl-11__p32069_safety_0.smt2,167.217,1848,19294,成功
/pub/data/jiafq/iscas/Parser_Comparison/../benchmarks/part57/non-incremental/QF_NIA/20170427-VeryMax/ITS/From_AProVE_2014__juHashMapCreateContainsValue.jar-obl-11__p32074_safety_0.smt2,82.1512,1056,8851,成功
/pub/data/jiafq/iscas/Parser_Comparison/../benchmarks/part57/non-incremental/QF_NIA/20170427-VeryMax/ITS/From_AProVE_2014__juHashMapCreateContainsValue.jar-obl-11__p32079_safety_0.smt2,79.6492,1056,8793,成功
/pub/data/jiafq/iscas/Parser_Comparison/../benchmarks/part57/non-incremental/QF_NIA/20170427-VeryMax/ITS/From_AProVE_2014__juHashMapCreateContainsValue.jar-obl-11__p32085_safety_0.smt2,57.6677,792,6320,成功
/pub/data/jiafq/iscas/Parser_Comparison/../benchmarks/part57/non-incremental/QF_NIA/20170427-VeryMax/ITS/From_AProVE_2014__juHashMapCreateContainsValue.jar-obl-11__p32086_safety_0.smt2,85.4483,1056,9520,成功
/pub/data/jiafq/iscas/Parser_Comparison/../benchmarks/part57/non-incremental/QF_NIA/20170427-VeryMax/ITS/From_AProVE_2014__juHashMapCreateContainsValue.jar-obl-11__p32088_safety_0.smt2,57.0955,792,6233,成功
/pub/data/jiafq/iscas/Parser_Comparison/../benchmarks/part57/non-incremental/QF_NIA/20170427-VeryMax/ITS/From_AProVE_2014__juHashMapCreateContainsValue.jar-obl-11__p32089_safety_0.smt2,84.0769,1056,9390,成功
/pub/data/jiafq/iscas/Parser_Comparison/../benchmarks/part57/non-incremental/QF_NIA/20170427-VeryMax/ITS/From_AProVE_2014__juHashMapCreateContainsValue.jar-obl-11__p32093_safety_0.smt2,58.466,792,6233,成功
/pub/data/jiafq/iscas/Parser_Comparison/../benchmarks/part57/non-incremental/QF_NIA/20170427-VeryMax/ITS/From_AProVE_2014__juHashMapCreateContainsValue.jar-obl-11__p32094_safety_0.smt2,85.7999,1056,9390,成功
/pub/data/jiafq/iscas/Parser_Comparison/../benchmarks/part57/non-incremental/QF_NIA/20170427-VeryMax/ITS/From_AProVE_2014__juHashMapCreateContainsValue.jar-obl-11__p32098_safety_0.smt2,60.3783,792,6532,成功
/pub/data/jiafq/iscas/Parser_Comparison/../benchmarks/part57/non-incremental/QF_NIA/20170427-VeryMax/ITS/From_AProVE_2014__juHashMapCreateContainsValue.jar-obl-11__p32099_safety_0.smt2,90.905,1056,9816,成功
/pub/data/jiafq/iscas/Parser_Comparison/../benchmarks/part57/non-incremental/QF_NIA/20170427-VeryMax/ITS/From_AProVE_2014__juHashMapCreateContainsValue.jar-obl-11__p320_safety_0.smt2,78.6176,1056,8278,成功
/pub/data/jiafq/iscas/Parser_Comparison/../benchmarks/part57/non-incremental/QF_NIA/20170427-VeryMax/ITS/From_AProVE_2014__juHashMapCreateContainsValue.jar-obl-11__p32102_safety_0.smt2,35.8918,528,3408,成功
/pub/data/jiafq/iscas/Parser_Comparison/../benchmarks/part57/non-incremental/QF_NIA/20170427-VeryMax/ITS/From_AProVE_2014__juHashMapCreateContainsValue.jar-obl-11__p32103_safety_0.smt2,56.7555,792,6243,成功
/pub/data/jiafq/iscas/Parser_Comparison/../benchmarks/part57/non-incremental/QF_NIA/20170427-VeryMax/ITS/From_AProVE_2014__juHashMapCreateContainsValue.jar-obl-11__p32104_safety_0.smt2,83.4541,1056,9406,成功
/pub/data/jiafq/iscas/Parser_Comparison/../benchmarks/part57/non-incremental/QF_NIA/20170427-VeryMax/ITS/From_AProVE_2014__juHashMapCreateContainsValue.jar-obl-11__p32107_safety_0.smt2,37.6532,528,3574,成功
/pub/data/jiafq/iscas/Parser_Comparison/../benchmarks/part57/non-incremental/QF_NIA/20170427-VeryMax/ITS/From_AProVE_2014__juHashMapCreateContainsValue.jar-obl-11__p32108_safety_0.smt2,60.7586,792,6530,成功
/pub/data/jiafq/iscas/Parser_Comparison/../benchmarks/part57/non-incremental/QF_NIA/20170427-VeryMax/ITS/From_AProVE_2014__juHashMapCreateContainsValue.jar-obl-11__p32109_safety_0.smt2,87.6493,1056,9814,成功
/pub/data/jiafq/iscas/Parser_Comparison/../benchmarks/part57/non-incremental/QF_NIA/20170427-VeryMax/ITS/From_AProVE_2014__juHashMapCreateContainsValue.jar-obl-11__p32110_safety_0.smt2,65.2564,792,6960,成功
/pub/data/jiafq/iscas/Parser_Comparison/../benchmarks/part57/non-incremental/QF_NIA/20170427-VeryMax/ITS/From_AProVE_2014__juHashMapCreateContainsValue.jar-obl-11__p32111_safety_0.smt2,116.983,1584,13036,成功
/pub/data/jiafq/iscas/Parser_Comparison/../benchmarks/part57/non-incremental/QF_NIA/20170427-VeryMax/ITS/From_AProVE_2014__juHashMapCreateContainsValue.jar-obl-11__p32112_safety_0.smt2,180.14,1848,19961,成功
/pub/data/jiafq/iscas/Parser_Comparison/../benchmarks/part57/non-incremental/QF_NIA/20170427-VeryMax/ITS/From_AProVE_2014__juHashMapCreateContainsValue.jar-obl-11__p32113_safety_0.smt2,67.2095,792,7021,成功
/pub/data/jiafq/iscas/Parser_Comparison/../benchmarks/part57/non-incremental/QF_NIA/20170427-VeryMax/ITS/From_AProVE_2014__juHashMapCreateContainsValue.jar-obl-11__p32114_safety_0.smt2,117.432,1584,13151,成功
/pub/data/jiafq/iscas/Parser_Comparison/../benchmarks/part57/non-incremental/QF_NIA/20170427-VeryMax/ITS/From_AProVE_2014__juHashMapCreateContainsValue.jar-obl-11__p32115_safety_0.smt2,170.526,1848,20130,成功
/pub/data/jiafq/iscas/Parser_Comparison/../benchmarks/part57/non-incremental/QF_NIA/20170427-VeryMax/ITS/From_AProVE_2014__juHashMapCreateContainsValue.jar-obl-11__p32120_safety_0.smt2,77.5833,1056,9111,成功
/pub/data/jiafq/iscas/Parser_Comparison/../benchmarks/part57/non-incremental/QF_NIA/20170427-VeryMax/ITS/From_AProVE_2014__juHashMapCreateContainsValue.jar-obl-11__p32124_safety_0.smt2,59.1295,792,6552,成功
/pub/data/jiafq/iscas/Parser_Comparison/../benchmarks/part57/non-incremental/QF_NIA/20170427-VeryMax/ITS/From_AProVE_2014__juHashMapCreateContainsValue.jar-obl-11__p32125_safety_0.smt2,90.1492,1056,9826,成功
/pub/data/jiafq/iscas/Parser_Comparison/../benchmarks/part57/non-incremental/QF_NIA/20170427-VeryMax/ITS/From_AProVE_2014__juHashMapCreateContainsValue.jar-obl-11__p32129_safety_0.smt2,60.2527,792,6580,成功
/pub/data/jiafq/iscas/Parser_Comparison/../benchmarks/part57/non-incremental/QF_NIA/20170427-VeryMax/ITS/From_AProVE_2014__juHashMapCreateContainsValue.jar-obl-11__p32130_safety_0.smt2,90.3306,1056,9866,成功
/pub/data/jiafq/iscas/Parser_Comparison/../benchmarks/part57/non-incremental/QF_NIA/20170427-VeryMax/ITS/From_AProVE_2014__juHashMapCreateContainsValue.jar-obl-11__p32133_safety_0.smt2,35.2933,528,3622,成功
/pub/data/jiafq/iscas/Parser_Comparison/../benchmarks/part57/non-incremental/QF_NIA/20170427-VeryMax/ITS/From_AProVE_2014__juHashMapCreateContainsValue.jar-obl-11__p32134_safety_0.smt2,59.3147,792,6580,成功
/pub/data/jiafq/iscas/Parser_Comparison/../benchmarks/part57/non-incremental/QF_NIA/20170427-VeryMax/ITS/From_AProVE_2014__juHashMapCreateContainsValue.jar-obl-11__p32135_safety_0.smt2,88.4407,1056,9866,成功
/pub/data/jiafq/iscas/Parser_Comparison/../benchmarks/part57/non-incremental/QF_NIA/20170427-VeryMax/ITS/From_AProVE_2014__juHashMapCreateContainsValue.jar-obl-11__p32139_safety_0.smt2,55.1531,792,5968,成功
/pub/data/jiafq/iscas/Parser_Comparison/../benchmarks/part57/non-incremental/QF_NIA/20170427-VeryMax/ITS/From_AProVE_2014__juHashMapCreateContainsValue.jar-obl-11__p32140_safety_0.smt2,76.555,1056,8905,成功
/pub/data/jiafq/iscas/Parser_Comparison/../benchmarks/part57/non-incremental/QF_NIA/20170427-VeryMax/ITS/From_AProVE_2014__juHashMapCreateContainsValue.jar-obl-11__p32144_safety_0.smt2,60.7619,792,6385,成功
/pub/data/jiafq/iscas/Parser_Comparison/../benchmarks/part57/non-incremental/QF_NIA/20170427-VeryMax/ITS/From_AProVE_2014__juHashMapCreateContainsValue.jar-obl-11__p32145_safety_0.smt2,84.7385,1056,9597,成功
/pub/data/jiafq/iscas/Parser_Comparison/../benchmarks/part57/non-incremental/QF_NIA/20170427-VeryMax/ITS/From_AProVE_2014__juHashMapCreateContainsValue.jar-obl-11__p32149_safety_0.smt2,57.7796,792,6395,成功
/pub/data/jiafq/iscas/Parser_Comparison/../benchmarks/part57/non-incremental/QF_NIA/20170427-VeryMax/ITS/From_AProVE_2014__juHashMapCreateContainsValue.jar-obl-11__p32150_safety_0.smt2,84.0003,1056,9613,成功
/pub/data/jiafq/iscas/Parser_Comparison/../benchmarks/part57/non-incremental/QF_NIA/20170427-VeryMax/ITS/From_AProVE_2014__juHashMapCreateContainsValue.jar-obl-11__p32153_safety_0.smt2,35.4257,528,3505,成功
/pub/data/jiafq/iscas/Parser_Comparison/../benchmarks/part57/non-incremental/QF_NIA/20170427-VeryMax/ITS/From_AProVE_2014__juHashMapCreateContainsValue.jar-obl-11__p32154_safety_0.smt2,62.077,792,6395,成功
/pub/data/jiafq/iscas/Parser_Comparison/../benchmarks/part57/non-incremental/QF_NIA/20170427-VeryMax/ITS/From_AProVE_2014__juHashMapCreateContainsValue.jar-obl-11__p32155_safety_0.smt2,88.316,1056,9613,成功
/pub/data/jiafq/iscas/Parser_Comparison/../benchmarks/part57/non-incremental/QF_NIA/20170427-VeryMax/ITS/From_AProVE_2014__juHashMapCreateContainsValue.jar-obl-11__p32156_safety_0.smt2,69.3467,1056,7310,成功
/pub/data/jiafq/iscas/Parser_Comparison/../benchmarks/part57/non-incremental/QF_NIA/20170427-VeryMax/ITS/From_AProVE_2014__juHashMapCreateContainsValue.jar-obl-11__p32157_safety_0.smt2,123.888,1584,13617,成功
/pub/data/jiafq/iscas/Parser_Comparison/../benchmarks/part57/non-incremental/QF_NIA/20170427-VeryMax/ITS/From_AProVE_2014__juHashMapCreateContainsValue.jar-obl-11__p32158_safety_0.smt2,180.532,2112,20773,成功
/pub/data/jiafq/iscas/Parser_Comparison/../benchmarks/part57/non-incremental/QF_NIA/20170427-VeryMax/ITS/From_AProVE_2014__juHashMapCreateContainsValue.jar-obl-11__p32162_safety_0.smt2,52.5272,792,5271,成功
/pub/data/jiafq/iscas/Parser_Comparison/../benchmarks/part57/non-incremental/QF_NIA/20170427-VeryMax/ITS/From_AProVE_2014__juHashMapCreateContainsValue.jar-obl-11__p32166_safety_0.smt2,51.0623,792,5462,成功
/pub/data/jiafq/iscas/Parser_Comparison/../benchmarks/part57/non-incremental/QF_NIA/20170427-VeryMax/ITS/From_AProVE_2014__juHashMapCreateContainsValue.jar-obl-11__p32167_safety_0.smt2,77.2893,1056,8232,成功
/pub/data/jiafq/iscas/Parser_Comparison/../benchmarks/part57/non-incremental/QF_NIA/20170427-VeryMax/ITS/From_AProVE_2014__juHashMapCreateContainsValue.jar-obl-11__p32169_safety_0.smt2,51.9183,792,5462,成功
/pub/data/jiafq/iscas/Parser_Comparison/../benchmarks/part57/non-incremental/QF_NIA/20170427-VeryMax/ITS/From_AProVE_2014__juHashMapCreateContainsValue.jar-obl-11__p32170_safety_0.smt2,76.0846,1056,8232,成功
/pub/data/jiafq/iscas/Parser_Comparison/../benchmarks/part57/non-incremental/QF_NIA/20170427-VeryMax/ITS/From_AProVE_2014__juHashMapCreateContainsValue.jar-obl-11__p32171_safety_0.smt2,67.03,792,7022,成功
/pub/data/jiafq/iscas/Parser_Comparison/../benchmarks/part57/non-incremental/QF_NIA/20170427-VeryMax/ITS/From_AProVE_2014__juHashMapCreateContainsValue.jar-obl-11__p32172_safety_0.smt2,119.071,1584,13152,成功
/pub/data/jiafq/iscas/Parser_Comparison/../benchmarks/part57/non-incremental/QF_NIA/20170427-VeryMax/ITS/From_AProVE_2014__juHashMapCreateContainsValue.jar-obl-11__p32173_safety_0.smt2,179.417,1848,20131,成功
/pub/data/jiafq/iscas/Parser_Comparison/../benchmarks/part57/non-incremental/QF_NIA/20170427-VeryMax/ITS/From_AProVE_2014__juHashMapCreateContainsValue.jar-obl-11__p32174_safety_0.smt2,33.5181,528,3021,成功
/pub/data/jiafq/iscas/Parser_Comparison/../benchmarks/part57/non-incremental/QF_NIA/20170427-VeryMax/ITS/From_AProVE_2014__juHashMapCreateContainsValue.jar-obl-11__p32175_safety_0.smt2,50.801,792,5467,成功
/pub/data/jiafq/iscas/Parser_Comparison/../benchmarks/part57/non-incremental/QF_NIA/20170427-VeryMax/ITS/From_AProVE_2014__juHashMapCreateContainsValue.jar-obl-11__p32176_safety_0.smt2,74.5201,1056,8240,成功
/pub/data/jiafq/iscas/Parser_Comparison/../benchmarks/part57/non-incremental/QF_NIA/20170427-VeryMax/ITS/From_AProVE_2014__juHashMapCreateContainsValue.jar-obl-11__p32180_safety_0.smt2,53.0417,792,5892,成功
/pub/data/jiafq/iscas/Parser_Comparison/../benchmarks/part57/non-incremental/QF_NIA/20170427-VeryMax/ITS/From_AProVE_2014__juHashMapCreateContainsValue.jar-obl-11__p32185_safety_0.smt2,59.5472,792,6259,成功
/pub/data/jiafq/iscas/Parser_Comparison/../benchmarks/part57/non-incremental/QF_NIA/20170427-VeryMax/ITS/From_AProVE_2014__juHashMapCreateContainsValue.jar-obl-11__p32186_safety_0.smt2,85.6421,1056,9422,成功
/pub/data/jiafq/iscas/Parser_Comparison/../benchmarks/part57/non-incremental/QF_NIA/20170427-VeryMax/ITS/From_AProVE_2014__juHashMapCreateContainsValue.jar-obl-11__p32190_safety_0.smt2,59.1779,792,6287,成功
/pub/data/jiafq/iscas/Parser_Comparison/../benchmarks/part57/non-incremental/QF_NIA/20170427-VeryMax/ITS/From_AProVE_2014__juHashMapCreateContainsValue.jar-obl-11__p32191_safety_0.smt2,87.5261,1056,9462,成功
/pub/data/jiafq/iscas/Parser_Comparison/../benchmarks/part57/non-incremental/QF_NIA/20170427-VeryMax/ITS/From_AProVE_2014__juHashMapCreateContainsValue.jar-obl-11__p32194_safety_0.smt2,33.7176,528,3440,成功
/pub/data/jiafq/iscas/Parser_Comparison/../benchmarks/part57/non-incremental/QF_NIA/20170427-VeryMax/ITS/From_AProVE_2014__juHashMapCreateContainsValue.jar-obl-11__p32195_safety_0.smt2,60.5383,792,6287,成功
/pub/data/jiafq/iscas/Parser_Comparison/../benchmarks/part57/non-incremental/QF_NIA/20170427-VeryMax/ITS/From_AProVE_2014__juHashMapCreateContainsValue.jar-obl-11__p32196_safety_0.smt2,88.9599,1056,9462,成功
/pub/data/jiafq/iscas/Parser_Comparison/../benchmarks/part57/non-incremental/QF_NIA/20170427-VeryMax/ITS/From_AProVE_2014__juHashMapCreateContainsValue.jar-obl-11__p32199_terminationG_0.smt2,140.335,2112,12517,成功
/pub/data/jiafq/iscas/Parser_Comparison/../benchmarks/part57/non-incremental/QF_NIA/20170427-VeryMax/ITS/From_AProVE_2014__juHashMapCreateContainsValue.jar-obl-11__p32200_terminationG_0.smt2,184.646,2904,18249,成功
/pub/data/jiafq/iscas/Parser_Comparison/../benchmarks/part57/non-incremental/QF_NIA/20170427-VeryMax/ITS/From_AProVE_2014__juHashMapCreateContainsValue.jar-obl-11__p32201_terminationG_0.smt2,244.232,3376,24705,成功
/pub/data/jiafq/iscas/Parser_Comparison/../benchmarks/part57/non-incremental/QF_NIA/20170427-VeryMax/ITS/From_AProVE_2014__juHashMapCreateContainsValue.jar-obl-11__p32211_safety_0.smt2,53.9298,792,5907,成功
/pub/data/jiafq/iscas/Parser_Comparison/../benchmarks/part57/non-incremental/QF_NIA/20170427-VeryMax/ITS/From_AProVE_2014__juHashMapCreateContainsValue.jar-obl-11__p32212_safety_0.smt2,79.428,1056,8828,成功
/pub/data/jiafq/iscas/Parser_Comparison/../benchmarks/part57/non-incremental/QF_NIA/20170427-VeryMax/ITS/From_AProVE_2014__juHashMapCreateContainsValue.jar-obl-11__p32213_safety_0.smt2,75.6993,1056,8810,成功
/pub/data/jiafq/iscas/Parser_Comparison/../benchmarks/part57/non-incremental/QF_NIA/20170427-VeryMax/ITS/From_AProVE_2014__juHashMapCreateContainsValue.jar-obl-11__p32219_safety_0.smt2,57.9262,792,6311,成功
/pub/data/jiafq/iscas/Parser_Comparison/../benchmarks/part57/non-incremental/QF_NIA/20170427-VeryMax/ITS/From_AProVE_2014__juHashMapCreateContainsValue.jar-obl-11__p32220_safety_0.smt2,85.1109,1056,9499,成功
/pub/data/jiafq/iscas/Parser_Comparison/../benchmarks/part57/non-incremental/QF_NIA/20170427-VeryMax/ITS/From_AProVE_2014__juHashMapCreateContainsValue.jar-obl-11__p32223_safety_0.smt2,86.4127,1056,9439,成功
/pub/data/jiafq/iscas/Parser_Comparison/../benchmarks/part57/non-incremental/QF_NIA/20170427-VeryMax/ITS/From_AProVE_2014__juHashMapCreateContainsValue.jar-obl-11__p32231_safety_0.smt2,83.2329,1056,9455,成功
/pub/data/jiafq/iscas/Parser_Comparison/../benchmarks/part57/non-incremental/QF_NIA/20170427-VeryMax/ITS/From_AProVE_2014__juHashMapCreateContainsValue.jar-obl-11__p32232_safety_0.smt2,56.453,792,6321,成功
/pub/data/jiafq/iscas/Parser_Comparison/../benchmarks/part57/non-incremental/QF_NIA/20170427-VeryMax/ITS/From_AProVE_2014__juHashMapCreateContainsValue.jar-obl-11__p32233_safety_0.smt2,86.3659,1056,9515,成功
/pub/data/jiafq/iscas/Parser_Comparison/../benchmarks/part57/non-incremental/QF_NIA/20170427-VeryMax/ITS/From_AProVE_2014__juHashMapCreateContainsValue.jar-obl-11__p32238_safety_0.smt2,34.3516,528,3455,成功
/pub/data/jiafq/iscas/Parser_Comparison/../benchmarks/part57/non-incremental/QF_NIA/20170427-VeryMax/ITS/From_AProVE_2014__juHashMapCreateContainsValue.jar-obl-11__p32239_safety_0.smt2,57.2112,792,6321,成功
/pub/data/jiafq/iscas/Parser_Comparison/../benchmarks/part57/non-incremental/QF_NIA/20170427-VeryMax/ITS/From_AProVE_2014__juHashMapCreateContainsValue.jar-obl-11__p32240_safety_0.smt2,83.0643,1056,9515,成功
/pub/data/jiafq/iscas/Parser_Comparison/../benchmarks/part57/non-incremental/QF_NIA/20170427-VeryMax/ITS/From_AProVE_2014__juHashMapCreateContainsValue.jar-obl-11__p32241_safety_0.smt2,33.8855,528,3419,成功
/pub/data/jiafq/iscas/Parser_Comparison/../benchmarks/part57/non-incremental/QF_NIA/20170427-VeryMax/ITS/From_AProVE_2014__juHashMapCreateContainsValue.jar-obl-11__p32242_safety_0.smt2,56.5159,792,6273,成功
/pub/data/jiafq/iscas/Parser_Comparison/../benchmarks/part57/non-incremental/QF_NIA/20170427-VeryMax/ITS/From_AProVE_2014__juHashMapCreateContainsValue.jar-obl-11__p32243_safety_0.smt2,81.9476,1056,9455,成功
/pub/data/jiafq/iscas/Parser_Comparison/../benchmarks/part57/non-incremental/QF_NIA/20170427-VeryMax/ITS/From_AProVE_2014__juHashMapCreateContainsValue.jar-obl-11__p32245_safety_0.smt2,114.297,1584,12986,成功
/pub/data/jiafq/iscas/Parser_Comparison/../benchmarks/part57/non-incremental/QF_NIA/20170427-VeryMax/ITS/From_AProVE_2014__juHashMapCreateContainsValue.jar-obl-11__p32246_safety_0.smt2,168.479,2112,19763,成功
/pub/data/jiafq/iscas/Parser_Comparison/../benchmarks/part57/non-incremental/QF_NIA/20170427-VeryMax/ITS/From_AProVE_2014__juHashMapCreateContainsValue.jar-obl-11__p32247_safety_0.smt2,63.288,792,6896,成功
/pub/data/jiafq/iscas/Parser_Comparison/../benchmarks/part57/non-incremental/QF_NIA/20170427-VeryMax/ITS/From_AProVE_2014__juHashMapCreateContainsValue.jar-obl-11__p32248_safety_0.smt2,114.177,1584,12733,成功
/pub/data/jiafq/iscas/Parser_Comparison/../benchmarks/part57/non-incremental/QF_NIA/20170427-VeryMax/ITS/From_AProVE_2014__juHashMapCreateContainsValue.jar-obl-11__p32249_safety_0.smt2,166.993,1848,19420,成功
/pub/data/jiafq/iscas/Parser_Comparison/../benchmarks/part57/non-incremental/QF_NIA/20170427-VeryMax/ITS/From_AProVE_2014__juHashMapCreateContainsValue.jar-obl-11__p32253_safety_0.smt2,54.2409,792,5979,成功
/pub/data/jiafq/iscas/Parser_Comparison/../benchmarks/part57/non-incremental/QF_NIA/20170427-VeryMax/ITS/From_AProVE_2014__juHashMapCreateContainsValue.jar-obl-11__p32254_safety_0.smt2,77.424,1056,8916,成功
/pub/data/jiafq/iscas/Parser_Comparison/../benchmarks/part57/non-incremental/QF_NIA/20170427-VeryMax/ITS/From_AProVE_2014__juHashMapCreateContainsValue.jar-obl-11__p32258_safety_0.smt2,54.8873,792,6107,成功
/pub/data/jiafq/iscas/Parser_Comparison/../benchmarks/part57/non-incremental/QF_NIA/20170427-VeryMax/ITS/From_AProVE_2014__juHashMapCreateContainsValue.jar-obl-11__p32259_safety_0.smt2,78.5649,1056,9093,成功
/pub/data/jiafq/iscas/Parser_Comparison/../benchmarks/part57/non-incremental/QF_NIA/20170427-VeryMax/ITS/From_AProVE_2014__juHashMapCreateContainsValue.jar-obl-11__p32263_safety_0.smt2,58.6233,792,6378,成功
/pub/data/jiafq/iscas/Parser_Comparison/../benchmarks/part57/non-incremental/QF_NIA/20170427-VeryMax/ITS/From_AProVE_2014__juHashMapCreateContainsValue.jar-obl-11__p32264_safety_0.smt2,85.3822,1056,9584,成功
/pub/data/jiafq/iscas/Parser_Comparison/../benchmarks/part57/non-incremental/QF_NIA/20170427-VeryMax/ITS/From_AProVE_2014__juHashMapCreateContainsValue.jar-obl-11__p32268_safety_0.smt2,61.6722,792,6522,成功
/pub/data/jiafq/iscas/Parser_Comparison/../benchmarks/part57/non-incremental/QF_NIA/20170427-VeryMax/ITS/From_AProVE_2014__juHashMapCreateContainsValue.jar-obl-11__p32269_safety_0.smt2,85.8796,1056,9790,成功
/pub/data/jiafq/iscas/Parser_Comparison/../benchmarks/part57/non-incremental/QF_NIA/20170427-VeryMax/ITS/From_AProVE_2014__juHashMapCreateContainsValue.jar-obl-11__p32275_safety_0.smt2,61.8098,792,6590,成功
/pub/data/jiafq/iscas/Parser_Comparison/../benchmarks/part57/non-incremental/QF_NIA/20170427-VeryMax/ITS/From_AProVE_2014__juHashMapCreateContainsValue.jar-obl-11__p32276_safety_0.smt2,88.2764,1056,9880,成功
/pub/data/jiafq/iscas/Parser_Comparison/../benchmarks/part57/non-incremental/QF_NIA/20170427-VeryMax/ITS/From_AProVE_2014__juHashMapCreateContainsValue.jar-obl-11__p32277_safety_0.smt2,36.6824,528,3586,成功
/pub/data/jiafq/iscas/Parser_Comparison/../benchmarks/part57/non-incremental/QF_NIA/20170427-VeryMax/ITS/From_AProVE_2014__juHashMapCreateContainsValue.jar-obl-11__p32278_safety_0.smt2,60.4057,792,6532,成功
/pub/data/jiafq/iscas/Parser_Comparison/../benchmarks/part57/non-incremental/QF_NIA/20170427-VeryMax/ITS/From_AProVE_2014__juHashMapCreateContainsValue.jar-obl-11__p32279_safety_0.smt2,86.3123,1056,9806,成功
/pub/data/jiafq/iscas/Parser_Comparison/../benchmarks/part57/non-incremental/QF_NIA/20170427-VeryMax/ITS/From_AProVE_2014__juHashMapCreateContainsValue.jar-obl-11__p32282_safety_0.smt2,35.9716,528,3626,成功
/pub/data/jiafq/iscas/Parser_Comparison/../benchmarks/part57/non-incremental/QF_NIA/20170427-VeryMax/ITS/From_AProVE_2014__juHashMapCreateContainsValue.jar-obl-11__p32283_safety_0.smt2,61.5847,792,6588,成功
/pub/data/jiafq/iscas/Parser_Comparison/../benchmarks/part57/non-incremental/QF_NIA/20170427-VeryMax/ITS/From_AProVE_2014__juHashMapCreateContainsValue.jar-obl-11__p32284_safety_0.smt2,85.1138,1056,9878,成功
/pub/data/jiafq/iscas/Parser_Comparison/../benchmarks/part57/non-incremental/QF_NIA/20170427-VeryMax/ITS/From_AProVE_2014__juHashMapCreateContainsValue.jar-obl-11__p32285_safety_0.smt2,68.5012,792,7353,成功
/pub/data/jiafq/iscas/Parser_Comparison/../benchmarks/part57/non-incremental/QF_NIA/20170427-VeryMax/ITS/From_AProVE_2014__juHashMapCreateContainsValue.jar-obl-11__p32286_safety_0.smt2,123.759,1584,13681,成功
/pub/data/jiafq/iscas/Parser_Comparison/../benchmarks/part57/non-incremental/QF_NIA/20170427-VeryMax/ITS/From_AProVE_2014__juHashMapCreateContainsValue.jar-obl-11__p32287_safety_0.smt2,181.321,1848,20858,成功
/pub/data/jiafq/iscas/Parser_Comparison/../benchmarks/part57/non-incremental/QF_NIA/20170427-VeryMax/ITS/From_AProVE_2014__juHashMapCreateContainsValue.jar-obl-11__p32288_safety_0.smt2,70.7316,1056,7420,成功
/pub/data/jiafq/iscas/Parser_Comparison/../benchmarks/part57/non-incremental/QF_NIA/20170427-VeryMax/ITS/From_AProVE_2014__juHashMapCreateContainsValue.jar-obl-11__p32289_safety_0.smt2,124.874,1584,13781,成功
/pub/data/jiafq/iscas/Parser_Comparison/../benchmarks/part57/non-incremental/QF_NIA/20170427-VeryMax/ITS/From_AProVE_2014__juHashMapCreateContainsValue.jar-obl-11__p32290_safety_0.smt2,181.79,2112,20991,成功
/pub/data/jiafq/iscas/Parser_Comparison/../benchmarks/part57/non-incremental/QF_NIA/20170427-VeryMax/ITS/From_AProVE_2014__juHashMapCreateContainsValue.jar-obl-11__p32295_safety_0.smt2,81.8722,1056,8922,成功
/pub/data/jiafq/iscas/Parser_Comparison/../benchmarks/part57/non-incremental/QF_NIA/20170427-VeryMax/ITS/From_AProVE_2014__juHashMapCreateContainsValue.jar-obl-11__p32299_safety_0.smt2,60.9667,792,6362,成功
/pub/data/jiafq/iscas/Parser_Comparison/../benchmarks/part57/non-incremental/QF_NIA/20170427-VeryMax/ITS/From_AProVE_2014__juHashMapCreateContainsValue.jar-obl-11__p322_safety_0.smt2,53.8182,792,5487,成功
/pub/data/jiafq/iscas/Parser_Comparison/../benchmarks/part57/non-incremental/QF_NIA/20170427-VeryMax/ITS/From_AProVE_2014__juHashMapCreateContainsValue.jar-obl-11__p32300_safety_0.smt2,83.8583,1056,9551,成功
/pub/data/jiafq/iscas/Parser_Comparison/../benchmarks/part57/non-incremental/QF_NIA/20170427-VeryMax/ITS/From_AProVE_2014__juHashMapCreateContainsValue.jar-obl-11__p32305_safety_0.smt2,71.2957,1056,8002,成功
/pub/data/jiafq/iscas/Parser_Comparison/../benchmarks/part57/non-incremental/QF_NIA/20170427-VeryMax/ITS/From_AProVE_2014__juHashMapCreateContainsValue.jar-obl-11__p32308_safety_0.smt2,34.6222,528,3499,成功
/pub/data/jiafq/iscas/Parser_Comparison/../benchmarks/part57/non-incremental/QF_NIA/20170427-VeryMax/ITS/From_AProVE_2014__juHashMapCreateContainsValue.jar-obl-11__p32309_safety_0.smt2,57.8902,792,6360,成功
/pub/data/jiafq/iscas/Parser_Comparison/../benchmarks/part57/non-incremental/QF_NIA/20170427-VeryMax/ITS/From_AProVE_2014__juHashMapCreateContainsValue.jar-obl-11__p32310_safety_0.smt2,83.3232,1056,9549,成功
/pub/data/jiafq/iscas/Parser_Comparison/../benchmarks/part57/non-incremental/QF_NIA/20170427-VeryMax/ITS/From_AProVE_2014__juHashMapCreateContainsValue.jar-obl-11__p32312_safety_0.smt2,52.8121,792,5493,成功
/pub/data/jiafq/iscas/Parser_Comparison/../benchmarks/part57/non-incremental/QF_NIA/20170427-VeryMax/ITS/From_AProVE_2014__juHashMapCreateContainsValue.jar-obl-11__p32313_safety_0.smt2,74.7979,1056,8281,成功
/pub/data/jiafq/iscas/Parser_Comparison/../benchmarks/part57/non-incremental/QF_NIA/20170427-VeryMax/ITS/From_AProVE_2014__juHashMapCreateContainsValue.jar-obl-11__p32315_safety_0.smt2,60.9438,792,5522,成功
/pub/data/jiafq/iscas/Parser_Comparison/../benchmarks/part57/non-incremental/QF_NIA/20170427-VeryMax/ITS/From_AProVE_2014__juHashMapCreateContainsValue.jar-obl-11__p32316_safety_0.smt2,75.2008,1056,8322,成功
/pub/data/jiafq/iscas/Parser_Comparison/../benchmarks/part57/non-incremental/QF_NIA/20170427-VeryMax/ITS/From_AProVE_2014__juHashMapCreateContainsValue.jar-obl-11__p32317_safety_0.smt2,33.0057,528,3049,成功
/pub/data/jiafq/iscas/Parser_Comparison/../benchmarks/part57/non-incremental/QF_NIA/20170427-VeryMax/ITS/From_AProVE_2014__juHashMapCreateContainsValue.jar-obl-11__p32318_safety_0.smt2,52.1028,792,5522,成功
/pub/data/jiafq/iscas/Parser_Comparison/../benchmarks/part57/non-incremental/QF_NIA/20170427-VeryMax/ITS/From_AProVE_2014__juHashMapCreateContainsValue.jar-obl-11__p32319_safety_0.smt2,75.9194,1056,8322,成功
/pub/data/jiafq/iscas/Parser_Comparison/../benchmarks/part57/non-incremental/QF_NIA/20170427-VeryMax/ITS/From_AProVE_2014__juHashMapCreateContainsValue.jar-obl-11__p32320_safety_0.smt2,70.9488,1056,7603,成功
/pub/data/jiafq/iscas/Parser_Comparison/../benchmarks/part57/non-incremental/QF_NIA/20170427-VeryMax/ITS/From_AProVE_2014__juHashMapCreateContainsValue.jar-obl-11__p32321_safety_0.smt2,124.562,1584,14096,成功
/pub/data/jiafq/iscas/Parser_Comparison/../benchmarks/part57/non-incremental/QF_NIA/20170427-VeryMax/ITS/From_AProVE_2014__juHashMapCreateContainsValue.jar-obl-11__p32322_safety_0.smt2,184.84,2112,21438,成功
/pub/data/jiafq/iscas/Parser_Comparison/../benchmarks/part57/non-incremental/QF_NIA/20170427-VeryMax/ITS/From_AProVE_2014__juHashMapCreateContainsValue.jar-obl-11__p32331_safety_0.smt2,58.0149,792,6416,成功
/pub/data/jiafq/iscas/Parser_Comparison/../benchmarks/part57/non-incremental/QF_NIA/20170427-VeryMax/ITS/From_AProVE_2014__juHashMapCreateContainsValue.jar-obl-11__p32332_safety_0.smt2,83.8597,1056,9613,成功
/pub/data/jiafq/iscas/Parser_Comparison/../benchmarks/part57/non-incremental/QF_NIA/20170427-VeryMax/ITS/From_AProVE_2014__juHashMapCreateContainsValue.jar-obl-11__p32333_safety_0.smt2,73.0391,1052,7670,成功
/pub/data/jiafq/iscas/Parser_Comparison/../benchmarks/part57/non-incremental/QF_NIA/20170427-VeryMax/ITS/From_AProVE_2014__juHashMapCreateContainsValue.jar-obl-11__p32334_safety_0.smt2,126.161,1584,14196,成功
/pub/data/jiafq/iscas/Parser_Comparison/../benchmarks/part57/non-incremental/QF_NIA/20170427-VeryMax/ITS/From_AProVE_2014__juHashMapCreateContainsValue.jar-obl-11__p32335_safety_0.smt2,191.712,2112,21571,成功
/pub/data/jiafq/iscas/Parser_Comparison/../benchmarks/part57/non-incremental/QF_NIA/20170427-VeryMax/ITS/From_AProVE_2014__juHashMapCreateContainsValue.jar-obl-11__p32339_safety_0.smt2,60.1008,792,6416,成功
/pub/data/jiafq/iscas/Parser_Comparison/../benchmarks/part57/non-incremental/QF_NIA/20170427-VeryMax/ITS/From_AProVE_2014__juHashMapCreateContainsValue.jar-obl-11__p32340_safety_0.smt2,83.796,1056,9613,成功
/pub/data/jiafq/iscas/Parser_Comparison/../benchmarks/part57/non-incremental/QF_NIA/20170427-VeryMax/ITS/From_AProVE_2014__juHashMapCreateContainsValue.jar-obl-11__p32345_safety_0.smt2,35.3618,528,3551,成功
/pub/data/jiafq/iscas/Parser_Comparison/../benchmarks/part57/non-incremental/QF_NIA/20170427-VeryMax/ITS/From_AProVE_2014__juHashMapCreateContainsValue.jar-obl-11__p32346_safety_0.smt2,60.4513,792,6426,成功
/pub/data/jiafq/iscas/Parser_Comparison/../benchmarks/part57/non-incremental/QF_NIA/20170427-VeryMax/ITS/From_AProVE_2014__juHashMapCreateContainsValue.jar-obl-11__p32347_safety_0.smt2,85.6953,1056,9629,成功
/pub/data/jiafq/iscas/Parser_Comparison/../benchmarks/part57/non-incremental/QF_NIA/20170427-VeryMax/ITS/From_AProVE_2014__juHashMapCreateContainsValue.jar-obl-11__p32354_safety_0.smt2,59.1679,792,6550,成功
/pub/data/jiafq/iscas/Parser_Comparison/../benchmarks/part57/non-incremental/QF_NIA/20170427-VeryMax/ITS/From_AProVE_2014__juHashMapCreateContainsValue.jar-obl-11__p32355_safety_0.smt2,87.5778,1056,9797,成功
/pub/data/jiafq/iscas/Parser_Comparison/../benchmarks/part57/non-incremental/QF_NIA/20170427-VeryMax/ITS/From_AProVE_2014__juHashMapCreateContainsValue.jar-obl-11__p32359_safety_0.smt2,59.1202,1056,6550,成功
/pub/data/jiafq/iscas/Parser_Comparison/../benchmarks/part57/non-incremental/QF_NIA/20170427-VeryMax/ITS/From_AProVE_2014__juHashMapCreateContainsValue.jar-obl-11__p32360_safety_0.smt2,87.1055,1056,9797,成功
/pub/data/jiafq/iscas/Parser_Comparison/../benchmarks/part57/non-incremental/QF_NIA/20170427-VeryMax/ITS/From_AProVE_2014__juHashMapCreateContainsValue.jar-obl-11__p32363_safety_0.smt2,36.3777,528,3635,成功
/pub/data/jiafq/iscas/Parser_Comparison/../benchmarks/part57/non-incremental/QF_NIA/20170427-VeryMax/ITS/From_AProVE_2014__juHashMapCreateContainsValue.jar-obl-11__p32364_safety_0.smt2,60.1156,792,6560,成功
/pub/data/jiafq/iscas/Parser_Comparison/../benchmarks/part57/non-incremental/QF_NIA/20170427-VeryMax/ITS/From_AProVE_2014__juHashMapCreateContainsValue.jar-obl-11__p32365_safety_0.smt2,84.7535,1056,9813,成功
/pub/data/jiafq/iscas/Parser_Comparison/../benchmarks/part57/non-incremental/QF_NIA/20170427-VeryMax/ITS/From_AProVE_2014__juHashMapCreateContainsValue.jar-obl-11__p32368_terminationG_0.smt2,131.243,2112,12535,成功
/pub/data/jiafq/iscas/Parser_Comparison/../benchmarks/part57/non-incremental/QF_NIA/20170427-VeryMax/ITS/From_AProVE_2014__juHashMapCreateContainsValue.jar-obl-11__p32369_terminationG_0.smt2,185.901,2904,18267,成功
/pub/data/jiafq/iscas/Parser_Comparison/../benchmarks/part57/non-incremental/QF_NIA/20170427-VeryMax/ITS/From_AProVE_2014__juHashMapCreateContainsValue.jar-obl-11__p32370_terminationG_0.smt2,245.135,3376,24723,成功
/pub/data/jiafq/iscas/Parser_Comparison/../benchmarks/part57/non-incremental/QF_NIA/20170427-VeryMax/ITS/From_AProVE_2014__juHashMapCreateContainsValue.jar-obl-11__p32381_safety_0.smt2,78.5956,1056,8939,成功
/pub/data/jiafq/iscas/Parser_Comparison/../benchmarks/part57/non-incremental/QF_NIA/20170427-VeryMax/ITS/From_AProVE_2014__juHashMapCreateContainsValue.jar-obl-11__p32382_safety_0.smt2,78.4535,1056,8957,成功
/pub/data/jiafq/iscas/Parser_Comparison/../benchmarks/part57/non-incremental/QF_NIA/20170427-VeryMax/ITS/From_AProVE_2014__juHashMapCreateContainsValue.jar-obl-11__p32386_safety_0.smt2,58.5341,792,6407,成功
/pub/data/jiafq/iscas/Parser_Comparison/../benchmarks/part57/non-incremental/QF_NIA/20170427-VeryMax/ITS/From_AProVE_2014__juHashMapCreateContainsValue.jar-obl-11__p32387_safety_0.smt2,82.8569,1056,9625,成功
/pub/data/jiafq/iscas/Parser_Comparison/../benchmarks/part57/non-incremental/QF_NIA/20170427-VeryMax/ITS/From_AProVE_2014__juHashMapCreateContainsValue.jar-obl-11__p32392_safety_0.smt2,87.738,1056,9625,成功
/pub/data/jiafq/iscas/Parser_Comparison/../benchmarks/part57/non-incremental/QF_NIA/20170427-VeryMax/ITS/From_AProVE_2014__juHashMapCreateContainsValue.jar-obl-11__p32396_safety_0.smt2,58.4545,792,6417,成功
/pub/data/jiafq/iscas/Parser_Comparison/../benchmarks/part57/non-incremental/QF_NIA/20170427-VeryMax/ITS/From_AProVE_2014__juHashMapCreateContainsValue.jar-obl-11__p32397_safety_0.smt2,84.5816,1056,9641,成功
/pub/data/jiafq/iscas/Parser_Comparison/../benchmarks/part57/non-incremental/QF_NIA/20170427-VeryMax/ITS/From_AProVE_2014__juHashMapCreateContainsValue.jar-obl-11__p323_safety_0.smt2,74.0902,1056,8260,成功
/pub/data/jiafq/iscas/Parser_Comparison/../benchmarks/part57/non-incremental/QF_NIA/20170427-VeryMax/ITS/From_AProVE_2014__juHashMapCreateContainsValue.jar-obl-11__p32401_safety_0.smt2,59.4327,792,6429,成功
/pub/data/jiafq/iscas/Parser_Comparison/../benchmarks/part57/non-incremental/QF_NIA/20170427-VeryMax/ITS/From_AProVE_2014__juHashMapCreateContainsValue.jar-obl-11__p32402_safety_0.smt2,83.9517,1056,9665,成功
/pub/data/jiafq/iscas/Parser_Comparison/../benchmarks/part57/non-incremental/QF_NIA/20170427-VeryMax/ITS/From_AProVE_2014__juHashMapCreateContainsValue.jar-obl-11__p32407_safety_0.smt2,37.8332,528,3521,成功
/pub/data/jiafq/iscas/Parser_Comparison/../benchmarks/part57/non-incremental/QF_NIA/20170427-VeryMax/ITS/From_AProVE_2014__juHashMapCreateContainsValue.jar-obl-11__p32408_safety_0.smt2,64.1651,792,6417,成功
/pub/data/jiafq/iscas/Parser_Comparison/../benchmarks/part57/non-incremental/QF_NIA/20170427-VeryMax/ITS/From_AProVE_2014__juHashMapCreateContainsValue.jar-obl-11__p32409_safety_0.smt2,84.0034,1056,9641,成功
/pub/data/jiafq/iscas/Parser_Comparison/../benchmarks/part57/non-incremental/QF_NIA/20170427-VeryMax/ITS/From_AProVE_2014__juHashMapCreateContainsValue.jar-obl-11__p32410_safety_0.smt2,34.5976,528,3521,成功
/pub/data/jiafq/iscas/Parser_Comparison/../benchmarks/part57/non-incremental/QF_NIA/20170427-VeryMax/ITS/From_AProVE_2014__juHashMapCreateContainsValue.jar-obl-11__p32411_safety_0.smt2,57.5769,792,6429,成功
/pub/data/jiafq/iscas/Parser_Comparison/../benchmarks/part57/non-incremental/QF_NIA/20170427-VeryMax/ITS/From_AProVE_2014__juHashMapCreateContainsValue.jar-obl-11__p32412_safety_0.smt2,84.4119,1056,9665,成功
/pub/data/jiafq/iscas/Parser_Comparison/../benchmarks/part57/non-incremental/QF_NIA/20170427-VeryMax/ITS/From_AProVE_2014__juHashMapCreateContainsValue.jar-obl-11__p32413_safety_0.smt2,67.6508,1056,7327,成功
/pub/data/jiafq/iscas/Parser_Comparison/../benchmarks/part57/non-incremental/QF_NIA/20170427-VeryMax/ITS/From_AProVE_2014__juHashMapCreateContainsValue.jar-obl-11__p32414_safety_0.smt2,120.92,1584,13404,成功
/pub/data/jiafq/iscas/Parser_Comparison/../benchmarks/part57/non-incremental/QF_NIA/20170427-VeryMax/ITS/From_AProVE_2014__juHashMapCreateContainsValue.jar-obl-11__p32415_safety_0.smt2,173.71,2112,20331,成功
/pub/data/jiafq/iscas/Parser_Comparison/../benchmarks/part57/non-incremental/QF_NIA/20170427-VeryMax/ITS/From_AProVE_2014__juHashMapCreateContainsValue.jar-obl-11__p32416_safety_0.smt2,65.9313,792,7164,成功
/pub/data/jiafq/iscas/Parser_Comparison/../benchmarks/part57/non-incremental/QF_NIA/20170427-VeryMax/ITS/From_AProVE_2014__juHashMapCreateContainsValue.jar-obl-11__p32417_safety_0.smt2,114.819,1584,13151,成功
/pub/data/jiafq/iscas/Parser_Comparison/../benchmarks/part57/non-incremental/QF_NIA/20170427-VeryMax/ITS/From_AProVE_2014__juHashMapCreateContainsValue.jar-obl-11__p32418_safety_0.smt2,167.984,2112,19988,成功
/pub/data/jiafq/iscas/Parser_Comparison/../benchmarks/part57/non-incremental/QF_NIA/20170427-VeryMax/ITS/From_AProVE_2014__juHashMapCreateContainsValue.jar-obl-11__p32425_safety_0.smt2,79.8876,1056,8847,成功
/pub/data/jiafq/iscas/Parser_Comparison/../benchmarks/part57/non-incremental/QF_NIA/20170427-VeryMax/ITS/From_AProVE_2014__juHashMapCreateContainsValue.jar-obl-11__p32427_safety_0.smt2,53.0059,792,5914,成功
/pub/data/jiafq/iscas/Parser_Comparison/../benchmarks/part57/non-incremental/QF_NIA/20170427-VeryMax/ITS/From_AProVE_2014__juHashMapCreateContainsValue.jar-obl-11__p32433_safety_0.smt2,84.686,1056,9462,成功
/pub/data/jiafq/iscas/Parser_Comparison/../benchmarks/part57/non-incremental/QF_NIA/20170427-VeryMax/ITS/From_AProVE_2014__juHashMapCreateContainsValue.jar-obl-11__p32437_safety_0.smt2,56.6158,792,6269,成功
/pub/data/jiafq/iscas/Parser_Comparison/../benchmarks/part57/non-incremental/QF_NIA/20170427-VeryMax/ITS/From_AProVE_2014__juHashMapCreateContainsValue.jar-obl-11__p32438_safety_0.smt2,82.866,1056,9426,成功
/pub/data/jiafq/iscas/Parser_Comparison/../benchmarks/part57/non-incremental/QF_NIA/20170427-VeryMax/ITS/From_AProVE_2014__juHashMapCreateContainsValue.jar-obl-11__p32442_safety_0.smt2,58.3344,792,6297,成功
/pub/data/jiafq/iscas/Parser_Comparison/../benchmarks/part57/non-incremental/QF_NIA/20170427-VeryMax/ITS/From_AProVE_2014__juHashMapCreateContainsValue.jar-obl-11__p32443_safety_0.smt2,84.1532,1056,9460,成功
/pub/data/jiafq/iscas/Parser_Comparison/../benchmarks/part57/non-incremental/QF_NIA/20170427-VeryMax/ITS/From_AProVE_2014__juHashMapCreateContainsValue.jar-obl-11__p32448_safety_0.smt2,34.5712,528,3462,成功
/pub/data/jiafq/iscas/Parser_Comparison/../benchmarks/part57/non-incremental/QF_NIA/20170427-VeryMax/ITS/From_AProVE_2014__juHashMapCreateContainsValue.jar-obl-11__p32449_safety_0.smt2,58.4881,792,6297,成功
/pub/data/jiafq/iscas/Parser_Comparison/../benchmarks/part57/non-incremental/QF_NIA/20170427-VeryMax/ITS/From_AProVE_2014__juHashMapCreateContainsValue.jar-obl-11__p32450_safety_0.smt2,86.6125,1056,9460,成功
/pub/data/jiafq/iscas/Parser_Comparison/../benchmarks/part57/non-incremental/QF_NIA/20170427-VeryMax/ITS/From_AProVE_2014__juHashMapCreateContainsValue.jar-obl-11__p32451_safety_0.smt2,33.3643,528,3444,成功
/pub/data/jiafq/iscas/Parser_Comparison/../benchmarks/part57/non-incremental/QF_NIA/20170427-VeryMax/ITS/From_AProVE_2014__juHashMapCreateContainsValue.jar-obl-11__p32452_safety_0.smt2,56.8471,792,6279,成功
/pub/data/jiafq/iscas/Parser_Comparison/../benchmarks/part57/non-incremental/QF_NIA/20170427-VeryMax/ITS/From_AProVE_2014__juHashMapCreateContainsValue.jar-obl-11__p32453_safety_0.smt2,84.9657,1056,9442,成功
/pub/data/jiafq/iscas/Parser_Comparison/../benchmarks/part57/non-incremental/QF_NIA/20170427-VeryMax/ITS/From_AProVE_2014__juHashMapCreateContainsValue.jar-obl-11__p32454_safety_0.smt2,70.3292,1056,7465,成功
/pub/data/jiafq/iscas/Parser_Comparison/../benchmarks/part57/non-incremental/QF_NIA/20170427-VeryMax/ITS/From_AProVE_2014__juHashMapCreateContainsValue.jar-obl-11__p32455_safety_0.smt2,123.896,1584,13838,成功
/pub/data/jiafq/iscas/Parser_Comparison/../benchmarks/part57/non-incremental/QF_NIA/20170427-VeryMax/ITS/From_AProVE_2014__juHashMapCreateContainsValue.jar-obl-11__p32456_safety_0.smt2,189.289,2112,21060,成功
/pub/data/jiafq/iscas/Parser_Comparison/../benchmarks/part57/non-incremental/QF_NIA/20170427-VeryMax/ITS/From_AProVE_2014__juHashMapCreateContainsValue.jar-obl-11__p32457_safety_0.smt2,71.4629,1056,7298,成功
/pub/data/jiafq/iscas/Parser_Comparison/../benchmarks/part57/non-incremental/QF_NIA/20170427-VeryMax/ITS/From_AProVE_2014__juHashMapCreateContainsValue.jar-obl-11__p32458_safety_0.smt2,121.226,1584,13572,成功
/pub/data/jiafq/iscas/Parser_Comparison/../benchmarks/part57/non-incremental/QF_NIA/20170427-VeryMax/ITS/From_AProVE_2014__juHashMapCreateContainsValue.jar-obl-11__p32459_safety_0.smt2,179.92,2112,20695,成功
/pub/data/jiafq/iscas/Parser_Comparison/../benchmarks/part57/non-incremental/QF_NIA/20170427-VeryMax/ITS/From_AProVE_2014__juHashMapCreateContainsValue.jar-obl-11__p32463_safety_0.smt2,49.2721,792,5294,成功
/pub/data/jiafq/iscas/Parser_Comparison/../benchmarks/part57/non-incremental/QF_NIA/20170427-VeryMax/ITS/From_AProVE_2014__juHashMapCreateContainsValue.jar-obl-11__p32468_safety_0.smt2,50.3623,792,5330,成功
/pub/data/jiafq/iscas/Parser_Comparison/../benchmarks/part57/non-incremental/QF_NIA/20170427-VeryMax/ITS/From_AProVE_2014__juHashMapCreateContainsValue.jar-obl-11__p32471_safety_0.smt2,52.3505,792,5461,成功
/pub/data/jiafq/iscas/Parser_Comparison/../benchmarks/part57/non-incremental/QF_NIA/20170427-VeryMax/ITS/From_AProVE_2014__juHashMapCreateContainsValue.jar-obl-11__p32472_safety_0.smt2,75.6578,1056,8228,成功
/pub/data/jiafq/iscas/Parser_Comparison/../benchmarks/part57/non-incremental/QF_NIA/20170427-VeryMax/ITS/From_AProVE_2014__juHashMapCreateContainsValue.jar-obl-11__p32474_safety_0.smt2,52.2768,792,5519,成功
/pub/data/jiafq/iscas/Parser_Comparison/../benchmarks/part57/non-incremental/QF_NIA/20170427-VeryMax/ITS/From_AProVE_2014__juHashMapCreateContainsValue.jar-obl-11__p32475_safety_0.smt2,74.9733,1056,8316,成功
/pub/data/jiafq/iscas/Parser_Comparison/../benchmarks/part57/non-incremental/QF_NIA/20170427-VeryMax/ITS/From_AProVE_2014__juHashMapCreateContainsValue.jar-obl-11__p32477_safety_0.smt2,53.2391,792,5642,成功
/pub/data/jiafq/iscas/Parser_Comparison/../benchmarks/part57/non-incremental/QF_NIA/20170427-VeryMax/ITS/From_AProVE_2014__juHashMapCreateContainsValue.jar-obl-11__p32478_safety_0.smt2,77.4853,1056,8481,成功
/pub/data/jiafq/iscas/Parser_Comparison/../benchmarks/part57/non-incremental/QF_NIA/20170427-VeryMax/ITS/From_AProVE_2014__juHashMapCreateContainsValue.jar-obl-11__p32480_safety_0.smt2,52.4201,792,5518,成功
/pub/data/jiafq/iscas/Parser_Comparison/../benchmarks/part57/non-incremental/QF_NIA/20170427-VeryMax/ITS/From_AProVE_2014__juHashMapCreateContainsValue.jar-obl-11__p32481_safety_0.smt2,76.8175,1056,8315,成功
/pub/data/jiafq/iscas/Parser_Comparison/../benchmarks/part57/non-incremental/QF_NIA/20170427-VeryMax/ITS/From_AProVE_2014__juHashMapCreateContainsValue.jar-obl-11__p32482_safety_0.smt2,31.2371,528,3048,成功
/pub/data/jiafq/iscas/Parser_Comparison/../benchmarks/part57/non-incremental/QF_NIA/20170427-VeryMax/ITS/From_AProVE_2014__juHashMapCreateContainsValue.jar-obl-11__p32483_safety_0.smt2,53.0932,792,5518,成功
/pub/data/jiafq/iscas/Parser_Comparison/../benchmarks/part57/non-incremental/QF_NIA/20170427-VeryMax/ITS/From_AProVE_2014__juHashMapCreateContainsValue.jar-obl-11__p32485_safety_0.smt2,76.211,1056,8315,成功
/pub/data/jiafq/iscas/Parser_Comparison/../benchmarks/part57/non-incremental/QF_NIA/20170427-VeryMax/ITS/From_AProVE_2014__juHashMapCreateContainsValue.jar-obl-11__p32486_safety_0.smt2,54.8725,792,5671,成功
/pub/data/jiafq/iscas/Parser_Comparison/../benchmarks/part57/non-incremental/QF_NIA/20170427-VeryMax/ITS/From_AProVE_2014__juHashMapCreateContainsValue.jar-obl-11__p32487_safety_0.smt2,78.0063,1056,8522,成功
/pub/data/jiafq/iscas/Parser_Comparison/../benchmarks/part57/non-incremental/QF_NIA/20170427-VeryMax/ITS/From_AProVE_2014__juHashMapCreateContainsValue.jar-obl-11__p32488_safety_0.smt2,72.0809,1056,7486,成功
/pub/data/jiafq/iscas/Parser_Comparison/../benchmarks/part57/non-incremental/QF_NIA/20170427-VeryMax/ITS/From_AProVE_2014__juHashMapCreateContainsValue.jar-obl-11__p32489_safety_0.smt2,125.457,1584,13871,成功
/pub/data/jiafq/iscas/Parser_Comparison/../benchmarks/part57/non-incremental/QF_NIA/20170427-VeryMax/ITS/From_AProVE_2014__juHashMapCreateContainsValue.jar-obl-11__p32490_safety_0.smt2,184.32,2112,21105,成功
/pub/data/jiafq/iscas/Parser_Comparison/../benchmarks/part57/non-incremental/QF_NIA/20170427-VeryMax/ITS/From_AProVE_2014__juHashMapCreateContainsValue.jar-obl-11__p32497_safety_0.smt2,32.1336,528,3204,成功
/pub/data/jiafq/iscas/Parser_Comparison/../benchmarks/part57/non-incremental/QF_NIA/20170427-VeryMax/ITS/From_AProVE_2014__juHashMapCreateContainsValue.jar-obl-11__p32498_safety_0.smt2,44.739,792,4642,成功
/pub/data/jiafq/iscas/Parser_Comparison/../benchmarks/part57/non-incremental/QF_NIA/20170427-VeryMax/ITS/From_AProVE_2014__juHashMapCreateContainsValue.jar-obl-11__p324_safety_0.smt2,31.2121,528,3059,成功
/pub/data/jiafq/iscas/Parser_Comparison/../benchmarks/part57/non-incremental/QF_NIA/20170427-VeryMax/ITS/From_AProVE_2014__juHashMapCreateContainsValue.jar-obl-11__p32503_safety_0.smt2,36.5431,528,3555,成功
/pub/data/jiafq/iscas/Parser_Comparison/../benchmarks/part57/non-incremental/QF_NIA/20170427-VeryMax/ITS/From_AProVE_2014__juHashMapCreateContainsValue.jar-obl-11__p32504_safety_0.smt2,49.9997,792,5178,成功
/pub/data/jiafq/iscas/Parser_Comparison/../benchmarks/part57/non-incremental/QF_NIA/20170427-VeryMax/ITS/From_AProVE_2014__juHashMapCreateContainsValue.jar-obl-11__p32508_safety_0.smt2,59.1545,792,6467,成功
/pub/data/jiafq/iscas/Parser_Comparison/../benchmarks/part57/non-incremental/QF_NIA/20170427-VeryMax/ITS/From_AProVE_2014__juHashMapCreateContainsValue.jar-obl-11__p32509_safety_0.smt2,86.1964,1056,9673,成功
/pub/data/jiafq/iscas/Parser_Comparison/../benchmarks/part57/non-incremental/QF_NIA/20170427-VeryMax/ITS/From_AProVE_2014__juHashMapCreateContainsValue.jar-obl-11__p32511_safety_0.smt2,37.2264,528,3560,成功
/pub/data/jiafq/iscas/Parser_Comparison/../benchmarks/part57/non-incremental/QF_NIA/20170427-VeryMax/ITS/From_AProVE_2014__juHashMapCreateContainsValue.jar-obl-11__p32512_safety_0.smt2,50.0691,792,5186,成功
/pub/data/jiafq/iscas/Parser_Comparison/../benchmarks/part57/non-incremental/QF_NIA/20170427-VeryMax/ITS/From_AProVE_2014__juHashMapCreateContainsValue.jar-obl-11__p32513_safety_0.smt2,23.6704,528,2090,成功
/pub/data/jiafq/iscas/Parser_Comparison/../benchmarks/part57/non-incremental/QF_NIA/20170427-VeryMax/ITS/From_AProVE_2014__juHashMapCreateContainsValue.jar-obl-11__p32514_safety_0.smt2,36.3886,528,3560,成功
/pub/data/jiafq/iscas/Parser_Comparison/../benchmarks/part57/non-incremental/QF_NIA/20170427-VeryMax/ITS/From_AProVE_2014__juHashMapCreateContainsValue.jar-obl-11__p32515_safety_0.smt2,49.8338,792,5186,成功
/pub/data/jiafq/iscas/Parser_Comparison/../benchmarks/part57/non-incremental/QF_NIA/20170427-VeryMax/ITS/From_AProVE_2014__juHashMapCreateContainsValue.jar-obl-11__p32519_safety_0.smt2,59.4926,792,6477,成功
/pub/data/jiafq/iscas/Parser_Comparison/../benchmarks/part57/non-incremental/QF_NIA/20170427-VeryMax/ITS/From_AProVE_2014__juHashMapCreateContainsValue.jar-obl-11__p32520_safety_0.smt2,84.0359,1056,9689,成功
/pub/data/jiafq/iscas/Parser_Comparison/../benchmarks/part57/non-incremental/QF_NIA/20170427-VeryMax/ITS/From_AProVE_2014__juHashMapCreateContainsValue.jar-obl-11__p32521_safety_0.smt2,72.222,1056,7547,成功
/pub/data/jiafq/iscas/Parser_Comparison/../benchmarks/part57/non-incremental/QF_NIA/20170427-VeryMax/ITS/From_AProVE_2014__juHashMapCreateContainsValue.jar-obl-11__p32522_safety_0.smt2,124.309,1584,13986,成功
/pub/data/jiafq/iscas/Parser_Comparison/../benchmarks/part57/non-incremental/QF_NIA/20170427-VeryMax/ITS/From_AProVE_2014__juHashMapCreateContainsValue.jar-obl-11__p32523_safety_0.smt2,187.209,2112,21274,成功
/pub/data/jiafq/iscas/Parser_Comparison/../benchmarks/part57/non-incremental/QF_NIA/20170427-VeryMax/ITS/From_AProVE_2014__juHashMapCreateContainsValue.jar-obl-11__p32526_safety_0.smt2,36.4697,528,3593,成功
/pub/data/jiafq/iscas/Parser_Comparison/../benchmarks/part57/non-incremental/QF_NIA/20170427-VeryMax/ITS/From_AProVE_2014__juHashMapCreateContainsValue.jar-obl-11__p32527_safety_0.smt2,61.6388,792,6477,成功
/pub/data/jiafq/iscas/Parser_Comparison/../benchmarks/part57/non-incremental/QF_NIA/20170427-VeryMax/ITS/From_AProVE_2014__juHashMapCreateContainsValue.jar-obl-11__p32528_safety_0.smt2,90.3335,1056,9689,成功
/pub/data/jiafq/iscas/Parser_Comparison/../benchmarks/part57/non-incremental/QF_NIA/20170427-VeryMax/ITS/From_AProVE_2014__juHashMapCreateContainsValue.jar-obl-11__p32537_safety_0.smt2,59.2799,792,6420,成功
/pub/data/jiafq/iscas/Parser_Comparison/../benchmarks/part57/non-incremental/QF_NIA/20170427-VeryMax/ITS/From_AProVE_2014__juHashMapCreateContainsValue.jar-obl-11__p32538_safety_0.smt2,84.8813,1056,9615,成功
/pub/data/jiafq/iscas/Parser_Comparison/../benchmarks/part57/non-incremental/QF_NIA/20170427-VeryMax/ITS/From_AProVE_2014__juHashMapCreateContainsValue.jar-obl-11__p32541_safety_0.smt2,35.1822,528,3557,成功
/pub/data/jiafq/iscas/Parser_Comparison/../benchmarks/part57/non-incremental/QF_NIA/20170427-VeryMax/ITS/From_AProVE_2014__juHashMapCreateContainsValue.jar-obl-11__p32542_safety_0.smt2,58.5475,792,6430,成功
/pub/data/jiafq/iscas/Parser_Comparison/../benchmarks/part57/non-incremental/QF_NIA/20170427-VeryMax/ITS/From_AProVE_2014__juHashMapCreateContainsValue.jar-obl-11__p32543_safety_0.smt2,86.5815,1056,9631,成功
/pub/data/jiafq/iscas/Parser_Comparison/../benchmarks/part57/non-incremental/QF_NIA/20170427-VeryMax/ITS/From_AProVE_2014__juHashMapCreateContainsValue.jar-obl-11__p32546_safety_0.smt2,38.0619,528,3557,成功
/pub/data/jiafq/iscas/Parser_Comparison/../benchmarks/part57/non-incremental/QF_NIA/20170427-VeryMax/ITS/From_AProVE_2014__juHashMapCreateContainsValue.jar-obl-11__p32547_safety_0.smt2,58.6758,792,6430,成功
/pub/data/jiafq/iscas/Parser_Comparison/../benchmarks/part57/non-incremental/QF_NIA/20170427-VeryMax/ITS/From_AProVE_2014__juHashMapCreateContainsValue.jar-obl-11__p32548_safety_0.smt2,86.175,1056,9631,成功
/pub/data/jiafq/iscas/Parser_Comparison/../benchmarks/part57/non-incremental/QF_NIA/20170427-VeryMax/ITS/From_AProVE_2014__juHashMapCreateContainsValue.jar-obl-11__p32551_terminationG_0.smt2,136.031,2112,12915,成功
/pub/data/jiafq/iscas/Parser_Comparison/../benchmarks/part57/non-incremental/QF_NIA/20170427-VeryMax/ITS/From_AProVE_2014__juHashMapCreateContainsValue.jar-obl-11__p32552_terminationG_0.smt2,187.161,2904,18767,成功
/pub/data/jiafq/iscas/Parser_Comparison/../benchmarks/part57/non-incremental/QF_NIA/20170427-VeryMax/ITS/From_AProVE_2014__juHashMapCreateContainsValue.jar-obl-11__p32553_terminationG_0.smt2,245.666,3392,25343,成功
/pub/data/jiafq/iscas/Parser_Comparison/../benchmarks/part57/non-incremental/QF_NIA/20170427-VeryMax/ITS/From_AProVE_2014__juHashMapCreateContainsValue.jar-obl-11__p32563_safety_0.smt2,58.367,792,6017,成功
/pub/data/jiafq/iscas/Parser_Comparison/../benchmarks/part57/non-incremental/QF_NIA/20170427-VeryMax/ITS/From_AProVE_2014__juHashMapCreateContainsValue.jar-obl-11__p32565_safety_0.smt2,78.0685,1056,8941,成功
/pub/data/jiafq/iscas/Parser_Comparison/../benchmarks/part57/non-incremental/QF_NIA/20170427-VeryMax/ITS/From_AProVE_2014__juHashMapCreateContainsValue.jar-obl-11__p32571_safety_0.smt2,58.7745,792,6382,成功
/pub/data/jiafq/iscas/Parser_Comparison/../benchmarks/part57/non-incremental/QF_NIA/20170427-VeryMax/ITS/From_AProVE_2014__juHashMapCreateContainsValue.jar-obl-11__p32572_safety_0.smt2,82.7575,1056,9584,成功
/pub/data/jiafq/iscas/Parser_Comparison/../benchmarks/part57/non-incremental/QF_NIA/20170427-VeryMax/ITS/From_AProVE_2014__juHashMapCreateContainsValue.jar-obl-11__p32574_safety_0.smt2,58.3012,792,6412,成功
/pub/data/jiafq/iscas/Parser_Comparison/../benchmarks/part57/non-incremental/QF_NIA/20170427-VeryMax/ITS/From_AProVE_2014__juHashMapCreateContainsValue.jar-obl-11__p32575_safety_0.smt2,86.6849,1056,9620,成功
/pub/data/jiafq/iscas/Parser_Comparison/../benchmarks/part57/non-incremental/QF_NIA/20170427-VeryMax/ITS/From_AProVE_2014__juHashMapCreateContainsValue.jar-obl-11__p32579_safety_0.smt2,60.4835,792,6382,成功
/pub/data/jiafq/iscas/Parser_Comparison/../benchmarks/part57/non-incremental/QF_NIA/20170427-VeryMax/ITS/From_AProVE_2014__juHashMapCreateContainsValue.jar-obl-11__p32580_safety_0.smt2,83.4429,1056,9584,成功
/pub/data/jiafq/iscas/Parser_Comparison/../benchmarks/part57/non-incremental/QF_NIA/20170427-VeryMax/ITS/From_AProVE_2014__juHashMapCreateContainsValue.jar-obl-11__p32584_safety_0.smt2,59.1807,792,6440,成功
/pub/data/jiafq/iscas/Parser_Comparison/../benchmarks/part57/non-incremental/QF_NIA/20170427-VeryMax/ITS/From_AProVE_2014__juHashMapCreateContainsValue.jar-obl-11__p32585_safety_0.smt2,84.0867,1056,9660,成功
/pub/data/jiafq/iscas/Parser_Comparison/../benchmarks/part57/non-incremental/QF_NIA/20170427-VeryMax/ITS/From_AProVE_2014__juHashMapCreateContainsValue.jar-obl-11__p32590_safety_0.smt2,36.0117,528,3512,成功
/pub/data/jiafq/iscas/Parser_Comparison/../benchmarks/part57/non-incremental/QF_NIA/20170427-VeryMax/ITS/From_AProVE_2014__juHashMapCreateContainsValue.jar-obl-11__p32591_safety_0.smt2,57.616,792,6392,成功
/pub/data/jiafq/iscas/Parser_Comparison/../benchmarks/part57/non-incremental/QF_NIA/20170427-VeryMax/ITS/From_AProVE_2014__juHashMapCreateContainsValue.jar-obl-11__p32592_safety_0.smt2,84.1548,1056,9600,成功
/pub/data/jiafq/iscas/Parser_Comparison/../benchmarks/part57/non-incremental/QF_NIA/20170427-VeryMax/ITS/From_AProVE_2014__juHashMapCreateContainsValue.jar-obl-11__p32593_safety_0.smt2,34.9662,528,3548,成功
/pub/data/jiafq/iscas/Parser_Comparison/../benchmarks/part57/non-incremental/QF_NIA/20170427-VeryMax/ITS/From_AProVE_2014__juHashMapCreateContainsValue.jar-obl-11__p32594_safety_0.smt2,59.016,792,6440,成功
/pub/data/jiafq/iscas/Parser_Comparison/../benchmarks/part57/non-incremental/QF_NIA/20170427-VeryMax/ITS/From_AProVE_2014__juHashMapCreateContainsValue.jar-obl-11__p32595_safety_0.smt2,83.1547,1056,9660,成功
/pub/data/jiafq/iscas/Parser_Comparison/../benchmarks/part57/non-incremental/QF_NIA/20170427-VeryMax/ITS/From_AProVE_2014__juHashMapCreateContainsValue.jar-obl-11__p32596_safety_0.smt2,68.3451,1056,7441,成功
/pub/data/jiafq/iscas/Parser_Comparison/../benchmarks/part57/non-incremental/QF_NIA/20170427-VeryMax/ITS/From_AProVE_2014__juHashMapCreateContainsValue.jar-obl-11__p32597_safety_0.smt2,123.022,1584,13578,成功
/pub/data/jiafq/iscas/Parser_Comparison/../benchmarks/part57/non-incremental/QF_NIA/20170427-VeryMax/ITS/From_AProVE_2014__juHashMapCreateContainsValue.jar-obl-11__p32598_safety_0.smt2,180.034,2112,20565,成功
/pub/data/jiafq/iscas/Parser_Comparison/../benchmarks/part57/non-incremental/QF_NIA/20170427-VeryMax/ITS/From_AProVE_2014__juHashMapCreateContainsValue.jar-obl-11__p325_safety_0.smt2,53.3128,792,5505,成功
/pub/data/jiafq/iscas/Parser_Comparison/../benchmarks/part57/non-incremental/QF_NIA/20170427-VeryMax/ITS/From_AProVE_2014__juHashMapCreateContainsValue.jar-obl-11__p32600_safety_0.smt2,120.704,1584,13831,成功
/pub/data/jiafq/iscas/Parser_Comparison/../benchmarks/part57/non-incremental/QF_NIA/20170427-VeryMax/ITS/From_AProVE_2014__juHashMapCreateContainsValue.jar-obl-11__p32601_safety_0.smt2,183.218,2112,20908,成功
/pub/data/jiafq/iscas/Parser_Comparison/../benchmarks/part57/non-incremental/QF_NIA/20170427-VeryMax/ITS/From_AProVE_2014__juHashMapCreateContainsValue.jar-obl-11__p32608_safety_0.smt2,79.1492,1056,9043,成功
/pub/data/jiafq/iscas/Parser_Comparison/../benchmarks/part57/non-incremental/QF_NIA/20170427-VeryMax/ITS/From_AProVE_2014__juHashMapCreateContainsValue.jar-obl-11__p32611_safety_0.smt2,73.2021,1056,8105,成功
/pub/data/jiafq/iscas/Parser_Comparison/../benchmarks/part57/non-incremental/QF_NIA/20170427-VeryMax/ITS/From_AProVE_2014__juHashMapCreateContainsValue.jar-obl-11__p32615_safety_0.smt2,59.6244,792,6493,成功
/pub/data/jiafq/iscas/Parser_Comparison/../benchmarks/part57/non-incremental/QF_NIA/20170427-VeryMax/ITS/From_AProVE_2014__juHashMapCreateContainsValue.jar-obl-11__p32616_safety_0.smt2,85.7959,1056,9719,成功
/pub/data/jiafq/iscas/Parser_Comparison/../benchmarks/part57/non-incremental/QF_NIA/20170427-VeryMax/ITS/From_AProVE_2014__juHashMapCreateContainsValue.jar-obl-11__p32619_safety_0.smt2,78.2402,1056,8419,成功
/pub/data/jiafq/iscas/Parser_Comparison/../benchmarks/part57/non-incremental/QF_NIA/20170427-VeryMax/ITS/From_AProVE_2014__juHashMapCreateContainsValue.jar-obl-11__p32621_safety_0.smt2,53.2551,792,5624,成功
/pub/data/jiafq/iscas/Parser_Comparison/../benchmarks/part57/non-incremental/QF_NIA/20170427-VeryMax/ITS/From_AProVE_2014__juHashMapCreateContainsValue.jar-obl-11__p32622_safety_0.smt2,75.9082,1056,8460,成功
/pub/data/jiafq/iscas/Parser_Comparison/../benchmarks/part57/non-incremental/QF_NIA/20170427-VeryMax/ITS/From_AProVE_2014__juHashMapCreateContainsValue.jar-obl-11__p32626_safety_0.smt2,61.342,792,6705,成功
/pub/data/jiafq/iscas/Parser_Comparison/../benchmarks/part57/non-incremental/QF_NIA/20170427-VeryMax/ITS/From_AProVE_2014__juHashMapCreateContainsValue.jar-obl-11__p32627_safety_0.smt2,88.4919,1056,10015,成功
/pub/data/jiafq/iscas/Parser_Comparison/../benchmarks/part57/non-incremental/QF_NIA/20170427-VeryMax/ITS/From_AProVE_2014__juHashMapCreateContainsValue.jar-obl-11__p32628_safety_0.smt2,31.7373,528,3115,成功
/pub/data/jiafq/iscas/Parser_Comparison/../benchmarks/part57/non-incremental/QF_NIA/20170427-VeryMax/ITS/From_AProVE_2014__juHashMapCreateContainsValue.jar-obl-11__p32629_safety_0.smt2,52.9256,792,5624,成功
/pub/data/jiafq/iscas/Parser_Comparison/../benchmarks/part57/non-incremental/QF_NIA/20170427-VeryMax/ITS/From_AProVE_2014__juHashMapCreateContainsValue.jar-obl-11__p32630_safety_0.smt2,78.4593,1056,8460,成功
/pub/data/jiafq/iscas/Parser_Comparison/../benchmarks/part57/non-incremental/QF_NIA/20170427-VeryMax/ITS/From_AProVE_2014__juHashMapCreateContainsValue.jar-obl-11__p32633_safety_0.smt2,36.5293,528,3721,成功
/pub/data/jiafq/iscas/Parser_Comparison/../benchmarks/part57/non-incremental/QF_NIA/20170427-VeryMax/ITS/From_AProVE_2014__juHashMapCreateContainsValue.jar-obl-11__p32634_safety_0.smt2,62.3877,792,6703,成功
/pub/data/jiafq/iscas/Parser_Comparison/../benchmarks/part57/non-incremental/QF_NIA/20170427-VeryMax/ITS/From_AProVE_2014__juHashMapCreateContainsValue.jar-obl-11__p32635_safety_0.smt2,88.2401,1056,10013,成功
/pub/data/jiafq/iscas/Parser_Comparison/../benchmarks/part57/non-incremental/QF_NIA/20170427-VeryMax/ITS/From_AProVE_2014__juHashMapCreateContainsValue.jar-obl-11__p32636_safety_0.smt2,74.542,1056,7857,成功
/pub/data/jiafq/iscas/Parser_Comparison/../benchmarks/part57/non-incremental/QF_NIA/20170427-VeryMax/ITS/From_AProVE_2014__juHashMapCreateContainsValue.jar-obl-11__p32637_safety_0.smt2,129.234,1584,14482,成功
/pub/data/jiafq/iscas/Parser_Comparison/../benchmarks/part57/non-incremental/QF_NIA/20170427-VeryMax/ITS/From_AProVE_2014__juHashMapCreateContainsValue.jar-obl-11__p32638_safety_0.smt2,187.663,2112,21956,成功
/pub/data/jiafq/iscas/Parser_Comparison/../benchmarks/part57/non-incremental/QF_NIA/20170427-VeryMax/ITS/From_AProVE_2014__juHashMapCreateContainsValue.jar-obl-11__p32639_safety_0.smt2,74.5149,1056,7978,成功
/pub/data/jiafq/iscas/Parser_Comparison/../benchmarks/part57/non-incremental/QF_NIA/20170427-VeryMax/ITS/From_AProVE_2014__juHashMapCreateContainsValue.jar-obl-11__p32640_safety_0.smt2,131.93,1584,14669,成功
/pub/data/jiafq/iscas/Parser_Comparison/../benchmarks/part57/non-incremental/QF_NIA/20170427-VeryMax/ITS/From_AProVE_2014__juHashMapCreateContainsValue.jar-obl-11__p32641_safety_0.smt2,192.836,2112,22209,成功
/pub/data/jiafq/iscas/Parser_Comparison/../benchmarks/part57/non-incremental/QF_NIA/20170427-VeryMax/ITS/From_AProVE_2014__juHashMapCreateContainsValue.jar-obl-11__p32651_safety_0.smt2,78.7244,1056,8886,成功
/pub/data/jiafq/iscas/Parser_Comparison/../benchmarks/part57/non-incremental/QF_NIA/20170427-VeryMax/ITS/From_AProVE_2014__juHashMapCreateContainsValue.jar-obl-11__p32653_safety_0.smt2,51.4545,792,5466,成功
/pub/data/jiafq/iscas/Parser_Comparison/../benchmarks/part57/non-incremental/QF_NIA/20170427-VeryMax/ITS/From_AProVE_2014__juHashMapCreateContainsValue.jar-obl-11__p32654_safety_0.smt2,73.7464,1056,8224,成功
/pub/data/jiafq/iscas/Parser_Comparison/../benchmarks/part57/non-incremental/QF_NIA/20170427-VeryMax/ITS/From_AProVE_2014__juHashMapCreateContainsValue.jar-obl-11__p32658_safety_0.smt2,59.1156,792,6345,成功
/pub/data/jiafq/iscas/Parser_Comparison/../benchmarks/part57/non-incremental/QF_NIA/20170427-VeryMax/ITS/From_AProVE_2014__juHashMapCreateContainsValue.jar-obl-11__p32659_safety_0.smt2,84.3558,1056,9502,成功
/pub/data/jiafq/iscas/Parser_Comparison/../benchmarks/part57/non-incremental/QF_NIA/20170427-VeryMax/ITS/From_AProVE_2014__juHashMapCreateContainsValue.jar-obl-11__p32661_safety_0.smt2,53.3125,792,5471,成功
/pub/data/jiafq/iscas/Parser_Comparison/../benchmarks/part57/non-incremental/QF_NIA/20170427-VeryMax/ITS/From_AProVE_2014__juHashMapCreateContainsValue.jar-obl-11__p32662_safety_0.smt2,73.9741,1056,8232,成功
/pub/data/jiafq/iscas/Parser_Comparison/../benchmarks/part57/non-incremental/QF_NIA/20170427-VeryMax/ITS/From_AProVE_2014__juHashMapCreateContainsValue.jar-obl-11__p32663_safety_0.smt2,31.3313,528,3037,成功
/pub/data/jiafq/iscas/Parser_Comparison/../benchmarks/part57/non-incremental/QF_NIA/20170427-VeryMax/ITS/From_AProVE_2014__juHashMapCreateContainsValue.jar-obl-11__p32664_safety_0.smt2,51.0569,792,5471,成功
/pub/data/jiafq/iscas/Parser_Comparison/../benchmarks/part57/non-incremental/QF_NIA/20170427-VeryMax/ITS/From_AProVE_2014__juHashMapCreateContainsValue.jar-obl-11__p32665_safety_0.smt2,73.4978,1056,8232,成功
/pub/data/jiafq/iscas/Parser_Comparison/../benchmarks/part57/non-incremental/QF_NIA/20170427-VeryMax/ITS/From_AProVE_2014__juHashMapCreateContainsValue.jar-obl-11__p32669_safety_0.smt2,59.7434,792,6557,成功
/pub/data/jiafq/iscas/Parser_Comparison/../benchmarks/part57/non-incremental/QF_NIA/20170427-VeryMax/ITS/From_AProVE_2014__juHashMapCreateContainsValue.jar-obl-11__p32670_safety_0.smt2,86.9501,1056,9798,成功
/pub/data/jiafq/iscas/Parser_Comparison/../benchmarks/part57/non-incremental/QF_NIA/20170427-VeryMax/ITS/From_AProVE_2014__juHashMapCreateContainsValue.jar-obl-11__p32673_safety_0.smt2,35.8789,528,3642,成功
/pub/data/jiafq/iscas/Parser_Comparison/../benchmarks/part57/non-incremental/QF_NIA/20170427-VeryMax/ITS/From_AProVE_2014__juHashMapCreateContainsValue.jar-obl-11__p32674_safety_0.smt2,60.3931,792,6555,成功
/pub/data/jiafq/iscas/Parser_Comparison/../benchmarks/part57/non-incremental/QF_NIA/20170427-VeryMax/ITS/From_AProVE_2014__juHashMapCreateContainsValue.jar-obl-11__p32675_safety_0.smt2,85.1665,1056,9796,成功
/pub/data/jiafq/iscas/Parser_Comparison/../benchmarks/part57/non-incremental/QF_NIA/20170427-VeryMax/ITS/From_AProVE_2014__juHashMapCreateContainsValue.jar-obl-11__p32676_safety_0.smt2,75.9087,1056,7877,成功
/pub/data/jiafq/iscas/Parser_Comparison/../benchmarks/part57/non-incremental/QF_NIA/20170427-VeryMax/ITS/From_AProVE_2014__juHashMapCreateContainsValue.jar-obl-11__p32677_safety_0.smt2,130.846,1584,14514,成功
/pub/data/jiafq/iscas/Parser_Comparison/../benchmarks/part57/non-incremental/QF_NIA/20170427-VeryMax/ITS/From_AProVE_2014__juHashMapCreateContainsValue.jar-obl-11__p32678_safety_0.smt2,189.83,2112,22000,成功
/pub/data/jiafq/iscas/Parser_Comparison/../benchmarks/part57/non-incremental/QF_NIA/20170427-VeryMax/ITS/From_AProVE_2014__juHashMapCreateContainsValue.jar-obl-11__p32686_safety_0.smt2,77.3098,1056,7998,成功
/pub/data/jiafq/iscas/Parser_Comparison/../benchmarks/part57/non-incremental/QF_NIA/20170427-VeryMax/ITS/From_AProVE_2014__juHashMapCreateContainsValue.jar-obl-11__p32687_safety_0.smt2,130.184,1584,14701,成功
/pub/data/jiafq/iscas/Parser_Comparison/../benchmarks/part57/non-incremental/QF_NIA/20170427-VeryMax/ITS/From_AProVE_2014__juHashMapCreateContainsValue.jar-obl-11__p32688_safety_0.smt2,193.075,2112,22253,成功
/pub/data/jiafq/iscas/Parser_Comparison/../benchmarks/part57/non-incremental/QF_NIA/20170427-VeryMax/ITS/From_AProVE_2014__juHashMapCreateContainsValue.jar-obl-11__p32690_safety_0.smt2,59.8071,792,6499,成功
/pub/data/jiafq/iscas/Parser_Comparison/../benchmarks/part57/non-incremental/QF_NIA/20170427-VeryMax/ITS/From_AProVE_2014__juHashMapCreateContainsValue.jar-obl-11__p32691_safety_0.smt2,84.2464,1056,9711,成功
/pub/data/jiafq/iscas/Parser_Comparison/../benchmarks/part57/non-incremental/QF_NIA/20170427-VeryMax/ITS/From_AProVE_2014__juHashMapCreateContainsValue.jar-obl-11__p32695_safety_0.smt2,60.3638,792,6499,成功
/pub/data/jiafq/iscas/Parser_Comparison/../benchmarks/part57/non-incremental/QF_NIA/20170427-VeryMax/ITS/From_AProVE_2014__juHashMapCreateContainsValue.jar-obl-11__p32696_safety_0.smt2,86.5607,1056,9711,成功
/pub/data/jiafq/iscas/Parser_Comparison/../benchmarks/part57/non-incremental/QF_NIA/20170427-VeryMax/ITS/From_AProVE_2014__juHashMapCreateContainsValue.jar-obl-11__p326_safety_0.smt2,78.8031,1056,8278,成功
/pub/data/jiafq/iscas/Parser_Comparison/../benchmarks/part57/non-incremental/QF_NIA/20170427-VeryMax/ITS/From_AProVE_2014__juHashMapCreateContainsValue.jar-obl-11__p32701_safety_0.smt2,78.9778,1056,9141,成功
/pub/data/jiafq/iscas/Parser_Comparison/../benchmarks/part57/non-incremental/QF_NIA/20170427-VeryMax/ITS/From_AProVE_2014__juHashMapCreateContainsValue.jar-obl-11__p32705_safety_0.smt2,62.8488,792,6573,成功
/pub/data/jiafq/iscas/Parser_Comparison/../benchmarks/part57/non-incremental/QF_NIA/20170427-VeryMax/ITS/From_AProVE_2014__juHashMapCreateContainsValue.jar-obl-11__p32706_safety_0.smt2,86.215,1056,9808,成功
/pub/data/jiafq/iscas/Parser_Comparison/../benchmarks/part57/non-incremental/QF_NIA/20170427-VeryMax/ITS/From_AProVE_2014__juHashMapCreateContainsValue.jar-obl-11__p32709_safety_0.smt2,35.8129,528,3619,成功
/pub/data/jiafq/iscas/Parser_Comparison/../benchmarks/part57/non-incremental/QF_NIA/20170427-VeryMax/ITS/From_AProVE_2014__juHashMapCreateContainsValue.jar-obl-11__p32710_safety_0.smt2,60.0507,792,6509,成功
/pub/data/jiafq/iscas/Parser_Comparison/../benchmarks/part57/non-incremental/QF_NIA/20170427-VeryMax/ITS/From_AProVE_2014__juHashMapCreateContainsValue.jar-obl-11__p32711_safety_0.smt2,84.9235,1056,9727,成功
/pub/data/jiafq/iscas/Parser_Comparison/../benchmarks/part57/non-incremental/QF_NIA/20170427-VeryMax/ITS/From_AProVE_2014__juHashMapCreateContainsValue.jar-obl-11__p32714_safety_0.smt2,35.8746,528,3670,成功
/pub/data/jiafq/iscas/Parser_Comparison/../benchmarks/part57/non-incremental/QF_NIA/20170427-VeryMax/ITS/From_AProVE_2014__juHashMapCreateContainsValue.jar-obl-11__p32715_safety_0.smt2,59.9043,792,6583,成功
/pub/data/jiafq/iscas/Parser_Comparison/../benchmarks/part57/non-incremental/QF_NIA/20170427-VeryMax/ITS/From_AProVE_2014__juHashMapCreateContainsValue.jar-obl-11__p32716_safety_0.smt2,84.6202,1056,9824,成功
/pub/data/jiafq/iscas/Parser_Comparison/../benchmarks/part57/non-incremental/QF_NIA/20170427-VeryMax/ITS/From_AProVE_2014__juHashMapCreateContainsValue.jar-obl-11__p32719_terminationG_0.smt2,139.987,2112,13151,成功
/pub/data/jiafq/iscas/Parser_Comparison/../benchmarks/part57/non-incremental/QF_NIA/20170427-VeryMax/ITS/From_AProVE_2014__juHashMapCreateContainsValue.jar-obl-11__p32720_terminationG_0.smt2,189.954,2904,19075,成功
/pub/data/jiafq/iscas/Parser_Comparison/../benchmarks/part57/non-incremental/QF_NIA/20170427-VeryMax/ITS/From_AProVE_2014__juHashMapCreateContainsValue.jar-obl-11__p32721_terminationG_0.smt2,248.338,3400,25723,成功
/pub/data/jiafq/iscas/Parser_Comparison/../benchmarks/part57/non-incremental/QF_NIA/20170427-VeryMax/ITS/From_AProVE_2014__juHashMapCreateContainsValue.jar-obl-11__p32732_safety_0.smt2,76.7188,1056,8894,成功
/pub/data/jiafq/iscas/Parser_Comparison/../benchmarks/part57/non-incremental/QF_NIA/20170427-VeryMax/ITS/From_AProVE_2014__juHashMapCreateContainsValue.jar-obl-11__p32733_safety_0.smt2,76.2134,1056,8912,成功
/pub/data/jiafq/iscas/Parser_Comparison/../benchmarks/part57/non-incremental/QF_NIA/20170427-VeryMax/ITS/From_AProVE_2014__juHashMapCreateContainsValue.jar-obl-11__p32737_safety_0.smt2,58.6834,792,6377,成功
/pub/data/jiafq/iscas/Parser_Comparison/../benchmarks/part57/non-incremental/QF_NIA/20170427-VeryMax/ITS/From_AProVE_2014__juHashMapCreateContainsValue.jar-obl-11__p32742_safety_0.smt2,57.6308,792,6359,成功
/pub/data/jiafq/iscas/Parser_Comparison/../benchmarks/part57/non-incremental/QF_NIA/20170427-VeryMax/ITS/From_AProVE_2014__juHashMapCreateContainsValue.jar-obl-11__p32743_safety_0.smt2,83.3175,1056,9541,成功
/pub/data/jiafq/iscas/Parser_Comparison/../benchmarks/part57/non-incremental/QF_NIA/20170427-VeryMax/ITS/From_AProVE_2014__juHashMapCreateContainsValue.jar-obl-11__p32746_safety_0.smt2,34.7579,528,3539,成功
/pub/data/jiafq/iscas/Parser_Comparison/../benchmarks/part57/non-incremental/QF_NIA/20170427-VeryMax/ITS/From_AProVE_2014__juHashMapCreateContainsValue.jar-obl-11__p32747_safety_0.smt2,58.9581,792,6405,成功
/pub/data/jiafq/iscas/Parser_Comparison/../benchmarks/part57/non-incremental/QF_NIA/20170427-VeryMax/ITS/From_AProVE_2014__juHashMapCreateContainsValue.jar-obl-11__p32748_safety_0.smt2,84.846,1056,9599,成功
/pub/data/jiafq/iscas/Parser_Comparison/../benchmarks/part57/non-incremental/QF_NIA/20170427-VeryMax/ITS/From_AProVE_2014__juHashMapCreateContainsValue.jar-obl-11__p32752_safety_0.smt2,58.4595,792,6387,成功
/pub/data/jiafq/iscas/Parser_Comparison/../benchmarks/part57/non-incremental/QF_NIA/20170427-VeryMax/ITS/From_AProVE_2014__juHashMapCreateContainsValue.jar-obl-11__p32753_safety_0.smt2,84.1031,1056,9581,成功
/pub/data/jiafq/iscas/Parser_Comparison/../benchmarks/part57/non-incremental/QF_NIA/20170427-VeryMax/ITS/From_AProVE_2014__juHashMapCreateContainsValue.jar-obl-11__p32756_safety_0.smt2,34.8098,528,3539,成功
/pub/data/jiafq/iscas/Parser_Comparison/../benchmarks/part57/non-incremental/QF_NIA/20170427-VeryMax/ITS/From_AProVE_2014__juHashMapCreateContainsValue.jar-obl-11__p32757_safety_0.smt2,59.423,792,6405,成功
/pub/data/jiafq/iscas/Parser_Comparison/../benchmarks/part57/non-incremental/QF_NIA/20170427-VeryMax/ITS/From_AProVE_2014__juHashMapCreateContainsValue.jar-obl-11__p32758_safety_0.smt2,84.1458,1056,9599,成功
/pub/data/jiafq/iscas/Parser_Comparison/../benchmarks/part57/non-incremental/QF_NIA/20170427-VeryMax/ITS/From_AProVE_2014__juHashMapCreateContainsValue.jar-obl-11__p32761_safety_0.smt2,34.5733,528,3521,成功
/pub/data/jiafq/iscas/Parser_Comparison/../benchmarks/part57/non-incremental/QF_NIA/20170427-VeryMax/ITS/From_AProVE_2014__juHashMapCreateContainsValue.jar-obl-11__p32762_safety_0.smt2,58.4505,792,6387,成功
/pub/data/jiafq/iscas/Parser_Comparison/../benchmarks/part57/non-incremental/QF_NIA/20170427-VeryMax/ITS/From_AProVE_2014__juHashMapCreateContainsValue.jar-obl-11__p32763_safety_0.smt2,84.4131,1056,9581,成功
/pub/data/jiafq/iscas/Parser_Comparison/../benchmarks/part57/non-incremental/QF_NIA/20170427-VeryMax/ITS/From_AProVE_2014__juHashMapCreateContainsValue.jar-obl-11__p32764_safety_0.smt2,73.8707,1056,7833,成功
/pub/data/jiafq/iscas/Parser_Comparison/../benchmarks/part57/non-incremental/QF_NIA/20170427-VeryMax/ITS/From_AProVE_2014__juHashMapCreateContainsValue.jar-obl-11__p32765_safety_0.smt2,127.604,1584,14180,成功
/pub/data/jiafq/iscas/Parser_Comparison/../benchmarks/part57/non-incremental/QF_NIA/20170427-VeryMax/ITS/From_AProVE_2014__juHashMapCreateContainsValue.jar-obl-11__p32766_safety_0.smt2,181.171,2112,21377,成功
/pub/data/jiafq/iscas/Parser_Comparison/../benchmarks/part57/non-incremental/QF_NIA/20170427-VeryMax/ITS/From_AProVE_2014__juHashMapCreateContainsValue.jar-obl-11__p32767_safety_0.smt2,71.6591,1056,7670,成功
/pub/data/jiafq/iscas/Parser_Comparison/../benchmarks/part57/non-incremental/QF_NIA/20170427-VeryMax/ITS/From_AProVE_2014__juHashMapCreateContainsValue.jar-obl-11__p327_safety_0.smt2,30.9741,528,3041,成功
/pub/data/jiafq/iscas/Parser_Comparison/../benchmarks/part57/non-incremental/QF_NIA/20170427-VeryMax/ITS/From_AProVE_2014__juHashMapCreateContainsValue.jar-obl-11__p329_safety_0.smt2,51.2047,792,5487,成功
/pub/data/jiafq/iscas/Parser_Comparison/../benchmarks/part57/non-incremental/QF_NIA/20170427-VeryMax/ITS/From_AProVE_2014__juHashMapCreateContainsValue.jar-obl-11__p331_safety_0.smt2,74.3618,1056,8260,成功
/pub/data/jiafq/iscas/Parser_Comparison/../benchmarks/part57/non-incremental/QF_NIA/20170427-VeryMax/ITS/From_AProVE_2014__juHashMapCreateContainsValue.jar-obl-11__p332_safety_0.smt2,74.1572,1056,7976,成功
/pub/data/jiafq/iscas/Parser_Comparison/../benchmarks/part57/non-incremental/QF_NIA/20170427-VeryMax/ITS/From_AProVE_2014__juHashMapCreateContainsValue.jar-obl-11__p333_safety_0.smt2,131.232,1584,14646,成功
/pub/data/jiafq/iscas/Parser_Comparison/../benchmarks/part57/non-incremental/QF_NIA/20170427-VeryMax/ITS/From_AProVE_2014__juHashMapCreateContainsValue.jar-obl-11__p334_safety_0.smt2,192.724,2112,22165,成功
/pub/data/jiafq/iscas/Parser_Comparison/../benchmarks/part57/non-incremental/QF_NIA/20170427-VeryMax/ITS/From_AProVE_2014__juHashMapCreateContainsValue.jar-obl-11__p335_safety_0.smt2,73.9725,1056,7809,成功
/pub/data/jiafq/iscas/Parser_Comparison/../benchmarks/part57/non-incremental/QF_NIA/20170427-VeryMax/ITS/From_AProVE_2014__juHashMapCreateContainsValue.jar-obl-11__p336_safety_0.smt2,126.663,1584,14380,成功
/pub/data/jiafq/iscas/Parser_Comparison/../benchmarks/part57/non-incremental/QF_NIA/20170427-VeryMax/ITS/From_AProVE_2014__juHashMapCreateContainsValue.jar-obl-11__p338_safety_0.smt2,188.59,2112,21800,成功
/pub/data/jiafq/iscas/Parser_Comparison/../benchmarks/part57/non-incremental/QF_NIA/20170427-VeryMax/ITS/From_AProVE_2014__juHashMapCreateContainsValue.jar-obl-11__p348_safety_0.smt2,71.1451,792,8003,成功
/pub/data/jiafq/iscas/Parser_Comparison/../benchmarks/part57/non-incremental/QF_NIA/20170427-VeryMax/ITS/From_AProVE_2014__juHashMapCreateContainsValue.jar-obl-11__p350_safety_0.smt2,51.9252,792,5515,成功
/pub/data/jiafq/iscas/Parser_Comparison/../benchmarks/part57/non-incremental/QF_NIA/20170427-VeryMax/ITS/From_AProVE_2014__juHashMapCreateContainsValue.jar-obl-11__p351_safety_0.smt2,74.4395,1056,8282,成功
/pub/data/jiafq/iscas/Parser_Comparison/../benchmarks/part57/non-incremental/QF_NIA/20170427-VeryMax/ITS/From_AProVE_2014__juHashMapCreateContainsValue.jar-obl-11__p355_safety_0.smt2,61.0738,792,6486,成功
/pub/data/jiafq/iscas/Parser_Comparison/../benchmarks/part57/non-incremental/QF_NIA/20170427-VeryMax/ITS/From_AProVE_2014__juHashMapCreateContainsValue.jar-obl-11__p356_safety_0.smt2,86.1833,1056,9698,成功
/pub/data/jiafq/iscas/Parser_Comparison/../benchmarks/part57/non-incremental/QF_NIA/20170427-VeryMax/ITS/From_AProVE_2014__juHashMapCreateContainsValue.jar-obl-11__p358_safety_0.smt2,52.4814,792,5544,成功
/pub/data/jiafq/iscas/Parser_Comparison/../benchmarks/part57/non-incremental/QF_NIA/20170427-VeryMax/ITS/From_AProVE_2014__juHashMapCreateContainsValue.jar-obl-11__p359_safety_0.smt2,75.1169,1056,8323,成功
/pub/data/jiafq/iscas/Parser_Comparison/../benchmarks/part57/non-incremental/QF_NIA/20170427-VeryMax/ITS/From_AProVE_2014__juHashMapCreateContainsValue.jar-obl-11__p363_safety_0.smt2,58.2559,792,6486,成功
/pub/data/jiafq/iscas/Parser_Comparison/../benchmarks/part57/non-incremental/QF_NIA/20170427-VeryMax/ITS/From_AProVE_2014__juHashMapCreateContainsValue.jar-obl-11__p364_safety_0.smt2,84.3673,1056,9698,成功
/pub/data/jiafq/iscas/Parser_Comparison/../benchmarks/part57/non-incremental/QF_NIA/20170427-VeryMax/ITS/From_AProVE_2014__juHashMapCreateContainsValue.jar-obl-11__p365_safety_0.smt2,31.9133,528,3092,成功
/pub/data/jiafq/iscas/Parser_Comparison/../benchmarks/part57/non-incremental/QF_NIA/20170427-VeryMax/ITS/From_AProVE_2014__juHashMapCreateContainsValue.jar-obl-11__p366_safety_0.smt2,52.5727,792,5544,成功
/pub/data/jiafq/iscas/Parser_Comparison/../benchmarks/part57/non-incremental/QF_NIA/20170427-VeryMax/ITS/From_AProVE_2014__juHashMapCreateContainsValue.jar-obl-11__p367_safety_0.smt2,74.4832,1056,8323,成功
/pub/data/jiafq/iscas/Parser_Comparison/../benchmarks/part57/non-incremental/QF_NIA/20170427-VeryMax/ITS/From_AProVE_2014__juHashMapCreateContainsValue.jar-obl-11__p370_safety_0.smt2,36.4814,528,3606,成功
/pub/data/jiafq/iscas/Parser_Comparison/../benchmarks/part57/non-incremental/QF_NIA/20170427-VeryMax/ITS/From_AProVE_2014__juHashMapCreateContainsValue.jar-obl-11__p371_safety_0.smt2,60.0991,792,6496,成功
/pub/data/jiafq/iscas/Parser_Comparison/../benchmarks/part57/non-incremental/QF_NIA/20170427-VeryMax/ITS/From_AProVE_2014__juHashMapCreateContainsValue.jar-obl-11__p372_safety_0.smt2,90.4443,1056,9714,成功
/pub/data/jiafq/iscas/Parser_Comparison/../benchmarks/part57/non-incremental/QF_NIA/20170427-VeryMax/ITS/From_AProVE_2014__juHashMapCreateContainsValue.jar-obl-11__p373_safety_0.smt2,74.5666,1056,7977,成功
/pub/data/jiafq/iscas/Parser_Comparison/../benchmarks/part57/non-incremental/QF_NIA/20170427-VeryMax/ITS/From_AProVE_2014__juHashMapCreateContainsValue.jar-obl-11__p374_safety_0.smt2,130.519,1584,14647,成功
/pub/data/jiafq/iscas/Parser_Comparison/../benchmarks/part57/non-incremental/QF_NIA/20170427-VeryMax/ITS/From_AProVE_2014__juHashMapCreateContainsValue.jar-obl-11__p375_safety_0.smt2,190.165,2376,22166,成功
/pub/data/jiafq/iscas/Parser_Comparison/../benchmarks/part57/non-incremental/QF_NIA/20170427-VeryMax/ITS/From_AProVE_2014__juHashMapCreateContainsValue.jar-obl-11__p376_safety_0.smt2,75.1839,1056,8059,成功
/pub/data/jiafq/iscas/Parser_Comparison/../benchmarks/part57/non-incremental/QF_NIA/20170427-VeryMax/ITS/From_AProVE_2014__juHashMapCreateContainsValue.jar-obl-11__p377_safety_0.smt2,132.01,1584,14795,成功
/pub/data/jiafq/iscas/Parser_Comparison/../benchmarks/part57/non-incremental/QF_NIA/20170427-VeryMax/ITS/From_AProVE_2014__juHashMapCreateContainsValue.jar-obl-11__p378_safety_0.smt2,191.567,2640,22380,成功
/pub/data/jiafq/iscas/Parser_Comparison/../benchmarks/part57/non-incremental/QF_NIA/20170427-VeryMax/ITS/From_AProVE_2014__juHashMapCreateContainsValue.jar-obl-11__p383_safety_0.smt2,76.7229,1056,8939,成功
/pub/data/jiafq/iscas/Parser_Comparison/../benchmarks/part57/non-incremental/QF_NIA/20170427-VeryMax/ITS/From_AProVE_2014__juHashMapCreateContainsValue.jar-obl-11__p387_safety_0.smt2,58.3465,792,6409,成功
/pub/data/jiafq/iscas/Parser_Comparison/../benchmarks/part57/non-incremental/QF_NIA/20170427-VeryMax/ITS/From_AProVE_2014__juHashMapCreateContainsValue.jar-obl-11__p388_safety_0.smt2,84.6698,1056,9578,成功
/pub/data/jiafq/iscas/Parser_Comparison/../benchmarks/part57/non-incremental/QF_NIA/20170427-VeryMax/ITS/From_AProVE_2014__juHashMapCreateContainsValue.jar-obl-11__p392_safety_0.smt2,58.0428,792,6419,成功
/pub/data/jiafq/iscas/Parser_Comparison/../benchmarks/part57/non-incremental/QF_NIA/20170427-VeryMax/ITS/From_AProVE_2014__juHashMapCreateContainsValue.jar-obl-11__p393_safety_0.smt2,84.2388,1056,9594,成功
/pub/data/jiafq/iscas/Parser_Comparison/../benchmarks/part57/non-incremental/QF_NIA/20170427-VeryMax/ITS/From_AProVE_2014__juHashMapCreateContainsValue.jar-obl-11__p396_safety_0.smt2,35.5742,528,3572,成功
/pub/data/jiafq/iscas/Parser_Comparison/../benchmarks/part57/non-incremental/QF_NIA/20170427-VeryMax/ITS/From_AProVE_2014__juHashMapCreateContainsValue.jar-obl-11__p397_safety_0.smt2,58.7823,792,6419,成功
/pub/data/jiafq/iscas/Parser_Comparison/../benchmarks/part57/non-incremental/QF_NIA/20170427-VeryMax/ITS/From_AProVE_2014__juHashMapCreateContainsValue.jar-obl-11__p398_safety_0.smt2,84.7137,1056,9594,成功
/pub/data/jiafq/iscas/Parser_Comparison/../benchmarks/part57/non-incremental/QF_NIA/20170427-VeryMax/ITS/From_AProVE_2014__juHashMapCreateContainsValue.jar-obl-11__p407_safety_0.smt2,82.6483,1056,9349,成功
/pub/data/jiafq/iscas/Parser_Comparison/../benchmarks/part57/non-incremental/QF_NIA/20170427-VeryMax/ITS/From_AProVE_2014__juHashMapCreateContainsValue.jar-obl-11__p410_safety_0.smt2,83.2345,1056,9380,成功
/pub/data/jiafq/iscas/Parser_Comparison/../benchmarks/part57/non-incremental/QF_NIA/20170427-VeryMax/ITS/From_AProVE_2014__juHashMapCreateContainsValue.jar-obl-11__p413_safety_0.smt2,37.2069,528,3805,成功
/pub/data/jiafq/iscas/Parser_Comparison/../benchmarks/part57/non-incremental/QF_NIA/20170427-VeryMax/ITS/From_AProVE_2014__juHashMapCreateContainsValue.jar-obl-11__p414_safety_0.smt2,61.6148,792,6803,成功
/pub/data/jiafq/iscas/Parser_Comparison/../benchmarks/part57/non-incremental/QF_NIA/20170427-VeryMax/ITS/From_AProVE_2014__juHashMapCreateContainsValue.jar-obl-11__p415_safety_0.smt2,89.7572,1056,10129,成功
/pub/data/jiafq/iscas/Parser_Comparison/../benchmarks/part57/non-incremental/QF_NIA/20170427-VeryMax/ITS/From_AProVE_2014__juHashMapCreateContainsValue.jar-obl-11__p419_safety_0.smt2,61.9495,792,6787,成功
/pub/data/jiafq/iscas/Parser_Comparison/../benchmarks/part57/non-incremental/QF_NIA/20170427-VeryMax/ITS/From_AProVE_2014__juHashMapCreateContainsValue.jar-obl-11__p420_safety_0.smt2,90.1508,1056,10112,成功
/pub/data/jiafq/iscas/Parser_Comparison/../benchmarks/part57/non-incremental/QF_NIA/20170427-VeryMax/ITS/From_AProVE_2014__juHashMapCreateContainsValue.jar-obl-11__p423_safety_0.smt2,37.3764,528,3809,成功
/pub/data/jiafq/iscas/Parser_Comparison/../benchmarks/part57/non-incremental/QF_NIA/20170427-VeryMax/ITS/From_AProVE_2014__juHashMapCreateContainsValue.jar-obl-11__p424_safety_0.smt2,60.9303,792,6813,成功
/pub/data/jiafq/iscas/Parser_Comparison/../benchmarks/part57/non-incremental/QF_NIA/20170427-VeryMax/ITS/From_AProVE_2014__juHashMapCreateContainsValue.jar-obl-11__p425_safety_0.smt2,87.3208,1056,10145,成功
/pub/data/jiafq/iscas/Parser_Comparison/../benchmarks/part57/non-incremental/QF_NIA/20170427-VeryMax/ITS/From_AProVE_2014__juHashMapCreateContainsValue.jar-obl-11__p429_safety_0.smt2,63.8909,792,6999,成功
/pub/data/jiafq/iscas/Parser_Comparison/../benchmarks/part57/non-incremental/QF_NIA/20170427-VeryMax/ITS/From_AProVE_2014__juHashMapCreateContainsValue.jar-obl-11__p430_safety_0.smt2,92.8102,1056,10408,成功
/pub/data/jiafq/iscas/Parser_Comparison/../benchmarks/part57/non-incremental/QF_NIA/20170427-VeryMax/ITS/From_AProVE_2014__juHashMapCreateContainsValue.jar-obl-11__p433_safety_0.smt2,38.0902,528,3916,成功
/pub/data/jiafq/iscas/Parser_Comparison/../benchmarks/part57/non-incremental/QF_NIA/20170427-VeryMax/ITS/From_AProVE_2014__juHashMapCreateContainsValue.jar-obl-11__p434_safety_0.smt2,62.5434,792,6997,成功
/pub/data/jiafq/iscas/Parser_Comparison/../benchmarks/part57/non-incremental/QF_NIA/20170427-VeryMax/ITS/From_AProVE_2014__juHashMapCreateContainsValue.jar-obl-11__p435_safety_0.smt2,91.0347,1056,10406,成功
/pub/data/jiafq/iscas/Parser_Comparison/../benchmarks/part57/non-incremental/QF_NIA/20170427-VeryMax/ITS/From_AProVE_2014__juHashMapCreateContainsValue.jar-obl-11__p438_terminationG_0.smt2,140.828,2112,13205,成功
/pub/data/jiafq/iscas/Parser_Comparison/../benchmarks/part57/non-incremental/QF_NIA/20170427-VeryMax/ITS/From_AProVE_2014__juHashMapCreateContainsValue.jar-obl-11__p439_terminationG_0.smt2,193.002,2904,19141,成功
/pub/data/jiafq/iscas/Parser_Comparison/../benchmarks/part57/non-incremental/QF_NIA/20170427-VeryMax/ITS/From_AProVE_2014__juHashMapCreateContainsValue.jar-obl-11__p440_terminationG_0.smt2,251.57,3404,25801,成功
/pub/data/jiafq/iscas/Parser_Comparison/../benchmarks/part57/non-incremental/QF_NIA/20170427-VeryMax/ITS/From_AProVE_2014__juHashMapCreateContainsValue.jar-obl-11__p442_edge_closing_0.smt2,718.07,10932,64473,成功
/pub/data/jiafq/iscas/Parser_Comparison/../benchmarks/part57/non-incremental/QF_NIA/20170427-VeryMax/ITS/From_AProVE_2014__juHashMapCreateContainsValue.jar-obl-11__p443_edge_closing_0.smt2,905.356,12432,83195,成功
/pub/data/jiafq/iscas/Parser_Comparison/../benchmarks/part57/non-incremental/QF_NIA/20170427-VeryMax/ITS/From_AProVE_2014__juHashMapCreateContainsValue.jar-obl-11__p444_edge_closing_0.smt2,1084.75,13924,101630,成功
/pub/data/jiafq/iscas/Parser_Comparison/../benchmarks/part57/non-incremental/QF_NIA/20170427-VeryMax/ITS/From_AProVE_2014__juHashMapCreateContainsValue.jar-obl-11__term_unfeasibility_2_0.smt2,55.4793,792,5766,成功
/pub/data/jiafq/iscas/Parser_Comparison/../benchmarks/part57/non-incremental/QF_NIA/20170427-VeryMax/ITS/From_AProVE_2014__juHashMapCreateContainsValue.jar-obl-11__terminationS_0_0.smt2,96.6394,1320,9676,成功
/pub/data/jiafq/iscas/Parser_Comparison/../benchmarks/part57/non-incremental/QF_NIA/20170427-VeryMax/ITS/From_AProVE_2014__juHashMapCreateContainsValue.jar-obl-11__terminationS_1_0.smt2,98.3505,1584,9808,成功
/pub/data/jiafq/iscas/Parser_Comparison/../benchmarks/part57/non-incremental/QF_NIA/20170427-VeryMax/ITS/From_AProVE_2014__juHashMapCreateContainsValue.jar-obl-11__terminationS_2_0.smt2,91.7158,1320,9291,成功
/pub/data/jiafq/iscas/Parser_Comparison/../benchmarks/part57/non-incremental/QF_NIA/20170427-VeryMax/ITS/From_AProVE_2014__juHashMapCreateContainsValue.jar-obl-11__terminationS_3_0.smt2,92.7513,1320,9513,成功
/pub/data/jiafq/iscas/Parser_Comparison/../benchmarks/part57/non-incremental/QF_NIA/20170427-VeryMax/ITS/From_AProVE_2014__juHashMapCreateGet.jar-obl-11__p1001_safety_0.smt2,74.9273,792,8512,成功
/pub/data/jiafq/iscas/Parser_Comparison/../benchmarks/part57/non-incremental/QF_NIA/20170427-VeryMax/ITS/From_AProVE_2014__juHashMapCreateGet.jar-obl-11__p1105_safety_0.smt2,53.5004,792,5774,成功
/pub/data/jiafq/iscas/Parser_Comparison/../benchmarks/part57/non-incremental/QF_NIA/20170427-VeryMax/ITS/From_AProVE_2014__juHashMapCreateGet.jar-obl-11__p1247_safety_0.smt2,68.5859,792,7629,成功
/pub/data/jiafq/iscas/Parser_Comparison/../benchmarks/part57/non-incremental/QF_NIA/20170427-VeryMax/ITS/From_AProVE_2014__juHashMapCreateGet.jar-obl-11__p1252_safety_0.smt2,77.1012,1056,8729,成功
/pub/data/jiafq/iscas/Parser_Comparison/../benchmarks/part57/non-incremental/QF_NIA/20170427-VeryMax/ITS/From_AProVE_2014__juHashMapCreateGet.jar-obl-11__p1414_safety_0.smt2,53.8962,792,5858,成功
/pub/data/jiafq/iscas/Parser_Comparison/../benchmarks/part57/non-incremental/QF_NIA/20170427-VeryMax/ITS/From_AProVE_2014__juHashMapCreateGet.jar-obl-11__p469_safety_0.smt2,50.5641,792,5584,成功
/pub/data/jiafq/iscas/Parser_Comparison/../benchmarks/part57/non-incremental/QF_NIA/20170427-VeryMax/ITS/From_AProVE_2014__juHashMapCreateGet.jar-obl-11__p607_safety_0.smt2,48.4495,792,5172,成功
/pub/data/jiafq/iscas/Parser_Comparison/../benchmarks/part57/non-incremental/QF_NIA/20170427-VeryMax/ITS/From_AProVE_2014__juHashMapCreateGet.jar-obl-11__p771_safety_0.smt2,51.6505,792,5730,成功
/pub/data/jiafq/iscas/Parser_Comparison/../benchmarks/part57/non-incremental/QF_NIA/20170427-VeryMax/ITS/From_AProVE_2014__juHashMapCreateGet.jar-obl-11__p807_safety_0.smt2,73.2746,792,8400,成功
/pub/data/jiafq/iscas/Parser_Comparison/../benchmarks/part57/non-incremental/QF_NIA/20170427-VeryMax/ITS/From_AProVE_2014__juHashMapCreateIsEmpty.jar-obl-10__p1541_terminationG_0.smt2,117.375,1848,11201,成功
/pub/data/jiafq/iscas/Parser_Comparison/../benchmarks/part57/non-incremental/QF_NIA/20170427-VeryMax/ITS/From_AProVE_2014__juHashMapCreateIsEmpty.jar-obl-10__p1542_terminationG_0.smt2,166.036,2640,16393,成功
/pub/data/jiafq/iscas/Parser_Comparison/../benchmarks/part57/non-incremental/QF_NIA/20170427-VeryMax/ITS/From_AProVE_2014__juHashMapCreateIsEmpty.jar-obl-10__p1543_terminationG_0.smt2,217.382,3168,22267,成功
/pub/data/jiafq/iscas/Parser_Comparison/../benchmarks/part57/non-incremental/QF_NIA/20170427-VeryMax/ITS/From_AProVE_2014__juHashMapCreateIsEmpty.jar-obl-10__p1554_safety_0.smt2,73.4098,792,8404,成功
/pub/data/jiafq/iscas/Parser_Comparison/../benchmarks/part57/non-incremental/QF_NIA/20170427-VeryMax/ITS/From_AProVE_2014__juHashMapCreateIsEmpty.jar-obl-10__p1555_safety_0.smt2,72.8807,792,8422,成功
/pub/data/jiafq/iscas/Parser_Comparison/../benchmarks/part57/non-incremental/QF_NIA/20170427-VeryMax/ITS/From_AProVE_2014__juHashMapCreateIsEmpty.jar-obl-10__p1559_safety_0.smt2,56.5784,792,6021,成功
/pub/data/jiafq/iscas/Parser_Comparison/../benchmarks/part57/non-incremental/QF_NIA/20170427-VeryMax/ITS/From_AProVE_2014__juHashMapCreateIsEmpty.jar-obl-10__p1560_safety_0.smt2,82.5415,1056,9068,成功
/pub/data/jiafq/iscas/Parser_Comparison/../benchmarks/part57/non-incremental/QF_NIA/20170427-VeryMax/ITS/From_AProVE_2014__juHashMapCreateIsEmpty.jar-obl-10__p1565_safety_0.smt2,79.4973,1056,9062,成功
/pub/data/jiafq/iscas/Parser_Comparison/../benchmarks/part57/non-incremental/QF_NIA/20170427-VeryMax/ITS/From_AProVE_2014__juHashMapCreateIsEmpty.jar-obl-10__p1569_safety_0.smt2,56.3862,792,6031,成功
/pub/data/jiafq/iscas/Parser_Comparison/../benchmarks/part57/non-incremental/QF_NIA/20170427-VeryMax/ITS/From_AProVE_2014__juHashMapCreateIsEmpty.jar-obl-10__p1570_safety_0.smt2,80.1802,1056,9084,成功
/pub/data/jiafq/iscas/Parser_Comparison/../benchmarks/part57/non-incremental/QF_NIA/20170427-VeryMax/ITS/From_AProVE_2014__juHashMapCreateIsEmpty.jar-obl-10__p1574_safety_0.smt2,57.6062,792,6019,成功
/pub/data/jiafq/iscas/Parser_Comparison/../benchmarks/part57/non-incremental/QF_NIA/20170427-VeryMax/ITS/From_AProVE_2014__juHashMapCreateIsEmpty.jar-obl-10__p1575_safety_0.smt2,79.74,1056,9060,成功
/pub/data/jiafq/iscas/Parser_Comparison/../benchmarks/part57/non-incremental/QF_NIA/20170427-VeryMax/ITS/From_AProVE_2014__juHashMapCreateIsEmpty.jar-obl-10__p1578_safety_0.smt2,32.5193,528,3290,成功
/pub/data/jiafq/iscas/Parser_Comparison/../benchmarks/part57/non-incremental/QF_NIA/20170427-VeryMax/ITS/From_AProVE_2014__juHashMapCreateIsEmpty.jar-obl-10__p1579_safety_0.smt2,54.6801,788,6031,成功
/pub/data/jiafq/iscas/Parser_Comparison/../benchmarks/part57/non-incremental/QF_NIA/20170427-VeryMax/ITS/From_AProVE_2014__juHashMapCreateIsEmpty.jar-obl-10__p1580_safety_0.smt2,79.16,1056,9084,成功
/pub/data/jiafq/iscas/Parser_Comparison/../benchmarks/part57/non-incremental/QF_NIA/20170427-VeryMax/ITS/From_AProVE_2014__juHashMapCreateIsEmpty.jar-obl-10__p1583_safety_0.smt2,32.356,528,3290,成功
/pub/data/jiafq/iscas/Parser_Comparison/../benchmarks/part57/non-incremental/QF_NIA/20170427-VeryMax/ITS/From_AProVE_2014__juHashMapCreateIsEmpty.jar-obl-10__p1584_safety_0.smt2,55.2335,792,6019,成功
/pub/data/jiafq/iscas/Parser_Comparison/../benchmarks/part57/non-incremental/QF_NIA/20170427-VeryMax/ITS/From_AProVE_2014__juHashMapCreateIsEmpty.jar-obl-10__p1585_safety_0.smt2,79.5963,1056,9060,成功
/pub/data/jiafq/iscas/Parser_Comparison/../benchmarks/part57/non-incremental/QF_NIA/20170427-VeryMax/ITS/From_AProVE_2014__juHashMapCreateIsEmpty.jar-obl-10__p1587_safety_0.smt2,99.2477,1320,11185,成功
/pub/data/jiafq/iscas/Parser_Comparison/../benchmarks/part57/non-incremental/QF_NIA/20170427-VeryMax/ITS/From_AProVE_2014__juHashMapCreateIsEmpty.jar-obl-10__p1588_safety_0.smt2,147.184,1584,17166,成功
/pub/data/jiafq/iscas/Parser_Comparison/../benchmarks/part57/non-incremental/QF_NIA/20170427-VeryMax/ITS/From_AProVE_2014__juHashMapCreateIsEmpty.jar-obl-10__p1590_safety_0.smt2,103.966,1320,11438,成功
/pub/data/jiafq/iscas/Parser_Comparison/../benchmarks/part57/non-incremental/QF_NIA/20170427-VeryMax/ITS/From_AProVE_2014__juHashMapCreateIsEmpty.jar-obl-10__p1591_safety_0.smt2,148.887,1848,17509,成功
/pub/data/jiafq/iscas/Parser_Comparison/../benchmarks/part57/non-incremental/QF_NIA/20170427-VeryMax/ITS/From_AProVE_2014__juHashMapCreateIsEmpty.jar-obl-10__p1596_safety_0.smt2,73.8928,792,8400,成功
/pub/data/jiafq/iscas/Parser_Comparison/../benchmarks/part57/non-incremental/QF_NIA/20170427-VeryMax/ITS/From_AProVE_2014__juHashMapCreateIsEmpty.jar-obl-10__p1601_safety_0.smt2,68.5487,792,7653,成功
/pub/data/jiafq/iscas/Parser_Comparison/../benchmarks/part57/non-incremental/QF_NIA/20170427-VeryMax/ITS/From_AProVE_2014__juHashMapCreateIsEmpty.jar-obl-10__p1605_safety_0.smt2,55.027,792,5992,成功
/pub/data/jiafq/iscas/Parser_Comparison/../benchmarks/part57/non-incremental/QF_NIA/20170427-VeryMax/ITS/From_AProVE_2014__juHashMapCreateIsEmpty.jar-obl-10__p1606_safety_0.smt2,80.5936,1056,9017,成功
/pub/data/jiafq/iscas/Parser_Comparison/../benchmarks/part57/non-incremental/QF_NIA/20170427-VeryMax/ITS/From_AProVE_2014__juHashMapCreateIsEmpty.jar-obl-10__p1608_safety_0.smt2,50.3783,792,5277,成功
/pub/data/jiafq/iscas/Parser_Comparison/../benchmarks/part57/non-incremental/QF_NIA/20170427-VeryMax/ITS/From_AProVE_2014__juHashMapCreateIsEmpty.jar-obl-10__p1613_safety_0.smt2,57.2577,792,6204,成功
/pub/data/jiafq/iscas/Parser_Comparison/../benchmarks/part57/non-incremental/QF_NIA/20170427-VeryMax/ITS/From_AProVE_2014__juHashMapCreateIsEmpty.jar-obl-10__p1614_safety_0.smt2,82.5973,1056,9313,成功
/pub/data/jiafq/iscas/Parser_Comparison/../benchmarks/part57/non-incremental/QF_NIA/20170427-VeryMax/ITS/From_AProVE_2014__juHashMapCreateIsEmpty.jar-obl-10__p1616_safety_0.smt2,51.439,792,5458,成功
/pub/data/jiafq/iscas/Parser_Comparison/../benchmarks/part57/non-incremental/QF_NIA/20170427-VeryMax/ITS/From_AProVE_2014__juHashMapCreateIsEmpty.jar-obl-10__p1621_safety_0.smt2,57.0951,792,6202,成功
/pub/data/jiafq/iscas/Parser_Comparison/../benchmarks/part57/non-incremental/QF_NIA/20170427-VeryMax/ITS/From_AProVE_2014__juHashMapCreateIsEmpty.jar-obl-10__p1622_safety_0.smt2,81.9681,1056,9311,成功
/pub/data/jiafq/iscas/Parser_Comparison/../benchmarks/part57/non-incremental/QF_NIA/20170427-VeryMax/ITS/From_AProVE_2014__juHashMapCreateIsEmpty.jar-obl-10__p1624_safety_0.smt2,52.4383,792,5457,成功
/pub/data/jiafq/iscas/Parser_Comparison/../benchmarks/part57/non-incremental/QF_NIA/20170427-VeryMax/ITS/From_AProVE_2014__juHashMapCreateIsEmpty.jar-obl-10__p1625_safety_0.smt2,75.1734,1056,8213,成功
/pub/data/jiafq/iscas/Parser_Comparison/../benchmarks/part57/non-incremental/QF_NIA/20170427-VeryMax/ITS/From_AProVE_2014__juHashMapCreateIsEmpty.jar-obl-10__p1628_safety_0.smt2,59.5095,792,6354,成功
/pub/data/jiafq/iscas/Parser_Comparison/../benchmarks/part57/non-incremental/QF_NIA/20170427-VeryMax/ITS/From_AProVE_2014__juHashMapCreateIsEmpty.jar-obl-10__p1629_safety_0.smt2,107.894,1320,11924,成功
/pub/data/jiafq/iscas/Parser_Comparison/../benchmarks/part57/non-incremental/QF_NIA/20170427-VeryMax/ITS/From_AProVE_2014__juHashMapCreateIsEmpty.jar-obl-10__p1630_safety_0.smt2,158.29,1848,18297,成功
/pub/data/jiafq/iscas/Parser_Comparison/../benchmarks/part57/non-incremental/QF_NIA/20170427-VeryMax/ITS/From_AProVE_2014__juHashMapCreateIsEmpty.jar-obl-10__p1631_safety_0.smt2,63.1623,792,6570,成功
/pub/data/jiafq/iscas/Parser_Comparison/../benchmarks/part57/non-incremental/QF_NIA/20170427-VeryMax/ITS/From_AProVE_2014__juHashMapCreateIsEmpty.jar-obl-10__p1632_safety_0.smt2,110.744,1584,12272,成功
/pub/data/jiafq/iscas/Parser_Comparison/../benchmarks/part57/non-incremental/QF_NIA/20170427-VeryMax/ITS/From_AProVE_2014__juHashMapCreateIsEmpty.jar-obl-10__p1633_safety_0.smt2,162.735,1848,18777,成功
/pub/data/jiafq/iscas/Parser_Comparison/../benchmarks/part57/non-incremental/QF_NIA/20170427-VeryMax/ITS/From_AProVE_2014__juHashMapCreateIsEmpty.jar-obl-10__p1638_safety_0.smt2,74.2214,792,8562,成功
/pub/data/jiafq/iscas/Parser_Comparison/../benchmarks/part57/non-incremental/QF_NIA/20170427-VeryMax/ITS/From_AProVE_2014__juHashMapCreateIsEmpty.jar-obl-10__p1648_safety_0.smt2,82.6347,1056,9235,成功
/pub/data/jiafq/iscas/Parser_Comparison/../benchmarks/part57/non-incremental/QF_NIA/20170427-VeryMax/ITS/From_AProVE_2014__juHashMapCreateIsEmpty.jar-obl-10__p1650_safety_0.smt2,48.4855,792,5217,成功
/pub/data/jiafq/iscas/Parser_Comparison/../benchmarks/part57/non-incremental/QF_NIA/20170427-VeryMax/ITS/From_AProVE_2014__juHashMapCreateIsEmpty.jar-obl-10__p1651_safety_0.smt2,70.1513,792,7862,成功
/pub/data/jiafq/iscas/Parser_Comparison/../benchmarks/part57/non-incremental/QF_NIA/20170427-VeryMax/ITS/From_AProVE_2014__juHashMapCreateIsEmpty.jar-obl-10__p1655_safety_0.smt2,49.7713,792,5217,成功
/pub/data/jiafq/iscas/Parser_Comparison/../benchmarks/part57/non-incremental/QF_NIA/20170427-VeryMax/ITS/From_AProVE_2014__juHashMapCreateIsEmpty.jar-obl-10__p1656_safety_0.smt2,71.0564,1056,7862,成功
/pub/data/jiafq/iscas/Parser_Comparison/../benchmarks/part57/non-incremental/QF_NIA/20170427-VeryMax/ITS/From_AProVE_2014__juHashMapCreateIsEmpty.jar-obl-10__p1658_safety_0.smt2,58.3003,792,6370,成功
/pub/data/jiafq/iscas/Parser_Comparison/../benchmarks/part57/non-incremental/QF_NIA/20170427-VeryMax/ITS/From_AProVE_2014__juHashMapCreateIsEmpty.jar-obl-10__p1659_safety_0.smt2,84.8315,1056,9531,成功
/pub/data/jiafq/iscas/Parser_Comparison/../benchmarks/part57/non-incremental/QF_NIA/20170427-VeryMax/ITS/From_AProVE_2014__juHashMapCreateIsEmpty.jar-obl-10__p1660_safety_0.smt2,30.0367,528,2885,成功
/pub/data/jiafq/iscas/Parser_Comparison/../benchmarks/part57/non-incremental/QF_NIA/20170427-VeryMax/ITS/From_AProVE_2014__juHashMapCreateIsEmpty.jar-obl-10__p1661_safety_0.smt2,48.8026,792,5222,成功
/pub/data/jiafq/iscas/Parser_Comparison/../benchmarks/part57/non-incremental/QF_NIA/20170427-VeryMax/ITS/From_AProVE_2014__juHashMapCreateIsEmpty.jar-obl-10__p1662_safety_0.smt2,71.5756,1056,7870,成功
/pub/data/jiafq/iscas/Parser_Comparison/../benchmarks/part57/non-incremental/QF_NIA/20170427-VeryMax/ITS/From_AProVE_2014__juHashMapCreateIsEmpty.jar-obl-10__p1665_safety_0.smt2,34.5433,528,3519,成功
/pub/data/jiafq/iscas/Parser_Comparison/../benchmarks/part57/non-incremental/QF_NIA/20170427-VeryMax/ITS/From_AProVE_2014__juHashMapCreateIsEmpty.jar-obl-10__p1666_safety_0.smt2,58.1133,792,6368,成功
/pub/data/jiafq/iscas/Parser_Comparison/../benchmarks/part57/non-incremental/QF_NIA/20170427-VeryMax/ITS/From_AProVE_2014__juHashMapCreateIsEmpty.jar-obl-10__p1667_safety_0.smt2,83.9078,1056,9529,成功
/pub/data/jiafq/iscas/Parser_Comparison/../benchmarks/part57/non-incremental/QF_NIA/20170427-VeryMax/ITS/From_AProVE_2014__juHashMapCreateIsEmpty.jar-obl-10__p1668_safety_0.smt2,63.637,792,6820,成功
/pub/data/jiafq/iscas/Parser_Comparison/../benchmarks/part57/non-incremental/QF_NIA/20170427-VeryMax/ITS/From_AProVE_2014__juHashMapCreateIsEmpty.jar-obl-10__p1669_safety_0.smt2,112.448,1584,12687,成功
/pub/data/jiafq/iscas/Parser_Comparison/../benchmarks/part57/non-incremental/QF_NIA/20170427-VeryMax/ITS/From_AProVE_2014__juHashMapCreateIsEmpty.jar-obl-10__p1670_safety_0.smt2,169.095,1848,19357,成功
/pub/data/jiafq/iscas/Parser_Comparison/../benchmarks/part57/non-incremental/QF_NIA/20170427-VeryMax/ITS/From_AProVE_2014__juHashMapCreateIsEmpty.jar-obl-10__p1672_safety_0.smt2,111.305,1320,12423,成功
/pub/data/jiafq/iscas/Parser_Comparison/../benchmarks/part57/non-incremental/QF_NIA/20170427-VeryMax/ITS/From_AProVE_2014__juHashMapCreateIsEmpty.jar-obl-10__p1673_safety_0.smt2,162.561,1848,18994,成功
/pub/data/jiafq/iscas/Parser_Comparison/../benchmarks/part57/non-incremental/QF_NIA/20170427-VeryMax/ITS/From_AProVE_2014__juHashMapCreateIsEmpty.jar-obl-10__p1688_safety_0.smt2,69.3281,792,7628,成功
/pub/data/jiafq/iscas/Parser_Comparison/../benchmarks/part57/non-incremental/QF_NIA/20170427-VeryMax/ITS/From_AProVE_2014__juHashMapCreateIsEmpty.jar-obl-10__p1690_safety_0.smt2,59.1652,792,6013,成功
/pub/data/jiafq/iscas/Parser_Comparison/../benchmarks/part57/non-incremental/QF_NIA/20170427-VeryMax/ITS/From_AProVE_2014__juHashMapCreateIsEmpty.jar-obl-10__p1691_safety_0.smt2,87.1713,1056,9012,成功
/pub/data/jiafq/iscas/Parser_Comparison/../benchmarks/part57/non-incremental/QF_NIA/20170427-VeryMax/ITS/From_AProVE_2014__juHashMapCreateIsEmpty.jar-obl-10__p1696_safety_0.smt2,50.0343,792,5267,成功
/pub/data/jiafq/iscas/Parser_Comparison/../benchmarks/part57/non-incremental/QF_NIA/20170427-VeryMax/ITS/From_AProVE_2014__juHashMapCreateIsEmpty.jar-obl-10__p1697_safety_0.smt2,70.8752,1056,7927,成功
/pub/data/jiafq/iscas/Parser_Comparison/../benchmarks/part57/non-incremental/QF_NIA/20170427-VeryMax/ITS/From_AProVE_2014__juHashMapCreateIsEmpty.jar-obl-10__p1699_safety_0.smt2,56.6537,792,6225,成功
/pub/data/jiafq/iscas/Parser_Comparison/../benchmarks/part57/non-incremental/QF_NIA/20170427-VeryMax/ITS/From_AProVE_2014__juHashMapCreateIsEmpty.jar-obl-10__p1700_safety_0.smt2,85.2959,1056,9308,成功
/pub/data/jiafq/iscas/Parser_Comparison/../benchmarks/part57/non-incremental/QF_NIA/20170427-VeryMax/ITS/From_AProVE_2014__juHashMapCreateIsEmpty.jar-obl-10__p1708_safety_0.smt2,61.7926,792,6223,成功
/pub/data/jiafq/iscas/Parser_Comparison/../benchmarks/part57/non-incremental/QF_NIA/20170427-VeryMax/ITS/From_AProVE_2014__juHashMapCreateIsEmpty.jar-obl-10__p1709_safety_0.smt2,84.1446,1056,9306,成功
/pub/data/jiafq/iscas/Parser_Comparison/../benchmarks/part57/non-incremental/QF_NIA/20170427-VeryMax/ITS/From_AProVE_2014__juHashMapCreateIsEmpty.jar-obl-10__p1710_safety_0.smt2,30.6466,528,2920,成功
/pub/data/jiafq/iscas/Parser_Comparison/../benchmarks/part57/non-incremental/QF_NIA/20170427-VeryMax/ITS/From_AProVE_2014__juHashMapCreateIsEmpty.jar-obl-10__p1711_safety_0.smt2,50.2877,792,5272,成功
/pub/data/jiafq/iscas/Parser_Comparison/../benchmarks/part57/non-incremental/QF_NIA/20170427-VeryMax/ITS/From_AProVE_2014__juHashMapCreateIsEmpty.jar-obl-10__p1712_safety_0.smt2,73.0262,1056,7935,成功
/pub/data/jiafq/iscas/Parser_Comparison/../benchmarks/part57/non-incremental/QF_NIA/20170427-VeryMax/ITS/From_AProVE_2014__juHashMapCreateIsEmpty.jar-obl-10__p1717_terminationG_0.smt2,124.061,2112,11659,成功
/pub/data/jiafq/iscas/Parser_Comparison/../benchmarks/part57/non-incremental/QF_NIA/20170427-VeryMax/ITS/From_AProVE_2014__juHashMapCreateIsEmpty.jar-obl-10__p1718_terminationG_0.smt2,171.431,2640,16989,成功
/pub/data/jiafq/iscas/Parser_Comparison/../benchmarks/part57/non-incremental/QF_NIA/20170427-VeryMax/ITS/From_AProVE_2014__juHashMapCreateIsEmpty.jar-obl-10__p1719_terminationG_0.smt2,222.209,3168,23007,成功
/pub/data/jiafq/iscas/Parser_Comparison/../benchmarks/part57/non-incremental/QF_NIA/20170427-VeryMax/ITS/From_AProVE_2014__juHashMapCreateIsEmpty.jar-obl-10__p1730_safety_0.smt2,74.7309,792,8457,成功
/pub/data/jiafq/iscas/Parser_Comparison/../benchmarks/part57/non-incremental/QF_NIA/20170427-VeryMax/ITS/From_AProVE_2014__juHashMapCreateIsEmpty.jar-obl-10__p1731_safety_0.smt2,73.5519,792,8439,成功
/pub/data/jiafq/iscas/Parser_Comparison/../benchmarks/part57/non-incremental/QF_NIA/20170427-VeryMax/ITS/From_AProVE_2014__juHashMapCreateIsEmpty.jar-obl-10__p1738_safety_0.smt2,55.5329,792,6042,成功
/pub/data/jiafq/iscas/Parser_Comparison/../benchmarks/part57/non-incremental/QF_NIA/20170427-VeryMax/ITS/From_AProVE_2014__juHashMapCreateIsEmpty.jar-obl-10__p1739_safety_0.smt2,55.1095,792,6048,成功
/pub/data/jiafq/iscas/Parser_Comparison/../benchmarks/part57/non-incremental/QF_NIA/20170427-VeryMax/ITS/From_AProVE_2014__juHashMapCreateIsEmpty.jar-obl-10__p1740_safety_0.smt2,79.7396,1056,9086,成功
/pub/data/jiafq/iscas/Parser_Comparison/../benchmarks/part57/non-incremental/QF_NIA/20170427-VeryMax/ITS/From_AProVE_2014__juHashMapCreateIsEmpty.jar-obl-10__p1741_safety_0.smt2,81.6011,1056,9086,成功
/pub/data/jiafq/iscas/Parser_Comparison/../benchmarks/part57/non-incremental/QF_NIA/20170427-VeryMax/ITS/From_AProVE_2014__juHashMapCreateIsEmpty.jar-obl-10__p1747_safety_0.smt2,55.3939,792,6058,成功
/pub/data/jiafq/iscas/Parser_Comparison/../benchmarks/part57/non-incremental/QF_NIA/20170427-VeryMax/ITS/From_AProVE_2014__juHashMapCreateIsEmpty.jar-obl-10__p1748_safety_0.smt2,80.8456,1056,9102,成功
/pub/data/jiafq/iscas/Parser_Comparison/../benchmarks/part57/non-incremental/QF_NIA/20170427-VeryMax/ITS/From_AProVE_2014__juHashMapCreateIsEmpty.jar-obl-10__p1749_safety_0.smt2,35.8591,528,3308,成功
/pub/data/jiafq/iscas/Parser_Comparison/../benchmarks/part57/non-incremental/QF_NIA/20170427-VeryMax/ITS/From_AProVE_2014__juHashMapCreateIsEmpty.jar-obl-10__p1750_safety_0.smt2,57.1795,792,6040,成功
/pub/data/jiafq/iscas/Parser_Comparison/../benchmarks/part57/non-incremental/QF_NIA/20170427-VeryMax/ITS/From_AProVE_2014__juHashMapCreateIsEmpty.jar-obl-10__p1751_safety_0.smt2,79.7772,1056,9084,成功
/pub/data/jiafq/iscas/Parser_Comparison/../benchmarks/part57/non-incremental/QF_NIA/20170427-VeryMax/ITS/From_AProVE_2014__juHashMapCreateIsEmpty.jar-obl-10__p1754_safety_0.smt2,33.293,528,3326,成功
/pub/data/jiafq/iscas/Parser_Comparison/../benchmarks/part57/non-incremental/QF_NIA/20170427-VeryMax/ITS/From_AProVE_2014__juHashMapCreateIsEmpty.jar-obl-10__p1755_safety_0.smt2,57.4517,792,6058,成功
/pub/data/jiafq/iscas/Parser_Comparison/../benchmarks/part57/non-incremental/QF_NIA/20170427-VeryMax/ITS/From_AProVE_2014__juHashMapCreateIsEmpty.jar-obl-10__p1756_safety_0.smt2,81.4307,1056,9102,成功
/pub/data/jiafq/iscas/Parser_Comparison/../benchmarks/part57/non-incremental/QF_NIA/20170427-VeryMax/ITS/From_AProVE_2014__juHashMapCreateIsEmpty.jar-obl-10__p1758_safety_0.smt2,104.023,1320,11616,成功
/pub/data/jiafq/iscas/Parser_Comparison/../benchmarks/part57/non-incremental/QF_NIA/20170427-VeryMax/ITS/From_AProVE_2014__juHashMapCreateIsEmpty.jar-obl-10__p1759_safety_0.smt2,154.01,1848,17747,成功
/pub/data/jiafq/iscas/Parser_Comparison/../benchmarks/part57/non-incremental/QF_NIA/20170427-VeryMax/ITS/From_AProVE_2014__juHashMapCreateIsEmpty.jar-obl-10__p1760_safety_0.smt2,60.8151,792,6452,成功
/pub/data/jiafq/iscas/Parser_Comparison/../benchmarks/part57/non-incremental/QF_NIA/20170427-VeryMax/ITS/From_AProVE_2014__juHashMapCreateIsEmpty.jar-obl-10__p1761_safety_0.smt2,108.692,1320,11869,成功
/pub/data/jiafq/iscas/Parser_Comparison/../benchmarks/part57/non-incremental/QF_NIA/20170427-VeryMax/ITS/From_AProVE_2014__juHashMapCreateIsEmpty.jar-obl-10__p1762_safety_0.smt2,154.405,1848,18090,成功
/pub/data/jiafq/iscas/Parser_Comparison/../benchmarks/part57/non-incremental/QF_NIA/20170427-VeryMax/ITS/From_AProVE_2014__juHashMapCreateIsEmpty.jar-obl-10__p1766_safety_0.smt2,47.2429,792,5034,成功
/pub/data/jiafq/iscas/Parser_Comparison/../benchmarks/part57/non-incremental/QF_NIA/20170427-VeryMax/ITS/From_AProVE_2014__juHashMapCreateIsEmpty.jar-obl-10__p1775_safety_0.smt2,48.4421,792,5197,成功
/pub/data/jiafq/iscas/Parser_Comparison/../benchmarks/part57/non-incremental/QF_NIA/20170427-VeryMax/ITS/From_AProVE_2014__juHashMapCreateIsEmpty.jar-obl-10__p1776_safety_0.smt2,70.3239,1056,7845,成功
/pub/data/jiafq/iscas/Parser_Comparison/../benchmarks/part57/non-incremental/QF_NIA/20170427-VeryMax/ITS/From_AProVE_2014__juHashMapCreateIsEmpty.jar-obl-10__p1781_safety_0.smt2,55.7053,792,6084,成功
/pub/data/jiafq/iscas/Parser_Comparison/../benchmarks/part57/non-incremental/QF_NIA/20170427-VeryMax/ITS/From_AProVE_2014__juHashMapCreateIsEmpty.jar-obl-10__p1782_safety_0.smt2,79.7262,1056,9126,成功
/pub/data/jiafq/iscas/Parser_Comparison/../benchmarks/part57/non-incremental/QF_NIA/20170427-VeryMax/ITS/From_AProVE_2014__juHashMapCreateIsEmpty.jar-obl-10__p1784_safety_0.smt2,49.8352,792,5196,成功
/pub/data/jiafq/iscas/Parser_Comparison/../benchmarks/part57/non-incremental/QF_NIA/20170427-VeryMax/ITS/From_AProVE_2014__juHashMapCreateIsEmpty.jar-obl-10__p1785_safety_0.smt2,70.3318,1056,7844,成功
/pub/data/jiafq/iscas/Parser_Comparison/../benchmarks/part57/non-incremental/QF_NIA/20170427-VeryMax/ITS/From_AProVE_2014__juHashMapCreateIsEmpty.jar-obl-10__p1792_safety_0.smt2,56.1497,792,6112,成功
/pub/data/jiafq/iscas/Parser_Comparison/../benchmarks/part57/non-incremental/QF_NIA/20170427-VeryMax/ITS/From_AProVE_2014__juHashMapCreateIsEmpty.jar-obl-10__p1793_safety_0.smt2,81.2359,1056,9166,成功
/pub/data/jiafq/iscas/Parser_Comparison/../benchmarks/part57/non-incremental/QF_NIA/20170427-VeryMax/ITS/From_AProVE_2014__juHashMapCreateIsEmpty.jar-obl-10__p1794_safety_0.smt2,29.7804,528,2859,成功
/pub/data/jiafq/iscas/Parser_Comparison/../benchmarks/part57/non-incremental/QF_NIA/20170427-VeryMax/ITS/From_AProVE_2014__juHashMapCreateIsEmpty.jar-obl-10__p1797_safety_0.smt2,49.1197,792,5196,成功
/pub/data/jiafq/iscas/Parser_Comparison/../benchmarks/part57/non-incremental/QF_NIA/20170427-VeryMax/ITS/From_AProVE_2014__juHashMapCreateIsEmpty.jar-obl-10__p1798_safety_0.smt2,71.2047,1056,7844,成功
/pub/data/jiafq/iscas/Parser_Comparison/../benchmarks/part57/non-incremental/QF_NIA/20170427-VeryMax/ITS/From_AProVE_2014__juHashMapCreateIsEmpty.jar-obl-10__p1801_safety_0.smt2,33.7682,528,3370,成功
/pub/data/jiafq/iscas/Parser_Comparison/../benchmarks/part57/non-incremental/QF_NIA/20170427-VeryMax/ITS/From_AProVE_2014__juHashMapCreateIsEmpty.jar-obl-10__p1802_safety_0.smt2,55.7914,792,6112,成功
/pub/data/jiafq/iscas/Parser_Comparison/../benchmarks/part57/non-incremental/QF_NIA/20170427-VeryMax/ITS/From_AProVE_2014__juHashMapCreateIsEmpty.jar-obl-10__p1803_safety_0.smt2,80.1086,1056,9166,成功
/pub/data/jiafq/iscas/Parser_Comparison/../benchmarks/part57/non-incremental/QF_NIA/20170427-VeryMax/ITS/From_AProVE_2014__juHashMapCreateIsEmpty.jar-obl-10__p1804_safety_0.smt2,62.4986,792,6637,成功
/pub/data/jiafq/iscas/Parser_Comparison/../benchmarks/part57/non-incremental/QF_NIA/20170427-VeryMax/ITS/From_AProVE_2014__juHashMapCreateIsEmpty.jar-obl-10__p1805_safety_0.smt2,109.933,1584,12372,成功
/pub/data/jiafq/iscas/Parser_Comparison/../benchmarks/part57/non-incremental/QF_NIA/20170427-VeryMax/ITS/From_AProVE_2014__juHashMapCreateIsEmpty.jar-obl-10__p1806_safety_0.smt2,163.146,1848,18910,成功
/pub/data/jiafq/iscas/Parser_Comparison/../benchmarks/part57/non-incremental/QF_NIA/20170427-VeryMax/ITS/From_AProVE_2014__juHashMapCreateIsEmpty.jar-obl-10__p1807_safety_0.smt2,64.4386,792,6804,成功
/pub/data/jiafq/iscas/Parser_Comparison/../benchmarks/part57/non-incremental/QF_NIA/20170427-VeryMax/ITS/From_AProVE_2014__juHashMapCreateIsEmpty.jar-obl-10__p1808_safety_0.smt2,112.159,1584,12638,成功
/pub/data/jiafq/iscas/Parser_Comparison/../benchmarks/part57/non-incremental/QF_NIA/20170427-VeryMax/ITS/From_AProVE_2014__juHashMapCreateIsEmpty.jar-obl-10__p1810_safety_0.smt2,166.512,1848,19275,成功
/pub/data/jiafq/iscas/Parser_Comparison/../benchmarks/part57/non-incremental/QF_NIA/20170427-VeryMax/ITS/From_AProVE_2014__juHashMapCreateIsEmpty.jar-obl-10__p1840_safety_0.smt2,48.1071,792,5100,成功
/pub/data/jiafq/iscas/Parser_Comparison/../benchmarks/part57/non-incremental/QF_NIA/20170427-VeryMax/ITS/From_AProVE_2014__juHashMapCreateIsEmpty.jar-obl-10__p1843_safety_0.smt2,68.7518,792,7639,成功
/pub/data/jiafq/iscas/Parser_Comparison/../benchmarks/part57/non-incremental/QF_NIA/20170427-VeryMax/ITS/From_AProVE_2014__juHashMapCreateIsEmpty.jar-obl-10__p1846_safety_0.smt2,54.8799,792,6052,成功
/pub/data/jiafq/iscas/Parser_Comparison/../benchmarks/part57/non-incremental/QF_NIA/20170427-VeryMax/ITS/From_AProVE_2014__juHashMapCreateIsEmpty.jar-obl-10__p1853_safety_0.smt2,80.3766,1056,9077,成功
/pub/data/jiafq/iscas/Parser_Comparison/../benchmarks/part57/non-incremental/QF_NIA/20170427-VeryMax/ITS/From_AProVE_2014__juHashMapCreateIsEmpty.jar-obl-10__p1860_safety_0.smt2,57.2393,792,6264,成功
/pub/data/jiafq/iscas/Parser_Comparison/../benchmarks/part57/non-incremental/QF_NIA/20170427-VeryMax/ITS/From_AProVE_2014__juHashMapCreateIsEmpty.jar-obl-10__p1861_safety_0.smt2,83.2767,1056,9373,成功
/pub/data/jiafq/iscas/Parser_Comparison/../benchmarks/part57/non-incremental/QF_NIA/20170427-VeryMax/ITS/From_AProVE_2014__juHashMapCreateIsEmpty.jar-obl-10__p1871_safety_0.smt2,72.7639,1056,7947,成功
/pub/data/jiafq/iscas/Parser_Comparison/../benchmarks/part57/non-incremental/QF_NIA/20170427-VeryMax/ITS/From_AProVE_2014__juHashMapCreateIsEmpty.jar-obl-10__p1878_safety_0.smt2,35.0981,528,3465,成功
/pub/data/jiafq/iscas/Parser_Comparison/../benchmarks/part57/non-incremental/QF_NIA/20170427-VeryMax/ITS/From_AProVE_2014__juHashMapCreateIsEmpty.jar-obl-10__p1881_safety_0.smt2,57.8487,792,6262,成功
/pub/data/jiafq/iscas/Parser_Comparison/../benchmarks/part57/non-incremental/QF_NIA/20170427-VeryMax/ITS/From_AProVE_2014__juHashMapCreateIsEmpty.jar-obl-10__p1882_safety_0.smt2,82.0675,1056,9371,成功
/pub/data/jiafq/iscas/Parser_Comparison/../benchmarks/part57/non-incremental/QF_NIA/20170427-VeryMax/ITS/From_AProVE_2014__juHashMapCreateIsEmpty.jar-obl-10__p1885_safety_0.smt2,52.2656,792,5465,成功
/pub/data/jiafq/iscas/Parser_Comparison/../benchmarks/part57/non-incremental/QF_NIA/20170427-VeryMax/ITS/From_AProVE_2014__juHashMapCreateIsEmpty.jar-obl-10__p1891_safety_0.smt2,75.6874,1056,8200,成功
/pub/data/jiafq/iscas/Parser_Comparison/../benchmarks/part57/non-incremental/QF_NIA/20170427-VeryMax/ITS/From_AProVE_2014__juHashMapCreateIsEmpty.jar-obl-10__p1892_safety_0.smt2,32.0132,528,3040,成功
/pub/data/jiafq/iscas/Parser_Comparison/../benchmarks/part57/non-incremental/QF_NIA/20170427-VeryMax/ITS/From_AProVE_2014__juHashMapCreateIsEmpty.jar-obl-10__p1893_safety_0.smt2,52.3019,792,5464,成功
/pub/data/jiafq/iscas/Parser_Comparison/../benchmarks/part57/non-incremental/QF_NIA/20170427-VeryMax/ITS/From_AProVE_2014__juHashMapCreateIsEmpty.jar-obl-10__p1894_safety_0.smt2,76.514,1056,8199,成功
平均值,91.3484,1183.73,9519.68,100%
