文件名,解析时间(ms),内存使用(KB),AST节点数量,结果
/pub/data/jiafq/iscas/Parser_Comparison/../benchmarks/part28/non-incremental/QF_BV/sage/app8/bench_724.smt2,57.9991,792,8795,成功
/pub/data/jiafq/iscas/Parser_Comparison/../benchmarks/part28/non-incremental/QF_BV/sage/app8/bench_725.smt2,8.81195,264,523,成功
/pub/data/jiafq/iscas/Parser_Comparison/../benchmarks/part28/non-incremental/QF_BV/sage/app8/bench_726.smt2,57.3134,792,8795,成功
/pub/data/jiafq/iscas/Parser_Comparison/../benchmarks/part28/non-incremental/QF_BV/sage/app8/bench_727.smt2,58.3086,792,8809,成功
/pub/data/jiafq/iscas/Parser_Comparison/../benchmarks/part28/non-incremental/QF_BV/sage/app8/bench_728.smt2,58.3735,792,8809,成功
/pub/data/jiafq/iscas/Parser_Comparison/../benchmarks/part28/non-incremental/QF_BV/sage/app8/bench_729.smt2,58.4278,792,8795,成功
/pub/data/jiafq/iscas/Parser_Comparison/../benchmarks/part28/non-incremental/QF_BV/sage/app8/bench_73.smt2,6.75869,264,526,成功
/pub/data/jiafq/iscas/Parser_Comparison/../benchmarks/part28/non-incremental/QF_BV/sage/app8/bench_730.smt2,58.331,792,8795,成功
/pub/data/jiafq/iscas/Parser_Comparison/../benchmarks/part28/non-incremental/QF_BV/sage/app8/bench_731.smt2,57.1117,792,8809,成功
/pub/data/jiafq/iscas/Parser_Comparison/../benchmarks/part28/non-incremental/QF_BV/sage/app8/bench_732.smt2,57.7748,792,8809,成功
/pub/data/jiafq/iscas/Parser_Comparison/../benchmarks/part28/non-incremental/QF_BV/sage/app8/bench_733.smt2,57.0529,792,8793,成功
/pub/data/jiafq/iscas/Parser_Comparison/../benchmarks/part28/non-incremental/QF_BV/sage/app8/bench_734.smt2,54.4295,792,8793,成功
/pub/data/jiafq/iscas/Parser_Comparison/../benchmarks/part28/non-incremental/QF_BV/sage/app8/bench_735.smt2,57.09,792,8809,成功
/pub/data/jiafq/iscas/Parser_Comparison/../benchmarks/part28/non-incremental/QF_BV/sage/app8/bench_736.smt2,8.43883,264,447,成功
/pub/data/jiafq/iscas/Parser_Comparison/../benchmarks/part28/non-incremental/QF_BV/sage/app8/bench_737.smt2,57.761,792,8809,成功
/pub/data/jiafq/iscas/Parser_Comparison/../benchmarks/part28/non-incremental/QF_BV/sage/app8/bench_738.smt2,57.3347,792,8789,成功
/pub/data/jiafq/iscas/Parser_Comparison/../benchmarks/part28/non-incremental/QF_BV/sage/app8/bench_739.smt2,58.5847,792,8782,成功
/pub/data/jiafq/iscas/Parser_Comparison/../benchmarks/part28/non-incremental/QF_BV/sage/app8/bench_74.smt2,6.62851,264,485,成功
/pub/data/jiafq/iscas/Parser_Comparison/../benchmarks/part28/non-incremental/QF_BV/sage/app8/bench_740.smt2,54.4205,792,8774,成功
/pub/data/jiafq/iscas/Parser_Comparison/../benchmarks/part28/non-incremental/QF_BV/sage/app8/bench_741.smt2,57.8678,792,8809,成功
/pub/data/jiafq/iscas/Parser_Comparison/../benchmarks/part28/non-incremental/QF_BV/sage/app8/bench_742.smt2,57.312,792,8809,成功
/pub/data/jiafq/iscas/Parser_Comparison/../benchmarks/part28/non-incremental/QF_BV/sage/app8/bench_743.smt2,56.5097,792,8809,成功
/pub/data/jiafq/iscas/Parser_Comparison/../benchmarks/part28/non-incremental/QF_BV/sage/app8/bench_744.smt2,57.3339,792,8809,成功
/pub/data/jiafq/iscas/Parser_Comparison/../benchmarks/part28/non-incremental/QF_BV/sage/app8/bench_745.smt2,57.9464,792,8767,成功
/pub/data/jiafq/iscas/Parser_Comparison/../benchmarks/part28/non-incremental/QF_BV/sage/app8/bench_746.smt2,57.2393,792,8762,成功
/pub/data/jiafq/iscas/Parser_Comparison/../benchmarks/part28/non-incremental/QF_BV/sage/app8/bench_747.smt2,94.1999,1056,32284,成功
/pub/data/jiafq/iscas/Parser_Comparison/../benchmarks/part28/non-incremental/QF_BV/sage/app8/bench_748.smt2,58.3198,792,8757,成功
/pub/data/jiafq/iscas/Parser_Comparison/../benchmarks/part28/non-incremental/QF_BV/sage/app8/bench_749.smt2,57.1387,792,8752,成功
/pub/data/jiafq/iscas/Parser_Comparison/../benchmarks/part28/non-incremental/QF_BV/sage/app8/bench_75.smt2,6.95252,264,442,成功
/pub/data/jiafq/iscas/Parser_Comparison/../benchmarks/part28/non-incremental/QF_BV/sage/app8/bench_751.smt2,56.8452,792,8748,成功
/pub/data/jiafq/iscas/Parser_Comparison/../benchmarks/part28/non-incremental/QF_BV/sage/app8/bench_752.smt2,57.5929,792,8660,成功
/pub/data/jiafq/iscas/Parser_Comparison/../benchmarks/part28/non-incremental/QF_BV/sage/app8/bench_753.smt2,55.1066,792,8615,成功
/pub/data/jiafq/iscas/Parser_Comparison/../benchmarks/part28/non-incremental/QF_BV/sage/app8/bench_754.smt2,56.5908,792,8572,成功
/pub/data/jiafq/iscas/Parser_Comparison/../benchmarks/part28/non-incremental/QF_BV/sage/app8/bench_755.smt2,57.2207,792,8484,成功
/pub/data/jiafq/iscas/Parser_Comparison/../benchmarks/part28/non-incremental/QF_BV/sage/app8/bench_756.smt2,56.5059,792,8439,成功
/pub/data/jiafq/iscas/Parser_Comparison/../benchmarks/part28/non-incremental/QF_BV/sage/app8/bench_757.smt2,57.2591,792,8396,成功
/pub/data/jiafq/iscas/Parser_Comparison/../benchmarks/part28/non-incremental/QF_BV/sage/app8/bench_758.smt2,96.2484,1056,32165,成功
/pub/data/jiafq/iscas/Parser_Comparison/../benchmarks/part28/non-incremental/QF_BV/sage/app8/bench_759.smt2,56.7095,792,8307,成功
/pub/data/jiafq/iscas/Parser_Comparison/../benchmarks/part28/non-incremental/QF_BV/sage/app8/bench_76.smt2,6.28209,264,399,成功
/pub/data/jiafq/iscas/Parser_Comparison/../benchmarks/part28/non-incremental/QF_BV/sage/app8/bench_760.smt2,55.3117,792,8302,成功
/pub/data/jiafq/iscas/Parser_Comparison/../benchmarks/part28/non-incremental/QF_BV/sage/app8/bench_762.smt2,56.3631,792,8259,成功
/pub/data/jiafq/iscas/Parser_Comparison/../benchmarks/part28/non-incremental/QF_BV/sage/app8/bench_763.smt2,57.0273,792,8215,成功
/pub/data/jiafq/iscas/Parser_Comparison/../benchmarks/part28/non-incremental/QF_BV/sage/app8/bench_765.smt2,55.9235,792,8160,成功
/pub/data/jiafq/iscas/Parser_Comparison/../benchmarks/part28/non-incremental/QF_BV/sage/app8/bench_766.smt2,56.7117,792,8160,成功
/pub/data/jiafq/iscas/Parser_Comparison/../benchmarks/part28/non-incremental/QF_BV/sage/app8/bench_767.smt2,56.7343,792,8132,成功
/pub/data/jiafq/iscas/Parser_Comparison/../benchmarks/part28/non-incremental/QF_BV/sage/app8/bench_768.smt2,54.3602,792,8131,成功
/pub/data/jiafq/iscas/Parser_Comparison/../benchmarks/part28/non-incremental/QF_BV/sage/app8/bench_769.smt2,94.5284,1056,32057,成功
/pub/data/jiafq/iscas/Parser_Comparison/../benchmarks/part28/non-incremental/QF_BV/sage/app8/bench_77.smt2,31.976,528,3174,成功
/pub/data/jiafq/iscas/Parser_Comparison/../benchmarks/part28/non-incremental/QF_BV/sage/app8/bench_770.smt2,56.4342,792,8131,成功
/pub/data/jiafq/iscas/Parser_Comparison/../benchmarks/part28/non-incremental/QF_BV/sage/app8/bench_771.smt2,55.7506,792,8106,成功
/pub/data/jiafq/iscas/Parser_Comparison/../benchmarks/part28/non-incremental/QF_BV/sage/app8/bench_772.smt2,57.4701,792,8105,成功
/pub/data/jiafq/iscas/Parser_Comparison/../benchmarks/part28/non-incremental/QF_BV/sage/app8/bench_773.smt2,53.3192,792,8084,成功
/pub/data/jiafq/iscas/Parser_Comparison/../benchmarks/part28/non-incremental/QF_BV/sage/app8/bench_774.smt2,56.4559,792,8066,成功
/pub/data/jiafq/iscas/Parser_Comparison/../benchmarks/part28/non-incremental/QF_BV/sage/app8/bench_775.smt2,54.7187,792,8048,成功
/pub/data/jiafq/iscas/Parser_Comparison/../benchmarks/part28/non-incremental/QF_BV/sage/app8/bench_776.smt2,56.6506,792,8030,成功
/pub/data/jiafq/iscas/Parser_Comparison/../benchmarks/part28/non-incremental/QF_BV/sage/app8/bench_777.smt2,56.16,792,8012,成功
/pub/data/jiafq/iscas/Parser_Comparison/../benchmarks/part28/non-incremental/QF_BV/sage/app8/bench_778.smt2,55.7561,792,7994,成功
/pub/data/jiafq/iscas/Parser_Comparison/../benchmarks/part28/non-incremental/QF_BV/sage/app8/bench_78.smt2,31.7841,528,3161,成功
/pub/data/jiafq/iscas/Parser_Comparison/../benchmarks/part28/non-incremental/QF_BV/sage/app8/bench_780.smt2,5.90611,264,192,成功
/pub/data/jiafq/iscas/Parser_Comparison/../benchmarks/part28/non-incremental/QF_BV/sage/app8/bench_781.smt2,1.04761,0,15,成功
/pub/data/jiafq/iscas/Parser_Comparison/../benchmarks/part28/non-incremental/QF_BV/sage/app8/bench_785.smt2,55.3594,792,7976,成功
/pub/data/jiafq/iscas/Parser_Comparison/../benchmarks/part28/non-incremental/QF_BV/sage/app8/bench_786.smt2,55.1164,792,7958,成功
/pub/data/jiafq/iscas/Parser_Comparison/../benchmarks/part28/non-incremental/QF_BV/sage/app8/bench_787.smt2,53.3259,792,7940,成功
/pub/data/jiafq/iscas/Parser_Comparison/../benchmarks/part28/non-incremental/QF_BV/sage/app8/bench_788.smt2,54.6825,792,7922,成功
/pub/data/jiafq/iscas/Parser_Comparison/../benchmarks/part28/non-incremental/QF_BV/sage/app8/bench_789.smt2,55.3823,792,7904,成功
/pub/data/jiafq/iscas/Parser_Comparison/../benchmarks/part28/non-incremental/QF_BV/sage/app8/bench_79.smt2,2.55823,0,67,成功
/pub/data/jiafq/iscas/Parser_Comparison/../benchmarks/part28/non-incremental/QF_BV/sage/app8/bench_790.smt2,55.8271,792,7886,成功
/pub/data/jiafq/iscas/Parser_Comparison/../benchmarks/part28/non-incremental/QF_BV/sage/app8/bench_791.smt2,55.1934,792,7868,成功
/pub/data/jiafq/iscas/Parser_Comparison/../benchmarks/part28/non-incremental/QF_BV/sage/app8/bench_792.smt2,0.958681,0,12,成功
/pub/data/jiafq/iscas/Parser_Comparison/../benchmarks/part28/non-incremental/QF_BV/sage/app8/bench_793.smt2,55.4237,792,7850,成功
/pub/data/jiafq/iscas/Parser_Comparison/../benchmarks/part28/non-incremental/QF_BV/sage/app8/bench_794.smt2,55.6388,792,7832,成功
/pub/data/jiafq/iscas/Parser_Comparison/../benchmarks/part28/non-incremental/QF_BV/sage/app8/bench_795.smt2,54.7519,792,7806,成功
/pub/data/jiafq/iscas/Parser_Comparison/../benchmarks/part28/non-incremental/QF_BV/sage/app8/bench_796.smt2,55.8252,792,7788,成功
/pub/data/jiafq/iscas/Parser_Comparison/../benchmarks/part28/non-incremental/QF_BV/sage/app8/bench_797.smt2,53.189,792,7762,成功
/pub/data/jiafq/iscas/Parser_Comparison/../benchmarks/part28/non-incremental/QF_BV/sage/app8/bench_798.smt2,54.6155,792,7746,成功
/pub/data/jiafq/iscas/Parser_Comparison/../benchmarks/part28/non-incremental/QF_BV/sage/app8/bench_799.smt2,54.1928,792,7719,成功
/pub/data/jiafq/iscas/Parser_Comparison/../benchmarks/part28/non-incremental/QF_BV/sage/app8/bench_8.smt2,3.79634,0,111,成功
/pub/data/jiafq/iscas/Parser_Comparison/../benchmarks/part28/non-incremental/QF_BV/sage/app8/bench_80.smt2,1.3938,0,25,成功
/pub/data/jiafq/iscas/Parser_Comparison/../benchmarks/part28/non-incremental/QF_BV/sage/app8/bench_800.smt2,53.8554,792,7726,成功
/pub/data/jiafq/iscas/Parser_Comparison/../benchmarks/part28/non-incremental/QF_BV/sage/app8/bench_801.smt2,54.1599,1056,7704,成功
/pub/data/jiafq/iscas/Parser_Comparison/../benchmarks/part28/non-incremental/QF_BV/sage/app8/bench_802.smt2,54.6031,792,7703,成功
/pub/data/jiafq/iscas/Parser_Comparison/../benchmarks/part28/non-incremental/QF_BV/sage/app8/bench_803.smt2,51.388,792,5115,成功
/pub/data/jiafq/iscas/Parser_Comparison/../benchmarks/part28/non-incremental/QF_BV/sage/app8/bench_804.smt2,54.6198,792,7703,成功
/pub/data/jiafq/iscas/Parser_Comparison/../benchmarks/part28/non-incremental/QF_BV/sage/app8/bench_805.smt2,53.3309,792,7684,成功
/pub/data/jiafq/iscas/Parser_Comparison/../benchmarks/part28/non-incremental/QF_BV/sage/app8/bench_806.smt2,53.7813,792,7683,成功
/pub/data/jiafq/iscas/Parser_Comparison/../benchmarks/part28/non-incremental/QF_BV/sage/app8/bench_807.smt2,54.7521,792,7683,成功
/pub/data/jiafq/iscas/Parser_Comparison/../benchmarks/part28/non-incremental/QF_BV/sage/app8/bench_808.smt2,54.6415,792,7667,成功
/pub/data/jiafq/iscas/Parser_Comparison/../benchmarks/part28/non-incremental/QF_BV/sage/app8/bench_809.smt2,53.5111,792,7664,成功
/pub/data/jiafq/iscas/Parser_Comparison/../benchmarks/part28/non-incremental/QF_BV/sage/app8/bench_81.smt2,8.86822,264,711,成功
/pub/data/jiafq/iscas/Parser_Comparison/../benchmarks/part28/non-incremental/QF_BV/sage/app8/bench_810.smt2,54.2741,792,7664,成功
/pub/data/jiafq/iscas/Parser_Comparison/../benchmarks/part28/non-incremental/QF_BV/sage/app8/bench_811.smt2,54.3485,792,7654,成功
/pub/data/jiafq/iscas/Parser_Comparison/../benchmarks/part28/non-incremental/QF_BV/sage/app8/bench_812.smt2,54.1379,792,7649,成功
/pub/data/jiafq/iscas/Parser_Comparison/../benchmarks/part28/non-incremental/QF_BV/sage/app8/bench_814.smt2,51.8305,792,5102,成功
/pub/data/jiafq/iscas/Parser_Comparison/../benchmarks/part28/non-incremental/QF_BV/sage/app8/bench_815.smt2,53.5352,792,7639,成功
/pub/data/jiafq/iscas/Parser_Comparison/../benchmarks/part28/non-incremental/QF_BV/sage/app8/bench_816.smt2,53.4358,792,7628,成功
/pub/data/jiafq/iscas/Parser_Comparison/../benchmarks/part28/non-incremental/QF_BV/sage/app8/bench_817.smt2,54.7814,792,7611,成功
/pub/data/jiafq/iscas/Parser_Comparison/../benchmarks/part28/non-incremental/QF_BV/sage/app8/bench_82.smt2,31.5104,528,3148,成功
/pub/data/jiafq/iscas/Parser_Comparison/../benchmarks/part28/non-incremental/QF_BV/sage/app8/bench_820.smt2,54.1687,792,7606,成功
/pub/data/jiafq/iscas/Parser_Comparison/../benchmarks/part28/non-incremental/QF_BV/sage/app8/bench_821.smt2,55.0432,792,7530,成功
/pub/data/jiafq/iscas/Parser_Comparison/../benchmarks/part28/non-incremental/QF_BV/sage/app8/bench_822.smt2,54.0316,792,7491,成功
/pub/data/jiafq/iscas/Parser_Comparison/../benchmarks/part28/non-incremental/QF_BV/sage/app8/bench_823.smt2,51.7595,792,7455,成功
/pub/data/jiafq/iscas/Parser_Comparison/../benchmarks/part28/non-incremental/QF_BV/sage/app8/bench_824.smt2,53.7982,792,7378,成功
/pub/data/jiafq/iscas/Parser_Comparison/../benchmarks/part28/non-incremental/QF_BV/sage/app8/bench_825.smt2,7.56145,264,371,成功
/pub/data/jiafq/iscas/Parser_Comparison/../benchmarks/part28/non-incremental/QF_BV/sage/app8/bench_826.smt2,53.427,792,7302,成功
/pub/data/jiafq/iscas/Parser_Comparison/../benchmarks/part28/non-incremental/QF_BV/sage/app8/bench_827.smt2,53.1287,792,7226,成功
/pub/data/jiafq/iscas/Parser_Comparison/../benchmarks/part28/non-incremental/QF_BV/sage/app8/bench_828.smt2,52.8913,792,7150,成功
/pub/data/jiafq/iscas/Parser_Comparison/../benchmarks/part28/non-incremental/QF_BV/sage/app8/bench_829.smt2,54.2088,792,7074,成功
/pub/data/jiafq/iscas/Parser_Comparison/../benchmarks/part28/non-incremental/QF_BV/sage/app8/bench_83.smt2,1.84512,0,38,成功
/pub/data/jiafq/iscas/Parser_Comparison/../benchmarks/part28/non-incremental/QF_BV/sage/app8/bench_830.smt2,54.3761,792,6998,成功
/pub/data/jiafq/iscas/Parser_Comparison/../benchmarks/part28/non-incremental/QF_BV/sage/app8/bench_831.smt2,49.8416,792,6959,成功
/pub/data/jiafq/iscas/Parser_Comparison/../benchmarks/part28/non-incremental/QF_BV/sage/app8/bench_832.smt2,52.0914,792,6922,成功
/pub/data/jiafq/iscas/Parser_Comparison/../benchmarks/part28/non-incremental/QF_BV/sage/app8/bench_833.smt2,52.9356,792,6845,成功
/pub/data/jiafq/iscas/Parser_Comparison/../benchmarks/part28/non-incremental/QF_BV/sage/app8/bench_834.smt2,51.1012,792,6840,成功
/pub/data/jiafq/iscas/Parser_Comparison/../benchmarks/part28/non-incremental/QF_BV/sage/app8/bench_836.smt2,7.97796,264,305,成功
/pub/data/jiafq/iscas/Parser_Comparison/../benchmarks/part28/non-incremental/QF_BV/sage/app8/bench_837.smt2,48.3794,792,6803,成功
/pub/data/jiafq/iscas/Parser_Comparison/../benchmarks/part28/non-incremental/QF_BV/sage/app8/bench_838.smt2,53.0243,792,6765,成功
/pub/data/jiafq/iscas/Parser_Comparison/../benchmarks/part28/non-incremental/QF_BV/sage/app8/bench_84.smt2,7.21335,264,226,成功
/pub/data/jiafq/iscas/Parser_Comparison/../benchmarks/part28/non-incremental/QF_BV/sage/app8/bench_841.smt2,52.6819,792,6694,成功
/pub/data/jiafq/iscas/Parser_Comparison/../benchmarks/part28/non-incremental/QF_BV/sage/app8/bench_842.smt2,53.019,792,6628,成功
/pub/data/jiafq/iscas/Parser_Comparison/../benchmarks/part28/non-incremental/QF_BV/sage/app8/bench_843.smt2,52.1336,792,6594,成功
/pub/data/jiafq/iscas/Parser_Comparison/../benchmarks/part28/non-incremental/QF_BV/sage/app8/bench_844.smt2,50.5958,792,6562,成功
/pub/data/jiafq/iscas/Parser_Comparison/../benchmarks/part28/non-incremental/QF_BV/sage/app8/bench_845.smt2,52.4697,792,6496,成功
/pub/data/jiafq/iscas/Parser_Comparison/../benchmarks/part28/non-incremental/QF_BV/sage/app8/bench_846.smt2,49.9506,792,6462,成功
/pub/data/jiafq/iscas/Parser_Comparison/../benchmarks/part28/non-incremental/QF_BV/sage/app8/bench_847.smt2,6.12545,264,198,成功
/pub/data/jiafq/iscas/Parser_Comparison/../benchmarks/part28/non-incremental/QF_BV/sage/app8/bench_848.smt2,53.1301,792,6430,成功
/pub/data/jiafq/iscas/Parser_Comparison/../benchmarks/part28/non-incremental/QF_BV/sage/app8/bench_849.smt2,50.6301,792,6363,成功
/pub/data/jiafq/iscas/Parser_Comparison/../benchmarks/part28/non-incremental/QF_BV/sage/app8/bench_85.smt2,7.09939,264,220,成功
/pub/data/jiafq/iscas/Parser_Comparison/../benchmarks/part28/non-incremental/QF_BV/sage/app8/bench_850.smt2,51.8734,792,6358,成功
/pub/data/jiafq/iscas/Parser_Comparison/../benchmarks/part28/non-incremental/QF_BV/sage/app8/bench_852.smt2,51.7802,792,6326,成功
/pub/data/jiafq/iscas/Parser_Comparison/../benchmarks/part28/non-incremental/QF_BV/sage/app8/bench_853.smt2,51.8396,792,6293,成功
/pub/data/jiafq/iscas/Parser_Comparison/../benchmarks/part28/non-incremental/QF_BV/sage/app8/bench_856.smt2,52.2845,792,6232,成功
/pub/data/jiafq/iscas/Parser_Comparison/../benchmarks/part28/non-incremental/QF_BV/sage/app8/bench_857.smt2,48.2707,792,6225,成功
/pub/data/jiafq/iscas/Parser_Comparison/../benchmarks/part28/non-incremental/QF_BV/sage/app8/bench_858.smt2,5.98574,264,193,成功
/pub/data/jiafq/iscas/Parser_Comparison/../benchmarks/part28/non-incremental/QF_BV/sage/app8/bench_859.smt2,51.1169,792,6213,成功
/pub/data/jiafq/iscas/Parser_Comparison/../benchmarks/part28/non-incremental/QF_BV/sage/app8/bench_86.smt2,6.98638,264,213,成功
/pub/data/jiafq/iscas/Parser_Comparison/../benchmarks/part28/non-incremental/QF_BV/sage/app8/bench_860.smt2,51.3933,792,6202,成功
/pub/data/jiafq/iscas/Parser_Comparison/../benchmarks/part28/non-incremental/QF_BV/sage/app8/bench_869.smt2,5.88727,264,194,成功
/pub/data/jiafq/iscas/Parser_Comparison/../benchmarks/part28/non-incremental/QF_BV/sage/app8/bench_87.smt2,7.05671,264,209,成功
/pub/data/jiafq/iscas/Parser_Comparison/../benchmarks/part28/non-incremental/QF_BV/sage/app8/bench_88.smt2,6.36148,264,188,成功
/pub/data/jiafq/iscas/Parser_Comparison/../benchmarks/part28/non-incremental/QF_BV/sage/app8/bench_880.smt2,5.9855,264,194,成功
/pub/data/jiafq/iscas/Parser_Comparison/../benchmarks/part28/non-incremental/QF_BV/sage/app8/bench_883.smt2,51.6503,792,6193,成功
/pub/data/jiafq/iscas/Parser_Comparison/../benchmarks/part28/non-incremental/QF_BV/sage/app8/bench_884.smt2,51.3585,792,6188,成功
/pub/data/jiafq/iscas/Parser_Comparison/../benchmarks/part28/non-incremental/QF_BV/sage/app8/bench_885.smt2,51.3771,792,6183,成功
/pub/data/jiafq/iscas/Parser_Comparison/../benchmarks/part28/non-incremental/QF_BV/sage/app8/bench_886.smt2,51.187,792,6178,成功
/pub/data/jiafq/iscas/Parser_Comparison/../benchmarks/part28/non-incremental/QF_BV/sage/app8/bench_887.smt2,51.5416,792,6173,成功
/pub/data/jiafq/iscas/Parser_Comparison/../benchmarks/part28/non-incremental/QF_BV/sage/app8/bench_888.smt2,51.0349,792,6168,成功
/pub/data/jiafq/iscas/Parser_Comparison/../benchmarks/part28/non-incremental/QF_BV/sage/app8/bench_889.smt2,50.7584,792,6163,成功
/pub/data/jiafq/iscas/Parser_Comparison/../benchmarks/part28/non-incremental/QF_BV/sage/app8/bench_89.smt2,1.16134,0,18,成功
/pub/data/jiafq/iscas/Parser_Comparison/../benchmarks/part28/non-incremental/QF_BV/sage/app8/bench_890.smt2,50.1657,792,6158,成功
/pub/data/jiafq/iscas/Parser_Comparison/../benchmarks/part28/non-incremental/QF_BV/sage/app8/bench_891.smt2,1.92213,0,47,成功
/pub/data/jiafq/iscas/Parser_Comparison/../benchmarks/part28/non-incremental/QF_BV/sage/app8/bench_892.smt2,1.61362,0,31,成功
/pub/data/jiafq/iscas/Parser_Comparison/../benchmarks/part28/non-incremental/QF_BV/sage/app8/bench_893.smt2,51.9183,792,6153,成功
/pub/data/jiafq/iscas/Parser_Comparison/../benchmarks/part28/non-incremental/QF_BV/sage/app8/bench_894.smt2,50.7379,528,6148,成功
/pub/data/jiafq/iscas/Parser_Comparison/../benchmarks/part28/non-incremental/QF_BV/sage/app8/bench_895.smt2,51.3513,792,6143,成功
/pub/data/jiafq/iscas/Parser_Comparison/../benchmarks/part28/non-incremental/QF_BV/sage/app8/bench_896.smt2,49.3665,528,6138,成功
/pub/data/jiafq/iscas/Parser_Comparison/../benchmarks/part28/non-incremental/QF_BV/sage/app8/bench_897.smt2,51.2619,528,6133,成功
/pub/data/jiafq/iscas/Parser_Comparison/../benchmarks/part28/non-incremental/QF_BV/sage/app8/bench_898.smt2,48.5063,792,6128,成功
/pub/data/jiafq/iscas/Parser_Comparison/../benchmarks/part28/non-incremental/QF_BV/sage/app8/bench_899.smt2,51.0023,792,6123,成功
/pub/data/jiafq/iscas/Parser_Comparison/../benchmarks/part28/non-incremental/QF_BV/sage/app8/bench_9.smt2,1.58191,0,31,成功
/pub/data/jiafq/iscas/Parser_Comparison/../benchmarks/part28/non-incremental/QF_BV/sage/app8/bench_90.smt2,1.81699,0,38,成功
/pub/data/jiafq/iscas/Parser_Comparison/../benchmarks/part28/non-incremental/QF_BV/sage/app8/bench_900.smt2,50.5385,792,6118,成功
/pub/data/jiafq/iscas/Parser_Comparison/../benchmarks/part28/non-incremental/QF_BV/sage/app8/bench_902.smt2,50.7052,528,6119,成功
/pub/data/jiafq/iscas/Parser_Comparison/../benchmarks/part28/non-incremental/QF_BV/sage/app8/bench_903.smt2,1.50967,0,31,成功
/pub/data/jiafq/iscas/Parser_Comparison/../benchmarks/part28/non-incremental/QF_BV/sage/app8/bench_904.smt2,49.9139,792,6119,成功
/pub/data/jiafq/iscas/Parser_Comparison/../benchmarks/part28/non-incremental/QF_BV/sage/app8/bench_905.smt2,50.1151,792,6133,成功
/pub/data/jiafq/iscas/Parser_Comparison/../benchmarks/part28/non-incremental/QF_BV/sage/app8/bench_906.smt2,50.2224,528,6133,成功
/pub/data/jiafq/iscas/Parser_Comparison/../benchmarks/part28/non-incremental/QF_BV/sage/app8/bench_907.smt2,50.4241,528,6117,成功
/pub/data/jiafq/iscas/Parser_Comparison/../benchmarks/part28/non-incremental/QF_BV/sage/app8/bench_908.smt2,50.0295,528,6117,成功
/pub/data/jiafq/iscas/Parser_Comparison/../benchmarks/part28/non-incremental/QF_BV/sage/app8/bench_909.smt2,50.2121,528,6133,成功
/pub/data/jiafq/iscas/Parser_Comparison/../benchmarks/part28/non-incremental/QF_BV/sage/app8/bench_91.smt2,31.2018,528,3142,成功
/pub/data/jiafq/iscas/Parser_Comparison/../benchmarks/part28/non-incremental/QF_BV/sage/app8/bench_910.smt2,50.5288,528,6133,成功
/pub/data/jiafq/iscas/Parser_Comparison/../benchmarks/part28/non-incremental/QF_BV/sage/app8/bench_911.smt2,50.3278,792,6114,成功
/pub/data/jiafq/iscas/Parser_Comparison/../benchmarks/part28/non-incremental/QF_BV/sage/app8/bench_912.smt2,49.6664,792,6105,成功
/pub/data/jiafq/iscas/Parser_Comparison/../benchmarks/part28/non-incremental/QF_BV/sage/app8/bench_913.smt2,47.3204,792,6101,成功
/pub/data/jiafq/iscas/Parser_Comparison/../benchmarks/part28/non-incremental/QF_BV/sage/app8/bench_914.smt2,5.89347,264,194,成功
/pub/data/jiafq/iscas/Parser_Comparison/../benchmarks/part28/non-incremental/QF_BV/sage/app8/bench_915.smt2,49.7797,792,6114,成功
/pub/data/jiafq/iscas/Parser_Comparison/../benchmarks/part28/non-incremental/QF_BV/sage/app8/bench_916.smt2,50.0298,792,6114,成功
/pub/data/jiafq/iscas/Parser_Comparison/../benchmarks/part28/non-incremental/QF_BV/sage/app8/bench_917.smt2,48.7201,528,6094,成功
/pub/data/jiafq/iscas/Parser_Comparison/../benchmarks/part28/non-incremental/QF_BV/sage/app8/bench_918.smt2,55.0802,792,6090,成功
/pub/data/jiafq/iscas/Parser_Comparison/../benchmarks/part28/non-incremental/QF_BV/sage/app8/bench_919.smt2,49.7577,528,6070,成功
/pub/data/jiafq/iscas/Parser_Comparison/../benchmarks/part28/non-incremental/QF_BV/sage/app8/bench_92.smt2,8.65889,264,635,成功
/pub/data/jiafq/iscas/Parser_Comparison/../benchmarks/part28/non-incremental/QF_BV/sage/app8/bench_920.smt2,49.7313,528,6065,成功
/pub/data/jiafq/iscas/Parser_Comparison/../benchmarks/part28/non-incremental/QF_BV/sage/app8/bench_921.smt2,49.7518,528,6060,成功
/pub/data/jiafq/iscas/Parser_Comparison/../benchmarks/part28/non-incremental/QF_BV/sage/app8/bench_922.smt2,46.9074,528,6055,成功
/pub/data/jiafq/iscas/Parser_Comparison/../benchmarks/part28/non-incremental/QF_BV/sage/app8/bench_923.smt2,48.7382,792,6052,成功
/pub/data/jiafq/iscas/Parser_Comparison/../benchmarks/part28/non-incremental/QF_BV/sage/app8/bench_924.smt2,49.4967,792,6044,成功
/pub/data/jiafq/iscas/Parser_Comparison/../benchmarks/part28/non-incremental/QF_BV/sage/app8/bench_925.smt2,5.93853,264,194,成功
/pub/data/jiafq/iscas/Parser_Comparison/../benchmarks/part28/non-incremental/QF_BV/sage/app8/bench_926.smt2,48.7747,528,6029,成功
/pub/data/jiafq/iscas/Parser_Comparison/../benchmarks/part28/non-incremental/QF_BV/sage/app8/bench_927.smt2,48.0955,528,6048,成功
/pub/data/jiafq/iscas/Parser_Comparison/../benchmarks/part28/non-incremental/QF_BV/sage/app8/bench_928.smt2,49.0844,792,6048,成功
/pub/data/jiafq/iscas/Parser_Comparison/../benchmarks/part28/non-incremental/QF_BV/sage/app8/bench_929.smt2,48.4366,792,6020,成功
/pub/data/jiafq/iscas/Parser_Comparison/../benchmarks/part28/non-incremental/QF_BV/sage/app8/bench_93.smt2,30.5643,528,3133,成功
/pub/data/jiafq/iscas/Parser_Comparison/../benchmarks/part28/non-incremental/QF_BV/sage/app8/bench_930.smt2,50.3116,528,6019,成功
/pub/data/jiafq/iscas/Parser_Comparison/../benchmarks/part28/non-incremental/QF_BV/sage/app8/bench_931.smt2,47.7083,528,5995,成功
/pub/data/jiafq/iscas/Parser_Comparison/../benchmarks/part28/non-incremental/QF_BV/sage/app8/bench_932.smt2,49.0696,792,5977,成功
/pub/data/jiafq/iscas/Parser_Comparison/../benchmarks/part28/non-incremental/QF_BV/sage/app8/bench_933.smt2,49.1164,792,5959,成功
/pub/data/jiafq/iscas/Parser_Comparison/../benchmarks/part28/non-incremental/QF_BV/sage/app8/bench_934.smt2,49.2253,792,5941,成功
/pub/data/jiafq/iscas/Parser_Comparison/../benchmarks/part28/non-incremental/QF_BV/sage/app8/bench_935.smt2,48.7385,792,5923,成功
/pub/data/jiafq/iscas/Parser_Comparison/../benchmarks/part28/non-incremental/QF_BV/sage/app8/bench_936.smt2,1.5502,0,31,成功
/pub/data/jiafq/iscas/Parser_Comparison/../benchmarks/part28/non-incremental/QF_BV/sage/app8/bench_937.smt2,47.4255,528,5905,成功
/pub/data/jiafq/iscas/Parser_Comparison/../benchmarks/part28/non-incremental/QF_BV/sage/app8/bench_938.smt2,47.4486,792,5887,成功
/pub/data/jiafq/iscas/Parser_Comparison/../benchmarks/part28/non-incremental/QF_BV/sage/app8/bench_939.smt2,48.3091,528,5869,成功
/pub/data/jiafq/iscas/Parser_Comparison/../benchmarks/part28/non-incremental/QF_BV/sage/app8/bench_94.smt2,31.734,528,3118,成功
/pub/data/jiafq/iscas/Parser_Comparison/../benchmarks/part28/non-incremental/QF_BV/sage/app8/bench_940.smt2,50.4422,528,5851,成功
/pub/data/jiafq/iscas/Parser_Comparison/../benchmarks/part28/non-incremental/QF_BV/sage/app8/bench_941.smt2,49.6249,792,5833,成功
/pub/data/jiafq/iscas/Parser_Comparison/../benchmarks/part28/non-incremental/QF_BV/sage/app8/bench_942.smt2,48.4016,528,5815,成功
/pub/data/jiafq/iscas/Parser_Comparison/../benchmarks/part28/non-incremental/QF_BV/sage/app8/bench_943.smt2,48.7943,792,5797,成功
/pub/data/jiafq/iscas/Parser_Comparison/../benchmarks/part28/non-incremental/QF_BV/sage/app8/bench_944.smt2,49.2535,792,5779,成功
/pub/data/jiafq/iscas/Parser_Comparison/../benchmarks/part28/non-incremental/QF_BV/sage/app8/bench_945.smt2,48.7227,792,5761,成功
/pub/data/jiafq/iscas/Parser_Comparison/../benchmarks/part28/non-incremental/QF_BV/sage/app8/bench_946.smt2,46.1409,792,5743,成功
/pub/data/jiafq/iscas/Parser_Comparison/../benchmarks/part28/non-incremental/QF_BV/sage/app8/bench_947.smt2,1.55282,0,31,成功
/pub/data/jiafq/iscas/Parser_Comparison/../benchmarks/part28/non-incremental/QF_BV/sage/app8/bench_948.smt2,49.7983,792,5725,成功
/pub/data/jiafq/iscas/Parser_Comparison/../benchmarks/part28/non-incremental/QF_BV/sage/app8/bench_949.smt2,49.4554,792,5707,成功
/pub/data/jiafq/iscas/Parser_Comparison/../benchmarks/part28/non-incremental/QF_BV/sage/app8/bench_95.smt2,31.4476,528,3103,成功
/pub/data/jiafq/iscas/Parser_Comparison/../benchmarks/part28/non-incremental/QF_BV/sage/app8/bench_950.smt2,48.4099,528,5689,成功
/pub/data/jiafq/iscas/Parser_Comparison/../benchmarks/part28/non-incremental/QF_BV/sage/app8/bench_951.smt2,47.8361,792,5671,成功
/pub/data/jiafq/iscas/Parser_Comparison/../benchmarks/part28/non-incremental/QF_BV/sage/app8/bench_952.smt2,46.8819,528,5653,成功
/pub/data/jiafq/iscas/Parser_Comparison/../benchmarks/part28/non-incremental/QF_BV/sage/app8/bench_953.smt2,48.3942,792,5635,成功
/pub/data/jiafq/iscas/Parser_Comparison/../benchmarks/part28/non-incremental/QF_BV/sage/app8/bench_954.smt2,49.1357,528,5617,成功
/pub/data/jiafq/iscas/Parser_Comparison/../benchmarks/part28/non-incremental/QF_BV/sage/app8/bench_955.smt2,46.9809,792,5599,成功
/pub/data/jiafq/iscas/Parser_Comparison/../benchmarks/part28/non-incremental/QF_BV/sage/app8/bench_956.smt2,48.0998,528,5581,成功
/pub/data/jiafq/iscas/Parser_Comparison/../benchmarks/part28/non-incremental/QF_BV/sage/app8/bench_957.smt2,48.8486,528,5563,成功
/pub/data/jiafq/iscas/Parser_Comparison/../benchmarks/part28/non-incremental/QF_BV/sage/app8/bench_958.smt2,5.92947,264,192,成功
/pub/data/jiafq/iscas/Parser_Comparison/../benchmarks/part28/non-incremental/QF_BV/sage/app8/bench_959.smt2,44.7705,528,5545,成功
/pub/data/jiafq/iscas/Parser_Comparison/../benchmarks/part28/non-incremental/QF_BV/sage/app8/bench_96.smt2,0.967979,0,13,成功
/pub/data/jiafq/iscas/Parser_Comparison/../benchmarks/part28/non-incremental/QF_BV/sage/app8/bench_960.smt2,48.6469,528,5527,成功
/pub/data/jiafq/iscas/Parser_Comparison/../benchmarks/part28/non-incremental/QF_BV/sage/app8/bench_961.smt2,47.9865,528,5509,成功
/pub/data/jiafq/iscas/Parser_Comparison/../benchmarks/part28/non-incremental/QF_BV/sage/app8/bench_962.smt2,47.0245,528,5491,成功
/pub/data/jiafq/iscas/Parser_Comparison/../benchmarks/part28/non-incremental/QF_BV/sage/app8/bench_963.smt2,47.5841,792,5473,成功
/pub/data/jiafq/iscas/Parser_Comparison/../benchmarks/part28/non-incremental/QF_BV/sage/app8/bench_964.smt2,47.5688,528,5455,成功
/pub/data/jiafq/iscas/Parser_Comparison/../benchmarks/part28/non-incremental/QF_BV/sage/app8/bench_965.smt2,45.9836,528,5437,成功
/pub/data/jiafq/iscas/Parser_Comparison/../benchmarks/part28/non-incremental/QF_BV/sage/app8/bench_966.smt2,47.4253,528,5419,成功
/pub/data/jiafq/iscas/Parser_Comparison/../benchmarks/part28/non-incremental/QF_BV/sage/app8/bench_967.smt2,46.9766,528,5393,成功
/pub/data/jiafq/iscas/Parser_Comparison/../benchmarks/part28/non-incremental/QF_BV/sage/app8/bench_968.smt2,43.3595,528,5375,成功
/pub/data/jiafq/iscas/Parser_Comparison/../benchmarks/part28/non-incremental/QF_BV/sage/app8/bench_969.smt2,5.97072,264,192,成功
/pub/data/jiafq/iscas/Parser_Comparison/../benchmarks/part28/non-incremental/QF_BV/sage/app8/bench_97.smt2,1.70112,0,34,成功
/pub/data/jiafq/iscas/Parser_Comparison/../benchmarks/part28/non-incremental/QF_BV/sage/app8/bench_970.smt2,45.6355,528,5349,成功
/pub/data/jiafq/iscas/Parser_Comparison/../benchmarks/part28/non-incremental/QF_BV/sage/app8/bench_971.smt2,47.133,528,5333,成功
/pub/data/jiafq/iscas/Parser_Comparison/../benchmarks/part28/non-incremental/QF_BV/sage/app8/bench_972.smt2,46.598,528,5306,成功
/pub/data/jiafq/iscas/Parser_Comparison/../benchmarks/part28/non-incremental/QF_BV/sage/app8/bench_973.smt2,46.5767,528,5292,成功
/pub/data/jiafq/iscas/Parser_Comparison/../benchmarks/part28/non-incremental/QF_BV/sage/app8/bench_975.smt2,43.5641,528,5278,成功
/pub/data/jiafq/iscas/Parser_Comparison/../benchmarks/part28/non-incremental/QF_BV/sage/app8/bench_976.smt2,45.8105,528,5263,成功
/pub/data/jiafq/iscas/Parser_Comparison/../benchmarks/part28/non-incremental/QF_BV/sage/app8/bench_977.smt2,47.1332,528,5248,成功
/pub/data/jiafq/iscas/Parser_Comparison/../benchmarks/part28/non-incremental/QF_BV/sage/app8/bench_978.smt2,46.6275,528,5241,成功
/pub/data/jiafq/iscas/Parser_Comparison/../benchmarks/part28/non-incremental/QF_BV/sage/app8/bench_979.smt2,43.5915,528,5226,成功
/pub/data/jiafq/iscas/Parser_Comparison/../benchmarks/part28/non-incremental/QF_BV/sage/app8/bench_98.smt2,2.71153,0,85,成功
/pub/data/jiafq/iscas/Parser_Comparison/../benchmarks/part28/non-incremental/QF_BV/sage/app8/bench_980.smt2,1.43242,0,31,成功
/pub/data/jiafq/iscas/Parser_Comparison/../benchmarks/part28/non-incremental/QF_BV/sage/app8/bench_981.smt2,44.4331,528,5228,成功
/pub/data/jiafq/iscas/Parser_Comparison/../benchmarks/part28/non-incremental/QF_BV/sage/app8/bench_982.smt2,46.4628,528,5203,成功
/pub/data/jiafq/iscas/Parser_Comparison/../benchmarks/part28/non-incremental/QF_BV/sage/app8/bench_983.smt2,46.675,528,5202,成功
/pub/data/jiafq/iscas/Parser_Comparison/../benchmarks/part28/non-incremental/QF_BV/sage/app8/bench_984.smt2,45.666,528,5202,成功
/pub/data/jiafq/iscas/Parser_Comparison/../benchmarks/part28/non-incremental/QF_BV/sage/app8/bench_985.smt2,45.9101,528,5180,成功
/pub/data/jiafq/iscas/Parser_Comparison/../benchmarks/part28/non-incremental/QF_BV/sage/app8/bench_986.smt2,44.9085,528,5161,成功
/pub/data/jiafq/iscas/Parser_Comparison/../benchmarks/part28/non-incremental/QF_BV/sage/app8/bench_987.smt2,46.2511,528,5151,成功
/pub/data/jiafq/iscas/Parser_Comparison/../benchmarks/part28/non-incremental/QF_BV/sage/app8/bench_988.smt2,45.6359,528,5146,成功
/pub/data/jiafq/iscas/Parser_Comparison/../benchmarks/part28/non-incremental/QF_BV/sage/app8/bench_989.smt2,46.0432,528,5146,成功
/pub/data/jiafq/iscas/Parser_Comparison/../benchmarks/part28/non-incremental/QF_BV/sage/app8/bench_99.smt2,2.97642,0,85,成功
/pub/data/jiafq/iscas/Parser_Comparison/../benchmarks/part28/non-incremental/QF_BV/sage/app8/bench_990.smt2,46.6616,528,5144,成功
/pub/data/jiafq/iscas/Parser_Comparison/../benchmarks/part28/non-incremental/QF_BV/sage/app8/bench_991.smt2,1.6253,0,31,成功
/pub/data/jiafq/iscas/Parser_Comparison/../benchmarks/part28/non-incremental/QF_BV/sage/app8/bench_992.smt2,45.2065,528,5144,成功
/pub/data/jiafq/iscas/Parser_Comparison/../benchmarks/part28/non-incremental/QF_BV/sage/app8/bench_993.smt2,46.3812,528,5136,成功
/pub/data/jiafq/iscas/Parser_Comparison/../benchmarks/part28/non-incremental/QF_BV/sage/app8/bench_994.smt2,46.6342,528,5125,成功
/pub/data/jiafq/iscas/Parser_Comparison/../benchmarks/part28/non-incremental/QF_BV/sage/app8/bench_995.smt2,45.6803,528,5115,成功
/pub/data/jiafq/iscas/Parser_Comparison/../benchmarks/part28/non-incremental/QF_BV/sage/app8/bench_996.smt2,45.9342,528,5118,成功
/pub/data/jiafq/iscas/Parser_Comparison/../benchmarks/part28/non-incremental/QF_BV/sage/app8/bench_997.smt2,45.5785,528,5118,成功
/pub/data/jiafq/iscas/Parser_Comparison/../benchmarks/part28/non-incremental/QF_BV/sage/app8/bench_998.smt2,44.7357,528,5099,成功
/pub/data/jiafq/iscas/Parser_Comparison/../benchmarks/part28/non-incremental/QF_BV/sage/app8/bench_999.smt2,45.68,528,5083,成功
/pub/data/jiafq/iscas/Parser_Comparison/../benchmarks/part28/non-incremental/QF_BV/sage/app9/bench_1.smt2,4.83084,264,741,成功
/pub/data/jiafq/iscas/Parser_Comparison/../benchmarks/part28/non-incremental/QF_BV/sage/app9/bench_10.smt2,64.6615,792,12499,成功
/pub/data/jiafq/iscas/Parser_Comparison/../benchmarks/part28/non-incremental/QF_BV/sage/app9/bench_100.smt2,58.7022,792,9245,成功
/pub/data/jiafq/iscas/Parser_Comparison/../benchmarks/part28/non-incremental/QF_BV/sage/app9/bench_1000.smt2,0.925064,0,15,成功
/pub/data/jiafq/iscas/Parser_Comparison/../benchmarks/part28/non-incremental/QF_BV/sage/app9/bench_1001.smt2,2.48575,0,77,成功
/pub/data/jiafq/iscas/Parser_Comparison/../benchmarks/part28/non-incremental/QF_BV/sage/app9/bench_1002.smt2,44.6064,528,4267,成功
/pub/data/jiafq/iscas/Parser_Comparison/../benchmarks/part28/non-incremental/QF_BV/sage/app9/bench_1003.smt2,88.9015,1056,28273,成功
/pub/data/jiafq/iscas/Parser_Comparison/../benchmarks/part28/non-incremental/QF_BV/sage/app9/bench_1004.smt2,2.53344,0,77,成功
/pub/data/jiafq/iscas/Parser_Comparison/../benchmarks/part28/non-incremental/QF_BV/sage/app9/bench_1005.smt2,2.30646,0,64,成功
/pub/data/jiafq/iscas/Parser_Comparison/../benchmarks/part28/non-incremental/QF_BV/sage/app9/bench_1006.smt2,2.11596,0,59,成功
/pub/data/jiafq/iscas/Parser_Comparison/../benchmarks/part28/non-incremental/QF_BV/sage/app9/bench_1007.smt2,1.56355,0,35,成功
/pub/data/jiafq/iscas/Parser_Comparison/../benchmarks/part28/non-incremental/QF_BV/sage/app9/bench_1008.smt2,2.01225,0,46,成功
/pub/data/jiafq/iscas/Parser_Comparison/../benchmarks/part28/non-incremental/QF_BV/sage/app9/bench_1009.smt2,1.10245,0,15,成功
/pub/data/jiafq/iscas/Parser_Comparison/../benchmarks/part28/non-incremental/QF_BV/sage/app9/bench_101.smt2,60.3368,792,9211,成功
/pub/data/jiafq/iscas/Parser_Comparison/../benchmarks/part28/non-incremental/QF_BV/sage/app9/bench_1010.smt2,0.902891,0,10,成功
/pub/data/jiafq/iscas/Parser_Comparison/../benchmarks/part28/non-incremental/QF_BV/sage/app9/bench_1011.smt2,0.846863,0,9,成功
/pub/data/jiafq/iscas/Parser_Comparison/../benchmarks/part28/non-incremental/QF_BV/sage/app9/bench_1012.smt2,1.47009,0,31,成功
/pub/data/jiafq/iscas/Parser_Comparison/../benchmarks/part28/non-incremental/QF_BV/sage/app9/bench_1013.smt2,0.793219,0,9,成功
/pub/data/jiafq/iscas/Parser_Comparison/../benchmarks/part28/non-incremental/QF_BV/sage/app9/bench_1014.smt2,87.7516,1056,28225,成功
/pub/data/jiafq/iscas/Parser_Comparison/../benchmarks/part28/non-incremental/QF_BV/sage/app9/bench_1015.smt2,0.762463,0,9,成功
/pub/data/jiafq/iscas/Parser_Comparison/../benchmarks/part28/non-incremental/QF_BV/sage/app9/bench_1016.smt2,0.932693,0,13,成功
/pub/data/jiafq/iscas/Parser_Comparison/../benchmarks/part28/non-incremental/QF_BV/sage/app9/bench_1017.smt2,0.828028,0,9,成功
/pub/data/jiafq/iscas/Parser_Comparison/../benchmarks/part28/non-incremental/QF_BV/sage/app9/bench_1018.smt2,52.4211,792,6716,成功
/pub/data/jiafq/iscas/Parser_Comparison/../benchmarks/part28/non-incremental/QF_BV/sage/app9/bench_1019.smt2,52.2711,792,6680,成功
/pub/data/jiafq/iscas/Parser_Comparison/../benchmarks/part28/non-incremental/QF_BV/sage/app9/bench_102.smt2,58.6314,792,9179,成功
/pub/data/jiafq/iscas/Parser_Comparison/../benchmarks/part28/non-incremental/QF_BV/sage/app9/bench_1020.smt2,52.3651,792,6645,成功
/pub/data/jiafq/iscas/Parser_Comparison/../benchmarks/part28/non-incremental/QF_BV/sage/app9/bench_1021.smt2,7.98678,264,313,成功
/pub/data/jiafq/iscas/Parser_Comparison/../benchmarks/part28/non-incremental/QF_BV/sage/app9/bench_1022.smt2,0.825644,0,10,成功
/pub/data/jiafq/iscas/Parser_Comparison/../benchmarks/part28/non-incremental/QF_BV/sage/app9/bench_1023.smt2,7.8826,264,307,成功
/pub/data/jiafq/iscas/Parser_Comparison/../benchmarks/part28/non-incremental/QF_BV/sage/app9/bench_1024.smt2,52.557,792,6607,成功
/pub/data/jiafq/iscas/Parser_Comparison/../benchmarks/part28/non-incremental/QF_BV/sage/app9/bench_1025.smt2,89.0839,1056,28196,成功
/pub/data/jiafq/iscas/Parser_Comparison/../benchmarks/part28/non-incremental/QF_BV/sage/app9/bench_1026.smt2,52.1512,792,6565,成功
/pub/data/jiafq/iscas/Parser_Comparison/../benchmarks/part28/non-incremental/QF_BV/sage/app9/bench_1027.smt2,47.8401,792,6550,成功
/pub/data/jiafq/iscas/Parser_Comparison/../benchmarks/part28/non-incremental/QF_BV/sage/app9/bench_1028.smt2,51.7483,792,6547,成功
/pub/data/jiafq/iscas/Parser_Comparison/../benchmarks/part28/non-incremental/QF_BV/sage/app9/bench_1029.smt2,51.0056,792,6503,成功
/pub/data/jiafq/iscas/Parser_Comparison/../benchmarks/part28/non-incremental/QF_BV/sage/app9/bench_103.smt2,42.8941,528,4142,成功
/pub/data/jiafq/iscas/Parser_Comparison/../benchmarks/part28/non-incremental/QF_BV/sage/app9/bench_1030.smt2,0.792265,0,10,成功
/pub/data/jiafq/iscas/Parser_Comparison/../benchmarks/part28/non-incremental/QF_BV/sage/app9/bench_1031.smt2,0.82612,0,9,成功
/pub/data/jiafq/iscas/Parser_Comparison/../benchmarks/part28/non-incremental/QF_BV/sage/app9/bench_1032.smt2,0.712633,0,9,成功
/pub/data/jiafq/iscas/Parser_Comparison/../benchmarks/part28/non-incremental/QF_BV/sage/app9/bench_1033.smt2,0.95892,0,13,成功
/pub/data/jiafq/iscas/Parser_Comparison/../benchmarks/part28/non-incremental/QF_BV/sage/app9/bench_1034.smt2,0.794172,0,9,成功
/pub/data/jiafq/iscas/Parser_Comparison/../benchmarks/part28/non-incremental/QF_BV/sage/app9/bench_1035.smt2,51.3141,792,6469,成功
/pub/data/jiafq/iscas/Parser_Comparison/../benchmarks/part28/non-incremental/QF_BV/sage/app9/bench_1036.smt2,88.7351,1056,28178,成功
/pub/data/jiafq/iscas/Parser_Comparison/../benchmarks/part28/non-incremental/QF_BV/sage/app9/bench_1037.smt2,49.8273,792,6435,成功
/pub/data/jiafq/iscas/Parser_Comparison/../benchmarks/part28/non-incremental/QF_BV/sage/app9/bench_1038.smt2,50.1103,792,6402,成功
/pub/data/jiafq/iscas/Parser_Comparison/../benchmarks/part28/non-incremental/QF_BV/sage/app9/bench_1039.smt2,8.12149,264,293,成功
/pub/data/jiafq/iscas/Parser_Comparison/../benchmarks/part28/non-incremental/QF_BV/sage/app9/bench_104.smt2,58.1031,792,9112,成功
/pub/data/jiafq/iscas/Parser_Comparison/../benchmarks/part28/non-incremental/QF_BV/sage/app9/bench_1040.smt2,8.04996,264,287,成功
/pub/data/jiafq/iscas/Parser_Comparison/../benchmarks/part28/non-incremental/QF_BV/sage/app9/bench_1041.smt2,2.4817,0,77,成功
/pub/data/jiafq/iscas/Parser_Comparison/../benchmarks/part28/non-incremental/QF_BV/sage/app9/bench_1042.smt2,2.49171,0,77,成功
/pub/data/jiafq/iscas/Parser_Comparison/../benchmarks/part28/non-incremental/QF_BV/sage/app9/bench_1043.smt2,0.925541,0,15,成功
/pub/data/jiafq/iscas/Parser_Comparison/../benchmarks/part28/non-incremental/QF_BV/sage/app9/bench_1044.smt2,2.4569,0,77,成功
/pub/data/jiafq/iscas/Parser_Comparison/../benchmarks/part28/non-incremental/QF_BV/sage/app9/bench_1045.smt2,2.49982,0,77,成功
/pub/data/jiafq/iscas/Parser_Comparison/../benchmarks/part28/non-incremental/QF_BV/sage/app9/bench_1046.smt2,2.25759,0,64,成功
/pub/data/jiafq/iscas/Parser_Comparison/../benchmarks/part28/non-incremental/QF_BV/sage/app9/bench_1047.smt2,89.5727,1056,28160,成功
/pub/data/jiafq/iscas/Parser_Comparison/../benchmarks/part28/non-incremental/QF_BV/sage/app9/bench_1048.smt2,2.07138,0,59,成功
/pub/data/jiafq/iscas/Parser_Comparison/../benchmarks/part28/non-incremental/QF_BV/sage/app9/bench_1049.smt2,1.46532,0,35,成功
/pub/data/jiafq/iscas/Parser_Comparison/../benchmarks/part28/non-incremental/QF_BV/sage/app9/bench_105.smt2,56.72,792,9107,成功
/pub/data/jiafq/iscas/Parser_Comparison/../benchmarks/part28/non-incremental/QF_BV/sage/app9/bench_1050.smt2,1.83058,0,41,成功
/pub/data/jiafq/iscas/Parser_Comparison/../benchmarks/part28/non-incremental/QF_BV/sage/app9/bench_1051.smt2,1.10483,0,15,成功
/pub/data/jiafq/iscas/Parser_Comparison/../benchmarks/part28/non-incremental/QF_BV/sage/app9/bench_1052.smt2,0.860691,0,10,成功
/pub/data/jiafq/iscas/Parser_Comparison/../benchmarks/part28/non-incremental/QF_BV/sage/app9/bench_1053.smt2,0.792027,0,9,成功
/pub/data/jiafq/iscas/Parser_Comparison/../benchmarks/part28/non-incremental/QF_BV/sage/app9/bench_1054.smt2,1.51825,0,31,成功
/pub/data/jiafq/iscas/Parser_Comparison/../benchmarks/part28/non-incremental/QF_BV/sage/app9/bench_1055.smt2,0.795364,0,9,成功
/pub/data/jiafq/iscas/Parser_Comparison/../benchmarks/part28/non-incremental/QF_BV/sage/app9/bench_1056.smt2,0.766516,0,9,成功
/pub/data/jiafq/iscas/Parser_Comparison/../benchmarks/part28/non-incremental/QF_BV/sage/app9/bench_1057.smt2,0.923157,0,13,成功
/pub/data/jiafq/iscas/Parser_Comparison/../benchmarks/part28/non-incremental/QF_BV/sage/app9/bench_1058.smt2,90.3268,1056,28142,成功
/pub/data/jiafq/iscas/Parser_Comparison/../benchmarks/part28/non-incremental/QF_BV/sage/app9/bench_1059.smt2,0.818729,0,9,成功
/pub/data/jiafq/iscas/Parser_Comparison/../benchmarks/part28/non-incremental/QF_BV/sage/app9/bench_106.smt2,23.3719,264,2511,成功
/pub/data/jiafq/iscas/Parser_Comparison/../benchmarks/part28/non-incremental/QF_BV/sage/app9/bench_1060.smt2,49.49,792,6366,成功
/pub/data/jiafq/iscas/Parser_Comparison/../benchmarks/part28/non-incremental/QF_BV/sage/app9/bench_1061.smt2,47.3926,792,6334,成功
/pub/data/jiafq/iscas/Parser_Comparison/../benchmarks/part28/non-incremental/QF_BV/sage/app9/bench_1062.smt2,48.5141,792,6303,成功
/pub/data/jiafq/iscas/Parser_Comparison/../benchmarks/part28/non-incremental/QF_BV/sage/app9/bench_1063.smt2,7.54952,264,273,成功
/pub/data/jiafq/iscas/Parser_Comparison/../benchmarks/part28/non-incremental/QF_BV/sage/app9/bench_1064.smt2,7.15184,264,267,成功
/pub/data/jiafq/iscas/Parser_Comparison/../benchmarks/part28/non-incremental/QF_BV/sage/app9/bench_1065.smt2,2.46763,0,77,成功
/pub/data/jiafq/iscas/Parser_Comparison/../benchmarks/part28/non-incremental/QF_BV/sage/app9/bench_1066.smt2,2.51985,0,77,成功
/pub/data/jiafq/iscas/Parser_Comparison/../benchmarks/part28/non-incremental/QF_BV/sage/app9/bench_1067.smt2,0.952482,0,15,成功
/pub/data/jiafq/iscas/Parser_Comparison/../benchmarks/part28/non-incremental/QF_BV/sage/app9/bench_1068.smt2,2.47622,0,77,成功
/pub/data/jiafq/iscas/Parser_Comparison/../benchmarks/part28/non-incremental/QF_BV/sage/app9/bench_1069.smt2,86.6547,1056,28124,成功
/pub/data/jiafq/iscas/Parser_Comparison/../benchmarks/part28/non-incremental/QF_BV/sage/app9/bench_107.smt2,58.6348,792,9075,成功
/pub/data/jiafq/iscas/Parser_Comparison/../benchmarks/part28/non-incremental/QF_BV/sage/app9/bench_1070.smt2,2.49243,0,77,成功
/pub/data/jiafq/iscas/Parser_Comparison/../benchmarks/part28/non-incremental/QF_BV/sage/app9/bench_1071.smt2,2.26331,0,64,成功
/pub/data/jiafq/iscas/Parser_Comparison/../benchmarks/part28/non-incremental/QF_BV/sage/app9/bench_1072.smt2,2.20919,0,59,成功
/pub/data/jiafq/iscas/Parser_Comparison/../benchmarks/part28/non-incremental/QF_BV/sage/app9/bench_1073.smt2,1.54328,0,35,成功
/pub/data/jiafq/iscas/Parser_Comparison/../benchmarks/part28/non-incremental/QF_BV/sage/app9/bench_1074.smt2,1.97196,0,46,成功
/pub/data/jiafq/iscas/Parser_Comparison/../benchmarks/part28/non-incremental/QF_BV/sage/app9/bench_1075.smt2,1.09506,0,15,成功
/pub/data/jiafq/iscas/Parser_Comparison/../benchmarks/part28/non-incremental/QF_BV/sage/app9/bench_1076.smt2,0.856638,0,10,成功
/pub/data/jiafq/iscas/Parser_Comparison/../benchmarks/part28/non-incremental/QF_BV/sage/app9/bench_1077.smt2,0.807524,0,9,成功
/pub/data/jiafq/iscas/Parser_Comparison/../benchmarks/part28/non-incremental/QF_BV/sage/app9/bench_1078.smt2,1.50847,0,31,成功
/pub/data/jiafq/iscas/Parser_Comparison/../benchmarks/part28/non-incremental/QF_BV/sage/app9/bench_1079.smt2,0.778675,0,9,成功
/pub/data/jiafq/iscas/Parser_Comparison/../benchmarks/part28/non-incremental/QF_BV/sage/app9/bench_108.smt2,58.3801,792,9042,成功
/pub/data/jiafq/iscas/Parser_Comparison/../benchmarks/part28/non-incremental/QF_BV/sage/app9/bench_1080.smt2,89.6413,1056,28106,成功
/pub/data/jiafq/iscas/Parser_Comparison/../benchmarks/part28/non-incremental/QF_BV/sage/app9/bench_1081.smt2,0.768661,0,9,成功
/pub/data/jiafq/iscas/Parser_Comparison/../benchmarks/part28/non-incremental/QF_BV/sage/app9/bench_1082.smt2,0.916958,0,13,成功
/pub/data/jiafq/iscas/Parser_Comparison/../benchmarks/part28/non-incremental/QF_BV/sage/app9/bench_1083.smt2,0.833035,0,9,成功
/pub/data/jiafq/iscas/Parser_Comparison/../benchmarks/part28/non-incremental/QF_BV/sage/app9/bench_1084.smt2,47.8692,792,6269,成功
/pub/data/jiafq/iscas/Parser_Comparison/../benchmarks/part28/non-incremental/QF_BV/sage/app9/bench_1085.smt2,46.2313,792,6239,成功
/pub/data/jiafq/iscas/Parser_Comparison/../benchmarks/part28/non-incremental/QF_BV/sage/app9/bench_1086.smt2,49.351,792,6210,成功
/pub/data/jiafq/iscas/Parser_Comparison/../benchmarks/part28/non-incremental/QF_BV/sage/app9/bench_1087.smt2,6.598,264,253,成功
/pub/data/jiafq/iscas/Parser_Comparison/../benchmarks/part28/non-incremental/QF_BV/sage/app9/bench_1088.smt2,7.06124,264,247,成功
/pub/data/jiafq/iscas/Parser_Comparison/../benchmarks/part28/non-incremental/QF_BV/sage/app9/bench_1089.smt2,2.14815,0,89,成功
/pub/data/jiafq/iscas/Parser_Comparison/../benchmarks/part28/non-incremental/QF_BV/sage/app9/bench_109.smt2,3.47733,0,156,成功
/pub/data/jiafq/iscas/Parser_Comparison/../benchmarks/part28/non-incremental/QF_BV/sage/app9/bench_1090.smt2,2.07257,0,69,成功
/pub/data/jiafq/iscas/Parser_Comparison/../benchmarks/part28/non-incremental/QF_BV/sage/app9/bench_1091.smt2,86.8134,1056,28088,成功
/pub/data/jiafq/iscas/Parser_Comparison/../benchmarks/part28/non-incremental/QF_BV/sage/app9/bench_1092.smt2,2.47478,0,77,成功
/pub/data/jiafq/iscas/Parser_Comparison/../benchmarks/part28/non-incremental/QF_BV/sage/app9/bench_1093.smt2,2.25306,0,77,成功
/pub/data/jiafq/iscas/Parser_Comparison/../benchmarks/part28/non-incremental/QF_BV/sage/app9/bench_1094.smt2,2.02155,0,54,成功
/pub/data/jiafq/iscas/Parser_Comparison/../benchmarks/part28/non-incremental/QF_BV/sage/app9/bench_1095.smt2,0.845432,0,15,成功
/pub/data/jiafq/iscas/Parser_Comparison/../benchmarks/part28/non-incremental/QF_BV/sage/app9/bench_1096.smt2,2.46835,0,77,成功
/pub/data/jiafq/iscas/Parser_Comparison/../benchmarks/part28/non-incremental/QF_BV/sage/app9/bench_1097.smt2,2.26021,0,77,成功
/pub/data/jiafq/iscas/Parser_Comparison/../benchmarks/part28/non-incremental/QF_BV/sage/app9/bench_1098.smt2,2.24423,0,64,成功
/pub/data/jiafq/iscas/Parser_Comparison/../benchmarks/part28/non-incremental/QF_BV/sage/app9/bench_1099.smt2,2.02227,0,59,成功
/pub/data/jiafq/iscas/Parser_Comparison/../benchmarks/part28/non-incremental/QF_BV/sage/app9/bench_11.smt2,62.032,1056,12481,成功
/pub/data/jiafq/iscas/Parser_Comparison/../benchmarks/part28/non-incremental/QF_BV/sage/app9/bench_110.smt2,23.9575,264,2503,成功
/pub/data/jiafq/iscas/Parser_Comparison/../benchmarks/part28/non-incremental/QF_BV/sage/app9/bench_1100.smt2,1.54662,0,35,成功
/pub/data/jiafq/iscas/Parser_Comparison/../benchmarks/part28/non-incremental/QF_BV/sage/app9/bench_1101.smt2,1.87707,0,46,成功
/pub/data/jiafq/iscas/Parser_Comparison/../benchmarks/part28/non-incremental/QF_BV/sage/app9/bench_1102.smt2,2.60377,0,83,成功
/pub/data/jiafq/iscas/Parser_Comparison/../benchmarks/part28/non-incremental/QF_BV/sage/app9/bench_1103.smt2,1.06144,0,15,成功
/pub/data/jiafq/iscas/Parser_Comparison/../benchmarks/part28/non-incremental/QF_BV/sage/app9/bench_1104.smt2,0.799656,0,10,成功
/pub/data/jiafq/iscas/Parser_Comparison/../benchmarks/part28/non-incremental/QF_BV/sage/app9/bench_1105.smt2,0.716209,0,9,成功
/pub/data/jiafq/iscas/Parser_Comparison/../benchmarks/part28/non-incremental/QF_BV/sage/app9/bench_1106.smt2,1.50752,0,31,成功
/pub/data/jiafq/iscas/Parser_Comparison/../benchmarks/part28/non-incremental/QF_BV/sage/app9/bench_1107.smt2,0.787973,0,9,成功
/pub/data/jiafq/iscas/Parser_Comparison/../benchmarks/part28/non-incremental/QF_BV/sage/app9/bench_1108.smt2,0.766993,0,9,成功
/pub/data/jiafq/iscas/Parser_Comparison/../benchmarks/part28/non-incremental/QF_BV/sage/app9/bench_1109.smt2,0.931263,0,13,成功
/pub/data/jiafq/iscas/Parser_Comparison/../benchmarks/part28/non-incremental/QF_BV/sage/app9/bench_111.smt2,24.7576,264,2494,成功
/pub/data/jiafq/iscas/Parser_Comparison/../benchmarks/part28/non-incremental/QF_BV/sage/app9/bench_1110.smt2,0.861883,0,9,成功
/pub/data/jiafq/iscas/Parser_Comparison/../benchmarks/part28/non-incremental/QF_BV/sage/app9/bench_1111.smt2,49.9868,792,6178,成功
/pub/data/jiafq/iscas/Parser_Comparison/../benchmarks/part28/non-incremental/QF_BV/sage/app9/bench_1112.smt2,49.5429,792,6150,成功
/pub/data/jiafq/iscas/Parser_Comparison/../benchmarks/part28/non-incremental/QF_BV/sage/app9/bench_1113.smt2,4.19283,264,588,成功
/pub/data/jiafq/iscas/Parser_Comparison/../benchmarks/part28/non-incremental/QF_BV/sage/app9/bench_1114.smt2,44.7314,528,4254,成功
/pub/data/jiafq/iscas/Parser_Comparison/../benchmarks/part28/non-incremental/QF_BV/sage/app9/bench_1115.smt2,2.40278,0,73,成功
/pub/data/jiafq/iscas/Parser_Comparison/../benchmarks/part28/non-incremental/QF_BV/sage/app9/bench_1116.smt2,49.8884,792,6123,成功
/pub/data/jiafq/iscas/Parser_Comparison/../benchmarks/part28/non-incremental/QF_BV/sage/app9/bench_1117.smt2,6.97207,264,233,成功
/pub/data/jiafq/iscas/Parser_Comparison/../benchmarks/part28/non-incremental/QF_BV/sage/app9/bench_1118.smt2,6.89101,264,227,成功
/pub/data/jiafq/iscas/Parser_Comparison/../benchmarks/part28/non-incremental/QF_BV/sage/app9/bench_1119.smt2,2.31481,0,114,成功
/pub/data/jiafq/iscas/Parser_Comparison/../benchmarks/part28/non-incremental/QF_BV/sage/app9/bench_112.smt2,24.7498,264,2479,成功
/pub/data/jiafq/iscas/Parser_Comparison/../benchmarks/part28/non-incremental/QF_BV/sage/app9/bench_1120.smt2,2.2347,0,89,成功
/pub/data/jiafq/iscas/Parser_Comparison/../benchmarks/part28/non-incremental/QF_BV/sage/app9/bench_1121.smt2,2.15077,0,69,成功
/pub/data/jiafq/iscas/Parser_Comparison/../benchmarks/part28/non-incremental/QF_BV/sage/app9/bench_1122.smt2,2.52938,0,77,成功
/pub/data/jiafq/iscas/Parser_Comparison/../benchmarks/part28/non-incremental/QF_BV/sage/app9/bench_1123.smt2,2.50387,0,77,成功
/pub/data/jiafq/iscas/Parser_Comparison/../benchmarks/part28/non-incremental/QF_BV/sage/app9/bench_1124.smt2,2.01583,0,54,成功
/pub/data/jiafq/iscas/Parser_Comparison/../benchmarks/part28/non-incremental/QF_BV/sage/app9/bench_1125.smt2,0.961304,0,15,成功
/pub/data/jiafq/iscas/Parser_Comparison/../benchmarks/part28/non-incremental/QF_BV/sage/app9/bench_1126.smt2,2.35271,0,68,成功
/pub/data/jiafq/iscas/Parser_Comparison/../benchmarks/part28/non-incremental/QF_BV/sage/app9/bench_1127.smt2,2.47431,0,77,成功
/pub/data/jiafq/iscas/Parser_Comparison/../benchmarks/part28/non-incremental/QF_BV/sage/app9/bench_1128.smt2,2.53367,0,77,成功
/pub/data/jiafq/iscas/Parser_Comparison/../benchmarks/part28/non-incremental/QF_BV/sage/app9/bench_1129.smt2,2.32148,0,64,成功
/pub/data/jiafq/iscas/Parser_Comparison/../benchmarks/part28/non-incremental/QF_BV/sage/app9/bench_113.smt2,1.03259,0,15,成功
/pub/data/jiafq/iscas/Parser_Comparison/../benchmarks/part28/non-incremental/QF_BV/sage/app9/bench_1130.smt2,2.18916,0,59,成功
/pub/data/jiafq/iscas/Parser_Comparison/../benchmarks/part28/non-incremental/QF_BV/sage/app9/bench_1131.smt2,1.53112,0,35,成功
/pub/data/jiafq/iscas/Parser_Comparison/../benchmarks/part28/non-incremental/QF_BV/sage/app9/bench_1132.smt2,2.02608,0,46,成功
/pub/data/jiafq/iscas/Parser_Comparison/../benchmarks/part28/non-incremental/QF_BV/sage/app9/bench_1133.smt2,1.08409,0,15,成功
/pub/data/jiafq/iscas/Parser_Comparison/../benchmarks/part28/non-incremental/QF_BV/sage/app9/bench_1134.smt2,0.87738,0,10,成功
/pub/data/jiafq/iscas/Parser_Comparison/../benchmarks/part28/non-incremental/QF_BV/sage/app9/bench_1135.smt2,0.795364,0,9,成功
/pub/data/jiafq/iscas/Parser_Comparison/../benchmarks/part28/non-incremental/QF_BV/sage/app9/bench_1136.smt2,1.51777,0,31,成功
/pub/data/jiafq/iscas/Parser_Comparison/../benchmarks/part28/non-incremental/QF_BV/sage/app9/bench_1137.smt2,41.1897,528,4043,成功
/pub/data/jiafq/iscas/Parser_Comparison/../benchmarks/part28/non-incremental/QF_BV/sage/app9/bench_1138.smt2,0.788689,0,9,成功
/pub/data/jiafq/iscas/Parser_Comparison/../benchmarks/part28/non-incremental/QF_BV/sage/app9/bench_1139.smt2,0.765085,264,9,成功
/pub/data/jiafq/iscas/Parser_Comparison/../benchmarks/part28/non-incremental/QF_BV/sage/app9/bench_114.smt2,95.2916,1056,32042,成功
/pub/data/jiafq/iscas/Parser_Comparison/../benchmarks/part28/non-incremental/QF_BV/sage/app9/bench_1140.smt2,0.87142,0,13,成功
/pub/data/jiafq/iscas/Parser_Comparison/../benchmarks/part28/non-incremental/QF_BV/sage/app9/bench_1141.smt2,0.802517,0,9,成功
/pub/data/jiafq/iscas/Parser_Comparison/../benchmarks/part28/non-incremental/QF_BV/sage/app9/bench_1142.smt2,47.497,792,6093,成功
/pub/data/jiafq/iscas/Parser_Comparison/../benchmarks/part28/non-incremental/QF_BV/sage/app9/bench_1143.smt2,47.3714,792,6067,成功
/pub/data/jiafq/iscas/Parser_Comparison/../benchmarks/part28/non-incremental/QF_BV/sage/app9/bench_1144.smt2,49.4812,792,6042,成功
/pub/data/jiafq/iscas/Parser_Comparison/../benchmarks/part28/non-incremental/QF_BV/sage/app9/bench_1145.smt2,6.40297,264,213,成功
/pub/data/jiafq/iscas/Parser_Comparison/../benchmarks/part28/non-incremental/QF_BV/sage/app9/bench_1146.smt2,6.53124,264,207,成功
/pub/data/jiafq/iscas/Parser_Comparison/../benchmarks/part28/non-incremental/QF_BV/sage/app9/bench_1147.smt2,2.62499,0,172,成功
/pub/data/jiafq/iscas/Parser_Comparison/../benchmarks/part28/non-incremental/QF_BV/sage/app9/bench_1148.smt2,41.0709,528,4036,成功
/pub/data/jiafq/iscas/Parser_Comparison/../benchmarks/part28/non-incremental/QF_BV/sage/app9/bench_1149.smt2,2.53677,0,148,成功
/pub/data/jiafq/iscas/Parser_Comparison/../benchmarks/part28/non-incremental/QF_BV/sage/app9/bench_115.smt2,42.598,528,4135,成功
/pub/data/jiafq/iscas/Parser_Comparison/../benchmarks/part28/non-incremental/QF_BV/sage/app9/bench_1150.smt2,2.50769,0,125,成功
/pub/data/jiafq/iscas/Parser_Comparison/../benchmarks/part28/non-incremental/QF_BV/sage/app9/bench_1151.smt2,2.39658,0,106,成功
/pub/data/jiafq/iscas/Parser_Comparison/../benchmarks/part28/non-incremental/QF_BV/sage/app9/bench_1152.smt2,2.30122,0,88,成功
/pub/data/jiafq/iscas/Parser_Comparison/../benchmarks/part28/non-incremental/QF_BV/sage/app9/bench_1153.smt2,2.6865,0,87,成功
/pub/data/jiafq/iscas/Parser_Comparison/../benchmarks/part28/non-incremental/QF_BV/sage/app9/bench_1154.smt2,2.55275,0,87,成功
/pub/data/jiafq/iscas/Parser_Comparison/../benchmarks/part28/non-incremental/QF_BV/sage/app9/bench_1155.smt2,2.1348,0,74,成功
/pub/data/jiafq/iscas/Parser_Comparison/../benchmarks/part28/non-incremental/QF_BV/sage/app9/bench_1156.smt2,2.15745,0,61,成功
/pub/data/jiafq/iscas/Parser_Comparison/../benchmarks/part28/non-incremental/QF_BV/sage/app9/bench_1157.smt2,2.05493,0,52,成功
/pub/data/jiafq/iscas/Parser_Comparison/../benchmarks/part28/non-incremental/QF_BV/sage/app9/bench_1158.smt2,0.94676,0,15,成功
/pub/data/jiafq/iscas/Parser_Comparison/../benchmarks/part28/non-incremental/QF_BV/sage/app9/bench_1159.smt2,40.5293,528,4023,成功
/pub/data/jiafq/iscas/Parser_Comparison/../benchmarks/part28/non-incremental/QF_BV/sage/app9/bench_116.smt2,23.4497,264,2464,成功
/pub/data/jiafq/iscas/Parser_Comparison/../benchmarks/part28/non-incremental/QF_BV/sage/app9/bench_1160.smt2,2.6412,0,87,成功
/pub/data/jiafq/iscas/Parser_Comparison/../benchmarks/part28/non-incremental/QF_BV/sage/app9/bench_1161.smt2,2.4333,0,87,成功
/pub/data/jiafq/iscas/Parser_Comparison/../benchmarks/part28/non-incremental/QF_BV/sage/app9/bench_1162.smt2,2.2521,0,74,成功
/pub/data/jiafq/iscas/Parser_Comparison/../benchmarks/part28/non-incremental/QF_BV/sage/app9/bench_1163.smt2,2.16627,0,69,成功
/pub/data/jiafq/iscas/Parser_Comparison/../benchmarks/part28/non-incremental/QF_BV/sage/app9/bench_1164.smt2,1.58072,0,45,成功
/pub/data/jiafq/iscas/Parser_Comparison/../benchmarks/part28/non-incremental/QF_BV/sage/app9/bench_1165.smt2,1.96671,0,46,成功
/pub/data/jiafq/iscas/Parser_Comparison/../benchmarks/part28/non-incremental/QF_BV/sage/app9/bench_1166.smt2,1.07908,0,15,成功
/pub/data/jiafq/iscas/Parser_Comparison/../benchmarks/part28/non-incremental/QF_BV/sage/app9/bench_1167.smt2,0.895977,0,10,成功
/pub/data/jiafq/iscas/Parser_Comparison/../benchmarks/part28/non-incremental/QF_BV/sage/app9/bench_1168.smt2,0.809193,0,9,成功
/pub/data/jiafq/iscas/Parser_Comparison/../benchmarks/part28/non-incremental/QF_BV/sage/app9/bench_1169.smt2,1.64509,0,41,成功
/pub/data/jiafq/iscas/Parser_Comparison/../benchmarks/part28/non-incremental/QF_BV/sage/app9/bench_117.smt2,2.00224,0,46,成功
/pub/data/jiafq/iscas/Parser_Comparison/../benchmarks/part28/non-incremental/QF_BV/sage/app9/bench_1170.smt2,7.02047,264,662,成功
/pub/data/jiafq/iscas/Parser_Comparison/../benchmarks/part28/non-incremental/QF_BV/sage/app9/bench_1171.smt2,1.03879,0,17,成功
/pub/data/jiafq/iscas/Parser_Comparison/../benchmarks/part28/non-incremental/QF_BV/sage/app9/bench_1172.smt2,0.819206,0,9,成功
/pub/data/jiafq/iscas/Parser_Comparison/../benchmarks/part28/non-incremental/QF_BV/sage/app9/bench_1173.smt2,0.772715,264,9,成功
/pub/data/jiafq/iscas/Parser_Comparison/../benchmarks/part28/non-incremental/QF_BV/sage/app9/bench_1174.smt2,0.935078,0,13,成功
/pub/data/jiafq/iscas/Parser_Comparison/../benchmarks/part28/non-incremental/QF_BV/sage/app9/bench_1175.smt2,0.802994,0,9,成功
/pub/data/jiafq/iscas/Parser_Comparison/../benchmarks/part28/non-incremental/QF_BV/sage/app9/bench_1176.smt2,49.1786,792,6014,成功
/pub/data/jiafq/iscas/Parser_Comparison/../benchmarks/part28/non-incremental/QF_BV/sage/app9/bench_1177.smt2,47.6475,792,5990,成功
/pub/data/jiafq/iscas/Parser_Comparison/../benchmarks/part28/non-incremental/QF_BV/sage/app9/bench_1178.smt2,49.2604,792,5967,成功
/pub/data/jiafq/iscas/Parser_Comparison/../benchmarks/part28/non-incremental/QF_BV/sage/app9/bench_1179.smt2,5.98431,264,193,成功
/pub/data/jiafq/iscas/Parser_Comparison/../benchmarks/part28/non-incremental/QF_BV/sage/app9/bench_118.smt2,1.99604,0,47,成功
/pub/data/jiafq/iscas/Parser_Comparison/../benchmarks/part28/non-incremental/QF_BV/sage/app9/bench_1180.smt2,0.844955,0,10,成功
/pub/data/jiafq/iscas/Parser_Comparison/../benchmarks/part28/non-incremental/QF_BV/sage/app9/bench_1181.smt2,6.90603,264,585,成功
/pub/data/jiafq/iscas/Parser_Comparison/../benchmarks/part28/non-incremental/QF_BV/sage/app9/bench_1182.smt2,5.38015,264,187,成功
/pub/data/jiafq/iscas/Parser_Comparison/../benchmarks/part28/non-incremental/QF_BV/sage/app9/bench_1183.smt2,49.9728,792,5940,成功
/pub/data/jiafq/iscas/Parser_Comparison/../benchmarks/part28/non-incremental/QF_BV/sage/app9/bench_1184.smt2,44.9817,792,5919,成功
/pub/data/jiafq/iscas/Parser_Comparison/../benchmarks/part28/non-incremental/QF_BV/sage/app9/bench_1185.smt2,48.2318,792,5878,成功
/pub/data/jiafq/iscas/Parser_Comparison/../benchmarks/part28/non-incremental/QF_BV/sage/app9/bench_1186.smt2,47.6635,792,5839,成功
/pub/data/jiafq/iscas/Parser_Comparison/../benchmarks/part28/non-incremental/QF_BV/sage/app9/bench_1187.smt2,48.2213,528,5804,成功
/pub/data/jiafq/iscas/Parser_Comparison/../benchmarks/part28/non-incremental/QF_BV/sage/app9/bench_1188.smt2,47.8396,792,5770,成功
/pub/data/jiafq/iscas/Parser_Comparison/../benchmarks/part28/non-incremental/QF_BV/sage/app9/bench_1189.smt2,46.5941,792,5740,成功
/pub/data/jiafq/iscas/Parser_Comparison/../benchmarks/part28/non-incremental/QF_BV/sage/app9/bench_119.smt2,2.04945,0,47,成功
/pub/data/jiafq/iscas/Parser_Comparison/../benchmarks/part28/non-incremental/QF_BV/sage/app9/bench_1190.smt2,47.2991,528,5711,成功
/pub/data/jiafq/iscas/Parser_Comparison/../benchmarks/part28/non-incremental/QF_BV/sage/app9/bench_1191.smt2,45.4557,792,5686,成功
/pub/data/jiafq/iscas/Parser_Comparison/../benchmarks/part28/non-incremental/QF_BV/sage/app9/bench_1192.smt2,6.61421,264,508,成功
/pub/data/jiafq/iscas/Parser_Comparison/../benchmarks/part28/non-incremental/QF_BV/sage/app9/bench_1193.smt2,47.8845,528,5662,成功
/pub/data/jiafq/iscas/Parser_Comparison/../benchmarks/part28/non-incremental/QF_BV/sage/app9/bench_1194.smt2,47.7364,528,5642,成功
/pub/data/jiafq/iscas/Parser_Comparison/../benchmarks/part28/non-incremental/QF_BV/sage/app9/bench_1195.smt2,47.5087,528,5623,成功
/pub/data/jiafq/iscas/Parser_Comparison/../benchmarks/part28/non-incremental/QF_BV/sage/app9/bench_1196.smt2,46.2897,528,5608,成功
/pub/data/jiafq/iscas/Parser_Comparison/../benchmarks/part28/non-incremental/QF_BV/sage/app9/bench_1197.smt2,47.2841,528,5604,成功
/pub/data/jiafq/iscas/Parser_Comparison/../benchmarks/part28/non-incremental/QF_BV/sage/app9/bench_1198.smt2,46.5465,528,5579,成功
/pub/data/jiafq/iscas/Parser_Comparison/../benchmarks/part28/non-incremental/QF_BV/sage/app9/bench_1199.smt2,45.2602,528,5535,成功
/pub/data/jiafq/iscas/Parser_Comparison/../benchmarks/part28/non-incremental/QF_BV/sage/app9/bench_12.smt2,63.0622,792,12463,成功
/pub/data/jiafq/iscas/Parser_Comparison/../benchmarks/part28/non-incremental/QF_BV/sage/app9/bench_120.smt2,0.963211,0,15,成功
/pub/data/jiafq/iscas/Parser_Comparison/../benchmarks/part28/non-incremental/QF_BV/sage/app9/bench_1200.smt2,0.864983,0,10,成功
/pub/data/jiafq/iscas/Parser_Comparison/../benchmarks/part28/non-incremental/QF_BV/sage/app9/bench_1201.smt2,0.814915,0,9,成功
/pub/data/jiafq/iscas/Parser_Comparison/../benchmarks/part28/non-incremental/QF_BV/sage/app9/bench_1202.smt2,0.735283,0,9,成功
/pub/data/jiafq/iscas/Parser_Comparison/../benchmarks/part28/non-incremental/QF_BV/sage/app9/bench_1203.smt2,6.32906,264,471,成功
/pub/data/jiafq/iscas/Parser_Comparison/../benchmarks/part28/non-incremental/QF_BV/sage/app9/bench_1204.smt2,0.902414,0,13,成功
/pub/data/jiafq/iscas/Parser_Comparison/../benchmarks/part28/non-incremental/QF_BV/sage/app9/bench_1205.smt2,0.798464,0,9,成功
/pub/data/jiafq/iscas/Parser_Comparison/../benchmarks/part28/non-incremental/QF_BV/sage/app9/bench_1206.smt2,45.3563,528,5501,成功
/pub/data/jiafq/iscas/Parser_Comparison/../benchmarks/part28/non-incremental/QF_BV/sage/app9/bench_1207.smt2,43.8697,528,5479,成功
/pub/data/jiafq/iscas/Parser_Comparison/../benchmarks/part28/non-incremental/QF_BV/sage/app9/bench_1208.smt2,45.306,528,5458,成功
/pub/data/jiafq/iscas/Parser_Comparison/../benchmarks/part28/non-incremental/QF_BV/sage/app9/bench_1209.smt2,4.879,264,173,成功
/pub/data/jiafq/iscas/Parser_Comparison/../benchmarks/part28/non-incremental/QF_BV/sage/app9/bench_121.smt2,1.05643,0,9,成功
/pub/data/jiafq/iscas/Parser_Comparison/../benchmarks/part28/non-incremental/QF_BV/sage/app9/bench_1210.smt2,4.73356,264,167,成功
/pub/data/jiafq/iscas/Parser_Comparison/../benchmarks/part28/non-incremental/QF_BV/sage/app9/bench_1211.smt2,5.49889,264,322,成功
/pub/data/jiafq/iscas/Parser_Comparison/../benchmarks/part28/non-incremental/QF_BV/sage/app9/bench_1212.smt2,4.56429,264,299,成功
/pub/data/jiafq/iscas/Parser_Comparison/../benchmarks/part28/non-incremental/QF_BV/sage/app9/bench_1213.smt2,4.85563,264,276,成功
/pub/data/jiafq/iscas/Parser_Comparison/../benchmarks/part28/non-incremental/QF_BV/sage/app9/bench_1214.smt2,6.12259,264,406,成功
/pub/data/jiafq/iscas/Parser_Comparison/../benchmarks/part28/non-incremental/QF_BV/sage/app9/bench_1215.smt2,4.34637,264,257,成功
/pub/data/jiafq/iscas/Parser_Comparison/../benchmarks/part28/non-incremental/QF_BV/sage/app9/bench_1216.smt2,4.37284,264,239,成功
/pub/data/jiafq/iscas/Parser_Comparison/../benchmarks/part28/non-incremental/QF_BV/sage/app9/bench_1217.smt2,4.354,264,238,成功
/pub/data/jiafq/iscas/Parser_Comparison/../benchmarks/part28/non-incremental/QF_BV/sage/app9/bench_1218.smt2,4.73142,264,238,成功
/pub/data/jiafq/iscas/Parser_Comparison/../benchmarks/part28/non-incremental/QF_BV/sage/app9/bench_1219.smt2,4.22502,264,225,成功
/pub/data/jiafq/iscas/Parser_Comparison/../benchmarks/part28/non-incremental/QF_BV/sage/app9/bench_122.smt2,1.73092,0,35,成功
/pub/data/jiafq/iscas/Parser_Comparison/../benchmarks/part28/non-incremental/QF_BV/sage/app9/bench_1220.smt2,4.10843,264,212,成功
/pub/data/jiafq/iscas/Parser_Comparison/../benchmarks/part28/non-incremental/QF_BV/sage/app9/bench_1221.smt2,4.44627,0,203,成功
/pub/data/jiafq/iscas/Parser_Comparison/../benchmarks/part28/non-incremental/QF_BV/sage/app9/bench_1222.smt2,4.41265,264,196,成功
/pub/data/jiafq/iscas/Parser_Comparison/../benchmarks/part28/non-incremental/QF_BV/sage/app9/bench_1223.smt2,4.43292,0,205,成功
/pub/data/jiafq/iscas/Parser_Comparison/../benchmarks/part28/non-incremental/QF_BV/sage/app9/bench_1224.smt2,4.44555,264,205,成功
/pub/data/jiafq/iscas/Parser_Comparison/../benchmarks/part28/non-incremental/QF_BV/sage/app9/bench_1225.smt2,6.22177,264,538,成功
/pub/data/jiafq/iscas/Parser_Comparison/../benchmarks/part28/non-incremental/QF_BV/sage/app9/bench_1226.smt2,5.97262,264,376,成功
/pub/data/jiafq/iscas/Parser_Comparison/../benchmarks/part28/non-incremental/QF_BV/sage/app9/bench_1227.smt2,4.33564,264,192,成功
/pub/data/jiafq/iscas/Parser_Comparison/../benchmarks/part28/non-incremental/QF_BV/sage/app9/bench_1228.smt2,3.81184,264,179,成功
/pub/data/jiafq/iscas/Parser_Comparison/../benchmarks/part28/non-incremental/QF_BV/sage/app9/bench_1229.smt2,3.73793,264,174,成功
/pub/data/jiafq/iscas/Parser_Comparison/../benchmarks/part28/non-incremental/QF_BV/sage/app9/bench_123.smt2,24.2243,264,2457,成功
/pub/data/jiafq/iscas/Parser_Comparison/../benchmarks/part28/non-incremental/QF_BV/sage/app9/bench_1230.smt2,3.10946,0,150,成功
/pub/data/jiafq/iscas/Parser_Comparison/../benchmarks/part28/non-incremental/QF_BV/sage/app9/bench_1231.smt2,3.35503,0,146,成功
/pub/data/jiafq/iscas/Parser_Comparison/../benchmarks/part28/non-incremental/QF_BV/sage/app9/bench_1232.smt2,1.84512,0,41,成功
/pub/data/jiafq/iscas/Parser_Comparison/../benchmarks/part28/non-incremental/QF_BV/sage/app9/bench_1233.smt2,1.12414,0,15,成功
/pub/data/jiafq/iscas/Parser_Comparison/../benchmarks/part28/non-incremental/QF_BV/sage/app9/bench_1234.smt2,2.16365,0,82,成功
/pub/data/jiafq/iscas/Parser_Comparison/../benchmarks/part28/non-incremental/QF_BV/sage/app9/bench_1235.smt2,1.94454,0,78,成功
/pub/data/jiafq/iscas/Parser_Comparison/../benchmarks/part28/non-incremental/QF_BV/sage/app9/bench_1236.smt2,0.774384,0,9,成功
/pub/data/jiafq/iscas/Parser_Comparison/../benchmarks/part28/non-incremental/QF_BV/sage/app9/bench_1237.smt2,5.88179,264,323,成功
/pub/data/jiafq/iscas/Parser_Comparison/../benchmarks/part28/non-incremental/QF_BV/sage/app9/bench_1238.smt2,1.76501,0,54,成功
/pub/data/jiafq/iscas/Parser_Comparison/../benchmarks/part28/non-incremental/QF_BV/sage/app9/bench_1239.smt2,1.6253,0,39,成功
/pub/data/jiafq/iscas/Parser_Comparison/../benchmarks/part28/non-incremental/QF_BV/sage/app9/bench_124.smt2,23.8066,264,2448,成功
/pub/data/jiafq/iscas/Parser_Comparison/../benchmarks/part28/non-incremental/QF_BV/sage/app9/bench_1240.smt2,1.02615,0,17,成功
/pub/data/jiafq/iscas/Parser_Comparison/../benchmarks/part28/non-incremental/QF_BV/sage/app9/bench_1241.smt2,0.828028,0,9,成功
/pub/data/jiafq/iscas/Parser_Comparison/../benchmarks/part28/non-incremental/QF_BV/sage/app9/bench_1242.smt2,0.783205,0,9,成功
/pub/data/jiafq/iscas/Parser_Comparison/../benchmarks/part28/non-incremental/QF_BV/sage/app9/bench_1243.smt2,0.936031,0,13,成功
/pub/data/jiafq/iscas/Parser_Comparison/../benchmarks/part28/non-incremental/QF_BV/sage/app9/bench_1244.smt2,0.818729,0,9,成功
/pub/data/jiafq/iscas/Parser_Comparison/../benchmarks/part28/non-incremental/QF_BV/sage/app9/bench_1245.smt2,45.8672,528,5434,成功
/pub/data/jiafq/iscas/Parser_Comparison/../benchmarks/part28/non-incremental/QF_BV/sage/app9/bench_1246.smt2,41.805,528,5414,成功
/pub/data/jiafq/iscas/Parser_Comparison/../benchmarks/part28/non-incremental/QF_BV/sage/app9/bench_1247.smt2,45.383,528,5395,成功
/pub/data/jiafq/iscas/Parser_Comparison/../benchmarks/part28/non-incremental/QF_BV/sage/app9/bench_1248.smt2,4.90093,264,270,成功
/pub/data/jiafq/iscas/Parser_Comparison/../benchmarks/part28/non-incremental/QF_BV/sage/app9/bench_1249.smt2,4.36687,264,153,成功
/pub/data/jiafq/iscas/Parser_Comparison/../benchmarks/part28/non-incremental/QF_BV/sage/app9/bench_125.smt2,22.7659,264,2419,成功
/pub/data/jiafq/iscas/Parser_Comparison/../benchmarks/part28/non-incremental/QF_BV/sage/app9/bench_1250.smt2,4.33803,264,147,成功
/pub/data/jiafq/iscas/Parser_Comparison/../benchmarks/part28/non-incremental/QF_BV/sage/app9/bench_1251.smt2,5.67055,264,379,成功
/pub/data/jiafq/iscas/Parser_Comparison/../benchmarks/part28/non-incremental/QF_BV/sage/app9/bench_1252.smt2,5.91612,264,356,成功
/pub/data/jiafq/iscas/Parser_Comparison/../benchmarks/part28/non-incremental/QF_BV/sage/app9/bench_1253.smt2,5.84292,264,328,成功
/pub/data/jiafq/iscas/Parser_Comparison/../benchmarks/part28/non-incremental/QF_BV/sage/app9/bench_1254.smt2,5.48291,264,304,成功
/pub/data/jiafq/iscas/Parser_Comparison/../benchmarks/part28/non-incremental/QF_BV/sage/app9/bench_1255.smt2,4.6804,264,281,成功
/pub/data/jiafq/iscas/Parser_Comparison/../benchmarks/part28/non-incremental/QF_BV/sage/app9/bench_1256.smt2,4.54998,264,262,成功
/pub/data/jiafq/iscas/Parser_Comparison/../benchmarks/part28/non-incremental/QF_BV/sage/app9/bench_1257.smt2,4.64845,264,258,成功
/pub/data/jiafq/iscas/Parser_Comparison/../benchmarks/part28/non-incremental/QF_BV/sage/app9/bench_1258.smt2,4.59123,264,258,成功
/pub/data/jiafq/iscas/Parser_Comparison/../benchmarks/part28/non-incremental/QF_BV/sage/app9/bench_1259.smt2,5.0869,264,245,成功
/pub/data/jiafq/iscas/Parser_Comparison/../benchmarks/part28/non-incremental/QF_BV/sage/app9/bench_126.smt2,42.4948,528,4122,成功
/pub/data/jiafq/iscas/Parser_Comparison/../benchmarks/part28/non-incremental/QF_BV/sage/app9/bench_1260.smt2,4.8368,264,245,成功
/pub/data/jiafq/iscas/Parser_Comparison/../benchmarks/part28/non-incremental/QF_BV/sage/app9/bench_1261.smt2,4.59814,264,233,成功
/pub/data/jiafq/iscas/Parser_Comparison/../benchmarks/part28/non-incremental/QF_BV/sage/app9/bench_1262.smt2,4.31609,264,226,成功
/pub/data/jiafq/iscas/Parser_Comparison/../benchmarks/part28/non-incremental/QF_BV/sage/app9/bench_1263.smt2,4.73452,264,235,成功
/pub/data/jiafq/iscas/Parser_Comparison/../benchmarks/part28/non-incremental/QF_BV/sage/app9/bench_1264.smt2,4.47106,264,235,成功
/pub/data/jiafq/iscas/Parser_Comparison/../benchmarks/part28/non-incremental/QF_BV/sage/app9/bench_1265.smt2,4.95481,264,222,成功
/pub/data/jiafq/iscas/Parser_Comparison/../benchmarks/part28/non-incremental/QF_BV/sage/app9/bench_1266.smt2,4.48799,264,209,成功
/pub/data/jiafq/iscas/Parser_Comparison/../benchmarks/part28/non-incremental/QF_BV/sage/app9/bench_1267.smt2,4.34828,264,204,成功
/pub/data/jiafq/iscas/Parser_Comparison/../benchmarks/part28/non-incremental/QF_BV/sage/app9/bench_1268.smt2,3.73912,0,180,成功
/pub/data/jiafq/iscas/Parser_Comparison/../benchmarks/part28/non-incremental/QF_BV/sage/app9/bench_1269.smt2,3.68309,264,176,成功
/pub/data/jiafq/iscas/Parser_Comparison/../benchmarks/part28/non-incremental/QF_BV/sage/app9/bench_127.smt2,23.5538,264,2389,成功
/pub/data/jiafq/iscas/Parser_Comparison/../benchmarks/part28/non-incremental/QF_BV/sage/app9/bench_1270.smt2,4.12059,264,203,成功
/pub/data/jiafq/iscas/Parser_Comparison/../benchmarks/part28/non-incremental/QF_BV/sage/app9/bench_1271.smt2,2.1131,0,71,成功
/pub/data/jiafq/iscas/Parser_Comparison/../benchmarks/part28/non-incremental/QF_BV/sage/app9/bench_1272.smt2,1.47033,0,40,成功
/pub/data/jiafq/iscas/Parser_Comparison/../benchmarks/part28/non-incremental/QF_BV/sage/app9/bench_1273.smt2,1.33443,0,25,成功
/pub/data/jiafq/iscas/Parser_Comparison/../benchmarks/part28/non-incremental/QF_BV/sage/app9/bench_1274.smt2,1.06478,0,15,成功
/pub/data/jiafq/iscas/Parser_Comparison/../benchmarks/part28/non-incremental/QF_BV/sage/app9/bench_1275.smt2,2.18558,0,82,成功
/pub/data/jiafq/iscas/Parser_Comparison/../benchmarks/part28/non-incremental/QF_BV/sage/app9/bench_1276.smt2,2.11,0,78,成功
/pub/data/jiafq/iscas/Parser_Comparison/../benchmarks/part28/non-incremental/QF_BV/sage/app9/bench_1277.smt2,0.807047,0,9,成功
/pub/data/jiafq/iscas/Parser_Comparison/../benchmarks/part28/non-incremental/QF_BV/sage/app9/bench_1278.smt2,1.78909,0,54,成功
/pub/data/jiafq/iscas/Parser_Comparison/../benchmarks/part28/non-incremental/QF_BV/sage/app9/bench_1279.smt2,1.63674,0,39,成功
/pub/data/jiafq/iscas/Parser_Comparison/../benchmarks/part28/non-incremental/QF_BV/sage/app9/bench_128.smt2,59.0236,792,8981,成功
/pub/data/jiafq/iscas/Parser_Comparison/../benchmarks/part28/non-incremental/QF_BV/sage/app9/bench_1280.smt2,1.08767,0,17,成功
/pub/data/jiafq/iscas/Parser_Comparison/../benchmarks/part28/non-incremental/QF_BV/sage/app9/bench_1281.smt2,3.16119,0,117,成功
/pub/data/jiafq/iscas/Parser_Comparison/../benchmarks/part28/non-incremental/QF_BV/sage/app9/bench_1282.smt2,0.823021,0,9,成功
/pub/data/jiafq/iscas/Parser_Comparison/../benchmarks/part28/non-incremental/QF_BV/sage/app9/bench_1283.smt2,0.787973,0,9,成功
/pub/data/jiafq/iscas/Parser_Comparison/../benchmarks/part28/non-incremental/QF_BV/sage/app9/bench_1284.smt2,0.915289,0,13,成功
/pub/data/jiafq/iscas/Parser_Comparison/../benchmarks/part28/non-incremental/QF_BV/sage/app9/bench_1285.smt2,0.844717,0,9,成功
/pub/data/jiafq/iscas/Parser_Comparison/../benchmarks/part28/non-incremental/QF_BV/sage/app9/bench_1286.smt2,44.6308,528,5373,成功
/pub/data/jiafq/iscas/Parser_Comparison/../benchmarks/part28/non-incremental/QF_BV/sage/app9/bench_1287.smt2,44.9877,528,5355,成功
/pub/data/jiafq/iscas/Parser_Comparison/../benchmarks/part28/non-incremental/QF_BV/sage/app9/bench_1288.smt2,42.7179,528,5338,成功
/pub/data/jiafq/iscas/Parser_Comparison/../benchmarks/part28/non-incremental/QF_BV/sage/app9/bench_1289.smt2,3.96776,264,133,成功
/pub/data/jiafq/iscas/Parser_Comparison/../benchmarks/part28/non-incremental/QF_BV/sage/app9/bench_129.smt2,59.2561,792,8974,成功
/pub/data/jiafq/iscas/Parser_Comparison/../benchmarks/part28/non-incremental/QF_BV/sage/app9/bench_1290.smt2,3.50809,264,127,成功
/pub/data/jiafq/iscas/Parser_Comparison/../benchmarks/part28/non-incremental/QF_BV/sage/app9/bench_1291.smt2,6.09446,264,454,成功
/pub/data/jiafq/iscas/Parser_Comparison/../benchmarks/part28/non-incremental/QF_BV/sage/app9/bench_1292.smt2,61.3325,792,9171,成功
/pub/data/jiafq/iscas/Parser_Comparison/../benchmarks/part28/non-incremental/QF_BV/sage/app9/bench_1293.smt2,6.44588,264,431,成功
/pub/data/jiafq/iscas/Parser_Comparison/../benchmarks/part28/non-incremental/QF_BV/sage/app9/bench_1294.smt2,6.49691,264,404,成功
/pub/data/jiafq/iscas/Parser_Comparison/../benchmarks/part28/non-incremental/QF_BV/sage/app9/bench_1295.smt2,6.59227,264,411,成功
/pub/data/jiafq/iscas/Parser_Comparison/../benchmarks/part28/non-incremental/QF_BV/sage/app9/bench_1296.smt2,6.0606,264,411,成功
/pub/data/jiafq/iscas/Parser_Comparison/../benchmarks/part28/non-incremental/QF_BV/sage/app9/bench_1297.smt2,6.44708,264,395,成功
/pub/data/jiafq/iscas/Parser_Comparison/../benchmarks/part28/non-incremental/QF_BV/sage/app9/bench_1298.smt2,5.74994,264,395,成功
/pub/data/jiafq/iscas/Parser_Comparison/../benchmarks/part28/non-incremental/QF_BV/sage/app9/bench_1299.smt2,5.93591,264,405,成功
/pub/data/jiafq/iscas/Parser_Comparison/../benchmarks/part28/non-incremental/QF_BV/sage/app9/bench_13.smt2,62.2633,792,12445,成功
/pub/data/jiafq/iscas/Parser_Comparison/../benchmarks/part28/non-incremental/QF_BV/sage/app9/bench_130.smt2,58.5442,792,8962,成功
/pub/data/jiafq/iscas/Parser_Comparison/../benchmarks/part28/non-incremental/QF_BV/sage/app9/bench_1300.smt2,6.55532,264,405,成功
/pub/data/jiafq/iscas/Parser_Comparison/../benchmarks/part28/non-incremental/QF_BV/sage/app9/bench_1301.smt2,6.46973,264,400,成功
/pub/data/jiafq/iscas/Parser_Comparison/../benchmarks/part28/non-incremental/QF_BV/sage/app9/bench_1302.smt2,6.01363,264,400,成功
/pub/data/jiafq/iscas/Parser_Comparison/../benchmarks/part28/non-incremental/QF_BV/sage/app9/bench_1303.smt2,62.5529,1056,9106,成功
/pub/data/jiafq/iscas/Parser_Comparison/../benchmarks/part28/non-incremental/QF_BV/sage/app9/bench_1304.smt2,6.04796,264,382,成功
/pub/data/jiafq/iscas/Parser_Comparison/../benchmarks/part28/non-incremental/QF_BV/sage/app9/bench_1305.smt2,6.29067,264,391,成功
/pub/data/jiafq/iscas/Parser_Comparison/../benchmarks/part28/non-incremental/QF_BV/sage/app9/bench_1306.smt2,6.5906,264,391,成功
/pub/data/jiafq/iscas/Parser_Comparison/../benchmarks/part28/non-incremental/QF_BV/sage/app9/bench_1307.smt2,6.22869,264,391,成功
/pub/data/jiafq/iscas/Parser_Comparison/../benchmarks/part28/non-incremental/QF_BV/sage/app9/bench_1308.smt2,5.80168,264,391,成功
/pub/data/jiafq/iscas/Parser_Comparison/../benchmarks/part28/non-incremental/QF_BV/sage/app9/bench_1309.smt2,5.99408,264,378,成功
/pub/data/jiafq/iscas/Parser_Comparison/../benchmarks/part28/non-incremental/QF_BV/sage/app9/bench_131.smt2,58.83,792,8951,成功
/pub/data/jiafq/iscas/Parser_Comparison/../benchmarks/part28/non-incremental/QF_BV/sage/app9/bench_1310.smt2,6.02365,264,365,成功
/pub/data/jiafq/iscas/Parser_Comparison/../benchmarks/part28/non-incremental/QF_BV/sage/app9/bench_1311.smt2,6.0122,264,360,成功
/pub/data/jiafq/iscas/Parser_Comparison/../benchmarks/part28/non-incremental/QF_BV/sage/app9/bench_1312.smt2,4.54569,264,336,成功
/pub/data/jiafq/iscas/Parser_Comparison/../benchmarks/part28/non-incremental/QF_BV/sage/app9/bench_1313.smt2,4.53234,264,332,成功
/pub/data/jiafq/iscas/Parser_Comparison/../benchmarks/part28/non-incremental/QF_BV/sage/app9/bench_1314.smt2,62.5901,792,9043,成功
/pub/data/jiafq/iscas/Parser_Comparison/../benchmarks/part28/non-incremental/QF_BV/sage/app9/bench_1315.smt2,4.42696,264,308,成功
/pub/data/jiafq/iscas/Parser_Comparison/../benchmarks/part28/non-incremental/QF_BV/sage/app9/bench_1316.smt2,3.80087,264,277,成功
/pub/data/jiafq/iscas/Parser_Comparison/../benchmarks/part28/non-incremental/QF_BV/sage/app9/bench_1317.smt2,4.21882,264,252,成功
/pub/data/jiafq/iscas/Parser_Comparison/../benchmarks/part28/non-incremental/QF_BV/sage/app9/bench_1318.smt2,3.75724,264,233,成功
/pub/data/jiafq/iscas/Parser_Comparison/../benchmarks/part28/non-incremental/QF_BV/sage/app9/bench_1319.smt2,3.4678,264,246,成功
/pub/data/jiafq/iscas/Parser_Comparison/../benchmarks/part28/non-incremental/QF_BV/sage/app9/bench_132.smt2,56.3121,792,8942,成功
/pub/data/jiafq/iscas/Parser_Comparison/../benchmarks/part28/non-incremental/QF_BV/sage/app9/bench_1320.smt2,3.74722,0,246,成功
/pub/data/jiafq/iscas/Parser_Comparison/../benchmarks/part28/non-incremental/QF_BV/sage/app9/bench_1321.smt2,3.62659,0,216,成功
/pub/data/jiafq/iscas/Parser_Comparison/../benchmarks/part28/non-incremental/QF_BV/sage/app9/bench_1322.smt2,3.18027,0,185,成功
/pub/data/jiafq/iscas/Parser_Comparison/../benchmarks/part28/non-incremental/QF_BV/sage/app9/bench_1323.smt2,3.27229,0,171,成功
/pub/data/jiafq/iscas/Parser_Comparison/../benchmarks/part28/non-incremental/QF_BV/sage/app9/bench_1324.smt2,3.24726,0,184,成功
/pub/data/jiafq/iscas/Parser_Comparison/../benchmarks/part28/non-incremental/QF_BV/sage/app9/bench_1325.smt2,58.9352,1056,8978,成功
/pub/data/jiafq/iscas/Parser_Comparison/../benchmarks/part28/non-incremental/QF_BV/sage/app9/bench_1326.smt2,3.22795,0,184,成功
/pub/data/jiafq/iscas/Parser_Comparison/../benchmarks/part28/non-incremental/QF_BV/sage/app9/bench_1327.smt2,2.85149,0,159,成功
/pub/data/jiafq/iscas/Parser_Comparison/../benchmarks/part28/non-incremental/QF_BV/sage/app9/bench_1328.smt2,1.45912,0,32,成功
/pub/data/jiafq/iscas/Parser_Comparison/../benchmarks/part28/non-incremental/QF_BV/sage/app9/bench_1329.smt2,1.2238,0,23,成功
/pub/data/jiafq/iscas/Parser_Comparison/../benchmarks/part28/non-incremental/QF_BV/sage/app9/bench_133.smt2,58.7173,792,8937,成功
/pub/data/jiafq/iscas/Parser_Comparison/../benchmarks/part28/non-incremental/QF_BV/sage/app9/bench_1330.smt2,2.42686,0,123,成功
/pub/data/jiafq/iscas/Parser_Comparison/../benchmarks/part28/non-incremental/QF_BV/sage/app9/bench_1331.smt2,2.44904,0,123,成功
/pub/data/jiafq/iscas/Parser_Comparison/../benchmarks/part28/non-incremental/QF_BV/sage/app9/bench_1332.smt2,2.31552,0,103,成功
/pub/data/jiafq/iscas/Parser_Comparison/../benchmarks/part28/non-incremental/QF_BV/sage/app9/bench_1333.smt2,1.10674,0,15,成功
/pub/data/jiafq/iscas/Parser_Comparison/../benchmarks/part28/non-incremental/QF_BV/sage/app9/bench_1334.smt2,2.16961,0,82,成功
/pub/data/jiafq/iscas/Parser_Comparison/../benchmarks/part28/non-incremental/QF_BV/sage/app9/bench_1335.smt2,2.18105,0,78,成功
/pub/data/jiafq/iscas/Parser_Comparison/../benchmarks/part28/non-incremental/QF_BV/sage/app9/bench_1336.smt2,6.03533,264,462,成功
/pub/data/jiafq/iscas/Parser_Comparison/../benchmarks/part28/non-incremental/QF_BV/sage/app9/bench_1337.smt2,62.5076,1056,8913,成功
/pub/data/jiafq/iscas/Parser_Comparison/../benchmarks/part28/non-incremental/QF_BV/sage/app9/bench_1338.smt2,0.80061,0,9,成功
/pub/data/jiafq/iscas/Parser_Comparison/../benchmarks/part28/non-incremental/QF_BV/sage/app9/bench_1339.smt2,1.9052,0,67,成功
/pub/data/jiafq/iscas/Parser_Comparison/../benchmarks/part28/non-incremental/QF_BV/sage/app9/bench_134.smt2,56.7672,792,8933,成功
/pub/data/jiafq/iscas/Parser_Comparison/../benchmarks/part28/non-incremental/QF_BV/sage/app9/bench_1340.smt2,1.89161,0,67,成功
/pub/data/jiafq/iscas/Parser_Comparison/../benchmarks/part28/non-incremental/QF_BV/sage/app9/bench_1341.smt2,1.67084,0,54,成功
/pub/data/jiafq/iscas/Parser_Comparison/../benchmarks/part28/non-incremental/QF_BV/sage/app9/bench_1342.smt2,1.60623,0,39,成功
/pub/data/jiafq/iscas/Parser_Comparison/../benchmarks/part28/non-incremental/QF_BV/sage/app9/bench_1343.smt2,1.01566,0,17,成功
/pub/data/jiafq/iscas/Parser_Comparison/../benchmarks/part28/non-incremental/QF_BV/sage/app9/bench_1344.smt2,0.725508,0,9,成功
/pub/data/jiafq/iscas/Parser_Comparison/../benchmarks/part28/non-incremental/QF_BV/sage/app9/bench_1345.smt2,0.699759,0,9,成功
/pub/data/jiafq/iscas/Parser_Comparison/../benchmarks/part28/non-incremental/QF_BV/sage/app9/bench_1346.smt2,0.916243,0,13,成功
/pub/data/jiafq/iscas/Parser_Comparison/../benchmarks/part28/non-incremental/QF_BV/sage/app9/bench_1347.smt2,0.733852,0,9,成功
/pub/data/jiafq/iscas/Parser_Comparison/../benchmarks/part28/non-incremental/QF_BV/sage/app9/bench_1348.smt2,59.3219,792,8882,成功
/pub/data/jiafq/iscas/Parser_Comparison/../benchmarks/part28/non-incremental/QF_BV/sage/app9/bench_1349.smt2,44.5235,528,5318,成功
/pub/data/jiafq/iscas/Parser_Comparison/../benchmarks/part28/non-incremental/QF_BV/sage/app9/bench_135.smt2,57.5647,792,8927,成功
/pub/data/jiafq/iscas/Parser_Comparison/../benchmarks/part28/non-incremental/QF_BV/sage/app9/bench_1350.smt2,44.2615,528,5302,成功
/pub/data/jiafq/iscas/Parser_Comparison/../benchmarks/part28/non-incremental/QF_BV/sage/app9/bench_1351.smt2,42.8882,528,5287,成功
/pub/data/jiafq/iscas/Parser_Comparison/../benchmarks/part28/non-incremental/QF_BV/sage/app9/bench_1352.smt2,3.09348,0,113,成功
/pub/data/jiafq/iscas/Parser_Comparison/../benchmarks/part28/non-incremental/QF_BV/sage/app9/bench_1353.smt2,3.38554,0,107,成功
/pub/data/jiafq/iscas/Parser_Comparison/../benchmarks/part28/non-incremental/QF_BV/sage/app9/bench_1354.smt2,10.7775,264,1356,成功
/pub/data/jiafq/iscas/Parser_Comparison/../benchmarks/part28/non-incremental/QF_BV/sage/app9/bench_1355.smt2,11.4942,264,1398,成功
/pub/data/jiafq/iscas/Parser_Comparison/../benchmarks/part28/non-incremental/QF_BV/sage/app9/bench_1356.smt2,11.5116,264,1398,成功
/pub/data/jiafq/iscas/Parser_Comparison/../benchmarks/part28/non-incremental/QF_BV/sage/app9/bench_1357.smt2,11.693,264,1392,成功
/pub/data/jiafq/iscas/Parser_Comparison/../benchmarks/part28/non-incremental/QF_BV/sage/app9/bench_1358.smt2,11.3034,264,1392,成功
/pub/data/jiafq/iscas/Parser_Comparison/../benchmarks/part28/non-incremental/QF_BV/sage/app9/bench_1359.smt2,60.8988,792,8830,成功
/pub/data/jiafq/iscas/Parser_Comparison/../benchmarks/part28/non-incremental/QF_BV/sage/app9/bench_136.smt2,57.3535,792,8922,成功
/pub/data/jiafq/iscas/Parser_Comparison/../benchmarks/part28/non-incremental/QF_BV/sage/app9/bench_1360.smt2,11.2586,264,1386,成功
/pub/data/jiafq/iscas/Parser_Comparison/../benchmarks/part28/non-incremental/QF_BV/sage/app9/bench_1361.smt2,10.2193,264,1386,成功
/pub/data/jiafq/iscas/Parser_Comparison/../benchmarks/part28/non-incremental/QF_BV/sage/app9/bench_1362.smt2,10.9262,264,1380,成功
/pub/data/jiafq/iscas/Parser_Comparison/../benchmarks/part28/non-incremental/QF_BV/sage/app9/bench_1363.smt2,10.2568,264,1380,成功
/pub/data/jiafq/iscas/Parser_Comparison/../benchmarks/part28/non-incremental/QF_BV/sage/app9/bench_1364.smt2,10.1254,264,1374,成功
/pub/data/jiafq/iscas/Parser_Comparison/../benchmarks/part28/non-incremental/QF_BV/sage/app9/bench_1365.smt2,11.4703,264,1374,成功
/pub/data/jiafq/iscas/Parser_Comparison/../benchmarks/part28/non-incremental/QF_BV/sage/app9/bench_1366.smt2,10.9572,264,1368,成功
/pub/data/jiafq/iscas/Parser_Comparison/../benchmarks/part28/non-incremental/QF_BV/sage/app9/bench_1367.smt2,10.0656,264,1368,成功
/pub/data/jiafq/iscas/Parser_Comparison/../benchmarks/part28/non-incremental/QF_BV/sage/app9/bench_1368.smt2,10.8564,264,1362,成功
/pub/data/jiafq/iscas/Parser_Comparison/../benchmarks/part28/non-incremental/QF_BV/sage/app9/bench_1369.smt2,10.8867,264,1362,成功
/pub/data/jiafq/iscas/Parser_Comparison/../benchmarks/part28/non-incremental/QF_BV/sage/app9/bench_137.smt2,4.70614,264,367,成功
/pub/data/jiafq/iscas/Parser_Comparison/../benchmarks/part28/non-incremental/QF_BV/sage/app9/bench_1370.smt2,61.5685,792,8777,成功
/pub/data/jiafq/iscas/Parser_Comparison/../benchmarks/part28/non-incremental/QF_BV/sage/app9/bench_1371.smt2,9.87434,264,1346,成功
/pub/data/jiafq/iscas/Parser_Comparison/../benchmarks/part28/non-incremental/QF_BV/sage/app9/bench_1372.smt2,9.90868,264,1346,成功
/pub/data/jiafq/iscas/Parser_Comparison/../benchmarks/part28/non-incremental/QF_BV/sage/app9/bench_1373.smt2,9.92703,264,1356,成功
/pub/data/jiafq/iscas/Parser_Comparison/../benchmarks/part28/non-incremental/QF_BV/sage/app9/bench_1374.smt2,9.83047,264,1356,成功
/pub/data/jiafq/iscas/Parser_Comparison/../benchmarks/part28/non-incremental/QF_BV/sage/app9/bench_1375.smt2,9.88674,264,1351,成功
/pub/data/jiafq/iscas/Parser_Comparison/../benchmarks/part28/non-incremental/QF_BV/sage/app9/bench_1376.smt2,10.9301,264,1351,成功
/pub/data/jiafq/iscas/Parser_Comparison/../benchmarks/part28/non-incremental/QF_BV/sage/app9/bench_1377.smt2,10.766,264,1321,成功
/pub/data/jiafq/iscas/Parser_Comparison/../benchmarks/part28/non-incremental/QF_BV/sage/app9/bench_1378.smt2,11.0748,264,1342,成功
/pub/data/jiafq/iscas/Parser_Comparison/../benchmarks/part28/non-incremental/QF_BV/sage/app9/bench_1379.smt2,9.97424,264,1342,成功
/pub/data/jiafq/iscas/Parser_Comparison/../benchmarks/part28/non-incremental/QF_BV/sage/app9/bench_138.smt2,56.4673,792,8917,成功
/pub/data/jiafq/iscas/Parser_Comparison/../benchmarks/part28/non-incremental/QF_BV/sage/app9/bench_1380.smt2,10.5236,264,1342,成功
/pub/data/jiafq/iscas/Parser_Comparison/../benchmarks/part28/non-incremental/QF_BV/sage/app9/bench_1381.smt2,85.8159,1056,28070,成功
/pub/data/jiafq/iscas/Parser_Comparison/../benchmarks/part28/non-incremental/QF_BV/sage/app9/bench_1382.smt2,10.5374,264,1342,成功
/pub/data/jiafq/iscas/Parser_Comparison/../benchmarks/part28/non-incremental/QF_BV/sage/app9/bench_1383.smt2,10.0334,264,1317,成功
/pub/data/jiafq/iscas/Parser_Comparison/../benchmarks/part28/non-incremental/QF_BV/sage/app9/bench_1384.smt2,10.659,264,1292,成功
/pub/data/jiafq/iscas/Parser_Comparison/../benchmarks/part28/non-incremental/QF_BV/sage/app9/bench_1385.smt2,10.1933,264,1285,成功
/pub/data/jiafq/iscas/Parser_Comparison/../benchmarks/part28/non-incremental/QF_BV/sage/app9/bench_1386.smt2,9.71079,264,1275,成功
/pub/data/jiafq/iscas/Parser_Comparison/../benchmarks/part28/non-incremental/QF_BV/sage/app9/bench_1387.smt2,9.77349,264,1275,成功
/pub/data/jiafq/iscas/Parser_Comparison/../benchmarks/part28/non-incremental/QF_BV/sage/app9/bench_1388.smt2,9.66907,264,1275,成功
/pub/data/jiafq/iscas/Parser_Comparison/../benchmarks/part28/non-incremental/QF_BV/sage/app9/bench_1389.smt2,8.88348,264,1275,成功
/pub/data/jiafq/iscas/Parser_Comparison/../benchmarks/part28/non-incremental/QF_BV/sage/app9/bench_139.smt2,57.0841,792,8912,成功
/pub/data/jiafq/iscas/Parser_Comparison/../benchmarks/part28/non-incremental/QF_BV/sage/app9/bench_1390.smt2,9.55915,264,1262,成功
/pub/data/jiafq/iscas/Parser_Comparison/../benchmarks/part28/non-incremental/QF_BV/sage/app9/bench_1391.smt2,9.69338,264,1271,成功
/pub/data/jiafq/iscas/Parser_Comparison/../benchmarks/part28/non-incremental/QF_BV/sage/app9/bench_1392.smt2,89.1867,1056,28052,成功
/pub/data/jiafq/iscas/Parser_Comparison/../benchmarks/part28/non-incremental/QF_BV/sage/app9/bench_1393.smt2,8.96525,264,1271,成功
/pub/data/jiafq/iscas/Parser_Comparison/../benchmarks/part28/non-incremental/QF_BV/sage/app9/bench_1394.smt2,9.72557,264,1271,成功
/pub/data/jiafq/iscas/Parser_Comparison/../benchmarks/part28/non-incremental/QF_BV/sage/app9/bench_1395.smt2,9.59945,264,1271,成功
/pub/data/jiafq/iscas/Parser_Comparison/../benchmarks/part28/non-incremental/QF_BV/sage/app9/bench_1396.smt2,9.4862,264,1258,成功
/pub/data/jiafq/iscas/Parser_Comparison/../benchmarks/part28/non-incremental/QF_BV/sage/app9/bench_1397.smt2,9.43995,264,1245,成功
/pub/data/jiafq/iscas/Parser_Comparison/../benchmarks/part28/non-incremental/QF_BV/sage/app9/bench_1398.smt2,9.44042,264,1240,成功
/pub/data/jiafq/iscas/Parser_Comparison/../benchmarks/part28/non-incremental/QF_BV/sage/app9/bench_1399.smt2,8.23116,264,1216,成功
/pub/data/jiafq/iscas/Parser_Comparison/../benchmarks/part28/non-incremental/QF_BV/sage/app9/bench_14.smt2,65.2335,1056,12427,成功
/pub/data/jiafq/iscas/Parser_Comparison/../benchmarks/part28/non-incremental/QF_BV/sage/app9/bench_140.smt2,57.0097,792,8907,成功
/pub/data/jiafq/iscas/Parser_Comparison/../benchmarks/part28/non-incremental/QF_BV/sage/app9/bench_1400.smt2,8.12936,264,1212,成功
/pub/data/jiafq/iscas/Parser_Comparison/../benchmarks/part28/non-incremental/QF_BV/sage/app9/bench_1401.smt2,8.57353,264,1176,成功
/pub/data/jiafq/iscas/Parser_Comparison/../benchmarks/part28/non-incremental/QF_BV/sage/app9/bench_1402.smt2,7.82061,264,1126,成功
/pub/data/jiafq/iscas/Parser_Comparison/../benchmarks/part28/non-incremental/QF_BV/sage/app9/bench_1403.smt2,87.7991,1056,28034,成功
/pub/data/jiafq/iscas/Parser_Comparison/../benchmarks/part28/non-incremental/QF_BV/sage/app9/bench_1404.smt2,8.37111,264,1151,成功
/pub/data/jiafq/iscas/Parser_Comparison/../benchmarks/part28/non-incremental/QF_BV/sage/app9/bench_1405.smt2,8.3549,264,1151,成功
/pub/data/jiafq/iscas/Parser_Comparison/../benchmarks/part28/non-incremental/QF_BV/sage/app9/bench_1406.smt2,8.23593,264,1079,成功
/pub/data/jiafq/iscas/Parser_Comparison/../benchmarks/part28/non-incremental/QF_BV/sage/app9/bench_1407.smt2,7.41172,264,1006,成功
/pub/data/jiafq/iscas/Parser_Comparison/../benchmarks/part28/non-incremental/QF_BV/sage/app9/bench_1408.smt2,7.303,264,962,成功
/pub/data/jiafq/iscas/Parser_Comparison/../benchmarks/part28/non-incremental/QF_BV/sage/app9/bench_1409.smt2,7.88379,264,987,成功
/pub/data/jiafq/iscas/Parser_Comparison/../benchmarks/part28/non-incremental/QF_BV/sage/app9/bench_141.smt2,58.3277,792,8902,成功
/pub/data/jiafq/iscas/Parser_Comparison/../benchmarks/part28/non-incremental/QF_BV/sage/app9/bench_1410.smt2,7.97486,264,987,成功
/pub/data/jiafq/iscas/Parser_Comparison/../benchmarks/part28/non-incremental/QF_BV/sage/app9/bench_1411.smt2,7.74312,264,920,成功
/pub/data/jiafq/iscas/Parser_Comparison/../benchmarks/part28/non-incremental/QF_BV/sage/app9/bench_1412.smt2,7.64513,264,852,成功
/pub/data/jiafq/iscas/Parser_Comparison/../benchmarks/part28/non-incremental/QF_BV/sage/app9/bench_1413.smt2,7.3421,264,813,成功
/pub/data/jiafq/iscas/Parser_Comparison/../benchmarks/part28/non-incremental/QF_BV/sage/app9/bench_1414.smt2,85.9139,1056,28016,成功
/pub/data/jiafq/iscas/Parser_Comparison/../benchmarks/part28/non-incremental/QF_BV/sage/app9/bench_1415.smt2,7.25555,264,838,成功
/pub/data/jiafq/iscas/Parser_Comparison/../benchmarks/part28/non-incremental/QF_BV/sage/app9/bench_1416.smt2,7.53331,264,838,成功
/pub/data/jiafq/iscas/Parser_Comparison/../benchmarks/part28/non-incremental/QF_BV/sage/app9/bench_1417.smt2,6.53219,264,776,成功
/pub/data/jiafq/iscas/Parser_Comparison/../benchmarks/part28/non-incremental/QF_BV/sage/app9/bench_1418.smt2,6.52838,264,713,成功
/pub/data/jiafq/iscas/Parser_Comparison/../benchmarks/part28/non-incremental/QF_BV/sage/app9/bench_1419.smt2,6.35409,264,679,成功
/pub/data/jiafq/iscas/Parser_Comparison/../benchmarks/part28/non-incremental/QF_BV/sage/app9/bench_142.smt2,55.8012,792,8897,成功
/pub/data/jiafq/iscas/Parser_Comparison/../benchmarks/part28/non-incremental/QF_BV/sage/app9/bench_1420.smt2,7.00283,264,704,成功
/pub/data/jiafq/iscas/Parser_Comparison/../benchmarks/part28/non-incremental/QF_BV/sage/app9/bench_1421.smt2,6.74081,264,704,成功
/pub/data/jiafq/iscas/Parser_Comparison/../benchmarks/part28/non-incremental/QF_BV/sage/app9/bench_1422.smt2,6.54459,264,647,成功
/pub/data/jiafq/iscas/Parser_Comparison/../benchmarks/part28/non-incremental/QF_BV/sage/app9/bench_1423.smt2,6.52504,264,589,成功
/pub/data/jiafq/iscas/Parser_Comparison/../benchmarks/part28/non-incremental/QF_BV/sage/app9/bench_1424.smt2,5.92995,264,560,成功
/pub/data/jiafq/iscas/Parser_Comparison/../benchmarks/part28/non-incremental/QF_BV/sage/app9/bench_1425.smt2,84.7459,1056,27998,成功
/pub/data/jiafq/iscas/Parser_Comparison/../benchmarks/part28/non-incremental/QF_BV/sage/app9/bench_1426.smt2,6.51097,264,585,成功
/pub/data/jiafq/iscas/Parser_Comparison/../benchmarks/part28/non-incremental/QF_BV/sage/app9/bench_1427.smt2,6.39939,264,585,成功
/pub/data/jiafq/iscas/Parser_Comparison/../benchmarks/part28/non-incremental/QF_BV/sage/app9/bench_1428.smt2,6.39486,264,533,成功
/pub/data/jiafq/iscas/Parser_Comparison/../benchmarks/part28/non-incremental/QF_BV/sage/app9/bench_1429.smt2,5.9042,264,480,成功
/pub/data/jiafq/iscas/Parser_Comparison/../benchmarks/part28/non-incremental/QF_BV/sage/app9/bench_143.smt2,56.7572,792,8892,成功
/pub/data/jiafq/iscas/Parser_Comparison/../benchmarks/part28/non-incremental/QF_BV/sage/app9/bench_1430.smt2,5.47194,264,456,成功
/pub/data/jiafq/iscas/Parser_Comparison/../benchmarks/part28/non-incremental/QF_BV/sage/app9/bench_1431.smt2,5.8465,264,481,成功
/pub/data/jiafq/iscas/Parser_Comparison/../benchmarks/part28/non-incremental/QF_BV/sage/app9/bench_1432.smt2,5.75328,264,481,成功
/pub/data/jiafq/iscas/Parser_Comparison/../benchmarks/part28/non-incremental/QF_BV/sage/app9/bench_1433.smt2,5.49674,264,434,成功
/pub/data/jiafq/iscas/Parser_Comparison/../benchmarks/part28/non-incremental/QF_BV/sage/app9/bench_1434.smt2,4.88901,264,386,成功
/pub/data/jiafq/iscas/Parser_Comparison/../benchmarks/part28/non-incremental/QF_BV/sage/app9/bench_1435.smt2,4.49991,264,367,成功
/pub/data/jiafq/iscas/Parser_Comparison/../benchmarks/part28/non-incremental/QF_BV/sage/app9/bench_1436.smt2,86.046,1056,27980,成功
/pub/data/jiafq/iscas/Parser_Comparison/../benchmarks/part28/non-incremental/QF_BV/sage/app9/bench_1437.smt2,4.31514,264,392,成功
/pub/data/jiafq/iscas/Parser_Comparison/../benchmarks/part28/non-incremental/QF_BV/sage/app9/bench_1438.smt2,4.69542,264,392,成功
/pub/data/jiafq/iscas/Parser_Comparison/../benchmarks/part28/non-incremental/QF_BV/sage/app9/bench_1439.smt2,4.63867,264,350,成功
/pub/data/jiafq/iscas/Parser_Comparison/../benchmarks/part28/non-incremental/QF_BV/sage/app9/bench_144.smt2,54.9793,792,8887,成功
/pub/data/jiafq/iscas/Parser_Comparison/../benchmarks/part28/non-incremental/QF_BV/sage/app9/bench_1440.smt2,4.36497,264,307,成功
/pub/data/jiafq/iscas/Parser_Comparison/../benchmarks/part28/non-incremental/QF_BV/sage/app9/bench_1441.smt2,4.22406,264,293,成功
/pub/data/jiafq/iscas/Parser_Comparison/../benchmarks/part28/non-incremental/QF_BV/sage/app9/bench_1442.smt2,4.2007,264,318,成功
/pub/data/jiafq/iscas/Parser_Comparison/../benchmarks/part28/non-incremental/QF_BV/sage/app9/bench_1443.smt2,4.19474,264,318,成功
/pub/data/jiafq/iscas/Parser_Comparison/../benchmarks/part28/non-incremental/QF_BV/sage/app9/bench_1444.smt2,4.1244,264,281,成功
/pub/data/jiafq/iscas/Parser_Comparison/../benchmarks/part28/non-incremental/QF_BV/sage/app9/bench_1445.smt2,1.33491,0,32,成功
/pub/data/jiafq/iscas/Parser_Comparison/../benchmarks/part28/non-incremental/QF_BV/sage/app9/bench_1446.smt2,1.29771,0,23,成功
/pub/data/jiafq/iscas/Parser_Comparison/../benchmarks/part28/non-incremental/QF_BV/sage/app9/bench_1447.smt2,4.51374,264,386,成功
/pub/data/jiafq/iscas/Parser_Comparison/../benchmarks/part28/non-incremental/QF_BV/sage/app9/bench_1448.smt2,87.2462,1056,27962,成功
/pub/data/jiafq/iscas/Parser_Comparison/../benchmarks/part28/non-incremental/QF_BV/sage/app9/bench_1449.smt2,3.35336,0,245,成功
/pub/data/jiafq/iscas/Parser_Comparison/../benchmarks/part28/non-incremental/QF_BV/sage/app9/bench_145.smt2,56.2706,792,8882,成功
/pub/data/jiafq/iscas/Parser_Comparison/../benchmarks/part28/non-incremental/QF_BV/sage/app9/bench_1450.smt2,3.08752,0,245,成功
/pub/data/jiafq/iscas/Parser_Comparison/../benchmarks/part28/non-incremental/QF_BV/sage/app9/bench_1451.smt2,3.18718,0,213,成功
/pub/data/jiafq/iscas/Parser_Comparison/../benchmarks/part28/non-incremental/QF_BV/sage/app9/bench_1452.smt2,1.05882,0,15,成功
/pub/data/jiafq/iscas/Parser_Comparison/../benchmarks/part28/non-incremental/QF_BV/sage/app9/bench_1453.smt2,3.07107,0,180,成功
/pub/data/jiafq/iscas/Parser_Comparison/../benchmarks/part28/non-incremental/QF_BV/sage/app9/bench_1454.smt2,2.8162,0,176,成功
/pub/data/jiafq/iscas/Parser_Comparison/../benchmarks/part28/non-incremental/QF_BV/sage/app9/bench_1455.smt2,0.849485,0,9,成功
/pub/data/jiafq/iscas/Parser_Comparison/../benchmarks/part28/non-incremental/QF_BV/sage/app9/bench_1456.smt2,2.64835,0,165,成功
/pub/data/jiafq/iscas/Parser_Comparison/../benchmarks/part28/non-incremental/QF_BV/sage/app9/bench_1457.smt2,2.65956,0,165,成功
/pub/data/jiafq/iscas/Parser_Comparison/../benchmarks/part28/non-incremental/QF_BV/sage/app9/bench_1458.smt2,2.69246,0,140,成功
/pub/data/jiafq/iscas/Parser_Comparison/../benchmarks/part28/non-incremental/QF_BV/sage/app9/bench_1459.smt2,88.8126,1056,27944,成功
/pub/data/jiafq/iscas/Parser_Comparison/../benchmarks/part28/non-incremental/QF_BV/sage/app9/bench_146.smt2,22.2874,264,2346,成功
/pub/data/jiafq/iscas/Parser_Comparison/../benchmarks/part28/non-incremental/QF_BV/sage/app9/bench_1460.smt2,2.62928,0,113,成功
/pub/data/jiafq/iscas/Parser_Comparison/../benchmarks/part28/non-incremental/QF_BV/sage/app9/bench_1461.smt2,2.10834,0,79,成功
/pub/data/jiafq/iscas/Parser_Comparison/../benchmarks/part28/non-incremental/QF_BV/sage/app9/bench_1462.smt2,0.783205,0,9,成功
/pub/data/jiafq/iscas/Parser_Comparison/../benchmarks/part28/non-incremental/QF_BV/sage/app9/bench_1463.smt2,1.8723,0,67,成功
/pub/data/jiafq/iscas/Parser_Comparison/../benchmarks/part28/non-incremental/QF_BV/sage/app9/bench_1464.smt2,1.75476,0,67,成功
/pub/data/jiafq/iscas/Parser_Comparison/../benchmarks/part28/non-incremental/QF_BV/sage/app9/bench_1465.smt2,1.80888,0,54,成功
/pub/data/jiafq/iscas/Parser_Comparison/../benchmarks/part28/non-incremental/QF_BV/sage/app9/bench_1466.smt2,1.65439,0,39,成功
/pub/data/jiafq/iscas/Parser_Comparison/../benchmarks/part28/non-incremental/QF_BV/sage/app9/bench_1467.smt2,1.04332,0,17,成功
/pub/data/jiafq/iscas/Parser_Comparison/../benchmarks/part28/non-incremental/QF_BV/sage/app9/bench_1468.smt2,0.724554,0,9,成功
/pub/data/jiafq/iscas/Parser_Comparison/../benchmarks/part28/non-incremental/QF_BV/sage/app9/bench_1469.smt2,0.678539,0,9,成功
/pub/data/jiafq/iscas/Parser_Comparison/../benchmarks/part28/non-incremental/QF_BV/sage/app9/bench_147.smt2,55.7101,792,8883,成功
/pub/data/jiafq/iscas/Parser_Comparison/../benchmarks/part28/non-incremental/QF_BV/sage/app9/bench_1470.smt2,85.1109,1056,27926,成功
/pub/data/jiafq/iscas/Parser_Comparison/../benchmarks/part28/non-incremental/QF_BV/sage/app9/bench_1471.smt2,0.924826,0,13,成功
/pub/data/jiafq/iscas/Parser_Comparison/../benchmarks/part28/non-incremental/QF_BV/sage/app9/bench_1472.smt2,0.83518,0,9,成功
/pub/data/jiafq/iscas/Parser_Comparison/../benchmarks/part28/non-incremental/QF_BV/sage/app9/bench_1473.smt2,43.3896,528,5269,成功
/pub/data/jiafq/iscas/Parser_Comparison/../benchmarks/part28/non-incremental/QF_BV/sage/app9/bench_1474.smt2,41.7047,528,5255,成功
/pub/data/jiafq/iscas/Parser_Comparison/../benchmarks/part28/non-incremental/QF_BV/sage/app9/bench_1475.smt2,44.9455,528,5242,成功
/pub/data/jiafq/iscas/Parser_Comparison/../benchmarks/part28/non-incremental/QF_BV/sage/app9/bench_1476.smt2,2.95949,0,93,成功
/pub/data/jiafq/iscas/Parser_Comparison/../benchmarks/part28/non-incremental/QF_BV/sage/app9/bench_1477.smt2,2.97451,0,87,成功
/pub/data/jiafq/iscas/Parser_Comparison/../benchmarks/part28/non-incremental/QF_BV/sage/app9/bench_1478.smt2,10.8333,264,997,成功
/pub/data/jiafq/iscas/Parser_Comparison/../benchmarks/part28/non-incremental/QF_BV/sage/app9/bench_1479.smt2,10.9067,264,950,成功
/pub/data/jiafq/iscas/Parser_Comparison/../benchmarks/part28/non-incremental/QF_BV/sage/app9/bench_148.smt2,4.57525,264,291,成功
/pub/data/jiafq/iscas/Parser_Comparison/../benchmarks/part28/non-incremental/QF_BV/sage/app9/bench_1480.smt2,10.6089,264,943,成功
/pub/data/jiafq/iscas/Parser_Comparison/../benchmarks/part28/non-incremental/QF_BV/sage/app9/bench_1481.smt2,87.867,1056,27908,成功
/pub/data/jiafq/iscas/Parser_Comparison/../benchmarks/part28/non-incremental/QF_BV/sage/app9/bench_1482.smt2,10.2036,264,962,成功
/pub/data/jiafq/iscas/Parser_Comparison/../benchmarks/part28/non-incremental/QF_BV/sage/app9/bench_1483.smt2,10.2067,264,962,成功
/pub/data/jiafq/iscas/Parser_Comparison/../benchmarks/part28/non-incremental/QF_BV/sage/app9/bench_1484.smt2,10.1063,264,955,成功
/pub/data/jiafq/iscas/Parser_Comparison/../benchmarks/part28/non-incremental/QF_BV/sage/app9/bench_1485.smt2,9.82714,264,955,成功
/pub/data/jiafq/iscas/Parser_Comparison/../benchmarks/part28/non-incremental/QF_BV/sage/app9/bench_1486.smt2,10.1895,264,955,成功
/pub/data/jiafq/iscas/Parser_Comparison/../benchmarks/part28/non-incremental/QF_BV/sage/app9/bench_1487.smt2,9.22513,264,955,成功
/pub/data/jiafq/iscas/Parser_Comparison/../benchmarks/part28/non-incremental/QF_BV/sage/app9/bench_1488.smt2,9.82976,264,920,成功
/pub/data/jiafq/iscas/Parser_Comparison/../benchmarks/part28/non-incremental/QF_BV/sage/app9/bench_1489.smt2,10.0152,264,951,成功
/pub/data/jiafq/iscas/Parser_Comparison/../benchmarks/part28/non-incremental/QF_BV/sage/app9/bench_149.smt2,56.3669,792,8883,成功
/pub/data/jiafq/iscas/Parser_Comparison/../benchmarks/part28/non-incremental/QF_BV/sage/app9/bench_1490.smt2,10.0181,264,951,成功
/pub/data/jiafq/iscas/Parser_Comparison/../benchmarks/part28/non-incremental/QF_BV/sage/app9/bench_1491.smt2,9.20582,264,951,成功
/pub/data/jiafq/iscas/Parser_Comparison/../benchmarks/part28/non-incremental/QF_BV/sage/app9/bench_1492.smt2,88.0439,1056,27890,成功
/pub/data/jiafq/iscas/Parser_Comparison/../benchmarks/part28/non-incremental/QF_BV/sage/app9/bench_1493.smt2,9.25994,264,951,成功
/pub/data/jiafq/iscas/Parser_Comparison/../benchmarks/part28/non-incremental/QF_BV/sage/app9/bench_1494.smt2,9.56059,264,916,成功
/pub/data/jiafq/iscas/Parser_Comparison/../benchmarks/part28/non-incremental/QF_BV/sage/app9/bench_1495.smt2,10.1399,264,934,成功
/pub/data/jiafq/iscas/Parser_Comparison/../benchmarks/part28/non-incremental/QF_BV/sage/app9/bench_1496.smt2,9.57322,264,934,成功
/pub/data/jiafq/iscas/Parser_Comparison/../benchmarks/part28/non-incremental/QF_BV/sage/app9/bench_1497.smt2,10.222,260,928,成功
/pub/data/jiafq/iscas/Parser_Comparison/../benchmarks/part28/non-incremental/QF_BV/sage/app9/bench_1498.smt2,9.57727,264,928,成功
/pub/data/jiafq/iscas/Parser_Comparison/../benchmarks/part28/non-incremental/QF_BV/sage/app9/bench_1499.smt2,9.31144,264,922,成功
/pub/data/jiafq/iscas/Parser_Comparison/../benchmarks/part28/non-incremental/QF_BV/sage/app9/bench_15.smt2,90.3451,1056,29542,成功
/pub/data/jiafq/iscas/Parser_Comparison/../benchmarks/part28/non-incremental/QF_BV/sage/app9/bench_150.smt2,56.9155,792,8897,成功
/pub/data/jiafq/iscas/Parser_Comparison/../benchmarks/part28/non-incremental/QF_BV/sage/app9/bench_1500.smt2,9.31406,264,922,成功
/pub/data/jiafq/iscas/Parser_Comparison/../benchmarks/part28/non-incremental/QF_BV/sage/app9/bench_1501.smt2,9.12213,264,906,成功
/pub/data/jiafq/iscas/Parser_Comparison/../benchmarks/part28/non-incremental/QF_BV/sage/app9/bench_1502.smt2,9.758,264,906,成功
/pub/data/jiafq/iscas/Parser_Comparison/../benchmarks/part28/non-incremental/QF_BV/sage/app9/bench_1503.smt2,85.2642,1056,27872,成功
/pub/data/jiafq/iscas/Parser_Comparison/../benchmarks/part28/non-incremental/QF_BV/sage/app9/bench_1504.smt2,8.92162,264,916,成功
/pub/data/jiafq/iscas/Parser_Comparison/../benchmarks/part28/non-incremental/QF_BV/sage/app9/bench_1505.smt2,9.1362,264,916,成功
/pub/data/jiafq/iscas/Parser_Comparison/../benchmarks/part28/non-incremental/QF_BV/sage/app9/bench_1506.smt2,9.77516,264,911,成功
/pub/data/jiafq/iscas/Parser_Comparison/../benchmarks/part28/non-incremental/QF_BV/sage/app9/bench_1507.smt2,9.84812,264,911,成功
/pub/data/jiafq/iscas/Parser_Comparison/../benchmarks/part28/non-incremental/QF_BV/sage/app9/bench_1508.smt2,9.76896,264,911,成功
/pub/data/jiafq/iscas/Parser_Comparison/../benchmarks/part28/non-incremental/QF_BV/sage/app9/bench_1509.smt2,9.76205,264,911,成功
/pub/data/jiafq/iscas/Parser_Comparison/../benchmarks/part28/non-incremental/QF_BV/sage/app9/bench_151.smt2,56.6714,792,8897,成功
/pub/data/jiafq/iscas/Parser_Comparison/../benchmarks/part28/non-incremental/QF_BV/sage/app9/bench_1510.smt2,9.72056,264,881,成功
/pub/data/jiafq/iscas/Parser_Comparison/../benchmarks/part28/non-incremental/QF_BV/sage/app9/bench_1511.smt2,8.89778,264,902,成功
/pub/data/jiafq/iscas/Parser_Comparison/../benchmarks/part28/non-incremental/QF_BV/sage/app9/bench_1512.smt2,9.51934,264,902,成功
/pub/data/jiafq/iscas/Parser_Comparison/../benchmarks/part28/non-incremental/QF_BV/sage/app9/bench_1513.smt2,9.67598,264,902,成功
/pub/data/jiafq/iscas/Parser_Comparison/../benchmarks/part28/non-incremental/QF_BV/sage/app9/bench_1514.smt2,2.48432,0,83,成功
/pub/data/jiafq/iscas/Parser_Comparison/../benchmarks/part28/non-incremental/QF_BV/sage/app9/bench_1515.smt2,9.43255,264,902,成功
/pub/data/jiafq/iscas/Parser_Comparison/../benchmarks/part28/non-incremental/QF_BV/sage/app9/bench_1516.smt2,8.99649,264,877,成功
/pub/data/jiafq/iscas/Parser_Comparison/../benchmarks/part28/non-incremental/QF_BV/sage/app9/bench_1517.smt2,9.36055,264,852,成功
/pub/data/jiafq/iscas/Parser_Comparison/../benchmarks/part28/non-incremental/QF_BV/sage/app9/bench_1518.smt2,9.22179,264,845,成功
/pub/data/jiafq/iscas/Parser_Comparison/../benchmarks/part28/non-incremental/QF_BV/sage/app9/bench_1519.smt2,8.46982,264,842,成功
/pub/data/jiafq/iscas/Parser_Comparison/../benchmarks/part28/non-incremental/QF_BV/sage/app9/bench_152.smt2,58.0854,792,8883,成功
/pub/data/jiafq/iscas/Parser_Comparison/../benchmarks/part28/non-incremental/QF_BV/sage/app9/bench_1520.smt2,8.0092,264,842,成功
/pub/data/jiafq/iscas/Parser_Comparison/../benchmarks/part28/non-incremental/QF_BV/sage/app9/bench_1521.smt2,8.21495,264,835,成功
/pub/data/jiafq/iscas/Parser_Comparison/../benchmarks/part28/non-incremental/QF_BV/sage/app9/bench_1522.smt2,8.70323,264,835,成功
/pub/data/jiafq/iscas/Parser_Comparison/../benchmarks/part28/non-incremental/QF_BV/sage/app9/bench_1523.smt2,8.73685,264,835,成功
/pub/data/jiafq/iscas/Parser_Comparison/../benchmarks/part28/non-incremental/QF_BV/sage/app9/bench_1524.smt2,8.93664,264,835,成功
/pub/data/jiafq/iscas/Parser_Comparison/../benchmarks/part28/non-incremental/QF_BV/sage/app9/bench_1525.smt2,2.46358,0,73,成功
/pub/data/jiafq/iscas/Parser_Comparison/../benchmarks/part28/non-incremental/QF_BV/sage/app9/bench_1526.smt2,9.14574,264,822,成功
/pub/data/jiafq/iscas/Parser_Comparison/../benchmarks/part28/non-incremental/QF_BV/sage/app9/bench_1527.smt2,8.91018,264,831,成功
/pub/data/jiafq/iscas/Parser_Comparison/../benchmarks/part28/non-incremental/QF_BV/sage/app9/bench_1528.smt2,8.28624,264,831,成功
/pub/data/jiafq/iscas/Parser_Comparison/../benchmarks/part28/non-incremental/QF_BV/sage/app9/bench_1529.smt2,8.81672,264,831,成功
/pub/data/jiafq/iscas/Parser_Comparison/../benchmarks/part28/non-incremental/QF_BV/sage/app9/bench_153.smt2,55.6815,792,8883,成功
/pub/data/jiafq/iscas/Parser_Comparison/../benchmarks/part28/non-incremental/QF_BV/sage/app9/bench_1530.smt2,8.02398,264,831,成功
/pub/data/jiafq/iscas/Parser_Comparison/../benchmarks/part28/non-incremental/QF_BV/sage/app9/bench_1531.smt2,8.65984,264,818,成功
/pub/data/jiafq/iscas/Parser_Comparison/../benchmarks/part28/non-incremental/QF_BV/sage/app9/bench_1532.smt2,8.44145,264,805,成功
/pub/data/jiafq/iscas/Parser_Comparison/../benchmarks/part28/non-incremental/QF_BV/sage/app9/bench_1533.smt2,8.41641,264,800,成功
/pub/data/jiafq/iscas/Parser_Comparison/../benchmarks/part28/non-incremental/QF_BV/sage/app9/bench_1534.smt2,7.11966,264,784,成功
/pub/data/jiafq/iscas/Parser_Comparison/../benchmarks/part28/non-incremental/QF_BV/sage/app9/bench_1535.smt2,7.59339,264,784,成功
/pub/data/jiafq/iscas/Parser_Comparison/../benchmarks/part28/non-incremental/QF_BV/sage/app9/bench_1536.smt2,4.19426,0,68,成功
/pub/data/jiafq/iscas/Parser_Comparison/../benchmarks/part28/non-incremental/QF_BV/sage/app9/bench_1537.smt2,6.95992,264,776,成功
/pub/data/jiafq/iscas/Parser_Comparison/../benchmarks/part28/non-incremental/QF_BV/sage/app9/bench_1538.smt2,7.50089,264,772,成功
/pub/data/jiafq/iscas/Parser_Comparison/../benchmarks/part28/non-incremental/QF_BV/sage/app9/bench_1539.smt2,6.73628,264,758,成功
/pub/data/jiafq/iscas/Parser_Comparison/../benchmarks/part28/non-incremental/QF_BV/sage/app9/bench_154.smt2,57.5562,792,8897,成功
/pub/data/jiafq/iscas/Parser_Comparison/../benchmarks/part28/non-incremental/QF_BV/sage/app9/bench_1540.smt2,7.375,264,758,成功
/pub/data/jiafq/iscas/Parser_Comparison/../benchmarks/part28/non-incremental/QF_BV/sage/app9/bench_1541.smt2,7.42769,264,714,成功
/pub/data/jiafq/iscas/Parser_Comparison/../benchmarks/part28/non-incremental/QF_BV/sage/app9/bench_1542.smt2,0.783443,0,9,成功
/pub/data/jiafq/iscas/Parser_Comparison/../benchmarks/part28/non-incremental/QF_BV/sage/app9/bench_1543.smt2,6.51264,264,702,成功
/pub/data/jiafq/iscas/Parser_Comparison/../benchmarks/part28/non-incremental/QF_BV/sage/app9/bench_1544.smt2,6.42633,264,702,成功
/pub/data/jiafq/iscas/Parser_Comparison/../benchmarks/part28/non-incremental/QF_BV/sage/app9/bench_1545.smt2,6.59895,264,665,成功
/pub/data/jiafq/iscas/Parser_Comparison/../benchmarks/part28/non-incremental/QF_BV/sage/app9/bench_1546.smt2,6.68073,264,626,成功
/pub/data/jiafq/iscas/Parser_Comparison/../benchmarks/part28/non-incremental/QF_BV/sage/app9/bench_1547.smt2,38.0735,528,4010,成功
/pub/data/jiafq/iscas/Parser_Comparison/../benchmarks/part28/non-incremental/QF_BV/sage/app9/bench_1548.smt2,6.59966,264,590,成功
/pub/data/jiafq/iscas/Parser_Comparison/../benchmarks/part28/non-incremental/QF_BV/sage/app9/bench_1549.smt2,6.61278,264,560,成功
/pub/data/jiafq/iscas/Parser_Comparison/../benchmarks/part28/non-incremental/QF_BV/sage/app9/bench_155.smt2,54.5366,792,8897,成功
/pub/data/jiafq/iscas/Parser_Comparison/../benchmarks/part28/non-incremental/QF_BV/sage/app9/bench_1550.smt2,6.03342,264,585,成功
/pub/data/jiafq/iscas/Parser_Comparison/../benchmarks/part28/non-incremental/QF_BV/sage/app9/bench_1551.smt2,5.94521,264,585,成功
/pub/data/jiafq/iscas/Parser_Comparison/../benchmarks/part28/non-incremental/QF_BV/sage/app9/bench_1552.smt2,6.45113,264,533,成功
/pub/data/jiafq/iscas/Parser_Comparison/../benchmarks/part28/non-incremental/QF_BV/sage/app9/bench_1553.smt2,6.16527,264,480,成功
/pub/data/jiafq/iscas/Parser_Comparison/../benchmarks/part28/non-incremental/QF_BV/sage/app9/bench_1554.smt2,6.13523,264,456,成功
/pub/data/jiafq/iscas/Parser_Comparison/../benchmarks/part28/non-incremental/QF_BV/sage/app9/bench_1555.smt2,5.59425,264,481,成功
/pub/data/jiafq/iscas/Parser_Comparison/../benchmarks/part28/non-incremental/QF_BV/sage/app9/bench_1556.smt2,5.94664,264,481,成功
/pub/data/jiafq/iscas/Parser_Comparison/../benchmarks/part28/non-incremental/QF_BV/sage/app9/bench_1557.smt2,5.88369,264,434,成功
/pub/data/jiafq/iscas/Parser_Comparison/../benchmarks/part28/non-incremental/QF_BV/sage/app9/bench_1558.smt2,4.15516,264,322,成功
/pub/data/jiafq/iscas/Parser_Comparison/../benchmarks/part28/non-incremental/QF_BV/sage/app9/bench_1559.smt2,40.6487,528,4003,成功
/pub/data/jiafq/iscas/Parser_Comparison/../benchmarks/part28/non-incremental/QF_BV/sage/app9/bench_156.smt2,56.7844,792,8883,成功
/pub/data/jiafq/iscas/Parser_Comparison/../benchmarks/part28/non-incremental/QF_BV/sage/app9/bench_1560.smt2,4.91214,264,386,成功
/pub/data/jiafq/iscas/Parser_Comparison/../benchmarks/part28/non-incremental/QF_BV/sage/app9/bench_1561.smt2,4.80342,264,367,成功
/pub/data/jiafq/iscas/Parser_Comparison/../benchmarks/part28/non-incremental/QF_BV/sage/app9/bench_1562.smt2,4.72236,264,392,成功
/pub/data/jiafq/iscas/Parser_Comparison/../benchmarks/part28/non-incremental/QF_BV/sage/app9/bench_1563.smt2,4.29773,264,392,成功
/pub/data/jiafq/iscas/Parser_Comparison/../benchmarks/part28/non-incremental/QF_BV/sage/app9/bench_1564.smt2,4.50015,264,350,成功
/pub/data/jiafq/iscas/Parser_Comparison/../benchmarks/part28/non-incremental/QF_BV/sage/app9/bench_1565.smt2,4.12679,264,307,成功
/pub/data/jiafq/iscas/Parser_Comparison/../benchmarks/part28/non-incremental/QF_BV/sage/app9/bench_1566.smt2,4.26722,264,293,成功
/pub/data/jiafq/iscas/Parser_Comparison/../benchmarks/part28/non-incremental/QF_BV/sage/app9/bench_1567.smt2,4.23837,264,318,成功
/pub/data/jiafq/iscas/Parser_Comparison/../benchmarks/part28/non-incremental/QF_BV/sage/app9/bench_1568.smt2,4.16017,264,318,成功
/pub/data/jiafq/iscas/Parser_Comparison/../benchmarks/part28/non-incremental/QF_BV/sage/app9/bench_1569.smt2,3.93987,264,281,成功
/pub/data/jiafq/iscas/Parser_Comparison/../benchmarks/part28/non-incremental/QF_BV/sage/app9/bench_157.smt2,55.2754,792,8883,成功
/pub/data/jiafq/iscas/Parser_Comparison/../benchmarks/part28/non-incremental/QF_BV/sage/app9/bench_1570.smt2,38.4297,528,3990,成功
/pub/data/jiafq/iscas/Parser_Comparison/../benchmarks/part28/non-incremental/QF_BV/sage/app9/bench_1571.smt2,1.46079,0,32,成功
/pub/data/jiafq/iscas/Parser_Comparison/../benchmarks/part28/non-incremental/QF_BV/sage/app9/bench_1572.smt2,1.19567,0,23,成功
/pub/data/jiafq/iscas/Parser_Comparison/../benchmarks/part28/non-incremental/QF_BV/sage/app9/bench_1573.smt2,3.30186,0,245,成功
/pub/data/jiafq/iscas/Parser_Comparison/../benchmarks/part28/non-incremental/QF_BV/sage/app9/bench_1574.smt2,3.263,0,245,成功
/pub/data/jiafq/iscas/Parser_Comparison/../benchmarks/part28/non-incremental/QF_BV/sage/app9/bench_1575.smt2,2.9788,0,213,成功
/pub/data/jiafq/iscas/Parser_Comparison/../benchmarks/part28/non-incremental/QF_BV/sage/app9/bench_1576.smt2,0.998974,0,15,成功
/pub/data/jiafq/iscas/Parser_Comparison/../benchmarks/part28/non-incremental/QF_BV/sage/app9/bench_1577.smt2,3.08013,0,180,成功
/pub/data/jiafq/iscas/Parser_Comparison/../benchmarks/part28/non-incremental/QF_BV/sage/app9/bench_1578.smt2,3.1476,264,208,成功
/pub/data/jiafq/iscas/Parser_Comparison/../benchmarks/part28/non-incremental/QF_BV/sage/app9/bench_1579.smt2,3.19433,0,208,成功
/pub/data/jiafq/iscas/Parser_Comparison/../benchmarks/part28/non-incremental/QF_BV/sage/app9/bench_158.smt2,55.0413,792,8897,成功
/pub/data/jiafq/iscas/Parser_Comparison/../benchmarks/part28/non-incremental/QF_BV/sage/app9/bench_1580.smt2,3.03268,0,176,成功
/pub/data/jiafq/iscas/Parser_Comparison/../benchmarks/part28/non-incremental/QF_BV/sage/app9/bench_1581.smt2,60.4296,792,8752,成功
/pub/data/jiafq/iscas/Parser_Comparison/../benchmarks/part28/non-incremental/QF_BV/sage/app9/bench_1582.smt2,0.803947,0,9,成功
/pub/data/jiafq/iscas/Parser_Comparison/../benchmarks/part28/non-incremental/QF_BV/sage/app9/bench_1583.smt2,2.59972,0,165,成功
/pub/data/jiafq/iscas/Parser_Comparison/../benchmarks/part28/non-incremental/QF_BV/sage/app9/bench_1584.smt2,2.87056,0,165,成功
/pub/data/jiafq/iscas/Parser_Comparison/../benchmarks/part28/non-incremental/QF_BV/sage/app9/bench_1585.smt2,2.7473,0,140,成功
/pub/data/jiafq/iscas/Parser_Comparison/../benchmarks/part28/non-incremental/QF_BV/sage/app9/bench_1586.smt2,2.35629,0,113,成功
/pub/data/jiafq/iscas/Parser_Comparison/../benchmarks/part28/non-incremental/QF_BV/sage/app9/bench_1587.smt2,2.25854,0,99,成功
/pub/data/jiafq/iscas/Parser_Comparison/../benchmarks/part28/non-incremental/QF_BV/sage/app9/bench_1588.smt2,2.05159,0,99,成功
/pub/data/jiafq/iscas/Parser_Comparison/../benchmarks/part28/non-incremental/QF_BV/sage/app9/bench_1589.smt2,2.12598,0,79,成功
/pub/data/jiafq/iscas/Parser_Comparison/../benchmarks/part28/non-incremental/QF_BV/sage/app9/bench_159.smt2,3.85356,264,214,成功
/pub/data/jiafq/iscas/Parser_Comparison/../benchmarks/part28/non-incremental/QF_BV/sage/app9/bench_1590.smt2,0.788212,0,9,成功
/pub/data/jiafq/iscas/Parser_Comparison/../benchmarks/part28/non-incremental/QF_BV/sage/app9/bench_1591.smt2,1.91259,0,67,成功
/pub/data/jiafq/iscas/Parser_Comparison/../benchmarks/part28/non-incremental/QF_BV/sage/app9/bench_1592.smt2,59.5884,792,8711,成功
/pub/data/jiafq/iscas/Parser_Comparison/../benchmarks/part28/non-incremental/QF_BV/sage/app9/bench_1593.smt2,1.71137,0,67,成功
/pub/data/jiafq/iscas/Parser_Comparison/../benchmarks/part28/non-incremental/QF_BV/sage/app9/bench_1594.smt2,1.74737,0,54,成功
/pub/data/jiafq/iscas/Parser_Comparison/../benchmarks/part28/non-incremental/QF_BV/sage/app9/bench_1595.smt2,1.60408,0,39,成功
/pub/data/jiafq/iscas/Parser_Comparison/../benchmarks/part28/non-incremental/QF_BV/sage/app9/bench_1596.smt2,1.15371,0,25,成功
/pub/data/jiafq/iscas/Parser_Comparison/../benchmarks/part28/non-incremental/QF_BV/sage/app9/bench_1597.smt2,1.17397,0,25,成功
/pub/data/jiafq/iscas/Parser_Comparison/../benchmarks/part28/non-incremental/QF_BV/sage/app9/bench_1598.smt2,1.01733,0,17,成功
/pub/data/jiafq/iscas/Parser_Comparison/../benchmarks/part28/non-incremental/QF_BV/sage/app9/bench_1599.smt2,0.749111,0,9,成功
/pub/data/jiafq/iscas/Parser_Comparison/../benchmarks/part28/non-incremental/QF_BV/sage/app9/bench_16.smt2,63.7524,792,12409,成功
/pub/data/jiafq/iscas/Parser_Comparison/../benchmarks/part28/non-incremental/QF_BV/sage/app9/bench_160.smt2,53.9839,792,8897,成功
/pub/data/jiafq/iscas/Parser_Comparison/../benchmarks/part28/non-incremental/QF_BV/sage/app9/bench_1600.smt2,0.776291,0,9,成功
/pub/data/jiafq/iscas/Parser_Comparison/../benchmarks/part28/non-incremental/QF_BV/sage/app9/bench_1601.smt2,0.931025,0,13,成功
/pub/data/jiafq/iscas/Parser_Comparison/../benchmarks/part28/non-incremental/QF_BV/sage/app9/bench_1602.smt2,0.765562,0,9,成功
/pub/data/jiafq/iscas/Parser_Comparison/../benchmarks/part28/non-incremental/QF_BV/sage/app9/bench_1603.smt2,60.4696,792,8670,成功
/pub/data/jiafq/iscas/Parser_Comparison/../benchmarks/part28/non-incremental/QF_BV/sage/app9/bench_1604.smt2,44.1101,528,5226,成功
/pub/data/jiafq/iscas/Parser_Comparison/../benchmarks/part28/non-incremental/QF_BV/sage/app9/bench_1605.smt2,43.0772,528,5214,成功
/pub/data/jiafq/iscas/Parser_Comparison/../benchmarks/part28/non-incremental/QF_BV/sage/app9/bench_1606.smt2,41.6985,528,5203,成功
/pub/data/jiafq/iscas/Parser_Comparison/../benchmarks/part28/non-incremental/QF_BV/sage/app9/bench_1607.smt2,2.29096,0,73,成功
/pub/data/jiafq/iscas/Parser_Comparison/../benchmarks/part28/non-incremental/QF_BV/sage/app9/bench_1608.smt2,1.56021,0,29,成功
/pub/data/jiafq/iscas/Parser_Comparison/../benchmarks/part28/non-incremental/QF_BV/sage/app9/bench_1609.smt2,9.47547,264,794,成功
/pub/data/jiafq/iscas/Parser_Comparison/../benchmarks/part28/non-incremental/QF_BV/sage/app9/bench_161.smt2,55.5763,792,8883,成功
/pub/data/jiafq/iscas/Parser_Comparison/../benchmarks/part28/non-incremental/QF_BV/sage/app9/bench_1610.smt2,8.93593,264,747,成功
/pub/data/jiafq/iscas/Parser_Comparison/../benchmarks/part28/non-incremental/QF_BV/sage/app9/bench_1611.smt2,9.02605,264,740,成功
/pub/data/jiafq/iscas/Parser_Comparison/../benchmarks/part28/non-incremental/QF_BV/sage/app9/bench_1612.smt2,8.78787,264,759,成功
/pub/data/jiafq/iscas/Parser_Comparison/../benchmarks/part28/non-incremental/QF_BV/sage/app9/bench_1613.smt2,8.72993,264,759,成功
/pub/data/jiafq/iscas/Parser_Comparison/../benchmarks/part28/non-incremental/QF_BV/sage/app9/bench_1614.smt2,59.8416,792,8652,成功
/pub/data/jiafq/iscas/Parser_Comparison/../benchmarks/part28/non-incremental/QF_BV/sage/app9/bench_1615.smt2,9.22132,264,752,成功
/pub/data/jiafq/iscas/Parser_Comparison/../benchmarks/part28/non-incremental/QF_BV/sage/app9/bench_1616.smt2,9.1598,264,752,成功
/pub/data/jiafq/iscas/Parser_Comparison/../benchmarks/part28/non-incremental/QF_BV/sage/app9/bench_1617.smt2,8.34227,264,752,成功
/pub/data/jiafq/iscas/Parser_Comparison/../benchmarks/part28/non-incremental/QF_BV/sage/app9/bench_1618.smt2,8.60381,264,752,成功
/pub/data/jiafq/iscas/Parser_Comparison/../benchmarks/part28/non-incremental/QF_BV/sage/app9/bench_1619.smt2,8.28075,264,717,成功
/pub/data/jiafq/iscas/Parser_Comparison/../benchmarks/part28/non-incremental/QF_BV/sage/app9/bench_162.smt2,53.2916,792,8883,成功
/pub/data/jiafq/iscas/Parser_Comparison/../benchmarks/part28/non-incremental/QF_BV/sage/app9/bench_1620.smt2,9.14621,264,748,成功
/pub/data/jiafq/iscas/Parser_Comparison/../benchmarks/part28/non-incremental/QF_BV/sage/app9/bench_1621.smt2,9.0518,264,748,成功
/pub/data/jiafq/iscas/Parser_Comparison/../benchmarks/part28/non-incremental/QF_BV/sage/app9/bench_1622.smt2,8.53038,264,748,成功
/pub/data/jiafq/iscas/Parser_Comparison/../benchmarks/part28/non-incremental/QF_BV/sage/app9/bench_1623.smt2,9.17864,264,748,成功
/pub/data/jiafq/iscas/Parser_Comparison/../benchmarks/part28/non-incremental/QF_BV/sage/app9/bench_1624.smt2,9.09925,264,713,成功
/pub/data/jiafq/iscas/Parser_Comparison/../benchmarks/part28/non-incremental/QF_BV/sage/app9/bench_1625.smt2,57.9307,792,8623,成功
/pub/data/jiafq/iscas/Parser_Comparison/../benchmarks/part28/non-incremental/QF_BV/sage/app9/bench_1626.smt2,8.42071,264,719,成功
/pub/data/jiafq/iscas/Parser_Comparison/../benchmarks/part28/non-incremental/QF_BV/sage/app9/bench_1627.smt2,8.24928,264,719,成功
/pub/data/jiafq/iscas/Parser_Comparison/../benchmarks/part28/non-incremental/QF_BV/sage/app9/bench_1628.smt2,8.85129,264,703,成功
/pub/data/jiafq/iscas/Parser_Comparison/../benchmarks/part28/non-incremental/QF_BV/sage/app9/bench_1629.smt2,8.37588,264,703,成功
/pub/data/jiafq/iscas/Parser_Comparison/../benchmarks/part28/non-incremental/QF_BV/sage/app9/bench_163.smt2,56.2725,792,8897,成功
/pub/data/jiafq/iscas/Parser_Comparison/../benchmarks/part28/non-incremental/QF_BV/sage/app9/bench_1630.smt2,8.22091,264,713,成功
/pub/data/jiafq/iscas/Parser_Comparison/../benchmarks/part28/non-incremental/QF_BV/sage/app9/bench_1631.smt2,8.94475,264,713,成功
/pub/data/jiafq/iscas/Parser_Comparison/../benchmarks/part28/non-incremental/QF_BV/sage/app9/bench_1632.smt2,8.18682,264,708,成功
/pub/data/jiafq/iscas/Parser_Comparison/../benchmarks/part28/non-incremental/QF_BV/sage/app9/bench_1633.smt2,8.41165,264,708,成功
/pub/data/jiafq/iscas/Parser_Comparison/../benchmarks/part28/non-incremental/QF_BV/sage/app9/bench_1634.smt2,8.20398,264,708,成功
/pub/data/jiafq/iscas/Parser_Comparison/../benchmarks/part28/non-incremental/QF_BV/sage/app9/bench_1635.smt2,8.3406,264,708,成功
/pub/data/jiafq/iscas/Parser_Comparison/../benchmarks/part28/non-incremental/QF_BV/sage/app9/bench_1636.smt2,57.8637,792,8595,成功
/pub/data/jiafq/iscas/Parser_Comparison/../benchmarks/part28/non-incremental/QF_BV/sage/app9/bench_1637.smt2,8.64816,264,678,成功
/pub/data/jiafq/iscas/Parser_Comparison/../benchmarks/part28/non-incremental/QF_BV/sage/app9/bench_1638.smt2,8.65555,264,699,成功
/pub/data/jiafq/iscas/Parser_Comparison/../benchmarks/part28/non-incremental/QF_BV/sage/app9/bench_1639.smt2,8.65316,264,699,成功
/pub/data/jiafq/iscas/Parser_Comparison/../benchmarks/part28/non-incremental/QF_BV/sage/app9/bench_164.smt2,54.2314,792,8897,成功
/pub/data/jiafq/iscas/Parser_Comparison/../benchmarks/part28/non-incremental/QF_BV/sage/app9/bench_1640.smt2,7.9608,264,699,成功
/pub/data/jiafq/iscas/Parser_Comparison/../benchmarks/part28/non-incremental/QF_BV/sage/app9/bench_1641.smt2,8.37874,264,699,成功
/pub/data/jiafq/iscas/Parser_Comparison/../benchmarks/part28/non-incremental/QF_BV/sage/app9/bench_1642.smt2,8.68297,264,674,成功
/pub/data/jiafq/iscas/Parser_Comparison/../benchmarks/part28/non-incremental/QF_BV/sage/app9/bench_1643.smt2,8.50654,264,649,成功
/pub/data/jiafq/iscas/Parser_Comparison/../benchmarks/part28/non-incremental/QF_BV/sage/app9/bench_1644.smt2,8.32319,264,642,成功
/pub/data/jiafq/iscas/Parser_Comparison/../benchmarks/part28/non-incremental/QF_BV/sage/app9/bench_1645.smt2,7.14779,264,639,成功
/pub/data/jiafq/iscas/Parser_Comparison/../benchmarks/part28/non-incremental/QF_BV/sage/app9/bench_1646.smt2,7.11823,264,639,成功
/pub/data/jiafq/iscas/Parser_Comparison/../benchmarks/part28/non-incremental/QF_BV/sage/app9/bench_1647.smt2,57.8918,792,8566,成功
/pub/data/jiafq/iscas/Parser_Comparison/../benchmarks/part28/non-incremental/QF_BV/sage/app9/bench_1648.smt2,6.98495,264,632,成功
/pub/data/jiafq/iscas/Parser_Comparison/../benchmarks/part28/non-incremental/QF_BV/sage/app9/bench_1649.smt2,7.53307,264,632,成功
/pub/data/jiafq/iscas/Parser_Comparison/../benchmarks/part28/non-incremental/QF_BV/sage/app9/bench_165.smt2,55.4969,792,8883,成功
/pub/data/jiafq/iscas/Parser_Comparison/../benchmarks/part28/non-incremental/QF_BV/sage/app9/bench_1650.smt2,7.13086,264,632,成功
/pub/data/jiafq/iscas/Parser_Comparison/../benchmarks/part28/non-incremental/QF_BV/sage/app9/bench_1651.smt2,7.83682,264,632,成功
/pub/data/jiafq/iscas/Parser_Comparison/../benchmarks/part28/non-incremental/QF_BV/sage/app9/bench_1652.smt2,7.64394,264,619,成功
/pub/data/jiafq/iscas/Parser_Comparison/../benchmarks/part28/non-incremental/QF_BV/sage/app9/bench_1653.smt2,7.56001,264,628,成功
/pub/data/jiafq/iscas/Parser_Comparison/../benchmarks/part28/non-incremental/QF_BV/sage/app9/bench_1654.smt2,7.16138,264,628,成功
/pub/data/jiafq/iscas/Parser_Comparison/../benchmarks/part28/non-incremental/QF_BV/sage/app9/bench_1655.smt2,7.56621,264,628,成功
/pub/data/jiafq/iscas/Parser_Comparison/../benchmarks/part28/non-incremental/QF_BV/sage/app9/bench_1656.smt2,6.94609,264,628,成功
/pub/data/jiafq/iscas/Parser_Comparison/../benchmarks/part28/non-incremental/QF_BV/sage/app9/bench_1657.smt2,6.91581,264,615,成功
/pub/data/jiafq/iscas/Parser_Comparison/../benchmarks/part28/non-incremental/QF_BV/sage/app9/bench_1658.smt2,59.1941,792,8554,成功
/pub/data/jiafq/iscas/Parser_Comparison/../benchmarks/part28/non-incremental/QF_BV/sage/app9/bench_1659.smt2,7.12252,264,602,成功
/pub/data/jiafq/iscas/Parser_Comparison/../benchmarks/part28/non-incremental/QF_BV/sage/app9/bench_166.smt2,56.6983,792,8883,成功
/pub/data/jiafq/iscas/Parser_Comparison/../benchmarks/part28/non-incremental/QF_BV/sage/app9/bench_1660.smt2,7.28607,264,597,成功
/pub/data/jiafq/iscas/Parser_Comparison/../benchmarks/part28/non-incremental/QF_BV/sage/app9/bench_1661.smt2,6.85239,264,581,成功
/pub/data/jiafq/iscas/Parser_Comparison/../benchmarks/part28/non-incremental/QF_BV/sage/app9/bench_1662.smt2,6.7842,264,581,成功
/pub/data/jiafq/iscas/Parser_Comparison/../benchmarks/part28/non-incremental/QF_BV/sage/app9/bench_1663.smt2,6.07824,264,573,成功
/pub/data/jiafq/iscas/Parser_Comparison/../benchmarks/part28/non-incremental/QF_BV/sage/app9/bench_1664.smt2,6.69932,264,569,成功
/pub/data/jiafq/iscas/Parser_Comparison/../benchmarks/part28/non-incremental/QF_BV/sage/app9/bench_1665.smt2,6.37317,264,555,成功
/pub/data/jiafq/iscas/Parser_Comparison/../benchmarks/part28/non-incremental/QF_BV/sage/app9/bench_1666.smt2,6.03032,264,555,成功
/pub/data/jiafq/iscas/Parser_Comparison/../benchmarks/part28/non-incremental/QF_BV/sage/app9/bench_1667.smt2,5.81861,264,511,成功
/pub/data/jiafq/iscas/Parser_Comparison/../benchmarks/part28/non-incremental/QF_BV/sage/app9/bench_1668.smt2,0.734329,0,9,成功
/pub/data/jiafq/iscas/Parser_Comparison/../benchmarks/part28/non-incremental/QF_BV/sage/app9/bench_1669.smt2,4.10438,264,269,成功
/pub/data/jiafq/iscas/Parser_Comparison/../benchmarks/part28/non-incremental/QF_BV/sage/app9/bench_167.smt2,53.9622,792,8897,成功
/pub/data/jiafq/iscas/Parser_Comparison/../benchmarks/part28/non-incremental/QF_BV/sage/app9/bench_1670.smt2,57.4074,792,8535,成功
/pub/data/jiafq/iscas/Parser_Comparison/../benchmarks/part28/non-incremental/QF_BV/sage/app9/bench_1671.smt2,5.40018,264,499,成功
/pub/data/jiafq/iscas/Parser_Comparison/../benchmarks/part28/non-incremental/QF_BV/sage/app9/bench_1672.smt2,5.37062,264,499,成功
/pub/data/jiafq/iscas/Parser_Comparison/../benchmarks/part28/non-incremental/QF_BV/sage/app9/bench_1673.smt2,4.67467,264,462,成功
/pub/data/jiafq/iscas/Parser_Comparison/../benchmarks/part28/non-incremental/QF_BV/sage/app9/bench_1674.smt2,4.53353,264,423,成功
/pub/data/jiafq/iscas/Parser_Comparison/../benchmarks/part28/non-incremental/QF_BV/sage/app9/bench_1675.smt2,4.43769,264,387,成功
/pub/data/jiafq/iscas/Parser_Comparison/../benchmarks/part28/non-incremental/QF_BV/sage/app9/bench_1676.smt2,4.62079,264,367,成功
/pub/data/jiafq/iscas/Parser_Comparison/../benchmarks/part28/non-incremental/QF_BV/sage/app9/bench_1677.smt2,4.30489,264,392,成功
/pub/data/jiafq/iscas/Parser_Comparison/../benchmarks/part28/non-incremental/QF_BV/sage/app9/bench_1678.smt2,4.29893,264,392,成功
/pub/data/jiafq/iscas/Parser_Comparison/../benchmarks/part28/non-incremental/QF_BV/sage/app9/bench_1679.smt2,4.57048,264,350,成功
/pub/data/jiafq/iscas/Parser_Comparison/../benchmarks/part28/non-incremental/QF_BV/sage/app9/bench_168.smt2,55.5413,792,8897,成功
/pub/data/jiafq/iscas/Parser_Comparison/../benchmarks/part28/non-incremental/QF_BV/sage/app9/bench_1680.smt2,4.31776,264,307,成功
/pub/data/jiafq/iscas/Parser_Comparison/../benchmarks/part28/non-incremental/QF_BV/sage/app9/bench_1681.smt2,56.7429,792,8517,成功
/pub/data/jiafq/iscas/Parser_Comparison/../benchmarks/part28/non-incremental/QF_BV/sage/app9/bench_1682.smt2,4.24957,264,293,成功
/pub/data/jiafq/iscas/Parser_Comparison/../benchmarks/part28/non-incremental/QF_BV/sage/app9/bench_1683.smt2,3.86763,264,318,成功
/pub/data/jiafq/iscas/Parser_Comparison/../benchmarks/part28/non-incremental/QF_BV/sage/app9/bench_1684.smt2,4.12679,264,318,成功
/pub/data/jiafq/iscas/Parser_Comparison/../benchmarks/part28/non-incremental/QF_BV/sage/app9/bench_1685.smt2,3.73769,264,281,成功
/pub/data/jiafq/iscas/Parser_Comparison/../benchmarks/part28/non-incremental/QF_BV/sage/app9/bench_1686.smt2,1.42026,0,32,成功
/pub/data/jiafq/iscas/Parser_Comparison/../benchmarks/part28/non-incremental/QF_BV/sage/app9/bench_1687.smt2,1.20354,0,23,成功
/pub/data/jiafq/iscas/Parser_Comparison/../benchmarks/part28/non-incremental/QF_BV/sage/app9/bench_1688.smt2,3.01862,0,245,成功
/pub/data/jiafq/iscas/Parser_Comparison/../benchmarks/part28/non-incremental/QF_BV/sage/app9/bench_1689.smt2,3.16668,0,245,成功
/pub/data/jiafq/iscas/Parser_Comparison/../benchmarks/part28/non-incremental/QF_BV/sage/app9/bench_169.smt2,52.5331,792,8881,成功
/pub/data/jiafq/iscas/Parser_Comparison/../benchmarks/part28/non-incremental/QF_BV/sage/app9/bench_1690.smt2,2.91204,0,213,成功
/pub/data/jiafq/iscas/Parser_Comparison/../benchmarks/part28/non-incremental/QF_BV/sage/app9/bench_1691.smt2,0.984907,0,15,成功
/pub/data/jiafq/iscas/Parser_Comparison/../benchmarks/part28/non-incremental/QF_BV/sage/app9/bench_1692.smt2,54.6079,792,8498,成功
/pub/data/jiafq/iscas/Parser_Comparison/../benchmarks/part28/non-incremental/QF_BV/sage/app9/bench_1693.smt2,3.11804,0,180,成功
/pub/data/jiafq/iscas/Parser_Comparison/../benchmarks/part28/non-incremental/QF_BV/sage/app9/bench_1694.smt2,2.97904,0,208,成功
/pub/data/jiafq/iscas/Parser_Comparison/../benchmarks/part28/non-incremental/QF_BV/sage/app9/bench_1695.smt2,3.12829,0,208,成功
/pub/data/jiafq/iscas/Parser_Comparison/../benchmarks/part28/non-incremental/QF_BV/sage/app9/bench_1696.smt2,2.76232,0,176,成功
/pub/data/jiafq/iscas/Parser_Comparison/../benchmarks/part28/non-incremental/QF_BV/sage/app9/bench_1697.smt2,0.789404,0,9,成功
/pub/data/jiafq/iscas/Parser_Comparison/../benchmarks/part28/non-incremental/QF_BV/sage/app9/bench_1698.smt2,2.60735,0,165,成功
/pub/data/jiafq/iscas/Parser_Comparison/../benchmarks/part28/non-incremental/QF_BV/sage/app9/bench_1699.smt2,2.57325,0,165,成功
/pub/data/jiafq/iscas/Parser_Comparison/../benchmarks/part28/non-incremental/QF_BV/sage/app9/bench_17.smt2,58.6376,792,12391,成功
/pub/data/jiafq/iscas/Parser_Comparison/../benchmarks/part28/non-incremental/QF_BV/sage/app9/bench_170.smt2,4.13823,0,162,成功
/pub/data/jiafq/iscas/Parser_Comparison/../benchmarks/part28/non-incremental/QF_BV/sage/app9/bench_1700.smt2,2.51865,0,140,成功
/pub/data/jiafq/iscas/Parser_Comparison/../benchmarks/part28/non-incremental/QF_BV/sage/app9/bench_1701.smt2,2.37942,0,113,成功
/pub/data/jiafq/iscas/Parser_Comparison/../benchmarks/part28/non-incremental/QF_BV/sage/app9/bench_1702.smt2,2.0566,0,99,成功
/pub/data/jiafq/iscas/Parser_Comparison/../benchmarks/part28/non-incremental/QF_BV/sage/app9/bench_1703.smt2,7.38215,264,1158,成功
/pub/data/jiafq/iscas/Parser_Comparison/../benchmarks/part28/non-incremental/QF_BV/sage/app9/bench_1704.smt2,2.15507,0,99,成功
/pub/data/jiafq/iscas/Parser_Comparison/../benchmarks/part28/non-incremental/QF_BV/sage/app9/bench_1705.smt2,1.90353,0,79,成功
/pub/data/jiafq/iscas/Parser_Comparison/../benchmarks/part28/non-incremental/QF_BV/sage/app9/bench_1706.smt2,0.714064,0,9,成功
/pub/data/jiafq/iscas/Parser_Comparison/../benchmarks/part28/non-incremental/QF_BV/sage/app9/bench_1707.smt2,1.72663,0,67,成功
/pub/data/jiafq/iscas/Parser_Comparison/../benchmarks/part28/non-incremental/QF_BV/sage/app9/bench_1708.smt2,1.79601,0,67,成功
/pub/data/jiafq/iscas/Parser_Comparison/../benchmarks/part28/non-incremental/QF_BV/sage/app9/bench_1709.smt2,1.80268,0,54,成功
/pub/data/jiafq/iscas/Parser_Comparison/../benchmarks/part28/non-incremental/QF_BV/sage/app9/bench_171.smt2,54.8515,792,8881,成功
/pub/data/jiafq/iscas/Parser_Comparison/../benchmarks/part28/non-incremental/QF_BV/sage/app9/bench_1710.smt2,1.48749,0,39,成功
/pub/data/jiafq/iscas/Parser_Comparison/../benchmarks/part28/non-incremental/QF_BV/sage/app9/bench_1711.smt2,1.18113,0,25,成功
/pub/data/jiafq/iscas/Parser_Comparison/../benchmarks/part28/non-incremental/QF_BV/sage/app9/bench_1712.smt2,1.05619,0,25,成功
/pub/data/jiafq/iscas/Parser_Comparison/../benchmarks/part28/non-incremental/QF_BV/sage/app9/bench_1713.smt2,1.00803,0,17,成功
/pub/data/jiafq/iscas/Parser_Comparison/../benchmarks/part28/non-incremental/QF_BV/sage/app9/bench_1714.smt2,7.49397,264,1081,成功
/pub/data/jiafq/iscas/Parser_Comparison/../benchmarks/part28/non-incremental/QF_BV/sage/app9/bench_1715.smt2,0.727892,0,9,成功
/pub/data/jiafq/iscas/Parser_Comparison/../benchmarks/part28/non-incremental/QF_BV/sage/app9/bench_1716.smt2,0.712156,0,9,成功
/pub/data/jiafq/iscas/Parser_Comparison/../benchmarks/part28/non-incremental/QF_BV/sage/app9/bench_1717.smt2,0.83971,0,13,成功
/pub/data/jiafq/iscas/Parser_Comparison/../benchmarks/part28/non-incremental/QF_BV/sage/app9/bench_1718.smt2,0.780821,0,9,成功
/pub/data/jiafq/iscas/Parser_Comparison/../benchmarks/part28/non-incremental/QF_BV/sage/app9/bench_1719.smt2,43.364,528,5189,成功
/pub/data/jiafq/iscas/Parser_Comparison/../benchmarks/part28/non-incremental/QF_BV/sage/app9/bench_172.smt2,53.6582,792,8897,成功
/pub/data/jiafq/iscas/Parser_Comparison/../benchmarks/part28/non-incremental/QF_BV/sage/app9/bench_1720.smt2,42.5415,528,5179,成功
/pub/data/jiafq/iscas/Parser_Comparison/../benchmarks/part28/non-incremental/QF_BV/sage/app9/bench_1721.smt2,41.1291,528,5170,成功
/pub/data/jiafq/iscas/Parser_Comparison/../benchmarks/part28/non-incremental/QF_BV/sage/app9/bench_1722.smt2,1.08361,0,15,成功
/pub/data/jiafq/iscas/Parser_Comparison/../benchmarks/part28/non-incremental/QF_BV/sage/app9/bench_1723.smt2,4.23145,264,218,成功
/pub/data/jiafq/iscas/Parser_Comparison/../benchmarks/part28/non-incremental/QF_BV/sage/app9/bench_1724.smt2,3.94273,0,193,成功
/pub/data/jiafq/iscas/Parser_Comparison/../benchmarks/part28/non-incremental/QF_BV/sage/app9/bench_1725.smt2,6.57082,264,1005,成功
/pub/data/jiafq/iscas/Parser_Comparison/../benchmarks/part28/non-incremental/QF_BV/sage/app9/bench_1726.smt2,3.87931,264,186,成功
/pub/data/jiafq/iscas/Parser_Comparison/../benchmarks/part28/non-incremental/QF_BV/sage/app9/bench_1727.smt2,3.49426,264,183,成功
/pub/data/jiafq/iscas/Parser_Comparison/../benchmarks/part28/non-incremental/QF_BV/sage/app9/bench_1728.smt2,3.50142,264,183,成功
/pub/data/jiafq/iscas/Parser_Comparison/../benchmarks/part28/non-incremental/QF_BV/sage/app9/bench_1729.smt2,3.42226,264,176,成功
/pub/data/jiafq/iscas/Parser_Comparison/../benchmarks/part28/non-incremental/QF_BV/sage/app9/bench_173.smt2,54.3799,792,8897,成功
/pub/data/jiafq/iscas/Parser_Comparison/../benchmarks/part28/non-incremental/QF_BV/sage/app9/bench_1730.smt2,3.38817,0,176,成功
/pub/data/jiafq/iscas/Parser_Comparison/../benchmarks/part28/non-incremental/QF_BV/sage/app9/bench_1731.smt2,3.39198,264,176,成功
/pub/data/jiafq/iscas/Parser_Comparison/../benchmarks/part28/non-incremental/QF_BV/sage/app9/bench_1732.smt2,3.67546,264,176,成功
/pub/data/jiafq/iscas/Parser_Comparison/../benchmarks/part28/non-incremental/QF_BV/sage/app9/bench_1733.smt2,3.28231,0,163,成功
/pub/data/jiafq/iscas/Parser_Comparison/../benchmarks/part28/non-incremental/QF_BV/sage/app9/bench_1734.smt2,3.40176,0,172,成功
/pub/data/jiafq/iscas/Parser_Comparison/../benchmarks/part28/non-incremental/QF_BV/sage/app9/bench_1735.smt2,3.60489,0,172,成功
/pub/data/jiafq/iscas/Parser_Comparison/../benchmarks/part28/non-incremental/QF_BV/sage/app9/bench_1736.smt2,6.42776,264,928,成功
/pub/data/jiafq/iscas/Parser_Comparison/../benchmarks/part28/non-incremental/QF_BV/sage/app9/bench_1737.smt2,3.46637,0,172,成功
/pub/data/jiafq/iscas/Parser_Comparison/../benchmarks/part28/non-incremental/QF_BV/sage/app9/bench_1738.smt2,3.41511,264,172,成功
/pub/data/jiafq/iscas/Parser_Comparison/../benchmarks/part28/non-incremental/QF_BV/sage/app9/bench_1739.smt2,3.28159,0,159,成功
/pub/data/jiafq/iscas/Parser_Comparison/../benchmarks/part28/non-incremental/QF_BV/sage/app9/bench_174.smt2,53.9973,792,8877,成功
/pub/data/jiafq/iscas/Parser_Comparison/../benchmarks/part28/non-incremental/QF_BV/sage/app9/bench_1740.smt2,3.17264,0,146,成功
/pub/data/jiafq/iscas/Parser_Comparison/../benchmarks/part28/non-incremental/QF_BV/sage/app9/bench_1741.smt2,3.19266,0,141,成功
/pub/data/jiafq/iscas/Parser_Comparison/../benchmarks/part28/non-incremental/QF_BV/sage/app9/bench_1742.smt2,2.55537,0,125,成功
/pub/data/jiafq/iscas/Parser_Comparison/../benchmarks/part28/non-incremental/QF_BV/sage/app9/bench_1743.smt2,2.76828,0,125,成功
/pub/data/jiafq/iscas/Parser_Comparison/../benchmarks/part28/non-incremental/QF_BV/sage/app9/bench_1744.smt2,2.61474,0,117,成功
/pub/data/jiafq/iscas/Parser_Comparison/../benchmarks/part28/non-incremental/QF_BV/sage/app9/bench_1745.smt2,2.58017,0,113,成功
/pub/data/jiafq/iscas/Parser_Comparison/../benchmarks/part28/non-incremental/QF_BV/sage/app9/bench_1746.smt2,2.16126,0,99,成功
/pub/data/jiafq/iscas/Parser_Comparison/../benchmarks/part28/non-incremental/QF_BV/sage/app9/bench_1747.smt2,6.16336,264,890,成功
/pub/data/jiafq/iscas/Parser_Comparison/../benchmarks/part28/non-incremental/QF_BV/sage/app9/bench_1748.smt2,2.06661,0,99,成功
/pub/data/jiafq/iscas/Parser_Comparison/../benchmarks/part28/non-incremental/QF_BV/sage/app9/bench_1749.smt2,2.07305,0,79,成功
/pub/data/jiafq/iscas/Parser_Comparison/../benchmarks/part28/non-incremental/QF_BV/sage/app9/bench_175.smt2,52.7558,792,8870,成功
/pub/data/jiafq/iscas/Parser_Comparison/../benchmarks/part28/non-incremental/QF_BV/sage/app9/bench_1750.smt2,0.730276,0,9,成功
/pub/data/jiafq/iscas/Parser_Comparison/../benchmarks/part28/non-incremental/QF_BV/sage/app9/bench_1751.smt2,1.7066,0,67,成功
/pub/data/jiafq/iscas/Parser_Comparison/../benchmarks/part28/non-incremental/QF_BV/sage/app9/bench_1752.smt2,1.71328,0,67,成功
/pub/data/jiafq/iscas/Parser_Comparison/../benchmarks/part28/non-incremental/QF_BV/sage/app9/bench_1753.smt2,1.64866,0,54,成功
/pub/data/jiafq/iscas/Parser_Comparison/../benchmarks/part28/non-incremental/QF_BV/sage/app9/bench_1754.smt2,1.47319,0,39,成功
/pub/data/jiafq/iscas/Parser_Comparison/../benchmarks/part28/non-incremental/QF_BV/sage/app9/bench_1755.smt2,1.1456,0,25,成功
/pub/data/jiafq/iscas/Parser_Comparison/../benchmarks/part28/non-incremental/QF_BV/sage/app9/bench_1756.smt2,1.0705,0,25,成功
/pub/data/jiafq/iscas/Parser_Comparison/../benchmarks/part28/non-incremental/QF_BV/sage/app9/bench_1757.smt2,0.995398,0,17,成功
/pub/data/jiafq/iscas/Parser_Comparison/../benchmarks/part28/non-incremental/QF_BV/sage/app9/bench_1758.smt2,6.25014,264,826,成功
/pub/data/jiafq/iscas/Parser_Comparison/../benchmarks/part28/non-incremental/QF_BV/sage/app9/bench_1759.smt2,0.703335,0,9,成功
/pub/data/jiafq/iscas/Parser_Comparison/../benchmarks/part28/non-incremental/QF_BV/sage/app9/bench_176.smt2,53.4146,792,8862,成功
/pub/data/jiafq/iscas/Parser_Comparison/../benchmarks/part28/non-incremental/QF_BV/sage/app9/bench_1760.smt2,0.716448,0,9,成功
/pub/data/jiafq/iscas/Parser_Comparison/../benchmarks/part28/non-incremental/QF_BV/sage/app9/bench_1761.smt2,0.850439,0,13,成功
/pub/data/jiafq/iscas/Parser_Comparison/../benchmarks/part28/non-incremental/QF_BV/sage/app9/bench_1762.smt2,0.845671,0,9,成功
/pub/data/jiafq/iscas/Parser_Comparison/../benchmarks/part28/non-incremental/QF_BV/sage/app9/bench_1763.smt2,1.61266,0,42,成功
/pub/data/jiafq/iscas/Parser_Comparison/../benchmarks/part28/non-incremental/QF_BV/sage/app9/bench_1764.smt2,1.55187,0,39,成功
/pub/data/jiafq/iscas/Parser_Comparison/../benchmarks/part28/non-incremental/QF_BV/sage/app9/bench_1765.smt2,39.9828,528,5116,成功
/pub/data/jiafq/iscas/Parser_Comparison/../benchmarks/part28/non-incremental/QF_BV/sage/app9/bench_1766.smt2,41.8267,528,5111,成功
/pub/data/jiafq/iscas/Parser_Comparison/../benchmarks/part28/non-incremental/QF_BV/sage/app9/bench_1767.smt2,40.6199,528,5105,成功
/pub/data/jiafq/iscas/Parser_Comparison/../benchmarks/part28/non-incremental/QF_BV/sage/app9/bench_1768.smt2,39.4537,528,5092,成功
/pub/data/jiafq/iscas/Parser_Comparison/../benchmarks/part28/non-incremental/QF_BV/sage/app9/bench_1769.smt2,6.64449,264,763,成功
/pub/data/jiafq/iscas/Parser_Comparison/../benchmarks/part28/non-incremental/QF_BV/sage/app9/bench_177.smt2,53.6196,792,8839,成功
/pub/data/jiafq/iscas/Parser_Comparison/../benchmarks/part28/non-incremental/QF_BV/sage/app9/bench_1770.smt2,39.3763,528,5080,成功
/pub/data/jiafq/iscas/Parser_Comparison/../benchmarks/part28/non-incremental/QF_BV/sage/app9/bench_1771.smt2,1.54448,0,40,成功
/pub/data/jiafq/iscas/Parser_Comparison/../benchmarks/part28/non-incremental/QF_BV/sage/app9/bench_1772.smt2,1.5533,0,35,成功
/pub/data/jiafq/iscas/Parser_Comparison/../benchmarks/part28/non-incremental/QF_BV/sage/app9/bench_1773.smt2,1.39999,0,27,成功
/pub/data/jiafq/iscas/Parser_Comparison/../benchmarks/part28/non-incremental/QF_BV/sage/app9/bench_1774.smt2,1.25313,0,25,成功
/pub/data/jiafq/iscas/Parser_Comparison/../benchmarks/part28/non-incremental/QF_BV/sage/app9/bench_1775.smt2,6.07014,264,276,成功
/pub/data/jiafq/iscas/Parser_Comparison/../benchmarks/part28/non-incremental/QF_BV/sage/app9/bench_1776.smt2,5.93996,264,272,成功
/pub/data/jiafq/iscas/Parser_Comparison/../benchmarks/part28/non-incremental/QF_BV/sage/app9/bench_1777.smt2,41.0788,528,5074,成功
/pub/data/jiafq/iscas/Parser_Comparison/../benchmarks/part28/non-incremental/QF_BV/sage/app9/bench_1778.smt2,42.4869,528,5059,成功
/pub/data/jiafq/iscas/Parser_Comparison/../benchmarks/part28/non-incremental/QF_BV/sage/app9/bench_1779.smt2,40.5324,528,5039,成功
/pub/data/jiafq/iscas/Parser_Comparison/../benchmarks/part28/non-incremental/QF_BV/sage/app9/bench_178.smt2,54.1089,792,8874,成功
/pub/data/jiafq/iscas/Parser_Comparison/../benchmarks/part28/non-incremental/QF_BV/sage/app9/bench_1780.smt2,3.79276,264,227,成功
/pub/data/jiafq/iscas/Parser_Comparison/../benchmarks/part28/non-incremental/QF_BV/sage/app9/bench_1781.smt2,6.11901,264,698,成功
/pub/data/jiafq/iscas/Parser_Comparison/../benchmarks/part28/non-incremental/QF_BV/sage/app9/bench_1782.smt2,39.5112,528,5020,成功
/pub/data/jiafq/iscas/Parser_Comparison/../benchmarks/part28/non-incremental/QF_BV/sage/app9/bench_1783.smt2,1.36352,0,39,成功
/pub/data/jiafq/iscas/Parser_Comparison/../benchmarks/part28/non-incremental/QF_BV/sage/app9/bench_1784.smt2,1.26433,0,34,成功
/pub/data/jiafq/iscas/Parser_Comparison/../benchmarks/part28/non-incremental/QF_BV/sage/app9/bench_1785.smt2,1.29962,0,29,成功
/pub/data/jiafq/iscas/Parser_Comparison/../benchmarks/part28/non-incremental/QF_BV/sage/app9/bench_1786.smt2,2.05541,0,63,成功
/pub/data/jiafq/iscas/Parser_Comparison/../benchmarks/part28/non-incremental/QF_BV/sage/app9/bench_1787.smt2,1.84512,0,59,成功
/pub/data/jiafq/iscas/Parser_Comparison/../benchmarks/part28/non-incremental/QF_BV/sage/app9/bench_1788.smt2,41.5552,528,5004,成功
/pub/data/jiafq/iscas/Parser_Comparison/../benchmarks/part28/non-incremental/QF_BV/sage/app9/bench_1789.smt2,40.5505,528,4989,成功
/pub/data/jiafq/iscas/Parser_Comparison/../benchmarks/part28/non-incremental/QF_BV/sage/app9/bench_179.smt2,54.1217,792,8832,成功
/pub/data/jiafq/iscas/Parser_Comparison/../benchmarks/part28/non-incremental/QF_BV/sage/app9/bench_1790.smt2,39.619,528,4976,成功
/pub/data/jiafq/iscas/Parser_Comparison/../benchmarks/part28/non-incremental/QF_BV/sage/app9/bench_1791.smt2,40.0741,528,4962,成功
/pub/data/jiafq/iscas/Parser_Comparison/../benchmarks/part28/non-incremental/QF_BV/sage/app9/bench_1792.smt2,6.60014,264,634,成功
/pub/data/jiafq/iscas/Parser_Comparison/../benchmarks/part28/non-incremental/QF_BV/sage/app9/bench_1793.smt2,41.5716,528,4949,成功
/pub/data/jiafq/iscas/Parser_Comparison/../benchmarks/part28/non-incremental/QF_BV/sage/app9/bench_1794.smt2,1.31273,0,24,成功
/pub/data/jiafq/iscas/Parser_Comparison/../benchmarks/part28/non-incremental/QF_BV/sage/app9/bench_1795.smt2,1.12891,0,21,成功
/pub/data/jiafq/iscas/Parser_Comparison/../benchmarks/part28/non-incremental/QF_BV/sage/app9/bench_1796.smt2,1.59526,0,54,成功
/pub/data/jiafq/iscas/Parser_Comparison/../benchmarks/part28/non-incremental/QF_BV/sage/app9/bench_1797.smt2,1.67322,0,50,成功
/pub/data/jiafq/iscas/Parser_Comparison/../benchmarks/part28/non-incremental/QF_BV/sage/app9/bench_1798.smt2,1.0643,0,14,成功
/pub/data/jiafq/iscas/Parser_Comparison/../benchmarks/part28/non-incremental/QF_BV/sage/app9/bench_1799.smt2,1.46627,0,46,成功
/pub/data/jiafq/iscas/Parser_Comparison/../benchmarks/part28/non-incremental/QF_BV/sage/app9/bench_18.smt2,64.0657,792,12373,成功
/pub/data/jiafq/iscas/Parser_Comparison/../benchmarks/part28/non-incremental/QF_BV/sage/app9/bench_180.smt2,53.2141,792,8790,成功
/pub/data/jiafq/iscas/Parser_Comparison/../benchmarks/part28/non-incremental/QF_BV/sage/app9/bench_1800.smt2,1.14179,0,19,成功
/pub/data/jiafq/iscas/Parser_Comparison/../benchmarks/part28/non-incremental/QF_BV/sage/app9/bench_1801.smt2,0.943184,0,14,成功
/pub/data/jiafq/iscas/Parser_Comparison/../benchmarks/part28/non-incremental/QF_BV/sage/app9/bench_1802.smt2,8.54635,264,549,成功
/pub/data/jiafq/iscas/Parser_Comparison/../benchmarks/part28/non-incremental/QF_BV/sage/app9/bench_1803.smt2,6.44398,264,570,成功
/pub/data/jiafq/iscas/Parser_Comparison/../benchmarks/part28/non-incremental/QF_BV/sage/app9/bench_1804.smt2,8.43072,264,545,成功
/pub/data/jiafq/iscas/Parser_Comparison/../benchmarks/part28/non-incremental/QF_BV/sage/app9/bench_1805.smt2,2.5959,0,143,成功
/pub/data/jiafq/iscas/Parser_Comparison/../benchmarks/part28/non-incremental/QF_BV/sage/app9/bench_1806.smt2,2.8317,0,138,成功
/pub/data/jiafq/iscas/Parser_Comparison/../benchmarks/part28/non-incremental/QF_BV/sage/app9/bench_1807.smt2,8.05259,264,543,成功
/pub/data/jiafq/iscas/Parser_Comparison/../benchmarks/part28/non-incremental/QF_BV/sage/app9/bench_1808.smt2,7.7951,264,538,成功
/pub/data/jiafq/iscas/Parser_Comparison/../benchmarks/part28/non-incremental/QF_BV/sage/app9/bench_1809.smt2,7.98345,264,536,成功
/pub/data/jiafq/iscas/Parser_Comparison/../benchmarks/part28/non-incremental/QF_BV/sage/app9/bench_181.smt2,82.9508,1056,29323,成功
/pub/data/jiafq/iscas/Parser_Comparison/../benchmarks/part28/non-incremental/QF_BV/sage/app9/bench_1810.smt2,39.3708,528,4935,成功
/pub/data/jiafq/iscas/Parser_Comparison/../benchmarks/part28/non-incremental/QF_BV/sage/app9/bench_1811.smt2,39.9549,528,4927,成功
/pub/data/jiafq/iscas/Parser_Comparison/../benchmarks/part28/non-incremental/QF_BV/sage/app9/bench_1812.smt2,38.8741,528,4914,成功
/pub/data/jiafq/iscas/Parser_Comparison/../benchmarks/part28/non-incremental/QF_BV/sage/app9/bench_1813.smt2,38.084,528,4902,成功
/pub/data/jiafq/iscas/Parser_Comparison/../benchmarks/part28/non-incremental/QF_BV/sage/app9/bench_1814.smt2,5.69344,264,505,成功
/pub/data/jiafq/iscas/Parser_Comparison/../benchmarks/part28/non-incremental/QF_BV/sage/app9/bench_1815.smt2,7.43484,264,531,成功
/pub/data/jiafq/iscas/Parser_Comparison/../benchmarks/part28/non-incremental/QF_BV/sage/app9/bench_1816.smt2,7.42674,264,527,成功
/pub/data/jiafq/iscas/Parser_Comparison/../benchmarks/part28/non-incremental/QF_BV/sage/app9/bench_1817.smt2,7.30872,264,498,成功
/pub/data/jiafq/iscas/Parser_Comparison/../benchmarks/part28/non-incremental/QF_BV/sage/app9/bench_1818.smt2,7.72715,264,484,成功
/pub/data/jiafq/iscas/Parser_Comparison/../benchmarks/part28/non-incremental/QF_BV/sage/app9/bench_1819.smt2,38.7321,528,4893,成功
/pub/data/jiafq/iscas/Parser_Comparison/../benchmarks/part28/non-incremental/QF_BV/sage/app9/bench_182.smt2,51.4166,792,8785,成功
/pub/data/jiafq/iscas/Parser_Comparison/../benchmarks/part28/non-incremental/QF_BV/sage/app9/bench_1820.smt2,37.8473,528,4886,成功
/pub/data/jiafq/iscas/Parser_Comparison/../benchmarks/part28/non-incremental/QF_BV/sage/app9/bench_1821.smt2,7.05338,264,481,成功
/pub/data/jiafq/iscas/Parser_Comparison/../benchmarks/part28/non-incremental/QF_BV/sage/app9/bench_1822.smt2,7.46059,264,460,成功
/pub/data/jiafq/iscas/Parser_Comparison/../benchmarks/part28/non-incremental/QF_BV/sage/app9/bench_1823.smt2,6.66356,264,440,成功
/pub/data/jiafq/iscas/Parser_Comparison/../benchmarks/part28/non-incremental/QF_BV/sage/app9/bench_1824.smt2,1.47915,0,31,成功
/pub/data/jiafq/iscas/Parser_Comparison/../benchmarks/part28/non-incremental/QF_BV/sage/app9/bench_1825.smt2,82.6671,1056,27858,成功
/pub/data/jiafq/iscas/Parser_Comparison/../benchmarks/part28/non-incremental/QF_BV/sage/app9/bench_1826.smt2,1.4019,0,27,成功
/pub/data/jiafq/iscas/Parser_Comparison/../benchmarks/part28/non-incremental/QF_BV/sage/app9/bench_1827.smt2,6.68216,264,436,成功
/pub/data/jiafq/iscas/Parser_Comparison/../benchmarks/part28/non-incremental/QF_BV/sage/app9/bench_1828.smt2,6.68335,264,432,成功
/pub/data/jiafq/iscas/Parser_Comparison/../benchmarks/part28/non-incremental/QF_BV/sage/app9/bench_1829.smt2,6.39033,264,403,成功
/pub/data/jiafq/iscas/Parser_Comparison/../benchmarks/part28/non-incremental/QF_BV/sage/app9/bench_183.smt2,52.4824,1056,8780,成功
/pub/data/jiafq/iscas/Parser_Comparison/../benchmarks/part28/non-incremental/QF_BV/sage/app9/bench_1830.smt2,6.77752,264,389,成功
/pub/data/jiafq/iscas/Parser_Comparison/../benchmarks/part28/non-incremental/QF_BV/sage/app9/bench_1831.smt2,38.4774,528,4880,成功
/pub/data/jiafq/iscas/Parser_Comparison/../benchmarks/part28/non-incremental/QF_BV/sage/app9/bench_1832.smt2,40.0951,528,4873,成功
/pub/data/jiafq/iscas/Parser_Comparison/../benchmarks/part28/non-incremental/QF_BV/sage/app9/bench_1833.smt2,6.26898,264,387,成功
/pub/data/jiafq/iscas/Parser_Comparison/../benchmarks/part28/non-incremental/QF_BV/sage/app9/bench_1834.smt2,6.35624,264,382,成功
/pub/data/jiafq/iscas/Parser_Comparison/../benchmarks/part28/non-incremental/QF_BV/sage/app9/bench_1835.smt2,37.8554,528,4867,成功
/pub/data/jiafq/iscas/Parser_Comparison/../benchmarks/part28/non-incremental/QF_BV/sage/app9/bench_1836.smt2,83.1249,1056,27840,成功
/pub/data/jiafq/iscas/Parser_Comparison/../benchmarks/part28/non-incremental/QF_BV/sage/app9/bench_1837.smt2,0.967026,0,15,成功
/pub/data/jiafq/iscas/Parser_Comparison/../benchmarks/part28/non-incremental/QF_BV/sage/app9/bench_1838.smt2,38.0049,528,4861,成功
平均值,22.2044,352.217,3246.19,100%
