文件名,解析时间(ms),内存使用(KB),AST节点数量,结果
/pub/data/jiafq/iscas/Parser_Comparison/../benchmarks/part66/non-incremental/QF_NIA/20170427-VeryMax/ITS/From_T2__Prim_4.t2__p7924_terminationG_0.smt2,184.992,2604,16844,成功
/pub/data/jiafq/iscas/Parser_Comparison/../benchmarks/part66/non-incremental/QF_NIA/20170427-VeryMax/ITS/From_T2__Prim_4.t2__p7925_terminationG_0.smt2,304.483,3432,28572,成功
/pub/data/jiafq/iscas/Parser_Comparison/../benchmarks/part66/non-incremental/QF_NIA/20170427-VeryMax/ITS/From_T2__Prim_4.t2__p7926_terminationG_0.smt2,442.456,5152,43143,成功
/pub/data/jiafq/iscas/Parser_Comparison/../benchmarks/part66/non-incremental/QF_NIA/20170427-VeryMax/ITS/From_T2__Prim_4.t2__p7930_terminationG_0.smt2,28.2736,528,2353,成功
/pub/data/jiafq/iscas/Parser_Comparison/../benchmarks/part66/non-incremental/QF_NIA/20170427-VeryMax/ITS/From_T2__Prim_4.t2__p7931_terminationG_0.smt2,40.4236,528,3693,成功
/pub/data/jiafq/iscas/Parser_Comparison/../benchmarks/part66/non-incremental/QF_NIA/20170427-VeryMax/ITS/From_T2__Prim_4.t2__p7935_terminationG_0.smt2,28.8715,528,2443,成功
/pub/data/jiafq/iscas/Parser_Comparison/../benchmarks/part66/non-incremental/QF_NIA/20170427-VeryMax/ITS/From_T2__Prim_4.t2__p7936_terminationG_0.smt2,41.2576,528,3807,成功
/pub/data/jiafq/iscas/Parser_Comparison/../benchmarks/part66/non-incremental/QF_NIA/20170427-VeryMax/ITS/From_T2__Prim_4.t2__p7940_terminationG_0.smt2,31.4901,528,2629,成功
/pub/data/jiafq/iscas/Parser_Comparison/../benchmarks/part66/non-incremental/QF_NIA/20170427-VeryMax/ITS/From_T2__Prim_4.t2__p7941_terminationG_0.smt2,44.2452,528,4029,成功
/pub/data/jiafq/iscas/Parser_Comparison/../benchmarks/part66/non-incremental/QF_NIA/20170427-VeryMax/ITS/From_T2__Prim_4.t2__p7945_terminationG_0.smt2,33.5553,528,2851,成功
/pub/data/jiafq/iscas/Parser_Comparison/../benchmarks/part66/non-incremental/QF_NIA/20170427-VeryMax/ITS/From_T2__Prim_4.t2__p7946_terminationG_0.smt2,46.8867,528,4299,成功
/pub/data/jiafq/iscas/Parser_Comparison/../benchmarks/part66/non-incremental/QF_NIA/20170427-VeryMax/ITS/From_T2__Prim_4.t2__p7950_terminationG_0.smt2,34.5328,528,2923,成功
/pub/data/jiafq/iscas/Parser_Comparison/../benchmarks/part66/non-incremental/QF_NIA/20170427-VeryMax/ITS/From_T2__Prim_4.t2__p7951_terminationG_0.smt2,48.0731,528,4371,成功
/pub/data/jiafq/iscas/Parser_Comparison/../benchmarks/part66/non-incremental/QF_NIA/20170427-VeryMax/ITS/From_T2__Prim_4.t2__p7955_terminationG_0.smt2,32.769,528,2929,成功
/pub/data/jiafq/iscas/Parser_Comparison/../benchmarks/part66/non-incremental/QF_NIA/20170427-VeryMax/ITS/From_T2__Prim_4.t2__p7956_terminationG_0.smt2,48.1014,528,4377,成功
/pub/data/jiafq/iscas/Parser_Comparison/../benchmarks/part66/non-incremental/QF_NIA/20170427-VeryMax/ITS/From_T2__Prim_4.t2__p7960_terminationG_0.smt2,34.5271,528,2989,成功
/pub/data/jiafq/iscas/Parser_Comparison/../benchmarks/part66/non-incremental/QF_NIA/20170427-VeryMax/ITS/From_T2__Prim_4.t2__p7961_terminationG_0.smt2,49.0468,792,4437,成功
/pub/data/jiafq/iscas/Parser_Comparison/../benchmarks/part66/non-incremental/QF_NIA/20170427-VeryMax/ITS/From_T2__Prim_4.t2__p7965_terminationG_0.smt2,35.5279,528,3055,成功
/pub/data/jiafq/iscas/Parser_Comparison/../benchmarks/part66/non-incremental/QF_NIA/20170427-VeryMax/ITS/From_T2__Prim_4.t2__p7966_terminationG_0.smt2,49.36,792,4503,成功
/pub/data/jiafq/iscas/Parser_Comparison/../benchmarks/part66/non-incremental/QF_NIA/20170427-VeryMax/ITS/From_T2__Prim_4.t2__p7970_terminationG_0.smt2,36.9446,528,3121,成功
/pub/data/jiafq/iscas/Parser_Comparison/../benchmarks/part66/non-incremental/QF_NIA/20170427-VeryMax/ITS/From_T2__Prim_4.t2__p7971_terminationG_0.smt2,49.3584,792,4569,成功
/pub/data/jiafq/iscas/Parser_Comparison/../benchmarks/part66/non-incremental/QF_NIA/20170427-VeryMax/ITS/From_T2__Prim_4.t2__p7975_terminationG_0.smt2,37.6496,528,3187,成功
/pub/data/jiafq/iscas/Parser_Comparison/../benchmarks/part66/non-incremental/QF_NIA/20170427-VeryMax/ITS/From_T2__Prim_4.t2__p7976_terminationG_0.smt2,51.5103,792,4635,成功
/pub/data/jiafq/iscas/Parser_Comparison/../benchmarks/part66/non-incremental/QF_NIA/20170427-VeryMax/ITS/From_T2__Prim_4.t2__p7980_terminationG_0.smt2,37.3471,528,3193,成功
/pub/data/jiafq/iscas/Parser_Comparison/../benchmarks/part66/non-incremental/QF_NIA/20170427-VeryMax/ITS/From_T2__Prim_4.t2__p7981_terminationG_0.smt2,50.981,792,4641,成功
/pub/data/jiafq/iscas/Parser_Comparison/../benchmarks/part66/non-incremental/QF_NIA/20170427-VeryMax/ITS/From_T2__Prim_4.t2__p7985_terminationG_0.smt2,37.7238,528,3271,成功
/pub/data/jiafq/iscas/Parser_Comparison/../benchmarks/part66/non-incremental/QF_NIA/20170427-VeryMax/ITS/From_T2__Prim_4.t2__p7986_terminationG_0.smt2,51.7738,792,4719,成功
/pub/data/jiafq/iscas/Parser_Comparison/../benchmarks/part66/non-incremental/QF_NIA/20170427-VeryMax/ITS/From_T2__Prim_4.t2__p7990_terminationG_0.smt2,39.1924,528,3337,成功
/pub/data/jiafq/iscas/Parser_Comparison/../benchmarks/part66/non-incremental/QF_NIA/20170427-VeryMax/ITS/From_T2__Prim_4.t2__p7991_terminationG_0.smt2,52.5422,792,4785,成功
/pub/data/jiafq/iscas/Parser_Comparison/../benchmarks/part66/non-incremental/QF_NIA/20170427-VeryMax/ITS/From_T2__Prim_4.t2__p7995_terminationG_0.smt2,39.4874,528,3397,成功
/pub/data/jiafq/iscas/Parser_Comparison/../benchmarks/part66/non-incremental/QF_NIA/20170427-VeryMax/ITS/From_T2__Prim_4.t2__p7996_terminationG_0.smt2,53.5777,792,4845,成功
/pub/data/jiafq/iscas/Parser_Comparison/../benchmarks/part66/non-incremental/QF_NIA/20170427-VeryMax/ITS/From_T2__Prim_4.t2__p8000_terminationG_0.smt2,40.1218,528,3463,成功
/pub/data/jiafq/iscas/Parser_Comparison/../benchmarks/part66/non-incremental/QF_NIA/20170427-VeryMax/ITS/From_T2__Prim_4.t2__p8001_terminationG_0.smt2,55.2022,792,4911,成功
/pub/data/jiafq/iscas/Parser_Comparison/../benchmarks/part66/non-incremental/QF_NIA/20170427-VeryMax/ITS/From_T2__Prim_4.t2__p8005_terminationG_0.smt2,40.3948,528,3517,成功
/pub/data/jiafq/iscas/Parser_Comparison/../benchmarks/part66/non-incremental/QF_NIA/20170427-VeryMax/ITS/From_T2__Prim_4.t2__p8006_terminationG_0.smt2,54.1131,792,4965,成功
/pub/data/jiafq/iscas/Parser_Comparison/../benchmarks/part66/non-incremental/QF_NIA/20170427-VeryMax/ITS/From_T2__Prim_4.t2__p8010_terminationG_0.smt2,41.6565,528,3583,成功
/pub/data/jiafq/iscas/Parser_Comparison/../benchmarks/part66/non-incremental/QF_NIA/20170427-VeryMax/ITS/From_T2__Prim_4.t2__p8011_terminationG_0.smt2,55.1143,792,5031,成功
/pub/data/jiafq/iscas/Parser_Comparison/../benchmarks/part66/non-incremental/QF_NIA/20170427-VeryMax/ITS/From_T2__Prim_4.t2__p8014_terminationG_0.smt2,29.5613,528,2424,成功
/pub/data/jiafq/iscas/Parser_Comparison/../benchmarks/part66/non-incremental/QF_NIA/20170427-VeryMax/ITS/From_T2__Prim_4.t2__p8015_terminationG_0.smt2,38.6233,528,3637,成功
/pub/data/jiafq/iscas/Parser_Comparison/../benchmarks/part66/non-incremental/QF_NIA/20170427-VeryMax/ITS/From_T2__Prim_4.t2__p8016_terminationG_0.smt2,52.5334,792,5085,成功
/pub/data/jiafq/iscas/Parser_Comparison/../benchmarks/part66/non-incremental/QF_NIA/20170427-VeryMax/ITS/From_T2__Prim_4.t2__p8020_terminationG_0.smt2,38.9833,528,3691,成功
/pub/data/jiafq/iscas/Parser_Comparison/../benchmarks/part66/non-incremental/QF_NIA/20170427-VeryMax/ITS/From_T2__Prim_4.t2__p8021_terminationG_0.smt2,55.8941,792,5139,成功
/pub/data/jiafq/iscas/Parser_Comparison/../benchmarks/part66/non-incremental/QF_NIA/20170427-VeryMax/ITS/From_T2__Prim_4.t2__p8025_terminationG_0.smt2,43.7858,528,3853,成功
/pub/data/jiafq/iscas/Parser_Comparison/../benchmarks/part66/non-incremental/QF_NIA/20170427-VeryMax/ITS/From_T2__Prim_4.t2__p8026_terminationG_0.smt2,59.1526,792,5337,成功
/pub/data/jiafq/iscas/Parser_Comparison/../benchmarks/part66/non-incremental/QF_NIA/20170427-VeryMax/ITS/From_T2__Prim_4.t2__p8030_terminationG_0.smt2,44.6799,528,3931,成功
/pub/data/jiafq/iscas/Parser_Comparison/../benchmarks/part66/non-incremental/QF_NIA/20170427-VeryMax/ITS/From_T2__Prim_4.t2__p8031_terminationG_0.smt2,55.527,792,5415,成功
/pub/data/jiafq/iscas/Parser_Comparison/../benchmarks/part66/non-incremental/QF_NIA/20170427-VeryMax/ITS/From_T2__Prim_4.t2__p8035_terminationG_0.smt2,44.6496,528,4009,成功
/pub/data/jiafq/iscas/Parser_Comparison/../benchmarks/part66/non-incremental/QF_NIA/20170427-VeryMax/ITS/From_T2__Prim_4.t2__p8036_terminationG_0.smt2,60.9477,792,5493,成功
/pub/data/jiafq/iscas/Parser_Comparison/../benchmarks/part66/non-incremental/QF_NIA/20170427-VeryMax/ITS/From_T2__Prim_4.t2__p8040_terminationG_0.smt2,46.3738,528,4087,成功
/pub/data/jiafq/iscas/Parser_Comparison/../benchmarks/part66/non-incremental/QF_NIA/20170427-VeryMax/ITS/From_T2__Prim_4.t2__p8041_terminationG_0.smt2,57.7202,792,5571,成功
/pub/data/jiafq/iscas/Parser_Comparison/../benchmarks/part66/non-incremental/QF_NIA/20170427-VeryMax/ITS/From_T2__Prim_4.t2__p8044_terminationG_0.smt2,32.0902,528,2916,成功
/pub/data/jiafq/iscas/Parser_Comparison/../benchmarks/part66/non-incremental/QF_NIA/20170427-VeryMax/ITS/From_T2__Prim_4.t2__p8045_terminationG_0.smt2,44.8656,792,4165,成功
/pub/data/jiafq/iscas/Parser_Comparison/../benchmarks/part66/non-incremental/QF_NIA/20170427-VeryMax/ITS/From_T2__Prim_4.t2__p8046_terminationG_0.smt2,61.6341,792,5649,成功
/pub/data/jiafq/iscas/Parser_Comparison/../benchmarks/part66/non-incremental/QF_NIA/20170427-VeryMax/ITS/From_T2__Prim_4.t2__p8049_terminationG_0.smt2,35.9049,528,2982,成功
/pub/data/jiafq/iscas/Parser_Comparison/../benchmarks/part66/non-incremental/QF_NIA/20170427-VeryMax/ITS/From_T2__Prim_4.t2__p8050_terminationG_0.smt2,47.6737,792,4231,成功
/pub/data/jiafq/iscas/Parser_Comparison/../benchmarks/part66/non-incremental/QF_NIA/20170427-VeryMax/ITS/From_T2__Prim_4.t2__p8051_terminationG_0.smt2,57.4734,792,5715,成功
/pub/data/jiafq/iscas/Parser_Comparison/../benchmarks/part66/non-incremental/QF_NIA/20170427-VeryMax/ITS/From_T2__Prim_4.t2__p8055_terminationG_0.smt2,45.6197,792,4291,成功
/pub/data/jiafq/iscas/Parser_Comparison/../benchmarks/part66/non-incremental/QF_NIA/20170427-VeryMax/ITS/From_T2__Prim_4.t2__p8056_terminationG_0.smt2,61.2452,792,5775,成功
/pub/data/jiafq/iscas/Parser_Comparison/../benchmarks/part66/non-incremental/QF_NIA/20170427-VeryMax/ITS/From_T2__Prim_4.t2__p8060_terminationG_0.smt2,35.3026,528,3108,成功
/pub/data/jiafq/iscas/Parser_Comparison/../benchmarks/part66/non-incremental/QF_NIA/20170427-VeryMax/ITS/From_T2__Prim_4.t2__p8061_terminationG_0.smt2,48.7163,792,4357,成功
/pub/data/jiafq/iscas/Parser_Comparison/../benchmarks/part66/non-incremental/QF_NIA/20170427-VeryMax/ITS/From_T2__Prim_4.t2__p8062_terminationG_0.smt2,60.8878,792,5841,成功
/pub/data/jiafq/iscas/Parser_Comparison/../benchmarks/part66/non-incremental/QF_NIA/20170427-VeryMax/ITS/From_T2__Prim_4.t2__p8065_terminationG_0.smt2,36.5336,528,3174,成功
/pub/data/jiafq/iscas/Parser_Comparison/../benchmarks/part66/non-incremental/QF_NIA/20170427-VeryMax/ITS/From_T2__Prim_4.t2__p8066_terminationG_0.smt2,47.0092,792,4423,成功
/pub/data/jiafq/iscas/Parser_Comparison/../benchmarks/part66/non-incremental/QF_NIA/20170427-VeryMax/ITS/From_T2__Prim_4.t2__p8067_terminationG_0.smt2,64.1022,792,5907,成功
/pub/data/jiafq/iscas/Parser_Comparison/../benchmarks/part66/non-incremental/QF_NIA/20170427-VeryMax/ITS/From_T2__Prim_4.t2__p8084_edge_closing_0.smt2,78.8698,1056,7015,成功
/pub/data/jiafq/iscas/Parser_Comparison/../benchmarks/part66/non-incremental/QF_NIA/20170427-VeryMax/ITS/From_T2__Prim_4.t2__p8085_edge_closing_0.smt2,159.007,1848,16396,成功
/pub/data/jiafq/iscas/Parser_Comparison/../benchmarks/part66/non-incremental/QF_NIA/20170427-VeryMax/ITS/From_T2__Prim_4.t2__p8086_edge_closing_0.smt2,277.199,3168,28685,成功
/pub/data/jiafq/iscas/Parser_Comparison/../benchmarks/part66/non-incremental/QF_NIA/20170427-VeryMax/ITS/From_T2__Prim_4.t2__p8088_edge_closing_0.smt2,72.3879,1056,6475,成功
/pub/data/jiafq/iscas/Parser_Comparison/../benchmarks/part66/non-incremental/QF_NIA/20170427-VeryMax/ITS/From_T2__Prim_4.t2__p8089_edge_closing_0.smt2,150.728,1848,14447,成功
/pub/data/jiafq/iscas/Parser_Comparison/../benchmarks/part66/non-incremental/QF_NIA/20170427-VeryMax/ITS/From_T2__Prim_4.t2__p8090_edge_closing_0.smt2,241.027,2904,24799,成功
/pub/data/jiafq/iscas/Parser_Comparison/../benchmarks/part66/non-incremental/QF_NIA/20170427-VeryMax/ITS/From_T2__Prim_4.t2__term_unfeasibility_2_0.smt2,93.9906,1056,9666,成功
/pub/data/jiafq/iscas/Parser_Comparison/../benchmarks/part66/non-incremental/QF_NIA/20170427-VeryMax/ITS/From_T2__Prim_4.t2__term_unfeasibility_3_0.smt2,85.2027,1056,9085,成功
/pub/data/jiafq/iscas/Parser_Comparison/../benchmarks/part66/non-incremental/QF_NIA/20170427-VeryMax/ITS/From_T2__Prim_4.t2__term_unfeasibility_4_0.smt2,80.3795,1056,8091,成功
/pub/data/jiafq/iscas/Parser_Comparison/../benchmarks/part66/non-incremental/QF_NIA/20170427-VeryMax/ITS/From_T2__Prim_4.t2__terminationS_0_0.smt2,42.3586,528,3664,成功
/pub/data/jiafq/iscas/Parser_Comparison/../benchmarks/part66/non-incremental/QF_NIA/20170427-VeryMax/ITS/From_T2__Prim_4.t2__terminationS_10_0.smt2,92.31,1056,9089,成功
/pub/data/jiafq/iscas/Parser_Comparison/../benchmarks/part66/non-incremental/QF_NIA/20170427-VeryMax/ITS/From_T2__Prim_4.t2__terminationS_12_0.smt2,94.3887,1056,9107,成功
/pub/data/jiafq/iscas/Parser_Comparison/../benchmarks/part66/non-incremental/QF_NIA/20170427-VeryMax/ITS/From_T2__Prim_4.t2__terminationS_14_0.smt2,94.0182,1056,9116,成功
/pub/data/jiafq/iscas/Parser_Comparison/../benchmarks/part66/non-incremental/QF_NIA/20170427-VeryMax/ITS/From_T2__n-7.t2__p5046_terminationG_0.smt2,27.8831,528,2270,成功
/pub/data/jiafq/iscas/Parser_Comparison/../benchmarks/part66/non-incremental/QF_NIA/20170427-VeryMax/ITS/From_T2__n-7.t2__p5049_terminationG_0.smt2,19.5127,264,1469,成功
/pub/data/jiafq/iscas/Parser_Comparison/../benchmarks/part66/non-incremental/QF_NIA/20170427-VeryMax/ITS/From_T2__n-7.t2__p5050_terminationG_0.smt2,24.1206,528,1872,成功
/pub/data/jiafq/iscas/Parser_Comparison/../benchmarks/part66/non-incremental/QF_NIA/20170427-VeryMax/ITS/From_T2__n-7.t2__p5051_terminationG_0.smt2,28.9278,528,2347,成功
/pub/data/jiafq/iscas/Parser_Comparison/../benchmarks/part66/non-incremental/QF_NIA/20170427-VeryMax/ITS/From_T2__n-7.t2__p5054_terminationG_0.smt2,20.1635,264,1548,成功
/pub/data/jiafq/iscas/Parser_Comparison/../benchmarks/part66/non-incremental/QF_NIA/20170427-VeryMax/ITS/From_T2__n-7.t2__p5055_terminationG_0.smt2,24.5979,528,1951,成功
/pub/data/jiafq/iscas/Parser_Comparison/../benchmarks/part66/non-incremental/QF_NIA/20170427-VeryMax/ITS/From_T2__n-7.t2__p5056_terminationG_0.smt2,29.505,528,2426,成功
/pub/data/jiafq/iscas/Parser_Comparison/../benchmarks/part66/non-incremental/QF_NIA/20170427-VeryMax/ITS/From_T2__n-7.t2__p5059_terminationG_0.smt2,20.8881,264,1631,成功
/pub/data/jiafq/iscas/Parser_Comparison/../benchmarks/part66/non-incremental/QF_NIA/20170427-VeryMax/ITS/From_T2__n-7.t2__p5060_terminationG_0.smt2,26.3259,528,2034,成功
/pub/data/jiafq/iscas/Parser_Comparison/../benchmarks/part66/non-incremental/QF_NIA/20170427-VeryMax/ITS/From_T2__n-7.t2__p5061_terminationG_0.smt2,30.8747,528,2509,成功
/pub/data/jiafq/iscas/Parser_Comparison/../benchmarks/part66/non-incremental/QF_NIA/20170427-VeryMax/ITS/From_T2__n-7.t2__p5064_terminationG_0.smt2,21.8866,264,1710,成功
/pub/data/jiafq/iscas/Parser_Comparison/../benchmarks/part66/non-incremental/QF_NIA/20170427-VeryMax/ITS/From_T2__n-7.t2__p5065_terminationG_0.smt2,26.0992,528,2113,成功
/pub/data/jiafq/iscas/Parser_Comparison/../benchmarks/part66/non-incremental/QF_NIA/20170427-VeryMax/ITS/From_T2__n-7.t2__p5066_terminationG_0.smt2,31.6978,528,2588,成功
/pub/data/jiafq/iscas/Parser_Comparison/../benchmarks/part66/non-incremental/QF_NIA/20170427-VeryMax/ITS/From_T2__n-7.t2__p5069_terminationG_0.smt2,23.1669,264,1811,成功
/pub/data/jiafq/iscas/Parser_Comparison/../benchmarks/part66/non-incremental/QF_NIA/20170427-VeryMax/ITS/From_T2__n-7.t2__p5070_terminationG_0.smt2,27.2069,528,2220,成功
/pub/data/jiafq/iscas/Parser_Comparison/../benchmarks/part66/non-incremental/QF_NIA/20170427-VeryMax/ITS/From_T2__n-7.t2__p5071_terminationG_0.smt2,32.3513,528,2701,成功
/pub/data/jiafq/iscas/Parser_Comparison/../benchmarks/part66/non-incremental/QF_NIA/20170427-VeryMax/ITS/From_T2__n-7.t2__p5074_terminationG_0.smt2,23.0949,528,1890,成功
/pub/data/jiafq/iscas/Parser_Comparison/../benchmarks/part66/non-incremental/QF_NIA/20170427-VeryMax/ITS/From_T2__n-7.t2__p5075_terminationG_0.smt2,26.8838,528,2299,成功
/pub/data/jiafq/iscas/Parser_Comparison/../benchmarks/part66/non-incremental/QF_NIA/20170427-VeryMax/ITS/From_T2__n-7.t2__p5076_terminationG_0.smt2,33.1335,528,2780,成功
/pub/data/jiafq/iscas/Parser_Comparison/../benchmarks/part66/non-incremental/QF_NIA/20170427-VeryMax/ITS/From_T2__n-7.t2__p5079_terminationG_0.smt2,24.796,528,1962,成功
/pub/data/jiafq/iscas/Parser_Comparison/../benchmarks/part66/non-incremental/QF_NIA/20170427-VeryMax/ITS/From_T2__n-7.t2__p5080_terminationG_0.smt2,28.9354,528,2371,成功
/pub/data/jiafq/iscas/Parser_Comparison/../benchmarks/part66/non-incremental/QF_NIA/20170427-VeryMax/ITS/From_T2__n-7.t2__p5081_terminationG_0.smt2,31.5092,528,2852,成功
/pub/data/jiafq/iscas/Parser_Comparison/../benchmarks/part66/non-incremental/QF_NIA/20170427-VeryMax/ITS/From_T2__n-7.t2__p5084_terminationG_0.smt2,25.4505,528,2045,成功
/pub/data/jiafq/iscas/Parser_Comparison/../benchmarks/part66/non-incremental/QF_NIA/20170427-VeryMax/ITS/From_T2__n-7.t2__p5085_terminationG_0.smt2,30.0634,528,2454,成功
/pub/data/jiafq/iscas/Parser_Comparison/../benchmarks/part66/non-incremental/QF_NIA/20170427-VeryMax/ITS/From_T2__n-7.t2__p5086_terminationG_0.smt2,34.2743,528,2935,成功
/pub/data/jiafq/iscas/Parser_Comparison/../benchmarks/part66/non-incremental/QF_NIA/20170427-VeryMax/ITS/From_T2__n-7.t2__p5089_terminationG_0.smt2,26.5834,528,2124,成功
/pub/data/jiafq/iscas/Parser_Comparison/../benchmarks/part66/non-incremental/QF_NIA/20170427-VeryMax/ITS/From_T2__n-7.t2__p5090_terminationG_0.smt2,31.3361,528,2533,成功
/pub/data/jiafq/iscas/Parser_Comparison/../benchmarks/part66/non-incremental/QF_NIA/20170427-VeryMax/ITS/From_T2__n-7.t2__p5091_terminationG_0.smt2,35.9395,528,3014,成功
/pub/data/jiafq/iscas/Parser_Comparison/../benchmarks/part66/non-incremental/QF_NIA/20170427-VeryMax/ITS/From_T2__n-7.t2__p5094_terminationG_0.smt2,27.5717,528,2207,成功
/pub/data/jiafq/iscas/Parser_Comparison/../benchmarks/part66/non-incremental/QF_NIA/20170427-VeryMax/ITS/From_T2__n-7.t2__p5095_terminationG_0.smt2,29.4259,528,2616,成功
/pub/data/jiafq/iscas/Parser_Comparison/../benchmarks/part66/non-incremental/QF_NIA/20170427-VeryMax/ITS/From_T2__n-7.t2__p5096_terminationG_0.smt2,33.5786,528,3097,成功
/pub/data/jiafq/iscas/Parser_Comparison/../benchmarks/part66/non-incremental/QF_NIA/20170427-VeryMax/ITS/From_T2__n-7.t2__p5099_terminationG_0.smt2,27.9808,528,2290,成功
/pub/data/jiafq/iscas/Parser_Comparison/../benchmarks/part66/non-incremental/QF_NIA/20170427-VeryMax/ITS/From_T2__n-7.t2__p5100_terminationG_0.smt2,32.6755,528,2699,成功
/pub/data/jiafq/iscas/Parser_Comparison/../benchmarks/part66/non-incremental/QF_NIA/20170427-VeryMax/ITS/From_T2__n-7.t2__p5101_terminationG_0.smt2,39.1529,528,3180,成功
/pub/data/jiafq/iscas/Parser_Comparison/../benchmarks/part66/non-incremental/QF_NIA/20170427-VeryMax/ITS/From_T2__n-7.t2__p5104_terminationG_0.smt2,28.7611,528,2355,成功
/pub/data/jiafq/iscas/Parser_Comparison/../benchmarks/part66/non-incremental/QF_NIA/20170427-VeryMax/ITS/From_T2__n-7.t2__p5105_terminationG_0.smt2,33.0937,528,2764,成功
/pub/data/jiafq/iscas/Parser_Comparison/../benchmarks/part66/non-incremental/QF_NIA/20170427-VeryMax/ITS/From_T2__n-7.t2__p5106_terminationG_0.smt2,37.9713,528,3245,成功
/pub/data/jiafq/iscas/Parser_Comparison/../benchmarks/part66/non-incremental/QF_NIA/20170427-VeryMax/ITS/From_T2__n-7.t2__p5109_terminationG_0.smt2,28.6813,528,2410,成功
/pub/data/jiafq/iscas/Parser_Comparison/../benchmarks/part66/non-incremental/QF_NIA/20170427-VeryMax/ITS/From_T2__n-7.t2__p5110_terminationG_0.smt2,34.1628,528,2819,成功
/pub/data/jiafq/iscas/Parser_Comparison/../benchmarks/part66/non-incremental/QF_NIA/20170427-VeryMax/ITS/From_T2__n-7.t2__p5111_terminationG_0.smt2,39.0658,528,3300,成功
/pub/data/jiafq/iscas/Parser_Comparison/../benchmarks/part66/non-incremental/QF_NIA/20170427-VeryMax/ITS/From_T2__n-7.t2__p5114_terminationG_0.smt2,28.0316,528,2477,成功
/pub/data/jiafq/iscas/Parser_Comparison/../benchmarks/part66/non-incremental/QF_NIA/20170427-VeryMax/ITS/From_T2__n-7.t2__p5115_terminationG_0.smt2,33.2584,528,2886,成功
/pub/data/jiafq/iscas/Parser_Comparison/../benchmarks/part66/non-incremental/QF_NIA/20170427-VeryMax/ITS/From_T2__n-7.t2__p5116_terminationG_0.smt2,40.307,528,3367,成功
/pub/data/jiafq/iscas/Parser_Comparison/../benchmarks/part66/non-incremental/QF_NIA/20170427-VeryMax/ITS/From_T2__n-7.t2__p5119_terminationG_0.smt2,31.5337,528,2542,成功
/pub/data/jiafq/iscas/Parser_Comparison/../benchmarks/part66/non-incremental/QF_NIA/20170427-VeryMax/ITS/From_T2__n-7.t2__p5120_terminationG_0.smt2,33.1113,528,2951,成功
/pub/data/jiafq/iscas/Parser_Comparison/../benchmarks/part66/non-incremental/QF_NIA/20170427-VeryMax/ITS/From_T2__n-7.t2__p5121_terminationG_0.smt2,38.8618,528,3432,成功
/pub/data/jiafq/iscas/Parser_Comparison/../benchmarks/part66/non-incremental/QF_NIA/20170427-VeryMax/ITS/From_T2__n-7.t2__p5124_terminationG_0.smt2,32.2139,528,2609,成功
/pub/data/jiafq/iscas/Parser_Comparison/../benchmarks/part66/non-incremental/QF_NIA/20170427-VeryMax/ITS/From_T2__n-7.t2__p5125_terminationG_0.smt2,34.9317,528,3018,成功
/pub/data/jiafq/iscas/Parser_Comparison/../benchmarks/part66/non-incremental/QF_NIA/20170427-VeryMax/ITS/From_T2__n-7.t2__p5126_terminationG_0.smt2,41.5752,528,3499,成功
/pub/data/jiafq/iscas/Parser_Comparison/../benchmarks/part66/non-incremental/QF_NIA/20170427-VeryMax/ITS/From_T2__n-7.t2__p5129_terminationG_0.smt2,31.0853,528,2674,成功
/pub/data/jiafq/iscas/Parser_Comparison/../benchmarks/part66/non-incremental/QF_NIA/20170427-VeryMax/ITS/From_T2__n-7.t2__p5130_terminationG_0.smt2,36.6771,528,3083,成功
/pub/data/jiafq/iscas/Parser_Comparison/../benchmarks/part66/non-incremental/QF_NIA/20170427-VeryMax/ITS/From_T2__n-7.t2__p5131_terminationG_0.smt2,42.0132,528,3564,成功
/pub/data/jiafq/iscas/Parser_Comparison/../benchmarks/part66/non-incremental/QF_NIA/20170427-VeryMax/ITS/From_T2__n-7.t2__p5134_terminationG_0.smt2,33.2448,528,2745,成功
/pub/data/jiafq/iscas/Parser_Comparison/../benchmarks/part66/non-incremental/QF_NIA/20170427-VeryMax/ITS/From_T2__n-7.t2__p5135_terminationG_0.smt2,38.106,528,3154,成功
/pub/data/jiafq/iscas/Parser_Comparison/../benchmarks/part66/non-incremental/QF_NIA/20170427-VeryMax/ITS/From_T2__n-7.t2__p5136_terminationG_0.smt2,42.8052,528,3635,成功
/pub/data/jiafq/iscas/Parser_Comparison/../benchmarks/part66/non-incremental/QF_NIA/20170427-VeryMax/ITS/From_T2__n-7.t2__p5139_terminationG_0.smt2,33.8149,528,2793,成功
/pub/data/jiafq/iscas/Parser_Comparison/../benchmarks/part66/non-incremental/QF_NIA/20170427-VeryMax/ITS/From_T2__n-7.t2__p5140_terminationG_0.smt2,37.8356,528,3202,成功
/pub/data/jiafq/iscas/Parser_Comparison/../benchmarks/part66/non-incremental/QF_NIA/20170427-VeryMax/ITS/From_T2__n-7.t2__p5141_terminationG_0.smt2,42.9599,528,3683,成功
/pub/data/jiafq/iscas/Parser_Comparison/../benchmarks/part66/non-incremental/QF_NIA/20170427-VeryMax/ITS/From_T2__n-7.t2__p5144_terminationG_0.smt2,35.0397,528,2852,成功
/pub/data/jiafq/iscas/Parser_Comparison/../benchmarks/part66/non-incremental/QF_NIA/20170427-VeryMax/ITS/From_T2__n-7.t2__p5145_terminationG_0.smt2,38.4824,528,3261,成功
/pub/data/jiafq/iscas/Parser_Comparison/../benchmarks/part66/non-incremental/QF_NIA/20170427-VeryMax/ITS/From_T2__n-7.t2__p5146_terminationG_0.smt2,43.1859,528,3742,成功
/pub/data/jiafq/iscas/Parser_Comparison/../benchmarks/part66/non-incremental/QF_NIA/20170427-VeryMax/ITS/From_T2__n-7.t2__p5149_terminationG_0.smt2,34.4293,528,2907,成功
/pub/data/jiafq/iscas/Parser_Comparison/../benchmarks/part66/non-incremental/QF_NIA/20170427-VeryMax/ITS/From_T2__n-7.t2__p5150_terminationG_0.smt2,39.4609,528,3316,成功
/pub/data/jiafq/iscas/Parser_Comparison/../benchmarks/part66/non-incremental/QF_NIA/20170427-VeryMax/ITS/From_T2__n-7.t2__p5151_terminationG_0.smt2,41.7297,528,3797,成功
/pub/data/jiafq/iscas/Parser_Comparison/../benchmarks/part66/non-incremental/QF_NIA/20170427-VeryMax/ITS/From_T2__n-7.t2__p5154_terminationG_0.smt2,33.7362,528,2950,成功
/pub/data/jiafq/iscas/Parser_Comparison/../benchmarks/part66/non-incremental/QF_NIA/20170427-VeryMax/ITS/From_T2__n-7.t2__p5155_terminationG_0.smt2,39.8552,528,3359,成功
/pub/data/jiafq/iscas/Parser_Comparison/../benchmarks/part66/non-incremental/QF_NIA/20170427-VeryMax/ITS/From_T2__n-7.t2__p5156_terminationG_0.smt2,45.1035,528,3840,成功
/pub/data/jiafq/iscas/Parser_Comparison/../benchmarks/part66/non-incremental/QF_NIA/20170427-VeryMax/ITS/From_T2__n-7.t2__p5159_terminationG_0.smt2,36.7422,528,3021,成功
/pub/data/jiafq/iscas/Parser_Comparison/../benchmarks/part66/non-incremental/QF_NIA/20170427-VeryMax/ITS/From_T2__n-7.t2__p5160_terminationG_0.smt2,40.6859,528,3430,成功
/pub/data/jiafq/iscas/Parser_Comparison/../benchmarks/part66/non-incremental/QF_NIA/20170427-VeryMax/ITS/From_T2__n-7.t2__p5161_terminationG_0.smt2,45.5427,528,3911,成功
/pub/data/jiafq/iscas/Parser_Comparison/../benchmarks/part66/non-incremental/QF_NIA/20170427-VeryMax/ITS/From_T2__n-7.t2__p5164_terminationG_0.smt2,37.1721,528,3088,成功
/pub/data/jiafq/iscas/Parser_Comparison/../benchmarks/part66/non-incremental/QF_NIA/20170427-VeryMax/ITS/From_T2__n-7.t2__p5165_terminationG_0.smt2,42.1269,528,3497,成功
/pub/data/jiafq/iscas/Parser_Comparison/../benchmarks/part66/non-incremental/QF_NIA/20170427-VeryMax/ITS/From_T2__n-7.t2__p5166_terminationG_0.smt2,44.9924,528,3978,成功
/pub/data/jiafq/iscas/Parser_Comparison/../benchmarks/part66/non-incremental/QF_NIA/20170427-VeryMax/ITS/From_T2__n-7.t2__p5169_terminationG_0.smt2,37.3118,528,3159,成功
/pub/data/jiafq/iscas/Parser_Comparison/../benchmarks/part66/non-incremental/QF_NIA/20170427-VeryMax/ITS/From_T2__n-7.t2__p5170_terminationG_0.smt2,42.4445,528,3568,成功
/pub/data/jiafq/iscas/Parser_Comparison/../benchmarks/part66/non-incremental/QF_NIA/20170427-VeryMax/ITS/From_T2__n-7.t2__p5171_terminationG_0.smt2,47.8144,528,4049,成功
/pub/data/jiafq/iscas/Parser_Comparison/../benchmarks/part66/non-incremental/QF_NIA/20170427-VeryMax/ITS/From_T2__n-7.t2__p5174_edge_closing_0.smt2,27.1485,528,2075,成功
/pub/data/jiafq/iscas/Parser_Comparison/../benchmarks/part66/non-incremental/QF_NIA/20170427-VeryMax/ITS/From_T2__n-7.t2__p5175_edge_closing_0.smt2,34.2855,528,2745,成功
/pub/data/jiafq/iscas/Parser_Comparison/../benchmarks/part66/non-incremental/QF_NIA/20170427-VeryMax/ITS/From_T2__n-7.t2__p5177_edge_closing_0.smt2,22.4423,528,1725,成功
/pub/data/jiafq/iscas/Parser_Comparison/../benchmarks/part66/non-incremental/QF_NIA/20170427-VeryMax/ITS/From_T2__n-7.t2__p5178_edge_closing_0.smt2,28.7511,528,2329,成功
/pub/data/jiafq/iscas/Parser_Comparison/../benchmarks/part66/non-incremental/QF_NIA/20170427-VeryMax/ITS/From_T2__n-7.t2__p5181_edge_closing_0.smt2,25.9659,528,2085,成功
/pub/data/jiafq/iscas/Parser_Comparison/../benchmarks/part66/non-incremental/QF_NIA/20170427-VeryMax/ITS/From_T2__n-7.t2__terminationS_0_0.smt2,51.5244,792,4574,成功
/pub/data/jiafq/iscas/Parser_Comparison/../benchmarks/part66/non-incremental/QF_NIA/20170427-VeryMax/ITS/From_T2__n-8.t2__p5214_terminationG_0.smt2,23.0834,528,1893,成功
/pub/data/jiafq/iscas/Parser_Comparison/../benchmarks/part66/non-incremental/QF_NIA/20170427-VeryMax/ITS/From_T2__n-8.t2__p5218_terminationG_0.smt2,18.4777,264,1382,成功
/pub/data/jiafq/iscas/Parser_Comparison/../benchmarks/part66/non-incremental/QF_NIA/20170427-VeryMax/ITS/From_T2__n-8.t2__p5219_terminationG_0.smt2,25.5983,528,2055,成功
/pub/data/jiafq/iscas/Parser_Comparison/../benchmarks/part66/non-incremental/QF_NIA/20170427-VeryMax/ITS/From_T2__n-8.t2__p5223_terminationG_0.smt2,18.5306,264,1420,成功
/pub/data/jiafq/iscas/Parser_Comparison/../benchmarks/part66/non-incremental/QF_NIA/20170427-VeryMax/ITS/From_T2__n-8.t2__p5224_terminationG_0.smt2,25.0933,528,2105,成功
/pub/data/jiafq/iscas/Parser_Comparison/../benchmarks/part66/non-incremental/QF_NIA/20170427-VeryMax/ITS/From_T2__n-8.t2__p5229_edge_closing_0.smt2,42.5045,528,3500,成功
/pub/data/jiafq/iscas/Parser_Comparison/../benchmarks/part66/non-incremental/QF_NIA/20170427-VeryMax/ITS/From_T2__n-8a.t2__p5190_safety_0.smt2,7.77578,264,581,成功
/pub/data/jiafq/iscas/Parser_Comparison/../benchmarks/part66/non-incremental/QF_NIA/20170427-VeryMax/ITS/From_T2__n-8a.t2__p5191_safety_0.smt2,10.3171,264,918,成功
/pub/data/jiafq/iscas/Parser_Comparison/../benchmarks/part66/non-incremental/QF_NIA/20170427-VeryMax/ITS/From_T2__n-8a.t2__p5196_edge_closing_0.smt2,15.3918,264,1279,成功
/pub/data/jiafq/iscas/Parser_Comparison/../benchmarks/part66/non-incremental/QF_NIA/20170427-VeryMax/ITS/From_T2__n-9.t2__p5277_terminationG_0.smt2,18.7995,264,1488,成功
/pub/data/jiafq/iscas/Parser_Comparison/../benchmarks/part66/non-incremental/QF_NIA/20170427-VeryMax/ITS/From_T2__n-9.t2__p5278_terminationG_0.smt2,25.7094,528,2152,成功
/pub/data/jiafq/iscas/Parser_Comparison/../benchmarks/part66/non-incremental/QF_NIA/20170427-VeryMax/ITS/From_T2__n-9.t2__p5284_edge_closing_0.smt2,35.1968,528,2807,成功
/pub/data/jiafq/iscas/Parser_Comparison/../benchmarks/part66/non-incremental/QF_NIA/20170427-VeryMax/ITS/From_T2__n-9.t2_fixed__p5241_terminationG_0.smt2,30.1266,528,2630,成功
/pub/data/jiafq/iscas/Parser_Comparison/../benchmarks/part66/non-incremental/QF_NIA/20170427-VeryMax/ITS/From_T2__n-9.t2_fixed__p5245_terminationG_0.smt2,22.1775,264,1836,成功
/pub/data/jiafq/iscas/Parser_Comparison/../benchmarks/part66/non-incremental/QF_NIA/20170427-VeryMax/ITS/From_T2__n-9.t2_fixed__p5250_terminationG_0.smt2,20.9599,264,1835,成功
/pub/data/jiafq/iscas/Parser_Comparison/../benchmarks/part66/non-incremental/QF_NIA/20170427-VeryMax/ITS/From_T2__n-9.t2_fixed__p5251_terminationG_0.smt2,29.8772,528,2638,成功
/pub/data/jiafq/iscas/Parser_Comparison/../benchmarks/part66/non-incremental/QF_NIA/20170427-VeryMax/ITS/From_T2__n-9.t2_fixed__p5255_edge_closing_0.smt2,23.3688,528,1997,成功
/pub/data/jiafq/iscas/Parser_Comparison/../benchmarks/part66/non-incremental/QF_NIA/20170427-VeryMax/ITS/From_T2__n-9.t2_fixed__p5256_edge_closing_0.smt2,34.2724,528,2875,成功
/pub/data/jiafq/iscas/Parser_Comparison/../benchmarks/part66/non-incremental/QF_NIA/20170427-VeryMax/ITS/From_T2__n_firewire_instrumented-PP.t2__p6186_terminationG_0.smt2,127.089,1848,10916,成功
/pub/data/jiafq/iscas/Parser_Comparison/../benchmarks/part66/non-incremental/QF_NIA/20170427-VeryMax/ITS/From_T2__n_firewire_instrumented-PP.t2__p6187_terminationG_0.smt2,205.989,2904,19822,成功
/pub/data/jiafq/iscas/Parser_Comparison/../benchmarks/part66/non-incremental/QF_NIA/20170427-VeryMax/ITS/From_T2__n_firewire_instrumented-PP.t2__p6188_terminationG_0.smt2,310.289,3432,30615,成功
/pub/data/jiafq/iscas/Parser_Comparison/../benchmarks/part66/non-incremental/QF_NIA/20170427-VeryMax/ITS/From_T2__n_firewire_instrumented-PP.t2__p6191_terminationG_0.smt2,136.628,2112,12012,成功
/pub/data/jiafq/iscas/Parser_Comparison/../benchmarks/part66/non-incremental/QF_NIA/20170427-VeryMax/ITS/From_T2__n_firewire_instrumented-PP.t2__p6192_terminationG_0.smt2,228.17,2904,21418,成功
/pub/data/jiafq/iscas/Parser_Comparison/../benchmarks/part66/non-incremental/QF_NIA/20170427-VeryMax/ITS/From_T2__n_firewire_instrumented-PP.t2__p6193_terminationG_0.smt2,328.007,3920,32715,成功
/pub/data/jiafq/iscas/Parser_Comparison/../benchmarks/part66/non-incremental/QF_NIA/20170427-VeryMax/ITS/From_T2__n_firewire_instrumented-PP.t2__p6196_terminationG_0.smt2,151.157,2112,13054,成功
/pub/data/jiafq/iscas/Parser_Comparison/../benchmarks/part66/non-incremental/QF_NIA/20170427-VeryMax/ITS/From_T2__n_firewire_instrumented-PP.t2__p6197_terminationG_0.smt2,248.393,3168,22964,成功
/pub/data/jiafq/iscas/Parser_Comparison/../benchmarks/part66/non-incremental/QF_NIA/20170427-VeryMax/ITS/From_T2__n_firewire_instrumented-PP.t2__p6198_terminationG_0.smt2,359.961,3972,34765,成功
/pub/data/jiafq/iscas/Parser_Comparison/../benchmarks/part66/non-incremental/QF_NIA/20170427-VeryMax/ITS/From_T2__n_firewire_instrumented-PP.t2__p6201_terminationG_0.smt2,162.189,2112,13800,成功
/pub/data/jiafq/iscas/Parser_Comparison/../benchmarks/part66/non-incremental/QF_NIA/20170427-VeryMax/ITS/From_T2__n_firewire_instrumented-PP.t2__p6202_terminationG_0.smt2,262.328,3168,24063,成功
/pub/data/jiafq/iscas/Parser_Comparison/../benchmarks/part66/non-incremental/QF_NIA/20170427-VeryMax/ITS/From_T2__n_firewire_instrumented-PP.t2__p6203_terminationG_0.smt2,369.748,4272,36242,成功
/pub/data/jiafq/iscas/Parser_Comparison/../benchmarks/part66/non-incremental/QF_NIA/20170427-VeryMax/ITS/From_T2__n_firewire_instrumented-PP.t2__p6206_terminationG_0.smt2,164.755,2376,14231,成功
/pub/data/jiafq/iscas/Parser_Comparison/../benchmarks/part66/non-incremental/QF_NIA/20170427-VeryMax/ITS/From_T2__n_firewire_instrumented-PP.t2__p6207_terminationG_0.smt2,265.739,3168,24500,成功
/pub/data/jiafq/iscas/Parser_Comparison/../benchmarks/part66/non-incremental/QF_NIA/20170427-VeryMax/ITS/From_T2__n_firewire_instrumented-PP.t2__p6208_terminationG_0.smt2,372.307,4300,36685,成功
/pub/data/jiafq/iscas/Parser_Comparison/../benchmarks/part66/non-incremental/QF_NIA/20170427-VeryMax/ITS/From_T2__n_firewire_instrumented-PP.t2__p6211_terminationG_0.smt2,185.342,2640,15738,成功
/pub/data/jiafq/iscas/Parser_Comparison/../benchmarks/part66/non-incremental/QF_NIA/20170427-VeryMax/ITS/From_T2__n_firewire_instrumented-PP.t2__p6212_terminationG_0.smt2,285.119,3672,26587,成功
/pub/data/jiafq/iscas/Parser_Comparison/../benchmarks/part66/non-incremental/QF_NIA/20170427-VeryMax/ITS/From_T2__n_firewire_instrumented-PP.t2__p6213_terminationG_0.smt2,406.917,5344,39402,成功
/pub/data/jiafq/iscas/Parser_Comparison/../benchmarks/part66/non-incremental/QF_NIA/20170427-VeryMax/ITS/From_T2__n_firewire_instrumented-PP.t2__p6217_terminationG_0.smt2,189.762,2904,16165,成功
/pub/data/jiafq/iscas/Parser_Comparison/../benchmarks/part66/non-incremental/QF_NIA/20170427-VeryMax/ITS/From_T2__n_firewire_instrumented-PP.t2__p6218_terminationG_0.smt2,281.857,3676,27014,成功
/pub/data/jiafq/iscas/Parser_Comparison/../benchmarks/part66/non-incremental/QF_NIA/20170427-VeryMax/ITS/From_T2__n_firewire_instrumented-PP.t2__p6219_terminationG_0.smt2,410.204,5364,39829,成功
/pub/data/jiafq/iscas/Parser_Comparison/../benchmarks/part66/non-incremental/QF_NIA/20170427-VeryMax/ITS/From_T2__n_firewire_instrumented-PP.t2__p6221_edge_closing_0.smt2,372.994,5304,31606,成功
/pub/data/jiafq/iscas/Parser_Comparison/../benchmarks/part66/non-incremental/QF_NIA/20170427-VeryMax/ITS/From_T2__n_firewire_instrumented-PP.t2__p6222_edge_closing_0.smt2,517.387,6276,44956,成功
/pub/data/jiafq/iscas/Parser_Comparison/../benchmarks/part66/non-incremental/QF_NIA/20170427-VeryMax/ITS/From_T2__n_firewire_instrumented-PP.t2__p6223_edge_closing_0.smt2,679.717,7264,60233,成功
/pub/data/jiafq/iscas/Parser_Comparison/../benchmarks/part66/non-incremental/QF_NIA/20170427-VeryMax/ITS/From_T2__n_firewire_instrumented-PP.t2__p6225_edge_closing_0.smt2,398.04,5436,31502,成功
/pub/data/jiafq/iscas/Parser_Comparison/../benchmarks/part66/non-incremental/QF_NIA/20170427-VeryMax/ITS/From_T2__n_firewire_instrumented-PP.t2__p6226_edge_closing_0.smt2,484.884,6088,40184,成功
/pub/data/jiafq/iscas/Parser_Comparison/../benchmarks/part66/non-incremental/QF_NIA/20170427-VeryMax/ITS/From_T2__n_firewire_instrumented-PP.t2__p6227_edge_closing_0.smt2,576.09,7052,49466,成功
/pub/data/jiafq/iscas/Parser_Comparison/../benchmarks/part66/non-incremental/QF_NIA/20170427-VeryMax/ITS/From_T2__n_firewire_instrumented-PP.t2__term_unfeasibility_3_0.smt2,84.1911,1056,8236,成功
/pub/data/jiafq/iscas/Parser_Comparison/../benchmarks/part66/non-incremental/QF_NIA/20170427-VeryMax/ITS/From_T2__n_firewire_instrumented-PP.t2__terminationQ_0_0.smt2,130.359,1848,10964,成功
/pub/data/jiafq/iscas/Parser_Comparison/../benchmarks/part66/non-incremental/QF_NIA/20170427-VeryMax/ITS/From_T2__n_firewire_instrumented-PP.t2__terminationQ_1_0.smt2,143.28,2112,12070,成功
/pub/data/jiafq/iscas/Parser_Comparison/../benchmarks/part66/non-incremental/QF_NIA/20170427-VeryMax/ITS/From_T2__n_firewire_instrumented-PP.t2__terminationQ_2_0.smt2,154.889,2112,13127,成功
/pub/data/jiafq/iscas/Parser_Comparison/../benchmarks/part66/non-incremental/QF_NIA/20170427-VeryMax/ITS/From_T2__n_firewire_instrumented-PP.t2__terminationQ_3_0.smt2,164.429,2112,13889,成功
/pub/data/jiafq/iscas/Parser_Comparison/../benchmarks/part66/non-incremental/QF_NIA/20170427-VeryMax/ITS/From_T2__n_firewire_instrumented-PP.t2__terminationQ_4_0.smt2,172.905,2376,14337,成功
/pub/data/jiafq/iscas/Parser_Comparison/../benchmarks/part66/non-incremental/QF_NIA/20170427-VeryMax/ITS/From_T2__n_firewire_instrumented-PP.t2__terminationQ_5_0.smt2,180.037,2640,15856,成功
/pub/data/jiafq/iscas/Parser_Comparison/../benchmarks/part66/non-incremental/QF_NIA/20170427-VeryMax/ITS/From_T2__n_firewire_instrumented-PP.t2__terminationQ_6_0.smt2,185.067,2904,16298,成功
/pub/data/jiafq/iscas/Parser_Comparison/../benchmarks/part66/non-incremental/QF_NIA/20170427-VeryMax/ITS/From_T2__n_firewire_instrumented-PP.t2__terminationS_0_0.smt2,91.6593,1056,8446,成功
/pub/data/jiafq/iscas/Parser_Comparison/../benchmarks/part66/non-incremental/QF_NIA/20170427-VeryMax/ITS/From_T2__n_firewire_instrumented-PP.t2__terminationS_1_0.smt2,88.3045,1056,8437,成功
/pub/data/jiafq/iscas/Parser_Comparison/../benchmarks/part66/non-incremental/QF_NIA/20170427-VeryMax/ITS/From_T2__n_firewire_instrumented-PP.t2__terminationS_2_0.smt2,93.7135,1056,8491,成功
/pub/data/jiafq/iscas/Parser_Comparison/../benchmarks/part66/non-incremental/QF_NIA/20170427-VeryMax/ITS/From_T2__n_firewire_instrumented-PP.t2__terminationS_3_0.smt2,90.5769,1056,8335,成功
/pub/data/jiafq/iscas/Parser_Comparison/../benchmarks/part66/non-incremental/QF_NIA/20170427-VeryMax/ITS/From_T2__n_firewire_instrumented-PP.t2__terminationS_4_0.smt2,89.4475,1056,8353,成功
/pub/data/jiafq/iscas/Parser_Comparison/../benchmarks/part66/non-incremental/QF_NIA/20170427-VeryMax/ITS/From_T2__n_firewire_instrumented-PP.t2__terminationS_5_0.smt2,91.5787,1056,8344,成功
/pub/data/jiafq/iscas/Parser_Comparison/../benchmarks/part66/non-incremental/QF_NIA/20170427-VeryMax/ITS/From_T2__n_firewire_instrumented-PP.t2__terminationS_6_0.smt2,94.5182,1056,8482,成功
/pub/data/jiafq/iscas/Parser_Comparison/../benchmarks/part66/non-incremental/QF_NIA/20170427-VeryMax/ITS/From_T2__n_firewire_instrumented-PP.t2__terminationS_7_0.smt2,87.8236,1056,8284,成功
/pub/data/jiafq/iscas/Parser_Comparison/../benchmarks/part66/non-incremental/QF_NIA/20170427-VeryMax/ITS/From_T2__nakata.t2__p5294_terminationG_0.smt2,168.926,2640,15802,成功
/pub/data/jiafq/iscas/Parser_Comparison/../benchmarks/part66/non-incremental/QF_NIA/20170427-VeryMax/ITS/From_T2__nakata.t2__p5295_terminationG_0.smt2,264.527,3432,25044,成功
/pub/data/jiafq/iscas/Parser_Comparison/../benchmarks/part66/non-incremental/QF_NIA/20170427-VeryMax/ITS/From_T2__nakata.t2__p5296_terminationG_0.smt2,349.572,4936,36265,成功
/pub/data/jiafq/iscas/Parser_Comparison/../benchmarks/part66/non-incremental/QF_NIA/20170427-VeryMax/ITS/From_T2__nakata.t2__p5299_terminationG_0.smt2,177.145,2640,16710,成功
/pub/data/jiafq/iscas/Parser_Comparison/../benchmarks/part66/non-incremental/QF_NIA/20170427-VeryMax/ITS/From_T2__nakata.t2__p5300_terminationG_0.smt2,267.85,3432,26216,成功
/pub/data/jiafq/iscas/Parser_Comparison/../benchmarks/part66/non-incremental/QF_NIA/20170427-VeryMax/ITS/From_T2__nakata.t2__p5301_terminationG_0.smt2,386.837,5180,37701,成功
/pub/data/jiafq/iscas/Parser_Comparison/../benchmarks/part66/non-incremental/QF_NIA/20170427-VeryMax/ITS/From_T2__nakata.t2__p5304_terminationG_0.smt2,197.052,2904,18151,成功
/pub/data/jiafq/iscas/Parser_Comparison/../benchmarks/part66/non-incremental/QF_NIA/20170427-VeryMax/ITS/From_T2__nakata.t2__p5305_terminationG_0.smt2,290.826,3696,28041,成功
/pub/data/jiafq/iscas/Parser_Comparison/../benchmarks/part66/non-incremental/QF_NIA/20170427-VeryMax/ITS/From_T2__nakata.t2__p5306_terminationG_0.smt2,402.331,5244,39922,成功
/pub/data/jiafq/iscas/Parser_Comparison/../benchmarks/part66/non-incremental/QF_NIA/20170427-VeryMax/ITS/From_T2__nakata.t2__p5309_terminationG_0.smt2,196.998,2904,17895,成功
/pub/data/jiafq/iscas/Parser_Comparison/../benchmarks/part66/non-incremental/QF_NIA/20170427-VeryMax/ITS/From_T2__nakata.t2__p5310_terminationG_0.smt2,291.194,3696,27853,成功
/pub/data/jiafq/iscas/Parser_Comparison/../benchmarks/part66/non-incremental/QF_NIA/20170427-VeryMax/ITS/From_T2__nakata.t2__p5311_terminationG_0.smt2,406.674,5256,39800,成功
/pub/data/jiafq/iscas/Parser_Comparison/../benchmarks/part66/non-incremental/QF_NIA/20170427-VeryMax/ITS/From_T2__nakata.t2__p5314_terminationG_0.smt2,213.35,2904,19181,成功
/pub/data/jiafq/iscas/Parser_Comparison/../benchmarks/part66/non-incremental/QF_NIA/20170427-VeryMax/ITS/From_T2__nakata.t2__p5315_terminationG_0.smt2,310.383,3884,29535,成功
/pub/data/jiafq/iscas/Parser_Comparison/../benchmarks/part66/non-incremental/QF_NIA/20170427-VeryMax/ITS/From_T2__nakata.t2__p5316_terminationG_0.smt2,429.76,5288,41878,成功
/pub/data/jiafq/iscas/Parser_Comparison/../benchmarks/part66/non-incremental/QF_NIA/20170427-VeryMax/ITS/From_T2__nakata.t2__p5319_terminationG_0.smt2,224.785,3168,20193,成功
/pub/data/jiafq/iscas/Parser_Comparison/../benchmarks/part66/non-incremental/QF_NIA/20170427-VeryMax/ITS/From_T2__nakata.t2__p5320_terminationG_0.smt2,334.54,3936,30811,成功
/pub/data/jiafq/iscas/Parser_Comparison/../benchmarks/part66/non-incremental/QF_NIA/20170427-VeryMax/ITS/From_T2__nakata.t2__p5321_terminationG_0.smt2,448.614,5352,43442,成功
/pub/data/jiafq/iscas/Parser_Comparison/../benchmarks/part66/non-incremental/QF_NIA/20170427-VeryMax/ITS/From_T2__nakata.t2__p5324_terminationG_0.smt2,242.251,3168,21131,成功
/pub/data/jiafq/iscas/Parser_Comparison/../benchmarks/part66/non-incremental/QF_NIA/20170427-VeryMax/ITS/From_T2__nakata.t2__p5325_terminationG_0.smt2,336.684,4232,31943,成功
/pub/data/jiafq/iscas/Parser_Comparison/../benchmarks/part66/non-incremental/QF_NIA/20170427-VeryMax/ITS/From_T2__nakata.t2__p5326_terminationG_0.smt2,462.002,5668,44772,成功
/pub/data/jiafq/iscas/Parser_Comparison/../benchmarks/part66/non-incremental/QF_NIA/20170427-VeryMax/ITS/From_T2__nakata.t2__p5328_terminationG_0.smt2,248.514,3168,22084,成功
/pub/data/jiafq/iscas/Parser_Comparison/../benchmarks/part66/non-incremental/QF_NIA/20170427-VeryMax/ITS/From_T2__nakata.t2__p5330_terminationG_0.smt2,365.329,4268,33160,成功
/pub/data/jiafq/iscas/Parser_Comparison/../benchmarks/part66/non-incremental/QF_NIA/20170427-VeryMax/ITS/From_T2__nakata.t2__p5331_terminationG_0.smt2,480.19,5688,46253,成功
/pub/data/jiafq/iscas/Parser_Comparison/../benchmarks/part66/non-incremental/QF_NIA/20170427-VeryMax/ITS/From_T2__nakata.t2__p5334_terminationG_0.smt2,264.591,3648,22851,成功
/pub/data/jiafq/iscas/Parser_Comparison/../benchmarks/part66/non-incremental/QF_NIA/20170427-VeryMax/ITS/From_T2__nakata.t2__p5335_terminationG_0.smt2,373.356,5292,34125,成功
/pub/data/jiafq/iscas/Parser_Comparison/../benchmarks/part66/non-incremental/QF_NIA/20170427-VeryMax/ITS/From_T2__nakata.t2__p5336_terminationG_0.smt2,494.022,5744,47416,成功
/pub/data/jiafq/iscas/Parser_Comparison/../benchmarks/part66/non-incremental/QF_NIA/20170427-VeryMax/ITS/From_T2__nakata.t2__p5340_terminationG_0.smt2,282.733,3688,24146,成功
/pub/data/jiafq/iscas/Parser_Comparison/../benchmarks/part66/non-incremental/QF_NIA/20170427-VeryMax/ITS/From_T2__nakata.t2__p5341_terminationG_0.smt2,386.611,5356,35738,成功
/pub/data/jiafq/iscas/Parser_Comparison/../benchmarks/part66/non-incremental/QF_NIA/20170427-VeryMax/ITS/From_T2__nakata.t2__p5342_terminationG_0.smt2,527.739,6060,49347,成功
/pub/data/jiafq/iscas/Parser_Comparison/../benchmarks/part66/non-incremental/QF_NIA/20170427-VeryMax/ITS/From_T2__nakata.t2__p5344_edge_closing_0.smt2,225.595,2640,20546,成功
/pub/data/jiafq/iscas/Parser_Comparison/../benchmarks/part66/non-incremental/QF_NIA/20170427-VeryMax/ITS/From_T2__nakata.t2__p5345_edge_closing_0.smt2,318.099,3432,30225,成功
/pub/data/jiafq/iscas/Parser_Comparison/../benchmarks/part66/non-incremental/QF_NIA/20170427-VeryMax/ITS/From_T2__nakata.t2__p5346_edge_closing_0.smt2,431.527,4236,41979,成功
/pub/data/jiafq/iscas/Parser_Comparison/../benchmarks/part66/non-incremental/QF_NIA/20170427-VeryMax/ITS/From_T2__nakata.t2__p5347_edge_closing_0.smt2,184.858,2112,16658,成功
/pub/data/jiafq/iscas/Parser_Comparison/../benchmarks/part66/non-incremental/QF_NIA/20170427-VeryMax/ITS/From_T2__nakata.t2__p5348_edge_closing_0.smt2,258.796,3168,24837,成功
/pub/data/jiafq/iscas/Parser_Comparison/../benchmarks/part66/non-incremental/QF_NIA/20170427-VeryMax/ITS/From_T2__nakata.t2__p5349_edge_closing_0.smt2,355.554,3908,34708,成功
/pub/data/jiafq/iscas/Parser_Comparison/../benchmarks/part66/non-incremental/QF_NIA/20170427-VeryMax/ITS/From_T2__nakata.t2__p5351_edge_closing_0.smt2,986.453,12904,84116,成功
/pub/data/jiafq/iscas/Parser_Comparison/../benchmarks/part66/non-incremental/QF_NIA/20170427-VeryMax/ITS/From_T2__nakata.t2__p5352_edge_closing_0.smt2,1225.81,14908,108411,成功
/pub/data/jiafq/iscas/Parser_Comparison/../benchmarks/part66/non-incremental/QF_NIA/20170427-VeryMax/ITS/From_T2__nakata.t2__p5353_edge_closing_0.smt2,1531.02,19780,133974,成功
/pub/data/jiafq/iscas/Parser_Comparison/../benchmarks/part66/non-incremental/QF_NIA/20170427-VeryMax/ITS/From_T2__nakata.t2__term_unfeasibility_0_0.smt2,94.9502,1320,9527,成功
/pub/data/jiafq/iscas/Parser_Comparison/../benchmarks/part66/non-incremental/QF_NIA/20170427-VeryMax/ITS/From_T2__nakata.t2__term_unfeasibility_1_0.smt2,80.6992,1056,8292,成功
/pub/data/jiafq/iscas/Parser_Comparison/../benchmarks/part66/non-incremental/QF_NIA/20170427-VeryMax/ITS/From_T2__nakata.t2__term_unfeasibility_2_0.smt2,70.7321,792,6876,成功
/pub/data/jiafq/iscas/Parser_Comparison/../benchmarks/part66/non-incremental/QF_NIA/20170427-VeryMax/ITS/From_T2__nakata.t2__terminationQ_0_0.smt2,175.142,2640,15882,成功
/pub/data/jiafq/iscas/Parser_Comparison/../benchmarks/part66/non-incremental/QF_NIA/20170427-VeryMax/ITS/From_T2__nakata.t2__terminationQ_1_0.smt2,183.606,2640,16817,成功
/pub/data/jiafq/iscas/Parser_Comparison/../benchmarks/part66/non-incremental/QF_NIA/20170427-VeryMax/ITS/From_T2__nakata.t2__terminationQ_2_0.smt2,197.708,2904,17980,成功
/pub/data/jiafq/iscas/Parser_Comparison/../benchmarks/part66/non-incremental/QF_NIA/20170427-VeryMax/ITS/From_T2__nakata.t2__terminationQ_3_0.smt2,213.078,2904,19293,成功
/pub/data/jiafq/iscas/Parser_Comparison/../benchmarks/part66/non-incremental/QF_NIA/20170427-VeryMax/ITS/From_T2__nakata.t2__terminationQ_4_0.smt2,225.494,3168,20334,成功
/pub/data/jiafq/iscas/Parser_Comparison/../benchmarks/part66/non-incremental/QF_NIA/20170427-VeryMax/ITS/From_T2__nakata.t2__terminationQ_5_0.smt2,239.145,3168,21299,成功
/pub/data/jiafq/iscas/Parser_Comparison/../benchmarks/part66/non-incremental/QF_NIA/20170427-VeryMax/ITS/From_T2__nakata.t2__terminationQ_6_0.smt2,255.91,3168,22282,成功
/pub/data/jiafq/iscas/Parser_Comparison/../benchmarks/part66/non-incremental/QF_NIA/20170427-VeryMax/ITS/From_T2__nakata.t2__terminationQ_7_0.smt2,262.272,3648,23076,成功
/pub/data/jiafq/iscas/Parser_Comparison/../benchmarks/part66/non-incremental/QF_NIA/20170427-VeryMax/ITS/From_T2__nakata.t2__terminationS_0_0.smt2,166.56,2112,16306,成功
/pub/data/jiafq/iscas/Parser_Comparison/../benchmarks/part66/non-incremental/QF_NIA/20170427-VeryMax/ITS/From_T2__nakata.t2__terminationS_10_0.smt2,154.551,2112,14528,成功
/pub/data/jiafq/iscas/Parser_Comparison/../benchmarks/part66/non-incremental/QF_NIA/20170427-VeryMax/ITS/From_T2__nakata.t2__terminationS_11_0.smt2,149.672,1848,14117,成功
/pub/data/jiafq/iscas/Parser_Comparison/../benchmarks/part66/non-incremental/QF_NIA/20170427-VeryMax/ITS/From_T2__nakata.t2__terminationS_12_0.smt2,151.458,2112,14550,成功
/pub/data/jiafq/iscas/Parser_Comparison/../benchmarks/part66/non-incremental/QF_NIA/20170427-VeryMax/ITS/From_T2__nakata.t2__terminationS_13_0.smt2,155.357,2112,15168,成功
/pub/data/jiafq/iscas/Parser_Comparison/../benchmarks/part66/non-incremental/QF_NIA/20170427-VeryMax/ITS/From_T2__nakata.t2__terminationS_14_0.smt2,150.353,1848,14146,成功
/pub/data/jiafq/iscas/Parser_Comparison/../benchmarks/part66/non-incremental/QF_NIA/20170427-VeryMax/ITS/From_T2__nakata.t2__terminationS_1_0.smt2,170.896,2112,16243,成功
/pub/data/jiafq/iscas/Parser_Comparison/../benchmarks/part66/non-incremental/QF_NIA/20170427-VeryMax/ITS/From_T2__nakata.t2__terminationS_2_0.smt2,166.368,2112,16228,成功
/pub/data/jiafq/iscas/Parser_Comparison/../benchmarks/part66/non-incremental/QF_NIA/20170427-VeryMax/ITS/From_T2__nakata.t2__terminationS_3_0.smt2,173.137,2112,16289,成功
/pub/data/jiafq/iscas/Parser_Comparison/../benchmarks/part66/non-incremental/QF_NIA/20170427-VeryMax/ITS/From_T2__nakata.t2__terminationS_4_0.smt2,179.22,2112,16953,成功
/pub/data/jiafq/iscas/Parser_Comparison/../benchmarks/part66/non-incremental/QF_NIA/20170427-VeryMax/ITS/From_T2__nakata.t2__terminationS_5_0.smt2,172.045,2112,15888,成功
/pub/data/jiafq/iscas/Parser_Comparison/../benchmarks/part66/non-incremental/QF_NIA/20170427-VeryMax/ITS/From_T2__nakata.t2__terminationS_6_0.smt2,161.887,2112,15858,成功
/pub/data/jiafq/iscas/Parser_Comparison/../benchmarks/part66/non-incremental/QF_NIA/20170427-VeryMax/ITS/From_T2__nakata.t2__terminationS_7_0.smt2,157.498,2112,15238,成功
/pub/data/jiafq/iscas/Parser_Comparison/../benchmarks/part66/non-incremental/QF_NIA/20170427-VeryMax/ITS/From_T2__nakata.t2__terminationS_8_0.smt2,163.923,2112,15223,成功
/pub/data/jiafq/iscas/Parser_Comparison/../benchmarks/part66/non-incremental/QF_NIA/20170427-VeryMax/ITS/From_T2__nakata.t2__terminationS_9_0.smt2,157.429,2112,14836,成功
/pub/data/jiafq/iscas/Parser_Comparison/../benchmarks/part66/non-incremental/QF_NIA/20170427-VeryMax/ITS/From_T2__nakata_withassume.t2__term_unfeasibility_0_0.smt2,105.573,1320,10737,成功
/pub/data/jiafq/iscas/Parser_Comparison/../benchmarks/part66/non-incremental/QF_NIA/20170427-VeryMax/ITS/From_T2__nakata_withassume.t2__term_unfeasibility_1_0.smt2,89.7558,1056,9045,成功
/pub/data/jiafq/iscas/Parser_Comparison/../benchmarks/part66/non-incremental/QF_NIA/20170427-VeryMax/ITS/From_T2__nakata_withassume.t2__term_unfeasibility_2_0.smt2,73.7402,1056,7435,成功
/pub/data/jiafq/iscas/Parser_Comparison/../benchmarks/part66/non-incremental/QF_NIA/20170427-VeryMax/ITS/From_T2__ndes.t2__p5373_terminationG_0.smt2,287.209,3432,27403,成功
/pub/data/jiafq/iscas/Parser_Comparison/../benchmarks/part66/non-incremental/QF_NIA/20170427-VeryMax/ITS/From_T2__ndes.t2__p5374_terminationG_0.smt2,488.61,5664,47703,成功
/pub/data/jiafq/iscas/Parser_Comparison/../benchmarks/part66/non-incremental/QF_NIA/20170427-VeryMax/ITS/From_T2__ndes.t2__p5375_terminationG_0.smt2,722.367,6864,72728,成功
/pub/data/jiafq/iscas/Parser_Comparison/../benchmarks/part66/non-incremental/QF_NIA/20170427-VeryMax/ITS/From_T2__ndes.t2__term_unfeasibility_2_0.smt2,132.238,1584,13675,成功
/pub/data/jiafq/iscas/Parser_Comparison/../benchmarks/part66/non-incremental/QF_NIA/20170427-VeryMax/ITS/From_T2__ndes.t2__term_unfeasibility_3_0.smt2,140.422,1584,14986,成功
/pub/data/jiafq/iscas/Parser_Comparison/../benchmarks/part66/non-incremental/QF_NIA/20170427-VeryMax/ITS/From_T2__ndes.t2__term_unfeasibility_4_0.smt2,143.149,1584,14795,成功
/pub/data/jiafq/iscas/Parser_Comparison/../benchmarks/part66/non-incremental/QF_NIA/20170427-VeryMax/ITS/From_T2__ndes.t2__term_unfeasibility_6_0.smt2,62.6688,792,6295,成功
/pub/data/jiafq/iscas/Parser_Comparison/../benchmarks/part66/non-incremental/QF_NIA/20170427-VeryMax/ITS/From_T2__ndes.t2_fixed__p5364_terminationG_0.smt2,184.704,2624,17191,成功
/pub/data/jiafq/iscas/Parser_Comparison/../benchmarks/part66/non-incremental/QF_NIA/20170427-VeryMax/ITS/From_T2__ndes.t2_fixed__p5365_terminationG_0.smt2,317.621,3696,30424,成功
/pub/data/jiafq/iscas/Parser_Comparison/../benchmarks/part66/non-incremental/QF_NIA/20170427-VeryMax/ITS/From_T2__ndes.t2_fixed__p5366_terminationG_0.smt2,471.963,5444,46683,成功
/pub/data/jiafq/iscas/Parser_Comparison/../benchmarks/part66/non-incremental/QF_NIA/20170427-VeryMax/ITS/From_T2__ndes.t2_fixed__term_unfeasibility_2_0.smt2,89.4263,1056,8880,成功
/pub/data/jiafq/iscas/Parser_Comparison/../benchmarks/part66/non-incremental/QF_NIA/20170427-VeryMax/ITS/From_T2__ndes.t2_fixed__term_unfeasibility_3_0.smt2,91.48,1056,9149,成功
/pub/data/jiafq/iscas/Parser_Comparison/../benchmarks/part66/non-incremental/QF_NIA/20170427-VeryMax/ITS/From_T2__ndes.t2_fixed__term_unfeasibility_5_0.smt2,42.0806,528,4032,成功
/pub/data/jiafq/iscas/Parser_Comparison/../benchmarks/part66/non-incremental/QF_NIA/20170427-VeryMax/ITS/From_T2__ndes.t2_fixed__terminationS_2_0.smt2,89.5121,1056,8906,成功
/pub/data/jiafq/iscas/Parser_Comparison/../benchmarks/part66/non-incremental/QF_NIA/20170427-VeryMax/ITS/From_T2__ndes.t2_fixed__terminationS_3_0.smt2,89.1531,1056,8906,成功
/pub/data/jiafq/iscas/Parser_Comparison/../benchmarks/part66/non-incremental/QF_NIA/20170427-VeryMax/ITS/From_T2__neg-1394complete-succeed.t2__p5508_safety_0.smt2,82.9258,1056,8056,成功
/pub/data/jiafq/iscas/Parser_Comparison/../benchmarks/part66/non-incremental/QF_NIA/20170427-VeryMax/ITS/From_T2__neg-1394complete-succeed.t2__p5509_safety_0.smt2,123.343,1848,12286,成功
/pub/data/jiafq/iscas/Parser_Comparison/../benchmarks/part66/non-incremental/QF_NIA/20170427-VeryMax/ITS/From_T2__neg-1394complete-succeed.t2__p5511_safety_0.smt2,83.854,1056,8293,成功
/pub/data/jiafq/iscas/Parser_Comparison/../benchmarks/part66/non-incremental/QF_NIA/20170427-VeryMax/ITS/From_T2__neg-acqrel-fail.t2__p5618_terminationG_0.smt2,9.34815,264,607,成功
/pub/data/jiafq/iscas/Parser_Comparison/../benchmarks/part66/non-incremental/QF_NIA/20170427-VeryMax/ITS/From_T2__neg-acqrel-fail.t2__p5619_terminationG_0.smt2,12.0509,264,948,成功
/pub/data/jiafq/iscas/Parser_Comparison/../benchmarks/part66/non-incremental/QF_NIA/20170427-VeryMax/ITS/From_T2__neg-acqrel-fail.t2__p5620_terminationG_0.smt2,17.6382,264,1361,成功
/pub/data/jiafq/iscas/Parser_Comparison/../benchmarks/part66/non-incremental/QF_NIA/20170427-VeryMax/ITS/From_T2__neg-e-1394complete-fail.t2__p5758_safety_0.smt2,81.8112,1056,8293,成功
/pub/data/jiafq/iscas/Parser_Comparison/../benchmarks/part66/non-incremental/QF_NIA/20170427-VeryMax/ITS/From_T2__neg-e-1394complete-fail.t2__p5764_safety_0.smt2,83.9679,1056,8056,成功
/pub/data/jiafq/iscas/Parser_Comparison/../benchmarks/part66/non-incremental/QF_NIA/20170427-VeryMax/ITS/From_T2__neg-e-1394complete-fail.t2__p5765_safety_0.smt2,123.501,1848,12286,成功
/pub/data/jiafq/iscas/Parser_Comparison/../benchmarks/part66/non-incremental/QF_NIA/20170427-VeryMax/ITS/From_T2__neg-e-acqrel-fail.t2__p6038_safety_0.smt2,4.47464,264,347,成功
/pub/data/jiafq/iscas/Parser_Comparison/../benchmarks/part66/non-incremental/QF_NIA/20170427-VeryMax/ITS/From_T2__neg-e-acqrel-fail.t2__p6039_safety_0.smt2,7.48014,264,542,成功
/pub/data/jiafq/iscas/Parser_Comparison/../benchmarks/part66/non-incremental/QF_NIA/20170427-VeryMax/ITS/From_T2__neg-e-acqrel-succeed.t2__p6056_safety_0.smt2,4.89259,264,353,成功
/pub/data/jiafq/iscas/Parser_Comparison/../benchmarks/part66/non-incremental/QF_NIA/20170427-VeryMax/ITS/From_T2__neg-e-acqrel-succeed.t2__p6057_safety_0.smt2,6.97994,264,548,成功
/pub/data/jiafq/iscas/Parser_Comparison/../benchmarks/part66/non-incremental/QF_NIA/20170427-VeryMax/ITS/From_T2__neg-st88b-fail.t2__p6140_terminationG_0.smt2,36.5064,528,3446,成功
/pub/data/jiafq/iscas/Parser_Comparison/../benchmarks/part66/non-incremental/QF_NIA/20170427-VeryMax/ITS/From_T2__nested2.t2_fixed__term_unfeasibility_0_0.smt2,7.3421,264,518,成功
/pub/data/jiafq/iscas/Parser_Comparison/../benchmarks/part66/non-incremental/QF_NIA/20170427-VeryMax/ITS/From_T2__non_term.t2__p6235_terminationG_0.smt2,7.25007,264,517,成功
/pub/data/jiafq/iscas/Parser_Comparison/../benchmarks/part66/non-incremental/QF_NIA/20170427-VeryMax/ITS/From_T2__non_term.t2__p6236_terminationG_0.smt2,10.5753,264,768,成功
/pub/data/jiafq/iscas/Parser_Comparison/../benchmarks/part66/non-incremental/QF_NIA/20170427-VeryMax/ITS/From_T2__non_term.t2__p6239_terminationG_0.smt2,6.75321,264,421,成功
/pub/data/jiafq/iscas/Parser_Comparison/../benchmarks/part66/non-incremental/QF_NIA/20170427-VeryMax/ITS/From_T2__non_term.t2__p6240_terminationG_0.smt2,9.4521,264,642,成功
/pub/data/jiafq/iscas/Parser_Comparison/../benchmarks/part66/non-incremental/QF_NIA/20170427-VeryMax/ITS/From_T2__non_term.t2__p6241_terminationG_0.smt2,12.0528,264,911,成功
/pub/data/jiafq/iscas/Parser_Comparison/../benchmarks/part66/non-incremental/QF_NIA/20170427-VeryMax/ITS/From_T2__non_term.t2__p6244_terminationG_0.smt2,7.13015,264,433,成功
/pub/data/jiafq/iscas/Parser_Comparison/../benchmarks/part66/non-incremental/QF_NIA/20170427-VeryMax/ITS/From_T2__non_term.t2__p6245_terminationG_0.smt2,8.55637,264,654,成功
/pub/data/jiafq/iscas/Parser_Comparison/../benchmarks/part66/non-incremental/QF_NIA/20170427-VeryMax/ITS/From_T2__non_term.t2__p6246_terminationG_0.smt2,11.4105,264,923,成功
/pub/data/jiafq/iscas/Parser_Comparison/../benchmarks/part66/non-incremental/QF_NIA/20170427-VeryMax/ITS/From_T2__non_term.t2__p6249_terminationG_0.smt2,7.42173,264,486,成功
/pub/data/jiafq/iscas/Parser_Comparison/../benchmarks/part66/non-incremental/QF_NIA/20170427-VeryMax/ITS/From_T2__non_term.t2__p6250_terminationG_0.smt2,9.24325,264,707,成功
/pub/data/jiafq/iscas/Parser_Comparison/../benchmarks/part66/non-incremental/QF_NIA/20170427-VeryMax/ITS/From_T2__non_term.t2__p6251_terminationG_0.smt2,12.8276,264,976,成功
/pub/data/jiafq/iscas/Parser_Comparison/../benchmarks/part66/non-incremental/QF_NIA/20170427-VeryMax/ITS/From_T2__ns.t2__p6275_terminationG_0.smt2,43.7684,792,3809,成功
/pub/data/jiafq/iscas/Parser_Comparison/../benchmarks/part66/non-incremental/QF_NIA/20170427-VeryMax/ITS/From_T2__ns.t2__p6276_terminationG_0.smt2,66.4749,792,6235,成功
/pub/data/jiafq/iscas/Parser_Comparison/../benchmarks/part66/non-incremental/QF_NIA/20170427-VeryMax/ITS/From_T2__ns.t2__p6277_terminationG_0.smt2,97.544,1320,9220,成功
/pub/data/jiafq/iscas/Parser_Comparison/../benchmarks/part66/non-incremental/QF_NIA/20170427-VeryMax/ITS/From_T2__ns.t2__p6282_terminationG_0.smt2,85.757,1056,8070,成功
/pub/data/jiafq/iscas/Parser_Comparison/../benchmarks/part66/non-incremental/QF_NIA/20170427-VeryMax/ITS/From_T2__ns.t2_fixed__p6267_terminationG_0.smt2,37.5352,528,3319,成功
/pub/data/jiafq/iscas/Parser_Comparison/../benchmarks/part66/non-incremental/QF_NIA/20170427-VeryMax/ITS/From_T2__ns.t2_fixed__p6268_terminationG_0.smt2,54.6081,792,5287,成功
/pub/data/jiafq/iscas/Parser_Comparison/../benchmarks/part66/non-incremental/QF_NIA/20170427-VeryMax/ITS/From_T2__ns.t2_fixed__term_unfeasibility_0_0.smt2,12.9561,264,1089,成功
/pub/data/jiafq/iscas/Parser_Comparison/../benchmarks/part66/non-incremental/QF_NIA/20170427-VeryMax/ITS/From_T2__oct_vs_subpoly.t2__p6289_terminationG_0.smt2,3.81541,264,273,成功
/pub/data/jiafq/iscas/Parser_Comparison/../benchmarks/part66/non-incremental/QF_NIA/20170427-VeryMax/ITS/From_T2__oct_vs_subpoly.t2__p6290_terminationG_0.smt2,6.57439,264,470,成功
/pub/data/jiafq/iscas/Parser_Comparison/../benchmarks/part66/non-incremental/QF_NIA/20170427-VeryMax/ITS/From_T2__oct_vs_subpoly.t2__p6291_terminationG_0.smt2,9.05848,264,711,成功
/pub/data/jiafq/iscas/Parser_Comparison/../benchmarks/part66/non-incremental/QF_NIA/20170427-VeryMax/ITS/From_T2__oct_vs_subpoly.t2__p6294_terminationG_0.smt2,4.38595,264,310,成功
/pub/data/jiafq/iscas/Parser_Comparison/../benchmarks/part66/non-incremental/QF_NIA/20170427-VeryMax/ITS/From_T2__oct_vs_subpoly.t2__p6295_terminationG_0.smt2,7.00927,264,506,成功
/pub/data/jiafq/iscas/Parser_Comparison/../benchmarks/part66/non-incremental/QF_NIA/20170427-VeryMax/ITS/From_T2__oct_vs_subpoly.t2__p6296_terminationG_0.smt2,9.52029,264,747,成功
/pub/data/jiafq/iscas/Parser_Comparison/../benchmarks/part66/non-incremental/QF_NIA/20170427-VeryMax/ITS/From_T2__oct_vs_subpoly.t2__p6299_terminationG_0.smt2,6.20079,264,365,成功
/pub/data/jiafq/iscas/Parser_Comparison/../benchmarks/part66/non-incremental/QF_NIA/20170427-VeryMax/ITS/From_T2__oct_vs_subpoly.t2__p6300_terminationG_0.smt2,8.01706,264,571,成功
/pub/data/jiafq/iscas/Parser_Comparison/../benchmarks/part66/non-incremental/QF_NIA/20170427-VeryMax/ITS/From_T2__oct_vs_subpoly.t2__p6301_terminationG_0.smt2,10.7169,264,824,成功
/pub/data/jiafq/iscas/Parser_Comparison/../benchmarks/part66/non-incremental/QF_NIA/20170427-VeryMax/ITS/From_T2__oct_vs_subpoly.t2__p6304_terminationG_0.smt2,7.25579,264,439,成功
/pub/data/jiafq/iscas/Parser_Comparison/../benchmarks/part66/non-incremental/QF_NIA/20170427-VeryMax/ITS/From_T2__oct_vs_subpoly.t2__p6305_terminationG_0.smt2,8.96311,264,662,成功
/pub/data/jiafq/iscas/Parser_Comparison/../benchmarks/part66/non-incremental/QF_NIA/20170427-VeryMax/ITS/From_T2__oct_vs_subpoly.t2__p6306_terminationG_0.smt2,11.5445,264,933,成功
/pub/data/jiafq/iscas/Parser_Comparison/../benchmarks/part66/non-incremental/QF_NIA/20170427-VeryMax/ITS/From_T2__oct_vs_subpoly.t2__p6309_terminationG_0.smt2,7.45296,264,486,成功
/pub/data/jiafq/iscas/Parser_Comparison/../benchmarks/part66/non-incremental/QF_NIA/20170427-VeryMax/ITS/From_T2__oct_vs_subpoly.t2__p6310_terminationG_0.smt2,9.40585,264,703,成功
/pub/data/jiafq/iscas/Parser_Comparison/../benchmarks/part66/non-incremental/QF_NIA/20170427-VeryMax/ITS/From_T2__oct_vs_subpoly.t2__p6311_terminationG_0.smt2,12.0559,264,968,成功
/pub/data/jiafq/iscas/Parser_Comparison/../benchmarks/part66/non-incremental/QF_NIA/20170427-VeryMax/ITS/From_T2__oct_vs_subpoly.t2__p6314_terminationG_0.smt2,8.68702,264,561,成功
/pub/data/jiafq/iscas/Parser_Comparison/../benchmarks/part66/non-incremental/QF_NIA/20170427-VeryMax/ITS/From_T2__oct_vs_subpoly.t2__p6315_terminationG_0.smt2,10.2966,264,796,成功
/pub/data/jiafq/iscas/Parser_Comparison/../benchmarks/part66/non-incremental/QF_NIA/20170427-VeryMax/ITS/From_T2__oct_vs_subpoly.t2__p6316_terminationG_0.smt2,13.4952,264,1079,成功
/pub/data/jiafq/iscas/Parser_Comparison/../benchmarks/part66/non-incremental/QF_NIA/20170427-VeryMax/ITS/From_T2__oct_vs_subpoly.t2__terminationQ_5_0.smt2,9.07445,264,585,成功
/pub/data/jiafq/iscas/Parser_Comparison/../benchmarks/part66/non-incremental/QF_NIA/20170427-VeryMax/ITS/From_T2__opt-tree.c.t2__p6327_terminationG_0.smt2,89.9649,1320,9078,成功
/pub/data/jiafq/iscas/Parser_Comparison/../benchmarks/part66/non-incremental/QF_NIA/20170427-VeryMax/ITS/From_T2__opt-tree.c.t2__p6333_terminationG_0.smt2,25.5656,528,2208,成功
/pub/data/jiafq/iscas/Parser_Comparison/../benchmarks/part66/non-incremental/QF_NIA/20170427-VeryMax/ITS/From_T2__opt-tree.c.t2__p6335_terminationG_0.smt2,54.0895,792,5098,成功
/pub/data/jiafq/iscas/Parser_Comparison/../benchmarks/part66/non-incremental/QF_NIA/20170427-VeryMax/ITS/From_T2__opt-tree.c.t2__p6338_terminationG_0.smt2,175.494,2640,15187,成功
/pub/data/jiafq/iscas/Parser_Comparison/../benchmarks/part66/non-incremental/QF_NIA/20170427-VeryMax/ITS/From_T2__opt-tree.c.t2__p6339_terminationG_0.smt2,249.689,3432,22719,成功
/pub/data/jiafq/iscas/Parser_Comparison/../benchmarks/part66/non-incremental/QF_NIA/20170427-VeryMax/ITS/From_T2__opt-tree.c.t2__p6340_terminationG_0.smt2,325.675,4228,31293,成功
/pub/data/jiafq/iscas/Parser_Comparison/../benchmarks/part66/non-incremental/QF_NIA/20170427-VeryMax/ITS/From_T2__opt-tree.c.t2__p6343_terminationG_0.smt2,165.658,2640,13842,成功
/pub/data/jiafq/iscas/Parser_Comparison/../benchmarks/part66/non-incremental/QF_NIA/20170427-VeryMax/ITS/From_T2__opt-tree.c.t2__p6344_terminationG_0.smt2,232.13,3168,21196,成功
/pub/data/jiafq/iscas/Parser_Comparison/../benchmarks/part66/non-incremental/QF_NIA/20170427-VeryMax/ITS/From_T2__opt-tree.c.t2__p6345_terminationG_0.smt2,312.216,3964,29602,成功
/pub/data/jiafq/iscas/Parser_Comparison/../benchmarks/part66/non-incremental/QF_NIA/20170427-VeryMax/ITS/From_T2__opt-tree.c.t2__p6366_terminationG_0.smt2,279.577,4008,24741,成功
/pub/data/jiafq/iscas/Parser_Comparison/../benchmarks/part66/non-incremental/QF_NIA/20170427-VeryMax/ITS/From_T2__opt-tree.c.t2__p6367_terminationG_0.smt2,413.064,5460,36625,成功
/pub/data/jiafq/iscas/Parser_Comparison/../benchmarks/part66/non-incremental/QF_NIA/20170427-VeryMax/ITS/From_T2__opt-tree.c.t2__p6368_terminationG_0.smt2,542.43,6440,50157,成功
/pub/data/jiafq/iscas/Parser_Comparison/../benchmarks/part66/non-incremental/QF_NIA/20170427-VeryMax/ITS/From_T2__opt-tree.c.t2__terminationS_0_0.smt2,175.573,2376,15488,成功
/pub/data/jiafq/iscas/Parser_Comparison/../benchmarks/part66/non-incremental/QF_NIA/20170427-VeryMax/ITS/From_T2__opt-tree.c.t2__terminationS_1_0.smt2,170.196,2112,15290,成功
/pub/data/jiafq/iscas/Parser_Comparison/../benchmarks/part66/non-incremental/QF_NIA/20170427-VeryMax/ITS/From_T2__opt-tree.c.t2__terminationS_2_0.smt2,172.085,2376,15578,成功
/pub/data/jiafq/iscas/Parser_Comparison/../benchmarks/part66/non-incremental/QF_NIA/20170427-VeryMax/ITS/From_T2__opt-tree.c.t2__terminationS_3_0.smt2,172.5,2112,15380,成功
/pub/data/jiafq/iscas/Parser_Comparison/../benchmarks/part66/non-incremental/QF_NIA/20170427-VeryMax/ITS/From_T2__p-32.t2__p6465_terminationG_0.smt2,14.7381,264,1141,成功
/pub/data/jiafq/iscas/Parser_Comparison/../benchmarks/part66/non-incremental/QF_NIA/20170427-VeryMax/ITS/From_T2__p-32.t2__p6471_terminationG_0.smt2,10.9704,264,804,成功
/pub/data/jiafq/iscas/Parser_Comparison/../benchmarks/part66/non-incremental/QF_NIA/20170427-VeryMax/ITS/From_T2__p-32.t2__p6472_terminationG_0.smt2,15.1615,264,1180,成功
/pub/data/jiafq/iscas/Parser_Comparison/../benchmarks/part66/non-incremental/QF_NIA/20170427-VeryMax/ITS/From_T2__p-33.t2__p6495_terminationG_0.smt2,27.4329,528,2276,成功
/pub/data/jiafq/iscas/Parser_Comparison/../benchmarks/part66/non-incremental/QF_NIA/20170427-VeryMax/ITS/From_T2__p-33.t2__p6496_terminationG_0.smt2,36.0942,528,3188,成功
/pub/data/jiafq/iscas/Parser_Comparison/../benchmarks/part66/non-incremental/QF_NIA/20170427-VeryMax/ITS/From_T2__p-33.t2__p6500_edge_closing_0.smt2,33.8097,528,2763,成功
/pub/data/jiafq/iscas/Parser_Comparison/../benchmarks/part66/non-incremental/QF_NIA/20170427-VeryMax/ITS/From_T2__p-33.t2__p6501_edge_closing_0.smt2,44.3532,792,3880,成功
/pub/data/jiafq/iscas/Parser_Comparison/../benchmarks/part66/non-incremental/QF_NIA/20170427-VeryMax/ITS/From_T2__p-43-terminate.t2__p6637_terminationG_0.smt2,35.841,528,2891,成功
/pub/data/jiafq/iscas/Parser_Comparison/../benchmarks/part66/non-incremental/QF_NIA/20170427-VeryMax/ITS/From_T2__p-43-terminate.t2__p6638_terminationG_0.smt2,45.8803,792,4023,成功
/pub/data/jiafq/iscas/Parser_Comparison/../benchmarks/part66/non-incremental/QF_NIA/20170427-VeryMax/ITS/From_T2__p-43-terminate.t2__p6641_terminationG_0.smt2,119.58,1584,10899,成功
/pub/data/jiafq/iscas/Parser_Comparison/../benchmarks/part66/non-incremental/QF_NIA/20170427-VeryMax/ITS/From_T2__p-43-terminate.t2__p6642_terminationG_0.smt2,184.761,2640,16945,成功
/pub/data/jiafq/iscas/Parser_Comparison/../benchmarks/part66/non-incremental/QF_NIA/20170427-VeryMax/ITS/From_T2__p-43-terminate.t2__p6643_terminationG_0.smt2,263.558,3168,24159,成功
/pub/data/jiafq/iscas/Parser_Comparison/../benchmarks/part66/non-incremental/QF_NIA/20170427-VeryMax/ITS/From_T2__p-43-terminate.t2__term_unfeasibility_1_0.smt2,52.2654,792,4850,成功
/pub/data/jiafq/iscas/Parser_Comparison/../benchmarks/part66/non-incremental/QF_NIA/20170427-VeryMax/ITS/From_T2__p-43-terminate.t2_fixed__p6614_terminationG_0.smt2,60.8764,792,5446,成功
/pub/data/jiafq/iscas/Parser_Comparison/../benchmarks/part66/non-incremental/QF_NIA/20170427-VeryMax/ITS/From_T2__p-43-terminate.t2_fixed__p6623_terminationG_0.smt2,50.4706,792,4247,成功
/pub/data/jiafq/iscas/Parser_Comparison/../benchmarks/part66/non-incremental/QF_NIA/20170427-VeryMax/ITS/From_T2__p-43-terminate.t2_fixed__p6624_terminationG_0.smt2,66.0133,1056,5818,成功
/pub/data/jiafq/iscas/Parser_Comparison/../benchmarks/part66/non-incremental/QF_NIA/20170427-VeryMax/ITS/From_T2__p-43-terminate.t2_fixed__p6627_terminationG_0.smt2,134.236,1848,12284,成功
/pub/data/jiafq/iscas/Parser_Comparison/../benchmarks/part66/non-incremental/QF_NIA/20170427-VeryMax/ITS/From_T2__p-43-terminate.t2_fixed__p6628_terminationG_0.smt2,204.31,2640,18604,成功
/pub/data/jiafq/iscas/Parser_Comparison/../benchmarks/part66/non-incremental/QF_NIA/20170427-VeryMax/ITS/From_T2__p-43-terminate.t2_fixed__p6629_terminationG_0.smt2,273.291,3168,26028,成功
/pub/data/jiafq/iscas/Parser_Comparison/../benchmarks/part66/non-incremental/QF_NIA/20170427-VeryMax/ITS/From_T2__p-43-terminate.t2_fixed__term_unfeasibility_1_0.smt2,61.3031,792,5872,成功
/pub/data/jiafq/iscas/Parser_Comparison/../benchmarks/part66/non-incremental/QF_NIA/20170427-VeryMax/ITS/From_T2__p-43-terminate.t2_fixed__terminationS_0_0.smt2,80.5337,1056,7878,成功
/pub/data/jiafq/iscas/Parser_Comparison/../benchmarks/part66/non-incremental/QF_NIA/20170427-VeryMax/ITS/From_T2__p-43-terminate.t2_fixed__terminationS_1_0.smt2,83.6928,1056,7878,成功
/pub/data/jiafq/iscas/Parser_Comparison/../benchmarks/part66/non-incremental/QF_NIA/20170427-VeryMax/ITS/From_T2__p-43.t2_fixed__p6580_terminationG_0.smt2,29.5115,528,2503,成功
/pub/data/jiafq/iscas/Parser_Comparison/../benchmarks/part66/non-incremental/QF_NIA/20170427-VeryMax/ITS/From_T2__p-43.t2_fixed__p6585_terminationG_0.smt2,29.5751,528,2501,成功
/pub/data/jiafq/iscas/Parser_Comparison/../benchmarks/part66/non-incremental/QF_NIA/20170427-VeryMax/ITS/From_T2__p-43.t2_fixed__p6586_terminationG_0.smt2,39.7861,528,3466,成功
/pub/data/jiafq/iscas/Parser_Comparison/../benchmarks/part66/non-incremental/QF_NIA/20170427-VeryMax/ITS/From_T2__p-46.t2__p6676_terminationG_0.smt2,32.577,528,2720,成功
/pub/data/jiafq/iscas/Parser_Comparison/../benchmarks/part66/non-incremental/QF_NIA/20170427-VeryMax/ITS/From_T2__p-46.t2__p6681_terminationG_0.smt2,32.6114,528,2726,成功
/pub/data/jiafq/iscas/Parser_Comparison/../benchmarks/part66/non-incremental/QF_NIA/20170427-VeryMax/ITS/From_T2__p-46.t2__p6685_terminationG_0.smt2,23.0381,528,1946,成功
/pub/data/jiafq/iscas/Parser_Comparison/../benchmarks/part66/non-incremental/QF_NIA/20170427-VeryMax/ITS/From_T2__p-46.t2__p6686_terminationG_0.smt2,33.0305,528,2724,成功
/pub/data/jiafq/iscas/Parser_Comparison/../benchmarks/part66/non-incremental/QF_NIA/20170427-VeryMax/ITS/From_T2__p-46.t2_fixed__p6659_terminationG_0.smt2,29.3856,528,2354,成功
/pub/data/jiafq/iscas/Parser_Comparison/../benchmarks/part66/non-incremental/QF_NIA/20170427-VeryMax/ITS/From_T2__p-46.t2_fixed__p6664_terminationG_0.smt2,29.4657,528,2358,成功
/pub/data/jiafq/iscas/Parser_Comparison/../benchmarks/part66/non-incremental/QF_NIA/20170427-VeryMax/ITS/From_T2__p-46.t2_fixed__p6665_terminationG_0.smt2,38.584,528,3204,成功
/pub/data/jiafq/iscas/Parser_Comparison/../benchmarks/part66/non-incremental/QF_NIA/20170427-VeryMax/ITS/From_T2__p-5.t2__p6852_terminationG_0.smt2,59.6483,792,5183,成功
/pub/data/jiafq/iscas/Parser_Comparison/../benchmarks/part66/non-incremental/QF_NIA/20170427-VeryMax/ITS/From_T2__p-5.t2__p6855_terminationG_0.smt2,23.7098,528,1791,成功
/pub/data/jiafq/iscas/Parser_Comparison/../benchmarks/part66/non-incremental/QF_NIA/20170427-VeryMax/ITS/From_T2__p-5.t2__p6856_terminationG_0.smt2,36.6552,528,2977,成功
/pub/data/jiafq/iscas/Parser_Comparison/../benchmarks/part66/non-incremental/QF_NIA/20170427-VeryMax/ITS/From_T2__p-5.t2__p6857_terminationG_0.smt2,50.2174,792,4349,成功
/pub/data/jiafq/iscas/Parser_Comparison/../benchmarks/part66/non-incremental/QF_NIA/20170427-VeryMax/ITS/From_T2__p-5.t2__p6859_edge_closing_0.smt2,119.418,1584,9753,成功
/pub/data/jiafq/iscas/Parser_Comparison/../benchmarks/part66/non-incremental/QF_NIA/20170427-VeryMax/ITS/From_T2__p-5.t2__p6860_edge_closing_0.smt2,151.492,2112,12458,成功
/pub/data/jiafq/iscas/Parser_Comparison/../benchmarks/part66/non-incremental/QF_NIA/20170427-VeryMax/ITS/From_T2__p-5.t2__p6861_edge_closing_0.smt2,179.308,2640,15274,成功
/pub/data/jiafq/iscas/Parser_Comparison/../benchmarks/part66/non-incremental/QF_NIA/20170427-VeryMax/ITS/From_T2__p-5.t2__p6866_edge_closing_0.smt2,92.8369,1320,7602,成功
/pub/data/jiafq/iscas/Parser_Comparison/../benchmarks/part66/non-incremental/QF_NIA/20170427-VeryMax/ITS/From_T2__p-5.t2__p6867_edge_closing_0.smt2,117.627,1584,9812,成功
/pub/data/jiafq/iscas/Parser_Comparison/../benchmarks/part66/non-incremental/QF_NIA/20170427-VeryMax/ITS/From_T2__p-5.t2__p6868_edge_closing_0.smt2,139.152,1848,12172,成功
/pub/data/jiafq/iscas/Parser_Comparison/../benchmarks/part66/non-incremental/QF_NIA/20170427-VeryMax/ITS/From_T2__p-5.t2__p6872_edge_closing_0.smt2,87.3182,1056,6903,成功
/pub/data/jiafq/iscas/Parser_Comparison/../benchmarks/part66/non-incremental/QF_NIA/20170427-VeryMax/ITS/From_T2__p-5.t2__p6873_edge_closing_0.smt2,108.69,1584,8893,成功
/pub/data/jiafq/iscas/Parser_Comparison/../benchmarks/part66/non-incremental/QF_NIA/20170427-VeryMax/ITS/From_T2__p-5.t2__p6874_edge_closing_0.smt2,129.864,1584,11055,成功
/pub/data/jiafq/iscas/Parser_Comparison/../benchmarks/part66/non-incremental/QF_NIA/20170427-VeryMax/ITS/From_T2__p-5.t2_fixed__p6774_terminationG_0.smt2,56.6912,792,4884,成功
/pub/data/jiafq/iscas/Parser_Comparison/../benchmarks/part66/non-incremental/QF_NIA/20170427-VeryMax/ITS/From_T2__p-5.t2_fixed__p6777_terminationG_0.smt2,23.1323,528,1758,成功
/pub/data/jiafq/iscas/Parser_Comparison/../benchmarks/part66/non-incremental/QF_NIA/20170427-VeryMax/ITS/From_T2__p-5.t2_fixed__p6778_terminationG_0.smt2,33.7315,528,2863,成功
/pub/data/jiafq/iscas/Parser_Comparison/../benchmarks/part66/non-incremental/QF_NIA/20170427-VeryMax/ITS/From_T2__p-5.t2_fixed__p6779_terminationG_0.smt2,47.4865,792,4136,成功
/pub/data/jiafq/iscas/Parser_Comparison/../benchmarks/part66/non-incremental/QF_NIA/20170427-VeryMax/ITS/From_T2__p-5.t2_fixed__p6781_edge_closing_0.smt2,117.364,1584,9866,成功
/pub/data/jiafq/iscas/Parser_Comparison/../benchmarks/part66/non-incremental/QF_NIA/20170427-VeryMax/ITS/From_T2__p-5.t2_fixed__p6782_edge_closing_0.smt2,148.045,2112,12367,成功
/pub/data/jiafq/iscas/Parser_Comparison/../benchmarks/part66/non-incremental/QF_NIA/20170427-VeryMax/ITS/From_T2__p-5.t2_fixed__p6783_edge_closing_0.smt2,170.241,2640,14990,成功
/pub/data/jiafq/iscas/Parser_Comparison/../benchmarks/part66/non-incremental/QF_NIA/20170427-VeryMax/ITS/From_T2__p-5.t2_fixed__p6788_edge_closing_0.smt2,94.502,1320,7481,成功
/pub/data/jiafq/iscas/Parser_Comparison/../benchmarks/part66/non-incremental/QF_NIA/20170427-VeryMax/ITS/From_T2__p-5.t2_fixed__p6789_edge_closing_0.smt2,109.685,1584,9519,成功
/pub/data/jiafq/iscas/Parser_Comparison/../benchmarks/part66/non-incremental/QF_NIA/20170427-VeryMax/ITS/From_T2__p-5.t2_fixed__p6790_edge_closing_0.smt2,130.31,1848,11701,成功
/pub/data/jiafq/iscas/Parser_Comparison/../benchmarks/part66/non-incremental/QF_NIA/20170427-VeryMax/ITS/From_T2__p.t2__p8313_terminationG_0.smt2,189.495,2640,18345,成功
/pub/data/jiafq/iscas/Parser_Comparison/../benchmarks/part66/non-incremental/QF_NIA/20170427-VeryMax/ITS/From_T2__p.t2__p8314_terminationG_0.smt2,299.285,3432,29857,成功
/pub/data/jiafq/iscas/Parser_Comparison/../benchmarks/part66/non-incremental/QF_NIA/20170427-VeryMax/ITS/From_T2__p.t2__p8315_terminationG_0.smt2,428.494,5136,43753,成功
/pub/data/jiafq/iscas/Parser_Comparison/../benchmarks/part66/non-incremental/QF_NIA/20170427-VeryMax/ITS/From_T2__p.t2__p8318_terminationG_0.smt2,178.259,2640,16119,成功
/pub/data/jiafq/iscas/Parser_Comparison/../benchmarks/part66/non-incremental/QF_NIA/20170427-VeryMax/ITS/From_T2__p.t2__p8319_terminationG_0.smt2,264.939,3168,26290,成功
/pub/data/jiafq/iscas/Parser_Comparison/../benchmarks/part66/non-incremental/QF_NIA/20170427-VeryMax/ITS/From_T2__p.t2__p8320_terminationG_0.smt2,380.608,4824,38555,成功
/pub/data/jiafq/iscas/Parser_Comparison/../benchmarks/part66/non-incremental/QF_NIA/20170427-VeryMax/ITS/From_T2__p.t2__p8324_safety_0.smt2,108.669,1320,11313,成功
/pub/data/jiafq/iscas/Parser_Comparison/../benchmarks/part66/non-incremental/QF_NIA/20170427-VeryMax/ITS/From_T2__p.t2__p8325_safety_0.smt2,211.594,2600,24351,成功
/pub/data/jiafq/iscas/Parser_Comparison/../benchmarks/part66/non-incremental/QF_NIA/20170427-VeryMax/ITS/From_T2__p.t2__p8326_safety_0.smt2,353.669,3168,40313,成功
/pub/data/jiafq/iscas/Parser_Comparison/../benchmarks/part66/non-incremental/QF_NIA/20170427-VeryMax/ITS/From_T2__p.t2__terminationS_0_0.smt2,85.6972,1056,8483,成功
/pub/data/jiafq/iscas/Parser_Comparison/../benchmarks/part66/non-incremental/QF_NIA/20170427-VeryMax/ITS/From_T2__p.t2__terminationS_1_0.smt2,87.6191,1056,8528,成功
/pub/data/jiafq/iscas/Parser_Comparison/../benchmarks/part66/non-incremental/QF_NIA/20170427-VeryMax/ITS/From_T2__p.t2__terminationS_2_0.smt2,87.652,1056,8510,成功
/pub/data/jiafq/iscas/Parser_Comparison/../benchmarks/part66/non-incremental/QF_NIA/20170427-VeryMax/ITS/From_T2__p.t2__terminationS_3_0.smt2,84.666,1056,8297,成功
/pub/data/jiafq/iscas/Parser_Comparison/../benchmarks/part66/non-incremental/QF_NIA/20170427-VeryMax/ITS/From_T2__p.t2__terminationS_4_0.smt2,83.2753,1056,8032,成功
/pub/data/jiafq/iscas/Parser_Comparison/../benchmarks/part66/non-incremental/QF_NIA/20170427-VeryMax/ITS/From_T2__p.t2__terminationS_5_0.smt2,81.9886,1056,8003,成功
/pub/data/jiafq/iscas/Parser_Comparison/../benchmarks/part66/non-incremental/QF_NIA/20170427-VeryMax/ITS/From_T2__p.t2__terminationS_6_0.smt2,86.6311,1056,8466,成功
/pub/data/jiafq/iscas/Parser_Comparison/../benchmarks/part66/non-incremental/QF_NIA/20170427-VeryMax/ITS/From_T2__p_armc.t2__p6944_terminationG_0.smt2,138.869,2112,11134,成功
/pub/data/jiafq/iscas/Parser_Comparison/../benchmarks/part66/non-incremental/QF_NIA/20170427-VeryMax/ITS/From_T2__p_armc.t2__p6945_terminationG_0.smt2,185.314,2904,16070,成功
/pub/data/jiafq/iscas/Parser_Comparison/../benchmarks/part66/non-incremental/QF_NIA/20170427-VeryMax/ITS/From_T2__p_armc.t2__p6946_terminationG_0.smt2,240.894,3168,21677,成功
/pub/data/jiafq/iscas/Parser_Comparison/../benchmarks/part66/non-incremental/QF_NIA/20170427-VeryMax/ITS/From_T2__p_armc.t2__p6949_terminationG_0.smt2,143.46,2112,11622,成功
/pub/data/jiafq/iscas/Parser_Comparison/../benchmarks/part66/non-incremental/QF_NIA/20170427-VeryMax/ITS/From_T2__p_armc.t2__p6950_terminationG_0.smt2,191.584,2904,16510,成功
/pub/data/jiafq/iscas/Parser_Comparison/../benchmarks/part66/non-incremental/QF_NIA/20170427-VeryMax/ITS/From_T2__p_armc.t2__p6951_terminationG_0.smt2,236.147,3168,21986,成功
/pub/data/jiafq/iscas/Parser_Comparison/../benchmarks/part66/non-incremental/QF_NIA/20170427-VeryMax/ITS/From_T2__p_armc.t2__p6954_edge_closing_0.smt2,468.52,6348,38808,成功
/pub/data/jiafq/iscas/Parser_Comparison/../benchmarks/part66/non-incremental/QF_NIA/20170427-VeryMax/ITS/From_T2__p_armc.t2__p6955_edge_closing_0.smt2,580.112,7336,48950,成功
/pub/data/jiafq/iscas/Parser_Comparison/../benchmarks/part66/non-incremental/QF_NIA/20170427-VeryMax/ITS/From_T2__p_armc.t2__p6956_edge_closing_0.smt2,693.799,10116,59754,成功
/pub/data/jiafq/iscas/Parser_Comparison/../benchmarks/part66/non-incremental/QF_NIA/20170427-VeryMax/ITS/From_T2__p_armc.t2__terminationQ_0_0.smt2,137.788,2112,11643,成功
/pub/data/jiafq/iscas/Parser_Comparison/../benchmarks/part66/non-incremental/QF_NIA/20170427-VeryMax/ITS/From_T2__p_armc.t2__terminationS_3_0.smt2,90.1592,1320,8406,成功
/pub/data/jiafq/iscas/Parser_Comparison/../benchmarks/part66/non-incremental/QF_NIA/20170427-VeryMax/ITS/From_T2__p_armc.t2__terminationS_4_0.smt2,90.0519,1320,8363,成功
/pub/data/jiafq/iscas/Parser_Comparison/../benchmarks/part66/non-incremental/QF_NIA/20170427-VeryMax/ITS/From_T2__p_armc.t2__terminationS_5_0.smt2,91.3346,1320,8381,成功
/pub/data/jiafq/iscas/Parser_Comparison/../benchmarks/part66/non-incremental/QF_NIA/20170427-VeryMax/ITS/From_T2__p_armc.t2__terminationS_6_0.smt2,90.0898,1320,8397,成功
/pub/data/jiafq/iscas/Parser_Comparison/../benchmarks/part66/non-incremental/QF_NIA/20170427-VeryMax/ITS/From_T2__pentagon.t2__p6978_terminationG_0.smt2,32.3014,528,2946,成功
/pub/data/jiafq/iscas/Parser_Comparison/../benchmarks/part66/non-incremental/QF_NIA/20170427-VeryMax/ITS/From_T2__pentagon.t2__p6979_terminationG_0.smt2,49.4576,792,4740,成功
/pub/data/jiafq/iscas/Parser_Comparison/../benchmarks/part66/non-incremental/QF_NIA/20170427-VeryMax/ITS/From_T2__pentagon.t2__p6980_terminationG_0.smt2,65.7618,792,6914,成功
/pub/data/jiafq/iscas/Parser_Comparison/../benchmarks/part66/non-incremental/QF_NIA/20170427-VeryMax/ITS/From_T2__pentagon.t2__p6984_edge_closing_0.smt2,59.9082,792,5269,成功
/pub/data/jiafq/iscas/Parser_Comparison/../benchmarks/part66/non-incremental/QF_NIA/20170427-VeryMax/ITS/From_T2__pentagon.t2__p6985_edge_closing_0.smt2,84.2795,1056,7718,成功
/pub/data/jiafq/iscas/Parser_Comparison/../benchmarks/part66/non-incremental/QF_NIA/20170427-VeryMax/ITS/From_T2__pentagon.t2__p6989_edge_closing_0.smt2,13.2568,264,985,成功
/pub/data/jiafq/iscas/Parser_Comparison/../benchmarks/part66/non-incremental/QF_NIA/20170427-VeryMax/ITS/From_T2__pentagon.t2__p6990_edge_closing_0.smt2,18.3613,264,1529,成功
/pub/data/jiafq/iscas/Parser_Comparison/../benchmarks/part66/non-incremental/QF_NIA/20170427-VeryMax/ITS/From_T2__pentagon.t2__p6991_edge_closing_0.smt2,25.7132,528,2155,成功
/pub/data/jiafq/iscas/Parser_Comparison/../benchmarks/part66/non-incremental/QF_NIA/20170427-VeryMax/ITS/From_T2__pentagon.t2__p6995_edge_closing_0.smt2,14.0233,264,985,成功
/pub/data/jiafq/iscas/Parser_Comparison/../benchmarks/part66/non-incremental/QF_NIA/20170427-VeryMax/ITS/From_T2__pentagon.t2__p6996_edge_closing_0.smt2,19.4516,264,1529,成功
/pub/data/jiafq/iscas/Parser_Comparison/../benchmarks/part66/non-incremental/QF_NIA/20170427-VeryMax/ITS/From_T2__pentagon.t2__p6997_edge_closing_0.smt2,25.8062,528,2155,成功
/pub/data/jiafq/iscas/Parser_Comparison/../benchmarks/part66/non-incremental/QF_NIA/20170427-VeryMax/ITS/From_T2__pentagon.t2__p7001_edge_closing_0.smt2,21.3745,528,1736,成功
/pub/data/jiafq/iscas/Parser_Comparison/../benchmarks/part66/non-incremental/QF_NIA/20170427-VeryMax/ITS/From_T2__pentagon.t2__p7002_edge_closing_0.smt2,33.1793,528,2704,成功
/pub/data/jiafq/iscas/Parser_Comparison/../benchmarks/part66/non-incremental/QF_NIA/20170427-VeryMax/ITS/From_T2__pentagon.t2__p7003_edge_closing_0.smt2,43.0446,528,3838,成功
/pub/data/jiafq/iscas/Parser_Comparison/../benchmarks/part66/non-incremental/QF_NIA/20170427-VeryMax/ITS/From_T2__pentagon.t2__p7007_edge_closing_0.smt2,14.0617,264,985,成功
/pub/data/jiafq/iscas/Parser_Comparison/../benchmarks/part66/non-incremental/QF_NIA/20170427-VeryMax/ITS/From_T2__pentagon.t2__p7008_edge_closing_0.smt2,19.6042,264,1529,成功
/pub/data/jiafq/iscas/Parser_Comparison/../benchmarks/part66/non-incremental/QF_NIA/20170427-VeryMax/ITS/From_T2__pentagon.t2__p7009_edge_closing_0.smt2,25.9638,528,2155,成功
/pub/data/jiafq/iscas/Parser_Comparison/../benchmarks/part66/non-incremental/QF_NIA/20170427-VeryMax/ITS/From_T2__pentagon.t2__p7013_edge_closing_0.smt2,23.9916,528,1736,成功
/pub/data/jiafq/iscas/Parser_Comparison/../benchmarks/part66/non-incremental/QF_NIA/20170427-VeryMax/ITS/From_T2__pentagon.t2__p7014_edge_closing_0.smt2,32.2301,528,2704,成功
/pub/data/jiafq/iscas/Parser_Comparison/../benchmarks/part66/non-incremental/QF_NIA/20170427-VeryMax/ITS/From_T2__pentagon.t2__p7015_edge_closing_0.smt2,43.637,528,3838,成功
/pub/data/jiafq/iscas/Parser_Comparison/../benchmarks/part66/non-incremental/QF_NIA/20170427-VeryMax/ITS/From_T2__pentagon.t2__p7019_edge_closing_0.smt2,21.8563,528,1736,成功
/pub/data/jiafq/iscas/Parser_Comparison/../benchmarks/part66/non-incremental/QF_NIA/20170427-VeryMax/ITS/From_T2__pentagon.t2__p7020_edge_closing_0.smt2,30.3452,528,2704,成功
/pub/data/jiafq/iscas/Parser_Comparison/../benchmarks/part66/non-incremental/QF_NIA/20170427-VeryMax/ITS/From_T2__pentagon.t2__p7021_edge_closing_0.smt2,41.9724,528,3838,成功
/pub/data/jiafq/iscas/Parser_Comparison/../benchmarks/part66/non-incremental/QF_NIA/20170427-VeryMax/ITS/From_T2__pentagon.t2__p7025_edge_closing_0.smt2,30.1483,528,2487,成功
/pub/data/jiafq/iscas/Parser_Comparison/../benchmarks/part66/non-incremental/QF_NIA/20170427-VeryMax/ITS/From_T2__pentagon.t2__p7026_edge_closing_0.smt2,44.1582,792,3879,成功
/pub/data/jiafq/iscas/Parser_Comparison/../benchmarks/part66/non-incremental/QF_NIA/20170427-VeryMax/ITS/From_T2__pentagon.t2__p7028_edge_closing_0.smt2,57.693,792,5521,成功
/pub/data/jiafq/iscas/Parser_Comparison/../benchmarks/part66/non-incremental/QF_NIA/20170427-VeryMax/ITS/From_T2__pentagon.t2__p7031_edge_closing_0.smt2,12.8026,264,985,成功
/pub/data/jiafq/iscas/Parser_Comparison/../benchmarks/part66/non-incremental/QF_NIA/20170427-VeryMax/ITS/From_T2__pentagon.t2__p7032_edge_closing_0.smt2,19.5973,264,1529,成功
/pub/data/jiafq/iscas/Parser_Comparison/../benchmarks/part66/non-incremental/QF_NIA/20170427-VeryMax/ITS/From_T2__pentagon.t2__p7033_edge_closing_0.smt2,23.5696,528,2155,成功
/pub/data/jiafq/iscas/Parser_Comparison/../benchmarks/part66/non-incremental/QF_NIA/20170427-VeryMax/ITS/From_T2__pentagon.t2__p7037_edge_closing_0.smt2,21.3444,528,1736,成功
/pub/data/jiafq/iscas/Parser_Comparison/../benchmarks/part66/non-incremental/QF_NIA/20170427-VeryMax/ITS/From_T2__pentagon.t2__p7038_edge_closing_0.smt2,32.13,528,2704,成功
/pub/data/jiafq/iscas/Parser_Comparison/../benchmarks/part66/non-incremental/QF_NIA/20170427-VeryMax/ITS/From_T2__pentagon.t2__p7039_edge_closing_0.smt2,39.5637,528,3838,成功
/pub/data/jiafq/iscas/Parser_Comparison/../benchmarks/part66/non-incremental/QF_NIA/20170427-VeryMax/ITS/From_T2__pentagon.t2__p7043_edge_closing_0.smt2,22.6912,528,1736,成功
/pub/data/jiafq/iscas/Parser_Comparison/../benchmarks/part66/non-incremental/QF_NIA/20170427-VeryMax/ITS/From_T2__pentagon.t2__p7044_edge_closing_0.smt2,33.6258,528,2704,成功
/pub/data/jiafq/iscas/Parser_Comparison/../benchmarks/part66/non-incremental/QF_NIA/20170427-VeryMax/ITS/From_T2__pentagon.t2__p7046_edge_closing_0.smt2,42.3665,528,3838,成功
/pub/data/jiafq/iscas/Parser_Comparison/../benchmarks/part66/non-incremental/QF_NIA/20170427-VeryMax/ITS/From_T2__pentagon.t2__p7050_edge_closing_0.smt2,30.8697,528,2487,成功
/pub/data/jiafq/iscas/Parser_Comparison/../benchmarks/part66/non-incremental/QF_NIA/20170427-VeryMax/ITS/From_T2__pentagon.t2__p7051_edge_closing_0.smt2,43.1695,792,3879,成功
/pub/data/jiafq/iscas/Parser_Comparison/../benchmarks/part66/non-incremental/QF_NIA/20170427-VeryMax/ITS/From_T2__pentagon.t2__p7052_edge_closing_0.smt2,60.3418,792,5521,成功
/pub/data/jiafq/iscas/Parser_Comparison/../benchmarks/part66/non-incremental/QF_NIA/20170427-VeryMax/ITS/From_T2__pentagon.t2__p7058_edge_closing_0.smt2,22.151,528,1736,成功
/pub/data/jiafq/iscas/Parser_Comparison/../benchmarks/part66/non-incremental/QF_NIA/20170427-VeryMax/ITS/From_T2__pentagon.t2__p7059_edge_closing_0.smt2,30.5707,528,2704,成功
/pub/data/jiafq/iscas/Parser_Comparison/../benchmarks/part66/non-incremental/QF_NIA/20170427-VeryMax/ITS/From_T2__pentagon.t2__p7060_edge_closing_0.smt2,41.4617,528,3838,成功
/pub/data/jiafq/iscas/Parser_Comparison/../benchmarks/part66/non-incremental/QF_NIA/20170427-VeryMax/ITS/From_T2__pentagon.t2__p7068_edge_closing_0.smt2,29.7534,528,2487,成功
/pub/data/jiafq/iscas/Parser_Comparison/../benchmarks/part66/non-incremental/QF_NIA/20170427-VeryMax/ITS/From_T2__pentagon.t2__p7069_edge_closing_0.smt2,43.4108,792,3879,成功
/pub/data/jiafq/iscas/Parser_Comparison/../benchmarks/part66/non-incremental/QF_NIA/20170427-VeryMax/ITS/From_T2__pentagon.t2__p7071_edge_closing_0.smt2,59.0239,792,5521,成功
/pub/data/jiafq/iscas/Parser_Comparison/../benchmarks/part66/non-incremental/QF_NIA/20170427-VeryMax/ITS/From_T2__pentagon.t2__p7078_edge_closing_0.smt2,31.0173,528,2487,成功
/pub/data/jiafq/iscas/Parser_Comparison/../benchmarks/part66/non-incremental/QF_NIA/20170427-VeryMax/ITS/From_T2__pentagon.t2__p7079_edge_closing_0.smt2,41.029,792,3879,成功
/pub/data/jiafq/iscas/Parser_Comparison/../benchmarks/part66/non-incremental/QF_NIA/20170427-VeryMax/ITS/From_T2__pentagon.t2__p7080_edge_closing_0.smt2,61.3272,792,5521,成功
/pub/data/jiafq/iscas/Parser_Comparison/../benchmarks/part66/non-incremental/QF_NIA/20170427-VeryMax/ITS/From_T2__pentagon.t2__p7088_edge_closing_0.smt2,40.6301,528,3238,成功
/pub/data/jiafq/iscas/Parser_Comparison/../benchmarks/part66/non-incremental/QF_NIA/20170427-VeryMax/ITS/From_T2__pentagon.t2__p7089_edge_closing_0.smt2,56.6812,792,5054,成功
/pub/data/jiafq/iscas/Parser_Comparison/../benchmarks/part66/non-incremental/QF_NIA/20170427-VeryMax/ITS/From_T2__pentagon.t2__p7090_edge_closing_0.smt2,74.5981,1056,7204,成功
/pub/data/jiafq/iscas/Parser_Comparison/../benchmarks/part66/non-incremental/QF_NIA/20170427-VeryMax/ITS/From_T2__pentagon.t2__p7098_edge_closing_0.smt2,12.8767,264,985,成功
/pub/data/jiafq/iscas/Parser_Comparison/../benchmarks/part66/non-incremental/QF_NIA/20170427-VeryMax/ITS/From_T2__pentagon.t2__p7099_edge_closing_0.smt2,18.2135,264,1529,成功
/pub/data/jiafq/iscas/Parser_Comparison/../benchmarks/part66/non-incremental/QF_NIA/20170427-VeryMax/ITS/From_T2__pentagon.t2__p7100_edge_closing_0.smt2,25.8515,528,2155,成功
/pub/data/jiafq/iscas/Parser_Comparison/../benchmarks/part66/non-incremental/QF_NIA/20170427-VeryMax/ITS/From_T2__pentagon.t2__p7108_edge_closing_0.smt2,22.861,528,1736,成功
/pub/data/jiafq/iscas/Parser_Comparison/../benchmarks/part66/non-incremental/QF_NIA/20170427-VeryMax/ITS/From_T2__pentagon.t2__p7110_edge_closing_0.smt2,32.5425,528,2704,成功
/pub/data/jiafq/iscas/Parser_Comparison/../benchmarks/part66/non-incremental/QF_NIA/20170427-VeryMax/ITS/From_T2__pentagon.t2__p7112_edge_closing_0.smt2,41.0409,528,3838,成功
/pub/data/jiafq/iscas/Parser_Comparison/../benchmarks/part66/non-incremental/QF_NIA/20170427-VeryMax/ITS/From_T2__pentagon.t2__p7114_edge_closing_0.smt2,21.297,528,1736,成功
/pub/data/jiafq/iscas/Parser_Comparison/../benchmarks/part66/non-incremental/QF_NIA/20170427-VeryMax/ITS/From_T2__pentagon.t2__p7115_edge_closing_0.smt2,31.0557,528,2704,成功
/pub/data/jiafq/iscas/Parser_Comparison/../benchmarks/part66/non-incremental/QF_NIA/20170427-VeryMax/ITS/From_T2__pentagon.t2__p7116_edge_closing_0.smt2,42.1329,528,3838,成功
/pub/data/jiafq/iscas/Parser_Comparison/../benchmarks/part66/non-incremental/QF_NIA/20170427-VeryMax/ITS/From_T2__pentagon.t2__p7120_edge_closing_0.smt2,30.8757,528,2487,成功
/pub/data/jiafq/iscas/Parser_Comparison/../benchmarks/part66/non-incremental/QF_NIA/20170427-VeryMax/ITS/From_T2__pentagon.t2__p7121_edge_closing_0.smt2,44.9085,792,3879,成功
/pub/data/jiafq/iscas/Parser_Comparison/../benchmarks/part66/non-incremental/QF_NIA/20170427-VeryMax/ITS/From_T2__pentagon.t2__p7122_edge_closing_0.smt2,58.0485,792,5521,成功
/pub/data/jiafq/iscas/Parser_Comparison/../benchmarks/part66/non-incremental/QF_NIA/20170427-VeryMax/ITS/From_T2__pentagon.t2__p7126_edge_closing_0.smt2,23.0141,528,1736,成功
/pub/data/jiafq/iscas/Parser_Comparison/../benchmarks/part66/non-incremental/QF_NIA/20170427-VeryMax/ITS/From_T2__pentagon.t2__p7127_edge_closing_0.smt2,32.7055,528,2704,成功
/pub/data/jiafq/iscas/Parser_Comparison/../benchmarks/part66/non-incremental/QF_NIA/20170427-VeryMax/ITS/From_T2__pentagon.t2__p7128_edge_closing_0.smt2,43.191,528,3838,成功
/pub/data/jiafq/iscas/Parser_Comparison/../benchmarks/part66/non-incremental/QF_NIA/20170427-VeryMax/ITS/From_T2__pentagon.t2__p7132_edge_closing_0.smt2,31.0593,528,2487,成功
/pub/data/jiafq/iscas/Parser_Comparison/../benchmarks/part66/non-incremental/QF_NIA/20170427-VeryMax/ITS/From_T2__pentagon.t2__p7133_edge_closing_0.smt2,42.9652,792,3879,成功
/pub/data/jiafq/iscas/Parser_Comparison/../benchmarks/part66/non-incremental/QF_NIA/20170427-VeryMax/ITS/From_T2__pentagon.t2__p7134_edge_closing_0.smt2,59.3977,792,5521,成功
/pub/data/jiafq/iscas/Parser_Comparison/../benchmarks/part66/non-incremental/QF_NIA/20170427-VeryMax/ITS/From_T2__pentagon.t2__p7138_edge_closing_0.smt2,29.7821,528,2487,成功
/pub/data/jiafq/iscas/Parser_Comparison/../benchmarks/part66/non-incremental/QF_NIA/20170427-VeryMax/ITS/From_T2__pentagon.t2__p7139_edge_closing_0.smt2,42.829,792,3879,成功
/pub/data/jiafq/iscas/Parser_Comparison/../benchmarks/part66/non-incremental/QF_NIA/20170427-VeryMax/ITS/From_T2__pentagon.t2__p7140_edge_closing_0.smt2,59.015,792,5521,成功
/pub/data/jiafq/iscas/Parser_Comparison/../benchmarks/part66/non-incremental/QF_NIA/20170427-VeryMax/ITS/From_T2__pentagon.t2__p7144_edge_closing_0.smt2,36.7262,528,3238,成功
/pub/data/jiafq/iscas/Parser_Comparison/../benchmarks/part66/non-incremental/QF_NIA/20170427-VeryMax/ITS/From_T2__pentagon.t2__p7145_edge_closing_0.smt2,57.4009,792,5054,成功
/pub/data/jiafq/iscas/Parser_Comparison/../benchmarks/part66/non-incremental/QF_NIA/20170427-VeryMax/ITS/From_T2__pentagon.t2__p7146_edge_closing_0.smt2,74.2826,1056,7204,成功
/pub/data/jiafq/iscas/Parser_Comparison/../benchmarks/part66/non-incremental/QF_NIA/20170427-VeryMax/ITS/From_T2__pentagon.t2__p7150_edge_closing_0.smt2,20.6952,528,1736,成功
/pub/data/jiafq/iscas/Parser_Comparison/../benchmarks/part66/non-incremental/QF_NIA/20170427-VeryMax/ITS/From_T2__pentagon.t2__p7151_edge_closing_0.smt2,30.1266,528,2704,成功
/pub/data/jiafq/iscas/Parser_Comparison/../benchmarks/part66/non-incremental/QF_NIA/20170427-VeryMax/ITS/From_T2__pentagon.t2__p7152_edge_closing_0.smt2,42.9084,528,3838,成功
/pub/data/jiafq/iscas/Parser_Comparison/../benchmarks/part66/non-incremental/QF_NIA/20170427-VeryMax/ITS/From_T2__pentagon.t2__p7156_edge_closing_0.smt2,30.4894,528,2487,成功
/pub/data/jiafq/iscas/Parser_Comparison/../benchmarks/part66/non-incremental/QF_NIA/20170427-VeryMax/ITS/From_T2__pentagon.t2__p7157_edge_closing_0.smt2,42.9561,792,3879,成功
/pub/data/jiafq/iscas/Parser_Comparison/../benchmarks/part66/non-incremental/QF_NIA/20170427-VeryMax/ITS/From_T2__pentagon.t2__p7158_edge_closing_0.smt2,59.7658,792,5521,成功
/pub/data/jiafq/iscas/Parser_Comparison/../benchmarks/part66/non-incremental/QF_NIA/20170427-VeryMax/ITS/From_T2__pentagon.t2__p7162_edge_closing_0.smt2,31.163,528,2487,成功
/pub/data/jiafq/iscas/Parser_Comparison/../benchmarks/part66/non-incremental/QF_NIA/20170427-VeryMax/ITS/From_T2__pentagon.t2__p7163_edge_closing_0.smt2,44.5144,792,3879,成功
/pub/data/jiafq/iscas/Parser_Comparison/../benchmarks/part66/non-incremental/QF_NIA/20170427-VeryMax/ITS/From_T2__pentagon.t2__p7164_edge_closing_0.smt2,58.2106,792,5521,成功
/pub/data/jiafq/iscas/Parser_Comparison/../benchmarks/part66/non-incremental/QF_NIA/20170427-VeryMax/ITS/From_T2__pentagon.t2__p7168_edge_closing_0.smt2,37.5865,528,3238,成功
/pub/data/jiafq/iscas/Parser_Comparison/../benchmarks/part66/non-incremental/QF_NIA/20170427-VeryMax/ITS/From_T2__pentagon.t2__p7169_edge_closing_0.smt2,57.0068,792,5054,成功
/pub/data/jiafq/iscas/Parser_Comparison/../benchmarks/part66/non-incremental/QF_NIA/20170427-VeryMax/ITS/From_T2__pentagon.t2__p7170_edge_closing_0.smt2,74.8115,1056,7204,成功
/pub/data/jiafq/iscas/Parser_Comparison/../benchmarks/part66/non-incremental/QF_NIA/20170427-VeryMax/ITS/From_T2__pentagon.t2__p7174_edge_closing_0.smt2,31.1122,528,2487,成功
/pub/data/jiafq/iscas/Parser_Comparison/../benchmarks/part66/non-incremental/QF_NIA/20170427-VeryMax/ITS/From_T2__pentagon.t2__p7175_edge_closing_0.smt2,41.6174,792,3879,成功
/pub/data/jiafq/iscas/Parser_Comparison/../benchmarks/part66/non-incremental/QF_NIA/20170427-VeryMax/ITS/From_T2__pentagon.t2__p7176_edge_closing_0.smt2,59.6316,792,5521,成功
/pub/data/jiafq/iscas/Parser_Comparison/../benchmarks/part66/non-incremental/QF_NIA/20170427-VeryMax/ITS/From_T2__pentagon.t2__p7180_edge_closing_0.smt2,37.6863,528,3238,成功
/pub/data/jiafq/iscas/Parser_Comparison/../benchmarks/part66/non-incremental/QF_NIA/20170427-VeryMax/ITS/From_T2__pentagon.t2__p7181_edge_closing_0.smt2,57.5449,792,5054,成功
/pub/data/jiafq/iscas/Parser_Comparison/../benchmarks/part66/non-incremental/QF_NIA/20170427-VeryMax/ITS/From_T2__pentagon.t2__p7182_edge_closing_0.smt2,76.9987,1056,7204,成功
/pub/data/jiafq/iscas/Parser_Comparison/../benchmarks/part66/non-incremental/QF_NIA/20170427-VeryMax/ITS/From_T2__pentagon.t2__p7186_edge_closing_0.smt2,37.4038,528,3238,成功
/pub/data/jiafq/iscas/Parser_Comparison/../benchmarks/part66/non-incremental/QF_NIA/20170427-VeryMax/ITS/From_T2__pentagon.t2__p7187_edge_closing_0.smt2,57.3254,792,5054,成功
/pub/data/jiafq/iscas/Parser_Comparison/../benchmarks/part66/non-incremental/QF_NIA/20170427-VeryMax/ITS/From_T2__pentagon.t2__p7188_edge_closing_0.smt2,75.0251,1056,7204,成功
/pub/data/jiafq/iscas/Parser_Comparison/../benchmarks/part66/non-incremental/QF_NIA/20170427-VeryMax/ITS/From_T2__pentagon.t2__p7192_edge_closing_0.smt2,45.1193,792,3989,成功
/pub/data/jiafq/iscas/Parser_Comparison/../benchmarks/part66/non-incremental/QF_NIA/20170427-VeryMax/ITS/From_T2__pentagon.t2__p7193_edge_closing_0.smt2,66.2699,792,6229,成功
/pub/data/jiafq/iscas/Parser_Comparison/../benchmarks/part66/non-incremental/QF_NIA/20170427-VeryMax/ITS/From_T2__pentagon.t2__p7194_edge_closing_0.smt2,90.4961,1320,8887,成功
/pub/data/jiafq/iscas/Parser_Comparison/../benchmarks/part66/non-incremental/QF_NIA/20170427-VeryMax/ITS/From_T2__pgarch.t2__p7243_terminationG_0.smt2,368.053,5316,32350,成功
/pub/data/jiafq/iscas/Parser_Comparison/../benchmarks/part66/non-incremental/QF_NIA/20170427-VeryMax/ITS/From_T2__pgarch.t2__p7244_terminationG_0.smt2,482.174,6040,44282,成功
/pub/data/jiafq/iscas/Parser_Comparison/../benchmarks/part66/non-incremental/QF_NIA/20170427-VeryMax/ITS/From_T2__pgarch.t2__p7256_terminationG_0.smt2,373.937,5324,32382,成功
/pub/data/jiafq/iscas/Parser_Comparison/../benchmarks/part66/non-incremental/QF_NIA/20170427-VeryMax/ITS/From_T2__pgarch.t2__p7257_terminationG_0.smt2,492.306,6044,44314,成功
/pub/data/jiafq/iscas/Parser_Comparison/../benchmarks/part66/non-incremental/QF_NIA/20170427-VeryMax/ITS/From_T2__pgarch.t2__p7265_terminationG_0.smt2,370.434,5316,32362,成功
/pub/data/jiafq/iscas/Parser_Comparison/../benchmarks/part66/non-incremental/QF_NIA/20170427-VeryMax/ITS/From_T2__pgarch.t2__p7266_terminationG_0.smt2,479.432,6044,44294,成功
/pub/data/jiafq/iscas/Parser_Comparison/../benchmarks/part66/non-incremental/QF_NIA/20170427-VeryMax/ITS/From_T2__pgarch.t2__p7273_terminationG_0.smt2,257.686,3664,21988,成功
/pub/data/jiafq/iscas/Parser_Comparison/../benchmarks/part66/non-incremental/QF_NIA/20170427-VeryMax/ITS/From_T2__pgarch.t2__p7274_terminationG_0.smt2,352.978,5316,32394,成功
/pub/data/jiafq/iscas/Parser_Comparison/../benchmarks/part66/non-incremental/QF_NIA/20170427-VeryMax/ITS/From_T2__pgarch.t2__p7275_terminationG_0.smt2,477.489,6048,44326,成功
/pub/data/jiafq/iscas/Parser_Comparison/../benchmarks/part66/non-incremental/QF_NIA/20170427-VeryMax/ITS/From_T2__pgarch.t2__p7282_terminationG_0.smt2,255.08,3664,21968,成功
/pub/data/jiafq/iscas/Parser_Comparison/../benchmarks/part66/non-incremental/QF_NIA/20170427-VeryMax/ITS/From_T2__pgarch.t2__p7283_terminationG_0.smt2,355.99,5320,32374,成功
/pub/data/jiafq/iscas/Parser_Comparison/../benchmarks/part66/non-incremental/QF_NIA/20170427-VeryMax/ITS/From_T2__pgarch.t2__p7284_terminationG_0.smt2,467.154,6044,44306,成功
/pub/data/jiafq/iscas/Parser_Comparison/../benchmarks/part66/non-incremental/QF_NIA/20170427-VeryMax/ITS/From_T2__pgarch.t2__p7295_terminationG_0.smt2,437.115,6140,39268,成功
/pub/data/jiafq/iscas/Parser_Comparison/../benchmarks/part66/non-incremental/QF_NIA/20170427-VeryMax/ITS/From_T2__pgarch.t2__p7296_terminationG_0.smt2,623.514,7796,57368,成功
/pub/data/jiafq/iscas/Parser_Comparison/../benchmarks/part66/non-incremental/QF_NIA/20170427-VeryMax/ITS/From_T2__pgarch.t2__p7297_terminationG_0.smt2,848.486,10616,78038,成功
/pub/data/jiafq/iscas/Parser_Comparison/../benchmarks/part66/non-incremental/QF_NIA/20170427-VeryMax/ITS/From_T2__pgarch.t2__p7299_edge_closing_0.smt2,3861.3,44556,294249,成功
/pub/data/jiafq/iscas/Parser_Comparison/../benchmarks/part66/non-incremental/QF_NIA/20170427-VeryMax/ITS/From_T2__pgarch.t2__p7300_edge_closing_0.smt2,4735.64,49756,359703,成功
/pub/data/jiafq/iscas/Parser_Comparison/../benchmarks/part66/non-incremental/QF_NIA/20170427-VeryMax/ITS/From_T2__pgarch.t2__p7301_edge_closing_0.smt2,5397.05,55020,426805,成功
/pub/data/jiafq/iscas/Parser_Comparison/../benchmarks/part66/non-incremental/QF_NIA/20170427-VeryMax/ITS/From_T2__pgarch.t2__terminationQ_0_0.smt2,451.517,6344,40624,成功
/pub/data/jiafq/iscas/Parser_Comparison/../benchmarks/part66/non-incremental/QF_NIA/20170427-VeryMax/ITS/From_T2__pgarch.t2_fixed__p7212_terminationG_0.smt2,1145,13944,110174,成功
/pub/data/jiafq/iscas/Parser_Comparison/../benchmarks/part66/non-incremental/QF_NIA/20170427-VeryMax/ITS/From_T2__pgarch.t2_fixed__p7213_terminationG_0.smt2,1698.71,20744,168674,成功
/pub/data/jiafq/iscas/Parser_Comparison/../benchmarks/part66/non-incremental/QF_NIA/20170427-VeryMax/ITS/From_T2__pgarch.t2_fixed__p7214_terminationG_0.smt2,2308.01,25020,236840,成功
/pub/data/jiafq/iscas/Parser_Comparison/../benchmarks/part66/non-incremental/QF_NIA/20170427-VeryMax/ITS/From_T2__pgarch.t2_fixed__p7216_edge_closing_0.smt2,8248.93,88044,649633,成功
/pub/data/jiafq/iscas/Parser_Comparison/../benchmarks/part66/non-incremental/QF_NIA/20170427-VeryMax/ITS/From_T2__pgarch.t2_fixed__p7217_edge_closing_0.smt2,9527.8,98452,788796,成功
/pub/data/jiafq/iscas/Parser_Comparison/../benchmarks/part66/non-incremental/QF_NIA/20170427-VeryMax/ITS/From_T2__pgarch.t2_fixed__p7218_edge_closing_0.smt2,11093.4,109152,936963,成功
/pub/data/jiafq/iscas/Parser_Comparison/../benchmarks/part66/non-incremental/QF_NIA/20170427-VeryMax/ITS/From_T2__pgarch.t2_fixed__term_unfeasibility_0_0.smt2,452.302,5632,49012,成功
/pub/data/jiafq/iscas/Parser_Comparison/../benchmarks/part66/non-incremental/QF_NIA/20170427-VeryMax/ITS/From_T2__pgarch.t2_fixed__terminationQ_0_0.smt2,1131.2,14176,111576,成功
/pub/data/jiafq/iscas/Parser_Comparison/../benchmarks/part66/non-incremental/QF_NIA/20170427-VeryMax/ITS/From_T2__pgarch.t2_fixed__terminationS_0_0.smt2,546.161,6384,58659,成功
/pub/data/jiafq/iscas/Parser_Comparison/../benchmarks/part66/non-incremental/QF_NIA/20170427-VeryMax/ITS/From_T2__pgarch.t2_fixed__terminationS_10_0.smt2,553.257,6388,58659,成功
/pub/data/jiafq/iscas/Parser_Comparison/../benchmarks/part66/non-incremental/QF_NIA/20170427-VeryMax/ITS/From_T2__pgarch.t2_fixed__terminationS_11_0.smt2,544.572,6388,58659,成功
/pub/data/jiafq/iscas/Parser_Comparison/../benchmarks/part66/non-incremental/QF_NIA/20170427-VeryMax/ITS/From_T2__pgarch.t2_fixed__terminationS_12_0.smt2,547.645,6392,58659,成功
/pub/data/jiafq/iscas/Parser_Comparison/../benchmarks/part66/non-incremental/QF_NIA/20170427-VeryMax/ITS/From_T2__pgarch.t2_fixed__terminationS_13_0.smt2,550.237,6388,58659,成功
/pub/data/jiafq/iscas/Parser_Comparison/../benchmarks/part66/non-incremental/QF_NIA/20170427-VeryMax/ITS/From_T2__pgarch.t2_fixed__terminationS_14_0.smt2,553.95,6388,58659,成功
/pub/data/jiafq/iscas/Parser_Comparison/../benchmarks/part66/non-incremental/QF_NIA/20170427-VeryMax/ITS/From_T2__pgarch.t2_fixed__terminationS_15_0.smt2,543.196,6388,58659,成功
/pub/data/jiafq/iscas/Parser_Comparison/../benchmarks/part66/non-incremental/QF_NIA/20170427-VeryMax/ITS/From_T2__pgarch.t2_fixed__terminationS_16_0.smt2,541.578,6384,58659,成功
/pub/data/jiafq/iscas/Parser_Comparison/../benchmarks/part66/non-incremental/QF_NIA/20170427-VeryMax/ITS/From_T2__pgarch.t2_fixed__terminationS_17_0.smt2,539.458,6384,58659,成功
/pub/data/jiafq/iscas/Parser_Comparison/../benchmarks/part66/non-incremental/QF_NIA/20170427-VeryMax/ITS/From_T2__pgarch.t2_fixed__terminationS_18_0.smt2,546.884,6388,58659,成功
/pub/data/jiafq/iscas/Parser_Comparison/../benchmarks/part66/non-incremental/QF_NIA/20170427-VeryMax/ITS/From_T2__pgarch.t2_fixed__terminationS_19_0.smt2,544.299,6380,58659,成功
/pub/data/jiafq/iscas/Parser_Comparison/../benchmarks/part66/non-incremental/QF_NIA/20170427-VeryMax/ITS/From_T2__pgarch.t2_fixed__terminationS_1_0.smt2,552.161,6388,58659,成功
/pub/data/jiafq/iscas/Parser_Comparison/../benchmarks/part66/non-incremental/QF_NIA/20170427-VeryMax/ITS/From_T2__pgarch.t2_fixed__terminationS_20_0.smt2,549.377,6380,58659,成功
/pub/data/jiafq/iscas/Parser_Comparison/../benchmarks/part66/non-incremental/QF_NIA/20170427-VeryMax/ITS/From_T2__pgarch.t2_fixed__terminationS_21_0.smt2,557.718,6380,58659,成功
/pub/data/jiafq/iscas/Parser_Comparison/../benchmarks/part66/non-incremental/QF_NIA/20170427-VeryMax/ITS/From_T2__pgarch.t2_fixed__terminationS_22_0.smt2,548.586,6380,58659,成功
/pub/data/jiafq/iscas/Parser_Comparison/../benchmarks/part66/non-incremental/QF_NIA/20170427-VeryMax/ITS/From_T2__pgarch.t2_fixed__terminationS_23_0.smt2,555.695,6384,58659,成功
/pub/data/jiafq/iscas/Parser_Comparison/../benchmarks/part66/non-incremental/QF_NIA/20170427-VeryMax/ITS/From_T2__pgarch.t2_fixed__terminationS_24_0.smt2,554.119,6384,58659,成功
/pub/data/jiafq/iscas/Parser_Comparison/../benchmarks/part66/non-incremental/QF_NIA/20170427-VeryMax/ITS/From_T2__pgarch.t2_fixed__terminationS_25_0.smt2,548.462,6388,58659,成功
/pub/data/jiafq/iscas/Parser_Comparison/../benchmarks/part66/non-incremental/QF_NIA/20170427-VeryMax/ITS/From_T2__pgarch.t2_fixed__terminationS_26_0.smt2,547.967,6384,58659,成功
/pub/data/jiafq/iscas/Parser_Comparison/../benchmarks/part66/non-incremental/QF_NIA/20170427-VeryMax/ITS/From_T2__pgarch.t2_fixed__terminationS_27_0.smt2,554.09,6388,58659,成功
/pub/data/jiafq/iscas/Parser_Comparison/../benchmarks/part66/non-incremental/QF_NIA/20170427-VeryMax/ITS/From_T2__pgarch.t2_fixed__terminationS_28_0.smt2,548.396,6392,58659,成功
/pub/data/jiafq/iscas/Parser_Comparison/../benchmarks/part66/non-incremental/QF_NIA/20170427-VeryMax/ITS/From_T2__pgarch.t2_fixed__terminationS_29_0.smt2,544.427,6384,58659,成功
/pub/data/jiafq/iscas/Parser_Comparison/../benchmarks/part66/non-incremental/QF_NIA/20170427-VeryMax/ITS/From_T2__pgarch.t2_fixed__terminationS_2_0.smt2,553.326,6384,58659,成功
/pub/data/jiafq/iscas/Parser_Comparison/../benchmarks/part66/non-incremental/QF_NIA/20170427-VeryMax/ITS/From_T2__pgarch.t2_fixed__terminationS_30_0.smt2,547.399,6380,58659,成功
/pub/data/jiafq/iscas/Parser_Comparison/../benchmarks/part66/non-incremental/QF_NIA/20170427-VeryMax/ITS/From_T2__pgarch.t2_fixed__terminationS_31_0.smt2,544.111,6380,58659,成功
/pub/data/jiafq/iscas/Parser_Comparison/../benchmarks/part66/non-incremental/QF_NIA/20170427-VeryMax/ITS/From_T2__pgarch.t2_fixed__terminationS_32_0.smt2,525.04,6380,56530,成功
/pub/data/jiafq/iscas/Parser_Comparison/../benchmarks/part66/non-incremental/QF_NIA/20170427-VeryMax/ITS/From_T2__pgarch.t2_fixed__terminationS_33_0.smt2,538.121,6372,56530,成功
/pub/data/jiafq/iscas/Parser_Comparison/../benchmarks/part66/non-incremental/QF_NIA/20170427-VeryMax/ITS/From_T2__pgarch.t2_fixed__terminationS_3_0.smt2,555.145,6392,58659,成功
/pub/data/jiafq/iscas/Parser_Comparison/../benchmarks/part66/non-incremental/QF_NIA/20170427-VeryMax/ITS/From_T2__pgarch.t2_fixed__terminationS_4_0.smt2,541.205,6384,58659,成功
/pub/data/jiafq/iscas/Parser_Comparison/../benchmarks/part66/non-incremental/QF_NIA/20170427-VeryMax/ITS/From_T2__pgarch.t2_fixed__terminationS_5_0.smt2,550.689,6384,58659,成功
/pub/data/jiafq/iscas/Parser_Comparison/../benchmarks/part66/non-incremental/QF_NIA/20170427-VeryMax/ITS/From_T2__pgarch.t2_fixed__terminationS_6_0.smt2,546.755,6384,58659,成功
/pub/data/jiafq/iscas/Parser_Comparison/../benchmarks/part66/non-incremental/QF_NIA/20170427-VeryMax/ITS/From_T2__pgarch.t2_fixed__terminationS_7_0.smt2,555.332,6388,58659,成功
/pub/data/jiafq/iscas/Parser_Comparison/../benchmarks/part66/non-incremental/QF_NIA/20170427-VeryMax/ITS/From_T2__pgarch.t2_fixed__terminationS_8_0.smt2,541.792,6392,58659,成功
/pub/data/jiafq/iscas/Parser_Comparison/../benchmarks/part66/non-incremental/QF_NIA/20170427-VeryMax/ITS/From_T2__pgarch.t2_fixed__terminationS_9_0.smt2,549.524,6388,58659,成功
/pub/data/jiafq/iscas/Parser_Comparison/../benchmarks/part66/non-incremental/QF_NIA/20170427-VeryMax/ITS/From_T2__polling.bug.t2__p7324_terminationG_0.smt2,386.314,5196,38238,成功
/pub/data/jiafq/iscas/Parser_Comparison/../benchmarks/part66/non-incremental/QF_NIA/20170427-VeryMax/ITS/From_T2__polling.bug.t2__p7325_terminationG_0.smt2,671.033,7320,68649,成功
/pub/data/jiafq/iscas/Parser_Comparison/../benchmarks/part66/non-incremental/QF_NIA/20170427-VeryMax/ITS/From_T2__polling.bug.t2__p7326_terminationG_0.smt2,994.581,11528,106452,成功
/pub/data/jiafq/iscas/Parser_Comparison/../benchmarks/part66/non-incremental/QF_NIA/20170427-VeryMax/ITS/From_T2__polling.bug.t2__term_unfeasibility_0_0.smt2,207.094,2632,22593,成功
/pub/data/jiafq/iscas/Parser_Comparison/../benchmarks/part66/non-incremental/QF_NIA/20170427-VeryMax/ITS/From_T2__polling.bug.t2__term_unfeasibility_1_0.smt2,208.28,2640,22918,成功
/pub/data/jiafq/iscas/Parser_Comparison/../benchmarks/part66/non-incremental/QF_NIA/20170427-VeryMax/ITS/From_T2__polling.bug.t2__terminationQ_0_0.smt2,392.81,5440,39150,成功
/pub/data/jiafq/iscas/Parser_Comparison/../benchmarks/part66/non-incremental/QF_NIA/20170427-VeryMax/ITS/From_T2__polling.bug.t2__terminationS_11_0.smt2,189.147,2640,19677,成功
/pub/data/jiafq/iscas/Parser_Comparison/../benchmarks/part66/non-incremental/QF_NIA/20170427-VeryMax/ITS/From_T2__polling.bug.t2__terminationS_20_0.smt2,156.296,2112,16156,成功
/pub/data/jiafq/iscas/Parser_Comparison/../benchmarks/part66/non-incremental/QF_NIA/20170427-VeryMax/ITS/From_T2__polling.bug.t2__terminationS_21_0.smt2,158.107,2112,16156,成功
/pub/data/jiafq/iscas/Parser_Comparison/../benchmarks/part66/non-incremental/QF_NIA/20170427-VeryMax/ITS/From_T2__polling.bug.t2_fixed__p7313_terminationG_0.smt2,381.442,5192,38186,成功
/pub/data/jiafq/iscas/Parser_Comparison/../benchmarks/part66/non-incremental/QF_NIA/20170427-VeryMax/ITS/From_T2__polling.bug.t2_fixed__p7314_terminationG_0.smt2,676.647,7320,68597,成功
/pub/data/jiafq/iscas/Parser_Comparison/../benchmarks/part66/non-incremental/QF_NIA/20170427-VeryMax/ITS/From_T2__polling.bug.t2_fixed__p7315_terminationG_0.smt2,987.538,11524,106400,成功
/pub/data/jiafq/iscas/Parser_Comparison/../benchmarks/part66/non-incremental/QF_NIA/20170427-VeryMax/ITS/From_T2__polling.bug.t2_fixed__term_unfeasibility_0_0.smt2,204.262,2632,22493,成功
/pub/data/jiafq/iscas/Parser_Comparison/../benchmarks/part66/non-incremental/QF_NIA/20170427-VeryMax/ITS/From_T2__polling.bug.t2_fixed__term_unfeasibility_1_0.smt2,205.283,2640,22818,成功
/pub/data/jiafq/iscas/Parser_Comparison/../benchmarks/part66/non-incremental/QF_NIA/20170427-VeryMax/ITS/From_T2__polling.bug.t2_fixed__terminationQ_0_0.smt2,385.992,5444,39050,成功
/pub/data/jiafq/iscas/Parser_Comparison/../benchmarks/part66/non-incremental/QF_NIA/20170427-VeryMax/ITS/From_T2__polling.bug.t2_fixed__terminationS_1_0.smt2,170.763,2640,17855,成功
/pub/data/jiafq/iscas/Parser_Comparison/../benchmarks/part66/non-incremental/QF_NIA/20170427-VeryMax/ITS/From_T2__polling.t2__p7346_terminationG_0.smt2,351.287,5172,35270,成功
/pub/data/jiafq/iscas/Parser_Comparison/../benchmarks/part66/non-incremental/QF_NIA/20170427-VeryMax/ITS/From_T2__polling.t2__p7347_terminationG_0.smt2,600.263,7020,62677,成功
/pub/data/jiafq/iscas/Parser_Comparison/../benchmarks/part66/non-incremental/QF_NIA/20170427-VeryMax/ITS/From_T2__polling.t2__p7348_terminationG_0.smt2,932.995,10952,96720,成功
/pub/data/jiafq/iscas/Parser_Comparison/../benchmarks/part66/non-incremental/QF_NIA/20170427-VeryMax/ITS/From_T2__polling.t2__term_unfeasibility_0_0.smt2,192.507,2616,20616,成功
/pub/data/jiafq/iscas/Parser_Comparison/../benchmarks/part66/non-incremental/QF_NIA/20170427-VeryMax/ITS/From_T2__polling.t2__term_unfeasibility_1_0.smt2,193.272,2640,20848,成功
/pub/data/jiafq/iscas/Parser_Comparison/../benchmarks/part66/non-incremental/QF_NIA/20170427-VeryMax/ITS/From_T2__polling.t2__terminationQ_0_0.smt2,368.315,5164,36158,成功
/pub/data/jiafq/iscas/Parser_Comparison/../benchmarks/part66/non-incremental/QF_NIA/20170427-VeryMax/ITS/From_T2__polling.t2_fixed__p7335_terminationG_0.smt2,356.575,5164,34945,成功
/pub/data/jiafq/iscas/Parser_Comparison/../benchmarks/part66/non-incremental/QF_NIA/20170427-VeryMax/ITS/From_T2__polling.t2_fixed__p7336_terminationG_0.smt2,633.608,7012,62292,成功
/pub/data/jiafq/iscas/Parser_Comparison/../benchmarks/part66/non-incremental/QF_NIA/20170427-VeryMax/ITS/From_T2__polling.t2_fixed__p7337_terminationG_0.smt2,935.285,10948,96245,成功
/pub/data/jiafq/iscas/Parser_Comparison/../benchmarks/part66/non-incremental/QF_NIA/20170427-VeryMax/ITS/From_T2__polling.t2_fixed__term_unfeasibility_0_0.smt2,188.664,2620,20516,成功
/pub/data/jiafq/iscas/Parser_Comparison/../benchmarks/part66/non-incremental/QF_NIA/20170427-VeryMax/ITS/From_T2__polling.t2_fixed__term_unfeasibility_1_0.smt2,191.048,2640,20583,成功
/pub/data/jiafq/iscas/Parser_Comparison/../benchmarks/part66/non-incremental/QF_NIA/20170427-VeryMax/ITS/From_T2__polling.t2_fixed__terminationQ_0_0.smt2,361.377,5168,35785,成功
/pub/data/jiafq/iscas/Parser_Comparison/../benchmarks/part66/non-incremental/QF_NIA/20170427-VeryMax/ITS/From_T2__polling.t2_fixed__terminationS_20_0.smt2,146.232,2112,15175,成功
/pub/data/jiafq/iscas/Parser_Comparison/../benchmarks/part66/non-incremental/QF_NIA/20170427-VeryMax/ITS/From_T2__polling.t2_fixed__terminationS_21_0.smt2,147.914,2112,15175,成功
/pub/data/jiafq/iscas/Parser_Comparison/../benchmarks/part66/non-incremental/QF_NIA/20170427-VeryMax/ITS/From_T2__polyrank2.t2__p7372_terminationG_0.smt2,8.75163,264,715,成功
/pub/data/jiafq/iscas/Parser_Comparison/../benchmarks/part66/non-incremental/QF_NIA/20170427-VeryMax/ITS/From_T2__polyrank2.t2__p7376_terminationG_0.smt2,6.09612,264,438,成功
/pub/data/jiafq/iscas/Parser_Comparison/../benchmarks/part66/non-incremental/QF_NIA/20170427-VeryMax/ITS/From_T2__polyrank2.t2__p7377_terminationG_0.smt2,8.99243,264,719,成功
/pub/data/jiafq/iscas/Parser_Comparison/../benchmarks/part66/non-incremental/QF_NIA/20170427-VeryMax/ITS/From_T2__polyrank2.t2__p7393_terminationG_0.smt2,7.28297,264,542,成功
/pub/data/jiafq/iscas/Parser_Comparison/../benchmarks/part66/non-incremental/QF_NIA/20170427-VeryMax/ITS/From_T2__polyrank2.t2__p7394_terminationG_0.smt2,10.2239,264,849,成功
/pub/data/jiafq/iscas/Parser_Comparison/../benchmarks/part66/non-incremental/QF_NIA/20170427-VeryMax/ITS/From_T2__polyrank2.t2__p7395_terminationG_0.smt2,13.4878,264,1216,成功
/pub/data/jiafq/iscas/Parser_Comparison/../benchmarks/part66/non-incremental/QF_NIA/20170427-VeryMax/ITS/From_T2__polyrank2.t2__p7402_terminationG_0.smt2,22.635,528,2187,成功
/pub/data/jiafq/iscas/Parser_Comparison/../benchmarks/part66/non-incremental/QF_NIA/20170427-VeryMax/ITS/From_T2__polyrank3.t2__p7414_terminationG_0.smt2,19.846,264,1891,成功
/pub/data/jiafq/iscas/Parser_Comparison/../benchmarks/part66/non-incremental/QF_NIA/20170427-VeryMax/ITS/From_T2__polyrank3.t2__p7417_terminationG_0.smt2,9.42898,264,773,成功
/pub/data/jiafq/iscas/Parser_Comparison/../benchmarks/part66/non-incremental/QF_NIA/20170427-VeryMax/ITS/From_T2__polyrank3.t2__p7419_terminationG_0.smt2,19.7654,264,1895,成功
/pub/data/jiafq/iscas/Parser_Comparison/../benchmarks/part66/non-incremental/QF_NIA/20170427-VeryMax/ITS/From_T2__polyrank3.t2__p7424_terminationG_0.smt2,18.2493,264,1764,成功
/pub/data/jiafq/iscas/Parser_Comparison/../benchmarks/part66/non-incremental/QF_NIA/20170427-VeryMax/ITS/From_T2__polyrank3.t2__p7430_terminationG_0.smt2,39.0837,528,3918,成功
/pub/data/jiafq/iscas/Parser_Comparison/../benchmarks/part66/non-incremental/QF_NIA/20170427-VeryMax/ITS/From_T2__polyrank3.t2__p7431_terminationG_0.smt2,55.0086,792,5829,成功
/pub/data/jiafq/iscas/Parser_Comparison/../benchmarks/part66/non-incremental/QF_NIA/20170427-VeryMax/ITS/From_T2__polyrank3.t2__p7436_terminationG_0.smt2,46.5353,792,4885,成功
/pub/data/jiafq/iscas/Parser_Comparison/../benchmarks/part66/non-incremental/QF_NIA/20170427-VeryMax/ITS/From_T2__polyrank3.t2__p7441_terminationG_0.smt2,41.0964,528,4386,成功
/pub/data/jiafq/iscas/Parser_Comparison/../benchmarks/part66/non-incremental/QF_NIA/20170427-VeryMax/ITS/From_T2__polyrank3.t2__p7445_terminationG_0.smt2,12.0928,264,1037,成功
/pub/data/jiafq/iscas/Parser_Comparison/../benchmarks/part66/non-incremental/QF_NIA/20170427-VeryMax/ITS/From_T2__polyrank3.t2__p7446_terminationG_0.smt2,17.7603,264,1618,成功
/pub/data/jiafq/iscas/Parser_Comparison/../benchmarks/part66/non-incremental/QF_NIA/20170427-VeryMax/ITS/From_T2__polyrank4.t2__p7458_terminationG_0.smt2,10.5855,264,887,成功
/pub/data/jiafq/iscas/Parser_Comparison/../benchmarks/part66/non-incremental/QF_NIA/20170427-VeryMax/ITS/From_T2__polyrank4.t2__p7459_terminationG_0.smt2,15.7912,264,1421,成功
/pub/data/jiafq/iscas/Parser_Comparison/../benchmarks/part66/non-incremental/QF_NIA/20170427-VeryMax/ITS/From_T2__polyrank4.t2__p7460_terminationG_0.smt2,22.1219,528,2071,成功
/pub/data/jiafq/iscas/Parser_Comparison/../benchmarks/part66/non-incremental/QF_NIA/20170427-VeryMax/ITS/From_T2__polyrank4.t2__p7464_terminationG_0.smt2,15.0898,264,1356,成功
/pub/data/jiafq/iscas/Parser_Comparison/../benchmarks/part66/non-incremental/QF_NIA/20170427-VeryMax/ITS/From_T2__polyrank4.t2__p7465_terminationG_0.smt2,21.431,528,2042,成功
/pub/data/jiafq/iscas/Parser_Comparison/../benchmarks/part66/non-incremental/QF_NIA/20170427-VeryMax/ITS/From_T2__polyrank4.t2__p7471_terminationG_0.smt2,52.7532,792,5436,成功
/pub/data/jiafq/iscas/Parser_Comparison/../benchmarks/part66/non-incremental/QF_NIA/20170427-VeryMax/ITS/From_T2__polyrank4.t2__p7472_terminationG_0.smt2,71.6555,1056,7650,成功
/pub/data/jiafq/iscas/Parser_Comparison/../benchmarks/part66/non-incremental/QF_NIA/20170427-VeryMax/ITS/From_T2__polyrank4.t2__p7475_terminationG_0.smt2,32.1248,528,3097,成功
/pub/data/jiafq/iscas/Parser_Comparison/../benchmarks/part66/non-incremental/QF_NIA/20170427-VeryMax/ITS/From_T2__polyrank4.t2__p7476_terminationG_0.smt2,47.8075,792,4939,成功
/pub/data/jiafq/iscas/Parser_Comparison/../benchmarks/part66/non-incremental/QF_NIA/20170427-VeryMax/ITS/From_T2__polyrank4.t2__p7477_terminationG_0.smt2,67.5094,1056,7141,成功
/pub/data/jiafq/iscas/Parser_Comparison/../benchmarks/part66/non-incremental/QF_NIA/20170427-VeryMax/ITS/From_T2__polyrank4.t2__p7481_terminationG_0.smt2,37.9725,528,3851,成功
/pub/data/jiafq/iscas/Parser_Comparison/../benchmarks/part66/non-incremental/QF_NIA/20170427-VeryMax/ITS/From_T2__polyrank4.t2__p7482_terminationG_0.smt2,54.7969,792,5933,成功
/pub/data/jiafq/iscas/Parser_Comparison/../benchmarks/part66/non-incremental/QF_NIA/20170427-VeryMax/ITS/From_T2__polyrank4.t2__p7486_terminationG_0.smt2,35.8636,528,3599,成功
/pub/data/jiafq/iscas/Parser_Comparison/../benchmarks/part66/non-incremental/QF_NIA/20170427-VeryMax/ITS/From_T2__polyrank4.t2__p7487_terminationG_0.smt2,53.2556,792,5693,成功
/pub/data/jiafq/iscas/Parser_Comparison/../benchmarks/part66/non-incremental/QF_NIA/20170427-VeryMax/ITS/From_T2__polyrank4.t2__p7495_terminationG_0.smt2,49.7172,792,5022,成功
/pub/data/jiafq/iscas/Parser_Comparison/../benchmarks/part66/non-incremental/QF_NIA/20170427-VeryMax/ITS/From_T2__polyrank4.t2__p7496_terminationG_0.smt2,67.893,1056,7188,成功
/pub/data/jiafq/iscas/Parser_Comparison/../benchmarks/part66/non-incremental/QF_NIA/20170427-VeryMax/ITS/From_T2__polyrank4.t2__p7499_terminationG_0.smt2,25.2359,528,2348,成功
/pub/data/jiafq/iscas/Parser_Comparison/../benchmarks/part66/non-incremental/QF_NIA/20170427-VeryMax/ITS/From_T2__polyrank4.t2__p7500_terminationG_0.smt2,39.6559,528,4034,成功
/pub/data/jiafq/iscas/Parser_Comparison/../benchmarks/part66/non-incremental/QF_NIA/20170427-VeryMax/ITS/From_T2__polyrank4.t2__p7501_terminationG_0.smt2,57.2195,792,6080,成功
/pub/data/jiafq/iscas/Parser_Comparison/../benchmarks/part66/non-incremental/QF_NIA/20170427-VeryMax/ITS/From_T2__polyrank4.t2__p7504_terminationG_0.smt2,18.8756,264,1726,成功
/pub/data/jiafq/iscas/Parser_Comparison/../benchmarks/part66/non-incremental/QF_NIA/20170427-VeryMax/ITS/From_T2__polyrank4.t2__p7505_terminationG_0.smt2,29.4633,528,2919,成功
/pub/data/jiafq/iscas/Parser_Comparison/../benchmarks/part66/non-incremental/QF_NIA/20170427-VeryMax/ITS/From_T2__polyrank4.t2__p7506_terminationG_0.smt2,41.2166,528,4352,成功
/pub/data/jiafq/iscas/Parser_Comparison/../benchmarks/part66/non-incremental/QF_NIA/20170427-VeryMax/ITS/From_T2__polyrank4.t2__p7513_terminationG_0.smt2,40.9951,528,3974,成功
/pub/data/jiafq/iscas/Parser_Comparison/../benchmarks/part66/non-incremental/QF_NIA/20170427-VeryMax/ITS/From_T2__polyrank4.t2__p7514_terminationG_0.smt2,62.7356,1056,6424,成功
/pub/data/jiafq/iscas/Parser_Comparison/../benchmarks/part66/non-incremental/QF_NIA/20170427-VeryMax/ITS/From_T2__polyrank4.t2__p7515_terminationG_0.smt2,88.4521,1056,9354,成功
/pub/data/jiafq/iscas/Parser_Comparison/../benchmarks/part66/non-incremental/QF_NIA/20170427-VeryMax/ITS/From_T2__polyrank4.t2__p7518_terminationG_0.smt2,36.3004,528,3498,成功
/pub/data/jiafq/iscas/Parser_Comparison/../benchmarks/part66/non-incremental/QF_NIA/20170427-VeryMax/ITS/From_T2__polyrank4.t2__p7519_terminationG_0.smt2,57.0581,792,5888,成功
/pub/data/jiafq/iscas/Parser_Comparison/../benchmarks/part66/non-incremental/QF_NIA/20170427-VeryMax/ITS/From_T2__polyrank4.t2__p7520_terminationG_0.smt2,82.3987,1056,8758,成功
/pub/data/jiafq/iscas/Parser_Comparison/../benchmarks/part66/non-incremental/QF_NIA/20170427-VeryMax/ITS/From_T2__polyrank4.t2__p7526_terminationG_0.smt2,21.1606,264,1891,成功
/pub/data/jiafq/iscas/Parser_Comparison/../benchmarks/part66/non-incremental/QF_NIA/20170427-VeryMax/ITS/From_T2__polyrank4.t2__p7527_terminationG_0.smt2,36.4594,528,3609,成功
/pub/data/jiafq/iscas/Parser_Comparison/../benchmarks/part66/non-incremental/QF_NIA/20170427-VeryMax/ITS/From_T2__polyrank4.t2__p7528_terminationG_0.smt2,53.463,792,5687,成功
/pub/data/jiafq/iscas/Parser_Comparison/../benchmarks/part66/non-incremental/QF_NIA/20170427-VeryMax/ITS/From_T2__polyrank4.t2__p7535_terminationG_0.smt2,18.5821,264,1615,成功
/pub/data/jiafq/iscas/Parser_Comparison/../benchmarks/part66/non-incremental/QF_NIA/20170427-VeryMax/ITS/From_T2__polyrank4.t2__p7536_terminationG_0.smt2,30.6704,528,3037,成功
/pub/data/jiafq/iscas/Parser_Comparison/../benchmarks/part66/non-incremental/QF_NIA/20170427-VeryMax/ITS/From_T2__polyrank4.t2__p7537_terminationG_0.smt2,44.9576,528,4759,成功
/pub/data/jiafq/iscas/Parser_Comparison/../benchmarks/part66/non-incremental/QF_NIA/20170427-VeryMax/ITS/From_T2__polyrank4.t2__terminationS_3_0.smt2,19.4809,264,1899,成功
/pub/data/jiafq/iscas/Parser_Comparison/../benchmarks/part66/non-incremental/QF_NIA/20170427-VeryMax/ITS/From_T2__polyrank4.t2__terminationS_5_0.smt2,24.8094,528,2511,成功
/pub/data/jiafq/iscas/Parser_Comparison/../benchmarks/part66/non-incremental/QF_NIA/20170427-VeryMax/ITS/From_T2__polyrank5.t2__p7550_terminationG_0.smt2,16.6228,264,1538,成功
/pub/data/jiafq/iscas/Parser_Comparison/../benchmarks/part66/non-incremental/QF_NIA/20170427-VeryMax/ITS/From_T2__polyrank5.t2__p7551_terminationG_0.smt2,23.6256,528,2282,成功
/pub/data/jiafq/iscas/Parser_Comparison/../benchmarks/part66/non-incremental/QF_NIA/20170427-VeryMax/ITS/From_T2__polyrank5.t2__p7554_terminationG_0.smt2,10.9987,264,930,成功
/pub/data/jiafq/iscas/Parser_Comparison/../benchmarks/part66/non-incremental/QF_NIA/20170427-VeryMax/ITS/From_T2__polyrank5.t2__p7555_terminationG_0.smt2,17.0283,264,1542,成功
/pub/data/jiafq/iscas/Parser_Comparison/../benchmarks/part66/non-incremental/QF_NIA/20170427-VeryMax/ITS/From_T2__polyrank5.t2__p7556_terminationG_0.smt2,23.8659,528,2286,成功
/pub/data/jiafq/iscas/Parser_Comparison/../benchmarks/part66/non-incremental/QF_NIA/20170427-VeryMax/ITS/From_T2__polyrank5.t2__p7559_terminationG_0.smt2,11.4853,264,967,成功
/pub/data/jiafq/iscas/Parser_Comparison/../benchmarks/part66/non-incremental/QF_NIA/20170427-VeryMax/ITS/From_T2__polyrank5.t2__p7560_terminationG_0.smt2,17.226,264,1578,成功
/pub/data/jiafq/iscas/Parser_Comparison/../benchmarks/part66/non-incremental/QF_NIA/20170427-VeryMax/ITS/From_T2__polyrank5.t2__p7561_terminationG_0.smt2,24.1759,528,2322,成功
/pub/data/jiafq/iscas/Parser_Comparison/../benchmarks/part66/non-incremental/QF_NIA/20170427-VeryMax/ITS/From_T2__polyrank5.t2__p7564_terminationG_0.smt2,11.8263,264,1004,成功
/pub/data/jiafq/iscas/Parser_Comparison/../benchmarks/part66/non-incremental/QF_NIA/20170427-VeryMax/ITS/From_T2__polyrank5.t2__p7565_terminationG_0.smt2,17.5462,264,1614,成功
/pub/data/jiafq/iscas/Parser_Comparison/../benchmarks/part66/non-incremental/QF_NIA/20170427-VeryMax/ITS/From_T2__polyrank5.t2__p7566_terminationG_0.smt2,24.5869,528,2358,成功
/pub/data/jiafq/iscas/Parser_Comparison/../benchmarks/part66/non-incremental/QF_NIA/20170427-VeryMax/ITS/From_T2__polyrank5.t2__p7569_terminationG_0.smt2,12.4123,264,1052,成功
/pub/data/jiafq/iscas/Parser_Comparison/../benchmarks/part66/non-incremental/QF_NIA/20170427-VeryMax/ITS/From_T2__polyrank5.t2__p7570_terminationG_0.smt2,17.9794,264,1662,成功
/pub/data/jiafq/iscas/Parser_Comparison/../benchmarks/part66/non-incremental/QF_NIA/20170427-VeryMax/ITS/From_T2__polyrank5.t2__p7571_terminationG_0.smt2,25.0504,528,2406,成功
/pub/data/jiafq/iscas/Parser_Comparison/../benchmarks/part66/non-incremental/QF_NIA/20170427-VeryMax/ITS/From_T2__polyrank5.t2__p7574_terminationG_0.smt2,12.7885,264,1100,成功
/pub/data/jiafq/iscas/Parser_Comparison/../benchmarks/part66/non-incremental/QF_NIA/20170427-VeryMax/ITS/From_T2__polyrank5.t2__p7575_terminationG_0.smt2,18.5483,264,1710,成功
/pub/data/jiafq/iscas/Parser_Comparison/../benchmarks/part66/non-incremental/QF_NIA/20170427-VeryMax/ITS/From_T2__polyrank5.t2__p7576_terminationG_0.smt2,25.2326,528,2454,成功
/pub/data/jiafq/iscas/Parser_Comparison/../benchmarks/part66/non-incremental/QF_NIA/20170427-VeryMax/ITS/From_T2__polyrank5.t2__p7579_terminationG_0.smt2,13.3593,264,1149,成功
/pub/data/jiafq/iscas/Parser_Comparison/../benchmarks/part66/non-incremental/QF_NIA/20170427-VeryMax/ITS/From_T2__polyrank5.t2__p7580_terminationG_0.smt2,19.3372,264,1758,成功
/pub/data/jiafq/iscas/Parser_Comparison/../benchmarks/part66/non-incremental/QF_NIA/20170427-VeryMax/ITS/From_T2__polyrank5.t2__p7581_terminationG_0.smt2,25.7335,528,2502,成功
/pub/data/jiafq/iscas/Parser_Comparison/../benchmarks/part66/non-incremental/QF_NIA/20170427-VeryMax/ITS/From_T2__polyrank6.t2__p7590_terminationG_0.smt2,18.4867,264,1717,成功
/pub/data/jiafq/iscas/Parser_Comparison/../benchmarks/part66/non-incremental/QF_NIA/20170427-VeryMax/ITS/From_T2__polyrank7.t2__p7612_terminationG_0.smt2,8.20994,264,680,成功
/pub/data/jiafq/iscas/Parser_Comparison/../benchmarks/part66/non-incremental/QF_NIA/20170427-VeryMax/ITS/From_T2__polyrank7.t2__p7613_terminationG_0.smt2,12.9838,264,1159,成功
/pub/data/jiafq/iscas/Parser_Comparison/../benchmarks/part66/non-incremental/QF_NIA/20170427-VeryMax/ITS/From_T2__polyrank7.t2__p7614_terminationG_0.smt2,18.111,264,1746,成功
/pub/data/jiafq/iscas/Parser_Comparison/../benchmarks/part66/non-incremental/QF_NIA/20170427-VeryMax/ITS/From_T2__polyrank7.t2__p7617_terminationG_0.smt2,9.52077,264,780,成功
/pub/data/jiafq/iscas/Parser_Comparison/../benchmarks/part66/non-incremental/QF_NIA/20170427-VeryMax/ITS/From_T2__polyrank7.t2__p7618_terminationG_0.smt2,14.0314,264,1255,成功
/pub/data/jiafq/iscas/Parser_Comparison/../benchmarks/part66/non-incremental/QF_NIA/20170427-VeryMax/ITS/From_T2__polyrank7.t2__p7619_terminationG_0.smt2,19.29,264,1842,成功
/pub/data/jiafq/iscas/Parser_Comparison/../benchmarks/part66/non-incremental/QF_NIA/20170427-VeryMax/ITS/From_T2__polyrank7.t2__p7622_terminationG_0.smt2,9.63235,264,816,成功
/pub/data/jiafq/iscas/Parser_Comparison/../benchmarks/part66/non-incremental/QF_NIA/20170427-VeryMax/ITS/From_T2__polyrank7.t2__p7623_terminationG_0.smt2,14.1389,264,1291,成功
/pub/data/jiafq/iscas/Parser_Comparison/../benchmarks/part66/non-incremental/QF_NIA/20170427-VeryMax/ITS/From_T2__polyrank7.t2__p7624_terminationG_0.smt2,19.644,264,1878,成功
/pub/data/jiafq/iscas/Parser_Comparison/../benchmarks/part66/non-incremental/QF_NIA/20170427-VeryMax/ITS/From_T2__ppblock.t2__p7691_terminationG_0.smt2,10.0932,264,763,成功
/pub/data/jiafq/iscas/Parser_Comparison/../benchmarks/part66/non-incremental/QF_NIA/20170427-VeryMax/ITS/From_T2__ppblock.t2__p7692_terminationG_0.smt2,15.7218,264,1305,成功
/pub/data/jiafq/iscas/Parser_Comparison/../benchmarks/part66/non-incremental/QF_NIA/20170427-VeryMax/ITS/From_T2__ppblock.t2__p7693_terminationG_0.smt2,21.5545,528,1964,成功
/pub/data/jiafq/iscas/Parser_Comparison/../benchmarks/part66/non-incremental/QF_NIA/20170427-VeryMax/ITS/From_T2__ppblock.t2__p7696_terminationG_0.smt2,10.8781,264,808,成功
/pub/data/jiafq/iscas/Parser_Comparison/../benchmarks/part66/non-incremental/QF_NIA/20170427-VeryMax/ITS/From_T2__ppblock.t2__p7697_terminationG_0.smt2,16.0782,264,1349,成功
/pub/data/jiafq/iscas/Parser_Comparison/../benchmarks/part66/non-incremental/QF_NIA/20170427-VeryMax/ITS/From_T2__ppblock.t2__p7698_terminationG_0.smt2,22.2273,528,2008,成功
/pub/data/jiafq/iscas/Parser_Comparison/../benchmarks/part66/non-incremental/QF_NIA/20170427-VeryMax/ITS/From_T2__ppblock.t2__p7701_terminationG_0.smt2,11.3487,264,876,成功
/pub/data/jiafq/iscas/Parser_Comparison/../benchmarks/part66/non-incremental/QF_NIA/20170427-VeryMax/ITS/From_T2__ppblock.t2__p7702_terminationG_0.smt2,16.5884,264,1417,成功
/pub/data/jiafq/iscas/Parser_Comparison/../benchmarks/part66/non-incremental/QF_NIA/20170427-VeryMax/ITS/From_T2__ppblock.t2__p7703_terminationG_0.smt2,22.5747,528,2076,成功
/pub/data/jiafq/iscas/Parser_Comparison/../benchmarks/part66/non-incremental/QF_NIA/20170427-VeryMax/ITS/From_T2__ppblock.t2__p7706_terminationG_0.smt2,12.11,264,943,成功
/pub/data/jiafq/iscas/Parser_Comparison/../benchmarks/part66/non-incremental/QF_NIA/20170427-VeryMax/ITS/From_T2__ppblock.t2__p7707_terminationG_0.smt2,17.2224,264,1484,成功
/pub/data/jiafq/iscas/Parser_Comparison/../benchmarks/part66/non-incremental/QF_NIA/20170427-VeryMax/ITS/From_T2__ppblock.t2__p7708_terminationG_0.smt2,23.8957,528,2143,成功
/pub/data/jiafq/iscas/Parser_Comparison/../benchmarks/part66/non-incremental/QF_NIA/20170427-VeryMax/ITS/From_T2__ppblock.t2__p7711_terminationG_0.smt2,12.8965,264,1003,成功
/pub/data/jiafq/iscas/Parser_Comparison/../benchmarks/part66/non-incremental/QF_NIA/20170427-VeryMax/ITS/From_T2__ppblock.t2__p7712_terminationG_0.smt2,18.1479,264,1544,成功
/pub/data/jiafq/iscas/Parser_Comparison/../benchmarks/part66/non-incremental/QF_NIA/20170427-VeryMax/ITS/From_T2__ppblock.t2__p7713_terminationG_0.smt2,24.0235,528,2203,成功
/pub/data/jiafq/iscas/Parser_Comparison/../benchmarks/part66/non-incremental/QF_NIA/20170427-VeryMax/ITS/From_T2__ppblock.t2__p7716_terminationG_0.smt2,13.5396,264,1063,成功
/pub/data/jiafq/iscas/Parser_Comparison/../benchmarks/part66/non-incremental/QF_NIA/20170427-VeryMax/ITS/From_T2__ppblock.t2__p7717_terminationG_0.smt2,18.47,264,1604,成功
/pub/data/jiafq/iscas/Parser_Comparison/../benchmarks/part66/non-incremental/QF_NIA/20170427-VeryMax/ITS/From_T2__ppblock.t2__p7718_terminationG_0.smt2,24.6527,528,2263,成功
/pub/data/jiafq/iscas/Parser_Comparison/../benchmarks/part66/non-incremental/QF_NIA/20170427-VeryMax/ITS/From_T2__ppblock.t2__p7721_terminationG_0.smt2,13.8469,264,1111,成功
/pub/data/jiafq/iscas/Parser_Comparison/../benchmarks/part66/non-incremental/QF_NIA/20170427-VeryMax/ITS/From_T2__ppblock.t2__p7722_terminationG_0.smt2,19.0001,264,1652,成功
/pub/data/jiafq/iscas/Parser_Comparison/../benchmarks/part66/non-incremental/QF_NIA/20170427-VeryMax/ITS/From_T2__ppblock.t2__p7723_terminationG_0.smt2,25.2352,528,2311,成功
/pub/data/jiafq/iscas/Parser_Comparison/../benchmarks/part66/non-incremental/QF_NIA/20170427-VeryMax/ITS/From_T2__ppblock.t2__p7726_terminationG_0.smt2,14.5924,264,1159,成功
/pub/data/jiafq/iscas/Parser_Comparison/../benchmarks/part66/non-incremental/QF_NIA/20170427-VeryMax/ITS/From_T2__ppblock.t2__p7727_terminationG_0.smt2,19.8596,264,1700,成功
/pub/data/jiafq/iscas/Parser_Comparison/../benchmarks/part66/non-incremental/QF_NIA/20170427-VeryMax/ITS/From_T2__ppblock.t2__p7728_terminationG_0.smt2,26.1323,528,2359,成功
/pub/data/jiafq/iscas/Parser_Comparison/../benchmarks/part66/non-incremental/QF_NIA/20170427-VeryMax/ITS/From_T2__ppblock.t2__p7731_terminationG_0.smt2,15.2528,264,1207,成功
/pub/data/jiafq/iscas/Parser_Comparison/../benchmarks/part66/non-incremental/QF_NIA/20170427-VeryMax/ITS/From_T2__ppblock.t2__p7732_terminationG_0.smt2,20.2639,264,1748,成功
/pub/data/jiafq/iscas/Parser_Comparison/../benchmarks/part66/non-incremental/QF_NIA/20170427-VeryMax/ITS/From_T2__ppblock.t2__p7733_terminationG_0.smt2,26.2144,528,2407,成功
/pub/data/jiafq/iscas/Parser_Comparison/../benchmarks/part66/non-incremental/QF_NIA/20170427-VeryMax/ITS/From_T2__ppblock.t2__p7736_terminationG_0.smt2,15.7623,264,1255,成功
/pub/data/jiafq/iscas/Parser_Comparison/../benchmarks/part66/non-incremental/QF_NIA/20170427-VeryMax/ITS/From_T2__ppblock.t2__p7737_terminationG_0.smt2,21.085,528,1796,成功
/pub/data/jiafq/iscas/Parser_Comparison/../benchmarks/part66/non-incremental/QF_NIA/20170427-VeryMax/ITS/From_T2__ppblock.t2__p7738_terminationG_0.smt2,26.8996,528,2455,成功
/pub/data/jiafq/iscas/Parser_Comparison/../benchmarks/part66/non-incremental/QF_NIA/20170427-VeryMax/ITS/From_T2__ppblock.t2__p7742_edge_closing_0.smt2,26.2992,528,2515,成功
/pub/data/jiafq/iscas/Parser_Comparison/../benchmarks/part66/non-incremental/QF_NIA/20170427-VeryMax/ITS/From_T2__ppblock.t2__p7744_edge_closing_0.smt2,90.2295,1584,7845,成功
/pub/data/jiafq/iscas/Parser_Comparison/../benchmarks/part66/non-incremental/QF_NIA/20170427-VeryMax/ITS/From_T2__ppblock.t2__p7745_edge_closing_0.smt2,102.507,1584,9101,成功
/pub/data/jiafq/iscas/Parser_Comparison/../benchmarks/part66/non-incremental/QF_NIA/20170427-VeryMax/ITS/From_T2__ppblock.t2__p7746_edge_closing_0.smt2,115.815,1848,10415,成功
/pub/data/jiafq/iscas/Parser_Comparison/../benchmarks/part66/non-incremental/QF_NIA/20170427-VeryMax/ITS/From_T2__ppblock.t2__p7747_edge_closing_0.smt2,52.1524,792,4436,成功
/pub/data/jiafq/iscas/Parser_Comparison/../benchmarks/part66/non-incremental/QF_NIA/20170427-VeryMax/ITS/From_T2__ppblock.t2__p7748_edge_closing_0.smt2,60.195,1056,5346,成功
/pub/data/jiafq/iscas/Parser_Comparison/../benchmarks/part66/non-incremental/QF_NIA/20170427-VeryMax/ITS/From_T2__ppblock.t2__p7749_edge_closing_0.smt2,68.7695,1056,6315,成功
/pub/data/jiafq/iscas/Parser_Comparison/../benchmarks/part66/non-incremental/QF_NIA/20170427-VeryMax/ITS/From_T2__ppblock.t2__p7750_edge_closing_0.smt2,26.8731,528,2269,成功
/pub/data/jiafq/iscas/Parser_Comparison/../benchmarks/part66/non-incremental/QF_NIA/20170427-VeryMax/ITS/From_T2__ppblock.t2__p7757_edge_closing_0.smt2,21.4927,264,1782,成功
/pub/data/jiafq/iscas/Parser_Comparison/../benchmarks/part66/non-incremental/QF_NIA/20170427-VeryMax/ITS/From_T2__ppblock.t2__p7758_edge_closing_0.smt2,27.8242,528,2434,成功
/pub/data/jiafq/iscas/Parser_Comparison/../benchmarks/part66/non-incremental/QF_NIA/20170427-VeryMax/ITS/From_T2__ppblock.t2__p7759_edge_closing_0.smt2,34.0114,528,3145,成功
/pub/data/jiafq/iscas/Parser_Comparison/../benchmarks/part66/non-incremental/QF_NIA/20170427-VeryMax/ITS/From_T2__ppblockbug.t2__p7654_terminationG_0.smt2,18.5971,264,1585,成功
/pub/data/jiafq/iscas/Parser_Comparison/../benchmarks/part66/non-incremental/QF_NIA/20170427-VeryMax/ITS/From_T2__ppblockbug.t2__p7655_terminationG_0.smt2,27.9055,528,2460,成功
/pub/data/jiafq/iscas/Parser_Comparison/../benchmarks/part66/non-incremental/QF_NIA/20170427-VeryMax/ITS/From_T2__ppblockbug.t2__p7656_terminationG_0.smt2,36.5965,528,3509,成功
/pub/data/jiafq/iscas/Parser_Comparison/../benchmarks/part66/non-incremental/QF_NIA/20170427-VeryMax/ITS/From_T2__ppblockbug.t2__p7659_terminationG_0.smt2,19.4559,524,1630,成功
/pub/data/jiafq/iscas/Parser_Comparison/../benchmarks/part66/non-incremental/QF_NIA/20170427-VeryMax/ITS/From_T2__ppblockbug.t2__p7660_terminationG_0.smt2,27.4589,528,2504,成功
/pub/data/jiafq/iscas/Parser_Comparison/../benchmarks/part66/non-incremental/QF_NIA/20170427-VeryMax/ITS/From_T2__ppblockbug.t2__p7661_terminationG_0.smt2,37.4596,528,3553,成功
/pub/data/jiafq/iscas/Parser_Comparison/../benchmarks/part66/non-incremental/QF_NIA/20170427-VeryMax/ITS/From_T2__ppblockbug.t2__p7664_terminationG_0.smt2,19.7685,264,1678,成功
/pub/data/jiafq/iscas/Parser_Comparison/../benchmarks/part66/non-incremental/QF_NIA/20170427-VeryMax/ITS/From_T2__ppblockbug.t2__p7665_terminationG_0.smt2,28.1475,528,2552,成功
/pub/data/jiafq/iscas/Parser_Comparison/../benchmarks/part66/non-incremental/QF_NIA/20170427-VeryMax/ITS/From_T2__ppblockbug.t2__p7666_terminationG_0.smt2,37.3089,528,3601,成功
/pub/data/jiafq/iscas/Parser_Comparison/../benchmarks/part66/non-incremental/QF_NIA/20170427-VeryMax/ITS/From_T2__ppblockbug.t2__p7669_terminationG_0.smt2,20.6499,528,1726,成功
/pub/data/jiafq/iscas/Parser_Comparison/../benchmarks/part66/non-incremental/QF_NIA/20170427-VeryMax/ITS/From_T2__ppblockbug.t2__p7670_terminationG_0.smt2,31.3592,528,2600,成功
/pub/data/jiafq/iscas/Parser_Comparison/../benchmarks/part66/non-incremental/QF_NIA/20170427-VeryMax/ITS/From_T2__ppblockbug.t2__p7671_terminationG_0.smt2,37.765,528,3649,成功
/pub/data/jiafq/iscas/Parser_Comparison/../benchmarks/part66/non-incremental/QF_NIA/20170427-VeryMax/ITS/From_T2__ppblockbug.t2__p7674_edge_closing_0.smt2,28.4557,528,2723,成功
/pub/data/jiafq/iscas/Parser_Comparison/../benchmarks/part66/non-incremental/QF_NIA/20170427-VeryMax/ITS/From_T2__ppblockbug.t2__p7675_edge_closing_0.smt2,37.1561,528,3760,成功
/pub/data/jiafq/iscas/Parser_Comparison/../benchmarks/part66/non-incremental/QF_NIA/20170427-VeryMax/ITS/From_T2__ppblockbug.t2__p7679_edge_closing_0.smt2,42.6555,528,4302,成功
/pub/data/jiafq/iscas/Parser_Comparison/../benchmarks/part66/non-incremental/QF_NIA/20170427-VeryMax/ITS/From_T2__ppblockterm.t2__p7850_terminationG_0.smt2,10.1364,264,763,成功
/pub/data/jiafq/iscas/Parser_Comparison/../benchmarks/part66/non-incremental/QF_NIA/20170427-VeryMax/ITS/From_T2__ppblockterm.t2__p7851_terminationG_0.smt2,15.2574,264,1305,成功
/pub/data/jiafq/iscas/Parser_Comparison/../benchmarks/part66/non-incremental/QF_NIA/20170427-VeryMax/ITS/From_T2__ppblockterm.t2__p7852_terminationG_0.smt2,20.957,528,1964,成功
/pub/data/jiafq/iscas/Parser_Comparison/../benchmarks/part66/non-incremental/QF_NIA/20170427-VeryMax/ITS/From_T2__ppblockterm.t2__p7855_terminationG_0.smt2,10.7431,264,808,成功
/pub/data/jiafq/iscas/Parser_Comparison/../benchmarks/part66/non-incremental/QF_NIA/20170427-VeryMax/ITS/From_T2__ppblockterm.t2__p7856_terminationG_0.smt2,15.8951,264,1349,成功
/pub/data/jiafq/iscas/Parser_Comparison/../benchmarks/part66/non-incremental/QF_NIA/20170427-VeryMax/ITS/From_T2__ppblockterm.t2__p7857_terminationG_0.smt2,22.0292,528,2008,成功
/pub/data/jiafq/iscas/Parser_Comparison/../benchmarks/part66/non-incremental/QF_NIA/20170427-VeryMax/ITS/From_T2__ppblockterm.t2__p7860_terminationG_0.smt2,11.5631,264,876,成功
/pub/data/jiafq/iscas/Parser_Comparison/../benchmarks/part66/non-incremental/QF_NIA/20170427-VeryMax/ITS/From_T2__ppblockterm.t2__p7861_terminationG_0.smt2,16.5854,264,1417,成功
/pub/data/jiafq/iscas/Parser_Comparison/../benchmarks/part66/non-incremental/QF_NIA/20170427-VeryMax/ITS/From_T2__ppblockterm.t2__p7862_terminationG_0.smt2,22.5372,528,2076,成功
/pub/data/jiafq/iscas/Parser_Comparison/../benchmarks/part66/non-incremental/QF_NIA/20170427-VeryMax/ITS/From_T2__ppblockterm.t2__p7865_terminationG_0.smt2,12.1849,264,943,成功
/pub/data/jiafq/iscas/Parser_Comparison/../benchmarks/part66/non-incremental/QF_NIA/20170427-VeryMax/ITS/From_T2__ppblockterm.t2__p7866_terminationG_0.smt2,17.3345,264,1484,成功
/pub/data/jiafq/iscas/Parser_Comparison/../benchmarks/part66/non-incremental/QF_NIA/20170427-VeryMax/ITS/From_T2__ppblockterm.t2__p7867_terminationG_0.smt2,23.2193,528,2143,成功
/pub/data/jiafq/iscas/Parser_Comparison/../benchmarks/part66/non-incremental/QF_NIA/20170427-VeryMax/ITS/From_T2__ppblockterm.t2__p7870_terminationG_0.smt2,12.9085,264,1003,成功
/pub/data/jiafq/iscas/Parser_Comparison/../benchmarks/part66/non-incremental/QF_NIA/20170427-VeryMax/ITS/From_T2__ppblockterm.t2__p7871_terminationG_0.smt2,17.9617,264,1544,成功
/pub/data/jiafq/iscas/Parser_Comparison/../benchmarks/part66/non-incremental/QF_NIA/20170427-VeryMax/ITS/From_T2__ppblockterm.t2__p7872_terminationG_0.smt2,24.0126,528,2203,成功
/pub/data/jiafq/iscas/Parser_Comparison/../benchmarks/part66/non-incremental/QF_NIA/20170427-VeryMax/ITS/From_T2__ppblockterm.t2__p7875_terminationG_0.smt2,13.5384,264,1063,成功
/pub/data/jiafq/iscas/Parser_Comparison/../benchmarks/part66/non-incremental/QF_NIA/20170427-VeryMax/ITS/From_T2__ppblockterm.t2__p7876_terminationG_0.smt2,18.3146,264,1604,成功
/pub/data/jiafq/iscas/Parser_Comparison/../benchmarks/part66/non-incremental/QF_NIA/20170427-VeryMax/ITS/From_T2__ppblockterm.t2__p7877_terminationG_0.smt2,24.7948,528,2263,成功
/pub/data/jiafq/iscas/Parser_Comparison/../benchmarks/part66/non-incremental/QF_NIA/20170427-VeryMax/ITS/From_T2__ppblockterm.t2__p7880_terminationG_0.smt2,14.1108,264,1111,成功
/pub/data/jiafq/iscas/Parser_Comparison/../benchmarks/part66/non-incremental/QF_NIA/20170427-VeryMax/ITS/From_T2__ppblockterm.t2__p7881_terminationG_0.smt2,19.1984,264,1652,成功
/pub/data/jiafq/iscas/Parser_Comparison/../benchmarks/part66/non-incremental/QF_NIA/20170427-VeryMax/ITS/From_T2__ppblockterm.t2__p7882_terminationG_0.smt2,25.1431,528,2311,成功
/pub/data/jiafq/iscas/Parser_Comparison/../benchmarks/part66/non-incremental/QF_NIA/20170427-VeryMax/ITS/From_T2__ppblockterm.t2__p7885_terminationG_0.smt2,14.5862,264,1159,成功
/pub/data/jiafq/iscas/Parser_Comparison/../benchmarks/part66/non-incremental/QF_NIA/20170427-VeryMax/ITS/From_T2__ppblockterm.t2__p7886_terminationG_0.smt2,19.5153,264,1700,成功
/pub/data/jiafq/iscas/Parser_Comparison/../benchmarks/part66/non-incremental/QF_NIA/20170427-VeryMax/ITS/From_T2__ppblockterm.t2__p7887_terminationG_0.smt2,25.6629,528,2359,成功
/pub/data/jiafq/iscas/Parser_Comparison/../benchmarks/part66/non-incremental/QF_NIA/20170427-VeryMax/ITS/From_T2__ppblockterm.t2__p7890_terminationG_0.smt2,15.0361,264,1207,成功
/pub/data/jiafq/iscas/Parser_Comparison/../benchmarks/part66/non-incremental/QF_NIA/20170427-VeryMax/ITS/From_T2__ppblockterm.t2__p7891_terminationG_0.smt2,20.1702,264,1748,成功
/pub/data/jiafq/iscas/Parser_Comparison/../benchmarks/part66/non-incremental/QF_NIA/20170427-VeryMax/ITS/From_T2__ppblockterm.t2__p7892_terminationG_0.smt2,26.1464,528,2407,成功
/pub/data/jiafq/iscas/Parser_Comparison/../benchmarks/part66/non-incremental/QF_NIA/20170427-VeryMax/ITS/From_T2__ppblockterm.t2__p7895_terminationG_0.smt2,15.5799,264,1255,成功
/pub/data/jiafq/iscas/Parser_Comparison/../benchmarks/part66/non-incremental/QF_NIA/20170427-VeryMax/ITS/From_T2__ppblockterm.t2__p7896_terminationG_0.smt2,20.6463,528,1796,成功
/pub/data/jiafq/iscas/Parser_Comparison/../benchmarks/part66/non-incremental/QF_NIA/20170427-VeryMax/ITS/From_T2__ppblockterm.t2__p7897_terminationG_0.smt2,26.7696,528,2455,成功
/pub/data/jiafq/iscas/Parser_Comparison/../benchmarks/part66/non-incremental/QF_NIA/20170427-VeryMax/ITS/From_T2__ppblockterm.t2__p7903_edge_closing_0.smt2,89.0787,1584,7845,成功
/pub/data/jiafq/iscas/Parser_Comparison/../benchmarks/part66/non-incremental/QF_NIA/20170427-VeryMax/ITS/From_T2__ppblockterm.t2__p7904_edge_closing_0.smt2,102.761,1584,9101,成功
/pub/data/jiafq/iscas/Parser_Comparison/../benchmarks/part66/non-incremental/QF_NIA/20170427-VeryMax/ITS/From_T2__ppblockterm.t2__p7905_edge_closing_0.smt2,114.978,1848,10415,成功
/pub/data/jiafq/iscas/Parser_Comparison/../benchmarks/part66/non-incremental/QF_NIA/20170427-VeryMax/ITS/From_T2__ppblockterm.t2__p7906_edge_closing_0.smt2,50.7371,792,4436,成功
/pub/data/jiafq/iscas/Parser_Comparison/../benchmarks/part66/non-incremental/QF_NIA/20170427-VeryMax/ITS/From_T2__ppblockterm.t2__p7907_edge_closing_0.smt2,60.2336,1056,5346,成功
/pub/data/jiafq/iscas/Parser_Comparison/../benchmarks/part66/non-incremental/QF_NIA/20170427-VeryMax/ITS/From_T2__ppblockterm.t2__p7908_edge_closing_0.smt2,68.7199,1056,6315,成功
/pub/data/jiafq/iscas/Parser_Comparison/../benchmarks/part66/non-incremental/QF_NIA/20170427-VeryMax/ITS/From_T2__ppblockterm.t2__p7909_edge_closing_0.smt2,26.9172,528,2269,成功
/pub/data/jiafq/iscas/Parser_Comparison/../benchmarks/part66/non-incremental/QF_NIA/20170427-VeryMax/ITS/From_T2__ppblockterm.t2__p7915_edge_closing_0.smt2,21.8377,264,1782,成功
/pub/data/jiafq/iscas/Parser_Comparison/../benchmarks/part66/non-incremental/QF_NIA/20170427-VeryMax/ITS/From_T2__ppblockterm.t2__p7916_edge_closing_0.smt2,27.5371,528,2434,成功
/pub/data/jiafq/iscas/Parser_Comparison/../benchmarks/part66/non-incremental/QF_NIA/20170427-VeryMax/ITS/From_T2__ppblockterm.t2__p7917_edge_closing_0.smt2,34.8246,528,3145,成功
/pub/data/jiafq/iscas/Parser_Comparison/../benchmarks/part66/non-incremental/QF_NIA/20170427-VeryMax/ITS/From_T2__ppblocktermbug.t2__p7771_terminationG_0.smt2,10.1392,264,763,成功
/pub/data/jiafq/iscas/Parser_Comparison/../benchmarks/part66/non-incremental/QF_NIA/20170427-VeryMax/ITS/From_T2__ppblocktermbug.t2__p7772_terminationG_0.smt2,15.2528,264,1305,成功
/pub/data/jiafq/iscas/Parser_Comparison/../benchmarks/part66/non-incremental/QF_NIA/20170427-VeryMax/ITS/From_T2__ppblocktermbug.t2__p7773_terminationG_0.smt2,21.0938,528,1964,成功
/pub/data/jiafq/iscas/Parser_Comparison/../benchmarks/part66/non-incremental/QF_NIA/20170427-VeryMax/ITS/From_T2__ppblocktermbug.t2__p7776_terminationG_0.smt2,10.7884,264,808,成功
/pub/data/jiafq/iscas/Parser_Comparison/../benchmarks/part66/non-incremental/QF_NIA/20170427-VeryMax/ITS/From_T2__ppblocktermbug.t2__p7777_terminationG_0.smt2,15.9512,264,1349,成功
/pub/data/jiafq/iscas/Parser_Comparison/../benchmarks/part66/non-incremental/QF_NIA/20170427-VeryMax/ITS/From_T2__ppblocktermbug.t2__p7778_terminationG_0.smt2,21.7111,528,2008,成功
/pub/data/jiafq/iscas/Parser_Comparison/../benchmarks/part66/non-incremental/QF_NIA/20170427-VeryMax/ITS/From_T2__ppblocktermbug.t2__p7781_terminationG_0.smt2,11.3509,264,876,成功
/pub/data/jiafq/iscas/Parser_Comparison/../benchmarks/part66/non-incremental/QF_NIA/20170427-VeryMax/ITS/From_T2__ppblocktermbug.t2__p7782_terminationG_0.smt2,16.4526,264,1417,成功
/pub/data/jiafq/iscas/Parser_Comparison/../benchmarks/part66/non-incremental/QF_NIA/20170427-VeryMax/ITS/From_T2__ppblocktermbug.t2__p7783_terminationG_0.smt2,22.0978,528,2076,成功
/pub/data/jiafq/iscas/Parser_Comparison/../benchmarks/part66/non-incremental/QF_NIA/20170427-VeryMax/ITS/From_T2__ppblocktermbug.t2__p7786_terminationG_0.smt2,12.1214,264,943,成功
/pub/data/jiafq/iscas/Parser_Comparison/../benchmarks/part66/non-incremental/QF_NIA/20170427-VeryMax/ITS/From_T2__ppblocktermbug.t2__p7787_terminationG_0.smt2,17.441,264,1484,成功
/pub/data/jiafq/iscas/Parser_Comparison/../benchmarks/part66/non-incremental/QF_NIA/20170427-VeryMax/ITS/From_T2__ppblocktermbug.t2__p7788_terminationG_0.smt2,23.406,528,2143,成功
/pub/data/jiafq/iscas/Parser_Comparison/../benchmarks/part66/non-incremental/QF_NIA/20170427-VeryMax/ITS/From_T2__ppblocktermbug.t2__p7791_terminationG_0.smt2,13.1423,264,1003,成功
/pub/data/jiafq/iscas/Parser_Comparison/../benchmarks/part66/non-incremental/QF_NIA/20170427-VeryMax/ITS/From_T2__ppblocktermbug.t2__p7792_terminationG_0.smt2,17.8766,264,1544,成功
/pub/data/jiafq/iscas/Parser_Comparison/../benchmarks/part66/non-incremental/QF_NIA/20170427-VeryMax/ITS/From_T2__ppblocktermbug.t2__p7793_terminationG_0.smt2,23.8838,528,2203,成功
/pub/data/jiafq/iscas/Parser_Comparison/../benchmarks/part66/non-incremental/QF_NIA/20170427-VeryMax/ITS/From_T2__ppblocktermbug.t2__p7796_terminationG_0.smt2,13.612,264,1063,成功
/pub/data/jiafq/iscas/Parser_Comparison/../benchmarks/part66/non-incremental/QF_NIA/20170427-VeryMax/ITS/From_T2__ppblocktermbug.t2__p7797_terminationG_0.smt2,18.2652,264,1604,成功
/pub/data/jiafq/iscas/Parser_Comparison/../benchmarks/part66/non-incremental/QF_NIA/20170427-VeryMax/ITS/From_T2__ppblocktermbug.t2__p7798_terminationG_0.smt2,24.5149,528,2263,成功
/pub/data/jiafq/iscas/Parser_Comparison/../benchmarks/part66/non-incremental/QF_NIA/20170427-VeryMax/ITS/From_T2__ppblocktermbug.t2__p7801_terminationG_0.smt2,13.9642,264,1111,成功
/pub/data/jiafq/iscas/Parser_Comparison/../benchmarks/part66/non-incremental/QF_NIA/20170427-VeryMax/ITS/From_T2__ppblocktermbug.t2__p7802_terminationG_0.smt2,19.2618,264,1652,成功
/pub/data/jiafq/iscas/Parser_Comparison/../benchmarks/part66/non-incremental/QF_NIA/20170427-VeryMax/ITS/From_T2__ppblocktermbug.t2__p7803_terminationG_0.smt2,25.2087,528,2311,成功
/pub/data/jiafq/iscas/Parser_Comparison/../benchmarks/part66/non-incremental/QF_NIA/20170427-VeryMax/ITS/From_T2__ppblocktermbug.t2__p7806_terminationG_0.smt2,14.6084,264,1159,成功
/pub/data/jiafq/iscas/Parser_Comparison/../benchmarks/part66/non-incremental/QF_NIA/20170427-VeryMax/ITS/From_T2__ppblocktermbug.t2__p7807_terminationG_0.smt2,19.3801,264,1700,成功
/pub/data/jiafq/iscas/Parser_Comparison/../benchmarks/part66/non-incremental/QF_NIA/20170427-VeryMax/ITS/From_T2__ppblocktermbug.t2__p7808_terminationG_0.smt2,26.1347,528,2359,成功
/pub/data/jiafq/iscas/Parser_Comparison/../benchmarks/part66/non-incremental/QF_NIA/20170427-VeryMax/ITS/From_T2__ppblocktermbug.t2__p7811_terminationG_0.smt2,15.2388,264,1207,成功
/pub/data/jiafq/iscas/Parser_Comparison/../benchmarks/part66/non-incremental/QF_NIA/20170427-VeryMax/ITS/From_T2__ppblocktermbug.t2__p7812_terminationG_0.smt2,20.1612,264,1748,成功
/pub/data/jiafq/iscas/Parser_Comparison/../benchmarks/part66/non-incremental/QF_NIA/20170427-VeryMax/ITS/From_T2__ppblocktermbug.t2__p7813_terminationG_0.smt2,26.2573,528,2407,成功
/pub/data/jiafq/iscas/Parser_Comparison/../benchmarks/part66/non-incremental/QF_NIA/20170427-VeryMax/ITS/From_T2__ppblocktermbug.t2__p7816_terminationG_0.smt2,15.6443,264,1255,成功
/pub/data/jiafq/iscas/Parser_Comparison/../benchmarks/part66/non-incremental/QF_NIA/20170427-VeryMax/ITS/From_T2__ppblocktermbug.t2__p7817_terminationG_0.smt2,20.9997,528,1796,成功
/pub/data/jiafq/iscas/Parser_Comparison/../benchmarks/part66/non-incremental/QF_NIA/20170427-VeryMax/ITS/From_T2__ppblocktermbug.t2__p7818_terminationG_0.smt2,26.9456,528,2455,成功
/pub/data/jiafq/iscas/Parser_Comparison/../benchmarks/part66/non-incremental/QF_NIA/20170427-VeryMax/ITS/From_T2__ppblocktermbug.t2__p7824_edge_closing_0.smt2,90.9936,1584,7845,成功
/pub/data/jiafq/iscas/Parser_Comparison/../benchmarks/part66/non-incremental/QF_NIA/20170427-VeryMax/ITS/From_T2__ppblocktermbug.t2__p7825_edge_closing_0.smt2,102.767,1584,9101,成功
/pub/data/jiafq/iscas/Parser_Comparison/../benchmarks/part66/non-incremental/QF_NIA/20170427-VeryMax/ITS/From_T2__ppblocktermbug.t2__p7826_edge_closing_0.smt2,114.841,1848,10415,成功
/pub/data/jiafq/iscas/Parser_Comparison/../benchmarks/part66/non-incremental/QF_NIA/20170427-VeryMax/ITS/From_T2__ppblocktermbug.t2__p7827_edge_closing_0.smt2,51.3587,792,4436,成功
/pub/data/jiafq/iscas/Parser_Comparison/../benchmarks/part66/non-incremental/QF_NIA/20170427-VeryMax/ITS/From_T2__ppblocktermbug.t2__p7828_edge_closing_0.smt2,59.3376,1056,5346,成功
/pub/data/jiafq/iscas/Parser_Comparison/../benchmarks/part66/non-incremental/QF_NIA/20170427-VeryMax/ITS/From_T2__ppblocktermbug.t2__p7829_edge_closing_0.smt2,69.4904,1056,6315,成功
/pub/data/jiafq/iscas/Parser_Comparison/../benchmarks/part66/non-incremental/QF_NIA/20170427-VeryMax/ITS/From_T2__ppblocktermbug.t2__p7830_edge_closing_0.smt2,27.2231,528,2269,成功
/pub/data/jiafq/iscas/Parser_Comparison/../benchmarks/part66/non-incremental/QF_NIA/20170427-VeryMax/ITS/From_T2__ppblocktermbug.t2__p7836_edge_closing_0.smt2,21.8532,264,1782,成功
/pub/data/jiafq/iscas/Parser_Comparison/../benchmarks/part66/non-incremental/QF_NIA/20170427-VeryMax/ITS/From_T2__ppblocktermbug.t2__p7838_edge_closing_0.smt2,34.6191,528,3145,成功
/pub/data/jiafq/iscas/Parser_Comparison/../benchmarks/part66/non-incremental/QF_NIA/20170427-VeryMax/ITS/From_T2__prime.t2__p8287_terminationG_0.smt2,4.22764,264,253,成功
/pub/data/jiafq/iscas/Parser_Comparison/../benchmarks/part66/non-incremental/QF_NIA/20170427-VeryMax/ITS/From_T2__prime.t2__p8288_terminationG_0.smt2,6.69003,264,398,成功
/pub/data/jiafq/iscas/Parser_Comparison/../benchmarks/part66/non-incremental/QF_NIA/20170427-VeryMax/ITS/From_T2__prime.t2__p8289_terminationG_0.smt2,8.85272,264,577,成功
/pub/data/jiafq/iscas/Parser_Comparison/../benchmarks/part66/non-incremental/QF_NIA/20170427-VeryMax/ITS/From_T2__prime.t2__p8292_terminationG_0.smt2,5.38993,264,290,成功
/pub/data/jiafq/iscas/Parser_Comparison/../benchmarks/part66/non-incremental/QF_NIA/20170427-VeryMax/ITS/From_T2__prime.t2__p8293_terminationG_0.smt2,7.27105,264,434,成功
/pub/data/jiafq/iscas/Parser_Comparison/../benchmarks/part66/non-incremental/QF_NIA/20170427-VeryMax/ITS/From_T2__prime.t2__p8294_terminationG_0.smt2,9.23276,264,613,成功
/pub/data/jiafq/iscas/Parser_Comparison/../benchmarks/part66/non-incremental/QF_NIA/20170427-VeryMax/ITS/From_T2__prime.t2__terminationQ_1_0.smt2,5.37086,264,314,成功
/pub/data/jiafq/iscas/Parser_Comparison/../benchmarks/part66/non-incremental/QF_NIA/20170427-VeryMax/ITS/From_T2__prime.t2_fixed__p8270_terminationG_0.smt2,4.1821,264,251,成功
/pub/data/jiafq/iscas/Parser_Comparison/../benchmarks/part66/non-incremental/QF_NIA/20170427-VeryMax/ITS/From_T2__prime.t2_fixed__p8271_terminationG_0.smt2,6.64115,264,396,成功
/pub/data/jiafq/iscas/Parser_Comparison/../benchmarks/part66/non-incremental/QF_NIA/20170427-VeryMax/ITS/From_T2__prime.t2_fixed__p8272_terminationG_0.smt2,9.00888,264,575,成功
/pub/data/jiafq/iscas/Parser_Comparison/../benchmarks/part66/non-incremental/QF_NIA/20170427-VeryMax/ITS/From_T2__prime.t2_fixed__p8275_terminationG_0.smt2,5.33319,264,288,成功
/pub/data/jiafq/iscas/Parser_Comparison/../benchmarks/part66/non-incremental/QF_NIA/20170427-VeryMax/ITS/From_T2__prime.t2_fixed__p8276_terminationG_0.smt2,6.99663,264,432,成功
/pub/data/jiafq/iscas/Parser_Comparison/../benchmarks/part66/non-incremental/QF_NIA/20170427-VeryMax/ITS/From_T2__prime.t2_fixed__p8277_terminationG_0.smt2,9.06372,264,611,成功
/pub/data/jiafq/iscas/Parser_Comparison/../benchmarks/part66/non-incremental/QF_NIA/20170427-VeryMax/ITS/From_T2__prime.t2_fixed__terminationQ_1_0.smt2,5.45049,264,313,成功
/pub/data/jiafq/iscas/Parser_Comparison/../benchmarks/part66/non-incremental/QF_NIA/20170427-VeryMax/ITS/From_T2__qrdcmp.c.i.qrdcmp.pl.t2.fixed.t2__term_unfeasibility_0_0.smt2,43.8118,792,4721,成功
/pub/data/jiafq/iscas/Parser_Comparison/../benchmarks/part66/non-incremental/QF_NIA/20170427-VeryMax/ITS/From_T2__qrdcmp.c.i.qrdcmp.pl.t2.fixed.t2__term_unfeasibility_1_0.smt2,39.9275,528,4277,成功
/pub/data/jiafq/iscas/Parser_Comparison/../benchmarks/part66/non-incremental/QF_NIA/20170427-VeryMax/ITS/From_T2__qrdcmp.c.i.qrdcmp.pl.t2.fixed.t2__term_unfeasibility_3_0.smt2,32.234,528,3395,成功
/pub/data/jiafq/iscas/Parser_Comparison/../benchmarks/part66/non-incremental/QF_NIA/20170427-VeryMax/ITS/From_T2__qrdcmp.t2__term_unfeasibility_1_0.smt2,44.935,792,4806,成功
/pub/data/jiafq/iscas/Parser_Comparison/../benchmarks/part66/non-incremental/QF_NIA/20170427-VeryMax/ITS/From_T2__qrdcmp.t2__term_unfeasibility_2_0.smt2,46.8955,792,4949,成功
/pub/data/jiafq/iscas/Parser_Comparison/../benchmarks/part66/non-incremental/QF_NIA/20170427-VeryMax/ITS/From_T2__qrdcmp.t2__term_unfeasibility_3_0.smt2,43.9327,792,4705,成功
/pub/data/jiafq/iscas/Parser_Comparison/../benchmarks/part66/non-incremental/QF_NIA/20170427-VeryMax/ITS/From_T2__qrdcmp.t2__term_unfeasibility_4_0.smt2,45.3258,792,4830,成功
/pub/data/jiafq/iscas/Parser_Comparison/../benchmarks/part66/non-incremental/QF_NIA/20170427-VeryMax/ITS/From_T2__qrdcmp.t2__term_unfeasibility_5_0.smt2,38.5878,528,4062,成功
/pub/data/jiafq/iscas/Parser_Comparison/../benchmarks/part66/non-incremental/QF_NIA/20170427-VeryMax/ITS/From_T2__queens.t2__p8368_terminationG_0.smt2,129.406,1848,12681,成功
/pub/data/jiafq/iscas/Parser_Comparison/../benchmarks/part66/non-incremental/QF_NIA/20170427-VeryMax/ITS/From_T2__queens.t2__p8369_terminationG_0.smt2,200.398,2904,20226,成功
/pub/data/jiafq/iscas/Parser_Comparison/../benchmarks/part66/non-incremental/QF_NIA/20170427-VeryMax/ITS/From_T2__queens.t2__p8370_terminationG_0.smt2,286.63,3432,29557,成功
/pub/data/jiafq/iscas/Parser_Comparison/../benchmarks/part66/non-incremental/QF_NIA/20170427-VeryMax/ITS/From_T2__queens.t2__p8372_terminationG_0.smt2,111.128,1584,10772,成功
/pub/data/jiafq/iscas/Parser_Comparison/../benchmarks/part66/non-incremental/QF_NIA/20170427-VeryMax/ITS/From_T2__queens.t2__p8374_terminationG_0.smt2,179.085,2640,17888,成功
/pub/data/jiafq/iscas/Parser_Comparison/../benchmarks/part66/non-incremental/QF_NIA/20170427-VeryMax/ITS/From_T2__queens.t2__p8375_terminationG_0.smt2,257.839,3168,26799,成功
/pub/data/jiafq/iscas/Parser_Comparison/../benchmarks/part66/non-incremental/QF_NIA/20170427-VeryMax/ITS/From_T2__queens.t2__term_unfeasibility_1_0.smt2,62.6624,792,6907,成功
/pub/data/jiafq/iscas/Parser_Comparison/../benchmarks/part66/non-incremental/QF_NIA/20170427-VeryMax/ITS/From_T2__queens.t2__term_unfeasibility_2_0.smt2,53.1547,792,5775,成功
/pub/data/jiafq/iscas/Parser_Comparison/../benchmarks/part66/non-incremental/QF_NIA/20170427-VeryMax/ITS/From_T2__queens.t2__term_unfeasibility_3_0.smt2,50.9825,792,5406,成功
/pub/data/jiafq/iscas/Parser_Comparison/../benchmarks/part66/non-incremental/QF_NIA/20170427-VeryMax/ITS/From_T2__queens.t2_fixed__p8351_terminationG_0.smt2,118.948,1584,10984,成功
/pub/data/jiafq/iscas/Parser_Comparison/../benchmarks/part66/non-incremental/QF_NIA/20170427-VeryMax/ITS/From_T2__queens.t2_fixed__p8353_terminationG_0.smt2,175.026,2640,17441,成功
/pub/data/jiafq/iscas/Parser_Comparison/../benchmarks/part66/non-incremental/QF_NIA/20170427-VeryMax/ITS/From_T2__queens.t2_fixed__p8354_terminationG_0.smt2,248.48,3168,25433,成功
/pub/data/jiafq/iscas/Parser_Comparison/../benchmarks/part66/non-incremental/QF_NIA/20170427-VeryMax/ITS/From_T2__queens.t2_fixed__p8357_terminationG_0.smt2,97.8715,1584,9311,成功
/pub/data/jiafq/iscas/Parser_Comparison/../benchmarks/part66/non-incremental/QF_NIA/20170427-VeryMax/ITS/From_T2__queens.t2_fixed__p8358_terminationG_0.smt2,154.767,2112,15402,成功
/pub/data/jiafq/iscas/Parser_Comparison/../benchmarks/part66/non-incremental/QF_NIA/20170427-VeryMax/ITS/From_T2__queens.t2_fixed__p8359_terminationG_0.smt2,224.329,2904,23034,成功
/pub/data/jiafq/iscas/Parser_Comparison/../benchmarks/part66/non-incremental/QF_NIA/20170427-VeryMax/ITS/From_T2__queens.t2_fixed__term_unfeasibility_2_0.smt2,46.1791,792,4866,成功
/pub/data/jiafq/iscas/Parser_Comparison/../benchmarks/part66/non-incremental/QF_NIA/20170427-VeryMax/ITS/From_T2__queens.t2_fixed__term_unfeasibility_3_0.smt2,44.564,792,4593,成功
/pub/data/jiafq/iscas/Parser_Comparison/../benchmarks/part66/non-incremental/QF_NIA/20170427-VeryMax/ITS/From_T2__randomwalk.t2__p8410_terminationG_0.smt2,39.4061,792,3603,成功
/pub/data/jiafq/iscas/Parser_Comparison/../benchmarks/part66/non-incremental/QF_NIA/20170427-VeryMax/ITS/From_T2__randomwalk.t2__p8411_terminationG_0.smt2,57.9441,792,5576,成功
/pub/data/jiafq/iscas/Parser_Comparison/../benchmarks/part66/non-incremental/QF_NIA/20170427-VeryMax/ITS/From_T2__randomwalk.t2__p8412_terminationG_0.smt2,78.7778,1056,7959,成功
/pub/data/jiafq/iscas/Parser_Comparison/../benchmarks/part66/non-incremental/QF_NIA/20170427-VeryMax/ITS/From_T2__randomwalk.t2__p8415_terminationG_0.smt2,69.1283,1056,6590,成功
/pub/data/jiafq/iscas/Parser_Comparison/../benchmarks/part66/non-incremental/QF_NIA/20170427-VeryMax/ITS/From_T2__randomwalk.t2__p8416_terminationG_0.smt2,100.999,1584,9991,成功
/pub/data/jiafq/iscas/Parser_Comparison/../benchmarks/part66/non-incremental/QF_NIA/20170427-VeryMax/ITS/From_T2__randomwalk.t2__p8417_terminationG_0.smt2,135.806,2112,14056,成功
/pub/data/jiafq/iscas/Parser_Comparison/../benchmarks/part66/non-incremental/QF_NIA/20170427-VeryMax/ITS/From_T2__randomwalk.t2__p8420_terminationG_0.smt2,44.7466,792,4017,成功
/pub/data/jiafq/iscas/Parser_Comparison/../benchmarks/part66/non-incremental/QF_NIA/20170427-VeryMax/ITS/From_T2__randomwalk.t2__p8421_terminationG_0.smt2,63.869,1056,6118,成功
/pub/data/jiafq/iscas/Parser_Comparison/../benchmarks/part66/non-incremental/QF_NIA/20170427-VeryMax/ITS/From_T2__randomwalk.t2__p8422_terminationG_0.smt2,85.6898,1320,8633,成功
/pub/data/jiafq/iscas/Parser_Comparison/../benchmarks/part66/non-incremental/QF_NIA/20170427-VeryMax/ITS/From_T2__randomwalk.t2__p8427_terminationG_0.smt2,48.8636,792,4459,成功
/pub/data/jiafq/iscas/Parser_Comparison/../benchmarks/part66/non-incremental/QF_NIA/20170427-VeryMax/ITS/From_T2__randomwalk.t2__p8428_terminationG_0.smt2,70.2546,1056,6680,成功
/pub/data/jiafq/iscas/Parser_Comparison/../benchmarks/part66/non-incremental/QF_NIA/20170427-VeryMax/ITS/From_T2__randomwalk.t2__p8429_terminationG_0.smt2,93.0662,1320,9315,成功
/pub/data/jiafq/iscas/Parser_Comparison/../benchmarks/part66/non-incremental/QF_NIA/20170427-VeryMax/ITS/From_T2__randomwalk.t2__p8432_terminationG_0.smt2,55.8352,792,5018,成功
/pub/data/jiafq/iscas/Parser_Comparison/../benchmarks/part66/non-incremental/QF_NIA/20170427-VeryMax/ITS/From_T2__randomwalk.t2__p8433_terminationG_0.smt2,76.7272,1056,7389,成功
/pub/data/jiafq/iscas/Parser_Comparison/../benchmarks/part66/non-incremental/QF_NIA/20170427-VeryMax/ITS/From_T2__randomwalk.t2__p8434_terminationG_0.smt2,101.272,1584,10174,成功
/pub/data/jiafq/iscas/Parser_Comparison/../benchmarks/part66/non-incremental/QF_NIA/20170427-VeryMax/ITS/From_T2__randomwalk.t2__p8439_terminationG_0.smt2,59.3576,1056,5325,成功
/pub/data/jiafq/iscas/Parser_Comparison/../benchmarks/part66/non-incremental/QF_NIA/20170427-VeryMax/ITS/From_T2__randomwalk.t2__p8440_terminationG_0.smt2,81.3196,1056,7780,成功
/pub/data/jiafq/iscas/Parser_Comparison/../benchmarks/part66/non-incremental/QF_NIA/20170427-VeryMax/ITS/From_T2__randomwalk.t2__p8441_terminationG_0.smt2,107.991,1584,10655,成功
/pub/data/jiafq/iscas/Parser_Comparison/../benchmarks/part66/non-incremental/QF_NIA/20170427-VeryMax/ITS/From_T2__randomwalk.t2__p8448_edge_closing_0.smt2,101.821,1320,9874,成功
/pub/data/jiafq/iscas/Parser_Comparison/../benchmarks/part66/non-incremental/QF_NIA/20170427-VeryMax/ITS/From_T2__randomwalk.t2__p8449_edge_closing_0.smt2,133.43,1584,13627,成功
/pub/data/jiafq/iscas/Parser_Comparison/../benchmarks/part66/non-incremental/QF_NIA/20170427-VeryMax/ITS/From_T2__randomwalk.t2__p8450_edge_closing_0.smt2,171.035,2112,18031,成功
/pub/data/jiafq/iscas/Parser_Comparison/../benchmarks/part66/non-incremental/QF_NIA/20170427-VeryMax/ITS/From_T2__randomwalk.t2__p8452_edge_closing_0.smt2,118.115,1848,10639,成功
/pub/data/jiafq/iscas/Parser_Comparison/../benchmarks/part66/non-incremental/QF_NIA/20170427-VeryMax/ITS/From_T2__randomwalk.t2__p8453_edge_closing_0.smt2,151.962,2112,14172,成功
/pub/data/jiafq/iscas/Parser_Comparison/../benchmarks/part66/non-incremental/QF_NIA/20170427-VeryMax/ITS/From_T2__randomwalk.t2__p8454_edge_closing_0.smt2,186.556,2640,18123,成功
/pub/data/jiafq/iscas/Parser_Comparison/../benchmarks/part66/non-incremental/QF_NIA/20170427-VeryMax/ITS/From_T2__randomwalk.t2__p8456_edge_closing_0.smt2,67.3106,1056,6341,成功
/pub/data/jiafq/iscas/Parser_Comparison/../benchmarks/part66/non-incremental/QF_NIA/20170427-VeryMax/ITS/From_T2__randomwalk.t2__p8457_edge_closing_0.smt2,86.0507,1056,8607,成功
/pub/data/jiafq/iscas/Parser_Comparison/../benchmarks/part66/non-incremental/QF_NIA/20170427-VeryMax/ITS/From_T2__randomwalk.t2__p8459_edge_closing_0.smt2,77.6505,1056,7174,成功
/pub/data/jiafq/iscas/Parser_Comparison/../benchmarks/part66/non-incremental/QF_NIA/20170427-VeryMax/ITS/From_T2__randomwalk.t2__p8460_edge_closing_0.smt2,97.5523,1584,9399,成功
/pub/data/jiafq/iscas/Parser_Comparison/../benchmarks/part66/non-incremental/QF_NIA/20170427-VeryMax/ITS/From_T2__randomwalk.t2__p8463_edge_closing_0.smt2,20.4616,264,1728,成功
/pub/data/jiafq/iscas/Parser_Comparison/../benchmarks/part66/non-incremental/QF_NIA/20170427-VeryMax/ITS/From_T2__randomwalk.t2__terminationQ_3_0.smt2,59.5248,1056,5394,成功
/pub/data/jiafq/iscas/Parser_Comparison/../benchmarks/part66/non-incremental/QF_NIA/20170427-VeryMax/ITS/From_T2__randomwalk.t2__terminationS_0_0.smt2,40.1268,528,3894,成功
/pub/data/jiafq/iscas/Parser_Comparison/../benchmarks/part66/non-incremental/QF_NIA/20170427-VeryMax/ITS/From_T2__randomwalk.t2__terminationS_1_0.smt2,41.3332,528,4034,成功
/pub/data/jiafq/iscas/Parser_Comparison/../benchmarks/part66/non-incremental/QF_NIA/20170427-VeryMax/ITS/From_T2__randomwalk.t2__terminationS_2_0.smt2,41.8079,528,4043,成功
/pub/data/jiafq/iscas/Parser_Comparison/../benchmarks/part66/non-incremental/QF_NIA/20170427-VeryMax/ITS/From_T2__randomwalk.t2__terminationS_5_0.smt2,45.5747,792,4594,成功
/pub/data/jiafq/iscas/Parser_Comparison/../benchmarks/part66/non-incremental/QF_NIA/20170427-VeryMax/ITS/From_T2__refine_disj_problem.t2__p8545_terminationG_0.smt2,14.4105,264,1223,成功
/pub/data/jiafq/iscas/Parser_Comparison/../benchmarks/part66/non-incremental/QF_NIA/20170427-VeryMax/ITS/From_T2__refine_disj_problem.t2__p8549_terminationG_0.smt2,11.4276,264,909,成功
/pub/data/jiafq/iscas/Parser_Comparison/../benchmarks/part66/non-incremental/QF_NIA/20170427-VeryMax/ITS/From_T2__refine_disj_problem.t2__p8550_terminationG_0.smt2,15.3577,264,1289,成功
/pub/data/jiafq/iscas/Parser_Comparison/../benchmarks/part66/non-incremental/QF_NIA/20170427-VeryMax/ITS/From_T2__refine_disj_problem.t2__p8554_edge_closing_0.smt2,19.7463,264,1658,成功
/pub/data/jiafq/iscas/Parser_Comparison/../benchmarks/part66/non-incremental/QF_NIA/20170427-VeryMax/ITS/From_T2__refine_disj_problem.t2_fixed__p8494_terminationG_0.smt2,5.78189,264,381,成功
/pub/data/jiafq/iscas/Parser_Comparison/../benchmarks/part66/non-incremental/QF_NIA/20170427-VeryMax/ITS/From_T2__refine_disj_problem.t2_fixed__p8495_terminationG_0.smt2,8.14176,264,608,成功
/pub/data/jiafq/iscas/Parser_Comparison/../benchmarks/part66/non-incremental/QF_NIA/20170427-VeryMax/ITS/From_T2__refine_disj_problem.t2_fixed__p8496_terminationG_0.smt2,10.8247,264,883,成功
/pub/data/jiafq/iscas/Parser_Comparison/../benchmarks/part66/non-incremental/QF_NIA/20170427-VeryMax/ITS/From_T2__refine_disj_problem.t2_fixed__p8501_terminationG_0.smt2,6.50549,264,434,成功
/pub/data/jiafq/iscas/Parser_Comparison/../benchmarks/part66/non-incremental/QF_NIA/20170427-VeryMax/ITS/From_T2__refine_disj_problem.t2_fixed__p8502_terminationG_0.smt2,8.8222,264,661,成功
/pub/data/jiafq/iscas/Parser_Comparison/../benchmarks/part66/non-incremental/QF_NIA/20170427-VeryMax/ITS/From_T2__refine_disj_problem.t2_fixed__p8503_terminationG_0.smt2,11.4493,264,936,成功
/pub/data/jiafq/iscas/Parser_Comparison/../benchmarks/part66/non-incremental/QF_NIA/20170427-VeryMax/ITS/From_T2__refine_disj_problem.t2_fixed__p8506_terminationG_0.smt2,6.48665,264,441,成功
/pub/data/jiafq/iscas/Parser_Comparison/../benchmarks/part66/non-incremental/QF_NIA/20170427-VeryMax/ITS/From_T2__refine_disj_problem.t2_fixed__p8507_terminationG_0.smt2,8.89683,264,668,成功
/pub/data/jiafq/iscas/Parser_Comparison/../benchmarks/part66/non-incremental/QF_NIA/20170427-VeryMax/ITS/From_T2__refine_disj_problem.t2_fixed__p8508_terminationG_0.smt2,11.4543,264,943,成功
/pub/data/jiafq/iscas/Parser_Comparison/../benchmarks/part66/non-incremental/QF_NIA/20170427-VeryMax/ITS/From_T2__refine_disj_problem.t2_fixed__p8511_terminationG_0.smt2,7.16114,264,496,成功
/pub/data/jiafq/iscas/Parser_Comparison/../benchmarks/part66/non-incremental/QF_NIA/20170427-VeryMax/ITS/From_T2__refine_disj_problem.t2_fixed__p8512_terminationG_0.smt2,9.46689,264,723,成功
/pub/data/jiafq/iscas/Parser_Comparison/../benchmarks/part66/non-incremental/QF_NIA/20170427-VeryMax/ITS/From_T2__refine_disj_problem.t2_fixed__p8513_terminationG_0.smt2,12.0504,264,998,成功
/pub/data/jiafq/iscas/Parser_Comparison/../benchmarks/part66/non-incremental/QF_NIA/20170427-VeryMax/ITS/From_T2__refine_disj_problem.t2_fixed__p8519_edge_closing_0.smt2,8.78811,264,691,成功
/pub/data/jiafq/iscas/Parser_Comparison/../benchmarks/part66/non-incremental/QF_NIA/20170427-VeryMax/ITS/From_T2__rev_nt2.t2__p8653_terminationG_0.smt2,9.28593,264,637,成功
/pub/data/jiafq/iscas/Parser_Comparison/../benchmarks/part66/non-incremental/QF_NIA/20170427-VeryMax/ITS/From_T2__rev_nt2.t2__p8654_terminationG_0.smt2,12.4063,264,911,成功
/pub/data/jiafq/iscas/Parser_Comparison/../benchmarks/part66/non-incremental/QF_NIA/20170427-VeryMax/ITS/From_T2__rev_nt2.t2__p8658_safety_0.smt2,22.2876,264,1828,成功
/pub/data/jiafq/iscas/Parser_Comparison/../benchmarks/part66/non-incremental/QF_NIA/20170427-VeryMax/ITS/From_T2__rev_nt2.t2__p8659_safety_0.smt2,29.9683,528,2584,成功
/pub/data/jiafq/iscas/Parser_Comparison/../benchmarks/part66/non-incremental/QF_NIA/20170427-VeryMax/ITS/From_T2__rev_nt2.t2_fixed__p8633_safety_0.smt2,30.0183,528,2838,成功
/pub/data/jiafq/iscas/Parser_Comparison/../benchmarks/part66/non-incremental/QF_NIA/20170427-VeryMax/ITS/From_T2__rev_nt2.t2_fixed__p8634_safety_0.smt2,41.3208,528,3988,成功
/pub/data/jiafq/iscas/Parser_Comparison/../benchmarks/part66/non-incremental/QF_NIA/20170427-VeryMax/ITS/From_T2__rev_nt2.t2_fixed__p8636_safety_0.smt2,7.46202,264,566,成功
/pub/data/jiafq/iscas/Parser_Comparison/../benchmarks/part66/non-incremental/QF_NIA/20170427-VeryMax/ITS/From_T2__rev_nt2.t2_fixed__p8637_safety_0.smt2,10.2768,264,849,成功
/pub/data/jiafq/iscas/Parser_Comparison/../benchmarks/part66/non-incremental/QF_NIA/20170427-VeryMax/ITS/From_T2__rev_nt3.t2__p8692_safety_0.smt2,30.046,528,2838,成功
/pub/data/jiafq/iscas/Parser_Comparison/../benchmarks/part66/non-incremental/QF_NIA/20170427-VeryMax/ITS/From_T2__rev_nt3.t2__p8693_safety_0.smt2,41.4546,528,3988,成功
/pub/data/jiafq/iscas/Parser_Comparison/../benchmarks/part66/non-incremental/QF_NIA/20170427-VeryMax/ITS/From_T2__rev_nt3.t2__p8695_safety_0.smt2,7.43937,264,566,成功
/pub/data/jiafq/iscas/Parser_Comparison/../benchmarks/part66/non-incremental/QF_NIA/20170427-VeryMax/ITS/From_T2__rev_nt3.t2__p8696_safety_0.smt2,9.99236,264,849,成功
/pub/data/jiafq/iscas/Parser_Comparison/../benchmarks/part66/non-incremental/QF_NIA/20170427-VeryMax/ITS/From_T2__reverse.t2_fixed__term_unfeasibility_2_0.smt2,65.7485,792,6676,成功
/pub/data/jiafq/iscas/Parser_Comparison/../benchmarks/part66/non-incremental/QF_NIA/20170427-VeryMax/ITS/From_T2__reverse_div4.t2__p8599_terminationG_0.smt2,26.4249,528,2010,成功
/pub/data/jiafq/iscas/Parser_Comparison/../benchmarks/part66/non-incremental/QF_NIA/20170427-VeryMax/ITS/From_T2__reverse_div4.t2__p8600_terminationG_0.smt2,33.8705,528,2726,成功
/pub/data/jiafq/iscas/Parser_Comparison/../benchmarks/part66/non-incremental/QF_NIA/20170427-VeryMax/ITS/From_T2__reverse_div4.t2__p8604_safety_0.smt2,43.0074,792,3864,成功
/pub/data/jiafq/iscas/Parser_Comparison/../benchmarks/part66/non-incremental/QF_NIA/20170427-VeryMax/ITS/From_T2__reverse_div4.t2__p8605_safety_0.smt2,58.0742,1056,5359,成功
/pub/data/jiafq/iscas/Parser_Comparison/../benchmarks/part66/non-incremental/QF_NIA/20170427-VeryMax/ITS/From_T2__reverse_div4.t2_fixed__p8573_terminationG_0.smt2,55.8922,1056,4758,成功
/pub/data/jiafq/iscas/Parser_Comparison/../benchmarks/part66/non-incremental/QF_NIA/20170427-VeryMax/ITS/From_T2__reverse_div4.t2_fixed__p8577_terminationG_0.smt2,25.9016,528,2015,成功
/pub/data/jiafq/iscas/Parser_Comparison/../benchmarks/part66/non-incremental/QF_NIA/20170427-VeryMax/ITS/From_T2__reverse_div4.t2_fixed__p8578_terminationG_0.smt2,34.394,528,2693,成功
/pub/data/jiafq/iscas/Parser_Comparison/../benchmarks/part66/non-incremental/QF_NIA/20170427-VeryMax/ITS/From_T2__reverse_div4.t2_fixed__p8582_safety_0.smt2,36.674,528,3241,成功
/pub/data/jiafq/iscas/Parser_Comparison/../benchmarks/part66/non-incremental/QF_NIA/20170427-VeryMax/ITS/From_T2__reverse_div4.t2_fixed__p8583_safety_0.smt2,48.1648,792,4426,成功
/pub/data/jiafq/iscas/Parser_Comparison/../benchmarks/part66/non-incremental/QF_NIA/20170427-VeryMax/ITS/From_T2__reverse_div4.t2_fixed__p8587_edge_closing_0.smt2,98.3286,1584,7931,成功
/pub/data/jiafq/iscas/Parser_Comparison/../benchmarks/part66/non-incremental/QF_NIA/20170427-VeryMax/ITS/From_T2__reverse_div4.t2_fixed__p8588_edge_closing_0.smt2,120.367,1584,9944,成功
/pub/data/jiafq/iscas/Parser_Comparison/../benchmarks/part66/non-incremental/QF_NIA/20170427-VeryMax/ITS/From_T2__reverse_seg_cyclic.t2_fixed__term_unfeasibility_1_0.smt2,89.325,1056,9462,成功
/pub/data/jiafq/iscas/Parser_Comparison/../benchmarks/part66/non-incremental/QF_NIA/20170427-VeryMax/ITS/From_T2__reverse_seg_cyclic.t2_fixed__term_unfeasibility_2_0.smt2,71.7869,1056,7526,成功
/pub/data/jiafq/iscas/Parser_Comparison/../benchmarks/part66/non-incremental/QF_NIA/20170427-VeryMax/ITS/From_T2__rlft3.c.i.rlft3.pl.t2.fixed.t2__p8723_terminationG_0.smt2,42.5906,792,4184,成功
/pub/data/jiafq/iscas/Parser_Comparison/../benchmarks/part66/non-incremental/QF_NIA/20170427-VeryMax/ITS/From_T2__rlft3.c.i.rlft3.pl.t2.fixed.t2__p8724_terminationG_0.smt2,94.5349,1320,10291,成功
/pub/data/jiafq/iscas/Parser_Comparison/../benchmarks/part66/non-incremental/QF_NIA/20170427-VeryMax/ITS/From_T2__rlft3.c.i.rlft3.pl.t2.fixed.t2__p8725_terminationG_0.smt2,156.222,1848,18313,成功
/pub/data/jiafq/iscas/Parser_Comparison/../benchmarks/part66/non-incremental/QF_NIA/20170427-VeryMax/ITS/From_T2__rlft3.c.i.rlft3.pl.t2.fixed.t2__p8730_terminationG_0.smt2,43.3853,792,4156,成功
/pub/data/jiafq/iscas/Parser_Comparison/../benchmarks/part66/non-incremental/QF_NIA/20170427-VeryMax/ITS/From_T2__rlft3.c.i.rlft3.pl.t2.fixed.t2__p8731_terminationG_0.smt2,95.9201,1584,10235,成功
/pub/data/jiafq/iscas/Parser_Comparison/../benchmarks/part66/non-incremental/QF_NIA/20170427-VeryMax/ITS/From_T2__rlft3.c.i.rlft3.pl.t2.fixed.t2__p8732_terminationG_0.smt2,158.721,1848,18229,成功
/pub/data/jiafq/iscas/Parser_Comparison/../benchmarks/part66/non-incremental/QF_NIA/20170427-VeryMax/ITS/From_T2__rlft3.c.i.rlft3.pl.t2.fixed.t2__p8739_terminationG_0.smt2,44.2226,792,4193,成功
/pub/data/jiafq/iscas/Parser_Comparison/../benchmarks/part66/non-incremental/QF_NIA/20170427-VeryMax/ITS/From_T2__rlft3.c.i.rlft3.pl.t2.fixed.t2__p8740_terminationG_0.smt2,96.7469,1584,10271,成功
/pub/data/jiafq/iscas/Parser_Comparison/../benchmarks/part66/non-incremental/QF_NIA/20170427-VeryMax/ITS/From_T2__rlft3.c.i.rlft3.pl.t2.fixed.t2__p8741_terminationG_0.smt2,159.652,1848,18265,成功
/pub/data/jiafq/iscas/Parser_Comparison/../benchmarks/part66/non-incremental/QF_NIA/20170427-VeryMax/ITS/From_T2__rlft3.c.i.rlft3.pl.t2.fixed.t2__p8744_terminationG_0.smt2,44.9448,792,4253,成功
/pub/data/jiafq/iscas/Parser_Comparison/../benchmarks/part66/non-incremental/QF_NIA/20170427-VeryMax/ITS/From_T2__rlft3.c.i.rlft3.pl.t2.fixed.t2__p8745_terminationG_0.smt2,95.3798,1584,10331,成功
/pub/data/jiafq/iscas/Parser_Comparison/../benchmarks/part66/non-incremental/QF_NIA/20170427-VeryMax/ITS/From_T2__rlft3.c.i.rlft3.pl.t2.fixed.t2__p8746_terminationG_0.smt2,162.512,1848,18325,成功
/pub/data/jiafq/iscas/Parser_Comparison/../benchmarks/part66/non-incremental/QF_NIA/20170427-VeryMax/ITS/From_T2__rlft3.c.i.rlft3.pl.t2.fixed.t2__p8749_terminationG_0.smt2,45.8474,792,4313,成功
/pub/data/jiafq/iscas/Parser_Comparison/../benchmarks/part66/non-incremental/QF_NIA/20170427-VeryMax/ITS/From_T2__rlft3.c.i.rlft3.pl.t2.fixed.t2__p8750_terminationG_0.smt2,98.5103,1320,10391,成功
/pub/data/jiafq/iscas/Parser_Comparison/../benchmarks/part66/non-incremental/QF_NIA/20170427-VeryMax/ITS/From_T2__rlft3.c.i.rlft3.pl.t2.fixed.t2__p8751_terminationG_0.smt2,162.855,1848,18385,成功
/pub/data/jiafq/iscas/Parser_Comparison/../benchmarks/part66/non-incremental/QF_NIA/20170427-VeryMax/ITS/From_T2__rlft3.c.i.rlft3.pl.t2.fixed.t2__p8758_terminationG_0.smt2,46.0279,792,4373,成功
/pub/data/jiafq/iscas/Parser_Comparison/../benchmarks/part66/non-incremental/QF_NIA/20170427-VeryMax/ITS/From_T2__rlft3.c.i.rlft3.pl.t2.fixed.t2__p8759_terminationG_0.smt2,98.5029,1320,10451,成功
/pub/data/jiafq/iscas/Parser_Comparison/../benchmarks/part66/non-incremental/QF_NIA/20170427-VeryMax/ITS/From_T2__rlft3.c.i.rlft3.pl.t2.fixed.t2__p8760_terminationG_0.smt2,164.726,1848,18445,成功
/pub/data/jiafq/iscas/Parser_Comparison/../benchmarks/part66/non-incremental/QF_NIA/20170427-VeryMax/ITS/From_T2__rlft3.c.i.rlft3.pl.t2.fixed.t2__p8763_terminationG_0.smt2,46.664,792,4433,成功
/pub/data/jiafq/iscas/Parser_Comparison/../benchmarks/part66/non-incremental/QF_NIA/20170427-VeryMax/ITS/From_T2__rlft3.c.i.rlft3.pl.t2.fixed.t2__p8764_terminationG_0.smt2,97.3167,1320,10511,成功
/pub/data/jiafq/iscas/Parser_Comparison/../benchmarks/part66/non-incremental/QF_NIA/20170427-VeryMax/ITS/From_T2__rlft3.c.i.rlft3.pl.t2.fixed.t2__p8765_terminationG_0.smt2,164.316,1848,18505,成功
/pub/data/jiafq/iscas/Parser_Comparison/../benchmarks/part66/non-incremental/QF_NIA/20170427-VeryMax/ITS/From_T2__rlft3.c.i.rlft3.pl.t2.fixed.t2__p8772_terminationG_0.smt2,46.8905,792,4481,成功
/pub/data/jiafq/iscas/Parser_Comparison/../benchmarks/part66/non-incremental/QF_NIA/20170427-VeryMax/ITS/From_T2__rlft3.c.i.rlft3.pl.t2.fixed.t2__p8773_terminationG_0.smt2,98.839,1320,10559,成功
/pub/data/jiafq/iscas/Parser_Comparison/../benchmarks/part66/non-incremental/QF_NIA/20170427-VeryMax/ITS/From_T2__rlft3.c.i.rlft3.pl.t2.fixed.t2__p8774_terminationG_0.smt2,170.624,1848,18553,成功
/pub/data/jiafq/iscas/Parser_Comparison/../benchmarks/part66/non-incremental/QF_NIA/20170427-VeryMax/ITS/From_T2__rlft3.c.i.rlft3.pl.t2.fixed.t2__p8777_terminationG_0.smt2,51.7523,792,4871,成功
/pub/data/jiafq/iscas/Parser_Comparison/../benchmarks/part66/non-incremental/QF_NIA/20170427-VeryMax/ITS/From_T2__rlft3.c.i.rlft3.pl.t2.fixed.t2__p8778_terminationG_0.smt2,105.438,1584,11183,成功
/pub/data/jiafq/iscas/Parser_Comparison/../benchmarks/part66/non-incremental/QF_NIA/20170427-VeryMax/ITS/From_T2__rlft3.c.i.rlft3.pl.t2.fixed.t2__p8779_terminationG_0.smt2,170.542,2112,19441,成功
/pub/data/jiafq/iscas/Parser_Comparison/../benchmarks/part66/non-incremental/QF_NIA/20170427-VeryMax/ITS/From_T2__rlft3.c.i.rlft3.pl.t2.fixed.t2__p8784_terminationG_0.smt2,52.2108,792,4944,成功
/pub/data/jiafq/iscas/Parser_Comparison/../benchmarks/part66/non-incremental/QF_NIA/20170427-VeryMax/ITS/From_T2__rlft3.c.i.rlft3.pl.t2.fixed.t2__p8785_terminationG_0.smt2,105.68,1584,11255,成功
/pub/data/jiafq/iscas/Parser_Comparison/../benchmarks/part66/non-incremental/QF_NIA/20170427-VeryMax/ITS/From_T2__rlft3.c.i.rlft3.pl.t2.fixed.t2__p8786_terminationG_0.smt2,176.428,2112,19513,成功
/pub/data/jiafq/iscas/Parser_Comparison/../benchmarks/part66/non-incremental/QF_NIA/20170427-VeryMax/ITS/From_T2__rlft3.c.i.rlft3.pl.t2.fixed.t2__p8792_terminationG_0.smt2,53.1116,792,5016,成功
/pub/data/jiafq/iscas/Parser_Comparison/../benchmarks/part66/non-incremental/QF_NIA/20170427-VeryMax/ITS/From_T2__rlft3.c.i.rlft3.pl.t2.fixed.t2__p8793_terminationG_0.smt2,107.714,1584,11327,成功
/pub/data/jiafq/iscas/Parser_Comparison/../benchmarks/part66/non-incremental/QF_NIA/20170427-VeryMax/ITS/From_T2__rlft3.c.i.rlft3.pl.t2.fixed.t2__p8794_terminationG_0.smt2,173.889,2112,19585,成功
/pub/data/jiafq/iscas/Parser_Comparison/../benchmarks/part66/non-incremental/QF_NIA/20170427-VeryMax/ITS/From_T2__rlft3.c.i.rlft3.pl.t2.fixed.t2__p8799_terminationG_0.smt2,54.2667,792,5088,成功
/pub/data/jiafq/iscas/Parser_Comparison/../benchmarks/part66/non-incremental/QF_NIA/20170427-VeryMax/ITS/From_T2__rlft3.c.i.rlft3.pl.t2.fixed.t2__p8800_terminationG_0.smt2,107.729,1584,11399,成功
/pub/data/jiafq/iscas/Parser_Comparison/../benchmarks/part66/non-incremental/QF_NIA/20170427-VeryMax/ITS/From_T2__rlft3.c.i.rlft3.pl.t2.fixed.t2__p8801_terminationG_0.smt2,174.581,2112,19657,成功
/pub/data/jiafq/iscas/Parser_Comparison/../benchmarks/part66/non-incremental/QF_NIA/20170427-VeryMax/ITS/From_T2__rlft3.c.i.rlft3.pl.t2.fixed.t2__p8804_terminationG_0.smt2,54.8902,792,5160,成功
/pub/data/jiafq/iscas/Parser_Comparison/../benchmarks/part66/non-incremental/QF_NIA/20170427-VeryMax/ITS/From_T2__rlft3.c.i.rlft3.pl.t2.fixed.t2__p8805_terminationG_0.smt2,107.006,1584,11471,成功
/pub/data/jiafq/iscas/Parser_Comparison/../benchmarks/part66/non-incremental/QF_NIA/20170427-VeryMax/ITS/From_T2__rlft3.c.i.rlft3.pl.t2.fixed.t2__p8806_terminationG_0.smt2,174.549,2608,19729,成功
/pub/data/jiafq/iscas/Parser_Comparison/../benchmarks/part66/non-incremental/QF_NIA/20170427-VeryMax/ITS/From_T2__rlft3.c.i.rlft3.pl.t2.fixed.t2__p8813_terminationG_0.smt2,55.0902,792,5232,成功
/pub/data/jiafq/iscas/Parser_Comparison/../benchmarks/part66/non-incremental/QF_NIA/20170427-VeryMax/ITS/From_T2__rlft3.c.i.rlft3.pl.t2.fixed.t2__p8814_terminationG_0.smt2,108.522,1584,11543,成功
/pub/data/jiafq/iscas/Parser_Comparison/../benchmarks/part66/non-incremental/QF_NIA/20170427-VeryMax/ITS/From_T2__rlft3.c.i.rlft3.pl.t2.fixed.t2__p8815_terminationG_0.smt2,176.526,2612,19801,成功
/pub/data/jiafq/iscas/Parser_Comparison/../benchmarks/part66/non-incremental/QF_NIA/20170427-VeryMax/ITS/From_T2__rlft3.c.i.rlft3.pl.t2.fixed.t2__p8818_terminationG_0.smt2,56.6831,792,5304,成功
/pub/data/jiafq/iscas/Parser_Comparison/../benchmarks/part66/non-incremental/QF_NIA/20170427-VeryMax/ITS/From_T2__rlft3.c.i.rlft3.pl.t2.fixed.t2__p8819_terminationG_0.smt2,108.442,1584,11615,成功
/pub/data/jiafq/iscas/Parser_Comparison/../benchmarks/part66/non-incremental/QF_NIA/20170427-VeryMax/ITS/From_T2__rlft3.c.i.rlft3.pl.t2.fixed.t2__p8820_terminationG_0.smt2,177.162,2612,19873,成功
/pub/data/jiafq/iscas/Parser_Comparison/../benchmarks/part66/non-incremental/QF_NIA/20170427-VeryMax/ITS/From_T2__rlft3.c.i.rlft3.pl.t2.fixed.t2__p8825_terminationG_0.smt2,56.6251,792,5364,成功
/pub/data/jiafq/iscas/Parser_Comparison/../benchmarks/part66/non-incremental/QF_NIA/20170427-VeryMax/ITS/From_T2__rlft3.c.i.rlft3.pl.t2.fixed.t2__p8826_terminationG_0.smt2,109.909,1584,11675,成功
/pub/data/jiafq/iscas/Parser_Comparison/../benchmarks/part66/non-incremental/QF_NIA/20170427-VeryMax/ITS/From_T2__rlft3.c.i.rlft3.pl.t2.fixed.t2__p8827_terminationG_0.smt2,177.473,2612,19933,成功
/pub/data/jiafq/iscas/Parser_Comparison/../benchmarks/part66/non-incremental/QF_NIA/20170427-VeryMax/ITS/From_T2__rlft3.c.i.rlft3.pl.t2.fixed.t2__p8832_terminationG_0.smt2,57.1771,792,5436,成功
/pub/data/jiafq/iscas/Parser_Comparison/../benchmarks/part66/non-incremental/QF_NIA/20170427-VeryMax/ITS/From_T2__rlft3.c.i.rlft3.pl.t2.fixed.t2__p8833_terminationG_0.smt2,110.24,1584,11747,成功
/pub/data/jiafq/iscas/Parser_Comparison/../benchmarks/part66/non-incremental/QF_NIA/20170427-VeryMax/ITS/From_T2__rlft3.c.i.rlft3.pl.t2.fixed.t2__p8834_terminationG_0.smt2,179.442,2612,20005,成功
/pub/data/jiafq/iscas/Parser_Comparison/../benchmarks/part66/non-incremental/QF_NIA/20170427-VeryMax/ITS/From_T2__rlft3.c.i.rlft3.pl.t2.fixed.t2__p8837_terminationG_0.smt2,58.774,792,5508,成功
/pub/data/jiafq/iscas/Parser_Comparison/../benchmarks/part66/non-incremental/QF_NIA/20170427-VeryMax/ITS/From_T2__rlft3.c.i.rlft3.pl.t2.fixed.t2__p8838_terminationG_0.smt2,112.085,1584,11819,成功
/pub/data/jiafq/iscas/Parser_Comparison/../benchmarks/part66/non-incremental/QF_NIA/20170427-VeryMax/ITS/From_T2__rlft3.c.i.rlft3.pl.t2.fixed.t2__p8839_terminationG_0.smt2,181.899,2624,20077,成功
/pub/data/jiafq/iscas/Parser_Comparison/../benchmarks/part66/non-incremental/QF_NIA/20170427-VeryMax/ITS/From_T2__rlft3.c.i.rlft3.pl.t2.fixed.t2__p8846_terminationG_0.smt2,57.8465,792,5518,成功
/pub/data/jiafq/iscas/Parser_Comparison/../benchmarks/part66/non-incremental/QF_NIA/20170427-VeryMax/ITS/From_T2__rlft3.c.i.rlft3.pl.t2.fixed.t2__p8847_terminationG_0.smt2,112.662,1584,11763,成功
/pub/data/jiafq/iscas/Parser_Comparison/../benchmarks/part66/non-incremental/QF_NIA/20170427-VeryMax/ITS/From_T2__rlft3.c.i.rlft3.pl.t2.fixed.t2__p8848_terminationG_0.smt2,179.757,2612,19955,成功
/pub/data/jiafq/iscas/Parser_Comparison/../benchmarks/part66/non-incremental/QF_NIA/20170427-VeryMax/ITS/From_T2__rlft3.c.i.rlft3.pl.t2.fixed.t2__p8851_terminationG_0.smt2,59.3522,792,5606,成功
/pub/data/jiafq/iscas/Parser_Comparison/../benchmarks/part66/non-incremental/QF_NIA/20170427-VeryMax/ITS/From_T2__rlft3.c.i.rlft3.pl.t2.fixed.t2__p8852_terminationG_0.smt2,111.928,1584,11851,成功
/pub/data/jiafq/iscas/Parser_Comparison/../benchmarks/part66/non-incremental/QF_NIA/20170427-VeryMax/ITS/From_T2__rlft3.c.i.rlft3.pl.t2.fixed.t2__p8853_terminationG_0.smt2,180.627,2616,20043,成功
/pub/data/jiafq/iscas/Parser_Comparison/../benchmarks/part66/non-incremental/QF_NIA/20170427-VeryMax/ITS/From_T2__rlft3.c.i.rlft3.pl.t2.fixed.t2__p8858_terminationG_0.smt2,60.1389,792,5678,成功
/pub/data/jiafq/iscas/Parser_Comparison/../benchmarks/part66/non-incremental/QF_NIA/20170427-VeryMax/ITS/From_T2__rlft3.c.i.rlft3.pl.t2.fixed.t2__p8859_terminationG_0.smt2,113.443,1584,11923,成功
/pub/data/jiafq/iscas/Parser_Comparison/../benchmarks/part66/non-incremental/QF_NIA/20170427-VeryMax/ITS/From_T2__rlft3.c.i.rlft3.pl.t2.fixed.t2__p8860_terminationG_0.smt2,180.168,2616,20115,成功
/pub/data/jiafq/iscas/Parser_Comparison/../benchmarks/part66/non-incremental/QF_NIA/20170427-VeryMax/ITS/From_T2__rlft3.c.i.rlft3.pl.t2.fixed.t2__p8863_terminationG_0.smt2,60.5617,792,5750,成功
/pub/data/jiafq/iscas/Parser_Comparison/../benchmarks/part66/non-incremental/QF_NIA/20170427-VeryMax/ITS/From_T2__rlft3.c.i.rlft3.pl.t2.fixed.t2__p8864_terminationG_0.smt2,113.047,1584,11995,成功
/pub/data/jiafq/iscas/Parser_Comparison/../benchmarks/part66/non-incremental/QF_NIA/20170427-VeryMax/ITS/From_T2__rlft3.c.i.rlft3.pl.t2.fixed.t2__p8865_terminationG_0.smt2,181.524,2624,20187,成功
/pub/data/jiafq/iscas/Parser_Comparison/../benchmarks/part66/non-incremental/QF_NIA/20170427-VeryMax/ITS/From_T2__rlft3.c.i.rlft3.pl.t2.fixed.t2__p8870_terminationG_0.smt2,61.8126,1056,5810,成功
/pub/data/jiafq/iscas/Parser_Comparison/../benchmarks/part66/non-incremental/QF_NIA/20170427-VeryMax/ITS/From_T2__rlft3.c.i.rlft3.pl.t2.fixed.t2__p8871_terminationG_0.smt2,114.394,1584,12055,成功
/pub/data/jiafq/iscas/Parser_Comparison/../benchmarks/part66/non-incremental/QF_NIA/20170427-VeryMax/ITS/From_T2__rlft3.c.i.rlft3.pl.t2.fixed.t2__p8872_terminationG_0.smt2,185.142,2624,20247,成功
/pub/data/jiafq/iscas/Parser_Comparison/../benchmarks/part66/non-incremental/QF_NIA/20170427-VeryMax/ITS/From_T2__rlft3.c.i.rlft3.pl.t2.fixed.t2__p8875_terminationG_0.smt2,61.6384,1056,5886,成功
/pub/data/jiafq/iscas/Parser_Comparison/../benchmarks/part66/non-incremental/QF_NIA/20170427-VeryMax/ITS/From_T2__rlft3.c.i.rlft3.pl.t2.fixed.t2__p8876_terminationG_0.smt2,116.357,1584,12131,成功
/pub/data/jiafq/iscas/Parser_Comparison/../benchmarks/part66/non-incremental/QF_NIA/20170427-VeryMax/ITS/From_T2__rlft3.c.i.rlft3.pl.t2.fixed.t2__p8877_terminationG_0.smt2,181.219,2632,20323,成功
/pub/data/jiafq/iscas/Parser_Comparison/../benchmarks/part66/non-incremental/QF_NIA/20170427-VeryMax/ITS/From_T2__rlft3.c.i.rlft3.pl.t2.fixed.t2__p8882_terminationG_0.smt2,62.7832,1056,5946,成功
/pub/data/jiafq/iscas/Parser_Comparison/../benchmarks/part66/non-incremental/QF_NIA/20170427-VeryMax/ITS/From_T2__rlft3.c.i.rlft3.pl.t2.fixed.t2__p8883_terminationG_0.smt2,117.527,1584,12191,成功
/pub/data/jiafq/iscas/Parser_Comparison/../benchmarks/part66/non-incremental/QF_NIA/20170427-VeryMax/ITS/From_T2__rlft3.c.i.rlft3.pl.t2.fixed.t2__p8884_terminationG_0.smt2,183.59,2620,20383,成功
/pub/data/jiafq/iscas/Parser_Comparison/../benchmarks/part66/non-incremental/QF_NIA/20170427-VeryMax/ITS/From_T2__rlft3.c.i.rlft3.pl.t2.fixed.t2__p8887_terminationG_0.smt2,63.0155,1056,6006,成功
/pub/data/jiafq/iscas/Parser_Comparison/../benchmarks/part66/non-incremental/QF_NIA/20170427-VeryMax/ITS/From_T2__rlft3.c.i.rlft3.pl.t2.fixed.t2__p8888_terminationG_0.smt2,115.986,1584,12251,成功
/pub/data/jiafq/iscas/Parser_Comparison/../benchmarks/part66/non-incremental/QF_NIA/20170427-VeryMax/ITS/From_T2__rlft3.c.i.rlft3.pl.t2.fixed.t2__p8889_terminationG_0.smt2,183.603,2628,20443,成功
/pub/data/jiafq/iscas/Parser_Comparison/../benchmarks/part66/non-incremental/QF_NIA/20170427-VeryMax/ITS/From_T2__rlft3.c.i.rlft3.pl.t2.fixed.t2__p8894_terminationG_0.smt2,63.6811,1056,6066,成功
/pub/data/jiafq/iscas/Parser_Comparison/../benchmarks/part66/non-incremental/QF_NIA/20170427-VeryMax/ITS/From_T2__rlft3.c.i.rlft3.pl.t2.fixed.t2__p8895_terminationG_0.smt2,118.861,1584,12311,成功
/pub/data/jiafq/iscas/Parser_Comparison/../benchmarks/part66/non-incremental/QF_NIA/20170427-VeryMax/ITS/From_T2__rlft3.c.i.rlft3.pl.t2.fixed.t2__p8896_terminationG_0.smt2,182.663,2624,20503,成功
/pub/data/jiafq/iscas/Parser_Comparison/../benchmarks/part66/non-incremental/QF_NIA/20170427-VeryMax/ITS/From_T2__rlft3.c.i.rlft3.pl.t2.fixed.t2__p8899_terminationG_0.smt2,64.3332,1056,6126,成功
/pub/data/jiafq/iscas/Parser_Comparison/../benchmarks/part66/non-incremental/QF_NIA/20170427-VeryMax/ITS/From_T2__rlft3.c.i.rlft3.pl.t2.fixed.t2__p8900_terminationG_0.smt2,119.439,1584,12371,成功
/pub/data/jiafq/iscas/Parser_Comparison/../benchmarks/part66/non-incremental/QF_NIA/20170427-VeryMax/ITS/From_T2__rlft3.c.i.rlft3.pl.t2.fixed.t2__p8901_terminationG_0.smt2,185.632,2628,20563,成功
/pub/data/jiafq/iscas/Parser_Comparison/../benchmarks/part66/non-incremental/QF_NIA/20170427-VeryMax/ITS/From_T2__rlft3.c.i.rlft3.pl.t2.fixed.t2__p8908_terminationG_0.smt2,65.0167,1056,6186,成功
/pub/data/jiafq/iscas/Parser_Comparison/../benchmarks/part66/non-incremental/QF_NIA/20170427-VeryMax/ITS/From_T2__rlft3.c.i.rlft3.pl.t2.fixed.t2__p8909_terminationG_0.smt2,118.25,1584,12431,成功
/pub/data/jiafq/iscas/Parser_Comparison/../benchmarks/part66/non-incremental/QF_NIA/20170427-VeryMax/ITS/From_T2__rlft3.c.i.rlft3.pl.t2.fixed.t2__p8910_terminationG_0.smt2,186.68,2632,20623,成功
/pub/data/jiafq/iscas/Parser_Comparison/../benchmarks/part66/non-incremental/QF_NIA/20170427-VeryMax/ITS/From_T2__rlft3.c.i.rlft3.pl.t2.fixed.t2__p8913_terminationG_0.smt2,65.8133,1056,6246,成功
/pub/data/jiafq/iscas/Parser_Comparison/../benchmarks/part66/non-incremental/QF_NIA/20170427-VeryMax/ITS/From_T2__rlft3.c.i.rlft3.pl.t2.fixed.t2__p8914_terminationG_0.smt2,121.089,1584,12491,成功
/pub/data/jiafq/iscas/Parser_Comparison/../benchmarks/part66/non-incremental/QF_NIA/20170427-VeryMax/ITS/From_T2__rlft3.c.i.rlft3.pl.t2.fixed.t2__p8915_terminationG_0.smt2,188.325,2636,20683,成功
/pub/data/jiafq/iscas/Parser_Comparison/../benchmarks/part66/non-incremental/QF_NIA/20170427-VeryMax/ITS/From_T2__rlft3.c.i.rlft3.pl.t2.fixed.t2__p8920_terminationG_0.smt2,65.4237,1056,6294,成功
/pub/data/jiafq/iscas/Parser_Comparison/../benchmarks/part66/non-incremental/QF_NIA/20170427-VeryMax/ITS/From_T2__rlft3.c.i.rlft3.pl.t2.fixed.t2__p8921_terminationG_0.smt2,119.167,1584,12539,成功
/pub/data/jiafq/iscas/Parser_Comparison/../benchmarks/part66/non-incremental/QF_NIA/20170427-VeryMax/ITS/From_T2__rlft3.c.i.rlft3.pl.t2.fixed.t2__p8922_terminationG_0.smt2,186.571,2632,20731,成功
/pub/data/jiafq/iscas/Parser_Comparison/../benchmarks/part66/non-incremental/QF_NIA/20170427-VeryMax/ITS/From_T2__rlft3.c.i.rlft3.pl.t2.fixed.t2__p8927_terminationG_0.smt2,66.8535,1056,6342,成功
/pub/data/jiafq/iscas/Parser_Comparison/../benchmarks/part66/non-incremental/QF_NIA/20170427-VeryMax/ITS/From_T2__rlft3.c.i.rlft3.pl.t2.fixed.t2__p8928_terminationG_0.smt2,118.654,1584,12587,成功
/pub/data/jiafq/iscas/Parser_Comparison/../benchmarks/part66/non-incremental/QF_NIA/20170427-VeryMax/ITS/From_T2__rlft3.c.i.rlft3.pl.t2.fixed.t2__p8929_terminationG_0.smt2,185.821,2636,20779,成功
/pub/data/jiafq/iscas/Parser_Comparison/../benchmarks/part66/non-incremental/QF_NIA/20170427-VeryMax/ITS/From_T2__rlft3.c.i.rlft3.pl.t2.fixed.t2__p8934_terminationG_0.smt2,67.5015,1056,6390,成功
/pub/data/jiafq/iscas/Parser_Comparison/../benchmarks/part66/non-incremental/QF_NIA/20170427-VeryMax/ITS/From_T2__rlft3.c.i.rlft3.pl.t2.fixed.t2__p8935_terminationG_0.smt2,121.014,1584,12635,成功
/pub/data/jiafq/iscas/Parser_Comparison/../benchmarks/part66/non-incremental/QF_NIA/20170427-VeryMax/ITS/From_T2__rlft3.c.i.rlft3.pl.t2.fixed.t2__p8936_terminationG_0.smt2,189.553,2640,20827,成功
/pub/data/jiafq/iscas/Parser_Comparison/../benchmarks/part66/non-incremental/QF_NIA/20170427-VeryMax/ITS/From_T2__rlft3.c.i.rlft3.pl.t2.fixed.t2__p8941_terminationG_0.smt2,68.3575,1056,6454,成功
/pub/data/jiafq/iscas/Parser_Comparison/../benchmarks/part66/non-incremental/QF_NIA/20170427-VeryMax/ITS/From_T2__rlft3.c.i.rlft3.pl.t2.fixed.t2__p8942_terminationG_0.smt2,119.977,1584,12699,成功
/pub/data/jiafq/iscas/Parser_Comparison/../benchmarks/part66/non-incremental/QF_NIA/20170427-VeryMax/ITS/From_T2__rlft3.c.i.rlft3.pl.t2.fixed.t2__p8943_terminationG_0.smt2,186.544,2640,20891,成功
/pub/data/jiafq/iscas/Parser_Comparison/../benchmarks/part66/non-incremental/QF_NIA/20170427-VeryMax/ITS/From_T2__rlft3.c.i.rlft3.pl.t2.fixed.t2__p8946_edge_closing_0.smt2,104.744,1584,10973,成功
/pub/data/jiafq/iscas/Parser_Comparison/../benchmarks/part66/non-incremental/QF_NIA/20170427-VeryMax/ITS/From_T2__rlft3.c.i.rlft3.pl.t2.fixed.t2__p8947_edge_closing_0.smt2,170.42,2112,19179,成功
/pub/data/jiafq/iscas/Parser_Comparison/../benchmarks/part66/non-incremental/QF_NIA/20170427-VeryMax/ITS/From_T2__rlft3.c.i.rlft3.pl.t2.fixed.t2__p8948_edge_closing_0.smt2,55.5511,792,5082,成功
/pub/data/jiafq/iscas/Parser_Comparison/../benchmarks/part66/non-incremental/QF_NIA/20170427-VeryMax/ITS/From_T2__rlft3.c.i.rlft3.pl.t2.fixed.t2__p8949_edge_closing_0.smt2,111.188,1584,11609,成功
/pub/data/jiafq/iscas/Parser_Comparison/../benchmarks/part66/non-incremental/QF_NIA/20170427-VeryMax/ITS/From_T2__rlft3.c.i.rlft3.pl.t2.fixed.t2__p8950_edge_closing_0.smt2,178.576,2624,20091,成功
/pub/data/jiafq/iscas/Parser_Comparison/../benchmarks/part66/non-incremental/QF_NIA/20170427-VeryMax/ITS/From_T2__rlft3.c.i.rlft3.pl.t2.fixed.t2__terminationS_0_0.smt2,42.4466,528,4175,成功
/pub/data/jiafq/iscas/Parser_Comparison/../benchmarks/part66/non-incremental/QF_NIA/20170427-VeryMax/ITS/From_T2__rlft3.t2__p9004_terminationG_0.smt2,38.1849,792,3754,成功
/pub/data/jiafq/iscas/Parser_Comparison/../benchmarks/part66/non-incremental/QF_NIA/20170427-VeryMax/ITS/From_T2__rlft3.t2__p9006_terminationG_0.smt2,82.5555,1056,8949,成功
/pub/data/jiafq/iscas/Parser_Comparison/../benchmarks/part66/non-incremental/QF_NIA/20170427-VeryMax/ITS/From_T2__rlft3.t2__p9007_terminationG_0.smt2,136.835,1584,15719,成功
/pub/data/jiafq/iscas/Parser_Comparison/../benchmarks/part66/non-incremental/QF_NIA/20170427-VeryMax/ITS/From_T2__rlft3.t2__p9010_terminationG_0.smt2,39.1369,792,3791,成功
/pub/data/jiafq/iscas/Parser_Comparison/../benchmarks/part66/non-incremental/QF_NIA/20170427-VeryMax/ITS/From_T2__rlft3.t2__p9011_terminationG_0.smt2,84.5842,1056,8985,成功
/pub/data/jiafq/iscas/Parser_Comparison/../benchmarks/part66/non-incremental/QF_NIA/20170427-VeryMax/ITS/From_T2__rlft3.t2__p9012_terminationG_0.smt2,137.768,1584,15755,成功
/pub/data/jiafq/iscas/Parser_Comparison/../benchmarks/part66/non-incremental/QF_NIA/20170427-VeryMax/ITS/From_T2__rlft3.t2__p9014_terminationG_0.smt2,39.3379,792,3851,成功
/pub/data/jiafq/iscas/Parser_Comparison/../benchmarks/part66/non-incremental/QF_NIA/20170427-VeryMax/ITS/From_T2__rlft3.t2__p9016_terminationG_0.smt2,83.3724,1056,9045,成功
/pub/data/jiafq/iscas/Parser_Comparison/../benchmarks/part66/non-incremental/QF_NIA/20170427-VeryMax/ITS/From_T2__rlft3.t2__p9017_terminationG_0.smt2,141.169,1584,15815,成功
/pub/data/jiafq/iscas/Parser_Comparison/../benchmarks/part66/non-incremental/QF_NIA/20170427-VeryMax/ITS/From_T2__rlft3.t2__p9021_terminationG_0.smt2,40.688,792,3911,成功
/pub/data/jiafq/iscas/Parser_Comparison/../benchmarks/part66/non-incremental/QF_NIA/20170427-VeryMax/ITS/From_T2__rlft3.t2__p9023_terminationG_0.smt2,85.0019,1320,9105,成功
/pub/data/jiafq/iscas/Parser_Comparison/../benchmarks/part66/non-incremental/QF_NIA/20170427-VeryMax/ITS/From_T2__rlft3.t2__p9024_terminationG_0.smt2,139.907,1584,15875,成功
/pub/data/jiafq/iscas/Parser_Comparison/../benchmarks/part66/non-incremental/QF_NIA/20170427-VeryMax/ITS/From_T2__rlft3.t2__p9027_terminationG_0.smt2,40.9732,792,3971,成功
/pub/data/jiafq/iscas/Parser_Comparison/../benchmarks/part66/non-incremental/QF_NIA/20170427-VeryMax/ITS/From_T2__rlft3.t2__p9028_terminationG_0.smt2,84.8119,1320,9165,成功
/pub/data/jiafq/iscas/Parser_Comparison/../benchmarks/part66/non-incremental/QF_NIA/20170427-VeryMax/ITS/From_T2__rlft3.t2__p9029_terminationG_0.smt2,138.835,1584,15935,成功
/pub/data/jiafq/iscas/Parser_Comparison/../benchmarks/part66/non-incremental/QF_NIA/20170427-VeryMax/ITS/From_T2__rlft3.t2__p9033_terminationG_0.smt2,41.4586,792,4031,成功
/pub/data/jiafq/iscas/Parser_Comparison/../benchmarks/part66/non-incremental/QF_NIA/20170427-VeryMax/ITS/From_T2__rlft3.t2__p9035_terminationG_0.smt2,85.551,1320,9225,成功
/pub/data/jiafq/iscas/Parser_Comparison/../benchmarks/part66/non-incremental/QF_NIA/20170427-VeryMax/ITS/From_T2__rlft3.t2__p9036_terminationG_0.smt2,142.068,1584,15995,成功
/pub/data/jiafq/iscas/Parser_Comparison/../benchmarks/part66/non-incremental/QF_NIA/20170427-VeryMax/ITS/From_T2__rlft3.t2__p9039_terminationG_0.smt2,41.6763,792,4079,成功
/pub/data/jiafq/iscas/Parser_Comparison/../benchmarks/part66/non-incremental/QF_NIA/20170427-VeryMax/ITS/From_T2__rlft3.t2__p9040_terminationG_0.smt2,85.4859,1320,9273,成功
/pub/data/jiafq/iscas/Parser_Comparison/../benchmarks/part66/non-incremental/QF_NIA/20170427-VeryMax/ITS/From_T2__rlft3.t2__p9041_terminationG_0.smt2,142.927,1584,16043,成功
/pub/data/jiafq/iscas/Parser_Comparison/../benchmarks/part66/non-incremental/QF_NIA/20170427-VeryMax/ITS/From_T2__rlft3.t2__p9044_terminationG_0.smt2,42.5932,792,4127,成功
/pub/data/jiafq/iscas/Parser_Comparison/../benchmarks/part66/non-incremental/QF_NIA/20170427-VeryMax/ITS/From_T2__rlft3.t2__p9045_terminationG_0.smt2,86.4685,1320,9321,成功
/pub/data/jiafq/iscas/Parser_Comparison/../benchmarks/part66/non-incremental/QF_NIA/20170427-VeryMax/ITS/From_T2__rlft3.t2__p9046_terminationG_0.smt2,141.08,1584,16091,成功
/pub/data/jiafq/iscas/Parser_Comparison/../benchmarks/part66/non-incremental/QF_NIA/20170427-VeryMax/ITS/From_T2__rlft3.t2__p9049_terminationG_0.smt2,43.694,792,4200,成功
/pub/data/jiafq/iscas/Parser_Comparison/../benchmarks/part66/non-incremental/QF_NIA/20170427-VeryMax/ITS/From_T2__rlft3.t2__p9050_terminationG_0.smt2,87.4074,1320,9393,成功
/pub/data/jiafq/iscas/Parser_Comparison/../benchmarks/part66/non-incremental/QF_NIA/20170427-VeryMax/ITS/From_T2__rlft3.t2__p9051_terminationG_0.smt2,142.642,1848,16163,成功
/pub/data/jiafq/iscas/Parser_Comparison/../benchmarks/part66/non-incremental/QF_NIA/20170427-VeryMax/ITS/From_T2__rlft3.t2__p9054_terminationG_0.smt2,44.6367,792,4272,成功
/pub/data/jiafq/iscas/Parser_Comparison/../benchmarks/part66/non-incremental/QF_NIA/20170427-VeryMax/ITS/From_T2__rlft3.t2__p9056_terminationG_0.smt2,87.7342,1320,9465,成功
/pub/data/jiafq/iscas/Parser_Comparison/../benchmarks/part66/non-incremental/QF_NIA/20170427-VeryMax/ITS/From_T2__rlft3.t2__p9057_terminationG_0.smt2,143.577,1848,16235,成功
/pub/data/jiafq/iscas/Parser_Comparison/../benchmarks/part66/non-incremental/QF_NIA/20170427-VeryMax/ITS/From_T2__rlft3.t2__p9059_terminationG_0.smt2,44.9185,792,4344,成功
/pub/data/jiafq/iscas/Parser_Comparison/../benchmarks/part66/non-incremental/QF_NIA/20170427-VeryMax/ITS/From_T2__rlft3.t2__p9061_terminationG_0.smt2,90.961,1320,9537,成功
/pub/data/jiafq/iscas/Parser_Comparison/../benchmarks/part66/non-incremental/QF_NIA/20170427-VeryMax/ITS/From_T2__rlft3.t2__p9062_terminationG_0.smt2,141.38,1848,16307,成功
/pub/data/jiafq/iscas/Parser_Comparison/../benchmarks/part66/non-incremental/QF_NIA/20170427-VeryMax/ITS/From_T2__rlft3.t2__p9065_terminationG_0.smt2,45.7549,792,4416,成功
/pub/data/jiafq/iscas/Parser_Comparison/../benchmarks/part66/non-incremental/QF_NIA/20170427-VeryMax/ITS/From_T2__rlft3.t2__p9066_terminationG_0.smt2,90.359,1320,9609,成功
/pub/data/jiafq/iscas/Parser_Comparison/../benchmarks/part66/non-incremental/QF_NIA/20170427-VeryMax/ITS/From_T2__rlft3.t2__p9067_terminationG_0.smt2,145.089,1848,16379,成功
/pub/data/jiafq/iscas/Parser_Comparison/../benchmarks/part66/non-incremental/QF_NIA/20170427-VeryMax/ITS/From_T2__rlft3.t2__p9069_terminationG_0.smt2,45.9905,792,4488,成功
/pub/data/jiafq/iscas/Parser_Comparison/../benchmarks/part66/non-incremental/QF_NIA/20170427-VeryMax/ITS/From_T2__rlft3.t2__p9071_terminationG_0.smt2,91.5983,1320,9681,成功
/pub/data/jiafq/iscas/Parser_Comparison/../benchmarks/part66/non-incremental/QF_NIA/20170427-VeryMax/ITS/From_T2__rlft3.t2__p9072_terminationG_0.smt2,144.352,1848,16451,成功
/pub/data/jiafq/iscas/Parser_Comparison/../benchmarks/part66/non-incremental/QF_NIA/20170427-VeryMax/ITS/From_T2__rlft3.t2__p9075_terminationG_0.smt2,47.0712,792,4560,成功
/pub/data/jiafq/iscas/Parser_Comparison/../benchmarks/part66/non-incremental/QF_NIA/20170427-VeryMax/ITS/From_T2__rlft3.t2__p9076_terminationG_0.smt2,91.2387,1320,9753,成功
/pub/data/jiafq/iscas/Parser_Comparison/../benchmarks/part66/non-incremental/QF_NIA/20170427-VeryMax/ITS/From_T2__rlft3.t2__p9077_terminationG_0.smt2,146.088,1848,16523,成功
/pub/data/jiafq/iscas/Parser_Comparison/../benchmarks/part66/non-incremental/QF_NIA/20170427-VeryMax/ITS/From_T2__rlft3.t2__p9080_terminationG_0.smt2,47.863,792,4632,成功
/pub/data/jiafq/iscas/Parser_Comparison/../benchmarks/part66/non-incremental/QF_NIA/20170427-VeryMax/ITS/From_T2__rlft3.t2__p9081_terminationG_0.smt2,92.3145,1320,9825,成功
/pub/data/jiafq/iscas/Parser_Comparison/../benchmarks/part66/non-incremental/QF_NIA/20170427-VeryMax/ITS/From_T2__rlft3.t2__p9082_terminationG_0.smt2,147.271,1848,16595,成功
/pub/data/jiafq/iscas/Parser_Comparison/../benchmarks/part66/non-incremental/QF_NIA/20170427-VeryMax/ITS/From_T2__rlft3.t2__p9085_terminationG_0.smt2,47.9589,792,4704,成功
/pub/data/jiafq/iscas/Parser_Comparison/../benchmarks/part66/non-incremental/QF_NIA/20170427-VeryMax/ITS/From_T2__rlft3.t2__p9086_terminationG_0.smt2,92.2921,1320,9897,成功
/pub/data/jiafq/iscas/Parser_Comparison/../benchmarks/part66/non-incremental/QF_NIA/20170427-VeryMax/ITS/From_T2__rlft3.t2__p9087_terminationG_0.smt2,147.685,1848,16667,成功
/pub/data/jiafq/iscas/Parser_Comparison/../benchmarks/part66/non-incremental/QF_NIA/20170427-VeryMax/ITS/From_T2__rlft3.t2__p9090_terminationG_0.smt2,49.3653,792,4764,成功
/pub/data/jiafq/iscas/Parser_Comparison/../benchmarks/part66/non-incremental/QF_NIA/20170427-VeryMax/ITS/From_T2__rlft3.t2__p9091_terminationG_0.smt2,93.7488,1320,9957,成功
/pub/data/jiafq/iscas/Parser_Comparison/../benchmarks/part66/non-incremental/QF_NIA/20170427-VeryMax/ITS/From_T2__rlft3.t2__p9092_terminationG_0.smt2,146.942,1848,16727,成功
/pub/data/jiafq/iscas/Parser_Comparison/../benchmarks/part66/non-incremental/QF_NIA/20170427-VeryMax/ITS/From_T2__rlft3.t2__p9095_terminationG_0.smt2,49.6063,792,4836,成功
/pub/data/jiafq/iscas/Parser_Comparison/../benchmarks/part66/non-incremental/QF_NIA/20170427-VeryMax/ITS/From_T2__rlft3.t2__p9096_terminationG_0.smt2,95.015,1320,10029,成功
/pub/data/jiafq/iscas/Parser_Comparison/../benchmarks/part66/non-incremental/QF_NIA/20170427-VeryMax/ITS/From_T2__rlft3.t2__p9097_terminationG_0.smt2,150.376,1848,16799,成功
/pub/data/jiafq/iscas/Parser_Comparison/../benchmarks/part66/non-incremental/QF_NIA/20170427-VeryMax/ITS/From_T2__rlft3.t2__p9100_terminationG_0.smt2,49.8676,792,4896,成功
/pub/data/jiafq/iscas/Parser_Comparison/../benchmarks/part66/non-incremental/QF_NIA/20170427-VeryMax/ITS/From_T2__rlft3.t2__p9101_terminationG_0.smt2,94.8086,1320,10089,成功
/pub/data/jiafq/iscas/Parser_Comparison/../benchmarks/part66/non-incremental/QF_NIA/20170427-VeryMax/ITS/From_T2__rlft3.t2__p9102_terminationG_0.smt2,148.516,1848,16859,成功
/pub/data/jiafq/iscas/Parser_Comparison/../benchmarks/part66/non-incremental/QF_NIA/20170427-VeryMax/ITS/From_T2__rlft3.t2__p9105_terminationG_0.smt2,50.849,792,4956,成功
/pub/data/jiafq/iscas/Parser_Comparison/../benchmarks/part66/non-incremental/QF_NIA/20170427-VeryMax/ITS/From_T2__rlft3.t2__p9106_terminationG_0.smt2,95.2652,1320,10149,成功
/pub/data/jiafq/iscas/Parser_Comparison/../benchmarks/part66/non-incremental/QF_NIA/20170427-VeryMax/ITS/From_T2__rlft3.t2__p9107_terminationG_0.smt2,148.885,1848,16919,成功
/pub/data/jiafq/iscas/Parser_Comparison/../benchmarks/part66/non-incremental/QF_NIA/20170427-VeryMax/ITS/From_T2__rlft3.t2__p9110_terminationG_0.smt2,51.7445,792,5016,成功
/pub/data/jiafq/iscas/Parser_Comparison/../benchmarks/part66/non-incremental/QF_NIA/20170427-VeryMax/ITS/From_T2__rlft3.t2__p9111_terminationG_0.smt2,97.3592,1320,10209,成功
/pub/data/jiafq/iscas/Parser_Comparison/../benchmarks/part66/non-incremental/QF_NIA/20170427-VeryMax/ITS/From_T2__rlft3.t2__p9112_terminationG_0.smt2,151.349,1848,16979,成功
/pub/data/jiafq/iscas/Parser_Comparison/../benchmarks/part66/non-incremental/QF_NIA/20170427-VeryMax/ITS/From_T2__rlft3.t2__p9115_terminationG_0.smt2,53.283,792,5088,成功
/pub/data/jiafq/iscas/Parser_Comparison/../benchmarks/part66/non-incremental/QF_NIA/20170427-VeryMax/ITS/From_T2__rlft3.t2__p9116_terminationG_0.smt2,95.9785,1320,10281,成功
/pub/data/jiafq/iscas/Parser_Comparison/../benchmarks/part66/non-incremental/QF_NIA/20170427-VeryMax/ITS/From_T2__rlft3.t2__p9117_terminationG_0.smt2,151.736,1848,17051,成功
/pub/data/jiafq/iscas/Parser_Comparison/../benchmarks/part66/non-incremental/QF_NIA/20170427-VeryMax/ITS/From_T2__rlft3.t2__p9119_terminationG_0.smt2,56.7119,792,5466,成功
/pub/data/jiafq/iscas/Parser_Comparison/../benchmarks/part66/non-incremental/QF_NIA/20170427-VeryMax/ITS/From_T2__rlft3.t2__p9121_terminationG_0.smt2,103.328,1320,10827,成功
/pub/data/jiafq/iscas/Parser_Comparison/../benchmarks/part66/non-incremental/QF_NIA/20170427-VeryMax/ITS/From_T2__rlft3.t2__p9122_terminationG_0.smt2,157.9,1848,17795,成功
/pub/data/jiafq/iscas/Parser_Comparison/../benchmarks/part66/non-incremental/QF_NIA/20170427-VeryMax/ITS/From_T2__rlft3.t2__p9125_terminationG_0.smt2,57.7309,792,5538,成功
/pub/data/jiafq/iscas/Parser_Comparison/../benchmarks/part66/non-incremental/QF_NIA/20170427-VeryMax/ITS/From_T2__rlft3.t2__p9126_terminationG_0.smt2,104.692,1584,10899,成功
/pub/data/jiafq/iscas/Parser_Comparison/../benchmarks/part66/non-incremental/QF_NIA/20170427-VeryMax/ITS/From_T2__rlft3.t2__p9127_terminationG_0.smt2,158.547,1848,17867,成功
/pub/data/jiafq/iscas/Parser_Comparison/../benchmarks/part66/non-incremental/QF_NIA/20170427-VeryMax/ITS/From_T2__rlft3.t2__p9130_terminationG_0.smt2,58.4681,792,5598,成功
/pub/data/jiafq/iscas/Parser_Comparison/../benchmarks/part66/non-incremental/QF_NIA/20170427-VeryMax/ITS/From_T2__rlft3.t2__p9131_terminationG_0.smt2,103.508,1584,10959,成功
/pub/data/jiafq/iscas/Parser_Comparison/../benchmarks/part66/non-incremental/QF_NIA/20170427-VeryMax/ITS/From_T2__rlft3.t2__p9132_terminationG_0.smt2,160.433,1848,17927,成功
/pub/data/jiafq/iscas/Parser_Comparison/../benchmarks/part66/non-incremental/QF_NIA/20170427-VeryMax/ITS/From_T2__rlft3.t2__p9135_terminationG_0.smt2,59.3972,792,5706,成功
/pub/data/jiafq/iscas/Parser_Comparison/../benchmarks/part66/non-incremental/QF_NIA/20170427-VeryMax/ITS/From_T2__rlft3.t2__p9136_terminationG_0.smt2,104.363,1584,11067,成功
/pub/data/jiafq/iscas/Parser_Comparison/../benchmarks/part66/non-incremental/QF_NIA/20170427-VeryMax/ITS/From_T2__rlft3.t2__p9137_terminationG_0.smt2,162.799,1848,18035,成功
/pub/data/jiafq/iscas/Parser_Comparison/../benchmarks/part66/non-incremental/QF_NIA/20170427-VeryMax/ITS/From_T2__rlft3.t2__p9140_terminationG_0.smt2,60.7629,792,5808,成功
/pub/data/jiafq/iscas/Parser_Comparison/../benchmarks/part66/non-incremental/QF_NIA/20170427-VeryMax/ITS/From_T2__rlft3.t2__p9141_terminationG_0.smt2,104.323,1584,11169,成功
/pub/data/jiafq/iscas/Parser_Comparison/../benchmarks/part66/non-incremental/QF_NIA/20170427-VeryMax/ITS/From_T2__rlft3.t2__p9142_terminationG_0.smt2,161.383,1848,18137,成功
/pub/data/jiafq/iscas/Parser_Comparison/../benchmarks/part66/non-incremental/QF_NIA/20170427-VeryMax/ITS/From_T2__rlft3.t2__p9145_terminationG_0.smt2,59.7687,792,5868,成功
/pub/data/jiafq/iscas/Parser_Comparison/../benchmarks/part66/non-incremental/QF_NIA/20170427-VeryMax/ITS/From_T2__rlft3.t2__p9146_terminationG_0.smt2,107.781,1584,11229,成功
/pub/data/jiafq/iscas/Parser_Comparison/../benchmarks/part66/non-incremental/QF_NIA/20170427-VeryMax/ITS/From_T2__rlft3.t2__p9147_terminationG_0.smt2,161.868,1848,18197,成功
/pub/data/jiafq/iscas/Parser_Comparison/../benchmarks/part66/non-incremental/QF_NIA/20170427-VeryMax/ITS/From_T2__rlft3.t2__p9150_terminationG_0.smt2,60.8182,792,5916,成功
/pub/data/jiafq/iscas/Parser_Comparison/../benchmarks/part66/non-incremental/QF_NIA/20170427-VeryMax/ITS/From_T2__rlft3.t2__p9151_terminationG_0.smt2,106.797,1584,11277,成功
/pub/data/jiafq/iscas/Parser_Comparison/../benchmarks/part66/non-incremental/QF_NIA/20170427-VeryMax/ITS/From_T2__rlft3.t2__p9152_terminationG_0.smt2,163.935,1848,18245,成功
/pub/data/jiafq/iscas/Parser_Comparison/../benchmarks/part66/non-incremental/QF_NIA/20170427-VeryMax/ITS/From_T2__rlft3.t2__p9155_terminationG_0.smt2,61.6109,792,5976,成功
/pub/data/jiafq/iscas/Parser_Comparison/../benchmarks/part66/non-incremental/QF_NIA/20170427-VeryMax/ITS/From_T2__rlft3.t2__p9156_terminationG_0.smt2,106.878,1584,11337,成功
/pub/data/jiafq/iscas/Parser_Comparison/../benchmarks/part66/non-incremental/QF_NIA/20170427-VeryMax/ITS/From_T2__rlft3.t2__p9157_terminationG_0.smt2,165.608,1848,18305,成功
/pub/data/jiafq/iscas/Parser_Comparison/../benchmarks/part66/non-incremental/QF_NIA/20170427-VeryMax/ITS/From_T2__rlft3.t2__p9160_terminationG_0.smt2,62.1939,792,6024,成功
/pub/data/jiafq/iscas/Parser_Comparison/../benchmarks/part66/non-incremental/QF_NIA/20170427-VeryMax/ITS/From_T2__rlft3.t2__p9161_terminationG_0.smt2,107.678,1584,11385,成功
/pub/data/jiafq/iscas/Parser_Comparison/../benchmarks/part66/non-incremental/QF_NIA/20170427-VeryMax/ITS/From_T2__rlft3.t2__p9162_terminationG_0.smt2,166.157,1848,18353,成功
/pub/data/jiafq/iscas/Parser_Comparison/../benchmarks/part66/non-incremental/QF_NIA/20170427-VeryMax/ITS/From_T2__rlft3.t2__p9165_terminationG_0.smt2,63.7937,792,6084,成功
/pub/data/jiafq/iscas/Parser_Comparison/../benchmarks/part66/non-incremental/QF_NIA/20170427-VeryMax/ITS/From_T2__rlft3.t2__p9166_terminationG_0.smt2,107.792,1584,11445,成功
/pub/data/jiafq/iscas/Parser_Comparison/../benchmarks/part66/non-incremental/QF_NIA/20170427-VeryMax/ITS/From_T2__rlft3.t2__p9167_terminationG_0.smt2,167.931,1848,18413,成功
/pub/data/jiafq/iscas/Parser_Comparison/../benchmarks/part66/non-incremental/QF_NIA/20170427-VeryMax/ITS/From_T2__rlft3.t2__p9169_terminationG_0.smt2,63.0429,792,6144,成功
/pub/data/jiafq/iscas/Parser_Comparison/../benchmarks/part66/non-incremental/QF_NIA/20170427-VeryMax/ITS/From_T2__rlft3.t2__p9171_terminationG_0.smt2,109.558,1584,11505,成功
/pub/data/jiafq/iscas/Parser_Comparison/../benchmarks/part66/non-incremental/QF_NIA/20170427-VeryMax/ITS/From_T2__rlft3.t2__p9172_terminationG_0.smt2,167.176,1848,18473,成功
/pub/data/jiafq/iscas/Parser_Comparison/../benchmarks/part66/non-incremental/QF_NIA/20170427-VeryMax/ITS/From_T2__rlft3.t2__p9175_terminationG_0.smt2,64.5533,1056,6204,成功
/pub/data/jiafq/iscas/Parser_Comparison/../benchmarks/part66/non-incremental/QF_NIA/20170427-VeryMax/ITS/From_T2__rlft3.t2__p9176_terminationG_0.smt2,109.236,1584,11565,成功
/pub/data/jiafq/iscas/Parser_Comparison/../benchmarks/part66/non-incremental/QF_NIA/20170427-VeryMax/ITS/From_T2__rlft3.t2__p9177_terminationG_0.smt2,168.309,1848,18533,成功
/pub/data/jiafq/iscas/Parser_Comparison/../benchmarks/part66/non-incremental/QF_NIA/20170427-VeryMax/ITS/From_T2__rlft3.t2__term_unfeasibility_1_0.smt2,40.5779,528,4495,成功
/pub/data/jiafq/iscas/Parser_Comparison/../benchmarks/part66/non-incremental/QF_NIA/20170427-VeryMax/ITS/From_T2__rlft3.t2__terminationS_0_0.smt2,43.5164,528,4325,成功
/pub/data/jiafq/iscas/Parser_Comparison/../benchmarks/part66/non-incremental/QF_NIA/20170427-VeryMax/ITS/From_T2__ruslan-benchmarks_misc_n-38.t2__p9188_terminationG_0.smt2,54.7187,792,5392,成功
/pub/data/jiafq/iscas/Parser_Comparison/../benchmarks/part66/non-incremental/QF_NIA/20170427-VeryMax/ITS/From_T2__ruslan-benchmarks_misc_n-38.t2__p9189_terminationG_0.smt2,86.7345,1320,8806,成功
/pub/data/jiafq/iscas/Parser_Comparison/../benchmarks/part66/non-incremental/QF_NIA/20170427-VeryMax/ITS/From_T2__ruslan-benchmarks_misc_n-38.t2__p9190_terminationG_0.smt2,125.826,1584,13003,成功
/pub/data/jiafq/iscas/Parser_Comparison/../benchmarks/part66/non-incremental/QF_NIA/20170427-VeryMax/ITS/From_T2__ruslan-benchmarks_misc_n-38.t2__p9194_terminationG_0.smt2,83.8652,1056,8602,成功
/pub/data/jiafq/iscas/Parser_Comparison/../benchmarks/part66/non-incremental/QF_NIA/20170427-VeryMax/ITS/From_T2__ruslan-benchmarks_misc_n-38.t2__p9195_terminationG_0.smt2,122.752,1584,12775,成功
/pub/data/jiafq/iscas/Parser_Comparison/../benchmarks/part66/non-incremental/QF_NIA/20170427-VeryMax/ITS/From_T2__ruslan-benchmarks_misc_n-38.t2__p9198_terminationG_0.smt2,52.8729,792,5233,成功
/pub/data/jiafq/iscas/Parser_Comparison/../benchmarks/part66/non-incremental/QF_NIA/20170427-VeryMax/ITS/From_T2__ruslan-benchmarks_misc_n-38.t2__p9199_terminationG_0.smt2,85.2914,1320,8610,成功
/pub/data/jiafq/iscas/Parser_Comparison/../benchmarks/part66/non-incremental/QF_NIA/20170427-VeryMax/ITS/From_T2__ruslan-benchmarks_misc_n-38.t2__p9200_terminationG_0.smt2,123.332,1584,12783,成功
/pub/data/jiafq/iscas/Parser_Comparison/../benchmarks/part66/non-incremental/QF_NIA/20170427-VeryMax/ITS/From_T2__ruslan-benchmarks_misc_n-38.t2__p9202_terminationG_0.smt2,57.0116,792,5529,成功
平均值,154.735,1952.94,14524,100%
