文件名,解析时间(ms),内存使用(KB),AST节点数量,结果
/pub/data/jiafq/iscas/Parser_Comparison/../benchmarks/part51/non-incremental/QF_LIA/nec-smt/large/getoption_user/prp-41-50.smt2,0,0,0,失败
/pub/data/jiafq/iscas/Parser_Comparison/../benchmarks/part51/non-incremental/QF_LIA/nec-smt/large/getoption_user/prp-42-46.smt2,0,0,0,失败
/pub/data/jiafq/iscas/Parser_Comparison/../benchmarks/part51/non-incremental/QF_LIA/nec-smt/large/getoption_user/prp-42-47.smt2,0,0,0,失败
/pub/data/jiafq/iscas/Parser_Comparison/../benchmarks/part51/non-incremental/QF_LIA/nec-smt/large/getoption_user/prp-42-48.smt2,0,0,0,失败
/pub/data/jiafq/iscas/Parser_Comparison/../benchmarks/part51/non-incremental/QF_LIA/nec-smt/large/getoption_user/prp-42-49.smt2,0,0,0,失败
/pub/data/jiafq/iscas/Parser_Comparison/../benchmarks/part51/non-incremental/QF_LIA/nec-smt/large/getoption_user/prp-42-50.smt2,0,0,0,失败
/pub/data/jiafq/iscas/Parser_Comparison/../benchmarks/part51/non-incremental/QF_LIA/nec-smt/large/getoption_user/prp-43-46.smt2,0,0,0,失败
/pub/data/jiafq/iscas/Parser_Comparison/../benchmarks/part51/non-incremental/QF_LIA/nec-smt/large/getoption_user/prp-43-47.smt2,0,0,0,失败
/pub/data/jiafq/iscas/Parser_Comparison/../benchmarks/part51/non-incremental/QF_LIA/nec-smt/large/getoption_user/prp-43-48.smt2,0,0,0,失败
/pub/data/jiafq/iscas/Parser_Comparison/../benchmarks/part51/non-incremental/QF_LIA/nec-smt/large/getoption_user/prp-43-49.smt2,0,0,0,失败
/pub/data/jiafq/iscas/Parser_Comparison/../benchmarks/part51/non-incremental/QF_LIA/nec-smt/large/getoption_user/prp-43-50.smt2,0,0,0,失败
/pub/data/jiafq/iscas/Parser_Comparison/../benchmarks/part51/non-incremental/QF_LIA/nec-smt/large/getoption_user/prp-44-46.smt2,0,0,0,失败
/pub/data/jiafq/iscas/Parser_Comparison/../benchmarks/part51/non-incremental/QF_LIA/nec-smt/large/getoption_user/prp-44-47.smt2,0,0,0,失败
/pub/data/jiafq/iscas/Parser_Comparison/../benchmarks/part51/non-incremental/QF_LIA/nec-smt/large/getoption_user/prp-44-48.smt2,0,0,0,失败
/pub/data/jiafq/iscas/Parser_Comparison/../benchmarks/part51/non-incremental/QF_LIA/nec-smt/large/getoption_user/prp-44-49.smt2,0,0,0,失败
/pub/data/jiafq/iscas/Parser_Comparison/../benchmarks/part51/non-incremental/QF_LIA/nec-smt/large/getoption_user/prp-44-50.smt2,0,0,0,失败
/pub/data/jiafq/iscas/Parser_Comparison/../benchmarks/part51/non-incremental/QF_LIA/nec-smt/large/getoption_user/prp-45-46.smt2,0,0,0,失败
/pub/data/jiafq/iscas/Parser_Comparison/../benchmarks/part51/non-incremental/QF_LIA/nec-smt/large/getoption_user/prp-45-47.smt2,0,0,0,失败
/pub/data/jiafq/iscas/Parser_Comparison/../benchmarks/part51/non-incremental/QF_LIA/nec-smt/large/getoption_user/prp-45-48.smt2,0,0,0,失败
/pub/data/jiafq/iscas/Parser_Comparison/../benchmarks/part51/non-incremental/QF_LIA/nec-smt/large/getoption_user/prp-45-49.smt2,0,0,0,失败
/pub/data/jiafq/iscas/Parser_Comparison/../benchmarks/part51/non-incremental/QF_LIA/nec-smt/large/getoption_user/prp-45-50.smt2,0,0,0,失败
/pub/data/jiafq/iscas/Parser_Comparison/../benchmarks/part51/non-incremental/QF_LIA/nec-smt/large/getoption_user/prp-46-46.smt2,0,0,0,失败
/pub/data/jiafq/iscas/Parser_Comparison/../benchmarks/part51/non-incremental/QF_LIA/nec-smt/large/getoption_user/prp-46-47.smt2,0,0,0,失败
/pub/data/jiafq/iscas/Parser_Comparison/../benchmarks/part51/non-incremental/QF_LIA/nec-smt/large/getoption_user/prp-46-48.smt2,0,0,0,失败
/pub/data/jiafq/iscas/Parser_Comparison/../benchmarks/part51/non-incremental/QF_LIA/nec-smt/large/getoption_user/prp-46-49.smt2,0,0,0,失败
/pub/data/jiafq/iscas/Parser_Comparison/../benchmarks/part51/non-incremental/QF_LIA/nec-smt/large/getoption_user/prp-46-50.smt2,0,0,0,失败
/pub/data/jiafq/iscas/Parser_Comparison/../benchmarks/part51/non-incremental/QF_LIA/nec-smt/large/getoption_user/prp-47-46.smt2,0,0,0,失败
/pub/data/jiafq/iscas/Parser_Comparison/../benchmarks/part51/non-incremental/QF_LIA/nec-smt/large/getoption_user/prp-47-47.smt2,0,0,0,失败
/pub/data/jiafq/iscas/Parser_Comparison/../benchmarks/part51/non-incremental/QF_LIA/nec-smt/large/getoption_user/prp-47-48.smt2,0,0,0,失败
/pub/data/jiafq/iscas/Parser_Comparison/../benchmarks/part51/non-incremental/QF_LIA/nec-smt/large/getoption_user/prp-47-49.smt2,0,0,0,失败
/pub/data/jiafq/iscas/Parser_Comparison/../benchmarks/part51/non-incremental/QF_LIA/nec-smt/large/getoption_user/prp-47-50.smt2,0,0,0,失败
/pub/data/jiafq/iscas/Parser_Comparison/../benchmarks/part51/non-incremental/QF_LIA/nec-smt/large/getoption_user/prp-48-46.smt2,0,0,0,失败
/pub/data/jiafq/iscas/Parser_Comparison/../benchmarks/part51/non-incremental/QF_LIA/nec-smt/large/getoption_user/prp-48-47.smt2,0,0,0,失败
/pub/data/jiafq/iscas/Parser_Comparison/../benchmarks/part51/non-incremental/QF_LIA/nec-smt/large/getoption_user/prp-48-48.smt2,0,0,0,失败
/pub/data/jiafq/iscas/Parser_Comparison/../benchmarks/part51/non-incremental/QF_LIA/nec-smt/large/getoption_user/prp-48-49.smt2,0,0,0,失败
/pub/data/jiafq/iscas/Parser_Comparison/../benchmarks/part51/non-incremental/QF_LIA/nec-smt/large/getoption_user/prp-48-50.smt2,0,0,0,失败
/pub/data/jiafq/iscas/Parser_Comparison/../benchmarks/part51/non-incremental/QF_LIA/nec-smt/large/getoption_user/prp-49-46.smt2,0,0,0,失败
/pub/data/jiafq/iscas/Parser_Comparison/../benchmarks/part51/non-incremental/QF_LIA/nec-smt/large/getoption_user/prp-49-47.smt2,0,0,0,失败
/pub/data/jiafq/iscas/Parser_Comparison/../benchmarks/part51/non-incremental/QF_LIA/nec-smt/large/getoption_user/prp-49-48.smt2,0,0,0,失败
/pub/data/jiafq/iscas/Parser_Comparison/../benchmarks/part51/non-incremental/QF_LIA/nec-smt/large/getoption_user/prp-49-49.smt2,0,0,0,失败
/pub/data/jiafq/iscas/Parser_Comparison/../benchmarks/part51/non-incremental/QF_LIA/nec-smt/large/getoption_user/prp-49-50.smt2,0,0,0,失败
/pub/data/jiafq/iscas/Parser_Comparison/../benchmarks/part51/non-incremental/QF_LIA/nec-smt/large/getoption_user/prp-5-46.smt2,0,0,0,失败
/pub/data/jiafq/iscas/Parser_Comparison/../benchmarks/part51/non-incremental/QF_LIA/nec-smt/large/getoption_user/prp-5-47.smt2,0,0,0,失败
/pub/data/jiafq/iscas/Parser_Comparison/../benchmarks/part51/non-incremental/QF_LIA/nec-smt/large/getoption_user/prp-5-48.smt2,0,0,0,失败
/pub/data/jiafq/iscas/Parser_Comparison/../benchmarks/part51/non-incremental/QF_LIA/nec-smt/large/getoption_user/prp-5-49.smt2,0,0,0,失败
/pub/data/jiafq/iscas/Parser_Comparison/../benchmarks/part51/non-incremental/QF_LIA/nec-smt/large/getoption_user/prp-5-50.smt2,0,0,0,失败
/pub/data/jiafq/iscas/Parser_Comparison/../benchmarks/part51/non-incremental/QF_LIA/nec-smt/large/getoption_user/prp-50-46.smt2,0,0,0,失败
/pub/data/jiafq/iscas/Parser_Comparison/../benchmarks/part51/non-incremental/QF_LIA/nec-smt/large/getoption_user/prp-50-47.smt2,0,0,0,失败
/pub/data/jiafq/iscas/Parser_Comparison/../benchmarks/part51/non-incremental/QF_LIA/nec-smt/large/getoption_user/prp-50-48.smt2,0,0,0,失败
/pub/data/jiafq/iscas/Parser_Comparison/../benchmarks/part51/non-incremental/QF_LIA/nec-smt/large/getoption_user/prp-50-49.smt2,0,0,0,失败
/pub/data/jiafq/iscas/Parser_Comparison/../benchmarks/part51/non-incremental/QF_LIA/nec-smt/large/getoption_user/prp-50-50.smt2,0,0,0,失败
/pub/data/jiafq/iscas/Parser_Comparison/../benchmarks/part51/non-incremental/QF_LIA/nec-smt/large/getoption_user/prp-51-47.smt2,0,0,0,失败
/pub/data/jiafq/iscas/Parser_Comparison/../benchmarks/part51/non-incremental/QF_LIA/nec-smt/large/getoption_user/prp-51-48.smt2,0,0,0,失败
/pub/data/jiafq/iscas/Parser_Comparison/../benchmarks/part51/non-incremental/QF_LIA/nec-smt/large/getoption_user/prp-51-49.smt2,0,0,0,失败
/pub/data/jiafq/iscas/Parser_Comparison/../benchmarks/part51/non-incremental/QF_LIA/nec-smt/large/getoption_user/prp-51-50.smt2,0,0,0,失败
/pub/data/jiafq/iscas/Parser_Comparison/../benchmarks/part51/non-incremental/QF_LIA/nec-smt/large/getoption_user/prp-6-46.smt2,0,0,0,失败
/pub/data/jiafq/iscas/Parser_Comparison/../benchmarks/part51/non-incremental/QF_LIA/nec-smt/large/getoption_user/prp-6-47.smt2,0,0,0,失败
/pub/data/jiafq/iscas/Parser_Comparison/../benchmarks/part51/non-incremental/QF_LIA/nec-smt/large/getoption_user/prp-6-48.smt2,0,0,0,失败
/pub/data/jiafq/iscas/Parser_Comparison/../benchmarks/part51/non-incremental/QF_LIA/nec-smt/large/getoption_user/prp-6-49.smt2,0,0,0,失败
/pub/data/jiafq/iscas/Parser_Comparison/../benchmarks/part51/non-incremental/QF_LIA/nec-smt/large/getoption_user/prp-6-50.smt2,0,0,0,失败
/pub/data/jiafq/iscas/Parser_Comparison/../benchmarks/part51/non-incremental/QF_LIA/nec-smt/large/getoption_user/prp-7-46.smt2,0,0,0,失败
/pub/data/jiafq/iscas/Parser_Comparison/../benchmarks/part51/non-incremental/QF_LIA/nec-smt/large/getoption_user/prp-7-47.smt2,0,0,0,失败
/pub/data/jiafq/iscas/Parser_Comparison/../benchmarks/part51/non-incremental/QF_LIA/nec-smt/large/getoption_user/prp-7-48.smt2,0,0,0,失败
/pub/data/jiafq/iscas/Parser_Comparison/../benchmarks/part51/non-incremental/QF_LIA/nec-smt/large/getoption_user/prp-7-49.smt2,0,0,0,失败
/pub/data/jiafq/iscas/Parser_Comparison/../benchmarks/part51/non-incremental/QF_LIA/nec-smt/large/getoption_user/prp-7-50.smt2,0,0,0,失败
/pub/data/jiafq/iscas/Parser_Comparison/../benchmarks/part51/non-incremental/QF_LIA/nec-smt/large/getoption_user/prp-8-46.smt2,0,0,0,失败
/pub/data/jiafq/iscas/Parser_Comparison/../benchmarks/part51/non-incremental/QF_LIA/nec-smt/large/getoption_user/prp-8-47.smt2,0,0,0,失败
/pub/data/jiafq/iscas/Parser_Comparison/../benchmarks/part51/non-incremental/QF_LIA/nec-smt/large/getoption_user/prp-8-48.smt2,0,0,0,失败
/pub/data/jiafq/iscas/Parser_Comparison/../benchmarks/part51/non-incremental/QF_LIA/nec-smt/large/getoption_user/prp-8-49.smt2,0,0,0,失败
/pub/data/jiafq/iscas/Parser_Comparison/../benchmarks/part51/non-incremental/QF_LIA/nec-smt/large/getoption_user/prp-8-50.smt2,0,0,0,失败
/pub/data/jiafq/iscas/Parser_Comparison/../benchmarks/part51/non-incremental/QF_LIA/nec-smt/large/getoption_user/prp-9-46.smt2,0,0,0,失败
/pub/data/jiafq/iscas/Parser_Comparison/../benchmarks/part51/non-incremental/QF_LIA/nec-smt/large/getoption_user/prp-9-47.smt2,0,0,0,失败
/pub/data/jiafq/iscas/Parser_Comparison/../benchmarks/part51/non-incremental/QF_LIA/nec-smt/large/getoption_user/prp-9-48.smt2,0,0,0,失败
/pub/data/jiafq/iscas/Parser_Comparison/../benchmarks/part51/non-incremental/QF_LIA/nec-smt/large/getoption_user/prp-9-49.smt2,0,0,0,失败
/pub/data/jiafq/iscas/Parser_Comparison/../benchmarks/part51/non-incremental/QF_LIA/nec-smt/large/getoption_user/prp-9-50.smt2,0,0,0,失败
/pub/data/jiafq/iscas/Parser_Comparison/../benchmarks/part51/non-incremental/QF_LIA/nec-smt/large/handler_sigchld/prp-0-46.smt2,0,0,0,失败
/pub/data/jiafq/iscas/Parser_Comparison/../benchmarks/part51/non-incremental/QF_LIA/nec-smt/large/handler_sigchld/prp-0-47.smt2,0,0,0,失败
/pub/data/jiafq/iscas/Parser_Comparison/../benchmarks/part51/non-incremental/QF_LIA/nec-smt/large/handler_sigchld/prp-0-48.smt2,0,0,0,失败
/pub/data/jiafq/iscas/Parser_Comparison/../benchmarks/part51/non-incremental/QF_LIA/nec-smt/large/handler_sigchld/prp-0-49.smt2,0,0,0,失败
/pub/data/jiafq/iscas/Parser_Comparison/../benchmarks/part51/non-incremental/QF_LIA/nec-smt/large/handler_sigchld/prp-0-50.smt2,0,0,0,失败
/pub/data/jiafq/iscas/Parser_Comparison/../benchmarks/part51/non-incremental/QF_LIA/nec-smt/large/handler_sigchld/prp-1-46.smt2,0,0,0,失败
/pub/data/jiafq/iscas/Parser_Comparison/../benchmarks/part51/non-incremental/QF_LIA/nec-smt/large/handler_sigchld/prp-1-47.smt2,0,0,0,失败
/pub/data/jiafq/iscas/Parser_Comparison/../benchmarks/part51/non-incremental/QF_LIA/nec-smt/large/handler_sigchld/prp-1-48.smt2,0,0,0,失败
/pub/data/jiafq/iscas/Parser_Comparison/../benchmarks/part51/non-incremental/QF_LIA/nec-smt/large/handler_sigchld/prp-1-49.smt2,0,0,0,失败
/pub/data/jiafq/iscas/Parser_Comparison/../benchmarks/part51/non-incremental/QF_LIA/nec-smt/large/handler_sigchld/prp-1-50.smt2,0,0,0,失败
/pub/data/jiafq/iscas/Parser_Comparison/../benchmarks/part51/non-incremental/QF_LIA/nec-smt/large/handler_sigchld/prp-10-46.smt2,0,0,0,失败
/pub/data/jiafq/iscas/Parser_Comparison/../benchmarks/part51/non-incremental/QF_LIA/nec-smt/large/handler_sigchld/prp-10-47.smt2,0,0,0,失败
/pub/data/jiafq/iscas/Parser_Comparison/../benchmarks/part51/non-incremental/QF_LIA/nec-smt/large/handler_sigchld/prp-10-48.smt2,0,0,0,失败
/pub/data/jiafq/iscas/Parser_Comparison/../benchmarks/part51/non-incremental/QF_LIA/nec-smt/large/handler_sigchld/prp-10-49.smt2,0,0,0,失败
/pub/data/jiafq/iscas/Parser_Comparison/../benchmarks/part51/non-incremental/QF_LIA/nec-smt/large/handler_sigchld/prp-10-50.smt2,0,0,0,失败
/pub/data/jiafq/iscas/Parser_Comparison/../benchmarks/part51/non-incremental/QF_LIA/nec-smt/large/handler_sigchld/prp-11-46.smt2,0,0,0,失败
/pub/data/jiafq/iscas/Parser_Comparison/../benchmarks/part51/non-incremental/QF_LIA/nec-smt/large/handler_sigchld/prp-11-47.smt2,0,0,0,失败
/pub/data/jiafq/iscas/Parser_Comparison/../benchmarks/part51/non-incremental/QF_LIA/nec-smt/large/handler_sigchld/prp-11-48.smt2,0,0,0,失败
/pub/data/jiafq/iscas/Parser_Comparison/../benchmarks/part51/non-incremental/QF_LIA/nec-smt/large/handler_sigchld/prp-11-49.smt2,0,0,0,失败
/pub/data/jiafq/iscas/Parser_Comparison/../benchmarks/part51/non-incremental/QF_LIA/nec-smt/large/handler_sigchld/prp-11-50.smt2,0,0,0,失败
/pub/data/jiafq/iscas/Parser_Comparison/../benchmarks/part51/non-incremental/QF_LIA/nec-smt/large/handler_sigchld/prp-12-46.smt2,0,0,0,失败
/pub/data/jiafq/iscas/Parser_Comparison/../benchmarks/part51/non-incremental/QF_LIA/nec-smt/large/handler_sigchld/prp-12-47.smt2,0,0,0,失败
/pub/data/jiafq/iscas/Parser_Comparison/../benchmarks/part51/non-incremental/QF_LIA/nec-smt/large/handler_sigchld/prp-12-48.smt2,0,0,0,失败
/pub/data/jiafq/iscas/Parser_Comparison/../benchmarks/part51/non-incremental/QF_LIA/nec-smt/large/handler_sigchld/prp-12-49.smt2,0,0,0,失败
/pub/data/jiafq/iscas/Parser_Comparison/../benchmarks/part51/non-incremental/QF_LIA/nec-smt/large/handler_sigchld/prp-12-50.smt2,0,0,0,失败
/pub/data/jiafq/iscas/Parser_Comparison/../benchmarks/part51/non-incremental/QF_LIA/nec-smt/large/handler_sigchld/prp-13-46.smt2,0,0,0,失败
/pub/data/jiafq/iscas/Parser_Comparison/../benchmarks/part51/non-incremental/QF_LIA/nec-smt/large/handler_sigchld/prp-13-47.smt2,0,0,0,失败
/pub/data/jiafq/iscas/Parser_Comparison/../benchmarks/part51/non-incremental/QF_LIA/nec-smt/large/handler_sigchld/prp-13-48.smt2,0,0,0,失败
/pub/data/jiafq/iscas/Parser_Comparison/../benchmarks/part51/non-incremental/QF_LIA/nec-smt/large/handler_sigchld/prp-13-49.smt2,0,0,0,失败
/pub/data/jiafq/iscas/Parser_Comparison/../benchmarks/part51/non-incremental/QF_LIA/nec-smt/large/handler_sigchld/prp-13-50.smt2,0,0,0,失败
/pub/data/jiafq/iscas/Parser_Comparison/../benchmarks/part51/non-incremental/QF_LIA/nec-smt/large/handler_sigchld/prp-14-46.smt2,0,0,0,失败
/pub/data/jiafq/iscas/Parser_Comparison/../benchmarks/part51/non-incremental/QF_LIA/nec-smt/large/handler_sigchld/prp-14-47.smt2,0,0,0,失败
/pub/data/jiafq/iscas/Parser_Comparison/../benchmarks/part51/non-incremental/QF_LIA/nec-smt/large/handler_sigchld/prp-14-48.smt2,0,0,0,失败
/pub/data/jiafq/iscas/Parser_Comparison/../benchmarks/part51/non-incremental/QF_LIA/nec-smt/large/handler_sigchld/prp-14-49.smt2,0,0,0,失败
/pub/data/jiafq/iscas/Parser_Comparison/../benchmarks/part51/non-incremental/QF_LIA/nec-smt/large/handler_sigchld/prp-14-50.smt2,0,0,0,失败
/pub/data/jiafq/iscas/Parser_Comparison/../benchmarks/part51/non-incremental/QF_LIA/nec-smt/large/handler_sigchld/prp-15-46.smt2,0,0,0,失败
/pub/data/jiafq/iscas/Parser_Comparison/../benchmarks/part51/non-incremental/QF_LIA/nec-smt/large/handler_sigchld/prp-15-47.smt2,0,0,0,失败
/pub/data/jiafq/iscas/Parser_Comparison/../benchmarks/part51/non-incremental/QF_LIA/nec-smt/large/handler_sigchld/prp-15-48.smt2,0,0,0,失败
/pub/data/jiafq/iscas/Parser_Comparison/../benchmarks/part51/non-incremental/QF_LIA/nec-smt/large/handler_sigchld/prp-15-49.smt2,0,0,0,失败
/pub/data/jiafq/iscas/Parser_Comparison/../benchmarks/part51/non-incremental/QF_LIA/nec-smt/large/handler_sigchld/prp-15-50.smt2,0,0,0,失败
/pub/data/jiafq/iscas/Parser_Comparison/../benchmarks/part51/non-incremental/QF_LIA/nec-smt/large/handler_sigchld/prp-16-46.smt2,0,0,0,失败
/pub/data/jiafq/iscas/Parser_Comparison/../benchmarks/part51/non-incremental/QF_LIA/nec-smt/large/handler_sigchld/prp-16-47.smt2,0,0,0,失败
/pub/data/jiafq/iscas/Parser_Comparison/../benchmarks/part51/non-incremental/QF_LIA/nec-smt/large/handler_sigchld/prp-16-48.smt2,0,0,0,失败
/pub/data/jiafq/iscas/Parser_Comparison/../benchmarks/part51/non-incremental/QF_LIA/nec-smt/large/handler_sigchld/prp-16-49.smt2,0,0,0,失败
/pub/data/jiafq/iscas/Parser_Comparison/../benchmarks/part51/non-incremental/QF_LIA/nec-smt/large/handler_sigchld/prp-16-50.smt2,0,0,0,失败
/pub/data/jiafq/iscas/Parser_Comparison/../benchmarks/part51/non-incremental/QF_LIA/nec-smt/large/handler_sigchld/prp-17-46.smt2,0,0,0,失败
/pub/data/jiafq/iscas/Parser_Comparison/../benchmarks/part51/non-incremental/QF_LIA/nec-smt/large/handler_sigchld/prp-17-47.smt2,0,0,0,失败
/pub/data/jiafq/iscas/Parser_Comparison/../benchmarks/part51/non-incremental/QF_LIA/nec-smt/large/handler_sigchld/prp-17-48.smt2,0,0,0,失败
/pub/data/jiafq/iscas/Parser_Comparison/../benchmarks/part51/non-incremental/QF_LIA/nec-smt/large/handler_sigchld/prp-17-49.smt2,0,0,0,失败
/pub/data/jiafq/iscas/Parser_Comparison/../benchmarks/part51/non-incremental/QF_LIA/nec-smt/large/handler_sigchld/prp-17-50.smt2,0,0,0,失败
/pub/data/jiafq/iscas/Parser_Comparison/../benchmarks/part51/non-incremental/QF_LIA/nec-smt/large/handler_sigchld/prp-18-46.smt2,0,0,0,失败
/pub/data/jiafq/iscas/Parser_Comparison/../benchmarks/part51/non-incremental/QF_LIA/nec-smt/large/handler_sigchld/prp-18-47.smt2,0,0,0,失败
/pub/data/jiafq/iscas/Parser_Comparison/../benchmarks/part51/non-incremental/QF_LIA/nec-smt/large/handler_sigchld/prp-18-48.smt2,0,0,0,失败
/pub/data/jiafq/iscas/Parser_Comparison/../benchmarks/part51/non-incremental/QF_LIA/nec-smt/large/handler_sigchld/prp-18-49.smt2,0,0,0,失败
/pub/data/jiafq/iscas/Parser_Comparison/../benchmarks/part51/non-incremental/QF_LIA/nec-smt/large/handler_sigchld/prp-18-50.smt2,0,0,0,失败
/pub/data/jiafq/iscas/Parser_Comparison/../benchmarks/part51/non-incremental/QF_LIA/nec-smt/large/handler_sigchld/prp-19-46.smt2,0,0,0,失败
/pub/data/jiafq/iscas/Parser_Comparison/../benchmarks/part51/non-incremental/QF_LIA/nec-smt/large/handler_sigchld/prp-19-47.smt2,0,0,0,失败
/pub/data/jiafq/iscas/Parser_Comparison/../benchmarks/part51/non-incremental/QF_LIA/nec-smt/large/handler_sigchld/prp-19-48.smt2,0,0,0,失败
/pub/data/jiafq/iscas/Parser_Comparison/../benchmarks/part51/non-incremental/QF_LIA/nec-smt/large/handler_sigchld/prp-19-49.smt2,0,0,0,失败
/pub/data/jiafq/iscas/Parser_Comparison/../benchmarks/part51/non-incremental/QF_LIA/nec-smt/large/handler_sigchld/prp-19-50.smt2,0,0,0,失败
/pub/data/jiafq/iscas/Parser_Comparison/../benchmarks/part51/non-incremental/QF_LIA/nec-smt/large/handler_sigchld/prp-2-46.smt2,0,0,0,失败
/pub/data/jiafq/iscas/Parser_Comparison/../benchmarks/part51/non-incremental/QF_LIA/nec-smt/large/handler_sigchld/prp-2-47.smt2,0,0,0,失败
/pub/data/jiafq/iscas/Parser_Comparison/../benchmarks/part51/non-incremental/QF_LIA/nec-smt/large/handler_sigchld/prp-2-48.smt2,0,0,0,失败
/pub/data/jiafq/iscas/Parser_Comparison/../benchmarks/part51/non-incremental/QF_LIA/nec-smt/large/handler_sigchld/prp-2-49.smt2,0,0,0,失败
/pub/data/jiafq/iscas/Parser_Comparison/../benchmarks/part51/non-incremental/QF_LIA/nec-smt/large/handler_sigchld/prp-2-50.smt2,0,0,0,失败
/pub/data/jiafq/iscas/Parser_Comparison/../benchmarks/part51/non-incremental/QF_LIA/nec-smt/large/handler_sigchld/prp-20-46.smt2,0,0,0,失败
/pub/data/jiafq/iscas/Parser_Comparison/../benchmarks/part51/non-incremental/QF_LIA/nec-smt/large/handler_sigchld/prp-20-47.smt2,0,0,0,失败
/pub/data/jiafq/iscas/Parser_Comparison/../benchmarks/part51/non-incremental/QF_LIA/nec-smt/large/handler_sigchld/prp-20-48.smt2,0,0,0,失败
/pub/data/jiafq/iscas/Parser_Comparison/../benchmarks/part51/non-incremental/QF_LIA/nec-smt/large/handler_sigchld/prp-20-49.smt2,0,0,0,失败
/pub/data/jiafq/iscas/Parser_Comparison/../benchmarks/part51/non-incremental/QF_LIA/nec-smt/large/handler_sigchld/prp-20-50.smt2,0,0,0,失败
/pub/data/jiafq/iscas/Parser_Comparison/../benchmarks/part51/non-incremental/QF_LIA/nec-smt/large/handler_sigchld/prp-21-46.smt2,0,0,0,失败
/pub/data/jiafq/iscas/Parser_Comparison/../benchmarks/part51/non-incremental/QF_LIA/nec-smt/large/handler_sigchld/prp-21-47.smt2,0,0,0,失败
/pub/data/jiafq/iscas/Parser_Comparison/../benchmarks/part51/non-incremental/QF_LIA/nec-smt/large/handler_sigchld/prp-21-48.smt2,0,0,0,失败
/pub/data/jiafq/iscas/Parser_Comparison/../benchmarks/part51/non-incremental/QF_LIA/nec-smt/large/handler_sigchld/prp-21-49.smt2,0,0,0,失败
/pub/data/jiafq/iscas/Parser_Comparison/../benchmarks/part51/non-incremental/QF_LIA/nec-smt/large/handler_sigchld/prp-21-50.smt2,0,0,0,失败
/pub/data/jiafq/iscas/Parser_Comparison/../benchmarks/part51/non-incremental/QF_LIA/nec-smt/large/handler_sigchld/prp-22-46.smt2,0,0,0,失败
/pub/data/jiafq/iscas/Parser_Comparison/../benchmarks/part51/non-incremental/QF_LIA/nec-smt/large/handler_sigchld/prp-22-47.smt2,0,0,0,失败
/pub/data/jiafq/iscas/Parser_Comparison/../benchmarks/part51/non-incremental/QF_LIA/nec-smt/large/handler_sigchld/prp-22-48.smt2,0,0,0,失败
/pub/data/jiafq/iscas/Parser_Comparison/../benchmarks/part51/non-incremental/QF_LIA/nec-smt/large/handler_sigchld/prp-22-49.smt2,0,0,0,失败
/pub/data/jiafq/iscas/Parser_Comparison/../benchmarks/part51/non-incremental/QF_LIA/nec-smt/large/handler_sigchld/prp-22-50.smt2,0,0,0,失败
/pub/data/jiafq/iscas/Parser_Comparison/../benchmarks/part51/non-incremental/QF_LIA/nec-smt/large/handler_sigchld/prp-23-46.smt2,0,0,0,失败
/pub/data/jiafq/iscas/Parser_Comparison/../benchmarks/part51/non-incremental/QF_LIA/nec-smt/large/handler_sigchld/prp-23-47.smt2,0,0,0,失败
/pub/data/jiafq/iscas/Parser_Comparison/../benchmarks/part51/non-incremental/QF_LIA/nec-smt/large/handler_sigchld/prp-23-48.smt2,0,0,0,失败
/pub/data/jiafq/iscas/Parser_Comparison/../benchmarks/part51/non-incremental/QF_LIA/nec-smt/large/handler_sigchld/prp-23-49.smt2,0,0,0,失败
/pub/data/jiafq/iscas/Parser_Comparison/../benchmarks/part51/non-incremental/QF_LIA/nec-smt/large/handler_sigchld/prp-23-50.smt2,0,0,0,失败
/pub/data/jiafq/iscas/Parser_Comparison/../benchmarks/part51/non-incremental/QF_LIA/nec-smt/large/handler_sigchld/prp-24-46.smt2,0,0,0,失败
/pub/data/jiafq/iscas/Parser_Comparison/../benchmarks/part51/non-incremental/QF_LIA/nec-smt/large/handler_sigchld/prp-24-47.smt2,0,0,0,失败
/pub/data/jiafq/iscas/Parser_Comparison/../benchmarks/part51/non-incremental/QF_LIA/nec-smt/large/handler_sigchld/prp-24-48.smt2,0,0,0,失败
/pub/data/jiafq/iscas/Parser_Comparison/../benchmarks/part51/non-incremental/QF_LIA/nec-smt/large/handler_sigchld/prp-24-49.smt2,0,0,0,失败
/pub/data/jiafq/iscas/Parser_Comparison/../benchmarks/part51/non-incremental/QF_LIA/nec-smt/large/handler_sigchld/prp-24-50.smt2,0,0,0,失败
/pub/data/jiafq/iscas/Parser_Comparison/../benchmarks/part51/non-incremental/QF_LIA/nec-smt/large/handler_sigchld/prp-25-46.smt2,0,0,0,失败
/pub/data/jiafq/iscas/Parser_Comparison/../benchmarks/part51/non-incremental/QF_LIA/nec-smt/large/handler_sigchld/prp-25-47.smt2,0,0,0,失败
/pub/data/jiafq/iscas/Parser_Comparison/../benchmarks/part51/non-incremental/QF_LIA/nec-smt/large/handler_sigchld/prp-25-48.smt2,0,0,0,失败
/pub/data/jiafq/iscas/Parser_Comparison/../benchmarks/part51/non-incremental/QF_LIA/nec-smt/large/handler_sigchld/prp-25-49.smt2,0,0,0,失败
/pub/data/jiafq/iscas/Parser_Comparison/../benchmarks/part51/non-incremental/QF_LIA/nec-smt/large/handler_sigchld/prp-25-50.smt2,0,0,0,失败
/pub/data/jiafq/iscas/Parser_Comparison/../benchmarks/part51/non-incremental/QF_LIA/nec-smt/large/handler_sigchld/prp-3-46.smt2,0,0,0,失败
/pub/data/jiafq/iscas/Parser_Comparison/../benchmarks/part51/non-incremental/QF_LIA/nec-smt/large/handler_sigchld/prp-3-47.smt2,0,0,0,失败
/pub/data/jiafq/iscas/Parser_Comparison/../benchmarks/part51/non-incremental/QF_LIA/nec-smt/large/handler_sigchld/prp-3-48.smt2,0,0,0,失败
/pub/data/jiafq/iscas/Parser_Comparison/../benchmarks/part51/non-incremental/QF_LIA/nec-smt/large/handler_sigchld/prp-3-49.smt2,0,0,0,失败
/pub/data/jiafq/iscas/Parser_Comparison/../benchmarks/part51/non-incremental/QF_LIA/nec-smt/large/handler_sigchld/prp-3-50.smt2,0,0,0,失败
/pub/data/jiafq/iscas/Parser_Comparison/../benchmarks/part51/non-incremental/QF_LIA/nec-smt/large/handler_sigchld/prp-4-46.smt2,0,0,0,失败
/pub/data/jiafq/iscas/Parser_Comparison/../benchmarks/part51/non-incremental/QF_LIA/nec-smt/large/handler_sigchld/prp-4-47.smt2,0,0,0,失败
/pub/data/jiafq/iscas/Parser_Comparison/../benchmarks/part51/non-incremental/QF_LIA/nec-smt/large/handler_sigchld/prp-4-48.smt2,0,0,0,失败
/pub/data/jiafq/iscas/Parser_Comparison/../benchmarks/part51/non-incremental/QF_LIA/nec-smt/large/handler_sigchld/prp-4-49.smt2,0,0,0,失败
/pub/data/jiafq/iscas/Parser_Comparison/../benchmarks/part51/non-incremental/QF_LIA/nec-smt/large/handler_sigchld/prp-4-50.smt2,0,0,0,失败
/pub/data/jiafq/iscas/Parser_Comparison/../benchmarks/part51/non-incremental/QF_LIA/nec-smt/large/handler_sigchld/prp-5-46.smt2,0,0,0,失败
/pub/data/jiafq/iscas/Parser_Comparison/../benchmarks/part51/non-incremental/QF_LIA/nec-smt/large/handler_sigchld/prp-5-47.smt2,0,0,0,失败
/pub/data/jiafq/iscas/Parser_Comparison/../benchmarks/part51/non-incremental/QF_LIA/nec-smt/large/handler_sigchld/prp-5-48.smt2,0,0,0,失败
/pub/data/jiafq/iscas/Parser_Comparison/../benchmarks/part51/non-incremental/QF_LIA/nec-smt/large/handler_sigchld/prp-5-49.smt2,0,0,0,失败
/pub/data/jiafq/iscas/Parser_Comparison/../benchmarks/part51/non-incremental/QF_LIA/nec-smt/large/handler_sigchld/prp-5-50.smt2,0,0,0,失败
/pub/data/jiafq/iscas/Parser_Comparison/../benchmarks/part51/non-incremental/QF_LIA/nec-smt/large/handler_sigchld/prp-6-46.smt2,0,0,0,失败
/pub/data/jiafq/iscas/Parser_Comparison/../benchmarks/part51/non-incremental/QF_LIA/nec-smt/large/handler_sigchld/prp-6-47.smt2,0,0,0,失败
/pub/data/jiafq/iscas/Parser_Comparison/../benchmarks/part51/non-incremental/QF_LIA/nec-smt/large/handler_sigchld/prp-6-48.smt2,0,0,0,失败
/pub/data/jiafq/iscas/Parser_Comparison/../benchmarks/part51/non-incremental/QF_LIA/nec-smt/large/handler_sigchld/prp-6-49.smt2,0,0,0,失败
/pub/data/jiafq/iscas/Parser_Comparison/../benchmarks/part51/non-incremental/QF_LIA/nec-smt/large/handler_sigchld/prp-6-50.smt2,0,0,0,失败
/pub/data/jiafq/iscas/Parser_Comparison/../benchmarks/part51/non-incremental/QF_LIA/nec-smt/large/handler_sigchld/prp-7-46.smt2,0,0,0,失败
/pub/data/jiafq/iscas/Parser_Comparison/../benchmarks/part51/non-incremental/QF_LIA/nec-smt/large/handler_sigchld/prp-7-47.smt2,0,0,0,失败
/pub/data/jiafq/iscas/Parser_Comparison/../benchmarks/part51/non-incremental/QF_LIA/nec-smt/large/handler_sigchld/prp-7-48.smt2,0,0,0,失败
/pub/data/jiafq/iscas/Parser_Comparison/../benchmarks/part51/non-incremental/QF_LIA/nec-smt/large/handler_sigchld/prp-7-49.smt2,0,0,0,失败
/pub/data/jiafq/iscas/Parser_Comparison/../benchmarks/part51/non-incremental/QF_LIA/nec-smt/large/handler_sigchld/prp-7-50.smt2,0,0,0,失败
/pub/data/jiafq/iscas/Parser_Comparison/../benchmarks/part51/non-incremental/QF_LIA/nec-smt/large/handler_sigchld/prp-8-46.smt2,0,0,0,失败
/pub/data/jiafq/iscas/Parser_Comparison/../benchmarks/part51/non-incremental/QF_LIA/nec-smt/large/handler_sigchld/prp-8-47.smt2,0,0,0,失败
/pub/data/jiafq/iscas/Parser_Comparison/../benchmarks/part51/non-incremental/QF_LIA/nec-smt/large/handler_sigchld/prp-8-48.smt2,0,0,0,失败
/pub/data/jiafq/iscas/Parser_Comparison/../benchmarks/part51/non-incremental/QF_LIA/nec-smt/large/handler_sigchld/prp-8-49.smt2,0,0,0,失败
/pub/data/jiafq/iscas/Parser_Comparison/../benchmarks/part51/non-incremental/QF_LIA/nec-smt/large/handler_sigchld/prp-8-50.smt2,0,0,0,失败
/pub/data/jiafq/iscas/Parser_Comparison/../benchmarks/part51/non-incremental/QF_LIA/nec-smt/large/handler_sigchld/prp-9-46.smt2,0,0,0,失败
/pub/data/jiafq/iscas/Parser_Comparison/../benchmarks/part51/non-incremental/QF_LIA/nec-smt/large/handler_sigchld/prp-9-47.smt2,0,0,0,失败
/pub/data/jiafq/iscas/Parser_Comparison/../benchmarks/part51/non-incremental/QF_LIA/nec-smt/large/handler_sigchld/prp-9-48.smt2,0,0,0,失败
/pub/data/jiafq/iscas/Parser_Comparison/../benchmarks/part51/non-incremental/QF_LIA/nec-smt/large/handler_sigchld/prp-9-49.smt2,0,0,0,失败
/pub/data/jiafq/iscas/Parser_Comparison/../benchmarks/part51/non-incremental/QF_LIA/nec-smt/large/handler_sigchld/prp-9-50.smt2,0,0,0,失败
/pub/data/jiafq/iscas/Parser_Comparison/../benchmarks/part51/non-incremental/QF_LIA/nec-smt/large/int_from_list/prp-0-46.smt2,0,0,0,失败
/pub/data/jiafq/iscas/Parser_Comparison/../benchmarks/part51/non-incremental/QF_LIA/nec-smt/large/int_from_list/prp-0-47.smt2,0,0,0,失败
/pub/data/jiafq/iscas/Parser_Comparison/../benchmarks/part51/non-incremental/QF_LIA/nec-smt/large/int_from_list/prp-0-48.smt2,0,0,0,失败
/pub/data/jiafq/iscas/Parser_Comparison/../benchmarks/part51/non-incremental/QF_LIA/nec-smt/large/int_from_list/prp-0-49.smt2,0,0,0,失败
/pub/data/jiafq/iscas/Parser_Comparison/../benchmarks/part51/non-incremental/QF_LIA/nec-smt/large/int_from_list/prp-0-50.smt2,0,0,0,失败
/pub/data/jiafq/iscas/Parser_Comparison/../benchmarks/part51/non-incremental/QF_LIA/nec-smt/large/int_from_list/prp-1-46.smt2,0,0,0,失败
/pub/data/jiafq/iscas/Parser_Comparison/../benchmarks/part51/non-incremental/QF_LIA/nec-smt/large/int_from_list/prp-1-47.smt2,0,0,0,失败
/pub/data/jiafq/iscas/Parser_Comparison/../benchmarks/part51/non-incremental/QF_LIA/nec-smt/large/int_from_list/prp-1-48.smt2,0,0,0,失败
/pub/data/jiafq/iscas/Parser_Comparison/../benchmarks/part51/non-incremental/QF_LIA/nec-smt/large/int_from_list/prp-1-49.smt2,0,0,0,失败
/pub/data/jiafq/iscas/Parser_Comparison/../benchmarks/part51/non-incremental/QF_LIA/nec-smt/large/int_from_list/prp-1-50.smt2,0,0,0,失败
/pub/data/jiafq/iscas/Parser_Comparison/../benchmarks/part51/non-incremental/QF_LIA/nec-smt/large/int_from_list/prp-11-46.smt2,0,0,0,失败
/pub/data/jiafq/iscas/Parser_Comparison/../benchmarks/part51/non-incremental/QF_LIA/nec-smt/large/int_from_list/prp-11-47.smt2,0,0,0,失败
/pub/data/jiafq/iscas/Parser_Comparison/../benchmarks/part51/non-incremental/QF_LIA/nec-smt/large/int_from_list/prp-11-48.smt2,0,0,0,失败
/pub/data/jiafq/iscas/Parser_Comparison/../benchmarks/part51/non-incremental/QF_LIA/nec-smt/large/int_from_list/prp-11-49.smt2,0,0,0,失败
/pub/data/jiafq/iscas/Parser_Comparison/../benchmarks/part51/non-incremental/QF_LIA/nec-smt/large/int_from_list/prp-11-50.smt2,0,0,0,失败
/pub/data/jiafq/iscas/Parser_Comparison/../benchmarks/part51/non-incremental/QF_LIA/nec-smt/large/int_from_list/prp-12-46.smt2,0,0,0,失败
/pub/data/jiafq/iscas/Parser_Comparison/../benchmarks/part51/non-incremental/QF_LIA/nec-smt/large/int_from_list/prp-12-47.smt2,0,0,0,失败
/pub/data/jiafq/iscas/Parser_Comparison/../benchmarks/part51/non-incremental/QF_LIA/nec-smt/large/int_from_list/prp-12-48.smt2,0,0,0,失败
/pub/data/jiafq/iscas/Parser_Comparison/../benchmarks/part51/non-incremental/QF_LIA/nec-smt/large/int_from_list/prp-12-49.smt2,0,0,0,失败
/pub/data/jiafq/iscas/Parser_Comparison/../benchmarks/part51/non-incremental/QF_LIA/nec-smt/large/int_from_list/prp-12-50.smt2,0,0,0,失败
/pub/data/jiafq/iscas/Parser_Comparison/../benchmarks/part51/non-incremental/QF_LIA/nec-smt/large/int_from_list/prp-17-46.smt2,0,0,0,失败
/pub/data/jiafq/iscas/Parser_Comparison/../benchmarks/part51/non-incremental/QF_LIA/nec-smt/large/int_from_list/prp-17-47.smt2,0,0,0,失败
/pub/data/jiafq/iscas/Parser_Comparison/../benchmarks/part51/non-incremental/QF_LIA/nec-smt/large/int_from_list/prp-17-48.smt2,0,0,0,失败
/pub/data/jiafq/iscas/Parser_Comparison/../benchmarks/part51/non-incremental/QF_LIA/nec-smt/large/int_from_list/prp-17-49.smt2,0,0,0,失败
/pub/data/jiafq/iscas/Parser_Comparison/../benchmarks/part51/non-incremental/QF_LIA/nec-smt/large/int_from_list/prp-17-50.smt2,0,0,0,失败
/pub/data/jiafq/iscas/Parser_Comparison/../benchmarks/part51/non-incremental/QF_LIA/nec-smt/large/int_from_list/prp-20-46.smt2,0,0,0,失败
/pub/data/jiafq/iscas/Parser_Comparison/../benchmarks/part51/non-incremental/QF_LIA/nec-smt/large/int_from_list/prp-20-47.smt2,0,0,0,失败
/pub/data/jiafq/iscas/Parser_Comparison/../benchmarks/part51/non-incremental/QF_LIA/nec-smt/large/int_from_list/prp-20-48.smt2,0,0,0,失败
/pub/data/jiafq/iscas/Parser_Comparison/../benchmarks/part51/non-incremental/QF_LIA/nec-smt/large/int_from_list/prp-20-49.smt2,0,0,0,失败
/pub/data/jiafq/iscas/Parser_Comparison/../benchmarks/part51/non-incremental/QF_LIA/nec-smt/large/int_from_list/prp-20-50.smt2,0,0,0,失败
/pub/data/jiafq/iscas/Parser_Comparison/../benchmarks/part51/non-incremental/QF_LIA/nec-smt/large/int_from_list/prp-21-41.smt2,0,0,0,失败
/pub/data/jiafq/iscas/Parser_Comparison/../benchmarks/part51/non-incremental/QF_LIA/nec-smt/large/int_from_list/prp-24-41.smt2,0,0,0,失败
/pub/data/jiafq/iscas/Parser_Comparison/../benchmarks/part51/non-incremental/QF_LIA/nec-smt/large/int_from_list/prp-24-42.smt2,0,0,0,失败
/pub/data/jiafq/iscas/Parser_Comparison/../benchmarks/part51/non-incremental/QF_LIA/nec-smt/large/int_from_list/prp-24-43.smt2,0,0,0,失败
/pub/data/jiafq/iscas/Parser_Comparison/../benchmarks/part51/non-incremental/QF_LIA/nec-smt/large/int_from_list/prp-27-41.smt2,0,0,0,失败
/pub/data/jiafq/iscas/Parser_Comparison/../benchmarks/part51/non-incremental/QF_LIA/nec-smt/large/int_from_list/prp-27-42.smt2,0,0,0,失败
/pub/data/jiafq/iscas/Parser_Comparison/../benchmarks/part51/non-incremental/QF_LIA/nec-smt/large/int_from_list/prp-33-41.smt2,0,0,0,失败
/pub/data/jiafq/iscas/Parser_Comparison/../benchmarks/part51/non-incremental/QF_LIA/nec-smt/large/int_from_list/prp-34-41.smt2,0,0,0,失败
/pub/data/jiafq/iscas/Parser_Comparison/../benchmarks/part51/non-incremental/QF_LIA/nec-smt/large/int_from_list/prp-34-42.smt2,0,0,0,失败
/pub/data/jiafq/iscas/Parser_Comparison/../benchmarks/part51/non-incremental/QF_LIA/nec-smt/large/int_from_list/prp-34-43.smt2,0,0,0,失败
/pub/data/jiafq/iscas/Parser_Comparison/../benchmarks/part51/non-incremental/QF_LIA/nec-smt/large/int_from_list/prp-34-44.smt2,0,0,0,失败
/pub/data/jiafq/iscas/Parser_Comparison/../benchmarks/part51/non-incremental/QF_LIA/nec-smt/large/int_from_list/prp-35-42.smt2,0,0,0,失败
/pub/data/jiafq/iscas/Parser_Comparison/../benchmarks/part51/non-incremental/QF_LIA/nec-smt/large/int_from_list/prp-35-43.smt2,0,0,0,失败
/pub/data/jiafq/iscas/Parser_Comparison/../benchmarks/part51/non-incremental/QF_LIA/nec-smt/large/int_from_list/prp-35-44.smt2,0,0,0,失败
/pub/data/jiafq/iscas/Parser_Comparison/../benchmarks/part51/non-incremental/QF_LIA/nec-smt/large/int_from_list/prp-35-45.smt2,0,0,0,失败
/pub/data/jiafq/iscas/Parser_Comparison/../benchmarks/part51/non-incremental/QF_LIA/nec-smt/large/int_from_list/prp-35-46.smt2,0,0,0,失败
/pub/data/jiafq/iscas/Parser_Comparison/../benchmarks/part51/non-incremental/QF_LIA/nec-smt/large/int_from_list/prp-37-46.smt2,0,0,0,失败
/pub/data/jiafq/iscas/Parser_Comparison/../benchmarks/part51/non-incremental/QF_LIA/nec-smt/large/int_from_list/prp-37-47.smt2,0,0,0,失败
/pub/data/jiafq/iscas/Parser_Comparison/../benchmarks/part51/non-incremental/QF_LIA/nec-smt/large/int_from_list/prp-37-48.smt2,0,0,0,失败
/pub/data/jiafq/iscas/Parser_Comparison/../benchmarks/part51/non-incremental/QF_LIA/nec-smt/large/int_from_list/prp-37-49.smt2,0,0,0,失败
/pub/data/jiafq/iscas/Parser_Comparison/../benchmarks/part51/non-incremental/QF_LIA/nec-smt/large/int_from_list/prp-37-50.smt2,0,0,0,失败
/pub/data/jiafq/iscas/Parser_Comparison/../benchmarks/part51/non-incremental/QF_LIA/nec-smt/large/int_from_list/prp-40-46.smt2,0,0,0,失败
/pub/data/jiafq/iscas/Parser_Comparison/../benchmarks/part51/non-incremental/QF_LIA/nec-smt/large/int_from_list/prp-40-47.smt2,0,0,0,失败
/pub/data/jiafq/iscas/Parser_Comparison/../benchmarks/part51/non-incremental/QF_LIA/nec-smt/large/int_from_list/prp-40-48.smt2,0,0,0,失败
/pub/data/jiafq/iscas/Parser_Comparison/../benchmarks/part51/non-incremental/QF_LIA/nec-smt/large/int_from_list/prp-40-49.smt2,0,0,0,失败
/pub/data/jiafq/iscas/Parser_Comparison/../benchmarks/part51/non-incremental/QF_LIA/nec-smt/large/int_from_list/prp-40-50.smt2,0,0,0,失败
/pub/data/jiafq/iscas/Parser_Comparison/../benchmarks/part51/non-incremental/QF_LIA/nec-smt/large/int_from_list/prp-42-41.smt2,0,0,0,失败
/pub/data/jiafq/iscas/Parser_Comparison/../benchmarks/part51/non-incremental/QF_LIA/nec-smt/large/int_from_list/prp-42-42.smt2,0,0,0,失败
/pub/data/jiafq/iscas/Parser_Comparison/../benchmarks/part51/non-incremental/QF_LIA/nec-smt/large/int_from_list/prp-42-43.smt2,0,0,0,失败
/pub/data/jiafq/iscas/Parser_Comparison/../benchmarks/part51/non-incremental/QF_LIA/nec-smt/large/int_from_list/prp-43-46.smt2,0,0,0,失败
/pub/data/jiafq/iscas/Parser_Comparison/../benchmarks/part51/non-incremental/QF_LIA/nec-smt/large/int_from_list/prp-43-47.smt2,0,0,0,失败
/pub/data/jiafq/iscas/Parser_Comparison/../benchmarks/part51/non-incremental/QF_LIA/nec-smt/large/int_from_list/prp-43-48.smt2,0,0,0,失败
/pub/data/jiafq/iscas/Parser_Comparison/../benchmarks/part51/non-incremental/QF_LIA/nec-smt/large/int_from_list/prp-43-49.smt2,0,0,0,失败
/pub/data/jiafq/iscas/Parser_Comparison/../benchmarks/part51/non-incremental/QF_LIA/nec-smt/large/int_from_list/prp-43-50.smt2,0,0,0,失败
/pub/data/jiafq/iscas/Parser_Comparison/../benchmarks/part51/non-incremental/QF_LIA/nec-smt/large/int_from_list/prp-44-41.smt2,0,0,0,失败
/pub/data/jiafq/iscas/Parser_Comparison/../benchmarks/part51/non-incremental/QF_LIA/nec-smt/large/int_from_list/prp-44-42.smt2,0,0,0,失败
/pub/data/jiafq/iscas/Parser_Comparison/../benchmarks/part51/non-incremental/QF_LIA/nec-smt/large/int_from_list/prp-44-43.smt2,0,0,0,失败
/pub/data/jiafq/iscas/Parser_Comparison/../benchmarks/part51/non-incremental/QF_LIA/nec-smt/large/int_from_list/prp-44-44.smt2,0,0,0,失败
/pub/data/jiafq/iscas/Parser_Comparison/../benchmarks/part51/non-incremental/QF_LIA/nec-smt/large/int_from_list/prp-44-45.smt2,0,0,0,失败
/pub/data/jiafq/iscas/Parser_Comparison/../benchmarks/part51/non-incremental/QF_LIA/nec-smt/large/int_from_list/prp-45-44.smt2,0,0,0,失败
/pub/data/jiafq/iscas/Parser_Comparison/../benchmarks/part51/non-incremental/QF_LIA/nec-smt/large/int_from_list/prp-45-45.smt2,0,0,0,失败
/pub/data/jiafq/iscas/Parser_Comparison/../benchmarks/part51/non-incremental/QF_LIA/nec-smt/large/int_from_list/prp-45-46.smt2,0,0,0,失败
/pub/data/jiafq/iscas/Parser_Comparison/../benchmarks/part51/non-incremental/QF_LIA/nec-smt/large/int_from_list/prp-45-47.smt2,0,0,0,失败
/pub/data/jiafq/iscas/Parser_Comparison/../benchmarks/part51/non-incremental/QF_LIA/nec-smt/large/int_from_list/prp-45-48.smt2,0,0,0,失败
/pub/data/jiafq/iscas/Parser_Comparison/../benchmarks/part51/non-incremental/QF_LIA/nec-smt/large/int_from_list/prp-46-46.smt2,0,0,0,失败
/pub/data/jiafq/iscas/Parser_Comparison/../benchmarks/part51/non-incremental/QF_LIA/nec-smt/large/int_from_list/prp-46-47.smt2,0,0,0,失败
/pub/data/jiafq/iscas/Parser_Comparison/../benchmarks/part51/non-incremental/QF_LIA/nec-smt/large/int_from_list/prp-46-48.smt2,0,0,0,失败
/pub/data/jiafq/iscas/Parser_Comparison/../benchmarks/part51/non-incremental/QF_LIA/nec-smt/large/int_from_list/prp-46-49.smt2,0,0,0,失败
/pub/data/jiafq/iscas/Parser_Comparison/../benchmarks/part51/non-incremental/QF_LIA/nec-smt/large/int_from_list/prp-46-50.smt2,0,0,0,失败
/pub/data/jiafq/iscas/Parser_Comparison/../benchmarks/part51/non-incremental/QF_LIA/nec-smt/large/int_from_list/prp-47-46.smt2,0,0,0,失败
/pub/data/jiafq/iscas/Parser_Comparison/../benchmarks/part51/non-incremental/QF_LIA/nec-smt/large/int_from_list/prp-47-47.smt2,0,0,0,失败
/pub/data/jiafq/iscas/Parser_Comparison/../benchmarks/part51/non-incremental/QF_LIA/nec-smt/large/int_from_list/prp-47-48.smt2,0,0,0,失败
/pub/data/jiafq/iscas/Parser_Comparison/../benchmarks/part51/non-incremental/QF_LIA/nec-smt/large/int_from_list/prp-47-49.smt2,0,0,0,失败
/pub/data/jiafq/iscas/Parser_Comparison/../benchmarks/part51/non-incremental/QF_LIA/nec-smt/large/int_from_list/prp-47-50.smt2,0,0,0,失败
/pub/data/jiafq/iscas/Parser_Comparison/../benchmarks/part51/non-incremental/QF_LIA/nec-smt/large/int_from_list/prp-48-46.smt2,0,0,0,失败
/pub/data/jiafq/iscas/Parser_Comparison/../benchmarks/part51/non-incremental/QF_LIA/nec-smt/large/int_from_list/prp-48-47.smt2,0,0,0,失败
/pub/data/jiafq/iscas/Parser_Comparison/../benchmarks/part51/non-incremental/QF_LIA/nec-smt/large/int_from_list/prp-48-48.smt2,0,0,0,失败
/pub/data/jiafq/iscas/Parser_Comparison/../benchmarks/part51/non-incremental/QF_LIA/nec-smt/large/int_from_list/prp-48-49.smt2,0,0,0,失败
/pub/data/jiafq/iscas/Parser_Comparison/../benchmarks/part51/non-incremental/QF_LIA/nec-smt/large/int_from_list/prp-48-50.smt2,0,0,0,失败
/pub/data/jiafq/iscas/Parser_Comparison/../benchmarks/part51/non-incremental/QF_LIA/nec-smt/large/int_from_list/prp-49-46.smt2,0,0,0,失败
/pub/data/jiafq/iscas/Parser_Comparison/../benchmarks/part51/non-incremental/QF_LIA/nec-smt/large/int_from_list/prp-49-47.smt2,0,0,0,失败
/pub/data/jiafq/iscas/Parser_Comparison/../benchmarks/part51/non-incremental/QF_LIA/nec-smt/large/int_from_list/prp-49-48.smt2,0,0,0,失败
/pub/data/jiafq/iscas/Parser_Comparison/../benchmarks/part51/non-incremental/QF_LIA/nec-smt/large/int_from_list/prp-49-49.smt2,0,0,0,失败
/pub/data/jiafq/iscas/Parser_Comparison/../benchmarks/part51/non-incremental/QF_LIA/nec-smt/large/int_from_list/prp-49-50.smt2,0,0,0,失败
/pub/data/jiafq/iscas/Parser_Comparison/../benchmarks/part51/non-incremental/QF_LIA/nec-smt/large/int_from_list/prp-50-46.smt2,0,0,0,失败
/pub/data/jiafq/iscas/Parser_Comparison/../benchmarks/part51/non-incremental/QF_LIA/nec-smt/large/int_from_list/prp-50-47.smt2,0,0,0,失败
/pub/data/jiafq/iscas/Parser_Comparison/../benchmarks/part51/non-incremental/QF_LIA/nec-smt/large/int_from_list/prp-50-48.smt2,0,0,0,失败
/pub/data/jiafq/iscas/Parser_Comparison/../benchmarks/part51/non-incremental/QF_LIA/nec-smt/large/int_from_list/prp-50-49.smt2,0,0,0,失败
/pub/data/jiafq/iscas/Parser_Comparison/../benchmarks/part51/non-incremental/QF_LIA/nec-smt/large/int_from_list/prp-50-50.smt2,0,0,0,失败
/pub/data/jiafq/iscas/Parser_Comparison/../benchmarks/part51/non-incremental/QF_LIA/nec-smt/large/int_from_list/prp-51-46.smt2,0,0,0,失败
/pub/data/jiafq/iscas/Parser_Comparison/../benchmarks/part51/non-incremental/QF_LIA/nec-smt/large/int_from_list/prp-51-47.smt2,0,0,0,失败
/pub/data/jiafq/iscas/Parser_Comparison/../benchmarks/part51/non-incremental/QF_LIA/nec-smt/large/int_from_list/prp-51-48.smt2,0,0,0,失败
/pub/data/jiafq/iscas/Parser_Comparison/../benchmarks/part51/non-incremental/QF_LIA/nec-smt/large/int_from_list/prp-51-49.smt2,0,0,0,失败
/pub/data/jiafq/iscas/Parser_Comparison/../benchmarks/part51/non-incremental/QF_LIA/nec-smt/large/int_from_list/prp-51-50.smt2,0,0,0,失败
/pub/data/jiafq/iscas/Parser_Comparison/../benchmarks/part51/non-incremental/QF_LIA/nec-smt/large/int_from_list/prp-52-46.smt2,0,0,0,失败
/pub/data/jiafq/iscas/Parser_Comparison/../benchmarks/part51/non-incremental/QF_LIA/nec-smt/large/int_from_list/prp-52-47.smt2,0,0,0,失败
/pub/data/jiafq/iscas/Parser_Comparison/../benchmarks/part51/non-incremental/QF_LIA/nec-smt/large/int_from_list/prp-52-48.smt2,0,0,0,失败
/pub/data/jiafq/iscas/Parser_Comparison/../benchmarks/part51/non-incremental/QF_LIA/nec-smt/large/int_from_list/prp-52-49.smt2,0,0,0,失败
/pub/data/jiafq/iscas/Parser_Comparison/../benchmarks/part51/non-incremental/QF_LIA/nec-smt/large/int_from_list/prp-52-50.smt2,0,0,0,失败
/pub/data/jiafq/iscas/Parser_Comparison/../benchmarks/part51/non-incremental/QF_LIA/nec-smt/large/int_from_list/prp-53-46.smt2,0,0,0,失败
/pub/data/jiafq/iscas/Parser_Comparison/../benchmarks/part51/non-incremental/QF_LIA/nec-smt/large/int_from_list/prp-53-47.smt2,0,0,0,失败
/pub/data/jiafq/iscas/Parser_Comparison/../benchmarks/part51/non-incremental/QF_LIA/nec-smt/large/int_from_list/prp-53-48.smt2,0,0,0,失败
/pub/data/jiafq/iscas/Parser_Comparison/../benchmarks/part51/non-incremental/QF_LIA/nec-smt/large/int_from_list/prp-53-49.smt2,0,0,0,失败
/pub/data/jiafq/iscas/Parser_Comparison/../benchmarks/part51/non-incremental/QF_LIA/nec-smt/large/int_from_list/prp-53-50.smt2,0,0,0,失败
/pub/data/jiafq/iscas/Parser_Comparison/../benchmarks/part51/non-incremental/QF_LIA/nec-smt/large/int_from_list/prp-54-46.smt2,0,0,0,失败
/pub/data/jiafq/iscas/Parser_Comparison/../benchmarks/part51/non-incremental/QF_LIA/nec-smt/large/int_from_list/prp-54-47.smt2,0,0,0,失败
/pub/data/jiafq/iscas/Parser_Comparison/../benchmarks/part51/non-incremental/QF_LIA/nec-smt/large/int_from_list/prp-54-48.smt2,0,0,0,失败
/pub/data/jiafq/iscas/Parser_Comparison/../benchmarks/part51/non-incremental/QF_LIA/nec-smt/large/int_from_list/prp-54-49.smt2,0,0,0,失败
/pub/data/jiafq/iscas/Parser_Comparison/../benchmarks/part51/non-incremental/QF_LIA/nec-smt/large/int_from_list/prp-54-50.smt2,0,0,0,失败
/pub/data/jiafq/iscas/Parser_Comparison/../benchmarks/part51/non-incremental/QF_LIA/nec-smt/large/int_from_list/prp-55-46.smt2,0,0,0,失败
/pub/data/jiafq/iscas/Parser_Comparison/../benchmarks/part51/non-incremental/QF_LIA/nec-smt/large/int_from_list/prp-55-47.smt2,0,0,0,失败
/pub/data/jiafq/iscas/Parser_Comparison/../benchmarks/part51/non-incremental/QF_LIA/nec-smt/large/int_from_list/prp-55-48.smt2,0,0,0,失败
/pub/data/jiafq/iscas/Parser_Comparison/../benchmarks/part51/non-incremental/QF_LIA/nec-smt/large/int_from_list/prp-55-49.smt2,0,0,0,失败
/pub/data/jiafq/iscas/Parser_Comparison/../benchmarks/part51/non-incremental/QF_LIA/nec-smt/large/int_from_list/prp-55-50.smt2,0,0,0,失败
/pub/data/jiafq/iscas/Parser_Comparison/../benchmarks/part51/non-incremental/QF_LIA/nec-smt/large/int_from_list/prp-56-46.smt2,0,0,0,失败
/pub/data/jiafq/iscas/Parser_Comparison/../benchmarks/part51/non-incremental/QF_LIA/nec-smt/large/int_from_list/prp-56-47.smt2,0,0,0,失败
/pub/data/jiafq/iscas/Parser_Comparison/../benchmarks/part51/non-incremental/QF_LIA/nec-smt/large/int_from_list/prp-56-48.smt2,0,0,0,失败
/pub/data/jiafq/iscas/Parser_Comparison/../benchmarks/part51/non-incremental/QF_LIA/nec-smt/large/int_from_list/prp-56-49.smt2,0,0,0,失败
/pub/data/jiafq/iscas/Parser_Comparison/../benchmarks/part51/non-incremental/QF_LIA/nec-smt/large/int_from_list/prp-56-50.smt2,0,0,0,失败
/pub/data/jiafq/iscas/Parser_Comparison/../benchmarks/part51/non-incremental/QF_LIA/nec-smt/large/int_from_list/prp-57-46.smt2,0,0,0,失败
/pub/data/jiafq/iscas/Parser_Comparison/../benchmarks/part51/non-incremental/QF_LIA/nec-smt/large/int_from_list/prp-57-47.smt2,0,0,0,失败
/pub/data/jiafq/iscas/Parser_Comparison/../benchmarks/part51/non-incremental/QF_LIA/nec-smt/large/int_from_list/prp-57-48.smt2,0,0,0,失败
/pub/data/jiafq/iscas/Parser_Comparison/../benchmarks/part51/non-incremental/QF_LIA/nec-smt/large/int_from_list/prp-57-49.smt2,0,0,0,失败
/pub/data/jiafq/iscas/Parser_Comparison/../benchmarks/part51/non-incremental/QF_LIA/nec-smt/large/int_from_list/prp-57-50.smt2,0,0,0,失败
/pub/data/jiafq/iscas/Parser_Comparison/../benchmarks/part51/non-incremental/QF_LIA/nec-smt/large/int_from_list/prp-58-46.smt2,0,0,0,失败
/pub/data/jiafq/iscas/Parser_Comparison/../benchmarks/part51/non-incremental/QF_LIA/nec-smt/large/int_from_list/prp-58-47.smt2,0,0,0,失败
/pub/data/jiafq/iscas/Parser_Comparison/../benchmarks/part51/non-incremental/QF_LIA/nec-smt/large/int_from_list/prp-58-48.smt2,0,0,0,失败
/pub/data/jiafq/iscas/Parser_Comparison/../benchmarks/part51/non-incremental/QF_LIA/nec-smt/large/int_from_list/prp-58-49.smt2,0,0,0,失败
/pub/data/jiafq/iscas/Parser_Comparison/../benchmarks/part51/non-incremental/QF_LIA/nec-smt/large/int_from_list/prp-58-50.smt2,0,0,0,失败
/pub/data/jiafq/iscas/Parser_Comparison/../benchmarks/part51/non-incremental/QF_LIA/nec-smt/large/int_from_list/prp-59-46.smt2,0,0,0,失败
/pub/data/jiafq/iscas/Parser_Comparison/../benchmarks/part51/non-incremental/QF_LIA/nec-smt/large/int_from_list/prp-59-47.smt2,0,0,0,失败
/pub/data/jiafq/iscas/Parser_Comparison/../benchmarks/part51/non-incremental/QF_LIA/nec-smt/large/int_from_list/prp-59-48.smt2,0,0,0,失败
/pub/data/jiafq/iscas/Parser_Comparison/../benchmarks/part51/non-incremental/QF_LIA/nec-smt/large/int_from_list/prp-59-49.smt2,0,0,0,失败
/pub/data/jiafq/iscas/Parser_Comparison/../benchmarks/part51/non-incremental/QF_LIA/nec-smt/large/int_from_list/prp-59-50.smt2,0,0,0,失败
/pub/data/jiafq/iscas/Parser_Comparison/../benchmarks/part51/non-incremental/QF_LIA/nec-smt/large/int_from_list/prp-60-46.smt2,0,0,0,失败
/pub/data/jiafq/iscas/Parser_Comparison/../benchmarks/part51/non-incremental/QF_LIA/nec-smt/large/int_from_list/prp-60-47.smt2,0,0,0,失败
/pub/data/jiafq/iscas/Parser_Comparison/../benchmarks/part51/non-incremental/QF_LIA/nec-smt/large/int_from_list/prp-60-48.smt2,0,0,0,失败
/pub/data/jiafq/iscas/Parser_Comparison/../benchmarks/part51/non-incremental/QF_LIA/nec-smt/large/int_from_list/prp-60-49.smt2,0,0,0,失败
/pub/data/jiafq/iscas/Parser_Comparison/../benchmarks/part51/non-incremental/QF_LIA/nec-smt/large/int_from_list/prp-60-50.smt2,0,0,0,失败
/pub/data/jiafq/iscas/Parser_Comparison/../benchmarks/part51/non-incremental/QF_LIA/nec-smt/large/int_from_list/prp-61-46.smt2,0,0,0,失败
/pub/data/jiafq/iscas/Parser_Comparison/../benchmarks/part51/non-incremental/QF_LIA/nec-smt/large/int_from_list/prp-61-47.smt2,0,0,0,失败
/pub/data/jiafq/iscas/Parser_Comparison/../benchmarks/part51/non-incremental/QF_LIA/nec-smt/large/int_from_list/prp-61-48.smt2,0,0,0,失败
/pub/data/jiafq/iscas/Parser_Comparison/../benchmarks/part51/non-incremental/QF_LIA/nec-smt/large/int_from_list/prp-61-49.smt2,0,0,0,失败
/pub/data/jiafq/iscas/Parser_Comparison/../benchmarks/part51/non-incremental/QF_LIA/nec-smt/large/int_from_list/prp-61-50.smt2,0,0,0,失败
/pub/data/jiafq/iscas/Parser_Comparison/../benchmarks/part51/non-incremental/QF_LIA/nec-smt/large/int_from_list/prp-62-46.smt2,0,0,0,失败
/pub/data/jiafq/iscas/Parser_Comparison/../benchmarks/part51/non-incremental/QF_LIA/nec-smt/large/int_from_list/prp-62-47.smt2,0,0,0,失败
/pub/data/jiafq/iscas/Parser_Comparison/../benchmarks/part51/non-incremental/QF_LIA/nec-smt/large/int_from_list/prp-62-48.smt2,0,0,0,失败
/pub/data/jiafq/iscas/Parser_Comparison/../benchmarks/part51/non-incremental/QF_LIA/nec-smt/large/int_from_list/prp-62-49.smt2,0,0,0,失败
/pub/data/jiafq/iscas/Parser_Comparison/../benchmarks/part51/non-incremental/QF_LIA/nec-smt/large/int_from_list/prp-62-50.smt2,0,0,0,失败
/pub/data/jiafq/iscas/Parser_Comparison/../benchmarks/part51/non-incremental/QF_LIA/nec-smt/large/int_from_list/prp-63-47.smt2,0,0,0,失败
/pub/data/jiafq/iscas/Parser_Comparison/../benchmarks/part51/non-incremental/QF_LIA/nec-smt/large/int_from_list/prp-63-48.smt2,0,0,0,失败
/pub/data/jiafq/iscas/Parser_Comparison/../benchmarks/part51/non-incremental/QF_LIA/nec-smt/large/int_from_list/prp-63-49.smt2,0,0,0,失败
/pub/data/jiafq/iscas/Parser_Comparison/../benchmarks/part51/non-incremental/QF_LIA/nec-smt/large/int_from_list/prp-63-50.smt2,0,0,0,失败
/pub/data/jiafq/iscas/Parser_Comparison/../benchmarks/part51/non-incremental/QF_LIA/nec-smt/large/int_from_list/prp-7-46.smt2,0,0,0,失败
/pub/data/jiafq/iscas/Parser_Comparison/../benchmarks/part51/non-incremental/QF_LIA/nec-smt/large/int_from_list/prp-7-47.smt2,0,0,0,失败
/pub/data/jiafq/iscas/Parser_Comparison/../benchmarks/part51/non-incremental/QF_LIA/nec-smt/large/int_from_list/prp-7-48.smt2,0,0,0,失败
/pub/data/jiafq/iscas/Parser_Comparison/../benchmarks/part51/non-incremental/QF_LIA/nec-smt/large/int_from_list/prp-7-49.smt2,0,0,0,失败
/pub/data/jiafq/iscas/Parser_Comparison/../benchmarks/part51/non-incremental/QF_LIA/nec-smt/large/int_from_list/prp-7-50.smt2,0,0,0,失败
/pub/data/jiafq/iscas/Parser_Comparison/../benchmarks/part51/non-incremental/QF_LIA/nec-smt/large/int_from_list/prp-8-46.smt2,0,0,0,失败
/pub/data/jiafq/iscas/Parser_Comparison/../benchmarks/part51/non-incremental/QF_LIA/nec-smt/large/int_from_list/prp-8-47.smt2,0,0,0,失败
/pub/data/jiafq/iscas/Parser_Comparison/../benchmarks/part51/non-incremental/QF_LIA/nec-smt/large/int_from_list/prp-8-48.smt2,0,0,0,失败
/pub/data/jiafq/iscas/Parser_Comparison/../benchmarks/part51/non-incremental/QF_LIA/nec-smt/large/int_from_list/prp-8-49.smt2,0,0,0,失败
/pub/data/jiafq/iscas/Parser_Comparison/../benchmarks/part51/non-incremental/QF_LIA/nec-smt/large/int_from_list/prp-8-50.smt2,0,0,0,失败
/pub/data/jiafq/iscas/Parser_Comparison/../benchmarks/part51/non-incremental/QF_LIA/nec-smt/large/mygetpwnam/prp-0-47.smt2,0,0,0,失败
/pub/data/jiafq/iscas/Parser_Comparison/../benchmarks/part51/non-incremental/QF_LIA/nec-smt/large/mygetpwnam/prp-0-48.smt2,0,0,0,失败
/pub/data/jiafq/iscas/Parser_Comparison/../benchmarks/part51/non-incremental/QF_LIA/nec-smt/large/mygetpwnam/prp-0-49.smt2,0,0,0,失败
/pub/data/jiafq/iscas/Parser_Comparison/../benchmarks/part51/non-incremental/QF_LIA/nec-smt/large/mygetpwnam/prp-0-50.smt2,0,0,0,失败
/pub/data/jiafq/iscas/Parser_Comparison/../benchmarks/part51/non-incremental/QF_LIA/nec-smt/large/mygetpwnam/prp-1-47.smt2,0,0,0,失败
/pub/data/jiafq/iscas/Parser_Comparison/../benchmarks/part51/non-incremental/QF_LIA/nec-smt/large/mygetpwnam/prp-1-48.smt2,0,0,0,失败
/pub/data/jiafq/iscas/Parser_Comparison/../benchmarks/part51/non-incremental/QF_LIA/nec-smt/large/mygetpwnam/prp-1-49.smt2,0,0,0,失败
/pub/data/jiafq/iscas/Parser_Comparison/../benchmarks/part51/non-incremental/QF_LIA/nec-smt/large/mygetpwnam/prp-1-50.smt2,0,0,0,失败
/pub/data/jiafq/iscas/Parser_Comparison/../benchmarks/part51/non-incremental/QF_LIA/nec-smt/large/user_is_in_group/prp-0-46.smt2,0,0,0,失败
/pub/data/jiafq/iscas/Parser_Comparison/../benchmarks/part51/non-incremental/QF_LIA/nec-smt/large/user_is_in_group/prp-0-47.smt2,0,0,0,失败
/pub/data/jiafq/iscas/Parser_Comparison/../benchmarks/part51/non-incremental/QF_LIA/nec-smt/large/user_is_in_group/prp-0-48.smt2,0,0,0,失败
/pub/data/jiafq/iscas/Parser_Comparison/../benchmarks/part51/non-incremental/QF_LIA/nec-smt/large/user_is_in_group/prp-0-49.smt2,0,0,0,失败
/pub/data/jiafq/iscas/Parser_Comparison/../benchmarks/part51/non-incremental/QF_LIA/nec-smt/large/user_is_in_group/prp-0-50.smt2,0,0,0,失败
/pub/data/jiafq/iscas/Parser_Comparison/../benchmarks/part51/non-incremental/QF_LIA/nec-smt/large/user_is_in_group/prp-1-46.smt2,0,0,0,失败
/pub/data/jiafq/iscas/Parser_Comparison/../benchmarks/part51/non-incremental/QF_LIA/nec-smt/large/user_is_in_group/prp-1-47.smt2,0,0,0,失败
/pub/data/jiafq/iscas/Parser_Comparison/../benchmarks/part51/non-incremental/QF_LIA/nec-smt/large/user_is_in_group/prp-1-48.smt2,0,0,0,失败
/pub/data/jiafq/iscas/Parser_Comparison/../benchmarks/part51/non-incremental/QF_LIA/nec-smt/large/user_is_in_group/prp-1-49.smt2,0,0,0,失败
/pub/data/jiafq/iscas/Parser_Comparison/../benchmarks/part51/non-incremental/QF_LIA/nec-smt/large/user_is_in_group/prp-1-50.smt2,0,0,0,失败
/pub/data/jiafq/iscas/Parser_Comparison/../benchmarks/part51/non-incremental/QF_LIA/nec-smt/large/user_is_in_group/prp-10-46.smt2,0,0,0,失败
/pub/data/jiafq/iscas/Parser_Comparison/../benchmarks/part51/non-incremental/QF_LIA/nec-smt/large/user_is_in_group/prp-10-47.smt2,0,0,0,失败
/pub/data/jiafq/iscas/Parser_Comparison/../benchmarks/part51/non-incremental/QF_LIA/nec-smt/large/user_is_in_group/prp-10-48.smt2,0,0,0,失败
/pub/data/jiafq/iscas/Parser_Comparison/../benchmarks/part51/non-incremental/QF_LIA/nec-smt/large/user_is_in_group/prp-10-49.smt2,0,0,0,失败
/pub/data/jiafq/iscas/Parser_Comparison/../benchmarks/part51/non-incremental/QF_LIA/nec-smt/large/user_is_in_group/prp-10-50.smt2,0,0,0,失败
/pub/data/jiafq/iscas/Parser_Comparison/../benchmarks/part51/non-incremental/QF_LIA/nec-smt/large/user_is_in_group/prp-11-46.smt2,0,0,0,失败
/pub/data/jiafq/iscas/Parser_Comparison/../benchmarks/part51/non-incremental/QF_LIA/nec-smt/large/user_is_in_group/prp-11-47.smt2,0,0,0,失败
/pub/data/jiafq/iscas/Parser_Comparison/../benchmarks/part51/non-incremental/QF_LIA/nec-smt/large/user_is_in_group/prp-11-48.smt2,0,0,0,失败
/pub/data/jiafq/iscas/Parser_Comparison/../benchmarks/part51/non-incremental/QF_LIA/nec-smt/large/user_is_in_group/prp-11-49.smt2,0,0,0,失败
/pub/data/jiafq/iscas/Parser_Comparison/../benchmarks/part51/non-incremental/QF_LIA/nec-smt/large/user_is_in_group/prp-11-50.smt2,0,0,0,失败
/pub/data/jiafq/iscas/Parser_Comparison/../benchmarks/part51/non-incremental/QF_LIA/nec-smt/large/user_is_in_group/prp-12-46.smt2,0,0,0,失败
/pub/data/jiafq/iscas/Parser_Comparison/../benchmarks/part51/non-incremental/QF_LIA/nec-smt/large/user_is_in_group/prp-12-47.smt2,0,0,0,失败
/pub/data/jiafq/iscas/Parser_Comparison/../benchmarks/part51/non-incremental/QF_LIA/nec-smt/large/user_is_in_group/prp-12-48.smt2,0,0,0,失败
/pub/data/jiafq/iscas/Parser_Comparison/../benchmarks/part51/non-incremental/QF_LIA/nec-smt/large/user_is_in_group/prp-12-49.smt2,0,0,0,失败
/pub/data/jiafq/iscas/Parser_Comparison/../benchmarks/part51/non-incremental/QF_LIA/nec-smt/large/user_is_in_group/prp-12-50.smt2,0,0,0,失败
/pub/data/jiafq/iscas/Parser_Comparison/../benchmarks/part51/non-incremental/QF_LIA/nec-smt/large/user_is_in_group/prp-13-46.smt2,0,0,0,失败
/pub/data/jiafq/iscas/Parser_Comparison/../benchmarks/part51/non-incremental/QF_LIA/nec-smt/large/user_is_in_group/prp-13-47.smt2,0,0,0,失败
/pub/data/jiafq/iscas/Parser_Comparison/../benchmarks/part51/non-incremental/QF_LIA/nec-smt/large/user_is_in_group/prp-13-48.smt2,0,0,0,失败
/pub/data/jiafq/iscas/Parser_Comparison/../benchmarks/part51/non-incremental/QF_LIA/nec-smt/large/user_is_in_group/prp-13-49.smt2,0,0,0,失败
/pub/data/jiafq/iscas/Parser_Comparison/../benchmarks/part51/non-incremental/QF_LIA/nec-smt/large/user_is_in_group/prp-13-50.smt2,0,0,0,失败
/pub/data/jiafq/iscas/Parser_Comparison/../benchmarks/part51/non-incremental/QF_LIA/nec-smt/large/user_is_in_group/prp-14-46.smt2,0,0,0,失败
/pub/data/jiafq/iscas/Parser_Comparison/../benchmarks/part51/non-incremental/QF_LIA/nec-smt/large/user_is_in_group/prp-14-47.smt2,0,0,0,失败
/pub/data/jiafq/iscas/Parser_Comparison/../benchmarks/part51/non-incremental/QF_LIA/nec-smt/large/user_is_in_group/prp-14-48.smt2,0,0,0,失败
/pub/data/jiafq/iscas/Parser_Comparison/../benchmarks/part51/non-incremental/QF_LIA/nec-smt/large/user_is_in_group/prp-14-49.smt2,0,0,0,失败
/pub/data/jiafq/iscas/Parser_Comparison/../benchmarks/part51/non-incremental/QF_LIA/nec-smt/large/user_is_in_group/prp-14-50.smt2,0,0,0,失败
/pub/data/jiafq/iscas/Parser_Comparison/../benchmarks/part51/non-incremental/QF_LIA/nec-smt/large/user_is_in_group/prp-15-46.smt2,0,0,0,失败
/pub/data/jiafq/iscas/Parser_Comparison/../benchmarks/part51/non-incremental/QF_LIA/nec-smt/large/user_is_in_group/prp-15-47.smt2,0,0,0,失败
/pub/data/jiafq/iscas/Parser_Comparison/../benchmarks/part51/non-incremental/QF_LIA/nec-smt/large/user_is_in_group/prp-15-48.smt2,0,0,0,失败
/pub/data/jiafq/iscas/Parser_Comparison/../benchmarks/part51/non-incremental/QF_LIA/nec-smt/large/user_is_in_group/prp-15-49.smt2,0,0,0,失败
/pub/data/jiafq/iscas/Parser_Comparison/../benchmarks/part51/non-incremental/QF_LIA/nec-smt/large/user_is_in_group/prp-15-50.smt2,0,0,0,失败
/pub/data/jiafq/iscas/Parser_Comparison/../benchmarks/part51/non-incremental/QF_LIA/nec-smt/large/user_is_in_group/prp-16-46.smt2,0,0,0,失败
/pub/data/jiafq/iscas/Parser_Comparison/../benchmarks/part51/non-incremental/QF_LIA/nec-smt/large/user_is_in_group/prp-16-47.smt2,0,0,0,失败
/pub/data/jiafq/iscas/Parser_Comparison/../benchmarks/part51/non-incremental/QF_LIA/nec-smt/large/user_is_in_group/prp-16-48.smt2,0,0,0,失败
/pub/data/jiafq/iscas/Parser_Comparison/../benchmarks/part51/non-incremental/QF_LIA/nec-smt/large/user_is_in_group/prp-16-49.smt2,0,0,0,失败
/pub/data/jiafq/iscas/Parser_Comparison/../benchmarks/part51/non-incremental/QF_LIA/nec-smt/large/user_is_in_group/prp-16-50.smt2,0,0,0,失败
/pub/data/jiafq/iscas/Parser_Comparison/../benchmarks/part51/non-incremental/QF_LIA/nec-smt/large/user_is_in_group/prp-17-46.smt2,0,0,0,失败
/pub/data/jiafq/iscas/Parser_Comparison/../benchmarks/part51/non-incremental/QF_LIA/nec-smt/large/user_is_in_group/prp-17-47.smt2,0,0,0,失败
/pub/data/jiafq/iscas/Parser_Comparison/../benchmarks/part51/non-incremental/QF_LIA/nec-smt/large/user_is_in_group/prp-17-48.smt2,0,0,0,失败
/pub/data/jiafq/iscas/Parser_Comparison/../benchmarks/part51/non-incremental/QF_LIA/nec-smt/large/user_is_in_group/prp-17-49.smt2,0,0,0,失败
/pub/data/jiafq/iscas/Parser_Comparison/../benchmarks/part51/non-incremental/QF_LIA/nec-smt/large/user_is_in_group/prp-17-50.smt2,0,0,0,失败
/pub/data/jiafq/iscas/Parser_Comparison/../benchmarks/part51/non-incremental/QF_LIA/nec-smt/large/user_is_in_group/prp-18-46.smt2,0,0,0,失败
/pub/data/jiafq/iscas/Parser_Comparison/../benchmarks/part51/non-incremental/QF_LIA/nec-smt/large/user_is_in_group/prp-18-47.smt2,0,0,0,失败
/pub/data/jiafq/iscas/Parser_Comparison/../benchmarks/part51/non-incremental/QF_LIA/nec-smt/large/user_is_in_group/prp-18-48.smt2,0,0,0,失败
/pub/data/jiafq/iscas/Parser_Comparison/../benchmarks/part51/non-incremental/QF_LIA/nec-smt/large/user_is_in_group/prp-18-49.smt2,0,0,0,失败
/pub/data/jiafq/iscas/Parser_Comparison/../benchmarks/part51/non-incremental/QF_LIA/nec-smt/large/user_is_in_group/prp-18-50.smt2,0,0,0,失败
/pub/data/jiafq/iscas/Parser_Comparison/../benchmarks/part51/non-incremental/QF_LIA/nec-smt/large/user_is_in_group/prp-19-46.smt2,0,0,0,失败
/pub/data/jiafq/iscas/Parser_Comparison/../benchmarks/part51/non-incremental/QF_LIA/nec-smt/large/user_is_in_group/prp-19-47.smt2,0,0,0,失败
/pub/data/jiafq/iscas/Parser_Comparison/../benchmarks/part51/non-incremental/QF_LIA/nec-smt/large/user_is_in_group/prp-19-48.smt2,0,0,0,失败
/pub/data/jiafq/iscas/Parser_Comparison/../benchmarks/part51/non-incremental/QF_LIA/nec-smt/large/user_is_in_group/prp-19-49.smt2,0,0,0,失败
/pub/data/jiafq/iscas/Parser_Comparison/../benchmarks/part51/non-incremental/QF_LIA/nec-smt/large/user_is_in_group/prp-19-50.smt2,0,0,0,失败
/pub/data/jiafq/iscas/Parser_Comparison/../benchmarks/part51/non-incremental/QF_LIA/nec-smt/large/user_is_in_group/prp-2-46.smt2,0,0,0,失败
/pub/data/jiafq/iscas/Parser_Comparison/../benchmarks/part51/non-incremental/QF_LIA/nec-smt/large/user_is_in_group/prp-2-47.smt2,0,0,0,失败
/pub/data/jiafq/iscas/Parser_Comparison/../benchmarks/part51/non-incremental/QF_LIA/nec-smt/large/user_is_in_group/prp-2-48.smt2,0,0,0,失败
/pub/data/jiafq/iscas/Parser_Comparison/../benchmarks/part51/non-incremental/QF_LIA/nec-smt/large/user_is_in_group/prp-2-49.smt2,0,0,0,失败
/pub/data/jiafq/iscas/Parser_Comparison/../benchmarks/part51/non-incremental/QF_LIA/nec-smt/large/user_is_in_group/prp-2-50.smt2,0,0,0,失败
/pub/data/jiafq/iscas/Parser_Comparison/../benchmarks/part51/non-incremental/QF_LIA/nec-smt/large/user_is_in_group/prp-20-46.smt2,0,0,0,失败
/pub/data/jiafq/iscas/Parser_Comparison/../benchmarks/part51/non-incremental/QF_LIA/nec-smt/large/user_is_in_group/prp-20-47.smt2,0,0,0,失败
/pub/data/jiafq/iscas/Parser_Comparison/../benchmarks/part51/non-incremental/QF_LIA/nec-smt/large/user_is_in_group/prp-20-48.smt2,0,0,0,失败
/pub/data/jiafq/iscas/Parser_Comparison/../benchmarks/part51/non-incremental/QF_LIA/nec-smt/large/user_is_in_group/prp-20-49.smt2,0,0,0,失败
/pub/data/jiafq/iscas/Parser_Comparison/../benchmarks/part51/non-incremental/QF_LIA/nec-smt/large/user_is_in_group/prp-20-50.smt2,0,0,0,失败
/pub/data/jiafq/iscas/Parser_Comparison/../benchmarks/part51/non-incremental/QF_LIA/nec-smt/large/user_is_in_group/prp-21-46.smt2,0,0,0,失败
/pub/data/jiafq/iscas/Parser_Comparison/../benchmarks/part51/non-incremental/QF_LIA/nec-smt/large/user_is_in_group/prp-21-47.smt2,0,0,0,失败
/pub/data/jiafq/iscas/Parser_Comparison/../benchmarks/part51/non-incremental/QF_LIA/nec-smt/large/user_is_in_group/prp-21-48.smt2,0,0,0,失败
/pub/data/jiafq/iscas/Parser_Comparison/../benchmarks/part51/non-incremental/QF_LIA/nec-smt/large/user_is_in_group/prp-21-49.smt2,0,0,0,失败
/pub/data/jiafq/iscas/Parser_Comparison/../benchmarks/part51/non-incremental/QF_LIA/nec-smt/large/user_is_in_group/prp-21-50.smt2,0,0,0,失败
/pub/data/jiafq/iscas/Parser_Comparison/../benchmarks/part51/non-incremental/QF_LIA/nec-smt/large/user_is_in_group/prp-22-46.smt2,0,0,0,失败
/pub/data/jiafq/iscas/Parser_Comparison/../benchmarks/part51/non-incremental/QF_LIA/nec-smt/large/user_is_in_group/prp-22-47.smt2,0,0,0,失败
/pub/data/jiafq/iscas/Parser_Comparison/../benchmarks/part51/non-incremental/QF_LIA/nec-smt/large/user_is_in_group/prp-22-48.smt2,0,0,0,失败
/pub/data/jiafq/iscas/Parser_Comparison/../benchmarks/part51/non-incremental/QF_LIA/nec-smt/large/user_is_in_group/prp-22-49.smt2,0,0,0,失败
/pub/data/jiafq/iscas/Parser_Comparison/../benchmarks/part51/non-incremental/QF_LIA/nec-smt/large/user_is_in_group/prp-22-50.smt2,0,0,0,失败
/pub/data/jiafq/iscas/Parser_Comparison/../benchmarks/part51/non-incremental/QF_LIA/nec-smt/large/user_is_in_group/prp-23-46.smt2,0,0,0,失败
/pub/data/jiafq/iscas/Parser_Comparison/../benchmarks/part51/non-incremental/QF_LIA/nec-smt/large/user_is_in_group/prp-23-47.smt2,0,0,0,失败
/pub/data/jiafq/iscas/Parser_Comparison/../benchmarks/part51/non-incremental/QF_LIA/nec-smt/large/user_is_in_group/prp-23-48.smt2,0,0,0,失败
/pub/data/jiafq/iscas/Parser_Comparison/../benchmarks/part51/non-incremental/QF_LIA/nec-smt/large/user_is_in_group/prp-23-49.smt2,0,0,0,失败
/pub/data/jiafq/iscas/Parser_Comparison/../benchmarks/part51/non-incremental/QF_LIA/nec-smt/large/user_is_in_group/prp-23-50.smt2,0,0,0,失败
/pub/data/jiafq/iscas/Parser_Comparison/../benchmarks/part51/non-incremental/QF_LIA/nec-smt/large/user_is_in_group/prp-24-46.smt2,0,0,0,失败
/pub/data/jiafq/iscas/Parser_Comparison/../benchmarks/part51/non-incremental/QF_LIA/nec-smt/large/user_is_in_group/prp-24-47.smt2,0,0,0,失败
/pub/data/jiafq/iscas/Parser_Comparison/../benchmarks/part51/non-incremental/QF_LIA/nec-smt/large/user_is_in_group/prp-24-48.smt2,0,0,0,失败
/pub/data/jiafq/iscas/Parser_Comparison/../benchmarks/part51/non-incremental/QF_LIA/nec-smt/large/user_is_in_group/prp-24-49.smt2,0,0,0,失败
/pub/data/jiafq/iscas/Parser_Comparison/../benchmarks/part51/non-incremental/QF_LIA/nec-smt/large/user_is_in_group/prp-24-50.smt2,0,0,0,失败
/pub/data/jiafq/iscas/Parser_Comparison/../benchmarks/part51/non-incremental/QF_LIA/nec-smt/large/user_is_in_group/prp-3-46.smt2,0,0,0,失败
/pub/data/jiafq/iscas/Parser_Comparison/../benchmarks/part51/non-incremental/QF_LIA/nec-smt/large/user_is_in_group/prp-3-47.smt2,0,0,0,失败
/pub/data/jiafq/iscas/Parser_Comparison/../benchmarks/part51/non-incremental/QF_LIA/nec-smt/large/user_is_in_group/prp-3-48.smt2,0,0,0,失败
/pub/data/jiafq/iscas/Parser_Comparison/../benchmarks/part51/non-incremental/QF_LIA/nec-smt/large/user_is_in_group/prp-3-49.smt2,0,0,0,失败
/pub/data/jiafq/iscas/Parser_Comparison/../benchmarks/part51/non-incremental/QF_LIA/nec-smt/large/user_is_in_group/prp-3-50.smt2,0,0,0,失败
/pub/data/jiafq/iscas/Parser_Comparison/../benchmarks/part51/non-incremental/QF_LIA/nec-smt/large/user_is_in_group/prp-4-46.smt2,0,0,0,失败
/pub/data/jiafq/iscas/Parser_Comparison/../benchmarks/part51/non-incremental/QF_LIA/nec-smt/large/user_is_in_group/prp-4-47.smt2,0,0,0,失败
/pub/data/jiafq/iscas/Parser_Comparison/../benchmarks/part51/non-incremental/QF_LIA/nec-smt/large/user_is_in_group/prp-4-48.smt2,0,0,0,失败
/pub/data/jiafq/iscas/Parser_Comparison/../benchmarks/part51/non-incremental/QF_LIA/nec-smt/large/user_is_in_group/prp-4-49.smt2,0,0,0,失败
/pub/data/jiafq/iscas/Parser_Comparison/../benchmarks/part51/non-incremental/QF_LIA/nec-smt/large/user_is_in_group/prp-4-50.smt2,0,0,0,失败
/pub/data/jiafq/iscas/Parser_Comparison/../benchmarks/part51/non-incremental/QF_LIA/nec-smt/large/user_is_in_group/prp-5-46.smt2,0,0,0,失败
/pub/data/jiafq/iscas/Parser_Comparison/../benchmarks/part51/non-incremental/QF_LIA/nec-smt/large/user_is_in_group/prp-5-47.smt2,0,0,0,失败
/pub/data/jiafq/iscas/Parser_Comparison/../benchmarks/part51/non-incremental/QF_LIA/nec-smt/large/user_is_in_group/prp-5-48.smt2,0,0,0,失败
/pub/data/jiafq/iscas/Parser_Comparison/../benchmarks/part51/non-incremental/QF_LIA/nec-smt/large/user_is_in_group/prp-5-49.smt2,0,0,0,失败
/pub/data/jiafq/iscas/Parser_Comparison/../benchmarks/part51/non-incremental/QF_LIA/nec-smt/large/user_is_in_group/prp-5-50.smt2,0,0,0,失败
/pub/data/jiafq/iscas/Parser_Comparison/../benchmarks/part51/non-incremental/QF_LIA/nec-smt/large/user_is_in_group/prp-6-46.smt2,0,0,0,失败
/pub/data/jiafq/iscas/Parser_Comparison/../benchmarks/part51/non-incremental/QF_LIA/nec-smt/large/user_is_in_group/prp-6-47.smt2,0,0,0,失败
/pub/data/jiafq/iscas/Parser_Comparison/../benchmarks/part51/non-incremental/QF_LIA/nec-smt/large/user_is_in_group/prp-6-48.smt2,0,0,0,失败
/pub/data/jiafq/iscas/Parser_Comparison/../benchmarks/part51/non-incremental/QF_LIA/nec-smt/large/user_is_in_group/prp-6-49.smt2,0,0,0,失败
/pub/data/jiafq/iscas/Parser_Comparison/../benchmarks/part51/non-incremental/QF_LIA/nec-smt/large/user_is_in_group/prp-6-50.smt2,0,0,0,失败
/pub/data/jiafq/iscas/Parser_Comparison/../benchmarks/part51/non-incremental/QF_LIA/nec-smt/large/user_is_in_group/prp-7-46.smt2,0,0,0,失败
/pub/data/jiafq/iscas/Parser_Comparison/../benchmarks/part51/non-incremental/QF_LIA/nec-smt/large/user_is_in_group/prp-7-47.smt2,0,0,0,失败
/pub/data/jiafq/iscas/Parser_Comparison/../benchmarks/part51/non-incremental/QF_LIA/nec-smt/large/user_is_in_group/prp-7-48.smt2,0,0,0,失败
/pub/data/jiafq/iscas/Parser_Comparison/../benchmarks/part51/non-incremental/QF_LIA/nec-smt/large/user_is_in_group/prp-7-49.smt2,0,0,0,失败
/pub/data/jiafq/iscas/Parser_Comparison/../benchmarks/part51/non-incremental/QF_LIA/nec-smt/large/user_is_in_group/prp-7-50.smt2,0,0,0,失败
/pub/data/jiafq/iscas/Parser_Comparison/../benchmarks/part51/non-incremental/QF_LIA/nec-smt/large/user_is_in_group/prp-8-46.smt2,0,0,0,失败
/pub/data/jiafq/iscas/Parser_Comparison/../benchmarks/part51/non-incremental/QF_LIA/nec-smt/large/user_is_in_group/prp-8-47.smt2,0,0,0,失败
/pub/data/jiafq/iscas/Parser_Comparison/../benchmarks/part51/non-incremental/QF_LIA/nec-smt/large/user_is_in_group/prp-8-48.smt2,0,0,0,失败
/pub/data/jiafq/iscas/Parser_Comparison/../benchmarks/part51/non-incremental/QF_LIA/nec-smt/large/user_is_in_group/prp-8-49.smt2,0,0,0,失败
/pub/data/jiafq/iscas/Parser_Comparison/../benchmarks/part51/non-incremental/QF_LIA/nec-smt/large/user_is_in_group/prp-8-50.smt2,0,0,0,失败
/pub/data/jiafq/iscas/Parser_Comparison/../benchmarks/part51/non-incremental/QF_LIA/nec-smt/large/user_is_in_group/prp-9-46.smt2,0,0,0,失败
/pub/data/jiafq/iscas/Parser_Comparison/../benchmarks/part51/non-incremental/QF_LIA/nec-smt/large/user_is_in_group/prp-9-47.smt2,0,0,0,失败
/pub/data/jiafq/iscas/Parser_Comparison/../benchmarks/part51/non-incremental/QF_LIA/nec-smt/large/user_is_in_group/prp-9-48.smt2,0,0,0,失败
/pub/data/jiafq/iscas/Parser_Comparison/../benchmarks/part51/non-incremental/QF_LIA/nec-smt/large/user_is_in_group/prp-9-49.smt2,0,0,0,失败
/pub/data/jiafq/iscas/Parser_Comparison/../benchmarks/part51/non-incremental/QF_LIA/nec-smt/large/user_is_in_group/prp-9-50.smt2,0,0,0,失败
/pub/data/jiafq/iscas/Parser_Comparison/../benchmarks/part51/non-incremental/QF_LIA/nec-smt/med/checkpass_pwd/prp-0-19.smt2,0,0,0,失败
/pub/data/jiafq/iscas/Parser_Comparison/../benchmarks/part51/non-incremental/QF_LIA/nec-smt/med/checkpass_pwd/prp-0-22.smt2,0,0,0,失败
/pub/data/jiafq/iscas/Parser_Comparison/../benchmarks/part51/non-incremental/QF_LIA/nec-smt/med/checkpass_pwd/prp-0-23.smt2,0,0,0,失败
/pub/data/jiafq/iscas/Parser_Comparison/../benchmarks/part51/non-incremental/QF_LIA/nec-smt/med/checkpass_pwd/prp-0-25.smt2,0,0,0,失败
/pub/data/jiafq/iscas/Parser_Comparison/../benchmarks/part51/non-incremental/QF_LIA/nec-smt/med/checkpass_pwd/prp-0-26.smt2,0,0,0,失败
/pub/data/jiafq/iscas/Parser_Comparison/../benchmarks/part51/non-incremental/QF_LIA/nec-smt/med/checkpass_pwd/prp-1-21.smt2,0,0,0,失败
/pub/data/jiafq/iscas/Parser_Comparison/../benchmarks/part51/non-incremental/QF_LIA/nec-smt/med/checkpass_pwd/prp-1-24.smt2,0,0,0,失败
/pub/data/jiafq/iscas/Parser_Comparison/../benchmarks/part51/non-incremental/QF_LIA/nec-smt/med/checkpass_pwd/prp-1-25.smt2,0,0,0,失败
/pub/data/jiafq/iscas/Parser_Comparison/../benchmarks/part51/non-incremental/QF_LIA/nec-smt/med/checkpass_pwd/prp-10-22.smt2,0,0,0,失败
/pub/data/jiafq/iscas/Parser_Comparison/../benchmarks/part51/non-incremental/QF_LIA/nec-smt/med/checkpass_pwd/prp-10-24.smt2,0,0,0,失败
/pub/data/jiafq/iscas/Parser_Comparison/../benchmarks/part51/non-incremental/QF_LIA/nec-smt/med/checkpass_pwd/prp-10-26.smt2,0,0,0,失败
/pub/data/jiafq/iscas/Parser_Comparison/../benchmarks/part51/non-incremental/QF_LIA/nec-smt/med/checkpass_pwd/prp-10-29.smt2,0,0,0,失败
/pub/data/jiafq/iscas/Parser_Comparison/../benchmarks/part51/non-incremental/QF_LIA/nec-smt/med/checkpass_pwd/prp-10-31.smt2,0,0,0,失败
/pub/data/jiafq/iscas/Parser_Comparison/../benchmarks/part51/non-incremental/QF_LIA/nec-smt/med/checkpass_pwd/prp-10-32.smt2,0,0,0,失败
/pub/data/jiafq/iscas/Parser_Comparison/../benchmarks/part51/non-incremental/QF_LIA/nec-smt/med/checkpass_pwd/prp-10-33.smt2,0,0,0,失败
/pub/data/jiafq/iscas/Parser_Comparison/../benchmarks/part51/non-incremental/QF_LIA/nec-smt/med/checkpass_pwd/prp-11-23.smt2,0,0,0,失败
/pub/data/jiafq/iscas/Parser_Comparison/../benchmarks/part51/non-incremental/QF_LIA/nec-smt/med/checkpass_pwd/prp-11-25.smt2,0,0,0,失败
/pub/data/jiafq/iscas/Parser_Comparison/../benchmarks/part51/non-incremental/QF_LIA/nec-smt/med/checkpass_pwd/prp-11-27.smt2,0,0,0,失败
/pub/data/jiafq/iscas/Parser_Comparison/../benchmarks/part51/non-incremental/QF_LIA/nec-smt/med/checkpass_pwd/prp-11-30.smt2,0,0,0,失败
/pub/data/jiafq/iscas/Parser_Comparison/../benchmarks/part51/non-incremental/QF_LIA/nec-smt/med/checkpass_pwd/prp-11-32.smt2,0,0,0,失败
/pub/data/jiafq/iscas/Parser_Comparison/../benchmarks/part51/non-incremental/QF_LIA/nec-smt/med/checkpass_pwd/prp-11-33.smt2,0,0,0,失败
/pub/data/jiafq/iscas/Parser_Comparison/../benchmarks/part51/non-incremental/QF_LIA/nec-smt/med/checkpass_pwd/prp-12-24.smt2,0,0,0,失败
/pub/data/jiafq/iscas/Parser_Comparison/../benchmarks/part51/non-incremental/QF_LIA/nec-smt/med/checkpass_pwd/prp-12-26.smt2,0,0,0,失败
/pub/data/jiafq/iscas/Parser_Comparison/../benchmarks/part51/non-incremental/QF_LIA/nec-smt/med/checkpass_pwd/prp-12-27.smt2,0,0,0,失败
/pub/data/jiafq/iscas/Parser_Comparison/../benchmarks/part51/non-incremental/QF_LIA/nec-smt/med/checkpass_pwd/prp-12-29.smt2,0,0,0,失败
/pub/data/jiafq/iscas/Parser_Comparison/../benchmarks/part51/non-incremental/QF_LIA/nec-smt/med/checkpass_pwd/prp-12-31.smt2,0,0,0,失败
/pub/data/jiafq/iscas/Parser_Comparison/../benchmarks/part51/non-incremental/QF_LIA/nec-smt/med/checkpass_pwd/prp-13-24.smt2,0,0,0,失败
/pub/data/jiafq/iscas/Parser_Comparison/../benchmarks/part51/non-incremental/QF_LIA/nec-smt/med/checkpass_pwd/prp-13-25.smt2,0,0,0,失败
/pub/data/jiafq/iscas/Parser_Comparison/../benchmarks/part51/non-incremental/QF_LIA/nec-smt/med/checkpass_pwd/prp-13-26.smt2,0,0,0,失败
/pub/data/jiafq/iscas/Parser_Comparison/../benchmarks/part51/non-incremental/QF_LIA/nec-smt/med/checkpass_pwd/prp-13-27.smt2,0,0,0,失败
/pub/data/jiafq/iscas/Parser_Comparison/../benchmarks/part51/non-incremental/QF_LIA/nec-smt/med/checkpass_pwd/prp-13-28.smt2,0,0,0,失败
/pub/data/jiafq/iscas/Parser_Comparison/../benchmarks/part51/non-incremental/QF_LIA/nec-smt/med/checkpass_pwd/prp-13-29.smt2,0,0,0,失败
/pub/data/jiafq/iscas/Parser_Comparison/../benchmarks/part51/non-incremental/QF_LIA/nec-smt/med/checkpass_pwd/prp-13-30.smt2,0,0,0,失败
/pub/data/jiafq/iscas/Parser_Comparison/../benchmarks/part51/non-incremental/QF_LIA/nec-smt/med/checkpass_pwd/prp-13-31.smt2,0,0,0,失败
/pub/data/jiafq/iscas/Parser_Comparison/../benchmarks/part51/non-incremental/QF_LIA/nec-smt/med/checkpass_pwd/prp-13-32.smt2,0,0,0,失败
/pub/data/jiafq/iscas/Parser_Comparison/../benchmarks/part51/non-incremental/QF_LIA/nec-smt/med/checkpass_pwd/prp-13-33.smt2,0,0,0,失败
/pub/data/jiafq/iscas/Parser_Comparison/../benchmarks/part51/non-incremental/QF_LIA/nec-smt/med/checkpass_pwd/prp-14-25.smt2,0,0,0,失败
/pub/data/jiafq/iscas/Parser_Comparison/../benchmarks/part51/non-incremental/QF_LIA/nec-smt/med/checkpass_pwd/prp-14-26.smt2,0,0,0,失败
/pub/data/jiafq/iscas/Parser_Comparison/../benchmarks/part51/non-incremental/QF_LIA/nec-smt/med/checkpass_pwd/prp-14-27.smt2,0,0,0,失败
/pub/data/jiafq/iscas/Parser_Comparison/../benchmarks/part51/non-incremental/QF_LIA/nec-smt/med/checkpass_pwd/prp-14-28.smt2,0,0,0,失败
/pub/data/jiafq/iscas/Parser_Comparison/../benchmarks/part51/non-incremental/QF_LIA/nec-smt/med/checkpass_pwd/prp-14-29.smt2,0,0,0,失败
/pub/data/jiafq/iscas/Parser_Comparison/../benchmarks/part51/non-incremental/QF_LIA/nec-smt/med/checkpass_pwd/prp-14-30.smt2,0,0,0,失败
/pub/data/jiafq/iscas/Parser_Comparison/../benchmarks/part51/non-incremental/QF_LIA/nec-smt/med/checkpass_pwd/prp-14-31.smt2,0,0,0,失败
/pub/data/jiafq/iscas/Parser_Comparison/../benchmarks/part51/non-incremental/QF_LIA/nec-smt/med/checkpass_pwd/prp-14-32.smt2,0,0,0,失败
/pub/data/jiafq/iscas/Parser_Comparison/../benchmarks/part51/non-incremental/QF_LIA/nec-smt/med/checkpass_pwd/prp-14-33.smt2,0,0,0,失败
/pub/data/jiafq/iscas/Parser_Comparison/../benchmarks/part51/non-incremental/QF_LIA/nec-smt/med/checkpass_pwd/prp-15-26.smt2,0,0,0,失败
/pub/data/jiafq/iscas/Parser_Comparison/../benchmarks/part51/non-incremental/QF_LIA/nec-smt/med/checkpass_pwd/prp-15-28.smt2,0,0,0,失败
/pub/data/jiafq/iscas/Parser_Comparison/../benchmarks/part51/non-incremental/QF_LIA/nec-smt/med/checkpass_pwd/prp-15-33.smt2,0,0,0,失败
/pub/data/jiafq/iscas/Parser_Comparison/../benchmarks/part51/non-incremental/QF_LIA/nec-smt/med/checkpass_pwd/prp-16-26.smt2,0,0,0,失败
/pub/data/jiafq/iscas/Parser_Comparison/../benchmarks/part51/non-incremental/QF_LIA/nec-smt/med/checkpass_pwd/prp-16-28.smt2,0,0,0,失败
/pub/data/jiafq/iscas/Parser_Comparison/../benchmarks/part51/non-incremental/QF_LIA/nec-smt/med/checkpass_pwd/prp-16-29.smt2,0,0,0,失败
/pub/data/jiafq/iscas/Parser_Comparison/../benchmarks/part51/non-incremental/QF_LIA/nec-smt/med/checkpass_pwd/prp-16-30.smt2,0,0,0,失败
/pub/data/jiafq/iscas/Parser_Comparison/../benchmarks/part51/non-incremental/QF_LIA/nec-smt/med/checkpass_pwd/prp-16-31.smt2,0,0,0,失败
/pub/data/jiafq/iscas/Parser_Comparison/../benchmarks/part51/non-incremental/QF_LIA/nec-smt/med/checkpass_pwd/prp-16-32.smt2,0,0,0,失败
/pub/data/jiafq/iscas/Parser_Comparison/../benchmarks/part51/non-incremental/QF_LIA/nec-smt/med/checkpass_pwd/prp-16-33.smt2,0,0,0,失败
/pub/data/jiafq/iscas/Parser_Comparison/../benchmarks/part51/non-incremental/QF_LIA/nec-smt/med/checkpass_pwd/prp-17-26.smt2,0,0,0,失败
/pub/data/jiafq/iscas/Parser_Comparison/../benchmarks/part51/non-incremental/QF_LIA/nec-smt/med/checkpass_pwd/prp-17-28.smt2,0,0,0,失败
/pub/data/jiafq/iscas/Parser_Comparison/../benchmarks/part51/non-incremental/QF_LIA/nec-smt/med/checkpass_pwd/prp-17-29.smt2,0,0,0,失败
/pub/data/jiafq/iscas/Parser_Comparison/../benchmarks/part51/non-incremental/QF_LIA/nec-smt/med/checkpass_pwd/prp-17-30.smt2,0,0,0,失败
/pub/data/jiafq/iscas/Parser_Comparison/../benchmarks/part51/non-incremental/QF_LIA/nec-smt/med/checkpass_pwd/prp-17-31.smt2,0,0,0,失败
/pub/data/jiafq/iscas/Parser_Comparison/../benchmarks/part51/non-incremental/QF_LIA/nec-smt/med/checkpass_pwd/prp-17-32.smt2,0,0,0,失败
/pub/data/jiafq/iscas/Parser_Comparison/../benchmarks/part51/non-incremental/QF_LIA/nec-smt/med/checkpass_pwd/prp-17-33.smt2,0,0,0,失败
/pub/data/jiafq/iscas/Parser_Comparison/../benchmarks/part51/non-incremental/QF_LIA/nec-smt/med/checkpass_pwd/prp-18-27.smt2,0,0,0,失败
/pub/data/jiafq/iscas/Parser_Comparison/../benchmarks/part51/non-incremental/QF_LIA/nec-smt/med/checkpass_pwd/prp-18-28.smt2,0,0,0,失败
/pub/data/jiafq/iscas/Parser_Comparison/../benchmarks/part51/non-incremental/QF_LIA/nec-smt/med/checkpass_pwd/prp-18-29.smt2,0,0,0,失败
/pub/data/jiafq/iscas/Parser_Comparison/../benchmarks/part51/non-incremental/QF_LIA/nec-smt/med/checkpass_pwd/prp-18-30.smt2,0,0,0,失败
/pub/data/jiafq/iscas/Parser_Comparison/../benchmarks/part51/non-incremental/QF_LIA/nec-smt/med/checkpass_pwd/prp-18-31.smt2,0,0,0,失败
/pub/data/jiafq/iscas/Parser_Comparison/../benchmarks/part51/non-incremental/QF_LIA/nec-smt/med/checkpass_pwd/prp-18-32.smt2,0,0,0,失败
/pub/data/jiafq/iscas/Parser_Comparison/../benchmarks/part51/non-incremental/QF_LIA/nec-smt/med/checkpass_pwd/prp-18-33.smt2,0,0,0,失败
/pub/data/jiafq/iscas/Parser_Comparison/../benchmarks/part51/non-incremental/QF_LIA/nec-smt/med/checkpass_pwd/prp-19-27.smt2,0,0,0,失败
/pub/data/jiafq/iscas/Parser_Comparison/../benchmarks/part51/non-incremental/QF_LIA/nec-smt/med/checkpass_pwd/prp-19-28.smt2,0,0,0,失败
/pub/data/jiafq/iscas/Parser_Comparison/../benchmarks/part51/non-incremental/QF_LIA/nec-smt/med/checkpass_pwd/prp-19-29.smt2,0,0,0,失败
/pub/data/jiafq/iscas/Parser_Comparison/../benchmarks/part51/non-incremental/QF_LIA/nec-smt/med/checkpass_pwd/prp-19-30.smt2,0,0,0,失败
/pub/data/jiafq/iscas/Parser_Comparison/../benchmarks/part51/non-incremental/QF_LIA/nec-smt/med/checkpass_pwd/prp-19-31.smt2,0,0,0,失败
/pub/data/jiafq/iscas/Parser_Comparison/../benchmarks/part51/non-incremental/QF_LIA/nec-smt/med/checkpass_pwd/prp-19-32.smt2,0,0,0,失败
/pub/data/jiafq/iscas/Parser_Comparison/../benchmarks/part51/non-incremental/QF_LIA/nec-smt/med/checkpass_pwd/prp-19-33.smt2,0,0,0,失败
/pub/data/jiafq/iscas/Parser_Comparison/../benchmarks/part51/non-incremental/QF_LIA/nec-smt/med/checkpass_pwd/prp-2-20.smt2,0,0,0,失败
/pub/data/jiafq/iscas/Parser_Comparison/../benchmarks/part51/non-incremental/QF_LIA/nec-smt/med/checkpass_pwd/prp-2-23.smt2,0,0,0,失败
/pub/data/jiafq/iscas/Parser_Comparison/../benchmarks/part51/non-incremental/QF_LIA/nec-smt/med/checkpass_pwd/prp-2-25.smt2,0,0,0,失败
/pub/data/jiafq/iscas/Parser_Comparison/../benchmarks/part51/non-incremental/QF_LIA/nec-smt/med/checkpass_pwd/prp-2-26.smt2,0,0,0,失败
/pub/data/jiafq/iscas/Parser_Comparison/../benchmarks/part51/non-incremental/QF_LIA/nec-smt/med/checkpass_pwd/prp-2-27.smt2,0,0,0,失败
/pub/data/jiafq/iscas/Parser_Comparison/../benchmarks/part51/non-incremental/QF_LIA/nec-smt/med/checkpass_pwd/prp-2-28.smt2,0,0,0,失败
/pub/data/jiafq/iscas/Parser_Comparison/../benchmarks/part51/non-incremental/QF_LIA/nec-smt/med/checkpass_pwd/prp-2-29.smt2,0,0,0,失败
/pub/data/jiafq/iscas/Parser_Comparison/../benchmarks/part51/non-incremental/QF_LIA/nec-smt/med/checkpass_pwd/prp-20-27.smt2,0,0,0,失败
/pub/data/jiafq/iscas/Parser_Comparison/../benchmarks/part51/non-incremental/QF_LIA/nec-smt/med/checkpass_pwd/prp-20-28.smt2,0,0,0,失败
/pub/data/jiafq/iscas/Parser_Comparison/../benchmarks/part51/non-incremental/QF_LIA/nec-smt/med/checkpass_pwd/prp-20-29.smt2,0,0,0,失败
/pub/data/jiafq/iscas/Parser_Comparison/../benchmarks/part51/non-incremental/QF_LIA/nec-smt/med/checkpass_pwd/prp-20-30.smt2,0,0,0,失败
/pub/data/jiafq/iscas/Parser_Comparison/../benchmarks/part51/non-incremental/QF_LIA/nec-smt/med/checkpass_pwd/prp-20-31.smt2,0,0,0,失败
/pub/data/jiafq/iscas/Parser_Comparison/../benchmarks/part51/non-incremental/QF_LIA/nec-smt/med/checkpass_pwd/prp-20-32.smt2,0,0,0,失败
/pub/data/jiafq/iscas/Parser_Comparison/../benchmarks/part51/non-incremental/QF_LIA/nec-smt/med/checkpass_pwd/prp-20-33.smt2,0,0,0,失败
/pub/data/jiafq/iscas/Parser_Comparison/../benchmarks/part51/non-incremental/QF_LIA/nec-smt/med/checkpass_pwd/prp-21-28.smt2,0,0,0,失败
/pub/data/jiafq/iscas/Parser_Comparison/../benchmarks/part51/non-incremental/QF_LIA/nec-smt/med/checkpass_pwd/prp-21-30.smt2,0,0,0,失败
/pub/data/jiafq/iscas/Parser_Comparison/../benchmarks/part51/non-incremental/QF_LIA/nec-smt/med/checkpass_pwd/prp-21-32.smt2,0,0,0,失败
/pub/data/jiafq/iscas/Parser_Comparison/../benchmarks/part51/non-incremental/QF_LIA/nec-smt/med/checkpass_pwd/prp-22-28.smt2,0,0,0,失败
/pub/data/jiafq/iscas/Parser_Comparison/../benchmarks/part51/non-incremental/QF_LIA/nec-smt/med/checkpass_pwd/prp-22-29.smt2,0,0,0,失败
/pub/data/jiafq/iscas/Parser_Comparison/../benchmarks/part51/non-incremental/QF_LIA/nec-smt/med/checkpass_pwd/prp-22-30.smt2,0,0,0,失败
/pub/data/jiafq/iscas/Parser_Comparison/../benchmarks/part51/non-incremental/QF_LIA/nec-smt/med/checkpass_pwd/prp-22-31.smt2,0,0,0,失败
/pub/data/jiafq/iscas/Parser_Comparison/../benchmarks/part51/non-incremental/QF_LIA/nec-smt/med/checkpass_pwd/prp-22-32.smt2,0,0,0,失败
/pub/data/jiafq/iscas/Parser_Comparison/../benchmarks/part51/non-incremental/QF_LIA/nec-smt/med/checkpass_pwd/prp-22-33.smt2,0,0,0,失败
/pub/data/jiafq/iscas/Parser_Comparison/../benchmarks/part51/non-incremental/QF_LIA/nec-smt/med/checkpass_pwd/prp-23-29.smt2,0,0,0,失败
/pub/data/jiafq/iscas/Parser_Comparison/../benchmarks/part51/non-incremental/QF_LIA/nec-smt/med/checkpass_pwd/prp-23-31.smt2,0,0,0,失败
/pub/data/jiafq/iscas/Parser_Comparison/../benchmarks/part51/non-incremental/QF_LIA/nec-smt/med/checkpass_pwd/prp-23-33.smt2,0,0,0,失败
/pub/data/jiafq/iscas/Parser_Comparison/../benchmarks/part51/non-incremental/QF_LIA/nec-smt/med/checkpass_pwd/prp-24-29.smt2,0,0,0,失败
/pub/data/jiafq/iscas/Parser_Comparison/../benchmarks/part51/non-incremental/QF_LIA/nec-smt/med/checkpass_pwd/prp-24-30.smt2,0,0,0,失败
/pub/data/jiafq/iscas/Parser_Comparison/../benchmarks/part51/non-incremental/QF_LIA/nec-smt/med/checkpass_pwd/prp-24-31.smt2,0,0,0,失败
/pub/data/jiafq/iscas/Parser_Comparison/../benchmarks/part51/non-incremental/QF_LIA/nec-smt/med/checkpass_pwd/prp-24-32.smt2,0,0,0,失败
/pub/data/jiafq/iscas/Parser_Comparison/../benchmarks/part51/non-incremental/QF_LIA/nec-smt/med/checkpass_pwd/prp-24-33.smt2,0,0,0,失败
/pub/data/jiafq/iscas/Parser_Comparison/../benchmarks/part51/non-incremental/QF_LIA/nec-smt/med/checkpass_pwd/prp-25-29.smt2,0,0,0,失败
/pub/data/jiafq/iscas/Parser_Comparison/../benchmarks/part51/non-incremental/QF_LIA/nec-smt/med/checkpass_pwd/prp-25-30.smt2,0,0,0,失败
/pub/data/jiafq/iscas/Parser_Comparison/../benchmarks/part51/non-incremental/QF_LIA/nec-smt/med/checkpass_pwd/prp-25-31.smt2,0,0,0,失败
/pub/data/jiafq/iscas/Parser_Comparison/../benchmarks/part51/non-incremental/QF_LIA/nec-smt/med/checkpass_pwd/prp-25-32.smt2,0,0,0,失败
/pub/data/jiafq/iscas/Parser_Comparison/../benchmarks/part51/non-incremental/QF_LIA/nec-smt/med/checkpass_pwd/prp-25-33.smt2,0,0,0,失败
/pub/data/jiafq/iscas/Parser_Comparison/../benchmarks/part51/non-incremental/QF_LIA/nec-smt/med/checkpass_pwd/prp-26-30.smt2,0,0,0,失败
/pub/data/jiafq/iscas/Parser_Comparison/../benchmarks/part51/non-incremental/QF_LIA/nec-smt/med/checkpass_pwd/prp-26-32.smt2,0,0,0,失败
/pub/data/jiafq/iscas/Parser_Comparison/../benchmarks/part51/non-incremental/QF_LIA/nec-smt/med/checkpass_pwd/prp-26-33.smt2,0,0,0,失败
/pub/data/jiafq/iscas/Parser_Comparison/../benchmarks/part51/non-incremental/QF_LIA/nec-smt/med/checkpass_pwd/prp-27-30.smt2,0,0,0,失败
/pub/data/jiafq/iscas/Parser_Comparison/../benchmarks/part51/non-incremental/QF_LIA/nec-smt/med/checkpass_pwd/prp-27-31.smt2,0,0,0,失败
/pub/data/jiafq/iscas/Parser_Comparison/../benchmarks/part51/non-incremental/QF_LIA/nec-smt/med/checkpass_pwd/prp-27-32.smt2,0,0,0,失败
/pub/data/jiafq/iscas/Parser_Comparison/../benchmarks/part51/non-incremental/QF_LIA/nec-smt/med/checkpass_pwd/prp-27-33.smt2,0,0,0,失败
/pub/data/jiafq/iscas/Parser_Comparison/../benchmarks/part51/non-incremental/QF_LIA/nec-smt/med/checkpass_pwd/prp-28-30.smt2,0,0,0,失败
/pub/data/jiafq/iscas/Parser_Comparison/../benchmarks/part51/non-incremental/QF_LIA/nec-smt/med/checkpass_pwd/prp-28-31.smt2,0,0,0,失败
/pub/data/jiafq/iscas/Parser_Comparison/../benchmarks/part51/non-incremental/QF_LIA/nec-smt/med/checkpass_pwd/prp-28-32.smt2,0,0,0,失败
/pub/data/jiafq/iscas/Parser_Comparison/../benchmarks/part51/non-incremental/QF_LIA/nec-smt/med/checkpass_pwd/prp-28-33.smt2,0,0,0,失败
/pub/data/jiafq/iscas/Parser_Comparison/../benchmarks/part51/non-incremental/QF_LIA/nec-smt/med/checkpass_pwd/prp-29-31.smt2,0,0,0,失败
/pub/data/jiafq/iscas/Parser_Comparison/../benchmarks/part51/non-incremental/QF_LIA/nec-smt/med/checkpass_pwd/prp-29-32.smt2,0,0,0,失败
/pub/data/jiafq/iscas/Parser_Comparison/../benchmarks/part51/non-incremental/QF_LIA/nec-smt/med/checkpass_pwd/prp-29-33.smt2,0,0,0,失败
/pub/data/jiafq/iscas/Parser_Comparison/../benchmarks/part51/non-incremental/QF_LIA/nec-smt/med/checkpass_pwd/prp-3-19.smt2,0,0,0,失败
/pub/data/jiafq/iscas/Parser_Comparison/../benchmarks/part51/non-incremental/QF_LIA/nec-smt/med/checkpass_pwd/prp-3-21.smt2,0,0,0,失败
/pub/data/jiafq/iscas/Parser_Comparison/../benchmarks/part51/non-incremental/QF_LIA/nec-smt/med/checkpass_pwd/prp-3-24.smt2,0,0,0,失败
/pub/data/jiafq/iscas/Parser_Comparison/../benchmarks/part51/non-incremental/QF_LIA/nec-smt/med/checkpass_pwd/prp-3-26.smt2,0,0,0,失败
/pub/data/jiafq/iscas/Parser_Comparison/../benchmarks/part51/non-incremental/QF_LIA/nec-smt/med/checkpass_pwd/prp-3-27.smt2,0,0,0,失败
/pub/data/jiafq/iscas/Parser_Comparison/../benchmarks/part51/non-incremental/QF_LIA/nec-smt/med/checkpass_pwd/prp-3-28.smt2,0,0,0,失败
/pub/data/jiafq/iscas/Parser_Comparison/../benchmarks/part51/non-incremental/QF_LIA/nec-smt/med/checkpass_pwd/prp-3-29.smt2,0,0,0,失败
/pub/data/jiafq/iscas/Parser_Comparison/../benchmarks/part51/non-incremental/QF_LIA/nec-smt/med/checkpass_pwd/prp-3-30.smt2,0,0,0,失败
/pub/data/jiafq/iscas/Parser_Comparison/../benchmarks/part51/non-incremental/QF_LIA/nec-smt/med/checkpass_pwd/prp-30-31.smt2,0,0,0,失败
/pub/data/jiafq/iscas/Parser_Comparison/../benchmarks/part51/non-incremental/QF_LIA/nec-smt/med/checkpass_pwd/prp-30-32.smt2,0,0,0,失败
/pub/data/jiafq/iscas/Parser_Comparison/../benchmarks/part51/non-incremental/QF_LIA/nec-smt/med/checkpass_pwd/prp-30-33.smt2,0,0,0,失败
/pub/data/jiafq/iscas/Parser_Comparison/../benchmarks/part51/non-incremental/QF_LIA/nec-smt/med/checkpass_pwd/prp-31-32.smt2,0,0,0,失败
/pub/data/jiafq/iscas/Parser_Comparison/../benchmarks/part51/non-incremental/QF_LIA/nec-smt/med/checkpass_pwd/prp-32-32.smt2,0,0,0,失败
/pub/data/jiafq/iscas/Parser_Comparison/../benchmarks/part51/non-incremental/QF_LIA/nec-smt/med/checkpass_pwd/prp-32-33.smt2,0,0,0,失败
/pub/data/jiafq/iscas/Parser_Comparison/../benchmarks/part51/non-incremental/QF_LIA/nec-smt/med/checkpass_pwd/prp-33-32.smt2,0,0,0,失败
/pub/data/jiafq/iscas/Parser_Comparison/../benchmarks/part51/non-incremental/QF_LIA/nec-smt/med/checkpass_pwd/prp-33-33.smt2,0,0,0,失败
/pub/data/jiafq/iscas/Parser_Comparison/../benchmarks/part51/non-incremental/QF_LIA/nec-smt/med/checkpass_pwd/prp-34-33.smt2,0,0,0,失败
/pub/data/jiafq/iscas/Parser_Comparison/../benchmarks/part51/non-incremental/QF_LIA/nec-smt/med/checkpass_pwd/prp-4-19.smt2,0,0,0,失败
/pub/data/jiafq/iscas/Parser_Comparison/../benchmarks/part51/non-incremental/QF_LIA/nec-smt/med/checkpass_pwd/prp-4-20.smt2,0,0,0,失败
/pub/data/jiafq/iscas/Parser_Comparison/../benchmarks/part51/non-incremental/QF_LIA/nec-smt/med/checkpass_pwd/prp-4-21.smt2,0,0,0,失败
/pub/data/jiafq/iscas/Parser_Comparison/../benchmarks/part51/non-incremental/QF_LIA/nec-smt/med/checkpass_pwd/prp-4-22.smt2,0,0,0,失败
/pub/data/jiafq/iscas/Parser_Comparison/../benchmarks/part51/non-incremental/QF_LIA/nec-smt/med/checkpass_pwd/prp-4-23.smt2,0,0,0,失败
/pub/data/jiafq/iscas/Parser_Comparison/../benchmarks/part51/non-incremental/QF_LIA/nec-smt/med/checkpass_pwd/prp-4-24.smt2,0,0,0,失败
/pub/data/jiafq/iscas/Parser_Comparison/../benchmarks/part51/non-incremental/QF_LIA/nec-smt/med/checkpass_pwd/prp-4-26.smt2,0,0,0,失败
/pub/data/jiafq/iscas/Parser_Comparison/../benchmarks/part51/non-incremental/QF_LIA/nec-smt/med/checkpass_pwd/prp-4-27.smt2,0,0,0,失败
/pub/data/jiafq/iscas/Parser_Comparison/../benchmarks/part51/non-incremental/QF_LIA/nec-smt/med/checkpass_pwd/prp-4-28.smt2,0,0,0,失败
/pub/data/jiafq/iscas/Parser_Comparison/../benchmarks/part51/non-incremental/QF_LIA/nec-smt/med/checkpass_pwd/prp-4-29.smt2,0,0,0,失败
/pub/data/jiafq/iscas/Parser_Comparison/../benchmarks/part51/non-incremental/QF_LIA/nec-smt/med/checkpass_pwd/prp-4-30.smt2,0,0,0,失败
/pub/data/jiafq/iscas/Parser_Comparison/../benchmarks/part51/non-incremental/QF_LIA/nec-smt/med/checkpass_pwd/prp-4-31.smt2,0,0,0,失败
/pub/data/jiafq/iscas/Parser_Comparison/../benchmarks/part51/non-incremental/QF_LIA/nec-smt/med/checkpass_pwd/prp-4-32.smt2,0,0,0,失败
/pub/data/jiafq/iscas/Parser_Comparison/../benchmarks/part51/non-incremental/QF_LIA/nec-smt/med/checkpass_pwd/prp-4-33.smt2,0,0,0,失败
/pub/data/jiafq/iscas/Parser_Comparison/../benchmarks/part51/non-incremental/QF_LIA/nec-smt/med/checkpass_pwd/prp-5-19.smt2,0,0,0,失败
/pub/data/jiafq/iscas/Parser_Comparison/../benchmarks/part51/non-incremental/QF_LIA/nec-smt/med/checkpass_pwd/prp-5-20.smt2,0,0,0,失败
/pub/data/jiafq/iscas/Parser_Comparison/../benchmarks/part51/non-incremental/QF_LIA/nec-smt/med/checkpass_pwd/prp-5-21.smt2,0,0,0,失败
/pub/data/jiafq/iscas/Parser_Comparison/../benchmarks/part51/non-incremental/QF_LIA/nec-smt/med/checkpass_pwd/prp-5-22.smt2,0,0,0,失败
/pub/data/jiafq/iscas/Parser_Comparison/../benchmarks/part51/non-incremental/QF_LIA/nec-smt/med/checkpass_pwd/prp-5-23.smt2,0,0,0,失败
/pub/data/jiafq/iscas/Parser_Comparison/../benchmarks/part51/non-incremental/QF_LIA/nec-smt/med/checkpass_pwd/prp-5-24.smt2,0,0,0,失败
/pub/data/jiafq/iscas/Parser_Comparison/../benchmarks/part51/non-incremental/QF_LIA/nec-smt/med/checkpass_pwd/prp-5-25.smt2,0,0,0,失败
/pub/data/jiafq/iscas/Parser_Comparison/../benchmarks/part51/non-incremental/QF_LIA/nec-smt/med/checkpass_pwd/prp-5-26.smt2,0,0,0,失败
/pub/data/jiafq/iscas/Parser_Comparison/../benchmarks/part51/non-incremental/QF_LIA/nec-smt/med/checkpass_pwd/prp-5-27.smt2,0,0,0,失败
/pub/data/jiafq/iscas/Parser_Comparison/../benchmarks/part51/non-incremental/QF_LIA/nec-smt/med/checkpass_pwd/prp-5-28.smt2,0,0,0,失败
/pub/data/jiafq/iscas/Parser_Comparison/../benchmarks/part51/non-incremental/QF_LIA/nec-smt/med/checkpass_pwd/prp-5-29.smt2,0,0,0,失败
/pub/data/jiafq/iscas/Parser_Comparison/../benchmarks/part51/non-incremental/QF_LIA/nec-smt/med/checkpass_pwd/prp-5-30.smt2,0,0,0,失败
/pub/data/jiafq/iscas/Parser_Comparison/../benchmarks/part51/non-incremental/QF_LIA/nec-smt/med/checkpass_pwd/prp-5-31.smt2,0,0,0,失败
/pub/data/jiafq/iscas/Parser_Comparison/../benchmarks/part51/non-incremental/QF_LIA/nec-smt/med/checkpass_pwd/prp-5-32.smt2,0,0,0,失败
/pub/data/jiafq/iscas/Parser_Comparison/../benchmarks/part51/non-incremental/QF_LIA/nec-smt/med/checkpass_pwd/prp-5-33.smt2,0,0,0,失败
/pub/data/jiafq/iscas/Parser_Comparison/../benchmarks/part51/non-incremental/QF_LIA/nec-smt/med/checkpass_pwd/prp-6-20.smt2,0,0,0,失败
/pub/data/jiafq/iscas/Parser_Comparison/../benchmarks/part51/non-incremental/QF_LIA/nec-smt/med/checkpass_pwd/prp-6-21.smt2,0,0,0,失败
/pub/data/jiafq/iscas/Parser_Comparison/../benchmarks/part51/non-incremental/QF_LIA/nec-smt/med/checkpass_pwd/prp-6-23.smt2,0,0,0,失败
/pub/data/jiafq/iscas/Parser_Comparison/../benchmarks/part51/non-incremental/QF_LIA/nec-smt/med/checkpass_pwd/prp-6-25.smt2,0,0,0,失败
/pub/data/jiafq/iscas/Parser_Comparison/../benchmarks/part51/non-incremental/QF_LIA/nec-smt/med/checkpass_pwd/prp-6-28.smt2,0,0,0,失败
/pub/data/jiafq/iscas/Parser_Comparison/../benchmarks/part51/non-incremental/QF_LIA/nec-smt/med/checkpass_pwd/prp-6-29.smt2,0,0,0,失败
/pub/data/jiafq/iscas/Parser_Comparison/../benchmarks/part51/non-incremental/QF_LIA/nec-smt/med/checkpass_pwd/prp-6-31.smt2,0,0,0,失败
/pub/data/jiafq/iscas/Parser_Comparison/../benchmarks/part51/non-incremental/QF_LIA/nec-smt/med/checkpass_pwd/prp-6-32.smt2,0,0,0,失败
/pub/data/jiafq/iscas/Parser_Comparison/../benchmarks/part51/non-incremental/QF_LIA/nec-smt/med/checkpass_pwd/prp-7-19.smt2,0,0,0,失败
/pub/data/jiafq/iscas/Parser_Comparison/../benchmarks/part51/non-incremental/QF_LIA/nec-smt/med/checkpass_pwd/prp-7-20.smt2,0,0,0,失败
/pub/data/jiafq/iscas/Parser_Comparison/../benchmarks/part51/non-incremental/QF_LIA/nec-smt/med/checkpass_pwd/prp-7-21.smt2,0,0,0,失败
/pub/data/jiafq/iscas/Parser_Comparison/../benchmarks/part51/non-incremental/QF_LIA/nec-smt/med/checkpass_pwd/prp-7-22.smt2,0,0,0,失败
/pub/data/jiafq/iscas/Parser_Comparison/../benchmarks/part51/non-incremental/QF_LIA/nec-smt/med/checkpass_pwd/prp-7-23.smt2,0,0,0,失败
/pub/data/jiafq/iscas/Parser_Comparison/../benchmarks/part51/non-incremental/QF_LIA/nec-smt/med/checkpass_pwd/prp-7-24.smt2,0,0,0,失败
/pub/data/jiafq/iscas/Parser_Comparison/../benchmarks/part51/non-incremental/QF_LIA/nec-smt/med/checkpass_pwd/prp-7-25.smt2,0,0,0,失败
/pub/data/jiafq/iscas/Parser_Comparison/../benchmarks/part51/non-incremental/QF_LIA/nec-smt/med/checkpass_pwd/prp-7-26.smt2,0,0,0,失败
/pub/data/jiafq/iscas/Parser_Comparison/../benchmarks/part51/non-incremental/QF_LIA/nec-smt/med/checkpass_pwd/prp-7-27.smt2,0,0,0,失败
/pub/data/jiafq/iscas/Parser_Comparison/../benchmarks/part51/non-incremental/QF_LIA/nec-smt/med/checkpass_pwd/prp-7-28.smt2,0,0,0,失败
/pub/data/jiafq/iscas/Parser_Comparison/../benchmarks/part51/non-incremental/QF_LIA/nec-smt/med/checkpass_pwd/prp-7-29.smt2,0,0,0,失败
/pub/data/jiafq/iscas/Parser_Comparison/../benchmarks/part51/non-incremental/QF_LIA/nec-smt/med/checkpass_pwd/prp-7-30.smt2,0,0,0,失败
/pub/data/jiafq/iscas/Parser_Comparison/../benchmarks/part51/non-incremental/QF_LIA/nec-smt/med/checkpass_pwd/prp-7-31.smt2,0,0,0,失败
/pub/data/jiafq/iscas/Parser_Comparison/../benchmarks/part51/non-incremental/QF_LIA/nec-smt/med/checkpass_pwd/prp-7-32.smt2,0,0,0,失败
/pub/data/jiafq/iscas/Parser_Comparison/../benchmarks/part51/non-incremental/QF_LIA/nec-smt/med/checkpass_pwd/prp-7-33.smt2,0,0,0,失败
/pub/data/jiafq/iscas/Parser_Comparison/../benchmarks/part51/non-incremental/QF_LIA/nec-smt/med/checkpass_pwd/prp-8-19.smt2,0,0,0,失败
/pub/data/jiafq/iscas/Parser_Comparison/../benchmarks/part51/non-incremental/QF_LIA/nec-smt/med/checkpass_pwd/prp-8-20.smt2,0,0,0,失败
/pub/data/jiafq/iscas/Parser_Comparison/../benchmarks/part51/non-incremental/QF_LIA/nec-smt/med/checkpass_pwd/prp-8-21.smt2,0,0,0,失败
/pub/data/jiafq/iscas/Parser_Comparison/../benchmarks/part51/non-incremental/QF_LIA/nec-smt/med/checkpass_pwd/prp-8-22.smt2,0,0,0,失败
/pub/data/jiafq/iscas/Parser_Comparison/../benchmarks/part51/non-incremental/QF_LIA/nec-smt/med/checkpass_pwd/prp-8-23.smt2,0,0,0,失败
/pub/data/jiafq/iscas/Parser_Comparison/../benchmarks/part51/non-incremental/QF_LIA/nec-smt/med/checkpass_pwd/prp-8-24.smt2,0,0,0,失败
/pub/data/jiafq/iscas/Parser_Comparison/../benchmarks/part51/non-incremental/QF_LIA/nec-smt/med/checkpass_pwd/prp-8-25.smt2,0,0,0,失败
/pub/data/jiafq/iscas/Parser_Comparison/../benchmarks/part51/non-incremental/QF_LIA/nec-smt/med/checkpass_pwd/prp-8-26.smt2,0,0,0,失败
/pub/data/jiafq/iscas/Parser_Comparison/../benchmarks/part51/non-incremental/QF_LIA/nec-smt/med/checkpass_pwd/prp-8-27.smt2,0,0,0,失败
/pub/data/jiafq/iscas/Parser_Comparison/../benchmarks/part51/non-incremental/QF_LIA/nec-smt/med/checkpass_pwd/prp-8-28.smt2,0,0,0,失败
/pub/data/jiafq/iscas/Parser_Comparison/../benchmarks/part51/non-incremental/QF_LIA/nec-smt/med/checkpass_pwd/prp-8-29.smt2,0,0,0,失败
/pub/data/jiafq/iscas/Parser_Comparison/../benchmarks/part51/non-incremental/QF_LIA/nec-smt/med/checkpass_pwd/prp-8-30.smt2,0,0,0,失败
/pub/data/jiafq/iscas/Parser_Comparison/../benchmarks/part51/non-incremental/QF_LIA/nec-smt/med/checkpass_pwd/prp-8-31.smt2,0,0,0,失败
/pub/data/jiafq/iscas/Parser_Comparison/../benchmarks/part51/non-incremental/QF_LIA/nec-smt/med/checkpass_pwd/prp-8-32.smt2,0,0,0,失败
/pub/data/jiafq/iscas/Parser_Comparison/../benchmarks/part51/non-incremental/QF_LIA/nec-smt/med/checkpass_pwd/prp-8-33.smt2,0,0,0,失败
/pub/data/jiafq/iscas/Parser_Comparison/../benchmarks/part51/non-incremental/QF_LIA/nec-smt/med/checkpass_pwd/prp-9-20.smt2,0,0,0,失败
/pub/data/jiafq/iscas/Parser_Comparison/../benchmarks/part51/non-incremental/QF_LIA/nec-smt/med/checkpass_pwd/prp-9-22.smt2,0,0,0,失败
/pub/data/jiafq/iscas/Parser_Comparison/../benchmarks/part51/non-incremental/QF_LIA/nec-smt/med/checkpass_pwd/prp-9-27.smt2,0,0,0,失败
/pub/data/jiafq/iscas/Parser_Comparison/../benchmarks/part51/non-incremental/QF_LIA/nec-smt/med/checkpass_pwd/prp-9-30.smt2,0,0,0,失败
/pub/data/jiafq/iscas/Parser_Comparison/../benchmarks/part51/non-incremental/QF_LIA/nec-smt/med/checkpass_pwd/prp-9-31.smt2,0,0,0,失败
/pub/data/jiafq/iscas/Parser_Comparison/../benchmarks/part51/non-incremental/QF_LIA/nec-smt/med/config_read_line/prp-0-46.smt2,0,0,0,失败
/pub/data/jiafq/iscas/Parser_Comparison/../benchmarks/part51/non-incremental/QF_LIA/nec-smt/med/config_read_line/prp-0-47.smt2,0,0,0,失败
/pub/data/jiafq/iscas/Parser_Comparison/../benchmarks/part51/non-incremental/QF_LIA/nec-smt/med/config_read_line/prp-0-48.smt2,0,0,0,失败
/pub/data/jiafq/iscas/Parser_Comparison/../benchmarks/part51/non-incremental/QF_LIA/nec-smt/med/config_read_line/prp-0-49.smt2,0,0,0,失败
/pub/data/jiafq/iscas/Parser_Comparison/../benchmarks/part51/non-incremental/QF_LIA/nec-smt/med/config_read_line/prp-0-50.smt2,0,0,0,失败
/pub/data/jiafq/iscas/Parser_Comparison/../benchmarks/part51/non-incremental/QF_LIA/nec-smt/med/config_read_line/prp-1-35.smt2,0,0,0,失败
/pub/data/jiafq/iscas/Parser_Comparison/../benchmarks/part51/non-incremental/QF_LIA/nec-smt/med/config_read_line/prp-1-44.smt2,0,0,0,失败
/pub/data/jiafq/iscas/Parser_Comparison/../benchmarks/part51/non-incremental/QF_LIA/nec-smt/med/config_read_line/prp-1-48.smt2,0,0,0,失败
/pub/data/jiafq/iscas/Parser_Comparison/../benchmarks/part51/non-incremental/QF_LIA/nec-smt/med/config_read_line/prp-2-46.smt2,0,0,0,失败
/pub/data/jiafq/iscas/Parser_Comparison/../benchmarks/part51/non-incremental/QF_LIA/nec-smt/med/config_read_line/prp-2-47.smt2,0,0,0,失败
/pub/data/jiafq/iscas/Parser_Comparison/../benchmarks/part51/non-incremental/QF_LIA/nec-smt/med/config_read_line/prp-2-48.smt2,0,0,0,失败
/pub/data/jiafq/iscas/Parser_Comparison/../benchmarks/part51/non-incremental/QF_LIA/nec-smt/med/config_read_line/prp-2-49.smt2,0,0,0,失败
/pub/data/jiafq/iscas/Parser_Comparison/../benchmarks/part51/non-incremental/QF_LIA/nec-smt/med/config_read_line/prp-2-50.smt2,0,0,0,失败
/pub/data/jiafq/iscas/Parser_Comparison/../benchmarks/part51/non-incremental/QF_LIA/nec-smt/med/config_read_line/prp-3-37.smt2,0,0,0,失败
/pub/data/jiafq/iscas/Parser_Comparison/../benchmarks/part51/non-incremental/QF_LIA/nec-smt/med/config_read_line/prp-3-45.smt2,0,0,0,失败
/pub/data/jiafq/iscas/Parser_Comparison/../benchmarks/part51/non-incremental/QF_LIA/nec-smt/med/config_read_line/prp-3-46.smt2,0,0,0,失败
/pub/data/jiafq/iscas/Parser_Comparison/../benchmarks/part51/non-incremental/QF_LIA/nec-smt/med/config_read_line/prp-3-49.smt2,0,0,0,失败
/pub/data/jiafq/iscas/Parser_Comparison/../benchmarks/part51/non-incremental/QF_LIA/nec-smt/med/config_read_line/prp-3-50.smt2,0,0,0,失败
/pub/data/jiafq/iscas/Parser_Comparison/../benchmarks/part51/non-incremental/QF_LIA/nec-smt/med/config_read_line/prp-4-46.smt2,0,0,0,失败
/pub/data/jiafq/iscas/Parser_Comparison/../benchmarks/part51/non-incremental/QF_LIA/nec-smt/med/config_read_line/prp-4-47.smt2,0,0,0,失败
/pub/data/jiafq/iscas/Parser_Comparison/../benchmarks/part51/non-incremental/QF_LIA/nec-smt/med/config_read_line/prp-4-48.smt2,0,0,0,失败
/pub/data/jiafq/iscas/Parser_Comparison/../benchmarks/part51/non-incremental/QF_LIA/nec-smt/med/config_read_line/prp-4-49.smt2,0,0,0,失败
/pub/data/jiafq/iscas/Parser_Comparison/../benchmarks/part51/non-incremental/QF_LIA/nec-smt/med/config_read_line/prp-4-50.smt2,0,0,0,失败
/pub/data/jiafq/iscas/Parser_Comparison/../benchmarks/part51/non-incremental/QF_LIA/nec-smt/med/config_read_line/prp-5-46.smt2,0,0,0,失败
/pub/data/jiafq/iscas/Parser_Comparison/../benchmarks/part51/non-incremental/QF_LIA/nec-smt/med/config_read_line/prp-5-47.smt2,0,0,0,失败
/pub/data/jiafq/iscas/Parser_Comparison/../benchmarks/part51/non-incremental/QF_LIA/nec-smt/med/config_read_line/prp-5-48.smt2,0,0,0,失败
/pub/data/jiafq/iscas/Parser_Comparison/../benchmarks/part51/non-incremental/QF_LIA/nec-smt/med/config_read_line/prp-5-49.smt2,0,0,0,失败
/pub/data/jiafq/iscas/Parser_Comparison/../benchmarks/part51/non-incremental/QF_LIA/nec-smt/med/config_read_line/prp-5-50.smt2,0,0,0,失败
/pub/data/jiafq/iscas/Parser_Comparison/../benchmarks/part51/non-incremental/QF_LIA/nec-smt/med/getoption_group/prp-25-41.smt2,0,0,0,失败
/pub/data/jiafq/iscas/Parser_Comparison/../benchmarks/part51/non-incremental/QF_LIA/nec-smt/med/getoption_group/prp-26-41.smt2,0,0,0,失败
/pub/data/jiafq/iscas/Parser_Comparison/../benchmarks/part51/non-incremental/QF_LIA/nec-smt/med/int_from_list/prp-10-27.smt2,0,0,0,失败
/pub/data/jiafq/iscas/Parser_Comparison/../benchmarks/part51/non-incremental/QF_LIA/nec-smt/med/int_from_list/prp-10-28.smt2,0,0,0,失败
/pub/data/jiafq/iscas/Parser_Comparison/../benchmarks/part51/non-incremental/QF_LIA/nec-smt/med/int_from_list/prp-10-29.smt2,0,0,0,失败
/pub/data/jiafq/iscas/Parser_Comparison/../benchmarks/part51/non-incremental/QF_LIA/nec-smt/med/int_from_list/prp-10-30.smt2,0,0,0,失败
/pub/data/jiafq/iscas/Parser_Comparison/../benchmarks/part51/non-incremental/QF_LIA/nec-smt/med/int_from_list/prp-10-31.smt2,0,0,0,失败
/pub/data/jiafq/iscas/Parser_Comparison/../benchmarks/part51/non-incremental/QF_LIA/nec-smt/med/int_from_list/prp-13-29.smt2,0,0,0,失败
/pub/data/jiafq/iscas/Parser_Comparison/../benchmarks/part51/non-incremental/QF_LIA/nec-smt/med/int_from_list/prp-13-30.smt2,0,0,0,失败
/pub/data/jiafq/iscas/Parser_Comparison/../benchmarks/part51/non-incremental/QF_LIA/nec-smt/med/int_from_list/prp-13-31.smt2,0,0,0,失败
/pub/data/jiafq/iscas/Parser_Comparison/../benchmarks/part51/non-incremental/QF_LIA/nec-smt/med/int_from_list/prp-13-32.smt2,0,0,0,失败
/pub/data/jiafq/iscas/Parser_Comparison/../benchmarks/part51/non-incremental/QF_LIA/nec-smt/med/int_from_list/prp-13-33.smt2,0,0,0,失败
/pub/data/jiafq/iscas/Parser_Comparison/../benchmarks/part51/non-incremental/QF_LIA/nec-smt/med/int_from_list/prp-14-32.smt2,0,0,0,失败
/pub/data/jiafq/iscas/Parser_Comparison/../benchmarks/part51/non-incremental/QF_LIA/nec-smt/med/int_from_list/prp-14-33.smt2,0,0,0,失败
/pub/data/jiafq/iscas/Parser_Comparison/../benchmarks/part51/non-incremental/QF_LIA/nec-smt/med/int_from_list/prp-14-34.smt2,0,0,0,失败
/pub/data/jiafq/iscas/Parser_Comparison/../benchmarks/part51/non-incremental/QF_LIA/nec-smt/med/int_from_list/prp-14-35.smt2,0,0,0,失败
/pub/data/jiafq/iscas/Parser_Comparison/../benchmarks/part51/non-incremental/QF_LIA/nec-smt/med/int_from_list/prp-14-36.smt2,0,0,0,失败
/pub/data/jiafq/iscas/Parser_Comparison/../benchmarks/part51/non-incremental/QF_LIA/nec-smt/med/int_from_list/prp-15-34.smt2,0,0,0,失败
/pub/data/jiafq/iscas/Parser_Comparison/../benchmarks/part51/non-incremental/QF_LIA/nec-smt/med/int_from_list/prp-15-35.smt2,0,0,0,失败
/pub/data/jiafq/iscas/Parser_Comparison/../benchmarks/part51/non-incremental/QF_LIA/nec-smt/med/int_from_list/prp-15-36.smt2,0,0,0,失败
/pub/data/jiafq/iscas/Parser_Comparison/../benchmarks/part51/non-incremental/QF_LIA/nec-smt/med/int_from_list/prp-15-37.smt2,0,0,0,失败
/pub/data/jiafq/iscas/Parser_Comparison/../benchmarks/part51/non-incremental/QF_LIA/nec-smt/med/int_from_list/prp-15-38.smt2,0,0,0,失败
/pub/data/jiafq/iscas/Parser_Comparison/../benchmarks/part51/non-incremental/QF_LIA/nec-smt/med/int_from_list/prp-16-25.smt2,0,0,0,失败
/pub/data/jiafq/iscas/Parser_Comparison/../benchmarks/part51/non-incremental/QF_LIA/nec-smt/med/int_from_list/prp-18-24.smt2,0,0,0,失败
/pub/data/jiafq/iscas/Parser_Comparison/../benchmarks/part51/non-incremental/QF_LIA/nec-smt/med/int_from_list/prp-18-25.smt2,0,0,0,失败
/pub/data/jiafq/iscas/Parser_Comparison/../benchmarks/part51/non-incremental/QF_LIA/nec-smt/med/int_from_list/prp-18-26.smt2,0,0,0,失败
/pub/data/jiafq/iscas/Parser_Comparison/../benchmarks/part51/non-incremental/QF_LIA/nec-smt/med/int_from_list/prp-18-27.smt2,0,0,0,失败
/pub/data/jiafq/iscas/Parser_Comparison/../benchmarks/part51/non-incremental/QF_LIA/nec-smt/med/int_from_list/prp-19-26.smt2,0,0,0,失败
/pub/data/jiafq/iscas/Parser_Comparison/../benchmarks/part51/non-incremental/QF_LIA/nec-smt/med/int_from_list/prp-19-27.smt2,0,0,0,失败
/pub/data/jiafq/iscas/Parser_Comparison/../benchmarks/part51/non-incremental/QF_LIA/nec-smt/med/int_from_list/prp-19-28.smt2,0,0,0,失败
/pub/data/jiafq/iscas/Parser_Comparison/../benchmarks/part51/non-incremental/QF_LIA/nec-smt/med/int_from_list/prp-19-29.smt2,0,0,0,失败
/pub/data/jiafq/iscas/Parser_Comparison/../benchmarks/part51/non-incremental/QF_LIA/nec-smt/med/int_from_list/prp-19-30.smt2,0,0,0,失败
/pub/data/jiafq/iscas/Parser_Comparison/../benchmarks/part51/non-incremental/QF_LIA/nec-smt/med/int_from_list/prp-21-37.smt2,0,0,0,失败
/pub/data/jiafq/iscas/Parser_Comparison/../benchmarks/part51/non-incremental/QF_LIA/nec-smt/med/int_from_list/prp-21-38.smt2,0,0,0,失败
/pub/data/jiafq/iscas/Parser_Comparison/../benchmarks/part51/non-incremental/QF_LIA/nec-smt/med/int_from_list/prp-21-39.smt2,0,0,0,失败
/pub/data/jiafq/iscas/Parser_Comparison/../benchmarks/part51/non-incremental/QF_LIA/nec-smt/med/int_from_list/prp-21-40.smt2,0,0,0,失败
/pub/data/jiafq/iscas/Parser_Comparison/../benchmarks/part51/non-incremental/QF_LIA/nec-smt/med/int_from_list/prp-22-28.smt2,0,0,0,失败
/pub/data/jiafq/iscas/Parser_Comparison/../benchmarks/part51/non-incremental/QF_LIA/nec-smt/med/int_from_list/prp-22-29.smt2,0,0,0,失败
/pub/data/jiafq/iscas/Parser_Comparison/../benchmarks/part51/non-incremental/QF_LIA/nec-smt/med/int_from_list/prp-22-30.smt2,0,0,0,失败
/pub/data/jiafq/iscas/Parser_Comparison/../benchmarks/part51/non-incremental/QF_LIA/nec-smt/med/int_from_list/prp-22-31.smt2,0,0,0,失败
/pub/data/jiafq/iscas/Parser_Comparison/../benchmarks/part51/non-incremental/QF_LIA/nec-smt/med/int_from_list/prp-22-32.smt2,0,0,0,失败
/pub/data/jiafq/iscas/Parser_Comparison/../benchmarks/part51/non-incremental/QF_LIA/nec-smt/med/int_from_list/prp-23-31.smt2,0,0,0,失败
/pub/data/jiafq/iscas/Parser_Comparison/../benchmarks/part51/non-incremental/QF_LIA/nec-smt/med/int_from_list/prp-23-32.smt2,0,0,0,失败
/pub/data/jiafq/iscas/Parser_Comparison/../benchmarks/part51/non-incremental/QF_LIA/nec-smt/med/int_from_list/prp-23-33.smt2,0,0,0,失败
/pub/data/jiafq/iscas/Parser_Comparison/../benchmarks/part51/non-incremental/QF_LIA/nec-smt/med/int_from_list/prp-23-34.smt2,0,0,0,失败
/pub/data/jiafq/iscas/Parser_Comparison/../benchmarks/part51/non-incremental/QF_LIA/nec-smt/med/int_from_list/prp-23-35.smt2,0,0,0,失败
/pub/data/jiafq/iscas/Parser_Comparison/../benchmarks/part51/non-incremental/QF_LIA/nec-smt/med/int_from_list/prp-24-39.smt2,0,0,0,失败
/pub/data/jiafq/iscas/Parser_Comparison/../benchmarks/part51/non-incremental/QF_LIA/nec-smt/med/int_from_list/prp-24-40.smt2,0,0,0,失败
/pub/data/jiafq/iscas/Parser_Comparison/../benchmarks/part51/non-incremental/QF_LIA/nec-smt/med/int_from_list/prp-25-33.smt2,0,0,0,失败
/pub/data/jiafq/iscas/Parser_Comparison/../benchmarks/part51/non-incremental/QF_LIA/nec-smt/med/int_from_list/prp-25-34.smt2,0,0,0,失败
/pub/data/jiafq/iscas/Parser_Comparison/../benchmarks/part51/non-incremental/QF_LIA/nec-smt/med/int_from_list/prp-25-35.smt2,0,0,0,失败
/pub/data/jiafq/iscas/Parser_Comparison/../benchmarks/part51/non-incremental/QF_LIA/nec-smt/med/int_from_list/prp-25-36.smt2,0,0,0,失败
/pub/data/jiafq/iscas/Parser_Comparison/../benchmarks/part51/non-incremental/QF_LIA/nec-smt/med/int_from_list/prp-25-37.smt2,0,0,0,失败
/pub/data/jiafq/iscas/Parser_Comparison/../benchmarks/part51/non-incremental/QF_LIA/nec-smt/med/int_from_list/prp-26-36.smt2,0,0,0,失败
/pub/data/jiafq/iscas/Parser_Comparison/../benchmarks/part51/non-incremental/QF_LIA/nec-smt/med/int_from_list/prp-26-37.smt2,0,0,0,失败
/pub/data/jiafq/iscas/Parser_Comparison/../benchmarks/part51/non-incremental/QF_LIA/nec-smt/med/int_from_list/prp-26-38.smt2,0,0,0,失败
/pub/data/jiafq/iscas/Parser_Comparison/../benchmarks/part51/non-incremental/QF_LIA/nec-smt/med/int_from_list/prp-26-39.smt2,0,0,0,失败
/pub/data/jiafq/iscas/Parser_Comparison/../benchmarks/part51/non-incremental/QF_LIA/nec-smt/med/int_from_list/prp-26-40.smt2,0,0,0,失败
/pub/data/jiafq/iscas/Parser_Comparison/../benchmarks/part51/non-incremental/QF_LIA/nec-smt/med/int_from_list/prp-27-38.smt2,0,0,0,失败
/pub/data/jiafq/iscas/Parser_Comparison/../benchmarks/part51/non-incremental/QF_LIA/nec-smt/med/int_from_list/prp-27-39.smt2,0,0,0,失败
/pub/data/jiafq/iscas/Parser_Comparison/../benchmarks/part51/non-incremental/QF_LIA/nec-smt/med/int_from_list/prp-27-40.smt2,0,0,0,失败
/pub/data/jiafq/iscas/Parser_Comparison/../benchmarks/part51/non-incremental/QF_LIA/nec-smt/med/int_from_list/prp-28-27.smt2,0,0,0,失败
/pub/data/jiafq/iscas/Parser_Comparison/../benchmarks/part51/non-incremental/QF_LIA/nec-smt/med/int_from_list/prp-28-29.smt2,0,0,0,失败
/pub/data/jiafq/iscas/Parser_Comparison/../benchmarks/part51/non-incremental/QF_LIA/nec-smt/med/int_from_list/prp-29-28.smt2,0,0,0,失败
/pub/data/jiafq/iscas/Parser_Comparison/../benchmarks/part51/non-incremental/QF_LIA/nec-smt/med/int_from_list/prp-29-29.smt2,0,0,0,失败
/pub/data/jiafq/iscas/Parser_Comparison/../benchmarks/part51/non-incremental/QF_LIA/nec-smt/med/int_from_list/prp-29-30.smt2,0,0,0,失败
/pub/data/jiafq/iscas/Parser_Comparison/../benchmarks/part51/non-incremental/QF_LIA/nec-smt/med/int_from_list/prp-29-31.smt2,0,0,0,失败
/pub/data/jiafq/iscas/Parser_Comparison/../benchmarks/part51/non-incremental/QF_LIA/nec-smt/med/int_from_list/prp-30-30.smt2,0,0,0,失败
/pub/data/jiafq/iscas/Parser_Comparison/../benchmarks/part51/non-incremental/QF_LIA/nec-smt/med/int_from_list/prp-30-31.smt2,0,0,0,失败
/pub/data/jiafq/iscas/Parser_Comparison/../benchmarks/part51/non-incremental/QF_LIA/nec-smt/med/int_from_list/prp-30-32.smt2,0,0,0,失败
/pub/data/jiafq/iscas/Parser_Comparison/../benchmarks/part51/non-incremental/QF_LIA/nec-smt/med/int_from_list/prp-30-33.smt2,0,0,0,失败
/pub/data/jiafq/iscas/Parser_Comparison/../benchmarks/part51/non-incremental/QF_LIA/nec-smt/med/int_from_list/prp-30-34.smt2,0,0,0,失败
/pub/data/jiafq/iscas/Parser_Comparison/../benchmarks/part51/non-incremental/QF_LIA/nec-smt/med/int_from_list/prp-31-32.smt2,0,0,0,失败
/pub/data/jiafq/iscas/Parser_Comparison/../benchmarks/part51/non-incremental/QF_LIA/nec-smt/med/int_from_list/prp-31-33.smt2,0,0,0,失败
/pub/data/jiafq/iscas/Parser_Comparison/../benchmarks/part51/non-incremental/QF_LIA/nec-smt/med/int_from_list/prp-31-34.smt2,0,0,0,失败
/pub/data/jiafq/iscas/Parser_Comparison/../benchmarks/part51/non-incremental/QF_LIA/nec-smt/med/int_from_list/prp-31-35.smt2,0,0,0,失败
/pub/data/jiafq/iscas/Parser_Comparison/../benchmarks/part51/non-incremental/QF_LIA/nec-smt/med/int_from_list/prp-31-36.smt2,0,0,0,失败
/pub/data/jiafq/iscas/Parser_Comparison/../benchmarks/part51/non-incremental/QF_LIA/nec-smt/med/int_from_list/prp-32-35.smt2,0,0,0,失败
/pub/data/jiafq/iscas/Parser_Comparison/../benchmarks/part51/non-incremental/QF_LIA/nec-smt/med/int_from_list/prp-32-36.smt2,0,0,0,失败
/pub/data/jiafq/iscas/Parser_Comparison/../benchmarks/part51/non-incremental/QF_LIA/nec-smt/med/int_from_list/prp-32-37.smt2,0,0,0,失败
/pub/data/jiafq/iscas/Parser_Comparison/../benchmarks/part51/non-incremental/QF_LIA/nec-smt/med/int_from_list/prp-32-38.smt2,0,0,0,失败
/pub/data/jiafq/iscas/Parser_Comparison/../benchmarks/part51/non-incremental/QF_LIA/nec-smt/med/int_from_list/prp-32-39.smt2,0,0,0,失败
/pub/data/jiafq/iscas/Parser_Comparison/../benchmarks/part51/non-incremental/QF_LIA/nec-smt/med/int_from_list/prp-33-37.smt2,0,0,0,失败
/pub/data/jiafq/iscas/Parser_Comparison/../benchmarks/part51/non-incremental/QF_LIA/nec-smt/med/int_from_list/prp-33-38.smt2,0,0,0,失败
/pub/data/jiafq/iscas/Parser_Comparison/../benchmarks/part51/non-incremental/QF_LIA/nec-smt/med/int_from_list/prp-33-39.smt2,0,0,0,失败
/pub/data/jiafq/iscas/Parser_Comparison/../benchmarks/part51/non-incremental/QF_LIA/nec-smt/med/int_from_list/prp-33-40.smt2,0,0,0,失败
/pub/data/jiafq/iscas/Parser_Comparison/../benchmarks/part51/non-incremental/QF_LIA/nec-smt/med/int_from_list/prp-34-40.smt2,0,0,0,失败
/pub/data/jiafq/iscas/Parser_Comparison/../benchmarks/part51/non-incremental/QF_LIA/nec-smt/med/int_from_list/prp-36-31.smt2,0,0,0,失败
/pub/data/jiafq/iscas/Parser_Comparison/../benchmarks/part51/non-incremental/QF_LIA/nec-smt/med/int_from_list/prp-36-33.smt2,0,0,0,失败
/pub/data/jiafq/iscas/Parser_Comparison/../benchmarks/part51/non-incremental/QF_LIA/nec-smt/med/int_from_list/prp-38-32.smt2,0,0,0,失败
/pub/data/jiafq/iscas/Parser_Comparison/../benchmarks/part51/non-incremental/QF_LIA/nec-smt/med/int_from_list/prp-38-33.smt2,0,0,0,失败
/pub/data/jiafq/iscas/Parser_Comparison/../benchmarks/part51/non-incremental/QF_LIA/nec-smt/med/int_from_list/prp-38-34.smt2,0,0,0,失败
/pub/data/jiafq/iscas/Parser_Comparison/../benchmarks/part51/non-incremental/QF_LIA/nec-smt/med/int_from_list/prp-38-35.smt2,0,0,0,失败
/pub/data/jiafq/iscas/Parser_Comparison/../benchmarks/part51/non-incremental/QF_LIA/nec-smt/med/int_from_list/prp-39-34.smt2,0,0,0,失败
/pub/data/jiafq/iscas/Parser_Comparison/../benchmarks/part51/non-incremental/QF_LIA/nec-smt/med/int_from_list/prp-39-35.smt2,0,0,0,失败
/pub/data/jiafq/iscas/Parser_Comparison/../benchmarks/part51/non-incremental/QF_LIA/nec-smt/med/int_from_list/prp-39-36.smt2,0,0,0,失败
/pub/data/jiafq/iscas/Parser_Comparison/../benchmarks/part51/non-incremental/QF_LIA/nec-smt/med/int_from_list/prp-39-37.smt2,0,0,0,失败
/pub/data/jiafq/iscas/Parser_Comparison/../benchmarks/part51/non-incremental/QF_LIA/nec-smt/med/int_from_list/prp-39-38.smt2,0,0,0,失败
/pub/data/jiafq/iscas/Parser_Comparison/../benchmarks/part51/non-incremental/QF_LIA/nec-smt/med/int_from_list/prp-41-36.smt2,0,0,0,失败
/pub/data/jiafq/iscas/Parser_Comparison/../benchmarks/part51/non-incremental/QF_LIA/nec-smt/med/int_from_list/prp-41-37.smt2,0,0,0,失败
/pub/data/jiafq/iscas/Parser_Comparison/../benchmarks/part51/non-incremental/QF_LIA/nec-smt/med/int_from_list/prp-41-38.smt2,0,0,0,失败
/pub/data/jiafq/iscas/Parser_Comparison/../benchmarks/part51/non-incremental/QF_LIA/nec-smt/med/int_from_list/prp-41-39.smt2,0,0,0,失败
/pub/data/jiafq/iscas/Parser_Comparison/../benchmarks/part51/non-incremental/QF_LIA/nec-smt/med/int_from_list/prp-41-40.smt2,0,0,0,失败
/pub/data/jiafq/iscas/Parser_Comparison/../benchmarks/part51/non-incremental/QF_LIA/nec-smt/med/int_from_list/prp-42-39.smt2,0,0,0,失败
/pub/data/jiafq/iscas/Parser_Comparison/../benchmarks/part51/non-incremental/QF_LIA/nec-smt/med/int_from_list/prp-42-40.smt2,0,0,0,失败
/pub/data/jiafq/iscas/Parser_Comparison/../benchmarks/part51/non-incremental/QF_LIA/nec-smt/med/int_from_list/prp-6-24.smt2,0,0,0,失败
/pub/data/jiafq/iscas/Parser_Comparison/../benchmarks/part51/non-incremental/QF_LIA/nec-smt/med/int_from_list/prp-6-25.smt2,0,0,0,失败
/pub/data/jiafq/iscas/Parser_Comparison/../benchmarks/part51/non-incremental/QF_LIA/nec-smt/med/int_from_list/prp-6-26.smt2,0,0,0,失败
/pub/data/jiafq/iscas/Parser_Comparison/../benchmarks/part51/non-incremental/QF_LIA/nec-smt/med/int_from_list/prp-9-24.smt2,0,0,0,失败
/pub/data/jiafq/iscas/Parser_Comparison/../benchmarks/part51/non-incremental/QF_LIA/nec-smt/med/int_from_list/prp-9-25.smt2,0,0,0,失败
/pub/data/jiafq/iscas/Parser_Comparison/../benchmarks/part51/non-incremental/QF_LIA/nec-smt/med/int_from_list/prp-9-26.smt2,0,0,0,失败
/pub/data/jiafq/iscas/Parser_Comparison/../benchmarks/part51/non-incremental/QF_LIA/nec-smt/med/int_from_list/prp-9-27.smt2,0,0,0,失败
/pub/data/jiafq/iscas/Parser_Comparison/../benchmarks/part51/non-incremental/QF_LIA/nec-smt/med/int_from_list/prp-9-28.smt2,0,0,0,失败
/pub/data/jiafq/iscas/Parser_Comparison/../benchmarks/part51/non-incremental/QF_LIA/nec-smt/med/mygetpwnam/prp-0-45.smt2,0,0,0,失败
/pub/data/jiafq/iscas/Parser_Comparison/../benchmarks/part51/non-incremental/QF_LIA/nec-smt/med/mygetpwnam/prp-1-46.smt2,0,0,0,失败
/pub/data/jiafq/iscas/Parser_Comparison/../benchmarks/part51/non-incremental/QF_LIA/nec-smt/med/print_file/prp-0-48.smt2,0,0,0,失败
/pub/data/jiafq/iscas/Parser_Comparison/../benchmarks/part51/non-incremental/QF_LIA/nec-smt/med/print_file/prp-0-49.smt2,0,0,0,失败
/pub/data/jiafq/iscas/Parser_Comparison/../benchmarks/part51/non-incremental/QF_LIA/nec-smt/med/print_file/prp-0-50.smt2,0,0,0,失败
/pub/data/jiafq/iscas/Parser_Comparison/../benchmarks/part51/non-incremental/QF_LIA/nec-smt/med/print_file/prp-1-48.smt2,0,0,0,失败
/pub/data/jiafq/iscas/Parser_Comparison/../benchmarks/part51/non-incremental/QF_LIA/nec-smt/med/print_file/prp-1-49.smt2,0,0,0,失败
/pub/data/jiafq/iscas/Parser_Comparison/../benchmarks/part51/non-incremental/QF_LIA/nec-smt/med/print_file/prp-1-50.smt2,0,0,0,失败
/pub/data/jiafq/iscas/Parser_Comparison/../benchmarks/part51/non-incremental/QF_LIA/nec-smt/small/checkpass_pwd/prp-0-12.smt2,0,0,0,失败
/pub/data/jiafq/iscas/Parser_Comparison/../benchmarks/part51/non-incremental/QF_LIA/nec-smt/small/checkpass_pwd/prp-0-14.smt2,0,0,0,失败
/pub/data/jiafq/iscas/Parser_Comparison/../benchmarks/part51/non-incremental/QF_LIA/nec-smt/small/checkpass_pwd/prp-0-15.smt2,0,0,0,失败
/pub/data/jiafq/iscas/Parser_Comparison/../benchmarks/part51/non-incremental/QF_LIA/nec-smt/small/checkpass_pwd/prp-0-17.smt2,0,0,0,失败
/pub/data/jiafq/iscas/Parser_Comparison/../benchmarks/part51/non-incremental/QF_LIA/nec-smt/small/checkpass_pwd/prp-1-14.smt2,0,0,0,失败
/pub/data/jiafq/iscas/Parser_Comparison/../benchmarks/part51/non-incremental/QF_LIA/nec-smt/small/checkpass_pwd/prp-1-16.smt2,0,0,0,失败
/pub/data/jiafq/iscas/Parser_Comparison/../benchmarks/part51/non-incremental/QF_LIA/nec-smt/small/checkpass_pwd/prp-2-16.smt2,0,0,0,失败
/pub/data/jiafq/iscas/Parser_Comparison/../benchmarks/part51/non-incremental/QF_LIA/nec-smt/small/checkpass_pwd/prp-2-18.smt2,0,0,0,失败
/pub/data/jiafq/iscas/Parser_Comparison/../benchmarks/part51/non-incremental/QF_LIA/nec-smt/small/checkpass_pwd/prp-3-17.smt2,0,0,0,失败
/pub/data/jiafq/iscas/Parser_Comparison/../benchmarks/part51/non-incremental/QF_LIA/nec-smt/small/checkpass_pwd/prp-4-17.smt2,0,0,0,失败
/pub/data/jiafq/iscas/Parser_Comparison/../benchmarks/part51/non-incremental/QF_LIA/nec-smt/small/checkpass_pwd/prp-5-17.smt2,0,0,0,失败
/pub/data/jiafq/iscas/Parser_Comparison/../benchmarks/part51/non-incremental/QF_LIA/nec-smt/small/checkpass_pwd/prp-6-18.smt2,0,0,0,失败
/pub/data/jiafq/iscas/Parser_Comparison/../benchmarks/part51/non-incremental/QF_LIA/nec-smt/small/checkpass_pwd/prp-7-18.smt2,0,0,0,失败
/pub/data/jiafq/iscas/Parser_Comparison/../benchmarks/part51/non-incremental/QF_LIA/nec-smt/small/checkpass_pwd/prp-8-18.smt2,0,0,0,失败
/pub/data/jiafq/iscas/Parser_Comparison/../benchmarks/part51/non-incremental/QF_LIA/nec-smt/small/config_read_line/prp-1-22.smt2,0,0,0,失败
/pub/data/jiafq/iscas/Parser_Comparison/../benchmarks/part51/non-incremental/QF_LIA/nec-smt/small/config_read_line/prp-1-31.smt2,0,0,0,失败
/pub/data/jiafq/iscas/Parser_Comparison/../benchmarks/part51/non-incremental/QF_LIA/nec-smt/small/int_from_list/prp-16-23.smt2,0,0,0,失败
/pub/data/jiafq/iscas/Parser_Comparison/../benchmarks/part51/non-incremental/QF_LIA/nec-smt/small/int_from_list/prp-2-17.smt2,0,0,0,失败
/pub/data/jiafq/iscas/Parser_Comparison/../benchmarks/part51/non-incremental/QF_LIA/nec-smt/small/int_from_list/prp-2-19.smt2,0,0,0,失败
/pub/data/jiafq/iscas/Parser_Comparison/../benchmarks/part51/non-incremental/QF_LIA/nec-smt/small/int_from_list/prp-3-18.smt2,0,0,0,失败
/pub/data/jiafq/iscas/Parser_Comparison/../benchmarks/part51/non-incremental/QF_LIA/nec-smt/small/int_from_list/prp-3-19.smt2,0,0,0,失败
/pub/data/jiafq/iscas/Parser_Comparison/../benchmarks/part51/non-incremental/QF_LIA/nec-smt/small/int_from_list/prp-3-20.smt2,0,0,0,失败
/pub/data/jiafq/iscas/Parser_Comparison/../benchmarks/part51/non-incremental/QF_LIA/nec-smt/small/int_from_list/prp-3-21.smt2,0,0,0,失败
/pub/data/jiafq/iscas/Parser_Comparison/../benchmarks/part51/non-incremental/QF_LIA/nec-smt/small/int_from_list/prp-4-19.smt2,0,0,0,失败
/pub/data/jiafq/iscas/Parser_Comparison/../benchmarks/part51/non-incremental/QF_LIA/nec-smt/small/int_from_list/prp-4-21.smt2,0,0,0,失败
/pub/data/jiafq/iscas/Parser_Comparison/../benchmarks/part51/non-incremental/QF_LIA/nec-smt/small/int_from_list/prp-5-20.smt2,0,0,0,失败
/pub/data/jiafq/iscas/Parser_Comparison/../benchmarks/part51/non-incremental/QF_LIA/nec-smt/small/int_from_list/prp-5-21.smt2,0,0,0,失败
/pub/data/jiafq/iscas/Parser_Comparison/../benchmarks/part51/non-incremental/QF_LIA/nec-smt/small/int_from_list/prp-5-22.smt2,0,0,0,失败
/pub/data/jiafq/iscas/Parser_Comparison/../benchmarks/part51/non-incremental/QF_LIA/nec-smt/small/int_from_list/prp-5-23.smt2,0,0,0,失败
/pub/data/jiafq/iscas/Parser_Comparison/../benchmarks/part51/non-incremental/QF_LIA/nec-smt/small/int_from_list/prp-6-22.smt2,0,0,0,失败
/pub/data/jiafq/iscas/Parser_Comparison/../benchmarks/part51/non-incremental/QF_LIA/nec-smt/small/int_from_list/prp-6-23.smt2,0,0,0,失败
/pub/data/jiafq/iscas/Parser_Comparison/../benchmarks/part51/non-incremental/QF_LIA/nec-smt/small/print_file/prp-0-46.smt2,0,0,0,失败
/pub/data/jiafq/iscas/Parser_Comparison/../benchmarks/part51/non-incremental/QF_LIA/nec-smt/small/print_file/prp-0-47.smt2,0,0,0,失败
/pub/data/jiafq/iscas/Parser_Comparison/../benchmarks/part51/non-incremental/QF_LIA/nec-smt/small/print_file/prp-1-46.smt2,0,0,0,失败
/pub/data/jiafq/iscas/Parser_Comparison/../benchmarks/part51/non-incremental/QF_LIA/nec-smt/small/print_file/prp-1-47.smt2,0,0,0,失败
/pub/data/jiafq/iscas/Parser_Comparison/../benchmarks/part51/non-incremental/QF_LIA/pb2010/normalized-1096.cudf.paranoid.smt2,0.759125,0,26,成功
/pub/data/jiafq/iscas/Parser_Comparison/../benchmarks/part51/non-incremental/QF_LIA/pb2010/normalized-j12010_10-sat.smt2,6685.99,90016,684422,成功
/pub/data/jiafq/iscas/Parser_Comparison/../benchmarks/part51/non-incremental/QF_LIA/pb2010/normalized-j12013_1-unsat.smt2,6135.21,94456,584276,成功
/pub/data/jiafq/iscas/Parser_Comparison/../benchmarks/part51/non-incremental/QF_LIA/pb2010/normalized-j12015_3-unsat.smt2,4355.72,61360,418110,成功
/pub/data/jiafq/iscas/Parser_Comparison/../benchmarks/part51/non-incremental/QF_LIA/pb2010/normalized-j12016_4-sat.smt2,21254.2,261008,2239932,成功
/pub/data/jiafq/iscas/Parser_Comparison/../benchmarks/part51/non-incremental/QF_LIA/pb2010/normalized-j1201_5-sat.smt2,11433.9,137460,1127707,成功
/pub/data/jiafq/iscas/Parser_Comparison/../benchmarks/part51/non-incremental/QF_LIA/pb2010/normalized-j12021_4-sat.smt2,13590.5,184364,1404006,成功
/pub/data/jiafq/iscas/Parser_Comparison/../benchmarks/part51/non-incremental/QF_LIA/pb2010/normalized-j12022_9-sat.smt2,11131.1,137076,1130486,成功
/pub/data/jiafq/iscas/Parser_Comparison/../benchmarks/part51/non-incremental/QF_LIA/pb2010/normalized-j12023_3-unsat.smt2,5083.11,72552,508509,成功
/pub/data/jiafq/iscas/Parser_Comparison/../benchmarks/part51/non-incremental/QF_LIA/pb2010/normalized-j12026_5-unsat.smt2,13724.5,187364,1456527,成功
/pub/data/jiafq/iscas/Parser_Comparison/../benchmarks/part51/non-incremental/QF_LIA/pb2010/normalized-j12027_7-unsat.smt2,11462.8,143380,1215220,成功
/pub/data/jiafq/iscas/Parser_Comparison/../benchmarks/part51/non-incremental/QF_LIA/pb2010/normalized-j12032_3-unsat.smt2,14068.7,186356,1467717,成功
/pub/data/jiafq/iscas/Parser_Comparison/../benchmarks/part51/non-incremental/QF_LIA/pb2010/normalized-j12032_8-unsat.smt2,13452.8,183200,1436337,成功
/pub/data/jiafq/iscas/Parser_Comparison/../benchmarks/part51/non-incremental/QF_LIA/pb2010/normalized-j12033_3-sat.smt2,11659.5,138696,1189993,成功
/pub/data/jiafq/iscas/Parser_Comparison/../benchmarks/part51/non-incremental/QF_LIA/pb2010/normalized-j12034_4-sat.smt2,10122.8,125992,1051981,成功
/pub/data/jiafq/iscas/Parser_Comparison/../benchmarks/part51/non-incremental/QF_LIA/pb2010/normalized-j12036_3-sat.smt2,24927.7,351128,2641178,成功
/pub/data/jiafq/iscas/Parser_Comparison/../benchmarks/part51/non-incremental/QF_LIA/pb2010/normalized-j12036_4-sat.smt2,28029.2,353352,2722990,成功
/pub/data/jiafq/iscas/Parser_Comparison/../benchmarks/part51/non-incremental/QF_LIA/pb2010/normalized-j12037_7-sat.smt2,17125.1,220496,1852441,成功
/pub/data/jiafq/iscas/Parser_Comparison/../benchmarks/part51/non-incremental/QF_LIA/pb2010/normalized-j12038_8-unsat.smt2,12695.8,177620,1365223,成功
/pub/data/jiafq/iscas/Parser_Comparison/../benchmarks/part51/non-incremental/QF_LIA/pb2010/normalized-j1203_2-sat.smt2,8389.65,110652,883930,成功
/pub/data/jiafq/iscas/Parser_Comparison/../benchmarks/part51/non-incremental/QF_LIA/pb2010/normalized-j12041_4-unsat.smt2,11531.9,145780,1234557,成功
/pub/data/jiafq/iscas/Parser_Comparison/../benchmarks/part51/non-incremental/QF_LIA/pb2010/normalized-j12045_10-sat.smt2,10039.9,129020,1060000,成功
/pub/data/jiafq/iscas/Parser_Comparison/../benchmarks/part51/non-incremental/QF_LIA/pb2010/normalized-j12047_10-unsat.smt2,12945.7,179452,1384997,成功
/pub/data/jiafq/iscas/Parser_Comparison/../benchmarks/part51/non-incremental/QF_LIA/pb2010/normalized-j12052_5-unsat.smt2,16561.3,214760,1777001,成功
/pub/data/jiafq/iscas/Parser_Comparison/../benchmarks/part51/non-incremental/QF_LIA/pb2010/normalized-j12056_10-unsat.smt2,26150.3,355760,2799566,成功
/pub/data/jiafq/iscas/Parser_Comparison/../benchmarks/part51/non-incremental/QF_LIA/pb2010/normalized-j12058_4-sat.smt2,16236.1,206808,1712796,成功
/pub/data/jiafq/iscas/Parser_Comparison/../benchmarks/part51/non-incremental/QF_LIA/pb2010/normalized-j1205_1-unsat.smt2,4443.87,65760,441934,成功
/pub/data/jiafq/iscas/Parser_Comparison/../benchmarks/part51/non-incremental/QF_LIA/pb2010/normalized-j1208_10-unsat.smt2,8612.82,116304,934193,成功
/pub/data/jiafq/iscas/Parser_Comparison/../benchmarks/part51/non-incremental/QF_LIA/pb2010/normalized-j1209_4-sat.smt2,8596.19,112148,903791,成功
/pub/data/jiafq/iscas/Parser_Comparison/../benchmarks/part51/non-incremental/QF_LIA/pb2010/normalized-j301_4-unsat.smt2,1413.23,22560,153670,成功
/pub/data/jiafq/iscas/Parser_Comparison/../benchmarks/part51/non-incremental/QF_LIA/pb2010/normalized-j3020_1-sat.smt2,1324.3,18428,148023,成功
/pub/data/jiafq/iscas/Parser_Comparison/../benchmarks/part51/non-incremental/QF_LIA/pb2010/normalized-j3024_4-sat.smt2,1279.27,17572,143005,成功
/pub/data/jiafq/iscas/Parser_Comparison/../benchmarks/part51/non-incremental/QF_LIA/pb2010/normalized-j3025_1-sat.smt2,2383.03,31452,261300,成功
/pub/data/jiafq/iscas/Parser_Comparison/../benchmarks/part51/non-incremental/QF_LIA/pb2010/normalized-j3025_7-sat.smt2,2417.06,32144,266704,成功
/pub/data/jiafq/iscas/Parser_Comparison/../benchmarks/part51/non-incremental/QF_LIA/pb2010/normalized-j3027_8-sat.smt2,1662.73,24104,184593,成功
/pub/data/jiafq/iscas/Parser_Comparison/../benchmarks/part51/non-incremental/QF_LIA/pb2010/normalized-j3029_6-sat.smt2,2356.71,31644,265918,成功
/pub/data/jiafq/iscas/Parser_Comparison/../benchmarks/part51/non-incremental/QF_LIA/pb2010/normalized-j3029_8-unsat.smt2,2078.47,27876,227651,成功
/pub/data/jiafq/iscas/Parser_Comparison/../benchmarks/part51/non-incremental/QF_LIA/pb2010/normalized-j3031_7-sat.smt2,1556.07,22932,174743,成功
/pub/data/jiafq/iscas/Parser_Comparison/../benchmarks/part51/non-incremental/QF_LIA/pb2010/normalized-j3037_5-sat.smt2,1993.62,27928,222563,成功
/pub/data/jiafq/iscas/Parser_Comparison/../benchmarks/part51/non-incremental/QF_LIA/pb2010/normalized-j3041_4-unsat.smt2,2091.89,27648,223316,成功
/pub/data/jiafq/iscas/Parser_Comparison/../benchmarks/part51/non-incremental/QF_LIA/pb2010/normalized-j3046_4-unsat.smt2,1683.05,23796,186268,成功
/pub/data/jiafq/iscas/Parser_Comparison/../benchmarks/part51/non-incremental/QF_LIA/pb2010/normalized-j3048_8-sat.smt2,1133.49,15836,129752,成功
/pub/data/jiafq/iscas/Parser_Comparison/../benchmarks/part51/non-incremental/QF_LIA/pb2010/normalized-j308_1-unsat.smt2,565.851,8264,51341,成功
/pub/data/jiafq/iscas/Parser_Comparison/../benchmarks/part51/non-incremental/QF_LIA/pb2010/normalized-j308_6-sat.smt2,1083.28,15624,121791,成功
/pub/data/jiafq/iscas/Parser_Comparison/../benchmarks/part51/non-incremental/QF_LIA/pb2010/normalized-j309_10-unsat.smt2,2156.43,29312,236288,成功
/pub/data/jiafq/iscas/Parser_Comparison/../benchmarks/part51/non-incremental/QF_LIA/pb2010/normalized-j309_9-sat.smt2,1574.41,23004,171845,成功
/pub/data/jiafq/iscas/Parser_Comparison/../benchmarks/part51/non-incremental/QF_LIA/pb2010/normalized-j6010_2-unsat.smt2,1448.74,23688,145991,成功
/pub/data/jiafq/iscas/Parser_Comparison/../benchmarks/part51/non-incremental/QF_LIA/pb2010/normalized-j6013_2-unsat.smt2,5341.35,65480,559654,成功
/pub/data/jiafq/iscas/Parser_Comparison/../benchmarks/part51/non-incremental/QF_LIA/pb2010/normalized-j6015_4-sat.smt2,3939.09,51260,416087,成功
/pub/data/jiafq/iscas/Parser_Comparison/../benchmarks/part51/non-incremental/QF_LIA/pb2010/normalized-j6018_3-sat.smt2,3918.85,51520,400420,成功
/pub/data/jiafq/iscas/Parser_Comparison/../benchmarks/part51/non-incremental/QF_LIA/pb2010/normalized-j6022_1-sat.smt2,3355.96,45024,343796,成功
/pub/data/jiafq/iscas/Parser_Comparison/../benchmarks/part51/non-incremental/QF_LIA/pb2010/normalized-j6027_4-unsat.smt2,1483.59,23628,150855,成功
/pub/data/jiafq/iscas/Parser_Comparison/../benchmarks/part51/non-incremental/QF_LIA/pb2010/normalized-j602_7-unsat.smt2,2539.39,32196,259498,成功
/pub/data/jiafq/iscas/Parser_Comparison/../benchmarks/part51/non-incremental/QF_LIA/pb2010/normalized-j6030_9-unsat.smt2,2362.8,36244,251328,成功
/pub/data/jiafq/iscas/Parser_Comparison/../benchmarks/part51/non-incremental/QF_LIA/pb2010/normalized-j6033_2-unsat.smt2,2670.39,37564,271087,成功
/pub/data/jiafq/iscas/Parser_Comparison/../benchmarks/part51/non-incremental/QF_LIA/pb2010/normalized-j6035_10-sat.smt2,3509.27,48684,379427,成功
/pub/data/jiafq/iscas/Parser_Comparison/../benchmarks/part51/non-incremental/QF_LIA/pb2010/normalized-j603_2-unsat.smt2,1622,25452,163166,成功
/pub/data/jiafq/iscas/Parser_Comparison/../benchmarks/part51/non-incremental/QF_LIA/pb2010/normalized-j6040_1-sat.smt2,4555.24,57844,475178,成功
/pub/data/jiafq/iscas/Parser_Comparison/../benchmarks/part51/non-incremental/QF_LIA/pb2010/normalized-j6041_4-sat.smt2,7173.99,96280,765945,成功
/pub/data/jiafq/iscas/Parser_Comparison/../benchmarks/part51/non-incremental/QF_LIA/pb2010/normalized-j6048_4-sat.smt2,3403.26,45748,364829,成功
/pub/data/jiafq/iscas/Parser_Comparison/../benchmarks/part51/non-incremental/QF_LIA/pb2010/normalized-j605_1-unsat.smt2,3621.48,50468,392351,成功
/pub/data/jiafq/iscas/Parser_Comparison/../benchmarks/part51/non-incremental/QF_LIA/pb2010/normalized-j605_10-unsat.smt2,3954.69,51600,406856,成功
/pub/data/jiafq/iscas/Parser_Comparison/../benchmarks/part51/non-incremental/QF_LIA/pb2010/normalized-j605_7-sat.smt2,3736.81,50124,391925,成功
/pub/data/jiafq/iscas/Parser_Comparison/../benchmarks/part51/non-incremental/QF_LIA/pb2010/normalized-j606_1-unsat.smt2,1350.18,23564,140431,成功
/pub/data/jiafq/iscas/Parser_Comparison/../benchmarks/part51/non-incremental/QF_LIA/pb2010/normalized-j9010_6-unsat.smt2,3435.63,51400,333110,成功
/pub/data/jiafq/iscas/Parser_Comparison/../benchmarks/part51/non-incremental/QF_LIA/pb2010/normalized-j9010_8-sat.smt2,6624.58,88592,653810,成功
/pub/data/jiafq/iscas/Parser_Comparison/../benchmarks/part51/non-incremental/QF_LIA/pb2010/normalized-j9012_2-unsat.smt2,2596.1,36880,254294,成功
/pub/data/jiafq/iscas/Parser_Comparison/../benchmarks/part51/non-incremental/QF_LIA/pb2010/normalized-j9012_5-sat.smt2,6658.71,88904,670230,成功
/pub/data/jiafq/iscas/Parser_Comparison/../benchmarks/part51/non-incremental/QF_LIA/pb2010/normalized-j9014_1-unsat.smt2,3370.58,49676,318768,成功
/pub/data/jiafq/iscas/Parser_Comparison/../benchmarks/part51/non-incremental/QF_LIA/pb2010/normalized-j9015_10-unsat.smt2,3012.07,47420,279050,成功
/pub/data/jiafq/iscas/Parser_Comparison/../benchmarks/part51/non-incremental/QF_LIA/pb2010/normalized-j9027_5-sat.smt2,8256.23,102216,825519,成功
/pub/data/jiafq/iscas/Parser_Comparison/../benchmarks/part51/non-incremental/QF_LIA/pb2010/normalized-j9028_2-unsat.smt2,2972.41,46976,288966,成功
/pub/data/jiafq/iscas/Parser_Comparison/../benchmarks/part51/non-incremental/QF_LIA/pb2010/normalized-j9035_1-unsat.smt2,7303.47,98840,777693,成功
/pub/data/jiafq/iscas/Parser_Comparison/../benchmarks/part51/non-incremental/QF_LIA/pb2010/normalized-j9035_5-sat.smt2,7638.51,104616,826083,成功
/pub/data/jiafq/iscas/Parser_Comparison/../benchmarks/part51/non-incremental/QF_LIA/pb2010/normalized-j9039_3-unsat.smt2,3222.99,49928,335864,成功
/pub/data/jiafq/iscas/Parser_Comparison/../benchmarks/part51/non-incremental/QF_LIA/pb2010/normalized-j903_10-unsat.smt2,2223.29,34224,230175,成功
/pub/data/jiafq/iscas/Parser_Comparison/../benchmarks/part51/non-incremental/QF_LIA/pb2010/normalized-j9042_5-sat.smt2,8461.68,108896,901750,成功
/pub/data/jiafq/iscas/Parser_Comparison/../benchmarks/part51/non-incremental/QF_LIA/pb2010/normalized-j9043_2-sat.smt2,7413.66,97720,780246,成功
/pub/data/jiafq/iscas/Parser_Comparison/../benchmarks/part51/non-incremental/QF_LIA/pb2010/normalized-j9048_1-unsat.smt2,3433.97,49932,336514,成功
/pub/data/jiafq/iscas/Parser_Comparison/../benchmarks/part51/non-incremental/QF_LIA/pb2010/normalized-j906_2-sat.smt2,6602.14,89404,671787,成功
/pub/data/jiafq/iscas/Parser_Comparison/../benchmarks/part51/non-incremental/QF_LIA/pb2010/normalized-j907_8-unsat.smt2,2012.27,31800,212458,成功
/pub/data/jiafq/iscas/Parser_Comparison/../benchmarks/part51/non-incremental/QF_LIA/pidgeons/pigeon-hole-10.smt2,11.0726,264,944,成功
/pub/data/jiafq/iscas/Parser_Comparison/../benchmarks/part51/non-incremental/QF_LIA/pidgeons/pigeon-hole-11.smt2,14.3352,264,1126,成功
/pub/data/jiafq/iscas/Parser_Comparison/../benchmarks/part51/non-incremental/QF_LIA/pidgeons/pigeon-hole-12.smt2,15.9345,528,1324,成功
/pub/data/jiafq/iscas/Parser_Comparison/../benchmarks/part51/non-incremental/QF_LIA/pidgeons/pigeon-hole-13.smt2,19.0899,528,1538,成功
/pub/data/jiafq/iscas/Parser_Comparison/../benchmarks/part51/non-incremental/QF_LIA/pidgeons/pigeon-hole-14.smt2,19.9587,528,1768,成功
/pub/data/jiafq/iscas/Parser_Comparison/../benchmarks/part51/non-incremental/QF_LIA/pidgeons/pigeon-hole-15.smt2,24.4701,528,2014,成功
/pub/data/jiafq/iscas/Parser_Comparison/../benchmarks/part51/non-incremental/QF_LIA/pidgeons/pigeon-hole-16.smt2,25.6183,792,2276,成功
/pub/data/jiafq/iscas/Parser_Comparison/../benchmarks/part51/non-incremental/QF_LIA/pidgeons/pigeon-hole-17.smt2,30.7887,792,2554,成功
/pub/data/jiafq/iscas/Parser_Comparison/../benchmarks/part51/non-incremental/QF_LIA/pidgeons/pigeon-hole-18.smt2,31.7767,792,2848,成功
/pub/data/jiafq/iscas/Parser_Comparison/../benchmarks/part51/non-incremental/QF_LIA/pidgeons/pigeon-hole-19.smt2,34.9252,792,3158,成功
/pub/data/jiafq/iscas/Parser_Comparison/../benchmarks/part51/non-incremental/QF_LIA/pidgeons/pigeon-hole-2.smt2,1.26123,0,64,成功
/pub/data/jiafq/iscas/Parser_Comparison/../benchmarks/part51/non-incremental/QF_LIA/pidgeons/pigeon-hole-20.smt2,39.0763,792,3484,成功
/pub/data/jiafq/iscas/Parser_Comparison/../benchmarks/part51/non-incremental/QF_LIA/pidgeons/pigeon-hole-3.smt2,1.89638,0,118,成功
/pub/data/jiafq/iscas/Parser_Comparison/../benchmarks/part51/non-incremental/QF_LIA/pidgeons/pigeon-hole-4.smt2,2.60854,0,188,成功
/pub/data/jiafq/iscas/Parser_Comparison/../benchmarks/part51/non-incremental/QF_LIA/pidgeons/pigeon-hole-5.smt2,4.32944,264,274,成功
/pub/data/jiafq/iscas/Parser_Comparison/../benchmarks/part51/non-incremental/QF_LIA/pidgeons/pigeon-hole-6.smt2,5.45168,264,376,成功
/pub/data/jiafq/iscas/Parser_Comparison/../benchmarks/part51/non-incremental/QF_LIA/pidgeons/pigeon-hole-7.smt2,6.40273,264,494,成功
/pub/data/jiafq/iscas/Parser_Comparison/../benchmarks/part51/non-incremental/QF_LIA/pidgeons/pigeon-hole-8.smt2,8.45742,264,628,成功
/pub/data/jiafq/iscas/Parser_Comparison/../benchmarks/part51/non-incremental/QF_LIA/pidgeons/pigeon-hole-9.smt2,9.31716,264,778,成功
/pub/data/jiafq/iscas/Parser_Comparison/../benchmarks/part51/non-incremental/QF_LIA/prime-cone/prime_cone_sat_10.smt2,4.83108,264,374,成功
/pub/data/jiafq/iscas/Parser_Comparison/../benchmarks/part51/non-incremental/QF_LIA/prime-cone/prime_cone_sat_11.smt2,5.02515,264,444,成功
/pub/data/jiafq/iscas/Parser_Comparison/../benchmarks/part51/non-incremental/QF_LIA/prime-cone/prime_cone_sat_12.smt2,5.99694,264,520,成功
/pub/data/jiafq/iscas/Parser_Comparison/../benchmarks/part51/non-incremental/QF_LIA/prime-cone/prime_cone_sat_13.smt2,6.1543,264,602,成功
/pub/data/jiafq/iscas/Parser_Comparison/../benchmarks/part51/non-incremental/QF_LIA/prime-cone/prime_cone_sat_14.smt2,7.29156,264,690,成功
/pub/data/jiafq/iscas/Parser_Comparison/../benchmarks/part51/non-incremental/QF_LIA/prime-cone/prime_cone_sat_15.smt2,7.57647,264,784,成功
/pub/data/jiafq/iscas/Parser_Comparison/../benchmarks/part51/non-incremental/QF_LIA/prime-cone/prime_cone_sat_16.smt2,8.89015,264,884,成功
/pub/data/jiafq/iscas/Parser_Comparison/../benchmarks/part51/non-incremental/QF_LIA/prime-cone/prime_cone_sat_17.smt2,9.79042,264,990,成功
/pub/data/jiafq/iscas/Parser_Comparison/../benchmarks/part51/non-incremental/QF_LIA/prime-cone/prime_cone_sat_18.smt2,10.0458,264,1102,成功
/pub/data/jiafq/iscas/Parser_Comparison/../benchmarks/part51/non-incremental/QF_LIA/prime-cone/prime_cone_sat_19.smt2,11.5047,264,1220,成功
/pub/data/jiafq/iscas/Parser_Comparison/../benchmarks/part51/non-incremental/QF_LIA/prime-cone/prime_cone_sat_2.smt2,0.919819,0,30,成功
/pub/data/jiafq/iscas/Parser_Comparison/../benchmarks/part51/non-incremental/QF_LIA/prime-cone/prime_cone_sat_20.smt2,11.8759,264,1344,成功
/pub/data/jiafq/iscas/Parser_Comparison/../benchmarks/part51/non-incremental/QF_LIA/prime-cone/prime_cone_sat_3.smt2,1.20807,0,52,成功
/pub/data/jiafq/iscas/Parser_Comparison/../benchmarks/part51/non-incremental/QF_LIA/prime-cone/prime_cone_sat_4.smt2,1.49417,0,80,成功
/pub/data/jiafq/iscas/Parser_Comparison/../benchmarks/part51/non-incremental/QF_LIA/prime-cone/prime_cone_sat_5.smt2,1.84965,0,114,成功
/pub/data/jiafq/iscas/Parser_Comparison/../benchmarks/part51/non-incremental/QF_LIA/prime-cone/prime_cone_sat_6.smt2,2.16937,0,154,成功
/pub/data/jiafq/iscas/Parser_Comparison/../benchmarks/part51/non-incremental/QF_LIA/prime-cone/prime_cone_sat_7.smt2,2.62809,0,200,成功
/pub/data/jiafq/iscas/Parser_Comparison/../benchmarks/part51/non-incremental/QF_LIA/prime-cone/prime_cone_sat_8.smt2,2.97952,0,252,成功
/pub/data/jiafq/iscas/Parser_Comparison/../benchmarks/part51/non-incremental/QF_LIA/prime-cone/prime_cone_sat_9.smt2,3.59273,0,310,成功
/pub/data/jiafq/iscas/Parser_Comparison/../benchmarks/part51/non-incremental/QF_LIA/prime-cone/prime_cone_unsat_10.smt2,4.89235,264,387,成功
/pub/data/jiafq/iscas/Parser_Comparison/../benchmarks/part51/non-incremental/QF_LIA/prime-cone/prime_cone_unsat_11.smt2,5.43904,264,458,成功
/pub/data/jiafq/iscas/Parser_Comparison/../benchmarks/part51/non-incremental/QF_LIA/prime-cone/prime_cone_unsat_12.smt2,6.04773,264,535,成功
/pub/data/jiafq/iscas/Parser_Comparison/../benchmarks/part51/non-incremental/QF_LIA/prime-cone/prime_cone_unsat_13.smt2,6.72293,264,618,成功
/pub/data/jiafq/iscas/Parser_Comparison/../benchmarks/part51/non-incremental/QF_LIA/prime-cone/prime_cone_unsat_14.smt2,7.47442,264,707,成功
/pub/data/jiafq/iscas/Parser_Comparison/../benchmarks/part51/non-incremental/QF_LIA/prime-cone/prime_cone_unsat_15.smt2,8.19969,264,802,成功
/pub/data/jiafq/iscas/Parser_Comparison/../benchmarks/part51/non-incremental/QF_LIA/prime-cone/prime_cone_unsat_16.smt2,8.955,264,903,成功
/pub/data/jiafq/iscas/Parser_Comparison/../benchmarks/part51/non-incremental/QF_LIA/prime-cone/prime_cone_unsat_17.smt2,9.87148,264,1010,成功
/pub/data/jiafq/iscas/Parser_Comparison/../benchmarks/part51/non-incremental/QF_LIA/prime-cone/prime_cone_unsat_18.smt2,10.6468,264,1123,成功
/pub/data/jiafq/iscas/Parser_Comparison/../benchmarks/part51/non-incremental/QF_LIA/prime-cone/prime_cone_unsat_19.smt2,11.6277,264,1242,成功
/pub/data/jiafq/iscas/Parser_Comparison/../benchmarks/part51/non-incremental/QF_LIA/prime-cone/prime_cone_unsat_20.smt2,12.5544,264,1367,成功
/pub/data/jiafq/iscas/Parser_Comparison/../benchmarks/part51/non-incremental/QF_LIA/prime-cone/prime_cone_unsat_3.smt2,1.40047,0,58,成功
/pub/data/jiafq/iscas/Parser_Comparison/../benchmarks/part51/non-incremental/QF_LIA/prime-cone/prime_cone_unsat_4.smt2,1.54018,0,87,成功
/pub/data/jiafq/iscas/Parser_Comparison/../benchmarks/part51/non-incremental/QF_LIA/prime-cone/prime_cone_unsat_5.smt2,1.88613,0,122,成功
/pub/data/jiafq/iscas/Parser_Comparison/../benchmarks/part51/non-incremental/QF_LIA/prime-cone/prime_cone_unsat_6.smt2,2.24113,0,163,成功
/pub/data/jiafq/iscas/Parser_Comparison/../benchmarks/part51/non-incremental/QF_LIA/prime-cone/prime_cone_unsat_7.smt2,2.70009,0,210,成功
/pub/data/jiafq/iscas/Parser_Comparison/../benchmarks/part51/non-incremental/QF_LIA/prime-cone/prime_cone_unsat_8.smt2,3.16095,0,263,成功
/pub/data/jiafq/iscas/Parser_Comparison/../benchmarks/part51/non-incremental/QF_LIA/prime-cone/prime_cone_unsat_9.smt2,3.70908,0,322,成功
/pub/data/jiafq/iscas/Parser_Comparison/../benchmarks/part51/non-incremental/QF_LIA/rings/ring_2exp10_3vars_0ite_unsat.smt2,4.30822,264,560,成功
/pub/data/jiafq/iscas/Parser_Comparison/../benchmarks/part51/non-incremental/QF_LIA/rings/ring_2exp10_3vars_1ite_unsat.smt2,4.29535,264,702,成功
/pub/data/jiafq/iscas/Parser_Comparison/../benchmarks/part51/non-incremental/QF_LIA/rings/ring_2exp10_3vars_2ite_unsat.smt2,4.09532,264,790,成功
/pub/data/jiafq/iscas/Parser_Comparison/../benchmarks/part51/non-incremental/QF_LIA/rings/ring_2exp10_4vars_0ite_unsat.smt2,5.99051,264,978,成功
/pub/data/jiafq/iscas/Parser_Comparison/../benchmarks/part51/non-incremental/QF_LIA/rings/ring_2exp10_4vars_1ite_unsat.smt2,6.03843,264,1228,成功
/pub/data/jiafq/iscas/Parser_Comparison/../benchmarks/part51/non-incremental/QF_LIA/rings/ring_2exp10_4vars_2ite_unsat.smt2,5.70107,264,1316,成功
/pub/data/jiafq/iscas/Parser_Comparison/../benchmarks/part51/non-incremental/QF_LIA/rings/ring_2exp10_4vars_3ite_unsat.smt2,5.76973,264,2568,成功
/pub/data/jiafq/iscas/Parser_Comparison/../benchmarks/part51/non-incremental/QF_LIA/rings/ring_2exp10_5vars_0ite_unsat.smt2,7.76386,264,1486,成功
/pub/data/jiafq/iscas/Parser_Comparison/../benchmarks/part51/non-incremental/QF_LIA/rings/ring_2exp10_5vars_1ite_unsat.smt2,7.6499,264,1844,成功
/pub/data/jiafq/iscas/Parser_Comparison/../benchmarks/part51/non-incremental/QF_LIA/rings/ring_2exp10_5vars_2ite_unsat.smt2,7.39169,264,1986,成功
/pub/data/jiafq/iscas/Parser_Comparison/../benchmarks/part51/non-incremental/QF_LIA/rings/ring_2exp10_5vars_3ite_unsat.smt2,7.42769,264,4066,成功
/pub/data/jiafq/iscas/Parser_Comparison/../benchmarks/part51/non-incremental/QF_LIA/rings/ring_2exp10_5vars_4ite_unsat.smt2,7.59602,264,4308,成功
/pub/data/jiafq/iscas/Parser_Comparison/../benchmarks/part51/non-incremental/QF_LIA/rings/ring_2exp10_6vars_0ite_unsat.smt2,9.57465,264,2084,成功
/pub/data/jiafq/iscas/Parser_Comparison/../benchmarks/part51/non-incremental/QF_LIA/rings/ring_2exp10_6vars_1ite_unsat.smt2,9.31883,264,2550,成功
/pub/data/jiafq/iscas/Parser_Comparison/../benchmarks/part51/non-incremental/QF_LIA/rings/ring_2exp10_6vars_2ite_unsat.smt2,9.54032,264,2692,成功
/pub/data/jiafq/iscas/Parser_Comparison/../benchmarks/part51/non-incremental/QF_LIA/rings/ring_2exp10_6vars_3ite_unsat.smt2,9.269,264,5600,成功
/pub/data/jiafq/iscas/Parser_Comparison/../benchmarks/part51/non-incremental/QF_LIA/rings/ring_2exp10_6vars_4ite_unsat.smt2,9.55629,264,5962,成功
/pub/data/jiafq/iscas/Parser_Comparison/../benchmarks/part51/non-incremental/QF_LIA/rings/ring_2exp10_6vars_5ite_unsat.smt2,9.12619,264,17192,成功
/pub/data/jiafq/iscas/Parser_Comparison/../benchmarks/part51/non-incremental/QF_LIA/rings/ring_2exp10_7vars_0ite_unsat.smt2,11.5206,264,2754,成功
/pub/data/jiafq/iscas/Parser_Comparison/../benchmarks/part51/non-incremental/QF_LIA/rings/ring_2exp10_7vars_1ite_unsat.smt2,11.2917,264,3328,成功
/pub/data/jiafq/iscas/Parser_Comparison/../benchmarks/part51/non-incremental/QF_LIA/rings/ring_2exp10_7vars_2ite_unsat.smt2,11.7402,264,3470,成功
/pub/data/jiafq/iscas/Parser_Comparison/../benchmarks/part51/non-incremental/QF_LIA/rings/ring_2exp10_7vars_3ite_unsat.smt2,11.6541,264,7206,成功
/pub/data/jiafq/iscas/Parser_Comparison/../benchmarks/part51/non-incremental/QF_LIA/rings/ring_2exp10_7vars_4ite_unsat.smt2,11.6818,264,7568,成功
/pub/data/jiafq/iscas/Parser_Comparison/../benchmarks/part51/non-incremental/QF_LIA/rings/ring_2exp10_7vars_5ite_unsat.smt2,11.8601,264,23226,成功
/pub/data/jiafq/iscas/Parser_Comparison/../benchmarks/part51/non-incremental/QF_LIA/rings/ring_2exp10_7vars_6ite_unsat.smt2,11.893,264,24028,成功
/pub/data/jiafq/iscas/Parser_Comparison/../benchmarks/part51/non-incremental/QF_LIA/rings/ring_2exp10_8vars_0ite_unsat.smt2,13.355,264,3496,成功
/pub/data/jiafq/iscas/Parser_Comparison/../benchmarks/part51/non-incremental/QF_LIA/rings/ring_2exp10_8vars_1ite_unsat.smt2,13.8178,264,4178,成功
/pub/data/jiafq/iscas/Parser_Comparison/../benchmarks/part51/non-incremental/QF_LIA/rings/ring_2exp10_8vars_2ite_unsat.smt2,13.6421,264,4320,成功
/pub/data/jiafq/iscas/Parser_Comparison/../benchmarks/part51/non-incremental/QF_LIA/rings/ring_2exp10_8vars_3ite_unsat.smt2,13.8659,264,8884,成功
/pub/data/jiafq/iscas/Parser_Comparison/../benchmarks/part51/non-incremental/QF_LIA/rings/ring_2exp10_8vars_4ite_unsat.smt2,13.7274,264,9246,成功
/pub/data/jiafq/iscas/Parser_Comparison/../benchmarks/part51/non-incremental/QF_LIA/rings/ring_2exp10_8vars_5ite_unsat.smt2,13.9449,264,29332,成功
/pub/data/jiafq/iscas/Parser_Comparison/../benchmarks/part51/non-incremental/QF_LIA/rings/ring_2exp10_8vars_6ite_unsat.smt2,14.1907,264,30134,成功
/pub/data/jiafq/iscas/Parser_Comparison/../benchmarks/part51/non-incremental/QF_LIA/rings/ring_2exp10_8vars_7ite_unsat.smt2,14.1938,264,109542,成功
/pub/data/jiafq/iscas/Parser_Comparison/../benchmarks/part51/non-incremental/QF_LIA/rings/ring_2exp10_9vars_0ite_unsat.smt2,15.9132,528,4328,成功
/pub/data/jiafq/iscas/Parser_Comparison/../benchmarks/part51/non-incremental/QF_LIA/rings/ring_2exp10_9vars_1ite_unsat.smt2,16.1848,528,5118,成功
/pub/data/jiafq/iscas/Parser_Comparison/../benchmarks/part51/non-incremental/QF_LIA/rings/ring_2exp10_9vars_2ite_unsat.smt2,14.9176,528,5314,成功
/pub/data/jiafq/iscas/Parser_Comparison/../benchmarks/part51/non-incremental/QF_LIA/rings/ring_2exp10_9vars_3ite_unsat.smt2,16.2957,528,10706,成功
/pub/data/jiafq/iscas/Parser_Comparison/../benchmarks/part51/non-incremental/QF_LIA/rings/ring_2exp10_9vars_4ite_unsat.smt2,14.991,528,11068,成功
/pub/data/jiafq/iscas/Parser_Comparison/../benchmarks/part51/non-incremental/QF_LIA/rings/ring_2exp10_9vars_5ite_unsat.smt2,16.3722,528,35582,成功
/pub/data/jiafq/iscas/Parser_Comparison/../benchmarks/part51/non-incremental/QF_LIA/rings/ring_2exp10_9vars_6ite_unsat.smt2,15.5005,528,36384,成功
/pub/data/jiafq/iscas/Parser_Comparison/../benchmarks/part51/non-incremental/QF_LIA/rings/ring_2exp10_9vars_7ite_unsat.smt2,16.7825,528,138220,成功
/pub/data/jiafq/iscas/Parser_Comparison/../benchmarks/part51/non-incremental/QF_LIA/rings/ring_2exp10_9vars_8ite_unsat.smt2,17.611,528,139902,成功
/pub/data/jiafq/iscas/Parser_Comparison/../benchmarks/part51/non-incremental/QF_LIA/rings/ring_2exp12_3vars_0ite_unsat.smt2,4.18425,264,560,成功
/pub/data/jiafq/iscas/Parser_Comparison/../benchmarks/part51/non-incremental/QF_LIA/rings/ring_2exp12_3vars_1ite_unsat.smt2,4.39835,264,702,成功
/pub/data/jiafq/iscas/Parser_Comparison/../benchmarks/part51/non-incremental/QF_LIA/rings/ring_2exp12_3vars_2ite_unsat.smt2,3.96824,264,790,成功
/pub/data/jiafq/iscas/Parser_Comparison/../benchmarks/part51/non-incremental/QF_LIA/rings/ring_2exp12_4vars_0ite_unsat.smt2,5.98645,264,978,成功
/pub/data/jiafq/iscas/Parser_Comparison/../benchmarks/part51/non-incremental/QF_LIA/rings/ring_2exp12_4vars_1ite_unsat.smt2,5.78094,264,1228,成功
/pub/data/jiafq/iscas/Parser_Comparison/../benchmarks/part51/non-incremental/QF_LIA/rings/ring_2exp12_4vars_2ite_unsat.smt2,5.95355,264,1316,成功
/pub/data/jiafq/iscas/Parser_Comparison/../benchmarks/part51/non-incremental/QF_LIA/rings/ring_2exp12_4vars_3ite_unsat.smt2,5.56946,264,2568,成功
/pub/data/jiafq/iscas/Parser_Comparison/../benchmarks/part51/non-incremental/QF_LIA/rings/ring_2exp12_5vars_0ite_unsat.smt2,7.74789,264,1486,成功
/pub/data/jiafq/iscas/Parser_Comparison/../benchmarks/part51/non-incremental/QF_LIA/rings/ring_2exp12_5vars_1ite_unsat.smt2,7.38788,264,1844,成功
/pub/data/jiafq/iscas/Parser_Comparison/../benchmarks/part51/non-incremental/QF_LIA/rings/ring_2exp12_5vars_2ite_unsat.smt2,7.73549,264,1986,成功
/pub/data/jiafq/iscas/Parser_Comparison/../benchmarks/part51/non-incremental/QF_LIA/rings/ring_2exp12_5vars_3ite_unsat.smt2,7.33995,264,4066,成功
/pub/data/jiafq/iscas/Parser_Comparison/../benchmarks/part51/non-incremental/QF_LIA/rings/ring_2exp12_5vars_4ite_unsat.smt2,7.72762,264,4308,成功
/pub/data/jiafq/iscas/Parser_Comparison/../benchmarks/part51/non-incremental/QF_LIA/rings/ring_2exp12_6vars_0ite_unsat.smt2,9.04465,264,2084,成功
/pub/data/jiafq/iscas/Parser_Comparison/../benchmarks/part51/non-incremental/QF_LIA/rings/ring_2exp12_6vars_1ite_unsat.smt2,10.0963,264,2550,成功
/pub/data/jiafq/iscas/Parser_Comparison/../benchmarks/part51/non-incremental/QF_LIA/rings/ring_2exp12_6vars_2ite_unsat.smt2,9.42874,264,2692,成功
/pub/data/jiafq/iscas/Parser_Comparison/../benchmarks/part51/non-incremental/QF_LIA/rings/ring_2exp12_6vars_3ite_unsat.smt2,9.79614,264,5600,成功
/pub/data/jiafq/iscas/Parser_Comparison/../benchmarks/part51/non-incremental/QF_LIA/rings/ring_2exp12_6vars_4ite_unsat.smt2,9.09019,264,5962,成功
/pub/data/jiafq/iscas/Parser_Comparison/../benchmarks/part51/non-incremental/QF_LIA/rings/ring_2exp12_6vars_5ite_unsat.smt2,9.63736,264,17192,成功
/pub/data/jiafq/iscas/Parser_Comparison/../benchmarks/part51/non-incremental/QF_LIA/rings/ring_2exp12_7vars_0ite_unsat.smt2,10.9394,264,2754,成功
/pub/data/jiafq/iscas/Parser_Comparison/../benchmarks/part51/non-incremental/QF_LIA/rings/ring_2exp12_7vars_1ite_unsat.smt2,11.9534,264,3328,成功
/pub/data/jiafq/iscas/Parser_Comparison/../benchmarks/part51/non-incremental/QF_LIA/rings/ring_2exp12_7vars_2ite_unsat.smt2,10.9677,264,3470,成功
/pub/data/jiafq/iscas/Parser_Comparison/../benchmarks/part51/non-incremental/QF_LIA/rings/ring_2exp12_7vars_3ite_unsat.smt2,11.8539,264,7206,成功
/pub/data/jiafq/iscas/Parser_Comparison/../benchmarks/part51/non-incremental/QF_LIA/rings/ring_2exp12_7vars_4ite_unsat.smt2,11.3397,264,7568,成功
/pub/data/jiafq/iscas/Parser_Comparison/../benchmarks/part51/non-incremental/QF_LIA/rings/ring_2exp12_7vars_5ite_unsat.smt2,11.848,264,23226,成功
/pub/data/jiafq/iscas/Parser_Comparison/../benchmarks/part51/non-incremental/QF_LIA/rings/ring_2exp12_7vars_6ite_unsat.smt2,11.122,264,24028,成功
/pub/data/jiafq/iscas/Parser_Comparison/../benchmarks/part51/non-incremental/QF_LIA/rings/ring_2exp12_8vars_0ite_unsat.smt2,12.9774,264,3496,成功
/pub/data/jiafq/iscas/Parser_Comparison/../benchmarks/part51/non-incremental/QF_LIA/rings/ring_2exp12_8vars_1ite_unsat.smt2,12.9409,264,4178,成功
/pub/data/jiafq/iscas/Parser_Comparison/../benchmarks/part51/non-incremental/QF_LIA/rings/ring_2exp12_8vars_2ite_unsat.smt2,13.1845,264,4320,成功
/pub/data/jiafq/iscas/Parser_Comparison/../benchmarks/part51/non-incremental/QF_LIA/rings/ring_2exp12_8vars_3ite_unsat.smt2,13.0498,264,8884,成功
/pub/data/jiafq/iscas/Parser_Comparison/../benchmarks/part51/non-incremental/QF_LIA/rings/ring_2exp12_8vars_4ite_unsat.smt2,13.4008,264,9246,成功
/pub/data/jiafq/iscas/Parser_Comparison/../benchmarks/part51/non-incremental/QF_LIA/rings/ring_2exp12_8vars_5ite_unsat.smt2,12.9473,264,29332,成功
/pub/data/jiafq/iscas/Parser_Comparison/../benchmarks/part51/non-incremental/QF_LIA/rings/ring_2exp12_8vars_6ite_unsat.smt2,13.7157,264,30134,成功
/pub/data/jiafq/iscas/Parser_Comparison/../benchmarks/part51/non-incremental/QF_LIA/rings/ring_2exp12_8vars_7ite_unsat.smt2,13.783,264,109542,成功
/pub/data/jiafq/iscas/Parser_Comparison/../benchmarks/part51/non-incremental/QF_LIA/rings/ring_2exp12_9vars_0ite_unsat.smt2,14.7533,528,4328,成功
/pub/data/jiafq/iscas/Parser_Comparison/../benchmarks/part51/non-incremental/QF_LIA/rings/ring_2exp12_9vars_1ite_unsat.smt2,15.3396,528,5118,成功
/pub/data/jiafq/iscas/Parser_Comparison/../benchmarks/part51/non-incremental/QF_LIA/rings/ring_2exp12_9vars_2ite_unsat.smt2,15.2075,528,5314,成功
/pub/data/jiafq/iscas/Parser_Comparison/../benchmarks/part51/non-incremental/QF_LIA/rings/ring_2exp12_9vars_3ite_unsat.smt2,15.5561,528,10706,成功
/pub/data/jiafq/iscas/Parser_Comparison/../benchmarks/part51/non-incremental/QF_LIA/rings/ring_2exp12_9vars_4ite_unsat.smt2,15.2233,528,11068,成功
/pub/data/jiafq/iscas/Parser_Comparison/../benchmarks/part51/non-incremental/QF_LIA/rings/ring_2exp12_9vars_5ite_unsat.smt2,15.8105,528,35582,成功
/pub/data/jiafq/iscas/Parser_Comparison/../benchmarks/part51/non-incremental/QF_LIA/rings/ring_2exp12_9vars_6ite_unsat.smt2,15.6715,528,36384,成功
/pub/data/jiafq/iscas/Parser_Comparison/../benchmarks/part51/non-incremental/QF_LIA/rings/ring_2exp12_9vars_7ite_unsat.smt2,16.2277,528,138220,成功
/pub/data/jiafq/iscas/Parser_Comparison/../benchmarks/part51/non-incremental/QF_LIA/rings/ring_2exp12_9vars_8ite_unsat.smt2,16.9353,528,139902,成功
/pub/data/jiafq/iscas/Parser_Comparison/../benchmarks/part51/non-incremental/QF_LIA/rings/ring_2exp14_3vars_0ite_unsat.smt2,4.1647,264,560,成功
/pub/data/jiafq/iscas/Parser_Comparison/../benchmarks/part51/non-incremental/QF_LIA/rings/ring_2exp14_3vars_1ite_unsat.smt2,4.13179,264,702,成功
/pub/data/jiafq/iscas/Parser_Comparison/../benchmarks/part51/non-incremental/QF_LIA/rings/ring_2exp14_3vars_2ite_unsat.smt2,3.89385,264,790,成功
/pub/data/jiafq/iscas/Parser_Comparison/../benchmarks/part51/non-incremental/QF_LIA/rings/ring_2exp14_4vars_0ite_unsat.smt2,5.64146,264,978,成功
/pub/data/jiafq/iscas/Parser_Comparison/../benchmarks/part51/non-incremental/QF_LIA/rings/ring_2exp14_4vars_1ite_unsat.smt2,5.85032,264,1228,成功
/pub/data/jiafq/iscas/Parser_Comparison/../benchmarks/part51/non-incremental/QF_LIA/rings/ring_2exp14_4vars_2ite_unsat.smt2,5.46861,264,1316,成功
/pub/data/jiafq/iscas/Parser_Comparison/../benchmarks/part51/non-incremental/QF_LIA/rings/ring_2exp14_4vars_3ite_unsat.smt2,5.52535,264,2568,成功
/pub/data/jiafq/iscas/Parser_Comparison/../benchmarks/part51/non-incremental/QF_LIA/rings/ring_2exp14_5vars_0ite_unsat.smt2,7.43103,264,1486,成功
/pub/data/jiafq/iscas/Parser_Comparison/../benchmarks/part51/non-incremental/QF_LIA/rings/ring_2exp14_5vars_1ite_unsat.smt2,7.31444,264,1844,成功
/pub/data/jiafq/iscas/Parser_Comparison/../benchmarks/part51/non-incremental/QF_LIA/rings/ring_2exp14_5vars_2ite_unsat.smt2,7.29847,264,1986,成功
/pub/data/jiafq/iscas/Parser_Comparison/../benchmarks/part51/non-incremental/QF_LIA/rings/ring_2exp14_5vars_3ite_unsat.smt2,7.19142,264,4066,成功
/pub/data/jiafq/iscas/Parser_Comparison/../benchmarks/part51/non-incremental/QF_LIA/rings/ring_2exp14_5vars_4ite_unsat.smt2,7.34878,264,4308,成功
/pub/data/jiafq/iscas/Parser_Comparison/../benchmarks/part51/non-incremental/QF_LIA/rings/ring_2exp14_6vars_0ite_unsat.smt2,8.93211,264,2084,成功
/pub/data/jiafq/iscas/Parser_Comparison/../benchmarks/part51/non-incremental/QF_LIA/rings/ring_2exp14_6vars_1ite_unsat.smt2,9.28473,264,2550,成功
/pub/data/jiafq/iscas/Parser_Comparison/../benchmarks/part51/non-incremental/QF_LIA/rings/ring_2exp14_6vars_2ite_unsat.smt2,8.83698,264,2692,成功
/pub/data/jiafq/iscas/Parser_Comparison/../benchmarks/part51/non-incremental/QF_LIA/rings/ring_2exp14_6vars_3ite_unsat.smt2,9.29952,264,5600,成功
/pub/data/jiafq/iscas/Parser_Comparison/../benchmarks/part51/non-incremental/QF_LIA/rings/ring_2exp14_6vars_4ite_unsat.smt2,8.98981,264,5962,成功
/pub/data/jiafq/iscas/Parser_Comparison/../benchmarks/part51/non-incremental/QF_LIA/rings/ring_2exp14_6vars_5ite_unsat.smt2,9.22942,264,17192,成功
/pub/data/jiafq/iscas/Parser_Comparison/../benchmarks/part51/non-incremental/QF_LIA/rings/ring_2exp14_7vars_0ite_unsat.smt2,10.7458,264,2754,成功
/pub/data/jiafq/iscas/Parser_Comparison/../benchmarks/part51/non-incremental/QF_LIA/rings/ring_2exp14_7vars_1ite_unsat.smt2,11.2388,264,3328,成功
/pub/data/jiafq/iscas/Parser_Comparison/../benchmarks/part51/non-incremental/QF_LIA/rings/ring_2exp14_7vars_2ite_unsat.smt2,10.9487,264,3470,成功
/pub/data/jiafq/iscas/Parser_Comparison/../benchmarks/part51/non-incremental/QF_LIA/rings/ring_2exp14_7vars_3ite_unsat.smt2,11.2007,264,7206,成功
/pub/data/jiafq/iscas/Parser_Comparison/../benchmarks/part51/non-incremental/QF_LIA/rings/ring_2exp14_7vars_4ite_unsat.smt2,11.044,264,7568,成功
/pub/data/jiafq/iscas/Parser_Comparison/../benchmarks/part51/non-incremental/QF_LIA/rings/ring_2exp14_7vars_5ite_unsat.smt2,11.2493,264,23226,成功
/pub/data/jiafq/iscas/Parser_Comparison/../benchmarks/part51/non-incremental/QF_LIA/rings/ring_2exp14_7vars_6ite_unsat.smt2,11.1172,264,24028,成功
/pub/data/jiafq/iscas/Parser_Comparison/../benchmarks/part51/non-incremental/QF_LIA/rings/ring_2exp14_8vars_0ite_unsat.smt2,12.7332,264,3496,成功
/pub/data/jiafq/iscas/Parser_Comparison/../benchmarks/part51/non-incremental/QF_LIA/rings/ring_2exp14_8vars_1ite_unsat.smt2,13.0239,264,4178,成功
/pub/data/jiafq/iscas/Parser_Comparison/../benchmarks/part51/non-incremental/QF_LIA/rings/ring_2exp14_8vars_2ite_unsat.smt2,12.7506,264,4320,成功
/pub/data/jiafq/iscas/Parser_Comparison/../benchmarks/part51/non-incremental/QF_LIA/rings/ring_2exp14_8vars_3ite_unsat.smt2,12.9189,264,8884,成功
/pub/data/jiafq/iscas/Parser_Comparison/../benchmarks/part51/non-incremental/QF_LIA/rings/ring_2exp14_8vars_4ite_unsat.smt2,13.0818,264,9246,成功
/pub/data/jiafq/iscas/Parser_Comparison/../benchmarks/part51/non-incremental/QF_LIA/rings/ring_2exp14_8vars_5ite_unsat.smt2,14.6611,264,29332,成功
/pub/data/jiafq/iscas/Parser_Comparison/../benchmarks/part51/non-incremental/QF_LIA/rings/ring_2exp14_8vars_6ite_unsat.smt2,13.6335,264,30134,成功
/pub/data/jiafq/iscas/Parser_Comparison/../benchmarks/part51/non-incremental/QF_LIA/rings/ring_2exp14_8vars_7ite_unsat.smt2,13.344,264,109542,成功
/pub/data/jiafq/iscas/Parser_Comparison/../benchmarks/part51/non-incremental/QF_LIA/rings/ring_2exp14_9vars_0ite_unsat.smt2,14.8456,528,4328,成功
/pub/data/jiafq/iscas/Parser_Comparison/../benchmarks/part51/non-incremental/QF_LIA/rings/ring_2exp14_9vars_1ite_unsat.smt2,15.3971,528,5118,成功
/pub/data/jiafq/iscas/Parser_Comparison/../benchmarks/part51/non-incremental/QF_LIA/rings/ring_2exp14_9vars_2ite_unsat.smt2,15.1184,528,5314,成功
/pub/data/jiafq/iscas/Parser_Comparison/../benchmarks/part51/non-incremental/QF_LIA/rings/ring_2exp14_9vars_3ite_unsat.smt2,15.465,528,10706,成功
/pub/data/jiafq/iscas/Parser_Comparison/../benchmarks/part51/non-incremental/QF_LIA/rings/ring_2exp14_9vars_4ite_unsat.smt2,15.234,528,11068,成功
/pub/data/jiafq/iscas/Parser_Comparison/../benchmarks/part51/non-incremental/QF_LIA/rings/ring_2exp14_9vars_5ite_unsat.smt2,15.5406,528,35582,成功
/pub/data/jiafq/iscas/Parser_Comparison/../benchmarks/part51/non-incremental/QF_LIA/rings/ring_2exp14_9vars_6ite_unsat.smt2,15.62,528,36384,成功
/pub/data/jiafq/iscas/Parser_Comparison/../benchmarks/part51/non-incremental/QF_LIA/rings/ring_2exp14_9vars_7ite_unsat.smt2,16.144,528,138220,成功
/pub/data/jiafq/iscas/Parser_Comparison/../benchmarks/part51/non-incremental/QF_LIA/rings/ring_2exp14_9vars_8ite_unsat.smt2,16.4628,528,139902,成功
/pub/data/jiafq/iscas/Parser_Comparison/../benchmarks/part51/non-incremental/QF_LIA/rings/ring_2exp16_3vars_0ite_unsat.smt2,4.20427,264,560,成功
/pub/data/jiafq/iscas/Parser_Comparison/../benchmarks/part51/non-incremental/QF_LIA/rings/ring_2exp16_3vars_1ite_unsat.smt2,3.98159,264,702,成功
/pub/data/jiafq/iscas/Parser_Comparison/../benchmarks/part51/non-incremental/QF_LIA/rings/ring_2exp16_3vars_2ite_unsat.smt2,4.14252,264,790,成功
/pub/data/jiafq/iscas/Parser_Comparison/../benchmarks/part51/non-incremental/QF_LIA/rings/ring_2exp16_4vars_0ite_unsat.smt2,5.68056,264,978,成功
/pub/data/jiafq/iscas/Parser_Comparison/../benchmarks/part51/non-incremental/QF_LIA/rings/ring_2exp16_4vars_1ite_unsat.smt2,5.88107,264,1228,成功
/pub/data/jiafq/iscas/Parser_Comparison/../benchmarks/part51/non-incremental/QF_LIA/rings/ring_2exp16_4vars_2ite_unsat.smt2,5.46455,264,1316,成功
/pub/data/jiafq/iscas/Parser_Comparison/../benchmarks/part51/non-incremental/QF_LIA/rings/ring_2exp16_4vars_3ite_unsat.smt2,5.74279,264,2568,成功
/pub/data/jiafq/iscas/Parser_Comparison/../benchmarks/part51/non-incremental/QF_LIA/rings/ring_2exp16_5vars_0ite_unsat.smt2,7.31063,264,1486,成功
/pub/data/jiafq/iscas/Parser_Comparison/../benchmarks/part51/non-incremental/QF_LIA/rings/ring_2exp16_5vars_1ite_unsat.smt2,7.86781,264,1844,成功
/pub/data/jiafq/iscas/Parser_Comparison/../benchmarks/part51/non-incremental/QF_LIA/rings/ring_2exp16_5vars_2ite_unsat.smt2,7.21741,264,1986,成功
/pub/data/jiafq/iscas/Parser_Comparison/../benchmarks/part51/non-incremental/QF_LIA/rings/ring_2exp16_5vars_3ite_unsat.smt2,7.40552,264,4066,成功
/pub/data/jiafq/iscas/Parser_Comparison/../benchmarks/part51/non-incremental/QF_LIA/rings/ring_2exp16_5vars_4ite_unsat.smt2,7.16996,264,4308,成功
/pub/data/jiafq/iscas/Parser_Comparison/../benchmarks/part51/non-incremental/QF_LIA/rings/ring_2exp16_6vars_0ite_unsat.smt2,9.38058,264,2084,成功
/pub/data/jiafq/iscas/Parser_Comparison/../benchmarks/part51/non-incremental/QF_LIA/rings/ring_2exp16_6vars_1ite_unsat.smt2,9.22871,264,2550,成功
/pub/data/jiafq/iscas/Parser_Comparison/../benchmarks/part51/non-incremental/QF_LIA/rings/ring_2exp16_6vars_2ite_unsat.smt2,9.27687,264,2692,成功
/pub/data/jiafq/iscas/Parser_Comparison/../benchmarks/part51/non-incremental/QF_LIA/rings/ring_2exp16_6vars_3ite_unsat.smt2,9.07636,264,5600,成功
/pub/data/jiafq/iscas/Parser_Comparison/../benchmarks/part51/non-incremental/QF_LIA/rings/ring_2exp16_6vars_4ite_unsat.smt2,9.31311,264,5962,成功
/pub/data/jiafq/iscas/Parser_Comparison/../benchmarks/part51/non-incremental/QF_LIA/rings/ring_2exp16_6vars_5ite_unsat.smt2,9.29236,264,17192,成功
/pub/data/jiafq/iscas/Parser_Comparison/../benchmarks/part51/non-incremental/QF_LIA/rings/ring_2exp16_7vars_0ite_unsat.smt2,11.1272,264,2754,成功
/pub/data/jiafq/iscas/Parser_Comparison/../benchmarks/part51/non-incremental/QF_LIA/rings/ring_2exp16_7vars_1ite_unsat.smt2,11.0338,264,3328,成功
/pub/data/jiafq/iscas/Parser_Comparison/../benchmarks/part51/non-incremental/QF_LIA/rings/ring_2exp16_7vars_2ite_unsat.smt2,11.3158,264,3470,成功
/pub/data/jiafq/iscas/Parser_Comparison/../benchmarks/part51/non-incremental/QF_LIA/rings/ring_2exp16_7vars_3ite_unsat.smt2,11.1523,264,7206,成功
/pub/data/jiafq/iscas/Parser_Comparison/../benchmarks/part51/non-incremental/QF_LIA/rings/ring_2exp16_7vars_4ite_unsat.smt2,11.4193,264,7568,成功
/pub/data/jiafq/iscas/Parser_Comparison/../benchmarks/part51/non-incremental/QF_LIA/rings/ring_2exp16_7vars_5ite_unsat.smt2,11.0266,264,23226,成功
/pub/data/jiafq/iscas/Parser_Comparison/../benchmarks/part51/non-incremental/QF_LIA/rings/ring_2exp16_7vars_6ite_unsat.smt2,11.3735,264,24028,成功
/pub/data/jiafq/iscas/Parser_Comparison/../benchmarks/part51/non-incremental/QF_LIA/rings/ring_2exp16_8vars_0ite_unsat.smt2,13.1891,264,3496,成功
/pub/data/jiafq/iscas/Parser_Comparison/../benchmarks/part51/non-incremental/QF_LIA/rings/ring_2exp16_8vars_1ite_unsat.smt2,13.0153,264,4178,成功
平均值,1850.18,24818.9,200356,24.1667%
